c ---- [ banner ] ------------------------------------------------------------
c
c Kissat SAT Solver
c 
c Copyright (c) 2021-2024 Armin Biere University of Freiburg
c Copyright (c) 2019-2021 Armin Biere Johannes Kepler University Linz
c 
c Version 4.0.0 unknown
c gcc (Ubuntu 13.3.0-6ubuntu2~24.04.1) 13.3.0 -W -Wall -O3 -DNDEBUG
c Mon Aug 3 21:56:23 UTC 2026 Linux runnervmvrwv9 6.17.0-1020-azure x86_64
c
c ---- [ proving ] -----------------------------------------------------------
c
c opened and writing proof to DRAT file:
c
c   borsuk_11_k6_q00r00_sixth_base_colorability_screen/work/results/q00r00-s014/q00r00-s014.drat
c
c ---- [ parsing ] -----------------------------------------------------------
c
c opened and reading DIMACS file:
c
c   borsuk_11_k6_q00r00_sixth_base_colorability_screen/work/input/instances/cases/q00r00-s014/q00r00-s014_12color.cnf
c
c parsed 'p cnf 2223 92755' header
c closing input after reading 1218055 bytes (1 MB)
c finished parsing after 0.01 seconds
c
c ---- [ solving ] -----------------------------------------------------------
c
c  seconds switched rate     size/glue tier1  binary       remaining
c         MB reductions conflicts size  tier2    irredundant
c          level restarts redundant glue  trail       variables
c
c *  0.01  5 0 0 0  0 0   0   0 0.0 0 0 0 0 0% 92437 308 2213 100%
c (  0.01  5 0 0 0  0 0   0   0 0.0 0 0 0 0 0% 92437 308 2213 100%
c .  0.01  5 0 0 0  0 0   0   0 0.0 0 0 0 0 0% 92437 308 2213 100%
c f  0.16  8 0 0 0  0 0   0   0 0.0 0 0 0 0 0% 39362 308 7554 340%
c e  0.16  7 0 0 0  0 0   0   0 0.0 0 0 0 0 0% 41718 841 5094 229%
c )  0.16  7 0 0 0  0 0   0   0 0.0 0 0 0 0 0% 41718 841 5094 229%
c {  0.16  7 0 0 0  0 0   0   0 0.0 0 0 2 6 0% 41718 841 5094 229%
c -  0.19  7 19 0 1  8 2 1000 676 1.7 18 10 9 13 36% 41718 841 5094 229%
c }  0.19  7 19 1 1  8 2 1000 676 1.7 18 10 9 13 36% 41718 841 5094 229%
c [  0.19  7 0 1 1  8 0 1000 676 0.0 0 0 2 6 0% 41718 841 5094 229%
c B  0.19  7 17 1 1  8 4 1001 677 1.1 12 11 2 6 36% 41718 841 5094 229%
c ]  0.22  7 19 2 1  8 1 1917 1463 1.7 16 10 2 6 36% 41718 841 5094 229%
c {  0.22  7 19 2 1  8 2 1917 1463 1.7 18 10 9 13 36% 41718 841 5094 229%
c -  0.23  7 19 2 2  8 2 2002 1223 1.7 17 10 9 13 36% 41718 841 5094 229%
c u  0.25  7 17 2 2  8 1 2562 1399 1.7 17 9 9 13 36% 41718 841 5094 229%
c v  0.26  7 17 2 2  8 1 2562 1277 1.7 17 9 9 13 36% 41718 841 5094 229%
c f  0.28  8 17 2 2  8 1 2562 1277 1.7 17 9 9 13 36% 38463 841 7285 328%
c u  0.30  8 17 2 2  8 1 2562 1231 1.7 17 9 9 13 36% 38463 841 7285 328%
c v  0.30  8 17 2 2  8 1 2562 1219 1.7 17 9 9 13 36% 38463 841 7285 328%
c }  0.35  8 17 3 2 28 2 2918 1547 1.7 16 9 9 13 34% 38463 841 7285 328%
c
c  seconds  switched rate       size/glue  tier1    binary       remaining
c         MB reductions conflicts     size   tier2     irredundant
c          level restarts  redundant     glue   trail       variables
c
c [  0.35  8 19 3 2 28 1 2918 1547 1.7 16 10 2 6 36% 38463 841 7285 328%
c W  0.35  8 19 3 2 28 1 2918 1547 1.7 16 10 2 6 36% 38463 841 7285 328%
c -  0.37  8 18 3 3 28 1 3416 1909 1.7 17 10 9 12 33% 38463 841 7285 328%
c ]  0.39  8 17 4 3 28 1 3800 2274 1.8 17 10 9 12 32% 38463 841 7285 328%
c {  0.39  8 17 4 3 28 2 3800 2274 1.7 16 9 9 13 34% 38463 841 7285 328%
c -  0.44  8 21 4 4 253 3 5149 3295 1.7 17 10 9 12 31% 38463 841 7285 328%
c }  0.48  8 21 5 4 270 3 6154 4232 1.7 17 10 9 12 30% 38463 841 7285 328%
c [  0.48  8 17 5 4 270 1 6154 4232 1.8 17 10 9 12 32% 38463 841 7285 328%
c I  0.48  8 17 5 4 270 1 6154 4232 1.8 17 10 9 12 32% 38463 841 7285 328%
c -  0.52 10 31 5 5 270 1 7149 4752 2.3 26 12 9 16 30% 38463 841 7285 328%
c u  0.56 10 35 5 5 271 1 7917 5479 2.0 26 13 9 16 30% 38463 841 7285 328%
c v  0.57 10 35 5 5 271 1 7917 5453 2.0 26 13 9 16 30% 38463 841 7285 328%
c w  0.57 11 35 5 5 271 1 7917 5448 2.0 26 13 9 16 30% 38463 841 7285 328%
c ]  0.61 11 34 6 5 272 1 8538 6029 1.9 26 14 9 16 29% 38463 841 7285 328%
c {  0.61 11 21 6 5 272 3 8538 6029 1.7 17 10 9 12 30% 38463 841 7285 328%
c -  0.65 11 27 6 6 462 5 9385 6011 1.8 18 10 9 12 30% 38463 841 7285 328%
c o  0.68 11 29 6 6 480 5 10131 6705 1.8 18 10 9 12 29% 38463 841 7285 328%
c -  0.76 11 34 6 7 706 6 11835 7478 1.8 18 10 9 12 29% 38463 841 7285 328%
c }  0.79 11 35 7 7 750 6 12607 8212 1.8 18 10 9 12 29% 38463 841 7285 328%
c [  0.79 11 34 7 7 750 1 12607 8212 1.9 26 14 9 16 29% 38463 841 7285 328%
c
c  seconds  switched  rate        size/glue  tier1     binary       remaining
c         MB reductions conflicts       size   tier2      irredundant
c          level restarts    redundant     glue    trail       variables
c
c B  0.79 11 34 7 7 750 1 12607 8212 1.9 26 14 9 16 29% 38463 841 7285 328%
c e  0.82 11 33 7 7 750 1 12812 8388 1.9 25 14 9 16 29% 34416 4148 6865 309%
c ^  0.82 11 33 7 7 750 1 12812 8388 1.9 25 14 9 16 29% 34416 4148 6865 309%
c -  0.90 12 29 7 8 751 1 14480 2917 1.8 24 13 10 19 29% 34416 4148 6865 309%
c u  1.00 12 27 7 8 752 1 16233 4370 1.8 23 13 10 19 29% 34416 4148 6865 309%
c v  1.02 12 27 7 8 752 1 16233 4243 1.8 23 13 10 19 29% 34416 4148 6865 309%
c w  1.02 12 27 7 8 752 1 16233 3820 1.8 23 13 10 19 29% 34416 4148 6865 309%
c f  1.04 12 27 7 8 752 1 16233 3820 1.8 23 13 10 19 29% 34408 4148 6869 309%
c u  1.06 12 27 7 8 752 1 16233 3741 1.8 23 13 10 19 29% 34408 4148 6869 309%
c v  1.08 12 27 7 8 752 1 16233 3505 1.8 23 13 10 19 29% 34408 4148 6869 309%
c w  1.08 12 27 7 8 752 1 16233 3487 1.8 23 13 10 19 29% 34408 4148 6869 309%
c ]  1.15 12 27 8 8 752 1 16251 3501 1.8 23 13 10 19 29% 34408 4148 6869 309%
c {  1.15 12 35 8 8 752 6 16251 3501 1.8 18 10 9 12 29% 34408 4148 6869 309%
c -  1.21 12 34 8 9 920 6 17308 4332 1.8 19 10 9 12 28% 34408 4148 6869 309%
c -  1.35 12 32 8 10 1166 6 20309 6748 1.9 19 10 9 12 28% 34408 4148 6869 309%
c o  1.38 12 32 8 10 1168 6 20970 7393 1.9 19 10 9 12 28% 34408 4148 6869 309%
c }  1.45 12 31 9 10 1270 5 22410 8754 1.8 19 10 9 12 28% 34408 4148 6869 309%
c [  1.45 12 27 9 10 1270 1 22410 8754 1.8 23 13 10 19 29% 34408 4148 6869 309%
c W  1.46 12 27 9 10 1270 1 22410 8754 1.8 23 13 10 19 29% 34408 4148 6869 309%
c -  1.51 12 26 9 11 1271 1 23473 8603 1.8 23 13 10 17 29% 34408 4148 6869 309%
c
c  seconds  switched    rate         size/glue  tier1      binary        remaining
c         MB  reductions  conflicts        size    tier2      irredundant
c          level   restarts     redundant     glue     trail        variables
c
c e  1.63 12 25 9 11 1272 1 25698 10710 1.7 23 13 10 17 29% 34604 5192 5434 244%
c ^  1.64 12 25 9 11 1272 1 25698 10710 1.7 23 13 10 17 29% 34604 5192 5434 244%
c -  1.70 12 25 9 12 1273 1 26790 8183 1.7 23 13 10 17 29% 34604 5192 5434 244%
c u  1.76 12 24 9 12 1274 1 27701 8975 1.7 23 13 10 17 29% 34604 5192 5434 244%
c v  1.78 16 24 9 12 1274 1 27701 8945 1.7 23 13 10 17 29% 34604 5192 5434 244%
c w  1.79 16 24 9 12 1274 1 27701 8905 1.7 23 13 10 17 29% 34604 5192 5434 244%
c x  1.80 16 24 9 12 1274 1 27701 8904 1.7 23 13 10 17 29% 34604 5192 5434 244%
c f  1.81 12 24 9 12 1274 1 27701 8904 1.7 23 13 10 17 29% 34359 5185 5518 248%
c u  1.84 14 24 9 12 1274 1 27701 8852 1.7 23 13 10 17 29% 34359 5185 5518 248%
c v  1.86 14 24 9 12 1274 1 27701 8719 1.7 23 13 10 17 29% 34359 5185 5518 248%
c w  1.87 14 24 9 12 1274 1 27701 8676 1.7 23 13 10 17 29% 34359 5185 5518 248%
c ]  1.92 13 24 10 12 1274 1 28451 9347 1.7 23 13 10 17 29% 34359 5185 5518 248%
c {  1.92 13 31 10 12 1274 5 28451 9347 1.8 19 10 9 12 28% 34359 5185 5518 248%
c -  2.01 14 30 10 13 1350 5 30254 9735 1.8 19 10 9 13 28% 34359 5185 5518 248%
c -  2.17 14 27 10 14 1476 5 33861 11366 1.8 19 10 9 12 29% 34359 5185 5518 248%
c }  2.32 16 27 11 14 1746 5 37078 14431 1.8 19 11 9 12 29% 34359 5185 5518 248%
c [  2.32 16 24 11 14 1746 1 37078 14431 1.7 23 13 10 17 29% 34359 5185 5518 248%
c O  2.32 16 24 11 14 1746 1 37078 14431 1.7 23 13 10 17 29% 34359 5185 5518 248%
c -  2.35 16 23 11 15 1746 1 37602 12857 1.7 22 13 10 16 30% 34359 5185 5518 248%
c -  2.54 14 22 11 16 1749 1 41475 14452 1.7 22 13 10 16 30% 34359 5185 5518 248%
c
c  seconds   switched    rate         size/glue  tier1      binary        remaining
c         MB   reductions  conflicts        size    tier2      irredundant
c          level    restarts     redundant     glue     trail        variables
c
c u  2.62 16 22 11 16 1750 1 42445 15253 1.7 22 13 10 16 30% 34359 5185 5518 248%
c v  2.65 16 22 11 16 1750 1 42445 14609 1.7 22 13 10 16 30% 34359 5185 5518 248%
c w  2.66 16 22 11 16 1750 1 42445 14066 1.7 22 13 10 16 30% 34359 5185 5518 248%
c o  2.67 16 22 11 16 1750 1 42445 14066 1.7 22 13 10 16 30% 34359 5185 5518 248%
c ]  2.80 14 27 12 16 1752 1 45389 16888 1.7 22 13 10 17 31% 34359 5185 5518 248%
c {  2.80 14 27 12 16 1752 5 45389 16888 1.8 19 11 9 12 29% 34359 5185 5518 248%
c -  2.81 14 27 12 17 1766 5 45476 14499 1.8 19 11 9 13 29% 34359 5185 5518 248%
c -  3.01 16 27 12 18 2061 5 49601 16546 1.8 19 11 9 13 29% 34359 5185 5518 248%
c e  3.22 10 26 12 18 2308 4 53578 20368 1.8 19 11 9 13 30% 34438 6082 4873 219%
c ^  3.23 10 26 12 18 2308 4 53578 20368 1.8 19 11 9 13 30% 34438 6082 4873 219%
c -  3.24 12 26 12 19 2308 4 53843 13826 1.8 19 11 9 13 30% 34438 6082 4873 219%
c }  3.38 12 26 13 19 2521 4 56868 16737 1.8 19 11 9 13 30% 34438 6082 4873 219%
c [  3.38 12 27 13 19 2521 1 56868 16737 1.7 22 13 10 17 31% 34438 6082 4873 219%
c B  3.38 12 27 13 19 2521 1 56868 16737 1.7 22 13 10 17 31% 34438 6082 4873 219%
c -  3.45 14 29 13 20 2522 1 58203 16139 1.7 23 14 10 17 31% 34438 6082 4873 219%
c u  3.60 14 28 13 20 2523 1 60585 18220 1.7 23 13 10 17 31% 34438 6082 4873 219%
c v  3.63 14 28 13 20 2523 1 60585 18043 1.7 23 13 10 17 31% 34438 6082 4873 219%
c w  3.64 14 28 13 20 2523 1 60585 17896 1.7 23 13 10 17 31% 34438 6082 4873 219%
c f  3.78 14 28 13 20 2523 1 60585 17896 1.7 23 13 10 17 31% 34433 6082 4874 219%
c u  3.81 14 28 13 20 2523 1 60585 17773 1.7 23 13 10 17 31% 34433 6082 4874 219%
c
c  seconds   switched    rate         size/glue  tier1      binary        remaining
c         MB   reductions  conflicts        size    tier2      irredundant
c          level    restarts     redundant     glue     trail        variables
c
c v  3.83 14 28 13 20 2523 1 60585 17715 1.7 23 13 10 17 31% 34433 6082 4874 219%
c w  3.84 14 28 13 20 2523 1 60585 17704 1.7 23 13 10 17 31% 34433 6082 4874 219%
c x  3.86 14 28 13 20 2523 1 60585 17703 1.7 23 13 10 17 31% 34433 6082 4874 219%
c -  3.97 15 27 13 21 2525 1 62676 17959 1.7 22 13 10 16 31% 34433 6082 4874 219%
c -  4.19 15 26 13 22 2527 1 67258 20163 1.8 22 13 9 16 32% 34433 6082 4874 219%
c ]  4.25 15 26 14 22 2527 1 68496 21358 1.8 23 13 9 16 32% 34433 6082 4874 219%
c {  4.25 15 26 14 22 2527 4 68496 21358 1.8 19 11 9 13 30% 34433 6082 4874 219%
c -  4.41 15 25 14 23 2733 4 71948 22059 1.8 19 11 9 13 30% 34433 6082 4874 219%
c o  4.44 15 25 14 23 2761 4 72452 22521 1.8 19 11 9 13 30% 34433 6082 4874 219%
c -  4.67 15 25 14 24 3066 4 76743 24197 1.8 19 11 9 13 31% 34433 6082 4874 219%
c -  4.90 16 25 14 25 3360 4 81644 26495 1.8 19 11 9 13 31% 34433 6082 4874 219%
c u  4.98 16 25 14 25 3408 4 82219 26946 1.8 19 11 9 13 31% 34433 6082 4874 219%
c v  5.02 16 25 14 25 3408 4 82219 26682 1.8 19 11 9 13 31% 34433 6082 4874 219%
c w  5.04 16 25 14 25 3408 4 82219 26675 1.8 19 11 9 13 31% 34433 6082 4874 219%
c }  5.09 16 25 15 25 3440 4 83212 27624 1.8 19 11 9 13 31% 34433 6082 4874 219%
c [  5.09 16 26 15 25 3440 1 83212 27624 1.8 23 13 9 16 32% 34433 6082 4874 219%
c W  5.11 16 26 15 25 3440 1 83212 27624 1.8 23 13 9 16 32% 34433 6082 4874 219%
c -  5.28 16 26 15 26 3442 1 86644 28035 1.8 23 13 9 16 32% 34433 6082 4874 219%
c -  5.54 16 25 15 27 3446 1 91745 29879 1.8 23 13 9 16 32% 34433 6082 4874 219%
c ]  5.81 16 24 16 27 3448 1 96934 34612 1.8 23 13 9 16 33% 34433 6082 4874 219%
c
c  seconds   switched    rate         size/glue  tier1     binary        remaining
c         MB   reductions  conflicts        size   tier2      irredundant
c          level    restarts     redundant     glue    trail        variables
c
c {  5.81 16 25 16 27 3448 4 96934 34612 1.8 19 11 9 13 31% 34433 6082 4874 219%
c -  5.82 16 25 16 28 3448 4 96943 31773 1.8 19 11 9 13 31% 34433 6082 4874 219%
c e  5.93 16 25 16 28 3552 4 98439 33195 1.8 19 11 9 13 31% 35938 7642 3905 176%
c ^  5.93 16 25 16 28 3552 4 98439 33195 1.8 19 11 9 13 31% 35938 7642 3905 176%
c -  6.12 17 24 16 29 3717 4 102235 26700 1.8 19 11 9 13 32% 35938 7642 3905 176%
c u  6.42 17 24 16 29 3965 4 107501 31176 1.8 19 11 9 13 33% 35938 7642 3905 176%
c v  6.47 17 24 16 29 3965 4 107501 30431 1.8 19 11 9 13 33% 35938 7642 3905 176%
c w  6.49 17 24 16 29 3965 4 107501 30219 1.8 19 11 9 13 33% 35938 7642 3905 176%
c -  6.53 17 24 16 30 3966 4 107620 28403 1.8 19 11 9 13 33% 35938 7642 3905 176%
c o  6.75 17 24 16 30 4199 4 112453 33019 1.8 19 11 9 13 33% 35938 7642 3905 176%
c -  6.78 17 24 16 31 4225 4 113097 31295 1.8 19 11 9 13 33% 35938 7642 3905 176%
c }  6.89 17 23 17 31 4338 4 115271 33401 1.8 19 11 9 13 33% 35938 7642 3905 176%
c [  6.89 17 24 17 31 4338 1 115271 33401 1.8 23 13 9 16 33% 35938 7642 3905 176%
c I  6.89 17 24 17 31 4338 1 115271 33401 1.8 23 13 9 16 33% 35938 7642 3905 176%
c -  7.06 17 27 17 32 4340 1 118664 32955 1.7 24 14 9 17 33% 35938 7642 3905 176%
c -  7.34 18 27 17 33 4344 1 124324 34186 1.8 25 14 9 17 34% 35938 7642 3905 176%
c -  7.66 18 27 17 34 4347 1 130068 36456 1.9 26 14 9 17 34% 35938 7642 3905 176%
c ]  7.77 18 27 18 34 4348 1 132056 38330 1.9 26 14 9 17 34% 35938 7642 3905 176%
c {  7.77 18 23 18 34 4348 4 132056 38330 1.8 19 11 9 13 33% 35938 7642 3905 176%
c -  7.97 20 23 18 35 4365 4 135899 38850 1.8 19 11 9 13 34% 35938 7642 3905 176%
c
c  seconds   switched    rate          size/glue  tier1     binary        remaining
c         MB   reductions  conflicts         size   tier2      irredundant
c          level    restarts      redundant     glue    trail        variables
c
c u  8.07 26 23 18 35 4365 4 136387 39270 1.8 19 11 9 13 34% 35938 7642 3905 176%
c v  8.13 26 23 18 35 4365 4 136387 39111 1.8 19 11 9 13 34% 35938 7642 3905 176%
c w  8.15 26 23 18 35 4365 4 136387 39111 1.8 19 11 9 13 34% 35938 7642 3905 176%
c -  8.43 23 21 18 36 4366 3 141815 41110 1.8 18 10 9 12 34% 35938 7642 3905 176%
c -  8.75 23 20 18 37 4366 3 147816 43236 1.8 18 10 9 12 35% 35938 7642 3905 176%
c -  9.10 24 19 18 38 4366 3 153898 38505 1.7 18 10 8 12 35% 35938 7642 3905 176%
c }  9.13 24 19 19 38 4366 3 154401 38985 1.7 18 10 8 12 35% 35938 7642 3905 176%
c [  9.13 24 27 19 38 4366 1 154401 38985 1.9 26 14 9 17 34% 35938 7642 3905 176%
c B  9.13 24 27 19 38 4366 1 154401 38985 1.9 26 14 9 17 34% 35938 7642 3905 176%
c -  9.42 23 27 19 39 4370 1 160064 37936 1.8 26 14 9 18 35% 35938 7642 3905 176%
c e  9.56 21 27 19 39 4371 1 161916 39694 1.8 26 14 9 18 35% 38070 9604 3256 146%
c ^  9.57 21 27 19 39 4371 1 161916 39694 1.8 26 14 9 18 35% 38070 9604 3256 146%
c -  9.78 23 27 19 40 4372 1 166311 29878 1.8 26 14 9 18 35% 38070 9604 3256 146%
c u 10.00 20 27 19 40 4375 1 169086 32445 1.8 26 14 9 18 36% 38070 9604 3256 146%
c v 10.07 20 27 19 40 4375 1 169086 32354 1.8 26 14 9 18 36% 38070 9604 3256 146%
c w 10.10 26 27 19 40 4375 1 169086 31790 1.8 26 14 9 18 36% 38070 9604 3256 146%
c o 10.43 26 27 19 40 4375 1 169086 31790 1.8 26 14 9 18 36% 38070 9604 3256 146%
c - 10.59 22 32 19 41 4377 1 172636 31503 1.8 26 15 9 18 36% 38070 9604 3256 146%
c W 10.73 20 31 19 41 4379 1 175313 34120 1.8 26 15 9 18 37% 38070 9604 3256 146%
c ] 10.86 20 31 20 41 4379 1 178193 36889 1.8 26 15 9 18 37% 38070 9604 3256 146%
c
c  seconds   switched    rate          size/glue  tier1     binary        remaining
c         MB   reductions  conflicts         size   tier2      irredundant
c          level    restarts      redundant     glue    trail        variables
c
c { 10.86 20 19 20 41 4379 3 178193 36889 1.7 18 10 8 12 35% 38070 9604 3256 146%
c - 10.91 20 19 20 42 4402 3 179039 33747 1.7 18 10 8 12 35% 38070 9604 3256 146%
c - 11.23 26 19 20 43 4739 3 185519 36208 1.8 18 10 8 12 36% 38070 9604 3256 146%
c - 11.56 23 19 20 44 5115 3 192079 37937 1.8 18 10 8 12 36% 38070 9604 3256 146%
c - 11.92 24 20 20 45 5701 3 198713 39901 1.8 18 10 8 12 37% 38070 9604 3256 146%
c } 12.26 26 20 21 45 6361 3 204933 45746 1.8 18 10 8 12 38% 38070 9604 3256 146%
c [ 12.26 26 31 21 45 6361 1 204933 45746 1.8 26 15 9 18 37% 38070 9604 3256 146%
c O 12.26 26 31 21 45 6361 1 204933 45746 1.8 26 15 9 18 37% 38070 9604 3256 146%
c - 12.29 26 31 21 46 6361 1 205422 41801 1.8 26 15 9 18 37% 38070 9604 3256 146%
c u 12.37 26 31 21 46 6361 1 205529 40057 1.8 26 15 9 18 37% 38070 9604 3256 146%
c v 12.42 26 31 21 46 6361 1 205529 39800 1.8 26 15 9 18 37% 38070 9604 3256 146%
c w 12.44 26 31 21 46 6361 1 205529 39749 1.8 26 15 9 18 37% 38070 9604 3256 146%
c - 12.81 23 29 21 47 6366 1 212204 41220 1.8 25 14 9 18 38% 38070 9604 3256 146%
c - 13.18 24 28 21 48 6369 1 219060 42982 1.8 25 14 9 18 39% 38070 9604 3256 146%
c - 13.58 26 27 21 49 6374 1 225989 44244 1.8 25 14 9 18 39% 38070 9604 3256 146%
c ] 13.83 23 27 22 49 6375 1 230381 48500 1.8 25 14 9 18 39% 38070 9604 3256 146%
c { 13.83 23 20 22 49 6375 3 230381 48500 1.8 18 10 8 12 38% 38070 9604 3256 146%
c o 13.83 23 20 22 49 6381 3 230411 48530 1.8 18 10 8 12 38% 38070 9604 3256 146%
c - 14.09 26 21 22 50 7075 4 232989 44996 1.8 18 10 8 12 38% 38070 9604 3256 146%
c - 14.79 26 25 22 51 8961 5 240060 45847 1.8 19 11 9 12 38% 38070 9604 3256 146%
c
c  seconds   switched     rate          size/glue  tier1     binary         remaining
c         MB   reductions   conflicts         size   tier2       irredundant
c          level    restarts       redundant     glue    trail         variables
c
c e 15.40 21 27 22 51 10336 6 245547 51301 1.8 19 11 9 12 39% 41599 12347 2743 123%
c ! 15.40 21 27 22 51 10336 6 245547 51301 1.8 19 11 9 12 39% 41599 12347 2743 123%
c u 15.56 24 27 22 51 10415 6 245918 30066 1.8 19 11 9 12 39% 41599 12347 2743 123%
c v 15.66 26 27 22 51 10415 6 245918 29859 1.8 19 11 9 12 39% 41599 12347 2743 123%
c w 15.70 26 27 22 51 10415 6 245918 29720 1.8 19 11 9 12 39% 41599 12347 2743 123%
c f 15.78 20 27 22 51 10415 6 245918 29720 1.8 19 11 9 12 39% 40893 12236 2788 125%
c u 15.90 23 27 22 51 10415 6 245918 29513 1.8 19 11 9 12 39% 40893 12236 2788 125%
c v 15.99 24 27 22 51 10415 6 245918 29365 1.8 19 11 9 12 39% 40893 12236 2788 125%
c w 16.03 24 27 22 51 10415 6 245918 29350 1.8 19 11 9 12 39% 40893 12236 2788 125%
c - 16.17 24 28 22 52 10694 6 247202 27366 1.8 20 11 9 12 39% 40893 12236 2788 125%
c - 16.81 23 30 22 53 12224 6 254413 30630 1.8 20 11 9 13 39% 40893 12236 2788 125%
c - 17.49 23 33 22 54 13718 7 261693 33354 1.8 21 12 9 13 40% 40893 12236 2788 125%
c } 17.50 23 33 23 54 13761 7 261897 33558 1.8 21 12 9 13 40% 40893 12236 2788 125%
c [ 17.50 23 27 23 54 13761 1 261897 33558 1.8 25 14 9 18 39% 40893 12236 2788 125%
c B 17.50 23 27 23 54 13761 1 261897 33558 1.8 25 14 9 18 39% 40893 12236 2788 125%
c - 17.89 24 26 23 55 13766 1 269041 35405 1.8 24 13 9 17 40% 40893 12236 2788 125%
c - 18.32 26 25 23 56 13770 1 276459 37856 1.8 24 13 9 17 41% 40893 12236 2788 125%
c - 18.77 24 24 23 57 13774 1 283943 40143 1.8 23 13 9 17 42% 40893 12236 2788 125%
c u 19.27 26 24 23 57 13775 1 290138 40690 1.8 23 13 9 17 42% 40893 12236 2788 125%
c v 19.40 26 24 23 57 13775 1 290138 34590 1.8 23 13 9 17 42% 40893 12236 2788 125%
c
c  seconds   switched     rate          size/glue  tier1     binary         remaining
c         MB   reductions   conflicts         size   tier2       irredundant
c          level    restarts       redundant     glue    trail         variables
c
c w 19.44 26 24 23 57 13775 1 290138 32979 1.8 23 13 9 17 42% 40893 12236 2788 125%
c - 19.54 22 23 23 58 13775 1 291492 32144 1.8 23 13 9 16 42% 40893 12236 2788 125%
c W 19.68 20 23 23 58 13775 1 293349 33788 1.8 23 13 9 16 42% 40893 12236 2788 125%
c - 20.01 20 24 23 59 13779 1 299108 36461 1.8 23 13 9 17 43% 40893 12236 2788 125%
c - 20.48 26 24 23 60 13782 1 306789 40374 1.8 23 13 9 17 44% 40893 12236 2788 125%
c ] 20.89 26 24 24 60 13788 1 313822 47177 1.8 23 13 9 17 44% 40893 12236 2788 125%
c { 20.89 26 33 24 60 13788 7 313822 47177 1.8 21 12 9 13 40% 40893 12236 2788 125%
c o 20.90 26 33 24 60 13794 7 313847 47202 1.8 21 12 9 13 40% 40893 12236 2788 125%
c - 20.94 26 33 24 61 13803 7 314535 43072 1.8 21 12 9 13 40% 40893 12236 2788 125%
c - 21.35 26 31 24 62 13891 6 322346 44922 1.8 21 12 9 13 41% 40893 12236 2788 125%
c - 21.75 26 30 24 63 13945 6 330221 46640 1.8 20 12 9 13 41% 40893 12236 2788 125%
c - 22.14 26 29 24 64 13971 5 338158 48912 1.8 20 11 9 13 42% 40893 12236 2788 125%
c u 22.28 26 28 24 64 13971 5 338435 48628 1.8 20 11 9 13 42% 40893 12236 2788 125%
c v 22.39 26 28 24 64 13971 5 338435 47550 1.8 20 11 9 13 42% 40893 12236 2788 125%
c w 22.42 26 28 24 64 13971 5 338435 47250 1.8 20 11 9 13 42% 40893 12236 2788 125%
c - 22.83 26 27 24 65 14035 5 346158 49981 1.8 20 11 9 13 42% 40893 12236 2788 125%
c } 23.05 26 27 25 65 14098 5 350499 53790 1.8 20 11 9 13 42% 40893 12236 2788 125%
c [ 23.05 26 24 25 65 14098 1 350499 53790 1.8 23 13 9 17 44% 40893 12236 2788 125%
c I 23.05 26 24 25 65 14098 1 350499 53790 1.8 23 13 9 17 44% 40893 12236 2788 125%
c e 23.07 21 24 25 65 14098 1 350612 53902 1.8 23 13 9 17 44% 40953 12238 2784 125%
c
c  seconds   switched     rate          size/glue  tier1     binary         remaining
c         MB   reductions   conflicts         size   tier2       irredundant
c          level    restarts       redundant     glue    trail         variables
c
c - 23.26 24 24 25 66 14100 1 354221 52975 1.8 24 13 9 17 45% 40953 12238 2784 125%
c - 23.74 26 24 25 67 14104 1 362346 56931 1.8 24 13 9 17 45% 40953 12238 2784 125%
c - 24.22 26 24 25 68 14110 1 370531 60519 1.8 23 13 9 17 45% 40953 12238 2784 125%
c - 24.70 26 23 25 69 14112 1 378778 62677 1.8 23 13 9 17 45% 40953 12238 2784 125%
c ] 24.89 26 23 26 69 14112 1 382015 65761 1.8 23 13 9 17 45% 40953 12238 2784 125%
c { 24.89 26 27 26 69 14112 5 382015 65761 1.8 20 11 9 13 42% 40953 12238 2784 125%
c - 25.16 26 26 26 70 14130 5 387085 64655 1.8 20 11 9 13 42% 40953 12238 2784 125%
c u 25.51 22 26 26 70 14160 5 390890 67689 1.8 19 11 9 13 43% 40953 12238 2784 125%
c v 25.63 23 26 26 70 14160 5 390890 66244 1.8 19 11 9 13 43% 40953 12238 2784 125%
c w 25.67 23 26 26 70 14160 5 390890 65422 1.8 19 11 9 13 43% 40953 12238 2784 125%
c o 26.36 23 25 26 70 14207 4 394883 69196 1.8 19 11 9 13 43% 40953 12238 2784 125%
c - 26.40 23 25 26 71 14224 4 395451 65177 1.8 19 11 9 13 43% 40953 12238 2784 125%
c - 26.85 23 25 26 72 14316 4 403877 68836 1.8 19 11 9 13 43% 40953 12238 2784 125%
c - 27.29 23 24 26 73 14413 4 412364 72019 1.8 19 11 9 13 43% 40953 12238 2784 125%
c - 27.76 23 23 26 74 14567 4 420908 74729 1.8 19 11 9 13 44% 40953 12238 2784 125%
c } 27.94 23 23 27 74 14637 4 424234 77776 1.7 19 11 9 13 44% 40953 12238 2784 125%
c [ 27.94 23 23 27 74 14637 1 424234 77776 1.8 23 13 9 17 45% 40953 12238 2784 125%
c B 27.94 23 23 27 74 14637 1 424234 77776 1.8 23 13 9 17 45% 40953 12238 2784 125%
c - 28.24 24 23 27 75 14641 1 429510 76635 1.8 24 13 9 17 45% 40953 12238 2784 125%
c - 28.76 24 24 27 76 14645 1 438172 78139 1.8 24 13 9 17 45% 40953 12238 2784 125%
c
c  seconds   switched     rate          size/glue  tier1     binary         remaining
c         MB   reductions   conflicts         size   tier2       irredundant
c          level    restarts       redundant     glue    trail         variables
c
c - 29.32 24 24 27 77 14650 1 446889 79300 1.8 24 13 9 17 45% 40953 12238 2784 125%
c u 29.50 24 24 27 77 14650 1 447548 79894 1.8 24 13 9 17 45% 40953 12238 2784 125%
c v 29.60 25 24 27 77 14650 1 447548 79857 1.8 24 13 9 17 45% 40953 12238 2784 125%
c w 29.64 25 24 27 77 14650 1 447548 79844 1.8 24 13 9 17 45% 40953 12238 2784 125%
c - 30.25 31 23 27 78 14651 1 455663 81355 1.8 24 13 9 17 46% 40953 12238 2784 125%
c ] 30.55 31 23 28 78 14654 1 460265 85760 1.8 24 13 9 17 46% 40953 12238 2784 125%
c { 30.55 31 23 28 78 14654 4 460265 85760 1.7 19 11 9 13 44% 40953 12238 2784 125%
c - 30.81 35 23 28 79 14704 4 464494 83653 1.7 19 11 9 13 44% 40953 12238 2784 125%
c - 31.31 33 22 28 80 14798 4 473382 85608 1.8 19 11 9 12 44% 40953 12238 2784 125%
c - 31.83 34 22 28 81 14982 3 482328 87447 1.8 19 11 9 12 44% 40953 12238 2784 125%
c o 32.00 34 22 28 81 15036 3 485248 90173 1.8 19 11 9 12 44% 40953 12238 2784 125%
c - 32.37 35 22 28 82 15272 3 491332 90656 1.7 18 11 9 12 45% 40953 12238 2784 125%
c - 32.89 34 21 28 83 15399 3 500387 93962 1.7 18 11 9 12 45% 40953 12238 2784 125%
c } 33.36 34 21 29 83 15594 3 508405 101498 1.7 18 10 9 12 45% 40953 12238 2784 125%
c [ 33.36 34 23 29 83 15594 1 508405 101498 1.8 24 13 9 17 46% 40953 12238 2784 125%
c W 33.43 27 23 29 83 15594 1 508405 101498 1.8 24 13 9 17 46% 40953 12238 2784 125%
c u 33.64 37 23 29 83 15594 1 508487 101417 1.8 24 13 9 17 46% 40953 12238 2784 125%
c v 33.78 37 23 29 83 15594 1 508487 100609 1.8 24 13 9 17 46% 40953 12238 2784 125%
c w 33.83 39 23 29 83 15594 1 508487 100475 1.8 24 13 9 17 46% 40953 12238 2784 125%
c - 33.93 33 23 29 84 15595 1 509497 96020 1.8 24 13 9 17 46% 40953 12238 2784 125%
c
c  seconds   switched     rate           size/glue  tier1     binary         remaining
c         MB   reductions   conflicts          size   tier2       irredundant
c          level    restarts       redundant      glue    trail         variables
c
c - 34.48 35 23 29 85 15600 1 518662 100146 1.8 24 13 9 16 46% 40953 12238 2784 125%
c - 35.07 35 22 29 86 15606 1 527881 102988 1.8 23 13 9 16 47% 40953 12238 2784 125%
c - 35.69 37 22 29 87 15608 1 537154 104756 1.8 23 13 9 16 47% 40953 12238 2784 125%
c - 36.33 37 22 29 88 15613 1 546481 105994 1.8 23 13 9 16 47% 40953 12238 2784 125%
c ] 36.62 35 21 30 88 15615 1 550762 110031 1.8 23 13 9 16 47% 40953 12238 2784 125%
c { 36.62 35 21 30 88 15615 3 550762 110031 1.7 18 10 9 12 45% 40953 12238 2784 125%
c - 36.94 37 21 30 89 15665 3 555861 107254 1.7 18 10 9 12 45% 40953 12238 2784 125%
c - 37.54 35 20 30 90 15970 3 565294 108895 1.7 18 10 9 12 45% 40953 12238 2784 125%
c u 38.24 39 20 30 90 16089 3 573759 113918 1.7 18 10 9 12 45% 40953 12238 2784 125%
c v 38.41 39 20 30 90 16089 3 573759 113797 1.7 18 10 9 12 45% 40953 12238 2784 125%
c w 38.47 39 20 30 90 16089 3 573759 113693 1.7 18 10 9 12 45% 40953 12238 2784 125%
c - 38.58 35 20 30 91 16107 3 574783 108916 1.7 18 10 9 12 45% 40953 12238 2784 125%
c - 39.14 37 19 30 92 16243 3 584322 111826 1.7 18 10 9 12 45% 40953 12238 2784 125%
c o 39.20 37 19 30 92 16245 3 585493 112779 1.7 18 10 9 12 45% 40953 12238 2784 125%
c - 39.70 37 19 30 93 16510 3 593913 114355 1.7 18 10 9 12 45% 40953 12238 2784 125%
c - 40.28 37 19 30 94 16670 3 603556 116489 1.7 17 10 9 12 45% 40953 12238 2784 125%
c } 40.37 39 19 31 94 16670 3 605197 117973 1.7 17 10 9 12 45% 40953 12238 2784 125%
c [ 40.37 39 21 31 94 16670 1 605197 117973 1.8 23 13 9 16 47% 40953 12238 2784 125%
c O 40.37 39 21 31 94 16670 1 605197 117973 1.8 23 13 9 16 47% 40953 12238 2784 125%
c - 40.90 39 21 31 95 16675 1 613252 117396 1.8 23 12 9 16 47% 40953 12238 2784 125%
c
c  seconds   switched     rate           size/glue  tier1     binary         remaining
c         MB   reductions   conflicts          size   tier2       irredundant
c          level    restarts       redundant      glue    trail         variables
c
c - 41.60 37 20 31 96 16681 1 622999 118539 1.8 23 12 9 16 47% 40953 12238 2784 125%
c - 42.34 39 20 31 97 16684 1 632798 119633 1.8 22 12 9 16 47% 40953 12238 2784 125%
c - 43.11 39 20 31 98 16688 1 642647 120556 1.8 23 12 9 16 47% 40953 12238 2784 125%
c u 43.43 41 20 31 98 16689 1 643415 120727 1.8 23 12 9 16 47% 40953 12238 2784 125%
c v 43.62 41 20 31 98 16689 1 643415 119942 1.8 23 12 9 16 47% 40953 12238 2784 125%
c w 43.69 41 20 31 98 16689 1 643415 119481 1.8 23 12 9 16 47% 40953 12238 2784 125%
c ] 44.14 37 20 32 98 16691 1 648625 124279 1.8 22 12 9 16 47% 40953 12238 2784 125%
c { 44.14 37 19 32 98 16691 3 648625 124279 1.7 17 10 9 12 45% 40953 12238 2784 125%
c - 44.42 39 19 32 99 16804 3 652546 120857 1.7 17 10 9 12 45% 40953 12238 2784 125%
c - 45.05 39 19 32 100 17216 3 662495 122477 1.7 17 10 9 12 45% 40953 12238 2784 125%
c - 45.70 39 19 32 101 17618 3 672495 122998 1.7 17 10 9 12 45% 40953 12238 2784 125%
c - 46.31 39 18 32 102 17814 3 682544 99929 1.7 17 10 8 12 46% 40953 12238 2784 125%
c - 46.96 37 19 32 103 18391 3 692643 93980 1.7 17 10 8 12 46% 40953 12238 2784 125%
c o 47.25 37 18 32 103 18494 3 697450 98244 1.7 17 10 8 12 46% 40953 12238 2784 125%
c - 47.60 39 18 32 104 18841 3 702792 93312 1.7 17 10 8 12 46% 40953 12238 2784 125%
c } 47.98 37 18 33 104 18944 3 709729 99552 1.7 17 10 8 12 46% 40953 12238 2784 125%
c [ 47.98 37 20 33 104 18944 1 709729 99552 1.8 22 12 9 16 47% 40953 12238 2784 125%
c B 47.98 37 20 33 104 18944 1 709729 99552 1.8 22 12 9 16 47% 40953 12238 2784 125%
c - 48.22 37 20 33 105 18946 1 712990 93274 1.8 22 12 9 16 47% 40953 12238 2784 125%
c u 48.78 41 20 33 105 18949 1 717504 94714 1.8 22 12 9 16 47% 40953 12238 2784 125%
c
c  seconds   switched      rate          size/glue  tier1     binary         remaining
c         MB   reductions    conflicts         size   tier2       irredundant
c          level     restarts       redundant     glue    trail         variables
c
c v 48.97 41 20 33 105 18949 1 717504 93609 1.8 22 12 9 16 47% 40953 12238 2784 125%
c w 49.04 41 20 33 105 18949 1 717504 93103 1.8 22 12 9 16 47% 40953 12238 2784 125%
c - 49.49 37 20 33 106 18952 1 723237 90270 1.8 22 12 9 16 47% 40953 12238 2784 125%
c - 50.18 37 20 33 107 18957 1 733532 93057 1.8 22 12 9 16 47% 40953 12238 2784 125%
c - 50.89 37 20 33 108 18960 1 743876 94961 1.8 22 12 9 16 47% 40953 12238 2784 125%
c - 51.65 39 20 33 109 18965 1 754268 96068 1.8 22 12 9 16 47% 40953 12238 2784 125%
c ] 52.37 37 19 34 109 18972 1 763783 104717 1.8 22 12 9 16 47% 40953 12238 2784 125%
c { 52.37 37 18 34 109 18972 3 763783 104717 1.7 17 10 8 12 46% 40953 12238 2784 125%
c - 52.45 37 18 34 110 18976 3 764710 96645 1.7 17 10 8 12 46% 40953 12238 2784 125%
c - 53.09 37 17 34 111 18976 2 775199 95403 1.7 17 10 8 12 46% 40953 12238 2784 125%
c - 53.75 37 17 34 112 18976 2 785734 94043 1.7 16 10 8 12 46% 40953 12238 2784 125%
c u 54.68 41 16 34 112 18976 2 796079 97375 1.7 16 10 8 12 46% 40953 12238 2784 125%
c v 54.88 41 16 34 112 18976 2 796079 91776 1.7 16 10 8 12 46% 40953 12238 2784 125%
c w 54.91 41 16 34 112 18976 2 796079 91666 1.7 16 10 8 12 46% 40953 12238 2784 125%
c - 54.97 35 16 34 113 18979 2 796318 85591 1.7 16 10 8 12 46% 40953 12238 2784 125%
c - 55.56 37 16 34 114 19024 2 806949 88776 1.7 16 10 8 12 46% 40953 12238 2784 125%
c - 56.18 37 15 34 115 19042 2 817627 92640 1.7 16 9 8 12 46% 40953 12238 2784 125%
c o 56.23 37 15 34 115 19045 2 818400 93364 1.7 16 9 8 12 46% 40953 12238 2784 125%
c - 56.83 37 15 34 116 19063 2 828350 96157 1.6 15 9 8 12 46% 40953 12238 2784 125%
c } 57.03 37 14 35 116 19087 2 831932 99159 1.6 15 9 8 12 46% 40953 12238 2784 125%
c
c  seconds   switched      rate          size/glue  tier1     binary         remaining
c         MB   reductions    conflicts         size   tier2       irredundant
c          level     restarts       redundant     glue    trail         variables
c
c [ 57.03 37 19 35 116 19087 1 831932 99159 1.8 22 12 9 16 47% 40953 12238 2784 125%
c W 57.24 29 19 35 116 19087 1 831932 99159 1.8 22 12 9 16 47% 40953 12238 2784 125%
c - 57.68 29 20 35 117 19092 1 839120 99731 1.8 22 12 9 15 47% 40953 12238 2784 125%
c - 58.38 29 19 35 118 19098 1 849936 103410 1.8 22 12 9 15 47% 40953 12238 2784 125%
c - 59.18 39 19 35 119 19101 1 860798 106138 1.8 22 12 9 15 47% 40953 12238 2784 125%
c - 59.94 39 19 35 120 19107 1 871707 105779 1.8 22 12 9 15 47% 40953 12238 2784 125%
c u 60.73 39 19 35 120 19111 1 879190 111571 1.8 22 12 9 15 47% 40953 12238 2784 125%
c v 60.95 41 19 35 120 19111 1 879190 106130 1.8 22 12 9 15 47% 40953 12238 2784 125%
c w 61.03 41 19 35 120 19111 1 879190 102928 1.8 22 12 9 15 47% 40953 12238 2784 125%
c - 62.16 37 19 35 121 19113 1 882661 97465 1.8 22 12 9 15 47% 40953 12238 2784 125%
c ] 62.90 37 19 36 121 19116 1 893104 107487 1.8 22 12 9 15 47% 40953 12238 2784 125%
c { 62.90 37 14 36 121 19116 2 893104 107487 1.6 15 9 8 12 46% 40953 12238 2784 125%
c - 62.97 37 15 36 122 19234 2 893662 99326 1.6 15 9 8 12 46% 40953 12238 2784 125%
c - 63.78 37 15 36 123 20523 2 904707 100291 1.6 16 9 8 12 46% 40953 12238 2784 125%
c - 64.60 39 16 36 124 21938 2 915798 100348 1.6 16 10 8 12 46% 40953 12238 2784 125%
c - 65.37 37 16 36 125 22941 2 926933 100057 1.6 16 10 8 12 46% 40953 12238 2784 125%
c - 66.15 37 17 36 126 23669 2 938114 100347 1.6 16 10 8 12 46% 40953 12238 2784 125%
c o 66.83 39 17 36 126 24140 2 949019 110208 1.6 16 10 8 12 46% 40953 12238 2784 125%
c - 66.87 39 17 36 127 24169 2 949341 101309 1.6 16 10 8 12 46% 40953 12238 2784 125%
c - 67.63 37 17 36 128 24888 3 960611 102841 1.6 16 10 8 12 46% 40953 12238 2784 125%
c
c  seconds   switched      rate           size/glue  tier1     binary         remaining
c         MB   reductions    conflicts          size   tier2       irredundant
c          level     restarts       redundant      glue    trail         variables
c
c u 68.26 41 17 36 128 25318 3 966885 106722 1.6 16 10 8 12 46% 40953 12238 2784 125%
c v 68.43 41 17 36 128 25318 3 966885 105550 1.6 16 10 8 12 46% 40953 12238 2784 125%
c w 68.49 41 17 36 128 25318 3 966885 105346 1.6 16 10 8 12 46% 40953 12238 2784 125%
c x 68.61 41 17 36 128 25318 3 966885 105345 1.6 16 10 8 12 46% 40953 12238 2784 125%
c } 68.76 37 17 37 128 25365 3 968661 106926 1.6 16 10 8 12 46% 40953 12238 2784 125%
c [ 68.76 37 19 37 128 25365 1 968661 106926 1.8 22 12 9 15 47% 40953 12238 2784 125%
c I 68.76 37 19 37 128 25365 1 968661 106926 1.8 22 12 9 15 47% 40953 12238 2784 125%
c - 68.98 37 20 37 129 25367 1 971925 101308 1.8 22 12 9 15 47% 40953 12238 2784 125%
c - 69.68 37 21 37 130 25374 1 983282 100450 1.8 23 13 9 16 47% 40953 12238 2784 125%
c - 70.47 39 22 37 131 25379 1 994686 98236 1.8 24 13 9 16 47% 40953 12238 2784 125%
c - 71.31 37 23 37 132 25383 1 1006132 96069 1.8 25 14 9 16 47% 40953 12238 2784 125%
c - 72.21 37 23 37 133 25389 1 1017623 94213 1.8 25 14 9 16 47% 40953 12238 2784 125%
c - 73.05 37 24 37 134 25394 1 1029157 93127 1.8 26 14 9 16 47% 40953 12238 2784 125%
c B 73.56 37 24 37 134 25395 1 1036343 100044 1.8 26 14 9 16 47% 40953 12238 2784 125%
c - 73.87 37 25 37 135 25395 1 1040735 91897 1.8 26 14 9 16 47% 40953 12238 2784 125%
c ] 74.09 35 26 38 135 25395 1 1044044 95132 1.8 27 14 9 16 47% 40953 12238 2784 125%
c { 74.09 35 17 38 135 25395 3 1044044 95132 1.6 16 10 8 12 46% 40953 12238 2784 125%
c - 75.16 37 20 38 136 27164 3 1052354 91004 1.6 17 10 8 12 46% 40953 12238 2784 125%
c u 76.34 41 22 38 136 28621 4 1059217 97339 1.7 18 11 8 12 46% 40953 12238 2784 125%
c v 76.61 41 22 38 136 28621 4 1059217 96997 1.7 18 11 8 12 46% 40953 12238 2784 125%
c
c  seconds   switched      rate           size/glue  tier1     binary         remaining
c         MB   reductions     conflicts         size   tier2       irredundant
c          level     restarts        redundant     glue    trail         variables
c
c w 76.72 41 22 38 136 28621 4 1059217 96981 1.7 18 11 8 12 46% 40953 12238 2784 125%
c - 77.43 37 24 38 137 29642 4 1064015 90830 1.7 18 11 8 12 46% 40953 12238 2784 125%
c - 79.01 37 27 38 138 32139 5 1075720 91086 1.7 19 11 8 12 46% 40953 12238 2784 125%
c - 80.63 37 30 38 139 34633 6 1087472 91369 1.7 20 12 8 12 46% 40953 12238 2784 125%
c o 80.84 37 31 38 139 34970 6 1089034 92924 1.7 20 12 8 12 46% 40953 12238 2784 125%
c - 82.24 37 33 38 140 36971 7 1099262 91590 1.7 21 12 8 12 46% 40953 12238 2784 125%
c - 83.79 37 36 38 141 39072 7 1111094 91027 1.7 22 13 8 12 46% 40953 12238 2784 125%
c - 85.29 37 37 38 142 41019 7 1122968 90421 1.8 23 13 8 12 46% 40953 12238 2784 125%
c } 85.76 37 38 39 142 41471 7 1127378 94781 1.8 23 13 8 12 46% 40953 12238 2784 125%
c [ 85.76 37 26 39 142 41471 1 1127378 94781 1.8 27 14 9 16 47% 40953 12238 2784 125%
c W 85.86 29 26 39 142 41471 1 1127378 94781 1.8 27 14 9 16 47% 40953 12238 2784 125%
c - 86.42 29 26 39 143 41476 1 1134885 90065 1.8 27 14 9 16 47% 40953 12238 2784 125%
c - 87.36 29 26 39 144 41483 1 1146843 89258 1.9 27 14 9 16 47% 40953 12238 2784 125%
c u 88.48 39 26 39 144 41485 1 1156215 97898 1.9 28 15 9 16 47% 40953 12238 2784 125%
c v 88.91 39 26 39 144 41485 1 1156215 97794 1.9 28 15 9 16 47% 40953 12238 2784 125%
c w 89.07 41 26 39 144 41485 1 1156215 97706 1.9 28 15 9 16 47% 40953 12238 2784 125%
c - 89.32 35 26 39 145 41485 1 1158845 85928 1.9 28 15 9 16 47% 40953 12238 2784 125%
c - 90.25 37 27 39 146 41492 1 1170889 83220 1.9 28 15 9 17 47% 40953 12238 2784 125%
c - 91.24 37 27 39 147 41499 1 1182972 82062 1.9 28 15 9 17 47% 40953 12238 2784 125%
c - 92.24 35 27 39 148 41501 1 1195096 82405 1.9 28 15 9 17 48% 40953 12238 2784 125%
c
c  seconds   switched      rate           size/glue  tier1     binary         remaining
c         MB   reductions     conflicts         size   tier2       irredundant
c          level     restarts        redundant     glue    trail         variables
c
c O 93.10 37 26 39 148 41501 1 1205806 92612 1.9 28 15 9 17 48% 40953 12238 2784 125%
c - 93.23 37 26 39 149 41501 1 1207261 82659 1.9 28 15 9 17 48% 40953 12238 2784 125%
c - 94.13 35 25 39 150 41508 1 1219470 83807 1.9 27 14 9 17 48% 40953 12238 2784 125%
c - 95.06 37 24 39 151 41515 1 1231720 85617 1.9 26 14 9 16 48% 40953 12238 2784 125%
c - 96.09 37 23 39 152 41518 1 1244008 86679 1.9 26 14 9 16 48% 40953 12238 2784 125%
c - 97.09 37 23 39 153 41525 1 1256336 86616 1.9 26 14 9 16 49% 40953 12238 2784 125%
c u 97.56 41 23 39 153 41526 1 1257924 85654 1.9 26 14 9 16 49% 40953 12238 2784 125%
c v 97.88 41 23 39 153 41526 1 1257924 83651 1.9 26 14 9 16 49% 40953 12238 2784 125%
c w 98.00 41 23 39 153 41526 1 1257924 81978 1.9 26 14 9 16 49% 40953 12238 2784 125%
c o 98.03 41 23 39 153 41526 1 1257924 81978 1.9 26 14 9 16 49% 40953 12238 2784 125%
c ] 98.65 35 24 40 153 41531 1 1267011 90582 1.9 25 14 9 16 49% 40953 12238 2784 125%
c { 98.65 35 38 40 153 41531 7 1267011 90582 1.8 23 13 8 12 46% 40953 12238 2784 125%
c - 98.79 37 38 40 154 41537 7 1268705 81429 1.8 23 13 8 12 46% 40953 12238 2784 125%
c - 99.68 35 35 40 155 41560 6 1281115 83387 1.8 23 13 8 12 46% 40953 12238 2784 125%
c - 100.48 37 33 40 156 41603 6 1293564 84075 1.8 22 12 8 12 46% 40953 12238 2784 125%
c - 101.30 37 31 40 157 41626 5 1306053 83106 1.8 22 12 8 12 47% 40953 12238 2784 125%
c - 102.12 35 29 40 158 41654 5 1318583 82006 1.8 21 12 8 12 46% 40953 12238 2784 125%
c - 102.93 37 28 40 159 41717 5 1331153 81693 1.7 21 12 8 12 46% 40953 12238 2784 125%
c - 103.77 37 26 40 160 41753 4 1343763 83211 1.7 20 12 8 12 46% 40953 12238 2784 125%
c - 104.56 37 25 40 161 41805 4 1356413 84805 1.7 20 11 8 12 46% 40953 12238 2784 125%
c
c  seconds    switched      rate           size/glue  tier1     binary         remaining
c          MB   reductions     conflicts         size   tier2       irredundant
c           level     restarts        redundant     glue    trail         variables
c
c } 104.70 35 25 41 161 41816 4 1358483 86769 1.7 20 11 8 12 46% 40953 12238 2784 125%
c [ 104.70 35 24 41 161 41816 1 1358483 86769 1.9 25 14 9 16 49% 40953 12238 2784 125%
c B 104.70 35 24 41 161 41816 1 1358483 86769 1.9 25 14 9 16 49% 40953 12238 2784 125%
c u 105.39 39 23 41 161 41820 1 1364395 91317 1.9 25 13 9 16 49% 40953 12238 2784 125%
c v 105.67 41 23 41 161 41820 1 1364395 90431 1.9 25 13 9 16 49% 40953 12238 2784 125%
c w 105.76 41 23 41 161 41820 1 1364395 90150 1.9 25 13 9 16 49% 40953 12238 2784 125%
c - 106.14 35 23 41 162 41822 1 1369104 85774 1.9 25 13 9 16 49% 40953 12238 2784 125%
c - 107.11 37 23 41 163 41829 1 1381831 89298 1.9 25 13 9 16 49% 40953 12238 2784 125%
c - 108.13 39 22 41 164 41833 1 1394599 90704 1.9 24 13 9 16 49% 40953 12238 2784 125%
c - 109.26 37 22 41 165 41840 1 1407408 91073 1.9 24 13 9 16 49% 40953 12238 2784 125%
c - 110.40 37 22 41 166 41845 1 1420253 90121 1.9 24 13 9 16 49% 40953 12238 2784 125%
c ] 111.38 37 23 42 166 41846 1 1432410 101989 1.9 25 13 9 16 49% 40953 12238 2784 125%
c { 111.38 37 25 42 166 41846 4 1432410 101989 1.7 20 11 8 12 46% 40953 12238 2784 125%
c o 111.45 37 25 42 166 41862 4 1433108 102627 1.7 20 11 8 12 46% 40953 12238 2784 125%
c - 111.47 37 25 42 167 41864 4 1433138 88845 1.7 20 11 8 12 46% 40953 12238 2784 125%
c - 112.32 37 24 42 168 41951 4 1446060 90112 1.7 19 11 8 12 46% 40953 12238 2784 125%
c - 113.21 37 23 42 169 42130 3 1459022 93153 1.7 19 11 8 12 46% 40953 12238 2784 125%
c - 114.08 39 22 42 170 42290 3 1472022 96669 1.7 19 11 8 12 46% 40953 12238 2784 125%
c u 114.69 39 22 42 170 42370 3 1475629 99154 1.7 19 11 8 12 46% 40953 12238 2784 125%
c v 115.00 41 22 42 170 42370 3 1475629 96737 1.7 19 11 8 12 46% 40953 12238 2784 125%
c
c  seconds    switched      rate           size/glue  tier1     binary         remaining
c          MB   reductions     conflicts         size   tier2       irredundant
c           level     restarts        redundant     glue    trail         variables
c
c w 115.12 41 22 42 170 42370 3 1475629 96466 1.7 19 11 8 12 46% 40953 12238 2784 125%
c - 115.73 37 21 42 171 42427 3 1485060 95984 1.7 19 11 8 12 46% 40953 12238 2784 125%
c - 116.60 39 21 42 172 42593 3 1498136 100042 1.7 19 11 8 12 46% 40953 12238 2784 125%
c - 117.52 37 20 42 173 42839 3 1511251 102909 1.7 18 11 8 12 46% 40953 12238 2784 125%
c - 118.41 39 20 42 174 43071 3 1524403 105474 1.7 18 11 8 12 46% 40953 12238 2784 125%
c } 118.96 37 20 43 174 43280 3 1532384 112858 1.7 18 11 8 12 46% 40953 12238 2784 125%
c [ 118.96 37 23 43 174 43280 1 1532384 112858 1.9 25 13 9 16 49% 40953 12238 2784 125%
c W 119.26 29 23 43 174 43280 1 1532384 112858 1.9 25 13 9 16 49% 40953 12238 2784 125%
c - 119.64 29 23 43 175 43284 1 1537595 106846 1.9 25 13 9 16 49% 40953 12238 2784 125%
c - 120.64 39 23 43 176 43291 1 1550825 108158 1.8 25 13 9 16 49% 40953 12238 2784 125%
c - 121.71 37 23 43 177 43294 1 1564092 109299 1.8 24 13 9 16 49% 40953 12238 2784 125%
c - 122.86 39 22 43 178 43301 1 1577398 110962 1.8 24 13 9 16 49% 40953 12238 2784 125%
c - 123.96 37 22 43 179 43309 1 1590740 112478 1.8 24 13 8 16 49% 40953 12238 2784 125%
c u 124.42 41 22 43 179 43309 1 1591705 112287 1.8 24 13 8 16 49% 40953 12238 2784 125%
c v 124.76 41 22 43 179 43309 1 1591705 106320 1.8 24 13 8 16 49% 40953 12238 2784 125%
c w 124.88 41 22 43 179 43309 1 1591705 102668 1.8 24 13 8 16 49% 40953 12238 2784 125%
c - 125.88 37 22 43 180 43310 1 1604120 106358 1.8 24 13 8 16 48% 40953 12238 2784 125%
c ] 126.87 39 22 44 180 43312 1 1616260 117730 1.8 24 13 8 16 48% 40953 12238 2784 125%
c { 126.87 39 20 44 180 43312 3 1616260 117730 1.7 18 11 8 12 46% 40953 12238 2784 125%
c - 127.00 39 20 44 181 43315 3 1617538 110467 1.7 18 11 8 12 46% 40953 12238 2784 125%
c
c  seconds    switched      rate            size/glue  tier1     binary         remaining
c          MB   reductions     conflicts          size   tier2       irredundant
c           level     restarts        redundant      glue    trail         variables
c
c o 127.01 35 20 44 181 43318 3 1617573 110499 1.7 18 11 8 12 46% 40953 12238 2784 125%
c - 127.92 39 19 44 182 43482 3 1630993 113593 1.7 18 10 8 12 46% 40953 12238 2784 125%
c - 128.90 39 19 44 183 43859 2 1644484 114820 1.7 18 10 8 12 46% 40953 12238 2784 125%
c - 129.84 37 19 44 184 44239 2 1658011 116758 1.7 18 10 8 12 46% 40953 12238 2784 125%
c - 130.84 39 19 44 185 44614 2 1671578 119281 1.7 18 10 8 12 46% 40953 12238 2784 125%
c - 131.81 39 19 44 186 44982 2 1685180 121320 1.7 18 10 8 12 46% 40953 12238 2784 125%
c - 132.85 39 19 44 187 45660 2 1698818 122538 1.7 18 10 8 12 46% 40953 12238 2784 125%
c - 133.85 39 18 44 188 46063 2 1712493 124101 1.7 17 10 8 12 46% 40953 12238 2784 125%
c u 134.27 33 18 44 188 46063 2 1712644 123953 1.7 17 10 8 12 46% 40953 12238 2784 125%
c v 134.59 34 18 44 188 46063 2 1712644 122823 1.7 17 10 8 12 46% 40953 12238 2784 125%
c w 134.71 34 18 44 188 46063 2 1712644 122651 1.7 17 10 8 12 46% 40953 12238 2784 125%
c } 136.92 34 18 45 188 46539 2 1725093 133911 1.7 17 10 8 12 46% 40953 12238 2784 125%
c [ 136.92 34 22 45 188 46539 1 1725093 133911 1.8 24 13 8 16 48% 40953 12238 2784 125%
c I 136.92 34 22 45 188 46539 1 1725093 133911 1.8 24 13 8 16 48% 40953 12238 2784 125%
c - 137.02 34 22 45 189 46540 1 1726205 122759 1.8 24 13 8 16 48% 40953 12238 2784 125%
c - 137.99 34 24 45 190 46548 1 1739954 121746 1.9 25 13 8 16 48% 40953 12238 2784 125%
c - 139.08 34 25 45 191 46553 1 1753738 119372 1.9 26 14 8 16 48% 40953 12238 2784 125%
c - 140.20 34 25 45 192 46560 1 1767558 118039 1.9 27 14 8 16 48% 40953 12238 2784 125%
c - 141.30 35 25 45 193 46567 1 1781416 117427 1.9 27 14 8 16 47% 40953 12238 2784 125%
c - 142.47 35 25 45 194 46569 1 1795309 116945 1.9 28 14 8 16 47% 40953 12238 2784 125%
c
c  seconds    switched      rate            size/glue  tier1     binary         remaining
c          MB   reductions     conflicts          size   tier2       irredundant
c           level     restarts        redundant      glue    trail         variables
c
c - 143.63 35 25 45 195 46572 1 1809238 118535 2.0 28 14 8 16 47% 40953 12238 2784 125%
c ] 144.55 35 25 46 195 46577 1 1819930 128662 2.0 28 15 8 16 47% 40953 12238 2784 125%
c { 144.55 35 18 46 195 46577 2 1819930 128662 1.7 17 10 8 12 46% 40953 12238 2784 125%
c o 144.55 35 18 46 195 46588 2 1819992 128722 1.7 17 10 8 12 46% 40953 12238 2784 125%
c - 144.83 35 18 46 196 46710 2 1823203 119434 1.7 17 10 8 12 46% 40953 12238 2784 125%
c - 145.92 35 19 46 197 47369 3 1837203 121478 1.7 17 10 8 12 46% 40953 12238 2784 125%
c u 146.36 35 19 46 197 47496 3 1838473 122495 1.7 17 10 8 12 46% 40953 12238 2784 125%
c v 146.63 35 19 46 197 47496 3 1838473 122361 1.7 17 10 8 12 46% 40953 12238 2784 125%
c w 146.73 35 19 46 197 47496 3 1838473 122347 1.7 17 10 8 12 46% 40953 12238 2784 125%
c - 148.06 35 19 46 198 47977 3 1851238 124424 1.7 17 10 8 12 46% 40953 12238 2784 125%
c - 149.26 35 19 46 199 48515 3 1865309 124500 1.7 17 10 8 12 46% 40953 12238 2784 125%
c - 150.42 35 18 46 200 48844 2 1879415 125248 1.7 17 10 8 12 46% 40953 12238 2784 125%
c - 151.60 35 19 46 201 49548 3 1893558 126340 1.7 17 10 8 12 46% 40953 12238 2784 125%
c - 152.73 35 18 46 202 50001 2 1907735 126483 1.7 17 10 8 12 46% 40953 12238 2784 125%
c - 153.85 35 18 46 203 50392 2 1921947 126457 1.7 17 10 8 12 46% 40953 12238 2784 125%
c - 155.05 35 18 46 204 51155 2 1936196 127390 1.7 17 10 8 12 46% 40953 12238 2784 125%
c } 155.21 35 18 47 204 51297 2 1937974 129051 1.7 17 10 8 12 46% 40953 12238 2784 125%
c [ 155.21 35 25 47 204 51297 1 1937974 129051 2.0 28 15 8 16 47% 40953 12238 2784 125%
c B 155.21 35 25 47 204 51297 1 1937974 129051 2.0 28 15 8 16 47% 40953 12238 2784 125%
c - 156.21 35 26 47 205 51304 1 1950478 127075 2.0 29 15 8 16 47% 40953 12238 2784 125%
c
c  seconds    switched      rate            size/glue  tier1     binary         remaining
c          MB   reductions     conflicts          size   tier2       irredundant
c           level     restarts        redundant      glue    trail         variables
c
c - 157.45 37 25 47 206 51311 1 1964795 126762 2.0 29 14 8 16 47% 40953 12238 2784 125%
c u 158.36 37 26 47 206 51311 1 1969218 130834 2.0 29 14 8 16 47% 40953 12238 2784 125%
c v 158.82 37 26 47 206 51311 1 1969218 130753 2.0 29 14 8 16 47% 40953 12238 2784 125%
c w 158.99 39 26 47 206 51311 1 1969218 130694 2.0 29 14 8 16 47% 40953 12238 2784 125%
c - 159.99 39 26 47 207 51318 1 1979147 127450 2.1 30 14 8 17 47% 40953 12238 2784 125%
c - 161.44 39 25 47 208 51325 1 1993536 127857 2.1 30 14 8 16 47% 40953 12238 2784 125%
c - 162.82 39 25 47 209 51327 1 2007959 129466 2.1 30 14 8 17 47% 40953 12238 2784 125%
c - 164.27 39 25 47 210 51330 1 2022417 129753 2.1 31 14 8 17 47% 40953 12238 2784 125%
c - 165.75 39 26 47 211 51338 1 2036911 129652 2.1 30 15 8 17 47% 40953 12238 2784 125%
c ] 165.97 39 26 48 211 51340 1 2039020 131686 2.1 30 15 8 17 47% 40953 12238 2784 125%
c { 165.97 39 18 48 211 51340 2 2039020 131686 1.7 17 10 8 12 46% 40953 12238 2784 125%
c o 165.98 39 18 48 211 51349 2 2039059 131725 1.7 17 10 8 12 46% 40953 12238 2784 125%
c - 167.06 39 18 48 212 51726 2 2051437 130604 1.7 17 10 8 12 46% 40953 12238 2784 125%
c - 168.34 39 18 48 213 52446 2 2065997 131491 1.7 17 10 8 12 46% 40953 12238 2784 125%
c - 169.61 39 18 48 214 53136 3 2080591 132752 1.7 17 10 8 12 46% 40953 12238 2784 125%
c - 170.83 39 18 48 215 53612 3 2095221 133199 1.7 17 10 8 12 46% 40953 12238 2784 125%
c u 172.16 39 18 48 215 54033 3 2104930 141643 1.7 17 10 8 12 46% 40953 12238 2784 125%
c v 172.62 39 18 48 215 54033 3 2104930 140503 1.7 17 10 8 12 46% 40953 12238 2784 125%
c w 172.79 39 18 48 215 54033 3 2104930 140328 1.7 17 10 8 12 46% 40953 12238 2784 125%
c - 173.27 39 18 48 216 54291 3 2109883 131638 1.7 17 10 8 12 46% 40953 12238 2784 125%
c
c  seconds    switched      rate            size/glue  tier1     binary         remaining
c          MB   reductions     conflicts          size   tier2       irredundant
c           level     restarts        redundant      glue    trail         variables
c
c - 174.45 39 18 48 217 54821 3 2124579 132912 1.7 17 10 8 12 46% 40953 12238 2784 125%
c - 175.73 39 18 48 218 55517 3 2139310 133853 1.7 17 10 8 12 46% 40953 12238 2784 125%
c - 176.98 39 18 48 219 56131 3 2154075 134537 1.7 17 10 8 12 46% 40953 12238 2784 125%
c } 177.96 39 18 49 219 56547 3 2166630 145814 1.7 17 10 8 12 46% 40953 12238 2784 125%
c [ 177.96 39 26 49 219 56547 1 2166630 145814 2.1 30 15 8 17 47% 40953 12238 2784 125%
c W 178.54 39 26 49 219 56547 1 2166630 145814 2.1 30 15 8 17 47% 40953 12238 2784 125%
c - 178.71 39 26 49 220 56549 1 2168873 134059 2.1 30 15 8 17 47% 40953 12238 2784 125%
c - 179.79 39 25 49 221 56557 1 2183705 136788 2.0 29 14 8 17 47% 40953 12238 2784 125%
c - 181.03 39 24 49 222 56561 1 2198573 140490 2.0 28 14 8 16 47% 40953 12238 2784 125%
c - 182.32 39 23 49 223 56570 1 2213473 141604 2.0 27 13 8 16 47% 40953 12238 2784 125%
c - 183.68 39 23 49 224 56576 1 2228406 142111 2.0 27 13 8 16 47% 40953 12238 2784 125%
c - 185.07 39 23 49 225 56577 1 2243372 143987 2.0 27 13 8 16 47% 40953 12238 2784 125%
c u 185.87 39 23 49 225 56577 1 2245634 145161 2.1 27 13 8 16 47% 40953 12238 2784 125%
c v 186.36 39 23 49 225 56577 1 2245634 144301 2.1 27 13 8 16 47% 40953 12238 2784 125%
c w 186.53 39 23 49 225 56577 1 2245634 143234 2.1 27 13 8 16 47% 40953 12238 2784 125%
c o 186.57 39 23 49 225 56577 1 2245634 143234 2.1 27 13 8 16 47% 40953 12238 2784 125%
c - 187.55 39 28 49 226 56584 1 2258372 142582 1.9 27 14 8 16 47% 40953 12238 2784 125%
c - 188.77 39 26 49 227 56592 1 2273405 143336 1.9 26 14 8 16 47% 40953 12238 2784 125%
c O 189.42 39 26 49 227 56592 1 2280970 150611 1.9 26 14 8 16 47% 40953 12238 2784 125%
c - 190.00 39 26 49 228 56598 1 2288472 144085 1.9 26 14 8 16 47% 40953 12238 2784 125%
c
c  seconds    switched      rate            size/glue  tier1     binary         remaining
c          MB   reductions     conflicts          size   tier2       irredundant
c           level     restarts        redundant      glue    trail         variables
c
c ] 190.31 39 26 50 228 56599 1 2292378 147910 1.9 26 14 8 16 47% 40953 12238 2784 125%
c { 190.31 39 18 50 228 56599 3 2292378 147910 1.7 17 10 8 12 46% 40953 12238 2784 125%
c - 191.26 39 17 50 229 56605 2 2303573 142622 1.7 17 10 8 12 46% 40953 12238 2784 125%
c - 192.51 39 16 50 230 56620 2 2318706 140509 1.7 16 10 8 12 46% 40953 12238 2784 125%
c - 193.64 39 16 50 231 56629 2 2333871 140368 1.6 16 10 8 12 46% 40953 12238 2784 125%
c - 194.73 39 15 50 232 56649 2 2349070 141434 1.6 15 10 8 12 47% 40953 12238 2784 125%
c - 195.83 39 14 50 233 56701 2 2364302 143343 1.6 15 9 8 12 47% 40953 12238 2784 125%
c - 196.94 39 14 50 234 56748 2 2379566 144191 1.6 15 9 8 12 47% 40953 12238 2784 125%
c u 198.27 57 13 50 234 56791 2 2391379 152796 1.6 15 9 8 12 46% 40953 12238 2784 125%
c v 198.68 57 13 50 234 56791 2 2391379 149894 1.6 15 9 8 12 46% 40953 12238 2784 125%
c w 198.77 57 13 50 234 56791 2 2391379 149785 1.6 15 9 8 12 46% 40953 12238 2784 125%
c - 199.09 49 13 50 235 56806 2 2394863 142038 1.6 15 9 8 12 46% 40953 12238 2784 125%
c - 200.22 51 13 50 236 56996 2 2410192 146844 1.6 15 9 8 12 46% 40953 12238 2784 125%
c - 201.28 51 13 50 237 57039 2 2425555 153272 1.6 14 9 8 12 46% 40953 12238 2784 125%
c } 201.63 47 12 51 237 57093 1 2429904 157165 1.6 14 9 8 12 46% 40953 12238 2784 125%
c [ 201.63 47 26 51 237 57093 1 2429904 157165 1.9 26 14 8 16 47% 40953 12238 2784 125%
c B 201.63 47 26 51 237 57093 1 2429904 157165 1.9 26 14 8 16 47% 40953 12238 2784 125%
c - 202.42 49 25 51 238 57099 1 2440950 159754 1.9 25 13 8 16 47% 40953 12238 2784 125%
c - 203.59 51 24 51 239 57107 1 2456377 166109 1.9 24 13 8 16 47% 40953 12238 2784 125%
c - 204.86 54 23 51 240 57114 1 2471836 169465 1.9 24 13 8 16 47% 40953 12238 2784 125%
c
c  seconds    switched      rate            size/glue  tier1     binary         remaining
c          MB   reductions     conflicts          size   tier2       irredundant
c           level     restarts        redundant      glue    trail         variables
c
c - 206.26 52 23 51 241 57122 1 2487329 171390 1.9 24 13 8 16 47% 40953 12238 2784 125%
c - 207.61 52 23 51 242 57123 1 2502854 171628 1.9 24 13 8 16 47% 40953 12238 2784 125%
c - 209.11 54 23 51 243 57129 1 2518411 169836 1.9 25 13 8 16 47% 40953 12238 2784 125%
c - 210.58 52 24 51 244 57137 1 2533999 167393 1.9 25 13 8 16 47% 40953 12238 2784 125%
c u 211.84 58 24 51 244 57138 1 2542167 174592 1.9 25 13 8 16 47% 40953 12238 2784 125%
c v 212.34 58 24 51 244 57138 1 2542167 173880 1.9 25 13 8 16 47% 40953 12238 2784 125%
c w 212.52 58 24 51 244 57138 1 2542167 173044 1.9 25 13 8 16 47% 40953 12238 2784 125%
c o 212.56 58 24 51 244 57138 1 2542167 173044 1.9 25 13 8 16 47% 40953 12238 2784 125%
c - 213.10 50 31 51 245 57142 1 2549619 162389 1.8 26 14 8 16 47% 40953 12238 2784 125%
c ] 213.65 52 30 52 245 57146 1 2557278 169745 1.8 26 14 8 16 47% 40953 12238 2784 125%
c { 213.65 52 12 52 245 57146 1 2557278 169745 1.6 14 9 8 12 46% 40953 12238 2784 125%
c - 214.52 54 13 52 246 58583 2 2565272 161879 1.6 15 9 8 12 46% 40953 12238 2784 125%
c - 216.10 54 15 52 247 61111 2 2580956 163231 1.6 15 9 8 12 46% 40953 12238 2784 125%
c - 217.60 54 16 52 248 63044 2 2596674 162588 1.6 15 10 8 12 46% 40953 12238 2784 125%
c - 218.96 52 16 52 249 64367 3 2612423 161654 1.6 15 10 8 12 46% 40953 12238 2784 125%
c - 220.34 52 17 52 250 65593 3 2628202 161139 1.6 16 10 8 12 46% 40953 12238 2784 125%
c - 221.63 54 17 52 251 66502 3 2644013 161560 1.6 16 10 8 12 46% 40953 12238 2784 125%
c - 222.94 52 17 52 252 67545 3 2659856 163460 1.6 16 10 8 12 46% 40953 12238 2784 125%
c - 224.21 54 18 52 253 68367 3 2675731 165391 1.6 16 10 8 12 46% 40953 12238 2784 125%
c - 225.52 52 18 52 254 69293 3 2691638 166743 1.6 16 10 8 12 46% 40953 12238 2784 125%
c
c  seconds    switched      rate            size/glue  tier1     binary         remaining
c          MB   reductions     conflicts          size   tier2       irredundant
c           level     restarts        redundant      glue    trail         variables
c
c u 226.55 58 18 52 254 69419 3 2698047 171402 1.6 16 10 8 12 46% 40953 12238 2784 125%
c v 227.04 58 18 52 254 69419 3 2698047 170238 1.6 16 10 8 12 46% 40953 12238 2784 125%
c w 227.21 58 18 52 254 69419 3 2698047 170137 1.6 16 10 8 12 46% 40953 12238 2784 125%
c } 227.83 52 18 53 254 69930 3 2705065 176658 1.6 16 10 8 12 46% 40953 12238 2784 125%
c [ 227.83 52 30 53 254 69930 1 2705065 176658 1.8 26 14 8 16 47% 40953 12238 2784 125%
c W 228.58 40 30 53 254 69930 1 2705065 176658 1.8 26 14 8 16 47% 40953 12238 2784 125%
c - 228.78 40 30 53 255 69932 1 2707575 167126 1.8 26 14 8 16 47% 40953 12238 2784 125%
c - 229.94 40 28 53 256 69942 1 2723544 169479 1.8 25 13 8 16 47% 40953 12238 2784 125%
c - 231.24 40 26 53 257 69946 1 2739544 171722 1.9 24 13 8 16 48% 40953 12238 2784 125%
c - 232.57 40 25 53 258 69956 1 2755577 172285 1.8 24 13 8 16 48% 40953 12238 2784 125%
c - 233.94 40 24 53 259 69960 1 2771641 173486 1.9 24 13 8 16 48% 40953 12238 2784 125%
c - 235.43 40 24 53 260 69961 1 2787734 173124 1.9 24 13 8 16 48% 40953 12238 2784 125%
c - 236.90 40 23 53 261 69971 1 2803860 171925 1.9 24 13 8 16 48% 40953 12238 2784 125%
c - 238.47 40 22 53 262 69976 1 2820017 169940 1.9 23 12 8 16 47% 40953 12238 2784 125%
c - 240.04 40 22 53 263 69985 1 2836203 166741 1.9 23 12 8 16 47% 40953 12238 2784 125%
c I 240.34 40 22 53 263 69988 1 2839304 169650 1.9 23 12 8 16 47% 40953 12238 2784 125%
c o 240.34 40 22 53 263 69988 1 2839304 169650 1.9 23 12 8 16 47% 40953 12238 2784 125%
c - 241.33 41 30 53 264 69990 1 2852422 158945 1.8 25 14 8 16 47% 40953 12238 2784 125%
c ] 241.59 41 30 54 264 69991 1 2855760 162153 1.8 25 14 8 16 47% 40953 12238 2784 125%
c { 241.59 41 18 54 264 69991 3 2855760 162153 1.6 16 10 8 12 46% 40953 12238 2784 125%
c
c  seconds    switched      rate            size/glue  tier1     binary         remaining
c          MB   reductions     conflicts          size   tier2       irredundant
c           level     restarts        redundant      glue    trail         variables
c
c u 242.62 41 19 54 264 70685 3 2859020 162026 1.6 17 10 8 12 46% 40953 12238 2784 125%
c v 243.16 41 19 54 264 70685 3 2859020 159983 1.6 17 10 8 12 46% 40953 12238 2784 125%
c w 243.36 41 19 54 264 70685 3 2859020 158903 1.6 17 10 8 12 46% 40953 12238 2784 125%
c - 244.92 41 23 54 265 72748 4 2868670 147995 1.7 18 11 8 12 46% 40953 12238 2784 125%
c - 247.51 41 27 54 266 76178 5 2884948 144831 1.7 20 12 8 12 46% 40953 12238 2784 125%
c - 250.13 41 32 54 267 79599 6 2901257 140889 1.7 21 12 8 12 46% 40953 12238 2784 125%
c - 252.79 41 35 54 268 82927 7 2917598 135943 1.7 22 13 8 12 46% 40953 12238 2784 125%
c - 255.29 41 38 54 269 85840 7 2933968 133230 1.8 24 13 8 12 46% 40953 12238 2784 125%
c - 257.71 41 40 54 270 88406 8 2950370 131204 1.8 25 14 8 12 46% 40953 12238 2784 125%
c - 259.92 41 42 54 271 90434 8 2966801 130859 1.8 26 14 8 12 46% 40953 12238 2784 125%
c - 262.02 41 43 54 272 92097 8 2983263 129844 1.9 26 14 8 12 46% 40953 12238 2784 125%
c - 264.03 41 44 54 273 93566 7 2999758 130390 1.9 27 14 8 12 46% 40953 12238 2784 125%
c } 265.72 41 45 55 273 94745 7 3014154 144607 1.9 27 14 8 12 46% 40953 12238 2784 125%
c [ 265.72 41 30 55 273 94745 1 3014154 144607 1.8 25 14 8 16 47% 40953 12238 2784 125%
c B 265.72 41 30 55 273 94745 1 3014154 144607 1.8 25 14 8 16 47% 40953 12238 2784 125%
c - 265.91 41 30 55 274 94747 1 3016282 129913 1.8 25 14 8 16 47% 40953 12238 2784 125%
c u 267.49 47 30 55 274 94751 1 3025138 131926 1.8 26 14 8 16 47% 40953 12238 2784 125%
c v 268.34 47 30 55 274 94751 1 3025138 131369 1.8 26 14 8 16 47% 40953 12238 2784 125%
c w 268.66 47 30 55 274 94751 1 3025138 131015 1.8 26 14 8 16 47% 40953 12238 2784 125%
c - 269.44 47 29 55 275 94757 1 3032837 124552 1.8 25 14 8 16 47% 40953 12238 2784 125%
c
c  seconds    switched      rate            size/glue  tier1     binary         remaining
c          MB   reductions     conflicts          size   tier2       irredundant
c           level     restarts        redundant      glue    trail         variables
c
c - 270.84 47 28 55 276 94762 1 3049420 126015 1.8 25 14 8 16 47% 40953 12238 2784 125%
c - 272.23 47 28 55 277 94772 1 3066033 124184 1.8 25 14 8 16 47% 40953 12238 2784 125%
c - 273.73 47 27 55 278 94775 1 3082677 121268 1.7 25 15 8 16 47% 40953 12238 2784 125%
c - 275.31 47 26 55 279 94778 1 3099352 119576 1.7 25 15 8 16 47% 40953 12238 2784 125%
c - 276.85 47 25 55 280 94788 1 3116055 119391 1.7 25 15 8 16 47% 40953 12238 2784 125%
c - 278.31 47 26 55 281 94793 1 3132790 116937 1.7 25 15 8 16 47% 40953 12238 2784 125%
c - 279.72 47 26 55 282 94804 1 3149553 113551 1.7 25 15 8 16 47% 40953 12238 2784 125%
c W 282.00 47 26 55 282 94806 1 3162342 125802 1.7 26 15 8 16 47% 40953 12238 2784 125%
c o 282.00 47 26 55 282 94806 1 3162342 125802 1.7 26 15 8 16 47% 40953 12238 2784 125%
c - 282.28 47 30 55 283 94806 1 3166348 110323 1.7 26 15 8 16 48% 40953 12238 2784 125%
c - 283.43 47 36 55 284 94807 1 3183171 105295 1.6 26 16 8 16 48% 40953 12238 2784 125%
c u 284.79 47 34 55 284 94807 1 3196424 116072 1.6 26 16 8 16 48% 40953 12238 2784 125%
c v 285.17 47 34 55 284 94807 1 3196424 115571 1.6 26 16 8 16 48% 40953 12238 2784 125%
c w 285.32 47 34 55 284 94807 1 3196424 112626 1.6 26 16 8 16 48% 40953 12238 2784 125%
c - 285.79 47 34 55 285 94807 1 3200024 99735 1.6 26 16 8 16 48% 40953 12238 2784 125%
c - 287.05 47 32 55 286 94812 1 3216906 101577 1.6 25 16 8 16 48% 40953 12238 2784 125%
c - 288.30 47 30 55 287 94821 1 3233817 104319 1.7 25 15 8 16 48% 40953 12238 2784 125%
c - 289.66 47 30 55 288 94828 1 3250758 103954 1.7 25 15 8 16 48% 40953 12238 2784 125%
c - 291.18 47 28 55 289 94836 1 3267728 102444 1.7 25 15 8 16 48% 40953 12238 2784 125%
c - 292.75 47 27 55 290 94838 1 3284731 103496 1.7 25 15 8 16 48% 40953 12238 2784 125%
c
c  seconds    switched      rate            size/glue  tier1     binary         remaining
c          MB   reductions     conflicts          size   tier2       irredundant
c           level     restarts        redundant      glue    trail         variables
c
c ] 293.18 47 27 56 290 94838 1 3289356 107857 1.7 25 15 8 16 48% 40953 12238 2784 125%
c { 293.18 47 45 56 290 94838 7 3289356 107857 1.9 27 14 8 12 46% 40953 12238 2784 125%
c - 294.31 47 41 56 291 94842 7 3301760 105630 1.9 27 14 8 12 46% 40953 12238 2784 125%
c - 295.72 47 38 56 292 94843 6 3318820 109046 1.9 26 14 8 12 46% 40953 12238 2784 125%
c - 297.15 47 35 56 293 94866 5 3335908 110599 1.9 25 13 8 12 47% 40953 12238 2784 125%
c - 298.40 47 32 56 294 94904 5 3353025 108952 1.9 24 13 8 12 47% 40953 12238 2784 125%
c - 299.64 47 29 56 295 94926 4 3370171 109076 1.9 23 13 8 12 47% 40953 12238 2784 125%
c u 300.42 47 29 56 295 94926 4 3372905 110988 1.9 23 12 8 12 47% 40953 12238 2784 125%
c v 300.96 47 29 56 295 94926 4 3372905 109438 1.9 23 12 8 12 47% 40953 12238 2784 125%
c w 301.14 47 29 56 295 94926 4 3372905 108775 1.9 23 12 8 12 47% 40953 12238 2784 125%
c - 302.25 47 28 56 296 94972 4 3387346 108715 1.8 23 12 8 12 47% 40953 12238 2784 125%
c - 303.52 47 26 56 297 94980 3 3404552 112000 1.8 22 12 8 12 46% 40953 12238 2784 125%
c o 304.79 47 24 56 297 94990 3 3421466 127073 1.8 21 11 8 12 46% 40953 12238 2784 125%
c - 304.84 47 24 56 298 95003 3 3421785 114577 1.8 21 11 8 12 46% 40953 12238 2784 125%
c - 306.05 47 22 56 299 95077 3 3439047 118113 1.8 20 11 8 12 46% 40953 12238 2784 125%
c - 307.36 47 22 56 300 95309 3 3456339 122326 1.8 20 11 8 12 46% 40953 12238 2784 125%
c } 307.54 47 22 57 300 95342 3 3458698 124577 1.8 20 11 8 12 46% 40953 12238 2784 125%
c [ 307.54 47 27 57 300 95342 1 3458698 124577 1.7 25 15 8 16 48% 40953 12238 2784 125%
c O 307.54 47 27 57 300 95342 1 3458698 124577 1.7 25 15 8 16 48% 40953 12238 2784 125%
c - 308.76 47 26 57 301 95351 1 3473659 125965 1.7 24 14 8 16 47% 40953 12238 2784 125%
c
c  seconds    switched      rate            size/glue  tier1     binary         remaining
c          MB   reductions     conflicts          size   tier2       irredundant
c           level     restarts        redundant      glue    trail         variables
c
c - 310.15 47 24 57 302 95356 1 3491008 128247 1.7 23 14 8 16 47% 40953 12238 2784 125%
c - 311.65 47 24 57 303 95367 1 3508387 129859 1.7 23 13 8 16 47% 40953 12238 2784 125%
c - 313.25 47 23 57 304 95372 1 3525793 130751 1.7 23 13 8 16 47% 40953 12238 2784 125%
c - 314.89 47 22 57 305 95375 1 3543228 130995 1.8 23 13 8 16 47% 40953 12238 2784 125%
c u 316.65 47 22 57 305 95381 1 3554607 138577 1.8 23 13 8 16 47% 40953 12238 2784 125%
c v 317.25 47 22 57 305 95381 1 3554607 129576 1.8 23 13 8 16 47% 40953 12238 2784 125%
c w 317.46 47 22 57 305 95381 1 3554607 121104 1.8 23 13 8 16 47% 40953 12238 2784 125%
c - 318.06 47 22 57 306 95385 1 3560692 116559 1.8 23 13 8 16 47% 40953 12238 2784 125%
c - 319.63 47 21 57 307 95391 1 3578184 124182 1.8 23 13 8 16 47% 40953 12238 2784 125%
c - 321.34 47 21 57 308 95401 1 3595705 129926 1.8 23 13 8 16 47% 40953 12238 2784 125%
c ] 321.93 47 21 58 308 95402 1 3601872 135842 1.8 23 13 8 16 47% 40953 12238 2784 125%
c { 321.93 47 22 58 308 95402 3 3601872 135842 1.8 20 11 8 12 46% 40953 12238 2784 125%
c - 322.82 47 21 58 309 95570 3 3613255 133727 1.8 20 11 8 12 46% 40953 12238 2784 125%
c - 324.11 47 20 58 310 95718 2 3630833 136455 1.8 19 11 8 12 46% 40953 12238 2784 125%
c - 325.43 47 20 58 311 96001 2 3648439 138136 1.8 19 11 8 12 46% 40953 12238 2784 125%
c - 326.79 47 19 58 312 96349 2 3666074 141592 1.8 19 11 8 12 46% 40953 12238 2784 125%
c o 327.29 47 19 58 312 96435 2 3672794 147709 1.8 18 11 8 12 46% 40953 12238 2784 125%
c - 328.15 47 19 58 313 96806 2 3683738 145472 1.7 18 10 8 12 46% 40953 12238 2784 125%
c - 329.52 47 19 58 314 97263 2 3701429 149045 1.7 18 10 8 12 46% 40953 12238 2784 125%
c - 330.90 47 19 58 315 97761 2 3719151 153570 1.7 18 10 8 12 46% 40953 12238 2784 125%
c
c  seconds    switched      rate            size/glue  tier1     binary         remaining
c          MB   reductions     conflicts          size   tier2       irredundant
c           level     restarts        redundant      glue    trail         variables
c
c - 332.33 47 18 58 316 98267 2 3736899 158175 1.7 18 10 8 12 46% 40953 12238 2784 125%
c u 333.36 47 18 58 316 98452 2 3741552 159456 1.7 18 10 8 12 46% 40953 12238 2784 125%
c v 333.93 65 18 58 316 98452 2 3741552 156370 1.7 18 10 8 12 46% 40953 12238 2784 125%
c w 334.13 65 18 58 316 98452 2 3741552 155801 1.7 18 10 8 12 46% 40953 12238 2784 125%
c - 335.25 59 18 58 317 98976 2 3754675 157768 1.7 18 10 8 12 46% 40953 12238 2784 125%
c - 336.65 61 18 58 318 99649 2 3772480 162106 1.7 17 10 8 12 46% 40953 12238 2784 125%
c } 337.47 59 18 59 318 99994 2 3782501 171188 1.7 17 10 8 12 46% 40953 12238 2784 125%
c [ 337.47 59 21 59 318 99994 1 3782501 171188 1.8 23 13 8 16 47% 40953 12238 2784 125%
c B 337.47 59 21 59 318 99994 1 3782501 171188 1.8 23 13 8 16 47% 40953 12238 2784 125%
c - 338.08 59 22 59 319 99999 1 3790313 165065 1.8 23 13 8 16 47% 40953 12238 2784 125%
c - 339.61 57 21 59 320 100008 1 3808173 168699 1.8 23 13 8 16 47% 40953 12238 2784 125%
c - 341.24 59 21 59 321 100015 1 3826062 171664 1.8 23 13 8 16 47% 40953 12238 2784 125%
c - 342.91 61 21 59 322 100023 1 3843980 172419 1.8 23 13 8 16 48% 40953 12238 2784 125%
c - 344.59 59 21 59 323 100024 1 3861924 172958 1.8 23 13 8 16 48% 40953 12238 2784 125%
c - 346.35 61 21 59 324 100034 1 3879896 171206 1.8 23 13 8 16 48% 40953 12238 2784 125%
c - 348.14 59 21 59 325 100040 1 3897898 168933 1.8 23 13 8 16 48% 40953 12238 2784 125%
c - 349.85 61 21 59 326 100052 1 3915925 166589 1.8 23 13 8 16 48% 40953 12238 2784 125%
c u 352.29 65 21 59 326 100055 1 3933767 181242 1.8 23 13 8 16 48% 40953 12238 2784 125%
c v 352.97 67 21 59 326 100055 1 3933767 178079 1.8 23 13 8 16 48% 40953 12238 2784 125%
c w 353.23 67 21 59 326 100055 1 3933767 174218 1.8 23 13 8 16 48% 40953 12238 2784 125%
c
c  seconds    switched       rate            size/glue  tier1     binary         remaining
c          MB   reductions      conflicts          size   tier2       irredundant
c           level      restarts        redundant      glue    trail         variables
c
c o 353.27 67 21 59 326 100055 1 3933767 174218 1.8 23 13 8 16 48% 40953 12238 2784 125%
c - 353.31 55 22 59 327 100055 1 3933980 158658 1.8 23 13 8 16 48% 40953 12238 2784 125%
c ] 353.33 55 22 60 327 100055 1 3934114 158791 1.8 23 13 8 16 48% 40953 12238 2784 125%
c { 353.33 55 18 60 327 100055 2 3934114 158791 1.7 17 10 8 12 46% 40953 12238 2784 125%
c - 354.80 59 18 60 328 100498 2 3952063 160065 1.7 17 10 8 12 46% 40953 12238 2784 125%
c - 356.27 59 18 60 329 100992 2 3970173 160301 1.7 17 10 8 12 46% 40953 12238 2784 125%
c - 357.76 59 18 60 330 101572 2 3988315 160270 1.7 17 10 8 12 46% 40953 12238 2784 125%
c - 359.26 59 18 60 331 102118 2 4006480 160425 1.7 17 10 8 12 46% 40953 12238 2784 125%
c - 360.76 59 18 60 332 102628 2 4024673 162363 1.7 17 10 8 12 46% 40953 12238 2784 125%
c - 362.21 59 18 60 333 103028 2 4042895 165306 1.7 17 10 8 12 46% 40953 12238 2784 125%
c - 363.68 61 18 60 334 103555 2 4061143 168738 1.7 17 10 8 12 46% 40953 12238 2784 125%
c - 365.16 61 18 60 335 103973 2 4079419 173112 1.7 17 10 8 12 46% 40953 12238 2784 125%
c - 366.76 59 18 60 336 104696 2 4097723 177014 1.7 17 10 8 12 46% 40953 12238 2784 125%
c - 368.28 61 18 60 337 105212 2 4116055 180762 1.7 17 10 8 12 46% 40953 12238 2784 125%
c } 369.21 61 18 61 337 105800 2 4126367 190403 1.7 17 10 8 12 46% 40953 12238 2784 125%
c [ 369.21 61 22 61 337 105800 1 4126367 190403 1.8 23 13 8 16 48% 40953 12238 2784 125%
c W 370.75 47 22 61 337 105800 1 4126367 190403 1.8 23 13 8 16 48% 40953 12238 2784 125%
c u 371.84 65 23 61 337 105803 1 4131278 194616 1.8 24 14 8 16 48% 40953 12238 2784 125%
c v 372.46 67 23 61 337 105803 1 4131278 193502 1.8 24 14 8 16 48% 40953 12238 2784 125%
c w 372.68 67 23 61 337 105803 1 4131278 193224 1.8 24 14 8 16 48% 40953 12238 2784 125%
c
c  seconds    switched       rate            size/glue  tier1     binary         remaining
c          MB   reductions      conflicts          size   tier2       irredundant
c           level      restarts        redundant      glue    trail         variables
c
c - 373.02 57 23 61 338 105805 1 4134412 180137 1.7 24 14 8 16 48% 40953 12238 2784 125%
c - 374.59 59 23 61 339 105814 1 4152796 181107 1.7 24 14 8 16 48% 40953 12238 2784 125%
c - 376.50 61 23 61 340 105821 1 4171207 181183 1.7 24 14 8 16 49% 40953 12238 2784 125%
c - 378.35 59 22 61 341 105829 1 4189646 179803 1.7 24 14 8 16 49% 40953 12238 2784 125%
c - 380.37 61 22 61 342 105830 1 4208114 177975 1.7 23 13 8 16 50% 40953 12238 2784 125%
c - 382.24 61 22 61 343 105842 1 4226607 173896 1.7 24 14 8 16 50% 40953 12238 2784 125%
c - 384.12 63 22 61 344 105848 1 4245128 167556 1.8 24 14 8 16 50% 40953 12238 2784 125%
c - 386.06 61 22 61 345 105859 1 4263676 162830 1.8 25 14 8 16 50% 40953 12238 2784 125%
c - 388.04 63 22 61 346 105861 1 4282250 160730 1.8 25 14 8 16 50% 40953 12238 2784 125%
c ] 388.45 59 22 62 346 105861 1 4286140 164401 1.8 25 14 8 16 50% 40953 12238 2784 125%
c { 388.45 59 18 62 346 105861 2 4286140 164401 1.7 17 10 8 12 46% 40953 12238 2784 125%
c o 388.46 59 18 62 346 105868 2 4286191 164452 1.7 17 10 8 12 46% 40953 12238 2784 125%
c - 389.77 63 18 62 347 106464 2 4300851 160048 1.7 17 10 8 12 46% 40953 12238 2784 125%
c - 391.36 63 18 62 348 107043 2 4319479 158921 1.7 17 10 8 12 46% 40953 12238 2784 125%
c u 393.45 67 18 62 348 107764 2 4334110 171988 1.7 17 10 8 12 46% 40953 12238 2784 125%
c v 394.18 67 18 62 348 107764 2 4334110 170828 1.7 17 10 8 12 46% 40953 12238 2784 125%
c w 394.44 67 18 62 348 107764 2 4334110 170435 1.7 17 10 8 12 46% 40953 12238 2784 125%
c - 394.83 61 18 62 349 107899 2 4338134 157830 1.7 17 10 8 12 46% 40953 12238 2784 125%
c - 396.42 63 18 62 350 108679 2 4356815 159980 1.7 17 10 8 12 46% 40953 12238 2784 125%
c - 398.00 61 18 62 351 109257 2 4375525 162900 1.7 17 10 8 12 46% 40953 12238 2784 125%
c
c  seconds    switched       rate            size/glue  tier1     binary         remaining
c          MB   reductions      conflicts          size   tier2       irredundant
c           level      restarts        redundant      glue    trail         variables
c
c - 399.57 61 18 62 352 109644 2 4394259 165368 1.7 17 10 8 12 46% 40953 12238 2784 125%
c - 401.27 61 18 62 353 110615 2 4413020 168929 1.7 17 10 8 12 46% 40953 12238 2784 125%
c - 402.81 63 18 62 354 111008 2 4431808 172470 1.7 17 10 8 12 46% 40953 12238 2784 125%
c - 404.33 63 18 62 355 111365 2 4450622 174510 1.7 17 10 8 12 46% 40953 12238 2784 125%
c - 405.98 63 18 62 356 112182 2 4469467 177935 1.7 17 10 8 12 46% 40953 12238 2784 125%
c - 407.63 63 18 62 357 112904 2 4488334 182342 1.7 17 10 8 12 46% 40953 12238 2784 125%
c } 407.82 63 18 63 357 113002 2 4490349 184163 1.7 17 10 8 12 46% 40953 12238 2784 125%
c [ 407.82 63 22 63 357 113002 1 4490349 184163 1.8 25 14 8 16 50% 40953 12238 2784 125%
c I 407.82 63 22 63 357 113002 1 4490349 184163 1.8 25 14 8 16 50% 40953 12238 2784 125%
c - 409.14 59 22 63 358 113012 1 4507228 184715 1.8 25 14 8 16 49% 40953 12238 2784 125%
c - 410.77 63 22 63 359 113019 1 4526148 185357 1.9 25 13 8 16 49% 40953 12238 2784 125%
c u 413.00 71 21 63 359 113029 1 4542289 199862 1.9 25 13 8 16 49% 40953 12238 2784 125%
c v 413.71 71 21 63 359 113029 1 4542289 193687 1.9 25 13 8 16 49% 40953 12238 2784 125%
c w 413.97 71 21 63 359 113029 1 4542289 184755 1.9 25 13 8 16 49% 40953 12238 2784 125%
c - 414.33 61 21 63 360 113030 1 4545095 173533 1.9 25 13 8 16 49% 40953 12238 2784 125%
c - 416.22 63 22 63 361 113032 1 4564068 177958 1.9 25 13 8 16 48% 40953 12238 2784 125%
c - 418.36 61 21 63 362 113039 1 4583069 180788 1.9 25 13 8 16 48% 40953 12238 2784 125%
c - 420.58 63 21 63 363 113047 1 4602096 181635 1.9 24 13 8 16 48% 40953 12238 2784 125%
c - 422.56 63 21 63 364 113057 1 4621148 178876 1.9 24 13 8 16 48% 40953 12238 2784 125%
c - 424.52 63 21 63 365 113063 1 4640226 176915 1.9 24 13 8 16 48% 40953 12238 2784 125%
c
c  seconds    switched       rate            size/glue  tier1     binary         remaining
c          MB   reductions      conflicts          size   tier2       irredundant
c           level      restarts        redundant      glue    trail         variables
c
c - 426.31 59 21 63 366 113064 1 4659331 175096 1.9 24 13 8 16 48% 40953 12238 2784 125%
c ] 427.03 61 21 64 366 113064 1 4666180 181548 1.9 24 13 8 16 47% 40953 12238 2784 125%
c { 427.03 61 18 64 366 113064 2 4666180 181548 1.7 17 10 8 12 46% 40953 12238 2784 125%
c o 427.04 61 18 64 366 113069 2 4666212 181579 1.7 17 10 8 12 46% 40953 12238 2784 125%
c - 428.14 63 18 64 367 113473 2 4678462 173267 1.7 17 10 8 12 46% 40953 12238 2784 125%
c - 429.91 63 18 64 368 114302 2 4697619 171394 1.7 17 10 8 12 46% 40953 12238 2784 125%
c - 431.60 63 18 64 369 114982 2 4716802 172271 1.6 17 10 8 12 46% 40953 12238 2784 125%
c - 433.29 63 18 64 370 115623 2 4736011 176413 1.7 17 10 8 12 46% 40953 12238 2784 125%
c - 434.95 63 18 64 371 116186 2 4755248 180927 1.7 17 10 8 12 46% 40953 12238 2784 125%
c u 435.89 67 18 64 371 116192 2 4755838 179903 1.7 17 10 8 12 46% 40953 12238 2784 125%
c v 436.66 69 18 64 371 116192 2 4755838 177246 1.7 17 10 8 12 46% 40953 12238 2784 125%
c w 436.92 69 18 64 371 116192 2 4755838 176995 1.7 17 10 8 12 46% 40953 12238 2784 125%
c - 438.70 63 18 64 372 116932 2 4774509 180428 1.7 17 10 8 12 46% 40953 12238 2784 125%
c - 440.44 63 18 64 373 117656 2 4793798 145181 1.7 17 10 7 12 46% 40953 12238 2784 125%
c - 442.02 61 18 64 374 118165 2 4813111 137330 1.7 17 10 7 12 46% 40953 12238 2784 125%
c - 443.65 61 18 64 375 118786 2 4832450 137263 1.7 17 10 7 12 46% 40953 12238 2784 125%
c - 445.30 61 18 64 376 119394 2 4851814 138408 1.7 17 10 7 12 46% 40953 12238 2784 125%
c - 446.90 61 18 64 377 119958 2 4871207 139058 1.7 17 10 7 12 46% 40953 12238 2784 125%
c } 447.88 61 18 65 377 120412 2 4882678 149546 1.7 17 10 7 12 46% 40953 12238 2784 125%
c [ 447.88 61 21 65 377 120412 1 4882678 149546 1.9 24 13 8 16 47% 40953 12238 2784 125%
c
c  seconds    switched       rate            size/glue  tier1     binary         remaining
c          MB   reductions      conflicts          size   tier2       irredundant
c           level      restarts        redundant      glue    trail         variables
c
c B 447.88 61 21 65 377 120412 1 4882678 149546 1.9 24 13 8 16 47% 40953 12238 2784 125%
c - 448.55 61 21 65 378 120417 1 4890623 139460 1.9 24 13 8 16 48% 40953 12238 2784 125%
c - 450.26 59 21 65 379 120426 1 4910065 138812 1.9 24 13 8 16 48% 40953 12238 2784 125%
c - 452.05 61 20 65 380 120435 1 4929532 139272 1.9 24 13 8 16 48% 40953 12238 2784 125%
c - 453.92 61 20 65 381 120442 1 4949026 138612 1.9 24 13 8 16 48% 40953 12238 2784 125%
c - 455.83 61 20 65 382 120445 1 4968545 137061 1.9 24 13 8 16 48% 40953 12238 2784 125%
c u 457.19 49 20 65 382 120449 1 4974759 140637 1.9 24 13 8 16 48% 40953 12238 2784 125%
c v 457.95 49 20 65 382 120449 1 4974759 136343 1.9 24 13 8 16 48% 40953 12238 2784 125%
c w 458.22 49 20 65 382 120449 1 4974759 130717 1.9 24 13 8 16 48% 40953 12238 2784 125%
c o 461.04 49 20 65 382 120449 1 4974759 130717 1.9 24 13 8 16 48% 40953 12238 2784 125%
c - 462.11 49 24 65 383 120456 1 4988089 123452 1.8 25 14 8 16 48% 40953 12238 2784 125%
c - 463.86 49 24 65 384 120464 1 5007659 125247 1.8 25 14 8 16 48% 40953 12238 2784 125%
c - 465.78 49 24 65 385 120472 1 5027255 126490 1.8 25 14 8 16 48% 40953 12238 2784 125%
c - 467.64 49 24 65 386 120474 1 5046876 126577 1.8 25 14 8 16 48% 40953 12238 2784 125%
c - 469.50 49 23 65 387 120474 1 5066522 124844 1.8 25 14 8 16 48% 40953 12238 2784 125%
c W 472.51 49 23 65 387 120474 1 5075818 133624 1.8 25 14 8 16 48% 40953 12238 2784 125%
c ] 473.28 49 24 66 387 120478 1 5084317 141806 1.8 25 14 8 16 48% 40953 12238 2784 125%
c { 473.28 49 18 66 387 120478 2 5084317 141806 1.7 17 10 7 12 46% 40953 12238 2784 125%
c - 473.46 49 18 66 388 120486 2 5086194 122467 1.7 17 10 7 12 46% 40953 12238 2784 125%
c - 475.08 49 17 66 389 120520 2 5105891 121310 1.7 16 10 7 12 46% 40953 12238 2784 125%
c
c  seconds    switched       rate            size/glue  tier1     binary         remaining
c          MB   reductions      conflicts          size   tier2       irredundant
c           level      restarts        redundant      glue    trail         variables
c
c - 476.64 49 16 66 390 120529 2 5125614 121610 1.7 16 10 7 12 46% 40953 12238 2784 125%
c - 478.20 49 15 66 391 120549 2 5145362 121955 1.7 16 10 7 12 46% 40953 12238 2784 125%
c - 479.73 49 14 66 392 120643 2 5165135 124112 1.6 15 9 7 12 46% 40953 12238 2784 125%
c - 481.26 49 13 66 393 120726 2 5184933 127222 1.6 15 9 7 12 46% 40953 12238 2784 125%
c u 482.89 49 13 66 393 120782 2 5199103 134689 1.6 15 9 7 12 46% 40953 12238 2784 125%
c v 483.40 49 13 66 393 120782 2 5199103 130848 1.6 15 9 7 12 46% 40953 12238 2784 125%
c w 483.57 49 13 66 393 120782 2 5199103 130712 1.6 15 9 7 12 46% 40953 12238 2784 125%
c - 484.20 49 13 66 394 120785 2 5204757 121619 1.6 15 9 7 12 46% 40953 12238 2784 125%
c - 485.81 49 12 66 395 120788 1 5224606 124212 1.6 15 9 7 12 46% 40953 12238 2784 125%
c - 487.40 49 12 66 396 120888 1 5244480 127150 1.6 14 9 7 12 46% 40953 12238 2784 125%
c - 489.03 49 12 66 397 121246 1 5264380 132651 1.6 14 9 7 12 46% 40953 12238 2784 125%
c o 490.02 49 12 66 397 121466 1 5276221 142255 1.6 14 9 7 12 46% 40953 12238 2784 125%
c - 490.71 49 12 66 398 121586 1 5284305 136812 1.6 14 9 7 12 46% 40953 12238 2784 125%
c - 492.37 49 11 66 399 121955 1 5304255 138828 1.6 14 9 7 12 46% 40953 12238 2784 125%
c } 493.10 49 11 67 399 122065 1 5313432 146133 1.6 14 9 7 12 46% 40953 12238 2784 125%
c [ 493.10 49 24 67 399 122065 1 5313432 146133 1.8 25 14 8 16 48% 40953 12238 2784 125%
c O 493.10 49 24 67 399 122065 1 5313432 146133 1.8 25 14 8 16 48% 40953 12238 2784 125%
c - 493.97 49 23 67 400 122071 1 5324229 141232 1.8 25 14 8 16 48% 40953 12238 2784 125%
c - 495.66 49 23 67 401 122079 1 5344230 143940 1.8 24 14 8 16 48% 40953 12238 2784 125%
c - 497.63 49 22 67 402 122091 1 5364254 144788 1.8 24 13 8 16 48% 40953 12238 2784 125%
c
c  seconds    switched       rate            size/glue  tier1     binary         remaining
c          MB   reductions      conflicts          size   tier2       irredundant
c           level      restarts        redundant      glue    trail         variables
c
c - 499.63 49 21 67 403 122095 1 5384304 144507 1.8 23 13 8 16 48% 40953 12238 2784 125%
c - 501.54 49 22 67 404 122102 1 5404378 141758 1.8 24 13 8 16 48% 40953 12238 2784 125%
c - 503.55 49 22 67 405 122110 1 5424477 139830 1.8 24 13 8 16 48% 40953 12238 2784 125%
c u 504.76 49 22 67 405 122111 1 5428869 141047 1.8 24 13 8 16 48% 40953 12238 2784 125%
c v 505.56 49 22 67 405 122111 1 5428869 138683 1.8 24 13 8 16 48% 40953 12238 2784 125%
c w 505.84 49 22 67 405 122111 1 5428869 136075 1.8 24 13 8 16 48% 40953 12238 2784 125%
c - 507.35 49 21 67 406 122120 1 5444602 134397 1.8 23 13 8 16 48% 40953 12238 2784 125%
c - 509.24 49 21 67 407 122126 1 5464751 134392 1.8 24 13 8 16 48% 40953 12238 2784 125%
c - 511.34 49 22 67 408 122127 1 5484925 130643 1.8 24 13 7 16 49% 40953 12238 2784 125%
c - 513.45 49 22 67 409 122127 1 5505124 129509 1.8 25 14 7 16 49% 40953 12238 2784 125%
c ] 513.96 49 22 68 409 122128 1 5510287 134482 1.8 25 14 7 16 49% 40953 12238 2784 125%
c { 513.96 49 11 68 409 122128 1 5510287 134482 1.6 14 9 7 12 46% 40953 12238 2784 125%
c - 515.68 49 13 68 410 124395 2 5525347 131959 1.6 14 9 7 12 46% 40953 12238 2784 125%
c - 517.86 49 15 68 411 127156 2 5545596 134675 1.6 15 10 7 12 46% 40953 12238 2784 125%
c - 519.82 49 16 68 412 129068 2 5565869 136138 1.6 15 10 7 12 46% 40953 12238 2784 125%
c - 521.59 49 16 68 413 129888 2 5586168 136338 1.6 16 10 7 12 46% 40953 12238 2784 125%
c o 521.60 49 16 68 413 129901 2 5586235 136404 1.6 16 10 7 12 46% 40953 12238 2784 125%
c - 523.39 49 17 68 414 130859 2 5606490 137227 1.6 16 10 7 12 46% 40953 12238 2784 125%
c - 525.16 49 17 68 415 131739 2 5626836 139796 1.6 16 10 7 12 46% 40953 12238 2784 125%
c - 526.93 49 17 68 416 132654 2 5647207 142396 1.6 16 10 7 12 46% 40953 12238 2784 125%
c
c  seconds    switched       rate            size/glue  tier1     binary         remaining
c          MB   reductions      conflicts          size   tier2       irredundant
c           level      restarts        redundant      glue    trail         variables
c
c u 529.21 49 17 68 416 133417 2 5664083 149090 1.6 16 10 7 12 46% 40953 12238 2784 125%
c v 530.04 49 17 68 416 133417 2 5664083 147574 1.6 16 10 7 12 46% 40953 12238 2784 125%
c w 530.33 49 17 68 416 133417 2 5664083 147435 1.6 16 10 7 12 46% 40953 12238 2784 125%
c - 530.69 49 17 68 417 133577 2 5667603 134403 1.6 16 10 7 12 46% 40953 12238 2784 125%
c - 532.47 49 18 68 418 134360 2 5688023 137063 1.6 16 10 7 12 46% 40953 12238 2784 125%
c - 534.32 49 18 68 419 135298 3 5708468 138909 1.6 16 10 7 12 46% 40953 12238 2784 125%
c - 536.13 49 18 68 420 136188 3 5728937 140433 1.6 17 10 7 12 46% 40953 12238 2784 125%
c - 537.92 49 18 68 421 137050 3 5749430 141419 1.6 17 10 7 12 46% 40953 12238 2784 125%
c } 538.17 49 18 69 421 137115 3 5752346 144016 1.6 17 10 7 12 46% 40953 12238 2784 125%
c [ 538.17 49 22 69 421 137115 1 5752346 144016 1.8 25 14 7 16 49% 40953 12238 2784 125%
c B 538.17 49 22 69 421 137115 1 5752346 144016 1.8 25 14 7 16 49% 40953 12238 2784 125%
c - 539.78 49 22 69 422 137126 1 5769948 140366 1.8 25 14 7 16 49% 40953 12238 2784 125%
c - 541.79 49 21 69 423 137134 1 5790490 138985 1.8 24 13 7 16 48% 40953 12238 2784 125%
c - 543.94 49 22 69 424 137144 1 5811058 135384 1.8 24 13 7 16 48% 40953 12238 2784 125%
c - 546.09 49 22 69 425 137145 1 5831649 130100 1.8 25 14 7 16 48% 40953 12238 2784 125%
c - 548.26 49 22 69 426 137157 1 5852264 130197 1.9 25 14 7 16 49% 40953 12238 2784 125%
c - 550.56 49 22 69 427 137165 1 5872906 131752 1.9 25 13 7 16 48% 40953 12238 2784 125%
c - 553.02 49 22 69 428 137175 1 5893570 128148 1.8 25 14 7 16 48% 40953 12238 2784 125%
c u 555.20 49 22 69 428 137176 1 5904771 137829 1.8 25 13 7 16 48% 40953 12238 2784 125%
c v 556.14 49 22 69 428 137176 1 5904771 135879 1.8 25 13 7 16 48% 40953 12238 2784 125%
c
c  seconds    switched       rate            size/glue  tier1     binary         remaining
c          MB   reductions      conflicts          size   tier2       irredundant
c           level      restarts        redundant      glue    trail         variables
c
c w 556.47 49 22 69 428 137176 1 5904771 133364 1.8 25 13 7 16 48% 40953 12238 2784 125%
c - 557.68 49 21 69 429 137176 1 5914262 121367 1.8 24 13 7 16 48% 40953 12238 2784 125%
c - 559.80 49 21 69 430 137177 1 5934976 121718 1.8 24 13 7 16 48% 40953 12238 2784 125%
c - 561.96 49 22 69 431 137183 1 5955712 119371 1.8 25 13 7 16 48% 40953 12238 2784 125%
c ] 562.25 49 22 70 431 137184 1 5958441 121991 1.8 25 13 7 16 48% 40953 12238 2784 125%
c { 562.25 49 18 70 431 137184 3 5958441 121991 1.6 17 10 7 12 46% 40953 12238 2784 125%
c o 562.26 49 18 70 431 137194 3 5958511 122061 1.6 17 10 7 12 46% 40953 12238 2784 125%
c - 565.33 49 24 70 432 140331 4 5976474 116831 1.7 19 11 7 12 46% 40953 12238 2784 125%
c - 568.99 49 30 70 433 143940 5 5997258 114755 1.7 22 13 7 12 46% 40953 12238 2784 125%
c - 572.71 49 35 70 434 147354 6 6018066 114075 1.7 23 13 7 12 46% 40953 12238 2784 125%
c - 576.42 49 39 70 435 150601 7 6038899 114975 1.8 25 14 7 12 46% 40953 12238 2784 125%
c - 579.97 49 41 70 436 153355 7 6059756 115865 1.8 26 15 7 12 46% 40953 12238 2784 125%
c - 583.18 49 43 70 437 155463 7 6080636 116990 1.8 27 15 7 12 46% 40953 12238 2784 125%
c - 586.20 49 44 70 438 157102 7 6101541 118243 1.8 28 15 7 12 46% 40953 12238 2784 125%
c - 589.15 49 45 70 439 158555 6 6122469 119462 1.9 29 16 7 12 46% 40953 12238 2784 125%
c - 591.79 49 45 70 440 159490 6 6143422 121047 1.9 30 16 7 12 46% 40953 12238 2784 125%
c u 594.03 49 45 70 440 159788 6 6150958 124836 1.9 30 16 7 12 46% 40953 12238 2784 125%
c v 595.41 49 45 70 440 159788 6 6150958 124094 1.9 30 16 7 12 46% 40953 12238 2784 125%
c w 595.89 49 45 70 440 159788 6 6150958 123983 1.9 30 16 7 12 46% 40953 12238 2784 125%
c - 597.82 49 45 70 441 160598 6 6164398 117865 1.9 30 16 7 12 46% 40953 12238 2784 125%
c
c  seconds    switched       rate            size/glue  tier1     binary         remaining
c          MB   reductions      conflicts          size   tier2       irredundant
c           level      restarts        redundant      glue    trail         variables
c
c - 600.59 49 46 70 442 161783 6 6185398 118137 1.9 31 16 7 12 46% 40953 12238 2784 125%
c - 603.34 49 46 70 443 162937 5 6206422 117841 2.0 31 16 7 12 46% 40953 12238 2784 125%
c } 604.38 49 46 71 443 163501 5 6213768 125106 2.0 31 16 7 12 46% 40953 12238 2784 125%
c [ 604.38 49 22 71 443 163501 1 6213768 125106 1.8 25 13 7 16 48% 40953 12238 2784 125%
c W 607.08 49 22 71 443 163501 1 6213768 125106 1.8 25 13 7 16 48% 40953 12238 2784 125%
c - 608.36 49 22 71 444 163509 1 6227469 118389 1.8 25 13 7 16 48% 40953 12238 2784 125%
c - 610.46 49 22 71 445 163517 1 6248540 120548 1.8 24 13 7 16 48% 40953 12238 2784 125%
c - 612.70 49 21 71 446 163529 1 6269635 121956 1.8 24 13 7 16 48% 40953 12238 2784 125%
c - 614.93 49 21 71 447 163531 1 6290755 121885 1.8 24 13 7 16 48% 40953 12238 2784 125%
c - 617.29 49 20 71 448 163541 1 6311897 119398 1.9 24 13 7 15 48% 40953 12238 2784 125%
c - 619.73 49 20 71 449 163550 1 6333063 117917 1.8 24 13 7 15 48% 40953 12238 2784 125%
c - 622.05 49 21 71 450 163561 1 6354253 113815 1.8 24 13 7 15 48% 40953 12238 2784 125%
c - 624.46 49 21 71 451 163562 1 6375468 111578 1.8 24 13 7 15 47% 40953 12238 2784 125%
c - 626.84 49 20 71 452 163563 1 6396704 113001 1.8 24 13 7 15 47% 40953 12238 2784 125%
c u 628.61 49 20 71 452 163563 1 6402641 116635 1.8 24 13 7 15 47% 40953 12238 2784 125%
c v 629.74 49 20 71 452 163563 1 6402641 106712 1.8 24 13 7 15 47% 40953 12238 2784 125%
c w 630.15 49 20 71 452 163563 1 6402641 104012 1.8 24 13 7 15 47% 40953 12238 2784 125%
c o 630.18 49 20 71 452 163563 1 6402641 104012 1.8 24 13 7 15 47% 40953 12238 2784 125%
c - 631.67 39 34 71 453 163569 1 6417964 99805 1.7 26 15 7 15 47% 40953 12238 2784 125%
c - 633.68 41 32 71 454 163578 1 6439247 105194 1.7 26 15 7 15 47% 40953 12238 2784 125%
c
c  seconds    switched       rate            size/glue  tier1     binary         remaining
c          MB   reductions      conflicts          size   tier2       irredundant
c           level      restarts        redundant      glue    trail         variables
c
c I 633.69 41 32 71 454 163578 1 6439334 105278 1.7 26 15 7 15 47% 40953 12238 2784 125%
c - 635.84 43 35 71 455 163589 1 6460554 104325 1.7 29 17 7 16 47% 40953 12238 2784 125%
c - 638.01 43 34 71 456 163594 1 6481886 100543 1.8 30 17 7 16 47% 40953 12238 2784 125%
c - 640.36 43 33 71 457 163601 1 6503241 102328 1.8 30 17 7 16 47% 40953 12238 2784 125%
c - 642.66 43 32 71 458 163609 1 6524619 104467 1.8 30 17 7 16 47% 40953 12238 2784 125%
c - 645.02 43 31 71 459 163623 1 6546019 106981 1.8 30 16 7 16 47% 40953 12238 2784 125%
c - 647.34 43 29 71 460 163625 1 6567443 110448 1.9 29 16 7 16 47% 40953 12238 2784 125%
c ] 648.54 43 29 72 460 163626 1 6578164 120806 1.9 30 16 7 16 47% 40953 12238 2784 125%
c { 648.54 43 46 72 460 163626 5 6578164 120806 2.0 31 16 7 12 46% 40953 12238 2784 125%
c - 649.68 43 44 72 461 163634 5 6588892 111499 1.9 30 16 7 12 46% 40953 12238 2784 125%
c - 651.65 43 39 72 462 163654 4 6610363 113712 1.9 29 15 7 12 46% 40953 12238 2784 125%
c - 653.57 43 34 72 463 163658 4 6631858 119017 1.9 27 14 7 12 46% 40953 12238 2784 125%
c - 655.58 43 31 72 464 163669 3 6653376 122263 1.9 25 13 7 12 46% 40953 12238 2784 125%
c u 657.14 43 30 72 464 163669 3 6659874 125876 1.9 25 13 7 12 47% 40953 12238 2784 125%
c v 658.14 43 30 72 464 163669 3 6659874 120822 1.9 25 13 7 12 47% 40953 12238 2784 125%
c w 658.48 43 30 72 464 163669 3 6659874 117921 1.9 25 13 7 12 47% 40953 12238 2784 125%
c - 659.80 43 28 72 465 163686 3 6674918 116098 1.9 25 13 7 12 46% 40953 12238 2784 125%
c - 661.74 43 26 72 466 163719 3 6696482 122198 1.9 24 13 7 12 46% 40953 12238 2784 125%
c - 663.69 43 24 72 467 163748 2 6718069 125394 1.9 23 12 7 12 46% 40953 12238 2784 125%
c - 665.68 43 23 72 468 163876 2 6739681 126756 1.9 22 12 7 12 46% 40953 12238 2784 125%
c
c  seconds    switched       rate            size/glue  tier1     binary         remaining
c          MB   reductions      conflicts          size   tier2       irredundant
c           level      restarts        redundant      glue    trail         variables
c
c o 666.28 43 23 72 468 163925 2 6746198 132802 1.9 22 12 7 12 46% 40953 12238 2784 125%
c - 667.67 43 22 72 469 164022 2 6761315 128102 1.9 22 12 7 12 46% 40953 12238 2784 125%
c - 669.70 43 21 72 470 164171 2 6782971 129955 1.9 21 11 7 12 46% 40953 12238 2784 125%
c - 671.74 43 20 72 471 164290 2 6804651 131411 1.8 20 11 7 12 46% 40953 12238 2784 125%
c - 673.76 43 20 72 472 164629 2 6826353 133306 1.8 20 11 7 12 46% 40953 12238 2784 125%
c } 675.69 43 19 73 472 164890 2 6847081 151941 1.8 19 11 7 12 46% 40953 12238 2784 125%
c [ 675.69 43 29 73 472 164890 1 6847081 151941 1.9 30 16 7 16 47% 40953 12238 2784 125%
c B 675.69 43 29 73 472 164890 1 6847081 151941 1.9 30 16 7 16 47% 40953 12238 2784 125%
c - 675.81 43 29 73 473 164890 1 6848078 134536 1.9 30 16 7 16 47% 40953 12238 2784 125%
c - 677.90 45 28 73 474 164903 1 6869826 133577 1.9 28 15 7 16 47% 40953 12238 2784 125%
c - 680.18 45 26 73 475 164911 1 6891600 134373 1.8 27 15 7 16 47% 40953 12238 2784 125%
c - 682.62 45 25 73 476 164920 1 6913395 136427 1.8 26 14 7 16 47% 40953 12238 2784 125%
c u 684.58 45 25 73 476 164920 1 6922656 143431 1.8 26 14 7 16 47% 40953 12238 2784 125%
c v 685.57 63 25 73 476 164920 1 6922656 136583 1.8 26 14 7 16 47% 40953 12238 2784 125%
c w 685.92 63 25 73 476 164920 1 6922656 129343 1.8 26 14 7 16 47% 40953 12238 2784 125%
c - 687.34 55 25 73 477 164925 1 6935213 125677 1.8 26 14 7 16 47% 40953 12238 2784 125%
c - 689.71 57 24 73 478 164935 1 6957054 131515 1.8 26 14 7 16 47% 40953 12238 2784 125%
c - 692.21 57 23 73 479 164946 1 6978918 135398 1.9 26 14 7 16 47% 40953 12238 2784 125%
c - 694.80 57 23 73 480 164951 1 7000806 135804 1.9 26 14 7 16 47% 40953 12238 2784 125%
c - 697.47 57 22 73 481 164952 1 7022714 137502 1.9 25 13 7 16 47% 40953 12238 2784 125%
c
c  seconds    switched       rate            size/glue  tier1     binary         remaining
c          MB   reductions      conflicts          size   tier2       irredundant
c           level      restarts        redundant      glue    trail         variables
c
c - 700.15 57 24 73 482 164953 1 7044645 135501 1.9 26 14 7 16 47% 40953 12238 2784 125%
c ] 702.69 57 23 74 482 164966 1 7065225 154998 1.9 26 14 7 16 47% 40953 12238 2784 125%
c { 702.69 57 19 74 482 164966 2 7065225 154998 1.8 19 11 7 12 46% 40953 12238 2784 125%
c - 702.89 52 19 74 483 165006 2 7066599 133537 1.8 19 11 7 12 46% 40953 12238 2784 125%
c - 705.00 57 19 74 484 165445 2 7088576 137775 1.8 19 11 7 12 46% 40953 12238 2784 125%
c o 705.92 57 18 74 484 165613 2 7098203 146362 1.8 19 11 7 12 46% 40953 12238 2784 125%
c - 707.14 57 18 74 485 165907 2 7110576 139502 1.8 18 10 7 12 46% 40953 12238 2784 125%
c - 709.39 55 18 74 486 166657 2 7132598 141480 1.7 18 10 7 12 46% 40953 12238 2784 125%
c - 711.48 57 18 74 487 167127 2 7154644 144170 1.7 18 10 7 12 46% 40953 12238 2784 125%
c - 713.69 57 18 74 488 167842 2 7176713 146443 1.7 18 10 7 12 46% 40953 12238 2784 125%
c u 716.30 60 19 74 488 168401 2 7191012 158446 1.7 18 10 7 12 46% 40953 12238 2784 125%
c v 717.42 63 19 74 488 168401 2 7191012 155046 1.7 18 10 7 12 46% 40953 12238 2784 125%
c w 717.81 63 19 74 488 168401 2 7191012 154662 1.7 18 10 7 12 46% 40953 12238 2784 125%
c - 718.62 57 18 74 489 168537 2 7198804 145099 1.7 18 10 7 12 46% 40953 12238 2784 125%
c - 720.79 57 18 74 490 169001 2 7220919 147916 1.7 18 10 7 12 46% 40953 12238 2784 125%
c - 722.95 59 18 74 491 169584 2 7243054 148979 1.7 17 10 7 12 46% 40953 12238 2784 125%
c - 725.12 57 18 74 492 170250 2 7265212 150605 1.7 17 10 7 12 46% 40953 12238 2784 125%
c - 727.31 59 18 74 493 171032 2 7287393 152340 1.7 17 10 7 12 46% 40953 12238 2784 125%
c - 729.51 57 18 74 494 171685 2 7309598 153597 1.7 17 10 7 12 46% 40953 12238 2784 125%
c - 731.58 57 18 74 495 172209 2 7331824 154856 1.7 17 10 7 12 46% 40953 12238 2784 125%
c
c  seconds    switched       rate            size/glue  tier1     binary         remaining
c          MB   reductions      conflicts          size   tier2       irredundant
c           level      restarts        redundant      glue    trail         variables
c
c } 733.20 57 18 75 495 172787 2 7348049 169405 1.7 17 10 7 12 46% 40953 12238 2784 125%
c [ 733.20 57 23 75 495 172787 1 7348049 169405 1.9 26 14 7 16 47% 40953 12238 2784 125%
c W 736.70 45 23 75 495 172787 1 7348049 169405 1.9 26 14 7 16 47% 40953 12238 2784 125%
c - 737.26 45 23 75 496 172791 1 7354072 155112 1.9 26 14 7 16 47% 40953 12238 2784 125%
c - 739.43 45 22 75 497 172801 1 7376343 156100 1.9 25 13 7 16 47% 40953 12238 2784 125%
c - 741.74 46 22 75 498 172813 1 7398636 156051 1.9 25 13 7 16 48% 40953 12238 2784 125%
c - 744.15 46 21 75 499 172817 1 7420951 153888 1.9 25 13 7 15 48% 40953 12238 2784 125%
c - 746.55 46 21 75 500 172825 1 7443289 153316 1.9 24 13 7 15 47% 40953 12238 2784 125%
c u 750.03 64 21 75 500 172835 1 7464944 172213 1.9 24 13 7 15 47% 40953 12238 2784 125%
c v 751.15 66 21 75 500 172835 1 7464944 165128 1.9 24 13 7 15 47% 40953 12238 2784 125%
c w 751.55 66 21 75 500 172835 1 7464944 163596 1.9 24 13 7 15 47% 40953 12238 2784 125%
c o 751.59 66 21 75 500 172835 1 7464944 163596 1.9 24 13 7 15 47% 40953 12238 2784 125%
c - 751.69 56 22 75 501 172835 1 7465650 142112 1.9 24 13 7 15 47% 40953 12238 2784 125%
c - 753.85 58 23 75 502 172847 1 7488033 142876 1.8 24 13 7 15 47% 40953 12238 2784 125%
c - 756.16 58 22 75 503 172848 1 7510439 145823 1.8 24 13 7 15 47% 40953 12238 2784 125%
c - 758.58 58 22 75 504 172849 1 7532866 146078 1.9 24 13 7 15 47% 40953 12238 2784 125%
c - 761.10 56 21 75 505 172856 1 7555315 147495 1.9 24 13 7 15 47% 40953 12238 2784 125%
c - 763.79 58 21 75 506 172865 1 7577791 150055 1.9 23 12 7 15 47% 40953 12238 2784 125%
c O 766.24 58 20 75 506 172878 1 7599161 169599 1.9 22 12 7 15 47% 40953 12238 2784 125%
c - 766.39 60 19 75 507 172878 1 7600285 152095 1.9 22 12 7 15 47% 40953 12238 2784 125%
c
c  seconds    switched       rate            size/glue  tier1     binary         remaining
c          MB   reductions      conflicts          size   tier2       irredundant
c           level      restarts        redundant      glue    trail         variables
c
c ] 766.74 54 19 76 507 172879 1 7603886 155346 1.9 22 12 7 15 47% 40953 12238 2784 125%
c { 766.74 54 18 76 507 172879 2 7603886 155346 1.7 17 10 7 12 46% 40953 12238 2784 125%
c - 768.70 58 18 76 508 173565 2 7622801 154089 1.7 17 10 7 12 46% 40953 12238 2784 125%
c - 771.02 58 18 76 509 174490 2 7645339 156775 1.7 17 10 7 12 46% 40953 12238 2784 125%
c - 773.34 60 18 76 510 175371 2 7667900 158591 1.7 17 10 7 12 46% 40953 12238 2784 125%
c - 775.60 60 18 76 511 176048 2 7690483 160592 1.7 17 10 7 12 46% 40953 12238 2784 125%
c - 777.96 60 18 76 512 176895 2 7713088 162015 1.7 17 10 7 12 46% 40953 12238 2784 125%
c - 780.19 60 18 76 513 177554 2 7735715 163727 1.7 17 10 7 12 46% 40953 12238 2784 125%
c u 782.24 47 18 76 513 178140 2 7744499 159225 1.7 17 10 7 12 46% 40953 12238 2784 125%
c v 783.36 66 18 76 513 178140 2 7744499 155778 1.7 17 10 7 12 46% 40953 12238 2784 125%
c w 783.74 66 18 76 513 178140 2 7744499 155383 1.7 17 10 7 12 46% 40953 12238 2784 125%
c - 789.29 60 18 76 514 178475 2 7758365 148674 1.7 17 10 7 12 46% 40953 12238 2784 125%
c - 791.61 60 18 76 515 179325 2 7781040 150796 1.7 17 10 7 12 46% 40953 12238 2784 125%
c - 793.84 60 18 76 516 180041 2 7803733 152257 1.7 17 10 7 12 46% 40953 12238 2784 125%
c - 796.23 62 18 76 517 181059 2 7826449 152790 1.7 17 10 7 12 46% 40953 12238 2784 125%
c o 797.11 60 18 76 517 181266 2 7835870 161086 1.7 17 10 7 12 46% 40953 12238 2784 125%
c - 798.55 62 18 76 518 181934 2 7849186 153362 1.6 17 10 7 12 46% 40953 12238 2784 125%
c - 800.85 62 18 76 519 182688 2 7871946 153577 1.6 17 10 7 12 46% 40953 12238 2784 125%
c - 802.99 62 18 76 520 183144 2 7894727 153853 1.6 17 10 7 12 46% 40953 12238 2784 125%
c } 803.57 60 18 77 520 183274 2 7900936 159512 1.6 17 10 7 12 46% 40953 12238 2784 125%
c
c  seconds    switched       rate            size/glue  tier1     binary         remaining
c          MB   reductions      conflicts          size   tier2       irredundant
c           level      restarts        redundant      glue    trail         variables
c
c [ 803.57 60 19 77 520 183274 1 7900936 159512 1.9 22 12 7 15 47% 40953 12238 2784 125%
c B 803.57 60 19 77 520 183274 1 7900936 159512 1.9 22 12 7 15 47% 40953 12238 2784 125%
c - 805.26 60 20 77 521 183284 1 7917530 153808 1.9 22 12 7 15 47% 40953 12238 2784 125%
c - 807.76 60 19 77 522 183294 1 7940356 153859 1.9 22 12 7 15 47% 40953 12238 2784 125%
c - 810.36 60 19 77 523 183303 1 7963204 153980 1.9 22 12 7 15 47% 40953 12238 2784 125%
c - 813.09 60 19 77 524 183307 1 7986073 152055 1.9 23 12 7 15 47% 40953 12238 2784 125%
c - 815.86 60 19 77 525 183319 1 8008965 149917 1.9 23 12 7 15 47% 40953 12238 2784 125%
c u 818.98 66 20 77 525 183328 1 8029679 168407 1.9 23 12 7 15 47% 40953 12238 2784 125%
c v 819.83 66 20 77 525 183328 1 8029679 164885 1.9 23 12 7 15 47% 40953 12238 2784 125%
c w 820.14 66 20 77 525 183328 1 8029679 164593 1.9 23 12 7 15 47% 40953 12238 2784 125%
c - 820.69 58 20 77 526 183329 1 8031877 143751 1.9 23 12 7 15 47% 40953 12238 2784 125%
c - 823.27 58 20 77 527 183335 1 8054811 144150 1.9 23 12 7 15 47% 40953 12238 2784 125%
c - 825.94 60 21 77 528 183336 1 8077768 144987 1.9 23 13 7 15 47% 40953 12238 2784 125%
c - 828.68 60 21 77 529 183339 1 8100746 144682 1.8 23 13 7 15 47% 40953 12238 2784 125%
c - 831.51 62 21 77 530 183351 1 8123746 146431 1.8 23 13 7 15 47% 40953 12238 2784 125%
c - 834.42 62 20 77 531 183361 1 8146768 147209 1.8 23 13 7 15 47% 40953 12238 2784 125%
c ] 834.60 55 20 78 531 183363 1 8148241 148611 1.8 23 13 7 15 47% 40953 12238 2784 125%
c { 834.60 55 18 78 531 183363 2 8148241 148611 1.6 17 10 7 12 46% 40953 12238 2784 125%
c - 836.87 58 18 78 532 184178 2 8169813 148413 1.7 17 10 7 12 46% 40953 12238 2784 125%
c - 839.10 60 17 78 533 184837 2 8192878 150942 1.7 17 10 7 12 46% 40953 12238 2784 125%
c
c  seconds    switched       rate            size/glue  tier1     binary         remaining
c          MB   reductions      conflicts          size   tier2       irredundant
c           level      restarts        redundant      glue    trail         variables
c
c - 841.45 60 18 78 534 185816 2 8215964 153763 1.7 17 10 7 12 46% 40953 12238 2784 125%
c o 841.58 60 18 78 534 185829 2 8217505 155092 1.7 17 10 7 12 46% 40953 12238 2784 125%
c - 843.62 60 17 78 535 186428 2 8239074 155934 1.6 17 10 7 12 46% 40953 12238 2784 125%
c - 845.86 62 17 78 536 187054 2 8262205 158866 1.6 17 10 7 12 46% 40953 12238 2784 125%
c - 848.26 62 17 78 537 187946 2 8285356 162083 1.6 16 10 7 12 46% 40953 12238 2784 125%
c - 850.63 62 17 78 538 188974 2 8308530 164974 1.6 17 10 7 12 46% 40953 12238 2784 125%
c u 853.07 66 18 78 538 189544 2 8320484 173955 1.6 17 10 7 12 46% 40953 12238 2784 125%
c v 854.24 66 18 78 538 189544 2 8320484 170083 1.6 17 10 7 12 46% 40953 12238 2784 125%
c w 854.65 66 18 78 538 189544 2 8320484 169670 1.6 17 10 7 12 46% 40953 12238 2784 125%
c - 855.85 62 18 78 539 189962 2 8331724 162028 1.6 17 10 7 12 46% 40953 12238 2784 125%
c - 858.22 62 18 78 540 190820 2 8354940 163854 1.6 16 10 7 12 46% 40953 12238 2784 125%
c - 860.57 62 18 78 541 191514 2 8378180 165047 1.6 16 10 7 12 46% 40953 12238 2784 125%
c - 862.99 62 18 78 542 192330 2 8401440 165730 1.6 17 10 7 12 46% 40953 12238 2784 125%
c - 865.40 62 18 78 543 193194 2 8424722 166807 1.6 17 10 7 12 46% 40953 12238 2784 125%
c - 867.80 62 18 78 544 193961 2 8448027 167107 1.6 17 10 7 12 46% 40953 12238 2784 125%
c } 869.05 60 18 79 544 194551 2 8459833 177772 1.6 17 10 7 12 46% 40953 12238 2784 125%
c [ 869.05 60 20 79 544 194551 1 8459833 177772 1.8 23 13 7 15 47% 40953 12238 2784 125%
c W 873.08 48 20 79 544 194551 1 8459833 177772 1.8 23 13 7 15 47% 40953 12238 2784 125%
c - 874.09 48 21 79 545 194557 1 8471355 163672 1.8 23 13 7 15 47% 40953 12238 2784 125%
c - 876.25 48 21 79 546 194568 1 8494700 159434 1.8 23 13 7 15 47% 40953 12238 2784 125%
c
c  seconds    switched       rate            size/glue  tier1     binary         remaining
c          MB   reductions      conflicts          size   tier2       irredundant
c           level      restarts        redundant      glue    trail         variables
c
c - 878.76 48 21 79 547 194580 1 8518067 157500 1.8 23 13 7 15 47% 40953 12238 2784 125%
c - 881.38 48 22 79 548 194581 1 8541455 155899 1.8 24 13 7 15 47% 40953 12238 2784 125%
c - 884.07 48 21 79 549 194595 1 8564867 155926 1.8 24 13 7 15 46% 40953 12238 2784 125%
c - 886.77 48 21 79 550 194605 1 8588300 158321 1.8 23 13 7 15 46% 40953 12238 2784 125%
c - 889.48 48 20 79 551 194612 1 8611754 158250 1.8 23 13 7 15 46% 40953 12238 2784 125%
c u 891.27 48 20 79 551 194612 1 8616965 159534 1.8 23 13 7 15 46% 40953 12238 2784 125%
c v 892.49 66 20 79 551 194612 1 8616965 143732 1.8 23 13 7 15 46% 40953 12238 2784 125%
c w 892.91 66 20 79 551 194612 1 8616965 135685 1.8 23 13 7 15 46% 40953 12238 2784 125%
c o 892.95 66 20 79 551 194612 1 8616965 135685 1.8 23 13 7 15 46% 40953 12238 2784 125%
c - 894.56 58 31 79 552 194613 1 8635228 135118 1.7 25 15 7 15 46% 40953 12238 2784 125%
c - 896.81 56 30 79 553 194616 1 8658724 141678 1.7 25 15 7 15 46% 40953 12238 2784 125%
c - 899.19 60 29 79 554 194628 1 8682241 146898 1.7 25 15 7 15 47% 40953 12238 2784 125%
c - 901.69 60 27 79 555 194638 1 8705778 150036 1.8 26 14 7 15 47% 40953 12238 2784 125%
c - 904.45 60 26 79 556 194644 1 8729338 152128 1.8 25 14 7 15 47% 40953 12238 2784 125%
c I 905.42 60 26 79 556 194644 1 8737496 159822 1.8 25 14 7 15 47% 40953 12238 2784 125%
c ] 906.54 60 26 80 556 194651 1 8748983 170998 1.8 26 14 7 15 47% 40953 12238 2784 125%
c { 906.54 60 18 80 556 194651 2 8748983 170998 1.6 17 10 7 12 46% 40953 12238 2784 125%
c - 906.99 62 18 80 557 194747 2 8752917 152490 1.6 17 10 7 12 46% 40953 12238 2784 125%
c - 909.51 60 18 80 558 195636 2 8776519 155042 1.6 17 10 7 12 46% 40953 12238 2784 125%
c - 911.99 62 18 80 559 196467 2 8800142 159458 1.6 17 10 7 12 46% 40953 12238 2784 125%
c
c  seconds    switched       rate            size/glue  tier1     binary         remaining
c          MB   reductions      conflicts          size   tier2       irredundant
c           level      restarts        redundant      glue    trail         variables
c
c - 914.49 62 18 80 560 197260 2 8823785 162561 1.7 17 10 7 12 46% 40953 12238 2784 125%
c - 917.11 62 18 80 561 198380 2 8847449 164384 1.7 17 10 7 12 46% 40953 12238 2784 125%
c - 919.54 62 18 80 562 198963 2 8871134 164234 1.7 17 10 7 12 46% 40953 12238 2784 125%
c - 922.09 62 18 80 563 199874 2 8894840 163602 1.6 17 10 7 12 46% 40953 12238 2784 125%
c - 924.65 62 18 80 564 200823 2 8918570 163865 1.6 17 10 7 12 46% 40953 12238 2784 125%
c u 925.92 63 18 80 564 200823 2 8919122 162360 1.6 17 10 7 12 46% 40953 12238 2784 125%
c v 927.11 64 18 80 564 200823 2 8919122 157820 1.6 17 10 7 12 46% 40953 12238 2784 125%
c w 927.52 64 18 80 564 200823 2 8919122 157427 1.6 17 10 7 12 46% 40953 12238 2784 125%
c - 929.95 62 18 80 565 201576 2 8942321 159205 1.6 17 10 7 12 46% 40953 12238 2784 125%
c - 932.40 62 18 80 566 202202 2 8966091 160661 1.6 17 10 7 12 46% 40953 12238 2784 125%
c - 934.87 62 18 80 567 202987 2 8989881 160704 1.6 17 10 7 12 46% 40953 12238 2784 125%
c - 937.29 62 17 80 568 203568 2 9013693 160798 1.6 17 10 7 12 46% 40953 12238 2784 125%
c o 937.68 60 17 80 568 203645 2 9017802 164395 1.6 17 10 7 12 46% 40953 12238 2784 125%
c - 939.76 62 17 80 569 204289 2 9037525 161311 1.6 17 10 7 12 46% 40953 12238 2784 125%
c - 942.23 62 17 80 570 204988 2 9061378 161079 1.6 16 10 7 12 46% 40953 12238 2784 125%
c } 943.75 62 17 81 570 205651 2 9075426 173668 1.6 16 10 7 12 46% 40953 12238 2784 125%
c [ 943.75 62 26 81 570 205651 1 9075426 173668 1.8 26 14 7 15 47% 40953 12238 2784 125%
c B 943.75 62 26 81 570 205651 1 9075426 173668 1.8 26 14 7 15 47% 40953 12238 2784 125%
c - 944.65 62 26 81 571 205657 1 9085252 159999 1.8 26 14 7 15 47% 40953 12238 2784 125%
c - 947.08 60 26 81 572 205666 1 9109147 156327 1.8 26 14 7 15 47% 40953 12238 2784 125%
c
c  seconds    switched       rate            size/glue  tier1     binary         remaining
c          MB   reductions      conflicts          size   tier2       irredundant
c           level      restarts        redundant      glue    trail         variables
c
c - 949.75 58 25 81 573 205680 1 9133063 153272 1.9 26 14 7 15 47% 40953 12238 2784 125%
c - 952.46 62 25 81 574 205681 1 9157000 153345 1.9 26 14 7 15 47% 40953 12238 2784 125%
c - 955.20 63 25 81 575 205695 1 9180960 151458 2.0 28 14 7 15 47% 40953 12238 2784 125%
c - 957.93 61 25 81 576 205706 1 9204941 151323 2.0 28 14 7 15 48% 40953 12238 2784 125%
c u 961.81 67 24 81 576 205712 1 9226980 171845 2.1 28 13 7 15 48% 40953 12238 2784 125%
c v 963.15 69 24 81 576 205712 1 9226980 170159 2.1 28 13 7 15 48% 40953 12238 2784 125%
c w 963.62 69 24 81 576 205712 1 9226980 168973 2.1 28 13 7 15 48% 40953 12238 2784 125%
c - 963.94 59 24 81 577 205712 1 9228941 153136 2.1 28 13 7 15 48% 40953 12238 2784 125%
c - 966.89 63 23 81 578 205713 1 9252961 157197 2.1 27 13 7 15 47% 40953 12238 2784 125%
c - 969.78 63 24 81 579 205717 1 9277002 156825 2.0 28 13 7 15 47% 40953 12238 2784 125%
c - 972.81 63 25 81 580 205728 1 9301066 154564 2.0 28 14 7 15 47% 40953 12238 2784 125%
c - 976.09 61 24 81 581 205741 1 9325151 155971 2.0 27 14 7 15 47% 40953 12238 2784 125%
c - 979.24 63 24 81 582 205744 1 9349255 156481 2.0 27 14 7 15 46% 40953 12238 2784 125%
c ] 980.41 61 24 82 582 205748 1 9358656 165452 2.0 27 14 7 15 46% 40953 12238 2784 125%
c { 980.41 61 17 82 582 205748 2 9358656 165452 1.6 16 10 7 12 46% 40953 12238 2784 125%
c - 982.02 61 17 82 583 205751 2 9373380 160190 1.7 16 10 7 12 46% 40953 12238 2784 125%
c - 984.49 61 15 82 584 205774 2 9397526 164340 1.6 16 10 7 12 46% 40953 12238 2784 125%
c - 986.92 61 14 82 585 205817 2 9421693 131627 1.6 15 9 6 12 46% 40953 12238 2784 125%
c o 987.90 59 14 82 585 205849 2 9432467 140366 1.6 15 9 6 12 46% 40953 12238 2784 125%
c - 989.14 61 14 82 586 205896 2 9445879 125205 1.6 15 9 6 12 46% 40953 12238 2784 125%
c
c  seconds    switched       rate            size/glue tier1     binary         remaining
c          MB   reductions      conflicts          size  tier2       irredundant
c           level      restarts        redundant     glue    trail         variables
c
c - 991.48 61 13 82 587 206079 2 9470087 126768 1.6 15 9 6 12 46% 40953 12238 2784 125%
c - 993.83 61 12 82 588 206195 1 9494316 126135 1.6 14 9 6 12 46% 40953 12238 2784 125%
c - 996.10 61 12 82 589 206464 1 9518564 125869 1.6 14 9 6 12 46% 40953 12238 2784 125%
c u 999.43 63 12 82 589 206636 1 9540540 140834 1.6 14 9 6 12 46% 40953 12238 2784 125%
c v 1000.69 64 12 82 589 206636 1 9540540 131735 1.6 14 9 6 12 46% 40953 12238 2784 125%
c w 1000.91 64 12 82 589 206636 1 9540540 131634 1.6 14 9 6 12 46% 40953 12238 2784 125%
c - 1001.20 59 12 82 590 206691 1 9542833 118023 1.6 14 9 6 12 46% 40953 12238 2784 125%
c - 1003.52 59 11 82 591 206973 1 9567123 122023 1.6 14 9 6 12 46% 40953 12238 2784 125%
c - 1005.85 61 11 82 592 207247 1 9591434 127101 1.6 14 9 6 12 46% 40953 12238 2784 125%
c - 1008.21 61 11 82 593 207665 1 9615767 128850 1.6 14 9 6 12 46% 40953 12238 2784 125%
c - 1010.60 61 11 82 594 208117 1 9640120 129611 1.6 14 9 6 12 46% 40953 12238 2784 125%
c - 1013.02 61 11 82 595 208517 1 9664492 129616 1.6 14 9 6 12 46% 40953 12238 2784 125%
c - 1015.46 61 11 82 596 209003 1 9688884 130625 1.6 13 9 6 11 46% 40953 12238 2784 125%
c } 1016.60 59 11 83 596 209299 1 9700262 139395 1.6 13 9 6 11 46% 40953 12238 2784 125%
c [ 1016.60 59 24 83 596 209299 1 9700262 139395 2.0 27 14 7 15 46% 40953 12238 2784 125%
c W 1021.55 49 24 83 596 209299 1 9700262 139395 2.0 27 14 7 15 46% 40953 12238 2784 125%
c - 1022.68 49 25 83 597 209306 1 9713297 129599 2.0 28 14 7 15 47% 40953 12238 2784 125%
c - 1025.08 49 24 83 598 209317 1 9737730 129491 2.0 28 14 7 15 47% 40953 12238 2784 125%
c - 1027.53 49 24 83 599 209328 1 9762184 130604 2.0 28 14 7 15 47% 40953 12238 2784 125%
c - 1030.20 49 24 83 600 209333 1 9786659 129417 2.0 28 14 7 15 47% 40953 12238 2784 125%
c
c   seconds    switched       rate            size/glue  tier1     binary         remaining
c           MB   reductions      conflicts          size   tier2       irredundant
c            level      restarts        redundant      glue    trail         variables
c
c - 1033.07 49 23 83 601 209344 1 9811153 130525 2.0 27 14 7 15 48% 40953 12238 2784 125%
c - 1035.85 49 23 83 602 209358 1 9835670 133358 2.0 27 13 7 15 48% 40953 12238 2784 125%
c u 1039.91 67 22 83 602 209360 1 9859825 153458 2.0 26 13 7 15 48% 40953 12238 2784 125%
c v 1041.21 67 22 83 602 209360 1 9859825 145287 2.0 26 13 7 15 48% 40953 12238 2784 125%
c w 1041.66 67 22 83 602 209360 1 9859825 134143 2.0 26 13 7 15 48% 40953 12238 2784 125%
c o 1041.70 67 22 83 602 209360 1 9859825 134143 2.0 26 13 7 15 48% 40953 12238 2784 125%
c - 1041.76 55 23 83 603 209360 1 9860206 117108 1.9 26 13 7 15 48% 40953 12238 2784 125%
c - 1044.06 56 29 83 604 209361 1 9884763 121348 1.9 27 14 7 15 48% 40953 12238 2784 125%
c - 1046.74 61 30 83 605 209368 1 9909344 121871 1.8 27 15 7 15 47% 40953 12238 2784 125%
c - 1049.45 61 29 83 606 209380 1 9933941 124397 1.9 27 14 7 15 47% 40953 12238 2784 125%
c - 1052.30 57 28 83 607 209391 1 9958558 127113 1.8 27 14 6 15 47% 40953 12238 2784 125%
c - 1055.52 59 27 83 608 209396 1 9983195 128468 1.8 26 14 6 15 47% 40953 12238 2784 125%
c O 1058.23 61 25 83 608 209407 1 10005457 149050 1.8 25 14 6 15 47% 40953 12238 2784 125%
c - 1058.58 61 25 83 609 209407 1 10007853 131843 1.8 25 14 6 15 47% 40953 12238 2784 125%
c ] 1058.65 56 25 84 609 209407 1 10008438 132324 1.8 25 14 6 15 47% 40953 12238 2784 125%
c { 1058.65 56 11 84 609 209407 1 10008438 132324 1.6 13 9 6 11 46% 40953 12238 2784 125%
c - 1061.92 59 13 84 610 213078 2 10032532 134618 1.5 14 9 6 11 46% 40953 12238 2784 125%
c - 1065.07 61 15 84 611 215907 2 10057231 134920 1.5 15 10 6 11 46% 40953 12238 2784 125%
c - 1067.86 61 16 84 612 217471 2 10081950 134807 1.5 15 10 6 11 46% 40953 12238 2784 125%
c - 1070.63 61 16 84 613 218978 3 10106688 134738 1.5 15 10 6 11 46% 40953 12238 2784 125%
c
c   seconds    switched       rate             size/glue  tier1     binary         remaining
c           MB   reductions      conflicts           size   tier2       irredundant
c            level      restarts         redundant      glue    trail         variables
c
c - 1073.27 61 17 84 614 219997 3 10131446 134391 1.6 16 10 6 11 46% 40953 12238 2784 125%
c - 1075.87 61 17 84 615 220958 2 10156225 134207 1.6 16 10 6 11 46% 40953 12238 2784 125%
c - 1078.56 61 17 84 616 222102 3 10181026 133094 1.6 16 10 6 11 46% 40953 12238 2784 125%
c u 1080.29 63 17 84 616 222302 3 10184863 129356 1.6 16 10 6 11 46% 40953 12238 2784 125%
c v 1081.64 63 17 84 616 222302 3 10184863 123885 1.6 16 10 6 11 46% 40953 12238 2784 125%
c w 1082.12 63 17 84 616 222302 3 10184863 123198 1.6 16 10 6 11 46% 40953 12238 2784 125%
c - 1084.26 61 17 84 617 222959 2 10205846 122742 1.6 16 10 6 11 46% 40953 12238 2784 125%
c - 1086.90 59 17 84 618 224091 2 10230686 125492 1.6 16 10 6 11 46% 40953 12238 2784 125%
c - 1089.45 59 17 84 619 224834 2 10255546 125422 1.6 16 10 6 11 46% 40953 12238 2784 125%
c - 1092.04 59 17 84 620 225794 2 10280425 125143 1.6 16 10 6 11 46% 40953 12238 2784 125%
c o 1093.11 59 17 84 620 226167 2 10290481 134156 1.6 16 10 6 11 46% 40953 12238 2784 125%
c - 1094.75 61 17 84 621 226766 2 10305325 125155 1.6 16 10 6 11 46% 40953 12238 2784 125%
c - 1097.36 61 17 84 622 227620 2 10330244 125208 1.6 16 10 6 11 46% 40953 12238 2784 125%
c - 1099.94 59 17 84 623 228499 2 10355183 124138 1.6 16 10 6 11 46% 40953 12238 2784 125%
c } 1101.08 59 18 85 623 228967 2 10365516 133644 1.6 16 10 6 11 46% 40953 12238 2784 125%
c [ 1101.08 59 25 85 623 228967 1 10365516 133644 1.8 25 14 6 15 47% 40953 12238 2784 125%
c B 1101.08 59 25 85 623 228967 1 10365516 133644 1.8 25 14 6 15 47% 40953 12238 2784 125%
c - 1102.66 61 24 85 624 228976 1 10380142 123296 1.8 25 14 6 15 47% 40953 12238 2784 125%
c - 1105.48 59 23 85 625 228987 1 10405121 122606 1.8 24 13 6 15 47% 40953 12238 2784 125%
c - 1108.56 59 21 85 626 228996 1 10430122 122740 1.8 23 13 6 15 47% 40953 12238 2784 125%
c
c   seconds    switched       rate             size/glue  tier1     binary         remaining
c           MB   reductions      conflicts           size   tier2       irredundant
c            level      restarts         redundant      glue    trail         variables
c
c - 1111.57 56 22 85 627 229003 1 10455142 119388 1.8 24 13 6 15 47% 40953 12238 2784 125%
c - 1114.72 59 23 85 628 229012 1 10480181 112471 1.8 24 14 6 15 47% 40953 12238 2784 125%
c - 1117.69 59 23 85 629 229027 1 10505242 112509 1.8 24 14 6 15 47% 40953 12238 2784 125%
c u 1120.41 63 23 85 629 229028 1 10515654 118953 1.8 24 14 6 15 47% 40953 12238 2784 125%
c v 1122.02 64 23 85 629 229028 1 10515654 117991 1.8 24 14 6 15 47% 40953 12238 2784 125%
c w 1122.53 67 23 85 629 229028 1 10515654 116039 1.8 24 14 6 15 47% 40953 12238 2784 125%
c - 1124.35 59 22 85 630 229029 1 10530321 112855 1.8 24 13 6 15 47% 40953 12238 2784 125%
c - 1127.38 59 22 85 631 229029 1 10555421 117113 1.8 24 13 6 15 47% 40953 12238 2784 125%
c - 1130.42 59 21 85 632 229041 1 10580541 118778 1.8 23 13 6 15 47% 40953 12238 2784 125%
c - 1133.31 61 20 85 633 229051 1 10605682 120528 1.8 23 13 6 15 47% 40953 12238 2784 125%
c - 1136.47 59 20 85 634 229060 1 10630844 120206 1.8 23 12 6 15 47% 40953 12238 2784 125%
c - 1139.72 61 20 85 635 229067 1 10656025 119706 1.9 23 13 6 15 47% 40953 12238 2784 125%
c - 1142.89 59 19 85 636 229079 1 10681227 120975 1.8 23 12 6 15 47% 40953 12238 2784 125%
c ] 1143.05 59 19 86 636 229080 1 10682701 122306 1.8 23 12 6 15 46% 40953 12238 2784 125%
c { 1143.05 59 18 86 636 229080 2 10682701 122306 1.6 16 10 6 11 46% 40953 12238 2784 125%
c - 1148.01 56 25 86 637 233196 4 10706446 116290 1.7 20 12 6 11 46% 40953 12238 2784 125%
c o 1153.07 61 32 86 637 237332 5 10730483 140126 1.7 23 13 6 11 46% 40953 12238 2784 125%
c - 1153.36 56 32 86 638 237538 5 10731684 107344 1.7 23 13 6 11 46% 40953 12238 2784 125%
c - 1158.81 59 37 86 639 241682 6 10756942 105231 1.7 25 15 6 11 46% 40953 12238 2784 125%
c - 1163.82 59 41 86 640 245109 7 10782220 105349 1.8 27 15 6 11 46% 40953 12238 2784 125%
c
c   seconds    switched       rate             size/glue  tier1     binary         remaining
c           MB   reductions      conflicts           size   tier2       irredundant
c            level      restarts         redundant      glue    trail         variables
c
c - 1168.47 59 43 86 641 247784 7 10807521 106178 1.8 29 16 6 11 46% 40953 12238 2784 125%
c - 1172.61 56 44 86 642 249668 6 10832838 107306 1.9 30 16 6 12 46% 40953 12238 2784 125%
c u 1177.75 63 45 86 642 251149 6 10852223 120941 1.9 31 16 6 12 46% 40953 12238 2784 125%
c v 1179.74 63 45 86 642 251149 6 10852223 119900 1.9 31 16 6 12 46% 40953 12238 2784 125%
c w 1180.48 63 45 86 642 251149 6 10852223 119805 1.9 31 16 6 12 46% 40953 12238 2784 125%
c - 1181.38 57 45 86 643 251267 6 10858175 101855 1.9 31 16 6 12 46% 40953 12238 2784 125%
c - 1185.26 59 46 86 644 252827 6 10883533 102378 1.9 32 17 6 12 46% 40953 12238 2784 125%
c - 1189.26 59 47 86 645 254566 6 10908911 101745 1.9 32 17 6 12 46% 40953 12238 2784 125%
c - 1193.25 59 47 86 646 255880 5 10934308 101337 1.9 33 17 6 12 46% 40953 12238 2784 125%
c - 1196.91 59 46 86 647 256941 5 10959724 101590 2.0 33 17 6 12 46% 40953 12238 2784 125%
c - 1201.02 59 47 86 648 258277 5 10985161 101315 2.0 33 17 6 12 46% 40953 12238 2784 125%
c - 1204.95 59 47 86 649 259441 5 11010617 101314 2.0 33 17 6 12 46% 40953 12238 2784 125%
c - 1208.70 59 47 86 650 260515 5 11036093 101570 2.0 34 17 6 12 46% 40953 12238 2784 125%
c } 1211.76 59 47 87 650 261578 5 11055557 120714 2.0 34 17 6 12 46% 40953 12238 2784 125%
c [ 1211.76 59 19 87 650 261578 1 11055557 120714 1.8 23 12 6 15 46% 40953 12238 2784 125%
c W 1217.56 49 19 87 650 261578 1 11055557 120714 1.8 23 12 6 15 46% 40953 12238 2784 125%
c - 1218.20 49 19 87 651 261582 1 11061588 101263 1.8 23 12 6 15 47% 40953 12238 2784 125%
c - 1220.92 49 19 87 652 261592 1 11087103 105723 1.8 23 12 6 15 47% 40953 12238 2784 125%
c - 1223.92 49 20 87 653 261606 1 11112637 110689 1.8 23 12 6 15 47% 40953 12238 2784 125%
c - 1227.09 49 21 87 654 261609 1 11138190 108662 1.8 23 13 6 15 47% 40953 12238 2784 125%
c
c   seconds    switched       rate             size/glue  tier1     binary         remaining
c           MB   reductions      conflicts           size   tier2       irredundant
c            level      restarts         redundant      glue    trail         variables
c
c - 1230.45 49 21 87 655 261623 1 11163763 107978 1.8 23 13 6 15 47% 40953 12238 2784 125%
c - 1233.86 49 21 87 656 261636 1 11189355 111402 1.8 24 13 6 15 47% 40953 12238 2784 125%
c u 1236.10 49 21 87 656 261637 1 11194566 112683 1.8 24 13 6 15 47% 40953 12238 2784 125%
c v 1237.94 49 21 87 656 261637 1 11194566 107561 1.8 24 13 6 15 47% 40953 12238 2784 125%
c w 1238.58 49 21 87 656 261637 1 11194566 105124 1.8 24 13 6 15 47% 40953 12238 2784 125%
c o 1238.62 49 21 87 656 261637 1 11194566 105124 1.8 24 13 6 15 47% 40953 12238 2784 125%
c - 1240.76 49 21 87 657 261639 1 11214969 106423 1.8 23 13 6 15 47% 40953 12238 2784 125%
c - 1243.55 49 21 87 658 261640 1 11240605 109856 1.8 24 13 6 15 47% 40953 12238 2784 125%
c - 1246.56 49 22 87 659 261649 1 11266258 109883 1.8 24 13 6 15 47% 40953 12238 2784 125%
c - 1249.78 49 21 87 660 261661 1 11291928 112121 1.8 24 13 6 15 47% 40953 12238 2784 125%
c - 1252.92 49 20 87 661 261670 1 11317618 115208 1.8 23 13 6 15 46% 40953 12238 2784 125%
c - 1255.81 49 22 87 662 261678 1 11343327 112061 1.8 25 14 6 15 47% 40953 12238 2784 125%
c - 1258.78 49 24 87 663 261688 1 11369056 105962 1.9 27 14 6 15 47% 40953 12238 2784 125%
c I 1261.10 49 25 87 663 261700 1 11389231 125517 1.9 28 15 6 15 47% 40953 12238 2784 125%
c - 1261.71 49 26 87 664 261701 1 11394805 103665 1.9 29 15 6 15 47% 40953 12238 2784 125%
c - 1264.34 49 26 87 665 261703 1 11420573 104577 1.9 29 15 6 15 48% 40953 12238 2784 125%
c - 1267.31 49 26 87 666 261703 1 11446362 107262 1.9 28 15 6 15 48% 40953 12238 2784 125%
c - 1270.57 49 28 87 667 261704 1 11472171 103858 1.8 30 16 6 15 48% 40953 12238 2784 125%
c - 1273.81 49 30 87 668 261704 1 11497997 98334 1.8 31 17 6 15 48% 40953 12238 2784 125%
c - 1276.89 49 31 87 669 261711 1 11523842 97578 1.8 31 17 6 15 48% 40953 12238 2784 125%
c
c   seconds    switched       rate             size/glue  tier1     binary         remaining
c           MB   reductions      conflicts           size   tier2       irredundant
c            level      restarts         redundant      glue    trail         variables
c
c u 1280.56 49 31 87 669 261719 1 11542737 110379 1.8 31 17 6 15 48% 40953 12238 2784 125%
c v 1282.07 49 31 87 669 261719 1 11542737 109910 1.8 31 17 6 15 48% 40953 12238 2784 125%
c w 1282.66 49 31 87 669 261719 1 11542737 108756 1.8 31 17 6 15 48% 40953 12238 2784 125%
c - 1289.47 49 31 87 670 261722 1 11549707 92888 1.8 31 18 6 15 48% 40953 12238 2784 125%
c - 1292.52 49 30 87 671 261734 1 11575593 94876 1.8 31 17 6 15 48% 40953 12238 2784 125%
c ] 1293.70 49 31 88 671 261735 1 11585981 104862 1.8 32 18 6 15 48% 40953 12238 2784 125%
c { 1293.70 49 47 88 671 261735 5 11585981 104862 2.0 34 17 6 12 46% 40953 12238 2784 125%
c - 1295.56 49 43 88 672 261739 4 11601496 100126 2.0 32 16 6 12 46% 40953 12238 2784 125%
c - 1298.47 49 37 88 673 261739 3 11627418 108727 1.9 29 15 6 12 46% 40953 12238 2784 125%
c - 1301.45 49 32 88 674 261758 3 11653360 114902 1.9 27 14 6 12 46% 40953 12238 2784 125%
c o 1302.39 49 31 88 674 261768 3 11662907 124064 1.9 27 14 6 12 46% 40953 12238 2784 125%
c - 1304.02 49 29 88 675 261783 3 11679322 117766 1.9 26 13 6 12 46% 40953 12238 2784 125%
c - 1306.67 49 25 88 676 261802 2 11705303 118199 1.9 24 13 6 12 47% 40953 12238 2784 125%
c - 1309.17 49 23 88 677 261846 2 11731303 118985 1.9 23 12 6 12 46% 40953 12238 2784 125%
c - 1311.86 49 21 88 678 261858 2 11757323 119359 1.9 22 12 6 12 46% 40953 12238 2784 125%
c - 1314.48 49 20 88 679 262054 2 11783361 119612 1.8 21 11 6 12 46% 40953 12238 2784 125%
c - 1317.17 49 19 88 680 262347 2 11809419 120624 1.8 20 11 6 12 46% 40953 12238 2784 125%
c - 1319.77 49 19 88 681 262619 2 11835495 120566 1.8 19 11 6 12 46% 40953 12238 2784 125%
c - 1322.42 49 18 88 682 263000 2 11861592 120584 1.8 19 11 6 12 46% 40953 12238 2784 125%
c - 1325.05 49 18 88 683 263475 2 11887707 122281 1.7 18 10 6 12 46% 40953 12238 2784 125%
c
c   seconds    switched       rate             size/glue  tier1     binary         remaining
c           MB   reductions      conflicts           size   tier2       irredundant
c            level      restarts         redundant      glue    trail         variables
c
c u 1326.92 49 18 88 683 263716 2 11896712 126471 1.7 18 10 6 12 46% 40953 12238 2784 125%
c v 1327.89 49 18 88 683 263716 2 11896712 120277 1.7 18 10 6 12 46% 40953 12238 2784 125%
c w 1328.24 49 18 88 683 263716 2 11896712 119123 1.7 18 10 6 12 46% 40953 12238 2784 125%
c - 1330.30 49 18 88 684 264214 2 11913841 117295 1.7 18 10 6 12 46% 40953 12238 2784 125%
c - 1333.03 49 18 88 685 264942 2 11939996 120906 1.7 18 10 6 12 46% 40953 12238 2784 125%
c - 1335.75 49 18 88 686 265681 2 11966169 122200 1.7 18 10 6 12 46% 40953 12238 2784 125%
c } 1336.63 49 18 89 686 265831 2 11974918 129812 1.7 17 10 6 12 46% 40953 12238 2784 125%
c [ 1336.63 49 31 89 686 265831 1 11974918 129812 1.8 32 18 6 15 48% 40953 12238 2784 125%
c B 1336.63 49 31 89 686 265831 1 11974918 129812 1.8 32 18 6 15 48% 40953 12238 2784 125%
c - 1338.39 49 29 89 687 265842 1 11992362 119071 1.8 31 17 6 15 48% 40953 12238 2784 125%
c - 1341.21 49 27 89 688 265852 1 12018572 117127 1.8 29 16 6 15 48% 40953 12238 2784 125%
c - 1344.34 49 25 89 689 265861 1 12044802 120414 1.8 27 15 6 15 48% 40953 12238 2784 125%
c - 1347.44 49 25 89 690 265870 1 12071051 120321 1.8 26 15 6 15 48% 40953 12238 2784 125%
c - 1350.58 49 24 89 691 265882 1 12097320 119470 1.8 26 14 6 15 48% 40953 12238 2784 125%
c - 1353.83 49 23 89 692 265892 1 12123608 121434 1.8 25 14 6 15 48% 40953 12238 2784 125%
c - 1356.93 49 23 89 693 265893 1 12149916 120820 1.8 25 14 6 15 48% 40953 12238 2784 125%
c - 1360.06 49 23 89 694 265897 1 12176241 116455 1.8 25 14 6 15 47% 40953 12238 2784 125%
c - 1363.28 49 22 89 695 265908 1 12202585 118190 1.8 25 14 6 15 47% 40953 12238 2784 125%
c - 1366.91 49 22 89 696 265922 1 12228947 121630 1.8 25 14 6 15 47% 40953 12238 2784 125%
c - 1370.30 49 21 89 697 265926 1 12255329 121437 1.8 24 13 6 15 47% 40953 12238 2784 125%
c
c   seconds    switched       rate             size/glue  tier1     binary         remaining
c           MB   reductions      conflicts           size   tier2       irredundant
c            level      restarts         redundant      glue    trail         variables
c
c u 1371.94 49 21 89 697 265927 1 12256538 119289 1.8 24 13 6 15 47% 40953 12238 2784 125%
c v 1373.55 49 21 89 697 265927 1 12256538 114866 1.8 24 13 6 15 47% 40953 12238 2784 125%
c w 1374.10 49 21 89 697 265927 1 12256538 109306 1.8 24 13 6 15 47% 40953 12238 2784 125%
c o 1374.13 49 21 89 697 265927 1 12256538 109306 1.8 24 13 6 15 47% 40953 12238 2784 125%
c - 1376.66 49 24 89 698 265939 1 12281730 111390 1.8 25 14 6 15 47% 40953 12238 2784 125%
c - 1379.63 49 24 89 699 265953 1 12308149 114980 1.8 25 14 6 15 48% 40953 12238 2784 125%
c ] 1379.93 49 24 90 699 265953 1 12310602 117339 1.8 25 14 6 15 48% 40953 12238 2784 125%
c { 1379.93 49 18 90 699 265953 2 12310602 117339 1.7 17 10 6 12 46% 40953 12238 2784 125%
c - 1382.60 49 18 90 700 266939 2 12334587 121133 1.7 17 10 6 12 46% 40953 12238 2784 125%
c - 1385.46 49 18 90 701 267756 2 12361044 126212 1.7 17 10 6 12 46% 40953 12238 2784 125%
c - 1388.46 49 18 90 702 268798 2 12387521 128647 1.7 17 10 6 12 46% 40953 12238 2784 125%
c - 1391.49 49 18 90 703 269733 2 12414016 130479 1.7 17 10 6 12 46% 40953 12238 2784 125%
c - 1394.50 49 18 90 704 270538 2 12440530 131910 1.7 17 10 6 12 46% 40953 12238 2784 125%
c - 1397.69 49 18 90 705 270994 2 12467062 132105 1.7 17 10 6 12 46% 40953 12238 2784 125%
c - 1401.08 49 18 90 706 272173 2 12493613 132136 1.7 17 10 6 12 46% 40953 12238 2784 125%
c - 1404.34 49 18 90 707 273198 2 12520184 132863 1.7 17 10 6 12 46% 40953 12238 2784 125%
c - 1407.40 49 18 90 708 274045 2 12546775 132639 1.7 17 10 6 12 46% 40953 12238 2784 125%
c - 1410.82 49 17 90 709 274858 2 12573383 132260 1.7 17 10 6 12 46% 40953 12238 2784 125%
c - 1413.74 49 18 90 710 275805 2 12600010 133067 1.7 17 10 6 12 46% 40953 12238 2784 125%
c u 1417.91 49 18 90 710 276818 2 12622217 148548 1.7 17 10 6 12 46% 40953 12238 2784 125%
c
c   seconds    switched       rate             size/glue  tier1     binary         remaining
c           MB   reductions      conflicts           size   tier2       irredundant
c            level      restarts         redundant      glue    trail         variables
c
c v 1419.46 49 18 90 710 276818 2 12622217 144463 1.7 17 10 6 12 46% 40953 12238 2784 125%
c w 1420.05 49 18 90 710 276818 2 12622217 143918 1.7 17 10 6 12 46% 40953 12238 2784 125%
c - 1420.61 49 18 90 711 276943 2 12626657 126148 1.7 17 10 6 12 46% 40953 12238 2784 125%
c - 1423.45 49 18 90 712 277717 2 12653322 127838 1.7 17 10 6 12 46% 40953 12238 2784 125%
c - 1426.30 49 18 90 713 278617 2 12680005 128569 1.7 17 10 6 12 46% 40953 12238 2784 125%
c - 1429.07 49 18 90 714 279248 2 12706709 129227 1.7 17 10 6 12 46% 40953 12238 2784 125%
c } 1430.07 49 18 91 714 279611 2 12715922 137574 1.7 17 10 6 12 46% 40953 12238 2784 125%
c [ 1430.07 49 24 91 714 279611 1 12715922 137574 1.8 25 14 6 15 48% 40953 12238 2784 125%
c W 1437.17 49 24 91 714 279611 1 12715922 137574 1.8 25 14 6 15 48% 40953 12238 2784 125%
c - 1438.95 49 24 91 715 279622 1 12733430 127326 1.8 25 14 6 15 48% 40953 12238 2784 125%
c - 1442.01 49 22 91 716 279632 1 12760169 127054 1.9 25 13 6 15 48% 40953 12238 2784 125%
c - 1445.23 49 21 91 717 279641 1 12786928 128033 1.9 25 13 6 15 48% 40953 12238 2784 125%
c - 1449.70 49 21 91 718 279651 1 12813705 124830 1.9 25 13 6 15 48% 40953 12238 2784 125%
c - 1453.38 49 21 91 719 279663 1 12840500 125193 1.9 25 13 6 15 48% 40953 12238 2784 125%
c - 1456.90 49 20 91 720 279672 1 12867314 129449 1.9 25 13 6 15 48% 40953 12238 2784 125%
c - 1460.36 49 20 91 721 279673 1 12894146 130685 1.9 25 13 6 15 48% 40953 12238 2784 125%
c - 1463.71 49 20 91 722 279680 1 12920997 131177 1.9 25 13 6 15 48% 40953 12238 2784 125%
c - 1467.22 49 19 91 723 279691 1 12947867 131201 1.9 24 13 6 15 48% 40953 12238 2784 125%
c - 1470.60 49 18 91 724 279703 1 12974758 133927 1.9 23 12 6 15 48% 40953 12238 2784 125%
c u 1474.35 67 19 91 724 279704 1 12993749 144979 1.9 23 13 6 15 48% 40953 12238 2784 125%
c
c   seconds    switched       rate             size/glue  tier1     binary         remaining
c           MB   reductions      conflicts           size   tier2       irredundant
c            level      restarts         redundant      glue    trail         variables
c
c v 1476.15 67 19 91 724 279704 1 12993749 120764 1.9 23 13 6 15 48% 40953 12238 2784 125%
c w 1476.76 67 19 91 724 279704 1 12993749 119267 1.9 23 13 6 15 48% 40953 12238 2784 125%
c o 1476.79 67 19 91 724 279704 1 12993749 119267 1.9 23 13 6 15 48% 40953 12238 2784 125%
c - 1477.58 59 20 91 725 279710 1 13001665 111329 1.8 23 13 6 15 48% 40953 12238 2784 125%
c - 1480.43 59 20 91 726 279721 1 13028590 123095 1.8 23 13 6 15 48% 40953 12238 2784 125%
c - 1483.59 59 20 91 727 279734 1 13055534 128499 1.8 23 12 6 15 48% 40953 12238 2784 125%
c ] 1485.79 59 19 92 727 279735 1 13071843 143524 1.8 23 12 6 15 48% 40953 12238 2784 125%
c { 1485.79 59 18 92 727 279735 2 13071843 143524 1.7 17 10 6 12 46% 40953 12238 2784 125%
c - 1487.02 61 18 92 728 280080 2 13082496 130501 1.7 17 10 6 12 46% 40953 12238 2784 125%
c - 1489.95 61 18 92 729 281036 2 13109478 131687 1.7 17 10 6 12 46% 40953 12238 2784 125%
c - 1492.98 59 18 92 730 281965 2 13136478 132166 1.6 17 10 6 12 46% 40953 12238 2784 125%
c - 1495.91 61 18 92 731 282758 2 13163497 132465 1.7 17 10 6 12 46% 40953 12238 2784 125%
c - 1499.20 61 18 92 732 283836 2 13190534 132800 1.7 17 10 6 12 46% 40953 12238 2784 125%
c - 1502.11 61 17 92 733 284530 2 13217589 132725 1.6 17 10 6 12 46% 40953 12238 2784 125%
c - 1505.20 61 18 92 734 285601 2 13244662 132936 1.6 17 10 6 12 46% 40953 12238 2784 125%
c - 1508.16 61 18 92 735 286502 2 13271755 133124 1.6 17 10 6 12 46% 40953 12238 2784 125%
c - 1511.08 61 18 92 736 287472 2 13298865 132605 1.6 17 10 6 12 46% 40953 12238 2784 125%
c - 1514.06 61 18 92 737 288657 2 13325996 132327 1.6 17 10 6 12 46% 40953 12238 2784 125%
c - 1517.00 61 18 92 738 289625 2 13353143 132636 1.6 17 10 6 12 46% 40953 12238 2784 125%
c u 1520.48 63 18 92 738 290353 2 13371160 144800 1.6 17 10 6 12 46% 40953 12238 2784 125%
c
c   seconds    switched       rate             size/glue  tier1     binary         remaining
c           MB   reductions      conflicts           size   tier2       irredundant
c            level      restarts         redundant      glue    trail         variables
c
c v 1522.08 63 18 92 738 290353 2 13371160 140088 1.6 17 10 6 12 46% 40953 12238 2784 125%
c w 1522.64 63 18 92 738 290353 2 13371160 139654 1.6 17 10 6 12 46% 40953 12238 2784 125%
c - 1523.69 61 18 92 739 290648 2 13380310 125724 1.6 17 10 6 12 46% 40953 12238 2784 125%
c - 1526.64 61 18 92 740 291612 2 13407494 127887 1.6 17 10 6 12 46% 40953 12238 2784 125%
c - 1529.64 61 18 92 741 292683 2 13434697 129083 1.6 17 10 6 12 46% 40953 12238 2784 125%
c - 1532.56 61 18 92 742 293532 2 13461918 129821 1.6 17 10 6 12 46% 40953 12238 2784 125%
c o 1535.05 61 18 92 742 294385 2 13483832 149509 1.6 17 10 6 12 46% 40953 12238 2784 125%
c - 1535.58 61 18 92 743 294524 2 13489157 129867 1.6 17 10 6 12 46% 40953 12238 2784 125%
c } 1536.02 59 18 93 743 294574 2 13493849 133894 1.6 17 10 6 12 46% 40953 12238 2784 125%
c [ 1536.02 59 19 93 743 294574 1 13493849 133894 1.8 23 12 6 15 48% 40953 12238 2784 125%
c O 1536.02 59 19 93 743 294574 1 13493849 133894 1.8 23 12 6 15 48% 40953 12238 2784 125%
c - 1538.23 61 19 93 744 294587 1 13516415 130501 1.8 22 12 6 15 48% 40953 12238 2784 125%
c - 1541.19 61 18 93 745 294599 1 13543692 131327 1.8 22 12 6 15 48% 40953 12238 2784 125%
c - 1544.30 61 18 93 746 294604 1 13570986 131351 1.9 22 12 6 15 48% 40953 12238 2784 125%
c - 1547.73 61 18 93 747 294618 1 13598299 131697 1.9 22 12 6 15 48% 40953 12238 2784 125%
c - 1551.24 61 18 93 748 294630 1 13625631 133823 1.9 23 12 6 15 48% 40953 12238 2784 125%
c - 1554.84 61 17 93 749 294635 1 13652980 135873 1.9 22 12 6 15 48% 40953 12238 2784 125%
c - 1558.33 59 18 93 750 294636 1 13680347 136710 1.9 22 12 6 15 48% 40953 12238 2784 125%
c - 1561.49 61 19 93 751 294647 1 13707733 133918 1.9 23 12 6 15 47% 40953 12238 2784 125%
c - 1564.86 61 19 93 752 294658 1 13735137 134513 1.9 22 12 6 15 48% 40953 12238 2784 125%
c
c   seconds    switched       rate             size/glue  tier1     binary         remaining
c           MB   reductions      conflicts           size   tier2       irredundant
c            level      restarts         redundant      glue    trail         variables
c
c u 1568.92 67 19 93 752 294666 1 13754474 144726 1.9 23 12 6 15 48% 40953 12238 2784 125%
c v 1570.70 67 19 93 752 294666 1 13754474 134107 1.9 23 12 6 15 48% 40953 12238 2784 125%
c w 1571.31 69 19 93 752 294666 1 13754474 128164 1.9 23 12 6 15 48% 40953 12238 2784 125%
c - 1572.34 59 19 93 753 294667 1 13762559 117574 1.9 23 12 6 15 48% 40953 12238 2784 125%
c - 1575.55 61 19 93 754 294678 1 13789999 125329 1.9 23 12 6 15 48% 40953 12238 2784 125%
c - 1578.82 61 19 93 755 294689 1 13817458 128506 1.9 23 12 6 15 48% 40953 12238 2784 125%
c - 1582.13 59 20 93 756 294698 1 13844936 128152 1.9 24 13 6 15 48% 40953 12238 2784 125%
c B 1584.85 61 22 93 756 294699 1 13866919 149383 1.9 25 13 6 15 48% 40953 12238 2784 125%
c - 1585.46 61 23 93 757 294699 1 13872431 122582 1.9 26 14 6 15 48% 40953 12238 2784 125%
c ] 1585.62 56 23 94 757 294699 1 13873892 124016 1.9 26 14 6 15 48% 40953 12238 2784 125%
c { 1585.62 56 18 94 757 294699 2 13873892 124016 1.6 17 10 6 12 46% 40953 12238 2784 125%
c - 1588.52 61 17 94 758 295358 2 13899945 106784 1.6 17 10 5 12 46% 40953 12238 2784 125%
c - 1591.57 59 18 94 759 296628 2 13927477 110238 1.6 17 10 5 12 46% 40953 12238 2784 125%
c - 1594.51 59 18 94 760 297665 2 13955028 111725 1.6 17 10 5 12 46% 40953 12238 2784 125%
c - 1597.47 59 18 94 761 298689 2 13982596 112329 1.6 17 10 5 12 46% 40953 12238 2784 125%
c o 1597.99 56 18 94 761 298728 2 13988049 117111 1.6 17 10 5 12 46% 40953 12238 2784 125%
c - 1600.43 61 18 94 762 299498 2 14010183 112412 1.7 17 10 5 12 46% 40953 12238 2784 125%
c - 1603.56 61 18 94 763 300657 2 14037787 111981 1.6 17 10 5 12 46% 40953 12238 2784 125%
c - 1606.37 61 17 94 764 301224 2 14065410 112160 1.7 17 10 5 11 46% 40953 12238 2784 125%
c - 1609.32 59 18 94 765 302244 2 14093052 112214 1.6 17 10 5 11 46% 40953 12238 2784 125%
c
c   seconds    switched       rate             size/glue  tier1     binary         remaining
c           MB   reductions      conflicts           size   tier2       irredundant
c            level      restarts         redundant      glue    trail         variables
c
c - 1612.23 61 17 94 766 303223 2 14120711 112076 1.6 17 10 5 11 46% 40953 12238 2784 125%
c u 1616.08 61 17 94 766 303885 2 14143692 125191 1.6 17 10 5 11 46% 40953 12238 2784 125%
c v 1617.67 63 17 94 766 303885 2 14143692 115899 1.6 17 10 5 11 46% 40953 12238 2784 125%
c w 1618.19 63 17 94 766 303885 2 14143692 114594 1.6 17 10 5 11 46% 40953 12238 2784 125%
c - 1618.70 59 17 94 767 304020 2 14148388 96623 1.6 16 10 5 11 46% 40953 12238 2784 125%
c - 1621.48 59 18 94 768 305291 2 14176082 102389 1.6 17 10 5 11 46% 40953 12238 2784 125%
c - 1624.22 59 17 94 769 306042 2 14203796 105154 1.6 16 10 5 11 46% 40953 12238 2784 125%
c - 1627.02 59 17 94 770 307089 2 14231530 105466 1.6 16 10 5 11 46% 40953 12238 2784 125%
c - 1629.75 59 18 94 771 308263 2 14259278 106445 1.6 17 10 5 11 46% 40953 12238 2784 125%
c - 1632.51 55 18 94 772 309364 2 14287044 106914 1.6 17 10 5 11 46% 40953 12238 2784 125%
c } 1634.98 59 18 95 772 310242 2 14312877 129938 1.6 17 10 5 11 46% 40953 12238 2784 125%
c [ 1634.98 59 23 95 772 310242 1 14312877 129938 1.9 26 14 6 15 48% 40953 12238 2784 125%
c W 1642.86 49 23 95 772 310242 1 14312877 129938 1.9 26 14 6 15 48% 40953 12238 2784 125%
c - 1643.06 49 24 95 773 310243 1 14314829 106234 1.9 26 14 6 15 48% 40953 12238 2784 125%
c - 1645.73 49 23 95 774 310256 1 14342631 102353 1.9 26 14 6 15 49% 40953 12238 2784 125%
c - 1648.60 49 22 95 775 310271 1 14370451 100778 1.9 25 14 6 15 49% 40953 12238 2784 125%
c - 1651.60 49 22 95 776 310275 1 14398289 103012 1.9 26 13 6 15 49% 40953 12238 2784 125%
c - 1655.15 49 21 95 777 310287 1 14426145 104325 1.9 25 13 6 15 48% 40953 12238 2784 125%
c - 1658.31 49 21 95 778 310302 1 14454020 105931 1.9 24 13 6 15 48% 40953 12238 2784 125%
c - 1661.34 49 21 95 779 310304 1 14481915 103578 1.9 25 13 6 15 48% 40953 12238 2784 125%
c
c   seconds    switched       rate             size/glue  tier1     binary         remaining
c           MB   reductions      conflicts           size   tier2       irredundant
c            level      restarts         redundant      glue    trail         variables
c
c - 1664.49 49 21 95 780 310305 1 14509825 101429 1.8 25 13 6 15 48% 40953 12238 2784 125%
c - 1667.70 49 22 95 781 310319 1 14537753 103236 1.9 25 13 6 15 48% 40953 12238 2784 125%
c u 1669.20 49 21 95 781 310319 1 14538841 98506 1.9 25 13 6 15 48% 40953 12238 2784 125%
c v 1670.83 49 21 95 781 310319 1 14538841 95123 1.9 25 13 6 15 48% 40953 12238 2784 125%
c w 1671.41 49 21 95 781 310319 1 14538841 89968 1.9 25 13 6 15 48% 40953 12238 2784 125%
c o 1671.44 49 21 95 781 310319 1 14538841 89968 1.9 25 13 6 15 48% 40953 12238 2784 125%
c - 1673.80 49 25 95 782 310333 1 14565699 93033 1.8 25 14 6 15 48% 40953 12238 2784 125%
c - 1676.59 49 24 95 783 310338 1 14593665 97324 1.8 24 14 6 15 48% 40953 12238 2784 125%
c - 1679.42 49 23 95 784 310350 1 14621647 100545 1.8 24 13 6 15 48% 40953 12238 2784 125%
c - 1682.77 49 22 95 785 310365 1 14649651 101234 1.8 24 13 6 15 48% 40953 12238 2784 125%
c - 1686.26 49 21 95 786 310367 1 14677669 102234 1.8 24 13 6 15 48% 40953 12238 2784 125%
c - 1689.60 49 21 95 787 310367 1 14705705 101774 1.8 24 13 6 15 47% 40953 12238 2784 125%
c I 1689.68 49 21 95 787 310367 1 14706240 102268 1.8 24 13 6 15 47% 40953 12238 2784 125%
c ] 1691.23 49 22 96 787 310368 1 14721399 117025 1.8 25 14 6 15 47% 40953 12238 2784 125%
c { 1691.23 49 18 96 787 310368 2 14721399 117025 1.6 17 10 5 11 46% 40953 12238 2784 125%
c - 1692.65 49 18 96 788 310905 2 14733759 98081 1.6 17 10 5 11 46% 40953 12238 2784 125%
c - 1695.35 49 17 96 789 311729 2 14761830 99347 1.6 17 10 5 11 46% 40953 12238 2784 125%
c - 1698.20 49 17 96 790 312664 2 14789919 104166 1.6 16 10 5 11 46% 40953 12238 2784 125%
c - 1701.08 49 18 96 791 313889 2 14818025 106018 1.6 17 10 5 11 46% 40953 12238 2784 125%
c - 1703.91 49 18 96 792 314862 2 14846150 106632 1.6 17 10 5 11 46% 40953 12238 2784 125%
c
c   seconds    switched       rate             size/glue  tier1     binary         remaining
c           MB   reductions      conflicts           size   tier2       irredundant
c            level      restarts         redundant      glue    trail         variables
c
c - 1706.74 49 18 96 793 315921 2 14874293 106474 1.6 16 10 5 11 46% 40953 12238 2784 125%
c - 1709.59 49 18 96 794 316894 2 14902453 106536 1.6 17 10 5 11 46% 40953 12238 2784 125%
c - 1712.60 49 18 96 795 318153 2 14930632 106778 1.6 17 10 5 11 46% 40953 12238 2784 125%
c u 1715.08 49 18 96 795 318526 2 14939917 109132 1.6 17 10 5 11 46% 40953 12238 2784 125%
c v 1716.69 49 18 96 795 318526 2 14939917 101907 1.6 17 10 5 11 46% 40953 12238 2784 125%
c w 1717.26 49 18 96 795 318526 2 14939917 100950 1.6 17 10 5 11 46% 40953 12238 2784 125%
c - 1719.12 49 18 96 796 319070 2 14958827 97094 1.6 17 10 5 11 46% 40953 12238 2784 125%
c - 1721.80 49 17 96 797 319715 2 14987040 100581 1.6 16 10 5 11 46% 40953 12238 2784 125%
c - 1724.70 49 17 96 798 320866 2 15015274 102088 1.6 17 10 5 11 46% 40953 12238 2784 125%
c - 1727.57 49 18 96 799 321895 2 15043524 103193 1.6 17 10 5 11 46% 40953 12238 2784 125%
c o 1729.06 49 18 96 799 322502 2 15058843 117096 1.6 17 10 5 11 46% 40953 12238 2784 125%
c - 1730.38 49 18 96 800 323058 2 15071790 103498 1.6 17 10 5 11 46% 40953 12238 2784 125%
c - 1733.26 49 18 96 801 324017 2 15100074 103337 1.6 17 10 5 11 46% 40953 12238 2784 125%
c - 1736.21 49 18 96 802 324928 2 15128375 103793 1.6 17 10 5 11 46% 40953 12238 2784 125%
c - 1739.10 49 18 96 803 325701 2 15156695 104271 1.7 17 10 5 11 46% 40953 12238 2784 125%
c } 1741.41 49 18 97 803 326693 2 15177663 123394 1.7 17 10 5 11 46% 40953 12238 2784 125%
c [ 1741.41 49 22 97 803 326693 1 15177663 123394 1.8 25 14 6 15 47% 40953 12238 2784 125%
c B 1741.41 49 22 97 803 326693 1 15177663 123394 1.8 25 14 6 15 47% 40953 12238 2784 125%
c - 1742.12 49 22 97 804 326698 1 15185032 103904 1.8 25 13 6 15 47% 40953 12238 2784 125%
c - 1744.98 49 21 97 805 326710 1 15213386 102780 1.8 24 13 6 15 48% 40953 12238 2784 125%
c
c   seconds    switched       rate             size/glue  tier1     binary         remaining
c           MB   reductions      conflicts           size   tier2       irredundant
c            level      restarts         redundant      glue    trail         variables
c
c - 1748.22 49 21 97 806 326722 1 15241759 101913 1.9 24 13 6 15 48% 40953 12238 2784 125%
c - 1751.63 49 23 97 807 326730 1 15270152 97962 1.8 25 14 6 15 48% 40953 12238 2784 125%
c - 1755.31 49 24 97 808 326743 1 15298560 91932 1.8 26 14 6 15 48% 40953 12238 2784 125%
c - 1759.08 49 24 97 809 326754 1 15326985 93750 1.8 26 14 6 15 48% 40953 12238 2784 125%
c u 1763.18 49 23 97 809 326755 1 15346949 108435 1.8 26 14 6 15 48% 40953 12238 2784 125%
c v 1765.09 49 23 97 809 326755 1 15346949 106286 1.8 26 14 6 15 48% 40953 12238 2784 125%
c w 1765.73 49 23 97 809 326755 1 15346949 96875 1.8 26 14 6 15 48% 40953 12238 2784 125%
c - 1766.92 49 22 97 810 326755 1 15355427 88283 1.8 25 14 6 15 48% 40953 12238 2784 125%
c - 1770.45 49 21 97 811 326762 1 15383888 97750 1.9 25 13 6 15 48% 40953 12238 2784 125%
c - 1773.63 49 21 97 812 326775 1 15412368 99867 1.8 25 13 6 15 48% 40953 12238 2784 125%
c - 1776.81 49 22 97 813 326786 1 15440864 98087 1.9 25 13 6 15 48% 40953 12238 2784 125%
c - 1780.23 49 23 97 814 326794 1 15469378 95486 1.9 26 14 6 15 48% 40953 12238 2784 125%
c - 1783.86 49 23 97 815 326808 1 15497910 91168 1.8 26 14 6 15 47% 40953 12238 2784 125%
c - 1787.35 49 23 97 816 326817 1 15526458 92556 1.8 26 14 6 15 47% 40953 12238 2784 125%
c - 1790.66 49 22 97 817 326818 1 15555023 97855 1.8 26 14 6 15 47% 40953 12238 2784 125%
c ] 1791.02 49 22 98 817 326818 1 15558282 101026 1.8 26 14 6 15 47% 40953 12238 2784 125%
c { 1791.02 49 18 98 817 326818 2 15558282 101026 1.7 17 10 5 11 46% 40953 12238 2784 125%
c - 1793.53 49 16 98 818 326831 2 15583606 101276 1.6 16 10 5 11 46% 40953 12238 2784 125%
c o 1795.52 49 15 98 818 326848 2 15604782 117707 1.6 16 10 5 11 46% 40953 12238 2784 125%
c - 1796.23 49 15 98 819 326872 2 15612206 102362 1.6 16 10 5 11 46% 40953 12238 2784 125%
c
c   seconds    switched       rate             size/glue tier1     binary         remaining
c           MB   reductions      conflicts           size  tier2       irredundant
c            level      restarts         redundant     glue    trail         variables
c
c - 1798.88 49 14 98 820 326910 2 15640824 102674 1.6 15 9 5 11 46% 40953 12238 2784 125%
c caught signal 15 (SIGTERM)
c
c ---- [ profiling ] ---------------------------------------------------------
c
c        1598.34   88.81 %  search
c         809.15   44.96 %  focused
c         789.19   43.85 %  stable
c         201.31   11.19 %  simplify
c         158.45    8.80 %  probe
c         138.24    7.68 %  vivify
c          42.75    2.38 %  walking
c          16.54    0.92 %  reduce
c          15.99    0.89 %  sweep
c           2.21    0.12 %  substitute
c           1.43    0.08 %  transitive
c           0.29    0.02 %  factor
c           0.26    0.01 %  eliminate
c           0.22    0.01 %  backbone
c           0.16    0.01 %  preprocess
c           0.07    0.00 %  congruence
c           0.03    0.00 %  subsume
c           0.01    0.00 %  fastel
c           0.01    0.00 %  parse
c           0.00    0.00 %  lucky
c =============================================
c        1799.82  100.00 %  total
c
c ---- [ statistics ] --------------------------------------------------------
c
c chronological:                           49                0 %  conflicts
c conflicts:                         15651212             8695.97 per second
c decisions:                         31632832                2.02 per conflict
c eliminated:                            7095              319 %  variables
c factored:                              7666              345 %  variables
c fast_eliminated:                       2460               35 %  eliminated
c fast_strengthened:                        2                0 %  per strengthened
c propagations:                    5718820353          3177434    per second
c reductions:                             820            19087    interval
c reordered:                               54           289837    interval
c rephased:                                64           244550    interval
c restarts:                            326963               48    interval
c strengthened:                          5609                1 %  checks
c switched:                                98           159706    interval
c vivified:                            891067               69 %  checks
c walks:                                   21           745296    interval
c
c ---- [ proof ] -------------------------------------------------------------
c
c proof_added:                       16094688               50 %  per line
c proof_bytes:                     1426063360             1360 MB 
c proof_deleted:                     16023084               50 %  per line
c
c ---- [ glue usage ] --------------------------------------------------------
c
c focused glue 5   used  806364 clauses  4.22% accumulated 50.95% tier1
c focused glue 6   used  945157 clauses  4.94% accumulated 55.89%
c focused glue 7-9 used 4316424 clauses 22.57% accumulated 78.47%
c focused glue 10  used 1332179 clauses  6.97% accumulated 85.43%
c focused glue 11  used  947266 clauses  4.95% accumulated 90.39% tier2
c
c stable glue 6    used 1922082 clauses  6.77% accumulated 54.17% tier1
c stable glue 7    used 1639702 clauses  5.77% accumulated 59.94%
c stable glue 8-13 used 7485804 clauses 26.35% accumulated 86.29%
c stable glue 14   used  791104 clauses  2.78% accumulated 89.08%
c stable glue 15   used  649872 clauses  2.29% accumulated 91.37% tier2
c
c ---- [ resources ] ---------------------------------------------------------
c
c maximum-resident-set-size:         74878976 bytes         71 MB
c process-time:                            30m            1799.82 seconds
c raising signal 15 (SIGTERM)
