c ---- [ banner ] ------------------------------------------------------------
c
c Kissat SAT Solver
c 
c Copyright (c) 2021-2024 Armin Biere University of Freiburg
c Copyright (c) 2019-2021 Armin Biere Johannes Kepler University Linz
c 
c Version 4.0.0 unknown
c gcc (Ubuntu 13.3.0-6ubuntu2~24.04.1) 13.3.0 -W -Wall -O3 -DNDEBUG
c Mon Aug 3 21:56:23 UTC 2026 Linux runnervmvrwv9 6.17.0-1020-azure x86_64
c
c ---- [ proving ] -----------------------------------------------------------
c
c opened and writing proof to DRAT file:
c
c   borsuk_11_k6_q00r00_sixth_base_colorability_screen/work/results/q00r00-s008/q00r00-s008.drat
c
c ---- [ parsing ] -----------------------------------------------------------
c
c opened and reading DIMACS file:
c
c   borsuk_11_k6_q00r00_sixth_base_colorability_screen/work/input/instances/cases/q00r00-s008/q00r00-s008_12color.cnf
c
c parsed 'p cnf 2122 84199' header
c closing input after reading 1102462 bytes (1 MB)
c finished parsing after 0.01 seconds
c
c ---- [ solving ] -----------------------------------------------------------
c
c  seconds switched rate     size/glue tier1  binary       remaining
c         MB reductions conflicts size  tier2    irredundant
c          level restarts redundant glue  trail       variables
c
c *  0.01  5 0 0 0  0 0   0   0 0.0 0 0 0 0 0% 83896 293 2112 100%
c (  0.01  5 0 0 0  0 0   0   0 0.0 0 0 0 0 0% 83896 293 2112 100%
c .  0.01  5 0 0 0  0 0   0   0 0.0 0 0 0 0 0% 83896 293 2112 100%
c f  0.14  7 0 0 0  0 0   0   0 0.0 0 0 0 0 0% 35634 293 6959 328%
c e  0.15  7 0 0 0  0 0   0   0 0.0 0 0 0 0 0% 37590 887 4741 223%
c )  0.15  7 0 0 0  0 0   0   0 0.0 0 0 0 0 0% 37590 887 4741 223%
c {  0.15  7 0 0 0  0 0   0   0 0.0 0 0 2 6 0% 37590 887 4741 223%
c -  0.18  7 23 0 1  1 1 1001 669 1.4 18 13 11 17 40% 37590 887 4741 223%
c }  0.18  7 23 1 1  1 1 1001 669 1.4 18 13 11 17 40% 37590 887 4741 223%
c [  0.18  7 0 1 1  1 0 1001 669 0.0 0 0 2 6 0% 37590 887 4741 223%
c B  0.18  7 0 1 1  1 0 1001 669 0.0 0 0 2 6 0% 37590 887 4741 223%
c ]  0.20  7 35 2 1  1 1 1932 1554 1.4 17 12 12 15 39% 37590 887 4741 223%
c {  0.20  7 23 2 1  1 1 1932 1554 1.4 18 13 11 17 40% 37590 887 4741 223%
c -  0.20  7 23 2 2  1 1 2002 1580 1.4 18 13 11 17 40% 37590 887 4741 223%
c u  0.23  7 23 2 2  1 1 2579 2136 1.5 18 12 11 17 40% 37590 887 4741 223%
c v  0.23  7 23 2 2  1 1 2579 2050 1.5 18 12 11 17 40% 37590 887 4741 223%
c f  0.26  8 23 2 2  1 1 2579 2050 1.5 18 12 11 17 40% 34554 887 6778 319%
c u  0.27  8 23 2 2  1 1 2579 2043 1.5 18 12 11 17 40% 34554 887 6778 319%
c v  0.28  8 23 2 2  1 1 2579 2035 1.5 18 12 11 17 40% 34554 887 6778 319%
c }  0.32  8 23 3 2  2 1 2932 2387 1.5 19 12 11 17 38% 34554 887 6778 319%
c
c  seconds  switched rate       size/glue  tier1      binary       remaining
c         MB reductions conflicts     size    tier2      irredundant
c          level restarts  redundant     glue     trail       variables
c
c [  0.32  8 35 3 2  2 1 2932 2387 1.4 17 12 12 15 39% 34554 887 6778 319%
c W  0.32  9 35 3 2  2 1 2932 2387 1.4 17 12 12 15 39% 34554 887 6778 319%
c -  0.34  9 28 3 3  2 1 3417 2569 1.5 17 12 10 14 36% 34554 887 6778 319%
c ]  0.36  9 26 4 3  2 1 3792 2908 1.5 18 12 10 14 34% 34554 887 6778 319%
c {  0.36  9 23 4 3  2 1 3792 2908 1.5 19 12 11 17 38% 34554 887 6778 319%
c -  0.40  9 22 4 4 13 2 5150 3777 1.7 20 12 10 15 34% 34554 887 6778 319%
c }  0.44  9 23 5 4 42 2 6145 4738 1.8 20 12 10 15 33% 34554 887 6778 319%
c [  0.44  9 26 5 4 42 1 6145 4738 1.5 18 12 10 14 34% 34554 887 6778 319%
c I  0.44  9 26 5 4 42 1 6145 4738 1.5 18 12 10 14 34% 34554 887 6778 319%
c -  0.48 10 41 5 5 42 1 7151 4958 1.6 24 15 11 20 32% 34554 887 6778 319%
c u  0.53 10 40 5 5 43 1 7969 5722 1.6 25 15 11 20 31% 34554 887 6778 319%
c v  0.53 10 40 5 5 43 1 7969 5713 1.6 25 15 11 20 31% 34554 887 6778 319%
c w  0.54 11 40 5 5 43 1 7969 5713 1.6 25 15 11 20 31% 34554 887 6778 319%
c ]  0.56 11 39 6 5 44 1 8276 6007 1.6 24 15 11 20 31% 34554 887 6778 319%
c {  0.56 11 23 6 5 44 2 8276 6007 1.8 20 12 10 15 33% 34554 887 6778 319%
c -  0.60 11 24 6 6 58 2 9389 6126 1.7 20 11 10 14 32% 34554 887 6778 319%
c o  0.66 11 27 6 6 96 2 10817 7463 1.8 20 11 10 14 31% 34554 887 6778 319%
c -  0.70 11 31 6 7 170 3 11838 7607 1.9 21 11 10 14 31% 34554 887 6778 319%
c }  0.72 11 32 7 7 207 3 12347 8108 1.9 21 11 10 14 31% 34554 887 6778 319%
c [  0.72 11 39 7 7 207 1 12347 8108 1.6 24 15 11 20 31% 34554 887 6778 319%
c
c  seconds  switched  rate        size/glue  tier1      binary       remaining
c         MB reductions conflicts       size    tier2      irredundant
c          level restarts    redundant     glue     trail       variables
c
c B  0.72 11 39 7 7 207 1 12347 8108 1.6 24 15 11 20 31% 34554 887 6778 319%
c e  0.76 12 41 7 7 207 1 12887 8636 1.6 25 15 11 20 31% 30956 3806 6375 300%
c ^  0.76 12 41 7 7 207 1 12887 8636 1.6 25 15 11 20 31% 30956 3806 6375 300%
c -  0.83 12 36 7 8 209 1 14483 2880 1.7 24 14 11 20 30% 30956 3806 6375 300%
c ]  0.89 12 33 8 8 209 1 15746 4073 1.7 24 14 11 20 30% 30956 3806 6375 300%
c {  0.89 12 32 8 8 209 3 15746 4073 1.9 21 11 10 14 31% 30956 3806 6375 300%
c u  0.93 12 31 8 8 221 3 16339 4481 1.9 20 11 10 14 30% 30956 3806 6375 300%
c v  0.94 12 31 8 8 221 3 16339 4037 1.9 20 11 10 14 30% 30956 3806 6375 300%
c w  0.95 12 31 8 8 221 3 16339 3803 1.9 20 11 10 14 30% 30956 3806 6375 300%
c f  0.96 12 31 8 8 221 3 16339 3803 1.9 20 11 10 14 30% 30952 3806 6377 301%
c u  0.99 12 31 8 8 221 3 16339 3731 1.9 20 11 10 14 30% 30952 3806 6377 301%
c v  1.00 12 31 8 8 221 3 16339 3714 1.9 20 11 10 14 30% 30952 3806 6377 301%
c w  1.00 12 31 8 8 221 3 16339 3696 1.9 20 11 10 14 30% 30952 3806 6377 301%
c -  1.10 12 30 8 9 257 3 17311 4479 1.8 20 11 10 14 30% 30952 3806 6377 301%
c -  1.24 12 28 8 10 429 4 20311 6678 1.8 20 11 9 14 30% 30952 3806 6377 301%
c o  1.28 12 28 8 10 464 3 21254 7541 1.8 20 11 9 14 29% 30952 3806 6377 301%
c }  1.31 12 28 9 10 504 4 21905 8180 1.8 20 11 9 14 29% 30952 3806 6377 301%
c [  1.31 12 33 9 10 504 1 21905 8180 1.7 24 14 11 20 30% 30952 3806 6377 301%
c W  1.31 12 33 9 10 504 1 21905 8180 1.7 24 14 11 20 30% 30952 3806 6377 301%
c -  1.39 12 33 9 11 505 1 23474 8476 1.7 24 14 11 19 30% 30952 3806 6377 301%
c
c  seconds  switched   rate         size/glue  tier1      binary        remaining
c         MB  reductions conflicts        size    tier2      irredundant
c          level  restarts     redundant     glue     trail        variables
c
c e  1.53 12 30 9 11 506 1 25860 10626 1.7 24 14 11 18 30% 30851 4959 5073 239%
c ^  1.54 12 30 9 11 506 1 25860 10626 1.7 24 14 11 18 30% 30851 4959 5073 239%
c -  1.58 12 29 9 12 507 1 26791 6935 1.7 23 14 11 18 30% 30851 4959 5073 239%
c ]  1.62 12 28 10 12 508 1 27533 7592 1.7 23 14 11 18 30% 30851 4959 5073 239%
c {  1.62 12 28 10 12 508 4 27533 7592 1.8 20 11 9 14 29% 30851 4959 5073 239%
c u  1.65 12 27 10 12 513 4 27886 7853 1.8 20 11 9 14 30% 30851 4959 5073 239%
c v  1.67 12 27 10 12 513 4 27886 6887 1.8 20 11 9 14 30% 30851 4959 5073 239%
c w  1.68 12 27 10 12 513 4 27886 6381 1.8 20 11 9 14 30% 30851 4959 5073 239%
c x  1.69 12 27 10 12 513 4 27886 6380 1.8 20 11 9 14 30% 30851 4959 5073 239%
c f  1.70 12 27 10 12 513 4 27886 6380 1.8 20 11 9 14 30% 30672 4958 5133 242%
c u  1.73 12 27 10 12 513 4 27886 6245 1.8 20 11 9 14 30% 30672 4958 5133 242%
c v  1.75 12 27 10 12 513 4 27886 6217 1.8 20 11 9 14 30% 30672 4958 5133 242%
c w  1.75 12 27 10 12 513 4 27886 6212 1.8 20 11 9 14 30% 30672 4958 5133 242%
c -  1.86 12 27 10 13 682 4 30256 7329 1.8 19 11 9 13 30% 30672 4958 5133 242%
c -  2.02 12 26 10 14 885 4 33861 9806 1.8 20 11 9 13 30% 30672 4958 5133 242%
c }  2.12 12 26 11 14 989 4 36160 11982 1.8 20 11 9 13 30% 30672 4958 5133 242%
c [  2.12 12 28 11 14 989 1 36160 11982 1.7 23 14 11 18 30% 30672 4958 5133 242%
c O  2.12 12 28 11 14 989 1 36160 11982 1.7 23 14 11 18 30% 30672 4958 5133 242%
c -  2.19 12 27 11 15 990 1 37603 11936 1.7 23 13 10 17 30% 30672 4958 5133 242%
c -  2.39 13 25 11 16 993 1 41476 13717 1.7 22 13 10 16 31% 30672 4958 5133 242%
c
c  seconds   switched   rate         size/glue  tier1      binary        remaining
c         MB   reductions conflicts        size    tier2      irredundant
c          level   restarts     redundant     glue     trail        variables
c
c u  2.49 13 24 11 16 994 1 42730 14617 1.7 22 13 10 16 31% 30672 4958 5133 242%
c v  2.51 13 24 11 16 994 1 42730 14552 1.7 22 13 10 16 31% 30672 4958 5133 242%
c w  2.52 13 24 11 16 994 1 42730 14171 1.7 22 13 10 16 31% 30672 4958 5133 242%
c o  2.53 13 24 11 16 994 1 42730 14171 1.7 22 13 10 16 31% 30672 4958 5133 242%
c ]  2.59 13 35 12 16 994 1 44153 15566 1.6 23 15 10 16 31% 30672 4958 5133 242%
c {  2.59 13 26 12 16 994 4 44153 15566 1.8 20 11 9 13 30% 30672 4958 5133 242%
c -  2.66 13 26 12 17 1110 4 45477 14247 1.8 19 11 9 13 30% 30672 4958 5133 242%
c -  2.85 13 25 12 18 1332 4 49601 15771 1.8 20 11 9 13 31% 30672 4958 5133 242%
c -  3.05 13 25 12 19 1633 4 53844 17702 1.8 20 11 9 13 31% 30672 4958 5133 242%
c e  3.08 13 25 12 19 1633 4 53929 17779 1.8 20 11 9 13 31% 30732 5870 4503 212%
c ^  3.08 13 25 12 19 1633 4 53929 17779 1.8 20 11 9 13 31% 30732 5870 4503 212%
c }  3.16 13 25 13 19 1811 4 55632 15553 1.8 20 11 9 13 31% 30732 5870 4503 212%
c [  3.16 13 35 13 19 1811 1 55632 15553 1.6 23 15 10 16 31% 30732 5870 4503 212%
c B  3.16 13 35 13 19 1811 1 55632 15553 1.6 23 15 10 16 31% 30732 5870 4503 212%
c -  3.28 15 38 13 20 1813 1 58202 15849 1.6 24 15 10 19 32% 30732 5870 4503 212%
c u  3.45 13 36 13 20 1815 1 60994 18422 1.6 25 15 10 18 32% 30732 5870 4503 212%
c v  3.49 13 36 13 20 1815 1 60994 18213 1.6 25 15 10 18 32% 30732 5870 4503 212%
c w  3.50 13 36 13 20 1815 1 60994 18115 1.6 25 15 10 18 32% 30732 5870 4503 212%
c f  3.64 13 36 13 20 1815 1 60994 18115 1.6 25 15 10 18 32% 30729 5868 4504 212%
c u  3.67 13 36 13 20 1815 1 60994 18046 1.6 25 15 10 18 32% 30729 5868 4504 212%
c
c  seconds   switched    rate         size/glue  tier1      binary        remaining
c         MB   reductions  conflicts        size    tier2      irredundant
c          level    restarts     redundant     glue     trail        variables
c
c v  3.70 13 36 13 20 1815 1 60994 18019 1.6 25 15 10 18 32% 30729 5868 4504 212%
c w  3.71 13 36 13 20 1815 1 60994 17849 1.6 25 15 10 18 32% 30729 5868 4504 212%
c x  3.72 13 36 13 20 1815 1 60994 17847 1.6 25 15 10 18 32% 30729 5868 4504 212%
c -  3.83 14 35 13 21 1816 1 62675 17605 1.7 25 15 10 18 33% 30729 5868 4504 212%
c ]  4.02 14 33 14 21 1817 1 66400 21122 1.7 24 14 10 18 33% 30729 5868 4504 212%
c {  4.02 14 25 14 21 1817 4 66400 21122 1.8 20 11 9 13 31% 30729 5868 4504 212%
c -  4.07 14 25 14 22 1827 4 67257 19994 1.8 20 11 9 13 31% 30729 5868 4504 212%
c -  4.29 14 25 14 23 2140 4 71947 21902 1.8 20 11 9 13 32% 30729 5868 4504 212%
c o  4.33 14 25 14 23 2185 4 72736 22655 1.8 20 11 9 13 32% 30729 5868 4504 212%
c -  4.52 14 25 14 24 2382 4 76742 23511 1.8 19 11 9 13 32% 30729 5868 4504 212%
c }  4.72 14 24 15 24 2554 4 81115 27536 1.8 19 11 9 13 32% 30729 5868 4504 212%
c [  4.72 14 33 15 24 2554 1 81115 27536 1.7 24 14 10 18 33% 30729 5868 4504 212%
c W  4.74 15 33 15 24 2554 1 81115 27536 1.7 24 14 10 18 33% 30729 5868 4504 212%
c -  4.77 15 33 15 25 2554 1 81640 25191 1.7 24 14 10 17 33% 30729 5868 4504 212%
c u  4.88 15 32 15 25 2555 1 82768 26117 1.7 24 14 10 17 33% 30729 5868 4504 212%
c v  4.92 15 32 15 25 2555 1 82768 26010 1.7 24 14 10 17 33% 30729 5868 4504 212%
c w  4.93 15 32 15 25 2555 1 82768 25892 1.7 24 14 10 17 33% 30729 5868 4504 212%
c -  5.15 15 31 15 26 2558 1 86644 26536 1.7 24 14 10 17 33% 30729 5868 4504 212%
c -  5.43 15 29 15 27 2560 1 91744 28473 1.7 24 14 9 17 34% 30729 5868 4504 212%
c ]  5.55 15 28 16 27 2561 1 93952 30520 1.7 23 14 9 17 34% 30729 5868 4504 212%
c
c  seconds   switched    rate         size/glue  tier1     binary        remaining
c         MB   reductions  conflicts        size   tier2      irredundant
c          level    restarts     redundant     glue    trail        variables
c
c {  5.55 15 24 16 27 2561 4 93952 30520 1.8 19 11 9 13 32% 30729 5868 4504 212%
c -  5.71 15 24 16 28 2792 4 96940 30456 1.8 19 11 9 13 32% 30729 5868 4504 212%
c e  5.85 15 24 16 28 2926 4 99076 32459 1.8 19 11 9 13 32% 31817 7393 3656 172%
c ^  5.85 15 24 16 28 2926 4 99076 32459 1.8 19 11 9 13 32% 31817 7393 3656 172%
c -  6.00 17 24 16 29 3057 4 102233 24832 1.8 19 11 9 13 33% 31817 7393 3656 172%
c -  6.23 17 23 16 30 3119 3 107618 27706 1.8 19 11 9 13 34% 31817 7393 3656 172%
c u  6.32 17 23 16 30 3147 3 108212 28051 1.8 19 11 9 13 34% 31817 7393 3656 172%
c v  6.36 17 23 16 30 3147 3 108212 27665 1.8 19 11 9 13 34% 31817 7393 3656 172%
c w  6.38 23 23 16 30 3147 3 108212 27644 1.8 19 11 9 13 34% 31817 7393 3656 172%
c }  6.60 20 23 17 30 3339 3 112291 31400 1.8 19 11 9 13 34% 31817 7393 3656 172%
c [  6.60 20 28 17 30 3339 1 112291 31400 1.7 23 14 9 17 34% 31817 7393 3656 172%
c I  6.60 20 28 17 30 3339 1 112291 31400 1.7 23 14 9 17 34% 31817 7393 3656 172%
c -  6.64 20 29 17 31 3339 1 113096 29574 1.7 24 14 9 17 34% 31817 7393 3656 172%
c -  6.91 20 30 17 32 3344 1 118664 31013 1.7 25 15 9 18 35% 31817 7393 3656 172%
c -  7.20 21 30 17 33 3345 1 124320 32842 1.8 26 15 9 18 36% 31817 7393 3656 172%
c ]  7.46 20 29 18 33 3349 1 129271 37493 1.8 25 14 9 18 36% 31817 7393 3656 172%
c {  7.46 20 23 18 33 3349 3 129271 37493 1.8 19 11 9 13 34% 31817 7393 3656 172%
c o  7.47 20 23 18 33 3355 3 129548 37767 1.8 19 11 9 13 34% 31817 7393 3656 172%
c -  7.50 20 23 18 34 3359 3 130068 35394 1.8 19 11 9 13 34% 31817 7393 3656 172%
c -  7.76 20 22 18 35 3359 3 135899 37110 1.8 19 11 9 13 35% 31817 7393 3656 172%
c
c  seconds   switched    rate          size/glue  tier1     binary        remaining
c         MB   reductions  conflicts         size   tier2      irredundant
c          level    restarts      redundant     glue    trail        variables
c
c u  7.89 23 21 18 35 3359 3 137277 38041 1.8 19 11 9 13 35% 31817 7393 3656 172%
c v  7.95 23 21 18 35 3359 3 137277 36871 1.8 19 11 9 13 35% 31817 7393 3656 172%
c w  7.97 23 21 18 35 3359 3 137277 36824 1.8 19 11 9 13 35% 31817 7393 3656 172%
c -  8.18 20 21 18 36 3362 3 141817 37629 1.8 18 10 9 13 35% 31817 7393 3656 172%
c -  8.47 20 20 18 37 3362 3 147817 40918 1.7 18 10 9 12 36% 31817 7393 3656 172%
c }  8.66 21 19 19 37 3362 3 151617 43956 1.7 18 10 9 12 36% 31817 7393 3656 172%
c [  8.66 21 29 19 37 3362 1 151617 43956 1.8 25 14 9 18 36% 31817 7393 3656 172%
c B  8.66 21 29 19 37 3362 1 151617 43956 1.8 25 14 9 18 36% 31817 7393 3656 172%
c -  8.77 21 29 19 38 3364 1 153899 43377 1.8 25 14 9 17 36% 31817 7393 3656 172%
c -  9.09 21 27 19 39 3368 1 160063 46612 1.7 25 14 9 17 36% 31817 7393 3656 172%
c e  9.27 20 27 19 39 3368 1 162945 49262 1.7 24 14 9 17 37% 33634 9271 3069 145%
c ^  9.28 20 27 19 39 3368 1 162945 49262 1.7 24 14 9 17 37% 33634 9271 3069 145%
c -  9.45 22 26 19 40 3371 1 166309 37876 1.8 24 14 9 17 37% 33634 9271 3069 145%
c u  9.75 25 25 19 40 3374 1 170180 41179 1.8 24 13 9 17 38% 33634 9271 3069 145%
c v  9.81 25 25 19 40 3374 1 170180 40071 1.8 24 13 9 17 38% 33634 9271 3069 145%
c w  9.83 25 25 19 40 3374 1 170180 38590 1.8 24 13 9 17 38% 33634 9271 3069 145%
c ] 10.25 23 25 20 40 3375 1 172311 40667 1.8 24 13 9 17 38% 33634 9271 3069 145%
c { 10.25 23 19 20 40 3375 3 172311 40667 1.7 18 10 9 12 36% 33634 9271 3069 145%
c - 10.28 23 19 20 41 3458 3 172637 38766 1.7 18 10 9 12 36% 33634 9271 3069 145%
c - 10.59 25 19 20 42 3815 3 179041 42577 1.7 18 10 9 12 37% 33634 9271 3069 145%
c
c  seconds   switched    rate          size/glue  tier1     binary        remaining
c         MB   reductions  conflicts         size   tier2      irredundant
c          level    restarts      redundant     glue    trail        variables
c
c o 10.65 23 19 20 42 3847 3 180489 43902 1.7 18 10 9 12 37% 33634 9271 3069 145%
c - 10.94 25 19 20 43 4254 3 185523 45723 1.7 18 10 9 12 37% 33634 9271 3069 145%
c - 11.26 25 19 20 44 4615 3 192080 48519 1.7 18 10 9 12 38% 33634 9271 3069 145%
c - 11.61 25 20 20 45 5094 3 198713 51262 1.7 18 10 9 12 38% 33634 9271 3069 145%
c } 11.63 23 20 21 45 5094 3 199050 51563 1.7 18 10 9 12 38% 33634 9271 3069 145%
c [ 11.63 23 25 21 45 5094 1 199050 51563 1.8 24 13 9 17 38% 33634 9271 3069 145%
c W 11.65 19 25 21 45 5094 1 199050 51563 1.8 24 13 9 17 38% 33634 9271 3069 145%
c - 11.97 19 25 21 46 5099 1 205422 53417 1.8 24 13 9 16 39% 33634 9271 3069 145%
c u 12.12 27 25 21 46 5099 1 206826 54705 1.8 24 13 9 16 39% 33634 9271 3069 145%
c v 12.18 27 25 21 46 5099 1 206826 54685 1.8 24 13 9 16 39% 33634 9271 3069 145%
c w 12.20 27 25 21 46 5099 1 206826 54648 1.8 24 13 9 16 39% 33634 9271 3069 145%
c x 12.23 27 25 21 46 5099 1 206826 54646 1.8 24 13 9 16 39% 33634 9271 3069 145%
c - 12.54 25 25 21 47 5101 1 212205 55284 1.8 24 13 9 16 39% 33634 9271 3069 145%
c - 12.92 25 24 21 48 5106 1 219062 57251 1.8 23 13 9 16 40% 33634 9271 3069 145%
c O 13.17 25 24 21 48 5107 1 223277 61165 1.8 23 13 9 16 40% 33634 9271 3069 145%
c ] 13.20 25 24 22 48 5108 1 223871 61676 1.8 23 13 9 16 40% 33634 9271 3069 145%
c { 13.20 25 20 22 48 5108 3 223871 61676 1.7 18 10 9 12 38% 33634 9271 3069 145%
c - 13.42 25 21 22 49 5686 3 225990 58721 1.7 18 10 9 12 39% 33634 9271 3069 145%
c - 14.14 25 24 22 50 7557 4 232992 59487 1.8 19 11 9 12 39% 33634 9271 3069 145%
c - 14.89 25 27 22 51 9381 5 240065 60293 1.8 19 11 9 13 39% 33634 9271 3069 145%
c
c  seconds   switched    rate          size/glue  tier1     binary        remaining
c         MB   reductions  conflicts         size   tier2      irredundant
c          level    restarts      redundant     glue    trail        variables
c
c o 14.93 25 27 22 51 9492 6 240491 60717 1.8 20 11 9 13 40% 33634 9271 3069 145%
c e 15.63 20 30 22 51 10774 6 247043 67229 1.8 20 11 9 13 40% 36874 11965 2585 122%
c ! 15.64 20 30 22 51 10774 6 247043 67229 1.8 20 11 9 13 40% 36874 11965 2585 122%
c - 15.67 23 30 22 52 10808 6 247207 38552 1.8 20 11 9 13 40% 36874 11965 2585 122%
c u 15.83 25 30 22 52 10859 6 247440 37218 1.8 20 11 9 13 40% 36874 11965 2585 122%
c v 15.94 25 30 22 52 10859 6 247440 37077 1.8 20 11 9 13 40% 36874 11965 2585 122%
c w 15.98 25 30 22 52 10859 6 247440 37063 1.8 20 11 9 13 40% 36874 11965 2585 122%
c f 16.06 20 30 22 52 10859 6 247440 37063 1.8 20 11 9 13 40% 36186 11823 2631 124%
c u 16.20 23 30 22 52 10859 6 247440 36639 1.8 20 11 9 13 40% 36186 11823 2631 124%
c v 16.31 25 30 22 52 10859 6 247440 36425 1.8 20 11 9 13 40% 36186 11823 2631 124%
c w 16.35 25 30 22 52 10859 6 247440 36399 1.8 20 11 9 13 40% 36186 11823 2631 124%
c - 16.99 23 32 22 53 12257 7 254419 39432 1.8 21 12 9 13 41% 36186 11823 2631 124%
c } 17.08 23 32 23 53 12467 7 255387 40397 1.8 21 12 9 13 41% 36186 11823 2631 124%
c [ 17.08 23 24 23 53 12467 1 255387 40397 1.8 23 13 9 16 40% 36186 11823 2631 124%
c B 17.08 23 24 23 53 12467 1 255387 40397 1.8 23 13 9 16 40% 36186 11823 2631 124%
c - 17.42 25 23 23 54 12472 1 261699 43152 1.8 23 13 9 16 41% 36186 11823 2631 124%
c - 17.83 25 23 23 55 12475 1 269048 45925 1.8 24 13 9 16 42% 36186 11823 2631 124%
c - 18.28 23 23 23 56 12480 1 276466 48179 1.9 24 13 9 16 42% 36186 11823 2631 124%
c - 18.74 25 23 23 57 12481 1 283950 50975 1.9 24 13 9 16 43% 36186 11823 2631 124%
c W 18.93 19 23 23 57 12481 1 286837 53780 1.9 24 13 9 16 43% 36186 11823 2631 124%
c
c  seconds   switched     rate          size/glue  tier1     binary         remaining
c         MB   reductions   conflicts         size   tier2       irredundant
c          level    restarts       redundant     glue    trail         variables
c
c - 19.18 21 23 23 58 12484 1 291499 53231 1.9 24 13 9 16 44% 36186 11823 2631 124%
c u 19.35 22 23 23 58 12484 1 291865 53482 1.9 24 13 9 16 44% 36186 11823 2631 124%
c v 19.47 22 23 23 58 12484 1 291865 52215 1.9 24 13 9 16 44% 36186 11823 2631 124%
c w 19.51 22 23 23 58 12484 1 291865 51811 1.9 24 13 9 16 44% 36186 11823 2631 124%
c - 19.93 22 22 23 59 12488 1 299114 54995 1.9 24 12 9 16 44% 36186 11823 2631 124%
c - 20.38 22 22 23 60 12494 1 306795 57063 1.9 23 12 9 15 44% 36186 11823 2631 124%
c ] 20.66 22 22 24 60 12495 1 311471 61455 1.9 23 12 9 15 45% 36186 11823 2631 124%
c { 20.66 22 32 24 60 12495 7 311471 61455 1.8 21 12 9 13 41% 36186 11823 2631 124%
c o 20.66 22 32 24 60 12500 7 311492 61476 1.8 21 12 9 13 41% 36186 11823 2631 124%
c - 20.82 22 32 24 61 12502 6 314540 58993 1.8 21 12 9 13 41% 36186 11823 2631 124%
c - 21.23 22 30 24 62 12533 6 322350 60303 1.8 20 11 9 13 41% 36186 11823 2631 124%
c - 21.66 22 29 24 63 12541 6 330227 62627 1.8 20 11 9 13 42% 36186 11823 2631 124%
c - 22.08 22 27 24 64 12601 5 338164 65942 1.8 20 11 9 13 42% 36186 11823 2631 124%
c u 22.35 23 27 24 64 12645 5 340387 67962 1.8 20 11 9 13 43% 36186 11823 2631 124%
c v 22.45 33 27 24 64 12645 5 340387 66318 1.8 20 11 9 13 43% 36186 11823 2631 124%
c w 22.49 33 27 24 64 12645 5 340387 66110 1.8 20 11 9 13 43% 36186 11823 2631 124%
c - 22.83 29 27 24 65 12725 5 346165 67850 1.8 20 11 9 13 43% 36186 11823 2631 124%
c } 22.92 29 26 25 65 12729 5 348149 69724 1.8 20 11 9 13 43% 36186 11823 2631 124%
c [ 22.92 29 22 25 65 12729 1 348149 69724 1.9 23 12 9 15 45% 36186 11823 2631 124%
c I 22.92 29 22 25 65 12729 1 348149 69724 1.9 23 12 9 15 45% 36186 11823 2631 124%
c
c  seconds   switched     rate          size/glue  tier1     binary         remaining
c         MB   reductions   conflicts         size   tier2       irredundant
c          level    restarts       redundant     glue    trail         variables
c
c e 23.18 25 22 25 65 12732 1 352576 73979 1.9 24 13 9 15 45% 36237 11833 2627 124%
c - 23.29 30 23 25 66 12733 1 354227 69826 1.9 24 13 9 16 45% 36237 11833 2627 124%
c - 23.79 30 23 25 67 12737 1 362352 70163 1.9 24 13 9 16 45% 36237 11833 2627 124%
c - 24.27 30 23 25 68 12742 1 370539 70993 1.8 24 13 9 16 45% 36237 11833 2627 124%
c - 24.79 31 23 25 69 12743 1 378785 71520 1.8 24 13 9 16 45% 36237 11833 2627 124%
c ] 24.88 28 23 26 69 12743 1 380282 72967 1.8 24 13 9 16 45% 36237 11833 2627 124%
c { 24.88 28 26 26 69 12743 5 380282 72967 1.8 20 11 9 13 43% 36237 11833 2627 124%
c - 25.26 31 26 26 70 12844 5 387091 73297 1.8 20 11 9 13 43% 36237 11833 2627 124%
c o 25.49 31 25 26 70 12867 4 391533 77167 1.8 19 11 9 13 44% 36237 11833 2627 124%
c u 25.75 24 25 26 70 12910 4 393083 78371 1.8 19 11 9 13 44% 36237 11833 2627 124%
c v 25.87 34 25 26 70 12910 4 393083 77092 1.8 19 11 9 13 44% 36237 11833 2627 124%
c w 25.91 34 25 26 70 12910 4 393083 76953 1.8 19 11 9 13 44% 36237 11833 2627 124%
c f 26.42 34 25 26 70 12910 4 393083 76953 1.8 19 11 9 13 44% 36218 11833 2628 124%
c u 26.54 34 25 26 70 12910 4 393083 76941 1.8 19 11 9 13 44% 36218 11833 2628 124%
c v 26.62 34 25 26 70 12910 4 393083 76877 1.8 19 11 9 13 44% 36218 11833 2628 124%
c w 26.65 34 25 26 70 12910 4 393083 76871 1.8 19 11 9 13 44% 36218 11833 2628 124%
c x 26.71 34 25 26 70 12910 4 393083 76870 1.8 19 11 9 13 44% 36218 11833 2628 124%
c - 26.87 30 25 26 71 12930 4 395457 73972 1.8 19 11 9 13 44% 36218 11833 2628 124%
c - 27.36 31 24 26 72 13228 4 403883 76716 1.8 19 11 9 13 44% 36218 11833 2628 124%
c - 27.85 30 24 26 73 13355 4 412372 79718 1.7 19 11 9 13 44% 36218 11833 2628 124%
c
c  seconds   switched     rate          size/glue  tier1     binary         remaining
c         MB   reductions   conflicts         size   tier2       irredundant
c          level    restarts       redundant     glue    trail         variables
c
c - 28.32 31 23 26 74 13482 4 420918 81766 1.7 19 11 9 13 44% 36218 11833 2628 124%
c } 28.41 31 23 27 74 13505 4 422501 83211 1.7 19 11 9 13 45% 36218 11833 2628 124%
c [ 28.41 31 23 27 74 13505 1 422501 83211 1.8 24 13 9 16 45% 36218 11833 2628 124%
c B 28.41 31 23 27 74 13505 1 422501 83211 1.8 24 13 9 16 45% 36218 11833 2628 124%
c - 28.84 32 23 27 75 13510 1 429521 82547 1.8 24 13 9 16 46% 36218 11833 2628 124%
c - 29.42 33 23 27 76 13514 1 438184 82636 1.8 25 14 9 16 46% 36218 11833 2628 124%
c - 30.08 33 23 27 77 13518 1 446902 83654 1.8 25 14 9 17 47% 36218 11833 2628 124%
c u 30.53 37 23 27 77 13519 1 450003 86512 1.8 25 14 9 17 47% 36218 11833 2628 124%
c v 30.68 37 23 27 77 13519 1 450003 86147 1.8 25 14 9 17 47% 36218 11833 2628 124%
c w 30.73 37 23 27 77 13519 1 450003 86036 1.8 25 14 9 17 47% 36218 11833 2628 124%
c - 31.16 33 23 27 78 13520 1 455676 85024 1.8 25 14 9 17 47% 36218 11833 2628 124%
c ] 31.22 33 23 28 78 13521 1 456668 85921 1.8 25 14 9 17 47% 36218 11833 2628 124%
c { 31.22 33 23 28 78 13521 4 456668 85921 1.7 19 11 9 13 45% 36218 11833 2628 124%
c - 31.68 33 23 28 79 13616 4 464507 87093 1.7 19 11 9 13 45% 36218 11833 2628 124%
c - 32.18 34 22 28 80 13657 3 473398 88393 1.7 18 11 9 12 45% 36218 11833 2628 124%
c o 32.66 34 21 28 80 13802 3 481736 96143 1.7 18 11 9 12 45% 36218 11833 2628 124%
c - 32.72 34 22 28 81 13845 3 482342 91651 1.7 18 11 9 12 45% 36218 11833 2628 124%
c - 33.28 33 21 28 82 14090 3 491343 95514 1.7 18 11 9 12 45% 36218 11833 2628 124%
c - 33.83 35 21 28 83 14252 3 500398 98655 1.7 18 10 9 12 45% 36218 11833 2628 124%
c } 34.08 35 20 29 83 14272 3 504807 102581 1.7 18 10 9 12 45% 36218 11833 2628 124%
c
c  seconds   switched     rate           size/glue  tier1     binary         remaining
c         MB   reductions   conflicts          size   tier2       irredundant
c          level    restarts       redundant      glue    trail         variables
c
c [ 34.08 35 23 29 83 14272 1 504807 102581 1.8 25 14 9 17 47% 36218 11833 2628 124%
c W 34.09 27 23 29 83 14272 1 504807 102581 1.8 25 14 9 17 47% 36218 11833 2628 124%
c - 34.38 27 23 29 84 14275 1 509508 101089 1.8 25 14 9 17 47% 36218 11833 2628 124%
c u 34.69 39 23 29 84 14277 1 511224 102593 1.8 25 13 9 17 47% 36218 11833 2628 124%
c v 34.83 39 23 29 84 14277 1 511224 102096 1.8 25 13 9 17 47% 36218 11833 2628 124%
c w 34.89 39 23 29 84 14277 1 511224 101687 1.8 25 13 9 17 47% 36218 11833 2628 124%
c - 35.40 33 22 29 85 14280 1 518675 102437 1.8 24 13 9 16 47% 36218 11833 2628 124%
c - 36.01 34 22 29 86 14285 1 527895 104259 1.8 24 13 9 16 47% 36218 11833 2628 124%
c - 36.68 35 22 29 87 14286 1 537170 105475 1.8 24 13 9 16 48% 36218 11833 2628 124%
c ] 37.31 37 21 30 87 14292 1 545619 113426 1.9 24 13 9 16 48% 36218 11833 2628 124%
c { 37.31 37 20 30 87 14292 3 545619 113426 1.7 18 10 9 12 45% 36218 11833 2628 124%
c - 37.40 34 20 30 88 14338 3 546498 105871 1.7 18 10 9 12 45% 36218 11833 2628 124%
c - 38.01 35 20 30 89 14657 3 555878 106154 1.7 18 10 9 12 45% 36218 11833 2628 124%
c - 38.59 37 20 30 90 14870 3 565315 106888 1.7 18 10 9 12 46% 36218 11833 2628 124%
c - 39.14 35 19 30 91 14970 3 574801 108742 1.7 18 10 9 12 46% 36218 11833 2628 124%
c u 39.49 39 19 30 91 15018 3 576799 107929 1.7 18 10 9 12 46% 36218 11833 2628 124%
c v 39.65 39 19 30 91 15018 3 576799 106255 1.7 18 10 9 12 46% 36218 11833 2628 124%
c w 39.70 39 19 30 91 15018 3 576799 105994 1.7 18 10 9 12 46% 36218 11833 2628 124%
c o 40.02 34 19 30 91 15068 3 582235 110777 1.7 18 10 9 12 46% 36218 11833 2628 124%
c - 40.14 34 19 30 92 15074 3 584342 86316 1.7 18 10 8 12 46% 36218 11833 2628 124%
c
c  seconds   switched     rate          size/glue  tier1     binary         remaining
c         MB   reductions   conflicts         size   tier2       irredundant
c          level    restarts       redundant     glue    trail         variables
c
c - 40.72 34 19 30 93 15337 3 593934 82375 1.7 18 10 8 12 46% 36218 11833 2628 124%
c } 41.08 33 19 31 93 15569 3 600054 87961 1.7 17 10 8 12 46% 36218 11833 2628 124%
c [ 41.08 33 21 31 93 15569 1 600054 87961 1.9 24 13 9 16 48% 36218 11833 2628 124%
c O 41.08 33 21 31 93 15569 1 600054 87961 1.9 24 13 9 16 48% 36218 11833 2628 124%
c - 41.29 33 21 31 94 15571 1 603579 81940 1.9 24 13 9 16 48% 36218 11833 2628 124%
c - 41.86 34 21 31 95 15576 1 613274 83250 1.9 24 13 9 16 48% 36218 11833 2628 124%
c - 42.48 34 21 31 96 15582 1 623020 83547 1.8 23 13 9 16 48% 36218 11833 2628 124%
c - 43.14 33 21 31 97 15583 1 632817 84072 1.8 23 13 9 16 48% 36218 11833 2628 124%
c - 43.87 34 21 31 98 15590 1 642665 85270 1.9 23 13 9 16 48% 36218 11833 2628 124%
c u 44.37 37 20 31 98 15592 1 646777 88457 1.9 23 13 9 16 48% 36218 11833 2628 124%
c v 44.55 39 20 31 98 15592 1 646777 87161 1.9 23 13 9 16 48% 36218 11833 2628 124%
c w 44.62 39 20 31 98 15592 1 646777 85306 1.9 23 13 9 16 48% 36218 11833 2628 124%
c ] 44.83 33 20 32 98 15593 1 649093 87491 1.9 23 13 9 16 48% 36218 11833 2628 124%
c { 44.83 33 19 32 98 15593 3 649093 87491 1.7 17 10 8 12 46% 36218 11833 2628 124%
c - 45.10 33 19 32 99 15778 3 652564 83601 1.7 17 10 8 12 46% 36218 11833 2628 124%
c - 45.68 34 19 32 100 16144 3 662513 86079 1.7 17 10 8 12 46% 36218 11833 2628 124%
c - 46.31 35 19 32 101 16558 3 672514 86966 1.7 17 10 8 12 46% 36218 11833 2628 124%
c - 46.96 34 19 32 102 17234 3 682563 87889 1.7 17 10 8 12 46% 36218 11833 2628 124%
c o 47.55 35 19 32 102 17581 3 692264 96801 1.7 17 10 8 12 46% 36218 11833 2628 124%
c - 47.60 35 19 32 103 17621 3 692662 89313 1.7 17 10 8 12 46% 36218 11833 2628 124%
c
c  seconds   switched      rate          size/glue  tier1     binary         remaining
c         MB   reductions    conflicts         size   tier2       irredundant
c          level     restarts       redundant     glue    trail         variables
c
c - 48.26 34 19 32 104 18023 3 702810 90341 1.7 17 10 8 12 46% 36218 11833 2628 124%
c } 48.72 35 19 33 104 18351 3 710198 97164 1.7 17 10 8 12 46% 36218 11833 2628 124%
c [ 48.72 35 20 33 104 18351 1 710198 97164 1.9 23 13 9 16 48% 36218 11833 2628 124%
c B 48.72 35 20 33 104 18351 1 710198 97164 1.9 23 13 9 16 48% 36218 11833 2628 124%
c - 48.92 35 21 33 105 18353 1 713008 90781 1.9 24 13 9 16 48% 36218 11833 2628 124%
c u 49.69 37 21 33 105 18357 1 721211 98412 1.8 23 13 9 16 48% 36218 11833 2628 124%
c v 49.88 37 21 33 105 18357 1 721211 97867 1.8 23 13 9 16 48% 36218 11833 2628 124%
c w 49.95 37 21 33 105 18357 1 721211 96828 1.8 23 13 9 16 48% 36218 11833 2628 124%
c - 50.13 33 21 33 106 18358 1 723255 90465 1.8 23 13 9 16 48% 36218 11833 2628 124%
c - 50.87 34 20 33 107 18364 1 733551 92329 1.8 23 13 9 16 48% 36218 11833 2628 124%
c - 51.62 34 21 33 108 18366 1 743895 93693 1.8 23 13 9 16 49% 36218 11833 2628 124%
c - 52.43 35 20 33 109 18372 1 754290 94755 1.9 23 13 9 16 49% 36218 11833 2628 124%
c ] 53.11 33 20 34 109 18378 1 762364 102366 1.8 23 13 9 16 49% 36218 11833 2628 124%
c { 53.11 33 19 34 109 18378 3 762364 102366 1.7 17 10 8 12 46% 36218 11833 2628 124%
c - 53.30 35 18 34 110 18379 3 764731 94079 1.7 17 10 8 12 46% 36218 11833 2628 124%
c - 53.96 34 18 34 111 18392 2 775220 92800 1.7 17 10 8 12 46% 36218 11833 2628 124%
c - 54.59 35 17 34 112 18395 2 785756 92098 1.7 17 10 8 12 46% 36218 11833 2628 124%
c - 55.20 34 16 34 113 18404 2 796339 91664 1.7 17 10 8 12 46% 36218 11833 2628 124%
c u 55.69 37 16 34 113 18405 2 800149 94147 1.7 17 10 8 12 46% 36218 11833 2628 124%
c v 55.89 37 16 34 113 18405 2 800149 92057 1.7 17 10 8 12 46% 36218 11833 2628 124%
c
c  seconds   switched      rate          size/glue  tier1     binary         remaining
c         MB   reductions    conflicts         size   tier2       irredundant
c          level     restarts       redundant     glue    trail         variables
c
c w 55.93 39 16 34 113 18405 2 800149 91964 1.7 17 10 8 12 46% 36218 11833 2628 124%
c - 57.17 33 16 34 114 18439 2 806969 89317 1.7 16 10 8 12 46% 36218 11833 2628 124%
c o 57.73 34 15 34 114 18465 2 816389 97155 1.7 16 10 8 12 46% 36218 11833 2628 124%
c - 57.82 34 15 34 115 18481 2 817647 92706 1.7 16 10 8 12 46% 36218 11833 2628 124%
c - 58.41 35 15 34 116 18493 2 828372 96906 1.7 16 10 8 12 46% 36218 11833 2628 124%
c } 58.53 33 15 35 116 18493 2 830510 98625 1.7 16 10 8 12 46% 36218 11833 2628 124%
c [ 58.53 33 20 35 116 18493 1 830510 98625 1.8 23 13 9 16 49% 36218 11833 2628 124%
c W 58.67 27 20 35 116 18493 1 830510 98625 1.8 23 13 9 16 49% 36218 11833 2628 124%
c - 59.22 27 20 35 117 18499 1 839144 100322 1.8 23 13 9 16 49% 36218 11833 2628 124%
c - 60.01 27 20 35 118 18505 1 849960 103439 1.8 23 13 9 16 49% 36218 11833 2628 124%
c - 60.83 37 21 35 119 18507 1 860824 102972 1.8 23 13 9 16 49% 36218 11833 2628 124%
c - 61.67 34 21 35 120 18514 1 871732 101991 1.8 23 13 8 16 49% 36218 11833 2628 124%
c - 62.54 35 21 35 121 18520 1 882687 102229 1.8 23 13 8 16 49% 36218 11833 2628 124%
c u 62.82 39 21 35 121 18520 1 883646 102153 1.8 23 13 8 16 49% 36218 11833 2628 124%
c v 62.99 39 21 35 121 18520 1 883646 98899 1.8 23 13 8 16 49% 36218 11833 2628 124%
c w 63.05 39 21 35 121 18520 1 883646 94772 1.8 23 13 8 16 49% 36218 11833 2628 124%
c x 63.16 39 21 35 121 18520 1 883646 94771 1.8 23 13 8 16 49% 36218 11833 2628 124%
c ] 63.34 33 21 36 121 18521 1 885537 96529 1.8 23 13 8 16 49% 36218 11833 2628 124%
c { 63.34 33 15 36 121 18521 2 885537 96529 1.7 16 10 8 12 46% 36218 11833 2628 124%
c - 63.99 35 15 36 122 19409 2 893687 95439 1.7 16 10 8 12 46% 36218 11833 2628 124%
c
c  seconds   switched      rate          size/glue  tier1     binary         remaining
c         MB   reductions    conflicts         size   tier2       irredundant
c          level     restarts       redundant     glue    trail         variables
c
c - 64.83 35 16 36 123 20704 2 904735 97168 1.7 16 10 8 12 46% 36218 11833 2628 124%
c - 65.58 37 16 36 124 21423 2 915825 96761 1.7 16 10 8 12 46% 36218 11833 2628 124%
c - 66.37 35 17 36 125 22335 2 926960 97173 1.7 16 10 8 12 46% 36218 11833 2628 124%
c - 67.16 37 17 36 126 23089 2 938140 98936 1.7 16 10 8 12 46% 36218 11833 2628 124%
c o 67.77 34 17 36 126 23668 3 947118 107317 1.7 16 10 8 12 47% 36218 11833 2628 124%
c - 67.94 35 17 36 127 23882 3 949364 101011 1.7 16 10 8 12 47% 36218 11833 2628 124%
c - 68.74 37 17 36 128 24603 3 960636 102946 1.7 17 10 8 12 47% 36218 11833 2628 124%
c } 68.77 33 17 37 128 24603 3 961094 103351 1.7 17 10 8 12 47% 36218 11833 2628 124%
c [ 68.77 33 21 37 128 24603 1 961094 103351 1.8 23 13 8 16 49% 36218 11833 2628 124%
c I 68.77 33 21 37 128 24603 1 961094 103351 1.8 23 13 8 16 49% 36218 11833 2628 124%
c u 69.68 39 21 37 128 24609 1 971749 113057 1.8 23 13 8 16 49% 36218 11833 2628 124%
c v 69.92 39 21 37 128 24609 1 971749 112880 1.8 23 13 8 16 49% 36218 11833 2628 124%
c w 70.01 39 21 37 128 24609 1 971749 112738 1.8 23 13 8 16 49% 36218 11833 2628 124%
c - 70.07 33 21 37 129 24609 1 971949 103344 1.8 23 13 8 16 49% 36218 11833 2628 124%
c - 70.85 34 21 37 130 24616 1 983306 103667 1.8 23 13 8 15 49% 36218 11833 2628 124%
c - 71.76 37 20 37 131 24618 1 994709 104134 1.8 23 13 8 15 49% 36218 11833 2628 124%
c - 72.56 33 20 37 132 24624 1 1006156 104509 1.8 22 12 8 15 49% 36218 11833 2628 124%
c - 73.43 35 20 37 133 24631 1 1017645 104463 1.8 22 12 8 15 48% 36218 11833 2628 124%
c B 74.30 37 20 37 133 24633 1 1028776 114920 1.8 22 12 8 15 48% 36218 11833 2628 124%
c - 74.35 37 20 37 134 24633 1 1029178 103678 1.8 22 12 8 15 48% 36218 11833 2628 124%
c
c  seconds   switched      rate            size/glue  tier1     binary         remaining
c         MB   reductions     conflicts          size   tier2       irredundant
c          level     restarts        redundant      glue    trail         variables
c
c ] 74.76 33 22 38 134 24633 1 1035533 109914 1.8 23 13 8 15 48% 36218 11833 2628 124%
c { 74.76 33 17 38 134 24633 3 1035533 109914 1.7 17 10 8 12 47% 36218 11833 2628 124%
c - 75.46 37 19 38 135 25740 3 1040754 100884 1.7 17 10 8 12 47% 36218 11833 2628 124%
c - 76.99 35 23 38 136 28199 4 1052373 98466 1.7 18 11 8 12 47% 36218 11833 2628 124%
c - 78.62 35 26 38 137 30664 5 1064035 98709 1.7 20 11 8 12 47% 36218 11833 2628 124%
c u 79.05 39 27 38 137 30764 5 1064511 95745 1.7 20 11 8 12 47% 36218 11833 2628 124%
c v 79.34 39 27 38 137 30764 5 1064511 95416 1.7 20 11 8 12 47% 36218 11833 2628 124%
c w 79.44 39 27 38 137 30764 5 1064511 95373 1.7 20 11 8 12 47% 36218 11833 2628 124%
c - 81.04 35 29 38 138 33117 6 1075740 95230 1.7 21 12 8 12 47% 36218 11833 2628 124%
c o 82.58 35 32 38 138 35323 6 1087143 106548 1.8 22 12 8 12 47% 36218 11833 2628 124%
c - 82.65 35 32 38 139 35396 6 1087487 95936 1.8 22 12 8 12 47% 36218 11833 2628 124%
c - 84.29 35 34 38 140 37702 7 1099276 96252 1.8 23 13 8 12 47% 36218 11833 2628 124%
c - 85.83 35 37 38 141 39634 7 1111108 96412 1.8 23 13 8 12 47% 36218 11833 2628 124%
c } 86.81 35 38 39 141 40883 7 1118868 104107 1.8 24 13 8 12 47% 36218 11833 2628 124%
c [ 86.81 35 22 39 141 40883 1 1118868 104107 1.8 23 13 8 15 48% 36218 11833 2628 124%
c W 86.94 27 22 39 141 40883 1 1118868 104107 1.8 23 13 8 15 48% 36218 11833 2628 124%
c - 87.23 27 22 39 142 40886 1 1122982 95366 1.8 23 13 8 15 48% 36218 11833 2628 124%
c - 88.03 27 21 39 143 40892 1 1134900 95644 1.8 23 13 8 15 48% 36218 11833 2628 124%
c - 88.91 33 21 39 144 40897 1 1146860 96124 1.8 23 12 8 15 48% 36218 11833 2628 124%
c - 89.82 34 21 39 145 40903 1 1158862 94464 1.8 23 13 8 15 48% 36218 11833 2628 124%
c
c  seconds   switched      rate           size/glue  tier1     binary         remaining
c         MB   reductions     conflicts         size   tier2       irredundant
c          level     restarts        redundant     glue    trail         variables
c
c u 90.51 39 21 39 145 40904 1 1161956 95183 1.8 23 13 8 15 48% 36218 11833 2628 124%
c v 90.92 39 21 39 145 40904 1 1161956 94912 1.8 23 13 8 15 48% 36218 11833 2628 124%
c w 91.06 39 21 39 145 40904 1 1161956 94362 1.8 23 13 8 15 48% 36218 11833 2628 124%
c - 91.81 34 21 39 146 40910 1 1170903 90809 1.8 23 12 8 15 47% 36218 11833 2628 124%
c - 92.81 35 21 39 147 40912 1 1182986 89879 1.8 23 12 8 15 47% 36218 11833 2628 124%
c - 93.83 34 20 39 148 40913 1 1195110 90531 1.8 23 12 8 15 47% 36218 11833 2628 124%
c O 94.02 35 20 39 148 40913 1 1197296 92428 1.8 23 12 8 15 47% 36218 11833 2628 124%
c - 94.79 33 20 39 149 40919 1 1207275 91898 1.8 22 12 8 15 47% 36218 11833 2628 124%
c - 95.80 34 20 39 150 40926 1 1219482 92529 1.8 22 12 8 15 48% 36218 11833 2628 124%
c - 96.84 35 20 39 151 40928 1 1231729 93762 1.8 22 12 8 15 48% 36218 11833 2628 124%
c - 97.80 35 19 39 152 40935 1 1244022 95122 1.8 22 12 8 15 48% 36218 11833 2628 124%
c - 98.76 34 19 39 153 40942 1 1256350 95685 1.8 22 12 8 15 48% 36218 11833 2628 124%
c ] 98.95 34 19 40 153 40943 1 1258576 97790 1.9 22 12 8 15 48% 36218 11833 2628 124%
c { 98.95 34 38 40 153 40943 7 1258576 97790 1.8 24 13 8 12 47% 36218 11833 2628 124%
c u 99.70 39 37 40 153 40946 7 1264137 102142 1.8 24 13 8 12 47% 36218 11833 2628 124%
c v 100.01 39 37 40 153 40946 7 1264137 98134 1.8 24 13 8 12 47% 36218 11833 2628 124%
c w 100.12 39 37 40 153 40946 7 1264137 95447 1.8 24 13 8 12 47% 36218 11833 2628 124%
c o 100.15 39 37 40 153 40946 7 1264137 95447 1.8 24 13 8 12 47% 36218 11833 2628 124%
c - 100.43 33 36 40 154 40962 7 1268720 89881 1.8 24 13 8 12 47% 36218 11833 2628 124%
c - 101.17 34 34 40 155 40970 6 1281133 92924 1.8 23 13 8 12 47% 36218 11833 2628 124%
c
c  seconds    switched      rate           size/glue  tier1     binary         remaining
c          MB   reductions     conflicts         size   tier2       irredundant
c           level     restarts        redundant     glue    trail         variables
c
c - 101.95 34 32 40 156 41007 6 1293583 94719 1.8 23 13 8 12 47% 36218 11833 2628 124%
c - 102.74 37 30 40 157 41078 5 1306072 94754 1.8 23 12 8 12 47% 36218 11833 2628 124%
c - 103.51 34 29 40 158 41098 5 1318601 94656 1.8 22 12 8 12 47% 36218 11833 2628 124%
c - 104.29 34 27 40 159 41153 4 1331170 94984 1.8 22 12 8 12 47% 36218 11833 2628 124%
c - 105.07 35 26 40 160 41178 4 1343783 96450 1.8 21 12 8 12 47% 36218 11833 2628 124%
c } 105.47 33 25 41 160 41181 4 1350048 102260 1.8 21 11 8 12 47% 36218 11833 2628 124%
c [ 105.47 33 19 41 160 41181 1 1350048 102260 1.9 22 12 8 15 48% 36218 11833 2628 124%
c B 105.47 33 19 41 160 41181 1 1350048 102260 1.9 22 12 8 15 48% 36218 11833 2628 124%
c - 105.94 35 20 41 161 41186 1 1356433 97083 1.9 22 12 8 15 48% 36218 11833 2628 124%
c - 106.91 37 20 41 162 41193 1 1369123 98031 1.9 23 12 8 15 48% 36218 11833 2628 124%
c u 107.38 37 20 41 162 41194 1 1371102 99242 1.9 23 12 8 15 48% 36218 11833 2628 124%
c v 107.65 39 20 41 162 41194 1 1371102 98085 1.9 23 12 8 15 48% 36218 11833 2628 124%
c w 107.75 39 20 41 162 41194 1 1371102 97541 1.9 23 12 8 15 48% 36218 11833 2628 124%
c - 108.67 34 19 41 163 41195 1 1381850 98242 1.9 22 12 8 15 48% 36218 11833 2628 124%
c - 109.68 37 19 41 164 41202 1 1394618 99694 1.9 23 12 8 15 48% 36218 11833 2628 124%
c - 110.77 34 19 41 165 41209 1 1407425 98349 1.8 22 12 8 15 48% 36218 11833 2628 124%
c ] 111.83 33 19 42 165 41211 1 1419357 109020 1.8 22 12 8 15 48% 36218 11833 2628 124%
c { 111.83 33 25 42 165 41211 4 1419357 109020 1.8 21 11 8 12 47% 36218 11833 2628 124%
c - 111.92 34 25 42 166 41212 4 1420271 99365 1.8 21 11 8 12 47% 36218 11833 2628 124%
c o 112.52 34 24 42 166 41239 4 1428823 107275 1.8 21 11 8 12 47% 36218 11833 2628 124%
c
c  seconds    switched      rate            size/glue  tier1     binary         remaining
c          MB   reductions     conflicts          size   tier2       irredundant
c           level     restarts        redundant      glue    trail         variables
c
c - 112.83 37 24 42 167 41356 4 1433155 100738 1.8 21 11 8 12 47% 36218 11833 2628 124%
c - 113.67 35 23 42 168 41517 3 1446078 102392 1.8 20 11 8 12 47% 36218 11833 2628 124%
c - 114.54 35 23 42 169 41660 3 1459039 104527 1.8 20 11 8 12 47% 36218 11833 2628 124%
c - 115.42 34 22 42 170 41910 3 1472044 106953 1.8 20 11 8 12 47% 36218 11833 2628 124%
c u 116.47 39 22 42 170 42016 3 1482853 115346 1.8 19 11 8 12 47% 36218 11833 2628 124%
c v 116.79 41 22 42 170 42016 3 1482853 114411 1.8 19 11 8 12 47% 36218 11833 2628 124%
c w 116.90 41 22 42 170 42016 3 1482853 114197 1.8 19 11 8 12 47% 36218 11833 2628 124%
c - 117.10 34 21 42 171 42026 3 1485082 107642 1.8 19 11 8 12 47% 36218 11833 2628 124%
c - 117.98 37 21 42 172 42200 3 1498158 109680 1.8 19 11 8 12 47% 36218 11833 2628 124%
c - 118.88 37 21 42 173 42515 3 1511272 111979 1.8 19 11 8 12 47% 36218 11833 2628 124%
c } 119.42 35 20 43 173 42667 3 1519331 119517 1.8 19 11 8 12 47% 36218 11833 2628 124%
c [ 119.42 35 19 43 173 42667 1 1519331 119517 1.8 22 12 8 15 48% 36218 11833 2628 124%
c W 119.71 27 19 43 173 42667 1 1519331 119517 1.8 22 12 8 15 48% 36218 11833 2628 124%
c - 120.07 27 19 43 174 42670 1 1524424 113994 1.8 22 12 8 15 48% 36218 11833 2628 124%
c - 121.04 31 19 43 175 42678 1 1537615 115402 1.8 22 12 8 15 48% 36218 11833 2628 124%
c - 122.05 33 19 43 176 42681 1 1550843 117307 1.8 22 12 8 15 48% 36218 11833 2628 124%
c - 123.07 33 19 43 177 42688 1 1564109 118277 1.8 22 12 8 15 48% 36218 11833 2628 124%
c - 124.19 33 19 43 178 42696 1 1577413 118939 1.8 22 12 8 15 48% 36218 11833 2628 124%
c - 125.27 33 19 43 179 42697 1 1590754 119974 1.8 22 12 8 15 48% 36218 11833 2628 124%
c u 126.43 34 19 43 179 42697 1 1599466 126824 1.9 22 12 8 15 48% 36218 11833 2628 124%
c
c  seconds    switched      rate            size/glue  tier1     binary         remaining
c          MB   reductions     conflicts          size   tier2       irredundant
c           level     restarts        redundant      glue    trail         variables
c
c v 126.75 34 19 43 179 42697 1 1599466 122453 1.9 22 12 8 15 48% 36218 11833 2628 124%
c w 126.87 34 19 43 179 42697 1 1599466 120622 1.9 22 12 8 15 48% 36218 11833 2628 124%
c o 128.18 34 19 43 179 42697 1 1599466 120622 1.9 22 12 8 15 48% 36218 11833 2628 124%
c - 128.48 34 22 43 180 42700 1 1604134 114775 1.8 23 13 8 15 48% 36218 11833 2628 124%
c ] 128.66 34 22 44 180 42702 1 1606690 117120 1.8 23 13 8 15 48% 36218 11833 2628 124%
c { 128.66 34 20 44 180 42702 3 1606690 117120 1.8 19 11 8 12 47% 36218 11833 2628 124%
c - 129.52 34 20 44 181 43057 3 1617550 117540 1.8 19 11 8 12 47% 36218 11833 2628 124%
c - 130.52 34 20 44 182 43326 3 1631003 120331 1.8 19 11 8 12 47% 36218 11833 2628 124%
c - 131.59 34 20 44 183 43838 3 1644493 121371 1.8 19 11 8 12 47% 36218 11833 2628 124%
c - 132.50 34 20 44 184 44194 3 1658021 123320 1.7 18 11 8 12 47% 36218 11833 2628 124%
c - 133.41 34 19 44 185 44393 2 1671588 124663 1.8 18 10 8 12 47% 36218 11833 2628 124%
c - 134.31 34 19 44 186 44609 2 1685189 125556 1.8 18 10 8 12 47% 36218 11833 2628 124%
c - 135.25 34 19 44 187 45047 2 1698827 127532 1.7 18 10 8 12 47% 36218 11833 2628 124%
c - 136.33 34 19 44 188 45822 2 1712502 129628 1.7 18 10 8 12 47% 36218 11833 2628 124%
c } 136.57 34 19 45 188 46035 2 1715522 132394 1.7 18 10 8 12 47% 36218 11833 2628 124%
c [ 136.57 34 22 45 188 46035 1 1715522 132394 1.8 23 13 8 15 48% 36218 11833 2628 124%
c I 136.57 34 22 45 188 46035 1 1715522 132394 1.8 23 13 8 15 48% 36218 11833 2628 124%
c u 137.26 35 23 45 188 46039 1 1720968 136086 1.8 24 13 8 15 48% 36218 11833 2628 124%
c v 137.51 37 23 45 188 46039 1 1720968 135777 1.8 24 13 8 15 48% 36218 11833 2628 124%
c w 137.61 37 23 45 188 46039 1 1720968 135731 1.8 24 13 8 15 48% 36218 11833 2628 124%
c
c  seconds    switched      rate            size/glue  tier1     binary         remaining
c          MB   reductions     conflicts          size   tier2       irredundant
c           level     restarts        redundant      glue    trail         variables
c
c x 137.77 37 23 45 188 46039 1 1720968 135729 1.8 24 13 8 15 48% 36218 11833 2628 124%
c - 138.24 46 23 45 189 46041 1 1726213 124953 1.8 24 13 8 15 48% 36218 11833 2628 124%
c - 139.32 46 24 45 190 46048 1 1739961 121094 1.8 25 14 8 15 48% 36218 11833 2628 124%
c - 140.42 46 25 45 191 46054 1 1753746 118430 1.8 25 14 8 15 48% 36218 11833 2628 124%
c - 141.57 46 25 45 192 46062 1 1767567 116956 1.8 26 14 8 15 47% 36218 11833 2628 124%
c - 142.70 46 26 45 193 46065 1 1781424 117269 1.8 27 14 8 15 47% 36218 11833 2628 124%
c - 143.82 46 26 45 194 46065 1 1795318 117366 1.8 27 15 8 15 47% 36218 11833 2628 124%
c - 144.97 46 26 45 195 46072 1 1809246 117260 1.9 27 15 8 15 47% 36218 11833 2628 124%
c ] 145.20 46 26 46 195 46075 1 1812230 120130 1.9 27 15 8 15 47% 36218 11833 2628 124%
c { 145.20 46 19 46 195 46075 2 1812230 120130 1.7 18 10 8 12 47% 36218 11833 2628 124%
c o 145.21 46 19 46 195 46081 2 1812257 120157 1.7 18 10 8 12 47% 36218 11833 2628 124%
c - 146.05 46 19 46 196 46461 2 1823211 120197 1.7 18 10 8 12 47% 36218 11833 2628 124%
c - 147.10 46 19 46 197 46909 2 1837212 123997 1.7 18 10 8 12 47% 36218 11833 2628 124%
c u 148.24 46 18 46 197 47182 2 1847386 131525 1.7 18 10 8 12 47% 36218 11833 2628 124%
c v 148.63 46 18 46 197 47182 2 1847386 130262 1.7 18 10 8 12 47% 36218 11833 2628 124%
c w 148.76 46 18 46 197 47182 2 1847386 130142 1.7 18 10 8 12 47% 36218 11833 2628 124%
c - 149.07 46 18 46 198 47234 2 1851247 122854 1.7 18 10 8 12 47% 36218 11833 2628 124%
c - 150.14 46 18 46 199 47877 2 1865318 123875 1.7 18 10 8 12 47% 36218 11833 2628 124%
c - 151.20 46 18 46 200 48535 2 1879424 125634 1.7 17 10 8 12 47% 36218 11833 2628 124%
c - 152.20 46 18 46 201 48936 2 1893566 127430 1.7 17 10 8 12 47% 36218 11833 2628 124%
c
c  seconds    switched      rate            size/glue  tier1     binary         remaining
c          MB   reductions     conflicts          size   tier2       irredundant
c           level     restarts        redundant      glue    trail         variables
c
c - 153.26 46 18 46 202 49487 2 1907744 128489 1.7 17 10 8 12 47% 36218 11833 2628 124%
c - 154.36 46 18 46 203 50233 2 1921957 129836 1.7 17 10 8 12 47% 36218 11833 2628 124%
c } 154.95 46 18 47 203 50405 2 1930276 137196 1.7 17 10 8 12 47% 36218 11833 2628 124%
c [ 154.95 46 26 47 203 50405 1 1930276 137196 1.9 27 15 8 15 47% 36218 11833 2628 124%
c B 154.95 46 26 47 203 50405 1 1930276 137196 1.9 27 15 8 15 47% 36218 11833 2628 124%
c - 155.36 46 26 47 204 50409 1 1936204 129418 1.9 28 15 8 15 47% 36218 11833 2628 124%
c - 156.42 46 26 47 205 50417 1 1950486 129429 1.9 28 15 8 15 48% 36218 11833 2628 124%
c - 157.52 48 26 47 206 50421 1 1964803 131495 1.9 28 14 8 15 48% 36218 11833 2628 124%
c u 159.12 48 25 47 206 50429 1 1978739 144792 2.0 28 14 8 15 48% 36218 11833 2628 124%
c v 159.53 48 25 47 206 50429 1 1978739 144623 2.0 28 14 8 15 48% 36218 11833 2628 124%
c w 159.68 66 25 47 206 50429 1 1978739 143901 2.0 28 14 8 15 48% 36218 11833 2628 124%
c - 159.78 54 25 47 207 50429 1 1979159 132528 2.0 28 14 8 15 48% 36218 11833 2628 124%
c - 161.05 58 25 47 208 50434 1 1993546 134570 2.0 28 14 8 15 48% 36218 11833 2628 124%
c - 162.33 60 24 47 209 50435 1 2007970 134358 2.0 27 14 8 15 48% 36218 11833 2628 124%
c - 163.62 58 24 47 210 50442 1 2022427 133341 2.0 27 14 8 15 48% 36218 11833 2628 124%
c ] 164.75 60 23 48 210 50449 1 2035933 146199 2.0 27 14 8 15 49% 36218 11833 2628 124%
c { 164.75 60 18 48 210 50449 2 2035933 146199 1.7 17 10 8 12 47% 36218 11833 2628 124%
c o 164.77 60 18 48 210 50469 2 2036037 146294 1.7 17 10 8 12 47% 36218 11833 2628 124%
c - 164.89 58 18 48 211 50558 2 2036918 133823 1.7 17 10 8 12 47% 36218 11833 2628 124%
c - 166.18 60 18 48 212 51514 3 2051444 133490 1.7 17 10 8 12 47% 36218 11833 2628 124%
c
c  seconds    switched      rate            size/glue  tier1     binary         remaining
c          MB   reductions     conflicts          size   tier2       irredundant
c           level     restarts        redundant      glue    trail         variables
c
c - 167.35 60 18 48 213 52042 3 2066004 133820 1.7 17 10 8 12 47% 36218 11833 2628 124%
c - 168.53 60 18 48 214 52650 3 2080598 134554 1.7 17 10 8 12 47% 36218 11833 2628 124%
c - 169.79 60 18 48 215 53303 3 2095227 135286 1.7 17 10 8 12 47% 36218 11833 2628 124%
c - 171.12 60 18 48 216 54324 3 2109890 135427 1.7 17 10 8 12 47% 36218 11833 2628 124%
c u 172.02 62 18 48 216 54420 3 2115082 139441 1.7 17 10 8 12 47% 36218 11833 2628 124%
c v 172.46 62 18 48 216 54420 3 2115082 138491 1.7 17 10 8 12 47% 36218 11833 2628 124%
c w 172.61 62 18 48 216 54420 3 2115082 138350 1.7 17 10 8 12 47% 36218 11833 2628 124%
c - 173.41 58 18 48 217 54759 3 2124586 133697 1.7 17 10 8 12 47% 36218 11833 2628 124%
c - 174.56 58 18 48 218 55294 3 2139317 134334 1.7 17 10 8 12 47% 36218 11833 2628 124%
c - 175.69 60 18 48 219 55843 3 2154081 134759 1.7 17 10 8 12 47% 36218 11833 2628 124%
c } 176.39 58 18 49 219 56114 3 2163545 143309 1.7 17 10 8 12 47% 36218 11833 2628 124%
c [ 176.39 58 23 49 219 56114 1 2163545 143309 2.0 27 14 8 15 49% 36218 11833 2628 124%
c W 176.60 48 23 49 219 56114 1 2163545 143309 2.0 27 14 8 15 49% 36218 11833 2628 124%
c - 177.02 48 24 49 220 56118 1 2168879 135939 2.0 27 14 8 15 48% 36218 11833 2628 124%
c - 178.14 48 23 49 221 56126 1 2183711 138637 2.0 26 13 8 15 48% 36218 11833 2628 124%
c - 179.33 48 22 49 222 56131 1 2198577 142276 2.0 26 13 8 15 48% 36218 11833 2628 124%
c - 180.67 48 22 49 223 56139 1 2213476 144879 2.0 25 13 8 15 48% 36218 11833 2628 124%
c - 182.03 48 21 49 224 56143 1 2228410 147822 2.0 25 12 8 15 48% 36218 11833 2628 124%
c - 183.48 48 21 49 225 56144 1 2243378 149811 2.0 25 12 8 15 48% 36218 11833 2628 124%
c u 185.29 66 20 49 225 56151 1 2256438 161104 2.0 24 12 8 15 48% 36218 11833 2628 124%
c
c  seconds    switched      rate            size/glue  tier1     binary         remaining
c          MB   reductions     conflicts          size   tier2       irredundant
c           level     restarts        redundant      glue    trail         variables
c
c v 185.76 66 20 49 225 56151 1 2256438 157221 2.0 24 12 8 15 48% 36218 11833 2628 124%
c w 185.92 66 20 49 225 56151 1 2256438 154958 2.0 24 12 8 15 48% 36218 11833 2628 124%
c o 185.96 66 20 49 225 56151 1 2256438 154958 2.0 24 12 8 15 48% 36218 11833 2628 124%
c - 186.11 58 24 49 226 56152 1 2258380 145440 1.9 25 13 8 15 48% 36218 11833 2628 124%
c - 187.30 60 23 49 227 56159 1 2273413 147410 1.9 24 13 8 15 48% 36218 11833 2628 124%
c O 187.65 60 23 49 227 56159 1 2277884 151688 1.9 24 13 8 15 48% 36218 11833 2628 124%
c ] 187.77 60 23 50 227 56161 1 2279426 153087 1.9 24 13 8 15 48% 36218 11833 2628 124%
c { 187.77 60 18 50 227 56161 3 2279426 153087 1.7 17 10 8 12 47% 36218 11833 2628 124%
c - 188.53 60 17 50 228 56188 2 2288481 149657 1.7 17 10 8 12 47% 36218 11833 2628 124%
c - 189.61 60 16 50 229 56189 2 2303580 148509 1.7 16 10 8 12 47% 36218 11833 2628 124%
c - 190.75 60 16 50 230 56241 2 2318713 147172 1.6 16 10 8 12 47% 36218 11833 2628 124%
c - 191.93 58 15 50 231 56272 2 2333878 148272 1.6 16 10 8 12 47% 36218 11833 2628 124%
c - 193.02 60 14 50 232 56290 2 2349076 148733 1.6 15 10 8 12 47% 36218 11833 2628 124%
c - 194.14 58 14 50 233 56323 2 2364307 149643 1.6 15 9 8 12 47% 36218 11833 2628 124%
c - 195.25 60 13 50 234 56347 2 2379571 151805 1.6 15 9 8 12 47% 36218 11833 2628 124%
c - 196.39 58 13 50 235 56432 2 2394870 154761 1.6 15 9 8 12 47% 36218 11833 2628 124%
c u 197.49 66 13 50 235 56541 2 2402862 159490 1.6 15 9 8 12 47% 36218 11833 2628 124%
c v 197.93 66 13 50 235 56541 2 2402862 157400 1.6 15 9 8 12 47% 36218 11833 2628 124%
c w 198.04 66 13 50 235 56541 2 2402862 157334 1.6 15 9 8 12 47% 36218 11833 2628 124%
c - 198.56 58 13 50 236 56601 2 2410200 155964 1.6 15 9 8 12 47% 36218 11833 2628 124%
c
c  seconds    switched      rate            size/glue tier1     binary         remaining
c          MB   reductions     conflicts          size  tier2       irredundant
c           level     restarts        redundant     glue    trail         variables
c
c } 199.02 60 13 51 236 56676 1 2416951 161218 1.6 15 9 8 12 47% 36218 11833 2628 124%
c [ 199.02 60 23 51 236 56676 1 2416951 161218 1.9 24 13 8 15 48% 36218 11833 2628 124%
c B 199.02 60 23 51 236 56676 1 2416951 161218 1.9 24 13 8 15 48% 36218 11833 2628 124%
c - 199.63 60 23 51 237 56682 1 2425563 161470 1.9 24 13 8 15 48% 36218 11833 2628 124%
c - 200.88 62 22 51 238 56689 1 2440959 167419 1.9 24 12 8 15 48% 36218 11833 2628 124%
c - 202.18 60 21 51 239 56696 1 2456387 171614 1.9 23 12 8 15 48% 36218 11833 2628 124%
c - 203.42 62 20 51 240 56704 1 2471846 174427 1.9 23 12 8 15 48% 36218 11833 2628 124%
c - 204.83 62 20 51 241 56706 1 2487338 176599 1.9 23 12 8 15 48% 36218 11833 2628 124%
c - 206.31 61 19 51 242 56709 1 2502862 177674 1.9 22 12 8 15 48% 36218 11833 2628 124%
c - 207.74 63 20 51 243 56719 1 2518418 175210 1.9 23 12 7 15 48% 36218 11833 2628 124%
c - 209.19 63 21 51 244 56724 1 2534007 169722 1.9 24 13 7 15 48% 36218 11833 2628 124%
c ] 209.73 59 22 52 244 56727 1 2539594 175084 1.9 24 13 7 15 48% 36218 11833 2628 124%
c { 209.73 59 13 52 244 56727 1 2539594 175084 1.6 15 9 8 12 47% 36218 11833 2628 124%
c o 209.75 59 13 52 244 56744 1 2539676 175166 1.6 15 9 8 12 47% 36218 11833 2628 124%
c - 211.06 63 14 52 245 58563 2 2549628 167597 1.6 15 9 8 12 47% 36218 11833 2628 124%
c u 212.19 64 14 52 245 59363 2 2554350 168049 1.6 15 9 8 12 47% 36218 11833 2628 124%
c v 212.71 65 14 52 245 59363 2 2554350 167881 1.6 15 9 8 12 47% 36218 11833 2628 124%
c w 212.90 65 14 52 245 59363 2 2554350 167859 1.6 15 9 8 12 47% 36218 11833 2628 124%
c - 214.14 61 15 52 246 60798 2 2565280 165504 1.6 15 10 8 12 47% 36218 11833 2628 124%
c - 215.74 63 16 52 247 62497 2 2580965 166253 1.6 15 10 8 12 47% 36218 11833 2628 124%
c
c  seconds    switched      rate            size/glue  tier1     binary         remaining
c          MB   reductions     conflicts          size   tier2       irredundant
c           level     restarts        redundant      glue    trail         variables
c
c - 217.30 63 16 52 248 64073 3 2596682 166010 1.6 16 10 8 12 47% 36218 11833 2628 124%
c - 218.76 61 17 52 249 65219 3 2612431 166104 1.6 16 10 8 12 47% 36218 11833 2628 124%
c - 220.22 63 17 52 250 66373 3 2628210 165816 1.6 16 10 8 12 47% 36218 11833 2628 124%
c - 221.60 63 17 52 251 67340 3 2644021 166258 1.6 16 10 8 12 47% 36218 11833 2628 124%
c - 222.93 59 18 52 252 67963 3 2659864 167624 1.6 17 10 8 12 47% 36218 11833 2628 124%
c - 224.14 61 17 52 253 68425 3 2675739 168959 1.7 17 10 8 12 47% 36218 11833 2628 124%
c } 225.01 61 17 53 253 68804 3 2687385 179520 1.7 17 10 8 12 47% 36218 11833 2628 124%
c [ 225.01 61 22 53 253 68804 1 2687385 179520 1.9 24 13 7 15 48% 36218 11833 2628 124%
c W 225.45 49 22 53 253 68804 1 2687385 179520 1.9 24 13 7 15 48% 36218 11833 2628 124%
c - 225.78 49 22 53 254 68807 1 2691645 170066 1.9 24 13 7 15 48% 36218 11833 2628 124%
c - 226.92 49 21 53 255 68816 1 2707582 171004 1.9 23 12 7 15 48% 36218 11833 2628 124%
c u 227.69 67 21 53 255 68817 1 2710955 164486 1.9 23 12 7 15 48% 36218 11833 2628 124%
c v 228.18 67 21 53 255 68817 1 2710955 158629 1.9 23 12 7 15 48% 36218 11833 2628 124%
c w 228.35 67 21 53 255 68817 1 2710955 155336 1.9 23 12 7 15 48% 36218 11833 2628 124%
c - 229.28 59 20 53 256 68821 1 2723550 154002 1.9 23 12 7 15 49% 36218 11833 2628 124%
c - 230.59 61 20 53 257 68831 1 2739552 158127 1.9 23 12 7 15 49% 36218 11833 2628 124%
c - 232.00 61 19 53 258 68834 1 2755585 160520 1.9 23 12 7 15 49% 36218 11833 2628 124%
c - 233.32 61 21 53 259 68837 1 2771647 157644 1.9 23 13 7 15 49% 36218 11833 2628 124%
c - 234.66 61 21 53 260 68846 1 2787742 153647 1.8 23 13 7 15 49% 36218 11833 2628 124%
c - 236.02 59 21 53 261 68851 1 2803867 151749 1.8 23 13 7 15 49% 36218 11833 2628 124%
c
c  seconds    switched      rate            size/glue  tier1     binary         remaining
c          MB   reductions     conflicts          size   tier2       irredundant
c           level     restarts        redundant      glue    trail         variables
c
c - 237.54 61 21 53 262 68861 1 2820024 148802 1.8 23 13 7 15 49% 36218 11833 2628 124%
c I 237.69 56 21 53 262 68862 1 2821625 150200 1.8 23 13 7 15 49% 36218 11833 2628 124%
c o 237.69 56 21 53 262 68862 1 2821625 150200 1.8 23 13 7 15 49% 36218 11833 2628 124%
c - 238.84 61 30 53 263 68865 1 2836210 141667 1.7 26 15 7 15 49% 36218 11833 2628 124%
c ] 239.90 59 33 54 263 68865 1 2849890 154860 1.7 28 16 7 15 49% 36218 11833 2628 124%
c { 239.90 59 17 54 263 68865 3 2849890 154860 1.7 17 10 8 12 47% 36218 11833 2628 124%
c - 240.38 57 18 54 264 69398 3 2852427 131758 1.7 17 10 8 12 47% 36218 11833 2628 124%
c - 243.12 59 24 54 265 72822 4 2868675 127987 1.7 19 11 8 12 47% 36218 11833 2628 124%
c u 244.40 49 25 54 265 73666 4 2872676 127166 1.7 19 11 8 12 47% 36218 11833 2628 124%
c v 244.92 49 25 54 265 73666 4 2872676 126607 1.7 19 11 8 12 47% 36218 11833 2628 124%
c w 245.11 49 25 54 265 73666 4 2872676 126565 1.7 19 11 8 12 47% 36218 11833 2628 124%
c - 247.39 49 28 54 266 76269 5 2884953 120415 1.7 21 12 8 12 47% 36218 11833 2628 124%
c - 250.18 49 32 54 267 79651 6 2901262 116623 1.8 22 13 8 12 47% 36218 11833 2628 124%
c - 252.90 49 35 54 268 82651 7 2917603 114487 1.8 23 13 8 12 47% 36218 11833 2628 124%
c - 255.37 49 37 54 269 85207 7 2933973 114773 1.8 24 13 8 12 47% 36218 11833 2628 124%
c - 257.87 49 39 54 270 87593 7 2950375 92374 1.8 25 14 7 12 47% 36218 11833 2628 124%
c - 260.09 49 41 54 271 89694 8 2966806 86842 1.9 26 14 7 12 47% 36218 11833 2628 124%
c - 262.17 49 42 54 272 91444 7 2983270 85631 1.9 27 14 7 12 47% 36218 11833 2628 124%
c - 264.18 49 43 54 273 92989 7 2999763 85921 1.9 28 14 7 12 47% 36218 11833 2628 124%
c } 265.15 49 43 55 273 93689 7 3008284 94312 2.0 28 14 7 12 47% 36218 11833 2628 124%
c
c  seconds    switched      rate           size/glue  tier1     binary         remaining
c          MB   reductions     conflicts         size   tier2       irredundant
c           level     restarts        redundant     glue    trail         variables
c
c [ 265.15 49 33 55 273 93689 1 3008284 94312 1.7 28 16 7 15 49% 36218 11833 2628 124%
c B 265.15 49 33 55 273 93689 1 3008284 94312 1.7 28 16 7 15 49% 36218 11833 2628 124%
c - 265.80 49 34 55 274 93694 1 3016287 84994 1.7 29 17 7 15 49% 36218 11833 2628 124%
c - 267.17 49 33 55 275 93702 1 3032841 85167 1.7 29 16 7 15 49% 36218 11833 2628 124%
c u 268.30 49 33 55 275 93703 1 3039565 90509 1.8 29 16 7 15 49% 36218 11833 2628 124%
c v 268.90 49 33 55 275 93703 1 3039565 90166 1.8 29 16 7 15 49% 36218 11833 2628 124%
c w 269.11 49 33 55 275 93703 1 3039565 89679 1.8 29 16 7 15 49% 36218 11833 2628 124%
c - 270.11 49 32 55 276 93710 1 3049424 85096 1.8 29 16 7 15 49% 36218 11833 2628 124%
c - 271.57 49 31 55 277 93718 1 3066037 86119 1.8 28 16 7 15 49% 36218 11833 2628 124%
c - 272.93 49 30 55 278 93719 1 3082680 87506 1.8 28 15 7 15 49% 36218 11833 2628 124%
c - 274.31 49 30 55 279 93726 1 3099353 85933 1.8 29 16 7 15 48% 36218 11833 2628 124%
c - 275.71 49 29 55 280 93734 1 3116057 83224 1.9 29 16 7 15 48% 36218 11833 2628 124%
c - 277.24 49 28 55 281 93741 1 3132790 83578 1.9 29 15 7 15 48% 36218 11833 2628 124%
c - 278.70 49 29 55 282 93749 1 3149555 82750 1.9 29 15 7 15 48% 36218 11833 2628 124%
c W 280.02 49 28 55 282 93750 1 3156472 89388 1.9 29 15 7 15 48% 36218 11833 2628 124%
c o 280.03 49 28 55 282 93750 1 3156472 89388 1.9 29 15 7 15 48% 36218 11833 2628 124%
c - 280.69 49 33 55 283 93750 1 3166347 80593 1.8 29 16 7 15 48% 36218 11833 2628 124%
c - 281.93 49 34 55 284 93751 1 3183169 80657 1.8 28 16 7 15 48% 36218 11833 2628 124%
c - 283.27 49 32 55 285 93751 1 3200022 83547 1.8 28 15 7 15 48% 36218 11833 2628 124%
c u 284.83 49 30 55 285 93757 1 3211647 93172 1.8 27 15 7 15 49% 36218 11833 2628 124%
c
c  seconds    switched      rate           size/glue  tier1     binary         remaining
c          MB   reductions     conflicts         size   tier2       irredundant
c           level     restarts        redundant     glue    trail         variables
c
c v 285.38 49 30 55 285 93757 1 3211647 89813 1.8 27 15 7 15 49% 36218 11833 2628 124%
c w 285.58 49 30 55 285 93757 1 3211647 83115 1.8 27 15 7 15 49% 36218 11833 2628 124%
c - 286.04 49 30 55 286 93758 1 3216903 77731 1.8 27 15 7 15 49% 36218 11833 2628 124%
c - 287.42 49 29 55 287 93766 1 3233815 82317 1.8 26 14 7 15 48% 36218 11833 2628 124%
c - 288.83 49 27 55 288 93774 1 3250757 84933 1.8 26 14 7 15 48% 36218 11833 2628 124%
c - 290.25 49 26 55 289 93781 1 3267727 86237 1.8 26 14 7 15 48% 36218 11833 2628 124%
c ] 291.55 49 25 56 289 93782 1 3282528 100132 1.8 25 14 7 15 48% 36218 11833 2628 124%
c { 291.55 49 43 56 289 93782 7 3282528 100132 2.0 28 14 7 12 47% 36218 11833 2628 124%
c - 291.75 49 42 56 290 93784 7 3284729 88381 2.0 28 14 7 12 47% 36218 11833 2628 124%
c - 293.20 49 38 56 291 93788 6 3301759 91798 1.9 27 14 7 12 47% 36218 11833 2628 124%
c - 294.52 49 35 56 292 93791 5 3318817 93820 1.9 26 13 7 12 47% 36218 11833 2628 124%
c - 295.82 49 32 56 293 93845 5 3335906 94564 1.9 25 13 7 12 47% 36218 11833 2628 124%
c - 297.02 49 30 56 294 93871 4 3353024 95476 1.9 24 13 7 12 47% 36218 11833 2628 124%
c - 298.27 49 28 56 295 93924 4 3370172 96811 1.9 23 12 7 12 47% 36218 11833 2628 124%
c - 299.47 49 26 56 296 93991 3 3387347 98246 1.9 22 12 7 12 47% 36218 11833 2628 124%
c u 300.13 49 26 56 296 93991 3 3388948 96557 1.9 22 12 7 12 47% 36218 11833 2628 124%
c v 300.65 49 26 56 296 93991 3 3388948 94096 1.9 22 12 7 12 47% 36218 11833 2628 124%
c w 300.83 49 26 56 296 93991 3 3388948 93769 1.9 22 12 7 12 47% 36218 11833 2628 124%
c o 301.63 49 25 56 296 94039 3 3400903 104995 1.9 22 12 7 12 47% 36218 11833 2628 124%
c - 301.93 49 25 56 297 94145 3 3404551 94033 1.9 22 12 7 12 47% 36218 11833 2628 124%
c
c  seconds    switched      rate           size/glue  tier1     binary         remaining
c          MB   reductions     conflicts         size   tier2       irredundant
c           level     restarts        redundant     glue    trail         variables
c
c - 303.08 49 23 56 298 94187 3 3421785 96942 1.8 21 11 7 12 46% 36218 11833 2628 124%
c - 304.35 49 23 56 299 94463 3 3439047 99133 1.8 21 11 7 12 46% 36218 11833 2628 124%
c } 305.22 49 22 57 299 94512 3 3451872 110876 1.8 20 11 7 12 47% 36218 11833 2628 124%
c [ 305.22 49 25 57 299 94512 1 3451872 110876 1.8 25 14 7 15 48% 36218 11833 2628 124%
c O 305.22 49 25 57 299 94512 1 3451872 110876 1.8 25 14 7 15 48% 36218 11833 2628 124%
c - 305.60 49 25 57 300 94515 1 3456338 100896 1.8 25 13 7 15 48% 36218 11833 2628 124%
c - 307.04 49 23 57 301 94525 1 3473659 101996 1.8 24 13 7 15 48% 36218 11833 2628 124%
c - 308.47 49 22 57 302 94532 1 3491008 102866 1.8 23 13 7 15 48% 36218 11833 2628 124%
c - 309.88 49 22 57 303 94540 1 3508386 102664 1.8 23 13 7 15 48% 36218 11833 2628 124%
c - 311.36 49 23 57 304 94542 1 3525792 100547 1.9 25 13 7 15 48% 36218 11833 2628 124%
c - 312.87 49 23 57 305 94549 1 3543228 102318 2.0 25 13 7 15 48% 36218 11833 2628 124%
c - 314.53 49 23 57 306 94557 1 3560692 104273 1.9 25 13 7 15 48% 36218 11833 2628 124%
c u 316.02 49 23 57 306 94561 1 3571494 113778 1.9 25 13 7 15 49% 36218 11833 2628 124%
c v 316.58 49 23 57 306 94561 1 3571494 113361 1.9 25 13 7 15 49% 36218 11833 2628 124%
c w 316.78 49 23 57 306 94561 1 3571494 112212 1.9 25 13 7 15 49% 36218 11833 2628 124%
c - 317.44 49 23 57 307 94564 1 3578184 102675 1.9 25 13 7 15 49% 36218 11833 2628 124%
c ] 318.89 49 23 58 307 94572 1 3593236 116842 1.9 25 13 7 15 49% 36218 11833 2628 124%
c { 318.89 49 22 58 307 94572 3 3593236 116842 1.8 20 11 7 12 47% 36218 11833 2628 124%
c - 319.13 49 21 58 308 94585 3 3595708 104506 1.8 20 11 7 12 47% 36218 11833 2628 124%
c - 320.41 49 21 58 309 94872 2 3613258 106996 1.8 20 11 7 12 47% 36218 11833 2628 124%
c
c  seconds    switched      rate            size/glue  tier1     binary         remaining
c          MB   reductions     conflicts          size   tier2       irredundant
c           level     restarts        redundant      glue    trail         variables
c
c - 321.69 49 20 58 310 95093 2 3630836 109523 1.8 19 11 7 12 47% 36218 11833 2628 124%
c - 322.99 49 20 58 311 95516 2 3648442 111742 1.8 19 11 7 12 47% 36218 11833 2628 124%
c o 323.20 49 20 58 311 95562 2 3651348 114356 1.8 19 11 7 12 47% 36218 11833 2628 124%
c - 324.27 49 19 58 312 95943 2 3666077 112868 1.8 19 11 7 12 47% 36218 11833 2628 124%
c - 325.61 49 19 58 313 96412 2 3683740 113731 1.8 19 11 7 12 47% 36218 11833 2628 124%
c - 326.94 49 19 58 314 96850 2 3701435 114891 1.8 18 10 7 12 47% 36218 11833 2628 124%
c - 328.28 49 19 58 315 97405 2 3719155 116973 1.8 18 10 7 12 47% 36218 11833 2628 124%
c - 329.68 49 19 58 316 98017 2 3736904 119119 1.7 18 10 7 12 47% 36218 11833 2628 124%
c - 331.01 49 18 58 317 98484 2 3754680 120807 1.7 18 10 7 12 47% 36218 11833 2628 124%
c u 331.94 49 18 58 317 98692 2 3759307 117557 1.7 18 10 7 12 47% 36218 11833 2628 124%
c v 332.49 49 18 58 317 98692 2 3759307 116567 1.7 18 10 7 12 47% 36218 11833 2628 124%
c w 332.68 49 18 58 317 98692 2 3759307 116260 1.7 18 10 7 12 47% 36218 11833 2628 124%
c - 333.79 49 18 58 318 99462 2 3772484 114622 1.7 18 10 7 12 47% 36218 11833 2628 124%
c } 333.89 49 18 59 318 99490 2 3773865 115797 1.7 18 10 7 12 47% 36218 11833 2628 124%
c [ 333.89 49 23 59 318 99490 1 3773865 115797 1.9 25 13 7 15 49% 36218 11833 2628 124%
c B 333.89 49 23 59 318 99490 1 3773865 115797 1.9 25 13 7 15 49% 36218 11833 2628 124%
c - 335.19 49 22 59 319 99500 1 3790316 116917 1.9 24 13 7 15 49% 36218 11833 2628 124%
c - 336.62 49 22 59 320 99506 1 3808177 117117 1.9 24 13 7 15 49% 36218 11833 2628 124%
c - 338.08 49 22 59 321 99517 1 3826067 117596 1.9 24 13 7 15 49% 36218 11833 2628 124%
c - 339.63 49 21 59 322 99520 1 3843985 120680 1.9 24 13 7 15 49% 36218 11833 2628 124%
c
c  seconds    switched      rate            size/glue  tier1     binary         remaining
c          MB   reductions     conflicts          size   tier2       irredundant
c           level     restarts        redundant      glue    trail         variables
c
c - 341.24 49 20 59 323 99525 1 3861932 122025 1.9 24 12 7 15 50% 36218 11833 2628 124%
c - 342.87 49 20 59 324 99534 1 3879904 122133 1.9 24 12 7 15 50% 36218 11833 2628 124%
c - 344.67 49 19 59 325 99542 1 3897905 121569 1.9 23 12 7 15 50% 36218 11833 2628 124%
c - 346.39 49 19 59 326 99550 1 3915933 120147 2.0 24 12 7 15 50% 36218 11833 2628 124%
c ] 347.50 49 20 60 326 99551 1 3927939 131718 2.0 24 12 7 15 50% 36218 11833 2628 124%
c { 347.50 49 18 60 326 99551 2 3927939 131718 1.7 18 10 7 12 47% 36218 11833 2628 124%
c o 347.51 49 18 60 326 99560 2 3927982 131761 1.7 18 10 7 12 47% 36218 11833 2628 124%
c - 348.03 49 18 60 327 99781 2 3933988 118756 1.7 18 10 7 12 47% 36218 11833 2628 124%
c - 349.55 49 18 60 328 100354 2 3952071 118910 1.7 18 10 7 12 47% 36218 11833 2628 124%
c u 350.24 49 18 60 328 100386 2 3952416 115657 1.7 18 10 7 12 47% 36218 11833 2628 124%
c v 350.89 49 18 60 328 100386 2 3952416 115137 1.7 18 10 7 12 47% 36218 11833 2628 124%
c w 351.12 49 18 60 328 100386 2 3952416 114991 1.7 18 10 7 12 47% 36218 11833 2628 124%
c - 352.56 49 18 60 329 100979 2 3970181 116521 1.7 18 10 7 12 47% 36218 11833 2628 124%
c - 353.98 49 18 60 330 101397 2 3988322 117094 1.7 18 10 7 12 47% 36218 11833 2628 124%
c - 355.43 49 18 60 331 101914 2 4006487 117494 1.7 18 10 7 12 47% 36218 11833 2628 124%
c - 356.87 49 18 60 332 102450 2 4024681 118630 1.7 17 10 7 12 47% 36218 11833 2628 124%
c - 358.30 49 18 60 333 102906 2 4042905 119990 1.7 17 10 7 12 47% 36218 11833 2628 124%
c - 359.81 49 18 60 334 103613 2 4061154 121275 1.7 17 10 7 12 47% 36218 11833 2628 124%
c - 361.27 49 18 60 335 104416 2 4079431 122313 1.7 17 10 7 12 47% 36218 11833 2628 124%
c - 362.79 49 18 60 336 105252 2 4097734 123099 1.7 17 10 7 12 47% 36218 11833 2628 124%
c
c  seconds    switched       rate            size/glue  tier1     binary         remaining
c          MB   reductions      conflicts          size   tier2       irredundant
c           level      restarts        redundant      glue    trail         variables
c
c - 364.25 49 18 60 337 105823 2 4116064 124328 1.7 17 10 7 12 47% 36218 11833 2628 124%
c } 364.58 49 18 61 337 105983 2 4120191 128034 1.7 17 10 7 12 47% 36218 11833 2628 124%
c [ 364.58 49 20 61 337 105983 1 4120191 128034 2.0 24 12 7 15 50% 36218 11833 2628 124%
c W 365.71 49 20 61 337 105983 1 4120191 128034 2.0 24 12 7 15 50% 36218 11833 2628 124%
c - 366.79 49 20 61 338 105991 1 4134423 125702 2.0 24 12 7 15 50% 36218 11833 2628 124%
c u 368.79 49 19 61 338 105997 1 4150843 139835 2.0 24 12 7 15 49% 36218 11833 2628 124%
c v 369.40 49 19 61 338 105997 1 4150843 131983 2.0 24 12 7 15 49% 36218 11833 2628 124%
c w 369.61 49 19 61 338 105997 1 4150843 127527 2.0 24 12 7 15 49% 36218 11833 2628 124%
c - 369.82 49 19 61 339 105997 1 4152807 114167 2.0 24 12 7 15 49% 36218 11833 2628 124%
c - 371.47 49 19 61 340 106009 1 4171219 118147 2.0 24 12 7 15 49% 36218 11833 2628 124%
c - 373.14 49 19 61 341 106013 1 4189658 123236 2.0 24 12 7 15 49% 36218 11833 2628 124%
c - 374.88 49 19 61 342 106018 1 4208125 124456 2.0 24 12 7 15 49% 36218 11833 2628 124%
c - 376.58 49 19 61 343 106027 1 4226619 124289 2.0 24 12 7 15 49% 36218 11833 2628 124%
c - 378.35 49 19 61 344 106035 1 4245140 124419 2.0 24 12 7 15 49% 36218 11833 2628 124%
c - 380.14 49 19 61 345 106043 1 4263687 123389 2.0 23 12 7 15 49% 36218 11833 2628 124%
c - 382.01 49 18 61 346 106044 1 4282261 123012 1.9 23 12 7 15 49% 36218 11833 2628 124%
c ] 382.57 49 19 62 346 106045 1 4288739 129254 1.9 23 12 7 15 49% 36218 11833 2628 124%
c { 382.57 49 18 62 346 106045 2 4288739 129254 1.7 17 10 7 12 47% 36218 11833 2628 124%
c o 382.57 49 18 62 346 106048 2 4288770 129285 1.7 17 10 7 12 47% 36218 11833 2628 124%
c - 383.65 49 18 62 347 106516 2 4300862 120952 1.7 17 10 7 12 47% 36218 11833 2628 124%
c
c  seconds    switched       rate            size/glue  tier1     binary         remaining
c          MB   reductions      conflicts          size   tier2       irredundant
c           level      restarts        redundant      glue    trail         variables
c
c - 385.27 49 18 62 348 107183 2 4319489 120176 1.7 17 10 7 12 47% 36218 11833 2628 124%
c - 386.83 49 18 62 349 107790 2 4338143 121901 1.7 17 10 7 12 47% 36218 11833 2628 124%
c u 388.87 49 18 62 349 108093 2 4354621 133329 1.7 17 10 7 12 47% 36218 11833 2628 124%
c v 389.58 49 18 62 349 108093 2 4354621 129509 1.7 17 10 7 12 47% 36218 11833 2628 124%
c w 389.82 49 18 62 349 108093 2 4354621 129166 1.7 17 10 7 12 47% 36218 11833 2628 124%
c - 390.04 49 18 62 350 108101 2 4356824 117461 1.7 17 10 7 12 47% 36218 11833 2628 124%
c - 391.64 49 18 62 351 108916 2 4375532 119537 1.7 17 10 7 12 47% 36218 11833 2628 124%
c - 393.21 49 18 62 352 109626 2 4394267 124298 1.7 17 10 7 12 47% 36218 11833 2628 124%
c - 394.92 49 18 62 353 110612 2 4413028 127533 1.7 17 10 7 12 47% 36218 11833 2628 124%
c - 396.56 49 18 62 354 111171 2 4431816 129970 1.7 17 10 7 12 47% 36218 11833 2628 124%
c - 398.19 49 18 62 355 111807 2 4450630 131402 1.7 17 10 7 12 47% 36218 11833 2628 124%
c - 399.88 49 18 62 356 112635 2 4469472 132880 1.7 17 10 7 12 47% 36218 11833 2628 124%
c - 401.52 49 18 62 357 113507 2 4488339 134743 1.7 17 10 7 12 47% 36218 11833 2628 124%
c } 401.96 49 18 63 357 113859 2 4492948 139104 1.7 17 10 7 12 47% 36218 11833 2628 124%
c [ 401.96 49 19 63 357 113859 1 4492948 139104 1.9 23 12 7 15 49% 36218 11833 2628 124%
c I 401.96 49 19 63 357 113859 1 4492948 139104 1.9 23 12 7 15 49% 36218 11833 2628 124%
c - 403.03 49 20 63 358 113867 1 4507233 131602 1.9 24 13 7 15 49% 36218 11833 2628 124%
c - 404.57 49 21 63 359 113874 1 4526155 127052 1.9 25 13 7 15 49% 36218 11833 2628 124%
c - 406.33 49 22 63 360 113886 1 4545104 123684 1.9 25 13 7 15 49% 36218 11833 2628 124%
c u 408.85 49 22 63 360 113889 1 4563766 140276 1.9 26 14 7 15 49% 36218 11833 2628 124%
c
c  seconds    switched       rate            size/glue  tier1     binary         remaining
c          MB   reductions      conflicts          size   tier2       irredundant
c           level      restarts        redundant      glue    trail         variables
c
c v 409.57 49 22 63 360 113889 1 4563766 139797 1.9 26 14 7 15 49% 36218 11833 2628 124%
c w 409.82 49 22 63 360 113889 1 4563766 131725 1.9 26 14 7 15 49% 36218 11833 2628 124%
c - 409.91 49 22 63 361 113889 1 4564077 116789 1.9 26 14 7 15 49% 36218 11833 2628 124%
c - 411.73 49 23 63 362 113895 1 4583078 117359 1.9 26 14 7 15 48% 36218 11833 2628 124%
c - 413.56 49 22 63 363 113904 1 4602106 117581 1.8 26 14 7 15 48% 36218 11833 2628 124%
c - 415.41 49 22 63 364 113913 1 4621159 119418 1.9 26 14 7 15 48% 36218 11833 2628 124%
c - 417.29 49 22 63 365 113919 1 4640237 119638 1.9 26 14 7 15 48% 36218 11833 2628 124%
c - 419.22 49 23 63 366 113921 1 4659342 116965 1.9 26 14 7 15 47% 36218 11833 2628 124%
c ] 420.99 49 23 64 366 113921 1 4676974 133574 1.8 26 14 7 15 47% 36218 11833 2628 124%
c { 420.99 49 18 64 366 113921 2 4676974 133574 1.7 17 10 7 12 47% 36218 11833 2628 124%
c o 421.00 49 18 64 366 113933 2 4677043 133642 1.7 17 10 7 12 47% 36218 11833 2628 124%
c - 421.17 49 18 64 367 114002 2 4678473 114198 1.7 17 10 7 12 47% 36218 11833 2628 124%
c - 422.89 49 18 64 368 114683 2 4697631 117742 1.7 17 10 7 12 47% 36218 11833 2628 124%
c - 424.60 49 18 64 369 115383 2 4716814 122526 1.7 17 10 7 12 47% 36218 11833 2628 124%
c - 426.26 49 18 64 370 115991 2 4736023 124848 1.7 17 10 7 12 47% 36218 11833 2628 124%
c - 427.84 49 18 64 371 116522 2 4755259 127153 1.7 17 10 7 12 47% 36218 11833 2628 124%
c - 429.50 49 18 64 372 117253 2 4774520 129152 1.6 17 10 7 12 47% 36218 11833 2628 124%
c u 430.57 49 18 64 372 117400 2 4778308 130498 1.6 17 10 7 12 47% 36218 11833 2628 124%
c v 431.28 49 18 64 372 117400 2 4778308 126367 1.6 17 10 7 12 47% 36218 11833 2628 124%
c w 431.53 49 18 64 372 117400 2 4778308 125774 1.6 17 10 7 12 47% 36218 11833 2628 124%
c
c  seconds    switched       rate            size/glue  tier1     binary         remaining
c          MB   reductions      conflicts          size   tier2       irredundant
c           level      restarts        redundant      glue    trail         variables
c
c - 435.65 49 18 64 373 117817 2 4793807 126715 1.7 17 10 7 12 47% 36218 11833 2628 124%
c - 437.21 49 17 64 374 118311 2 4813124 130325 1.7 17 10 7 12 46% 36218 11833 2628 124%
c - 438.87 49 17 64 375 119031 2 4832463 132946 1.7 17 10 7 12 47% 36218 11833 2628 124%
c - 440.54 49 18 64 376 119954 2 4851828 135665 1.7 17 10 7 12 47% 36218 11833 2628 124%
c - 442.17 49 18 64 377 120673 2 4871219 136470 1.7 17 10 7 12 47% 36218 11833 2628 124%
c - 443.78 49 18 64 378 121361 2 4890635 137328 1.7 17 10 7 12 47% 36218 11833 2628 124%
c } 444.03 49 18 65 378 121494 2 4893472 139910 1.7 17 10 7 12 47% 36218 11833 2628 124%
c [ 444.03 49 23 65 378 121494 1 4893472 139910 1.8 26 14 7 15 47% 36218 11833 2628 124%
c B 444.03 49 23 65 378 121494 1 4893472 139910 1.8 26 14 7 15 47% 36218 11833 2628 124%
c - 445.40 49 23 65 379 121504 1 4910078 132358 1.8 27 15 7 15 47% 36218 11833 2628 124%
c - 447.19 49 24 65 380 121511 1 4929545 127098 1.9 28 15 7 15 47% 36218 11833 2628 124%
c - 448.94 49 24 65 381 121522 1 4949038 123124 1.8 28 15 7 15 47% 36218 11833 2628 124%
c - 450.85 49 24 65 382 121524 1 4968557 121573 1.8 27 15 7 15 47% 36218 11833 2628 124%
c - 452.69 49 24 65 383 121532 1 4988102 120756 1.9 28 15 7 15 47% 36218 11833 2628 124%
c u 454.22 49 24 65 383 121538 1 4998246 130072 1.9 28 15 7 15 47% 36218 11833 2628 124%
c v 454.76 49 24 65 383 121538 1 4998246 129863 1.9 28 15 7 15 47% 36218 11833 2628 124%
c w 454.96 49 24 65 383 121538 1 4998246 128462 1.9 28 15 7 15 47% 36218 11833 2628 124%
c o 455.16 49 24 65 383 121538 1 4998246 128462 1.9 28 15 7 15 47% 36218 11833 2628 124%
c - 456.03 49 32 65 384 121539 1 5007674 116143 1.7 30 17 7 15 47% 36218 11833 2628 124%
c - 457.83 49 31 65 385 121552 1 5027272 114374 1.7 30 17 7 15 47% 36218 11833 2628 124%
c
c  seconds    switched       rate            size/glue  tier1     binary         remaining
c          MB   reductions      conflicts          size   tier2       irredundant
c           level      restarts        redundant      glue    trail         variables
c
c - 459.73 49 30 65 386 121555 1 5046894 113604 1.7 29 17 7 15 47% 36218 11833 2628 124%
c - 461.68 49 29 65 387 121556 1 5066540 114018 1.8 29 17 7 15 47% 36218 11833 2628 124%
c ] 463.55 49 29 66 387 121556 1 5085764 132270 1.8 29 16 7 15 47% 36218 11833 2628 124%
c { 463.55 49 18 66 387 121556 2 5085764 132270 1.7 17 10 7 12 47% 36218 11833 2628 124%
c - 463.62 49 18 66 388 121567 2 5086212 115149 1.7 17 10 7 12 47% 36218 11833 2628 124%
c - 465.16 49 16 66 389 121571 2 5105910 118806 1.6 16 10 7 12 47% 36218 11833 2628 124%
c - 466.78 49 15 66 390 121574 2 5125633 121586 1.6 16 10 7 12 46% 36218 11833 2628 124%
c - 468.51 49 14 66 391 121610 2 5145381 123694 1.6 15 9 7 12 46% 36218 11833 2628 124%
c - 470.15 49 14 66 392 121724 2 5165155 127831 1.6 15 9 7 12 46% 36218 11833 2628 124%
c - 471.78 49 13 66 393 121903 2 5184953 133898 1.6 15 9 7 12 46% 36218 11833 2628 124%
c - 473.44 49 13 66 394 122136 2 5204777 138382 1.6 15 9 7 12 46% 36218 11833 2628 124%
c u 475.78 49 12 66 394 122334 1 5223631 146184 1.6 14 9 7 12 47% 36218 11833 2628 124%
c v 476.53 49 12 66 394 122334 1 5223631 142752 1.6 14 9 7 12 47% 36218 11833 2628 124%
c w 476.78 49 12 66 394 122334 1 5223631 142619 1.6 14 9 7 12 47% 36218 11833 2628 124%
c - 476.93 49 12 66 395 122361 1 5224627 130800 1.6 14 9 7 12 47% 36218 11833 2628 124%
c - 478.61 49 12 66 396 122591 1 5244501 134562 1.6 14 9 7 12 47% 36218 11833 2628 124%
c - 480.30 49 12 66 397 122797 1 5264400 140140 1.6 14 9 7 12 47% 36218 11833 2628 124%
c - 482.05 49 12 66 398 123130 1 5284325 143040 1.6 14 9 7 12 47% 36218 11833 2628 124%
c o 483.59 49 12 66 398 123541 1 5301431 156956 1.6 14 9 7 12 47% 36218 11833 2628 124%
c - 483.89 49 12 66 399 123616 1 5304275 145408 1.6 14 9 7 12 47% 36218 11833 2628 124%
c
c  seconds    switched       rate            size/glue tier1     binary         remaining
c          MB   reductions      conflicts          size  tier2       irredundant
c           level      restarts        redundant     glue    trail         variables
c
c } 484.85 49 11 67 399 123804 1 5314879 153935 1.6 14 9 7 12 47% 36218 11833 2628 124%
c [ 484.85 49 29 67 399 123804 1 5314879 153935 1.8 29 16 7 15 47% 36218 11833 2628 124%
c W 486.71 49 29 67 399 123804 1 5314879 153935 1.8 29 16 7 15 47% 36218 11833 2628 124%
c - 487.55 49 29 67 400 123810 1 5324250 146247 1.8 29 16 7 15 47% 36218 11833 2628 124%
c - 489.21 49 27 67 401 123818 1 5344251 146739 1.8 28 15 7 15 48% 36218 11833 2628 124%
c - 491.09 49 26 67 402 123829 1 5364279 147656 1.8 27 15 7 15 47% 36218 11833 2628 124%
c - 492.95 49 26 67 403 123834 1 5384328 146175 1.8 27 15 7 15 48% 36218 11833 2628 124%
c - 495.04 49 24 67 404 123840 1 5404403 146117 1.8 26 14 7 15 48% 36218 11833 2628 124%
c - 497.27 49 23 67 405 123849 1 5424503 146336 1.8 26 14 7 15 48% 36218 11833 2628 124%
c - 499.58 49 23 67 406 123859 1 5444627 144641 1.8 25 14 7 15 48% 36218 11833 2628 124%
c u 501.46 67 23 67 406 123864 1 5454463 152805 1.8 25 14 7 15 48% 36218 11833 2628 124%
c v 502.29 67 23 67 406 123864 1 5454463 145469 1.8 25 14 7 15 48% 36218 11833 2628 124%
c w 502.59 67 23 67 406 123864 1 5454463 140274 1.8 25 14 7 15 48% 36218 11833 2628 124%
c - 503.73 61 22 67 407 123865 1 5464778 134010 1.8 25 14 7 15 48% 36218 11833 2628 124%
c - 505.74 61 21 67 408 123866 1 5484952 139174 1.8 24 13 7 15 48% 36218 11833 2628 124%
c - 507.73 59 21 67 409 123866 1 5505151 138741 1.8 24 13 7 15 48% 36218 11833 2628 124%
c O 508.80 59 22 67 409 123870 1 5515947 149085 1.9 24 13 7 15 48% 36218 11833 2628 124%
c ] 508.80 59 22 68 409 123870 1 5515983 149118 1.9 24 13 7 15 48% 36218 11833 2628 124%
c { 508.80 59 11 68 409 123870 1 5515983 149118 1.6 14 9 7 12 47% 36218 11833 2628 124%
c - 510.09 61 12 68 410 125299 2 5525374 138527 1.6 14 9 7 12 47% 36218 11833 2628 124%
c
c  seconds    switched       rate            size/glue  tier1     binary         remaining
c          MB   reductions      conflicts          size   tier2       irredundant
c           level      restarts        redundant      glue    trail         variables
c
c - 512.81 61 14 68 411 128390 2 5545622 140393 1.6 15 10 7 12 47% 36218 11833 2628 124%
c - 515.12 61 15 68 412 130183 2 5565897 142153 1.6 15 10 7 12 47% 36218 11833 2628 124%
c - 517.34 61 16 68 413 131768 2 5586194 142750 1.6 16 10 7 12 47% 36218 11833 2628 124%
c - 519.52 61 17 68 414 133149 3 5606518 143961 1.6 16 10 7 12 47% 36218 11833 2628 124%
c o 520.01 59 17 68 414 133286 3 5611643 148622 1.6 16 10 7 12 47% 36218 11833 2628 124%
c - 521.47 61 17 68 415 133798 3 5626865 146109 1.6 16 10 7 12 47% 36218 11833 2628 124%
c - 523.51 61 17 68 416 134594 2 5647237 147843 1.6 16 10 7 12 47% 36218 11833 2628 124%
c - 525.58 61 17 68 417 135672 3 5667633 150036 1.6 16 10 7 12 47% 36218 11833 2628 124%
c - 527.62 61 18 68 418 136699 3 5688053 152182 1.6 17 10 7 12 47% 36218 11833 2628 124%
c u 528.83 63 18 68 418 136744 3 5690768 152456 1.6 17 10 7 12 47% 36218 11833 2628 124%
c v 529.72 64 18 68 418 136744 3 5690768 150030 1.6 17 10 7 12 47% 36218 11833 2628 124%
c w 530.02 64 18 68 418 136744 3 5690768 149727 1.6 17 10 7 12 47% 36218 11833 2628 124%
c - 531.63 61 18 68 419 137424 3 5708499 149755 1.6 17 10 7 12 47% 36218 11833 2628 124%
c - 533.46 61 18 68 420 138268 3 5728971 151594 1.6 17 10 7 12 47% 36218 11833 2628 124%
c - 535.28 61 18 68 421 138951 2 5749464 152773 1.7 17 10 7 12 47% 36218 11833 2628 124%
c } 536.03 61 18 69 421 139234 2 5758044 160510 1.6 17 10 7 12 47% 36218 11833 2628 124%
c [ 536.03 61 22 69 421 139234 1 5758044 160510 1.9 24 13 7 15 48% 36218 11833 2628 124%
c B 536.03 61 22 69 421 139234 1 5758044 160510 1.9 24 13 7 15 48% 36218 11833 2628 124%
c - 537.02 61 22 69 422 139240 1 5769982 151611 1.8 24 13 7 15 48% 36218 11833 2628 124%
c - 538.85 61 21 69 423 139248 1 5790526 149465 1.8 24 13 7 15 48% 36218 11833 2628 124%
c
c  seconds    switched       rate            size/glue  tier1     binary         remaining
c          MB   reductions      conflicts          size   tier2       irredundant
c           level      restarts        redundant      glue    trail         variables
c
c - 540.92 61 21 69 424 139261 1 5811094 147901 1.8 24 13 7 15 49% 36218 11833 2628 124%
c - 543.12 57 21 69 425 139264 1 5831687 144976 1.8 24 13 7 15 49% 36218 11833 2628 124%
c - 545.11 61 23 69 426 139271 1 5852303 139578 1.8 24 13 7 15 49% 36218 11833 2628 124%
c - 547.29 59 24 69 427 139280 1 5872942 133520 1.9 25 14 7 15 49% 36218 11833 2628 124%
c - 549.46 56 25 69 428 139293 1 5893605 128593 1.9 26 14 7 15 49% 36218 11833 2628 124%
c - 551.62 59 25 69 429 139295 1 5914293 124908 1.9 27 14 7 15 49% 36218 11833 2628 124%
c u 554.44 64 26 69 429 139296 1 5932573 140217 1.8 27 15 7 15 49% 36218 11833 2628 124%
c v 555.36 65 26 69 429 139296 1 5932573 140121 1.8 27 15 7 15 49% 36218 11833 2628 124%
c w 555.69 67 26 69 429 139296 1 5932573 138666 1.8 27 15 7 15 49% 36218 11833 2628 124%
c o 555.73 67 26 69 429 139296 1 5932573 138666 1.8 27 15 7 15 49% 36218 11833 2628 124%
c - 555.95 57 30 69 430 139296 1 5935005 119313 1.8 28 15 7 15 49% 36218 11833 2628 124%
c - 557.73 59 55 69 431 139297 1 5955743 112568 1.6 30 19 7 15 49% 36218 11833 2628 124%
c W 561.55 49 49 69 431 139310 1 5975326 130805 1.6 29 18 7 15 49% 36218 11833 2628 124%
c - 561.68 49 49 69 432 139310 1 5976503 114082 1.6 29 18 7 15 49% 36218 11833 2628 124%
c ] 563.09 49 45 70 432 139315 1 5992597 129542 1.7 28 17 7 15 49% 36218 11833 2628 124%
c { 563.09 49 18 70 432 139315 2 5992597 129542 1.6 17 10 7 12 47% 36218 11833 2628 124%
c - 563.93 49 19 70 433 140131 3 5997289 120840 1.7 18 11 7 12 47% 36218 11833 2628 124%
c - 567.68 49 26 70 434 143757 4 6018097 119101 1.7 20 12 7 12 47% 36218 11833 2628 124%
c - 571.58 49 31 70 435 147376 5 6038932 115235 1.7 23 13 7 12 47% 36218 11833 2628 124%
c - 575.55 49 35 70 436 150951 6 6059788 114363 1.8 25 14 7 12 47% 36218 11833 2628 124%
c
c  seconds    switched       rate            size/glue  tier1     binary         remaining
c          MB   reductions      conflicts          size   tier2       irredundant
c           level      restarts        redundant      glue    trail         variables
c
c - 579.21 49 38 70 437 153832 6 6080670 114187 1.8 26 15 7 12 47% 36218 11833 2628 124%
c - 582.58 49 40 70 438 156011 6 6101574 115237 1.9 28 15 7 12 47% 36218 11833 2628 124%
c - 585.92 49 42 70 439 158120 6 6122502 115856 1.9 29 15 7 12 47% 36218 11833 2628 124%
c - 589.16 49 43 70 440 160156 6 6143455 115836 1.9 30 16 7 12 47% 36218 11833 2628 124%
c - 591.92 49 44 70 441 161343 6 6164432 116527 1.9 31 16 7 12 47% 36218 11833 2628 124%
c u 595.14 49 44 70 441 162102 6 6179901 129389 2.0 31 16 7 12 47% 36218 11833 2628 124%
c v 596.42 49 44 70 441 162102 6 6179901 128748 2.0 31 16 7 12 47% 36218 11833 2628 124%
c w 596.89 49 44 70 441 162102 6 6179901 128661 2.0 31 16 7 12 47% 36218 11833 2628 124%
c - 597.86 49 44 70 442 162601 6 6185433 114796 2.0 31 16 7 12 47% 36218 11833 2628 124%
c - 600.94 49 45 70 443 164153 6 6206457 94274 2.0 32 16 6 12 47% 36218 11833 2628 124%
c - 603.84 49 45 70 444 165601 6 6227504 88416 2.0 33 16 6 12 47% 36218 11833 2628 124%
c } 606.52 49 45 71 444 166825 6 6247924 108497 2.0 33 16 6 12 47% 36218 11833 2628 124%
c [ 606.52 49 45 71 444 166825 1 6247924 108497 1.7 28 17 7 15 49% 36218 11833 2628 124%
c I 606.52 49 45 71 444 166825 1 6247924 108497 1.7 28 17 7 15 49% 36218 11833 2628 124%
c - 606.59 49 45 71 445 166825 1 6248575 86986 1.7 28 17 7 15 49% 36218 11833 2628 124%
c - 608.48 49 41 71 446 166838 1 6269670 88069 1.7 28 17 7 15 49% 36218 11833 2628 124%
c - 610.47 49 38 71 447 166846 1 6290788 91444 1.8 28 16 7 15 49% 36218 11833 2628 124%
c - 612.62 49 35 71 448 166854 1 6311930 91479 1.8 28 16 7 15 49% 36218 11833 2628 124%
c - 614.85 49 34 71 449 166858 1 6333096 89693 1.8 28 15 7 15 48% 36218 11833 2628 124%
c - 617.21 49 31 71 450 166869 1 6354285 91593 1.8 28 15 7 15 48% 36218 11833 2628 124%
c
c  seconds    switched       rate           size/glue  tier1     binary         remaining
c          MB   reductions      conflicts         size   tier2       irredundant
c           level      restarts        redundant     glue    trail         variables
c
c - 619.35 49 30 71 451 166878 1 6375499 92474 1.8 27 15 7 15 48% 36218 11833 2628 124%
c - 621.56 49 29 71 452 166886 1 6396737 90014 1.9 28 15 7 15 48% 36218 11833 2628 124%
c - 623.79 49 28 71 453 166887 1 6417999 89981 1.9 28 15 7 15 48% 36218 11833 2628 124%
c u 626.34 49 28 71 453 166887 1 6432753 101744 1.9 28 15 7 15 48% 36218 11833 2628 124%
c v 627.44 49 28 71 453 166887 1 6432753 101470 1.9 28 15 7 15 48% 36218 11833 2628 124%
c w 627.84 49 28 71 453 166887 1 6432753 100831 1.9 28 15 7 15 48% 36218 11833 2628 124%
c o 627.87 49 28 71 453 166887 1 6432753 100831 1.9 28 15 7 15 48% 36218 11833 2628 124%
c - 628.42 49 35 71 454 166887 1 6439282 86587 1.8 29 16 7 15 48% 36218 11833 2628 124%
c - 630.40 49 37 71 455 166897 1 6460589 87330 1.7 28 16 7 15 48% 36218 11833 2628 124%
c B 632.45 49 34 71 455 166906 1 6481890 107164 1.7 27 16 7 15 48% 36218 11833 2628 124%
c - 632.47 49 34 71 456 166906 1 6481919 91011 1.7 27 16 7 15 48% 36218 11833 2628 124%
c - 634.30 49 32 71 457 166917 1 6503274 93060 1.8 27 15 7 15 48% 36218 11833 2628 124%
c - 636.25 49 29 71 458 166918 1 6524653 94703 1.8 26 15 7 15 48% 36218 11833 2628 124%
c - 638.39 49 27 71 459 166931 1 6546054 97817 1.8 25 14 7 15 48% 36218 11833 2628 124%
c - 640.39 49 24 71 460 166939 1 6567479 99368 1.8 24 13 7 15 48% 36218 11833 2628 124%
c - 642.42 49 24 71 461 166948 1 6588926 99523 1.8 23 13 7 15 47% 36218 11833 2628 124%
c - 644.43 49 24 71 462 166950 1 6610396 96402 1.8 24 13 7 15 47% 36218 11833 2628 124%
c - 646.61 49 23 71 463 166950 1 6631893 94011 1.8 24 13 7 15 47% 36218 11833 2628 124%
c ] 648.37 49 23 72 463 166951 1 6649119 110065 1.8 24 13 7 15 47% 36218 11833 2628 124%
c { 648.37 49 45 72 463 166951 6 6649119 110065 2.0 33 16 6 12 47% 36218 11833 2628 124%
c
c  seconds    switched       rate           size/glue  tier1     binary         remaining
c          MB   reductions      conflicts         size   tier2       irredundant
c           level      restarts        redundant     glue    trail         variables
c
c - 648.80 49 44 72 464 166951 5 6653411 97479 2.0 32 16 6 12 47% 36218 11833 2628 124%
c - 650.92 49 39 72 465 166951 5 6674952 101699 2.0 31 15 6 12 47% 36218 11833 2628 124%
c u 653.34 49 36 72 465 166956 4 6691179 114902 2.0 29 15 6 12 47% 36218 11833 2628 124%
c v 654.33 49 36 72 465 166956 4 6691179 112828 2.0 29 15 6 12 47% 36218 11833 2628 124%
c w 654.67 49 36 72 465 166956 4 6691179 112106 2.0 29 15 6 12 47% 36218 11833 2628 124%
c - 655.16 49 35 72 466 166960 4 6696515 100231 2.0 29 15 6 12 47% 36218 11833 2628 124%
c - 656.95 49 32 72 467 166981 3 6718102 102461 2.0 27 14 6 12 47% 36218 11833 2628 124%
c - 658.82 49 28 72 468 166983 3 6739713 103304 1.9 26 13 6 12 47% 36218 11833 2628 124%
c - 660.66 49 27 72 469 167035 3 6761346 104585 2.0 25 13 6 12 47% 36218 11833 2628 124%
c o 661.86 49 26 72 469 167041 3 6776171 118886 2.0 24 13 6 12 48% 36218 11833 2628 124%
c - 662.43 49 25 72 470 167066 2 6783003 106028 1.9 24 12 6 12 48% 36218 11833 2628 124%
c - 664.26 49 23 72 471 167160 2 6804682 106218 1.9 23 12 6 12 47% 36218 11833 2628 124%
c - 666.03 49 22 72 472 167272 2 6826384 105834 1.9 22 12 6 12 47% 36218 11833 2628 124%
c - 667.73 49 21 72 473 167305 2 6848109 105699 1.8 21 11 6 12 47% 36218 11833 2628 124%
c - 669.49 49 20 72 474 167487 2 6869858 105445 1.8 20 11 6 12 47% 36218 11833 2628 124%
c - 671.36 49 19 72 475 167782 2 6891630 105600 1.8 20 11 6 12 47% 36218 11833 2628 124%
c - 673.15 49 19 72 476 168007 2 6913424 105635 1.8 19 11 6 12 47% 36218 11833 2628 124%
c } 673.53 49 18 73 476 168017 2 6918036 109710 1.8 19 11 6 12 47% 36218 11833 2628 124%
c [ 673.53 49 23 73 476 168017 1 6918036 109710 1.8 24 13 7 15 47% 36218 11833 2628 124%
c W 676.30 49 23 73 476 168017 1 6918036 109710 1.8 24 13 7 15 47% 36218 11833 2628 124%
c
c  seconds    switched       rate            size/glue  tier1     binary         remaining
c          MB   reductions      conflicts          size   tier2       irredundant
c           level      restarts        redundant      glue    trail         variables
c
c - 677.74 49 23 73 477 168027 1 6935242 102782 1.8 25 13 7 15 48% 36218 11833 2628 124%
c u 680.23 49 23 73 477 168035 1 6955181 118735 1.8 25 14 7 15 49% 36218 11833 2628 124%
c v 681.11 49 23 73 477 168035 1 6955181 117751 1.8 25 14 7 15 49% 36218 11833 2628 124%
c w 681.43 49 23 73 477 168035 1 6955181 114341 1.8 25 14 7 15 49% 36218 11833 2628 124%
c - 681.65 49 23 73 478 168037 1 6957083 94207 1.8 25 14 7 15 49% 36218 11833 2628 124%
c - 683.64 49 22 73 479 168046 1 6978948 95811 1.8 25 14 7 15 49% 36218 11833 2628 124%
c - 685.72 49 22 73 480 168048 1 7000835 98342 1.8 25 14 7 15 49% 36218 11833 2628 124%
c - 687.88 49 22 73 481 168061 1 7022744 100098 1.8 24 13 6 15 49% 36218 11833 2628 124%
c - 690.01 49 21 73 482 168069 1 7044679 102028 1.8 24 13 6 15 50% 36218 11833 2628 124%
c - 692.27 49 21 73 483 168078 1 7066634 102960 1.8 24 13 6 15 49% 36218 11833 2628 124%
c - 694.49 49 20 73 484 168079 1 7088611 104485 1.9 24 13 6 15 49% 36218 11833 2628 124%
c - 696.73 49 22 73 485 168079 1 7110612 102256 1.9 25 13 6 15 49% 36218 11833 2628 124%
c - 699.03 49 23 73 486 168091 1 7132635 96303 1.8 25 14 6 15 49% 36218 11833 2628 124%
c ] 701.10 49 23 74 486 168098 1 7152274 114924 1.8 25 14 6 15 49% 36218 11833 2628 124%
c { 701.10 49 18 74 486 168098 2 7152274 114924 1.8 19 11 6 12 47% 36218 11833 2628 124%
c o 701.11 49 18 74 486 168104 2 7152331 114981 1.8 19 11 6 12 47% 36218 11833 2628 124%
c - 701.37 49 18 74 487 168187 2 7154681 95359 1.8 19 11 6 12 47% 36218 11833 2628 124%
c - 703.31 49 18 74 488 168782 2 7176750 101439 1.8 19 11 6 12 47% 36218 11833 2628 124%
c - 705.18 49 18 74 489 169204 2 7198840 106005 1.7 18 11 6 12 47% 36218 11833 2628 124%
c - 707.07 49 18 74 490 169775 2 7220954 107479 1.7 18 11 6 12 47% 36218 11833 2628 124%
c
c  seconds    switched       rate            size/glue  tier1     binary         remaining
c          MB   reductions      conflicts          size   tier2       irredundant
c           level      restarts        redundant      glue    trail         variables
c
c u 708.33 49 18 74 490 169901 2 7224784 107066 1.7 18 11 6 12 47% 36218 11833 2628 124%
c v 709.28 49 18 74 490 169901 2 7224784 103446 1.7 18 11 6 12 47% 36218 11833 2628 124%
c w 709.62 49 18 74 490 169901 2 7224784 102928 1.7 18 11 6 12 47% 36218 11833 2628 124%
c - 711.29 49 18 74 491 170629 2 7243090 102919 1.7 18 11 6 12 47% 36218 11833 2628 124%
c - 713.23 49 18 74 492 171300 2 7265250 104828 1.7 18 11 6 12 47% 36218 11833 2628 124%
c - 715.03 49 18 74 493 171574 2 7287432 105758 1.7 18 10 6 12 47% 36218 11833 2628 124%
c - 716.92 49 18 74 494 172182 2 7309635 106168 1.7 17 10 6 12 47% 36218 11833 2628 124%
c - 718.89 49 18 74 495 173006 2 7331862 106826 1.7 17 10 6 12 47% 36218 11833 2628 124%
c - 720.82 49 18 74 496 173682 2 7354110 107620 1.7 17 10 6 12 47% 36218 11833 2628 124%
c - 722.80 49 18 74 497 174489 2 7376386 108799 1.7 17 10 6 12 47% 36218 11833 2628 124%
c - 724.79 49 18 74 498 175365 2 7398679 109350 1.7 17 10 6 12 47% 36218 11833 2628 124%
c - 726.78 49 18 74 499 176287 2 7420994 109343 1.7 17 10 6 12 47% 36218 11833 2628 124%
c } 728.02 49 18 75 499 176785 2 7435098 122029 1.7 17 10 6 12 47% 36218 11833 2628 124%
c [ 728.02 49 23 75 499 176785 1 7435098 122029 1.8 25 14 6 15 49% 36218 11833 2628 124%
c O 728.02 49 23 75 499 176785 1 7435098 122029 1.8 25 14 6 15 49% 36218 11833 2628 124%
c - 728.72 49 23 75 500 176791 1 7443334 109673 1.8 25 14 6 15 49% 36218 11833 2628 124%
c - 730.69 49 21 75 501 176799 1 7465694 110087 1.8 24 13 6 15 49% 36218 11833 2628 124%
c - 732.91 49 22 75 502 176812 1 7488079 107420 1.8 25 13 6 15 49% 36218 11833 2628 124%
c u 735.03 49 22 75 502 176814 1 7499987 115324 1.8 25 13 6 15 49% 36218 11833 2628 124%
c v 736.00 49 22 75 502 176814 1 7499987 114776 1.8 25 13 6 15 49% 36218 11833 2628 124%
c
c  seconds    switched       rate            size/glue  tier1     binary         remaining
c          MB   reductions      conflicts          size   tier2       irredundant
c           level      restarts        redundant      glue    trail         variables
c
c w 736.34 49 22 75 502 176814 1 7499987 112691 1.8 25 13 6 15 49% 36218 11833 2628 124%
c - 741.12 49 21 75 503 176815 1 7510484 99870 1.8 25 13 6 15 49% 36218 11833 2628 124%
c - 743.30 49 21 75 504 176825 1 7532911 103140 1.9 25 13 6 15 49% 36218 11833 2628 124%
c - 745.54 49 20 75 505 176835 1 7555362 104330 1.9 24 13 6 15 49% 36218 11833 2628 124%
c - 747.84 49 22 75 506 176845 1 7577837 100022 1.8 25 14 6 15 49% 36218 11833 2628 124%
c - 750.15 49 22 75 507 176847 1 7600332 95389 1.8 25 14 6 15 49% 36218 11833 2628 124%
c - 752.66 49 23 75 508 176847 1 7622849 95672 1.8 25 14 6 15 49% 36218 11833 2628 124%
c - 755.19 49 23 75 509 176856 1 7645388 96622 1.8 25 14 6 15 49% 36218 11833 2628 124%
c - 757.42 49 23 75 510 176865 1 7667949 99684 1.8 25 14 6 15 49% 36218 11833 2628 124%
c ] 758.04 49 23 76 510 176869 1 7674238 105686 1.8 25 14 6 15 49% 36218 11833 2628 124%
c { 758.04 49 18 76 510 176869 2 7674238 105686 1.7 17 10 6 12 47% 36218 11833 2628 124%
c o 758.05 49 18 76 510 176884 2 7674346 105790 1.7 17 10 6 12 47% 36218 11833 2628 124%
c - 759.57 49 18 76 511 177429 2 7690533 103638 1.7 17 10 6 12 47% 36218 11833 2628 124%
c - 761.49 49 17 76 512 177948 2 7713138 107146 1.7 17 10 6 12 47% 36218 11833 2628 124%
c - 763.54 49 17 76 513 178768 2 7735765 109070 1.7 17 10 6 12 46% 36218 11833 2628 124%
c - 765.56 49 18 76 514 179627 2 7758418 110912 1.7 17 10 6 12 47% 36218 11833 2628 124%
c u 768.21 49 17 76 514 180281 2 7780843 128716 1.7 17 10 6 12 47% 36218 11833 2628 124%
c v 768.96 49 17 76 514 180281 2 7780843 125206 1.7 17 10 6 12 47% 36218 11833 2628 124%
c w 769.21 49 17 76 514 180281 2 7780843 124894 1.7 17 10 6 12 47% 36218 11833 2628 124%
c - 769.47 49 17 76 515 180325 2 7781091 107622 1.7 17 10 6 12 47% 36218 11833 2628 124%
c
c  seconds    switched       rate            size/glue  tier1     binary         remaining
c          MB   reductions      conflicts          size   tier2       irredundant
c           level      restarts        redundant      glue    trail         variables
c
c - 771.53 49 18 76 516 181364 2 7803785 109594 1.7 17 10 6 12 47% 36218 11833 2628 124%
c - 773.64 49 18 76 517 182508 2 7826501 111690 1.7 17 10 6 12 47% 36218 11833 2628 124%
c - 775.66 49 18 76 518 183316 2 7849238 113216 1.7 17 10 6 12 47% 36218 11833 2628 124%
c - 777.65 49 18 76 519 184008 2 7871998 113713 1.7 17 10 6 12 47% 36218 11833 2628 124%
c - 779.71 49 18 76 520 184798 2 7894779 113717 1.7 17 10 6 12 47% 36218 11833 2628 124%
c - 781.71 49 18 76 521 185404 2 7917582 114176 1.7 17 10 6 12 47% 36218 11833 2628 124%
c - 783.77 49 18 76 522 186188 2 7940407 114595 1.7 17 10 6 12 47% 36218 11833 2628 124%
c - 785.85 49 18 76 523 187023 2 7963256 115130 1.7 17 10 6 12 47% 36218 11833 2628 124%
c } 786.55 49 18 77 523 187232 2 7971290 122177 1.7 17 10 6 12 47% 36218 11833 2628 124%
c [ 786.55 49 23 77 523 187232 1 7971290 122177 1.8 25 14 6 15 49% 36218 11833 2628 124%
c B 786.55 49 23 77 523 187232 1 7971290 122177 1.8 25 14 6 15 49% 36218 11833 2628 124%
c - 787.83 49 24 77 524 187241 1 7986125 110759 1.8 26 14 6 15 49% 36218 11833 2628 124%
c - 789.95 49 24 77 525 187250 1 8009018 105634 1.8 26 14 6 15 49% 36218 11833 2628 124%
c - 792.26 49 24 77 526 187261 1 8031931 105541 1.8 27 14 6 15 49% 36218 11833 2628 124%
c - 794.66 49 23 77 527 187264 1 8054867 105965 1.9 27 14 6 15 49% 36218 11833 2628 124%
c u 796.85 49 24 77 527 187271 1 8067349 116503 1.8 27 15 6 15 49% 36218 11833 2628 124%
c v 797.86 49 24 77 527 187271 1 8067349 116359 1.8 27 15 6 15 49% 36218 11833 2628 124%
c w 798.23 49 24 77 527 187271 1 8067349 115742 1.8 27 15 6 15 49% 36218 11833 2628 124%
c o 798.26 49 24 77 527 187271 1 8067349 115742 1.8 27 15 6 15 49% 36218 11833 2628 124%
c - 799.24 49 24 77 528 187276 1 8077826 103672 1.8 27 15 6 15 49% 36218 11833 2628 124%
c
c  seconds    switched       rate            size/glue  tier1     binary         remaining
c          MB   reductions      conflicts          size   tier2       irredundant
c           level      restarts        redundant      glue    trail         variables
c
c - 801.39 49 24 77 529 187287 1 8100804 103723 1.8 26 14 6 15 49% 36218 11833 2628 124%
c - 803.57 49 23 77 530 187293 1 8123804 105723 1.9 26 14 6 15 49% 36218 11833 2628 124%
c - 805.90 49 24 77 531 187294 1 8146825 102983 1.9 27 14 6 15 49% 36218 11833 2628 124%
c - 808.24 49 24 77 532 187296 1 8169869 99109 1.9 27 15 6 15 49% 36218 11833 2628 124%
c - 810.62 49 24 77 533 187309 1 8192935 101043 1.9 27 15 6 15 49% 36218 11833 2628 124%
c - 813.01 49 23 77 534 187319 1 8216021 105905 1.9 27 14 6 15 48% 36218 11833 2628 124%
c ] 815.29 49 23 78 534 187325 1 8238732 127616 1.9 27 14 6 15 49% 36218 11833 2628 124%
c { 815.29 49 18 78 534 187325 2 8238732 127616 1.7 17 10 6 12 47% 36218 11833 2628 124%
c - 815.37 49 18 78 535 187376 2 8239129 107687 1.7 17 10 6 12 47% 36218 11833 2628 124%
c - 817.65 49 18 78 536 188573 2 8262259 109598 1.7 17 10 6 12 47% 36218 11833 2628 124%
c - 819.79 49 18 78 537 189615 2 8285410 113303 1.6 17 10 6 12 47% 36218 11833 2628 124%
c - 821.90 49 18 78 538 190422 2 8308583 115119 1.7 17 10 6 12 47% 36218 11833 2628 124%
c - 824.04 49 18 78 539 191294 2 8331777 116408 1.6 17 10 6 12 47% 36218 11833 2628 124%
c - 826.23 49 18 78 540 192370 2 8354994 117702 1.7 17 10 6 12 47% 36218 11833 2628 124%
c u 827.60 49 18 78 540 192489 2 8359504 117027 1.7 17 10 6 12 47% 36218 11833 2628 124%
c v 828.66 49 18 78 540 192489 2 8359504 113417 1.7 17 10 6 12 47% 36218 11833 2628 124%
c w 829.03 49 18 78 540 192489 2 8359504 112907 1.7 17 10 6 12 47% 36218 11833 2628 124%
c - 830.82 49 18 78 541 193282 2 8378231 112850 1.6 17 10 6 12 47% 36218 11833 2628 124%
c - 832.90 49 18 78 542 194112 2 8401490 114556 1.6 17 10 6 12 47% 36218 11833 2628 124%
c - 835.04 49 18 78 543 194979 2 8424770 115256 1.6 17 10 6 12 47% 36218 11833 2628 124%
c
c  seconds    switched       rate            size/glue  tier1     binary         remaining
c          MB   reductions      conflicts          size   tier2       irredundant
c           level      restarts        redundant      glue    trail         variables
c
c - 837.18 49 18 78 544 195781 2 8448074 115348 1.6 17 10 6 12 47% 36218 11833 2628 124%
c o 837.22 49 18 78 544 195783 2 8448472 115714 1.6 17 10 6 12 47% 36218 11833 2628 124%
c - 839.24 49 18 78 545 196423 2 8471399 116085 1.7 17 10 6 12 47% 36218 11833 2628 124%
c - 841.39 49 18 78 546 197226 2 8494744 115995 1.7 17 10 6 12 46% 36218 11833 2628 124%
c - 843.52 49 18 78 547 197968 2 8518111 116291 1.7 17 10 6 12 47% 36218 11833 2628 124%
c - 845.68 49 18 78 548 198723 2 8541499 117412 1.7 17 10 6 12 47% 36218 11833 2628 124%
c } 846.43 49 18 79 548 198941 2 8550325 125302 1.7 17 10 6 12 46% 36218 11833 2628 124%
c [ 846.43 49 23 79 548 198941 1 8550325 125302 1.9 27 14 6 15 49% 36218 11833 2628 124%
c W 849.97 49 23 79 548 198941 1 8550325 125302 1.9 27 14 6 15 49% 36218 11833 2628 124%
c - 851.27 49 23 79 549 198950 1 8564908 116391 1.9 26 14 6 15 48% 36218 11833 2628 124%
c - 853.46 49 22 79 550 198960 1 8588338 115628 1.9 25 14 6 15 48% 36218 11833 2628 124%
c - 855.77 49 21 79 551 198970 1 8611791 114963 1.8 25 13 6 15 48% 36218 11833 2628 124%
c - 858.11 49 21 79 552 198974 1 8635264 113106 1.8 24 13 6 15 48% 36218 11833 2628 124%
c u 861.59 49 20 79 552 198986 1 8657361 127416 1.8 24 13 6 15 48% 36218 11833 2628 124%
c v 862.69 49 20 79 552 198986 1 8657361 121010 1.8 24 13 6 15 48% 36218 11833 2628 124%
c w 863.08 49 20 79 552 198986 1 8657361 115504 1.8 24 13 6 15 48% 36218 11833 2628 124%
c - 863.29 49 20 79 553 198986 1 8658759 101423 1.8 24 13 6 15 48% 36218 11833 2628 124%
c - 865.72 49 20 79 554 198997 1 8682275 108289 1.8 24 13 6 15 48% 36218 11833 2628 124%
c - 868.19 49 19 79 555 199002 1 8705813 111245 1.8 23 13 6 15 48% 36218 11833 2628 124%
c - 870.42 49 20 79 556 199003 1 8729373 111431 1.8 23 13 6 15 48% 36218 11833 2628 124%
c
c  seconds    switched       rate            size/glue  tier1     binary         remaining
c          MB   reductions      conflicts          size   tier2       irredundant
c           level      restarts        redundant      glue    trail         variables
c
c - 872.73 49 20 79 557 199008 1 8752952 109856 1.8 24 13 6 15 48% 36218 11833 2628 124%
c - 875.34 49 20 79 558 199018 1 8776552 110255 1.8 23 13 6 15 48% 36218 11833 2628 124%
c - 877.88 49 20 79 559 199031 1 8800176 111604 1.9 24 13 6 15 47% 36218 11833 2628 124%
c - 880.47 49 20 79 560 199034 1 8823820 112640 1.8 23 13 6 15 47% 36218 11833 2628 124%
c I 880.95 49 19 79 560 199034 1 8827988 116123 1.8 23 13 6 15 47% 36218 11833 2628 124%
c ] 881.65 49 20 80 560 199040 1 8836483 124208 1.8 24 13 6 15 47% 36218 11833 2628 124%
c { 881.65 49 18 80 560 199040 2 8836483 124208 1.7 17 10 6 12 46% 36218 11833 2628 124%
c o 882.02 49 18 80 560 199178 2 8840680 127900 1.7 17 10 6 12 47% 36218 11833 2628 124%
c - 882.71 49 18 80 561 199548 2 8847486 112892 1.7 17 10 6 12 47% 36218 11833 2628 124%
c - 885.02 49 18 80 562 200507 2 8871171 114257 1.7 17 10 6 12 47% 36218 11833 2628 124%
c - 887.28 49 18 80 563 201417 2 8894879 117760 1.7 17 10 6 12 47% 36218 11833 2628 124%
c - 889.47 49 18 80 564 202123 2 8918606 119507 1.7 17 10 6 12 47% 36218 11833 2628 124%
c - 891.59 49 18 80 565 202812 2 8942355 120086 1.7 17 10 6 12 47% 36218 11833 2628 124%
c u 894.36 49 18 80 565 203525 2 8960924 126318 1.7 17 10 6 12 47% 36218 11833 2628 124%
c v 895.55 49 18 80 565 203525 2 8960924 122772 1.7 17 10 6 12 47% 36218 11833 2628 124%
c w 895.96 49 18 80 565 203525 2 8960924 122274 1.7 17 10 6 12 47% 36218 11833 2628 124%
c - 896.44 49 18 80 566 203692 2 8966124 107469 1.7 17 10 6 12 47% 36218 11833 2628 124%
c - 898.43 49 18 80 567 204517 2 8989916 110438 1.7 17 10 6 12 47% 36218 11833 2628 124%
c - 900.49 49 18 80 568 205394 2 9013727 112069 1.7 17 10 6 12 47% 36218 11833 2628 124%
c - 902.54 49 18 80 569 206109 2 9037559 112403 1.7 17 10 6 12 47% 36218 11833 2628 124%
c
c  seconds    switched       rate            size/glue  tier1     binary         remaining
c          MB   reductions      conflicts          size   tier2       irredundant
c           level      restarts        redundant      glue    trail         variables
c
c - 904.61 49 18 80 570 207047 2 9061413 112805 1.7 17 10 6 12 47% 36218 11833 2628 124%
c - 906.67 49 18 80 571 207976 2 9085287 113274 1.7 17 10 6 12 47% 36218 11833 2628 124%
c - 908.75 49 18 80 572 208963 2 9109184 113251 1.7 17 10 6 12 47% 36218 11833 2628 124%
c - 910.81 49 18 80 573 209866 2 9133102 113754 1.7 17 10 6 12 47% 36218 11833 2628 124%
c - 912.92 49 18 80 574 210776 2 9157041 114857 1.7 17 10 6 12 47% 36218 11833 2628 124%
c } 913.41 49 18 81 574 210952 2 9162926 120339 1.7 17 10 6 12 47% 36218 11833 2628 124%
c [ 913.41 49 20 81 574 210952 1 9162926 120339 1.8 24 13 6 15 47% 36218 11833 2628 124%
c B 913.41 49 20 81 574 210952 1 9162926 120339 1.8 24 13 6 15 47% 36218 11833 2628 124%
c - 914.96 49 24 81 575 210963 1 9181001 108178 1.8 26 14 6 15 48% 36218 11833 2628 124%
c - 917.04 49 25 81 576 210973 1 9204980 98980 1.8 27 15 6 15 48% 36218 11833 2628 124%
c - 919.35 49 26 81 577 210982 1 9228980 98452 1.8 27 15 6 15 48% 36218 11833 2628 124%
c - 921.67 49 28 81 578 210988 1 9253001 94781 1.8 29 16 6 15 48% 36218 11833 2628 124%
c u 924.22 49 28 81 578 210997 1 9270213 109152 1.8 30 17 6 15 48% 36218 11833 2628 124%
c v 925.28 49 28 81 578 210997 1 9270213 108660 1.8 30 17 6 15 48% 36218 11833 2628 124%
c w 925.68 49 28 81 578 210997 1 9270213 106615 1.8 30 17 6 15 48% 36218 11833 2628 124%
c o 925.71 49 28 81 578 210997 1 9270213 106615 1.8 30 17 6 15 48% 36218 11833 2628 124%
c - 926.29 49 40 81 579 210997 1 9277043 87232 1.7 31 18 6 15 48% 36218 11833 2628 124%
c - 928.47 49 39 81 580 211011 1 9301107 90799 1.7 30 18 6 15 48% 36218 11833 2628 124%
c - 930.90 49 36 81 581 211013 1 9325191 97224 1.7 29 17 6 15 48% 36218 11833 2628 124%
c - 933.48 49 32 81 582 211014 1 9349295 104700 1.7 28 16 6 15 48% 36218 11833 2628 124%
c
c  seconds    switched       rate            size/glue  tier1     binary         remaining
c          MB   reductions      conflicts          size   tier2       irredundant
c           level      restarts        redundant      glue    trail         variables
c
c - 935.89 49 30 81 583 211023 1 9373419 108352 1.8 27 15 6 15 48% 36218 11833 2628 124%
c - 938.05 49 27 81 584 211033 1 9397564 110260 1.8 26 14 6 15 48% 36218 11833 2628 124%
c - 940.25 49 25 81 585 211044 1 9421730 112678 1.8 25 14 6 15 48% 36218 11833 2628 124%
c - 942.67 49 23 81 586 211049 1 9445916 114232 1.8 24 13 6 15 48% 36218 11833 2628 124%
c W 948.10 49 23 81 586 211056 1 9458836 126331 1.8 24 13 6 15 48% 36218 11833 2628 124%
c ] 948.57 49 23 82 586 211059 1 9464101 131310 1.8 24 13 6 15 48% 36218 11833 2628 124%
c { 948.57 49 18 82 586 211059 2 9464101 131310 1.7 17 10 6 12 47% 36218 11833 2628 124%
c - 949.12 49 18 82 587 211064 2 9470123 113050 1.7 17 10 6 12 47% 36218 11833 2628 124%
c - 951.10 49 16 82 588 211070 2 9494351 110966 1.7 17 10 6 12 47% 36218 11833 2628 124%
c - 953.16 49 15 82 589 211109 2 9518600 112601 1.7 16 10 6 12 47% 36218 11833 2628 124%
c - 955.11 49 14 82 590 211193 2 9542870 114709 1.6 15 9 6 12 47% 36218 11833 2628 124%
c - 957.11 49 13 82 591 211309 2 9567159 116629 1.6 15 9 6 12 47% 36218 11833 2628 124%
c u 959.66 49 13 82 591 211440 2 9585227 124171 1.6 15 9 6 11 47% 36218 11833 2628 124%
c v 960.72 49 13 82 591 211440 2 9585227 117649 1.6 15 9 6 11 47% 36218 11833 2628 124%
c w 961.10 49 13 82 591 211440 2 9585227 117034 1.6 15 9 6 11 47% 36218 11833 2628 124%
c - 961.67 49 13 82 592 211500 1 9591469 108510 1.6 15 9 6 11 47% 36218 11833 2628 124%
c - 963.76 49 12 82 593 211835 1 9615801 111839 1.6 15 9 6 11 47% 36218 11833 2628 124%
c - 965.78 49 12 82 594 212068 1 9640153 113367 1.6 15 9 6 11 47% 36218 11833 2628 124%
c - 967.93 49 12 82 595 212486 1 9664526 113518 1.6 14 9 6 11 47% 36218 11833 2628 124%
c o 969.41 49 12 82 595 212718 1 9682067 127298 1.6 14 9 6 11 47% 36218 11833 2628 124%
c
c  seconds    switched       rate            size/glue tier1     binary         remaining
c          MB   reductions      conflicts          size  tier2       irredundant
c           level      restarts        redundant     glue    trail         variables
c
c - 970.04 49 12 82 596 212867 1 9688919 113964 1.6 14 9 6 11 47% 36218 11833 2628 124%
c - 972.10 49 11 82 597 213097 1 9713335 114848 1.6 14 9 6 11 47% 36218 11833 2628 124%
c - 974.25 49 11 82 598 213547 1 9737768 115526 1.6 14 9 6 11 47% 36218 11833 2628 124%
c - 976.44 49 11 82 599 214072 1 9762222 115921 1.6 14 9 6 11 47% 36218 11833 2628 124%
c - 978.61 49 11 82 600 214529 1 9786696 116676 1.6 14 9 6 11 47% 36218 11833 2628 124%
c } 980.19 49 11 83 600 214737 1 9805708 132543 1.6 14 9 6 11 47% 36218 11833 2628 124%
c [ 980.19 49 23 83 600 214737 1 9805708 132543 1.8 24 13 6 15 48% 36218 11833 2628 124%
c O 980.19 49 23 83 600 214737 1 9805708 132543 1.8 24 13 6 15 48% 36218 11833 2628 124%
c - 980.65 49 23 83 601 214741 1 9811190 118734 1.8 24 13 6 15 48% 36218 11833 2628 124%
c - 982.67 49 22 83 602 214751 1 9835705 119046 1.8 23 13 6 15 48% 36218 11833 2628 124%
c - 984.93 49 22 83 603 214765 1 9860240 118728 1.8 23 13 6 15 49% 36218 11833 2628 124%
c - 987.39 49 21 83 604 214767 1 9884796 120369 1.8 23 13 6 15 49% 36218 11833 2628 124%
c u 990.54 67 20 83 604 214779 1 9905996 137739 1.8 23 13 6 15 49% 36218 11833 2628 124%
c v 991.68 67 20 83 604 214779 1 9905996 128951 1.8 23 13 6 15 49% 36218 11833 2628 124%
c w 992.10 67 20 83 604 214779 1 9905996 113278 1.8 23 13 6 15 49% 36218 11833 2628 124%
c - 992.50 56 20 83 605 214781 1 9909373 102214 1.8 23 13 6 15 49% 36218 11833 2628 124%
c - 994.91 57 20 83 606 214791 1 9933970 111308 1.8 23 13 6 15 49% 36218 11833 2628 124%
c - 997.59 59 21 83 607 214798 1 9958589 114058 1.8 24 13 6 15 49% 36218 11833 2628 124%
c - 1000.29 59 22 83 608 214799 1 9983229 111903 1.8 24 14 6 15 49% 36218 11833 2628 124%
c - 1003.02 59 22 83 609 214804 1 10007888 113525 1.8 24 14 6 15 49% 36218 11833 2628 124%
c
c   seconds    switched       rate             size/glue  tier1     binary         remaining
c           MB   reductions      conflicts           size   tier2       irredundant
c            level      restarts         redundant      glue    trail         variables
c
c - 1005.59 55 22 83 610 214814 1 10032565 114523 1.7 24 14 6 15 49% 36218 11833 2628 124%
c - 1008.24 56 22 83 611 214828 1 10057263 115846 1.7 24 14 6 15 49% 36218 11833 2628 124%
c - 1010.76 59 22 83 612 214830 1 10081983 117650 1.8 24 14 6 15 49% 36218 11833 2628 124%
c ] 1012.28 56 22 84 612 214837 1 10096725 131634 1.8 25 14 6 15 49% 36218 11833 2628 124%
c { 1012.28 56 11 84 612 214837 1 10096725 131634 1.6 14 9 6 11 47% 36218 11833 2628 124%
c o 1013.04 59 12 84 612 215770 1 10102077 136751 1.6 14 9 6 11 47% 36218 11833 2628 124%
c - 1013.68 59 12 84 613 216578 2 10106721 117546 1.6 14 9 6 11 47% 36218 11833 2628 124%
c - 1016.58 59 14 84 614 219529 2 10131479 119999 1.6 15 9 6 11 47% 36218 11833 2628 124%
c - 1019.24 59 15 84 615 221757 2 10156258 121904 1.6 15 10 6 11 47% 36218 11833 2628 124%
c - 1021.66 61 16 84 616 223111 2 10181057 123197 1.6 16 10 6 11 47% 36218 11833 2628 124%
c - 1024.15 61 17 84 617 224647 3 10205877 124779 1.6 16 10 6 11 47% 36218 11833 2628 124%
c - 1026.55 61 17 84 618 225833 3 10230717 125513 1.6 16 10 6 11 47% 36218 11833 2628 124%
c u 1027.93 61 17 84 618 225900 3 10232542 122428 1.6 16 10 6 11 47% 36218 11833 2628 124%
c v 1029.23 63 17 84 618 225900 3 10232542 120089 1.6 16 10 6 11 47% 36218 11833 2628 124%
c w 1029.68 63 17 84 618 225900 3 10232542 119788 1.6 16 10 6 11 47% 36218 11833 2628 124%
c - 1031.97 59 18 84 619 227160 3 10255576 119165 1.6 17 10 6 11 47% 36218 11833 2628 124%
c - 1034.26 61 18 84 620 228033 3 10280455 119814 1.6 17 10 6 11 47% 36218 11833 2628 124%
c - 1036.58 55 18 84 621 228917 2 10305355 120316 1.6 17 10 6 11 47% 36218 11833 2628 124%
c - 1038.88 59 18 84 622 229689 2 10330274 121000 1.6 17 10 6 11 47% 36218 11833 2628 124%
c - 1041.13 61 18 84 623 230409 2 10355214 120912 1.6 17 10 6 11 47% 36218 11833 2628 124%
c
c   seconds    switched       rate             size/glue  tier1     binary         remaining
c           MB   reductions      conflicts           size   tier2       irredundant
c            level      restarts         redundant      glue    trail         variables
c
c - 1043.52 59 18 84 624 231486 2 10380174 120993 1.6 17 10 6 11 47% 36218 11833 2628 124%
c - 1045.81 61 18 84 625 232342 2 10405153 120774 1.7 17 10 6 11 47% 36218 11833 2628 124%
c - 1048.11 61 18 84 626 233240 2 10430153 120274 1.7 17 10 6 11 47% 36218 11833 2628 124%
c } 1050.32 61 18 85 626 234120 2 10453803 141698 1.7 17 10 6 11 47% 36218 11833 2628 124%
c [ 1050.32 61 22 85 626 234120 1 10453803 141698 1.8 25 14 6 15 49% 36218 11833 2628 124%
c B 1050.32 61 22 85 626 234120 1 10453803 141698 1.8 25 14 6 15 49% 36218 11833 2628 124%
c - 1050.46 61 22 85 627 234121 1 10455172 119422 1.8 25 14 6 15 49% 36218 11833 2628 124%
c - 1052.82 59 23 85 628 234134 1 10480211 113668 1.9 26 14 6 15 49% 36218 11833 2628 124%
c - 1055.29 59 24 85 629 234147 1 10505273 104942 1.9 28 15 6 15 49% 36218 11833 2628 124%
c - 1057.95 59 25 85 630 234150 1 10530353 100336 2.0 30 15 6 15 49% 36218 11833 2628 124%
c - 1060.50 59 25 85 631 234163 1 10555453 100777 2.0 31 15 6 15 49% 36218 11833 2628 124%
c u 1062.57 61 25 85 631 234165 1 10564868 107569 2.1 31 15 6 15 49% 36218 11833 2628 124%
c v 1063.76 63 25 85 631 234165 1 10564868 107034 2.1 31 15 6 15 49% 36218 11833 2628 124%
c w 1064.20 63 25 85 631 234165 1 10564868 106781 2.1 31 15 6 15 49% 36218 11833 2628 124%
c o 1064.24 63 25 85 631 234165 1 10564868 106781 2.1 31 15 6 15 49% 36218 11833 2628 124%
c - 1065.71 59 28 85 632 234172 1 10580575 100620 2.0 30 15 6 15 49% 36218 11833 2628 124%
c - 1068.40 59 25 85 633 234181 1 10605717 106787 2.0 28 14 6 15 49% 36218 11833 2628 124%
c - 1070.89 59 25 85 634 234182 1 10630876 109691 1.9 27 14 6 15 49% 36218 11833 2628 124%
c - 1073.63 59 24 85 635 234187 1 10656055 109230 1.9 27 14 6 15 48% 36218 11833 2628 124%
c - 1076.56 56 23 85 636 234197 1 10681254 112152 1.9 26 13 6 15 48% 36218 11833 2628 124%
c
c   seconds    switched       rate             size/glue  tier1     binary         remaining
c           MB   reductions      conflicts           size   tier2       irredundant
c            level      restarts         redundant      glue    trail         variables
c
c - 1079.53 59 23 85 637 234211 1 10706474 113389 1.9 26 13 6 15 48% 36218 11833 2628 124%
c - 1082.54 59 22 85 638 234213 1 10731715 113625 1.9 25 13 6 15 48% 36218 11833 2628 124%
c - 1085.60 59 22 85 639 234227 1 10756973 114382 1.9 25 13 6 15 48% 36218 11833 2628 124%
c ] 1086.47 57 22 86 639 234228 1 10764051 121100 1.9 25 13 6 15 48% 36218 11833 2628 124%
c { 1086.47 57 18 86 639 234228 2 10764051 121100 1.7 17 10 6 11 47% 36218 11833 2628 124%
c - 1089.96 56 24 86 640 237389 4 10782251 111224 1.7 20 12 6 11 47% 36218 11833 2628 124%
c - 1095.00 59 30 86 641 241777 5 10807549 105089 1.8 23 13 6 11 47% 36218 11833 2628 124%
c - 1100.26 59 35 86 642 245938 6 10832867 101551 1.8 25 14 6 11 46% 36218 11833 2628 124%
c - 1105.30 59 39 86 643 249500 6 10858207 101300 1.8 27 15 6 11 46% 36218 11833 2628 124%
c - 1110.02 59 41 86 644 252478 7 10883565 101455 1.9 29 16 6 11 47% 36218 11833 2628 124%
c u 1114.95 61 43 86 644 254274 7 10903000 116640 1.9 30 16 6 11 47% 36218 11833 2628 124%
c v 1116.71 61 43 86 644 254274 7 10903000 115254 1.9 30 16 6 11 47% 36218 11833 2628 124%
c w 1117.39 63 43 86 644 254274 7 10903000 115146 1.9 30 16 6 11 47% 36218 11833 2628 124%
c - 1118.38 59 43 86 645 254626 6 10908942 97191 1.9 30 16 6 11 47% 36218 11833 2628 124%
c - 1122.11 59 44 86 646 256216 6 10934338 98662 1.9 31 16 6 11 47% 36218 11833 2628 124%
c - 1126.02 59 44 86 647 257880 6 10959756 85957 2.0 32 16 5 11 47% 36218 11833 2628 124%
c - 1129.58 59 45 86 648 259238 6 10985194 83091 2.0 33 16 5 11 47% 36218 11833 2628 124%
c o 1132.19 57 44 86 648 260171 5 11004893 102470 2.0 33 16 5 11 47% 36218 11833 2628 124%
c - 1133.12 59 45 86 649 260543 5 11010649 82561 2.0 33 16 5 12 47% 36218 11833 2628 124%
c - 1136.76 59 45 86 650 262076 5 11036125 82111 2.0 33 17 5 12 47% 36218 11833 2628 124%
c
c   seconds    switched       rate            size/glue  tier1     binary         remaining
c           MB   reductions      conflicts          size   tier2       irredundant
c            level      restarts         redundant     glue    trail         variables
c
c - 1140.39 55 45 86 651 263513 5 11061622 81598 2.0 34 17 5 12 47% 36218 11833 2628 124%
c - 1144.04 56 46 86 652 264898 5 11087138 81562 2.0 34 17 5 12 47% 36218 11833 2628 124%
c - 1147.49 59 46 86 653 265993 5 11112672 81772 2.1 35 17 5 12 47% 36218 11833 2628 124%
c } 1150.72 56 45 87 653 267036 5 11136907 105516 2.1 34 17 5 12 47% 36218 11833 2628 124%
c [ 1150.72 56 22 87 653 267036 1 11136907 105516 1.9 25 13 6 15 48% 36218 11833 2628 124%
c W 1155.77 49 22 87 653 267036 1 11136907 105516 1.9 25 13 6 15 48% 36218 11833 2628 124%
c - 1155.94 49 22 87 654 267037 1 11138227 82234 1.9 26 13 6 15 48% 36218 11833 2628 124%
c - 1158.52 49 24 87 655 267050 1 11163803 80725 1.9 27 14 6 15 48% 36218 11833 2628 124%
c - 1161.21 49 24 87 656 267063 1 11189397 79903 1.9 28 15 6 15 48% 36218 11833 2628 124%
c - 1163.73 49 25 87 657 267066 1 11215010 83394 1.9 28 15 6 15 48% 36218 11833 2628 124%
c - 1166.31 49 24 87 658 267080 1 11240643 86524 1.9 29 15 6 15 49% 36218 11833 2628 124%
c u 1168.35 49 24 87 658 267081 1 11246932 86688 1.9 28 15 6 15 49% 36218 11833 2628 124%
c v 1170.06 49 24 87 658 267081 1 11246932 86297 1.9 28 15 6 15 49% 36218 11833 2628 124%
c w 1170.65 49 24 87 658 267081 1 11246932 85301 1.9 28 15 6 15 49% 36218 11833 2628 124%
c - 1178.78 49 24 87 659 267091 1 11266294 81669 2.0 29 15 6 15 49% 36218 11833 2628 124%
c - 1181.25 49 25 87 660 267097 1 11291964 82034 2.0 29 15 6 15 49% 36218 11833 2628 124%
c - 1184.03 49 25 87 661 267098 1 11317656 81842 2.0 30 15 6 15 49% 36218 11833 2628 124%
c - 1186.71 49 25 87 662 267105 1 11343365 82248 2.0 30 15 6 15 49% 36218 11833 2628 124%
c - 1189.35 49 24 87 663 267116 1 11369094 82424 2.0 30 15 6 15 49% 36218 11833 2628 124%
c - 1192.01 49 24 87 664 267128 1 11394843 84969 2.0 30 15 6 15 49% 36218 11833 2628 124%
c
c   seconds    switched       rate            size/glue  tier1     binary         remaining
c           MB   reductions      conflicts          size   tier2       irredundant
c            level      restarts         redundant     glue    trail         variables
c
c - 1194.68 49 25 87 665 267133 1 11420611 83869 2.0 30 15 6 15 49% 36218 11833 2628 124%
c - 1197.24 49 25 87 666 267144 1 11446399 80262 2.0 30 15 6 15 49% 36218 11833 2628 124%
c I 1199.52 49 26 87 666 267158 1 11470579 103704 2.0 31 15 6 15 49% 36218 11833 2628 124%
c o 1199.52 49 26 87 666 267158 1 11470579 103704 2.0 31 15 6 15 49% 36218 11833 2628 124%
c - 1199.70 49 33 87 667 267158 1 11472205 80402 1.9 32 17 6 15 49% 36218 11833 2628 124%
c - 1202.19 49 41 87 668 267161 1 11498034 76471 1.8 35 19 6 15 49% 36218 11833 2628 124%
c - 1204.69 49 43 87 669 267161 1 11523882 72774 1.8 35 19 6 15 49% 36218 11833 2628 124%
c - 1207.28 49 45 87 670 267162 1 11549749 73645 1.8 36 20 6 15 48% 36218 11833 2628 124%
c - 1209.87 49 45 87 671 267162 1 11575635 74458 1.8 36 20 6 15 48% 36218 11833 2628 124%
c u 1212.93 49 46 87 671 267163 1 11596720 92993 1.8 36 20 6 15 48% 36218 11833 2628 124%
c v 1213.98 49 46 87 671 267163 1 11596720 92664 1.8 36 20 6 15 48% 36218 11833 2628 124%
c w 1214.38 49 46 87 671 267163 1 11596720 92154 1.8 36 20 6 15 48% 36218 11833 2628 124%
c - 1215.14 49 45 87 672 267167 1 11601538 73937 1.8 36 20 6 15 48% 36218 11833 2628 124%
c - 1217.64 49 40 87 673 267177 1 11627461 80738 1.8 34 19 6 15 48% 36218 11833 2628 124%
c - 1220.30 49 37 87 674 267191 1 11653403 85424 1.9 33 18 6 15 49% 36218 11833 2628 124%
c - 1223.18 49 33 87 675 267195 1 11679364 87682 1.9 32 17 6 15 49% 36218 11833 2628 124%
c ] 1225.88 49 30 88 675 267208 1 11703923 110872 1.9 31 16 6 15 49% 36218 11833 2628 124%
c { 1225.88 49 45 88 675 267208 5 11703923 110872 2.1 34 17 5 12 47% 36218 11833 2628 124%
c - 1226.04 49 45 88 676 267208 4 11705345 91619 2.1 34 17 5 12 47% 36218 11833 2628 124%
c - 1228.67 49 38 88 677 267208 4 11731346 95524 2.1 32 15 5 12 47% 36218 11833 2628 124%
c
c   seconds    switched       rate            size/glue  tier1     binary         remaining
c           MB   reductions      conflicts          size   tier2       irredundant
c            level      restarts         redundant     glue    trail         variables
c
c - 1230.96 49 33 88 678 267220 3 11757366 99005 2.0 29 14 5 12 47% 36218 11833 2628 124%
c - 1233.19 49 30 88 679 267276 3 11783404 99127 2.0 28 14 5 12 47% 36218 11833 2628 124%
c - 1235.41 49 27 88 680 267309 2 11809463 98806 2.0 26 13 5 12 47% 36218 11833 2628 124%
c - 1237.57 49 24 88 681 267336 2 11835540 99643 2.0 24 12 5 12 47% 36218 11833 2628 124%
c - 1239.83 49 22 88 682 267433 2 11861635 99688 1.9 23 12 5 12 47% 36218 11833 2628 124%
c - 1242.01 49 21 88 683 267588 2 11887750 100488 1.9 22 12 5 12 47% 36218 11833 2628 124%
c - 1244.26 49 20 88 684 267800 2 11913884 100661 1.9 21 11 5 12 47% 36218 11833 2628 124%
c o 1245.66 49 20 88 684 267946 2 11930675 115787 1.8 21 11 5 12 47% 36218 11833 2628 124%
c - 1246.50 49 20 88 685 268093 2 11940038 100311 1.8 21 11 5 12 47% 36218 11833 2628 124%
c u 1248.61 49 19 88 685 268272 2 11952336 105336 1.8 20 11 5 12 47% 36218 11833 2628 124%
c v 1249.85 49 19 88 685 268272 2 11952336 98384 1.8 20 11 5 12 47% 36218 11833 2628 124%
c w 1250.28 49 19 88 685 268272 2 11952336 97123 1.8 20 11 5 12 47% 36218 11833 2628 124%
c - 1251.45 49 19 88 686 268501 2 11966210 88593 1.8 20 11 5 12 47% 36218 11833 2628 124%
c - 1253.56 49 18 88 687 268832 2 11992401 92326 1.8 19 11 5 12 47% 36218 11833 2628 124%
c - 1255.73 49 18 88 688 269297 2 12018611 95477 1.8 19 11 5 12 47% 36218 11833 2628 124%
c - 1257.96 49 18 88 689 269906 2 12044841 96732 1.7 18 10 5 12 47% 36218 11833 2628 124%
c - 1260.17 49 18 88 690 270528 2 12071090 97720 1.7 18 10 5 12 47% 36218 11833 2628 124%
c } 1262.01 49 18 89 690 271021 2 12092861 117421 1.7 18 10 5 12 47% 36218 11833 2628 124%
c [ 1262.01 49 30 89 690 271021 1 12092861 117421 1.9 31 16 6 15 49% 36218 11833 2628 124%
c B 1262.01 49 30 89 690 271021 1 12092861 117421 1.9 31 16 6 15 49% 36218 11833 2628 124%
c
c   seconds    switched       rate            size/glue  tier1     binary         remaining
c           MB   reductions      conflicts          size   tier2       irredundant
c            level      restarts         redundant     glue    trail         variables
c
c - 1262.39 49 30 89 691 271024 1 12097358 98791 1.9 30 16 6 15 49% 36218 11833 2628 124%
c - 1264.72 49 27 89 692 271035 1 12123647 97951 1.9 29 15 6 15 49% 36218 11833 2628 124%
c - 1267.22 49 25 89 693 271049 1 12149952 96978 1.9 27 14 6 15 49% 36218 11833 2628 124%
c - 1269.72 49 24 89 694 271053 1 12176277 97429 1.9 26 14 6 15 49% 36218 11833 2628 124%
c - 1272.37 49 23 89 695 271066 1 12202620 98573 1.9 26 13 6 15 49% 36218 11833 2628 124%
c - 1275.34 49 22 89 696 271080 1 12228983 99995 1.9 25 13 6 15 49% 36218 11833 2628 124%
c - 1278.46 49 21 89 697 271082 1 12255368 100523 1.9 25 13 6 15 48% 36218 11833 2628 124%
c - 1281.38 49 20 89 698 271083 1 12281768 101385 1.9 24 12 6 15 48% 36218 11833 2628 124%
c - 1284.08 49 22 89 699 271096 1 12308189 98122 1.9 25 13 6 15 48% 36218 11833 2628 124%
c u 1285.77 49 22 89 699 271097 1 12313832 97667 1.9 25 13 6 15 48% 36218 11833 2628 124%
c v 1287.14 49 22 89 699 271097 1 12313832 82272 1.9 25 13 6 15 48% 36218 11833 2628 124%
c w 1287.62 49 22 89 699 271097 1 12313832 81231 1.9 25 13 6 15 48% 36218 11833 2628 124%
c - 1289.65 49 22 89 700 271105 1 12334628 84135 2.0 25 13 6 15 49% 36218 11833 2628 124%
c - 1292.32 49 22 89 701 271114 1 12361086 88698 2.0 26 13 6 15 49% 36218 11833 2628 124%
c - 1295.15 49 21 89 702 271124 1 12387562 91857 2.0 26 13 6 15 49% 36218 11833 2628 124%
c - 1297.94 49 21 89 703 271136 1 12414057 94745 2.1 27 13 6 15 49% 36218 11833 2628 124%
c ] 1298.03 49 21 90 703 271136 1 12414869 95528 2.1 27 13 6 15 49% 36218 11833 2628 124%
c { 1298.03 49 18 90 703 271136 2 12414869 95528 1.7 18 10 5 12 47% 36218 11833 2628 124%
c o 1298.09 49 18 90 703 271157 2 12415218 95845 1.7 18 10 5 12 47% 36218 11833 2628 124%
c - 1300.33 49 17 90 704 271708 2 12440571 97174 1.7 18 10 5 12 47% 36218 11833 2628 124%
c
c   seconds    switched       rate            size/glue  tier1     binary         remaining
c           MB   reductions      conflicts          size   tier2       irredundant
c            level      restarts         redundant     glue    trail         variables
c
c - 1302.71 49 18 90 705 272586 2 12467103 99343 1.7 17 10 5 12 47% 36218 11833 2628 124%
c - 1305.03 49 18 90 706 273535 2 12493654 99845 1.7 17 10 5 12 47% 36218 11833 2628 124%
c - 1307.39 49 18 90 707 274462 2 12520224 100056 1.7 17 10 5 12 47% 36218 11833 2628 124%
c - 1309.61 49 17 90 708 275023 2 12546813 99568 1.7 17 10 5 12 47% 36218 11833 2628 124%
c - 1312.09 49 18 90 709 276392 2 12573421 99945 1.7 17 10 5 12 47% 36218 11833 2628 124%
c - 1314.51 49 18 90 710 277570 2 12600049 100432 1.7 17 10 5 12 47% 36218 11833 2628 124%
c - 1316.88 49 18 90 711 278451 2 12626694 100683 1.7 17 10 5 12 47% 36218 11833 2628 124%
c - 1319.33 49 18 90 712 279568 2 12653358 101360 1.7 17 10 5 12 47% 36218 11833 2628 124%
c - 1321.72 49 18 90 713 280469 2 12680041 101415 1.7 17 10 5 12 47% 36218 11833 2628 124%
c u 1322.97 49 18 90 713 280559 2 12681208 98134 1.7 17 10 5 12 47% 36218 11833 2628 124%
c v 1324.24 49 18 90 713 280559 2 12681208 94546 1.7 17 10 5 12 47% 36218 11833 2628 124%
c w 1324.69 49 18 90 713 280559 2 12681208 94033 1.7 17 10 5 12 47% 36218 11833 2628 124%
c - 1326.91 49 18 90 714 281408 2 12706743 95402 1.7 17 10 5 12 47% 36218 11833 2628 124%
c - 1329.16 49 18 90 715 282070 2 12733464 97218 1.7 17 10 5 12 46% 36218 11833 2628 124%
c - 1331.48 49 18 90 716 283039 2 12760203 97741 1.7 17 10 5 12 46% 36218 11833 2628 124%
c - 1333.96 49 18 90 717 284573 2 12786961 98324 1.7 17 10 5 12 47% 36218 11833 2628 124%
c - 1336.29 49 18 90 718 285403 2 12813737 98531 1.7 17 10 5 12 47% 36218 11833 2628 124%
c } 1336.84 49 18 91 718 285681 2 12820190 104510 1.7 17 10 5 12 47% 36218 11833 2628 124%
c [ 1336.84 49 21 91 718 285681 1 12820190 104510 2.1 27 13 6 15 49% 36218 11833 2628 124%
c W 1343.07 49 21 91 718 285681 1 12820190 104510 2.1 27 13 6 15 49% 36218 11833 2628 124%
c
c   seconds    switched       rate            size/glue  tier1     binary         remaining
c           MB   reductions      conflicts          size   tier2       irredundant
c            level      restarts         redundant     glue    trail         variables
c
c - 1344.91 49 21 91 719 285693 1 12840534 97600 2.0 26 13 6 15 49% 36218 11833 2628 124%
c - 1347.47 49 21 91 720 285705 1 12867349 94224 2.0 26 13 6 15 50% 36218 11833 2628 124%
c - 1350.31 49 21 91 721 285711 1 12894181 91924 2.0 26 13 6 15 50% 36218 11833 2628 124%
c - 1353.37 49 22 91 722 285724 1 12921032 93221 2.0 26 13 6 15 50% 36218 11833 2628 124%
c - 1356.66 49 21 91 723 285734 1 12947904 97061 2.0 25 13 6 15 49% 36218 11833 2628 124%
c - 1359.63 49 22 91 724 285742 1 12974792 98174 2.0 26 13 6 15 49% 36218 11833 2628 124%
c - 1362.69 49 22 91 725 285743 1 13001699 94196 2.0 26 13 6 15 49% 36218 11833 2628 124%
c - 1365.74 49 22 91 726 285750 1 13028624 92866 1.9 26 14 6 15 49% 36218 11833 2628 124%
c u 1369.81 49 22 91 726 285762 1 13054465 113816 1.9 26 14 6 15 49% 36218 11833 2628 124%
c v 1371.34 49 22 91 726 285762 1 13054465 112324 1.9 26 14 6 15 49% 36218 11833 2628 124%
c w 1371.87 49 22 91 726 285762 1 13054465 109070 1.9 26 14 6 15 49% 36218 11833 2628 124%
c o 1371.90 49 22 91 726 285762 1 13054465 109070 1.9 26 14 6 15 49% 36218 11833 2628 124%
c - 1372.02 49 23 91 727 285763 1 13055569 88683 1.9 26 14 6 15 49% 36218 11833 2628 124%
c - 1374.47 49 22 91 728 285773 1 13082532 92381 1.9 25 13 6 15 49% 36218 11833 2628 124%
c - 1377.09 49 23 91 729 285781 1 13109516 94306 1.9 26 13 6 15 49% 36218 11833 2628 124%
c - 1379.85 49 23 91 730 285793 1 13136516 94920 1.9 26 13 6 15 49% 36218 11833 2628 124%
c ] 1381.79 49 22 92 730 285803 1 13154667 112334 1.9 26 13 6 15 49% 36218 11833 2628 124%
c { 1381.79 49 18 92 730 285803 2 13154667 112334 1.7 17 10 5 12 47% 36218 11833 2628 124%
c - 1382.70 49 18 92 731 286291 2 13163538 97636 1.7 17 10 5 12 47% 36218 11833 2628 124%
c - 1385.10 49 18 92 732 287191 2 13190576 100423 1.7 17 10 5 12 47% 36218 11833 2628 124%
c
c   seconds    switched       rate             size/glue  tier1     binary         remaining
c           MB   reductions      conflicts           size   tier2       irredundant
c            level      restarts         redundant      glue    trail         variables
c
c - 1387.44 49 18 92 733 287952 2 13217632 101034 1.7 17 10 5 12 47% 36218 11833 2628 124%
c - 1389.90 49 18 92 734 289042 2 13244705 100983 1.7 17 10 5 12 47% 36218 11833 2628 124%
c - 1392.28 49 18 92 735 289790 2 13271798 101187 1.7 17 10 5 12 47% 36218 11833 2628 124%
c - 1394.77 49 18 92 736 290996 2 13298911 101265 1.7 17 10 5 12 47% 36218 11833 2628 124%
c - 1397.30 49 18 92 737 292207 2 13326042 102033 1.7 17 10 5 12 47% 36218 11833 2628 124%
c - 1399.74 49 18 92 738 293305 2 13353190 102401 1.7 17 10 5 12 47% 36218 11833 2628 124%
c - 1402.12 49 18 92 739 294142 2 13380356 102345 1.7 17 10 5 12 47% 36218 11833 2628 124%
c - 1404.54 49 18 92 740 295060 2 13407541 102651 1.7 17 10 5 12 47% 36218 11833 2628 124%
c u 1408.02 49 18 92 740 295805 2 13433628 121628 1.7 17 10 5 12 47% 36218 11833 2628 124%
c v 1409.32 49 18 92 740 295805 2 13433628 114795 1.7 17 10 5 12 47% 36218 11833 2628 124%
c w 1409.78 49 18 92 740 295805 2 13433628 113888 1.7 17 10 5 12 47% 36218 11833 2628 124%
c - 1409.94 49 18 92 741 295854 2 13434743 92427 1.7 17 10 5 12 47% 36218 11833 2628 124%
c - 1412.35 49 18 92 742 297002 2 13461965 93272 1.7 17 10 5 12 47% 36218 11833 2628 124%
c - 1414.64 49 18 92 743 297781 2 13489207 98384 1.7 17 10 5 12 47% 36218 11833 2628 124%
c - 1416.97 49 18 92 744 298645 2 13516466 99932 1.7 17 10 5 12 47% 36218 11833 2628 124%
c - 1419.48 49 18 92 745 299942 2 13543742 99922 1.7 17 10 5 12 47% 36218 11833 2628 124%
c o 1419.61 49 18 92 745 299969 2 13545212 101257 1.7 17 10 5 12 47% 36218 11833 2628 124%
c - 1421.89 49 18 92 746 300846 2 13571038 99784 1.7 17 10 5 12 47% 36218 11833 2628 124%
c } 1422.43 49 18 93 746 301228 2 13576671 105119 1.7 17 10 5 12 46% 36218 11833 2628 124%
c [ 1422.43 49 22 93 746 301228 1 13576671 105119 1.9 26 13 6 15 49% 36218 11833 2628 124%
c
c   seconds    switched       rate             size/glue  tier1     binary         remaining
c           MB   reductions      conflicts           size   tier2       irredundant
c            level      restarts         redundant      glue    trail         variables
c
c O 1422.43 49 22 93 746 301228 1 13576671 105119 1.9 26 13 6 15 49% 36218 11833 2628 124%
c - 1424.24 49 21 93 747 301241 1 13598351 100413 1.9 25 13 6 15 49% 36218 11833 2628 124%
c - 1426.89 49 21 93 748 301252 1 13625685 98728 1.9 24 13 6 15 49% 36218 11833 2628 124%
c - 1429.68 49 21 93 749 301258 1 13653034 98219 1.9 24 13 6 15 48% 36218 11833 2628 124%
c - 1432.74 49 19 93 750 301272 1 13680402 100808 1.9 23 12 6 15 48% 36218 11833 2628 124%
c - 1435.69 49 19 93 751 301283 1 13707789 103563 1.9 23 12 6 15 48% 36218 11833 2628 124%
c - 1438.47 49 20 93 752 301289 1 13735193 98915 1.9 24 13 6 15 49% 36218 11833 2628 124%
c - 1441.28 49 20 93 753 301290 1 13762616 95257 1.9 24 13 6 15 49% 36218 11833 2628 124%
c - 1444.08 49 20 93 754 301301 1 13790058 95775 1.9 24 13 6 15 49% 36218 11833 2628 124%
c - 1446.88 49 20 93 755 301312 1 13817517 96978 1.8 24 13 6 15 49% 36218 11833 2628 124%
c u 1448.20 49 20 93 755 301313 1 13818722 93555 1.8 24 13 6 15 49% 36218 11833 2628 124%
c v 1449.61 49 20 93 755 301313 1 13818722 89489 1.8 24 13 6 15 49% 36218 11833 2628 124%
c w 1450.10 49 20 93 755 301313 1 13818722 84113 1.8 24 13 6 15 49% 36218 11833 2628 124%
c - 1452.69 49 20 93 756 301321 1 13844995 90003 1.9 24 13 6 15 49% 36218 11833 2628 124%
c - 1455.63 49 19 93 757 301332 1 13872490 96458 1.9 23 13 6 15 49% 36218 11833 2628 124%
c - 1458.32 49 19 93 758 301343 1 13900003 98885 1.9 23 12 6 15 49% 36218 11833 2628 124%
c - 1461.04 49 19 93 759 301352 1 13927534 98373 1.9 23 12 6 15 48% 36218 11833 2628 124%
c ] 1462.09 49 20 94 759 301353 1 13938756 109161 1.9 23 12 6 15 48% 36218 11833 2628 124%
c { 1462.09 49 18 94 759 301353 2 13938756 109161 1.7 17 10 5 12 46% 36218 11833 2628 124%
c - 1463.58 49 18 94 760 301931 2 13955084 98887 1.7 17 10 5 12 46% 36218 11833 2628 124%
c
c   seconds    switched       rate             size/glue  tier1     binary         remaining
c           MB   reductions      conflicts           size   tier2       irredundant
c            level      restarts         redundant      glue    trail         variables
c
c - 1466.05 49 18 94 761 303150 2 13982653 101646 1.6 17 10 5 12 46% 36218 11833 2628 124%
c - 1468.47 49 18 94 762 304122 2 14010239 102066 1.6 17 10 5 12 46% 36218 11833 2628 124%
c - 1471.04 49 18 94 763 305659 2 14037843 102600 1.6 17 10 5 12 47% 36218 11833 2628 124%
c o 1471.75 49 18 94 763 305870 2 14046252 110390 1.7 17 10 5 12 47% 36218 11833 2628 124%
c - 1473.37 49 18 94 764 306508 2 14065465 103209 1.7 17 10 5 12 46% 36218 11833 2628 124%
c - 1475.77 49 18 94 765 307323 2 14093105 103646 1.7 17 10 5 12 46% 36218 11833 2628 124%
c - 1478.24 49 18 94 766 308330 2 14120764 103525 1.7 17 10 5 12 47% 36218 11833 2628 124%
c - 1480.65 49 18 94 767 309170 2 14148442 103470 1.7 17 10 5 12 47% 36218 11833 2628 124%
c - 1483.11 49 18 94 768 310250 2 14176137 103875 1.7 17 10 5 12 47% 36218 11833 2628 124%
c - 1485.53 49 18 94 769 311037 2 14203849 104042 1.7 17 10 5 12 47% 36218 11833 2628 124%
c u 1487.28 49 18 94 769 311454 2 14209747 102979 1.7 17 10 5 12 47% 36218 11833 2628 124%
c v 1488.63 49 18 94 769 311454 2 14209747 97073 1.7 17 10 5 12 47% 36218 11833 2628 124%
c w 1489.10 49 18 94 769 311454 2 14209747 96431 1.7 17 10 5 12 47% 36218 11833 2628 124%
c - 1491.03 49 18 94 770 312374 2 14231579 94000 1.6 17 10 5 12 47% 36218 11833 2628 124%
c - 1493.34 49 18 94 771 313029 2 14259327 97745 1.7 17 10 5 12 47% 36218 11833 2628 124%
c - 1495.80 49 18 94 772 314223 2 14287094 99020 1.7 17 10 5 12 47% 36218 11833 2628 124%
c - 1498.30 49 18 94 773 315279 2 14314880 99502 1.7 17 10 5 11 47% 36218 11833 2628 124%
c - 1500.83 49 18 94 774 316347 2 14342684 99518 1.7 17 10 5 11 47% 36218 11833 2628 124%
c - 1503.25 49 18 94 775 317072 2 14370504 99684 1.7 17 10 5 11 47% 36218 11833 2628 124%
c } 1503.89 49 18 95 775 317340 2 14377742 106394 1.7 17 10 5 11 47% 36218 11833 2628 124%
c
c   seconds    switched       rate             size/glue  tier1     binary         remaining
c           MB   reductions      conflicts           size   tier2       irredundant
c            level      restarts         redundant      glue    trail         variables
c
c [ 1503.89 49 20 95 775 317340 1 14377742 106394 1.9 23 12 6 15 48% 36218 11833 2628 124%
c B 1503.89 49 20 95 775 317340 1 14377742 106394 1.9 23 12 6 15 48% 36218 11833 2628 124%
c - 1505.64 49 19 95 776 317353 1 14398343 100143 1.9 23 12 6 15 48% 36218 11833 2628 124%
c - 1508.33 49 19 95 777 317364 1 14426199 99951 1.9 23 12 6 15 48% 36218 11833 2628 124%
c - 1511.10 49 20 95 778 317370 1 14454073 97173 1.9 23 13 6 15 48% 36218 11833 2628 124%
c - 1514.07 49 20 95 779 317384 1 14481965 94244 1.9 24 13 6 15 48% 36218 11833 2628 124%
c - 1516.91 49 20 95 780 317396 1 14509876 97832 1.9 23 13 6 15 48% 36218 11833 2628 124%
c - 1520.17 49 20 95 781 317401 1 14537805 100005 1.9 24 12 6 15 48% 36218 11833 2628 124%
c - 1523.04 49 22 95 782 317402 1 14565751 97705 1.9 24 13 6 15 48% 36218 11833 2628 124%
c - 1526.38 49 22 95 783 317415 1 14593716 93490 1.9 25 13 6 15 47% 36218 11833 2628 124%
c u 1529.15 49 22 95 783 317417 1 14606729 101851 1.9 25 13 6 15 47% 36218 11833 2628 124%
c v 1530.66 49 22 95 783 317417 1 14606729 99687 1.9 25 13 6 15 47% 36218 11833 2628 124%
c w 1531.21 49 22 95 783 317417 1 14606729 95449 1.9 25 13 6 15 47% 36218 11833 2628 124%
c o 1531.24 49 22 95 783 317417 1 14606729 95449 1.9 25 13 6 15 47% 36218 11833 2628 124%
c - 1532.53 49 23 95 784 317427 1 14621698 87611 1.9 25 13 6 15 47% 36218 11833 2628 124%
c - 1535.17 49 23 95 785 317433 1 14649700 91308 1.8 25 13 6 15 47% 36218 11833 2628 124%
c - 1538.05 49 22 95 786 317447 1 14677718 95082 1.9 24 13 6 15 47% 36218 11833 2628 124%
c - 1541.09 49 21 95 787 317459 1 14705754 99785 1.9 25 13 6 15 48% 36218 11833 2628 124%
c - 1543.97 49 22 95 788 317464 1 14733807 98979 1.9 25 13 6 15 48% 36218 11833 2628 124%
c ] 1545.12 49 22 96 788 317465 1 14744492 109314 1.9 25 13 6 15 48% 36218 11833 2628 124%
c
c   seconds    switched       rate             size/glue  tier1     binary         remaining
c           MB   reductions      conflicts           size   tier2       irredundant
c            level      restarts         redundant      glue    trail         variables
c
c { 1545.12 49 18 96 788 317465 2 14744492 109314 1.7 17 10 5 11 47% 36218 11833 2628 124%
c - 1546.70 49 18 96 789 317912 2 14761878 98886 1.7 17 10 5 11 47% 36218 11833 2628 124%
c - 1549.33 49 18 96 790 319090 2 14789967 102852 1.7 17 10 5 11 47% 36218 11833 2628 124%
c - 1551.81 49 18 96 791 319970 2 14818076 104457 1.7 17 10 5 11 47% 36218 11833 2628 124%
c - 1554.28 49 18 96 792 320757 2 14846200 105063 1.7 17 10 5 11 47% 36218 11833 2628 124%
c - 1556.84 49 18 96 793 322053 2 14874343 105361 1.7 17 10 5 11 47% 36218 11833 2628 124%
c - 1559.40 49 18 96 794 323329 2 14902503 105877 1.7 17 10 5 11 47% 36218 11833 2628 124%
c - 1561.91 49 18 96 795 324308 2 14930682 106447 1.7 17 10 5 11 47% 36218 11833 2628 124%
c - 1564.44 49 18 96 796 325270 2 14958877 107199 1.7 17 10 5 11 47% 36218 11833 2628 124%
c - 1566.96 49 18 96 797 326110 2 14987092 107601 1.7 17 10 5 11 47% 36218 11833 2628 124%
c u 1570.32 49 18 96 797 327008 2 15009667 123837 1.7 17 10 5 11 47% 36218 11833 2628 124%
c v 1571.73 49 18 96 797 327008 2 15009667 118763 1.7 17 10 5 11 47% 36218 11833 2628 124%
c w 1572.23 49 18 96 797 327008 2 15009667 117751 1.7 17 10 5 11 47% 36218 11833 2628 124%
c - 1572.78 49 18 96 798 327236 2 15015325 98784 1.7 17 10 5 11 47% 36218 11833 2628 124%
c - 1575.25 49 18 96 799 328277 2 15043573 101707 1.7 17 10 5 11 47% 36218 11833 2628 124%
c - 1577.65 49 18 96 800 329030 2 15071839 103595 1.7 17 10 5 11 47% 36218 11833 2628 124%
c - 1580.19 49 18 96 801 329922 2 15100123 103952 1.7 17 10 5 11 47% 36218 11833 2628 124%
c o 1582.60 49 18 96 801 331039 2 15126743 128122 1.7 17 10 5 11 47% 36218 11833 2628 124%
c - 1582.74 49 18 96 802 331056 2 15128424 104445 1.7 17 10 5 11 47% 36218 11833 2628 124%
c - 1585.38 49 18 96 803 332417 2 15156743 105261 1.7 17 10 5 11 47% 36218 11833 2628 124%
c
c   seconds    switched       rate             size/glue  tier1     binary         remaining
c           MB   reductions      conflicts           size   tier2       irredundant
c            level      restarts         redundant      glue    trail         variables
c
c - 1588.00 49 18 96 804 333672 2 15185082 105484 1.7 17 10 5 11 47% 36218 11833 2628 124%
c } 1589.39 49 18 97 804 334259 2 15200755 119895 1.7 17 10 5 11 47% 36218 11833 2628 124%
c [ 1589.39 49 22 97 804 334259 1 15200755 119895 1.9 25 13 6 15 48% 36218 11833 2628 124%
c W 1596.37 49 22 97 804 334259 1 15200755 119895 1.9 25 13 6 15 48% 36218 11833 2628 124%
c - 1597.47 49 22 97 805 334266 1 15213437 104935 1.9 25 13 6 15 48% 36218 11833 2628 124%
c - 1600.17 49 21 97 806 334280 1 15241809 104557 2.0 25 13 6 15 48% 36218 11833 2628 124%
c - 1603.36 49 21 97 807 334289 1 15270202 104327 2.0 25 13 6 15 48% 36218 11833 2628 124%
c - 1606.60 49 21 97 808 334299 1 15298609 104216 2.0 24 12 6 15 48% 36218 11833 2628 124%
c - 1609.52 49 21 97 809 334311 1 15327035 105780 2.0 24 12 6 15 48% 36218 11833 2628 124%
c - 1612.46 49 21 97 810 334320 1 15355477 105047 2.0 25 12 6 15 48% 36218 11833 2628 124%
c - 1615.56 49 21 97 811 334321 1 15383937 104985 2.0 25 12 6 15 48% 36218 11833 2628 124%
c - 1618.80 49 20 97 812 334331 1 15412415 108482 2.0 24 12 6 15 48% 36218 11833 2628 124%
c u 1620.92 49 20 97 812 334335 1 15418588 110047 2.0 24 12 6 15 48% 36218 11833 2628 124%
c v 1622.52 49 20 97 812 334335 1 15418588 106210 2.0 24 12 6 15 48% 36218 11833 2628 124%
c w 1623.06 49 20 97 812 334335 1 15418588 101998 2.0 24 12 6 15 48% 36218 11833 2628 124%
c - 1625.35 49 21 97 813 334343 1 15440913 98989 1.9 24 12 6 15 48% 36218 11833 2628 124%
c - 1628.14 49 20 97 814 334352 1 15469428 102593 1.9 23 12 6 15 48% 36218 11833 2628 124%
c - 1631.00 49 19 97 815 334364 1 15497960 107309 1.9 23 12 6 15 48% 36218 11833 2628 124%
c - 1634.27 49 19 97 816 334376 1 15526508 108092 2.0 24 12 6 15 48% 36218 11833 2628 124%
c - 1637.74 49 19 97 817 334383 1 15555073 107753 2.0 24 12 6 15 48% 36218 11833 2628 124%
c
c   seconds    switched       rate             size/glue  tier1     binary         remaining
c           MB   reductions      conflicts           size   tier2       irredundant
c            level      restarts         redundant      glue    trail         variables
c
c ] 1640.12 49 19 98 817 334384 1 15574465 125980 1.9 24 12 6 15 48% 36218 11833 2628 124%
c { 1640.12 49 18 98 817 334384 2 15574465 125980 1.7 17 10 5 11 47% 36218 11833 2628 124%
c - 1641.29 49 18 98 818 334395 2 15583656 106849 1.7 17 10 5 11 47% 36218 11833 2628 124%
c - 1644.14 49 16 98 819 334412 2 15612257 104854 1.7 16 10 5 11 47% 36218 11833 2628 124%
c - 1646.64 49 15 98 820 334431 2 15640875 104254 1.6 16 10 5 11 46% 36218 11833 2628 124%
c o 1648.20 49 14 98 820 334457 2 15659079 118908 1.6 15 9 5 11 46% 36218 11833 2628 124%
c - 1649.13 49 14 98 821 334530 2 15669512 104785 1.6 15 9 5 11 46% 36218 11833 2628 124%
c - 1651.62 49 13 98 822 334656 2 15698166 105563 1.6 15 9 5 11 46% 36218 11833 2628 124%
c - 1654.10 49 12 98 823 334881 1 15726837 106467 1.6 15 9 5 11 47% 36218 11833 2628 124%
c - 1656.59 49 12 98 824 335172 1 15755524 107074 1.6 14 9 5 11 47% 36218 11833 2628 124%
c - 1659.10 49 12 98 825 335552 1 15784229 107281 1.6 14 9 5 11 47% 36218 11833 2628 124%
c - 1661.65 49 11 98 826 335961 1 15812951 108128 1.6 14 9 5 11 47% 36218 11833 2628 124%
c u 1664.90 49 11 98 826 336314 1 15833490 117786 1.6 14 9 5 11 47% 36218 11833 2628 124%
c v 1666.46 49 11 98 826 336314 1 15833490 110869 1.6 14 9 5 11 47% 36218 11833 2628 124%
c w 1667.02 49 11 98 826 336314 1 15833490 110439 1.6 14 9 5 11 47% 36218 11833 2628 124%
c - 1667.77 49 11 98 827 336369 1 15841692 98019 1.6 14 9 5 11 47% 36218 11833 2628 124%
c - 1670.30 49 11 98 828 337011 1 15870452 99850 1.6 14 9 5 11 46% 36218 11833 2628 124%
c - 1672.98 49 11 98 829 337886 1 15899228 102308 1.6 14 9 5 11 47% 36218 11833 2628 124%
c - 1675.63 49 11 98 830 338727 1 15928021 102996 1.6 14 9 5 11 47% 36218 11833 2628 124%
c - 1678.16 49 11 98 831 339231 1 15956831 102728 1.6 14 9 5 11 47% 36218 11833 2628 124%
c
c   seconds    switched       rate             size/glue tier1     binary         remaining
c           MB   reductions      conflicts           size  tier2       irredundant
c            level      restarts         redundant     glue    trail         variables
c
c - 1680.73 49 11 98 832 339871 1 15985660 102100 1.6 14 9 5 11 47% 36218 11833 2628 124%
c - 1683.32 49 11 98 833 340615 1 16014506 102740 1.6 14 9 5 11 47% 36218 11833 2628 124%
c - 1686.02 49 11 98 834 341509 1 16043367 104204 1.6 14 9 5 11 47% 36218 11833 2628 124%
c } 1686.46 49 11 99 834 341647 1 16048299 107855 1.6 13 9 5 11 47% 36218 11833 2628 124%
c [ 1686.46 49 19 99 834 341647 1 16048299 107855 1.9 24 12 6 15 48% 36218 11833 2628 124%
c I 1686.46 49 19 99 834 341647 1 16048299 107855 1.9 24 12 6 15 48% 36218 11833 2628 124%
c - 1688.61 49 21 99 835 341660 1 16072246 102499 2.0 25 13 6 15 48% 36218 11833 2628 124%
c - 1691.76 49 23 99 836 341674 1 16101142 97255 2.0 26 13 6 15 48% 36218 11833 2628 124%
c - 1695.15 49 24 99 837 341677 1 16130055 95238 2.0 27 14 6 15 48% 36218 11833 2628 124%
c - 1698.66 49 24 99 838 341692 1 16158987 96550 2.0 28 14 6 15 48% 36218 11833 2628 124%
c - 1702.20 49 24 99 839 341707 1 16187935 98984 1.9 28 14 6 15 47% 36218 11833 2628 124%
c - 1705.55 49 24 99 840 341709 1 16216900 101006 1.9 28 14 6 15 48% 36218 11833 2628 124%
c - 1708.87 49 23 99 841 341710 1 16245883 105128 2.0 28 14 6 15 48% 36218 11833 2628 124%
c u 1711.40 49 22 99 841 341716 1 16254400 109199 2.0 27 14 6 15 48% 36218 11833 2628 124%
c v 1713.27 49 22 99 841 341716 1 16254400 107987 2.0 27 14 6 15 48% 36218 11833 2628 124%
c w 1713.93 49 22 99 841 341716 1 16254400 103088 2.0 27 14 6 15 48% 36218 11833 2628 124%
c o 1716.22 49 22 99 841 341716 1 16254400 103088 2.0 27 14 6 15 48% 36218 11833 2628 124%
c - 1718.18 49 27 99 842 341724 1 16274883 100009 1.9 28 15 6 15 48% 36218 11833 2628 124%
c - 1721.11 49 25 99 843 341739 1 16303902 106715 1.9 26 14 6 15 48% 36218 11833 2628 124%
c - 1724.30 49 23 99 844 341745 1 16332939 111059 1.9 25 13 6 15 48% 36218 11833 2628 124%
c
c   seconds    switched       rate             size/glue  tier1     binary         remaining
c           MB   reductions      conflicts           size   tier2       irredundant
c            level      restarts         redundant      glue    trail         variables
c
c - 1727.65 49 22 99 845 341758 1 16361991 110232 1.9 24 13 6 15 48% 36218 11833 2628 124%
c - 1731.29 49 22 99 846 341770 1 16391060 107616 1.8 24 13 6 15 48% 36218 11833 2628 124%
c - 1734.74 49 21 99 847 341772 1 16420147 110290 1.8 23 13 6 15 47% 36218 11833 2628 124%
c ] 1736.91 49 20 100 847 341772 1 16438240 126475 1.8 23 13 6 15 47% 36218 11833 2628 124%
c { 1736.91 49 11 100 847 341772 1 16438240 126475 1.6 13 9 5 11 47% 36218 11833 2628 124%
c - 1738.29 49 12 100 848 343642 2 16449251 114342 1.6 14 9 5 11 47% 36218 11833 2628 124%
c - 1741.65 49 15 100 849 347893 2 16478371 115529 1.5 15 10 5 11 47% 36218 11833 2628 124%
c - 1744.70 49 16 100 850 350275 3 16507508 114269 1.6 15 10 5 11 47% 36218 11833 2628 124%
c - 1747.57 49 17 100 851 352074 3 16536662 113728 1.6 16 10 5 11 47% 36218 11833 2628 124%
c - 1750.31 49 17 100 852 353256 3 16565833 113707 1.6 16 10 5 11 47% 36218 11833 2628 124%
c - 1753.16 49 17 100 853 354615 3 16595024 113909 1.6 16 10 5 11 47% 36218 11833 2628 124%
c - 1755.99 49 18 100 854 356126 3 16624230 113982 1.6 16 10 5 11 47% 36218 11833 2628 124%
c - 1758.76 49 18 100 855 357438 3 16653453 114031 1.6 17 10 5 11 47% 36218 11833 2628 124%
c u 1762.37 49 18 100 855 358291 3 16681318 134846 1.6 17 10 5 11 46% 36218 11833 2628 124%
c v 1763.59 49 18 100 855 358291 3 16681318 130642 1.6 17 10 5 11 46% 36218 11833 2628 124%
c w 1764.02 49 18 100 855 358291 3 16681318 130232 1.6 17 10 5 11 46% 36218 11833 2628 124%
c - 1764.43 49 18 100 856 358379 3 16682694 106676 1.6 17 10 5 11 46% 36218 11833 2628 124%
c - 1767.03 49 18 100 857 359224 2 16711951 108096 1.6 17 10 5 11 46% 36218 11833 2628 124%
c - 1769.67 49 18 100 858 359948 2 16741228 110270 1.7 17 10 5 11 46% 36218 11833 2628 124%
c - 1772.41 49 18 100 859 361137 2 16770519 110865 1.7 17 10 5 11 46% 36218 11833 2628 124%
c
c   seconds    switched        rate             size/glue  tier1     binary         remaining
c           MB    reductions      conflicts           size   tier2       irredundant
c            level       restarts         redundant      glue    trail         variables
c
c - 1775.10 49 18 100 860 361980 2 16799828 111134 1.7 17 10 5 11 47% 36218 11833 2628 124%
c o 1775.64 49 18 100 860 362135 2 16806151 116763 1.7 17 10 5 11 47% 36218 11833 2628 124%
c - 1777.82 49 18 100 861 363172 2 16829153 111653 1.7 17 10 5 11 46% 36218 11833 2628 124%
c - 1780.47 49 18 100 862 364035 2 16858495 111182 1.7 17 10 5 11 46% 36218 11833 2628 124%
c - 1783.14 49 18 100 863 364996 2 16887856 110443 1.7 17 10 5 11 46% 36218 11833 2628 124%
c - 1785.85 49 18 100 864 366109 2 16917233 109809 1.7 17 10 5 11 46% 36218 11833 2628 124%
c } 1786.97 49 18 101 864 366470 2 16929939 121168 1.7 17 10 5 11 46% 36218 11833 2628 124%
c [ 1786.97 49 20 101 864 366470 1 16929939 121168 1.8 23 13 6 15 47% 36218 11833 2628 124%
c B 1786.97 49 20 101 864 366470 1 16929939 121168 1.8 23 13 6 15 47% 36218 11833 2628 124%
c - 1788.51 49 22 101 865 366480 1 16946631 104784 1.8 24 13 6 15 47% 36218 11833 2628 124%
c - 1791.30 49 24 101 866 366492 1 16976042 94366 1.8 26 14 6 15 47% 36218 11833 2628 124%
c - 1794.23 49 25 101 867 366500 1 17005469 87901 1.8 28 15 6 15 47% 36218 11833 2628 124%
c - 1797.45 49 26 101 868 366514 1 17034913 85448 1.8 28 16 6 15 46% 36218 11833 2628 124%
c caught signal 15 (SIGTERM)
c
c ---- [ profiling ] ---------------------------------------------------------
c
c        1606.25   89.25 %  search
c         826.94   45.95 %  focused
c         779.31   43.30 %  stable
c         193.38   10.74 %  simplify
c         157.47    8.75 %  probe
c         135.54    7.53 %  vivify
c          35.78    1.99 %  walking
c          17.94    1.00 %  sweep
c          15.93    0.89 %  reduce
c           2.13    0.12 %  substitute
c           1.31    0.07 %  transitive
c           0.26    0.01 %  factor
c           0.26    0.01 %  eliminate
c           0.21    0.01 %  backbone
c           0.14    0.01 %  preprocess
c           0.07    0.00 %  congruence
c           0.03    0.00 %  subsume
c           0.01    0.00 %  fastel
c           0.01    0.00 %  parse
c           0.00    0.00 %  lucky
c =============================================
c        1799.78  100.00 %  total
c
c ---- [ statistics ] --------------------------------------------------------
c
c chronological:                           36                0 %  conflicts
c conflicts:                         17058167             9477.93 per second
c decisions:                         34054073                2.00 per conflict
c eliminated:                            6478              305 %  variables
c factored:                              6994              330 %  variables
c fast_eliminated:                       2218               34 %  eliminated
c fast_strengthened:                        4                0 %  per strengthened
c propagations:                    5938143699          3299376    per second
c reductions:                             868            19652    interval
c reordered:                               56           304610    interval
c rephased:                                64           266534    interval
c restarts:                            366524               47    interval
c strengthened:                          5592                1 %  checks
c switched:                               101           168893    interval
c vivified:                            845447               61 %  checks
c walks:                                   21           812294    interval
c
c ---- [ proof ] -------------------------------------------------------------
c
c proof_added:                       17499354               50 %  per line
c proof_bytes:                     1576009728             1503 MB 
c proof_deleted:                     17428385               50 %  per line
c
c ---- [ glue usage ] --------------------------------------------------------
c
c focused glue 5   used  950134 clauses  4.39% accumulated 51.94% tier1
c focused glue 6   used 1068202 clauses  4.94% accumulated 56.88%
c focused glue 7-9 used 4784784 clauses 22.12% accumulated 79.00%
c focused glue 10  used 1477964 clauses  6.83% accumulated 85.83%
c focused glue 11  used 1053508 clauses  4.87% accumulated 90.70% tier2
c
c stable glue 6    used 1971983 clauses  6.35% accumulated 55.16% tier1
c stable glue 7    used 1700963 clauses  5.47% accumulated 60.63%
c stable glue 8-13 used 7929015 clauses 25.52% accumulated 86.15%
c stable glue 14   used  824446 clauses  2.65% accumulated 88.80%
c stable glue 15   used  681946 clauses  2.19% accumulated 91.00% tier2
c
c ---- [ resources ] ---------------------------------------------------------
c
c maximum-resident-set-size:         70373376 bytes         67 MB
c process-time:                            30m            1799.78 seconds
c raising signal 15 (SIGTERM)
