c ---- [ banner ] ------------------------------------------------------------
c
c Kissat SAT Solver
c 
c Copyright (c) 2021-2024 Armin Biere University of Freiburg
c Copyright (c) 2019-2021 Armin Biere Johannes Kepler University Linz
c 
c Version 4.0.0 unknown
c gcc (Ubuntu 13.3.0-6ubuntu2~24.04.1) 13.3.0 -W -Wall -O3 -DNDEBUG
c Mon Aug 3 21:56:23 UTC 2026 Linux runnervmvrwv9 6.17.0-1020-azure x86_64
c
c ---- [ proving ] -----------------------------------------------------------
c
c opened and writing proof to DRAT file:
c
c   borsuk_11_k6_q00r00_sixth_base_colorability_screen/work/results/q00r00-s013/q00r00-s013.drat
c
c ---- [ parsing ] -----------------------------------------------------------
c
c opened and reading DIMACS file:
c
c   borsuk_11_k6_q00r00_sixth_base_colorability_screen/work/input/instances/cases/q00r00-s013/q00r00-s013_12color.cnf
c
c parsed 'p cnf 2069 79588' header
c closing input after reading 1040381 bytes (1016 KB)
c finished parsing after 0.01 seconds
c
c ---- [ solving ] -----------------------------------------------------------
c
c  seconds switched rate     size/glue tier1  binary       remaining
c         MB reductions conflicts size  tier2    irredundant
c          level restarts redundant glue  trail       variables
c
c *  0.01  5 0 0 0  0 0   0   0 0.0 0 0 0 0 0% 79291 287 2059 100%
c (  0.01  5 0 0 0  0 0   0   0 0.0 0 0 0 0 0% 79291 287 2059 100%
c .  0.01  5 0 0 0  0 0   0   0 0.0 0 0 0 0 0% 79291 287 2059 100%
c f  0.15  7 0 0 0  0 0   0   0 0.0 0 0 0 0 0% 33932 287 6715 325%
c e  0.16  7 0 0 0  0 0   0   0 0.0 0 0 0 0 0% 35566 1042 4536 219%
c )  0.16  7 0 0 0  0 0   0   0 0.0 0 0 0 0 0% 35566 1042 4536 219%
c {  0.16  7 0 0 0  0 0   0   0 0.0 0 0 2 6 0% 35566 1042 4536 219%
c -  0.19  7 23 0 1 52 3 1000 743 1.6 18 12 11 15 38% 35566 1042 4536 219%
c }  0.19  7 23 1 1 52 3 1000 743 1.6 18 12 11 15 38% 35566 1042 4536 219%
c [  0.19  7 0 1 1 52 0 1000 743 0.0 0 0 2 6 0% 35566 1042 4536 219%
c B  0.19  7 22 1 1 52 4 1001 744 1.6 14 9 2 6 38% 35566 1042 4536 219%
c ]  0.22  7 17 2 1 52 1 1997 1679 1.8 18 10 2 6 37% 35566 1042 4536 219%
c {  0.22  7 23 2 1 52 3 1997 1679 1.6 18 12 11 15 38% 35566 1042 4536 219%
c -  0.22  7 23 2 2 52 3 2000 1478 1.6 18 12 11 15 38% 35566 1042 4536 219%
c u  0.25  7 22 2 2 52 2 2587 1945 1.6 18 12 11 15 38% 35566 1042 4536 219%
c v  0.26  7 22 2 2 52 2 2587 1904 1.6 18 12 11 15 38% 35566 1042 4536 219%
c w  0.26  7 22 2 2 52 2 2587 1902 1.6 18 12 11 15 38% 35566 1042 4536 219%
c f  0.28  8 22 2 2 52 2 2587 1902 1.6 18 12 11 15 38% 32723 1042 6457 312%
c u  0.30  8 22 2 2 52 2 2587 1897 1.6 18 12 11 15 38% 32723 1042 6457 312%
c v  0.31  8 22 2 2 52 2 2587 1894 1.6 18 12 11 15 38% 32723 1042 6457 312%
c
c  seconds  switched rate       size/glue  tier1      binary        remaining
c         MB reductions conflicts     size    tier2      irredundant
c          level restarts  redundant     glue     trail        variables
c
c w  0.31  8 22 2 2 52 2 2587 1894 1.6 18 12 11 15 38% 32723 1042 6457 312%
c }  0.36  8 20 3 2 53 2 2998 2303 1.7 19 11 11 15 36% 32723 1042 6457 312%
c [  0.36  8 17 3 2 53 1 2998 2303 1.8 18 10 2 6 37% 32723 1042 6457 312%
c W  0.36  8 17 3 2 53 1 2998 2303 1.8 18 10 2 6 37% 32723 1042 6457 312%
c -  0.38  8 17 3 3 53 1 3415 2558 1.8 19 11 10 13 36% 32723 1042 6457 312%
c ]  0.40  8 17 4 3 53 1 3865 2985 1.8 19 11 10 13 35% 32723 1042 6457 312%
c {  0.40  8 20 4 3 53 2 3865 2985 1.7 19 11 11 15 36% 32723 1042 6457 312%
c -  0.44  8 22 4 4 102 3 5147 3875 1.7 19 11 10 14 33% 32723 1042 6457 312%
c }  0.49  8 23 5 4 172 3 6217 4893 1.7 19 11 10 14 32% 32723 1042 6457 312%
c [  0.49  8 17 5 4 172 1 6217 4893 1.8 19 11 10 13 35% 32723 1042 6457 312%
c I  0.49  8 17 5 4 172 1 6217 4893 1.8 19 11 10 13 35% 32723 1042 6457 312%
c -  0.53  9 31 5 5 172 1 7149 5120 1.7 23 13 10 18 32% 32723 1042 6457 312%
c u  0.59 11 33 5 5 173 1 7996 5936 1.7 24 14 10 20 31% 32723 1042 6457 312%
c v  0.59 11 33 5 5 173 1 7996 5931 1.7 24 14 10 20 31% 32723 1042 6457 312%
c w  0.60 11 33 5 5 173 1 7996 5923 1.7 24 14 10 20 31% 32723 1042 6457 312%
c ]  0.62 11 33 6 5 174 1 8325 6224 1.7 25 15 10 20 31% 32723 1042 6457 312%
c {  0.62 11 23 6 5 174 3 8325 6224 1.7 19 11 10 14 32% 32723 1042 6457 312%
c -  0.67 11 28 6 6 226 3 9385 6385 1.7 20 11 10 14 32% 32723 1042 6457 312%
c o  0.71 10 31 6 6 259 4 10451 7405 1.8 20 11 10 14 31% 32723 1042 6457 312%
c -  0.77 10 35 6 7 374 4 11834 7862 1.8 20 11 10 14 31% 32723 1042 6457 312%
c
c  seconds  switched  rate        size/glue  tier1      binary        remaining
c         MB reductions conflicts       size    tier2      irredundant
c          level restarts    redundant     glue     trail        variables
c
c }  0.79 10 36 7 7 392 5 12395 8386 1.8 20 11 10 14 31% 32723 1042 6457 312%
c [  0.79 10 33 7 7 392 1 12395 8386 1.7 25 15 10 20 31% 32723 1042 6457 312%
c B  0.79 10 33 7 7 392 1 12395 8386 1.7 25 15 10 20 31% 32723 1042 6457 312%
c e  0.83  9 34 7 7 392 1 12929 8905 1.7 25 15 10 20 31% 29547 3623 6093 294%
c ^  0.84  9 34 7 7 392 1 12929 8905 1.7 25 15 10 20 31% 29547 3623 6093 294%
c -  0.91  9 31 7 8 394 1 14480 3339 1.7 25 15 11 21 31% 29547 3623 6093 294%
c ]  0.98  8 29 8 8 394 1 15971 4732 1.7 24 14 11 21 30% 29547 3623 6093 294%
c {  0.98  8 36 8 8 394 5 15971 4732 1.8 20 11 10 14 31% 29547 3623 6093 294%
c u  1.02  9 35 8 8 409 4 16395 5078 1.7 20 11 10 14 30% 29547 3623 6093 294%
c v  1.03  9 35 8 8 409 4 16395 5011 1.7 20 11 10 14 30% 29547 3623 6093 294%
c w  1.04  9 35 8 8 409 4 16395 4732 1.7 20 11 10 14 30% 29547 3623 6093 294%
c -  1.10  9 35 8 9 507 5 17308 5423 1.7 20 11 10 14 30% 29547 3623 6093 294%
c -  1.24 10 32 8 10 677 4 20308 7582 1.7 20 11 10 14 30% 29547 3623 6093 294%
c }  1.32 10 30 9 10 677 4 22131 9167 1.7 19 11 10 14 29% 29547 3623 6093 294%
c [  1.32 10 29 9 10 677 1 22131 9167 1.7 24 14 11 21 30% 29547 3623 6093 294%
c W  1.33  9 29 9 10 677 1 22131 9167 1.7 24 14 11 21 30% 29547 3623 6093 294%
c o  1.33  9 29 9 10 677 1 22131 9167 1.7 24 14 11 21 30% 29547 3623 6093 294%
c -  1.38  9 40 9 11 678 1 23471 8961 1.5 25 16 11 23 31% 29547 3623 6093 294%
c e  1.52 10 35 9 11 679 1 25946 11244 1.6 24 15 11 22 30% 29404 4770 4819 233%
c ^  1.52 10 35 9 11 679 1 25946 11244 1.6 24 15 11 22 30% 29404 4770 4819 233%
c
c  seconds  switched   rate        size/glue  tier1      binary        remaining
c         MB  reductions conflicts       size    tier2      irredundant
c          level  restarts    redundant     glue     trail        variables
c
c -  1.56 10 33 9 12 680 1 26788 8780 1.6 23 15 11 20 31% 29404 4770 4819 233%
c u  1.65 10 32 9 12 681 1 27980 9750 1.6 23 14 11 20 31% 29404 4770 4819 233%
c v  1.67 11 32 9 12 681 1 27980 9294 1.6 23 14 11 20 31% 29404 4770 4819 233%
c w  1.68 11 32 9 12 681 1 27980 9068 1.6 23 14 11 20 31% 29404 4770 4819 233%
c f  1.79 11 32 9 12 681 1 27980 9068 1.6 23 14 11 20 31% 29242 4766 4874 236%
c u  1.81 11 32 9 12 681 1 27980 9009 1.6 23 14 11 20 31% 29242 4766 4874 236%
c v  1.82 11 32 9 12 681 1 27980 8811 1.6 23 14 11 20 31% 29242 4766 4874 236%
c w  1.83 11 32 9 12 681 1 27980 8794 1.6 23 14 11 20 31% 29242 4766 4874 236%
c x  1.84 11 32 9 12 681 1 27980 8794 1.6 23 14 11 20 31% 29242 4766 4874 236%
c ]  1.87 11 32 10 12 682 1 28458 9252 1.6 23 14 11 20 31% 29242 4766 4874 236%
c {  1.87 11 30 10 12 682 4 28458 9252 1.7 19 11 10 14 29% 29242 4766 4874 236%
c -  1.95 11 29 10 13 755 4 30252 9440 1.7 19 11 9 13 30% 29242 4766 4874 236%
c -  2.12 11 28 10 14 967 4 33859 11590 1.7 19 11 9 13 30% 29242 4766 4874 236%
c }  2.26 11 26 11 14 1061 4 37085 14625 1.7 19 11 9 13 31% 29242 4766 4874 236%
c [  2.26 11 32 11 14 1061 1 37085 14625 1.6 23 14 11 20 31% 29242 4766 4874 236%
c O  2.26 11 32 11 14 1061 1 37085 14625 1.6 23 14 11 20 31% 29242 4766 4874 236%
c -  2.29 11 31 11 15 1061 1 37601 13300 1.6 23 14 11 19 31% 29242 4766 4874 236%
c -  2.47 12 28 11 16 1064 1 41476 14846 1.7 23 14 10 18 32% 29242 4766 4874 236%
c u  2.58 14 27 11 16 1065 1 42872 15678 1.7 23 13 10 18 33% 29242 4766 4874 236%
c v  2.61 14 27 11 16 1065 1 42872 14492 1.7 23 13 10 18 33% 29242 4766 4874 236%
c
c  seconds   switched    rate         size/glue  tier1      binary        remaining
c         MB   reductions  conflicts        size    tier2      irredundant
c          level    restarts     redundant     glue     trail        variables
c
c w  2.62 14 27 11 16 1065 1 42872 14045 1.7 23 13 10 18 33% 29242 4766 4874 236%
c o  2.63 14 27 11 16 1065 1 42872 14045 1.7 23 13 10 18 33% 29242 4766 4874 236%
c -  2.75 13 28 11 17 1067 1 45477 14427 1.7 23 14 10 18 33% 29242 4766 4874 236%
c ]  2.75 13 28 12 17 1067 1 45477 14427 1.7 23 14 10 18 33% 29242 4766 4874 236%
c {  2.75 13 26 12 17 1067 4 45477 14427 1.7 19 11 9 13 31% 29242 4766 4874 236%
c -  2.95 14 26 12 18 1211 4 49602 16813 1.8 19 11 9 13 31% 29242 4766 4874 236%
c -  3.15 14 25 12 19 1355 3 53844 18756 1.8 19 11 9 13 31% 29242 4766 4874 236%
c e  3.18 13 24 12 19 1355 3 54107 18973 1.8 19 11 9 13 31% 29311 5533 4328 209%
c ^  3.19 13 24 12 19 1355 3 54107 18973 1.8 19 11 9 13 31% 29311 5533 4328 209%
c }  3.32 14 25 13 19 1560 3 56957 17929 1.8 19 11 9 13 32% 29311 5533 4328 209%
c [  3.32 14 28 13 19 1560 1 56957 17929 1.7 23 14 10 18 33% 29311 5533 4328 209%
c B  3.32 14 28 13 19 1560 1 56957 17929 1.7 23 14 10 18 33% 29311 5533 4328 209%
c -  3.39 14 29 13 20 1561 1 58203 17287 1.7 23 14 10 18 33% 29311 5533 4328 209%
c u  3.58 15 28 13 20 1563 1 61196 20104 1.7 24 14 10 18 34% 29311 5533 4328 209%
c v  3.62 15 28 13 20 1563 1 61196 20094 1.7 24 14 10 18 34% 29311 5533 4328 209%
c w  3.63 15 28 13 20 1563 1 61196 19999 1.7 24 14 10 18 34% 29311 5533 4328 209%
c f  3.65 13 28 13 20 1563 1 61196 19999 1.7 24 14 10 18 34% 29308 5515 4332 209%
c u  3.70 14 28 13 20 1563 1 61196 19802 1.7 24 14 10 18 34% 29308 5515 4332 209%
c v  3.73 14 28 13 20 1563 1 61196 19769 1.7 24 14 10 18 34% 29308 5515 4332 209%
c w  3.75 15 28 13 20 1563 1 61196 19730 1.7 24 14 10 18 34% 29308 5515 4332 209%
c
c  seconds   switched    rate         size/glue  tier1      binary        remaining
c         MB   reductions  conflicts        size    tier2      irredundant
c          level    restarts     redundant     glue     trail        variables
c
c -  3.93 14 28 13 21 1564 1 62675 19127 1.7 24 14 10 18 34% 29308 5515 4332 209%
c -  4.18 14 27 13 22 1566 1 67258 21231 1.7 24 14 10 18 34% 29308 5515 4332 209%
c ]  4.19 14 27 14 22 1566 1 67526 21491 1.7 24 14 10 18 35% 29308 5515 4332 209%
c {  4.19 14 25 14 22 1566 3 67526 21491 1.8 19 11 9 13 32% 29308 5515 4332 209%
c -  4.43 14 24 14 23 1891 3 71948 23014 1.8 19 11 9 13 32% 29308 5515 4332 209%
c o  4.50 15 24 14 23 1963 3 73428 24406 1.8 19 11 9 13 32% 29308 5515 4332 209%
c -  4.65 15 24 14 24 2032 3 76744 24259 1.8 19 11 9 13 32% 29308 5515 4332 209%
c -  4.87 15 23 14 25 2161 3 81648 26019 1.8 19 11 9 13 32% 29308 5515 4332 209%
c }  4.90 14 23 15 25 2161 3 82241 26522 1.8 19 11 9 13 32% 29308 5515 4332 209%
c [  4.90 14 27 15 25 2161 1 82241 26522 1.7 24 14 10 18 35% 29308 5515 4332 209%
c W  4.92 12 27 15 25 2161 1 82241 26522 1.7 24 14 10 18 35% 29308 5515 4332 209%
c u  5.00 15 27 15 25 2161 1 83042 27249 1.7 24 14 10 18 35% 29308 5515 4332 209%
c v  5.03 16 27 15 25 2161 1 83042 27089 1.7 24 14 10 18 35% 29308 5515 4332 209%
c w  5.04 16 27 15 25 2161 1 83042 27048 1.7 24 14 10 18 35% 29308 5515 4332 209%
c x  5.06 16 27 15 25 2161 1 83042 27047 1.7 24 14 10 18 35% 29308 5515 4332 209%
c -  5.27 15 26 15 26 2164 1 86648 27795 1.7 24 14 10 18 35% 29308 5515 4332 209%
c -  5.55 16 25 15 27 2167 1 91747 29820 1.7 24 14 10 17 36% 29308 5515 4332 209%
c ]  5.76 16 25 16 27 2168 1 95327 33038 1.7 24 14 10 17 36% 29308 5515 4332 209%
c {  5.76 16 23 16 27 2168 3 95327 33038 1.8 19 11 9 13 32% 29308 5515 4332 209%
c -  5.86 16 23 16 28 2373 3 96943 31571 1.8 19 11 9 13 33% 29308 5515 4332 209%
c
c  seconds   switched    rate         size/glue  tier1     binary        remaining
c         MB   reductions  conflicts        size   tier2      irredundant
c          level    restarts     redundant     glue    trail        variables
c
c e  6.03 14 23 16 28 2599 3 99403 33895 1.8 19 11 9 13 33% 30491 6916 3518 170%
c ^  6.03 14 23 16 28 2599 3 99403 33895 1.8 19 11 9 13 33% 30491 6916 3518 170%
c -  6.17 16 23 16 29 2722 3 102234 25056 1.7 19 11 9 13 33% 30491 6916 3518 170%
c -  6.44 16 23 16 30 3006 3 107620 27834 1.8 19 11 9 13 34% 30491 6916 3518 170%
c u  6.55 17 23 16 30 3153 3 108572 28523 1.8 19 11 9 13 34% 30491 6916 3518 170%
c v  6.60 17 23 16 30 3153 3 108572 28191 1.8 19 11 9 13 34% 30491 6916 3518 170%
c w  6.62 17 23 16 30 3153 3 108572 28145 1.8 19 11 9 13 34% 30491 6916 3518 170%
c f  6.65 14 23 16 30 3153 3 108572 28145 1.8 19 11 9 13 34% 30482 6915 3519 170%
c u  6.72 16 23 16 30 3153 3 108572 27909 1.8 19 11 9 13 34% 30482 6915 3519 170%
c v  6.77 16 23 16 30 3153 3 108572 27735 1.8 19 11 9 13 34% 30482 6915 3519 170%
c w  6.78 16 23 16 30 3153 3 108572 27689 1.8 19 11 9 13 34% 30482 6915 3519 170%
c -  7.03 16 23 16 31 3569 3 113097 29898 1.7 19 11 9 13 34% 30482 6915 3519 170%
c }  7.06 16 23 17 31 3594 3 113664 30409 1.7 19 11 9 13 35% 30482 6915 3519 170%
c [  7.06 16 25 17 31 3594 1 113664 30409 1.7 24 14 10 17 36% 30482 6915 3519 170%
c I  7.06 16 25 17 31 3594 1 113664 30409 1.7 24 14 10 17 36% 30482 6915 3519 170%
c o  7.06 16 25 17 31 3594 1 113664 30409 1.7 24 14 10 17 36% 30482 6915 3519 170%
c -  7.31 16 40 17 32 3597 1 118665 31262 1.6 26 16 10 18 37% 30482 6915 3519 170%
c -  7.62 17 40 17 33 3600 1 124321 31802 1.6 27 17 10 19 37% 30482 6915 3519 170%
c -  7.96 16 39 17 34 3603 1 130065 33520 1.6 27 17 10 20 37% 30482 6915 3519 170%
c ]  8.03 16 39 18 34 3605 1 131143 34552 1.6 27 17 10 20 37% 30482 6915 3519 170%
c
c  seconds   switched    rate          size/glue  tier1     binary        remaining
c         MB   reductions  conflicts         size   tier2      irredundant
c          level    restarts      redundant     glue    trail        variables
c
c {  8.03 16 23 18 34 3605 3 131143 34552 1.7 19 11 9 13 35% 30482 6915 3519 170%
c -  8.26 17 22 18 35 3617 3 135895 35710 1.7 18 11 9 13 35% 30482 6915 3519 170%
c u  8.44 20 22 18 35 3631 3 137724 37047 1.7 18 11 9 13 35% 30482 6915 3519 170%
c v  8.50 20 22 18 35 3631 3 137724 36740 1.7 18 11 9 13 35% 30482 6915 3519 170%
c w  8.52 20 22 18 35 3631 3 137724 36717 1.7 18 11 9 13 35% 30482 6915 3519 170%
c -  8.75 16 21 18 36 3631 3 141812 37136 1.7 18 10 9 13 35% 30482 6915 3519 170%
c -  9.06 17 20 18 37 3631 3 147812 39402 1.7 18 10 9 12 36% 30482 6915 3519 170%
c }  9.35 17 19 19 37 3638 3 153488 44222 1.7 18 10 9 12 36% 30482 6915 3519 170%
c [  9.35 17 39 19 37 3638 1 153488 44222 1.6 27 17 10 20 37% 30482 6915 3519 170%
c B  9.35 17 39 19 37 3638 1 153488 44222 1.6 27 17 10 20 37% 30482 6915 3519 170%
c -  9.38 17 39 19 38 3638 1 153894 42043 1.6 27 17 10 20 37% 30482 6915 3519 170%
c -  9.73 19 39 19 39 3643 1 160059 44237 1.6 28 17 10 20 38% 30482 6915 3519 170%
c e  9.96 17 38 19 39 3644 1 163463 47412 1.6 27 17 10 20 38% 32438 8673 2937 142%
c ^  9.96 17 38 19 39 3644 1 163463 47412 1.6 27 17 10 20 38% 32438 8673 2937 142%
c - 10.13 18 37 19 40 3645 1 166303 31624 1.6 27 16 10 20 38% 32438 8673 2937 142%
c u 10.45 18 35 19 40 3648 1 170723 35409 1.7 27 16 10 20 39% 32438 8673 2937 142%
c v 10.52 18 35 19 40 3648 1 170723 34620 1.7 27 16 10 20 39% 32438 8673 2937 142%
c w 10.55 18 35 19 40 3648 1 170723 32874 1.7 27 16 10 20 39% 32438 8673 2937 142%
c f 10.88 19 35 19 40 3648 1 170723 32874 1.7 27 16 10 20 39% 32439 8655 2938 142%
c u 10.95 22 35 19 40 3648 1 170723 32707 1.7 27 16 10 20 39% 32439 8655 2938 142%
c
c  seconds   switched    rate          size/glue  tier1      binary        remaining
c         MB   reductions  conflicts         size    tier2      irredundant
c          level    restarts      redundant     glue     trail        variables
c
c v 10.99 22 35 19 40 3648 1 170723 32677 1.7 27 16 10 20 39% 32439 8655 2938 142%
c w 11.01 22 35 19 40 3648 1 170723 32666 1.7 27 16 10 20 39% 32439 8655 2938 142%
c x 11.05 22 35 19 40 3648 1 170723 32665 1.7 27 16 10 20 39% 32439 8655 2938 142%
c o 11.06 22 35 19 40 3648 1 170723 32665 1.7 27 16 10 20 39% 32439 8655 2938 142%
c - 11.17 22 35 19 41 3650 1 172627 32879 1.7 27 16 10 19 39% 32439 8655 2938 142%
c W 11.27 18 35 19 41 3651 1 174401 34575 1.7 26 16 10 19 40% 32439 8655 2938 142%
c ] 11.28 18 35 20 41 3651 1 174590 34762 1.7 26 16 10 19 40% 32439 8655 2938 142%
c { 11.28 18 19 20 41 3651 3 174590 34762 1.7 18 10 9 12 36% 32439 8655 2938 142%
c - 11.49 18 19 20 42 3763 3 179031 36714 1.7 18 10 9 12 37% 32439 8655 2938 142%
c - 11.81 18 19 20 43 4001 3 185511 34177 1.7 17 10 8 12 37% 32439 8655 2938 142%
c - 12.17 18 19 20 44 4680 3 192069 37045 1.7 17 10 9 12 38% 32439 8655 2938 142%
c - 12.56 18 19 20 45 5318 3 198705 40207 1.7 17 10 9 12 39% 32439 8655 2938 142%
c } 12.70 18 19 21 45 5553 3 201329 42697 1.7 17 10 9 12 39% 32439 8655 2938 142%
c [ 12.70 18 35 21 45 5553 1 201329 42697 1.7 26 16 10 19 40% 32439 8655 2938 142%
c O 12.70 18 35 21 45 5553 1 201329 42697 1.7 26 16 10 19 40% 32439 8655 2938 142%
c - 12.90 18 34 21 46 5555 1 205413 42769 1.7 26 16 10 19 40% 32439 8655 2938 142%
c u 13.09 24 33 21 46 5557 1 207461 44295 1.7 26 15 10 19 40% 32439 8655 2938 142%
c v 13.16 24 33 21 46 5557 1 207461 43212 1.7 26 15 10 19 40% 32439 8655 2938 142%
c w 13.19 24 33 21 46 5557 1 207461 42179 1.7 26 15 10 19 40% 32439 8655 2938 142%
c - 13.47 22 32 21 47 5559 1 212195 43054 1.7 26 15 10 19 41% 32439 8655 2938 142%
c
c  seconds   switched    rate          size/glue  tier1      binary        remaining
c         MB   reductions  conflicts         size    tier2      irredundant
c          level    restarts      redundant     glue     trail        variables
c
c - 13.85 22 31 21 48 5564 1 219051 46216 1.7 25 15 10 18 42% 32439 8655 2938 142%
c - 14.26 24 29 21 49 5567 1 225979 49109 1.7 25 15 10 18 42% 32439 8655 2938 142%
c ] 14.30 24 29 22 49 5567 1 226677 49775 1.7 25 14 10 18 42% 32439 8655 2938 142%
c { 14.30 24 19 22 49 5567 3 226677 49775 1.7 17 10 9 12 39% 32439 8655 2938 142%
c o 14.71 24 21 22 49 6654 4 230727 53805 1.7 18 11 9 12 39% 32439 8655 2938 142%
c - 14.95 24 23 22 50 7263 4 232979 50983 1.7 18 11 9 12 39% 32439 8655 2938 142%
c - 15.72 24 26 22 51 9180 5 240050 51558 1.7 19 11 9 12 40% 32439 8655 2938 142%
c - 16.49 24 29 22 52 10802 6 247191 52436 1.7 20 11 9 13 40% 32439 8655 2938 142%
c e 16.61 19 29 22 52 10923 6 247766 53009 1.7 20 11 9 13 40% 35376 10937 2505 121%
c ! 16.62 19 29 22 52 10923 6 247766 53009 1.7 20 11 9 13 40% 35376 10937 2505 121%
c u 16.80 24 29 22 52 11012 6 248177 36001 1.7 20 11 9 13 40% 35376 10937 2505 121%
c v 16.92 24 29 22 52 11012 6 248177 35760 1.7 20 11 9 13 40% 35376 10937 2505 121%
c w 16.97 24 29 22 52 11012 6 248177 35746 1.7 20 11 9 13 40% 35376 10937 2505 121%
c f 17.04 19 29 22 52 11012 6 248177 35746 1.7 20 11 9 13 40% 34859 10871 2538 123%
c u 17.19 22 29 22 52 11012 6 248177 35345 1.7 20 11 9 13 40% 34859 10871 2538 123%
c v 17.30 22 29 22 52 11012 6 248177 35190 1.7 20 11 9 13 40% 34859 10871 2538 123%
c w 17.34 22 29 22 52 11012 6 248177 35174 1.7 20 11 9 13 40% 34859 10871 2538 123%
c - 17.97 22 31 22 53 12290 7 254402 37087 1.7 20 12 9 13 41% 34859 10871 2538 123%
c } 18.32 22 33 23 53 13087 7 258193 40863 1.7 21 12 9 13 41% 34859 10871 2538 123%
c [ 18.32 22 29 23 53 13087 1 258193 40863 1.7 25 14 10 18 42% 34859 10871 2538 123%
c
c  seconds   switched     rate          size/glue  tier1      binary         remaining
c         MB   reductions   conflicts         size    tier2       irredundant
c          level    restarts       redundant     glue     trail         variables
c
c B 18.32 22 29 23 53 13087 1 258193 40863 1.7 25 14 10 18 42% 34859 10871 2538 123%
c - 18.51 22 29 23 54 13089 1 261682 39941 1.7 25 14 10 18 43% 34859 10871 2538 123%
c - 18.93 24 28 23 55 13093 1 269033 42045 1.7 25 14 10 18 43% 34859 10871 2538 123%
c - 19.35 22 28 23 56 13098 1 276449 43385 1.7 25 14 10 17 44% 34859 10871 2538 123%
c - 19.80 24 27 23 57 13101 1 283932 45160 1.8 25 14 10 17 45% 34859 10871 2538 123%
c W 20.17 18 26 23 57 13101 1 289643 50610 1.8 25 14 10 17 45% 34859 10871 2538 123%
c - 20.30 18 26 23 58 13102 1 291482 46797 1.8 25 14 10 17 45% 34859 10871 2538 123%
c u 20.53 21 26 23 58 13103 1 292710 47839 1.8 25 14 10 17 45% 34859 10871 2538 123%
c v 20.65 21 26 23 58 13103 1 292710 47004 1.8 25 14 10 17 45% 34859 10871 2538 123%
c w 20.70 21 26 23 58 13103 1 292710 46041 1.8 25 14 10 17 45% 34859 10871 2538 123%
c - 21.08 21 25 23 59 13107 1 299097 47086 1.8 24 14 10 17 45% 34859 10871 2538 123%
c - 21.55 21 25 23 60 13111 1 306779 48941 1.8 24 13 10 17 46% 34859 10871 2538 123%
c ] 21.89 21 24 24 60 13115 1 312015 53882 1.8 24 13 10 17 46% 34859 10871 2538 123%
c { 21.89 21 33 24 60 13115 7 312015 53882 1.7 21 12 9 13 41% 34859 10871 2538 123%
c o 21.90 21 33 24 60 13120 7 312043 53910 1.7 21 12 9 13 41% 34859 10871 2538 123%
c - 22.05 21 32 24 61 13158 7 314524 51058 1.7 21 12 9 13 41% 34859 10871 2538 123%
c - 22.49 21 31 24 62 13204 6 322337 53198 1.8 21 12 9 13 42% 34859 10871 2538 123%
c - 22.91 21 30 24 63 13277 6 330213 55583 1.8 20 12 9 13 43% 34859 10871 2538 123%
c - 23.35 21 28 24 64 13354 5 338153 58304 1.8 20 11 9 13 43% 34859 10871 2538 123%
c u 23.68 22 28 24 64 13382 5 341350 60779 1.8 20 11 9 13 43% 34859 10871 2538 123%
c
c  seconds   switched     rate          size/glue  tier1     binary         remaining
c         MB   reductions   conflicts         size   tier2       irredundant
c          level    restarts       redundant     glue    trail         variables
c
c v 23.79 22 28 24 64 13382 5 341350 59901 1.8 20 11 9 13 43% 34859 10871 2538 123%
c w 23.83 22 28 24 64 13382 5 341350 59732 1.8 20 11 9 13 43% 34859 10871 2538 123%
c - 24.57 22 27 24 65 13402 5 346154 60449 1.8 20 11 9 13 43% 34859 10871 2538 123%
c } 24.70 22 27 25 65 13428 5 348692 62848 1.8 20 11 9 13 44% 34859 10871 2538 123%
c [ 24.70 22 24 25 65 13428 1 348692 62848 1.8 24 13 10 17 46% 34859 10871 2538 123%
c I 24.70 22 24 25 65 13428 1 348692 62848 1.8 24 13 10 17 46% 34859 10871 2538 123%
c e 24.96 22 25 25 65 13431 1 353576 67612 1.8 25 13 10 17 46% 34875 10871 2537 123%
c - 25.02 23 25 25 66 13432 1 354216 63295 1.8 25 13 10 17 46% 34875 10871 2537 123%
c - 25.49 23 25 25 67 13436 1 362342 66102 1.9 25 13 9 17 47% 34875 10871 2537 123%
c - 26.06 23 24 25 68 13441 1 370527 68620 1.9 25 13 9 17 47% 34875 10871 2537 123%
c - 26.60 24 24 25 69 13442 1 378774 70032 1.9 25 13 9 17 47% 34875 10871 2537 123%
c ] 26.69 24 24 26 69 13442 1 380094 71293 1.9 25 13 9 17 47% 34875 10871 2537 123%
c { 26.69 24 27 26 69 13442 5 380094 71293 1.8 20 11 9 13 44% 34875 10871 2537 123%
c - 27.12 24 26 26 70 13518 5 387081 72541 1.8 20 11 9 13 44% 34875 10871 2537 123%
c o 27.47 24 26 26 70 13597 5 393328 78255 1.8 20 11 9 13 44% 34875 10871 2537 123%
c u 27.66 24 26 26 70 13614 5 394177 78866 1.8 20 11 9 13 44% 34875 10871 2537 123%
c v 27.76 24 26 26 70 13614 5 394177 78806 1.8 20 11 9 13 44% 34875 10871 2537 123%
c w 27.80 24 26 26 70 13614 5 394177 78718 1.8 20 11 9 13 44% 34875 10871 2537 123%
c - 28.00 30 26 26 71 13664 5 395448 75047 1.8 20 11 9 13 44% 34875 10871 2537 123%
c - 28.48 32 25 26 72 13775 4 403875 77496 1.8 19 11 9 13 44% 34875 10871 2537 123%
c
c  seconds   switched     rate          size/glue  tier1     binary         remaining
c         MB   reductions   conflicts         size   tier2       irredundant
c          level    restarts       redundant     glue    trail         variables
c
c - 29.00 32 24 26 73 13938 4 412360 79219 1.8 19 11 9 13 45% 34875 10871 2537 123%
c - 29.54 32 24 26 74 14156 4 420904 80650 1.8 19 11 9 13 45% 34875 10871 2537 123%
c } 29.63 32 24 27 74 14189 4 422312 81959 1.7 19 11 9 13 45% 34875 10871 2537 123%
c [ 29.63 32 24 27 74 14189 1 422312 81959 1.9 25 13 9 17 47% 34875 10871 2537 123%
c B 29.63 32 24 27 74 14189 1 422312 81959 1.9 25 13 9 17 47% 34875 10871 2537 123%
c - 30.10 34 25 27 75 14194 1 429506 81101 1.9 26 13 9 17 47% 34875 10871 2537 123%
c - 30.68 34 25 27 76 14198 1 438170 81185 1.9 26 14 9 17 48% 34875 10871 2537 123%
c - 31.32 32 25 27 77 14202 1 446887 82378 1.9 26 14 9 17 48% 34875 10871 2537 123%
c u 31.85 36 25 27 77 14203 1 451239 86518 1.9 26 14 9 17 48% 34875 10871 2537 123%
c v 32.01 36 25 27 77 14203 1 451239 86502 1.9 26 14 9 17 48% 34875 10871 2537 123%
c w 32.08 36 25 27 77 14203 1 451239 86418 1.9 26 14 9 17 48% 34875 10871 2537 123%
c - 32.46 32 25 27 78 14204 1 455661 83477 1.9 26 14 9 17 48% 34875 10871 2537 123%
c ] 32.64 32 25 28 78 14206 1 458224 85941 1.9 26 14 9 17 48% 34875 10871 2537 123%
c { 32.64 32 24 28 78 14206 4 458224 85941 1.7 19 11 9 13 45% 34875 10871 2537 123%
c - 33.07 32 23 28 79 14365 4 464493 85176 1.7 19 11 9 13 45% 34875 10871 2537 123%
c - 33.63 34 23 28 80 14516 4 473383 87371 1.7 19 11 9 13 45% 34875 10871 2537 123%
c - 34.23 34 22 28 81 14714 3 482330 90055 1.8 19 11 9 13 46% 34875 10871 2537 123%
c o 34.39 34 22 28 81 14755 3 484807 92209 1.8 19 11 9 13 46% 34875 10871 2537 123%
c - 34.83 34 22 28 82 14851 3 491330 92615 1.8 19 11 9 13 46% 34875 10871 2537 123%
c - 35.46 34 21 28 83 15049 3 500385 95424 1.7 19 11 9 13 46% 34875 10871 2537 123%
c
c  seconds   switched     rate           size/glue  tier1     binary         remaining
c         MB   reductions   conflicts          size   tier2       irredundant
c          level    restarts       redundant      glue    trail         variables
c
c } 35.88 34 21 29 83 15280 3 506362 101128 1.7 19 11 9 13 46% 34875 10871 2537 123%
c [ 35.88 34 25 29 83 15280 1 506362 101128 1.9 26 14 9 17 48% 34875 10871 2537 123%
c W 35.94 30 25 29 83 15280 1 506362 101128 1.9 26 14 9 17 48% 34875 10871 2537 123%
c - 36.16 32 25 29 84 15282 1 509495 98508 1.9 26 14 9 17 48% 34875 10871 2537 123%
c u 36.58 44 25 29 84 15285 1 512613 100633 1.9 26 14 9 17 48% 34875 10871 2537 123%
c v 36.74 46 25 29 84 15285 1 512613 100390 1.9 26 14 9 17 48% 34875 10871 2537 123%
c w 36.80 46 25 29 84 15285 1 512613 99830 1.9 26 14 9 17 48% 34875 10871 2537 123%
c - 37.24 42 25 29 85 15287 1 518660 99822 1.9 26 14 9 17 48% 34875 10871 2537 123%
c - 37.92 42 24 29 86 15293 1 527882 101430 1.9 26 14 9 17 48% 34875 10871 2537 123%
c - 38.70 44 24 29 87 15294 1 537155 102134 1.9 26 14 9 17 48% 34875 10871 2537 123%
c - 39.54 44 24 29 88 15300 1 546482 102179 1.9 26 14 9 17 49% 34875 10871 2537 123%
c ] 39.56 44 24 30 88 15300 1 546703 102399 1.9 26 14 9 17 49% 34875 10871 2537 123%
c { 39.56 44 21 30 88 15300 3 546703 102399 1.7 19 11 9 13 46% 34875 10871 2537 123%
c - 40.27 44 21 30 89 15511 3 555862 102715 1.7 18 11 9 13 46% 34875 10871 2537 123%
c - 40.98 44 21 30 90 15772 3 565298 103174 1.7 18 11 9 13 46% 34875 10871 2537 123%
c - 41.69 46 21 30 91 16099 3 574785 104629 1.7 18 11 9 13 46% 34875 10871 2537 123%
c u 42.19 48 20 30 91 16163 3 578353 107718 1.7 18 11 9 13 46% 34875 10871 2537 123%
c v 42.38 48 20 30 91 16163 3 578353 106666 1.7 18 11 9 13 46% 34875 10871 2537 123%
c w 42.45 48 20 30 91 16163 3 578353 106530 1.7 18 11 9 13 46% 34875 10871 2537 123%
c - 42.93 44 20 30 92 16378 3 584325 105191 1.7 18 11 9 13 46% 34875 10871 2537 123%
c
c  seconds   switched     rate           size/glue  tier1     binary         remaining
c         MB   reductions   conflicts          size   tier2       irredundant
c          level    restarts       redundant      glue    trail         variables
c
c o 42.99 44 20 30 92 16382 3 585052 105883 1.7 18 11 9 13 46% 34875 10871 2537 123%
c - 43.64 46 20 30 93 16614 3 593916 106800 1.7 18 11 9 13 47% 34875 10871 2537 123%
c } 44.15 44 20 31 93 16876 3 601138 113330 1.7 18 11 9 13 47% 34875 10871 2537 123%
c [ 44.15 44 24 31 93 16876 1 601138 113330 1.9 26 14 9 17 49% 34875 10871 2537 123%
c O 44.15 44 24 31 93 16876 1 601138 113330 1.9 26 14 9 17 49% 34875 10871 2537 123%
c - 44.34 44 24 31 94 16878 1 603559 107766 1.9 26 14 9 17 49% 34875 10871 2537 123%
c - 45.03 46 24 31 95 16882 1 613254 107888 1.9 25 14 9 17 49% 34875 10871 2537 123%
c - 45.81 44 23 31 96 16889 1 623003 107781 1.8 25 14 9 17 49% 34875 10871 2537 123%
c - 46.64 44 23 31 97 16890 1 632800 107301 1.8 25 14 9 17 49% 34875 10871 2537 123%
c - 47.47 46 23 31 98 16897 1 642653 107260 1.8 25 13 9 17 49% 34875 10871 2537 123%
c ] 47.87 44 22 32 98 16899 1 647411 111617 1.8 24 13 9 17 49% 34875 10871 2537 123%
c { 47.87 44 20 32 98 16899 3 647411 111617 1.7 18 11 9 13 47% 34875 10871 2537 123%
c u 48.26 48 20 32 98 16917 3 648507 111607 1.7 18 11 9 13 47% 34875 10871 2537 123%
c v 48.49 48 20 32 98 16917 3 648507 109832 1.7 18 11 9 13 47% 34875 10871 2537 123%
c w 48.57 48 20 32 98 16917 3 648507 108112 1.7 18 11 9 13 47% 34875 10871 2537 123%
c - 48.92 44 20 32 99 16967 3 652554 103764 1.7 18 10 9 13 47% 34875 10871 2537 123%
c - 49.58 46 19 32 100 17000 3 662505 105457 1.7 18 10 9 12 47% 34875 10871 2537 123%
c - 50.37 46 19 32 101 17569 3 672505 106995 1.7 18 10 9 12 47% 34875 10871 2537 123%
c - 51.09 46 19 32 102 17874 3 682554 108899 1.7 18 10 9 12 47% 34875 10871 2537 123%
c - 51.82 44 19 32 103 18209 3 692653 109886 1.7 18 10 9 12 47% 34875 10871 2537 123%
c
c  seconds   switched      rate           size/glue  tier1     binary         remaining
c         MB   reductions    conflicts          size   tier2       irredundant
c          level     restarts       redundant      glue    trail         variables
c
c o 51.97 46 19 32 103 18250 3 695313 112257 1.7 18 10 9 12 47% 34875 10871 2537 123%
c - 52.48 46 19 32 104 18424 3 702801 111084 1.7 18 10 9 12 47% 34875 10871 2537 123%
c } 52.85 44 19 33 104 18672 3 708516 116358 1.7 18 10 9 12 47% 34875 10871 2537 123%
c [ 52.85 44 22 33 104 18672 1 708516 116358 1.8 24 13 9 17 49% 34875 10871 2537 123%
c B 52.85 44 22 33 104 18672 1 708516 116358 1.8 24 13 9 17 49% 34875 10871 2537 123%
c - 53.21 46 22 33 105 18675 1 712999 111712 1.8 24 13 9 17 49% 34875 10871 2537 123%
c u 54.11 50 22 33 105 18681 1 723125 118282 1.8 24 13 9 17 48% 34875 10871 2537 123%
c v 54.31 50 22 33 105 18681 1 723125 115877 1.8 24 13 9 17 48% 34875 10871 2537 123%
c w 54.38 50 22 33 105 18681 1 723125 114114 1.8 24 13 9 17 48% 34875 10871 2537 123%
c - 54.44 42 22 33 106 18681 1 723245 107313 1.8 24 13 9 17 48% 34875 10871 2537 123%
c - 55.18 44 22 33 107 18686 1 733543 110425 1.8 24 13 9 16 48% 34875 10871 2537 123%
c - 55.99 46 22 33 108 18689 1 743890 114468 1.8 24 13 9 16 48% 34875 10871 2537 123%
c - 56.85 46 22 33 109 18694 1 754284 116234 1.8 24 13 9 16 48% 34875 10871 2537 123%
c ] 57.42 44 21 34 109 18699 1 761078 122621 1.8 24 13 9 16 48% 34875 10871 2537 123%
c { 57.42 44 19 34 109 18699 3 761078 122621 1.7 18 10 9 12 47% 34875 10871 2537 123%
c - 57.76 44 19 34 110 18707 3 764724 116979 1.7 18 10 9 12 47% 34875 10871 2537 123%
c - 58.61 46 18 34 111 18710 2 775213 116619 1.7 17 10 9 12 47% 34875 10871 2537 123%
c - 59.34 44 17 34 112 18732 2 785748 94600 1.7 17 10 8 12 47% 34875 10871 2537 123%
c - 60.00 44 17 34 113 18747 2 796331 88803 1.7 17 10 8 12 47% 34875 10871 2537 123%
c u 60.65 46 16 34 113 18747 2 802259 92307 1.7 17 10 8 12 47% 34875 10871 2537 123%
c
c  seconds   switched      rate          size/glue  tier1     binary         remaining
c         MB   reductions    conflicts         size   tier2       irredundant
c          level     restarts       redundant     glue    trail         variables
c
c v 60.88 46 16 34 113 18747 2 802259 90820 1.7 17 10 8 12 47% 34875 10871 2537 123%
c w 60.96 48 16 34 113 18747 2 802259 90644 1.7 17 10 8 12 47% 34875 10871 2537 123%
c - 61.31 42 16 34 114 18756 2 806961 85042 1.7 17 10 8 12 47% 34875 10871 2537 123%
c - 61.95 44 16 34 115 18779 2 817638 87307 1.7 16 10 8 12 47% 34875 10871 2537 123%
c o 62.01 44 16 34 115 18782 2 818548 88051 1.7 16 10 8 12 47% 34875 10871 2537 123%
c - 62.58 42 15 34 116 18803 2 828361 90212 1.7 16 10 8 12 47% 34875 10871 2537 123%
c } 62.64 42 15 35 116 18803 2 829224 90906 1.7 16 10 8 12 47% 34875 10871 2537 123%
c [ 62.64 42 21 35 116 18803 1 829224 90906 1.8 24 13 9 16 48% 34875 10871 2537 123%
c W 62.82 36 21 35 116 18803 1 829224 90906 1.8 24 13 9 16 48% 34875 10871 2537 123%
c - 63.44 36 22 35 117 18809 1 839131 93017 1.8 24 13 9 16 48% 34875 10871 2537 123%
c - 64.19 36 22 35 118 18816 1 849947 95440 1.8 24 13 9 16 49% 34875 10871 2537 123%
c - 65.00 36 22 35 119 18817 1 860810 97093 1.8 24 13 9 16 49% 34875 10871 2537 123%
c - 65.89 42 22 35 120 18824 1 871719 97190 1.8 24 13 9 16 49% 34875 10871 2537 123%
c - 66.83 44 22 35 121 18831 1 882673 97302 1.8 24 13 9 16 49% 34875 10871 2537 123%
c u 67.31 46 22 35 121 18831 1 885961 100338 1.8 24 13 9 16 49% 34875 10871 2537 123%
c v 67.49 48 22 35 121 18831 1 885961 99201 1.8 24 13 9 16 49% 34875 10871 2537 123%
c w 67.56 48 22 35 121 18831 1 885961 96934 1.8 24 13 9 16 49% 34875 10871 2537 123%
c x 67.67 48 22 35 121 18831 1 885961 96933 1.8 24 13 9 16 49% 34875 10871 2537 123%
c ] 68.04 42 22 36 121 18832 1 890125 100829 1.8 24 13 9 16 49% 34875 10871 2537 123%
c { 68.04 42 15 36 121 18832 2 890125 100829 1.7 16 10 8 12 47% 34875 10871 2537 123%
c
c  seconds   switched      rate          size/glue  tier1     binary         remaining
c         MB   reductions    conflicts         size   tier2       irredundant
c          level     restarts       redundant     glue    trail         variables
c
c - 68.33 44 15 36 122 19183 2 893673 94020 1.7 16 10 8 12 47% 34875 10871 2537 123%
c - 69.15 44 16 36 123 20391 2 904719 95188 1.7 16 10 8 12 47% 34875 10871 2537 123%
c - 69.91 44 16 36 124 21071 2 915810 95567 1.7 16 10 8 12 47% 34875 10871 2537 123%
c - 70.73 44 17 36 125 22084 2 926946 95747 1.7 17 10 8 12 47% 34875 10871 2537 123%
c - 71.49 44 17 36 126 22707 2 938126 97737 1.7 17 10 8 12 47% 34875 10871 2537 123%
c o 72.22 44 17 36 126 23520 2 948550 107488 1.7 17 10 8 12 48% 34875 10871 2537 123%
c - 72.28 46 17 36 127 23527 2 949350 99916 1.7 17 10 8 12 48% 34875 10871 2537 123%
c - 73.03 44 17 36 128 24040 2 960619 102087 1.7 17 10 8 12 48% 34875 10871 2537 123%
c } 73.34 44 17 37 128 24225 2 965682 106588 1.7 17 10 8 12 48% 34875 10871 2537 123%
c [ 73.34 44 22 37 128 24225 1 965682 106588 1.8 24 13 9 16 49% 34875 10871 2537 123%
c I 73.34 44 22 37 128 24225 1 965682 106588 1.8 24 13 9 16 49% 34875 10871 2537 123%
c - 73.73 46 22 37 129 24230 1 971932 103019 1.9 25 13 9 16 49% 34875 10871 2537 123%
c u 74.16 46 22 37 129 24231 1 974282 105146 1.9 25 13 9 16 49% 34875 10871 2537 123%
c v 74.42 48 22 37 129 24231 1 974282 104913 1.9 25 13 9 16 49% 34875 10871 2537 123%
c w 74.51 48 22 37 129 24231 1 974282 104803 1.9 25 13 9 16 49% 34875 10871 2537 123%
c - 75.16 44 22 37 130 24236 1 983292 102687 1.9 25 13 9 16 49% 34875 10871 2537 123%
c - 75.94 44 22 37 131 24239 1 994693 103134 1.9 24 13 9 16 49% 34875 10871 2537 123%
c - 76.79 46 22 37 132 24245 1 1006138 103898 1.9 24 13 9 16 49% 34875 10871 2537 123%
c - 77.72 44 21 37 133 24252 1 1017629 103312 1.9 24 13 9 16 49% 34875 10871 2537 123%
c - 78.59 46 21 37 134 24254 1 1029161 103193 1.9 24 13 9 16 49% 34875 10871 2537 123%
c
c  seconds   switched      rate            size/glue  tier1     binary         remaining
c         MB   reductions     conflicts          size   tier2       irredundant
c          level     restarts        redundant      glue    trail         variables
c
c B 78.92 44 21 37 134 24255 1 1033364 107081 1.9 24 13 9 16 49% 34875 10871 2537 123%
c - 79.41 44 23 37 135 24255 1 1040737 101254 1.9 25 13 9 16 49% 34875 10871 2537 123%
c ] 79.42 44 23 38 135 24255 1 1040937 101448 1.9 25 13 9 16 49% 34875 10871 2537 123%
c { 79.42 44 17 38 135 24255 2 1040937 101448 1.7 17 10 8 12 48% 34875 10871 2537 123%
c - 81.05 46 21 38 136 26672 4 1052355 97790 1.7 18 11 8 12 48% 34875 10871 2537 123%
c - 82.67 44 25 38 137 29159 5 1064016 96643 1.7 19 11 8 12 48% 34875 10871 2537 123%
c u 83.50 46 26 38 137 29856 5 1067276 98884 1.7 20 11 8 12 48% 34875 10871 2537 123%
c v 83.80 46 26 38 137 29856 5 1067276 98610 1.7 20 11 8 12 48% 34875 10871 2537 123%
c w 83.92 46 26 38 137 29856 5 1067276 98589 1.7 20 11 8 12 48% 34875 10871 2537 123%
c - 85.17 44 29 38 138 31645 5 1075720 95021 1.7 20 12 8 12 48% 34875 10871 2537 123%
c - 86.87 44 32 38 139 34022 6 1087468 94671 1.7 21 12 8 12 48% 34875 10871 2537 123%
c o 87.03 44 32 38 139 34249 6 1088559 95757 1.7 21 12 8 12 48% 34875 10871 2537 123%
c - 88.61 44 34 38 140 36450 7 1099258 94675 1.8 22 13 8 12 48% 34875 10871 2537 123%
c - 90.65 44 37 38 141 38704 7 1111090 93899 1.8 23 13 8 12 48% 34875 10871 2537 123%
c - 92.34 44 38 38 142 40690 8 1122965 92513 1.8 24 13 8 13 48% 34875 10871 2537 123%
c } 92.51 44 39 39 142 40891 8 1124271 93805 1.8 24 13 8 13 48% 34875 10871 2537 123%
c [ 92.51 44 23 39 142 40891 1 1124271 93805 1.9 25 13 9 16 49% 34875 10871 2537 123%
c W 92.66 36 23 39 142 40891 1 1124271 93805 1.9 25 13 9 16 49% 34875 10871 2537 123%
c - 93.43 36 24 39 143 40897 1 1134881 91140 1.9 25 13 9 16 49% 34875 10871 2537 123%
c - 94.34 36 24 39 144 40904 1 1146840 89816 1.9 25 13 9 16 49% 34875 10871 2537 123%
c
c  seconds   switched      rate           size/glue  tier1     binary         remaining
c         MB   reductions     conflicts         size   tier2       irredundant
c          level     restarts        redundant     glue    trail         variables
c
c - 95.33 36 24 39 145 40907 1 1158841 88128 1.9 25 13 9 16 49% 34875 10871 2537 123%
c u 96.25 48 24 39 145 40911 1 1164965 93372 1.9 25 13 9 16 49% 34875 10871 2537 123%
c v 96.72 48 24 39 145 40911 1 1164965 92633 1.9 25 13 9 16 49% 34875 10871 2537 123%
c w 96.89 48 24 39 145 40911 1 1164965 90727 1.9 25 13 9 16 49% 34875 10871 2537 123%
c - 97.41 42 24 39 146 40914 1 1170882 84697 1.9 25 13 8 16 49% 34875 10871 2537 123%
c - 98.32 44 23 39 147 40920 1 1182965 84568 1.9 25 13 8 16 50% 34875 10871 2537 123%
c - 99.38 44 23 39 148 40921 1 1195089 84257 1.9 25 14 8 16 50% 34875 10871 2537 123%
c O 100.07 44 23 39 148 40921 1 1202702 91376 1.9 25 13 8 16 50% 34875 10871 2537 123%
c - 100.54 44 23 39 149 40922 1 1207255 85130 1.8 25 13 8 16 50% 34875 10871 2537 123%
c - 101.61 44 22 39 150 40929 1 1219461 86605 1.8 25 13 8 16 50% 34875 10871 2537 123%
c - 102.65 44 22 39 151 40936 1 1231708 85971 1.8 24 13 8 16 50% 34875 10871 2537 123%
c - 103.79 44 22 39 152 40940 1 1243996 84906 1.8 24 13 8 16 50% 34875 10871 2537 123%
c - 104.98 44 22 39 153 40947 1 1256324 84603 1.8 25 14 8 16 50% 34875 10871 2537 123%
c ] 105.80 42 22 40 153 40951 1 1264699 92475 1.8 25 13 8 16 50% 34875 10871 2537 123%
c { 105.80 42 39 40 153 40951 8 1264699 92475 1.8 24 13 8 13 48% 34875 10871 2537 123%
c u 106.43 48 38 40 153 40952 7 1267399 94426 1.8 24 13 8 13 48% 34875 10871 2537 123%
c v 106.80 48 38 40 153 40952 7 1267399 93389 1.8 24 13 8 13 48% 34875 10871 2537 123%
c w 106.94 48 38 40 153 40952 7 1267399 90391 1.8 24 13 8 13 48% 34875 10871 2537 123%
c o 106.97 48 38 40 153 40952 7 1267399 90391 1.8 24 13 8 13 48% 34875 10871 2537 123%
c - 107.08 42 38 40 154 40965 7 1268693 81217 1.8 24 13 8 13 48% 34875 10871 2537 123%
c
c  seconds    switched      rate           size/glue  tier1     binary         remaining
c          MB   reductions     conflicts         size   tier2       irredundant
c           level     restarts        redundant     glue    trail         variables
c
c - 107.92 42 36 40 155 41013 7 1281102 82160 1.8 24 13 8 13 48% 34875 10871 2537 123%
c - 108.78 44 33 40 156 41017 6 1293552 82969 1.8 23 13 8 13 48% 34875 10871 2537 123%
c - 109.64 42 31 40 157 41022 6 1306041 82588 1.8 23 13 8 13 48% 34875 10871 2537 123%
c - 110.45 44 30 40 158 41054 5 1318570 82414 1.8 22 12 8 13 48% 34875 10871 2537 123%
c - 111.25 44 28 40 159 41088 5 1331139 81733 1.8 22 12 8 13 48% 34875 10871 2537 123%
c - 112.06 42 27 40 160 41098 4 1343749 82678 1.8 21 12 8 13 48% 34875 10871 2537 123%
c } 112.87 44 26 41 160 41129 4 1356171 93821 1.8 21 12 8 13 48% 34875 10871 2537 123%
c [ 112.87 44 22 41 160 41129 1 1356171 93821 1.8 25 13 8 16 50% 34875 10871 2537 123%
c B 112.87 44 22 41 160 41129 1 1356171 93821 1.8 25 13 8 16 50% 34875 10871 2537 123%
c - 112.90 44 22 41 161 41129 1 1356398 83987 1.8 25 13 8 16 50% 34875 10871 2537 123%
c - 113.98 44 22 41 162 41136 1 1369088 84451 1.8 25 13 8 16 50% 34875 10871 2537 123%
c u 114.82 46 22 41 162 41141 1 1374630 89307 1.8 25 14 8 16 50% 34875 10871 2537 123%
c v 115.13 48 22 41 162 41141 1 1374630 88469 1.8 25 14 8 16 50% 34875 10871 2537 123%
c w 115.24 48 22 41 162 41141 1 1374630 87228 1.8 25 14 8 16 50% 34875 10871 2537 123%
c - 115.93 44 22 41 163 41143 1 1381818 82734 1.8 25 14 8 16 50% 34875 10871 2537 123%
c - 117.14 44 22 41 164 41148 1 1394585 83682 1.8 25 13 8 16 50% 34875 10871 2537 123%
c - 118.24 44 22 41 165 41155 1 1407394 83324 1.8 25 14 8 16 50% 34875 10871 2537 123%
c - 119.37 44 22 41 166 41158 1 1420240 81599 1.9 25 14 8 16 51% 34875 10871 2537 123%
c ] 120.00 44 22 42 166 41159 1 1427289 88365 1.9 26 14 8 16 51% 34875 10871 2537 123%
c { 120.00 44 26 42 166 41159 4 1427289 88365 1.8 21 12 8 13 48% 34875 10871 2537 123%
c
c  seconds    switched      rate           size/glue  tier1     binary         remaining
c          MB   reductions     conflicts         size   tier2       irredundant
c           level     restarts        redundant     glue    trail         variables
c
c o 120.16 44 25 42 166 41167 4 1429230 90126 1.8 21 12 8 13 48% 34875 10871 2537 123%
c - 120.46 44 25 42 167 41273 4 1433124 82158 1.8 21 12 8 13 48% 34875 10871 2537 123%
c - 121.33 44 24 42 168 41361 4 1446046 84560 1.8 21 12 8 13 48% 34875 10871 2537 123%
c - 122.17 44 23 42 169 41468 3 1459007 86337 1.8 20 11 8 13 48% 34875 10871 2537 123%
c - 123.08 44 23 42 170 41670 3 1472007 88381 1.8 20 11 8 13 48% 34875 10871 2537 123%
c - 123.95 44 22 42 171 41703 3 1485046 90664 1.8 19 11 8 13 48% 34875 10871 2537 123%
c u 124.42 46 22 42 171 41727 3 1486659 90327 1.8 19 11 8 13 48% 34875 10871 2537 123%
c v 124.75 48 22 42 171 41727 3 1486659 86869 1.8 19 11 8 13 48% 34875 10871 2537 123%
c w 124.86 48 22 42 171 41727 3 1486659 86328 1.8 19 11 8 13 48% 34875 10871 2537 123%
c - 125.63 44 21 42 172 41854 3 1498124 87203 1.8 19 11 8 13 47% 34875 10871 2537 123%
c - 126.52 44 21 42 173 42122 3 1511239 93230 1.8 19 11 8 13 47% 34875 10871 2537 123%
c - 127.38 44 20 42 174 42245 3 1524392 97164 1.8 19 11 8 12 47% 34875 10871 2537 123%
c } 127.57 44 20 43 174 42279 3 1527262 99727 1.7 19 11 8 12 47% 34875 10871 2537 123%
c [ 127.57 44 22 43 174 42279 1 1527262 99727 1.9 26 14 8 16 51% 34875 10871 2537 123%
c W 127.85 36 22 43 174 42279 1 1527262 99727 1.9 26 14 8 16 51% 34875 10871 2537 123%
c - 128.60 36 22 43 175 42285 1 1537584 98762 1.8 25 14 8 16 51% 34875 10871 2537 123%
c - 129.70 36 22 43 176 42292 1 1550812 100493 1.8 25 14 8 16 51% 34875 10871 2537 123%
c - 130.82 36 22 43 177 42296 1 1564078 101947 1.8 25 14 8 16 51% 34875 10871 2537 123%
c - 131.96 46 22 43 178 42304 1 1577383 102476 1.8 25 14 8 16 51% 34875 10871 2537 123%
c - 133.16 44 23 43 179 42308 1 1590726 102630 1.9 25 14 8 16 51% 34875 10871 2537 123%
c
c  seconds    switched      rate            size/glue  tier1     binary         remaining
c          MB   reductions     conflicts          size   tier2       irredundant
c           level     restarts        redundant      glue    trail         variables
c
c u 134.77 40 22 43 179 42309 1 1603561 114537 1.9 25 14 8 16 51% 34875 10871 2537 123%
c v 135.14 40 22 43 179 42309 1 1603561 114124 1.9 25 14 8 16 51% 34875 10871 2537 123%
c w 135.28 40 22 43 179 42309 1 1603561 112734 1.9 25 14 8 16 51% 34875 10871 2537 123%
c o 136.71 40 22 43 179 42309 1 1603561 112734 1.9 25 14 8 16 51% 34875 10871 2537 123%
c - 136.77 40 23 43 180 42309 1 1604106 101812 1.8 25 14 8 16 51% 34875 10871 2537 123%
c ] 136.99 40 29 44 180 42309 1 1607425 105075 1.8 26 14 8 16 51% 34875 10871 2537 123%
c { 136.99 40 20 44 180 42309 3 1607425 105075 1.7 19 11 8 12 47% 34875 10871 2537 123%
c - 137.71 40 20 44 181 42625 3 1617523 103189 1.7 19 11 8 12 47% 34875 10871 2537 123%
c - 138.62 40 20 44 182 42896 3 1630976 105138 1.7 19 11 8 12 47% 34875 10871 2537 123%
c - 139.53 40 20 44 183 43188 2 1644466 108566 1.7 18 11 8 12 47% 34875 10871 2537 123%
c - 140.42 40 19 44 184 43423 2 1657993 111329 1.7 18 11 8 12 47% 34875 10871 2537 123%
c - 141.41 40 19 44 185 43993 2 1671557 113883 1.7 18 11 8 12 47% 34875 10871 2537 123%
c - 142.34 40 19 44 186 44287 2 1685158 116310 1.7 18 10 8 12 47% 34875 10871 2537 123%
c - 143.27 40 18 44 187 44537 2 1698797 117480 1.7 18 10 8 12 47% 34875 10871 2537 123%
c - 144.29 40 18 44 188 45188 2 1712472 119263 1.7 18 10 8 12 47% 34875 10871 2537 123%
c } 144.57 40 18 45 188 45425 2 1716256 122777 1.7 18 10 8 12 47% 34875 10871 2537 123%
c [ 144.57 40 29 45 188 45425 1 1716256 122777 1.8 26 14 8 16 51% 34875 10871 2537 123%
c I 144.57 40 29 45 188 45425 1 1716256 122777 1.8 26 14 8 16 51% 34875 10871 2537 123%
c u 145.49 40 31 45 188 45431 1 1725364 131252 1.8 27 15 8 16 51% 34875 10871 2537 123%
c v 145.72 42 31 45 188 45431 1 1725364 130929 1.8 27 15 8 16 51% 34875 10871 2537 123%
c
c  seconds    switched      rate            size/glue  tier1     binary         remaining
c          MB   reductions     conflicts          size   tier2       irredundant
c           level     restarts        redundant      glue    trail         variables
c
c w 145.82 42 31 45 188 45431 1 1725364 130655 1.8 27 15 8 16 51% 34875 10871 2537 123%
c - 146.09 42 31 45 189 45431 1 1726184 117500 1.8 27 15 8 16 51% 34875 10871 2537 123%
c - 147.15 42 30 45 190 45438 1 1739932 116495 1.8 27 15 8 16 51% 34875 10871 2537 123%
c - 148.24 42 30 45 191 45443 1 1753716 115537 1.9 28 15 8 16 51% 34875 10871 2537 123%
c - 149.48 42 30 45 192 45452 1 1767536 113632 1.9 28 15 8 16 51% 34875 10871 2537 123%
c - 150.74 42 29 45 193 45454 1 1781393 114143 1.9 28 15 8 16 51% 34875 10871 2537 123%
c - 152.02 42 29 45 194 45455 1 1795286 114323 1.9 28 15 8 16 51% 34875 10871 2537 123%
c ] 153.07 42 28 46 194 45461 1 1806342 124876 1.9 29 15 8 16 51% 34875 10871 2537 123%
c { 153.07 42 18 46 194 45461 2 1806342 124876 1.7 18 10 8 12 47% 34875 10871 2537 123%
c o 153.07 42 18 46 194 45469 2 1806401 124933 1.7 18 10 8 12 47% 34875 10871 2537 123%
c - 153.31 42 18 46 195 45546 2 1809214 113833 1.7 18 10 8 12 47% 34875 10871 2537 123%
c - 154.30 42 18 46 196 45786 2 1823179 116098 1.7 18 10 8 12 47% 34875 10871 2537 123%
c - 155.40 42 18 46 197 46553 2 1837179 118579 1.7 18 10 8 12 47% 34875 10871 2537 123%
c - 156.49 42 18 46 198 47295 2 1851215 121209 1.7 18 10 8 12 47% 34875 10871 2537 123%
c u 157.00 42 18 46 198 47308 2 1852091 121688 1.7 18 10 8 12 47% 34875 10871 2537 123%
c v 157.39 42 18 46 198 47308 2 1852091 120871 1.7 18 10 8 12 47% 34875 10871 2537 123%
c w 157.53 42 18 46 198 47308 2 1852091 120776 1.7 18 10 8 12 47% 34875 10871 2537 123%
c - 158.58 42 18 46 199 47931 2 1865287 121164 1.7 18 10 8 12 47% 34875 10871 2537 123%
c - 159.54 42 18 46 200 48189 2 1879393 122161 1.7 17 10 8 12 47% 34875 10871 2537 123%
c - 160.56 42 18 46 201 48599 2 1893536 122957 1.7 18 10 8 12 47% 34875 10871 2537 123%
c
c  seconds    switched      rate            size/glue  tier1     binary         remaining
c          MB   reductions     conflicts          size   tier2       irredundant
c           level     restarts        redundant      glue    trail         variables
c
c - 161.61 42 18 46 202 49053 2 1907713 124354 1.7 17 10 8 12 47% 34875 10871 2537 123%
c - 162.67 42 18 46 203 49594 2 1921927 124930 1.7 17 10 8 12 47% 34875 10871 2537 123%
c } 162.83 42 18 47 203 49600 2 1924386 127177 1.7 17 10 8 12 47% 34875 10871 2537 123%
c [ 162.83 42 28 47 203 49600 1 1924386 127177 1.9 29 15 8 16 51% 34875 10871 2537 123%
c B 162.83 42 28 47 203 49600 1 1924386 127177 1.9 29 15 8 16 51% 34875 10871 2537 123%
c - 163.69 42 28 47 204 49606 1 1936175 125512 1.9 28 15 8 16 50% 34875 10871 2537 123%
c - 164.79 42 26 47 205 49614 1 1950460 125985 1.9 27 14 8 16 50% 34875 10871 2537 123%
c - 165.92 42 25 47 206 49620 1 1964778 127704 1.9 26 14 8 16 50% 34875 10871 2537 123%
c - 167.08 42 24 47 207 49628 1 1979133 130400 1.9 26 13 8 16 50% 34875 10871 2537 123%
c u 167.91 42 24 47 207 49629 1 1983770 132503 1.9 26 13 8 16 50% 34875 10871 2537 123%
c v 168.31 42 24 47 207 49629 1 1983770 131409 1.9 26 13 8 16 50% 34875 10871 2537 123%
c w 168.46 42 24 47 207 49629 1 1983770 130501 1.9 26 13 8 16 50% 34875 10871 2537 123%
c - 169.35 42 23 47 208 49630 1 1993520 128038 1.9 25 13 8 16 49% 34875 10871 2537 123%
c - 170.58 42 23 47 209 49632 1 2007943 130111 1.9 25 13 8 16 49% 34875 10871 2537 123%
c - 171.91 42 22 47 210 49640 1 2022399 132038 1.9 24 13 8 16 49% 34875 10871 2537 123%
c ] 172.65 42 22 48 210 49644 1 2030505 139598 1.9 24 13 8 16 49% 34875 10871 2537 123%
c { 172.65 42 18 48 210 49644 2 2030505 139598 1.7 17 10 8 12 47% 34875 10871 2537 123%
c o 172.66 42 18 48 210 49647 2 2030531 139624 1.7 17 10 8 12 47% 34875 10871 2537 123%
c - 173.20 42 18 48 211 49938 2 2036890 133011 1.7 17 10 8 12 47% 34875 10871 2537 123%
c - 174.32 42 18 48 212 50528 2 2051415 132490 1.7 17 10 8 12 47% 34875 10871 2537 123%
c
c  seconds    switched      rate            size/glue  tier1     binary         remaining
c          MB   reductions     conflicts          size   tier2       irredundant
c           level     restarts        redundant      glue    trail         variables
c
c - 175.46 42 18 48 213 51188 2 2065975 131971 1.7 17 10 8 12 47% 34875 10871 2537 123%
c - 176.67 42 18 48 214 52056 2 2080574 132664 1.7 17 10 8 12 47% 34875 10871 2537 123%
c - 177.80 42 18 48 215 52619 3 2095202 132741 1.7 17 10 8 12 47% 34875 10871 2537 123%
c - 178.95 42 18 48 216 53284 3 2109864 133308 1.7 17 10 8 12 47% 34875 10871 2537 123%
c u 180.28 42 18 48 216 53909 3 2120450 141187 1.7 17 10 8 12 47% 34875 10871 2537 123%
c v 180.71 42 18 48 216 53909 3 2120450 140155 1.7 17 10 8 12 47% 34875 10871 2537 123%
c w 180.86 42 18 48 216 53909 3 2120450 140066 1.7 17 10 8 12 47% 34875 10871 2537 123%
c - 181.27 42 18 48 217 54186 3 2124560 130721 1.7 17 10 8 12 47% 34875 10871 2537 123%
c - 182.40 42 18 48 218 54724 3 2139290 131381 1.7 17 10 8 12 47% 34875 10871 2537 123%
c - 183.51 42 18 48 219 55163 3 2154054 131491 1.7 17 10 8 12 47% 34875 10871 2537 123%
c } 183.83 42 18 49 219 55365 3 2158117 135242 1.7 17 10 8 12 47% 34875 10871 2537 123%
c [ 183.83 42 22 49 219 55365 1 2158117 135242 1.9 24 13 8 16 49% 34875 10871 2537 123%
c W 184.40 42 22 49 219 55365 1 2158117 135242 1.9 24 13 8 16 49% 34875 10871 2537 123%
c - 185.20 42 21 49 220 55371 1 2168853 132961 1.9 24 13 8 16 49% 34875 10871 2537 123%
c - 186.39 42 21 49 221 55379 1 2183687 134661 1.8 24 13 8 16 49% 34875 10871 2537 123%
c - 187.62 44 21 49 222 55385 1 2198554 135313 1.8 24 13 8 16 50% 34875 10871 2537 123%
c - 188.91 44 21 49 223 55393 1 2213455 136375 1.8 23 13 8 16 50% 34875 10871 2537 123%
c - 190.23 44 21 49 224 55395 1 2228389 136062 1.8 24 13 8 16 49% 34875 10871 2537 123%
c - 191.63 44 21 49 225 55398 1 2243356 136648 1.8 23 13 8 16 49% 34875 10871 2537 123%
c - 192.89 44 21 49 226 55407 1 2258356 137583 1.8 23 13 8 16 49% 34875 10871 2537 123%
c
c  seconds    switched      rate            size/glue  tier1     binary         remaining
c          MB   reductions     conflicts          size   tier2       irredundant
c           level     restarts        redundant      glue    trail         variables
c
c u 193.71 44 21 49 226 55409 1 2262158 139402 1.8 23 13 8 16 49% 34875 10871 2537 123%
c v 194.17 44 21 49 226 55409 1 2262158 133591 1.8 23 13 8 16 49% 34875 10871 2537 123%
c w 194.34 44 21 49 226 55409 1 2262158 128169 1.8 23 13 8 16 49% 34875 10871 2537 123%
c o 194.38 44 21 49 226 55409 1 2262158 128169 1.8 23 13 8 16 49% 34875 10871 2537 123%
c O 195.09 44 23 49 226 55410 1 2272456 137796 1.8 23 13 8 16 50% 34875 10871 2537 123%
c - 195.19 44 23 49 227 55411 1 2273390 127152 1.8 23 13 8 16 50% 34875 10871 2537 123%
c ] 195.69 44 22 50 227 55416 1 2280178 133437 1.8 23 13 8 16 50% 34875 10871 2537 123%
c { 195.69 44 18 50 227 55416 3 2280178 133437 1.7 17 10 8 12 47% 34875 10871 2537 123%
c - 196.36 44 18 50 228 55442 2 2288456 128960 1.7 17 10 8 12 47% 34875 10871 2537 123%
c - 197.53 44 17 50 229 55446 2 2303555 128910 1.7 16 10 8 12 47% 34875 10871 2537 123%
c - 198.63 44 16 50 230 55464 2 2318687 128101 1.6 16 10 8 12 47% 34875 10871 2537 123%
c - 199.68 44 15 50 231 55488 2 2333852 128182 1.6 16 10 8 12 47% 34875 10871 2537 123%
c - 200.79 44 15 50 232 55532 2 2349050 129508 1.6 16 10 8 12 47% 34875 10871 2537 123%
c - 201.88 44 14 50 233 55546 2 2364281 130400 1.6 15 9 8 12 47% 34875 10871 2537 123%
c - 203.02 44 13 50 234 55578 2 2379545 132190 1.6 15 9 8 12 47% 34875 10871 2537 123%
c - 204.18 44 13 50 235 55590 2 2394842 137069 1.6 15 9 8 12 47% 34875 10871 2537 123%
c u 205.66 44 13 50 235 55630 2 2408943 143437 1.6 15 9 8 12 47% 34875 10871 2537 123%
c v 206.07 44 13 50 235 55630 2 2408943 139163 1.6 15 9 8 12 47% 34875 10871 2537 123%
c w 206.12 44 13 50 235 55630 2 2408943 139074 1.6 15 9 8 12 47% 34875 10871 2537 123%
c - 206.27 44 13 50 236 55636 2 2410173 132415 1.6 15 9 8 12 47% 34875 10871 2537 123%
c
c  seconds    switched      rate            size/glue tier1     binary         remaining
c          MB   reductions     conflicts          size  tier2       irredundant
c           level     restarts        redundant     glue    trail         variables
c
c } 206.80 44 12 51 236 55641 1 2417704 138114 1.6 15 9 8 12 47% 34875 10871 2537 123%
c [ 206.80 44 22 51 236 55641 1 2417704 138114 1.8 23 13 8 16 50% 34875 10871 2537 123%
c B 206.80 44 22 51 236 55641 1 2417704 138114 1.8 23 13 8 16 50% 34875 10871 2537 123%
c - 207.37 44 23 51 237 55646 1 2425537 137296 1.7 24 14 8 16 50% 34875 10871 2537 123%
c - 208.57 44 23 51 238 55654 1 2440935 141361 1.8 24 14 8 16 50% 34875 10871 2537 123%
c - 209.91 44 23 51 239 55660 1 2456363 146838 1.8 25 14 8 16 50% 34875 10871 2537 123%
c - 211.24 44 23 51 240 55669 1 2471823 150688 1.8 25 13 8 16 50% 34875 10871 2537 123%
c - 212.66 44 23 51 241 55671 1 2487314 150514 1.8 25 13 8 16 50% 34875 10871 2537 123%
c - 214.10 44 23 51 242 55674 1 2502839 148526 1.8 25 14 8 16 50% 34875 10871 2537 123%
c - 215.65 44 22 51 243 55684 1 2518395 146595 1.8 25 14 8 16 50% 34875 10871 2537 123%
c ] 217.14 44 22 52 243 55688 1 2533771 161100 1.8 25 13 8 16 50% 34875 10871 2537 123%
c { 217.14 44 12 52 243 55688 1 2533771 161100 1.6 15 9 8 12 47% 34875 10871 2537 123%
c o 217.14 44 12 52 243 55695 1 2533815 161142 1.6 15 9 8 12 47% 34875 10871 2537 123%
c - 217.20 44 13 52 244 55729 1 2533983 144899 1.6 15 9 8 12 47% 34875 10871 2537 123%
c - 218.79 44 14 52 245 58115 2 2549604 144565 1.6 15 9 8 12 47% 34875 10871 2537 123%
c u 220.54 44 15 52 245 60034 2 2560808 154770 1.6 15 10 8 12 47% 34875 10871 2537 123%
c v 221.08 44 15 52 245 60034 2 2560808 153914 1.6 15 10 8 12 47% 34875 10871 2537 123%
c w 221.27 44 15 52 245 60034 2 2560808 152847 1.6 15 10 8 12 47% 34875 10871 2537 123%
c - 221.76 44 15 52 246 60596 2 2565257 141875 1.6 15 10 8 12 47% 34875 10871 2537 123%
c - 223.13 44 16 52 247 62122 2 2580941 141211 1.6 15 10 8 12 47% 34875 10871 2537 123%
c
c  seconds    switched      rate            size/glue  tier1     binary         remaining
c          MB   reductions     conflicts          size   tier2       irredundant
c           level     restarts        redundant      glue    trail         variables
c
c - 224.54 44 16 52 248 63707 3 2596657 140923 1.6 16 10 8 12 47% 34875 10871 2537 123%
c - 225.85 44 17 52 249 64771 3 2612408 140558 1.6 16 10 8 12 47% 34875 10871 2537 123%
c - 227.25 44 17 52 250 66231 3 2628187 140045 1.6 16 10 8 12 47% 34875 10871 2537 123%
c - 228.62 44 17 52 251 67329 3 2643999 141947 1.6 16 10 8 12 47% 34875 10871 2537 123%
c - 229.83 44 17 52 252 67813 3 2659842 144132 1.6 16 10 8 12 47% 34875 10871 2537 123%
c - 231.12 44 17 52 253 68554 3 2675717 147110 1.6 16 10 8 12 47% 34875 10871 2537 123%
c } 231.61 44 18 53 253 68985 3 2681560 152567 1.6 16 10 8 12 47% 34875 10871 2537 123%
c [ 231.61 44 22 53 253 68985 1 2681560 152567 1.8 25 13 8 16 50% 34875 10871 2537 123%
c W 232.36 44 22 53 253 68985 1 2681560 152567 1.8 25 13 8 16 50% 34875 10871 2537 123%
c - 233.18 44 22 53 254 68991 1 2691623 149510 1.8 25 14 8 16 50% 34875 10871 2537 123%
c - 234.63 44 22 53 255 68999 1 2707561 151850 1.8 25 14 8 16 50% 34875 10871 2537 123%
c u 236.18 45 22 53 255 69002 1 2717800 161363 1.8 25 13 8 16 50% 34875 10871 2537 123%
c v 236.72 63 22 53 255 69002 1 2717800 160957 1.8 25 13 8 16 50% 34875 10871 2537 123%
c w 236.92 63 22 53 255 69002 1 2717800 160579 1.8 25 13 8 16 50% 34875 10871 2537 123%
c - 237.58 55 22 53 256 69006 1 2723531 152606 1.8 25 13 8 16 50% 34875 10871 2537 123%
c - 239.20 57 22 53 257 69014 1 2739531 153069 1.8 25 13 8 16 50% 34875 10871 2537 123%
c - 240.97 57 22 53 258 69015 1 2755562 153732 1.8 24 13 8 16 49% 34875 10871 2537 123%
c - 242.73 57 21 53 259 69021 1 2771624 154051 1.8 24 13 8 16 49% 34875 10871 2537 123%
c - 244.46 55 21 53 260 69029 1 2787718 152466 1.9 24 13 8 16 49% 34875 10871 2537 123%
c - 246.01 57 20 53 261 69036 1 2803842 149780 1.9 24 13 8 16 49% 34875 10871 2537 123%
c
c  seconds    switched      rate            size/glue  tier1     binary         remaining
c          MB   reductions     conflicts          size   tier2       irredundant
c           level     restarts        redundant      glue    trail         variables
c
c ] 246.75 53 20 54 261 69040 1 2811304 156799 1.9 24 13 8 16 49% 34875 10871 2537 123%
c { 246.75 53 18 54 261 69040 3 2811304 156799 1.6 16 10 8 12 47% 34875 10871 2537 123%
c o 246.78 55 18 54 261 69044 3 2811519 157009 1.6 16 10 8 12 47% 34875 10871 2537 123%
c - 248.17 57 21 54 262 70841 4 2819998 146121 1.6 18 11 8 12 47% 34875 10871 2537 123%
c - 250.88 57 26 54 263 74289 5 2836184 138989 1.7 20 12 8 12 47% 34875 10871 2537 123%
c - 253.70 55 30 54 264 77727 6 2852401 131674 1.7 21 12 8 12 47% 34875 10871 2537 123%
c - 256.61 55 34 54 265 81133 7 2868649 126262 1.7 23 13 8 12 47% 34875 10871 2537 123%
c u 259.37 45 36 54 265 83206 7 2879923 136438 1.7 24 13 8 12 47% 34875 10871 2537 123%
c v 260.11 45 36 54 265 83206 7 2879923 135844 1.7 24 13 8 12 47% 34875 10871 2537 123%
c w 260.40 45 36 54 265 83206 7 2879923 135809 1.7 24 13 8 12 47% 34875 10871 2537 123%
c - 262.13 45 37 54 266 83831 7 2884928 122652 1.8 24 14 8 12 48% 34875 10871 2537 123%
c - 264.67 45 39 54 267 86287 8 2901237 120183 1.8 25 14 8 12 48% 34875 10871 2537 123%
c - 267.17 45 41 54 268 88729 8 2917579 118422 1.8 26 14 8 12 48% 34875 10871 2537 123%
c - 269.52 45 43 54 269 90652 8 2933950 118791 1.9 27 15 8 12 48% 34875 10871 2537 123%
c - 271.76 45 44 54 270 92301 8 2950351 96152 1.9 28 15 7 12 48% 34875 10871 2537 123%
c - 273.91 45 45 54 271 93883 8 2966782 91033 1.9 28 15 7 12 48% 34875 10871 2537 123%
c } 274.28 45 45 55 271 94163 8 2969698 93917 1.9 28 15 7 12 48% 34875 10871 2537 123%
c [ 274.28 45 20 55 271 94163 1 2969698 93917 1.9 24 13 8 16 49% 34875 10871 2537 123%
c I 274.28 45 20 55 271 94163 1 2969698 93917 1.9 24 13 8 16 49% 34875 10871 2537 123%
c - 275.38 45 21 55 272 94171 1 2983244 90806 1.9 25 13 8 16 49% 34875 10871 2537 123%
c
c  seconds    switched      rate           size/glue  tier1     binary         remaining
c          MB   reductions     conflicts         size   tier2       irredundant
c           level     restarts        redundant     glue    trail         variables
c
c - 276.73 45 22 55 273 94177 1 2999737 94557 2.0 26 13 8 16 49% 34875 10871 2537 123%
c - 278.19 45 21 55 274 94186 1 3016259 98705 2.1 27 13 8 16 50% 34875 10871 2537 123%
c - 279.72 45 22 55 275 94192 1 3032811 100725 2.1 27 13 8 16 49% 34875 10871 2537 123%
c u 281.69 45 22 55 275 94193 1 3047225 114329 2.1 27 13 8 16 49% 34875 10871 2537 123%
c v 282.26 45 22 55 275 94193 1 3047225 114106 2.1 27 13 8 16 49% 34875 10871 2537 123%
c w 282.47 45 22 55 275 94193 1 3047225 113803 2.1 27 13 8 16 49% 34875 10871 2537 123%
c o 282.65 45 22 55 275 94193 1 3047225 113803 2.1 27 13 8 16 49% 34875 10871 2537 123%
c - 282.83 45 27 55 276 94193 1 3049395 99017 2.0 27 13 8 16 49% 34875 10871 2537 123%
c - 284.25 45 30 55 277 94202 1 3066009 97246 1.9 27 14 8 16 49% 34875 10871 2537 123%
c - 285.84 45 29 55 278 94208 1 3082652 97470 1.9 26 14 7 16 48% 34875 10871 2537 123%
c - 287.41 45 27 55 279 94218 1 3099326 99652 1.9 25 14 7 16 48% 34875 10871 2537 123%
c B 288.43 45 26 55 279 94223 1 3110846 110536 1.9 25 13 7 16 48% 34875 10871 2537 123%
c - 288.86 45 27 55 280 94223 1 3116030 99163 1.9 25 14 7 16 48% 34875 10871 2537 123%
c - 290.36 45 27 55 281 94224 1 3132764 97205 1.9 26 14 7 16 49% 34875 10871 2537 123%
c - 291.88 45 27 55 282 94225 1 3149529 95331 1.9 26 14 7 16 49% 34875 10871 2537 123%
c - 293.47 45 28 55 283 94225 1 3166322 91023 1.8 27 15 7 16 49% 34875 10871 2537 123%
c - 295.10 45 28 55 284 94236 1 3183144 87371 1.9 28 15 7 16 49% 34875 10871 2537 123%
c - 296.86 45 28 55 285 94241 1 3199996 88077 1.9 28 15 7 16 49% 34875 10871 2537 123%
c - 298.57 45 28 55 286 94252 1 3216877 87188 1.8 28 16 7 16 50% 34875 10871 2537 123%
c u 299.46 45 28 55 286 94253 1 3219734 88601 1.8 29 16 7 16 50% 34875 10871 2537 123%
c
c  seconds    switched      rate           size/glue  tier1     binary         remaining
c          MB   reductions     conflicts         size   tier2       irredundant
c           level     restarts        redundant     glue    trail         variables
c
c v 300.09 45 28 55 286 94253 1 3219734 88475 1.8 29 16 7 16 50% 34875 10871 2537 123%
c w 300.33 45 28 55 286 94253 1 3219734 88009 1.8 29 16 7 16 50% 34875 10871 2537 123%
c - 301.75 45 28 55 287 94256 1 3233789 86293 1.8 28 16 7 16 50% 34875 10871 2537 123%
c ] 302.24 45 28 56 287 94256 1 3239160 91445 1.8 29 15 7 16 50% 34875 10871 2537 123%
c { 302.24 45 45 56 287 94256 8 3239160 91445 1.9 28 15 7 12 48% 34875 10871 2537 123%
c - 303.17 45 42 56 288 94268 7 3250731 91282 1.9 28 15 7 12 48% 34875 10871 2537 123%
c - 304.50 45 38 56 289 94281 6 3267701 95178 1.9 27 14 7 12 48% 34875 10871 2537 123%
c - 305.80 45 35 56 290 94281 5 3284702 96430 1.9 25 14 7 12 48% 34875 10871 2537 123%
c - 307.20 45 32 56 291 94285 5 3301731 96568 1.9 24 13 7 12 48% 34875 10871 2537 123%
c o 308.31 46 30 56 291 94301 4 3314609 108582 1.9 24 13 7 12 48% 34875 10871 2537 123%
c - 308.65 46 29 56 292 94320 4 3318790 96672 1.9 24 13 7 12 48% 34875 10871 2537 123%
c - 309.93 46 27 56 293 94337 4 3335881 96422 1.8 23 12 7 12 48% 34875 10871 2537 123%
c - 311.28 46 26 56 294 94452 3 3352998 97069 1.8 22 12 7 12 48% 34875 10871 2537 123%
c - 312.57 46 24 56 295 94529 3 3370144 97721 1.8 22 12 7 12 48% 34875 10871 2537 123%
c - 313.88 46 23 56 296 94639 3 3387319 98905 1.8 21 12 7 12 48% 34875 10871 2537 123%
c u 315.22 46 23 56 296 94716 3 3397473 107913 1.8 21 12 7 12 48% 34875 10871 2537 123%
c v 315.77 46 23 56 296 94716 3 3397473 103651 1.8 21 12 7 12 48% 34875 10871 2537 123%
c w 315.96 46 23 56 296 94716 3 3397473 103149 1.8 21 12 7 12 48% 34875 10871 2537 123%
c - 316.53 46 22 56 297 94777 3 3404523 97879 1.8 21 11 7 12 48% 34875 10871 2537 123%
c } 316.83 46 22 57 297 94855 3 3408503 101502 1.8 21 11 7 12 48% 34875 10871 2537 123%
c
c  seconds    switched      rate            size/glue  tier1     binary         remaining
c          MB   reductions     conflicts          size   tier2       irredundant
c           level     restarts        redundant      glue    trail         variables
c
c [ 316.83 46 28 57 297 94855 1 3408503 101502 1.8 29 15 7 16 50% 34875 10871 2537 123%
c W 318.06 46 28 57 297 94855 1 3408503 101502 1.8 29 15 7 16 50% 34875 10871 2537 123%
c - 319.06 46 27 57 298 94862 1 3421756 99277 1.8 28 15 7 16 50% 34875 10871 2537 123%
c - 320.46 46 26 57 299 94869 1 3439020 100003 1.8 27 15 7 16 50% 34875 10871 2537 123%
c - 321.98 46 24 57 300 94879 1 3456314 100452 1.8 26 14 7 16 50% 34875 10871 2537 123%
c - 323.45 46 23 57 301 94884 1 3473634 101584 1.8 26 14 7 16 49% 34875 10871 2537 123%
c - 325.04 46 23 57 302 94886 1 3490985 101850 1.9 25 14 7 16 49% 34875 10871 2537 123%
c - 326.73 46 22 57 303 94897 1 3508364 102386 1.9 25 13 7 16 49% 34875 10871 2537 123%
c - 328.31 46 22 57 304 94903 1 3525771 100535 1.9 25 13 7 16 49% 34875 10871 2537 123%
c - 330.02 46 22 57 305 94913 1 3543208 98641 1.9 25 13 7 16 49% 34875 10871 2537 123%
c ] 331.61 46 22 58 305 94916 1 3559413 113839 1.9 26 13 7 16 49% 34875 10871 2537 123%
c { 331.61 46 22 58 305 94916 3 3559413 113839 1.8 21 11 7 12 48% 34875 10871 2537 123%
c - 331.74 46 22 58 306 94949 3 3560672 98969 1.8 21 11 7 12 48% 34875 10871 2537 123%
c o 332.10 46 22 58 306 95000 3 3565202 103272 1.8 21 11 7 12 48% 34875 10871 2537 123%
c - 333.12 46 21 58 307 95087 2 3578164 100093 1.8 20 11 7 12 48% 34875 10871 2537 123%
c u 333.91 46 21 58 307 95124 2 3580469 100052 1.8 20 11 7 12 48% 34875 10871 2537 123%
c v 334.55 46 21 58 307 95124 2 3580469 98961 1.8 20 11 7 12 48% 34875 10871 2537 123%
c w 334.77 46 21 58 307 95124 2 3580469 96569 1.8 20 11 7 12 48% 34875 10871 2537 123%
c - 335.93 46 21 58 308 95358 2 3595685 99116 1.8 20 11 7 12 48% 34875 10871 2537 123%
c - 337.25 46 20 58 309 95410 2 3613236 101677 1.8 19 11 7 12 48% 34875 10871 2537 123%
c
c  seconds    switched      rate            size/glue  tier1     binary         remaining
c          MB   reductions     conflicts          size   tier2       irredundant
c           level     restarts        redundant      glue    trail         variables
c
c - 338.69 46 20 58 310 96006 2 3630814 102442 1.8 19 11 7 12 48% 34875 10871 2537 123%
c - 340.06 46 19 58 311 96398 2 3648420 103653 1.8 19 11 7 12 48% 34875 10871 2537 123%
c - 341.45 46 19 58 312 96801 2 3666056 105527 1.8 19 11 7 12 48% 34875 10871 2537 123%
c - 342.90 46 19 58 313 97216 2 3683722 107322 1.8 19 11 7 12 47% 34875 10871 2537 123%
c - 344.32 46 18 58 314 97777 2 3701413 109412 1.8 18 10 7 12 47% 34875 10871 2537 123%
c - 345.79 46 19 58 315 98355 2 3719133 112108 1.8 18 10 7 12 47% 34875 10871 2537 123%
c - 347.26 46 18 58 316 98944 2 3736881 114521 1.7 18 10 7 12 47% 34875 10871 2537 123%
c } 347.54 46 18 59 316 99136 2 3740043 117392 1.7 18 10 7 12 47% 34875 10871 2537 123%
c [ 347.54 46 22 59 316 99136 1 3740043 117392 1.9 26 13 7 16 49% 34875 10871 2537 123%
c O 347.54 46 22 59 316 99136 1 3740043 117392 1.9 26 13 7 16 49% 34875 10871 2537 123%
c - 348.69 46 21 59 317 99145 1 3754658 116491 1.9 25 13 7 16 49% 34875 10871 2537 123%
c u 350.46 46 21 59 317 99150 1 3768748 128579 1.9 24 13 7 16 49% 34875 10871 2537 123%
c v 351.06 46 21 59 317 99150 1 3768748 124614 1.9 24 13 7 16 49% 34875 10871 2537 123%
c w 351.28 46 21 59 317 99150 1 3768748 120433 1.9 24 13 7 16 49% 34875 10871 2537 123%
c - 351.66 46 20 59 318 99150 1 3772463 109282 1.9 24 13 7 16 49% 34875 10871 2537 123%
c - 353.40 46 20 59 319 99162 1 3790295 113162 1.9 24 13 7 16 49% 34875 10871 2537 123%
c - 354.97 46 21 59 320 99166 1 3808155 114722 1.8 24 13 7 16 49% 34875 10871 2537 123%
c - 356.65 46 22 59 321 99169 1 3826043 111906 1.8 24 13 7 16 49% 34875 10871 2537 123%
c - 358.49 46 21 59 322 99180 1 3843959 112981 1.8 24 13 7 16 49% 34875 10871 2537 123%
c - 360.28 46 21 59 323 99187 1 3861904 115041 1.8 23 13 7 16 49% 34875 10871 2537 123%
c
c  seconds    switched      rate            size/glue  tier1     binary         remaining
c          MB   reductions     conflicts          size   tier2       irredundant
c           level     restarts        redundant      glue    trail         variables
c
c - 362.18 46 20 59 324 99196 1 3879876 114479 1.8 23 13 7 15 49% 34875 10871 2537 123%
c ] 363.33 46 20 60 324 99197 1 3890668 124446 1.8 23 13 7 15 49% 34875 10871 2537 123%
c { 363.33 46 18 60 324 99197 2 3890668 124446 1.7 18 10 7 12 47% 34875 10871 2537 123%
c o 363.34 46 18 60 324 99202 2 3890698 124476 1.7 18 10 7 12 47% 34875 10871 2537 123%
c - 363.96 46 18 60 325 99432 2 3897878 114547 1.7 18 10 7 12 47% 34875 10871 2537 123%
c - 365.47 46 18 60 326 100067 2 3915905 115199 1.7 18 10 7 12 47% 34875 10871 2537 123%
c - 366.95 46 18 60 327 100598 2 3933960 114857 1.7 18 10 7 12 47% 34875 10871 2537 123%
c - 368.41 46 18 60 328 101139 2 3952045 114842 1.7 17 10 7 12 47% 34875 10871 2537 123%
c u 369.91 46 18 60 328 101397 2 3962334 121210 1.7 17 10 7 12 47% 34875 10871 2537 123%
c v 370.58 46 18 60 328 101397 2 3962334 117650 1.7 17 10 7 12 47% 34875 10871 2537 123%
c w 370.81 46 18 60 328 101397 2 3962334 117213 1.7 17 10 7 12 47% 34875 10871 2537 123%
c - 371.53 46 18 60 329 101759 2 3970155 110528 1.7 17 10 7 12 47% 34875 10871 2537 123%
c - 373.02 46 18 60 330 102354 2 3988293 114891 1.7 17 10 7 12 47% 34875 10871 2537 123%
c - 374.50 46 18 60 331 103030 2 4006459 117474 1.7 17 10 7 12 47% 34875 10871 2537 123%
c - 375.95 46 18 60 332 103600 2 4024652 119341 1.7 17 10 7 12 47% 34875 10871 2537 123%
c - 377.36 46 18 60 333 103900 2 4042872 120259 1.7 17 10 7 12 47% 34875 10871 2537 123%
c - 378.93 46 18 60 334 104700 2 4061120 121781 1.7 17 10 7 12 47% 34875 10871 2537 123%
c - 380.50 46 18 60 335 105556 2 4079395 124386 1.7 17 10 7 12 47% 34875 10871 2537 123%
c } 380.83 46 18 61 335 105796 2 4082920 127627 1.7 17 10 7 12 47% 34875 10871 2537 123%
c [ 380.83 46 20 61 335 105796 1 4082920 127627 1.8 23 13 7 15 49% 34875 10871 2537 123%
c
c  seconds    switched       rate            size/glue  tier1     binary         remaining
c          MB   reductions      conflicts          size   tier2       irredundant
c           level      restarts        redundant      glue    trail         variables
c
c B 380.83 46 20 61 335 105796 1 4082920 127627 1.8 23 13 7 15 49% 34875 10871 2537 123%
c - 382.04 46 21 61 336 105805 1 4097698 123159 1.8 23 13 7 15 49% 34875 10871 2537 123%
c - 383.63 46 21 61 337 105811 1 4116028 121065 1.8 23 13 7 15 49% 34875 10871 2537 123%
c - 385.37 46 20 61 338 105823 1 4134386 121841 1.8 23 13 7 15 50% 34875 10871 2537 123%
c - 387.12 46 20 61 339 105826 1 4152770 122402 1.8 23 13 7 15 50% 34875 10871 2537 123%
c u 388.59 46 20 61 339 105826 1 4161254 129586 1.8 23 13 7 15 50% 34875 10871 2537 123%
c v 389.27 46 20 61 339 105826 1 4161254 124804 1.8 23 13 7 15 50% 34875 10871 2537 123%
c w 389.51 46 20 61 339 105826 1 4161254 119535 1.8 23 13 7 15 50% 34875 10871 2537 123%
c o 389.55 46 20 61 339 105826 1 4161254 119535 1.8 23 13 7 15 50% 34875 10871 2537 123%
c - 390.32 46 28 61 340 105832 1 4171183 110345 1.7 25 14 7 15 49% 34875 10871 2537 123%
c - 391.86 46 26 61 341 105841 1 4189622 112265 1.7 24 14 7 15 50% 34875 10871 2537 123%
c - 393.51 46 25 61 342 105848 1 4208089 117158 1.7 24 14 7 15 50% 34875 10871 2537 123%
c - 395.29 46 25 61 343 105856 1 4226582 114659 1.7 24 14 7 15 50% 34875 10871 2537 123%
c - 397.26 46 24 61 344 105857 1 4245102 110947 1.7 24 14 7 15 50% 34875 10871 2537 123%
c W 399.60 46 24 61 344 105858 1 4253014 118595 1.7 24 14 7 15 50% 34875 10871 2537 123%
c ] 399.95 46 24 62 344 105858 1 4256945 122387 1.8 24 14 7 15 50% 34875 10871 2537 123%
c { 399.95 46 18 62 344 105858 2 4256945 122387 1.7 17 10 7 12 47% 34875 10871 2537 123%
c - 400.54 46 18 62 345 106049 2 4263650 111160 1.7 17 10 7 12 47% 34875 10871 2537 123%
c - 402.09 46 18 62 346 106671 2 4282224 111721 1.7 17 10 7 12 47% 34875 10871 2537 123%
c - 403.60 46 18 62 347 107207 2 4300826 112076 1.7 17 10 7 12 47% 34875 10871 2537 123%
c
c  seconds    switched       rate            size/glue  tier1     binary         remaining
c          MB   reductions      conflicts          size   tier2       irredundant
c           level      restarts        redundant      glue    trail         variables
c
c - 405.17 46 18 62 348 107906 2 4319453 113384 1.6 17 10 7 12 47% 34875 10871 2537 123%
c - 406.78 46 18 62 349 108637 2 4338110 115597 1.6 17 10 7 12 47% 34875 10871 2537 123%
c - 408.30 46 18 62 350 109066 2 4356796 116979 1.6 17 10 7 12 47% 34875 10871 2537 123%
c u 409.73 46 18 62 350 109314 2 4365533 123144 1.6 17 10 7 12 47% 34875 10871 2537 123%
c v 410.40 46 18 62 350 109314 2 4365533 119732 1.6 17 10 7 12 47% 34875 10871 2537 123%
c w 410.63 46 18 62 350 109314 2 4365533 119476 1.6 17 10 7 12 47% 34875 10871 2537 123%
c - 411.53 46 18 62 351 109765 2 4375505 113629 1.6 17 10 7 12 47% 34875 10871 2537 123%
c - 413.14 46 18 62 352 110433 2 4394239 117267 1.6 17 10 7 12 47% 34875 10871 2537 123%
c - 414.74 46 18 62 353 111127 2 4413001 121039 1.6 17 10 7 12 47% 34875 10871 2537 123%
c - 416.40 46 18 62 354 111886 2 4431790 124000 1.6 17 10 7 12 47% 34875 10871 2537 123%
c o 417.21 46 18 62 354 112142 2 4441287 132542 1.6 17 10 7 12 47% 34875 10871 2537 123%
c - 418.13 46 18 62 355 112913 2 4450604 125737 1.6 17 10 7 12 47% 34875 10871 2537 123%
c } 419.02 46 18 63 355 113277 2 4461154 135480 1.6 17 10 7 12 47% 34875 10871 2537 123%
c [ 419.02 46 24 63 355 113277 1 4461154 135480 1.8 24 14 7 15 50% 34875 10871 2537 123%
c I 419.02 46 24 63 355 113277 1 4461154 135480 1.8 24 14 7 15 50% 34875 10871 2537 123%
c - 419.70 46 25 63 356 113283 1 4469446 123358 1.8 25 14 7 15 50% 34875 10871 2537 123%
c - 421.32 46 26 63 357 113291 1 4488315 116864 1.8 27 15 7 16 49% 34875 10871 2537 123%
c - 423.08 46 27 63 358 113299 1 4507209 112105 1.8 28 16 7 16 49% 34875 10871 2537 123%
c - 424.98 46 27 63 359 113306 1 4526129 111652 1.9 29 16 7 16 49% 34875 10871 2537 123%
c - 426.74 46 27 63 360 113309 1 4545076 112039 1.9 30 16 7 16 49% 34875 10871 2537 123%
c
c  seconds    switched       rate            size/glue  tier1     binary         remaining
c          MB   reductions      conflicts          size   tier2       irredundant
c           level      restarts        redundant      glue    trail         variables
c
c - 428.56 46 27 63 361 113321 1 4564049 108245 1.9 30 16 7 16 49% 34875 10871 2537 123%
c u 430.24 46 27 63 361 113322 1 4575196 117269 1.8 30 16 7 16 49% 34875 10871 2537 123%
c v 430.95 46 27 63 361 113322 1 4575196 116752 1.8 30 16 7 16 49% 34875 10871 2537 123%
c w 431.23 46 27 63 361 113322 1 4575196 112931 1.8 30 16 7 16 49% 34875 10871 2537 123%
c - 431.98 46 27 63 362 113328 1 4583050 103066 1.8 30 16 7 16 49% 34875 10871 2537 123%
c - 433.72 46 26 63 363 113337 1 4602076 105338 1.9 30 16 7 16 49% 34875 10871 2537 123%
c - 435.47 46 26 63 364 113338 1 4621128 106195 1.9 30 16 7 16 49% 34875 10871 2537 123%
c - 437.35 46 26 63 365 113339 1 4640207 105358 1.9 30 15 7 16 49% 34875 10871 2537 123%
c B 437.94 46 26 63 365 113339 1 4646489 111499 1.9 29 15 7 16 49% 34875 10871 2537 123%
c ] 438.30 46 27 64 365 113339 1 4650517 115429 1.9 29 15 7 16 49% 34875 10871 2537 123%
c { 438.30 46 18 64 365 113339 2 4650517 115429 1.6 17 10 7 12 47% 34875 10871 2537 123%
c - 439.07 46 18 64 366 113414 2 4659312 105795 1.7 17 10 7 12 47% 34875 10871 2537 123%
c - 440.79 46 18 64 367 114221 2 4678443 109287 1.7 17 10 7 12 47% 34875 10871 2537 123%
c - 442.45 46 18 64 368 114823 2 4697601 113456 1.6 17 10 7 12 47% 34875 10871 2537 123%
c - 444.10 46 18 64 369 115403 2 4716784 115808 1.7 17 10 7 12 47% 34875 10871 2537 123%
c o 445.39 46 18 64 369 116039 2 4731419 129432 1.7 17 10 7 12 47% 34875 10871 2537 123%
c - 445.80 46 18 64 370 116190 2 4735993 117976 1.6 17 10 7 12 47% 34875 10871 2537 123%
c - 447.49 46 18 64 371 116932 2 4755228 120010 1.7 17 10 7 12 47% 34875 10871 2537 123%
c - 449.21 46 18 64 372 117638 2 4774490 121308 1.7 17 10 7 12 47% 34875 10871 2537 123%
c u 451.28 46 18 64 372 118002 2 4790269 134171 1.7 17 10 7 12 47% 34875 10871 2537 123%
c
c  seconds    switched       rate            size/glue  tier1     binary         remaining
c          MB   reductions      conflicts          size   tier2       irredundant
c           level      restarts        redundant      glue    trail         variables
c
c v 452.02 46 18 64 372 118002 2 4790269 132101 1.7 17 10 7 12 47% 34875 10871 2537 123%
c w 452.27 46 18 64 372 118002 2 4790269 131614 1.7 17 10 7 12 47% 34875 10871 2537 123%
c - 455.50 46 18 64 373 118177 2 4793779 119030 1.7 17 10 7 12 47% 34875 10871 2537 123%
c - 457.17 46 18 64 374 118899 2 4813093 122196 1.7 17 10 7 12 47% 34875 10871 2537 123%
c - 458.87 46 18 64 375 119582 2 4832432 125055 1.7 17 10 7 12 47% 34875 10871 2537 123%
c - 460.58 46 18 64 376 120131 2 4851799 126431 1.7 17 10 7 12 47% 34875 10871 2537 123%
c } 461.93 46 18 65 376 120732 2 4867017 140526 1.7 17 10 7 12 47% 34875 10871 2537 123%
c [ 461.93 46 27 65 376 120732 1 4867017 140526 1.9 29 15 7 16 49% 34875 10871 2537 123%
c W 463.86 46 27 65 376 120732 1 4867017 140526 1.9 29 15 7 16 49% 34875 10871 2537 123%
c - 464.22 46 27 65 377 120735 1 4871190 126411 1.9 29 15 7 16 49% 34875 10871 2537 123%
c - 465.98 46 26 65 378 120745 1 4890607 125614 1.9 29 15 7 16 49% 34875 10871 2537 123%
c - 467.91 46 25 65 379 120753 1 4910050 124521 1.9 28 15 7 16 49% 34875 10871 2537 123%
c - 470.06 46 24 65 380 120761 1 4929518 124021 1.9 27 14 7 16 49% 34875 10871 2537 123%
c - 472.24 46 23 65 381 120762 1 4949012 123607 1.9 27 14 7 16 49% 34875 10871 2537 123%
c - 474.24 46 23 65 382 120775 1 4968531 122116 1.9 26 14 7 16 49% 34875 10871 2537 123%
c - 476.37 46 23 65 383 120783 1 4988076 120795 1.9 26 14 7 16 49% 34875 10871 2537 123%
c - 478.47 46 22 65 384 120792 1 5007646 122811 1.9 25 13 7 16 49% 34875 10871 2537 123%
c u 479.42 46 22 65 384 120792 1 5010753 125456 1.9 25 13 7 16 49% 34875 10871 2537 123%
c v 480.03 46 22 65 384 120792 1 5010753 120469 1.9 25 13 7 16 49% 34875 10871 2537 123%
c w 480.25 46 22 65 384 120792 1 5010753 117466 1.9 25 13 7 16 49% 34875 10871 2537 123%
c
c  seconds    switched       rate            size/glue  tier1     binary         remaining
c          MB   reductions      conflicts          size   tier2       irredundant
c           level      restarts        redundant      glue    trail         variables
c
c - 482.00 46 22 65 385 120793 1 5027243 115744 1.9 25 13 7 16 49% 34875 10871 2537 123%
c - 484.00 46 21 65 386 120794 1 5046864 117150 1.9 25 13 7 16 50% 34875 10871 2537 123%
c ] 484.80 46 21 66 386 120794 1 5054742 124460 1.9 24 13 7 16 50% 34875 10871 2537 123%
c { 484.80 46 18 66 386 120794 2 5054742 124460 1.7 17 10 7 12 47% 34875 10871 2537 123%
c o 484.88 46 18 66 386 120799 2 5055605 125284 1.7 17 10 7 12 47% 34875 10871 2537 123%
c - 485.80 46 18 66 387 120800 2 5066511 117797 1.6 17 10 7 12 47% 34875 10871 2537 123%
c - 487.54 46 16 66 388 120807 2 5086183 117234 1.6 16 10 7 12 47% 34875 10871 2537 123%
c - 489.20 46 15 66 389 120850 2 5105881 119485 1.6 16 10 7 12 47% 34875 10871 2537 123%
c - 490.88 46 14 66 390 120857 2 5125604 122068 1.6 15 10 7 12 47% 34875 10871 2537 123%
c - 492.57 46 14 66 391 120860 2 5145352 123972 1.6 15 9 7 12 47% 34875 10871 2537 123%
c - 494.29 46 13 66 392 120947 2 5165126 128339 1.6 15 9 7 12 47% 34875 10871 2537 123%
c - 496.00 46 13 66 393 121112 1 5184924 133387 1.6 15 9 7 12 47% 34875 10871 2537 123%
c - 497.79 46 12 66 394 121347 1 5204748 137258 1.6 14 9 7 12 47% 34875 10871 2537 123%
c - 499.58 46 12 66 395 121494 1 5224597 140568 1.6 14 9 7 12 47% 34875 10871 2537 123%
c u 501.43 46 12 66 395 121667 1 5236697 143152 1.6 14 9 7 12 47% 34875 10871 2537 123%
c v 502.19 46 12 66 395 121667 1 5236697 139605 1.6 14 9 7 12 47% 34875 10871 2537 123%
c w 502.42 46 12 66 395 121667 1 5236697 139499 1.6 14 9 7 12 47% 34875 10871 2537 123%
c - 503.18 46 12 66 396 121837 1 5244472 133941 1.6 14 9 7 12 47% 34875 10871 2537 123%
c - 505.02 46 12 66 397 122277 1 5264371 138813 1.6 14 9 7 12 47% 34875 10871 2537 123%
c } 506.79 46 12 67 397 122657 1 5283857 154456 1.6 14 9 7 12 47% 34875 10871 2537 123%
c
c  seconds    switched       rate            size/glue  tier1     binary         remaining
c          MB   reductions      conflicts          size   tier2       irredundant
c           level      restarts        redundant      glue    trail         variables
c
c [ 506.79 46 21 67 397 122657 1 5283857 154456 1.9 24 13 7 16 50% 34875 10871 2537 123%
c O 506.79 46 21 67 397 122657 1 5283857 154456 1.9 24 13 7 16 50% 34875 10871 2537 123%
c - 506.86 46 21 67 398 122657 1 5284296 140924 1.9 24 13 7 16 50% 34875 10871 2537 123%
c - 508.64 46 21 67 399 122669 1 5304245 141924 1.8 24 13 7 16 50% 34875 10871 2537 123%
c - 510.56 46 21 67 400 122677 1 5324220 143091 1.8 24 13 7 16 49% 34875 10871 2537 123%
c - 512.59 46 22 67 401 122686 1 5344220 141082 1.8 25 14 7 16 49% 34875 10871 2537 123%
c - 514.82 46 23 67 402 122687 1 5364245 137017 1.8 25 14 7 16 49% 34875 10871 2537 123%
c - 517.15 46 23 67 403 122699 1 5384295 135727 1.8 25 14 7 16 49% 34875 10871 2537 123%
c - 519.39 46 23 67 404 122707 1 5404369 135362 1.8 25 14 7 16 49% 34875 10871 2537 123%
c - 521.73 46 23 67 405 122717 1 5424469 134956 1.8 25 14 7 16 48% 34875 10871 2537 123%
c - 524.04 46 22 67 406 122718 1 5444593 135608 1.8 25 14 7 16 48% 34875 10871 2537 123%
c - 526.38 46 22 67 407 122719 1 5464743 135911 1.8 25 14 7 16 48% 34875 10871 2537 123%
c u 527.70 46 22 67 407 122719 1 5468105 137764 1.8 25 14 7 16 48% 34875 10871 2537 123%
c v 528.71 46 22 67 407 122719 1 5468105 133980 1.8 25 14 7 16 48% 34875 10871 2537 123%
c w 529.06 46 22 67 407 122719 1 5468105 130738 1.8 25 14 7 16 48% 34875 10871 2537 123%
c o 529.09 46 22 67 407 122719 1 5468105 130738 1.8 25 14 7 16 48% 34875 10871 2537 123%
c ] 529.94 46 34 68 407 122719 1 5477834 140238 1.7 27 16 7 16 48% 34875 10871 2537 123%
c { 529.94 46 12 68 407 122719 1 5477834 140238 1.6 14 9 7 12 47% 34875 10871 2537 123%
c - 530.84 46 12 68 408 123805 2 5484917 127454 1.6 14 9 7 12 47% 34875 10871 2537 123%
c - 533.32 46 14 68 409 126765 2 5505116 130995 1.6 15 10 7 12 47% 34875 10871 2537 123%
c
c  seconds    switched       rate            size/glue  tier1     binary         remaining
c          MB   reductions      conflicts          size   tier2       irredundant
c           level      restarts        redundant      glue    trail         variables
c
c - 535.66 46 15 68 410 128872 2 5525339 136494 1.6 15 10 7 12 47% 34875 10871 2537 123%
c - 537.85 46 16 68 411 130286 2 5545588 138453 1.6 16 10 7 12 47% 34875 10871 2537 123%
c - 539.84 46 16 68 412 131194 2 5565861 138728 1.6 16 10 7 12 47% 34875 10871 2537 123%
c - 541.85 46 17 68 413 132365 2 5586158 139806 1.6 16 10 7 12 47% 34875 10871 2537 123%
c - 543.83 46 17 68 414 133268 2 5606481 141947 1.6 16 10 7 12 47% 34875 10871 2537 123%
c - 545.74 46 17 68 415 134003 2 5626827 142463 1.6 16 10 7 12 47% 34875 10871 2537 123%
c - 547.74 46 18 68 416 135145 3 5647200 143893 1.6 17 10 7 12 47% 34875 10871 2537 123%
c - 549.54 46 17 68 417 135571 2 5667597 145373 1.6 17 10 7 12 47% 34875 10871 2537 123%
c - 551.48 46 17 68 418 136425 2 5688017 146155 1.6 17 10 7 12 47% 34875 10871 2537 123%
c u 553.91 46 18 68 418 136886 2 5704998 159683 1.6 17 10 7 12 47% 34875 10871 2537 123%
c v 554.87 46 18 68 418 136886 2 5704998 155726 1.6 17 10 7 12 47% 34875 10871 2537 123%
c w 555.17 46 18 68 418 136886 2 5704998 155140 1.6 17 10 7 12 47% 34875 10871 2537 123%
c - 555.57 46 18 68 419 136988 2 5708463 113598 1.6 17 10 6 12 47% 34875 10871 2537 123%
c } 556.59 46 18 69 419 137549 2 5719894 124108 1.6 17 10 6 12 47% 34875 10871 2537 123%
c [ 556.59 46 34 69 419 137549 1 5719894 124108 1.7 27 16 7 16 48% 34875 10871 2537 123%
c B 556.59 46 34 69 419 137549 1 5719894 124108 1.7 27 16 7 16 48% 34875 10871 2537 123%
c - 557.39 46 34 69 420 137555 1 5728935 106097 1.7 27 16 7 16 48% 34875 10871 2537 123%
c - 559.34 46 31 69 421 137563 1 5749429 103623 1.7 26 15 7 16 48% 34875 10871 2537 123%
c - 561.47 46 29 69 422 137574 1 5769947 104128 1.7 26 15 7 16 48% 34875 10871 2537 123%
c - 563.68 46 27 69 423 137579 1 5790489 104547 1.7 25 14 7 16 49% 34875 10871 2537 123%
c
c  seconds    switched       rate            size/glue  tier1     binary         remaining
c          MB   reductions      conflicts          size   tier2       irredundant
c           level      restarts        redundant      glue    trail         variables
c
c - 566.11 46 25 69 424 137586 1 5811055 104044 1.7 24 14 7 16 49% 34875 10871 2537 123%
c - 568.24 46 25 69 425 137594 1 5831648 102236 1.8 24 14 7 16 49% 34875 10871 2537 123%
c - 570.51 46 24 69 426 137606 1 5852264 99126 1.8 24 14 7 16 49% 34875 10871 2537 123%
c - 572.84 46 23 69 427 137610 1 5872904 99431 1.8 24 14 7 16 49% 34875 10871 2537 123%
c - 575.15 46 23 69 428 137611 1 5893567 98605 1.8 24 14 7 16 49% 34875 10871 2537 123%
c - 577.46 46 23 69 429 137611 1 5914257 95162 1.8 24 14 7 15 49% 34875 10871 2537 123%
c - 579.75 46 22 69 430 137623 1 5934970 95349 1.8 24 13 7 15 49% 34875 10871 2537 123%
c W 582.44 46 22 69 430 137625 1 5937176 97447 1.8 24 13 7 15 49% 34875 10871 2537 123%
c o 582.44 46 22 69 430 137625 1 5937176 97447 1.8 24 13 7 15 49% 34875 10871 2537 123%
c ] 582.51 46 23 70 430 137625 1 5938151 98408 1.8 24 14 7 15 49% 34875 10871 2537 123%
c { 582.51 46 18 70 430 137625 2 5938151 98408 1.6 17 10 6 12 47% 34875 10871 2537 123%
c u 585.08 46 21 70 430 139230 3 5947402 104525 1.6 18 11 6 12 47% 34875 10871 2537 123%
c v 586.22 46 21 70 430 139230 3 5947402 102862 1.6 18 11 6 12 47% 34875 10871 2537 123%
c w 586.61 46 21 70 430 139230 3 5947402 101990 1.6 18 11 6 12 47% 34875 10871 2537 123%
c - 588.13 46 24 70 431 140674 4 5955706 87450 1.7 19 12 6 12 47% 34875 10871 2537 123%
c - 591.93 46 30 70 432 144278 5 5976466 83081 1.7 22 13 6 12 47% 34875 10871 2537 123%
c - 595.76 46 35 70 433 147856 6 5997250 81593 1.7 24 14 6 12 47% 34875 10871 2537 123%
c - 599.51 46 39 70 434 151176 7 6018060 81448 1.8 26 15 6 12 47% 34875 10871 2537 123%
c - 603.22 46 42 70 435 154138 7 6038893 81855 1.8 27 15 6 12 47% 34875 10871 2537 123%
c - 606.54 46 44 70 436 156429 7 6059749 82832 1.8 29 16 6 12 47% 34875 10871 2537 123%
c
c  seconds    switched       rate           size/glue  tier1     binary         remaining
c          MB   reductions      conflicts         size   tier2       irredundant
c           level      restarts        redundant     glue    trail         variables
c
c - 609.70 46 45 70 437 158415 7 6080632 83613 1.9 30 16 6 12 47% 34875 10871 2537 123%
c - 612.55 46 46 70 438 159828 7 6101537 84024 1.9 30 16 6 12 47% 34875 10871 2537 123%
c - 615.51 46 46 70 439 161200 6 6122465 84515 1.9 31 16 6 12 47% 34875 10871 2537 123%
c - 618.41 46 47 70 440 162434 6 6143418 84302 1.9 32 16 6 12 47% 34875 10871 2537 123%
c - 621.13 46 47 70 441 163465 6 6164395 84699 2.0 32 16 6 12 47% 34875 10871 2537 123%
c - 623.96 46 47 70 442 164600 6 6185395 84761 2.0 33 17 6 12 48% 34875 10871 2537 123%
c } 624.94 46 47 71 442 164971 5 6193483 92715 2.0 33 17 6 12 48% 34875 10871 2537 123%
c [ 624.94 46 23 71 442 164971 1 6193483 92715 1.8 24 14 7 15 49% 34875 10871 2537 123%
c I 624.94 46 23 71 442 164971 1 6193483 92715 1.8 24 14 7 15 49% 34875 10871 2537 123%
c u 626.41 46 24 71 442 164972 1 6195344 89763 1.8 25 14 7 15 49% 34875 10871 2537 123%
c v 627.78 46 24 71 442 164972 1 6195344 88973 1.8 25 14 7 15 49% 34875 10871 2537 123%
c w 628.30 46 24 71 442 164972 1 6195344 88816 1.8 25 14 7 15 49% 34875 10871 2537 123%
c - 629.45 46 26 71 443 164978 1 6206419 78114 1.8 26 15 7 15 49% 34875 10871 2537 123%
c - 631.57 46 26 71 444 164987 1 6227467 78907 1.8 27 15 7 16 49% 34875 10871 2537 123%
c - 633.77 46 25 71 445 164999 1 6248541 84006 1.8 27 14 7 16 49% 34875 10871 2537 123%
c - 635.92 46 25 71 446 165001 1 6269637 88110 1.9 27 14 7 16 49% 34875 10871 2537 123%
c - 638.16 46 24 71 447 165011 1 6290755 88858 1.9 26 14 7 15 49% 34875 10871 2537 123%
c - 640.43 46 23 71 448 165019 1 6311897 91231 1.9 26 14 7 15 49% 34875 10871 2537 123%
c - 642.60 46 23 71 449 165031 1 6333063 89747 1.9 26 14 7 15 49% 34875 10871 2537 123%
c - 644.91 46 23 71 450 165032 1 6354252 85984 1.9 25 14 7 15 48% 34875 10871 2537 123%
c
c  seconds    switched       rate           size/glue  tier1     binary         remaining
c          MB   reductions      conflicts         size   tier2       irredundant
c           level      restarts        redundant     glue    trail         variables
c
c - 647.39 46 22 71 451 165033 1 6375467 87122 1.8 25 14 7 15 48% 34875 10871 2537 123%
c - 649.73 46 22 71 452 165039 1 6396705 89207 1.8 25 14 7 15 48% 34875 10871 2537 123%
c - 652.11 46 21 71 453 165048 1 6417966 91096 1.8 24 13 7 15 48% 34875 10871 2537 123%
c B 653.08 46 21 71 453 165052 1 6427451 100076 1.8 24 13 7 15 48% 34875 10871 2537 123%
c o 653.09 46 21 71 453 165052 1 6427451 100076 1.8 24 13 7 15 48% 34875 10871 2537 123%
c - 654.24 46 22 71 454 165058 1 6439249 91820 1.8 24 13 7 15 48% 34875 10871 2537 123%
c u 656.13 46 22 71 454 165063 1 6448823 98544 1.8 24 13 7 15 48% 34875 10871 2537 123%
c v 657.17 46 22 71 454 165063 1 6448823 91152 1.8 24 13 7 15 48% 34875 10871 2537 123%
c w 657.54 46 22 71 454 165063 1 6448823 90413 1.8 24 13 7 15 48% 34875 10871 2537 123%
c - 658.77 46 22 71 455 165064 1 6460557 86590 1.8 24 13 7 15 48% 34875 10871 2537 123%
c - 661.05 46 21 71 456 165071 1 6481889 91428 1.8 24 13 7 15 49% 34875 10871 2537 123%
c - 663.55 46 20 71 457 165079 1 6503243 94523 1.8 23 13 7 15 49% 34875 10871 2537 123%
c - 665.99 46 20 71 458 165092 1 6524621 95858 1.8 23 12 7 15 49% 34875 10871 2537 123%
c - 668.36 46 21 71 459 165095 1 6546021 94125 1.8 23 13 7 15 49% 34875 10871 2537 123%
c ] 669.23 46 21 72 459 165095 1 6554105 101988 1.9 24 13 7 15 49% 34875 10871 2537 123%
c { 669.23 46 47 72 459 165095 5 6554105 101988 2.0 33 17 6 12 48% 34875 10871 2537 123%
c - 670.62 46 44 72 460 165097 5 6567446 92215 2.0 32 16 6 12 48% 34875 10871 2537 123%
c - 672.96 46 39 72 461 165101 4 6588893 95024 2.0 30 15 6 12 48% 34875 10871 2537 123%
c - 675.24 46 34 72 462 165101 4 6610364 98460 1.9 27 14 6 12 48% 34875 10871 2537 123%
c - 677.44 46 30 72 463 165101 3 6631858 100041 1.9 26 13 6 12 48% 34875 10871 2537 123%
c
c  seconds    switched       rate            size/glue  tier1     binary         remaining
c          MB   reductions      conflicts          size   tier2       irredundant
c           level      restarts        redundant      glue    trail         variables
c
c - 679.29 46 27 72 464 165131 3 6653376 100897 1.9 24 13 6 12 48% 34875 10871 2537 123%
c - 681.10 46 25 72 465 165169 3 6674916 101475 1.9 23 12 6 12 48% 34875 10871 2537 123%
c - 682.85 46 23 72 466 165237 2 6696479 101946 1.8 22 12 6 12 48% 34875 10871 2537 123%
c u 684.76 46 23 72 466 165297 2 6707892 108676 1.8 22 12 6 12 48% 34875 10871 2537 123%
c v 685.78 46 23 72 466 165297 2 6707892 100772 1.8 22 12 6 12 48% 34875 10871 2537 123%
c w 686.12 46 23 72 466 165297 2 6707892 97943 1.8 22 12 6 12 48% 34875 10871 2537 123%
c - 687.03 46 22 72 467 165446 2 6718067 95455 1.8 21 12 6 12 48% 34875 10871 2537 123%
c - 688.82 46 21 72 468 165551 2 6739677 98927 1.8 21 11 6 12 48% 34875 10871 2537 123%
c - 690.61 46 20 72 469 165716 2 6761310 99939 1.8 20 11 6 12 48% 34875 10871 2537 123%
c o 691.17 46 20 72 469 165768 2 6767881 105830 1.8 20 11 6 12 48% 34875 10871 2537 123%
c - 692.43 46 19 72 470 165947 2 6782966 100357 1.8 19 11 6 12 48% 34875 10871 2537 123%
c - 694.26 46 19 72 471 166157 2 6804646 101607 1.8 19 11 6 12 47% 34875 10871 2537 123%
c } 695.83 46 18 73 471 166445 2 6823021 117866 1.7 18 11 6 12 47% 34875 10871 2537 123%
c [ 695.83 46 21 73 471 166445 1 6823021 117866 1.9 24 13 7 15 49% 34875 10871 2537 123%
c W 699.00 46 21 73 471 166445 1 6823021 117866 1.9 24 13 7 15 49% 34875 10871 2537 123%
c - 699.32 46 22 73 472 166447 1 6826350 100724 1.9 24 13 7 15 49% 34875 10871 2537 123%
c - 701.50 46 23 73 473 166459 1 6848077 94401 1.9 26 14 7 15 49% 34875 10871 2537 123%
c - 703.70 46 24 73 474 166468 1 6869825 89582 1.9 27 14 7 15 49% 34875 10871 2537 123%
c - 706.02 46 24 73 475 166475 1 6891596 90054 1.9 27 14 7 15 49% 34875 10871 2537 123%
c - 708.50 46 25 73 476 166482 1 6913390 89045 1.9 28 15 6 15 49% 34875 10871 2537 123%
c
c  seconds    switched       rate           size/glue  tier1     binary         remaining
c          MB   reductions      conflicts         size   tier2       irredundant
c           level      restarts        redundant     glue    trail         variables
c
c - 710.95 46 25 73 477 166490 1 6935207 88974 1.9 28 15 6 15 49% 34875 10871 2537 123%
c - 713.30 46 25 73 478 166503 1 6957047 90357 1.9 29 15 6 15 49% 34875 10871 2537 123%
c u 715.88 46 25 73 478 166506 1 6972550 103581 1.9 29 15 6 15 50% 34875 10871 2537 123%
c v 716.89 46 25 73 478 166506 1 6972550 103454 1.9 29 15 6 15 50% 34875 10871 2537 123%
c w 717.27 46 25 73 478 166506 1 6972550 100970 1.9 29 15 6 15 50% 34875 10871 2537 123%
c - 717.92 46 25 73 479 166506 1 6978911 88672 1.9 29 15 6 15 50% 34875 10871 2537 123%
c - 720.24 46 26 73 480 166507 1 7000799 88533 1.9 30 15 6 15 50% 34875 10871 2537 123%
c - 722.64 46 26 73 481 166510 1 7022710 88407 1.9 30 16 6 15 50% 34875 10871 2537 123%
c - 725.10 46 26 73 482 166522 1 7044642 90981 2.0 30 15 6 15 50% 34875 10871 2537 123%
c ] 725.84 46 25 74 482 166522 1 7051441 97367 2.0 30 15 6 15 50% 34875 10871 2537 123%
c { 725.84 46 18 74 482 166522 2 7051441 97367 1.7 18 11 6 12 47% 34875 10871 2537 123%
c - 727.26 46 18 74 483 167012 2 7066596 96419 1.7 18 11 6 12 47% 34875 10871 2537 123%
c - 729.26 46 18 74 484 167443 2 7088574 102061 1.7 18 11 6 12 47% 34875 10871 2537 123%
c - 731.18 46 18 74 485 167937 2 7110574 104515 1.7 18 10 6 12 47% 34875 10871 2537 123%
c o 732.04 46 17 74 485 168108 2 7120979 113660 1.7 18 10 6 12 47% 34875 10871 2537 123%
c - 733.14 46 18 74 486 168670 2 7132597 105578 1.7 18 10 6 12 47% 34875 10871 2537 123%
c - 735.06 46 17 74 487 169175 2 7154642 106519 1.7 17 10 6 12 47% 34875 10871 2537 123%
c - 737.14 46 18 74 488 169966 2 7176710 107639 1.7 17 10 6 12 47% 34875 10871 2537 123%
c - 739.22 46 18 74 489 170902 2 7198803 108913 1.7 18 10 6 12 47% 34875 10871 2537 123%
c - 741.22 46 18 74 490 171454 2 7220917 109499 1.7 17 10 6 12 47% 34875 10871 2537 123%
c
c  seconds    switched       rate            size/glue  tier1     binary         remaining
c          MB   reductions      conflicts          size   tier2       irredundant
c           level      restarts        redundant      glue    trail         variables
c
c u 744.15 46 18 74 490 172063 2 7242820 126361 1.7 17 10 6 12 47% 34875 10871 2537 123%
c v 745.13 46 18 74 490 172063 2 7242820 118995 1.7 17 10 6 12 47% 34875 10871 2537 123%
c w 745.48 46 18 74 490 172063 2 7242820 118650 1.7 17 10 6 12 47% 34875 10871 2537 123%
c - 745.56 46 18 74 491 172089 2 7243052 100862 1.7 17 10 6 12 47% 34875 10871 2537 123%
c - 747.67 46 18 74 492 173155 2 7265213 105345 1.7 17 10 6 12 47% 34875 10871 2537 123%
c - 749.68 46 18 74 493 173869 2 7287394 108839 1.7 17 10 6 12 47% 34875 10871 2537 123%
c - 751.73 46 18 74 494 174719 2 7309600 109815 1.7 17 10 6 12 47% 34875 10871 2537 123%
c - 753.80 46 18 74 495 175380 2 7331826 110475 1.7 17 10 6 12 47% 34875 10871 2537 123%
c } 754.02 46 18 75 495 175407 2 7334266 112631 1.7 17 10 6 12 47% 34875 10871 2537 123%
c [ 754.02 46 25 75 495 175407 1 7334266 112631 2.0 30 15 6 15 50% 34875 10871 2537 123%
c O 754.02 46 25 75 495 175407 1 7334266 112631 2.0 30 15 6 15 50% 34875 10871 2537 123%
c - 755.76 46 24 75 496 175419 1 7354075 109900 1.9 28 15 6 15 50% 34875 10871 2537 123%
c - 757.91 46 23 75 497 175428 1 7376346 108426 1.9 27 14 6 15 49% 34875 10871 2537 123%
c - 760.34 46 23 75 498 175436 1 7398639 106297 1.9 27 14 6 15 49% 34875 10871 2537 123%
c - 762.70 46 24 75 499 175441 1 7420954 103580 1.9 27 14 6 15 49% 34875 10871 2537 123%
c - 765.19 46 24 75 500 175452 1 7443292 98632 1.9 28 15 6 15 49% 34875 10871 2537 123%
c - 767.75 46 24 75 501 175463 1 7465653 95520 1.9 28 15 6 15 49% 34875 10871 2537 123%
c - 770.26 46 24 75 502 175468 1 7488036 98788 1.9 27 15 6 15 49% 34875 10871 2537 123%
c - 772.68 46 23 75 503 175469 1 7510441 101766 1.9 27 14 6 15 49% 34875 10871 2537 123%
c u 774.59 46 23 75 503 175469 1 7518706 106767 1.9 27 14 6 15 49% 34875 10871 2537 123%
c
c  seconds    switched       rate            size/glue  tier1     binary         remaining
c          MB   reductions      conflicts          size   tier2       irredundant
c           level      restarts        redundant      glue    trail         variables
c
c v 775.71 46 23 75 503 175469 1 7518706 103594 1.9 27 14 6 15 49% 34875 10871 2537 123%
c w 776.11 46 23 75 503 175469 1 7518706 102119 1.9 27 14 6 15 49% 34875 10871 2537 123%
c o 780.27 46 23 75 503 175469 1 7518706 102119 1.9 27 14 6 15 49% 34875 10871 2537 123%
c - 781.48 46 33 75 504 175471 1 7532869 95229 1.8 27 15 6 15 49% 34875 10871 2537 123%
c - 783.67 46 32 75 505 175483 1 7555319 97928 1.9 27 15 6 15 48% 34875 10871 2537 123%
c - 785.94 46 31 75 506 175493 1 7577791 99203 1.9 28 15 6 15 48% 34875 10871 2537 123%
c ] 787.14 46 30 76 506 175499 1 7588776 109768 1.9 28 15 6 15 48% 34875 10871 2537 123%
c { 787.14 46 18 76 506 175499 2 7588776 109768 1.7 17 10 6 12 47% 34875 10871 2537 123%
c - 788.34 46 18 76 507 175911 2 7600285 101312 1.7 17 10 6 12 47% 34875 10871 2537 123%
c - 790.43 46 18 76 508 176707 2 7622801 106640 1.7 17 10 6 12 47% 34875 10871 2537 123%
c - 792.70 46 18 76 509 177736 2 7645339 109789 1.7 17 10 6 12 47% 34875 10871 2537 123%
c - 794.89 46 18 76 510 178708 2 7667900 111172 1.7 17 10 6 12 47% 34875 10871 2537 123%
c - 797.07 46 18 76 511 179637 2 7690484 111707 1.6 17 10 6 12 47% 34875 10871 2537 123%
c - 799.21 46 18 76 512 180188 2 7713091 112190 1.6 17 10 6 12 47% 34875 10871 2537 123%
c - 801.38 46 18 76 513 180934 2 7735718 112750 1.6 17 10 6 12 47% 34875 10871 2537 123%
c - 803.52 46 18 76 514 181901 2 7758368 112745 1.6 17 10 6 12 47% 34875 10871 2537 123%
c - 805.62 46 18 76 515 182566 2 7781039 112974 1.6 17 10 6 12 47% 34875 10871 2537 123%
c u 808.14 46 18 76 515 183287 2 7800256 127994 1.6 17 10 6 12 47% 34875 10871 2537 123%
c v 808.87 46 18 76 515 183287 2 7800256 124480 1.6 17 10 6 12 47% 34875 10871 2537 123%
c w 809.13 46 18 76 515 183287 2 7800256 124059 1.6 17 10 6 12 47% 34875 10871 2537 123%
c
c  seconds    switched       rate            size/glue  tier1     binary         remaining
c          MB   reductions      conflicts          size   tier2       irredundant
c           level      restarts        redundant      glue    trail         variables
c
c - 809.72 46 18 76 516 183408 2 7803733 107485 1.6 17 10 6 12 47% 34875 10871 2537 123%
c - 811.94 46 18 76 517 184450 2 7826449 108998 1.6 17 10 6 12 47% 34875 10871 2537 123%
c - 814.13 46 18 76 518 185356 2 7849188 111742 1.7 17 10 6 12 47% 34875 10871 2537 123%
c - 816.24 46 18 76 519 186055 2 7871947 112509 1.7 17 10 6 12 47% 34875 10871 2537 123%
c } 817.55 46 18 77 519 186574 2 7885826 125138 1.7 17 10 6 12 47% 34875 10871 2537 123%
c [ 817.55 46 30 77 519 186574 1 7885826 125138 1.9 28 15 6 15 48% 34875 10871 2537 123%
c B 817.55 46 30 77 519 186574 1 7885826 125138 1.9 28 15 6 15 48% 34875 10871 2537 123%
c o 818.08 46 30 77 519 186579 1 7891975 131055 1.9 28 15 6 15 48% 34875 10871 2537 123%
c - 818.31 46 35 77 520 186580 1 7894732 109927 1.8 28 16 6 15 48% 34875 10871 2537 123%
c - 820.40 46 33 77 521 186588 1 7917535 104733 1.8 28 16 6 16 49% 34875 10871 2537 123%
c - 822.65 46 31 77 522 186602 1 7940364 102604 1.8 27 15 6 15 49% 34875 10871 2537 123%
c - 824.92 46 29 77 523 186604 1 7963213 104806 1.8 26 15 6 15 49% 34875 10871 2537 123%
c - 827.33 46 27 77 524 186616 1 7986082 106845 1.8 26 14 6 15 49% 34875 10871 2537 123%
c - 829.79 46 26 77 525 186626 1 8008976 108205 1.8 25 14 6 15 49% 34875 10871 2537 123%
c - 832.44 46 24 77 526 186634 1 8031888 108581 1.8 25 14 6 15 49% 34875 10871 2537 123%
c - 835.09 46 23 77 527 186636 1 8054822 110249 1.8 24 13 6 15 49% 34875 10871 2537 123%
c - 837.80 46 21 77 528 186636 1 8077779 113429 1.9 24 13 6 15 48% 34875 10871 2537 123%
c u 839.97 46 21 77 528 186640 1 8087471 119185 1.9 23 13 6 15 48% 34875 10871 2537 123%
c v 841.14 46 21 77 528 186640 1 8087471 103739 1.9 23 13 6 15 48% 34875 10871 2537 123%
c w 841.54 46 21 77 528 186640 1 8087471 94992 1.9 23 13 6 15 48% 34875 10871 2537 123%
c
c  seconds    switched       rate           size/glue  tier1     binary         remaining
c          MB   reductions      conflicts         size   tier2       irredundant
c           level      restarts        redundant     glue    trail         variables
c
c - 842.86 46 21 77 529 186648 1 8100758 94312 1.9 24 13 6 15 48% 34875 10871 2537 123%
c - 845.25 46 21 77 530 186658 1 8123758 103352 1.9 24 13 6 15 49% 34875 10871 2537 123%
c - 847.83 46 20 77 531 186666 1 8146779 110401 1.9 24 12 6 15 49% 34875 10871 2537 123%
c ] 847.85 46 20 78 531 186666 1 8146989 110603 1.9 24 12 6 15 49% 34875 10871 2537 123%
c { 847.85 46 18 78 531 186666 2 8146989 110603 1.7 17 10 6 12 47% 34875 10871 2537 123%
c - 850.00 46 18 78 532 187453 2 8169822 112787 1.7 17 10 6 12 47% 34875 10871 2537 123%
c - 852.16 46 18 78 533 188252 2 8192889 114411 1.7 17 10 6 12 47% 34875 10871 2537 123%
c - 854.30 46 18 78 534 189006 2 8215975 115554 1.6 17 10 6 12 47% 34875 10871 2537 123%
c - 856.61 46 18 78 535 190231 2 8239085 116253 1.6 17 10 6 12 47% 34875 10871 2537 123%
c - 858.84 46 18 78 536 191190 2 8262215 116264 1.6 17 10 6 12 47% 34875 10871 2537 123%
c o 859.78 46 18 78 536 191437 2 8272385 125553 1.7 17 10 6 12 47% 34875 10871 2537 123%
c - 861.00 46 18 78 537 191872 2 8285367 116785 1.7 17 10 6 12 47% 34875 10871 2537 123%
c - 863.15 46 18 78 538 192489 2 8308542 116386 1.6 17 10 6 12 47% 34875 10871 2537 123%
c - 865.35 46 18 78 539 193230 2 8331736 116316 1.6 17 10 6 12 47% 34875 10871 2537 123%
c - 867.57 46 18 78 540 194036 2 8354952 116850 1.6 17 10 6 12 47% 34875 10871 2537 123%
c - 869.82 46 18 78 541 195006 2 8378189 117029 1.6 17 10 6 12 47% 34875 10871 2537 123%
c u 871.04 46 18 78 541 195152 2 8380351 115607 1.6 17 10 6 12 47% 34875 10871 2537 123%
c v 872.09 46 18 78 541 195152 2 8380351 112298 1.6 17 10 6 12 47% 34875 10871 2537 123%
c w 872.46 46 18 78 541 195152 2 8380351 111787 1.6 17 10 6 12 47% 34875 10871 2537 123%
c - 874.54 46 18 78 542 195944 2 8401450 111859 1.6 17 10 6 12 47% 34875 10871 2537 123%
c
c  seconds    switched       rate            size/glue  tier1     binary         remaining
c          MB   reductions      conflicts          size   tier2       irredundant
c           level      restarts        redundant      glue    trail         variables
c
c - 876.79 46 18 78 543 196794 2 8424730 113306 1.6 17 10 6 12 47% 34875 10871 2537 123%
c - 879.11 46 18 78 544 197801 2 8448033 114248 1.6 17 10 6 12 47% 34875 10871 2537 123%
c } 880.10 46 18 79 544 198186 2 8458579 123793 1.6 17 10 6 12 47% 34875 10871 2537 123%
c [ 880.10 46 20 79 544 198186 1 8458579 123793 1.9 24 12 6 15 49% 34875 10871 2537 123%
c W 884.01 46 20 79 544 198186 1 8458579 123793 1.9 24 12 6 15 49% 34875 10871 2537 123%
c - 885.19 46 20 79 545 198193 1 8471356 113636 1.9 24 12 6 15 49% 34875 10871 2537 123%
c - 887.52 46 20 79 546 198203 1 8494704 112333 1.9 24 12 6 15 49% 34875 10871 2537 123%
c - 889.78 46 20 79 547 198215 1 8518073 111496 1.9 23 13 6 15 49% 34875 10871 2537 123%
c - 892.27 46 20 79 548 198217 1 8541463 110731 1.9 23 13 6 15 49% 34875 10871 2537 123%
c - 894.89 46 20 79 549 198230 1 8564872 111893 1.9 23 12 6 15 49% 34875 10871 2537 123%
c - 897.32 46 21 79 550 198241 1 8588305 109321 1.9 24 13 6 15 49% 34875 10871 2537 123%
c - 899.79 46 21 79 551 198247 1 8611757 105990 1.9 24 13 6 15 50% 34875 10871 2537 123%
c - 902.38 46 20 79 552 198248 1 8635231 108391 1.8 24 13 6 15 49% 34875 10871 2537 123%
c - 905.09 46 20 79 553 198251 1 8658725 110236 1.8 24 13 6 15 49% 34875 10871 2537 123%
c u 908.69 46 20 79 553 198262 1 8678947 127954 1.9 24 13 6 15 49% 34875 10871 2537 123%
c v 910.07 46 20 79 553 198262 1 8678947 125111 1.9 24 13 6 15 49% 34875 10871 2537 123%
c w 910.54 46 20 79 553 198262 1 8678947 122574 1.9 24 13 6 15 49% 34875 10871 2537 123%
c o 910.58 46 20 79 553 198262 1 8678947 122574 1.9 24 13 6 15 49% 34875 10871 2537 123%
c - 910.95 46 22 79 554 198263 1 8682240 106478 1.8 24 13 6 15 49% 34875 10871 2537 123%
c - 913.40 46 21 79 555 198275 1 8705777 110209 1.8 24 13 6 15 49% 34875 10871 2537 123%
c
c  seconds    switched       rate            size/glue  tier1     binary         remaining
c          MB   reductions      conflicts          size   tier2       irredundant
c           level      restarts        redundant      glue    trail         variables
c
c - 915.99 46 21 79 556 198279 1 8729335 112197 1.8 24 13 6 15 49% 34875 10871 2537 123%
c I 916.76 46 21 79 556 198279 1 8736244 118585 1.8 24 13 6 15 49% 34875 10871 2537 123%
c ] 917.27 46 22 80 556 198282 1 8741203 123377 1.8 25 13 6 15 49% 34875 10871 2537 123%
c { 917.27 46 18 80 556 198282 2 8741203 123377 1.6 17 10 6 12 47% 34875 10871 2537 123%
c - 918.46 46 18 80 557 198473 2 8752914 113011 1.6 17 10 6 12 47% 34875 10871 2537 123%
c - 920.93 46 18 80 558 199288 2 8776515 114984 1.6 17 10 6 12 47% 34875 10871 2537 123%
c - 923.29 46 18 80 559 199995 2 8800139 117439 1.6 17 10 6 12 47% 34875 10871 2537 123%
c - 925.57 46 18 80 560 200610 2 8823782 118285 1.7 17 10 6 12 47% 34875 10871 2537 123%
c - 927.92 46 18 80 561 201342 2 8847446 103905 1.7 17 10 5 12 47% 34875 10871 2537 123%
c - 930.32 46 18 80 562 202419 2 8871132 100181 1.7 17 10 5 12 47% 34875 10871 2537 123%
c - 932.60 46 18 80 563 203280 2 8894838 98922 1.7 17 10 5 12 47% 34875 10871 2537 123%
c - 934.93 46 18 80 564 204011 2 8918565 98659 1.6 17 10 5 12 47% 34875 10871 2537 123%
c - 937.38 46 18 80 565 204926 2 8942313 98611 1.7 17 10 5 12 47% 34875 10871 2537 123%
c - 939.80 46 18 80 566 205709 2 8966083 99024 1.7 17 10 5 12 47% 34875 10871 2537 123%
c u 942.56 46 18 80 566 206295 2 8983260 107977 1.6 17 10 5 12 47% 34875 10871 2537 123%
c v 943.71 46 18 80 566 206295 2 8983260 101648 1.6 17 10 5 12 47% 34875 10871 2537 123%
c w 944.12 46 18 80 566 206295 2 8983260 101040 1.6 17 10 5 12 47% 34875 10871 2537 123%
c - 944.83 46 18 80 567 206744 2 8989873 87699 1.6 17 10 5 12 47% 34875 10871 2537 123%
c - 947.05 46 18 80 568 207559 2 9013687 90437 1.6 17 10 5 12 47% 34875 10871 2537 123%
c - 949.33 46 18 80 569 208451 2 9037520 93067 1.6 17 10 5 12 47% 34875 10871 2537 123%
c
c  seconds    switched       rate           size/glue  tier1     binary         remaining
c          MB   reductions      conflicts         size   tier2       irredundant
c           level      restarts        redundant     glue    trail         variables
c
c - 951.68 46 18 80 570 209354 2 9061376 93760 1.6 17 10 5 12 47% 34875 10871 2537 123%
c } 952.24 46 18 81 570 209529 2 9067647 99314 1.6 17 10 5 12 47% 34875 10871 2537 123%
c [ 952.24 46 22 81 570 209529 1 9067647 99314 1.8 25 13 6 15 49% 34875 10871 2537 123%
c B 952.24 46 22 81 570 209529 1 9067647 99314 1.8 25 13 6 15 49% 34875 10871 2537 123%
c - 953.83 46 22 81 571 209540 1 9085250 92604 1.9 25 13 6 15 49% 34875 10871 2537 123%
c - 956.14 46 21 81 572 209550 1 9109145 89915 1.8 24 13 6 15 49% 34875 10871 2537 123%
c - 958.64 46 21 81 573 209558 1 9133063 89472 1.8 24 13 6 15 49% 34875 10871 2537 123%
c - 961.24 46 21 81 574 209565 1 9157002 88758 1.8 24 13 6 15 49% 34875 10871 2537 123%
c - 963.90 46 21 81 575 209574 1 9180961 88714 1.8 24 13 6 15 48% 34875 10871 2537 123%
c - 966.34 46 21 81 576 209588 1 9204942 91169 1.8 24 13 6 15 49% 34875 10871 2537 123%
c - 968.82 46 21 81 577 209590 1 9228942 90468 1.9 25 13 6 15 48% 34875 10871 2537 123%
c - 971.40 46 21 81 578 209591 1 9252962 89584 1.9 25 13 6 15 48% 34875 10871 2537 123%
c - 974.20 46 20 81 579 209599 1 9277006 91525 1.9 25 13 6 15 48% 34875 10871 2537 123%
c u 977.09 46 20 81 579 209606 1 9293314 102465 1.9 25 13 6 15 48% 34875 10871 2537 123%
c v 978.39 46 20 81 579 209606 1 9293314 95381 1.9 25 13 6 15 48% 34875 10871 2537 123%
c w 978.84 46 20 81 579 209606 1 9293314 86931 1.9 25 13 6 15 48% 34875 10871 2537 123%
c o 978.87 46 20 81 579 209606 1 9293314 86931 1.9 25 13 6 15 48% 34875 10871 2537 123%
c - 979.54 46 25 81 580 209609 1 9301069 78032 1.9 26 14 6 15 48% 34875 10871 2537 123%
c - 981.75 46 24 81 581 209621 1 9325152 84180 1.8 25 13 6 15 49% 34875 10871 2537 123%
c - 984.01 46 23 81 582 209625 1 9349255 90063 1.8 24 13 6 15 49% 34875 10871 2537 123%
c
c  seconds    switched       rate            size/glue  tier1     binary         remaining
c          MB   reductions      conflicts          size   tier2       irredundant
c           level      restarts        redundant      glue    trail         variables
c
c W 990.10 46 23 81 582 209633 1 9363558 103654 1.8 24 13 6 15 49% 34875 10871 2537 123%
c - 990.97 46 24 81 583 209637 1 9373381 88898 1.8 24 14 6 15 49% 34875 10871 2537 123%
c ] 991.46 46 25 82 583 209637 1 9379142 94506 1.8 25 14 6 15 49% 34875 10871 2537 123%
c { 991.46 46 18 82 583 209637 2 9379142 94506 1.6 17 10 5 12 47% 34875 10871 2537 123%
c - 993.04 46 17 82 584 209647 2 9397526 87506 1.6 16 10 5 12 47% 34875 10871 2537 123%
c - 995.19 46 15 82 585 209684 2 9421692 88233 1.6 16 10 5 12 47% 34875 10871 2537 123%
c - 997.22 46 14 82 586 209743 2 9445879 91484 1.6 15 9 5 12 47% 34875 10871 2537 123%
c - 999.31 46 13 82 587 209799 2 9470086 93399 1.6 15 9 5 11 47% 34875 10871 2537 123%
c - 1001.45 46 13 82 588 209975 2 9494316 93884 1.6 15 9 5 11 47% 34875 10871 2537 123%
c - 1003.58 46 12 82 589 210209 1 9518564 94000 1.6 15 9 5 11 47% 34875 10871 2537 123%
c - 1005.75 46 12 82 590 210482 1 9542834 94548 1.6 14 9 5 11 47% 34875 10871 2537 123%
c - 1007.97 46 12 82 591 210782 1 9567123 94966 1.6 14 9 5 11 47% 34875 10871 2537 123%
c - 1010.20 46 11 82 592 211082 1 9591433 94855 1.6 14 9 5 11 47% 34875 10871 2537 123%
c u 1012.86 46 11 82 592 211641 1 9609110 101923 1.6 14 9 5 11 47% 34875 10871 2537 123%
c v 1013.92 46 11 82 592 211641 1 9609110 92371 1.6 14 9 5 11 47% 34875 10871 2537 123%
c w 1014.29 46 11 82 592 211641 1 9609110 92027 1.6 14 9 5 11 47% 34875 10871 2537 123%
c - 1014.90 46 11 82 593 211644 1 9615765 82722 1.6 14 9 5 11 47% 34875 10871 2537 123%
c - 1017.15 46 11 82 594 212522 1 9640118 88495 1.6 14 9 5 11 47% 34875 10871 2537 123%
c - 1019.39 46 11 82 595 213305 1 9664490 91188 1.6 14 9 5 11 47% 34875 10871 2537 123%
c - 1021.67 46 11 82 596 214073 1 9688883 92745 1.6 14 9 5 11 47% 34875 10871 2537 123%
c
c   seconds    switched       rate            size/glue tier1     binary         remaining
c           MB   reductions      conflicts          size  tier2       irredundant
c            level      restarts        redundant     glue    trail         variables
c
c o 1023.00 46 11 82 596 214417 1 9703437 104214 1.6 14 9 5 11 47% 34875 10871 2537 123%
c - 1023.89 46 11 82 597 214614 1 9713296 92400 1.6 14 9 5 11 47% 34875 10871 2537 123%
c } 1024.60 46 11 83 597 214940 1 9720748 98438 1.6 14 9 5 11 47% 34875 10871 2537 123%
c [ 1024.60 46 25 83 597 214940 1 9720748 98438 1.8 25 14 6 15 49% 34875 10871 2537 123%
c O 1024.60 46 25 83 597 214940 1 9720748 98438 1.8 25 14 6 15 49% 34875 10871 2537 123%
c - 1025.89 46 24 83 598 214950 1 9737733 92795 1.8 24 14 6 15 49% 34875 10871 2537 123%
c - 1027.99 46 23 83 599 214961 1 9762187 93164 1.8 24 13 6 15 49% 34875 10871 2537 123%
c - 1030.35 46 22 83 600 214970 1 9786663 94004 1.8 24 13 6 15 49% 34875 10871 2537 123%
c - 1032.78 46 22 83 601 214977 1 9811157 94176 1.8 24 13 6 15 49% 34875 10871 2537 123%
c - 1035.36 46 21 83 602 214986 1 9835672 94540 1.8 24 13 6 15 49% 34875 10871 2537 123%
c - 1037.82 46 21 83 603 215000 1 9860207 94022 1.8 24 13 6 15 49% 34875 10871 2537 123%
c - 1040.30 46 23 83 604 215002 1 9884764 88415 1.8 25 14 6 15 49% 34875 10871 2537 123%
c - 1042.86 46 24 83 605 215002 1 9909341 86075 1.9 26 14 6 15 49% 34875 10871 2537 123%
c u 1046.17 46 25 83 605 215010 1 9930675 102193 1.8 26 14 6 15 49% 34875 10871 2537 123%
c v 1047.37 46 25 83 605 215010 1 9930675 101976 1.8 26 14 6 15 49% 34875 10871 2537 123%
c w 1047.82 46 25 83 605 215010 1 9930675 101473 1.8 26 14 6 15 49% 34875 10871 2537 123%
c - 1048.17 46 25 83 606 215013 1 9933937 82119 1.8 26 14 6 15 49% 34875 10871 2537 123%
c - 1050.43 46 25 83 607 215024 1 9958555 82882 1.8 25 14 6 15 50% 34875 10871 2537 123%
c - 1052.80 46 24 83 608 215033 1 9983192 85666 1.8 25 14 6 15 50% 34875 10871 2537 123%
c - 1055.39 46 24 83 609 215040 1 10007849 84080 1.8 25 15 6 15 50% 34875 10871 2537 123%
c
c   seconds    switched       rate            size/glue  tier1     binary         remaining
c           MB   reductions      conflicts          size   tier2       irredundant
c            level      restarts         redundant     glue    trail         variables
c
c - 1058.26 46 24 83 610 215049 1 10032526 81829 1.8 26 15 6 15 50% 34875 10871 2537 123%
c ] 1058.41 46 24 84 610 215050 1 10033814 83063 1.8 26 15 6 15 50% 34875 10871 2537 123%
c { 1058.41 46 11 84 610 215050 1 10033814 83063 1.6 14 9 5 11 47% 34875 10871 2537 123%
c - 1061.27 46 13 84 611 218959 2 10057225 87191 1.5 14 9 5 11 47% 34875 10871 2537 123%
c - 1064.13 46 15 84 612 221737 2 10081944 92253 1.5 15 10 5 11 47% 34875 10871 2537 123%
c - 1066.78 46 16 84 613 223747 3 10106683 93878 1.6 16 10 5 11 47% 34875 10871 2537 123%
c o 1068.52 46 16 84 613 224861 3 10123767 109447 1.6 16 10 5 11 47% 34875 10871 2537 123%
c - 1069.31 46 17 84 614 225244 3 10131441 94472 1.6 16 10 5 11 47% 34875 10871 2537 123%
c - 1071.79 46 17 84 615 226458 3 10156222 94857 1.6 16 10 5 11 47% 34875 10871 2537 123%
c - 1074.32 46 17 84 616 227620 3 10181021 95507 1.6 16 10 5 11 47% 34875 10871 2537 123%
c - 1076.62 46 17 84 617 228485 3 10205840 95688 1.6 17 10 5 11 47% 34875 10871 2537 123%
c - 1079.06 46 18 84 618 229831 3 10230680 95672 1.6 17 10 5 11 47% 34875 10871 2537 123%
c - 1081.44 46 18 84 619 230703 2 10255539 96094 1.6 17 10 5 11 47% 34875 10871 2537 123%
c u 1082.85 46 18 84 619 230922 3 10258031 93026 1.6 17 10 5 11 47% 34875 10871 2537 123%
c v 1084.07 46 18 84 619 230922 3 10258031 86454 1.6 17 10 5 11 47% 34875 10871 2537 123%
c w 1084.49 46 18 84 619 230922 3 10258031 85620 1.6 17 10 5 11 47% 34875 10871 2537 123%
c - 1086.51 46 18 84 620 231900 3 10280418 86006 1.6 17 10 5 11 47% 34875 10871 2537 123%
c - 1088.66 46 18 84 621 232623 2 10305319 89082 1.6 17 10 5 11 47% 34875 10871 2537 123%
c - 1090.93 46 18 84 622 233604 2 10330239 90646 1.6 17 10 5 11 47% 34875 10871 2537 123%
c - 1093.21 46 18 84 623 234530 2 10355180 91481 1.6 17 10 5 11 47% 34875 10871 2537 123%
c
c   seconds    switched       rate            size/glue  tier1     binary         remaining
c           MB   reductions      conflicts          size   tier2       irredundant
c            level      restarts         redundant     glue    trail         variables
c
c - 1095.49 46 18 84 624 235349 2 10380140 91246 1.6 17 10 5 11 47% 34875 10871 2537 123%
c } 1096.49 46 18 85 624 235702 2 10390893 101102 1.6 17 10 5 11 47% 34875 10871 2537 123%
c [ 1096.49 46 24 85 624 235702 1 10390893 101102 1.8 26 15 6 15 50% 34875 10871 2537 123%
c B 1096.49 46 24 85 624 235702 1 10390893 101102 1.8 26 15 6 15 50% 34875 10871 2537 123%
c - 1097.71 46 23 85 625 235710 1 10405120 90329 1.8 25 14 6 15 50% 34875 10871 2537 123%
c - 1100.09 46 23 85 626 235722 1 10430120 88409 1.8 25 14 6 15 50% 34875 10871 2537 123%
c - 1102.76 46 22 85 627 235731 1 10455139 84924 1.8 25 14 6 15 50% 34875 10871 2537 123%
c - 1105.53 46 21 85 628 235738 1 10480179 85070 1.8 24 14 6 15 50% 34875 10871 2537 123%
c - 1108.21 46 21 85 629 235747 1 10505240 86497 1.8 24 14 6 15 50% 34875 10871 2537 123%
c - 1110.94 46 21 85 630 235762 1 10530320 83388 1.8 24 14 6 15 50% 34875 10871 2537 123%
c - 1113.60 46 21 85 631 235764 1 10555421 84836 1.8 24 14 6 15 50% 34875 10871 2537 123%
c - 1116.30 46 21 85 632 235764 1 10580540 86003 1.8 24 14 6 15 50% 34875 10871 2537 123%
c u 1118.67 46 22 85 632 235767 1 10591181 91768 1.8 24 14 6 15 50% 34875 10871 2537 123%
c v 1120.02 46 22 85 632 235767 1 10591181 87862 1.8 24 14 6 15 50% 34875 10871 2537 123%
c w 1120.51 46 22 85 632 235767 1 10591181 83928 1.8 24 14 6 15 50% 34875 10871 2537 123%
c o 1120.55 46 22 85 632 235767 1 10591181 83928 1.8 24 14 6 15 50% 34875 10871 2537 123%
c - 1121.81 46 22 85 633 235776 1 10605680 77491 1.8 24 14 6 15 50% 34875 10871 2537 123%
c - 1124.05 46 22 85 634 235786 1 10630841 81518 1.7 24 14 6 15 50% 34875 10871 2537 123%
c - 1126.29 46 21 85 635 235795 1 10656020 84224 1.7 23 13 6 15 49% 34875 10871 2537 123%
c - 1128.62 46 20 85 636 235802 1 10681220 88342 1.8 23 13 6 15 50% 34875 10871 2537 123%
c
c   seconds    switched       rate            size/glue  tier1     binary         remaining
c           MB   reductions      conflicts          size   tier2       irredundant
c            level      restarts         redundant     glue    trail         variables
c
c - 1131.14 46 21 85 637 235813 1 10706439 86452 1.8 24 13 6 15 50% 34875 10871 2537 123%
c ] 1132.01 46 21 86 637 235817 1 10714713 94252 1.8 24 13 6 15 50% 34875 10871 2537 123%
c { 1132.01 46 18 86 637 235817 2 10714713 94252 1.6 17 10 5 11 47% 34875 10871 2537 123%
c - 1134.86 46 24 86 638 238763 4 10731677 79774 1.7 19 12 5 11 47% 34875 10871 2537 123%
c - 1139.51 46 31 86 639 243160 5 10756935 74755 1.7 22 13 5 11 47% 34875 10871 2537 123%
c - 1144.23 46 37 86 640 247442 6 10782214 71935 1.8 25 14 5 11 47% 34875 10871 2537 123%
c - 1148.96 46 41 86 641 251202 7 10807512 72046 1.8 27 15 5 11 47% 34875 10871 2537 123%
c - 1152.97 46 43 86 642 253722 7 10832830 73636 1.8 28 15 5 11 47% 34875 10871 2537 123%
c - 1156.96 46 45 86 643 256061 7 10858167 74955 1.9 29 16 5 11 47% 34875 10871 2537 123%
c - 1160.74 46 46 86 644 257893 7 10883526 75526 1.9 30 16 5 11 47% 34875 10871 2537 123%
c - 1164.40 46 47 86 645 259484 6 10908903 76140 1.9 31 16 5 11 48% 34875 10871 2537 123%
c u 1169.05 46 47 86 645 260824 6 10930150 90714 1.9 32 16 5 11 48% 34875 10871 2537 123%
c v 1170.70 46 47 86 645 260824 6 10930150 89500 1.9 32 16 5 11 48% 34875 10871 2537 123%
c w 1171.33 46 47 86 645 260824 6 10930150 89373 1.9 32 16 5 11 48% 34875 10871 2537 123%
c - 1171.93 46 47 86 646 261001 6 10934299 69653 2.0 32 16 5 11 48% 34875 10871 2537 123%
c - 1175.15 46 47 86 647 262406 6 10959715 70423 2.0 33 16 5 12 48% 34875 10871 2537 123%
c - 1178.35 46 48 86 648 263756 5 10985152 71195 2.0 33 17 5 12 48% 34875 10871 2537 123%
c - 1181.58 46 48 86 649 264888 5 11010608 71568 2.0 33 17 5 12 48% 34875 10871 2537 123%
c o 1184.02 46 48 86 649 265657 5 11031200 91833 2.0 33 16 5 12 48% 34875 10871 2537 123%
c - 1184.71 46 48 86 650 265891 5 11036083 72472 2.0 34 16 5 12 48% 34875 10871 2537 123%
c
c   seconds    switched       rate            size/glue  tier1     binary         remaining
c           MB   reductions      conflicts          size   tier2       irredundant
c            level      restarts         redundant     glue    trail         variables
c
c - 1187.88 46 47 86 651 267039 5 11061578 73298 2.0 33 16 5 12 48% 34875 10871 2537 123%
c - 1190.97 46 47 86 652 268122 5 11087092 73573 2.0 34 16 5 12 48% 34875 10871 2537 123%
c } 1191.02 46 47 87 652 268141 5 11087568 74041 2.0 34 16 5 12 48% 34875 10871 2537 123%
c [ 1191.02 46 21 87 652 268141 1 11087568 74041 1.8 24 13 6 15 50% 34875 10871 2537 123%
c W 1196.27 46 21 87 652 268141 1 11087568 74041 1.8 24 13 6 15 50% 34875 10871 2537 123%
c - 1198.53 46 22 87 653 268155 1 11112626 75843 1.8 24 13 6 15 50% 34875 10871 2537 123%
c - 1201.18 46 22 87 654 268167 1 11138182 79330 1.8 25 14 6 15 50% 34875 10871 2537 123%
c - 1203.65 46 22 87 655 268171 1 11163758 80827 1.8 25 14 6 15 49% 34875 10871 2537 123%
c - 1206.06 46 23 87 656 268184 1 11189352 79641 1.8 25 14 6 15 49% 34875 10871 2537 123%
c - 1208.52 46 24 87 657 268194 1 11214964 75228 1.9 27 15 6 15 49% 34875 10871 2537 123%
c - 1211.17 46 25 87 658 268202 1 11240596 71675 1.9 29 15 6 15 49% 34875 10871 2537 123%
c - 1213.74 46 26 87 659 268203 1 11266248 72502 1.9 29 15 6 15 49% 34875 10871 2537 123%
c u 1215.78 46 26 87 659 268203 1 11274935 76705 1.9 29 15 6 15 49% 34875 10871 2537 123%
c v 1217.23 46 26 87 659 268203 1 11274935 76030 1.9 29 15 6 15 49% 34875 10871 2537 123%
c w 1217.75 46 26 87 659 268203 1 11274935 74783 1.9 29 15 6 15 49% 34875 10871 2537 123%
c - 1224.83 46 26 87 660 268209 1 11291918 69185 1.9 30 16 6 15 49% 34875 10871 2537 123%
c - 1227.24 46 26 87 661 268219 1 11317608 71365 1.9 29 16 6 15 49% 34875 10871 2537 123%
c - 1229.83 46 25 87 662 268233 1 11343320 75991 1.9 28 15 6 15 49% 34875 10871 2537 123%
c - 1232.47 46 25 87 663 268237 1 11369052 81241 1.8 27 15 6 15 49% 34875 10871 2537 123%
c - 1235.00 46 24 87 664 268249 1 11394802 82599 1.8 26 14 6 15 49% 34875 10871 2537 123%
c
c   seconds    switched       rate            size/glue  tier1     binary         remaining
c           MB   reductions      conflicts          size   tier2       irredundant
c            level      restarts         redundant     glue    trail         variables
c
c - 1237.61 46 23 87 665 268263 1 11420570 84317 1.8 26 14 6 15 49% 34875 10871 2537 123%
c I 1237.68 46 23 87 665 268263 1 11421242 84955 1.8 26 14 6 15 49% 34875 10871 2537 123%
c - 1239.97 46 29 87 666 268265 1 11446357 78626 1.8 28 16 6 15 49% 34875 10871 2537 123%
c - 1242.61 46 34 87 667 268266 1 11472168 70481 1.8 30 17 6 15 49% 34875 10871 2537 123%
c - 1245.32 46 38 87 668 268267 1 11497994 69321 1.8 31 17 6 15 49% 34875 10871 2537 123%
c - 1248.16 46 40 87 669 268267 1 11523839 70593 1.8 31 17 6 15 48% 34875 10871 2537 123%
c - 1251.01 46 41 87 670 268270 1 11549704 71915 1.8 32 18 6 15 48% 34875 10871 2537 123%
c o 1251.13 46 41 87 670 268271 1 11550830 73021 1.8 32 18 6 15 48% 34875 10871 2537 123%
c - 1253.30 46 38 87 671 268282 1 11575589 78404 1.8 30 17 6 15 48% 34875 10871 2537 123%
c - 1255.75 46 34 87 672 268296 1 11601492 86709 1.8 29 16 6 15 48% 34875 10871 2537 123%
c u 1259.20 46 31 87 672 268298 1 11625590 107099 1.9 28 15 6 15 48% 34875 10871 2537 123%
c v 1260.23 46 31 87 672 268298 1 11625590 89924 1.9 28 15 6 15 48% 34875 10871 2537 123%
c w 1260.61 46 31 87 672 268298 1 11625590 80085 1.9 28 15 6 15 48% 34875 10871 2537 123%
c - 1261.00 46 31 87 673 268298 1 11627414 72022 1.9 28 15 6 15 48% 34875 10871 2537 123%
c ] 1261.06 46 31 88 673 268298 1 11627919 72504 1.9 28 15 6 15 48% 34875 10871 2537 123%
c { 1261.06 46 47 88 673 268298 5 11627919 72504 2.0 34 16 5 12 48% 34875 10871 2537 123%
c - 1263.59 46 41 88 674 268301 4 11653356 84312 2.0 31 15 5 12 48% 34875 10871 2537 123%
c - 1265.96 46 36 88 675 268314 3 11679319 91875 2.0 29 14 5 12 48% 34875 10871 2537 123%
c - 1268.10 46 32 88 676 268387 3 11705299 93846 2.0 28 14 5 12 48% 34875 10871 2537 123%
c - 1270.33 46 29 88 677 268419 3 11731299 94086 2.0 26 13 5 12 48% 34875 10871 2537 123%
c
c   seconds    switched       rate            size/glue  tier1     binary         remaining
c           MB   reductions      conflicts          size   tier2       irredundant
c            level      restarts         redundant     glue    trail         variables
c
c - 1272.60 46 26 88 678 268450 2 11757318 94879 2.0 25 13 5 12 48% 34875 10871 2537 123%
c - 1274.85 46 24 88 679 268554 2 11783357 95867 1.9 24 12 5 12 48% 34875 10871 2537 123%
c - 1276.99 46 23 88 680 268649 2 11809414 96766 2.0 23 12 5 12 48% 34875 10871 2537 123%
c - 1279.17 46 21 88 681 268759 2 11835490 96657 1.9 22 11 5 12 48% 34875 10871 2537 123%
c - 1281.38 46 20 88 682 268928 2 11861586 96109 1.9 21 11 5 12 48% 34875 10871 2537 123%
c - 1283.71 46 19 88 683 269426 2 11887701 96009 1.8 20 11 5 12 48% 34875 10871 2537 123%
c - 1285.96 46 19 88 684 269890 2 11913835 96086 1.8 19 11 5 12 48% 34875 10871 2537 123%
c - 1288.26 46 19 88 685 270505 2 11939988 96776 1.8 19 11 5 12 47% 34875 10871 2537 123%
c - 1290.50 46 18 88 686 270853 2 11966160 97287 1.7 19 11 5 12 47% 34875 10871 2537 123%
c u 1292.95 46 18 88 686 271402 2 11982089 107549 1.7 18 11 5 12 47% 34875 10871 2537 123%
c v 1294.09 46 18 88 686 271402 2 11982089 100852 1.7 18 11 5 12 47% 34875 10871 2537 123%
c w 1294.48 46 18 88 686 271402 2 11982089 100056 1.7 18 11 5 12 47% 34875 10871 2537 123%
c - 1295.41 46 18 88 687 271682 2 11992351 88099 1.8 19 11 5 12 47% 34875 10871 2537 123%
c o 1297.04 46 18 88 687 272289 2 12011078 105078 1.7 18 11 5 12 47% 34875 10871 2537 123%
c } 1297.56 46 18 89 687 272518 2 12016856 110398 1.7 18 11 5 12 47% 34875 10871 2537 123%
c [ 1297.56 46 31 89 687 272518 1 12016856 110398 1.9 28 15 6 15 48% 34875 10871 2537 123%
c B 1297.56 46 31 89 687 272518 1 12016856 110398 1.9 28 15 6 15 48% 34875 10871 2537 123%
c - 1297.72 46 31 89 688 272519 1 12018561 92161 1.9 28 15 6 15 48% 34875 10871 2537 123%
c - 1300.22 46 27 89 689 272532 1 12044791 93665 1.9 26 14 6 15 48% 34875 10871 2537 123%
c - 1302.74 46 25 89 690 272546 1 12071039 94174 1.9 25 13 6 15 48% 34875 10871 2537 123%
c
c   seconds    switched       rate            size/glue  tier1     binary         remaining
c           MB   reductions      conflicts          size   tier2       irredundant
c            level      restarts         redundant     glue    trail         variables
c
c - 1305.34 46 23 89 691 272548 1 12097306 94934 1.9 25 13 6 15 48% 34875 10871 2537 123%
c - 1308.14 46 23 89 692 272563 1 12123592 94566 1.9 25 13 6 15 48% 34875 10871 2537 123%
c - 1310.98 46 23 89 693 272575 1 12149897 91710 1.9 25 13 6 15 48% 34875 10871 2537 123%
c - 1313.99 46 21 89 694 272579 1 12176224 92521 1.9 24 13 6 15 48% 34875 10871 2537 123%
c - 1316.73 46 23 89 695 272580 1 12202568 93716 1.9 25 13 6 15 48% 34875 10871 2537 123%
c - 1319.59 46 24 89 696 272590 1 12228930 87678 1.8 25 14 6 15 47% 34875 10871 2537 123%
c - 1322.48 46 23 89 697 272602 1 12255311 89712 1.9 25 14 6 15 48% 34875 10871 2537 123%
c - 1325.52 46 22 89 698 272611 1 12281711 95220 1.9 25 13 6 15 47% 34875 10871 2537 123%
c - 1328.45 46 21 89 699 272619 1 12308130 97859 1.9 25 13 6 15 47% 34875 10871 2537 123%
c - 1331.33 46 21 89 700 272631 1 12334570 98098 1.9 24 13 6 15 47% 34875 10871 2537 123%
c ] 1331.73 46 21 90 700 272633 1 12338452 101807 1.9 24 13 6 15 47% 34875 10871 2537 123%
c { 1331.73 46 18 90 700 272633 2 12338452 101807 1.7 18 11 5 12 47% 34875 10871 2537 123%
c u 1333.68 46 18 90 700 272874 2 12344482 102364 1.7 18 11 5 12 47% 34875 10871 2537 123%
c v 1335.20 46 18 90 700 272874 2 12344482 89220 1.7 18 11 5 12 47% 34875 10871 2537 123%
c w 1335.71 46 18 90 700 272874 2 12344482 83191 1.7 18 11 5 12 47% 34875 10871 2537 123%
c - 1337.29 46 18 90 701 273258 2 12361028 83665 1.7 18 11 5 12 47% 34875 10871 2537 123%
c - 1339.64 46 18 90 702 274008 2 12387506 93217 1.7 18 10 5 12 47% 34875 10871 2537 123%
c - 1341.83 46 17 90 703 274357 2 12414002 96289 1.7 17 10 5 12 47% 34875 10871 2537 123%
c - 1344.16 46 17 90 704 275181 2 12440517 97261 1.7 17 10 5 12 47% 34875 10871 2537 123%
c - 1346.52 46 18 90 705 276185 2 12467049 98352 1.7 17 10 5 12 47% 34875 10871 2537 123%
c
c   seconds    switched       rate             size/glue  tier1     binary         remaining
c           MB   reductions      conflicts           size   tier2       irredundant
c            level      restarts         redundant      glue    trail         variables
c
c o 1347.80 46 18 90 705 276796 2 12481457 111405 1.7 17 10 5 12 47% 34875 10871 2537 123%
c - 1348.90 46 18 90 706 277252 2 12493600 98756 1.7 17 10 5 12 47% 34875 10871 2537 123%
c - 1351.25 46 18 90 707 278069 2 12520170 98726 1.7 17 10 5 12 47% 34875 10871 2537 123%
c - 1353.57 46 18 90 708 278891 2 12546759 99356 1.7 17 10 5 12 47% 34875 10871 2537 123%
c - 1356.12 46 18 90 709 280010 2 12573368 99727 1.7 17 10 5 12 47% 34875 10871 2537 123%
c - 1358.52 46 18 90 710 280924 2 12599995 99965 1.7 17 10 5 12 47% 34875 10871 2537 123%
c - 1361.00 46 18 90 711 281626 2 12626641 100118 1.6 17 10 5 12 47% 34875 10871 2537 123%
c - 1363.58 46 18 90 712 282849 2 12653305 100439 1.6 17 10 5 12 47% 34875 10871 2537 123%
c - 1366.07 46 18 90 713 283933 2 12679988 100920 1.7 17 10 5 12 47% 34875 10871 2537 123%
c - 1368.39 46 18 90 714 284624 2 12706690 100903 1.6 17 10 5 12 47% 34875 10871 2537 123%
c u 1369.97 46 18 90 714 284717 2 12712770 102013 1.6 17 10 5 12 47% 34875 10871 2537 123%
c v 1371.20 46 18 90 714 284717 2 12712770 95383 1.6 17 10 5 12 47% 34875 10871 2537 123%
c w 1371.62 46 18 90 714 284717 2 12712770 94687 1.6 17 10 5 12 47% 34875 10871 2537 123%
c - 1373.47 46 18 90 715 285497 2 12733411 90947 1.6 17 10 5 12 47% 34875 10871 2537 123%
c } 1374.31 46 18 91 715 285785 2 12743772 100190 1.6 17 10 5 12 47% 34875 10871 2537 123%
c [ 1374.31 46 21 91 715 285785 1 12743772 100190 1.9 24 13 6 15 47% 34875 10871 2537 123%
c W 1380.81 46 21 91 715 285785 1 12743772 100190 1.9 24 13 6 15 47% 34875 10871 2537 123%
c - 1382.19 46 21 91 716 285794 1 12760151 93645 1.9 24 13 6 15 47% 34875 10871 2537 123%
c - 1384.75 46 20 91 717 285806 1 12786909 95067 1.9 24 13 6 15 48% 34875 10871 2537 123%
c - 1387.59 46 21 91 718 285815 1 12813685 95623 2.0 25 12 6 15 48% 34875 10871 2537 123%
c
c   seconds    switched       rate            size/glue  tier1     binary         remaining
c           MB   reductions      conflicts          size   tier2       irredundant
c            level      restarts         redundant     glue    trail         variables
c
c - 1390.38 46 21 91 719 285825 1 12840480 94000 2.0 25 13 6 15 48% 34875 10871 2537 123%
c - 1393.27 46 23 91 720 285837 1 12867294 87504 1.9 26 14 6 15 48% 34875 10871 2537 123%
c - 1396.15 46 23 91 721 285846 1 12894126 82601 1.9 26 14 6 15 48% 34875 10871 2537 123%
c - 1398.98 46 22 91 722 285847 1 12920977 87746 1.9 26 14 6 15 48% 34875 10871 2537 123%
c - 1401.84 46 24 91 723 285853 1 12947847 87060 1.9 27 15 6 15 48% 34875 10871 2537 123%
c - 1404.77 46 26 91 724 285864 1 12974736 81848 1.9 28 15 6 15 48% 34875 10871 2537 123%
c - 1407.71 46 26 91 725 285877 1 13001644 80723 1.8 28 16 6 15 48% 34875 10871 2537 123%
c - 1410.55 46 25 91 726 285883 1 13028569 80914 1.8 28 16 6 15 48% 34875 10871 2537 123%
c - 1413.45 46 25 91 727 285894 1 13055513 86010 1.8 28 15 6 15 48% 34875 10871 2537 123%
c ] 1415.90 46 25 92 727 285907 1 13077834 107354 1.8 28 15 6 15 48% 34875 10871 2537 123%
c { 1415.90 46 18 92 727 285907 2 13077834 107354 1.6 17 10 5 12 47% 34875 10871 2537 123%
c o 1415.92 46 18 92 727 285919 2 13077911 107425 1.6 17 10 5 12 47% 34875 10871 2537 123%
c - 1416.38 46 18 92 728 286159 2 13082475 89751 1.6 17 10 5 12 47% 34875 10871 2537 123%
c u 1418.04 46 18 92 728 286402 2 13086955 89602 1.6 17 10 5 12 47% 34875 10871 2537 123%
c v 1419.49 46 18 92 728 286402 2 13086955 87156 1.6 17 10 5 12 47% 34875 10871 2537 123%
c w 1420.01 46 18 92 728 286402 2 13086955 81907 1.6 17 10 5 12 47% 34875 10871 2537 123%
c - 1422.03 46 18 92 729 287402 2 13109456 87903 1.6 17 10 5 12 47% 34875 10871 2537 123%
c - 1424.31 46 18 92 730 288338 2 13136456 96321 1.6 17 10 5 12 47% 34875 10871 2537 123%
c - 1426.67 46 19 92 731 289463 2 13163474 98169 1.6 17 10 5 12 47% 34875 10871 2537 123%
c - 1428.97 46 18 92 732 290278 2 13190511 98896 1.6 17 10 5 12 47% 34875 10871 2537 123%
c
c   seconds    switched       rate            size/glue  tier1     binary         remaining
c           MB   reductions      conflicts          size   tier2       irredundant
c            level      restarts         redundant     glue    trail         variables
c
c - 1431.37 46 18 92 733 291347 2 13217566 99390 1.7 17 10 5 12 47% 34875 10871 2537 123%
c - 1433.61 46 18 92 734 291945 2 13244642 99464 1.7 17 10 5 12 47% 34875 10871 2537 123%
c - 1435.97 46 19 92 735 293032 2 13271734 99403 1.7 17 10 5 12 47% 34875 10871 2537 123%
c - 1438.26 46 18 92 736 293745 2 13298844 99181 1.7 17 10 5 12 47% 34875 10871 2537 123%
c - 1440.55 46 18 92 737 294290 2 13325973 99557 1.7 17 10 5 12 47% 34875 10871 2537 123%
c - 1442.88 46 18 92 738 295184 2 13353121 99903 1.7 17 10 5 12 47% 34875 10871 2537 123%
c - 1445.20 46 18 92 739 296060 2 13380288 100055 1.7 17 10 5 12 47% 34875 10871 2537 123%
c - 1447.55 46 18 92 740 297051 2 13407472 100353 1.7 17 10 5 12 47% 34875 10871 2537 123%
c - 1449.92 46 18 92 741 298018 2 13434677 100388 1.7 17 10 5 12 47% 34875 10871 2537 123%
c - 1452.27 46 18 92 742 299076 2 13461898 100866 1.6 17 10 5 12 47% 34875 10871 2537 123%
c u 1453.80 46 18 92 742 299360 2 13467061 101801 1.6 17 10 5 12 47% 34875 10871 2537 123%
c v 1455.00 46 18 92 742 299360 2 13467061 95516 1.6 17 10 5 12 47% 34875 10871 2537 123%
c w 1455.41 46 18 92 742 299360 2 13467061 94944 1.6 17 10 5 12 47% 34875 10871 2537 123%
c - 1457.30 46 18 92 743 300094 2 13489137 93855 1.6 17 10 5 12 47% 34875 10871 2537 123%
c } 1458.21 46 18 93 743 300516 2 13499838 103542 1.6 17 10 5 12 47% 34875 10871 2537 123%
c [ 1458.21 46 25 93 743 300516 1 13499838 103542 1.8 28 15 6 15 48% 34875 10871 2537 123%
c O 1458.21 46 25 93 743 300516 1 13499838 103542 1.8 28 15 6 15 48% 34875 10871 2537 123%
c - 1459.56 46 24 93 744 300526 1 13516396 97018 1.8 27 15 6 15 49% 34875 10871 2537 123%
c - 1462.07 46 22 93 745 300537 1 13543672 96470 1.8 26 14 6 15 49% 34875 10871 2537 123%
c - 1464.55 46 22 93 746 300546 1 13570968 94493 1.8 25 14 6 15 49% 34875 10871 2537 123%
c
c   seconds    switched       rate            size/glue  tier1     binary         remaining
c           MB   reductions      conflicts          size   tier2       irredundant
c            level      restarts         redundant     glue    trail         variables
c
c - 1467.20 46 22 93 747 300557 1 13598281 94001 1.8 25 14 6 15 49% 34875 10871 2537 123%
c - 1469.98 46 21 93 748 300568 1 13625613 96911 1.9 25 13 6 15 49% 34875 10871 2537 123%
c - 1472.84 46 21 93 749 300577 1 13652964 97544 1.9 25 13 6 15 49% 34875 10871 2537 123%
c - 1475.73 46 20 93 750 300578 1 13680332 97268 1.9 24 13 6 15 49% 34875 10871 2537 123%
c - 1478.73 46 20 93 751 300585 1 13707719 99743 1.9 23 13 6 15 48% 34875 10871 2537 123%
c - 1481.38 46 20 93 752 300598 1 13735123 98379 1.9 24 13 6 15 49% 34875 10871 2537 123%
c - 1484.31 46 22 93 753 300609 1 13762545 92831 1.9 25 13 6 15 49% 34875 10871 2537 123%
c - 1487.42 46 22 93 754 300616 1 13789986 90234 1.9 26 14 6 15 49% 34875 10871 2537 123%
c - 1490.30 46 23 93 755 300629 1 13817445 92095 1.9 26 14 6 15 49% 34875 10871 2537 123%
c - 1493.30 46 23 93 756 300640 1 13844923 91615 1.9 27 14 6 15 49% 34875 10871 2537 123%
c ] 1494.13 46 23 94 756 300640 1 13852766 99097 1.9 27 14 6 15 49% 34875 10871 2537 123%
c { 1494.13 46 18 94 756 300640 2 13852766 99097 1.6 17 10 5 12 47% 34875 10871 2537 123%
c o 1494.13 46 18 94 756 300648 2 13852811 99140 1.6 17 10 5 12 47% 34875 10871 2537 123%
c u 1495.41 46 18 94 756 300698 2 13853115 94745 1.6 17 10 5 12 47% 34875 10871 2537 123%
c v 1496.95 46 18 94 756 300698 2 13853115 94114 1.6 17 10 5 12 47% 34875 10871 2537 123%
c w 1497.50 46 18 94 756 300698 2 13853115 93936 1.6 17 10 5 12 47% 34875 10871 2537 123%
c - 1499.20 46 18 94 757 301258 2 13872419 89384 1.6 17 10 5 12 47% 34875 10871 2537 123%
c - 1501.53 46 18 94 758 302265 2 13899932 96489 1.6 17 10 5 12 47% 34875 10871 2537 123%
c - 1503.74 46 18 94 759 302835 2 13927463 99253 1.7 17 10 5 12 47% 34875 10871 2537 123%
c - 1506.05 46 18 94 760 303660 2 13955013 100525 1.7 17 10 5 12 47% 34875 10871 2537 123%
c
c   seconds    switched       rate             size/glue  tier1     binary         remaining
c           MB   reductions      conflicts           size   tier2       irredundant
c            level      restarts         redundant      glue    trail         variables
c
c - 1508.42 46 18 94 761 304748 2 13982581 100920 1.7 17 10 5 12 47% 34875 10871 2537 123%
c - 1510.75 46 18 94 762 305600 2 14010167 101102 1.7 17 10 5 12 47% 34875 10871 2537 123%
c - 1513.10 46 18 94 763 306355 2 14037771 101309 1.7 17 10 5 12 47% 34875 10871 2537 123%
c - 1515.51 46 18 94 764 307460 2 14065393 101348 1.7 17 10 5 12 47% 34875 10871 2537 123%
c - 1517.99 46 18 94 765 309042 2 14093034 101434 1.6 17 10 5 12 47% 34875 10871 2537 123%
c - 1520.37 46 18 94 766 309999 2 14120693 101836 1.7 17 10 5 12 47% 34875 10871 2537 123%
c - 1522.73 46 18 94 767 310972 2 14148370 102287 1.7 17 10 5 12 47% 34875 10871 2537 123%
c - 1525.17 46 18 94 768 312014 2 14176064 102858 1.7 17 10 5 12 47% 34875 10871 2537 123%
c - 1527.51 46 18 94 769 312726 2 14203776 102714 1.7 17 10 5 12 47% 34875 10871 2537 123%
c - 1529.86 46 18 94 770 313481 2 14231506 102727 1.7 17 10 5 12 47% 34875 10871 2537 123%
c u 1532.02 46 18 94 770 313626 2 14245110 110543 1.7 17 10 5 12 47% 34875 10871 2537 123%
c v 1533.25 46 18 94 770 313626 2 14245110 102627 1.7 17 10 5 12 47% 34875 10871 2537 123%
c w 1533.68 46 18 94 770 313626 2 14245110 101651 1.7 17 10 5 12 47% 34875 10871 2537 123%
c - 1534.93 46 18 94 771 314198 2 14259258 90909 1.7 17 10 5 12 47% 34875 10871 2537 123%
c - 1537.36 46 18 94 772 315543 2 14287024 95104 1.6 17 10 5 12 47% 34875 10871 2537 123%
c } 1537.74 46 18 95 772 315622 2 14291751 99249 1.6 17 10 5 12 47% 34875 10871 2537 123%
c [ 1537.74 46 23 95 772 315622 1 14291751 99249 1.9 27 14 6 15 49% 34875 10871 2537 123%
c B 1537.74 46 23 95 772 315622 1 14291751 99249 1.9 27 14 6 15 49% 34875 10871 2537 123%
c - 1539.67 46 25 95 773 315635 1 14314810 94575 1.9 28 14 6 15 50% 34875 10871 2537 123%
c - 1542.29 46 24 95 774 315648 1 14342612 91591 1.9 27 14 6 15 50% 34875 10871 2537 123%
c
c   seconds    switched       rate            size/glue  tier1     binary         remaining
c           MB   reductions      conflicts          size   tier2       irredundant
c            level      restarts         redundant     glue    trail         variables
c
c - 1544.96 46 24 95 775 315652 1 14370432 92952 1.9 27 14 6 15 50% 34875 10871 2537 123%
c - 1547.82 46 23 95 776 315666 1 14398270 94696 1.9 26 14 6 15 50% 34875 10871 2537 123%
c - 1551.01 46 22 95 777 315680 1 14426126 97400 1.9 26 13 6 15 50% 34875 10871 2537 123%
c - 1553.91 46 21 95 778 315683 1 14454001 99745 1.9 25 13 6 15 50% 34875 10871 2537 123%
c - 1556.92 46 22 95 779 315684 1 14481895 96823 1.9 25 13 6 15 50% 34875 10871 2537 123%
c - 1559.77 46 22 95 780 315698 1 14509805 93610 1.9 26 14 6 15 50% 34875 10871 2537 123%
c - 1562.69 46 22 95 781 315710 1 14537734 92472 1.9 26 14 6 15 50% 34875 10871 2537 123%
c - 1565.72 46 22 95 782 315715 1 14565680 95413 1.9 25 14 6 15 50% 34875 10871 2537 123%
c - 1568.83 46 21 95 783 315729 1 14593647 99174 1.9 25 13 6 15 50% 34875 10871 2537 123%
c - 1572.02 46 21 95 784 315742 1 14621630 100270 1.9 25 13 6 15 50% 34875 10871 2537 123%
c u 1575.85 46 20 95 784 315746 1 14643078 115469 1.9 25 13 6 15 50% 34875 10871 2537 123%
c v 1577.45 46 20 95 784 315746 1 14643078 100326 1.9 25 13 6 15 50% 34875 10871 2537 123%
c w 1578.13 46 20 95 784 315746 1 14643078 87861 1.9 25 13 6 15 50% 34875 10871 2537 123%
c o 1578.16 46 20 95 784 315746 1 14643078 87861 1.9 25 13 6 15 50% 34875 10871 2537 123%
c - 1578.65 46 28 95 785 315746 1 14649630 77447 1.8 26 14 6 15 50% 34875 10871 2537 123%
c ] 1578.87 46 30 96 785 315747 1 14652633 80378 1.8 26 15 6 15 50% 34875 10871 2537 123%
c { 1578.87 46 18 96 785 315747 2 14652633 80378 1.6 17 10 5 12 47% 34875 10871 2537 123%
c - 1580.98 46 18 96 786 316611 2 14677648 89468 1.7 17 10 5 12 47% 34875 10871 2537 123%
c - 1583.38 46 18 96 787 317927 2 14705684 101393 1.7 17 10 5 12 47% 34875 10871 2537 123%
c - 1585.80 46 18 96 788 319233 2 14733737 104883 1.6 17 10 5 12 47% 34875 10871 2537 123%
c
c   seconds    switched       rate             size/glue  tier1     binary         remaining
c           MB   reductions      conflicts           size   tier2       irredundant
c            level      restarts         redundant      glue    trail         variables
c
c - 1588.20 46 18 96 789 320142 2 14761808 105886 1.6 17 10 5 12 47% 34875 10871 2537 123%
c - 1590.60 46 18 96 790 321077 2 14789897 106408 1.6 17 10 5 12 47% 34875 10871 2537 123%
c - 1593.11 46 18 96 791 322535 2 14818004 106752 1.6 17 10 5 12 47% 34875 10871 2537 123%
c - 1595.49 46 18 96 792 323350 2 14846128 106932 1.6 17 10 5 12 47% 34875 10871 2537 123%
c - 1597.85 46 18 96 793 324110 2 14874270 107591 1.7 17 10 5 12 47% 34875 10871 2537 123%
c - 1600.24 46 18 96 794 324948 2 14902430 108040 1.7 17 10 5 12 47% 34875 10871 2537 123%
c - 1602.65 46 18 96 795 325862 2 14930609 108287 1.7 17 10 5 12 47% 34875 10871 2537 123%
c - 1605.04 46 18 96 796 326826 2 14958805 107969 1.7 17 10 5 12 47% 34875 10871 2537 123%
c - 1607.50 46 18 96 797 327857 2 14987019 108050 1.7 17 10 5 12 47% 34875 10871 2537 123%
c - 1609.93 46 18 96 798 328871 2 15015250 108533 1.7 17 10 5 12 47% 34875 10871 2537 123%
c - 1612.47 46 18 96 799 330325 2 15043498 108692 1.7 17 10 5 12 47% 34875 10871 2537 123%
c u 1613.87 46 18 96 799 330461 2 15047016 99780 1.7 17 10 5 12 47% 34875 10871 2537 123%
c v 1615.16 46 18 96 799 330461 2 15047016 94072 1.7 17 10 5 12 47% 34875 10871 2537 123%
c w 1615.59 46 18 96 799 330461 2 15047016 93473 1.7 17 10 5 12 47% 34875 10871 2537 123%
c - 1617.69 46 18 96 800 331462 2 15071765 93439 1.7 17 10 5 12 47% 34875 10871 2537 123%
c - 1620.00 46 18 96 801 332213 2 15100050 95768 1.7 17 10 5 12 47% 34875 10871 2537 123%
c } 1620.80 46 18 97 801 332783 2 15108896 103945 1.6 17 10 5 12 47% 34875 10871 2537 123%
c [ 1620.80 46 30 97 801 332783 1 15108896 103945 1.8 26 15 6 15 50% 34875 10871 2537 123%
c W 1627.56 46 30 97 801 332783 1 15108896 103945 1.8 26 15 6 15 50% 34875 10871 2537 123%
c - 1629.12 46 29 97 802 332795 1 15128351 96806 1.8 25 14 6 15 49% 34875 10871 2537 123%
c
c   seconds    switched       rate            size/glue  tier1     binary         remaining
c           MB   reductions      conflicts          size   tier2       irredundant
c            level      restarts         redundant     glue    trail         variables
c
c - 1631.74 46 26 97 803 332807 1 15156670 95527 1.8 25 14 6 15 48% 34875 10871 2537 123%
c - 1634.95 46 24 97 804 332813 1 15185008 95855 1.8 24 13 6 15 48% 34875 10871 2537 123%
c - 1638.04 46 23 97 805 332827 1 15213363 97930 1.8 24 13 6 15 48% 34875 10871 2537 123%
c - 1640.97 46 23 97 806 332840 1 15241736 97805 1.9 24 13 6 15 47% 34875 10871 2537 123%
c - 1643.85 46 22 97 807 332844 1 15270127 98406 1.9 24 13 6 15 47% 34875 10871 2537 123%
c - 1646.85 46 21 97 808 332845 1 15298535 100958 1.9 23 12 6 15 47% 34875 10871 2537 123%
c - 1649.65 46 20 97 809 332859 1 15326960 102031 1.9 23 12 6 15 47% 34875 10871 2537 123%
c - 1652.70 46 20 97 810 332871 1 15355402 103001 1.9 23 12 6 15 47% 34875 10871 2537 123%
c - 1655.85 46 20 97 811 332876 1 15383862 103563 1.9 22 12 6 15 47% 34875 10871 2537 123%
c - 1658.93 46 19 97 812 332891 1 15412342 105182 1.9 22 12 6 15 47% 34875 10871 2537 123%
c - 1661.88 46 20 97 813 332904 1 15440837 104938 1.9 23 12 6 15 47% 34875 10871 2537 123%
c u 1664.92 46 20 97 813 332907 1 15456952 114437 1.9 23 12 6 15 47% 34875 10871 2537 123%
c v 1666.55 46 20 97 813 332907 1 15456952 101098 1.9 23 12 6 15 47% 34875 10871 2537 123%
c w 1667.12 46 20 97 813 332907 1 15456952 98984 1.9 23 12 6 15 47% 34875 10871 2537 123%
c o 1667.15 46 20 97 813 332907 1 15456952 98984 1.9 23 12 6 15 47% 34875 10871 2537 123%
c - 1668.26 46 34 97 814 332907 1 15469352 89147 1.7 26 15 6 15 47% 34875 10871 2537 123%
c ] 1670.16 46 33 98 814 332908 1 15490693 109869 1.7 26 15 6 15 47% 34875 10871 2537 123%
c { 1670.16 46 18 98 814 332908 2 15490693 109869 1.6 17 10 5 12 47% 34875 10871 2537 123%
c - 1670.80 46 18 98 815 332919 2 15497883 89677 1.6 17 10 5 12 47% 34875 10871 2537 123%
c - 1673.20 46 16 98 816 332943 2 15526432 94349 1.6 16 10 5 12 48% 34875 10871 2537 123%
c
c   seconds    switched       rate            size/glue  tier1     binary         remaining
c           MB   reductions      conflicts          size   tier2       irredundant
c            level      restarts         redundant     glue    trail         variables
c
c - 1675.46 46 15 98 817 332998 2 15554998 99012 1.6 16 10 5 12 47% 34875 10871 2537 123%
c - 1677.75 46 14 98 818 333073 2 15583581 99172 1.6 15 9 5 11 47% 34875 10871 2537 123%
c - 1680.04 46 13 98 819 333257 2 15612183 99452 1.6 15 9 5 11 47% 34875 10871 2537 123%
c - 1682.48 46 12 98 820 333501 1 15640802 100651 1.6 14 9 5 11 47% 34875 10871 2537 123%
c - 1684.84 46 12 98 821 333752 1 15669437 101827 1.6 14 9 5 11 47% 34875 10871 2537 123%
c - 1687.25 46 12 98 822 334021 1 15698090 102151 1.6 14 9 5 11 47% 34875 10871 2537 123%
c - 1689.76 46 11 98 823 334525 1 15726760 103188 1.6 14 9 5 11 47% 34875 10871 2537 123%
c - 1692.25 46 11 98 824 335077 1 15755448 104184 1.6 14 9 5 11 47% 34875 10871 2537 123%
c - 1694.69 46 11 98 825 335654 1 15784153 104611 1.6 14 9 5 11 47% 34875 10871 2537 123%
c - 1697.19 46 11 98 826 336165 1 15812875 104236 1.6 14 9 5 11 47% 34875 10871 2537 123%
c - 1699.74 46 11 98 827 336990 1 15841615 105556 1.6 14 9 5 11 47% 34875 10871 2537 123%
c - 1702.34 46 11 98 828 337892 1 15870372 107549 1.6 14 9 5 11 47% 34875 10871 2537 123%
c u 1703.74 46 11 98 828 337942 1 15872886 103522 1.6 14 9 5 11 47% 34875 10871 2537 123%
c v 1705.07 46 11 98 828 337942 1 15872886 97745 1.6 14 9 5 11 47% 34875 10871 2537 123%
c w 1705.52 46 11 98 828 337942 1 15872886 97520 1.6 14 9 5 11 47% 34875 10871 2537 123%
c - 1707.81 46 11 98 829 338615 1 15899148 98096 1.6 14 9 5 11 47% 34875 10871 2537 123%
c - 1710.32 46 11 98 830 339390 1 15927940 100898 1.6 13 9 5 11 47% 34875 10871 2537 123%
c - 1712.90 46 11 98 831 340275 1 15956750 101845 1.6 13 9 5 11 47% 34875 10871 2537 123%
c } 1713.67 46 11 99 831 340715 1 15964527 108606 1.6 14 9 5 11 47% 34875 10871 2537 123%
c [ 1713.67 46 33 99 831 340715 1 15964527 108606 1.7 26 15 6 15 47% 34875 10871 2537 123%
c
c   seconds    switched       rate             size/glue  tier1     binary         remaining
c           MB   reductions      conflicts           size   tier2       irredundant
c            level      restarts         redundant      glue    trail         variables
c
c I 1713.67 46 33 99 831 340715 1 15964527 108606 1.7 26 15 6 15 47% 34875 10871 2537 123%
c o 1715.39 46 31 99 831 340728 1 15985026 127843 1.7 26 15 6 15 48% 34875 10871 2537 123%
c - 1715.45 46 32 99 832 340728 1 15985577 102715 1.7 26 15 6 15 47% 34875 10871 2537 123%
c - 1718.09 46 34 99 833 340740 1 16014421 103112 1.7 26 15 6 15 47% 34875 10871 2537 123%
c - 1720.96 46 30 99 834 340745 1 16043283 104768 1.7 25 14 6 15 48% 34875 10871 2537 123%
c - 1723.96 46 27 99 835 340760 1 16072162 107608 1.8 24 14 6 15 48% 34875 10871 2537 123%
c - 1727.04 46 25 99 836 340774 1 16101058 108738 1.8 24 13 6 15 48% 34875 10871 2537 123%
c - 1730.12 46 24 99 837 340777 1 16129971 109979 1.8 24 13 6 15 48% 34875 10871 2537 123%
c - 1733.07 46 26 99 838 340777 1 16158901 103577 1.8 25 14 6 15 48% 34875 10871 2537 123%
c - 1736.27 46 25 99 839 340792 1 16187849 99391 1.8 25 14 6 15 49% 34875 10871 2537 123%
c - 1739.41 46 24 99 840 340806 1 16216815 103203 1.8 25 14 6 15 49% 34875 10871 2537 123%
c - 1742.61 46 23 99 841 340811 1 16245800 105754 1.8 25 14 6 15 48% 34875 10871 2537 123%
c - 1745.55 46 23 99 842 340823 1 16274800 108061 1.8 25 13 6 15 48% 34875 10871 2537 123%
c u 1749.10 46 22 99 842 340836 1 16294842 121344 1.9 25 13 6 15 48% 34875 10871 2537 123%
c v 1750.74 46 22 99 842 340836 1 16294842 119719 1.9 25 13 6 15 48% 34875 10871 2537 123%
c w 1751.33 46 22 99 842 340836 1 16294842 113689 1.9 25 13 6 15 48% 34875 10871 2537 123%
c - 1756.61 46 22 99 843 340838 1 16303817 97223 1.9 25 13 6 15 48% 34875 10871 2537 123%
c - 1759.75 46 21 99 844 340840 1 16332852 101732 1.9 24 13 6 15 48% 34875 10871 2537 123%
c - 1762.44 46 22 99 845 340841 1 16361903 103800 1.9 24 13 6 15 49% 34875 10871 2537 123%
c ] 1762.65 46 22 100 845 340841 1 16364103 105910 1.9 24 13 6 15 49% 34875 10871 2537 123%
c
c   seconds    switched        rate             size/glue tier1     binary         remaining
c           MB    reductions      conflicts           size  tier2       irredundant
c            level       restarts         redundant     glue    trail         variables
c
c { 1762.65 46 11 100 845 340841 1 16364103 105910 1.6 14 9 5 11 47% 34875 10871 2537 123%
c - 1765.53 46 13 100 846 344859 2 16390971 103677 1.5 14 9 5 11 47% 34875 10871 2537 123%
c - 1768.61 46 16 100 847 348536 3 16420057 106623 1.5 15 10 5 11 47% 34875 10871 2537 123%
c - 1771.28 46 16 100 848 350349 3 16449163 107454 1.6 16 10 5 11 47% 34875 10871 2537 123%
c - 1773.98 46 17 100 849 352104 3 16478283 107955 1.6 16 10 5 11 47% 34875 10871 2537 123%
c - 1776.50 46 17 100 850 353254 3 16507420 108230 1.6 16 10 5 11 47% 34875 10871 2537 123%
c o 1777.15 46 17 100 850 353571 3 16515043 115310 1.6 16 10 5 11 47% 34875 10871 2537 123%
c - 1779.11 46 18 100 851 354668 3 16536574 108591 1.6 16 10 5 11 47% 34875 10871 2537 123%
c - 1781.62 46 18 100 852 355593 3 16565745 109029 1.6 17 10 5 11 47% 34875 10871 2537 123%
c - 1784.16 46 18 100 853 356500 2 16594934 109282 1.6 17 10 5 11 47% 34875 10871 2537 123%
c - 1786.79 46 18 100 854 357744 2 16624141 109314 1.6 17 10 5 11 47% 34875 10871 2537 123%
c - 1789.35 46 18 100 855 358886 2 16653364 109412 1.7 17 10 5 11 47% 34875 10871 2537 123%
c - 1792.01 46 18 100 856 360468 3 16682604 109268 1.7 17 10 5 11 47% 34875 10871 2537 123%
c - 1794.50 46 18 100 857 361312 2 16711861 109009 1.7 17 10 5 11 47% 34875 10871 2537 123%
c u 1796.35 46 18 100 857 361746 2 16722819 115295 1.6 17 10 5 11 47% 34875 10871 2537 123%
c v 1797.38 46 18 100 857 361746 2 16722819 110518 1.6 17 10 5 11 47% 34875 10871 2537 123%
c w 1797.74 46 18 100 857 361746 2 16722819 109730 1.6 17 10 5 11 47% 34875 10871 2537 123%
c - 1799.46 46 18 100 858 362076 2 16741137 100320 1.7 17 10 5 11 47% 34875 10871 2537 123%
c caught signal 15 (SIGTERM)
c
c ---- [ profiling ] ---------------------------------------------------------
c
c        1598.10   88.79 %  search
c         819.49   45.53 %  focused
c         778.61   43.26 %  stable
c         201.56   11.20 %  simplify
c         161.98    9.00 %  probe
c         137.86    7.66 %  vivify
c          39.45    2.19 %  walking
c          20.08    1.12 %  sweep
c          16.94    0.94 %  reduce
c           2.16    0.12 %  substitute
c           1.32    0.07 %  transitive
c           0.28    0.02 %  factor
c           0.26    0.01 %  eliminate
c           0.20    0.01 %  backbone
c           0.15    0.01 %  preprocess
c           0.08    0.00 %  congruence
c           0.03    0.00 %  subsume
c           0.01    0.00 %  fastel
c           0.01    0.00 %  parse
c           0.00    0.00 %  lucky
c =============================================
c        1799.81  100.00 %  total
c
c ---- [ statistics ] --------------------------------------------------------
c
c chronological:                           42                0 %  conflicts
c conflicts:                         16745292             9303.91 per second
c decisions:                         33868424                2.02 per conflict
c eliminated:                            6193              299 %  variables
c factored:                              6671              322 %  variables
c fast_eliminated:                       2179               35 %  eliminated
c fast_strengthened:                        4                0 %  per strengthened
c propagations:                    5706860735          3170809    per second
c reductions:                             858            19517    interval
c reordered:                               54           310098    interval
c rephased:                                63           265798    interval
c restarts:                            362202               46    interval
c strengthened:                          5026                1 %  checks
c switched:                               100           167453    interval
c vivified:                            919568               60 %  checks
c walks:                                   21           797395    interval
c
c ---- [ proof ] -------------------------------------------------------------
c
c proof_added:                       17178130               50 %  per line
c proof_bytes:                     1537212416             1466 MB 
c proof_deleted:                     17107887               50 %  per line
c
c ---- [ glue usage ] --------------------------------------------------------
c
c focused glue 5   used  900246 clauses  4.17% accumulated 52.31% tier1
c focused glue 6   used 1023818 clauses  4.74% accumulated 57.05%
c focused glue 7-9 used 4671667 clauses 21.64% accumulated 78.69%
c focused glue 10  used 1470726 clauses  6.81% accumulated 85.51%
c focused glue 11  used 1063805 clauses  4.93% accumulated 90.44% tier2
c
c stable glue 6    used 2031711 clauses  6.73% accumulated 53.93% tier1
c stable glue 7    used 1725792 clauses  5.72% accumulated 59.65%
c stable glue 8-13 used 7855076 clauses 26.03% accumulated 85.67%
c stable glue 14   used  858595 clauses  2.85% accumulated 88.52%
c stable glue 15   used  714078 clauses  2.37% accumulated 90.89% tier2
c
c ---- [ resources ] ---------------------------------------------------------
c
c maximum-resident-set-size:         66420736 bytes         63 MB
c process-time:                            30m            1799.81 seconds
c raising signal 15 (SIGTERM)
