c ---- [ banner ] ------------------------------------------------------------
c
c Kissat SAT Solver
c 
c Copyright (c) 2021-2024 Armin Biere University of Freiburg
c Copyright (c) 2019-2021 Armin Biere Johannes Kepler University Linz
c 
c Version 4.0.0 unknown
c gcc (Ubuntu 13.3.0-6ubuntu2~24.04.1) 13.3.0 -W -Wall -O3 -DNDEBUG
c Mon Aug 3 21:56:23 UTC 2026 Linux runnervmvrwv9 6.17.0-1020-azure x86_64
c
c ---- [ proving ] -----------------------------------------------------------
c
c opened and writing proof to DRAT file:
c
c   borsuk_11_k6_q00r00_sixth_base_colorability_screen/work/results/q00r00-s022/q00r00-s022.drat
c
c ---- [ parsing ] -----------------------------------------------------------
c
c opened and reading DIMACS file:
c
c   borsuk_11_k6_q00r00_sixth_base_colorability_screen/work/input/instances/cases/q00r00-s022/q00r00-s022_12color.cnf
c
c parsed 'p cnf 2134 84817' header
c closing input after reading 1110883 bytes (1 MB)
c finished parsing after 0.00 seconds
c
c ---- [ solving ] -----------------------------------------------------------
c
c  seconds switched rate     size/glue tier1  binary       remaining
c         MB reductions conflicts size  tier2    irredundant
c          level restarts redundant glue  trail       variables
c
c *  0.00  5 0 0 0  0 0   0   0 0.0 0 0 0 0 0% 84512 295 2124 100%
c (  0.00  5 0 0 0  0 0   0   0 0.0 0 0 0 0 0% 84512 295 2124 100%
c .  0.01  5 0 0 0  0 0   0   0 0.0 0 0 0 0 0% 84512 295 2124 100%
c f  0.11  8 0 0 0  0 0   0   0 0.0 0 0 0 0 0% 35135 295 6978 327%
c e  0.11  7 0 0 0  0 0   0   0 0.0 0 0 0 0 0% 36778 1116 4704 220%
c )  0.11  7 0 0 0  0 0   0   0 0.0 0 0 0 0 0% 36778 1116 4704 220%
c {  0.11  7 0 0 0  0 0   0   0 0.0 0 0 2 6 0% 36778 1116 4704 220%
c -  0.14  7 22 0 1 107 5 1001 709 1.8 18 10 9 13 36% 36778 1116 4704 220%
c }  0.14  7 22 1 1 107 5 1001 709 1.8 18 10 9 13 36% 36778 1116 4704 220%
c [  0.14  7 0 1 1 107 0 1001 709 0.0 0 0 2 6 0% 36778 1116 4704 220%
c B  0.14  7 0 1 1 107 0 1001 709 0.0 0 0 2 6 0% 36778 1116 4704 220%
c -  0.16  7 58 1 2 107 1 2001 1634 1.9 23 12 11 16 36% 36778 1116 4704 220%
c W  0.17  8 58 1 2 107 1 2004 1637 1.9 23 12 11 16 36% 36778 1116 4704 220%
c ]  0.17  8 57 2 2 108 1 2038 1671 1.9 23 12 11 16 36% 36778 1116 4704 220%
c {  0.17  8 22 2 2 108 5 2038 1671 1.8 18 10 9 13 36% 36778 1116 4704 220%
c u  0.19  8 20 2 2 111 3 2580 2137 1.7 18 11 9 13 36% 36778 1116 4704 220%
c v  0.19  8 20 2 2 111 3 2580 2134 1.7 18 11 9 13 36% 36778 1116 4704 220%
c w  0.19  8 20 2 2 111 3 2580 2131 1.7 18 11 9 13 36% 36778 1116 4704 220%
c f  0.21  8 20 2 2 111 3 2580 2131 1.7 18 11 9 13 36% 33722 1116 6740 316%
c u  0.22  8 20 2 2 111 3 2580 2106 1.7 18 11 9 13 36% 33722 1116 6740 316%
c
c  seconds  switched  rate       size/glue  tier1     binary        remaining
c         MB reductions conflicts      size   tier2      irredundant
c          level restarts   redundant     glue    trail        variables
c
c v  0.22  8 20 2 2 111 3 2580 2102 1.7 18 11 9 13 36% 33722 1116 6740 316%
c w  0.23  8 20 2 2 111 3 2580 2100 1.7 18 11 9 13 36% 33722 1116 6740 316%
c }  0.26  8 18 3 2 123 3 3039 2525 1.7 18 10 9 13 35% 33722 1116 6740 316%
c [  0.26  8 57 3 2 123 1 3039 2525 1.9 23 12 11 16 36% 33722 1116 6740 316%
c -  0.27  8 46 3 3 123 1 3415 2654 1.8 21 12 10 15 34% 33722 1116 6740 316%
c ]  0.29  8 38 4 3 123 1 3884 3068 1.8 20 11 10 15 32% 33722 1116 6740 316%
c {  0.29  8 18 4 3 123 3 3884 3068 1.7 18 10 9 13 35% 33722 1116 6740 316%
c -  0.32 11 20 4 4 156 3 5147 3849 1.8 19 10 9 12 32% 33722 1116 6740 316%
c }  0.35 11 22 5 4 294 4 6237 4895 1.8 19 10 9 12 31% 33722 1116 6740 316%
c [  0.35 11 38 5 4 294 1 6237 4895 1.8 20 11 10 15 32% 33722 1116 6740 316%
c I  0.35 11 38 5 4 294 1 6237 4895 1.8 20 11 10 15 32% 33722 1116 6740 316%
c -  0.38 11 41 5 5 294 1 7148 4969 2.0 24 12 10 16 31% 33722 1116 6740 316%
c u  0.41 11 37 5 5 295 1 7977 5730 1.9 23 12 10 16 30% 33722 1116 6740 316%
c v  0.41 11 37 5 5 295 1 7977 5713 1.9 23 12 10 16 30% 33722 1116 6740 316%
c w  0.42 11 37 5 5 295 1 7977 5666 1.9 23 12 10 16 30% 33722 1116 6740 316%
c ]  0.44  9 34 6 5 296 1 8617 6240 1.9 22 12 10 16 30% 33722 1116 6740 316%
c {  0.44  9 22 6 5 296 4 8617 6240 1.8 19 10 9 12 31% 33722 1116 6740 316%
c -  0.47  9 25 6 6 384 4 9384 6182 1.8 19 10 9 13 31% 33722 1116 6740 316%
c o  0.49  9 28 6 6 462 5 10001 6790 1.8 19 11 9 13 30% 33722 1116 6740 316%
c -  0.56 10 34 6 7 636 6 11835 7588 1.9 20 11 9 13 30% 33722 1116 6740 316%
c
c  seconds  switched  rate        size/glue  tier1     binary        remaining
c         MB reductions conflicts       size   tier2      irredundant
c          level restarts    redundant     glue    trail        variables
c
c }  0.58 10 35 7 7 684 6 12686 8400 1.9 20 11 9 13 30% 33722 1116 6740 316%
c [  0.58 10 34 7 7 684 1 12686 8400 1.9 22 12 10 16 30% 33722 1116 6740 316%
c B  0.58 10 34 7 7 684 1 12686 8400 1.9 22 12 10 16 30% 33722 1116 6740 316%
c e  0.60  9 33 7 7 684 1 12900 8594 1.9 22 12 10 16 30% 30768 3475 6367 298%
c ^  0.60  9 33 7 7 684 1 12900 8594 1.9 22 12 10 16 30% 30768 3475 6367 298%
c -  0.66 10 28 7 8 685 1 14481 3014 1.8 21 11 9 14 29% 30768 3475 6367 298%
c u  0.73 10 25 7 8 686 1 16359 4388 1.8 20 11 9 14 28% 30768 3475 6367 298%
c v  0.74 10 25 7 8 686 1 16359 3925 1.8 20 11 9 14 28% 30768 3475 6367 298%
c w  0.74 10 25 7 8 686 1 16359 3764 1.8 20 11 9 14 28% 30768 3475 6367 298%
c f  0.75 10 25 7 8 686 1 16359 3764 1.8 20 11 9 14 28% 30766 3475 6368 298%
c u  0.77  9 25 7 8 686 1 16359 3660 1.8 20 11 9 14 28% 30766 3475 6368 298%
c v  0.78  9 25 7 8 686 1 16359 3511 1.8 20 11 9 14 28% 30766 3475 6368 298%
c w  0.78  9 25 7 8 686 1 16359 3504 1.8 20 11 9 14 28% 30766 3475 6368 298%
c ]  0.84  9 25 8 8 686 1 16479 3597 1.8 20 11 9 14 28% 30766 3475 6368 298%
c {  0.84  9 35 8 8 686 6 16479 3597 1.9 20 11 9 13 30% 30766 3475 6368 298%
c -  0.87  9 34 8 9 780 6 17311 4052 1.8 20 11 9 13 30% 30766 3475 6368 298%
c o  0.96  9 32 8 9 1019 6 20009 6620 1.8 19 11 9 13 29% 30766 3475 6368 298%
c -  0.97  9 31 8 10 1075 6 20312 6387 1.8 19 11 9 13 29% 30766 3475 6368 298%
c }  1.05 10 30 9 10 1204 5 22639 8624 1.8 19 11 9 13 29% 30766 3475 6368 298%
c [  1.05 10 25 9 10 1204 1 22639 8624 1.8 20 11 9 14 28% 30766 3475 6368 298%
c
c  seconds  switched    rate        size/glue  tier1     binary        remaining
c         MB  reductions  conflicts       size   tier2      irredundant
c          level   restarts    redundant     glue    trail        variables
c
c W  1.05 10 25 9 10 1204 1 22639 8624 1.8 20 11 9 14 28% 30766 3475 6368 298%
c -  1.08 10 24 9 11 1204 1 23475 8489 1.8 20 11 9 14 28% 30766 3475 6368 298%
c e  1.18 10 22 9 11 1206 1 25888 10631 1.8 20 11 9 13 28% 30600 4643 5070 238%
c ^  1.18 10 22 9 11 1206 1 25888 10631 1.8 20 11 9 13 28% 30600 4643 5070 238%
c -  1.22 11 22 9 12 1207 1 26792 7468 1.8 20 11 9 13 28% 30600 4643 5070 238%
c u  1.27 11 21 9 12 1208 1 27918 8439 1.8 20 11 9 13 29% 30600 4643 5070 238%
c v  1.28 11 21 9 12 1208 1 27918 8385 1.8 20 11 9 13 29% 30600 4643 5070 238%
c w  1.28 11 21 9 12 1208 1 27918 8313 1.8 20 11 9 13 29% 30600 4643 5070 238%
c f  1.30 11 21 9 12 1208 1 27918 8313 1.8 20 11 9 13 29% 30452 4639 5119 240%
c u  1.32 11 21 9 12 1208 1 27918 8215 1.8 20 11 9 13 29% 30452 4639 5119 240%
c v  1.33 11 21 9 12 1208 1 27918 7545 1.8 20 11 9 13 29% 30452 4639 5119 240%
c w  1.33 11 21 9 12 1208 1 27918 7543 1.8 20 11 9 13 29% 30452 4639 5119 240%
c ]  1.37 11 21 10 12 1209 1 28894 8390 1.8 19 11 9 13 29% 30452 4639 5119 240%
c {  1.37 11 30 10 12 1209 5 28894 8390 1.8 19 11 9 13 29% 30452 4639 5119 240%
c -  1.42 11 30 10 13 1288 5 30257 8686 1.8 19 11 9 13 29% 30452 4639 5119 240%
c -  1.54 11 28 10 14 1463 5 33864 11098 1.8 19 11 9 13 30% 30452 4639 5119 240%
c }  1.66 11 28 11 14 1814 5 37521 14652 1.8 20 11 9 13 30% 30452 4639 5119 240%
c [  1.66 11 21 11 14 1814 1 37521 14652 1.8 19 11 9 13 29% 30452 4639 5119 240%
c O  1.66 11 21 11 14 1814 1 37521 14652 1.8 19 11 9 13 29% 30452 4639 5119 240%
c -  1.67 11 21 11 15 1814 1 37605 13051 1.8 19 11 9 13 29% 30452 4639 5119 240%
c
c  seconds   switched    rate         size/glue  tier1     binary        remaining
c         MB   reductions  conflicts        size   tier2      irredundant
c          level    restarts     redundant     glue    trail        variables
c
c -  1.83 11 20 11 16 1816 1 41477 14643 1.8 19 11 8 13 30% 30452 4639 5119 240%
c u  1.91 14 19 11 16 1818 1 42777 15728 1.7 19 11 8 13 30% 30452 4639 5119 240%
c v  1.94 14 19 11 16 1818 1 42777 14465 1.7 19 11 8 13 30% 30452 4639 5119 240%
c w  1.94 14 19 11 16 1818 1 42777 14299 1.7 19 11 8 13 30% 30452 4639 5119 240%
c o  1.95 14 19 11 16 1818 1 42777 14299 1.7 19 11 8 13 30% 30452 4639 5119 240%
c -  2.04 13 27 11 17 1819 1 45480 14242 1.6 21 13 9 14 31% 30452 4639 5119 240%
c ]  2.05 13 27 12 17 1819 1 45617 14376 1.6 21 13 9 14 31% 30452 4639 5119 240%
c {  2.05 13 28 12 17 1819 5 45617 14376 1.8 20 11 9 13 30% 30452 4639 5119 240%
c -  2.18 14 27 12 18 2060 5 49603 16411 1.8 20 11 9 13 31% 30452 4639 5119 240%
c -  2.33 14 27 12 19 2315 4 53846 18870 1.8 20 11 9 13 31% 30452 4639 5119 240%
c e  2.35 13 27 12 19 2319 4 53988 19011 1.8 20 11 9 13 31% 30721 5359 4491 210%
c ^  2.35 13 27 12 19 2319 4 53988 19011 1.8 20 11 9 13 31% 30721 5359 4491 210%
c }  2.44 14 26 13 19 2393 4 57096 17486 1.8 19 11 9 13 31% 30721 5359 4491 210%
c [  2.44 14 27 13 19 2393 1 57096 17486 1.6 21 13 9 14 31% 30721 5359 4491 210%
c B  2.44 14 27 13 19 2393 1 57096 17486 1.6 21 13 9 14 31% 30721 5359 4491 210%
c -  2.48 14 28 13 20 2394 1 58207 16900 1.7 22 13 9 15 31% 30721 5359 4491 210%
c u  2.60 14 27 13 20 2395 1 61058 18742 1.7 22 13 9 15 32% 30721 5359 4491 210%
c v  2.63 14 27 13 20 2395 1 61058 18576 1.7 22 13 9 15 32% 30721 5359 4491 210%
c w  2.64 14 27 13 20 2395 1 61058 18303 1.7 22 13 9 15 32% 30721 5359 4491 210%
c f  2.74 14 27 13 20 2395 1 61058 18303 1.7 22 13 9 15 32% 30710 5355 4494 211%
c
c  seconds   switched    rate         size/glue  tier1     binary        remaining
c         MB   reductions  conflicts        size   tier2      irredundant
c          level    restarts     redundant     glue    trail        variables
c
c u  2.77 14 27 13 20 2395 1 61058 18202 1.7 22 13 9 15 32% 30710 5355 4494 211%
c v  2.78 14 27 13 20 2395 1 61058 18151 1.7 22 13 9 15 32% 30710 5355 4494 211%
c w  2.79 14 27 13 20 2395 1 61058 18130 1.7 22 13 9 15 32% 30710 5355 4494 211%
c x  2.80 14 27 13 20 2395 1 61058 18128 1.7 22 13 9 15 32% 30710 5355 4494 211%
c -  2.86 15 26 13 21 2397 1 62679 18077 1.7 21 13 9 15 32% 30710 5355 4494 211%
c -  3.02 15 26 13 22 2399 1 67261 20110 1.7 22 13 9 15 32% 30710 5355 4494 211%
c ]  3.04 15 26 14 22 2399 1 68169 21006 1.7 22 13 9 15 32% 30710 5355 4494 211%
c {  3.04 15 26 14 22 2399 4 68169 21006 1.8 19 11 9 13 31% 30710 5355 4494 211%
c -  3.18 15 26 14 23 2622 4 71951 21975 1.8 20 11 9 13 32% 30710 5355 4494 211%
c o  3.21 15 25 14 23 2640 4 72973 22934 1.8 20 11 9 13 32% 30710 5355 4494 211%
c -  3.34 15 25 14 24 2815 4 76747 24114 1.8 20 11 9 13 32% 30710 5355 4494 211%
c -  3.50 15 25 14 25 3026 4 81647 26246 1.9 20 11 9 13 33% 30710 5355 4494 211%
c u  3.58 15 25 14 25 3107 4 82852 27152 1.9 20 11 9 13 33% 30710 5355 4494 211%
c v  3.61 16 25 14 25 3107 4 82852 26980 1.9 20 11 9 13 33% 30710 5355 4494 211%
c w  3.62 16 25 14 25 3107 4 82852 26972 1.9 20 11 9 13 33% 30710 5355 4494 211%
c }  3.63 16 25 15 25 3107 4 82884 27000 1.9 20 11 9 13 33% 30710 5355 4494 211%
c [  3.63 16 26 15 25 3107 1 82884 27000 1.7 22 13 9 15 32% 30710 5355 4494 211%
c W  3.64 16 26 15 25 3107 1 82884 27000 1.7 22 13 9 15 32% 30710 5355 4494 211%
c -  3.77 16 27 15 26 3109 1 86652 27289 1.7 23 13 9 16 33% 30710 5355 4494 211%
c -  3.97 16 26 15 27 3113 1 91751 28861 1.7 23 13 9 16 33% 30710 5355 4494 211%
c
c  seconds   switched    rate         size/glue  tier1     binary        remaining
c         MB   reductions  conflicts        size   tier2      irredundant
c          level    restarts     redundant     glue    trail        variables
c
c ]  4.13 16 25 16 27 3114 1 95946 32725 1.7 23 13 9 16 33% 30710 5355 4494 211%
c {  4.13 16 25 16 27 3114 4 95946 32725 1.9 20 11 9 13 33% 30710 5355 4494 211%
c -  4.17 16 25 16 28 3151 4 96949 31138 1.9 20 11 9 13 33% 30710 5355 4494 211%
c e  4.27 16 25 16 28 3340 4 99178 33264 1.8 20 11 9 13 33% 31988 6681 3680 172%
c ^  4.27 16 25 16 28 3340 4 99178 33264 1.8 20 11 9 13 33% 31988 6681 3680 172%
c -  4.38 17 24 16 29 3485 4 102242 24859 1.8 20 11 9 13 33% 31988 6681 3680 172%
c -  4.55 17 24 16 30 3706 4 107628 27462 1.8 20 11 9 13 34% 31988 6681 3680 172%
c u  4.62 17 24 16 30 3706 4 108321 27395 1.8 20 11 9 13 34% 31988 6681 3680 172%
c v  4.65 17 24 16 30 3706 4 108321 27160 1.8 20 11 9 13 34% 31988 6681 3680 172%
c w  4.66 17 24 16 30 3706 4 108321 27103 1.8 20 11 9 13 34% 31988 6681 3680 172%
c -  4.84 17 24 16 31 3887 4 113106 29298 1.8 19 11 9 13 35% 31988 6681 3680 172%
c o  4.85 17 24 16 31 3891 4 113335 29505 1.8 19 11 9 13 35% 31988 6681 3680 172%
c }  4.88 17 24 17 31 3984 4 114283 30407 1.8 19 11 9 13 35% 31988 6681 3680 172%
c [  4.88 17 25 17 31 3984 1 114283 30407 1.7 23 13 9 16 33% 31988 6681 3680 172%
c I  4.88 17 25 17 31 3984 1 114283 30407 1.7 23 13 9 16 33% 31988 6681 3680 172%
c -  5.03 17 28 17 32 3987 1 118673 30710 1.8 25 14 9 16 34% 31988 6681 3680 172%
c -  5.24 17 28 17 33 3990 1 124330 32121 1.8 25 14 9 17 34% 31988 6681 3680 172%
c -  5.47 17 27 17 34 3993 1 130074 34232 1.8 26 14 9 17 35% 31988 6681 3680 172%
c ]  5.50 17 27 18 34 3994 1 130759 34891 1.8 26 14 9 17 35% 31988 6681 3680 172%
c {  5.50 17 24 18 34 3994 4 130759 34891 1.8 19 11 9 13 35% 31988 6681 3680 172%
c
c  seconds   switched    rate          size/glue  tier1     binary        remaining
c         MB   reductions  conflicts         size   tier2      irredundant
c          level    restarts      redundant     glue    trail        variables
c
c -  5.68 17 22 18 35 4010 3 135905 36850 1.8 19 11 9 13 35% 31988 6681 3680 172%
c u  5.79 17 22 18 35 4010 3 137412 37916 1.8 19 11 9 13 35% 31988 6681 3680 172%
c v  5.83 23 22 18 35 4010 3 137412 37859 1.8 19 11 9 13 35% 31988 6681 3680 172%
c w  5.84 23 22 18 35 4010 3 137412 37841 1.8 19 11 9 13 35% 31988 6681 3680 172%
c -  6.00 20 21 18 36 4011 3 141821 38866 1.8 19 10 9 13 36% 31988 6681 3680 172%
c -  6.22 20 20 18 37 4011 3 147821 41173 1.8 18 10 9 12 36% 31988 6681 3680 172%
c }  6.41 21 19 19 37 4011 3 153104 45443 1.8 18 10 9 12 37% 31988 6681 3680 172%
c [  6.41 21 27 19 37 4011 1 153104 45443 1.8 26 14 9 17 35% 31988 6681 3680 172%
c B  6.41 21 27 19 37 4011 1 153104 45443 1.8 26 14 9 17 35% 31988 6681 3680 172%
c -  6.45 21 28 19 38 4011 1 153906 43615 1.8 26 14 9 17 35% 31988 6681 3680 172%
c -  6.70 26 29 19 39 4016 1 160071 45350 1.9 28 15 9 18 35% 31988 6681 3680 172%
c e  6.85 20 29 19 39 4017 1 163104 48297 1.9 28 15 9 18 36% 33987 8311 3102 145%
c ^  6.86 20 29 19 39 4017 1 163104 48297 1.9 28 15 9 18 36% 33987 8311 3102 145%
c -  6.99 22 29 19 40 4018 1 166315 33212 1.9 28 15 9 19 36% 33987 8311 3102 145%
c u  7.20 20 29 19 40 4021 1 170341 36954 1.9 28 15 9 19 37% 33987 8311 3102 145%
c v  7.24 26 29 19 40 4021 1 170341 36900 1.9 28 15 9 19 37% 33987 8311 3102 145%
c w  7.26 26 29 19 40 4021 1 170341 36648 1.9 28 15 9 19 37% 33987 8311 3102 145%
c o  7.51 26 29 19 40 4021 1 170341 36648 1.9 28 15 9 19 37% 33987 8311 3102 145%
c -  7.59 24 29 19 41 4023 1 172643 36323 1.9 28 15 9 18 37% 33987 8311 3102 145%
c W  7.64 20 29 19 41 4024 1 174015 37636 1.9 28 15 9 18 37% 33987 8311 3102 145%
c
c  seconds   switched    rate          size/glue  tier1     binary        remaining
c         MB   reductions  conflicts         size   tier2      irredundant
c          level    restarts      redundant     glue    trail        variables
c
c ]  7.64 20 29 20 41 4024 1 174094 37715 1.9 28 15 9 18 37% 33987 8311 3102 145%
c {  7.64 20 19 20 41 4024 3 174094 37715 1.8 18 10 9 12 37% 33987 8311 3102 145%
c -  7.83 20 19 20 42 4417 3 179046 33876 1.7 18 10 8 12 37% 33987 8311 3102 145%
c -  8.05 20 19 20 43 4584 3 185527 34172 1.7 18 10 8 12 38% 33987 8311 3102 145%
c -  8.29 20 19 20 44 4953 3 192084 35273 1.7 18 10 8 12 38% 33987 8311 3102 145%
c -  8.54 20 19 20 45 5574 3 198717 37253 1.7 18 10 8 12 39% 33987 8311 3102 145%
c }  8.62 20 19 21 45 5809 3 200833 39289 1.7 18 10 8 12 39% 33987 8311 3102 145%
c [  8.62 20 29 21 45 5809 1 200833 39289 1.9 28 15 9 18 37% 33987 8311 3102 145%
c O  8.62 20 29 21 45 5809 1 200833 39289 1.9 28 15 9 18 37% 33987 8311 3102 145%
c -  8.77 20 28 21 46 5812 1 205427 39530 1.9 27 15 9 18 38% 33987 8311 3102 145%
c u  8.88 26 28 21 46 5814 1 207016 40840 1.9 27 14 9 18 38% 33987 8311 3102 145%
c v  8.92 26 28 21 46 5814 1 207016 40409 1.9 27 14 9 18 38% 33987 8311 3102 145%
c w  8.93 26 28 21 46 5814 1 207016 39521 1.9 27 14 9 18 38% 33987 8311 3102 145%
c -  9.15 24 27 21 47 5815 1 212209 39632 1.9 27 14 9 18 39% 33987 8311 3102 145%
c -  9.42 24 26 21 48 5820 1 219065 41430 1.9 26 14 9 17 39% 33987 8311 3102 145%
c -  9.68 26 25 21 49 5823 1 225993 42661 1.8 26 14 9 17 40% 33987 8311 3102 145%
c ]  9.69 22 25 22 49 5823 1 226146 42811 1.8 26 14 9 17 40% 33987 8311 3102 145%
c {  9.69 22 19 22 49 5823 3 226146 42811 1.7 18 10 8 12 39% 33987 8311 3102 145%
c o  9.97 26 22 22 49 6963 4 230348 46997 1.7 18 10 8 12 39% 33987 8311 3102 145%
c - 10.15 26 23 22 50 7662 4 232993 43352 1.7 18 11 8 12 40% 33987 8311 3102 145%
c
c  seconds   switched    rate          size/glue  tier1     binary        remaining
c         MB   reductions  conflicts         size   tier2      irredundant
c          level    restarts      redundant     glue    trail        variables
c
c - 10.65 26 26 22 51 9560 5 240065 43251 1.7 19 11 8 12 40% 33987 8311 3102 145%
c - 11.14 26 30 22 52 11118 6 247208 43810 1.8 20 11 8 13 40% 33987 8311 3102 145%
c e 11.18 21 30 22 52 11131 6 247266 43868 1.8 20 11 8 13 40% 37318 10737 2626 123%
c ! 11.19 21 30 22 52 11131 6 247266 43868 1.8 20 11 8 13 40% 37318 10737 2626 123%
c u 11.30 24 30 22 52 11214 6 247663 28276 1.8 20 11 8 13 40% 37318 10737 2626 123%
c v 11.36 24 30 22 52 11214 6 247663 28119 1.8 20 11 8 13 40% 37318 10737 2626 123%
c w 11.39 24 30 22 52 11214 6 247663 28102 1.8 20 11 8 13 40% 37318 10737 2626 123%
c f 11.44 20 30 22 52 11214 6 247663 28102 1.8 20 11 8 13 40% 36610 10633 2671 125%
c u 11.52 24 30 22 52 11214 6 247663 27367 1.8 20 11 8 13 40% 36610 10633 2671 125%
c v 11.59 24 30 22 52 11214 6 247663 27172 1.8 20 11 8 13 40% 36610 10633 2671 125%
c w 11.62 24 30 22 52 11214 6 247663 27153 1.8 20 11 8 13 40% 36610 10633 2671 125%
c - 12.09 24 32 22 53 12587 7 254419 29857 1.8 21 12 9 13 41% 36610 10633 2671 125%
c } 12.30 24 33 23 53 13265 7 257665 33079 1.8 21 12 9 13 41% 36610 10633 2671 125%
c [ 12.30 24 25 23 53 13265 1 257665 33079 1.8 26 14 9 17 40% 36610 10633 2671 125%
c B 12.30 24 25 23 53 13265 1 257665 33079 1.8 26 14 9 17 40% 36610 10633 2671 125%
c - 12.45 24 26 23 54 13267 1 261699 33186 1.9 26 14 9 17 40% 36610 10633 2671 125%
c - 12.74 24 25 23 55 13271 1 269049 36174 1.9 26 14 9 17 41% 36610 10633 2671 125%
c - 13.05 24 25 23 56 13277 1 276466 39000 2.0 26 13 9 17 42% 36610 10633 2671 125%
c - 13.43 26 24 23 57 13279 1 283949 41255 2.0 26 13 9 17 42% 36610 10633 2671 125%
c W 13.67 20 24 23 57 13279 1 289115 46183 2.0 27 13 9 17 43% 36610 10633 2671 125%
c
c  seconds   switched     rate          size/glue  tier1     binary         remaining
c         MB   reductions   conflicts         size   tier2       irredundant
c          level    restarts       redundant     glue    trail         variables
c
c - 13.77 20 24 23 58 13281 1 291498 42889 2.0 27 13 9 17 43% 36610 10633 2671 125%
c u 13.88 22 24 23 58 13281 1 292121 43426 2.0 27 13 9 17 43% 36610 10633 2671 125%
c v 13.96 22 24 23 58 13281 1 292121 43244 2.0 27 13 9 17 43% 36610 10633 2671 125%
c w 13.99 22 24 23 58 13281 1 292121 43186 2.0 27 13 9 17 43% 36610 10633 2671 125%
c - 14.26 22 24 23 59 13286 1 299114 44245 2.0 27 13 9 16 43% 36610 10633 2671 125%
c - 14.56 22 23 23 60 13289 1 306795 45969 2.0 27 13 9 16 44% 36610 10633 2671 125%
c ] 14.71 22 23 24 60 13292 1 310688 49751 2.0 27 13 9 16 44% 36610 10633 2671 125%
c { 14.71 22 33 24 60 13292 7 310688 49751 1.8 21 12 9 13 41% 36610 10633 2671 125%
c o 14.71 22 33 24 60 13299 7 310724 49786 1.8 21 12 9 13 41% 36610 10633 2671 125%
c - 14.85 22 32 24 61 13324 7 314541 47614 1.8 21 12 9 13 41% 36610 10633 2671 125%
c - 15.14 22 31 24 62 13356 6 322351 49534 1.8 21 12 9 13 42% 36610 10633 2671 125%
c - 15.43 22 30 24 63 13444 6 330226 52233 1.8 21 12 9 13 42% 36610 10633 2671 125%
c - 15.72 22 29 24 64 13523 5 338163 54977 1.8 21 11 9 13 43% 36610 10633 2671 125%
c u 15.91 22 28 24 64 13524 5 340682 57186 1.8 20 11 9 13 43% 36610 10633 2671 125%
c v 15.98 23 28 24 64 13524 5 340682 55759 1.8 20 11 9 13 43% 36610 10633 2671 125%
c w 16.00 23 28 24 64 13524 5 340682 55717 1.8 20 11 9 13 43% 36610 10633 2671 125%
c - 16.21 23 28 24 65 13593 5 346163 55803 1.8 20 11 9 13 43% 36610 10633 2671 125%
c } 16.25 23 27 25 65 13593 5 347365 56806 1.8 20 11 9 13 43% 36610 10633 2671 125%
c [ 16.25 23 23 25 65 13593 1 347365 56806 2.0 27 13 9 16 44% 36610 10633 2671 125%
c I 16.25 23 23 25 65 13593 1 347365 56806 2.0 27 13 9 16 44% 36610 10633 2671 125%
c
c  seconds   switched     rate          size/glue  tier1     binary         remaining
c         MB   reductions   conflicts         size   tier2       irredundant
c          level    restarts       redundant     glue    trail         variables
c
c e 16.46 23 24 25 65 13597 1 352881 62135 2.0 27 13 9 16 44% 36636 10682 2666 125%
c - 16.53 23 24 25 66 13598 1 354225 57129 2.0 27 13 9 17 44% 36636 10682 2666 125%
c - 16.85 23 24 25 67 13602 1 362349 59238 2.0 27 13 9 17 45% 36636 10682 2666 125%
c - 17.18 23 24 25 68 13606 1 370534 62105 2.0 26 13 9 17 45% 36636 10682 2666 125%
c - 17.55 24 23 25 69 13607 1 378784 64019 2.0 26 13 9 17 45% 36636 10682 2666 125%
c ] 17.55 24 23 26 69 13607 1 378930 64158 2.0 26 13 9 17 45% 36636 10682 2666 125%
c { 17.55 24 27 26 69 13607 5 378930 64158 1.8 20 11 9 13 43% 36636 10682 2666 125%
c - 17.87 24 27 26 70 13689 5 387090 66048 1.8 20 11 9 13 44% 36636 10682 2666 125%
c o 18.05 24 26 26 70 13763 5 391945 70593 1.8 20 11 9 13 44% 36636 10682 2666 125%
c u 18.22 24 26 26 70 13811 5 393423 71928 1.8 20 11 9 13 44% 36636 10682 2666 125%
c v 18.30 24 26 26 70 13811 5 393423 70722 1.8 20 11 9 13 44% 36636 10682 2666 125%
c w 18.33 24 26 26 70 13811 5 393423 69955 1.8 20 11 9 13 44% 36636 10682 2666 125%
c f 18.71 24 26 26 70 13811 5 393423 69955 1.8 20 11 9 13 44% 36619 10682 2667 125%
c u 18.80 24 26 26 70 13811 5 393423 69918 1.8 20 11 9 13 44% 36619 10682 2667 125%
c v 18.86 24 26 26 70 13811 5 393423 69824 1.8 20 11 9 13 44% 36619 10682 2667 125%
c w 18.88 24 26 26 70 13811 5 393423 69741 1.8 20 11 9 13 44% 36619 10682 2667 125%
c x 18.92 24 26 26 70 13811 5 393423 69738 1.8 20 11 9 13 44% 36619 10682 2667 125%
c - 19.01 28 26 26 71 13813 4 395456 67305 1.8 20 11 9 13 44% 36619 10682 2667 125%
c - 19.32 28 25 26 72 13894 4 403882 70596 1.8 20 11 9 13 44% 36619 10682 2667 125%
c - 19.63 28 24 26 73 13897 4 412367 61827 1.8 19 11 8 13 44% 36619 10682 2667 125%
c
c  seconds   switched     rate          size/glue  tier1     binary         remaining
c         MB   reductions   conflicts         size   tier2       irredundant
c          level    restarts       redundant     glue    trail         variables
c
c - 19.95 28 23 26 74 13993 4 420914 63454 1.8 19 11 9 13 44% 36619 10682 2667 125%
c } 19.96 28 23 27 74 13994 4 421148 63671 1.8 19 11 9 13 44% 36619 10682 2667 125%
c [ 19.96 28 23 27 74 13994 1 421148 63671 2.0 26 13 9 17 45% 36619 10682 2667 125%
c B 19.96 28 23 27 74 13994 1 421148 63671 2.0 26 13 9 17 45% 36619 10682 2667 125%
c - 20.30 28 24 27 75 14000 1 429516 65734 1.9 26 13 9 17 46% 36619 10682 2667 125%
c - 20.67 28 24 27 76 14004 1 438176 68426 1.9 26 13 9 17 46% 36619 10682 2667 125%
c - 21.05 28 24 27 77 14008 1 446895 70923 1.9 25 13 9 16 46% 36619 10682 2667 125%
c u 21.32 28 24 27 77 14008 1 450387 74206 1.9 25 13 9 16 46% 36619 10682 2667 125%
c v 21.42 38 24 27 77 14008 1 450387 74046 1.9 25 13 9 16 46% 36619 10682 2667 125%
c w 21.45 38 24 27 77 14008 1 450387 73775 1.9 25 13 9 16 46% 36619 10682 2667 125%
c - 21.70 34 23 27 78 14010 1 455669 72744 1.9 25 13 9 16 46% 36619 10682 2667 125%
c ] 21.81 34 23 28 78 14012 1 458181 75048 1.9 25 13 9 16 47% 36619 10682 2667 125%
c { 21.81 34 23 28 78 14012 4 458181 75048 1.8 19 11 9 13 44% 36619 10682 2667 125%
c - 22.08 35 23 28 79 14117 4 464500 68069 1.8 19 11 8 13 45% 36619 10682 2667 125%
c - 22.42 34 22 28 80 14301 3 473390 66973 1.8 19 11 8 13 45% 36619 10682 2667 125%
c o 22.78 34 22 28 80 14574 3 482140 74986 1.8 19 11 8 13 45% 36619 10682 2667 125%
c - 22.80 34 22 28 81 14587 3 482334 67545 1.8 19 11 8 13 45% 36619 10682 2667 125%
c - 23.15 34 22 28 82 14821 3 491334 70438 1.8 19 11 9 13 45% 36619 10682 2667 125%
c - 23.52 34 21 28 83 15125 3 500390 73416 1.8 19 11 9 13 45% 36619 10682 2667 125%
c } 23.75 34 21 29 83 15243 3 506319 78811 1.8 19 11 9 13 45% 36619 10682 2667 125%
c
c  seconds   switched     rate          size/glue  tier1     binary         remaining
c         MB   reductions   conflicts         size   tier2       irredundant
c          level    restarts       redundant     glue    trail         variables
c
c [ 23.75 34 23 29 83 15243 1 506319 78811 1.9 25 13 9 16 47% 36619 10682 2667 125%
c W 23.76 28 23 29 83 15243 1 506319 78811 1.9 25 13 9 16 47% 36619 10682 2667 125%
c - 23.88 28 23 29 84 15245 1 509500 75918 1.9 25 13 9 16 47% 36619 10682 2667 125%
c u 24.09 28 23 29 84 15247 1 511659 77291 1.9 25 13 9 16 47% 36619 10682 2667 125%
c v 24.19 28 23 29 84 15247 1 511659 76759 1.9 25 13 9 16 47% 36619 10682 2667 125%
c w 24.22 38 23 29 84 15247 1 511659 76226 1.9 25 13 9 16 47% 36619 10682 2667 125%
c - 24.53 34 23 29 85 15250 1 518666 76681 1.9 24 13 9 16 47% 36619 10682 2667 125%
c - 24.93 34 22 29 86 15256 1 527886 79899 1.9 24 13 9 16 47% 36619 10682 2667 125%
c - 25.38 35 22 29 87 15257 1 537160 82002 1.9 24 13 9 16 47% 36619 10682 2667 125%
c - 25.83 36 22 29 88 15263 1 546489 83073 1.8 23 13 9 16 48% 36619 10682 2667 125%
c ] 25.89 33 21 30 88 15264 1 547713 84181 1.8 23 13 9 16 48% 36619 10682 2667 125%
c { 25.89 33 21 30 88 15264 3 547713 84181 1.8 19 11 9 13 45% 36619 10682 2667 125%
c - 26.23 36 21 30 89 15445 3 555872 83891 1.7 18 11 9 12 46% 36619 10682 2667 125%
c - 26.63 35 21 30 90 15732 3 565306 85452 1.7 18 11 9 12 46% 36619 10682 2667 125%
c - 27.02 36 20 30 91 16069 3 574793 87730 1.7 18 10 9 12 46% 36619 10682 2667 125%
c u 27.27 39 20 30 91 16169 3 577285 87111 1.7 18 11 9 12 46% 36619 10682 2667 125%
c v 27.38 39 20 30 91 16169 3 577285 86409 1.7 18 11 9 12 46% 36619 10682 2667 125%
c w 27.42 39 20 30 91 16169 3 577285 86247 1.7 18 11 9 12 46% 36619 10682 2667 125%
c o 27.66 35 20 30 91 16404 3 582326 91056 1.8 18 11 9 12 46% 36619 10682 2667 125%
c - 27.75 35 20 30 92 16448 3 584332 86599 1.8 18 11 9 12 46% 36619 10682 2667 125%
c
c  seconds   switched     rate          size/glue  tier1     binary         remaining
c         MB   reductions   conflicts         size   tier2       irredundant
c          level    restarts       redundant     glue    trail         variables
c
c - 28.15 36 20 30 93 16619 3 593923 89402 1.8 18 10 9 12 46% 36619 10682 2667 125%
c } 28.47 35 20 31 93 16761 3 602147 96946 1.8 18 10 9 12 46% 36619 10682 2667 125%
c [ 28.47 35 21 31 93 16761 1 602147 96946 1.8 23 13 9 16 48% 36619 10682 2667 125%
c O 28.47 35 21 31 93 16761 1 602147 96946 1.8 23 13 9 16 48% 36619 10682 2667 125%
c - 28.54 38 21 31 94 16762 1 603566 91832 1.8 23 13 9 16 48% 36619 10682 2667 125%
c - 28.96 38 21 31 95 16767 1 613261 94572 1.8 23 13 9 16 48% 36619 10682 2667 125%
c - 29.38 37 21 31 96 16774 1 623009 96696 1.8 23 12 9 16 48% 36619 10682 2667 125%
c - 29.86 38 20 31 97 16775 1 632809 98574 1.8 23 12 9 16 48% 36619 10682 2667 125%
c - 30.32 38 20 31 98 16781 1 642657 100294 1.8 23 12 9 16 48% 36619 10682 2667 125%
c u 30.71 43 20 31 98 16783 1 647317 101349 1.8 23 12 9 16 48% 36619 10682 2667 125%
c v 30.84 43 20 31 98 16783 1 647317 98374 1.8 23 12 9 16 48% 36619 10682 2667 125%
c w 30.88 43 20 31 98 16783 1 647317 97743 1.8 23 12 9 16 48% 36619 10682 2667 125%
c ] 31.06 37 20 32 98 16785 1 650240 100365 1.8 22 12 9 16 48% 36619 10682 2667 125%
c { 31.06 37 20 32 98 16785 3 650240 100365 1.8 18 10 9 12 46% 36619 10682 2667 125%
c - 31.18 38 20 32 99 16935 3 652557 97078 1.7 18 10 9 12 46% 36619 10682 2667 125%
c - 31.61 38 20 32 100 17192 3 662507 99430 1.7 18 10 9 12 46% 36619 10682 2667 125%
c - 32.03 39 20 32 101 17484 3 672507 100699 1.7 18 10 9 12 46% 36619 10682 2667 125%
c - 32.48 38 19 32 102 17844 3 682561 102539 1.7 18 10 9 12 46% 36619 10682 2667 125%
c o 32.90 41 19 32 102 18163 3 692378 111764 1.7 18 10 9 12 46% 36619 10682 2667 125%
c - 32.94 41 19 32 103 18224 3 692660 105031 1.7 18 10 9 12 46% 36619 10682 2667 125%
c
c  seconds   switched      rate           size/glue  tier1     binary         remaining
c         MB   reductions    conflicts          size   tier2       irredundant
c          level     restarts       redundant      glue    trail         variables
c
c - 33.39 41 19 32 104 18564 3 702809 105695 1.7 18 10 9 12 46% 36619 10682 2667 125%
c } 33.77 38 19 33 104 19023 3 711346 113586 1.7 18 10 9 12 46% 36619 10682 2667 125%
c [ 33.77 38 20 33 104 19023 1 711346 113586 1.8 22 12 9 16 48% 36619 10682 2667 125%
c B 33.77 38 20 33 104 19023 1 711346 113586 1.8 22 12 9 16 48% 36619 10682 2667 125%
c - 33.86 39 20 33 105 19024 1 713007 106951 1.8 22 12 9 15 48% 36619 10682 2667 125%
c u 34.44 43 20 33 105 19029 1 721808 114372 1.8 22 12 9 15 48% 36619 10682 2667 125%
c v 34.56 45 20 33 105 19029 1 721808 112633 1.8 22 12 9 15 48% 36619 10682 2667 125%
c w 34.61 45 20 33 105 19029 1 721808 110770 1.8 22 12 9 15 48% 36619 10682 2667 125%
c - 34.72 37 20 33 106 19029 1 723253 105731 1.8 22 12 9 15 48% 36619 10682 2667 125%
c - 35.24 38 19 33 107 19036 1 733548 108801 1.8 22 12 9 15 48% 36619 10682 2667 125%
c - 35.79 39 19 33 108 19037 1 743894 113626 1.8 22 12 9 15 48% 36619 10682 2667 125%
c - 36.40 43 19 33 109 19044 1 754286 116347 1.8 22 12 9 15 48% 36619 10682 2667 125%
c ] 36.73 40 19 34 109 19048 1 760620 122357 1.8 22 12 9 15 48% 36619 10682 2667 125%
c { 36.73 40 19 34 109 19048 3 760620 122357 1.7 18 10 9 12 46% 36619 10682 2667 125%
c - 36.93 43 19 34 110 19060 3 764726 116784 1.7 18 10 9 12 46% 36619 10682 2667 125%
c - 37.37 40 18 34 111 19075 2 775216 93563 1.7 17 10 8 12 46% 36619 10682 2667 125%
c - 37.80 41 18 34 112 19082 2 785753 87875 1.7 17 10 8 12 46% 36619 10682 2667 125%
c - 38.21 39 17 34 113 19098 2 796336 86820 1.7 17 10 8 12 46% 36619 10682 2667 125%
c u 38.57 43 17 34 113 19101 2 800809 85745 1.7 17 10 8 12 46% 36619 10682 2667 125%
c v 38.70 43 17 34 113 19101 2 800809 84384 1.7 17 10 8 12 46% 36619 10682 2667 125%
c
c  seconds   switched      rate          size/glue  tier1     binary         remaining
c         MB   reductions    conflicts         size   tier2       irredundant
c          level     restarts       redundant     glue    trail         variables
c
c w 38.74 43 17 34 113 19101 2 800809 84258 1.7 17 10 8 12 46% 36619 10682 2667 125%
c - 39.02 39 16 34 114 19108 2 806966 82124 1.7 17 10 8 12 46% 36619 10682 2667 125%
c o 39.24 39 16 34 114 19132 2 812503 87207 1.7 17 10 8 12 47% 36619 10682 2667 125%
c - 39.44 39 16 34 115 19144 2 817644 84407 1.7 17 10 8 12 47% 36619 10682 2667 125%
c - 39.87 40 15 34 116 19159 2 828368 87479 1.7 16 10 8 12 47% 36619 10682 2667 125%
c } 39.88 40 15 35 116 19159 2 828766 87798 1.7 16 10 8 12 47% 36619 10682 2667 125%
c [ 39.88 40 19 35 116 19159 1 828766 87798 1.8 22 12 9 15 48% 36619 10682 2667 125%
c W 39.98 33 19 35 116 19159 1 828766 87798 1.8 22 12 9 15 48% 36619 10682 2667 125%
c - 40.39 33 20 35 117 19165 1 839139 89791 1.8 22 12 9 15 48% 36619 10682 2667 125%
c - 40.87 33 20 35 118 19172 1 849955 92088 1.8 22 12 9 15 48% 36619 10682 2667 125%
c - 41.37 33 20 35 119 19173 1 860818 93556 1.8 22 12 9 15 48% 36619 10682 2667 125%
c - 41.91 33 20 35 120 19180 1 871728 94099 1.8 22 12 9 15 48% 36619 10682 2667 125%
c - 42.46 33 20 35 121 19187 1 882683 92419 1.8 22 13 8 15 48% 36619 10682 2667 125%
c u 42.68 43 20 35 121 19187 1 884369 93685 1.8 22 12 8 15 48% 36619 10682 2667 125%
c v 42.78 43 20 35 121 19187 1 884369 92164 1.8 22 12 8 15 48% 36619 10682 2667 125%
c w 42.82 43 20 35 121 19187 1 884369 91133 1.8 22 12 8 15 48% 36619 10682 2667 125%
c ] 43.05 39 20 36 121 19188 1 887271 93863 1.8 22 13 8 15 48% 36619 10682 2667 125%
c { 43.05 39 15 36 121 19188 2 887271 93863 1.7 16 10 8 12 47% 36619 10682 2667 125%
c - 43.38 41 16 36 122 19803 2 893684 90546 1.7 16 10 8 12 47% 36619 10682 2667 125%
c - 43.91 40 16 36 123 20727 2 904729 93081 1.7 17 10 8 12 47% 36619 10682 2667 125%
c
c  seconds   switched      rate          size/glue  tier1     binary         remaining
c         MB   reductions    conflicts         size   tier2       irredundant
c          level     restarts       redundant     glue    trail         variables
c
c - 44.44 41 16 36 124 21550 2 915819 93818 1.7 17 10 8 12 47% 36619 10682 2667 125%
c - 44.98 40 17 36 125 22565 2 926955 94427 1.7 17 10 8 12 47% 36619 10682 2667 125%
c - 45.52 41 17 36 126 23401 2 938136 96290 1.7 17 10 8 12 47% 36619 10682 2667 125%
c o 45.74 39 17 36 126 23752 3 942727 100542 1.7 17 10 8 12 47% 36619 10682 2667 125%
c - 46.03 40 17 36 127 24083 3 949360 97972 1.7 17 10 8 12 47% 36619 10682 2667 125%
c - 46.55 41 18 36 128 24785 3 960629 99918 1.7 17 10 8 12 47% 36619 10682 2667 125%
c } 46.64 41 18 37 128 24816 3 962827 101803 1.7 17 10 8 12 47% 36619 10682 2667 125%
c [ 46.64 41 20 37 128 24816 1 962827 101803 1.8 22 13 8 15 48% 36619 10682 2667 125%
c I 46.64 41 20 37 128 24816 1 962827 101803 1.8 22 13 8 15 48% 36619 10682 2667 125%
c - 47.01 43 21 37 129 24822 1 971942 101025 1.8 22 13 8 15 48% 36619 10682 2667 125%
c u 47.23 43 21 37 129 24822 1 972540 101300 1.8 22 13 8 15 48% 36619 10682 2667 125%
c v 47.37 43 21 37 129 24822 1 972540 101096 1.8 22 13 8 15 48% 36619 10682 2667 125%
c w 47.43 43 21 37 129 24822 1 972540 100966 1.8 22 13 8 15 48% 36619 10682 2667 125%
c - 47.92 39 21 37 130 24828 1 983299 102253 1.8 22 12 9 15 48% 36619 10682 2667 125%
c - 48.45 40 20 37 131 24830 1 994702 103810 1.8 22 12 9 15 48% 36619 10682 2667 125%
c - 49.00 43 20 37 132 24837 1 1006148 103602 1.8 22 12 8 15 48% 36619 10682 2667 125%
c - 49.57 39 20 37 133 24844 1 1017637 103412 1.8 22 12 8 15 48% 36619 10682 2667 125%
c - 50.16 43 19 37 134 24846 1 1029172 102838 1.8 22 12 8 15 48% 36619 10682 2667 125%
c B 50.22 39 20 37 134 24846 1 1030510 104130 1.8 22 12 8 15 48% 36619 10682 2667 125%
c ] 50.47 40 22 38 134 24846 1 1036181 109635 1.8 22 12 8 15 48% 36619 10682 2667 125%
c
c  seconds   switched      rate            size/glue  tier1     binary         remaining
c         MB   reductions     conflicts          size   tier2       irredundant
c          level     restarts        redundant      glue    trail         variables
c
c { 50.47 40 18 38 134 24846 3 1036181 109635 1.7 17 10 8 12 47% 36619 10682 2667 125%
c - 50.87 40 19 38 135 25813 3 1040747 99942 1.7 17 10 8 12 47% 36619 10682 2667 125%
c - 51.89 43 23 38 136 28271 4 1052366 96987 1.7 19 11 8 12 47% 36619 10682 2667 125%
c - 52.95 40 27 38 137 30733 5 1064029 96456 1.7 20 11 8 12 47% 36619 10682 2667 125%
c u 53.30 43 28 38 137 31013 5 1065373 94184 1.7 20 12 8 12 47% 36619 10682 2667 125%
c v 53.48 45 28 38 137 31013 5 1065373 93885 1.7 20 12 8 12 47% 36619 10682 2667 125%
c w 53.55 45 28 38 137 31013 5 1065373 93853 1.7 20 12 8 12 47% 36619 10682 2667 125%
c - 54.53 40 30 38 138 33187 6 1075733 92798 1.7 21 12 8 12 47% 36619 10682 2667 125%
c o 55.17 40 32 38 138 34659 6 1082732 99754 1.7 21 12 8 12 47% 36619 10682 2667 125%
c - 55.61 40 33 38 139 35536 6 1087480 93165 1.7 22 12 8 12 47% 36619 10682 2667 125%
c - 56.64 41 36 38 140 37600 7 1099269 92818 1.8 22 13 8 12 47% 36619 10682 2667 125%
c - 57.66 40 38 38 141 39606 7 1111101 92203 1.8 23 13 8 12 47% 36619 10682 2667 125%
c } 58.35 40 39 39 141 40855 8 1119515 100560 1.8 24 13 8 12 47% 36619 10682 2667 125%
c [ 58.35 40 22 39 141 40855 1 1119515 100560 1.8 22 12 8 15 48% 36619 10682 2667 125%
c W 58.54 33 22 39 141 40855 1 1119515 100560 1.8 22 12 8 15 48% 36619 10682 2667 125%
c - 58.71 33 22 39 142 40857 1 1122975 90793 1.8 22 12 8 15 48% 36619 10682 2667 125%
c - 59.30 33 22 39 143 40864 1 1134892 91488 1.8 23 12 8 15 48% 36619 10682 2667 125%
c - 59.89 33 22 39 144 40869 1 1146851 91984 1.9 23 12 8 15 48% 36619 10682 2667 125%
c - 60.55 33 22 39 145 40875 1 1158851 90667 1.9 24 12 8 15 49% 36619 10682 2667 125%
c u 61.07 43 22 39 145 40876 1 1162896 94270 1.9 24 12 8 15 49% 36619 10682 2667 125%
c
c  seconds   switched      rate           size/glue  tier1     binary         remaining
c         MB   reductions     conflicts         size   tier2       irredundant
c          level     restarts        redundant     glue    trail         variables
c
c v 61.34 45 22 39 145 40876 1 1162896 93707 1.9 24 12 8 15 49% 36619 10682 2667 125%
c w 61.44 45 22 39 145 40876 1 1162896 92794 1.9 24 12 8 15 49% 36619 10682 2667 125%
c - 61.96 39 21 39 146 40882 1 1170892 87997 1.9 24 12 8 15 49% 36619 10682 2667 125%
c - 62.60 40 21 39 147 40884 1 1182975 87599 1.9 24 12 8 15 48% 36619 10682 2667 125%
c - 63.26 39 21 39 148 40885 1 1195099 88731 1.9 24 12 8 15 48% 36619 10682 2667 125%
c O 63.42 40 21 39 148 40885 1 1197943 91452 1.9 23 12 8 15 48% 36619 10682 2667 125%
c - 63.91 41 20 39 149 40890 1 1207266 90165 1.9 23 12 8 15 48% 36619 10682 2667 125%
c - 64.54 39 20 39 150 40897 1 1219472 90527 1.9 23 12 8 15 48% 36619 10682 2667 125%
c - 65.19 40 20 39 151 40900 1 1231719 90379 1.9 23 12 8 15 48% 36619 10682 2667 125%
c - 65.90 39 20 39 152 40907 1 1244007 91003 1.9 23 12 8 15 48% 36619 10682 2667 125%
c ] 66.30 40 20 40 152 40911 1 1250834 97343 1.9 23 12 8 15 48% 36619 10682 2667 125%
c { 66.30 40 39 40 152 40911 8 1250834 97343 1.8 24 13 8 12 47% 36619 10682 2667 125%
c - 66.62 40 38 40 153 40913 7 1256335 90448 1.8 24 13 8 13 47% 36619 10682 2667 125%
c o 66.75 39 37 40 153 40914 7 1258550 92400 1.8 23 13 8 13 47% 36619 10682 2667 125%
c u 67.27 45 36 40 153 40918 7 1265155 96665 1.8 23 13 8 13 47% 36619 10682 2667 125%
c v 67.49 45 36 40 153 40918 7 1265155 89594 1.8 23 13 8 13 47% 36619 10682 2667 125%
c w 67.56 45 36 40 153 40918 7 1265155 87921 1.8 23 13 8 13 47% 36619 10682 2667 125%
c - 67.75 39 35 40 154 40943 7 1268706 82606 1.8 23 13 8 13 47% 36619 10682 2667 125%
c - 68.26 40 33 40 155 40973 6 1281115 86030 1.8 23 13 8 13 47% 36619 10682 2667 125%
c - 68.81 40 31 40 156 40974 5 1293564 87950 1.8 22 12 8 13 47% 36619 10682 2667 125%
c
c  seconds   switched      rate           size/glue  tier1     binary         remaining
c         MB   reductions     conflicts         size   tier2       irredundant
c          level     restarts        redundant     glue    trail         variables
c
c - 69.38 40 30 40 157 41038 5 1306055 88561 1.8 22 12 8 13 47% 36619 10682 2667 125%
c - 69.94 40 28 40 158 41138 5 1318585 88651 1.8 22 12 8 13 47% 36619 10682 2667 125%
c - 70.52 40 27 40 159 41195 4 1331154 88348 1.8 21 12 8 13 47% 36619 10682 2667 125%
c } 70.98 40 26 41 159 41296 4 1342306 98611 1.8 21 12 8 13 47% 36619 10682 2667 125%
c [ 70.98 40 20 41 159 41296 1 1342306 98611 1.9 23 12 8 15 48% 36619 10682 2667 125%
c B 70.98 40 20 41 159 41296 1 1342306 98611 1.9 23 12 8 15 48% 36619 10682 2667 125%
c - 71.07 40 20 41 160 41297 1 1343764 88598 1.9 23 12 8 15 48% 36619 10682 2667 125%
c - 71.70 39 20 41 161 41304 1 1356413 89496 1.9 23 12 8 15 48% 36619 10682 2667 125%
c - 72.35 40 20 41 162 41310 1 1369102 90010 1.9 23 12 8 15 48% 36619 10682 2667 125%
c u 72.74 43 20 41 162 41310 1 1372203 91346 1.9 23 12 8 15 48% 36619 10682 2667 125%
c v 72.94 43 20 41 162 41310 1 1372203 88853 1.9 23 12 8 15 48% 36619 10682 2667 125%
c w 73.01 43 20 41 162 41310 1 1372203 87715 1.9 23 12 8 15 48% 36619 10682 2667 125%
c - 73.57 39 20 41 163 41316 1 1381830 86636 1.9 23 12 8 15 48% 36619 10682 2667 125%
c - 74.30 40 20 41 164 41323 1 1394598 89255 1.9 23 12 8 15 48% 36619 10682 2667 125%
c - 75.07 40 20 41 165 41325 1 1407407 90239 1.9 23 12 8 15 48% 36619 10682 2667 125%
c ] 75.50 40 19 42 165 41326 1 1414802 97301 1.9 23 12 8 15 48% 36619 10682 2667 125%
c { 75.50 40 26 42 165 41326 4 1414802 97301 1.8 21 12 8 13 47% 36619 10682 2667 125%
c - 75.80 41 25 42 166 41335 4 1420252 91648 1.8 21 12 8 13 47% 36619 10682 2667 125%
c o 76.30 40 24 42 166 41342 4 1428783 99333 1.8 20 11 8 13 47% 36619 10682 2667 125%
c - 76.52 39 24 42 167 41393 4 1433138 93388 1.8 20 11 8 13 47% 36619 10682 2667 125%
c
c  seconds   switched      rate           size/glue  tier1     binary         remaining
c         MB   reductions     conflicts         size   tier2       irredundant
c          level     restarts        redundant     glue    trail         variables
c
c - 77.13 41 24 42 168 41659 3 1446061 95494 1.8 20 11 8 13 47% 36619 10682 2667 125%
c - 77.73 40 23 42 169 41820 3 1459022 98123 1.8 20 11 8 13 47% 36619 10682 2667 125%
c - 78.31 43 22 42 170 41937 3 1472024 100700 1.8 20 11 8 13 47% 36619 10682 2667 125%
c u 79.12 45 22 42 170 42197 3 1484041 110774 1.8 19 11 8 13 47% 36619 10682 2667 125%
c v 79.34 47 22 42 170 42197 3 1484041 108346 1.8 19 11 8 13 47% 36619 10682 2667 125%
c w 79.41 47 22 42 170 42197 3 1484041 108152 1.8 19 11 8 13 47% 36619 10682 2667 125%
c - 79.50 39 22 42 171 42236 3 1485063 100655 1.8 19 11 8 13 47% 36619 10682 2667 125%
c - 80.07 41 21 42 172 42355 3 1498141 103850 1.8 19 11 8 12 47% 36619 10682 2667 125%
c - 80.68 43 21 42 173 42651 3 1511255 106253 1.8 19 11 8 12 47% 36619 10682 2667 125%
c } 80.85 40 21 43 173 42743 3 1514776 109588 1.8 19 11 8 12 47% 36619 10682 2667 125%
c [ 80.85 40 19 43 173 42743 1 1514776 109588 1.9 23 12 8 15 48% 36619 10682 2667 125%
c W 81.15 33 19 43 173 42743 1 1514776 109588 1.9 23 12 8 15 48% 36619 10682 2667 125%
c - 81.58 33 20 43 174 42749 1 1524408 108418 1.9 23 12 8 15 48% 36619 10682 2667 125%
c - 82.24 43 20 43 175 42756 1 1537598 108290 1.9 23 12 8 15 49% 36619 10682 2667 125%
c - 82.98 40 20 43 176 42760 1 1550826 108726 1.9 23 12 8 15 49% 36619 10682 2667 125%
c - 83.67 43 20 43 177 42768 1 1564092 109781 1.9 23 12 8 15 49% 36619 10682 2667 125%
c - 84.36 40 20 43 178 42772 1 1577396 109306 1.9 23 12 8 15 49% 36619 10682 2667 125%
c - 85.11 43 21 43 179 42773 1 1590738 109781 1.8 23 13 8 15 49% 36619 10682 2667 125%
c u 85.95 45 21 43 179 42776 1 1600745 118626 1.9 24 13 8 15 49% 36619 10682 2667 125%
c v 86.18 47 21 43 179 42776 1 1600745 118290 1.9 24 13 8 15 49% 36619 10682 2667 125%
c
c  seconds   switched      rate            size/glue  tier1     binary         remaining
c         MB   reductions     conflicts          size   tier2       irredundant
c          level     restarts        redundant      glue    trail         variables
c
c w 86.27 47 21 43 179 42776 1 1600745 118109 1.9 24 13 8 15 49% 36619 10682 2667 125%
c o 87.26 47 21 43 179 42776 1 1600745 118109 1.9 24 13 8 15 49% 36619 10682 2667 125%
c ] 87.37 40 21 44 179 42779 1 1603013 120259 1.9 24 13 8 15 49% 36619 10682 2667 125%
c { 87.37 40 21 44 179 42779 3 1603013 120259 1.8 19 11 8 12 47% 36619 10682 2667 125%
c - 87.44 41 21 44 180 42782 3 1604118 109585 1.8 19 11 8 12 47% 36619 10682 2667 125%
c - 88.11 43 20 44 181 42986 3 1617534 111647 1.8 19 11 8 12 47% 36619 10682 2667 125%
c - 88.74 43 20 44 182 43250 3 1630987 113804 1.7 18 11 8 12 47% 36619 10682 2667 125%
c - 89.40 43 20 44 183 43675 3 1644478 116109 1.7 18 11 8 12 47% 36619 10682 2667 125%
c - 90.06 43 19 44 184 44178 3 1658007 117607 1.7 18 11 8 12 47% 36619 10682 2667 125%
c - 90.68 43 19 44 185 44471 2 1671571 118622 1.7 18 10 8 12 47% 36619 10682 2667 125%
c - 91.34 43 19 44 186 44920 2 1685172 119556 1.7 18 10 8 12 47% 36619 10682 2667 125%
c - 91.99 43 19 44 187 45334 2 1698810 120965 1.7 18 10 8 12 47% 36619 10682 2667 125%
c } 92.59 43 18 45 187 45593 2 1711844 132710 1.7 18 10 8 12 47% 36619 10682 2667 125%
c [ 92.59 43 21 45 187 45593 1 1711844 132710 1.9 24 13 8 15 49% 36619 10682 2667 125%
c I 92.59 43 21 45 187 45593 1 1711844 132710 1.9 24 13 8 15 49% 36619 10682 2667 125%
c - 92.64 43 21 45 188 45593 1 1712486 122163 1.9 24 13 8 15 49% 36619 10682 2667 125%
c u 93.30 47 23 45 188 45599 1 1722340 130959 1.8 24 13 8 15 49% 36619 10682 2667 125%
c v 93.45 47 23 45 188 45599 1 1722340 130785 1.8 24 13 8 15 49% 36619 10682 2667 125%
c w 93.52 48 23 45 188 45599 1 1722340 130705 1.8 24 13 8 15 49% 36619 10682 2667 125%
c - 93.83 40 23 45 189 45602 1 1726200 118613 1.8 25 13 8 15 49% 36619 10682 2667 125%
c
c  seconds   switched      rate            size/glue  tier1     binary         remaining
c         MB   reductions     conflicts          size   tier2       irredundant
c          level     restarts        redundant      glue    trail         variables
c
c - 94.51 43 23 45 190 45607 1 1739947 115584 1.8 25 14 8 15 49% 36619 10682 2667 125%
c - 95.25 39 23 45 191 45614 1 1753731 114994 1.8 25 14 8 15 49% 36619 10682 2667 125%
c - 96.01 43 23 45 192 45621 1 1767553 115402 1.9 26 14 8 15 49% 36619 10682 2667 125%
c - 96.79 43 24 45 193 45623 1 1781410 115909 1.9 27 14 8 15 49% 36619 10682 2667 125%
c - 97.60 41 25 45 194 45625 1 1795302 115575 1.9 28 14 8 15 49% 36619 10682 2667 125%
c ] 98.28 43 25 46 194 45631 1 1806631 126531 2.0 28 14 8 15 49% 36619 10682 2667 125%
c { 98.28 43 18 46 194 45631 2 1806631 126531 1.7 18 10 8 12 47% 36619 10682 2667 125%
c o 98.29 43 18 46 194 45638 2 1806665 126565 1.7 18 10 8 12 47% 36619 10682 2667 125%
c - 98.44 40 18 46 195 45685 2 1809231 116417 1.7 18 10 8 12 47% 36619 10682 2667 125%
c - 99.20 43 18 46 196 46312 2 1823195 120246 1.7 17 10 8 12 47% 36619 10682 2667 125%
c - 99.97 43 19 46 197 46961 2 1837195 123081 1.7 17 10 8 12 47% 36619 10682 2667 125%
c u 100.82 47 18 46 197 47084 2 1848852 131278 1.7 17 10 8 12 47% 36619 10682 2667 125%
c v 101.08 47 18 46 197 47084 2 1848852 129011 1.7 17 10 8 12 47% 36619 10682 2667 125%
c w 101.17 47 18 46 197 47084 2 1848852 128861 1.7 17 10 8 12 47% 36619 10682 2667 125%
c - 101.34 41 18 46 198 47209 2 1851230 118370 1.7 17 10 8 12 47% 36619 10682 2667 125%
c - 102.07 43 18 46 199 47676 2 1865303 118541 1.7 17 10 8 12 47% 36619 10682 2667 125%
c - 102.85 43 18 46 200 48399 2 1879410 120952 1.7 18 10 8 12 47% 36619 10682 2667 125%
c - 103.58 43 18 46 201 48863 2 1893552 121879 1.7 17 10 8 12 47% 36619 10682 2667 125%
c - 104.33 43 18 46 202 49460 2 1907729 123044 1.7 17 10 8 12 47% 36619 10682 2667 125%
c - 105.06 43 18 46 203 49840 2 1921944 123545 1.7 17 10 8 12 47% 36619 10682 2667 125%
c
c  seconds    switched      rate            size/glue  tier1     binary         remaining
c          MB   reductions     conflicts          size   tier2       irredundant
c           level     restarts        redundant      glue    trail         variables
c
c } 105.21 40 18 47 203 49942 2 1924676 125949 1.7 17 10 8 12 47% 36619 10682 2667 125%
c [ 105.21 40 25 47 203 49942 1 1924676 125949 2.0 28 14 8 15 49% 36619 10682 2667 125%
c B 105.21 40 25 47 203 49942 1 1924676 125949 2.0 28 14 8 15 49% 36619 10682 2667 125%
c - 105.84 43 25 47 204 49948 1 1936191 121204 1.9 28 15 8 15 49% 36619 10682 2667 125%
c - 106.59 43 25 47 205 49956 1 1950473 119410 1.9 28 15 8 15 49% 36619 10682 2667 125%
c - 107.40 41 25 47 206 49962 1 1964791 121067 1.9 28 14 8 15 49% 36619 10682 2667 125%
c - 108.22 43 24 47 207 49970 1 1979148 122515 1.9 28 14 8 16 49% 36619 10682 2667 125%
c u 108.59 45 24 47 207 49970 1 1980306 123207 1.9 28 14 8 16 49% 36619 10682 2667 125%
c v 108.86 45 24 47 207 49970 1 1980306 122597 1.9 28 14 8 16 49% 36619 10682 2667 125%
c w 108.96 45 24 47 207 49970 1 1980306 120047 1.9 28 14 8 16 49% 36619 10682 2667 125%
c - 109.69 40 25 47 208 49972 1 1993536 118017 1.9 28 15 8 16 49% 36619 10682 2667 125%
c - 110.52 43 25 47 209 49974 1 2007958 117323 1.9 28 15 8 16 49% 36619 10682 2667 125%
c - 111.42 40 25 47 210 49982 1 2022415 118328 1.9 28 15 8 16 49% 36619 10682 2667 125%
c ] 111.91 43 25 48 210 49986 1 2030386 125937 1.9 28 15 8 16 49% 36619 10682 2667 125%
c { 111.91 43 18 48 210 49986 2 2030386 125937 1.7 17 10 8 12 47% 36619 10682 2667 125%
c o 111.91 43 18 48 210 49991 2 2030420 125971 1.7 17 10 8 12 47% 36619 10682 2667 125%
c - 112.33 43 18 48 211 50445 2 2036906 119851 1.7 17 10 8 12 47% 36619 10682 2667 125%
c - 113.13 43 18 48 212 50981 2 2051433 120769 1.7 17 10 8 12 47% 36619 10682 2667 125%
c - 114.03 43 18 48 213 51643 2 2065993 121886 1.7 17 10 8 12 47% 36619 10682 2667 125%
c - 115.01 43 18 48 214 52081 2 2080589 123003 1.7 17 10 8 12 47% 36619 10682 2667 125%
c
c  seconds    switched      rate            size/glue  tier1     binary         remaining
c          MB   reductions     conflicts          size   tier2       irredundant
c           level     restarts        redundant      glue    trail         variables
c
c - 115.95 43 18 48 215 52946 2 2095218 123848 1.7 17 10 8 12 47% 36619 10682 2667 125%
c - 116.91 45 18 48 216 53801 3 2109880 124876 1.7 17 10 8 12 47% 36619 10682 2667 125%
c u 117.70 47 18 48 216 54133 3 2116754 130522 1.7 17 10 8 12 47% 36619 10682 2667 125%
c v 118.02 47 18 48 216 54133 3 2116754 129647 1.7 17 10 8 12 47% 36619 10682 2667 125%
c w 118.13 47 18 48 216 54133 3 2116754 129530 1.7 17 10 8 12 47% 36619 10682 2667 125%
c - 118.71 43 18 48 217 54693 3 2124578 124361 1.7 17 10 8 12 47% 36619 10682 2667 125%
c - 119.64 45 18 48 218 55277 3 2139308 125348 1.7 17 10 8 12 47% 36619 10682 2667 125%
c - 120.59 43 18 48 219 56091 3 2154072 125661 1.7 17 10 8 12 47% 36619 10682 2667 125%
c } 120.86 43 18 49 219 56344 3 2157996 129299 1.7 17 10 8 12 47% 36619 10682 2667 125%
c [ 120.86 43 25 49 219 56344 1 2157996 129299 1.9 28 15 8 16 49% 36619 10682 2667 125%
c W 121.43 33 25 49 219 56344 1 2157996 129299 1.9 28 15 8 16 49% 36619 10682 2667 125%
c - 122.06 33 25 49 220 56350 1 2168870 126456 1.8 28 15 8 16 49% 36619 10682 2667 125%
c - 122.89 35 25 49 221 56358 1 2183702 127511 1.8 27 15 8 16 49% 36619 10682 2667 125%
c - 123.86 37 26 49 222 56364 1 2198572 127202 1.8 27 15 8 16 49% 36619 10682 2667 125%
c - 124.86 37 25 49 223 56372 1 2213471 126123 1.8 27 15 8 16 49% 36619 10682 2667 125%
c - 125.78 37 25 49 224 56374 1 2228405 128559 1.8 27 15 8 16 49% 36619 10682 2667 125%
c - 126.72 37 25 49 225 56377 1 2243372 130838 1.8 27 15 8 16 49% 36619 10682 2667 125%
c u 128.02 39 25 49 225 56386 1 2258221 144856 1.8 27 15 8 16 50% 36619 10682 2667 125%
c v 128.35 39 25 49 225 56386 1 2258221 144578 1.8 27 15 8 16 50% 36619 10682 2667 125%
c w 128.49 39 25 49 225 56386 1 2258221 143485 1.8 27 15 8 16 50% 36619 10682 2667 125%
c
c  seconds    switched      rate            size/glue  tier1     binary         remaining
c          MB   reductions     conflicts          size   tier2       irredundant
c           level     restarts        redundant      glue    trail         variables
c
c o 128.52 39 25 49 225 56386 1 2258221 143485 1.8 27 15 8 16 50% 36619 10682 2667 125%
c - 128.55 39 25 49 226 56386 1 2258373 128564 1.8 27 15 8 16 50% 36619 10682 2667 125%
c O 129.34 39 26 49 226 56389 1 2272335 142236 1.8 27 14 8 16 49% 36619 10682 2667 125%
c - 129.42 39 26 49 227 56390 1 2273409 127850 1.8 26 14 8 16 49% 36619 10682 2667 125%
c ] 129.71 39 25 50 227 56394 1 2278614 132600 1.8 26 14 8 16 49% 36619 10682 2667 125%
c { 129.71 39 18 50 227 56394 3 2278614 132600 1.7 17 10 8 12 47% 36619 10682 2667 125%
c - 130.27 39 18 50 228 56415 3 2288476 128296 1.7 17 10 8 12 47% 36619 10682 2667 125%
c - 131.07 39 17 50 229 56451 2 2303575 127856 1.7 17 10 8 12 47% 36619 10682 2667 125%
c - 131.84 39 16 50 230 56456 2 2318707 127449 1.7 17 10 8 12 47% 36619 10682 2667 125%
c - 132.59 39 15 50 231 56478 2 2333872 126777 1.7 16 10 8 12 47% 36619 10682 2667 125%
c - 133.45 39 15 50 232 56485 2 2349071 125656 1.7 16 10 8 12 47% 36619 10682 2667 125%
c - 134.29 39 14 50 233 56551 2 2364302 128207 1.7 16 10 8 12 47% 36619 10682 2667 125%
c - 135.12 39 14 50 234 56639 2 2379567 131034 1.7 16 9 8 12 47% 36619 10682 2667 125%
c - 135.97 39 13 50 235 56733 2 2394866 133699 1.7 15 9 8 12 47% 36619 10682 2667 125%
c u 136.88 39 13 50 235 56799 2 2404756 141600 1.6 15 9 8 12 47% 36619 10682 2667 125%
c v 137.18 39 13 50 235 56799 2 2404756 139885 1.6 15 9 8 12 47% 36619 10682 2667 125%
c w 137.28 39 13 50 235 56799 2 2404756 139757 1.6 15 9 8 12 47% 36619 10682 2667 125%
c - 137.55 39 13 50 236 56804 2 2410196 135414 1.6 15 9 8 12 47% 36619 10682 2667 125%
c } 137.83 39 13 51 236 56829 2 2416139 140195 1.6 15 9 8 12 47% 36619 10682 2667 125%
c [ 137.83 39 25 51 236 56829 1 2416139 140195 1.8 26 14 8 16 49% 36619 10682 2667 125%
c
c  seconds    switched      rate            size/glue  tier1     binary         remaining
c          MB   reductions     conflicts          size   tier2       irredundant
c           level     restarts        redundant      glue    trail         variables
c
c B 137.83 39 25 51 236 56829 1 2416139 140195 1.8 26 14 8 16 49% 36619 10682 2667 125%
c - 138.33 39 25 51 237 56835 1 2425558 140665 1.8 26 14 8 16 49% 36619 10682 2667 125%
c - 139.23 39 24 51 238 56843 1 2440954 146495 1.8 25 14 8 16 49% 36619 10682 2667 125%
c - 140.30 39 23 51 239 56849 1 2456381 150868 1.8 25 13 8 16 49% 36619 10682 2667 125%
c - 141.30 39 22 51 240 56857 1 2471840 153398 1.8 24 13 8 16 49% 36619 10682 2667 125%
c - 142.38 39 22 51 241 56859 1 2487331 155032 1.8 24 13 8 16 49% 36619 10682 2667 125%
c - 143.35 39 21 51 242 56863 1 2502855 155398 1.8 23 13 8 16 49% 36619 10682 2667 125%
c - 144.30 39 21 51 243 56872 1 2518412 152973 1.8 24 13 8 16 49% 36619 10682 2667 125%
c ] 145.10 39 22 52 243 56875 1 2530953 164853 1.8 24 13 8 16 49% 36619 10682 2667 125%
c { 145.10 39 13 52 243 56875 2 2530953 164853 1.6 15 9 8 12 47% 36619 10682 2667 125%
c o 145.11 39 13 52 243 56888 2 2531017 164915 1.6 15 9 8 12 47% 36619 10682 2667 125%
c - 145.37 39 13 52 244 57370 2 2534002 149908 1.6 15 9 8 12 47% 36619 10682 2667 125%
c - 146.56 39 15 52 245 59720 2 2549623 148318 1.6 15 10 8 12 47% 36619 10682 2667 125%
c u 147.46 39 15 52 245 60716 2 2556361 149907 1.6 16 10 8 12 47% 36619 10682 2667 125%
c v 147.82 39 15 52 245 60716 2 2556361 149272 1.6 16 10 8 12 47% 36619 10682 2667 125%
c w 147.95 39 15 52 245 60716 2 2556361 148169 1.6 16 10 8 12 47% 36619 10682 2667 125%
c - 148.61 39 16 52 246 61656 2 2565275 142147 1.6 16 10 8 12 47% 36619 10682 2667 125%
c - 149.66 39 16 52 247 63342 3 2580960 141215 1.6 16 10 8 12 47% 36619 10682 2667 125%
c - 150.63 39 17 52 248 64490 3 2596677 140637 1.6 16 10 8 12 47% 36619 10682 2667 125%
c - 151.57 39 17 52 249 65577 3 2612426 140326 1.6 16 10 8 12 47% 36619 10682 2667 125%
c
c  seconds    switched      rate            size/glue  tier1     binary         remaining
c          MB   reductions     conflicts          size   tier2       irredundant
c           level     restarts        redundant      glue    trail         variables
c
c - 152.50 39 17 52 250 66591 3 2628205 140747 1.6 16 10 8 12 47% 36619 10682 2667 125%
c - 153.44 39 18 52 251 67480 3 2644017 142632 1.6 16 10 8 12 47% 36619 10682 2667 125%
c - 154.39 39 18 52 252 68409 3 2659859 145279 1.6 17 10 8 12 47% 36619 10682 2667 125%
c - 155.30 39 18 52 253 68867 3 2675736 147833 1.6 17 10 8 12 47% 36619 10682 2667 125%
c } 155.50 39 18 53 253 69111 3 2678741 150634 1.6 17 10 8 12 47% 36619 10682 2667 125%
c [ 155.50 39 22 53 253 69111 1 2678741 150634 1.8 24 13 8 16 49% 36619 10682 2667 125%
c W 156.12 39 22 53 253 69111 1 2678741 150634 1.8 24 13 8 16 49% 36619 10682 2667 125%
c - 156.82 39 21 53 254 69118 1 2691643 150445 1.8 24 13 8 16 49% 36619 10682 2667 125%
c - 157.78 39 21 53 255 69125 1 2707581 153601 1.8 24 13 8 16 49% 36619 10682 2667 125%
c u 158.56 55 21 53 255 69127 1 2713089 158457 1.9 24 13 8 16 49% 36619 10682 2667 125%
c v 158.93 57 21 53 255 69127 1 2713089 157210 1.9 24 13 8 16 49% 36619 10682 2667 125%
c w 159.06 57 21 53 255 69127 1 2713089 156634 1.9 24 13 8 16 49% 36619 10682 2667 125%
c - 159.75 49 21 53 256 69132 1 2723549 153333 1.9 24 13 8 16 49% 36619 10682 2667 125%
c - 160.94 51 21 53 257 69140 1 2739550 153710 1.9 24 13 8 16 49% 36619 10682 2667 125%
c - 162.15 51 21 53 258 69141 1 2755581 154061 1.9 24 13 8 16 49% 36619 10682 2667 125%
c - 163.32 51 21 53 259 69148 1 2771645 153991 1.9 24 13 8 16 49% 36619 10682 2667 125%
c - 164.56 51 20 53 260 69156 1 2787740 151682 1.8 23 13 8 15 49% 36619 10682 2667 125%
c - 165.70 49 20 53 261 69163 1 2803864 148932 1.8 24 13 8 15 49% 36619 10682 2667 125%
c I 166.48 51 20 53 261 69169 1 2812983 157402 1.8 24 13 8 15 49% 36619 10682 2667 125%
c o 166.48 51 20 53 261 69169 1 2812983 157402 1.8 24 13 8 15 49% 36619 10682 2667 125%
c
c  seconds    switched      rate            size/glue  tier1     binary         remaining
c          MB   reductions     conflicts          size   tier2       irredundant
c           level     restarts        redundant      glue    trail         variables
c
c ] 166.55 46 26 54 261 69170 1 2814113 158491 1.8 25 14 8 15 49% 36619 10682 2667 125%
c { 166.55 46 18 54 261 69170 3 2814113 158491 1.6 17 10 8 12 47% 36619 10682 2667 125%
c - 167.36 51 20 54 262 70414 3 2820019 144100 1.6 17 11 8 12 47% 36619 10682 2667 125%
c - 169.51 51 25 54 263 73820 5 2836206 136711 1.7 19 11 8 12 47% 36619 10682 2667 125%
c - 171.70 51 30 54 264 77192 6 2852426 131347 1.7 21 12 8 12 47% 36619 10682 2667 125%
c - 173.80 51 34 54 265 80530 7 2868674 127528 1.7 22 13 8 12 47% 36619 10682 2667 125%
c u 175.22 39 35 54 265 81795 7 2874935 130134 1.7 23 13 8 12 47% 36619 10682 2667 125%
c v 175.69 39 35 54 265 81795 7 2874935 129531 1.7 23 13 8 12 47% 36619 10682 2667 125%
c w 175.89 39 35 54 265 81795 7 2874935 129487 1.7 23 13 8 12 47% 36619 10682 2667 125%
c - 178.05 39 37 54 266 83736 7 2884952 119198 1.8 24 13 8 12 47% 36619 10682 2667 125%
c - 179.94 39 40 54 267 86495 8 2901262 115774 1.8 25 14 8 12 47% 36619 10682 2667 125%
c - 181.63 39 42 54 268 88596 8 2917602 114703 1.8 26 14 8 12 47% 36619 10682 2667 125%
c - 183.18 39 43 54 269 90254 8 2933972 115484 1.9 27 14 8 12 47% 36619 10682 2667 125%
c - 184.78 39 44 54 270 92031 8 2950373 116396 1.9 27 15 8 12 47% 36619 10682 2667 125%
c - 186.26 39 45 54 271 93415 8 2966804 117604 1.9 28 15 8 12 47% 36619 10682 2667 125%
c } 186.79 39 45 55 271 93917 8 2972509 123222 1.9 28 15 8 12 47% 36619 10682 2667 125%
c [ 186.79 39 26 55 271 93917 1 2972509 123222 1.8 25 14 8 15 49% 36619 10682 2667 125%
c B 186.79 39 26 55 271 93917 1 2972509 123222 1.8 25 14 8 15 49% 36619 10682 2667 125%
c - 187.41 39 27 55 272 93923 1 2983267 117513 1.8 26 14 8 16 49% 36619 10682 2667 125%
c - 188.43 39 27 55 273 93931 1 2999762 118060 1.8 26 14 8 16 49% 36619 10682 2667 125%
c
c  seconds    switched      rate            size/glue  tier1     binary         remaining
c          MB   reductions     conflicts          size   tier2       irredundant
c           level     restarts        redundant      glue    trail         variables
c
c - 189.54 39 27 55 274 93938 1 3016284 120415 1.8 26 14 8 16 49% 36619 10682 2667 125%
c - 190.64 39 27 55 275 93946 1 3032836 122602 1.8 26 14 8 16 49% 36619 10682 2667 125%
c u 191.67 39 26 55 275 93947 1 3041952 130999 1.8 26 14 8 16 49% 36619 10682 2667 125%
c v 192.07 39 26 55 275 93947 1 3041952 130193 1.8 26 14 8 16 49% 36619 10682 2667 125%
c w 192.21 39 26 55 275 93947 1 3041952 129646 1.8 26 14 8 16 49% 36619 10682 2667 125%
c - 192.85 39 26 55 276 93947 1 3049421 122876 1.8 26 14 8 16 49% 36619 10682 2667 125%
c o 193.63 39 25 55 276 93953 1 3060655 133362 1.8 26 14 8 16 49% 36619 10682 2667 125%
c - 193.96 39 32 55 277 93954 1 3066036 120983 1.7 27 16 8 16 49% 36619 10682 2667 125%
c - 194.94 39 31 55 278 93962 1 3082679 118450 1.8 27 15 8 16 49% 36619 10682 2667 125%
c - 195.96 39 30 55 279 93969 1 3099352 118031 1.8 27 15 8 16 49% 36619 10682 2667 125%
c - 197.13 39 29 55 280 93977 1 3116055 117816 1.8 26 15 8 16 49% 36619 10682 2667 125%
c W 198.31 39 28 55 280 93978 1 3120699 122111 1.8 26 15 8 16 49% 36619 10682 2667 125%
c - 199.03 47 31 55 281 93978 1 3132788 112412 1.8 28 16 8 16 49% 36619 10682 2667 125%
c - 200.13 49 33 55 282 93979 1 3149551 104739 1.8 30 16 8 16 49% 36619 10682 2667 125%
c - 201.23 49 36 55 283 93979 1 3166344 100580 1.8 31 17 8 16 49% 36619 10682 2667 125%
c - 202.29 49 37 55 284 93988 1 3183166 96412 1.8 32 18 8 16 49% 36619 10682 2667 125%
c - 203.30 49 35 55 285 93994 1 3200018 96127 1.8 32 17 8 16 49% 36619 10682 2667 125%
c u 204.61 51 34 55 285 94001 1 3214168 108927 1.9 32 17 8 16 49% 36619 10682 2667 125%
c v 205.03 51 34 55 285 94001 1 3214168 108693 1.9 32 17 8 16 49% 36619 10682 2667 125%
c w 205.19 53 34 55 285 94001 1 3214168 105898 1.9 32 17 8 16 49% 36619 10682 2667 125%
c
c  seconds    switched      rate           size/glue  tier1     binary         remaining
c          MB   reductions     conflicts         size   tier2       irredundant
c           level     restarts        redundant     glue    trail         variables
c
c - 205.40 53 34 55 286 94004 1 3216899 96415 1.9 32 17 8 16 49% 36619 10682 2667 125%
c - 206.49 53 32 55 287 94009 1 3233811 98939 1.9 31 17 8 16 49% 36619 10682 2667 125%
c ] 206.70 53 32 56 287 94010 1 3236989 101832 1.9 31 17 8 16 49% 36619 10682 2667 125%
c { 206.70 53 45 56 287 94010 8 3236989 101832 1.9 28 15 8 12 47% 36619 10682 2667 125%
c - 207.52 53 42 56 288 94034 7 3250752 102503 1.9 28 14 8 12 47% 36619 10682 2667 125%
c - 208.46 53 38 56 289 94042 6 3267722 106912 1.9 26 14 8 12 47% 36619 10682 2667 125%
c - 209.42 53 34 56 290 94048 5 3284723 110240 1.9 25 13 8 12 47% 36619 10682 2667 125%
c - 210.40 53 32 56 291 94052 5 3301753 112568 1.9 24 13 8 12 47% 36619 10682 2667 125%
c o 211.18 53 30 56 291 94066 4 3315200 124673 1.8 23 13 8 12 47% 36619 10682 2667 125%
c - 211.37 53 29 56 292 94090 4 3318811 114054 1.8 23 13 8 12 47% 36619 10682 2667 125%
c - 212.33 53 27 56 293 94160 4 3335899 97480 1.8 22 12 7 12 47% 36619 10682 2667 125%
c - 213.27 53 25 56 294 94213 3 3353016 94209 1.8 22 12 7 12 47% 36619 10682 2667 125%
c - 214.18 53 24 56 295 94326 3 3370162 94488 1.8 21 12 7 12 47% 36619 10682 2667 125%
c - 215.09 53 23 56 296 94445 3 3387337 95820 1.8 21 11 7 12 47% 36619 10682 2667 125%
c u 215.67 53 22 56 296 94445 3 3391605 97294 1.8 20 11 7 12 47% 36619 10682 2667 125%
c v 216.04 53 22 56 296 94445 3 3391605 90333 1.8 20 11 7 12 47% 36619 10682 2667 125%
c w 216.17 53 22 56 296 94445 3 3391605 89370 1.8 20 11 7 12 47% 36619 10682 2667 125%
c - 216.89 53 22 56 297 94644 3 3404544 89253 1.8 20 11 7 12 47% 36619 10682 2667 125%
c } 216.99 53 22 57 297 94673 3 3406331 90895 1.8 20 11 7 12 47% 36619 10682 2667 125%
c [ 216.99 53 32 57 297 94673 1 3406331 90895 1.9 31 17 8 16 49% 36619 10682 2667 125%
c
c  seconds    switched      rate           size/glue  tier1     binary         remaining
c          MB   reductions     conflicts         size   tier2       irredundant
c           level     restarts        redundant     glue    trail         variables
c
c O 216.99 53 32 57 297 94673 1 3406331 90895 1.9 31 17 8 16 49% 36619 10682 2667 125%
c - 217.74 53 30 57 298 94682 1 3421778 95215 1.9 30 16 8 16 49% 36619 10682 2667 125%
c - 218.70 53 28 57 299 94687 1 3439041 97572 1.9 28 15 8 16 49% 36619 10682 2667 125%
c - 219.69 53 26 57 300 94698 1 3456333 97739 1.9 27 15 8 16 48% 36619 10682 2667 125%
c - 220.78 53 25 57 301 94703 1 3473655 97316 1.9 27 14 8 16 48% 36619 10682 2667 125%
c - 221.86 53 25 57 302 94706 1 3491004 97400 1.9 26 14 8 16 48% 36619 10682 2667 125%
c - 223.04 53 24 57 303 94716 1 3508382 98944 1.9 26 14 8 16 48% 36619 10682 2667 125%
c - 224.12 53 23 57 304 94722 1 3525789 100509 1.9 26 14 8 16 48% 36619 10682 2667 125%
c - 225.28 53 23 57 305 94732 1 3543226 101866 1.9 25 13 8 16 47% 36619 10682 2667 125%
c ] 226.36 53 23 58 305 94734 1 3558807 116865 1.9 25 13 8 16 47% 36619 10682 2667 125%
c { 226.36 53 22 58 305 94734 3 3558807 116865 1.8 20 11 7 12 47% 36619 10682 2667 125%
c - 226.51 53 22 58 306 94743 3 3560690 103759 1.8 20 11 7 12 47% 36619 10682 2667 125%
c o 226.92 53 21 58 306 94788 3 3567468 109964 1.8 20 11 7 12 47% 36619 10682 2667 125%
c u 227.76 53 21 58 306 94913 3 3574290 115244 1.8 20 11 7 12 47% 36619 10682 2667 125%
c v 228.21 53 21 58 306 94913 3 3574290 114480 1.8 20 11 7 12 47% 36619 10682 2667 125%
c w 228.37 53 21 58 306 94913 3 3574290 112766 1.8 20 11 7 12 47% 36619 10682 2667 125%
c - 228.61 53 21 58 307 94963 3 3578182 102660 1.8 20 11 7 12 47% 36619 10682 2667 125%
c - 229.54 53 20 58 308 95191 2 3595703 105998 1.8 19 11 7 12 47% 36619 10682 2667 125%
c - 230.51 53 20 58 309 95464 2 3613252 107774 1.8 19 11 7 12 47% 36619 10682 2667 125%
c - 231.49 53 20 58 310 95922 2 3630830 109540 1.8 19 11 7 12 47% 36619 10682 2667 125%
c
c  seconds    switched      rate            size/glue  tier1     binary         remaining
c          MB   reductions     conflicts          size   tier2       irredundant
c           level     restarts        redundant      glue    trail         variables
c
c - 232.49 53 19 58 311 96361 2 3648439 110511 1.8 19 11 7 12 47% 36619 10682 2667 125%
c - 233.42 53 19 58 312 96803 2 3666074 112226 1.7 19 11 7 12 47% 36619 10682 2667 125%
c - 234.39 53 19 58 313 97152 2 3683738 113735 1.7 18 11 7 12 47% 36619 10682 2667 125%
c - 235.35 53 18 58 314 97602 2 3701429 115594 1.7 18 11 7 12 47% 36619 10682 2667 125%
c - 236.36 53 18 58 315 98084 2 3719149 118101 1.7 18 10 7 12 47% 36619 10682 2667 125%
c - 237.37 53 18 58 316 98589 2 3736898 119960 1.7 18 10 7 12 47% 36619 10682 2667 125%
c } 237.50 53 18 59 316 98609 2 3739437 122176 1.7 18 10 7 12 47% 36619 10682 2667 125%
c [ 237.50 53 23 59 316 98609 1 3739437 122176 1.9 25 13 8 16 47% 36619 10682 2667 125%
c B 237.50 53 23 59 316 98609 1 3739437 122176 1.9 25 13 8 16 47% 36619 10682 2667 125%
c - 238.41 53 22 59 317 98618 1 3754674 119683 1.9 25 13 7 16 48% 36619 10682 2667 125%
c u 239.28 53 22 59 317 98622 1 3762248 123574 1.9 25 13 7 16 48% 36619 10682 2667 125%
c v 239.69 53 22 59 317 98622 1 3762248 122920 1.9 25 13 7 16 48% 36619 10682 2667 125%
c w 239.84 53 22 59 317 98622 1 3762248 121684 1.9 25 13 7 16 48% 36619 10682 2667 125%
c - 240.54 53 22 59 318 98624 1 3772479 115499 1.9 25 13 7 16 48% 36619 10682 2667 125%
c - 241.73 53 21 59 319 98635 1 3790313 117217 1.9 24 13 7 16 48% 36619 10682 2667 125%
c - 242.91 53 21 59 320 98639 1 3808175 118084 1.8 24 13 7 16 48% 36619 10682 2667 125%
c - 244.11 53 20 59 321 98643 1 3826063 118360 1.8 23 13 7 16 48% 36619 10682 2667 125%
c - 245.20 53 21 59 322 98653 1 3843979 115881 1.8 24 13 7 16 48% 36619 10682 2667 125%
c - 246.32 53 21 59 323 98660 1 3861925 112807 1.8 24 13 7 16 48% 36619 10682 2667 125%
c - 247.56 53 21 59 324 98669 1 3879898 113220 1.8 24 13 7 16 48% 36619 10682 2667 125%
c
c  seconds    switched      rate            size/glue  tier1     binary         remaining
c          MB   reductions     conflicts          size   tier2       irredundant
c           level     restarts        redundant      glue    trail         variables
c
c ] 248.51 53 21 60 324 98670 1 3894120 126528 1.8 24 13 7 16 48% 36619 10682 2667 125%
c { 248.51 53 18 60 324 98670 2 3894120 126528 1.7 18 10 7 12 47% 36619 10682 2667 125%
c o 248.52 53 18 60 324 98679 2 3894163 126569 1.7 18 10 7 12 47% 36619 10682 2667 125%
c - 248.78 53 18 60 325 98919 2 3897899 113140 1.7 18 10 7 12 47% 36619 10682 2667 125%
c - 249.90 53 18 60 326 99841 2 3915926 114621 1.7 18 10 7 12 47% 36619 10682 2667 125%
c - 250.95 53 18 60 327 100338 2 3933981 115912 1.7 18 10 7 12 47% 36619 10682 2667 125%
c - 251.95 53 18 60 328 100661 2 3952064 116287 1.7 18 10 7 12 47% 36619 10682 2667 125%
c u 252.62 53 18 60 328 100821 2 3955505 117401 1.7 18 10 7 12 47% 36619 10682 2667 125%
c v 253.08 53 18 60 328 100821 2 3955505 114957 1.7 18 10 7 12 47% 36619 10682 2667 125%
c w 253.23 53 18 60 328 100821 2 3955505 114348 1.7 18 10 7 12 47% 36619 10682 2667 125%
c - 254.10 53 18 60 329 101337 2 3970174 112901 1.7 18 10 7 12 47% 36619 10682 2667 125%
c - 255.21 53 18 60 330 102066 2 3988312 116795 1.7 18 10 7 12 47% 36619 10682 2667 125%
c - 256.27 53 18 60 331 102780 2 4006477 118977 1.7 17 10 7 12 47% 36619 10682 2667 125%
c - 257.35 53 18 60 332 103555 2 4024673 120433 1.7 17 10 7 12 47% 36619 10682 2667 125%
c - 258.42 53 18 60 333 104271 2 4042893 122121 1.7 17 10 7 12 47% 36619 10682 2667 125%
c - 259.45 53 18 60 334 104829 2 4061141 122866 1.7 17 10 7 12 47% 36619 10682 2667 125%
c - 260.56 53 18 60 335 105634 2 4079416 123559 1.7 17 10 7 12 47% 36619 10682 2667 125%
c } 260.95 53 18 61 335 105825 2 4086373 129871 1.7 17 10 7 12 47% 36619 10682 2667 125%
c [ 260.95 53 21 61 335 105825 1 4086373 129871 1.8 24 13 7 16 48% 36619 10682 2667 125%
c W 262.11 53 21 61 335 105825 1 4086373 129871 1.8 24 13 7 16 48% 36619 10682 2667 125%
c
c  seconds    switched       rate            size/glue  tier1     binary         remaining
c          MB   reductions      conflicts          size   tier2       irredundant
c           level      restarts        redundant      glue    trail         variables
c
c - 262.74 53 22 61 336 105831 1 4097719 123556 1.8 25 14 7 16 48% 36619 10682 2667 125%
c - 263.94 53 22 61 337 105839 1 4116050 122244 1.8 25 13 7 16 48% 36619 10682 2667 125%
c - 265.09 53 21 61 338 105849 1 4134410 122538 1.8 25 13 7 16 48% 36619 10682 2667 125%
c - 266.36 53 21 61 339 105855 1 4152795 123422 1.9 25 13 7 16 48% 36619 10682 2667 125%
c u 266.89 53 21 61 339 105855 1 4154087 123855 1.9 25 13 7 16 48% 36619 10682 2667 125%
c v 267.37 53 21 61 339 105855 1 4154087 121774 1.9 25 13 7 16 48% 36619 10682 2667 125%
c w 267.56 53 21 61 339 105855 1 4154087 118508 1.9 25 13 7 16 48% 36619 10682 2667 125%
c - 268.68 53 21 61 340 105858 1 4171209 118031 1.9 25 13 7 16 49% 36619 10682 2667 125%
c - 269.95 53 21 61 341 105869 1 4189649 118833 1.9 25 13 7 16 48% 36619 10682 2667 125%
c - 271.29 53 20 61 342 105876 1 4208115 120576 1.9 24 13 7 16 48% 36619 10682 2667 125%
c - 272.63 53 20 61 343 105885 1 4226609 120467 1.9 24 13 7 16 48% 36619 10682 2667 125%
c - 273.98 53 19 61 344 105886 1 4245129 119854 1.9 23 12 7 16 48% 36619 10682 2667 125%
c ] 274.41 53 20 62 344 105887 1 4251441 125900 1.9 23 12 7 16 48% 36619 10682 2667 125%
c { 274.41 53 18 62 344 105887 2 4251441 125900 1.7 17 10 7 12 47% 36619 10682 2667 125%
c o 274.41 53 18 62 344 105892 2 4251470 125929 1.7 17 10 7 12 47% 36619 10682 2667 125%
c - 275.19 53 18 62 345 106421 2 4263676 119160 1.7 17 10 7 12 47% 36619 10682 2667 125%
c - 276.31 53 18 62 346 107143 2 4282251 118740 1.7 17 10 7 12 47% 36619 10682 2667 125%
c - 277.39 53 18 62 347 107828 2 4300852 118914 1.7 17 10 7 12 47% 36619 10682 2667 125%
c - 278.47 53 18 62 348 108374 2 4319480 120142 1.7 17 10 7 12 47% 36619 10682 2667 125%
c - 279.55 53 18 62 349 108939 2 4338135 122237 1.7 17 10 7 12 47% 36619 10682 2667 125%
c
c  seconds    switched       rate            size/glue  tier1     binary         remaining
c          MB   reductions      conflicts          size   tier2       irredundant
c           level      restarts        redundant      glue    trail         variables
c
c - 280.66 53 18 62 350 109643 2 4356816 123998 1.7 17 10 7 12 47% 36619 10682 2667 125%
c u 281.23 53 18 62 350 109726 2 4358018 122091 1.7 17 10 7 12 47% 36619 10682 2667 125%
c v 281.71 53 18 62 350 109726 2 4358018 119394 1.7 17 10 7 12 47% 36619 10682 2667 125%
c w 281.88 53 18 62 350 109726 2 4358018 119015 1.7 17 10 7 12 47% 36619 10682 2667 125%
c - 282.94 53 18 62 351 110406 2 4375524 120469 1.7 17 10 7 12 47% 36619 10682 2667 125%
c - 284.11 53 18 62 352 111368 2 4394260 124578 1.7 17 10 7 12 47% 36619 10682 2667 125%
c - 285.21 53 18 62 353 111904 2 4413022 126828 1.7 17 10 7 12 47% 36619 10682 2667 125%
c - 286.26 53 18 62 354 112433 2 4431810 129054 1.7 17 10 7 12 47% 36619 10682 2667 125%
c - 287.36 53 18 62 355 112949 2 4450624 131176 1.7 17 10 7 12 47% 36619 10682 2667 125%
c } 287.65 53 18 63 355 113120 2 4455650 135658 1.7 17 10 7 12 47% 36619 10682 2667 125%
c [ 287.65 53 20 63 355 113120 1 4455650 135658 1.9 23 12 7 16 48% 36619 10682 2667 125%
c I 287.65 53 20 63 355 113120 1 4455650 135658 1.9 23 12 7 16 48% 36619 10682 2667 125%
c - 288.46 53 23 63 356 113128 1 4469465 128265 1.9 26 14 7 16 48% 36619 10682 2667 125%
c - 289.54 53 23 63 357 113134 1 4488333 126885 1.9 26 14 7 16 48% 36619 10682 2667 125%
c - 290.69 53 22 63 358 113147 1 4507227 131403 1.9 25 13 7 16 48% 36619 10682 2667 125%
c - 291.85 53 22 63 359 113150 1 4526147 131632 1.9 25 13 7 15 48% 36619 10682 2667 125%
c - 293.06 53 22 63 360 113156 1 4545094 129001 1.9 25 13 7 15 48% 36619 10682 2667 125%
c - 294.38 53 22 63 361 113165 1 4564067 127704 1.9 25 13 7 15 48% 36619 10682 2667 125%
c u 295.08 53 22 63 361 113165 1 4567327 129108 1.9 24 13 7 15 48% 36619 10682 2667 125%
c v 295.58 53 22 63 361 113165 1 4567327 128482 1.9 24 13 7 15 48% 36619 10682 2667 125%
c
c  seconds    switched       rate            size/glue  tier1     binary         remaining
c          MB   reductions      conflicts          size   tier2       irredundant
c           level      restarts        redundant      glue    trail         variables
c
c w 295.76 53 22 63 361 113165 1 4567327 128345 1.9 24 13 7 15 48% 36619 10682 2667 125%
c o 295.79 53 22 63 361 113165 1 4567327 128345 1.9 24 13 7 15 48% 36619 10682 2667 125%
c - 296.69 53 27 63 362 113173 1 4583072 123658 1.8 25 14 7 15 48% 36619 10682 2667 125%
c - 297.87 53 25 63 363 113180 1 4602099 123457 1.8 25 14 7 15 48% 36619 10682 2667 125%
c - 299.11 53 24 63 364 113182 1 4621152 125413 1.8 24 13 7 15 48% 36619 10682 2667 125%
c - 300.32 53 24 63 365 113182 1 4640230 123616 1.8 24 13 7 15 48% 36619 10682 2667 125%
c B 300.37 53 24 63 365 113182 1 4640987 124356 1.8 24 13 7 15 48% 36619 10682 2667 125%
c ] 300.76 53 25 64 365 113182 1 4647795 130931 1.8 25 14 7 15 48% 36619 10682 2667 125%
c { 300.76 53 18 64 365 113182 2 4647795 130931 1.7 17 10 7 12 47% 36619 10682 2667 125%
c - 301.48 53 18 64 366 113588 2 4659335 120066 1.7 17 10 7 12 47% 36619 10682 2667 125%
c - 302.65 53 18 64 367 114297 2 4678469 121356 1.7 17 10 7 12 47% 36619 10682 2667 125%
c - 303.99 53 18 64 368 115436 2 4697627 125530 1.7 17 10 7 12 47% 36619 10682 2667 125%
c - 305.28 53 18 64 369 116126 2 4716810 128108 1.7 17 10 7 12 47% 36619 10682 2667 125%
c - 306.51 53 18 64 370 116832 2 4736019 130096 1.7 17 10 7 12 47% 36619 10682 2667 125%
c - 307.77 53 18 64 371 117684 2 4755254 132184 1.7 17 10 7 12 47% 36619 10682 2667 125%
c - 308.98 53 19 64 372 118460 2 4774515 133765 1.7 17 10 7 12 47% 36619 10682 2667 125%
c u 309.94 53 19 64 372 118776 2 4782035 137904 1.7 17 10 7 12 47% 36619 10682 2667 125%
c v 310.43 53 19 64 372 118776 2 4782035 136929 1.7 17 10 7 12 47% 36619 10682 2667 125%
c w 310.61 53 19 64 372 118776 2 4782035 136739 1.7 17 10 7 12 47% 36619 10682 2667 125%
c - 313.37 53 18 64 373 119121 2 4793803 131333 1.7 17 10 7 12 47% 36619 10682 2667 125%
c
c  seconds    switched       rate            size/glue  tier1     binary         remaining
c          MB   reductions      conflicts          size   tier2       irredundant
c           level      restarts        redundant      glue    trail         variables
c
c - 314.58 53 19 64 374 120014 2 4813116 132546 1.7 17 10 7 12 47% 36619 10682 2667 125%
c - 315.77 53 18 64 375 120685 2 4832455 133078 1.7 17 10 7 12 47% 36619 10682 2667 125%
c - 316.97 53 19 64 376 121467 2 4851819 133221 1.7 17 10 7 12 47% 36619 10682 2667 125%
c o 317.33 53 19 64 376 121716 2 4857344 138168 1.7 17 10 7 12 47% 36619 10682 2667 125%
c } 317.71 53 18 65 376 121800 2 4864293 144682 1.7 17 10 7 12 47% 36619 10682 2667 125%
c [ 317.71 53 25 65 376 121800 1 4864293 144682 1.8 25 14 7 15 48% 36619 10682 2667 125%
c W 319.13 53 25 65 376 121800 1 4864293 144682 1.8 25 14 7 15 48% 36619 10682 2667 125%
c - 319.51 53 25 65 377 121805 1 4871209 133017 1.8 25 14 7 15 48% 36619 10682 2667 125%
c - 320.63 53 25 65 378 121814 1 4890626 129571 1.8 25 14 7 15 49% 36619 10682 2667 125%
c - 321.93 53 25 65 379 121822 1 4910069 125872 1.8 25 14 7 15 49% 36619 10682 2667 125%
c - 323.23 53 24 65 380 121829 1 4929536 125067 1.8 25 14 7 15 50% 36619 10682 2667 125%
c - 324.52 53 23 65 381 121833 1 4949029 125392 1.8 25 14 7 15 50% 36619 10682 2667 125%
c - 325.95 53 22 65 382 121844 1 4968549 125213 1.8 24 14 7 15 50% 36619 10682 2667 125%
c - 327.23 53 22 65 383 121852 1 4988093 125085 1.8 24 13 7 15 50% 36619 10682 2667 125%
c u 328.62 53 21 65 383 121859 1 5002144 137540 1.8 24 13 7 15 49% 36619 10682 2667 125%
c v 329.06 53 21 65 383 121859 1 5002144 131007 1.8 24 13 7 15 49% 36619 10682 2667 125%
c w 329.22 53 21 65 383 121859 1 5002144 123455 1.8 24 13 7 15 49% 36619 10682 2667 125%
c - 329.71 53 22 65 384 121860 1 5007665 112355 1.8 24 13 7 15 49% 36619 10682 2667 125%
c - 330.95 53 22 65 385 121861 1 5027261 112391 1.8 25 14 7 15 49% 36619 10682 2667 125%
c - 332.28 53 23 65 386 121862 1 5046883 111366 1.8 25 14 7 15 49% 36619 10682 2667 125%
c
c  seconds    switched       rate            size/glue  tier1     binary         remaining
c          MB   reductions      conflicts          size   tier2       irredundant
c           level      restarts        redundant      glue    trail         variables
c
c O 333.47 53 23 65 386 121866 1 5065363 128715 1.8 25 14 7 15 49% 36619 10682 2667 125%
c - 333.56 53 23 65 387 121867 1 5066531 111720 1.8 25 14 7 15 49% 36619 10682 2667 125%
c ] 333.61 53 22 66 387 121868 1 5067419 112568 1.8 25 14 7 15 49% 36619 10682 2667 125%
c { 333.61 53 18 66 387 121868 2 5067419 112568 1.7 17 10 7 12 47% 36619 10682 2667 125%
c - 334.72 53 17 66 388 121878 2 5086203 115493 1.7 17 10 7 12 47% 36619 10682 2667 125%
c - 335.78 53 16 66 389 121895 2 5105901 119305 1.7 17 10 7 12 47% 36619 10682 2667 125%
c - 336.88 53 15 66 390 121897 2 5125624 123410 1.7 17 10 7 12 47% 36619 10682 2667 125%
c - 338.00 53 15 66 391 121982 2 5145372 124537 1.7 17 10 7 12 47% 36619 10682 2667 125%
c - 339.09 53 14 66 392 122007 2 5165146 125050 1.7 16 10 7 12 47% 36619 10682 2667 125%
c o 339.52 53 14 66 392 122018 2 5172762 130956 1.7 16 9 7 12 47% 36619 10682 2667 125%
c - 340.21 53 13 66 393 122060 2 5184944 126013 1.7 16 9 7 12 47% 36619 10682 2667 125%
c - 341.29 53 13 66 394 122125 1 5204768 128865 1.7 16 9 7 12 47% 36619 10682 2667 125%
c - 342.40 53 13 66 395 122249 1 5224619 132090 1.7 15 9 7 12 47% 36619 10682 2667 125%
c u 343.07 53 12 66 395 122249 1 5227704 131793 1.7 15 9 7 12 47% 36619 10682 2667 125%
c v 343.56 53 12 66 395 122249 1 5227704 126873 1.7 15 9 7 12 47% 36619 10682 2667 125%
c w 343.64 53 12 66 395 122249 1 5227704 126750 1.7 15 9 7 12 47% 36619 10682 2667 125%
c - 344.62 53 12 66 396 122404 1 5244494 127471 1.6 15 9 7 12 47% 36619 10682 2667 125%
c - 345.82 53 12 66 397 122688 1 5264394 131893 1.6 15 9 7 12 47% 36619 10682 2667 125%
c - 347.04 53 12 66 398 122917 1 5284318 134443 1.6 15 9 7 12 47% 36619 10682 2667 125%
c } 347.75 53 12 67 398 123002 1 5296534 144221 1.6 14 9 7 12 47% 36619 10682 2667 125%
c
c  seconds    switched       rate            size/glue  tier1     binary         remaining
c          MB   reductions      conflicts          size   tier2       irredundant
c           level      restarts        redundant      glue    trail         variables
c
c [ 347.75 53 22 67 398 123002 1 5296534 144221 1.8 25 14 7 15 49% 36619 10682 2667 125%
c B 347.75 53 22 67 398 123002 1 5296534 144221 1.8 25 14 7 15 49% 36619 10682 2667 125%
c - 348.21 53 22 67 399 123007 1 5304269 135782 1.8 25 14 7 15 49% 36619 10682 2667 125%
c - 349.49 53 22 67 400 123016 1 5324244 137885 1.8 24 13 7 15 49% 36619 10682 2667 125%
c - 350.85 53 21 67 401 123026 1 5344245 138761 1.8 24 13 7 15 49% 36619 10682 2667 125%
c - 352.35 53 21 67 402 123032 1 5364269 137875 1.8 23 13 7 15 49% 36619 10682 2667 125%
c - 353.89 53 20 67 403 123037 1 5384318 138347 1.8 23 13 7 15 49% 36619 10682 2667 125%
c - 355.23 53 20 67 404 123047 1 5404393 136640 1.8 23 13 7 15 48% 36619 10682 2667 125%
c - 356.77 53 20 67 405 123055 1 5424492 133771 1.8 23 13 7 15 48% 36619 10682 2667 125%
c - 358.35 53 20 67 406 123063 1 5444618 132732 1.8 23 13 7 15 49% 36619 10682 2667 125%
c u 359.95 53 20 67 406 123063 1 5458717 143797 1.9 24 13 7 15 49% 36619 10682 2667 125%
c v 360.60 71 20 67 406 123063 1 5458717 137567 1.9 24 13 7 15 49% 36619 10682 2667 125%
c w 360.86 71 20 67 406 123063 1 5458717 131313 1.9 24 13 7 15 49% 36619 10682 2667 125%
c - 361.35 63 20 67 407 123064 1 5464767 120642 1.8 24 13 7 15 49% 36619 10682 2667 125%
c - 362.81 61 20 67 408 123064 1 5484941 124174 1.8 24 13 7 15 48% 36619 10682 2667 125%
c ] 362.83 61 20 68 408 123064 1 5485326 124545 1.8 24 13 7 15 48% 36619 10682 2667 125%
c { 362.83 61 12 68 408 123064 1 5485326 124545 1.6 14 9 7 12 47% 36619 10682 2667 125%
c o 362.84 61 12 68 408 123072 1 5485392 124610 1.6 14 9 7 12 47% 36619 10682 2667 125%
c - 364.51 65 14 68 409 126069 2 5505140 129707 1.6 15 9 7 12 47% 36619 10682 2667 125%
c - 366.04 65 15 68 410 128395 2 5525364 132250 1.6 15 10 7 12 47% 36619 10682 2667 125%
c
c  seconds    switched       rate            size/glue  tier1     binary         remaining
c          MB   reductions      conflicts          size   tier2       irredundant
c           level      restarts        redundant      glue    trail         variables
c
c - 367.48 65 16 68 411 130260 2 5545613 134100 1.6 16 10 7 12 47% 36619 10682 2667 125%
c - 368.84 65 17 68 412 131525 3 5565886 136591 1.6 16 10 7 12 47% 36619 10682 2667 125%
c - 370.22 65 17 68 413 132795 3 5586184 138202 1.6 16 10 7 12 47% 36619 10682 2667 125%
c - 371.50 65 17 68 414 133642 3 5606507 139433 1.6 16 10 7 12 47% 36619 10682 2667 125%
c - 372.81 65 18 68 415 134635 3 5626853 141467 1.6 17 10 7 12 47% 36619 10682 2667 125%
c - 374.12 65 18 68 416 135495 3 5647226 143900 1.6 17 10 7 12 47% 36619 10682 2667 125%
c - 375.52 65 18 68 417 136100 3 5667624 146132 1.6 17 10 7 12 47% 36619 10682 2667 125%
c - 376.99 65 18 68 418 137118 3 5688045 148448 1.6 17 10 7 12 47% 36619 10682 2667 125%
c u 378.11 67 18 68 418 137516 3 5695206 152885 1.6 17 10 7 12 47% 36619 10682 2667 125%
c v 378.75 68 18 68 418 137516 3 5695206 149839 1.6 17 10 7 12 47% 36619 10682 2667 125%
c w 378.98 68 18 68 418 137516 3 5695206 149565 1.6 17 10 7 12 47% 36619 10682 2667 125%
c - 379.94 65 18 68 419 137974 3 5708490 145805 1.6 17 10 7 12 47% 36619 10682 2667 125%
c } 381.13 65 18 69 419 138756 3 5727385 162967 1.6 17 10 7 12 47% 36619 10682 2667 125%
c [ 381.13 65 20 69 419 138756 1 5727385 162967 1.8 24 13 7 15 48% 36619 10682 2667 125%
c W 382.87 53 20 69 419 138756 1 5727385 162967 1.8 24 13 7 15 48% 36619 10682 2667 125%
c - 382.99 53 21 69 420 138757 1 5728959 146649 1.8 24 13 7 15 48% 36619 10682 2667 125%
c - 384.31 53 21 69 421 138769 1 5749455 144500 1.8 24 13 7 15 49% 36619 10682 2667 125%
c - 385.74 53 20 69 422 138777 1 5769974 143781 1.8 23 13 7 15 49% 36619 10682 2667 125%
c - 387.26 53 20 69 423 138785 1 5790517 144004 1.9 24 12 7 15 49% 36619 10682 2667 125%
c - 388.70 53 20 69 424 138788 1 5811083 141020 1.9 24 13 7 15 49% 36619 10682 2667 125%
c
c  seconds    switched       rate            size/glue  tier1     binary         remaining
c          MB   reductions      conflicts          size   tier2       irredundant
c           level      restarts        redundant      glue    trail         variables
c
c - 390.21 53 20 69 425 138800 1 5831676 137823 1.9 24 13 7 15 50% 36619 10682 2667 125%
c - 391.71 53 20 69 426 138808 1 5852292 136821 1.9 24 13 7 15 50% 36619 10682 2667 125%
c - 393.29 53 20 69 427 138816 1 5872932 134965 1.9 24 12 7 15 50% 36619 10682 2667 125%
c - 394.77 53 21 69 428 138818 1 5893595 133128 2.0 24 13 7 15 50% 36619 10682 2667 125%
c - 396.42 53 22 69 429 138818 1 5914285 127765 1.9 25 13 7 15 49% 36619 10682 2667 125%
c - 398.11 53 22 69 430 138825 1 5934997 125119 2.0 26 13 7 15 49% 36619 10682 2667 125%
c u 399.01 53 22 69 430 138826 1 5937198 124560 1.9 26 13 7 15 49% 36619 10682 2667 125%
c v 399.75 53 22 69 430 138826 1 5937198 124445 1.9 26 13 7 15 49% 36619 10682 2667 125%
c w 400.00 53 22 69 430 138826 1 5937198 124194 1.9 26 13 7 15 49% 36619 10682 2667 125%
c o 400.03 53 22 69 430 138826 1 5937198 124194 1.9 26 13 7 15 49% 36619 10682 2667 125%
c ] 400.81 53 23 70 430 138833 1 5949835 136316 1.9 25 13 7 15 49% 36619 10682 2667 125%
c { 400.81 53 18 70 430 138833 3 5949835 136316 1.6 17 10 7 12 47% 36619 10682 2667 125%
c - 401.58 53 20 70 431 139857 3 5955733 122453 1.7 18 11 7 12 47% 36619 10682 2667 125%
c - 404.26 53 27 70 432 143464 4 5976496 118778 1.7 21 12 7 12 47% 36619 10682 2667 125%
c - 407.08 53 33 70 433 147098 6 5997283 115136 1.7 23 13 7 12 47% 36619 10682 2667 125%
c - 409.94 53 37 70 434 150533 6 6018091 113886 1.8 25 14 7 12 47% 36619 10682 2667 125%
c - 412.51 53 40 70 435 153197 7 6038924 114616 1.8 26 15 7 12 47% 36619 10682 2667 125%
c - 415.08 53 42 70 436 155401 7 6059780 116088 1.8 27 15 7 12 47% 36619 10682 2667 125%
c - 417.56 53 44 70 437 157534 7 6080662 94803 1.9 29 15 6 12 47% 36619 10682 2667 125%
c - 419.48 53 44 70 438 158894 7 6101567 89396 1.9 29 15 6 12 47% 36619 10682 2667 125%
c
c  seconds    switched       rate           size/glue  tier1     binary         remaining
c          MB   reductions      conflicts         size   tier2       irredundant
c           level      restarts        redundant     glue    trail         variables
c
c - 421.52 53 45 70 439 160356 6 6122495 88603 1.9 30 16 6 12 47% 36619 10682 2667 125%
c - 423.53 53 46 70 440 161808 6 6143447 87987 2.0 31 16 6 12 47% 36619 10682 2667 125%
c - 425.57 53 46 70 441 163245 6 6164423 87778 2.0 31 16 6 12 47% 36619 10682 2667 125%
c u 428.50 53 47 70 441 164733 6 6184718 104174 2.0 32 16 6 12 47% 36619 10682 2667 125%
c v 429.48 53 47 70 441 164733 6 6184718 103494 2.0 32 16 6 12 47% 36619 10682 2667 125%
c w 429.86 53 47 70 441 164733 6 6184718 103449 2.0 32 16 6 12 47% 36619 10682 2667 125%
c - 429.96 53 47 70 442 164751 6 6185424 83506 2.0 32 16 6 12 47% 36619 10682 2667 125%
c } 431.75 53 47 71 442 165743 6 6205162 102937 2.0 32 16 6 12 47% 36619 10682 2667 125%
c [ 431.75 53 23 71 442 165743 1 6205162 102937 1.9 25 13 7 15 49% 36619 10682 2667 125%
c I 431.75 53 23 71 442 165743 1 6205162 102937 1.9 25 13 7 15 49% 36619 10682 2667 125%
c - 431.85 53 23 71 443 165744 1 6206447 83527 1.9 26 13 7 15 49% 36619 10682 2667 125%
c - 433.14 53 23 71 444 165756 1 6227494 86088 1.9 26 13 7 15 49% 36619 10682 2667 125%
c - 434.58 53 23 71 445 165764 1 6248567 89960 2.0 26 13 7 15 48% 36619 10682 2667 125%
c - 435.98 53 22 71 446 165772 1 6269663 92457 2.0 26 13 7 15 48% 36619 10682 2667 125%
c - 437.51 53 22 71 447 165776 1 6290783 94220 2.0 26 13 7 15 48% 36619 10682 2667 125%
c - 439.04 53 22 71 448 165788 1 6311927 93690 2.0 26 13 7 15 47% 36619 10682 2667 125%
c o 440.52 53 22 71 448 165796 1 6332289 112717 2.0 26 13 7 15 47% 36619 10682 2667 125%
c - 440.58 53 24 71 449 165796 1 6333093 91276 2.0 26 13 7 15 47% 36619 10682 2667 125%
c - 441.78 53 23 71 450 165804 1 6354284 92505 1.9 25 13 7 15 47% 36619 10682 2667 125%
c - 443.14 53 22 71 451 165805 1 6375497 96558 1.9 24 13 7 15 47% 36619 10682 2667 125%
c
c  seconds    switched       rate           size/glue  tier1     binary         remaining
c          MB   reductions      conflicts         size   tier2       irredundant
c           level      restarts        redundant     glue    trail         variables
c
c - 444.66 53 21 71 452 165805 1 6396733 99498 1.9 24 12 7 15 47% 36619 10682 2667 125%
c - 446.03 53 22 71 453 165815 1 6417993 97353 1.9 24 13 7 15 47% 36619 10682 2667 125%
c u 447.86 53 22 71 453 165823 1 6437766 111666 1.9 24 13 7 15 48% 36619 10682 2667 125%
c v 448.56 53 22 71 453 165823 1 6437766 110622 1.9 24 13 7 15 48% 36619 10682 2667 125%
c w 448.81 53 22 71 453 165823 1 6437766 104993 1.9 24 13 7 15 48% 36619 10682 2667 125%
c B 448.92 53 22 71 453 165824 1 6439128 106296 1.9 24 13 7 15 48% 36619 10682 2667 125%
c - 448.94 53 22 71 454 165824 1 6439277 87126 1.9 24 13 7 15 48% 36619 10682 2667 125%
c - 450.34 53 26 71 455 165835 1 6460585 84878 1.8 27 15 7 15 48% 36619 10682 2667 125%
c - 451.79 53 27 71 456 165836 1 6481915 82128 1.9 28 15 7 15 48% 36619 10682 2667 125%
c - 453.26 53 28 71 457 165849 1 6503269 83289 1.9 29 16 7 15 49% 36619 10682 2667 125%
c - 454.92 53 29 71 458 165857 1 6524649 83658 1.9 30 16 7 15 49% 36619 10682 2667 125%
c - 456.52 53 30 71 459 165866 1 6546049 83503 1.9 31 17 6 15 49% 36619 10682 2667 125%
c - 458.24 53 30 71 460 165868 1 6567474 81679 1.8 31 17 6 15 49% 36619 10682 2667 125%
c - 459.82 53 30 71 461 165868 1 6588921 81302 1.8 31 17 6 15 49% 36619 10682 2667 125%
c ] 460.75 53 30 72 461 165869 1 6601450 93280 1.8 31 17 6 15 49% 36619 10682 2667 125%
c { 460.75 53 47 72 461 165869 6 6601450 93280 2.0 32 16 6 12 47% 36619 10682 2667 125%
c - 461.34 53 44 72 462 165875 5 6610391 84684 2.0 31 16 6 12 47% 36619 10682 2667 125%
c - 462.83 53 39 72 463 165875 5 6631885 92434 2.0 29 15 6 12 47% 36619 10682 2667 125%
c - 464.30 53 35 72 464 165883 4 6653403 97920 2.0 28 14 6 12 47% 36619 10682 2667 125%
c - 465.87 53 31 72 465 165889 3 6674943 99733 1.9 26 14 6 12 47% 36619 10682 2667 125%
c
c  seconds    switched       rate            size/glue  tier1     binary         remaining
c          MB   reductions      conflicts          size   tier2       irredundant
c           level      restarts        redundant      glue    trail         variables
c
c o 466.13 53 31 72 465 165890 3 6678497 102831 1.9 26 13 6 12 47% 36619 10682 2667 125%
c u 467.78 53 29 72 465 165947 3 6696394 115649 1.9 25 13 6 12 47% 36619 10682 2667 125%
c v 468.47 53 29 72 465 165947 3 6696394 97409 1.9 25 13 6 12 47% 36619 10682 2667 125%
c w 468.70 53 29 72 465 165947 3 6696394 92951 1.9 25 13 6 12 47% 36619 10682 2667 125%
c - 468.75 53 29 72 466 165957 3 6696508 80147 1.9 25 13 6 12 47% 36619 10682 2667 125%
c - 469.95 53 26 72 467 165977 3 6718098 92701 1.9 23 13 6 12 47% 36619 10682 2667 125%
c - 471.18 53 25 72 468 166089 3 6739708 97725 1.9 23 12 6 12 47% 36619 10682 2667 125%
c - 472.42 53 23 72 469 166140 2 6761343 99309 1.9 22 12 6 12 47% 36619 10682 2667 125%
c - 473.68 53 22 72 470 166265 2 6782999 99857 1.9 22 12 6 12 47% 36619 10682 2667 125%
c - 474.98 53 21 72 471 166501 2 6804679 99829 1.8 21 11 6 12 47% 36619 10682 2667 125%
c - 476.26 53 20 72 472 166766 2 6826381 99683 1.8 20 11 6 12 47% 36619 10682 2667 125%
c - 477.58 53 20 72 473 167159 2 6848106 100639 1.8 20 11 6 12 47% 36619 10682 2667 125%
c - 478.88 53 19 72 474 167541 2 6869854 100885 1.8 20 11 6 12 47% 36619 10682 2667 125%
c } 478.91 53 19 73 474 167554 2 6870366 101391 1.8 20 11 6 12 47% 36619 10682 2667 125%
c [ 478.91 53 30 73 474 167554 1 6870366 101391 1.8 31 17 6 15 49% 36619 10682 2667 125%
c W 481.14 53 30 73 474 167554 1 6870366 101391 1.8 31 17 6 15 49% 36619 10682 2667 125%
c - 482.39 53 29 73 475 167567 1 6891625 96485 1.8 30 17 6 15 49% 36619 10682 2667 125%
c - 483.77 53 27 73 476 167575 1 6913422 92873 1.8 29 16 6 15 49% 36619 10682 2667 125%
c - 485.31 53 26 73 477 167583 1 6935239 93486 1.8 28 16 6 15 49% 36619 10682 2667 125%
c - 486.79 53 25 73 478 167588 1 6957079 93691 1.8 27 15 6 15 48% 36619 10682 2667 125%
c
c  seconds    switched       rate           size/glue  tier1     binary         remaining
c          MB   reductions      conflicts         size   tier2       irredundant
c           level      restarts        redundant     glue    trail         variables
c
c u 487.57 53 25 73 478 167591 1 6960600 95302 1.8 27 15 6 15 48% 36619 10682 2667 125%
c v 488.23 53 25 73 478 167591 1 6960600 91340 1.8 27 15 6 15 48% 36619 10682 2667 125%
c w 488.46 53 25 73 478 167591 1 6960600 86261 1.8 27 15 6 15 48% 36619 10682 2667 125%
c - 489.71 53 25 73 479 167599 1 6978942 87697 1.8 27 15 6 15 48% 36619 10682 2667 125%
c - 491.23 53 24 73 480 167609 1 7000828 91882 1.8 26 14 6 15 48% 36619 10682 2667 125%
c - 492.79 53 22 73 481 167615 1 7022739 95020 1.8 25 14 6 15 48% 36619 10682 2667 125%
c - 494.30 53 22 73 482 167616 1 7044670 95373 1.8 25 14 6 15 47% 36619 10682 2667 125%
c - 495.98 53 23 73 483 167616 1 7066625 92150 1.8 25 14 6 15 47% 36619 10682 2667 125%
c - 497.65 53 24 73 484 167630 1 7088602 88617 1.8 26 14 6 15 47% 36619 10682 2667 125%
c ] 499.12 53 24 74 484 167637 1 7107826 106757 1.8 26 14 6 15 47% 36619 10682 2667 125%
c { 499.12 53 19 74 484 167637 2 7107826 106757 1.8 20 11 6 12 47% 36619 10682 2667 125%
c o 499.13 53 19 74 484 167646 2 7107883 106812 1.8 20 11 6 12 47% 36619 10682 2667 125%
c - 499.32 53 19 74 485 167715 2 7110602 87192 1.8 20 11 6 12 47% 36619 10682 2667 125%
c - 500.68 53 19 74 486 168184 2 7132624 92229 1.8 19 11 6 12 47% 36619 10682 2667 125%
c - 502.06 53 19 74 487 168580 2 7154670 98531 1.8 19 11 6 12 47% 36619 10682 2667 125%
c - 503.35 53 18 74 488 168985 2 7176739 100768 1.7 18 11 6 12 47% 36619 10682 2667 125%
c - 504.72 53 18 74 489 169638 2 7198830 102565 1.7 18 11 6 12 47% 36619 10682 2667 125%
c - 506.01 53 18 74 490 169933 2 7220947 103880 1.7 18 10 6 12 47% 36619 10682 2667 125%
c u 507.23 53 18 74 490 170370 2 7230411 108699 1.7 18 10 6 12 47% 36619 10682 2667 125%
c v 507.91 53 18 74 490 170370 2 7230411 102803 1.7 18 10 6 12 47% 36619 10682 2667 125%
c
c  seconds    switched       rate            size/glue  tier1     binary         remaining
c          MB   reductions      conflicts          size   tier2       irredundant
c           level      restarts        redundant      glue    trail         variables
c
c w 508.14 53 18 74 490 170370 2 7230411 102481 1.7 18 10 6 12 47% 36619 10682 2667 125%
c - 509.02 53 18 74 491 171122 2 7243083 95417 1.7 18 10 6 12 47% 36619 10682 2667 125%
c - 510.37 53 18 74 492 171882 2 7265243 100789 1.7 18 10 6 12 47% 36619 10682 2667 125%
c - 511.76 53 18 74 493 172560 2 7287424 104087 1.7 18 10 6 12 46% 36619 10682 2667 125%
c - 513.18 53 18 74 494 173475 2 7309630 105546 1.7 17 10 6 12 47% 36619 10682 2667 125%
c - 514.57 53 18 74 495 174095 2 7331856 106520 1.7 17 10 6 12 47% 36619 10682 2667 125%
c - 516.07 53 18 74 496 175029 2 7354104 107291 1.7 17 10 6 12 47% 36619 10682 2667 125%
c - 517.48 53 18 74 497 175829 2 7376376 107546 1.7 17 10 6 12 47% 36619 10682 2667 125%
c } 518.41 53 18 75 497 176400 2 7390650 120504 1.7 17 10 6 12 47% 36619 10682 2667 125%
c [ 518.41 53 24 75 497 176400 1 7390650 120504 1.8 26 14 6 15 47% 36619 10682 2667 125%
c O 518.41 53 24 75 497 176400 1 7390650 120504 1.8 26 14 6 15 47% 36619 10682 2667 125%
c - 518.92 53 23 75 498 176405 1 7398672 108079 1.8 26 14 6 15 47% 36619 10682 2667 125%
c - 520.33 53 22 75 499 176414 1 7420987 107927 1.8 25 14 6 15 47% 36619 10682 2667 125%
c - 521.87 53 22 75 500 176427 1 7443325 106459 1.9 25 14 6 15 48% 36619 10682 2667 125%
c - 523.55 53 21 75 501 176430 1 7465685 106883 1.9 25 13 6 15 48% 36619 10682 2667 125%
c - 525.11 53 20 75 502 176440 1 7488068 108478 1.9 24 13 6 15 48% 36619 10682 2667 125%
c u 527.01 53 20 75 502 176446 1 7505827 123243 1.9 25 13 6 15 48% 36619 10682 2667 125%
c v 527.76 53 20 75 502 176446 1 7505827 118106 1.9 25 13 6 15 48% 36619 10682 2667 125%
c w 528.02 53 20 75 502 176446 1 7505827 113533 1.9 25 13 6 15 48% 36619 10682 2667 125%
c o 530.83 53 20 75 502 176446 1 7505827 113533 1.9 25 13 6 15 48% 36619 10682 2667 125%
c
c  seconds    switched       rate           size/glue  tier1     binary         remaining
c          MB   reductions      conflicts         size   tier2       irredundant
c           level      restarts        redundant     glue    trail         variables
c
c - 531.17 53 22 75 503 176449 1 7510474 95999 1.9 25 13 6 15 48% 36619 10682 2667 125%
c - 532.56 53 22 75 504 176460 1 7532903 99331 1.9 25 13 6 15 48% 36619 10682 2667 125%
c - 534.05 53 22 75 505 176462 1 7555354 102472 1.9 24 13 6 15 48% 36619 10682 2667 125%
c - 535.59 53 21 75 506 176462 1 7577828 104251 1.8 24 13 6 15 48% 36619 10682 2667 125%
c - 537.05 53 21 75 507 176470 1 7600324 104783 1.8 24 13 6 15 49% 36619 10682 2667 125%
c - 538.51 53 21 75 508 176480 1 7622842 102441 1.8 24 13 6 15 49% 36619 10682 2667 125%
c - 540.01 53 21 75 509 176492 1 7645381 101021 1.8 24 13 6 15 49% 36619 10682 2667 125%
c B 540.33 53 21 75 509 176492 1 7650500 105793 1.8 24 13 6 15 49% 36619 10682 2667 125%
c ] 540.54 53 22 76 509 176493 1 7653747 108972 1.8 25 14 6 15 49% 36619 10682 2667 125%
c { 540.54 53 18 76 509 176493 2 7653747 108972 1.7 17 10 6 12 47% 36619 10682 2667 125%
c - 541.50 53 18 76 510 176933 2 7667943 102927 1.7 17 10 6 12 47% 36619 10682 2667 125%
c - 543.06 53 18 76 511 177934 2 7690528 106834 1.7 17 10 6 12 47% 36619 10682 2667 125%
c - 544.48 53 18 76 512 178537 2 7713134 109458 1.7 17 10 6 12 47% 36619 10682 2667 125%
c - 545.96 53 18 76 513 179293 2 7735765 110621 1.7 17 10 6 12 47% 36619 10682 2667 125%
c - 547.57 53 18 76 514 180309 2 7758417 111882 1.7 17 10 6 12 47% 36619 10682 2667 125%
c - 549.18 53 19 76 515 181234 2 7781089 113132 1.7 18 10 6 12 47% 36619 10682 2667 125%
c u 550.07 53 18 76 515 181395 2 7786899 115964 1.7 18 10 6 12 47% 36619 10682 2667 125%
c v 550.59 53 18 76 515 181395 2 7786899 114530 1.7 18 10 6 12 47% 36619 10682 2667 125%
c w 550.78 53 18 76 515 181395 2 7786899 114346 1.7 18 10 6 12 47% 36619 10682 2667 125%
c - 552.16 53 18 76 516 181926 2 7803782 109742 1.7 17 10 6 12 47% 36619 10682 2667 125%
c
c  seconds    switched       rate            size/glue  tier1     binary         remaining
c          MB   reductions      conflicts          size   tier2       irredundant
c           level      restarts        redundant      glue    trail         variables
c
c - 553.85 53 18 76 517 182940 2 7826497 111164 1.7 18 10 6 12 47% 36619 10682 2667 125%
c - 555.36 53 18 76 518 183375 2 7849234 112235 1.7 17 10 6 12 47% 36619 10682 2667 125%
c - 556.97 53 18 76 519 184295 2 7871994 112520 1.7 17 10 6 12 47% 36619 10682 2667 125%
c o 557.36 53 18 76 519 184502 2 7877926 117978 1.7 17 10 6 12 47% 36619 10682 2667 125%
c - 558.53 53 18 76 520 185424 2 7894776 113015 1.7 17 10 6 12 47% 36619 10682 2667 125%
c - 560.07 53 18 76 521 186474 2 7917579 113190 1.7 17 10 6 12 47% 36619 10682 2667 125%
c - 561.61 53 18 76 522 187450 2 7940405 113611 1.7 17 10 6 12 47% 36619 10682 2667 125%
c } 562.29 53 18 77 522 187772 2 7950797 122970 1.7 17 10 6 12 47% 36619 10682 2667 125%
c [ 562.29 53 22 77 522 187772 1 7950797 122970 1.8 25 14 6 15 49% 36619 10682 2667 125%
c W 564.94 53 22 77 522 187772 1 7950797 122970 1.8 25 14 6 15 49% 36619 10682 2667 125%
c - 565.67 53 22 77 523 187779 1 7963252 112239 1.8 25 14 6 15 49% 36619 10682 2667 125%
c - 567.16 53 21 77 524 187789 1 7986123 110675 1.8 24 13 6 15 49% 36619 10682 2667 125%
c - 568.85 53 21 77 525 187801 1 8009014 108134 1.8 24 14 6 15 49% 36619 10682 2667 125%
c - 570.60 53 21 77 526 187802 1 8031926 105883 1.8 24 14 6 15 49% 36619 10682 2667 125%
c - 572.31 53 21 77 527 187816 1 8054862 108350 1.8 24 13 6 15 48% 36619 10682 2667 125%
c u 574.39 53 20 77 527 187823 1 8073625 122689 1.8 24 13 6 15 49% 36619 10682 2667 125%
c v 575.20 53 20 77 527 187823 1 8073625 115505 1.8 24 13 6 15 49% 36619 10682 2667 125%
c w 575.48 53 20 77 527 187823 1 8073625 109850 1.8 24 13 6 15 49% 36619 10682 2667 125%
c - 575.83 53 20 77 528 187824 1 8077818 97690 1.8 23 13 6 15 49% 36619 10682 2667 125%
c - 577.45 53 20 77 529 187833 1 8100796 103464 1.8 23 13 6 15 49% 36619 10682 2667 125%
c
c  seconds    switched       rate            size/glue  tier1     binary         remaining
c          MB   reductions      conflicts          size   tier2       irredundant
c           level      restarts        redundant      glue    trail         variables
c
c - 579.15 53 20 77 530 187834 1 8123796 105369 1.8 23 13 6 15 48% 36619 10682 2667 125%
c - 580.96 53 20 77 531 187834 1 8146817 105635 1.8 23 13 6 15 48% 36619 10682 2667 125%
c - 582.69 53 20 77 532 187848 1 8169860 105544 1.8 24 13 6 15 49% 36619 10682 2667 125%
c - 584.44 53 20 77 533 187857 1 8192925 105522 1.8 24 13 6 15 49% 36619 10682 2667 125%
c - 585.98 53 20 77 534 187865 1 8216011 105816 1.8 24 13 6 15 49% 36619 10682 2667 125%
c ] 586.25 53 21 78 534 187865 1 8219759 109415 1.8 24 13 6 15 49% 36619 10682 2667 125%
c { 586.25 53 18 78 534 187865 2 8219759 109415 1.7 17 10 6 12 47% 36619 10682 2667 125%
c - 587.72 53 18 78 535 188347 2 8239120 107794 1.7 18 10 6 12 47% 36619 10682 2667 125%
c o 589.22 53 18 78 535 189279 2 8261891 128579 1.7 17 10 6 12 47% 36619 10682 2667 125%
c - 589.28 53 18 78 536 189340 2 8262250 111322 1.7 17 10 6 12 47% 36619 10682 2667 125%
c - 590.86 53 18 78 537 190074 2 8285401 112406 1.7 17 10 6 12 47% 36619 10682 2667 125%
c - 592.41 53 18 78 538 191075 2 8308575 113766 1.7 17 10 6 12 47% 36619 10682 2667 125%
c - 593.97 53 18 78 539 191980 2 8331773 115046 1.7 18 10 6 12 47% 36619 10682 2667 125%
c - 595.52 53 18 78 540 192783 2 8354991 115704 1.7 17 10 6 12 47% 36619 10682 2667 125%
c u 596.98 53 18 78 540 193291 2 8366008 121970 1.7 18 10 6 12 47% 36619 10682 2667 125%
c v 597.75 53 18 78 540 193291 2 8366008 118690 1.7 18 10 6 12 47% 36619 10682 2667 125%
c w 598.01 53 18 78 540 193291 2 8366008 118114 1.7 18 10 6 12 47% 36619 10682 2667 125%
c - 598.79 53 18 78 541 193545 2 8378230 109305 1.7 17 10 6 12 47% 36619 10682 2667 125%
c - 600.40 53 18 78 542 194691 2 8401491 112173 1.7 17 10 6 12 47% 36619 10682 2667 125%
c - 601.93 53 18 78 543 195333 2 8424771 112778 1.7 17 10 6 12 47% 36619 10682 2667 125%
c
c  seconds    switched       rate            size/glue  tier1     binary         remaining
c          MB   reductions      conflicts          size   tier2       irredundant
c           level      restarts        redundant      glue    trail         variables
c
c - 603.43 53 18 78 544 196178 2 8448074 113050 1.7 17 10 6 12 47% 36619 10682 2667 125%
c - 605.01 53 18 78 545 197082 2 8471398 113527 1.7 18 10 6 12 47% 36619 10682 2667 125%
c - 606.57 53 18 78 546 197729 2 8494743 114331 1.7 18 10 6 12 47% 36619 10682 2667 125%
c - 608.13 53 18 78 547 198650 2 8518110 113865 1.7 18 10 6 12 47% 36619 10682 2667 125%
c } 608.97 53 18 79 547 199071 2 8531350 125866 1.7 18 10 6 12 47% 36619 10682 2667 125%
c [ 608.97 53 21 79 547 199071 1 8531350 125866 1.8 24 13 6 15 49% 36619 10682 2667 125%
c I 608.97 53 21 79 547 199071 1 8531350 125866 1.8 24 13 6 15 49% 36619 10682 2667 125%
c - 609.67 53 22 79 548 199077 1 8541499 109916 1.8 25 14 6 15 48% 36619 10682 2667 125%
c - 611.33 53 24 79 549 199086 1 8564909 99358 1.7 26 15 6 15 48% 36619 10682 2667 125%
c - 613.00 53 25 79 550 199099 1 8588339 92760 1.7 27 15 6 15 47% 36619 10682 2667 125%
c - 614.66 53 27 79 551 199101 1 8611793 92863 1.7 27 16 6 15 47% 36619 10682 2667 125%
c - 616.30 53 26 79 552 199115 1 8635266 94605 1.8 28 16 6 15 47% 36619 10682 2667 125%
c - 618.13 53 26 79 553 199124 1 8658760 96404 1.7 27 16 6 15 47% 36619 10682 2667 125%
c u 619.27 53 26 79 553 199128 1 8664096 98607 1.7 27 16 6 15 47% 36619 10682 2667 125%
c v 620.08 53 26 79 553 199128 1 8664096 97860 1.7 27 16 6 15 47% 36619 10682 2667 125%
c w 620.38 53 26 79 553 199128 1 8664096 95421 1.7 27 16 6 15 47% 36619 10682 2667 125%
c o 620.41 53 26 79 553 199128 1 8664096 95421 1.7 27 16 6 15 47% 36619 10682 2667 125%
c - 621.54 53 26 79 554 199132 1 8682275 96240 1.7 27 15 6 15 47% 36619 10682 2667 125%
c - 623.12 53 25 79 555 199133 1 8705812 103784 1.8 26 15 6 15 47% 36619 10682 2667 125%
c - 624.76 53 24 79 556 199135 1 8729370 106714 1.8 26 14 6 15 47% 36619 10682 2667 125%
c
c  seconds    switched       rate            size/glue  tier1     binary         remaining
c          MB   reductions      conflicts          size   tier2       irredundant
c           level      restarts        redundant      glue    trail         variables
c
c - 626.57 53 22 79 557 199148 1 8752949 112196 1.8 25 14 6 15 47% 36619 10682 2667 125%
c - 628.37 53 21 79 558 199158 1 8776549 114644 1.9 24 13 6 15 47% 36619 10682 2667 125%
c - 630.10 53 21 79 559 199164 1 8800171 113041 1.9 24 13 6 15 48% 36619 10682 2667 125%
c ] 631.18 53 21 80 559 199167 1 8813286 125351 1.9 24 13 6 15 48% 36619 10682 2667 125%
c { 631.18 53 18 80 559 199167 2 8813286 125351 1.7 18 10 6 12 47% 36619 10682 2667 125%
c - 631.98 53 19 80 560 199744 2 8823816 112591 1.7 18 11 6 12 47% 36619 10682 2667 125%
c - 633.44 53 18 80 561 200323 2 8847480 114624 1.7 17 10 6 12 47% 36619 10682 2667 125%
c - 634.95 53 18 80 562 200901 2 8871165 115514 1.7 17 10 6 12 47% 36619 10682 2667 125%
c - 636.53 53 18 80 563 201803 2 8894872 116938 1.7 17 10 6 12 47% 36619 10682 2667 125%
c - 638.10 53 18 80 564 202536 2 8918599 117852 1.7 17 10 6 12 47% 36619 10682 2667 125%
c - 639.65 53 18 80 565 203237 2 8942348 118730 1.7 17 10 6 12 46% 36619 10682 2667 125%
c - 641.23 53 17 80 566 204115 2 8966118 118906 1.7 17 10 6 12 47% 36619 10682 2667 125%
c u 642.08 53 18 80 566 204281 2 8967891 117116 1.7 17 10 6 12 47% 36619 10682 2667 125%
c v 642.82 53 18 80 566 204281 2 8967891 109572 1.7 17 10 6 12 47% 36619 10682 2667 125%
c w 643.08 53 18 80 566 204281 2 8967891 108849 1.7 17 10 6 12 47% 36619 10682 2667 125%
c - 644.63 53 18 80 567 205414 2 8989908 109300 1.6 17 10 6 12 47% 36619 10682 2667 125%
c - 646.20 53 18 80 568 206071 2 9013719 114499 1.6 17 10 6 12 47% 36619 10682 2667 125%
c - 647.63 53 17 80 569 206572 2 9037551 115974 1.6 17 10 6 12 47% 36619 10682 2667 125%
c - 649.24 53 18 80 570 207569 2 9061404 116492 1.6 17 10 6 12 47% 36619 10682 2667 125%
c o 649.44 53 18 80 570 207745 2 9064364 119221 1.6 17 10 6 12 47% 36619 10682 2667 125%
c
c  seconds    switched       rate            size/glue  tier1     binary         remaining
c          MB   reductions      conflicts          size   tier2       irredundant
c           level      restarts        redundant      glue    trail         variables
c
c - 650.86 53 18 80 571 208660 2 9085278 116822 1.6 17 10 6 12 47% 36619 10682 2667 125%
c - 652.37 53 18 80 572 209350 2 9109173 116857 1.6 17 10 6 12 47% 36619 10682 2667 125%
c - 654.00 53 18 80 573 210492 2 9133090 117155 1.6 17 10 6 12 47% 36619 10682 2667 125%
c } 654.42 53 18 81 573 210633 2 9139729 123204 1.7 17 10 6 12 47% 36619 10682 2667 125%
c [ 654.42 53 21 81 573 210633 1 9139729 123204 1.9 24 13 6 15 48% 36619 10682 2667 125%
c B 654.42 53 21 81 573 210633 1 9139729 123204 1.9 24 13 6 15 48% 36619 10682 2667 125%
c - 655.59 53 23 81 574 210643 1 9157027 111614 1.8 26 14 6 15 48% 36619 10682 2667 125%
c - 657.41 53 24 81 575 210654 1 9180985 101871 1.8 26 15 6 15 48% 36619 10682 2667 125%
c - 659.21 53 25 81 576 210662 1 9204965 98465 1.8 27 15 6 15 48% 36619 10682 2667 125%
c - 660.99 53 26 81 577 210669 1 9228966 98812 1.8 28 16 6 15 48% 36619 10682 2667 125%
c - 662.94 53 27 81 578 210678 1 9252986 96993 1.8 29 16 6 15 48% 36619 10682 2667 125%
c - 664.93 53 28 81 579 210692 1 9277027 96381 1.8 29 17 6 15 48% 36619 10682 2667 125%
c u 665.69 53 28 81 579 210692 1 9277418 94399 1.8 29 17 6 15 48% 36619 10682 2667 125%
c v 666.51 53 28 81 579 210692 1 9277418 94118 1.8 29 17 6 15 48% 36619 10682 2667 125%
c w 666.80 53 28 81 579 210692 1 9277418 94084 1.8 29 17 6 15 48% 36619 10682 2667 125%
c - 668.48 53 30 81 580 210694 1 9301090 93910 1.8 31 17 6 15 48% 36619 10682 2667 125%
c - 670.27 53 31 81 581 210695 1 9325174 92579 1.8 31 18 6 15 48% 36619 10682 2667 125%
c - 672.14 53 31 81 582 210703 1 9349277 94487 1.8 32 18 6 15 49% 36619 10682 2667 125%
c - 673.96 53 31 81 583 210714 1 9373401 96119 1.8 32 18 6 15 48% 36619 10682 2667 125%
c - 675.83 53 30 81 584 210725 1 9397546 96849 1.8 32 17 6 15 48% 36619 10682 2667 125%
c
c  seconds    switched       rate            size/glue  tier1     binary         remaining
c          MB   reductions      conflicts          size   tier2       irredundant
c           level      restarts        redundant      glue    trail         variables
c
c ] 677.42 53 30 82 584 210726 1 9418180 116642 1.8 31 17 6 15 48% 36619 10682 2667 125%
c { 677.42 53 18 82 584 210726 2 9418180 116642 1.7 17 10 6 12 47% 36619 10682 2667 125%
c - 677.70 53 18 82 585 210742 2 9421713 98040 1.7 17 10 6 12 47% 36619 10682 2667 125%
c - 679.21 53 16 82 586 210775 2 9445900 105048 1.6 16 10 6 12 47% 36619 10682 2667 125%
c - 680.87 53 15 82 587 210784 2 9470107 111293 1.6 16 10 6 12 47% 36619 10682 2667 125%
c o 682.33 53 14 82 587 210796 2 9492688 128333 1.6 15 10 6 12 47% 36619 10682 2667 125%
c - 682.45 53 14 82 588 210804 2 9494336 112142 1.6 15 10 6 12 47% 36619 10682 2667 125%
c - 683.99 53 13 82 589 210868 2 9518584 113864 1.6 15 9 6 12 47% 36619 10682 2667 125%
c - 685.53 53 13 82 590 211029 1 9542853 100790 1.6 15 9 5 12 47% 36619 10682 2667 125%
c - 686.95 53 12 82 591 211126 1 9567142 97016 1.6 15 9 5 12 47% 36619 10682 2667 125%
c - 688.45 53 12 82 592 211366 1 9591452 96099 1.6 14 9 5 12 47% 36619 10682 2667 125%
c u 689.19 53 12 82 592 211402 1 9592678 89940 1.6 14 9 5 12 47% 36619 10682 2667 125%
c v 690.00 53 12 82 592 211402 1 9592678 80929 1.6 14 9 5 12 47% 36619 10682 2667 125%
c w 690.11 53 12 82 592 211402 1 9592678 80827 1.6 14 9 5 12 47% 36619 10682 2667 125%
c - 691.46 53 12 82 593 211649 1 9615784 85504 1.6 14 9 5 12 47% 36619 10682 2667 125%
c - 692.90 53 12 82 594 212094 1 9640135 90063 1.6 14 9 5 12 47% 36619 10682 2667 125%
c - 694.36 53 11 82 595 212475 1 9664507 90912 1.6 14 9 5 11 47% 36619 10682 2667 125%
c - 695.83 53 11 82 596 212958 1 9688899 91462 1.6 14 9 5 11 47% 36619 10682 2667 125%
c - 697.31 53 11 82 597 213438 1 9713313 92200 1.6 14 9 5 11 47% 36619 10682 2667 125%
c - 698.85 53 11 82 598 213902 1 9737748 92899 1.6 14 9 5 11 47% 36619 10682 2667 125%
c
c  seconds    switched       rate            size/glue tier1     binary         remaining
c          MB   reductions      conflicts          size  tier2       irredundant
c           level      restarts        redundant     glue    trail         variables
c
c } 700.22 53 11 83 598 214367 1 9759787 110696 1.6 14 9 5 11 47% 36619 10682 2667 125%
c [ 700.22 53 30 83 598 214367 1 9759787 110696 1.8 31 17 6 15 48% 36619 10682 2667 125%
c W 703.74 53 30 83 598 214367 1 9759787 110696 1.8 31 17 6 15 48% 36619 10682 2667 125%
c - 703.89 53 30 83 599 214369 1 9762204 92831 1.8 31 17 6 15 48% 36619 10682 2667 125%
c - 705.42 53 28 83 600 214381 1 9786680 92321 1.8 30 16 6 15 48% 36619 10682 2667 125%
c - 707.10 53 26 83 601 214394 1 9811175 92021 1.8 28 16 6 15 49% 36619 10682 2667 125%
c - 708.93 53 25 83 602 214397 1 9835691 93174 1.8 27 15 6 15 49% 36619 10682 2667 125%
c - 710.83 53 23 83 603 214410 1 9860227 93769 1.8 26 14 6 15 49% 36619 10682 2667 125%
c - 712.45 53 23 83 604 214419 1 9884784 91840 1.8 25 14 6 15 49% 36619 10682 2667 125%
c - 714.20 53 22 83 605 214428 1 9909361 92804 1.8 25 14 6 15 49% 36619 10682 2667 125%
c u 715.11 53 22 83 605 214428 1 9913695 92019 1.8 25 14 6 15 49% 36619 10682 2667 125%
c v 715.92 53 22 83 605 214428 1 9913695 86932 1.8 25 14 6 15 49% 36619 10682 2667 125%
c w 716.21 53 22 83 605 214428 1 9913695 77843 1.8 25 14 6 15 49% 36619 10682 2667 125%
c o 716.24 53 22 83 605 214428 1 9913695 77843 1.8 25 14 6 15 49% 36619 10682 2667 125%
c - 717.32 53 32 83 606 214429 1 9933958 74585 1.7 26 15 6 15 49% 36619 10682 2667 125%
c - 718.75 53 31 83 607 214431 1 9958576 75505 1.7 26 15 6 15 49% 36619 10682 2667 125%
c - 720.50 53 29 83 608 214444 1 9983213 80579 1.7 26 15 6 15 49% 36619 10682 2667 125%
c - 722.17 53 28 83 609 214457 1 10007870 85236 1.7 26 15 6 15 49% 36619 10682 2667 125%
c - 723.77 53 27 83 610 214460 1 10032549 85351 1.7 26 15 6 15 50% 36619 10682 2667 125%
c - 725.59 53 25 83 611 214473 1 10057248 85845 1.7 25 15 6 15 50% 36619 10682 2667 125%
c
c  seconds    switched       rate            size/glue  tier1     binary         remaining
c          MB   reductions      conflicts          size   tier2       irredundant
c           level      restarts         redundant     glue    trail         variables
c
c O 726.17 53 25 83 611 214475 1 10064981 93118 1.7 25 14 6 15 50% 36619 10682 2667 125%
c - 727.29 53 24 83 612 214482 1 10081966 89856 1.7 24 14 6 15 50% 36619 10682 2667 125%
c ] 727.34 53 24 84 612 214482 1 10082599 90423 1.7 24 14 6 15 50% 36619 10682 2667 125%
c { 727.34 53 11 84 612 214482 1 10082599 90423 1.6 14 9 5 11 47% 36619 10682 2667 125%
c - 729.30 53 14 84 613 218178 2 10106705 92871 1.6 15 9 5 11 47% 36619 10682 2667 125%
c - 731.15 53 15 84 614 221030 2 10131464 93762 1.6 15 10 5 11 47% 36619 10682 2667 125%
c - 732.86 53 16 84 615 223068 3 10156243 94467 1.6 16 10 5 11 47% 36619 10682 2667 125%
c - 734.44 53 17 84 616 224288 3 10181042 94753 1.6 16 10 5 11 47% 36619 10682 2667 125%
c - 735.97 53 17 84 617 225314 3 10205861 95335 1.6 16 10 5 11 47% 36619 10682 2667 125%
c - 737.50 53 17 84 618 226357 3 10230700 96026 1.6 17 10 5 11 47% 36619 10682 2667 125%
c u 738.81 53 17 84 618 226745 3 10240495 95469 1.6 16 10 5 11 47% 36619 10682 2667 125%
c v 739.66 53 17 84 618 226745 3 10240495 89886 1.6 16 10 5 11 47% 36619 10682 2667 125%
c w 739.97 53 17 84 618 226745 3 10240495 88987 1.6 16 10 5 11 47% 36619 10682 2667 125%
c - 740.89 53 18 84 619 227341 3 10255560 81834 1.6 16 10 5 11 47% 36619 10682 2667 125%
c - 742.25 53 18 84 620 228165 2 10280440 84730 1.6 17 10 5 11 47% 36619 10682 2667 125%
c - 743.64 53 18 84 621 229340 2 10305339 87572 1.6 17 10 5 11 47% 36619 10682 2667 125%
c - 745.02 53 18 84 622 230355 2 10330259 88909 1.6 17 10 5 11 47% 36619 10682 2667 125%
c o 745.77 53 18 84 622 230744 2 10343714 101312 1.6 17 10 5 11 47% 36619 10682 2667 125%
c - 746.45 53 18 84 623 231277 2 10355198 89692 1.6 17 10 5 11 47% 36619 10682 2667 125%
c - 747.85 53 18 84 624 232114 2 10380158 90060 1.6 17 10 5 11 47% 36619 10682 2667 125%
c
c  seconds    switched       rate            size/glue  tier1     binary         remaining
c          MB   reductions      conflicts          size   tier2       irredundant
c           level      restarts         redundant     glue    trail         variables
c
c - 749.25 53 18 84 625 232901 2 10405138 90243 1.6 17 10 5 11 47% 36619 10682 2667 125%
c - 750.60 53 18 84 626 233506 2 10430138 90360 1.7 17 10 5 11 47% 36619 10682 2667 125%
c } 751.12 53 18 85 626 233788 2 10439677 99091 1.7 17 10 5 11 47% 36619 10682 2667 125%
c [ 751.12 53 24 85 626 233788 1 10439677 99091 1.7 24 14 6 15 50% 36619 10682 2667 125%
c B 751.12 53 24 85 626 233788 1 10439677 99091 1.7 24 14 6 15 50% 36619 10682 2667 125%
c - 751.94 53 23 85 627 233797 1 10455157 89185 1.7 24 14 6 15 50% 36619 10682 2667 125%
c - 753.38 53 22 85 628 233808 1 10480196 87949 1.8 24 13 6 15 50% 36619 10682 2667 125%
c - 754.92 53 22 85 629 233817 1 10505257 86634 1.7 23 13 6 15 50% 36619 10682 2667 125%
c - 756.52 53 21 85 630 233825 1 10530336 84518 1.7 23 13 6 15 50% 36619 10682 2667 125%
c - 758.23 53 21 85 631 233834 1 10555438 85664 1.8 24 13 6 15 50% 36619 10682 2667 125%
c u 760.19 53 21 85 631 233846 1 10573077 97272 1.8 23 13 6 15 50% 36619 10682 2667 125%
c v 760.96 53 21 85 631 233846 1 10573077 91366 1.8 23 13 6 15 50% 36619 10682 2667 125%
c w 761.24 53 21 85 631 233846 1 10573077 79397 1.8 23 13 6 15 50% 36619 10682 2667 125%
c - 761.78 53 21 85 632 233848 1 10580557 72233 1.8 23 13 6 15 50% 36619 10682 2667 125%
c - 763.40 53 21 85 633 233850 1 10605696 78462 1.8 23 13 6 15 50% 36619 10682 2667 125%
c - 764.98 53 22 85 634 233850 1 10630856 79367 1.8 24 13 6 15 49% 36619 10682 2667 125%
c - 766.64 53 22 85 635 233863 1 10656035 78739 1.8 24 14 6 15 49% 36619 10682 2667 125%
c - 768.37 53 22 85 636 233872 1 10681234 81221 1.8 25 14 6 15 49% 36619 10682 2667 125%
c - 770.01 53 23 85 637 233881 1 10706454 79113 1.8 25 14 6 15 49% 36619 10682 2667 125%
c - 771.69 53 23 85 638 233889 1 10731692 74339 1.8 26 14 6 15 49% 36619 10682 2667 125%
c
c  seconds    switched       rate            size/glue  tier1     binary         remaining
c          MB   reductions      conflicts          size   tier2       irredundant
c           level      restarts         redundant     glue    trail         variables
c
c - 773.46 53 23 85 639 233901 1 10756952 75027 1.8 27 14 6 15 49% 36619 10682 2667 125%
c W 777.65 53 23 85 639 233904 1 10763755 81450 1.8 27 14 6 15 49% 36619 10682 2667 125%
c ] 778.12 53 23 86 639 233910 1 10772332 89673 1.9 27 14 6 15 49% 36619 10682 2667 125%
c { 778.12 53 18 86 639 233910 2 10772332 89673 1.7 17 10 5 11 47% 36619 10682 2667 125%
c - 779.21 53 21 86 640 235636 3 10782231 76387 1.7 18 11 5 11 47% 36619 10682 2667 125%
c o 779.37 53 22 86 640 235897 3 10783731 77875 1.7 19 11 5 11 47% 36619 10682 2667 125%
c - 782.14 53 29 86 641 240027 5 10807532 73956 1.7 22 13 5 11 47% 36619 10682 2667 125%
c - 785.35 53 35 86 642 244347 6 10832849 70612 1.8 24 14 5 11 47% 36619 10682 2667 125%
c - 788.39 53 40 86 643 247864 7 10858186 71013 1.8 26 14 5 11 47% 36619 10682 2667 125%
c - 791.23 53 43 86 644 250724 7 10883545 72298 1.8 28 15 5 11 47% 36619 10682 2667 125%
c - 793.78 53 44 86 645 253020 7 10908925 73333 1.9 29 15 5 12 47% 36619 10682 2667 125%
c u 794.85 53 45 86 645 253269 7 10911469 70628 1.9 29 15 5 12 47% 36619 10682 2667 125%
c v 795.78 53 45 86 645 253269 7 10911469 69376 1.9 29 15 5 12 47% 36619 10682 2667 125%
c w 796.12 53 45 86 645 253269 7 10911469 69240 1.9 29 15 5 12 47% 36619 10682 2667 125%
c - 798.14 53 45 86 646 254660 6 10934321 69373 1.9 30 16 5 12 47% 36619 10682 2667 125%
c - 800.44 53 46 86 647 256484 6 10959737 70895 2.0 31 16 5 12 47% 36619 10682 2667 125%
c - 802.62 53 47 86 648 257925 6 10985173 71457 2.0 32 16 5 12 47% 36619 10682 2667 125%
c - 804.91 53 47 86 649 259493 6 11010628 71708 2.0 32 16 5 12 47% 36619 10682 2667 125%
c - 807.03 53 47 86 650 260667 5 11036106 71842 2.0 33 16 5 12 47% 36619 10682 2667 125%
c - 809.15 53 47 86 651 261878 5 11061601 72319 2.1 33 16 5 12 47% 36619 10682 2667 125%
c
c  seconds    switched       rate            size/glue  tier1     binary         remaining
c          MB   reductions      conflicts          size   tier2       irredundant
c           level      restarts         redundant     glue    trail         variables
c
c - 811.42 53 47 86 652 263217 5 11087115 72953 2.1 34 16 5 12 47% 36619 10682 2667 125%
c - 813.75 53 47 86 653 264670 5 11112649 72633 2.1 34 16 5 12 47% 36619 10682 2667 125%
c - 816.06 53 47 86 654 266080 5 11138202 72273 2.1 34 16 5 12 47% 36619 10682 2667 125%
c } 816.67 53 47 87 654 266497 5 11145189 79138 2.1 34 16 5 12 47% 36619 10682 2667 125%
c [ 816.67 53 23 87 654 266497 1 11145189 79138 1.9 27 14 6 15 49% 36619 10682 2667 125%
c I 816.67 53 23 87 654 266497 1 11145189 79138 1.9 27 14 6 15 49% 36619 10682 2667 125%
c - 817.83 53 25 87 655 266509 1 11163776 72060 1.9 28 15 6 15 49% 36619 10682 2667 125%
c - 819.65 53 25 87 656 266518 1 11189368 74323 1.9 28 15 6 15 49% 36619 10682 2667 125%
c - 821.57 53 24 87 657 266527 1 11214980 77870 1.9 28 15 6 15 49% 36619 10682 2667 125%
c - 823.46 53 24 87 658 266536 1 11240612 80254 1.9 28 14 6 15 49% 36619 10682 2667 125%
c u 825.35 53 23 87 658 266542 1 11255669 89852 1.9 27 14 6 15 49% 36619 10682 2667 125%
c v 826.48 53 23 87 658 266542 1 11255669 87991 1.9 27 14 6 15 49% 36619 10682 2667 125%
c w 826.88 53 23 87 658 266542 1 11255669 80378 1.9 27 14 6 15 49% 36619 10682 2667 125%
c o 831.10 53 23 87 658 266542 1 11255669 80378 1.9 27 14 6 15 49% 36619 10682 2667 125%
c - 831.64 53 29 87 659 266548 1 11266263 69257 1.8 28 15 6 15 49% 36619 10682 2667 125%
c - 833.17 53 28 87 660 266557 1 11291933 71642 1.8 27 15 6 15 49% 36619 10682 2667 125%
c - 834.87 53 27 87 661 266559 1 11317625 77213 1.9 27 15 6 15 49% 36619 10682 2667 125%
c - 837.00 53 26 87 662 266561 1 11343335 79394 1.9 27 14 6 15 49% 36619 10682 2667 125%
c - 839.06 53 25 87 663 266574 1 11369066 81640 1.9 27 14 6 15 49% 36619 10682 2667 125%
c - 841.02 53 23 87 664 266587 1 11394814 84539 1.9 26 14 6 15 49% 36619 10682 2667 125%
c
c  seconds    switched       rate            size/glue  tier1     binary         remaining
c          MB   reductions      conflicts          size   tier2       irredundant
c           level      restarts         redundant     glue    trail         variables
c
c - 842.85 53 23 87 665 266590 1 11420583 84051 1.8 25 14 6 15 49% 36619 10682 2667 125%
c - 844.62 53 22 87 666 266604 1 11446370 83905 1.8 25 13 6 15 48% 36619 10682 2667 125%
c - 846.41 53 21 87 667 266615 1 11472177 87023 1.8 24 13 6 15 48% 36619 10682 2667 125%
c B 847.51 53 21 87 667 266620 1 11488561 102151 1.8 24 13 6 15 48% 36619 10682 2667 125%
c - 848.24 53 21 87 668 266621 1 11498007 87688 1.8 24 13 6 15 48% 36619 10682 2667 125%
c - 850.28 53 22 87 669 266622 1 11523852 84011 1.8 24 13 6 15 48% 36619 10682 2667 125%
c - 852.34 53 22 87 670 266623 1 11549718 81653 1.8 24 13 6 15 47% 36619 10682 2667 125%
c - 854.40 53 22 87 671 266623 1 11575602 80806 1.8 25 14 6 15 47% 36619 10682 2667 125%
c - 856.57 53 22 87 672 266623 1 11601505 81112 1.8 24 14 6 15 47% 36619 10682 2667 125%
c u 857.43 53 22 87 672 266625 1 11605727 81975 1.8 24 14 6 15 47% 36619 10682 2667 125%
c v 858.16 53 22 87 672 266625 1 11605727 79520 1.8 24 14 6 15 47% 36619 10682 2667 125%
c w 858.41 53 22 87 672 266625 1 11605727 77611 1.8 24 14 6 15 47% 36619 10682 2667 125%
c ] 859.75 53 22 88 672 266637 1 11625848 96762 1.8 24 14 6 15 47% 36619 10682 2667 125%
c { 859.75 53 47 88 672 266637 5 11625848 96762 2.1 34 16 5 12 47% 36619 10682 2667 125%
c - 859.85 53 47 88 673 266637 5 11627427 79151 2.1 34 16 5 12 47% 36619 10682 2667 125%
c - 861.50 53 40 88 674 266644 4 11653370 83983 2.0 31 15 5 12 47% 36619 10682 2667 125%
c - 863.15 53 35 88 675 266655 3 11679331 88201 2.0 29 14 5 12 47% 36619 10682 2667 125%
c - 864.56 53 32 88 676 266698 3 11705311 88868 2.0 28 14 5 12 47% 36619 10682 2667 125%
c - 865.95 53 28 88 677 266700 3 11731312 88176 2.0 26 13 5 12 47% 36619 10682 2667 125%
c - 867.43 53 25 88 678 266715 2 11757334 89316 1.9 24 12 5 12 47% 36619 10682 2667 125%
c
c  seconds    switched       rate            size/glue  tier1     binary         remaining
c          MB   reductions      conflicts          size   tier2       irredundant
c           level      restarts         redundant     glue    trail         variables
c
c o 867.55 53 25 88 678 266719 2 11759359 91271 1.9 24 12 5 12 47% 36619 10682 2667 125%
c - 868.79 53 23 88 679 266787 2 11783373 90341 1.9 23 12 5 12 47% 36619 10682 2667 125%
c - 870.16 53 22 88 680 266954 2 11809430 90555 1.9 22 12 5 12 47% 36619 10682 2667 125%
c - 871.52 53 21 88 681 267133 2 11835506 90557 1.8 21 11 5 12 47% 36619 10682 2667 125%
c - 872.87 53 19 88 682 267390 2 11861601 90109 1.8 20 11 5 12 47% 36619 10682 2667 125%
c - 874.26 53 19 88 683 267869 2 11887717 89959 1.8 19 11 5 12 47% 36619 10682 2667 125%
c - 875.71 53 18 88 684 268348 2 11913852 90487 1.8 19 11 5 12 47% 36619 10682 2667 125%
c - 877.09 53 18 88 685 268780 2 11940006 90514 1.7 18 10 5 12 47% 36619 10682 2667 125%
c u 878.86 53 18 88 685 269259 2 11961619 106063 1.7 18 10 5 12 47% 36619 10682 2667 125%
c v 879.58 53 18 88 685 269259 2 11961619 100038 1.7 18 10 5 12 47% 36619 10682 2667 125%
c w 879.83 53 18 88 685 269259 2 11961619 99029 1.7 18 10 5 12 47% 36619 10682 2667 125%
c - 880.10 53 18 88 686 269393 2 11966178 82557 1.7 18 10 5 12 47% 36619 10682 2667 125%
c - 881.49 53 18 88 687 270154 2 11992369 84032 1.7 18 10 5 12 47% 36619 10682 2667 125%
c } 882.71 53 18 89 687 270941 2 12014786 104388 1.7 18 10 5 12 47% 36619 10682 2667 125%
c [ 882.71 53 22 89 687 270941 1 12014786 104388 1.8 24 14 6 15 47% 36619 10682 2667 125%
c W 886.94 53 22 89 687 270941 1 12014786 104388 1.8 24 14 6 15 47% 36619 10682 2667 125%
c - 887.15 53 22 89 688 270943 1 12018580 87323 1.8 24 14 6 15 47% 36619 10682 2667 125%
c - 888.59 53 21 89 689 270955 1 12044810 86669 1.8 24 13 6 15 48% 36619 10682 2667 125%
c - 890.22 53 21 89 690 270969 1 12071058 85604 1.8 24 13 6 15 48% 36619 10682 2667 125%
c - 891.86 53 21 89 691 270972 1 12097325 84707 1.8 24 13 6 15 49% 36619 10682 2667 125%
c
c  seconds    switched       rate            size/glue  tier1     binary         remaining
c          MB   reductions      conflicts          size   tier2       irredundant
c           level      restarts         redundant     glue    trail         variables
c
c - 893.53 53 21 89 692 270986 1 12123611 82904 1.8 24 13 6 15 49% 36619 10682 2667 125%
c - 895.21 53 22 89 693 270999 1 12149916 82511 1.8 25 14 6 15 49% 36619 10682 2667 125%
c - 897.02 53 22 89 694 271002 1 12176242 83110 1.8 25 14 6 15 49% 36619 10682 2667 125%
c - 898.75 53 23 89 695 271003 1 12202585 84601 1.9 26 14 6 15 49% 36619 10682 2667 125%
c - 900.51 53 23 89 696 271014 1 12228947 82399 1.9 26 14 6 15 49% 36619 10682 2667 125%
c - 902.40 53 24 89 697 271025 1 12255328 79318 1.9 27 14 6 15 50% 36619 10682 2667 125%
c - 904.34 53 23 89 698 271034 1 12281729 80406 1.9 27 14 6 15 50% 36619 10682 2667 125%
c - 906.20 53 24 89 699 271044 1 12308148 80935 1.9 28 15 6 15 50% 36619 10682 2667 125%
c u 907.97 53 24 89 699 271049 1 12323397 90069 1.9 27 15 6 15 50% 36619 10682 2667 125%
c v 908.90 53 24 89 699 271049 1 12323397 86680 1.9 27 15 6 15 50% 36619 10682 2667 125%
c w 909.23 53 24 89 699 271049 1 12323397 81454 1.9 27 15 6 15 50% 36619 10682 2667 125%
c o 909.26 53 24 89 699 271049 1 12323397 81454 1.9 27 15 6 15 50% 36619 10682 2667 125%
c - 909.87 53 27 89 700 271056 1 12334586 71050 1.8 27 15 6 15 50% 36619 10682 2667 125%
c ] 910.18 53 27 90 700 271058 1 12340078 76138 1.8 27 15 6 15 50% 36619 10682 2667 125%
c { 910.18 53 18 90 700 271058 2 12340078 76138 1.7 18 10 5 12 47% 36619 10682 2667 125%
c - 911.30 53 18 90 701 271714 2 12361043 79704 1.7 18 10 5 12 47% 36619 10682 2667 125%
c - 912.75 53 18 90 702 272863 2 12387521 87488 1.7 18 10 5 12 47% 36619 10682 2667 125%
c - 914.17 53 18 90 703 273725 2 12414017 89406 1.7 18 10 5 12 47% 36619 10682 2667 125%
c - 915.62 53 18 90 704 274570 2 12440531 89861 1.7 17 10 5 12 47% 36619 10682 2667 125%
c - 917.00 53 18 90 705 275105 2 12467065 90459 1.7 17 10 5 12 47% 36619 10682 2667 125%
c
c  seconds    switched       rate            size/glue  tier1     binary         remaining
c          MB   reductions      conflicts          size   tier2       irredundant
c           level      restarts         redundant     glue    trail         variables
c
c - 918.49 53 18 90 706 276217 2 12493616 90843 1.7 17 10 5 12 47% 36619 10682 2667 125%
c - 919.93 53 18 90 707 277177 2 12520186 91405 1.7 17 10 5 12 47% 36619 10682 2667 125%
c - 921.40 53 18 90 708 278146 2 12546777 91522 1.7 17 10 5 12 47% 36619 10682 2667 125%
c - 922.92 53 18 90 709 279404 2 12573385 91624 1.7 17 10 5 12 47% 36619 10682 2667 125%
c - 924.38 53 18 90 710 280222 2 12600012 91981 1.7 17 10 5 12 47% 36619 10682 2667 125%
c - 925.90 53 18 90 711 281454 2 12626657 92203 1.7 17 10 5 12 47% 36619 10682 2667 125%
c - 927.37 53 18 90 712 282369 2 12653323 92443 1.7 17 10 5 12 47% 36619 10682 2667 125%
c - 928.91 53 18 90 713 283677 2 12680007 92803 1.7 17 10 5 12 46% 36619 10682 2667 125%
c u 930.15 53 18 90 713 284219 2 12691059 98656 1.6 17 10 5 12 47% 36619 10682 2667 125%
c v 930.86 53 18 90 713 284219 2 12691059 91417 1.6 17 10 5 12 47% 36619 10682 2667 125%
c w 931.12 53 18 90 713 284219 2 12691059 90900 1.6 17 10 5 12 47% 36619 10682 2667 125%
c - 931.99 53 18 90 714 284767 2 12706710 86850 1.7 17 10 5 12 47% 36619 10682 2667 125%
c - 933.38 53 18 90 715 285477 2 12733430 88970 1.7 17 10 5 12 47% 36619 10682 2667 125%
c } 934.00 53 18 91 715 285779 2 12745398 99794 1.7 17 10 5 12 47% 36619 10682 2667 125%
c [ 934.01 53 27 91 715 285779 1 12745398 99794 1.8 27 15 6 15 50% 36619 10682 2667 125%
c O 934.01 53 27 91 715 285779 1 12745398 99794 1.8 27 15 6 15 50% 36619 10682 2667 125%
c - 934.77 53 26 91 716 285788 1 12760169 90242 1.8 26 14 6 15 50% 36619 10682 2667 125%
c - 936.32 53 25 91 717 285800 1 12786928 87132 1.8 26 14 6 15 49% 36619 10682 2667 125%
c - 937.90 53 24 91 718 285809 1 12813706 85140 1.8 26 14 6 15 50% 36619 10682 2667 125%
c - 939.56 53 23 91 719 285817 1 12840502 84526 1.8 26 14 6 15 49% 36619 10682 2667 125%
c
c  seconds    switched       rate            size/glue  tier1     binary         remaining
c          MB   reductions      conflicts          size   tier2       irredundant
c           level      restarts         redundant     glue    trail         variables
c
c - 941.42 53 23 91 720 285830 1 12867316 83842 1.8 25 14 6 15 49% 36619 10682 2667 125%
c - 943.31 53 23 91 721 285840 1 12894149 85983 1.8 25 14 6 15 49% 36619 10682 2667 125%
c - 945.12 53 24 91 722 285841 1 12921001 81668 1.8 26 15 6 15 49% 36619 10682 2667 125%
c - 947.03 53 25 91 723 285846 1 12947872 77691 1.8 27 15 6 15 49% 36619 10682 2667 125%
c - 948.91 53 25 91 724 285856 1 12974764 79641 1.8 27 15 6 15 48% 36619 10682 2667 125%
c - 950.86 53 25 91 725 285871 1 13001672 79028 1.8 27 15 6 15 49% 36619 10682 2667 125%
c - 953.04 53 26 91 726 285876 1 13028598 77826 1.8 27 15 6 15 49% 36619 10682 2667 125%
c - 955.31 53 26 91 727 285887 1 13055543 76806 1.8 28 16 6 15 48% 36619 10682 2667 125%
c u 956.83 53 26 91 727 285893 1 13064607 81252 1.8 28 16 6 15 48% 36619 10682 2667 125%
c v 957.90 53 26 91 727 285893 1 13064607 80980 1.8 28 16 6 15 48% 36619 10682 2667 125%
c w 958.28 53 26 91 727 285893 1 13064607 80426 1.8 28 16 6 15 48% 36619 10682 2667 125%
c o 958.31 53 26 91 727 285893 1 13064607 80426 1.8 28 16 6 15 48% 36619 10682 2667 125%
c ] 958.45 53 26 92 727 285894 1 13067320 83083 1.8 28 16 6 15 48% 36619 10682 2667 125%
c { 958.45 53 18 92 727 285894 2 13067320 83083 1.7 17 10 5 12 47% 36619 10682 2667 125%
c - 959.36 53 18 92 728 286544 2 13082506 76463 1.7 17 10 5 12 47% 36619 10682 2667 125%
c - 960.89 53 18 92 729 287796 2 13109487 85805 1.7 17 10 5 12 47% 36619 10682 2667 125%
c - 962.32 53 18 92 730 288526 2 13136488 90235 1.7 17 10 5 12 47% 36619 10682 2667 125%
c - 963.85 53 18 92 731 289755 2 13163506 91645 1.7 17 10 5 12 47% 36619 10682 2667 125%
c - 965.36 53 18 92 732 290642 2 13190543 92162 1.7 17 10 5 12 47% 36619 10682 2667 125%
c - 966.83 53 18 92 733 291487 2 13217599 92015 1.7 17 10 5 12 47% 36619 10682 2667 125%
c
c  seconds    switched       rate            size/glue  tier1     binary         remaining
c          MB   reductions      conflicts          size   tier2       irredundant
c           level      restarts         redundant     glue    trail         variables
c
c - 968.37 53 18 92 734 292505 2 13244673 92272 1.7 17 10 5 12 47% 36619 10682 2667 125%
c - 969.80 53 18 92 735 293297 2 13271765 92463 1.7 17 10 5 12 47% 36619 10682 2667 125%
c - 971.35 53 18 92 736 294409 2 13298875 92627 1.7 17 10 5 12 47% 36619 10682 2667 125%
c - 972.87 53 18 92 737 294964 2 13326004 93093 1.7 17 10 5 12 47% 36619 10682 2667 125%
c - 974.55 53 18 92 738 296134 2 13353151 93720 1.7 17 10 5 12 47% 36619 10682 2667 125%
c - 976.08 53 18 92 739 297087 2 13380317 94345 1.7 17 10 5 12 47% 36619 10682 2667 125%
c - 977.67 53 19 92 740 298363 2 13407501 94974 1.7 18 10 5 12 47% 36619 10682 2667 125%
c - 979.19 53 18 92 741 299296 2 13434703 94989 1.7 17 10 5 12 47% 36619 10682 2667 125%
c u 980.31 53 18 92 741 299560 2 13444065 100187 1.7 18 10 5 12 47% 36619 10682 2667 125%
c v 981.08 53 18 92 741 299560 2 13444065 95893 1.7 18 10 5 12 47% 36619 10682 2667 125%
c w 981.35 53 18 92 741 299560 2 13444065 95398 1.7 18 10 5 12 47% 36619 10682 2667 125%
c - 982.39 53 19 92 742 300198 2 13461924 88266 1.7 18 10 5 12 47% 36619 10682 2667 125%
c - 983.87 53 19 92 743 301118 2 13489163 90367 1.7 18 10 5 12 47% 36619 10682 2667 125%
c } 983.88 53 19 93 743 301118 2 13489325 90509 1.7 18 10 5 12 47% 36619 10682 2667 125%
c [ 983.88 53 26 93 743 301118 1 13489325 90509 1.8 28 16 6 15 48% 36619 10682 2667 125%
c B 983.88 53 26 93 743 301118 1 13489325 90509 1.8 28 16 6 15 48% 36619 10682 2667 125%
c - 985.32 53 25 93 744 301132 1 13516422 89023 1.7 26 15 6 15 49% 36619 10682 2667 125%
c - 986.86 53 24 93 745 301146 1 13543700 86635 1.7 25 15 6 15 49% 36619 10682 2667 125%
c - 988.53 53 23 93 746 301148 1 13570994 86596 1.7 25 14 6 15 49% 36619 10682 2667 125%
c o 989.79 53 22 93 746 301161 1 13589765 104128 1.7 24 14 6 15 49% 36619 10682 2667 125%
c
c  seconds    switched       rate            size/glue  tier1     binary         remaining
c          MB   reductions      conflicts          size   tier2       irredundant
c           level      restarts         redundant     glue    trail         variables
c
c - 990.30 53 25 93 747 301163 1 13598308 86740 1.7 25 14 6 15 49% 36619 10682 2667 125%
c - 992.02 53 24 93 748 301177 1 13625639 87209 1.8 25 14 6 15 49% 36619 10682 2667 125%
c - 993.84 53 24 93 749 301179 1 13652988 84059 1.8 26 14 6 15 49% 36619 10682 2667 125%
c - 995.84 53 24 93 750 301180 1 13680358 83161 1.8 26 14 6 15 48% 36619 10682 2667 125%
c - 998.00 53 23 93 751 301194 1 13707744 86391 1.8 26 14 6 15 49% 36619 10682 2667 125%
c - 1000.07 53 22 93 752 301205 1 13735148 89742 1.8 25 14 6 15 49% 36619 10682 2667 125%
c - 1001.93 53 21 93 753 301211 1 13762570 93652 1.8 24 13 6 15 49% 36619 10682 2667 125%
c - 1003.79 53 20 93 754 301225 1 13790010 96157 1.9 24 13 6 15 49% 36619 10682 2667 125%
c - 1005.64 53 20 93 755 301237 1 13817470 97629 1.9 24 13 6 15 48% 36619 10682 2667 125%
c u 1007.23 53 19 93 755 301241 1 13829459 104556 1.9 24 12 6 15 48% 36619 10682 2667 125%
c v 1008.24 53 19 93 755 301241 1 13829459 90080 1.9 24 12 6 15 48% 36619 10682 2667 125%
c w 1008.58 53 19 93 755 301241 1 13829459 83159 1.9 24 12 6 15 48% 36619 10682 2667 125%
c ] 1008.82 53 19 94 755 301241 1 13832717 86070 1.9 23 12 6 15 48% 36619 10682 2667 125%
c { 1008.82 53 19 94 755 301241 2 13832717 86070 1.7 18 10 5 12 47% 36619 10682 2667 125%
c - 1009.52 53 19 94 756 301828 2 13844948 80786 1.7 18 10 5 12 47% 36619 10682 2667 125%
c - 1010.98 53 19 94 757 302687 2 13872446 90845 1.7 18 10 5 12 47% 36619 10682 2667 125%
c - 1012.47 53 18 94 758 303424 2 13899960 94789 1.7 17 10 5 12 47% 36619 10682 2667 125%
c - 1014.00 53 18 94 759 304442 2 13927491 95798 1.7 17 10 5 12 47% 36619 10682 2667 125%
c - 1015.55 53 19 94 760 305614 2 13955042 96293 1.7 17 10 5 12 47% 36619 10682 2667 125%
c - 1017.09 53 18 94 761 306457 2 13982612 96585 1.7 17 10 5 12 47% 36619 10682 2667 125%
c
c   seconds    switched       rate            size/glue  tier1     binary         remaining
c           MB   reductions      conflicts          size   tier2       irredundant
c            level      restarts         redundant     glue    trail         variables
c
c - 1018.58 53 18 94 762 307188 2 14010199 96799 1.7 17 10 5 12 47% 36619 10682 2667 125%
c - 1020.16 53 18 94 763 308284 2 14037806 97254 1.7 17 10 5 12 47% 36619 10682 2667 125%
c - 1021.82 53 18 94 764 309417 2 14065430 97709 1.7 18 10 5 12 47% 36619 10682 2667 125%
c o 1023.37 53 19 94 764 310478 2 14090310 120605 1.7 17 10 5 12 47% 36619 10682 2667 125%
c - 1023.55 53 18 94 765 310546 2 14093073 98014 1.7 17 10 5 12 47% 36619 10682 2667 125%
c - 1025.22 53 19 94 766 311737 2 14120732 98005 1.7 17 10 5 12 47% 36619 10682 2667 125%
c - 1026.88 53 18 94 767 312646 2 14148408 98113 1.7 17 10 5 12 47% 36619 10682 2667 125%
c - 1028.46 53 18 94 768 313497 2 14176102 98644 1.7 17 10 5 12 47% 36619 10682 2667 125%
c - 1030.06 53 18 94 769 314465 2 14203815 98673 1.7 17 10 5 12 47% 36619 10682 2667 125%
c u 1031.70 53 18 94 769 315287 2 14220787 108404 1.7 17 10 5 12 47% 36619 10682 2667 125%
c v 1032.49 53 18 94 769 315287 2 14220787 99362 1.7 17 10 5 12 47% 36619 10682 2667 125%
c w 1032.77 53 18 94 769 315287 2 14220787 98723 1.7 17 10 5 12 47% 36619 10682 2667 125%
c - 1033.37 53 18 94 770 315587 2 14231547 86935 1.7 17 10 5 12 47% 36619 10682 2667 125%
c - 1034.90 53 18 94 771 316856 2 14259296 91944 1.7 17 10 5 12 47% 36619 10682 2667 125%
c } 1035.59 53 18 95 771 317119 2 14271702 103079 1.6 17 10 5 12 47% 36619 10682 2667 125%
c [ 1035.59 53 19 95 771 317119 1 14271702 103079 1.9 23 12 6 15 48% 36619 10682 2667 125%
c W 1040.53 53 19 95 771 317119 1 14271702 103079 1.9 23 12 6 15 48% 36619 10682 2667 125%
c - 1041.33 53 19 95 772 317128 1 14287062 94252 1.9 23 12 6 15 48% 36619 10682 2667 125%
c - 1042.84 53 19 95 773 317140 1 14314846 93798 1.9 23 12 6 15 48% 36619 10682 2667 125%
c - 1044.56 53 19 95 774 317149 1 14342648 90890 1.9 24 12 6 15 48% 36619 10682 2667 125%
c
c   seconds    switched       rate            size/glue  tier1     binary         remaining
c           MB   reductions      conflicts          size   tier2       irredundant
c            level      restarts         redundant     glue    trail         variables
c
c - 1046.29 53 20 95 775 317160 1 14370468 88366 1.9 24 13 6 15 48% 36619 10682 2667 125%
c - 1048.15 53 21 95 776 317171 1 14398306 86573 1.9 25 13 6 15 48% 36619 10682 2667 125%
c - 1050.15 53 21 95 777 317180 1 14426163 85551 1.9 25 13 6 15 48% 36619 10682 2667 125%
c - 1052.12 53 22 95 778 317181 1 14454038 85723 1.8 25 14 6 15 48% 36619 10682 2667 125%
c - 1054.00 53 22 95 779 317190 1 14481931 86092 1.9 26 14 6 15 48% 36619 10682 2667 125%
c - 1055.95 53 22 95 780 317203 1 14509841 88210 1.9 26 14 6 15 48% 36619 10682 2667 125%
c - 1058.08 53 22 95 781 317212 1 14537769 90554 1.9 26 14 6 15 48% 36619 10682 2667 125%
c - 1060.02 53 21 95 782 317222 1 14565717 92914 1.8 25 14 6 15 48% 36619 10682 2667 125%
c - 1061.96 53 21 95 783 317234 1 14593682 94570 1.8 25 13 6 15 48% 36619 10682 2667 125%
c u 1064.33 53 22 95 783 317243 1 14618078 112309 1.8 24 13 6 15 48% 36619 10682 2667 125%
c v 1065.33 53 22 95 783 317243 1 14618078 99854 1.8 24 13 6 15 48% 36619 10682 2667 125%
c w 1065.70 53 22 95 783 317243 1 14618078 94205 1.8 24 13 6 15 48% 36619 10682 2667 125%
c o 1065.72 53 22 95 783 317243 1 14618078 94205 1.8 24 13 6 15 48% 36619 10682 2667 125%
c - 1065.97 53 26 95 784 317243 1 14621664 73576 1.8 25 14 6 15 48% 36619 10682 2667 125%
c ] 1066.83 53 35 96 784 317244 1 14637289 88767 1.7 26 15 6 15 48% 36619 10682 2667 125%
c { 1066.83 53 18 96 784 317244 2 14637289 88767 1.6 17 10 5 12 47% 36619 10682 2667 125%
c - 1067.56 53 18 96 785 317928 2 14649666 79004 1.6 17 10 5 12 47% 36619 10682 2667 125%
c - 1069.06 53 18 96 786 318797 2 14677683 87650 1.7 17 10 5 12 47% 36619 10682 2667 125%
c - 1070.54 53 18 96 787 319580 2 14705720 95477 1.7 17 10 5 12 47% 36619 10682 2667 125%
c - 1072.13 53 18 96 788 320612 2 14733773 96993 1.6 17 10 5 12 47% 36619 10682 2667 125%
c
c   seconds    switched       rate            size/glue  tier1     binary         remaining
c           MB   reductions      conflicts          size   tier2       irredundant
c            level      restarts         redundant     glue    trail         variables
c
c - 1073.78 53 18 96 789 321732 2 14761846 97389 1.7 17 10 5 12 47% 36619 10682 2667 125%
c - 1075.38 53 18 96 790 322618 2 14789936 98028 1.7 17 10 5 12 47% 36619 10682 2667 125%
c - 1076.98 53 18 96 791 323271 2 14818044 97929 1.7 17 10 5 12 47% 36619 10682 2667 125%
c - 1078.59 53 18 96 792 324200 2 14846170 97984 1.7 17 10 5 12 47% 36619 10682 2667 125%
c - 1080.19 53 18 96 793 325247 2 14874312 97939 1.7 17 10 5 12 47% 36619 10682 2667 125%
c - 1081.78 53 18 96 794 326313 2 14902472 97901 1.6 17 10 5 12 47% 36619 10682 2667 125%
c - 1083.39 53 18 96 795 327562 2 14930651 98314 1.7 17 10 5 12 47% 36619 10682 2667 125%
c - 1084.95 53 18 96 796 328356 2 14958848 98651 1.7 17 10 5 12 47% 36619 10682 2667 125%
c - 1086.50 53 18 96 797 329253 2 14987063 99154 1.7 17 10 5 12 47% 36619 10682 2667 125%
c - 1088.10 53 18 96 798 330158 2 15015294 99420 1.7 17 10 5 12 47% 36619 10682 2667 125%
c u 1089.14 53 18 96 798 330416 2 15021330 101139 1.7 17 10 5 12 47% 36619 10682 2667 125%
c v 1089.94 53 18 96 798 330416 2 15021330 91816 1.7 17 10 5 12 47% 36619 10682 2667 125%
c w 1090.23 53 18 96 798 330416 2 15021330 90981 1.7 17 10 5 12 47% 36619 10682 2667 125%
c - 1091.59 53 18 96 799 331547 2 15043542 88027 1.7 17 10 5 12 47% 36619 10682 2667 125%
c - 1093.14 53 18 96 800 332622 2 15071808 93960 1.7 17 10 5 12 47% 36619 10682 2667 125%
c } 1094.32 53 18 97 800 333388 2 15093552 113867 1.7 17 10 5 12 47% 36619 10682 2667 125%
c [ 1094.32 53 35 97 800 333388 1 15093552 113867 1.7 26 15 6 15 48% 36619 10682 2667 125%
c I 1094.32 53 35 97 800 333388 1 15093552 113867 1.7 26 15 6 15 48% 36619 10682 2667 125%
c - 1094.69 53 35 97 801 333393 1 15100092 93568 1.7 27 15 6 15 48% 36619 10682 2667 125%
c - 1096.38 53 33 97 802 333404 1 15128393 85854 1.7 27 16 6 15 48% 36619 10682 2667 125%
c
c   seconds    switched       rate            size/glue  tier1     binary         remaining
c           MB   reductions      conflicts          size   tier2       irredundant
c            level      restarts         redundant     glue    trail         variables
c
c - 1098.14 53 31 97 803 333417 1 15156712 77199 1.7 26 16 6 15 48% 36619 10682 2667 125%
c - 1100.04 53 29 97 804 333425 1 15185051 74305 1.7 27 16 6 15 48% 36619 10682 2667 125%
c - 1101.84 53 29 97 805 333437 1 15213406 74015 1.7 28 16 6 15 48% 36619 10682 2667 125%
c - 1103.65 53 29 97 806 333449 1 15241778 73224 1.7 28 17 6 15 48% 36619 10682 2667 125%
c - 1105.55 53 29 97 807 333450 1 15270169 73459 1.7 29 17 6 15 49% 36619 10682 2667 125%
c - 1107.55 53 29 97 808 333457 1 15298580 72643 1.7 30 17 6 15 49% 36619 10682 2667 125%
c - 1109.62 53 28 97 809 333468 1 15327007 72011 1.7 30 17 6 15 49% 36619 10682 2667 125%
c - 1111.53 53 28 97 810 333480 1 15355449 74871 1.8 30 17 6 15 49% 36619 10682 2667 125%
c - 1113.43 53 27 97 811 333488 1 15383909 76201 1.8 30 17 6 15 49% 36619 10682 2667 125%
c - 1115.32 53 27 97 812 333502 1 15412388 78714 1.8 30 17 6 15 49% 36619 10682 2667 125%
c u 1117.30 53 26 97 812 333511 1 15430568 91810 1.8 29 17 6 15 49% 36619 10682 2667 125%
c v 1118.31 53 26 97 812 333511 1 15430568 89514 1.8 29 17 6 15 49% 36619 10682 2667 125%
c w 1118.66 53 26 97 812 333511 1 15430568 84307 1.8 29 17 6 15 49% 36619 10682 2667 125%
c o 1118.69 53 26 97 812 333511 1 15430568 84307 1.8 29 17 6 15 49% 36619 10682 2667 125%
c - 1119.24 53 32 97 813 333512 1 15440884 71671 1.7 30 17 6 16 49% 36619 10682 2667 125%
c - 1120.98 53 30 97 814 333513 1 15469397 77000 1.7 28 17 6 16 48% 36619 10682 2667 125%
c ] 1121.45 53 29 98 814 333513 1 15476810 83994 1.7 28 16 6 16 48% 36619 10682 2667 125%
c { 1121.45 53 18 98 814 333513 2 15476810 83994 1.7 17 10 5 12 47% 36619 10682 2667 125%
c - 1122.64 53 17 98 815 333523 2 15497928 86318 1.7 17 10 5 12 47% 36619 10682 2667 125%
c - 1124.21 53 16 98 816 333584 2 15526476 91141 1.6 16 10 5 12 47% 36619 10682 2667 125%
c
c   seconds    switched       rate            size/glue  tier1     binary         remaining
c           MB   reductions      conflicts          size   tier2       irredundant
c            level      restarts         redundant     glue    trail         variables
c
c - 1125.78 53 14 98 817 333647 2 15555041 91674 1.7 16 10 5 12 47% 36619 10682 2667 125%
c - 1127.29 53 14 98 818 333774 2 15583624 92418 1.6 16 10 5 12 47% 36619 10682 2667 125%
c - 1128.72 53 13 98 819 333805 1 15612226 93234 1.7 16 9 5 12 47% 36619 10682 2667 125%
c - 1130.21 53 12 98 820 334050 1 15640844 93786 1.7 16 9 5 12 47% 36619 10682 2667 125%
c - 1131.76 53 12 98 821 334485 1 15669480 94810 1.7 15 9 5 12 47% 36619 10682 2667 125%
c - 1133.40 53 12 98 822 334760 1 15698134 94542 1.7 15 9 5 12 47% 36619 10682 2667 125%
c - 1134.92 53 11 98 823 335135 1 15726804 94559 1.7 15 9 5 12 47% 36619 10682 2667 125%
c - 1136.61 53 11 98 824 335559 1 15755492 94693 1.6 14 9 5 12 47% 36619 10682 2667 125%
c - 1138.30 53 11 98 825 336038 1 15784198 94938 1.6 14 9 5 12 47% 36619 10682 2667 125%
c - 1140.07 53 11 98 826 337066 1 15812920 96489 1.6 14 9 5 11 47% 36619 10682 2667 125%
c - 1141.62 53 11 98 827 337527 1 15841660 96795 1.6 14 9 5 11 47% 36619 10682 2667 125%
c u 1142.56 53 11 98 827 337620 1 15845792 94691 1.6 14 9 5 11 47% 36619 10682 2667 125%
c v 1143.36 53 11 98 827 337620 1 15845792 85873 1.6 14 9 5 11 47% 36619 10682 2667 125%
c w 1143.64 53 11 98 827 337620 1 15845792 85586 1.6 14 9 5 11 47% 36619 10682 2667 125%
c - 1145.07 53 11 98 828 338502 1 15870418 84765 1.6 14 9 5 11 47% 36619 10682 2667 125%
c - 1146.70 53 11 98 829 339464 1 15899192 91444 1.6 14 9 5 11 47% 36619 10682 2667 125%
c - 1148.28 53 11 98 830 340227 1 15927985 93556 1.6 14 9 5 11 47% 36619 10682 2667 125%
c } 1149.53 53 11 99 830 340991 1 15950644 111904 1.6 14 9 5 11 47% 36619 10682 2667 125%
c [ 1149.53 53 29 99 830 340991 1 15950644 111904 1.7 28 16 6 16 48% 36619 10682 2667 125%
c B 1149.53 53 29 99 830 340991 1 15950644 111904 1.7 28 16 6 16 48% 36619 10682 2667 125%
c
c   seconds    switched       rate            size/glue  tier1     binary         remaining
c           MB   reductions      conflicts          size   tier2       irredundant
c            level      restarts         redundant     glue    trail         variables
c
c - 1149.87 53 30 99 831 340995 1 15956795 93267 1.7 28 16 6 16 49% 36619 10682 2667 125%
c - 1151.58 53 28 99 832 341008 1 15985623 91812 1.8 28 16 6 16 49% 36619 10682 2667 125%
c - 1153.39 53 26 99 833 341020 1 16014467 93367 1.8 27 15 6 16 49% 36619 10682 2667 125%
c - 1155.33 53 25 99 834 341028 1 16043328 97675 1.8 26 15 6 16 49% 36619 10682 2667 125%
c o 1155.50 53 25 99 834 341030 1 16045943 100088 1.8 26 15 6 16 49% 36619 10682 2667 125%
c - 1157.25 53 25 99 835 341042 1 16072208 98259 1.8 26 15 6 16 49% 36619 10682 2667 125%
c - 1159.59 53 24 99 836 341052 1 16101104 97213 1.8 25 14 6 16 49% 36619 10682 2667 125%
c - 1161.50 53 25 99 837 341053 1 16130017 96171 1.8 26 14 6 16 49% 36619 10682 2667 125%
c - 1163.44 53 26 99 838 341060 1 16158947 92427 1.8 27 15 6 16 49% 36619 10682 2667 125%
c - 1165.70 53 26 99 839 341074 1 16187897 91381 1.8 27 15 6 16 49% 36619 10682 2667 125%
c - 1168.07 53 26 99 840 341084 1 16216862 91124 1.8 28 15 6 16 49% 36619 10682 2667 125%
c - 1170.11 53 25 99 841 341095 1 16245844 93100 1.9 28 15 6 16 49% 36619 10682 2667 125%
c u 1172.44 53 25 99 841 341103 1 16267033 107989 1.9 28 15 6 16 49% 36619 10682 2667 125%
c v 1173.55 53 25 99 841 341103 1 16267033 107626 1.9 28 15 6 16 49% 36619 10682 2667 125%
c w 1173.98 71 25 99 841 341103 1 16267033 106701 1.9 28 15 6 16 49% 36619 10682 2667 125%
c - 1177.24 63 25 99 842 341107 1 16274844 91450 1.9 27 15 6 16 49% 36619 10682 2667 125%
c - 1179.41 60 25 99 843 341115 1 16303862 92424 1.8 27 15 6 16 49% 36619 10682 2667 125%
c ] 1181.37 63 25 100 843 341116 1 16328296 115872 1.8 26 15 6 16 48% 36619 10682 2667 125%
c { 1181.37 63 11 100 843 341116 1 16328296 115872 1.6 14 9 5 11 47% 36619 10682 2667 125%
c - 1181.77 63 11 100 844 341924 1 16332897 93801 1.6 14 9 5 11 47% 36619 10682 2667 125%
c
c   seconds    switched        rate            size/glue  tier1     binary         remaining
c           MB    reductions      conflicts          size   tier2       irredundant
c            level       restarts         redundant     glue    trail         variables
c
c - 1183.85 63 14 100 845 345953 2 16361949 98191 1.6 15 10 5 11 47% 36619 10682 2667 125%
c - 1185.81 63 16 100 846 348836 3 16391017 101123 1.6 15 10 5 11 47% 36619 10682 2667 125%
c - 1187.58 63 17 100 847 350720 3 16420103 102014 1.6 16 10 5 11 47% 36619 10682 2667 125%
c - 1189.33 63 17 100 848 352278 3 16449208 102484 1.6 16 10 5 11 47% 36619 10682 2667 125%
c - 1191.03 63 18 100 849 353459 3 16478329 102988 1.6 17 10 5 11 47% 36619 10682 2667 125%
c - 1192.83 63 18 100 850 354421 3 16507466 103019 1.6 17 10 5 11 47% 36619 10682 2667 125%
c - 1194.64 63 18 100 851 355787 3 16536621 103097 1.6 17 10 5 11 47% 36619 10682 2667 125%
c - 1196.30 63 18 100 852 356831 2 16565793 103944 1.6 17 10 5 11 47% 36619 10682 2667 125%
c o 1197.52 63 18 100 852 357568 2 16587422 123571 1.6 17 10 5 11 47% 36619 10682 2667 125%
c - 1197.96 63 18 100 853 357801 2 16594983 104376 1.6 17 10 5 11 47% 36619 10682 2667 125%
c - 1199.63 63 18 100 854 358945 2 16624190 104529 1.6 17 10 5 11 47% 36619 10682 2667 125%
c - 1201.32 63 18 100 855 360025 2 16653414 104622 1.6 17 10 5 11 47% 36619 10682 2667 125%
c - 1203.07 63 18 100 856 361380 2 16682654 104911 1.6 17 10 5 11 47% 36619 10682 2667 125%
c u 1204.31 63 19 100 856 361766 2 16694282 111775 1.7 17 10 5 11 47% 36619 10682 2667 125%
c v 1204.98 65 19 100 856 361766 2 16694282 108903 1.7 17 10 5 11 47% 36619 10682 2667 125%
c w 1205.21 65 19 100 856 361766 2 16694282 108249 1.7 17 10 5 11 47% 36619 10682 2667 125%
c - 1206.34 63 18 100 857 362245 2 16711912 98690 1.7 17 10 5 11 47% 36619 10682 2667 125%
c - 1207.98 63 18 100 858 363326 2 16741186 100551 1.7 17 10 5 11 47% 36619 10682 2667 125%
c - 1209.87 63 19 100 859 364556 2 16770477 101515 1.7 17 10 5 11 47% 36619 10682 2667 125%
c - 1211.65 63 18 100 860 365545 2 16799785 101629 1.7 17 10 5 11 47% 36619 10682 2667 125%
c
c   seconds    switched        rate             size/glue  tier1     binary         remaining
c           MB    reductions      conflicts           size   tier2       irredundant
c            level       restarts         redundant      glue    trail         variables
c
c } 1212.80 63 18 101 860 366131 2 16819994 119858 1.7 17 10 5 11 47% 36619 10682 2667 125%
c [ 1212.80 63 25 101 860 366131 1 16819994 119858 1.8 26 15 6 16 48% 36619 10682 2667 125%
c W 1218.75 53 25 101 860 366131 1 16819994 119858 1.8 26 15 6 16 48% 36619 10682 2667 125%
c - 1219.26 53 25 101 861 366137 1 16829110 99963 1.8 26 15 6 16 48% 36619 10682 2667 125%
c - 1221.12 53 24 101 862 366150 1 16858453 97595 1.8 26 14 6 16 49% 36619 10682 2667 125%
c - 1222.92 53 23 101 863 366161 1 16887812 97667 1.8 25 14 6 16 49% 36619 10682 2667 125%
c - 1224.92 53 23 101 864 366171 1 16917188 98670 1.8 25 14 6 16 49% 36619 10682 2667 125%
c - 1227.01 53 23 101 865 366183 1 16946582 96297 1.9 26 14 6 16 49% 36619 10682 2667 125%
c - 1229.24 53 23 101 866 366192 1 16975992 95525 1.9 26 14 6 16 50% 36619 10682 2667 125%
c - 1231.47 53 22 101 867 366193 1 17005421 99288 1.9 26 14 6 16 50% 36619 10682 2667 125%
c - 1233.56 53 22 101 868 366205 1 17034866 100087 1.8 25 14 6 16 50% 36619 10682 2667 125%
c - 1235.78 53 21 101 869 366218 1 17064327 99388 1.8 25 14 6 16 49% 36619 10682 2667 125%
c - 1237.79 53 22 101 870 366224 1 17093805 100283 1.8 25 14 6 16 49% 36619 10682 2667 125%
c - 1239.98 53 22 101 871 366238 1 17123301 100086 1.9 25 14 6 16 49% 36619 10682 2667 125%
c u 1241.18 53 22 101 871 366239 1 17127568 99538 1.9 25 14 6 16 49% 36619 10682 2667 125%
c v 1242.29 53 22 101 871 366239 1 17127568 93007 1.9 25 14 6 16 49% 36619 10682 2667 125%
c w 1242.68 53 22 101 871 366239 1 17127568 91089 1.9 25 14 6 16 49% 36619 10682 2667 125%
c - 1244.45 53 22 101 872 366253 1 17152813 93016 1.9 25 13 6 16 48% 36619 10682 2667 125%
c - 1246.63 53 21 101 873 366256 1 17182343 99742 1.9 25 13 6 16 48% 36619 10682 2667 125%
c - 1248.72 53 21 101 874 366256 1 17211890 102076 1.9 25 13 6 16 48% 36619 10682 2667 125%
c
c   seconds    switched        rate             size/glue  tier1     binary         remaining
c           MB    reductions      conflicts           size   tier2       irredundant
c            level       restarts         redundant      glue    trail         variables
c
c ] 1250.03 53 23 102 874 366257 1 17232419 121975 1.9 25 13 6 16 48% 36619 10682 2667 125%
c { 1250.03 53 18 102 874 366257 2 17232419 121975 1.7 17 10 5 11 47% 36619 10682 2667 125%
c o 1250.03 53 18 102 874 366262 2 17232461 122016 1.7 17 10 5 11 47% 36619 10682 2667 125%
c - 1251.13 53 22 102 875 367821 3 17241454 97068 1.7 19 11 5 11 47% 36619 10682 2667 125%
c - 1254.95 53 31 102 876 372984 5 17271034 88821 1.7 22 13 5 11 47% 36619 10682 2667 125%
c - 1258.94 53 37 102 877 377885 6 17300631 83543 1.8 25 14 5 11 47% 36619 10682 2667 125%
c - 1262.56 53 41 102 878 381646 7 17330245 83736 1.8 27 15 5 11 47% 36619 10682 2667 125%
c - 1265.80 53 44 102 879 384508 7 17359877 85576 1.9 29 15 5 12 47% 36619 10682 2667 125%
c - 1269.01 53 46 102 880 387157 7 17389525 85931 1.9 30 16 5 12 47% 36619 10682 2667 125%
c - 1272.03 53 46 102 881 388971 6 17419190 86121 1.9 31 16 5 12 47% 36619 10682 2667 125%
c - 1275.10 53 47 102 882 390996 6 17448871 86534 2.0 32 16 5 12 47% 36619 10682 2667 125%
c - 1278.00 53 47 102 883 392571 6 17478569 87178 2.0 33 16 5 12 47% 36619 10682 2667 125%
c - 1280.74 53 47 102 884 393885 5 17508287 88443 2.0 33 16 5 12 47% 36619 10682 2667 125%
c - 1283.53 53 47 102 885 395457 5 17538020 88750 2.0 33 16 5 12 47% 36619 10682 2667 125%
c u 1287.60 53 47 102 885 397055 5 17566892 112975 2.0 34 16 5 12 47% 36619 10682 2667 125%
c v 1289.10 53 47 102 885 397055 5 17566892 111814 2.0 34 16 5 12 47% 36619 10682 2667 125%
c w 1289.69 53 47 102 885 397055 5 17566892 111721 2.0 34 16 5 12 47% 36619 10682 2667 125%
c - 1289.79 53 47 102 886 397058 5 17567769 83256 2.0 34 16 5 12 47% 36619 10682 2667 125%
c - 1292.42 53 47 102 887 398313 5 17597534 84422 2.1 34 16 5 12 47% 36619 10682 2667 125%
c - 1295.19 53 47 102 888 399754 5 17627318 85195 2.1 34 16 5 12 47% 36619 10682 2667 125%
c
c   seconds    switched        rate            size/glue  tier1     binary         remaining
c           MB    reductions      conflicts          size   tier2       irredundant
c            level       restarts         redundant     glue    trail         variables
c
c - 1298.00 53 47 102 889 401281 5 17657119 84603 2.1 35 17 5 12 47% 36619 10682 2667 125%
c - 1300.66 53 47 102 890 402510 5 17686935 85498 2.1 35 16 5 12 47% 36619 10682 2667 125%
c - 1303.53 53 47 102 891 404027 5 17716768 86078 2.1 35 17 5 12 47% 36619 10682 2667 125%
c } 1305.92 53 47 103 891 405312 5 17742272 111196 2.1 35 17 5 12 47% 36619 10682 2667 125%
c [ 1305.92 53 23 103 891 405312 1 17742272 111196 1.9 25 13 6 16 48% 36619 10682 2667 125%
c O 1305.92 53 23 103 891 405312 1 17742272 111196 1.9 25 13 6 16 48% 36619 10682 2667 125%
c - 1306.26 53 23 103 892 405315 1 17746617 86490 1.9 25 13 6 16 48% 36619 10682 2667 125%
c - 1308.45 53 22 103 893 405328 1 17776483 89884 1.9 25 13 6 15 48% 36619 10682 2667 125%
c - 1310.71 53 21 103 894 405341 1 17806367 96249 1.9 25 13 6 15 49% 36619 10682 2667 125%
c - 1313.13 53 21 103 895 405349 1 17836266 99663 1.9 24 13 6 15 48% 36619 10682 2667 125%
c - 1315.28 53 21 103 896 405364 1 17866184 100643 1.9 24 13 6 15 49% 36619 10682 2667 125%
c - 1317.64 53 21 103 897 405373 1 17896117 99507 1.9 24 13 6 15 49% 36619 10682 2667 125%
c - 1319.95 53 21 103 898 405374 1 17926066 100048 1.9 24 13 6 15 49% 36619 10682 2667 125%
c o 1321.48 53 21 103 898 405381 1 17947231 120084 1.8 24 13 6 15 48% 36619 10682 2667 125%
c - 1322.04 53 26 103 899 405385 1 17956032 96467 1.8 25 14 6 15 48% 36619 10682 2667 125%
c - 1324.11 53 27 103 900 405398 1 17986016 92412 1.8 26 14 6 15 48% 36619 10682 2667 125%
c u 1326.89 53 25 103 900 405405 1 18012279 111508 1.8 25 14 6 15 48% 36619 10682 2667 125%
c v 1328.35 53 25 103 900 405405 1 18012279 109370 1.8 25 14 6 15 48% 36619 10682 2667 125%
c w 1328.86 53 25 103 900 405405 1 18012279 103157 1.8 25 14 6 15 48% 36619 10682 2667 125%
c - 1329.17 53 25 103 901 405405 1 18016018 83488 1.8 25 14 6 15 48% 36619 10682 2667 125%
c
c   seconds    switched        rate            size/glue  tier1     binary         remaining
c           MB    reductions      conflicts          size   tier2       irredundant
c            level       restarts         redundant     glue    trail         variables
c
c - 1331.56 53 24 103 902 405420 1 18046036 88722 1.8 25 14 6 15 47% 36619 10682 2667 125%
c - 1333.84 53 23 103 903 405434 1 18076069 95940 1.8 24 13 6 15 47% 36619 10682 2667 125%
c - 1336.01 53 22 103 904 405437 1 18106118 101297 1.9 24 13 6 15 47% 36619 10682 2667 125%
c - 1338.40 53 21 103 905 405438 1 18136186 101598 1.9 24 13 6 15 47% 36619 10682 2667 125%
c - 1340.60 53 21 103 906 405438 1 18166272 99658 1.8 24 13 6 15 47% 36619 10682 2667 125%
c B 1341.43 53 21 103 906 405438 1 18177374 110066 1.8 24 13 6 15 47% 36619 10682 2667 125%
c - 1342.61 53 24 103 907 405438 1 18196371 93035 1.8 26 14 6 15 47% 36619 10682 2667 125%
c - 1344.48 53 24 103 908 405453 1 18226488 93325 1.8 25 14 6 15 48% 36619 10682 2667 125%
c - 1346.53 53 23 103 909 405467 1 18256622 98443 1.8 24 14 6 15 48% 36619 10682 2667 125%
c - 1348.62 53 23 103 910 405472 1 18286772 99364 1.8 25 14 6 15 49% 36619 10682 2667 125%
c - 1350.84 53 23 103 911 405485 1 18316940 95145 1.8 25 14 6 15 48% 36619 10682 2667 125%
c - 1353.09 53 23 103 912 405499 1 18347122 95434 1.8 25 14 6 15 48% 36619 10682 2667 125%
c - 1355.43 53 22 103 913 405501 1 18377321 101350 1.8 24 14 6 15 48% 36619 10682 2667 125%
c - 1357.91 53 21 103 914 405508 1 18407537 102773 1.8 24 13 6 15 48% 36619 10682 2667 125%
c ] 1359.90 53 21 104 914 405520 1 18436112 129749 1.8 24 13 6 15 49% 36619 10682 2667 125%
c { 1359.90 53 47 104 914 405520 5 18436112 129749 2.1 35 17 5 12 47% 36619 10682 2667 125%
c - 1360.04 53 47 104 915 405520 5 18437769 101813 2.1 35 17 5 12 47% 36619 10682 2667 125%
c u 1362.90 53 40 104 915 405520 4 18463729 121661 2.1 32 15 5 12 47% 36619 10682 2667 125%
c v 1364.15 54 40 104 915 405520 4 18463729 100363 2.1 32 15 5 12 47% 36619 10682 2667 125%
c w 1364.61 54 40 104 915 405520 4 18463729 85532 2.1 32 15 5 12 47% 36619 10682 2667 125%
c
c   seconds    switched        rate            size/glue  tier1     binary         remaining
c           MB    reductions      conflicts          size   tier2       irredundant
c            level       restarts         redundant     glue    trail         variables
c
c - 1364.88 54 39 104 916 405526 4 18468019 76014 2.1 31 15 5 12 47% 36619 10682 2667 125%
c - 1366.63 54 33 104 917 405529 3 18498284 91468 2.0 28 14 5 12 47% 36619 10682 2667 125%
c o 1368.00 54 29 104 917 405546 3 18524151 114975 2.0 26 13 5 12 47% 36619 10682 2667 125%
c - 1368.29 54 29 104 918 405577 3 18528567 102469 2.0 26 13 5 12 47% 36619 10682 2667 125%
c - 1369.97 54 26 104 919 405644 2 18558867 105592 2.0 25 13 5 12 47% 36619 10682 2667 125%
c - 1371.62 54 23 104 920 405706 2 18589182 106188 1.9 23 12 5 12 47% 36619 10682 2667 125%
c - 1373.44 54 22 104 921 405884 2 18619513 105886 1.9 22 12 5 12 47% 36619 10682 2667 125%
c - 1375.35 54 21 104 922 406258 2 18649860 106320 1.8 21 11 5 12 47% 36619 10682 2667 125%
c - 1377.12 54 20 104 923 406532 2 18680224 105982 1.8 20 11 5 12 47% 36619 10682 2667 125%
c - 1378.86 54 19 104 924 406973 2 18710604 106375 1.8 20 11 5 12 47% 36619 10682 2667 125%
c - 1380.64 54 19 104 925 407665 2 18741001 107243 1.8 19 11 5 12 47% 36619 10682 2667 125%
c - 1382.64 54 18 104 926 408359 2 18771416 107877 1.8 19 11 5 12 47% 36619 10682 2667 125%
c - 1384.69 54 18 104 927 409151 2 18801846 108319 1.8 19 11 5 12 47% 36619 10682 2667 125%
c - 1386.70 54 18 104 928 410063 2 18832293 108860 1.7 18 11 5 12 47% 36619 10682 2667 125%
c - 1388.58 54 18 104 929 410925 2 18862756 109026 1.7 18 10 5 12 47% 36619 10682 2667 125%
c - 1390.49 54 18 104 930 411849 2 18893235 108882 1.7 18 10 5 12 47% 36619 10682 2667 125%
c u 1393.08 54 19 104 930 413101 2 18921270 130070 1.7 18 11 5 12 47% 36619 10682 2667 125%
c v 1394.09 54 19 104 930 413101 2 18921270 126029 1.7 18 11 5 12 47% 36619 10682 2667 125%
c w 1394.44 54 19 104 930 413101 2 18921270 125320 1.7 18 11 5 12 47% 36619 10682 2667 125%
c - 1394.63 54 19 104 931 413140 2 18923730 101806 1.7 18 11 5 12 47% 36619 10682 2667 125%
c
c   seconds    switched        rate             size/glue  tier1     binary         remaining
c           MB    reductions      conflicts           size   tier2       irredundant
c            level       restarts         redundant      glue    trail         variables
c
c - 1396.39 54 18 104 932 413819 2 18954242 104450 1.7 17 10 5 12 47% 36619 10682 2667 125%
c } 1397.01 54 18 105 932 414163 2 18964407 113815 1.7 17 10 5 12 47% 36619 10682 2667 125%
c [ 1397.01 54 21 105 932 414163 1 18964407 113815 1.8 24 13 6 15 49% 36619 10682 2667 125%
c W 1403.77 54 21 105 932 414163 1 18964407 113815 1.8 24 13 6 15 49% 36619 10682 2667 125%
c - 1405.04 54 22 105 933 414175 1 18984771 101800 1.8 25 14 6 15 49% 36619 10682 2667 125%
c - 1407.06 54 24 105 934 414189 1 19015316 91765 1.8 26 15 6 15 50% 36619 10682 2667 125%
c - 1409.07 54 24 105 935 414193 1 19045878 87177 1.8 27 15 6 15 50% 36619 10682 2667 125%
c - 1411.30 54 25 105 936 414208 1 19076455 86843 1.8 28 15 6 15 50% 36619 10682 2667 125%
c - 1413.56 54 25 105 937 414223 1 19107049 86167 1.8 28 15 6 15 50% 36619 10682 2667 125%
c - 1415.81 54 26 105 938 414225 1 19137659 87733 1.8 29 16 6 15 50% 36619 10682 2667 125%
c - 1418.03 54 26 105 939 414231 1 19168285 90201 1.9 29 16 6 16 49% 36619 10682 2667 125%
c - 1420.40 54 27 105 940 414244 1 19198930 89886 1.8 29 16 6 16 49% 36619 10682 2667 125%
c - 1422.65 54 27 105 941 414256 1 19229592 88791 1.8 29 16 6 16 49% 36619 10682 2667 125%
c - 1425.05 54 26 105 942 414267 1 19260267 90765 1.8 29 16 6 16 49% 36619 10682 2667 125%
c - 1427.30 54 26 105 943 414281 1 19290960 92124 1.8 29 16 6 16 49% 36619 10682 2667 125%
c - 1429.72 54 26 105 944 414287 1 19321669 93721 1.8 29 16 6 16 49% 36619 10682 2667 125%
c - 1432.04 54 26 105 945 414288 1 19352396 91557 1.8 29 16 6 16 49% 36619 10682 2667 125%
c - 1434.45 54 26 105 946 414289 1 19383138 93340 1.8 29 16 6 16 49% 36619 10682 2667 125%
c u 1435.54 54 26 105 946 414289 1 19384925 90020 1.8 29 16 6 16 49% 36619 10682 2667 125%
c v 1436.85 54 26 105 946 414289 1 19384925 89082 1.8 29 16 6 16 49% 36619 10682 2667 125%
c
c   seconds    switched        rate            size/glue  tier1     binary         remaining
c           MB    reductions      conflicts          size   tier2       irredundant
c            level       restarts         redundant     glue    trail         variables
c
c w 1437.32 54 26 105 946 414289 1 19384925 87896 1.8 29 16 6 16 49% 36619 10682 2667 125%
c o 1437.34 54 26 105 946 414289 1 19384925 87896 1.8 29 16 6 16 49% 36619 10682 2667 125%
c ] 1438.45 54 60 106 946 414289 1 19405284 107851 1.6 34 22 6 16 48% 36619 10682 2667 125%
c { 1438.45 54 18 106 946 414289 2 19405284 107851 1.7 17 10 5 12 47% 36619 10682 2667 125%
c - 1439.05 54 18 106 947 414731 2 19413899 87349 1.7 17 10 5 12 47% 36619 10682 2667 125%
c - 1441.06 54 18 106 948 415879 2 19444675 92857 1.7 17 10 5 12 47% 36619 10682 2667 125%
c - 1443.20 54 19 106 949 417166 2 19475466 104381 1.7 18 10 5 12 47% 36619 10682 2667 125%
c - 1445.32 54 19 106 950 418342 2 19506272 107004 1.7 17 10 5 12 47% 36619 10682 2667 125%
c - 1447.27 54 18 106 951 419116 2 19537094 107721 1.7 17 10 5 12 47% 36619 10682 2667 125%
c - 1449.16 54 18 106 952 419997 2 19567933 108595 1.7 17 10 5 12 47% 36619 10682 2667 125%
c - 1451.00 54 18 106 953 420935 2 19598787 108748 1.6 17 10 5 12 47% 36619 10682 2667 125%
c - 1452.93 54 18 106 954 422022 2 19629658 108602 1.6 17 10 5 12 47% 36619 10682 2667 125%
c - 1455.03 54 18 106 955 423441 2 19660545 109137 1.6 17 10 5 12 47% 36619 10682 2667 125%
c - 1457.03 54 18 106 956 424262 2 19691448 109556 1.6 17 10 5 12 47% 36619 10682 2667 125%
c - 1458.99 54 18 106 957 425437 2 19722369 109779 1.7 17 10 5 12 47% 36619 10682 2667 125%
c - 1461.04 54 18 106 958 426723 2 19753304 110346 1.7 17 10 5 12 47% 36619 10682 2667 125%
c - 1463.03 54 18 106 959 427957 2 19784255 110679 1.6 17 10 5 12 47% 36619 10682 2667 125%
c - 1465.18 54 18 106 960 429468 2 19815222 111227 1.6 17 10 5 12 47% 36619 10682 2667 125%
c - 1467.18 54 19 106 961 430649 2 19846205 111945 1.7 17 10 5 12 47% 36619 10682 2667 125%
c u 1468.62 54 19 106 961 430860 2 19854668 114592 1.7 17 10 5 12 47% 36619 10682 2667 125%
c
c   seconds    switched        rate             size/glue  tier1     binary         remaining
c           MB    reductions      conflicts           size   tier2       irredundant
c            level       restarts         redundant      glue    trail         variables
c
c v 1469.66 54 19 106 961 430860 2 19854668 109829 1.7 17 10 5 12 47% 36619 10682 2667 125%
c w 1470.03 54 19 106 961 430860 2 19854668 109180 1.7 17 10 5 12 47% 36619 10682 2667 125%
c - 1471.41 54 18 106 962 431597 2 19877206 103517 1.7 17 10 5 12 47% 36619 10682 2667 125%
c - 1473.35 54 19 106 963 432894 2 19908224 107159 1.7 17 11 5 12 47% 36619 10682 2667 125%
c - 1475.27 54 19 106 964 434041 2 19939257 108251 1.7 18 11 5 12 47% 36619 10682 2667 125%
c } 1476.06 54 19 107 964 434473 2 19952310 120203 1.7 18 11 5 12 47% 36619 10682 2667 125%
c [ 1476.06 54 60 107 964 434473 1 19952310 120203 1.6 34 22 6 16 48% 36619 10682 2667 125%
c I 1476.06 54 60 107 964 434473 1 19952310 120203 1.6 34 22 6 16 48% 36619 10682 2667 125%
c - 1477.26 54 55 107 965 434484 1 19970306 105832 1.6 33 21 6 16 48% 36619 10682 2667 125%
c o 1478.60 54 49 107 965 434493 1 19991276 125380 1.6 31 19 6 16 48% 36619 10682 2667 125%
c - 1479.19 54 50 107 966 434497 1 20001370 101126 1.6 31 19 6 16 48% 36619 10682 2667 125%
c - 1481.28 54 43 107 967 434503 1 20032451 98846 1.6 30 18 6 16 49% 36619 10682 2667 125%
c - 1483.48 54 37 107 968 434518 1 20063547 101484 1.7 28 17 6 16 49% 36619 10682 2667 125%
c - 1485.72 54 34 107 969 434533 1 20094659 102678 1.7 27 16 6 16 48% 36619 10682 2667 125%
c - 1488.05 54 32 107 970 434535 1 20125787 97562 1.7 27 16 6 16 48% 36619 10682 2667 125%
c - 1490.48 54 31 107 971 434541 1 20156932 94039 1.7 28 16 6 16 48% 36619 10682 2667 125%
c - 1492.94 54 29 107 972 434556 1 20188092 95982 1.7 27 16 6 16 48% 36619 10682 2667 125%
c - 1495.38 54 27 107 973 434566 1 20219268 100961 1.7 27 16 6 16 48% 36619 10682 2667 125%
c - 1497.79 54 26 107 974 434579 1 20250460 102854 1.7 27 15 6 16 48% 36619 10682 2667 125%
c - 1500.19 54 25 107 975 434593 1 20281669 103653 1.7 27 15 6 16 48% 36619 10682 2667 125%
c
c   seconds    switched        rate             size/glue  tier1     binary         remaining
c           MB    reductions      conflicts           size   tier2       irredundant
c            level       restarts         redundant      glue    trail         variables
c
c - 1502.72 54 24 107 976 434597 1 20312894 105181 1.8 26 15 6 16 48% 36619 10682 2667 125%
c u 1505.29 54 23 107 976 434598 1 20330525 116503 1.8 26 14 6 16 48% 36619 10682 2667 125%
c v 1506.64 71 23 107 976 434598 1 20330525 109556 1.8 26 14 6 16 48% 36619 10682 2667 125%
c w 1507.11 73 23 107 976 434598 1 20330525 99234 1.8 26 14 6 16 48% 36619 10682 2667 125%
c - 1508.11 62 23 107 977 434598 1 20344135 91372 1.8 26 14 6 16 48% 36619 10682 2667 125%
c - 1510.23 65 24 107 978 434599 1 20375392 98615 1.8 26 14 6 16 48% 36619 10682 2667 125%
c - 1512.68 65 24 107 979 434599 1 20406665 100634 1.9 26 14 6 16 48% 36619 10682 2667 125%
c ] 1513.06 61 24 108 979 434600 1 20411921 105719 1.9 27 14 6 16 48% 36619 10682 2667 125%
c { 1513.06 61 19 108 979 434600 2 20411921 105719 1.7 18 11 5 12 47% 36619 10682 2667 125%
c - 1514.89 65 19 108 980 435335 2 20437953 104152 1.7 18 10 5 12 47% 36619 10682 2667 125%
c - 1516.83 65 18 108 981 436186 2 20469258 107319 1.7 17 10 5 12 47% 36619 10682 2667 125%
c - 1518.83 65 18 108 982 437428 2 20500578 109251 1.7 17 10 5 12 47% 36619 10682 2667 125%
c - 1520.89 65 19 108 983 438740 2 20531914 110081 1.7 18 10 5 12 47% 36619 10682 2667 125%
c - 1522.76 65 18 108 984 439606 2 20563266 110619 1.7 18 10 5 12 47% 36619 10682 2667 125%
c o 1524.49 65 18 108 984 440330 2 20591278 135547 1.7 17 10 5 12 47% 36619 10682 2667 125%
c - 1524.72 65 18 108 985 440445 2 20594634 110398 1.7 17 10 5 12 47% 36619 10682 2667 125%
c - 1526.73 65 18 108 986 441856 2 20626018 110290 1.7 17 10 5 12 47% 36619 10682 2667 125%
c - 1528.62 65 18 108 987 442717 2 20657420 111001 1.7 17 10 5 12 47% 36619 10682 2667 125%
c - 1530.58 65 18 108 988 443896 2 20688836 111301 1.7 17 10 5 12 47% 36619 10682 2667 125%
c - 1532.49 65 18 108 989 444804 2 20720269 111429 1.7 17 10 5 12 47% 36619 10682 2667 125%
c
c   seconds    switched        rate             size/glue  tier1     binary         remaining
c           MB    reductions      conflicts           size   tier2       irredundant
c            level       restarts         redundant      glue    trail         variables
c
c - 1534.68 65 18 108 990 445855 2 20751718 111445 1.7 17 10 5 12 47% 36619 10682 2667 125%
c - 1536.66 67 18 108 991 446856 2 20783183 111868 1.7 17 10 5 12 47% 36619 10682 2667 125%
c u 1539.40 67 18 108 991 448051 2 20812524 132014 1.7 17 10 5 12 47% 36619 10682 2667 125%
c v 1540.49 69 18 108 991 448051 2 20812524 125289 1.7 17 10 5 12 47% 36619 10682 2667 125%
c w 1540.88 69 18 108 991 448051 2 20812524 124568 1.7 17 10 5 12 47% 36619 10682 2667 125%
c - 1541.06 62 18 108 992 448115 2 20814666 100536 1.7 17 10 5 12 47% 36619 10682 2667 125%
c - 1542.85 65 17 108 993 448725 2 20846163 104172 1.7 17 10 5 12 47% 36619 10682 2667 125%
c - 1544.84 65 18 108 994 450218 2 20877675 106918 1.6 17 10 5 12 47% 36619 10682 2667 125%
c - 1546.87 65 18 108 995 451871 2 20909202 107985 1.6 17 10 5 12 47% 36619 10682 2667 125%
c - 1548.82 65 18 108 996 453008 2 20940746 108614 1.7 17 10 5 12 47% 36619 10682 2667 125%
c - 1550.83 67 19 108 997 454430 3 20972305 109419 1.7 17 10 5 12 47% 36619 10682 2667 125%
c } 1551.21 65 19 109 997 454792 3 20977961 114638 1.7 17 10 5 12 47% 36619 10682 2667 125%
c [ 1551.21 65 24 109 997 454792 1 20977961 114638 1.9 27 14 6 16 48% 36619 10682 2667 125%
c B 1551.21 65 24 109 997 454792 1 20977961 114638 1.9 27 14 6 16 48% 36619 10682 2667 125%
c - 1552.78 67 24 109 998 454806 1 21003880 108496 1.9 27 14 6 16 48% 36619 10682 2667 125%
c - 1554.87 65 24 109 999 454821 1 21035472 105585 1.9 27 14 6 16 48% 36619 10682 2667 125%
c - 1557.22 65 25 109 1000 454828 1 21067079 103270 1.9 27 14 6 16 48% 36619 10682 2667 125%
c - 1559.79 62 24 109 1001 454842 1 21098701 106389 2.0 28 14 6 16 48% 36619 10682 2667 125%
c - 1562.53 65 24 109 1002 454853 1 21130340 109745 2.0 28 14 6 16 48% 36619 10682 2667 125%
c - 1565.05 62 25 109 1003 454854 1 21161994 108009 2.0 28 14 6 16 48% 36619 10682 2667 125%
c
c   seconds    switched         rate             size/glue  tier1     binary         remaining
c           MB     reductions      conflicts           size   tier2       irredundant
c            level        restarts         redundant      glue    trail         variables
c
c - 1567.54 67 24 109 1004 454867 1 21193664 108006 2.0 28 14 6 16 48% 36619 10682 2667 125%
c - 1569.92 61 24 109 1005 454881 1 21225349 105362 2.0 28 14 6 16 48% 36619 10682 2667 125%
c - 1572.39 65 24 109 1006 454886 1 21257050 104555 2.0 28 14 6 16 48% 36619 10682 2667 125%
c - 1574.96 62 23 109 1007 454900 1 21288769 108587 2.0 28 14 6 16 48% 36619 10682 2667 125%
c u 1576.91 69 23 109 1007 454907 1 21300660 115041 2.0 28 14 6 16 49% 36619 10682 2667 125%
c v 1578.44 70 23 109 1007 454907 1 21300660 113611 2.0 28 14 6 16 49% 36619 10682 2667 125%
c w 1578.99 73 23 109 1007 454907 1 21300660 99480 2.0 28 14 6 16 49% 36619 10682 2667 125%
c o 1579.02 73 23 109 1007 454907 1 21300660 99480 2.0 28 14 6 16 49% 36619 10682 2667 125%
c - 1580.32 65 24 109 1008 454915 1 21320502 95645 1.9 27 14 6 16 48% 36619 10682 2667 125%
c - 1582.54 65 23 109 1009 454917 1 21352252 103853 1.9 26 14 6 16 48% 36619 10682 2667 125%
c - 1584.76 65 25 109 1010 454918 1 21384017 103563 1.9 27 14 6 16 48% 36619 10682 2667 125%
c - 1587.22 61 26 109 1011 454918 1 21415799 97458 1.8 27 15 6 16 47% 36619 10682 2667 125%
c - 1589.78 62 27 109 1012 454925 1 21447595 97014 1.8 28 15 6 16 47% 36619 10682 2667 125%
c ] 1590.08 61 27 110 1012 454928 1 21451655 100843 1.8 28 15 6 16 47% 36619 10682 2667 125%
c { 1590.08 61 19 110 1012 454928 3 21451655 100843 1.7 17 10 5 12 47% 36619 10682 2667 125%
c - 1591.85 62 19 110 1013 455815 3 21479407 103653 1.7 18 10 5 12 47% 36619 10682 2667 125%
c - 1593.89 65 19 110 1014 457045 2 21511234 112273 1.7 18 10 5 12 47% 36619 10682 2667 125%
c - 1595.89 67 19 110 1015 458083 2 21543077 114768 1.7 18 10 5 12 47% 36619 10682 2667 125%
c - 1597.85 65 18 110 1016 458951 2 21574937 115481 1.7 18 10 5 12 47% 36619 10682 2667 125%
c - 1599.85 67 18 110 1017 459957 2 21606812 115865 1.7 17 10 5 12 47% 36619 10682 2667 125%
c
c   seconds    switched         rate             size/glue  tier1     binary         remaining
c           MB     reductions      conflicts           size   tier2       irredundant
c            level        restarts         redundant      glue    trail         variables
c
c - 1601.94 65 18 110 1018 461356 2 21638703 115939 1.7 17 10 5 12 47% 36619 10682 2667 125%
c - 1603.97 67 18 110 1019 462065 2 21670610 115953 1.7 17 10 5 12 47% 36619 10682 2667 125%
c - 1606.29 65 18 110 1020 463375 2 21702531 116096 1.7 17 10 5 12 47% 36619 10682 2667 125%
c - 1608.39 65 18 110 1021 464769 2 21734470 116463 1.7 17 10 5 12 47% 36619 10682 2667 125%
c - 1610.46 65 18 110 1022 466064 2 21766424 117217 1.7 17 10 5 12 47% 36619 10682 2667 125%
c u 1613.31 67 18 110 1022 467246 2 21794961 137928 1.7 17 10 5 12 47% 36619 10682 2667 125%
c v 1614.49 69 18 110 1022 467246 2 21794961 129368 1.7 17 10 5 12 47% 36619 10682 2667 125%
c w 1614.91 69 18 110 1022 467246 2 21794961 128723 1.7 17 10 5 12 47% 36619 10682 2667 125%
c - 1615.20 65 18 110 1023 467488 2 21798393 106904 1.7 17 10 5 12 47% 36619 10682 2667 125%
c - 1617.16 65 18 110 1024 468613 2 21830378 110613 1.7 17 10 5 12 47% 36619 10682 2667 125%
c - 1619.18 65 18 110 1025 469702 2 21862378 113663 1.7 17 10 5 12 47% 36619 10682 2667 125%
c - 1621.19 65 18 110 1026 470805 2 21894393 114264 1.7 17 10 5 12 47% 36619 10682 2667 125%
c o 1622.82 67 18 110 1026 471620 2 21920879 137810 1.7 17 10 5 12 47% 36619 10682 2667 125%
c - 1623.18 65 18 110 1027 471827 2 21926426 113713 1.7 17 10 5 12 47% 36619 10682 2667 125%
c - 1625.17 67 18 110 1028 472764 2 21958472 113914 1.7 17 10 5 12 46% 36619 10682 2667 125%
c - 1627.50 67 18 110 1029 474346 2 21990534 115142 1.7 17 10 5 12 47% 36619 10682 2667 125%
c - 1629.69 65 18 110 1030 475660 2 22022615 116422 1.7 17 10 5 12 47% 36619 10682 2667 125%
c } 1630.61 65 18 111 1030 476137 2 22036993 129637 1.7 17 10 5 12 47% 36619 10682 2667 125%
c [ 1630.61 65 27 111 1030 476137 1 22036993 129637 1.8 28 15 6 16 47% 36619 10682 2667 125%
c W 1638.74 55 27 111 1030 476137 1 22036993 129637 1.8 28 15 6 16 47% 36619 10682 2667 125%
c
c   seconds    switched         rate             size/glue  tier1     binary         remaining
c           MB     reductions      conflicts           size   tier2       irredundant
c            level        restarts         redundant      glue    trail         variables
c
c - 1639.81 55 26 111 1031 476148 1 22054709 116521 1.8 27 15 6 16 47% 36619 10682 2667 125%
c - 1642.00 55 24 111 1032 476162 1 22086820 115430 1.8 26 14 6 16 47% 36619 10682 2667 125%
c - 1644.39 55 22 111 1033 476167 1 22118945 116337 1.9 26 14 6 16 48% 36619 10682 2667 125%
c - 1646.81 55 21 111 1034 476182 1 22151085 118171 1.9 25 13 6 16 48% 36619 10682 2667 125%
c - 1649.51 55 20 111 1035 476197 1 22183240 118903 1.9 24 13 6 16 48% 36619 10682 2667 125%
c - 1652.15 55 20 111 1036 476199 1 22215412 119598 1.9 25 13 6 16 48% 36619 10682 2667 125%
c - 1655.01 55 20 111 1037 476208 1 22247599 118437 1.9 25 13 6 16 48% 36619 10682 2667 125%
c - 1657.93 55 20 111 1038 476222 1 22279802 119594 2.0 25 13 6 16 49% 36619 10682 2667 125%
c u 1660.33 55 19 111 1038 476229 1 22295426 129143 2.0 25 13 6 16 49% 36619 10682 2667 125%
c v 1661.76 73 19 111 1038 476229 1 22295426 113064 2.0 25 13 6 16 49% 36619 10682 2667 125%
c w 1662.27 73 19 111 1038 476229 1 22295426 94281 2.0 25 13 6 16 49% 36619 10682 2667 125%
c - 1663.54 61 21 111 1039 476230 1 22312020 90979 1.9 25 13 6 16 48% 36619 10682 2667 125%
c - 1666.29 65 22 111 1040 476245 1 22344253 99893 1.9 26 14 6 16 48% 36619 10682 2667 125%
c - 1669.29 65 22 111 1041 476260 1 22376503 106158 1.9 26 14 6 16 48% 36619 10682 2667 125%
c - 1672.00 67 22 111 1042 476262 1 22408767 109633 1.9 27 14 6 16 48% 36619 10682 2667 125%
c - 1674.70 62 22 111 1043 476263 1 22441048 109070 2.0 28 14 6 16 48% 36619 10682 2667 125%
c - 1677.61 67 21 111 1044 476263 1 22473344 110967 2.0 28 14 6 16 49% 36619 10682 2667 125%
c ] 1679.63 65 22 112 1044 476264 1 22496468 132704 2.0 28 14 6 16 48% 36619 10682 2667 125%
c { 1679.63 65 18 112 1044 476264 2 22496468 132704 1.7 17 10 5 12 47% 36619 10682 2667 125%
c - 1680.29 62 18 112 1045 476516 2 22505654 112750 1.7 17 10 5 12 47% 36619 10682 2667 125%
c
c   seconds    switched         rate             size/glue  tier1     binary         remaining
c           MB     reductions      conflicts           size   tier2       irredundant
c            level        restarts         redundant      glue    trail         variables
c
c - 1682.53 65 18 112 1046 477659 2 22537981 115064 1.7 17 10 5 12 47% 36619 10682 2667 125%
c o 1683.45 65 18 112 1046 478084 2 22550908 126723 1.7 17 10 5 12 47% 36619 10682 2667 125%
c - 1684.90 67 18 112 1047 478832 2 22570322 119077 1.7 17 10 5 12 47% 36619 10682 2667 125%
c - 1687.01 67 18 112 1048 479935 2 22602679 120051 1.7 17 10 5 12 47% 36619 10682 2667 125%
c - 1689.13 65 18 112 1049 481185 2 22635051 120542 1.7 17 10 5 12 47% 36619 10682 2667 125%
c - 1691.59 65 18 112 1050 482675 2 22667440 120800 1.6 17 10 5 12 47% 36619 10682 2667 125%
c - 1693.71 67 18 112 1051 483848 2 22699843 120938 1.6 17 10 5 12 47% 36619 10682 2667 125%
c - 1695.82 65 18 112 1052 484946 2 22732262 121275 1.7 17 10 5 12 47% 36619 10682 2667 125%
c - 1697.94 67 18 112 1053 486179 2 22764697 121709 1.7 17 10 5 12 47% 36619 10682 2667 125%
c - 1700.07 65 18 112 1054 487453 2 22797147 121487 1.6 17 10 5 12 47% 36619 10682 2667 125%
c u 1701.48 55 18 112 1054 487663 2 22802056 119704 1.6 17 10 5 12 47% 36619 10682 2667 125%
c v 1702.77 55 18 112 1054 487663 2 22802056 110553 1.6 17 10 5 12 47% 36619 10682 2667 125%
c w 1703.22 55 18 112 1054 487663 2 22802056 109611 1.6 17 10 5 12 47% 36619 10682 2667 125%
c - 1710.73 55 18 112 1055 488468 2 22829612 110460 1.7 17 10 5 12 47% 36619 10682 2667 125%
c - 1712.74 55 18 112 1056 489691 2 22862093 114252 1.7 17 10 5 12 47% 36619 10682 2667 125%
c - 1714.93 55 18 112 1057 490993 2 22894589 116048 1.7 17 10 5 12 47% 36619 10682 2667 125%
c - 1717.12 55 18 112 1058 492360 2 22927100 117159 1.7 17 10 5 12 47% 36619 10682 2667 125%
c - 1719.17 55 18 112 1059 493422 2 22959626 117295 1.6 17 10 5 12 47% 36619 10682 2667 125%
c - 1721.19 55 18 112 1060 494378 2 22992168 117225 1.6 17 10 5 12 47% 36619 10682 2667 125%
c - 1723.35 55 18 112 1061 495570 2 23024725 117673 1.7 17 10 5 12 47% 36619 10682 2667 125%
c
c   seconds    switched         rate             size/glue  tier1     binary         remaining
c           MB     reductions      conflicts           size   tier2       irredundant
c            level        restarts         redundant      glue    trail         variables
c
c - 1725.65 55 18 112 1062 496879 2 23057298 118458 1.7 17 10 5 12 47% 36619 10682 2667 125%
c - 1727.66 55 18 112 1063 497879 2 23089886 119314 1.7 17 10 5 12 46% 36619 10682 2667 125%
c } 1728.41 55 18 113 1063 498340 2 23101385 129696 1.7 17 10 5 12 46% 36619 10682 2667 125%
c [ 1728.41 55 22 113 1063 498340 1 23101385 129696 2.0 28 14 6 16 48% 36619 10682 2667 125%
c O 1728.41 55 22 113 1063 498340 1 23101385 129696 2.0 28 14 6 16 48% 36619 10682 2667 125%
c - 1729.78 55 21 113 1064 498353 1 23122489 119250 1.9 27 14 6 16 49% 36619 10682 2667 125%
c - 1732.17 55 20 113 1065 498368 1 23155110 119986 2.0 26 13 6 16 48% 36619 10682 2667 125%
c - 1734.68 55 22 113 1066 498374 1 23187747 117115 1.9 27 14 6 16 48% 36619 10682 2667 125%
c - 1737.52 55 22 113 1067 498389 1 23220396 112406 1.9 27 14 6 16 48% 36619 10682 2667 125%
c - 1740.45 55 21 113 1068 498401 1 23253061 117532 2.0 26 13 6 16 48% 36619 10682 2667 125%
c - 1743.37 55 21 113 1069 498402 1 23285741 122785 2.0 26 13 6 16 48% 36619 10682 2667 125%
c u 1746.75 73 20 113 1069 498413 1 23314879 146766 2.0 25 13 6 15 48% 36619 10682 2667 125%
c v 1747.85 75 20 113 1069 498413 1 23314879 140813 2.0 25 13 6 15 48% 36619 10682 2667 125%
c w 1748.24 75 20 113 1069 498413 1 23314879 135685 2.0 25 13 6 15 48% 36619 10682 2667 125%
c o 1748.37 75 20 113 1069 498413 1 23314879 135685 2.0 25 13 6 15 48% 36619 10682 2667 125%
c - 1748.62 65 22 113 1070 498415 1 23318437 113732 2.0 25 13 6 15 48% 36619 10682 2667 125%
c - 1750.79 67 23 113 1071 498430 1 23351147 111004 1.9 27 14 6 15 49% 36619 10682 2667 125%
c - 1753.08 67 24 113 1072 498436 1 23383873 106719 1.9 27 14 6 15 49% 36619 10682 2667 125%
c - 1755.60 65 24 113 1073 498451 1 23416614 107688 1.9 28 15 6 16 50% 36619 10682 2667 125%
c - 1758.06 65 25 113 1074 498464 1 23449371 106169 1.9 29 15 6 16 51% 36619 10682 2667 125%
c
c   seconds    switched         rate             size/glue  tier1     binary         remaining
c           MB     reductions      conflicts           size   tier2       irredundant
c            level        restarts         redundant      glue    trail         variables
c
c - 1760.57 65 25 113 1075 498465 1 23482143 107560 1.9 29 15 6 16 51% 36619 10682 2667 125%
c - 1763.22 65 28 113 1076 498466 1 23514933 105235 1.9 31 16 6 16 51% 36619 10682 2667 125%
c - 1765.98 65 28 113 1077 498466 1 23547735 99652 1.9 31 17 6 16 51% 36619 10682 2667 125%
c - 1768.51 61 29 113 1078 498479 1 23580552 101594 1.8 31 17 6 16 51% 36619 10682 2667 125%
c B 1770.07 65 28 113 1078 498488 1 23601879 122143 1.8 31 17 6 16 51% 36619 10682 2667 125%
c ] 1770.31 62 29 114 1078 498488 1 23605161 125361 1.8 31 17 6 16 51% 36619 10682 2667 125%
c { 1770.31 62 18 114 1078 498488 2 23605161 125361 1.7 17 10 5 12 46% 36619 10682 2667 125%
c - 1770.81 65 17 114 1079 498493 2 23613384 103450 1.6 17 10 5 12 46% 36619 10682 2667 125%
c - 1772.77 65 15 114 1080 498493 2 23646233 108930 1.6 16 9 5 12 46% 36619 10682 2667 125%
c - 1774.82 65 14 114 1081 498498 2 23679097 113412 1.6 15 9 5 12 46% 36619 10682 2667 125%
c - 1776.92 65 13 114 1082 498727 2 23711975 115348 1.6 14 9 5 12 46% 36619 10682 2667 125%
c - 1779.03 67 12 114 1083 499293 1 23744868 119151 1.6 14 9 5 12 46% 36619 10682 2667 125%
c - 1781.24 67 12 114 1084 500112 1 23777776 123460 1.6 14 9 5 12 46% 36619 10682 2667 125%
c - 1783.45 65 11 114 1085 500848 1 23810701 125182 1.6 14 9 5 12 46% 36619 10682 2667 125%
c u 1786.15 69 11 114 1085 501503 1 23833917 134355 1.6 14 9 5 12 46% 36619 10682 2667 125%
c v 1787.47 69 11 114 1085 501503 1 23833917 124469 1.6 14 9 5 12 46% 36619 10682 2667 125%
c w 1787.83 69 11 114 1085 501503 1 23833917 124352 1.6 14 9 5 12 46% 36619 10682 2667 125%
c - 1788.52 65 11 114 1086 501793 1 23843640 107456 1.6 14 9 5 12 46% 36619 10682 2667 125%
c - 1790.81 65 11 114 1087 502716 1 23876597 111022 1.6 14 9 5 11 46% 36619 10682 2667 125%
c - 1793.08 67 11 114 1088 503692 1 23909566 115157 1.6 14 9 5 11 47% 36619 10682 2667 125%
c
c   seconds    switched         rate             size/glue tier1     binary         remaining
c           MB     reductions      conflicts           size  tier2       irredundant
c            level        restarts         redundant     glue    trail         variables
c
c - 1795.29 65 11 114 1089 504540 1 23942550 117082 1.6 14 9 5 11 47% 36619 10682 2667 125%
c o 1796.78 65 11 114 1089 505088 1 23965922 136060 1.6 14 9 5 11 47% 36619 10682 2667 125%
c - 1797.41 67 11 114 1090 505274 1 23975551 118004 1.6 14 9 5 11 47% 36619 10682 2667 125%
c - 1799.60 67 11 114 1091 506181 1 24008566 118071 1.6 14 9 5 11 47% 36619 10682 2667 125%
c caught signal 15 (SIGTERM)
c
c ---- [ profiling ] ---------------------------------------------------------
c
c        1596.85   88.72 %  search
c         819.66   45.54 %  focused
c         777.19   43.18 %  stable
c         202.89   11.27 %  simplify
c         153.64    8.54 %  probe
c         130.45    7.25 %  vivify
c          49.18    2.73 %  walking
c          19.89    1.11 %  sweep
c          16.40    0.91 %  reduce
c           1.54    0.09 %  substitute
c           1.29    0.07 %  transitive
c           0.20    0.01 %  backbone
c           0.20    0.01 %  factor
c           0.18    0.01 %  eliminate
c           0.11    0.01 %  preprocess
c           0.06    0.00 %  congruence
c           0.02    0.00 %  subsume
c           0.01    0.00 %  fastel
c           0.00    0.00 %  parse
c           0.00    0.00 %  lucky
c =============================================
c        1799.86  100.00 %  total
c
c ---- [ statistics ] --------------------------------------------------------
c
c chronological:                           70                0 %  conflicts
c conflicts:                         24012232            13341.19 per second
c decisions:                         48576272                2.02 per conflict
c eliminated:                            6446              302 %  variables
c factored:                              6989              328 %  variables
c fast_eliminated:                       2274               35 %  eliminated
c fast_strengthened:                        1                0 %  per strengthened
c propagations:                    8410799178          4673040    per second
c reductions:                            1091            22009    interval
c reordered:                               66           363822    interval
c rephased:                                73           328935    interval
c restarts:                            506333               47    interval
c strengthened:                          4759                1 %  checks
c switched:                               114           210634    interval
c vivified:                           1246998               55 %  checks
c walks:                                   24          1000510    interval
c
c ---- [ proof ] -------------------------------------------------------------
c
c proof_added:                       24543556               50 %  per line
c proof_bytes:                     2246049792             2142 MB 
c proof_deleted:                     24460033               50 %  per line
c
c ---- [ glue usage ] --------------------------------------------------------
c
c focused glue 5   used 1208274 clauses  3.89% accumulated 52.64% tier1
c focused glue 6   used 1408151 clauses  4.53% accumulated 57.17%
c focused glue 7-9 used 6589269 clauses 21.21% accumulated 78.38%
c focused glue 10  used 2105793 clauses  6.78% accumulated 85.16%
c focused glue 11  used 1536711 clauses  4.95% accumulated 90.10% tier2
c
c stable glue 6    used  2829204 clauses  6.42% accumulated 54.33% tier1
c stable glue 7    used  2409210 clauses  5.46% accumulated 59.80%
c stable glue 8-14 used 12228227 clauses 27.73% accumulated 87.53%
c stable glue 15   used  1045462 clauses  2.37% accumulated 89.90%
c stable glue 16   used   870030 clauses  1.97% accumulated 91.87% tier2
c
c ---- [ resources ] ---------------------------------------------------------
c
c maximum-resident-set-size:         78073856 bytes         74 MB
c process-time:                            30m            1799.86 seconds
c raising signal 15 (SIGTERM)
