c ---- [ banner ] ------------------------------------------------------------
c
c Kissat SAT Solver
c 
c Copyright (c) 2021-2024 Armin Biere University of Freiburg
c Copyright (c) 2019-2021 Armin Biere Johannes Kepler University Linz
c 
c Version 4.0.0 unknown
c gcc (Ubuntu 13.3.0-6ubuntu2~24.04.1) 13.3.0 -W -Wall -O3 -DNDEBUG
c Mon Aug 3 21:56:23 UTC 2026 Linux runnervmvrwv9 6.17.0-1020-azure x86_64
c
c ---- [ proving ] -----------------------------------------------------------
c
c opened and writing proof to DRAT file:
c
c   borsuk_11_k6_q00r00_sixth_base_colorability_screen/work/results/q00r00-s032/q00r00-s032.drat
c
c ---- [ parsing ] -----------------------------------------------------------
c
c opened and reading DIMACS file:
c
c   borsuk_11_k6_q00r00_sixth_base_colorability_screen/work/input/instances/cases/q00r00-s032/q00r00-s032_12color.cnf
c
c parsed 'p cnf 2094 83582' header
c closing input after reading 1093496 bytes (1 MB)
c finished parsing after 0.01 seconds
c
c ---- [ solving ] -----------------------------------------------------------
c
c  seconds switched rate     size/glue tier1  binary       remaining
c         MB reductions conflicts size  tier2    irredundant
c          level restarts redundant glue  trail       variables
c
c *  0.01  5 0 0 0  0 0   0   0 0.0 0 0 0 0 0% 83299 274 2085 100%
c (  0.01  5 0 0 0  0 0   0   0 0.0 0 0 0 0 0% 83299 274 2085 100%
c .  0.01  5 0 0 0  0 0   0   0 0.0 0 0 0 0 0% 83299 274 2085 100%
c f  0.14  7 0 0 0  0 0   0   0 0.0 0 0 0 0 0% 35834 274 7033 336%
c e  0.15  7 0 0 0  0 0   0   0 0.0 0 0 0 0 0% 37800 957 4684 224%
c )  0.15  7 0 0 0  0 0   0   0 0.0 0 0 0 0 0% 37800 957 4684 224%
c {  0.15  7 0 0 0  0 0   0   0 0.0 0 0 2 6 0% 37800 957 4684 224%
c -  0.18  7 26 0 1 36 4 1001 723 1.6 21 13 12 17 40% 37800 957 4684 224%
c }  0.18  7 26 1 1 36 4 1001 723 1.6 21 13 12 17 40% 37800 957 4684 224%
c [  0.18  7 0 1 1 36 0 1001 723 0.0 0 0 2 6 0% 37800 957 4684 224%
c B  0.18  7 0 1 1 36 0 1001 723 0.0 0 0 2 6 0% 37800 957 4684 224%
c ]  0.21  7 70 2 1 36 1 1896 1585 1.5 20 13 2 6 38% 37800 957 4684 224%
c {  0.21  7 26 2 1 36 4 1896 1585 1.6 21 13 12 17 40% 37800 957 4684 224%
c -  0.21  7 30 2 2 36 3 2001 1251 1.6 21 13 12 17 40% 37800 957 4684 224%
c u  0.24  7 40 2 2 36 3 2577 1816 1.7 21 13 12 17 39% 37800 957 4684 224%
c v  0.24  7 40 2 2 36 3 2577 1813 1.7 21 13 12 17 39% 37800 957 4684 224%
c f  0.27  8 40 2 2 36 3 2577 1813 1.7 21 13 12 17 39% 34697 957 6789 324%
c u  0.29  8 40 2 2 36 3 2577 1802 1.7 21 13 12 17 39% 34697 957 6789 324%
c v  0.29  8 40 2 2 36 3 2577 1797 1.7 21 13 12 17 39% 34697 957 6789 324%
c }  0.33  8 37 3 2 42 2 2896 2104 1.6 21 13 12 17 38% 34697 957 6789 324%
c
c  seconds  switched rate       size/glue  tier1    binary       remaining
c         MB reductions conflicts     size   tier2     irredundant
c          level restarts  redundant     glue   trail       variables
c
c [  0.34  8 70 3 2 42 1 2896 2104 1.5 20 13 2 6 38% 34697 957 6789 324%
c W  0.34  8 70 3 2 42 1 2896 2104 1.5 20 13 2 6 38% 34697 957 6789 324%
c -  0.36  8 53 3 3 42 1 3416 2461 1.6 21 14 13 17 35% 34697 957 6789 324%
c ]  0.37  8 47 4 3 42 1 3771 2806 1.6 21 14 13 17 34% 34697 957 6789 324%
c {  0.37  8 37 4 3 42 2 3771 2806 1.6 21 13 12 17 38% 34697 957 6789 324%
c -  0.42  8 30 4 4 58 2 5148 3731 1.6 19 12 11 15 33% 34697 957 6789 324%
c }  0.46  9 27 5 4 60 2 6124 4553 1.6 19 12 10 15 32% 34697 957 6789 324%
c [  0.46  9 47 5 4 60 1 6124 4553 1.6 21 14 13 17 34% 34697 957 6789 324%
c I  0.46  9 47 5 4 60 1 6124 4553 1.6 21 14 13 17 34% 34697 957 6789 324%
c -  0.49 10 53 5 5 60 1 7149 4682 1.7 23 14 12 18 33% 34697 957 6789 324%
c u  0.54 10 47 5 5 61 1 7968 5451 1.7 23 14 12 18 32% 34697 957 6789 324%
c v  0.54 10 47 5 5 61 1 7968 5440 1.7 23 14 12 18 32% 34697 957 6789 324%
c w  0.55 11 47 5 5 61 1 7968 5392 1.7 23 14 12 18 32% 34697 957 6789 324%
c ]  0.57 11 43 6 5 62 1 8457 5823 1.6 23 14 12 18 32% 34697 957 6789 324%
c {  0.57 11 27 6 5 62 2 8457 5823 1.6 19 12 10 15 32% 34697 957 6789 324%
c -  0.61 11 30 6 6 95 2 9386 5769 1.6 19 12 10 15 32% 34697 957 6789 324%
c o  0.65 10 32 6 6 97 2 10349 6642 1.6 19 12 10 15 31% 34697 957 6789 324%
c -  0.71 10 37 6 7 195 3 11835 7208 1.6 19 12 10 14 31% 34697 957 6789 324%
c }  0.74 10 38 7 7 219 3 12528 7861 1.6 19 12 10 14 31% 34697 957 6789 324%
c [  0.74 10 43 7 7 219 1 12528 7861 1.6 23 14 12 18 32% 34697 957 6789 324%
c
c  seconds  switched  rate        size/glue  tier1      binary       remaining
c         MB reductions conflicts       size    tier2      irredundant
c          level restarts    redundant     glue     trail       variables
c
c B  0.74 10 43 7 7 219 1 12528 7861 1.6 23 14 12 18 32% 34697 957 6789 324%
c e  0.77 11 41 7 7 219 1 12881 8160 1.6 22 14 12 18 32% 31492 3588 6444 308%
c ^  0.77 11 41 7 7 219 1 12881 8160 1.6 22 14 12 18 32% 31492 3588 6444 308%
c -  0.84  9 34 7 8 220 1 14480 3478 1.6 21 13 11 17 31% 31492 3588 6444 308%
c ]  0.91  9 31 8 8 221 1 16172 5026 1.6 21 13 11 17 31% 31492 3588 6444 308%
c {  0.91  9 38 8 8 221 3 16172 5026 1.6 19 12 10 14 31% 31492 3588 6444 308%
c u  0.93  9 37 8 8 227 3 16335 5010 1.6 19 12 10 14 31% 31492 3588 6444 308%
c v  0.95  9 37 8 8 227 3 16335 4418 1.6 19 12 10 14 31% 31492 3588 6444 308%
c w  0.95  9 37 8 8 227 3 16335 4233 1.6 19 12 10 14 31% 31492 3588 6444 308%
c f  0.97  9 37 8 8 227 3 16335 4233 1.6 19 12 10 14 31% 31488 3588 6446 308%
c u  0.99  9 37 8 8 227 3 16335 4159 1.6 19 12 10 14 31% 31488 3588 6446 308%
c v  1.00  9 37 8 8 227 3 16335 4086 1.6 19 12 10 14 31% 31488 3588 6446 308%
c w  1.01  9 37 8 8 227 3 16335 4010 1.6 19 12 10 14 31% 31488 3588 6446 308%
c -  1.11  9 35 8 9 232 3 17309 4580 1.6 18 12 10 14 30% 31488 3588 6446 308%
c -  1.25  9 33 8 10 451 4 20310 6840 1.6 19 12 10 14 30% 31488 3588 6446 308%
c o  1.25  9 33 8 10 472 4 20362 6892 1.6 19 12 10 14 30% 31488 3588 6446 308%
c }  1.35 10 32 9 10 744 4 22331 8770 1.6 19 12 10 14 30% 31488 3588 6446 308%
c [  1.35 10 31 9 10 744 1 22331 8770 1.6 21 13 11 17 31% 31488 3588 6446 308%
c W  1.36 10 31 9 10 744 1 22331 8770 1.6 21 13 11 17 31% 31488 3588 6446 308%
c -  1.41 10 30 9 11 745 1 23473 8699 1.7 22 13 11 16 31% 31488 3588 6446 308%
c
c  seconds  switched   rate         size/glue  tier1      binary        remaining
c         MB  reductions conflicts        size    tier2      irredundant
c          level  restarts     redundant     glue     trail        variables
c
c e  1.54 10 28 9 11 746 1 25847 10872 1.7 22 13 11 16 31% 31220 4924 5065 242%
c ^  1.55 10 28 9 11 746 1 25847 10872 1.7 22 13 11 16 31% 31220 4924 5065 242%
c -  1.59 11 27 9 12 747 1 26791 7154 1.7 22 13 11 16 31% 31220 4924 5065 242%
c u  1.66 11 26 9 12 748 1 27877 8099 1.7 22 13 11 16 31% 31220 4924 5065 242%
c v  1.68 11 26 9 12 748 1 27877 7932 1.7 22 13 11 16 31% 31220 4924 5065 242%
c w  1.68 11 26 9 12 748 1 27877 7757 1.7 22 13 11 16 31% 31220 4924 5065 242%
c f  1.71 11 26 9 12 748 1 27877 7757 1.7 22 13 11 16 31% 31070 4924 5115 244%
c u  1.74 11 26 9 12 748 1 27877 7627 1.7 22 13 11 16 31% 31070 4924 5115 244%
c v  1.76 11 26 9 12 748 1 27877 7446 1.7 22 13 11 16 31% 31070 4924 5115 244%
c w  1.77 11 26 9 12 748 1 27877 7342 1.7 22 13 11 16 31% 31070 4924 5115 244%
c ]  1.81 11 26 10 12 749 1 28711 8094 1.7 22 13 11 16 31% 31070 4924 5115 244%
c {  1.81 11 32 10 12 749 4 28711 8094 1.6 19 12 10 14 30% 31070 4924 5115 244%
c -  1.88 11 32 10 13 888 4 30256 8448 1.6 19 12 10 14 30% 31070 4924 5115 244%
c -  2.05 11 31 10 14 1264 4 33863 10642 1.6 19 12 10 14 31% 31070 4924 5115 244%
c }  2.21 11 30 11 14 1516 4 37338 13944 1.6 19 12 10 14 32% 31070 4924 5115 244%
c [  2.21 11 26 11 14 1516 1 37338 13944 1.7 22 13 11 16 31% 31070 4924 5115 244%
c O  2.21 11 26 11 14 1516 1 37338 13944 1.7 22 13 11 16 31% 31070 4924 5115 244%
c -  2.22 11 26 11 15 1516 1 37607 12526 1.7 22 13 11 16 31% 31070 4924 5115 244%
c -  2.40 14 24 11 16 1519 1 41479 14139 1.7 22 13 10 16 32% 31070 4924 5115 244%
c u  2.50 14 24 11 16 1520 1 42710 15119 1.7 22 13 10 16 32% 31070 4924 5115 244%
c
c  seconds   switched    rate         size/glue  tier1      binary        remaining
c         MB   reductions  conflicts        size    tier2      irredundant
c          level    restarts     redundant     glue     trail        variables
c
c v  2.52 14 24 11 16 1520 1 42710 15063 1.7 22 13 10 16 32% 31070 4924 5115 244%
c w  2.53 14 24 11 16 1520 1 42710 14729 1.7 22 13 10 16 32% 31070 4924 5115 244%
c o  2.54 14 24 11 16 1520 1 42710 14729 1.7 22 13 10 16 32% 31070 4924 5115 244%
c -  2.67 13 29 11 17 1521 1 45479 14729 1.6 23 14 10 17 32% 31070 4924 5115 244%
c ]  2.69 13 29 12 17 1522 1 45873 15111 1.6 23 14 10 17 33% 31070 4924 5115 244%
c {  2.69 13 30 12 17 1522 4 45873 15111 1.6 19 12 10 14 32% 31070 4924 5115 244%
c -  2.86 14 29 12 18 1767 4 49603 16198 1.7 20 12 10 14 32% 31070 4924 5115 244%
c -  3.06 14 29 12 19 1941 4 53845 18037 1.7 20 12 10 14 32% 31070 4924 5115 244%
c e  3.09 13 29 12 19 1941 4 53900 18092 1.7 20 12 10 14 32% 30563 6167 4488 214%
c ^  3.09 13 29 12 19 1941 4 53900 18092 1.7 20 12 10 14 32% 30563 6167 4488 214%
c }  3.24 14 28 13 19 2145 4 57352 13269 1.7 20 12 10 14 33% 30563 6167 4488 214%
c [  3.24 14 29 13 19 2145 1 57352 13269 1.6 23 14 10 17 33% 30563 6167 4488 214%
c B  3.24 14 29 13 19 2145 1 57352 13269 1.6 23 14 10 17 33% 30563 6167 4488 214%
c -  3.28 14 30 13 20 2145 1 58204 12723 1.6 24 14 10 17 33% 30563 6167 4488 214%
c u  3.45 12 29 13 20 2147 1 60962 15054 1.7 24 14 10 17 33% 30563 6167 4488 214%
c v  3.49 12 29 13 20 2147 1 60962 14992 1.7 24 14 10 17 33% 30563 6167 4488 214%
c w  3.50 12 29 13 20 2147 1 60962 14800 1.7 24 14 10 17 33% 30563 6167 4488 214%
c f  3.63 12 29 13 20 2147 1 60962 14800 1.7 24 14 10 17 33% 30558 6167 4489 214%
c u  3.66 12 29 13 20 2147 1 60962 14772 1.7 24 14 10 17 33% 30558 6167 4489 214%
c v  3.68 12 29 13 20 2147 1 60962 14731 1.7 24 14 10 17 33% 30558 6167 4489 214%
c
c  seconds   switched    rate         size/glue  tier1      binary        remaining
c         MB   reductions  conflicts        size    tier2      irredundant
c          level    restarts     redundant     glue     trail        variables
c
c w  3.69 12 29 13 20 2147 1 60962 14730 1.7 24 14 10 17 33% 30558 6167 4489 214%
c x  3.71 12 29 13 20 2147 1 60962 14727 1.7 24 14 10 17 33% 30558 6167 4489 214%
c -  3.81 13 29 13 21 2149 1 62676 14851 1.7 24 14 10 17 33% 30558 6167 4489 214%
c -  4.04 13 27 13 22 2151 1 67258 16804 1.7 24 14 10 16 34% 30558 6167 4489 214%
c ]  4.09 13 27 14 22 2151 1 68071 17595 1.8 25 14 10 16 34% 30558 6167 4489 214%
c {  4.09 13 28 14 22 2151 4 68071 17595 1.7 20 12 10 14 33% 30558 6167 4489 214%
c -  4.26 13 28 14 23 2278 4 71948 19104 1.7 20 12 10 14 33% 30558 6167 4489 214%
c o  4.30 13 28 14 23 2314 4 72822 19956 1.7 20 12 10 14 33% 30558 6167 4489 214%
c -  4.48 13 28 14 24 2520 4 76744 21078 1.7 21 12 10 14 33% 30558 6167 4489 214%
c -  4.72 13 28 14 25 2889 4 81642 23067 1.8 21 12 10 14 34% 30558 6167 4489 214%
c u  4.81 13 27 14 25 2889 4 82731 23905 1.7 21 12 10 14 34% 30558 6167 4489 214%
c v  4.85 13 27 14 25 2889 4 82731 23738 1.7 21 12 10 14 34% 30558 6167 4489 214%
c w  4.87 13 27 14 25 2889 4 82731 23724 1.7 21 12 10 14 34% 30558 6167 4489 214%
c }  4.88 13 28 15 25 2902 4 82786 23779 1.7 21 12 10 14 34% 30558 6167 4489 214%
c [  4.88 13 27 15 25 2902 1 82786 23779 1.8 25 14 10 16 34% 30558 6167 4489 214%
c W  4.90 13 27 15 25 2902 1 82786 23779 1.8 25 14 10 16 34% 30558 6167 4489 214%
c -  5.09 13 27 15 26 2904 1 86645 24455 1.8 25 14 10 16 35% 30558 6167 4489 214%
c -  5.35 14 25 15 27 2908 1 91745 26340 1.8 25 14 9 16 35% 30558 6167 4489 214%
c ]  5.57 14 25 16 27 2909 1 96045 30295 1.8 25 14 9 16 36% 30558 6167 4489 214%
c {  5.57 14 28 16 27 2909 4 96045 30295 1.7 21 12 10 14 34% 30558 6167 4489 214%
c
c  seconds   switched    rate         size/glue  tier1     binary        remaining
c         MB   reductions  conflicts        size   tier2      irredundant
c          level    restarts     redundant     glue    trail        variables
c
c -  5.63 14 27 16 28 2973 4 96942 24441 1.8 21 12 9 14 34% 30558 6167 4489 214%
c e  5.75 14 27 16 28 3083 4 99036 26398 1.7 21 12 9 14 34% 31712 7662 3661 175%
c ^  5.76 14 27 16 28 3083 4 99036 26398 1.7 21 12 9 14 34% 31712 7662 3661 175%
c -  5.90 15 27 16 29 3172 4 102236 17024 1.7 20 12 9 14 35% 31712 7662 3661 175%
c -  6.14 15 27 16 30 3470 4 107622 19691 1.7 20 12 9 14 35% 31712 7662 3661 175%
c u  6.20 15 27 16 30 3470 4 108172 19990 1.7 20 12 9 14 35% 31712 7662 3661 175%
c v  6.24 15 27 16 30 3470 4 108172 19778 1.7 20 12 9 14 35% 31712 7662 3661 175%
c w  6.25 15 27 16 30 3470 4 108172 19706 1.7 20 12 9 14 35% 31712 7662 3661 175%
c x  6.27 15 27 16 30 3470 4 108172 19703 1.7 20 12 9 14 35% 31712 7662 3661 175%
c o  6.51 15 26 16 30 3597 4 113016 24410 1.7 21 12 9 14 36% 31712 7662 3661 175%
c -  6.52 15 26 16 31 3604 4 113101 21907 1.7 21 12 9 14 36% 31712 7662 3661 175%
c }  6.58 15 26 17 31 3708 4 114383 23145 1.7 21 12 9 14 36% 31712 7662 3661 175%
c [  6.58 15 25 17 31 3708 1 114383 23145 1.8 25 14 9 16 36% 31712 7662 3661 175%
c I  6.58 15 25 17 31 3708 1 114383 23145 1.8 25 14 9 16 36% 31712 7662 3661 175%
c -  6.78 15 28 17 32 3711 1 118671 23216 1.9 26 14 9 16 36% 31712 7662 3661 175%
c -  7.04 15 27 17 33 3714 1 124330 24387 1.9 26 14 9 16 37% 31712 7662 3661 175%
c -  7.32 15 26 17 34 3717 1 130074 26599 1.8 25 13 9 16 37% 31712 7662 3661 175%
c ]  7.40 15 26 18 34 3718 1 131605 28007 1.8 25 13 9 16 37% 31712 7662 3661 175%
c {  7.40 15 26 18 34 3718 4 131605 28007 1.7 21 12 9 14 36% 31712 7662 3661 175%
c -  7.61 15 25 18 35 3720 3 135908 28278 1.7 20 12 9 14 37% 31712 7662 3661 175%
c
c  seconds   switched    rate          size/glue  tier1     binary        remaining
c         MB   reductions  conflicts         size   tier2      irredundant
c          level    restarts      redundant     glue    trail        variables
c
c u  7.73 15 25 18 35 3728 3 137230 29177 1.7 20 12 9 14 37% 31712 7662 3661 175%
c v  7.78 21 25 18 35 3728 3 137230 28416 1.7 20 12 9 14 37% 31712 7662 3661 175%
c w  7.80 21 25 18 35 3728 3 137230 27977 1.7 20 12 9 14 37% 31712 7662 3661 175%
c -  8.02 18 24 18 36 3732 3 141825 28927 1.7 20 12 9 13 37% 31712 7662 3661 175%
c -  8.30 19 23 18 37 3734 3 147825 31384 1.7 20 11 9 13 38% 31712 7662 3661 175%
c -  8.57 19 22 18 38 3735 3 153907 33006 1.7 19 11 9 13 38% 31712 7662 3661 175%
c }  8.58 19 22 19 38 3735 3 153950 33043 1.7 19 11 9 13 38% 31712 7662 3661 175%
c [  8.58 19 26 19 38 3735 1 153950 33043 1.8 25 13 9 16 37% 31712 7662 3661 175%
c B  8.58 19 26 19 38 3735 1 153950 33043 1.8 25 13 9 16 37% 31712 7662 3661 175%
c -  8.88 18 27 19 39 3739 1 160071 33620 1.8 25 14 9 16 38% 31712 7662 3661 175%
c e  9.07 17 26 19 39 3741 1 162889 36191 1.8 25 14 9 16 38% 33484 9720 3048 146%
c ^  9.07 17 26 19 39 3741 1 162889 36191 1.8 25 14 9 16 38% 33484 9720 3048 146%
c -  9.25 19 26 19 40 3742 1 166315 25392 1.9 25 14 9 16 38% 33484 9720 3048 146%
c u  9.51 17 25 19 40 3744 1 170122 28712 1.9 25 13 9 16 39% 33484 9720 3048 146%
c v  9.58 23 25 19 40 3744 1 170122 27359 1.9 25 13 9 16 39% 33484 9720 3048 146%
c w  9.60 23 25 19 40 3744 1 170122 26474 1.9 25 13 9 16 39% 33484 9720 3048 146%
c o  9.90 23 25 19 40 3744 1 170122 26474 1.9 25 13 9 16 39% 33484 9720 3048 146%
c - 10.01 20 26 19 41 3747 1 172639 26121 1.8 25 13 9 16 39% 33484 9720 3048 146%
c ] 10.11 21 25 20 41 3748 1 174629 27908 1.8 24 13 9 16 39% 33484 9720 3048 146%
c { 10.11 21 22 20 41 3748 3 174629 27908 1.7 19 11 9 13 38% 33484 9720 3048 146%
c
c  seconds   switched    rate          size/glue  tier1     binary        remaining
c         MB   reductions  conflicts         size   tier2      irredundant
c          level    restarts      redundant     glue    trail        variables
c
c - 10.33 22 22 20 42 4155 3 179042 29305 1.7 19 11 9 13 38% 33484 9720 3048 146%
c - 10.65 22 22 20 43 4558 3 185522 32315 1.7 19 11 9 13 39% 33484 9720 3048 146%
c - 10.95 22 22 20 44 4884 3 192079 34516 1.7 19 11 9 13 40% 33484 9720 3048 146%
c - 11.27 22 22 20 45 5170 3 198713 36508 1.7 20 11 9 13 40% 33484 9720 3048 146%
c } 11.40 22 22 21 45 5299 3 201368 39000 1.7 20 11 9 13 40% 33484 9720 3048 146%
c [ 11.40 22 25 21 45 5299 1 201368 39000 1.8 24 13 9 16 39% 33484 9720 3048 146%
c W 11.41 18 25 21 45 5299 1 201368 39000 1.8 24 13 9 16 39% 33484 9720 3048 146%
c - 11.62 19 25 21 46 5301 1 205424 38318 1.8 24 13 9 16 40% 33484 9720 3048 146%
c u 11.75 24 25 21 46 5303 1 206752 39289 1.8 24 13 9 16 40% 33484 9720 3048 146%
c v 11.80 26 25 21 46 5303 1 206752 38010 1.8 24 13 9 16 40% 33484 9720 3048 146%
c w 11.82 26 25 21 46 5303 1 206752 37701 1.8 24 13 9 16 40% 33484 9720 3048 146%
c - 12.14 22 24 21 47 5305 1 212206 38370 1.8 24 13 9 15 40% 33484 9720 3048 146%
c - 12.51 22 23 21 48 5310 1 219061 40256 1.8 24 13 9 15 41% 33484 9720 3048 146%
c ] 12.86 23 23 22 48 5312 1 225258 46078 1.8 24 13 9 15 41% 33484 9720 3048 146%
c { 12.86 23 22 22 48 5312 3 225258 46078 1.7 20 11 9 13 40% 33484 9720 3048 146%
c - 12.94 22 22 22 49 5503 3 225989 41828 1.7 20 11 9 13 40% 33484 9720 3048 146%
c o 13.33 23 25 22 49 6634 4 230128 45955 1.7 20 12 9 13 41% 33484 9720 3048 146%
c - 13.61 24 26 22 50 7405 5 232990 42485 1.7 20 12 9 13 41% 33484 9720 3048 146%
c - 14.29 23 30 22 51 9177 6 240063 42817 1.7 21 12 9 13 41% 33484 9720 3048 146%
c e 14.98 21 33 22 51 10663 7 246951 49664 1.8 22 12 9 13 42% 36418 12496 2582 123%
c
c  seconds   switched     rate          size/glue  tier1     binary         remaining
c         MB   reductions   conflicts         size   tier2       irredundant
c          level    restarts       redundant     glue    trail         variables
c
c ! 14.99 21 33 22 51 10663 7 246951 49664 1.8 22 12 9 13 42% 36418 12496 2582 123%
c - 15.02 22 33 22 52 10718 7 247204 27478 1.8 22 12 9 14 42% 36418 12496 2582 123%
c u 15.16 23 33 22 52 10749 7 247350 26075 1.8 22 12 9 14 42% 36418 12496 2582 123%
c v 15.26 23 33 22 52 10749 7 247350 25849 1.8 22 12 9 14 42% 36418 12496 2582 123%
c w 15.29 23 33 22 52 10749 7 247350 25815 1.8 22 12 9 14 42% 36418 12496 2582 123%
c f 15.37 12 33 22 52 10749 7 247350 25815 1.8 22 12 9 14 42% 35791 12400 2623 125%
c u 15.49 15 33 22 52 10749 7 247350 25547 1.8 22 12 9 14 42% 35791 12400 2623 125%
c v 15.59 15 33 22 52 10749 7 247350 25254 1.8 22 12 9 14 42% 35791 12400 2623 125%
c w 15.62 15 33 22 52 10749 7 247350 25201 1.8 22 12 9 14 42% 35791 12400 2623 125%
c - 16.24 17 36 22 53 12247 7 254415 27895 1.8 23 13 9 14 42% 35791 12400 2623 125%
c } 16.44 16 36 23 53 12729 7 256775 30244 1.8 23 13 9 14 43% 35791 12400 2623 125%
c [ 16.44 16 23 23 53 12729 1 256775 30244 1.8 24 13 9 15 41% 35791 12400 2623 125%
c O 16.44 16 23 23 53 12729 1 256775 30244 1.8 24 13 9 15 41% 35791 12400 2623 125%
c - 16.68 17 23 23 54 12732 1 261696 31173 1.8 24 13 9 15 42% 35791 12400 2623 125%
c - 17.06 17 22 23 55 12735 1 269045 33953 1.8 23 13 9 15 43% 35791 12400 2623 125%
c - 17.49 18 22 23 56 12741 1 276464 35688 1.8 24 13 9 15 43% 35791 12400 2623 125%
c - 17.94 17 22 23 57 12743 1 283948 37283 1.8 24 13 9 15 44% 35791 12400 2623 125%
c B 17.98 17 22 23 57 12743 1 284516 37811 1.8 24 13 9 15 44% 35791 12400 2623 125%
c - 18.34 18 23 23 58 12745 1 291498 37765 1.9 24 13 9 15 45% 35791 12400 2623 125%
c u 18.48 18 23 23 58 12746 1 291765 37544 1.9 24 13 9 15 45% 35791 12400 2623 125%
c
c  seconds   switched     rate          size/glue  tier1     binary         remaining
c         MB   reductions   conflicts         size   tier2       irredundant
c          level    restarts       redundant     glue    trail         variables
c
c v 18.60 18 23 23 58 12746 1 291765 36220 1.9 24 13 9 15 45% 35791 12400 2623 125%
c w 18.64 18 23 23 58 12746 1 291765 35963 1.9 24 13 9 15 45% 35791 12400 2623 125%
c - 19.07 17 23 23 59 12750 1 299113 37358 1.9 25 13 9 15 45% 35791 12400 2623 125%
c - 19.54 17 23 23 60 12754 1 306796 39563 1.9 25 13 9 16 46% 35791 12400 2623 125%
c ] 19.65 17 23 24 60 12756 1 308731 41346 1.9 25 13 9 16 46% 35791 12400 2623 125%
c { 19.65 17 36 24 60 12756 7 308731 41346 1.8 23 13 9 14 43% 35791 12400 2623 125%
c o 19.66 18 36 24 60 12765 7 308774 41389 1.8 23 13 9 14 43% 35791 12400 2623 125%
c - 19.92 17 35 24 61 12790 7 314542 41685 1.8 23 13 9 14 43% 35791 12400 2623 125%
c - 20.31 18 34 24 62 12832 7 322353 43623 1.8 23 13 9 14 44% 35791 12400 2623 125%
c - 20.69 18 32 24 63 12889 6 330228 45484 1.8 22 13 9 14 44% 35791 12400 2623 125%
c - 21.08 18 31 24 64 12982 6 338166 47384 1.8 22 12 9 14 45% 35791 12400 2623 125%
c u 21.27 20 31 24 64 13012 6 340277 49392 1.8 22 12 9 14 45% 35791 12400 2623 125%
c v 21.35 20 31 24 64 13012 6 340277 48393 1.8 22 12 9 14 45% 35791 12400 2623 125%
c w 21.37 20 31 24 64 13012 6 340277 48341 1.8 22 12 9 14 45% 35791 12400 2623 125%
c } 21.67 17 30 25 64 13023 5 345408 53145 1.8 22 12 9 14 45% 35791 12400 2623 125%
c [ 21.67 17 23 25 64 13023 1 345408 53145 1.9 25 13 9 16 46% 35791 12400 2623 125%
c W 21.71 17 23 25 64 13023 1 345408 53145 1.9 25 13 9 16 46% 35791 12400 2623 125%
c - 21.76 20 23 25 65 13023 1 346166 48993 1.9 25 13 9 16 46% 35791 12400 2623 125%
c e 22.10 21 24 25 65 13028 1 352476 55032 1.9 25 13 9 16 46% 35859 12438 2616 125%
c - 22.22 24 24 25 66 13029 1 354228 48705 1.9 25 14 9 16 46% 35859 12438 2616 125%
c
c  seconds   switched     rate          size/glue  tier1     binary         remaining
c         MB   reductions   conflicts         size   tier2       irredundant
c          level    restarts       redundant     glue    trail         variables
c
c - 22.68 25 24 25 67 13033 1 362352 48466 1.9 26 14 9 16 47% 35859 12438 2616 125%
c - 23.19 25 24 25 68 13037 1 370537 48699 1.8 26 14 9 16 47% 35859 12438 2616 125%
c ] 23.46 24 24 26 68 13037 1 374822 52773 1.8 26 14 9 16 47% 35859 12438 2616 125%
c { 23.46 24 30 26 68 13037 5 374822 52773 1.8 22 12 9 14 45% 35859 12438 2616 125%
c - 23.68 25 30 26 69 13083 5 378783 50562 1.8 22 12 9 14 45% 35859 12438 2616 125%
c - 24.10 25 29 26 70 13142 5 387089 54041 1.8 22 12 9 14 46% 35859 12438 2616 125%
c u 24.52 20 28 26 70 13144 5 392965 59195 1.8 22 12 9 14 46% 35859 12438 2616 125%
c v 24.64 21 28 26 70 13144 5 392965 59075 1.8 22 12 9 14 46% 35859 12438 2616 125%
c w 24.68 21 28 26 70 13144 5 392965 58801 1.8 22 12 9 14 46% 35859 12438 2616 125%
c f 25.17 21 28 26 70 13144 5 392965 58801 1.8 22 12 9 14 46% 35803 12426 2620 125%
c u 25.30 21 28 26 70 13144 5 392965 58606 1.8 22 12 9 14 46% 35803 12426 2620 125%
c v 25.41 21 28 26 70 13144 5 392965 57635 1.8 22 12 9 14 46% 35803 12426 2620 125%
c w 25.44 21 28 26 70 13144 5 392965 57627 1.8 22 12 9 14 46% 35803 12426 2620 125%
c o 25.47 21 28 26 70 13144 5 392965 57627 1.8 22 12 9 14 46% 35803 12426 2620 125%
c - 25.59 24 27 26 71 13155 5 395455 54897 1.8 21 12 9 14 46% 35803 12426 2620 125%
c - 26.01 24 27 26 72 13266 4 403881 56877 1.8 21 12 9 14 46% 35803 12426 2620 125%
c - 26.44 24 26 26 73 13398 4 412367 59098 1.8 21 12 9 14 47% 35803 12426 2620 125%
c } 26.68 24 26 27 73 13515 4 417041 63560 1.8 21 12 9 14 47% 35803 12426 2620 125%
c [ 26.68 24 24 27 73 13515 1 417041 63560 1.8 26 14 9 16 47% 35803 12426 2620 125%
c I 26.68 24 24 27 73 13515 1 417041 63560 1.8 26 14 9 16 47% 35803 12426 2620 125%
c
c  seconds   switched     rate          size/glue  tier1     binary         remaining
c         MB   reductions   conflicts         size   tier2       irredundant
c          level    restarts       redundant     glue    trail         variables
c
c - 26.88 24 25 27 74 13517 1 420912 59924 1.8 26 14 9 17 48% 35803 12426 2620 125%
c - 27.36 24 25 27 75 13522 1 429515 59527 1.9 27 14 9 17 48% 35803 12426 2620 125%
c - 27.89 24 25 27 76 13528 1 438175 60182 1.9 28 14 9 17 48% 35803 12426 2620 125%
c - 28.46 24 25 27 77 13529 1 446892 61013 1.9 28 14 9 17 49% 35803 12426 2620 125%
c u 28.79 24 25 27 77 13530 1 449874 63481 1.9 28 15 9 17 49% 35803 12426 2620 125%
c v 28.93 24 25 27 77 13530 1 449874 63475 1.9 28 15 9 17 49% 35803 12426 2620 125%
c w 28.98 24 25 27 77 13530 1 449874 63468 1.9 28 15 9 17 49% 35803 12426 2620 125%
c ] 29.14 24 25 28 77 13532 1 451945 65445 1.9 28 15 9 17 49% 35803 12426 2620 125%
c { 29.14 24 26 28 77 13532 4 451945 65445 1.8 21 12 9 14 47% 35803 12426 2620 125%
c - 29.35 24 25 28 78 13588 4 455667 61861 1.8 21 12 9 14 47% 35803 12426 2620 125%
c - 29.82 24 25 28 79 13758 4 464500 64314 1.8 21 12 9 14 47% 35803 12426 2620 125%
c - 30.31 24 25 28 80 13962 4 473388 66885 1.8 21 12 9 14 47% 35803 12426 2620 125%
c e 30.75 24 24 28 80 14122 4 481605 74734 1.8 21 12 9 14 48% 35807 12430 2619 125%
c - 30.81 28 24 28 81 14143 3 482332 68989 1.8 21 12 9 14 48% 35807 12430 2619 125%
c o 31.13 28 24 28 81 14162 3 488925 74837 1.8 21 12 9 14 48% 35807 12430 2619 125%
c - 31.28 28 24 28 82 14289 3 491333 70638 1.8 21 12 9 13 48% 35807 12430 2619 125%
c } 31.75 28 23 29 82 14526 3 500083 78936 1.8 21 12 9 13 48% 35807 12430 2619 125%
c [ 31.75 28 25 29 82 14526 1 500083 78936 1.9 28 15 9 17 49% 35807 12430 2619 125%
c B 31.75 28 25 29 82 14526 1 500083 78936 1.9 28 15 9 17 49% 35807 12430 2619 125%
c - 31.78 28 25 29 83 14526 1 500391 72540 1.9 28 15 9 17 49% 35807 12430 2619 125%
c
c  seconds   switched     rate          size/glue  tier1     binary         remaining
c         MB   reductions   conflicts         size   tier2       irredundant
c          level    restarts       redundant     glue    trail         variables
c
c - 32.28 28 26 29 84 14532 1 509501 72641 2.0 29 15 9 17 49% 35807 12430 2619 125%
c u 32.53 28 26 29 84 14532 1 511084 73693 2.0 29 15 9 17 49% 35807 12430 2619 125%
c v 32.66 28 26 29 84 14532 1 511084 73624 2.0 29 15 9 17 49% 35807 12430 2619 125%
c w 32.71 37 26 29 84 14532 1 511084 73561 2.0 29 15 9 17 49% 35807 12430 2619 125%
c - 33.21 34 26 29 85 14538 1 518667 72313 2.0 29 15 9 17 49% 35807 12430 2619 125%
c - 33.85 36 26 29 86 14540 1 527887 72936 1.9 29 15 9 17 49% 35807 12430 2619 125%
c - 34.48 36 26 29 87 14544 1 537161 74214 1.9 29 15 9 17 49% 35807 12430 2619 125%
c ] 34.70 33 26 30 87 14546 1 540499 77384 1.9 29 15 9 17 49% 35807 12430 2619 125%
c { 34.70 33 23 30 87 14546 3 540499 77384 1.8 21 12 9 13 48% 35807 12430 2619 125%
c - 35.06 36 23 30 88 14674 3 546489 75650 1.8 21 12 9 13 48% 35807 12430 2619 125%
c - 35.61 36 23 30 89 14876 3 555869 78042 1.8 21 12 9 13 48% 35807 12430 2619 125%
c - 36.18 36 23 30 90 15142 3 565304 80414 1.8 21 11 9 13 48% 35807 12430 2619 125%
c - 36.73 36 22 30 91 15325 3 574791 82011 1.8 20 11 9 13 48% 35807 12430 2619 125%
c u 36.99 38 22 30 91 15381 3 576647 83320 1.8 20 11 9 13 48% 35807 12430 2619 125%
c v 37.10 40 22 30 91 15381 3 576647 82171 1.8 20 11 9 13 48% 35807 12430 2619 125%
c w 37.14 40 22 30 91 15381 3 576647 81939 1.8 20 11 9 13 48% 35807 12430 2619 125%
c - 37.69 36 22 30 92 15552 3 584331 81926 1.8 20 11 9 13 48% 35807 12430 2619 125%
c o 37.96 36 22 30 92 15709 3 588990 86197 1.8 20 11 9 13 48% 35807 12430 2619 125%
c - 38.28 36 22 30 93 15911 3 593923 84483 1.8 20 11 9 13 48% 35807 12430 2619 125%
c } 38.36 36 22 31 93 16020 3 594933 85469 1.8 20 11 9 13 48% 35807 12430 2619 125%
c
c  seconds   switched     rate          size/glue  tier1     binary         remaining
c         MB   reductions   conflicts         size   tier2       irredundant
c          level    restarts       redundant     glue    trail         variables
c
c [ 38.36 36 26 31 93 16020 1 594933 85469 1.9 29 15 9 17 49% 35807 12430 2619 125%
c W 38.40 29 26 31 93 16020 1 594933 85469 1.9 29 15 9 17 49% 35807 12430 2619 125%
c - 38.90 29 26 31 94 16026 1 603569 84312 1.9 28 15 9 17 49% 35807 12430 2619 125%
c - 39.52 29 25 31 95 16031 1 613267 84256 1.9 28 15 9 17 50% 35807 12430 2619 125%
c - 40.20 30 25 31 96 16034 1 623015 84178 1.9 28 15 9 17 50% 35807 12430 2619 125%
c - 40.89 30 24 31 97 16038 1 632812 84970 1.9 28 15 9 17 50% 35807 12430 2619 125%
c ] 41.55 30 25 32 97 16043 1 641934 93752 1.9 28 15 9 17 50% 35807 12430 2619 125%
c { 41.55 30 22 32 97 16043 3 641934 93752 1.8 20 11 9 13 48% 35807 12430 2619 125%
c - 41.63 30 22 32 98 16085 3 642660 85261 1.8 20 11 9 13 48% 35807 12430 2619 125%
c u 42.06 39 22 32 98 16264 3 646614 88031 1.8 20 11 9 13 48% 35807 12430 2619 125%
c v 42.23 41 22 32 98 16264 3 646614 87515 1.8 20 11 9 13 48% 35807 12430 2619 125%
c w 42.30 41 22 32 98 16264 3 646614 86644 1.8 20 11 9 13 48% 35807 12430 2619 125%
c - 42.67 37 22 32 99 16380 3 652559 85230 1.8 20 11 9 13 48% 35807 12430 2619 125%
c - 43.24 37 21 32 100 16566 3 662508 86681 1.8 20 11 9 13 49% 35807 12430 2619 125%
c - 43.84 37 21 32 101 16920 3 672510 87716 1.8 20 11 9 13 49% 35807 12430 2619 125%
c - 44.48 37 21 32 102 17357 3 682559 89096 1.7 20 11 9 13 49% 35807 12430 2619 125%
c - 45.10 37 21 32 103 17777 3 692658 90240 1.8 20 11 9 13 49% 35807 12430 2619 125%
c o 45.48 37 21 32 103 18011 3 699201 96359 1.7 20 11 9 13 49% 35807 12430 2619 125%
c - 45.72 37 21 32 104 18199 3 702806 91441 1.7 20 11 9 13 49% 35807 12430 2619 125%
c } 45.74 34 21 33 104 18200 3 703038 91652 1.7 20 11 9 13 49% 35807 12430 2619 125%
c
c  seconds   switched      rate          size/glue  tier1     binary         remaining
c         MB   reductions    conflicts         size   tier2       irredundant
c          level     restarts       redundant     glue    trail         variables
c
c [ 45.74 34 25 33 104 18200 1 703038 91652 1.9 28 15 9 17 50% 35807 12430 2619 125%
c O 45.74 34 25 33 104 18200 1 703038 91652 1.9 28 15 9 17 50% 35807 12430 2619 125%
c - 46.36 37 24 33 105 18206 1 713004 92731 1.9 27 14 9 17 50% 35807 12430 2619 125%
c u 47.09 41 24 33 105 18211 1 721033 99753 1.9 27 14 9 17 50% 35807 12430 2619 125%
c v 47.27 41 24 33 105 18211 1 721033 96585 1.9 27 14 9 17 50% 35807 12430 2619 125%
c w 47.34 41 24 33 105 18211 1 721033 96169 1.9 27 14 9 17 50% 35807 12430 2619 125%
c - 47.54 39 23 33 106 18212 1 723250 90663 1.9 27 14 9 17 50% 35807 12430 2619 125%
c - 48.26 39 23 33 107 18214 1 733547 93792 1.9 26 14 9 17 51% 35807 12430 2619 125%
c - 49.06 39 23 33 108 18220 1 743891 93928 1.8 26 14 9 17 51% 35807 12430 2619 125%
c ] 49.82 37 23 34 108 18226 1 753290 102653 1.8 26 14 9 17 51% 35807 12430 2619 125%
c { 49.82 37 21 34 108 18226 3 753290 102653 1.7 20 11 9 13 49% 35807 12430 2619 125%
c - 49.91 39 20 34 109 18233 3 754284 93963 1.7 19 11 9 13 49% 35807 12430 2619 125%
c - 50.51 39 20 34 110 18243 3 764725 94234 1.7 19 11 9 13 49% 35807 12430 2619 125%
c - 51.12 39 19 34 111 18253 2 775213 93366 1.7 19 11 9 13 49% 35807 12430 2619 125%
c - 51.70 39 18 34 112 18273 2 785749 93705 1.7 19 11 9 13 49% 35807 12430 2619 125%
c - 52.31 39 18 34 113 18275 2 796333 94567 1.7 18 11 9 13 49% 35807 12430 2619 125%
c u 52.76 41 17 34 113 18275 2 799958 97440 1.7 18 11 9 13 49% 35807 12430 2619 125%
c v 52.94 43 17 34 113 18275 2 799958 95085 1.7 18 11 9 13 49% 35807 12430 2619 125%
c w 52.99 43 17 34 113 18275 2 799958 94993 1.7 18 11 9 13 49% 35807 12430 2619 125%
c - 53.45 39 17 34 114 18289 2 806964 94287 1.7 18 11 9 13 49% 35807 12430 2619 125%
c
c  seconds   switched      rate          size/glue  tier1     binary         remaining
c         MB   reductions    conflicts         size   tier2       irredundant
c          level     restarts       redundant     glue    trail         variables
c
c - 54.04 39 17 34 115 18306 2 817642 98544 1.7 18 11 9 13 49% 35807 12430 2619 125%
c o 54.15 39 16 34 115 18307 2 819724 100169 1.7 18 11 9 13 49% 35807 12430 2619 125%
c } 54.26 39 16 35 115 18370 2 821437 101781 1.7 18 11 9 13 49% 35807 12430 2619 125%
c [ 54.26 39 23 35 115 18370 1 821437 101781 1.8 26 14 9 17 51% 35807 12430 2619 125%
c B 54.26 39 23 35 115 18370 1 821437 101781 1.8 26 14 9 17 51% 35807 12430 2619 125%
c - 54.70 40 24 35 116 18375 1 828366 100618 1.8 26 14 9 17 51% 35807 12430 2619 125%
c - 55.45 39 24 35 117 18381 1 839136 102347 1.8 26 14 9 17 51% 35807 12430 2619 125%
c - 56.30 39 24 35 118 18384 1 849953 103332 1.8 26 14 9 17 51% 35807 12430 2619 125%
c - 57.19 40 23 35 119 18390 1 860815 104530 1.8 26 14 9 17 51% 35807 12430 2619 125%
c - 58.07 39 23 35 120 18396 1 871724 103895 1.8 26 14 9 17 51% 35807 12430 2619 125%
c ] 58.13 39 23 36 120 18396 1 872482 104631 1.8 26 14 9 17 51% 35807 12430 2619 125%
c { 58.13 39 16 36 120 18396 2 872482 104631 1.7 18 11 9 13 49% 35807 12430 2619 125%
c - 58.98 40 17 36 121 19848 2 882679 102773 1.7 18 11 9 13 49% 35807 12430 2619 125%
c u 59.31 45 17 36 121 19927 2 883438 103167 1.7 18 11 9 13 49% 35807 12430 2619 125%
c v 59.55 45 17 36 121 19927 2 883438 102959 1.7 18 11 9 13 49% 35807 12430 2619 125%
c w 59.64 45 17 36 121 19927 2 883438 102852 1.7 18 11 9 13 49% 35807 12430 2619 125%
c - 60.39 40 18 36 122 20890 2 893679 100833 1.7 18 11 9 13 49% 35807 12430 2619 125%
c - 61.11 39 18 36 123 21558 2 904724 100097 1.7 18 11 9 13 49% 35807 12430 2619 125%
c - 61.86 40 19 36 124 22421 3 915814 100100 1.7 18 11 9 13 49% 35807 12430 2619 125%
c - 62.58 39 19 36 125 23108 3 926950 101551 1.7 18 11 9 13 49% 35807 12430 2619 125%
c
c  seconds   switched      rate           size/glue  tier1     binary         remaining
c         MB   reductions    conflicts          size   tier2       irredundant
c          level     restarts       redundant      glue    trail         variables
c
c - 63.25 40 19 36 126 23482 3 938131 103507 1.7 18 11 9 13 49% 35807 12430 2619 125%
c } 63.88 39 19 37 126 24048 3 948038 112722 1.7 18 11 9 13 49% 35807 12430 2619 125%
c [ 63.88 39 23 37 126 24048 1 948038 112722 1.8 26 14 9 17 51% 35807 12430 2619 125%
c W 64.05 32 23 37 126 24048 1 948038 112722 1.8 26 14 9 17 51% 35807 12430 2619 125%
c - 64.16 32 23 37 127 24049 1 949357 105714 1.8 26 14 9 17 51% 35807 12430 2619 125%
c - 64.92 32 23 37 128 24055 1 960626 107718 1.8 26 14 9 17 51% 35807 12430 2619 125%
c u 65.92 45 23 37 128 24061 1 971525 117689 1.8 25 14 9 17 51% 35807 12430 2619 125%
c v 66.15 45 23 37 128 24061 1 971525 115357 1.8 25 14 9 17 51% 35807 12430 2619 125%
c w 66.24 45 23 37 128 24061 1 971525 113338 1.8 25 14 9 17 51% 35807 12430 2619 125%
c o 66.27 45 23 37 128 24061 1 971525 113338 1.8 25 14 9 17 51% 35807 12430 2619 125%
c - 66.31 39 23 37 129 24061 1 971939 105228 1.8 25 14 9 17 51% 35807 12430 2619 125%
c - 67.02 40 24 37 130 24065 1 983297 106786 1.8 26 14 9 17 51% 35807 12430 2619 125%
c - 67.78 41 24 37 131 24071 1 994700 107059 1.8 25 14 9 17 51% 35807 12430 2619 125%
c - 68.59 39 24 37 132 24077 1 1006145 106745 1.8 26 14 9 17 51% 35807 12430 2619 125%
c I 68.88 39 25 37 132 24077 1 1010588 111088 1.8 26 14 9 17 51% 35807 12430 2619 125%
c - 69.33 40 27 37 133 24078 1 1017634 103526 1.8 27 15 9 17 51% 35807 12430 2619 125%
c ] 69.58 40 28 38 133 24078 1 1021294 107120 1.8 27 15 9 17 51% 35807 12430 2619 125%
c { 69.58 40 19 38 133 24078 3 1021294 107120 1.7 18 11 9 13 49% 35807 12430 2619 125%
c - 70.56 40 22 38 134 25751 4 1029166 99825 1.7 19 11 9 13 49% 35807 12430 2619 125%
c - 72.03 39 27 38 135 28233 5 1040741 98329 1.7 21 12 9 13 49% 35807 12430 2619 125%
c
c  seconds   switched      rate           size/glue  tier1     binary         remaining
c         MB   reductions     conflicts         size   tier2       irredundant
c          level     restarts        redundant     glue    trail         variables
c
c - 73.52 40 30 38 136 30703 6 1052360 98221 1.7 22 13 9 13 49% 35807 12430 2619 125%
c - 75.03 39 34 38 137 33153 6 1064021 98427 1.8 23 13 9 13 49% 35807 12430 2619 125%
c u 75.34 43 34 38 137 33206 6 1064268 98535 1.8 23 13 9 13 49% 35807 12430 2619 125%
c v 75.55 43 34 38 137 33206 6 1064268 98266 1.8 23 13 9 13 49% 35807 12430 2619 125%
c w 75.62 43 34 38 137 33206 6 1064268 98241 1.8 23 13 9 13 49% 35807 12430 2619 125%
c - 77.22 39 37 38 138 35433 7 1075725 98612 1.8 24 13 9 13 49% 35807 12430 2619 125%
c - 78.73 40 39 38 139 37587 8 1087473 99432 1.8 25 14 9 13 49% 35807 12430 2619 125%
c - 80.22 40 42 38 140 39652 8 1099263 99736 1.8 25 14 9 13 49% 35807 12430 2619 125%
c } 80.89 39 43 39 140 40617 8 1104628 105067 1.8 26 14 9 13 49% 35807 12430 2619 125%
c [ 80.89 39 28 39 140 40617 1 1104628 105067 1.8 27 15 9 17 51% 35807 12430 2619 125%
c B 80.89 39 28 39 140 40617 1 1104628 105067 1.8 27 15 9 17 51% 35807 12430 2619 125%
c - 81.32 39 29 39 141 40622 1 1111095 98913 1.9 28 15 9 17 51% 35807 12430 2619 125%
c o 81.70 40 29 39 141 40624 1 1116927 104612 1.9 28 15 9 17 51% 35807 12430 2619 125%
c - 82.07 40 31 39 142 40628 1 1122970 97556 1.9 28 15 9 17 51% 35807 12430 2619 125%
c - 82.84 39 30 39 143 40631 1 1134887 97528 1.8 28 15 9 17 51% 35807 12430 2619 125%
c - 83.70 39 29 39 144 40638 1 1146845 96911 1.8 27 15 9 17 51% 35807 12430 2619 125%
c - 84.62 39 28 39 145 40645 1 1158845 95619 1.8 27 15 9 17 51% 35807 12430 2619 125%
c u 85.22 43 27 39 145 40645 1 1161694 97585 1.8 27 14 9 17 51% 35807 12430 2619 125%
c v 85.56 43 27 39 145 40645 1 1161694 94802 1.8 27 14 9 17 51% 35807 12430 2619 125%
c w 85.68 43 27 39 145 40645 1 1161694 92529 1.8 27 14 9 17 51% 35807 12430 2619 125%
c
c  seconds   switched      rate           size/glue  tier1     binary         remaining
c         MB   reductions     conflicts         size   tier2       irredundant
c          level     restarts        redundant     glue    trail         variables
c
c - 86.34 39 27 39 146 40647 1 1170887 90981 1.9 27 14 9 17 51% 35807 12430 2619 125%
c W 87.09 32 27 39 146 40647 1 1177603 97485 1.9 27 14 9 17 51% 35807 12430 2619 125%
c - 87.44 32 29 39 147 40647 1 1182971 90614 1.8 27 15 9 17 51% 35807 12430 2619 125%
c - 88.26 32 29 39 148 40654 1 1195097 90316 1.8 27 15 9 17 51% 35807 12430 2619 125%
c - 89.16 32 29 39 149 40661 1 1207262 91832 1.9 28 15 9 17 51% 35807 12430 2619 125%
c - 90.02 32 29 39 150 40663 1 1219470 92848 1.8 27 15 9 17 51% 35807 12430 2619 125%
c - 90.94 32 28 39 151 40670 1 1231717 93027 1.8 27 15 9 17 51% 35807 12430 2619 125%
c - 91.84 32 28 39 152 40677 1 1244005 92542 1.8 27 15 9 17 51% 35807 12430 2619 125%
c ] 92.31 32 28 40 152 40677 1 1250237 98561 1.8 27 15 9 17 51% 35807 12430 2619 125%
c { 92.31 32 43 40 152 40677 8 1250237 98561 1.8 26 14 9 13 49% 35807 12430 2619 125%
c - 92.71 41 41 40 153 40697 8 1256334 92663 1.8 26 14 9 14 49% 35807 12430 2619 125%
c u 93.46 45 40 40 153 40698 7 1263855 99547 1.8 25 14 9 14 49% 35807 12430 2619 125%
c v 93.74 45 40 40 153 40698 7 1263855 99475 1.8 25 14 9 14 49% 35807 12430 2619 125%
c w 93.85 45 40 40 153 40698 7 1263855 99340 1.8 25 14 9 14 49% 35807 12430 2619 125%
c o 94.09 39 39 40 153 40734 7 1267445 102722 1.8 25 14 9 14 49% 35807 12430 2619 125%
c - 94.18 39 39 40 154 40747 7 1268703 93243 1.8 25 14 9 14 49% 35807 12430 2619 125%
c - 94.90 40 36 40 155 40770 7 1281114 93977 1.8 24 14 9 14 49% 35807 12430 2619 125%
c - 95.63 39 34 40 156 40821 6 1293563 93855 1.8 24 13 9 14 49% 35807 12430 2619 125%
c - 96.34 40 33 40 157 40868 5 1306053 93029 1.8 24 13 9 14 49% 35807 12430 2619 125%
c - 97.06 39 31 40 158 40912 5 1318582 92418 1.8 23 13 9 14 49% 35807 12430 2619 125%
c
c  seconds   switched      rate           size/glue  tier1     binary         remaining
c         MB   reductions     conflicts         size   tier2       irredundant
c          level     restarts        redundant     glue    trail         variables
c
c - 97.80 40 30 40 159 40972 5 1331154 93350 1.8 23 13 9 14 49% 35807 12430 2619 125%
c } 98.41 39 28 41 159 40992 4 1341711 103274 1.8 23 13 9 14 49% 35807 12430 2619 125%
c [ 98.41 39 28 41 159 40992 1 1341711 103274 1.8 27 15 9 17 51% 35807 12430 2619 125%
c O 98.41 39 28 41 159 40992 1 1341711 103274 1.8 27 15 9 17 51% 35807 12430 2619 125%
c - 98.57 39 28 41 160 40994 1 1343764 95067 1.8 27 15 9 17 51% 35807 12430 2619 125%
c - 99.44 39 27 41 161 41001 1 1356413 96847 1.8 27 15 9 17 51% 35807 12430 2619 125%
c - 100.48 39 26 41 162 41006 1 1369103 97658 1.8 26 14 9 17 51% 35807 12430 2619 125%
c u 100.93 43 25 41 162 41006 1 1370800 98024 1.8 26 14 9 17 51% 35807 12430 2619 125%
c v 101.19 45 25 41 162 41006 1 1370800 90310 1.8 26 14 9 17 51% 35807 12430 2619 125%
c w 101.28 45 25 41 162 41006 1 1370800 87048 1.8 26 14 9 17 51% 35807 12430 2619 125%
c - 102.06 39 25 41 163 41012 1 1381831 89133 1.8 26 14 9 17 51% 35807 12430 2619 125%
c - 102.99 39 24 41 164 41019 1 1394599 94451 1.8 25 14 9 17 51% 35807 12430 2619 125%
c - 103.96 40 24 41 165 41022 1 1407405 97771 1.8 25 14 9 17 51% 35807 12430 2619 125%
c ] 104.33 39 24 42 165 41022 1 1412347 102389 1.8 25 14 9 17 51% 35807 12430 2619 125%
c { 104.33 39 28 42 165 41022 4 1412347 102389 1.8 23 13 9 14 49% 35807 12430 2619 125%
c - 104.83 39 28 42 166 41095 4 1420250 99975 1.8 22 12 9 14 49% 35807 12430 2619 125%
c o 105.30 40 27 42 166 41197 4 1428165 107550 1.8 22 12 9 14 49% 35807 12430 2619 125%
c - 105.63 40 27 42 167 41336 4 1433134 101472 1.8 22 12 9 14 49% 35807 12430 2619 125%
c - 106.37 39 25 42 168 41415 4 1446057 103095 1.8 22 12 9 14 49% 35807 12430 2619 125%
c - 107.15 40 25 42 169 41565 3 1459019 105195 1.8 21 12 9 14 49% 35807 12430 2619 125%
c
c  seconds    switched      rate            size/glue  tier1     binary         remaining
c          MB   reductions     conflicts          size   tier2       irredundant
c           level     restarts        redundant      glue    trail         variables
c
c - 107.91 39 24 42 170 41664 3 1472019 107507 1.8 21 12 9 14 49% 35807 12430 2619 125%
c u 108.85 45 23 42 170 41826 3 1482531 114764 1.8 21 12 9 14 49% 35807 12430 2619 125%
c v 109.13 45 23 42 170 41826 3 1482531 113217 1.8 21 12 9 14 49% 35807 12430 2619 125%
c w 109.22 47 23 42 170 41826 3 1482531 112906 1.8 21 12 9 14 49% 35807 12430 2619 125%
c - 109.43 39 23 42 171 41904 3 1485057 105217 1.8 21 12 9 13 49% 35807 12430 2619 125%
c - 110.23 40 22 42 172 42151 3 1498133 108829 1.7 21 12 9 13 49% 35807 12430 2619 125%
c - 111.10 40 22 42 173 42547 3 1511249 111965 1.7 20 12 9 13 49% 35807 12430 2619 125%
c } 111.18 39 22 43 173 42600 3 1512320 113011 1.7 20 12 9 13 49% 35807 12430 2619 125%
c [ 111.18 39 24 43 173 42600 1 1512320 113011 1.8 25 14 9 17 51% 35807 12430 2619 125%
c B 111.18 39 24 43 173 42600 1 1512320 113011 1.8 25 14 9 17 51% 35807 12430 2619 125%
c - 112.00 40 23 43 174 42606 1 1524401 113889 1.8 25 14 9 17 51% 35807 12430 2619 125%
c - 113.01 43 23 43 175 42614 1 1537592 114963 1.8 25 14 9 17 51% 35807 12430 2619 125%
c - 114.10 42 23 43 176 42619 1 1550820 114551 1.8 24 14 9 17 51% 35807 12430 2619 125%
c - 115.27 45 22 43 177 42627 1 1564086 114084 1.8 24 14 9 17 51% 35807 12430 2619 125%
c - 116.41 42 22 43 178 42629 1 1577390 114071 1.8 24 14 9 17 51% 35807 12430 2619 125%
c ] 117.25 43 22 44 178 42630 1 1587553 123671 1.8 24 14 9 17 51% 35807 12430 2619 125%
c { 117.25 43 22 44 178 42630 3 1587553 123671 1.7 20 12 9 13 49% 35807 12430 2619 125%
c - 117.56 42 22 44 179 42720 3 1590732 114010 1.7 20 12 9 13 49% 35807 12430 2619 125%
c o 118.04 41 22 44 179 42743 3 1598624 121230 1.7 20 12 9 13 49% 35807 12430 2619 125%
c u 118.48 47 22 44 179 42766 3 1599126 120792 1.7 20 12 9 13 49% 35807 12430 2619 125%
c
c  seconds    switched      rate            size/glue  tier1     binary         remaining
c          MB   reductions     conflicts          size   tier2       irredundant
c           level     restarts        redundant      glue    trail         variables
c
c v 118.82 47 22 44 179 42766 3 1599126 119561 1.7 20 12 9 13 49% 35807 12430 2619 125%
c w 118.94 47 22 44 179 42766 3 1599126 118476 1.7 20 12 9 13 49% 35807 12430 2619 125%
c - 120.58 42 21 44 180 42820 3 1604111 112858 1.7 20 12 9 13 49% 35807 12430 2619 125%
c - 121.48 42 21 44 181 43239 3 1617528 115838 1.7 20 12 9 13 49% 35807 12430 2619 125%
c - 122.29 45 21 44 182 43470 3 1630981 118655 1.8 20 11 9 13 49% 35807 12430 2619 125%
c - 123.19 43 21 44 183 44146 3 1644471 121114 1.7 20 12 9 13 49% 35807 12430 2619 125%
c - 124.08 45 21 44 184 44642 3 1657999 123049 1.7 20 11 9 13 49% 35807 12430 2619 125%
c - 124.93 43 21 44 185 44968 3 1671563 124014 1.7 20 11 9 13 49% 35807 12430 2619 125%
c - 125.72 45 20 44 186 45037 2 1685164 125253 1.7 19 11 9 13 49% 35807 12430 2619 125%
c } 126.45 42 20 45 186 45339 2 1696384 135616 1.7 19 11 9 13 49% 35807 12430 2619 125%
c [ 126.45 42 22 45 186 45339 1 1696384 135616 1.8 24 14 9 17 51% 35807 12430 2619 125%
c W 126.89 34 22 45 186 45339 1 1696384 135616 1.8 24 14 9 17 51% 35807 12430 2619 125%
c - 127.08 34 22 45 187 45341 1 1698803 126270 1.8 24 14 9 17 51% 35807 12430 2619 125%
c - 128.05 36 22 45 188 45348 1 1712478 127111 1.7 24 14 9 17 51% 35807 12430 2619 125%
c u 129.01 36 22 45 188 45352 1 1720603 133124 1.7 24 14 9 17 51% 35807 12430 2619 125%
c v 129.31 38 22 45 188 45352 1 1720603 128759 1.7 24 14 9 17 51% 35807 12430 2619 125%
c w 129.42 38 22 45 188 45352 1 1720603 126021 1.7 24 14 9 17 51% 35807 12430 2619 125%
c - 129.89 38 21 45 189 45353 1 1726191 119661 1.7 24 14 9 17 52% 35807 12430 2619 125%
c - 131.03 38 21 45 190 45360 1 1739939 122806 1.7 24 14 9 17 52% 35807 12430 2619 125%
c - 132.23 38 21 45 191 45367 1 1753723 124229 1.7 23 13 9 17 52% 35807 12430 2619 125%
c
c  seconds    switched      rate            size/glue  tier1     binary         remaining
c          MB   reductions     conflicts          size   tier2       irredundant
c           level     restarts        redundant      glue    trail         variables
c
c - 133.35 38 21 45 192 45369 1 1767546 123806 1.7 23 14 9 17 52% 35807 12430 2619 125%
c - 134.54 38 21 45 193 45372 1 1781402 124349 1.7 23 14 9 17 52% 35807 12430 2619 125%
c ] 134.55 38 21 46 193 45372 1 1781506 124450 1.7 23 14 9 17 52% 35807 12430 2619 125%
c { 134.55 38 20 46 193 45372 2 1781506 124450 1.7 19 11 9 13 49% 35807 12430 2619 125%
c o 134.56 38 20 46 193 45380 2 1781579 124519 1.7 19 11 9 13 49% 35807 12430 2619 125%
c - 135.56 38 20 46 194 46348 3 1795294 127257 1.7 19 11 9 13 49% 35807 12430 2619 125%
c - 136.51 38 20 46 195 46878 3 1809222 128298 1.7 19 11 9 13 49% 35807 12430 2619 125%
c - 137.48 38 20 46 196 47516 3 1823186 129598 1.7 19 11 9 13 49% 35807 12430 2619 125%
c - 138.45 38 20 46 197 47846 3 1837186 129796 1.7 20 11 9 13 49% 35807 12430 2619 125%
c u 139.50 38 20 46 197 48429 3 1846994 136234 1.7 20 11 9 13 49% 35807 12430 2619 125%
c v 139.77 38 20 46 197 48429 3 1846994 135678 1.7 20 11 9 13 49% 35807 12430 2619 125%
c w 139.86 38 20 46 197 48429 3 1846994 135556 1.7 20 11 9 13 49% 35807 12430 2619 125%
c - 140.36 38 20 46 198 48639 3 1851221 126914 1.7 20 11 9 13 49% 35807 12430 2619 125%
c - 141.27 38 20 46 199 49186 3 1865292 127796 1.7 20 11 9 13 49% 35807 12430 2619 125%
c - 142.24 38 20 46 200 49767 3 1879402 128452 1.7 20 11 9 13 49% 35807 12430 2619 125%
c - 143.17 38 20 46 201 50161 3 1893544 128985 1.7 20 11 9 13 49% 35807 12430 2619 125%
c } 143.60 38 20 47 201 50528 3 1899553 134721 1.7 20 11 9 13 49% 35807 12430 2619 125%
c [ 143.60 38 21 47 201 50528 1 1899553 134721 1.7 23 14 9 17 52% 35807 12430 2619 125%
c I 143.60 38 21 47 201 50528 1 1899553 134721 1.7 23 14 9 17 52% 35807 12430 2619 125%
c - 144.14 38 22 47 202 50533 1 1907723 127235 1.7 24 14 9 17 52% 35807 12430 2619 125%
c
c  seconds    switched      rate            size/glue  tier1     binary         remaining
c          MB   reductions     conflicts          size   tier2       irredundant
c           level     restarts        redundant      glue    trail         variables
c
c - 145.13 38 22 47 203 50541 1 1921936 126745 1.8 24 14 9 17 52% 35807 12430 2619 125%
c - 146.18 38 23 47 204 50545 1 1936185 125520 1.8 25 14 9 17 52% 35807 12430 2619 125%
c - 147.31 38 23 47 205 50554 1 1950467 124641 1.8 25 14 9 17 52% 35807 12430 2619 125%
c - 148.41 38 23 47 206 50557 1 1964784 126603 1.8 26 14 9 17 51% 35807 12430 2619 125%
c u 149.87 38 23 47 206 50558 1 1978321 139352 1.8 26 14 9 17 51% 35807 12430 2619 125%
c v 150.24 38 23 47 206 50558 1 1978321 138440 1.8 26 14 9 17 51% 35807 12430 2619 125%
c w 150.39 38 23 47 206 50558 1 1978321 137422 1.8 26 14 9 17 51% 35807 12430 2619 125%
c o 150.43 38 23 47 206 50558 1 1978321 137422 1.8 26 14 9 17 51% 35807 12430 2619 125%
c - 150.50 38 25 47 207 50558 1 1979136 126551 1.8 26 15 9 17 51% 35807 12430 2619 125%
c - 151.49 38 28 47 208 50565 1 1993525 127698 1.8 27 15 9 17 51% 35807 12430 2619 125%
c B 152.08 38 28 47 208 50571 1 2001331 135245 1.8 27 15 9 17 51% 35807 12430 2619 125%
c - 152.54 38 28 47 209 50573 1 2007947 127980 1.8 27 15 9 17 51% 35807 12430 2619 125%
c ] 152.78 38 28 48 209 50573 1 2011450 131375 1.8 27 15 9 17 51% 35807 12430 2619 125%
c { 152.78 38 20 48 209 50573 3 2011450 131375 1.7 20 11 9 13 49% 35807 12430 2619 125%
c - 153.50 38 20 48 210 50815 3 2022403 130549 1.7 19 11 9 13 49% 35807 12430 2619 125%
c - 154.57 38 20 48 211 51465 3 2036894 131620 1.7 19 11 9 13 49% 35807 12430 2619 125%
c - 155.69 38 20 48 212 52347 3 2051422 133134 1.7 19 11 9 13 49% 35807 12430 2619 125%
c - 156.74 38 21 48 213 52951 3 2065984 133334 1.7 19 11 9 13 49% 35807 12430 2619 125%
c - 157.78 38 21 48 214 53584 3 2080578 133741 1.7 19 11 9 13 49% 35807 12430 2619 125%
c - 158.87 38 20 48 215 54170 3 2095206 133836 1.7 19 11 9 13 49% 35807 12430 2619 125%
c
c  seconds    switched      rate            size/glue  tier1     binary         remaining
c          MB   reductions     conflicts          size   tier2       irredundant
c           level     restarts        redundant      glue    trail         variables
c
c - 159.91 38 20 48 216 54689 3 2109868 133743 1.7 19 11 9 13 49% 35807 12430 2619 125%
c u 160.68 38 20 48 216 54893 3 2114636 137543 1.7 19 11 9 13 49% 35807 12430 2619 125%
c v 161.03 38 20 48 216 54893 3 2114636 135832 1.7 19 11 9 13 49% 35807 12430 2619 125%
c w 161.16 38 20 48 216 54893 3 2114636 135540 1.7 19 11 9 13 49% 35807 12430 2619 125%
c - 161.93 38 20 48 217 55391 3 2124564 131924 1.7 19 11 9 13 49% 35807 12430 2619 125%
c } 162.94 38 20 49 217 55889 3 2139060 145641 1.7 19 11 9 13 49% 35807 12430 2619 125%
c [ 162.94 38 28 49 217 55889 1 2139060 145641 1.8 27 15 9 17 51% 35807 12430 2619 125%
c W 163.56 38 28 49 217 55889 1 2139060 145641 1.8 27 15 9 17 51% 35807 12430 2619 125%
c - 163.60 38 28 49 218 55889 1 2139294 133951 1.8 27 15 9 17 51% 35807 12430 2619 125%
c - 164.58 38 27 49 219 55898 1 2154058 135577 1.8 27 15 9 17 51% 35807 12430 2619 125%
c - 165.62 38 26 49 220 55903 1 2168858 137452 1.8 27 15 9 17 51% 35807 12430 2619 125%
c - 166.82 40 26 49 221 55910 1 2183690 137141 1.8 27 15 9 17 52% 35807 12430 2619 125%
c - 168.06 40 25 49 222 55918 1 2198556 135877 1.8 26 15 9 17 52% 35807 12430 2619 125%
c - 169.31 40 25 49 223 55919 1 2213457 135940 1.8 26 15 9 17 52% 35807 12430 2619 125%
c - 170.49 40 25 49 224 55925 1 2228392 134316 1.8 26 15 9 17 52% 35807 12430 2619 125%
c - 171.73 40 24 49 225 55933 1 2243359 132522 1.8 26 15 9 17 52% 35807 12430 2619 125%
c ] 172.54 40 24 50 225 55934 1 2252417 141184 1.8 26 15 9 17 52% 35807 12430 2619 125%
c { 172.54 40 20 50 225 55934 3 2252417 141184 1.7 19 11 9 13 49% 35807 12430 2619 125%
c u 173.29 40 20 50 225 55935 3 2255965 142856 1.7 19 11 9 13 49% 35807 12430 2619 125%
c v 173.72 40 20 50 225 55935 3 2255965 142142 1.7 19 11 9 13 49% 35807 12430 2619 125%
c
c  seconds    switched      rate            size/glue  tier1     binary         remaining
c          MB   reductions     conflicts          size   tier2       irredundant
c           level     restarts        redundant      glue    trail         variables
c
c w 173.88 40 20 50 225 55935 3 2255965 140816 1.7 19 11 9 13 49% 35807 12430 2619 125%
c o 173.92 40 20 50 225 55935 3 2255965 140816 1.7 19 11 9 13 49% 35807 12430 2619 125%
c - 174.11 40 20 50 226 55937 3 2258359 130234 1.7 19 11 9 13 49% 35807 12430 2619 125%
c - 175.07 40 19 50 227 55952 2 2273393 129514 1.7 19 11 9 13 49% 35807 12430 2619 125%
c - 176.08 40 18 50 228 55995 2 2288460 128366 1.7 19 11 9 13 49% 35807 12430 2619 125%
c - 177.09 40 17 50 229 56029 2 2303561 130349 1.7 18 11 9 13 50% 35807 12430 2619 125%
c - 178.05 40 17 50 230 56045 2 2318693 130534 1.7 18 11 9 13 49% 35807 12430 2619 125%
c - 179.06 40 16 50 231 56104 2 2333859 130102 1.7 18 11 9 13 49% 35807 12430 2619 125%
c - 180.08 40 15 50 232 56133 2 2349057 131001 1.6 17 10 9 13 50% 35807 12430 2619 125%
c - 181.07 40 15 50 233 56179 2 2364288 134377 1.6 17 10 9 13 49% 35807 12430 2619 125%
c - 182.05 40 14 50 234 56242 2 2379553 139898 1.6 17 10 9 13 50% 35807 12430 2619 125%
c } 182.73 40 14 51 234 56346 2 2389943 148830 1.6 17 10 9 13 49% 35807 12430 2619 125%
c [ 182.73 40 24 51 234 56346 1 2389943 148830 1.8 26 15 9 17 52% 35807 12430 2619 125%
c O 182.73 40 24 51 234 56346 1 2389943 148830 1.8 26 15 9 17 52% 35807 12430 2619 125%
c - 183.08 40 24 51 235 56349 1 2394850 145574 1.8 26 15 9 17 52% 35807 12430 2619 125%
c u 184.07 40 24 51 235 56353 1 2402360 152159 1.7 25 15 9 17 52% 35807 12430 2619 125%
c v 184.44 40 24 51 235 56353 1 2402360 150918 1.7 25 15 9 17 52% 35807 12430 2619 125%
c w 184.58 40 24 51 235 56353 1 2402360 150186 1.7 25 15 9 17 52% 35807 12430 2619 125%
c - 185.24 40 24 51 236 56358 1 2410179 147911 1.7 25 15 9 17 52% 35807 12430 2619 125%
c - 186.61 40 23 51 237 56363 1 2425541 151477 1.7 25 15 9 17 52% 35807 12430 2619 125%
c
c  seconds    switched      rate            size/glue  tier1     binary         remaining
c          MB   reductions     conflicts          size   tier2       irredundant
c           level     restarts        redundant      glue    trail         variables
c
c - 187.97 40 23 51 238 56372 1 2440936 152317 1.7 25 15 9 17 52% 35807 12430 2619 125%
c - 189.38 40 23 51 239 56376 1 2456364 151456 1.7 25 15 9 17 52% 35807 12430 2619 125%
c - 190.83 40 22 51 240 56376 1 2471823 151349 1.7 25 14 9 17 52% 35807 12430 2619 125%
c - 192.27 40 22 51 241 56386 1 2487314 149899 1.7 24 14 9 17 52% 35807 12430 2619 125%
c ] 192.94 40 22 52 241 56390 1 2495207 157500 1.7 25 14 9 17 52% 35807 12430 2619 125%
c { 192.94 40 14 52 241 56390 2 2495207 157500 1.6 17 10 9 13 49% 35807 12430 2619 125%
c o 192.95 40 14 52 241 56401 2 2495263 157553 1.6 17 10 9 13 49% 35807 12430 2619 125%
c - 193.78 40 15 52 242 57936 2 2502838 146820 1.6 17 10 9 13 49% 35807 12430 2619 125%
c - 195.19 40 16 52 243 59988 2 2518394 145419 1.6 17 11 9 13 49% 35807 12430 2619 125%
c - 196.48 40 17 52 244 61449 2 2533983 145098 1.6 17 11 9 13 49% 35807 12430 2619 125%
c - 197.80 40 18 52 245 62978 3 2549603 144686 1.6 18 11 9 13 49% 35807 12430 2619 125%
c u 198.67 40 18 52 245 63304 3 2553820 147312 1.6 18 11 9 13 49% 35807 12430 2619 125%
c v 199.16 40 18 52 245 63304 3 2553820 146460 1.6 18 11 9 13 49% 35807 12430 2619 125%
c w 199.33 40 18 52 245 63304 3 2553820 146372 1.6 18 11 9 13 49% 35807 12430 2619 125%
c - 200.18 40 18 52 246 63750 3 2565255 142618 1.6 18 11 9 13 49% 35807 12430 2619 125%
c - 201.42 40 19 52 247 65043 3 2580939 142258 1.6 18 11 9 13 49% 35807 12430 2619 125%
c - 202.60 40 19 52 248 66075 3 2596656 142910 1.6 18 11 9 13 49% 35807 12430 2619 125%
c - 203.70 40 19 52 249 66746 3 2612405 142551 1.6 18 11 9 13 49% 35807 12430 2619 125%
c - 204.96 40 20 52 250 68115 3 2628185 145292 1.6 19 11 9 13 49% 35807 12430 2619 125%
c } 206.02 40 20 53 250 68876 3 2642994 159248 1.7 19 11 9 13 49% 35807 12430 2619 125%
c
c  seconds    switched      rate            size/glue  tier1     binary         remaining
c          MB   reductions     conflicts          size   tier2       irredundant
c           level     restarts        redundant      glue    trail         variables
c
c [ 206.02 40 22 53 250 68876 1 2642994 159248 1.7 25 14 9 17 52% 35807 12430 2619 125%
c B 206.02 40 22 53 250 68876 1 2642994 159248 1.7 25 14 9 17 52% 35807 12430 2619 125%
c - 206.12 40 22 53 251 68876 1 2643996 148986 1.7 25 14 9 17 52% 35807 12430 2619 125%
c - 207.30 40 23 53 252 68886 1 2659838 150961 1.8 25 14 9 17 52% 35807 12430 2619 125%
c - 208.65 40 23 53 253 68890 1 2675714 153008 1.8 26 14 9 17 52% 35807 12430 2619 125%
c - 210.09 40 22 53 254 68900 1 2691621 155417 1.8 26 14 9 17 52% 35807 12430 2619 125%
c - 211.61 40 22 53 255 68905 1 2707558 156208 1.8 26 14 9 17 52% 35807 12430 2619 125%
c u 212.43 47 22 53 255 68906 1 2710396 158592 1.8 26 14 9 17 52% 35807 12430 2619 125%
c v 212.92 47 22 53 255 68906 1 2710396 156104 1.8 26 14 9 17 52% 35807 12430 2619 125%
c w 213.10 47 22 53 255 68906 1 2710396 154796 1.8 26 14 9 17 52% 35807 12430 2619 125%
c - 214.35 47 22 53 256 68906 1 2723527 153445 1.8 26 14 8 17 52% 35807 12430 2619 125%
c - 215.85 47 22 53 257 68916 1 2739528 155957 1.8 26 14 8 17 52% 35807 12430 2619 125%
c - 217.49 47 22 53 258 68921 1 2755560 153230 1.8 26 14 8 17 52% 35807 12430 2619 125%
c ] 218.80 47 22 54 258 68928 1 2769606 166284 1.8 26 14 8 17 52% 35807 12430 2619 125%
c { 218.80 47 20 54 258 68928 3 2769606 166284 1.7 19 11 9 13 49% 35807 12430 2619 125%
c o 218.81 47 20 54 258 68932 3 2769637 166315 1.7 19 11 9 13 49% 35807 12430 2619 125%
c - 219.15 47 21 54 259 69353 3 2771622 148643 1.7 19 11 9 13 49% 35807 12430 2619 125%
c - 221.59 47 27 54 260 72786 5 2787717 144036 1.7 21 12 9 13 49% 35807 12430 2619 125%
c - 224.14 47 32 54 261 76211 6 2803841 136986 1.7 23 13 9 13 49% 35807 12430 2619 125%
c - 226.76 47 36 54 262 79573 7 2819996 132062 1.8 24 14 9 13 49% 35807 12430 2619 125%
c
c  seconds    switched      rate            size/glue  tier1     binary         remaining
c          MB   reductions     conflicts          size   tier2       irredundant
c           level     restarts        redundant      glue    trail         variables
c
c - 229.27 47 40 54 263 82525 8 2836182 127339 1.8 25 14 9 13 49% 35807 12430 2619 125%
c - 231.69 47 43 54 264 85211 8 2852401 123016 1.8 27 15 9 13 49% 35807 12430 2619 125%
c - 234.03 47 45 54 265 87577 9 2868649 119057 1.8 28 15 9 13 49% 35807 12430 2619 125%
c u 235.32 47 46 54 265 88039 9 2872086 121524 1.8 28 15 9 13 49% 35807 12430 2619 125%
c v 236.05 47 46 54 265 88039 9 2872086 120868 1.8 28 15 9 13 49% 35807 12430 2619 125%
c w 236.32 47 46 54 265 88039 9 2872086 120795 1.8 28 15 9 13 49% 35807 12430 2619 125%
c - 238.96 47 47 54 266 89567 9 2884927 115002 1.9 29 15 9 13 49% 35807 12430 2619 125%
c - 241.02 47 48 54 267 91242 9 2901236 116233 1.9 29 16 9 13 49% 35807 12430 2619 125%
c - 243.17 47 49 54 268 93054 8 2917576 117571 1.9 30 16 9 13 49% 35807 12430 2619 125%
c } 244.39 47 50 55 268 93896 8 2928001 127882 1.9 31 16 9 13 49% 35807 12430 2619 125%
c [ 244.39 47 22 55 268 93896 1 2928001 127882 1.8 26 14 8 17 52% 35807 12430 2619 125%
c W 245.35 47 22 55 268 93896 1 2928001 127882 1.8 26 14 8 17 52% 35807 12430 2619 125%
c - 245.84 47 22 55 269 93900 1 2933948 119194 1.8 26 14 8 17 53% 35807 12430 2619 125%
c - 247.19 47 22 55 270 93909 1 2950351 122769 1.8 26 14 8 17 53% 35807 12430 2619 125%
c - 248.67 47 22 55 271 93915 1 2966782 125824 1.8 25 15 8 17 52% 35807 12430 2619 125%
c - 250.20 47 21 55 272 93924 1 2983245 126103 1.7 25 14 8 17 52% 35807 12430 2619 125%
c - 251.69 47 21 55 273 93926 1 2999737 127684 1.8 25 14 8 17 52% 35807 12430 2619 125%
c - 253.23 47 21 55 274 93932 1 3016259 126100 1.8 25 14 8 17 52% 35807 12430 2619 125%
c - 254.83 47 21 55 275 93940 1 3032811 123163 1.8 25 14 8 17 52% 35807 12430 2619 125%
c u 255.94 47 21 55 275 93941 1 3038943 128449 1.8 25 14 8 17 52% 35807 12430 2619 125%
c
c  seconds    switched      rate            size/glue  tier1     binary         remaining
c          MB   reductions     conflicts          size   tier2       irredundant
c           level     restarts        redundant      glue    trail         variables
c
c v 256.42 47 21 55 275 93941 1 3038943 126754 1.8 25 14 8 17 52% 35807 12430 2619 125%
c w 256.61 47 21 55 275 93941 1 3038943 122963 1.8 25 14 8 17 52% 35807 12430 2619 125%
c o 256.80 47 21 55 275 93941 1 3038943 122963 1.8 25 14 8 17 52% 35807 12430 2619 125%
c - 257.64 47 29 55 276 93947 1 3049394 114494 1.7 26 15 8 17 52% 35807 12430 2619 125%
c I 258.66 47 28 55 276 93954 1 3062241 126891 1.8 27 15 8 17 52% 35807 12430 2619 125%
c - 258.95 47 29 55 277 93955 1 3066007 112354 1.8 27 15 8 17 52% 35807 12430 2619 125%
c - 260.21 47 29 55 278 93957 1 3082651 110588 1.8 27 15 8 17 51% 35807 12430 2619 125%
c - 261.55 47 30 55 279 93958 1 3099324 107891 1.8 28 16 8 17 51% 35807 12430 2619 125%
c - 262.91 47 30 55 280 93958 1 3116028 104705 1.8 29 16 8 17 51% 35807 12430 2619 125%
c - 264.35 47 31 55 281 93964 1 3132762 102924 1.9 30 16 8 17 51% 35807 12430 2619 125%
c - 265.92 47 30 55 282 93973 1 3149525 101179 1.9 30 16 8 17 51% 35807 12430 2619 125%
c - 267.34 47 29 55 283 93980 1 3166317 102567 1.9 30 16 8 17 51% 35807 12430 2619 125%
c - 268.82 47 29 55 284 93988 1 3183140 104848 1.9 30 16 8 17 51% 35807 12430 2619 125%
c ] 269.31 47 28 56 284 93988 1 3188804 110390 1.9 31 16 8 17 51% 35807 12430 2619 125%
c { 269.31 47 50 56 284 93988 8 3188804 110390 1.9 31 16 9 13 49% 35807 12430 2619 125%
c - 270.26 47 47 56 285 94013 8 3199993 106446 1.9 30 16 9 13 49% 35807 12430 2619 125%
c u 271.63 47 44 56 285 94013 7 3210992 116504 1.9 29 15 9 13 49% 35807 12430 2619 125%
c v 272.20 47 44 56 285 94013 7 3210992 116473 1.9 29 15 9 13 49% 35807 12430 2619 125%
c w 272.40 47 44 56 285 94013 7 3210992 116450 1.9 29 15 9 13 49% 35807 12430 2619 125%
c - 272.88 47 42 56 286 94016 7 3216874 109505 1.9 29 15 9 13 49% 35807 12430 2619 125%
c
c  seconds    switched      rate            size/glue  tier1     binary         remaining
c          MB   reductions     conflicts          size   tier2       irredundant
c           level     restarts        redundant      glue    trail         variables
c
c - 274.04 47 39 56 287 94020 6 3233785 112969 1.9 28 14 9 13 49% 35807 12430 2619 125%
c - 275.20 47 36 56 288 94043 5 3250727 116267 1.9 27 14 9 13 49% 35807 12430 2619 125%
c - 276.42 47 33 56 289 94062 5 3267697 101846 1.9 26 14 8 13 49% 35807 12430 2619 125%
c - 277.62 47 30 56 290 94079 4 3284700 98738 1.9 25 13 8 13 49% 35807 12430 2619 125%
c o 278.47 47 29 56 290 94093 4 3296594 109960 1.9 25 13 8 13 49% 35807 12430 2619 125%
c - 278.83 47 28 56 291 94120 4 3301729 99478 1.9 24 13 8 13 49% 35807 12430 2619 125%
c - 279.96 47 26 56 292 94135 3 3318787 100728 1.9 24 13 8 13 49% 35807 12430 2619 125%
c - 281.15 47 25 56 293 94341 3 3335875 101989 1.8 23 12 8 13 49% 35807 12430 2619 125%
c - 282.33 47 24 56 294 94548 3 3352992 103272 1.8 22 12 8 13 49% 35807 12430 2619 125%
c } 282.69 47 24 57 294 94597 3 3358146 108067 1.8 22 12 8 13 49% 35807 12430 2619 125%
c [ 282.69 47 28 57 294 94597 1 3358146 108067 1.9 31 16 8 17 51% 35807 12430 2619 125%
c B 282.69 47 28 57 294 94597 1 3358146 108067 1.9 31 16 8 17 51% 35807 12430 2619 125%
c - 283.60 47 29 57 295 94603 1 3370138 102031 2.0 31 16 8 17 51% 35807 12430 2619 125%
c - 285.00 47 28 57 296 94611 1 3387313 100122 2.0 31 16 8 17 51% 35807 12430 2619 125%
c u 285.55 47 28 57 296 94611 1 3388258 99717 1.9 31 16 8 17 51% 35807 12430 2619 125%
c v 286.05 47 28 57 296 94611 1 3388258 99589 1.9 31 16 8 17 51% 35807 12430 2619 125%
c w 286.23 47 28 57 296 94611 1 3388258 98662 1.9 31 16 8 17 51% 35807 12430 2619 125%
c - 287.63 47 28 57 297 94620 1 3404517 97640 1.9 30 16 8 17 51% 35807 12430 2619 125%
c - 289.03 47 27 57 298 94626 1 3421750 97756 1.9 30 16 8 17 51% 35807 12430 2619 125%
c - 290.48 47 27 57 299 94627 1 3439012 98089 1.9 30 15 8 17 51% 35807 12430 2619 125%
c
c  seconds    switched      rate           size/glue  tier1     binary         remaining
c          MB   reductions     conflicts         size   tier2       irredundant
c           level     restarts        redundant     glue    trail         variables
c
c - 292.01 47 27 57 300 94637 1 3456304 97855 1.9 29 15 8 17 50% 35807 12430 2619 125%
c - 293.58 47 26 57 301 94643 1 3473625 97483 1.9 29 16 8 17 50% 35807 12430 2619 125%
c - 295.22 47 26 57 302 94654 1 3490975 98548 1.9 29 15 8 17 50% 35807 12430 2619 125%
c ] 295.90 47 25 58 302 94657 1 3498461 105522 1.8 28 15 8 17 49% 35807 12430 2619 125%
c { 295.90 47 24 58 302 94657 3 3498461 105522 1.8 22 12 8 13 49% 35807 12430 2619 125%
c - 296.61 47 23 58 303 94760 3 3508354 101533 1.8 22 12 8 13 49% 35807 12430 2619 125%
c - 297.81 47 22 58 304 94955 3 3525760 105651 1.8 21 12 8 13 49% 35807 12430 2619 125%
c - 299.08 47 22 58 305 95351 3 3543196 107897 1.8 21 12 8 13 49% 35807 12430 2619 125%
c o 299.32 47 22 58 305 95395 3 3546632 111188 1.8 21 12 8 13 49% 35807 12430 2619 125%
c - 300.31 47 22 58 306 95652 2 3560660 109308 1.8 21 12 8 13 49% 35807 12430 2619 125%
c u 301.58 47 21 58 306 95808 2 3570767 117257 1.7 21 12 8 13 49% 35807 12430 2619 125%
c v 302.13 47 21 58 306 95808 2 3570767 114688 1.7 21 12 8 13 49% 35807 12430 2619 125%
c w 302.32 47 21 58 306 95808 2 3570767 113889 1.7 21 12 8 13 49% 35807 12430 2619 125%
c - 302.91 47 21 58 307 96078 2 3578152 105636 1.7 21 12 8 13 49% 35807 12430 2619 125%
c - 304.15 47 21 58 308 96397 2 3595676 108536 1.7 20 12 8 13 49% 35807 12430 2619 125%
c - 305.41 47 21 58 309 96874 2 3613226 111373 1.7 20 12 8 13 49% 35807 12430 2619 125%
c - 306.69 47 20 58 310 97284 2 3630804 114014 1.7 20 12 8 13 49% 35807 12430 2619 125%
c - 308.06 47 21 58 311 98135 2 3648411 116663 1.7 20 12 8 13 49% 35807 12430 2619 125%
c - 309.40 47 21 58 312 98746 2 3666046 118301 1.7 20 12 8 13 49% 35807 12430 2619 125%
c } 310.33 47 20 59 312 99063 2 3679092 130305 1.7 20 11 8 13 49% 35807 12430 2619 125%
c
c  seconds    switched      rate            size/glue  tier1     binary         remaining
c          MB   reductions     conflicts          size   tier2       irredundant
c           level     restarts        redundant      glue    trail         variables
c
c [ 310.33 47 25 59 312 99063 1 3679092 130305 1.8 28 15 8 17 49% 35807 12430 2619 125%
c W 311.64 47 25 59 312 99063 1 3679092 130305 1.8 28 15 8 17 49% 35807 12430 2619 125%
c - 311.99 47 26 59 313 99066 1 3683709 118713 1.8 29 16 8 17 49% 35807 12430 2619 125%
c - 313.35 47 26 59 314 99076 1 3701400 117193 1.8 28 16 8 17 50% 35807 12430 2619 125%
c - 314.87 47 26 59 315 99083 1 3719120 116133 1.8 28 15 8 17 50% 35807 12430 2619 125%
c - 316.46 47 25 59 316 99092 1 3736869 116948 1.8 27 15 8 17 50% 35807 12430 2619 125%
c - 317.92 47 24 59 317 99093 1 3754645 118013 1.8 27 15 8 17 50% 35807 12430 2619 125%
c u 318.78 47 24 59 317 99093 1 3758546 120524 1.8 27 15 8 17 50% 35807 12430 2619 125%
c v 319.35 47 24 59 317 99093 1 3758546 119970 1.8 27 15 8 17 50% 35807 12430 2619 125%
c w 319.56 47 24 59 317 99093 1 3758546 118946 1.8 27 15 8 17 50% 35807 12430 2619 125%
c - 320.77 47 24 59 318 99100 1 3772449 115756 1.8 27 15 8 17 50% 35807 12430 2619 125%
c - 322.37 47 23 59 319 99108 1 3790281 117495 1.8 26 14 8 17 50% 35807 12430 2619 125%
c - 324.05 47 22 59 320 99117 1 3808142 117956 1.8 26 14 8 17 50% 35807 12430 2619 125%
c - 325.78 47 22 59 321 99123 1 3826031 116836 1.8 26 14 8 17 50% 35807 12430 2619 125%
c ] 326.12 47 22 60 321 99124 1 3829615 120039 1.9 26 14 8 17 50% 35807 12430 2619 125%
c { 326.12 47 20 60 321 99124 2 3829615 120039 1.7 20 11 8 13 49% 35807 12430 2619 125%
c o 326.20 47 20 60 321 99129 2 3830379 120699 1.7 20 11 8 13 49% 35807 12430 2619 125%
c - 327.23 47 20 60 322 99449 2 3843948 117307 1.7 20 11 8 13 49% 35807 12430 2619 125%
c - 328.56 47 20 60 323 99899 2 3861895 117614 1.7 19 11 8 13 49% 35807 12430 2619 125%
c - 329.94 47 20 60 324 100499 2 3879867 117341 1.7 20 11 8 13 49% 35807 12430 2619 125%
c
c  seconds    switched       rate            size/glue  tier1     binary         remaining
c          MB   reductions      conflicts          size   tier2       irredundant
c           level      restarts        redundant      glue    trail         variables
c
c - 331.33 47 20 60 325 100945 2 3897867 117831 1.7 20 11 8 13 49% 35807 12430 2619 125%
c - 332.79 47 20 60 326 101794 2 3915899 119846 1.7 20 11 8 13 49% 35807 12430 2619 125%
c - 334.12 47 20 60 327 102153 2 3933954 122471 1.7 20 11 8 13 49% 35807 12430 2619 125%
c u 336.06 47 20 60 327 102735 2 3951617 137433 1.7 19 11 8 13 49% 35807 12430 2619 125%
c v 336.65 47 20 60 327 102735 2 3951617 132845 1.7 19 11 8 13 49% 35807 12430 2619 125%
c w 336.86 47 20 60 327 102735 2 3951617 132598 1.7 19 11 8 13 49% 35807 12430 2619 125%
c - 336.94 47 20 60 328 102740 2 3952037 118225 1.7 19 11 8 13 49% 35807 12430 2619 125%
c - 338.31 47 20 60 329 103364 2 3970148 122565 1.7 19 11 8 13 49% 35807 12430 2619 125%
c - 339.75 47 20 60 330 104164 2 3988286 126895 1.7 19 11 8 13 49% 35807 12430 2619 125%
c - 341.22 47 20 60 331 105010 2 4006451 129743 1.7 19 11 8 13 49% 35807 12430 2619 125%
c } 342.39 47 20 61 331 105509 2 4021867 143933 1.7 19 11 8 13 49% 35807 12430 2619 125%
c [ 342.39 47 22 61 331 105509 1 4021867 143933 1.9 26 14 8 17 50% 35807 12430 2619 125%
c O 342.39 47 22 61 331 105509 1 4021867 143933 1.9 26 14 8 17 50% 35807 12430 2619 125%
c - 342.63 47 21 61 332 105511 1 4024644 131174 1.8 25 14 8 17 50% 35807 12430 2619 125%
c - 344.17 47 21 61 333 105522 1 4042865 131651 1.8 25 14 8 17 50% 35807 12430 2619 125%
c - 345.86 47 20 61 334 105529 1 4061114 131688 1.8 25 13 8 17 50% 35807 12430 2619 125%
c - 347.63 47 20 61 335 105538 1 4079390 131583 1.9 25 13 8 17 50% 35807 12430 2619 125%
c - 349.33 47 20 61 336 105539 1 4097693 130263 1.8 25 13 8 17 50% 35807 12430 2619 125%
c - 351.11 47 21 61 337 105546 1 4116023 128526 1.8 25 14 8 17 50% 35807 12430 2619 125%
c - 352.99 47 21 61 338 105554 1 4134381 128092 1.8 25 14 8 17 50% 35807 12430 2619 125%
c
c  seconds    switched       rate            size/glue  tier1     binary         remaining
c          MB   reductions      conflicts          size   tier2       irredundant
c           level      restarts        redundant      glue    trail         variables
c
c u 355.14 47 21 61 338 105563 1 4150008 141905 1.8 25 14 8 17 50% 35807 12430 2619 125%
c v 355.84 47 21 61 338 105563 1 4150008 136386 1.8 25 14 8 17 50% 35807 12430 2619 125%
c w 356.09 64 21 61 338 105563 1 4150008 127874 1.8 25 14 8 17 50% 35807 12430 2619 125%
c o 356.13 64 21 61 338 105563 1 4150008 127874 1.8 25 14 8 17 50% 35807 12430 2619 125%
c - 356.34 55 23 61 339 105564 1 4152765 115757 1.8 25 14 8 17 50% 35807 12430 2619 125%
c - 357.89 58 24 61 340 105570 1 4171177 118476 1.8 26 14 8 17 50% 35807 12430 2619 125%
c ] 358.96 55 24 62 340 105570 1 4183825 130518 1.8 26 14 8 17 50% 35807 12430 2619 125%
c { 358.96 55 20 62 340 105570 2 4183825 130518 1.7 19 11 8 13 49% 35807 12430 2619 125%
c - 359.47 56 20 62 341 105775 2 4189617 119293 1.7 19 11 8 13 49% 35807 12430 2619 125%
c - 360.85 58 20 62 342 106213 2 4208084 121857 1.7 19 11 8 13 49% 35807 12430 2619 125%
c - 362.29 58 20 62 343 106872 2 4226579 122955 1.7 19 11 8 13 49% 35807 12430 2619 125%
c - 363.75 58 20 62 344 107603 2 4245099 124323 1.7 19 11 8 13 49% 35807 12430 2619 125%
c - 365.20 58 20 62 345 108301 2 4263646 126744 1.7 19 11 8 13 49% 35807 12430 2619 125%
c - 366.77 58 20 62 346 109291 3 4282220 128741 1.7 19 11 8 13 49% 35807 12430 2619 125%
c - 368.23 58 20 62 347 109917 3 4300822 130496 1.7 19 11 8 13 49% 35807 12430 2619 125%
c - 369.75 58 20 62 348 110779 3 4319451 132686 1.7 19 11 8 13 49% 35807 12430 2619 125%
c - 371.24 58 20 62 349 111437 3 4338105 135464 1.7 19 11 8 13 49% 35807 12430 2619 125%
c u 373.06 62 20 62 349 111731 2 4353744 148599 1.7 19 11 8 13 49% 35807 12430 2619 125%
c v 373.66 63 20 62 349 111731 2 4353744 143451 1.7 19 11 8 13 49% 35807 12430 2619 125%
c w 373.87 63 20 62 349 111731 2 4353744 142912 1.7 19 11 8 13 49% 35807 12430 2619 125%
c
c  seconds    switched       rate            size/glue  tier1     binary         remaining
c          MB   reductions      conflicts          size   tier2       irredundant
c           level      restarts        redundant      glue    trail         variables
c
c - 374.19 58 20 62 350 111899 2 4356788 130916 1.7 19 11 8 13 49% 35807 12430 2619 125%
c - 375.69 56 20 62 351 112648 3 4375498 133466 1.7 19 11 8 13 49% 35807 12430 2619 125%
c } 376.64 58 20 63 351 112992 2 4388034 144981 1.7 19 11 8 13 49% 35807 12430 2619 125%
c [ 376.64 58 24 63 351 112992 1 4388034 144981 1.8 26 14 8 17 50% 35807 12430 2619 125%
c B 376.64 58 24 63 351 112992 1 4388034 144981 1.8 26 14 8 17 50% 35807 12430 2619 125%
c - 377.12 58 24 63 352 112997 1 4394232 138815 1.8 26 14 8 17 50% 35807 12430 2619 125%
c - 378.60 56 24 63 353 113006 1 4412996 139088 1.8 26 14 8 17 50% 35807 12430 2619 125%
c - 380.25 58 23 63 354 113013 1 4431787 138725 1.8 26 14 8 17 50% 35807 12430 2619 125%
c - 382.09 58 23 63 355 113021 1 4450601 138324 1.9 26 14 8 17 50% 35807 12430 2619 125%
c - 383.88 55 24 63 356 113022 1 4469442 134547 1.8 27 15 8 17 50% 35807 12430 2619 125%
c - 385.72 58 25 63 357 113034 1 4488309 129857 1.9 28 15 8 17 50% 35807 12430 2619 125%
c - 387.57 58 26 63 358 113041 1 4507203 127113 1.8 28 15 8 17 50% 35807 12430 2619 125%
c - 389.45 54 26 63 359 113051 1 4526125 122404 1.8 28 16 8 17 50% 35807 12430 2619 125%
c - 391.33 56 27 63 360 113053 1 4545072 118547 1.8 29 16 8 17 50% 35807 12430 2619 125%
c W 394.24 47 27 63 360 113054 1 4558129 131113 1.8 29 16 8 17 50% 35807 12430 2619 125%
c o 394.24 47 27 63 360 113054 1 4558129 131113 1.8 29 16 8 17 50% 35807 12430 2619 125%
c ] 394.34 47 28 64 360 113054 1 4559656 132607 1.7 29 17 8 17 50% 35807 12430 2619 125%
c { 394.34 47 20 64 360 113054 2 4559656 132607 1.7 19 11 8 13 49% 35807 12430 2619 125%
c u 395.35 47 20 64 360 113195 2 4562849 134954 1.7 19 11 8 13 49% 35807 12430 2619 125%
c v 396.07 47 20 64 360 113195 2 4562849 134835 1.7 19 11 8 13 49% 35807 12430 2619 125%
c
c  seconds    switched       rate            size/glue  tier1     binary         remaining
c          MB   reductions      conflicts          size   tier2       irredundant
c           level      restarts        redundant      glue    trail         variables
c
c w 396.34 47 20 64 360 113195 2 4562849 133306 1.7 19 11 8 13 49% 35807 12430 2619 125%
c - 396.50 47 20 64 361 113269 2 4564045 117609 1.7 19 11 8 13 49% 35807 12430 2619 125%
c - 397.96 47 20 64 362 113826 2 4583046 123339 1.7 19 11 8 13 49% 35807 12430 2619 125%
c - 399.55 47 20 64 363 114868 3 4602072 127685 1.7 19 11 8 13 49% 35807 12430 2619 125%
c - 401.04 47 20 64 364 115538 3 4621126 130163 1.7 19 11 8 13 49% 35807 12430 2619 125%
c - 402.51 47 20 64 365 116137 2 4640205 131564 1.7 19 11 8 13 49% 35807 12430 2619 125%
c - 404.05 47 20 64 366 116824 3 4659309 133174 1.7 19 11 8 13 49% 35807 12430 2619 125%
c - 405.45 47 19 64 367 117018 2 4678440 135426 1.7 19 11 8 13 49% 35807 12430 2619 125%
c - 407.04 47 20 64 368 117978 2 4697598 138001 1.7 19 11 8 13 49% 35807 12430 2619 125%
c - 408.57 47 19 64 369 118592 2 4716783 139902 1.7 19 11 8 13 49% 35807 12430 2619 125%
c - 410.19 47 20 64 370 119628 2 4735995 139925 1.7 19 11 8 13 49% 35807 12430 2619 125%
c - 411.73 47 20 64 371 120339 3 4755230 142454 1.7 19 11 8 13 49% 35807 12430 2619 125%
c - 413.27 47 20 64 372 121102 3 4774491 143515 1.7 19 11 8 13 49% 35807 12430 2619 125%
c } 413.40 47 20 65 372 121102 3 4776154 144981 1.7 19 11 8 13 49% 35807 12430 2619 125%
c [ 413.40 47 28 65 372 121102 1 4776154 144981 1.7 29 17 8 17 50% 35807 12430 2619 125%
c I 413.40 47 28 65 372 121102 1 4776154 144981 1.7 29 17 8 17 50% 35807 12430 2619 125%
c u 414.01 47 29 65 372 121103 1 4777349 145810 1.7 29 17 8 17 50% 35807 12430 2619 125%
c v 414.46 47 29 65 372 121103 1 4777349 144468 1.7 29 17 8 17 50% 35807 12430 2619 125%
c w 414.63 47 29 65 372 121103 1 4777349 144386 1.7 29 17 8 17 50% 35807 12430 2619 125%
c - 418.54 47 29 65 373 121113 1 4793779 138385 1.8 29 17 8 17 50% 35807 12430 2619 125%
c
c  seconds    switched       rate            size/glue  tier1     binary         remaining
c          MB   reductions      conflicts          size   tier2       irredundant
c           level      restarts        redundant      glue    trail         variables
c
c - 420.18 47 28 65 374 121120 1 4813093 135594 1.8 29 16 8 17 50% 35807 12430 2619 125%
c - 422.01 47 28 65 375 121130 1 4832433 134960 1.8 29 16 8 17 50% 35807 12430 2619 125%
c - 423.80 47 27 65 376 121132 1 4851797 134171 1.8 29 16 8 17 49% 35807 12430 2619 125%
c - 425.61 47 27 65 377 121140 1 4871187 134527 1.9 29 16 8 17 49% 35807 12430 2619 125%
c - 427.51 47 26 65 378 121147 1 4890604 134048 1.9 29 16 8 17 49% 35807 12430 2619 125%
c - 429.47 47 26 65 379 121160 1 4910047 134353 1.9 29 15 8 17 49% 35807 12430 2619 125%
c - 431.41 47 25 65 380 121163 1 4929514 134431 1.9 29 15 8 17 49% 35807 12430 2619 125%
c - 433.33 47 25 65 381 121164 1 4949007 133045 2.0 29 15 8 17 49% 35807 12430 2619 125%
c ] 434.38 47 25 66 381 121164 1 4959233 142829 2.0 29 15 8 17 49% 35807 12430 2619 125%
c { 434.38 47 20 66 381 121164 3 4959233 142829 1.7 19 11 8 13 49% 35807 12430 2619 125%
c o 434.44 47 20 66 381 121172 3 4959675 143260 1.7 19 11 8 13 49% 35807 12430 2619 125%
c - 435.19 47 19 66 382 121173 2 4968526 131430 1.7 19 11 8 13 49% 35807 12430 2619 125%
c - 436.81 47 18 66 383 121180 2 4988072 130700 1.6 18 11 8 13 49% 35807 12430 2619 125%
c u 438.38 47 17 66 383 121180 2 4997248 135786 1.6 18 11 8 13 49% 35807 12430 2619 125%
c v 439.17 47 17 66 383 121180 2 4997248 127581 1.6 18 11 8 13 49% 35807 12430 2619 125%
c w 439.45 47 17 66 383 121180 2 4997248 127521 1.6 18 11 8 13 49% 35807 12430 2619 125%
c - 440.26 47 17 66 384 121202 2 5007642 123738 1.6 17 11 8 13 49% 35807 12430 2619 125%
c - 441.69 47 16 66 385 121261 2 5027238 131990 1.6 17 11 8 13 49% 35807 12430 2619 125%
c - 443.07 47 15 66 386 121321 2 5046859 134849 1.6 17 10 8 13 49% 35807 12430 2619 125%
c - 444.45 47 15 66 387 121361 2 5066505 137500 1.6 16 10 8 13 49% 35807 12430 2619 125%
c
c  seconds    switched       rate            size/glue  tier1     binary         remaining
c          MB   reductions      conflicts          size   tier2       irredundant
c           level      restarts        redundant      glue    trail         variables
c
c - 446.00 47 14 66 388 121543 2 5086177 141683 1.6 16 10 8 13 49% 35807 12430 2619 125%
c - 447.48 47 14 66 389 121679 1 5105875 146345 1.6 16 10 8 13 49% 35807 12430 2619 125%
c - 448.99 47 14 66 390 121861 1 5125599 150065 1.6 16 10 8 13 49% 35807 12430 2619 125%
c - 450.63 47 13 66 391 122264 1 5145348 153889 1.6 16 10 8 13 49% 35807 12430 2619 125%
c - 452.19 47 13 66 392 122528 1 5165122 156517 1.6 16 10 8 13 49% 35807 12430 2619 125%
c - 453.80 47 13 66 393 122818 1 5184920 158538 1.6 16 10 8 13 49% 35807 12430 2619 125%
c } 454.07 47 13 67 393 122850 1 5188348 161257 1.6 16 10 8 13 49% 35807 12430 2619 125%
c [ 454.07 47 25 67 393 122850 1 5188348 161257 2.0 29 15 8 17 49% 35807 12430 2619 125%
c B 454.07 47 25 67 393 122850 1 5188348 161257 2.0 29 15 8 17 49% 35807 12430 2619 125%
c - 455.32 47 25 67 394 122859 1 5204744 159345 2.0 29 15 8 17 49% 35807 12430 2619 125%
c u 457.51 66 25 67 394 122866 1 5222590 174181 1.9 29 15 8 17 49% 35807 12430 2619 125%
c v 458.21 66 25 67 394 122866 1 5222590 173863 1.9 29 15 8 17 49% 35807 12430 2619 125%
c w 458.47 66 25 67 394 122866 1 5222590 171949 1.9 29 15 8 17 49% 35807 12430 2619 125%
c - 458.71 56 25 67 395 122867 1 5224594 156077 2.0 28 15 8 17 49% 35807 12430 2619 125%
c - 460.37 60 25 67 396 122878 1 5244468 154621 1.9 29 15 8 17 49% 35807 12430 2619 125%
c - 462.24 58 25 67 397 122880 1 5264367 152251 1.9 29 15 8 17 50% 35807 12430 2619 125%
c - 464.24 60 25 67 398 122889 1 5284291 151659 2.0 29 15 8 17 50% 35807 12430 2619 125%
c - 466.18 58 25 67 399 122897 1 5304240 151187 2.0 29 15 8 17 50% 35807 12430 2619 125%
c - 468.15 60 25 67 400 122909 1 5324215 150657 2.0 29 15 8 17 50% 35807 12430 2619 125%
c - 470.20 58 25 67 401 122911 1 5344216 149369 2.0 29 15 8 17 50% 35807 12430 2619 125%
c
c  seconds    switched       rate            size/glue  tier1     binary         remaining
c          MB   reductions      conflicts          size   tier2       irredundant
c           level      restarts        redundant      glue    trail         variables
c
c - 472.35 55 26 67 402 122912 1 5364241 146610 2.0 29 15 8 17 50% 35807 12430 2619 125%
c W 476.02 47 26 67 402 122912 1 5381488 163452 2.0 29 15 8 17 50% 35807 12430 2619 125%
c o 476.02 47 26 67 402 122912 1 5381488 163452 2.0 29 15 8 17 50% 35807 12430 2619 125%
c - 476.24 47 28 67 403 122912 1 5384290 144437 1.9 29 15 8 17 50% 35807 12430 2619 125%
c ] 476.50 47 28 68 403 122915 1 5387713 147739 1.9 29 15 8 17 50% 35807 12430 2619 125%
c { 476.50 47 13 68 403 122915 1 5387713 147739 1.6 16 10 8 13 49% 35807 12430 2619 125%
c - 478.37 47 15 68 404 125484 2 5404364 145942 1.6 17 10 8 13 49% 35807 12430 2619 125%
c - 480.54 47 17 68 405 128331 2 5424463 150694 1.6 17 11 8 13 49% 35807 12430 2619 125%
c - 482.44 47 18 68 406 129870 3 5444587 153123 1.6 18 11 8 13 49% 35807 12430 2619 125%
c u 484.05 47 18 68 406 130127 3 5453383 160642 1.6 18 11 8 13 49% 35807 12430 2619 125%
c v 484.86 47 18 68 406 130127 3 5453383 159017 1.6 18 11 8 13 49% 35807 12430 2619 125%
c w 485.15 47 18 68 406 130127 3 5453383 158838 1.6 18 11 8 13 49% 35807 12430 2619 125%
c - 486.24 47 18 68 407 130875 3 5464737 152793 1.6 18 11 8 13 49% 35807 12430 2619 125%
c - 487.98 47 19 68 408 131866 3 5484913 155241 1.6 18 11 8 13 49% 35807 12430 2619 125%
c - 489.66 47 19 68 409 132590 3 5505113 157279 1.6 18 11 8 13 49% 35807 12430 2619 125%
c - 491.39 47 19 68 410 133470 3 5525337 158211 1.6 18 11 8 13 49% 35807 12430 2619 125%
c - 493.10 47 19 68 411 134201 3 5545585 159199 1.6 18 11 8 13 49% 35807 12430 2619 125%
c - 494.77 47 19 68 412 134852 3 5565859 159687 1.6 18 11 8 13 49% 35807 12430 2619 125%
c - 496.45 47 19 68 413 135618 3 5586158 160160 1.7 19 11 8 13 49% 35807 12430 2619 125%
c - 498.29 47 20 68 414 136790 3 5606480 160588 1.7 19 11 8 13 49% 35807 12430 2619 125%
c
c  seconds    switched       rate            size/glue  tier1     binary         remaining
c          MB   reductions      conflicts          size   tier2       irredundant
c           level      restarts        redundant      glue    trail         variables
c
c - 500.03 47 20 68 415 137687 3 5626827 159422 1.7 19 11 8 13 49% 35807 12430 2619 125%
c } 500.30 47 20 69 415 137910 3 5629773 162236 1.7 19 11 8 13 49% 35807 12430 2619 125%
c [ 500.30 47 28 69 415 137910 1 5629773 162236 1.9 29 15 8 17 50% 35807 12430 2619 125%
c O 500.30 47 28 69 415 137910 1 5629773 162236 1.9 29 15 8 17 50% 35807 12430 2619 125%
c - 501.64 47 26 69 416 137921 1 5647198 158095 1.9 28 15 8 17 50% 35807 12430 2619 125%
c - 503.38 47 25 69 417 137928 1 5667594 156415 1.9 27 14 8 17 50% 35807 12430 2619 125%
c - 505.36 47 24 69 418 137939 1 5688015 153500 1.8 26 14 8 17 50% 35807 12430 2619 125%
c u 506.31 64 24 69 418 137939 1 5689644 153082 1.8 26 14 8 17 50% 35807 12430 2619 125%
c v 507.07 66 24 69 418 137939 1 5689644 141362 1.8 26 14 8 17 50% 35807 12430 2619 125%
c w 507.35 66 24 69 418 137939 1 5689644 131733 1.8 26 14 8 17 50% 35807 12430 2619 125%
c - 509.04 56 23 69 419 137940 1 5708460 134751 1.8 26 14 8 17 50% 35807 12430 2619 125%
c - 510.90 58 22 69 420 137951 1 5728930 141154 1.8 25 14 8 17 50% 35807 12430 2619 125%
c - 512.88 58 22 69 421 137959 1 5749423 141496 1.8 25 14 8 17 50% 35807 12430 2619 125%
c - 514.88 55 22 69 422 137970 1 5769941 139916 1.8 24 14 8 17 50% 35807 12430 2619 125%
c - 516.75 58 22 69 423 137971 1 5790484 138202 1.8 24 14 8 17 50% 35807 12430 2619 125%
c - 518.71 58 22 69 424 137972 1 5811050 134437 1.8 25 14 8 17 50% 35807 12430 2619 125%
c - 520.79 58 22 69 425 137976 1 5831641 133737 1.8 25 14 8 17 50% 35807 12430 2619 125%
c B 521.52 56 22 69 425 137980 1 5838889 140610 1.8 25 14 8 17 50% 35807 12430 2619 125%
c o 521.52 56 22 69 425 137980 1 5838889 140610 1.8 25 14 8 17 50% 35807 12430 2619 125%
c - 522.74 54 23 69 426 137987 1 5852256 134866 1.8 25 14 8 17 50% 35807 12430 2619 125%
c
c  seconds    switched       rate            size/glue  tier1     binary         remaining
c          MB   reductions      conflicts          size   tier2       irredundant
c           level      restarts        redundant      glue    trail         variables
c
c ] 523.75 56 23 70 426 137990 1 5863102 144950 1.8 25 14 8 17 50% 35807 12430 2619 125%
c { 523.75 56 20 70 426 137990 3 5863102 144950 1.7 19 11 8 13 49% 35807 12430 2619 125%
c - 525.36 58 24 70 427 139696 3 5872895 134733 1.7 20 12 8 13 49% 35807 12430 2619 125%
c - 528.89 58 31 70 428 143293 5 5893559 130923 1.7 23 13 8 13 49% 35807 12430 2619 125%
c - 532.63 58 37 70 429 146895 6 5914247 127276 1.8 25 14 8 13 49% 35807 12430 2619 125%
c u 536.81 63 40 70 429 149776 7 5931403 140810 1.8 27 15 8 13 49% 35807 12430 2619 125%
c v 537.75 63 40 70 429 149776 7 5931403 139773 1.8 27 15 8 13 49% 35807 12430 2619 125%
c w 538.13 63 40 70 429 149776 7 5931403 139726 1.8 27 15 8 13 49% 35807 12430 2619 125%
c - 538.87 58 41 70 430 150329 7 5934960 122159 1.8 27 15 8 13 49% 35807 12430 2619 125%
c - 542.23 58 44 70 431 152956 7 5955697 122445 1.8 28 16 8 13 49% 35807 12430 2619 125%
c - 545.45 58 47 70 432 155306 8 5976458 123372 1.8 30 16 8 13 49% 35807 12430 2619 125%
c - 548.45 58 49 70 433 157123 7 5997242 123102 1.9 31 17 8 13 49% 35807 12430 2619 125%
c - 551.35 58 50 70 434 158751 7 6018054 122797 1.9 32 17 8 13 49% 35807 12430 2619 125%
c - 554.05 55 50 70 435 160075 7 6038886 123167 1.9 33 17 8 13 49% 35807 12430 2619 125%
c - 556.94 58 51 70 436 161645 7 6059742 123147 1.9 33 17 8 13 49% 35807 12430 2619 125%
c - 559.73 58 52 70 437 163017 7 6080622 122269 2.0 34 17 8 13 49% 35807 12430 2619 125%
c - 562.56 58 52 70 438 164315 6 6101526 121256 2.0 35 17 8 13 49% 35807 12430 2619 125%
c } 564.64 58 52 71 438 165071 6 6118430 137944 2.0 35 18 8 13 49% 35807 12430 2619 125%
c [ 564.64 58 23 71 438 165071 1 6118430 137944 1.8 25 14 8 17 50% 35807 12430 2619 125%
c W 566.96 47 23 71 438 165071 1 6118430 137944 1.8 25 14 8 17 50% 35807 12430 2619 125%
c
c  seconds    switched       rate            size/glue  tier1     binary         remaining
c          MB   reductions      conflicts          size   tier2       irredundant
c           level      restarts        redundant      glue    trail         variables
c
c - 567.35 47 22 71 439 165073 1 6122455 121479 1.8 25 14 8 17 50% 35807 12430 2619 125%
c - 569.40 47 22 71 440 165085 1 6143407 124984 1.8 25 14 8 17 50% 35807 12430 2619 125%
c - 571.57 47 22 71 441 165093 1 6164384 127483 1.8 25 14 7 17 50% 35807 12430 2619 125%
c u 574.34 64 21 71 441 165100 1 6178685 139432 1.8 25 14 7 17 50% 35807 12430 2619 125%
c v 575.63 66 21 71 441 165100 1 6178685 131957 1.8 25 14 7 17 50% 35807 12430 2619 125%
c w 576.08 66 21 71 441 165100 1 6178685 122057 1.8 25 14 7 17 50% 35807 12430 2619 125%
c o 576.11 66 21 71 441 165100 1 6178685 122057 1.8 25 14 7 17 50% 35807 12430 2619 125%
c - 576.65 55 26 71 442 165101 1 6185384 111430 1.7 26 15 7 17 50% 35807 12430 2619 125%
c - 578.44 55 26 71 443 165106 1 6206408 115236 1.8 26 15 7 17 50% 35807 12430 2619 125%
c - 580.45 58 24 71 444 165116 1 6227455 121086 1.8 25 14 7 17 50% 35807 12430 2619 125%
c - 582.60 58 23 71 445 165126 1 6248526 124189 1.8 25 14 7 17 50% 35807 12430 2619 125%
c - 584.75 58 22 71 446 165132 1 6269622 122819 1.8 24 14 7 16 50% 35807 12430 2619 125%
c - 586.80 58 22 71 447 165133 1 6290740 124590 1.8 24 13 7 16 50% 35807 12430 2619 125%
c - 589.01 56 21 71 448 165133 1 6311886 126244 1.8 24 13 7 16 50% 35807 12430 2619 125%
c - 591.27 58 20 71 449 165145 1 6333052 128181 1.9 24 13 7 16 50% 35807 12430 2619 125%
c I 592.37 56 20 71 449 165148 1 6343997 138202 1.9 24 13 7 16 50% 35807 12430 2619 125%
c - 593.34 56 22 71 450 165154 1 6354242 128301 1.9 25 13 7 16 50% 35807 12430 2619 125%
c - 595.35 58 23 71 451 165163 1 6375455 124697 1.9 26 14 7 16 50% 35807 12430 2619 125%
c - 597.47 58 23 71 452 165164 1 6396691 125152 1.9 27 14 7 16 50% 35807 12430 2619 125%
c - 599.74 58 23 71 453 165178 1 6417951 127151 1.9 27 14 7 16 50% 35807 12430 2619 125%
c
c  seconds    switched       rate            size/glue  tier1     binary         remaining
c          MB   reductions      conflicts          size   tier2       irredundant
c           level      restarts        redundant      glue    trail         variables
c
c u 602.09 63 24 71 453 165181 1 6431491 138674 1.9 27 14 7 16 50% 35807 12430 2619 125%
c v 603.09 64 24 71 453 165181 1 6431491 137901 1.9 27 14 7 16 50% 35807 12430 2619 125%
c w 603.45 66 24 71 453 165181 1 6431491 135299 1.9 27 14 7 16 50% 35807 12430 2619 125%
c - 604.27 55 24 71 454 165186 1 6439234 122899 1.9 27 14 7 16 50% 35807 12430 2619 125%
c - 606.42 58 23 71 455 165194 1 6460543 123147 1.9 27 15 7 16 51% 35807 12430 2619 125%
c - 608.59 58 23 71 456 165196 1 6481873 126053 1.8 27 14 7 16 51% 35807 12430 2619 125%
c ] 609.86 58 23 72 456 165196 1 6494471 137953 1.8 27 15 7 16 51% 35807 12430 2619 125%
c { 609.86 58 52 72 456 165196 6 6494471 137953 2.0 35 18 8 13 49% 35807 12430 2619 125%
c - 610.79 58 50 72 457 165199 6 6503228 109974 2.0 34 17 7 13 49% 35807 12430 2619 125%
c o 611.46 54 48 72 457 165203 5 6509799 116321 2.0 34 17 7 13 50% 35807 12430 2619 125%
c - 612.64 56 44 72 458 165212 5 6524605 107695 2.0 32 16 7 13 50% 35807 12430 2619 125%
c - 614.50 56 39 72 459 165212 4 6546005 109255 2.0 30 15 7 13 50% 35807 12430 2619 125%
c - 616.22 55 35 72 460 165249 4 6567430 110170 1.9 29 15 7 13 50% 35807 12430 2619 125%
c - 617.93 55 32 72 461 165273 3 6588877 111412 1.9 27 14 7 13 50% 35807 12430 2619 125%
c - 619.76 55 29 72 462 165299 3 6610348 112374 1.9 26 14 7 13 49% 35807 12430 2619 125%
c - 621.56 54 27 72 463 165314 3 6631843 113197 1.9 25 13 7 13 50% 35807 12430 2619 125%
c - 623.50 58 25 72 464 165318 2 6653362 113983 1.9 24 13 7 13 50% 35807 12430 2619 125%
c - 625.25 58 23 72 465 165502 2 6674905 115079 1.8 23 13 7 13 50% 35807 12430 2619 125%
c u 627.24 60 23 72 465 165648 2 6689870 126577 1.8 23 12 7 13 50% 35807 12430 2619 125%
c v 628.12 62 23 72 465 165648 2 6689870 119739 1.8 23 12 7 13 50% 35807 12430 2619 125%
c
c  seconds    switched       rate            size/glue  tier1     binary         remaining
c          MB   reductions      conflicts          size   tier2       irredundant
c           level      restarts        redundant      glue    trail         variables
c
c w 628.42 62 23 72 465 165648 2 6689870 118370 1.8 23 12 7 13 50% 35807 12430 2619 125%
c - 628.98 55 23 72 466 165691 2 6696468 110731 1.8 23 12 7 13 50% 35807 12430 2619 125%
c - 630.70 58 22 72 467 165906 2 6718056 113048 1.8 22 12 7 13 50% 35807 12430 2619 125%
c - 632.40 54 21 72 468 166193 2 6739666 113265 1.8 21 12 7 13 49% 35807 12430 2619 125%
c - 634.14 58 21 72 469 166625 2 6761299 113985 1.8 21 12 7 13 49% 35807 12430 2619 125%
c } 634.31 55 21 73 469 166669 2 6763387 115907 1.8 21 12 7 13 49% 35807 12430 2619 125%
c [ 634.31 55 23 73 469 166669 1 6763387 115907 1.8 27 15 7 16 51% 35807 12430 2619 125%
c B 634.31 55 23 73 469 166669 1 6763387 115907 1.8 27 15 7 16 51% 35807 12430 2619 125%
c - 636.04 58 23 73 470 166681 1 6782955 111361 1.8 26 15 7 16 52% 35807 12430 2619 125%
c - 638.13 56 22 73 471 166690 1 6804634 108567 1.8 26 15 7 16 52% 35807 12430 2619 125%
c - 640.44 58 22 73 472 166698 1 6826337 109203 1.8 25 14 7 16 52% 35807 12430 2619 125%
c - 642.76 52 21 73 473 166702 1 6848063 110226 1.8 25 14 7 16 52% 35807 12430 2619 125%
c - 644.91 58 21 73 474 166713 1 6869812 111129 1.8 25 14 7 16 51% 35807 12430 2619 125%
c - 647.26 58 20 73 475 166723 1 6891583 111053 1.8 24 14 7 16 51% 35807 12430 2619 125%
c - 649.62 56 21 73 476 166730 1 6913377 110203 1.8 24 14 7 16 51% 35807 12430 2619 125%
c - 652.09 54 21 73 477 166731 1 6935198 108399 1.8 25 14 7 16 51% 35807 12430 2619 125%
c u 654.93 60 21 73 477 166731 1 6953821 124563 1.8 24 14 7 16 50% 35807 12430 2619 125%
c v 655.94 63 21 73 477 166731 1 6953821 123195 1.8 24 14 7 16 50% 35807 12430 2619 125%
c w 656.29 63 21 73 477 166731 1 6953821 120982 1.8 24 14 7 16 50% 35807 12430 2619 125%
c o 656.33 63 21 73 477 166731 1 6953821 120982 1.8 24 14 7 16 50% 35807 12430 2619 125%
c
c  seconds    switched       rate            size/glue  tier1     binary         remaining
c          MB   reductions      conflicts          size   tier2       irredundant
c           level      restarts        redundant      glue    trail         variables
c
c - 656.58 55 26 73 478 166731 1 6957038 104289 1.7 25 14 7 16 50% 35807 12430 2619 125%
c - 658.45 56 29 73 479 166744 1 6978901 105186 1.7 25 15 7 16 50% 35807 12430 2619 125%
c ] 658.50 54 29 74 479 166744 1 6979508 105763 1.7 25 15 7 16 50% 35807 12430 2619 125%
c { 658.50 54 21 74 479 166744 2 6979508 105763 1.8 21 12 7 13 49% 35807 12430 2619 125%
c - 660.17 56 20 74 480 167157 2 7000787 106860 1.7 21 12 7 13 49% 35807 12430 2619 125%
c - 661.87 58 20 74 481 167565 2 7022695 108073 1.7 20 12 7 13 49% 35807 12430 2619 125%
c - 663.64 58 20 74 482 168077 2 7044626 109334 1.7 20 12 7 13 49% 35807 12430 2619 125%
c - 665.46 58 20 74 483 168764 2 7066580 110854 1.7 20 12 7 13 49% 35807 12430 2619 125%
c - 667.25 58 20 74 484 169358 2 7088558 111745 1.7 20 12 7 13 49% 35807 12430 2619 125%
c - 669.05 58 20 74 485 169995 2 7110559 113129 1.7 20 12 7 13 49% 35807 12430 2619 125%
c - 670.83 58 20 74 486 170583 2 7132581 114760 1.7 19 11 7 13 49% 35807 12430 2619 125%
c - 672.69 58 20 74 487 171333 2 7154630 115981 1.7 19 11 7 13 49% 35807 12430 2619 125%
c - 674.54 55 19 74 488 172019 2 7176699 117771 1.7 19 11 7 13 49% 35807 12430 2619 125%
c - 676.35 58 19 74 489 172597 2 7198791 118879 1.7 19 11 7 13 49% 35807 12430 2619 125%
c - 678.24 58 19 74 490 173295 2 7220904 119463 1.7 19 11 7 13 49% 35807 12430 2619 125%
c u 679.05 60 19 74 490 173453 2 7223373 120393 1.7 19 11 7 13 49% 35807 12430 2619 125%
c v 679.64 60 19 74 490 173453 2 7223373 115450 1.7 19 11 7 13 49% 35807 12430 2619 125%
c w 679.84 60 19 74 490 173453 2 7223373 115166 1.7 19 11 7 13 49% 35807 12430 2619 125%
c - 681.79 58 20 74 491 174343 2 7243039 114569 1.7 19 11 7 13 49% 35807 12430 2619 125%
c } 683.36 58 19 75 491 174800 2 7262333 132257 1.7 19 11 7 13 49% 35807 12430 2619 125%
c
c  seconds    switched       rate            size/glue  tier1     binary         remaining
c          MB   reductions      conflicts          size   tier2       irredundant
c           level      restarts        redundant      glue    trail         variables
c
c [ 683.36 58 29 75 491 174800 1 7262333 132257 1.7 25 15 7 16 50% 35807 12430 2619 125%
c W 686.51 47 29 75 491 174800 1 7262333 132257 1.7 25 15 7 16 50% 35807 12430 2619 125%
c - 686.75 47 29 75 492 174802 1 7265198 117442 1.7 25 15 7 16 50% 35807 12430 2619 125%
c - 688.65 47 27 75 493 174814 1 7287380 116499 1.7 25 15 7 16 50% 35807 12430 2619 125%
c - 690.62 47 26 75 494 174824 1 7309583 116438 1.7 25 14 7 16 50% 35807 12430 2619 125%
c - 692.83 47 25 75 495 174830 1 7331811 117257 1.8 25 14 7 16 50% 35807 12430 2619 125%
c - 695.01 47 24 75 496 174837 1 7354059 117434 1.8 26 14 7 16 50% 35807 12430 2619 125%
c - 697.18 47 24 75 497 174845 1 7376330 114953 1.9 26 14 7 16 50% 35807 12430 2619 125%
c - 699.51 47 23 75 498 174859 1 7398623 113975 1.9 27 14 7 16 50% 35807 12430 2619 125%
c - 701.79 47 23 75 499 174861 1 7420938 114337 1.9 26 14 7 16 50% 35807 12430 2619 125%
c - 704.06 47 22 75 500 174862 1 7443276 114402 1.9 26 14 7 16 50% 35807 12430 2619 125%
c - 706.45 47 22 75 501 174868 1 7465637 116681 1.9 26 14 7 16 50% 35807 12430 2619 125%
c - 708.80 47 21 75 502 174877 1 7488020 118398 1.9 26 13 7 16 50% 35807 12430 2619 125%
c ] 709.15 47 21 76 502 174877 1 7491450 121557 1.9 25 13 7 16 50% 35807 12430 2619 125%
c { 709.15 47 19 76 502 174877 2 7491450 121557 1.7 19 11 7 13 49% 35807 12430 2619 125%
c o 709.16 47 19 76 502 174882 2 7491501 121607 1.7 19 11 7 13 49% 35807 12430 2619 125%
c u 710.75 47 20 76 502 175255 2 7498524 125697 1.7 19 11 7 13 49% 35807 12430 2619 125%
c v 711.81 47 20 76 502 175255 2 7498524 118045 1.7 19 11 7 13 49% 35807 12430 2619 125%
c w 712.17 47 20 76 502 175255 2 7498524 112419 1.7 19 11 7 13 49% 35807 12430 2619 125%
c - 717.09 47 19 76 503 175670 2 7510426 108151 1.7 19 11 7 13 49% 35807 12430 2619 125%
c
c  seconds    switched       rate            size/glue  tier1     binary         remaining
c          MB   reductions      conflicts          size   tier2       irredundant
c           level      restarts        redundant      glue    trail         variables
c
c - 718.98 47 19 76 504 176578 2 7532853 114567 1.7 19 11 7 13 49% 35807 12430 2619 125%
c - 720.77 47 19 76 505 177086 2 7555304 118049 1.7 19 11 7 13 49% 35807 12430 2619 125%
c - 722.71 47 19 76 506 177995 2 7577776 120009 1.7 19 11 7 13 49% 35807 12430 2619 125%
c - 724.64 47 20 76 507 178822 2 7600270 121202 1.7 19 11 7 13 49% 35807 12430 2619 125%
c - 726.54 47 20 76 508 179602 2 7622788 122219 1.7 19 11 7 13 49% 35807 12430 2619 125%
c - 728.41 47 19 76 509 180123 2 7645328 122327 1.7 19 11 7 13 49% 35807 12430 2619 125%
c - 730.42 47 20 76 510 181233 2 7667890 122841 1.7 19 11 7 13 49% 35807 12430 2619 125%
c - 732.40 47 20 76 511 182180 2 7690474 123120 1.7 19 11 7 13 49% 35807 12430 2619 125%
c - 734.38 47 20 76 512 183162 3 7713079 123142 1.7 19 11 7 13 49% 35807 12430 2619 125%
c - 736.32 47 20 76 513 184040 3 7735707 122979 1.7 19 11 7 13 49% 35807 12430 2619 125%
c - 738.29 47 20 76 514 184960 3 7758356 123263 1.7 19 11 7 13 49% 35807 12430 2619 125%
c u 740.87 47 20 76 514 185817 3 7779324 139087 1.7 19 11 7 13 49% 35807 12430 2619 125%
c v 741.77 47 20 76 514 185817 3 7779324 133316 1.7 19 11 7 13 49% 35807 12430 2619 125%
c w 742.08 47 20 76 514 185817 3 7779324 133002 1.7 19 11 7 13 49% 35807 12430 2619 125%
c - 742.29 47 20 76 515 185868 3 7781028 115322 1.7 19 11 7 13 49% 35807 12430 2619 125%
c } 742.89 47 20 77 515 186056 3 7788500 122217 1.7 19 11 7 13 49% 35807 12430 2619 125%
c [ 742.89 47 21 77 515 186056 1 7788500 122217 1.9 25 13 7 16 50% 35807 12430 2619 125%
c O 742.89 47 21 77 515 186056 1 7788500 122217 1.9 25 13 7 16 50% 35807 12430 2619 125%
c - 744.14 47 20 77 516 186065 1 7803724 116408 1.9 25 13 7 16 50% 35807 12430 2619 125%
c - 746.19 47 19 77 517 186075 1 7826442 118863 1.9 24 13 7 16 50% 35807 12430 2619 125%
c
c  seconds    switched       rate            size/glue  tier1     binary         remaining
c          MB   reductions      conflicts          size   tier2       irredundant
c           level      restarts        redundant      glue    trail         variables
c
c - 748.43 47 19 77 518 186085 1 7849179 119875 1.9 24 13 7 16 49% 35807 12430 2619 125%
c - 750.59 47 20 77 519 186088 1 7871943 119244 1.9 24 13 7 16 49% 35807 12430 2619 125%
c - 752.74 47 19 77 520 186100 1 7894724 118559 1.9 24 13 7 16 49% 35807 12430 2619 125%
c - 754.99 47 21 77 521 186110 1 7917527 115505 1.8 24 13 7 16 49% 35807 12430 2619 125%
c - 757.30 47 21 77 522 186117 1 7940352 112331 1.8 24 13 7 16 49% 35807 12430 2619 125%
c - 759.61 47 21 77 523 186118 1 7963199 114121 1.8 24 13 7 16 49% 35807 12430 2619 125%
c - 761.88 47 22 77 524 186119 1 7986068 114365 1.8 25 14 7 16 49% 35807 12430 2619 125%
c - 764.23 47 22 77 525 186132 1 8008960 114514 1.8 25 14 7 16 50% 35807 12430 2619 125%
c - 766.65 47 21 77 526 186142 1 8031877 116673 1.8 25 14 7 16 50% 35807 12430 2619 125%
c ] 767.28 47 21 78 526 186146 1 8038114 122356 1.8 25 14 7 16 50% 35807 12430 2619 125%
c { 767.28 47 20 78 526 186146 3 8038114 122356 1.7 19 11 7 13 49% 35807 12430 2619 125%
c o 767.29 47 20 78 526 186157 3 8038180 122422 1.7 19 11 7 13 49% 35807 12430 2619 125%
c - 768.68 47 20 78 527 186571 2 8054811 119717 1.7 19 11 7 13 49% 35807 12430 2619 125%
c u 770.59 47 20 78 527 187054 3 8065775 126133 1.7 19 11 7 13 49% 35807 12430 2619 125%
c v 771.68 47 20 78 527 187054 3 8065775 120522 1.7 19 11 7 13 49% 35807 12430 2619 125%
c w 772.06 47 20 78 527 187054 3 8065775 115547 1.7 19 11 7 13 49% 35807 12430 2619 125%
c - 773.07 47 20 78 528 187350 2 8077769 114463 1.7 19 11 7 13 49% 35807 12430 2619 125%
c - 775.02 47 20 78 529 188120 2 8100748 119905 1.7 19 11 7 13 49% 35807 12430 2619 125%
c - 776.87 47 20 78 530 188724 2 8123750 122615 1.7 19 11 7 13 49% 35807 12430 2619 125%
c - 778.87 47 20 78 531 189725 2 8146775 124129 1.7 19 11 7 13 49% 35807 12430 2619 125%
c
c  seconds    switched       rate            size/glue  tier1     binary         remaining
c          MB   reductions      conflicts          size   tier2       irredundant
c           level      restarts        redundant      glue    trail         variables
c
c - 780.89 47 20 78 532 190912 3 8169818 125365 1.7 19 11 7 13 49% 35807 12430 2619 125%
c - 782.83 47 20 78 533 191567 2 8192885 126516 1.7 19 11 7 13 49% 35807 12430 2619 125%
c - 784.84 47 20 78 534 192407 2 8215972 127257 1.7 19 11 7 13 49% 35807 12430 2619 125%
c - 786.88 47 20 78 535 193316 3 8239080 127764 1.7 19 11 7 13 49% 35807 12430 2619 125%
c - 788.86 47 20 78 536 193945 2 8262210 128409 1.7 19 11 7 13 49% 35807 12430 2619 125%
c - 790.92 47 20 78 537 194802 2 8285365 128388 1.7 19 11 7 13 49% 35807 12430 2619 125%
c - 792.99 47 20 78 538 195854 3 8308539 128310 1.7 19 11 7 13 49% 35807 12430 2619 125%
c - 794.97 47 20 78 539 196533 2 8331733 128537 1.7 19 11 7 13 49% 35807 12430 2619 125%
c } 796.57 47 20 79 539 197384 3 8349704 145035 1.7 19 11 7 13 49% 35807 12430 2619 125%
c [ 796.57 47 21 79 539 197384 1 8349704 145035 1.8 25 14 7 16 50% 35807 12430 2619 125%
c B 796.57 47 21 79 539 197384 1 8349704 145035 1.8 25 14 7 16 50% 35807 12430 2619 125%
c - 797.01 47 22 79 540 197388 1 8354950 126813 1.8 25 14 7 16 50% 35807 12430 2619 125%
c u 798.15 47 22 79 540 197389 1 8357875 126243 1.8 26 14 7 16 50% 35807 12430 2619 125%
c v 799.07 47 22 79 540 197389 1 8357875 123188 1.8 26 14 7 16 50% 35807 12430 2619 125%
c w 799.42 47 22 79 540 197389 1 8357875 123066 1.8 26 14 7 16 50% 35807 12430 2619 125%
c - 801.17 47 24 79 541 197398 1 8378188 116870 1.9 27 14 7 16 50% 35807 12430 2619 125%
c - 803.28 47 24 79 542 197411 1 8401447 113454 1.9 27 15 7 16 50% 35807 12430 2619 125%
c - 805.60 47 25 79 543 197414 1 8424728 115105 1.9 28 15 7 16 50% 35807 12430 2619 125%
c - 807.88 47 26 79 544 197424 1 8448031 115345 2.0 29 15 7 16 50% 35807 12430 2619 125%
c o 808.62 47 26 79 544 197429 1 8456304 123424 2.0 30 15 7 16 50% 35807 12430 2619 125%
c
c  seconds    switched       rate            size/glue  tier1     binary         remaining
c          MB   reductions      conflicts          size   tier2       irredundant
c           level      restarts        redundant      glue    trail         variables
c
c - 809.80 47 37 79 545 197435 1 8471354 111463 1.8 31 17 7 16 50% 35807 12430 2619 125%
c - 811.83 47 34 79 546 197444 1 8494699 112410 1.8 30 16 7 16 49% 35807 12430 2619 125%
c - 814.06 47 31 79 547 197446 1 8518065 116764 1.8 29 16 7 16 50% 35807 12430 2619 125%
c - 816.44 47 29 79 548 197446 1 8541453 120565 1.9 28 15 7 16 50% 35807 12430 2619 125%
c - 818.86 47 28 79 549 197458 1 8564863 121575 1.9 28 15 7 16 50% 35807 12430 2619 125%
c - 821.24 47 27 79 550 197468 1 8588293 120971 1.9 28 15 7 16 49% 35807 12430 2619 125%
c - 823.80 47 26 79 551 197476 1 8611745 122077 1.9 28 15 7 16 49% 35807 12430 2619 125%
c W 828.02 47 26 79 551 197477 1 8618407 128516 1.9 28 15 7 16 50% 35807 12430 2619 125%
c ] 828.89 47 29 80 551 197477 1 8628375 138301 1.9 29 15 7 16 50% 35807 12430 2619 125%
c { 828.89 47 20 80 551 197477 3 8628375 138301 1.7 19 11 7 13 49% 35807 12430 2619 125%
c - 829.51 47 20 80 552 197704 2 8635220 120034 1.7 19 11 7 13 49% 35807 12430 2619 125%
c u 832.29 47 20 80 552 198388 2 8655676 135666 1.7 19 11 7 13 49% 35807 12430 2619 125%
c v 833.41 47 20 80 552 198388 2 8655676 134888 1.7 19 11 7 13 49% 35807 12430 2619 125%
c w 833.80 47 20 80 552 198388 2 8655676 134288 1.7 19 11 7 13 49% 35807 12430 2619 125%
c - 834.12 47 20 80 553 198471 2 8658715 118676 1.7 19 11 7 13 49% 35807 12430 2619 125%
c - 836.08 47 20 80 554 199208 2 8682231 124566 1.7 19 11 7 13 49% 35807 12430 2619 125%
c - 838.16 47 20 80 555 200197 3 8705768 126782 1.7 19 11 7 13 49% 35807 12430 2619 125%
c - 840.18 47 20 80 556 200949 2 8729326 128008 1.7 19 11 7 13 49% 35807 12430 2619 125%
c - 842.26 47 20 80 557 201869 2 8752906 128434 1.7 19 11 7 13 49% 35807 12430 2619 125%
c - 844.28 47 20 80 558 202517 2 8776506 127948 1.7 19 11 7 13 49% 35807 12430 2619 125%
c
c  seconds    switched       rate            size/glue  tier1     binary         remaining
c          MB   reductions      conflicts          size   tier2       irredundant
c           level      restarts        redundant      glue    trail         variables
c
c - 846.44 47 20 80 559 203648 2 8800128 128074 1.7 19 12 7 13 49% 35807 12430 2619 125%
c - 848.57 47 20 80 560 204571 3 8823772 128635 1.7 19 12 7 13 49% 35807 12430 2619 125%
c o 849.66 47 20 80 560 204893 2 8836318 140252 1.7 19 12 7 13 49% 35807 12430 2619 125%
c - 850.64 47 20 80 561 205238 2 8847436 128371 1.7 19 11 7 13 49% 35807 12430 2619 125%
c - 852.66 47 20 80 562 205993 2 8871121 128244 1.7 19 12 7 13 49% 35807 12430 2619 125%
c - 854.83 47 20 80 563 207049 3 8894827 128385 1.7 19 12 7 13 49% 35807 12430 2619 125%
c - 856.89 47 20 80 564 207745 2 8918554 128274 1.7 19 11 7 13 49% 35807 12430 2619 125%
c - 858.92 47 20 80 565 208319 2 8942302 128430 1.7 19 11 7 13 49% 35807 12430 2619 125%
c } 860.02 47 20 81 565 208801 2 8954819 139955 1.7 19 11 7 13 49% 35807 12430 2619 125%
c [ 860.02 47 29 81 565 208801 1 8954819 139955 1.9 29 15 7 16 50% 35807 12430 2619 125%
c I 860.02 47 29 81 565 208801 1 8954819 139955 1.9 29 15 7 16 50% 35807 12430 2619 125%
c u 861.32 47 30 81 565 208804 1 8959179 141530 1.9 29 15 7 16 50% 35807 12430 2619 125%
c v 862.32 47 30 81 565 208804 1 8959179 136834 1.9 29 15 7 16 50% 35807 12430 2619 125%
c w 862.68 47 30 81 565 208804 1 8959179 136374 1.9 29 15 7 16 50% 35807 12430 2619 125%
c - 863.34 47 31 81 566 208807 1 8966071 118504 1.9 30 16 7 16 50% 35807 12430 2619 125%
c - 865.53 47 32 81 567 208818 1 8989861 113702 1.9 31 16 7 16 50% 35807 12430 2619 125%
c - 867.74 47 30 81 568 208830 1 9013672 113408 1.9 30 16 7 16 50% 35807 12430 2619 125%
c - 870.03 47 27 81 569 208832 1 9037510 119465 1.8 28 15 7 16 51% 35807 12430 2619 125%
c - 872.45 47 27 81 570 208845 1 9061363 119786 1.9 28 15 7 16 51% 35807 12430 2619 125%
c - 874.92 47 26 81 571 208856 1 9085238 117488 1.8 27 15 7 16 51% 35807 12430 2619 125%
c
c  seconds    switched       rate            size/glue  tier1     binary         remaining
c          MB   reductions      conflicts          size   tier2       irredundant
c           level      restarts        redundant      glue    trail         variables
c
c - 877.41 47 25 81 572 208862 1 9109133 121355 1.9 27 15 7 16 51% 35807 12430 2619 125%
c - 879.91 47 24 81 573 208863 1 9133050 122720 1.9 27 14 7 16 51% 35807 12430 2619 125%
c - 882.43 47 24 81 574 208868 1 9156988 119507 1.9 28 15 7 16 52% 35807 12430 2619 125%
c - 885.14 47 23 81 575 208878 1 9180946 118778 1.9 27 14 7 16 51% 35807 12430 2619 125%
c - 887.85 47 22 81 576 208892 1 9204925 121038 1.9 26 14 7 16 51% 35807 12430 2619 125%
c ] 890.27 47 22 82 576 208894 1 9227178 142103 1.9 26 14 7 16 52% 35807 12430 2619 125%
c { 890.27 47 20 82 576 208894 2 9227178 142103 1.7 19 11 7 13 49% 35807 12430 2619 125%
c - 890.46 47 20 82 577 208903 2 9228926 122647 1.7 19 11 7 13 49% 35807 12430 2619 125%
c - 892.55 47 18 82 578 208912 2 9252946 122931 1.6 18 11 7 13 49% 35807 12430 2619 125%
c u 894.97 47 17 82 578 208921 2 9268409 130986 1.6 18 11 7 13 49% 35807 12430 2619 125%
c v 896.24 47 17 82 578 208921 2 9268409 127880 1.6 18 11 7 13 49% 35807 12430 2619 125%
c w 896.66 47 17 82 578 208921 2 9268409 126886 1.6 18 11 7 13 49% 35807 12430 2619 125%
c o 896.70 47 17 82 578 208921 2 9268409 126886 1.6 18 11 7 13 49% 35807 12430 2619 125%
c - 897.39 47 17 82 579 208935 2 9276987 116415 1.6 18 11 7 13 49% 35807 12430 2619 125%
c - 899.32 47 16 82 580 208976 2 9301052 118705 1.6 17 11 7 13 49% 35807 12430 2619 125%
c - 901.25 47 15 82 581 209054 2 9325135 120811 1.6 17 11 7 13 49% 35807 12430 2619 125%
c - 903.27 47 15 82 582 209156 2 9349238 122614 1.6 17 10 7 13 49% 35807 12430 2619 125%
c - 905.21 47 14 82 583 209250 1 9373364 123500 1.7 17 10 7 13 49% 35807 12430 2619 125%
c - 907.16 47 14 82 584 209333 1 9397509 124407 1.7 17 10 7 13 49% 35807 12430 2619 125%
c - 909.19 47 13 82 585 209489 1 9421676 125187 1.7 17 10 7 13 49% 35807 12430 2619 125%
c
c  seconds    switched       rate            size/glue  tier1     binary         remaining
c          MB   reductions      conflicts          size   tier2       irredundant
c           level      restarts        redundant      glue    trail         variables
c
c - 911.19 47 13 82 586 209738 1 9445862 126335 1.7 16 10 7 13 49% 35807 12430 2619 125%
c - 913.31 47 13 82 587 210079 1 9470070 128487 1.7 16 10 7 13 49% 35807 12430 2619 125%
c - 915.51 47 13 82 588 210626 1 9494298 130095 1.6 16 10 7 13 49% 35807 12430 2619 125%
c - 917.59 47 12 82 589 210980 1 9518546 130221 1.6 16 10 7 13 49% 35807 12430 2619 125%
c - 919.69 47 12 82 590 211445 1 9542815 130551 1.6 16 10 7 13 49% 35807 12430 2619 125%
c - 921.83 47 12 82 591 211911 1 9567104 131756 1.6 16 10 7 13 49% 35807 12430 2619 125%
c } 921.97 47 12 83 591 211911 1 9568784 132976 1.6 16 10 7 13 49% 35807 12430 2619 125%
c [ 921.97 47 22 83 591 211911 1 9568784 132976 1.9 26 14 7 16 52% 35807 12430 2619 125%
c B 921.97 47 22 83 591 211911 1 9568784 132976 1.9 26 14 7 16 52% 35807 12430 2619 125%
c u 924.30 47 21 83 591 211920 1 9583364 143333 1.9 26 14 7 16 52% 35807 12430 2619 125%
c v 925.39 47 21 83 591 211920 1 9583364 141725 1.9 26 14 7 16 52% 35807 12430 2619 125%
c w 925.75 47 21 83 591 211920 1 9583364 139541 1.9 26 14 7 16 52% 35807 12430 2619 125%
c - 926.55 47 21 83 592 211924 1 9591415 127652 1.9 26 14 7 16 52% 35807 12430 2619 125%
c - 928.74 47 21 83 593 211934 1 9615746 128701 1.9 25 14 7 16 52% 35807 12430 2619 125%
c - 931.15 47 21 83 594 211941 1 9640098 131125 1.8 25 14 7 16 52% 35807 12430 2619 125%
c - 933.53 47 21 83 595 211950 1 9664471 131990 1.9 25 13 7 16 52% 35807 12430 2619 125%
c - 936.02 47 20 83 596 211961 1 9688864 133141 1.9 25 13 7 16 51% 35807 12430 2619 125%
c - 938.58 47 21 83 597 211971 1 9713277 132334 1.9 25 13 7 16 51% 35807 12430 2619 125%
c - 941.16 47 20 83 598 211973 1 9737710 131833 1.9 25 13 7 16 51% 35807 12430 2619 125%
c - 943.65 47 21 83 599 211973 1 9762164 132414 1.8 25 13 7 16 51% 35807 12430 2619 125%
c
c  seconds    switched       rate            size/glue  tier1     binary         remaining
c          MB   reductions      conflicts          size   tier2       irredundant
c           level      restarts        redundant      glue    trail         variables
c
c - 946.22 47 22 83 600 211987 1 9786639 128506 1.8 25 14 7 16 51% 35807 12430 2619 125%
c - 948.86 47 22 83 601 211996 1 9811133 128333 1.8 25 14 7 16 51% 35807 12430 2619 125%
c - 951.50 47 21 83 602 212004 1 9835648 130471 1.8 25 14 7 16 51% 35807 12430 2619 125%
c ] 953.62 47 21 84 602 212010 1 9855205 148444 1.8 25 14 7 16 51% 35807 12430 2619 125%
c { 953.62 47 12 84 602 212010 1 9855205 148444 1.6 16 10 7 13 49% 35807 12430 2619 125%
c o 953.63 47 12 84 602 212018 1 9855258 148497 1.6 16 10 7 13 49% 35807 12430 2619 125%
c - 954.28 47 13 84 603 212880 1 9860184 132750 1.6 16 10 7 13 49% 35807 12430 2619 125%
c - 957.22 47 16 84 604 216500 2 9884740 135944 1.6 17 11 7 13 49% 35807 12430 2619 125%
c u 960.51 47 17 84 604 218629 3 9904073 149864 1.6 17 11 7 13 49% 35807 12430 2619 125%
c v 961.79 47 17 84 604 218629 3 9904073 147149 1.6 17 11 7 13 49% 35807 12430 2619 125%
c w 962.24 47 17 84 604 218629 3 9904073 143866 1.6 17 11 7 13 49% 35807 12430 2619 125%
c - 962.80 47 17 84 605 218926 3 9909316 132344 1.6 17 11 7 13 49% 35807 12430 2619 125%
c - 965.29 47 18 84 606 220733 3 9933912 135696 1.6 18 11 7 13 49% 35807 12430 2619 125%
c - 967.57 47 18 84 607 221857 3 9958530 138257 1.6 18 11 7 13 49% 35807 12430 2619 125%
c - 969.84 47 19 84 608 223046 3 9983170 139587 1.6 18 11 7 13 49% 35807 12430 2619 125%
c - 972.13 47 19 84 609 224185 3 10007828 141139 1.6 18 11 7 13 49% 35807 12430 2619 125%
c - 974.47 47 19 84 610 225405 3 10032505 120173 1.6 19 11 6 13 49% 35807 12430 2619 125%
c - 976.66 47 20 84 611 226390 3 10057203 114688 1.6 19 11 6 13 49% 35807 12430 2619 125%
c - 978.84 47 20 84 612 227323 3 10081922 113916 1.7 19 11 6 13 49% 35807 12430 2619 125%
c - 981.04 47 20 84 613 228227 3 10106660 113543 1.6 19 11 6 13 49% 35807 12430 2619 125%
c
c  seconds    switched       rate             size/glue  tier1     binary         remaining
c          MB   reductions      conflicts           size   tier2       irredundant
c           level      restarts         redundant      glue    trail         variables
c
c - 983.27 47 20 84 614 229274 3 10131418 113258 1.7 19 11 6 13 49% 35807 12430 2619 125%
c - 985.46 47 20 84 615 230187 3 10156200 112959 1.7 19 11 6 13 49% 35807 12430 2619 125%
c - 987.57 47 20 84 616 230865 2 10181001 112606 1.7 19 11 6 13 49% 35807 12430 2619 125%
c - 989.76 47 20 84 617 231827 2 10205821 111989 1.7 19 11 6 13 49% 35807 12430 2619 125%
c } 990.35 47 20 85 617 232159 3 10212283 118100 1.7 19 11 6 13 49% 35807 12430 2619 125%
c [ 990.35 47 21 85 617 232159 1 10212283 118100 1.8 25 14 7 16 51% 35807 12430 2619 125%
c W 995.12 47 21 85 617 232159 1 10212283 118100 1.8 25 14 7 16 51% 35807 12430 2619 125%
c u 997.61 47 22 85 617 232170 1 10230557 129790 1.8 26 14 7 16 51% 35807 12430 2619 125%
c v 998.73 47 22 85 617 232170 1 10230557 128406 1.8 26 14 7 16 51% 35807 12430 2619 125%
c w 999.15 47 22 85 617 232170 1 10230557 123435 1.8 26 14 7 16 51% 35807 12430 2619 125%
c - 999.21 47 22 85 618 232170 1 10230660 99073 1.8 26 14 7 16 51% 35807 12430 2619 125%
c - 1001.22 47 23 85 619 232180 1 10255519 94318 1.8 27 15 7 16 52% 35807 12430 2619 125%
c - 1003.43 47 23 85 620 232189 1 10280398 94567 1.8 27 15 7 16 52% 35807 12430 2619 125%
c - 1005.84 47 22 85 621 232196 1 10305298 99703 1.9 27 14 7 16 52% 35807 12430 2619 125%
c - 1008.19 47 22 85 622 232207 1 10330219 102144 1.9 27 14 7 16 52% 35807 12430 2619 125%
c o 1010.27 47 22 85 622 232219 1 10351683 122274 1.8 26 14 7 16 52% 35807 12430 2619 125%
c - 1010.54 47 28 85 623 232219 1 10355158 97533 1.8 27 16 7 16 52% 35807 12430 2619 125%
c - 1012.53 47 33 85 624 232221 1 10380118 92988 1.7 28 16 7 16 51% 35807 12430 2619 125%
c - 1014.82 47 33 85 625 232221 1 10405098 91454 1.7 28 16 7 16 51% 35807 12430 2619 125%
c - 1017.30 47 31 85 626 232235 1 10430099 93438 1.7 28 16 7 16 51% 35807 12430 2619 125%
c
c   seconds    switched       rate            size/glue  tier1     binary         remaining
c           MB   reductions      conflicts          size   tier2       irredundant
c            level      restarts         redundant     glue    trail         variables
c
c - 1019.63 47 29 85 627 232244 1 10455118 95833 1.8 28 16 7 16 51% 35807 12430 2619 125%
c - 1022.19 47 28 85 628 232252 1 10480157 96241 1.8 28 16 7 16 51% 35807 12430 2619 125%
c - 1024.78 47 26 85 629 232261 1 10505216 98228 1.8 27 15 7 16 51% 35807 12430 2619 125%
c O 1025.99 47 25 85 629 232267 1 10517479 109599 1.8 27 15 7 16 51% 35807 12430 2619 125%
c - 1027.15 47 25 85 630 232273 1 10530295 100498 1.8 27 15 7 16 51% 35807 12430 2619 125%
c - 1029.61 47 24 85 631 232282 1 10555394 100996 1.8 26 15 7 16 51% 35807 12430 2619 125%
c u 1031.07 47 24 85 631 232283 1 10562819 103572 1.8 26 15 7 16 51% 35807 12430 2619 125%
c v 1031.94 47 24 85 631 232283 1 10562819 99364 1.8 26 15 7 16 51% 35807 12430 2619 125%
c w 1032.25 47 24 85 631 232283 1 10562819 92069 1.8 26 15 7 16 51% 35807 12430 2619 125%
c ] 1033.07 47 23 86 631 232283 1 10569879 98609 1.8 26 15 7 16 51% 35807 12430 2619 125%
c { 1033.07 47 20 86 631 232283 3 10569879 98609 1.7 19 11 6 13 49% 35807 12430 2619 125%
c - 1034.77 47 24 86 632 234132 3 10580515 87550 1.7 21 12 6 13 49% 35807 12430 2619 125%
c - 1039.06 47 32 86 633 238515 5 10605655 88543 1.7 24 14 6 13 49% 35807 12430 2619 125%
c - 1043.56 47 39 86 634 242822 7 10630814 85315 1.8 27 15 6 13 49% 35807 12430 2619 125%
c - 1048.03 47 44 86 635 246726 7 10655994 85018 1.8 29 16 6 13 49% 35807 12430 2619 125%
c - 1052.07 47 47 86 636 249776 8 10681196 85549 1.8 31 17 6 13 49% 35807 12430 2619 125%
c - 1055.66 47 49 86 637 251929 7 10706416 86657 1.9 32 17 6 13 49% 35807 12430 2619 125%
c - 1059.23 47 50 86 638 253974 7 10731654 87100 1.9 33 17 6 13 49% 35807 12430 2619 125%
c - 1062.52 47 51 86 639 255630 7 10756914 87324 1.9 34 18 6 13 49% 35807 12430 2619 125%
c o 1064.40 47 51 86 639 256533 7 10771774 102012 2.0 35 18 6 13 49% 35807 12430 2619 125%
c
c   seconds    switched       rate            size/glue  tier1     binary         remaining
c           MB   reductions      conflicts          size   tier2       irredundant
c            level      restarts         redundant     glue    trail         variables
c
c - 1065.80 47 52 86 640 257118 6 10782192 87464 2.0 35 18 6 13 49% 35807 12430 2619 125%
c - 1069.01 47 52 86 641 258513 6 10807491 87511 2.0 35 18 6 13 49% 35807 12430 2619 125%
c - 1072.23 47 52 86 642 259930 6 10832810 87306 2.0 36 18 6 13 49% 35807 12430 2619 125%
c - 1075.30 47 52 86 643 261025 6 10858149 87408 2.0 36 18 6 13 49% 35807 12430 2619 125%
c - 1078.29 47 51 86 644 261980 5 10883506 88355 2.0 36 18 6 13 49% 35807 12430 2619 125%
c u 1081.88 47 51 86 644 262747 5 10900885 96313 2.0 36 18 6 13 49% 35807 12430 2619 125%
c v 1083.60 47 51 86 644 262747 5 10900885 95039 2.0 36 18 6 13 49% 35807 12430 2619 125%
c w 1084.25 47 51 86 644 262747 5 10900885 94897 2.0 36 18 6 13 49% 35807 12430 2619 125%
c - 1085.29 47 51 86 645 263152 5 10908883 79172 2.0 37 18 6 13 49% 35807 12430 2619 125%
c - 1088.33 47 52 86 646 264407 5 10934279 79549 2.0 37 18 6 13 49% 35807 12430 2619 125%
c } 1089.28 47 52 87 646 264762 5 10942736 87880 2.0 37 18 6 13 49% 35807 12430 2619 125%
c [ 1089.28 47 23 87 646 264762 1 10942736 87880 1.8 26 15 7 16 51% 35807 12430 2619 125%
c B 1089.28 47 23 87 646 264762 1 10942736 87880 1.8 26 15 7 16 51% 35807 12430 2619 125%
c - 1090.74 47 23 87 647 264772 1 10959696 82392 1.8 26 15 7 16 51% 35807 12430 2619 125%
c - 1093.05 47 24 87 648 264783 1 10985132 86762 1.8 26 15 7 16 51% 35807 12430 2619 125%
c - 1095.47 47 23 87 649 264792 1 11010589 90934 1.8 26 14 7 16 52% 35807 12430 2619 125%
c - 1097.95 47 23 87 650 264799 1 11036064 93556 1.8 25 14 7 16 52% 35807 12430 2619 125%
c - 1100.36 47 23 87 651 264810 1 11061559 91062 1.7 26 15 7 16 52% 35807 12430 2619 125%
c - 1102.91 47 23 87 652 264822 1 11087073 87873 1.7 26 15 7 16 51% 35807 12430 2619 125%
c - 1105.46 47 23 87 653 264824 1 11112607 88787 1.7 26 15 7 16 51% 35807 12430 2619 125%
c
c   seconds    switched       rate            size/glue  tier1     binary         remaining
c           MB   reductions      conflicts          size   tier2       irredundant
c            level      restarts         redundant     glue    trail         variables
c
c - 1107.94 47 24 87 654 264824 1 11138162 90447 1.7 26 15 7 16 51% 35807 12430 2619 125%
c - 1110.67 47 24 87 655 264838 1 11163735 88415 1.7 27 15 7 16 51% 35807 12430 2619 125%
c - 1113.40 47 24 87 656 264850 1 11189327 88177 1.7 27 15 7 16 51% 35807 12430 2619 125%
c - 1115.97 47 24 87 657 264855 1 11214941 90608 1.8 27 15 7 16 51% 35807 12430 2619 125%
c - 1118.65 47 24 87 658 264868 1 11240573 91590 1.7 27 15 7 16 51% 35807 12430 2619 125%
c u 1120.20 47 24 87 658 264869 1 11244753 89728 1.7 27 15 7 16 51% 35807 12430 2619 125%
c v 1121.56 47 24 87 658 264869 1 11244753 87681 1.7 27 15 7 16 51% 35807 12430 2619 125%
c w 1122.05 47 24 87 658 264869 1 11244753 81438 1.7 27 15 7 16 51% 35807 12430 2619 125%
c o 1127.28 47 24 87 658 264869 1 11244753 81438 1.7 27 15 7 16 51% 35807 12430 2619 125%
c - 1129.22 47 25 87 659 264877 1 11266226 83870 1.7 26 15 7 16 51% 35807 12430 2619 125%
c W 1134.18 47 25 87 659 264878 1 11266813 84437 1.7 26 15 7 16 51% 35807 12430 2619 125%
c - 1136.37 47 24 87 660 264886 1 11291898 89687 1.8 26 15 7 16 51% 35807 12430 2619 125%
c - 1138.73 47 24 87 661 264887 1 11317591 91454 1.8 27 15 7 16 51% 35807 12430 2619 125%
c - 1141.40 47 24 87 662 264888 1 11343300 92700 1.9 27 15 7 16 52% 35807 12430 2619 125%
c - 1144.17 47 24 87 663 264888 1 11369029 94311 1.9 27 15 7 16 52% 35807 12430 2619 125%
c - 1146.85 47 23 87 664 264888 1 11394777 96321 1.8 27 14 7 16 51% 35807 12430 2619 125%
c - 1149.55 47 23 87 665 264901 1 11420545 97906 1.8 26 14 7 16 51% 35807 12430 2619 125%
c - 1152.10 47 22 87 666 264910 1 11446333 98354 1.8 25 14 7 16 51% 35807 12430 2619 125%
c ] 1153.82 47 21 88 666 264918 1 11464313 114951 1.8 25 14 7 16 52% 35807 12430 2619 125%
c { 1153.82 47 52 88 666 264918 5 11464313 114951 2.0 37 18 6 13 49% 35807 12430 2619 125%
c
c   seconds    switched       rate            size/glue  tier1     binary         remaining
c           MB   reductions      conflicts          size   tier2       irredundant
c            level      restarts         redundant     glue    trail         variables
c
c - 1154.51 47 50 88 667 264920 5 11472139 98455 2.0 36 18 6 13 50% 35807 12430 2619 125%
c - 1156.81 47 44 88 668 264921 4 11497965 98682 2.0 34 17 6 13 50% 35807 12430 2619 125%
c - 1158.98 47 38 88 669 264921 3 11523810 98747 1.9 31 16 6 13 50% 35807 12430 2619 125%
c - 1161.30 47 33 88 670 264921 3 11549676 100072 1.9 28 15 6 13 50% 35807 12430 2619 125%
c - 1163.41 47 29 88 671 264953 3 11575562 101725 1.9 27 14 6 13 50% 35807 12430 2619 125%
c u 1165.88 47 27 88 671 264992 2 11594475 113353 1.9 25 14 6 13 50% 35807 12430 2619 125%
c v 1167.17 47 27 88 671 264992 2 11594475 101753 1.9 25 14 6 13 50% 35807 12430 2619 125%
c w 1167.60 47 27 88 671 264992 2 11594475 97763 1.9 25 14 6 13 50% 35807 12430 2619 125%
c - 1168.14 47 27 88 672 265012 2 11601465 89857 1.8 25 14 6 13 50% 35807 12430 2619 125%
c - 1170.06 47 25 88 673 265055 2 11627387 95549 1.8 24 13 6 13 49% 35807 12430 2619 125%
c - 1171.94 47 23 88 674 265157 2 11653329 97388 1.8 23 13 6 13 49% 35807 12430 2619 125%
c - 1173.91 47 22 88 675 265481 2 11679290 97409 1.8 22 12 6 13 49% 35807 12430 2619 125%
c o 1174.52 47 22 88 675 265508 2 11687890 105287 1.8 22 12 6 13 49% 35807 12430 2619 125%
c - 1175.77 47 21 88 676 265596 2 11705270 97225 1.8 21 12 6 13 49% 35807 12430 2619 125%
c - 1177.79 47 21 88 677 265988 2 11731270 97649 1.8 21 12 6 13 49% 35807 12430 2619 125%
c - 1179.79 47 20 88 678 266334 2 11757290 98275 1.8 21 12 6 13 49% 35807 12430 2619 125%
c - 1181.79 47 20 88 679 266783 2 11783330 99728 1.8 21 12 6 13 49% 35807 12430 2619 125%
c - 1183.87 47 20 88 680 267492 2 11809387 100759 1.7 20 12 6 13 49% 35807 12430 2619 125%
c - 1186.04 47 20 88 681 268438 2 11835463 101219 1.7 20 12 6 13 49% 35807 12430 2619 125%
c } 1187.53 47 20 89 681 269156 2 11853250 117939 1.7 20 12 6 13 49% 35807 12430 2619 125%
c
c   seconds    switched       rate             size/glue  tier1     binary         remaining
c           MB   reductions      conflicts           size   tier2       irredundant
c            level      restarts         redundant      glue    trail         variables
c
c [ 1187.53 47 21 89 681 269156 1 11853250 117939 1.8 25 14 7 16 52% 35807 12430 2619 125%
c I 1187.53 47 21 89 681 269156 1 11853250 117939 1.8 25 14 7 16 52% 35807 12430 2619 125%
c - 1188.19 47 23 89 682 269162 1 11861560 99615 1.8 26 14 7 16 51% 35807 12430 2619 125%
c - 1190.43 47 24 89 683 269172 1 11887676 94331 1.8 26 15 7 16 51% 35807 12430 2619 125%
c - 1192.93 47 24 89 684 269185 1 11913810 91652 1.8 27 15 7 16 50% 35807 12430 2619 125%
c - 1195.66 47 24 89 685 269190 1 11939965 93657 1.8 26 15 7 16 50% 35807 12430 2619 125%
c u 1197.60 47 24 89 685 269196 1 11950024 99538 1.8 27 15 7 16 50% 35807 12430 2619 125%
c v 1198.74 47 24 89 685 269196 1 11950024 97722 1.8 27 15 7 16 50% 35807 12430 2619 125%
c w 1199.15 47 24 89 685 269196 1 11950024 95655 1.8 27 15 7 16 50% 35807 12430 2619 125%
c - 1200.81 47 24 89 686 269201 1 11966137 89392 1.8 27 15 7 16 50% 35807 12430 2619 125%
c - 1203.57 47 23 89 687 269215 1 11992330 94381 1.8 26 15 7 16 49% 35807 12430 2619 125%
c - 1206.68 47 23 89 688 269218 1 12018541 96525 1.8 26 15 7 16 49% 35807 12430 2619 125%
c - 1209.43 47 23 89 689 269218 1 12044771 97489 1.8 26 14 7 16 49% 35807 12430 2619 125%
c - 1212.00 47 22 89 690 269232 1 12071020 100371 1.8 26 14 7 16 49% 35807 12430 2619 125%
c - 1214.74 47 23 89 691 269243 1 12097288 99676 1.8 26 14 7 16 49% 35807 12430 2619 125%
c - 1217.29 47 22 89 692 269249 1 12123574 100614 1.9 26 14 7 16 49% 35807 12430 2619 125%
c - 1219.91 47 22 89 693 269261 1 12149880 102287 1.9 26 14 7 16 49% 35807 12430 2619 125%
c ] 1220.58 47 22 90 693 269264 1 12156617 108764 1.9 26 14 7 16 49% 35807 12430 2619 125%
c { 1220.58 47 20 90 693 269264 2 12156617 108764 1.7 20 12 6 13 49% 35807 12430 2619 125%
c o 1220.64 47 20 90 693 269279 2 12157120 109261 1.7 20 12 6 13 49% 35807 12430 2619 125%
c
c   seconds    switched       rate             size/glue  tier1     binary         remaining
c           MB   reductions      conflicts           size   tier2       irredundant
c            level      restarts         redundant      glue    trail         variables
c
c - 1222.23 47 20 90 694 269879 2 12176204 104723 1.7 20 12 6 13 49% 35807 12430 2619 125%
c - 1224.31 47 20 90 695 270451 2 12202547 107342 1.7 19 12 6 13 49% 35807 12430 2619 125%
c - 1226.45 47 20 90 696 271208 2 12228910 107738 1.7 19 12 6 13 49% 35807 12430 2619 125%
c - 1228.63 47 20 90 697 272050 2 12255291 107966 1.7 19 12 6 13 49% 35807 12430 2619 125%
c - 1230.81 47 20 90 698 272919 2 12281691 108341 1.7 19 11 6 13 49% 35807 12430 2619 125%
c - 1233.06 47 20 90 699 273797 2 12308111 108912 1.7 19 11 6 13 49% 35807 12430 2619 125%
c u 1234.51 47 20 90 699 274055 2 12311454 106265 1.7 19 12 6 13 49% 35807 12430 2619 125%
c v 1235.77 47 20 90 699 274055 2 12311454 100211 1.7 19 12 6 13 49% 35807 12430 2619 125%
c w 1236.21 47 20 90 699 274055 2 12311454 99327 1.7 19 12 6 13 49% 35807 12430 2619 125%
c - 1238.11 47 20 90 700 274756 2 12334549 98675 1.7 19 11 6 13 49% 35807 12430 2619 125%
c - 1240.20 47 20 90 701 275581 2 12361007 103683 1.7 19 11 6 13 49% 35807 12430 2619 125%
c - 1242.38 47 20 90 702 276583 2 12387483 104889 1.7 19 11 6 13 49% 35807 12430 2619 125%
c - 1244.44 47 20 90 703 277193 2 12413978 105553 1.7 19 11 6 13 49% 35807 12430 2619 125%
c - 1246.61 47 20 90 704 278074 2 12440493 106330 1.7 19 11 6 13 49% 35807 12430 2619 125%
c - 1248.80 47 20 90 705 279132 2 12467026 106375 1.7 19 11 6 13 49% 35807 12430 2619 125%
c - 1251.00 47 20 90 706 280168 2 12493577 106218 1.7 19 11 6 13 49% 35807 12430 2619 125%
c - 1253.17 47 20 90 707 281180 2 12520147 106583 1.7 19 11 6 13 49% 35807 12430 2619 125%
c - 1255.30 47 20 90 708 281862 2 12546737 107351 1.7 19 11 6 13 49% 35807 12430 2619 125%
c } 1256.65 47 20 91 708 282757 3 12561937 121659 1.7 19 11 6 13 49% 35807 12430 2619 125%
c [ 1256.65 47 22 91 708 282757 1 12561937 121659 1.9 26 14 7 16 49% 35807 12430 2619 125%
c
c   seconds    switched       rate             size/glue  tier1     binary         remaining
c           MB   reductions      conflicts           size   tier2       irredundant
c            level      restarts         redundant      glue    trail         variables
c
c B 1256.65 47 22 91 708 282757 1 12561937 121659 1.9 26 14 7 16 49% 35807 12430 2619 125%
c - 1257.55 47 23 91 709 282763 1 12573345 104207 1.9 27 14 7 16 49% 35807 12430 2619 125%
c - 1259.93 47 23 91 710 282776 1 12599972 99066 1.8 26 14 7 16 50% 35807 12430 2619 125%
c - 1262.27 47 22 91 711 282786 1 12626618 99601 1.8 26 14 7 16 50% 35807 12430 2619 125%
c - 1264.76 47 22 91 712 282794 1 12653283 100279 1.8 26 14 7 16 50% 35807 12430 2619 125%
c u 1268.23 47 22 91 712 282805 1 12678763 119953 1.8 26 14 7 16 50% 35807 12430 2619 125%
c v 1269.45 64 22 91 712 282805 1 12678763 116437 1.8 26 14 7 16 50% 35807 12430 2619 125%
c w 1269.88 66 22 91 712 282805 1 12678763 105595 1.8 26 14 7 16 50% 35807 12430 2619 125%
c o 1269.91 66 22 91 712 282805 1 12678763 105595 1.8 26 14 7 16 50% 35807 12430 2619 125%
c - 1270.02 54 25 91 713 282805 1 12679966 87389 1.8 26 15 7 16 50% 35807 12430 2619 125%
c - 1272.21 55 27 91 714 282817 1 12706668 89328 1.7 27 16 7 16 50% 35807 12430 2619 125%
c - 1274.74 56 27 91 715 282819 1 12733388 89126 1.7 27 16 7 16 50% 35807 12430 2619 125%
c - 1277.33 56 26 91 716 282821 1 12760127 92682 1.8 27 16 7 16 51% 35807 12430 2619 125%
c - 1280.01 55 26 91 717 282834 1 12786886 95140 1.8 27 16 7 16 51% 35807 12430 2619 125%
c - 1282.78 54 26 91 718 282848 1 12813662 93960 1.7 27 16 7 16 51% 35807 12430 2619 125%
c - 1285.45 56 26 91 719 282850 1 12840457 94063 1.7 27 16 7 16 51% 35807 12430 2619 125%
c - 1288.09 55 26 91 720 282865 1 12867271 94495 1.7 27 16 7 16 51% 35807 12430 2619 125%
c - 1290.80 58 25 91 721 282879 1 12894103 95668 1.7 27 16 7 16 51% 35807 12430 2619 125%
c ] 1292.00 55 25 92 721 282881 1 12906498 107197 1.7 26 15 7 16 51% 35807 12430 2619 125%
c { 1292.00 55 20 92 721 282881 3 12906498 107197 1.7 19 11 6 13 49% 35807 12430 2619 125%
c
c   seconds    switched       rate             size/glue  tier1     binary         remaining
c           MB   reductions      conflicts           size   tier2       irredundant
c            level      restarts         redundant      glue    trail         variables
c
c - 1293.29 56 20 92 722 283529 3 12920957 100253 1.7 19 11 6 13 49% 35807 12430 2619 125%
c - 1295.47 55 20 92 723 284349 3 12947827 105129 1.7 19 11 6 13 49% 35807 12430 2619 125%
c - 1297.70 58 20 92 724 285176 2 12974716 106865 1.7 19 11 6 13 49% 35807 12430 2619 125%
c - 1299.98 58 20 92 725 286171 2 13001623 107488 1.7 19 11 6 13 49% 35807 12430 2619 125%
c - 1302.24 58 20 92 726 287247 3 13028548 107314 1.7 19 11 6 13 49% 35807 12430 2619 125%
c u 1305.34 60 20 92 726 288080 2 13051949 123906 1.7 19 11 6 13 49% 35807 12430 2619 125%
c v 1306.64 60 20 92 726 288080 2 13051949 118833 1.7 19 11 6 13 49% 35807 12430 2619 125%
c w 1307.09 62 20 92 726 288080 2 13051949 117976 1.7 19 11 6 13 49% 35807 12430 2619 125%
c - 1307.45 55 20 92 727 288243 3 13055493 100219 1.7 19 11 6 13 49% 35807 12430 2619 125%
c - 1309.54 56 20 92 728 288781 2 13082455 102402 1.7 19 11 6 13 49% 35807 12430 2619 125%
c - 1311.73 55 19 92 729 289752 2 13109436 103422 1.7 19 11 6 13 49% 35807 12430 2619 125%
c - 1314.00 56 20 92 730 291026 2 13136436 104185 1.7 19 11 6 13 49% 35807 12430 2619 125%
c o 1315.11 56 20 92 730 291541 2 13149995 116590 1.7 19 11 6 13 49% 35807 12430 2619 125%
c - 1316.33 58 20 92 731 292471 3 13163454 104302 1.7 19 11 6 13 49% 35807 12430 2619 125%
c - 1318.53 58 20 92 732 293437 3 13190493 104730 1.7 19 11 6 13 49% 35807 12430 2619 125%
c - 1320.78 58 20 92 733 294380 3 13217549 105356 1.7 19 11 6 13 49% 35807 12430 2619 125%
c - 1322.93 58 20 92 734 295072 2 13244625 105211 1.7 19 11 6 13 49% 35807 12430 2619 125%
c - 1325.17 58 20 92 735 296020 2 13271717 105448 1.7 19 11 6 13 49% 35807 12430 2619 125%
c - 1327.40 58 20 92 736 296947 2 13298828 106273 1.7 19 11 6 13 49% 35807 12430 2619 125%
c - 1329.69 58 20 92 737 298036 2 13325958 106729 1.7 19 11 6 13 49% 35807 12430 2619 125%
c
c   seconds    switched       rate             size/glue  tier1     binary         remaining
c           MB   reductions      conflicts           size   tier2       irredundant
c            level      restarts         redundant      glue    trail         variables
c
c } 1329.91 54 20 93 737 298114 2 13328505 109140 1.7 19 11 6 13 49% 35807 12430 2619 125%
c [ 1329.91 54 25 93 737 298114 1 13328505 109140 1.7 26 15 7 16 51% 35807 12430 2619 125%
c W 1336.30 47 25 93 737 298114 1 13328505 109140 1.7 26 15 7 16 51% 35807 12430 2619 125%
c - 1338.30 47 25 93 738 298127 1 13353105 104043 1.8 27 15 7 16 51% 35807 12430 2619 125%
c - 1340.88 47 24 93 739 298141 1 13380271 101284 1.8 27 15 7 16 51% 35807 12430 2619 125%
c - 1343.76 47 23 93 740 298144 1 13407456 103943 1.8 26 14 7 16 51% 35807 12430 2619 125%
c u 1347.19 47 22 93 740 298158 1 13431040 120947 1.8 25 14 7 16 51% 35807 12430 2619 125%
c v 1348.43 47 22 93 740 298158 1 13431040 94022 1.8 25 14 7 16 51% 35807 12430 2619 125%
c w 1348.87 47 22 93 740 298158 1 13431040 79977 1.8 25 14 7 16 51% 35807 12430 2619 125%
c - 1349.19 47 22 93 741 298158 1 13434658 72295 1.8 25 14 7 16 51% 35807 12430 2619 125%
c - 1351.55 47 21 93 742 298172 1 13461879 87520 1.8 24 14 7 16 51% 35807 12430 2619 125%
c - 1353.94 47 21 93 743 298175 1 13489118 99643 1.8 24 13 7 16 51% 35807 12430 2619 125%
c - 1356.40 47 20 93 744 298176 1 13516376 103474 1.8 24 13 7 16 51% 35807 12430 2619 125%
c - 1358.95 47 20 93 745 298188 1 13543652 106606 1.8 24 13 7 16 51% 35807 12430 2619 125%
c - 1361.64 47 19 93 746 298199 1 13570946 107637 1.8 23 13 7 16 51% 35807 12430 2619 125%
c - 1364.38 47 19 93 747 298207 1 13598261 107155 1.8 23 13 7 16 51% 35807 12430 2619 125%
c - 1366.84 47 20 93 748 298219 1 13625592 107002 1.9 24 13 7 16 51% 35807 12430 2619 125%
c - 1369.62 47 20 93 749 298230 1 13652942 104262 1.9 25 13 7 16 51% 35807 12430 2619 125%
c - 1372.48 47 21 93 750 298238 1 13680311 103182 1.9 25 13 7 16 51% 35807 12430 2619 125%
c ] 1372.53 47 21 94 750 298238 1 13680849 103690 1.9 25 13 7 16 51% 35807 12430 2619 125%
c
c   seconds    switched       rate             size/glue  tier1     binary         remaining
c           MB   reductions      conflicts           size   tier2       irredundant
c            level      restarts         redundant      glue    trail         variables
c
c { 1372.53 47 20 94 750 298238 2 13680849 103690 1.7 19 11 6 13 49% 35807 12430 2619 125%
c o 1372.55 47 20 94 750 298252 3 13680938 103779 1.7 19 11 6 13 49% 35807 12430 2619 125%
c - 1374.69 47 20 94 751 299027 2 13707697 106495 1.7 19 11 6 13 49% 35807 12430 2619 125%
c - 1376.98 47 20 94 752 300199 3 13735101 109899 1.7 19 11 6 13 49% 35807 12430 2619 125%
c - 1379.17 47 20 94 753 300847 2 13762523 111014 1.7 19 11 6 13 49% 35807 12430 2619 125%
c - 1381.38 47 20 94 754 301750 2 13789965 111374 1.7 19 11 6 13 49% 35807 12430 2619 125%
c u 1384.64 47 20 94 754 302655 2 13816063 128693 1.7 19 11 6 13 49% 35807 12430 2619 125%
c v 1385.94 47 20 94 754 302655 2 13816063 120396 1.7 19 11 6 13 49% 35807 12430 2619 125%
c w 1386.40 47 20 94 754 302655 2 13816063 119618 1.7 19 11 6 13 49% 35807 12430 2619 125%
c - 1386.55 47 20 94 755 302708 2 13817425 100302 1.7 19 11 6 13 49% 35807 12430 2619 125%
c - 1388.75 47 20 94 756 303724 2 13844902 104205 1.7 19 11 6 13 49% 35807 12430 2619 125%
c - 1390.95 47 20 94 757 304959 3 13872397 106784 1.7 19 11 6 13 49% 35807 12430 2619 125%
c - 1393.06 47 20 94 758 305724 2 13899910 107529 1.7 19 11 6 13 49% 35807 12430 2619 125%
c - 1395.28 47 20 94 759 306815 2 13927442 108032 1.7 19 11 6 13 49% 35807 12430 2619 125%
c - 1397.43 47 20 94 760 307694 2 13954992 108112 1.7 19 11 6 13 49% 35807 12430 2619 125%
c - 1399.60 47 20 94 761 308398 2 13982560 108275 1.7 19 11 6 13 49% 35807 12430 2619 125%
c - 1401.86 47 20 94 762 309567 2 14010148 108729 1.7 19 11 6 13 49% 35807 12430 2619 125%
c - 1404.04 47 20 94 763 310384 2 14037752 109225 1.7 19 11 6 13 49% 35807 12430 2619 125%
c - 1406.34 47 20 94 764 311736 3 14065374 109174 1.7 19 11 6 13 49% 35807 12430 2619 125%
c - 1408.62 47 20 94 765 312803 3 14093014 109540 1.7 19 11 6 13 49% 35807 12430 2619 125%
c
c   seconds    switched       rate             size/glue  tier1     binary         remaining
c           MB   reductions      conflicts           size   tier2       irredundant
c            level      restarts         redundant      glue    trail         variables
c
c } 1410.83 47 21 95 765 313874 3 14119834 134683 1.7 20 12 6 13 49% 35807 12430 2619 125%
c [ 1410.83 47 21 95 765 313874 1 14119834 134683 1.9 25 13 7 16 51% 35807 12430 2619 125%
c O 1410.83 47 21 95 765 313874 1 14119834 134683 1.9 25 13 7 16 51% 35807 12430 2619 125%
c - 1410.92 47 21 95 766 313874 1 14120673 110198 1.9 25 13 7 16 51% 35807 12430 2619 125%
c - 1413.17 47 20 95 767 313888 1 14148350 109844 1.9 24 13 7 16 51% 35807 12430 2619 125%
c - 1415.63 47 20 95 768 313902 1 14176047 106995 1.8 24 13 7 16 51% 35807 12430 2619 125%
c - 1418.21 47 21 95 769 313906 1 14203759 103155 1.8 24 14 7 16 51% 35807 12430 2619 125%
c u 1419.56 47 21 95 769 313909 1 14207015 102129 1.8 24 14 7 16 51% 35807 12430 2619 125%
c v 1420.81 47 21 95 769 313909 1 14207015 98237 1.8 24 14 7 16 51% 35807 12430 2619 125%
c w 1421.25 47 21 95 769 313909 1 14207015 94640 1.8 24 14 7 16 51% 35807 12430 2619 125%
c o 1421.28 47 21 95 769 313909 1 14207015 94640 1.8 24 14 7 16 51% 35807 12430 2619 125%
c - 1423.39 47 23 95 770 313919 1 14231491 92053 1.8 25 14 7 16 51% 35807 12430 2619 125%
c - 1425.97 47 23 95 771 313934 1 14259239 95930 1.7 25 14 7 16 51% 35807 12430 2619 125%
c - 1428.62 47 23 95 772 313936 1 14287005 100327 1.7 25 14 7 16 51% 35807 12430 2619 125%
c - 1431.33 47 23 95 773 313936 1 14314790 102531 1.8 25 14 7 16 51% 35807 12430 2619 125%
c - 1434.14 47 23 95 774 313951 1 14342595 101842 1.8 26 15 7 16 51% 35807 12430 2619 125%
c - 1437.05 47 23 95 775 313965 1 14370417 101139 1.8 26 15 7 16 51% 35807 12430 2619 125%
c - 1439.86 47 24 95 776 313967 1 14398255 100897 1.8 26 15 7 16 52% 35807 12430 2619 125%
c - 1442.72 47 24 95 777 313982 1 14426112 99515 1.8 26 15 7 16 52% 35807 12430 2619 125%
c - 1445.73 47 23 95 778 313996 1 14453987 101363 1.8 26 15 7 16 51% 35807 12430 2619 125%
c
c   seconds    switched       rate             size/glue  tier1     binary         remaining
c           MB   reductions      conflicts           size   tier2       irredundant
c            level      restarts         redundant      glue    trail         variables
c
c ] 1448.37 47 22 96 778 313998 1 14480423 126342 1.7 25 14 7 16 51% 35807 12430 2619 125%
c { 1448.37 47 21 96 778 313998 3 14480423 126342 1.7 20 12 6 13 49% 35807 12430 2619 125%
c - 1448.55 47 21 96 779 314128 3 14481879 106619 1.7 20 12 6 13 49% 35807 12430 2619 125%
c - 1450.73 47 20 96 780 314676 2 14509789 110963 1.7 19 11 6 13 49% 35807 12430 2619 125%
c - 1453.02 47 20 96 781 315526 2 14537717 112566 1.7 19 11 6 13 49% 35807 12430 2619 125%
c - 1455.43 47 20 96 782 316915 3 14565663 112746 1.7 20 11 6 13 49% 35807 12430 2619 125%
c - 1457.71 47 20 96 783 317811 2 14593628 113361 1.7 20 11 6 13 49% 35807 12430 2619 125%
c u 1459.74 47 20 96 783 318034 2 14603922 116214 1.7 19 11 6 13 49% 35807 12430 2619 125%
c v 1461.14 47 20 96 783 318034 2 14603922 110495 1.7 19 11 6 13 49% 35807 12430 2619 125%
c w 1461.63 47 20 96 783 318034 2 14603922 109581 1.7 19 11 6 13 49% 35807 12430 2619 125%
c - 1463.06 47 20 96 784 318569 2 14621610 101754 1.7 19 11 6 13 49% 35807 12430 2619 125%
c - 1465.32 47 20 96 785 319523 2 14649610 104125 1.7 19 11 6 13 49% 35807 12430 2619 125%
c - 1467.58 47 20 96 786 320458 2 14677628 107603 1.7 19 11 6 13 49% 35807 12430 2619 125%
c - 1469.91 47 20 96 787 321676 2 14705665 108813 1.7 19 11 6 13 49% 35807 12430 2619 125%
c o 1470.03 47 20 96 787 321748 2 14707033 110027 1.7 19 11 6 13 49% 35807 12430 2619 125%
c - 1472.28 47 20 96 788 322869 3 14733718 109589 1.7 19 11 6 13 49% 35807 12430 2619 125%
c - 1474.49 47 20 96 789 323585 2 14761790 109602 1.7 19 11 6 13 49% 35807 12430 2619 125%
c - 1476.73 47 19 96 790 324257 2 14789879 110058 1.7 19 11 6 13 49% 35807 12430 2619 125%
c - 1478.99 47 19 96 791 325161 2 14817985 110544 1.7 19 11 6 13 49% 35807 12430 2619 125%
c - 1481.35 47 19 96 792 326277 2 14846110 110857 1.7 19 11 6 13 49% 35807 12430 2619 125%
c
c   seconds    switched       rate             size/glue  tier1     binary         remaining
c           MB   reductions      conflicts           size   tier2       irredundant
c            level      restarts         redundant      glue    trail         variables
c
c - 1483.66 47 20 96 793 327308 2 14874252 111593 1.7 19 11 6 13 49% 35807 12430 2619 125%
c - 1485.98 47 20 96 794 328459 2 14902412 112084 1.7 19 11 6 13 49% 35807 12430 2619 125%
c - 1488.38 47 20 96 795 329712 2 14930592 112093 1.7 19 11 6 13 49% 35807 12430 2619 125%
c } 1488.87 47 20 97 795 329885 2 14936687 117658 1.7 19 11 6 13 49% 35807 12430 2619 125%
c [ 1488.87 47 22 97 795 329885 1 14936687 117658 1.7 25 14 7 16 51% 35807 12430 2619 125%
c B 1488.87 47 22 97 795 329885 1 14936687 117658 1.7 25 14 7 16 51% 35807 12430 2619 125%
c - 1490.80 47 21 97 796 329898 1 14958788 112192 1.8 25 14 7 16 51% 35807 12430 2619 125%
c - 1493.48 47 21 97 797 329911 1 14987002 111482 1.8 25 14 7 16 51% 35807 12430 2619 125%
c u 1496.32 47 21 97 797 329915 1 15006784 127154 1.8 24 14 7 16 51% 35807 12430 2619 125%
c v 1497.27 64 21 97 797 329915 1 15006784 125331 1.8 24 14 7 16 51% 35807 12430 2619 125%
c w 1497.60 64 21 97 797 329915 1 15006784 122961 1.8 24 14 7 16 51% 35807 12430 2619 125%
c - 1498.72 56 21 97 798 329915 1 15015233 105611 1.8 24 14 7 16 51% 35807 12430 2619 125%
c - 1501.54 56 21 97 799 329930 1 15043482 107381 1.8 24 14 7 16 51% 35807 12430 2619 125%
c - 1504.37 58 22 97 800 329943 1 15071750 104530 1.8 25 14 7 16 51% 35807 12430 2619 125%
c - 1507.44 58 23 97 801 329946 1 15100034 99653 1.8 27 15 7 16 51% 35807 12430 2619 125%
c - 1510.57 55 24 97 802 329947 1 15128336 97991 1.8 28 15 7 16 51% 35807 12430 2619 125%
c - 1513.74 56 25 97 803 329961 1 15156655 97990 1.8 28 15 7 16 51% 35807 12430 2619 125%
c - 1516.86 55 25 97 804 329975 1 15184993 97418 1.8 29 16 7 16 51% 35807 12430 2619 125%
c - 1519.88 56 24 97 805 329978 1 15213348 101633 1.8 28 15 7 16 51% 35807 12430 2619 125%
c - 1523.02 56 24 97 806 329993 1 15241723 105075 1.9 29 16 7 16 51% 35807 12430 2619 125%
c
c   seconds    switched       rate             size/glue  tier1     binary         remaining
c           MB   reductions      conflicts           size   tier2       irredundant
c            level      restarts         redundant      glue    trail         variables
c
c - 1526.27 56 24 97 807 330007 1 15270114 105288 1.9 29 15 7 16 51% 35807 12430 2619 125%
c ] 1527.74 55 25 98 807 330009 1 15284212 118930 1.9 28 15 7 16 51% 35807 12430 2619 125%
c { 1527.74 55 20 98 807 330009 2 15284212 118930 1.7 19 11 6 13 49% 35807 12430 2619 125%
c - 1529.28 56 19 98 808 330020 2 15298521 108503 1.7 19 11 6 13 49% 35807 12430 2619 125%
c o 1530.32 56 18 98 808 330033 2 15310204 118090 1.7 19 11 6 13 49% 35807 12430 2619 125%
c - 1531.65 56 17 98 809 330051 2 15326946 112217 1.7 18 11 6 13 49% 35807 12430 2619 125%
c - 1533.92 58 16 98 810 330118 2 15355388 115565 1.7 18 11 6 13 49% 35807 12430 2619 125%
c - 1536.17 58 15 98 811 330218 2 15383848 116654 1.7 18 11 6 13 49% 35807 12430 2619 125%
c - 1538.39 58 15 98 812 330289 2 15412326 117105 1.7 17 10 6 13 49% 35807 12430 2619 125%
c u 1539.97 58 14 98 812 330295 2 15415627 111294 1.6 17 10 6 13 49% 35807 12430 2619 125%
c v 1541.48 62 14 98 812 330295 2 15415627 100860 1.6 17 10 6 13 49% 35807 12430 2619 125%
c w 1541.70 62 14 98 812 330295 2 15415627 100561 1.6 17 10 6 13 49% 35807 12430 2619 125%
c - 1543.56 56 14 98 813 330336 1 15440821 99075 1.6 17 10 6 13 49% 35807 12430 2619 125%
c - 1545.77 58 13 98 814 330540 1 15469335 105703 1.6 16 10 6 13 49% 35807 12430 2619 125%
c - 1548.02 58 13 98 815 330915 1 15497865 108841 1.6 16 10 6 13 49% 35807 12430 2619 125%
c - 1550.25 58 13 98 816 331144 1 15526414 109453 1.6 16 10 6 13 49% 35807 12430 2619 125%
c - 1552.56 58 13 98 817 331566 1 15554979 109909 1.6 16 10 6 13 49% 35807 12430 2619 125%
c - 1554.88 58 12 98 818 332054 1 15583562 112025 1.6 16 10 6 13 49% 35807 12430 2619 125%
c - 1557.18 58 12 98 819 332495 1 15612162 113192 1.6 16 10 6 13 49% 35807 12430 2619 125%
c - 1559.54 58 12 98 820 332950 1 15640781 113173 1.6 15 10 6 13 49% 35807 12430 2619 125%
c
c   seconds    switched       rate             size/glue  tier1     binary         remaining
c           MB   reductions      conflicts           size   tier2       irredundant
c            level      restarts         redundant      glue    trail         variables
c
c - 1561.94 58 12 98 821 333607 1 15669417 113856 1.6 15 10 6 13 49% 35807 12430 2619 125%
c - 1564.35 58 12 98 822 334213 1 15698070 114770 1.6 15 10 6 13 49% 35807 12430 2619 125%
c - 1566.77 58 12 98 823 334984 1 15726740 115275 1.6 15 10 6 13 49% 35807 12430 2619 125%
c - 1569.36 58 12 98 824 336058 1 15755427 116475 1.6 15 10 6 13 49% 35807 12430 2619 125%
c } 1569.56 54 12 99 824 336081 1 15758046 118526 1.6 15 10 6 13 49% 35807 12430 2619 125%
c [ 1569.56 54 25 99 824 336081 1 15758046 118526 1.9 28 15 7 16 51% 35807 12430 2619 125%
c W 1576.71 47 25 99 824 336081 1 15758046 118526 1.9 28 15 7 16 51% 35807 12430 2619 125%
c - 1578.89 47 24 99 825 336095 1 15784132 116881 1.9 29 15 7 16 51% 35807 12430 2619 125%
c - 1581.59 47 23 99 826 336109 1 15812855 116099 1.9 27 15 7 16 51% 35807 12430 2619 125%
c u 1584.46 47 23 99 826 336111 1 15830451 128976 1.9 27 14 7 16 51% 35807 12430 2619 125%
c v 1585.86 66 23 99 826 336111 1 15830451 121824 1.9 27 14 7 16 51% 35807 12430 2619 125%
c w 1586.34 66 23 99 826 336111 1 15830451 120147 1.9 27 14 7 16 51% 35807 12430 2619 125%
c o 1586.38 66 23 99 826 336111 1 15830451 120147 1.9 27 14 7 16 51% 35807 12430 2619 125%
c - 1587.21 56 32 99 827 336113 1 15841596 100472 1.8 28 16 7 16 51% 35807 12430 2619 125%
c - 1589.66 58 29 99 828 336126 1 15870353 104208 1.7 27 16 7 16 51% 35807 12430 2619 125%
c - 1592.40 56 27 99 829 336141 1 15899127 108385 1.8 27 15 7 16 51% 35807 12430 2619 125%
c - 1595.38 58 26 99 830 336143 1 15927919 110220 1.8 27 15 7 16 51% 35807 12430 2619 125%
c - 1598.37 58 26 99 831 336145 1 15956729 109289 1.8 27 15 7 16 51% 35807 12430 2619 125%
c - 1601.52 56 25 99 832 336158 1 15985556 107845 1.8 27 15 7 16 51% 35807 12430 2619 125%
c - 1604.56 54 25 99 833 336173 1 16014400 110506 1.8 27 15 7 16 51% 35807 12430 2619 125%
c
c   seconds    switched       rate             size/glue  tier1     binary         remaining
c           MB   reductions      conflicts           size   tier2       irredundant
c            level      restarts         redundant      glue    trail         variables
c
c - 1607.64 55 25 99 834 336180 1 16043261 111357 1.8 27 15 7 16 51% 35807 12430 2619 125%
c - 1610.70 55 25 99 835 336192 1 16072141 110668 1.8 27 15 7 16 51% 35807 12430 2619 125%
c - 1613.71 55 25 99 836 336204 1 16101037 107952 1.8 27 15 7 16 51% 35807 12430 2619 125%
c - 1616.79 58 25 99 837 336206 1 16129951 107743 1.8 28 16 7 16 51% 35807 12430 2619 125%
c ] 1619.02 58 25 100 837 336206 1 16150429 127475 1.8 28 16 7 16 51% 35807 12430 2619 125%
c { 1619.02 58 12 100 837 336206 1 16150429 127475 1.6 15 10 6 13 49% 35807 12430 2619 125%
c - 1620.07 58 13 100 838 337677 2 16158882 108792 1.6 16 10 6 13 49% 35807 12430 2619 125%
c - 1623.22 58 16 100 839 341639 2 16187830 114427 1.6 17 11 6 13 49% 35807 12430 2619 125%
c - 1626.03 58 18 100 840 344128 3 16216796 118654 1.6 17 11 6 13 49% 35807 12430 2619 125%
c - 1628.65 58 18 100 841 345788 3 16245779 120244 1.6 18 11 6 13 49% 35807 12430 2619 125%
c u 1630.47 47 18 100 841 345980 3 16251282 118043 1.6 18 11 6 13 49% 35807 12430 2619 125%
c v 1632.03 47 18 100 841 345980 3 16251282 111728 1.6 18 11 6 13 49% 35807 12430 2619 125%
c w 1632.57 47 18 100 841 345980 3 16251282 111200 1.6 18 11 6 13 49% 35807 12430 2619 125%
c - 1637.28 47 19 100 842 347445 3 16274779 108571 1.6 18 11 6 13 49% 35807 12430 2619 125%
c - 1639.70 47 19 100 843 348556 3 16303797 112724 1.6 18 11 6 13 49% 35807 12430 2619 125%
c - 1642.04 47 19 100 844 349331 3 16332833 115526 1.6 18 11 6 13 49% 35807 12430 2619 125%
c o 1644.37 47 19 100 844 350319 3 16361471 141956 1.6 19 11 6 13 49% 35807 12430 2619 125%
c - 1644.44 47 20 100 845 350358 3 16361885 116046 1.6 19 11 6 13 49% 35807 12430 2619 125%
c - 1646.95 47 20 100 846 351763 3 16390953 116462 1.7 19 11 6 13 49% 35807 12430 2619 125%
c - 1649.40 47 20 100 847 352782 3 16420039 116267 1.7 19 11 6 13 49% 35807 12430 2619 125%
c
c   seconds    switched        rate             size/glue  tier1     binary         remaining
c           MB    reductions      conflicts           size   tier2       irredundant
c            level       restarts         redundant      glue    trail         variables
c
c - 1651.83 47 20 100 848 353759 3 16449143 116433 1.7 19 11 6 13 49% 35807 12430 2619 125%
c - 1654.32 47 20 100 849 355024 3 16478263 116446 1.7 19 11 6 13 49% 35807 12430 2619 125%
c - 1656.76 47 21 100 850 356231 3 16507400 116110 1.7 19 12 6 13 49% 35807 12430 2619 125%
c - 1659.16 47 20 100 851 357093 3 16536554 115988 1.7 19 11 6 13 49% 35807 12430 2619 125%
c - 1661.64 47 21 100 852 358307 3 16565725 115827 1.7 20 12 6 13 49% 35807 12430 2619 125%
c - 1664.13 47 21 100 853 359330 3 16594914 115777 1.7 20 12 6 13 49% 35807 12430 2619 125%
c - 1666.54 47 20 100 854 360115 2 16624122 116113 1.7 20 11 6 13 49% 35807 12430 2619 125%
c } 1667.93 47 20 101 854 360525 2 16642128 132900 1.7 20 11 6 13 49% 35807 12430 2619 125%
c [ 1667.93 47 25 101 854 360525 1 16642128 132900 1.8 28 16 7 16 51% 35807 12430 2619 125%
c I 1667.93 47 25 101 854 360525 1 16642128 132900 1.8 28 16 7 16 51% 35807 12430 2619 125%
c - 1668.88 47 25 101 855 360531 1 16653345 115892 1.8 27 15 7 16 51% 35807 12430 2619 125%
c u 1672.18 47 24 101 855 360542 1 16678119 134368 1.8 27 15 7 16 51% 35807 12430 2619 125%
c v 1673.58 47 24 101 855 360542 1 16678119 130123 1.8 27 15 7 16 51% 35807 12430 2619 125%
c w 1674.07 47 24 101 855 360542 1 16678119 125895 1.8 27 15 7 16 51% 35807 12430 2619 125%
c - 1674.51 47 24 101 856 360545 1 16682588 103133 1.8 27 15 7 16 51% 35807 12430 2619 125%
c - 1677.29 47 23 101 857 360555 1 16711846 104810 1.8 26 14 7 16 51% 35807 12430 2619 125%
c - 1680.14 47 22 101 858 360566 1 16741120 109005 1.8 26 14 7 16 51% 35807 12430 2619 125%
c - 1683.22 47 22 101 859 360579 1 16770411 107170 1.8 26 14 7 16 51% 35807 12430 2619 125%
c - 1686.66 47 21 101 860 360586 1 16799719 109112 1.8 25 14 7 16 51% 35807 12430 2619 125%
c - 1689.53 47 22 101 861 360587 1 16829044 111951 1.8 25 14 7 16 51% 35807 12430 2619 125%
c
c   seconds    switched        rate             size/glue  tier1     binary         remaining
c           MB    reductions      conflicts           size   tier2       irredundant
c            level       restarts         redundant      glue    trail         variables
c
c - 1692.43 47 22 101 862 360600 1 16858386 109637 1.8 25 14 7 16 51% 35807 12430 2619 125%
c - 1695.89 47 21 101 863 360612 1 16887745 109881 1.8 25 14 7 16 51% 35807 12430 2619 125%
c - 1699.27 47 21 101 864 360618 1 16917122 113209 1.8 25 14 7 16 51% 35807 12430 2619 125%
c - 1702.35 47 21 101 865 360633 1 16946515 111911 1.8 26 14 7 16 51% 35807 12430 2619 125%
c o 1704.43 47 21 101 865 360641 1 16965942 130548 1.8 26 14 7 16 51% 35807 12430 2619 125%
c - 1705.46 47 23 101 866 360647 1 16975928 108333 1.8 26 14 7 16 51% 35807 12430 2619 125%
c - 1708.24 47 22 101 867 360650 1 17005357 111616 1.8 26 14 7 16 51% 35807 12430 2619 125%
c - 1711.25 47 23 101 868 360650 1 17034802 113238 1.9 26 14 7 16 51% 35807 12430 2619 125%
c B 1712.37 47 23 101 868 360651 1 17045783 123913 1.9 27 14 7 16 51% 35807 12430 2619 125%
c ] 1712.55 47 23 102 868 360651 1 17047550 125641 1.9 27 14 7 16 51% 35807 12430 2619 125%
c { 1712.55 47 20 102 868 360651 2 17047550 125641 1.7 20 11 6 13 49% 35807 12430 2619 125%
c - 1715.36 47 26 102 869 363537 4 17064265 107677 1.7 22 13 6 13 49% 35807 12430 2619 125%
c - 1720.63 47 35 102 870 368694 6 17093743 99553 1.8 25 14 6 13 49% 35807 12430 2619 125%
c u 1725.18 47 39 102 870 371344 6 17110988 111511 1.8 27 15 6 13 49% 35807 12430 2619 125%
c v 1726.96 47 39 102 870 371344 6 17110988 109342 1.8 27 15 6 13 49% 35807 12430 2619 125%
c w 1727.64 47 39 102 870 371344 6 17110988 109208 1.8 27 15 6 13 49% 35807 12430 2619 125%
c - 1730.03 47 42 102 871 373385 7 17123238 89544 1.8 28 15 6 13 49% 35807 12430 2619 125%
c - 1735.01 47 46 102 872 377308 8 17152751 89872 1.9 30 16 6 13 49% 35807 12430 2619 125%
c - 1739.50 47 49 102 873 380241 8 17182280 90931 1.9 31 17 6 13 49% 35807 12430 2619 125%
c - 1743.80 47 51 102 874 382724 7 17211826 91819 1.9 33 17 6 13 49% 35807 12430 2619 125%
c
c   seconds    switched        rate            size/glue  tier1     binary         remaining
c           MB    reductions      conflicts          size   tier2       irredundant
c            level       restarts         redundant     glue    trail         variables
c
c - 1747.74 47 51 102 875 384573 7 17241389 92455 1.9 34 17 6 13 49% 35807 12430 2619 125%
c - 1751.48 47 52 102 876 386125 6 17270969 93288 2.0 34 18 6 13 49% 35807 12430 2619 125%
c - 1755.32 47 52 102 877 387787 6 17300566 93879 2.0 35 18 6 13 49% 35807 12430 2619 125%
c - 1759.08 47 52 102 878 389267 6 17330180 94189 2.0 36 18 6 13 49% 35807 12430 2619 125%
c - 1762.82 47 53 102 879 390659 5 17359811 94627 2.0 36 18 6 13 49% 35807 12430 2619 125%
c - 1766.45 47 52 102 880 391919 5 17389458 95726 2.1 36 18 6 13 49% 35807 12430 2619 125%
c - 1770.26 47 52 102 881 393389 5 17419125 96416 2.1 37 18 6 13 49% 35807 12430 2619 125%
c - 1774.34 47 52 102 882 395178 5 17448806 95864 2.1 37 18 6 13 49% 35807 12430 2619 125%
c - 1778.20 47 52 102 883 396648 5 17478504 95492 2.1 37 18 6 13 49% 35807 12430 2619 125%
c - 1782.20 47 53 102 884 398287 5 17508220 95155 2.1 37 18 6 13 49% 35807 12430 2619 125%
c o 1783.15 47 53 102 884 398621 5 17516135 102951 2.1 38 18 6 13 49% 35807 12430 2619 125%
c - 1785.81 47 52 102 885 399427 5 17537953 95380 2.1 37 18 6 13 49% 35807 12430 2619 125%
c u 1789.12 47 52 102 885 399860 5 17549890 101824 2.1 37 18 6 13 49% 35807 12430 2619 125%
c v 1791.20 47 52 102 885 399860 5 17549890 100052 2.1 37 18 6 13 49% 35807 12430 2619 125%
c w 1791.97 47 52 102 885 399860 5 17549890 99871 2.1 37 18 6 13 49% 35807 12430 2619 125%
c } 1792.94 47 52 103 885 400212 5 17557402 107281 2.1 37 18 6 13 49% 35807 12430 2619 125%
c [ 1792.94 47 23 103 885 400212 1 17557402 107281 1.9 27 14 7 16 51% 35807 12430 2619 125%
c caught signal 15 (SIGTERM)
c
c ---- [ profiling ] ---------------------------------------------------------
c
c        1595.21   88.63 %  search
c         838.74   46.60 %  focused
c         756.47   42.03 %  stable
c         204.51   11.36 %  simplify
c         157.55    8.75 %  probe
c         136.17    7.57 %  vivify
c          46.83    2.60 %  walking
c          17.21    0.96 %  sweep
c          16.46    0.91 %  reduce
c           2.20    0.12 %  substitute
c           1.44    0.08 %  transitive
c           0.27    0.02 %  factor
c           0.26    0.01 %  eliminate
c           0.21    0.01 %  backbone
c           0.14    0.01 %  preprocess
c           0.07    0.00 %  congruence
c           0.04    0.00 %  subsume
c           0.01    0.00 %  fastel
c           0.01    0.00 %  parse
c           0.00    0.00 %  lucky
c =============================================
c        1799.87  100.00 %  total
c
c ---- [ statistics ] --------------------------------------------------------
c
c chronological:                           81                0 %  conflicts
c conflicts:                         17557402             9754.82 per second
c decisions:                         38984119                2.22 per conflict
c eliminated:                            6617              316 %  variables
c factored:                              7151              341 %  variables
c fast_eliminated:                       2349               35 %  eliminated
c propagations:                    6078338126          3377100    per second
c reductions:                             885            19839    interval
c reordered:                               56           313525    interval
c rephased:                                65           270114    interval
c restarts:                            400212               44    interval
c strengthened:                          7699                1 %  checks
c switched:                               103           170460    interval
c vivified:                            940800               60 %  checks
c walks:                                   22           798064    interval
c
c ---- [ proof ] -------------------------------------------------------------
c
c proof_added:                       18026925               50 %  per line
c proof_bytes:                     1742733312             1662 MB 
c proof_deleted:                     17954980               50 %  per line
c
c ---- [ glue usage ] --------------------------------------------------------
c
c focused glue 6    used  907665 clauses  3.99% accumulated 53.18% tier1
c focused glue 7    used 1030138 clauses  4.53% accumulated 57.71%
c focused glue 8-11 used 5974260 clauses 26.25% accumulated 83.96%
c focused glue 12   used 1111063 clauses  4.88% accumulated 88.84%
c focused glue 13   used  761340 clauses  3.34% accumulated 92.18% tier2
c
c stable glue 7    used 1908689 clauses  6.18% accumulated 55.72% tier1
c stable glue 8    used 1600262 clauses  5.18% accumulated 60.90%
c stable glue 9-14 used 7763645 clauses 25.12% accumulated 86.02%
c stable glue 15   used  896724 clauses  2.90% accumulated 88.92%
c stable glue 16   used  750881 clauses  2.43% accumulated 91.35% tier2
c
c ---- [ resources ] ---------------------------------------------------------
c
c maximum-resident-set-size:         69435392 bytes         66 MB
c process-time:                            30m            1799.87 seconds
c raising signal 15 (SIGTERM)
