c ---- [ banner ] ------------------------------------------------------------
c
c Kissat SAT Solver
c 
c Copyright (c) 2021-2024 Armin Biere University of Freiburg
c Copyright (c) 2019-2021 Armin Biere Johannes Kepler University Linz
c 
c Version 4.0.0 unknown
c gcc (Ubuntu 13.3.0-6ubuntu2~24.04.1) 13.3.0 -W -Wall -O3 -DNDEBUG
c Mon Aug 3 21:56:23 UTC 2026 Linux runnervmvrwv9 6.17.0-1020-azure x86_64
c
c ---- [ proving ] -----------------------------------------------------------
c
c opened and writing proof to DRAT file:
c
c   borsuk_11_k6_q00r00_sixth_base_colorability_screen/work/results/q00r00-s034/q00r00-s034.drat
c
c ---- [ parsing ] -----------------------------------------------------------
c
c opened and reading DIMACS file:
c
c   borsuk_11_k6_q00r00_sixth_base_colorability_screen/work/input/instances/cases/q00r00-s034/q00r00-s034_12color.cnf
c
c parsed 'p cnf 1488 37283' header
c closing input after reading 473276 bytes (462 KB)
c finished parsing after 0.00 seconds
c
c ---- [ solving ] -----------------------------------------------------------
c
c  seconds switched rate     size/glue tier1  binary       remaining
c         MB reductions conflicts size  tier2    irredundant
c          level restarts redundant glue  trail       variables
c
c *  0.00  4 0 0 0  0 0   0   0 0.0 0 0 0 0 0% 37035 236 1476 99%
c (  0.00  4 0 0 0  0 0   0   0 0.0 0 0 0 0 0% 37035 236 1476 99%
c .  0.00  4 0 0 0  0 0   0   0 0.0 0 0 0 0 0% 37035 236 1476 99%
c f  0.07  5 0 0 0  0 0   0   0 0.0 0 0 0 0 0% 18012 236 3847 259%
c e  0.08  6 0 0 0  0 0   0   0 0.0 0 0 0 0 0% 17586 1492 2590 174%
c )  0.08  6 0 0 0  0 0   0   0 0.0 0 0 0 0 0% 17586 1492 2590 174%
c {  0.08  6 0 0 0  0 0   0   0 0.0 0 0 2 6 0% 17586 1492 2590 174%
c -  0.11  6 18 0 1 15 2 1002 708 1.5 17 11 10 14 41% 17586 1492 2590 174%
c }  0.11  6 18 1 1 15 2 1002 708 1.5 17 11 10 14 41% 17586 1492 2590 174%
c [  0.11  6 0 1 1 15 0 1002 708 0.0 0 0 2 6 0% 17586 1492 2590 174%
c B  0.11  6 0 1 1 15 0 1002 708 0.0 0 0 2 6 0% 17586 1492 2590 174%
c ]  0.14  6 48 2 1 15 1 1902 1579 2.1 29 14 12 18 41% 17586 1492 2590 174%
c {  0.14  6 18 2 1 15 2 1902 1579 1.5 17 11 10 14 41% 17586 1492 2590 174%
c -  0.14  6 21 2 2 15 2 2003 1644 1.6 17 11 10 14 42% 17586 1492 2590 174%
c u  0.17  7 17 2 2 16 2 2733 2148 1.6 16 10 10 14 41% 17586 1492 2590 174%
c v  0.17  7 17 2 2 16 2 2733 2146 1.6 16 10 10 14 41% 17586 1492 2590 174%
c w  0.17  7 17 2 2 16 2 2733 2144 1.6 16 10 10 14 41% 17586 1492 2590 174%
c f  0.19  7 17 2 2 16 2 2733 2144 1.6 16 10 10 14 41% 16193 1492 3551 239%
c u  0.20  7 17 2 2 16 2 2733 2128 1.6 16 10 10 14 41% 16193 1492 3551 239%
c v  0.21  7 17 2 2 16 2 2733 2127 1.6 16 10 10 14 41% 16193 1492 3551 239%
c
c  seconds  switched rate       size/glue  tier1      binary        remaining
c         MB reductions conflicts     size    tier2      irredundant
c          level restarts  redundant     glue     trail        variables
c
c w  0.21  7 17 2 2 16 2 2733 2118 1.6 16 10 10 14 41% 16193 1492 3551 239%
c }  0.24  7 17 3 2 18 2 2902 2286 1.6 16 10 10 14 41% 16193 1492 3551 239%
c [  0.24  7 48 3 2 18 1 2902 2286 2.1 29 14 12 18 41% 16193 1492 3551 239%
c W  0.25  7 48 3 2 18 1 2902 2286 2.1 29 14 12 18 41% 16193 1492 3551 239%
c -  0.26  7 41 3 3 18 1 3418 2573 2.2 28 13 10 17 39% 16193 1492 3551 239%
c ]  0.28  7 39 4 3 18 1 3771 2915 2.0 28 14 10 17 38% 16193 1492 3551 239%
c {  0.28  7 17 4 3 18 2 3771 2915 1.6 16 10 10 14 41% 16193 1492 3551 239%
c -  0.32  7 20 4 4 111 3 5150 3663 1.7 18 10 9 13 37% 16193 1492 3551 239%
c }  0.36  7 21 5 4 197 3 6124 4610 1.8 18 10 9 13 36% 16193 1492 3551 239%
c [  0.36  7 39 5 4 197 1 6124 4610 2.0 28 14 10 17 38% 16193 1492 3551 239%
c I  0.36  7 39 5 4 197 1 6124 4610 2.0 28 14 10 17 38% 16193 1492 3551 239%
c -  0.39  8 48 5 5 198 1 7150 4883 1.8 28 15 11 22 35% 16193 1492 3551 239%
c u  0.44  8 49 5 5 199 1 8463 6125 1.7 28 16 11 23 34% 16193 1492 3551 239%
c v  0.45  9 49 5 5 199 1 8463 6114 1.7 28 16 11 23 34% 16193 1492 3551 239%
c w  0.45 10 49 5 5 199 1 8463 6114 1.7 28 16 11 23 34% 16193 1492 3551 239%
c ]  0.46 10 49 6 5 199 1 8483 6133 1.7 28 16 11 23 34% 16193 1492 3551 239%
c {  0.46 10 21 6 5 199 3 8483 6133 1.8 18 10 9 13 36% 16193 1492 3551 239%
c -  0.50 10 26 6 6 320 4 9387 6047 1.8 19 10 9 13 36% 16193 1492 3551 239%
c o  0.52 10 28 6 6 413 5 10005 6647 1.8 19 11 9 13 36% 16193 1492 3551 239%
c -  0.59 10 31 6 7 522 5 11836 7510 1.8 19 10 9 13 35% 16193 1492 3551 239%
c
c  seconds  switched  rate        size/glue  tier1     binary        remaining
c         MB reductions conflicts       size   tier2      irredundant
c          level restarts    redundant     glue    trail        variables
c
c }  0.62 10 32 7 7 567 5 12552 8217 1.9 20 10 9 13 35% 16193 1492 3551 239%
c [  0.62 10 49 7 7 567 1 12552 8217 1.7 28 16 11 23 34% 16193 1492 3551 239%
c B  0.62 10 49 7 7 567 1 12552 8217 1.7 28 16 11 23 34% 16193 1492 3551 239%
c e  0.66 10 47 7 7 568 1 13664 9294 1.7 27 16 11 23 34% 15207 2234 3383 227%
c ^  0.67 10 47 7 7 568 1 13664 9294 1.7 27 16 11 23 34% 15207 2234 3383 227%
c -  0.70 10 44 7 8 568 1 14482 3400 1.7 27 16 11 23 34% 15207 2234 3383 227%
c ]  0.78 10 37 8 8 570 1 16879 5573 1.7 26 15 11 22 35% 15207 2234 3383 227%
c {  0.78 10 32 8 8 570 5 16879 5573 1.9 20 10 9 13 35% 15207 2234 3383 227%
c -  0.80 10 31 8 9 581 5 17310 5643 1.9 20 10 9 13 35% 15207 2234 3383 227%
c u  0.81 10 31 8 9 581 5 17363 5648 1.9 20 10 9 13 35% 15207 2234 3383 227%
c v  0.82 10 31 8 9 581 5 17363 5621 1.9 20 10 9 13 35% 15207 2234 3383 227%
c w  0.83 10 31 8 9 581 5 17363 5044 1.9 20 10 9 13 35% 15207 2234 3383 227%
c -  0.93 10 28 8 10 669 4 20310 7285 1.8 19 10 9 13 34% 15207 2234 3383 227%
c o  0.94 10 28 8 10 673 4 20543 7505 1.8 19 10 9 13 34% 15207 2234 3383 227%
c }  1.02 10 26 9 10 766 4 23038 9848 1.8 19 10 9 13 34% 15207 2234 3383 227%
c [  1.02 10 37 9 10 766 1 23038 9848 1.7 26 15 11 22 35% 15207 2234 3383 227%
c W  1.02 10 37 9 10 766 1 23038 9848 1.7 26 15 11 22 35% 15207 2234 3383 227%
c -  1.04 10 38 9 11 766 1 23476 9124 1.7 26 15 11 21 35% 15207 2234 3383 227%
c -  1.17 10 34 9 12 768 1 26792 10716 1.7 26 15 10 20 34% 15207 2234 3383 227%
c e  1.20 10 33 9 12 769 1 27457 11351 1.7 25 15 10 20 34% 15701 2392 2731 184%
c
c  seconds  switched   rate         size/glue  tier1      binary        remaining
c         MB  reductions conflicts        size    tier2      irredundant
c          level  restarts     redundant     glue     trail        variables
c
c ^  1.20 10 33 9 12 769 1 27457 11351 1.7 25 15 10 20 34% 15701 2392 2731 184%
c ]  1.24 10 32 10 12 770 1 28512 11251 1.7 25 15 10 20 35% 15701 2392 2731 184%
c {  1.24 10 26 10 12 770 4 28512 11251 1.8 19 10 9 13 34% 15701 2392 2731 184%
c u  1.30 10 26 10 12 798 4 29641 12311 1.8 19 10 9 13 34% 15701 2392 2731 184%
c v  1.32 10 26 10 12 798 4 29641 12236 1.8 19 10 9 13 34% 15701 2392 2731 184%
c w  1.32 10 26 10 12 798 4 29641 12169 1.8 19 10 9 13 34% 15701 2392 2731 184%
c f  1.40 10 26 10 12 798 4 29641 12169 1.8 19 10 9 13 34% 15692 2392 2734 184%
c u  1.42 10 26 10 12 798 4 29641 12136 1.8 19 10 9 13 34% 15692 2392 2734 184%
c v  1.43 10 26 10 12 798 4 29641 12070 1.8 19 10 9 13 34% 15692 2392 2734 184%
c w  1.43 10 26 10 12 798 4 29641 12047 1.8 19 10 9 13 34% 15692 2392 2734 184%
c -  1.47 10 25 10 13 823 4 30257 11396 1.8 18 10 9 13 34% 15692 2392 2734 184%
c -  1.59 10 24 10 14 966 4 33862 13155 1.8 18 10 9 12 35% 15692 2392 2734 184%
c }  1.69 11 23 11 14 1060 3 37141 16144 1.8 18 10 9 12 35% 15692 2392 2734 184%
c [  1.69 11 32 11 14 1060 1 37141 16144 1.7 25 15 10 20 35% 15692 2392 2734 184%
c O  1.69 11 32 11 14 1060 1 37141 16144 1.7 25 15 10 20 35% 15692 2392 2734 184%
c -  1.71 11 31 11 15 1060 1 37604 14747 1.7 25 14 10 20 35% 15692 2392 2734 184%
c -  1.85 11 28 11 16 1063 1 41476 16698 1.7 23 14 10 18 36% 15692 2392 2734 184%
c ]  1.96 11 26 12 16 1065 1 44275 19162 1.7 22 13 10 18 36% 15692 2392 2734 184%
c {  1.96 11 23 12 16 1065 3 44275 19162 1.8 18 10 9 12 35% 15692 2392 2734 184%
c o  1.97 11 23 12 16 1068 3 44613 19470 1.8 18 10 9 12 35% 15692 2392 2734 184%
c
c  seconds   switched    rate         size/glue  tier1     binary        remaining
c         MB   reductions  conflicts        size   tier2      irredundant
c          level    restarts     redundant     glue    trail        variables
c
c u  2.03 15 23 12 16 1115 3 45388 20155 1.8 18 10 9 12 35% 15692 2392 2734 184%
c v  2.05 15 23 12 16 1115 3 45388 20032 1.8 18 10 9 12 35% 15692 2392 2734 184%
c w  2.06 15 23 12 16 1115 3 45388 19412 1.8 18 10 9 12 35% 15692 2392 2734 184%
c -  2.07 12 23 12 17 1127 3 45477 18237 1.8 18 10 9 12 35% 15692 2392 2734 184%
c -  2.22 13 22 12 18 1354 3 49600 20653 1.8 18 10 9 12 36% 15692 2392 2734 184%
c -  2.38 10 22 12 19 1592 3 53842 22863 1.7 18 10 9 12 36% 15692 2392 2734 184%
c }  2.45 10 22 13 19 1749 3 55754 24698 1.7 18 10 9 12 36% 15692 2392 2734 184%
c [  2.45 10 26 13 19 1749 1 55754 24698 1.7 22 13 10 18 36% 15692 2392 2734 184%
c B  2.45 10 26 13 19 1749 1 55754 24698 1.7 22 13 10 18 36% 15692 2392 2734 184%
c e  2.52  9 25 13 19 1750 1 57245 26142 1.7 23 13 10 18 36% 15943 2560 2507 168%
c ^  2.52  9 25 13 19 1750 1 57245 26142 1.7 23 13 10 18 36% 15943 2560 2507 168%
c -  2.56 12 25 13 20 1751 1 58201 22884 1.7 23 13 9 17 36% 15943 2560 2507 168%
c -  2.75 12 24 13 21 1754 1 62673 25115 1.7 23 13 9 17 37% 15943 2560 2507 168%
c u  2.87 14 24 13 21 1755 1 64764 27031 1.7 23 13 9 17 37% 15943 2560 2507 168%
c v  2.90 14 24 13 21 1755 1 64764 26889 1.7 23 13 9 17 37% 15943 2560 2507 168%
c w  2.91 14 24 13 21 1755 1 64764 26716 1.7 23 13 9 17 37% 15943 2560 2507 168%
c ]  2.99 12 24 14 21 1755 1 66091 27977 1.7 23 13 9 17 38% 15943 2560 2507 168%
c {  2.99 12 22 14 21 1755 3 66091 27977 1.7 18 10 9 12 36% 15943 2560 2507 168%
c -  3.04 15 22 14 22 1818 3 67255 26671 1.7 18 10 9 12 36% 15943 2560 2507 168%
c -  3.21 15 21 14 23 2009 3 71946 28421 1.7 18 10 9 12 37% 15943 2560 2507 168%
c
c  seconds   switched    rate         size/glue  tier1     binary        remaining
c         MB   reductions  conflicts        size   tier2      irredundant
c          level    restarts     redundant     glue    trail        variables
c
c o  3.34 15 21 14 23 2094 3 75522 31683 1.7 17 10 9 12 37% 15943 2560 2507 168%
c -  3.39 15 21 14 24 2170 3 76743 30347 1.7 17 10 9 12 37% 15943 2560 2507 168%
c }  3.55 15 21 15 24 2420 3 80806 34193 1.7 17 10 9 12 37% 15943 2560 2507 168%
c [  3.55 15 24 15 24 2420 1 80806 34193 1.7 23 13 9 17 38% 15943 2560 2507 168%
c W  3.56 11 24 15 24 2420 1 80806 34193 1.7 23 13 9 17 38% 15943 2560 2507 168%
c -  3.60 11 25 15 25 2420 1 81643 32733 1.7 23 13 9 17 38% 15943 2560 2507 168%
c -  3.81 14 23 15 26 2424 1 86645 35163 1.7 22 13 9 17 38% 15943 2560 2507 168%
c u  3.93 15 23 15 26 2425 1 87848 36046 1.7 22 13 9 17 38% 15943 2560 2507 168%
c v  3.97 15 23 15 26 2425 1 87848 35084 1.7 22 13 9 17 38% 15943 2560 2507 168%
c w  3.98 15 23 15 26 2425 1 87848 34586 1.7 22 13 9 17 38% 15943 2560 2507 168%
c -  4.25 15 22 15 27 2426 1 91745 35946 1.8 22 12 9 16 39% 15943 2560 2507 168%
c ]  4.31 15 22 16 27 2427 1 93124 37168 1.8 22 12 9 16 39% 15943 2560 2507 168%
c {  4.31 15 21 16 27 2427 3 93124 37168 1.7 17 10 9 12 37% 15943 2560 2507 168%
c -  4.49 15 21 16 28 2786 3 96942 39325 1.7 18 10 9 12 37% 15943 2560 2507 168%
c -  4.72 15 21 16 29 3045 3 102233 42207 1.7 17 10 9 12 38% 15943 2560 2507 168%
c e  4.87 15 21 16 29 3301 3 105112 45010 1.7 18 10 9 12 38% 16683 3043 2132 143%
c ^  4.87 15 21 16 29 3301 3 105112 45010 1.7 18 10 9 12 38% 16683 3043 2132 143%
c -  4.99 17 20 16 30 3437 3 107620 34418 1.7 18 10 9 12 38% 16683 3043 2132 143%
c }  5.13 17 20 17 30 3500 3 111461 37951 1.7 17 10 9 12 38% 16683 3043 2132 143%
c [  5.13 17 22 17 30 3500 1 111461 37951 1.8 22 12 9 16 39% 16683 3043 2132 143%
c
c  seconds   switched    rate          size/glue  tier1     binary        remaining
c         MB   reductions  conflicts         size   tier2      irredundant
c          level    restarts      redundant     glue    trail        variables
c
c I  5.13 17 22 17 30 3500 1 111461 37951 1.8 22 12 9 16 39% 16683 3043 2132 143%
c -  5.20 17 24 17 31 3501 1 113097 37246 1.8 23 13 9 17 39% 16683 3043 2132 143%
c u  5.32 23 25 17 31 3502 1 114826 38877 1.8 23 13 9 17 39% 16683 3043 2132 143%
c v  5.35 23 25 17 31 3502 1 114826 38559 1.8 23 13 9 17 39% 16683 3043 2132 143%
c w  5.36 23 25 17 31 3502 1 114826 38488 1.8 23 13 9 17 39% 16683 3043 2132 143%
c x  5.38 23 25 17 31 3502 1 114826 38487 1.8 23 13 9 17 39% 16683 3043 2132 143%
c -  5.56 19 26 17 32 3505 1 118665 38583 1.7 24 14 9 18 39% 16683 3043 2132 143%
c -  5.81 20 25 17 33 3507 1 124321 41129 1.7 23 14 9 18 40% 16683 3043 2132 143%
c ]  6.02 20 25 18 33 3511 1 129194 45725 1.7 23 14 9 18 40% 16683 3043 2132 143%
c {  6.02 20 20 18 33 3511 3 129194 45725 1.7 17 10 9 12 38% 16683 3043 2132 143%
c -  6.07 19 20 18 34 3514 3 130065 44181 1.7 17 10 9 12 39% 16683 3043 2132 143%
c -  6.31 22 19 18 35 3516 3 135897 39102 1.7 17 10 8 12 39% 16683 3043 2132 143%
c -  6.56 22 18 18 36 3516 3 141813 37885 1.7 17 10 8 12 40% 16683 3043 2132 143%
c u  6.78 22 18 18 36 3516 3 145575 40762 1.7 17 10 8 12 40% 16683 3043 2132 143%
c v  6.83 23 18 18 36 3516 3 145575 39071 1.7 17 10 8 12 40% 16683 3043 2132 143%
c w  6.84 23 18 18 36 3516 3 145575 39026 1.7 17 10 8 12 40% 16683 3043 2132 143%
c o  6.85 23 18 18 36 3516 3 145575 39026 1.7 17 10 8 12 40% 16683 3043 2132 143%
c -  6.93 21 17 18 37 3533 3 147816 37771 1.7 17 10 8 12 40% 16683 3043 2132 143%
c }  7.07 22 17 19 37 3561 2 151540 41078 1.7 16 10 8 12 40% 16683 3043 2132 143%
c [  7.07 22 25 19 37 3561 1 151540 41078 1.7 23 14 9 18 40% 16683 3043 2132 143%
c
c  seconds   switched    rate          size/glue  tier1     binary        remaining
c         MB   reductions  conflicts         size   tier2      irredundant
c          level    restarts      redundant     glue    trail        variables
c
c B  7.07 22 25 19 37 3561 1 151540 41078 1.7 23 14 9 18 40% 16683 3043 2132 143%
c -  7.17 22 26 19 38 3563 1 153898 40724 1.7 24 14 9 18 40% 16683 3043 2132 143%
c -  7.44 22 25 19 39 3567 1 160063 44079 1.7 24 14 9 18 41% 16683 3043 2132 143%
c -  7.74 22 25 19 40 3570 1 166309 46652 1.7 23 14 9 17 42% 16683 3043 2132 143%
c ]  8.00 22 24 20 40 3573 1 171941 51935 1.7 23 13 9 17 42% 16683 3043 2132 143%
c {  8.00 22 17 20 40 3573 2 171941 51935 1.7 16 10 8 12 40% 16683 3043 2132 143%
c -  8.03 23 17 20 41 3593 2 172634 48094 1.7 16 10 8 12 40% 16683 3043 2132 143%
c e  8.05 19 17 20 41 3594 2 172681 48138 1.7 16 10 8 12 40% 17879 3804 1824 123%
c ^  8.06 19 17 20 41 3594 2 172681 48138 1.7 16 10 8 12 40% 17879 3804 1824 123%
c -  8.36 22 17 20 42 4305 3 179038 38169 1.7 16 10 8 12 41% 17879 3804 1824 123%
c u  8.50 22 17 20 42 4563 3 180383 39260 1.7 16 10 8 12 41% 17879 3804 1824 123%
c v  8.55 23 17 20 42 4563 3 180383 38858 1.7 16 10 8 12 41% 17879 3804 1824 123%
c w  8.57 23 17 20 42 4563 3 180383 38801 1.7 16 10 8 12 41% 17879 3804 1824 123%
c -  8.81 22 17 20 43 4837 3 185518 40386 1.7 16 10 8 12 42% 17879 3804 1824 123%
c -  9.09 22 17 20 44 5165 3 192076 42387 1.7 16 10 8 12 42% 17879 3804 1824 123%
c o  9.26 22 17 20 44 5545 3 195712 45830 1.7 16 10 8 12 42% 17879 3804 1824 123%
c }  9.41 22 17 21 44 6007 3 198682 48723 1.7 16 10 8 12 43% 17879 3804 1824 123%
c [  9.41 22 24 21 44 6007 1 198682 48723 1.7 23 13 9 17 42% 17879 3804 1824 123%
c W  9.42 19 24 21 44 6007 1 198682 48723 1.7 23 13 9 17 42% 17879 3804 1824 123%
c -  9.43 19 24 21 45 6007 1 198709 44336 1.7 23 13 9 17 42% 17879 3804 1824 123%
c
c  seconds   switched    rate          size/glue  tier1     binary        remaining
c         MB   reductions  conflicts         size   tier2      irredundant
c          level    restarts      redundant     glue    trail        variables
c
c -  9.71 19 24 21 46 6012 1 205418 46102 1.7 23 13 9 17 43% 17879 3804 1824 123%
c - 10.04 19 24 21 47 6015 1 212201 47103 1.7 23 13 9 17 44% 17879 3804 1824 123%
c u 10.47 25 24 21 47 6019 1 218997 53498 1.7 23 13 9 17 44% 17879 3804 1824 123%
c v 10.55 25 24 21 47 6019 1 218997 53372 1.7 23 13 9 17 44% 17879 3804 1824 123%
c w 10.58 25 24 21 47 6019 1 218997 53126 1.7 23 13 9 17 44% 17879 3804 1824 123%
c - 10.61 21 23 21 48 6019 1 219056 47637 1.7 23 13 9 17 44% 17879 3804 1824 123%
c O 10.81 22 23 21 48 6020 1 222907 51253 1.7 23 13 9 17 45% 17879 3804 1824 123%
c ] 10.82 22 23 22 48 6020 1 222941 51283 1.7 23 13 9 17 45% 17879 3804 1824 123%
c { 10.82 22 17 22 48 6020 3 222941 51283 1.7 16 10 8 12 43% 17879 3804 1824 123%
c - 11.11 23 19 22 49 6835 3 225986 48466 1.7 17 10 8 12 43% 17879 3804 1824 123%
c - 11.77 23 22 22 50 8705 4 232987 48622 1.7 18 10 8 12 43% 17879 3804 1824 123%
c - 12.49 23 25 22 51 10469 5 240059 48702 1.7 18 11 8 12 44% 17879 3804 1824 123%
c - 13.16 23 27 22 52 11972 6 247200 49080 1.7 19 11 8 12 44% 17879 3804 1824 123%
c - 13.84 23 29 22 53 13329 6 254411 49594 1.7 20 11 8 12 44% 17879 3804 1824 123%
c } 13.85 21 29 23 53 13329 6 254458 49641 1.7 20 11 8 12 44% 17879 3804 1824 123%
c [ 13.85 21 23 23 53 13329 1 254458 49641 1.7 23 13 9 17 45% 17879 3804 1824 123%
c B 13.85 21 23 23 53 13329 1 254458 49641 1.7 23 13 9 17 45% 17879 3804 1824 123%
c e 14.21 19 23 23 53 13334 1 261291 56182 1.8 23 13 9 17 45% 19888 4979 1562 105%
c ! 14.22 19 23 23 53 13334 1 261291 56182 1.8 23 13 9 17 45% 19888 4979 1562 105%
c o 14.22 21 23 23 53 13334 1 261291 35407 1.8 23 13 9 17 45% 19888 4979 1562 105%
c
c  seconds   switched     rate          size/glue  tier1     binary        remaining
c         MB   reductions   conflicts         size   tier2      irredundant
c          level    restarts       redundant     glue    trail        variables
c
c - 14.25 21 24 23 54 13334 1 261691 31991 1.7 23 13 9 17 45% 19888 4979 1562 105%
c u 14.38 19 24 23 54 13334 1 261791 31683 1.7 23 13 9 17 45% 19888 4979 1562 105%
c v 14.50 19 24 23 54 13334 1 261791 31522 1.7 23 13 9 17 45% 19888 4979 1562 105%
c w 14.55 19 24 23 54 13334 1 261791 31195 1.7 23 13 9 17 45% 19888 4979 1562 105%
c f 15.08 19 24 23 54 13334 1 261791 31195 1.7 23 13 9 17 45% 19384 4976 1591 107%
c u 15.17 19 24 23 54 13334 1 261791 31116 1.7 23 13 9 17 45% 19384 4976 1591 107%
c v 15.25 19 24 23 54 13334 1 261791 30946 1.7 23 13 9 17 45% 19384 4976 1591 107%
c w 15.28 19 24 23 54 13334 1 261791 30934 1.7 23 13 9 17 45% 19384 4976 1591 107%
c - 15.64 19 25 23 55 13338 1 269039 33559 1.7 24 14 9 17 46% 19384 4976 1591 107%
c - 15.98 19 24 23 56 13342 1 276456 36569 1.7 23 13 9 17 46% 19384 4976 1591 107%
c - 16.36 19 24 23 57 13343 1 283939 39467 1.7 23 13 9 17 47% 19384 4976 1591 107%
c W 16.46 19 23 23 57 13343 1 285909 41325 1.7 23 13 9 17 47% 19384 4976 1591 107%
c - 16.71 19 23 23 58 13347 1 291488 41234 1.8 23 13 9 16 47% 19384 4976 1591 107%
c - 17.08 19 23 23 59 13350 1 299103 43064 1.8 23 13 9 16 48% 19384 4976 1591 107%
c - 17.48 19 22 23 60 13356 1 306785 44679 1.8 23 13 8 16 48% 19384 4976 1591 107%
c u 17.66 25 22 23 60 13357 1 308369 45652 1.8 23 13 8 16 48% 19384 4976 1591 107%
c v 17.75 25 22 23 60 13357 1 308369 43796 1.8 23 13 8 16 48% 19384 4976 1591 107%
c w 17.78 25 22 23 60 13357 1 308369 43307 1.8 23 13 8 16 48% 19384 4976 1591 107%
c - 18.09 22 22 23 61 13358 1 314533 44140 1.8 23 13 8 16 48% 19384 4976 1591 107%
c ] 18.10 22 22 24 61 13358 1 314718 44322 1.8 23 13 8 16 48% 19384 4976 1591 107%
c
c  seconds   switched     rate          size/glue  tier1     binary        remaining
c         MB   reductions   conflicts         size   tier2      irredundant
c          level    restarts       redundant     glue    trail        variables
c
c { 18.10 22 29 24 61 13358 6 314718 44322 1.7 20 11 8 12 44% 19384 4976 1591 107%
c - 18.42 23 28 24 62 13417 6 322346 47066 1.8 20 11 8 12 45% 19384 4976 1591 107%
c - 18.74 25 27 24 63 13427 5 330220 49274 1.8 19 11 8 12 46% 19384 4976 1591 107%
c o 19.01 22 26 24 63 13436 5 336777 55242 1.8 19 11 8 12 46% 19384 4976 1591 107%
c - 19.08 23 26 24 64 13450 5 338157 51396 1.7 19 11 8 12 46% 19384 4976 1591 107%
c - 19.43 25 25 24 65 13502 5 346157 54128 1.7 19 11 8 12 46% 19384 4976 1591 107%
c } 19.65 22 24 25 65 13520 4 351396 58820 1.7 19 11 8 12 47% 19384 4976 1591 107%
c [ 19.65 22 22 25 65 13520 1 351396 58820 1.8 23 13 8 16 48% 19384 4976 1591 107%
c I 19.65 22 22 25 65 13520 1 351396 58820 1.8 23 13 8 16 48% 19384 4976 1591 107%
c - 19.78 23 23 25 66 13522 1 354219 55158 1.8 23 13 8 16 48% 19384 4976 1591 107%
c u 20.12 25 23 25 66 13525 1 359245 59547 1.8 23 13 8 16 49% 19384 4976 1591 107%
c v 20.21 25 23 25 66 13525 1 359245 59264 1.8 23 13 8 16 49% 19384 4976 1591 107%
c w 20.24 26 23 25 66 13525 1 359245 58345 1.8 23 13 8 16 49% 19384 4976 1591 107%
c - 20.41 22 23 25 67 13526 1 362345 53832 1.8 24 13 8 16 49% 19384 4976 1591 107%
c - 20.81 25 23 25 68 13532 1 370530 53493 1.8 24 13 9 16 49% 19384 4976 1591 107%
c e 20.88 19 23 25 68 13532 1 371831 54731 1.8 24 13 9 16 49% 19368 5007 1590 107%
c - 21.25 23 24 25 69 13534 1 378776 53207 1.8 24 13 9 17 49% 19368 5007 1590 107%
c ] 21.49 25 24 26 69 13534 1 383215 57422 1.8 25 13 9 17 49% 19368 5007 1590 107%
c { 21.49 25 24 26 69 13534 4 383215 57422 1.7 19 11 8 12 47% 19368 5007 1590 107%
c - 21.69 23 24 26 70 13574 4 387083 55546 1.8 19 11 8 12 47% 19368 5007 1590 107%
c
c  seconds   switched     rate          size/glue  tier1     binary        remaining
c         MB   reductions   conflicts         size   tier2      irredundant
c          level    restarts       redundant     glue    trail        variables
c
c - 22.05 25 23 26 71 13619 4 395451 58367 1.8 19 11 8 12 47% 19368 5007 1590 107%
c - 22.46 25 22 26 72 13670 4 403880 60540 1.7 18 10 8 12 47% 19368 5007 1590 107%
c - 22.87 23 22 26 73 13823 4 412365 62834 1.7 18 10 8 12 48% 19368 5007 1590 107%
c u 23.08 25 21 26 73 13823 4 414497 64575 1.7 18 10 8 12 48% 19368 5007 1590 107%
c v 23.18 26 21 26 73 13823 4 414497 63314 1.7 18 10 8 12 48% 19368 5007 1590 107%
c w 23.21 26 21 26 73 13823 4 414497 63054 1.7 18 10 8 12 48% 19368 5007 1590 107%
c o 23.39 23 21 26 73 13873 3 418102 66196 1.7 18 10 8 12 48% 19368 5007 1590 107%
c - 23.52 25 21 26 74 13902 3 420909 64144 1.7 18 10 8 12 48% 19368 5007 1590 107%
c } 23.72 25 21 27 74 13962 3 425434 68379 1.7 18 10 8 12 48% 19368 5007 1590 107%
c [ 23.72 25 24 27 74 13962 1 425434 68379 1.8 25 13 9 17 49% 19368 5007 1590 107%
c B 23.72 25 24 27 74 13962 1 425434 68379 1.8 25 13 9 17 49% 19368 5007 1590 107%
c - 23.93 25 24 27 75 13964 1 429511 66605 1.9 25 13 8 17 49% 19368 5007 1590 107%
c - 24.41 25 24 27 76 13969 1 438171 68655 1.9 25 13 8 17 50% 19368 5007 1590 107%
c - 24.94 26 24 27 77 13975 1 446891 69753 1.9 25 14 8 17 50% 19368 5007 1590 107%
c - 25.42 26 24 27 78 13976 1 455667 71172 1.9 26 14 8 17 50% 19368 5007 1590 107%
c ] 25.65 26 24 28 78 13978 1 459943 75338 1.9 26 14 8 17 50% 19368 5007 1590 107%
c { 25.65 26 21 28 78 13978 3 459943 75338 1.7 18 10 8 12 48% 19368 5007 1590 107%
c - 25.89 26 20 28 79 14068 3 464498 72802 1.7 18 10 8 12 48% 19368 5007 1590 107%
c - 26.34 26 20 28 80 14231 3 473386 74587 1.7 18 10 8 12 48% 19368 5007 1590 107%
c u 26.54 27 20 28 80 14244 3 474177 75249 1.7 18 10 8 12 48% 19368 5007 1590 107%
c
c  seconds   switched     rate          size/glue  tier1     binary        remaining
c         MB   reductions   conflicts         size   tier2      irredundant
c          level    restarts       redundant     glue    trail        variables
c
c v 26.66 27 20 28 80 14244 3 474177 75162 1.7 18 10 8 12 48% 19368 5007 1590 107%
c w 26.70 27 20 28 80 14244 3 474177 75125 1.7 18 10 8 12 48% 19368 5007 1590 107%
c - 27.11 26 20 28 81 14369 3 482331 76794 1.7 18 10 8 12 48% 19368 5007 1590 107%
c - 27.55 26 19 28 82 14502 3 491332 79250 1.7 17 10 8 12 48% 19368 5007 1590 107%
c - 28.05 26 19 28 83 14811 3 500387 81826 1.7 17 10 8 12 49% 19368 5007 1590 107%
c } 28.44 26 19 29 83 14991 3 508081 88780 1.7 17 10 8 12 49% 19368 5007 1590 107%
c [ 28.44 26 24 29 83 14991 1 508081 88780 1.9 26 14 8 17 50% 19368 5007 1590 107%
c W 28.49 20 24 29 83 14991 1 508081 88780 1.9 26 14 8 17 50% 19368 5007 1590 107%
c - 28.59 22 24 29 84 14992 1 509497 84879 1.9 26 14 8 17 50% 19368 5007 1590 107%
c o 28.78 22 24 29 84 14995 1 513205 88444 1.9 26 14 8 17 50% 19368 5007 1590 107%
c - 29.10 22 25 29 85 14997 1 518663 87121 1.8 26 14 8 17 50% 19368 5007 1590 107%
c - 29.62 23 25 29 86 15003 1 527883 89702 1.9 25 13 8 17 50% 19368 5007 1590 107%
c - 30.14 23 24 29 87 15005 1 537157 91797 1.9 25 13 8 17 51% 19368 5007 1590 107%
c u 30.39 27 24 29 87 15005 1 538368 91223 1.9 25 13 8 17 51% 19368 5007 1590 107%
c v 30.53 35 24 29 87 15005 1 538368 86757 1.9 25 13 8 17 51% 19368 5007 1590 107%
c w 30.58 35 24 29 87 15005 1 538368 85143 1.9 25 13 8 17 51% 19368 5007 1590 107%
c - 31.58 35 23 29 88 15010 1 546484 87762 1.9 24 13 8 16 51% 19368 5007 1590 107%
c ] 31.81 35 23 30 88 15012 1 549736 90762 1.9 24 13 8 16 51% 19368 5007 1590 107%
c { 31.81 35 19 30 88 15012 3 549736 90762 1.7 17 10 8 12 49% 19368 5007 1590 107%
c - 32.19 35 19 30 89 15228 3 555865 91961 1.7 17 10 8 12 49% 19368 5007 1590 107%
c
c  seconds   switched     rate          size/glue  tier1     binary        remaining
c         MB   reductions   conflicts         size   tier2      irredundant
c          level    restarts       redundant     glue    trail        variables
c
c - 32.72 35 18 30 90 15409 3 565298 93738 1.7 17 10 8 12 49% 19368 5007 1590 107%
c - 33.25 36 18 30 91 15599 3 574784 94614 1.7 17 10 8 12 49% 19368 5007 1590 107%
c - 33.77 35 18 30 92 15774 3 584323 96295 1.7 17 10 8 12 49% 19368 5007 1590 107%
c - 34.33 35 17 30 93 16069 2 593916 97771 1.7 17 10 8 12 49% 19368 5007 1590 107%
c - 34.92 36 17 30 94 16354 2 603559 98881 1.7 16 10 8 12 49% 19368 5007 1590 107%
c } 34.96 35 17 31 94 16354 2 604170 99421 1.7 16 10 8 12 49% 19368 5007 1590 107%
c [ 34.96 35 23 31 94 16354 1 604170 99421 1.9 24 13 8 16 51% 19368 5007 1590 107%
c O 34.96 35 23 31 94 16354 1 604170 99421 1.9 24 13 8 16 51% 19368 5007 1590 107%
c u 35.30 39 23 31 94 16356 1 607124 101341 1.9 24 13 8 16 51% 19368 5007 1590 107%
c v 35.41 39 23 31 94 16356 1 607124 100576 1.9 24 13 8 16 51% 19368 5007 1590 107%
c w 35.45 39 23 31 94 16356 1 607124 100375 1.9 24 13 8 16 51% 19368 5007 1590 107%
c - 35.89 35 23 31 95 16360 1 613254 98914 1.9 24 13 8 16 51% 19368 5007 1590 107%
c - 36.47 36 22 31 96 16366 1 623002 101182 1.9 24 13 8 16 51% 19368 5007 1590 107%
c - 37.12 35 22 31 97 16368 1 632799 103021 1.9 23 12 8 16 51% 19368 5007 1590 107%
c - 37.78 36 21 31 98 16373 1 642650 104229 1.9 23 12 8 16 51% 19368 5007 1590 107%
c ] 38.39 36 21 32 98 16378 1 652262 113151 1.9 23 12 8 16 51% 19368 5007 1590 107%
c { 38.39 36 17 32 98 16378 2 652262 113151 1.7 16 10 8 12 49% 19368 5007 1590 107%
c o 38.40 36 17 32 98 16379 2 652288 113177 1.7 16 10 8 12 49% 19368 5007 1590 107%
c - 38.44 35 17 32 99 16391 2 652550 105685 1.7 16 10 8 12 49% 19368 5007 1590 107%
c - 39.07 35 17 32 100 16648 2 662499 107194 1.7 16 10 8 12 49% 19368 5007 1590 107%
c
c  seconds   switched      rate           size/glue  tier1     binary        remaining
c         MB   reductions    conflicts          size   tier2      irredundant
c          level     restarts       redundant      glue    trail        variables
c
c - 39.73 36 17 32 101 17044 2 672500 107708 1.7 16 10 8 12 49% 19368 5007 1590 107%
c u 40.46 41 17 32 101 17179 2 680496 112389 1.7 16 10 8 12 49% 19368 5007 1590 107%
c v 40.64 41 17 32 101 17179 2 680496 111302 1.7 16 10 8 12 49% 19368 5007 1590 107%
c w 40.70 41 17 32 101 17179 2 680496 111169 1.7 16 10 8 12 49% 19368 5007 1590 107%
c - 40.87 35 17 32 102 17290 2 682549 105102 1.7 16 10 8 12 49% 19368 5007 1590 107%
c - 41.53 35 17 32 103 17702 2 692648 106937 1.7 16 10 8 12 49% 19368 5007 1590 107%
c - 42.18 36 17 32 104 18277 2 702796 108707 1.7 16 10 8 12 50% 19368 5007 1590 107%
c - 42.80 36 17 32 105 18572 2 712996 109255 1.7 16 10 8 12 50% 19368 5007 1590 107%
c } 42.82 36 17 33 105 18572 2 713366 109587 1.7 16 10 8 12 50% 19368 5007 1590 107%
c [ 42.82 36 21 33 105 18572 1 713366 109587 1.9 23 12 8 16 51% 19368 5007 1590 107%
c B 42.82 36 21 33 105 18572 1 713366 109587 1.9 23 12 8 16 51% 19368 5007 1590 107%
c - 43.43 37 20 33 106 18578 1 723242 110793 1.9 22 12 8 16 51% 19368 5007 1590 107%
c - 44.09 35 20 33 107 18584 1 733538 113380 1.9 22 12 8 16 51% 19368 5007 1590 107%
c - 44.79 36 20 33 108 18586 1 743882 115380 1.9 22 12 8 15 51% 19368 5007 1590 107%
c - 45.53 37 20 33 109 18592 1 754274 116659 1.9 22 12 8 16 51% 19368 5007 1590 107%
c u 46.11 41 20 33 109 18594 1 758539 120050 1.9 22 12 8 16 51% 19368 5007 1590 107%
c v 46.31 41 20 33 109 18594 1 758539 119706 1.9 22 12 8 16 51% 19368 5007 1590 107%
c w 46.39 43 20 33 109 18594 1 758539 119483 1.9 22 12 8 16 51% 19368 5007 1590 107%
c - 46.86 37 20 33 110 18599 1 764714 115079 1.9 23 12 8 15 51% 19368 5007 1590 107%
c ] 47.22 38 21 34 110 18600 1 769111 119306 1.9 23 12 8 15 51% 19368 5007 1590 107%
c
c  seconds   switched      rate           size/glue  tier1     binary        remaining
c         MB   reductions    conflicts          size   tier2      irredundant
c          level     restarts       redundant      glue    trail        variables
c
c { 47.22 38 17 34 110 18600 2 769111 119306 1.7 16 10 8 12 50% 19368 5007 1590 107%
c o 47.22 38 17 34 110 18604 2 769140 119335 1.7 16 10 8 12 50% 19368 5007 1590 107%
c - 47.62 37 16 34 111 18606 2 775203 114597 1.7 16 9 8 12 50% 19368 5007 1590 107%
c - 48.23 38 16 34 112 18617 2 785740 113348 1.7 16 9 8 11 50% 19368 5007 1590 107%
c - 48.86 41 15 34 113 18630 2 796323 112927 1.7 15 9 8 11 50% 19368 5007 1590 107%
c - 49.48 38 15 34 114 18650 2 806953 115100 1.7 15 9 8 11 50% 19368 5007 1590 107%
c - 50.11 39 14 34 115 18700 2 817631 117146 1.7 15 9 8 11 50% 19368 5007 1590 107%
c - 50.74 38 14 34 116 18745 2 828355 120694 1.7 15 9 8 11 50% 19368 5007 1590 107%
c } 51.20 38 13 35 116 18758 2 837257 127539 1.6 15 9 8 11 50% 19368 5007 1590 107%
c [ 51.20 38 21 35 116 18758 1 837257 127539 1.9 23 12 8 15 51% 19368 5007 1590 107%
c W 51.35 31 21 35 116 18758 1 837257 127539 1.9 23 12 8 15 51% 19368 5007 1590 107%
c - 51.49 31 21 35 117 18759 1 839127 123914 1.9 23 12 8 15 51% 19368 5007 1590 107%
c u 51.90 43 21 35 117 18760 1 841307 125791 1.9 23 12 8 15 51% 19368 5007 1590 107%
c v 52.09 43 21 35 117 18760 1 841307 124215 1.9 23 12 8 15 51% 19368 5007 1590 107%
c w 52.15 43 21 35 117 18760 1 841307 123891 1.9 23 12 8 15 51% 19368 5007 1590 107%
c - 52.74 39 20 35 118 18765 1 849943 125786 1.9 23 12 8 15 51% 19368 5007 1590 107%
c - 53.47 41 20 35 119 18771 1 860808 130735 1.9 23 12 8 15 51% 19368 5007 1590 107%
c - 54.23 41 20 35 120 18774 1 871717 132621 1.9 22 12 8 15 51% 19368 5007 1590 107%
c - 55.09 39 19 35 121 18780 1 882671 132659 1.9 23 12 8 15 51% 19368 5007 1590 107%
c - 55.94 41 20 35 122 18786 1 893673 131173 1.9 23 12 8 15 52% 19368 5007 1590 107%
c
c  seconds   switched      rate           size/glue  tier1     binary        remaining
c         MB   reductions    conflicts          size   tier2      irredundant
c          level     restarts       redundant      glue    trail        variables
c
c ] 55.99 37 20 36 122 18786 1 894311 131794 1.9 23 12 8 15 52% 19368 5007 1590 107%
c { 55.99 37 13 36 122 18786 2 894311 131794 1.6 15 9 8 11 50% 19368 5007 1590 107%
c o 55.99 37 13 36 122 18790 2 894336 131818 1.6 15 9 8 11 50% 19368 5007 1590 107%
c - 56.87 41 14 36 123 19652 2 904719 130127 1.6 15 9 8 11 50% 19368 5007 1590 107%
c - 57.81 41 14 36 124 20867 2 915810 129327 1.6 15 9 8 11 50% 19368 5007 1590 107%
c - 58.74 41 15 36 125 22207 2 926946 129282 1.6 15 9 8 11 50% 19368 5007 1590 107%
c u 59.22 43 15 36 125 22498 2 928852 129581 1.6 15 9 8 11 50% 19368 5007 1590 107%
c v 59.45 43 15 36 125 22498 2 928852 129217 1.6 15 9 8 11 50% 19368 5007 1590 107%
c w 59.53 43 15 36 125 22498 2 928852 129172 1.6 15 9 8 11 50% 19368 5007 1590 107%
c - 60.23 41 15 36 126 23122 2 938126 129093 1.6 15 9 8 11 50% 19368 5007 1590 107%
c - 61.07 41 15 36 127 23878 2 949350 131201 1.6 15 9 8 11 50% 19368 5007 1590 107%
c - 61.85 41 15 36 128 24365 2 960619 133563 1.6 15 9 8 11 50% 19368 5007 1590 107%
c } 62.56 41 15 37 128 25111 2 969868 142062 1.6 15 9 8 11 50% 19368 5007 1590 107%
c [ 62.56 41 20 37 128 25111 1 969868 142062 1.9 23 12 8 15 52% 19368 5007 1590 107%
c I 62.56 41 20 37 128 25111 1 969868 142062 1.9 23 12 8 15 52% 19368 5007 1590 107%
c - 62.70 41 20 37 129 25113 1 971932 135221 1.9 23 12 8 15 52% 19368 5007 1590 107%
c - 63.39 39 21 37 130 25119 1 983289 136040 1.9 23 12 8 15 52% 19368 5007 1590 107%
c - 64.18 41 21 37 131 25125 1 994690 134739 1.9 23 12 8 15 52% 19368 5007 1590 107%
c - 64.94 41 21 37 132 25128 1 1006136 132995 1.9 24 12 8 15 52% 19368 5007 1590 107%
c - 65.82 39 21 37 133 25135 1 1017630 130532 1.9 24 12 8 15 52% 19368 5007 1590 107%
c
c  seconds   switched      rate            size/glue  tier1     binary        remaining
c         MB   reductions     conflicts          size   tier2      irredundant
c          level     restarts        redundant      glue    trail        variables
c
c u 66.43 45 21 37 133 25138 1 1021228 133586 1.9 24 12 8 15 52% 19368 5007 1590 107%
c v 66.68 45 21 37 133 25138 1 1021228 133403 1.9 24 12 8 15 52% 19368 5007 1590 107%
c w 66.77 45 21 37 133 25138 1 1021228 133189 1.9 24 12 8 15 52% 19368 5007 1590 107%
c - 67.38 41 21 37 134 25140 1 1029163 128110 1.9 24 12 8 15 52% 19368 5007 1590 107%
c B 68.00 41 21 37 134 25141 1 1037552 135913 1.9 24 12 8 15 52% 19368 5007 1590 107%
c o 68.01 41 21 37 134 25141 1 1037552 135913 1.9 24 12 8 15 52% 19368 5007 1590 107%
c - 68.25 39 23 37 135 25141 1 1040738 126329 1.9 25 13 8 15 51% 19368 5007 1590 107%
c ] 68.98 41 29 38 135 25141 1 1051380 136656 1.8 26 14 8 15 51% 19368 5007 1590 107%
c { 68.98 41 15 38 135 25141 2 1051380 136656 1.6 15 9 8 11 50% 19368 5007 1590 107%
c - 69.15 39 16 38 136 25343 2 1052356 121393 1.6 15 9 8 11 50% 19368 5007 1590 107%
c - 70.84 41 19 38 137 27809 3 1064018 93803 1.7 17 10 7 11 50% 19368 5007 1590 107%
c - 72.53 39 23 38 138 30257 4 1075722 86919 1.7 18 11 7 11 50% 19368 5007 1590 107%
c - 74.27 39 25 38 139 32742 5 1087469 84526 1.7 20 11 7 11 50% 19368 5007 1590 107%
c - 75.99 39 28 38 140 35150 5 1099260 83893 1.7 21 12 7 12 50% 19368 5007 1590 107%
c - 77.70 39 30 38 141 37591 6 1111092 83393 1.7 22 12 7 12 50% 19368 5007 1590 107%
c u 79.24 39 31 38 141 39110 6 1118488 88575 1.8 22 13 7 12 50% 19368 5007 1590 107%
c v 79.62 41 31 38 141 39110 6 1118488 88222 1.8 22 13 7 12 50% 19368 5007 1590 107%
c w 79.79 41 31 38 141 39110 6 1118488 88197 1.8 22 13 7 12 50% 19368 5007 1590 107%
c - 82.16 39 32 38 142 40026 6 1122966 79906 1.8 23 13 7 12 50% 19368 5007 1590 107%
c } 83.78 39 34 39 142 42207 7 1134713 91537 1.8 24 13 7 12 50% 19368 5007 1590 107%
c
c  seconds   switched      rate           size/glue  tier1     binary        remaining
c         MB   reductions     conflicts         size   tier2      irredundant
c          level     restarts        redundant     glue    trail        variables
c
c [ 83.78 39 29 39 142 42207 1 1134713 91537 1.8 26 14 8 15 51% 19368 5007 1590 107%
c W 84.09 31 29 39 142 42207 1 1134713 91537 1.8 26 14 8 15 51% 19368 5007 1590 107%
c - 84.12 31 29 39 143 42207 1 1134883 78311 1.8 26 14 8 16 51% 19368 5007 1590 107%
c - 84.92 31 29 39 144 42213 1 1146842 77678 1.7 25 15 8 16 51% 19368 5007 1590 107%
c - 85.82 31 28 39 145 42220 1 1158842 79021 1.8 25 14 8 16 51% 19368 5007 1590 107%
c - 86.68 31 27 39 146 42224 1 1170887 79183 1.8 24 14 8 16 51% 19368 5007 1590 107%
c - 87.57 31 26 39 147 42231 1 1182970 77702 1.8 24 14 8 15 51% 19368 5007 1590 107%
c - 88.46 31 25 39 148 42236 1 1195096 76664 1.7 23 13 8 15 51% 19368 5007 1590 107%
c - 89.33 31 24 39 149 42237 1 1207261 76642 1.7 23 13 8 15 51% 19368 5007 1590 107%
c O 89.77 31 24 39 149 42237 1 1213142 82121 1.8 23 13 8 15 51% 19368 5007 1590 107%
c o 89.77 31 24 39 149 42237 1 1213142 82121 1.8 23 13 8 15 51% 19368 5007 1590 107%
c - 90.17 31 23 39 150 42240 1 1219469 78449 1.7 23 13 7 15 51% 19368 5007 1590 107%
c u 90.47 31 23 39 150 42240 1 1220659 78184 1.8 23 13 7 15 51% 19368 5007 1590 107%
c v 90.70 41 23 39 150 42240 1 1220659 75035 1.8 23 13 7 15 51% 19368 5007 1590 107%
c w 90.77 41 23 39 150 42240 1 1220659 72978 1.8 23 13 7 15 51% 19368 5007 1590 107%
c - 91.53 37 22 39 151 42247 1 1231717 75532 1.8 22 13 7 15 51% 19368 5007 1590 107%
c - 92.30 37 22 39 152 42252 1 1244008 77467 1.8 22 12 7 15 51% 19368 5007 1590 107%
c - 93.10 37 21 39 153 42258 1 1256336 78296 1.8 22 12 7 15 51% 19368 5007 1590 107%
c - 93.99 39 21 39 154 42265 1 1268706 77816 1.8 22 12 7 15 51% 19368 5007 1590 107%
c - 94.89 37 20 39 155 42267 1 1281117 77692 1.8 21 12 7 15 51% 19368 5007 1590 107%
c
c  seconds   switched      rate           size/glue  tier1     binary        remaining
c         MB   reductions     conflicts         size   tier2      irredundant
c          level     restarts        redundant     glue    trail        variables
c
c - 95.77 37 20 39 156 42268 1 1293566 77037 1.8 21 12 7 15 51% 19368 5007 1590 107%
c B 96.00 37 20 39 156 42268 1 1297179 80483 1.8 21 12 7 15 51% 19368 5007 1590 107%
c ] 96.02 37 20 40 156 42268 1 1297397 80692 1.8 21 12 7 15 51% 19368 5007 1590 107%
c { 96.02 37 34 40 156 42268 7 1297397 80692 1.8 24 13 7 12 50% 19368 5007 1590 107%
c - 96.55 39 32 40 157 42276 6 1306056 76206 1.8 23 13 7 12 50% 19368 5007 1590 107%
c - 97.30 37 30 40 158 42276 6 1318587 75453 1.8 22 13 7 12 50% 19368 5007 1590 107%
c u 98.16 41 29 40 158 42276 5 1327795 80438 1.8 22 12 7 12 50% 19368 5007 1590 107%
c v 98.42 41 29 40 158 42276 5 1327795 69727 1.8 22 12 7 12 50% 19368 5007 1590 107%
c w 98.51 41 29 40 158 42276 5 1327795 68270 1.8 22 12 7 12 50% 19368 5007 1590 107%
c - 98.72 37 28 40 159 42294 5 1331158 62717 1.8 22 12 7 12 50% 19368 5007 1590 107%
c - 99.45 37 27 40 160 42302 5 1343768 68144 1.8 21 12 7 12 50% 19368 5007 1590 107%
c - 100.24 37 25 40 161 42312 4 1356418 73528 1.8 21 12 7 12 50% 19368 5007 1590 107%
c o 100.78 37 24 40 161 42328 4 1365075 81345 1.8 21 12 7 12 50% 19368 5007 1590 107%
c - 101.03 37 24 40 162 42360 4 1369106 75825 1.8 20 11 7 12 50% 19368 5007 1590 107%
c - 101.77 37 23 40 163 42444 4 1381834 77590 1.8 20 11 7 12 50% 19368 5007 1590 107%
c } 102.16 37 22 41 163 42444 3 1388869 83876 1.8 20 11 7 12 50% 19368 5007 1590 107%
c [ 102.16 37 20 41 163 42444 1 1388869 83876 1.8 21 12 7 15 51% 19368 5007 1590 107%
c W 102.56 31 20 41 163 42444 1 1388869 83876 1.8 21 12 7 15 51% 19368 5007 1590 107%
c - 102.90 31 20 41 164 42448 1 1394602 79234 1.8 21 12 7 15 51% 19368 5007 1590 107%
c - 103.76 31 20 41 165 42456 1 1407409 80043 1.8 21 12 7 15 51% 19368 5007 1590 107%
c
c  seconds    switched      rate           size/glue  tier1     binary        remaining
c          MB   reductions     conflicts         size   tier2      irredundant
c           level     restarts        redundant     glue    trail        variables
c
c - 104.64 31 19 41 166 42458 1 1420257 81444 1.8 21 12 7 15 51% 19368 5007 1590 107%
c - 105.59 31 19 41 167 42465 1 1433141 82156 1.8 21 12 7 15 51% 19368 5007 1590 107%
c u 106.38 41 20 41 167 42470 1 1439948 88094 1.8 22 12 7 15 51% 19368 5007 1590 107%
c v 106.67 41 20 41 167 42470 1 1439948 84487 1.8 22 12 7 15 51% 19368 5007 1590 107%
c w 106.77 41 20 41 167 42470 1 1439948 82928 1.8 22 12 7 15 51% 19368 5007 1590 107%
c - 107.24 37 20 41 168 42472 1 1446068 77264 1.8 22 12 7 15 51% 19368 5007 1590 107%
c - 108.25 39 21 41 169 42474 1 1459030 78548 1.8 23 12 7 15 51% 19368 5007 1590 107%
c ] 108.72 37 20 42 169 42474 1 1465199 84330 1.8 23 12 7 15 51% 19368 5007 1590 107%
c { 108.72 37 22 42 169 42474 3 1465199 84330 1.8 20 11 7 12 50% 19368 5007 1590 107%
c - 109.18 37 22 42 170 42491 3 1472030 82037 1.8 20 11 7 12 50% 19368 5007 1590 107%
c - 109.95 37 21 42 171 42591 3 1485068 85300 1.8 19 11 7 12 50% 19368 5007 1590 107%
c - 110.81 39 20 42 172 42697 3 1498146 87363 1.8 19 11 7 12 50% 19368 5007 1590 107%
c - 111.64 39 20 42 173 42840 3 1511261 88902 1.8 19 11 7 12 50% 19368 5007 1590 107%
c - 112.46 39 19 42 174 42994 3 1524413 90318 1.8 18 10 7 12 50% 19368 5007 1590 107%
c o 112.67 37 19 42 174 43010 3 1528049 93640 1.8 18 10 7 12 50% 19368 5007 1590 107%
c - 113.26 39 18 42 175 43129 2 1537603 92450 1.7 18 10 7 12 50% 19368 5007 1590 107%
c - 114.19 39 18 42 176 43549 2 1550831 94371 1.7 18 10 7 12 50% 19368 5007 1590 107%
c u 114.86 41 18 42 176 43596 2 1557119 98892 1.7 18 10 7 12 50% 19368 5007 1590 107%
c v 115.15 41 18 42 176 43596 2 1557119 96919 1.7 18 10 7 12 50% 19368 5007 1590 107%
c w 115.26 41 18 42 176 43596 2 1557119 96494 1.7 18 10 7 12 50% 19368 5007 1590 107%
c
c  seconds    switched      rate           size/glue  tier1     binary        remaining
c          MB   reductions     conflicts         size   tier2      irredundant
c           level     restarts        redundant     glue    trail        variables
c
c - 115.79 39 18 42 177 43797 2 1564097 93954 1.7 18 10 7 12 50% 19368 5007 1590 107%
c } 115.87 37 18 43 177 43825 2 1565172 94930 1.7 18 10 7 12 50% 19368 5007 1590 107%
c [ 115.87 37 20 43 177 43825 1 1565172 94930 1.8 23 12 7 15 51% 19368 5007 1590 107%
c I 115.87 37 20 43 177 43825 1 1565172 94930 1.8 23 12 7 15 51% 19368 5007 1590 107%
c - 116.71 39 22 43 178 43831 1 1577402 92758 1.8 23 13 7 15 51% 19368 5007 1590 107%
c - 117.67 39 22 43 179 43839 1 1590743 92767 1.8 24 13 7 15 51% 19368 5007 1590 107%
c - 118.65 39 22 43 180 43845 1 1604123 94422 1.9 24 13 7 15 51% 19368 5007 1590 107%
c - 119.70 39 22 43 181 43852 1 1617539 94531 1.9 24 13 7 15 51% 19368 5007 1590 107%
c - 120.90 39 23 43 182 43855 1 1630996 93536 1.9 25 13 7 15 52% 19368 5007 1590 107%
c - 122.08 39 23 43 183 43855 1 1644486 92893 1.9 25 13 7 15 52% 19368 5007 1590 107%
c ] 122.46 37 23 44 183 43857 1 1648758 96857 1.9 25 14 7 15 52% 19368 5007 1590 107%
c { 122.46 37 18 44 183 43857 2 1648758 96857 1.7 18 10 7 12 50% 19368 5007 1590 107%
c - 123.07 39 18 44 184 43995 2 1658015 95325 1.7 18 10 7 11 50% 19368 5007 1590 107%
c - 124.03 39 17 44 185 44383 2 1671580 97724 1.7 17 10 7 11 50% 19368 5007 1590 107%
c u 124.93 41 17 44 185 44481 2 1679389 103898 1.7 17 10 7 11 50% 19368 5007 1590 107%
c v 125.26 41 17 44 185 44481 2 1679389 101424 1.7 17 10 7 11 50% 19368 5007 1590 107%
c w 125.39 41 17 44 185 44481 2 1679389 101402 1.7 17 10 7 11 50% 19368 5007 1590 107%
c - 125.85 39 17 44 186 44684 2 1685183 98330 1.7 17 10 7 11 50% 19368 5007 1590 107%
c o 126.75 39 17 44 186 45056 2 1698730 110487 1.7 17 10 7 11 50% 19368 5007 1590 107%
c - 126.78 39 17 44 187 45074 2 1698821 100562 1.7 17 10 7 11 50% 19368 5007 1590 107%
c
c  seconds    switched      rate            size/glue  tier1     binary        remaining
c          MB   reductions     conflicts          size   tier2      irredundant
c           level     restarts        redundant      glue    trail        variables
c
c - 127.75 39 17 44 188 45476 2 1712495 102842 1.7 17 10 7 11 50% 19368 5007 1590 107%
c - 128.70 39 17 44 189 45756 2 1726208 104254 1.7 17 10 7 11 50% 19368 5007 1590 107%
c - 129.71 39 17 44 190 46229 2 1739955 105423 1.7 17 10 7 11 50% 19368 5007 1590 107%
c - 130.73 39 16 44 191 46823 2 1753742 106511 1.7 17 10 7 11 50% 19368 5007 1590 107%
c } 131.01 39 16 45 191 46924 2 1757590 109818 1.7 17 10 7 11 50% 19368 5007 1590 107%
c [ 131.01 39 23 45 191 46924 1 1757590 109818 1.9 25 14 7 15 52% 19368 5007 1590 107%
c B 131.01 39 23 45 191 46924 1 1757590 109818 1.9 25 14 7 15 52% 19368 5007 1590 107%
c - 131.73 39 23 45 192 46930 1 1767562 105312 1.9 25 14 7 15 52% 19368 5007 1590 107%
c - 132.70 41 23 45 193 46937 1 1781418 105083 1.9 25 13 7 15 52% 19368 5007 1590 107%
c - 133.79 39 23 45 194 46942 1 1795312 106481 1.9 25 13 7 15 52% 19368 5007 1590 107%
c u 135.14 43 22 45 194 46948 1 1806783 117175 1.9 25 13 7 15 52% 19368 5007 1590 107%
c v 135.50 43 22 45 194 46948 1 1806783 115949 1.9 25 13 7 15 52% 19368 5007 1590 107%
c w 135.63 45 22 45 194 46948 1 1806783 114563 1.9 25 13 7 15 52% 19368 5007 1590 107%
c - 135.87 39 22 45 195 46951 1 1809241 104470 1.9 25 13 7 15 52% 19368 5007 1590 107%
c - 136.94 39 21 45 196 46954 1 1823205 107005 1.9 24 13 7 15 52% 19368 5007 1590 107%
c - 138.10 39 21 45 197 46954 1 1837207 109444 1.9 24 12 7 15 52% 19368 5007 1590 107%
c - 139.25 39 21 45 198 46961 1 1851243 109800 1.9 24 12 7 15 52% 19368 5007 1590 107%
c ] 139.44 39 21 46 198 46963 1 1853477 111967 1.9 24 12 7 15 52% 19368 5007 1590 107%
c { 139.44 39 16 46 198 46963 2 1853477 111967 1.7 17 10 7 11 50% 19368 5007 1590 107%
c - 140.30 39 16 46 199 47187 2 1865316 111285 1.7 17 10 7 11 50% 19368 5007 1590 107%
c
c  seconds    switched      rate            size/glue  tier1     binary        remaining
c          MB   reductions     conflicts          size   tier2      irredundant
c           level     restarts        redundant      glue    trail        variables
c
c - 141.39 41 16 46 200 47905 2 1879422 113530 1.7 16 10 7 11 50% 19368 5007 1590 107%
c o 141.45 37 16 46 200 47908 2 1880192 114156 1.7 16 10 7 11 50% 19368 5007 1590 107%
c - 142.41 41 16 46 201 48291 2 1893564 114481 1.7 16 10 7 11 50% 19368 5007 1590 107%
c - 143.50 41 16 46 202 49022 2 1907742 115275 1.7 16 10 7 11 50% 19368 5007 1590 107%
c - 144.56 41 16 46 203 49536 2 1921955 116134 1.7 16 10 7 11 50% 19368 5007 1590 107%
c - 145.62 41 16 46 204 49989 2 1936202 116799 1.7 16 10 7 11 50% 19368 5007 1590 107%
c u 146.26 43 16 46 204 50091 2 1939329 116179 1.7 16 10 7 11 50% 19368 5007 1590 107%
c v 146.67 43 16 46 204 50091 2 1939329 114898 1.7 16 10 7 11 50% 19368 5007 1590 107%
c w 146.81 43 16 46 204 50091 2 1939329 114639 1.7 16 10 7 11 50% 19368 5007 1590 107%
c - 147.65 41 16 46 205 50569 2 1950484 113090 1.7 16 10 7 11 50% 19368 5007 1590 107%
c - 148.71 41 16 46 206 51045 2 1964802 114052 1.7 16 10 7 11 50% 19368 5007 1590 107%
c } 149.24 39 16 47 206 51442 2 1971523 120204 1.7 16 10 7 11 50% 19368 5007 1590 107%
c [ 149.24 39 21 47 206 51442 1 1971523 120204 1.9 24 12 7 15 52% 19368 5007 1590 107%
c W 149.85 31 21 47 206 51442 1 1971523 120204 1.9 24 12 7 15 52% 19368 5007 1590 107%
c - 150.40 31 22 47 207 51447 1 1979154 113905 1.9 24 13 7 15 52% 19368 5007 1590 107%
c - 151.48 41 21 47 208 51455 1 1993541 112813 1.9 24 13 7 15 52% 19368 5007 1590 107%
c - 152.66 39 22 47 209 51459 1 2007963 113088 1.9 24 13 7 15 52% 19368 5007 1590 107%
c - 153.88 41 22 47 210 51468 1 2022419 111075 1.9 25 13 7 15 52% 19368 5007 1590 107%
c - 155.11 39 23 47 211 51471 1 2036911 109586 1.9 25 13 7 15 52% 19368 5007 1590 107%
c - 156.36 41 23 47 212 51472 1 2051436 109505 1.9 26 14 7 15 52% 19368 5007 1590 107%
c
c  seconds    switched      rate            size/glue  tier1     binary        remaining
c          MB   reductions     conflicts          size   tier2      irredundant
c           level     restarts        redundant      glue    trail        variables
c
c - 157.69 39 23 47 213 51480 1 2065996 110522 1.9 26 14 7 15 52% 19368 5007 1590 107%
c u 159.14 43 23 47 213 51486 1 2077051 120377 1.9 25 14 7 15 52% 19368 5007 1590 107%
c v 159.58 43 23 47 213 51486 1 2077051 119578 1.9 25 14 7 15 52% 19368 5007 1590 107%
c w 159.75 43 23 47 213 51486 1 2077051 117796 1.9 25 14 7 15 52% 19368 5007 1590 107%
c o 160.00 43 23 47 213 51486 1 2077051 117796 1.9 25 14 7 15 52% 19368 5007 1590 107%
c ] 160.10 39 23 48 213 51487 1 2078395 119078 1.9 25 14 7 15 52% 19368 5007 1590 107%
c { 160.10 39 16 48 213 51487 2 2078395 119078 1.7 16 10 7 11 50% 19368 5007 1590 107%
c - 160.30 39 16 48 214 51630 2 2080592 110900 1.7 16 10 7 11 50% 19368 5007 1590 107%
c - 161.41 41 16 48 215 51937 2 2095220 112688 1.7 16 10 7 11 50% 19368 5007 1590 107%
c - 162.64 41 16 48 216 52711 2 2109882 114833 1.7 16 10 7 11 50% 19368 5007 1590 107%
c - 163.83 41 16 48 217 53130 2 2124579 116118 1.7 16 10 7 11 50% 19368 5007 1590 107%
c - 165.06 41 16 48 218 53943 2 2139309 116385 1.7 16 10 7 11 50% 19368 5007 1590 107%
c - 166.24 41 16 48 219 54555 2 2154073 116734 1.7 16 10 7 11 50% 19368 5007 1590 107%
c - 167.55 41 16 48 220 55488 2 2168871 117988 1.7 16 10 7 11 50% 19368 5007 1590 107%
c - 168.74 41 16 48 221 56000 2 2183705 118726 1.7 16 10 7 11 50% 19368 5007 1590 107%
c - 169.91 41 16 48 222 56724 2 2198571 118451 1.7 16 10 7 11 50% 19368 5007 1590 107%
c } 170.47 39 16 49 222 57020 2 2206006 124987 1.7 16 10 7 11 50% 19368 5007 1590 107%
c [ 170.47 39 23 49 222 57020 1 2206006 124987 1.9 25 14 7 15 52% 19368 5007 1590 107%
c O 170.47 39 23 49 222 57020 1 2206006 124987 1.9 25 14 7 15 52% 19368 5007 1590 107%
c - 170.97 41 23 49 223 57025 1 2213471 119303 1.9 25 13 7 15 52% 19368 5007 1590 107%
c
c  seconds    switched      rate            size/glue  tier1     binary        remaining
c          MB   reductions     conflicts          size   tier2      irredundant
c           level     restarts        redundant      glue    trail        variables
c
c u 171.77 43 22 49 223 57028 1 2220006 124697 1.9 25 13 7 15 51% 19368 5007 1590 107%
c v 172.07 43 22 49 223 57028 1 2220006 122064 1.9 25 13 7 15 51% 19368 5007 1590 107%
c w 172.17 43 22 49 223 57028 1 2220006 120046 1.9 25 13 7 15 51% 19368 5007 1590 107%
c - 172.84 39 22 49 224 57033 1 2228404 115254 1.9 25 13 7 15 51% 19368 5007 1590 107%
c - 173.96 41 22 49 225 57038 1 2243372 118167 1.9 24 13 7 15 51% 19368 5007 1590 107%
c - 175.13 39 21 49 226 57047 1 2258373 120908 1.9 24 13 7 15 51% 19368 5007 1590 107%
c - 176.36 41 21 49 227 57050 1 2273406 121506 1.9 24 13 7 15 51% 19368 5007 1590 107%
c - 177.58 39 22 49 228 57051 1 2288475 120331 1.8 24 13 7 15 52% 19368 5007 1590 107%
c - 178.85 41 22 49 229 57060 1 2303574 119313 1.8 24 13 7 15 52% 19368 5007 1590 107%
c - 180.09 39 21 49 230 57065 1 2318707 119126 1.8 23 13 7 15 52% 19368 5007 1590 107%
c B 180.77 41 21 49 230 57070 1 2326839 126656 1.8 23 13 7 15 52% 19368 5007 1590 107%
c o 180.77 41 21 49 230 57070 1 2326839 126656 1.8 23 13 7 15 52% 19368 5007 1590 107%
c ] 180.85 39 21 50 230 57071 1 2327797 127562 1.8 23 13 7 15 52% 19368 5007 1590 107%
c { 180.85 39 16 50 230 57071 2 2327797 127562 1.7 16 10 7 11 50% 19368 5007 1590 107%
c - 181.32 41 16 50 231 57086 2 2333872 118993 1.7 16 10 7 11 50% 19368 5007 1590 107%
c - 182.53 39 15 50 232 57095 2 2349070 117149 1.6 15 9 7 11 50% 19368 5007 1590 107%
c - 183.69 39 14 50 233 57113 2 2364302 115596 1.6 15 9 7 11 50% 19368 5007 1590 107%
c u 184.45 43 14 50 233 57127 2 2368218 115646 1.6 15 9 7 11 50% 19368 5007 1590 107%
c v 184.85 43 14 50 233 57127 2 2368218 112684 1.6 15 9 7 11 50% 19368 5007 1590 107%
c w 184.96 43 14 50 233 57127 2 2368218 112321 1.6 15 9 7 11 50% 19368 5007 1590 107%
c
c  seconds    switched      rate            size/glue tier1     binary        remaining
c          MB   reductions     conflicts          size  tier2      irredundant
c           level     restarts        redundant     glue    trail        variables
c
c - 185.79 39 14 50 234 57145 2 2379569 112642 1.6 15 9 7 11 50% 19368 5007 1590 107%
c - 186.88 39 13 50 235 57211 2 2394867 115114 1.6 15 9 7 11 50% 19368 5007 1590 107%
c - 187.99 39 13 50 236 57308 2 2410198 115559 1.6 15 9 7 11 50% 19368 5007 1590 107%
c - 188.99 39 12 50 237 57325 2 2425560 115839 1.6 14 9 7 11 50% 19368 5007 1590 107%
c - 190.04 39 12 50 238 57442 1 2440954 117691 1.6 14 9 7 11 50% 19368 5007 1590 107%
c - 191.05 41 12 50 239 57529 1 2456383 120685 1.6 14 9 7 11 50% 19368 5007 1590 107%
c } 191.68 39 12 51 239 57575 1 2465322 127708 1.6 14 9 7 11 50% 19368 5007 1590 107%
c [ 191.68 39 21 51 239 57575 1 2465322 127708 1.8 23 13 7 15 52% 19368 5007 1590 107%
c W 192.44 31 21 51 239 57575 1 2465322 127708 1.8 23 13 7 15 52% 19368 5007 1590 107%
c - 192.89 31 21 51 240 57580 1 2471842 124863 1.8 23 13 7 15 52% 19368 5007 1590 107%
c - 194.02 41 20 51 241 57588 1 2487333 131678 1.8 23 13 7 15 52% 19368 5007 1590 107%
c - 195.26 39 21 51 242 57593 1 2502857 134224 1.8 23 13 7 15 52% 19368 5007 1590 107%
c - 196.63 41 20 51 243 57602 1 2518415 135116 1.8 23 13 7 15 52% 19368 5007 1590 107%
c u 197.42 45 20 51 243 57603 1 2521742 137344 1.8 23 13 7 15 52% 19368 5007 1590 107%
c v 197.87 45 20 51 243 57603 1 2521742 134768 1.8 23 13 7 15 52% 19368 5007 1590 107%
c w 198.03 45 20 51 243 57603 1 2521742 133992 1.8 23 13 7 15 52% 19368 5007 1590 107%
c - 199.10 41 21 51 244 57605 1 2534003 131781 1.9 24 13 7 15 52% 19368 5007 1590 107%
c - 200.48 41 21 51 245 57608 1 2549624 132668 1.9 24 13 7 15 52% 19368 5007 1590 107%
c - 201.98 41 21 51 246 57617 1 2565276 132949 1.9 24 13 7 15 52% 19368 5007 1590 107%
c - 203.37 41 20 51 247 57621 1 2580963 133095 1.9 23 12 7 15 52% 19368 5007 1590 107%
c
c  seconds    switched      rate            size/glue  tier1     binary        remaining
c          MB   reductions     conflicts          size   tier2      irredundant
c           level     restarts        redundant      glue    trail        variables
c
c ] 203.79 39 20 52 247 57625 1 2585800 137557 1.9 23 12 7 15 52% 19368 5007 1590 107%
c { 203.79 39 12 52 247 57625 1 2585800 137557 1.6 14 9 7 11 50% 19368 5007 1590 107%
c o 203.80 39 12 52 247 57630 1 2585837 137594 1.6 14 9 7 11 50% 19368 5007 1590 107%
c - 205.17 41 13 52 248 59767 2 2596683 132824 1.6 14 9 7 11 50% 19368 5007 1590 107%
c - 206.86 41 13 52 249 61835 2 2612431 131523 1.6 14 9 7 11 50% 19368 5007 1590 107%
c - 208.45 41 14 52 250 63385 2 2628210 103721 1.6 15 9 6 11 50% 19368 5007 1590 107%
c - 209.81 39 14 52 251 64876 2 2644022 96544 1.6 15 9 6 11 50% 19368 5007 1590 107%
c - 211.14 39 15 52 252 65971 2 2659864 94426 1.6 15 9 6 11 50% 19368 5007 1590 107%
c - 212.37 39 15 52 253 66721 2 2675739 93892 1.6 15 9 6 11 50% 19368 5007 1590 107%
c u 213.19 41 15 52 253 66990 2 2680576 93462 1.6 15 9 6 11 50% 19368 5007 1590 107%
c v 213.66 41 15 52 253 66990 2 2680576 88247 1.6 15 9 6 11 50% 19368 5007 1590 107%
c w 213.83 41 15 52 253 66990 2 2680576 87833 1.6 15 9 6 11 50% 19368 5007 1590 107%
c - 214.65 39 15 52 254 67555 2 2691644 86483 1.6 15 9 6 11 50% 19368 5007 1590 107%
c - 215.82 39 15 52 255 68359 2 2707582 89318 1.6 15 9 6 11 50% 19368 5007 1590 107%
c - 217.13 39 15 52 256 69631 2 2723551 92156 1.6 15 9 6 11 50% 19368 5007 1590 107%
c } 217.94 39 16 53 256 70501 2 2733588 101260 1.6 15 10 6 11 50% 19368 5007 1590 107%
c [ 217.94 39 20 53 256 70501 1 2733588 101260 1.9 23 12 7 15 52% 19368 5007 1590 107%
c I 217.94 39 20 53 256 70501 1 2733588 101260 1.9 23 12 7 15 52% 19368 5007 1590 107%
c - 218.36 39 21 53 257 70505 1 2739551 92246 1.9 24 13 7 15 52% 19368 5007 1590 107%
c - 219.52 39 22 53 258 70514 1 2755582 91681 1.9 25 13 7 15 52% 19368 5007 1590 107%
c
c  seconds    switched      rate           size/glue  tier1     binary        remaining
c          MB   reductions     conflicts         size   tier2      irredundant
c           level     restarts        redundant     glue    trail        variables
c
c - 220.79 37 22 53 259 70520 1 2771644 92838 2.0 25 13 7 15 52% 19368 5007 1590 107%
c - 222.13 37 22 53 260 70529 1 2787737 93247 2.0 25 13 7 15 52% 19368 5007 1590 107%
c - 223.52 39 22 53 261 70531 1 2803863 91786 2.0 26 13 7 15 52% 19368 5007 1590 107%
c - 224.89 39 22 53 262 70535 1 2820018 91269 2.0 26 13 7 15 52% 19368 5007 1590 107%
c - 226.27 39 22 53 263 70545 1 2836204 91365 2.0 26 13 7 15 52% 19368 5007 1590 107%
c u 227.48 41 22 53 263 70546 1 2844775 98999 2.0 26 13 7 15 52% 19368 5007 1590 107%
c v 227.98 41 22 53 263 70546 1 2844775 98591 2.0 26 13 7 15 52% 19368 5007 1590 107%
c w 228.17 43 22 53 263 70546 1 2844775 97580 2.0 26 13 7 15 52% 19368 5007 1590 107%
c o 228.19 43 22 53 263 70546 1 2844775 97580 2.0 26 13 7 15 52% 19368 5007 1590 107%
c - 228.80 39 23 53 264 70549 1 2852422 89685 2.0 26 13 7 15 52% 19368 5007 1590 107%
c - 230.07 39 22 53 265 70559 1 2868670 91138 1.9 25 13 7 15 52% 19368 5007 1590 107%
c B 230.53 37 22 53 265 70561 1 2874735 97006 1.9 25 13 7 15 52% 19368 5007 1590 107%
c ] 231.20 39 22 54 265 70562 1 2883844 105771 1.9 25 13 7 15 51% 19368 5007 1590 107%
c { 231.20 39 16 54 265 70562 2 2883844 105771 1.6 15 10 6 11 50% 19368 5007 1590 107%
c - 231.39 39 16 54 266 70790 3 2884949 91487 1.6 15 10 6 11 50% 19368 5007 1590 107%
c - 234.06 39 21 54 267 74213 4 2901258 86734 1.7 18 11 6 11 50% 19368 5007 1590 107%
c - 236.82 39 25 54 268 77630 5 2917600 80954 1.7 20 12 6 11 50% 19368 5007 1590 107%
c - 239.67 37 28 54 269 81027 5 2933971 78690 1.7 22 13 6 11 50% 19368 5007 1590 107%
c - 242.65 37 31 54 270 84373 6 2950372 77828 1.7 23 13 6 11 50% 19368 5007 1590 107%
c - 245.46 39 33 54 271 87456 6 2966806 77100 1.8 25 14 6 11 50% 19368 5007 1590 107%
c
c  seconds    switched      rate           size/glue  tier1     binary        remaining
c          MB   reductions     conflicts         size   tier2      irredundant
c           level     restarts        redundant     glue    trail        variables
c
c - 248.08 39 35 54 272 89941 7 2983269 77778 1.8 26 14 6 11 50% 19368 5007 1590 107%
c - 250.61 37 36 54 273 92394 7 2999764 78554 1.8 27 15 6 11 50% 19368 5007 1590 107%
c u 253.53 41 37 54 273 94140 7 3014339 91321 1.8 28 15 6 11 50% 19368 5007 1590 107%
c v 254.41 41 37 54 273 94140 7 3014339 90761 1.8 28 15 6 11 50% 19368 5007 1590 107%
c w 254.74 41 37 54 273 94140 7 3014339 90690 1.8 28 15 6 11 50% 19368 5007 1590 107%
c - 255.05 37 38 54 274 94291 7 3016286 76951 1.8 28 15 6 11 50% 19368 5007 1590 107%
c - 257.38 39 38 54 275 96147 7 3032838 77842 1.9 28 15 6 11 50% 19368 5007 1590 107%
c } 258.50 39 39 55 275 96953 6 3042239 87084 1.9 29 15 6 11 50% 19368 5007 1590 107%
c [ 258.50 39 22 55 275 96953 1 3042239 87084 1.9 25 13 7 15 51% 19368 5007 1590 107%
c W 259.66 31 22 55 275 96953 1 3042239 87084 1.9 25 13 7 15 51% 19368 5007 1590 107%
c - 260.26 31 22 55 276 96958 1 3049421 80053 1.9 24 13 7 15 51% 19368 5007 1590 107%
c - 261.53 31 22 55 277 96966 1 3066034 83037 1.9 24 13 7 15 52% 19368 5007 1590 107%
c - 262.91 31 21 55 278 96973 1 3082680 84998 1.9 24 13 7 15 52% 19368 5007 1590 107%
c - 264.41 31 21 55 279 96981 1 3099353 86252 1.9 24 13 7 15 51% 19368 5007 1590 107%
c - 265.84 31 21 55 280 96983 1 3116056 87674 1.9 24 12 7 15 51% 19368 5007 1590 107%
c - 267.42 31 20 55 281 96990 1 3132790 89027 1.9 23 12 6 15 51% 19368 5007 1590 107%
c - 269.04 31 20 55 282 96998 1 3149553 89045 1.9 23 12 6 15 51% 19368 5007 1590 107%
c - 270.52 31 20 55 283 97005 1 3166345 86447 1.9 24 12 6 15 51% 19368 5007 1590 107%
c - 272.02 31 19 55 284 97013 1 3183169 85867 1.9 23 12 6 15 51% 19368 5007 1590 107%
c u 273.18 41 19 55 284 97013 1 3189321 88230 1.9 23 12 6 15 51% 19368 5007 1590 107%
c
c  seconds    switched      rate           size/glue  tier1     binary        remaining
c          MB   reductions     conflicts         size   tier2      irredundant
c           level     restarts        redundant     glue    trail        variables
c
c v 273.80 41 19 55 284 97013 1 3189321 78737 1.9 23 12 6 15 51% 19368 5007 1590 107%
c w 274.02 41 19 55 284 97013 1 3189321 70253 1.9 23 12 6 15 51% 19368 5007 1590 107%
c o 274.03 41 19 55 284 97013 1 3189321 70253 1.9 23 12 6 15 51% 19368 5007 1590 107%
c O 274.67 37 21 55 284 97014 1 3197600 78252 1.9 23 12 6 15 51% 19368 5007 1590 107%
c - 274.85 37 20 55 285 97014 1 3200021 69188 1.9 23 12 6 15 51% 19368 5007 1590 107%
c - 276.15 37 20 55 286 97015 1 3216902 77042 1.9 23 12 6 15 51% 19368 5007 1590 107%
c - 277.61 37 20 55 287 97015 1 3233813 82386 1.9 22 12 6 15 51% 19368 5007 1590 107%
c - 279.07 37 19 55 288 97022 1 3250754 83556 1.9 22 12 6 15 51% 19368 5007 1590 107%
c - 280.80 37 19 55 289 97030 1 3267725 83663 1.9 22 12 6 14 51% 19368 5007 1590 107%
c - 282.35 39 19 55 290 97038 1 3284725 84281 1.9 22 12 6 14 51% 19368 5007 1590 107%
c - 283.97 39 20 55 291 97045 1 3301754 81748 1.9 23 12 6 14 51% 19368 5007 1590 107%
c ] 285.26 37 20 56 291 97046 1 3314793 93951 1.9 23 12 6 14 51% 19368 5007 1590 107%
c { 285.26 37 39 56 291 97046 6 3314793 93951 1.9 29 15 6 11 50% 19368 5007 1590 107%
c - 285.64 37 38 56 292 97046 6 3318816 81937 1.9 29 15 6 11 50% 19368 5007 1590 107%
c - 287.21 39 35 56 293 97046 5 3335904 85967 1.9 28 15 6 11 50% 19368 5007 1590 107%
c - 288.79 39 32 56 294 97046 5 3353021 88600 1.9 27 14 6 11 50% 19368 5007 1590 107%
c u 290.88 43 29 56 294 97054 4 3369748 101952 1.9 26 13 6 11 50% 19368 5007 1590 107%
c v 291.50 43 29 56 294 97054 4 3369748 91659 1.9 26 13 6 11 50% 19368 5007 1590 107%
c w 291.73 43 29 56 294 97054 4 3369748 84626 1.9 26 13 6 11 50% 19368 5007 1590 107%
c - 291.80 37 29 56 295 97064 4 3370168 75395 1.9 26 13 6 11 51% 19368 5007 1590 107%
c
c  seconds    switched      rate           size/glue  tier1     binary        remaining
c          MB   reductions     conflicts         size   tier2      irredundant
c           level     restarts        redundant     glue    trail        variables
c
c - 292.95 37 27 56 296 97083 4 3387343 81811 1.9 25 13 6 11 50% 19368 5007 1590 107%
c - 294.16 37 25 56 297 97097 3 3404547 86574 1.9 23 12 6 11 50% 19368 5007 1590 107%
c - 295.34 39 23 56 298 97120 3 3421780 88106 1.9 22 12 6 11 50% 19368 5007 1590 107%
c - 296.64 39 22 56 299 97126 3 3439045 89499 1.9 21 12 6 11 50% 19368 5007 1590 107%
c o 297.68 39 21 56 299 97149 3 3452389 101485 1.9 21 11 6 11 50% 19368 5007 1590 107%
c - 298.01 37 21 56 300 97200 3 3456338 90898 1.9 21 11 6 11 50% 19368 5007 1590 107%
c - 299.27 39 20 56 301 97299 2 3473658 92160 1.8 20 11 6 11 50% 19368 5007 1590 107%
c } 300.07 39 19 57 301 97439 2 3484135 101739 1.8 20 11 6 11 50% 19368 5007 1590 107%
c [ 300.07 39 20 57 301 97439 1 3484135 101739 1.9 23 12 6 14 51% 19368 5007 1590 107%
c B 300.07 39 20 57 301 97439 1 3484135 101739 1.9 23 12 6 14 51% 19368 5007 1590 107%
c - 300.67 39 20 57 302 97444 1 3491009 92403 1.9 23 12 6 14 51% 19368 5007 1590 107%
c - 302.27 39 19 57 303 97452 1 3508387 91909 1.9 23 12 6 14 51% 19368 5007 1590 107%
c - 303.87 39 19 57 304 97460 1 3525794 92821 1.9 22 12 6 14 51% 19368 5007 1590 107%
c - 305.47 39 18 57 305 97468 1 3543229 93546 1.9 23 12 6 14 51% 19368 5007 1590 107%
c u 307.23 41 19 57 305 97469 1 3555648 103060 1.9 23 12 6 14 51% 19368 5007 1590 107%
c v 307.83 43 19 57 305 97469 1 3555648 99552 1.9 23 12 6 14 51% 19368 5007 1590 107%
c w 308.05 43 19 57 305 97469 1 3555648 96962 1.9 23 12 6 14 51% 19368 5007 1590 107%
c - 310.85 39 19 57 306 97469 1 3560694 85980 1.9 23 12 6 14 51% 19368 5007 1590 107%
c - 312.47 37 19 57 307 97476 1 3578186 88129 2.0 23 12 6 14 51% 19368 5007 1590 107%
c - 314.13 39 19 57 308 97484 1 3595707 90906 2.0 23 12 6 14 51% 19368 5007 1590 107%
c
c  seconds    switched      rate           size/glue  tier1     binary        remaining
c          MB   reductions     conflicts         size   tier2      irredundant
c           level     restarts        redundant     glue    trail        variables
c
c - 315.90 39 18 57 309 97493 1 3613256 92815 2.0 23 12 6 14 51% 19368 5007 1590 107%
c ] 317.07 37 18 58 309 97499 1 3624731 103377 2.0 23 12 6 14 51% 19368 5007 1590 107%
c { 317.07 37 19 58 309 97499 2 3624731 103377 1.8 20 11 6 11 50% 19368 5007 1590 107%
c - 317.64 39 19 58 310 97535 2 3630835 95175 1.8 20 11 6 11 50% 19368 5007 1590 107%
c - 318.99 39 18 58 311 97747 2 3648441 97236 1.8 20 11 6 11 50% 19368 5007 1590 107%
c - 320.25 39 18 58 312 97857 2 3666076 98878 1.8 19 10 6 11 50% 19368 5007 1590 107%
c - 321.62 39 17 58 313 98190 2 3683739 99509 1.8 19 10 6 11 50% 19368 5007 1590 107%
c - 322.98 39 17 58 314 98399 2 3701430 100930 1.8 18 10 6 11 50% 19368 5007 1590 107%
c o 323.13 39 17 58 314 98436 2 3703506 102753 1.8 18 10 6 11 50% 19368 5007 1590 107%
c - 324.33 39 17 58 315 98667 2 3719150 102447 1.8 18 10 6 11 50% 19368 5007 1590 107%
c - 325.83 39 16 58 316 99055 2 3736899 103256 1.8 18 10 6 11 50% 19368 5007 1590 107%
c u 327.19 43 16 58 316 99501 2 3747045 111234 1.8 18 10 6 11 50% 19368 5007 1590 107%
c v 327.63 43 16 58 316 99501 2 3747045 108623 1.8 18 10 6 11 50% 19368 5007 1590 107%
c w 327.78 43 16 58 316 99501 2 3747045 108020 1.8 18 10 6 11 50% 19368 5007 1590 107%
c - 328.51 39 16 58 317 99689 2 3754677 101480 1.8 17 10 6 11 50% 19368 5007 1590 107%
c - 330.02 39 16 58 318 100148 2 3772482 104163 1.7 17 10 6 11 50% 19368 5007 1590 107%
c - 331.40 41 16 58 319 100583 2 3790314 105863 1.7 17 10 6 11 50% 19368 5007 1590 107%
c } 332.67 39 16 59 319 101107 2 3805360 119138 1.7 17 10 6 11 50% 19368 5007 1590 107%
c [ 332.67 39 18 59 319 101107 1 3805360 119138 2.0 23 12 6 14 51% 19368 5007 1590 107%
c W 334.11 31 18 59 319 101107 1 3805360 119138 2.0 23 12 6 14 51% 19368 5007 1590 107%
c
c  seconds    switched       rate            size/glue  tier1     binary        remaining
c          MB   reductions      conflicts          size   tier2      irredundant
c           level      restarts        redundant      glue    trail        variables
c
c - 334.40 31 18 59 320 101109 1 3808175 106957 2.0 23 12 6 14 51% 19368 5007 1590 107%
c - 336.09 31 18 59 321 101120 1 3826063 107881 2.0 22 11 6 14 50% 19368 5007 1590 107%
c - 337.92 41 17 59 322 101126 1 3843980 108869 2.0 22 11 6 14 50% 19368 5007 1590 107%
c - 339.45 41 18 59 323 101135 1 3861924 109898 1.9 22 11 6 14 51% 19369 5007 1590 107%
c - 341.07 39 18 59 324 101137 1 3879896 111460 2.0 22 11 6 14 51% 19369 5007 1590 107%
c - 342.77 37 18 59 325 101144 1 3897897 113121 2.0 23 11 6 14 51% 19369 5007 1590 107%
c - 344.56 41 19 59 326 101152 1 3915924 111657 2.0 23 12 6 14 51% 19369 5007 1590 107%
c - 346.36 39 19 59 327 101161 1 3933979 111641 2.0 23 12 6 14 51% 19369 5007 1590 107%
c u 348.00 43 20 59 327 101166 1 3943968 120022 2.0 24 12 6 14 51% 19369 5007 1590 107%
c v 348.76 45 20 59 327 101166 1 3943968 118692 2.0 24 12 6 14 51% 19369 5007 1590 107%
c w 349.02 45 20 59 327 101166 1 3943968 117908 2.0 24 12 6 14 51% 19369 5007 1590 107%
c - 349.78 39 20 59 328 101167 1 3952062 110889 2.0 24 12 6 14 51% 19369 5007 1590 107%
c ] 349.93 39 20 60 328 101168 1 3953833 112613 2.0 24 12 6 14 51% 19369 5007 1590 107%
c { 349.93 39 16 60 328 101168 2 3953833 112613 1.7 17 10 6 11 50% 19369 5007 1590 107%
c o 350.99 41 16 60 328 101486 2 3966730 123994 1.7 17 10 6 11 50% 19369 5007 1590 107%
c - 351.31 39 16 60 329 101633 2 3970172 113162 1.7 17 10 6 11 50% 19369 5007 1590 107%
c - 352.82 41 16 60 330 102111 2 3988310 113632 1.7 16 10 6 11 50% 19369 5007 1590 107%
c - 354.35 39 16 60 331 102659 2 4006475 113534 1.7 16 10 6 11 50% 19369 5007 1590 107%
c - 355.99 41 16 60 332 103483 2 4024668 114144 1.7 16 10 6 11 50% 19369 5007 1590 107%
c - 357.61 39 16 60 333 104251 2 4042889 114938 1.7 16 10 6 11 50% 19369 5007 1590 107%
c
c  seconds    switched       rate            size/glue  tier1     binary        remaining
c          MB   reductions      conflicts          size   tier2      irredundant
c           level      restarts        redundant      glue    trail        variables
c
c - 359.18 41 16 60 334 104701 2 4061138 115775 1.7 16 10 6 11 50% 19369 5007 1590 107%
c - 360.77 41 16 60 335 105339 2 4079415 116715 1.7 16 10 6 11 50% 19369 5007 1590 107%
c - 362.30 39 16 60 336 105875 2 4097718 117395 1.7 16 10 6 11 50% 19369 5007 1590 107%
c - 363.91 41 16 60 337 106478 2 4116048 98535 1.7 16 10 5 11 50% 19369 5007 1590 107%
c - 365.42 39 16 60 338 107132 2 4134407 94242 1.7 16 10 5 11 50% 19369 5007 1590 107%
c } 366.38 39 16 61 338 107463 2 4146086 104512 1.7 16 10 5 11 50% 19369 5007 1590 107%
c [ 366.38 39 20 61 338 107463 1 4146086 104512 2.0 24 12 6 14 51% 19369 5007 1590 107%
c I 366.38 39 20 61 338 107463 1 4146086 104512 2.0 24 12 6 14 51% 19369 5007 1590 107%
c u 366.98 41 20 61 338 107463 1 4146440 98454 2.0 24 12 6 14 51% 19369 5007 1590 107%
c v 367.58 41 20 61 338 107463 1 4146440 93870 2.0 24 12 6 14 51% 19369 5007 1590 107%
c w 367.79 41 20 61 338 107463 1 4146440 93423 2.0 24 12 6 14 51% 19369 5007 1590 107%
c - 368.28 37 21 61 339 107468 1 4152794 82578 2.0 24 12 6 14 51% 19369 5007 1590 107%
c - 369.72 37 23 61 340 107477 1 4171207 76037 1.9 26 13 6 14 51% 19369 5007 1590 107%
c - 371.25 39 24 61 341 107484 1 4189646 71224 1.9 27 14 6 14 51% 19369 5007 1590 107%
c - 372.76 37 24 61 342 107492 1 4208115 71099 1.9 28 14 6 14 52% 19369 5007 1590 107%
c - 374.26 37 24 61 343 107493 1 4226609 71287 1.9 28 15 6 14 52% 19369 5007 1590 107%
c - 375.87 37 25 61 344 107504 1 4245129 70840 1.8 28 15 6 14 52% 19369 5007 1590 107%
c - 377.43 37 25 61 345 107511 1 4263677 71162 1.8 28 15 6 14 52% 19369 5007 1590 107%
c - 379.02 37 25 61 346 107522 1 4282252 70896 1.8 29 16 6 14 52% 19369 5007 1590 107%
c - 380.72 37 25 61 347 107524 1 4300854 70252 1.8 28 16 6 14 52% 19369 5007 1590 107%
c
c  seconds    switched       rate           size/glue  tier1     binary        remaining
c          MB   reductions      conflicts         size   tier2      irredundant
c           level      restarts        redundant     glue    trail        variables
c
c - 382.32 37 25 61 348 107525 1 4319481 70156 1.8 29 16 6 14 51% 19369 5007 1590 107%
c B 383.36 37 25 61 348 107525 1 4331420 81235 1.8 28 16 6 14 51% 19369 5007 1590 107%
c o 383.36 37 25 61 348 107525 1 4331420 81235 1.8 28 16 6 14 51% 19369 5007 1590 107%
c ] 383.74 37 27 62 348 107525 1 4335903 85642 1.8 29 16 6 14 51% 19369 5007 1590 107%
c { 383.74 37 16 62 348 107525 2 4335903 85642 1.7 16 10 5 11 50% 19369 5007 1590 107%
c - 383.97 37 16 62 349 107612 2 4338135 70087 1.7 16 10 5 11 50% 19369 5007 1590 107%
c u 385.93 39 16 62 349 108484 2 4354490 82578 1.7 16 10 5 11 50% 19369 5007 1590 107%
c v 386.56 41 16 62 349 108484 2 4354490 82119 1.7 16 10 5 11 50% 19369 5007 1590 107%
c w 386.79 41 16 62 349 108484 2 4354490 82027 1.7 16 10 5 11 50% 19369 5007 1590 107%
c - 387.01 37 16 62 350 108610 2 4356816 74735 1.7 16 10 5 11 50% 19369 5007 1590 107%
c - 388.44 37 16 62 351 109356 2 4375524 81818 1.7 16 10 5 11 50% 19369 5007 1590 107%
c - 389.94 39 16 62 352 110122 2 4394258 83516 1.7 16 10 5 11 50% 19369 5007 1590 107%
c - 391.43 39 16 62 353 111019 2 4413020 83573 1.6 16 10 5 11 50% 19369 5007 1590 107%
c - 392.85 39 16 62 354 111557 2 4431810 83624 1.6 16 10 5 11 50% 19369 5007 1590 107%
c - 394.35 39 16 62 355 112153 2 4450624 84358 1.7 16 10 5 11 50% 19369 5007 1590 107%
c - 395.87 39 16 62 356 112776 2 4469467 84910 1.7 16 10 5 11 50% 19369 5007 1590 107%
c - 397.35 39 16 62 357 113390 2 4488338 84749 1.7 16 10 5 11 50% 19369 5007 1590 107%
c - 398.81 39 16 62 358 114046 2 4507232 84505 1.7 16 10 5 11 50% 19369 5007 1590 107%
c - 400.28 39 16 62 359 114572 2 4526154 84584 1.7 16 10 5 11 50% 19369 5007 1590 107%
c } 401.42 39 16 63 359 115235 2 4540113 97024 1.7 16 10 5 11 50% 19369 5007 1590 107%
c
c  seconds    switched       rate           size/glue  tier1     binary        remaining
c          MB   reductions      conflicts         size   tier2      irredundant
c           level      restarts        redundant     glue    trail        variables
c
c [ 401.42 39 27 63 359 115235 1 4540113 97024 1.8 29 16 6 14 51% 19369 5007 1590 107%
c W 401.77 31 27 63 359 115235 1 4540113 97024 1.8 29 16 6 14 51% 19369 5007 1590 107%
c - 402.16 31 27 63 360 115238 1 4545102 83360 1.8 29 16 6 15 51% 19369 5007 1590 107%
c - 403.59 31 26 63 361 115248 1 4564075 82233 1.8 27 15 6 14 51% 19369 5007 1590 107%
c u 404.47 41 25 63 361 115249 1 4568145 83394 1.8 27 15 6 14 51% 19369 5007 1590 107%
c v 405.09 41 25 63 361 115249 1 4568145 79526 1.8 27 15 6 14 51% 19369 5007 1590 107%
c w 405.30 41 25 63 361 115249 1 4568145 75854 1.8 27 15 6 14 51% 19369 5007 1590 107%
c - 406.48 39 25 63 362 115256 1 4583075 72438 1.8 27 15 6 14 52% 19369 5007 1590 107%
c - 408.09 37 24 63 363 115264 1 4602101 76584 1.8 26 14 6 14 52% 19369 5007 1590 107%
c - 409.86 39 23 63 364 115265 1 4621154 78040 1.8 26 14 6 14 52% 19369 5007 1590 107%
c - 411.72 39 23 63 365 115277 1 4640232 79520 1.8 25 14 6 14 51% 19369 5007 1590 107%
c - 413.63 37 22 63 366 115284 1 4659336 81235 1.8 25 13 6 14 51% 19369 5007 1590 107%
c - 415.38 39 21 63 367 115294 1 4678468 81554 1.9 24 13 6 14 51% 19369 5007 1590 107%
c - 417.10 39 22 63 368 115296 1 4697626 78914 1.9 25 13 6 14 51% 19369 5007 1590 107%
c - 418.80 39 22 63 369 115297 1 4716809 77984 1.9 25 13 6 14 51% 19369 5007 1590 107%
c ] 419.16 37 22 64 369 115297 1 4721125 82115 1.9 25 13 6 14 51% 19369 5007 1590 107%
c { 419.16 37 16 64 369 115297 2 4721125 82115 1.7 16 10 5 11 50% 19369 5007 1590 107%
c o 419.18 37 16 64 369 115324 2 4721327 82306 1.7 16 10 5 11 50% 19369 5007 1590 107%
c - 420.38 37 16 64 370 115854 2 4736018 79440 1.7 16 10 5 11 50% 19369 5007 1590 107%
c - 422.02 39 16 64 371 116795 2 4755253 82255 1.7 16 10 5 11 50% 19369 5007 1590 107%
c
c  seconds    switched       rate           size/glue  tier1     binary        remaining
c          MB   reductions      conflicts         size   tier2      irredundant
c           level      restarts        redundant     glue    trail        variables
c
c - 423.54 39 16 64 372 117340 2 4774515 84156 1.7 16 10 5 11 50% 19369 5007 1590 107%
c u 425.14 39 16 64 372 117810 2 4787432 91261 1.7 16 10 5 11 50% 19369 5007 1590 107%
c v 425.82 41 16 64 372 117810 2 4787432 87640 1.7 16 10 5 11 50% 19369 5007 1590 107%
c w 426.07 41 16 64 372 117810 2 4787432 87052 1.7 16 10 5 11 50% 19369 5007 1590 107%
c - 426.58 39 16 64 373 118060 2 4793802 77592 1.7 16 10 5 11 50% 19369 5007 1590 107%
c - 428.03 39 16 64 374 118801 2 4813115 79965 1.7 16 10 5 11 50% 19369 5007 1590 107%
c - 429.50 39 16 64 375 119462 2 4832454 82505 1.7 16 10 5 11 50% 19369 5007 1590 107%
c - 430.96 39 16 64 376 120108 2 4851818 83573 1.7 16 10 5 11 50% 19369 5007 1590 107%
c - 432.42 39 16 64 377 120773 2 4871211 83840 1.7 16 10 5 11 50% 19369 5007 1590 107%
c - 433.94 37 16 64 378 121525 2 4890627 84136 1.6 16 10 5 11 50% 19369 5007 1590 107%
c - 435.32 39 16 64 379 121952 2 4910069 85361 1.7 16 10 5 11 50% 19369 5007 1590 107%
c - 436.82 39 16 64 380 122639 2 4929536 85749 1.7 16 10 5 11 50% 19369 5007 1590 107%
c } 437.43 39 16 65 380 122886 2 4937624 92969 1.7 16 10 5 11 50% 19369 5007 1590 107%
c [ 437.43 39 22 65 380 122886 1 4937624 92969 1.9 25 13 6 14 51% 19369 5007 1590 107%
c O 437.43 39 22 65 380 122886 1 4937624 92969 1.9 25 13 6 14 51% 19369 5007 1590 107%
c - 438.30 39 21 65 381 122892 1 4949029 85488 1.9 25 13 6 14 51% 19369 5007 1590 107%
c - 439.90 39 21 65 382 122900 1 4968548 84022 1.9 24 13 6 14 51% 19369 5007 1590 107%
c - 441.47 39 20 65 383 122912 1 4988093 83798 1.9 24 12 6 14 51% 19369 5007 1590 107%
c - 443.01 39 20 65 384 122916 1 5007663 84734 1.9 24 12 6 14 51% 19369 5007 1590 107%
c u 443.94 41 20 65 384 122916 1 5012380 85213 1.9 24 12 6 14 51% 19369 5007 1590 107%
c
c  seconds    switched       rate           size/glue  tier1     binary        remaining
c          MB   reductions      conflicts         size   tier2      irredundant
c           level      restarts        redundant     glue    trail        variables
c
c v 444.61 41 20 65 384 122916 1 5012380 82554 1.9 24 12 6 14 51% 19369 5007 1590 107%
c w 444.84 41 20 65 384 122916 1 5012380 78984 1.9 24 12 6 14 51% 19369 5007 1590 107%
c o 444.86 41 20 65 384 122916 1 5012380 78984 1.9 24 12 6 14 51% 19369 5007 1590 107%
c - 445.99 39 25 65 385 122922 1 5027258 72341 1.8 25 14 6 14 51% 19369 5007 1590 107%
c - 447.62 37 25 65 386 122931 1 5046879 74607 1.9 25 13 6 14 51% 19369 5007 1590 107%
c - 449.18 39 23 65 387 122940 1 5066526 80569 1.9 25 13 6 14 51% 19369 5007 1590 107%
c - 450.90 39 23 65 388 122947 1 5086198 84454 1.9 24 13 6 14 51% 19369 5007 1590 107%
c - 452.70 39 22 65 389 122948 1 5105897 84695 1.9 24 12 6 14 51% 19369 5007 1590 107%
c - 454.35 39 22 65 390 122948 1 5125622 83265 1.9 24 13 6 14 51% 19369 5007 1590 107%
c ] 455.17 37 23 66 390 122949 1 5135428 92827 2.0 25 13 6 14 51% 19369 5007 1590 107%
c { 455.17 37 16 66 390 122949 2 5135428 92827 1.7 16 10 5 11 50% 19369 5007 1590 107%
c - 455.89 39 15 66 391 122957 2 5145370 81678 1.7 16 10 5 11 50% 19369 5007 1590 107%
c - 457.27 39 15 66 392 122987 2 5165143 84015 1.7 16 10 5 11 50% 19369 5007 1590 107%
c - 458.72 39 14 66 393 123029 2 5184941 85879 1.6 15 9 5 11 50% 19369 5007 1590 107%
c - 460.07 39 13 66 394 123053 2 5204766 85669 1.6 15 9 5 11 50% 19369 5007 1590 107%
c - 461.48 39 13 66 395 123079 1 5224616 85675 1.6 15 9 5 11 50% 19369 5007 1590 107%
c u 463.31 41 12 66 395 123123 1 5242985 93264 1.6 14 9 5 11 50% 19369 5007 1590 107%
c v 463.94 43 12 66 395 123123 1 5242985 84757 1.6 14 9 5 11 50% 19369 5007 1590 107%
c w 464.11 43 12 66 395 123123 1 5242985 84252 1.6 14 9 5 11 50% 19369 5007 1590 107%
c - 464.24 37 12 66 396 123128 1 5244490 71584 1.6 14 9 5 11 50% 19369 5007 1590 107%
c
c  seconds    switched       rate           size/glue tier1     binary        remaining
c          MB   reductions      conflicts         size  tier2      irredundant
c           level      restarts        redundant    glue    trail        variables
c
c - 465.50 37 12 66 397 123271 1 5264389 76597 1.6 14 9 5 11 50% 19369 5007 1590 107%
c - 466.78 39 12 66 398 123335 1 5284314 80177 1.6 14 9 5 11 50% 19369 5007 1590 107%
c - 468.13 39 11 66 399 123536 1 5304264 81875 1.6 14 9 5 11 50% 19369 5007 1590 107%
c o 468.77 37 11 66 399 123605 1 5313919 89448 1.6 14 9 5 11 50% 19369 5007 1590 107%
c - 469.42 39 11 66 400 123683 1 5324238 82750 1.6 14 8 5 11 50% 19369 5007 1590 107%
c - 470.72 39 11 66 401 123831 1 5344238 83007 1.6 13 8 5 11 50% 19369 5007 1590 107%
c - 472.07 39 11 66 402 124169 1 5364262 83640 1.6 13 8 5 11 50% 19369 5007 1590 107%
c } 472.10 37 11 67 402 124183 1 5364543 83863 1.6 13 8 5 11 50% 19369 5007 1590 107%
c [ 472.10 37 23 67 402 124183 1 5364543 83863 2.0 25 13 6 14 51% 19369 5007 1590 107%
c B 472.10 37 23 67 402 124183 1 5364543 83863 2.0 25 13 6 14 51% 19369 5007 1590 107%
c - 473.62 39 23 67 403 124195 1 5384311 82991 2.0 25 13 6 14 51% 19369 5007 1590 107%
c - 475.38 39 22 67 404 124203 1 5404385 81909 2.0 25 13 6 14 51% 19369 5007 1590 107%
c - 477.10 37 22 67 405 124212 1 5424485 84787 2.0 25 13 5 14 51% 19369 5007 1590 107%
c - 478.84 39 21 67 406 124213 1 5444610 87784 2.0 24 12 5 14 51% 19369 5007 1590 107%
c - 480.62 39 20 67 407 124225 1 5464759 88533 2.0 24 12 5 14 51% 19369 5007 1590 107%
c u 482.63 43 20 67 407 124228 1 5479300 99462 1.9 23 12 5 14 51% 19369 5007 1590 107%
c v 483.33 43 20 67 407 124228 1 5479300 78387 1.9 23 12 5 14 51% 19369 5007 1590 107%
c w 483.59 43 20 67 407 124228 1 5479300 68521 1.9 23 12 5 14 51% 19369 5007 1590 107%
c - 484.02 37 20 67 408 124233 1 5484934 64292 1.9 23 12 5 14 51% 19369 5007 1590 107%
c - 485.56 37 20 67 409 124243 1 5505133 75587 2.0 23 12 5 14 51% 19369 5007 1590 107%
c
c  seconds    switched       rate           size/glue  tier1     binary        remaining
c          MB   reductions      conflicts         size   tier2      irredundant
c           level      restarts        redundant     glue    trail        variables
c
c - 487.30 37 20 67 410 124244 1 5525358 81578 2.0 24 12 5 14 51% 19369 5007 1590 107%
c - 489.23 37 20 67 411 124245 1 5545609 82117 1.9 24 12 5 14 51% 19369 5007 1590 107%
c ] 489.86 37 20 68 411 124245 1 5552790 88759 2.0 24 12 5 14 51% 19369 5007 1590 107%
c { 489.86 37 11 68 411 124245 1 5552790 88759 1.6 13 8 5 11 50% 19369 5007 1590 107%
c - 491.13 39 12 68 412 126279 2 5565883 85132 1.6 14 9 5 11 50% 19369 5007 1590 107%
c - 492.99 39 13 68 413 128635 2 5586182 87229 1.6 14 9 5 11 50% 19369 5007 1590 107%
c - 494.69 39 14 68 414 130404 2 5606506 87225 1.6 15 9 5 11 50% 19369 5007 1590 107%
c o 496.20 39 15 68 414 131911 2 5624054 103205 1.6 15 9 5 11 50% 19369 5007 1590 107%
c - 496.45 39 15 68 415 132130 2 5626852 87664 1.6 15 9 5 11 50% 19369 5007 1590 107%
c - 498.11 37 15 68 416 133427 2 5647223 87977 1.6 15 10 5 11 50% 19369 5007 1590 107%
c - 499.72 39 15 68 417 134263 2 5667619 88508 1.6 15 10 5 11 50% 19369 5007 1590 107%
c - 501.36 39 16 68 418 135350 2 5688039 89226 1.6 15 10 5 11 50% 19369 5007 1590 107%
c - 502.91 39 16 68 419 136191 2 5708484 89775 1.6 15 10 5 11 50% 19369 5007 1590 107%
c u 504.50 31 16 68 419 136645 2 5721327 98420 1.6 15 10 5 11 50% 19369 5007 1590 107%
c v 505.20 41 16 68 419 136645 2 5721327 94210 1.6 15 10 5 11 50% 19369 5007 1590 107%
c w 505.45 41 16 68 419 136645 2 5721327 93748 1.6 15 10 5 11 50% 19369 5007 1590 107%
c - 509.08 39 16 68 420 136897 2 5728953 83506 1.6 15 10 5 11 50% 19369 5007 1590 107%
c - 510.62 39 16 68 421 137833 2 5749446 86107 1.6 16 10 5 11 50% 19369 5007 1590 107%
c - 512.11 37 16 68 422 138558 2 5769964 88485 1.6 16 10 5 11 50% 19369 5007 1590 107%
c - 513.68 39 16 68 423 139497 2 5790506 89192 1.6 16 10 5 11 50% 19369 5007 1590 107%
c
c  seconds    switched       rate           size/glue  tier1     binary        remaining
c          MB   reductions      conflicts         size   tier2      irredundant
c           level      restarts        redundant     glue    trail        variables
c
c } 513.99 37 16 69 423 139596 2 5794849 92980 1.6 16 10 5 11 50% 19369 5007 1590 107%
c [ 513.99 37 20 69 423 139596 1 5794849 92980 2.0 24 12 5 14 51% 19369 5007 1590 107%
c W 514.87 31 20 69 423 139596 1 5794849 92980 2.0 24 12 5 14 51% 19369 5007 1590 107%
c - 516.14 31 20 69 424 139605 1 5811074 88220 1.9 23 12 5 14 51% 19369 5007 1590 107%
c - 517.83 31 19 69 425 139613 1 5831666 87643 1.9 23 12 5 14 50% 19369 5007 1590 107%
c - 519.47 31 19 69 426 139625 1 5852283 87351 1.9 23 12 5 14 50% 19369 5007 1590 107%
c - 521.21 31 20 69 427 139626 1 5872923 83581 1.9 23 12 5 14 50% 19369 5007 1590 107%
c - 522.98 31 20 69 428 139637 1 5893588 82492 1.9 24 12 5 14 50% 19369 5007 1590 107%
c - 524.86 31 20 69 429 139645 1 5914276 82110 1.9 24 13 5 14 50% 19369 5007 1590 107%
c - 526.69 31 20 69 430 139656 1 5934988 82434 1.9 24 13 5 14 50% 19369 5007 1590 107%
c - 528.61 31 19 69 431 139657 1 5955725 85962 1.9 23 12 5 14 50% 19369 5007 1590 107%
c u 530.35 41 19 69 431 139658 1 5969092 96938 1.9 23 12 5 14 50% 19369 5007 1590 107%
c v 530.94 43 19 69 431 139658 1 5969092 84089 1.9 23 12 5 14 50% 19369 5007 1590 107%
c w 531.15 43 19 69 431 139658 1 5969092 74606 1.9 23 12 5 14 50% 19369 5007 1590 107%
c o 531.23 43 19 69 431 139658 1 5969092 74606 1.9 23 12 5 14 50% 19369 5007 1590 107%
c - 531.83 37 22 69 432 139658 1 5976486 66143 1.8 24 13 5 14 50% 19369 5007 1590 107%
c - 533.51 37 31 69 433 139663 1 5997270 66886 1.7 26 15 5 14 50% 19369 5007 1590 107%
c ] 534.69 37 33 70 433 139672 1 6012158 81221 1.7 26 16 5 14 51% 19369 5007 1590 107%
c { 534.69 37 16 70 433 139672 2 6012158 81221 1.6 16 10 5 11 50% 19369 5007 1590 107%
c - 535.51 39 18 70 434 140694 3 6018078 68921 1.6 17 10 5 11 50% 19369 5007 1590 107%
c
c  seconds    switched       rate           size/glue  tier1     binary        remaining
c          MB   reductions      conflicts         size   tier2      irredundant
c           level      restarts        redundant     glue    trail        variables
c
c - 538.62 39 24 70 435 144304 4 6038911 71617 1.7 20 12 5 11 50% 19369 5007 1590 107%
c - 542.01 39 28 70 436 147924 5 6059767 71345 1.7 22 13 5 11 50% 19369 5007 1590 107%
c - 545.50 37 32 70 437 151482 5 6080648 71691 1.8 24 14 5 11 50% 19369 5007 1590 107%
c - 548.81 39 35 70 438 154444 6 6101553 72658 1.8 26 15 5 11 50% 19369 5007 1590 107%
c - 551.84 35 37 70 439 156834 6 6122481 73982 1.8 27 15 5 11 50% 19369 5007 1590 107%
c - 554.44 37 37 70 440 158352 6 6143434 75753 1.9 28 15 5 11 50% 19369 5007 1590 107%
c - 557.13 39 38 70 441 160019 5 6164411 76986 1.9 29 16 5 11 50% 19369 5007 1590 107%
c - 559.82 37 39 70 442 161421 5 6185413 77623 1.9 30 16 5 11 50% 19369 5007 1590 107%
c - 562.44 39 39 70 443 162772 5 6206436 78047 1.9 31 16 5 11 50% 19369 5007 1590 107%
c u 565.41 41 39 70 443 163709 5 6222624 89993 2.0 31 16 5 11 50% 19369 5007 1590 107%
c v 566.51 41 39 70 443 163709 5 6222624 89316 2.0 31 16 5 11 50% 19369 5007 1590 107%
c w 566.96 41 39 70 443 163709 5 6222624 89194 2.0 31 16 5 11 50% 19369 5007 1590 107%
c - 567.65 39 39 70 444 163992 5 6227486 73653 2.0 31 16 5 11 50% 19369 5007 1590 107%
c - 570.15 37 39 70 445 165051 5 6248557 74848 2.0 32 16 5 11 50% 19369 5007 1590 107%
c } 572.52 37 40 71 445 166427 5 6267485 93509 2.0 32 16 5 11 50% 19369 5007 1590 107%
c [ 572.52 37 33 71 445 166427 1 6267485 93509 1.7 26 16 5 14 51% 19369 5007 1590 107%
c I 572.52 37 33 71 445 166427 1 6267485 93509 1.7 26 16 5 14 51% 19369 5007 1590 107%
c - 572.72 37 33 71 446 166429 1 6269652 75089 1.7 27 16 5 14 51% 19369 5007 1590 107%
c - 574.35 39 31 71 447 166440 1 6290772 76086 1.7 26 15 5 14 51% 19369 5007 1590 107%
c - 576.07 37 29 71 448 166448 1 6311914 81270 1.7 25 15 5 14 50% 19369 5007 1590 107%
c
c  seconds    switched       rate           size/glue  tier1     binary        remaining
c          MB   reductions      conflicts         size   tier2      irredundant
c           level      restarts        redundant     glue    trail        variables
c
c - 577.79 37 27 71 449 166456 1 6333082 85364 1.7 24 14 5 14 50% 19369 5007 1590 107%
c - 579.58 37 27 71 450 166461 1 6354272 85574 1.7 24 14 5 14 50% 19369 5007 1590 107%
c - 581.52 37 25 71 451 166472 1 6375485 86662 1.8 24 13 5 14 50% 19369 5007 1590 107%
c - 583.44 39 24 71 452 166482 1 6396721 88486 1.8 24 13 5 14 50% 19369 5007 1590 107%
c - 585.41 39 22 71 453 166488 1 6417981 89635 1.8 23 13 5 14 50% 19369 5007 1590 107%
c - 587.30 39 22 71 454 166489 1 6439266 89192 1.8 23 13 5 14 49% 19369 5007 1590 107%
c - 589.22 37 22 71 455 166489 1 6460574 85559 1.8 24 13 5 14 49% 19369 5007 1590 107%
c - 591.24 39 22 71 456 166501 1 6481904 83254 1.8 24 13 5 14 49% 19369 5007 1590 107%
c u 592.00 41 22 71 456 166501 1 6481948 80395 1.8 24 13 5 14 49% 19369 5007 1590 107%
c v 592.89 41 22 71 456 166501 1 6481948 79025 1.8 24 13 5 14 49% 19369 5007 1590 107%
c w 593.21 41 22 71 456 166501 1 6481948 77894 1.8 24 13 5 14 49% 19369 5007 1590 107%
c o 593.22 41 22 71 456 166501 1 6481948 77894 1.8 24 13 5 14 49% 19369 5007 1590 107%
c B 594.84 39 22 71 456 166508 1 6501451 96199 1.8 23 13 5 14 49% 19369 5007 1590 107%
c - 595.00 39 22 71 457 166510 1 6503258 81359 1.8 23 13 5 14 49% 19369 5007 1590 107%
c - 596.67 39 23 71 458 166519 1 6524635 80585 1.8 25 13 5 14 50% 19369 5007 1590 107%
c - 598.44 39 23 71 459 166520 1 6546036 78788 1.9 26 14 5 14 50% 19369 5007 1590 107%
c - 600.32 39 23 71 460 166534 1 6567460 80873 1.9 26 14 5 14 51% 19369 5007 1590 107%
c - 602.21 39 23 71 461 166542 1 6588907 81839 1.9 26 14 5 14 51% 19369 5007 1590 107%
c - 604.09 39 23 71 462 166550 1 6610379 81508 1.9 26 14 5 14 51% 19369 5007 1590 107%
c - 606.02 39 23 71 463 166552 1 6631874 81339 1.9 26 14 5 14 51% 19369 5007 1590 107%
c
c  seconds    switched       rate           size/glue  tier1     binary        remaining
c          MB   reductions      conflicts         size   tier2      irredundant
c           level      restarts        redundant     glue    trail        variables
c
c - 608.07 39 23 71 464 166552 1 6653391 83670 2.0 26 13 5 14 51% 19369 5007 1590 107%
c ] 608.37 37 23 72 464 166552 1 6656833 86999 2.0 26 13 5 14 51% 19369 5007 1590 107%
c { 608.37 37 40 72 464 166552 5 6656833 86999 2.0 32 16 5 11 50% 19369 5007 1590 107%
c - 609.98 39 36 72 465 166555 4 6674931 88088 2.0 31 15 5 11 51% 19369 5007 1590 107%
c - 611.97 39 33 72 466 166561 4 6696494 90943 2.0 29 14 5 11 51% 19369 5007 1590 107%
c - 613.90 39 30 72 467 166564 3 6718081 91626 2.0 28 14 5 11 51% 19369 5007 1590 107%
c - 615.84 39 27 72 468 166568 3 6739691 92997 2.0 26 13 5 11 51% 19369 5007 1590 107%
c u 617.27 41 26 72 468 166569 3 6747063 97147 2.0 26 13 5 11 51% 19369 5007 1590 107%
c v 618.15 43 26 72 468 166569 3 6747063 92544 2.0 26 13 5 11 51% 19369 5007 1590 107%
c w 618.45 43 26 72 468 166569 3 6747063 89204 2.0 26 13 5 11 51% 19369 5007 1590 107%
c - 619.51 39 25 72 469 166584 2 6761326 84939 2.0 25 12 5 11 51% 19369 5007 1590 107%
c - 621.17 37 23 72 470 166609 2 6782982 89000 1.9 23 12 5 11 51% 19369 5007 1590 107%
c - 622.77 37 21 72 471 166687 2 6804662 91279 1.9 22 12 5 11 51% 19369 5007 1590 107%
c - 624.38 39 20 72 472 166710 2 6826364 91567 1.9 21 11 5 11 51% 19369 5007 1590 107%
c o 624.40 37 20 72 472 166712 2 6826649 91847 1.9 21 11 5 11 51% 19369 5007 1590 107%
c - 626.04 39 19 72 473 166910 2 6848089 91975 1.9 20 11 5 11 50% 19369 5007 1590 107%
c - 627.67 39 18 72 474 167076 2 6869838 92327 1.8 20 11 5 11 50% 19369 5007 1590 107%
c - 629.26 37 18 72 475 167259 2 6891609 92626 1.8 19 11 5 11 50% 19369 5007 1590 107%
c - 630.99 39 17 72 476 167649 2 6913404 92772 1.8 19 10 5 11 50% 19369 5007 1590 107%
c } 631.93 39 17 73 476 167833 2 6925749 103738 1.8 18 10 5 11 50% 19369 5007 1590 107%
c
c  seconds    switched       rate            size/glue  tier1     binary        remaining
c          MB   reductions      conflicts          size   tier2      irredundant
c           level      restarts        redundant      glue    trail        variables
c
c [ 631.93 39 23 73 476 167833 1 6925749 103738 2.0 26 13 5 14 51% 19369 5007 1590 107%
c W 633.42 31 23 73 476 167833 1 6925749 103738 2.0 26 13 5 14 51% 19369 5007 1590 107%
c - 634.13 31 23 73 477 167839 1 6935221 92379 2.0 26 13 5 14 51% 19369 5007 1590 107%
c - 635.99 31 22 73 478 167847 1 6957062 92122 2.0 26 13 5 14 51% 19369 5007 1590 107%
c - 637.87 31 21 73 479 167860 1 6978925 91468 2.0 25 13 5 14 51% 19369 5007 1590 107%
c - 639.72 31 21 73 480 167863 1 7000811 90195 2.0 25 13 5 14 51% 19369 5007 1590 107%
c u 641.98 43 21 73 480 167870 1 7018022 104754 2.0 25 13 5 14 51% 19369 5007 1590 107%
c v 642.80 45 21 73 480 167870 1 7018022 103042 2.0 25 13 5 14 51% 19369 5007 1590 107%
c w 643.12 45 21 73 480 167870 1 7018022 101015 2.0 25 13 5 14 51% 19369 5007 1590 107%
c - 643.61 39 21 73 481 167873 1 7022719 87639 2.0 24 12 5 14 51% 19369 5007 1590 107%
c - 645.63 39 20 73 482 167881 1 7044650 89683 2.0 24 12 5 14 51% 19369 5007 1590 107%
c - 647.66 39 20 73 483 167893 1 7066605 91252 2.0 24 12 5 14 51% 19369 5007 1590 107%
c - 649.84 39 19 73 484 167894 1 7088583 93066 2.0 24 12 5 14 51% 19369 5007 1590 107%
c - 651.94 37 19 73 485 167895 1 7110583 93120 2.0 23 12 5 14 51% 19369 5007 1590 107%
c - 653.91 39 21 73 486 167902 1 7132607 88199 1.9 24 12 5 14 51% 19369 5007 1590 107%
c - 656.01 37 21 73 487 167910 1 7154653 82144 1.9 24 13 5 14 51% 19369 5007 1590 107%
c ] 656.54 37 21 74 487 167914 1 7160027 87287 1.8 24 13 5 14 51% 19369 5007 1590 107%
c { 656.54 37 17 74 487 167914 2 7160027 87287 1.8 18 10 5 11 50% 19369 5007 1590 107%
c - 657.80 39 17 74 488 168129 2 7176722 86207 1.8 18 10 5 11 50% 19369 5007 1590 107%
c o 657.84 37 17 74 488 168139 2 7177231 86655 1.8 18 10 5 11 50% 19369 5007 1590 107%
c
c  seconds    switched       rate           size/glue  tier1     binary        remaining
c          MB   reductions      conflicts         size   tier2      irredundant
c           level      restarts        redundant     glue    trail        variables
c
c - 659.45 39 16 74 489 168500 2 7198812 90871 1.7 18 10 5 11 50% 19369 5007 1590 107%
c - 661.17 39 16 74 490 168941 2 7220928 92479 1.7 17 10 5 11 50% 19369 5007 1590 107%
c - 662.94 39 16 74 491 169464 2 7243065 93646 1.7 17 10 5 11 50% 19369 5007 1590 107%
c - 664.74 39 16 74 492 170185 2 7265223 94770 1.7 17 10 5 11 50% 19369 5007 1590 107%
c - 666.62 39 16 74 493 171213 2 7287404 85812 1.7 17 10 4 11 50% 19369 5007 1590 107%
c u 667.91 39 16 74 493 171351 2 7294826 87531 1.7 17 10 4 11 50% 19369 5007 1590 107%
c v 668.79 41 16 74 493 171351 2 7294826 82854 1.7 17 10 4 11 50% 19369 5007 1590 107%
c w 669.09 41 16 74 493 171351 2 7294826 81937 1.7 17 10 4 11 50% 19369 5007 1590 107%
c - 670.34 39 16 74 494 172164 2 7309608 76829 1.7 17 10 4 11 50% 19369 5007 1590 107%
c - 671.88 39 16 74 495 172608 2 7331834 78158 1.7 17 10 4 11 50% 19369 5007 1590 107%
c - 673.55 39 16 74 496 173500 2 7354082 79297 1.7 17 10 4 11 50% 19369 5007 1590 107%
c - 675.18 39 16 74 497 174153 2 7376354 79540 1.7 16 10 4 11 50% 19369 5007 1590 107%
c - 676.81 39 16 74 498 174822 2 7398648 80133 1.7 16 10 4 11 50% 19369 5007 1590 107%
c - 678.52 39 16 74 499 175652 2 7420964 80679 1.7 16 10 4 11 50% 19369 5007 1590 107%
c } 680.12 39 16 75 499 176377 2 7442853 99937 1.7 16 10 4 11 50% 19369 5007 1590 107%
c [ 680.12 39 21 75 499 176377 1 7442853 99937 1.8 24 13 5 14 51% 19369 5007 1590 107%
c O 680.12 39 21 75 499 176377 1 7442853 99937 1.8 24 13 5 14 51% 19369 5007 1590 107%
c - 680.16 39 21 75 500 176377 1 7443304 80406 1.8 24 13 5 14 51% 19369 5007 1590 107%
c - 681.70 39 20 75 501 176390 1 7465664 79802 1.9 23 13 5 14 51% 19369 5007 1590 107%
c - 683.51 37 19 75 502 176399 1 7488047 78756 1.9 23 12 5 14 51% 19369 5007 1590 107%
c
c  seconds    switched       rate           size/glue  tier1     binary        remaining
c          MB   reductions      conflicts         size   tier2      irredundant
c           level      restarts        redundant     glue    trail        variables
c
c - 685.38 39 19 75 503 176407 1 7510452 78599 1.9 23 12 5 14 52% 19369 5007 1590 107%
c - 687.34 39 19 75 504 176413 1 7532879 78967 2.0 24 12 5 14 51% 19369 5007 1590 107%
c - 689.40 39 19 75 505 176422 1 7555328 80649 2.0 24 12 5 14 51% 19369 5007 1590 107%
c u 692.29 43 19 75 505 176435 1 7577503 98890 2.0 24 12 5 14 51% 19369 5007 1590 107%
c v 693.22 45 19 75 505 176435 1 7577503 91801 2.0 24 12 5 14 51% 19369 5007 1590 107%
c w 693.57 45 19 75 505 176435 1 7577503 85378 2.0 24 12 5 14 51% 19369 5007 1590 107%
c o 693.59 45 19 75 505 176435 1 7577503 85378 2.0 24 12 5 14 51% 19369 5007 1590 107%
c - 693.63 37 19 75 506 176435 1 7577800 69867 2.0 24 12 5 14 51% 19369 5007 1590 107%
c - 695.26 39 21 75 507 176438 1 7600294 70207 2.0 25 13 5 14 52% 19369 5007 1590 107%
c - 696.94 37 21 75 508 176439 1 7622811 69886 2.0 25 13 5 14 52% 19369 5007 1590 107%
c - 698.78 39 21 75 509 176444 1 7645350 73035 2.0 25 13 5 14 52% 19369 5007 1590 107%
c - 700.69 37 21 75 510 176454 1 7667914 75902 2.0 25 13 5 14 52% 19369 5007 1590 107%
c - 702.84 39 21 75 511 176466 1 7690497 74940 2.0 25 13 5 14 52% 19369 5007 1590 107%
c ] 703.22 37 21 76 511 176468 1 7694788 79028 2.0 25 13 5 14 52% 19369 5007 1590 107%
c { 703.22 37 16 76 511 176468 2 7694788 79028 1.7 16 10 4 11 50% 19369 5007 1590 107%
c - 704.70 39 16 76 512 177098 2 7713102 74648 1.7 16 10 4 11 50% 19369 5007 1590 107%
c - 706.38 37 16 76 513 177854 2 7735732 78911 1.7 16 10 4 11 50% 19369 5007 1590 107%
c - 708.01 39 16 76 514 178573 2 7758382 80780 1.7 16 10 4 11 50% 19369 5007 1590 107%
c - 709.74 39 16 76 515 179513 2 7781053 81109 1.7 16 10 4 11 50% 19369 5007 1590 107%
c - 711.51 39 16 76 516 180565 2 7803746 81052 1.7 16 10 4 11 50% 19369 5007 1590 107%
c
c  seconds    switched       rate           size/glue  tier1     binary        remaining
c          MB   reductions      conflicts         size   tier2      irredundant
c           level      restarts        redundant     glue    trail        variables
c
c - 713.24 39 16 76 517 181414 2 7826461 81308 1.7 16 10 4 11 50% 19369 5007 1590 107%
c - 714.91 39 16 76 518 182122 2 7849201 81210 1.6 16 10 4 11 50% 19369 5007 1590 107%
c u 716.78 39 16 76 518 182547 2 7866051 91173 1.6 16 10 4 11 50% 19369 5007 1590 107%
c v 717.60 41 16 76 518 182547 2 7866051 83219 1.6 16 10 4 11 50% 19369 5007 1590 107%
c w 717.89 41 16 76 518 182547 2 7866051 82284 1.6 16 10 4 11 50% 19369 5007 1590 107%
c - 718.36 37 16 76 519 182828 2 7871960 69321 1.6 16 10 4 11 50% 19369 5007 1590 107%
c - 719.93 39 16 76 520 183632 2 7894744 72980 1.6 16 10 4 11 50% 19369 5007 1590 107%
c - 721.54 39 16 76 521 184553 2 7917548 76474 1.6 16 10 4 11 50% 19369 5007 1590 107%
c - 723.20 39 16 76 522 185469 2 7940373 77467 1.6 16 10 4 11 50% 19369 5007 1590 107%
c o 723.77 37 16 76 522 185621 2 7949204 84980 1.6 16 10 4 11 50% 19369 5007 1590 107%
c - 724.85 39 16 76 523 186357 2 7963221 77659 1.6 16 10 4 11 50% 19369 5007 1590 107%
c - 726.45 39 16 76 524 187025 2 7986090 78276 1.6 16 10 4 11 50% 19369 5007 1590 107%
c } 726.87 37 16 77 524 187390 2 7991838 83490 1.6 16 10 4 11 50% 19369 5007 1590 107%
c [ 726.87 37 21 77 524 187390 1 7991838 83490 2.0 25 13 5 14 52% 19369 5007 1590 107%
c B 726.87 37 21 77 524 187390 1 7991838 83490 2.0 25 13 5 14 52% 19369 5007 1590 107%
c - 728.30 39 21 77 525 187400 1 8008982 76992 1.9 25 13 5 14 52% 19369 5007 1590 107%
c - 730.25 39 20 77 526 187410 1 8031895 74677 1.9 25 13 5 14 52% 19369 5007 1590 107%
c - 732.18 39 20 77 527 187419 1 8054829 74995 1.9 25 13 5 14 52% 19369 5007 1590 107%
c - 734.09 39 21 77 528 187423 1 8077785 73294 2.0 25 13 5 14 52% 19369 5007 1590 107%
c - 736.13 39 20 77 529 187435 1 8100765 72598 2.0 25 13 5 14 52% 19369 5007 1590 107%
c
c  seconds    switched       rate           size/glue  tier1     binary        remaining
c          MB   reductions      conflicts         size   tier2      irredundant
c           level      restarts        redundant     glue    trail        variables
c
c - 738.17 39 20 77 530 187446 1 8123765 76237 1.9 24 12 5 14 52% 19369 5007 1590 107%
c - 740.25 39 20 77 531 187451 1 8146786 77433 1.9 24 12 5 14 51% 19369 5007 1590 107%
c u 741.99 41 20 77 531 187452 1 8160524 87398 1.9 24 12 5 14 52% 19369 5007 1590 107%
c v 742.86 43 20 77 531 187452 1 8160524 70476 1.9 24 12 5 14 52% 19369 5007 1590 107%
c w 743.20 43 20 77 531 187452 1 8160524 61507 1.9 24 12 5 14 52% 19369 5007 1590 107%
c - 743.88 37 20 77 532 187452 1 8169829 57935 1.9 24 12 5 14 52% 19369 5007 1590 107%
c - 745.59 37 20 77 533 187456 1 8192897 69557 1.9 23 12 5 14 52% 19369 5007 1590 107%
c - 747.46 39 20 77 534 187467 1 8215983 74847 2.0 24 12 5 14 52% 19369 5007 1590 107%
c - 749.60 37 19 77 535 187479 1 8239092 76441 2.0 24 12 5 14 52% 19369 5007 1590 107%
c ] 750.24 37 19 78 535 187482 1 8246722 83556 2.0 24 12 5 14 52% 19369 5007 1590 107%
c { 750.24 37 16 78 535 187482 2 8246722 83556 1.6 16 10 4 11 50% 19369 5007 1590 107%
c - 751.43 39 16 78 536 188207 2 8262222 77364 1.6 16 10 4 11 50% 19369 5007 1590 107%
c - 753.18 39 16 78 537 189273 2 8285373 77165 1.6 16 10 4 11 50% 19369 5007 1590 107%
c - 754.76 39 16 78 538 189931 2 8308546 77281 1.6 16 10 4 11 50% 19369 5007 1590 107%
c o 756.24 39 16 78 538 190677 2 8329672 96197 1.6 16 10 4 11 50% 19369 5007 1590 107%
c - 756.40 39 16 78 539 190739 2 8331740 77780 1.6 16 10 4 11 50% 19369 5007 1590 107%
c - 758.03 39 16 78 540 191578 2 8354957 78212 1.6 16 10 4 11 50% 19369 5007 1590 107%
c - 759.60 37 16 78 541 192112 2 8378194 78875 1.7 16 10 4 11 50% 19369 5007 1590 107%
c - 761.27 39 16 78 542 193156 2 8401455 79626 1.7 16 10 4 11 50% 19369 5007 1590 107%
c - 762.89 39 16 78 543 193952 2 8424736 79559 1.7 16 10 4 11 50% 19369 5007 1590 107%
c
c  seconds    switched       rate           size/glue  tier1     binary        remaining
c          MB   reductions      conflicts         size   tier2      irredundant
c           level      restarts        redundant     glue    trail        variables
c
c - 764.57 39 16 78 544 194889 2 8448039 79558 1.7 16 10 4 11 50% 19369 5007 1590 107%
c u 766.15 39 16 78 544 195247 2 8460923 87275 1.7 16 10 4 11 50% 19369 5007 1590 107%
c v 767.00 41 16 78 544 195247 2 8460923 83352 1.7 16 10 4 11 50% 19369 5007 1590 107%
c w 767.29 41 16 78 544 195247 2 8460923 82794 1.7 16 10 4 11 50% 19369 5007 1590 107%
c - 768.03 39 16 78 545 195579 2 8471363 73796 1.7 16 10 4 11 50% 19369 5007 1590 107%
c - 769.61 37 16 78 546 196337 2 8494708 75753 1.7 16 10 4 11 50% 19369 5007 1590 107%
c - 771.26 39 16 78 547 197341 2 8518075 76835 1.7 16 10 4 11 50% 19369 5007 1590 107%
c - 772.86 37 16 78 548 198125 2 8541463 76860 1.6 16 10 4 11 50% 19369 5007 1590 107%
c } 773.94 39 16 79 548 198425 2 8558313 91501 1.6 16 10 4 11 50% 19369 5007 1590 107%
c [ 773.94 39 19 79 548 198425 1 8558313 91501 2.0 24 12 5 14 52% 19369 5007 1590 107%
c W 776.14 31 19 79 548 198425 1 8558313 91501 2.0 24 12 5 14 52% 19369 5007 1590 107%
c - 776.62 31 20 79 549 198430 1 8564872 75796 2.0 24 12 5 14 52% 19369 5007 1590 107%
c - 778.30 31 20 79 550 198439 1 8588302 75343 2.0 24 12 5 14 52% 19369 5007 1590 107%
c - 780.11 31 19 79 551 198453 1 8611755 76603 2.0 23 12 5 14 52% 19369 5007 1590 107%
c - 781.92 31 19 79 552 198455 1 8635231 76890 1.9 23 12 5 14 52% 19369 5007 1590 107%
c - 783.85 31 20 79 553 198467 1 8658726 72532 1.9 24 12 5 14 52% 19369 5007 1590 107%
c - 785.78 31 20 79 554 198477 1 8682242 72372 1.9 24 12 5 14 52% 19369 5007 1590 107%
c - 788.04 31 20 79 555 198485 1 8705779 75519 1.9 23 12 5 14 52% 19369 5007 1590 107%
c - 790.14 31 19 79 556 198487 1 8729338 78186 1.9 23 12 5 14 51% 19369 5007 1590 107%
c - 791.95 31 20 79 557 198487 1 8752919 76969 1.9 23 12 5 14 51% 19369 5007 1590 107%
c
c  seconds    switched       rate           size/glue  tier1     binary        remaining
c          MB   reductions      conflicts         size   tier2      irredundant
c           level      restarts        redundant     glue    trail        variables
c
c u 793.79 41 20 79 557 198494 1 8767247 87876 1.9 23 12 5 14 51% 19369 5007 1590 107%
c v 794.71 43 20 79 557 198494 1 8767247 84832 1.9 23 12 5 14 51% 19369 5007 1590 107%
c w 795.05 43 20 79 557 198494 1 8767247 82789 1.9 23 12 5 14 51% 19369 5007 1590 107%
c o 798.79 43 20 79 557 198494 1 8767247 82789 1.9 23 12 5 14 51% 19369 5007 1590 107%
c - 799.47 37 20 79 558 198501 1 8776520 69672 1.9 23 12 5 14 51% 19369 5007 1590 107%
c - 801.26 37 20 79 559 198509 1 8800142 70697 1.9 23 12 5 14 51% 19369 5007 1590 107%
c ] 802.99 37 20 80 559 198518 1 8821437 90694 1.9 23 12 5 14 51% 19369 5007 1590 107%
c { 802.99 37 16 80 559 198518 2 8821437 90694 1.6 16 10 4 11 50% 19369 5007 1590 107%
c - 803.19 39 16 80 560 198575 2 8823786 72310 1.7 16 10 4 11 50% 19369 5007 1590 107%
c - 804.81 39 16 80 561 199492 2 8847450 76504 1.6 16 10 4 11 50% 19369 5007 1590 107%
c - 806.45 39 16 80 562 200314 2 8871136 77793 1.7 16 10 4 11 50% 19369 5007 1590 107%
c - 808.08 37 16 80 563 201262 2 8894844 78538 1.6 16 10 4 11 50% 19369 5007 1590 107%
c - 809.68 39 16 80 564 201937 2 8918571 78704 1.6 16 10 4 11 50% 19369 5007 1590 107%
c - 811.38 39 16 80 565 202990 2 8942319 79137 1.6 16 10 4 11 50% 19369 5007 1590 107%
c - 812.96 37 16 80 566 203636 2 8966088 79430 1.6 16 10 4 11 50% 19369 5007 1590 107%
c - 814.66 39 16 80 567 204594 2 8989879 79419 1.6 16 10 4 11 50% 19369 5007 1590 107%
c - 816.34 39 16 80 568 205712 2 9013692 79717 1.6 16 10 4 11 50% 19369 5007 1590 107%
c - 817.98 37 16 80 569 206356 2 9037524 80352 1.6 16 10 4 11 50% 19369 5007 1590 107%
c - 819.57 39 16 80 570 207087 2 9061377 80756 1.6 16 10 4 11 50% 19369 5007 1590 107%
c u 821.33 39 16 80 570 208035 2 9079549 94898 1.6 16 10 4 11 50% 19369 5007 1590 107%
c
c  seconds    switched       rate           size/glue  tier1     binary        remaining
c          MB   reductions      conflicts         size   tier2      irredundant
c           level      restarts        redundant     glue    trail        variables
c
c v 821.89 41 16 80 570 208035 2 9079549 89285 1.6 16 10 4 11 50% 19369 5007 1590 107%
c w 822.08 41 16 80 570 208035 2 9079549 88843 1.6 16 10 4 11 50% 19369 5007 1590 107%
c - 822.57 37 16 80 571 208204 2 9085251 74076 1.6 16 10 4 11 50% 19369 5007 1590 107%
c - 824.13 39 16 80 572 208867 2 9109146 77724 1.7 16 10 4 11 50% 19369 5007 1590 107%
c - 825.79 39 16 80 573 210012 2 9133062 79443 1.7 16 10 4 11 50% 19369 5007 1590 107%
c } 826.75 39 16 81 573 210425 2 9147880 92579 1.7 16 10 4 11 50% 19369 5007 1590 107%
c [ 826.75 39 20 81 573 210425 1 9147880 92579 1.9 23 12 5 14 51% 19369 5007 1590 107%
c I 826.75 39 20 81 573 210425 1 9147880 92579 1.9 23 12 5 14 51% 19369 5007 1590 107%
c - 827.36 39 22 81 574 210431 1 9156999 77039 1.9 24 13 5 14 52% 19369 5007 1590 107%
c - 829.03 39 22 81 575 210440 1 9180957 72486 1.9 25 13 5 14 52% 19369 5007 1590 107%
c - 830.97 39 22 81 576 210453 1 9204940 70079 1.9 25 13 5 14 52% 19369 5007 1590 107%
c - 832.99 37 22 81 577 210455 1 9228940 70114 1.9 25 13 5 14 51% 19369 5007 1590 107%
c - 835.02 39 22 81 578 210469 1 9252960 72783 1.8 24 13 5 14 51% 19369 5007 1590 107%
c - 836.81 37 21 81 579 210480 1 9277002 74635 1.8 24 13 5 14 51% 19369 5007 1590 107%
c - 838.75 39 21 81 580 210486 1 9301065 76305 1.9 23 13 5 14 51% 19369 5007 1590 107%
c - 840.89 39 21 81 581 210487 1 9325149 75678 1.8 23 13 5 14 51% 19369 5007 1590 107%
c - 842.97 39 20 81 582 210491 1 9349253 75881 1.8 23 13 5 14 51% 19369 5007 1590 107%
c - 844.81 39 20 81 583 210502 1 9373378 79809 1.8 22 12 5 14 51% 19369 5007 1590 107%
c - 846.60 39 20 81 584 210515 1 9397524 80270 1.8 22 12 5 14 51% 19369 5007 1590 107%
c u 847.39 39 20 81 584 210515 1 9397830 77155 1.8 22 12 5 14 51% 19369 5007 1590 107%
c
c  seconds    switched       rate           size/glue  tier1     binary        remaining
c          MB   reductions      conflicts         size   tier2      irredundant
c           level      restarts        redundant     glue    trail        variables
c
c v 848.32 41 20 81 584 210515 1 9397830 73401 1.8 22 12 5 14 51% 19369 5007 1590 107%
c w 848.66 41 20 81 584 210515 1 9397830 67344 1.8 22 12 5 14 51% 19369 5007 1590 107%
c o 848.67 41 20 81 584 210515 1 9397830 67344 1.8 22 12 5 14 51% 19369 5007 1590 107%
c - 850.33 37 20 81 585 210518 1 9421691 70498 1.8 22 12 5 14 51% 19369 5007 1590 107%
c ] 850.48 35 20 82 585 210518 1 9423964 72697 1.8 22 12 5 14 51% 19369 5007 1590 107%
c { 850.48 35 16 82 585 210518 2 9423964 72697 1.7 16 10 4 11 50% 19369 5007 1590 107%
c - 851.96 37 15 82 586 210528 2 9445877 76283 1.7 16 9 4 11 50% 19369 5007 1590 107%
c - 853.51 37 14 82 587 210533 2 9470084 77559 1.6 15 9 4 11 50% 19369 5007 1590 107%
c - 855.07 39 13 82 588 210597 2 9494312 77257 1.6 15 9 4 11 50% 19369 5007 1590 107%
c - 856.63 39 12 82 589 210670 2 9518560 76494 1.6 14 9 4 11 50% 19369 5007 1590 107%
c - 858.19 39 12 82 590 210889 1 9542830 77048 1.6 14 9 4 11 50% 19369 5007 1590 107%
c - 859.74 39 12 82 591 211161 1 9567119 78896 1.6 14 9 4 11 50% 19369 5007 1590 107%
c - 861.36 39 11 82 592 211581 1 9591429 79835 1.6 13 8 4 11 50% 19369 5007 1590 107%
c - 862.98 37 11 82 593 211990 1 9615760 80355 1.6 13 8 4 11 50% 19369 5007 1590 107%
c - 864.64 39 11 82 594 212473 1 9640111 80851 1.6 13 8 4 11 50% 19369 5007 1590 107%
c - 866.24 39 11 82 595 212812 1 9664484 80437 1.6 13 8 4 11 50% 19369 5007 1590 107%
c - 867.89 39 11 82 596 213174 1 9688876 80099 1.6 13 8 4 11 50% 19369 5007 1590 107%
c - 869.52 39 10 82 597 213631 1 9713290 80717 1.6 13 8 4 11 50% 19369 5007 1590 107%
c u 870.78 39 10 82 597 213859 1 9722117 81981 1.6 13 8 4 11 50% 19369 5007 1590 107%
c v 871.55 41 10 82 597 213859 1 9722117 76946 1.6 13 8 4 11 50% 19369 5007 1590 107%
c
c  seconds    switched       rate           size/glue tier1     binary        remaining
c          MB   reductions      conflicts         size  tier2      irredundant
c           level      restarts        redundant    glue    trail        variables
c
c w 871.80 41 10 82 597 213859 1 9722117 76785 1.6 13 8 4 11 50% 19369 5007 1590 107%
c - 872.90 37 10 82 598 214270 1 9737723 74236 1.6 13 8 4 11 50% 19369 5007 1590 107%
c - 874.53 39 10 82 599 214826 1 9762177 75837 1.6 13 8 4 11 50% 19369 5007 1590 107%
c } 874.76 37 10 83 599 214885 1 9765571 78408 1.6 13 8 4 11 50% 19369 5007 1590 107%
c [ 874.76 37 20 83 599 214885 1 9765571 78408 1.8 22 12 5 14 51% 19369 5007 1590 107%
c B 874.76 37 20 83 599 214885 1 9765571 78408 1.8 22 12 5 14 51% 19369 5007 1590 107%
c - 876.25 39 21 83 600 214898 1 9786652 71662 1.8 24 13 5 14 51% 19369 5007 1590 107%
c - 878.08 37 23 83 601 214907 1 9811147 64010 1.9 26 14 5 14 51% 19369 5007 1590 107%
c - 880.00 35 24 83 602 214915 1 9835663 61057 1.8 26 14 5 14 51% 19369 5007 1590 107%
c - 881.92 37 25 83 603 214923 1 9860199 60660 1.9 28 15 5 14 52% 19369 5007 1590 107%
c - 883.85 37 25 83 604 214934 1 9884758 60076 1.8 28 15 5 14 53% 19369 5007 1590 107%
c - 885.82 37 26 83 605 214945 1 9909336 59745 1.8 29 16 5 14 53% 19369 5007 1590 107%
c - 887.83 37 26 83 606 214947 1 9933932 60321 1.9 30 16 5 14 53% 19369 5007 1590 107%
c - 889.95 37 26 83 607 214947 1 9958550 61756 1.9 30 16 5 14 53% 19369 5007 1590 107%
c - 891.95 37 27 83 608 214961 1 9983188 63286 1.9 30 16 5 14 53% 19369 5007 1590 107%
c - 893.89 39 26 83 609 214970 1 10007845 63946 1.9 30 16 5 14 52% 19369 5007 1590 107%
c - 895.75 39 26 83 610 214978 1 10032523 66380 1.9 30 16 5 14 53% 19369 5007 1590 107%
c u 898.00 41 26 83 610 214984 1 10052410 82278 1.9 29 16 5 14 53% 19369 5007 1590 107%
c v 898.98 41 26 83 610 214984 1 10052410 81985 1.9 29 16 5 14 53% 19369 5007 1590 107%
c w 899.35 43 26 83 610 214984 1 10052410 75727 1.9 29 16 5 14 53% 19369 5007 1590 107%
c
c  seconds    switched       rate            size/glue  tier1     binary        remaining
c          MB   reductions      conflicts          size   tier2      irredundant
c           level      restarts         redundant     glue    trail        variables
c
c o 899.36 43 26 83 610 214984 1 10052410 75727 1.9 29 16 5 14 53% 19369 5007 1590 107%
c - 899.68 37 25 83 611 214986 1 10057221 63094 1.9 29 15 5 14 53% 19369 5007 1590 107%
c W 902.95 31 25 83 611 214989 1 10061481 67112 1.9 29 15 5 14 52% 19369 5007 1590 107%
c ] 903.28 31 25 84 611 214992 1 10067165 72591 1.9 28 15 5 14 52% 19369 5007 1590 107%
c { 903.28 31 10 84 611 214992 1 10067165 72591 1.6 13 8 4 11 50% 19369 5007 1590 107%
c - 904.70 31 12 84 612 217393 2 10081942 71492 1.6 13 9 4 11 50% 19369 5007 1590 107%
c - 906.81 31 13 84 613 220125 2 10106682 77903 1.5 14 9 4 11 50% 19369 5007 1590 107%
c - 908.78 31 14 84 614 222437 2 10131442 79875 1.6 14 9 4 11 50% 19369 5007 1590 107%
c - 910.65 31 15 84 615 224131 2 10156223 80661 1.6 15 9 4 11 50% 19369 5007 1590 107%
c - 912.47 31 15 84 616 225452 2 10181022 81321 1.6 15 10 4 11 50% 19369 5007 1590 107%
c - 914.23 31 15 84 617 226550 2 10205841 81805 1.6 15 10 4 11 50% 19369 5007 1590 107%
c - 916.00 31 16 84 618 227517 2 10230680 82053 1.6 15 10 4 11 50% 19369 5007 1590 107%
c - 917.74 31 16 84 619 228422 2 10255539 82201 1.6 16 10 4 11 50% 19369 5007 1590 107%
c - 919.53 31 16 84 620 229423 2 10280420 82073 1.6 16 10 4 11 50% 19369 5007 1590 107%
c - 921.21 31 16 84 621 230053 2 10305320 82609 1.6 16 10 4 11 50% 19369 5007 1590 107%
c - 922.97 31 16 84 622 231007 2 10330243 83346 1.7 16 10 4 11 50% 19369 5007 1590 107%
c - 924.77 31 16 84 623 232164 2 10355184 83056 1.6 16 10 4 11 50% 19369 5007 1590 107%
c - 926.51 31 16 84 624 232961 2 10380144 82614 1.6 16 10 4 11 50% 19369 5007 1590 107%
c u 927.77 31 16 84 624 233107 2 10388734 87026 1.6 16 10 4 11 50% 19369 5007 1590 107%
c v 928.64 41 16 84 624 233107 2 10388734 79252 1.6 16 10 4 11 50% 19369 5007 1590 107%
c
c  seconds    switched       rate            size/glue  tier1     binary        remaining
c          MB   reductions      conflicts          size   tier2      irredundant
c           level      restarts         redundant     glue    trail        variables
c
c w 928.94 41 16 84 624 233107 2 10388734 78618 1.6 16 10 4 11 50% 19369 5007 1590 107%
c - 930.13 39 16 84 625 234003 2 10405124 73022 1.6 16 10 4 11 50% 19369 5007 1590 107%
c } 931.38 39 16 85 625 234582 2 10424244 89827 1.6 16 10 4 11 50% 19369 5007 1590 107%
c [ 931.38 39 25 85 625 234582 1 10424244 89827 1.9 28 15 5 14 52% 19369 5007 1590 107%
c O 931.38 39 25 85 625 234582 1 10424244 89827 1.9 28 15 5 14 52% 19369 5007 1590 107%
c - 931.72 39 24 85 626 234586 1 10430124 76277 1.9 28 15 5 14 52% 19369 5007 1590 107%
c - 933.39 39 23 85 627 234596 1 10455144 79624 1.9 26 14 5 14 52% 19369 5007 1590 107%
c - 935.32 39 22 85 628 234610 1 10480183 80697 1.9 25 13 5 14 52% 19369 5007 1590 107%
c - 937.40 39 20 85 629 234612 1 10505242 80991 1.9 24 13 5 14 52% 19369 5007 1590 107%
c - 939.31 37 20 85 630 234626 1 10530323 79070 1.9 24 13 5 14 52% 19369 5007 1590 107%
c - 941.34 39 20 85 631 234637 1 10555422 76861 1.8 23 13 5 14 52% 19369 5007 1590 107%
c - 943.41 39 20 85 632 234643 1 10580541 76924 1.8 23 13 5 14 52% 19369 5007 1590 107%
c - 945.52 39 20 85 633 234644 1 10605680 75696 1.8 23 13 5 14 52% 19369 5007 1590 107%
c - 947.70 37 20 85 634 234651 1 10630839 77118 1.8 23 13 5 14 53% 19369 5007 1590 107%
c - 949.77 39 21 85 635 234662 1 10656018 76375 1.8 24 13 5 14 52% 19369 5007 1590 107%
c - 951.86 37 21 85 636 234674 1 10681219 74937 1.8 23 13 5 14 52% 19369 5007 1590 107%
c - 953.85 39 21 85 637 234678 1 10706439 76584 1.8 24 13 5 14 53% 19369 5007 1590 107%
c u 956.77 41 21 85 637 234690 1 10731117 96899 1.8 24 13 5 14 52% 19369 5007 1590 107%
c v 957.83 43 21 85 637 234690 1 10731117 95707 1.8 24 13 5 14 52% 19369 5007 1590 107%
c w 958.19 43 21 85 637 234690 1 10731117 93626 1.8 24 13 5 14 52% 19369 5007 1590 107%
c
c  seconds    switched       rate            size/glue  tier1     binary        remaining
c          MB   reductions      conflicts          size   tier2      irredundant
c           level      restarts         redundant     glue    trail        variables
c
c o 958.21 43 21 85 637 234690 1 10731117 93626 1.8 24 13 5 14 52% 19369 5007 1590 107%
c - 958.26 37 21 85 638 234690 1 10731679 72098 1.8 24 13 5 14 52% 19369 5007 1590 107%
c B 958.76 37 24 85 638 234693 1 10738826 78923 1.8 24 14 5 14 52% 19369 5007 1590 107%
c ] 959.15 37 25 86 638 234697 1 10745497 85279 1.8 25 14 5 14 52% 19369 5007 1590 107%
c { 959.15 37 16 86 638 234697 2 10745497 85279 1.6 16 10 4 11 50% 19369 5007 1590 107%
c - 960.77 37 19 86 639 236697 3 10756938 69301 1.7 18 11 4 11 50% 19369 5007 1590 107%
c - 964.64 37 26 86 640 241068 4 10782216 61853 1.7 21 12 4 11 50% 19369 5007 1590 107%
c - 968.75 37 31 86 641 245438 5 10807515 60059 1.8 24 14 4 11 50% 19369 5007 1590 107%
c - 972.77 37 34 86 642 249233 6 10832832 60514 1.8 26 14 4 11 50% 19369 5007 1590 107%
c - 976.30 37 36 86 643 252128 6 10858169 62308 1.8 27 15 4 11 50% 19369 5007 1590 107%
c - 979.58 37 38 86 644 254499 6 10883526 63804 1.9 29 15 4 11 50% 19369 5007 1590 107%
c - 982.90 39 39 86 645 256601 6 10908903 64470 1.9 30 16 4 11 50% 19369 5007 1590 107%
c - 985.88 37 39 86 646 258143 5 10934299 65431 1.9 31 16 4 11 50% 19369 5007 1590 107%
c - 988.89 39 40 86 647 259853 5 10959715 66069 2.0 31 16 4 11 50% 19369 5007 1590 107%
c - 992.12 37 40 86 648 261659 5 10985151 65687 2.0 32 16 4 11 50% 19369 5007 1590 107%
c - 995.20 37 40 86 649 263204 5 11010607 65643 2.0 32 16 4 11 50% 19369 5007 1590 107%
c - 998.32 39 40 86 650 264639 5 11036083 66104 2.0 33 16 4 11 50% 19369 5007 1590 107%
c - 1001.38 37 41 86 651 266012 4 11061579 66147 2.0 33 16 4 11 51% 19369 5007 1590 107%
c u 1004.60 39 41 86 651 266872 4 11079558 81030 2.0 33 17 4 11 50% 19369 5007 1590 107%
c v 1006.05 39 41 86 651 266872 4 11079558 79873 2.0 33 17 4 11 50% 19369 5007 1590 107%
c
c   seconds    switched       rate            size/glue  tier1     binary        remaining
c           MB   reductions      conflicts          size   tier2      irredundant
c            level      restarts         redundant     glue    trail        variables
c
c w 1006.62 41 41 86 651 266872 4 11079558 79571 2.0 33 17 4 11 50% 19369 5007 1590 107%
c - 1007.52 37 41 86 652 267199 4 11087093 62873 2.0 33 17 4 11 50% 19369 5007 1590 107%
c - 1010.22 37 40 86 653 268230 4 11112627 63894 2.0 33 17 4 11 50% 19369 5007 1590 107%
c } 1010.75 37 40 87 653 268427 4 11118355 69499 2.0 33 16 4 11 50% 19369 5007 1590 107%
c [ 1010.75 37 25 87 653 268427 1 11118355 69499 1.8 25 14 5 14 52% 19369 5007 1590 107%
c W 1014.16 31 25 87 653 268427 1 11118355 69499 1.8 25 14 5 14 52% 19369 5007 1590 107%
c - 1015.70 31 25 87 654 268439 1 11138182 66556 1.8 25 14 5 14 52% 19369 5007 1590 107%
c - 1017.74 31 24 87 655 268449 1 11163755 70087 1.8 25 14 5 14 52% 19369 5007 1590 107%
c - 1019.78 31 23 87 656 268457 1 11189348 74206 1.8 25 14 5 14 53% 19369 5007 1590 107%
c - 1021.89 31 23 87 657 268467 1 11214963 76109 1.8 25 14 5 14 53% 19369 5007 1590 107%
c - 1024.10 31 23 87 658 268478 1 11240600 72987 1.8 25 14 5 14 52% 19369 5007 1590 107%
c - 1026.39 31 22 87 659 268488 1 11266252 73489 1.8 24 14 5 14 52% 19369 5007 1590 107%
c - 1028.55 31 21 87 660 268489 1 11291922 77526 1.8 24 14 5 14 52% 19369 5007 1590 107%
c - 1030.65 31 21 87 661 268492 1 11317612 79224 1.8 24 13 5 14 52% 19369 5007 1590 107%
c - 1032.90 31 20 87 662 268504 1 11343321 79653 1.8 23 13 5 14 53% 19369 5007 1590 107%
c o 1033.33 31 21 87 662 268506 1 11348960 85131 1.8 24 13 5 14 53% 19369 5007 1590 107%
c - 1035.19 31 22 87 663 268518 1 11369052 77568 1.8 24 14 5 14 52% 19369 5007 1590 107%
c - 1037.49 31 22 87 664 268520 1 11394800 74242 1.8 24 14 5 14 52% 19369 5007 1590 107%
c - 1039.89 31 22 87 665 268534 1 11420569 76219 1.8 24 13 5 14 52% 19369 5007 1590 107%
c u 1041.97 41 22 87 665 268539 1 11434084 85002 1.8 24 13 5 14 52% 19369 5007 1590 107%
c
c   seconds    switched       rate            size/glue  tier1     binary        remaining
c           MB   reductions      conflicts          size   tier2      irredundant
c            level      restarts         redundant     glue    trail        variables
c
c v 1043.14 43 22 87 665 268539 1 11434084 80063 1.8 24 13 5 14 52% 19369 5007 1590 107%
c w 1043.54 43 22 87 665 268539 1 11434084 76625 1.8 24 13 5 14 52% 19369 5007 1590 107%
c - 1044.52 37 22 87 666 268546 1 11446356 68684 1.9 25 13 5 14 52% 19369 5007 1590 107%
c I 1044.96 37 22 87 666 268549 1 11452027 74061 1.9 25 13 5 14 52% 19369 5007 1590 107%
c - 1046.37 37 26 87 667 268551 1 11472163 68140 1.8 27 15 5 14 52% 19369 5007 1590 107%
c - 1048.47 37 30 87 668 268552 1 11497991 61204 1.8 29 16 5 14 52% 19369 5007 1590 107%
c - 1050.78 29 34 87 669 268553 1 11523836 56728 1.7 31 18 5 14 52% 19369 5007 1590 107%
c - 1052.95 33 36 87 670 268553 1 11549701 55395 1.7 32 19 5 14 52% 19369 5007 1590 107%
c - 1055.20 33 38 87 671 268553 1 11575585 56741 1.7 33 20 5 14 51% 19369 5007 1590 107%
c - 1057.29 33 39 87 672 268567 1 11601488 58771 1.7 34 20 5 14 51% 19369 5007 1590 107%
c - 1059.43 35 40 87 673 268579 1 11627413 59854 1.7 34 20 5 14 51% 19369 5007 1590 107%
c - 1061.69 35 41 87 674 268584 1 11653356 60007 1.7 35 20 5 14 51% 19369 5007 1590 107%
c ] 1063.46 35 41 88 674 268594 1 11673979 80055 1.8 36 20 5 14 52% 19369 5007 1590 107%
c { 1063.46 35 40 88 674 268594 4 11673979 80055 2.0 33 16 4 11 50% 19369 5007 1590 107%
c - 1063.88 35 39 88 675 268606 4 11679318 60770 2.0 33 16 4 11 51% 19369 5007 1590 107%
c - 1065.79 35 34 88 676 268617 3 11705298 72386 2.1 30 15 4 11 51% 19369 5007 1590 107%
c - 1067.83 37 29 88 677 268617 3 11731302 84415 2.1 28 14 4 11 50% 19369 5007 1590 107%
c - 1069.82 37 26 88 678 268636 2 11757321 86784 2.0 26 13 4 11 50% 19369 5007 1590 107%
c - 1071.62 37 24 88 679 268666 2 11783359 87396 2.0 24 12 4 11 50% 19369 5007 1590 107%
c u 1073.27 39 23 88 679 268666 2 11794699 95270 2.0 24 12 4 11 50% 19369 5007 1590 107%
c
c   seconds    switched       rate            size/glue  tier1     binary        remaining
c           MB   reductions      conflicts          size   tier2      irredundant
c            level      restarts         redundant     glue    trail        variables
c
c v 1074.33 41 23 88 679 268666 2 11794699 91003 2.0 24 12 4 11 50% 19369 5007 1590 107%
c w 1074.70 41 23 88 679 268666 2 11794699 87477 2.0 24 12 4 11 50% 19369 5007 1590 107%
c o 1074.72 41 23 88 679 268666 2 11794699 87477 2.0 24 12 4 11 50% 19369 5007 1590 107%
c - 1075.67 35 22 88 680 268727 2 11809416 79262 2.0 23 12 4 11 50% 19369 5007 1590 107%
c - 1077.42 37 20 88 681 268763 2 11835492 83521 1.9 22 11 4 11 50% 19369 5007 1590 107%
c - 1079.18 35 19 88 682 268974 2 11861587 86776 1.9 20 11 4 11 50% 19369 5007 1590 107%
c - 1080.96 37 18 88 683 269280 2 11887705 87452 1.9 20 11 4 11 50% 19369 5007 1590 107%
c - 1082.74 37 17 88 684 269652 2 11913840 87876 1.8 19 10 4 11 50% 19369 5007 1590 107%
c - 1084.62 37 17 88 685 270203 2 11939993 88187 1.8 18 10 4 11 50% 19369 5007 1590 107%
c - 1086.50 37 17 88 686 270819 2 11966165 88496 1.8 18 10 4 11 50% 19369 5007 1590 107%
c - 1088.36 37 16 88 687 271306 2 11992356 89196 1.8 17 10 4 11 50% 19369 5007 1590 107%
c - 1090.26 37 16 88 688 272026 2 12018566 89855 1.7 17 10 4 11 50% 19369 5007 1590 107%
c - 1092.18 37 16 88 689 272543 2 12044795 90137 1.7 17 10 4 11 50% 19369 5007 1590 107%
c } 1093.57 37 16 89 689 273271 2 12062918 106467 1.7 17 10 4 11 50% 19369 5007 1590 107%
c [ 1093.57 37 41 89 689 273271 1 12062918 106467 1.8 36 20 5 14 52% 19369 5007 1590 107%
c B 1093.57 37 41 89 689 273271 1 12062918 106467 1.8 36 20 5 14 52% 19369 5007 1590 107%
c - 1094.16 37 40 89 690 273276 1 12071044 87821 1.8 36 20 5 14 52% 19369 5007 1590 107%
c - 1096.26 39 39 89 691 273287 1 12097311 79404 2.0 38 19 5 14 53% 19369 5007 1590 107%
c - 1098.44 39 37 89 692 273300 1 12123597 72249 2.0 38 19 5 14 53% 19369 5007 1590 107%
c - 1100.74 39 36 89 693 273305 1 12149903 69741 2.0 38 19 5 14 53% 19369 5007 1590 107%
c
c   seconds    switched       rate            size/glue  tier1     binary        remaining
c           MB   reductions      conflicts          size   tier2      irredundant
c            level      restarts         redundant     glue    trail        variables
c
c u 1102.54 39 36 89 693 273312 1 12161451 75782 2.0 38 19 5 14 53% 19369 5007 1590 107%
c v 1103.56 41 36 89 693 273312 1 12161451 75477 2.0 38 19 5 14 53% 19369 5007 1590 107%
c w 1103.99 43 36 89 693 273312 1 12161451 75146 2.0 38 19 5 14 53% 19369 5007 1590 107%
c - 1105.37 37 35 89 694 273316 1 12176227 64421 2.1 38 18 5 14 53% 19369 5007 1590 107%
c - 1107.52 37 33 89 695 273331 1 12202571 67110 2.1 37 18 5 15 54% 19369 5007 1590 107%
c - 1109.81 39 33 89 696 273333 1 12228933 68994 2.1 37 18 5 15 54% 19369 5007 1590 107%
c - 1112.10 39 33 89 697 273333 1 12255314 70349 2.1 37 17 5 15 54% 19369 5007 1590 107%
c - 1114.66 39 32 89 698 273347 1 12281714 72035 2.1 36 17 5 15 54% 19369 5007 1590 107%
c - 1117.22 39 30 89 699 273358 1 12308133 75206 2.2 36 17 5 15 53% 19369 5007 1590 107%
c - 1119.50 39 29 89 700 273364 1 12334572 79987 2.2 35 16 5 15 53% 19369 5007 1590 107%
c o 1121.51 39 28 89 700 273374 1 12356014 100567 2.3 35 15 5 15 53% 19369 5007 1590 107%
c - 1121.96 37 29 89 701 273377 1 12361029 80347 2.2 34 16 5 15 53% 19369 5007 1590 107%
c ] 1124.26 39 27 90 701 273386 1 12386303 104378 2.1 32 15 5 15 53% 19369 5007 1590 107%
c { 1124.26 39 16 90 701 273386 2 12386303 104378 1.7 17 10 4 11 50% 19369 5007 1590 107%
c - 1124.40 37 16 90 702 273432 2 12387505 80886 1.7 17 10 4 11 50% 19369 5007 1590 107%
c - 1126.59 39 16 90 703 274349 2 12414002 85264 1.7 17 10 4 11 50% 19369 5007 1590 107%
c - 1128.66 39 16 90 704 275433 2 12440517 88751 1.7 17 10 4 11 50% 19369 5007 1590 107%
c - 1130.64 39 16 90 705 276147 2 12467049 89692 1.7 16 10 4 11 50% 19369 5007 1590 107%
c - 1132.58 39 16 90 706 276708 2 12493601 90032 1.7 16 10 4 11 50% 19369 5007 1590 107%
c - 1134.64 39 16 90 707 277848 2 12520171 90089 1.7 16 10 4 11 50% 19369 5007 1590 107%
c
c   seconds    switched       rate            size/glue  tier1     binary        remaining
c           MB   reductions      conflicts          size   tier2      irredundant
c            level      restarts         redundant     glue    trail        variables
c
c u 1136.72 39 16 90 707 278559 2 12534314 97822 1.7 16 10 4 11 50% 19369 5007 1590 107%
c v 1137.81 41 16 90 707 278559 2 12534314 85623 1.7 16 10 4 11 50% 19369 5007 1590 107%
c w 1138.20 41 16 90 707 278559 2 12534314 84354 1.7 16 10 4 11 50% 19369 5007 1590 107%
c - 1139.15 39 16 90 708 279119 2 12546760 79645 1.7 16 10 4 11 50% 19369 5007 1590 107%
c - 1141.10 39 16 90 709 280232 2 12573368 84272 1.7 16 10 4 11 50% 19369 5007 1590 107%
c - 1143.03 39 16 90 710 281105 2 12599996 86829 1.7 16 10 4 11 50% 19369 5007 1590 107%
c - 1145.05 39 16 90 711 282056 2 12626645 87513 1.7 16 10 4 11 50% 19369 5007 1590 107%
c - 1146.99 39 16 90 712 282943 2 12653310 87507 1.7 16 10 4 11 50% 19369 5007 1590 107%
c - 1148.95 39 16 90 713 283881 2 12679994 88565 1.7 16 10 4 11 50% 19369 5007 1590 107%
c - 1150.93 39 16 90 714 284782 2 12706697 89182 1.7 16 10 4 11 50% 19369 5007 1590 107%
c - 1152.86 39 16 90 715 285548 2 12733417 89221 1.7 16 10 4 11 50% 19369 5007 1590 107%
c - 1154.85 39 16 90 716 286419 2 12760156 89221 1.7 16 10 4 11 50% 19369 5007 1590 107%
c - 1156.85 39 16 90 717 287393 2 12786914 89139 1.7 16 10 4 11 50% 19369 5007 1590 107%
c } 1157.19 39 16 91 717 287583 2 12791624 93294 1.7 16 10 4 11 50% 19369 5007 1590 107%
c [ 1157.19 39 27 91 717 287583 1 12791624 93294 2.1 32 15 5 15 53% 19369 5007 1590 107%
c W 1161.52 31 27 91 717 287583 1 12791624 93294 2.1 32 15 5 15 53% 19369 5007 1590 107%
c - 1163.11 31 26 91 718 287596 1 12813690 88110 2.1 30 15 5 15 53% 19369 5007 1590 107%
c - 1165.18 31 26 91 719 287607 1 12840485 83741 2.0 29 15 5 15 53% 19369 5007 1590 107%
c - 1167.60 31 25 91 720 287613 1 12867299 81183 2.0 28 14 5 15 53% 19369 5007 1590 107%
c - 1170.35 31 24 91 721 287627 1 12894132 84234 1.9 27 14 5 15 52% 19369 5007 1590 107%
c
c   seconds    switched       rate            size/glue  tier1     binary        remaining
c           MB   reductions      conflicts          size   tier2      irredundant
c            level      restarts         redundant     glue    trail        variables
c
c u 1172.94 43 23 91 721 287634 1 12913342 99245 1.9 26 14 5 15 53% 19369 5007 1590 107%
c v 1174.19 43 23 91 721 287634 1 12913342 97190 1.9 26 14 5 15 53% 19369 5007 1590 107%
c w 1174.63 45 23 91 721 287634 1 12913342 90252 1.9 26 14 5 15 53% 19369 5007 1590 107%
c o 1179.18 45 23 91 721 287634 1 12913342 90252 1.9 26 14 5 15 53% 19369 5007 1590 107%
c - 1179.79 39 27 91 722 287638 1 12920983 75425 1.8 27 15 5 15 52% 19369 5007 1590 107%
c - 1181.85 39 28 91 723 287644 1 12947855 74071 1.8 27 15 5 15 52% 19369 5007 1590 107%
c - 1183.88 39 28 91 724 287645 1 12974743 75355 1.8 27 15 5 15 51% 19369 5007 1590 107%
c - 1186.07 39 28 91 725 287653 1 13001650 76948 1.8 27 15 5 15 51% 19369 5007 1590 107%
c - 1188.38 37 28 91 726 287666 1 13028575 76440 1.8 26 15 5 15 51% 19369 5007 1590 107%
c - 1190.58 39 27 91 727 287676 1 13055519 79378 1.8 26 14 5 15 50% 19369 5007 1590 107%
c - 1192.89 39 26 91 728 287683 1 13082482 82538 1.8 25 14 5 15 50% 19369 5007 1590 107%
c - 1195.25 39 24 91 729 287697 1 13109463 87031 1.8 25 13 5 15 50% 19369 5007 1590 107%
c - 1197.55 37 22 91 730 287707 1 13136463 90849 1.9 24 13 5 15 49% 19369 5007 1590 107%
c ] 1198.29 39 23 92 730 287707 1 13146606 100689 1.9 24 13 5 15 49% 19369 5007 1590 107%
c { 1198.29 39 16 92 730 287707 2 13146606 100689 1.7 16 10 4 11 50% 19369 5007 1590 107%
c - 1199.66 39 16 92 731 288515 2 13163482 90031 1.7 16 10 4 11 50% 19369 5007 1590 107%
c - 1201.72 39 16 92 732 289276 2 13190519 88758 1.7 16 10 4 11 50% 19369 5007 1590 107%
c - 1203.76 39 16 92 733 290180 2 13217574 91441 1.7 16 10 4 11 50% 19369 5007 1590 107%
c - 1205.85 39 16 92 734 291202 2 13244648 92546 1.7 16 10 4 11 50% 19369 5007 1590 107%
c - 1207.90 39 16 92 735 292117 2 13271740 92819 1.7 16 10 4 11 50% 19369 5007 1590 107%
c
c   seconds    switched       rate             size/glue  tier1     binary        remaining
c           MB   reductions      conflicts           size   tier2      irredundant
c            level      restarts         redundant      glue    trail        variables
c
c u 1210.57 41 16 92 735 292919 2 13298535 113634 1.7 16 10 4 11 50% 19369 5007 1590 107%
c v 1211.38 43 16 92 735 292919 2 13298535 108289 1.7 16 10 4 11 50% 19369 5007 1590 107%
c w 1211.67 43 16 92 735 292919 2 13298535 107502 1.7 16 10 4 11 50% 19369 5007 1590 107%
c - 1211.82 37 16 92 736 292929 2 13298851 84681 1.7 16 10 4 11 50% 19369 5007 1590 107%
c - 1213.77 39 16 92 737 294071 2 13325982 86600 1.6 16 10 4 11 50% 19369 5007 1590 107%
c - 1215.71 39 16 92 738 295212 2 13353130 89888 1.6 16 10 4 11 50% 19369 5007 1590 107%
c - 1217.71 39 16 92 739 296037 2 13380298 90898 1.7 16 10 4 11 50% 19369 5007 1590 107%
c o 1217.95 37 16 92 739 296118 2 13383407 93557 1.7 16 10 4 11 50% 19369 5007 1590 107%
c - 1219.73 39 16 92 740 296982 2 13407483 91138 1.7 16 10 4 11 50% 19369 5007 1590 107%
c - 1221.74 39 16 92 741 297845 2 13434686 91142 1.7 16 10 4 11 50% 19369 5007 1590 107%
c - 1223.75 39 16 92 742 298743 2 13461907 91333 1.6 16 10 4 11 50% 19369 5007 1590 107%
c - 1225.73 39 16 92 743 299785 2 13489148 91606 1.6 16 10 4 11 50% 19369 5007 1590 107%
c - 1227.85 39 16 92 744 300921 2 13516407 91934 1.6 16 10 4 11 50% 19369 5007 1590 107%
c - 1229.88 39 16 92 745 301852 2 13543683 92523 1.7 16 10 4 11 50% 19369 5007 1590 107%
c } 1231.69 39 16 93 745 302847 2 13568610 114926 1.7 16 10 4 11 50% 19369 5007 1590 107%
c [ 1231.69 39 23 93 745 302847 1 13568610 114926 1.9 24 13 5 15 49% 19369 5007 1590 107%
c O 1231.69 39 23 93 745 302847 1 13568610 114926 1.9 24 13 5 15 49% 19369 5007 1590 107%
c - 1231.87 39 23 93 746 302849 1 13570977 93217 1.9 24 13 5 15 49% 19369 5007 1590 107%
c - 1233.74 39 22 93 747 302861 1 13598290 93074 1.8 23 13 5 15 49% 19369 5007 1590 107%
c - 1235.86 39 21 93 748 302875 1 13625622 92830 1.8 23 12 5 15 49% 19369 5007 1590 107%
c
c   seconds    switched       rate            size/glue  tier1     binary        remaining
c           MB   reductions      conflicts          size   tier2      irredundant
c            level      restarts         redundant     glue    trail        variables
c
c - 1238.30 41 20 93 749 302880 1 13652971 93121 1.8 22 12 5 15 49% 19369 5007 1590 107%
c - 1240.86 39 19 93 750 302892 1 13680338 94927 1.9 22 12 5 15 49% 19369 5007 1590 107%
c u 1242.76 43 19 93 750 302898 1 13689894 100433 1.9 22 12 5 15 49% 19369 5007 1590 107%
c v 1243.82 43 19 93 750 302898 1 13689894 75848 1.9 22 12 5 15 49% 19369 5007 1590 107%
c w 1244.22 43 19 93 750 302898 1 13689894 61321 1.9 22 12 5 15 49% 19369 5007 1590 107%
c - 1245.62 37 19 93 751 302906 1 13707724 64793 1.9 22 12 5 15 49% 19369 5007 1590 107%
c - 1247.84 37 20 93 752 302909 1 13735129 77504 1.9 24 12 5 15 50% 19369 5007 1590 107%
c - 1250.32 37 20 93 753 302909 1 13762553 84437 2.0 24 12 5 15 50% 19369 5007 1590 107%
c - 1252.49 39 22 93 754 302923 1 13789993 86297 1.9 25 13 5 15 50% 19369 5007 1590 107%
c - 1254.77 39 22 93 755 302937 1 13817452 86160 1.9 25 13 5 15 50% 19369 5007 1590 107%
c - 1257.16 39 21 93 756 302940 1 13844932 89164 2.0 25 13 5 15 50% 19369 5007 1590 107%
c - 1259.62 39 21 93 757 302955 1 13872428 90019 2.0 25 13 5 15 50% 19369 5007 1590 107%
c - 1262.01 39 22 93 758 302968 1 13899942 89034 1.9 25 13 5 15 50% 19369 5007 1590 107%
c o 1262.48 37 22 93 758 302970 1 13904805 93723 1.9 25 13 5 15 50% 19369 5007 1590 107%
c - 1264.60 37 30 93 759 302971 1 13927477 81508 1.8 27 15 5 15 50% 19369 5007 1590 107%
c ] 1264.81 37 31 94 759 302972 1 13930253 84242 1.8 27 15 5 15 50% 19369 5007 1590 107%
c { 1264.81 37 16 94 759 302972 2 13930253 84242 1.7 16 10 4 11 50% 19369 5007 1590 107%
c - 1266.77 39 16 94 760 303870 2 13955027 82689 1.6 16 10 4 11 50% 19369 5007 1590 107%
c - 1268.96 39 16 94 761 304904 2 13982596 91123 1.6 16 10 4 11 50% 19369 5007 1590 107%
c - 1271.01 39 16 94 762 305768 2 14010182 94059 1.6 16 10 4 11 50% 19369 5007 1590 107%
c
c   seconds    switched       rate            size/glue  tier1     binary        remaining
c           MB   reductions      conflicts          size   tier2      irredundant
c            level      restarts         redundant     glue    trail        variables
c
c - 1273.29 39 16 94 763 307153 2 14037787 95458 1.6 16 10 4 11 50% 19369 5007 1590 107%
c - 1275.53 39 16 94 764 308153 2 14065410 95768 1.6 16 10 4 11 50% 19369 5007 1590 107%
c u 1278.31 41 16 94 764 308906 2 14087445 111233 1.6 16 10 4 11 50% 19369 5007 1590 107%
c v 1279.56 43 16 94 764 308906 2 14087445 105518 1.6 16 10 4 11 50% 19369 5007 1590 107%
c w 1280.00 43 16 94 764 308906 2 14087445 104636 1.6 16 10 4 11 50% 19369 5007 1590 107%
c - 1280.45 39 16 94 765 309137 2 14093052 86794 1.6 16 10 4 11 50% 19369 5007 1590 107%
c - 1282.53 39 16 94 766 310238 2 14120710 89383 1.6 16 10 4 11 50% 19369 5007 1590 107%
c - 1284.60 39 16 94 767 311214 2 14148386 91818 1.6 16 10 4 11 50% 19369 5007 1590 107%
c - 1286.68 39 16 94 768 312268 2 14176082 92049 1.6 16 10 4 11 50% 19369 5007 1590 107%
c - 1288.79 39 16 94 769 313211 2 14203795 92318 1.6 16 10 4 11 50% 19369 5007 1590 107%
c - 1290.78 41 16 94 770 314044 2 14231525 92881 1.6 16 10 4 11 50% 19369 5007 1590 107%
c - 1292.82 39 16 94 771 315123 2 14259276 93115 1.6 16 10 4 11 50% 19369 5007 1590 107%
c - 1294.90 41 16 94 772 316204 2 14287042 93426 1.6 16 10 4 11 50% 19369 5007 1590 107%
c - 1297.05 37 16 94 773 317265 2 14314827 93848 1.6 16 10 4 11 50% 19369 5007 1590 107%
c - 1299.10 41 16 94 774 318112 2 14342629 93657 1.6 16 10 4 11 50% 19369 5007 1590 107%
c } 1301.08 39 16 95 774 318944 2 14369239 117506 1.7 16 10 4 11 50% 19369 5007 1590 107%
c [ 1301.08 39 31 95 774 318944 1 14369239 117506 1.8 27 15 5 15 50% 19369 5007 1590 107%
c B 1301.08 39 31 95 774 318944 1 14369239 117506 1.8 27 15 5 15 50% 19369 5007 1590 107%
c - 1301.19 39 31 95 775 318945 1 14370451 93719 1.7 27 15 5 15 50% 19369 5007 1590 107%
c - 1303.39 39 28 95 776 318958 1 14398289 93778 1.8 25 14 5 15 51% 19369 5007 1590 107%
c
c   seconds    switched       rate            size/glue  tier1     binary        remaining
c           MB   reductions      conflicts          size   tier2      irredundant
c            level      restarts         redundant     glue    trail        variables
c
c o 1303.75 37 28 95 776 318960 1 14403062 98299 1.8 25 14 5 15 51% 19369 5007 1590 107%
c - 1305.60 39 27 95 777 318972 1 14426146 90440 1.7 25 14 5 15 51% 19369 5007 1590 107%
c - 1307.81 39 25 95 778 318977 1 14454021 89590 1.8 24 14 5 15 51% 19369 5007 1590 107%
c - 1309.99 39 24 95 779 318989 1 14481915 90897 1.8 24 13 5 15 51% 19369 5007 1590 107%
c u 1311.63 41 24 95 779 318995 1 14491215 96757 1.8 25 14 5 15 51% 19369 5007 1590 107%
c v 1312.77 43 24 95 779 318995 1 14491215 88589 1.8 25 14 5 15 51% 19369 5007 1590 107%
c w 1313.18 43 24 95 779 318995 1 14491215 84473 1.8 25 14 5 15 51% 19369 5007 1590 107%
c - 1314.69 37 24 95 780 319004 1 14509826 80934 1.8 25 14 5 15 51% 19369 5007 1590 107%
c - 1317.00 37 24 95 781 319006 1 14537754 83595 1.9 26 14 5 15 51% 19369 5007 1590 107%
c - 1319.53 39 23 95 782 319006 1 14565702 86757 1.9 25 13 5 15 50% 19369 5007 1590 107%
c - 1322.13 39 22 95 783 319021 1 14593666 91554 1.9 25 13 5 15 50% 19369 5007 1590 107%
c - 1324.65 39 21 95 784 319035 1 14621649 94169 1.9 25 13 5 15 50% 19369 5007 1590 107%
c - 1327.29 39 20 95 785 319039 1 14649650 96548 1.9 24 12 5 15 50% 19369 5007 1590 107%
c - 1329.90 41 21 95 786 319052 1 14677667 94322 1.9 24 13 5 15 51% 19369 5007 1590 107%
c - 1332.35 39 20 95 787 319067 1 14705702 92560 1.9 24 12 5 15 51% 19369 5007 1590 107%
c - 1334.80 39 19 95 788 319069 1 14733756 95719 1.9 23 12 5 15 51% 19369 5007 1590 107%
c ] 1335.95 39 19 96 788 319069 1 14747242 108462 1.9 23 12 5 15 51% 19369 5007 1590 107%
c { 1335.95 39 16 96 788 319069 2 14747242 108462 1.7 16 10 4 11 50% 19369 5007 1590 107%
c - 1337.17 39 16 96 789 319618 2 14761827 95941 1.6 16 10 4 11 50% 19369 5007 1590 107%
c - 1339.51 39 16 96 790 320831 2 14789917 96202 1.6 16 10 4 11 50% 19369 5007 1590 107%
c
c   seconds    switched       rate            size/glue  tier1     binary        remaining
c           MB   reductions      conflicts          size   tier2      irredundant
c            level      restarts         redundant     glue    trail        variables
c
c - 1341.69 39 16 96 791 321751 2 14818023 96956 1.6 16 10 4 11 50% 19369 5007 1590 107%
c - 1343.82 39 16 96 792 322705 2 14846147 97026 1.6 16 10 4 11 50% 19369 5007 1590 107%
c - 1345.96 39 16 96 793 323780 2 14874290 97216 1.6 16 10 4 11 50% 19369 5007 1590 107%
c u 1349.05 41 16 96 793 324787 2 14901203 115008 1.6 16 10 4 11 50% 19369 5007 1590 107%
c v 1350.35 43 16 96 793 324787 2 14901203 108659 1.6 16 10 4 11 50% 19369 5007 1590 107%
c w 1350.79 43 16 96 793 324787 2 14901203 108088 1.6 16 10 4 11 50% 19369 5007 1590 107%
c - 1350.91 37 16 96 794 324802 2 14902451 87366 1.7 16 10 4 11 50% 19369 5007 1590 107%
c o 1350.96 37 16 96 794 324817 2 14903063 87957 1.7 16 10 4 11 50% 19369 5007 1590 107%
c - 1352.89 39 16 96 795 325658 2 14930630 89787 1.7 16 10 4 11 50% 19369 5007 1590 107%
c - 1354.93 39 16 96 796 326509 2 14958826 92331 1.7 16 10 4 11 50% 19369 5007 1590 107%
c - 1356.88 39 16 96 797 327073 2 14987039 92833 1.7 16 10 4 11 50% 19369 5007 1590 107%
c - 1358.95 39 16 96 798 328016 2 15015271 92901 1.7 16 10 4 11 50% 19369 5007 1590 107%
c - 1361.08 39 16 96 799 329359 2 15043519 93188 1.6 16 10 4 11 50% 19369 5007 1590 107%
c - 1363.24 41 16 96 800 330261 2 15071788 93395 1.6 16 10 4 11 50% 19369 5007 1590 107%
c - 1365.43 39 16 96 801 331323 2 15100073 93540 1.6 16 10 4 11 50% 19369 5007 1590 107%
c - 1367.51 39 16 96 802 332058 2 15128378 93875 1.7 16 10 4 11 50% 19369 5007 1590 107%
c - 1369.74 39 16 96 803 333382 2 15156698 94368 1.7 16 10 4 11 50% 19369 5007 1590 107%
c - 1371.95 39 16 96 804 334576 2 15185036 94579 1.6 16 10 4 11 50% 19369 5007 1590 107%
c } 1373.26 39 16 97 804 334982 2 15203505 110821 1.7 16 10 4 11 50% 19369 5007 1590 107%
c [ 1373.26 39 19 97 804 334982 1 15203505 110821 1.9 23 12 5 15 51% 19369 5007 1590 107%
c
c   seconds    switched       rate             size/glue  tier1     binary        remaining
c           MB   reductions      conflicts           size   tier2      irredundant
c            level      restarts         redundant      glue    trail        variables
c
c W 1378.43 31 19 97 804 334982 1 15203505 110821 1.9 23 12 5 15 51% 19369 5007 1590 107%
c - 1379.14 31 19 97 805 334988 1 15213390 94807 1.9 23 12 5 15 51% 19369 5007 1590 107%
c - 1381.26 31 18 97 806 335001 1 15241762 95304 1.9 22 12 5 15 51% 19369 5007 1590 107%
c - 1383.55 31 18 97 807 335012 1 15270152 94841 1.9 22 12 5 15 51% 19369 5007 1590 107%
c - 1386.18 39 18 97 808 335020 1 15298560 92281 1.9 22 12 5 14 51% 19369 5007 1590 107%
c u 1388.56 43 18 97 808 335027 1 15317439 106256 1.9 22 12 5 14 51% 19369 5007 1590 107%
c v 1389.72 45 18 97 808 335027 1 15317439 91068 1.9 22 12 5 14 51% 19369 5007 1590 107%
c w 1390.14 45 18 97 808 335027 1 15317439 79749 1.9 22 12 5 14 51% 19369 5007 1590 107%
c - 1390.88 37 18 97 809 335034 1 15326985 69677 1.9 22 12 5 14 51% 19369 5007 1590 107%
c - 1393.13 39 18 97 810 335043 1 15355427 82326 1.8 21 12 5 14 51% 19369 5007 1590 107%
c - 1395.34 39 20 97 811 335044 1 15383887 86828 1.8 22 12 5 14 51% 19369 5007 1590 107%
c - 1397.85 39 21 97 812 335051 1 15412365 82601 1.9 23 13 5 14 52% 19369 5007 1590 107%
c o 1400.15 39 21 97 812 335064 1 15438230 106928 1.9 23 13 5 14 51% 19369 5007 1590 107%
c - 1400.42 39 22 97 813 335065 1 15440861 83018 1.8 24 13 5 14 51% 19369 5007 1590 107%
c - 1402.95 39 22 97 814 335075 1 15469374 84244 1.9 24 13 5 14 51% 19369 5007 1590 107%
c - 1405.64 39 21 97 815 335085 1 15497904 86694 1.9 24 13 5 14 51% 19369 5007 1590 107%
c - 1408.29 39 20 97 816 335097 1 15526452 91636 1.9 23 12 5 14 51% 19369 5007 1590 107%
c - 1410.94 39 21 97 817 335106 1 15555017 91085 1.9 24 12 5 14 51% 19369 5007 1590 107%
c - 1413.36 39 22 97 818 335107 1 15583601 89005 2.0 25 13 5 14 51% 19369 5007 1590 107%
c ] 1414.23 39 22 98 818 335107 1 15593353 98011 2.0 25 13 5 14 51% 19369 5007 1590 107%
c
c   seconds    switched       rate            size/glue  tier1     binary        remaining
c           MB   reductions      conflicts          size   tier2      irredundant
c            level      restarts         redundant     glue    trail        variables
c
c { 1414.23 39 16 98 818 335107 2 15593353 98011 1.7 16 10 4 11 50% 19369 5007 1590 107%
c - 1415.68 39 15 98 819 335133 2 15612202 87909 1.7 16 9 4 11 50% 19369 5007 1590 107%
c - 1417.75 37 14 98 820 335184 2 15640820 90466 1.6 15 9 4 11 50% 19369 5007 1590 107%
c - 1419.71 39 13 98 821 335210 2 15669455 91465 1.6 14 9 4 11 50% 19369 5007 1590 107%
c - 1421.71 39 12 98 822 335336 1 15698109 92456 1.6 14 9 4 11 50% 19369 5007 1590 107%
c - 1423.67 39 12 98 823 335507 1 15726781 93340 1.6 14 9 4 11 50% 19369 5007 1590 107%
c u 1425.56 39 11 98 823 335538 1 15739918 98483 1.6 14 9 4 11 50% 19369 5007 1590 107%
c v 1426.77 43 11 98 823 335538 1 15739918 87701 1.6 14 9 4 11 50% 19369 5007 1590 107%
c w 1426.98 43 11 98 823 335538 1 15739918 87402 1.6 14 9 4 11 50% 19369 5007 1590 107%
c - 1428.08 39 11 98 824 335757 1 15755469 79962 1.6 14 9 4 11 50% 19369 5007 1590 107%
c - 1429.94 39 11 98 825 335973 1 15784174 83775 1.6 13 8 4 11 50% 19369 5007 1590 107%
c - 1431.90 39 11 98 826 336363 1 15812896 87208 1.6 13 8 4 11 50% 19369 5007 1590 107%
c - 1433.99 39 11 98 827 337222 1 15841638 89473 1.6 13 8 4 11 50% 19369 5007 1590 107%
c - 1436.09 39 10 98 828 337840 1 15870395 90581 1.6 13 8 4 11 50% 19369 5007 1590 107%
c - 1438.19 39 10 98 829 338442 1 15899170 90939 1.6 13 8 4 11 50% 19369 5007 1590 107%
c - 1440.44 39 10 98 830 339286 1 15927962 91485 1.6 13 8 4 11 50% 19369 5007 1590 107%
c - 1442.58 39 10 98 831 340016 1 15956771 91776 1.5 13 8 4 11 50% 19369 5007 1590 107%
c o 1442.71 37 10 98 831 340071 1 15958434 93091 1.5 13 8 4 11 50% 19369 5007 1590 107%
c - 1444.78 39 10 98 832 340686 1 15985599 92184 1.5 13 8 4 11 50% 19369 5007 1590 107%
c - 1447.03 39 10 98 833 341542 1 16014444 92574 1.5 13 8 4 11 50% 19369 5007 1590 107%
c
c   seconds    switched       rate            size/glue tier1     binary        remaining
c           MB   reductions      conflicts          size  tier2      irredundant
c            level      restarts         redundant    glue    trail        variables
c
c - 1449.33 39 10 98 834 342690 1 16043306 93184 1.5 13 8 4 11 50% 19369 5007 1590 107%
c } 1451.07 39 10 99 834 343173 1 16067187 111864 1.5 13 8 4 11 50% 19369 5007 1590 107%
c [ 1451.07 39 22 99 834 343173 1 16067187 111864 2.0 25 13 5 14 51% 19369 5007 1590 107%
c I 1451.07 39 22 99 834 343173 1 16067187 111864 2.0 25 13 5 14 51% 19369 5007 1590 107%
c - 1451.45 39 23 99 835 343176 1 16072185 91952 1.9 26 13 5 14 51% 19369 5007 1590 107%
c - 1453.70 39 24 99 836 343189 1 16101082 87907 2.1 28 14 5 14 52% 19369 5007 1590 107%
c - 1456.07 39 24 99 837 343202 1 16129995 86351 2.1 29 14 5 14 52% 19369 5007 1590 107%
c - 1458.64 39 24 99 838 343210 1 16158925 89386 2.2 29 13 5 14 52% 19369 5007 1590 107%
c u 1460.49 41 24 99 838 343216 1 16168670 96091 2.2 29 13 5 14 52% 19369 5007 1590 107%
c v 1461.84 43 24 99 838 343216 1 16168670 95730 2.2 29 13 5 14 52% 19369 5007 1590 107%
c w 1462.33 43 24 99 838 343216 1 16168670 94458 2.2 29 13 5 14 52% 19369 5007 1590 107%
c - 1464.10 39 24 99 839 343223 1 16187874 86315 2.2 30 13 5 14 52% 19369 5007 1590 107%
c - 1466.90 39 24 99 840 343234 1 16216839 84536 2.1 30 14 5 15 52% 19369 5007 1590 107%
c - 1469.58 39 24 99 841 343235 1 16245823 84590 2.1 29 14 5 15 52% 19369 5007 1590 107%
c - 1472.14 39 24 99 842 343242 1 16274825 83867 2.0 29 14 5 15 52% 19369 5007 1590 107%
c - 1474.85 39 23 99 843 343256 1 16303842 85218 2.0 29 14 5 15 52% 19369 5007 1590 107%
c - 1477.45 39 23 99 844 343266 1 16332876 92146 2.0 28 14 5 15 52% 19369 5007 1590 107%
c - 1480.14 39 22 99 845 343276 1 16361927 96333 2.0 27 13 5 15 52% 19369 5007 1590 107%
c - 1482.91 37 21 99 846 343288 1 16390999 97767 2.0 27 13 5 15 51% 19369 5007 1590 107%
c - 1485.95 39 22 99 847 343297 1 16420085 97501 2.0 26 13 5 15 51% 19369 5007 1590 107%
c
c   seconds    switched       rate            size/glue  tier1     binary        remaining
c           MB   reductions      conflicts          size   tier2      irredundant
c            level      restarts         redundant     glue    trail        variables
c
c - 1489.18 39 21 99 848 343298 1 16449188 98992 2.0 26 13 5 15 51% 19369 5007 1590 107%
c ] 1489.70 39 21 100 848 343298 1 16454575 104027 2.0 26 13 5 15 51% 19369 5007 1590 107%
c { 1489.70 39 10 100 848 343298 1 16454575 104027 1.5 13 8 4 11 50% 19369 5007 1590 107%
c - 1492.60 39 12 100 849 347305 2 16478311 101398 1.5 14 9 4 11 50% 19369 5007 1590 107%
c o 1493.74 39 13 100 849 348759 2 16489286 111540 1.5 14 9 4 11 50% 19369 5007 1590 107%
c - 1495.45 41 14 100 850 350292 2 16507449 101958 1.5 14 9 4 11 50% 19369 5007 1590 107%
c - 1498.01 39 15 100 851 352276 2 16536606 101831 1.5 15 10 4 11 50% 19369 5007 1590 107%
c - 1500.27 41 15 100 852 353324 2 16565777 101643 1.6 15 10 4 11 50% 19369 5007 1590 107%
c - 1502.74 37 15 100 853 354766 2 16594966 101919 1.6 15 10 4 11 50% 19369 5007 1590 107%
c u 1504.73 41 15 100 853 355192 2 16603694 104446 1.6 15 10 4 11 50% 19369 5007 1590 107%
c v 1506.27 41 15 100 853 355192 2 16603694 94331 1.6 15 10 4 11 50% 19369 5007 1590 107%
c w 1506.79 41 15 100 853 355192 2 16603694 93239 1.6 15 10 4 11 50% 19369 5007 1590 107%
c - 1508.41 39 16 100 854 356105 2 16624172 91667 1.6 15 10 4 11 50% 19369 5007 1590 107%
c - 1510.70 39 16 100 855 357235 2 16653395 95657 1.6 16 10 4 11 50% 19369 5007 1590 107%
c - 1513.01 39 16 100 856 358379 2 16682637 97742 1.6 16 10 4 11 50% 19369 5007 1590 107%
c - 1515.34 39 16 100 857 359457 2 16711896 98486 1.6 16 10 4 11 50% 19369 5007 1590 107%
c - 1517.70 39 16 100 858 360372 2 16741171 98743 1.6 16 10 4 11 50% 19369 5007 1590 107%
c - 1520.03 39 16 100 859 361383 2 16770462 98844 1.7 16 10 4 11 50% 19369 5007 1590 107%
c - 1522.40 39 16 100 860 362711 2 16799771 99094 1.6 16 10 4 11 50% 19369 5007 1590 107%
c - 1524.75 39 16 100 861 363794 2 16829097 99378 1.7 16 10 4 11 50% 19369 5007 1590 107%
c
c   seconds    switched        rate            size/glue  tier1     binary        remaining
c           MB    reductions      conflicts          size   tier2      irredundant
c            level       restarts         redundant     glue    trail        variables
c
c - 1527.04 39 16 100 862 364859 2 16858439 99519 1.6 16 10 4 11 50% 19369 5007 1590 107%
c - 1529.30 41 16 100 863 365655 2 16887798 99332 1.6 16 10 4 11 50% 19369 5007 1590 107%
c - 1531.53 39 16 100 864 366526 2 16917174 99548 1.7 16 10 4 11 50% 19369 5007 1590 107%
c } 1533.81 41 16 101 864 367675 2 16946273 125387 1.6 16 10 4 11 50% 19369 5007 1590 107%
c [ 1533.81 41 21 101 864 367675 1 16946273 125387 2.0 26 13 5 15 51% 19369 5007 1590 107%
c B 1533.81 41 21 101 864 367675 1 16946273 125387 2.0 26 13 5 15 51% 19369 5007 1590 107%
c - 1533.85 41 21 101 865 367675 1 16946567 99989 2.0 26 13 5 15 51% 19369 5007 1590 107%
c - 1536.10 41 21 101 866 367689 1 16975978 97772 2.0 25 13 5 15 50% 19369 5007 1590 107%
c - 1538.57 41 21 101 867 367704 1 17005406 94621 2.0 25 13 5 15 51% 19369 5007 1590 107%
c - 1541.22 39 21 101 868 367711 1 17034851 94152 1.9 25 13 5 15 51% 19369 5007 1590 107%
c u 1543.26 43 21 101 868 367716 1 17045017 100641 1.9 25 13 5 15 50% 19369 5007 1590 107%
c v 1544.67 45 21 101 868 367716 1 17045017 98101 1.9 25 13 5 15 50% 19369 5007 1590 107%
c w 1545.18 45 21 101 868 367716 1 17045017 92233 1.9 25 13 5 15 50% 19369 5007 1590 107%
c o 1545.20 45 21 101 868 367716 1 17045017 92233 1.9 25 13 5 15 50% 19369 5007 1590 107%
c - 1546.65 39 22 101 869 367723 1 17064312 85585 1.9 25 13 5 15 51% 19369 5007 1590 107%
c - 1549.23 39 22 101 870 367735 1 17093790 87339 1.9 25 13 5 15 51% 19369 5007 1590 107%
c - 1551.80 39 23 101 871 367737 1 17123286 87342 1.9 26 14 5 15 51% 19369 5007 1590 107%
c - 1554.46 39 26 101 872 367744 1 17152801 85858 2.0 28 14 5 15 51% 19369 5007 1590 107%
c - 1557.37 39 25 101 873 367758 1 17182331 84026 2.0 29 14 5 15 51% 19369 5007 1590 107%
c - 1560.57 39 26 101 874 367768 1 17211877 84048 2.0 30 15 5 15 52% 19369 5007 1590 107%
c
c   seconds    switched        rate            size/glue  tier1     binary        remaining
c           MB    reductions      conflicts          size   tier2      irredundant
c            level       restarts         redundant     glue    trail        variables
c
c - 1563.70 37 26 101 875 367778 1 17241440 82680 2.0 30 15 5 15 52% 19369 5007 1590 107%
c - 1566.83 39 26 101 876 367791 1 17271022 84631 2.0 30 15 5 15 52% 19369 5007 1590 107%
c - 1570.06 39 25 101 877 367799 1 17300621 86926 2.0 29 15 5 15 52% 19369 5007 1590 107%
c - 1573.15 37 25 101 878 367800 1 17330236 86353 1.9 29 15 5 15 52% 19369 5007 1590 107%
c - 1576.09 39 24 101 879 367801 1 17359868 88234 1.9 28 15 5 15 51% 19369 5007 1590 107%
c W 1582.49 31 24 101 879 367801 1 17360315 88649 1.9 28 15 5 15 51% 19369 5007 1590 107%
c ] 1582.61 31 24 102 879 367801 1 17361981 90285 1.9 28 15 5 15 52% 19369 5007 1590 107%
c { 1582.61 31 16 102 879 367801 2 17361981 90285 1.6 16 10 4 11 50% 19369 5007 1590 107%
c - 1587.25 41 23 102 880 372559 4 17389515 87511 1.7 20 12 4 11 50% 19369 5007 1590 107%
c - 1592.82 39 30 102 881 377678 5 17419179 79485 1.8 24 13 4 11 50% 19369 5007 1590 107%
c - 1598.42 39 34 102 882 382210 6 17448861 78031 1.8 26 15 4 11 50% 19369 5007 1590 107%
c - 1603.70 39 37 102 883 385928 6 17478559 79218 1.8 28 15 4 11 50% 19369 5007 1590 107%
c u 1607.14 39 37 102 883 386924 6 17492640 90316 1.9 29 15 4 11 50% 19369 5007 1590 107%
c v 1608.94 41 37 102 883 386924 6 17492640 88882 1.9 29 15 4 11 50% 19369 5007 1590 107%
c w 1609.66 41 37 102 883 386924 6 17492640 88738 1.9 29 15 4 11 50% 19369 5007 1590 107%
c - 1612.23 39 38 102 884 388454 6 17508274 77938 1.9 30 16 4 11 50% 19369 5007 1590 107%
c - 1616.25 35 39 102 885 390398 5 17538006 80613 1.9 31 16 4 11 50% 19369 5007 1590 107%
c - 1620.36 39 39 102 886 392387 5 17567754 81925 2.0 31 16 4 11 50% 19369 5007 1590 107%
c o 1623.95 39 39 102 886 393790 5 17595561 109148 2.0 32 16 4 11 50% 19369 5007 1590 107%
c - 1624.20 39 39 102 887 393834 5 17597521 82957 2.0 32 16 4 11 50% 19369 5007 1590 107%
c
c   seconds    switched        rate            size/glue  tier1     binary        remaining
c           MB    reductions      conflicts          size   tier2      irredundant
c            level       restarts         redundant     glue    trail        variables
c
c - 1628.44 39 40 102 888 395834 5 17627305 82650 2.0 33 16 4 11 50% 19369 5007 1590 107%
c - 1632.23 39 40 102 889 397167 4 17657105 82623 2.0 33 16 4 11 50% 19369 5007 1590 107%
c - 1636.34 37 40 102 890 398938 4 17686921 82822 2.0 33 16 4 11 50% 19369 5007 1590 107%
c - 1640.48 39 40 102 891 400566 4 17716753 82204 2.0 34 17 4 11 50% 19369 5007 1590 107%
c - 1644.57 39 40 102 892 402044 4 17746602 82270 2.0 34 17 4 11 50% 19369 5007 1590 107%
c - 1648.61 39 40 102 893 403530 4 17776469 82134 2.0 34 17 4 11 51% 19369 5007 1590 107%
c - 1652.48 39 40 102 894 404731 4 17806352 82572 2.0 34 17 4 11 51% 19369 5007 1590 107%
c - 1656.44 39 39 102 895 406036 4 17836251 83622 2.1 34 17 4 11 51% 19369 5007 1590 107%
c - 1660.47 39 39 102 896 407362 4 17866167 83733 2.1 34 17 4 11 51% 19369 5007 1590 107%
c } 1661.26 39 39 103 896 407755 4 17871834 89306 2.0 34 17 4 11 51% 19369 5007 1590 107%
c [ 1661.26 39 24 103 896 407755 1 17871834 89306 1.9 28 15 5 15 52% 19369 5007 1590 107%
c O 1661.26 39 24 103 896 407755 1 17871834 89306 1.9 28 15 5 15 52% 19369 5007 1590 107%
c - 1663.56 39 23 103 897 407768 1 17896101 89618 1.9 27 14 5 15 51% 19369 5007 1590 107%
c - 1666.67 39 21 103 898 407783 1 17926050 98831 1.9 26 13 5 15 51% 19369 5007 1590 107%
c u 1670.45 43 20 103 898 407785 1 17946587 111559 1.9 25 13 5 15 51% 19369 5007 1590 107%
c v 1672.73 47 20 103 898 407785 1 17946587 92039 1.9 25 13 5 15 51% 19369 5007 1590 107%
c w 1673.49 47 20 103 898 407785 1 17946587 76764 1.9 25 13 5 15 51% 19369 5007 1590 107%
c - 1674.37 39 21 103 899 407788 1 17956016 72014 1.9 25 13 5 15 51% 19369 5007 1590 107%
c - 1677.21 39 22 103 900 407800 1 17985999 83168 2.0 26 13 5 15 51% 19369 5007 1590 107%
c - 1680.16 39 21 103 901 407815 1 18016000 90882 2.0 26 13 5 15 51% 19369 5007 1590 107%
c
c   seconds    switched        rate            size/glue  tier1     binary        remaining
c           MB    reductions      conflicts          size   tier2      irredundant
c            level       restarts         redundant     glue    trail        variables
c
c - 1683.64 39 21 103 902 407817 1 18046018 95658 2.0 26 13 5 15 51% 19369 5007 1590 107%
c - 1687.07 39 21 103 903 407823 1 18076051 95212 2.0 26 13 5 15 51% 19369 5007 1590 107%
c - 1690.50 41 21 103 904 407836 1 18106103 96792 2.0 26 13 5 15 51% 19369 5007 1590 107%
c - 1694.00 39 20 103 905 407848 1 18136169 101278 2.1 26 13 5 15 51% 19369 5007 1590 107%
c - 1697.45 39 20 103 906 407858 1 18166253 104051 2.1 25 12 5 15 51% 19369 5007 1590 107%
c - 1700.76 39 19 103 907 407871 1 18196353 104033 2.0 24 12 5 15 50% 19369 5007 1590 107%
c - 1703.95 41 18 103 908 407879 1 18226471 105920 2.0 24 12 5 15 51% 19369 5007 1590 107%
c o 1704.55 39 18 103 908 407880 1 18232640 111519 2.0 23 11 5 15 51% 19370 5007 1590 107%
c - 1706.62 43 29 103 909 407880 1 18256604 97702 1.8 26 14 5 15 50% 19370 5007 1590 107%
c - 1709.32 39 37 103 910 407881 1 18286757 82836 1.7 27 16 5 15 50% 19370 5007 1590 107%
c B 1711.19 39 41 103 910 407881 1 18306939 102613 1.7 29 17 5 15 50% 19370 5007 1590 107%
c - 1712.05 41 44 103 911 407881 1 18316924 78567 1.7 30 18 5 15 50% 19370 5007 1590 107%
c - 1714.77 41 46 103 912 407891 1 18347107 81747 1.7 31 18 5 15 51% 19370 5007 1590 107%
c - 1717.67 41 39 103 913 407905 1 18377306 90335 1.8 30 17 5 15 51% 19370 5007 1590 107%
c u 1722.02 45 36 103 913 407912 1 18406861 113400 1.8 29 16 5 15 51% 19370 5007 1590 107%
c v 1724.05 47 36 103 913 407912 1 18406861 111136 1.8 29 16 5 15 51% 19370 5007 1590 107%
c w 1724.76 49 36 103 913 407912 1 18406861 109471 1.8 29 16 5 15 51% 19370 5007 1590 107%
c - 1727.77 41 36 103 914 407912 1 18407522 88882 1.8 29 16 5 15 51% 19370 5007 1590 107%
c - 1731.15 43 33 103 915 407927 1 18437754 91008 1.9 29 15 5 15 51% 19370 5007 1590 107%
c - 1734.46 41 30 103 916 407941 1 18468002 92613 1.9 28 15 5 15 51% 19370 5007 1590 107%
c
c   seconds    switched        rate            size/glue  tier1     binary        remaining
c           MB    reductions      conflicts          size   tier2      irredundant
c            level       restarts         redundant     glue    trail        variables
c
c - 1737.77 41 28 103 917 407944 1 18498267 93855 1.9 27 15 5 15 50% 19370 5007 1590 107%
c - 1740.86 43 26 103 918 407945 1 18528549 96510 1.9 26 14 5 15 50% 19370 5007 1590 107%
c - 1744.00 43 24 103 919 407959 1 18558850 100026 1.9 26 13 5 15 50% 19370 5007 1590 107%
c ] 1746.42 41 24 104 919 407973 1 18582771 122670 1.9 26 13 5 15 50% 19370 5007 1590 107%
c { 1746.42 41 39 104 919 407973 4 18582771 122670 2.0 34 17 4 11 51% 19370 5007 1590 107%
c - 1747.06 43 38 104 920 407974 3 18589165 99081 2.0 34 17 4 11 51% 19370 5007 1590 107%
c - 1749.68 41 33 104 921 407986 3 18619496 100948 2.0 30 15 4 11 50% 19370 5007 1590 107%
c - 1752.42 43 28 104 922 407986 2 18649843 105383 2.0 28 14 4 11 50% 19370 5007 1590 107%
c - 1754.75 43 25 104 923 408022 2 18680208 105892 2.0 25 13 4 11 50% 19370 5007 1590 107%
c - 1757.24 41 22 104 924 408042 2 18710588 105771 2.0 24 12 4 11 50% 19370 5007 1590 107%
c - 1759.58 41 20 104 925 408138 2 18740985 105795 1.9 22 12 4 11 50% 19370 5007 1590 107%
c - 1761.95 43 19 104 926 408241 2 18771399 105018 1.9 21 11 4 11 50% 19370 5007 1590 107%
c - 1764.28 43 18 104 927 408494 2 18801830 104647 1.8 20 11 4 11 50% 19370 5007 1590 107%
c o 1764.65 41 18 104 927 408548 2 18806679 108861 1.8 19 11 4 11 50% 19370 5007 1590 107%
c - 1766.65 41 17 104 928 408816 2 18832276 105193 1.8 19 10 4 11 50% 19370 5007 1590 107%
c - 1769.05 43 17 104 929 409424 2 18862740 105853 1.8 18 10 4 11 50% 19370 5007 1590 107%
c u 1770.69 43 16 104 929 409559 2 18873484 111456 1.8 18 10 4 11 50% 19370 5007 1590 107%
c v 1771.73 45 16 104 929 409559 2 18873484 105476 1.8 18 10 4 11 50% 19370 5007 1590 107%
c w 1772.09 45 16 104 929 409559 2 18873484 103741 1.8 18 10 4 11 50% 19370 5007 1590 107%
c - 1773.67 43 16 104 930 410034 2 18893219 98006 1.8 18 10 4 11 50% 19370 5007 1590 107%
c
c   seconds    switched        rate            size/glue  tier1     binary        remaining
c           MB    reductions      conflicts          size   tier2      irredundant
c            level       restarts         redundant     glue    trail        variables
c
c - 1776.01 41 16 104 931 410647 2 18923714 99757 1.7 17 10 4 11 50% 19370 5007 1590 107%
c - 1778.49 43 16 104 932 411461 2 18954226 103040 1.7 17 10 4 11 50% 19370 5007 1590 107%
c - 1780.93 43 16 104 933 412135 2 18984755 103863 1.7 17 10 4 11 50% 19370 5007 1590 107%
c - 1783.43 43 16 104 934 413164 2 19015301 103918 1.7 17 10 4 11 50% 19370 5007 1590 107%
c - 1785.94 43 16 104 935 414295 2 19045862 104412 1.7 16 10 4 11 50% 19370 5007 1590 107%
c - 1788.45 43 16 104 936 415366 2 19076439 105525 1.7 16 10 4 11 50% 19370 5007 1590 107%
c - 1790.95 43 16 104 937 416365 2 19107034 106360 1.7 16 10 4 11 50% 19370 5007 1590 107%
c } 1791.29 41 16 105 937 416526 2 19111066 110003 1.7 16 10 4 11 50% 19370 5007 1590 107%
c [ 1791.29 41 24 105 937 416526 1 19111066 110003 1.9 26 13 5 15 50% 19370 5007 1590 107%
c W 1791.72 33 24 105 937 416526 1 19111066 110003 1.9 26 13 5 15 50% 19370 5007 1590 107%
c - 1793.69 43 23 105 938 416540 1 19137644 102981 1.9 26 14 5 15 51% 19370 5007 1590 107%
c - 1796.22 43 23 105 939 416554 1 19168270 95163 1.9 26 14 5 15 51% 19370 5007 1590 107%
c - 1799.14 43 23 105 940 416561 1 19198914 95413 1.9 25 14 5 15 52% 19370 5007 1590 107%
c caught signal 15 (SIGTERM)
c
c ---- [ profiling ] ---------------------------------------------------------
c
c        1616.63   89.83 %  search
c         833.77   46.33 %  focused
c         782.86   43.50 %  stable
c         183.03   10.17 %  simplify
c         150.48    8.36 %  probe
c         128.77    7.15 %  vivify
c          32.49    1.81 %  walking
c          19.52    1.08 %  sweep
c          15.23    0.85 %  reduce
c           1.38    0.08 %  substitute
c           0.55    0.03 %  transitive
c           0.13    0.01 %  eliminate
c           0.11    0.01 %  backbone
c           0.11    0.01 %  factor
c           0.08    0.00 %  preprocess
c           0.04    0.00 %  congruence
c           0.01    0.00 %  subsume
c           0.01    0.00 %  fastel
c           0.00    0.00 %  parse
c           0.00    0.00 %  lucky
c =============================================
c        1799.74  100.00 %  total
c
c ---- [ statistics ] --------------------------------------------------------
c
c chronological:                           13                0 %  conflicts
c conflicts:                         19205289            10671.12 per second
c decisions:                         36198218                1.88 per conflict
c eliminated:                            3250              218 %  variables
c factored:                              3364              226 %  variables
c fast_eliminated:                       1257               39 %  eliminated
c fast_strengthened:                        2                0 %  per strengthened
c propagations:                    4356736344          2420753    per second
c reductions:                             940            20431    interval
c reordered:                               58           331126    interval
c rephased:                                68           282431    interval
c restarts:                            416563               46    interval
c strengthened:                           504                0 %  checks
c switched:                               105           182908    interval
c vivified:                           1065839               54 %  checks
c walks:                                   23           835013    interval
c
c ---- [ proof ] -------------------------------------------------------------
c
c proof_added:                       19564314               50 %  per line
c proof_bytes:                     1744830464             1664 MB 
c proof_deleted:                     19475750               50 %  per line
c
c ---- [ glue usage ] --------------------------------------------------------
c
c focused glue 4   used 1297319 clauses  4.88% accumulated 53.43% tier1
c focused glue 5   used 1092625 clauses  4.11% accumulated 57.54%
c focused glue 6-9 used 6835843 clauses 25.73% accumulated 83.27%
c focused glue 10  used 1414817 clauses  5.33% accumulated 88.60%
c focused glue 11  used  954230 clauses  3.59% accumulated 92.19% tier2
c
c stable glue 5    used  2520217 clauses  6.84% accumulated 53.31% tier1
c stable glue 6    used  2082283 clauses  5.65% accumulated 58.96%
c stable glue 7-13 used 10530839 clauses 28.56% accumulated 87.52%
c stable glue 14   used   866419 clauses  2.35% accumulated 89.87%
c stable glue 15   used   716045 clauses  1.94% accumulated 91.81% tier2
c
c ---- [ resources ] ---------------------------------------------------------
c
c maximum-resident-set-size:         51568640 bytes         49 MB
c process-time:                            30m            1799.74 seconds
c raising signal 15 (SIGTERM)
