c ---- [ banner ] ------------------------------------------------------------
c
c Kissat SAT Solver
c 
c Copyright (c) 2021-2024 Armin Biere University of Freiburg
c Copyright (c) 2019-2021 Armin Biere Johannes Kepler University Linz
c 
c Version 4.0.0 unknown
c gcc (Ubuntu 13.3.0-6ubuntu2~24.04.1) 13.3.0 -W -Wall -O3 -DNDEBUG
c Mon Aug 3 21:56:23 UTC 2026 Linux runnervmvrwv9 6.17.0-1020-azure x86_64
c
c ---- [ proving ] -----------------------------------------------------------
c
c opened and writing proof to DRAT file:
c
c   borsuk_11_k6_q00r00_sixth_base_colorability_screen/work/results/q00r00-s029/q00r00-s029.drat
c
c ---- [ parsing ] -----------------------------------------------------------
c
c opened and reading DIMACS file:
c
c   borsuk_11_k6_q00r00_sixth_base_colorability_screen/work/input/instances/cases/q00r00-s029/q00r00-s029_12color.cnf
c
c parsed 'p cnf 1847 61394' header
c closing input after reading 795795 bytes (777 KB)
c finished parsing after 0.01 seconds
c
c ---- [ solving ] -----------------------------------------------------------
c
c  seconds switched rate     size/glue tier1  binary       remaining
c         MB reductions conflicts size  tier2    irredundant
c          level restarts redundant glue  trail       variables
c
c *  0.01  4 0 0 0  0 0   0   0 0.0 0 0 0 0 0% 61113 270 1836 99%
c (  0.01  4 0 0 0  0 0   0   0 0.0 0 0 0 0 0% 61113 270 1836 99%
c .  0.01  4 0 0 0  0 0   0   0 0.0 0 0 0 0 0% 61113 270 1836 99%
c f  0.10  7 0 0 0  0 0   0   0 0.0 0 0 0 0 0% 27240 270 5534 300%
c e  0.11  6 0 0 0  0 0   0   0 0.0 0 0 0 0 0% 28130 1136 3790 205%
c )  0.11  6 0 0 0  0 0   0   0 0.0 0 0 0 0 0% 28130 1136 3790 205%
c {  0.11  6 0 0 0  0 0   0   0 0.0 0 0 2 6 0% 28130 1136 3790 205%
c -  0.14  7 18 0 1 54 3 1000 685 1.6 16 10 9 12 37% 28130 1136 3790 205%
c }  0.14  7 18 1 1 54 3 1000 685 1.6 16 10 9 12 37% 28130 1136 3790 205%
c [  0.14  7 0 1 1 54 0 1000 685 0.0 0 0 2 6 0% 28130 1136 3790 205%
c B  0.14  7 24 1 1 54 10 1001 686 1.2 13 11 2 6 33% 28130 1136 3790 205%
c -  0.16  7 20 1 2 54 1 2000 1562 1.6 16 10 9 12 36% 28130 1136 3790 205%
c W  0.17  7 20 1 2 54 1 2003 1565 1.6 16 10 9 12 36% 28130 1136 3790 205%
c ]  0.17  7 20 2 2 55 1 2088 1646 1.5 16 10 9 12 36% 28130 1136 3790 205%
c {  0.17  7 18 2 2 55 3 2088 1646 1.6 16 10 9 12 37% 28130 1136 3790 205%
c u  0.19  7 17 2 2 56 3 2630 2134 1.6 16 10 9 12 37% 28130 1136 3790 205%
c v  0.20  7 17 2 2 56 3 2630 2030 1.6 16 10 9 12 37% 28130 1136 3790 205%
c w  0.20  7 17 2 2 56 3 2630 1991 1.6 16 10 9 12 37% 28130 1136 3790 205%
c f  0.22  7 17 2 2 56 3 2630 1991 1.6 16 10 9 12 37% 25926 1136 5295 287%
c u  0.23  8 17 2 2 56 3 2630 1955 1.6 16 10 9 12 37% 25926 1136 5295 287%
c
c  seconds  switched rate       size/glue  tier1     binary        remaining
c         MB reductions conflicts     size   tier2      irredundant
c          level restarts  redundant     glue    trail        variables
c
c v  0.24  8 17 2 2 56 3 2630 1932 1.6 16 10 9 12 37% 25926 1136 5295 287%
c w  0.24  8 17 2 2 56 3 2630 1928 1.6 16 10 9 12 37% 25926 1136 5295 287%
c }  0.29  8 16 3 2 58 2 3089 2329 1.6 16 10 9 12 35% 25926 1136 5295 287%
c [  0.29  8 20 3 2 58 1 3089 2329 1.5 16 10 9 12 36% 25926 1136 5295 287%
c -  0.30  8 19 3 3 58 1 3414 2462 1.6 16 10 9 13 34% 25926 1136 5295 287%
c ]  0.32  8 17 4 3 58 1 3972 2959 1.6 16 10 9 13 33% 25926 1136 5295 287%
c {  0.32  8 16 4 3 58 2 3972 2959 1.6 16 10 9 12 35% 25926 1136 5295 287%
c -  0.36  8 18 4 4 214 3 5146 3766 1.6 16 10 9 12 33% 25926 1136 5295 287%
c }  0.40  8 21 5 4 361 4 6325 4904 1.6 17 10 9 12 32% 25926 1136 5295 287%
c [  0.40  8 17 5 4 361 1 6325 4904 1.6 16 10 9 13 33% 25926 1136 5295 287%
c I  0.40  8 17 5 4 361 1 6325 4904 1.6 16 10 9 13 33% 25926 1136 5295 287%
c -  0.43  8 29 5 5 361 1 7148 5133 1.7 20 12 9 17 32% 25926 1136 5295 287%
c u  0.47  9 28 5 5 362 1 8132 6017 1.7 20 12 9 17 31% 25926 1136 5295 287%
c v  0.47  9 28 5 5 362 1 8132 6007 1.7 20 12 9 17 31% 25926 1136 5295 287%
c w  0.48  9 28 5 5 362 1 8132 5935 1.7 20 12 9 17 31% 25926 1136 5295 287%
c ]  0.51  9 26 6 5 363 1 8964 6705 1.7 20 12 9 17 31% 25926 1136 5295 287%
c {  0.51  9 21 6 5 363 4 8964 6705 1.6 17 10 9 12 32% 25926 1136 5295 287%
c -  0.53  9 23 6 6 372 4 9384 6486 1.7 17 10 9 12 32% 25926 1136 5295 287%
c o  0.57  9 26 6 6 413 4 10354 7439 1.7 18 10 9 12 32% 25926 1136 5295 287%
c -  0.62  9 30 6 7 530 5 11833 8002 1.7 17 10 9 12 31% 25926 1136 5295 287%
c
c  seconds  switched  rate        size/glue  tier1     binary        remaining
c         MB reductions conflicts       size   tier2      irredundant
c          level restarts    redundant     glue    trail        variables
c
c }  0.67 10 32 7 7 625 5 13035 9118 1.8 18 10 9 12 31% 25926 1136 5295 287%
c [  0.67 10 26 7 7 625 1 13035 9118 1.7 20 12 9 17 31% 25926 1136 5295 287%
c B  0.67 10 26 7 7 625 1 13035 9118 1.7 20 12 9 17 31% 25926 1136 5295 287%
c e  0.68  9 26 7 7 625 1 13140 9221 1.7 20 12 9 17 31% 23572 2986 4983 270%
c ^  0.69  9 26 7 7 625 1 13140 9221 1.7 20 12 9 17 31% 23572 2986 4983 270%
c -  0.74  8 24 7 8 626 1 14480 3063 1.7 19 12 9 15 31% 23572 2986 4983 270%
c u  0.83  9 22 7 8 627 1 16676 4795 1.7 20 11 9 15 31% 23572 2986 4983 270%
c v  0.85  9 22 7 8 627 1 16676 4188 1.7 20 11 9 15 31% 23572 2986 4983 270%
c w  0.85  9 22 7 8 627 1 16676 3797 1.7 20 11 9 15 31% 23572 2986 4983 270%
c ]  0.87  9 22 8 8 627 1 16999 4078 1.7 20 11 9 15 31% 23572 2986 4983 270%
c {  0.87  9 32 8 8 627 5 16999 4078 1.8 18 10 9 12 31% 23572 2986 4983 270%
c -  0.89  9 32 8 9 671 5 17309 4138 1.7 18 10 9 12 31% 23572 2986 4983 270%
c -  1.01  9 29 8 10 946 5 20309 6512 1.7 18 10 9 12 31% 23572 2986 4983 270%
c o  1.02  9 29 8 10 950 5 20663 6819 1.7 18 10 9 12 31% 23572 2986 4983 270%
c }  1.13  9 29 9 10 1227 5 23158 9209 1.7 18 10 9 13 31% 23572 2986 4983 270%
c [  1.13  9 22 9 10 1227 1 23158 9209 1.7 20 11 9 15 31% 23572 2986 4983 270%
c W  1.13  8 22 9 10 1227 1 23158 9209 1.7 20 11 9 15 31% 23572 2986 4983 270%
c -  1.15  9 22 9 11 1227 1 23472 8423 1.7 20 11 9 14 31% 23572 2986 4983 270%
c e  1.28  9 22 9 11 1229 1 26385 11104 1.7 20 12 9 14 31% 23528 3837 3971 215%
c ^  1.28  9 22 9 11 1229 1 26385 11104 1.7 20 12 9 14 31% 23528 3837 3971 215%
c
c  seconds  switched    rate        size/glue  tier1      binary        remaining
c         MB  reductions  conflicts       size    tier2      irredundant
c          level   restarts    redundant     glue     trail        variables
c
c -  1.30  9 22 9 12 1229 1 26788 7554 1.7 20 12 10 15 31% 23528 3837 3971 215%
c u  1.39  9 21 9 12 1231 1 28467 8866 1.7 19 12 10 15 32% 23528 3837 3971 215%
c v  1.41  9 21 9 12 1231 1 28467 7967 1.7 19 12 10 15 32% 23528 3837 3971 215%
c w  1.42  9 21 9 12 1231 1 28467 7646 1.7 19 12 10 15 32% 23528 3837 3971 215%
c f  1.51  9 21 9 12 1231 1 28467 7646 1.7 19 12 10 15 32% 23405 3837 4012 217%
c u  1.53  9 21 9 12 1231 1 28467 7581 1.7 19 12 10 15 32% 23405 3837 4012 217%
c v  1.54  9 21 9 12 1231 1 28467 7572 1.7 19 12 10 15 32% 23405 3837 4012 217%
c w  1.54  9 21 9 12 1231 1 28467 7569 1.7 19 12 10 15 32% 23405 3837 4012 217%
c ]  1.60  9 21 10 12 1232 1 29470 8477 1.7 19 12 9 14 32% 23405 3837 4012 217%
c {  1.60  9 29 10 12 1232 5 29470 8477 1.7 18 10 9 13 31% 23405 3837 4012 217%
c -  1.63  9 28 10 13 1280 5 30252 8139 1.7 18 10 9 13 31% 23405 3837 4012 217%
c -  1.77  9 27 10 14 1500 4 33857 10480 1.7 18 11 9 13 31% 23405 3837 4012 217%
c -  1.91 10 26 10 15 1707 4 37600 12379 1.7 18 11 9 13 32% 23405 3837 4012 217%
c }  1.93 10 26 11 15 1723 4 38098 12858 1.7 18 11 9 13 32% 23405 3837 4012 217%
c [  1.93 10 21 11 15 1723 1 38098 12858 1.7 19 12 9 14 32% 23405 3837 4012 217%
c O  1.93 10 21 11 15 1723 1 38098 12858 1.7 19 12 9 14 32% 23405 3837 4012 217%
c -  2.07 10 20 11 16 1725 1 41473 13996 1.7 20 11 9 14 33% 23405 3837 4012 217%
c u  2.19 10 19 11 16 1727 1 43614 15814 1.7 20 11 9 14 33% 23405 3837 4012 217%
c v  2.22 13 19 11 16 1727 1 43614 15725 1.7 20 11 9 14 33% 23405 3837 4012 217%
c w  2.23 13 19 11 16 1727 1 43614 15471 1.7 20 11 9 14 33% 23405 3837 4012 217%
c
c  seconds   switched    rate         size/glue  tier1     binary        remaining
c         MB   reductions  conflicts        size   tier2      irredundant
c          level    restarts     redundant     glue    trail        variables
c
c o  2.24 13 19 11 16 1727 1 43614 15471 1.7 20 11 9 14 33% 23405 3837 4012 217%
c -  2.30 11 19 11 17 1728 1 45473 15453 1.7 19 11 9 14 33% 23405 3837 4012 217%
c ]  2.33 12 19 12 17 1728 1 46229 16120 1.7 19 11 9 14 33% 23405 3837 4012 217%
c {  2.33 12 26 12 17 1728 4 46229 16120 1.7 18 11 9 13 32% 23405 3837 4012 217%
c -  2.47 12 25 12 18 1996 4 49596 17391 1.7 18 11 9 13 32% 23405 3837 4012 217%
c -  2.65 13 25 12 19 2266 4 53838 19363 1.7 18 11 9 13 32% 23405 3837 4012 217%
c e  2.71 11 25 12 19 2313 4 55029 20511 1.7 18 11 9 13 33% 23796 4190 3605 195%
c ^  2.71 11 25 12 19 2313 4 55029 20511 1.7 18 11 9 13 33% 23796 4190 3605 195%
c }  2.82 12 25 13 19 2462 4 57709 21110 1.7 18 11 9 13 33% 23796 4190 3605 195%
c [  2.82 12 19 13 19 2462 1 57709 21110 1.7 19 11 9 14 33% 23796 4190 3605 195%
c B  2.82 12 19 13 19 2462 1 57709 21110 1.7 19 11 9 14 33% 23796 4190 3605 195%
c -  2.84 13 20 13 20 2462 1 58196 19589 1.7 20 11 9 14 33% 23796 4190 3605 195%
c u  3.04 13 21 13 20 2465 1 62251 23387 1.7 20 12 9 14 34% 23796 4190 3605 195%
c v  3.07 14 21 13 20 2465 1 62251 23296 1.7 20 12 9 14 34% 23796 4190 3605 195%
c w  3.08 14 21 13 20 2465 1 62251 23143 1.7 20 12 9 14 34% 23796 4190 3605 195%
c f  3.10 11 21 13 20 2465 1 62251 23143 1.7 20 12 9 14 34% 23789 4182 3608 195%
c u  3.14 14 21 13 20 2465 1 62251 23039 1.7 20 12 9 14 34% 23789 4182 3608 195%
c v  3.17 14 21 13 20 2465 1 62251 22889 1.7 20 12 9 14 34% 23789 4182 3608 195%
c w  3.18 14 21 13 20 2465 1 62251 22880 1.7 20 12 9 14 34% 23789 4182 3608 195%
c -  3.29 12 21 13 21 2465 1 62669 20925 1.7 20 12 9 14 34% 23789 4182 3608 195%
c
c  seconds   switched    rate         size/glue  tier1     binary        remaining
c         MB   reductions  conflicts        size   tier2      irredundant
c          level    restarts     redundant     glue    trail        variables
c
c -  3.50 13 21 13 22 2468 1 67253 22743 1.7 21 12 9 15 34% 23789 4182 3608 195%
c ]  3.56 13 20 14 22 2468 1 68293 23715 1.7 21 12 9 15 34% 23789 4182 3608 195%
c {  3.56 13 25 14 22 2468 4 68293 23715 1.7 18 11 9 13 33% 23789 4182 3608 195%
c -  3.72 13 24 14 23 2703 4 71943 24933 1.7 18 11 9 13 33% 23789 4182 3608 195%
c o  3.81 13 24 14 23 2777 4 74379 27265 1.8 19 11 9 13 34% 23789 4182 3608 195%
c -  3.92 14 24 14 24 2909 4 76739 26757 1.7 18 11 9 13 34% 23789 4182 3608 195%
c -  4.12 14 23 14 25 3016 4 81637 28508 1.7 18 10 9 13 34% 23789 4182 3608 195%
c }  4.17 13 23 15 25 3051 4 83008 29769 1.7 18 10 9 13 34% 23789 4182 3608 195%
c [  4.17 13 20 15 25 3051 1 83008 29769 1.7 21 12 9 15 34% 23789 4182 3608 195%
c W  4.18 11 20 15 25 3051 1 83008 29769 1.7 21 12 9 15 34% 23789 4182 3608 195%
c u  4.28 14 21 15 25 3052 1 84462 31010 1.7 21 12 9 15 35% 23789 4182 3608 195%
c v  4.31 15 21 15 25 3052 1 84462 30966 1.7 21 12 9 15 35% 23789 4182 3608 195%
c w  4.32 15 21 15 25 3052 1 84462 30877 1.7 21 12 9 15 35% 23789 4182 3608 195%
c x  4.34 15 21 15 25 3052 1 84462 30874 1.7 21 12 9 15 35% 23789 4182 3608 195%
c -  4.45 16 21 15 26 3053 1 86638 30075 1.7 21 12 9 15 35% 23789 4182 3608 195%
c -  4.66 16 20 15 27 3057 1 91737 32282 1.7 20 12 9 14 35% 23789 4182 3608 195%
c ]  4.89 16 20 16 27 3059 1 96628 36813 1.7 20 12 9 14 36% 23789 4182 3608 195%
c {  4.89 16 23 16 27 3059 4 96628 36813 1.7 18 10 9 13 34% 23789 4182 3608 195%
c -  4.91 16 23 16 28 3073 4 96935 34660 1.7 18 10 9 13 34% 23789 4182 3608 195%
c e  5.10 16 23 16 28 3180 3 101080 38578 1.8 18 10 9 13 34% 24846 5162 2975 161%
c
c  seconds   switched    rate          size/glue  tier1     binary        remaining
c         MB   reductions  conflicts         size   tier2      irredundant
c          level    restarts      redundant     glue    trail        variables
c
c ^  5.11 16 23 16 28 3180 3 101080 38578 1.8 18 10 9 13 34% 24846 5162 2975 161%
c -  5.16 16 23 16 29 3263 3 102226 28284 1.8 18 10 9 13 34% 24846 5162 2975 161%
c -  5.39 16 23 16 30 3545 3 107611 30965 1.8 18 10 9 13 35% 24846 5162 2975 161%
c u  5.57 16 22 16 30 3633 3 110418 33463 1.8 18 10 9 13 36% 24846 5162 2975 161%
c v  5.61 16 22 16 30 3633 3 110418 33126 1.8 18 10 9 13 36% 24846 5162 2975 161%
c w  5.63 21 22 16 30 3633 3 110418 33076 1.8 18 10 9 13 36% 24846 5162 2975 161%
c -  5.77 19 22 16 31 3797 3 113088 33815 1.8 18 10 9 13 36% 24846 5162 2975 161%
c o  5.83 19 22 16 31 3899 3 114385 35065 1.8 18 10 9 13 36% 24846 5162 2975 161%
c }  5.85 19 22 17 31 3938 3 114965 35613 1.8 18 10 9 13 36% 24846 5162 2975 161%
c [  5.85 19 20 17 31 3938 1 114965 35613 1.7 20 12 9 14 36% 24846 5162 2975 161%
c I  5.85 19 20 17 31 3938 1 114965 35613 1.7 20 12 9 14 36% 24846 5162 2975 161%
c -  6.00 19 21 17 32 3940 1 118655 36031 1.8 21 12 9 15 36% 24846 5162 2975 161%
c -  6.25 20 21 17 33 3944 1 124312 38523 1.8 21 12 9 15 37% 24846 5162 2975 161%
c -  6.51 20 20 17 34 3947 1 130057 40860 1.8 21 12 9 15 37% 24846 5162 2975 161%
c ]  6.62 19 20 18 34 3949 1 132556 43236 1.8 21 12 9 15 37% 24846 5162 2975 161%
c {  6.62 19 22 18 34 3949 3 132556 43236 1.8 18 10 9 13 36% 24846 5162 2975 161%
c -  6.78 20 22 18 35 3955 3 135887 43303 1.8 18 10 9 12 36% 24846 5162 2975 161%
c u  7.03 21 21 18 35 3961 3 140031 46985 1.8 18 10 9 12 37% 24846 5162 2975 161%
c v  7.08 22 21 18 35 3961 3 140031 46690 1.8 18 10 9 12 37% 24846 5162 2975 161%
c w  7.10 22 21 18 35 3961 3 140031 46341 1.8 18 10 9 12 37% 24846 5162 2975 161%
c
c  seconds   switched    rate          size/glue  tier1     binary        remaining
c         MB   reductions  conflicts         size   tier2      irredundant
c          level    restarts      redundant     glue    trail        variables
c
c -  7.19 20 21 18 36 3965 3 141803 45598 1.8 18 10 9 12 37% 24846 5162 2975 161%
c -  7.44 20 20 18 37 3967 3 147803 47825 1.7 18 10 9 12 37% 24846 5162 2975 161%
c -  7.71 21 19 18 38 3993 3 153885 50200 1.7 17 10 9 12 37% 24846 5162 2975 161%
c }  7.76 21 19 19 38 4003 3 154901 51170 1.7 17 10 9 12 37% 24846 5162 2975 161%
c [  7.76 21 20 19 38 4003 1 154901 51170 1.8 21 12 9 15 37% 24846 5162 2975 161%
c B  7.76 21 20 19 38 4003 1 154901 51170 1.8 21 12 9 15 37% 24846 5162 2975 161%
c -  7.98 22 21 19 39 4007 1 160049 53278 1.8 21 12 9 15 38% 24846 5162 2975 161%
c e  8.29 18 21 19 39 4009 1 166155 58896 1.8 21 12 9 15 38% 26516 6540 2502 135%
c ^  8.30 18 21 19 39 4009 1 166155 58896 1.8 21 12 9 15 38% 26516 6540 2502 135%
c o  8.30 20 21 19 39 4009 1 166155 40074 1.8 21 12 9 15 38% 26516 6540 2502 135%
c -  8.32 20 21 19 40 4009 1 166294 38055 1.8 21 12 9 15 38% 26516 6540 2502 135%
c -  8.59 21 24 19 41 4014 1 172619 40532 1.7 22 13 9 15 39% 26516 6540 2502 135%
c u  8.71 22 24 19 41 4015 1 173553 40749 1.7 22 13 9 15 39% 26516 6540 2502 135%
c v  8.77 22 24 19 41 4015 1 173553 39663 1.7 22 13 9 15 39% 26516 6540 2502 135%
c w  8.79 22 24 19 41 4015 1 173553 38942 1.7 22 13 9 15 39% 26516 6540 2502 135%
c W  8.93 18 24 19 41 4016 1 175815 41031 1.7 22 13 9 15 39% 26516 6540 2502 135%
c ]  8.96 18 24 20 41 4016 1 176437 41638 1.7 22 13 9 15 39% 26516 6540 2502 135%
c {  8.96 18 19 20 41 4016 3 176437 41638 1.7 17 10 9 12 37% 26516 6540 2502 135%
c -  9.08 18 19 20 42 4145 3 179022 41628 1.7 17 10 9 12 38% 26516 6540 2502 135%
c -  9.36 23 19 20 43 4458 3 185502 44937 1.7 17 10 9 12 38% 26516 6540 2502 135%
c
c  seconds   switched    rate          size/glue  tier1     binary        remaining
c         MB   reductions  conflicts         size   tier2      irredundant
c          level    restarts      redundant     glue    trail        variables
c
c -  9.68 22 19 20 44 5089 3 192059 47553 1.7 17 10 9 12 39% 26516 6540 2502 135%
c - 10.00 22 19 20 45 5501 3 198692 50330 1.7 17 10 9 12 40% 26516 6540 2502 135%
c } 10.21 22 19 21 45 5770 3 203177 54489 1.7 17 10 9 12 40% 26516 6540 2502 135%
c [ 10.21 22 24 21 45 5770 1 203177 54489 1.7 22 13 9 15 39% 26516 6540 2502 135%
c O 10.21 22 24 21 45 5770 1 203177 54489 1.7 22 13 9 15 39% 26516 6540 2502 135%
c - 10.31 22 24 21 46 5772 1 205400 52664 1.7 22 13 9 15 40% 26516 6540 2502 135%
c u 10.65 25 23 21 46 5775 1 210817 57038 1.7 22 13 9 15 40% 26516 6540 2502 135%
c v 10.71 25 23 21 46 5775 1 210817 55660 1.7 22 13 9 15 40% 26516 6540 2502 135%
c w 10.74 25 23 21 46 5775 1 210817 54333 1.7 22 13 9 15 40% 26516 6540 2502 135%
c - 11.11 21 23 21 47 5776 1 212183 52050 1.7 22 13 9 15 41% 26516 6540 2502 135%
c - 11.44 22 22 21 48 5779 1 219040 54561 1.7 21 12 9 15 41% 26516 6540 2502 135%
c - 11.81 24 22 21 49 5783 1 225968 57490 1.7 21 12 9 15 42% 26516 6540 2502 135%
c ] 11.94 24 22 22 49 5784 1 228512 59870 1.7 21 12 9 15 42% 26516 6540 2502 135%
c { 11.94 24 19 22 49 5784 3 228512 59870 1.7 17 10 9 12 40% 26516 6540 2502 135%
c o 11.95 24 19 22 49 5786 3 228540 59898 1.7 17 10 9 12 40% 26516 6540 2502 135%
c - 12.36 25 21 22 50 6972 4 232968 58729 1.7 18 10 9 12 40% 26516 6540 2502 135%
c - 13.03 24 24 22 51 8881 5 240039 59255 1.7 19 11 9 12 41% 26516 6540 2502 135%
c - 13.72 25 27 22 52 10594 5 247181 60024 1.8 19 11 9 12 41% 26516 6540 2502 135%
c e 14.16 21 29 22 52 11467 6 251669 64484 1.8 20 11 9 12 41% 28979 8481 2139 116%
c ! 14.17 21 29 22 52 11467 6 251669 64484 1.8 20 11 9 12 41% 28979 8481 2139 116%
c
c  seconds   switched     rate          size/glue  tier1     binary        remaining
c         MB   reductions   conflicts         size   tier2      irredundant
c          level    restarts       redundant     glue    trail        variables
c
c u 14.32 24 29 22 52 11561 6 252119 40349 1.8 20 11 9 12 41% 28979 8481 2139 116%
c v 14.40 24 29 22 52 11561 6 252119 40254 1.8 20 11 9 12 41% 28979 8481 2139 116%
c w 14.43 24 29 22 52 11561 6 252119 40242 1.8 20 11 9 12 41% 28979 8481 2139 116%
c f 14.54 20 29 22 52 11561 6 252119 40242 1.8 20 11 9 12 41% 28362 8417 2177 118%
c u 14.68 24 29 22 52 11561 6 252119 40124 1.8 20 11 9 12 41% 28362 8417 2177 118%
c v 14.78 24 29 22 52 11561 6 252119 39924 1.8 20 11 9 12 41% 28362 8417 2177 118%
c w 14.82 24 29 22 52 11561 6 252119 39901 1.8 20 11 9 12 41% 28362 8417 2177 118%
c - 15.03 23 30 22 53 12037 6 254394 38431 1.8 20 11 9 13 42% 28362 8417 2177 118%
c } 15.46 23 31 23 53 13123 6 260028 44022 1.8 21 12 9 13 42% 28362 8417 2177 118%
c [ 15.46 23 22 23 53 13123 1 260028 44022 1.7 21 12 9 15 42% 28362 8417 2177 118%
c B 15.46 23 22 23 53 13123 1 260028 44022 1.7 21 12 9 15 42% 28362 8417 2177 118%
c - 15.55 24 22 23 54 13124 1 261674 41227 1.7 21 12 9 15 42% 28362 8417 2177 118%
c - 15.91 24 22 23 55 13129 1 269023 44618 1.7 21 12 9 15 43% 28362 8417 2177 118%
c - 16.32 23 21 23 56 13133 1 276440 46808 1.7 22 12 9 15 44% 28362 8417 2177 118%
c - 16.75 24 22 23 57 13136 1 283924 47706 1.7 22 12 9 15 45% 28362 8417 2177 118%
c - 17.21 24 22 23 58 13137 1 291474 48508 1.7 22 13 9 15 45% 28362 8417 2177 118%
c W 17.23 20 22 23 58 13137 1 291478 48511 1.7 22 13 9 15 45% 28362 8417 2177 118%
c u 17.64 27 22 23 58 13141 1 297225 53366 1.8 22 13 9 15 46% 28362 8417 2177 118%
c v 17.75 27 22 23 58 13141 1 297225 53033 1.8 22 13 9 15 46% 28362 8417 2177 118%
c w 17.79 27 22 23 58 13141 1 297225 52945 1.8 22 13 9 15 46% 28362 8417 2177 118%
c
c  seconds   switched     rate          size/glue  tier1     binary        remaining
c         MB   reductions   conflicts         size   tier2      irredundant
c          level    restarts       redundant     glue    trail        variables
c
c - 17.92 24 22 23 59 13143 1 299091 48947 1.8 22 13 9 15 46% 28362 8417 2177 118%
c - 18.32 24 21 23 60 13146 1 306773 50438 1.8 22 12 9 15 46% 28362 8417 2177 118%
c ] 18.71 23 21 24 60 13151 1 313949 57150 1.8 22 12 9 15 47% 28362 8417 2177 118%
c { 18.71 23 31 24 60 13151 6 313949 57150 1.8 21 12 9 13 42% 28362 8417 2177 118%
c o 18.71 23 31 24 60 13156 6 313976 57176 1.8 21 12 9 13 42% 28362 8417 2177 118%
c - 18.74 24 31 24 61 13163 6 314518 52073 1.8 21 12 9 13 42% 28362 8417 2177 118%
c - 19.10 25 29 24 62 13197 6 322328 53760 1.8 20 11 9 13 43% 28362 8417 2177 118%
c - 19.45 24 28 24 63 13217 5 330206 56117 1.8 20 11 9 13 43% 28362 8417 2177 118%
c - 19.82 25 27 24 64 13315 5 338143 59219 1.8 20 11 9 13 43% 28362 8417 2177 118%
c - 20.18 27 26 24 65 13366 5 346144 62169 1.8 20 11 9 13 44% 28362 8417 2177 118%
c u 20.32 27 26 24 65 13366 5 346493 62411 1.8 20 11 9 13 44% 28362 8417 2177 118%
c v 20.42 27 26 24 65 13366 5 346493 60871 1.8 20 11 9 13 44% 28362 8417 2177 118%
c w 20.45 27 26 24 65 13366 5 346493 60701 1.8 20 11 9 13 44% 28362 8417 2177 118%
c } 20.65 24 26 25 65 13387 5 350627 64584 1.8 20 11 9 13 44% 28362 8417 2177 118%
c [ 20.65 24 21 25 65 13387 1 350627 64584 1.8 22 12 9 15 47% 28362 8417 2177 118%
c I 20.65 24 21 25 65 13387 1 350627 64584 1.8 22 12 9 15 47% 28362 8417 2177 118%
c - 20.83 25 22 25 66 13389 1 354208 62901 1.8 22 13 9 15 47% 28362 8417 2177 118%
c e 21.03 20 22 25 66 13392 1 358789 67299 1.8 23 13 9 15 47% 28400 8472 2171 118%
c - 21.23 24 22 25 67 13393 1 362333 65185 1.8 23 13 9 15 47% 28400 8472 2171 118%
c - 21.66 25 22 25 68 13399 1 370519 67006 1.8 23 13 9 15 47% 28400 8472 2171 118%
c
c  seconds   switched     rate          size/glue  tier1     binary        remaining
c         MB   reductions   conflicts         size   tier2      irredundant
c          level    restarts       redundant     glue    trail        variables
c
c - 22.11 27 22 25 69 13401 1 378765 68274 1.8 23 13 9 15 47% 28400 8472 2171 118%
c ] 22.35 24 22 26 69 13401 1 383387 72742 1.8 23 13 9 15 47% 28400 8472 2171 118%
c { 22.35 24 26 26 69 13401 5 383387 72742 1.8 20 11 9 13 44% 28400 8472 2171 118%
c - 22.55 27 25 26 70 13471 5 387072 70198 1.8 19 11 9 13 44% 28400 8472 2171 118%
c - 22.95 25 24 26 71 13473 4 395438 61034 1.8 19 11 8 12 44% 28400 8472 2171 118%
c o 23.06 25 24 26 71 13483 4 397749 63196 1.8 19 11 8 12 44% 28400 8472 2171 118%
c u 23.30 27 24 26 71 13505 4 400002 63493 1.8 19 11 8 12 45% 28400 8472 2171 118%
c v 23.41 27 24 26 71 13505 4 400002 62363 1.8 19 11 8 12 45% 28400 8472 2171 118%
c w 23.45 27 24 26 71 13505 4 400002 62251 1.8 19 11 8 12 45% 28400 8472 2171 118%
c f 23.47 20 24 26 71 13505 4 400002 62251 1.8 19 11 8 12 45% 28378 8471 2172 118%
c u 23.60 27 24 26 71 13505 4 400002 61915 1.8 19 11 8 12 45% 28378 8471 2172 118%
c v 23.71 27 24 26 71 13505 4 400002 61528 1.8 19 11 8 12 45% 28378 8471 2172 118%
c w 23.74 27 24 26 71 13505 4 400002 61451 1.8 19 11 8 12 45% 28378 8471 2172 118%
c - 24.35 24 23 26 72 13575 4 403864 56630 1.8 19 11 8 12 45% 28378 8471 2172 118%
c - 24.77 27 23 26 73 13760 4 412350 58947 1.8 19 11 8 12 45% 28378 8471 2172 118%
c - 25.17 25 22 26 74 13909 4 420894 60657 1.8 19 11 8 12 45% 28378 8471 2172 118%
c } 25.41 27 22 27 74 14055 4 425605 65135 1.8 19 11 8 12 45% 28378 8471 2172 118%
c [ 25.41 27 22 27 74 14055 1 425605 65135 1.8 23 13 9 15 47% 28378 8471 2172 118%
c B 25.41 27 22 27 74 14055 1 425605 65135 1.8 23 13 9 15 47% 28378 8471 2172 118%
c - 25.62 27 23 27 75 14057 1 429498 60973 1.8 23 13 9 15 47% 28378 8471 2172 118%
c
c  seconds   switched     rate          size/glue  tier1     binary        remaining
c         MB   reductions   conflicts         size   tier2      irredundant
c          level    restarts       redundant     glue    trail        variables
c
c - 26.09 24 23 27 76 14062 1 438158 60900 1.8 23 13 9 16 47% 28378 8471 2172 118%
c - 26.62 27 23 27 77 14068 1 446876 62218 1.8 23 13 9 16 47% 28378 8471 2172 118%
c - 27.19 25 22 27 78 14069 1 455650 63261 1.8 23 13 9 15 47% 28378 8471 2172 118%
c u 27.44 27 22 27 78 14069 1 457795 65154 1.8 23 13 9 15 47% 28378 8471 2172 118%
c v 27.53 27 22 27 78 14069 1 457795 63951 1.8 23 13 9 15 47% 28378 8471 2172 118%
c w 27.57 27 22 27 78 14069 1 457795 62998 1.8 23 13 9 15 47% 28378 8471 2172 118%
c ] 27.81 24 22 28 78 14071 1 460333 65269 1.8 23 13 9 15 47% 28378 8471 2172 118%
c { 27.81 24 22 28 78 14071 4 460333 65269 1.8 19 11 8 12 45% 28378 8471 2172 118%
c - 28.03 27 22 28 79 14093 3 464482 63379 1.8 19 10 8 12 46% 28378 8471 2172 118%
c - 28.48 27 22 28 80 14394 3 473371 66282 1.8 18 10 8 12 46% 28378 8471 2172 118%
c - 28.95 27 21 28 81 14594 3 482315 68452 1.8 18 10 8 12 46% 28378 8471 2172 118%
c o 29.30 27 21 28 81 14674 3 489923 75313 1.8 18 10 8 12 46% 28378 8471 2172 118%
c - 29.39 27 21 28 82 14718 3 491315 70843 1.8 18 10 8 12 46% 28378 8471 2172 118%
c - 29.85 27 20 28 83 14947 3 500373 73520 1.7 18 10 8 12 46% 28378 8471 2172 118%
c } 30.26 27 20 29 83 15135 3 508472 80812 1.7 18 10 8 12 46% 28378 8471 2172 118%
c [ 30.26 27 22 29 83 15135 1 508472 80812 1.8 23 13 9 15 47% 28378 8471 2172 118%
c W 30.27 20 22 29 83 15135 1 508472 80812 1.8 23 13 9 15 47% 28378 8471 2172 118%
c - 30.33 22 22 29 84 15135 1 509483 75984 1.8 23 13 9 15 47% 28378 8471 2172 118%
c - 30.84 22 22 29 85 15141 1 518648 77112 1.8 23 13 9 15 47% 28378 8471 2172 118%
c u 31.08 33 22 29 85 15141 1 519955 78042 1.8 23 13 9 15 47% 28378 8471 2172 118%
c
c  seconds   switched     rate          size/glue  tier1     binary        remaining
c         MB   reductions   conflicts         size   tier2      irredundant
c          level    restarts       redundant     glue    trail        variables
c
c v 31.21 33 22 29 85 15141 1 519955 77956 1.8 23 13 9 15 47% 28378 8471 2172 118%
c w 31.25 33 22 29 85 15141 1 519955 77847 1.8 23 13 9 15 47% 28378 8471 2172 118%
c - 31.72 31 22 29 86 15147 1 527867 78754 1.8 23 13 9 16 47% 28378 8471 2172 118%
c - 32.27 31 22 29 87 15149 1 537141 80807 1.8 23 13 9 16 47% 28378 8471 2172 118%
c - 32.89 32 23 29 88 15154 1 546468 82104 1.8 24 13 9 16 48% 28378 8471 2172 118%
c ] 33.13 29 23 30 88 15156 1 550084 85450 1.8 24 13 9 16 48% 28378 8471 2172 118%
c { 33.13 29 20 30 88 15156 3 550084 85450 1.7 18 10 8 12 46% 28378 8471 2172 118%
c - 33.49 32 20 30 89 15427 3 555848 83067 1.7 18 10 8 12 46% 28378 8471 2172 118%
c - 34.01 32 19 30 90 15650 3 565282 84843 1.7 18 10 8 12 47% 28378 8471 2172 118%
c - 34.52 32 19 30 91 15877 3 574768 86048 1.7 18 10 8 12 47% 28378 8471 2172 118%
c - 35.05 32 19 30 92 16232 3 584308 87460 1.7 17 10 8 12 47% 28378 8471 2172 118%
c u 35.37 33 19 30 92 16299 3 586533 89197 1.7 17 10 8 12 47% 28378 8471 2172 118%
c v 35.52 33 19 30 92 16299 3 586533 88216 1.7 17 10 8 12 47% 28378 8471 2172 118%
c w 35.57 33 19 30 92 16299 3 586533 88083 1.7 17 10 8 12 47% 28378 8471 2172 118%
c o 35.77 32 19 30 92 16414 3 589930 91252 1.7 17 10 8 12 47% 28378 8471 2172 118%
c - 36.00 32 19 30 93 16602 3 593899 87974 1.7 17 10 8 12 47% 28378 8471 2172 118%
c - 36.57 32 19 30 94 17004 3 603546 88960 1.7 17 10 8 12 47% 28378 8471 2172 118%
c } 36.62 30 19 31 94 17026 3 604518 89853 1.7 17 10 8 12 47% 28378 8471 2172 118%
c [ 36.62 30 23 31 94 17026 1 604518 89853 1.8 24 13 9 16 48% 28378 8471 2172 118%
c O 36.62 30 23 31 94 17026 1 604518 89853 1.8 24 13 9 16 48% 28378 8471 2172 118%
c
c  seconds   switched     rate          size/glue  tier1     binary        remaining
c         MB   reductions   conflicts         size   tier2      irredundant
c          level    restarts       redundant     glue    trail        variables
c
c - 37.12 32 22 31 95 17032 1 613241 89619 1.8 23 13 9 15 48% 28378 8471 2172 118%
c - 37.71 32 22 31 96 17038 1 622987 89549 1.8 23 13 9 15 48% 28378 8471 2172 118%
c - 38.36 32 22 31 97 17040 1 632784 88045 1.8 24 13 9 15 48% 28378 8471 2172 118%
c - 39.02 32 22 31 98 17045 1 642632 87615 1.8 24 13 9 15 49% 28378 8471 2172 118%
c - 39.73 32 22 31 99 17050 1 652532 88363 1.8 23 13 9 15 49% 28378 8471 2172 118%
c ] 39.82 32 22 32 99 17051 1 653914 89630 1.8 23 13 9 15 49% 28378 8471 2172 118%
c { 39.82 32 19 32 99 17051 3 653914 89630 1.7 17 10 8 12 47% 28378 8471 2172 118%
c u 40.26 36 19 32 99 17243 3 657583 92769 1.7 17 10 8 12 47% 28378 8471 2172 118%
c v 40.44 36 19 32 99 17243 3 657583 91302 1.7 17 10 8 12 47% 28378 8471 2172 118%
c w 40.50 36 19 32 99 17243 3 657583 90658 1.7 17 10 8 12 47% 28378 8471 2172 118%
c - 40.82 32 19 32 100 17478 3 662481 87701 1.7 17 10 8 12 47% 28378 8471 2172 118%
c - 41.40 32 19 32 101 17818 3 672482 89570 1.7 17 10 8 12 47% 28378 8471 2172 118%
c - 41.98 32 19 32 102 18258 3 682533 90461 1.7 17 10 8 12 47% 28378 8471 2172 118%
c - 42.60 32 19 32 103 18858 3 692633 91003 1.7 17 10 8 12 47% 28378 8471 2172 118%
c o 43.04 32 19 32 103 19177 3 700648 98409 1.7 17 10 8 12 47% 28378 8471 2172 118%
c - 43.18 32 19 32 104 19276 3 702785 91996 1.7 17 10 8 12 47% 28378 8471 2172 118%
c - 43.78 32 19 32 105 19786 3 712984 92460 1.7 17 10 8 12 47% 28378 8471 2172 118%
c } 43.89 32 19 33 105 19829 3 715018 94322 1.7 17 10 8 12 47% 28378 8471 2172 118%
c [ 43.89 32 22 33 105 19829 1 715018 94322 1.8 23 13 9 15 49% 28378 8471 2172 118%
c B 43.89 32 22 33 105 19829 1 715018 94322 1.8 23 13 9 15 49% 28378 8471 2172 118%
c
c  seconds   switched      rate          size/glue  tier1     binary        remaining
c         MB   reductions    conflicts         size   tier2      irredundant
c          level     restarts       redundant     glue    trail        variables
c
c - 44.39 32 21 33 106 19835 1 723230 93655 1.8 23 13 9 15 49% 28378 8471 2172 118%
c u 45.22 36 21 33 106 19840 1 733157 102007 1.8 23 13 9 15 49% 28378 8471 2172 118%
c v 45.41 36 21 33 106 19840 1 733157 101208 1.8 23 13 9 15 49% 28378 8471 2172 118%
c w 45.49 36 21 33 106 19840 1 733157 101017 1.8 23 13 9 15 49% 28378 8471 2172 118%
c - 45.55 30 21 33 107 19841 1 733527 92823 1.8 23 13 9 15 49% 28378 8471 2172 118%
c - 46.25 32 21 33 108 19843 1 743873 93966 1.8 23 13 9 15 49% 28378 8471 2172 118%
c - 46.98 33 20 33 109 19849 1 754267 95762 1.9 23 12 8 15 49% 28378 8471 2172 118%
c - 47.73 33 20 33 110 19854 1 764709 96166 1.9 23 12 8 15 49% 28378 8471 2172 118%
c ] 48.14 33 20 34 110 19857 1 770237 101206 1.9 23 12 8 15 49% 28378 8471 2172 118%
c { 48.14 33 19 34 110 19857 3 770237 101206 1.7 17 10 8 12 47% 28378 8471 2172 118%
c - 48.47 33 18 34 111 19858 3 775199 95921 1.7 17 10 8 12 48% 28378 8471 2172 118%
c - 49.11 33 17 34 112 19872 2 785734 95885 1.7 17 10 8 12 48% 28378 8471 2172 118%
c - 49.73 33 17 34 113 19891 2 796318 95719 1.7 17 10 8 12 48% 28378 8471 2172 118%
c - 50.29 33 16 34 114 19913 2 806948 96585 1.7 16 10 8 12 48% 28378 8471 2172 118%
c u 50.89 37 16 34 114 19913 2 813305 99534 1.7 16 10 8 12 48% 28378 8471 2172 118%
c v 51.08 39 16 34 114 19913 2 813305 97772 1.7 16 10 8 12 48% 28378 8471 2172 118%
c w 51.14 39 16 34 114 19913 2 813305 97661 1.7 16 10 8 12 48% 28378 8471 2172 118%
c - 51.41 33 16 34 115 19919 2 817628 93453 1.7 16 10 8 12 48% 28378 8471 2172 118%
c - 51.95 33 15 34 116 19927 2 828351 96850 1.7 16 9 8 12 48% 28378 8471 2172 118%
c o 52.11 33 15 34 116 19929 2 831663 99451 1.7 16 9 8 12 48% 28378 8471 2172 118%
c
c  seconds   switched      rate           size/glue tier1     binary        remaining
c         MB   reductions    conflicts          size  tier2      irredundant
c          level     restarts       redundant     glue    trail        variables
c
c } 52.46 33 15 35 116 19958 2 838383 105079 1.7 16 9 8 12 48% 28378 8471 2172 118%
c [ 52.46 33 20 35 116 19958 1 838383 105079 1.9 23 12 8 15 49% 28378 8471 2172 118%
c W 52.59 26 20 35 116 19958 1 838383 105079 1.9 23 12 8 15 49% 28378 8471 2172 118%
c - 52.65 26 20 35 117 19958 1 839121 100389 1.9 23 12 8 15 49% 28378 8471 2172 118%
c - 53.39 26 21 35 118 19964 1 849937 102035 1.9 24 13 8 15 49% 28378 8471 2172 118%
c - 54.18 37 22 35 119 19971 1 860799 103092 1.9 24 13 8 15 49% 28378 8471 2172 118%
c - 55.02 35 22 35 120 19973 1 871707 103321 1.9 24 13 8 15 49% 28378 8471 2172 118%
c - 55.92 35 22 35 121 19979 1 882661 102439 1.9 24 13 8 15 49% 28378 8471 2172 118%
c ] 56.64 35 22 36 121 19986 1 892020 111231 1.9 24 13 8 15 49% 28378 8471 2172 118%
c { 56.64 35 15 36 121 19986 2 892020 111231 1.7 16 9 8 12 48% 28378 8471 2172 118%
c - 56.81 35 15 36 122 20278 2 893662 101209 1.6 16 9 8 12 48% 28378 8471 2172 118%
c u 57.39 39 15 36 122 20705 2 898079 105221 1.6 16 9 8 12 48% 28378 8471 2172 118%
c v 57.62 39 15 36 122 20705 2 898079 104792 1.6 16 9 8 12 48% 28378 8471 2172 118%
c w 57.70 39 15 36 122 20705 2 898079 104144 1.6 16 9 8 12 48% 28378 8471 2172 118%
c - 59.06 36 15 36 123 21387 2 904709 100269 1.6 16 10 8 12 48% 28378 8471 2172 118%
c - 59.81 35 16 36 124 22230 2 915800 100501 1.6 16 10 8 12 48% 28378 8471 2172 118%
c - 60.54 35 16 36 125 23009 2 926935 100725 1.6 16 10 8 12 48% 28378 8471 2172 118%
c - 61.28 35 16 36 126 23768 2 938115 102809 1.6 16 10 8 12 48% 28378 8471 2172 118%
c - 62.03 36 16 36 127 24619 2 949342 105488 1.6 16 10 8 12 48% 28378 8471 2172 118%
c - 62.73 35 16 36 128 25093 2 960612 108696 1.6 16 10 8 12 48% 28378 8471 2172 118%
c
c  seconds   switched      rate           size/glue  tier1     binary        remaining
c         MB   reductions    conflicts          size   tier2      irredundant
c          level     restarts       redundant      glue    trail        variables
c
c o 62.80 35 16 36 128 25133 2 961804 109713 1.6 16 10 8 12 48% 28378 8471 2172 118%
c } 63.16 36 16 37 128 25413 2 967578 115001 1.6 16 10 8 12 48% 28378 8471 2172 118%
c [ 63.16 36 22 37 128 25413 1 967578 115001 1.9 24 13 8 15 49% 28378 8471 2172 118%
c I 63.16 36 22 37 128 25413 1 967578 115001 1.9 24 13 8 15 49% 28378 8471 2172 118%
c - 63.42 36 22 37 129 25416 1 971925 109947 1.8 24 13 8 15 49% 28378 8471 2172 118%
c - 64.10 35 22 37 130 25422 1 983284 109673 1.8 25 13 8 15 49% 28378 8471 2172 118%
c u 64.58 41 22 37 130 25425 1 987531 113372 1.8 25 14 8 15 49% 28378 8471 2172 118%
c v 64.73 41 22 37 130 25425 1 987531 113244 1.8 25 14 8 15 49% 28378 8471 2172 118%
c w 64.80 41 22 37 130 25425 1 987531 112870 1.8 25 14 8 15 49% 28378 8471 2172 118%
c - 65.35 35 23 37 131 25427 1 994685 109190 1.8 25 14 8 16 49% 28378 8471 2172 118%
c - 66.08 36 22 37 132 25432 1 1006130 110345 1.8 25 14 8 16 49% 28378 8471 2172 118%
c - 66.82 36 23 37 133 25438 1 1017622 110089 1.8 25 14 8 16 49% 28378 8471 2172 118%
c - 67.65 35 23 37 134 25442 1 1029154 109547 1.9 25 14 8 16 49% 28378 8471 2172 118%
c B 68.07 35 23 37 134 25443 1 1035260 115457 1.9 25 14 8 16 49% 28378 8471 2172 118%
c - 68.45 36 24 37 135 25443 1 1040729 108843 1.9 26 14 8 16 48% 28378 8471 2172 118%
c ] 68.93 35 25 38 135 25443 1 1048544 116478 1.9 26 14 8 16 48% 28378 8471 2172 118%
c { 68.93 35 16 38 135 25443 2 1048544 116478 1.6 16 10 8 12 48% 28378 8471 2172 118%
c - 69.43 36 18 38 136 26264 3 1052349 106742 1.7 17 10 8 12 48% 28378 8471 2172 118%
c - 70.96 36 22 38 137 28745 4 1064011 105331 1.7 18 11 8 12 48% 28378 8471 2172 118%
c - 72.53 35 25 38 138 31232 5 1075716 105308 1.7 19 11 8 12 48% 28378 8471 2172 118%
c
c  seconds   switched      rate            size/glue  tier1     binary        remaining
c         MB   reductions     conflicts          size   tier2      irredundant
c          level     restarts        redundant      glue    trail        variables
c
c u 73.70 41 27 38 138 32460 5 1081712 111036 1.7 20 11 8 12 48% 28378 8471 2172 118%
c v 73.99 41 27 38 138 32460 5 1081712 110795 1.7 20 11 8 12 48% 28378 8471 2172 118%
c w 74.11 41 27 38 138 32460 5 1081712 110768 1.7 20 11 8 12 48% 28378 8471 2172 118%
c - 74.98 36 28 38 139 33664 5 1087463 104579 1.7 20 12 8 12 48% 28378 8471 2172 118%
c - 76.64 36 31 38 140 36138 6 1099252 103959 1.7 21 12 8 12 48% 28378 8471 2172 118%
c o 77.02 35 31 38 140 36655 6 1102382 107058 1.7 21 12 8 12 48% 28378 8471 2172 118%
c - 78.26 35 33 38 141 38456 6 1111084 103267 1.8 22 13 8 12 48% 28378 8471 2172 118%
c - 79.77 35 35 38 142 40409 7 1122959 102274 1.8 23 13 8 12 48% 28378 8471 2172 118%
c } 80.74 35 36 39 142 41475 7 1131879 111080 1.8 23 13 8 12 48% 28378 8471 2172 118%
c [ 80.74 35 25 39 142 41475 1 1131879 111080 1.9 26 14 8 16 48% 28378 8471 2172 118%
c W 81.01 28 25 39 142 41475 1 1131879 111080 1.9 26 14 8 16 48% 28378 8471 2172 118%
c - 81.21 28 26 39 143 41477 1 1134877 100555 1.9 26 14 8 16 49% 28378 8471 2172 118%
c - 81.97 28 25 39 144 41484 1 1146836 99814 1.8 25 14 8 16 49% 28378 8471 2172 118%
c - 82.83 37 25 39 145 41489 1 1158836 99364 1.8 25 14 8 16 49% 28378 8471 2172 118%
c - 83.71 35 25 39 146 41495 1 1170878 96812 1.8 25 14 8 16 49% 28378 8471 2172 118%
c u 84.90 39 24 39 146 41499 1 1180649 105871 1.9 25 14 8 16 49% 28378 8471 2172 118%
c v 85.29 41 24 39 146 41499 1 1180649 105484 1.9 25 14 8 16 49% 28378 8471 2172 118%
c w 85.43 41 24 39 146 41499 1 1180649 105288 1.9 25 14 8 16 49% 28378 8471 2172 118%
c - 85.67 35 24 39 147 41501 1 1182961 94869 1.9 25 13 8 16 49% 28378 8471 2172 118%
c - 86.57 35 23 39 148 41504 1 1195085 93575 1.8 25 13 8 16 49% 28378 8471 2172 118%
c
c  seconds   switched      rate           size/glue  tier1     binary        remaining
c         MB   reductions     conflicts         size   tier2      irredundant
c          level     restarts        redundant     glue    trail        variables
c
c - 87.43 35 23 39 149 41505 1 1207250 93998 1.9 25 13 8 16 49% 28378 8471 2172 118%
c O 87.66 35 23 39 149 41505 1 1210308 96953 1.9 25 13 8 16 49% 28378 8471 2172 118%
c - 88.27 35 23 39 150 41510 1 1219456 95467 1.9 24 13 8 16 49% 28378 8471 2172 118%
c - 89.19 35 22 39 151 41517 1 1231703 97522 1.9 24 13 8 16 49% 28378 8471 2172 118%
c - 90.20 35 22 39 152 41520 1 1243993 96854 1.9 24 13 8 16 49% 28378 8471 2172 118%
c - 91.36 35 22 39 153 41527 1 1256321 96133 1.8 24 13 8 16 49% 28378 8471 2172 118%
c - 92.43 33 22 39 154 41534 1 1268691 95930 1.8 24 13 8 16 49% 28378 8471 2172 118%
c ] 93.08 35 22 40 154 41535 1 1277711 104614 1.8 24 13 8 16 49% 28378 8471 2172 118%
c { 93.08 35 36 40 154 41535 7 1277711 104614 1.8 23 13 8 12 48% 28378 8471 2172 118%
c o 93.08 35 36 40 154 41541 7 1277741 104644 1.8 23 13 8 12 48% 28378 8471 2172 118%
c - 93.30 35 35 40 155 41546 7 1281101 94610 1.8 23 13 8 12 48% 28378 8471 2172 118%
c u 93.83 39 34 40 155 41546 6 1284393 94553 1.8 23 13 8 12 48% 28378 8471 2172 118%
c v 94.14 39 34 40 155 41546 6 1284393 91242 1.8 23 13 8 12 48% 28378 8471 2172 118%
c w 94.26 39 34 40 155 41546 6 1284393 89989 1.8 23 13 8 12 48% 28378 8471 2172 118%
c - 94.82 35 33 40 156 41570 6 1293553 90425 1.8 23 13 8 12 48% 28378 8471 2172 118%
c - 95.56 32 31 40 157 41592 5 1306042 91542 1.8 23 12 8 12 48% 28378 8471 2172 118%
c - 96.29 35 30 40 158 41650 5 1318572 91687 1.8 22 12 8 12 48% 28378 8471 2172 118%
c - 97.01 35 28 40 159 41681 5 1331142 91178 1.8 22 12 8 12 48% 28378 8471 2172 118%
c - 97.74 35 26 40 160 41727 4 1343752 90748 1.8 21 12 8 12 48% 28378 8471 2172 118%
c - 98.47 35 25 40 161 41800 4 1356401 92968 1.8 21 11 8 12 48% 28378 8471 2172 118%
c
c  seconds   switched      rate           size/glue  tier1     binary        remaining
c         MB   reductions     conflicts         size   tier2      irredundant
c          level     restarts        redundant     glue    trail        variables
c
c - 99.20 35 24 40 162 41810 4 1369092 95361 1.8 20 11 8 12 48% 28378 8471 2172 118%
c } 99.20 31 24 41 162 41810 4 1369183 95436 1.8 20 11 8 12 48% 28378 8471 2172 118%
c [ 99.20 31 22 41 162 41810 1 1369183 95436 1.8 24 13 8 16 49% 28378 8471 2172 118%
c B 99.20 31 22 41 162 41810 1 1369183 95436 1.8 24 13 8 16 49% 28378 8471 2172 118%
c - 99.99 35 23 41 163 41817 1 1381821 95336 1.8 24 13 8 16 49% 28378 8471 2172 118%
c u 101.02 39 22 41 163 41823 1 1392997 105901 1.8 24 13 8 16 50% 28378 8471 2172 118%
c v 101.28 41 22 41 163 41823 1 1392997 105791 1.8 24 13 8 16 50% 28378 8471 2172 118%
c w 101.37 41 22 41 163 41823 1 1392997 102505 1.8 24 13 8 16 50% 28378 8471 2172 118%
c - 101.54 35 23 41 164 41824 1 1394588 93889 1.8 24 13 8 16 50% 28378 8471 2172 118%
c - 102.54 35 22 41 165 41829 1 1407394 95608 1.9 24 13 8 16 50% 28378 8471 2172 118%
c - 103.54 35 23 41 166 41836 1 1420239 96246 1.9 25 13 8 16 50% 28378 8471 2172 118%
c - 104.57 35 23 41 167 41839 1 1433124 96782 1.9 26 13 8 16 50% 28378 8471 2172 118%
c ] 105.33 35 23 42 167 41840 1 1441588 104947 1.9 26 13 8 16 50% 28378 8471 2172 118%
c { 105.33 35 24 42 167 41840 4 1441588 104947 1.8 20 11 8 12 48% 28378 8471 2172 118%
c o 105.33 35 24 42 167 41842 4 1441623 104982 1.8 20 11 8 12 48% 28378 8471 2172 118%
c - 105.63 35 24 42 168 41871 4 1446048 98526 1.8 20 11 8 12 48% 28378 8471 2172 118%
c - 106.43 35 23 42 169 42019 3 1459010 101609 1.8 20 11 8 12 48% 28378 8471 2172 118%
c - 107.26 35 22 42 170 42170 3 1472010 104637 1.8 20 11 8 12 48% 28378 8471 2172 118%
c - 108.09 35 21 42 171 42329 3 1485048 107647 1.8 19 11 8 12 48% 28378 8471 2172 118%
c - 108.95 36 21 42 172 42500 3 1498124 110408 1.8 19 11 8 12 48% 28378 8471 2172 118%
c
c  seconds    switched      rate            size/glue  tier1     binary        remaining
c          MB   reductions     conflicts          size   tier2      irredundant
c           level     restarts        redundant      glue    trail        variables
c
c u 109.85 39 20 42 172 42638 3 1506460 117710 1.8 19 11 8 12 48% 28378 8471 2172 118%
c v 110.16 41 20 42 172 42638 3 1506460 117293 1.8 19 11 8 12 48% 28378 8471 2172 118%
c w 110.27 41 20 42 172 42638 3 1506460 117077 1.8 19 11 8 12 48% 28378 8471 2172 118%
c - 110.62 36 20 42 173 42782 3 1511240 112479 1.8 19 11 8 12 48% 28378 8471 2172 118%
c - 111.45 37 20 42 174 42996 3 1524394 115124 1.8 19 11 8 12 48% 28378 8471 2172 118%
c - 112.24 36 19 42 175 43177 3 1537585 118155 1.8 18 10 8 12 48% 28378 8471 2172 118%
c } 112.48 36 19 43 175 43246 3 1541561 121772 1.8 18 10 8 12 48% 28378 8471 2172 118%
c [ 112.48 36 23 43 175 43246 1 1541561 121772 1.9 26 13 8 16 50% 28378 8471 2172 118%
c W 112.87 28 23 43 175 43246 1 1541561 121772 1.9 26 13 8 16 50% 28378 8471 2172 118%
c - 113.50 28 23 43 176 43252 1 1550813 119265 1.9 26 13 8 16 50% 28378 8471 2172 118%
c - 114.44 32 24 43 177 43259 1 1564081 119526 1.9 26 14 8 16 50% 28378 8471 2172 118%
c - 115.38 32 24 43 178 43263 1 1577386 118907 1.9 26 14 8 16 50% 28378 8471 2172 118%
c - 116.43 32 24 43 179 43270 1 1590727 119747 1.9 26 14 8 16 50% 28378 8471 2172 118%
c - 117.47 32 23 43 180 43275 1 1604106 121842 1.9 25 14 8 16 50% 28378 8471 2172 118%
c - 118.58 32 23 43 181 43276 1 1617522 123196 1.9 25 14 8 16 50% 28378 8471 2172 118%
c u 119.59 35 23 43 181 43278 1 1624860 129939 1.9 25 14 8 16 50% 28378 8471 2172 118%
c v 119.93 36 23 43 181 43278 1 1624860 129464 1.9 25 14 8 16 50% 28378 8471 2172 118%
c w 120.06 38 23 43 181 43278 1 1624860 128839 1.9 25 14 8 16 50% 28378 8471 2172 118%
c o 120.09 38 23 43 181 43278 1 1624860 128839 1.9 25 14 8 16 50% 28378 8471 2172 118%
c ] 120.21 38 25 44 181 43279 1 1626659 130589 1.8 26 14 8 16 49% 28378 8471 2172 118%
c
c  seconds    switched      rate            size/glue  tier1     binary        remaining
c          MB   reductions     conflicts          size   tier2      irredundant
c           level     restarts        redundant      glue    trail        variables
c
c { 120.21 38 19 44 181 43279 3 1626659 130589 1.8 18 10 8 12 48% 28378 8471 2172 118%
c - 120.49 38 19 44 182 43339 2 1630977 121962 1.8 18 10 8 12 48% 28378 8471 2172 118%
c - 121.37 38 19 44 183 43745 2 1644468 123715 1.7 18 10 8 12 48% 28378 8471 2172 118%
c - 122.27 38 19 44 184 44023 2 1657995 126510 1.7 18 10 8 12 48% 28378 8471 2172 118%
c - 123.15 38 18 44 185 44391 2 1671560 128922 1.7 18 10 8 12 48% 28378 8471 2172 118%
c - 124.09 38 18 44 186 44917 2 1685163 131305 1.7 18 10 8 12 48% 28378 8471 2172 118%
c - 125.02 38 18 44 187 45339 2 1698802 132870 1.7 17 10 8 12 48% 28378 8471 2172 118%
c - 125.98 38 18 44 188 45820 2 1712476 134289 1.7 17 10 8 12 48% 28378 8471 2172 118%
c - 126.88 38 18 44 189 46134 2 1726188 136071 1.7 17 10 8 12 48% 28378 8471 2172 118%
c } 127.53 38 18 45 189 46528 2 1735490 144842 1.7 17 10 8 12 48% 28378 8471 2172 118%
c [ 127.53 38 25 45 189 46528 1 1735490 144842 1.8 26 14 8 16 49% 28378 8471 2172 118%
c I 127.53 38 25 45 189 46528 1 1735490 144842 1.8 26 14 8 16 49% 28378 8471 2172 118%
c - 127.83 38 25 45 190 46531 1 1739935 135631 1.8 26 14 8 16 49% 28378 8471 2172 118%
c u 128.76 38 26 45 190 46535 1 1748222 143486 1.9 26 14 8 16 49% 28378 8471 2172 118%
c v 129.09 38 26 45 190 46535 1 1748222 143390 1.9 26 14 8 16 49% 28378 8471 2172 118%
c w 129.22 38 26 45 190 46535 1 1748222 143380 1.9 26 14 8 16 49% 28378 8471 2172 118%
c - 130.91 38 25 45 191 46539 1 1753720 134679 1.9 26 14 8 16 49% 28378 8471 2172 118%
c - 131.96 38 25 45 192 46542 1 1767541 133057 1.9 26 14 8 16 49% 28378 8471 2172 118%
c - 133.09 38 24 45 193 46550 1 1781397 132772 1.9 26 14 8 16 49% 28378 8471 2172 118%
c - 134.16 38 24 45 194 46557 1 1795292 135771 2.0 27 13 8 16 49% 28378 8471 2172 118%
c
c  seconds    switched      rate            size/glue  tier1     binary        remaining
c          MB   reductions     conflicts          size   tier2      irredundant
c           level     restarts        redundant      glue    trail        variables
c
c - 135.28 40 23 45 195 46558 1 1809220 137959 2.0 27 13 8 16 49% 28378 8471 2172 118%
c - 136.46 40 23 45 196 46563 1 1823184 139121 2.1 27 13 8 16 48% 28378 8471 2172 118%
c ] 137.23 40 24 46 196 46568 1 1832330 148021 2.0 27 13 8 16 48% 28378 8471 2172 118%
c { 137.23 40 18 46 196 46568 2 1832330 148021 1.7 17 10 8 12 48% 28378 8471 2172 118%
c o 137.23 40 18 46 196 46572 2 1832357 148048 1.7 17 10 8 12 48% 28378 8471 2172 118%
c - 137.63 40 18 46 197 46772 2 1837186 139750 1.7 17 10 8 12 48% 28378 8471 2172 118%
c - 138.70 40 18 46 198 47339 2 1851221 141066 1.7 17 10 8 12 48% 28378 8471 2172 118%
c - 139.73 40 18 46 199 48005 2 1865292 142293 1.7 17 10 8 12 48% 28378 8471 2172 118%
c u 140.84 40 18 46 199 48321 2 1876571 152208 1.7 17 10 8 12 48% 28378 8471 2172 118%
c v 141.11 40 18 46 199 48321 2 1876571 151285 1.7 17 10 8 12 48% 28378 8471 2172 118%
c w 141.20 40 18 46 199 48321 2 1876571 151162 1.7 17 10 8 12 48% 28378 8471 2172 118%
c - 141.59 40 18 46 200 48473 2 1879399 142179 1.7 17 10 8 12 48% 28378 8471 2172 118%
c - 142.59 40 18 46 201 49007 2 1893544 142639 1.7 17 10 8 12 48% 28378 8471 2172 118%
c - 143.60 40 18 46 202 49550 2 1907723 144452 1.7 17 10 8 12 48% 28378 8471 2172 118%
c - 144.69 40 18 46 203 50349 2 1921935 145360 1.7 17 10 8 12 48% 28378 8471 2172 118%
c - 145.67 40 18 46 204 50777 2 1936182 145651 1.7 17 10 8 12 48% 28378 8471 2172 118%
c } 146.61 40 18 47 204 51216 2 1950374 158624 1.7 17 10 8 12 48% 28378 8471 2172 118%
c [ 146.61 40 24 47 204 51216 1 1950374 158624 2.0 27 13 8 16 48% 28378 8471 2172 118%
c B 146.61 40 24 47 204 51216 1 1950374 158624 2.0 27 13 8 16 48% 28378 8471 2172 118%
c - 146.65 40 24 47 205 51216 1 1950464 146117 2.0 27 13 8 16 48% 28378 8471 2172 118%
c
c  seconds    switched      rate            size/glue  tier1     binary        remaining
c          MB   reductions     conflicts          size   tier2      irredundant
c           level     restarts        redundant      glue    trail        variables
c
c - 147.73 40 26 47 206 51225 1 1964782 141108 2.0 28 14 8 16 49% 28378 8471 2172 118%
c - 148.88 40 26 47 207 51230 1 1979135 137208 1.9 28 14 8 16 49% 28378 8471 2172 118%
c - 150.12 40 27 47 208 51237 1 1993524 136771 1.9 28 15 8 16 50% 28378 8471 2172 118%
c - 151.39 40 27 47 209 51245 1 2007946 135756 1.8 29 16 8 16 50% 28378 8471 2172 118%
c u 151.99 40 28 47 209 51245 1 2009935 137375 1.9 29 16 8 16 50% 28378 8471 2172 118%
c v 152.37 40 28 47 209 51245 1 2009935 137184 1.9 29 16 8 16 50% 28378 8471 2172 118%
c w 152.51 40 28 47 209 51245 1 2009935 137160 1.9 29 16 8 16 50% 28378 8471 2172 118%
c - 153.43 40 27 47 210 51246 1 2022402 137018 1.9 29 15 8 16 50% 28378 8471 2172 118%
c - 154.65 40 27 47 211 51250 1 2036893 139655 1.9 29 15 8 16 50% 28378 8471 2172 118%
c - 155.94 40 26 47 212 51259 1 2051419 141512 1.9 28 15 8 16 50% 28378 8471 2172 118%
c W 157.19 40 26 47 212 51261 1 2058360 148112 1.9 28 15 8 16 50% 28378 8471 2172 118%
c o 157.19 40 26 47 212 51261 1 2058360 148112 1.9 28 15 8 16 50% 28378 8471 2172 118%
c ] 157.22 40 26 48 212 51261 1 2058597 148336 1.9 28 15 8 16 50% 28378 8471 2172 118%
c { 157.22 40 18 48 212 51261 2 2058597 148336 1.7 17 10 8 12 48% 28378 8471 2172 118%
c - 157.78 40 17 48 213 51548 2 2065979 142804 1.7 17 10 8 12 48% 28378 8471 2172 118%
c - 158.84 40 17 48 214 52075 2 2080573 142228 1.7 17 10 8 12 48% 28378 8471 2172 118%
c - 159.90 40 17 48 215 52466 2 2095202 141160 1.7 17 10 8 12 48% 28378 8471 2172 118%
c - 160.96 40 17 48 216 52920 2 2109865 141362 1.7 17 10 8 12 48% 28378 8471 2172 118%
c - 162.09 40 17 48 217 53682 2 2124561 142703 1.7 17 10 8 12 48% 28378 8471 2172 118%
c - 163.19 40 17 48 218 54425 2 2139292 143362 1.7 17 10 8 12 48% 28378 8471 2172 118%
c
c  seconds    switched      rate            size/glue  tier1     binary        remaining
c          MB   reductions     conflicts          size   tier2      irredundant
c           level     restarts        redundant      glue    trail        variables
c
c u 164.31 40 17 48 218 54748 2 2148364 151188 1.7 17 10 8 12 48% 28378 8471 2172 118%
c v 164.71 40 17 48 218 54748 2 2148364 149155 1.7 17 10 8 12 48% 28378 8471 2172 118%
c w 164.85 40 17 48 218 54748 2 2148364 148937 1.7 17 10 8 12 48% 28378 8471 2172 118%
c - 165.27 40 17 48 219 54842 2 2154056 142223 1.7 17 10 8 12 48% 28378 8471 2172 118%
c - 166.43 40 17 48 220 55778 2 2168855 143018 1.7 17 10 8 12 48% 28378 8471 2172 118%
c - 167.59 40 17 48 221 56624 2 2183687 145909 1.7 17 10 8 12 48% 28378 8471 2172 118%
c } 167.77 40 17 49 221 56729 2 2186207 148234 1.7 17 10 8 12 48% 28378 8471 2172 118%
c [ 167.77 40 26 49 221 56729 1 2186207 148234 1.9 28 15 8 16 50% 28378 8471 2172 118%
c O 167.77 40 26 49 221 56729 1 2186207 148234 1.9 28 15 8 16 50% 28378 8471 2172 118%
c - 168.55 40 25 49 222 56736 1 2198553 149035 1.9 27 14 8 16 50% 28378 8471 2172 118%
c - 169.56 40 24 49 223 56743 1 2213452 151755 1.8 26 14 8 16 50% 28378 8471 2172 118%
c - 170.74 40 23 49 224 56750 1 2228385 152620 1.8 25 14 8 16 50% 28378 8471 2172 118%
c - 172.00 40 22 49 225 56757 1 2243352 153830 1.9 24 13 8 16 50% 28378 8471 2172 118%
c - 173.29 40 21 49 226 56759 1 2258352 154272 1.9 24 13 8 16 49% 28378 8471 2172 118%
c - 174.51 40 22 49 227 56764 1 2273385 152432 1.9 24 13 8 16 49% 28378 8471 2172 118%
c - 175.83 40 21 49 228 56772 1 2288451 153653 1.8 23 13 8 16 49% 28378 8471 2172 118%
c u 176.65 40 21 49 228 56773 1 2291884 152408 1.8 23 13 8 16 49% 28378 8471 2172 118%
c v 177.09 40 21 49 228 56773 1 2291884 150630 1.8 23 13 8 16 49% 28378 8471 2172 118%
c w 177.25 40 21 49 228 56773 1 2291884 149828 1.8 23 13 8 16 49% 28378 8471 2172 118%
c o 177.28 40 21 49 228 56773 1 2291884 149828 1.8 23 13 8 16 49% 28378 8471 2172 118%
c
c  seconds    switched      rate            size/glue  tier1     binary        remaining
c          MB   reductions     conflicts          size   tier2      irredundant
c           level     restarts        redundant      glue    trail        variables
c
c - 178.22 40 23 49 229 56777 1 2303550 145431 1.8 23 13 8 16 49% 28378 8471 2172 118%
c B 178.53 40 22 49 229 56779 1 2307041 148714 1.8 23 13 8 16 49% 28378 8471 2172 118%
c ] 178.62 40 23 50 229 56780 1 2308004 149661 1.8 23 13 8 16 49% 28378 8471 2172 118%
c { 178.62 40 17 50 229 56780 2 2308004 149661 1.7 17 10 8 12 48% 28378 8471 2172 118%
c - 179.37 40 17 50 230 56800 2 2318682 145115 1.7 17 10 8 12 48% 28378 8471 2172 118%
c - 180.42 40 16 50 231 56859 2 2333848 143907 1.7 16 10 8 12 48% 28378 8471 2172 118%
c - 181.47 40 15 50 232 56881 2 2349046 142722 1.7 16 10 8 12 48% 28378 8471 2172 118%
c - 182.45 40 14 50 233 56883 2 2364281 143266 1.6 15 9 8 12 48% 28378 8471 2172 118%
c - 183.51 40 14 50 234 56971 2 2379545 145235 1.6 15 9 8 12 48% 28378 8471 2172 118%
c - 184.54 40 13 50 235 57038 2 2394842 148168 1.6 15 9 8 12 48% 28378 8471 2172 118%
c - 185.57 40 13 50 236 57113 2 2410171 149928 1.6 15 9 8 12 48% 28378 8471 2172 118%
c - 186.65 40 13 50 237 57247 2 2425533 154812 1.6 15 9 8 12 48% 28378 8471 2172 118%
c u 188.16 42 12 50 237 57402 2 2440548 158667 1.6 15 9 8 12 48% 28378 8471 2172 118%
c v 188.57 42 12 50 237 57402 2 2440548 157536 1.6 15 9 8 12 48% 28378 8471 2172 118%
c w 188.71 42 12 50 237 57402 2 2440548 157447 1.6 15 9 8 12 48% 28378 8471 2172 118%
c - 188.79 42 12 50 238 57418 2 2440928 150338 1.6 15 9 8 12 48% 28378 8471 2172 118%
c } 189.11 42 12 51 238 57476 1 2445529 153982 1.6 14 9 8 12 48% 28378 8471 2172 118%
c [ 189.11 42 23 51 238 57476 1 2445529 153982 1.8 23 13 8 16 49% 28378 8471 2172 118%
c W 189.82 42 23 51 238 57476 1 2445529 153982 1.8 23 13 8 16 49% 28378 8471 2172 118%
c - 190.60 42 23 51 239 57482 1 2456355 154788 1.8 23 13 8 16 49% 28378 8471 2172 118%
c
c  seconds    switched      rate            size/glue  tier1     binary        remaining
c          MB   reductions     conflicts          size   tier2      irredundant
c           level     restarts        redundant      glue    trail        variables
c
c - 191.82 42 23 51 240 57490 1 2471814 159086 1.8 24 13 8 16 50% 28378 8471 2172 118%
c - 193.07 42 23 51 241 57497 1 2487305 161604 1.8 24 14 8 16 50% 28378 8471 2172 118%
c - 194.44 42 23 51 242 57504 1 2502830 162485 1.8 24 14 8 16 50% 28378 8471 2172 118%
c - 195.88 42 23 51 243 57506 1 2518386 162803 1.8 24 14 8 16 49% 28378 8471 2172 118%
c - 197.22 42 23 51 244 57512 1 2533974 161164 1.8 24 14 8 16 50% 28378 8471 2172 118%
c - 198.60 42 22 51 245 57520 1 2549595 159926 1.8 24 13 8 16 50% 28378 8471 2172 118%
c ] 199.77 42 21 52 245 57524 1 2562947 172099 1.8 24 13 8 16 50% 28378 8471 2172 118%
c { 199.77 42 12 52 245 57524 1 2562947 172099 1.6 14 9 8 12 48% 28378 8471 2172 118%
c o 199.78 42 12 52 245 57541 1 2563035 172177 1.6 14 9 8 12 48% 28378 8471 2172 118%
c - 200.07 42 13 52 246 58005 2 2565249 158417 1.6 15 9 8 12 48% 28378 8471 2172 118%
c - 201.59 42 14 52 247 60379 2 2580934 156680 1.6 15 9 8 12 48% 28378 8471 2172 118%
c u 203.37 42 15 52 247 62138 2 2594355 167670 1.6 15 10 8 12 48% 28378 8471 2172 118%
c v 203.86 42 15 52 247 62138 2 2594355 163352 1.6 15 10 8 12 48% 28378 8471 2172 118%
c w 204.04 42 15 52 247 62138 2 2594355 160997 1.6 15 10 8 12 48% 28378 8471 2172 118%
c - 204.32 42 15 52 248 62486 2 2596650 151210 1.6 15 10 8 12 48% 28378 8471 2172 118%
c - 205.58 42 15 52 249 63515 2 2612399 151346 1.6 15 10 8 12 48% 28378 8471 2172 118%
c - 206.87 42 16 52 250 64760 2 2628179 150280 1.6 16 10 8 12 48% 28378 8471 2172 118%
c - 208.10 42 16 52 251 65722 2 2643991 150663 1.6 16 10 8 12 48% 28378 8471 2172 118%
c - 209.37 42 16 52 252 66904 3 2659833 120521 1.6 16 10 7 12 48% 28378 8471 2172 118%
c - 210.44 42 16 52 253 67443 3 2675707 113899 1.6 16 10 7 12 48% 28378 8471 2172 118%
c
c  seconds    switched      rate            size/glue  tier1     binary        remaining
c          MB   reductions     conflicts          size   tier2      irredundant
c           level     restarts        redundant      glue    trail        variables
c
c - 211.58 42 17 52 254 68243 3 2691616 113734 1.6 16 10 7 12 48% 28378 8471 2172 118%
c - 212.72 42 17 52 255 69174 3 2707555 115738 1.6 16 10 7 12 48% 28378 8471 2172 118%
c } 212.92 42 17 53 255 69210 3 2710735 118468 1.6 16 10 7 12 48% 28378 8471 2172 118%
c [ 212.92 42 21 53 255 69210 1 2710735 118468 1.8 24 13 8 16 50% 28378 8471 2172 118%
c I 212.92 42 21 53 255 69210 1 2710735 118468 1.8 24 13 8 16 50% 28378 8471 2172 118%
c - 213.77 42 23 53 256 69217 1 2723523 114121 1.8 25 14 8 16 49% 28378 8471 2172 118%
c - 214.95 42 23 53 257 69224 1 2739525 110549 1.8 26 14 8 16 49% 28378 8471 2172 118%
c u 216.51 54 24 53 257 69231 1 2753358 123116 1.9 27 14 8 16 49% 28378 8471 2172 118%
c v 216.98 54 24 53 257 69231 1 2753358 123053 1.9 27 14 8 16 49% 28378 8471 2172 118%
c w 217.17 54 24 53 257 69231 1 2753358 121896 1.9 27 14 8 16 49% 28378 8471 2172 118%
c - 217.39 54 24 53 258 69231 1 2755556 108189 1.9 27 15 8 16 49% 28378 8471 2172 118%
c - 218.67 54 25 53 259 69239 1 2771618 108377 1.9 29 15 8 16 49% 28378 8471 2172 118%
c - 219.97 54 26 53 260 69240 1 2787711 108450 2.0 30 15 8 16 49% 28378 8471 2172 118%
c - 221.30 54 26 53 261 69247 1 2803837 108899 2.0 30 15 8 16 49% 28378 8471 2172 118%
c - 222.72 54 26 53 262 69255 1 2819993 110520 2.0 29 15 8 16 49% 28378 8471 2172 118%
c - 224.12 54 26 53 263 69262 1 2836180 110929 2.0 29 15 8 16 49% 28378 8471 2172 118%
c B 225.46 54 26 53 263 69270 1 2851882 125808 1.9 29 15 8 16 49% 28378 8471 2172 118%
c o 225.46 54 26 53 263 69270 1 2851882 125808 1.9 29 15 8 16 49% 28378 8471 2172 118%
c - 225.53 54 27 53 264 69270 1 2852398 108135 1.9 29 15 8 16 49% 28378 8471 2172 118%
c ] 226.15 54 40 54 264 69271 1 2861225 116679 1.7 32 19 8 16 49% 28378 8471 2172 118%
c
c  seconds    switched      rate            size/glue  tier1     binary        remaining
c          MB   reductions     conflicts          size   tier2      irredundant
c           level     restarts        redundant      glue    trail        variables
c
c { 226.15 54 17 54 264 69271 3 2861225 116679 1.6 16 10 7 12 48% 28378 8471 2172 118%
c - 227.30 54 19 54 265 70839 3 2868646 101799 1.7 17 10 7 12 48% 28378 8471 2172 118%
c - 229.82 54 24 54 266 74289 4 2884925 96419 1.7 19 11 7 12 48% 28378 8471 2172 118%
c - 232.41 54 28 54 267 77737 5 2901234 95780 1.7 21 12 7 12 48% 28378 8471 2172 118%
c u 235.71 54 32 54 267 81041 6 2917555 110322 1.7 22 13 7 12 48% 28378 8471 2172 118%
c v 236.34 54 32 54 267 81041 6 2917555 109816 1.7 22 13 7 12 48% 28378 8471 2172 118%
c w 236.60 54 32 54 267 81041 6 2917555 109763 1.7 22 13 7 12 48% 28378 8471 2172 118%
c - 236.65 54 32 54 268 81045 6 2917575 91702 1.7 22 13 7 12 48% 28378 8471 2172 118%
c - 239.22 54 35 54 269 84195 7 2933947 89869 1.8 24 13 7 12 48% 28378 8471 2172 118%
c - 241.69 54 37 54 270 87060 7 2950348 89619 1.8 25 14 7 12 48% 28378 8471 2172 118%
c - 243.97 54 38 54 271 89383 7 2966779 90551 1.8 26 14 7 12 48% 28378 8471 2172 118%
c - 246.04 54 40 54 272 91182 7 2983244 91952 1.8 27 15 7 12 48% 28378 8471 2172 118%
c - 248.01 54 41 54 273 92650 7 2999736 93277 1.9 27 15 7 12 48% 28378 8471 2172 118%
c - 249.96 54 41 54 274 94071 7 3016260 94478 1.9 28 15 7 12 48% 28378 8471 2172 118%
c } 250.29 54 41 55 274 94225 7 3019620 97787 1.9 28 15 7 12 48% 28378 8471 2172 118%
c [ 250.29 54 40 55 274 94225 1 3019620 97787 1.7 32 19 8 16 49% 28378 8471 2172 118%
c W 251.39 54 40 55 274 94225 1 3019620 97787 1.7 32 19 8 16 49% 28378 8471 2172 118%
c - 252.40 54 39 55 275 94232 1 3032812 95056 1.7 31 18 8 16 49% 28378 8471 2172 118%
c - 253.69 54 36 55 276 94239 1 3049396 98136 1.7 30 18 8 16 49% 28378 8471 2172 118%
c - 255.10 54 33 55 277 94248 1 3066009 101679 1.7 28 17 8 16 49% 28378 8471 2172 118%
c
c  seconds    switched      rate            size/glue  tier1     binary        remaining
c          MB   reductions     conflicts          size   tier2      irredundant
c           level     restarts        redundant      glue    trail        variables
c
c - 256.38 54 31 55 278 94254 1 3082653 102283 1.7 28 16 8 16 49% 28378 8471 2172 118%
c u 257.43 54 31 55 278 94255 1 3087000 104649 1.7 28 16 8 16 49% 28378 8471 2172 118%
c v 258.18 54 31 55 278 94255 1 3087000 100859 1.7 28 16 8 16 49% 28378 8471 2172 118%
c w 258.45 54 31 55 278 94255 1 3087000 98904 1.7 28 16 8 16 49% 28378 8471 2172 118%
c o 258.54 54 31 55 278 94255 1 3087000 98904 1.7 28 16 8 16 49% 28378 8471 2172 118%
c - 259.43 54 35 55 279 94255 1 3099326 93664 1.7 28 16 8 16 49% 28378 8471 2172 118%
c - 260.72 54 33 55 280 94265 1 3116030 93100 1.7 27 16 8 16 49% 28378 8471 2172 118%
c - 262.07 54 31 55 281 94270 1 3132763 96055 1.7 26 15 8 16 49% 28378 8471 2172 118%
c - 263.49 54 29 55 282 94280 1 3149526 96544 1.7 25 15 8 16 49% 28378 8471 2172 118%
c - 265.01 54 27 55 283 94285 1 3166318 97157 1.7 24 14 8 16 49% 28378 8471 2172 118%
c O 265.73 54 26 55 283 94286 1 3174987 105144 1.7 24 14 8 16 49% 28378 8471 2172 118%
c - 266.40 54 25 55 284 94286 1 3183140 95750 1.7 24 14 8 16 49% 28378 8471 2172 118%
c - 267.74 54 24 55 285 94287 1 3199993 94326 1.7 23 13 7 16 49% 28378 8471 2172 118%
c - 269.15 54 23 55 286 94288 1 3216877 94205 1.8 23 13 7 16 49% 28378 8471 2172 118%
c - 270.62 54 23 55 287 94298 1 3233789 93389 1.8 23 13 7 16 49% 28378 8471 2172 118%
c - 272.18 54 22 55 288 94304 1 3250730 94131 1.8 23 13 7 16 48% 28378 8471 2172 118%
c u 273.69 54 21 55 288 94310 1 3261716 102924 1.8 23 13 7 16 48% 28378 8471 2172 118%
c v 274.11 54 21 55 288 94310 1 3261716 98114 1.8 23 13 7 16 48% 28378 8471 2172 118%
c w 274.26 54 21 55 288 94310 1 3261716 94696 1.8 23 13 7 16 48% 28378 8471 2172 118%
c - 274.95 54 21 55 289 94315 1 3267700 89154 1.8 22 12 7 16 48% 28378 8471 2172 118%
c
c  seconds    switched      rate           size/glue  tier1     binary        remaining
c          MB   reductions     conflicts         size   tier2      irredundant
c           level     restarts        redundant     glue    trail        variables
c
c - 276.41 54 20 55 290 94318 1 3284704 94173 1.8 22 12 7 16 48% 28378 8471 2172 118%
c ] 277.43 54 21 56 290 94318 1 3296768 105709 1.8 23 12 7 16 48% 28378 8471 2172 118%
c { 277.43 54 41 56 290 94318 7 3296768 105709 1.9 28 15 7 12 48% 28378 8471 2172 118%
c - 277.84 54 40 56 291 94320 6 3301733 96178 1.9 28 15 7 12 48% 28378 8471 2172 118%
c - 279.21 54 36 56 292 94320 6 3318794 96673 1.9 26 14 7 12 47% 28378 8471 2172 118%
c - 280.51 54 33 56 293 94326 5 3335883 99866 1.9 25 13 7 12 48% 28378 8471 2172 118%
c o 280.57 54 33 56 293 94328 5 3336647 100607 1.9 25 13 7 12 48% 28378 8471 2172 118%
c - 281.74 54 30 56 294 94338 4 3353000 101772 1.9 24 13 7 12 48% 28378 8471 2172 118%
c - 283.02 54 28 56 295 94354 4 3370146 102380 1.8 23 13 7 12 48% 28378 8471 2172 118%
c - 284.25 54 26 56 296 94383 3 3387322 104232 1.8 22 12 7 12 48% 28378 8471 2172 118%
c - 285.43 54 25 56 297 94469 3 3404526 105799 1.8 22 12 7 12 48% 28378 8471 2172 118%
c - 286.61 54 23 56 298 94500 3 3421759 107354 1.8 21 12 7 12 48% 28378 8471 2172 118%
c - 287.82 54 22 56 299 94551 3 3439021 109354 1.8 21 11 7 12 48% 28378 8471 2172 118%
c u 288.60 54 21 56 299 94551 3 3441730 109000 1.8 21 11 7 12 48% 28378 8471 2172 118%
c v 289.15 54 21 56 299 94551 3 3441730 104272 1.8 21 11 7 12 48% 28378 8471 2172 118%
c w 289.34 54 21 56 299 94551 3 3441730 102532 1.8 21 11 7 12 48% 28378 8471 2172 118%
c - 290.42 54 21 56 300 94718 3 3456313 105481 1.8 20 11 7 12 48% 28378 8471 2172 118%
c } 291.03 54 20 57 300 94754 2 3466110 114089 1.8 20 11 7 12 48% 28378 8471 2172 118%
c [ 291.03 54 21 57 300 94754 1 3466110 114089 1.8 23 12 7 16 48% 28378 8471 2172 118%
c B 291.03 54 21 57 300 94754 1 3466110 114089 1.8 23 12 7 16 48% 28378 8471 2172 118%
c
c  seconds    switched      rate            size/glue  tier1     binary        remaining
c          MB   reductions     conflicts          size   tier2      irredundant
c           level     restarts        redundant      glue    trail        variables
c
c - 291.63 54 21 57 301 94759 1 3473634 109138 1.8 22 12 7 16 48% 28378 8471 2172 118%
c - 293.05 54 20 57 302 94768 1 3490983 111433 1.8 22 12 7 16 49% 28378 8471 2172 118%
c - 294.61 54 20 57 303 94775 1 3508361 112748 1.9 22 12 7 16 49% 28378 8471 2172 118%
c - 296.16 54 20 57 304 94783 1 3525768 112975 1.9 23 12 7 16 49% 28378 8471 2172 118%
c - 297.80 54 20 57 305 94784 1 3543203 113882 1.9 23 12 7 16 49% 28378 8471 2172 118%
c - 299.42 54 19 57 306 94792 1 3560668 115486 1.9 22 12 7 16 49% 28378 8471 2172 118%
c - 301.08 54 19 57 307 94799 1 3578160 116787 1.9 22 12 7 16 49% 28378 8471 2172 118%
c - 302.75 54 19 57 308 94809 1 3595682 117054 1.9 23 12 7 16 49% 28378 8471 2172 118%
c ] 303.81 54 19 58 308 94814 1 3605546 126083 1.9 22 12 7 16 49% 28378 8471 2172 118%
c { 303.81 54 20 58 308 94814 2 3605546 126083 1.8 20 11 7 12 48% 28378 8471 2172 118%
c o 303.83 54 20 58 308 94829 2 3605631 126168 1.8 20 11 7 12 48% 28378 8471 2172 118%
c - 304.43 54 20 58 309 94982 2 3613233 117282 1.8 20 11 7 12 48% 28378 8471 2172 118%
c u 306.03 54 20 58 309 95132 2 3627070 127097 1.8 19 11 7 12 48% 28378 8471 2172 118%
c v 306.68 54 20 58 309 95132 2 3627070 124917 1.8 19 11 7 12 48% 28378 8471 2172 118%
c w 306.90 54 20 58 309 95132 2 3627070 123497 1.8 19 11 7 12 48% 28378 8471 2172 118%
c - 307.20 54 19 58 310 95192 2 3630812 114787 1.8 19 11 7 12 48% 28378 8471 2172 118%
c - 308.40 54 19 58 311 95466 2 3648420 119012 1.8 19 11 7 12 48% 28378 8471 2172 118%
c - 309.66 54 19 58 312 95846 2 3666056 121512 1.8 19 10 7 12 48% 28378 8471 2172 118%
c - 310.93 54 18 58 313 96071 2 3683719 123736 1.8 18 10 7 12 48% 28378 8471 2172 118%
c - 312.11 54 18 58 314 96331 2 3701411 125578 1.8 18 10 7 12 48% 28378 8471 2172 118%
c
c  seconds    switched      rate            size/glue  tier1     binary        remaining
c          MB   reductions     conflicts          size   tier2      irredundant
c           level     restarts        redundant      glue    trail        variables
c
c - 313.46 54 18 58 315 96982 2 3719131 127425 1.8 18 10 7 12 48% 28378 8471 2172 118%
c - 314.81 54 17 58 316 97419 2 3736879 129910 1.8 18 10 7 12 48% 28378 8471 2172 118%
c - 316.16 54 17 58 317 98076 2 3754655 131623 1.7 18 10 7 12 48% 28378 8471 2172 118%
c - 317.57 54 17 58 318 98911 2 3772459 133675 1.7 18 10 7 12 48% 28378 8471 2172 118%
c } 318.65 54 17 59 318 99507 2 3786175 145912 1.7 17 10 7 12 48% 28378 8471 2172 118%
c [ 318.65 54 19 59 318 99507 1 3786175 145912 1.9 22 12 7 16 49% 28378 8471 2172 118%
c W 320.05 54 19 59 318 99507 1 3786175 145912 1.9 22 12 7 16 49% 28378 8471 2172 118%
c - 320.40 54 19 59 319 99510 1 3790293 135088 1.9 23 12 7 16 49% 28378 8471 2172 118%
c - 321.86 54 19 59 320 99520 1 3808153 136036 1.8 22 12 7 16 49% 28378 8471 2172 118%
c u 323.25 54 19 59 320 99521 1 3817759 143382 1.8 22 12 7 16 49% 28378 8471 2172 118%
c v 323.82 54 19 59 320 99521 1 3817759 133050 1.8 22 12 7 16 49% 28378 8471 2172 118%
c w 324.03 54 19 59 320 99521 1 3817759 127612 1.8 22 12 7 16 49% 28378 8471 2172 118%
c - 324.76 54 19 59 321 99527 1 3826041 120045 1.8 22 12 7 16 49% 28378 8471 2172 118%
c - 326.34 54 19 59 322 99536 1 3843957 127977 1.9 23 12 7 16 50% 28378 8471 2172 118%
c - 327.95 54 20 59 323 99537 1 3861902 131692 1.9 23 12 7 16 50% 28378 8471 2172 118%
c o 328.97 54 20 59 323 99542 1 3873265 142694 1.9 24 12 7 16 50% 28378 8471 2172 118%
c - 329.56 54 22 59 324 99544 1 3879875 130125 1.9 24 13 7 16 50% 28378 8471 2172 118%
c - 331.08 54 21 59 325 99552 1 3897875 128839 1.8 23 13 7 15 50% 28378 8471 2172 118%
c - 332.63 54 21 59 326 99562 1 3915903 129827 1.9 23 12 7 15 50% 28378 8471 2172 118%
c - 334.20 54 21 59 327 99568 1 3933959 129564 1.9 24 12 7 15 49% 28378 8471 2172 118%
c
c  seconds    switched      rate            size/glue  tier1     binary        remaining
c          MB   reductions     conflicts          size   tier2      irredundant
c           level     restarts        redundant      glue    trail        variables
c
c ] 335.14 54 21 60 327 99568 1 3944586 139577 1.9 23 12 7 15 49% 28378 8471 2172 118%
c { 335.14 54 17 60 327 99568 2 3944586 139577 1.7 17 10 7 12 48% 28378 8471 2172 118%
c - 335.79 54 17 60 328 99789 2 3952044 129386 1.7 17 10 7 12 48% 28378 8471 2172 118%
c - 337.24 54 17 60 329 100437 2 3970156 128777 1.7 17 10 7 12 47% 28378 8471 2172 118%
c - 338.62 54 17 60 330 100847 2 3988296 128721 1.7 17 10 7 12 47% 28378 8471 2172 118%
c - 339.99 54 17 60 331 101215 2 4006461 128260 1.7 17 10 7 12 47% 28378 8471 2172 118%
c u 341.24 54 17 60 331 101534 2 4013824 134077 1.7 17 10 7 12 47% 28378 8471 2172 118%
c v 341.87 54 17 60 331 101534 2 4013824 130252 1.7 17 10 7 12 47% 28378 8471 2172 118%
c w 342.09 54 17 60 331 101534 2 4013824 129851 1.7 17 10 7 12 47% 28378 8471 2172 118%
c - 342.98 54 17 60 332 101928 2 4024655 126785 1.7 17 10 7 12 47% 28378 8471 2172 118%
c - 344.43 54 17 60 333 102712 2 4042878 130185 1.7 17 10 7 12 47% 28378 8471 2172 118%
c - 345.89 54 17 60 334 103444 2 4061127 132285 1.7 17 10 7 12 47% 28378 8471 2172 118%
c - 347.40 54 17 60 335 104442 2 4079402 134313 1.7 17 10 7 12 48% 28378 8471 2172 118%
c - 348.88 54 17 60 336 105251 2 4097705 136336 1.7 17 10 7 12 48% 28378 8471 2172 118%
c - 350.24 54 17 60 337 105710 2 4116035 137732 1.7 17 10 7 12 48% 28378 8471 2172 118%
c - 351.71 54 17 60 338 106422 2 4134393 138851 1.7 17 10 7 12 48% 28378 8471 2172 118%
c } 351.87 54 17 61 338 106422 2 4136839 140931 1.7 17 10 7 12 48% 28378 8471 2172 118%
c [ 351.87 54 21 61 338 106422 1 4136839 140931 1.9 23 12 7 15 49% 28378 8471 2172 118%
c I 351.87 54 21 61 338 106422 1 4136839 140931 1.9 23 12 7 15 49% 28378 8471 2172 118%
c - 353.15 54 22 61 339 106431 1 4152777 136092 1.9 24 13 7 15 49% 28378 8471 2172 118%
c
c  seconds    switched       rate            size/glue  tier1     binary        remaining
c          MB   reductions      conflicts          size   tier2      irredundant
c           level      restarts        redundant      glue    trail        variables
c
c - 354.76 54 22 61 340 106438 1 4171188 131783 1.8 24 13 7 15 50% 28378 8471 2172 118%
c - 356.47 54 22 61 341 106449 1 4189628 130428 1.8 25 14 7 16 49% 28378 8471 2172 118%
c - 358.22 54 23 61 342 106452 1 4208094 128712 1.8 25 14 7 16 49% 28378 8471 2172 118%
c u 359.59 54 23 61 342 106452 1 4215290 134161 1.8 25 14 7 16 49% 28378 8471 2172 118%
c v 360.25 54 23 61 342 106452 1 4215290 133425 1.8 25 14 7 16 49% 28378 8471 2172 118%
c w 360.49 54 23 61 342 106452 1 4215290 129603 1.8 25 14 7 16 49% 28378 8471 2172 118%
c o 360.52 54 23 61 342 106452 1 4215290 129603 1.8 25 14 7 16 49% 28378 8471 2172 118%
c - 361.37 54 30 61 343 106458 1 4226587 122646 1.7 26 16 7 16 49% 28378 8471 2172 118%
c - 362.89 54 29 61 344 106467 1 4245107 124719 1.8 27 15 7 16 49% 28378 8471 2172 118%
c - 364.55 54 28 61 345 106474 1 4263654 126965 1.8 27 15 7 16 49% 28378 8471 2172 118%
c - 366.22 54 28 61 346 106482 1 4282229 125466 1.8 27 15 7 16 49% 28378 8471 2172 118%
c - 367.93 54 27 61 347 106484 1 4300830 125442 1.9 27 14 7 16 49% 28378 8471 2172 118%
c ] 369.11 54 26 62 347 106484 1 4313129 137283 1.9 27 14 7 16 49% 28378 8471 2172 118%
c { 369.11 54 17 62 347 106484 2 4313129 137283 1.7 17 10 7 12 48% 28378 8471 2172 118%
c - 369.65 54 17 62 348 106674 2 4319458 125526 1.7 17 10 7 12 48% 28378 8471 2172 118%
c - 371.15 54 17 62 349 107274 2 4338112 124752 1.7 17 10 7 12 48% 28378 8471 2172 118%
c - 372.69 54 17 62 350 108099 2 4356793 125698 1.7 17 10 7 12 48% 28378 8471 2172 118%
c - 374.17 54 17 62 351 108788 2 4375501 127832 1.7 17 10 7 12 48% 28378 8471 2172 118%
c - 375.66 54 17 62 352 109561 2 4394235 130047 1.7 17 10 7 12 48% 28378 8471 2172 118%
c - 377.02 54 17 62 353 109882 2 4412997 132172 1.7 17 10 7 12 47% 28378 8471 2172 118%
c
c  seconds    switched       rate            size/glue  tier1     binary        remaining
c          MB   reductions      conflicts          size   tier2      irredundant
c           level      restarts        redundant      glue    trail        variables
c
c u 378.44 54 17 62 353 110281 2 4422185 138025 1.7 17 10 7 12 48% 28378 8471 2172 118%
c v 379.10 54 17 62 353 110281 2 4422185 134475 1.7 17 10 7 12 48% 28378 8471 2172 118%
c w 379.33 54 17 62 353 110281 2 4422185 134124 1.7 17 10 7 12 48% 28378 8471 2172 118%
c - 380.07 54 17 62 354 110594 2 4431786 128276 1.7 17 10 7 12 47% 28378 8471 2172 118%
c - 381.60 54 17 62 355 111419 2 4450600 133076 1.7 17 10 7 12 47% 28378 8471 2172 118%
c - 383.08 54 17 62 356 112143 2 4469441 136129 1.6 17 10 7 12 47% 28378 8471 2172 118%
c - 384.67 54 17 62 357 113032 2 4488309 137775 1.6 17 10 7 12 47% 28378 8471 2172 118%
c o 385.22 54 17 62 357 113163 2 4495585 144471 1.7 17 10 7 12 47% 28378 8471 2172 118%
c - 386.14 54 17 62 358 113508 2 4507203 139186 1.6 17 10 7 12 47% 28378 8471 2172 118%
c } 386.97 54 17 63 358 113912 2 4517339 148541 1.6 17 10 7 12 48% 28378 8471 2172 118%
c [ 386.97 54 26 63 358 113912 1 4517339 148541 1.9 27 14 7 16 49% 28378 8471 2172 118%
c B 386.97 54 26 63 358 113912 1 4517339 148541 1.9 27 14 7 16 49% 28378 8471 2172 118%
c - 387.65 54 27 63 359 113918 1 4526123 137403 1.9 27 15 7 16 49% 28378 8471 2172 118%
c - 389.22 54 26 63 360 113926 1 4545070 135514 1.9 27 14 7 16 49% 28378 8471 2172 118%
c - 390.91 54 25 63 361 113935 1 4564043 135915 1.9 27 14 7 16 49% 28378 8471 2172 118%
c - 392.77 54 24 63 362 113942 1 4583045 136919 1.9 26 13 7 16 49% 28378 8471 2172 118%
c - 394.40 54 23 63 363 113945 1 4602071 136640 2.0 26 13 7 16 50% 28378 8471 2172 118%
c - 396.15 54 22 63 364 113956 1 4621128 135762 2.0 25 13 7 16 50% 28378 8471 2172 118%
c u 398.17 54 22 63 364 113960 1 4634532 147161 2.0 25 13 7 16 50% 28378 8471 2172 118%
c v 398.91 54 22 63 364 113960 1 4634532 143251 2.0 25 13 7 16 50% 28378 8471 2172 118%
c
c  seconds    switched       rate            size/glue  tier1     binary        remaining
c          MB   reductions      conflicts          size   tier2      irredundant
c           level      restarts        redundant      glue    trail        variables
c
c w 399.18 54 22 63 364 113960 1 4634532 140805 2.0 25 13 7 16 50% 28378 8471 2172 118%
c - 399.73 54 22 63 365 113963 1 4640208 128632 2.0 25 13 7 15 50% 28378 8471 2172 118%
c - 401.60 54 21 63 366 113972 1 4659312 130479 2.0 25 13 7 15 50% 28378 8471 2172 118%
c - 403.57 54 20 63 367 113973 1 4678444 132005 2.0 24 12 7 15 50% 28378 8471 2172 118%
c - 405.44 54 21 63 368 113974 1 4697601 131033 2.0 24 12 7 15 50% 28378 8471 2172 118%
c ] 405.76 54 21 64 368 113974 1 4700698 133994 2.0 24 12 7 15 50% 28378 8471 2172 118%
c { 405.76 54 17 64 368 113974 2 4700698 133994 1.6 17 10 7 12 48% 28378 8471 2172 118%
c - 407.13 54 17 64 369 114348 2 4716784 129459 1.6 17 10 7 12 47% 28378 8471 2172 118%
c - 408.71 54 17 64 370 115054 2 4735993 131540 1.6 17 10 7 12 48% 28378 8471 2172 118%
c - 410.27 54 17 64 371 115675 2 4755228 133756 1.6 17 10 7 12 48% 28378 8471 2172 118%
c - 411.81 54 17 64 372 116220 2 4774490 135845 1.6 17 10 7 12 48% 28378 8471 2172 118%
c o 412.71 54 17 64 372 116451 2 4786113 146268 1.7 16 10 7 12 48% 28378 8471 2172 118%
c - 413.40 54 17 64 373 116880 2 4793778 138020 1.6 16 10 7 12 48% 28378 8471 2172 118%
c - 415.00 54 17 64 374 117644 2 4813091 140225 1.6 16 10 7 12 48% 28378 8471 2172 118%
c - 416.70 54 17 64 375 118684 2 4832430 142395 1.6 17 10 7 12 48% 28378 8471 2172 118%
c - 418.36 54 17 64 376 119451 2 4851796 144022 1.6 17 10 7 12 48% 28378 8471 2172 118%
c u 419.16 54 17 64 376 119451 2 4852360 142176 1.6 17 10 7 12 48% 28378 8471 2172 118%
c v 419.90 54 17 64 376 119451 2 4852360 139515 1.6 17 10 7 12 48% 28378 8471 2172 118%
c w 420.14 54 17 64 376 119451 2 4852360 139217 1.6 17 10 7 12 48% 28378 8471 2172 118%
c - 421.73 54 17 64 377 120181 2 4871187 141879 1.6 17 10 7 12 48% 28378 8471 2172 118%
c
c  seconds    switched       rate            size/glue  tier1     binary        remaining
c          MB   reductions      conflicts          size   tier2      irredundant
c           level      restarts        redundant      glue    trail        variables
c
c - 423.25 54 17 64 378 120650 2 4890604 144504 1.7 17 10 7 12 47% 28378 8471 2172 118%
c - 424.88 54 17 64 379 121443 2 4910047 146163 1.7 17 10 7 12 47% 28378 8471 2172 118%
c } 425.49 54 17 65 379 121737 2 4917196 152587 1.7 17 10 7 12 48% 28378 8471 2172 118%
c [ 425.49 54 21 65 379 121737 1 4917196 152587 2.0 24 12 7 15 50% 28378 8471 2172 118%
c W 427.53 54 21 65 379 121737 1 4917196 152587 2.0 24 12 7 15 50% 28378 8471 2172 118%
c - 428.59 54 21 65 380 121744 1 4929514 144772 2.0 25 13 7 15 50% 28378 8471 2172 118%
c - 430.36 54 22 65 381 121751 1 4949008 141384 1.9 25 13 7 15 50% 28378 8471 2172 118%
c - 432.19 54 22 65 382 121764 1 4968528 141254 1.9 25 13 7 15 50% 28378 8471 2172 118%
c - 433.85 54 21 65 383 121767 1 4988073 143244 1.9 24 13 7 15 50% 28378 8471 2172 118%
c - 435.73 54 21 65 384 121774 1 5007643 142814 1.9 24 13 7 15 50% 28378 8471 2172 118%
c - 437.66 54 20 65 385 121782 1 5027240 141993 1.9 24 12 7 15 50% 28378 8471 2172 118%
c - 439.58 54 20 65 386 121792 1 5046862 140098 1.9 24 12 7 15 50% 28378 8471 2172 118%
c - 441.53 54 20 65 387 121798 1 5066508 136636 1.9 24 13 7 15 50% 28378 8471 2172 118%
c u 443.19 56 20 65 387 121798 1 5075665 143487 1.9 24 13 7 15 50% 28378 8471 2172 118%
c v 443.98 56 20 65 387 121798 1 5075665 139858 1.9 24 13 7 15 50% 28378 8471 2172 118%
c w 444.25 56 20 65 387 121798 1 5075665 135732 1.9 24 13 7 15 50% 28378 8471 2172 118%
c - 448.36 56 20 65 388 121799 1 5086181 129290 1.9 24 12 7 15 50% 28378 8471 2172 118%
c - 450.37 56 20 65 389 121799 1 5105879 133447 1.9 24 12 7 15 50% 28378 8471 2172 118%
c ] 450.85 56 20 66 389 121799 1 5110748 138117 1.9 24 12 7 15 50% 28378 8471 2172 118%
c { 450.85 56 17 66 389 121799 2 5110748 138117 1.7 17 10 7 12 48% 28378 8471 2172 118%
c
c  seconds    switched       rate            size/glue  tier1     binary        remaining
c          MB   reductions      conflicts          size   tier2      irredundant
c           level      restarts        redundant      glue    trail        variables
c
c o 451.07 56 17 66 389 121805 2 5112943 140055 1.7 17 10 7 12 48% 28378 8471 2172 118%
c - 452.13 56 16 66 390 121815 2 5125604 135028 1.6 16 10 7 12 48% 28378 8471 2172 118%
c - 453.74 56 15 66 391 121835 2 5145352 135651 1.6 16 10 7 11 48% 28378 8471 2172 118%
c - 455.30 56 15 66 392 121841 2 5165125 135705 1.6 16 10 7 11 48% 28378 8471 2172 118%
c - 456.90 56 14 66 393 121917 2 5184925 136131 1.6 15 9 7 11 48% 28378 8471 2172 118%
c - 458.38 56 13 66 394 121949 2 5204749 137519 1.6 15 9 7 11 48% 28378 8471 2172 118%
c - 459.91 56 13 66 395 122042 1 5224598 141070 1.6 15 9 7 11 48% 28378 8471 2172 118%
c - 461.45 56 12 66 396 122055 1 5244473 144445 1.6 14 9 7 11 48% 28378 8471 2172 118%
c - 463.03 56 12 66 397 122192 1 5264372 148667 1.6 14 9 7 11 48% 28378 8471 2172 118%
c - 464.67 56 12 66 398 122494 1 5284296 153451 1.6 14 9 7 11 48% 28378 8471 2172 118%
c - 466.33 56 11 66 399 122807 1 5304246 155867 1.6 14 9 7 11 48% 28378 8471 2172 118%
c u 466.95 56 11 66 399 122807 1 5304501 155432 1.6 14 9 7 11 48% 28378 8471 2172 118%
c v 467.48 56 11 66 399 122807 1 5304501 153797 1.6 14 9 7 11 48% 28378 8471 2172 118%
c w 467.66 56 11 66 399 122807 1 5304501 153694 1.6 14 9 7 11 48% 28378 8471 2172 118%
c - 469.48 56 11 66 400 123189 1 5324221 155497 1.6 14 9 7 11 48% 28378 8471 2172 118%
c } 470.78 56 11 67 400 123476 1 5339864 167897 1.6 14 9 7 11 48% 28378 8471 2172 118%
c [ 470.78 56 20 67 400 123476 1 5339864 167897 1.9 24 12 7 15 50% 28378 8471 2172 118%
c O 470.78 56 20 67 400 123476 1 5339864 167897 1.9 24 12 7 15 50% 28378 8471 2172 118%
c - 471.19 56 20 67 401 123479 1 5344221 159847 1.9 24 12 7 15 50% 28378 8471 2172 118%
c - 473.04 56 19 67 402 123489 1 5364247 163350 1.9 23 12 7 15 49% 28378 8471 2172 118%
c
c  seconds    switched       rate            size/glue  tier1     binary        remaining
c          MB   reductions      conflicts          size   tier2      irredundant
c           level      restarts        redundant      glue    trail        variables
c
c - 474.99 56 19 67 403 123497 1 5384300 163856 1.9 23 12 7 15 49% 28378 8471 2172 118%
c - 477.09 56 19 67 404 123505 1 5404375 163470 1.9 23 12 7 15 49% 28378 8471 2172 118%
c - 479.26 56 19 67 405 123509 1 5424476 163989 1.9 23 12 7 15 49% 28378 8471 2172 118%
c - 481.46 56 18 67 406 123520 1 5444601 163412 1.9 22 12 7 15 49% 28378 8471 2172 118%
c - 483.39 56 19 67 407 123528 1 5464750 162153 1.9 23 12 7 15 49% 28378 8471 2172 118%
c - 485.37 56 19 67 408 123536 1 5484924 159717 1.9 23 12 7 15 49% 28378 8471 2172 118%
c - 487.55 56 19 67 409 123538 1 5505124 158932 1.9 23 12 7 15 49% 28378 8471 2172 118%
c - 489.71 56 18 67 410 123538 1 5525349 159177 1.9 23 12 7 15 48% 28378 8471 2172 118%
c ] 490.58 56 19 68 410 123538 1 5534556 167956 1.9 23 12 7 15 48% 28378 8471 2172 118%
c { 490.58 56 11 68 410 123538 1 5534556 167956 1.6 14 9 7 11 48% 28378 8471 2172 118%
c o 490.59 56 11 68 410 123547 1 5534613 168011 1.6 14 9 7 11 48% 28378 8471 2172 118%
c u 492.02 56 12 68 410 124213 1 5538868 164147 1.6 14 9 7 11 48% 28378 8471 2172 118%
c v 492.95 73 12 68 410 124213 1 5538868 156724 1.6 14 9 7 11 48% 28378 8471 2172 118%
c w 493.28 73 12 68 410 124213 1 5538868 146930 1.6 14 9 7 11 48% 28378 8471 2172 118%
c - 494.11 67 12 68 411 125311 2 5545597 140020 1.6 14 9 7 11 48% 28378 8471 2172 118%
c - 496.23 67 14 68 412 127638 2 5565870 117969 1.6 15 9 6 11 48% 28378 8471 2172 118%
c - 498.05 65 14 68 413 129192 2 5586168 113816 1.6 15 9 6 11 48% 28378 8471 2172 118%
c - 499.83 67 15 68 414 130508 2 5606490 113156 1.6 15 10 6 11 48% 28378 8471 2172 118%
c - 501.59 64 15 68 415 131743 2 5626836 113834 1.6 15 10 6 11 48% 28378 8471 2172 118%
c - 503.29 64 16 68 416 132869 2 5647207 115184 1.6 15 10 6 11 48% 28378 8471 2172 118%
c
c  seconds    switched       rate            size/glue  tier1     binary        remaining
c          MB   reductions      conflicts          size   tier2      irredundant
c           level      restarts        redundant      glue    trail        variables
c
c - 505.02 67 16 68 417 133846 2 5667604 116187 1.6 16 10 6 11 48% 28378 8471 2172 118%
c - 506.75 67 16 68 418 134840 2 5688024 117353 1.6 16 10 6 11 48% 28378 8471 2172 118%
c - 508.39 67 17 68 419 135651 2 5708469 118670 1.6 16 10 6 11 48% 28378 8471 2172 118%
c - 510.12 63 17 68 420 136615 2 5728938 119849 1.6 16 10 6 11 48% 28378 8471 2172 118%
c - 511.85 67 17 68 421 137569 2 5749433 120321 1.6 16 10 6 11 48% 28378 8471 2172 118%
c - 513.51 63 17 68 422 138459 2 5769953 120105 1.6 16 10 6 11 47% 28378 8471 2172 118%
c } 514.09 63 17 69 422 138722 2 5776617 126041 1.6 16 10 6 11 48% 28378 8471 2172 118%
c [ 514.09 63 19 69 422 138722 1 5776617 126041 1.9 23 12 7 15 48% 28378 8471 2172 118%
c B 514.09 63 19 69 422 138722 1 5776617 126041 1.9 23 12 7 15 48% 28378 8471 2172 118%
c u 515.01 67 20 69 422 138724 1 5778792 124380 1.9 23 12 7 15 48% 28378 8471 2172 118%
c v 515.81 69 20 69 422 138724 1 5778792 120437 1.9 23 12 7 15 48% 28378 8471 2172 118%
c w 516.10 69 20 69 422 138724 1 5778792 120138 1.9 23 12 7 15 48% 28378 8471 2172 118%
c - 517.06 63 20 69 423 138730 1 5790500 109872 1.9 24 13 7 15 49% 28378 8471 2172 118%
c - 518.76 63 21 69 424 138738 1 5811067 107337 1.9 25 13 7 15 49% 28378 8471 2172 118%
c - 520.53 64 21 69 425 138750 1 5831660 105125 1.9 25 13 7 15 49% 28378 8471 2172 118%
c - 522.41 64 21 69 426 138752 1 5852275 104690 1.9 25 13 7 15 49% 28378 8471 2172 118%
c - 524.21 64 21 69 427 138761 1 5872914 106286 1.9 25 13 7 15 49% 28378 8471 2172 118%
c o 526.05 64 21 69 427 138770 1 5893460 126136 2.0 26 13 7 15 49% 28378 8471 2172 118%
c - 526.08 67 22 69 428 138770 1 5893577 108761 2.0 26 13 7 15 49% 28378 8471 2172 118%
c - 527.89 65 24 69 429 138781 1 5914267 106633 1.9 26 13 7 15 49% 28378 8471 2172 118%
c
c  seconds    switched       rate            size/glue  tier1     binary        remaining
c          MB   reductions      conflicts          size   tier2      irredundant
c           level      restarts        redundant      glue    trail        variables
c
c - 529.85 65 23 69 430 138783 1 5934980 103149 1.9 26 13 7 15 49% 28378 8471 2172 118%
c - 531.90 64 24 69 431 138784 1 5955716 100920 1.9 27 14 7 15 49% 28378 8471 2172 118%
c - 533.96 63 25 69 432 138787 1 5976477 96920 1.9 27 14 7 15 49% 28378 8471 2172 118%
c W 538.18 56 25 69 432 138798 1 5993900 113559 1.9 27 14 7 15 49% 28378 8471 2172 118%
c - 538.45 56 25 69 433 138798 1 5997262 97238 1.9 27 14 7 15 49% 28378 8471 2172 118%
c - 540.13 56 25 69 434 138806 1 6018070 101603 1.9 26 14 7 15 49% 28378 8471 2172 118%
c ] 540.25 56 25 70 434 138808 1 6019645 103112 1.9 26 14 7 15 49% 28378 8471 2172 118%
c { 540.25 56 17 70 434 138808 2 6019645 103112 1.6 16 10 6 11 48% 28378 8471 2172 118%
c u 541.73 56 19 70 434 139604 3 6024299 105625 1.6 17 10 6 11 48% 28378 8471 2172 118%
c v 542.56 56 19 70 434 139604 3 6024299 104820 1.6 17 10 6 11 48% 28378 8471 2172 118%
c w 542.86 56 19 70 434 139604 3 6024299 101406 1.6 17 10 6 11 48% 28378 8471 2172 118%
c - 545.22 56 23 70 435 142145 4 6038904 93627 1.7 19 11 6 11 47% 28378 8471 2172 118%
c - 548.69 56 29 70 436 145767 5 6059761 91047 1.7 22 13 6 11 47% 28378 8471 2172 118%
c - 552.29 56 33 70 437 149305 5 6080641 89646 1.7 24 14 6 11 47% 28378 8471 2172 118%
c - 555.71 56 36 70 438 152499 6 6101545 89724 1.8 25 14 6 11 47% 28378 8471 2172 118%
c - 558.91 56 38 70 439 155154 6 6122475 90578 1.8 27 15 6 11 47% 28378 8471 2172 118%
c - 561.97 56 40 70 440 157393 6 6143428 91481 1.8 28 15 6 11 47% 28378 8471 2172 118%
c - 564.53 56 41 70 441 158712 6 6164405 92333 1.9 29 16 6 11 48% 28378 8471 2172 118%
c - 567.02 56 42 70 442 159806 6 6185405 93263 1.9 30 16 6 11 48% 28378 8471 2172 118%
c - 569.76 56 42 70 443 161327 6 6206430 92899 2.0 31 16 6 11 48% 28378 8471 2172 118%
c
c  seconds    switched       rate            size/glue  tier1     binary        remaining
c          MB   reductions      conflicts          size   tier2      irredundant
c           level      restarts        redundant      glue    trail        variables
c
c o 572.05 56 43 70 443 162682 5 6224034 110226 2.0 31 16 6 11 48% 28378 8471 2172 118%
c - 572.53 56 43 70 444 162930 5 6227477 91369 2.0 31 16 6 11 48% 28378 8471 2172 118%
c - 575.17 56 43 70 445 164327 5 6248549 90448 2.0 32 16 6 12 48% 28378 8471 2172 118%
c - 577.73 56 43 70 446 165620 5 6269648 90516 2.0 32 16 6 12 48% 28378 8471 2172 118%
c } 578.42 56 43 71 446 166060 5 6274974 95792 2.0 32 16 6 12 48% 28378 8471 2172 118%
c [ 578.42 56 25 71 446 166060 1 6274974 95792 1.9 26 14 7 15 49% 28378 8471 2172 118%
c I 578.42 56 25 71 446 166060 1 6274974 95792 1.9 26 14 7 15 49% 28378 8471 2172 118%
c u 579.72 56 25 71 446 166060 1 6275414 93468 1.9 26 14 7 15 49% 28378 8471 2172 118%
c v 581.04 56 25 71 446 166060 1 6275414 92654 1.9 26 14 7 15 49% 28378 8471 2172 118%
c w 581.51 56 25 71 446 166060 1 6275414 92568 1.9 26 14 7 15 49% 28378 8471 2172 118%
c - 582.81 56 24 71 447 166069 1 6290766 89891 1.9 26 14 7 15 49% 28378 8471 2172 118%
c - 584.61 56 24 71 448 166078 1 6311908 94401 1.9 26 14 7 15 49% 28378 8471 2172 118%
c - 586.54 56 23 71 449 166089 1 6333074 95548 1.9 26 14 7 15 49% 28378 8471 2172 118%
c - 588.40 56 23 71 450 166090 1 6354265 93065 1.9 26 14 7 15 49% 28378 8471 2172 118%
c - 590.53 56 24 71 451 166103 1 6375478 91095 1.9 27 14 7 15 49% 28378 8471 2172 118%
c - 592.74 56 24 71 452 166111 1 6396714 90942 1.9 27 14 7 15 49% 28378 8471 2172 118%
c - 594.97 56 23 71 453 166120 1 6417975 91691 1.9 27 14 7 15 49% 28378 8471 2172 118%
c - 596.99 56 24 71 454 166122 1 6439258 92774 1.9 27 14 7 15 49% 28378 8471 2172 118%
c - 598.90 56 26 71 455 166122 1 6460566 91127 1.9 28 14 7 15 49% 28378 8471 2172 118%
c - 601.00 56 27 71 456 166129 1 6481896 88826 1.9 28 15 7 15 49% 28378 8471 2172 118%
c
c  seconds    switched       rate           size/glue  tier1     binary        remaining
c          MB   reductions      conflicts         size   tier2      irredundant
c           level      restarts        redundant     glue    trail        variables
c
c - 603.07 56 26 71 457 166137 1 6503253 89704 1.9 28 15 7 15 49% 28378 8471 2172 118%
c B 603.62 56 26 71 457 166141 1 6508940 94939 1.9 28 15 7 15 49% 28378 8471 2172 118%
c - 604.91 56 26 71 458 166150 1 6524631 92959 1.9 27 15 7 15 49% 28378 8471 2172 118%
c u 606.42 56 26 71 458 166152 1 6532140 98056 1.9 27 14 7 15 49% 28378 8471 2172 118%
c v 607.35 56 26 71 458 166152 1 6532140 97633 1.9 27 14 7 15 49% 28378 8471 2172 118%
c w 607.69 56 26 71 458 166152 1 6532140 97578 1.9 27 14 7 15 49% 28378 8471 2172 118%
c - 609.03 56 24 71 459 166153 1 6546032 94014 1.9 26 14 6 15 49% 28378 8471 2172 118%
c - 611.17 56 25 71 460 166162 1 6567457 94720 1.9 26 14 6 15 49% 28378 8471 2172 118%
c - 613.38 56 23 71 461 166171 1 6588904 94755 1.9 25 13 6 15 49% 28378 8471 2172 118%
c - 615.54 56 22 71 462 166182 1 6610374 99472 1.9 24 13 6 15 49% 28378 8471 2172 118%
c - 617.69 56 21 71 463 166184 1 6631868 100670 1.9 24 13 6 15 49% 28378 8471 2172 118%
c - 619.81 56 21 71 464 166185 1 6653385 100794 1.9 24 13 6 15 49% 28378 8471 2172 118%
c ] 620.99 56 20 72 464 166185 1 6664898 111366 1.9 23 12 6 15 49% 28378 8471 2172 118%
c { 620.99 56 43 72 464 166185 5 6664898 111366 2.0 32 16 6 12 48% 28378 8471 2172 118%
c - 621.94 56 40 72 465 166185 5 6674925 101231 2.0 31 16 6 12 48% 28378 8471 2172 118%
c - 623.84 56 36 72 466 166188 4 6696489 103586 2.0 29 15 6 12 48% 28378 8471 2172 118%
c - 625.60 56 33 72 467 166203 4 6718077 104645 1.9 28 14 6 12 48% 28378 8471 2172 118%
c o 625.82 56 32 72 467 166205 3 6721094 107559 1.9 27 14 6 12 48% 28378 8471 2172 118%
c - 627.31 56 29 72 468 166214 3 6739688 105106 1.9 26 13 6 12 48% 28378 8471 2172 118%
c - 629.08 56 27 72 469 166269 3 6761321 106238 1.9 25 13 6 12 48% 28378 8471 2172 118%
c
c  seconds    switched       rate            size/glue  tier1     binary        remaining
c          MB   reductions      conflicts          size   tier2      irredundant
c           level      restarts        redundant      glue    trail        variables
c
c - 630.73 56 25 72 470 166276 2 6782977 107333 1.9 24 12 6 12 48% 28378 8471 2172 118%
c u 632.50 56 24 72 470 166283 2 6794524 111743 1.9 23 12 6 12 48% 28378 8471 2172 118%
c v 633.43 56 24 72 470 166283 2 6794524 104503 1.9 23 12 6 12 48% 28378 8471 2172 118%
c w 633.75 56 24 72 470 166283 2 6794524 101777 1.9 23 12 6 12 48% 28378 8471 2172 118%
c - 634.53 56 23 72 471 166305 2 6804656 92170 1.9 23 12 6 12 48% 28378 8471 2172 118%
c - 636.23 56 21 72 472 166365 2 6826359 97228 1.9 22 12 6 12 48% 28378 8471 2172 118%
c - 637.86 56 20 72 473 166419 2 6848084 101733 1.8 21 11 6 12 48% 28378 8471 2172 118%
c - 639.56 56 19 72 474 166611 2 6869834 103035 1.8 20 11 6 12 48% 28378 8471 2172 118%
c - 641.27 56 19 72 475 166931 2 6891606 103986 1.8 20 11 6 12 48% 28378 8471 2172 118%
c - 642.94 56 18 72 476 167175 2 6913400 104253 1.8 19 11 6 12 48% 28378 8471 2172 118%
c } 644.59 56 18 73 476 167537 2 6933815 122673 1.8 19 11 6 12 48% 28378 8471 2172 118%
c [ 644.59 56 20 73 476 167537 1 6933815 122673 1.9 23 12 6 15 49% 28378 8471 2172 118%
c W 647.73 56 20 73 476 167537 1 6933815 122673 1.9 23 12 6 15 49% 28378 8471 2172 118%
c - 647.87 56 20 73 477 167538 1 6935218 104611 1.9 24 12 6 15 49% 28378 8471 2172 118%
c - 649.73 56 22 73 478 167550 1 6957058 99400 1.9 25 13 6 15 50% 28378 8471 2172 118%
c - 651.71 56 24 73 479 167559 1 6978923 91836 1.8 26 14 6 15 50% 28378 8471 2172 118%
c - 653.80 56 25 73 480 167567 1 7000811 89290 1.8 27 15 6 15 50% 28378 8471 2172 118%
c - 655.84 56 25 73 481 167573 1 7022720 91507 1.8 27 15 6 15 50% 28378 8471 2172 118%
c - 657.86 56 25 73 482 167582 1 7044651 94262 1.8 28 15 6 15 50% 28378 8471 2172 118%
c u 660.27 56 25 73 482 167591 1 7062568 110053 1.8 28 15 6 15 50% 28378 8471 2172 118%
c
c  seconds    switched       rate            size/glue  tier1     binary        remaining
c          MB   reductions      conflicts          size   tier2      irredundant
c           level      restarts        redundant      glue    trail        variables
c
c v 661.15 56 25 73 482 167591 1 7062568 109796 1.8 28 15 6 15 50% 28378 8471 2172 118%
c w 661.49 56 25 73 482 167591 1 7062568 109257 1.8 28 15 6 15 50% 28378 8471 2172 118%
c - 661.93 56 25 73 483 167594 1 7066605 94325 1.8 28 15 6 15 50% 28378 8471 2172 118%
c - 664.05 56 24 73 484 167598 1 7088583 99633 1.9 27 15 6 15 50% 28378 8471 2172 118%
c - 666.24 56 24 73 485 167599 1 7110584 103316 1.9 27 14 6 15 50% 28378 8471 2172 118%
c - 668.52 56 23 73 486 167602 1 7132609 104549 1.9 27 14 6 15 50% 28378 8471 2172 118%
c - 670.89 56 23 73 487 167613 1 7154655 104695 1.9 26 14 6 15 50% 28378 8471 2172 118%
c ] 671.97 56 22 74 487 167616 1 7165317 114702 1.9 26 13 6 15 50% 28378 8471 2172 118%
c { 671.97 56 18 74 487 167616 2 7165317 114702 1.8 19 11 6 12 48% 28378 8471 2172 118%
c o 672.00 56 18 74 487 167635 2 7165517 114895 1.8 19 11 6 12 48% 28378 8471 2172 118%
c - 672.98 56 18 74 488 167874 2 7176723 105323 1.7 18 10 6 12 48% 28378 8471 2172 118%
c - 674.78 56 17 74 489 168245 2 7198814 107217 1.7 18 10 6 12 48% 28378 8471 2172 118%
c - 676.60 56 17 74 490 168815 2 7220928 109055 1.7 18 10 6 12 48% 28378 8471 2172 118%
c - 678.45 56 17 74 491 169527 2 7243065 110501 1.7 18 10 6 12 48% 28378 8471 2172 118%
c - 680.34 56 17 74 492 170148 2 7265223 111772 1.7 17 10 6 12 48% 28378 8471 2172 118%
c - 682.28 56 17 74 493 171025 2 7287404 112827 1.7 17 10 6 12 48% 28378 8471 2172 118%
c - 684.16 56 17 74 494 171798 2 7309607 114227 1.7 17 10 6 12 48% 28378 8471 2172 118%
c - 686.00 56 17 74 495 172379 2 7331834 115378 1.7 17 10 6 12 48% 28378 8471 2172 118%
c u 687.28 56 17 74 495 172583 2 7336299 116305 1.7 17 10 6 12 48% 28378 8471 2172 118%
c v 688.24 56 17 74 495 172583 2 7336299 113085 1.7 17 10 6 12 48% 28378 8471 2172 118%
c
c  seconds    switched       rate            size/glue  tier1     binary        remaining
c          MB   reductions      conflicts          size   tier2      irredundant
c           level      restarts        redundant      glue    trail        variables
c
c w 688.57 56 17 74 495 172583 2 7336299 112532 1.7 17 10 6 12 48% 28378 8471 2172 118%
c - 690.11 56 17 74 496 173197 2 7354082 109942 1.7 17 10 6 12 48% 28378 8471 2172 118%
c - 691.88 56 17 74 497 173700 2 7376353 112028 1.7 17 10 6 11 48% 28378 8471 2172 118%
c - 693.72 56 17 74 498 174451 2 7398646 113405 1.7 17 10 6 11 48% 28378 8471 2172 118%
c - 695.56 56 17 74 499 175069 2 7420961 115178 1.7 17 10 6 11 47% 28378 8471 2172 118%
c - 697.44 56 17 74 500 175720 2 7443299 115831 1.7 17 10 6 11 47% 28378 8471 2172 118%
c } 697.90 56 17 75 500 176086 2 7448141 120303 1.7 17 10 6 11 47% 28378 8471 2172 118%
c [ 697.90 56 22 75 500 176086 1 7448141 120303 1.9 26 13 6 15 50% 28378 8471 2172 118%
c O 697.91 56 22 75 500 176086 1 7448141 120303 1.9 26 13 6 15 50% 28378 8471 2172 118%
c - 699.43 56 22 75 501 176097 1 7465662 116945 1.9 25 13 6 15 49% 28378 8471 2172 118%
c - 701.62 56 21 75 502 176106 1 7488045 117940 1.9 24 13 6 15 49% 28378 8471 2172 118%
c - 703.83 56 20 75 503 176115 1 7510450 117669 1.9 24 12 6 15 49% 28378 8471 2172 118%
c - 706.23 56 20 75 504 176119 1 7532877 116454 1.9 23 12 6 15 49% 28378 8471 2172 118%
c - 708.54 56 20 75 505 176131 1 7555327 116503 1.9 23 12 6 15 49% 28378 8471 2172 118%
c - 710.78 56 19 75 506 176141 1 7577801 116639 1.9 23 12 6 15 49% 28378 8471 2172 118%
c - 713.11 56 19 75 507 176147 1 7600296 116066 1.9 23 12 6 15 49% 28378 8471 2172 118%
c u 715.64 56 20 75 507 176148 1 7615715 127052 1.9 23 12 6 15 49% 28378 8471 2172 118%
c v 716.70 56 20 75 507 176148 1 7615715 124902 1.9 23 12 6 15 49% 28378 8471 2172 118%
c w 717.08 56 20 75 507 176148 1 7615715 119233 1.9 23 12 6 15 49% 28378 8471 2172 118%
c o 717.11 56 20 75 507 176148 1 7615715 119233 1.9 23 12 6 15 49% 28378 8471 2172 118%
c
c  seconds    switched       rate            size/glue  tier1     binary        remaining
c          MB   reductions      conflicts          size   tier2      irredundant
c           level      restarts        redundant      glue    trail        variables
c
c - 717.74 56 32 75 508 176148 1 7622812 101696 1.7 25 15 6 15 49% 28378 8471 2172 118%
c - 719.75 56 58 75 509 176149 1 7645350 95214 1.6 30 19 6 15 49% 28378 8471 2172 118%
c - 721.85 56 52 75 510 176162 1 7667912 92941 1.6 30 19 6 15 49% 28378 8471 2172 118%
c - 724.03 56 47 75 511 176171 1 7690496 97139 1.7 30 18 6 15 49% 28378 8471 2172 118%
c ] 724.62 56 45 76 511 176176 1 7696489 102837 1.7 30 18 6 15 49% 28378 8471 2172 118%
c { 724.62 56 17 76 511 176176 2 7696489 102837 1.7 17 10 6 11 47% 28378 8471 2172 118%
c - 726.04 56 17 76 512 176746 2 7713101 103756 1.7 17 10 6 11 48% 28378 8471 2172 118%
c - 728.02 56 17 76 513 177678 2 7735728 111481 1.6 17 10 6 11 48% 28378 8471 2172 118%
c - 729.94 56 17 76 514 178392 2 7758377 115392 1.6 17 10 6 11 48% 28378 8471 2172 118%
c - 731.89 56 17 76 515 179180 2 7781048 116914 1.6 16 10 6 11 48% 28378 8471 2172 118%
c - 733.86 56 17 76 516 180059 2 7803744 118189 1.6 16 10 6 11 47% 28378 8471 2172 118%
c - 735.83 56 17 76 517 180895 2 7826459 119167 1.6 16 10 6 11 47% 28378 8471 2172 118%
c - 737.90 56 17 76 518 182014 2 7849196 120204 1.6 17 10 6 11 47% 28378 8471 2172 118%
c - 739.94 56 17 76 519 183004 2 7871955 121171 1.6 17 10 6 11 47% 28378 8471 2172 118%
c - 741.98 56 17 76 520 183904 2 7894737 121753 1.6 17 10 6 11 48% 28378 8471 2172 118%
c u 743.40 56 17 76 520 184013 2 7900871 124495 1.6 17 10 6 11 47% 28378 8471 2172 118%
c v 744.37 56 17 76 520 184013 2 7900871 119439 1.6 17 10 6 11 47% 28378 8471 2172 118%
c w 744.70 56 17 76 520 184013 2 7900871 118869 1.6 17 10 6 11 47% 28378 8471 2172 118%
c - 750.19 56 17 76 521 184751 2 7917541 115115 1.6 17 10 6 11 47% 28378 8471 2172 118%
c - 752.18 56 17 76 522 185471 2 7940368 118404 1.6 17 10 6 11 47% 28378 8471 2172 118%
c
c  seconds    switched       rate            size/glue  tier1     binary        remaining
c          MB   reductions      conflicts          size   tier2      irredundant
c           level      restarts        redundant      glue    trail        variables
c
c - 754.12 56 17 76 523 185991 2 7963215 119746 1.7 17 10 6 11 47% 28378 8471 2172 118%
c - 756.16 56 17 76 524 187014 2 7986084 120644 1.6 17 10 6 11 47% 28378 8471 2172 118%
c o 756.19 56 17 76 524 187024 2 7986354 120897 1.6 17 10 6 11 47% 28378 8471 2172 118%
c } 756.75 56 17 77 524 187155 2 7993541 127287 1.6 17 10 6 11 47% 28378 8471 2172 118%
c [ 756.75 56 45 77 524 187155 1 7993541 127287 1.7 30 18 6 15 49% 28378 8471 2172 118%
c B 756.75 56 45 77 524 187155 1 7993541 127287 1.7 30 18 6 15 49% 28378 8471 2172 118%
c - 758.08 56 42 77 525 187164 1 8008976 119654 1.7 30 17 6 15 49% 28378 8471 2172 118%
c - 760.20 56 39 77 526 187174 1 8031888 115760 1.8 30 17 6 15 49% 28378 8471 2172 118%
c - 762.43 56 36 77 527 187184 1 8054823 114830 1.8 29 16 6 15 49% 28378 8471 2172 118%
c - 764.77 56 32 77 528 187188 1 8077779 116288 1.9 28 15 6 15 49% 28378 8471 2172 118%
c - 767.22 56 30 77 529 187200 1 8100758 117808 1.9 27 15 6 15 49% 28378 8471 2172 118%
c - 769.83 56 28 77 530 187210 1 8123760 117791 1.9 27 14 6 15 49% 28378 8471 2172 118%
c - 772.24 56 26 77 531 187216 1 8146781 116603 1.9 26 14 6 15 49% 28378 8471 2172 118%
c - 774.67 56 26 77 532 187217 1 8169824 112889 1.9 27 14 6 15 49% 28378 8471 2172 118%
c u 777.90 56 25 77 532 187219 1 8191762 133100 1.9 27 14 6 15 49% 28378 8471 2172 118%
c v 778.70 56 25 77 532 187219 1 8191762 132613 1.9 27 14 6 15 49% 28378 8471 2172 118%
c w 779.01 73 25 77 532 187219 1 8191762 130679 1.9 27 14 6 15 49% 28378 8471 2172 118%
c - 779.35 63 25 77 533 187220 1 8192889 108576 1.9 27 14 6 15 49% 28378 8471 2172 118%
c - 782.19 67 24 77 534 187232 1 8215979 113880 1.9 26 14 6 15 49% 28378 8471 2172 118%
c - 785.00 67 24 77 535 187242 1 8239089 116703 1.9 26 14 6 15 49% 28378 8471 2172 118%
c
c  seconds    switched       rate            size/glue  tier1     binary        remaining
c          MB   reductions      conflicts          size   tier2      irredundant
c           level      restarts        redundant      glue    trail        variables
c
c ] 785.54 63 23 78 535 187245 1 8243467 120695 1.9 26 14 6 15 49% 28378 8471 2172 118%
c { 785.54 63 17 78 535 187245 2 8243467 120695 1.6 17 10 6 11 47% 28378 8471 2172 118%
c - 787.30 67 17 78 536 187983 2 8262219 118307 1.6 17 10 6 11 47% 28378 8471 2172 118%
c - 789.50 64 17 78 537 189154 2 8285371 120605 1.6 17 10 6 11 47% 28378 8471 2172 118%
c - 791.69 67 17 78 538 190297 2 8308544 121370 1.6 17 10 6 11 47% 28378 8471 2172 118%
c - 793.73 67 17 78 539 190966 2 8331739 121888 1.6 17 10 6 11 47% 28378 8471 2172 118%
c - 795.80 67 17 78 540 191743 2 8354955 122766 1.6 17 10 6 11 47% 28378 8471 2172 118%
c o 796.82 67 17 78 540 192196 2 8366520 133121 1.6 17 10 6 11 47% 28378 8471 2172 118%
c - 797.91 67 17 78 541 192670 2 8378192 124079 1.6 17 10 6 11 47% 28378 8471 2172 118%
c - 799.93 67 17 78 542 193350 2 8401453 125337 1.6 17 10 6 11 47% 28378 8471 2172 118%
c - 802.07 67 17 78 543 194370 2 8424735 125897 1.6 17 10 6 11 48% 28378 8471 2172 118%
c - 804.17 67 17 78 544 195154 2 8448041 126550 1.6 17 10 6 11 48% 28378 8471 2172 118%
c - 806.33 67 17 78 545 195991 2 8471364 126871 1.6 17 10 6 11 48% 28378 8471 2172 118%
c u 808.81 69 17 78 545 196341 2 8488391 139262 1.6 17 10 6 11 47% 28378 8471 2172 118%
c v 809.91 71 17 78 545 196341 2 8488391 134362 1.6 17 10 6 11 47% 28378 8471 2172 118%
c w 810.28 71 17 78 545 196341 2 8488391 133785 1.6 17 10 6 11 47% 28378 8471 2172 118%
c - 810.90 67 17 78 546 196592 2 8494709 121310 1.6 17 10 6 11 47% 28378 8471 2172 118%
c - 812.99 67 17 78 547 197545 2 8518077 122818 1.6 17 10 6 11 47% 28378 8471 2172 118%
c - 815.13 67 17 78 548 198434 2 8541465 124870 1.6 17 10 6 11 47% 28378 8471 2172 118%
c } 816.35 67 17 79 548 199022 2 8555057 137018 1.6 17 10 6 11 47% 28378 8471 2172 118%
c
c  seconds    switched       rate            size/glue  tier1     binary        remaining
c          MB   reductions      conflicts          size   tier2      irredundant
c           level      restarts        redundant      glue    trail        variables
c
c [ 816.35 67 23 79 548 199022 1 8555057 137018 1.9 26 14 6 15 49% 28378 8471 2172 118%
c W 820.10 56 23 79 548 199022 1 8555057 137018 1.9 26 14 6 15 49% 28378 8471 2172 118%
c - 820.98 56 23 79 549 199028 1 8564874 124669 1.9 26 14 6 15 49% 28378 8471 2172 118%
c - 823.15 56 22 79 550 199037 1 8588306 124149 1.9 25 13 6 15 49% 28378 8471 2172 118%
c - 825.43 56 21 79 551 199050 1 8611758 124768 1.9 24 13 6 15 50% 28378 8471 2172 118%
c - 827.88 56 21 79 552 199052 1 8635233 124691 1.8 24 13 6 15 50% 28378 8471 2172 118%
c - 830.41 56 20 79 553 199066 1 8658729 123302 1.8 23 13 6 15 50% 28378 8471 2172 118%
c - 832.93 56 20 79 554 199075 1 8682246 122491 1.8 23 13 6 15 50% 28378 8471 2172 118%
c - 835.27 56 20 79 555 199083 1 8705783 122357 1.8 23 13 6 15 49% 28378 8471 2172 118%
c - 837.74 56 20 79 556 199084 1 8729342 121255 1.8 23 12 6 15 49% 28378 8471 2172 118%
c - 840.38 56 19 79 557 199086 1 8752922 121749 1.8 23 12 6 15 48% 28378 8471 2172 118%
c - 842.96 56 19 79 558 199099 1 8776526 122575 1.8 22 12 6 15 48% 28378 8471 2172 118%
c u 845.59 56 19 79 558 199104 1 8790810 131806 1.8 22 12 6 15 48% 28378 8471 2172 118%
c v 846.76 56 19 79 558 199104 1 8790810 111670 1.8 22 12 6 15 48% 28378 8471 2172 118%
c w 847.18 56 19 79 558 199104 1 8790810 96311 1.8 22 12 6 15 48% 28378 8471 2172 118%
c o 847.20 56 19 79 558 199104 1 8790810 96311 1.8 22 12 6 15 48% 28378 8471 2172 118%
c - 847.99 56 23 79 559 199109 1 8800148 92111 1.8 23 13 6 15 48% 28378 8471 2172 118%
c - 850.09 56 23 79 560 199115 1 8823794 101194 1.8 23 13 6 15 49% 28378 8471 2172 118%
c I 850.91 56 23 79 560 199115 1 8832723 109638 1.8 24 13 6 15 49% 28378 8471 2172 118%
c ] 851.22 56 23 80 560 199118 1 8836318 113162 1.8 24 14 6 15 49% 28378 8471 2172 118%
c
c  seconds    switched       rate            size/glue  tier1     binary        remaining
c          MB   reductions      conflicts          size   tier2      irredundant
c           level      restarts        redundant      glue    trail        variables
c
c { 851.22 56 17 80 560 199118 2 8836318 113162 1.6 17 10 6 11 47% 28378 8471 2172 118%
c - 852.24 56 17 80 561 199559 2 8847458 111070 1.6 17 10 6 11 47% 28378 8471 2172 118%
c - 854.23 56 17 80 562 200126 2 8871144 118440 1.6 17 10 6 11 47% 28378 8471 2172 118%
c - 856.32 56 17 80 563 201087 2 8894853 107252 1.6 16 10 5 11 47% 28378 8471 2172 118%
c - 858.41 56 17 80 564 201921 2 8918580 104720 1.7 17 10 5 11 48% 28378 8471 2172 118%
c - 860.40 56 17 80 565 202611 2 8942329 104433 1.7 17 10 5 11 47% 28378 8471 2172 118%
c - 862.46 56 17 80 566 203501 2 8966099 104300 1.7 17 10 5 11 47% 28378 8471 2172 118%
c - 864.58 56 17 80 567 204524 2 8989890 104375 1.7 17 10 5 11 47% 28378 8471 2172 118%
c - 866.64 56 17 80 568 205306 2 9013701 104461 1.7 17 10 5 11 48% 28378 8471 2172 118%
c - 868.71 56 17 80 569 206271 2 9037533 103950 1.6 17 10 5 11 47% 28378 8471 2172 118%
c - 870.79 56 17 80 570 207192 2 9061386 103798 1.7 17 10 5 11 47% 28378 8471 2172 118%
c - 872.90 56 17 80 571 208257 2 9085260 104144 1.6 17 10 5 11 47% 28378 8471 2172 118%
c u 874.96 56 17 80 571 208665 2 9099018 111872 1.6 17 10 5 11 47% 28378 8471 2172 118%
c v 875.99 56 17 80 571 208665 2 9099018 106293 1.6 17 10 5 11 47% 28378 8471 2172 118%
c w 876.36 56 17 80 571 208665 2 9099018 105787 1.6 17 10 5 11 47% 28378 8471 2172 118%
c - 877.29 56 17 80 572 209148 2 9109156 96056 1.6 17 10 5 11 47% 28378 8471 2172 118%
c - 879.28 56 17 80 573 209860 2 9133072 97773 1.7 17 10 5 11 47% 28378 8471 2172 118%
c - 881.27 56 17 80 574 210563 2 9157012 99898 1.6 17 10 5 11 47% 28378 8471 2172 118%
c } 881.76 56 17 81 574 210817 2 9162761 105194 1.7 17 10 5 11 47% 28378 8471 2172 118%
c [ 881.76 56 23 81 574 210817 1 9162761 105194 1.8 24 14 6 15 49% 28378 8471 2172 118%
c
c  seconds    switched       rate            size/glue  tier1     binary        remaining
c          MB   reductions      conflicts          size   tier2      irredundant
c           level      restarts        redundant      glue    trail        variables
c
c B 881.76 56 23 81 574 210817 1 9162761 105194 1.8 24 14 6 15 49% 28378 8471 2172 118%
c - 883.38 56 23 81 575 210828 1 9180970 97381 1.8 24 14 6 15 49% 28378 8471 2172 118%
c - 885.65 56 22 81 576 210838 1 9204949 96309 1.8 24 13 6 15 50% 28378 8471 2172 118%
c - 887.94 56 21 81 577 210847 1 9228949 97595 1.8 23 13 6 15 50% 28378 8471 2172 118%
c - 890.48 56 21 81 578 210854 1 9252969 97017 1.8 24 13 6 15 50% 28378 8471 2172 118%
c - 893.18 56 21 81 579 210862 1 9277010 97690 1.8 23 13 6 15 50% 28378 8471 2172 118%
c - 895.71 56 21 81 580 210876 1 9301072 97714 1.8 23 13 6 15 49% 28378 8471 2172 118%
c - 898.24 56 21 81 581 210878 1 9325159 97338 1.8 24 13 6 15 49% 28378 8471 2172 118%
c - 900.79 56 20 81 582 210879 1 9349263 98794 1.8 24 13 6 15 49% 28378 8471 2172 118%
c - 903.32 56 20 81 583 210888 1 9373387 102117 1.8 23 13 6 15 49% 28378 8471 2172 118%
c - 905.75 56 20 81 584 210899 1 9397532 101642 1.8 23 13 6 15 49% 28378 8471 2172 118%
c o 906.05 56 20 81 584 210901 1 9400522 104424 1.8 23 13 6 15 49% 28378 8471 2172 118%
c u 908.21 56 28 81 584 210908 1 9413041 111820 1.8 25 14 6 15 49% 28378 8471 2172 118%
c v 909.38 56 28 81 584 210908 1 9413041 95782 1.8 25 14 6 15 49% 28378 8471 2172 118%
c w 909.82 56 28 81 584 210908 1 9413041 86824 1.8 25 14 6 15 49% 28378 8471 2172 118%
c - 910.65 56 28 81 585 210909 1 9421700 77657 1.8 25 14 6 15 49% 28378 8471 2172 118%
c - 912.97 56 28 81 586 210914 1 9445886 82580 1.8 26 14 6 15 49% 28378 8471 2172 118%
c ] 913.35 56 28 82 586 210917 1 9450002 86417 1.8 26 14 6 15 49% 28378 8471 2172 118%
c { 913.35 56 17 82 586 210917 2 9450002 86417 1.7 17 10 5 11 47% 28378 8471 2172 118%
c - 914.91 56 16 82 587 210932 2 9470094 88464 1.6 16 10 5 11 48% 28378 8471 2172 118%
c
c  seconds    switched       rate           size/glue  tier1     binary        remaining
c          MB   reductions      conflicts         size   tier2      irredundant
c           level      restarts        redundant     glue    trail        variables
c
c - 916.95 56 15 82 588 210941 2 9494322 94095 1.6 16 10 5 11 48% 28378 8471 2172 118%
c - 918.88 56 14 82 589 211004 2 9518570 95678 1.6 15 9 5 11 48% 28378 8471 2172 118%
c - 920.84 56 13 82 590 211115 2 9542839 95856 1.6 15 9 5 11 48% 28378 8471 2172 118%
c - 922.74 56 12 82 591 211186 1 9567129 96767 1.6 14 9 5 11 48% 28378 8471 2172 118%
c - 924.66 56 12 82 592 211319 1 9591439 97560 1.6 14 9 5 11 48% 28378 8471 2172 118%
c - 926.65 56 12 82 593 211707 1 9615772 98775 1.6 14 9 5 11 48% 28378 8471 2172 118%
c - 928.62 56 11 82 594 212014 1 9640124 99407 1.6 14 9 5 11 48% 28378 8471 2172 118%
c - 930.65 56 11 82 595 212375 1 9664497 99871 1.6 14 9 5 11 48% 28378 8471 2172 118%
c - 932.64 56 11 82 596 212796 1 9688889 100579 1.6 14 9 5 11 48% 28378 8471 2172 118%
c - 934.71 56 11 82 597 213154 1 9713303 99879 1.6 13 8 5 11 47% 28378 8471 2172 118%
c u 937.39 56 11 82 597 213926 1 9732880 109498 1.6 13 8 5 11 47% 28378 8471 2172 118%
c v 938.41 56 11 82 597 213926 1 9732880 96729 1.6 13 8 5 11 47% 28378 8471 2172 118%
c w 938.76 56 11 82 597 213926 1 9732880 96482 1.6 13 8 5 11 47% 28378 8471 2172 118%
c - 939.23 56 11 82 598 214125 1 9737737 85802 1.6 13 8 5 11 47% 28378 8471 2172 118%
c - 941.36 56 11 82 599 215091 1 9762192 95145 1.6 13 9 5 11 47% 28378 8471 2172 118%
c - 943.44 56 11 82 600 215849 1 9786667 97992 1.6 13 9 5 11 48% 28378 8471 2172 118%
c } 943.86 56 11 83 600 215991 1 9791608 101811 1.6 13 9 5 11 48% 28378 8471 2172 118%
c [ 943.86 56 28 83 600 215991 1 9791608 101811 1.8 26 14 6 15 49% 28378 8471 2172 118%
c W 948.51 56 28 83 600 215991 1 9791608 101811 1.8 26 14 6 15 49% 28378 8471 2172 118%
c - 950.18 56 27 83 601 216003 1 9811161 97936 1.8 26 14 6 15 49% 28378 8471 2172 118%
c
c  seconds    switched       rate           size/glue  tier1     binary        remaining
c          MB   reductions      conflicts         size   tier2      irredundant
c           level      restarts        redundant     glue    trail        variables
c
c - 952.32 56 25 83 602 216012 1 9835677 99621 1.8 25 14 6 15 49% 28378 8471 2172 118%
c - 954.59 56 26 83 603 216021 1 9860213 97293 1.8 26 14 6 15 50% 28378 8471 2172 118%
c - 956.89 56 27 83 604 216028 1 9884770 92440 1.8 26 14 6 15 50% 28378 8471 2172 118%
c - 959.49 56 26 83 605 216039 1 9909346 93183 1.9 27 14 6 15 50% 28378 8471 2172 118%
c - 961.91 56 25 83 606 216051 1 9933945 95616 1.9 26 14 6 15 50% 28378 8471 2172 118%
c - 964.41 56 24 83 607 216053 1 9958564 97968 1.9 26 14 6 15 51% 28378 8471 2172 118%
c - 966.88 56 24 83 608 216053 1 9983202 98311 1.9 26 14 6 15 51% 28378 8471 2172 118%
c - 969.56 56 23 83 609 216066 1 10007859 97596 1.8 25 14 6 15 50% 28378 8471 2172 118%
c - 972.05 56 22 83 610 216075 1 10032536 100350 1.8 24 13 6 15 50% 28378 8471 2172 118%
c - 974.43 56 22 83 611 216084 1 10057234 102921 1.8 24 13 6 15 50% 28378 8471 2172 118%
c u 975.58 56 22 83 611 216084 1 10058560 100365 1.9 24 13 6 15 50% 28378 8471 2172 118%
c v 976.78 56 22 83 611 216084 1 10058560 90063 1.9 24 13 6 15 50% 28378 8471 2172 118%
c w 977.21 56 22 83 611 216084 1 10058560 82774 1.9 24 13 6 15 50% 28378 8471 2172 118%
c o 977.23 56 22 83 611 216084 1 10058560 82774 1.9 24 13 6 15 50% 28378 8471 2172 118%
c - 979.23 56 32 83 612 216091 1 10081952 86086 1.8 26 15 6 15 50% 28378 8471 2172 118%
c O 980.60 56 30 83 612 216099 1 10096804 100221 1.8 26 14 6 15 50% 28378 8471 2172 118%
c ] 980.98 56 30 84 612 216099 1 10101356 104349 1.8 26 14 6 15 50% 28378 8471 2172 118%
c { 980.98 56 11 84 612 216099 1 10101356 104349 1.6 13 9 5 11 48% 28378 8471 2172 118%
c - 981.60 56 11 84 613 217023 1 10106691 92763 1.6 14 9 5 11 48% 28378 8471 2172 118%
c - 984.15 56 13 84 614 220448 2 10131449 99957 1.5 14 9 5 11 48% 28378 8471 2172 118%
c
c  seconds    switched       rate             size/glue  tier1     binary        remaining
c          MB   reductions      conflicts           size   tier2      irredundant
c           level      restarts         redundant      glue    trail        variables
c
c - 986.61 56 15 84 615 222939 2 10156230 101535 1.6 15 10 5 11 48% 28378 8471 2172 118%
c - 988.85 56 15 84 616 224492 2 10181030 102089 1.6 15 10 5 11 48% 28378 8471 2172 118%
c - 991.04 56 16 84 617 225975 2 10205849 102650 1.6 15 10 5 11 48% 28378 8471 2172 118%
c - 993.22 56 16 84 618 227384 2 10230688 103036 1.6 16 10 5 11 48% 28378 8471 2172 118%
c - 995.40 56 17 84 619 228669 2 10255548 103162 1.6 16 10 5 11 48% 28378 8471 2172 118%
c - 997.52 56 17 84 620 229515 2 10280428 103321 1.6 16 10 5 11 48% 28378 8471 2172 118%
c - 999.60 56 17 84 621 230346 2 10305327 103393 1.6 16 10 5 11 48% 28378 8471 2172 118%
c - 1001.78 56 17 84 622 231437 2 10330246 103323 1.6 16 10 5 11 48% 28378 8471 2172 118%
c - 1003.99 56 17 84 623 232728 2 10355185 103481 1.6 16 10 5 11 48% 28378 8471 2172 118%
c - 1006.13 56 17 84 624 233650 2 10380144 103850 1.6 16 10 5 11 48% 28378 8471 2172 118%
c u 1007.97 56 17 84 624 233987 2 10390107 107753 1.6 16 10 5 11 48% 28378 8471 2172 118%
c v 1009.10 56 17 84 624 233987 2 10390107 104031 1.6 16 10 5 11 48% 28378 8471 2172 118%
c w 1009.50 56 17 84 624 233987 2 10390107 103508 1.6 16 10 5 11 48% 28378 8471 2172 118%
c - 1010.72 56 17 84 625 234280 2 10405124 96572 1.6 16 10 5 11 48% 28378 8471 2172 118%
c - 1012.76 56 17 84 626 235074 2 10430126 98937 1.6 16 10 5 11 48% 28378 8471 2172 118%
c - 1014.78 56 17 84 627 235851 2 10455148 99679 1.6 17 10 5 11 48% 28378 8471 2172 118%
c } 1015.06 56 17 85 627 236029 2 10458434 102639 1.6 17 10 5 11 48% 28378 8471 2172 118%
c [ 1015.06 56 30 85 627 236029 1 10458434 102639 1.8 26 14 6 15 50% 28378 8471 2172 118%
c B 1015.06 56 30 85 627 236029 1 10458434 102639 1.8 26 14 6 15 50% 28378 8471 2172 118%
c - 1016.95 56 28 85 628 236042 1 10480189 99691 1.8 25 14 6 15 50% 28378 8471 2172 118%
c
c   seconds    switched       rate            size/glue  tier1     binary        remaining
c           MB   reductions      conflicts          size   tier2      irredundant
c            level      restarts         redundant     glue    trail        variables
c
c - 1019.40 56 25 85 629 236052 1 10505251 99248 1.8 25 13 6 15 50% 28378 8471 2172 118%
c - 1021.83 56 24 85 630 236059 1 10530330 98886 1.9 24 13 6 15 50% 28378 8471 2172 118%
c - 1024.38 56 23 85 631 236069 1 10555432 97927 1.9 24 13 6 15 50% 28378 8471 2172 118%
c - 1027.14 56 22 85 632 236080 1 10580551 97948 1.9 24 13 6 15 50% 28378 8471 2172 118%
c - 1029.64 56 22 85 633 236089 1 10605690 97000 1.9 24 13 6 15 50% 28378 8471 2172 118%
c - 1032.10 56 22 85 634 236091 1 10630850 94493 1.9 25 13 6 15 50% 28378 8471 2172 118%
c - 1034.66 56 22 85 635 236092 1 10656030 95465 1.9 25 13 6 15 50% 28378 8471 2172 118%
c - 1037.29 56 22 85 636 236106 1 10681230 96859 1.9 25 13 6 15 50% 28378 8471 2172 118%
c - 1039.96 56 21 85 637 236119 1 10706449 98408 1.9 24 13 6 15 50% 28378 8471 2172 118%
c u 1043.27 56 20 85 637 236122 1 10727520 114575 1.9 24 13 6 15 50% 28378 8471 2172 118%
c v 1044.57 56 20 85 637 236122 1 10727520 106577 1.9 24 13 6 15 50% 28378 8471 2172 118%
c w 1045.03 56 20 85 637 236122 1 10727520 100950 1.9 24 13 6 15 50% 28378 8471 2172 118%
c o 1045.06 56 20 85 637 236122 1 10727520 100950 1.9 24 13 6 15 50% 28378 8471 2172 118%
c - 1045.39 56 24 85 638 236122 1 10731687 86115 1.8 24 13 6 15 50% 28378 8471 2172 118%
c - 1047.57 56 27 85 639 236135 1 10756945 90172 1.8 24 14 6 15 50% 28378 8471 2172 118%
c ] 1049.83 56 26 86 639 236144 1 10780501 112241 1.8 24 13 6 15 50% 28378 8471 2172 118%
c { 1049.83 56 17 86 639 236144 2 10780501 112241 1.6 17 10 5 11 48% 28378 8471 2172 118%
c - 1050.11 56 18 86 640 236445 2 10782224 92106 1.6 17 10 5 11 48% 28378 8471 2172 118%
c - 1054.23 56 25 86 641 240833 4 10807523 89012 1.7 20 12 5 11 48% 28378 8471 2172 118%
c - 1058.70 56 31 86 642 245236 5 10832842 82136 1.7 23 13 5 11 48% 28378 8471 2172 118%
c
c   seconds    switched       rate            size/glue  tier1     binary        remaining
c           MB   reductions      conflicts          size   tier2      irredundant
c            level      restarts         redundant     glue    trail        variables
c
c - 1063.24 56 36 86 643 249378 6 10858179 80913 1.8 26 14 5 11 47% 28378 8471 2172 118%
c - 1067.49 56 39 86 644 252787 6 10883537 81490 1.8 27 15 5 11 47% 28378 8471 2172 118%
c - 1071.37 56 41 86 645 255545 6 10908915 82508 1.8 29 16 5 11 47% 28378 8471 2172 118%
c - 1074.70 56 42 86 646 257235 6 10934311 83870 1.9 30 16 5 11 47% 28378 8471 2172 118%
c - 1078.27 56 43 86 647 259084 6 10959727 84894 1.9 31 16 5 11 48% 28378 8471 2172 118%
c - 1081.54 56 43 86 648 260501 5 10985163 85429 2.0 32 16 5 11 47% 28378 8471 2172 118%
c - 1084.59 56 43 86 649 261665 5 11010619 86767 2.0 32 16 5 11 47% 28378 8471 2172 118%
c - 1088.00 56 44 86 650 263337 5 11036094 86815 2.0 33 16 5 11 48% 28378 8471 2172 118%
c - 1091.09 56 43 86 651 264428 5 11061589 86792 2.0 33 16 5 11 47% 28378 8471 2172 118%
c u 1093.76 56 43 86 651 264857 5 11070826 89779 2.0 33 16 5 11 48% 28378 8471 2172 118%
c v 1095.49 56 43 86 651 264857 5 11070826 88438 2.0 33 16 5 11 48% 28378 8471 2172 118%
c w 1096.12 56 43 86 651 264857 5 11070826 88267 2.0 33 16 5 11 48% 28378 8471 2172 118%
c - 1098.26 56 44 86 652 265827 5 11087105 80554 2.0 33 17 5 11 48% 28378 8471 2172 118%
c - 1101.40 56 44 86 653 267082 5 11112639 81311 2.0 34 17 5 11 48% 28378 8471 2172 118%
c - 1104.36 56 44 86 654 268113 4 11138193 82271 2.1 34 17 5 11 48% 28378 8471 2172 118%
c } 1106.04 56 44 87 654 268732 4 11153358 97169 2.1 34 16 5 11 48% 28378 8471 2172 118%
c [ 1106.04 56 26 87 654 268732 1 11153358 97169 1.8 24 13 6 15 50% 28378 8471 2172 118%
c W 1111.16 56 26 87 654 268732 1 11153358 97169 1.8 24 13 6 15 50% 28378 8471 2172 118%
c - 1112.13 56 25 87 655 268738 1 11163766 84385 1.8 24 14 6 15 50% 28378 8471 2172 118%
c - 1114.50 56 24 87 656 268749 1 11189359 89396 1.8 24 13 6 15 50% 28378 8471 2172 118%
c
c   seconds    switched       rate            size/glue  tier1     binary        remaining
c           MB   reductions      conflicts          size   tier2      irredundant
c            level      restarts         redundant     glue    trail        variables
c
c - 1117.03 56 23 87 657 268761 1 11214973 95420 1.8 24 13 6 15 49% 28378 8471 2172 118%
c - 1119.60 56 23 87 658 268767 1 11240606 96686 1.8 24 13 6 15 49% 28378 8471 2172 118%
c - 1122.29 56 23 87 659 268777 1 11266258 95036 1.9 24 13 6 15 49% 28378 8471 2172 118%
c - 1125.12 56 22 87 660 268791 1 11291930 96794 1.9 24 13 6 15 49% 28378 8471 2172 118%
c - 1127.76 56 22 87 661 268794 1 11317621 99383 1.9 24 13 6 15 49% 28378 8471 2172 118%
c - 1130.26 56 23 87 662 268794 1 11343332 98040 1.9 25 13 6 15 48% 28378 8471 2172 118%
c - 1132.81 56 22 87 663 268807 1 11369061 97848 1.9 24 13 6 15 48% 28378 8471 2172 118%
c - 1135.40 56 21 87 664 268816 1 11394811 102147 1.9 23 12 6 15 48% 28378 8471 2172 118%
c u 1139.17 56 20 87 664 268825 1 11420025 120889 1.9 23 12 6 15 48% 28378 8471 2172 118%
c v 1140.63 56 20 87 664 268825 1 11420025 101682 1.9 23 12 6 15 48% 28378 8471 2172 118%
c w 1141.13 56 20 87 664 268825 1 11420025 89865 1.9 23 12 6 15 48% 28378 8471 2172 118%
c o 1141.16 56 20 87 664 268825 1 11420025 89865 1.9 23 12 6 15 48% 28378 8471 2172 118%
c - 1141.22 56 20 87 665 268825 1 11420580 73429 1.9 23 12 6 15 48% 28378 8471 2172 118%
c - 1143.30 56 24 87 666 268834 1 11446367 81922 1.8 23 13 6 15 48% 28378 8471 2172 118%
c - 1145.63 56 23 87 667 268846 1 11472174 92478 1.9 23 13 6 15 48% 28378 8471 2172 118%
c I 1147.13 56 22 87 667 268854 1 11487031 106344 1.9 23 12 6 15 48% 28378 8471 2172 118%
c - 1148.17 56 25 87 668 268856 1 11498000 95740 1.9 25 13 6 15 48% 28378 8471 2172 118%
c - 1150.62 56 30 87 669 268857 1 11523845 90398 1.9 28 15 6 15 48% 28378 8471 2172 118%
c - 1153.00 56 30 87 670 268858 1 11549713 85797 1.9 28 15 6 15 48% 28378 8471 2172 118%
c - 1155.63 56 30 87 671 268858 1 11575597 86104 1.9 29 15 6 15 48% 28378 8471 2172 118%
c
c   seconds    switched       rate            size/glue  tier1     binary        remaining
c           MB   reductions      conflicts          size   tier2      irredundant
c            level      restarts         redundant     glue    trail        variables
c
c - 1158.36 56 30 87 672 268858 1 11601501 86394 1.9 29 15 6 15 49% 28378 8471 2172 118%
c - 1161.05 56 29 87 673 268868 1 11627423 88586 1.9 29 15 6 15 48% 28378 8471 2172 118%
c - 1163.57 56 29 87 674 268879 1 11653365 88430 1.9 29 16 6 15 48% 28378 8471 2172 118%
c - 1166.14 56 29 87 675 268889 1 11679326 88392 1.9 29 16 6 15 48% 28378 8471 2172 118%
c ] 1168.52 56 28 88 675 268896 1 11703190 111284 1.9 29 15 6 15 48% 28378 8471 2172 118%
c { 1168.52 56 44 88 675 268896 4 11703190 111284 2.1 34 16 5 11 48% 28378 8471 2172 118%
c - 1168.75 56 43 88 676 268898 4 11705307 92402 2.1 34 16 5 11 48% 28378 8471 2172 118%
c - 1171.13 56 38 88 677 268900 4 11731308 99190 2.1 31 15 5 11 48% 28378 8471 2172 118%
c - 1173.38 56 33 88 678 268901 3 11757328 105441 2.0 29 14 5 11 47% 28378 8471 2172 118%
c u 1176.16 56 30 88 678 268905 3 11775168 118901 2.0 28 14 5 11 47% 28378 8471 2172 118%
c v 1177.52 56 30 88 678 268905 3 11775168 113312 2.0 28 14 5 11 47% 28378 8471 2172 118%
c w 1178.01 56 30 88 678 268905 3 11775168 109332 2.0 28 14 5 11 47% 28378 8471 2172 118%
c - 1183.99 56 29 88 679 268910 3 11783366 95488 2.0 27 13 5 11 47% 28378 8471 2172 118%
c - 1186.05 56 26 88 680 268936 2 11809423 100389 2.0 25 13 5 11 47% 28378 8471 2172 118%
c - 1188.16 56 24 88 681 268981 2 11835499 102628 1.9 23 12 5 11 47% 28378 8471 2172 118%
c o 1190.15 56 22 88 681 269084 2 11860577 125219 1.9 22 12 5 11 47% 28378 8471 2172 118%
c - 1190.25 56 22 88 682 269104 2 11861594 103534 1.9 22 12 5 11 47% 28378 8471 2172 118%
c - 1192.30 56 21 88 683 269364 2 11887710 104287 1.9 21 11 5 11 48% 28378 8471 2172 118%
c - 1194.35 56 20 88 684 269490 2 11913844 104432 1.8 20 11 5 11 48% 28378 8471 2172 118%
c - 1196.44 56 19 88 685 269807 2 11939998 104440 1.8 20 11 5 11 48% 28378 8471 2172 118%
c
c   seconds    switched       rate             size/glue  tier1     binary        remaining
c           MB   reductions      conflicts           size   tier2      irredundant
c            level      restarts         redundant      glue    trail        variables
c
c - 1198.57 56 18 88 686 270201 2 11966171 104154 1.8 19 11 5 11 48% 28378 8471 2172 118%
c - 1200.72 56 18 88 687 270641 2 11992362 104648 1.8 18 10 5 11 48% 28378 8471 2172 118%
c - 1202.85 56 17 88 688 270988 2 12018572 105267 1.7 18 10 5 11 48% 28378 8471 2172 118%
c - 1205.09 56 17 88 689 271789 2 12044801 105870 1.7 18 10 5 11 48% 28378 8471 2172 118%
c - 1207.27 56 17 88 690 272526 2 12071049 106434 1.7 17 10 5 11 48% 28378 8471 2172 118%
c } 1209.06 56 17 89 690 273237 2 12092127 125468 1.7 17 10 5 11 48% 28378 8471 2172 118%
c [ 1209.06 56 28 89 690 273237 1 12092127 125468 1.9 29 15 6 15 48% 28378 8471 2172 118%
c B 1209.06 56 28 89 690 273237 1 12092127 125468 1.9 29 15 6 15 48% 28378 8471 2172 118%
c - 1209.51 56 28 89 691 273241 1 12097316 106780 1.9 29 15 6 15 48% 28378 8471 2172 118%
c - 1211.85 56 25 89 692 273251 1 12123603 107378 1.9 26 14 6 15 48% 28378 8471 2172 118%
c u 1213.74 56 24 89 692 273258 1 12136231 116640 1.9 26 14 6 15 48% 28378 8471 2172 118%
c v 1214.60 56 24 89 692 273258 1 12136231 114282 1.9 26 14 6 15 48% 28378 8471 2172 118%
c w 1214.90 56 24 89 692 273258 1 12136231 112143 1.9 26 14 6 15 48% 28378 8471 2172 118%
c - 1216.47 56 24 89 693 273266 1 12149909 100763 1.9 26 14 6 15 48% 28378 8471 2172 118%
c - 1219.28 56 22 89 694 273270 1 12176234 102562 1.9 25 13 6 15 47% 28378 8471 2172 118%
c - 1222.03 56 21 89 695 273282 1 12202578 105612 1.9 24 13 6 15 48% 28378 8471 2172 118%
c - 1224.56 56 22 89 696 273296 1 12228941 103354 1.9 24 13 6 15 47% 28378 8471 2172 118%
c - 1227.14 56 23 89 697 273298 1 12255325 98983 1.9 25 13 6 15 47% 28378 8471 2172 118%
c - 1229.83 56 24 89 698 273299 1 12281725 96380 1.9 26 14 6 15 47% 28378 8471 2172 118%
c - 1232.74 56 26 89 699 273312 1 12308144 93560 1.9 27 14 6 15 47% 28378 8471 2172 118%
c
c   seconds    switched       rate            size/glue  tier1     binary        remaining
c           MB   reductions      conflicts          size   tier2      irredundant
c            level      restarts         redundant     glue    trail        variables
c
c - 1235.52 56 25 89 700 273322 1 12334582 95343 1.9 27 14 6 15 47% 28378 8471 2172 118%
c - 1238.55 56 25 89 701 273330 1 12361039 98976 1.9 26 14 6 15 47% 28378 8471 2172 118%
c - 1241.40 56 24 89 702 273341 1 12387518 102842 1.9 26 14 6 15 47% 28378 8471 2172 118%
c - 1244.25 56 22 89 703 273352 1 12414013 108010 1.9 25 13 6 15 47% 28378 8471 2172 118%
c ] 1244.34 56 22 90 703 273352 1 12414915 108875 1.9 25 13 6 15 47% 28378 8471 2172 118%
c { 1244.34 56 17 90 703 273352 2 12414915 108875 1.7 17 10 5 11 48% 28378 8471 2172 118%
c o 1244.36 56 17 90 703 273365 2 12415022 108979 1.7 17 10 5 11 48% 28378 8471 2172 118%
c - 1246.57 56 17 90 704 274042 2 12440527 111078 1.7 17 10 5 11 48% 28378 8471 2172 118%
c - 1248.80 56 17 90 705 274739 2 12467059 112933 1.7 17 10 5 11 48% 28378 8471 2172 118%
c - 1250.97 56 17 90 706 275273 2 12493612 113501 1.7 17 10 5 11 48% 28378 8471 2172 118%
c u 1253.06 56 17 90 706 275694 2 12503265 116309 1.7 17 10 5 11 48% 28378 8471 2172 118%
c v 1254.43 56 17 90 706 275694 2 12503265 108486 1.7 17 10 5 11 48% 28378 8471 2172 118%
c w 1254.91 56 17 90 706 275694 2 12503265 107255 1.7 17 10 5 11 48% 28378 8471 2172 118%
c - 1256.31 56 17 90 707 276184 2 12520182 100548 1.7 17 10 5 11 48% 28378 8471 2172 118%
c - 1258.65 56 17 90 708 277661 2 12546771 105750 1.7 17 10 5 11 48% 28378 8471 2172 118%
c - 1260.97 56 17 90 709 278741 2 12573379 107794 1.7 17 10 5 11 48% 28378 8471 2172 118%
c - 1263.24 56 17 90 710 279630 2 12600007 108447 1.7 17 10 5 11 48% 28378 8471 2172 118%
c - 1265.53 56 17 90 711 280521 2 12626653 108648 1.7 17 10 5 11 48% 28378 8471 2172 118%
c - 1267.81 56 17 90 712 281393 2 12653317 108652 1.7 17 10 5 11 48% 28378 8471 2172 118%
c - 1270.11 56 17 90 713 282306 2 12680002 108970 1.7 17 10 5 11 48% 28378 8471 2172 118%
c
c   seconds    switched       rate             size/glue  tier1     binary        remaining
c           MB   reductions      conflicts           size   tier2      irredundant
c            level      restarts         redundant      glue    trail        variables
c
c - 1272.40 56 17 90 714 283289 2 12706704 109635 1.7 17 10 5 11 48% 28378 8471 2172 118%
c - 1274.81 56 18 90 715 284493 2 12733424 110054 1.7 17 10 5 11 48% 28378 8471 2172 118%
c - 1277.13 56 17 90 716 285404 2 12760165 110463 1.7 17 10 5 11 48% 28378 8471 2172 118%
c - 1279.46 56 17 90 717 286361 2 12786923 110468 1.7 17 10 5 11 48% 28378 8471 2172 118%
c - 1281.69 56 17 90 718 287092 2 12813700 110880 1.7 17 10 5 11 48% 28378 8471 2172 118%
c } 1282.25 56 17 91 718 287235 2 12820236 116564 1.7 17 10 5 11 48% 28378 8471 2172 118%
c [ 1282.25 56 22 91 718 287235 1 12820236 116564 1.9 25 13 6 15 47% 28378 8471 2172 118%
c W 1288.67 56 22 91 718 287235 1 12820236 116564 1.9 25 13 6 15 47% 28378 8471 2172 118%
c - 1290.46 56 22 91 719 287247 1 12840496 110714 1.9 24 13 6 15 47% 28378 8471 2172 118%
c - 1293.04 56 21 91 720 287258 1 12867310 109176 1.9 24 13 6 15 47% 28378 8471 2172 118%
c u 1295.10 56 21 91 720 287263 1 12876267 114935 1.9 24 13 6 15 47% 28378 8471 2172 118%
c v 1296.43 56 21 91 720 287263 1 12876267 111572 1.9 24 13 6 15 47% 28378 8471 2172 118%
c w 1296.89 56 21 91 720 287263 1 12876267 106941 1.9 24 13 6 15 47% 28378 8471 2172 118%
c o 1296.91 56 21 91 720 287263 1 12876267 106941 1.9 24 13 6 15 47% 28378 8471 2172 118%
c - 1298.51 56 24 91 721 287265 1 12894143 98468 1.8 25 13 6 15 47% 28378 8471 2172 118%
c - 1301.16 56 24 91 722 287278 1 12920994 98848 1.8 25 14 6 15 47% 28378 8471 2172 118%
c - 1303.77 56 24 91 723 287288 1 12947864 100354 1.8 25 13 6 15 47% 28378 8471 2172 118%
c - 1306.40 56 23 91 724 287296 1 12974754 105098 1.8 24 13 6 15 47% 28378 8471 2172 118%
c - 1309.05 56 23 91 725 287297 1 13001662 106406 1.8 24 13 6 15 48% 28378 8471 2172 118%
c - 1311.73 56 22 91 726 287304 1 13028587 105967 1.8 24 13 6 15 48% 28378 8471 2172 118%
c
c   seconds    switched       rate             size/glue  tier1     binary        remaining
c           MB   reductions      conflicts           size   tier2      irredundant
c            level      restarts         redundant      glue    trail        variables
c
c - 1314.71 56 21 91 727 287317 1 13055535 106802 1.8 24 13 6 15 48% 28378 8471 2172 118%
c - 1317.59 56 21 91 728 287327 1 13082498 109075 1.8 24 13 6 15 48% 28378 8471 2172 118%
c - 1320.62 56 21 91 729 287335 1 13109479 108071 1.8 24 13 6 15 48% 28378 8471 2172 118%
c - 1323.73 56 21 91 730 287347 1 13136479 109658 1.9 24 13 6 15 48% 28378 8471 2172 118%
c - 1326.64 56 20 91 731 287358 1 13163497 112337 1.9 23 13 6 15 48% 28378 8471 2172 118%
c ] 1327.16 56 21 92 731 287359 1 13168672 117406 1.9 24 13 6 15 48% 28378 8471 2172 118%
c { 1327.16 56 17 92 731 287359 2 13168672 117406 1.7 17 10 5 11 48% 28378 8471 2172 118%
c - 1329.09 56 17 92 732 288151 2 13190534 112399 1.7 17 10 5 11 48% 28378 8471 2172 118%
c - 1331.38 56 17 92 733 289094 2 13217591 112399 1.7 17 10 5 11 48% 28378 8471 2172 118%
c - 1333.77 56 17 92 734 290175 2 13244667 112978 1.7 17 10 5 11 48% 28378 8471 2172 118%
c u 1335.99 56 17 92 734 290586 2 13255240 116984 1.7 17 10 5 11 48% 28378 8471 2172 118%
c v 1337.41 56 17 92 734 290586 2 13255240 109466 1.7 17 10 5 11 48% 28378 8471 2172 118%
c w 1337.91 56 17 92 734 290586 2 13255240 108464 1.7 17 10 5 11 48% 28378 8471 2172 118%
c - 1339.38 56 17 92 735 291369 2 13271760 102950 1.6 17 10 5 11 48% 28378 8471 2172 118%
c - 1341.70 56 17 92 736 292483 2 13298871 107145 1.6 17 10 5 11 48% 28378 8471 2172 118%
c - 1344.00 56 17 92 737 293491 2 13326000 108685 1.6 17 10 5 11 48% 28378 8471 2172 118%
c o 1345.84 56 17 92 737 294158 2 13347857 128150 1.6 17 10 5 11 47% 28378 8471 2172 118%
c - 1346.36 56 17 92 738 294499 2 13353147 109133 1.6 17 10 5 11 47% 28378 8471 2172 118%
c - 1348.65 56 17 92 739 295268 2 13380313 109434 1.6 16 10 5 11 47% 28378 8471 2172 118%
c - 1350.98 56 17 92 740 296210 2 13407497 109943 1.7 17 10 5 11 47% 28378 8471 2172 118%
c
c   seconds    switched       rate             size/glue  tier1     binary        remaining
c           MB   reductions      conflicts           size   tier2      irredundant
c            level      restarts         redundant      glue    trail        variables
c
c - 1353.36 56 17 92 741 297373 2 13434701 110229 1.6 17 10 5 11 48% 28378 8471 2172 118%
c - 1355.66 56 17 92 742 298162 2 13461922 110394 1.6 17 10 5 11 48% 28378 8471 2172 118%
c - 1357.89 56 17 92 743 298892 2 13489162 110421 1.6 17 10 5 11 47% 28378 8471 2172 118%
c - 1360.22 56 17 92 744 299967 2 13516421 110447 1.6 17 10 5 11 47% 28378 8471 2172 118%
c - 1362.56 56 17 92 745 300975 2 13543697 110234 1.6 16 10 5 11 47% 28378 8471 2172 118%
c - 1364.93 56 17 92 746 302058 2 13570991 110585 1.6 17 10 5 11 47% 28378 8471 2172 118%
c } 1366.56 56 17 93 746 302624 2 13590677 128019 1.6 17 10 5 11 48% 28378 8471 2172 118%
c [ 1366.56 56 21 93 746 302624 1 13590677 128019 1.9 24 13 6 15 48% 28378 8471 2172 118%
c O 1366.56 56 21 93 746 302624 1 13590677 128019 1.9 24 13 6 15 48% 28378 8471 2172 118%
c - 1367.20 56 20 93 747 302629 1 13598304 110758 1.9 23 13 6 15 48% 28378 8471 2172 118%
c - 1369.72 56 20 93 748 302641 1 13625635 109582 1.9 23 13 6 15 48% 28378 8471 2172 118%
c u 1372.38 56 20 93 748 302649 1 13640211 119340 1.9 23 13 6 15 48% 28378 8471 2172 118%
c v 1373.72 56 20 93 748 302649 1 13640211 113036 1.9 23 13 6 15 48% 28378 8471 2172 118%
c w 1374.19 56 20 93 748 302649 1 13640211 106315 1.9 23 13 6 15 48% 28378 8471 2172 118%
c - 1375.48 56 20 93 749 302653 1 13652984 94136 1.8 23 13 6 15 48% 28378 8471 2172 118%
c - 1378.21 56 22 93 750 302660 1 13680353 94288 1.8 24 13 6 15 49% 28378 8471 2172 118%
c - 1381.00 56 22 93 751 302672 1 13707740 95161 1.9 25 13 6 15 49% 28378 8471 2172 118%
c - 1384.16 56 22 93 752 302684 1 13735144 99537 1.8 25 13 6 15 49% 28378 8471 2172 118%
c - 1387.30 56 22 93 753 302686 1 13762567 100697 1.8 25 14 6 15 48% 28378 8471 2172 118%
c - 1390.50 56 22 93 754 302689 1 13790008 101087 1.8 25 14 6 15 48% 28378 8471 2172 118%
c
c   seconds    switched       rate             size/glue  tier1     binary        remaining
c           MB   reductions      conflicts           size   tier2      irredundant
c            level      restarts         redundant      glue    trail        variables
c
c - 1393.59 56 21 93 755 302701 1 13817468 106106 1.8 24 13 6 15 48% 28378 8471 2172 118%
c - 1396.40 56 21 93 756 302716 1 13844945 108648 1.8 24 13 6 15 48% 28378 8471 2172 118%
c - 1399.26 56 21 93 757 302720 1 13872441 108356 1.9 24 13 6 15 48% 28378 8471 2172 118%
c - 1402.34 56 20 93 758 302732 1 13899954 112303 1.9 24 12 6 15 48% 28378 8471 2172 118%
c - 1405.19 56 20 93 759 302747 1 13927486 113825 1.9 23 12 6 15 48% 28378 8471 2172 118%
c ] 1406.57 56 20 94 759 302748 1 13941324 127182 2.0 24 12 6 15 48% 28378 8471 2172 118%
c { 1406.57 56 17 94 759 302748 2 13941324 127182 1.6 17 10 5 11 48% 28378 8471 2172 118%
c o 1406.57 56 17 94 759 302753 2 13941369 127227 1.6 17 10 5 11 48% 28378 8471 2172 118%
c - 1407.88 56 17 94 760 303459 2 13955035 113805 1.6 17 10 5 11 47% 28378 8471 2172 118%
c - 1410.27 56 17 94 761 304340 2 13982604 114263 1.6 16 10 5 11 47% 28378 8471 2172 118%
c - 1412.64 56 17 94 762 305258 2 14010190 114681 1.6 17 10 5 11 48% 28378 8471 2172 118%
c u 1415.83 56 17 94 762 306072 2 14031203 126624 1.6 17 10 5 11 48% 28378 8471 2172 118%
c v 1417.36 56 17 94 762 306072 2 14031203 115390 1.6 17 10 5 11 48% 28378 8471 2172 118%
c w 1417.88 56 17 94 762 306072 2 14031203 113851 1.6 17 10 5 11 48% 28378 8471 2172 118%
c - 1418.46 56 17 94 763 306228 2 14037797 98430 1.6 16 10 5 11 48% 28378 8471 2172 118%
c - 1420.85 56 17 94 764 307611 2 14065419 104405 1.6 17 10 5 11 48% 28378 8471 2172 118%
c - 1423.21 56 17 94 765 308578 2 14093059 108527 1.6 17 10 5 11 48% 28378 8471 2172 118%
c - 1425.46 56 17 94 766 309220 2 14120717 109469 1.7 17 10 5 11 48% 28378 8471 2172 118%
c - 1427.88 56 17 94 767 310272 2 14148393 110119 1.7 17 10 5 11 48% 28378 8471 2172 118%
c - 1430.18 56 17 94 768 310943 2 14176088 110078 1.7 17 10 5 11 48% 28378 8471 2172 118%
c
c   seconds    switched       rate             size/glue  tier1     binary        remaining
c           MB   reductions      conflicts           size   tier2      irredundant
c            level      restarts         redundant      glue    trail        variables
c
c - 1432.53 56 17 94 769 312034 2 14203801 109891 1.7 17 10 5 11 48% 28378 8471 2172 118%
c - 1434.92 56 17 94 770 313130 2 14231532 110489 1.7 17 10 5 11 48% 28378 8471 2172 118%
c - 1437.38 56 17 94 771 314459 2 14259282 111038 1.7 17 10 5 11 48% 28378 8471 2172 118%
c - 1439.74 56 17 94 772 315242 2 14287050 111614 1.7 17 10 5 11 48% 28378 8471 2172 118%
c - 1442.20 56 17 94 773 316483 2 14314834 112045 1.7 17 10 5 11 48% 28378 8471 2172 118%
c - 1444.61 56 17 94 774 317464 2 14342636 112272 1.7 17 10 5 11 48% 28378 8471 2172 118%
c - 1447.08 56 17 94 775 318616 2 14370456 112040 1.7 17 10 5 11 48% 28378 8471 2172 118%
c } 1447.90 56 17 95 775 318925 2 14380310 120865 1.7 17 10 5 11 48% 28378 8471 2172 118%
c [ 1447.90 56 20 95 775 318925 1 14380310 120865 2.0 24 12 6 15 48% 28378 8471 2172 118%
c B 1447.90 56 20 95 775 318925 1 14380310 120865 2.0 24 12 6 15 48% 28378 8471 2172 118%
c - 1449.47 56 20 95 776 318936 1 14398294 110948 1.9 24 12 6 15 48% 28378 8471 2172 118%
c - 1452.03 56 20 95 777 318947 1 14426150 109597 1.9 23 12 6 15 48% 28378 8471 2172 118%
c u 1453.40 56 20 95 777 318949 1 14428218 107485 1.9 23 12 6 15 48% 28378 8471 2172 118%
c v 1454.73 56 20 95 777 318949 1 14428218 101653 1.9 23 12 6 15 48% 28378 8471 2172 118%
c w 1455.21 56 20 95 777 318949 1 14428218 93932 1.9 23 12 6 15 48% 28378 8471 2172 118%
c - 1457.85 56 21 95 778 318955 1 14454024 94187 1.8 23 13 6 15 47% 28378 8471 2172 118%
c - 1460.83 56 20 95 779 318968 1 14481916 102508 1.8 23 13 6 15 47% 28378 8471 2172 118%
c - 1463.63 56 20 95 780 318980 1 14509826 108655 1.9 23 12 6 15 47% 28378 8471 2172 118%
c - 1466.27 56 20 95 781 318986 1 14537754 109480 1.9 23 13 6 15 47% 28378 8471 2172 118%
c - 1468.95 56 20 95 782 318987 1 14565700 109022 1.9 23 12 6 15 47% 28378 8471 2172 118%
c
c   seconds    switched       rate             size/glue  tier1     binary        remaining
c           MB   reductions      conflicts           size   tier2      irredundant
c            level      restarts         redundant      glue    trail        variables
c
c - 1471.81 56 20 95 783 318998 1 14593665 111303 1.9 23 12 6 15 47% 28378 8471 2172 118%
c - 1474.69 56 20 95 784 319009 1 14621649 111537 1.9 23 12 6 15 47% 28378 8471 2172 118%
c - 1477.42 56 19 95 785 319018 1 14649649 113122 1.9 23 12 6 15 47% 28378 8471 2172 118%
c - 1480.47 56 20 95 786 319031 1 14677666 114020 2.0 24 12 6 15 47% 28378 8471 2172 118%
c - 1483.58 56 19 95 787 319042 1 14705704 114754 2.0 25 12 6 15 47% 28378 8471 2172 118%
c - 1486.92 56 19 95 788 319049 1 14733758 118138 2.0 24 12 6 15 47% 28378 8471 2172 118%
c - 1489.87 56 19 95 789 319050 1 14761832 118691 2.0 24 12 6 15 47% 28378 8471 2172 118%
c ] 1489.94 56 19 96 789 319050 1 14762481 119309 2.0 24 12 6 15 47% 28378 8471 2172 118%
c { 1489.94 56 17 96 789 319050 2 14762481 119309 1.7 17 10 5 11 48% 28378 8471 2172 118%
c o 1489.95 56 17 96 789 319061 2 14762571 119391 1.7 17 10 5 11 48% 28378 8471 2172 118%
c - 1492.47 56 17 96 790 320229 2 14789921 117364 1.7 17 10 5 11 48% 28378 8471 2172 118%
c - 1494.99 56 17 96 791 321202 2 14818029 107096 1.6 17 10 4 11 48% 28378 8471 2172 118%
c u 1497.38 56 17 96 791 321681 2 14831280 107482 1.6 17 10 4 11 48% 28378 8471 2172 118%
c v 1498.89 56 17 96 791 321681 2 14831280 101015 1.6 17 10 4 11 48% 28378 8471 2172 118%
c w 1499.42 56 17 96 791 321681 2 14831280 100042 1.6 17 10 4 11 48% 28378 8471 2172 118%
c - 1500.62 56 17 96 792 322283 2 14846154 88870 1.6 17 10 4 11 48% 28378 8471 2172 118%
c - 1502.71 56 17 96 793 323144 2 14874296 91427 1.6 17 10 4 11 48% 28378 8471 2172 118%
c - 1504.88 56 17 96 794 324295 2 14902456 92877 1.6 17 10 4 11 47% 28378 8471 2172 118%
c - 1507.05 56 17 96 795 325314 2 14930634 93741 1.6 17 10 4 11 48% 28378 8471 2172 118%
c - 1509.20 56 17 96 796 326183 2 14958829 94343 1.6 17 10 4 11 48% 28378 8471 2172 118%
c
c   seconds    switched       rate            size/glue  tier1     binary        remaining
c           MB   reductions      conflicts          size   tier2      irredundant
c            level      restarts         redundant     glue    trail        variables
c
c - 1511.33 56 17 96 797 327130 2 14987042 94022 1.6 17 10 4 11 48% 28378 8471 2172 118%
c - 1513.43 56 17 96 798 327987 2 15015273 93874 1.6 17 10 4 11 48% 28378 8471 2172 118%
c - 1515.53 56 17 96 799 328905 2 15043521 94462 1.6 17 10 4 11 48% 28378 8471 2172 118%
c - 1517.63 56 17 96 800 329740 2 15071788 94918 1.6 17 10 4 11 48% 28378 8471 2172 118%
c - 1519.73 56 17 96 801 330584 2 15100072 94550 1.6 16 10 4 11 47% 28378 8471 2172 118%
c - 1521.94 56 17 96 802 331806 2 15128373 94404 1.6 16 10 4 11 47% 28378 8471 2172 118%
c - 1524.18 56 17 96 803 332968 2 15156692 94584 1.6 16 10 4 11 48% 28378 8471 2172 118%
c - 1526.36 56 17 96 804 334061 2 15185029 95026 1.6 17 10 4 11 48% 28378 8471 2172 118%
c - 1528.45 56 17 96 805 334651 2 15213385 95288 1.6 16 10 4 11 48% 28378 8471 2172 118%
c } 1528.89 56 17 97 805 334907 2 15218744 100004 1.6 16 10 4 11 48% 28378 8471 2172 118%
c [ 1528.89 56 19 97 805 334907 1 15218744 100004 2.0 24 12 6 15 47% 28378 8471 2172 118%
c W 1536.08 56 19 97 805 334907 1 15218744 100004 2.0 24 12 6 15 47% 28378 8471 2172 118%
c u 1538.80 56 19 97 805 334920 1 15240389 116320 2.0 24 12 6 15 47% 28378 8471 2172 118%
c v 1540.04 56 19 97 805 334920 1 15240389 114530 2.0 24 12 6 15 47% 28378 8471 2172 118%
c w 1540.49 56 19 97 805 334920 1 15240389 112477 2.0 24 12 6 15 47% 28378 8471 2172 118%
c - 1540.64 56 19 97 806 334920 1 15241757 88497 2.0 24 12 6 15 47% 28378 8471 2172 118%
c - 1543.02 56 19 97 807 334934 1 15270149 89232 2.0 23 12 6 15 47% 28378 8471 2172 118%
c - 1545.62 56 18 97 808 334937 1 15298558 92521 1.9 22 12 6 15 47% 28378 8471 2172 118%
c - 1548.29 56 19 97 809 334952 1 15326985 91592 1.9 22 12 6 15 47% 28378 8471 2172 118%
c - 1550.99 56 18 97 810 334966 1 15355428 91788 1.8 22 12 6 15 47% 28378 8471 2172 118%
c
c   seconds    switched       rate            size/glue  tier1     binary        remaining
c           MB   reductions      conflicts          size   tier2      irredundant
c            level      restarts         redundant     glue    trail        variables
c
c - 1553.67 56 18 97 811 334969 1 15383892 95157 1.9 21 11 6 15 47% 28378 8471 2172 118%
c - 1556.11 56 20 97 812 334969 1 15412372 91262 1.8 22 12 6 15 47% 28378 8471 2172 118%
c - 1558.50 56 22 97 813 334984 1 15440867 85308 1.8 23 13 6 15 48% 28378 8471 2172 118%
c - 1561.19 56 23 97 814 334998 1 15469380 84914 1.9 24 13 6 15 48% 28378 8471 2172 118%
c - 1564.12 56 23 97 815 335001 1 15497910 85427 1.8 25 13 6 15 48% 28378 8471 2172 118%
c - 1566.98 56 23 97 816 335015 1 15526459 85420 1.8 24 13 6 15 48% 28378 8471 2172 118%
c - 1569.70 56 22 97 817 335030 1 15555025 87172 1.8 25 13 6 15 48% 28378 8471 2172 118%
c - 1572.32 56 22 97 818 335032 1 15583609 89249 1.9 25 13 6 15 48% 28378 8471 2172 118%
c I 1575.11 56 23 97 818 335032 1 15612108 116739 1.9 25 14 6 15 48% 28378 8471 2172 118%
c o 1575.11 56 23 97 818 335032 1 15612108 116739 1.9 25 14 6 15 48% 28378 8471 2172 118%
c - 1575.14 56 24 97 819 335032 1 15612210 87549 1.9 25 14 6 15 48% 28378 8471 2172 118%
c ] 1575.29 56 24 98 819 335033 1 15613856 89159 1.8 26 14 6 15 48% 28378 8471 2172 118%
c { 1575.29 56 17 98 819 335033 2 15613856 89159 1.6 16 10 4 11 48% 28378 8471 2172 118%
c - 1577.18 56 16 98 820 335046 2 15640829 85943 1.6 16 10 4 11 48% 28378 8471 2172 118%
c u 1579.43 56 15 98 820 335065 2 15655575 92022 1.6 16 10 4 11 48% 28378 8471 2172 118%
c v 1580.83 56 15 98 820 335065 2 15655575 83090 1.6 16 10 4 11 48% 28378 8471 2172 118%
c w 1581.34 56 15 98 820 335065 2 15655575 82937 1.6 16 10 4 11 48% 28378 8471 2172 118%
c - 1582.32 56 14 98 821 335102 2 15669464 74191 1.6 15 10 4 11 48% 28378 8471 2172 118%
c - 1584.25 56 13 98 822 335198 2 15698119 82490 1.6 15 9 4 11 48% 28378 8471 2172 118%
c - 1586.24 56 13 98 823 335236 1 15726792 84874 1.6 15 9 5 11 48% 28378 8471 2172 118%
c
c   seconds    switched       rate            size/glue tier1     binary        remaining
c           MB   reductions      conflicts          size  tier2      irredundant
c            level      restarts         redundant    glue    trail        variables
c
c - 1588.24 56 12 98 824 335393 1 15755479 85740 1.6 14 9 5 11 48% 28378 8471 2172 118%
c - 1590.29 56 12 98 825 335739 1 15784184 87455 1.6 14 9 5 11 48% 28378 8471 2172 118%
c - 1592.32 56 11 98 826 336057 1 15812906 88582 1.6 14 9 5 11 48% 28378 8471 2172 118%
c - 1594.36 56 11 98 827 336451 1 15841646 89698 1.6 14 9 5 11 48% 28378 8471 2172 118%
c - 1596.53 56 11 98 828 337095 1 15870403 91018 1.6 14 9 5 11 48% 28378 8471 2172 118%
c - 1598.62 56 11 98 829 337539 1 15899178 91689 1.6 14 9 5 11 48% 28378 8471 2172 118%
c - 1600.67 56 11 98 830 337882 1 15927970 91570 1.6 13 9 5 11 47% 28378 8471 2172 118%
c - 1602.75 56 11 98 831 338308 1 15956781 92125 1.6 13 8 5 11 47% 28378 8471 2172 118%
c - 1604.99 56 11 98 832 339315 1 15985608 94520 1.6 13 8 5 11 47% 28378 8471 2172 118%
c - 1607.19 56 11 98 833 340271 1 16014452 96792 1.5 13 9 5 11 48% 28378 8471 2172 118%
c - 1609.36 56 11 98 834 341000 1 16043313 98037 1.6 13 9 5 11 48% 28378 8471 2172 118%
c - 1611.59 56 11 98 835 341780 1 16072194 98558 1.5 13 9 5 11 48% 28378 8471 2172 118%
c u 1612.98 56 11 98 835 341945 1 16076831 96332 1.5 13 9 5 11 48% 28378 8471 2172 118%
c v 1614.15 56 11 98 835 341945 1 16076831 90326 1.5 13 9 5 11 48% 28378 8471 2172 118%
c w 1614.55 56 11 98 835 341945 1 16076831 90098 1.5 13 9 5 11 48% 28378 8471 2172 118%
c } 1615.34 56 11 99 835 342118 1 16087690 98797 1.6 13 8 5 11 48% 28378 8471 2172 118%
c [ 1615.34 56 24 99 835 342118 1 16087690 98797 1.8 26 14 6 15 48% 28378 8471 2172 118%
c B 1615.34 56 24 99 835 342118 1 16087690 98797 1.8 26 14 6 15 48% 28378 8471 2172 118%
c - 1616.30 56 24 99 836 342126 1 16101094 87357 1.9 26 14 6 15 49% 28378 8471 2172 118%
c - 1618.58 56 25 99 837 342139 1 16130010 86862 1.9 27 14 6 15 49% 28378 8471 2172 118%
c
c   seconds    switched       rate            size/glue  tier1     binary        remaining
c           MB   reductions      conflicts          size   tier2      irredundant
c            level      restarts         redundant     glue    trail        variables
c
c - 1621.22 56 24 99 838 342148 1 16158940 87493 1.9 27 14 6 15 49% 28378 8471 2172 118%
c - 1623.99 56 24 99 839 342160 1 16187888 90303 2.0 27 14 6 15 49% 28378 8471 2172 118%
c - 1626.71 56 27 99 840 342172 1 16216854 88584 2.0 29 15 6 15 49% 28378 8471 2172 118%
c - 1629.73 56 28 99 841 342179 1 16245838 84937 2.0 30 15 6 15 49% 28378 8471 2172 118%
c - 1632.60 56 28 99 842 342180 1 16274839 86532 2.0 31 16 6 15 48% 28378 8471 2172 118%
c - 1635.56 56 28 99 843 342193 1 16303856 89857 2.0 31 15 6 15 48% 28378 8471 2172 118%
c - 1638.31 56 27 99 844 342205 1 16332890 93232 2.0 31 15 6 15 48% 28378 8471 2172 118%
c - 1641.17 56 26 99 845 342211 1 16361941 96510 2.1 31 15 6 15 48% 28378 8471 2172 118%
c o 1643.02 56 26 99 845 342221 1 16380885 114258 2.1 31 15 6 15 48% 28378 8471 2172 118%
c - 1643.82 56 28 99 846 342225 1 16391010 97919 2.0 30 15 6 15 48% 28378 8471 2172 118%
c - 1646.34 56 26 99 847 342240 1 16420097 101141 2.0 28 14 6 15 48% 28378 8471 2172 118%
c - 1649.31 56 24 99 848 342243 1 16449201 105809 2.0 27 14 6 15 48% 28378 8471 2172 118%
c ] 1651.45 56 24 100 848 342243 1 16473549 129327 2.0 27 14 6 15 48% 28378 8471 2172 118%
c { 1651.45 56 11 100 848 342243 1 16473549 129327 1.6 13 8 5 11 48% 28378 8471 2172 118%
c - 1652.02 56 11 100 849 343054 1 16478321 107857 1.6 13 9 5 11 48% 28378 8471 2172 118%
c u 1655.91 56 13 100 849 346602 2 16504189 125099 1.5 14 9 5 11 48% 28378 8471 2172 118%
c v 1657.48 56 13 100 849 346602 2 16504189 120842 1.5 14 9 5 11 48% 28378 8471 2172 118%
c w 1658.02 56 13 100 849 346602 2 16504189 115541 1.5 14 9 5 11 48% 28378 8471 2172 118%
c - 1658.43 56 14 100 850 347133 2 16507459 101183 1.5 14 9 5 11 48% 28378 8471 2172 118%
c - 1661.07 56 15 100 851 350094 2 16536615 106227 1.5 15 10 5 11 48% 28378 8471 2172 118%
c
c   seconds    switched        rate             size/glue  tier1     binary        remaining
c           MB    reductions      conflicts           size   tier2      irredundant
c            level       restarts         redundant      glue    trail        variables
c
c - 1663.50 56 16 100 852 351901 2 16565787 107832 1.6 15 10 5 11 48% 28378 8471 2172 118%
c - 1665.89 56 16 100 853 353425 2 16594976 108148 1.6 16 10 5 11 48% 28378 8471 2172 118%
c - 1668.15 56 16 100 854 354427 2 16624183 107838 1.6 16 10 5 11 48% 28378 8471 2172 118%
c - 1670.49 56 17 100 855 355867 2 16653406 108514 1.6 16 10 5 11 47% 28378 8471 2172 118%
c - 1672.70 56 17 100 856 356593 2 16682646 109258 1.6 16 10 5 11 47% 28378 8471 2172 118%
c - 1674.96 56 17 100 857 357380 2 16711903 109611 1.6 16 10 5 11 47% 28378 8471 2172 118%
c - 1677.31 56 17 100 858 358703 2 16741179 109934 1.6 16 10 5 11 47% 28378 8471 2172 118%
c - 1679.73 56 17 100 859 360005 2 16770471 110522 1.6 16 10 5 11 47% 28378 8471 2172 118%
c - 1682.03 56 17 100 860 361035 2 16799782 110848 1.6 16 10 5 11 47% 28378 8471 2172 118%
c - 1684.37 56 17 100 861 362207 2 16829107 111009 1.6 16 10 5 11 48% 28378 8471 2172 118%
c - 1686.75 56 17 100 862 363378 2 16858449 111204 1.6 16 10 5 11 48% 28378 8471 2172 118%
c - 1689.07 56 17 100 863 364464 2 16887809 111284 1.6 16 10 5 11 48% 28378 8471 2172 118%
c o 1690.28 56 17 100 863 364941 2 16903328 125288 1.6 16 10 5 11 48% 28378 8471 2172 118%
c - 1691.40 56 17 100 864 365415 2 16917185 111831 1.6 16 10 5 11 48% 28378 8471 2172 118%
c u 1694.18 56 17 100 864 365934 2 16937644 125406 1.6 16 10 5 11 48% 28378 8471 2172 118%
c v 1695.52 56 17 100 864 365934 2 16937644 119904 1.6 16 10 5 11 48% 28378 8471 2172 118%
c w 1695.98 56 17 100 864 365934 2 16937644 118928 1.6 16 10 5 11 48% 28378 8471 2172 118%
c - 1702.06 56 17 100 865 366101 2 16946579 103654 1.6 16 10 5 11 48% 28378 8471 2172 118%
c } 1703.48 56 17 101 865 366765 2 16965247 120531 1.6 16 10 5 11 48% 28378 8471 2172 118%
c [ 1703.48 56 24 101 865 366765 1 16965247 120531 2.0 27 14 6 15 48% 28378 8471 2172 118%
c
c   seconds    switched        rate             size/glue  tier1     binary        remaining
c           MB    reductions      conflicts           size   tier2      irredundant
c            level       restarts         redundant      glue    trail        variables
c
c W 1712.01 56 24 101 865 366765 1 16965247 120531 2.0 27 14 6 15 48% 28378 8471 2172 118%
c - 1712.82 56 24 101 866 366771 1 16975989 105308 2.0 27 13 6 15 48% 28378 8471 2172 118%
c - 1715.37 56 24 101 867 366785 1 17005417 104504 1.9 26 13 6 15 48% 28378 8471 2172 118%
c - 1718.23 56 23 101 868 366795 1 17034861 102568 1.9 25 13 6 15 48% 28378 8471 2172 118%
c - 1721.27 56 22 101 869 366806 1 17064322 105543 1.9 25 13 6 15 48% 28378 8471 2172 118%
c - 1723.91 56 22 101 870 366819 1 17093800 107104 1.9 25 13 6 15 48% 28378 8471 2172 118%
c - 1726.81 56 22 101 871 366826 1 17123295 103579 1.9 25 13 6 15 48% 28378 8471 2172 118%
c - 1729.74 56 23 101 872 366827 1 17152810 99392 1.9 26 14 6 15 49% 28378 8471 2172 118%
c - 1733.01 56 22 101 873 366840 1 17182339 100224 1.9 26 14 6 15 48% 28378 8471 2172 118%
c - 1735.89 56 24 101 874 366853 1 17211885 99433 1.9 27 14 6 15 49% 28378 8471 2172 118%
c - 1738.76 56 24 101 875 366858 1 17241448 94389 1.9 28 15 6 15 49% 28378 8471 2172 118%
c - 1741.67 56 25 101 876 366873 1 17271029 95035 1.9 28 15 6 15 49% 28378 8471 2172 118%
c - 1744.75 56 25 101 877 366887 1 17300626 95401 1.9 28 15 6 15 49% 28378 8471 2172 118%
c - 1747.90 56 25 101 878 366890 1 17330241 98644 1.9 28 15 6 15 49% 28378 8471 2172 118%
c - 1751.30 56 25 101 879 366891 1 17359872 98212 1.9 28 15 6 15 49% 28378 8471 2172 118%
c ] 1753.07 56 25 102 879 366891 1 17377069 114710 1.9 28 15 6 15 49% 28378 8471 2172 118%
c { 1753.07 56 17 102 879 366891 2 17377069 114710 1.6 16 10 5 11 48% 28378 8471 2172 118%
c u 1754.11 56 17 102 879 366916 2 17377226 111998 1.6 16 10 5 11 48% 28378 8471 2172 118%
c v 1755.28 56 17 102 879 366916 2 17377226 111386 1.6 16 10 5 11 48% 28378 8471 2172 118%
c w 1755.72 56 17 102 879 366916 2 17377226 110530 1.6 16 10 5 11 48% 28378 8471 2172 118%
c
c   seconds    switched        rate            size/glue  tier1     binary        remaining
c           MB    reductions      conflicts          size   tier2      irredundant
c            level       restarts         redundant     glue    trail        variables
c
c - 1757.80 56 21 102 880 369059 3 17389520 91307 1.7 18 11 5 11 48% 28378 8471 2172 118%
c - 1762.84 56 29 102 881 374222 5 17419184 88135 1.7 22 13 5 11 48% 28378 8471 2172 118%
c o 1765.20 56 32 102 881 376670 5 17433354 102198 1.8 24 13 5 11 47% 28378 8471 2172 118%
c - 1768.03 56 35 102 882 379242 6 17448866 75618 1.8 25 14 4 11 47% 28378 8471 2172 118%
c - 1772.78 56 39 102 883 383209 6 17478565 73914 1.8 27 15 4 11 47% 28378 8471 2172 118%
c - 1777.02 56 41 102 884 386150 6 17508280 75186 1.9 29 16 4 11 47% 28378 8471 2172 118%
c - 1780.94 56 42 102 885 388419 6 17538012 76492 1.9 30 16 4 11 48% 28378 8471 2172 118%
c - 1784.91 56 43 102 886 390634 6 17567764 77052 1.9 31 16 4 11 48% 28378 8471 2172 118%
c - 1788.78 56 44 102 887 392553 6 17597529 77138 1.9 32 16 4 11 48% 28378 8471 2172 118%
c - 1792.08 56 44 102 888 393712 5 17627311 78618 2.0 32 16 4 11 48% 28378 8471 2172 118%
c - 1795.61 56 44 102 889 395245 5 17657110 80030 2.0 32 16 4 11 48% 28378 8471 2172 118%
c - 1799.19 56 44 102 890 396967 5 17686927 79948 2.0 33 16 4 11 48% 28378 8471 2172 118%
c caught signal 15 (SIGTERM)
c
c ---- [ profiling ] ---------------------------------------------------------
c
c        1593.31   88.53 %  search
c         807.21   44.85 %  focused
c         786.10   43.68 %  stable
c         206.41   11.47 %  simplify
c         158.41    8.80 %  probe
c         134.42    7.47 %  vivify
c          47.92    2.66 %  walking
c          20.69    1.15 %  sweep
c          15.45    0.86 %  reduce
c           2.00    0.11 %  substitute
c           0.91    0.05 %  transitive
c           0.18    0.01 %  factor
c           0.18    0.01 %  eliminate
c           0.15    0.01 %  backbone
c           0.10    0.01 %  preprocess
c           0.06    0.00 %  congruence
c           0.02    0.00 %  subsume
c           0.01    0.00 %  fastel
c           0.01    0.00 %  parse
c           0.00    0.00 %  lucky
c =============================================
c        1799.84  100.00 %  total
c
c ---- [ statistics ] --------------------------------------------------------
c
c chronological:                           24                0 %  conflicts
c conflicts:                         17692524             9830.07 per second
c decisions:                         35224914                1.99 per conflict
c eliminated:                            4950              268 %  variables
c factored:                              5286              286 %  variables
c fast_eliminated:                       1744               35 %  eliminated
c fast_strengthened:                        1                0 %  per strengthened
c propagations:                    5217240820          2898730    per second
c reductions:                             890            19879    interval
c reordered:                               54           327639    interval
c rephased:                                65           272193    interval
c restarts:                            397284               45    interval
c strengthened:                          2165                1 %  checks
c switched:                               102           173456    interval
c vivified:                            980848               61 %  checks
c walks:                                   22           804206    interval
c
c ---- [ proof ] -------------------------------------------------------------
c
c proof_added:                       18101517               50 %  per line
c proof_bytes:                     1615855616             1541 MB 
c proof_deleted:                     18040587               50 %  per line
c
c ---- [ glue usage ] --------------------------------------------------------
c
c focused glue 4   used 1264861 clauses  5.47% accumulated 50.25% tier1
c focused glue 5   used  934656 clauses  4.04% accumulated 54.29%
c focused glue 6-9 used 6084249 clauses 26.31% accumulated 80.61%
c focused glue 10  used 1433837 clauses  6.20% accumulated 86.81%
c focused glue 11  used  999544 clauses  4.32% accumulated 91.13% tier2
c
c stable glue 6    used 2050861 clauses  6.45% accumulated 54.97% tier1
c stable glue 7    used 1807162 clauses  5.68% accumulated 60.66%
c stable glue 8-13 used 8225706 clauses 25.86% accumulated 86.52%
c stable glue 14   used  844346 clauses  2.65% accumulated 89.17%
c stable glue 15   used  697126 clauses  2.19% accumulated 91.37% tier2
c
c ---- [ resources ] ---------------------------------------------------------
c
c maximum-resident-set-size:         76152832 bytes         73 MB
c process-time:                            30m            1799.84 seconds
c raising signal 15 (SIGTERM)
