c ---- [ banner ] ------------------------------------------------------------
c
c Kissat SAT Solver
c 
c Copyright (c) 2021-2024 Armin Biere University of Freiburg
c Copyright (c) 2019-2021 Armin Biere Johannes Kepler University Linz
c 
c Version 4.0.0 unknown
c gcc (Ubuntu 13.3.0-6ubuntu2~24.04.1) 13.3.0 -W -Wall -O3 -DNDEBUG
c Mon Aug 3 21:56:23 UTC 2026 Linux runnervmvrwv9 6.17.0-1020-azure x86_64
c
c ---- [ proving ] -----------------------------------------------------------
c
c opened and writing proof to DRAT file:
c
c   borsuk_11_k6_q00r00_sixth_base_colorability_screen/work/results/q00r00-s005/q00r00-s005.drat
c
c ---- [ parsing ] -----------------------------------------------------------
c
c opened and reading DIMACS file:
c
c   borsuk_11_k6_q00r00_sixth_base_colorability_screen/work/input/instances/cases/q00r00-s005/q00r00-s005_12color.cnf
c
c parsed 'p cnf 2216 92100' header
c closing input after reading 1209481 bytes (1 MB)
c finished parsing after 0.01 seconds
c
c ---- [ solving ] -----------------------------------------------------------
c
c  seconds switched rate     size/glue tier1  binary       remaining
c         MB reductions conflicts size  tier2    irredundant
c          level restarts redundant glue  trail       variables
c
c *  0.01  5 0 0 0  0 0   0   0 0.0 0 0 0 0 0% 91783 307 2206 100%
c (  0.01  5 0 0 0  0 0   0   0 0.0 0 0 0 0 0% 91783 307 2206 100%
c .  0.01  5 0 0 0  0 0   0   0 0.0 0 0 0 0 0% 91783 307 2206 100%
c f  0.15  8 0 0 0  0 0   0   0 0.0 0 0 0 0 0% 38592 307 7482 338%
c e  0.16  7 0 0 0  0 0   0   0 0.0 0 0 0 0 0% 41015 758 5087 230%
c )  0.16  7 0 0 0  0 0   0   0 0.0 0 0 0 0 0% 41015 758 5087 230%
c {  0.16  7 0 0 0  0 0   0   0 0.0 0 0 2 6 0% 41015 758 5087 230%
c -  0.19  7 22 0 1 104 5 1000 694 1.8 19 10 9 13 35% 41015 758 5087 230%
c }  0.19  7 22 1 1 104 5 1000 694 1.8 19 10 9 13 35% 41015 758 5087 230%
c [  0.19  7 0 1 1 104 0 1000 694 0.0 0 0 2 6 0% 41015 758 5087 230%
c B  0.19  7 20 1 1 104 1 1001 695 1.5 19 13 2 6 42% 41015 758 5087 230%
c ]  0.23  7 31 2 1 104 1 1965 1615 2.1 25 12 2 6 38% 41015 758 5087 230%
c {  0.23  7 22 2 1 104 5 1965 1615 1.8 19 10 9 13 35% 41015 758 5087 230%
c -  0.23  7 22 2 2 117 5 2000 1135 1.8 19 10 9 13 35% 41015 758 5087 230%
c u  0.25  7 18 2 2 119 4 2565 1620 1.8 18 10 9 12 35% 41015 758 5087 230%
c v  0.26  7 18 2 2 119 4 2565 1584 1.8 18 10 9 12 35% 41015 758 5087 230%
c w  0.26  7 18 2 2 119 4 2565 1583 1.8 18 10 9 12 35% 41015 758 5087 230%
c f  0.28  8 18 2 2 119 4 2565 1583 1.8 18 10 9 12 35% 37766 758 7239 327%
c u  0.30  8 18 2 2 119 4 2565 1539 1.8 18 10 9 12 35% 37766 758 7239 327%
c v  0.30  8 18 2 2 119 4 2565 1480 1.8 18 10 9 12 35% 37766 758 7239 327%
c
c  seconds  switched  rate       size/glue  tier1     binary       remaining
c         MB reductions conflicts      size   tier2      irredundant
c          level restarts   redundant     glue    trail       variables
c
c w  0.30  8 18 2 2 119 4 2565 1479 1.8 18 10 9 12 35% 37766 758 7239 327%
c }  0.35  8 17 3 2 127 3 2966 1862 1.8 18 10 9 12 33% 37766 758 7239 327%
c [  0.35  8 31 3 2 127 1 2966 1862 2.1 25 12 2 6 38% 37766 758 7239 327%
c W  0.36  8 31 3 2 127 1 2966 1862 2.1 25 12 2 6 38% 37766 758 7239 327%
c -  0.37  8 30 3 3 127 1 3415 2124 2.0 25 13 11 16 35% 37766 758 7239 327%
c ]  0.39  8 28 4 3 127 1 3868 2565 2.1 26 13 11 16 33% 37766 758 7239 327%
c {  0.39  8 17 4 3 127 3 3868 2565 1.8 18 10 9 12 33% 37766 758 7239 327%
c -  0.44  8 20 4 4 256 4 5149 3545 1.8 17 10 9 12 31% 37766 758 7239 327%
c }  0.48  9 20 5 4 324 4 6220 4536 1.7 17 10 9 12 30% 37766 758 7239 327%
c [  0.48  9 28 5 4 324 1 6220 4536 2.1 26 13 11 16 33% 37766 758 7239 327%
c I  0.48  9 28 5 4 324 1 6220 4536 2.1 26 13 11 16 33% 37766 758 7239 327%
c -  0.52 10 47 5 5 324 1 7152 4900 2.0 31 15 11 21 31% 37766 758 7239 327%
c u  0.56 10 48 5 5 325 1 7927 5630 1.9 31 16 11 21 30% 37766 758 7239 327%
c v  0.57 10 48 5 5 325 1 7927 5621 1.9 31 16 11 21 30% 37766 758 7239 327%
c w  0.57 10 48 5 5 325 1 7927 5593 1.9 31 16 11 21 30% 37766 758 7239 327%
c ]  0.61 11 45 6 5 326 1 8563 6207 2.0 30 15 11 21 29% 37766 758 7239 327%
c {  0.61 11 20 6 5 326 4 8563 6207 1.7 17 10 9 12 30% 37766 758 7239 327%
c -  0.65 11 25 6 6 462 5 9388 6122 1.7 18 10 9 12 30% 37766 758 7239 327%
c o  0.68 11 27 6 6 494 5 10089 6807 1.8 18 10 9 12 29% 37766 758 7239 327%
c -  0.76 11 33 6 7 663 6 11837 7658 1.8 18 10 9 12 29% 37766 758 7239 327%
c
c  seconds  switched  rate        size/glue  tier1     binary       remaining
c         MB reductions conflicts       size   tier2      irredundant
c          level restarts    redundant     glue    trail       variables
c
c }  0.79 11 34 7 7 693 6 12634 8433 1.8 18 10 9 12 29% 37766 758 7239 327%
c [  0.79 11 45 7 7 693 1 12634 8433 2.0 30 15 11 21 29% 37766 758 7239 327%
c B  0.79 11 45 7 7 693 1 12634 8433 2.0 30 15 11 21 29% 37766 758 7239 327%
c e  0.82 10 44 7 7 693 1 12823 8616 2.0 30 15 11 21 29% 33796 3978 6798 307%
c ^  0.82 10 44 7 7 693 1 12823 8616 2.0 30 15 11 21 29% 33796 3978 6798 307%
c -  0.90  9 38 7 8 694 1 14483 2583 1.9 28 15 11 20 30% 33796 3978 6798 307%
c ]  0.98  9 34 8 8 695 1 16207 4200 1.9 27 14 11 20 30% 33796 3978 6798 307%
c {  0.98  9 34 8 8 695 6 16207 4200 1.8 18 10 9 12 29% 33796 3978 6798 307%
c u  1.00  9 33 8 8 695 6 16253 4188 1.8 18 10 9 12 29% 33796 3978 6798 307%
c v  1.02  9 33 8 8 695 6 16253 4058 1.8 18 10 9 12 29% 33796 3978 6798 307%
c w  1.02  9 33 8 8 695 6 16253 3673 1.8 18 10 9 12 29% 33796 3978 6798 307%
c f  1.04  9 33 8 8 695 6 16253 3673 1.8 18 10 9 12 29% 33790 3978 6800 307%
c u  1.06  9 33 8 8 695 6 16253 3570 1.8 18 10 9 12 29% 33790 3978 6800 307%
c v  1.08  9 33 8 8 695 6 16253 3541 1.8 18 10 9 12 29% 33790 3978 6800 307%
c w  1.08  9 33 8 8 695 6 16253 3514 1.8 18 10 9 12 29% 33790 3978 6800 307%
c -  1.21 10 33 8 9 941 6 17311 4424 1.7 18 10 9 13 29% 33790 3978 6800 307%
c -  1.35 10 32 8 10 1199 6 20311 6692 1.9 20 11 9 13 28% 33790 3978 6800 307%
c o  1.36 10 32 8 10 1203 6 20338 6719 1.9 20 11 9 13 28% 33790 3978 6800 307%
c }  1.45 10 31 9 10 1326 5 22366 8671 1.9 20 11 9 13 28% 33790 3978 6800 307%
c [  1.45 10 34 9 10 1326 1 22366 8671 1.9 27 14 11 20 30% 33790 3978 6800 307%
c
c  seconds  switched    rate        size/glue  tier1      binary        remaining
c         MB  reductions  conflicts       size    tier2      irredundant
c          level   restarts    redundant     glue     trail        variables
c
c W  1.46 10 34 9 10 1326 1 22366 8671 1.9 27 14 11 20 30% 33790 3978 6800 307%
c -  1.52 11 33 9 11 1327 1 23473 8222 1.8 27 15 11 19 30% 33790 3978 6800 307%
c e  1.66 11 31 9 11 1328 1 25725 10337 1.8 26 14 11 19 30% 33996 4948 5447 246%
c ^  1.66 11 31 9 11 1328 1 25725 10337 1.8 26 14 11 19 30% 33996 4948 5447 246%
c -  1.72 11 29 9 12 1329 1 26790 7523 1.8 26 14 11 18 31% 33996 4948 5447 246%
c u  1.78 11 28 9 12 1330 1 27737 8341 1.8 25 14 11 18 31% 33996 4948 5447 246%
c v  1.80 11 28 9 12 1330 1 27737 7849 1.8 25 14 11 18 31% 33996 4948 5447 246%
c w  1.81 11 28 9 12 1330 1 27737 7561 1.8 25 14 11 18 31% 33996 4948 5447 246%
c f  1.84 11 28 9 12 1330 1 27737 7561 1.8 25 14 11 18 31% 33768 4948 5523 249%
c u  1.86 11 28 9 12 1330 1 27737 7520 1.8 25 14 11 18 31% 33768 4948 5523 249%
c v  1.89 11 28 9 12 1330 1 27737 7513 1.8 25 14 11 18 31% 33768 4948 5523 249%
c w  1.90 11 28 9 12 1330 1 27737 7171 1.8 25 14 11 18 31% 33768 4948 5523 249%
c ]  1.93 11 28 10 12 1330 1 28247 7616 1.8 25 14 11 18 31% 33768 4948 5523 249%
c {  1.93 11 31 10 12 1330 5 28247 7616 1.9 20 11 9 13 28% 33768 4948 5523 249%
c -  2.02 11 30 10 13 1423 5 30254 8233 1.9 20 11 9 13 28% 33768 4948 5523 249%
c -  2.18 11 28 10 14 1501 5 33860 10377 1.8 19 11 9 13 29% 33768 4948 5523 249%
c }  2.32 11 27 11 14 1623 4 36875 13100 1.8 19 10 9 13 29% 33768 4948 5523 249%
c [  2.32 11 28 11 14 1623 1 36875 13100 1.8 25 14 11 18 31% 33768 4948 5523 249%
c O  2.32 11 28 11 14 1623 1 36875 13100 1.8 25 14 11 18 31% 33768 4948 5523 249%
c -  2.36 11 28 11 15 1623 1 37603 11942 1.8 25 14 11 17 32% 33768 4948 5523 249%
c
c  seconds   switched    rate         size/glue  tier1      binary        remaining
c         MB   reductions  conflicts        size    tier2      irredundant
c          level    restarts     redundant     glue     trail        variables
c
c -  2.55 14 25 11 16 1626 1 41476 13685 1.8 24 14 11 17 32% 33768 4948 5523 249%
c u  2.65 13 25 11 16 1627 1 42500 14341 1.7 24 13 11 17 32% 33768 4948 5523 249%
c v  2.67 13 25 11 16 1627 1 42500 14269 1.7 24 13 11 17 32% 33768 4948 5523 249%
c w  2.68 13 25 11 16 1627 1 42500 13407 1.7 24 13 11 17 32% 33768 4948 5523 249%
c o  2.69 13 25 11 16 1627 1 42500 13407 1.7 24 13 11 17 32% 33768 4948 5523 249%
c ]  2.79 13 30 12 16 1628 1 44647 15500 1.7 24 14 11 17 32% 33768 4948 5523 249%
c {  2.79 13 27 12 16 1628 4 44647 15500 1.8 19 10 9 13 29% 33768 4948 5523 249%
c -  2.83 13 26 12 17 1699 4 45476 13941 1.8 19 10 9 13 29% 33768 4948 5523 249%
c -  3.02 14 26 12 18 1889 4 49601 15678 1.8 19 10 9 13 29% 33768 4948 5523 249%
c e  3.24 12 25 12 18 2075 4 53643 19460 1.8 19 10 9 13 30% 33839 5895 4835 218%
c ^  3.24 12 25 12 18 2075 4 53643 19460 1.8 19 10 9 13 30% 33839 5895 4835 218%
c -  3.26 13 25 12 19 2125 4 53843 12999 1.8 19 11 9 13 30% 33839 5895 4835 218%
c }  3.36 13 25 13 19 2236 4 56126 15183 1.8 19 11 9 13 30% 33839 5895 4835 218%
c [  3.36 13 30 13 19 2236 1 56126 15183 1.7 24 14 11 17 32% 33839 5895 4835 218%
c B  3.36 13 30 13 19 2236 1 56126 15183 1.7 24 14 11 17 32% 33839 5895 4835 218%
c -  3.45 14 31 13 20 2238 1 58202 15476 1.7 24 14 11 18 33% 33839 5895 4835 218%
c u  3.62 14 29 13 20 2239 1 60664 17639 1.7 24 14 11 18 33% 33839 5895 4835 218%
c v  3.66 14 29 13 20 2239 1 60664 17480 1.7 24 14 11 18 33% 33839 5895 4835 218%
c w  3.67 14 29 13 20 2239 1 60664 17236 1.7 24 14 11 18 33% 33839 5895 4835 218%
c f  3.81 14 29 13 20 2239 1 60664 17236 1.7 24 14 11 18 33% 33835 5889 4837 218%
c
c  seconds   switched    rate         size/glue  tier1      binary        remaining
c         MB   reductions  conflicts        size    tier2      irredundant
c          level    restarts     redundant     glue     trail        variables
c
c u  3.84 14 29 13 20 2239 1 60664 17137 1.7 24 14 11 18 33% 33835 5889 4837 218%
c v  3.87 14 29 13 20 2239 1 60664 17115 1.7 24 14 11 18 33% 33835 5889 4837 218%
c w  3.87 14 29 13 20 2239 1 60664 17065 1.7 24 14 11 18 33% 33835 5889 4837 218%
c -  4.00 14 28 13 21 2241 1 62674 17182 1.7 24 14 10 17 33% 33835 5889 4837 218%
c -  4.23 14 27 13 22 2242 1 67256 19112 1.7 23 14 10 16 33% 33835 5889 4837 218%
c ]  4.23 14 27 14 22 2242 1 67293 19148 1.7 23 14 10 16 33% 33835 5889 4837 218%
c {  4.23 14 25 14 22 2242 4 67293 19148 1.8 19 11 9 13 30% 33835 5889 4837 218%
c -  4.46 14 24 14 23 2491 4 71946 20915 1.8 19 11 9 13 30% 33835 5889 4837 218%
c o  4.51 14 24 14 23 2511 4 73152 22045 1.8 19 11 9 13 31% 33835 5889 4837 218%
c -  4.68 15 24 14 24 2749 4 76743 22607 1.8 19 11 9 13 31% 33835 5889 4837 218%
c -  4.91 15 24 14 25 3033 4 81641 24697 1.8 19 11 9 13 31% 33835 5889 4837 218%
c }  4.93 15 24 15 25 3033 4 82010 25011 1.8 19 11 9 13 31% 33835 5889 4837 218%
c [  4.93 15 27 15 25 3033 1 82010 25011 1.7 23 14 10 16 33% 33835 5889 4837 218%
c W  4.95 15 27 15 25 3033 1 82010 25011 1.7 23 14 10 16 33% 33835 5889 4837 218%
c u  5.01 15 27 15 25 3033 1 82323 25116 1.7 23 14 10 16 33% 33835 5889 4837 218%
c v  5.05 15 27 15 25 3033 1 82323 24903 1.7 23 14 10 16 33% 33835 5889 4837 218%
c w  5.07 15 27 15 25 3033 1 82323 24888 1.7 23 14 10 16 33% 33835 5889 4837 218%
c -  5.28 15 26 15 26 3036 1 86643 26354 1.7 23 14 10 16 33% 33835 5889 4837 218%
c -  5.54 15 25 15 27 3039 1 91742 28299 1.7 23 13 10 16 34% 33835 5889 4837 218%
c ]  5.76 15 24 16 27 3041 1 95656 31853 1.7 22 13 10 16 34% 33835 5889 4837 218%
c
c  seconds   switched    rate         size/glue  tier1     binary        remaining
c         MB   reductions  conflicts        size   tier2      irredundant
c          level    restarts     redundant     glue    trail        variables
c
c {  5.76 15 24 16 27 3041 4 95656 31853 1.8 19 11 9 13 31% 33835 5889 4837 218%
c -  5.82 16 24 16 28 3065 4 96938 29872 1.8 19 11 9 13 31% 33835 5889 4837 218%
c e  5.94 16 24 16 28 3252 4 98554 31418 1.8 19 11 9 13 31% 35250 7436 3910 176%
c ^  5.95 16 24 16 28 3252 4 98554 31418 1.8 19 11 9 13 31% 35250 7436 3910 176%
c -  6.11 16 24 16 29 3268 4 102229 23340 1.8 18 10 9 13 32% 35250 7436 3910 176%
c -  6.34 16 23 16 30 3410 4 107615 26229 1.8 18 10 9 12 32% 35250 7436 3910 176%
c u  6.40 16 23 16 30 3410 4 107635 25993 1.8 18 10 9 12 32% 35250 7436 3910 176%
c v  6.45 16 23 16 30 3410 4 107635 25656 1.8 18 10 9 12 32% 35250 7436 3910 176%
c w  6.46 16 23 16 30 3410 4 107635 25562 1.8 18 10 9 12 32% 35250 7436 3910 176%
c f  6.49 16 23 16 30 3410 4 107635 25562 1.8 18 10 9 12 32% 35251 7426 3911 176%
c u  6.55 16 23 16 30 3410 4 107635 25338 1.8 18 10 9 12 32% 35251 7426 3911 176%
c v  6.59 16 23 16 30 3410 4 107635 24960 1.8 18 10 9 12 32% 35251 7426 3911 176%
c w  6.61 16 23 16 30 3410 4 107635 24913 1.8 18 10 9 12 32% 35251 7426 3911 176%
c -  6.85 17 23 16 31 3532 3 113092 28318 1.7 18 10 9 12 33% 35251 7426 3911 176%
c }  6.89 17 22 17 31 3532 3 113995 29118 1.7 18 10 9 12 33% 35251 7426 3911 176%
c [  6.89 17 24 17 31 3532 1 113995 29118 1.7 22 13 10 16 34% 35251 7426 3911 176%
c I  6.89 17 24 17 31 3532 1 113995 29118 1.7 22 13 10 16 34% 35251 7426 3911 176%
c o  6.89 17 24 17 31 3532 1 113995 29118 1.7 22 13 10 16 34% 35251 7426 3911 176%
c -  7.12 17 42 17 32 3535 1 118660 29757 1.6 26 17 10 18 34% 35251 7426 3911 176%
c -  7.42 17 42 17 33 3538 1 124316 30764 1.6 27 17 10 19 34% 35251 7426 3911 176%
c
c  seconds   switched    rate          size/glue  tier1      binary        remaining
c         MB   reductions  conflicts         size    tier2      irredundant
c          level    restarts      redundant     glue     trail        variables
c
c ]  7.71 17 42 18 33 3541 1 129383 35625 1.6 28 18 10 19 35% 35251 7426 3911 176%
c {  7.71 17 22 18 33 3541 3 129383 35625 1.7 18 10 9 12 33% 35251 7426 3911 176%
c -  7.74 17 22 18 34 3543 3 130060 32568 1.7 18 10 9 12 33% 35251 7426 3911 176%
c -  8.01 17 21 18 35 3546 3 135891 35020 1.7 18 10 9 12 34% 35251 7426 3911 176%
c u  8.12 17 21 18 35 3546 3 136556 35427 1.7 18 10 9 12 34% 35251 7426 3911 176%
c v  8.17 22 21 18 35 3546 3 136556 34808 1.7 18 10 9 12 34% 35251 7426 3911 176%
c w  8.19 22 21 18 35 3546 3 136556 34738 1.7 18 10 9 12 34% 35251 7426 3911 176%
c -  8.66 20 20 18 36 3551 3 141807 36624 1.7 17 10 9 12 34% 35251 7426 3911 176%
c -  8.95 20 19 18 37 3551 3 147807 33748 1.7 17 10 8 12 34% 35251 7426 3911 176%
c }  9.15 21 19 19 37 3551 3 151728 36981 1.7 17 10 8 12 35% 35251 7426 3911 176%
c [  9.15 21 42 19 37 3551 1 151728 36981 1.6 28 18 10 19 35% 35251 7426 3911 176%
c B  9.15 21 42 19 37 3551 1 151728 36981 1.6 28 18 10 19 35% 35251 7426 3911 176%
c -  9.26 21 42 19 38 3553 1 153889 34203 1.6 28 18 10 20 35% 35251 7426 3911 176%
c -  9.57 20 39 19 39 3557 1 160055 36441 1.6 27 17 10 20 35% 35251 7426 3911 176%
c e  9.72 18 39 19 39 3557 1 162105 38359 1.6 27 17 10 20 36% 37582 9329 3245 146%
c ^  9.73 18 39 19 39 3557 1 162105 38359 1.6 27 17 10 20 36% 37582 9329 3245 146%
c -  9.96 20 37 19 40 3560 1 166302 30859 1.6 26 16 10 19 36% 37582 9329 3245 146%
c u 10.16 21 36 19 40 3562 1 169293 33596 1.6 26 16 10 19 37% 37582 9329 3245 146%
c v 10.21 22 36 19 40 3562 1 169293 32491 1.6 26 16 10 19 37% 37582 9329 3245 146%
c w 10.23 22 36 19 40 3562 1 169293 31292 1.6 26 16 10 19 37% 37582 9329 3245 146%
c
c  seconds   switched    rate          size/glue  tier1      binary        remaining
c         MB   reductions  conflicts         size    tier2      irredundant
c          level    restarts      redundant     glue     trail        variables
c
c o 10.31 22 36 19 40 3562 1 169293 31292 1.6 26 16 10 19 37% 37582 9329 3245 146%
c ] 10.45 20 39 20 40 3564 1 172388 34260 1.6 26 17 10 19 37% 37582 9329 3245 146%
c { 10.45 20 19 20 40 3564 3 172388 34260 1.7 17 10 8 12 35% 37582 9329 3245 146%
c - 10.48 20 19 20 41 3619 3 172626 30948 1.7 17 10 8 12 35% 37582 9329 3245 146%
c - 10.81 20 19 20 42 4279 3 179030 33476 1.7 17 10 8 12 36% 37582 9329 3245 146%
c - 11.13 21 19 20 43 4633 3 185514 35784 1.7 17 10 8 12 36% 37582 9329 3245 146%
c - 11.49 21 19 20 44 5320 3 192072 37758 1.7 17 10 8 12 37% 37582 9329 3245 146%
c - 11.82 21 19 20 45 5648 3 198707 39744 1.7 17 10 8 12 37% 37582 9329 3245 146%
c } 11.84 21 19 21 45 5668 3 199127 40125 1.7 17 10 8 12 37% 37582 9329 3245 146%
c [ 11.84 21 39 21 45 5668 1 199127 40125 1.6 26 17 10 19 37% 37582 9329 3245 146%
c W 11.86 17 39 21 45 5668 1 199127 40125 1.6 26 17 10 19 37% 37582 9329 3245 146%
c - 12.18 17 37 21 46 5673 1 205417 41486 1.6 26 16 10 19 38% 37582 9329 3245 146%
c u 12.29 22 37 21 46 5673 1 205764 41646 1.6 26 16 10 19 38% 37582 9329 3245 146%
c v 12.36 24 37 21 46 5673 1 205764 41114 1.6 26 16 10 19 38% 37582 9329 3245 146%
c w 12.39 24 37 21 46 5673 1 205764 40858 1.6 26 16 10 19 38% 37582 9329 3245 146%
c - 12.77 21 35 21 47 5675 1 212199 42663 1.6 25 16 10 18 39% 37582 9329 3245 146%
c - 13.16 22 34 21 48 5680 1 219056 44516 1.6 25 15 10 18 39% 37582 9329 3245 146%
c O 13.43 22 33 21 48 5681 1 223353 48609 1.7 25 15 10 18 40% 37582 9329 3245 146%
c ] 13.46 22 33 22 48 5682 1 223905 49138 1.7 25 15 10 18 40% 37582 9329 3245 146%
c { 13.46 22 19 22 48 5682 3 223905 49138 1.7 17 10 8 12 37% 37582 9329 3245 146%
c
c  seconds   switched    rate          size/glue  tier1     binary        remaining
c         MB   reductions  conflicts         size   tier2      irredundant
c          level    restarts      redundant     glue    trail        variables
c
c - 13.67 22 20 22 49 6245 3 225984 45503 1.7 17 10 8 12 38% 37582 9329 3245 146%
c o 13.99 23 22 22 49 7135 4 229297 48791 1.7 18 10 8 12 38% 37582 9329 3245 146%
c - 14.37 23 24 22 50 8120 4 232984 46545 1.7 18 10 8 12 38% 37582 9329 3245 146%
c - 15.10 23 27 22 51 10000 5 240055 47162 1.7 19 11 8 12 38% 37582 9329 3245 146%
c e 15.70 20 29 22 51 11109 6 245802 52876 1.8 19 11 8 12 39% 41106 12106 2729 123%
c ! 15.70 20 29 22 51 11109 6 245802 52876 1.8 19 11 8 12 39% 41106 12106 2729 123%
c u 15.87 22 29 22 51 11189 6 246185 31928 1.8 19 11 8 12 39% 41106 12106 2729 123%
c v 15.99 23 29 22 51 11189 6 246185 31771 1.8 19 11 8 12 39% 41106 12106 2729 123%
c w 16.03 23 29 22 51 11189 6 246185 31758 1.8 19 11 8 12 39% 41106 12106 2729 123%
c f 16.11 19 29 22 51 11189 6 246185 31758 1.8 19 11 8 12 39% 40215 11962 2787 126%
c u 16.24 22 29 22 51 11189 6 246185 30798 1.8 19 11 8 12 39% 40215 11962 2787 126%
c v 16.35 22 29 22 51 11189 6 246185 30614 1.8 19 11 8 12 39% 40215 11962 2787 126%
c w 16.40 22 29 22 51 11189 6 246185 30593 1.8 19 11 8 12 39% 40215 11962 2787 126%
c - 16.52 22 29 22 52 11405 6 247196 28211 1.8 19 11 8 12 39% 40215 11962 2787 126%
c - 17.17 22 32 22 53 12936 7 254407 31419 1.8 20 11 8 12 40% 40215 11962 2787 126%
c } 17.26 22 32 23 53 13149 7 255421 32426 1.8 20 11 8 12 40% 40215 11962 2787 126%
c [ 17.26 22 33 23 53 13149 1 255421 32426 1.7 25 15 10 18 40% 40215 11962 2787 126%
c B 17.26 22 33 23 53 13149 1 255421 32426 1.7 25 15 10 18 40% 40215 11962 2787 126%
c - 17.59 22 32 23 54 13154 1 261687 34481 1.7 25 15 10 18 41% 40215 11962 2787 126%
c - 18.02 21 31 23 55 13157 1 269035 36618 1.7 25 15 10 18 41% 40215 11962 2787 126%
c
c  seconds   switched     rate          size/glue  tier1      binary         remaining
c         MB   reductions   conflicts         size    tier2       irredundant
c          level    restarts       redundant     glue     trail         variables
c
c - 18.46 22 29 23 56 13162 1 276451 37984 1.7 24 15 10 18 42% 40215 11962 2787 126%
c - 18.91 23 28 23 57 13163 1 283935 39255 1.7 24 14 10 17 42% 40215 11962 2787 126%
c W 19.12 18 28 23 57 13163 1 286872 42030 1.7 24 14 10 17 43% 40215 11962 2787 126%
c u 19.46 25 27 23 57 13166 1 290439 44426 1.7 24 14 10 17 43% 40215 11962 2787 126%
c v 19.58 25 27 23 57 13166 1 290439 42370 1.7 24 14 10 17 43% 40215 11962 2787 126%
c w 19.62 25 27 23 57 13166 1 290439 40652 1.7 24 14 10 17 43% 40215 11962 2787 126%
c - 19.71 21 27 23 58 13166 1 291484 37138 1.7 24 14 10 17 43% 40215 11962 2787 126%
c - 20.16 22 27 23 59 13170 1 299102 39577 1.7 24 14 10 17 43% 40215 11962 2787 126%
c - 20.66 23 27 23 60 13176 1 306785 40124 1.7 24 14 10 17 44% 40215 11962 2787 126%
c ] 20.75 21 27 24 60 13176 1 308141 41443 1.7 24 14 10 17 44% 40215 11962 2787 126%
c { 20.75 21 32 24 60 13176 7 308141 41443 1.8 20 11 8 12 40% 40215 11962 2787 126%
c o 20.75 21 32 24 60 13191 7 308218 41512 1.8 20 11 8 12 40% 40215 11962 2787 126%
c - 21.09 23 31 24 61 13257 6 314530 40860 1.8 20 11 8 13 40% 40215 11962 2787 126%
c - 21.46 23 30 24 62 13334 6 322341 42262 1.8 20 11 9 13 41% 40215 11962 2787 126%
c - 21.86 23 29 24 63 13433 5 330217 44745 1.8 20 11 9 13 41% 40215 11962 2787 126%
c - 22.24 25 28 24 64 13531 5 338154 47969 1.8 20 11 9 13 42% 40215 11962 2787 126%
c u 22.40 25 28 24 64 13531 5 338774 48150 1.8 20 11 9 13 42% 40215 11962 2787 126%
c v 22.50 25 28 24 64 13531 5 338774 47694 1.8 20 11 9 13 42% 40215 11962 2787 126%
c w 22.53 25 28 24 64 13531 5 338774 47567 1.8 20 11 9 13 42% 40215 11962 2787 126%
c } 23.27 23 27 25 64 13597 5 344818 53136 1.8 20 11 9 13 42% 40215 11962 2787 126%
c
c  seconds   switched     rate          size/glue  tier1      binary         remaining
c         MB   reductions   conflicts         size    tier2       irredundant
c          level    restarts       redundant     glue     trail         variables
c
c [ 23.27 23 27 25 64 13597 1 344818 53136 1.7 24 14 10 17 44% 40215 11962 2787 126%
c I 23.27 23 27 25 64 13597 1 344818 53136 1.7 24 14 10 17 44% 40215 11962 2787 126%
c - 23.35 23 27 25 65 13598 1 346154 49773 1.7 24 14 10 17 44% 40215 11962 2787 126%
c e 23.61 19 27 25 65 13601 1 350927 54244 1.7 25 14 10 17 45% 40260 12022 2780 125%
c - 23.82 25 27 25 66 13603 1 354217 51866 1.8 25 14 10 17 45% 40260 12022 2780 125%
c - 24.30 25 26 25 67 13608 1 362344 54645 1.8 25 14 10 17 45% 40260 12022 2780 125%
c - 24.81 27 26 25 68 13611 1 370529 56721 1.8 25 14 10 17 45% 40260 12022 2780 125%
c ] 25.13 24 26 26 68 13611 1 375567 61506 1.8 25 14 10 17 45% 40260 12022 2780 125%
c { 25.13 24 27 26 68 13611 5 375567 61506 1.8 20 11 9 13 42% 40260 12022 2780 125%
c - 25.31 27 26 26 69 13639 5 378775 58286 1.8 19 11 9 13 42% 40260 12022 2780 125%
c - 25.75 27 26 26 70 13724 4 387081 60161 1.8 19 11 9 12 43% 40260 12022 2780 125%
c o 25.88 24 25 26 70 13731 4 389532 62461 1.8 19 11 9 12 43% 40260 12022 2780 125%
c u 26.08 27 25 26 70 13747 4 391268 63953 1.8 19 11 9 12 43% 40260 12022 2780 125%
c v 26.17 27 25 26 70 13747 4 391268 63693 1.8 19 11 9 12 43% 40260 12022 2780 125%
c w 26.20 27 25 26 70 13747 4 391268 63131 1.8 19 11 9 12 43% 40260 12022 2780 125%
c x 26.26 27 25 26 70 13747 4 391268 63130 1.8 19 11 9 12 43% 40260 12022 2780 125%
c f 26.29 27 25 26 70 13747 4 391268 63130 1.8 19 11 9 12 43% 40243 12022 2781 125%
c u 26.43 28 25 26 70 13747 4 391268 63046 1.8 19 11 9 12 43% 40243 12022 2781 125%
c v 26.54 28 25 26 70 13747 4 391268 62195 1.8 19 11 9 12 43% 40243 12022 2781 125%
c w 26.59 28 25 26 70 13747 4 391268 61746 1.8 19 11 9 12 43% 40243 12022 2781 125%
c
c  seconds   switched     rate          size/glue  tier1     binary         remaining
c         MB   reductions   conflicts         size   tier2       irredundant
c          level    restarts       redundant     glue    trail         variables
c
c - 26.84 25 25 26 71 13779 4 395448 61433 1.8 19 11 9 12 43% 40243 12022 2781 125%
c - 27.28 27 24 26 72 13868 4 403876 64806 1.8 19 11 9 12 43% 40243 12022 2781 125%
c - 27.71 27 23 26 73 14034 4 412361 68029 1.8 19 11 9 12 43% 40243 12022 2781 125%
c } 27.99 27 23 27 73 14066 4 417785 72899 1.8 19 11 9 12 44% 40243 12022 2781 125%
c [ 27.99 27 26 27 73 14066 1 417785 72899 1.8 25 14 10 17 45% 40243 12022 2781 125%
c B 27.99 27 26 27 73 14066 1 417785 72899 1.8 25 14 10 17 45% 40243 12022 2781 125%
c - 28.17 27 26 27 74 14068 1 420905 71073 1.8 25 14 10 17 45% 40243 12022 2781 125%
c - 28.67 25 25 27 75 14072 1 429508 74462 1.8 24 14 10 17 46% 40243 12022 2781 125%
c - 29.23 28 24 27 76 14078 1 438168 77145 1.8 24 13 9 17 46% 40243 12022 2781 125%
c - 29.84 28 24 27 77 14080 1 446886 79437 1.8 24 13 9 17 46% 40243 12022 2781 125%
c u 30.09 30 24 27 77 14080 1 447967 79227 1.8 24 13 9 17 46% 40243 12022 2781 125%
c v 30.22 30 24 27 77 14080 1 447967 76814 1.8 24 13 9 17 46% 40243 12022 2781 125%
c w 30.27 30 24 27 77 14080 1 447967 75213 1.8 24 13 9 17 46% 40243 12022 2781 125%
c ] 30.64 26 23 28 77 14083 1 453412 80340 1.8 24 13 9 17 46% 40243 12022 2781 125%
c { 30.64 26 23 28 77 14083 4 453412 80340 1.8 19 11 9 12 44% 40243 12022 2781 125%
c - 30.79 28 23 28 78 14144 4 455661 66052 1.8 19 11 8 12 44% 40243 12022 2781 125%
c - 31.27 28 22 28 79 14290 4 464492 66056 1.8 18 10 8 12 44% 40243 12022 2781 125%
c - 31.74 28 22 28 80 14464 3 473380 67225 1.8 18 10 8 12 44% 40243 12022 2781 125%
c o 32.11 28 22 28 80 14748 3 479588 73110 1.8 18 10 8 12 44% 40243 12022 2781 125%
c - 32.29 28 22 28 81 14868 3 482324 69182 1.8 18 10 8 12 44% 40243 12022 2781 125%
c
c  seconds   switched     rate          size/glue  tier1     binary         remaining
c         MB   reductions   conflicts         size   tier2       irredundant
c          level    restarts       redundant     glue    trail         variables
c
c - 32.78 28 21 28 82 14966 3 491325 71477 1.8 18 10 8 12 44% 40243 12022 2781 125%
c - 33.29 28 21 28 83 15156 3 500381 73412 1.7 18 10 8 12 45% 40243 12022 2781 125%
c } 33.36 26 21 29 83 15226 3 501550 74528 1.7 18 10 8 12 45% 40243 12022 2781 125%
c [ 33.36 26 23 29 83 15226 1 501550 74528 1.8 24 13 9 17 46% 40243 12022 2781 125%
c W 33.37 21 23 29 83 15226 1 501550 74528 1.8 24 13 9 17 46% 40243 12022 2781 125%
c u 34.00 33 23 29 83 15231 1 508952 80037 1.8 23 13 9 16 46% 40243 12022 2781 125%
c v 34.14 33 23 29 83 15231 1 508952 77317 1.8 23 13 9 16 46% 40243 12022 2781 125%
c w 34.18 33 23 29 83 15231 1 508952 76571 1.8 23 13 9 16 46% 40243 12022 2781 125%
c - 34.26 29 23 29 84 15231 1 509491 71942 1.8 23 13 9 16 46% 40243 12022 2781 125%
c - 34.80 31 22 29 85 15236 1 518656 74814 1.8 23 13 9 16 46% 40243 12022 2781 125%
c - 35.38 31 22 29 86 15240 1 527875 79097 1.8 23 13 9 16 46% 40243 12022 2781 125%
c - 36.03 31 22 29 87 15243 1 537150 81062 1.8 23 13 9 16 46% 40243 12022 2781 125%
c ] 36.48 31 21 30 87 15247 1 543593 87112 1.8 23 13 9 16 47% 40243 12022 2781 125%
c { 36.48 31 21 30 87 15247 3 543593 87112 1.7 18 10 8 12 45% 40243 12022 2781 125%
c - 36.66 31 20 30 88 15291 3 546478 82407 1.7 18 10 8 12 45% 40243 12022 2781 125%
c - 37.21 31 20 30 89 15389 3 555860 83038 1.7 18 10 8 12 45% 40243 12022 2781 125%
c - 37.76 32 19 30 90 15486 3 565293 83769 1.7 17 10 8 12 45% 40243 12022 2781 125%
c u 38.53 33 19 30 90 15979 3 574272 91363 1.7 17 10 8 12 45% 40243 12022 2781 125%
c v 38.70 35 19 30 90 15979 3 574272 90725 1.7 17 10 8 12 45% 40243 12022 2781 125%
c w 38.75 35 19 30 90 15979 3 574272 90385 1.7 17 10 8 12 45% 40243 12022 2781 125%
c
c  seconds   switched     rate          size/glue  tier1     binary         remaining
c         MB   reductions   conflicts         size   tier2       irredundant
c          level    restarts       redundant     glue    trail         variables
c
c - 38.82 31 19 30 91 15998 3 574780 85002 1.7 17 10 8 12 45% 40243 12022 2781 125%
c o 39.12 31 19 30 91 16277 3 579700 89551 1.7 17 10 8 12 45% 40243 12022 2781 125%
c - 39.39 32 19 30 92 16359 3 584319 88343 1.7 17 10 8 12 45% 40243 12022 2781 125%
c - 39.96 32 19 30 93 16804 3 593911 90416 1.7 17 10 8 12 45% 40243 12022 2781 125%
c } 40.19 32 19 31 93 16928 3 598028 94240 1.7 17 10 8 12 45% 40243 12022 2781 125%
c [ 40.20 32 21 31 93 16928 1 598028 94240 1.8 23 13 9 16 47% 40243 12022 2781 125%
c O 40.20 32 21 31 93 16928 1 598028 94240 1.8 23 13 9 16 47% 40243 12022 2781 125%
c - 40.53 32 21 31 94 16932 1 603555 91660 1.8 22 12 9 16 47% 40243 12022 2781 125%
c - 41.17 30 21 31 95 16937 1 613252 92468 1.8 22 12 9 16 47% 40243 12022 2781 125%
c - 41.80 32 20 31 96 16942 1 622998 93204 1.8 22 12 9 16 47% 40243 12022 2781 125%
c - 42.52 33 20 31 97 16944 1 632798 94517 1.8 22 12 9 16 47% 40243 12022 2781 125%
c - 43.24 32 20 31 98 16949 1 642646 95101 1.8 22 12 9 16 47% 40243 12022 2781 125%
c u 43.55 36 20 31 98 16950 1 643979 93295 1.8 22 12 9 16 47% 40243 12022 2781 125%
c v 43.73 36 20 31 98 16950 1 643979 88191 1.8 22 12 9 16 47% 40243 12022 2781 125%
c w 43.80 36 20 31 98 16950 1 643979 86037 1.8 22 12 9 16 47% 40243 12022 2781 125%
c ] 44.03 30 20 32 98 16953 1 647270 89249 1.8 22 12 9 16 47% 40243 12022 2781 125%
c { 44.03 30 19 32 98 16953 3 647270 89249 1.7 17 10 8 12 45% 40243 12022 2781 125%
c - 44.38 33 19 32 99 17128 3 652547 89262 1.7 17 10 8 12 45% 40243 12022 2781 125%
c - 44.98 33 19 32 100 17590 3 662499 92309 1.7 17 10 8 12 45% 40243 12022 2781 125%
c - 45.55 33 19 32 101 17814 3 672501 94101 1.8 17 10 8 12 45% 40243 12022 2781 125%
c
c  seconds   switched      rate          size/glue  tier1     binary         remaining
c         MB   reductions    conflicts         size   tier2       irredundant
c          level     restarts       redundant     glue    trail         variables
c
c - 46.13 32 18 32 102 17995 3 682550 94822 1.8 17 10 8 12 46% 40243 12022 2781 125%
c o 46.65 33 18 32 102 18343 3 691194 102616 1.7 17 10 8 12 46% 40243 12022 2781 125%
c - 46.76 33 18 32 103 18450 3 692649 95255 1.7 17 10 8 12 46% 40243 12022 2781 125%
c - 47.39 32 18 32 104 18872 3 702797 96385 1.7 17 10 8 12 46% 40243 12022 2781 125%
c } 47.72 33 18 33 104 19094 3 708374 101569 1.7 17 10 8 12 46% 40243 12022 2781 125%
c [ 47.72 33 20 33 104 19094 1 708374 101569 1.8 22 12 9 16 47% 40243 12022 2781 125%
c B 47.72 33 20 33 104 19094 1 708374 101569 1.8 22 12 9 16 47% 40243 12022 2781 125%
c - 48.01 33 20 33 105 19097 1 712995 97029 1.8 22 12 9 16 47% 40243 12022 2781 125%
c u 48.58 29 20 33 105 19100 1 718125 101464 1.8 22 12 9 16 47% 40243 12022 2781 125%
c v 48.76 29 20 33 105 19100 1 718125 100566 1.8 22 12 9 16 47% 40243 12022 2781 125%
c w 48.82 29 20 33 105 19100 1 718125 98502 1.8 22 12 9 16 47% 40243 12022 2781 125%
c - 49.34 30 20 33 106 19103 1 723241 95567 1.8 22 12 9 16 47% 40243 12022 2781 125%
c - 50.05 30 20 33 107 19108 1 733536 98176 1.8 22 12 9 16 47% 40243 12022 2781 125%
c - 50.84 30 20 33 108 19111 1 743880 100222 1.8 22 12 9 15 48% 40243 12022 2781 125%
c - 51.57 32 19 33 109 19116 1 754275 99917 1.8 22 12 9 15 48% 40243 12022 2781 125%
c ] 52.14 32 19 34 109 19122 1 761923 106933 1.8 22 12 9 15 48% 40243 12022 2781 125%
c { 52.14 32 18 34 109 19122 3 761923 106933 1.7 17 10 8 12 46% 40243 12022 2781 125%
c - 52.35 32 18 34 110 19122 3 764715 99592 1.7 17 10 8 12 46% 40243 12022 2781 125%
c - 52.99 32 18 34 111 19137 2 775203 98722 1.7 17 10 8 12 46% 40243 12022 2781 125%
c - 53.60 32 17 34 112 19160 2 785739 98206 1.7 17 10 8 12 46% 40243 12022 2781 125%
c
c  seconds   switched      rate          size/glue  tier1     binary         remaining
c         MB   reductions    conflicts         size   tier2       irredundant
c          level     restarts       redundant     glue    trail         variables
c
c - 54.20 32 16 34 113 19182 2 796322 98243 1.7 17 10 8 12 46% 40243 12022 2781 125%
c u 54.41 32 16 34 113 19182 2 796758 96620 1.7 17 10 8 12 46% 40243 12022 2781 125%
c v 54.55 32 16 34 113 19182 2 796758 94994 1.7 17 10 8 12 46% 40243 12022 2781 125%
c w 54.60 32 16 34 113 19182 2 796758 94905 1.7 17 10 8 12 46% 40243 12022 2781 125%
c - 55.32 32 16 34 114 19230 2 806952 95347 1.7 16 10 8 12 46% 40243 12022 2781 125%
c o 55.73 32 15 34 114 19236 2 814076 102081 1.7 16 10 8 12 46% 40243 12022 2781 125%
c - 55.94 32 15 34 115 19242 2 817629 99120 1.7 16 9 8 12 46% 40243 12022 2781 125%
c - 56.57 32 15 34 116 19242 2 828352 100689 1.7 16 9 8 12 46% 40243 12022 2781 125%
c } 56.67 32 15 35 116 19242 2 830071 102026 1.7 16 9 8 12 46% 40243 12022 2781 125%
c [ 56.67 32 19 35 116 19242 1 830071 102026 1.8 22 12 9 15 48% 40243 12022 2781 125%
c W 56.82 32 19 35 116 19242 1 830071 102026 1.8 22 12 9 15 48% 40243 12022 2781 125%
c - 57.40 32 20 35 117 19248 1 839122 102765 1.8 22 12 9 15 48% 40243 12022 2781 125%
c - 58.20 32 20 35 118 19254 1 849938 106585 1.8 22 12 9 15 48% 40243 12022 2781 125%
c - 59.08 32 20 35 119 19256 1 860800 109104 1.8 22 12 9 15 48% 40243 12022 2781 125%
c - 59.92 32 20 35 120 19263 1 871709 107342 1.8 23 12 9 15 48% 40243 12022 2781 125%
c u 60.84 32 20 35 120 19267 1 879932 114728 1.8 23 12 9 15 48% 40243 12022 2781 125%
c v 61.07 33 20 35 120 19267 1 879932 113802 1.8 23 12 9 15 48% 40243 12022 2781 125%
c w 61.16 33 20 35 120 19267 1 879932 112711 1.8 23 12 9 15 48% 40243 12022 2781 125%
c - 61.44 33 20 35 121 19269 1 882664 102119 1.8 23 12 9 15 48% 40243 12022 2781 125%
c ] 61.67 33 20 36 121 19270 1 885668 104975 1.8 23 12 9 15 48% 40243 12022 2781 125%
c
c  seconds   switched      rate           size/glue tier1     binary         remaining
c         MB   reductions    conflicts          size  tier2       irredundant
c          level     restarts       redundant     glue    trail         variables
c
c { 61.67 33 15 36 121 19270 2 885668 104975 1.7 16 9 8 12 46% 40243 12022 2781 125%
c - 62.26 33 15 36 122 20036 2 893664 102278 1.7 16 9 8 12 46% 40243 12022 2781 125%
c - 63.07 33 16 36 123 21387 2 904711 102336 1.7 16 10 8 12 46% 40243 12022 2781 125%
c - 63.87 33 16 36 124 22618 2 915802 102520 1.7 16 10 8 12 46% 40243 12022 2781 125%
c - 64.64 33 17 36 125 23550 2 926937 103808 1.7 16 10 8 12 46% 40243 12022 2781 125%
c - 65.41 33 17 36 126 24341 3 938117 105681 1.7 16 10 8 12 46% 40243 12022 2781 125%
c o 65.81 33 17 36 126 24524 3 944775 111561 1.7 16 10 8 12 46% 40243 12022 2781 125%
c - 66.12 33 17 36 127 24767 3 949341 107369 1.7 16 10 8 12 46% 40243 12022 2781 125%
c - 66.85 33 17 36 128 25406 3 960610 109009 1.7 16 10 8 12 46% 40243 12022 2781 125%
c } 66.88 33 17 37 128 25406 3 961224 109521 1.7 16 10 8 12 46% 40243 12022 2781 125%
c [ 66.88 33 20 37 128 25406 1 961224 109521 1.8 23 12 9 15 48% 40243 12022 2781 125%
c I 66.88 33 20 37 128 25406 1 961224 109521 1.8 23 12 9 15 48% 40243 12022 2781 125%
c u 67.57 34 22 37 128 25411 1 967693 114672 1.8 23 13 9 15 48% 40243 12022 2781 125%
c v 67.79 34 22 37 128 25411 1 967693 113104 1.8 23 13 9 15 48% 40243 12022 2781 125%
c w 67.88 34 22 37 128 25411 1 967693 112552 1.8 23 13 9 15 48% 40243 12022 2781 125%
c - 68.21 34 22 37 129 25412 1 971925 105911 1.8 24 13 9 16 48% 40243 12022 2781 125%
c - 68.93 34 22 37 130 25419 1 983282 106962 1.8 24 13 9 16 48% 40243 12022 2781 125%
c - 69.69 34 22 37 131 25421 1 994685 109472 1.8 24 13 9 16 48% 40243 12022 2781 125%
c - 70.51 34 21 37 132 25427 1 1006130 109077 1.9 24 13 9 15 48% 40243 12022 2781 125%
c - 71.41 34 21 37 133 25434 1 1017621 108487 1.9 23 13 9 15 48% 40243 12022 2781 125%
c
c  seconds   switched      rate            size/glue  tier1     binary         remaining
c         MB   reductions     conflicts          size   tier2       irredundant
c          level     restarts        redundant      glue    trail         variables
c
c B 72.20 34 22 37 133 25436 1 1028906 119223 1.9 24 13 9 15 48% 40243 12022 2781 125%
c - 72.24 34 22 37 134 25436 1 1029153 106346 1.9 24 13 9 15 48% 40243 12022 2781 125%
c ] 72.71 34 23 38 134 25436 1 1036628 113626 1.9 24 13 9 15 48% 40243 12022 2781 125%
c { 72.71 34 17 38 134 25436 3 1036628 113626 1.7 16 10 8 12 46% 40243 12022 2781 125%
c - 73.22 34 18 38 135 26307 3 1040728 102423 1.7 17 10 8 12 46% 40243 12022 2781 125%
c - 74.65 34 22 38 136 28771 4 1052346 101017 1.7 18 11 8 12 46% 40243 12022 2781 125%
c u 75.95 34 25 38 136 30431 4 1060095 108463 1.7 19 11 8 12 46% 40243 12022 2781 125%
c v 76.23 34 25 38 136 30431 4 1060095 108099 1.7 19 11 8 12 46% 40243 12022 2781 125%
c w 76.34 34 25 38 136 30431 4 1060095 108083 1.7 19 11 8 12 46% 40243 12022 2781 125%
c - 76.90 34 26 38 137 31268 5 1064007 100973 1.7 19 11 8 12 46% 40243 12022 2781 125%
c - 78.43 34 29 38 138 33750 6 1075713 101195 1.7 20 12 8 12 46% 40243 12022 2781 125%
c o 79.58 34 31 38 138 35641 6 1084816 110235 1.8 21 12 8 12 46% 40243 12022 2781 125%
c - 79.93 34 32 38 139 36143 6 1087460 101038 1.8 21 12 8 12 46% 40243 12022 2781 125%
c - 81.34 34 34 38 140 38179 7 1099250 101467 1.8 22 12 8 12 46% 40243 12022 2781 125%
c - 82.72 34 36 38 141 39982 7 1111082 101932 1.8 23 13 8 12 46% 40243 12022 2781 125%
c } 83.75 34 37 39 141 41411 7 1119961 110743 1.8 23 13 8 12 46% 40243 12022 2781 125%
c [ 83.75 34 23 39 141 41411 1 1119961 110743 1.9 24 13 9 15 48% 40243 12022 2781 125%
c W 84.03 34 23 39 141 41411 1 1119961 110743 1.9 24 13 9 15 48% 40243 12022 2781 125%
c - 84.24 34 23 39 142 41413 1 1122957 101442 1.9 24 13 9 16 48% 40243 12022 2781 125%
c - 85.07 34 23 39 143 41420 1 1134873 101817 1.9 24 13 9 16 48% 40243 12022 2781 125%
c
c  seconds   switched      rate            size/glue  tier1     binary         remaining
c         MB   reductions     conflicts          size   tier2       irredundant
c          level     restarts        redundant      glue    trail         variables
c
c - 85.98 34 22 39 144 41425 1 1146833 101173 1.9 24 13 9 15 48% 40243 12022 2781 125%
c u 87.21 34 22 39 144 41429 1 1157163 109941 1.9 24 13 9 15 48% 40243 12022 2781 125%
c v 87.63 34 22 39 144 41429 1 1157163 104750 1.9 24 13 9 15 48% 40243 12022 2781 125%
c w 87.78 34 22 39 144 41429 1 1157163 100515 1.9 24 13 9 15 48% 40243 12022 2781 125%
c - 87.95 34 22 39 145 41430 1 1158834 92555 1.9 24 13 9 15 48% 40243 12022 2781 125%
c - 88.85 34 22 39 146 41437 1 1170877 93526 1.9 24 12 9 15 48% 40243 12022 2781 125%
c - 89.80 34 22 39 147 41440 1 1182961 93306 1.9 24 12 9 15 48% 40243 12022 2781 125%
c - 90.81 34 22 39 148 41441 1 1195087 93366 1.9 24 13 9 15 47% 40243 12022 2781 125%
c O 91.07 34 22 39 148 41441 1 1198389 96474 1.9 24 13 9 15 47% 40243 12022 2781 125%
c - 91.82 34 21 39 149 41446 1 1207255 93891 1.9 23 13 9 15 47% 40243 12022 2781 125%
c - 92.84 34 21 39 150 41453 1 1219462 95388 1.9 23 12 8 15 47% 40243 12022 2781 125%
c - 93.83 34 20 39 151 41456 1 1231709 96624 1.8 23 12 8 15 47% 40243 12022 2781 125%
c - 94.93 34 20 39 152 41463 1 1243997 97307 1.9 23 12 8 15 47% 40243 12022 2781 125%
c ] 95.60 34 20 40 152 41467 1 1251337 103948 1.8 22 12 8 15 47% 40243 12022 2781 125%
c { 95.60 34 37 40 152 41467 7 1251337 103948 1.8 23 13 8 12 46% 40243 12022 2781 125%
c - 96.02 34 36 40 153 41469 7 1256326 97524 1.8 23 13 8 12 46% 40243 12022 2781 125%
c u 96.56 34 35 40 153 41474 7 1258948 94182 1.8 23 13 8 12 46% 40243 12022 2781 125%
c v 96.89 34 35 40 153 41474 7 1258948 86452 1.8 23 13 8 12 46% 40243 12022 2781 125%
c w 97.01 34 35 40 153 41474 7 1258948 83025 1.8 23 13 8 12 46% 40243 12022 2781 125%
c o 97.04 34 35 40 153 41474 7 1258948 83025 1.8 23 13 8 12 46% 40243 12022 2781 125%
c
c  seconds   switched      rate           size/glue  tier1     binary         remaining
c         MB   reductions     conflicts         size   tier2       irredundant
c          level     restarts        redundant     glue    trail         variables
c
c - 97.65 34 34 40 154 41495 6 1268695 84687 1.8 22 12 8 12 46% 40243 12022 2781 125%
c - 98.39 34 32 40 155 41514 6 1281104 90623 1.8 22 12 8 12 46% 40243 12022 2781 125%
c - 99.15 34 30 40 156 41583 5 1293553 92776 1.8 22 12 8 12 46% 40243 12022 2781 125%
c - 99.90 34 28 40 157 41615 5 1306042 93512 1.8 21 12 8 12 46% 40243 12022 2781 125%
c - 100.67 34 27 40 158 41741 4 1318571 93172 1.8 21 12 8 12 46% 40243 12022 2781 125%
c - 101.42 34 26 40 159 41810 4 1331143 92623 1.8 21 11 8 12 46% 40243 12022 2781 125%
c } 102.10 34 25 41 159 41884 4 1342811 103161 1.8 20 11 8 12 46% 40243 12022 2781 125%
c [ 102.10 34 20 41 159 41884 1 1342811 103161 1.8 22 12 8 15 47% 40243 12022 2781 125%
c B 102.10 34 20 41 159 41884 1 1342811 103161 1.8 22 12 8 15 47% 40243 12022 2781 125%
c - 102.19 34 20 41 160 41884 1 1343752 94021 1.8 22 12 8 15 47% 40243 12022 2781 125%
c - 103.17 34 20 41 161 41892 1 1356402 95233 1.8 22 12 8 15 47% 40243 12022 2781 125%
c u 104.20 34 19 41 161 41897 1 1365500 102850 1.8 22 12 8 15 47% 40243 12022 2781 125%
c v 104.47 34 19 41 161 41897 1 1365500 97866 1.8 22 12 8 15 47% 40243 12022 2781 125%
c w 104.57 34 19 41 161 41897 1 1365500 95231 1.8 22 12 8 15 47% 40243 12022 2781 125%
c - 104.91 34 19 41 162 41898 1 1369090 89099 1.8 22 12 8 15 47% 40243 12022 2781 125%
c - 106.03 34 19 41 163 41904 1 1381821 93583 1.9 22 12 8 15 47% 40243 12022 2781 125%
c - 107.20 34 18 41 164 41911 1 1394589 98013 1.9 22 12 8 15 47% 40243 12022 2781 125%
c - 108.35 34 19 41 165 41913 1 1407396 98540 1.9 22 12 8 15 47% 40243 12022 2781 125%
c ] 108.52 34 19 42 165 41914 1 1409532 100608 1.9 22 12 8 15 47% 40243 12022 2781 125%
c { 108.52 34 25 42 165 41914 4 1409532 100608 1.8 20 11 8 12 46% 40243 12022 2781 125%
c
c  seconds    switched      rate            size/glue  tier1     binary         remaining
c          MB   reductions     conflicts          size   tier2       irredundant
c           level     restarts        redundant      glue    trail         variables
c
c - 109.21 34 24 42 166 42042 4 1420241 100475 1.8 20 11 8 12 46% 40243 12022 2781 125%
c o 109.27 34 24 42 166 42047 4 1421122 101251 1.8 20 11 8 12 46% 40243 12022 2781 125%
c - 110.03 34 23 42 167 42187 3 1433125 103789 1.8 20 11 8 12 46% 40243 12022 2781 125%
c - 110.85 34 23 42 168 42253 3 1446047 106497 1.8 19 11 8 12 46% 40243 12022 2781 125%
c - 111.64 34 22 42 169 42378 3 1459008 109037 1.8 19 11 8 12 46% 40243 12022 2781 125%
c - 112.44 34 21 42 170 42571 3 1472008 111944 1.8 19 11 8 12 46% 40243 12022 2781 125%
c u 113.11 34 21 42 170 42619 3 1476819 104892 1.8 19 11 8 12 46% 40243 12022 2781 125%
c v 113.42 34 21 42 170 42619 3 1476819 102696 1.8 19 11 8 12 46% 40243 12022 2781 125%
c w 113.53 34 21 42 170 42619 3 1476819 102300 1.8 19 11 8 12 46% 40243 12022 2781 125%
c - 115.38 34 21 42 171 42712 3 1485047 102352 1.8 19 11 8 12 46% 40243 12022 2781 125%
c - 116.18 34 20 42 172 42849 3 1498125 105714 1.8 19 10 8 12 46% 40243 12022 2781 125%
c } 116.89 34 20 43 172 43101 3 1509506 116053 1.8 18 10 8 12 46% 40243 12022 2781 125%
c [ 116.89 34 19 43 172 43101 1 1509506 116053 1.9 22 12 8 15 47% 40243 12022 2781 125%
c W 117.33 34 19 43 172 43101 1 1509506 116053 1.9 22 12 8 15 47% 40243 12022 2781 125%
c - 117.47 34 19 43 173 43102 1 1511239 107757 1.9 22 12 8 15 47% 40243 12022 2781 125%
c - 118.39 41 19 43 174 43110 1 1524391 110495 1.9 22 12 8 15 47% 40243 12022 2781 125%
c - 119.39 44 19 43 175 43115 1 1537581 113218 1.9 22 12 8 15 47% 40243 12022 2781 125%
c - 120.39 44 19 43 176 43122 1 1550810 114387 1.9 22 12 8 15 48% 40243 12022 2781 125%
c - 121.44 44 19 43 177 43129 1 1564079 114842 1.9 22 12 8 15 48% 40243 12022 2781 125%
c - 122.47 44 19 43 178 43131 1 1577383 115321 1.9 22 12 8 15 48% 40243 12022 2781 125%
c
c  seconds    switched      rate            size/glue  tier1     binary         remaining
c          MB   reductions     conflicts          size   tier2       irredundant
c           level     restarts        redundant      glue    trail         variables
c
c - 123.61 44 19 43 179 43131 1 1590727 116679 1.9 23 12 8 15 48% 40243 12022 2781 125%
c u 124.09 46 19 43 179 43133 1 1592980 118342 1.9 23 12 8 15 48% 40243 12022 2781 125%
c v 124.33 46 19 43 179 43133 1 1592980 117219 1.9 23 12 8 15 48% 40243 12022 2781 125%
c w 124.42 46 19 43 179 43133 1 1592980 116322 1.9 23 12 8 15 48% 40243 12022 2781 125%
c o 124.61 46 19 43 179 43133 1 1592980 116322 1.9 23 12 8 15 48% 40243 12022 2781 125%
c ] 124.70 46 20 44 179 43134 1 1594371 117648 1.9 23 12 8 15 48% 40243 12022 2781 125%
c { 124.70 46 20 44 179 43134 3 1594371 117648 1.8 18 10 8 12 46% 40243 12022 2781 125%
c - 125.34 46 19 44 180 43290 3 1604106 116323 1.8 18 10 8 12 46% 40243 12022 2781 125%
c - 126.21 46 19 44 181 43643 2 1617522 119224 1.8 18 10 8 12 46% 40243 12022 2781 125%
c - 127.09 46 19 44 182 44011 2 1630976 122990 1.8 18 10 8 12 46% 40243 12022 2781 125%
c - 127.97 46 19 44 183 44438 2 1644468 126363 1.8 18 10 8 12 46% 40243 12022 2781 125%
c - 128.84 46 19 44 184 44867 2 1657995 129067 1.7 18 10 8 12 46% 40243 12022 2781 125%
c - 129.76 48 18 44 185 45233 2 1671561 130800 1.7 18 10 8 12 46% 40243 12022 2781 125%
c - 130.70 48 18 44 186 45776 2 1685163 131688 1.7 17 10 8 12 46% 40243 12022 2781 125%
c - 131.64 48 18 44 187 46222 2 1698801 132593 1.7 17 10 8 12 46% 40243 12022 2781 125%
c } 131.97 48 18 45 187 46469 2 1703202 136664 1.7 17 10 8 12 46% 40243 12022 2781 125%
c [ 131.97 48 20 45 187 46469 1 1703202 136664 1.9 23 12 8 15 48% 40243 12022 2781 125%
c I 131.97 48 20 45 187 46469 1 1703202 136664 1.9 23 12 8 15 48% 40243 12022 2781 125%
c - 132.55 48 21 45 188 46475 1 1712475 132814 1.9 23 12 8 15 48% 40243 12022 2781 125%
c u 133.04 50 21 45 188 46475 1 1714010 133603 1.9 23 12 8 15 48% 40243 12022 2781 125%
c
c  seconds    switched      rate            size/glue  tier1     binary         remaining
c          MB   reductions     conflicts          size   tier2       irredundant
c           level     restarts        redundant      glue    trail         variables
c
c v 133.34 50 21 45 188 46475 1 1714010 132752 1.9 23 12 8 15 48% 40243 12022 2781 125%
c w 133.45 50 21 45 188 46475 1 1714010 132649 1.9 23 12 8 15 48% 40243 12022 2781 125%
c - 134.35 50 21 45 189 46482 1 1726187 129995 1.9 24 12 8 15 48% 40243 12022 2781 125%
c - 135.42 50 21 45 190 46486 1 1739935 129569 1.9 24 12 8 15 48% 40243 12022 2781 125%
c - 136.50 50 21 45 191 46495 1 1753720 128686 2.0 25 13 8 15 48% 40243 12022 2781 125%
c - 137.59 50 22 45 192 46498 1 1767542 127544 2.0 25 13 8 15 47% 40243 12022 2781 125%
c - 138.77 50 23 45 193 46499 1 1781398 128029 2.0 26 13 8 15 47% 40243 12022 2781 125%
c - 140.00 50 23 45 194 46506 1 1795291 129120 2.0 26 13 8 15 47% 40243 12022 2781 125%
c ] 140.28 50 23 46 194 46507 1 1798520 132203 2.0 26 13 8 15 47% 40243 12022 2781 125%
c { 140.28 50 18 46 194 46507 2 1798520 132203 1.7 17 10 8 12 46% 40243 12022 2781 125%
c o 140.29 50 18 46 194 46529 2 1798623 132303 1.7 17 10 8 12 46% 40243 12022 2781 125%
c - 141.00 50 18 46 195 46724 2 1809220 130313 1.7 17 10 8 12 46% 40243 12022 2781 125%
c - 141.95 50 18 46 196 47173 2 1823184 132020 1.7 17 10 8 12 46% 40243 12022 2781 125%
c - 142.95 50 18 46 197 47742 2 1837184 134062 1.7 17 10 8 12 46% 40243 12022 2781 125%
c u 143.59 50 18 46 197 47944 2 1839937 136340 1.7 17 10 8 12 46% 40243 12022 2781 125%
c v 143.95 50 18 46 197 47944 2 1839937 135022 1.7 17 10 8 12 46% 40243 12022 2781 125%
c w 144.08 50 18 46 197 47944 2 1839937 134649 1.7 17 10 8 12 46% 40243 12022 2781 125%
c - 144.94 50 18 46 198 48522 2 1851220 134352 1.7 17 10 8 12 46% 40243 12022 2781 125%
c - 145.96 50 18 46 199 49279 3 1865291 136234 1.7 17 10 8 12 46% 40243 12022 2781 125%
c - 147.00 50 18 46 200 50093 3 1879397 136724 1.7 17 10 8 12 46% 40243 12022 2781 125%
c
c  seconds    switched      rate            size/glue  tier1     binary         remaining
c          MB   reductions     conflicts          size   tier2       irredundant
c           level     restarts        redundant      glue    trail         variables
c
c - 148.00 50 18 46 201 50561 3 1893539 137338 1.7 17 10 8 12 46% 40243 12022 2781 125%
c - 149.03 50 18 46 202 51212 3 1907718 137500 1.7 17 10 8 12 46% 40243 12022 2781 125%
c } 149.63 50 18 47 202 51491 3 1916565 145288 1.7 17 10 8 12 46% 40243 12022 2781 125%
c [ 149.63 50 23 47 202 51491 1 1916565 145288 2.0 26 13 8 15 47% 40243 12022 2781 125%
c B 149.63 50 23 47 202 51491 1 1916565 145288 2.0 26 13 8 15 47% 40243 12022 2781 125%
c - 150.01 50 23 47 203 51495 1 1921931 137304 2.0 26 13 8 15 47% 40243 12022 2781 125%
c - 151.12 52 24 47 204 51503 1 1936179 135470 2.1 28 13 8 15 47% 40243 12022 2781 125%
c - 152.26 52 25 47 205 51507 1 1950462 135804 2.2 29 13 8 15 47% 40243 12022 2781 125%
c - 153.54 52 25 47 206 51515 1 1964780 136435 2.2 30 14 8 15 47% 40243 12022 2781 125%
c u 154.50 52 25 47 206 51519 1 1970781 142045 2.2 30 14 8 15 47% 40243 12022 2781 125%
c v 154.90 52 25 47 206 51519 1 1970781 141949 2.2 30 14 8 15 47% 40243 12022 2781 125%
c w 155.04 52 25 47 206 51519 1 1970781 141635 2.2 30 14 8 15 47% 40243 12022 2781 125%
c - 155.76 52 25 47 207 51520 1 1979132 137087 2.2 30 14 8 15 47% 40243 12022 2781 125%
c - 156.96 52 26 47 208 51521 1 1993520 138574 2.2 30 14 8 15 47% 40243 12022 2781 125%
c - 158.18 52 27 47 209 51528 1 2007942 138418 2.2 30 14 8 15 48% 40243 12022 2781 125%
c ] 159.45 52 26 48 209 51535 1 2022261 152188 2.1 30 14 8 15 48% 40243 12022 2781 125%
c { 159.45 52 18 48 209 51535 3 2022261 152188 1.7 17 10 8 12 46% 40243 12022 2781 125%
c o 159.45 52 18 48 209 51540 3 2022323 152250 1.7 17 10 8 12 46% 40243 12022 2781 125%
c - 159.49 52 18 48 210 51555 3 2022399 137659 1.7 17 10 8 12 46% 40243 12022 2781 125%
c - 160.65 52 18 48 211 52375 3 2036892 138727 1.7 17 10 8 12 46% 40243 12022 2781 125%
c
c  seconds    switched      rate            size/glue  tier1     binary         remaining
c          MB   reductions     conflicts          size   tier2       irredundant
c           level     restarts        redundant      glue    trail         variables
c
c - 161.81 52 18 48 212 53239 3 2051419 138909 1.7 17 10 8 12 46% 40243 12022 2781 125%
c - 162.94 52 18 48 213 54009 3 2065980 139174 1.7 17 10 8 12 46% 40243 12022 2781 125%
c - 163.99 52 18 48 214 54335 3 2080574 139412 1.7 17 10 8 12 46% 40243 12022 2781 125%
c - 165.07 52 18 48 215 54795 3 2095203 139491 1.7 17 10 8 12 46% 40243 12022 2781 125%
c u 166.47 52 18 48 215 55595 3 2106594 149768 1.7 17 10 8 12 46% 40243 12022 2781 125%
c v 166.88 52 18 48 215 55595 3 2106594 148503 1.7 17 10 8 12 46% 40243 12022 2781 125%
c w 167.03 52 18 48 215 55595 3 2106594 148338 1.7 17 10 8 12 46% 40243 12022 2781 125%
c - 167.33 52 18 48 216 55672 3 2109865 139574 1.7 17 10 8 12 46% 40243 12022 2781 125%
c - 168.44 52 18 48 217 56213 3 2124561 140906 1.7 17 10 8 12 46% 40243 12022 2781 125%
c - 169.65 52 18 48 218 57118 3 2139291 141288 1.7 17 10 8 12 46% 40243 12022 2781 125%
c } 170.47 52 18 49 218 57677 3 2149872 151059 1.7 17 10 8 12 46% 40243 12022 2781 125%
c [ 170.47 52 26 49 218 57677 1 2149872 151059 2.1 30 14 8 15 48% 40243 12022 2781 125%
c W 171.22 52 26 49 218 57677 1 2149872 151059 2.1 30 14 8 15 48% 40243 12022 2781 125%
c - 171.54 52 26 49 219 57680 1 2154055 143340 2.1 30 14 8 15 48% 40243 12022 2781 125%
c - 172.65 52 25 49 220 57689 1 2168853 145269 2.1 28 14 8 15 48% 40243 12022 2781 125%
c - 173.85 52 24 49 221 57692 1 2183685 146779 2.0 27 13 8 15 48% 40243 12022 2781 125%
c - 175.13 52 23 49 222 57701 1 2198551 147952 2.0 27 13 8 15 48% 40243 12022 2781 125%
c - 176.44 52 23 49 223 57706 1 2213452 148137 2.0 27 13 8 15 48% 40243 12022 2781 125%
c - 177.86 52 23 49 224 57707 1 2228385 149443 2.0 26 13 8 15 48% 40243 12022 2781 125%
c - 179.31 52 22 49 225 57714 1 2243351 149911 2.0 26 13 8 15 48% 40243 12022 2781 125%
c
c  seconds    switched      rate            size/glue  tier1     binary         remaining
c          MB   reductions     conflicts          size   tier2       irredundant
c           level     restarts        redundant      glue    trail         variables
c
c u 180.22 52 22 49 225 57717 1 2247403 153323 2.0 26 13 8 15 48% 40243 12022 2781 125%
c v 180.69 52 22 49 225 57717 1 2247403 150799 2.0 26 13 8 15 48% 40243 12022 2781 125%
c w 180.85 52 22 49 225 57717 1 2247403 149873 2.0 26 13 8 15 48% 40243 12022 2781 125%
c o 180.89 52 22 49 225 57717 1 2247403 149873 2.0 26 13 8 15 48% 40243 12022 2781 125%
c - 181.81 52 24 49 226 57722 1 2258352 144317 2.0 26 13 8 15 48% 40243 12022 2781 125%
c O 182.26 52 24 49 226 57722 1 2264212 149956 1.9 26 13 8 15 48% 40243 12022 2781 125%
c ] 182.54 52 24 50 226 57725 1 2267383 152919 1.9 25 13 8 15 48% 40243 12022 2781 125%
c { 182.54 52 18 50 226 57725 3 2267383 152919 1.7 17 10 8 12 46% 40243 12022 2781 125%
c - 183.07 52 18 50 227 57726 3 2273385 143640 1.7 17 10 8 12 46% 40243 12022 2781 125%
c - 184.19 52 17 50 228 57730 2 2288452 142762 1.7 16 10 8 12 46% 40243 12022 2781 125%
c - 185.32 52 16 50 229 57744 2 2303551 140289 1.6 16 10 8 12 46% 40243 12022 2781 125%
c - 186.37 52 15 50 230 57754 2 2318684 140741 1.6 16 10 8 12 46% 40243 12022 2781 125%
c - 187.49 52 15 50 231 57774 2 2333851 143245 1.6 15 9 8 12 46% 40243 12022 2781 125%
c - 188.60 52 14 50 232 57847 2 2349049 144536 1.6 15 9 8 12 46% 40243 12022 2781 125%
c - 189.74 52 14 50 233 57897 2 2364281 146138 1.6 15 9 8 12 46% 40243 12022 2781 125%
c - 190.81 52 13 50 234 57986 2 2379545 147755 1.6 15 9 8 12 46% 40243 12022 2781 125%
c u 192.27 53 13 50 234 58089 2 2393259 153427 1.6 15 9 8 12 46% 40243 12022 2781 125%
c v 192.69 70 13 50 234 58089 2 2393259 151685 1.6 15 9 8 12 46% 40243 12022 2781 125%
c w 192.82 70 13 50 234 58089 2 2393259 151584 1.6 15 9 8 12 46% 40243 12022 2781 125%
c - 193.00 61 13 50 235 58116 2 2394842 144382 1.6 15 9 8 12 46% 40243 12022 2781 125%
c
c  seconds    switched      rate            size/glue tier1     binary         remaining
c          MB   reductions     conflicts          size  tier2       irredundant
c           level     restarts        redundant     glue    trail         variables
c
c } 193.71 64 13 51 235 58205 2 2404911 152744 1.6 15 9 8 12 46% 40243 12022 2781 125%
c [ 193.71 64 24 51 235 58205 1 2404911 152744 1.9 25 13 8 15 48% 40243 12022 2781 125%
c B 193.71 64 24 51 235 58205 1 2404911 152744 1.9 25 13 8 15 48% 40243 12022 2781 125%
c - 194.14 64 24 51 236 58209 1 2410171 148871 1.9 25 13 8 15 48% 40243 12022 2781 125%
c - 195.48 61 23 51 237 58218 1 2425533 152525 1.9 25 13 8 15 48% 40243 12022 2781 125%
c - 196.81 64 23 51 238 58222 1 2440927 154879 1.9 25 13 8 15 48% 40243 12022 2781 125%
c - 198.25 61 22 51 239 58232 1 2456354 156436 1.9 25 13 8 15 48% 40243 12022 2781 125%
c - 199.54 64 22 51 240 58235 1 2471816 156572 1.9 25 13 8 15 48% 40243 12022 2781 125%
c - 200.98 66 23 51 241 58236 1 2487307 156039 1.9 25 13 8 15 48% 40243 12022 2781 125%
c - 202.40 64 23 51 242 58245 1 2502831 154040 1.9 25 13 8 15 49% 40243 12022 2781 125%
c - 203.86 64 22 51 243 58250 1 2518387 152952 1.9 25 13 8 15 49% 40243 12022 2781 125%
c ] 204.31 66 22 52 243 58253 1 2523322 157674 1.9 25 13 8 15 49% 40243 12022 2781 125%
c { 204.31 66 13 52 243 58253 2 2523322 157674 1.6 15 9 8 12 46% 40243 12022 2781 125%
c o 204.33 66 13 52 243 58265 2 2523441 157785 1.6 15 9 8 12 46% 40243 12022 2781 125%
c - 205.38 64 14 52 244 59922 2 2533975 152737 1.6 15 9 8 12 46% 40243 12022 2781 125%
c u 206.93 68 14 52 244 61321 2 2544160 160651 1.6 15 9 8 12 46% 40243 12022 2781 125%
c v 207.46 68 14 52 244 61321 2 2544160 159043 1.6 15 9 8 12 46% 40243 12022 2781 125%
c w 207.65 68 14 52 244 61321 2 2544160 157138 1.6 15 9 8 12 46% 40243 12022 2781 125%
c - 208.21 66 15 52 245 61985 2 2549598 148895 1.6 15 9 8 12 46% 40243 12022 2781 125%
c - 209.56 66 15 52 246 63479 2 2565250 148492 1.6 15 10 8 12 46% 40243 12022 2781 125%
c
c  seconds    switched      rate            size/glue  tier1     binary         remaining
c          MB   reductions     conflicts          size   tier2       irredundant
c           level     restarts        redundant      glue    trail         variables
c
c - 210.90 66 16 52 247 64891 3 2580935 148568 1.6 16 10 8 12 46% 40243 12022 2781 125%
c - 212.23 64 17 52 248 66272 3 2596651 148428 1.6 16 10 8 12 46% 40243 12022 2781 125%
c - 213.46 66 17 52 249 67100 3 2612399 148554 1.6 16 10 8 12 46% 40243 12022 2781 125%
c - 214.66 66 17 52 250 67838 3 2628180 149436 1.6 16 10 8 12 46% 40243 12022 2781 125%
c - 215.89 64 17 52 251 68639 3 2643992 152219 1.6 16 10 8 12 46% 40243 12022 2781 125%
c - 217.12 66 17 52 252 69385 3 2659834 154495 1.6 16 10 8 12 46% 40243 12022 2781 125%
c } 217.95 64 17 53 252 69705 3 2671109 164808 1.6 16 10 8 12 46% 40243 12022 2781 125%
c [ 217.95 64 22 53 252 69705 1 2671109 164808 1.9 25 13 8 15 49% 40243 12022 2781 125%
c W 218.92 53 22 53 252 69705 1 2671109 164808 1.9 25 13 8 15 49% 40243 12022 2781 125%
c - 219.32 53 22 53 253 69708 1 2675709 156722 1.9 25 13 8 15 49% 40243 12022 2781 125%
c - 220.70 53 22 53 254 69718 1 2691614 158374 1.9 24 13 8 15 49% 40243 12022 2781 125%
c u 222.04 53 22 53 254 69719 1 2700158 163924 1.9 24 13 8 15 49% 40243 12022 2781 125%
c v 222.55 53 22 53 254 69719 1 2700158 157377 1.9 24 13 8 15 49% 40243 12022 2781 125%
c w 222.74 53 22 53 254 69719 1 2700158 153670 1.9 24 13 8 15 49% 40243 12022 2781 125%
c - 224.27 53 21 53 255 69722 1 2707552 148508 1.9 24 13 8 15 48% 40243 12022 2781 125%
c - 225.64 53 21 53 256 69732 1 2723520 155539 1.9 23 13 8 15 48% 40243 12022 2781 125%
c - 227.09 53 21 53 257 69735 1 2739521 157633 1.9 24 13 8 15 48% 40243 12022 2781 125%
c - 228.51 53 21 53 258 69738 1 2755552 159002 1.9 24 13 8 15 48% 40243 12022 2781 125%
c - 230.01 53 20 53 259 69748 1 2771614 160199 1.9 23 12 7 15 48% 40243 12022 2781 125%
c o 230.19 53 20 53 259 69749 1 2773599 162099 1.9 23 12 7 15 48% 40243 12022 2781 125%
c
c  seconds    switched      rate            size/glue  tier1     binary         remaining
c          MB   reductions     conflicts          size   tier2       irredundant
c           level     restarts        redundant      glue    trail         variables
c
c - 231.45 53 25 53 260 69752 1 2787707 156431 1.8 24 14 7 15 49% 40243 12022 2781 125%
c - 232.87 53 25 53 261 69762 1 2803831 152999 1.8 24 13 7 15 49% 40243 12022 2781 125%
c I 233.01 53 24 53 261 69763 1 2805352 154444 1.8 24 13 7 15 49% 40243 12022 2781 125%
c ] 233.61 53 26 54 261 69765 1 2813438 162327 1.8 25 14 7 15 49% 40243 12022 2781 125%
c { 233.61 53 17 54 261 69765 3 2813438 162327 1.6 16 10 8 12 46% 40243 12022 2781 125%
c - 234.67 53 19 54 262 71153 3 2819986 149527 1.7 17 10 8 12 46% 40243 12022 2781 125%
c - 237.20 53 24 54 263 74566 4 2836172 142757 1.7 19 11 8 12 46% 40243 12022 2781 125%
c - 239.82 53 29 54 264 77947 5 2852390 138037 1.7 21 12 8 12 46% 40243 12022 2781 125%
c u 241.78 53 31 54 264 79771 6 2861252 142164 1.7 22 12 8 12 46% 40243 12022 2781 125%
c v 242.21 53 31 54 264 79771 6 2861252 141850 1.7 22 12 8 12 46% 40243 12022 2781 125%
c w 242.38 53 31 54 264 79771 6 2861252 141833 1.7 22 12 8 12 46% 40243 12022 2781 125%
c - 243.86 53 32 54 265 81263 6 2868638 128515 1.8 22 13 8 12 46% 40243 12022 2781 125%
c - 246.30 53 35 54 266 83969 7 2884916 125202 1.8 23 13 8 12 46% 40243 12022 2781 125%
c - 248.83 53 37 54 267 86877 7 2901226 122595 1.8 24 14 8 12 46% 40243 12022 2781 125%
c - 251.11 53 39 54 268 89115 7 2917569 122316 1.8 25 14 8 12 46% 40243 12022 2781 125%
c - 253.37 53 41 54 269 91138 7 2933939 123352 1.9 26 14 8 12 46% 40243 12022 2781 125%
c - 255.41 53 41 54 270 92596 7 2950342 124117 1.9 27 14 8 12 46% 40243 12022 2781 125%
c - 257.40 53 42 54 271 93978 7 2966773 125608 1.9 28 14 8 12 46% 40243 12022 2781 125%
c } 258.07 53 42 55 271 94547 7 2971833 130589 1.9 28 14 8 12 46% 40243 12022 2781 125%
c [ 258.07 53 26 55 271 94547 1 2971833 130589 1.8 25 14 7 15 49% 40243 12022 2781 125%
c
c  seconds    switched      rate            size/glue  tier1     binary         remaining
c          MB   reductions     conflicts          size   tier2       irredundant
c           level     restarts        redundant      glue    trail         variables
c
c B 258.07 53 26 55 271 94547 1 2971833 130589 1.8 25 14 7 15 49% 40243 12022 2781 125%
c - 259.04 53 26 55 272 94553 1 2983237 124610 1.8 26 14 7 15 49% 40243 12022 2781 125%
c - 260.47 53 26 55 273 94561 1 2999729 124870 1.8 26 14 7 15 49% 40243 12022 2781 125%
c - 262.00 53 25 55 274 94568 1 3016251 127189 1.9 27 14 7 15 48% 40243 12022 2781 125%
c u 263.82 53 25 55 274 94575 1 3027494 136890 1.9 27 14 7 15 48% 40243 12022 2781 125%
c v 264.63 53 25 55 274 94575 1 3027494 136664 1.9 27 14 7 15 48% 40243 12022 2781 125%
c w 264.92 53 25 55 274 94575 1 3027494 135932 1.9 27 14 7 15 48% 40243 12022 2781 125%
c o 264.95 53 25 55 274 94575 1 3027494 135932 1.9 27 14 7 15 48% 40243 12022 2781 125%
c - 265.38 53 27 55 275 94576 1 3032803 125620 1.9 27 15 7 15 48% 40243 12022 2781 125%
c - 266.71 53 26 55 276 94577 1 3049386 126042 1.9 27 14 7 15 48% 40243 12022 2781 125%
c - 268.15 53 26 55 277 94584 1 3066001 125972 1.9 26 14 7 15 48% 40243 12022 2781 125%
c - 269.63 53 25 55 278 94592 1 3082645 125479 1.9 26 14 7 15 48% 40243 12022 2781 125%
c - 271.15 53 25 55 279 94600 1 3099318 123193 1.9 26 14 7 15 48% 40243 12022 2781 125%
c - 272.70 53 25 55 280 94607 1 3116022 119253 1.9 26 14 7 15 48% 40243 12022 2781 125%
c W 274.45 30 25 55 280 94608 1 3120021 123046 1.9 26 14 7 15 48% 40243 12022 2781 125%
c - 275.52 36 26 55 281 94608 1 3132755 115605 1.8 26 14 7 15 48% 40243 12022 2781 125%
c - 277.00 36 28 55 282 94609 1 3149518 110421 1.8 26 15 7 15 48% 40243 12022 2781 125%
c - 278.56 36 29 55 283 94609 1 3166311 105857 1.8 27 15 7 15 48% 40243 12022 2781 125%
c - 280.13 36 30 55 284 94619 1 3183136 103631 1.8 27 15 7 15 48% 40243 12022 2781 125%
c u 282.11 40 28 55 284 94624 1 3198909 117747 1.8 26 15 7 15 48% 40243 12022 2781 125%
c
c  seconds    switched      rate            size/glue  tier1     binary         remaining
c          MB   reductions     conflicts          size   tier2       irredundant
c           level     restarts        redundant      glue    trail         variables
c
c v 282.70 40 28 55 284 94624 1 3198909 116422 1.8 26 15 7 15 48% 40243 12022 2781 125%
c w 282.91 40 28 55 284 94624 1 3198909 113904 1.8 26 15 7 15 48% 40243 12022 2781 125%
c - 283.07 40 28 55 285 94624 1 3199989 102173 1.8 26 15 7 15 48% 40243 12022 2781 125%
c - 284.64 40 27 55 286 94634 1 3216870 104966 1.8 26 15 7 15 48% 40243 12022 2781 125%
c - 286.28 40 26 55 287 94639 1 3233781 108043 1.8 25 14 7 15 48% 40243 12022 2781 125%
c ] 286.93 40 26 56 287 94640 1 3240463 114230 1.8 25 14 7 15 48% 40243 12022 2781 125%
c { 286.93 40 42 56 287 94640 7 3240463 114230 1.9 28 14 8 12 46% 40243 12022 2781 125%
c - 287.84 40 40 56 288 94646 6 3250722 110780 1.9 27 14 8 12 46% 40243 12022 2781 125%
c - 289.28 40 36 56 289 94665 6 3267692 97329 1.9 26 14 7 12 46% 40243 12022 2781 125%
c - 290.59 40 33 56 290 94668 5 3284694 94727 1.9 25 13 7 12 46% 40243 12022 2781 125%
c o 291.07 40 32 56 290 94679 5 3290940 100710 1.9 25 13 7 12 46% 40243 12022 2781 125%
c - 291.87 40 31 56 291 94730 4 3301726 94629 1.9 25 13 7 12 46% 40243 12022 2781 125%
c - 293.15 40 29 56 292 94834 4 3318784 94571 1.9 24 13 7 12 46% 40243 12022 2781 125%
c - 294.38 40 27 56 293 94851 4 3335874 95093 1.9 23 12 7 12 46% 40243 12022 2781 125%
c - 295.64 40 25 56 294 94861 3 3352991 96385 1.8 22 12 7 12 46% 40243 12022 2781 125%
c - 296.87 40 23 56 295 94931 3 3370138 97572 1.8 21 11 7 12 46% 40243 12022 2781 125%
c u 297.83 40 23 56 295 94934 3 3375522 99113 1.8 21 11 7 12 46% 40243 12022 2781 125%
c v 298.38 40 23 56 295 94934 3 3375522 92895 1.8 21 11 7 12 46% 40243 12022 2781 125%
c w 298.57 40 23 56 295 94934 3 3375522 91616 1.8 21 11 7 12 46% 40243 12022 2781 125%
c - 299.43 40 22 56 296 95059 3 3387318 93235 1.8 20 11 7 12 46% 40243 12022 2781 125%
c
c  seconds    switched      rate           size/glue  tier1     binary         remaining
c          MB   reductions     conflicts         size   tier2       irredundant
c           level     restarts        redundant     glue    trail         variables
c
c - 300.67 40 21 56 297 95208 3 3404522 97945 1.8 20 11 7 12 46% 40243 12022 2781 125%
c } 301.04 40 21 57 297 95246 3 3409805 102854 1.8 20 11 7 12 46% 40243 12022 2781 125%
c [ 301.04 40 26 57 297 95246 1 3409805 102854 1.8 25 14 7 15 48% 40243 12022 2781 125%
c O 301.04 40 26 57 297 95246 1 3409805 102854 1.8 25 14 7 15 48% 40243 12022 2781 125%
c - 302.02 40 25 57 298 95252 1 3421755 99909 1.8 25 14 7 15 48% 40243 12022 2781 125%
c - 303.55 40 24 57 299 95260 1 3439017 99746 1.8 25 14 7 15 48% 40243 12022 2781 125%
c - 305.21 40 23 57 300 95269 1 3456309 100133 1.8 24 13 7 15 48% 40243 12022 2781 125%
c - 306.89 40 22 57 301 95275 1 3473629 101819 1.8 24 13 7 15 48% 40243 12022 2781 125%
c - 308.50 40 21 57 302 95276 1 3490978 100785 1.8 23 13 7 15 48% 40243 12022 2781 125%
c - 310.21 40 21 57 303 95287 1 3508356 100245 1.8 23 13 7 15 48% 40243 12022 2781 125%
c - 311.91 40 21 57 304 95293 1 3525763 99387 1.8 23 13 7 15 49% 40243 12022 2781 125%
c - 313.69 40 21 57 305 95304 1 3543198 100142 1.8 23 13 7 15 49% 40243 12022 2781 125%
c ] 314.12 40 20 58 305 95305 1 3547274 103851 1.8 23 13 7 15 48% 40243 12022 2781 125%
c { 314.12 40 21 58 305 95305 3 3547274 103851 1.8 20 11 7 12 46% 40243 12022 2781 125%
c o 314.44 40 21 58 305 95317 3 3550766 107133 1.8 20 11 7 12 46% 40243 12022 2781 125%
c u 315.53 40 20 58 305 95366 2 3557359 110872 1.8 20 11 7 12 46% 40243 12022 2781 125%
c v 316.17 40 20 58 305 95366 2 3557359 107869 1.8 20 11 7 12 46% 40243 12022 2781 125%
c w 316.40 40 20 58 305 95366 2 3557359 103867 1.8 20 11 7 12 46% 40243 12022 2781 125%
c - 316.68 40 20 58 306 95392 2 3560662 95603 1.8 20 11 7 12 46% 40243 12022 2781 125%
c - 317.91 40 19 58 307 95529 2 3578155 99959 1.8 19 11 7 12 46% 40243 12022 2781 125%
c
c  seconds    switched      rate            size/glue  tier1     binary         remaining
c          MB   reductions     conflicts          size   tier2       irredundant
c           level     restarts        redundant      glue    trail         variables
c
c - 319.11 40 19 58 308 95681 2 3595681 103302 1.8 19 10 7 12 46% 40243 12022 2781 125%
c - 320.38 40 19 58 309 96071 2 3613230 105991 1.8 18 10 7 12 46% 40243 12022 2781 125%
c - 321.76 40 19 58 310 96771 2 3630808 108700 1.8 18 10 7 12 46% 40243 12022 2781 125%
c - 323.09 40 18 58 311 97255 2 3648414 109930 1.7 18 10 7 12 46% 40243 12022 2781 125%
c - 324.37 40 18 58 312 97581 2 3666049 111118 1.7 18 10 7 12 46% 40243 12022 2781 125%
c - 325.72 40 18 58 313 98088 2 3683712 113508 1.7 18 10 7 12 46% 40243 12022 2781 125%
c - 327.17 40 18 58 314 98963 2 3701404 116038 1.7 17 10 7 12 46% 40243 12022 2781 125%
c - 328.54 40 18 58 315 99543 2 3719124 118387 1.7 17 10 7 12 46% 40243 12022 2781 125%
c } 329.25 40 18 59 315 100014 2 3727903 126332 1.7 17 10 7 12 46% 40243 12022 2781 125%
c [ 329.25 40 20 59 315 100014 1 3727903 126332 1.8 23 13 7 15 48% 40243 12022 2781 125%
c B 329.25 40 20 59 315 100014 1 3727903 126332 1.8 23 13 7 15 48% 40243 12022 2781 125%
c - 329.94 40 21 59 316 100020 1 3736874 118210 1.8 24 13 7 15 49% 40243 12022 2781 125%
c u 331.13 40 21 59 316 100024 1 3744446 123840 1.8 24 13 7 15 49% 40243 12022 2781 125%
c v 331.68 40 21 59 316 100024 1 3744446 123319 1.8 24 13 7 15 49% 40243 12022 2781 125%
c w 331.88 40 21 59 316 100024 1 3744446 121603 1.8 24 13 7 15 49% 40243 12022 2781 125%
c - 332.77 40 21 59 317 100028 1 3754650 114354 1.8 23 13 7 15 49% 40243 12022 2781 125%
c - 334.35 40 20 59 318 100035 1 3772455 115996 1.8 23 13 7 15 49% 40243 12022 2781 125%
c - 336.05 40 20 59 319 100043 1 3790288 116664 1.8 23 13 7 15 49% 40243 12022 2781 125%
c - 337.85 40 20 59 320 100044 1 3808149 116521 1.8 23 13 7 15 49% 40243 12022 2781 125%
c - 339.45 40 20 59 321 100054 1 3826039 114659 1.8 23 13 7 15 49% 40243 12022 2781 125%
c
c  seconds    switched       rate            size/glue  tier1     binary         remaining
c          MB   reductions      conflicts          size   tier2       irredundant
c           level      restarts        redundant      glue    trail         variables
c
c - 341.15 40 21 59 322 100061 1 3843955 111758 1.8 24 13 7 15 49% 40243 12022 2781 125%
c - 342.94 40 21 59 323 100072 1 3861899 109473 1.8 24 13 7 15 49% 40243 12022 2781 125%
c ] 344.65 40 22 60 323 100075 1 3879061 125640 1.8 25 14 7 15 49% 40243 12022 2781 125%
c { 344.65 40 18 60 323 100075 2 3879061 125640 1.7 17 10 7 12 46% 40243 12022 2781 125%
c o 344.66 40 18 60 323 100083 2 3879138 125708 1.7 17 10 7 12 46% 40243 12022 2781 125%
c - 344.74 40 18 60 324 100098 2 3879871 108388 1.7 17 10 7 12 46% 40243 12022 2781 125%
c - 346.15 40 18 60 325 100619 2 3897871 110590 1.7 17 10 7 12 46% 40243 12022 2781 125%
c - 347.58 40 18 60 326 101279 2 3915898 113431 1.7 17 10 7 12 46% 40243 12022 2781 125%
c - 348.97 40 17 60 327 101756 2 3933954 114114 1.7 17 10 7 12 46% 40243 12022 2781 125%
c u 349.88 40 18 60 327 101953 2 3936811 115258 1.7 17 10 7 12 46% 40243 12022 2781 125%
c v 350.53 40 18 60 327 101953 2 3936811 109227 1.7 17 10 7 12 46% 40243 12022 2781 125%
c w 350.75 40 18 60 327 101953 2 3936811 108753 1.7 17 10 7 12 46% 40243 12022 2781 125%
c - 351.96 40 18 60 328 102560 2 3952037 109681 1.7 17 10 7 12 46% 40243 12022 2781 125%
c - 353.38 40 18 60 329 103286 2 3970149 115351 1.7 17 10 7 12 46% 40243 12022 2781 125%
c - 354.81 40 18 60 330 103954 2 3988290 118621 1.7 17 10 7 12 46% 40243 12022 2781 125%
c - 356.25 40 18 60 331 104615 2 4006456 120673 1.7 17 10 7 12 46% 40243 12022 2781 125%
c - 357.69 40 17 60 332 105222 2 4024649 122532 1.7 17 10 7 12 46% 40243 12022 2781 125%
c - 359.08 40 17 60 333 105757 2 4042870 124753 1.7 17 10 7 12 46% 40243 12022 2781 125%
c - 360.53 40 18 60 334 106529 2 4061124 127145 1.7 17 10 7 12 46% 40243 12022 2781 125%
c } 361.32 40 18 61 334 106919 2 4071314 136042 1.7 17 10 7 12 46% 40243 12022 2781 125%
c
c  seconds    switched       rate            size/glue  tier1     binary         remaining
c          MB   reductions      conflicts          size   tier2       irredundant
c           level      restarts        redundant      glue    trail         variables
c
c [ 361.32 40 22 61 334 106919 1 4071314 136042 1.8 25 14 7 15 49% 40243 12022 2781 125%
c W 363.08 40 22 61 334 106919 1 4071314 136042 1.8 25 14 7 15 49% 40243 12022 2781 125%
c - 363.72 40 22 61 335 106924 1 4079401 127789 1.8 25 14 7 15 49% 40243 12022 2781 125%
c - 365.28 40 22 61 336 106933 1 4097708 124999 1.8 26 14 7 15 50% 40243 12022 2781 125%
c - 366.98 40 22 61 337 106940 1 4116039 122844 1.9 26 14 7 15 50% 40243 12022 2781 125%
c - 368.75 40 22 61 338 106948 1 4134396 120895 1.9 27 14 7 15 49% 40243 12022 2781 125%
c u 369.38 40 22 61 338 106948 1 4134470 119502 1.9 27 14 7 15 49% 40243 12022 2781 125%
c v 370.02 40 22 61 338 106948 1 4134470 119186 1.9 27 14 7 15 49% 40243 12022 2781 125%
c w 370.24 40 22 61 338 106948 1 4134470 117502 1.9 27 14 7 15 49% 40243 12022 2781 125%
c - 371.96 40 22 61 339 106949 1 4152781 116467 1.9 27 14 7 15 49% 40243 12022 2781 125%
c - 373.75 40 22 61 340 106961 1 4171194 116372 2.0 28 14 7 15 49% 40243 12022 2781 125%
c - 375.34 40 22 61 341 106967 1 4189633 114453 2.0 28 14 7 15 49% 40243 12022 2781 125%
c - 377.10 40 23 61 342 106978 1 4208101 110891 2.0 28 14 7 15 49% 40243 12022 2781 125%
c - 378.93 40 23 61 343 106980 1 4226594 108128 2.0 29 14 7 15 49% 40243 12022 2781 125%
c ] 380.37 40 23 62 343 106981 1 4241575 122344 2.0 29 14 7 15 49% 40243 12022 2781 125%
c { 380.37 40 18 62 343 106981 2 4241575 122344 1.7 17 10 7 12 46% 40243 12022 2781 125%
c o 380.38 40 18 62 343 106993 2 4241641 122410 1.7 17 10 7 12 46% 40243 12022 2781 125%
c - 380.71 40 18 62 344 107128 2 4245114 107893 1.7 17 10 7 12 46% 40243 12022 2781 125%
c - 382.20 40 17 62 345 107687 2 4263662 110217 1.7 17 10 7 12 46% 40243 12022 2781 125%
c - 383.67 40 17 62 346 108278 2 4282236 113067 1.7 17 10 7 12 46% 40243 12022 2781 125%
c
c  seconds    switched       rate            size/glue  tier1     binary         remaining
c          MB   reductions      conflicts          size   tier2       irredundant
c           level      restarts        redundant      glue    trail         variables
c
c - 385.25 40 18 62 347 109322 2 4300837 115624 1.7 17 10 7 12 46% 40243 12022 2781 125%
c - 386.74 40 18 62 348 109958 2 4319464 118559 1.7 17 10 7 12 46% 40243 12022 2781 125%
c u 388.82 40 18 62 348 110553 2 4337457 132207 1.7 17 10 7 12 46% 40243 12022 2781 125%
c v 389.50 40 18 62 348 110553 2 4337457 129759 1.7 17 10 7 12 46% 40243 12022 2781 125%
c w 389.74 40 18 62 348 110553 2 4337457 129510 1.7 17 10 7 12 46% 40243 12022 2781 125%
c - 389.84 40 18 62 349 110557 2 4338118 115957 1.7 17 10 7 12 46% 40243 12022 2781 125%
c - 391.34 40 18 62 350 111195 2 4356799 119706 1.7 17 10 7 12 46% 40243 12022 2781 125%
c - 392.89 40 18 62 351 112195 2 4375507 123523 1.7 17 10 7 12 46% 40243 12022 2781 125%
c - 394.37 40 18 62 352 112732 2 4394244 126326 1.7 17 10 7 12 46% 40243 12022 2781 125%
c - 395.90 40 18 62 353 113547 2 4413005 128531 1.7 17 10 7 12 46% 40243 12022 2781 125%
c - 397.43 40 18 62 354 114255 2 4431795 131394 1.7 17 10 7 12 46% 40243 12022 2781 125%
c } 398.56 40 18 63 354 114784 2 4445784 144090 1.7 17 10 7 12 46% 40243 12022 2781 125%
c [ 398.56 40 23 63 354 114784 1 4445784 144090 2.0 29 14 7 15 49% 40243 12022 2781 125%
c I 398.56 40 23 63 354 114784 1 4445784 144090 2.0 29 14 7 15 49% 40243 12022 2781 125%
c - 398.95 40 24 63 355 114787 1 4450609 131711 2.0 29 15 7 15 49% 40243 12022 2781 125%
c - 400.46 40 24 63 356 114797 1 4469451 129489 2.0 29 15 7 15 49% 40243 12022 2781 125%
c - 402.17 40 23 63 357 114805 1 4488318 126685 2.0 28 14 7 15 49% 40243 12022 2781 125%
c - 403.77 40 23 63 358 114813 1 4507212 124482 2.0 28 14 7 15 49% 40243 12022 2781 125%
c - 405.41 40 23 63 359 114814 1 4526132 123150 2.0 29 14 7 15 49% 40243 12022 2781 125%
c - 407.12 40 24 63 360 114825 1 4545079 120545 2.0 29 14 7 15 48% 40243 12022 2781 125%
c
c  seconds    switched       rate            size/glue  tier1     binary         remaining
c          MB   reductions      conflicts          size   tier2       irredundant
c           level      restarts        redundant      glue    trail         variables
c
c u 407.87 40 24 63 360 114826 1 4545792 120325 2.0 29 14 7 15 48% 40243 12022 2781 125%
c v 408.55 40 24 63 360 114826 1 4545792 120103 2.0 29 14 7 15 48% 40243 12022 2781 125%
c w 408.80 40 24 63 360 114826 1 4545792 119851 2.0 29 14 7 15 48% 40243 12022 2781 125%
c o 411.37 42 24 63 360 114826 1 4545792 119851 2.0 29 14 7 15 48% 40243 12022 2781 125%
c - 413.00 42 24 63 361 114832 1 4564052 119339 2.0 28 14 7 15 48% 40243 12022 2781 125%
c - 414.71 42 24 63 362 114843 1 4583052 120849 2.0 28 14 7 15 48% 40243 12022 2781 125%
c - 416.51 42 23 63 363 114845 1 4602078 120380 2.0 28 14 7 15 48% 40243 12022 2781 125%
c - 418.34 42 24 63 364 114846 1 4621130 119408 2.0 27 13 7 15 48% 40243 12022 2781 125%
c B 419.27 42 24 63 364 114846 1 4631120 129100 2.0 27 13 7 15 48% 40243 12022 2781 125%
c ] 419.82 42 25 64 364 114846 1 4638187 135978 2.0 27 14 7 15 48% 40243 12022 2781 125%
c { 419.82 42 18 64 364 114846 2 4638187 135978 1.7 17 10 7 12 46% 40243 12022 2781 125%
c - 420.02 42 18 64 365 114908 2 4640209 117342 1.7 17 10 7 12 46% 40243 12022 2781 125%
c - 421.61 42 18 64 366 115538 2 4659313 118815 1.7 17 10 7 12 46% 40243 12022 2781 125%
c - 423.18 42 18 64 367 116383 2 4678444 123662 1.7 17 10 7 12 46% 40243 12022 2781 125%
c - 424.84 42 18 64 368 117426 2 4697601 127065 1.7 17 10 7 12 46% 40243 12022 2781 125%
c - 426.42 42 18 64 369 118135 2 4716784 129712 1.7 17 10 7 12 46% 40243 12022 2781 125%
c - 428.05 42 18 64 370 118982 2 4735994 132192 1.7 17 10 7 12 46% 40243 12022 2781 125%
c - 429.60 42 18 64 371 119614 2 4755231 134020 1.6 17 10 7 12 46% 40243 12022 2781 125%
c u 430.49 42 18 64 371 119673 2 4759502 137400 1.7 17 10 7 12 46% 40243 12022 2781 125%
c v 430.99 42 18 64 371 119673 2 4759502 134860 1.7 17 10 7 12 46% 40243 12022 2781 125%
c
c  seconds    switched       rate            size/glue  tier1     binary         remaining
c          MB   reductions      conflicts          size   tier2       irredundant
c           level      restarts        redundant      glue    trail         variables
c
c w 431.16 42 18 64 371 119673 2 4759502 134547 1.7 17 10 7 12 46% 40243 12022 2781 125%
c - 432.56 42 18 64 372 120003 2 4774496 133278 1.7 17 10 7 12 46% 40243 12022 2781 125%
c - 434.19 42 18 64 373 120805 2 4793783 137448 1.7 17 10 7 12 46% 40243 12022 2781 125%
c - 435.71 42 18 64 374 121306 2 4813096 139877 1.7 17 10 7 12 46% 40243 12022 2781 125%
c - 437.39 42 18 64 375 122313 2 4832435 141476 1.7 17 10 7 12 46% 40243 12022 2781 125%
c o 437.66 42 18 64 375 122367 2 4835906 144546 1.7 17 10 7 12 46% 40243 12022 2781 125%
c - 438.97 42 18 64 376 122787 2 4851799 141995 1.7 17 10 7 12 46% 40243 12022 2781 125%
c } 439.22 42 18 65 376 122934 2 4854686 144654 1.7 17 10 7 12 46% 40243 12022 2781 125%
c [ 439.22 42 25 65 376 122934 1 4854686 144654 2.0 27 14 7 15 48% 40243 12022 2781 125%
c W 441.41 42 25 65 376 122934 1 4854686 144654 2.0 27 14 7 15 48% 40243 12022 2781 125%
c - 442.75 42 27 65 377 122944 1 4871190 136414 1.9 28 15 7 15 48% 40243 12022 2781 125%
c - 444.37 42 26 65 378 122951 1 4890607 134785 1.9 27 14 7 15 48% 40243 12022 2781 125%
c - 446.04 42 24 65 379 122962 1 4910051 138912 1.9 26 14 7 15 48% 40243 12022 2781 125%
c - 447.84 42 23 65 380 122964 1 4929520 138650 1.9 26 14 7 15 48% 40243 12022 2781 125%
c - 449.82 42 22 65 381 122972 1 4949016 137017 1.9 25 13 7 15 48% 40243 12022 2781 125%
c - 451.55 42 22 65 382 122979 1 4968535 134681 1.8 24 13 7 15 48% 40243 12022 2781 125%
c u 453.21 42 22 65 382 122986 1 4978591 140599 1.8 24 13 7 15 48% 40243 12022 2781 125%
c v 453.97 42 22 65 382 122986 1 4978591 133830 1.8 24 13 7 15 48% 40243 12022 2781 125%
c w 454.23 42 22 65 382 122986 1 4978591 130050 1.8 24 13 7 15 48% 40243 12022 2781 125%
c - 455.13 42 21 65 383 122992 1 4988079 120490 1.8 23 13 7 15 48% 40243 12022 2781 125%
c
c  seconds    switched       rate            size/glue  tier1     binary         remaining
c          MB   reductions      conflicts          size   tier2       irredundant
c           level      restarts        redundant      glue    trail         variables
c
c - 456.91 42 20 65 384 122995 1 5007649 125345 1.9 23 13 7 15 48% 40243 12022 2781 125%
c - 458.78 42 20 65 385 122996 1 5027247 128532 1.9 23 12 7 15 48% 40243 12022 2781 125%
c - 460.69 42 20 65 386 122996 1 5046871 129648 1.9 23 12 7 15 48% 40243 12022 2781 125%
c O 461.60 42 20 65 386 123000 1 5055755 138133 1.9 24 12 7 15 48% 40243 12022 2781 125%
c ] 461.89 42 20 66 386 123002 1 5059031 140976 1.9 23 12 7 15 48% 40243 12022 2781 125%
c { 461.89 42 18 66 386 123002 2 5059031 140976 1.7 17 10 7 12 46% 40243 12022 2781 125%
c - 462.56 42 17 66 387 123013 2 5066517 131570 1.7 16 10 7 12 46% 40243 12022 2781 125%
c - 464.22 42 16 66 388 123033 2 5086189 132970 1.7 16 10 7 12 46% 40243 12022 2781 125%
c - 465.82 42 15 66 389 123069 2 5105888 134053 1.7 16 10 7 12 46% 40243 12022 2781 125%
c - 467.41 42 14 66 390 123080 2 5125611 134263 1.7 16 9 7 12 46% 40243 12022 2781 125%
c o 468.44 42 14 66 390 123137 2 5138370 144794 1.7 15 9 7 12 46% 40243 12022 2781 125%
c - 469.03 42 14 66 391 123158 2 5145359 137268 1.7 16 9 7 12 46% 40243 12022 2781 125%
c - 470.54 42 13 66 392 123217 2 5165133 139851 1.7 15 9 7 12 46% 40243 12022 2781 125%
c - 472.04 42 13 66 393 123283 1 5184932 141701 1.7 15 9 7 12 46% 40243 12022 2781 125%
c u 474.28 42 12 66 393 123398 1 5203103 149138 1.6 15 9 7 12 46% 40243 12022 2781 125%
c v 475.01 42 12 66 393 123398 1 5203103 143588 1.6 15 9 7 12 46% 40243 12022 2781 125%
c w 475.12 42 12 66 393 123398 1 5203103 143479 1.6 15 9 7 12 46% 40243 12022 2781 125%
c - 475.32 42 12 66 394 123447 1 5204757 134378 1.6 15 9 7 11 46% 40243 12022 2781 125%
c - 476.90 42 12 66 395 123664 1 5224607 139752 1.6 14 9 7 11 46% 40243 12022 2781 125%
c - 478.54 42 12 66 396 123952 1 5244481 143582 1.6 14 9 7 11 46% 40243 12022 2781 125%
c
c  seconds    switched       rate            size/glue tier1     binary         remaining
c          MB   reductions      conflicts          size  tier2       irredundant
c           level      restarts        redundant     glue    trail         variables
c
c - 480.09 42 11 66 397 124107 1 5264380 144979 1.6 14 9 7 11 46% 40243 12022 2781 125%
c - 481.75 42 11 66 398 124535 1 5284305 147358 1.6 14 9 7 11 46% 40243 12022 2781 125%
c } 482.07 42 11 67 398 124603 1 5288146 150418 1.6 14 9 7 11 46% 40243 12022 2781 125%
c [ 482.07 42 20 67 398 124603 1 5288146 150418 1.9 23 12 7 15 48% 40243 12022 2781 125%
c B 482.07 42 20 67 398 124603 1 5288146 150418 1.9 23 12 7 15 48% 40243 12022 2781 125%
c - 483.56 42 20 67 399 124612 1 5304254 152494 1.9 23 12 7 15 48% 40243 12022 2781 125%
c - 485.49 42 20 67 400 124620 1 5324230 155563 1.9 23 12 7 15 47% 40243 12022 2781 125%
c - 487.51 42 20 67 401 124631 1 5344231 155926 1.9 23 12 7 15 48% 40243 12022 2781 125%
c - 489.50 42 20 67 402 124633 1 5364256 154156 2.0 24 12 7 15 48% 40243 12022 2781 125%
c - 491.49 42 20 67 403 124642 1 5384307 151550 2.0 24 12 7 15 48% 40243 12022 2781 125%
c - 493.57 42 20 67 404 124650 1 5404381 150333 2.0 25 12 7 15 48% 40243 12022 2781 125%
c - 495.67 42 20 67 405 124662 1 5424480 149911 2.0 25 12 7 15 48% 40243 12022 2781 125%
c u 497.37 42 20 67 405 124663 1 5433045 157514 2.0 25 12 7 15 48% 40243 12022 2781 125%
c v 498.23 42 20 67 405 124663 1 5433045 156064 2.0 25 12 7 15 48% 40243 12022 2781 125%
c w 498.55 59 20 67 405 124663 1 5433045 153763 2.0 25 12 7 15 48% 40243 12022 2781 125%
c - 499.78 53 20 67 406 124664 1 5444605 146148 2.0 25 12 7 15 48% 40243 12022 2781 125%
c - 501.98 51 21 67 407 124665 1 5464756 145024 2.0 25 13 7 15 48% 40243 12022 2781 125%
c ] 503.69 55 21 68 407 124665 1 5479574 158910 1.9 25 13 7 15 48% 40243 12022 2781 125%
c { 503.69 55 11 68 407 124665 1 5479574 158910 1.6 14 9 7 11 46% 40243 12022 2781 125%
c o 503.70 55 11 68 407 124672 1 5479628 158963 1.6 14 9 7 11 46% 40243 12022 2781 125%
c
c  seconds    switched       rate            size/glue tier1     binary         remaining
c          MB   reductions      conflicts          size  tier2       irredundant
c           level      restarts        redundant     glue    trail         variables
c
c - 504.36 55 12 68 408 125599 1 5484932 145081 1.6 14 9 7 11 46% 40243 12022 2781 125%
c - 506.58 55 14 68 409 128648 2 5505133 148814 1.6 15 9 7 11 46% 40243 12022 2781 125%
c - 508.63 55 15 68 410 130821 2 5525357 151466 1.6 15 10 7 11 46% 40243 12022 2781 125%
c - 510.57 55 16 68 411 132448 2 5545607 153081 1.6 15 10 7 11 46% 40243 12022 2781 125%
c - 512.39 55 16 68 412 133606 3 5565881 154391 1.6 15 10 7 11 46% 40243 12022 2781 125%
c - 514.15 55 17 68 413 134428 2 5586178 157126 1.6 16 10 7 11 46% 40243 12022 2781 125%
c - 516.06 55 17 68 414 135679 3 5606500 159471 1.6 16 10 7 11 46% 40243 12022 2781 125%
c - 517.97 55 17 68 415 136884 3 5626846 161945 1.6 16 10 7 11 46% 40243 12022 2781 125%
c - 519.81 55 18 68 416 137778 3 5647218 163831 1.6 16 10 7 11 46% 40243 12022 2781 125%
c - 521.60 55 18 68 417 138518 3 5667615 165125 1.6 16 10 7 11 46% 40243 12022 2781 125%
c u 522.62 57 18 68 417 138531 3 5668437 164487 1.6 16 10 7 11 46% 40243 12022 2781 125%
c v 523.48 58 18 68 417 138531 3 5668437 161079 1.6 16 10 7 11 46% 40243 12022 2781 125%
c w 523.78 58 18 68 417 138531 3 5668437 160542 1.6 16 10 7 11 46% 40243 12022 2781 125%
c - 525.49 55 17 68 418 139086 2 5688037 162147 1.6 17 10 7 11 46% 40243 12022 2781 125%
c - 527.18 55 18 68 419 139688 2 5708482 163980 1.6 16 10 7 11 46% 40243 12022 2781 125%
c } 528.30 55 17 69 419 140080 2 5721633 176012 1.7 17 10 7 11 46% 40243 12022 2781 125%
c [ 528.30 55 21 69 419 140080 1 5721633 176012 1.9 25 13 7 15 48% 40243 12022 2781 125%
c W 530.81 42 21 69 419 140080 1 5721633 176012 1.9 25 13 7 15 48% 40243 12022 2781 125%
c - 531.51 42 21 69 420 140085 1 5728952 163771 1.9 25 13 7 15 48% 40243 12022 2781 125%
c - 533.60 42 20 69 421 140094 1 5749448 162193 1.9 24 13 7 15 48% 40243 12022 2781 125%
c
c  seconds    switched       rate            size/glue  tier1     binary         remaining
c          MB   reductions      conflicts          size   tier2       irredundant
c           level      restarts        redundant      glue    trail         variables
c
c - 535.78 42 21 69 422 140104 1 5769967 157985 1.9 25 13 7 15 48% 40243 12022 2781 125%
c - 537.87 42 21 69 423 140110 1 5790509 152585 1.9 25 13 7 15 48% 40243 12022 2781 125%
c - 539.96 42 22 69 424 140116 1 5811078 149332 1.9 25 13 7 15 48% 40243 12022 2781 125%
c - 542.11 42 22 69 425 140125 1 5831669 147458 1.9 25 13 7 15 48% 40243 12022 2781 125%
c - 544.34 42 22 69 426 140135 1 5852285 144510 1.9 26 14 7 15 48% 40243 12022 2781 125%
c - 546.47 42 22 69 427 140141 1 5872924 141198 1.9 25 14 7 15 47% 40243 12022 2781 125%
c - 548.54 42 23 69 428 140142 1 5893587 136544 1.9 26 14 7 15 47% 40243 12022 2781 125%
c u 551.04 42 23 69 428 140142 1 5909306 151067 1.9 26 14 7 15 47% 40243 12022 2781 125%
c v 551.96 42 23 69 428 140142 1 5909306 150279 1.9 26 14 7 15 47% 40243 12022 2781 125%
c w 552.31 61 23 69 428 140142 1 5909306 148686 1.9 26 14 7 15 47% 40243 12022 2781 125%
c o 552.35 61 23 69 428 140142 1 5909306 148686 1.9 26 14 7 15 47% 40243 12022 2781 125%
c - 552.79 53 33 69 429 140142 1 5914275 129052 1.8 27 15 7 15 47% 40243 12022 2781 125%
c - 554.53 53 38 69 430 140153 1 5934988 129423 1.8 27 15 7 15 47% 40243 12022 2781 125%
c I 555.61 53 36 69 430 140157 1 5947199 141200 1.8 27 15 7 15 47% 40243 12022 2781 125%
c ] 555.78 49 37 70 430 140157 1 5949103 143073 1.8 28 15 7 15 47% 40243 12022 2781 125%
c { 555.78 49 17 70 430 140157 2 5949103 143073 1.7 17 10 7 11 46% 40243 12022 2781 125%
c - 556.91 53 20 70 431 141310 3 5955725 129240 1.7 18 11 7 11 46% 40243 12022 2781 125%
c - 560.60 53 26 70 432 144937 4 5976486 126193 1.7 20 12 7 11 46% 40243 12022 2781 125%
c - 564.49 53 31 70 433 148560 5 5997270 123546 1.7 23 13 7 11 46% 40243 12022 2781 125%
c - 568.40 50 35 70 434 152039 6 6018080 122885 1.8 25 14 7 11 46% 40243 12022 2781 125%
c
c  seconds    switched       rate            size/glue  tier1     binary         remaining
c          MB   reductions      conflicts          size   tier2       irredundant
c           level      restarts        redundant      glue    trail         variables
c
c - 572.09 53 38 70 435 155003 6 6038912 122428 1.8 26 15 7 11 46% 40243 12022 2781 125%
c - 575.28 53 40 70 436 157042 6 6059768 123473 1.8 28 15 7 11 46% 40243 12022 2781 125%
c - 578.54 53 41 70 437 159065 6 6080648 124516 1.9 29 15 7 12 46% 40243 12022 2781 125%
c - 581.47 53 42 70 438 160604 6 6101552 125394 1.9 30 15 7 12 46% 40243 12022 2781 125%
c - 584.69 53 43 70 439 162429 6 6122480 125859 1.9 30 16 7 12 46% 40243 12022 2781 125%
c - 587.60 53 43 70 440 163664 6 6143433 125779 2.0 31 16 7 12 46% 40243 12022 2781 125%
c u 590.58 57 43 70 440 164178 6 6155677 134975 2.0 31 16 7 12 46% 40243 12022 2781 125%
c v 591.91 57 43 70 440 164178 6 6155677 134283 2.0 31 16 7 12 46% 40243 12022 2781 125%
c w 592.41 57 43 70 440 164178 6 6155677 133995 2.0 31 16 7 12 46% 40243 12022 2781 125%
c - 593.77 53 43 70 441 164818 6 6164410 122567 2.0 32 16 7 12 46% 40243 12022 2781 125%
c - 596.68 53 43 70 442 166062 5 6185410 99784 2.0 32 16 6 12 46% 40243 12022 2781 125%
c } 599.06 49 43 71 442 167077 5 6204430 118418 2.0 32 16 6 12 46% 40243 12022 2781 125%
c [ 599.06 49 37 71 442 167077 1 6204430 118418 1.8 28 15 7 15 47% 40243 12022 2781 125%
c B 599.06 49 37 71 442 167077 1 6204430 118418 1.8 28 15 7 15 47% 40243 12022 2781 125%
c - 599.27 50 37 71 443 167078 1 6206433 93778 1.8 28 16 7 15 47% 40243 12022 2781 125%
c - 601.28 50 36 71 444 167090 1 6227482 89821 1.8 28 16 7 15 47% 40243 12022 2781 125%
c - 603.40 50 34 71 445 167098 1 6248553 85831 1.7 28 16 7 15 47% 40243 12022 2781 125%
c - 605.54 50 33 71 446 167106 1 6269648 85113 1.7 28 17 7 15 47% 40243 12022 2781 125%
c - 607.68 49 32 71 447 167111 1 6290768 85655 1.7 29 17 7 15 47% 40243 12022 2781 125%
c - 610.00 49 31 71 448 167122 1 6311914 84982 1.7 29 17 7 15 47% 40243 12022 2781 125%
c
c  seconds    switched       rate           size/glue  tier1     binary         remaining
c          MB   reductions      conflicts         size   tier2       irredundant
c           level      restarts        redundant     glue    trail         variables
c
c - 612.23 49 29 71 449 167131 1 6333085 85321 1.7 29 17 7 15 47% 40243 12022 2781 125%
c - 614.54 50 29 71 450 167138 1 6354274 85000 1.7 29 17 7 15 47% 40243 12022 2781 125%
c - 616.77 50 28 71 451 167139 1 6375489 83371 1.8 29 17 7 15 47% 40243 12022 2781 125%
c - 619.02 49 28 71 452 167139 1 6396726 84119 1.8 29 16 7 15 47% 40243 12022 2781 125%
c u 621.17 55 27 71 452 167145 1 6407550 91628 1.8 29 16 7 15 47% 40243 12022 2781 125%
c v 622.27 55 27 71 452 167145 1 6407550 91110 1.8 29 16 7 15 47% 40243 12022 2781 125%
c w 622.66 55 27 71 452 167145 1 6407550 90147 1.8 29 16 7 15 47% 40243 12022 2781 125%
c o 622.69 55 27 71 452 167145 1 6407550 90147 1.8 29 16 7 15 47% 40243 12022 2781 125%
c - 623.66 49 31 71 453 167150 1 6417989 80471 1.7 29 17 7 15 47% 40243 12022 2781 125%
c - 625.56 49 30 71 454 167159 1 6439274 84184 1.7 28 16 7 15 47% 40243 12022 2781 125%
c W 629.46 42 30 71 454 167162 1 6446911 91617 1.8 28 16 7 15 47% 40243 12022 2781 125%
c - 630.61 42 28 71 455 167169 1 6460583 88508 1.8 27 15 7 15 47% 40243 12022 2781 125%
c - 632.60 42 27 71 456 167170 1 6481914 90981 1.8 26 15 7 15 47% 40243 12022 2781 125%
c - 634.70 42 24 71 457 167183 1 6503268 93699 1.8 25 14 7 15 47% 40243 12022 2781 125%
c - 636.84 42 24 71 458 167192 1 6524647 93559 1.8 25 14 7 15 47% 40243 12022 2781 125%
c - 638.98 42 24 71 459 167200 1 6546049 91334 1.8 25 14 7 15 47% 40243 12022 2781 125%
c - 641.36 42 23 71 460 167202 1 6567473 92269 1.8 25 14 7 15 47% 40243 12022 2781 125%
c - 643.71 42 23 71 461 167202 1 6588921 94556 1.9 25 14 7 15 47% 40243 12022 2781 125%
c ] 645.81 42 23 72 461 167203 1 6608075 113037 1.9 25 13 7 15 46% 40243 12022 2781 125%
c { 645.81 42 43 72 461 167203 5 6608075 113037 2.0 32 16 6 12 46% 40243 12022 2781 125%
c
c  seconds    switched       rate           size/glue  tier1     binary         remaining
c          MB   reductions      conflicts         size   tier2       irredundant
c           level      restarts        redundant     glue    trail         variables
c
c - 646.07 42 43 72 462 167205 5 6610391 95245 2.0 32 16 6 12 46% 40243 12022 2781 125%
c - 648.20 42 38 72 463 167211 4 6631887 98065 2.0 30 15 6 12 46% 40243 12022 2781 125%
c - 650.29 42 34 72 464 167213 4 6653404 102338 2.0 29 14 6 12 46% 40243 12022 2781 125%
c u 652.34 42 32 72 464 167213 3 6664976 111331 2.0 28 14 6 12 46% 40243 12022 2781 125%
c v 653.35 42 32 72 464 167213 3 6664976 108484 2.0 28 14 6 12 46% 40243 12022 2781 125%
c w 653.69 42 32 72 464 167213 3 6664976 107083 2.0 28 14 6 12 46% 40243 12022 2781 125%
c - 654.56 42 31 72 465 167237 3 6674944 101225 2.0 27 14 6 12 46% 40243 12022 2781 125%
c - 656.26 42 28 72 466 167245 3 6696509 103065 2.0 25 13 6 12 46% 40243 12022 2781 125%
c - 658.02 42 25 72 467 167251 3 6718098 103934 1.9 24 12 6 12 46% 40243 12022 2781 125%
c - 659.75 42 23 72 468 167314 2 6739711 104300 1.9 23 12 6 12 46% 40243 12022 2781 125%
c o 660.40 42 23 72 468 167328 2 6747572 111347 1.9 22 12 6 12 46% 40243 12022 2781 125%
c - 661.55 42 22 72 469 167434 2 6761344 103872 1.9 22 12 6 12 46% 40243 12022 2781 125%
c - 663.31 42 21 72 470 167615 2 6783002 104133 1.9 21 11 6 12 46% 40243 12022 2781 125%
c - 665.06 42 20 72 471 167770 2 6804681 104620 1.8 20 11 6 12 46% 40243 12022 2781 125%
c - 666.82 42 19 72 472 167924 2 6826383 105682 1.8 20 11 6 12 46% 40243 12022 2781 125%
c - 668.65 42 19 72 473 168332 2 6848109 106125 1.8 20 11 6 12 46% 40243 12022 2781 125%
c - 670.41 42 19 72 474 168637 2 6869857 105896 1.8 19 11 6 12 46% 40243 12022 2781 125%
c } 671.03 42 18 73 474 168836 2 6876991 112367 1.8 19 11 6 12 46% 40243 12022 2781 125%
c [ 671.03 42 23 73 474 168836 1 6876991 112367 1.9 25 13 7 15 46% 40243 12022 2781 125%
c O 671.03 42 23 73 474 168836 1 6876991 112367 1.9 25 13 7 15 46% 40243 12022 2781 125%
c
c  seconds    switched       rate            size/glue  tier1     binary         remaining
c          MB   reductions      conflicts          size   tier2       irredundant
c           level      restarts        redundant      glue    trail         variables
c
c - 672.41 42 22 73 475 168845 1 6891630 106205 1.9 25 13 7 15 47% 40243 12022 2781 125%
c - 674.39 42 21 73 476 168853 1 6913424 106269 1.8 24 13 7 15 47% 40243 12022 2781 125%
c u 676.61 42 21 73 476 168862 1 6927955 118443 1.9 24 13 7 15 47% 40243 12022 2781 125%
c v 677.52 42 21 73 476 168862 1 6927955 103156 1.9 24 13 7 15 47% 40243 12022 2781 125%
c w 677.83 42 21 73 476 168862 1 6927955 99283 1.9 24 13 7 15 47% 40243 12022 2781 125%
c - 678.59 42 21 73 477 168865 1 6935241 92496 1.9 23 13 6 15 47% 40243 12022 2781 125%
c - 680.74 42 20 73 478 168866 1 6957083 101327 1.9 23 13 6 15 47% 40243 12022 2781 125%
c - 683.14 42 21 73 479 168879 1 6978948 103343 1.8 24 13 6 15 47% 40243 12022 2781 125%
c - 685.38 42 20 73 480 168888 1 7000839 105093 1.8 23 13 6 15 47% 40243 12022 2781 125%
c - 687.43 42 20 73 481 168896 1 7022747 108908 1.9 23 13 6 15 47% 40243 12022 2781 125%
c - 689.46 42 21 73 482 168898 1 7044679 107074 1.9 24 13 6 15 48% 40243 12022 2781 125%
c - 691.70 42 21 73 483 168898 1 7066634 105590 1.9 25 13 6 15 48% 40243 12022 2781 125%
c - 693.89 42 22 73 484 168908 1 7088611 104442 2.0 25 13 6 15 48% 40243 12022 2781 125%
c - 696.13 42 22 73 485 168916 1 7110613 102318 2.0 26 13 6 15 48% 40243 12022 2781 125%
c ] 696.94 42 22 74 485 168920 1 7118541 110013 2.0 26 13 6 15 48% 40243 12022 2781 125%
c { 696.94 42 18 74 485 168920 2 7118541 110013 1.8 19 11 6 12 46% 40243 12022 2781 125%
c o 696.95 42 18 74 485 168933 2 7118614 110085 1.8 19 11 6 12 46% 40243 12022 2781 125%
c - 698.11 42 18 74 486 169014 2 7132635 103986 1.8 19 10 6 12 46% 40243 12022 2781 125%
c - 699.90 42 18 74 487 169443 2 7154680 108149 1.8 18 10 6 12 46% 40243 12022 2781 125%
c - 701.83 42 18 74 488 170110 2 7176749 110706 1.7 18 10 6 12 46% 40243 12022 2781 125%
c
c  seconds    switched       rate            size/glue  tier1     binary         remaining
c          MB   reductions      conflicts          size   tier2       irredundant
c           level      restarts        redundant      glue    trail         variables
c
c u 704.47 42 18 74 488 170735 2 7196515 126267 1.7 18 10 6 12 46% 40243 12022 2781 125%
c v 705.45 42 18 74 488 170735 2 7196515 120461 1.7 18 10 6 12 46% 40243 12022 2781 125%
c w 705.79 42 18 74 488 170735 2 7196515 119963 1.7 18 10 6 12 46% 40243 12022 2781 125%
c - 709.89 42 18 74 489 170859 2 7198839 107356 1.7 18 10 6 12 46% 40243 12022 2781 125%
c - 711.81 42 18 74 490 171620 2 7220952 110340 1.7 18 10 6 12 46% 40243 12022 2781 125%
c - 713.61 42 17 74 491 172090 2 7243088 112109 1.7 17 10 6 12 46% 40243 12022 2781 125%
c - 715.50 42 17 74 492 172796 2 7265247 112318 1.7 17 10 6 12 46% 40243 12022 2781 125%
c - 717.50 42 18 74 493 173940 2 7287429 113114 1.7 17 10 6 12 46% 40243 12022 2781 125%
c - 719.36 42 17 74 494 174498 2 7309633 114169 1.7 17 10 6 12 46% 40243 12022 2781 125%
c - 721.31 42 18 74 495 175382 2 7331859 114353 1.7 17 10 6 12 46% 40243 12022 2781 125%
c - 723.34 42 18 74 496 176513 2 7354109 114650 1.7 17 10 6 12 46% 40243 12022 2781 125%
c - 725.29 42 18 74 497 177314 2 7376380 114728 1.6 17 10 6 12 46% 40243 12022 2781 125%
c - 727.21 42 18 74 498 178096 2 7398673 115132 1.6 17 10 6 12 46% 40243 12022 2781 125%
c } 727.44 42 18 75 498 178180 2 7401365 117672 1.6 17 10 6 12 46% 40243 12022 2781 125%
c [ 727.44 42 22 75 498 178180 1 7401365 117672 2.0 26 13 6 15 48% 40243 12022 2781 125%
c B 727.44 42 22 75 498 178180 1 7401365 117672 2.0 26 13 6 15 48% 40243 12022 2781 125%
c - 729.24 42 23 75 499 178192 1 7420988 110644 1.9 26 14 6 15 49% 40243 12022 2781 125%
c - 731.39 42 23 75 500 178201 1 7443327 106158 1.9 26 14 6 15 49% 40243 12022 2781 125%
c - 733.63 42 23 75 501 178209 1 7465687 106117 1.9 26 14 6 15 49% 40243 12022 2781 125%
c u 734.77 42 23 75 501 178210 1 7470651 109529 1.9 26 14 6 15 49% 40243 12022 2781 125%
c
c  seconds    switched       rate            size/glue  tier1     binary         remaining
c          MB   reductions      conflicts          size   tier2       irredundant
c           level      restarts        redundant      glue    trail         variables
c
c v 735.46 42 23 75 501 178210 1 7470651 108296 1.9 26 14 6 15 49% 40243 12022 2781 125%
c w 735.70 42 23 75 501 178210 1 7470651 105229 1.9 26 14 6 15 49% 40243 12022 2781 125%
c - 737.69 42 23 75 502 178214 1 7488070 101423 1.8 26 14 6 15 49% 40243 12022 2781 125%
c - 739.91 42 22 75 503 178225 1 7510476 104142 1.8 25 14 6 15 49% 40243 12022 2781 125%
c - 742.10 42 22 75 504 178236 1 7532908 107665 1.9 25 13 6 15 49% 40243 12022 2781 125%
c - 744.33 42 21 75 505 178241 1 7555357 107188 1.8 25 13 6 15 49% 40243 12022 2781 125%
c - 746.68 42 22 75 506 178242 1 7577831 104371 1.8 25 14 6 15 49% 40243 12022 2781 125%
c - 748.96 42 22 75 507 178245 1 7600327 101585 1.8 25 14 6 15 49% 40243 12022 2781 125%
c - 751.35 42 22 75 508 178257 1 7622846 102089 1.8 25 14 6 15 49% 40243 12022 2781 125%
c - 753.76 42 21 75 509 178267 1 7645384 106711 1.8 24 14 6 15 49% 40243 12022 2781 125%
c ] 754.17 42 21 76 509 178269 1 7649285 110413 1.8 24 13 6 15 49% 40243 12022 2781 125%
c { 754.17 42 18 76 509 178269 2 7649285 110413 1.6 17 10 6 12 46% 40243 12022 2781 125%
c o 754.19 42 18 76 509 178277 2 7649398 110523 1.6 17 10 6 12 46% 40243 12022 2781 125%
c - 755.79 42 18 76 510 178842 2 7667945 110315 1.6 17 10 6 12 46% 40243 12022 2781 125%
c - 757.75 42 18 76 511 179561 2 7690528 111811 1.6 17 10 6 12 46% 40243 12022 2781 125%
c - 759.68 42 17 76 512 180198 2 7713133 112766 1.7 17 10 6 12 46% 40243 12022 2781 125%
c - 761.60 42 17 76 513 180951 2 7735762 113398 1.6 16 10 6 12 46% 40243 12022 2781 125%
c u 763.88 42 17 76 513 181622 2 7750418 121982 1.6 16 10 6 12 46% 40243 12022 2781 125%
c v 764.91 42 17 76 513 181622 2 7750418 115016 1.6 16 10 6 12 46% 40243 12022 2781 125%
c w 765.27 42 17 76 513 181622 2 7750418 114612 1.6 16 10 6 12 46% 40243 12022 2781 125%
c
c  seconds    switched       rate            size/glue  tier1     binary         remaining
c          MB   reductions      conflicts          size   tier2       irredundant
c           level      restarts        redundant      glue    trail         variables
c
c - 766.05 42 18 76 514 181986 2 7758411 105288 1.6 17 10 6 12 46% 40243 12022 2781 125%
c - 767.99 42 18 76 515 182715 2 7781083 110878 1.7 17 10 6 12 46% 40243 12022 2781 125%
c - 769.88 42 18 76 516 183290 2 7803776 113580 1.7 17 10 6 12 46% 40243 12022 2781 125%
c - 771.95 42 18 76 517 184354 2 7826492 114253 1.7 17 10 6 12 46% 40243 12022 2781 125%
c - 773.94 42 18 76 518 185249 2 7849229 113816 1.6 17 10 6 12 46% 40243 12022 2781 125%
c - 775.89 42 18 76 519 186060 2 7871989 114213 1.7 17 10 6 12 46% 40243 12022 2781 125%
c - 777.97 42 18 76 520 187100 2 7894772 114295 1.7 17 10 6 12 46% 40243 12022 2781 125%
c - 779.89 42 17 76 521 187767 2 7917575 114211 1.7 17 10 6 12 46% 40243 12022 2781 125%
c - 781.92 42 17 76 522 188677 2 7940400 113945 1.7 17 10 6 12 46% 40243 12022 2781 125%
c } 782.46 42 18 77 522 188999 2 7946335 119296 1.7 17 10 6 12 46% 40243 12022 2781 125%
c [ 782.46 42 21 77 522 188999 1 7946335 119296 1.8 24 13 6 15 49% 40243 12022 2781 125%
c W 786.44 42 21 77 522 188999 1 7946335 119296 1.8 24 13 6 15 49% 40243 12022 2781 125%
c - 787.87 42 21 77 523 189009 1 7963247 112712 1.8 24 13 6 15 49% 40243 12022 2781 125%
c - 790.05 42 20 77 524 189019 1 7986116 111983 1.8 23 13 6 15 49% 40243 12022 2781 125%
c - 792.33 42 20 77 525 189028 1 8009007 112492 1.8 23 13 6 15 49% 40243 12022 2781 125%
c - 794.70 42 20 77 526 189032 1 8031921 112410 1.8 23 13 6 15 48% 40243 12022 2781 125%
c u 795.99 42 20 77 526 189035 1 8035813 113040 1.8 23 13 6 15 48% 40243 12022 2781 125%
c v 797.01 42 20 77 526 189035 1 8035813 97477 1.8 23 13 6 15 48% 40243 12022 2781 125%
c w 797.37 42 20 77 526 189035 1 8035813 89004 1.8 23 13 6 15 48% 40243 12022 2781 125%
c o 797.40 42 20 77 526 189035 1 8035813 89004 1.8 23 13 6 15 48% 40243 12022 2781 125%
c
c  seconds    switched       rate           size/glue  tier1     binary         remaining
c          MB   reductions      conflicts         size   tier2       irredundant
c           level      restarts        redundant     glue    trail         variables
c
c - 798.93 42 22 77 527 189044 1 8054856 90768 1.7 23 13 6 15 48% 40243 12022 2781 125%
c - 801.04 42 23 77 528 189055 1 8077813 95744 1.7 24 14 6 15 48% 40243 12022 2781 125%
c - 803.26 42 23 77 529 189060 1 8100791 98291 1.8 24 14 6 15 48% 40243 12022 2781 125%
c - 805.70 42 23 77 530 189061 1 8123793 103572 1.8 24 13 6 15 48% 40243 12022 2781 125%
c - 808.03 42 24 77 531 189064 1 8146814 105783 1.8 25 14 6 15 48% 40243 12022 2781 125%
c - 810.34 42 23 77 532 189076 1 8169857 107259 1.9 25 13 6 15 48% 40243 12022 2781 125%
c - 812.89 42 22 77 533 189087 1 8192923 110902 1.9 24 13 6 15 48% 40243 12022 2781 125%
c ] 815.19 42 21 78 533 189092 1 8214207 130770 1.9 24 13 6 15 48% 40243 12022 2781 125%
c { 815.19 42 18 78 533 189092 2 8214207 130770 1.7 17 10 6 12 46% 40243 12022 2781 125%
c - 815.38 42 18 78 534 189154 2 8216009 113847 1.7 17 10 6 11 46% 40243 12022 2781 125%
c - 817.38 42 18 78 535 190003 2 8239118 114504 1.7 17 10 6 11 46% 40243 12022 2781 125%
c - 819.39 42 18 78 536 191033 2 8262248 115094 1.7 17 10 6 11 46% 40243 12022 2781 125%
c - 821.43 42 18 78 537 191825 2 8285401 116021 1.7 17 10 6 11 46% 40243 12022 2781 125%
c - 823.49 42 18 78 538 192849 2 8308574 117825 1.7 17 10 6 11 46% 40243 12022 2781 125%
c u 826.08 42 18 78 538 193486 2 8326837 130480 1.6 17 10 6 11 46% 40243 12022 2781 125%
c v 827.13 42 18 78 538 193486 2 8326837 124075 1.6 17 10 6 11 46% 40243 12022 2781 125%
c w 827.50 42 18 78 538 193486 2 8326837 123429 1.6 17 10 6 11 46% 40243 12022 2781 125%
c - 828.02 42 18 78 539 193781 2 8331768 111457 1.6 17 10 6 11 46% 40243 12022 2781 125%
c - 829.93 42 18 78 540 194426 2 8354984 114784 1.6 17 10 6 11 46% 40243 12022 2781 125%
c - 832.00 42 18 78 541 195510 2 8378221 116458 1.6 17 10 6 11 46% 40243 12022 2781 125%
c
c  seconds    switched       rate            size/glue  tier1     binary         remaining
c          MB   reductions      conflicts          size   tier2       irredundant
c           level      restarts        redundant      glue    trail         variables
c
c - 834.04 42 18 78 542 196357 2 8401482 117153 1.6 17 10 6 11 46% 40243 12022 2781 125%
c o 835.36 42 18 78 542 197029 2 8416195 130594 1.6 17 10 6 11 46% 40243 12022 2781 125%
c - 836.16 42 18 78 543 197481 2 8424762 117891 1.6 17 10 6 11 46% 40243 12022 2781 125%
c - 838.21 42 18 78 544 198317 2 8448069 118309 1.6 17 10 6 11 46% 40243 12022 2781 125%
c - 840.26 42 18 78 545 199024 2 8471393 118108 1.6 17 10 6 11 46% 40243 12022 2781 125%
c - 842.22 42 18 78 546 199674 2 8494740 117971 1.6 17 10 6 11 46% 40243 12022 2781 125%
c - 844.27 42 18 78 547 200667 2 8518106 118205 1.6 17 10 6 11 46% 40243 12022 2781 125%
c } 844.94 42 18 79 547 200931 2 8525797 125099 1.6 17 10 6 11 46% 40243 12022 2781 125%
c [ 844.94 42 21 79 547 200931 1 8525797 125099 1.9 24 13 6 15 48% 40243 12022 2781 125%
c I 844.94 42 21 79 547 200931 1 8525797 125099 1.9 24 13 6 15 48% 40243 12022 2781 125%
c - 846.33 42 23 79 548 200940 1 8541494 113704 1.9 25 14 6 15 47% 40243 12022 2781 125%
c - 848.48 42 24 79 549 200951 1 8564905 108073 1.9 27 14 6 15 47% 40243 12022 2781 125%
c - 850.86 42 25 79 550 200960 1 8588336 104904 1.9 28 14 6 15 47% 40243 12022 2781 125%
c - 853.33 42 26 79 551 200964 1 8611789 101871 1.9 29 15 6 15 47% 40243 12022 2781 125%
c u 855.50 42 26 79 551 200971 1 8623541 110486 1.9 29 15 6 15 47% 40243 12022 2781 125%
c v 856.56 42 26 79 551 200971 1 8623541 110289 1.9 29 15 6 15 47% 40243 12022 2781 125%
c w 856.96 42 26 79 551 200971 1 8623541 110199 1.9 29 15 6 15 47% 40243 12022 2781 125%
c - 858.17 42 25 79 552 200976 1 8635263 100529 1.9 28 15 6 15 47% 40243 12022 2781 125%
c - 860.53 42 23 79 553 200988 1 8658757 107473 1.9 27 14 6 15 48% 40243 12022 2781 125%
c - 862.91 42 23 79 554 200992 1 8682272 111200 1.9 27 14 6 15 47% 40243 12022 2781 125%
c
c  seconds    switched       rate            size/glue  tier1     binary         remaining
c          MB   reductions      conflicts          size   tier2       irredundant
c           level      restarts        redundant      glue    trail         variables
c
c - 865.29 42 22 79 555 200993 1 8705809 114091 2.0 26 13 6 15 47% 40243 12022 2781 125%
c - 867.79 42 21 79 556 200999 1 8729369 115843 2.0 26 13 6 15 47% 40243 12022 2781 125%
c - 870.12 42 21 79 557 201008 1 8752950 116207 2.0 25 13 6 15 47% 40243 12022 2781 125%
c - 872.60 42 20 79 558 201022 1 8776550 117858 2.0 25 13 6 15 47% 40243 12022 2781 125%
c - 875.08 42 21 79 559 201024 1 8800172 117430 2.0 25 13 6 15 47% 40243 12022 2781 125%
c ] 875.93 42 21 80 559 201027 1 8808002 124924 2.0 26 13 6 15 47% 40243 12022 2781 125%
c { 875.93 42 18 80 559 201027 2 8808002 124924 1.6 17 10 6 11 46% 40243 12022 2781 125%
c o 875.94 42 18 80 559 201033 2 8808062 124981 1.6 17 10 6 11 46% 40243 12022 2781 125%
c - 877.43 42 18 80 560 201671 2 8823818 117690 1.6 17 10 6 11 46% 40243 12022 2781 125%
c - 879.62 42 18 80 561 202616 2 8847482 121143 1.6 17 10 6 11 46% 40243 12022 2781 125%
c - 881.63 42 17 80 562 203208 2 8871167 122286 1.6 16 10 6 11 46% 40243 12022 2781 125%
c - 883.77 42 18 80 563 204298 2 8894874 123525 1.6 16 10 6 11 46% 40243 12022 2781 125%
c - 885.96 42 18 80 564 205329 2 8918601 125044 1.6 17 10 6 11 46% 40243 12022 2781 125%
c u 887.69 42 18 80 564 205609 2 8925925 126904 1.6 17 10 6 11 46% 40243 12022 2781 125%
c v 888.81 42 18 80 564 205609 2 8925925 121914 1.6 17 10 6 11 46% 40243 12022 2781 125%
c w 889.19 42 18 80 564 205609 2 8925925 121171 1.6 17 10 6 11 46% 40243 12022 2781 125%
c - 890.63 42 18 80 565 205961 2 8942349 116243 1.6 16 10 6 11 46% 40243 12022 2781 125%
c - 892.79 42 18 80 566 206914 2 8966118 118140 1.6 16 10 6 11 46% 40243 12022 2781 125%
c - 894.97 42 18 80 567 208077 2 8989909 119804 1.6 17 10 6 11 46% 40243 12022 2781 125%
c - 897.09 42 18 80 568 208868 2 9013720 120207 1.6 17 10 6 11 46% 40243 12022 2781 125%
c
c  seconds    switched       rate            size/glue  tier1     binary         remaining
c          MB   reductions      conflicts          size   tier2       irredundant
c           level      restarts        redundant      glue    trail         variables
c
c - 899.24 42 18 80 569 209716 2 9037553 120576 1.6 17 10 6 11 46% 40243 12022 2781 125%
c - 901.24 42 17 80 570 210197 2 9061407 120928 1.6 16 10 6 11 46% 40243 12022 2781 125%
c - 903.43 42 17 80 571 211140 2 9085281 121838 1.7 17 10 6 11 46% 40243 12022 2781 125%
c - 905.56 42 17 80 572 212001 2 9109176 122489 1.6 16 10 6 11 46% 40243 12022 2781 125%
c - 907.74 42 17 80 573 212888 2 9133092 122858 1.6 16 10 6 11 46% 40243 12022 2781 125%
c } 907.87 42 18 81 573 212985 2 9134447 124073 1.6 16 10 6 11 46% 40243 12022 2781 125%
c [ 907.87 42 21 81 573 212985 1 9134447 124073 2.0 26 13 6 15 47% 40243 12022 2781 125%
c B 907.87 42 21 81 573 212985 1 9134447 124073 2.0 26 13 6 15 47% 40243 12022 2781 125%
c - 909.86 42 21 81 574 212998 1 9157030 120603 2.0 26 13 6 15 47% 40243 12022 2781 125%
c - 912.21 42 21 81 575 213008 1 9180988 116542 2.0 27 13 6 15 48% 40243 12022 2781 125%
c - 914.80 42 21 81 576 213015 1 9204969 115642 2.0 27 13 6 15 48% 40243 12022 2781 125%
c - 917.52 42 21 81 577 213023 1 9228970 116923 2.0 27 13 6 15 48% 40243 12022 2781 125%
c u 919.08 42 21 81 577 213027 1 9234016 118819 2.0 26 13 6 15 48% 40243 12022 2781 125%
c v 920.22 42 21 81 577 213027 1 9234016 113174 2.0 26 13 6 15 48% 40243 12022 2781 125%
c w 920.63 42 21 81 577 213027 1 9234016 107127 2.0 26 13 6 15 48% 40243 12022 2781 125%
c o 920.66 42 21 81 577 213027 1 9234016 107127 2.0 26 13 6 15 48% 40243 12022 2781 125%
c - 922.41 42 22 81 578 213033 1 9252991 106609 2.0 26 13 6 15 48% 40243 12022 2781 125%
c - 924.79 42 22 81 579 213045 1 9277032 112050 1.9 26 13 6 15 49% 40243 12022 2781 125%
c - 927.29 42 22 81 580 213047 1 9301094 115597 1.9 26 13 6 15 49% 40243 12022 2781 125%
c - 929.70 42 23 81 581 213047 1 9325177 114261 1.9 26 14 6 15 48% 40243 12022 2781 125%
c
c  seconds    switched       rate            size/glue  tier1     binary         remaining
c          MB   reductions      conflicts          size   tier2       irredundant
c           level      restarts        redundant      glue    trail         variables
c
c - 932.16 42 22 81 582 213059 1 9349282 113910 1.9 26 14 6 15 48% 40243 12022 2781 125%
c - 934.69 42 21 81 583 213069 1 9373406 118491 1.9 25 13 6 15 48% 40243 12022 2781 125%
c - 937.39 42 21 81 584 213078 1 9397551 121221 1.9 24 13 6 15 47% 40243 12022 2781 125%
c - 940.05 42 20 81 585 213085 1 9421717 122350 1.9 24 13 6 15 47% 40243 12022 2781 125%
c ] 940.79 42 20 82 585 213088 1 9428678 128958 1.9 24 13 6 15 47% 40243 12022 2781 125%
c { 940.79 42 18 82 585 213088 2 9428678 128958 1.6 16 10 6 11 46% 40243 12022 2781 125%
c - 942.31 42 17 82 586 213113 2 9445903 124765 1.7 16 10 6 11 46% 40243 12022 2781 125%
c - 944.46 42 15 82 587 213159 2 9470111 124457 1.6 16 10 6 11 46% 40243 12022 2781 125%
c - 946.54 42 14 82 588 213232 2 9494339 123789 1.6 16 10 6 11 46% 40243 12022 2781 125%
c - 948.59 42 14 82 589 213255 2 9518587 123257 1.6 15 9 6 11 46% 40243 12022 2781 125%
c - 950.73 42 13 82 590 213381 2 9542856 123234 1.6 15 9 6 11 46% 40243 12022 2781 125%
c u 952.26 42 13 82 590 213470 2 9547812 121330 1.6 15 9 6 11 46% 40243 12022 2781 125%
c v 953.40 42 13 82 590 213470 2 9547812 111370 1.6 15 9 6 11 46% 40243 12022 2781 125%
c w 953.69 42 13 82 590 213470 2 9547812 110917 1.6 15 9 6 11 46% 40243 12022 2781 125%
c - 955.29 42 12 82 591 213563 1 9567145 112933 1.6 14 9 6 11 46% 40243 12022 2781 125%
c - 957.38 42 12 82 592 213750 1 9591457 117418 1.6 14 9 6 11 46% 40243 12022 2781 125%
c - 959.51 42 12 82 593 214205 1 9615789 119836 1.6 14 9 6 11 46% 40243 12022 2781 125%
c - 961.68 42 11 82 594 214684 1 9640140 122404 1.6 14 9 6 11 46% 40243 12022 2781 125%
c o 962.03 42 11 82 594 214728 1 9644174 125693 1.6 14 9 6 11 46% 40243 12022 2781 125%
c - 963.82 42 11 82 595 215052 1 9664512 123717 1.6 14 9 6 11 46% 40243 12022 2781 125%
c
c  seconds    switched       rate            size/glue tier1     binary         remaining
c          MB   reductions      conflicts          size  tier2       irredundant
c           level      restarts        redundant     glue    trail         variables
c
c - 965.97 42 11 82 596 215398 1 9688904 123975 1.6 14 9 6 11 46% 40243 12022 2781 125%
c - 968.14 42 11 82 597 215868 1 9713317 124149 1.6 14 9 6 11 46% 40243 12022 2781 125%
c - 970.30 42 11 82 598 216271 1 9737750 124264 1.6 13 9 6 11 46% 40243 12022 2781 125%
c - 972.50 42 11 82 599 216879 1 9762206 125784 1.6 13 9 6 11 46% 40243 12022 2781 125%
c } 973.21 42 11 83 599 217070 1 9770284 132320 1.6 13 9 6 11 46% 40243 12022 2781 125%
c [ 973.21 42 20 83 599 217070 1 9770284 132320 1.9 24 13 6 15 47% 40243 12022 2781 125%
c W 978.49 42 20 83 599 217070 1 9770284 132320 1.9 24 13 6 15 47% 40243 12022 2781 125%
c - 979.99 42 21 83 600 217080 1 9786681 125528 1.9 24 13 6 15 48% 40243 12022 2781 125%
c - 982.48 42 21 83 601 217090 1 9811176 125617 1.9 25 13 6 15 48% 40243 12022 2781 125%
c - 984.94 42 21 83 602 217099 1 9835693 124889 1.9 25 13 6 15 49% 40243 12022 2781 125%
c - 987.52 42 21 83 603 217106 1 9860228 121427 1.9 25 14 6 15 49% 40243 12022 2781 125%
c u 989.32 42 21 83 603 217110 1 9867339 124916 1.9 25 13 6 15 49% 40243 12022 2781 125%
c v 990.49 42 21 83 603 217110 1 9867339 123010 1.9 25 13 6 15 49% 40243 12022 2781 125%
c w 990.91 42 21 83 603 217110 1 9867339 118378 1.9 25 13 6 15 49% 40243 12022 2781 125%
c - 992.71 42 21 83 604 217115 1 9884785 115148 1.9 25 13 6 15 49% 40243 12022 2781 125%
c - 995.27 42 20 83 605 217129 1 9909361 120645 1.8 24 13 6 15 48% 40243 12022 2781 125%
c - 997.88 42 20 83 606 217131 1 9933958 123488 1.8 24 13 6 15 48% 40243 12022 2781 125%
c - 1000.54 42 20 83 607 217132 1 9958576 123300 1.8 24 13 6 15 48% 40243 12022 2781 125%
c - 1003.14 42 20 83 608 217142 1 9983214 124732 1.8 24 13 6 15 47% 40243 12022 2781 125%
c - 1005.80 42 21 83 609 217153 1 10007871 123621 1.8 24 13 6 15 48% 40243 12022 2781 125%
c
c   seconds    switched       rate             size/glue  tier1     binary         remaining
c           MB   reductions      conflicts           size   tier2       irredundant
c            level      restarts         redundant      glue    trail         variables
c
c - 1008.37 42 21 83 610 217162 1 10032549 120604 1.8 25 14 6 15 48% 40243 12022 2781 125%
c - 1011.15 42 22 83 611 217170 1 10057248 118624 1.8 26 14 6 15 49% 40243 12022 2781 125%
c O 1013.09 42 23 83 611 217178 1 10075479 135981 1.9 26 14 6 15 49% 40243 12022 2781 125%
c o 1013.09 42 23 83 611 217178 1 10075479 135981 1.9 26 14 6 15 49% 40243 12022 2781 125%
c ] 1013.26 42 23 84 611 217178 1 10077673 137983 1.9 26 14 6 15 49% 40243 12022 2781 125%
c { 1013.26 42 11 84 611 217178 1 10077673 137983 1.6 13 9 6 11 46% 40243 12022 2781 125%
c - 1013.84 42 11 84 612 217920 1 10081966 120470 1.6 14 9 6 11 46% 40243 12022 2781 125%
c - 1016.77 42 14 84 613 221716 2 10106704 127050 1.5 14 9 6 11 46% 40243 12022 2781 125%
c - 1019.40 42 15 84 614 224179 2 10131463 131051 1.5 15 10 6 11 46% 40243 12022 2781 125%
c - 1021.74 42 16 84 615 225483 2 10156242 132044 1.5 15 10 6 11 46% 40243 12022 2781 125%
c - 1024.15 42 17 84 616 227167 3 10181041 133285 1.6 16 10 6 11 46% 40243 12022 2781 125%
c u 1026.44 42 17 84 616 227701 3 10192621 137182 1.6 16 10 6 11 46% 40243 12022 2781 125%
c v 1027.71 42 17 84 616 227701 3 10192621 131318 1.6 16 10 6 11 46% 40243 12022 2781 125%
c w 1028.15 42 17 84 616 227701 3 10192621 130858 1.6 16 10 6 11 46% 40243 12022 2781 125%
c - 1029.42 42 17 84 617 228235 3 10205860 124231 1.6 16 10 6 11 46% 40243 12022 2781 125%
c - 1031.71 42 17 84 618 229380 3 10230700 126450 1.6 16 10 6 11 46% 40243 12022 2781 125%
c - 1033.99 42 17 84 619 230385 3 10255560 128015 1.6 16 10 6 11 46% 40243 12022 2781 125%
c - 1036.27 42 18 84 620 231408 3 10280439 129149 1.6 16 10 6 11 46% 40243 12022 2781 125%
c - 1038.49 42 17 84 621 232171 2 10305338 128623 1.6 16 10 6 11 46% 40243 12022 2781 125%
c - 1040.83 42 18 84 622 233292 2 10330257 128274 1.6 16 10 6 11 46% 40243 12022 2781 125%
c
c   seconds    switched       rate             size/glue  tier1     binary         remaining
c           MB   reductions      conflicts           size   tier2       irredundant
c            level      restarts         redundant      glue    trail         variables
c
c - 1043.05 42 18 84 623 233947 2 10355197 127194 1.6 16 10 6 11 46% 40243 12022 2781 125%
c - 1045.35 42 18 84 624 235067 2 10380157 126544 1.6 17 10 6 11 46% 40243 12022 2781 125%
c - 1047.59 42 18 84 625 235928 2 10405137 126488 1.6 17 10 6 11 46% 40243 12022 2781 125%
c - 1049.90 42 18 84 626 236893 2 10430140 125992 1.6 17 10 6 11 46% 40243 12022 2781 125%
c } 1050.29 42 18 85 626 237024 2 10434753 130174 1.6 17 10 6 11 46% 40243 12022 2781 125%
c [ 1050.29 42 23 85 626 237024 1 10434753 130174 1.9 26 14 6 15 49% 40243 12022 2781 125%
c B 1050.29 42 23 85 626 237024 1 10434753 130174 1.9 26 14 6 15 49% 40243 12022 2781 125%
c - 1052.24 42 22 85 627 237036 1 10455160 124190 1.9 26 14 6 15 48% 40243 12022 2781 125%
c - 1054.67 42 22 85 628 237046 1 10480200 120188 1.9 26 14 6 15 48% 40243 12022 2781 125%
c - 1057.25 42 23 85 629 237054 1 10505259 116533 1.9 26 14 6 15 48% 40243 12022 2781 125%
c u 1060.32 42 22 85 629 237060 1 10523659 131940 2.0 27 13 6 15 48% 40243 12022 2781 125%
c v 1061.59 42 22 85 629 237060 1 10523659 131226 2.0 27 13 6 15 48% 40243 12022 2781 125%
c w 1062.05 59 22 85 629 237060 1 10523659 129766 2.0 27 13 6 15 48% 40243 12022 2781 125%
c o 1062.09 59 22 85 629 237060 1 10523659 129766 2.0 27 13 6 15 48% 40243 12022 2781 125%
c - 1062.68 50 25 85 630 237063 1 10530340 110997 1.9 27 14 6 15 48% 40243 12022 2781 125%
c - 1065.08 53 25 85 631 237074 1 10555441 110576 1.9 27 14 6 15 48% 40243 12022 2781 125%
c - 1067.79 49 24 85 632 237084 1 10580560 111964 1.8 26 14 6 15 48% 40243 12022 2781 125%
c - 1070.56 50 23 85 633 237086 1 10605700 115826 1.8 25 14 6 15 48% 40243 12022 2781 125%
c - 1073.39 53 23 85 634 237086 1 10630859 117814 1.9 25 14 6 15 48% 40243 12022 2781 125%
c - 1076.16 53 21 85 635 237100 1 10656041 120614 1.9 24 13 6 15 48% 40243 12022 2781 125%
c
c   seconds    switched       rate             size/glue  tier1     binary         remaining
c           MB   reductions      conflicts           size   tier2       irredundant
c            level      restarts         redundant      glue    trail         variables
c
c - 1078.59 51 21 85 636 237112 1 10681242 120681 1.8 25 13 6 15 49% 40243 12022 2781 125%
c - 1081.23 51 21 85 637 237117 1 10706462 119179 1.9 25 13 6 15 49% 40243 12022 2781 125%
c - 1083.94 51 21 85 638 237129 1 10731702 120834 1.9 25 13 6 15 49% 40243 12022 2781 125%
c - 1086.65 53 21 85 639 237139 1 10756960 120914 1.9 25 13 6 15 49% 40243 12022 2781 125%
c W 1092.42 42 21 85 639 237140 1 10758830 122713 1.9 25 13 6 15 49% 40243 12022 2781 125%
c ] 1093.89 42 21 86 639 237147 1 10774209 136809 1.9 25 13 6 15 49% 40243 12022 2781 125%
c { 1093.89 42 18 86 639 237147 2 10774209 136809 1.6 17 10 6 11 46% 40243 12022 2781 125%
c - 1095.38 42 20 86 640 238539 3 10782239 118719 1.7 18 11 6 11 46% 40243 12022 2781 125%
c - 1100.22 44 28 86 641 242943 4 10807538 95991 1.7 21 12 5 11 46% 40243 12022 2781 125%
c - 1105.11 44 33 86 642 247247 5 10832856 85812 1.8 24 14 5 11 46% 40243 12022 2781 125%
c - 1109.76 44 37 86 643 250911 6 10858193 83753 1.8 26 15 5 11 46% 40243 12022 2781 125%
c u 1111.58 44 37 86 643 251293 6 10860481 80251 1.8 27 15 5 11 46% 40243 12022 2781 125%
c v 1113.04 44 37 86 643 251293 6 10860481 78541 1.8 27 15 5 11 46% 40243 12022 2781 125%
c w 1113.57 44 37 86 643 251293 6 10860481 78378 1.8 27 15 5 11 46% 40243 12022 2781 125%
c - 1123.53 44 39 86 644 253581 6 10883552 78587 1.9 28 15 5 11 46% 40243 12022 2781 125%
c - 1127.47 44 42 86 645 256247 6 10908929 80461 1.9 29 16 5 11 46% 40243 12022 2781 125%
c - 1131.06 44 43 86 646 258142 6 10934326 80973 1.9 30 16 5 11 46% 40243 12022 2781 125%
c - 1134.49 44 43 86 647 259791 6 10959744 81957 2.0 31 16 5 11 46% 40243 12022 2781 125%
c o 1135.03 44 43 86 647 260070 6 10963719 85880 2.0 31 16 5 11 46% 40243 12022 2781 125%
c - 1137.82 44 43 86 648 261161 5 10985180 82477 2.0 32 16 5 11 46% 40243 12022 2781 125%
c
c   seconds    switched       rate            size/glue  tier1     binary         remaining
c           MB   reductions      conflicts          size   tier2       irredundant
c            level      restarts         redundant     glue    trail         variables
c
c - 1141.20 44 43 86 649 262569 5 11010635 82498 2.0 33 16 5 11 46% 40243 12022 2781 125%
c - 1144.58 44 43 86 650 263876 5 11036110 82379 2.0 33 16 5 11 46% 40243 12022 2781 125%
c - 1147.77 44 44 86 651 264962 5 11061606 83255 2.1 34 16 5 11 46% 40243 12022 2781 125%
c - 1151.21 44 44 86 652 266273 5 11087121 83877 2.1 34 16 5 11 46% 40243 12022 2781 125%
c - 1154.47 44 44 86 653 267376 4 11112655 84120 2.1 34 16 5 11 46% 40243 12022 2781 125%
c - 1157.67 44 43 86 654 268460 4 11138208 84592 2.1 34 16 5 11 46% 40243 12022 2781 125%
c } 1158.87 44 43 87 654 269027 4 11147066 93272 2.1 34 16 5 11 46% 40243 12022 2781 125%
c [ 1158.87 44 21 87 654 269027 1 11147066 93272 1.9 25 13 6 15 49% 40243 12022 2781 125%
c I 1158.87 44 21 87 654 269027 1 11147066 93272 1.9 25 13 6 15 49% 40243 12022 2781 125%
c - 1160.49 44 22 87 655 269037 1 11163783 84929 1.9 26 14 6 15 49% 40243 12022 2781 125%
c - 1163.11 44 24 87 656 269048 1 11189375 83872 1.9 28 14 6 15 48% 40243 12022 2781 125%
c u 1165.54 44 24 87 656 269055 1 11203082 93475 2.0 28 14 6 15 48% 40243 12022 2781 125%
c v 1166.74 44 24 87 656 269055 1 11203082 93195 2.0 28 14 6 15 48% 40243 12022 2781 125%
c w 1167.18 44 24 87 656 269055 1 11203082 90512 2.0 28 14 6 15 48% 40243 12022 2781 125%
c - 1168.57 44 23 87 657 269057 1 11214987 81953 2.0 28 14 6 15 48% 40243 12022 2781 125%
c - 1171.08 44 23 87 658 269064 1 11240619 88781 1.9 27 14 6 15 48% 40243 12022 2781 125%
c - 1173.81 44 22 87 659 269076 1 11266271 93176 1.9 26 14 6 15 48% 40243 12022 2781 125%
c - 1176.66 44 21 87 660 269087 1 11291941 94934 1.9 25 13 6 15 47% 40243 12022 2781 125%
c - 1179.23 44 21 87 661 269089 1 11317631 96159 1.9 26 13 6 15 48% 40243 12022 2781 125%
c - 1181.97 44 20 87 662 269089 1 11343344 97394 2.0 25 13 6 15 48% 40243 12022 2781 125%
c
c   seconds    switched       rate             size/glue  tier1     binary         remaining
c           MB   reductions      conflicts           size   tier2       irredundant
c            level      restarts         redundant      glue    trail         variables
c
c - 1184.48 44 19 87 663 269104 1 11369073 100314 2.0 25 12 6 15 48% 40243 12022 2781 125%
c - 1187.23 44 19 87 664 269116 1 11394823 101510 2.0 24 12 6 15 48% 40243 12022 2781 125%
c - 1189.90 44 19 87 665 269120 1 11420592 100588 1.9 23 12 6 15 47% 40243 12022 2781 125%
c - 1192.60 44 19 87 666 269134 1 11446380 101528 2.0 24 12 6 15 47% 40243 12022 2781 125%
c - 1195.25 44 18 87 667 269144 1 11472186 103876 2.0 23 12 6 15 47% 40243 12022 2781 125%
c B 1197.18 44 18 87 667 269150 1 11490438 120409 2.0 23 11 6 15 47% 40243 12022 2781 125%
c o 1197.18 44 18 87 667 269150 1 11490438 120409 2.0 23 11 6 15 47% 40243 12022 2781 125%
c - 1197.86 44 20 87 668 269151 1 11498014 102618 1.9 23 12 6 15 47% 40243 12022 2781 125%
c - 1200.30 44 24 87 669 269152 1 11523861 94435 1.8 24 13 6 15 48% 40243 12022 2781 125%
c - 1202.92 44 26 87 670 269153 1 11549726 86685 1.8 26 14 6 15 48% 40243 12022 2781 125%
c u 1204.26 44 26 87 670 269153 1 11551516 83445 1.8 26 14 6 15 48% 40243 12022 2781 125%
c v 1205.59 44 26 87 670 269153 1 11551516 82949 1.8 26 14 6 15 48% 40243 12022 2781 125%
c w 1206.07 44 26 87 670 269153 1 11551516 82836 1.8 26 14 6 15 48% 40243 12022 2781 125%
c - 1208.56 44 26 87 671 269153 1 11575610 79141 1.8 27 15 6 15 48% 40243 12022 2781 125%
c - 1211.30 44 27 87 672 269153 1 11601513 76716 1.8 28 16 6 15 49% 40243 12022 2781 125%
c - 1214.13 44 27 87 673 269167 1 11627435 76849 1.8 28 16 6 15 49% 40243 12022 2781 125%
c - 1217.06 44 26 87 674 269178 1 11653378 79113 1.7 28 16 6 15 48% 40243 12022 2781 125%
c - 1219.88 44 26 87 675 269184 1 11679339 80126 1.7 28 16 6 15 48% 40243 12022 2781 125%
c ] 1221.87 44 26 88 675 269191 1 11697830 97586 1.7 28 16 6 15 48% 40243 12022 2781 125%
c { 1221.87 44 43 88 675 269191 4 11697830 97586 2.1 34 16 5 11 46% 40243 12022 2781 125%
c
c   seconds    switched       rate            size/glue  tier1     binary         remaining
c           MB   reductions      conflicts          size   tier2       irredundant
c            level      restarts         redundant     glue    trail         variables
c
c - 1222.61 44 42 88 676 269197 4 11705323 81126 2.1 34 16 5 11 46% 40243 12022 2781 125%
c - 1224.81 44 36 88 677 269221 4 11731323 88954 2.0 30 15 5 11 46% 40243 12022 2781 125%
c - 1227.08 44 31 88 678 269227 3 11757342 97749 2.0 28 14 5 11 46% 40243 12022 2781 125%
c - 1229.50 44 27 88 679 269229 3 11783382 101340 1.9 25 13 5 11 46% 40243 12022 2781 125%
c - 1231.92 44 25 88 680 269233 2 11809444 102541 1.9 24 12 5 11 46% 40243 12022 2781 125%
c - 1234.07 44 23 88 681 269367 2 11835521 102842 1.9 22 12 5 11 46% 40243 12022 2781 125%
c - 1236.20 44 21 88 682 269549 2 11861616 102836 1.9 21 11 5 11 46% 40243 12022 2781 125%
c - 1238.35 44 20 88 683 269837 2 11887732 102086 1.8 20 11 5 11 46% 40243 12022 2781 125%
c u 1240.92 44 19 88 683 270054 2 11905756 113661 1.8 20 11 5 11 46% 40243 12022 2781 125%
c v 1242.20 44 19 88 683 270054 2 11905756 102885 1.8 20 11 5 11 46% 40243 12022 2781 125%
c w 1242.65 44 19 88 683 270054 2 11905756 100646 1.8 20 11 5 11 46% 40243 12022 2781 125%
c - 1243.34 44 19 88 684 270074 2 11913866 90397 1.8 20 11 5 11 46% 40243 12022 2781 125%
c - 1245.44 44 18 88 685 270408 2 11940020 95606 1.8 19 11 5 11 46% 40243 12022 2781 125%
c o 1246.28 44 18 88 685 270509 2 11950472 105014 1.8 19 11 5 11 46% 40243 12022 2781 125%
c - 1247.58 44 18 88 686 270835 2 11966193 97316 1.7 18 10 5 11 46% 40243 12022 2781 125%
c - 1249.78 44 18 88 687 271375 2 11992384 98494 1.7 18 10 5 11 46% 40243 12022 2781 125%
c - 1251.99 44 17 88 688 272086 2 12018596 99575 1.7 18 10 5 11 46% 40243 12022 2781 125%
c - 1254.14 44 17 88 689 272623 2 12044825 100049 1.7 17 10 5 11 46% 40243 12022 2781 125%
c - 1256.44 44 17 88 690 273592 2 12071074 100248 1.7 17 10 5 11 46% 40243 12022 2781 125%
c } 1257.79 44 17 89 690 274173 2 12086767 114224 1.7 17 10 5 11 46% 40243 12022 2781 125%
c
c   seconds    switched       rate             size/glue  tier1     binary         remaining
c           MB   reductions      conflicts           size   tier2       irredundant
c            level      restarts         redundant      glue    trail         variables
c
c [ 1257.79 44 26 89 690 274173 1 12086767 114224 1.7 28 16 6 15 48% 40243 12022 2781 125%
c W 1264.62 44 26 89 690 274173 1 12086767 114224 1.7 28 16 6 15 48% 40243 12022 2781 125%
c - 1265.51 44 26 89 691 274179 1 12097341 98447 1.7 28 16 6 15 49% 40243 12022 2781 125%
c - 1267.98 44 24 89 692 274190 1 12123629 96440 1.8 27 15 6 15 49% 40243 12022 2781 125%
c - 1270.58 44 23 89 693 274202 1 12149934 97685 1.8 27 15 6 15 49% 40243 12022 2781 125%
c - 1273.28 44 23 89 694 274209 1 12176258 97896 1.8 26 14 6 15 49% 40243 12022 2781 125%
c - 1276.25 44 23 89 695 274220 1 12202602 96921 1.8 26 14 6 15 49% 40243 12022 2781 125%
c - 1279.52 44 21 89 696 274233 1 12228964 97937 1.8 25 14 6 15 49% 40243 12022 2781 125%
c - 1282.35 44 21 89 697 274235 1 12255345 102190 1.9 25 13 6 15 49% 40243 12022 2781 125%
c u 1284.57 44 21 89 697 274235 1 12265854 108225 1.9 25 13 6 15 49% 40243 12022 2781 125%
c v 1285.93 44 21 89 697 274235 1 12265854 93848 1.9 25 13 6 15 49% 40243 12022 2781 125%
c w 1286.42 44 21 89 697 274235 1 12265854 80389 1.9 25 13 6 15 49% 40243 12022 2781 125%
c - 1288.03 44 21 89 698 274235 1 12281745 82202 1.9 25 13 6 15 49% 40243 12022 2781 125%
c - 1290.87 44 20 89 699 274250 1 12308164 92236 1.9 25 13 6 15 49% 40243 12022 2781 125%
c - 1293.87 44 20 89 700 274262 1 12334602 98883 2.0 24 12 6 15 48% 40243 12022 2781 125%
c - 1296.61 44 21 89 701 274266 1 12361059 97559 2.0 25 13 6 15 49% 40243 12022 2781 125%
c - 1299.43 44 21 89 702 274280 1 12387536 92225 2.0 26 13 6 15 49% 40243 12022 2781 125%
c - 1302.34 44 21 89 703 274291 1 12414032 94864 2.0 25 13 6 15 49% 40243 12022 2781 125%
c ] 1302.37 44 21 90 703 274291 1 12414268 95097 2.0 25 13 6 15 49% 40243 12022 2781 125%
c { 1302.37 44 17 90 703 274291 2 12414268 95097 1.7 17 10 5 11 46% 40243 12022 2781 125%
c
c   seconds    switched       rate             size/glue  tier1     binary         remaining
c           MB   reductions      conflicts           size   tier2       irredundant
c            level      restarts         redundant      glue    trail         variables
c
c o 1302.93 44 17 90 703 274556 2 12420510 100810 1.7 17 10 5 11 46% 40243 12022 2781 125%
c - 1304.61 44 17 90 704 275066 2 12440546 99960 1.7 17 10 5 11 46% 40243 12022 2781 125%
c - 1306.90 44 17 90 705 275816 2 12467078 102498 1.7 17 10 5 11 46% 40243 12022 2781 125%
c - 1309.21 44 17 90 706 276814 2 12493630 103229 1.7 17 10 5 11 46% 40243 12022 2781 125%
c - 1311.43 44 17 90 707 277538 2 12520200 103266 1.7 17 10 5 11 46% 40243 12022 2781 125%
c - 1313.81 44 18 90 708 278834 2 12546789 104119 1.7 17 10 5 11 46% 40243 12022 2781 125%
c - 1316.09 44 18 90 709 279745 2 12573398 105015 1.7 17 10 5 11 46% 40243 12022 2781 125%
c - 1318.42 44 18 90 710 280873 2 12600025 105078 1.7 17 10 5 11 46% 40243 12022 2781 125%
c - 1320.73 44 18 90 711 281870 2 12626670 104643 1.7 17 10 5 11 46% 40243 12022 2781 125%
c u 1322.40 44 18 90 711 282288 2 12631808 103448 1.7 17 10 5 11 46% 40243 12022 2781 125%
c v 1323.71 44 18 90 711 282288 2 12631808 96482 1.7 17 10 5 11 46% 40243 12022 2781 125%
c w 1324.17 44 18 90 711 282288 2 12631808 95730 1.7 17 10 5 11 46% 40243 12022 2781 125%
c - 1326.05 44 18 90 712 283133 2 12653334 94718 1.6 17 10 5 11 46% 40243 12022 2781 125%
c - 1328.25 44 18 90 713 284031 2 12680017 98489 1.6 17 10 5 11 46% 40243 12022 2781 125%
c - 1330.50 44 18 90 714 284920 2 12706720 99919 1.7 17 10 5 11 46% 40243 12022 2781 125%
c - 1332.77 44 18 90 715 285833 2 12733440 100761 1.7 17 10 5 11 46% 40243 12022 2781 125%
c - 1335.07 44 18 90 716 286914 2 12760181 100982 1.7 17 10 5 11 46% 40243 12022 2781 125%
c - 1337.36 44 18 90 717 287747 2 12786939 101190 1.7 17 10 5 11 46% 40243 12022 2781 125%
c - 1339.59 44 18 90 718 288501 2 12813715 101539 1.7 17 10 5 11 46% 40243 12022 2781 125%
c } 1340.08 44 18 91 718 288697 2 12819590 106904 1.7 17 10 5 11 46% 40243 12022 2781 125%
c
c   seconds    switched       rate             size/glue  tier1     binary         remaining
c           MB   reductions      conflicts           size   tier2       irredundant
c            level      restarts         redundant      glue    trail         variables
c
c [ 1340.08 44 21 91 718 288697 1 12819590 106904 2.0 25 13 6 15 49% 40243 12022 2781 125%
c O 1340.08 44 21 91 718 288697 1 12819590 106904 2.0 25 13 6 15 49% 40243 12022 2781 125%
c - 1341.86 44 21 91 719 288710 1 12840510 100361 1.9 25 13 6 15 48% 40243 12022 2781 125%
c - 1344.31 44 21 91 720 288721 1 12867325 96674 1.9 25 13 6 15 49% 40243 12022 2781 125%
c - 1346.98 44 22 91 721 288727 1 12894157 93339 1.9 26 13 6 15 49% 40243 12022 2781 125%
c - 1349.81 44 22 91 722 288740 1 12921008 93016 1.9 26 13 6 15 49% 40243 12022 2781 125%
c - 1352.67 44 22 91 723 288751 1 12947878 94429 1.9 26 13 6 15 49% 40243 12022 2781 125%
c - 1355.38 44 21 91 724 288758 1 12974766 98064 1.9 25 13 6 15 49% 40243 12022 2781 125%
c - 1358.13 44 21 91 725 288759 1 13001673 100931 2.0 26 13 6 15 49% 40243 12022 2781 125%
c u 1359.47 44 21 91 725 288759 1 13003620 99562 2.0 26 13 6 15 49% 40243 12022 2781 125%
c v 1360.80 44 21 91 725 288759 1 13003620 89709 2.0 26 13 6 15 49% 40243 12022 2781 125%
c w 1361.27 44 21 91 725 288759 1 13003620 79893 2.0 26 13 6 15 49% 40243 12022 2781 125%
c o 1361.30 44 21 91 725 288759 1 13003620 79893 2.0 26 13 6 15 49% 40243 12022 2781 125%
c - 1363.41 44 33 91 726 288766 1 13028600 81820 1.8 27 15 6 15 49% 40243 12022 2781 125%
c - 1365.96 44 30 91 727 288780 1 13055546 89537 1.9 26 14 6 15 48% 40243 12022 2781 125%
c - 1368.82 44 27 91 728 288790 1 13082508 99177 1.9 26 13 6 15 48% 40243 12022 2781 125%
c - 1372.08 44 26 91 729 288797 1 13109489 98822 1.9 26 14 6 15 48% 40243 12022 2781 125%
c - 1375.35 44 24 91 730 288810 1 13136490 99425 1.9 26 13 6 15 48% 40243 12022 2781 125%
c - 1378.29 44 23 91 731 288820 1 13163509 102904 1.9 25 13 6 15 48% 40243 12022 2781 125%
c ] 1378.53 44 22 92 731 288821 1 13166095 105370 1.9 24 13 6 15 48% 40243 12022 2781 125%
c
c   seconds    switched       rate             size/glue  tier1     binary         remaining
c           MB   reductions      conflicts           size   tier2       irredundant
c            level      restarts         redundant      glue    trail         variables
c
c { 1378.53 44 18 92 731 288821 2 13166095 105370 1.7 17 10 5 11 46% 40243 12022 2781 125%
c - 1380.62 44 18 92 732 289552 2 13190548 103135 1.7 17 10 5 11 46% 40243 12022 2781 125%
c - 1382.97 44 18 92 733 290876 2 13217603 104449 1.7 17 10 5 11 46% 40243 12022 2781 125%
c - 1385.25 44 18 92 734 291582 2 13244676 105105 1.7 17 10 5 11 46% 40243 12022 2781 125%
c - 1387.52 44 18 92 735 292399 2 13271771 105172 1.7 17 10 5 11 46% 40243 12022 2781 125%
c - 1389.79 44 17 92 736 293216 2 13298881 104966 1.7 17 10 5 11 46% 40243 12022 2781 125%
c - 1392.10 44 17 92 737 294018 2 13326010 105367 1.7 17 10 5 11 46% 40243 12022 2781 125%
c - 1394.47 44 18 92 738 295159 2 13353157 106043 1.7 17 10 5 11 46% 40243 12022 2781 125%
c - 1396.80 44 18 92 739 296167 2 13380324 106468 1.7 17 10 5 11 46% 40243 12022 2781 125%
c u 1398.05 44 18 92 739 296196 2 13381315 98135 1.7 17 10 5 11 46% 40243 12022 2781 125%
c v 1399.42 44 18 92 739 296196 2 13381315 92567 1.7 17 10 5 11 46% 40243 12022 2781 125%
c w 1399.89 44 18 92 739 296196 2 13381315 91957 1.7 17 10 5 11 46% 40243 12022 2781 125%
c - 1402.00 44 18 92 740 297168 2 13407508 94844 1.7 17 10 5 11 46% 40243 12022 2781 125%
c - 1404.21 44 18 92 741 298325 2 13434710 97800 1.6 17 10 5 11 46% 40243 12022 2781 125%
c - 1406.37 44 18 92 742 299378 2 13461931 99308 1.6 17 10 5 11 46% 40243 12022 2781 125%
c - 1408.51 44 18 92 743 300414 2 13489172 100067 1.6 17 10 5 11 46% 40243 12022 2781 125%
c o 1408.88 44 18 92 743 300623 2 13493858 104214 1.6 17 10 5 11 46% 40243 12022 2781 125%
c - 1410.71 44 18 92 744 301501 2 13516432 100169 1.6 17 10 5 11 46% 40243 12022 2781 125%
c - 1412.89 44 18 92 745 302410 2 13543708 100403 1.6 17 10 5 11 46% 40243 12022 2781 125%
c - 1415.11 44 18 92 746 303468 2 13571002 100511 1.6 17 10 5 11 46% 40243 12022 2781 125%
c
c   seconds    switched       rate             size/glue  tier1     binary         remaining
c           MB   reductions      conflicts           size   tier2       irredundant
c            level      restarts         redundant      glue    trail         variables
c
c } 1416.47 44 18 93 746 304041 2 13588099 116349 1.7 17 10 5 11 46% 40243 12022 2781 125%
c [ 1416.47 44 22 93 746 304041 1 13588099 116349 1.9 24 13 6 15 48% 40243 12022 2781 125%
c B 1416.47 44 22 93 746 304041 1 13588099 116349 1.9 24 13 6 15 48% 40243 12022 2781 125%
c - 1417.30 44 22 93 747 304047 1 13598315 100598 1.9 24 13 6 15 48% 40243 12022 2781 125%
c - 1419.73 44 22 93 748 304059 1 13625646 99936 1.9 24 13 6 15 48% 40243 12022 2781 125%
c - 1422.23 44 22 93 749 304070 1 13652996 98704 1.9 24 13 6 15 48% 40243 12022 2781 125%
c - 1424.80 44 22 93 750 304078 1 13680363 96328 1.9 24 13 6 15 48% 40243 12022 2781 125%
c - 1427.55 44 21 93 751 304090 1 13707749 96986 1.9 24 13 6 15 48% 40243 12022 2781 125%
c - 1430.29 44 21 93 752 304101 1 13735155 99406 1.8 24 13 6 15 48% 40243 12022 2781 125%
c - 1432.98 44 22 93 753 304103 1 13762578 94785 1.8 24 14 6 15 49% 40243 12022 2781 125%
c u 1434.29 44 22 93 753 304103 1 13764918 92051 1.8 25 14 6 15 49% 40243 12022 2781 125%
c v 1435.55 44 22 93 753 304103 1 13764918 85570 1.8 25 14 6 15 49% 40243 12022 2781 125%
c w 1435.99 44 22 93 753 304103 1 13764918 83703 1.8 25 14 6 15 49% 40243 12022 2781 125%
c - 1438.35 44 22 93 754 304108 1 13790018 84054 1.8 25 14 6 15 49% 40243 12022 2781 125%
c - 1441.07 44 22 93 755 304118 1 13817479 89204 1.8 25 14 6 15 49% 40243 12022 2781 125%
c - 1443.82 44 22 93 756 304133 1 13844956 93314 1.8 25 14 6 15 49% 40243 12022 2781 125%
c - 1446.48 44 23 93 757 304139 1 13872452 93961 1.9 25 14 6 15 49% 40243 12022 2781 125%
c - 1449.36 44 23 93 758 304150 1 13899968 92071 1.9 26 14 6 15 48% 40243 12022 2781 125%
c - 1452.40 44 23 93 759 304164 1 13927499 92789 1.9 26 14 6 15 48% 40243 12022 2781 125%
c ] 1455.10 44 22 94 759 304166 1 13952600 116348 1.9 25 14 6 15 48% 40243 12022 2781 125%
c
c   seconds    switched       rate             size/glue  tier1     binary         remaining
c           MB   reductions      conflicts           size   tier2       irredundant
c            level      restarts         redundant      glue    trail         variables
c
c { 1455.10 44 18 94 759 304166 2 13952600 116348 1.7 17 10 5 11 46% 40243 12022 2781 125%
c - 1455.33 44 18 94 760 304223 2 13955048 95180 1.7 17 10 5 11 46% 40243 12022 2781 125%
c - 1457.59 44 18 94 761 305244 2 13982616 99062 1.7 17 10 5 11 46% 40243 12022 2781 125%
c o 1458.63 44 18 94 761 305593 2 13995993 111099 1.7 17 10 5 11 46% 40243 12022 2781 125%
c - 1459.78 44 18 94 762 306007 2 14010202 99812 1.7 17 10 5 11 46% 40243 12022 2781 125%
c - 1461.89 44 17 94 763 306574 2 14037810 99677 1.7 17 10 5 11 46% 40243 12022 2781 125%
c - 1464.08 44 17 94 764 307522 2 14065433 100091 1.7 17 10 5 11 46% 40243 12022 2781 125%
c - 1466.31 44 17 94 765 308549 2 14093073 100439 1.7 17 10 5 11 46% 40243 12022 2781 125%
c - 1468.52 44 17 94 766 309398 2 14120732 100575 1.7 17 10 5 11 46% 40243 12022 2781 125%
c - 1470.70 44 17 94 767 310056 2 14148409 100670 1.7 16 10 5 11 46% 40243 12022 2781 125%
c u 1472.38 44 17 94 767 310479 2 14154429 100800 1.6 16 10 5 11 46% 40243 12022 2781 125%
c v 1473.69 44 17 94 767 310479 2 14154429 88675 1.6 16 10 5 11 46% 40243 12022 2781 125%
c w 1474.14 44 17 94 767 310479 2 14154429 86756 1.6 16 10 5 11 46% 40243 12022 2781 125%
c - 1475.88 44 17 94 768 311272 2 14176105 85410 1.7 16 10 5 11 46% 40243 12022 2781 125%
c - 1478.12 44 17 94 769 312668 2 14203817 93921 1.7 17 10 5 11 46% 40243 12022 2781 125%
c - 1480.39 44 17 94 770 314073 2 14231547 96004 1.7 17 10 5 11 46% 40243 12022 2781 125%
c - 1482.61 44 18 94 771 315189 2 14259297 96847 1.7 17 10 5 11 46% 40243 12022 2781 125%
c - 1484.83 44 18 94 772 316368 2 14287063 97670 1.7 17 10 5 11 46% 40243 12022 2781 125%
c - 1487.03 44 18 94 773 317238 2 14314847 97812 1.7 17 10 5 11 46% 40243 12022 2781 125%
c - 1489.25 44 18 94 774 318260 2 14342651 98274 1.7 17 10 5 11 46% 40243 12022 2781 125%
c
c   seconds    switched       rate            size/glue  tier1     binary         remaining
c           MB   reductions      conflicts          size   tier2       irredundant
c            level      restarts         redundant     glue    trail         variables
c
c - 1491.50 44 18 94 775 319335 2 14370471 98974 1.7 17 10 5 11 46% 40243 12022 2781 125%
c } 1493.15 44 18 95 775 319916 2 14391587 117850 1.7 17 10 5 11 46% 40243 12022 2781 125%
c [ 1493.15 44 22 95 775 319916 1 14391587 117850 1.9 25 14 6 15 48% 40243 12022 2781 125%
c W 1500.82 44 22 95 775 319916 1 14391587 117850 1.9 25 14 6 15 48% 40243 12022 2781 125%
c - 1501.35 44 22 95 776 319921 1 14398311 98356 1.9 25 14 6 15 48% 40243 12022 2781 125%
c - 1503.72 44 21 95 777 319932 1 14426167 97691 1.9 25 13 6 15 48% 40243 12022 2781 125%
c - 1506.41 44 20 95 778 319945 1 14454042 96950 1.9 24 13 6 15 48% 40243 12022 2781 125%
c - 1508.99 44 21 95 779 319953 1 14481934 93564 1.9 25 13 6 15 48% 40243 12022 2781 125%
c - 1511.86 44 21 95 780 319964 1 14509845 93385 2.0 26 13 6 15 48% 40243 12022 2781 125%
c - 1514.99 44 20 95 781 319976 1 14537774 98592 2.0 26 13 6 15 48% 40243 12022 2781 125%
c u 1517.33 44 20 95 781 319977 1 14549875 106952 2.0 26 13 6 15 48% 40243 12022 2781 125%
c v 1518.71 44 20 95 781 319977 1 14549875 101252 2.0 26 13 6 15 48% 40243 12022 2781 125%
c w 1519.20 44 20 95 781 319977 1 14549875 92194 2.0 26 13 6 15 48% 40243 12022 2781 125%
c o 1519.23 44 20 95 781 319977 1 14549875 92194 2.0 26 13 6 15 48% 40243 12022 2781 125%
c - 1520.45 44 31 95 782 319978 1 14565721 82416 1.8 28 15 6 15 48% 40243 12022 2781 125%
c - 1522.86 44 31 95 783 319983 1 14593685 82335 1.8 28 15 6 15 48% 40243 12022 2781 125%
c - 1525.26 44 30 95 784 319994 1 14621668 85578 1.9 28 15 6 15 48% 40243 12022 2781 125%
c - 1527.77 44 28 95 785 320008 1 14649669 89367 1.9 27 15 6 15 47% 40243 12022 2781 125%
c - 1530.57 44 26 95 786 320015 1 14677686 93825 1.9 27 14 6 15 47% 40243 12022 2781 125%
c - 1533.27 44 27 95 787 320027 1 14705721 92242 1.9 27 15 6 15 47% 40243 12022 2781 125%
c
c   seconds    switched       rate            size/glue  tier1     binary         remaining
c           MB   reductions      conflicts          size   tier2       irredundant
c            level      restarts         redundant     glue    trail         variables
c
c - 1536.08 44 26 95 788 320039 1 14733774 87225 1.9 28 15 6 15 47% 40243 12022 2781 125%
c - 1538.98 44 25 95 789 320041 1 14761845 88600 1.8 27 15 6 15 47% 40243 12022 2781 125%
c ] 1539.90 44 25 96 789 320041 1 14771250 97770 1.9 27 14 6 15 47% 40243 12022 2781 125%
c { 1539.90 44 18 96 789 320041 2 14771250 97770 1.7 17 10 5 11 46% 40243 12022 2781 125%
c - 1541.44 44 18 96 790 320663 2 14789934 95743 1.7 17 10 5 11 46% 40243 12022 2781 125%
c - 1543.72 44 18 96 791 321571 2 14818040 102548 1.7 17 10 5 11 46% 40243 12022 2781 125%
c - 1546.06 44 18 96 792 322596 2 14846164 104431 1.7 17 10 5 11 46% 40243 12022 2781 125%
c - 1548.39 44 18 96 793 323771 2 14874308 105158 1.7 17 10 5 11 46% 40243 12022 2781 125%
c - 1550.66 44 18 96 794 324879 2 14902470 105128 1.6 17 10 5 11 46% 40243 12022 2781 125%
c - 1552.88 44 18 96 795 325569 2 14930648 104990 1.6 17 10 5 11 46% 40243 12022 2781 125%
c u 1555.71 44 18 96 795 326317 2 14951253 119320 1.6 17 10 5 11 46% 40243 12022 2781 125%
c v 1557.04 44 18 96 795 326317 2 14951253 110368 1.6 17 10 5 11 46% 40243 12022 2781 125%
c w 1557.50 44 18 96 795 326317 2 14951253 109143 1.6 17 10 5 11 46% 40243 12022 2781 125%
c - 1558.17 44 18 96 796 326644 2 14958843 93069 1.6 17 10 5 11 46% 40243 12022 2781 125%
c - 1560.40 44 18 96 797 327559 2 14987058 97758 1.7 17 10 5 11 46% 40243 12022 2781 125%
c - 1562.67 44 18 96 798 328635 2 15015289 101105 1.7 17 10 5 11 46% 40243 12022 2781 125%
c - 1564.93 44 18 96 799 329391 2 15043538 101680 1.7 17 10 5 11 46% 40243 12022 2781 125%
c o 1567.03 44 18 96 799 330216 2 15070382 125814 1.7 17 10 5 11 46% 40243 12022 2781 125%
c - 1567.18 44 18 96 800 330361 2 15071806 101943 1.7 17 10 5 11 46% 40243 12022 2781 125%
c - 1569.47 44 18 96 801 331347 2 15100090 102820 1.7 17 10 5 11 46% 40243 12022 2781 125%
c
c   seconds    switched       rate             size/glue  tier1     binary         remaining
c           MB   reductions      conflicts           size   tier2       irredundant
c            level      restarts         redundant      glue    trail         variables
c
c - 1571.75 44 18 96 802 332376 2 15128392 103222 1.7 17 10 5 11 46% 40243 12022 2781 125%
c - 1574.03 44 18 96 803 333157 2 15156712 103332 1.7 17 10 5 11 46% 40243 12022 2781 125%
c - 1576.27 44 18 96 804 334128 2 15185051 103349 1.7 17 10 5 11 46% 40243 12022 2781 125%
c - 1578.58 44 18 96 805 335256 2 15213406 103352 1.7 17 10 5 11 46% 40243 12022 2781 125%
c } 1579.69 44 18 97 805 335691 2 15227514 116035 1.7 17 10 5 11 46% 40243 12022 2781 125%
c [ 1579.69 44 25 97 805 335691 1 15227514 116035 1.9 27 14 6 15 47% 40243 12022 2781 125%
c I 1579.69 44 25 97 805 335691 1 15227514 116035 1.9 27 14 6 15 47% 40243 12022 2781 125%
c - 1580.81 44 26 97 806 335699 1 15241781 99875 1.9 29 15 6 15 47% 40243 12022 2781 125%
c - 1583.44 44 27 97 807 335712 1 15270171 91144 2.0 30 15 6 15 48% 40243 12022 2781 125%
c - 1586.19 44 28 97 808 335721 1 15298578 87106 2.0 30 15 6 15 48% 40243 12022 2781 125%
c - 1588.98 44 28 97 809 335733 1 15327003 87437 2.0 31 16 6 15 47% 40243 12022 2781 125%
c - 1591.90 44 28 97 810 335744 1 15355445 89189 2.0 31 15 6 15 47% 40243 12022 2781 125%
c u 1593.38 44 28 97 810 335746 1 15358591 89417 2.0 31 15 6 15 47% 40243 12022 2781 125%
c v 1594.73 44 28 97 810 335746 1 15358591 89021 2.0 31 15 6 15 47% 40243 12022 2781 125%
c w 1595.22 44 28 97 810 335746 1 15358591 88990 2.0 31 15 6 15 47% 40243 12022 2781 125%
c - 1597.98 44 27 97 811 335752 1 15383905 88119 2.0 30 15 6 15 48% 40243 12022 2781 125%
c - 1601.09 44 26 97 812 335753 1 15412384 90405 2.0 30 15 6 15 48% 40243 12022 2781 125%
c - 1604.21 44 24 97 813 335764 1 15440879 97315 2.0 28 14 6 15 48% 40243 12022 2781 125%
c - 1607.35 44 23 97 814 335776 1 15469393 103333 2.1 27 13 6 15 48% 40243 12022 2781 125%
c - 1610.19 44 21 97 815 335784 1 15497925 104273 2.0 26 13 6 15 48% 40243 12022 2781 125%
c
c   seconds    switched       rate             size/glue  tier1     binary         remaining
c           MB   reductions      conflicts           size   tier2       irredundant
c            level      restarts         redundant      glue    trail         variables
c
c - 1613.26 44 21 97 816 335797 1 15526474 103923 2.0 26 13 6 15 48% 40243 12022 2781 125%
c - 1616.49 44 20 97 817 335809 1 15555040 104182 2.0 25 12 6 15 48% 40243 12022 2781 125%
c - 1619.32 44 20 97 818 335815 1 15583624 105703 2.0 24 12 6 15 48% 40243 12022 2781 125%
c ] 1620.39 44 20 98 818 335816 1 15593939 115221 2.0 24 12 6 15 47% 40243 12022 2781 125%
c { 1620.39 44 18 98 818 335816 2 15593939 115221 1.7 17 10 5 11 46% 40243 12022 2781 125%
c - 1622.00 44 16 98 819 335823 2 15612225 104659 1.7 16 10 5 11 46% 40243 12022 2781 125%
c o 1622.63 44 16 98 819 335836 2 15619464 111003 1.7 16 10 5 11 46% 40243 12022 2781 125%
c - 1624.36 44 15 98 820 335898 2 15640843 105980 1.6 16 10 5 11 46% 40243 12022 2781 125%
c - 1626.66 44 14 98 821 335930 2 15669478 104005 1.6 15 9 5 11 46% 40243 12022 2781 125%
c - 1628.92 44 13 98 822 336134 2 15698132 102845 1.6 15 9 5 11 46% 40243 12022 2781 125%
c - 1631.19 44 13 98 823 336353 1 15726802 104304 1.6 15 9 5 11 46% 40243 12022 2781 125%
c - 1633.47 44 12 98 824 336545 1 15755489 105063 1.6 14 9 5 11 46% 40243 12022 2781 125%
c u 1636.12 44 12 98 824 336680 1 15771888 111492 1.6 14 9 5 11 46% 40243 12022 2781 125%
c v 1637.59 44 12 98 824 336680 1 15771888 103098 1.6 14 9 5 11 46% 40243 12022 2781 125%
c w 1638.10 44 12 98 824 336680 1 15771888 102538 1.6 14 9 5 11 46% 40243 12022 2781 125%
c - 1639.65 44 12 98 825 336857 1 15784195 92337 1.6 14 9 5 11 46% 40243 12022 2781 125%
c - 1641.89 44 11 98 826 337269 1 15812918 96515 1.6 14 9 5 11 46% 40243 12022 2781 125%
c - 1644.11 44 11 98 827 337635 1 15841658 99709 1.6 14 9 5 11 46% 40243 12022 2781 125%
c - 1646.51 44 11 98 828 338328 1 15870415 100825 1.6 14 9 5 11 46% 40243 12022 2781 125%
c - 1648.88 44 11 98 829 338891 1 15899189 101359 1.6 14 9 5 11 46% 40243 12022 2781 125%
c
c   seconds    switched       rate             size/glue tier1     binary         remaining
c           MB   reductions      conflicts           size  tier2       irredundant
c            level      restarts         redundant     glue    trail         variables
c
c - 1651.25 44 11 98 830 339605 1 15927981 101579 1.6 14 9 5 11 46% 40243 12022 2781 125%
c - 1653.65 44 11 98 831 340383 1 15956792 102497 1.6 13 9 5 11 46% 40243 12022 2781 125%
c - 1656.13 44 11 98 832 341459 1 15985619 103691 1.6 13 9 5 11 46% 40243 12022 2781 125%
c - 1658.56 44 11 98 833 342332 1 16014463 104773 1.6 13 9 5 11 46% 40243 12022 2781 125%
c - 1660.98 44 11 98 834 343143 1 16043326 105056 1.5 13 9 5 11 46% 40243 12022 2781 125%
c } 1663.01 44 11 99 834 343796 1 16067773 124771 1.5 13 9 5 11 46% 40243 12022 2781 125%
c [ 1663.01 44 20 99 834 343796 1 16067773 124771 2.0 24 12 6 15 47% 40243 12022 2781 125%
c B 1663.01 44 20 99 834 343796 1 16067773 124771 2.0 24 12 6 15 47% 40243 12022 2781 125%
c - 1663.41 44 21 99 835 343799 1 16072205 104019 1.9 24 12 6 15 47% 40243 12022 2781 125%
c - 1665.87 44 22 99 836 343811 1 16101102 99456 2.0 26 13 6 15 48% 40243 12022 2781 125%
c - 1668.60 44 22 99 837 343825 1 16130016 96669 2.0 26 14 6 15 48% 40243 12022 2781 125%
c - 1671.47 44 23 99 838 343833 1 16158947 96597 1.9 26 14 6 15 48% 40243 12022 2781 125%
c - 1674.41 44 23 99 839 343846 1 16187895 97115 1.9 26 14 6 15 48% 40243 12022 2781 125%
c u 1675.61 44 23 99 839 343848 1 16191169 97589 1.9 26 14 6 15 48% 40243 12022 2781 125%
c v 1676.62 44 23 99 839 343848 1 16191169 96707 1.9 26 14 6 15 48% 40243 12022 2781 125%
c w 1676.98 44 23 99 839 343848 1 16191169 95297 1.9 26 14 6 15 48% 40243 12022 2781 125%
c o 1677.19 44 23 99 839 343848 1 16191169 95297 1.9 26 14 6 15 48% 40243 12022 2781 125%
c - 1679.15 44 29 99 840 343857 1 16216861 94358 1.8 26 15 6 15 48% 40243 12022 2781 125%
c - 1681.61 44 28 99 841 343858 1 16245843 94448 1.7 26 15 6 15 48% 40243 12022 2781 125%
c - 1684.30 44 28 99 842 343865 1 16274845 95932 1.7 26 15 6 15 49% 40243 12022 2781 125%
c
c   seconds    switched       rate            size/glue  tier1     binary         remaining
c           MB   reductions      conflicts          size   tier2       irredundant
c            level      restarts         redundant     glue    trail         variables
c
c - 1687.24 44 27 99 843 343879 1 16303862 99443 1.8 26 15 6 15 49% 40243 12022 2781 125%
c - 1690.49 44 25 99 844 343889 1 16332897 101896 1.8 26 14 6 15 49% 40243 12022 2781 125%
c - 1693.74 44 24 99 845 343899 1 16361949 103005 1.8 25 14 6 15 49% 40243 12022 2781 125%
c - 1696.59 44 23 99 846 343911 1 16391018 105197 1.8 25 14 6 15 48% 40243 12022 2781 125%
c - 1699.51 44 22 99 847 343920 1 16420107 106464 1.8 24 13 6 15 48% 40243 12022 2781 125%
c - 1702.53 44 22 99 848 343921 1 16449212 107350 1.8 24 13 6 15 48% 40243 12022 2781 125%
c - 1705.39 44 22 99 849 343922 1 16478332 106649 1.9 25 13 6 15 48% 40243 12022 2781 125%
c W 1714.92 44 22 99 849 343922 1 16481815 109838 1.9 25 13 6 15 48% 40243 12022 2781 125%
c ] 1715.43 44 25 100 849 343922 1 16488049 115958 1.8 25 14 6 15 48% 40243 12022 2781 125%
c { 1715.43 44 11 100 849 343922 1 16488049 115958 1.5 13 9 5 11 46% 40243 12022 2781 125%
c - 1717.58 44 13 100 850 347001 2 16507469 104495 1.5 14 9 5 11 46% 40243 12022 2781 125%
c - 1720.41 44 15 100 851 350002 2 16536623 107535 1.5 15 10 5 11 46% 40243 12022 2781 125%
c - 1723.02 44 16 100 852 351822 2 16565796 109963 1.6 15 10 5 11 46% 40243 12022 2781 125%
c - 1725.53 44 16 100 853 353285 2 16594985 110562 1.6 15 10 5 11 46% 40243 12022 2781 125%
c u 1728.66 44 17 100 853 354187 2 16616435 122895 1.6 16 10 5 11 46% 40243 12022 2781 125%
c v 1730.20 44 17 100 853 354187 2 16616435 115036 1.6 16 10 5 11 46% 40243 12022 2781 125%
c w 1730.73 44 17 100 853 354187 2 16616435 113941 1.6 16 10 5 11 46% 40243 12022 2781 125%
c - 1731.45 44 17 100 854 354619 2 16624191 97365 1.6 16 10 5 11 46% 40243 12022 2781 125%
c - 1733.89 44 17 100 855 355977 2 16653414 100792 1.6 16 10 5 11 46% 40243 12022 2781 125%
c - 1736.35 44 17 100 856 357214 2 16682655 104269 1.6 16 10 5 11 46% 40243 12022 2781 125%
c
c   seconds    switched        rate             size/glue  tier1     binary         remaining
c           MB    reductions      conflicts           size   tier2       irredundant
c            level       restarts         redundant      glue    trail         variables
c
c - 1738.80 44 18 100 857 358530 3 16711914 105609 1.6 16 10 5 11 46% 40243 12022 2781 125%
c - 1741.23 44 18 100 858 359594 2 16741188 106109 1.6 17 10 5 11 46% 40243 12022 2781 125%
c o 1741.30 44 18 100 858 359595 2 16742053 106860 1.6 17 10 5 11 46% 40243 12022 2781 125%
c - 1743.66 44 18 100 859 360644 2 16770481 105502 1.6 16 10 5 11 46% 40243 12022 2781 125%
c - 1746.09 44 18 100 860 361705 2 16799791 105022 1.6 16 10 5 11 46% 40243 12022 2781 125%
c - 1748.42 44 18 100 861 362519 2 16829116 105344 1.6 16 10 5 11 46% 40243 12022 2781 125%
c - 1750.91 44 18 100 862 363740 2 16858459 105570 1.6 17 10 5 11 46% 40243 12022 2781 125%
c - 1753.27 44 18 100 863 364470 2 16887819 104791 1.6 16 10 5 11 46% 40243 12022 2781 125%
c - 1755.72 44 18 100 864 365590 2 16917196 104988 1.6 16 10 5 11 46% 40243 12022 2781 125%
c - 1758.24 44 18 100 865 366866 2 16946590 105575 1.6 17 10 5 11 46% 40243 12022 2781 125%
c - 1760.62 44 18 100 866 367796 2 16976001 106196 1.7 17 10 5 11 46% 40243 12022 2781 125%
c } 1760.93 44 18 101 866 367903 2 16979747 109545 1.7 17 10 5 11 46% 40243 12022 2781 125%
c [ 1760.93 44 25 101 866 367903 1 16979747 109545 1.8 25 14 6 15 48% 40243 12022 2781 125%
c O 1760.93 44 25 101 866 367903 1 16979747 109545 1.8 25 14 6 15 48% 40243 12022 2781 125%
c - 1763.12 44 23 101 867 367917 1 17005429 105897 1.8 24 13 6 15 48% 40243 12022 2781 125%
c - 1765.69 44 23 101 868 367931 1 17034873 103833 1.9 24 13 6 15 48% 40243 12022 2781 125%
c u 1768.06 44 22 101 868 367933 1 17047711 112603 1.9 25 13 6 15 48% 40243 12022 2781 125%
c v 1769.51 44 22 101 868 367933 1 17047711 101887 1.9 25 13 6 15 48% 40243 12022 2781 125%
c w 1770.02 44 22 101 868 367933 1 17047711 96704 1.9 25 13 6 15 48% 40243 12022 2781 125%
c - 1771.64 44 22 101 869 367936 1 17064334 88293 1.8 24 13 6 15 48% 40243 12022 2781 125%
c
c   seconds    switched        rate            size/glue  tier1     binary         remaining
c           MB    reductions      conflicts          size   tier2       irredundant
c            level       restarts         redundant     glue    trail         variables
c
c - 1774.64 44 21 101 870 367948 1 17093812 96125 1.8 24 13 6 15 48% 40243 12022 2781 125%
c - 1777.52 44 21 101 871 367963 1 17123307 101650 1.8 24 13 6 15 48% 40243 12022 2781 125%
c - 1780.45 44 20 101 872 367965 1 17152819 104658 1.9 23 12 6 15 47% 40243 12022 2781 125%
c - 1783.56 44 21 101 873 367970 1 17182349 104040 1.9 24 13 6 15 47% 40243 12022 2781 125%
c - 1786.53 44 21 101 874 367983 1 17211895 101106 1.9 24 13 6 15 47% 40243 12022 2781 125%
c - 1789.70 44 22 101 875 367995 1 17241458 101293 1.8 24 13 6 15 47% 40243 12022 2781 125%
c - 1792.87 44 21 101 876 368004 1 17271040 103370 1.8 24 13 6 15 46% 40243 12022 2781 125%
c - 1795.76 44 22 101 877 368018 1 17300639 105809 1.9 24 13 6 15 46% 40243 12022 2781 125%
c - 1798.77 44 23 101 878 368027 1 17330254 99143 1.8 25 14 6 15 47% 40243 12022 2781 125%
c caught signal 15 (SIGTERM)
c
c ---- [ profiling ] ---------------------------------------------------------
c
c        1590.97   88.40 %  search
c         805.04   44.73 %  stable
c         785.93   43.67 %  focused
c         208.71   11.60 %  simplify
c         156.50    8.70 %  probe
c         135.79    7.54 %  vivify
c          52.09    2.89 %  walking
c          16.60    0.92 %  sweep
c          15.37    0.85 %  reduce
c           2.04    0.11 %  substitute
c           1.49    0.08 %  transitive
c           0.28    0.02 %  factor
c           0.26    0.01 %  eliminate
c           0.22    0.01 %  backbone
c           0.15    0.01 %  preprocess
c           0.07    0.00 %  congruence
c           0.03    0.00 %  subsume
c           0.01    0.00 %  fastel
c           0.01    0.00 %  parse
c           0.00    0.00 %  lucky
c =============================================
c        1799.84  100.00 %  total
c
c ---- [ statistics ] --------------------------------------------------------
c
c chronological:                           50                0 %  conflicts
c conflicts:                         17340408             9634.42 per second
c decisions:                         34259400                1.98 per conflict
c eliminated:                            6993              316 %  variables
c factored:                              7568              342 %  variables
c fast_eliminated:                       2395               34 %  eliminated
c fast_strengthened:                        1                0 %  per strengthened
c propagations:                    6334999310          3519759    per second
c reductions:                             878            19750    interval
c reordered:                               56           309650    interval
c rephased:                                66           262733    interval
c restarts:                            368027               47    interval
c strengthened:                          5048                1 %  checks
c switched:                               101           171687    interval
c vivified:                            972616               62 %  checks
c walks:                                   22           788200    interval
c
c ---- [ proof ] -------------------------------------------------------------
c
c proof_added:                       17801118               50 %  per line
c proof_bytes:                     1585446912             1512 MB 
c proof_deleted:                     17732158               50 %  per line
c
c ---- [ glue usage ] --------------------------------------------------------
c
c focused glue 5   used  910595 clauses  4.27% accumulated 52.05% tier1
c focused glue 6   used 1078699 clauses  5.05% accumulated 57.10%
c focused glue 7-9 used 4905791 clauses 22.99% accumulated 80.09%
c focused glue 10  used 1421750 clauses  6.66% accumulated 86.75%
c focused glue 11  used  981488 clauses  4.60% accumulated 91.35% tier2
c
c stable glue 6    used 2027119 clauses  6.35% accumulated 55.31% tier1
c stable glue 7    used 1740275 clauses  5.45% accumulated 60.76%
c stable glue 8-13 used 8117191 clauses 25.44% accumulated 86.20%
c stable glue 14   used  866938 clauses  2.72% accumulated 88.92%
c stable glue 15   used  719616 clauses  2.26% accumulated 91.18% tier2
c
c ---- [ resources ] ---------------------------------------------------------
c
c maximum-resident-set-size:         72998912 bytes         70 MB
c process-time:                            30m            1799.84 seconds
c raising signal 15 (SIGTERM)
