c ---- [ banner ] ------------------------------------------------------------
c
c Kissat SAT Solver
c 
c Copyright (c) 2021-2024 Armin Biere University of Freiburg
c Copyright (c) 2019-2021 Armin Biere Johannes Kepler University Linz
c 
c Version 4.0.0 unknown
c gcc (Ubuntu 13.3.0-6ubuntu2~24.04.1) 13.3.0 -W -Wall -O3 -DNDEBUG
c Mon Aug 3 21:56:23 UTC 2026 Linux runnervmvrwv9 6.17.0-1020-azure x86_64
c
c ---- [ proving ] -----------------------------------------------------------
c
c opened and writing proof to DRAT file:
c
c   borsuk_11_k6_q00r00_sixth_base_colorability_screen/work/results/q00r00-s031/q00r00-s031.drat
c
c ---- [ parsing ] -----------------------------------------------------------
c
c opened and reading DIMACS file:
c
c   borsuk_11_k6_q00r00_sixth_base_colorability_screen/work/input/instances/cases/q00r00-s031/q00r00-s031_12color.cnf
c
c parsed 'p cnf 1748 55107' header
c closing input after reading 710739 bytes (694 KB)
c finished parsing after 0.00 seconds
c
c ---- [ solving ] -----------------------------------------------------------
c
c  seconds switched rate     size/glue tier1  binary       remaining
c         MB reductions conflicts size  tier2    irredundant
c          level restarts redundant glue  trail       variables
c
c *  0.00  4 0 0 0  0 0   0   0 0.0 0 0 0 0 0% 54841 255 1737 99%
c (  0.00  4 0 0 0  0 0   0   0 0.0 0 0 0 0 0% 54841 255 1737 99%
c .  0.00  4 0 0 0  0 0   0   0 0.0 0 0 0 0 0% 54841 255 1737 99%
c f  0.08  7 0 0 0  0 0   0   0 0.0 0 0 0 0 0% 24664 255 5086 291%
c e  0.08  6 0 0 0  0 0   0   0 0.0 0 0 0 0 0% 25040 1293 3502 200%
c )  0.08  6 0 0 0  0 0   0   0 0.0 0 0 0 0 0% 25040 1293 3502 200%
c {  0.09  6 0 0 0  0 0   0   0 0.0 0 0 2 6 0% 25040 1293 3502 200%
c -  0.11  7 20 0 1  4 2 1003 695 1.5 18 12 11 15 42% 25040 1293 3502 200%
c }  0.11  7 20 1 1  4 2 1003 695 1.5 18 12 11 15 42% 25040 1293 3502 200%
c [  0.11  7 0 1 1  4 0 1003 695 0.0 0 0 2 6 0% 25040 1293 3502 200%
c B  0.11  7 0 1 1  4 0 1003 695 0.0 0 0 2 6 0% 25040 1293 3502 200%
c ]  0.13  7 23 2 1  4 1 1990 1601 1.4 16 11 2 6 40% 25040 1293 3502 200%
c {  0.13  7 20 2 1  4 2 1990 1601 1.5 18 12 11 15 42% 25040 1293 3502 200%
c -  0.13  7 20 2 2  4 2 2003 1316 1.5 18 12 11 15 42% 25040 1293 3502 200%
c u  0.15  7 20 2 2  4 1 2652 1928 1.7 18 11 11 15 41% 25040 1293 3502 200%
c v  0.15  7 20 2 2  4 1 2652 1848 1.7 18 11 11 15 41% 25040 1293 3502 200%
c f  0.17  8 20 2 2  4 1 2652 1848 1.7 18 11 11 15 41% 23119 1293 4813 275%
c u  0.18  8 20 2 2  4 1 2652 1844 1.7 18 11 11 15 41% 23119 1293 4813 275%
c v  0.18  8 20 2 2  4 1 2652 1832 1.7 18 11 11 15 41% 23119 1293 4813 275%
c }  0.22  8 19 3 2  6 1 2990 2137 1.6 18 11 11 15 40% 23119 1293 4813 275%
c
c  seconds  switched rate       size/glue  tier1    binary        remaining
c         MB reductions conflicts     size   tier2     irredundant
c          level restarts  redundant     glue   trail        variables
c
c [  0.22  8 23 3 2  6 1 2990 2137 1.4 16 11 2 6 40% 23119 1293 4813 275%
c W  0.22  8 23 3 2  6 1 2990 2137 1.4 16 11 2 6 40% 23119 1293 4813 275%
c -  0.23  8 26 3 3  6 1 3417 2454 1.8 20 11 10 14 38% 23119 1293 4813 275%
c ]  0.24  8 27 4 3  6 1 3897 2923 1.8 21 11 10 14 36% 23119 1293 4813 275%
c {  0.24  8 19 4 3  6 1 3897 2923 1.6 18 11 11 15 40% 23119 1293 4813 275%
c -  0.28  9 18 4 4 11 2 5151 3615 1.7 18 10 9 13 36% 23119 1293 4813 275%
c }  0.31  9 19 5 4 122 3 6249 4621 1.7 17 10 9 13 35% 23119 1293 4813 275%
c [  0.31  9 27 5 4 122 1 6249 4621 1.8 21 11 10 14 36% 23119 1293 4813 275%
c I  0.31  9 27 5 4 122 1 6249 4621 1.8 21 11 10 14 36% 23119 1293 4813 275%
c -  0.33  9 39 5 5 122 1 7151 4768 1.8 26 15 10 20 35% 23119 1293 4813 275%
c u  0.37 12 37 5 5 123 1 8203 5791 1.8 26 15 10 20 34% 23119 1293 4813 275%
c v  0.38 12 37 5 5 123 1 8203 5785 1.8 26 15 10 20 34% 23119 1293 4813 275%
c w  0.38 12 37 5 5 123 1 8203 5783 1.8 26 15 10 20 34% 23119 1293 4813 275%
c ]  0.39 10 36 6 5 124 1 8404 5976 1.8 26 14 10 20 34% 23119 1293 4813 275%
c {  0.39 10 19 6 5 124 3 8404 5976 1.7 17 10 9 13 35% 23119 1293 4813 275%
c -  0.42 10 23 6 6 185 3 9387 6230 1.8 18 10 9 13 35% 23119 1293 4813 275%
c o  0.45 11 26 6 6 259 4 10091 6913 1.8 19 10 9 13 34% 23119 1293 4813 275%
c -  0.51 11 31 6 7 432 5 11836 7868 1.9 20 10 9 13 34% 23119 1293 4813 275%
c }  0.53 11 32 7 7 496 5 12474 8488 1.9 20 10 9 13 34% 23119 1293 4813 275%
c [  0.53 11 36 7 7 496 1 12474 8488 1.8 26 14 10 20 34% 23119 1293 4813 275%
c
c  seconds  switched  rate        size/glue  tier1      binary        remaining
c         MB reductions conflicts       size    tier2      irredundant
c          level restarts    redundant     glue     trail        variables
c
c B  0.53 11 36 7 7 496 1 12474 8488 1.8 26 14 10 20 34% 23119 1293 4813 275%
c e  0.56 11 39 7 7 496 1 13256 9234 1.7 26 15 10 20 34% 21236 2782 4571 261%
c ^  0.56 11 39 7 7 496 1 13256 9234 1.7 26 15 10 20 34% 21236 2782 4571 261%
c -  0.60  8 36 7 8 497 1 14482 2752 1.7 26 15 10 21 34% 21236 2782 4571 261%
c ]  0.66  8 31 8 8 498 1 16517 4596 1.8 24 14 10 19 34% 21236 2782 4571 261%
c {  0.66  8 32 8 8 498 5 16517 4596 1.9 20 10 9 13 34% 21236 2782 4571 261%
c u  0.69  9 31 8 8 502 5 16824 4795 1.9 20 10 9 13 34% 21236 2782 4571 261%
c v  0.70  9 31 8 8 502 5 16824 4430 1.9 20 10 9 13 34% 21236 2782 4571 261%
c w  0.70  9 31 8 8 502 5 16824 4068 1.9 20 10 9 13 34% 21236 2782 4571 261%
c -  0.72  8 31 8 9 521 5 17311 4314 1.9 19 10 9 13 33% 21236 2782 4571 261%
c o  0.81  9 28 8 9 744 4 20105 6801 1.8 19 10 9 13 33% 21236 2782 4571 261%
c -  0.82  9 28 8 10 792 5 20311 6553 1.8 19 10 9 13 33% 21236 2782 4571 261%
c }  0.89  9 27 9 10 947 4 22677 8838 1.8 19 10 9 13 32% 21236 2782 4571 261%
c [  0.89  9 31 9 10 947 1 22677 8838 1.8 24 14 10 19 34% 21236 2782 4571 261%
c W  0.90  8 31 9 10 947 1 22677 8838 1.8 24 14 10 19 34% 21236 2782 4571 261%
c -  0.92  9 30 9 11 947 1 23473 8547 1.8 25 14 10 18 34% 21236 2782 4571 261%
c e  1.04 10 27 9 11 949 1 26618 11528 1.8 24 13 10 17 34% 20990 3695 3644 208%
c ^  1.04 10 27 9 11 949 1 26618 11528 1.8 24 13 10 17 34% 20990 3695 3644 208%
c -  1.05 11 27 9 12 950 1 26790 6659 1.8 24 13 10 17 34% 20990 3695 3644 208%
c ]  1.10 11 26 10 12 951 1 28399 8169 1.8 23 13 10 17 34% 20990 3695 3644 208%
c
c  seconds   switched   rate        size/glue  tier1     binary        remaining
c         MB   reductions conflicts       size   tier2      irredundant
c          level   restarts    redundant     glue    trail        variables
c
c {  1.10 11 27 10 12 951 4 28399 8169 1.8 19 10 9 13 32% 20990 3695 3644 208%
c u  1.13 11 27 10 12 972 4 28717 8442 1.9 19 10 9 13 33% 20990 3695 3644 208%
c v  1.15 11 27 10 12 972 4 28717 8211 1.9 19 10 9 13 33% 20990 3695 3644 208%
c w  1.15 11 27 10 12 972 4 28717 8089 1.9 19 10 9 13 33% 20990 3695 3644 208%
c f  1.23 11 27 10 12 972 4 28717 8089 1.9 19 10 9 13 33% 20889 3691 3679 210%
c u  1.24 11 27 10 12 972 4 28717 8067 1.9 19 10 9 13 33% 20889 3691 3679 210%
c v  1.25 11 27 10 12 972 4 28717 8028 1.9 19 10 9 13 33% 20889 3691 3679 210%
c w  1.25 11 27 10 12 972 4 28717 7966 1.9 19 10 9 13 33% 20889 3691 3679 210%
c x  1.26 11 27 10 12 972 4 28717 7965 1.9 19 10 9 13 33% 20889 3691 3679 210%
c -  1.32 11 27 10 13 1135 4 30256 8503 1.8 19 10 9 13 33% 20889 3691 3679 210%
c -  1.42 11 26 10 14 1352 4 33862 10695 1.8 19 11 9 13 33% 20889 3691 3679 210%
c }  1.52 11 25 11 14 1607 4 37028 13726 1.8 19 11 9 13 34% 20889 3691 3679 210%
c [  1.52 11 26 11 14 1607 1 37028 13726 1.8 23 13 10 17 34% 20889 3691 3679 210%
c O  1.52 11 26 11 14 1607 1 37028 13726 1.8 23 13 10 17 34% 20889 3691 3679 210%
c -  1.54 11 26 11 15 1607 1 37603 12482 1.7 23 13 10 17 34% 20889 3691 3679 210%
c -  1.67 11 24 11 16 1610 1 41476 14135 1.7 22 13 10 16 35% 20889 3691 3679 210%
c u  1.78 11 23 11 16 1612 1 44001 16301 1.7 22 13 10 16 35% 20889 3691 3679 210%
c v  1.80 15 23 11 16 1612 1 44001 16233 1.7 22 13 10 16 35% 20889 3691 3679 210%
c w  1.81 15 23 11 16 1612 1 44001 15710 1.7 22 13 10 16 35% 20889 3691 3679 210%
c o  1.81 15 23 11 16 1612 1 44001 15710 1.7 22 13 10 16 35% 20889 3691 3679 210%
c
c  seconds   switched    rate         size/glue  tier1      binary        remaining
c         MB   reductions  conflicts        size    tier2      irredundant
c          level    restarts     redundant     glue     trail        variables
c
c ]  1.84 12 27 12 16 1612 1 44816 16515 1.7 23 13 10 16 35% 20889 3691 3679 210%
c {  1.84 12 25 12 16 1612 4 44816 16515 1.8 19 11 9 13 34% 20889 3691 3679 210%
c -  1.86 13 25 12 17 1670 4 45476 14846 1.8 19 11 9 13 34% 20889 3691 3679 210%
c -  1.99 13 25 12 18 1907 4 49600 16521 1.8 19 11 9 13 34% 20889 3691 3679 210%
c -  2.12 13 24 12 19 2117 4 53842 18306 1.8 19 11 9 13 34% 20889 3691 3679 210%
c e  2.19 12 24 12 19 2253 4 55519 19935 1.8 19 11 9 13 34% 21153 4023 3339 191%
c ^  2.19 12 24 12 19 2253 4 55519 19935 1.8 19 11 9 13 34% 21153 4023 3339 191%
c }  2.22 13 24 13 19 2323 4 56295 18910 1.8 19 11 9 13 34% 21153 4023 3339 191%
c [  2.22 13 27 13 19 2323 1 56295 18910 1.7 23 13 10 16 35% 21153 4023 3339 191%
c B  2.22 13 27 13 19 2323 1 56295 18910 1.7 23 13 10 16 35% 21153 4023 3339 191%
c -  2.28 12 29 13 20 2324 1 58200 18299 1.7 23 14 10 17 35% 21153 4023 3339 191%
c -  2.42 14 28 13 21 2328 1 62672 20073 1.7 23 14 10 17 36% 21153 4023 3339 191%
c u  2.46 12 28 13 21 2328 1 62804 20046 1.7 23 14 10 17 36% 21153 4023 3339 191%
c v  2.48 14 28 13 21 2328 1 62804 19938 1.7 23 14 10 17 36% 21153 4023 3339 191%
c w  2.49 14 28 13 21 2328 1 62804 19909 1.7 23 14 10 17 36% 21153 4023 3339 191%
c f  2.50 14 28 13 21 2328 1 62804 19909 1.7 23 14 10 17 36% 21143 4023 3341 191%
c u  2.53 11 28 13 21 2328 1 62804 19731 1.7 23 14 10 17 36% 21143 4023 3341 191%
c v  2.55 11 28 13 21 2328 1 62804 19683 1.7 23 14 10 17 36% 21143 4023 3341 191%
c w  2.56 11 28 13 21 2328 1 62804 19645 1.7 23 14 10 17 36% 21143 4023 3341 191%
c ]  2.77 11 26 14 21 2329 1 67076 23576 1.7 23 13 10 17 36% 21143 4023 3341 191%
c
c  seconds   switched    rate         size/glue  tier1     binary        remaining
c         MB   reductions  conflicts        size   tier2      irredundant
c          level    restarts     redundant     glue    trail        variables
c
c {  2.77 11 24 14 21 2329 4 67076 23576 1.8 19 11 9 13 34% 21143 4023 3341 191%
c -  2.78 12 24 14 22 2340 4 67254 21655 1.8 19 11 9 13 34% 21143 4023 3341 191%
c -  2.93 12 24 14 23 2574 4 71944 23490 1.7 19 11 9 13 35% 21143 4023 3341 191%
c o  3.01 12 24 14 23 2661 4 74472 25883 1.7 19 11 9 13 35% 21143 4023 3341 191%
c -  3.09 12 23 14 24 2781 4 76741 25426 1.7 18 11 9 13 35% 21143 4023 3341 191%
c -  3.24 12 23 14 25 2906 4 81639 27411 1.7 18 11 9 13 35% 21143 4023 3341 191%
c }  3.25 12 23 15 25 2925 4 81791 27558 1.7 18 11 9 13 35% 21143 4023 3341 191%
c [  3.25 12 26 15 25 2925 1 81791 27558 1.7 23 13 10 17 36% 21143 4023 3341 191%
c W  3.26 12 26 15 25 2925 1 81791 27558 1.7 23 13 10 17 36% 21143 4023 3341 191%
c u  3.41 13 26 15 25 2927 1 85216 30614 1.7 23 13 10 17 37% 21143 4023 3341 191%
c v  3.43 13 26 15 25 2927 1 85216 30486 1.7 23 13 10 17 37% 21143 4023 3341 191%
c w  3.44 13 26 15 25 2927 1 85216 30468 1.7 23 13 10 17 37% 21143 4023 3341 191%
c x  3.45 13 26 15 25 2927 1 85216 30463 1.7 23 13 10 17 37% 21143 4023 3341 191%
c -  3.52 14 25 15 26 2928 1 86641 29290 1.7 23 13 9 16 37% 21143 4023 3341 191%
c -  3.71 14 24 15 27 2931 1 91743 31890 1.8 22 13 9 16 37% 21143 4023 3341 191%
c ]  3.81 14 23 16 27 2932 1 94359 34237 1.8 22 12 9 16 37% 21143 4023 3341 191%
c {  3.81 14 23 16 27 2932 4 94359 34237 1.7 18 11 9 13 35% 21143 4023 3341 191%
c -  3.92 14 23 16 28 3163 4 96942 34128 1.7 18 11 9 13 36% 21143 4023 3341 191%
c e  4.10 15 22 16 28 3429 4 101986 38849 1.7 18 11 9 13 36% 22077 4920 2773 159%
c ^  4.10 15 22 16 28 3429 4 101986 38849 1.7 18 11 9 13 36% 22077 4920 2773 159%
c
c  seconds   switched    rate          size/glue  tier1     binary        remaining
c         MB   reductions  conflicts         size   tier2      irredundant
c          level    restarts      redundant     glue    trail        variables
c
c -  4.12 15 22 16 29 3429 4 102234 22236 1.7 18 11 8 13 36% 22077 4920 2773 159%
c -  4.29 15 22 16 30 3803 4 107620 26366 1.7 18 11 9 13 36% 22077 4920 2773 159%
c u  4.44 15 22 16 30 3976 3 111406 29439 1.7 18 11 9 13 37% 22077 4920 2773 159%
c v  4.48 15 22 16 30 3976 3 111406 29114 1.7 18 11 9 13 37% 22077 4920 2773 159%
c w  4.49 15 22 16 30 3976 3 111406 29090 1.7 18 11 9 13 37% 22077 4920 2773 159%
c f  4.51 15 22 16 30 3976 3 111406 29090 1.7 18 11 9 13 37% 22061 4918 2775 159%
c u  4.55 15 22 16 30 3976 3 111406 27659 1.7 18 11 9 13 37% 22061 4918 2775 159%
c v  4.58 15 22 16 30 3976 3 111406 27510 1.7 18 11 9 13 37% 22061 4918 2775 159%
c w  4.59 15 22 16 30 3976 3 111406 27484 1.7 18 11 9 13 37% 22061 4918 2775 159%
c }  4.64 15 22 17 30 4015 3 112699 28685 1.7 18 11 9 13 37% 22061 4918 2775 159%
c [  4.64 15 23 17 30 4015 1 112699 28685 1.8 22 12 9 16 37% 22061 4918 2775 159%
c I  4.64 15 23 17 30 4015 1 112699 28685 1.8 22 12 9 16 37% 22061 4918 2775 159%
c -  4.66 16 24 17 31 4015 1 113097 27689 1.8 22 13 9 15 37% 22061 4918 2775 159%
c o  4.72 16 25 17 31 4017 1 114751 29295 1.8 23 13 9 15 37% 22061 4918 2775 159%
c -  4.84 16 33 17 32 4019 1 118665 29132 1.7 25 14 9 17 38% 22061 4918 2775 159%
c -  5.03 16 32 17 33 4021 1 124321 31538 1.7 24 14 9 17 38% 22061 4918 2775 159%
c -  5.24 16 31 17 34 4025 1 130065 34722 1.7 24 14 9 17 39% 22061 4918 2775 159%
c ]  5.25 16 30 18 34 4026 1 130370 35003 1.7 24 14 9 17 39% 22061 4918 2775 159%
c {  5.25 16 22 18 34 4026 3 130370 35003 1.7 18 11 9 13 37% 22061 4918 2775 159%
c -  5.46 17 21 18 35 4030 3 135895 33338 1.8 19 10 8 12 38% 22061 4918 2775 159%
c
c  seconds   switched    rate          size/glue  tier1     binary        remaining
c         MB   reductions  conflicts         size   tier2      irredundant
c          level    restarts      redundant     glue    trail        variables
c
c u  5.69 17 20 18 35 4033 3 141275 38272 1.8 18 10 8 12 38% 22061 4918 2775 159%
c v  5.73 23 20 18 35 4033 3 141275 37726 1.8 18 10 8 12 38% 22061 4918 2775 159%
c w  5.75 23 20 18 35 4033 3 141275 37698 1.8 18 10 8 12 38% 22061 4918 2775 159%
c -  5.78 19 20 18 36 4034 3 141812 33209 1.8 18 10 8 12 38% 22061 4918 2775 159%
c -  5.98 20 19 18 37 4035 3 147812 34473 1.8 18 10 8 12 38% 22061 4918 2775 159%
c }  6.15 20 19 19 37 4037 3 152718 38574 1.8 18 10 8 12 39% 22061 4918 2775 159%
c [  6.15 20 30 19 37 4037 1 152718 38574 1.7 24 14 9 17 39% 22061 4918 2775 159%
c B  6.15 20 30 19 37 4037 1 152718 38574 1.7 24 14 9 17 39% 22061 4918 2775 159%
c -  6.20 19 31 19 38 4038 1 153894 35780 1.7 24 14 9 17 39% 22061 4918 2775 159%
c -  6.41 19 29 19 39 4042 1 160058 37705 1.7 24 14 9 17 39% 22061 4918 2775 159%
c -  6.63 20 28 19 40 4045 1 166302 40108 1.7 23 13 9 16 39% 22061 4918 2775 159%
c e  6.70 17 28 19 40 4046 1 167619 41341 1.7 23 13 9 16 39% 23481 6284 2331 133%
c ^  6.70 17 28 19 40 4046 1 167619 41341 1.7 23 13 9 16 39% 23481 6284 2331 133%
c o  6.71 18 28 19 40 4046 1 167619 27130 1.7 23 13 9 16 39% 23481 6284 2331 133%
c -  6.88 21 31 19 41 4049 1 172626 28525 1.7 24 14 9 16 40% 23481 6284 2331 133%
c W  6.92 19 31 19 41 4050 1 173629 29507 1.7 24 14 9 16 40% 23481 6284 2331 133%
c u  7.02 19 31 19 41 4050 1 175086 30648 1.8 24 14 9 16 40% 23481 6284 2331 133%
c v  7.07 19 31 19 41 4050 1 175086 29493 1.8 24 14 9 16 40% 23481 6284 2331 133%
c w  7.08 19 31 19 41 4050 1 175086 29468 1.8 24 14 9 16 40% 23481 6284 2331 133%
c ]  7.32 19 31 20 41 4050 1 175347 29724 1.8 24 14 9 16 40% 23481 6284 2331 133%
c
c  seconds   switched    rate          size/glue  tier1     binary        remaining
c         MB   reductions  conflicts         size   tier2      irredundant
c          level    restarts      redundant     glue    trail        variables
c
c {  7.32 19 19 20 41 4050 3 175347 29724 1.8 18 10 8 12 39% 23481 6284 2331 133%
c -  7.44 19 19 20 42 4251 3 179029 30231 1.8 18 10 8 12 39% 23481 6284 2331 133%
c -  7.67 19 19 20 43 4867 3 185509 33442 1.8 18 10 8 12 40% 23481 6284 2331 133%
c -  7.90 19 19 20 44 5345 3 192067 35894 1.7 18 10 8 12 40% 23481 6284 2331 133%
c -  8.12 19 19 20 45 5579 3 198700 37828 1.8 18 10 8 12 41% 23481 6284 2331 133%
c }  8.23 19 19 21 45 5701 3 202087 40911 1.8 18 10 8 12 41% 23481 6284 2331 133%
c [  8.23 19 31 21 45 5701 1 202087 40911 1.8 24 14 9 16 40% 23481 6284 2331 133%
c O  8.23 19 31 21 45 5701 1 202087 40911 1.8 24 14 9 16 40% 23481 6284 2331 133%
c -  8.34 19 30 21 46 5703 1 205409 39435 1.8 24 14 9 16 41% 23481 6284 2331 133%
c -  8.58 19 29 21 47 5707 1 212191 41059 1.8 24 13 9 16 42% 23481 6284 2331 133%
c u  8.64 25 29 21 47 5707 1 212644 41387 1.8 24 13 9 16 42% 23481 6284 2331 133%
c v  8.68 25 29 21 47 5707 1 212644 40625 1.8 24 13 9 16 42% 23481 6284 2331 133%
c w  8.69 25 29 21 47 5707 1 212644 39881 1.8 24 13 9 16 42% 23481 6284 2331 133%
c -  8.97 22 27 21 48 5711 1 219046 41185 1.8 23 13 9 16 42% 23481 6284 2331 133%
c -  9.24 23 26 21 49 5714 1 225975 43897 1.8 23 13 9 16 43% 23481 6284 2331 133%
c ]  9.26 23 26 22 49 5714 1 226606 44464 1.8 23 13 9 16 43% 23481 6284 2331 133%
c {  9.26 23 19 22 49 5714 3 226606 44464 1.8 18 10 8 12 41% 23481 6284 2331 133%
c o  9.33 22 19 22 49 5964 3 227624 45472 1.8 18 10 8 12 41% 23481 6284 2331 133%
c -  9.70 25 22 22 50 7393 4 232975 45167 1.8 19 11 8 12 42% 23481 6284 2331 133%
c - 10.20 23 25 22 51 9280 5 240048 45625 1.8 19 11 8 12 42% 23481 6284 2331 133%
c
c  seconds   switched     rate          size/glue  tier1     binary        remaining
c         MB   reductions   conflicts         size   tier2      irredundant
c          level    restarts       redundant     glue    trail        variables
c
c - 10.73 25 28 22 52 10941 6 247189 46251 1.8 20 11 8 12 42% 23481 6284 2331 133%
c e 11.23 20 30 22 52 12316 6 253811 52833 1.8 21 12 8 12 43% 25919 8070 1983 113%
c ! 11.24 20 30 22 52 12316 6 253811 52833 1.8 21 12 8 12 43% 25919 8070 1983 113%
c u 11.36 23 30 22 52 12404 6 254270 33118 1.8 21 12 8 12 43% 25919 8070 1983 113%
c v 11.44 23 30 22 52 12404 6 254270 32797 1.8 21 12 8 12 43% 25919 8070 1983 113%
c w 11.48 23 30 22 52 12404 6 254270 32781 1.8 21 12 8 12 43% 25919 8070 1983 113%
c f 11.52 19 30 22 52 12404 6 254270 32781 1.8 21 12 8 12 43% 25416 7963 2017 115%
c u 11.61 22 30 22 52 12404 6 254270 32171 1.8 21 12 8 12 43% 25416 7963 2017 115%
c v 11.69 23 30 22 52 12404 6 254270 31929 1.8 21 12 8 12 43% 25416 7963 2017 115%
c w 11.72 23 30 22 52 12404 6 254270 31901 1.8 21 12 8 12 43% 25416 7963 2017 115%
c - 11.75 21 30 22 53 12431 6 254403 28458 1.8 21 12 8 13 43% 25416 7963 2017 115%
c } 11.97 22 31 23 53 13213 7 258122 32154 1.8 21 12 8 13 43% 25416 7963 2017 115%
c [ 11.97 22 26 23 53 13213 1 258122 32154 1.8 23 13 9 16 43% 25416 7963 2017 115%
c B 11.97 22 26 23 53 13213 1 258122 32154 1.8 23 13 9 16 43% 25416 7963 2017 115%
c - 12.09 22 27 23 54 13215 1 261684 31240 1.8 23 13 9 16 43% 25416 7963 2017 115%
c - 12.35 22 26 23 55 13219 1 269034 34829 1.8 23 13 9 16 44% 25416 7963 2017 115%
c - 12.63 22 26 23 56 13224 1 276451 37373 1.8 23 13 9 16 45% 25416 7963 2017 115%
c - 12.95 23 25 23 57 13227 1 283936 38926 1.8 24 13 9 16 46% 25416 7963 2017 115%
c W 13.20 19 25 23 57 13227 1 289572 44327 1.9 24 13 9 16 46% 25416 7963 2017 115%
c - 13.29 19 25 23 58 13228 1 291486 40240 1.9 24 13 9 16 46% 25416 7963 2017 115%
c
c  seconds   switched     rate          size/glue  tier1     binary        remaining
c         MB   reductions   conflicts         size   tier2      irredundant
c          level    restarts       redundant     glue    trail        variables
c
c - 13.57 19 25 23 59 13233 1 299104 41059 1.9 24 13 9 16 47% 25416 7963 2017 115%
c u 13.67 19 25 23 59 13234 1 299678 41273 1.9 24 13 9 16 47% 25416 7963 2017 115%
c v 13.74 25 25 23 59 13234 1 299678 40513 1.9 24 13 9 16 47% 25416 7963 2017 115%
c w 13.76 25 25 23 59 13234 1 299678 40131 1.9 24 13 9 16 47% 25416 7963 2017 115%
c o 13.78 25 25 23 59 13234 1 299678 40131 1.9 24 13 9 16 47% 25416 7963 2017 115%
c - 14.03 22 29 23 60 13237 1 306785 39849 1.8 25 14 9 16 47% 25416 7963 2017 115%
c - 14.33 23 28 23 61 13241 1 314532 40802 1.8 24 14 9 16 48% 25416 7963 2017 115%
c ] 14.43 22 28 24 61 13242 1 316984 43085 1.8 24 14 9 16 48% 25416 7963 2017 115%
c { 14.43 22 31 24 61 13242 7 316984 43085 1.8 21 12 8 13 43% 25416 7963 2017 115%
c - 14.62 25 30 24 62 13276 6 322343 43358 1.8 21 12 8 13 43% 25416 7963 2017 115%
c - 14.89 23 29 24 63 13302 6 330221 44993 1.8 20 11 8 13 44% 25416 7963 2017 115%
c - 15.16 25 28 24 64 13357 5 338160 46523 1.8 20 11 8 12 44% 25416 7963 2017 115%
c - 15.43 23 27 24 65 13390 5 346160 48558 1.8 20 11 8 12 45% 25416 7963 2017 115%
c u 15.61 25 26 24 65 13409 5 349279 51005 1.8 20 11 8 12 45% 25416 7963 2017 115%
c v 15.68 25 26 24 65 13409 5 349279 49544 1.8 20 11 8 12 45% 25416 7963 2017 115%
c w 15.70 25 26 24 65 13409 5 349279 49314 1.8 20 11 8 12 45% 25416 7963 2017 115%
c } 15.86 23 26 25 65 13433 5 353661 53590 1.8 20 11 8 12 45% 25416 7963 2017 115%
c [ 15.86 23 28 25 65 13433 1 353661 53590 1.8 24 14 9 16 48% 25416 7963 2017 115%
c I 15.86 23 28 25 65 13433 1 353661 53590 1.8 24 14 9 16 48% 25416 7963 2017 115%
c - 15.89 23 28 25 66 13433 1 354222 48797 1.8 24 14 9 16 48% 25416 7963 2017 115%
c
c  seconds   switched     rate          size/glue  tier1     binary        remaining
c         MB   reductions   conflicts         size   tier2      irredundant
c          level    restarts       redundant     glue    trail        variables
c
c e 16.16 19 29 25 66 13438 1 361634 55940 1.8 25 14 9 16 48% 25467 7981 2012 115%
c - 16.20 22 29 25 67 13439 1 362346 50884 1.8 25 14 9 16 48% 25467 7981 2012 115%
c - 16.52 25 28 25 68 13443 1 370531 52231 1.8 25 14 9 16 48% 25467 7981 2012 115%
c - 16.89 25 27 25 69 13447 1 378777 53800 1.8 25 14 9 16 48% 25467 7981 2012 115%
c ] 17.12 23 27 26 69 13447 1 384184 58860 1.8 25 13 9 16 48% 25467 7981 2012 115%
c { 17.12 23 26 26 69 13447 5 384184 58860 1.8 20 11 8 12 45% 25467 7981 2012 115%
c - 17.25 25 25 26 70 13456 5 387083 56123 1.8 20 11 8 12 45% 25467 7981 2012 115%
c o 17.53 25 24 26 70 13459 4 393389 61804 1.8 20 11 8 12 46% 25467 7981 2012 115%
c - 17.61 25 24 26 71 13498 4 395450 57748 1.8 19 11 8 12 46% 25467 7981 2012 115%
c u 17.98 23 24 26 71 13600 4 403144 64234 1.8 19 11 8 12 46% 25467 7981 2012 115%
c v 18.07 23 24 26 71 13600 4 403144 61924 1.8 19 11 8 12 46% 25467 7981 2012 115%
c w 18.10 23 24 26 71 13600 4 403144 61278 1.8 19 11 8 12 46% 25467 7981 2012 115%
c f 18.44 23 24 26 71 13600 4 403144 61278 1.8 19 11 8 12 46% 25450 7981 2013 115%
c u 18.51 23 24 26 71 13600 4 403144 60203 1.8 19 11 8 12 46% 25450 7981 2013 115%
c v 18.57 23 24 26 71 13600 4 403144 60129 1.8 19 11 8 12 46% 25450 7981 2013 115%
c w 18.60 23 24 26 71 13600 4 403144 60002 1.8 19 11 8 12 46% 25450 7981 2013 115%
c - 18.68 23 24 26 72 13604 4 403876 56293 1.8 19 11 8 12 46% 25450 7981 2013 115%
c - 18.98 23 23 26 73 13692 4 412362 60855 1.8 19 11 8 12 46% 25450 7981 2013 115%
c - 19.28 23 22 26 74 13810 4 420908 63436 1.8 19 11 8 12 47% 25450 7981 2013 115%
c } 19.49 23 22 27 74 13911 4 426403 68395 1.8 19 11 8 12 47% 25450 7981 2013 115%
c
c  seconds   switched     rate          size/glue  tier1     binary        remaining
c         MB   reductions   conflicts         size   tier2      irredundant
c          level    restarts       redundant     glue    trail        variables
c
c [ 19.49 23 27 27 74 13911 1 426403 68395 1.8 25 13 9 16 48% 25450 7981 2013 115%
c B 19.49 23 27 27 74 13911 1 426403 68395 1.8 25 13 9 16 48% 25450 7981 2013 115%
c - 19.61 23 26 27 75 13913 1 429511 64708 1.8 25 13 9 16 48% 25450 7981 2013 115%
c - 19.96 23 26 27 76 13917 1 438173 65311 1.8 24 13 9 16 49% 25450 7981 2013 115%
c - 20.32 23 25 27 77 13923 1 446892 66574 1.8 24 13 9 16 49% 25450 7981 2013 115%
c - 20.74 24 25 27 78 13925 1 455667 67625 1.9 25 13 9 16 49% 25450 7981 2013 115%
c u 21.12 24 25 27 78 13928 1 461324 72816 1.9 25 13 9 16 49% 25450 7981 2013 115%
c v 21.22 34 25 27 78 13928 1 461324 72735 1.9 25 13 9 16 49% 25450 7981 2013 115%
c w 21.26 34 25 27 78 13928 1 461324 72625 1.9 25 13 9 16 49% 25450 7981 2013 115%
c ] 21.39 30 25 28 78 13929 1 463731 74916 1.9 25 13 9 16 49% 25450 7981 2013 115%
c { 21.40 30 22 28 78 13929 4 463731 74916 1.8 19 11 8 12 47% 25450 7981 2013 115%
c - 21.44 30 22 28 79 13949 4 464499 67378 1.8 19 11 8 12 47% 25450 7981 2013 115%
c - 21.79 30 21 28 80 14014 3 473387 68343 1.8 19 10 8 12 47% 25450 7981 2013 115%
c - 22.13 30 21 28 81 14216 3 482331 70351 1.8 19 10 8 12 47% 25450 7981 2013 115%
c o 22.21 30 21 28 81 14261 3 484224 72032 1.8 19 10 8 12 47% 25450 7981 2013 115%
c - 22.50 30 21 28 82 14519 3 491331 73224 1.8 18 10 8 12 47% 25450 7981 2013 115%
c - 22.88 28 20 28 83 14831 3 500386 76130 1.8 18 10 8 12 48% 25450 7981 2013 115%
c - 23.26 30 20 28 84 15046 3 509499 78853 1.8 18 10 8 12 48% 25450 7981 2013 115%
c } 23.35 30 20 29 84 15088 3 511870 81023 1.8 18 10 8 12 48% 25450 7981 2013 115%
c [ 23.35 30 25 29 84 15088 1 511870 81023 1.9 25 13 9 16 49% 25450 7981 2013 115%
c
c  seconds   switched     rate          size/glue  tier1     binary        remaining
c         MB   reductions   conflicts         size   tier2      irredundant
c          level    restarts       redundant     glue    trail        variables
c
c W 23.36 24 25 29 84 15088 1 511870 81023 1.9 25 13 9 16 49% 25450 7981 2013 115%
c - 23.64 24 25 29 85 15093 1 518667 80859 1.9 25 13 8 16 49% 25450 7981 2013 115%
c u 23.99 36 24 29 85 15094 1 523900 84378 1.9 24 13 8 16 49% 25450 7981 2013 115%
c v 24.09 36 24 29 85 15094 1 523900 81092 1.9 24 13 8 16 49% 25450 7981 2013 115%
c w 24.13 36 24 29 85 15094 1 523900 79542 1.9 24 13 8 16 49% 25450 7981 2013 115%
c - 24.32 32 24 29 86 15097 1 527886 76797 1.9 24 13 8 16 49% 25450 7981 2013 115%
c - 24.74 32 23 29 87 15102 1 537159 80140 1.8 24 13 8 16 49% 25450 7981 2013 115%
c - 25.21 33 23 29 88 15104 1 546487 83250 1.8 23 13 8 15 49% 25450 7981 2013 115%
c ] 25.58 33 22 30 88 15109 1 554810 91138 1.8 23 13 8 15 49% 25450 7981 2013 115%
c { 25.58 33 20 30 88 15109 3 554810 91138 1.8 18 10 8 12 48% 25450 7981 2013 115%
c - 25.65 33 20 30 89 15141 3 555867 84823 1.8 18 10 8 12 48% 25450 7981 2013 115%
c - 26.07 33 20 30 90 15334 3 565301 86284 1.8 18 10 8 12 48% 25450 7981 2013 115%
c - 26.47 34 19 30 91 15511 3 574787 87921 1.8 18 10 8 12 48% 25450 7981 2013 115%
c - 26.90 33 19 30 92 15844 3 584326 90127 1.8 18 10 8 12 48% 25450 7981 2013 115%
c o 27.13 34 19 30 92 15859 3 590600 95326 1.8 18 10 8 12 48% 25450 7981 2013 115%
c u 27.30 37 19 30 92 15894 3 590924 93278 1.8 18 10 8 12 48% 25450 7981 2013 115%
c v 27.41 37 19 30 92 15894 3 590924 91092 1.8 18 10 8 12 48% 25450 7981 2013 115%
c w 27.45 37 19 30 92 15894 3 590924 90858 1.8 18 10 8 12 48% 25450 7981 2013 115%
c - 27.60 33 19 30 93 15963 3 593917 86908 1.8 18 10 8 12 48% 25450 7981 2013 115%
c - 28.03 33 18 30 94 16349 3 603560 88352 1.7 18 10 8 12 48% 25450 7981 2013 115%
c
c  seconds   switched     rate          size/glue  tier1     binary        remaining
c         MB   reductions   conflicts         size   tier2      irredundant
c          level    restarts       redundant     glue    trail        variables
c
c } 28.27 33 18 31 94 16530 3 609245 93460 1.7 17 10 8 12 48% 25450 7981 2013 115%
c [ 28.27 33 22 31 94 16530 1 609245 93460 1.8 23 13 8 15 49% 25450 7981 2013 115%
c O 28.27 33 22 31 94 16530 1 609245 93460 1.8 23 13 8 15 49% 25450 7981 2013 115%
c - 28.45 34 22 31 95 16532 1 613257 91146 1.8 23 13 8 15 49% 25450 7981 2013 115%
c - 28.90 34 21 31 96 16538 1 623003 92282 1.8 23 12 8 15 49% 25450 7981 2013 115%
c - 29.36 35 21 31 97 16543 1 632802 92616 1.8 22 12 8 15 49% 25450 7981 2013 115%
c - 29.84 35 20 31 98 16545 1 642651 93855 1.8 22 12 8 15 49% 25450 7981 2013 115%
c - 30.33 36 20 31 99 16551 1 652554 95177 1.8 22 12 8 15 50% 25450 7981 2013 115%
c ] 30.69 36 20 32 99 16556 1 659763 101811 1.8 22 12 8 15 50% 25450 7981 2013 115%
c { 30.69 36 18 32 99 16556 3 659763 101811 1.7 17 10 8 12 48% 25450 7981 2013 115%
c u 31.01 39 18 32 99 16753 3 662450 100811 1.7 17 10 8 12 48% 25450 7981 2013 115%
c v 31.15 41 18 32 99 16753 3 662450 95206 1.7 17 10 8 12 48% 25450 7981 2013 115%
c w 31.20 41 18 32 99 16753 3 662450 91990 1.7 17 10 8 12 48% 25450 7981 2013 115%
c - 31.23 35 18 32 100 16764 3 662503 85965 1.7 17 10 8 12 48% 25450 7981 2013 115%
c - 31.66 35 18 32 101 16999 3 672505 89391 1.7 17 10 8 12 48% 25450 7981 2013 115%
c - 32.08 36 18 32 102 17220 2 682554 91900 1.7 17 10 8 12 48% 25450 7981 2013 115%
c - 32.53 36 18 32 103 17465 2 692653 93430 1.7 17 10 8 12 48% 25450 7981 2013 115%
c o 32.99 35 18 32 103 17946 2 702127 102363 1.7 17 10 8 12 48% 25450 7981 2013 115%
c - 33.05 35 18 32 104 18063 2 702801 95310 1.7 17 10 8 12 48% 25450 7981 2013 115%
c - 33.55 37 18 32 105 18593 2 712999 96802 1.7 17 10 8 12 48% 25450 7981 2013 115%
c
c  seconds   switched      rate           size/glue  tier1     binary        remaining
c         MB   reductions    conflicts          size   tier2      irredundant
c          level     restarts       redundant      glue    trail        variables
c
c } 33.91 36 18 33 105 18813 2 720868 103674 1.7 17 10 8 12 48% 25450 7981 2013 115%
c [ 33.91 36 20 33 105 18813 1 720868 103674 1.8 22 12 8 15 50% 25450 7981 2013 115%
c B 33.91 36 20 33 105 18813 1 720868 103674 1.8 22 12 8 15 50% 25450 7981 2013 115%
c - 34.04 36 20 33 106 18815 1 723245 97293 1.8 22 12 8 15 50% 25450 7981 2013 115%
c - 34.52 36 20 33 107 18820 1 733541 98436 1.8 22 12 8 15 50% 25450 7981 2013 115%
c u 34.96 39 20 33 107 18824 1 738528 101560 1.8 22 12 8 15 50% 25450 7981 2013 115%
c v 35.10 39 20 33 107 18824 1 738528 99058 1.8 22 12 8 15 50% 25450 7981 2013 115%
c w 35.16 39 20 33 107 18824 1 738528 97998 1.8 22 12 8 15 50% 25450 7981 2013 115%
c - 35.47 35 20 33 108 18826 1 743887 94956 1.8 22 12 8 15 50% 25450 7981 2013 115%
c - 36.08 35 20 33 109 18828 1 754281 97921 1.9 22 12 8 15 50% 25450 7981 2013 115%
c - 36.76 37 19 33 110 18834 1 764722 99626 1.8 22 12 8 15 50% 25450 7981 2013 115%
c ] 37.15 35 19 34 110 18839 1 771254 105705 1.8 22 12 8 15 50% 25450 7981 2013 115%
c { 37.15 35 18 34 110 18839 2 771254 105705 1.7 17 10 8 12 48% 25450 7981 2013 115%
c - 37.41 35 17 34 111 18846 2 775211 98856 1.7 17 10 8 12 49% 25450 7981 2013 115%
c - 38.03 36 16 34 112 18846 2 785746 97371 1.7 16 10 8 12 49% 25450 7981 2013 115%
c - 38.67 37 16 34 113 18846 2 796329 77264 1.7 16 9 7 12 49% 25450 7981 2013 115%
c - 39.13 35 15 34 114 18909 2 806961 74228 1.7 16 9 7 12 49% 25450 7981 2013 115%
c - 39.57 35 15 34 115 18931 2 817638 76713 1.7 16 9 7 11 49% 25450 7981 2013 115%
c u 39.81 29 15 34 115 18932 2 819213 68008 1.7 16 9 7 11 49% 25450 7981 2013 115%
c v 39.97 39 15 34 115 18932 2 819213 66420 1.7 16 9 7 11 49% 25450 7981 2013 115%
c
c  seconds   switched      rate          size/glue tier1     binary        remaining
c         MB   reductions    conflicts         size  tier2      irredundant
c          level     restarts       redundant    glue    trail        variables
c
c w 40.02 39 15 34 115 18932 2 819213 66244 1.7 16 9 7 11 49% 25450 7981 2013 115%
c o 40.84 35 15 34 115 18950 2 823037 69458 1.7 16 9 7 11 49% 25450 7981 2013 115%
c - 41.06 35 14 34 116 19002 2 828361 67340 1.7 16 9 7 11 49% 25450 7981 2013 115%
c - 41.47 35 14 34 117 19070 2 839133 69290 1.7 15 9 7 11 49% 25450 7981 2013 115%
c } 41.48 33 14 35 117 19070 2 839401 69508 1.7 15 9 7 11 49% 25450 7981 2013 115%
c [ 41.48 33 19 35 117 19070 1 839401 69508 1.8 22 12 8 15 50% 25450 7981 2013 115%
c W 41.58 29 19 35 117 19070 1 839401 69508 1.8 22 12 8 15 50% 25450 7981 2013 115%
c - 42.00 29 19 35 118 19076 1 849949 71310 1.8 22 12 7 15 50% 25450 7981 2013 115%
c - 42.53 29 19 35 119 19083 1 860811 73449 1.8 22 12 7 15 50% 25450 7981 2013 115%
c - 43.11 29 20 35 120 19084 1 871719 73536 1.8 22 12 7 15 51% 25450 7981 2013 115%
c - 43.72 29 20 35 121 19091 1 882673 72925 1.8 22 12 7 15 51% 25450 7981 2013 115%
c - 44.39 29 20 35 122 19098 1 893674 71883 1.8 22 12 7 14 51% 25450 7981 2013 115%
c ] 44.83 29 19 36 122 19099 1 900964 78479 1.8 22 12 7 14 51% 25450 7981 2013 115%
c { 44.83 29 14 36 122 19099 2 900964 78479 1.7 15 9 7 11 49% 25450 7981 2013 115%
c u 45.18 39 14 36 122 19477 2 904557 80708 1.7 15 9 7 11 49% 25450 7981 2013 115%
c v 45.30 39 14 36 122 19477 2 904557 73393 1.7 15 9 7 11 49% 25450 7981 2013 115%
c w 45.35 39 14 36 122 19477 2 904557 66870 1.7 15 9 7 11 49% 25450 7981 2013 115%
c - 45.44 35 14 36 123 19512 2 904719 60497 1.7 15 9 7 11 49% 25450 7981 2013 115%
c - 46.01 35 15 36 124 21087 2 915809 65043 1.7 16 9 7 11 49% 25450 7981 2013 115%
c - 46.55 35 15 36 125 22180 2 926945 69468 1.7 16 9 7 11 49% 25450 7981 2013 115%
c
c  seconds   switched      rate          size/glue  tier1     binary        remaining
c         MB   reductions    conflicts         size   tier2      irredundant
c          level     restarts       redundant     glue    trail        variables
c
c - 47.12 35 16 36 126 23439 2 938128 71120 1.7 16 10 7 11 49% 25450 7981 2013 115%
c - 47.69 35 16 36 127 24525 3 949352 72322 1.6 16 10 7 11 49% 25450 7981 2013 115%
c o 47.87 35 16 36 127 24672 2 953480 76113 1.7 16 10 7 11 49% 25450 7981 2013 115%
c - 48.19 35 16 36 128 25098 3 960622 73852 1.6 16 10 7 11 49% 25450 7981 2013 115%
c - 48.71 35 17 36 129 25920 3 971936 75018 1.6 16 10 7 11 49% 25450 7981 2013 115%
c } 48.92 35 17 37 129 26217 3 976521 79252 1.6 16 10 7 11 49% 25450 7981 2013 115%
c [ 48.92 35 19 37 129 26217 1 976521 79252 1.8 22 12 7 14 51% 25450 7981 2013 115%
c I 48.92 35 19 37 129 26217 1 976521 79252 1.8 22 12 7 14 51% 25450 7981 2013 115%
c - 49.21 35 21 37 130 26222 1 983293 74795 1.8 23 12 7 15 51% 25450 7981 2013 115%
c u 49.86 39 21 37 130 26228 1 994607 85229 1.8 23 13 7 15 51% 25450 7981 2013 115%
c v 50.03 39 21 37 130 26228 1 994607 85014 1.8 23 13 7 15 51% 25450 7981 2013 115%
c w 50.09 39 21 37 130 26228 1 994607 83396 1.8 23 13 7 15 51% 25450 7981 2013 115%
c - 50.12 33 21 37 131 26228 1 994695 73303 1.8 23 13 7 15 51% 25450 7981 2013 115%
c - 50.66 35 21 37 132 26231 1 1006140 74504 1.8 23 13 7 15 51% 25450 7981 2013 115%
c - 51.22 37 21 37 133 26238 1 1017629 75819 1.9 23 13 7 15 51% 25450 7981 2013 115%
c - 51.83 35 21 37 134 26244 1 1029162 76835 1.9 23 12 7 15 50% 25450 7981 2013 115%
c - 52.41 37 21 37 135 26246 1 1040739 77240 1.9 23 12 7 15 50% 25450 7981 2013 115%
c B 52.58 35 21 37 135 26247 1 1044205 80554 1.9 23 12 7 15 50% 25450 7981 2013 115%
c - 52.99 37 23 37 136 26247 1 1052357 74857 1.9 24 13 7 15 50% 25450 7981 2013 115%
c ] 53.11 35 24 38 136 26247 1 1054503 76922 1.9 24 13 7 15 50% 25450 7981 2013 115%
c
c  seconds   switched      rate           size/glue  tier1     binary        remaining
c         MB   reductions     conflicts         size   tier2      irredundant
c          level     restarts        redundant     glue    trail        variables
c
c { 53.11 35 17 38 136 26247 3 1054503 76922 1.6 16 10 7 11 49% 25450 7981 2013 115%
c - 54.01 37 20 38 137 28254 3 1064018 72228 1.7 17 10 7 12 49% 25450 7981 2013 115%
c - 55.17 37 23 38 138 30732 4 1075723 71853 1.7 19 11 7 12 49% 25450 7981 2013 115%
c - 56.37 37 26 38 139 33220 5 1087472 71929 1.7 20 12 7 12 49% 25450 7981 2013 115%
c u 56.80 37 27 38 139 33629 5 1089419 73334 1.7 20 12 7 12 49% 25450 7981 2013 115%
c v 57.00 37 27 38 139 33629 5 1089419 72962 1.7 20 12 7 12 49% 25450 7981 2013 115%
c w 57.08 37 27 38 139 33629 5 1089419 72934 1.7 20 12 7 12 49% 25450 7981 2013 115%
c o 57.50 35 28 38 139 34485 5 1093489 76977 1.7 21 12 7 12 49% 25450 7981 2013 115%
c - 58.13 37 29 38 140 35704 6 1099263 71452 1.7 21 12 7 12 49% 25450 7981 2013 115%
c - 59.34 37 32 38 141 38137 6 1111096 71805 1.7 22 13 7 12 49% 25450 7981 2013 115%
c - 60.56 37 34 38 142 40483 7 1122970 71841 1.8 23 13 7 12 49% 25450 7981 2013 115%
c - 61.78 37 36 38 143 42750 7 1134890 71483 1.8 24 14 7 12 49% 25450 7981 2013 115%
c } 62.03 35 36 39 143 43157 7 1137838 74406 1.8 24 14 7 12 49% 25450 7981 2013 115%
c [ 62.03 35 24 39 143 43157 1 1137838 74406 1.9 24 13 7 15 50% 25450 7981 2013 115%
c W 62.24 29 24 39 143 43157 1 1137838 74406 1.9 24 13 7 15 50% 25450 7981 2013 115%
c - 62.67 29 25 39 144 43163 1 1146852 70557 1.9 25 14 7 15 51% 25450 7981 2013 115%
c - 63.24 29 25 39 145 43170 1 1158855 71565 1.9 25 13 7 15 51% 25450 7981 2013 115%
c - 63.83 29 25 39 146 43172 1 1170898 71232 1.9 26 14 7 15 51% 25450 7981 2013 115%
c - 64.49 29 25 39 147 43179 1 1182983 69266 1.9 26 14 7 15 52% 25450 7981 2013 115%
c u 65.07 29 25 39 147 43183 1 1189018 74206 1.9 26 14 7 15 52% 25450 7981 2013 115%
c
c  seconds   switched      rate           size/glue  tier1     binary        remaining
c         MB   reductions     conflicts         size   tier2      irredundant
c          level     restarts        redundant     glue    trail        variables
c
c v 65.35 29 25 39 147 43183 1 1189018 74162 1.9 26 14 7 15 52% 25450 7981 2013 115%
c w 65.46 39 25 39 147 43183 1 1189018 74016 1.9 26 14 7 15 52% 25450 7981 2013 115%
c - 65.84 35 25 39 148 43185 1 1195107 65755 1.9 26 14 7 15 52% 25450 7981 2013 115%
c - 66.49 35 25 39 149 43187 1 1207272 65913 1.9 27 14 7 15 52% 25450 7981 2013 115%
c O 66.96 35 25 39 149 43187 1 1216266 74721 1.9 27 14 7 15 52% 25450 7981 2013 115%
c - 67.13 35 25 39 150 43187 1 1219478 67214 1.9 27 14 7 15 52% 25450 7981 2013 115%
c - 67.75 35 24 39 151 43194 1 1231725 69589 1.9 26 14 7 15 52% 25450 7981 2013 115%
c - 68.41 37 24 39 152 43201 1 1244013 70401 1.9 26 14 7 15 52% 25450 7981 2013 115%
c - 69.13 35 23 39 153 43205 1 1256341 70764 1.9 26 13 7 15 52% 25450 7981 2013 115%
c - 69.90 35 23 39 154 43212 1 1268711 71473 1.9 25 13 7 15 52% 25450 7981 2013 115%
c - 70.65 35 22 39 155 43217 1 1281120 71146 1.9 25 13 7 15 51% 25450 7981 2013 115%
c u 71.62 39 22 39 155 43218 1 1293456 82696 1.9 25 13 7 15 51% 25450 7981 2013 115%
c v 71.85 39 22 39 155 43218 1 1293456 80885 1.9 25 13 7 15 51% 25450 7981 2013 115%
c w 71.93 39 22 39 155 43218 1 1293456 79590 1.9 25 13 7 15 51% 25450 7981 2013 115%
c o 71.95 39 22 39 155 43218 1 1293456 79590 1.9 25 13 7 15 51% 25450 7981 2013 115%
c - 71.97 33 22 39 156 43218 1 1293569 68585 1.9 25 13 7 15 51% 25450 7981 2013 115%
c ] 72.05 35 25 40 156 43218 1 1295096 70085 1.9 26 14 7 15 51% 25450 7981 2013 115%
c { 72.05 35 36 40 156 43218 7 1295096 70085 1.8 24 14 7 12 49% 25450 7981 2013 115%
c - 72.51 37 34 40 157 43228 6 1306059 70183 1.8 24 13 7 12 49% 25450 7981 2013 115%
c - 73.09 35 33 40 158 43231 6 1318589 71930 1.8 24 13 7 12 49% 25450 7981 2013 115%
c
c  seconds   switched      rate           size/glue  tier1     binary        remaining
c         MB   reductions     conflicts         size   tier2      irredundant
c          level     restarts        redundant     glue    trail        variables
c
c - 73.65 35 31 40 159 43235 5 1331158 72979 1.8 23 13 7 12 49% 25450 7981 2013 115%
c - 74.19 35 29 40 160 43276 5 1343768 73602 1.8 23 12 7 12 49% 25450 7981 2013 115%
c - 74.76 35 27 40 161 43282 4 1356417 74644 1.8 22 12 7 12 50% 25450 7981 2013 115%
c - 75.32 37 26 40 162 43344 4 1369105 74933 1.8 22 12 7 12 49% 25450 7981 2013 115%
c - 75.87 35 25 40 163 43420 4 1381832 75850 1.8 21 12 7 12 49% 25450 7981 2013 115%
c } 76.08 35 24 41 163 43439 4 1386568 80164 1.8 21 11 7 12 49% 25450 7981 2013 115%
c [ 76.08 35 25 41 163 43439 1 1386568 80164 1.9 26 14 7 15 51% 25450 7981 2013 115%
c B 76.08 35 25 41 163 43439 1 1386568 80164 1.9 26 14 7 15 51% 25450 7981 2013 115%
c - 76.47 37 26 41 164 43444 1 1394599 74402 1.8 26 14 7 15 51% 25450 7981 2013 115%
c u 77.08 37 26 41 164 43448 1 1402790 81578 1.8 26 14 7 15 51% 25450 7981 2013 115%
c v 77.27 37 26 41 164 43448 1 1402790 81249 1.8 26 14 7 15 51% 25450 7981 2013 115%
c w 77.34 39 26 41 164 43448 1 1402790 80414 1.8 26 14 7 15 51% 25450 7981 2013 115%
c - 77.61 35 26 41 165 43452 1 1407406 70565 1.8 26 14 7 15 51% 25450 7981 2013 115%
c - 78.34 35 26 41 166 43454 1 1420252 70348 1.8 26 14 7 15 52% 25450 7981 2013 115%
c - 79.09 35 25 41 167 43462 1 1433136 70760 1.8 26 14 7 15 52% 25450 7981 2013 115%
c - 79.82 35 25 41 168 43468 1 1446059 71350 1.8 26 14 7 15 52% 25450 7981 2013 115%
c ] 80.51 35 24 42 168 43469 1 1457379 82144 1.9 26 14 7 15 52% 25450 7981 2013 115%
c { 80.51 35 24 42 168 43469 4 1457379 82144 1.8 21 11 7 12 49% 25450 7981 2013 115%
c o 80.56 35 24 42 168 43473 4 1458154 82869 1.8 21 11 7 12 49% 25450 7981 2013 115%
c - 80.62 35 24 42 169 43507 4 1459022 73234 1.8 21 11 7 12 49% 25450 7981 2013 115%
c
c  seconds   switched      rate           size/glue  tier1     binary        remaining
c         MB   reductions     conflicts         size   tier2      irredundant
c          level     restarts        redundant     glue    trail        variables
c
c - 81.19 35 23 42 170 43560 3 1472026 76039 1.8 20 11 7 12 49% 25450 7981 2013 115%
c - 81.80 37 22 42 171 43718 3 1485064 77294 1.8 20 11 7 12 49% 25450 7981 2013 115%
c - 82.37 37 22 42 172 43885 3 1498140 78691 1.8 20 11 7 12 49% 25450 7981 2013 115%
c - 82.95 37 21 42 173 43954 3 1511254 79696 1.8 19 11 7 12 49% 25450 7981 2013 115%
c u 83.45 37 21 42 173 44018 3 1517012 84169 1.8 19 11 7 12 49% 25450 7981 2013 115%
c v 83.66 39 21 42 173 44018 3 1517012 80383 1.8 19 11 7 12 49% 25450 7981 2013 115%
c w 83.73 39 21 42 173 44018 3 1517012 80060 1.8 19 11 7 12 49% 25450 7981 2013 115%
c - 84.06 35 20 42 174 44042 3 1524408 76034 1.8 19 11 7 12 49% 25450 7981 2013 115%
c - 84.64 37 20 42 175 44204 3 1537599 79537 1.8 19 11 7 12 49% 25450 7981 2013 115%
c - 85.22 37 19 42 176 44438 3 1550827 83627 1.8 19 11 7 12 49% 25450 7981 2013 115%
c } 85.51 35 19 43 176 44508 2 1557352 89298 1.7 18 10 7 12 49% 25450 7981 2013 115%
c [ 85.51 35 24 43 176 44508 1 1557352 89298 1.9 26 14 7 15 52% 25450 7981 2013 115%
c W 85.81 29 24 43 176 44508 1 1557352 89298 1.9 26 14 7 15 52% 25450 7981 2013 115%
c - 86.14 29 24 43 177 44513 1 1564094 85714 1.9 26 14 7 15 52% 25450 7981 2013 115%
c - 86.79 29 23 43 178 44520 1 1577401 87021 1.9 25 14 7 15 52% 25450 7981 2013 115%
c - 87.48 29 23 43 179 44523 1 1590742 88995 1.9 25 13 7 15 52% 25450 7981 2013 115%
c - 88.31 29 22 43 180 44531 1 1604121 89998 1.9 25 13 7 15 52% 25450 7981 2013 115%
c - 89.16 29 21 43 181 44537 1 1617537 91008 1.9 25 13 7 15 52% 25450 7981 2013 115%
c - 90.01 29 21 43 182 44538 1 1630990 91338 1.9 24 13 7 15 51% 25450 7981 2013 115%
c ] 90.23 29 21 44 182 44538 1 1635398 95663 1.9 24 13 7 15 52% 25450 7981 2013 115%
c
c  seconds   switched      rate           size/glue  tier1     binary        remaining
c         MB   reductions     conflicts         size   tier2      irredundant
c          level     restarts        redundant     glue    trail        variables
c
c { 90.23 29 19 44 182 44538 2 1635398 95663 1.7 18 10 7 12 49% 25450 7981 2013 115%
c u 90.54 39 19 44 182 44545 2 1636204 94781 1.7 18 10 7 12 49% 25450 7981 2013 115%
c v 90.78 39 19 44 182 44545 2 1636204 84997 1.7 18 10 7 12 49% 25450 7981 2013 115%
c w 90.87 39 19 44 182 44545 2 1636204 83061 1.7 18 10 7 12 49% 25450 7981 2013 115%
c o 91.85 39 19 44 182 44545 2 1636204 83061 1.7 18 10 7 12 49% 25450 7981 2013 115%
c - 92.30 37 19 44 183 44801 2 1644482 83226 1.8 18 10 7 12 49% 25450 7981 2013 115%
c - 92.92 37 18 44 184 45008 2 1658011 89796 1.7 18 10 7 12 49% 25450 7981 2013 115%
c - 93.57 37 18 44 185 45409 2 1671579 92306 1.7 18 10 7 12 49% 25450 7981 2013 115%
c - 94.21 37 18 44 186 45707 2 1685181 93929 1.7 18 10 7 12 49% 25450 7981 2013 115%
c - 94.86 37 18 44 187 45884 2 1698819 95115 1.7 18 10 7 12 49% 25450 7981 2013 115%
c - 95.60 35 18 44 188 46509 2 1712494 95730 1.7 18 10 7 12 49% 25450 7981 2013 115%
c - 96.27 37 18 44 189 46810 2 1726207 96205 1.7 18 10 7 12 49% 25450 7981 2013 115%
c - 96.98 37 18 44 190 47331 2 1739954 96708 1.7 18 10 7 12 49% 25450 7981 2013 115%
c } 97.18 37 17 45 190 47376 2 1744232 100556 1.7 18 10 7 12 49% 25450 7981 2013 115%
c [ 97.18 37 21 45 190 47376 1 1744232 100556 1.9 24 13 7 15 52% 25450 7981 2013 115%
c I 97.18 37 21 45 190 47376 1 1744232 100556 1.9 24 13 7 15 52% 25450 7981 2013 115%
c - 97.66 37 23 45 191 47382 1 1753738 94869 1.9 25 13 7 15 51% 25450 7981 2013 115%
c u 98.17 39 23 45 191 47385 1 1760390 101012 2.0 26 13 7 15 52% 25450 7981 2013 115%
c v 98.33 39 23 45 191 47385 1 1760390 100467 2.0 26 13 7 15 52% 25450 7981 2013 115%
c w 98.39 39 23 45 191 47385 1 1760390 100424 2.0 26 13 7 15 52% 25450 7981 2013 115%
c
c  seconds   switched      rate           size/glue  tier1     binary        remaining
c         MB   reductions     conflicts         size   tier2      irredundant
c          level     restarts        redundant     glue    trail        variables
c
c - 98.85 37 24 45 192 47389 1 1767560 90463 2.0 27 13 7 15 51% 25450 7981 2013 115%
c - 99.59 37 25 45 193 47394 1 1781416 88992 2.0 27 14 7 15 51% 25450 7981 2013 115%
c - 100.42 37 25 45 194 47402 1 1795308 88695 2.0 28 14 7 15 51% 25450 7981 2013 115%
c - 101.24 37 24 45 195 47405 1 1809239 90333 2.0 28 14 7 15 51% 25450 7981 2013 115%
c - 102.12 37 25 45 196 47406 1 1823206 91044 2.0 28 14 7 15 51% 25450 7981 2013 115%
c - 102.96 35 24 45 197 47413 1 1837206 91429 2.0 28 14 7 15 51% 25450 7981 2013 115%
c ] 103.13 35 24 46 197 47415 1 1840447 94549 2.0 28 14 7 15 51% 25450 7981 2013 115%
c { 103.13 35 17 46 197 47415 2 1840447 94549 1.7 18 10 7 12 49% 25450 7981 2013 115%
c o 103.14 35 18 46 197 47422 2 1840485 94587 1.7 18 10 7 12 49% 25450 7981 2013 115%
c - 103.73 37 17 46 198 47903 2 1851242 94506 1.7 17 10 7 12 49% 25450 7981 2013 115%
c - 104.50 37 17 46 199 48517 2 1865313 97884 1.7 17 10 7 12 49% 25450 7981 2013 115%
c - 105.27 37 17 46 200 49140 2 1879421 100048 1.7 17 10 7 12 49% 25450 7981 2013 115%
c u 106.11 39 17 46 200 49648 2 1889598 108783 1.7 17 10 7 12 49% 25450 7981 2013 115%
c v 106.37 41 17 46 200 49648 2 1889598 107783 1.7 17 10 7 12 49% 25450 7981 2013 115%
c w 106.46 41 17 46 200 49648 2 1889598 107656 1.7 17 10 7 12 49% 25450 7981 2013 115%
c - 106.70 37 17 46 201 49798 2 1893566 99688 1.7 17 10 7 12 49% 25450 7981 2013 115%
c - 107.41 37 17 46 202 50211 2 1907745 100508 1.7 17 10 7 12 49% 25450 7981 2013 115%
c - 108.12 37 17 46 203 50706 2 1921957 102049 1.7 17 10 7 12 49% 25450 7981 2013 115%
c - 108.88 37 17 46 204 51288 2 1936204 103384 1.7 17 10 7 12 49% 25450 7981 2013 115%
c - 109.68 39 17 46 205 52009 2 1950486 104088 1.7 17 10 7 12 49% 25450 7981 2013 115%
c
c  seconds    switched      rate            size/glue  tier1     binary        remaining
c          MB   reductions     conflicts          size   tier2      irredundant
c           level     restarts        redundant      glue    trail        variables
c
c } 110.14 37 17 47 205 52504 2 1958493 111374 1.7 17 10 7 12 49% 25450 7981 2013 115%
c [ 110.14 37 24 47 205 52504 1 1958493 111374 2.0 28 14 7 15 51% 25450 7981 2013 115%
c B 110.14 37 24 47 205 52504 1 1958493 111374 2.0 28 14 7 15 51% 25450 7981 2013 115%
c - 110.48 37 25 47 206 52509 1 1964805 103802 2.0 28 14 7 15 51% 25450 7981 2013 115%
c - 111.38 37 24 47 207 52517 1 1979157 102327 2.0 27 14 7 15 51% 25450 7981 2013 115%
c - 112.26 35 24 47 208 52521 1 1993547 102767 2.0 27 14 7 15 51% 25450 7981 2013 115%
c - 113.25 39 23 47 209 52529 1 2007970 104323 2.0 26 13 7 15 51% 25450 7981 2013 115%
c - 114.13 37 23 47 210 52533 1 2022426 103302 2.0 27 14 7 15 51% 25450 7981 2013 115%
c u 114.52 41 23 47 210 52533 1 2023853 103192 2.0 27 14 7 15 51% 25450 7981 2013 115%
c v 114.82 41 23 47 210 52533 1 2023853 97821 2.0 27 14 7 15 51% 25450 7981 2013 115%
c w 114.93 41 23 47 210 52533 1 2023853 97126 2.0 27 14 7 15 51% 25450 7981 2013 115%
c - 115.78 37 24 47 211 52534 1 2036917 97692 2.0 27 14 7 15 51% 25450 7981 2013 115%
c - 116.82 37 23 47 212 52541 1 2051444 99459 2.0 27 14 7 15 51% 25450 7981 2013 115%
c ] 117.17 35 23 48 212 52544 1 2056679 104454 2.0 27 14 7 15 51% 25450 7981 2013 115%
c { 117.17 35 17 48 212 52544 2 2056679 104454 1.7 17 10 7 12 49% 25450 7981 2013 115%
c o 117.18 37 17 48 212 52558 2 2056747 104520 1.7 17 10 7 12 49% 25450 7981 2013 115%
c - 117.82 39 17 48 213 53235 2 2066005 102303 1.7 17 10 7 12 49% 25450 7981 2013 115%
c - 118.55 37 17 48 214 53503 2 2080600 104544 1.7 17 10 7 12 49% 25450 7981 2013 115%
c - 119.39 39 17 48 215 54374 2 2095228 105779 1.7 17 10 7 12 49% 25450 7981 2013 115%
c - 120.16 39 17 48 216 55016 2 2109892 107008 1.7 17 10 7 12 49% 25450 7981 2013 115%
c
c  seconds    switched      rate            size/glue  tier1     binary        remaining
c          MB   reductions     conflicts          size   tier2      irredundant
c           level     restarts        redundant      glue    trail        variables
c
c - 120.99 39 17 48 217 55813 2 2124588 107660 1.7 17 10 7 12 49% 25450 7981 2013 115%
c - 121.77 39 17 48 218 56433 2 2139318 107906 1.7 17 10 7 12 49% 25450 7981 2013 115%
c - 122.64 37 17 48 219 57415 2 2154083 108456 1.7 17 10 7 12 49% 25450 7981 2013 115%
c u 123.47 39 17 48 219 57844 2 2163209 116291 1.7 17 10 7 12 49% 25450 7981 2013 115%
c v 123.77 41 17 48 219 57844 2 2163209 115770 1.7 17 10 7 12 49% 25450 7981 2013 115%
c w 123.87 41 17 48 219 57844 2 2163209 115694 1.7 17 10 7 12 49% 25450 7981 2013 115%
c - 124.20 39 17 48 220 58057 2 2168882 108177 1.7 17 10 7 12 49% 25450 7981 2013 115%
c - 124.99 35 17 48 221 58599 2 2183714 107854 1.7 17 10 7 12 49% 25450 7981 2013 115%
c } 125.03 37 17 49 221 58658 2 2184289 108373 1.7 17 10 7 12 49% 25450 7981 2013 115%
c [ 125.03 37 23 49 221 58658 1 2184289 108373 2.0 27 14 7 15 51% 25450 7981 2013 115%
c W 125.52 29 23 49 221 58658 1 2184289 108373 2.0 27 14 7 15 51% 25450 7981 2013 115%
c - 126.20 29 23 49 222 58666 1 2198581 108119 2.0 26 14 7 15 51% 25450 7981 2013 115%
c - 127.01 39 22 49 223 58672 1 2213481 109870 2.0 26 13 7 15 51% 25450 7981 2013 115%
c - 127.83 37 22 49 224 58679 1 2228415 110356 1.9 25 13 7 15 51% 25450 7981 2013 115%
c - 128.67 39 22 49 225 58687 1 2243383 109820 1.9 25 13 7 15 52% 25450 7981 2013 115%
c - 129.62 37 21 49 226 58688 1 2258383 110782 1.9 25 13 7 15 52% 25450 7981 2013 115%
c - 130.53 37 21 49 227 58694 1 2273417 111145 1.9 25 13 7 15 52% 25450 7981 2013 115%
c o 130.93 37 21 49 227 58697 1 2279603 116904 1.9 24 13 7 15 51% 25450 7981 2013 115%
c - 131.38 37 22 49 228 58702 1 2288483 111170 1.9 24 13 7 15 51% 25450 7981 2013 115%
c O 131.89 39 22 49 228 58703 1 2298628 120947 1.9 24 13 7 15 51% 25450 7981 2013 115%
c
c  seconds    switched      rate            size/glue  tier1     binary        remaining
c          MB   reductions     conflicts          size   tier2      irredundant
c           level     restarts        redundant      glue    trail        variables
c
c - 132.14 39 22 49 229 58707 1 2303583 112257 1.9 24 13 7 15 51% 25450 7981 2013 115%
c u 132.65 41 22 49 229 58710 1 2307690 115243 1.9 24 13 7 15 51% 25450 7981 2013 115%
c v 132.96 41 22 49 229 58710 1 2307690 114335 1.9 24 13 7 15 51% 25450 7981 2013 115%
c w 133.07 41 22 49 229 58710 1 2307690 113690 1.9 24 13 7 15 51% 25450 7981 2013 115%
c ] 133.42 37 22 50 229 58713 1 2314277 120012 1.9 24 13 7 15 51% 25450 7981 2013 115%
c { 133.42 37 17 50 229 58713 2 2314277 120012 1.7 17 10 7 12 49% 25450 7981 2013 115%
c - 133.65 37 17 50 230 58721 2 2318715 109875 1.7 17 10 7 12 49% 25450 7981 2013 115%
c - 134.43 39 16 50 231 58730 2 2333880 109775 1.7 16 10 7 12 49% 25450 7981 2013 115%
c - 135.21 39 15 50 232 58753 2 2349080 109032 1.7 16 10 7 11 49% 25450 7981 2013 115%
c - 136.03 37 15 50 233 58756 2 2364311 107487 1.6 16 10 7 11 49% 25450 7981 2013 115%
c - 136.88 37 14 50 234 58762 2 2379575 106314 1.6 15 9 7 11 49% 25450 7981 2013 115%
c - 137.70 37 14 50 235 58800 2 2394873 107293 1.6 15 9 7 11 49% 25450 7981 2013 115%
c - 138.50 37 13 50 236 58910 2 2410202 109594 1.6 15 9 7 11 49% 25450 7981 2013 115%
c - 139.25 39 13 50 237 58950 2 2425564 111559 1.6 15 9 7 11 49% 25450 7981 2013 115%
c - 139.97 37 12 50 238 58975 1 2440958 113261 1.6 15 9 7 11 49% 25450 7981 2013 115%
c } 140.53 39 12 51 238 59075 1 2451803 122283 1.6 14 9 7 11 49% 25450 7981 2013 115%
c [ 140.53 39 22 51 238 59075 1 2451803 122283 1.9 24 13 7 15 51% 25450 7981 2013 115%
c B 140.53 39 22 51 238 59075 1 2451803 122283 1.9 24 13 7 15 51% 25450 7981 2013 115%
c - 140.78 39 22 51 239 59078 1 2456388 116509 1.9 24 13 7 15 51% 25450 7981 2013 115%
c u 141.14 39 22 51 239 59079 1 2457348 113297 1.9 24 13 7 15 51% 25450 7981 2013 115%
c
c  seconds    switched      rate            size/glue  tier1     binary        remaining
c          MB   reductions     conflicts          size   tier2      irredundant
c           level     restarts        redundant      glue    trail        variables
c
c v 141.42 41 22 51 239 59079 1 2457348 109242 1.9 24 13 7 15 51% 25450 7981 2013 115%
c w 141.52 41 22 51 239 59079 1 2457348 109025 1.9 24 13 7 15 51% 25450 7981 2013 115%
c - 142.30 37 22 51 240 59087 1 2471847 113272 1.9 24 13 7 15 51% 25450 7981 2013 115%
c - 143.26 39 21 51 241 59092 1 2487338 117904 1.9 24 12 7 15 51% 25450 7981 2013 115%
c - 144.19 39 21 51 242 59101 1 2502862 120522 1.9 23 12 7 15 51% 25450 7981 2013 115%
c - 145.21 41 20 51 243 59105 1 2518418 120347 1.9 23 12 6 15 51% 25450 7981 2013 115%
c - 146.17 41 20 51 244 59106 1 2534006 117828 1.9 23 12 6 15 51% 25450 7981 2013 115%
c - 147.19 39 20 51 245 59115 1 2549628 114694 1.9 23 12 6 15 52% 25450 7981 2013 115%
c - 148.18 41 19 51 246 59120 1 2565280 115408 1.9 23 12 6 15 52% 25450 7981 2013 115%
c ] 148.70 39 19 52 246 59126 1 2573683 123105 1.9 22 12 6 15 52% 25450 7981 2013 115%
c { 148.70 39 12 52 246 59126 1 2573683 123105 1.6 14 9 7 11 49% 25450 7981 2013 115%
c o 148.71 39 12 52 246 59135 1 2573722 123142 1.6 14 9 7 11 49% 25450 7981 2013 115%
c - 149.25 41 13 52 247 60094 2 2580964 115334 1.6 15 9 7 11 49% 25450 7981 2013 115%
c - 150.47 41 14 52 248 62622 2 2596681 115128 1.6 15 9 7 11 49% 25450 7981 2013 115%
c u 151.86 43 15 52 248 64099 2 2612189 125477 1.6 15 10 7 11 49% 25450 7981 2013 115%
c v 152.23 43 15 52 248 64099 2 2612189 124154 1.6 15 10 7 11 49% 25450 7981 2013 115%
c w 152.36 43 15 52 248 64099 2 2612189 123147 1.6 15 10 7 11 49% 25450 7981 2013 115%
c - 152.41 39 15 52 249 64127 2 2612429 110278 1.6 15 10 7 11 49% 25450 7981 2013 115%
c - 153.47 39 15 52 250 65583 2 2628208 110268 1.6 15 10 7 11 49% 25450 7981 2013 115%
c - 154.46 41 16 52 251 66862 2 2644020 109957 1.6 16 10 7 11 49% 25450 7981 2013 115%
c
c  seconds    switched      rate            size/glue  tier1     binary        remaining
c          MB   reductions     conflicts          size   tier2      irredundant
c           level     restarts        redundant      glue    trail        variables
c
c - 155.44 41 16 52 252 67972 3 2659862 109937 1.6 16 10 7 11 49% 25450 7981 2013 115%
c - 156.40 41 16 52 253 68906 3 2675737 111295 1.6 16 10 7 11 49% 25450 7981 2013 115%
c - 157.32 39 16 52 254 69765 3 2691643 91213 1.6 16 10 6 11 49% 25450 7981 2013 115%
c - 158.23 37 16 52 255 70666 3 2707580 86449 1.6 16 10 6 11 49% 25450 7981 2013 115%
c } 158.96 39 16 53 255 71206 3 2721472 98989 1.6 16 10 6 11 49% 25450 7981 2013 115%
c [ 158.96 39 19 53 255 71206 1 2721472 98989 1.9 22 12 6 15 52% 25450 7981 2013 115%
c W 159.61 31 19 53 255 71206 1 2721472 98989 1.9 22 12 6 15 52% 25450 7981 2013 115%
c - 159.74 31 19 53 256 71208 1 2723549 85849 1.9 22 12 6 15 52% 25450 7981 2013 115%
c - 160.57 31 19 53 257 71217 1 2739551 86494 1.9 22 12 6 15 51% 25450 7981 2013 115%
c - 161.41 31 19 53 258 71222 1 2755583 86450 1.8 22 12 6 15 51% 25450 7981 2013 115%
c - 162.34 31 19 53 259 71231 1 2771647 86192 1.8 22 12 6 15 51% 25450 7981 2013 115%
c u 162.69 41 19 53 259 71232 1 2772255 85388 1.8 22 12 6 15 51% 25450 7981 2013 115%
c v 163.04 41 19 53 259 71232 1 2772255 83929 1.8 22 12 6 15 51% 25450 7981 2013 115%
c w 163.16 41 19 53 259 71232 1 2772255 82666 1.8 22 12 6 15 51% 25450 7981 2013 115%
c - 164.04 39 19 53 260 71236 1 2787743 84585 1.8 22 12 6 15 51% 25450 7981 2013 115%
c - 164.97 37 18 53 261 71237 1 2803869 86743 1.8 22 12 6 15 51% 25450 7981 2013 115%
c - 165.95 39 19 53 262 71247 1 2820025 86793 1.8 22 12 6 15 51% 25450 7981 2013 115%
c - 166.96 39 18 53 263 71251 1 2836211 86525 1.8 22 12 6 15 50% 25450 7981 2013 115%
c - 167.96 39 18 53 264 71261 1 2852429 86071 1.8 21 12 6 14 50% 25450 7981 2013 115%
c I 168.15 37 18 53 264 71264 1 2855711 89003 1.8 21 12 6 14 50% 25450 7981 2013 115%
c
c  seconds    switched      rate           size/glue  tier1     binary        remaining
c          MB   reductions     conflicts         size   tier2      irredundant
c           level     restarts        redundant     glue    trail        variables
c
c o 168.15 37 18 53 264 71264 1 2855711 89003 1.8 21 12 6 14 50% 25450 7981 2013 115%
c - 168.81 39 22 53 265 71266 1 2868677 82724 1.8 23 13 6 15 50% 25450 7981 2013 115%
c ] 169.43 37 23 54 265 71267 1 2880275 93840 1.8 24 13 6 15 50% 25450 7981 2013 115%
c { 169.43 37 16 54 265 71267 3 2880275 93840 1.6 16 10 6 11 49% 25450 7981 2013 115%
c - 169.96 39 18 54 266 72241 3 2884955 77318 1.6 17 10 6 11 49% 25450 7981 2013 115%
c - 171.87 39 23 54 267 75675 4 2901264 75346 1.7 19 11 6 11 49% 25450 7981 2013 115%
c - 173.87 39 27 54 268 79104 5 2917604 73370 1.7 21 12 6 11 49% 25450 7981 2013 115%
c - 175.90 39 31 54 269 82545 6 2933974 72368 1.7 23 13 6 11 49% 25450 7981 2013 115%
c u 176.75 31 31 54 269 83288 6 2937550 72605 1.7 23 13 6 11 49% 25450 7981 2013 115%
c v 177.16 31 31 54 269 83288 6 2937550 71679 1.7 23 13 6 11 49% 25450 7981 2013 115%
c w 177.32 31 31 54 269 83288 6 2937550 71619 1.7 23 13 6 11 49% 25450 7981 2013 115%
c - 179.06 31 34 54 270 85966 6 2950376 67760 1.7 24 14 6 11 49% 25450 7981 2013 115%
c - 181.02 31 36 54 271 89098 7 2966808 68194 1.8 26 15 6 11 49% 25450 7981 2013 115%
c - 182.59 31 37 54 272 91016 7 2983271 69792 1.8 27 15 6 11 49% 25450 7981 2013 115%
c - 184.30 31 39 54 273 93197 7 2999763 71438 1.8 28 15 6 11 49% 25450 7981 2013 115%
c - 186.01 31 40 54 274 95471 7 3016285 71548 1.8 28 15 6 11 49% 25450 7981 2013 115%
c - 187.58 31 41 54 275 97178 7 3032837 71808 1.8 29 16 6 12 49% 25450 7981 2013 115%
c } 188.09 31 41 55 275 97663 7 3038670 77526 1.9 29 16 6 12 49% 25450 7981 2013 115%
c [ 188.09 31 23 55 275 97663 1 3038670 77526 1.8 24 13 6 15 50% 25450 7981 2013 115%
c B 188.09 31 23 55 275 97663 1 3038670 77526 1.8 24 13 6 15 50% 25450 7981 2013 115%
c
c  seconds    switched      rate           size/glue  tier1     binary        remaining
c          MB   reductions     conflicts         size   tier2      irredundant
c           level     restarts        redundant     glue    trail        variables
c
c - 188.66 31 23 55 276 97669 1 3049422 73059 1.8 24 13 6 15 51% 25450 7981 2013 115%
c - 189.61 31 23 55 277 97677 1 3066036 74536 1.8 25 14 6 15 51% 25450 7981 2013 115%
c - 190.63 31 23 55 278 97684 1 3082680 75545 1.8 25 14 6 15 51% 25450 7981 2013 115%
c - 191.73 31 23 55 279 97692 1 3099353 77510 1.8 25 14 6 15 51% 25450 7981 2013 115%
c u 192.66 41 23 55 279 97693 1 3108128 83881 1.8 24 14 6 15 51% 25450 7981 2013 115%
c v 193.05 43 23 55 279 97693 1 3108128 80573 1.8 24 14 6 15 51% 25450 7981 2013 115%
c w 193.20 43 23 55 279 97693 1 3108128 75549 1.8 24 14 6 15 51% 25450 7981 2013 115%
c o 193.28 43 23 55 279 97693 1 3108128 75549 1.8 24 14 6 15 51% 25450 7981 2013 115%
c - 193.71 37 30 55 280 97693 1 3116056 68377 1.8 25 14 6 15 51% 25450 7981 2013 115%
c - 194.64 39 32 55 281 97700 1 3132791 71946 1.8 25 14 6 15 51% 25450 7981 2013 115%
c - 195.63 39 30 55 282 97708 1 3149558 77417 1.8 25 14 6 15 51% 25450 7981 2013 115%
c - 196.61 39 28 55 283 97716 1 3166351 80441 1.8 25 13 6 15 51% 25450 7981 2013 115%
c - 197.72 37 26 55 284 97723 1 3183173 82157 1.9 24 13 6 15 51% 25450 7981 2013 115%
c W 198.83 31 26 55 284 97724 1 3186858 85676 1.9 24 13 6 15 51% 25450 7981 2013 115%
c - 199.52 31 27 55 285 97724 1 3200025 80169 1.9 25 13 6 15 51% 25450 7981 2013 115%
c - 200.49 31 27 55 286 97725 1 3216908 76420 1.8 25 13 6 15 51% 25450 7981 2013 115%
c - 201.50 31 26 55 287 97725 1 3233819 77400 1.8 24 13 6 15 51% 25450 7981 2013 115%
c - 202.47 31 24 55 288 97735 1 3250761 79990 1.8 24 13 6 15 51% 25450 7981 2013 115%
c - 203.48 31 24 55 289 97740 1 3267732 80970 1.8 24 13 6 15 51% 25450 7981 2013 115%
c u 204.83 43 23 55 289 97750 1 3284015 95065 1.8 23 13 6 15 50% 25450 7981 2013 115%
c
c  seconds    switched      rate           size/glue  tier1     binary        remaining
c          MB   reductions     conflicts         size   tier2      irredundant
c           level     restarts        redundant     glue    trail        variables
c
c v 205.25 43 23 55 289 97750 1 3284015 92186 1.8 23 13 6 15 50% 25450 7981 2013 115%
c w 205.40 43 23 55 289 97750 1 3284015 90597 1.8 23 13 6 15 50% 25450 7981 2013 115%
c - 205.48 37 23 55 290 97751 1 3284732 77369 1.8 23 13 6 15 50% 25450 7981 2013 115%
c - 206.58 39 22 55 291 97756 1 3301764 80107 1.8 23 13 6 15 50% 25450 7981 2013 115%
c - 207.64 37 22 55 292 97758 1 3318822 80990 1.8 23 13 6 15 50% 25450 7981 2013 115%
c ] 208.04 37 22 56 292 97763 1 3325683 87595 1.8 23 13 6 15 50% 25450 7981 2013 115%
c { 208.04 37 41 56 292 97763 7 3325683 87595 1.9 29 16 6 12 49% 25450 7981 2013 115%
c - 208.65 39 39 56 293 97763 6 3335912 79714 1.9 29 15 6 12 49% 25450 7981 2013 115%
c - 209.66 39 36 56 294 97770 5 3353030 81043 1.9 28 15 6 12 49% 25450 7981 2013 115%
c - 210.71 37 33 56 295 97774 5 3370177 82531 1.9 27 14 6 12 49% 25450 7981 2013 115%
c - 211.64 39 31 56 296 97785 4 3387353 83191 1.9 26 14 6 12 49% 25450 7981 2013 115%
c o 212.41 39 29 56 296 97792 4 3401329 96547 1.9 25 13 6 12 49% 25450 7981 2013 115%
c - 212.59 37 29 56 297 97812 4 3404557 83800 1.9 25 13 6 12 49% 25450 7981 2013 115%
c - 213.48 39 27 56 298 97828 3 3421790 84889 1.9 24 13 6 12 49% 25450 7981 2013 115%
c - 214.42 37 25 56 299 97832 3 3439053 85962 1.8 23 13 6 12 49% 25450 7981 2013 115%
c - 215.39 39 24 56 300 97880 3 3456346 87129 1.8 23 12 6 12 50% 25450 7981 2013 115%
c u 216.22 41 23 56 300 97911 3 3465235 92681 1.8 23 12 6 12 49% 25450 7981 2013 115%
c v 216.60 41 23 56 300 97911 3 3465235 86015 1.8 23 12 6 12 49% 25450 7981 2013 115%
c w 216.73 41 23 56 300 97911 3 3465235 83813 1.8 23 12 6 12 49% 25450 7981 2013 115%
c - 217.18 39 23 56 301 97931 3 3473666 82352 1.8 22 12 6 12 50% 25450 7981 2013 115%
c
c  seconds    switched      rate           size/glue  tier1     binary        remaining
c          MB   reductions     conflicts         size   tier2      irredundant
c           level     restarts        redundant     glue    trail        variables
c
c - 218.11 39 22 56 302 98009 2 3491015 85232 1.9 22 12 6 12 50% 25450 7981 2013 115%
c } 218.30 37 21 57 302 98017 2 3495025 88982 1.9 22 12 6 12 50% 25450 7981 2013 115%
c [ 218.30 37 22 57 302 98017 1 3495025 88982 1.8 23 13 6 15 50% 25450 7981 2013 115%
c O 218.30 37 22 57 302 98017 1 3495025 88982 1.8 23 13 6 15 50% 25450 7981 2013 115%
c - 219.06 39 22 57 303 98025 1 3508393 85079 1.8 23 13 6 14 50% 25450 7981 2013 115%
c - 220.13 39 21 57 304 98031 1 3525800 83843 1.8 23 13 6 14 50% 25450 7981 2013 115%
c - 221.26 39 21 57 305 98041 1 3543235 83078 1.8 22 12 6 14 50% 25450 7981 2013 115%
c - 222.41 37 21 57 306 98047 1 3560699 81528 1.8 23 13 6 14 49% 25450 7981 2013 115%
c - 223.55 37 21 57 307 98049 1 3578192 78695 1.8 23 13 6 14 49% 25450 7981 2013 115%
c - 224.71 39 21 57 308 98060 1 3595713 79081 1.8 23 13 6 14 49% 25450 7981 2013 115%
c - 225.94 39 21 57 309 98065 1 3613263 81890 1.8 23 13 6 14 48% 25450 7981 2013 115%
c - 227.08 39 20 57 310 98076 1 3630843 84273 1.8 23 13 6 14 48% 25450 7981 2013 115%
c ] 227.53 37 20 58 310 98077 1 3637789 90893 1.8 23 13 6 14 48% 25450 7981 2013 115%
c { 227.53 37 21 58 310 98077 2 3637789 90893 1.9 22 12 6 12 50% 25450 7981 2013 115%
c - 228.25 39 21 58 311 98087 2 3648449 86626 1.8 21 12 6 12 49% 25450 7981 2013 115%
c u 228.83 41 20 58 311 98087 2 3651814 85889 1.8 21 11 6 12 49% 25450 7981 2013 115%
c v 229.28 43 20 58 311 98087 2 3651814 83257 1.8 21 11 6 12 49% 25450 7981 2013 115%
c w 229.43 43 20 58 311 98087 2 3651814 81587 1.8 21 11 6 12 49% 25450 7981 2013 115%
c o 229.44 43 20 58 311 98087 2 3651814 81587 1.8 21 11 6 12 49% 25450 7981 2013 115%
c - 230.16 37 20 58 312 98253 2 3666085 82826 1.8 21 11 6 12 49% 25450 7981 2013 115%
c
c  seconds    switched      rate           size/glue  tier1     binary        remaining
c          MB   reductions     conflicts         size   tier2      irredundant
c           level     restarts        redundant     glue    trail        variables
c
c - 231.04 39 19 58 313 98402 2 3683751 86868 1.8 20 11 6 12 49% 25450 7981 2013 115%
c - 231.93 39 19 58 314 98622 2 3701442 88339 1.8 20 11 6 12 49% 25450 7981 2013 115%
c - 232.79 39 18 58 315 98753 2 3719162 88754 1.8 19 11 6 12 49% 25450 7981 2013 115%
c - 233.74 39 18 58 316 99071 2 3736915 88748 1.8 19 11 6 12 49% 25450 7981 2013 115%
c - 234.69 37 17 58 317 99545 2 3754691 89481 1.8 18 10 6 12 49% 25450 7981 2013 115%
c - 235.64 39 17 58 318 99899 2 3772495 90811 1.7 18 10 6 12 49% 25450 7981 2013 115%
c - 236.62 39 17 58 319 100356 2 3790328 92465 1.7 18 10 6 12 49% 25450 7981 2013 115%
c - 237.60 39 17 58 320 100843 2 3808189 93861 1.7 18 10 6 12 49% 25450 7981 2013 115%
c } 238.13 39 17 59 320 100922 2 3818419 102877 1.7 18 10 6 12 49% 25450 7981 2013 115%
c [ 238.13 39 20 59 320 100922 1 3818419 102877 1.8 23 13 6 14 48% 25450 7981 2013 115%
c B 238.13 39 20 59 320 100922 1 3818419 102877 1.8 23 13 6 14 48% 25450 7981 2013 115%
c - 238.55 39 21 59 321 100927 1 3826077 93419 1.8 23 13 6 14 48% 25450 7981 2013 115%
c u 239.86 41 21 59 321 100936 1 3843779 106325 1.8 23 13 6 14 49% 25450 7981 2013 115%
c v 240.26 43 21 59 321 100936 1 3843779 105905 1.8 23 13 6 14 49% 25450 7981 2013 115%
c w 240.41 43 21 59 321 100936 1 3843779 104769 1.8 23 13 6 14 49% 25450 7981 2013 115%
c - 240.45 37 21 59 322 100936 1 3843994 87964 1.8 23 13 6 14 49% 25450 7981 2013 115%
c - 241.60 39 21 59 323 100943 1 3861939 88290 1.8 23 13 6 14 49% 25450 7981 2013 115%
c - 242.67 39 22 59 324 100951 1 3879911 87171 1.8 24 13 6 14 49% 25450 7981 2013 115%
c - 243.83 39 23 59 325 100952 1 3897912 83911 1.8 24 14 6 14 49% 25450 7981 2013 115%
c - 245.01 39 23 59 326 100962 1 3915939 84709 1.8 25 14 6 14 50% 25450 7981 2013 115%
c
c  seconds    switched       rate           size/glue  tier1     binary        remaining
c          MB   reductions      conflicts         size   tier2      irredundant
c           level      restarts        redundant     glue    trail        variables
c
c - 246.21 39 23 59 327 100968 1 3933995 85171 1.8 26 14 6 14 50% 25450 7981 2013 115%
c - 247.45 39 23 59 328 100980 1 3952080 86604 1.9 26 14 6 14 50% 25450 7981 2013 115%
c - 248.68 39 23 59 329 100983 1 3970190 87587 1.9 26 14 6 14 50% 25450 7981 2013 115%
c ] 248.84 37 23 60 329 100983 1 3972693 89986 1.9 26 14 6 14 50% 25450 7981 2013 115%
c { 248.84 37 17 60 329 100983 2 3972693 89986 1.7 18 10 6 12 49% 25450 7981 2013 115%
c o 248.84 37 17 60 329 100988 2 3972724 90017 1.7 18 10 6 12 49% 25450 7981 2013 115%
c - 249.75 39 17 60 330 101656 2 3988331 90510 1.7 17 10 6 12 49% 25450 7981 2013 115%
c - 250.71 39 17 60 331 102150 2 4006496 94133 1.7 17 10 6 12 49% 25450 7981 2013 115%
c - 251.74 39 17 60 332 102861 2 4024689 95177 1.7 17 10 6 12 49% 25450 7981 2013 115%
c u 253.00 41 17 60 332 103420 2 4041157 106488 1.7 17 10 6 12 49% 25450 7981 2013 115%
c v 253.43 41 17 60 332 103420 2 4041157 104856 1.7 17 10 6 12 49% 25450 7981 2013 115%
c w 253.58 41 17 60 332 103420 2 4041157 104609 1.7 17 10 6 12 49% 25450 7981 2013 115%
c - 253.72 39 17 60 333 103559 2 4042909 90881 1.7 17 10 6 12 49% 25450 7981 2013 115%
c - 254.64 39 17 60 334 103974 2 4061157 92832 1.7 17 10 6 12 49% 25450 7981 2013 115%
c - 255.60 39 17 60 335 104465 2 4079432 94318 1.7 17 10 6 12 49% 25450 7981 2013 115%
c - 256.52 39 17 60 336 104979 2 4097736 95299 1.7 17 10 6 12 49% 25450 7981 2013 115%
c - 257.51 39 17 60 337 105538 2 4116069 96154 1.7 17 10 6 12 49% 25450 7981 2013 115%
c - 258.48 39 17 60 338 106248 2 4134428 97091 1.7 17 10 6 12 49% 25450 7981 2013 115%
c - 259.48 41 17 60 339 106932 2 4152814 98294 1.7 17 10 6 11 49% 25450 7981 2013 115%
c } 260.13 39 17 61 339 107431 2 4164945 109369 1.7 17 10 6 11 49% 25450 7981 2013 115%
c
c  seconds    switched       rate            size/glue  tier1     binary        remaining
c          MB   reductions      conflicts          size   tier2      irredundant
c           level      restarts        redundant      glue    trail        variables
c
c [ 260.13 39 23 61 339 107431 1 4164945 109369 1.9 26 14 6 14 50% 25450 7981 2013 115%
c W 261.29 31 23 61 339 107431 1 4164945 109369 1.9 26 14 6 14 50% 25450 7981 2013 115%
c - 261.62 31 23 61 340 107436 1 4171225 97515 1.9 26 14 6 14 50% 25450 7981 2013 115%
c - 262.59 31 22 61 341 107445 1 4189664 96010 1.9 25 14 6 14 50% 25450 7981 2013 115%
c - 263.68 31 22 61 342 107452 1 4208130 93429 1.8 25 13 6 14 50% 25450 7981 2013 115%
c - 264.75 31 21 61 343 107460 1 4226623 92834 1.8 24 13 6 14 51% 25450 7981 2013 115%
c u 266.14 43 21 61 343 107461 1 4243972 107400 1.8 24 13 6 14 51% 25450 7981 2013 115%
c v 266.54 43 21 61 343 107461 1 4243972 95241 1.8 24 13 6 14 51% 25450 7981 2013 115%
c w 266.70 43 21 61 343 107461 1 4243972 83344 1.8 24 13 6 14 51% 25450 7981 2013 115%
c o 266.71 43 21 61 343 107461 1 4243972 83344 1.8 24 13 6 14 51% 25450 7981 2013 115%
c - 266.79 37 22 61 344 107461 1 4245144 73671 1.8 24 13 6 14 51% 25450 7981 2013 115%
c - 267.89 39 25 61 345 107472 1 4263691 78324 1.8 25 14 6 14 51% 25450 7981 2013 115%
c - 269.07 39 24 61 346 107479 1 4282266 83380 1.9 25 14 6 14 51% 25450 7981 2013 115%
c - 270.35 39 23 61 347 107490 1 4300868 86336 1.9 25 13 6 14 51% 25450 7981 2013 115%
c - 271.64 39 23 61 348 107492 1 4319496 86725 1.9 25 13 6 14 51% 25450 7981 2013 115%
c ] 272.39 39 23 62 348 107493 1 4330533 97284 1.9 25 13 6 14 51% 25450 7981 2013 115%
c { 272.39 39 17 62 348 107493 2 4330533 97284 1.7 17 10 6 11 49% 25450 7981 2013 115%
c - 272.88 39 17 62 349 107868 2 4338152 86836 1.7 17 10 6 11 49% 25450 7981 2013 115%
c - 273.91 39 17 62 350 108676 2 4356833 89646 1.7 17 10 6 11 49% 25450 7981 2013 115%
c - 274.85 39 17 62 351 109079 2 4375542 91652 1.7 17 10 6 11 49% 25450 7981 2013 115%
c
c  seconds    switched       rate           size/glue  tier1     binary        remaining
c          MB   reductions      conflicts         size   tier2      irredundant
c           level      restarts        redundant     glue    trail        variables
c
c - 275.86 39 17 62 352 109732 2 4394277 92442 1.7 17 10 6 11 49% 25450 7981 2013 115%
c - 276.84 39 17 62 353 110271 2 4413038 93566 1.7 17 10 6 11 49% 25450 7981 2013 115%
c - 277.80 39 17 62 354 110718 2 4431827 95108 1.7 17 10 6 11 49% 25450 7981 2013 115%
c - 278.85 39 17 62 355 111534 2 4450641 96450 1.7 17 10 6 11 49% 25450 7981 2013 115%
c u 279.34 39 17 62 355 111534 2 4452250 96618 1.7 17 10 6 11 49% 25450 7981 2013 115%
c v 279.77 41 17 62 355 111534 2 4452250 92312 1.7 17 10 6 11 49% 25450 7981 2013 115%
c w 279.92 41 17 62 355 111534 2 4452250 91935 1.7 17 10 6 11 49% 25450 7981 2013 115%
c - 280.88 39 17 62 356 112187 2 4469482 93100 1.7 17 10 6 11 49% 25450 7981 2013 115%
c - 281.90 39 17 62 357 112991 2 4488349 96369 1.7 17 10 6 11 49% 25450 7981 2013 115%
c - 282.95 41 17 62 358 113789 2 4507243 98770 1.7 17 10 6 11 49% 25450 7981 2013 115%
c o 283.83 39 17 62 358 114284 2 4524094 114078 1.7 17 10 6 11 49% 25450 7981 2013 115%
c - 283.97 41 17 62 359 114357 2 4526164 100285 1.7 17 10 6 11 49% 25450 7981 2013 115%
c } 284.43 39 17 63 359 114730 2 4534742 107895 1.7 17 10 6 11 49% 25450 7981 2013 115%
c [ 284.43 39 23 63 359 114730 1 4534742 107895 1.9 25 13 6 14 51% 25450 7981 2013 115%
c I 284.43 39 23 63 359 114730 1 4534742 107895 1.9 25 13 6 14 51% 25450 7981 2013 115%
c - 284.99 41 24 63 360 114736 1 4545111 97182 1.9 27 14 6 14 51% 25450 7981 2013 115%
c - 286.10 39 26 63 361 114744 1 4564085 91856 2.0 28 14 6 15 51% 25450 7981 2013 115%
c - 287.22 39 26 63 362 114754 1 4583085 90164 2.0 28 15 6 15 52% 25450 7981 2013 115%
c - 288.34 39 27 63 363 114760 1 4602113 91217 2.0 29 15 6 15 51% 25450 7981 2013 115%
c - 289.47 39 27 63 364 114764 1 4621165 90825 2.0 29 15 6 15 52% 25450 7981 2013 115%
c
c  seconds    switched       rate           size/glue  tier1     binary        remaining
c          MB   reductions      conflicts         size   tier2      irredundant
c           level      restarts        redundant     glue    trail        variables
c
c - 290.73 39 27 63 365 114774 1 4640243 90444 1.9 29 15 6 15 52% 25450 7981 2013 115%
c - 291.98 39 27 63 366 114782 1 4659348 91167 1.9 29 15 6 15 51% 25450 7981 2013 115%
c u 292.83 43 26 63 366 114786 1 4666018 96229 1.9 29 15 6 15 51% 25450 7981 2013 115%
c v 293.29 43 26 63 366 114786 1 4666018 96142 1.9 29 15 6 15 51% 25450 7981 2013 115%
c w 293.47 43 26 63 366 114786 1 4666018 96030 1.9 29 15 6 15 51% 25450 7981 2013 115%
c - 294.23 39 26 63 367 114790 1 4678479 90729 1.9 28 15 6 15 51% 25450 7981 2013 115%
c - 295.35 39 25 63 368 114791 1 4697637 92071 1.9 28 14 6 15 51% 25450 7981 2013 115%
c - 296.52 39 25 63 369 114792 1 4716821 92128 1.9 28 14 6 15 51% 25450 7981 2013 115%
c B 296.73 37 25 63 369 114792 1 4720077 95218 1.9 28 14 6 15 51% 25450 7981 2013 115%
c ] 296.80 39 25 64 369 114792 1 4721174 96289 1.9 28 14 6 15 51% 25450 7981 2013 115%
c { 296.80 39 17 64 369 114792 2 4721174 96289 1.7 17 10 6 11 49% 25450 7981 2013 115%
c - 297.68 39 17 64 370 115393 2 4736031 92664 1.7 17 10 6 11 49% 25450 7981 2013 115%
c - 298.78 39 17 64 371 115951 2 4755267 96555 1.7 17 10 6 11 49% 25450 7981 2013 115%
c - 299.90 39 17 64 372 116701 2 4774529 99252 1.7 16 10 6 11 49% 25450 7981 2013 115%
c - 301.07 39 17 64 373 117601 2 4793816 100889 1.7 17 10 6 11 49% 25450 7981 2013 115%
c - 302.21 37 17 64 374 118401 2 4813129 102240 1.7 17 10 6 11 49% 25450 7981 2013 115%
c o 302.44 39 17 64 374 118419 2 4818192 106489 1.7 17 10 6 11 49% 25450 7981 2013 115%
c - 303.30 39 17 64 375 119083 2 4832468 102803 1.7 17 10 6 11 49% 25450 7981 2013 115%
c - 304.44 41 17 64 376 119749 2 4851833 103908 1.7 17 10 6 11 49% 25450 7981 2013 115%
c - 305.55 39 17 64 377 120298 2 4871223 105356 1.7 17 10 6 11 49% 25450 7981 2013 115%
c
c  seconds    switched       rate            size/glue  tier1     binary        remaining
c          MB   reductions      conflicts          size   tier2      irredundant
c           level      restarts        redundant      glue    trail        variables
c
c u 306.81 33 17 64 377 120977 2 4885302 116662 1.7 17 10 6 11 49% 25450 7981 2013 115%
c v 307.26 33 17 64 377 120977 2 4885302 114335 1.7 17 10 6 11 49% 25450 7981 2013 115%
c w 307.42 33 17 64 377 120977 2 4885302 114036 1.7 17 10 6 11 49% 25450 7981 2013 115%
c - 309.63 33 17 64 378 121204 2 4890639 103117 1.7 17 10 6 11 49% 25450 7981 2013 115%
c - 310.70 33 17 64 379 121771 2 4910081 104906 1.7 16 10 6 11 49% 25450 7981 2013 115%
c - 311.79 33 17 64 380 122346 2 4929550 105563 1.7 16 10 6 11 49% 25450 7981 2013 115%
c } 312.27 33 17 65 380 122690 2 4937672 113031 1.7 17 10 6 11 49% 25450 7981 2013 115%
c [ 312.27 33 25 65 380 122690 1 4937672 113031 1.9 28 14 6 15 51% 25450 7981 2013 115%
c W 313.73 33 25 65 380 122690 1 4937672 113031 1.9 28 14 6 15 51% 25450 7981 2013 115%
c - 314.36 33 24 65 381 122696 1 4949043 106032 2.0 28 14 6 15 51% 25450 7981 2013 115%
c - 315.52 33 23 65 382 122704 1 4968563 106640 2.0 27 14 6 15 51% 25450 7981 2013 115%
c - 316.81 33 23 65 383 122716 1 4988107 106748 2.0 27 13 6 15 51% 25450 7981 2013 115%
c - 318.18 33 22 65 384 122720 1 5007677 107201 2.1 26 13 6 15 51% 25450 7981 2013 115%
c - 319.58 33 21 65 385 122726 1 5027274 108428 2.1 26 12 6 15 51% 25450 7981 2013 115%
c - 321.02 33 20 65 386 122735 1 5046896 107658 2.1 25 12 6 15 51% 25451 7981 2013 115%
c - 322.21 33 22 65 387 122744 1 5066544 102589 2.0 26 13 6 15 51% 25451 7981 2013 115%
c - 323.41 33 22 65 388 122751 1 5086218 101761 2.0 25 13 6 15 51% 25451 7981 2013 115%
c - 324.68 33 22 65 389 122752 1 5105918 103106 1.9 25 13 6 15 51% 25451 7981 2013 115%
c u 325.27 33 22 65 389 122752 1 5110101 96547 1.9 25 13 6 15 51% 25451 7981 2013 115%
c v 325.64 33 22 65 389 122752 1 5110101 91458 1.9 25 13 6 15 51% 25451 7981 2013 115%
c
c  seconds    switched       rate           size/glue  tier1     binary        remaining
c          MB   reductions      conflicts         size   tier2      irredundant
c           level      restarts        redundant     glue    trail        variables
c
c w 325.78 33 22 65 389 122752 1 5110101 83774 1.9 25 13 6 15 51% 25451 7981 2013 115%
c - 326.74 33 21 65 390 122752 1 5125642 85058 1.9 25 13 6 15 51% 25451 7981 2013 115%
c ] 327.22 33 21 66 390 122752 1 5133714 92314 1.9 25 13 6 15 51% 25451 7981 2013 115%
c { 327.22 33 17 66 390 122752 2 5133714 92314 1.7 17 10 6 11 49% 25451 7981 2013 115%
c o 327.22 33 17 66 390 122758 2 5133746 92346 1.7 17 10 6 11 49% 25451 7981 2013 115%
c - 327.86 33 16 66 391 122764 2 5145390 91697 1.6 16 10 6 11 49% 25451 7981 2013 115%
c - 328.91 33 15 66 392 122816 2 5165164 96039 1.6 16 10 6 11 49% 25451 7981 2013 115%
c - 329.92 33 14 66 393 122826 2 5184963 98764 1.6 16 9 6 11 49% 25451 7981 2013 115%
c - 330.98 33 14 66 394 122871 2 5204787 99504 1.6 15 9 6 11 49% 25451 7981 2013 115%
c - 332.04 33 13 66 395 122896 2 5224636 100449 1.6 15 9 6 11 49% 25451 7981 2013 115%
c - 333.12 33 13 66 396 123041 1 5244510 102063 1.6 15 9 6 11 49% 25451 7981 2013 115%
c - 334.19 33 12 66 397 123203 1 5264410 104346 1.6 14 9 6 11 49% 25451 7981 2013 115%
c - 335.34 33 12 66 398 123440 1 5284334 106297 1.6 14 9 6 11 49% 25451 7981 2013 115%
c - 336.46 33 12 66 399 123549 1 5304284 106850 1.6 14 9 6 11 49% 25451 7981 2013 115%
c - 337.62 33 11 66 400 123941 1 5324258 108186 1.6 14 9 6 11 49% 25451 7981 2013 115%
c u 338.95 33 11 66 400 124150 1 5340469 117275 1.6 14 9 6 11 49% 25451 7981 2013 115%
c v 339.41 33 11 66 400 124150 1 5340469 111770 1.6 14 9 6 11 49% 25451 7981 2013 115%
c w 339.57 35 11 66 400 124150 1 5340469 111521 1.6 14 9 6 11 49% 25451 7981 2013 115%
c - 339.84 35 11 66 401 124271 1 5344258 103588 1.6 14 9 6 11 49% 25451 7981 2013 115%
c } 340.88 35 11 67 401 124692 1 5362829 118764 1.6 14 9 6 11 49% 25451 7981 2013 115%
c
c  seconds    switched       rate            size/glue  tier1     binary        remaining
c          MB   reductions      conflicts          size   tier2      irredundant
c           level      restarts        redundant      glue    trail        variables
c
c [ 340.88 35 21 67 401 124692 1 5362829 118764 1.9 25 13 6 15 51% 25451 7981 2013 115%
c O 340.88 35 21 67 401 124692 1 5362829 118764 1.9 25 13 6 15 51% 25451 7981 2013 115%
c - 340.97 35 21 67 402 124693 1 5364284 105770 1.9 25 13 6 15 51% 25451 7981 2013 115%
c - 342.11 35 20 67 403 124705 1 5384333 108920 1.9 24 13 6 15 51% 25451 7981 2013 115%
c - 343.41 35 20 67 404 124713 1 5404407 110535 1.9 23 12 6 15 51% 25451 7981 2013 115%
c - 344.65 35 20 67 405 124721 1 5424508 109473 1.9 24 12 6 14 51% 25451 7981 2013 115%
c - 346.00 35 19 67 406 124722 1 5444632 109346 1.9 23 12 6 14 51% 25451 7981 2013 115%
c - 347.35 35 20 67 407 124735 1 5464782 109545 1.9 24 12 6 14 51% 25451 7981 2013 115%
c - 348.73 35 21 67 408 124743 1 5484956 105479 1.9 24 13 6 14 51% 25451 7981 2013 115%
c - 350.14 35 21 67 409 124752 1 5505156 103429 1.9 25 13 6 14 51% 25451 7981 2013 115%
c - 351.56 35 21 67 410 124753 1 5525379 104693 1.9 25 13 6 14 51% 25451 7981 2013 115%
c - 353.03 35 22 67 411 124754 1 5545628 103452 1.9 25 13 6 14 51% 25451 7981 2013 115%
c ] 354.15 35 23 68 411 124755 1 5560439 117343 1.9 26 14 6 14 51% 25451 7981 2013 115%
c { 354.16 35 11 68 411 124755 1 5560439 117343 1.6 14 9 6 11 49% 25451 7981 2013 115%
c o 354.17 35 11 68 411 124766 1 5560511 117412 1.6 14 9 6 11 49% 25451 7981 2013 115%
c - 354.66 35 12 68 412 125521 1 5565902 100472 1.6 14 9 6 11 49% 25451 7981 2013 115%
c u 356.05 35 13 68 412 127069 2 5576404 106708 1.6 14 9 6 11 49% 25451 7981 2013 115%
c v 356.64 35 13 68 412 127069 2 5576404 106521 1.6 14 9 6 11 49% 25451 7981 2013 115%
c w 356.85 35 13 68 412 127069 2 5576404 106468 1.6 14 9 6 11 49% 25451 7981 2013 115%
c - 357.58 35 13 68 413 127887 2 5586200 100636 1.6 14 9 6 11 49% 25451 7981 2013 115%
c
c  seconds    switched       rate            size/glue tier1     binary        remaining
c          MB   reductions      conflicts          size  tier2      irredundant
c           level      restarts        redundant     glue    trail        variables
c
c - 359.06 35 14 68 414 129862 2 5606522 107222 1.6 15 9 6 11 49% 25451 7981 2013 115%
c - 360.47 35 15 68 415 131798 2 5626868 109887 1.6 15 10 6 11 49% 25451 7981 2013 115%
c - 361.87 35 16 68 416 133434 2 5647239 111211 1.6 15 10 6 11 49% 25451 7981 2013 115%
c - 363.12 35 16 68 417 134179 2 5667635 113051 1.6 16 10 6 11 49% 25451 7981 2013 115%
c - 364.44 35 16 68 418 135149 2 5688056 114394 1.6 16 10 6 11 49% 25451 7981 2013 115%
c - 365.71 35 16 68 419 135964 2 5708502 115913 1.6 16 10 6 11 49% 25451 7981 2013 115%
c - 367.10 37 17 68 420 137149 2 5728972 98351 1.6 16 10 5 11 49% 25451 7981 2013 115%
c - 368.33 37 17 68 421 138121 2 5749465 93748 1.6 16 10 5 11 49% 25451 7981 2013 115%
c - 369.50 37 17 68 422 138742 2 5769983 92731 1.6 16 10 5 11 49% 25451 7981 2013 115%
c - 370.68 37 17 68 423 139526 2 5790525 92956 1.6 16 10 5 11 49% 25451 7981 2013 115%
c } 371.38 37 17 69 423 140117 2 5802498 103665 1.6 16 10 5 11 49% 25451 7981 2013 115%
c [ 371.38 37 23 69 423 140117 1 5802498 103665 1.9 26 14 6 14 51% 25451 7981 2013 115%
c B 371.38 37 23 69 423 140117 1 5802498 103665 1.9 26 14 6 14 51% 25451 7981 2013 115%
c - 371.87 37 23 69 424 140123 1 5811091 91547 1.9 26 14 6 14 51% 25451 7981 2013 115%
c u 372.76 37 23 69 424 140126 1 5817933 95145 1.9 26 14 6 14 51% 25451 7981 2013 115%
c v 373.29 37 23 69 424 140126 1 5817933 91695 1.9 26 14 6 14 51% 25451 7981 2013 115%
c w 373.48 37 23 69 424 140126 1 5817933 88726 1.9 26 14 6 14 51% 25451 7981 2013 115%
c - 374.35 37 22 69 425 140131 1 5831684 81932 1.9 25 13 6 14 51% 25451 7981 2013 115%
c - 375.65 37 22 69 426 140142 1 5852299 81827 1.9 26 13 6 14 51% 25451 7981 2013 115%
c - 377.01 37 22 69 427 140147 1 5872938 82126 1.9 25 13 6 14 51% 25451 7981 2013 115%
c
c  seconds    switched       rate           size/glue  tier1     binary        remaining
c          MB   reductions      conflicts         size   tier2      irredundant
c           level      restarts        redundant     glue    trail        variables
c
c - 378.50 37 21 69 428 140154 1 5893601 84331 1.9 25 13 6 14 51% 25451 7981 2013 115%
c - 379.97 37 21 69 429 140162 1 5914290 85001 1.9 25 13 6 14 51% 25451 7981 2013 115%
c - 381.54 37 21 69 430 140174 1 5935005 84421 1.9 25 13 6 14 51% 25451 7981 2013 115%
c - 382.94 37 21 69 431 140178 1 5955741 83571 1.9 25 13 5 14 51% 25451 7981 2013 115%
c - 384.44 37 21 69 432 140179 1 5976501 83172 1.9 25 13 5 14 51% 25451 7981 2013 115%
c - 385.89 37 20 69 433 140179 1 5997288 86350 1.9 24 13 5 14 51% 25451 7981 2013 115%
c - 387.32 37 20 69 434 140192 1 6018097 86889 1.9 24 13 5 14 51% 25451 7981 2013 115%
c W 387.77 37 20 69 434 140193 1 6019782 88457 1.9 24 13 5 14 51% 25451 7981 2013 115%
c o 387.77 37 20 69 434 140193 1 6019782 88457 1.9 24 13 5 14 51% 25451 7981 2013 115%
c ] 388.45 37 22 70 434 140194 1 6031731 99885 1.9 24 13 5 14 51% 25451 7981 2013 115%
c { 388.45 37 17 70 434 140194 2 6031731 99885 1.6 16 10 5 11 49% 25451 7981 2013 115%
c - 389.28 37 19 70 435 141441 3 6038930 83139 1.7 18 11 5 11 49% 25451 7981 2013 115%
c - 391.84 37 25 70 436 145067 4 6059786 76854 1.7 21 12 5 11 49% 25451 7981 2013 115%
c u 392.98 37 26 70 436 145986 4 6065082 79190 1.7 21 12 5 11 49% 25451 7981 2013 115%
c v 393.60 37 26 70 436 145986 4 6065082 76835 1.7 21 12 5 11 49% 25451 7981 2013 115%
c w 393.84 37 26 70 436 145986 4 6065082 76122 1.7 21 12 5 11 49% 25451 7981 2013 115%
c - 395.85 37 30 70 437 148678 5 6080666 69076 1.7 23 13 5 11 49% 25451 7981 2013 115%
c - 398.51 37 34 70 438 152185 6 6101570 68603 1.8 25 14 5 11 49% 25451 7981 2013 115%
c - 401.10 37 37 70 439 155477 6 6122500 68774 1.8 27 15 5 11 49% 25451 7981 2013 115%
c - 403.14 37 38 70 440 157379 6 6143452 70737 1.8 28 15 5 11 49% 25451 7981 2013 115%
c
c  seconds    switched       rate           size/glue  tier1     binary        remaining
c          MB   reductions      conflicts         size   tier2      irredundant
c           level      restarts        redundant     glue    trail        variables
c
c - 405.16 37 40 70 441 159255 6 6164431 73190 1.8 29 16 5 11 49% 25451 7981 2013 115%
c - 407.36 37 41 70 442 161446 6 6185431 73101 1.9 30 16 5 11 49% 25451 7981 2013 115%
c - 409.34 37 41 70 443 163078 6 6206454 73216 1.9 31 16 5 11 49% 25451 7981 2013 115%
c - 411.35 37 42 70 444 164701 6 6227502 73603 1.9 31 17 5 11 49% 25451 7981 2013 115%
c - 413.21 37 42 70 445 165936 5 6248573 73457 1.9 32 17 5 11 49% 25451 7981 2013 115%
c - 415.25 37 42 70 446 167515 5 6269669 73305 1.9 32 17 5 11 49% 25451 7981 2013 115%
c } 416.72 37 42 71 446 168405 5 6287058 90364 1.9 33 17 5 11 49% 25451 7981 2013 115%
c [ 416.72 37 22 71 446 168405 1 6287058 90364 1.9 24 13 5 14 51% 25451 7981 2013 115%
c I 416.72 37 22 71 446 168405 1 6287058 90364 1.9 24 13 5 14 51% 25451 7981 2013 115%
c - 416.95 37 23 71 447 168407 1 6290790 73784 1.9 25 13 5 14 51% 25451 7981 2013 115%
c - 418.25 37 22 71 448 168419 1 6311932 76864 1.9 25 13 5 14 51% 25451 7981 2013 115%
c u 419.37 37 23 71 448 168419 1 6317879 78558 1.9 25 13 5 14 51% 25451 7981 2013 115%
c v 420.26 37 23 71 448 168419 1 6317879 77740 1.9 25 13 5 14 51% 25451 7981 2013 115%
c w 420.58 37 23 71 448 168419 1 6317879 76203 1.9 25 13 5 14 51% 25451 7981 2013 115%
c - 421.60 37 22 71 449 168427 1 6333098 73737 1.9 25 13 5 14 51% 25451 7981 2013 115%
c - 423.12 37 23 71 450 168435 1 6354287 75692 1.9 25 13 5 14 51% 25451 7981 2013 115%
c - 424.65 37 22 71 451 168441 1 6375501 80421 1.9 25 13 5 14 51% 25451 7981 2013 115%
c - 426.18 37 21 71 452 168450 1 6396737 85230 1.9 24 13 5 14 50% 25451 7981 2013 115%
c - 427.51 37 22 71 453 168460 1 6417998 82884 2.0 25 13 5 14 51% 25451 7981 2013 115%
c - 428.92 37 21 71 454 168466 1 6439281 79651 2.0 25 13 5 14 51% 25451 7981 2013 115%
c
c  seconds    switched       rate           size/glue  tier1     binary        remaining
c          MB   reductions      conflicts         size   tier2      irredundant
c           level      restarts        redundant     glue    trail        variables
c
c - 430.25 37 22 71 455 168467 1 6460588 80394 2.0 26 13 5 14 52% 25451 7981 2013 115%
c - 431.63 37 23 71 456 168467 1 6481918 77584 2.0 27 13 5 14 52% 25451 7981 2013 115%
c - 433.06 37 22 71 457 168480 1 6503275 78011 2.1 28 13 5 14 52% 25451 7981 2013 115%
c B 434.35 37 22 71 457 168486 1 6521025 94321 2.0 27 13 5 14 52% 25451 7981 2013 115%
c o 434.36 37 22 71 457 168486 1 6521025 94321 2.0 27 13 5 14 52% 25451 7981 2013 115%
c - 434.58 37 24 71 458 168488 1 6524655 79696 2.0 27 14 5 14 52% 25451 7981 2013 115%
c - 435.89 37 23 71 459 168497 1 6546055 81494 2.0 26 13 5 14 51% 25451 7981 2013 115%
c - 437.24 37 25 71 460 168500 1 6567482 80937 1.9 26 14 5 14 51% 25451 7981 2013 115%
c u 438.34 37 25 71 460 168505 1 6576321 86182 1.9 26 14 5 14 51% 25451 7981 2013 115%
c v 438.96 37 25 71 460 168505 1 6576321 85066 1.9 26 14 5 14 51% 25451 7981 2013 115%
c w 439.18 37 25 71 460 168505 1 6576321 83946 1.9 26 14 5 14 51% 25451 7981 2013 115%
c - 440.04 37 24 71 461 168512 1 6588929 76585 1.9 26 13 5 14 51% 25451 7981 2013 115%
c - 441.38 37 23 71 462 168520 1 6610400 80176 1.9 25 13 5 14 51% 25451 7981 2013 115%
c - 442.73 37 23 71 463 168529 1 6631895 80541 1.9 25 13 5 14 50% 25451 7981 2013 115%
c - 444.09 37 22 71 464 168530 1 6653413 83768 1.9 24 13 5 14 50% 25451 7981 2013 115%
c - 445.49 37 21 71 465 168530 1 6674953 85977 1.9 23 12 5 14 50% 25451 7981 2013 115%
c ] 446.76 37 21 72 465 168531 1 6694584 104161 1.9 23 12 5 14 50% 25451 7981 2013 115%
c { 446.76 37 42 72 465 168531 5 6694584 104161 1.9 33 17 5 11 49% 25451 7981 2013 115%
c - 446.90 37 41 72 466 168533 5 6696516 84901 1.9 32 17 5 11 49% 25451 7981 2013 115%
c - 448.21 37 36 72 467 168533 4 6718103 86559 1.9 30 15 5 11 49% 25451 7981 2013 115%
c
c  seconds    switched       rate           size/glue  tier1     binary        remaining
c          MB   reductions      conflicts         size   tier2      irredundant
c           level      restarts        redundant     glue    trail        variables
c
c - 449.44 37 32 72 468 168533 4 6739713 88284 1.9 27 14 5 11 49% 25451 7981 2013 115%
c - 450.73 37 29 72 469 168535 3 6761349 88987 1.9 26 14 5 11 49% 25451 7981 2013 115%
c - 452.02 37 27 72 470 168551 3 6783006 90091 1.9 25 13 5 11 49% 25451 7981 2013 115%
c - 453.20 37 24 72 471 168585 3 6804685 90005 1.9 23 12 5 11 49% 25451 7981 2013 115%
c - 454.38 37 23 72 472 168613 2 6826387 90420 1.9 23 12 5 11 49% 25451 7981 2013 115%
c u 455.67 37 22 72 472 168633 2 6840462 99765 1.9 22 12 5 11 49% 25451 7981 2013 115%
c v 456.27 37 22 72 472 168633 2 6840462 98234 1.9 22 12 5 11 49% 25451 7981 2013 115%
c w 456.47 37 22 72 472 168633 2 6840462 97392 1.9 22 12 5 11 49% 25451 7981 2013 115%
c - 456.88 37 22 72 473 168707 2 6848112 85029 1.9 22 12 5 11 49% 25451 7981 2013 115%
c o 457.89 37 20 72 473 168778 2 6868112 102924 1.9 21 11 5 11 50% 25451 7981 2013 115%
c - 457.99 37 20 72 474 168795 2 6869862 84980 1.9 21 11 5 11 49% 25451 7981 2013 115%
c - 459.13 37 20 72 475 169017 2 6891634 86423 1.8 21 11 5 11 49% 25451 7981 2013 115%
c - 460.22 37 19 72 476 169196 2 6913430 86882 1.8 20 11 5 11 49% 25451 7981 2013 115%
c - 461.35 37 18 72 477 169477 2 6935247 87108 1.8 19 11 5 11 49% 25451 7981 2013 115%
c - 462.48 37 18 72 478 169688 2 6957087 87080 1.8 19 11 5 11 49% 25451 7981 2013 115%
c } 462.83 37 18 73 478 169797 2 6963500 92746 1.8 19 11 5 11 49% 25451 7981 2013 115%
c [ 462.83 37 21 73 478 169797 1 6963500 92746 1.9 23 12 5 14 50% 25451 7981 2013 115%
c W 463.58 37 21 73 478 169797 1 6963500 92746 1.9 23 12 5 14 50% 25451 7981 2013 115%
c - 464.43 37 21 73 479 169806 1 6978953 84795 1.8 23 13 5 14 50% 25451 7981 2013 115%
c - 465.83 37 21 73 480 169815 1 7000839 81358 1.8 23 13 5 14 50% 25451 7981 2013 115%
c
c  seconds    switched       rate           size/glue  tier1     binary        remaining
c          MB   reductions      conflicts         size   tier2      irredundant
c           level      restarts        redundant     glue    trail        variables
c
c - 467.31 37 20 73 481 169826 1 7022748 83518 1.9 23 12 5 14 51% 25451 7981 2013 115%
c - 468.89 37 20 73 482 169827 1 7044680 85890 1.9 23 12 5 14 50% 25451 7981 2013 115%
c - 470.45 37 21 73 483 169841 1 7066634 83885 1.9 24 13 5 14 50% 25451 7981 2013 115%
c - 472.01 37 21 73 484 169849 1 7088611 82775 1.9 24 13 5 14 51% 25451 7981 2013 115%
c u 474.16 37 21 73 484 169857 1 7110299 98740 1.9 24 13 5 14 51% 25451 7981 2013 115%
c v 474.80 37 21 73 484 169857 1 7110299 97783 1.9 24 13 5 14 51% 25451 7981 2013 115%
c w 475.03 37 21 73 484 169857 1 7110299 93870 1.9 24 13 5 14 51% 25451 7981 2013 115%
c - 475.09 37 21 73 485 169857 1 7110612 78452 1.9 24 13 5 14 51% 25451 7981 2013 115%
c - 476.70 37 20 73 486 169859 1 7132634 83089 1.9 24 12 5 14 51% 25451 7981 2013 115%
c - 478.12 37 21 73 487 169859 1 7154680 83810 2.0 25 13 5 14 51% 25451 7981 2013 115%
c - 479.58 37 22 73 488 169870 1 7176749 80055 2.0 26 13 5 14 51% 25451 7981 2013 115%
c ] 479.83 37 22 74 488 169872 1 7180713 83900 2.0 26 13 5 14 51% 25451 7981 2013 115%
c { 479.83 37 18 74 488 169872 2 7180713 83900 1.8 19 11 5 11 49% 25451 7981 2013 115%
c - 480.88 37 18 74 489 170321 2 7198841 83545 1.8 18 10 5 11 49% 25451 7981 2013 115%
c - 482.04 37 17 74 490 170743 2 7220954 87867 1.8 18 10 5 11 49% 25451 7981 2013 115%
c o 482.17 37 17 74 490 170747 2 7223399 90106 1.8 18 10 5 11 49% 25451 7981 2013 115%
c - 483.21 37 17 74 491 171143 2 7243089 90288 1.8 18 10 5 11 49% 25451 7981 2013 115%
c - 484.45 37 17 74 492 171854 2 7265247 90846 1.7 18 10 5 11 49% 25451 7981 2013 115%
c - 485.59 37 17 74 493 172297 2 7287430 90955 1.7 18 10 5 11 49% 25451 7981 2013 115%
c - 486.77 37 17 74 494 172826 2 7309634 91569 1.7 17 10 5 11 49% 25451 7981 2013 115%
c
c  seconds    switched       rate           size/glue  tier1     binary        remaining
c          MB   reductions      conflicts         size   tier2      irredundant
c           level      restarts        redundant     glue    trail        variables
c
c - 487.98 37 17 74 495 173393 2 7331861 92058 1.7 17 10 5 11 49% 25451 7981 2013 115%
c - 489.25 37 17 74 496 174091 2 7354111 92748 1.7 17 10 5 11 49% 25451 7981 2013 115%
c - 490.53 37 17 74 497 175085 2 7376382 93198 1.7 17 10 5 11 49% 25451 7981 2013 115%
c u 491.52 37 17 74 497 175316 2 7385861 96991 1.7 17 10 5 11 49% 25451 7981 2013 115%
c v 492.08 37 17 74 497 175316 2 7385861 94158 1.7 17 10 5 11 49% 25451 7981 2013 115%
c w 492.27 37 17 74 497 175316 2 7385861 93691 1.7 17 10 5 11 49% 25451 7981 2013 115%
c - 493.00 37 17 74 498 175771 2 7398676 86412 1.7 17 10 5 11 49% 25451 7981 2013 115%
c - 494.22 37 17 74 499 176509 2 7420991 88263 1.7 17 10 5 11 49% 25451 7981 2013 115%
c - 495.51 37 17 74 500 177568 2 7443331 89500 1.7 17 10 5 11 49% 25451 7981 2013 115%
c } 496.62 37 17 75 500 178316 2 7463540 107725 1.7 17 10 5 11 49% 25451 7981 2013 115%
c [ 496.62 37 22 75 500 178316 1 7463540 107725 2.0 26 13 5 14 51% 25451 7981 2013 115%
c O 496.62 37 22 75 500 178316 1 7463540 107725 2.0 26 13 5 14 51% 25451 7981 2013 115%
c - 496.75 37 22 75 501 178318 1 7465694 89665 2.0 26 13 5 14 51% 25451 7981 2013 115%
c - 498.07 37 21 75 502 178329 1 7488078 88101 2.0 26 13 5 14 51% 25451 7981 2013 115%
c - 499.52 37 21 75 503 178339 1 7510485 86934 2.0 25 13 5 14 51% 25451 7981 2013 115%
c - 501.08 37 21 75 504 178346 1 7532912 86160 2.0 25 13 5 14 51% 25451 7981 2013 115%
c - 502.67 37 21 75 505 178353 1 7555361 83904 2.0 26 13 5 14 51% 25451 7981 2013 115%
c - 504.41 37 21 75 506 178361 1 7577836 84116 2.0 26 13 5 14 51% 25451 7981 2013 115%
c - 506.06 37 21 75 507 178375 1 7600330 86928 2.1 26 13 5 14 51% 25451 7981 2013 115%
c - 507.75 37 20 75 508 178377 1 7622846 88621 2.1 25 12 5 14 51% 25451 7981 2013 115%
c
c  seconds    switched       rate           size/glue  tier1     binary        remaining
c          MB   reductions      conflicts         size   tier2      irredundant
c           level      restarts        redundant     glue    trail        variables
c
c - 509.67 37 20 75 509 178378 1 7645384 88488 2.0 25 12 5 14 51% 25451 7981 2013 115%
c u 511.72 37 22 75 509 178384 1 7667147 105983 2.0 26 13 5 14 51% 25451 7981 2013 115%
c v 512.40 37 22 75 509 178384 1 7667147 88393 2.0 26 13 5 14 51% 25451 7981 2013 115%
c w 512.68 39 22 75 509 178384 1 7667147 87439 2.0 26 13 5 14 51% 25451 7981 2013 115%
c o 515.50 39 22 75 509 178384 1 7667147 87439 2.0 26 13 5 14 51% 25451 7981 2013 115%
c - 515.55 39 23 75 510 178384 1 7667945 67807 2.0 26 13 5 14 51% 25451 7981 2013 115%
c ] 516.43 39 24 76 510 178392 1 7682877 82176 1.9 26 14 5 14 51% 25451 7981 2013 115%
c { 516.43 39 17 76 510 178392 2 7682877 82176 1.7 17 10 5 11 49% 25451 7981 2013 115%
c - 516.87 39 17 76 511 178692 2 7690531 72278 1.7 17 10 5 11 49% 25451 7981 2013 115%
c - 518.11 39 17 76 512 179538 2 7713136 81882 1.7 17 10 5 11 49% 25451 7981 2013 115%
c - 519.36 39 17 76 513 180478 2 7735763 87838 1.7 17 10 5 11 49% 25451 7981 2013 115%
c - 520.59 39 17 76 514 181076 2 7758412 89729 1.7 17 10 5 11 49% 25451 7981 2013 115%
c - 521.87 39 17 76 515 181885 2 7781085 90937 1.7 17 10 5 11 49% 25451 7981 2013 115%
c - 523.18 39 17 76 516 182808 2 7803778 91508 1.7 17 10 5 11 49% 25451 7981 2013 115%
c - 524.47 39 17 76 517 183663 2 7826496 91752 1.7 17 10 5 11 49% 25451 7981 2013 115%
c - 525.76 39 17 76 518 184541 2 7849235 92599 1.7 17 10 5 11 49% 25451 7981 2013 115%
c - 527.08 39 17 76 519 185291 2 7871995 93213 1.7 17 10 5 11 49% 25451 7981 2013 115%
c - 528.40 39 17 76 520 186223 2 7894776 93546 1.7 17 10 5 11 49% 25451 7981 2013 115%
c - 529.74 39 17 76 521 187208 2 7917579 93545 1.7 17 10 5 11 49% 25451 7981 2013 115%
c - 531.00 39 17 76 522 187746 2 7940404 93313 1.7 17 10 5 11 49% 25451 7981 2013 115%
c
c  seconds    switched       rate            size/glue  tier1     binary        remaining
c          MB   reductions      conflicts          size   tier2      irredundant
c           level      restarts        redundant      glue    trail        variables
c
c u 532.16 39 17 76 522 188393 2 7954208 103250 1.7 17 10 5 11 49% 25451 7981 2013 115%
c v 532.57 39 17 76 522 188393 2 7954208 102483 1.7 17 10 5 11 49% 25451 7981 2013 115%
c w 532.71 39 17 76 522 188393 2 7954208 101969 1.7 17 10 5 11 49% 25451 7981 2013 115%
c - 533.34 39 17 76 523 188723 2 7963251 90621 1.7 17 10 5 11 49% 25451 7981 2013 115%
c } 534.25 39 17 77 523 189300 2 7979928 105530 1.7 17 10 5 11 49% 25451 7981 2013 115%
c [ 534.25 39 24 77 523 189300 1 7979928 105530 1.9 26 14 5 14 51% 25451 7981 2013 115%
c B 534.25 39 24 77 523 189300 1 7979928 105530 1.9 26 14 5 14 51% 25451 7981 2013 115%
c - 534.60 39 24 77 524 189305 1 7986120 90883 1.9 26 14 5 14 51% 25451 7981 2013 115%
c - 536.04 39 23 77 525 189314 1 8009012 88620 1.9 26 14 5 14 51% 25451 7981 2013 115%
c - 537.53 39 22 77 526 189327 1 8031924 86891 1.9 25 13 5 14 52% 25451 7981 2013 115%
c - 539.00 39 22 77 527 189330 1 8054860 87070 1.9 25 13 5 14 52% 25451 7981 2013 115%
c - 540.49 39 21 77 528 189340 1 8077816 89157 1.9 25 13 5 14 52% 25451 7981 2013 115%
c - 542.03 39 21 77 529 189350 1 8100796 90840 1.9 25 13 5 14 52% 25451 7981 2013 115%
c - 543.62 39 21 77 530 189360 1 8123796 88034 1.9 25 13 5 14 52% 25451 7981 2013 115%
c - 545.29 39 21 77 531 189362 1 8146820 86055 1.9 24 13 5 14 52% 25451 7981 2013 115%
c - 546.85 39 20 77 532 189362 1 8169863 90116 1.9 24 12 5 14 51% 25451 7981 2013 115%
c - 548.44 39 20 77 533 189372 1 8192928 90308 1.9 24 13 5 14 51% 25451 7981 2013 115%
c - 550.12 39 20 77 534 189383 1 8216014 87984 1.9 24 13 5 14 51% 25451 7981 2013 115%
c ] 550.92 39 20 78 534 189388 1 8226003 97342 1.9 24 13 5 14 51% 25451 7981 2013 115%
c { 550.92 39 17 78 534 189388 2 8226003 97342 1.7 17 10 5 11 49% 25451 7981 2013 115%
c
c  seconds    switched       rate           size/glue  tier1     binary        remaining
c          MB   reductions      conflicts         size   tier2      irredundant
c           level      restarts        redundant     glue    trail        variables
c
c o 551.04 39 17 78 534 189422 2 8227307 98496 1.7 17 10 5 11 49% 25451 7981 2013 115%
c - 551.77 39 17 78 535 189916 2 8239122 90442 1.7 17 10 5 11 49% 25451 7981 2013 115%
c u 552.79 39 17 78 535 190202 2 8247046 91604 1.7 17 10 5 11 49% 25451 7981 2013 115%
c v 553.52 39 17 78 535 190202 2 8247046 90526 1.7 17 10 5 11 49% 25451 7981 2013 115%
c w 553.78 39 17 78 535 190202 2 8247046 89322 1.7 17 10 5 11 49% 25451 7981 2013 115%
c - 554.62 39 17 78 536 190596 2 8262253 88259 1.7 17 10 5 11 49% 25451 7981 2013 115%
c - 555.91 39 17 78 537 191495 2 8285404 90712 1.7 17 10 5 11 49% 25451 7981 2013 115%
c - 557.19 39 17 78 538 192440 2 8308577 91895 1.7 17 10 5 11 49% 25451 7981 2013 115%
c - 558.46 39 17 78 539 193354 2 8331771 92650 1.7 17 10 5 11 49% 25451 7981 2013 115%
c - 559.71 39 17 78 540 194256 2 8354988 93006 1.7 17 10 5 11 49% 25451 7981 2013 115%
c - 560.99 39 17 78 541 195052 2 8378225 92891 1.7 17 10 5 11 49% 25451 7981 2013 115%
c - 562.31 39 17 78 542 195898 2 8401485 93413 1.7 17 10 5 11 49% 25451 7981 2013 115%
c - 563.56 39 17 78 543 196754 2 8424765 94300 1.7 17 10 5 11 49% 25451 7981 2013 115%
c - 564.90 39 17 78 544 197905 2 8448068 94991 1.7 17 10 5 11 49% 25451 7981 2013 115%
c - 566.18 39 17 78 545 198759 2 8471392 95039 1.7 17 10 5 11 49% 25451 7981 2013 115%
c - 567.55 39 17 78 546 199719 2 8494737 95279 1.7 17 10 5 11 49% 25451 7981 2013 115%
c - 568.87 39 17 78 547 200622 2 8518104 96277 1.7 17 10 5 11 49% 25451 7981 2013 115%
c } 569.93 39 17 79 547 201175 2 8537593 113507 1.7 17 10 5 11 49% 25451 7981 2013 115%
c [ 569.93 39 20 79 547 201175 1 8537593 113507 1.9 24 13 5 14 51% 25451 7981 2013 115%
c W 571.19 39 20 79 547 201175 1 8537593 113507 1.9 24 13 5 14 51% 25451 7981 2013 115%
c
c  seconds    switched       rate           size/glue  tier1     binary        remaining
c          MB   reductions      conflicts         size   tier2      irredundant
c           level      restarts        redundant     glue    trail        variables
c
c - 571.41 39 20 79 548 201177 1 8541492 96094 1.9 24 13 5 14 51% 25451 7981 2013 115%
c u 572.15 39 20 79 548 201180 1 8545661 96012 1.9 24 13 5 14 51% 25451 7981 2013 115%
c v 572.73 39 20 79 548 201180 1 8545661 93723 1.9 24 13 5 14 51% 25451 7981 2013 115%
c w 572.93 39 20 79 548 201180 1 8545661 92457 1.9 24 13 5 14 51% 25451 7981 2013 115%
c - 574.07 39 20 79 549 201189 1 8564902 88594 1.9 24 12 5 14 51% 25451 7981 2013 115%
c - 575.65 39 19 79 550 201201 1 8588334 90107 2.0 24 12 5 14 51% 25451 7981 2013 115%
c - 577.35 39 18 79 551 201205 1 8611788 92590 1.9 23 12 5 14 51% 25451 7981 2013 115%
c o 578.37 39 19 79 551 201212 1 8627784 107437 1.9 23 12 5 14 51% 25451 7981 2013 115%
c - 578.86 39 25 79 552 201215 1 8635261 88583 1.8 24 13 5 14 51% 25451 7981 2013 115%
c - 580.46 39 24 79 553 201226 1 8658756 83441 1.8 24 13 5 14 51% 25451 7981 2013 115%
c - 582.11 39 23 79 554 201235 1 8682272 85620 1.8 24 13 5 14 51% 25451 7981 2013 115%
c - 583.74 39 22 79 555 201237 1 8705810 89124 1.8 23 13 5 14 51% 25451 7981 2013 115%
c - 585.37 39 21 79 556 201237 1 8729368 91046 1.8 23 13 5 14 51% 25451 7981 2013 115%
c - 587.05 39 21 79 557 201250 1 8752948 87736 1.8 24 13 5 14 51% 25451 7981 2013 115%
c - 588.83 39 21 79 558 201259 1 8776551 86567 1.8 24 13 5 14 50% 25451 7981 2013 115%
c ] 589.64 39 21 80 558 201266 1 8788286 97428 1.8 24 13 5 14 51% 25451 7981 2013 115%
c { 589.64 39 17 80 558 201266 2 8788286 97428 1.7 17 10 5 11 49% 25451 7981 2013 115%
c - 590.39 39 17 80 559 201658 2 8800173 91266 1.7 17 10 5 11 49% 25451 7981 2013 115%
c - 591.73 39 17 80 560 202570 2 8823816 94933 1.7 17 10 5 11 49% 25451 7981 2013 115%
c - 593.04 39 17 80 561 203301 2 8847481 96676 1.7 16 10 5 11 49% 25451 7981 2013 115%
c
c  seconds    switched       rate           size/glue  tier1     binary        remaining
c          MB   reductions      conflicts         size   tier2      irredundant
c           level      restarts        redundant     glue    trail        variables
c
c u 593.81 39 17 80 561 203411 2 8850102 94538 1.7 16 10 5 11 49% 25451 7981 2013 115%
c v 594.50 39 17 80 561 203411 2 8850102 85706 1.7 16 10 5 11 49% 25451 7981 2013 115%
c w 594.75 39 17 80 561 203411 2 8850102 84898 1.7 16 10 5 11 49% 25451 7981 2013 115%
c - 595.90 39 17 80 562 204109 2 8871166 87061 1.7 16 10 5 11 49% 25451 7981 2013 115%
c - 597.26 39 17 80 563 205209 2 8894872 92278 1.7 17 10 5 11 49% 25451 7981 2013 115%
c - 598.58 39 17 80 564 205984 2 8918600 94672 1.7 17 10 5 11 49% 25451 7981 2013 115%
c - 599.91 39 17 80 565 206838 2 8942348 95580 1.7 16 10 5 11 49% 25451 7981 2013 115%
c - 601.26 39 17 80 566 207734 2 8966118 96275 1.7 17 10 5 11 49% 25451 7981 2013 115%
c - 602.62 39 17 80 567 208632 2 8989908 96592 1.7 16 10 5 11 49% 25451 7981 2013 115%
c - 604.04 39 17 80 568 209863 2 9013720 96518 1.7 17 10 5 11 49% 25451 7981 2013 115%
c o 604.30 39 17 80 568 210011 2 9018171 100477 1.7 17 10 5 11 49% 25451 7981 2013 115%
c - 605.43 39 17 80 569 210823 2 9037552 96525 1.7 17 10 5 11 49% 25451 7981 2013 115%
c - 606.71 39 16 80 570 211322 2 9061405 97089 1.7 16 10 5 11 49% 25451 7981 2013 115%
c - 608.09 39 17 80 571 212227 2 9085279 97745 1.7 17 10 5 11 49% 25451 7981 2013 115%
c - 609.45 39 17 80 572 213116 2 9109174 97938 1.7 17 10 5 11 49% 25451 7981 2013 115%
c } 609.79 39 17 81 572 213387 2 9114731 102852 1.7 17 10 5 11 49% 25451 7981 2013 115%
c [ 609.79 39 21 81 572 213387 1 9114731 102852 1.8 24 13 5 14 51% 25451 7981 2013 115%
c I 609.79 39 21 81 572 213387 1 9114731 102852 1.8 24 13 5 14 51% 25451 7981 2013 115%
c - 610.77 39 23 81 573 213398 1 9133091 91728 1.9 26 14 5 14 51% 25451 7981 2013 115%
c - 612.14 39 23 81 574 213408 1 9157028 82874 1.9 28 14 5 14 51% 25451 7981 2013 115%
c
c  seconds    switched       rate           size/glue  tier1     binary        remaining
c          MB   reductions      conflicts         size   tier2      irredundant
c           level      restarts        redundant     glue    trail        variables
c
c u 612.85 39 23 81 574 213409 1 9160371 84278 2.0 28 14 5 14 51% 25451 7981 2013 115%
c v 613.46 39 23 81 574 213409 1 9160371 83598 2.0 28 14 5 14 51% 25451 7981 2013 115%
c w 613.69 39 23 81 574 213409 1 9160371 83185 2.0 28 14 5 14 51% 25451 7981 2013 115%
c - 614.98 39 24 81 575 213417 1 9180987 79271 2.0 28 14 5 14 51% 25451 7981 2013 115%
c - 616.53 39 24 81 576 213424 1 9204968 82645 2.0 28 14 5 14 51% 25451 7981 2013 115%
c - 618.12 39 23 81 577 213432 1 9228969 86273 2.0 29 14 5 14 51% 25451 7981 2013 115%
c - 619.65 39 24 81 578 213446 1 9252990 85760 2.0 29 15 5 14 51% 25451 7981 2013 115%
c - 621.19 39 26 81 579 213448 1 9277032 81067 2.0 30 15 5 14 51% 25451 7981 2013 115%
c - 622.81 39 27 81 580 213449 1 9301097 78976 2.0 31 15 5 14 51% 25451 7981 2013 115%
c - 624.45 39 27 81 581 213458 1 9325180 79909 2.0 31 16 5 14 51% 25451 7981 2013 115%
c - 626.13 39 28 81 582 213468 1 9349283 79718 1.9 31 16 5 14 51% 25451 7981 2013 115%
c - 627.79 39 27 81 583 213479 1 9373411 79201 1.9 31 16 5 14 51% 25451 7981 2013 115%
c - 629.62 39 27 81 584 213483 1 9397558 79165 1.9 31 16 5 14 51% 25451 7981 2013 115%
c B 629.89 39 27 81 584 213486 1 9401465 82825 1.9 31 16 5 14 51% 25451 7981 2013 115%
c ] 629.92 39 27 82 584 213487 1 9401880 83232 1.9 31 16 5 14 51% 25451 7981 2013 115%
c { 629.92 39 17 82 584 213487 2 9401880 83232 1.7 17 10 5 11 49% 25451 7981 2013 115%
c - 631.09 39 16 82 585 213503 2 9421725 86663 1.7 16 10 5 11 49% 25451 7981 2013 115%
c o 632.03 39 15 82 585 213506 2 9437852 98881 1.7 16 10 5 11 49% 25451 7981 2013 115%
c - 632.48 39 15 82 586 213521 2 9445913 94639 1.7 16 9 5 11 49% 25451 7981 2013 115%
c - 633.87 39 14 82 587 213567 2 9470120 96132 1.7 15 9 5 11 49% 25451 7981 2013 115%
c
c  seconds    switched       rate           size/glue tier1     binary        remaining
c          MB   reductions      conflicts         size  tier2      irredundant
c           level      restarts        redundant    glue    trail        variables
c
c u 634.86 39 13 82 587 213589 2 9476495 97486 1.7 15 9 5 11 49% 25451 7981 2013 115%
c v 635.56 39 13 82 587 213589 2 9476495 87464 1.7 15 9 5 11 49% 25451 7981 2013 115%
c w 635.70 39 13 82 587 213589 2 9476495 86886 1.7 15 9 5 11 49% 25451 7981 2013 115%
c - 636.66 39 13 82 588 213636 2 9494348 86559 1.6 15 9 5 11 49% 25451 7981 2013 115%
c - 638.02 39 12 82 589 213850 1 9518596 92679 1.6 15 9 5 11 49% 25451 7981 2013 115%
c - 639.38 39 12 82 590 214013 1 9542866 95327 1.6 14 9 5 11 49% 25451 7981 2013 115%
c - 640.74 39 12 82 591 214243 1 9567156 95881 1.6 14 9 5 11 49% 25451 7981 2013 115%
c - 642.19 39 11 82 592 214610 1 9591466 96750 1.6 14 9 5 11 49% 25451 7981 2013 115%
c - 643.64 39 11 82 593 215006 1 9615797 96817 1.6 14 8 5 11 49% 25451 7981 2013 115%
c - 645.10 39 11 82 594 215620 1 9640149 98193 1.6 14 8 5 11 49% 25451 7981 2013 115%
c - 646.55 39 11 82 595 216252 1 9664522 99946 1.6 13 8 5 11 49% 25451 7981 2013 115%
c - 648.06 39 11 82 596 216956 1 9688914 100995 1.6 13 8 5 11 49% 25451 7981 2013 115%
c - 649.52 39 11 82 597 217458 1 9713327 101524 1.6 13 8 5 11 49% 25451 7981 2013 115%
c - 651.03 39 11 82 598 218164 1 9737760 101895 1.6 13 8 5 11 49% 25451 7981 2013 115%
c } 651.37 39 11 83 598 218318 1 9743486 106466 1.6 13 8 5 11 49% 25451 7981 2013 115%
c [ 651.37 39 27 83 598 218318 1 9743486 106466 1.9 31 16 5 14 51% 25451 7981 2013 115%
c W 653.14 39 27 83 598 218318 1 9743486 106466 1.9 31 16 5 14 51% 25451 7981 2013 115%
c - 654.22 39 26 83 599 218330 1 9762215 101973 1.9 30 16 5 14 51% 25451 7981 2013 115%
c - 655.75 39 24 83 600 218339 1 9786689 102105 1.9 28 15 5 14 50% 25451 7981 2013 115%
c u 657.15 39 24 83 600 218346 1 9798472 109383 1.9 27 15 5 14 50% 25451 7981 2013 115%
c
c  seconds    switched       rate           size/glue  tier1     binary        remaining
c          MB   reductions      conflicts         size   tier2      irredundant
c           level      restarts        redundant     glue    trail        variables
c
c v 657.88 39 24 83 600 218346 1 9798472 99305 1.9 27 15 5 14 50% 25451 7981 2013 115%
c w 658.14 39 24 83 600 218346 1 9798472 91520 1.9 27 15 5 14 50% 25451 7981 2013 115%
c - 658.98 39 23 83 601 218348 1 9811188 87127 1.9 26 14 5 14 50% 25451 7981 2013 115%
c - 660.47 39 23 83 602 218355 1 9835703 95238 1.9 26 14 5 14 50% 25451 7981 2013 115%
c - 662.09 39 22 83 603 218365 1 9860238 97179 1.9 25 13 5 14 51% 25451 7981 2013 115%
c - 663.76 39 21 83 604 218378 1 9884795 100404 1.9 24 13 5 14 51% 25451 7981 2013 115%
c - 665.48 39 20 83 605 218380 1 9909373 103208 1.9 24 12 5 14 51% 25451 7981 2013 115%
c - 667.12 39 21 83 606 218380 1 9933969 101435 1.9 24 13 5 14 51% 25451 7981 2013 115%
c - 668.80 39 22 83 607 218392 1 9958586 96643 1.9 25 13 5 14 51% 25451 7981 2013 115%
c - 670.58 39 22 83 608 218402 1 9983223 96856 1.9 25 13 5 14 51% 25451 7981 2013 115%
c - 672.39 39 21 83 609 218411 1 10007880 100713 2.0 25 13 5 14 51% 25451 7981 2013 115%
c - 674.20 39 22 83 610 218418 1 10032558 102897 2.0 26 13 5 14 51% 25451 7981 2013 115%
c ] 675.15 39 22 84 610 218425 1 10045157 114924 2.0 26 13 5 14 51% 25451 7981 2013 115%
c { 675.15 39 11 84 610 218425 1 10045157 114924 1.6 13 8 5 11 49% 25451 7981 2013 115%
c o 675.16 39 11 84 610 218438 1 10045284 115048 1.6 13 8 5 11 49% 25451 7981 2013 115%
c - 676.23 39 12 84 611 220395 2 10057258 102939 1.6 14 9 5 11 49% 25451 7981 2013 115%
c - 678.20 39 14 84 612 223425 2 10081976 105550 1.6 14 9 5 11 49% 25451 7981 2013 115%
c - 679.98 39 15 84 613 225466 2 10106714 106237 1.6 15 10 5 11 49% 25451 7981 2013 115%
c u 682.08 39 15 84 613 227109 2 10126330 118618 1.6 15 10 5 11 49% 25451 7981 2013 115%
c v 682.90 39 15 84 613 227109 2 10126330 116075 1.6 15 10 5 11 49% 25451 7981 2013 115%
c
c  seconds    switched       rate             size/glue  tier1     binary        remaining
c          MB   reductions      conflicts           size   tier2      irredundant
c           level      restarts         redundant      glue    trail        variables
c
c w 683.19 39 15 84 613 227109 2 10126330 115893 1.6 15 10 5 11 49% 25451 7981 2013 115%
c - 683.53 39 15 84 614 227209 2 10131473 100028 1.6 15 10 5 11 49% 25451 7981 2013 115%
c - 685.06 39 16 84 615 228404 2 10156253 101444 1.6 15 10 5 11 49% 25451 7981 2013 115%
c - 686.62 39 16 84 616 229475 2 10181053 102775 1.6 16 10 5 11 49% 25451 7981 2013 115%
c - 688.21 39 16 84 617 230801 2 10205872 103644 1.6 16 10 5 11 49% 25451 7981 2013 115%
c - 689.73 39 16 84 618 231899 2 10230711 104222 1.6 16 10 5 11 49% 25451 7981 2013 115%
c - 691.21 39 16 84 619 232703 2 10255571 104324 1.6 16 10 5 11 49% 25451 7981 2013 115%
c - 692.76 39 17 84 620 233887 2 10280451 104987 1.7 16 10 5 11 49% 25451 7981 2013 115%
c - 694.31 39 17 84 621 234884 2 10305350 105123 1.7 16 10 5 11 49% 25451 7981 2013 115%
c - 695.85 39 17 84 622 235939 2 10330269 105472 1.7 17 10 5 11 49% 25451 7981 2013 115%
c - 697.29 39 17 84 623 236551 2 10355209 105666 1.7 17 10 5 11 49% 25451 7981 2013 115%
c - 698.88 39 17 84 624 237594 2 10380170 105213 1.7 17 10 5 11 49% 25451 7981 2013 115%
c } 700.25 39 17 85 624 238668 2 10402236 125134 1.7 17 10 5 11 49% 25451 7981 2013 115%
c [ 700.25 39 22 85 624 238668 1 10402236 125134 2.0 26 13 5 14 51% 25451 7981 2013 115%
c O 700.25 39 22 85 624 238668 1 10402236 125134 2.0 26 13 5 14 51% 25451 7981 2013 115%
c - 700.43 39 21 85 625 238670 1 10405149 105080 2.0 25 13 5 14 51% 25451 7981 2013 115%
c - 702.03 39 21 85 626 238682 1 10430149 103004 2.0 25 13 5 14 51% 25451 7981 2013 115%
c - 703.76 39 20 85 627 238695 1 10455170 101899 2.0 25 12 5 14 51% 25451 7981 2013 115%
c u 704.70 39 20 85 627 238697 1 10460094 100590 2.0 25 12 5 14 51% 25451 7981 2013 115%
c v 705.47 39 20 85 627 238697 1 10460094 90607 2.0 25 12 5 14 51% 25451 7981 2013 115%
c
c  seconds    switched       rate            size/glue  tier1     binary        remaining
c          MB   reductions      conflicts          size   tier2      irredundant
c           level      restarts         redundant     glue    trail        variables
c
c w 705.74 39 20 85 627 238697 1 10460094 83491 2.0 25 12 5 14 51% 25451 7981 2013 115%
c o 706.23 39 20 85 627 238698 1 10467847 90459 2.0 24 12 5 14 51% 25451 7981 2013 115%
c - 706.97 39 28 85 628 238698 1 10480209 83428 1.8 26 14 5 14 51% 25451 7981 2013 115%
c - 708.53 39 30 85 629 238712 1 10505268 88067 1.8 25 14 5 14 50% 25451 7981 2013 115%
c - 710.18 39 28 85 630 238721 1 10530347 93156 1.8 25 14 5 14 51% 25451 7981 2013 115%
c - 711.89 39 26 85 631 238729 1 10555446 97060 1.8 25 14 5 14 50% 25451 7981 2013 115%
c - 713.74 39 25 85 632 238730 1 10580565 98863 1.9 25 13 5 14 51% 25451 7981 2013 115%
c - 715.69 39 23 85 633 238736 1 10605704 100982 1.9 24 13 5 14 51% 25451 7981 2013 115%
c - 717.54 39 22 85 634 238745 1 10630865 103693 1.9 23 13 5 14 51% 25451 7981 2013 115%
c - 719.29 39 22 85 635 238759 1 10656044 102676 1.9 24 13 5 14 51% 25451 7981 2013 115%
c - 721.17 39 21 85 636 238762 1 10681245 100255 1.9 24 13 5 14 50% 25451 7981 2013 115%
c - 723.05 39 21 85 637 238776 1 10706464 99905 2.0 25 13 5 14 51% 25451 7981 2013 115%
c B 723.84 39 21 85 637 238779 1 10716819 109690 2.0 25 13 5 14 51% 25451 7981 2013 115%
c ] 724.57 39 21 86 637 238784 1 10726764 118909 1.9 25 13 5 14 51% 25451 7981 2013 115%
c { 724.57 39 17 86 637 238784 2 10726764 118909 1.7 17 10 5 11 49% 25451 7981 2013 115%
c - 725.15 39 18 86 638 239639 3 10731702 98224 1.7 17 10 5 11 49% 25451 7981 2013 115%
c - 728.37 39 26 86 639 244045 4 10756960 92826 1.7 21 12 5 11 49% 25451 7981 2013 115%
c - 731.77 39 31 86 640 248428 5 10782240 85547 1.8 24 14 5 11 49% 25451 7981 2013 115%
c u 734.88 39 34 86 640 251305 6 10799766 97619 1.8 26 15 5 11 49% 25451 7981 2013 115%
c v 735.76 39 34 86 640 251305 6 10799766 95856 1.8 26 15 5 11 49% 25451 7981 2013 115%
c
c  seconds    switched       rate            size/glue  tier1     binary        remaining
c          MB   reductions      conflicts          size   tier2      irredundant
c           level      restarts         redundant     glue    trail        variables
c
c w 736.14 39 34 86 640 251305 6 10799766 95798 1.8 26 15 5 11 49% 25451 7981 2013 115%
c - 737.32 39 35 86 641 252608 6 10807538 78128 1.8 26 15 5 11 49% 25451 7981 2013 115%
c - 740.52 39 38 86 642 256240 6 10832858 79049 1.8 28 16 5 11 49% 25451 7981 2013 115%
c - 743.19 39 39 86 643 258463 6 10858195 81102 1.8 30 16 5 11 49% 25451 7981 2013 115%
c - 745.83 39 40 86 644 260633 6 10883552 83420 1.9 31 16 5 11 49% 25451 7981 2013 115%
c o 747.29 39 41 86 644 261800 6 10898143 97748 1.9 31 17 5 11 49% 25451 7981 2013 115%
c - 748.55 39 41 86 645 262775 6 10908930 83424 1.9 32 17 5 11 49% 25451 7981 2013 115%
c - 751.01 39 42 86 646 264354 5 10934326 74567 1.9 32 17 4 11 49% 25451 7981 2013 115%
c - 753.38 39 42 86 647 265840 5 10959742 73119 1.9 33 17 4 11 49% 25451 7981 2013 115%
c - 755.73 39 42 86 648 267440 5 10985179 73717 2.0 34 17 4 11 49% 25451 7981 2013 115%
c - 757.84 39 42 86 649 268482 5 11010634 74863 2.0 34 17 4 11 49% 25451 7981 2013 115%
c - 760.24 39 42 86 650 270062 4 11036110 74684 2.0 34 17 4 11 49% 25451 7981 2013 115%
c - 762.75 39 42 86 651 271865 4 11061605 73411 2.0 34 17 4 11 49% 25451 7981 2013 115%
c - 764.97 39 42 86 652 273005 4 11087120 73497 2.0 34 17 4 11 50% 25451 7981 2013 115%
c } 766.08 39 42 87 652 273727 4 11099619 85724 2.0 34 17 4 11 50% 25451 7981 2013 115%
c [ 766.08 39 21 87 652 273727 1 11099619 85724 1.9 25 13 5 14 51% 25451 7981 2013 115%
c W 768.32 39 21 87 652 273727 1 11099619 85724 1.9 25 13 5 14 51% 25451 7981 2013 115%
c - 769.17 39 21 87 653 273734 1 11112655 77247 1.9 24 13 5 14 51% 25451 7981 2013 115%
c - 770.79 39 20 87 654 273746 1 11138209 84370 1.9 24 12 5 14 51% 25451 7981 2013 115%
c u 772.15 39 20 87 654 273749 1 11145369 85377 1.9 24 12 5 14 51% 25451 7981 2013 115%
c
c  seconds    switched       rate            size/glue  tier1     binary        remaining
c          MB   reductions      conflicts          size   tier2      irredundant
c           level      restarts         redundant     glue    trail        variables
c
c v 773.29 39 20 87 654 273749 1 11145369 75985 1.9 24 12 5 14 51% 25451 7981 2013 115%
c w 773.70 39 20 87 654 273749 1 11145369 71478 1.9 24 12 5 14 51% 25451 7981 2013 115%
c - 774.89 39 20 87 655 273756 1 11163783 72519 1.9 24 12 5 14 51% 25451 7981 2013 115%
c - 776.52 39 20 87 656 273763 1 11189375 79985 2.0 24 12 5 14 51% 25451 7981 2013 115%
c - 778.29 39 20 87 657 273773 1 11214988 84941 2.0 24 12 5 14 51% 25451 7981 2013 115%
c - 780.22 39 19 87 658 273787 1 11240621 87629 2.0 24 12 5 14 51% 25451 7981 2013 115%
c - 781.98 39 20 87 659 273789 1 11266273 86650 2.0 24 12 5 14 51% 25451 7981 2013 115%
c - 783.80 39 20 87 660 273789 1 11291945 83815 2.0 24 12 5 14 51% 25451 7981 2013 115%
c - 785.57 39 20 87 661 273803 1 11317635 83493 2.0 25 12 5 14 52% 25451 7981 2013 115%
c - 787.30 39 21 87 662 273813 1 11343346 84350 2.0 25 12 5 14 52% 25451 7981 2013 115%
c - 789.24 39 21 87 663 273820 1 11369076 83366 2.0 25 13 5 14 52% 25451 7981 2013 115%
c - 791.09 39 21 87 664 273831 1 11394826 82868 1.9 25 13 5 14 52% 25451 7981 2013 115%
c - 792.83 39 21 87 665 273842 1 11420594 85180 2.0 25 13 5 14 52% 25451 7981 2013 115%
c I 793.65 39 21 87 665 273849 1 11433291 97329 2.0 25 13 5 14 52% 25451 7981 2013 115%
c o 793.65 39 21 87 665 273849 1 11433291 97329 2.0 25 13 5 14 52% 25451 7981 2013 115%
c - 794.43 39 29 87 666 273851 1 11446383 82808 1.9 27 14 5 14 52% 25451 7981 2013 115%
c - 796.05 39 33 87 667 273852 1 11472189 73626 1.9 30 16 5 14 52% 25451 7981 2013 115%
c u 798.43 39 36 87 667 273853 1 11496904 94525 1.9 32 17 5 14 52% 25451 7981 2013 115%
c v 799.28 39 36 87 667 273853 1 11496904 93763 1.9 32 17 5 14 52% 25451 7981 2013 115%
c w 799.65 39 36 87 667 273853 1 11496904 93202 1.9 32 17 5 14 52% 25451 7981 2013 115%
c
c  seconds    switched       rate            size/glue  tier1     binary        remaining
c          MB   reductions      conflicts          size   tier2      irredundant
c           level      restarts         redundant     glue    trail        variables
c
c - 803.39 39 36 87 668 273853 1 11498015 62387 1.9 32 17 5 14 51% 25451 7981 2013 115%
c - 805.08 39 37 87 669 273853 1 11523860 60323 1.8 33 18 5 14 52% 25451 7981 2013 115%
c - 806.81 39 36 87 670 273853 1 11549725 59513 1.8 35 19 5 14 51% 25451 7981 2013 115%
c - 808.50 39 37 87 671 273864 1 11575611 60298 1.8 35 19 5 14 51% 25451 7981 2013 115%
c - 810.24 39 37 87 672 273875 1 11601515 61460 1.8 36 19 5 14 51% 25451 7981 2013 115%
c - 812.00 39 36 87 673 273884 1 11627437 61864 1.8 36 20 5 14 51% 25451 7981 2013 115%
c - 813.85 39 36 87 674 273892 1 11653379 61757 1.8 36 20 5 14 51% 25451 7981 2013 115%
c ] 815.18 39 35 88 674 273899 1 11672897 80398 1.8 36 19 5 14 51% 25451 7981 2013 115%
c { 815.18 39 42 88 674 273899 4 11672897 80398 2.0 34 17 4 11 50% 25451 7981 2013 115%
c - 815.57 39 41 88 675 273914 4 11679343 64348 2.0 34 17 4 11 50% 25451 7981 2013 115%
c - 817.04 39 36 88 676 273917 3 11705326 71263 1.9 31 16 4 11 50% 25451 7981 2013 115%
c - 818.61 39 32 88 677 273924 3 11731326 77263 1.9 29 15 4 11 49% 25451 7981 2013 115%
c - 820.01 39 29 88 678 273948 3 11757347 82223 1.9 27 14 4 11 49% 25451 7981 2013 115%
c - 821.57 39 26 88 679 273950 2 11783386 86336 1.9 26 14 4 11 49% 25451 7981 2013 115%
c - 823.05 39 24 88 680 273994 2 11809443 89132 1.9 25 13 4 11 49% 25451 7981 2013 115%
c - 824.47 39 22 88 681 274081 2 11835519 89777 1.9 23 12 4 11 49% 25451 7981 2013 115%
c u 825.92 39 21 88 681 274162 2 11854426 103329 1.9 22 12 4 11 49% 25451 7981 2013 115%
c v 826.48 39 21 88 681 274162 2 11854426 96665 1.9 22 12 4 11 49% 25451 7981 2013 115%
c w 826.68 39 21 88 681 274162 2 11854426 93808 1.9 22 12 4 11 49% 25451 7981 2013 115%
c - 827.13 39 21 88 682 274222 2 11861614 79799 1.9 22 12 4 11 49% 25451 7981 2013 115%
c
c  seconds    switched       rate            size/glue  tier1     binary        remaining
c          MB   reductions      conflicts          size   tier2      irredundant
c           level      restarts         redundant     glue    trail        variables
c
c - 828.45 39 19 88 683 274303 2 11887729 83937 1.8 21 11 4 11 49% 25451 7981 2013 115%
c o 828.63 39 19 88 683 274307 2 11891188 87118 1.8 21 11 4 11 49% 25451 7981 2013 115%
c - 829.80 39 19 88 684 274565 2 11913864 86060 1.8 20 11 4 11 49% 25451 7981 2013 115%
c - 831.18 39 18 88 685 274843 2 11940019 87638 1.8 20 11 4 11 49% 25451 7981 2013 115%
c - 832.53 39 18 88 686 275066 2 11966192 88074 1.8 19 11 4 11 49% 25451 7981 2013 115%
c - 833.84 39 17 88 687 275357 2 11992383 87689 1.8 18 10 4 11 49% 25451 7981 2013 115%
c - 835.22 39 17 88 688 275959 2 12018596 87917 1.8 18 10 4 11 49% 25451 7981 2013 115%
c - 836.61 39 17 88 689 276382 2 12044826 88166 1.7 18 10 4 11 49% 25451 7981 2013 115%
c } 837.56 39 17 89 689 277001 2 12061836 103457 1.7 18 10 4 11 49% 25451 7981 2013 115%
c [ 837.56 39 35 89 689 277001 1 12061836 103457 1.8 36 19 5 14 51% 25451 7981 2013 115%
c B 837.56 39 35 89 689 277001 1 12061836 103457 1.8 36 19 5 14 51% 25451 7981 2013 115%
c - 838.07 39 35 89 690 277007 1 12071075 84343 1.8 36 20 5 14 51% 25451 7981 2013 115%
c - 839.70 39 35 89 691 277018 1 12097342 73474 1.9 36 19 5 14 51% 25451 7981 2013 115%
c - 841.39 39 35 89 692 277030 1 12123630 65913 1.9 36 19 5 14 51% 25451 7981 2013 115%
c - 843.15 39 35 89 693 277036 1 12149938 63313 1.8 36 20 5 14 51% 25451 7981 2013 115%
c - 844.88 39 34 89 694 277046 1 12176262 60776 1.8 36 20 5 14 51% 25451 7981 2013 115%
c - 846.66 39 33 89 695 277061 1 12202606 60905 1.8 35 19 5 14 51% 25451 7981 2013 115%
c u 848.26 39 32 89 695 277062 1 12217904 72963 1.8 35 19 5 14 51% 25451 7981 2013 115%
c v 849.00 39 32 89 695 277062 1 12217904 72377 1.8 35 19 5 14 51% 25451 7981 2013 115%
c w 849.31 39 32 89 695 277062 1 12217904 72248 1.8 35 19 5 14 51% 25451 7981 2013 115%
c
c  seconds    switched       rate            size/glue  tier1     binary        remaining
c          MB   reductions      conflicts          size   tier2      irredundant
c           level      restarts         redundant     glue    trail        variables
c
c - 850.09 39 32 89 696 277063 1 12228968 58352 1.8 35 19 5 15 51% 25451 7981 2013 115%
c - 851.82 39 31 89 697 277063 1 12255351 59364 1.8 34 19 5 15 51% 25451 7981 2013 115%
c - 853.54 39 31 89 698 277077 1 12281752 61317 1.8 34 19 5 15 51% 25451 7981 2013 115%
c - 855.32 39 30 89 699 277089 1 12308171 61770 1.8 34 19 5 15 51% 25451 7981 2013 115%
c - 856.91 39 30 89 700 277094 1 12334612 66043 1.9 34 18 5 15 51% 25451 7981 2013 115%
c - 858.60 39 30 89 701 277107 1 12361069 68257 1.9 33 18 5 15 51% 25451 7981 2013 115%
c o 859.93 39 29 89 701 277116 1 12381646 87776 1.9 32 17 5 15 51% 25451 7981 2013 115%
c - 860.28 39 33 89 702 277118 1 12387545 70389 1.8 33 18 5 15 51% 25451 7981 2013 115%
c ] 860.74 39 33 90 702 277123 1 12395771 78289 1.8 33 18 5 15 51% 25451 7981 2013 115%
c { 860.74 39 17 90 702 277123 2 12395771 78289 1.7 18 10 4 11 49% 25451 7981 2013 115%
c - 861.79 39 17 90 703 277685 2 12414041 76999 1.7 17 10 4 11 49% 25451 7981 2013 115%
c - 863.34 39 17 90 704 278674 2 12440556 84068 1.7 17 10 4 11 49% 25451 7981 2013 115%
c - 864.80 39 17 90 705 279393 2 12467089 88122 1.7 17 10 4 11 49% 25451 7981 2013 115%
c - 866.28 39 17 90 706 280156 2 12493640 89463 1.7 17 10 4 11 49% 25451 7981 2013 115%
c - 867.84 39 17 90 707 281335 2 12520210 90122 1.7 17 10 4 11 49% 25451 7981 2013 115%
c - 869.36 39 17 90 708 282468 2 12546799 90574 1.7 17 10 4 11 49% 25451 7981 2013 115%
c - 870.83 39 17 90 709 283255 2 12573407 91059 1.7 17 10 4 11 49% 25451 7981 2013 115%
c u 872.27 39 17 90 709 283601 2 12587392 98465 1.7 17 10 4 11 49% 25451 7981 2013 115%
c v 873.05 39 17 90 709 283601 2 12587392 94787 1.7 17 10 4 11 49% 25451 7981 2013 115%
c w 873.32 39 17 90 709 283601 2 12587392 94239 1.7 17 10 4 11 49% 25451 7981 2013 115%
c
c  seconds    switched       rate            size/glue  tier1     binary        remaining
c          MB   reductions      conflicts          size   tier2      irredundant
c           level      restarts         redundant     glue    trail        variables
c
c - 874.06 39 17 90 710 284246 2 12600034 84212 1.7 17 10 4 11 49% 25451 7981 2013 115%
c - 875.51 39 17 90 711 285364 2 12626679 85667 1.7 17 10 4 11 49% 25451 7981 2013 115%
c - 876.94 39 17 90 712 286061 2 12653345 86792 1.7 17 10 4 11 49% 25451 7981 2013 115%
c - 878.39 39 17 90 713 286686 2 12680028 87251 1.7 17 10 4 11 49% 25451 7981 2013 115%
c - 879.90 39 17 90 714 287965 2 12706730 87826 1.7 17 10 4 11 49% 25451 7981 2013 115%
c - 881.40 39 17 90 715 288931 2 12733450 88033 1.7 17 10 4 11 49% 25451 7981 2013 115%
c - 882.85 39 17 90 716 289878 2 12760189 88340 1.7 17 10 4 11 49% 25451 7981 2013 115%
c - 884.28 39 17 90 717 290835 2 12786949 88698 1.7 17 10 4 11 49% 25451 7981 2013 115%
c } 885.08 39 17 91 717 291413 2 12801092 101516 1.7 17 10 4 11 49% 25451 7981 2013 115%
c [ 885.08 39 33 91 717 291413 1 12801092 101516 1.8 33 18 5 15 51% 25451 7981 2013 115%
c W 888.00 39 33 91 717 291413 1 12801092 101516 1.8 33 18 5 15 51% 25451 7981 2013 115%
c - 888.69 39 32 91 718 291420 1 12813725 86368 1.8 32 17 5 15 51% 25451 7981 2013 115%
c - 890.38 39 30 91 719 291433 1 12840521 81561 1.9 31 17 5 15 52% 25451 7981 2013 115%
c - 892.47 39 28 91 720 291443 1 12867335 79508 1.9 31 16 5 15 52% 25451 7981 2013 115%
c - 894.47 39 27 91 721 291450 1 12894168 81615 1.9 30 15 5 15 52% 25451 7981 2013 115%
c - 896.46 39 25 91 722 291463 1 12921020 83310 1.9 29 15 5 15 51% 25451 7981 2013 115%
c - 898.51 39 24 91 723 291473 1 12947890 83405 1.9 28 15 5 15 51% 25451 7981 2013 115%
c u 900.20 39 24 91 723 291474 1 12962889 94883 1.9 28 15 5 15 52% 25451 7981 2013 115%
c v 901.08 39 24 91 723 291474 1 12962889 93846 1.9 28 15 5 15 52% 25451 7981 2013 115%
c w 901.40 39 24 91 723 291474 1 12962889 91338 1.9 28 15 5 15 52% 25451 7981 2013 115%
c
c  seconds    switched       rate            size/glue  tier1     binary        remaining
c          MB   reductions      conflicts          size   tier2      irredundant
c           level      restarts         redundant     glue    trail        variables
c
c o 901.42 39 24 91 723 291474 1 12962889 91338 1.9 28 15 5 15 52% 25451 7981 2013 115%
c - 902.19 39 25 91 724 291475 1 12974780 78364 1.9 28 15 5 15 51% 25451 7981 2013 115%
c - 903.88 39 25 91 725 291478 1 13001687 80606 1.9 27 14 5 15 51% 25451 7981 2013 115%
c - 905.68 39 24 91 726 291490 1 13028613 83522 1.9 26 14 5 15 51% 25451 7981 2013 115%
c - 907.55 39 22 91 727 291505 1 13055562 87097 1.9 26 13 5 15 51% 25451 7981 2013 115%
c - 909.29 39 23 91 728 291509 1 13082524 85348 1.9 26 14 5 15 51% 25451 7981 2013 115%
c - 911.11 39 22 91 729 291521 1 13109505 81346 1.9 26 14 5 15 51% 25451 7981 2013 115%
c ] 912.36 39 22 92 729 291532 1 13129149 99959 1.9 26 14 5 15 51% 25451 7981 2013 115%
c { 912.36 39 17 92 729 291532 2 13129149 99959 1.7 17 10 4 11 49% 25451 7981 2013 115%
c - 912.84 39 17 92 730 291926 2 13136505 81044 1.7 17 10 4 11 49% 25451 7981 2013 115%
c - 914.27 39 17 92 731 292615 2 13163524 84104 1.7 17 10 4 11 49% 25451 7981 2013 115%
c - 915.76 39 17 92 732 293719 2 13190561 89108 1.7 17 10 4 11 49% 25451 7981 2013 115%
c - 917.25 39 17 92 733 294478 2 13217616 90185 1.7 17 10 4 11 49% 25451 7981 2013 115%
c - 918.79 39 17 92 734 295502 2 13244689 90557 1.7 17 10 4 11 49% 25451 7981 2013 115%
c - 920.35 39 17 92 735 296661 2 13271784 91353 1.7 17 10 4 11 49% 25451 7981 2013 115%
c - 921.83 39 17 92 736 297475 2 13298894 91435 1.7 17 10 4 11 49% 25451 7981 2013 115%
c - 923.36 39 17 92 737 298523 2 13326024 91151 1.7 17 10 4 11 49% 25451 7981 2013 115%
c u 925.01 39 17 92 737 299352 2 13344396 103971 1.7 17 10 4 11 49% 25451 7981 2013 115%
c v 925.83 39 17 92 737 299352 2 13344396 97177 1.7 17 10 4 11 49% 25451 7981 2013 115%
c w 926.11 39 17 92 737 299352 2 13344396 96178 1.7 17 10 4 11 49% 25451 7981 2013 115%
c
c  seconds    switched       rate            size/glue  tier1     binary        remaining
c          MB   reductions      conflicts          size   tier2      irredundant
c           level      restarts         redundant     glue    trail        variables
c
c - 926.61 39 17 92 738 299691 2 13353171 83247 1.7 17 10 4 11 49% 25451 7981 2013 115%
c - 928.05 39 17 92 739 300581 2 13380337 86815 1.7 17 10 4 11 49% 25451 7981 2013 115%
c - 929.50 39 17 92 740 301455 2 13407521 88148 1.7 17 10 4 11 49% 25451 7981 2013 115%
c - 931.02 39 17 92 741 302558 2 13434724 88765 1.7 17 10 4 11 49% 25451 7981 2013 115%
c o 931.48 39 17 92 741 302928 2 13442986 96135 1.7 17 10 4 11 49% 25451 7981 2013 115%
c - 932.50 39 17 92 742 303536 2 13461946 88693 1.7 17 10 4 11 49% 25451 7981 2013 115%
c - 934.01 39 17 92 743 304500 2 13489185 89036 1.7 17 10 4 11 49% 25451 7981 2013 115%
c - 935.50 39 17 92 744 305135 2 13516443 90151 1.7 17 10 4 11 49% 25451 7981 2013 115%
c - 937.02 39 17 92 745 306335 2 13543720 90376 1.7 17 10 4 11 49% 25451 7981 2013 115%
c } 937.43 39 17 93 745 306567 2 13551153 97182 1.7 17 10 4 11 49% 25451 7981 2013 115%
c [ 937.43 39 22 93 745 306567 1 13551153 97182 1.9 26 14 5 15 51% 25451 7981 2013 115%
c O 937.43 39 22 93 745 306567 1 13551153 97182 1.9 26 14 5 15 51% 25451 7981 2013 115%
c - 938.53 39 22 93 746 306579 1 13571014 89631 1.9 25 14 5 15 51% 25451 7981 2013 115%
c - 940.23 39 21 93 747 306591 1 13598327 88610 1.9 25 13 5 15 52% 25451 7981 2013 115%
c - 942.13 39 21 93 748 306597 1 13625659 86413 1.9 25 13 5 15 52% 25451 7981 2013 115%
c - 944.13 39 20 93 749 306610 1 13653008 85872 1.9 25 13 5 15 51% 25451 7981 2013 115%
c - 946.16 39 19 93 750 306622 1 13680375 88919 1.9 24 13 5 15 51% 25451 7981 2013 115%
c - 947.89 39 20 93 751 306628 1 13707762 89038 1.9 24 13 5 15 51% 25451 7981 2013 115%
c u 950.18 39 20 93 751 306629 1 13731940 109065 1.9 25 13 5 15 52% 25451 7981 2013 115%
c v 951.07 39 20 93 751 306629 1 13731940 107742 1.9 25 13 5 15 52% 25451 7981 2013 115%
c
c  seconds    switched       rate             size/glue  tier1     binary        remaining
c          MB   reductions      conflicts           size   tier2      irredundant
c           level      restarts         redundant      glue    trail        variables
c
c w 951.39 39 20 93 751 306629 1 13731940 102672 1.9 25 13 5 15 52% 25451 7981 2013 115%
c - 951.62 39 20 93 752 306629 1 13735171 78910 1.9 25 13 5 15 52% 25451 7981 2013 115%
c - 953.52 39 20 93 753 306639 1 13762594 80796 1.9 25 13 5 15 52% 25451 7981 2013 115%
c - 955.36 39 20 93 754 306651 1 13790035 84968 1.9 25 13 5 15 52% 25451 7981 2013 115%
c - 957.35 39 20 93 755 306660 1 13817497 86409 1.9 24 13 5 15 52% 25451 7981 2013 115%
c - 959.26 39 21 93 756 306670 1 13844974 81920 1.9 25 14 5 15 52% 25451 7981 2013 115%
c - 961.22 39 21 93 757 306682 1 13872469 80564 1.9 26 13 5 15 52% 25451 7981 2013 115%
c ] 962.54 39 21 94 757 306690 1 13890718 98027 2.0 26 13 5 15 52% 25451 7981 2013 115%
c { 962.54 39 17 94 757 306690 2 13890718 98027 1.7 17 10 4 11 49% 25451 7981 2013 115%
c - 963.15 39 17 94 758 307095 2 13899982 85859 1.7 17 10 4 11 49% 25451 7981 2013 115%
c - 964.75 39 17 94 759 308189 2 13927513 89349 1.7 17 10 4 11 49% 25451 7981 2013 115%
c o 965.16 39 17 94 759 308410 2 13935397 96547 1.7 17 10 4 11 49% 25451 7981 2013 115%
c - 966.29 39 17 94 760 309127 2 13955062 90879 1.7 17 10 4 11 49% 25451 7981 2013 115%
c - 967.76 39 17 94 761 309977 2 13982631 91841 1.7 17 10 4 11 49% 25451 7981 2013 115%
c - 969.22 39 17 94 762 310963 2 14010220 91917 1.7 17 10 4 11 49% 25451 7981 2013 115%
c - 970.72 39 17 94 763 311893 2 14037824 92094 1.7 17 10 4 11 49% 25451 7981 2013 115%
c - 972.33 39 17 94 764 313313 2 14065446 92048 1.7 17 10 4 11 49% 25451 7981 2013 115%
c - 973.87 39 17 94 765 314294 2 14093086 92455 1.7 17 10 4 11 49% 25451 7981 2013 115%
c - 975.40 39 17 94 766 315141 2 14120746 92896 1.7 17 10 4 11 49% 25451 7981 2013 115%
c u 976.37 39 17 94 766 315246 2 14125546 92503 1.7 17 10 4 11 49% 25451 7981 2013 115%
c
c  seconds    switched       rate            size/glue  tier1     binary        remaining
c          MB   reductions      conflicts          size   tier2      irredundant
c           level      restarts         redundant     glue    trail        variables
c
c v 977.21 39 17 94 766 315246 2 14125546 85723 1.7 17 10 4 11 49% 25451 7981 2013 115%
c w 977.49 39 17 94 766 315246 2 14125546 84774 1.7 17 10 4 11 49% 25451 7981 2013 115%
c - 978.73 39 17 94 767 316162 2 14148423 82568 1.7 17 10 4 11 49% 25451 7981 2013 115%
c - 980.06 39 17 94 768 316701 2 14176117 87256 1.7 17 10 4 11 49% 25451 7981 2013 115%
c - 981.58 39 17 94 769 317806 2 14203830 89229 1.7 17 10 4 11 49% 25451 7981 2013 115%
c - 983.11 39 17 94 770 319015 2 14231560 89712 1.7 17 10 4 11 49% 25451 7981 2013 115%
c - 984.63 39 17 94 771 320052 2 14259308 89838 1.7 17 10 4 11 49% 25451 7981 2013 115%
c - 986.02 39 17 94 772 320636 2 14287075 90021 1.7 16 10 4 11 49% 25451 7981 2013 115%
c - 987.52 39 17 94 773 321604 2 14314860 90293 1.7 16 10 4 11 49% 25451 7981 2013 115%
c } 988.32 39 17 95 773 322349 2 14329705 103606 1.6 16 10 4 11 49% 25451 7981 2013 115%
c [ 988.32 39 21 95 773 322349 1 14329705 103606 2.0 26 13 5 15 52% 25451 7981 2013 115%
c B 988.32 39 21 95 773 322349 1 14329705 103606 2.0 26 13 5 15 52% 25451 7981 2013 115%
c - 989.01 39 22 95 774 322356 1 14342663 87734 2.0 27 14 5 15 52% 25451 7981 2013 115%
c - 990.64 39 22 95 775 322369 1 14370483 84065 2.0 27 14 5 15 52% 25451 7981 2013 115%
c - 992.74 39 21 95 776 322379 1 14398321 84256 2.0 27 13 5 15 52% 25451 7981 2013 115%
c - 994.76 39 22 95 777 322389 1 14426179 84495 2.0 27 14 5 15 52% 25451 7981 2013 115%
c - 996.72 39 21 95 778 322401 1 14454053 83927 2.0 27 14 5 15 52% 25451 7981 2013 115%
c - 998.93 39 21 95 779 322410 1 14481946 85995 2.0 27 13 5 15 52% 25451 7981 2013 115%
c - 1000.92 39 21 95 780 322411 1 14509857 87571 2.0 26 13 5 15 52% 25451 7981 2013 115%
c u 1002.74 39 21 95 780 322411 1 14525214 98809 2.0 26 13 5 15 52% 25451 7981 2013 115%
c
c   seconds    switched       rate            size/glue  tier1     binary        remaining
c           MB   reductions      conflicts          size   tier2      irredundant
c            level      restarts         redundant     glue    trail        variables
c
c v 1003.66 39 21 95 780 322411 1 14525214 87696 2.0 26 13 5 15 52% 25451 7981 2013 115%
c w 1003.99 39 21 95 780 322411 1 14525214 73808 2.0 26 13 5 15 52% 25451 7981 2013 115%
c o 1004.01 39 21 95 780 322411 1 14525214 73808 2.0 26 13 5 15 52% 25451 7981 2013 115%
c - 1004.81 39 24 95 781 322418 1 14537785 66197 1.9 27 14 5 15 52% 25451 7981 2013 115%
c - 1006.48 39 25 95 782 322432 1 14565732 69104 1.9 29 15 5 15 52% 25451 7981 2013 115%
c - 1008.33 39 25 95 783 322442 1 14593696 70383 1.9 29 15 5 15 52% 25451 7981 2013 115%
c - 1010.34 39 25 95 784 322450 1 14621679 73104 1.9 29 15 5 15 52% 25451 7981 2013 115%
c - 1012.27 39 25 95 785 322464 1 14649679 78719 2.0 30 15 5 15 52% 25451 7981 2013 115%
c ] 1014.17 39 26 96 785 322473 1 14674817 103049 2.0 30 15 5 15 52% 25451 7981 2013 115%
c { 1014.17 39 17 96 785 322473 2 14674817 103049 1.6 16 10 4 11 49% 25451 7981 2013 115%
c - 1014.42 39 17 96 786 322567 2 14677696 80202 1.6 16 10 4 11 49% 25451 7981 2013 115%
c - 1016.17 39 17 96 787 323765 2 14705733 85929 1.7 17 10 4 11 49% 25451 7981 2013 115%
c - 1017.85 39 17 96 788 324931 2 14733789 92541 1.7 17 10 4 11 49% 25451 7981 2013 115%
c - 1019.37 39 17 96 789 325952 2 14761860 94260 1.7 17 10 4 11 49% 25451 7981 2013 115%
c - 1020.91 39 17 96 790 326909 2 14789951 94555 1.7 17 10 4 11 49% 25451 7981 2013 115%
c - 1022.47 39 17 96 791 327892 2 14818057 94500 1.7 17 10 4 11 49% 25451 7981 2013 115%
c - 1023.97 39 17 96 792 328703 2 14846182 94603 1.7 17 10 4 11 49% 25451 7981 2013 115%
c - 1025.44 39 17 96 793 329349 2 14874327 94960 1.7 17 10 4 11 49% 25451 7981 2013 115%
c - 1027.05 39 17 96 794 330516 2 14902488 95567 1.7 17 10 4 11 49% 25451 7981 2013 115%
c - 1028.64 39 17 96 795 331606 2 14930667 95836 1.7 17 10 4 11 49% 25451 7981 2013 115%
c
c   seconds    switched       rate            size/glue  tier1     binary        remaining
c           MB   reductions      conflicts          size   tier2      irredundant
c            level      restarts         redundant     glue    trail        variables
c
c u 1029.36 39 17 96 795 331606 2 14930972 90222 1.7 17 10 4 11 49% 25451 7981 2013 115%
c v 1030.22 39 17 96 795 331606 2 14930972 85559 1.7 17 10 4 11 49% 25451 7981 2013 115%
c w 1030.52 39 17 96 795 331606 2 14930972 85160 1.7 17 10 4 11 49% 25451 7981 2013 115%
c - 1032.03 39 17 96 796 332539 2 14958862 87686 1.7 17 10 4 11 49% 25451 7981 2013 115%
c - 1033.53 39 17 96 797 333478 2 14987075 89987 1.7 17 10 4 11 49% 25451 7981 2013 115%
c - 1035.07 39 17 96 798 334461 2 15015306 90475 1.7 17 10 4 11 49% 25451 7981 2013 115%
c o 1036.15 39 17 96 798 335068 2 15035389 108546 1.7 17 10 4 11 49% 25451 7981 2013 115%
c - 1036.59 39 17 96 799 335236 2 15043554 91169 1.7 17 10 4 11 49% 25451 7981 2013 115%
c - 1038.13 39 17 96 800 336237 2 15071820 91523 1.7 17 10 4 11 49% 25451 7981 2013 115%
c - 1039.65 39 17 96 801 337205 2 15100104 91873 1.7 17 10 4 11 49% 25451 7981 2013 115%
c - 1041.18 39 17 96 802 338292 2 15128408 92277 1.7 17 10 4 11 49% 25451 7981 2013 115%
c } 1041.34 39 17 97 802 338397 2 15131080 94707 1.7 17 10 4 11 49% 25451 7981 2013 115%
c [ 1041.34 39 26 97 802 338397 1 15131080 94707 2.0 30 15 5 15 52% 25451 7981 2013 115%
c W 1044.99 39 26 97 802 338397 1 15131080 94707 2.0 30 15 5 15 52% 25451 7981 2013 115%
c - 1046.38 39 25 97 803 338411 1 15156727 88528 2.0 29 15 5 15 52% 25451 7981 2013 115%
c - 1048.07 39 23 97 804 338425 1 15185065 86346 2.0 28 14 5 15 52% 25451 7981 2013 115%
c - 1049.91 39 22 97 805 338428 1 15213419 90121 2.0 26 13 5 15 52% 25451 7981 2013 115%
c - 1051.56 39 21 97 806 338442 1 15241791 92916 2.0 25 13 5 15 52% 25451 7981 2013 115%
c - 1053.31 39 20 97 807 338456 1 15270185 92719 2.0 25 13 5 15 52% 25451 7981 2013 115%
c - 1055.19 39 21 97 808 338459 1 15298592 91120 2.0 25 13 5 15 52% 25451 7981 2013 115%
c
c   seconds    switched       rate            size/glue  tier1     binary        remaining
c           MB   reductions      conflicts          size   tier2      irredundant
c            level      restarts         redundant     glue    trail        variables
c
c - 1057.19 39 20 97 809 338459 1 15327019 91972 2.0 24 12 5 15 51% 25451 7981 2013 115%
c u 1058.84 39 19 97 809 338469 1 15342817 102853 2.0 24 12 5 15 51% 25451 7981 2013 115%
c v 1059.68 39 19 97 809 338469 1 15342817 78149 2.0 24 12 5 15 51% 25451 7981 2013 115%
c w 1059.98 39 19 97 809 338469 1 15342817 61735 2.0 24 12 5 15 51% 25451 7981 2013 115%
c - 1060.75 39 19 97 810 338474 1 15355461 62212 2.0 24 12 5 15 51% 25451 7981 2013 115%
c - 1062.49 39 20 97 811 338488 1 15383922 75599 2.0 24 12 5 15 51% 25451 7981 2013 115%
c - 1064.41 39 20 97 812 338493 1 15412402 84824 2.0 25 12 5 15 50% 25451 7981 2013 115%
c - 1066.12 39 21 97 813 338505 1 15440899 87003 2.0 26 13 5 15 51% 25451 7981 2013 115%
c - 1067.98 39 21 97 814 338520 1 15469412 85016 2.1 27 13 5 15 51% 25451 7981 2013 115%
c - 1069.93 39 21 97 815 338522 1 15497942 87177 2.1 27 13 5 15 51% 25451 7981 2013 115%
c I 1071.66 39 22 97 815 338522 1 15524445 112543 2.0 27 13 5 15 51% 25451 7981 2013 115%
c - 1071.83 39 22 97 816 338523 1 15526492 87392 2.0 27 13 5 15 51% 25451 7981 2013 115%
c ] 1072.29 39 24 98 816 338523 1 15534039 94820 2.0 28 14 5 15 51% 25451 7981 2013 115%
c { 1072.29 39 17 98 816 338523 2 15534039 94820 1.7 17 10 4 11 49% 25451 7981 2013 115%
c - 1073.49 39 16 98 817 338562 2 15555057 86917 1.7 16 10 4 11 49% 25451 7981 2013 115%
c o 1073.84 39 16 98 817 338567 2 15561559 91919 1.7 16 10 4 11 49% 25451 7981 2013 115%
c - 1075.00 39 15 98 818 338599 2 15583641 88724 1.7 16 10 4 11 49% 25451 7981 2013 115%
c - 1076.50 39 14 98 819 338617 2 15612241 90685 1.7 15 9 4 11 49% 25451 7981 2013 115%
c - 1078.01 39 13 98 820 338728 2 15640859 90835 1.7 15 9 4 11 49% 25451 7981 2013 115%
c - 1079.50 39 12 98 821 339022 1 15669496 91535 1.6 15 9 4 11 49% 25451 7981 2013 115%
c
c   seconds    switched       rate            size/glue tier1     binary        remaining
c           MB   reductions      conflicts          size  tier2      irredundant
c            level      restarts         redundant    glue    trail        variables
c
c - 1080.99 39 12 98 822 339301 1 15698151 92221 1.6 14 9 4 11 49% 25451 7981 2013 115%
c - 1082.50 39 11 98 823 339542 1 15726821 93286 1.7 14 9 4 11 49% 25451 7981 2013 115%
c - 1084.09 39 11 98 824 340033 1 15755509 93029 1.6 14 9 4 11 49% 25451 7981 2013 115%
c u 1085.08 39 11 98 824 340057 1 15760777 93612 1.7 14 9 4 11 49% 25451 7981 2013 115%
c v 1085.93 39 11 98 824 340057 1 15760777 89137 1.7 14 9 4 11 49% 25451 7981 2013 115%
c w 1086.18 39 11 98 824 340057 1 15760777 88841 1.7 14 9 4 11 49% 25451 7981 2013 115%
c - 1087.44 39 11 98 825 340454 1 15784214 85000 1.7 14 9 4 11 49% 25451 7981 2013 115%
c - 1089.03 39 11 98 826 341244 1 15812936 88749 1.6 14 9 4 11 49% 25451 7981 2013 115%
c - 1090.62 39 11 98 827 341978 1 15841676 90735 1.6 14 8 4 11 49% 25451 7981 2013 115%
c - 1092.23 39 11 98 828 342684 1 15870433 91577 1.6 14 8 4 11 49% 25451 7981 2013 115%
c - 1093.80 39 11 98 829 343254 1 15899207 91530 1.6 14 8 4 11 49% 25451 7981 2013 115%
c - 1095.46 39 11 98 830 344111 1 15927999 91610 1.6 14 8 4 11 49% 25451 7981 2013 115%
c - 1097.05 39 11 98 831 344794 1 15956808 91507 1.6 14 8 4 11 49% 25451 7981 2013 115%
c - 1098.71 39 11 98 832 345776 1 15985636 92328 1.6 14 8 4 11 49% 25451 7981 2013 115%
c } 1099.95 39 11 99 832 346549 1 16007874 110803 1.6 14 8 4 11 49% 25451 7981 2013 115%
c [ 1099.95 39 24 99 832 346549 1 16007874 110803 2.0 28 14 5 15 51% 25451 7981 2013 115%
c B 1099.95 39 24 99 832 346549 1 16007874 110803 2.0 28 14 5 15 51% 25451 7981 2013 115%
c - 1100.27 39 24 99 833 346554 1 16014480 92717 2.0 28 14 5 15 51% 25451 7981 2013 115%
c - 1101.94 39 24 99 834 346566 1 16043341 90392 2.0 28 14 5 15 51% 25451 7981 2013 115%
c - 1103.93 39 23 99 835 346578 1 16072220 90891 2.1 28 13 5 15 51% 25451 7981 2013 115%
c
c   seconds    switched       rate            size/glue  tier1     binary        remaining
c           MB   reductions      conflicts          size   tier2      irredundant
c            level      restarts         redundant     glue    trail        variables
c
c - 1106.05 39 22 99 836 346586 1 16101116 94948 2.1 27 13 5 15 51% 25451 7981 2013 115%
c - 1107.99 39 21 99 837 346600 1 16130030 97232 2.0 26 13 5 15 51% 25451 7981 2013 115%
c - 1109.86 39 20 99 838 346610 1 16158961 97373 2.0 25 12 5 15 51% 25451 7981 2013 115%
c u 1112.44 39 20 99 838 346611 1 16184850 118951 2.0 25 12 5 15 51% 25451 7981 2013 115%
c v 1113.44 39 20 99 838 346611 1 16184850 100134 2.0 25 12 5 15 51% 25451 7981 2013 115%
c w 1113.79 39 20 99 838 346611 1 16184850 91968 2.0 25 12 5 15 51% 25451 7981 2013 115%
c o 1113.81 39 20 99 838 346611 1 16184850 91968 2.0 25 12 5 15 51% 25451 7981 2013 115%
c - 1113.98 39 26 99 839 346611 1 16187910 72144 1.9 26 14 5 15 51% 25451 7981 2013 115%
c - 1115.67 39 50 99 840 346618 1 16216875 72641 1.7 30 18 5 15 51% 25451 7981 2013 115%
c - 1117.50 39 42 99 841 346633 1 16245857 77354 1.7 29 17 5 15 51% 25451 7981 2013 115%
c - 1119.35 39 37 99 842 346642 1 16274858 89102 1.8 28 16 5 15 51% 25451 7981 2013 115%
c - 1121.28 39 32 99 843 346653 1 16303876 93831 1.8 27 15 5 15 52% 25451 7981 2013 115%
c - 1123.28 39 28 99 844 346666 1 16332911 96236 1.8 26 14 5 15 52% 25451 7981 2013 115%
c - 1125.48 39 26 99 845 346673 1 16361962 98082 1.9 25 13 5 15 52% 25451 7981 2013 115%
c - 1127.32 39 25 99 846 346674 1 16391030 95774 1.9 25 13 5 15 52% 25451 7981 2013 115%
c ] 1129.18 39 25 100 846 346675 1 16417166 120873 1.9 26 13 5 15 52% 25451 7981 2013 115%
c { 1129.18 39 11 100 846 346675 1 16417166 120873 1.6 14 8 4 11 49% 25451 7981 2013 115%
c - 1129.46 39 11 100 847 347190 1 16420116 91685 1.6 14 9 4 11 49% 25451 7981 2013 115%
c - 1131.69 39 13 100 848 351339 2 16449219 94844 1.6 15 9 4 11 49% 25451 7981 2013 115%
c - 1133.63 39 15 100 849 354012 2 16478339 97851 1.6 15 10 4 11 49% 25451 7981 2013 115%
c
c   seconds    switched        rate            size/glue  tier1     binary        remaining
c           MB    reductions      conflicts          size   tier2      irredundant
c            level       restarts         redundant     glue    trail        variables
c
c - 1135.37 39 15 100 850 355579 2 16507476 98681 1.6 15 10 4 11 49% 25451 7981 2013 115%
c - 1137.19 39 16 100 851 357334 2 16536630 99135 1.6 16 10 4 11 49% 25451 7981 2013 115%
c - 1138.89 39 16 100 852 358512 2 16565801 99729 1.6 16 10 4 11 49% 25451 7981 2013 115%
c - 1140.59 39 16 100 853 359623 2 16594991 100127 1.6 16 10 4 11 49% 25451 7981 2013 115%
c u 1142.57 39 17 100 853 360610 2 16615064 112709 1.6 16 10 4 11 49% 25451 7981 2013 115%
c v 1143.56 39 17 100 853 360610 2 16615064 105688 1.6 16 10 4 11 49% 25451 7981 2013 115%
c w 1143.90 39 17 100 853 360610 2 16615064 104788 1.6 16 10 4 11 49% 25451 7981 2013 115%
c - 1148.60 39 17 100 854 360848 2 16624198 89291 1.6 16 10 4 11 49% 25451 7981 2013 115%
c - 1150.18 39 17 100 855 361858 2 16653423 92857 1.7 16 10 4 11 49% 25451 7981 2013 115%
c - 1151.83 39 17 100 856 363099 2 16682665 95512 1.7 16 10 4 11 49% 25451 7981 2013 115%
c - 1153.49 39 17 100 857 364253 2 16711923 96405 1.7 17 10 4 11 49% 25451 7981 2013 115%
c o 1154.14 39 17 100 857 364486 2 16724909 108288 1.7 17 10 4 11 49% 25451 7981 2013 115%
c - 1155.04 39 17 100 858 365035 2 16741197 96968 1.7 17 10 4 11 49% 25451 7981 2013 115%
c - 1156.70 39 17 100 859 366268 2 16770488 96788 1.7 17 10 4 11 49% 25451 7981 2013 115%
c - 1158.31 39 17 100 860 367173 2 16799796 96514 1.7 17 10 4 11 49% 25451 7981 2013 115%
c - 1159.99 39 17 100 861 368335 2 16829121 96962 1.7 17 10 4 11 49% 25451 7981 2013 115%
c - 1161.61 39 17 100 862 369398 2 16858465 97271 1.7 17 10 4 11 49% 25451 7981 2013 115%
c - 1163.24 39 17 100 863 370396 2 16887824 97621 1.7 17 10 4 11 49% 25451 7981 2013 115%
c } 1164.39 39 17 101 863 371050 2 16908864 116148 1.7 17 10 4 11 49% 25451 7981 2013 115%
c [ 1164.39 39 25 101 863 371050 1 16908864 116148 1.9 26 13 5 15 52% 25451 7981 2013 115%
c
c   seconds    switched        rate             size/glue  tier1     binary        remaining
c           MB    reductions      conflicts           size   tier2      irredundant
c            level       restarts         redundant      glue    trail        variables
c
c W 1168.75 39 25 101 863 371050 1 16908864 116148 1.9 26 13 5 15 52% 25451 7981 2013 115%
c - 1169.21 39 24 101 864 371056 1 16917200 96989 1.9 25 13 5 15 51% 25451 7981 2013 115%
c - 1170.99 39 23 101 865 371068 1 16946593 96296 1.9 24 13 5 15 51% 25451 7981 2013 115%
c - 1172.99 39 21 101 866 371080 1 16976003 95935 1.9 24 12 5 14 51% 25451 7981 2013 115%
c - 1174.72 39 22 101 867 371090 1 17005430 93466 1.9 24 13 5 14 51% 25451 7981 2013 115%
c - 1176.38 39 21 101 868 371102 1 17034874 91611 1.9 23 12 5 14 51% 25451 7981 2013 115%
c u 1177.88 39 20 101 868 371110 1 17051418 105298 1.9 23 12 5 14 50% 25451 7981 2013 115%
c v 1178.54 39 20 101 868 371110 1 17051418 100621 1.9 23 12 5 14 50% 25451 7981 2013 115%
c w 1178.78 39 20 101 868 371110 1 17051418 93939 1.9 23 12 5 14 50% 25451 7981 2013 115%
c - 1179.62 39 21 101 869 371111 1 17064339 82134 1.9 23 12 5 14 50% 25451 7981 2013 115%
c - 1181.38 39 21 101 870 371112 1 17093817 84739 1.9 24 13 5 14 50% 25451 7981 2013 115%
c - 1183.33 39 23 101 871 371124 1 17123313 81752 1.9 25 13 5 14 50% 25451 7981 2013 115%
c - 1185.31 39 23 101 872 371137 1 17152826 81753 1.9 26 14 5 15 51% 25451 7981 2013 115%
c - 1187.48 39 23 101 873 371143 1 17182355 87001 1.9 26 14 5 15 51% 25451 7981 2013 115%
c - 1189.42 39 25 101 874 371157 1 17211902 87922 2.0 28 14 5 15 51% 25451 7981 2013 115%
c - 1191.55 39 24 101 875 371172 1 17241465 86358 2.0 29 14 5 15 51% 25451 7981 2013 115%
c - 1193.66 39 24 101 876 371175 1 17271045 88163 2.0 28 14 5 15 52% 25451 7981 2013 115%
c - 1195.81 39 23 101 877 371175 1 17300646 87815 2.0 28 14 5 15 52% 25451 7981 2013 115%
c - 1197.86 39 23 101 878 371176 1 17330260 89048 2.0 28 14 5 15 52% 25451 7981 2013 115%
c O 1198.09 39 23 101 878 371176 1 17333391 92003 2.0 28 14 5 15 52% 25451 7981 2013 115%
c
c   seconds    switched        rate            size/glue  tier1     binary        remaining
c           MB    reductions      conflicts          size   tier2      irredundant
c            level       restarts         redundant     glue    trail        variables
c
c o 1198.09 39 23 101 878 371176 1 17333391 92003 2.0 28 14 5 15 52% 25451 7981 2013 115%
c ] 1199.01 39 22 102 878 371176 1 17351166 108559 1.9 27 14 5 15 51% 25451 7981 2013 115%
c { 1199.01 39 17 102 878 371176 2 17351166 108559 1.7 17 10 4 11 49% 25451 7981 2013 115%
c - 1200.03 39 19 102 879 372691 3 17359891 91250 1.7 18 11 4 11 49% 25451 7981 2013 115%
c - 1203.87 39 28 102 880 377836 4 17389538 85922 1.7 22 13 4 11 49% 25451 7981 2013 115%
c - 1207.95 39 33 102 881 382960 6 17419202 76664 1.8 25 14 4 11 49% 25451 7981 2013 115%
c - 1211.89 39 37 102 882 387276 6 17448884 75158 1.8 28 15 4 11 49% 25451 7981 2013 115%
c - 1215.39 39 39 102 883 390443 6 17478583 76576 1.8 30 16 4 11 49% 25451 7981 2013 115%
c u 1218.12 39 40 102 883 391963 6 17493938 88225 1.9 30 16 4 11 49% 25451 7981 2013 115%
c v 1219.34 39 40 102 883 391963 6 17493938 86450 1.9 30 16 4 11 49% 25451 7981 2013 115%
c w 1219.84 39 40 102 883 391963 6 17493938 86365 1.9 30 16 4 11 49% 25451 7981 2013 115%
c - 1221.49 39 41 102 884 393057 6 17508299 73896 1.9 31 17 4 11 49% 25451 7981 2013 115%
c - 1224.59 39 42 102 885 395406 6 17538031 75151 1.9 32 17 4 11 49% 25451 7981 2013 115%
c - 1227.66 39 42 102 886 397725 5 17567779 75406 1.9 33 17 4 11 49% 25451 7981 2013 115%
c - 1230.29 39 41 102 887 399134 5 17597545 76756 1.9 33 17 4 11 49% 25451 7981 2013 115%
c - 1233.16 39 42 102 888 400916 5 17627329 77707 1.9 34 17 4 11 49% 25451 7981 2013 115%
c - 1235.74 39 41 102 889 402178 4 17657128 78514 2.0 34 17 4 11 49% 25451 7981 2013 115%
c - 1238.53 39 41 102 890 403727 4 17686945 80250 2.0 34 17 4 11 49% 25451 7981 2013 115%
c - 1241.59 39 42 102 891 405997 4 17716777 79469 2.0 34 17 4 11 49% 25451 7981 2013 115%
c - 1244.34 39 42 102 892 407619 4 17746628 78855 2.0 34 17 4 11 49% 25451 7981 2013 115%
c
c   seconds    switched        rate            size/glue  tier1     binary        remaining
c           MB    reductions      conflicts          size   tier2      irredundant
c            level       restarts         redundant     glue    trail        variables
c
c - 1247.40 39 42 102 893 409729 4 17776495 78159 2.0 35 18 4 11 49% 25451 7981 2013 115%
c - 1250.43 39 42 102 894 411506 4 17806378 76597 2.0 35 18 4 11 49% 25451 7981 2013 115%
c - 1253.44 39 43 102 895 413366 4 17836277 76527 2.0 35 18 4 11 49% 25451 7981 2013 115%
c } 1255.81 39 42 103 895 414736 4 17861019 100679 1.9 35 18 4 11 49% 25451 7981 2013 115%
c [ 1255.81 39 22 103 895 414736 1 17861019 100679 1.9 27 14 5 15 51% 25451 7981 2013 115%
c B 1255.81 39 22 103 895 414736 1 17861019 100679 1.9 27 14 5 15 51% 25451 7981 2013 115%
c - 1256.13 39 23 103 896 414740 1 17866194 76864 1.9 27 14 5 15 51% 25451 7981 2013 115%
c o 1258.09 39 23 103 896 414753 1 17895867 104886 1.9 26 14 5 15 51% 25451 7981 2013 115%
c - 1258.12 39 23 103 897 414753 1 17896128 83315 1.9 26 14 5 15 51% 25451 7981 2013 115%
c - 1260.09 39 24 103 898 414765 1 17926077 89604 1.9 26 14 5 15 50% 25451 7981 2013 115%
c u 1262.29 39 24 103 898 414766 1 17942625 98483 1.9 26 14 5 15 50% 25451 7981 2013 115%
c v 1263.82 39 24 103 898 414766 1 17942625 94615 1.9 26 14 5 15 50% 25451 7981 2013 115%
c w 1264.35 39 24 103 898 414766 1 17942625 85382 1.9 26 14 5 15 50% 25451 7981 2013 115%
c - 1265.13 39 23 103 899 414774 1 17956045 74775 1.9 25 14 5 15 50% 25451 7981 2013 115%
c - 1266.99 39 22 103 900 414788 1 17986030 83601 1.8 24 13 5 15 50% 25451 7981 2013 115%
c - 1269.02 39 21 103 901 414797 1 18016033 88935 1.8 24 13 5 15 50% 25451 7981 2013 115%
c - 1271.10 39 21 103 902 414798 1 18046049 93377 1.8 23 13 5 15 50% 25451 7981 2013 115%
c - 1273.34 39 21 103 903 414810 1 18076082 94212 1.8 23 13 5 15 50% 25451 7981 2013 115%
c - 1275.67 39 20 103 904 414823 1 18106132 93896 1.9 23 12 5 14 50% 25451 7981 2013 115%
c - 1277.84 39 20 103 905 414829 1 18136198 91755 1.9 23 13 5 14 50% 25451 7981 2013 115%
c
c   seconds    switched        rate            size/glue  tier1     binary        remaining
c           MB    reductions      conflicts          size   tier2      irredundant
c            level       restarts         redundant     glue    trail        variables
c
c - 1279.98 39 21 103 906 414844 1 18166282 87833 1.9 24 13 5 14 50% 25451 7981 2013 115%
c - 1282.25 39 21 103 907 414858 1 18196382 88966 1.9 24 13 5 14 50% 25451 7981 2013 115%
c - 1284.58 39 20 103 908 414861 1 18226498 91600 1.9 24 13 5 14 50% 25451 7981 2013 115%
c - 1286.71 39 20 103 909 414862 1 18256631 93799 2.0 25 12 5 14 50% 25451 7981 2013 115%
c - 1289.03 39 21 103 910 414862 1 18286780 90933 2.0 25 13 5 14 50% 25451 7981 2013 115%
c W 1295.32 39 22 103 910 414862 1 18306791 110154 2.0 25 13 5 14 50% 25451 7981 2013 115%
c - 1295.91 39 23 103 911 414862 1 18316946 87331 2.0 26 13 5 14 50% 25451 7981 2013 115%
c - 1297.80 39 23 103 912 414877 1 18347129 83652 1.9 26 14 5 14 50% 25451 7981 2013 115%
c - 1299.80 39 23 103 913 414891 1 18377328 82052 1.9 26 14 5 14 50% 25451 7981 2013 115%
c u 1302.00 39 23 103 913 414893 1 18397506 96522 1.9 26 14 5 14 50% 25451 7981 2013 115%
c v 1303.19 39 23 103 913 414893 1 18397506 94475 1.9 26 14 5 14 50% 25451 7981 2013 115%
c w 1303.62 39 23 103 913 414893 1 18397506 88113 1.9 26 14 5 14 50% 25451 7981 2013 115%
c - 1304.31 39 23 103 914 414898 1 18407545 75429 1.9 26 14 5 14 50% 25451 7981 2013 115%
c - 1306.34 39 22 103 915 414911 1 18437777 78011 1.9 26 14 5 14 50% 25451 7981 2013 115%
c - 1308.40 39 22 103 916 414924 1 18468025 82267 1.9 26 14 5 14 51% 25451 7981 2013 115%
c - 1310.55 39 23 103 917 414925 1 18498293 83795 1.9 26 14 5 14 50% 25451 7981 2013 115%
c - 1312.95 39 22 103 918 414932 1 18528576 83008 1.9 26 14 5 14 50% 25451 7981 2013 115%
c - 1315.15 39 21 103 919 414947 1 18558875 89010 1.9 25 13 5 14 50% 25451 7981 2013 115%
c - 1317.20 39 21 103 920 414956 1 18589191 91957 2.0 26 13 5 14 50% 25451 7981 2013 115%
c - 1319.26 39 20 103 921 414970 1 18619523 91814 2.0 26 13 5 14 51% 25451 7981 2013 115%
c
c   seconds    switched        rate            size/glue  tier1     binary        remaining
c           MB    reductions      conflicts          size   tier2      irredundant
c            level       restarts         redundant     glue    trail        variables
c
c ] 1319.65 39 20 104 921 414971 1 18625375 97130 2.0 26 13 5 14 51% 25451 7981 2013 115%
c { 1319.65 39 42 104 921 414971 4 18625375 97130 1.9 35 18 4 11 49% 25451 7981 2013 115%
c - 1321.09 39 37 104 922 414973 3 18649871 93066 1.9 32 17 4 11 50% 25451 7981 2013 115%
c - 1323.10 39 32 104 923 414981 3 18680236 94003 2.0 30 16 4 11 50% 25451 7981 2013 115%
c - 1325.03 39 28 104 924 414984 2 18710616 96207 2.0 28 14 4 11 50% 25451 7981 2013 115%
c - 1326.92 39 25 104 925 414986 2 18741014 98526 1.9 26 13 4 11 50% 25451 7981 2013 115%
c o 1327.65 39 24 104 925 414999 2 18753517 109820 1.9 25 13 4 11 50% 25451 7981 2013 115%
c - 1328.66 39 23 104 926 415046 2 18771427 99027 1.9 24 13 4 11 50% 25451 7981 2013 115%
c - 1330.36 39 21 104 927 415148 2 18801857 98259 1.9 23 12 4 11 50% 25451 7981 2013 115%
c - 1331.98 39 19 104 928 415210 2 18832303 98454 1.8 21 11 4 11 50% 25451 7981 2013 115%
c u 1334.17 39 18 104 928 415316 2 18858578 117461 1.8 20 11 4 11 50% 25451 7981 2013 115%
c v 1335.20 39 18 104 928 415316 2 18858578 104500 1.8 20 11 4 11 50% 25451 7981 2013 115%
c w 1335.56 39 18 104 928 415316 2 18858578 100520 1.8 20 11 4 11 50% 25451 7981 2013 115%
c - 1335.79 39 18 104 929 415345 2 18862767 80464 1.8 20 11 4 11 50% 25451 7981 2013 115%
c - 1337.34 39 17 104 930 415672 2 18893247 92182 1.8 19 11 4 11 49% 25451 7981 2013 115%
c - 1338.94 39 17 104 931 416230 2 18923742 95233 1.8 19 10 4 11 49% 25451 7981 2013 115%
c - 1340.63 39 17 104 932 416940 2 18954255 96274 1.8 18 10 4 11 49% 25451 7981 2013 115%
c - 1342.29 39 17 104 933 417598 2 18984784 96982 1.8 18 10 4 11 49% 25451 7981 2013 115%
c - 1343.97 39 17 104 934 418289 2 19015329 97606 1.8 18 10 4 11 49% 25451 7981 2013 115%
c - 1345.68 39 17 104 935 419191 2 19045892 97683 1.7 17 10 4 11 49% 25451 7981 2013 115%
c
c   seconds    switched        rate            size/glue  tier1     binary        remaining
c           MB    reductions      conflicts          size   tier2      irredundant
c            level       restarts         redundant     glue    trail        variables
c
c - 1347.36 39 17 104 936 420019 2 19076470 97814 1.7 17 10 4 11 49% 25451 7981 2013 115%
c - 1349.15 39 17 104 937 421282 2 19107064 98171 1.7 17 10 4 11 49% 25451 7981 2013 115%
c - 1350.95 39 17 104 938 422541 2 19137674 98402 1.7 17 10 4 11 49% 25451 7981 2013 115%
c } 1351.81 39 17 105 938 422980 2 19153670 112806 1.7 17 10 4 11 49% 25451 7981 2013 115%
c [ 1351.81 39 20 105 938 422980 1 19153670 112806 2.0 26 13 5 14 51% 25451 7981 2013 115%
c I 1351.81 39 20 105 938 422980 1 19153670 112806 2.0 26 13 5 14 51% 25451 7981 2013 115%
c - 1352.71 39 22 105 939 422989 1 19168300 92940 2.0 28 14 5 14 51% 25451 7981 2013 115%
c - 1354.62 39 24 105 940 423002 1 19198943 83765 2.0 29 14 5 14 52% 25451 7981 2013 115%
c - 1356.47 39 25 105 941 423010 1 19229603 81227 2.0 29 14 5 14 52% 25451 7981 2013 115%
c - 1358.44 39 24 105 942 423025 1 19260278 81225 2.0 29 15 5 14 52% 25451 7981 2013 115%
c - 1360.46 39 24 105 943 423039 1 19290970 83913 2.0 28 14 5 15 52% 25451 7981 2013 115%
c - 1362.51 39 23 105 944 423042 1 19321678 90698 2.0 27 14 5 15 51% 25451 7981 2013 115%
c u 1363.56 39 23 105 944 423042 1 19325869 91181 2.0 27 14 5 15 51% 25451 7981 2013 115%
c v 1364.55 39 23 105 944 423042 1 19325869 89571 2.0 27 14 5 15 51% 25451 7981 2013 115%
c w 1364.90 39 23 105 944 423042 1 19325869 89254 2.0 27 14 5 15 51% 25451 7981 2013 115%
c - 1366.62 39 23 105 945 423044 1 19352402 89427 2.0 26 14 5 14 51% 25451 7981 2013 115%
c - 1368.61 39 21 105 946 423057 1 19383142 93862 2.0 25 13 5 14 50% 25451 7981 2013 115%
c - 1370.48 39 21 105 947 423072 1 19413899 92894 2.0 25 13 5 14 50% 25451 7981 2013 115%
c - 1372.50 39 21 105 948 423080 1 19444672 89487 2.0 25 13 5 14 50% 25451 7981 2013 115%
c - 1374.35 39 21 105 949 423095 1 19475461 91529 1.9 25 13 5 14 50% 25451 7981 2013 115%
c
c   seconds    switched        rate            size/glue  tier1     binary        remaining
c           MB    reductions      conflicts          size   tier2      irredundant
c            level       restarts         redundant     glue    trail        variables
c
c - 1376.32 39 22 105 950 423104 1 19506266 90892 1.9 25 13 5 14 50% 25451 7981 2013 115%
c - 1378.49 39 23 105 951 423105 1 19537090 87737 1.9 26 13 5 14 50% 25451 7981 2013 115%
c - 1380.62 39 24 105 952 423106 1 19567928 83797 1.9 27 14 5 14 50% 25451 7981 2013 115%
c - 1382.66 39 24 105 953 423106 1 19598782 85145 2.0 27 14 5 14 50% 25451 7981 2013 115%
c ] 1383.45 39 25 106 953 423106 1 19609624 95657 1.9 27 14 5 14 50% 25451 7981 2013 115%
c { 1383.45 39 17 106 953 423106 2 19609624 95657 1.7 17 10 4 11 49% 25451 7981 2013 115%
c o 1383.46 39 17 106 953 423115 2 19609680 95713 1.7 17 10 4 11 49% 25451 7981 2013 115%
c - 1384.71 39 17 106 954 423888 2 19629652 90189 1.7 17 10 4 11 49% 25451 7981 2013 115%
c - 1386.49 39 17 106 955 424821 2 19660539 95527 1.7 17 10 4 11 49% 25451 7981 2013 115%
c - 1388.35 39 17 106 956 426141 2 19691442 98794 1.7 17 10 4 11 49% 25451 7981 2013 115%
c - 1390.15 39 17 106 957 427185 2 19722361 100217 1.7 17 10 4 11 49% 25451 7981 2013 115%
c - 1391.91 39 17 106 958 428086 2 19753296 101001 1.7 17 10 4 11 49% 25451 7981 2013 115%
c - 1393.69 39 16 106 959 428987 2 19784249 101398 1.7 16 10 4 11 49% 25451 7981 2013 115%
c u 1395.47 39 17 106 959 429798 2 19799403 109805 1.7 17 10 4 11 49% 25451 7981 2013 115%
c v 1396.54 39 17 106 959 429798 2 19799403 99668 1.7 17 10 4 11 49% 25451 7981 2013 115%
c w 1396.91 39 17 106 959 429798 2 19799403 98739 1.7 17 10 4 11 49% 25451 7981 2013 115%
c - 1397.86 39 17 106 960 430480 2 19815216 88599 1.7 17 10 4 11 49% 25451 7981 2013 115%
c - 1399.53 39 17 106 961 431437 2 19846200 94070 1.7 17 10 4 11 49% 25451 7981 2013 115%
c - 1401.32 39 17 106 962 432608 2 19877200 96795 1.7 17 10 4 11 49% 25451 7981 2013 115%
c - 1403.07 39 17 106 963 433754 2 19908218 97985 1.7 17 10 4 11 49% 25451 7981 2013 115%
c
c   seconds    switched        rate            size/glue  tier1     binary        remaining
c           MB    reductions      conflicts          size   tier2      irredundant
c            level       restarts         redundant     glue    trail        variables
c
c - 1404.80 39 17 106 964 434692 2 19939250 98058 1.7 17 10 4 11 49% 25451 7981 2013 115%
c - 1406.53 39 17 106 965 435664 2 19970299 98696 1.7 17 10 4 11 49% 25451 7981 2013 115%
c - 1408.34 39 17 106 966 436929 2 20001363 98909 1.7 17 10 4 11 49% 25451 7981 2013 115%
c - 1410.13 39 17 106 967 438123 2 20032443 98707 1.7 17 10 4 11 49% 25451 7981 2013 115%
c - 1411.87 39 17 106 968 439069 2 20063542 99409 1.7 17 10 4 11 49% 25451 7981 2013 115%
c - 1413.74 39 17 106 969 440499 2 20094655 99483 1.7 17 10 4 11 49% 25451 7981 2013 115%
c - 1415.54 39 17 106 970 441660 2 20125784 99802 1.7 17 10 4 11 49% 25451 7981 2013 115%
c } 1417.30 39 17 107 970 442701 2 20156650 127376 1.7 17 10 4 11 49% 25451 7981 2013 115%
c [ 1417.30 39 25 107 970 442701 1 20156650 127376 1.9 27 14 5 14 50% 25451 7981 2013 115%
c B 1417.30 39 25 107 970 442701 1 20156650 127376 1.9 27 14 5 14 50% 25451 7981 2013 115%
c - 1417.33 39 25 107 971 442701 1 20156928 100594 1.9 27 14 5 15 50% 25451 7981 2013 115%
c - 1419.11 39 24 107 972 442715 1 20188088 98379 2.0 28 14 5 15 51% 25451 7981 2013 115%
c - 1421.15 39 23 107 973 442730 1 20219265 94660 2.0 28 14 5 15 50% 25451 7981 2013 115%
c - 1423.42 39 22 107 974 442738 1 20250457 91620 2.0 27 13 5 14 50% 25451 7981 2013 115%
c u 1426.11 39 22 107 974 442752 1 20279157 116769 2.0 26 13 5 14 50% 25451 7981 2013 115%
c v 1427.16 39 22 107 974 442752 1 20279157 110238 2.0 26 13 5 14 50% 25451 7981 2013 115%
c w 1427.56 39 22 107 974 442752 1 20279157 98446 2.0 26 13 5 14 50% 25451 7981 2013 115%
c o 1427.57 39 22 107 974 442752 1 20279157 98446 2.0 26 13 5 14 50% 25451 7981 2013 115%
c - 1427.73 39 22 107 975 442753 1 20281665 80474 2.0 26 13 5 14 50% 25451 7981 2013 115%
c - 1429.65 39 23 107 976 442762 1 20312890 85415 2.0 28 14 5 15 50% 25451 7981 2013 115%
c
c   seconds    switched        rate            size/glue  tier1     binary        remaining
c           MB    reductions      conflicts          size   tier2      irredundant
c            level       restarts         redundant     glue    trail        variables
c
c - 1431.91 39 24 107 977 442763 1 20344132 82049 2.0 28 14 5 15 50% 25451 7981 2013 115%
c - 1434.20 39 24 107 978 442777 1 20375390 81367 2.0 30 15 5 15 50% 25451 7981 2013 115%
c - 1436.41 39 25 107 979 442791 1 20406664 84283 2.0 30 15 5 15 50% 25451 7981 2013 115%
c - 1438.75 39 25 107 980 442797 1 20437954 85230 2.0 30 15 5 15 50% 25451 7981 2013 115%
c - 1440.83 39 25 107 981 442811 1 20469259 86642 2.0 30 15 5 15 49% 25451 7981 2013 115%
c - 1442.81 39 26 107 982 442824 1 20500583 87270 1.9 29 15 5 15 50% 25451 7981 2013 115%
c - 1444.86 39 25 107 983 442826 1 20531921 86934 1.9 29 15 5 15 50% 25451 7981 2013 115%
c - 1446.95 39 25 107 984 442827 1 20563274 88433 2.0 29 15 5 15 50% 25451 7981 2013 115%
c - 1449.07 39 26 107 985 442827 1 20594642 89360 2.0 30 15 5 15 50% 25451 7981 2013 115%
c ] 1450.74 39 26 108 985 442830 1 20619310 113112 2.0 30 15 5 15 50% 25451 7981 2013 115%
c { 1450.74 39 17 108 985 442830 2 20619310 113112 1.7 17 10 4 11 49% 25451 7981 2013 115%
c - 1451.23 39 17 108 986 443065 2 20626027 92240 1.7 17 10 4 11 49% 25451 7981 2013 115%
c - 1453.01 39 17 108 987 443676 2 20657428 98996 1.7 16 10 4 11 49% 25451 7981 2013 115%
c - 1454.98 39 17 108 988 444911 2 20688844 104388 1.7 17 10 4 11 49% 25451 7981 2013 115%
c - 1456.86 39 17 108 989 445984 2 20720277 106072 1.7 17 10 4 11 49% 25451 7981 2013 115%
c - 1458.78 39 17 108 990 447125 2 20751725 105937 1.7 16 10 4 11 49% 25451 7981 2013 115%
c u 1460.54 39 17 108 990 447757 2 20765155 112297 1.7 16 10 4 11 49% 25451 7981 2013 115%
c v 1461.68 39 17 108 990 447757 2 20765155 105384 1.7 16 10 4 11 49% 25451 7981 2013 115%
c w 1462.08 39 17 108 990 447757 2 20765155 104639 1.7 16 10 4 11 49% 25451 7981 2013 115%
c - 1463.20 39 17 108 991 448522 2 20783190 94400 1.7 16 10 4 11 49% 25451 7981 2013 115%
c
c   seconds    switched        rate            size/glue  tier1     binary        remaining
c           MB    reductions      conflicts          size   tier2      irredundant
c            level       restarts         redundant     glue    trail        variables
c
c - 1465.01 39 17 108 992 449677 2 20814671 99479 1.7 16 10 4 11 49% 25451 7981 2013 115%
c - 1466.91 39 17 108 993 451084 2 20846167 101412 1.7 17 10 4 11 49% 25451 7981 2013 115%
c - 1468.78 39 17 108 994 452331 2 20877678 102473 1.7 17 10 4 11 49% 25451 7981 2013 115%
c o 1468.97 39 17 108 994 452443 2 20881099 105442 1.7 17 10 4 11 49% 25451 7981 2013 115%
c - 1470.58 39 17 108 995 453407 2 20909206 102795 1.7 17 10 4 11 49% 25451 7981 2013 115%
c - 1472.49 39 17 108 996 454753 2 20940749 102963 1.7 17 10 4 11 49% 25451 7981 2013 115%
c - 1474.31 39 17 108 997 455582 2 20972308 103300 1.7 17 10 4 11 49% 25451 7981 2013 115%
c - 1476.13 39 17 108 998 456585 2 21003883 103666 1.7 17 10 4 11 49% 25451 7981 2013 115%
c - 1478.05 39 17 108 999 458025 2 21035475 103802 1.7 17 10 4 11 49% 25451 7981 2013 115%
c - 1479.91 39 17 108 1000 459072 2 21067083 104090 1.7 17 10 4 11 49% 25451 7981 2013 115%
c - 1481.79 39 17 108 1001 460320 2 21098705 104842 1.7 17 10 4 11 49% 25451 7981 2013 115%
c - 1483.71 39 17 108 1002 461722 2 21130343 105065 1.7 17 10 4 11 49% 25451 7981 2013 115%
c - 1485.63 39 17 108 1003 462867 2 21161998 105778 1.7 17 10 4 11 49% 25451 7981 2013 115%
c } 1487.02 39 17 109 1003 463654 2 21185350 126604 1.7 17 10 4 11 49% 25451 7981 2013 115%
c [ 1487.02 39 26 109 1003 463654 1 21185350 126604 2.0 30 15 5 15 50% 25451 7981 2013 115%
c W 1493.05 39 26 109 1003 463654 1 21185350 126604 2.0 30 15 5 15 50% 25451 7981 2013 115%
c - 1493.49 39 26 109 1004 463660 1 21193670 104837 2.0 30 15 5 15 50% 25451 7981 2013 115%
c - 1495.28 39 25 109 1005 463674 1 21225357 100954 2.0 29 14 5 15 50% 25451 7981 2013 115%
c - 1497.44 39 23 109 1006 463684 1 21257062 99000 2.0 28 14 5 15 50% 25451 7981 2013 115%
c u 1498.32 39 23 109 1006 463684 1 21257423 96292 2.0 28 14 5 15 50% 25451 7981 2013 115%
c
c   seconds    switched         rate            size/glue  tier1     binary        remaining
c           MB     reductions      conflicts          size   tier2      irredundant
c            level        restarts         redundant     glue    trail        variables
c
c v 1499.41 39 23 109 1006 463684 1 21257423 94907 2.0 28 14 5 15 50% 25451 7981 2013 115%
c w 1499.79 39 23 109 1006 463684 1 21257423 88286 2.0 28 14 5 15 50% 25451 7981 2013 115%
c - 1502.07 39 23 109 1007 463698 1 21288781 93054 2.0 28 14 5 15 51% 25451 7981 2013 115%
c - 1504.63 39 22 109 1008 463712 1 21320517 99304 2.0 27 13 5 15 51% 25451 7981 2013 115%
c - 1507.09 39 22 109 1009 463716 1 21352266 100448 2.0 26 13 5 15 50% 25451 7981 2013 115%
c - 1509.47 39 21 109 1010 463718 1 21384031 102020 2.0 26 13 5 15 50% 25451 7981 2013 115%
c - 1511.50 39 21 109 1011 463732 1 21415811 101790 1.9 25 13 5 15 50% 25451 7981 2013 115%
c - 1513.70 39 20 109 1012 463746 1 21447607 103534 2.0 25 13 5 15 50% 25451 7981 2013 115%
c - 1515.94 39 20 109 1013 463757 1 21479418 106585 2.0 25 12 5 15 50% 25451 7981 2013 115%
c - 1518.00 41 21 109 1014 463771 1 21511246 105139 2.0 25 13 5 15 50% 25451 7981 2013 115%
c - 1520.40 41 21 109 1015 463778 1 21543089 103024 2.0 25 12 5 15 50% 25451 7981 2013 115%
c - 1522.67 41 20 109 1016 463779 1 21574948 106323 2.1 25 12 5 15 50% 25451 7981 2013 115%
c - 1524.98 41 20 109 1017 463780 1 21606825 108400 2.1 26 12 5 15 50% 25451 7981 2013 115%
c - 1527.31 41 20 109 1018 463780 1 21638715 107053 2.1 26 12 5 15 49% 25451 7981 2013 115%
c ] 1528.98 41 20 110 1018 463790 1 21659817 126775 2.1 25 12 5 15 49% 25451 7981 2013 115%
c { 1528.98 41 17 110 1018 463790 2 21659817 126775 1.7 17 10 4 11 49% 25451 7981 2013 115%
c o 1528.99 41 17 110 1018 463805 2 21659912 126870 1.7 17 10 4 11 49% 25451 7981 2013 115%
c - 1529.71 41 17 110 1019 464119 2 21670621 106766 1.7 17 10 4 11 49% 25451 7981 2013 115%
c - 1531.77 41 17 110 1020 465388 2 21702542 111148 1.7 17 10 4 11 49% 25451 7981 2013 115%
c - 1533.78 41 17 110 1021 466544 2 21734479 109482 1.7 17 10 4 11 49% 25451 7981 2013 115%
c
c   seconds    switched         rate             size/glue  tier1     binary        remaining
c           MB     reductions      conflicts           size   tier2      irredundant
c            level        restarts         redundant      glue    trail        variables
c
c u 1536.17 41 17 110 1021 467549 2 21755961 122601 1.7 17 10 4 11 49% 25451 7981 2013 115%
c v 1537.44 41 17 110 1021 467549 2 21755961 116350 1.7 17 10 4 11 49% 25451 7981 2013 115%
c w 1537.87 41 17 110 1021 467549 2 21755961 115623 1.7 17 10 4 11 49% 25451 7981 2013 115%
c - 1538.54 41 17 110 1022 467917 2 21766432 99564 1.7 17 10 4 11 49% 25451 7981 2013 115%
c - 1540.39 41 17 110 1023 469008 2 21798400 102380 1.7 17 10 4 11 49% 25451 7981 2013 115%
c - 1542.23 41 17 110 1024 469979 2 21830385 104060 1.7 17 10 4 11 49% 25451 7981 2013 115%
c - 1544.05 41 17 110 1025 471020 2 21862386 104096 1.7 16 10 4 11 49% 25451 7981 2013 115%
c - 1545.99 41 17 110 1026 472353 2 21894401 104277 1.7 16 10 4 11 49% 25451 7981 2013 115%
c - 1547.94 41 17 110 1027 473837 2 21926433 105046 1.7 17 10 4 11 49% 25451 7981 2013 115%
c - 1549.82 41 17 110 1028 474750 2 21958480 105375 1.7 17 10 4 11 49% 25451 7981 2013 115%
c - 1551.71 41 17 110 1029 475857 2 21990542 105321 1.7 17 10 4 11 49% 25451 7981 2013 115%
c - 1553.68 41 17 110 1030 477254 2 22022620 105521 1.7 17 10 4 11 49% 25451 7981 2013 115%
c - 1555.54 41 17 110 1031 478268 2 22054713 106436 1.7 17 10 4 11 49% 25451 7981 2013 115%
c - 1557.42 41 17 110 1032 479247 2 22086823 106695 1.7 17 10 4 11 49% 25451 7981 2013 115%
c - 1559.35 41 17 110 1033 480581 2 22118947 106427 1.7 17 10 4 11 49% 25451 7981 2013 115%
c - 1561.34 41 17 110 1034 481973 2 22151088 106699 1.7 16 10 4 11 49% 25451 7981 2013 115%
c - 1563.28 41 17 110 1035 483159 2 22183244 107254 1.7 16 10 4 11 49% 25451 7981 2013 115%
c - 1565.32 41 17 110 1036 484868 2 22215415 108076 1.7 17 10 4 11 49% 25451 7981 2013 115%
c } 1567.09 41 17 111 1036 485900 2 22245157 135031 1.7 17 10 4 11 49% 25451 7981 2013 115%
c [ 1567.09 41 20 111 1036 485900 1 22245157 135031 2.1 25 12 5 15 49% 25451 7981 2013 115%
c
c   seconds    switched         rate             size/glue  tier1     binary        remaining
c           MB     reductions      conflicts           size   tier2      irredundant
c            level        restarts         redundant      glue    trail        variables
c
c O 1567.09 41 20 111 1036 485900 1 22245157 135031 2.1 25 12 5 15 49% 25451 7981 2013 115%
c - 1567.24 41 20 111 1037 485902 1 22247601 108836 2.1 25 12 5 15 49% 25451 7981 2013 115%
c u 1568.89 41 19 111 1037 485909 1 22260795 117101 2.1 25 12 5 15 49% 25451 7981 2013 115%
c v 1569.99 41 19 111 1037 485909 1 22260795 111598 2.1 25 12 5 15 49% 25451 7981 2013 115%
c w 1570.37 41 19 111 1037 485909 1 22260795 108912 2.1 25 12 5 15 49% 25451 7981 2013 115%
c - 1571.52 41 19 111 1038 485916 1 22279803 98603 2.0 24 12 5 15 49% 25451 7981 2013 115%
c - 1573.69 41 20 111 1039 485930 1 22312021 94723 2.0 25 13 5 15 49% 25451 7981 2013 115%
c - 1575.99 41 20 111 1040 485941 1 22344257 97274 2.0 24 12 5 15 50% 25451 7981 2013 115%
c - 1578.38 41 19 111 1041 485956 1 22376506 104649 1.9 23 12 5 15 49% 25451 7981 2013 115%
c - 1580.77 41 19 111 1042 485961 1 22408770 102974 1.9 23 12 5 14 49% 25451 7981 2013 115%
c - 1583.17 41 18 111 1043 485962 1 22441051 103936 1.9 23 12 5 14 50% 25451 7981 2013 115%
c - 1585.40 41 18 111 1044 485977 1 22473348 105268 1.9 23 12 5 14 50% 25451 7981 2013 115%
c - 1587.86 41 19 111 1045 485992 1 22505658 100906 1.9 23 12 5 14 50% 25451 7981 2013 115%
c - 1590.45 41 19 111 1046 486002 1 22537984 100075 1.9 24 12 5 14 50% 25451 7981 2013 115%
c - 1593.06 41 19 111 1047 486017 1 22570325 104812 2.0 24 12 5 14 50% 25451 7981 2013 115%
c - 1595.52 41 19 111 1048 486024 1 22602682 103098 2.0 25 13 5 14 50% 25451 7981 2013 115%
c - 1598.11 41 20 111 1049 486025 1 22635055 97521 2.0 25 13 5 14 50% 25451 7981 2013 115%
c - 1600.90 41 19 111 1050 486026 1 22667444 101164 2.0 25 13 5 14 50% 25451 7981 2013 115%
c - 1603.56 41 19 111 1051 486026 1 22699847 103670 2.0 25 13 5 14 50% 25451 7981 2013 115%
c ] 1604.52 41 20 112 1051 486033 1 22712548 115703 2.0 25 13 5 14 50% 25451 7981 2013 115%
c
c   seconds    switched         rate             size/glue  tier1     binary        remaining
c           MB     reductions      conflicts           size   tier2      irredundant
c            level        restarts         redundant      glue    trail        variables
c
c { 1604.52 41 17 112 1051 486033 2 22712548 115703 1.7 17 10 4 11 49% 25451 7981 2013 115%
c o 1604.53 41 17 112 1051 486054 2 22712676 115829 1.7 17 10 4 11 49% 25451 7981 2013 115%
c - 1605.85 41 17 112 1052 486661 2 22732266 104553 1.7 17 10 4 11 49% 25451 7981 2013 115%
c - 1607.86 41 17 112 1053 487801 2 22764701 108307 1.7 17 10 4 11 49% 25451 7981 2013 115%
c u 1609.32 41 17 112 1053 487941 2 22771928 108718 1.7 17 10 4 11 49% 25451 7981 2013 115%
c v 1610.65 41 17 112 1053 487941 2 22771928 103524 1.7 17 10 4 11 49% 25451 7981 2013 115%
c w 1611.13 41 17 112 1053 487941 2 22771928 103120 1.7 17 10 4 11 49% 25451 7981 2013 115%
c - 1612.63 41 17 112 1054 488747 2 22797150 99692 1.7 17 10 4 11 49% 25451 7981 2013 115%
c - 1614.53 41 17 112 1055 489882 2 22829616 103004 1.7 16 10 4 11 49% 25451 7981 2013 115%
c - 1616.43 41 17 112 1056 491127 2 22862098 104401 1.6 16 10 4 11 49% 25451 7981 2013 115%
c - 1618.34 41 17 112 1057 492202 2 22894594 105710 1.7 17 10 4 11 49% 25451 7981 2013 115%
c - 1620.20 41 17 112 1058 493079 2 22927105 106393 1.7 17 10 4 11 49% 25451 7981 2013 115%
c - 1622.17 41 17 112 1059 494332 2 22959631 106329 1.7 17 10 4 11 49% 25451 7981 2013 115%
c - 1624.11 41 17 112 1060 495432 2 22992174 106421 1.7 17 10 4 11 49% 25451 7981 2013 115%
c - 1626.00 41 17 112 1061 496451 2 23024733 107206 1.7 17 10 4 11 49% 25451 7981 2013 115%
c - 1627.93 41 17 112 1062 497770 2 23057306 107486 1.7 17 10 4 11 49% 25451 7981 2013 115%
c - 1629.88 41 17 112 1063 498952 2 23089894 107054 1.7 17 10 4 11 49% 25451 7981 2013 115%
c - 1631.84 41 17 112 1064 500140 2 23122498 107288 1.7 17 10 4 11 49% 25451 7981 2013 115%
c - 1633.80 41 17 112 1065 501375 2 23155120 107889 1.7 17 10 4 11 49% 25451 7981 2013 115%
c - 1635.80 41 17 112 1066 502690 2 23187754 107950 1.7 17 10 4 11 49% 25451 7981 2013 115%
c
c   seconds    switched         rate             size/glue  tier1     binary        remaining
c           MB     reductions      conflicts           size   tier2      irredundant
c            level        restarts         redundant      glue    trail        variables
c
c - 1637.71 41 17 112 1067 503657 2 23220403 108457 1.7 17 10 4 11 49% 25451 7981 2013 115%
c - 1639.67 41 17 112 1068 504810 2 23253068 108611 1.7 17 10 4 11 49% 25451 7981 2013 115%
c - 1641.57 41 17 112 1069 505801 2 23285749 108837 1.7 17 10 4 11 49% 25451 7981 2013 115%
c u 1642.68 41 17 112 1069 506016 2 23289355 108153 1.7 17 10 4 11 49% 25451 7981 2013 115%
c v 1643.74 41 17 112 1069 506016 2 23289355 100360 1.7 17 10 4 11 49% 25451 7981 2013 115%
c w 1644.11 41 17 112 1069 506016 2 23289355 99128 1.7 17 10 4 11 49% 25451 7981 2013 115%
c } 1650.25 41 17 113 1069 506900 2 23317465 124300 1.7 17 10 4 11 49% 25451 7981 2013 115%
c [ 1650.25 41 20 113 1069 506900 1 23317465 124300 2.0 25 13 5 14 50% 25451 7981 2013 115%
c B 1650.25 41 20 113 1069 506900 1 23317465 124300 2.0 25 13 5 14 50% 25451 7981 2013 115%
c - 1650.32 41 20 113 1070 506900 1 23318445 99758 2.0 25 13 5 14 50% 25451 7981 2013 115%
c - 1652.23 41 20 113 1071 506915 1 23351155 102028 1.9 25 13 5 14 50% 25451 7981 2013 115%
c o 1653.01 41 20 113 1071 506923 1 23363587 113755 2.0 24 12 5 14 50% 25451 7981 2013 115%
c - 1654.27 41 21 113 1072 506930 1 23383882 101286 2.0 25 13 5 14 50% 25451 7981 2013 115%
c - 1656.57 41 21 113 1073 506941 1 23416623 101241 2.0 25 13 5 14 50% 25451 7981 2013 115%
c - 1659.10 41 20 113 1074 506956 1 23449382 101919 2.0 25 12 5 14 51% 25451 7981 2013 115%
c - 1661.57 41 20 113 1075 506962 1 23482153 101113 2.0 25 13 5 14 51% 25451 7981 2013 115%
c - 1664.09 41 20 113 1076 506963 1 23514942 101510 1.9 24 12 5 14 50% 25451 7981 2013 115%
c - 1666.32 41 19 113 1077 506978 1 23547745 103042 1.9 23 12 5 14 51% 25451 7981 2013 115%
c - 1668.49 41 20 113 1078 506993 1 23580564 100945 1.8 23 12 5 14 50% 25451 7981 2013 115%
c - 1670.75 41 21 113 1079 507004 1 23613396 99722 1.8 23 13 5 14 50% 25451 7981 2013 115%
c
c   seconds    switched         rate            size/glue  tier1     binary        remaining
c           MB     reductions      conflicts          size   tier2      irredundant
c            level        restarts         redundant     glue    trail        variables
c
c - 1673.13 41 21 113 1080 507019 1 23646244 98419 1.8 23 13 5 14 49% 25451 7981 2013 115%
c - 1675.65 41 20 113 1081 507025 1 23679109 102059 1.8 23 13 5 14 49% 25451 7981 2013 115%
c - 1678.01 41 21 113 1082 507026 1 23711989 105615 1.8 23 13 5 14 50% 25451 7981 2013 115%
c - 1680.39 41 22 113 1083 507026 1 23744883 101569 1.9 24 13 5 14 50% 25451 7981 2013 115%
c - 1683.16 41 22 113 1084 507028 1 23777792 98986 1.9 25 13 5 14 49% 25451 7981 2013 115%
c - 1685.72 41 22 113 1085 507043 1 23810719 102374 1.9 25 13 5 14 50% 25451 7981 2013 115%
c ] 1685.73 41 22 114 1085 507043 1 23810774 102427 1.9 25 13 5 14 50% 25451 7981 2013 115%
c { 1685.73 41 17 114 1085 507043 2 23810774 102427 1.7 17 10 4 11 49% 25451 7981 2013 115%
c u 1686.65 41 17 114 1085 507043 2 23813105 100530 1.7 17 10 4 11 49% 25451 7981 2013 115%
c v 1687.64 41 17 114 1085 507043 2 23813105 99124 1.7 17 10 4 11 49% 25451 7981 2013 115%
c w 1687.99 41 17 114 1085 507043 2 23813105 97398 1.7 17 10 4 11 49% 25451 7981 2013 115%
c - 1689.80 41 15 114 1086 507073 2 23843658 98345 1.7 16 10 4 11 49% 25451 7981 2013 115%
c - 1691.76 41 14 114 1087 507133 2 23876612 101157 1.7 15 9 4 11 49% 25451 7981 2013 115%
c - 1693.53 41 13 114 1088 507271 2 23909581 101145 1.6 15 9 4 11 49% 25451 7981 2013 115%
c - 1695.43 41 12 114 1089 507656 1 23942567 102461 1.6 14 9 4 11 49% 25451 7981 2013 115%
c - 1697.28 41 11 114 1090 507956 1 23975567 103745 1.6 14 9 4 11 49% 25451 7981 2013 115%
c o 1699.00 41 11 114 1090 508681 1 24003746 126714 1.6 14 9 4 11 49% 25451 7981 2013 115%
c - 1699.25 41 11 114 1091 508685 1 24008583 105189 1.6 14 9 4 11 49% 25451 7981 2013 115%
c - 1701.25 41 11 114 1092 509474 1 24041614 106318 1.6 14 9 4 11 49% 25451 7981 2013 115%
c - 1703.26 41 11 114 1093 510148 1 24074659 106372 1.6 14 8 4 11 49% 25451 7981 2013 115%
c
c   seconds    switched         rate             size/glue tier1     binary        remaining
c           MB     reductions      conflicts           size  tier2      irredundant
c            level        restarts         redundant     glue    trail        variables
c
c - 1705.19 41 11 114 1094 510759 1 24107719 105838 1.6 13 8 4 11 49% 25451 7981 2013 115%
c - 1707.20 41 11 114 1095 511532 1 24140795 106421 1.6 13 8 4 11 49% 25451 7981 2013 115%
c - 1709.25 41 10 114 1096 512447 1 24173886 107451 1.6 13 8 4 11 49% 25451 7981 2013 115%
c - 1711.35 41 10 114 1097 513534 1 24206991 108324 1.6 13 8 4 11 49% 25451 7981 2013 115%
c - 1713.46 41 10 114 1098 514582 1 24240111 108962 1.6 13 8 4 11 49% 25451 7981 2013 115%
c - 1715.56 41 11 114 1099 515702 1 24273249 109523 1.6 13 8 4 11 49% 25451 7981 2013 115%
c - 1717.65 41 10 114 1100 516660 1 24306400 109559 1.6 13 8 4 11 49% 25451 7981 2013 115%
c - 1719.76 41 11 114 1101 517638 1 24339566 110004 1.6 13 8 4 11 49% 25451 7981 2013 115%
c u 1720.91 41 11 114 1101 517691 1 24343205 106874 1.6 13 8 4 11 49% 25451 7981 2013 115%
c v 1722.03 41 11 114 1101 517691 1 24343205 99149 1.6 13 8 4 11 49% 25451 7981 2013 115%
c w 1722.42 41 11 114 1101 517691 1 24343205 98867 1.6 13 8 4 11 49% 25451 7981 2013 115%
c - 1724.14 41 10 114 1102 518320 1 24372748 99188 1.6 13 8 4 11 49% 25451 7981 2013 115%
c - 1726.11 41 10 114 1103 519086 1 24405944 102597 1.6 13 8 4 11 49% 25451 7981 2013 115%
c } 1727.96 41 10 115 1103 520073 1 24435551 126321 1.6 13 8 4 11 49% 25451 7981 2013 115%
c [ 1727.96 41 22 115 1103 520073 1 24435551 126321 1.9 25 13 5 14 50% 25451 7981 2013 115%
c W 1734.74 41 22 115 1103 520073 1 24435551 126321 1.9 25 13 5 14 50% 25451 7981 2013 115%
c - 1734.94 41 22 115 1104 520075 1 24439155 105120 1.9 25 13 5 14 50% 25451 7981 2013 115%
c - 1736.89 41 21 115 1105 520090 1 24472381 107480 1.9 24 12 5 14 49% 25451 7981 2013 115%
c - 1739.23 41 20 115 1106 520103 1 24505622 106931 1.9 23 12 5 14 49% 25451 7981 2013 115%
c - 1741.68 41 21 115 1107 520117 1 24538878 103148 1.9 23 13 5 14 49% 25451 7981 2013 115%
c
c   seconds    switched         rate             size/glue  tier1     binary        remaining
c           MB     reductions      conflicts           size   tier2      irredundant
c            level        restarts         redundant      glue    trail        variables
c
c - 1744.26 41 20 115 1108 520132 1 24572150 102628 1.9 23 12 5 14 49% 25451 7981 2013 115%
c - 1746.85 41 20 115 1109 520135 1 24605437 106254 1.9 23 12 5 14 48% 25451 7981 2013 115%
c - 1749.50 41 20 115 1110 520141 1 24638738 105264 1.9 24 13 5 14 48% 25451 7981 2013 115%
c - 1752.08 41 20 115 1111 520156 1 24672055 106269 1.9 24 13 5 14 48% 25451 7981 2013 115%
c - 1754.89 41 20 115 1112 520166 1 24705386 106594 1.9 24 13 5 14 48% 25451 7981 2013 115%
c - 1757.62 41 19 115 1113 520180 1 24738732 110005 1.8 23 12 5 14 47% 25451 7981 2013 115%
c - 1760.30 41 18 115 1114 520196 1 24772094 113151 1.8 22 12 5 14 47% 25451 7981 2013 115%
c - 1762.89 41 17 115 1115 520198 1 24805470 115274 1.8 21 12 5 14 47% 25451 7981 2013 115%
c o 1763.47 41 17 115 1115 520198 1 24813244 122170 1.9 21 11 5 14 47% 25452 7981 2013 115%
c - 1765.11 41 31 115 1116 520199 1 24838861 108768 1.7 24 14 5 14 47% 25452 7981 2013 115%
c - 1767.38 41 29 115 1117 520199 1 24872267 102043 1.8 24 14 5 14 48% 25452 7981 2013 115%
c u 1768.99 41 28 115 1117 520199 1 24879652 101481 1.8 24 14 5 14 48% 25452 7981 2013 115%
c v 1770.35 41 28 115 1117 520199 1 24879652 99663 1.8 24 14 5 14 48% 25452 7981 2013 115%
c w 1770.83 41 28 115 1117 520199 1 24879652 96839 1.8 24 14 5 14 48% 25452 7981 2013 115%
c - 1772.76 41 26 115 1118 520206 1 24905689 96459 1.8 24 13 5 14 48% 25452 7981 2013 115%
c - 1775.30 41 24 115 1119 520221 1 24939126 101095 1.8 24 13 5 14 48% 25452 7981 2013 115%
c ] 1776.34 41 23 116 1119 520229 1 24953368 114350 1.8 24 13 5 14 48% 25452 7981 2013 115%
c { 1776.34 41 10 116 1119 520229 1 24953368 114350 1.6 13 8 4 11 49% 25452 7981 2013 115%
c - 1777.99 41 12 116 1120 523473 2 24972577 104114 1.6 14 9 4 11 49% 25452 7981 2013 115%
c - 1780.46 41 15 116 1121 527443 2 25006043 108190 1.6 15 10 4 11 49% 25452 7981 2013 115%
c
c   seconds    switched         rate             size/glue  tier1     binary        remaining
c           MB     reductions      conflicts           size   tier2      irredundant
c            level        restarts         redundant      glue    trail        variables
c
c - 1782.63 41 15 116 1122 529392 2 25039524 109621 1.6 15 10 4 11 49% 25452 7981 2013 115%
c - 1784.81 41 16 116 1123 531477 2 25073022 110690 1.6 16 10 4 11 49% 25452 7981 2013 115%
c - 1786.85 41 16 116 1124 532847 2 25106535 110683 1.6 16 10 4 11 49% 25452 7981 2013 115%
c - 1788.91 41 16 116 1125 534201 2 25140062 111075 1.6 16 10 4 11 49% 25452 7981 2013 115%
c - 1790.99 41 17 116 1126 535589 2 25173604 111641 1.6 16 10 4 11 49% 25452 7981 2013 115%
c - 1793.01 41 17 116 1127 536770 2 25207159 112264 1.6 16 10 4 11 49% 25452 7981 2013 115%
c - 1795.05 41 17 116 1128 537946 2 25240730 112631 1.7 16 10 4 11 49% 25452 7981 2013 115%
c - 1797.05 41 17 116 1129 538950 2 25274317 112540 1.7 16 10 4 11 49% 25452 7981 2013 115%
c - 1799.11 41 17 116 1130 540155 2 25307918 112763 1.7 16 10 4 11 49% 25452 7981 2013 115%
c caught signal 15 (SIGTERM)
c
c ---- [ profiling ] ---------------------------------------------------------
c
c        1614.83   89.72 %  search
c         819.61   45.54 %  focused
c         795.23   44.18 %  stable
c         184.87   10.27 %  simplify
c         144.70    8.04 %  probe
c         122.96    6.83 %  vivify
c          40.11    2.23 %  walking
c          19.42    1.08 %  sweep
c          14.63    0.81 %  reduce
c           1.25    0.07 %  substitute
c           0.75    0.04 %  transitive
c           0.14    0.01 %  eliminate
c           0.14    0.01 %  factor
c           0.13    0.01 %  backbone
c           0.08    0.00 %  preprocess
c           0.04    0.00 %  congruence
c           0.01    0.00 %  subsume
c           0.01    0.00 %  fastel
c           0.00    0.00 %  parse
c           0.00    0.00 %  lucky
c =============================================
c        1799.79  100.00 %  total
c
c ---- [ statistics ] --------------------------------------------------------
c
c chronological:                           33                0 %  conflicts
c conflicts:                         25319501            14068.01 per second
c decisions:                         47780379                1.89 per conflict
c eliminated:                            4458              255 %  variables
c factored:                              4734              271 %  variables
c fast_eliminated:                       1584               36 %  eliminated
c fast_strengthened:                        2                0 %  per strengthened
c propagations:                    7000827695          3889798    per second
c reductions:                            1130            22407    interval
c reordered:                               66           383629    interval
c rephased:                                74           342155    interval
c restarts:                            540275               47    interval
c strengthened:                          2319                1 %  checks
c switched:                               116           218272    interval
c vivified:                           1297374               48 %  checks
c walks:                                   25          1012780    interval
c
c ---- [ proof ] -------------------------------------------------------------
c
c proof_added:                       25810442               50 %  per line
c proof_bytes:                     2323644416             2216 MB 
c proof_deleted:                     25709245               50 %  per line
c
c ---- [ glue usage ] --------------------------------------------------------
c
c focused glue 4   used 2083710 clauses  5.76% accumulated 53.12% tier1
c focused glue 5   used 1500828 clauses  4.15% accumulated 57.27%
c focused glue 6-9 used 9128441 clauses 25.25% accumulated 82.52%
c focused glue 10  used 2036908 clauses  5.63% accumulated 88.15%
c focused glue 11  used 1407126 clauses  3.89% accumulated 92.05% tier2
c
c stable glue 5    used  3675540 clauses  7.17% accumulated 55.51% tier1
c stable glue 6    used  2905595 clauses  5.67% accumulated 61.18%
c stable glue 7-12 used 12399767 clauses 24.19% accumulated 85.37%
c stable glue 13   used  1389334 clauses  2.71% accumulated 88.08%
c stable glue 14   used  1174985 clauses  2.29% accumulated 90.37% tier2
c
c ---- [ resources ] ---------------------------------------------------------
c
c maximum-resident-set-size:         45154304 bytes         43 MB
c process-time:                            30m            1799.79 seconds
c raising signal 15 (SIGTERM)
