c ---- [ banner ] ------------------------------------------------------------
c
c Kissat SAT Solver
c 
c Copyright (c) 2021-2024 Armin Biere University of Freiburg
c Copyright (c) 2019-2021 Armin Biere Johannes Kepler University Linz
c 
c Version 4.0.0 unknown
c gcc (Ubuntu 13.3.0-6ubuntu2~24.04.1) 13.3.0 -W -Wall -O3 -DNDEBUG
c Mon Aug 3 21:56:23 UTC 2026 Linux runnervmvrwv9 6.17.0-1020-azure x86_64
c
c ---- [ proving ] -----------------------------------------------------------
c
c opened and writing proof to DRAT file:
c
c   borsuk_11_k6_q00r00_sixth_base_colorability_screen/work/results/q00r00-s001/q00r00-s001.drat
c
c ---- [ parsing ] -----------------------------------------------------------
c
c opened and reading DIMACS file:
c
c   borsuk_11_k6_q00r00_sixth_base_colorability_screen/work/input/instances/cases/q00r00-s001/q00r00-s001_12color.cnf
c
c parsed 'p cnf 2216 92170' header
c closing input after reading 1210407 bytes (1 MB)
c finished parsing after 0.01 seconds
c
c ---- [ solving ] -----------------------------------------------------------
c
c  seconds switched rate     size/glue tier1  binary       remaining
c         MB reductions conflicts size  tier2    irredundant
c          level restarts redundant glue  trail       variables
c
c *  0.01  5 0 0 0  0 0   0   0 0.0 0 0 0 0 0% 91853 307 2206 100%
c (  0.01  5 0 0 0  0 0   0   0 0.0 0 0 0 0 0% 91853 307 2206 100%
c .  0.01  5 0 0 0  0 0   0   0 0.0 0 0 0 0 0% 91853 307 2206 100%
c f  0.15  8 0 0 0  0 0   0   0 0.0 0 0 0 0 0% 38889 307 7501 338%
c e  0.16  7 0 0 0  0 0   0   0 0.0 0 0 0 0 0% 41193 866 5027 227%
c )  0.16  7 0 0 0  0 0   0   0 0.0 0 0 0 0 0% 41193 866 5027 227%
c {  0.16  7 0 0 0  0 0   0   0 0.0 0 0 2 6 0% 41193 866 5027 227%
c -  0.19  7 18 0 1  8 2 1000 710 1.4 16 12 11 15 38% 41193 866 5027 227%
c }  0.19  7 18 1 1  8 2 1000 710 1.4 16 12 11 15 38% 41193 866 5027 227%
c [  0.19  7 0 1 1  8 0 1000 710 0.0 0 0 2 6 0% 41193 866 5027 227%
c B  0.19  7 15 1 1  8 3 1001 711 1.8 16 9 2 6 36% 41193 866 5027 227%
c ]  0.22  7 19 2 1  8 1 1845 1479 1.7 17 10 2 6 36% 41193 866 5027 227%
c {  0.22  7 18 2 1  8 2 1845 1479 1.4 16 12 11 15 38% 41193 866 5027 227%
c -  0.22  7 18 2 2  8 2 2000 1431 1.4 16 12 11 14 37% 41193 866 5027 227%
c u  0.25  7 18 2 2  8 1 2565 1890 1.5 17 11 11 14 37% 41193 866 5027 227%
c v  0.25  7 18 2 2  8 1 2565 1848 1.5 17 11 11 14 37% 41193 866 5027 227%
c w  0.25  7 18 2 2  8 1 2565 1848 1.5 17 11 11 14 37% 41193 866 5027 227%
c f  0.28  8 18 2 2  8 1 2565 1848 1.5 17 11 11 14 37% 37946 866 7202 325%
c u  0.29  8 18 2 2  8 1 2565 1796 1.5 17 11 11 14 37% 37946 866 7202 325%
c v  0.30  8 18 2 2  8 1 2565 1783 1.5 17 11 11 14 37% 37946 866 7202 325%
c
c  seconds  switched rate       size/glue  tier1      binary       remaining
c         MB reductions conflicts     size    tier2      irredundant
c          level restarts  redundant     glue     trail       variables
c
c w  0.30  8 18 2 2  8 1 2565 1783 1.5 17 11 11 14 37% 37946 866 7202 325%
c }  0.34  8 18 3 2  9 1 2845 2049 1.6 17 11 11 14 35% 37946 866 7202 325%
c [  0.34  8 19 3 2  9 1 2845 2049 1.7 17 10 2 6 36% 37946 866 7202 325%
c W  0.35  8 19 3 2  9 1 2845 2049 1.7 17 10 2 6 36% 37946 866 7202 325%
c -  0.37  8 22 3 3  9 1 3414 2474 1.7 19 11 10 15 33% 37946 866 7202 325%
c ]  0.38  8 23 4 3  9 1 3735 2781 1.7 19 12 10 15 32% 37946 866 7202 325%
c {  0.38  8 18 4 3  9 1 3735 2781 1.6 17 11 11 14 35% 37946 866 7202 325%
c -  0.43  9 21 4 4 71 3 5147 3752 1.5 16 11 10 13 32% 37946 866 7202 325%
c }  0.47  9 22 5 4 93 3 6087 4647 1.6 17 11 10 13 31% 37946 866 7202 325%
c [  0.47  9 23 5 4 93 1 6087 4647 1.7 19 12 10 15 32% 37946 866 7202 325%
c I  0.47  9 23 5 4 93 1 6087 4647 1.7 19 12 10 15 32% 37946 866 7202 325%
c -  0.51 11 38 5 5 94 1 7147 5076 1.7 23 13 10 18 30% 37946 866 7202 325%
c u  0.55 11 35 5 5 94 1 7926 5816 1.7 23 13 10 18 30% 37946 866 7202 325%
c v  0.55 11 35 5 5 94 1 7926 5803 1.7 23 13 10 18 30% 37946 866 7202 325%
c w  0.55 11 35 5 5 94 1 7926 5801 1.7 23 13 10 18 30% 37946 866 7202 325%
c ]  0.58 11 34 6 5 95 1 8444 6311 1.7 23 13 10 18 30% 37946 866 7202 325%
c {  0.59 11 22 6 5 95 3 8444 6311 1.6 17 11 10 13 31% 37946 866 7202 325%
c -  0.62 11 25 6 6 106 3 9383 6111 1.6 17 10 9 13 30% 37946 866 7202 325%
c o  0.65 11 28 6 6 149 3 10036 6720 1.6 17 10 9 13 30% 37946 866 7202 325%
c -  0.73 12 34 6 7 312 4 11832 7445 1.9 19 10 9 13 29% 37946 866 7202 325%
c
c  seconds  switched  rate        size/glue  tier1     binary       remaining
c         MB reductions conflicts       size   tier2      irredundant
c          level restarts    redundant     glue    trail       variables
c
c }  0.76 12 35 7 7 385 5 12514 8115 1.9 20 11 9 13 29% 37946 866 7202 325%
c [  0.76 12 34 7 7 385 1 12514 8115 1.7 23 13 10 18 30% 37946 866 7202 325%
c B  0.76 12 34 7 7 385 1 12514 8115 1.7 23 13 10 18 30% 37946 866 7202 325%
c e  0.79 12 35 7 7 385 1 12818 8408 1.7 23 14 10 18 29% 33963 4137 6787 306%
c ^  0.79 12 35 7 7 385 1 12818 8408 1.7 23 14 10 18 29% 33963 4137 6787 306%
c -  0.86 12 31 7 8 386 1 14477 2921 1.7 22 13 10 17 28% 33963 4137 6787 306%
c ]  0.93 12 27 8 8 387 1 16076 4287 1.6 21 13 10 17 28% 33963 4137 6787 306%
c {  0.93 12 35 8 8 387 5 16076 4287 1.9 20 11 9 13 29% 33963 4137 6787 306%
c u  0.96 12 35 8 8 421 5 16247 4272 1.8 20 11 9 13 29% 33963 4137 6787 306%
c v  0.98 12 35 8 8 421 5 16247 3517 1.8 20 11 9 13 29% 33963 4137 6787 306%
c w  0.98 12 35 8 8 421 5 16247 3128 1.8 20 11 9 13 29% 33963 4137 6787 306%
c f  1.00 12 35 8 8 421 5 16247 3128 1.8 20 11 9 13 29% 33955 4137 6791 306%
c u  1.02 12 35 8 8 421 5 16247 3106 1.8 20 11 9 13 29% 33955 4137 6791 306%
c v  1.03 12 35 8 8 421 5 16247 3095 1.8 20 11 9 13 29% 33955 4137 6791 306%
c w  1.04 12 35 8 8 421 5 16247 3092 1.8 20 11 9 13 29% 33955 4137 6791 306%
c -  1.15 12 34 8 9 550 5 17305 3891 1.8 19 11 9 13 29% 33955 4137 6791 306%
c -  1.29 12 31 8 10 700 5 20307 6269 1.8 19 11 9 13 28% 33955 4137 6791 306%
c o  1.29 12 31 8 10 704 5 20378 6332 1.8 19 11 9 13 28% 33955 4137 6791 306%
c }  1.38 12 30 9 10 876 5 22236 8133 1.8 19 11 9 13 28% 33955 4137 6791 306%
c [  1.38 12 27 9 10 876 1 22236 8133 1.6 21 13 10 17 28% 33955 4137 6791 306%
c
c  seconds  switched   rate        size/glue  tier1      binary        remaining
c         MB  reductions conflicts       size    tier2      irredundant
c          level  restarts    redundant     glue     trail        variables
c
c W  1.39 12 27 9 10 876 1 22236 8133 1.6 21 13 10 17 28% 33955 4137 6791 306%
c -  1.45 12 29 9 11 877 1 23470 8241 1.7 23 13 10 17 28% 33955 4137 6791 306%
c e  1.58 12 27 9 11 878 1 25712 10277 1.7 23 13 10 17 28% 34071 5223 5379 243%
c ^  1.59 12 27 9 11 878 1 25712 10277 1.7 23 13 10 17 28% 34071 5223 5379 243%
c -  1.64 12 26 9 12 879 1 26786 7537 1.7 22 13 10 17 29% 34071 5223 5379 243%
c u  1.70 12 25 9 12 880 1 27726 8247 1.7 22 13 10 17 29% 34071 5223 5379 243%
c v  1.72 15 25 9 12 880 1 27726 8224 1.7 22 13 10 17 29% 34071 5223 5379 243%
c w  1.73 15 25 9 12 880 1 27726 8073 1.7 22 13 10 17 29% 34071 5223 5379 243%
c f  1.76 15 25 9 12 880 1 27726 8073 1.7 22 13 10 17 29% 33885 5223 5441 246%
c u  1.78 15 25 9 12 880 1 27726 7977 1.7 22 13 10 17 29% 33885 5223 5441 246%
c v  1.80 15 25 9 12 880 1 27726 7451 1.7 22 13 10 17 29% 33885 5223 5441 246%
c w  1.81 15 25 9 12 880 1 27726 7275 1.7 22 13 10 17 29% 33885 5223 5441 246%
c ]  1.85 13 25 10 12 881 1 28395 7882 1.7 22 13 10 17 29% 33885 5223 5441 246%
c {  1.85 13 30 10 12 881 5 28395 7882 1.8 19 11 9 13 28% 33885 5223 5441 246%
c -  1.93 13 29 10 13 931 5 30251 8553 1.8 19 11 9 13 29% 33885 5223 5441 246%
c -  2.10 14 28 10 14 1188 4 33856 10852 1.8 19 11 9 13 29% 33885 5223 5441 246%
c }  2.25 14 27 11 14 1289 4 37022 13749 1.8 19 11 9 13 29% 33885 5223 5441 246%
c [  2.25 14 25 11 14 1289 1 37022 13749 1.7 22 13 10 17 29% 33885 5223 5441 246%
c O  2.25 14 25 11 14 1289 1 37022 13749 1.7 22 13 10 17 29% 33885 5223 5441 246%
c -  2.28 14 24 11 15 1289 1 37597 12820 1.7 22 13 10 17 29% 33885 5223 5441 246%
c
c  seconds   switched    rate         size/glue  tier1      binary        remaining
c         MB   reductions  conflicts        size    tier2      irredundant
c          level    restarts     redundant     glue     trail        variables
c
c -  2.47 14 23 11 16 1292 1 41470 14594 1.7 21 12 10 16 30% 33885 5223 5441 246%
c u  2.55 15 22 11 16 1293 1 42483 15007 1.7 21 12 10 16 30% 33885 5223 5441 246%
c v  2.58 15 22 11 16 1293 1 42483 13508 1.7 21 12 10 16 30% 33885 5223 5441 246%
c w  2.59 15 22 11 16 1293 1 42483 13148 1.7 21 12 10 16 30% 33885 5223 5441 246%
c o  2.60 15 22 11 16 1293 1 42483 13148 1.7 21 12 10 16 30% 33885 5223 5441 246%
c ]  2.73 14 27 12 16 1295 1 45307 15895 1.7 21 13 10 16 31% 33885 5223 5441 246%
c {  2.73 14 27 12 16 1295 4 45307 15895 1.8 19 11 9 13 29% 33885 5223 5441 246%
c -  2.74 14 27 12 17 1300 4 45470 13983 1.8 19 11 9 13 29% 33885 5223 5441 246%
c -  2.94 15 26 12 18 1565 4 49594 16424 1.8 19 11 9 13 30% 33885 5223 5441 246%
c e  3.17 13 26 12 18 1922 4 53616 20284 1.8 19 11 9 13 30% 33891 6175 4787 216%
c ^  3.17 13 26 12 18 1922 4 53616 20284 1.8 19 11 9 13 30% 33891 6175 4787 216%
c -  3.18 14 26 12 19 1924 4 53836 14646 1.8 19 11 9 13 30% 33891 6175 4787 216%
c }  3.31 15 26 13 19 2029 4 56786 17410 1.8 19 11 9 13 30% 33891 6175 4787 216%
c [  3.31 15 27 13 19 2029 1 56786 17410 1.7 21 13 10 16 31% 33891 6175 4787 216%
c B  3.31 15 27 13 19 2029 1 56786 17410 1.7 21 13 10 16 31% 33891 6175 4787 216%
c -  3.38 15 27 13 20 2030 1 58195 17108 1.7 22 13 10 17 31% 33891 6175 4787 216%
c u  3.55 16 27 13 20 2031 1 60636 18992 1.7 22 13 10 17 31% 33891 6175 4787 216%
c v  3.58 16 27 13 20 2031 1 60636 18834 1.7 22 13 10 17 31% 33891 6175 4787 216%
c w  3.59 16 27 13 20 2031 1 60636 18779 1.7 22 13 10 17 31% 33891 6175 4787 216%
c -  3.84 17 26 13 21 2033 1 62668 18796 1.7 22 13 10 17 31% 33891 6175 4787 216%
c
c  seconds   switched    rate         size/glue  tier1      binary        remaining
c         MB   reductions  conflicts        size    tier2      irredundant
c          level    restarts     redundant     glue     trail        variables
c
c -  4.07 17 25 13 22 2035 1 67250 20737 1.7 21 13 10 16 32% 33891 6175 4787 216%
c ]  4.10 17 25 14 22 2035 1 67877 21256 1.7 21 13 10 16 32% 33891 6175 4787 216%
c {  4.10 17 26 14 22 2035 4 67877 21256 1.8 19 11 9 13 30% 33891 6175 4787 216%
c -  4.30 17 25 14 23 2290 4 71942 22606 1.7 19 11 9 13 31% 33891 6175 4787 216%
c o  4.34 17 25 14 23 2349 4 72662 23308 1.7 19 11 9 13 31% 33891 6175 4787 216%
c -  4.53 17 25 14 24 2520 4 76737 24072 1.7 18 11 9 13 31% 33891 6175 4787 216%
c -  4.76 17 24 14 25 2687 4 81635 26075 1.7 18 11 9 13 31% 33891 6175 4787 216%
c u  4.84 17 24 14 25 2743 4 82284 26464 1.7 18 11 9 13 31% 33891 6175 4787 216%
c v  4.86 17 24 14 25 2743 4 82284 26294 1.7 18 11 9 13 31% 33891 6175 4787 216%
c w  4.88 17 24 14 25 2743 4 82284 26273 1.7 18 11 9 13 31% 33891 6175 4787 216%
c x  4.90 17 24 14 25 2743 4 82284 26272 1.7 18 11 9 13 31% 33891 6175 4787 216%
c }  4.92 17 24 15 25 2751 4 82592 26572 1.7 18 11 9 13 31% 33891 6175 4787 216%
c [  4.92 17 25 15 25 2751 1 82592 26572 1.7 21 13 10 16 32% 33891 6175 4787 216%
c W  4.94 17 25 15 25 2751 1 82592 26572 1.7 21 13 10 16 32% 33891 6175 4787 216%
c -  5.13 17 25 15 26 2753 1 86636 27483 1.7 22 13 10 16 32% 33891 6175 4787 216%
c -  5.40 18 25 15 27 2757 1 91735 29581 1.7 22 13 10 16 32% 33891 6175 4787 216%
c ]  5.64 18 24 16 27 2759 1 96220 33714 1.7 22 13 10 16 32% 33891 6175 4787 216%
c {  5.65 18 24 16 27 2759 4 96220 33714 1.7 18 11 9 13 31% 33891 6175 4787 216%
c -  5.69 18 24 16 28 2809 4 96933 31712 1.7 18 11 9 13 31% 33891 6175 4787 216%
c e  5.80 18 24 16 28 2863 4 98506 33170 1.7 18 11 9 13 32% 35155 7768 3891 176%
c
c  seconds   switched    rate         size/glue  tier1     binary        remaining
c         MB   reductions  conflicts        size   tier2      irredundant
c          level    restarts     redundant     glue    trail        variables
c
c ^  5.80 18 24 16 28 2863 4 98506 33170 1.7 18 11 9 13 32% 35155 7768 3891 176%
c -  5.98 18 24 16 29 2949 4 102225 26228 1.7 18 11 9 13 32% 35155 7768 3891 176%
c u  6.30 18 24 16 29 3240 4 107583 31049 1.7 18 10 9 13 33% 35155 7768 3891 176%
c v  6.36 18 24 16 29 3240 4 107583 30585 1.7 18 10 9 13 33% 35155 7768 3891 176%
c w  6.37 18 24 16 29 3240 4 107583 30395 1.7 18 10 9 13 33% 35155 7768 3891 176%
c -  6.42 18 24 16 30 3247 4 107610 28592 1.7 18 10 9 13 33% 35155 7768 3891 176%
c -  6.68 18 23 16 31 3517 4 113087 31605 1.7 18 10 9 13 33% 35155 7768 3891 176%
c o  6.69 18 23 16 31 3519 4 113268 31775 1.7 18 10 9 13 33% 35155 7768 3891 176%
c }  6.74 18 23 17 31 3560 4 114559 32925 1.7 18 10 9 13 33% 35155 7768 3891 176%
c [  6.74 18 24 17 31 3560 1 114559 32925 1.7 22 13 10 16 32% 35155 7768 3891 176%
c I  6.74 18 24 17 31 3560 1 114559 32925 1.7 22 13 10 16 32% 35155 7768 3891 176%
c -  6.95 18 25 17 32 3562 1 118654 33673 1.9 24 13 9 16 33% 35155 7768 3891 176%
c -  7.25 19 26 17 33 3566 1 124312 35574 1.9 26 13 10 17 34% 35155 7768 3891 176%
c -  7.58 24 27 17 34 3569 1 130056 37058 2.0 27 14 10 17 35% 35155 7768 3891 176%
c ]  7.66 14 27 18 34 3570 1 131286 38265 2.0 27 14 10 17 35% 35155 7768 3891 176%
c {  7.66 14 23 18 34 3570 4 131286 38265 1.7 18 10 9 13 33% 35155 7768 3891 176%
c -  7.89 15 22 18 35 3572 3 135887 38387 1.7 18 10 9 13 34% 35155 7768 3891 176%
c u  7.99 21 22 18 35 3572 3 136494 38717 1.7 18 10 9 13 34% 35155 7768 3891 176%
c v  8.04 21 22 18 35 3572 3 136494 38566 1.7 18 10 9 13 34% 35155 7768 3891 176%
c w  8.07 23 22 18 35 3572 3 136494 38557 1.7 18 10 9 13 34% 35155 7768 3891 176%
c
c  seconds   switched    rate          size/glue  tier1     binary        remaining
c         MB   reductions  conflicts         size   tier2      irredundant
c          level    restarts      redundant     glue    trail        variables
c
c -  8.34 19 21 18 36 3580 3 141803 40384 1.7 18 10 9 12 34% 35155 7768 3891 176%
c -  8.66 20 20 18 37 3581 3 147803 43186 1.8 18 10 9 12 35% 35155 7768 3891 176%
c }  8.96 20 19 19 37 3585 3 153631 48620 1.8 18 10 9 12 35% 35155 7768 3891 176%
c [  8.96 20 27 19 37 3585 1 153631 48620 2.0 27 14 10 17 35% 35155 7768 3891 176%
c B  8.96 20 27 19 37 3585 1 153631 48620 2.0 27 14 10 17 35% 35155 7768 3891 176%
c -  8.98 20 27 19 38 3585 1 153887 46031 2.0 27 14 10 17 35% 35155 7768 3891 176%
c -  9.31 20 26 19 39 3590 1 160052 48755 1.9 26 14 10 17 36% 35155 7768 3891 176%
c e  9.47 17 26 19 39 3591 1 162036 50563 1.9 26 14 10 17 36% 37297 9643 3264 147%
c ^  9.47 17 26 19 39 3591 1 162036 50563 1.9 26 14 10 17 36% 37297 9643 3264 147%
c -  9.72 19 25 19 40 3592 1 166297 39494 1.9 26 13 10 17 36% 37297 9643 3264 147%
c u  9.97 21 25 19 40 3594 1 169221 41974 1.9 26 13 10 17 37% 37297 9643 3264 147%
c v 10.04 23 25 19 40 3594 1 169221 39907 1.9 26 13 10 17 37% 37297 9643 3264 147%
c w 10.07 23 25 19 40 3594 1 169221 38089 1.9 26 13 10 17 37% 37297 9643 3264 147%
c o 10.12 23 25 19 40 3594 1 169221 38089 1.9 26 13 10 17 37% 37297 9643 3264 147%
c - 10.29 19 28 19 41 3597 1 172622 39022 1.9 26 13 10 17 37% 37297 9643 3264 147%
c W 10.41 16 28 19 41 3598 1 174544 40858 1.9 25 13 10 17 37% 37297 9643 3264 147%
c ] 10.41 16 28 20 41 3598 1 174651 40962 1.9 25 13 10 17 37% 37297 9643 3264 147%
c { 10.41 16 19 20 41 3598 3 174651 40962 1.8 18 10 9 12 35% 37297 9643 3264 147%
c - 10.64 16 19 20 42 3727 3 179025 36309 1.8 18 10 8 12 36% 37297 9643 3264 147%
c - 11.00 20 19 20 43 4308 3 185506 36993 1.8 18 10 8 12 36% 37297 9643 3264 147%
c
c  seconds   switched    rate          size/glue  tier1     binary        remaining
c         MB   reductions  conflicts         size   tier2      irredundant
c          level    restarts      redundant     glue    trail        variables
c
c - 11.35 20 19 20 44 4681 3 192064 38403 1.8 18 10 8 12 37% 37297 9643 3264 147%
c - 11.72 21 19 20 45 5199 3 198697 40885 1.8 18 10 9 12 37% 37297 9643 3264 147%
c } 11.87 20 19 21 45 5374 3 201392 43453 1.8 18 10 9 12 38% 37297 9643 3264 147%
c [ 11.87 20 28 21 45 5374 1 201392 43453 1.9 25 13 10 17 37% 37297 9643 3264 147%
c O 11.87 20 28 21 45 5374 1 201392 43453 1.9 25 13 10 17 37% 37297 9643 3264 147%
c - 12.08 20 27 21 46 5376 1 205407 43535 1.9 25 13 10 17 38% 37297 9643 3264 147%
c u 12.20 22 27 21 46 5377 1 205692 43454 1.9 25 13 10 17 38% 37297 9643 3264 147%
c v 12.27 22 27 21 46 5377 1 205692 43190 1.9 25 13 10 17 38% 37297 9643 3264 147%
c w 12.30 22 27 21 46 5377 1 205692 43139 1.9 25 13 10 17 38% 37297 9643 3264 147%
c - 12.99 20 26 21 47 5380 1 212191 45555 1.9 25 13 9 16 38% 37297 9643 3264 147%
c - 13.39 21 25 21 48 5385 1 219046 48330 1.9 24 13 9 16 39% 37297 9643 3264 147%
c - 13.80 21 24 21 49 5387 1 225975 50912 1.9 24 12 9 16 39% 37297 9643 3264 147%
c ] 13.83 19 24 22 49 5388 1 226451 51378 1.9 24 12 9 16 39% 37297 9643 3264 147%
c { 13.83 19 19 22 49 5388 3 226451 51378 1.8 18 10 9 12 38% 37297 9643 3264 147%
c o 14.13 21 21 22 49 6128 3 229222 54140 1.8 18 10 9 12 38% 37297 9643 3264 147%
c - 14.54 26 23 22 50 7158 4 232976 53100 1.8 18 10 9 12 38% 37297 9643 3264 147%
c - 15.35 23 26 22 51 9031 5 240048 55150 1.8 19 11 9 12 39% 37297 9643 3264 147%
c e 16.07 20 29 22 51 10391 6 245729 60796 1.8 20 11 9 12 39% 40785 12525 2738 124%
c ! 16.08 20 29 22 51 10391 6 245729 60796 1.8 20 11 9 12 39% 40785 12525 2738 124%
c u 16.23 23 29 22 51 10473 6 246114 39567 1.8 20 11 9 12 39% 40785 12525 2738 124%
c
c  seconds   switched     rate          size/glue  tier1     binary         remaining
c         MB   reductions   conflicts         size   tier2       irredundant
c          level    restarts       redundant     glue    trail         variables
c
c v 16.31 23 29 22 51 10473 6 246114 39475 1.8 20 11 9 12 39% 40785 12525 2738 124%
c w 16.35 23 29 22 51 10473 6 246114 39450 1.8 20 11 9 12 39% 40785 12525 2738 124%
c f 16.49 19 29 22 51 10473 6 246114 39450 1.8 20 11 9 12 39% 40037 12460 2783 126%
c u 16.62 23 29 22 51 10473 6 246114 38862 1.8 20 11 9 12 39% 40037 12460 2783 126%
c v 16.74 23 29 22 51 10473 6 246114 38723 1.8 20 11 9 12 39% 40037 12460 2783 126%
c w 16.78 23 29 22 51 10473 6 246114 38706 1.8 20 11 9 12 39% 40037 12460 2783 126%
c - 16.92 23 29 22 52 10702 6 247190 36756 1.8 20 11 9 12 39% 40037 12460 2783 126%
c - 17.63 23 32 22 53 12250 7 254401 40059 1.8 21 11 9 13 40% 40037 12460 2783 126%
c } 17.99 23 33 23 53 13006 7 257967 43610 1.8 21 12 9 13 40% 40037 12460 2783 126%
c [ 17.99 23 24 23 53 13006 1 257967 43610 1.9 24 12 9 16 39% 40037 12460 2783 126%
c B 17.99 23 24 23 53 13006 1 257967 43610 1.9 24 12 9 16 39% 40037 12460 2783 126%
c - 18.20 23 24 23 54 13008 1 261681 42947 1.9 24 13 9 16 40% 40037 12460 2783 126%
c - 18.62 23 24 23 55 13012 1 269031 45116 1.9 24 13 9 16 41% 40037 12460 2783 126%
c - 19.05 22 24 23 56 13018 1 276447 47166 1.9 24 13 9 16 41% 40037 12460 2783 126%
c - 19.51 23 23 23 57 13020 1 283931 49534 1.9 24 13 9 16 42% 40037 12460 2783 126%
c W 19.88 19 23 23 57 13020 1 289417 54890 2.0 24 12 9 16 43% 40037 12460 2783 126%
c u 20.08 25 24 23 57 13020 1 290354 55247 2.0 25 13 9 16 43% 40037 12460 2783 126%
c v 20.21 25 24 23 57 13020 1 290354 54571 2.0 25 13 9 16 43% 40037 12460 2783 126%
c w 20.26 25 24 23 57 13020 1 290354 54006 2.0 25 13 9 16 43% 40037 12460 2783 126%
c - 20.35 25 24 23 58 13021 1 291480 50307 2.0 25 13 9 16 43% 40037 12460 2783 126%
c
c  seconds   switched     rate          size/glue  tier1     binary         remaining
c         MB   reductions   conflicts         size   tier2       irredundant
c          level    restarts       redundant     glue    trail         variables
c
c - 20.82 25 23 23 59 13027 1 299097 52268 1.9 24 13 9 16 44% 40037 12460 2783 126%
c - 21.32 25 23 23 60 13030 1 306778 54033 1.9 24 13 9 16 44% 40037 12460 2783 126%
c ] 21.75 25 23 24 60 13034 1 313078 60054 1.9 24 13 9 16 45% 40037 12460 2783 126%
c { 21.75 25 33 24 60 13034 7 313078 60054 1.8 21 12 9 13 40% 40037 12460 2783 126%
c o 21.75 25 33 24 60 13044 7 313124 60099 1.8 21 12 9 13 40% 40037 12460 2783 126%
c - 21.84 25 32 24 61 13051 7 314523 54774 1.8 21 12 9 13 40% 40037 12460 2783 126%
c - 22.28 25 31 24 62 13126 6 322333 56176 1.8 20 11 9 13 41% 40037 12460 2783 126%
c - 22.70 25 29 24 63 13156 6 330207 58242 1.8 20 11 9 13 41% 40037 12460 2783 126%
c - 23.14 25 28 24 64 13273 6 338146 61451 1.8 20 11 9 13 42% 40037 12460 2783 126%
c u 23.32 25 28 24 64 13273 6 338676 61645 1.8 20 11 9 13 42% 40037 12460 2783 126%
c v 23.43 25 28 24 64 13273 6 338676 60152 1.8 20 11 9 13 42% 40037 12460 2783 126%
c w 23.47 25 28 24 64 13273 6 338676 59883 1.8 20 11 9 13 42% 40037 12460 2783 126%
c - 23.90 25 28 24 65 13373 5 346148 63885 1.8 20 11 9 13 42% 40037 12460 2783 126%
c } 24.10 25 27 25 65 13410 5 349755 67200 1.8 20 11 9 13 42% 40037 12460 2783 126%
c [ 24.10 25 23 25 65 13410 1 349755 67200 1.9 24 13 9 16 45% 40037 12460 2783 126%
c I 24.10 25 23 25 65 13410 1 349755 67200 1.9 24 13 9 16 45% 40037 12460 2783 126%
c e 24.18 25 24 25 65 13411 1 350846 68282 1.9 25 13 9 16 45% 40114 12487 2776 125%
c - 24.39 28 24 25 66 13413 1 354210 66714 1.9 25 13 9 16 45% 40114 12487 2776 125%
c - 24.91 28 23 25 67 13417 1 362334 69508 2.0 25 13 9 16 45% 40114 12487 2776 125%
c - 25.46 28 23 25 68 13423 1 370520 72055 2.0 25 13 9 16 45% 40114 12487 2776 125%
c
c  seconds   switched     rate          size/glue  tier1     binary         remaining
c         MB   reductions   conflicts         size   tier2       irredundant
c          level    restarts       redundant     glue    trail         variables
c
c - 26.00 29 23 25 69 13424 1 378767 73726 2.0 25 13 9 16 46% 40114 12487 2776 125%
c ] 26.14 29 22 26 69 13424 1 380837 75677 2.0 24 12 9 16 46% 40114 12487 2776 125%
c { 26.14 29 27 26 69 13424 5 380837 75677 1.8 20 11 9 13 42% 40114 12487 2776 125%
c - 26.52 29 26 26 70 13480 5 387073 76144 1.8 19 11 9 13 43% 40114 12487 2776 125%
c u 26.94 29 26 26 70 13519 5 391156 79723 1.8 19 11 9 13 43% 40114 12487 2776 125%
c v 27.07 29 26 26 70 13519 5 391156 79217 1.8 19 11 9 13 43% 40114 12487 2776 125%
c w 27.11 29 26 26 70 13519 5 391156 79039 1.8 19 11 9 13 43% 40114 12487 2776 125%
c f 27.14 29 26 26 70 13519 5 391156 79039 1.8 19 11 9 13 43% 40071 12479 2779 125%
c u 27.31 29 26 26 70 13519 5 391156 78917 1.8 19 11 9 13 43% 40071 12479 2779 125%
c v 27.44 29 26 26 70 13519 5 391156 78881 1.8 19 11 9 13 43% 40071 12479 2779 125%
c w 27.48 29 26 26 70 13519 5 391156 78753 1.8 19 11 9 13 43% 40071 12479 2779 125%
c o 28.09 29 26 26 70 13575 5 393175 80664 1.8 19 11 9 13 43% 40071 12479 2779 125%
c - 28.23 30 26 26 71 13578 5 395440 77779 1.8 19 11 9 13 43% 40071 12479 2779 125%
c - 28.72 30 25 26 72 13673 4 403866 80734 1.8 19 11 9 13 43% 40071 12479 2779 125%
c - 29.23 30 24 26 73 13829 4 412351 83308 1.8 19 11 9 13 44% 40071 12479 2779 125%
c - 29.73 30 23 26 74 13888 4 420896 85889 1.8 19 11 9 12 44% 40071 12479 2779 125%
c } 29.86 30 23 27 74 13911 4 423056 87713 1.8 19 11 9 12 44% 40071 12479 2779 125%
c [ 29.86 30 22 27 74 13911 1 423056 87713 2.0 24 12 9 16 46% 40071 12479 2779 125%
c B 29.86 30 22 27 74 13911 1 423056 87713 2.0 24 12 9 16 46% 40071 12479 2779 125%
c - 30.29 30 22 27 75 13916 1 429498 87510 1.9 24 12 9 16 46% 40071 12479 2779 125%
c
c  seconds   switched     rate          size/glue  tier1     binary         remaining
c         MB   reductions   conflicts         size   tier2       irredundant
c          level    restarts       redundant     glue    trail         variables
c
c - 30.90 30 22 27 76 13920 1 438161 89363 1.9 24 12 9 16 46% 40071 12479 2779 125%
c - 31.52 31 22 27 77 13924 1 446879 91343 1.9 24 12 9 16 46% 40071 12479 2779 125%
c u 31.74 40 22 27 77 13925 1 447842 91952 1.9 24 12 9 16 46% 40071 12479 2779 125%
c v 31.85 40 22 27 77 13925 1 447842 89527 1.9 24 12 9 16 46% 40071 12479 2779 125%
c w 31.89 40 22 27 77 13925 1 447842 87757 1.9 24 12 9 16 46% 40071 12479 2779 125%
c - 32.51 40 22 27 78 13925 1 455654 90500 1.9 24 12 9 16 46% 40071 12479 2779 125%
c ] 32.80 40 22 28 78 13928 1 459796 94462 1.9 24 12 9 16 46% 40071 12479 2779 125%
c { 32.80 40 23 28 78 13928 4 459796 94462 1.8 19 11 9 12 44% 40071 12479 2779 125%
c - 33.11 41 23 28 79 14007 4 464485 92474 1.8 19 11 9 12 44% 40071 12479 2779 125%
c - 33.68 40 22 28 80 14226 4 473374 93198 1.8 19 11 9 12 44% 40071 12479 2779 125%
c - 34.29 41 22 28 81 14402 3 482320 95332 1.8 19 11 9 12 45% 40071 12479 2779 125%
c o 34.47 40 22 28 81 14459 3 485221 98103 1.8 19 11 9 12 45% 40071 12479 2779 125%
c - 34.85 40 22 28 82 14574 3 491320 98277 1.8 18 10 9 12 45% 40071 12479 2779 125%
c - 35.44 41 21 28 83 14847 3 500375 101415 1.7 18 10 9 12 45% 40071 12479 2779 125%
c } 35.91 41 21 29 83 14984 3 507934 108386 1.7 18 10 9 12 45% 40071 12479 2779 125%
c [ 35.91 41 22 29 83 14984 1 507934 108386 1.9 24 12 9 16 46% 40071 12479 2779 125%
c W 35.93 33 22 29 83 14984 1 507934 108386 1.9 24 12 9 16 46% 40071 12479 2779 125%
c u 36.21 35 22 29 83 14984 1 508813 109059 1.9 24 12 9 16 46% 40071 12479 2779 125%
c v 36.36 35 22 29 83 14984 1 508813 108810 1.9 24 12 9 16 46% 40071 12479 2779 125%
c w 36.42 35 22 29 83 14984 1 508813 108753 1.9 24 12 9 16 46% 40071 12479 2779 125%
c
c  seconds   switched     rate           size/glue  tier1     binary         remaining
c         MB   reductions   conflicts          size   tier2       irredundant
c          level    restarts       redundant      glue    trail         variables
c
c - 36.51 35 22 29 84 14985 1 509485 104134 1.9 24 12 9 16 46% 40071 12479 2779 125%
c - 37.10 35 21 29 85 14990 1 518652 106653 1.9 23 12 9 16 47% 40071 12479 2779 125%
c - 37.71 35 21 29 86 14996 1 527871 108184 1.9 23 12 9 16 47% 40071 12479 2779 125%
c - 38.37 35 21 29 87 14998 1 537145 109234 1.9 24 12 9 16 47% 40071 12479 2779 125%
c - 39.08 35 21 29 88 15003 1 546472 110018 1.9 24 13 9 16 47% 40071 12479 2779 125%
c ] 39.47 35 21 30 88 15005 1 551659 115010 1.9 24 13 9 16 48% 40071 12479 2779 125%
c { 39.47 35 21 30 88 15005 3 551659 115010 1.7 18 10 9 12 45% 40071 12479 2779 125%
c - 39.77 35 21 30 89 15059 3 555854 109653 1.7 18 10 9 12 45% 40071 12479 2779 125%
c - 40.38 35 20 30 90 15135 3 565287 110656 1.8 18 10 9 12 45% 40071 12479 2779 125%
c u 41.21 35 20 30 90 15390 3 574119 118652 1.8 18 10 9 12 45% 40071 12479 2779 125%
c v 41.39 35 20 30 90 15390 3 574119 118503 1.8 18 10 9 12 45% 40071 12479 2779 125%
c w 41.45 35 20 30 90 15390 3 574119 118322 1.8 18 10 9 12 45% 40071 12479 2779 125%
c - 41.55 35 20 30 91 15411 3 574774 112426 1.8 18 10 9 12 45% 40071 12479 2779 125%
c - 42.16 35 20 30 92 15555 3 584313 115540 1.8 18 10 9 12 45% 40071 12479 2779 125%
c o 42.30 35 20 30 92 15592 3 586470 117468 1.8 18 10 9 12 45% 40071 12479 2779 125%
c - 42.80 35 20 30 93 15839 3 593904 116950 1.8 18 10 9 12 45% 40071 12479 2779 125%
c - 43.45 35 20 30 94 16142 3 603548 118380 1.8 18 10 9 12 45% 40071 12479 2779 125%
c } 43.60 35 20 31 94 16182 3 606095 120653 1.8 18 10 9 12 46% 40071 12479 2779 125%
c [ 43.60 35 21 31 94 16182 1 606095 120653 1.9 24 13 9 16 48% 40071 12479 2779 125%
c O 43.60 35 21 31 94 16182 1 606095 120653 1.9 24 13 9 16 48% 40071 12479 2779 125%
c
c  seconds   switched     rate           size/glue  tier1     binary         remaining
c         MB   reductions   conflicts          size   tier2       irredundant
c          level    restarts       redundant      glue    trail         variables
c
c - 44.09 35 21 31 95 16187 1 613244 119703 1.9 23 13 9 16 48% 40071 12479 2779 125%
c - 44.76 35 21 31 96 16192 1 622990 121015 1.9 23 12 9 16 48% 40071 12479 2779 125%
c - 45.49 37 21 31 97 16196 1 632788 120823 1.9 23 13 9 16 48% 40071 12479 2779 125%
c - 46.25 37 21 31 98 16199 1 642636 120081 1.9 24 13 9 16 48% 40071 12479 2779 125%
c u 46.61 37 21 31 98 16200 1 643811 118960 1.9 24 13 9 16 48% 40071 12479 2779 125%
c v 46.80 37 21 31 98 16200 1 643811 118934 1.9 24 13 9 16 48% 40071 12479 2779 125%
c w 46.88 37 21 31 98 16200 1 643811 118915 1.9 24 13 9 16 48% 40071 12479 2779 125%
c - 47.61 37 21 31 99 16205 1 652536 116857 1.9 24 13 9 15 48% 40071 12479 2779 125%
c ] 47.69 37 21 32 99 16206 1 653411 117675 1.9 24 13 9 15 48% 40071 12479 2779 125%
c { 47.69 37 20 32 99 16206 3 653411 117675 1.8 18 10 9 12 46% 40071 12479 2779 125%
c - 48.33 37 19 32 100 16486 3 662485 117283 1.7 18 10 9 12 46% 40071 12479 2779 125%
c - 49.02 37 19 32 101 16884 3 672485 116905 1.8 18 10 9 12 46% 40071 12479 2779 125%
c - 49.80 37 19 32 102 17350 3 682534 117683 1.8 18 10 9 12 46% 40071 12479 2779 125%
c - 50.50 37 19 32 103 17695 3 692633 118628 1.8 18 10 9 12 46% 40071 12479 2779 125%
c o 51.02 37 19 32 103 17748 3 701430 126423 1.8 18 10 9 12 46% 40071 12479 2779 125%
c - 51.15 37 19 32 104 17852 3 702783 119393 1.8 18 10 9 12 46% 40071 12479 2779 125%
c - 51.89 37 19 32 105 18292 3 712982 120326 1.8 18 10 9 12 46% 40071 12479 2779 125%
c } 52.00 37 19 33 105 18384 3 714517 121789 1.8 18 10 9 12 46% 40071 12479 2779 125%
c [ 52.00 37 21 33 105 18384 1 714517 121789 1.9 24 13 9 15 48% 40071 12479 2779 125%
c B 52.00 37 21 33 105 18384 1 714517 121789 1.9 24 13 9 15 48% 40071 12479 2779 125%
c
c  seconds   switched      rate           size/glue  tier1     binary         remaining
c         MB   reductions    conflicts          size   tier2       irredundant
c          level     restarts       redundant      glue    trail         variables
c
c u 52.56 37 21 33 105 18386 1 717938 124536 1.9 24 13 9 15 48% 40071 12479 2779 125%
c v 52.76 37 21 33 105 18386 1 717938 124232 1.9 24 13 9 15 48% 40071 12479 2779 125%
c w 52.84 37 21 33 105 18386 1 717938 123828 1.9 24 13 9 15 48% 40071 12479 2779 125%
c - 53.28 37 21 33 106 18390 1 723230 121484 1.9 23 13 9 15 48% 40071 12479 2779 125%
c - 54.13 37 20 33 107 18396 1 733525 123094 1.9 23 12 9 15 48% 40071 12479 2779 125%
c - 55.02 37 20 33 108 18398 1 743869 123889 1.9 23 12 9 15 48% 40071 12479 2779 125%
c - 55.90 37 20 33 109 18404 1 754263 123921 1.9 23 13 9 15 48% 40071 12479 2779 125%
c ] 56.77 37 20 34 109 18408 1 763617 132530 1.9 23 13 9 15 48% 40071 12479 2779 125%
c { 56.77 37 19 34 109 18408 3 763617 132530 1.8 18 10 9 12 46% 40071 12479 2779 125%
c - 56.88 37 19 34 110 18411 3 764704 123476 1.8 18 10 9 12 46% 40071 12479 2779 125%
c - 57.64 37 18 34 111 18433 2 775192 99553 1.7 17 10 8 12 46% 40071 12479 2779 125%
c - 58.34 37 17 34 112 18433 2 785727 91563 1.7 17 10 8 12 46% 40071 12479 2779 125%
c - 59.02 37 17 34 113 18441 2 796310 89920 1.7 17 10 8 12 46% 40071 12479 2779 125%
c u 59.30 37 17 34 113 18445 2 796553 87450 1.7 17 10 8 12 46% 40071 12479 2779 125%
c v 59.53 37 17 34 113 18445 2 796553 85025 1.7 17 10 8 12 46% 40071 12479 2779 125%
c w 59.56 37 17 34 113 18445 2 796553 84963 1.7 17 10 8 12 46% 40071 12479 2779 125%
c - 60.22 37 16 34 114 18462 2 806940 87860 1.7 17 10 8 12 46% 40071 12479 2779 125%
c - 60.86 37 16 34 115 18484 2 817617 89868 1.7 16 10 8 12 46% 40071 12479 2779 125%
c o 61.46 37 15 34 115 18501 2 828033 98515 1.7 16 9 8 12 46% 40071 12479 2779 125%
c - 61.49 37 15 34 116 18520 2 828341 92306 1.7 16 9 8 12 46% 40071 12479 2779 125%
c
c  seconds   switched      rate          size/glue tier1     binary         remaining
c         MB   reductions    conflicts         size  tier2       irredundant
c          level     restarts       redundant    glue    trail         variables
c
c } 61.68 37 15 35 116 18531 2 831763 95086 1.7 16 9 8 12 46% 40071 12479 2779 125%
c [ 61.68 37 20 35 116 18531 1 831763 95086 1.9 23 13 9 15 48% 40071 12479 2779 125%
c W 61.83 37 20 35 116 18531 1 831763 95086 1.9 23 13 9 15 48% 40071 12479 2779 125%
c - 62.32 37 21 35 117 18536 1 839111 95267 1.8 23 13 9 15 48% 40071 12479 2779 125%
c - 63.09 37 20 35 118 18542 1 849927 97956 1.8 23 13 9 15 48% 40071 12479 2779 125%
c - 63.91 37 21 35 119 18545 1 860789 99409 1.8 23 13 9 15 48% 40071 12479 2779 125%
c - 64.77 37 21 35 120 18551 1 871699 99144 1.8 23 13 9 15 48% 40071 12479 2779 125%
c u 65.66 37 21 35 120 18555 1 879705 105872 1.8 23 13 9 15 48% 40071 12479 2779 125%
c v 65.88 37 21 35 120 18555 1 879705 100997 1.8 23 13 9 15 48% 40071 12479 2779 125%
c w 65.96 37 21 35 120 18555 1 879705 97361 1.8 23 13 9 15 48% 40071 12479 2779 125%
c - 67.08 37 20 35 121 18557 1 882656 91272 1.8 23 13 8 15 48% 40071 12479 2779 125%
c ] 67.49 37 20 36 121 18559 1 888717 96784 1.8 23 13 8 15 48% 40071 12479 2779 125%
c { 67.49 37 15 36 121 18559 2 888717 96784 1.7 16 9 8 12 46% 40071 12479 2779 125%
c - 67.82 37 15 36 122 18797 2 893656 93776 1.7 16 9 8 12 46% 40071 12479 2779 125%
c - 68.62 37 16 36 123 19998 2 904702 96345 1.7 16 10 8 12 46% 40071 12479 2779 125%
c - 69.36 37 16 36 124 20714 2 915792 97372 1.7 16 10 8 12 46% 40071 12479 2779 125%
c - 70.13 37 16 36 125 21515 2 926927 97700 1.7 16 10 8 12 46% 40071 12479 2779 125%
c - 70.89 37 17 36 126 22386 2 938107 99626 1.7 16 10 8 12 46% 40071 12479 2779 125%
c - 71.65 39 17 36 127 23195 2 949332 101989 1.7 16 10 8 12 46% 40071 12479 2779 125%
c - 72.40 39 17 36 128 23722 2 960601 103903 1.7 16 10 8 12 46% 40071 12479 2779 125%
c
c  seconds   switched      rate           size/glue  tier1     binary         remaining
c         MB   reductions    conflicts          size   tier2       irredundant
c          level     restarts       redundant      glue    trail         variables
c
c o 72.41 39 17 36 128 23727 2 960735 104021 1.7 16 10 8 12 46% 40071 12479 2779 125%
c } 72.68 39 17 37 128 24114 3 964276 107416 1.7 16 10 8 12 46% 40071 12479 2779 125%
c [ 72.68 39 20 37 128 24114 1 964276 107416 1.8 23 13 8 15 48% 40071 12479 2779 125%
c I 72.68 39 20 37 128 24114 1 964276 107416 1.8 23 13 8 15 48% 40071 12479 2779 125%
c u 73.10 41 21 37 128 24116 1 967449 108515 1.8 23 13 8 15 48% 40071 12479 2779 125%
c v 73.27 41 21 37 128 24116 1 967449 107365 1.8 23 13 8 15 48% 40071 12479 2779 125%
c w 73.33 43 21 37 128 24116 1 967449 107338 1.8 23 13 8 15 48% 40071 12479 2779 125%
c - 73.79 43 21 37 129 24119 1 971915 101487 1.8 23 13 8 15 48% 40071 12479 2779 125%
c - 74.56 43 23 37 130 24126 1 983272 102165 1.9 25 13 8 15 48% 40071 12479 2779 125%
c - 75.41 43 24 37 131 24128 1 994675 101598 1.9 26 14 8 16 48% 40071 12479 2779 125%
c - 76.23 43 24 37 132 24135 1 1006120 102000 1.9 26 14 8 16 48% 40071 12479 2779 125%
c - 77.07 43 24 37 133 24142 1 1017612 103787 1.9 26 13 8 16 48% 40071 12479 2779 125%
c - 77.93 43 24 37 134 24143 1 1029145 103750 1.9 26 14 8 16 48% 40071 12479 2779 125%
c B 78.15 43 24 37 134 24144 1 1031961 106423 1.9 26 13 8 16 48% 40071 12479 2779 125%
c ] 78.48 43 25 38 134 24144 1 1036999 111333 1.9 26 14 8 16 48% 40071 12479 2779 125%
c { 78.48 43 17 38 134 24144 3 1036999 111333 1.7 16 10 8 12 46% 40071 12479 2779 125%
c - 78.98 43 19 38 135 24933 3 1040720 100484 1.7 17 10 8 12 46% 40071 12479 2779 125%
c - 80.53 43 23 38 136 27387 4 1052339 98322 1.7 18 11 8 12 46% 40071 12479 2779 125%
c u 81.93 43 25 38 136 28971 4 1059829 105540 1.7 19 11 8 12 46% 40071 12479 2779 125%
c v 82.22 43 25 38 136 28971 4 1059829 105248 1.7 19 11 8 12 46% 40071 12479 2779 125%
c
c  seconds   switched      rate            size/glue  tier1     binary         remaining
c         MB   reductions     conflicts          size   tier2       irredundant
c          level     restarts        redundant      glue    trail         variables
c
c w 82.33 43 25 38 136 28971 4 1059829 105077 1.7 19 11 8 12 46% 40071 12479 2779 125%
c - 82.99 43 26 38 137 29852 5 1064000 97365 1.7 19 11 8 12 46% 40071 12479 2779 125%
c - 84.64 43 30 38 138 32300 6 1075704 97184 1.7 20 12 8 12 47% 40071 12479 2779 125%
c - 86.22 43 32 38 139 34499 6 1087451 97133 1.8 21 12 8 12 47% 40071 12479 2779 125%
c - 87.83 43 35 38 140 36686 7 1099241 97278 1.8 22 12 8 12 47% 40071 12479 2779 125%
c o 88.03 43 35 38 140 36952 7 1100738 98766 1.8 22 12 8 12 47% 40071 12479 2779 125%
c - 89.26 43 36 38 141 38386 7 1111074 96936 1.8 23 13 8 12 47% 40071 12479 2779 125%
c } 90.40 43 38 39 141 39773 7 1120332 106130 1.8 24 13 8 12 47% 40071 12479 2779 125%
c [ 90.40 43 25 39 141 39773 1 1120332 106130 1.9 26 14 8 16 48% 40071 12479 2779 125%
c W 90.68 43 25 39 141 39773 1 1120332 106130 1.9 26 14 8 16 48% 40071 12479 2779 125%
c - 90.88 43 26 39 142 39775 1 1122949 96371 1.9 26 14 9 16 48% 40071 12479 2779 125%
c - 91.74 43 25 39 143 39782 1 1134865 97823 1.9 26 13 9 16 48% 40071 12479 2779 125%
c - 92.63 43 24 39 144 39787 1 1146824 98446 1.9 25 13 9 16 48% 40071 12479 2779 125%
c u 93.81 43 24 39 144 39790 1 1156874 106870 1.9 25 13 9 16 48% 40071 12479 2779 125%
c v 94.22 43 24 39 144 39790 1 1156874 100992 1.9 25 13 9 16 48% 40071 12479 2779 125%
c w 94.38 43 24 39 144 39790 1 1156874 94994 1.9 25 13 9 16 48% 40071 12479 2779 125%
c - 94.57 43 24 39 145 39792 1 1158825 87783 1.9 25 13 8 16 48% 40071 12479 2779 125%
c - 95.52 43 23 39 146 39799 1 1170867 89718 1.9 25 13 8 16 48% 40071 12479 2779 125%
c - 96.40 43 23 39 147 39802 1 1182950 90623 1.9 24 13 8 16 48% 40071 12479 2779 125%
c - 97.36 43 22 39 148 39803 1 1195074 91716 1.9 24 13 8 16 47% 40071 12479 2779 125%
c
c  seconds   switched      rate           size/glue  tier1     binary         remaining
c         MB   reductions     conflicts         size   tier2       irredundant
c          level     restarts        redundant     glue    trail         variables
c
c O 97.66 43 22 39 148 39803 1 1198763 95246 1.9 24 13 8 16 47% 40071 12479 2779 125%
c - 98.39 43 22 39 149 39807 1 1207243 93716 1.9 24 13 8 16 47% 40071 12479 2779 125%
c - 99.34 43 21 39 150 39814 1 1219450 95693 1.9 24 13 8 16 47% 40071 12479 2779 125%
c - 100.32 43 21 39 151 39818 1 1231697 97170 1.9 24 12 8 15 48% 40071 12479 2779 125%
c - 101.33 43 21 39 152 39825 1 1243985 98384 1.9 23 12 8 15 47% 40071 12479 2779 125%
c - 102.40 43 20 39 153 39832 1 1256314 98387 1.9 23 12 8 15 47% 40071 12479 2779 125%
c ] 102.53 43 20 40 153 39832 1 1257967 99969 1.9 23 12 8 15 47% 40071 12479 2779 125%
c { 102.53 43 38 40 153 39832 7 1257967 99969 1.8 24 13 8 12 47% 40071 12479 2779 125%
c u 102.95 43 38 40 153 39832 7 1258634 98886 1.9 24 13 8 12 47% 40071 12479 2779 125%
c v 103.28 43 38 40 153 39832 7 1258634 95348 1.9 24 13 8 12 47% 40071 12479 2779 125%
c w 103.39 43 38 40 153 39832 7 1258634 92609 1.9 24 13 8 12 47% 40071 12479 2779 125%
c o 103.42 43 38 40 153 39832 7 1258634 92609 1.9 24 13 8 12 47% 40071 12479 2779 125%
c - 104.04 43 36 40 154 39835 7 1268684 93233 1.9 23 13 8 12 47% 40071 12479 2779 125%
c - 104.84 43 34 40 155 39852 6 1281093 96631 1.9 23 12 8 12 47% 40071 12479 2779 125%
c - 105.64 43 32 40 156 39909 5 1293543 97548 1.8 22 12 8 12 47% 40071 12479 2779 125%
c - 106.47 43 30 40 157 39926 5 1306032 97693 1.8 22 12 8 12 47% 40071 12479 2779 125%
c - 107.32 43 28 40 158 39964 5 1318561 97689 1.8 21 12 8 12 46% 40071 12479 2779 125%
c - 108.15 43 27 40 159 40046 4 1331132 98586 1.9 21 12 8 12 46% 40071 12479 2779 125%
c - 108.99 43 26 40 160 40108 4 1343741 100211 1.8 21 11 8 12 46% 40071 12479 2779 125%
c } 109.35 43 25 41 160 40157 4 1349439 105333 1.8 21 11 8 12 46% 40071 12479 2779 125%
c
c  seconds    switched      rate            size/glue  tier1     binary         remaining
c          MB   reductions     conflicts          size   tier2       irredundant
c           level     restarts        redundant      glue    trail         variables
c
c [ 109.35 43 20 41 160 40157 1 1349439 105333 1.9 23 12 8 15 47% 40071 12479 2779 125%
c B 109.35 43 20 41 160 40157 1 1349439 105333 1.9 23 12 8 15 47% 40071 12479 2779 125%
c - 109.89 43 20 41 161 40162 1 1356392 100259 1.9 23 12 8 15 47% 40071 12479 2779 125%
c u 110.91 43 20 41 161 40166 1 1365160 107426 1.9 23 12 8 15 48% 40071 12479 2779 125%
c v 111.19 43 20 41 161 40166 1 1365160 105756 1.9 23 12 8 15 48% 40071 12479 2779 125%
c w 111.30 43 20 41 161 40166 1 1365160 102795 1.9 23 12 8 15 48% 40071 12479 2779 125%
c - 111.68 43 20 41 162 40169 1 1369081 96179 1.9 23 12 8 15 48% 40071 12479 2779 125%
c - 112.86 43 20 41 163 40171 1 1381809 98623 1.9 23 12 8 15 47% 40071 12479 2779 125%
c - 114.01 43 20 41 164 40179 1 1394577 101341 1.9 23 12 8 15 47% 40071 12479 2779 125%
c - 115.17 43 20 41 165 40186 1 1407383 102957 1.9 23 12 8 15 47% 40071 12479 2779 125%
c ] 116.14 43 20 42 165 40187 1 1418698 113833 1.9 23 12 8 15 48% 40071 12479 2779 125%
c { 116.14 43 25 42 165 40187 4 1418698 113833 1.8 21 11 8 12 46% 40071 12479 2779 125%
c o 116.15 43 25 42 165 40191 4 1418736 113871 1.8 21 11 8 12 46% 40071 12479 2779 125%
c - 116.27 43 25 42 166 40200 4 1420228 104270 1.8 21 11 8 12 46% 40071 12479 2779 125%
c - 117.16 43 24 42 167 40331 4 1433112 106846 1.8 20 11 8 12 46% 40071 12479 2779 125%
c - 118.00 43 23 42 168 40455 3 1446034 108656 1.8 20 11 8 12 46% 40071 12479 2779 125%
c - 118.83 43 22 42 169 40463 3 1458998 110692 1.8 20 11 8 12 46% 40071 12479 2779 125%
c - 119.72 43 22 42 170 40679 3 1471999 112911 1.8 19 11 8 12 46% 40071 12479 2779 125%
c u 120.40 43 22 42 170 40756 3 1476452 110811 1.8 19 11 8 12 46% 40071 12479 2779 125%
c v 120.72 43 22 42 170 40756 3 1476452 107517 1.8 19 11 8 12 46% 40071 12479 2779 125%
c
c  seconds    switched      rate            size/glue  tier1     binary         remaining
c          MB   reductions     conflicts          size   tier2       irredundant
c           level     restarts        redundant      glue    trail         variables
c
c w 120.83 43 22 42 170 40756 3 1476452 106778 1.8 19 11 8 12 46% 40071 12479 2779 125%
c - 121.44 43 21 42 171 40870 3 1485037 108241 1.8 19 11 8 12 46% 40071 12479 2779 125%
c - 122.31 43 21 42 172 41082 3 1498113 111072 1.8 19 11 8 12 46% 40071 12479 2779 125%
c - 123.17 43 20 42 173 41256 3 1511228 113533 1.8 19 11 8 12 46% 40071 12479 2779 125%
c } 123.67 43 20 43 173 41376 3 1518672 120274 1.8 19 10 8 12 46% 40071 12479 2779 125%
c [ 123.67 43 20 43 173 41376 1 1518672 120274 1.9 23 12 8 15 48% 40071 12479 2779 125%
c W 124.12 43 20 43 173 41376 1 1518672 120274 1.9 23 12 8 15 48% 40071 12479 2779 125%
c - 124.53 43 20 43 174 41380 1 1524382 115315 1.9 23 12 8 15 48% 40071 12479 2779 125%
c - 125.57 43 19 43 175 41388 1 1537574 117364 1.9 23 12 8 15 48% 40071 12479 2779 125%
c - 126.63 43 20 43 176 41390 1 1550802 118115 1.9 23 12 8 15 48% 40071 12479 2779 125%
c - 127.78 43 20 43 177 41398 1 1564069 118211 1.9 23 12 8 15 48% 40071 12479 2779 125%
c - 128.94 43 20 43 178 41405 1 1577375 118784 1.9 23 12 8 15 48% 40071 12479 2779 125%
c - 130.10 43 19 43 179 41406 1 1590716 119751 1.9 23 12 8 15 49% 40071 12479 2779 125%
c u 130.66 43 19 43 179 41406 1 1592587 119758 1.9 23 12 8 15 49% 40071 12479 2779 125%
c v 131.01 43 19 43 179 41406 1 1592587 114204 1.9 23 12 8 15 49% 40071 12479 2779 125%
c w 131.13 43 19 43 179 41406 1 1592587 110602 1.9 23 12 8 15 49% 40071 12479 2779 125%
c o 131.17 43 19 43 179 41406 1 1592587 110602 1.9 23 12 8 15 49% 40071 12479 2779 125%
c ] 131.61 43 27 44 179 41406 1 1599569 117467 1.8 24 14 8 15 49% 40071 12479 2779 125%
c { 131.61 43 20 44 179 41406 3 1599569 117467 1.8 19 10 8 12 46% 40071 12479 2779 125%
c - 131.98 43 20 44 180 41622 3 1604097 109709 1.8 19 10 8 12 46% 40071 12479 2779 125%
c
c  seconds    switched      rate            size/glue  tier1     binary         remaining
c          MB   reductions     conflicts          size   tier2       irredundant
c           level     restarts        redundant      glue    trail         variables
c
c - 132.91 43 20 44 181 41931 3 1617513 114440 1.8 18 10 8 12 46% 40071 12479 2779 125%
c - 133.85 43 20 44 182 42374 3 1630967 119480 1.8 18 10 8 12 46% 40071 12479 2779 125%
c - 134.76 43 19 44 183 42689 3 1644459 122036 1.8 18 10 8 12 46% 40071 12479 2779 125%
c - 135.67 43 19 44 184 43018 2 1657986 123640 1.7 18 10 8 12 46% 40071 12479 2779 125%
c - 136.62 43 19 44 185 43418 2 1671550 124720 1.8 18 10 8 12 46% 40071 12479 2779 125%
c - 137.59 43 19 44 186 43880 2 1685151 126349 1.8 18 10 8 12 46% 40071 12479 2779 125%
c - 138.58 43 19 44 187 44479 3 1698789 128171 1.8 18 10 8 12 46% 40071 12479 2779 125%
c } 139.22 43 19 45 187 44595 2 1708400 136717 1.8 18 10 8 12 46% 40071 12479 2779 125%
c [ 139.22 43 27 45 187 44595 1 1708400 136717 1.8 24 14 8 15 49% 40071 12479 2779 125%
c I 139.22 43 27 45 187 44595 1 1708400 136717 1.8 24 14 8 15 49% 40071 12479 2779 125%
c - 139.53 43 28 45 188 44597 1 1712463 128062 1.8 25 14 8 15 49% 40071 12479 2779 125%
c u 140.01 43 28 45 188 44599 1 1713592 128743 1.8 25 14 8 15 49% 40071 12479 2779 125%
c v 140.33 43 28 45 188 44599 1 1713592 127950 1.8 25 14 8 15 49% 40071 12479 2779 125%
c w 140.45 43 28 45 188 44599 1 1713592 127744 1.8 25 14 8 15 49% 40071 12479 2779 125%
c - 142.68 43 26 45 189 44606 1 1726174 126758 1.8 24 13 8 15 49% 40071 12479 2779 125%
c - 143.77 43 25 45 190 44609 1 1739921 129229 1.9 24 13 8 15 48% 40071 12479 2779 125%
c - 144.91 43 25 45 191 44617 1 1753705 128900 1.9 24 13 8 15 48% 40071 12479 2779 125%
c - 146.13 43 24 45 192 44624 1 1767525 129978 1.9 24 13 8 15 48% 40071 12479 2779 125%
c - 147.33 43 23 45 193 44625 1 1781383 132291 1.9 24 13 8 15 48% 40071 12479 2779 125%
c - 148.48 43 24 45 194 44629 1 1795275 131526 1.9 25 13 8 15 48% 40071 12479 2779 125%
c
c  seconds    switched      rate            size/glue  tier1     binary         remaining
c          MB   reductions     conflicts          size   tier2       irredundant
c           level     restarts        redundant      glue    trail         variables
c
c ] 149.07 43 24 46 194 44632 1 1802258 138157 1.9 25 13 8 15 48% 40071 12479 2779 125%
c { 149.07 43 19 46 194 44632 2 1802258 138157 1.8 18 10 8 12 46% 40071 12479 2779 125%
c o 149.10 43 19 46 194 44641 2 1802604 138491 1.8 18 10 8 12 46% 40071 12479 2779 125%
c - 149.65 43 19 46 195 44979 2 1809205 131758 1.7 18 10 8 12 46% 40071 12479 2779 125%
c - 150.64 43 18 46 196 45358 2 1823171 133954 1.7 17 10 8 12 46% 40071 12479 2779 125%
c - 151.62 43 18 46 197 45700 2 1837172 134512 1.7 17 10 8 12 46% 40071 12479 2779 125%
c u 152.14 43 18 46 197 45807 2 1839487 135529 1.7 17 10 8 12 46% 40071 12479 2779 125%
c v 152.40 43 18 46 197 45807 2 1839487 133841 1.7 17 10 8 12 46% 40071 12479 2779 125%
c w 152.49 43 18 46 197 45807 2 1839487 133566 1.7 17 10 8 12 46% 40071 12479 2779 125%
c - 153.55 43 18 46 198 46311 2 1851208 133628 1.7 17 10 8 12 46% 40071 12479 2779 125%
c - 154.62 43 18 46 199 46965 2 1865280 136045 1.7 17 10 8 12 46% 40071 12479 2779 125%
c - 155.68 43 18 46 200 47545 2 1879387 137198 1.7 17 10 8 12 46% 40071 12479 2779 125%
c - 156.74 43 18 46 201 48159 2 1893529 138409 1.7 17 10 8 12 46% 40071 12479 2779 125%
c - 157.81 43 18 46 202 48708 2 1907707 138988 1.7 17 10 8 12 46% 40071 12479 2779 125%
c } 158.72 43 18 47 202 49105 2 1920302 150504 1.7 17 10 8 12 46% 40071 12479 2779 125%
c [ 158.72 43 24 47 202 49105 1 1920302 150504 1.9 25 13 8 15 48% 40071 12479 2779 125%
c B 158.72 43 24 47 202 49105 1 1920302 150504 1.9 25 13 8 15 48% 40071 12479 2779 125%
c - 158.86 43 24 47 203 49106 1 1921919 139183 1.9 25 13 8 15 48% 40071 12479 2779 125%
c - 159.97 43 25 47 204 49114 1 1936167 137636 2.0 26 13 8 15 48% 40071 12479 2779 125%
c - 161.13 43 25 47 205 49119 1 1950449 136208 2.0 27 13 8 15 48% 40071 12479 2779 125%
c
c  seconds    switched      rate            size/glue  tier1     binary         remaining
c          MB   reductions     conflicts          size   tier2       irredundant
c           level     restarts        redundant      glue    trail         variables
c
c - 162.38 45 25 47 206 49126 1 1964766 135880 2.0 27 13 8 15 48% 40071 12479 2779 125%
c u 163.32 47 26 47 206 49130 1 1970299 141001 2.0 27 14 8 15 48% 40071 12479 2779 125%
c v 163.70 47 26 47 206 49130 1 1970299 140961 2.0 27 14 8 15 48% 40071 12479 2779 125%
c w 163.85 47 26 47 206 49130 1 1970299 140952 2.0 27 14 8 15 48% 40071 12479 2779 125%
c - 164.65 47 26 47 207 49134 1 1979118 136007 2.0 28 14 8 15 47% 40071 12479 2779 125%
c - 165.92 47 26 47 208 49135 1 1993505 136578 2.0 28 14 8 15 47% 40071 12479 2779 125%
c - 167.22 47 27 47 209 49140 1 2007927 137257 2.0 29 14 8 15 47% 40071 12479 2779 125%
c - 168.53 47 27 47 210 49148 1 2022384 136723 2.0 29 15 8 15 47% 40071 12479 2779 125%
c ] 168.56 47 27 48 210 49148 1 2022707 137033 2.0 30 15 8 15 47% 40071 12479 2779 125%
c { 168.56 47 18 48 210 49148 2 2022707 137033 1.7 17 10 8 12 46% 40071 12479 2779 125%
c o 168.57 47 18 48 210 49155 2 2022751 137077 1.7 17 10 8 12 46% 40071 12479 2779 125%
c - 169.81 47 18 48 211 49976 3 2036876 139902 1.7 17 10 8 12 46% 40071 12479 2779 125%
c - 171.03 47 18 48 212 50720 3 2051401 143377 1.7 17 10 8 12 46% 40071 12479 2779 125%
c - 172.21 47 18 48 213 51367 3 2065961 144701 1.7 17 10 8 12 46% 40071 12479 2779 125%
c - 173.40 47 18 48 214 51958 3 2080555 145612 1.7 17 10 8 12 46% 40071 12479 2779 125%
c - 174.57 47 18 48 215 52610 3 2095184 145974 1.7 17 10 8 12 46% 40071 12479 2779 125%
c u 175.92 47 18 48 215 52851 3 2106080 154956 1.7 17 10 8 12 46% 40071 12479 2779 125%
c v 176.35 65 18 48 215 52851 3 2106080 153902 1.7 17 10 8 12 46% 40071 12479 2779 125%
c w 176.50 65 18 48 215 52851 3 2106080 153771 1.7 17 10 8 12 46% 40071 12479 2779 125%
c - 176.88 59 18 48 216 53028 3 2109848 144647 1.7 17 10 8 12 46% 40071 12479 2779 125%
c
c  seconds    switched      rate            size/glue  tier1     binary         remaining
c          MB   reductions     conflicts          size   tier2       irredundant
c           level     restarts        redundant      glue    trail         variables
c
c - 178.05 61 18 48 217 53655 3 2124545 145596 1.7 17 10 8 12 46% 40071 12479 2779 125%
c - 179.22 59 18 48 218 54133 3 2139275 146709 1.7 17 10 8 12 46% 40071 12479 2779 125%
c } 180.14 61 18 49 218 54697 3 2150318 156761 1.7 17 10 8 12 46% 40071 12479 2779 125%
c [ 180.14 61 27 49 218 54697 1 2150318 156761 2.0 30 15 8 15 47% 40071 12479 2779 125%
c W 180.91 48 27 49 218 54697 1 2150318 156761 2.0 30 15 8 15 47% 40071 12479 2779 125%
c - 181.20 48 27 49 219 54699 1 2154039 146671 2.0 29 15 8 15 47% 40071 12479 2779 125%
c - 182.31 48 27 49 220 54709 1 2168840 148176 2.0 29 14 8 15 47% 40071 12479 2779 125%
c - 183.59 48 26 49 221 54712 1 2183673 147963 2.0 29 14 8 15 47% 40071 12479 2779 125%
c - 184.85 48 26 49 222 54721 1 2198540 147373 2.0 28 14 8 15 47% 40071 12479 2779 125%
c - 186.14 48 26 49 223 54726 1 2213439 147144 2.0 28 14 8 15 47% 40071 12479 2779 125%
c - 187.57 48 26 49 224 54727 1 2228372 145447 2.0 28 14 8 15 47% 40071 12479 2779 125%
c - 188.98 48 26 49 225 54734 1 2243338 143501 2.0 29 14 8 16 47% 40071 12479 2779 125%
c u 189.88 48 26 49 225 54737 1 2246855 146903 2.0 29 14 8 16 47% 40071 12479 2779 125%
c v 190.40 48 26 49 225 54737 1 2246855 146858 2.0 29 14 8 16 47% 40071 12479 2779 125%
c w 190.59 48 26 49 225 54737 1 2246855 146781 2.0 29 14 8 16 47% 40071 12479 2779 125%
c o 190.63 48 26 49 225 54737 1 2246855 146781 2.0 29 14 8 16 47% 40071 12479 2779 125%
c - 191.52 48 29 49 226 54742 1 2258339 140838 1.9 28 15 8 16 47% 40071 12479 2779 125%
c O 191.98 48 29 49 226 54742 1 2264657 146864 1.9 28 15 8 16 47% 40071 12479 2779 125%
c - 192.66 48 28 49 227 54749 1 2273373 140652 1.9 27 14 8 16 47% 40071 12479 2779 125%
c ] 192.85 48 27 50 227 54749 1 2275728 142793 1.9 27 14 8 16 47% 40071 12479 2779 125%
c
c  seconds    switched      rate            size/glue  tier1     binary         remaining
c          MB   reductions     conflicts          size   tier2       irredundant
c           level     restarts        redundant      glue    trail         variables
c
c { 192.85 48 18 50 227 54749 3 2275728 142793 1.7 17 10 8 12 46% 40071 12479 2779 125%
c - 193.91 48 17 50 228 54757 2 2288439 140751 1.7 16 10 8 12 46% 40071 12479 2779 125%
c - 195.00 48 16 50 229 54778 2 2303538 139072 1.7 16 10 8 12 46% 40071 12479 2779 125%
c - 196.08 48 16 50 230 54789 2 2318670 138498 1.7 16 10 8 12 46% 40071 12479 2779 125%
c - 197.16 48 15 50 231 54794 2 2333836 139341 1.7 16 9 8 12 46% 40071 12479 2779 125%
c - 198.33 48 14 50 232 54795 2 2349034 140270 1.7 15 9 8 12 46% 40071 12479 2779 125%
c - 199.50 48 14 50 233 54941 2 2364266 142606 1.6 15 9 8 12 46% 40071 12479 2779 125%
c - 200.77 48 13 50 234 55109 2 2379530 146788 1.7 15 9 8 12 46% 40071 12479 2779 125%
c u 202.23 48 13 50 234 55194 2 2392676 152158 1.7 15 9 8 12 46% 40071 12479 2779 125%
c v 202.65 65 13 50 234 55194 2 2392676 151363 1.7 15 9 8 12 46% 40071 12479 2779 125%
c w 202.79 65 13 50 234 55194 2 2392676 151275 1.7 15 9 8 12 46% 40071 12479 2779 125%
c - 203.02 56 13 50 235 55220 2 2394827 144887 1.7 15 9 8 12 46% 40071 12479 2779 125%
c - 204.21 59 13 50 236 55351 2 2410157 148843 1.7 15 9 8 12 46% 40071 12479 2779 125%
c } 204.42 61 13 51 236 55351 2 2413253 151135 1.6 15 9 8 12 46% 40071 12479 2779 125%
c [ 204.42 61 27 51 236 55351 1 2413253 151135 1.9 27 14 8 16 47% 40071 12479 2779 125%
c B 204.42 61 27 51 236 55351 1 2413253 151135 1.9 27 14 8 16 47% 40071 12479 2779 125%
c - 205.40 61 26 51 237 55357 1 2425519 153958 1.9 26 14 8 16 47% 40071 12479 2779 125%
c - 206.72 59 25 51 238 55365 1 2440914 159487 1.9 25 14 8 16 47% 40071 12479 2779 125%
c - 208.14 59 24 51 239 55372 1 2456342 161296 1.9 25 13 8 15 47% 40071 12479 2779 125%
c - 209.59 56 23 51 240 55380 1 2471802 160958 1.9 24 13 8 15 47% 40071 12479 2779 125%
c
c  seconds    switched      rate            size/glue  tier1     binary         remaining
c          MB   reductions     conflicts          size   tier2       irredundant
c           level     restarts        redundant      glue    trail         variables
c
c - 211.03 59 23 51 241 55381 1 2487294 159698 1.9 24 13 8 15 47% 40071 12479 2779 125%
c - 212.56 61 22 51 242 55387 1 2502822 158951 1.9 24 13 8 15 47% 40071 12479 2779 125%
c - 214.01 59 22 51 243 55395 1 2518378 157213 1.8 24 13 8 15 47% 40071 12479 2779 125%
c ] 215.15 61 22 52 243 55399 1 2530276 168443 1.8 24 13 8 15 47% 40071 12479 2779 125%
c { 215.15 61 13 52 243 55399 2 2530276 168443 1.6 15 9 8 12 46% 40071 12479 2779 125%
c o 215.16 61 13 52 243 55413 2 2530354 168517 1.6 15 9 8 12 46% 40071 12479 2779 125%
c - 215.63 61 13 52 244 56159 2 2533967 155493 1.6 15 9 8 12 46% 40071 12479 2779 125%
c u 217.34 64 14 52 244 58039 2 2543541 161921 1.6 15 9 8 12 46% 40071 12479 2779 125%
c v 217.89 64 14 52 244 58039 2 2543541 161135 1.6 15 9 8 12 46% 40071 12479 2779 125%
c w 218.10 64 14 52 244 58039 2 2543541 160098 1.6 15 9 8 12 46% 40071 12479 2779 125%
c - 218.82 61 14 52 245 58885 2 2549588 151330 1.6 15 9 8 12 46% 40071 12479 2779 125%
c - 220.59 61 15 52 246 61031 2 2565240 151389 1.6 15 10 8 12 46% 40071 12479 2779 125%
c - 222.12 61 16 52 247 62596 3 2580924 149830 1.6 15 10 8 12 46% 40071 12479 2779 125%
c - 223.57 59 16 52 248 63757 3 2596643 148826 1.6 16 10 8 12 46% 40071 12479 2779 125%
c - 224.90 59 17 52 249 64521 3 2612391 147931 1.6 16 10 8 12 46% 40071 12479 2779 125%
c - 226.23 61 17 52 250 65260 3 2628171 148823 1.6 16 10 8 12 46% 40071 12479 2779 125%
c - 227.57 59 17 52 251 66073 3 2643985 151498 1.6 16 10 8 12 46% 40071 12479 2779 125%
c - 229.01 61 17 52 252 67053 3 2659828 154407 1.6 16 10 8 12 46% 40071 12479 2779 125%
c - 230.47 61 18 52 253 67961 3 2675702 157341 1.7 16 10 8 12 46% 40071 12479 2779 125%
c } 230.69 61 18 53 253 68100 3 2678064 159430 1.6 16 10 8 12 46% 40071 12479 2779 125%
c
c  seconds    switched      rate            size/glue  tier1     binary         remaining
c          MB   reductions     conflicts          size   tier2       irredundant
c           level     restarts        redundant      glue    trail         variables
c
c [ 230.69 61 22 53 253 68100 1 2678064 159430 1.8 24 13 8 15 47% 40071 12479 2779 125%
c W 231.66 48 22 53 253 68100 1 2678064 159430 1.8 24 13 8 15 47% 40071 12479 2779 125%
c - 232.67 48 22 53 254 68108 1 2691607 158344 1.8 24 13 8 15 47% 40071 12479 2779 125%
c u 233.90 48 22 53 254 68113 1 2699502 164214 1.8 24 13 8 15 47% 40071 12479 2779 125%
c v 234.44 65 22 53 254 68113 1 2699502 163941 1.8 24 13 8 15 47% 40071 12479 2779 125%
c w 234.63 65 22 53 254 68113 1 2699502 162509 1.8 24 13 8 15 47% 40071 12479 2779 125%
c - 235.35 59 22 53 255 68114 1 2707544 155571 1.8 24 13 8 15 47% 40071 12479 2779 125%
c - 236.89 61 22 53 256 68122 1 2723512 156929 1.8 24 13 8 15 48% 40071 12479 2779 125%
c - 238.34 61 22 53 257 68129 1 2739512 159369 1.8 24 13 8 15 48% 40071 12479 2779 125%
c - 239.74 59 23 53 258 68130 1 2755544 158095 1.8 24 13 8 15 48% 40071 12479 2779 125%
c - 241.29 61 23 53 259 68137 1 2771607 154883 1.8 24 13 8 15 48% 40071 12479 2779 125%
c - 242.88 59 22 53 260 68145 1 2787700 152760 1.8 24 13 8 15 48% 40071 12479 2779 125%
c - 244.57 61 22 53 261 68152 1 2803826 150689 1.8 24 13 8 15 48% 40071 12479 2779 125%
c I 245.37 57 22 53 261 68158 1 2812305 158757 1.9 24 13 8 15 48% 40071 12479 2779 125%
c o 245.37 57 22 53 261 68158 1 2812305 158757 1.9 24 13 8 15 48% 40071 12479 2779 125%
c - 246.04 61 30 53 262 68160 1 2819981 147041 1.8 26 15 8 15 48% 40071 12479 2779 125%
c ] 246.65 56 31 54 262 68161 1 2827206 154067 1.8 27 15 8 15 48% 40071 12479 2779 125%
c { 246.65 56 18 54 262 68161 3 2827206 154067 1.6 16 10 8 12 46% 40071 12479 2779 125%
c - 248.29 61 21 54 263 70068 4 2836168 141536 1.7 18 10 8 12 46% 40071 12479 2779 125%
c - 251.39 59 26 54 264 73524 5 2852386 135895 1.7 19 11 8 12 46% 40071 12479 2779 125%
c
c  seconds    switched      rate            size/glue  tier1     binary         remaining
c          MB   reductions     conflicts          size   tier2       irredundant
c           level     restarts        redundant      glue    trail         variables
c
c u 253.68 63 28 54 264 75245 5 2860559 143703 1.7 20 12 8 12 46% 40071 12479 2779 125%
c v 254.31 63 28 54 264 75245 5 2860559 143241 1.7 20 12 8 12 46% 40071 12479 2779 125%
c w 254.55 63 28 54 264 75245 5 2860559 143203 1.7 20 12 8 12 46% 40071 12479 2779 125%
c - 256.12 59 30 54 265 76871 6 2868635 130785 1.7 21 12 8 12 46% 40071 12479 2779 125%
c - 259.08 59 34 54 266 80239 7 2884913 126281 1.8 22 13 8 12 46% 40071 12479 2779 125%
c - 261.80 59 37 54 267 82813 7 2901223 122345 1.8 24 13 8 12 46% 40071 12479 2779 125%
c - 264.50 59 39 54 268 85264 7 2917564 121306 1.8 25 14 8 12 46% 40071 12479 2779 125%
c - 267.08 59 41 54 269 87390 8 2933934 121630 1.9 26 14 8 12 46% 40071 12479 2779 125%
c - 269.45 59 42 54 270 88951 7 2950335 122811 1.9 26 14 8 12 46% 40071 12479 2779 125%
c - 271.81 59 43 54 271 90416 7 2966767 123688 1.9 27 14 8 12 46% 40071 12479 2779 125%
c - 274.24 59 44 54 272 92003 7 2983229 124485 1.9 28 14 8 12 46% 40071 12479 2779 125%
c } 274.60 56 44 55 272 92278 7 2985601 126833 1.9 28 14 8 12 46% 40071 12479 2779 125%
c [ 274.60 56 31 55 272 92278 1 2985601 126833 1.8 27 15 8 15 48% 40071 12479 2779 125%
c B 274.60 56 31 55 272 92278 1 2985601 126833 1.8 27 15 8 15 48% 40071 12479 2779 125%
c - 275.93 59 32 55 273 92286 1 2999722 123384 1.8 28 15 8 16 48% 40071 12479 2779 125%
c - 277.49 56 31 55 274 92292 1 3016244 124614 1.8 28 15 8 16 48% 40071 12479 2779 125%
c u 279.34 48 30 55 274 92299 1 3026762 133097 1.8 27 15 8 16 48% 40071 12479 2779 125%
c v 280.20 48 30 55 274 92299 1 3026762 132182 1.8 27 15 8 16 48% 40071 12479 2779 125%
c w 280.52 48 30 55 274 92299 1 3026762 129768 1.8 27 15 8 16 48% 40071 12479 2779 125%
c - 281.25 48 30 55 275 92302 1 3032798 123507 1.8 27 15 8 16 48% 40071 12479 2779 125%
c
c  seconds    switched      rate            size/glue  tier1     binary         remaining
c          MB   reductions     conflicts          size   tier2       irredundant
c           level     restarts        redundant      glue    trail         variables
c
c - 282.89 48 28 55 276 92307 1 3049381 125990 1.8 26 15 8 16 48% 40071 12479 2779 125%
c - 284.53 48 27 55 277 92308 1 3065995 127086 1.8 25 14 8 15 48% 40071 12479 2779 125%
c - 286.16 48 26 55 278 92318 1 3082639 124891 1.8 25 14 8 16 47% 40071 12479 2779 125%
c - 287.81 48 26 55 279 92323 1 3099313 123019 1.8 25 14 8 16 47% 40071 12479 2779 125%
c - 289.42 48 25 55 280 92333 1 3116016 122182 1.8 25 14 8 15 47% 40071 12479 2779 125%
c - 291.13 48 24 55 281 92338 1 3132749 121562 1.8 25 14 8 15 47% 40071 12479 2779 125%
c W 292.56 48 24 55 281 92339 1 3133790 122547 1.8 25 13 8 15 47% 40071 12479 2779 125%
c o 292.56 48 24 55 281 92339 1 3133790 122547 1.8 25 13 8 15 47% 40071 12479 2779 125%
c - 293.75 48 29 55 282 92339 1 3149514 117117 1.7 25 14 8 16 47% 40071 12479 2779 125%
c - 295.16 48 28 55 283 92340 1 3166307 114249 1.7 25 14 8 16 48% 40071 12479 2779 125%
c - 296.67 48 28 55 284 92341 1 3183131 113546 1.8 25 14 8 16 48% 40071 12479 2779 125%
c u 298.50 48 27 55 284 92350 1 3198137 127848 1.8 25 14 8 16 48% 40071 12479 2779 125%
c v 298.95 48 27 55 284 92350 1 3198137 127760 1.8 25 14 8 16 48% 40071 12479 2779 125%
c w 299.12 48 27 55 284 92350 1 3198137 126787 1.8 25 14 8 16 48% 40071 12479 2779 125%
c - 299.54 56 27 55 285 92352 1 3199985 113807 1.8 25 14 8 16 48% 40071 12479 2779 125%
c - 301.32 56 26 55 286 92357 1 3216866 117596 1.8 25 14 8 16 48% 40071 12479 2779 125%
c - 303.02 55 24 55 287 92368 1 3233779 119915 1.9 24 13 8 15 49% 40071 12479 2779 125%
c ] 304.62 55 23 56 287 92371 1 3249965 135072 1.9 24 13 8 15 49% 40071 12479 2779 125%
c { 304.62 55 44 56 287 92371 7 3249965 135072 1.9 28 14 8 12 46% 40071 12479 2779 125%
c - 304.71 56 44 56 288 92372 7 3250721 120672 1.9 28 14 8 12 46% 40071 12479 2779 125%
c
c  seconds    switched      rate            size/glue  tier1     binary         remaining
c          MB   reductions     conflicts          size   tier2       irredundant
c           level     restarts        redundant      glue    trail         variables
c
c - 306.31 59 39 56 289 92374 6 3267691 122362 1.9 27 14 8 12 47% 40071 12479 2779 125%
c - 308.00 57 36 56 290 92381 5 3284691 124306 1.9 25 13 8 12 47% 40071 12479 2779 125%
c - 309.47 56 33 56 291 92426 5 3301721 125993 1.9 24 13 8 12 47% 40071 12479 2779 125%
c - 310.94 55 30 56 292 92463 4 3318779 127344 1.9 24 13 8 12 47% 40071 12479 2779 125%
c - 312.55 59 28 56 293 92481 4 3335868 128527 1.9 23 12 8 12 47% 40071 12479 2779 125%
c - 314.06 56 26 56 294 92489 3 3352985 129725 1.9 22 12 8 12 47% 40071 12479 2779 125%
c - 315.59 59 25 56 295 92591 3 3370131 132814 1.9 22 12 8 12 47% 40071 12479 2779 125%
c u 316.63 63 24 56 295 92596 3 3374708 134402 1.8 21 12 8 12 47% 40071 12479 2779 125%
c v 317.23 63 24 56 295 92596 3 3374708 129486 1.8 21 12 8 12 47% 40071 12479 2779 125%
c w 317.44 63 24 56 295 92596 3 3374708 128101 1.8 21 12 8 12 47% 40071 12479 2779 125%
c o 317.48 63 24 56 295 92596 3 3374708 128101 1.8 21 12 8 12 47% 40071 12479 2779 125%
c - 318.51 59 23 56 296 92657 3 3387307 131977 1.8 21 11 8 12 47% 40071 12479 2779 125%
c - 319.90 59 22 56 297 92800 3 3404512 136227 1.8 20 11 8 12 47% 40071 12479 2779 125%
c } 321.14 59 21 57 297 92957 3 3419308 149652 1.8 20 11 8 12 47% 40071 12479 2779 125%
c [ 321.14 59 23 57 297 92957 1 3419308 149652 1.9 24 13 8 15 49% 40071 12479 2779 125%
c O 321.14 59 23 57 297 92957 1 3419308 149652 1.9 24 13 8 15 49% 40071 12479 2779 125%
c - 321.39 59 23 57 298 92959 1 3421748 138906 1.9 24 13 7 15 49% 40071 12479 2779 125%
c - 323.06 59 22 57 299 92969 1 3439010 141053 1.8 23 13 7 15 49% 40071 12479 2779 125%
c - 324.72 61 22 57 300 92975 1 3456301 143088 1.9 23 12 7 15 49% 40071 12479 2779 125%
c - 326.46 59 21 57 301 92985 1 3473622 144735 1.9 23 12 7 15 49% 40071 12479 2779 125%
c
c  seconds    switched      rate            size/glue  tier1     binary         remaining
c          MB   reductions     conflicts          size   tier2       irredundant
c           level     restarts        redundant      glue    trail         variables
c
c - 328.29 61 20 57 302 92987 1 3490972 146629 1.9 23 12 7 15 49% 40071 12479 2779 125%
c - 330.10 59 20 57 303 92993 1 3508351 147008 1.9 23 12 7 15 49% 40071 12479 2779 125%
c - 332.06 57 20 57 304 93001 1 3525760 148418 2.0 24 12 7 15 49% 40071 12479 2779 125%
c - 334.01 61 19 57 305 93009 1 3543195 150037 2.0 24 12 7 15 49% 40071 12479 2779 125%
c u 336.28 63 20 57 305 93016 1 3556502 155890 2.0 24 12 7 15 49% 40071 12479 2779 125%
c v 337.02 63 20 57 305 93016 1 3556502 151533 2.0 24 12 7 15 49% 40071 12479 2779 125%
c w 337.28 63 20 57 305 93016 1 3556502 150057 2.0 24 12 7 15 49% 40071 12479 2779 125%
c ] 337.63 55 20 58 305 93017 1 3559497 152781 2.0 24 12 7 15 49% 40071 12479 2779 125%
c { 337.63 55 21 58 305 93017 3 3559497 152781 1.8 20 11 8 12 47% 40071 12479 2779 125%
c - 337.77 56 21 58 306 93017 3 3560659 140030 1.8 20 11 8 12 47% 40071 12479 2779 125%
c - 339.50 59 21 58 307 93287 3 3578151 143904 1.8 20 11 8 12 47% 40071 12479 2779 125%
c - 340.90 59 20 58 308 93489 2 3595673 145917 1.8 19 11 8 12 47% 40071 12479 2779 125%
c - 342.31 59 20 58 309 93733 2 3613222 148870 1.8 19 11 8 12 46% 40071 12479 2779 125%
c o 343.43 61 19 58 309 93973 2 3625811 160756 1.8 19 10 8 12 46% 40071 12479 2779 125%
c - 343.91 59 19 58 310 94170 2 3630802 153152 1.8 19 10 8 12 46% 40071 12479 2779 125%
c - 345.53 59 19 58 311 94730 2 3648408 155871 1.8 19 10 8 12 46% 40071 12479 2779 125%
c - 347.13 61 19 58 312 95073 2 3666043 157493 1.8 18 10 8 12 46% 40071 12479 2779 125%
c - 348.67 59 19 58 313 95521 2 3683707 160253 1.7 18 10 8 12 46% 40071 12479 2779 125%
c - 350.35 61 18 58 314 95944 2 3701400 163777 1.7 18 10 8 12 46% 40071 12479 2779 125%
c - 352.07 61 18 58 315 96523 2 3719120 167607 1.7 18 10 8 12 46% 40071 12479 2779 125%
c
c  seconds    switched      rate            size/glue  tier1     binary         remaining
c          MB   reductions     conflicts          size   tier2       irredundant
c           level     restarts        redundant      glue    trail         variables
c
c - 353.77 61 18 58 316 97069 2 3736871 133854 1.7 18 10 7 12 46% 40071 12479 2779 125%
c } 354.07 56 18 59 316 97231 2 3740127 136862 1.7 18 10 7 12 46% 40071 12479 2779 125%
c [ 354.07 56 20 59 316 97231 1 3740127 136862 2.0 24 12 7 15 49% 40071 12479 2779 125%
c B 354.07 56 20 59 316 97231 1 3740127 136862 2.0 24 12 7 15 49% 40071 12479 2779 125%
c u 355.07 61 20 59 316 97233 1 3743543 135399 2.0 24 12 7 15 49% 40071 12479 2779 125%
c v 355.71 63 20 59 316 97233 1 3743543 132494 2.0 24 12 7 15 49% 40071 12479 2779 125%
c w 355.94 63 20 59 316 97233 1 3743543 132046 2.0 24 12 7 15 49% 40071 12479 2779 125%
c - 357.03 56 19 59 317 97240 1 3754648 120197 1.9 24 12 7 15 49% 40071 12479 2779 125%
c - 358.66 59 19 59 318 97245 1 3772452 120005 1.9 23 12 7 15 49% 40071 12479 2779 125%
c - 360.46 59 19 59 319 97256 1 3790286 121282 1.9 23 12 7 15 48% 40071 12479 2779 125%
c - 362.21 59 18 59 320 97261 1 3808150 123581 2.0 22 11 7 15 48% 40071 12479 2779 125%
c - 364.05 59 20 59 321 97264 1 3826038 122363 2.0 23 12 7 15 48% 40071 12479 2779 125%
c - 365.97 59 21 59 322 97275 1 3843955 121064 2.0 24 12 7 15 48% 40071 12479 2779 125%
c - 367.86 55 21 59 323 97282 1 3861900 122448 2.0 24 12 7 15 48% 40071 12479 2779 125%
c - 369.83 59 21 59 324 97291 1 3879873 125284 2.0 24 12 7 15 48% 40071 12479 2779 125%
c ] 371.40 59 21 60 324 97292 1 3894855 139653 2.0 24 12 7 15 48% 40071 12479 2779 125%
c { 371.40 59 18 60 324 97292 2 3894855 139653 1.7 18 10 7 12 46% 40071 12479 2779 125%
c o 371.44 59 18 60 324 97303 2 3895212 139979 1.7 18 10 7 12 46% 40071 12479 2779 125%
c - 371.71 56 18 60 325 97387 2 3897873 127275 1.7 18 10 7 12 46% 40071 12479 2779 125%
c - 373.36 59 18 60 326 98125 2 3915900 128412 1.7 17 10 7 12 46% 40071 12479 2779 125%
c
c  seconds    switched      rate            size/glue  tier1     binary         remaining
c          MB   reductions     conflicts          size   tier2       irredundant
c           level     restarts        redundant      glue    trail         variables
c
c - 374.96 59 18 60 327 98812 2 3933957 129154 1.7 17 10 7 12 46% 40071 12479 2779 125%
c u 375.88 61 18 60 327 98885 2 3935857 124819 1.7 17 10 7 12 46% 40071 12479 2779 125%
c v 376.59 63 18 60 327 98885 2 3935857 122432 1.7 17 10 7 12 46% 40071 12479 2779 125%
c w 376.83 63 18 60 327 98885 2 3935857 122135 1.7 17 10 7 12 46% 40071 12479 2779 125%
c - 378.26 59 18 60 328 99440 2 3952040 121283 1.7 17 10 7 12 46% 40071 12479 2779 125%
c - 379.78 59 18 60 329 100042 2 3970153 123522 1.7 17 10 7 12 46% 40071 12479 2779 125%
c - 381.31 59 18 60 330 100557 2 3988292 125691 1.7 17 10 7 12 46% 40071 12479 2779 125%
c - 382.85 59 18 60 331 101228 2 4006458 127245 1.7 17 10 7 12 46% 40071 12479 2779 125%
c - 384.30 59 18 60 332 101573 2 4024652 128194 1.7 17 10 7 12 46% 40071 12479 2779 125%
c - 385.79 59 18 60 333 102081 2 4042872 129389 1.7 17 10 7 12 46% 40071 12479 2779 125%
c - 387.36 59 18 60 334 102733 2 4061122 131594 1.7 17 10 7 12 46% 40071 12479 2779 125%
c - 389.01 59 18 60 335 103514 2 4079398 133518 1.7 17 10 7 12 46% 40071 12479 2779 125%
c } 389.70 59 18 61 335 103812 2 4087107 140563 1.7 17 10 7 12 46% 40071 12479 2779 125%
c [ 389.70 59 21 61 335 103812 1 4087107 140563 2.0 24 12 7 15 48% 40071 12479 2779 125%
c W 391.44 48 21 61 335 103812 1 4087107 140563 2.0 24 12 7 15 48% 40071 12479 2779 125%
c - 392.36 48 21 61 336 103818 1 4097703 133821 2.0 24 12 7 15 48% 40071 12479 2779 125%
c - 394.06 48 20 61 337 103826 1 4116033 133696 2.0 24 12 7 15 48% 40071 12479 2779 125%
c u 396.42 48 21 61 337 103835 1 4133470 149637 1.9 24 12 7 15 48% 40071 12479 2779 125%
c v 397.09 48 21 61 337 103835 1 4133470 141852 1.9 24 12 7 15 48% 40071 12479 2779 125%
c w 397.35 48 21 61 337 103835 1 4133470 138964 1.9 24 12 7 15 48% 40071 12479 2779 125%
c
c  seconds    switched       rate            size/glue  tier1     binary         remaining
c          MB   reductions      conflicts          size   tier2       irredundant
c           level      restarts        redundant      glue    trail         variables
c
c - 397.50 48 21 61 338 103836 1 4134390 123464 1.9 24 12 7 15 48% 40071 12479 2779 125%
c - 399.35 48 20 61 339 103842 1 4152775 125976 1.9 23 12 7 15 48% 40071 12479 2779 125%
c - 401.25 48 20 61 340 103845 1 4171186 129637 1.9 23 12 7 15 48% 40071 12479 2779 125%
c - 403.02 48 20 61 341 103856 1 4189627 128337 1.9 23 12 7 15 48% 40071 12479 2779 125%
c - 404.95 48 19 61 342 103863 1 4208093 126618 1.9 23 12 7 15 48% 40071 12479 2779 125%
c - 406.76 48 19 61 343 103872 1 4226586 126879 1.8 22 12 7 15 48% 40071 12479 2779 125%
c - 408.69 48 19 61 344 103873 1 4245108 125858 1.9 23 12 7 15 48% 40071 12479 2779 125%
c ] 409.18 48 19 62 344 103873 1 4249850 130290 1.9 23 12 7 15 48% 40071 12479 2779 125%
c { 409.18 48 18 62 344 103873 2 4249850 130290 1.7 17 10 7 12 46% 40071 12479 2779 125%
c o 409.19 48 18 62 344 103884 2 4249935 130370 1.7 17 10 7 12 46% 40071 12479 2779 125%
c - 410.35 48 18 62 345 104246 2 4263655 125170 1.7 17 10 7 12 46% 40071 12479 2779 125%
c - 411.93 48 18 62 346 104875 2 4282229 125888 1.7 17 10 7 12 46% 40071 12479 2779 125%
c - 413.60 48 18 62 347 105575 2 4300832 126172 1.7 17 10 7 12 46% 40071 12479 2779 125%
c - 415.27 48 18 62 348 106312 2 4319459 127603 1.7 17 10 7 12 46% 40071 12479 2779 125%
c u 417.51 48 18 62 348 106885 2 4336406 142819 1.7 17 10 7 12 46% 40071 12479 2779 125%
c v 418.23 48 18 62 348 106885 2 4336406 141518 1.7 17 10 7 12 46% 40071 12479 2779 125%
c w 418.48 48 18 62 348 106885 2 4336406 141223 1.7 17 10 7 12 46% 40071 12479 2779 125%
c - 418.68 48 18 62 349 106946 2 4338114 127530 1.7 17 10 7 12 46% 40071 12479 2779 125%
c - 420.24 48 18 62 350 107439 2 4356799 129573 1.7 17 10 7 12 46% 40071 12479 2779 125%
c - 421.84 48 18 62 351 107865 2 4375507 131002 1.7 17 10 7 12 46% 40071 12479 2779 125%
c
c  seconds    switched       rate            size/glue  tier1     binary         remaining
c          MB   reductions      conflicts          size   tier2       irredundant
c           level      restarts        redundant      glue    trail         variables
c
c - 423.48 48 18 62 352 108518 2 4394242 132464 1.7 17 10 7 12 46% 40071 12479 2779 125%
c - 425.09 48 17 62 353 109148 2 4413003 134749 1.7 17 10 7 12 46% 40071 12479 2779 125%
c - 426.84 48 18 62 354 110260 2 4431791 136064 1.7 17 10 7 12 46% 40071 12479 2779 125%
c - 428.47 48 18 62 355 110860 2 4450606 137277 1.7 17 10 7 12 46% 40071 12479 2779 125%
c } 428.78 48 18 63 355 111037 2 4454059 140579 1.7 17 10 7 12 46% 40071 12479 2779 125%
c [ 428.78 48 19 63 355 111037 1 4454059 140579 1.9 23 12 7 15 48% 40071 12479 2779 125%
c I 428.78 48 19 63 355 111037 1 4454059 140579 1.9 23 12 7 15 48% 40071 12479 2779 125%
c - 430.05 48 20 63 356 111046 1 4469447 136156 1.9 23 12 7 15 48% 40071 12479 2779 125%
c - 431.80 48 21 63 357 111053 1 4488316 133774 1.9 24 13 7 15 48% 40071 12479 2779 125%
c - 433.65 48 21 63 358 111064 1 4507211 132518 1.9 24 13 7 15 48% 40071 12479 2779 125%
c - 435.49 48 21 63 359 111067 1 4526131 132236 1.9 24 13 7 15 48% 40071 12479 2779 125%
c u 438.20 48 20 63 359 111074 1 4544695 148444 1.9 24 13 7 15 47% 40071 12479 2779 125%
c v 438.94 48 20 63 359 111074 1 4544695 142634 1.9 24 13 7 15 47% 40071 12479 2779 125%
c w 439.21 48 20 63 359 111074 1 4544695 135637 1.9 24 13 7 15 47% 40071 12479 2779 125%
c o 439.24 48 20 63 359 111074 1 4544695 135637 1.9 24 13 7 15 47% 40071 12479 2779 125%
c - 439.29 48 21 63 360 111074 1 4545080 120170 1.9 24 13 7 15 47% 40071 12479 2779 125%
c - 440.82 48 26 63 361 111082 1 4564053 121178 1.8 24 14 7 15 47% 40071 12479 2779 125%
c - 442.59 48 25 63 362 111091 1 4583053 124831 1.8 24 13 7 15 47% 40071 12479 2779 125%
c - 444.39 48 25 63 363 111098 1 4602079 127368 1.8 24 13 7 15 47% 40071 12479 2779 125%
c - 446.31 48 24 63 364 111099 1 4621131 127353 1.9 25 13 7 15 47% 40071 12479 2779 125%
c
c  seconds    switched       rate            size/glue  tier1     binary         remaining
c          MB   reductions      conflicts          size   tier2       irredundant
c           level      restarts        redundant      glue    trail         variables
c
c ] 447.95 48 24 64 364 111099 1 4637117 142528 1.9 25 13 7 15 47% 40071 12479 2779 125%
c { 447.95 48 18 64 364 111099 2 4637117 142528 1.7 17 10 7 12 46% 40071 12479 2779 125%
c - 448.29 48 18 64 365 111265 2 4640209 127187 1.7 17 10 7 12 46% 40071 12479 2779 125%
c - 450.01 48 18 64 366 112127 2 4659313 127696 1.7 17 10 7 12 46% 40071 12479 2779 125%
c - 451.65 48 18 64 367 112718 2 4678445 129688 1.7 17 10 7 12 46% 40071 12479 2779 125%
c - 453.29 48 18 64 368 113325 2 4697605 131838 1.7 17 10 7 12 46% 40071 12479 2779 125%
c - 454.96 48 18 64 369 113979 2 4716789 133928 1.7 17 10 7 12 46% 40071 12479 2779 125%
c - 456.62 48 18 64 370 114685 2 4735998 135501 1.7 17 10 7 12 46% 40071 12479 2779 125%
c - 458.37 48 18 64 371 115657 2 4755233 136366 1.7 17 10 7 12 46% 40071 12479 2779 125%
c u 459.41 48 18 64 371 115813 2 4758357 137735 1.7 17 10 7 12 46% 40071 12479 2779 125%
c v 460.12 48 18 64 371 115813 2 4758357 136769 1.7 17 10 7 12 46% 40071 12479 2779 125%
c w 460.38 48 18 64 371 115813 2 4758357 136603 1.7 17 10 7 12 46% 40071 12479 2779 125%
c - 461.83 48 18 64 372 116339 2 4774494 136344 1.7 17 10 7 12 46% 40071 12479 2779 125%
c - 463.38 48 18 64 373 116802 2 4793781 138292 1.7 17 10 7 12 46% 40071 12479 2779 125%
c - 465.05 48 18 64 374 117474 2 4813095 139791 1.7 17 10 7 12 46% 40071 12479 2779 125%
c - 466.67 48 17 64 375 117923 2 4832434 141095 1.7 17 10 7 12 46% 40071 12479 2779 125%
c o 466.88 48 17 64 375 117932 2 4835143 143371 1.7 16 10 7 12 46% 40071 12479 2779 125%
c - 468.47 48 18 64 376 118977 2 4851799 141448 1.7 17 10 7 12 46% 40071 12479 2779 125%
c } 468.65 48 18 65 376 119075 2 4853615 143151 1.7 17 10 7 12 46% 40071 12479 2779 125%
c [ 468.65 48 24 65 376 119075 1 4853615 143151 1.9 25 13 7 15 47% 40071 12479 2779 125%
c
c  seconds    switched       rate            size/glue  tier1     binary         remaining
c          MB   reductions      conflicts          size   tier2       irredundant
c           level      restarts        redundant      glue    trail         variables
c
c B 468.65 48 24 65 376 119075 1 4853615 143151 1.9 25 13 7 15 47% 40071 12479 2779 125%
c - 470.15 48 23 65 377 119086 1 4871191 141458 1.9 25 13 7 15 47% 40071 12479 2779 125%
c - 471.83 48 23 65 378 119093 1 4890609 140297 2.0 26 13 7 15 47% 40071 12479 2779 125%
c - 473.74 48 23 65 379 119103 1 4910051 138496 2.0 26 13 7 15 47% 40071 12479 2779 125%
c - 475.69 48 23 65 380 119105 1 4929519 136813 2.0 27 13 7 15 47% 40071 12479 2779 125%
c - 477.75 48 22 65 381 119114 1 4949013 136462 2.0 27 13 7 15 47% 40071 12479 2779 125%
c - 479.67 48 22 65 382 119121 1 4968532 136963 2.1 26 13 7 15 47% 40071 12479 2779 125%
c u 481.40 48 22 65 382 119127 1 4977391 145191 2.1 26 13 7 15 47% 40071 12479 2779 125%
c v 482.19 48 22 65 382 119127 1 4977391 143475 2.1 26 13 7 15 47% 40071 12479 2779 125%
c w 482.47 48 22 65 382 119127 1 4977391 141306 2.1 26 13 7 15 47% 40071 12479 2779 125%
c - 486.44 48 21 65 383 119133 1 4988076 133390 2.1 26 13 7 15 47% 40071 12479 2779 125%
c - 488.37 48 21 65 384 119136 1 5007648 135383 2.1 26 12 7 15 47% 40071 12479 2779 125%
c - 490.48 48 21 65 385 119137 1 5027244 137243 2.1 26 12 7 15 47% 40071 12479 2779 125%
c ] 492.33 48 22 66 385 119137 1 5045043 154527 2.1 26 12 7 15 48% 40071 12479 2779 125%
c { 492.33 48 18 66 385 119137 2 5045043 154527 1.7 17 10 7 12 46% 40071 12479 2779 125%
c - 492.55 48 18 66 386 119150 2 5046866 135634 1.6 17 10 7 12 46% 40071 12479 2779 125%
c - 494.31 48 16 66 387 119169 2 5066513 135384 1.7 16 10 7 12 46% 40071 12479 2779 125%
c - 496.01 48 16 66 388 119190 2 5086186 138352 1.7 16 10 7 12 46% 40071 12479 2779 125%
c - 497.76 48 15 66 389 119200 2 5105883 140368 1.7 16 9 7 12 46% 40071 12479 2779 125%
c - 499.55 48 14 66 390 119204 2 5125606 141560 1.7 15 9 7 12 46% 40071 12479 2779 125%
c
c  seconds    switched       rate            size/glue tier1     binary         remaining
c          MB   reductions      conflicts          size  tier2       irredundant
c           level      restarts        redundant     glue    trail         variables
c
c o 500.42 48 14 66 390 119241 2 5135850 149703 1.6 15 9 7 12 46% 40071 12479 2779 125%
c - 501.24 48 13 66 391 119262 2 5145354 143333 1.6 15 9 7 12 46% 40071 12479 2779 125%
c - 502.92 48 13 66 392 119408 2 5165127 149254 1.7 15 9 7 12 46% 40071 12479 2779 125%
c - 504.70 48 12 66 393 119617 1 5184927 153086 1.7 15 9 7 12 46% 40071 12479 2779 125%
c u 506.83 48 12 66 393 119733 1 5201853 165939 1.7 15 9 7 12 46% 40071 12479 2779 125%
c v 507.40 65 12 66 393 119733 1 5201853 162403 1.7 15 9 7 12 46% 40071 12479 2779 125%
c w 507.59 65 12 66 393 119733 1 5201853 162310 1.7 15 9 7 12 46% 40071 12479 2779 125%
c - 508.09 59 12 66 394 119750 1 5204752 151929 1.7 15 9 7 12 46% 40071 12479 2779 125%
c - 509.89 61 12 66 395 119972 1 5224601 157401 1.7 15 9 7 12 46% 40071 12479 2779 125%
c - 511.74 61 12 66 396 120212 1 5244475 160240 1.6 14 9 7 12 46% 40071 12479 2779 125%
c - 513.54 61 11 66 397 120437 1 5264374 161769 1.6 14 9 7 12 46% 40071 12479 2779 125%
c } 514.45 61 11 67 397 120635 1 5274158 169697 1.6 14 9 7 12 46% 40071 12479 2779 125%
c [ 514.45 61 22 67 397 120635 1 5274158 169697 2.1 26 12 7 15 48% 40071 12479 2779 125%
c W 516.92 48 22 67 397 120635 1 5274158 169697 2.1 26 12 7 15 48% 40071 12479 2779 125%
c - 517.87 48 21 67 398 120641 1 5284298 163989 2.1 26 12 7 15 48% 40071 12479 2779 125%
c - 519.75 48 21 67 399 120649 1 5304247 166424 2.0 25 12 7 15 48% 40071 12479 2779 125%
c - 521.71 48 21 67 400 120660 1 5324221 166990 2.0 24 12 7 15 48% 40071 12479 2779 125%
c - 523.77 48 21 67 401 120665 1 5344223 165873 2.0 24 12 7 15 48% 40071 12479 2779 125%
c - 525.83 48 21 67 402 120671 1 5364248 164648 1.9 24 12 7 15 47% 40071 12479 2779 125%
c - 527.88 48 20 67 403 120680 1 5384299 162867 1.9 24 12 7 15 48% 40071 12479 2779 125%
c
c  seconds    switched       rate            size/glue  tier1     binary         remaining
c          MB   reductions      conflicts          size   tier2       irredundant
c           level      restarts        redundant      glue    trail         variables
c
c - 530.01 48 20 67 404 120690 1 5404373 160643 1.9 23 12 7 15 47% 40071 12479 2779 125%
c - 532.26 48 20 67 405 120696 1 5424473 160074 1.9 23 12 7 15 47% 40071 12479 2779 125%
c u 533.99 48 20 67 405 120696 1 5431739 164467 1.9 23 12 7 15 48% 40071 12479 2779 125%
c v 534.90 65 20 67 405 120696 1 5431739 150089 1.9 23 12 7 15 48% 40071 12479 2779 125%
c w 535.21 65 20 67 405 120696 1 5431739 142977 1.9 23 12 7 15 48% 40071 12479 2779 125%
c - 536.47 57 20 67 406 120697 1 5444598 140417 1.9 24 12 7 15 48% 40071 12479 2779 125%
c - 538.46 59 20 67 407 120697 1 5464748 145571 2.0 25 13 7 15 48% 40071 12479 2779 125%
c O 539.60 61 20 67 407 120701 1 5475227 155407 2.0 25 13 7 15 48% 40071 12479 2779 125%
c o 539.60 61 20 67 407 120701 1 5475227 155407 2.0 25 13 7 15 48% 40071 12479 2779 125%
c ] 539.64 55 20 68 407 120701 1 5475637 155808 2.0 25 13 7 15 48% 40071 12479 2779 125%
c { 539.64 55 11 68 407 120701 1 5475637 155808 1.6 14 9 7 12 46% 40071 12479 2779 125%
c - 540.91 61 12 68 408 122247 2 5484922 150196 1.6 14 9 7 12 46% 40071 12479 2779 125%
c - 543.39 61 14 68 409 124822 2 5505122 154142 1.6 15 9 7 12 46% 40071 12479 2779 125%
c - 545.80 61 15 68 410 126831 2 5525345 155955 1.6 15 10 7 12 46% 40071 12479 2779 125%
c - 547.75 61 16 68 411 127799 2 5545593 157668 1.6 15 10 7 12 46% 40071 12479 2779 125%
c - 549.82 61 16 68 412 129138 2 5565866 158482 1.6 16 10 7 12 46% 40071 12479 2779 125%
c - 551.70 61 17 68 413 129988 2 5586164 159025 1.6 16 10 7 12 46% 40071 12479 2779 125%
c - 553.60 61 17 68 414 130837 2 5606486 159347 1.6 16 10 7 12 46% 40071 12479 2779 125%
c - 555.62 61 17 68 415 131928 3 5626833 160823 1.6 16 10 7 12 46% 40071 12479 2779 125%
c - 557.62 61 18 68 416 132895 3 5647204 161457 1.6 16 10 7 11 46% 40071 12479 2779 125%
c
c  seconds    switched       rate            size/glue  tier1     binary         remaining
c          MB   reductions      conflicts          size   tier2       irredundant
c           level      restarts        redundant      glue    trail         variables
c
c u 560.42 64 18 68 416 133852 3 5667075 178832 1.6 16 10 7 11 46% 40071 12479 2779 125%
c v 561.29 67 18 68 416 133852 3 5667075 177335 1.6 16 10 7 11 46% 40071 12479 2779 125%
c w 561.59 67 18 68 416 133852 3 5667075 177101 1.6 16 10 7 11 46% 40071 12479 2779 125%
c - 561.70 56 18 68 417 133872 3 5667600 159717 1.6 16 10 7 11 46% 40071 12479 2779 125%
c - 563.58 61 18 68 418 134543 3 5688020 159083 1.6 16 10 7 11 46% 40071 12479 2779 125%
c - 565.58 61 18 68 419 135530 3 5708465 159014 1.6 17 10 7 11 46% 40071 12479 2779 125%
c } 566.46 59 18 69 419 135923 3 5717698 167565 1.6 17 10 7 11 46% 40071 12479 2779 125%
c [ 566.46 59 20 69 419 135923 1 5717698 167565 2.0 25 13 7 15 48% 40071 12479 2779 125%
c B 566.46 59 20 69 419 135923 1 5717698 167565 2.0 25 13 7 15 48% 40071 12479 2779 125%
c - 567.52 61 21 69 420 135929 1 5728936 156865 1.9 25 13 7 15 48% 40071 12479 2779 125%
c - 569.41 59 21 69 421 135937 1 5749431 151818 1.9 25 13 7 15 48% 40071 12479 2779 125%
c - 571.39 56 21 69 422 135950 1 5769949 147435 1.9 25 13 7 15 48% 40071 12479 2779 125%
c - 573.52 61 21 69 423 135953 1 5790491 145521 1.9 25 13 7 15 48% 40071 12479 2779 125%
c - 575.81 59 22 69 424 135960 1 5811058 142344 1.9 25 13 7 15 48% 40071 12479 2779 125%
c - 577.95 61 22 69 425 135968 1 5831649 138490 1.9 26 13 7 15 48% 40071 12479 2779 125%
c - 580.20 59 23 69 426 135981 1 5852266 132690 1.9 26 14 7 15 49% 40071 12479 2779 125%
c - 582.41 61 22 69 427 135984 1 5872905 128935 2.0 27 14 7 15 49% 40071 12479 2779 125%
c - 584.81 59 22 69 428 135985 1 5893571 128259 1.9 27 14 7 15 49% 40071 12479 2779 125%
c u 587.35 63 22 69 428 135985 1 5907886 141116 2.0 26 14 7 15 49% 40071 12479 2779 125%
c v 588.31 63 22 69 428 135985 1 5907886 139077 2.0 26 14 7 15 49% 40071 12479 2779 125%
c
c  seconds    switched       rate            size/glue  tier1     binary         remaining
c          MB   reductions      conflicts          size   tier2       irredundant
c           level      restarts        redundant      glue    trail         variables
c
c w 588.66 64 22 69 428 135985 1 5907886 131325 2.0 26 14 7 15 49% 40071 12479 2779 125%
c o 588.69 64 22 69 428 135985 1 5907886 131325 2.0 26 14 7 15 49% 40071 12479 2779 125%
c - 589.28 56 38 69 429 135985 1 5914260 118467 1.7 29 17 7 15 49% 40071 12479 2779 125%
c - 591.28 56 38 69 430 135998 1 5934973 119156 1.7 29 17 7 15 48% 40071 12479 2779 125%
c W 594.03 48 38 69 430 135999 1 5934980 119163 1.7 29 17 7 15 48% 40071 12479 2779 125%
c ] 595.25 48 39 70 430 136002 1 5948584 132494 1.7 30 17 7 15 49% 40071 12479 2779 125%
c { 595.25 48 18 70 430 136002 3 5948584 132494 1.6 17 10 7 11 46% 40071 12479 2779 125%
c - 596.57 48 21 70 431 137251 3 5955709 119623 1.7 18 11 7 11 46% 40071 12479 2779 125%
c - 600.52 48 27 70 432 140867 4 5976470 118513 1.7 21 12 7 12 46% 40071 12479 2779 125%
c - 604.55 48 32 70 433 144435 5 5997255 118073 1.8 23 13 7 12 46% 40071 12479 2779 125%
c - 608.65 48 37 70 434 147823 6 6018063 117989 1.8 25 14 7 12 46% 40071 12479 2779 125%
c - 611.99 48 39 70 435 149977 6 6038895 119451 1.8 26 14 7 12 46% 40071 12479 2779 125%
c - 615.57 48 41 70 436 152371 7 6059752 120352 1.9 27 15 7 12 46% 40071 12479 2779 125%
c - 618.73 48 43 70 437 154107 6 6080635 120684 1.9 28 15 7 12 46% 40071 12479 2779 125%
c - 622.24 48 44 70 438 156033 6 6101540 121026 1.9 29 15 7 12 46% 40071 12479 2779 125%
c - 625.50 48 45 70 439 157637 6 6122468 120470 1.9 30 15 7 12 46% 40071 12479 2779 125%
c - 628.76 48 46 70 440 159348 6 6143421 119361 1.9 30 16 7 12 46% 40071 12479 2779 125%
c u 631.53 48 46 70 440 159831 6 6154198 128070 2.0 31 16 7 12 46% 40071 12479 2779 125%
c v 632.87 48 46 70 440 159831 6 6154198 127358 2.0 31 16 7 12 46% 40071 12479 2779 125%
c w 633.37 48 46 70 440 159831 6 6154198 127250 2.0 31 16 7 12 46% 40071 12479 2779 125%
c
c  seconds    switched       rate            size/glue  tier1     binary         remaining
c          MB   reductions      conflicts          size   tier2       irredundant
c           level      restarts        redundant      glue    trail         variables
c
c - 634.84 48 46 70 441 160330 6 6164398 116265 2.0 31 16 7 12 46% 40071 12479 2779 125%
c - 637.83 48 46 70 442 161553 6 6185398 115689 2.0 31 16 7 12 46% 40071 12479 2779 125%
c } 640.43 48 46 71 442 162515 6 6203911 133939 2.0 32 16 7 12 46% 40071 12479 2779 125%
c [ 640.43 48 39 71 442 162515 1 6203911 133939 1.7 30 17 7 15 49% 40071 12479 2779 125%
c I 640.43 48 39 71 442 162515 1 6203911 133939 1.7 30 17 7 15 49% 40071 12479 2779 125%
c - 640.70 48 39 71 443 162517 1 6206422 114652 1.7 30 17 7 15 49% 40071 12479 2779 125%
c - 642.85 48 36 71 444 162528 1 6227469 115454 1.8 30 16 7 15 49% 40071 12479 2779 125%
c - 645.22 48 33 71 445 162536 1 6248540 116462 1.8 29 16 7 15 49% 40071 12479 2779 125%
c - 647.38 48 32 71 446 162545 1 6269636 113138 1.8 29 16 7 15 49% 40071 12479 2779 125%
c - 649.69 48 30 71 447 162549 1 6290754 108744 1.9 30 16 7 15 49% 40071 12479 2779 125%
c - 652.22 48 29 71 448 162560 1 6311896 107825 1.9 29 16 7 15 49% 40071 12479 2779 125%
c - 654.56 48 27 71 449 162570 1 6333064 109016 1.9 29 15 7 15 49% 40071 12479 2779 125%
c o 656.43 48 28 71 449 162576 1 6351502 126706 1.9 29 15 7 15 49% 40071 12479 2779 125%
c - 656.72 48 33 71 450 162576 1 6354254 106029 1.8 29 16 7 15 49% 40071 12479 2779 125%
c - 659.12 48 54 71 451 162577 1 6375468 96506 1.6 34 21 7 15 49% 40071 12479 2779 125%
c - 661.42 48 52 71 452 162577 1 6396705 90529 1.5 33 22 7 15 48% 40071 12479 2779 125%
c u 663.36 48 50 71 452 162582 1 6406012 97107 1.5 33 21 7 15 48% 40071 12479 2779 125%
c v 664.38 48 50 71 452 162582 1 6406012 96457 1.5 33 21 7 15 48% 40071 12479 2779 125%
c w 664.75 48 50 71 452 162582 1 6406012 95388 1.5 33 21 7 15 48% 40071 12479 2779 125%
c - 665.93 48 47 71 453 162588 1 6417965 92779 1.6 32 20 7 15 48% 40071 12479 2779 125%
c
c  seconds    switched       rate            size/glue  tier1     binary         remaining
c          MB   reductions      conflicts          size   tier2       irredundant
c           level      restarts        redundant      glue    trail         variables
c
c B 667.95 48 43 71 453 162596 1 6437878 111847 1.6 31 19 7 15 48% 40071 12479 2779 125%
c - 668.11 48 42 71 454 162597 1 6439250 100097 1.6 31 19 7 15 48% 40071 12479 2779 125%
c - 670.42 48 38 71 455 162607 1 6460557 105115 1.7 29 18 7 15 48% 40071 12479 2779 125%
c - 672.69 48 35 71 456 162608 1 6481888 108170 1.7 29 17 7 15 48% 40071 12479 2779 125%
c - 674.89 48 32 71 457 162622 1 6503242 109382 1.7 28 16 7 15 48% 40071 12479 2779 125%
c - 677.22 48 29 71 458 162630 1 6524619 111891 1.7 27 15 7 15 48% 40071 12479 2779 125%
c - 679.63 48 27 71 459 162638 1 6546021 114231 1.8 26 14 7 15 49% 40071 12479 2779 125%
c - 682.06 48 25 71 460 162640 1 6567448 116200 1.8 25 14 7 15 49% 40071 12479 2779 125%
c - 684.52 48 23 71 461 162640 1 6588895 117912 1.9 25 13 7 15 48% 40071 12479 2779 125%
c ] 685.05 48 23 72 461 162640 1 6594065 122871 1.9 25 13 7 15 48% 40071 12479 2779 125%
c { 685.05 48 46 72 461 162640 6 6594065 122871 2.0 32 16 7 12 46% 40071 12479 2779 125%
c - 686.70 48 42 72 462 162653 5 6610366 119580 2.0 31 15 7 12 47% 40071 12479 2779 125%
c - 688.69 48 37 72 463 162668 4 6631860 122766 2.0 28 14 7 12 46% 40071 12479 2779 125%
c - 690.77 48 33 72 464 162690 4 6653378 124819 1.9 27 14 7 12 46% 40071 12479 2779 125%
c u 692.80 48 32 72 464 162690 3 6663377 126592 1.9 26 13 7 12 46% 40071 12479 2779 125%
c v 693.83 48 32 72 464 162690 3 6663377 118601 1.9 26 13 7 12 46% 40071 12479 2779 125%
c w 694.18 48 32 72 464 162690 3 6663377 114991 1.9 26 13 7 12 46% 40071 12479 2779 125%
c - 695.32 48 30 72 465 162713 3 6674918 112808 1.9 25 13 7 12 46% 40071 12479 2779 125%
c o 696.81 48 28 72 465 162741 3 6691537 128139 1.9 24 13 7 12 46% 40071 12479 2779 125%
c - 697.28 48 28 72 466 162777 3 6696482 118832 1.9 24 13 7 12 46% 40071 12479 2779 125%
c
c  seconds    switched       rate            size/glue  tier1     binary         remaining
c          MB   reductions      conflicts          size   tier2       irredundant
c           level      restarts        redundant      glue    trail         variables
c
c - 699.36 48 26 72 467 162833 3 6718071 121778 1.9 23 12 7 12 47% 40071 12479 2779 125%
c - 701.42 48 24 72 468 162929 2 6739683 122823 1.9 22 12 7 12 47% 40071 12479 2779 125%
c - 703.46 48 23 72 469 163038 2 6761317 123858 1.9 22 12 7 12 47% 40071 12479 2779 125%
c - 705.49 48 22 72 470 163245 2 6782974 124682 1.8 21 11 7 12 47% 40071 12479 2779 125%
c - 707.52 48 21 72 471 163426 2 6804653 125581 1.8 20 11 7 12 46% 40071 12479 2779 125%
c - 709.58 48 20 72 472 163605 2 6826356 126338 1.8 20 11 7 12 46% 40071 12479 2779 125%
c - 711.73 48 19 72 473 163818 2 6848081 127275 1.8 19 11 7 12 46% 40071 12479 2779 125%
c } 713.29 48 19 73 473 164014 2 6862982 140985 1.8 19 11 7 12 46% 40071 12479 2779 125%
c [ 713.29 48 23 73 473 164014 1 6862982 140985 1.9 25 13 7 15 48% 40071 12479 2779 125%
c W 716.78 48 23 73 473 164014 1 6862982 140985 1.9 25 13 7 15 48% 40071 12479 2779 125%
c - 717.47 48 23 73 474 164019 1 6869830 128014 1.9 25 13 7 15 49% 40071 12479 2779 125%
c - 719.81 48 23 73 475 164028 1 6891602 128811 1.9 25 13 7 15 49% 40071 12479 2779 125%
c - 722.30 48 23 73 476 164040 1 6913396 127010 1.9 25 13 7 15 49% 40071 12479 2779 125%
c u 724.82 48 22 73 476 164043 1 6926294 137573 1.9 25 13 7 15 49% 40071 12479 2779 125%
c v 725.88 65 22 73 476 164043 1 6926294 135845 1.9 25 13 7 15 49% 40071 12479 2779 125%
c w 726.25 65 22 73 476 164043 1 6926294 134490 1.9 25 13 7 15 49% 40071 12479 2779 125%
c - 727.28 56 22 73 477 164044 1 6935214 122315 1.9 25 13 7 15 49% 40071 12479 2779 125%
c - 729.70 59 22 73 478 164051 1 6957054 126397 1.9 25 13 7 15 49% 40071 12479 2779 125%
c - 732.28 56 22 73 479 164061 1 6978917 129761 1.9 25 13 7 15 49% 40071 12479 2779 125%
c - 735.10 59 21 73 480 164073 1 7000806 130300 1.9 24 13 7 15 49% 40071 12479 2779 125%
c
c  seconds    switched       rate            size/glue  tier1     binary         remaining
c          MB   reductions      conflicts          size   tier2       irredundant
c           level      restarts        redundant      glue    trail         variables
c
c - 737.91 59 21 73 481 164075 1 7022714 131230 1.9 24 13 7 15 49% 40071 12479 2779 125%
c - 740.57 59 21 73 482 164076 1 7044646 133855 1.9 24 13 7 15 49% 40071 12479 2779 125%
c - 743.10 59 20 73 483 164082 1 7066602 136491 1.9 23 13 7 15 48% 40071 12479 2779 125%
c ] 744.85 59 20 74 483 164090 1 7081472 150603 1.9 23 12 7 15 48% 40071 12479 2779 125%
c { 744.85 59 19 74 483 164090 2 7081472 150603 1.8 19 11 7 12 46% 40071 12479 2779 125%
c o 744.86 59 19 74 483 164095 2 7081577 150706 1.8 19 11 7 12 46% 40071 12479 2779 125%
c - 745.55 59 19 74 484 164147 2 7088580 137327 1.8 19 11 7 12 46% 40071 12479 2779 125%
c - 747.64 59 18 74 485 164417 2 7110580 137898 1.8 19 11 7 12 46% 40071 12479 2779 125%
c - 749.76 61 18 74 486 164811 2 7132602 139825 1.8 18 10 7 12 46% 40071 12479 2779 125%
c - 751.87 61 18 74 487 165213 2 7154648 142514 1.7 18 10 7 12 46% 40071 12479 2779 125%
c - 754.04 59 18 74 488 165674 2 7176717 144799 1.7 18 10 7 12 46% 40071 12479 2779 125%
c u 756.95 63 18 74 488 166293 2 7194791 157462 1.7 18 10 7 12 46% 40071 12479 2779 125%
c v 758.03 64 18 74 488 166293 2 7194791 150561 1.7 18 10 7 12 46% 40071 12479 2779 125%
c w 758.42 64 18 74 488 166293 2 7194791 150123 1.7 18 10 7 12 46% 40071 12479 2779 125%
c - 758.88 59 17 74 489 166379 2 7198807 138281 1.7 18 10 7 12 46% 40071 12479 2779 125%
c - 761.09 61 17 74 490 167005 2 7220921 143817 1.7 17 10 7 12 46% 40071 12479 2779 125%
c - 763.32 61 18 74 491 167748 2 7243057 147687 1.7 17 10 7 12 46% 40071 12479 2779 125%
c - 765.52 61 17 74 492 168247 2 7265217 149173 1.7 17 10 7 12 46% 40071 12479 2779 125%
c - 767.76 61 17 74 493 168696 2 7287398 121750 1.7 17 10 6 12 46% 40071 12479 2779 125%
c - 770.04 59 17 74 494 169591 2 7309601 115580 1.7 17 10 6 12 46% 40071 12479 2779 125%
c
c  seconds    switched       rate            size/glue  tier1     binary         remaining
c          MB   reductions      conflicts          size   tier2       irredundant
c           level      restarts        redundant      glue    trail         variables
c
c - 772.25 59 17 74 495 170445 2 7331827 114679 1.7 17 10 6 12 46% 40071 12479 2779 125%
c - 774.56 56 18 74 496 171740 2 7354077 114930 1.7 17 10 6 12 46% 40071 12479 2779 125%
c } 775.51 56 18 75 496 171998 2 7364298 124346 1.7 17 10 6 12 46% 40071 12479 2779 125%
c [ 775.51 56 20 75 496 171998 1 7364298 124346 1.9 23 12 7 15 48% 40071 12479 2779 125%
c O 775.51 56 20 75 496 171998 1 7364298 124346 1.9 23 12 7 15 48% 40071 12479 2779 125%
c - 776.70 59 20 75 497 172004 1 7376348 115535 1.9 23 12 7 15 48% 40071 12479 2779 125%
c - 778.89 59 19 75 498 172014 1 7398641 114726 1.8 22 12 7 15 48% 40071 12479 2779 125%
c - 781.34 59 19 75 499 172026 1 7420958 113646 1.9 22 12 7 15 48% 40071 12479 2779 125%
c - 783.78 59 19 75 500 172028 1 7443296 113610 1.9 23 12 7 15 48% 40071 12479 2779 125%
c - 786.68 59 19 75 501 172041 1 7465656 113399 1.9 23 12 6 15 48% 40071 12479 2779 125%
c u 788.27 61 19 75 501 172042 1 7468864 113721 1.9 23 12 6 15 48% 40071 12479 2779 125%
c v 789.46 63 19 75 501 172042 1 7468864 108741 1.9 23 12 6 15 48% 40071 12479 2779 125%
c w 789.86 63 19 75 501 172042 1 7468864 107640 1.9 23 12 6 15 48% 40071 12479 2779 125%
c o 789.90 63 19 75 501 172042 1 7468864 107640 1.9 23 12 6 15 48% 40071 12479 2779 125%
c - 791.80 59 23 75 502 172050 1 7488039 104696 1.9 24 13 6 15 48% 40071 12479 2779 125%
c - 794.21 59 23 75 503 172058 1 7510448 105186 1.9 25 13 6 15 48% 40071 12479 2779 125%
c - 796.78 55 24 75 504 172060 1 7532877 103683 1.9 25 13 6 15 48% 40071 12479 2779 125%
c - 799.38 59 24 75 505 172060 1 7555326 100011 1.8 26 14 6 15 47% 40071 12479 2779 125%
c - 802.15 55 24 75 506 172071 1 7577799 102221 1.8 25 14 6 15 47% 40071 12479 2779 125%
c - 804.69 56 23 75 507 172081 1 7600293 106602 1.8 25 14 6 15 47% 40071 12479 2779 125%
c
c  seconds    switched       rate            size/glue  tier1     binary         remaining
c          MB   reductions      conflicts          size   tier2       irredundant
c           level      restarts        redundant      glue    trail         variables
c
c ] 806.89 56 23 76 507 172090 1 7620305 124913 1.8 25 14 6 15 47% 40071 12479 2779 125%
c { 806.89 56 18 76 507 172090 2 7620305 124913 1.7 17 10 6 12 46% 40071 12479 2779 125%
c - 807.18 56 18 76 508 172114 2 7622809 109202 1.7 17 10 6 12 46% 40071 12479 2779 125%
c - 809.48 59 18 76 509 172852 2 7645348 112578 1.7 17 10 6 12 46% 40071 12479 2779 125%
c - 811.80 55 18 76 510 173445 2 7667909 114964 1.7 17 10 6 12 46% 40071 12479 2779 125%
c - 814.32 59 18 76 511 174361 2 7690493 115879 1.7 17 10 6 12 46% 40071 12479 2779 125%
c - 816.76 55 18 76 512 175248 2 7713098 117654 1.7 17 10 6 12 46% 40071 12479 2779 125%
c - 819.04 59 18 76 513 175726 2 7735725 118474 1.7 17 10 6 12 46% 40071 12479 2779 125%
c u 821.45 48 18 76 513 176256 2 7748565 126419 1.7 17 10 6 12 46% 40071 12479 2779 125%
c v 822.57 48 18 76 513 176256 2 7748565 120223 1.7 17 10 6 12 46% 40071 12479 2779 125%
c w 822.97 48 18 76 513 176256 2 7748565 119725 1.7 17 10 6 12 46% 40071 12479 2779 125%
c - 828.22 48 18 76 514 176748 2 7758374 111642 1.7 17 10 6 12 46% 40071 12479 2779 125%
c - 830.38 48 18 76 515 177337 2 7781046 115494 1.7 17 10 6 12 46% 40071 12479 2779 125%
c - 832.62 48 18 76 516 178203 2 7803739 116484 1.7 17 10 6 12 46% 40071 12479 2779 125%
c - 834.92 48 18 76 517 179255 2 7826454 116460 1.7 17 10 6 12 46% 40071 12479 2779 125%
c o 836.21 48 18 76 517 179511 2 7840394 129056 1.7 17 10 6 12 46% 40071 12479 2779 125%
c - 837.10 48 18 76 518 179835 2 7849192 116491 1.7 17 10 6 12 46% 40071 12479 2779 125%
c - 839.31 48 18 76 519 180556 2 7871951 116118 1.7 17 10 6 12 46% 40071 12479 2779 125%
c - 841.55 48 18 76 520 181303 2 7894732 116241 1.7 17 10 6 12 46% 40071 12479 2779 125%
c } 843.68 48 17 77 520 181833 2 7917355 136352 1.7 17 10 6 12 46% 40071 12479 2779 125%
c
c  seconds    switched       rate            size/glue  tier1     binary         remaining
c          MB   reductions      conflicts          size   tier2       irredundant
c           level      restarts        redundant      glue    trail         variables
c
c [ 843.68 48 23 77 520 181833 1 7917355 136352 1.8 25 14 6 15 47% 40071 12479 2779 125%
c B 843.68 48 23 77 520 181833 1 7917355 136352 1.8 25 14 6 15 47% 40071 12479 2779 125%
c - 843.72 48 23 77 521 181833 1 7917535 116474 1.8 25 14 6 15 47% 40071 12479 2779 125%
c - 845.82 48 23 77 522 181846 1 7940362 113666 1.8 25 14 6 15 47% 40071 12479 2779 125%
c - 848.11 48 23 77 523 181855 1 7963210 109924 1.8 25 14 6 15 47% 40071 12479 2779 125%
c - 850.42 48 23 77 524 181863 1 7986081 106543 1.8 26 14 6 15 47% 40071 12479 2779 125%
c - 852.90 48 23 77 525 181870 1 8008973 104228 1.8 26 14 6 15 47% 40071 12479 2779 125%
c - 855.16 48 23 77 526 181878 1 8031886 108682 1.9 26 14 6 15 47% 40071 12479 2779 125%
c u 856.17 48 23 77 526 181880 1 8033893 108767 1.9 26 14 6 15 47% 40071 12479 2779 125%
c v 857.00 48 23 77 526 181880 1 8033893 106184 1.9 26 14 6 15 47% 40071 12479 2779 125%
c w 857.28 48 23 77 526 181880 1 8033893 103512 1.9 26 14 6 15 47% 40071 12479 2779 125%
c - 859.68 48 22 77 527 181892 1 8054820 106675 1.9 25 13 6 15 47% 40071 12479 2779 125%
c - 862.28 48 22 77 528 181894 1 8077777 111545 1.9 26 13 6 15 48% 40071 12479 2779 125%
c - 864.93 48 21 77 529 181895 1 8100756 114564 2.0 25 13 6 15 48% 40071 12479 2779 125%
c - 867.61 48 20 77 530 181902 1 8123757 116813 2.0 25 13 6 15 48% 40071 12479 2779 125%
c - 870.12 48 20 77 531 181910 1 8146781 116409 2.0 24 12 6 15 48% 40071 12479 2779 125%
c - 872.67 48 20 77 532 181924 1 8169825 116204 1.9 24 12 6 15 48% 40071 12479 2779 125%
c W 878.60 48 20 77 532 181926 1 8186056 131653 2.0 24 12 6 15 48% 40071 12479 2779 125%
c - 879.30 48 21 77 533 181926 1 8192890 116582 1.9 25 13 6 15 48% 40071 12479 2779 125%
c ] 879.72 48 22 78 533 181927 1 8197013 120577 1.9 25 13 6 15 48% 40071 12479 2779 125%
c
c  seconds    switched       rate            size/glue  tier1     binary         remaining
c          MB   reductions      conflicts          size   tier2       irredundant
c           level      restarts        redundant      glue    trail         variables
c
c { 879.72 48 17 78 533 181927 2 8197013 120577 1.7 17 10 6 12 46% 40071 12479 2779 125%
c - 881.91 48 17 78 534 182763 2 8215978 116293 1.7 17 10 6 12 46% 40071 12479 2779 125%
c o 882.55 48 18 78 534 183150 2 8221329 121212 1.7 17 10 6 12 46% 40071 12479 2779 125%
c - 884.55 48 17 78 535 183703 2 8239086 119215 1.7 17 10 6 12 46% 40071 12479 2779 125%
c - 887.12 48 18 78 536 184654 2 8262216 122290 1.7 17 10 6 12 46% 40071 12479 2779 125%
c - 889.70 48 18 78 537 185740 2 8285367 123810 1.7 17 10 6 12 46% 40071 12479 2779 125%
c - 892.07 48 18 78 538 186275 2 8308540 124347 1.6 17 10 6 12 46% 40071 12479 2779 125%
c u 895.02 48 18 78 538 187089 2 8324850 133638 1.6 17 10 6 12 46% 40071 12479 2779 125%
c v 896.21 48 18 78 538 187089 2 8324850 128071 1.6 17 10 6 12 46% 40071 12479 2779 125%
c w 896.64 48 18 78 538 187089 2 8324850 127765 1.6 17 10 6 12 46% 40071 12479 2779 125%
c - 897.45 48 18 78 539 187345 2 8331735 113787 1.6 17 10 6 12 46% 40071 12479 2779 125%
c - 899.91 48 18 78 540 188315 2 8354951 118351 1.6 17 10 6 12 46% 40071 12479 2779 125%
c - 902.48 48 18 78 541 189165 2 8378188 119542 1.6 17 10 6 12 46% 40071 12479 2779 125%
c - 904.85 48 18 78 542 189774 2 8401447 119380 1.6 17 10 6 12 46% 40071 12479 2779 125%
c - 907.31 48 18 78 543 190441 2 8424727 119574 1.6 17 10 6 12 46% 40071 12479 2779 125%
c - 909.65 48 17 78 544 191093 2 8448030 119969 1.6 16 10 6 12 46% 40071 12479 2779 125%
c - 912.23 48 18 78 545 192227 2 8471353 120588 1.6 17 10 6 12 46% 40071 12479 2779 125%
c - 914.67 48 18 78 546 192973 2 8494700 121516 1.6 17 10 6 12 46% 40071 12479 2779 125%
c } 916.22 48 18 79 546 193509 2 8508604 134162 1.6 17 10 6 12 46% 40071 12479 2779 125%
c [ 916.22 48 22 79 546 193509 1 8508604 134162 1.9 25 13 6 15 48% 40071 12479 2779 125%
c
c  seconds    switched       rate            size/glue  tier1     binary         remaining
c          MB   reductions      conflicts          size   tier2       irredundant
c           level      restarts        redundant      glue    trail         variables
c
c I 916.22 48 22 79 546 193509 1 8508604 134162 1.9 25 13 6 15 48% 40071 12479 2779 125%
c - 917.20 48 24 79 547 193515 1 8518066 118232 1.9 26 14 6 15 48% 40071 12479 2779 125%
c - 919.74 48 26 79 548 193524 1 8541455 111138 1.9 28 14 6 15 48% 40071 12479 2779 125%
c - 922.51 48 26 79 549 193537 1 8564867 107286 1.9 28 15 6 15 48% 40071 12479 2779 125%
c - 925.37 48 25 79 550 193539 1 8588297 109426 1.9 28 14 6 15 48% 40071 12479 2779 125%
c - 928.11 48 24 79 551 193553 1 8611750 113328 1.9 27 14 6 15 48% 40071 12479 2779 125%
c u 930.36 48 24 79 551 193554 1 8621484 119910 1.9 27 14 6 15 48% 40071 12479 2779 125%
c v 931.65 48 24 79 551 193554 1 8621484 117685 1.9 27 14 6 15 48% 40071 12479 2779 125%
c w 932.09 48 24 79 551 193554 1 8621484 114367 1.9 27 14 6 15 48% 40071 12479 2779 125%
c o 932.13 48 24 79 551 193554 1 8621484 114367 1.9 27 14 6 15 48% 40071 12479 2779 125%
c - 933.51 48 28 79 552 193561 1 8635225 106110 1.9 27 15 6 15 48% 40071 12479 2779 125%
c - 936.00 48 27 79 553 193570 1 8658719 109192 1.9 27 14 6 15 48% 40071 12479 2779 125%
c - 938.67 48 25 79 554 193571 1 8682237 114133 1.9 26 14 6 15 48% 40071 12479 2779 125%
c - 941.35 48 25 79 555 193572 1 8705776 115115 1.9 26 14 6 15 48% 40071 12479 2779 125%
c - 944.09 48 24 79 556 193585 1 8729335 113749 1.9 26 14 6 15 48% 40071 12479 2779 125%
c - 946.99 48 23 79 557 193596 1 8752914 114961 1.9 25 13 6 15 48% 40071 12479 2779 125%
c - 949.75 48 23 79 558 193602 1 8776514 115599 1.9 25 13 6 15 47% 40071 12479 2779 125%
c ] 951.58 48 22 80 558 193607 1 8792543 130704 1.8 24 13 6 15 47% 40071 12479 2779 125%
c { 951.58 48 18 80 558 193607 2 8792543 130704 1.6 17 10 6 12 46% 40071 12479 2779 125%
c - 952.51 48 18 80 559 193856 2 8800137 116217 1.6 17 10 6 12 46% 40071 12479 2779 125%
c
c  seconds    switched       rate            size/glue  tier1     binary         remaining
c          MB   reductions      conflicts          size   tier2       irredundant
c           level      restarts        redundant      glue    trail         variables
c
c - 955.05 48 18 80 560 195007 2 8823780 118582 1.7 17 10 6 12 46% 40071 12479 2779 125%
c - 957.55 48 18 80 561 195699 2 8847446 120402 1.7 17 10 6 12 46% 40071 12479 2779 125%
c - 960.17 48 18 80 562 196569 2 8871132 121346 1.7 17 10 6 12 46% 40071 12479 2779 125%
c - 962.74 48 18 80 563 197403 2 8894838 122190 1.7 17 10 6 12 46% 40071 12479 2779 125%
c - 965.38 48 18 80 564 198293 2 8918565 122675 1.7 17 10 6 12 46% 40071 12479 2779 125%
c u 967.68 48 18 80 564 198515 2 8923798 123217 1.7 17 10 6 12 46% 40071 12479 2779 125%
c v 969.06 48 18 80 564 198515 2 8923798 118188 1.7 17 10 6 12 46% 40071 12479 2779 125%
c w 969.57 48 18 80 564 198515 2 8923798 117932 1.7 17 10 6 12 46% 40071 12479 2779 125%
c - 971.71 48 18 80 565 199217 2 8942315 116194 1.7 17 10 6 12 46% 40071 12479 2779 125%
c - 974.57 48 17 80 566 199669 2 8966085 118747 1.7 17 10 6 12 46% 40071 12479 2779 125%
c - 977.25 48 18 80 567 200878 2 8989876 119273 1.7 17 10 6 11 46% 40071 12479 2779 125%
c - 980.21 48 18 80 568 201726 2 9013687 119969 1.7 17 10 6 11 46% 40071 12479 2779 125%
c o 981.01 48 18 80 568 201930 2 9021807 127258 1.7 17 10 6 11 46% 40071 12479 2779 125%
c - 982.64 48 17 80 569 202309 2 9037521 120039 1.7 17 10 6 11 46% 40071 12479 2779 125%
c - 985.46 48 18 80 570 203399 2 9061374 120395 1.7 17 10 6 11 46% 40071 12479 2779 125%
c - 988.23 48 18 80 571 204447 2 9085250 121039 1.6 17 10 6 11 46% 40071 12479 2779 125%
c - 990.88 48 18 80 572 205435 2 9109146 121492 1.7 17 10 6 11 46% 40071 12479 2779 125%
c } 991.87 48 18 81 572 205613 2 9118986 130344 1.7 17 10 6 11 46% 40071 12479 2779 125%
c [ 991.87 48 22 81 572 205613 1 9118986 130344 1.8 24 13 6 15 47% 40071 12479 2779 125%
c B 991.87 48 22 81 572 205613 1 9118986 130344 1.8 24 13 6 15 47% 40071 12479 2779 125%
c
c  seconds    switched       rate            size/glue  tier1     binary         remaining
c          MB   reductions      conflicts          size   tier2       irredundant
c           level      restarts        redundant      glue    trail         variables
c
c - 993.16 48 23 81 573 205621 1 9133062 120334 1.9 25 13 6 15 47% 40071 12479 2779 125%
c - 995.76 48 23 81 574 205632 1 9156999 117489 1.8 25 13 6 15 47% 40071 12479 2779 125%
c - 998.57 48 22 81 575 205642 1 9180958 117948 1.8 24 13 6 15 47% 40071 12479 2779 125%
c - 1001.17 48 22 81 576 205646 1 9204937 117859 1.8 24 13 6 15 48% 40071 12479 2779 125%
c - 1004.13 48 21 81 577 205658 1 9228938 115306 1.8 24 13 6 15 48% 40071 12479 2779 125%
c u 1005.73 48 21 81 577 205658 1 9231816 115538 1.8 24 13 6 15 48% 40071 12479 2779 125%
c v 1007.00 48 21 81 577 205658 1 9231816 107963 1.8 24 13 6 15 48% 40071 12479 2779 125%
c w 1007.44 48 21 81 577 205658 1 9231816 98789 1.8 24 13 6 15 48% 40071 12479 2779 125%
c - 1009.77 48 21 81 578 205671 1 9252958 102708 1.8 24 13 6 15 48% 40071 12479 2779 125%
c - 1012.47 48 22 81 579 205674 1 9276999 109135 1.8 25 13 6 15 48% 40071 12479 2779 125%
c - 1015.47 48 23 81 580 205675 1 9301063 108560 1.9 26 14 6 15 48% 40071 12479 2779 125%
c - 1018.98 48 24 81 581 205682 1 9325147 107974 1.9 26 14 6 15 48% 40071 12479 2779 125%
c - 1022.91 48 24 81 582 205691 1 9349251 106927 1.9 27 14 6 15 49% 40071 12479 2779 125%
c - 1026.46 48 24 81 583 205705 1 9373377 109461 1.9 27 14 6 15 48% 40071 12479 2779 125%
c - 1029.45 48 23 81 584 205706 1 9397522 112803 1.9 27 14 6 15 48% 40071 12479 2779 125%
c ] 1030.38 48 23 82 584 205712 1 9405406 120306 1.9 27 14 6 15 48% 40071 12479 2779 125%
c { 1030.38 48 18 82 584 205712 2 9405406 120306 1.7 17 10 6 11 46% 40071 12479 2779 125%
c - 1032.49 48 17 82 585 205743 2 9421688 115076 1.6 16 10 6 11 46% 40071 12479 2779 125%
c - 1034.91 48 15 82 586 205772 2 9445874 117850 1.6 16 10 6 11 46% 40071 12479 2779 125%
c o 1036.53 48 15 82 586 205774 2 9461523 129709 1.6 16 10 6 11 46% 40071 12479 2779 125%
c
c   seconds    switched       rate            size/glue tier1     binary         remaining
c           MB   reductions      conflicts          size  tier2       irredundant
c            level      restarts        redundant     glue    trail         variables
c
c - 1037.42 48 14 82 587 205819 2 9470081 119034 1.6 15 9 6 11 46% 40071 12479 2779 125%
c - 1039.83 48 14 82 588 205885 2 9494309 120626 1.6 15 9 6 11 46% 40071 12479 2779 125%
c - 1042.21 48 13 82 589 205993 2 9518558 123343 1.6 15 9 6 11 46% 40071 12479 2779 125%
c - 1044.60 48 12 82 590 206140 1 9542827 124471 1.6 15 9 6 11 46% 40071 12479 2779 125%
c u 1046.08 48 12 82 590 206142 1 9545538 121538 1.6 15 9 6 11 46% 40071 12479 2779 125%
c v 1047.37 48 12 82 590 206142 1 9545538 115125 1.6 15 9 6 11 46% 40071 12479 2779 125%
c w 1047.71 48 12 82 590 206142 1 9545538 114773 1.6 15 9 6 11 46% 40071 12479 2779 125%
c - 1049.91 48 12 82 591 206358 1 9567117 117058 1.6 14 9 6 11 46% 40071 12479 2779 125%
c - 1052.34 48 12 82 592 206773 1 9591427 121025 1.6 14 9 6 11 46% 40071 12479 2779 125%
c - 1054.94 48 11 82 593 207190 1 9615760 122155 1.6 14 9 6 11 46% 40071 12479 2779 125%
c - 1057.79 48 11 82 594 207845 1 9640113 123884 1.6 14 9 6 11 46% 40071 12479 2779 125%
c - 1060.34 48 11 82 595 208281 1 9664485 125358 1.6 14 9 6 11 46% 40071 12479 2779 125%
c - 1063.21 48 11 82 596 208719 1 9688877 125539 1.6 14 9 6 11 46% 40071 12479 2779 125%
c - 1065.78 48 11 82 597 209115 1 9713291 125282 1.6 13 9 6 11 46% 40071 12479 2779 125%
c - 1068.38 48 11 82 598 209661 1 9737724 126527 1.6 13 9 6 11 46% 40071 12479 2779 125%
c } 1069.37 48 11 83 598 209917 1 9747012 133916 1.6 13 9 6 11 46% 40071 12479 2779 125%
c [ 1069.38 48 23 83 598 209917 1 9747012 133916 1.9 27 14 6 15 48% 40071 12479 2779 125%
c W 1074.78 48 23 83 598 209917 1 9747012 133916 1.9 27 14 6 15 48% 40071 12479 2779 125%
c - 1076.26 48 23 83 599 209926 1 9762179 126578 1.8 27 14 6 15 48% 40071 12479 2779 125%
c - 1078.68 48 23 83 600 209937 1 9786655 124946 1.8 26 14 6 15 49% 40071 12479 2779 125%
c
c   seconds    switched       rate            size/glue  tier1     binary         remaining
c           MB   reductions      conflicts          size   tier2       irredundant
c            level      restarts        redundant      glue    trail         variables
c
c - 1081.37 48 22 83 601 209946 1 9811150 125807 1.9 26 14 6 15 48% 40071 12479 2779 125%
c - 1084.13 48 22 83 602 209953 1 9835665 124240 1.9 26 14 6 15 48% 40071 12479 2779 125%
c - 1087.21 48 22 83 603 209962 1 9860200 122119 1.9 27 14 6 15 47% 40071 12479 2779 125%
c u 1089.23 48 22 83 603 209965 1 9864988 123829 1.9 27 14 6 15 47% 40071 12479 2779 125%
c v 1090.60 48 22 83 603 209965 1 9864988 122969 1.9 27 14 6 15 47% 40071 12479 2779 125%
c w 1091.08 48 22 83 603 209965 1 9864988 121286 1.9 27 14 6 15 47% 40071 12479 2779 125%
c - 1093.55 48 22 83 604 209976 1 9884757 118793 1.9 27 14 6 15 47% 40071 12479 2779 125%
c - 1096.87 48 21 83 605 209978 1 9909334 122185 1.9 26 14 6 15 47% 40071 12479 2779 125%
c - 1099.84 48 21 83 606 209979 1 9933930 125158 1.9 26 14 6 15 47% 40071 12479 2779 125%
c - 1102.76 48 22 83 607 209989 1 9958547 127166 1.9 26 13 6 15 47% 40071 12479 2779 125%
c - 1105.91 48 22 83 608 210000 1 9983184 127909 1.9 26 13 6 15 47% 40071 12479 2779 125%
c - 1109.10 48 22 83 609 210009 1 10007842 129925 1.9 25 13 6 15 47% 40071 12479 2779 125%
c - 1112.17 48 21 83 610 210016 1 10032519 130347 1.9 26 13 6 15 47% 40071 12479 2779 125%
c O 1114.89 48 21 83 610 210025 1 10052207 149009 1.9 25 13 6 15 47% 40071 12479 2779 125%
c o 1114.90 48 21 83 610 210025 1 10052207 149009 1.9 25 13 6 15 47% 40071 12479 2779 125%
c ] 1115.04 48 21 84 610 210025 1 10053699 150471 1.9 25 13 6 15 47% 40071 12479 2779 125%
c { 1115.04 48 11 84 610 210025 1 10053699 150471 1.6 13 9 6 11 46% 40071 12479 2779 125%
c - 1115.66 48 11 84 611 210638 1 10057219 132307 1.6 14 9 6 11 46% 40071 12479 2779 125%
c - 1119.31 48 14 84 612 214484 2 10081938 135402 1.5 14 9 6 11 46% 40071 12479 2779 125%
c - 1122.74 48 15 84 613 217306 2 10106676 135764 1.5 15 10 6 11 46% 40071 12479 2779 125%
c
c   seconds    switched       rate             size/glue  tier1     binary         remaining
c           MB   reductions      conflicts           size   tier2       irredundant
c            level      restarts         redundant      glue    trail         variables
c
c - 1125.75 48 16 84 614 218780 3 10131434 135950 1.6 15 10 6 11 46% 40071 12479 2779 125%
c - 1128.76 48 17 84 615 220333 3 10156213 136684 1.6 16 10 6 11 46% 40071 12479 2779 125%
c - 1131.42 48 17 84 616 221154 3 10181015 136583 1.6 16 10 6 11 46% 40071 12479 2779 125%
c u 1133.74 48 17 84 616 221400 2 10190193 139927 1.6 16 10 6 11 46% 40071 12479 2779 125%
c v 1135.19 48 17 84 616 221400 2 10190193 134000 1.6 16 10 6 11 46% 40071 12479 2779 125%
c w 1135.70 48 17 84 616 221400 2 10190193 133552 1.6 16 10 6 11 46% 40071 12479 2779 125%
c - 1137.41 48 17 84 617 222050 2 10205836 126058 1.6 16 10 6 11 46% 40071 12479 2779 125%
c - 1140.06 48 17 84 618 222974 3 10230676 128945 1.6 16 10 6 11 46% 40071 12479 2779 125%
c - 1142.67 48 17 84 619 223917 2 10255535 130672 1.6 16 10 6 11 46% 40071 12479 2779 125%
c - 1145.28 48 17 84 620 224831 2 10280414 130567 1.6 16 10 6 11 46% 40071 12479 2779 125%
c - 1148.07 48 18 84 621 226092 2 10305314 130813 1.6 16 10 6 11 46% 40071 12479 2779 125%
c - 1150.78 48 18 84 622 227245 3 10330233 130482 1.6 16 10 6 11 46% 40071 12479 2779 125%
c - 1153.38 48 18 84 623 228134 2 10355172 130310 1.6 17 10 6 11 46% 40071 12479 2779 125%
c - 1156.15 48 18 84 624 229248 2 10380131 129618 1.6 17 10 6 11 46% 40071 12479 2779 125%
c - 1158.87 48 18 84 625 230022 2 10405113 129045 1.6 17 10 6 11 46% 40071 12479 2779 125%
c } 1159.48 48 18 85 625 230140 2 10410777 134212 1.6 17 10 6 11 46% 40071 12479 2779 125%
c [ 1159.48 48 21 85 625 230140 1 10410777 134212 1.9 25 13 6 15 47% 40071 12479 2779 125%
c B 1159.48 48 21 85 625 230140 1 10410777 134212 1.9 25 13 6 15 47% 40071 12479 2779 125%
c - 1161.41 48 21 85 626 230152 1 10430114 128178 1.9 25 13 6 15 47% 40071 12479 2779 125%
c - 1164.14 48 21 85 627 230161 1 10455134 126247 1.9 25 13 6 15 47% 40071 12479 2779 125%
c
c   seconds    switched       rate             size/glue  tier1     binary         remaining
c           MB   reductions      conflicts           size   tier2       irredundant
c            level      restarts         redundant      glue    trail         variables
c
c - 1167.00 48 22 85 628 230170 1 10480174 120402 1.9 25 13 6 15 47% 40071 12479 2779 125%
c - 1169.96 48 21 85 629 230178 1 10505235 117990 1.9 25 13 6 15 47% 40071 12479 2779 125%
c u 1173.29 48 21 85 629 230185 1 10521153 131605 2.0 25 13 6 15 47% 40071 12479 2779 125%
c v 1174.76 48 21 85 629 230185 1 10521153 129613 2.0 25 13 6 15 47% 40071 12479 2779 125%
c w 1175.26 48 21 85 629 230185 1 10521153 124247 2.0 25 13 6 15 47% 40071 12479 2779 125%
c o 1175.30 48 21 85 629 230185 1 10521153 124247 2.0 25 13 6 15 47% 40071 12479 2779 125%
c - 1176.26 48 31 85 630 230189 1 10530314 113876 1.8 26 15 6 15 47% 40071 12479 2779 125%
c - 1178.98 48 29 85 631 230200 1 10555414 120088 1.8 26 14 6 15 47% 40071 12479 2779 125%
c - 1181.78 48 28 85 632 230202 1 10580534 123082 1.9 26 14 6 15 47% 40071 12479 2779 125%
c - 1184.76 48 26 85 633 230202 1 10605674 123392 1.9 26 14 6 15 47% 40071 12479 2779 125%
c - 1188.05 48 25 85 634 230216 1 10630834 126365 1.9 26 14 6 15 47% 40071 12479 2779 125%
c - 1191.08 48 24 85 635 230227 1 10656014 127536 1.9 25 13 6 15 47% 40071 12479 2779 125%
c - 1194.25 48 24 85 636 230233 1 10681213 127687 1.9 25 13 6 15 47% 40071 12479 2779 125%
c - 1197.28 48 23 85 637 230244 1 10706435 126305 1.9 25 13 6 15 47% 40071 12479 2779 125%
c - 1200.28 48 22 85 638 230255 1 10731673 128776 1.9 24 13 6 15 48% 40071 12479 2779 125%
c W 1206.47 48 22 85 638 230256 1 10734853 131806 1.9 24 13 6 15 48% 40071 12479 2779 125%
c ] 1208.02 48 21 86 638 230263 1 10749972 145567 1.9 24 13 6 15 47% 40071 12479 2779 125%
c { 1208.02 48 18 86 638 230263 2 10749972 145567 1.6 17 10 6 11 46% 40071 12479 2779 125%
c - 1209.54 48 20 86 639 231466 3 10756931 130092 1.7 18 11 6 11 46% 40071 12479 2779 125%
c - 1215.55 48 28 86 640 235842 4 10782212 122999 1.7 21 12 6 11 46% 40071 12479 2779 125%
c
c   seconds    switched       rate             size/glue  tier1     binary         remaining
c           MB   reductions      conflicts           size   tier2       irredundant
c            level      restarts         redundant      glue    trail         variables
c
c - 1221.44 48 34 86 641 240140 6 10807512 115764 1.8 24 14 6 11 46% 40071 12479 2779 125%
c - 1227.46 48 38 86 642 244120 6 10832829 113520 1.8 26 15 6 11 46% 40071 12479 2779 125%
c u 1234.48 48 41 86 642 246995 7 10857893 135121 1.8 28 15 6 11 46% 40071 12479 2779 125%
c v 1236.24 48 41 86 642 246995 7 10857893 133874 1.8 28 15 6 11 46% 40071 12479 2779 125%
c w 1236.91 48 41 86 642 246995 7 10857893 133775 1.8 28 15 6 11 46% 40071 12479 2779 125%
c - 1237.05 48 41 86 643 247035 7 10858166 109852 1.8 28 15 6 11 46% 40071 12479 2779 125%
c - 1241.58 48 43 86 644 249317 7 10883523 111522 1.9 29 16 6 11 46% 40071 12479 2779 125%
c - 1245.88 48 44 86 645 251206 6 10908901 112753 1.9 31 16 6 11 46% 40071 12479 2779 125%
c - 1250.18 48 45 86 646 252995 6 10934300 96472 1.9 32 16 5 11 46% 40071 12479 2779 125%
c - 1254.25 48 46 86 647 254574 6 10959716 92498 2.0 32 16 5 11 46% 40071 12479 2779 125%
c o 1254.45 48 46 86 647 254586 6 10961470 94215 2.0 32 16 5 11 46% 40071 12479 2779 125%
c - 1258.32 48 46 86 648 256156 6 10985152 91226 2.0 33 17 5 11 46% 40071 12479 2779 125%
c - 1262.30 48 47 86 649 257600 5 11010609 90483 2.0 33 17 5 11 46% 40071 12479 2779 125%
c - 1266.09 48 47 86 650 258642 5 11036084 90530 2.0 34 17 5 11 46% 40071 12479 2779 125%
c - 1270.05 48 47 86 651 259976 5 11061581 90591 2.0 34 17 5 11 46% 40071 12479 2779 125%
c - 1273.97 48 47 86 652 261192 5 11087095 90676 2.0 34 17 5 11 46% 40071 12479 2779 125%
c - 1277.55 48 46 86 653 262068 5 11112630 91990 2.1 34 17 5 11 46% 40071 12479 2779 125%
c } 1279.26 48 46 87 653 262685 5 11122827 102038 2.1 34 17 5 11 46% 40071 12479 2779 125%
c [ 1279.26 48 21 87 653 262685 1 11122827 102038 1.9 24 13 6 15 47% 40071 12479 2779 125%
c I 1279.26 48 21 87 653 262685 1 11122827 102038 1.9 24 13 6 15 47% 40071 12479 2779 125%
c
c   seconds    switched       rate            size/glue  tier1     binary         remaining
c           MB   reductions      conflicts          size   tier2       irredundant
c            level      restarts         redundant     glue    trail         variables
c
c - 1281.18 48 24 87 654 262694 1 11138183 91590 1.9 26 14 6 15 47% 40071 12479 2779 125%
c - 1284.16 48 23 87 655 262705 1 11163757 94254 2.0 26 13 6 15 48% 40071 12479 2779 125%
c - 1287.22 48 23 87 656 262715 1 11189351 98768 2.0 27 14 6 15 48% 40071 12479 2779 125%
c u 1290.56 48 23 87 656 262715 1 11200415 102184 2.0 27 14 6 15 48% 40071 12479 2779 125%
c v 1292.72 48 23 87 656 262715 1 11200415 100784 2.0 27 14 6 15 48% 40071 12479 2779 125%
c w 1293.48 48 23 87 656 262715 1 11200415 97919 2.0 27 14 6 15 48% 40071 12479 2779 125%
c - 1295.30 48 22 87 657 262722 1 11214964 92005 2.0 26 13 6 15 48% 40071 12479 2779 125%
c - 1298.33 48 22 87 658 262733 1 11240597 97289 2.0 26 13 6 15 48% 40071 12479 2779 125%
c - 1301.30 48 22 87 659 262745 1 11266248 98117 2.0 27 13 6 15 48% 40071 12479 2779 125%
c - 1304.44 48 22 87 660 262747 1 11291920 97226 2.1 27 13 6 15 48% 40071 12479 2779 125%
c - 1307.41 48 21 87 661 262747 1 11317610 99047 2.1 27 13 6 15 48% 40071 12479 2779 125%
c - 1310.52 48 21 87 662 262761 1 11343319 99493 2.1 27 13 6 15 48% 40071 12479 2779 125%
c - 1313.58 48 21 87 663 262773 1 11369048 100017 2.1 27 13 6 15 48% 40071 12479 2779 125%
c - 1316.83 48 20 87 664 262778 1 11394798 103760 2.2 27 12 6 15 48% 40071 12479 2779 125%
c - 1319.84 48 20 87 665 262791 1 11420566 102950 2.2 27 12 6 15 48% 40071 12479 2779 125%
c - 1323.00 48 20 87 666 262800 1 11446353 99830 2.1 27 13 6 15 48% 40071 12479 2779 125%
c B 1325.40 48 20 87 666 262808 1 11466199 118564 2.1 27 13 6 15 48% 40071 12479 2779 125%
c o 1325.41 48 20 87 666 262808 1 11466199 118564 2.1 27 13 6 15 48% 40071 12479 2779 125%
c - 1326.05 48 23 87 667 262809 1 11472159 99036 2.0 27 13 6 15 48% 40071 12479 2779 125%
c - 1328.75 48 24 87 668 262810 1 11497985 96517 1.9 27 14 6 15 48% 40071 12479 2779 125%
c
c   seconds    switched       rate            size/glue  tier1     binary         remaining
c           MB   reductions      conflicts          size   tier2       irredundant
c            level      restarts         redundant     glue    trail         variables
c
c - 1331.79 48 24 87 669 262811 1 11523833 94945 1.9 27 14 6 15 48% 40071 12479 2779 125%
c u 1336.11 48 24 87 669 262811 1 11548766 114852 1.9 26 14 6 15 48% 40071 12479 2779 125%
c v 1337.82 48 24 87 669 262811 1 11548766 114442 1.9 26 14 6 15 48% 40071 12479 2779 125%
c w 1338.43 65 24 87 669 262811 1 11548766 111230 1.9 26 14 6 15 48% 40071 12479 2779 125%
c - 1344.29 55 24 87 670 262811 1 11549698 90513 1.9 26 14 6 15 48% 40071 12479 2779 125%
c - 1347.16 55 23 87 671 262811 1 11575584 94258 1.9 26 14 6 15 48% 40071 12479 2779 125%
c - 1350.32 55 22 87 672 262824 1 11601487 99203 1.9 25 13 6 15 48% 40071 12479 2779 125%
c - 1353.55 56 21 87 673 262834 1 11627411 101840 1.9 24 13 6 15 48% 40071 12479 2779 125%
c - 1356.55 55 20 87 674 262842 1 11653353 102326 1.9 24 13 6 15 48% 40071 12479 2779 125%
c - 1359.58 56 20 87 675 262852 1 11679314 103050 1.9 23 12 6 15 48% 40071 12479 2779 125%
c ] 1360.87 55 19 88 675 262857 1 11690667 113401 1.9 23 12 6 15 48% 40071 12479 2779 125%
c { 1360.87 55 46 88 675 262857 5 11690667 113401 2.1 34 17 5 11 46% 40071 12479 2779 125%
c - 1362.27 56 42 88 676 262858 4 11705294 105740 2.0 32 16 5 11 46% 40071 12479 2779 125%
c - 1364.93 56 37 88 677 262860 4 11731294 107709 2.0 30 15 5 12 46% 40071 12479 2779 125%
c - 1367.83 59 32 88 678 262860 3 11757313 108760 2.0 27 14 5 11 46% 40071 12479 2779 125%
c - 1370.56 59 28 88 679 262877 3 11783351 109748 2.0 26 13 5 11 46% 40071 12479 2779 125%
c - 1372.98 59 25 88 680 262942 2 11809408 109133 2.0 24 12 5 11 46% 40071 12479 2779 125%
c - 1375.38 55 23 88 681 263004 2 11835484 107642 1.9 23 12 5 11 46% 40071 12479 2779 125%
c - 1377.78 59 22 88 682 263170 2 11861580 107046 1.9 22 12 5 11 46% 40071 12479 2779 125%
c - 1380.25 59 21 88 683 263342 2 11887695 106634 1.9 21 11 5 11 46% 40071 12479 2779 125%
c
c   seconds    switched       rate             size/glue  tier1     binary         remaining
c           MB   reductions      conflicts           size   tier2       irredundant
c            level      restarts         redundant      glue    trail         variables
c
c u 1382.51 59 20 88 683 263391 2 11902922 115020 1.8 20 11 5 11 46% 40071 12479 2779 125%
c v 1383.47 61 20 88 683 263391 2 11902922 104511 1.8 20 11 5 11 46% 40071 12479 2779 125%
c w 1383.80 61 20 88 683 263391 2 11902922 102700 1.8 20 11 5 11 46% 40071 12479 2779 125%
c - 1385.04 56 19 88 684 263429 2 11913829 91274 1.8 20 11 5 11 46% 40071 12479 2779 125%
c o 1386.22 55 19 88 684 263567 2 11926875 103113 1.8 20 11 5 11 46% 40071 12479 2779 125%
c - 1387.44 56 19 88 685 263906 2 11939982 94758 1.8 19 11 5 11 46% 40071 12479 2779 125%
c - 1389.69 56 18 88 686 264238 2 11966154 100302 1.8 19 11 5 11 46% 40071 12479 2779 125%
c - 1392.12 56 18 88 687 264758 2 11992345 102347 1.8 19 10 5 11 46% 40071 12479 2779 125%
c - 1394.58 56 18 88 688 265542 2 12018555 103378 1.8 19 10 5 11 46% 40071 12479 2779 125%
c - 1396.98 55 18 88 689 266084 2 12044784 103262 1.7 18 10 5 11 46% 40071 12479 2779 125%
c - 1399.36 56 18 88 690 266775 2 12071032 103184 1.7 18 10 5 11 46% 40071 12479 2779 125%
c } 1400.15 56 18 89 690 267044 2 12079605 110845 1.7 18 10 5 11 46% 40071 12479 2779 125%
c [ 1400.15 56 19 89 690 267044 1 12079605 110845 1.9 23 12 6 15 48% 40071 12479 2779 125%
c W 1407.58 48 19 89 690 267044 1 12079605 110845 1.9 23 12 6 15 48% 40071 12479 2779 125%
c - 1409.23 48 19 89 691 267055 1 12097300 102199 1.9 23 12 6 15 48% 40071 12479 2779 125%
c - 1411.77 48 20 89 692 267065 1 12123587 99786 1.8 23 13 6 15 48% 40071 12479 2779 125%
c - 1414.63 48 19 89 693 267074 1 12149892 99933 1.8 23 12 6 15 48% 40071 12479 2779 125%
c - 1417.56 48 20 89 694 267084 1 12176217 99728 1.8 23 13 6 15 48% 40071 12479 2779 125%
c - 1420.56 48 20 89 695 267095 1 12202560 98671 1.8 23 12 6 15 48% 40071 12479 2779 125%
c - 1423.57 48 20 89 696 267105 1 12228922 100352 1.8 23 12 6 15 47% 40071 12479 2779 125%
c
c   seconds    switched       rate             size/glue  tier1     binary         remaining
c           MB   reductions      conflicts           size   tier2       irredundant
c            level      restarts         redundant      glue    trail         variables
c
c - 1426.73 48 20 89 697 267106 1 12255303 100298 1.9 23 12 6 15 47% 40071 12479 2779 125%
c u 1428.95 48 19 89 697 267106 1 12262935 99425 1.9 23 12 6 15 47% 40071 12479 2779 125%
c v 1430.51 48 19 89 697 267106 1 12262935 96653 1.9 23 12 6 15 47% 40071 12479 2779 125%
c w 1431.06 48 19 89 697 267106 1 12262935 91639 1.9 23 12 6 15 47% 40071 12479 2779 125%
c - 1433.18 48 19 89 698 267111 1 12281706 89727 1.9 22 12 6 15 47% 40071 12479 2779 125%
c - 1435.79 48 20 89 699 267121 1 12308125 94101 1.9 23 12 6 15 48% 40071 12479 2779 125%
c - 1438.43 48 21 89 700 267136 1 12334564 91277 1.9 24 13 6 15 48% 40071 12479 2779 125%
c - 1441.45 48 21 89 701 267140 1 12361023 90783 1.9 24 13 6 15 48% 40071 12479 2779 125%
c - 1444.26 48 20 89 702 267152 1 12387501 95474 1.9 24 13 6 15 48% 40071 12479 2779 125%
c - 1447.13 48 20 89 703 267166 1 12413997 99334 1.9 24 12 6 15 48% 40071 12479 2779 125%
c ] 1448.06 48 20 90 703 267167 1 12422138 107047 1.9 24 13 6 15 48% 40071 12479 2779 125%
c { 1448.06 48 18 90 703 267167 2 12422138 107047 1.7 18 10 5 11 46% 40071 12479 2779 125%
c o 1448.08 48 18 90 703 267183 2 12422238 107144 1.7 18 10 5 11 46% 40071 12479 2779 125%
c - 1449.69 48 18 90 704 267567 2 12440513 99493 1.7 17 10 5 11 46% 40071 12479 2779 125%
c - 1452.01 48 18 90 705 268275 2 12467045 100795 1.7 17 10 5 11 46% 40071 12479 2779 125%
c - 1454.39 48 18 90 706 269209 2 12493596 102321 1.7 17 10 5 11 46% 40071 12479 2779 125%
c - 1456.80 48 18 90 707 270318 2 12520166 102202 1.7 17 10 5 11 46% 40071 12479 2779 125%
c - 1459.13 48 18 90 708 271135 2 12546757 102333 1.7 17 10 5 11 46% 40071 12479 2779 125%
c - 1461.46 48 18 90 709 271897 2 12573365 103028 1.7 17 10 5 11 46% 40071 12479 2779 125%
c - 1463.85 48 18 90 710 273040 2 12599993 103283 1.7 17 10 5 11 46% 40071 12479 2779 125%
c
c   seconds    switched       rate             size/glue  tier1     binary         remaining
c           MB   reductions      conflicts           size   tier2       irredundant
c            level      restarts         redundant      glue    trail         variables
c
c - 1466.26 48 18 90 711 273981 2 12626638 103279 1.7 17 10 5 11 46% 40071 12479 2779 125%
c u 1467.59 48 18 90 711 274075 2 12628803 96826 1.7 17 10 5 11 46% 40071 12479 2779 125%
c v 1468.86 48 18 90 711 274075 2 12628803 91925 1.7 17 10 5 11 46% 40071 12479 2779 125%
c w 1469.30 48 18 90 711 274075 2 12628803 91020 1.7 17 10 5 11 46% 40071 12479 2779 125%
c - 1471.43 48 18 90 712 274825 2 12653304 91887 1.7 17 10 5 11 46% 40071 12479 2779 125%
c - 1473.67 48 18 90 713 275524 2 12679991 94873 1.7 17 10 5 11 46% 40071 12479 2779 125%
c - 1475.99 48 18 90 714 276488 2 12706693 95754 1.7 17 10 5 11 46% 40071 12479 2779 125%
c - 1478.26 48 18 90 715 277273 2 12733413 95814 1.7 17 10 5 11 46% 40071 12479 2779 125%
c - 1480.62 48 18 90 716 278193 2 12760154 96173 1.7 17 10 5 11 46% 40071 12479 2779 125%
c - 1482.95 48 18 90 717 279160 2 12786914 96162 1.6 17 10 5 11 46% 40071 12479 2779 125%
c - 1485.30 48 18 90 718 280195 2 12813690 96220 1.7 17 10 5 11 46% 40071 12479 2779 125%
c } 1486.46 48 18 91 718 280670 2 12827458 108495 1.6 17 10 5 11 46% 40071 12479 2779 125%
c [ 1486.46 48 20 91 718 280670 1 12827458 108495 1.9 24 13 6 15 48% 40071 12479 2779 125%
c O 1486.46 48 20 91 718 280670 1 12827458 108495 1.9 24 13 6 15 48% 40071 12479 2779 125%
c - 1487.53 48 20 91 719 280677 1 12840485 96167 1.9 23 12 6 15 48% 40071 12479 2779 125%
c - 1489.93 48 21 91 720 280690 1 12867300 92842 1.9 24 13 6 15 48% 40071 12479 2779 125%
c - 1492.31 48 20 91 721 280700 1 12894134 91541 1.8 23 13 6 15 48% 40071 12479 2779 125%
c - 1495.07 48 21 91 722 280707 1 12920987 92428 1.8 23 13 6 15 47% 40071 12479 2779 125%
c - 1497.83 48 20 91 723 280720 1 12947858 92879 1.8 23 13 6 15 47% 40071 12479 2779 125%
c - 1500.68 48 20 91 724 280730 1 12974747 95365 1.8 23 13 6 15 47% 40071 12479 2779 125%
c
c   seconds    switched       rate             size/glue  tier1     binary         remaining
c           MB   reductions      conflicts           size   tier2       irredundant
c            level      restarts         redundant      glue    trail         variables
c
c u 1504.48 48 20 91 724 280732 1 13000527 115528 1.9 23 12 6 15 47% 40071 12479 2779 125%
c v 1505.83 48 20 91 724 280732 1 13000527 96361 1.9 23 12 6 15 47% 40071 12479 2779 125%
c w 1506.34 48 20 91 724 280732 1 13000527 80751 1.9 23 12 6 15 47% 40071 12479 2779 125%
c o 1506.37 48 20 91 724 280732 1 13000527 80751 1.9 23 12 6 15 47% 40071 12479 2779 125%
c - 1506.46 48 21 91 725 280732 1 13001656 67703 1.8 23 13 6 15 47% 40071 12479 2779 125%
c - 1508.87 48 44 91 726 280736 1 13028582 72272 1.6 27 16 6 15 47% 40071 12479 2779 125%
c - 1511.48 48 40 91 727 280747 1 13055528 75173 1.7 26 16 6 15 48% 40071 12479 2779 125%
c - 1514.25 48 37 91 728 280762 1 13082492 79430 1.7 27 16 6 15 48% 40071 12479 2779 125%
c - 1517.07 48 34 91 729 280766 1 13109473 81864 1.7 27 16 6 15 48% 40071 12479 2779 125%
c - 1520.00 48 32 91 730 280778 1 13136473 85374 1.8 27 15 6 15 48% 40071 12479 2779 125%
c - 1522.92 48 30 91 731 280792 1 13163491 86513 1.8 27 15 6 15 48% 40071 12479 2779 125%
c ] 1525.64 48 30 92 731 280795 1 13189602 111424 1.7 27 15 6 15 48% 40071 12479 2779 125%
c { 1525.65 48 18 92 731 280795 2 13189602 111424 1.6 17 10 5 11 46% 40071 12479 2779 125%
c - 1525.77 48 18 92 732 280845 2 13190530 84595 1.7 17 10 5 11 46% 40071 12479 2779 125%
c - 1528.11 48 18 92 733 281473 2 13217585 89781 1.7 17 10 5 11 46% 40071 12479 2779 125%
c - 1530.64 48 18 92 734 282709 2 13244658 96960 1.7 17 10 5 11 46% 40071 12479 2779 125%
c - 1533.12 48 18 92 735 283690 2 13271750 98780 1.6 17 10 5 11 46% 40071 12479 2779 125%
c - 1535.71 48 18 92 736 284756 2 13298860 99761 1.7 17 10 5 11 46% 40071 12479 2779 125%
c - 1538.24 48 18 92 737 285578 2 13325991 99869 1.7 17 10 5 11 46% 40071 12479 2779 125%
c - 1540.81 48 18 92 738 286425 2 13353140 99865 1.7 17 10 5 11 46% 40071 12479 2779 125%
c
c   seconds    switched       rate             size/glue  tier1     binary         remaining
c           MB   reductions      conflicts           size   tier2       irredundant
c            level      restarts         redundant      glue    trail         variables
c
c u 1544.50 48 18 92 738 287502 2 13378133 117290 1.6 17 10 5 11 46% 40071 12479 2779 125%
c v 1545.88 48 18 92 738 287502 2 13378133 111375 1.6 17 10 5 11 46% 40071 12479 2779 125%
c w 1546.37 48 18 92 738 287502 2 13378133 110240 1.6 17 10 5 11 46% 40071 12479 2779 125%
c - 1546.63 48 18 92 739 287591 2 13380306 91136 1.6 17 10 5 11 46% 40071 12479 2779 125%
c - 1549.03 48 18 92 740 288533 2 13407490 92781 1.6 17 10 5 11 46% 40071 12479 2779 125%
c - 1551.39 48 18 92 741 289548 2 13434692 95132 1.6 17 10 5 11 46% 40071 12479 2779 125%
c - 1553.71 48 18 92 742 290370 2 13461914 95952 1.6 17 10 5 11 46% 40071 12479 2779 125%
c - 1556.13 48 18 92 743 291429 2 13489154 96409 1.6 17 10 5 11 46% 40071 12479 2779 125%
c o 1556.32 48 18 92 743 291465 2 13491555 98562 1.6 17 10 5 11 46% 40071 12479 2779 125%
c - 1558.55 48 18 92 744 292533 2 13516414 96728 1.7 17 10 5 11 46% 40071 12479 2779 125%
c - 1560.91 48 18 92 745 293260 2 13543691 96978 1.7 17 10 5 11 46% 40071 12479 2779 125%
c - 1563.34 48 18 92 746 294245 2 13570986 97352 1.7 17 10 5 11 46% 40071 12479 2779 125%
c - 1565.73 48 18 92 747 295225 2 13598300 97734 1.7 17 10 5 11 46% 40071 12479 2779 125%
c } 1566.89 48 18 93 747 295702 2 13611606 109919 1.7 17 10 5 11 46% 40071 12479 2779 125%
c [ 1566.89 48 30 93 747 295702 1 13611606 109919 1.7 27 15 6 15 48% 40071 12479 2779 125%
c B 1566.89 48 30 93 747 295702 1 13611606 109919 1.7 27 15 6 15 48% 40071 12479 2779 125%
c - 1568.14 48 29 93 748 295710 1 13625631 96369 1.8 27 15 6 15 48% 40071 12479 2779 125%
c - 1570.81 48 27 93 749 295723 1 13652981 92300 1.8 27 15 6 15 48% 40071 12479 2779 125%
c - 1573.82 48 26 93 750 295732 1 13680348 91576 1.8 26 14 6 15 48% 40071 12479 2779 125%
c - 1576.68 48 26 93 751 295741 1 13707734 90630 1.8 26 15 6 15 48% 40071 12479 2779 125%
c
c   seconds    switched       rate            size/glue  tier1     binary         remaining
c           MB   reductions      conflicts          size   tier2       irredundant
c            level      restarts         redundant     glue    trail         variables
c
c - 1579.80 48 25 93 752 295754 1 13735138 88598 1.8 26 14 6 15 48% 40071 12479 2779 125%
c u 1584.15 48 26 93 752 295763 1 13761646 110761 1.8 27 15 6 15 48% 40071 12479 2779 125%
c v 1585.68 48 26 93 752 295763 1 13761646 110409 1.8 27 15 6 15 48% 40071 12479 2779 125%
c w 1586.24 65 26 93 752 295763 1 13761646 108971 1.8 27 15 6 15 48% 40071 12479 2779 125%
c - 1586.40 55 26 93 753 295763 1 13762561 84863 1.8 27 15 6 15 48% 40071 12479 2779 125%
c - 1589.56 55 25 93 754 295764 1 13790002 86912 1.9 27 14 6 15 48% 40071 12479 2779 125%
c - 1592.76 56 23 93 755 295771 1 13817461 91473 1.9 26 14 6 15 48% 40071 12479 2779 125%
c - 1595.66 57 23 93 756 295782 1 13844938 93187 1.8 25 14 6 15 48% 40071 12479 2779 125%
c - 1598.95 55 22 93 757 295794 1 13872434 94045 1.9 25 13 6 15 48% 40071 12479 2779 125%
c - 1602.03 56 22 93 758 295802 1 13899947 95205 1.8 24 13 6 15 48% 40071 12479 2779 125%
c - 1605.25 55 22 93 759 295814 1 13927478 93850 1.8 24 13 6 15 48% 40071 12479 2779 125%
c ] 1607.72 56 21 94 759 295824 1 13947443 112446 1.8 24 13 6 15 48% 40071 12479 2779 125%
c { 1607.72 56 18 94 759 295824 2 13947443 112446 1.7 17 10 5 11 46% 40071 12479 2779 125%
c - 1608.54 59 18 94 760 296166 2 13955027 95007 1.7 17 10 5 11 46% 40071 12479 2779 125%
c - 1611.00 59 18 94 761 296878 2 13982595 99348 1.7 17 10 5 11 46% 40071 12479 2779 125%
c o 1611.78 56 18 94 761 297137 2 13991559 107362 1.7 17 10 5 11 46% 40071 12479 2779 125%
c - 1613.57 59 18 94 762 298162 2 14010181 100827 1.7 17 10 5 11 46% 40071 12479 2779 125%
c - 1616.04 59 18 94 763 299015 2 14037786 100741 1.7 17 10 5 11 46% 40071 12479 2779 125%
c - 1618.64 59 18 94 764 300110 2 14065408 100743 1.7 17 10 5 11 46% 40071 12479 2779 125%
c - 1621.12 59 18 94 765 301111 2 14093049 100783 1.7 17 10 5 11 46% 40071 12479 2779 125%
c
c   seconds    switched       rate             size/glue  tier1     binary         remaining
c           MB   reductions      conflicts           size   tier2       irredundant
c            level      restarts         redundant      glue    trail         variables
c
c - 1623.70 59 18 94 766 302366 2 14120709 101025 1.7 17 10 5 11 46% 40071 12479 2779 125%
c - 1626.17 59 18 94 767 303107 2 14148385 101202 1.7 17 10 5 11 46% 40071 12479 2779 125%
c u 1627.69 59 18 94 767 303181 2 14151068 97695 1.7 17 10 5 11 46% 40071 12479 2779 125%
c v 1629.15 59 18 94 767 303181 2 14151068 90343 1.7 17 10 5 11 46% 40071 12479 2779 125%
c w 1629.67 59 18 94 767 303181 2 14151068 89496 1.7 17 10 5 11 46% 40071 12479 2779 125%
c - 1632.00 56 18 94 768 304420 2 14176079 90105 1.6 17 10 5 11 46% 40071 12479 2779 125%
c - 1634.33 56 18 94 769 305251 2 14203794 94843 1.7 17 10 5 11 46% 40071 12479 2779 125%
c - 1636.74 59 18 94 770 306254 2 14231525 96639 1.7 17 10 5 11 46% 40071 12479 2779 125%
c - 1639.19 59 18 94 771 307245 2 14259273 97121 1.7 17 10 5 11 46% 40071 12479 2779 125%
c - 1641.58 59 18 94 772 308120 2 14287041 97557 1.7 17 10 5 11 46% 40071 12479 2779 125%
c - 1644.06 59 18 94 773 309043 2 14314826 97811 1.7 17 10 5 11 46% 40071 12479 2779 125%
c - 1646.37 59 18 94 774 309714 2 14342628 97973 1.7 17 10 5 11 46% 40071 12479 2779 125%
c - 1648.84 55 18 94 775 310749 2 14370448 98468 1.7 17 10 5 11 46% 40071 12479 2779 125%
c } 1650.20 56 17 95 775 311264 2 14386430 112880 1.7 17 10 5 11 46% 40071 12479 2779 125%
c [ 1650.20 56 21 95 775 311264 1 14386430 112880 1.8 24 13 6 15 48% 40071 12479 2779 125%
c W 1658.11 48 21 95 775 311264 1 14386430 112880 1.8 24 13 6 15 48% 40071 12479 2779 125%
c - 1659.11 48 21 95 776 311270 1 14398288 98655 1.8 24 13 6 15 48% 40071 12479 2779 125%
c - 1661.55 48 20 95 777 311284 1 14426144 97827 1.8 23 13 6 15 48% 40071 12479 2779 125%
c - 1664.22 48 19 95 778 311294 1 14454019 96785 1.8 23 13 6 15 48% 40071 12479 2779 125%
c - 1666.89 48 21 95 779 311303 1 14481913 92764 1.8 24 13 6 15 48% 40071 12479 2779 125%
c
c   seconds    switched       rate            size/glue  tier1     binary         remaining
c           MB   reductions      conflicts          size   tier2       irredundant
c            level      restarts         redundant     glue    trail         variables
c
c - 1669.87 48 20 95 780 311316 1 14509823 92033 1.8 24 13 6 15 48% 40071 12479 2779 125%
c - 1672.68 48 20 95 781 311325 1 14537751 94656 1.8 24 13 6 15 48% 40071 12479 2779 125%
c u 1674.68 48 21 95 781 311325 1 14546422 98919 1.9 25 13 6 15 48% 40071 12479 2779 125%
c v 1676.09 48 21 95 781 311325 1 14546422 87348 1.9 25 13 6 15 48% 40071 12479 2779 125%
c w 1676.60 48 21 95 781 311325 1 14546422 74749 1.9 25 13 6 15 48% 40071 12479 2779 125%
c o 1676.64 48 21 95 781 311325 1 14546422 74749 1.9 25 13 6 15 48% 40071 12479 2779 125%
c - 1678.13 48 28 95 782 311326 1 14565699 73582 1.8 26 14 6 15 48% 40071 12479 2779 125%
c - 1680.59 48 30 95 783 311333 1 14593663 78281 1.8 27 15 6 15 47% 40071 12479 2779 125%
c - 1683.20 48 31 95 784 311346 1 14621645 80272 1.9 28 15 6 15 47% 40071 12479 2779 125%
c - 1686.07 48 31 95 785 311357 1 14649646 81261 1.9 29 15 6 15 47% 40071 12479 2779 125%
c - 1689.07 48 31 95 786 311365 1 14677664 84063 1.9 30 15 6 15 47% 40071 12479 2779 125%
c - 1691.89 48 30 95 787 311378 1 14705700 84953 1.9 29 15 6 15 47% 40071 12479 2779 125%
c - 1694.82 48 29 95 788 311388 1 14733757 82670 1.9 29 15 6 15 47% 40071 12479 2779 125%
c - 1697.99 48 28 95 789 311389 1 14761829 82057 1.9 29 16 6 15 47% 40071 12479 2779 125%
c ] 1699.47 48 28 96 789 311389 1 14776471 95924 1.8 29 15 6 15 47% 40071 12479 2779 125%
c { 1699.47 48 17 96 789 311389 2 14776471 95924 1.7 17 10 5 11 46% 40071 12479 2779 125%
c - 1700.76 48 18 96 790 312104 2 14789918 87142 1.7 17 10 5 11 46% 40071 12479 2779 125%
c - 1703.35 48 18 96 791 313235 2 14818025 95193 1.7 17 10 5 11 46% 40071 12479 2779 125%
c - 1705.91 48 18 96 792 314279 2 14846149 99743 1.7 17 10 5 11 46% 40071 12479 2779 125%
c - 1708.51 48 18 96 793 315248 2 14874291 101334 1.7 17 10 5 11 46% 40071 12479 2779 125%
c
c   seconds    switched       rate             size/glue  tier1     binary         remaining
c           MB   reductions      conflicts           size   tier2       irredundant
c            level      restarts         redundant      glue    trail         variables
c
c - 1711.10 48 18 96 794 316189 2 14902451 102131 1.7 17 10 5 11 46% 40071 12479 2779 125%
c - 1713.62 48 18 96 795 316955 2 14930630 102049 1.7 17 10 5 11 46% 40071 12479 2779 125%
c u 1716.58 48 18 96 795 317820 2 14947706 112495 1.7 17 10 5 11 46% 40071 12479 2779 125%
c v 1718.03 48 18 96 795 317820 2 14947706 106727 1.7 17 10 5 11 46% 40071 12479 2779 125%
c w 1718.53 48 18 96 795 317820 2 14947706 105790 1.7 17 10 5 11 46% 40071 12479 2779 125%
c - 1719.57 48 18 96 796 318087 2 14958826 91900 1.7 17 10 5 11 46% 40071 12479 2779 125%
c - 1722.04 48 18 96 797 319009 2 14987039 96416 1.7 17 10 5 11 46% 40071 12479 2779 125%
c - 1724.66 48 18 96 798 320156 2 15015270 98198 1.7 17 10 5 11 46% 40071 12479 2779 125%
c - 1727.29 48 18 96 799 321304 2 15043518 98785 1.7 17 10 5 11 46% 40071 12479 2779 125%
c o 1729.38 48 18 96 799 322117 2 15067186 120156 1.7 17 10 5 11 46% 40071 12479 2779 125%
c - 1729.83 48 18 96 800 322282 2 15071784 98683 1.7 17 10 5 11 46% 40071 12479 2779 125%
c - 1732.32 48 18 96 801 323178 2 15100069 98677 1.7 17 10 5 11 46% 40071 12479 2779 125%
c - 1734.92 48 18 96 802 324194 2 15128372 98689 1.6 17 10 5 11 46% 40071 12479 2779 125%
c - 1737.60 48 18 96 803 325194 2 15156691 98281 1.6 17 10 5 11 46% 40071 12479 2779 125%
c - 1740.09 48 18 96 804 325996 2 15185030 98784 1.6 17 10 5 11 46% 40071 12479 2779 125%
c - 1742.58 48 18 96 805 326853 2 15213385 99276 1.6 17 10 5 11 46% 40071 12479 2779 125%
c } 1744.23 48 18 97 805 327417 2 15232734 116787 1.7 17 10 5 11 46% 40071 12479 2779 125%
c [ 1744.23 48 28 97 805 327417 1 15232734 116787 1.8 29 15 6 15 47% 40071 12479 2779 125%
c I 1744.23 48 28 97 805 327417 1 15232734 116787 1.8 29 15 6 15 47% 40071 12479 2779 125%
c - 1745.00 48 28 97 806 327423 1 15241757 97400 1.9 29 16 6 15 47% 40071 12479 2779 125%
c
c   seconds    switched       rate            size/glue  tier1     binary         remaining
c           MB   reductions      conflicts          size   tier2       irredundant
c            level      restarts         redundant     glue    trail         variables
c
c - 1747.58 48 26 97 807 327435 1 15270148 95339 1.8 27 15 6 15 47% 40071 12479 2779 125%
c - 1750.50 48 25 97 808 327447 1 15298558 93543 1.8 27 15 6 15 47% 40071 12479 2779 125%
c - 1753.51 48 24 97 809 327454 1 15326983 93045 1.8 26 14 6 15 47% 40071 12479 2779 125%
c u 1757.74 48 23 97 809 327468 1 15354947 116035 1.8 26 14 6 15 47% 40071 12479 2779 125%
c v 1759.27 48 23 97 809 327468 1 15354947 106808 1.8 26 14 6 15 47% 40071 12479 2779 125%
c w 1759.82 67 23 97 809 327468 1 15354947 97417 1.8 26 14 6 15 47% 40071 12479 2779 125%
c - 1759.92 52 23 97 810 327468 1 15355425 78773 1.8 26 14 6 15 47% 40071 12479 2779 125%
c - 1762.93 55 23 97 811 327478 1 15383886 86924 1.8 25 14 6 15 47% 40071 12479 2779 125%
c - 1766.12 57 22 97 812 327479 1 15412364 95026 1.8 25 13 6 15 47% 40071 12479 2779 125%
c - 1769.34 55 22 97 813 327486 1 15440860 94033 1.9 25 14 6 15 47% 40071 12479 2779 125%
c - 1772.69 55 22 97 814 327500 1 15469374 90847 1.9 26 14 6 15 47% 40071 12479 2779 125%
c - 1776.20 55 22 97 815 327510 1 15497905 93180 1.9 25 13 6 15 47% 40071 12479 2779 125%
c - 1779.40 55 23 97 816 327520 1 15526453 92762 1.9 26 14 6 15 48% 40071 12479 2779 125%
c - 1782.70 56 24 97 817 327532 1 15555019 88013 1.9 27 14 6 15 48% 40071 12479 2779 125%
c - 1786.26 56 25 97 818 327541 1 15583604 87585 1.9 28 15 6 15 48% 40071 12479 2779 125%
c ] 1789.96 55 26 98 818 327542 1 15611881 114673 1.9 28 15 6 15 48% 40071 12479 2779 125%
c { 1789.96 55 18 98 818 327542 2 15611881 114673 1.7 17 10 5 11 46% 40071 12479 2779 125%
c - 1790.04 56 18 98 819 327551 2 15612204 87607 1.7 17 10 5 11 46% 40071 12479 2779 125%
c o 1793.29 55 16 98 819 327568 2 15638517 108139 1.7 16 10 5 11 46% 40071 12479 2779 125%
c - 1793.53 56 16 98 820 327576 2 15640822 91690 1.7 16 10 5 11 46% 40071 12479 2779 125%
c
c   seconds    switched       rate            size/glue tier1     binary         remaining
c           MB   reductions      conflicts          size  tier2       irredundant
c            level      restarts         redundant    glue    trail         variables
c
c - 1796.09 55 15 98 821 327642 2 15669458 97642 1.7 16 9 5 11 46% 40071 12479 2779 125%
c - 1798.65 55 14 98 822 327702 2 15698112 99171 1.6 15 9 5 11 46% 40071 12479 2779 125%
c caught signal 15 (SIGTERM)
c
c ---- [ profiling ] ---------------------------------------------------------
c
c        1596.64   88.71 %  search
c         807.08   44.84 %  focused
c         789.55   43.87 %  stable
c         203.01   11.28 %  simplify
c         157.79    8.77 %  probe
c         137.64    7.65 %  vivify
c          45.10    2.51 %  walking
c          15.98    0.89 %  sweep
c          15.64    0.87 %  reduce
c           2.18    0.12 %  substitute
c           1.41    0.08 %  transitive
c           0.28    0.02 %  factor
c           0.27    0.01 %  eliminate
c           0.22    0.01 %  backbone
c           0.16    0.01 %  preprocess
c           0.07    0.00 %  congruence
c           0.03    0.00 %  subsume
c           0.01    0.00 %  fastel
c           0.01    0.00 %  parse
c           0.00    0.00 %  lucky
c =============================================
c        1799.81  100.00 %  total
c
c ---- [ statistics ] --------------------------------------------------------
c
c chronological:                           71                0 %  conflicts
c conflicts:                         15710775             8729.13 per second
c decisions:                         31932806                2.03 per conflict
c eliminated:                            7011              316 %  variables
c factored:                              7584              342 %  variables
c fast_eliminated:                       2474               35 %  eliminated
c fast_strengthened:                        2                0 %  per strengthened
c propagations:                    5798930340          3221970    per second
c reductions:                             822            19113    interval
c reordered:                               54           290940    interval
c rephased:                                63           249377    interval
c restarts:                            327754               48    interval
c strengthened:                          5350                1 %  checks
c switched:                                98           160314    interval
c vivified:                            881252               65 %  checks
c walks:                                   21           748132    interval
c
c ---- [ proof ] -------------------------------------------------------------
c
c proof_added:                       16144745               50 %  per line
c proof_bytes:                     1444937728             1378 MB 
c proof_deleted:                     16074055               50 %  per line
c
c ---- [ glue usage ] --------------------------------------------------------
c
c focused glue 5   used  779431 clauses  4.11% accumulated 51.06% tier1
c focused glue 6   used  938671 clauses  4.95% accumulated 56.01%
c focused glue 7-9 used 4334948 clauses 22.86% accumulated 78.87%
c focused glue 10  used 1314999 clauses  6.93% accumulated 85.80%
c focused glue 11  used  928122 clauses  4.89% accumulated 90.69% tier2
c
c stable glue 6    used 1888224 clauses  6.65% accumulated 54.21% tier1
c stable glue 7    used 1633875 clauses  5.76% accumulated 59.97%
c stable glue 8-13 used 7482097 clauses 26.36% accumulated 86.32%
c stable glue 14   used  782058 clauses  2.75% accumulated 89.08%
c stable glue 15   used  641931 clauses  2.26% accumulated 91.34% tier2
c
c ---- [ resources ] ---------------------------------------------------------
c
c maximum-resident-set-size:         69840896 bytes         67 MB
c process-time:                            30m            1799.81 seconds
c raising signal 15 (SIGTERM)
