c ---- [ banner ] ------------------------------------------------------------
c
c Kissat SAT Solver
c 
c Copyright (c) 2021-2024 Armin Biere University of Freiburg
c Copyright (c) 2019-2021 Armin Biere Johannes Kepler University Linz
c 
c Version 4.0.0 unknown
c gcc (Ubuntu 13.3.0-6ubuntu2~24.04.1) 13.3.0 -W -Wall -O3 -DNDEBUG
c Mon Aug 3 21:56:23 UTC 2026 Linux runnervmvrwv9 6.17.0-1020-azure x86_64
c
c ---- [ proving ] -----------------------------------------------------------
c
c opened and writing proof to DRAT file:
c
c   borsuk_11_k6_q00r00_sixth_base_colorability_screen/work/results/q00r00-s019/q00r00-s019.drat
c
c ---- [ parsing ] -----------------------------------------------------------
c
c opened and reading DIMACS file:
c
c   borsuk_11_k6_q00r00_sixth_base_colorability_screen/work/input/instances/cases/q00r00-s019/q00r00-s019_12color.cnf
c
c parsed 'p cnf 1963 71631' header
c closing input after reading 932698 bytes (911 KB)
c finished parsing after 0.00 seconds
c
c ---- [ solving ] -----------------------------------------------------------
c
c  seconds switched rate     size/glue tier1  binary       remaining
c         MB reductions conflicts size  tier2    irredundant
c          level restarts redundant glue  trail       variables
c
c *  0.00  5 0 0 0  0 0   0   0 0.0 0 0 0 0 0% 71349 272 1953 99%
c (  0.01  5 0 0 0  0 0   0   0 0.0 0 0 0 0 0% 71349 272 1953 99%
c .  0.01  5 0 0 0  0 0   0   0 0.0 0 0 0 0 0% 71349 272 1953 99%
c f  0.10  7 0 0 0  0 0   0   0 0.0 0 0 0 0 0% 30824 272 6187 315%
c e  0.11  7 0 0 0  0 0   0   0 0.0 0 0 0 0 0% 31950 1204 4156 212%
c )  0.11  7 0 0 0  0 0   0   0 0.0 0 0 0 0 0% 31950 1204 4156 212%
c {  0.11  7 0 0 0  0 0   0   0 0.0 0 0 2 6 0% 31950 1204 4156 212%
c -  0.13  7 22 0 1  5 2 1000 711 1.6 19 12 11 15 43% 31950 1204 4156 212%
c }  0.13  7 22 1 1  5 2 1000 711 1.6 19 12 11 15 43% 31950 1204 4156 212%
c [  0.13  7 0 1 1  5 0 1000 711 0.0 0 0 2 6 0% 31950 1204 4156 212%
c B  0.13  7 12 1 1  5 0 1002 713 3.3 27 8 2 6 36% 31950 1204 4156 212%
c ]  0.15  7 31 2 1  5 1 1835 1517 2.3 28 12 2 6 40% 31950 1204 4156 212%
c {  0.15  7 22 2 1  5 2 1835 1517 1.6 19 12 11 15 43% 31950 1204 4156 212%
c -  0.16  7 23 2 2  5 1 2001 1284 1.7 20 12 11 15 42% 31950 1204 4156 212%
c u  0.18  7 21 2 2  6 1 2604 1820 1.7 20 12 11 15 41% 31950 1204 4156 212%
c v  0.19  7 21 2 2  6 1 2604 1797 1.7 20 12 11 15 41% 31950 1204 4156 212%
c w  0.19  7 21 2 2  6 1 2604 1797 1.7 20 12 11 15 41% 31950 1204 4156 212%
c f  0.21  8 21 2 2  6 1 2604 1797 1.7 20 12 11 15 41% 29394 1204 5869 299%
c u  0.22  8 21 2 2  6 1 2604 1788 1.7 20 12 11 15 41% 29394 1204 5869 299%
c v  0.23  8 21 2 2  6 1 2604 1773 1.7 20 12 11 15 41% 29394 1204 5869 299%
c
c  seconds  switched rate       size/glue  tier1      binary        remaining
c         MB reductions conflicts     size    tier2      irredundant
c          level restarts  redundant     glue     trail        variables
c
c w  0.23  8 21 2 2  6 1 2604 1773 1.7 20 12 11 15 41% 29394 1204 5869 299%
c }  0.26  8 21 3 2  6 1 2835 2002 1.7 20 12 11 15 40% 29394 1204 5869 299%
c [  0.26  8 31 3 2  6 1 2835 2002 2.3 28 12 2 6 40% 29394 1204 5869 299%
c W  0.26  8 31 3 2  6 1 2835 2002 2.3 28 12 2 6 40% 29394 1204 5869 299%
c -  0.28  8 31 3 3  6 1 3415 2380 1.9 27 14 12 19 37% 29394 1204 5869 299%
c ]  0.29  8 30 4 3  6 1 3759 2719 1.8 26 14 12 19 36% 29394 1204 5869 299%
c {  0.29  8 21 4 3  6 1 3759 2719 1.7 20 12 11 15 40% 29394 1204 5869 299%
c -  0.33  8 21 4 4 68 2 5147 3684 1.7 19 11 10 14 36% 29394 1204 5869 299%
c }  0.36  8 21 5 4 91 2 6111 4580 1.7 18 11 10 14 35% 29394 1204 5869 299%
c [  0.36  8 30 5 4 91 1 6111 4580 1.8 26 14 12 19 36% 29394 1204 5869 299%
c I  0.36  8 30 5 4 91 1 6111 4580 1.8 26 14 12 19 36% 29394 1204 5869 299%
c -  0.39  9 53 5 5 92 1 7147 4898 1.7 27 16 12 22 34% 29394 1204 5869 299%
c u  0.43 10 46 5 5 92 1 8055 5744 1.7 26 15 12 22 33% 29394 1204 5869 299%
c v  0.44 10 46 5 5 92 1 8055 5730 1.7 26 15 12 22 33% 29394 1204 5869 299%
c w  0.44 10 46 5 5 92 1 8055 5730 1.7 26 15 12 22 33% 29394 1204 5869 299%
c ]  0.45 11 44 6 5 93 1 8326 5980 1.7 26 15 12 22 33% 29394 1204 5869 299%
c {  0.45 11 21 6 5 93 2 8326 5980 1.7 18 11 10 14 35% 29394 1204 5869 299%
c -  0.49 11 26 6 6 149 3 9383 6246 1.7 19 11 10 14 34% 29394 1204 5869 299%
c o  0.54 10 30 6 6 191 3 10963 7764 1.7 19 11 10 14 33% 29394 1204 5869 299%
c -  0.57 10 33 6 7 320 4 11832 7315 1.7 19 11 9 14 33% 29394 1204 5869 299%
c
c  seconds  switched  rate        size/glue  tier1     binary        remaining
c         MB reductions conflicts       size   tier2      irredundant
c          level restarts    redundant     glue    trail        variables
c
c }  0.59 10 33 7 7 321 4 12396 7867 1.7 19 11 9 14 32% 29394 1204 5869 299%
c [  0.59 10 44 7 7 321 1 12396 7867 1.7 26 15 12 22 33% 29394 1204 5869 299%
c B  0.59 10 44 7 7 321 1 12396 7867 1.7 26 15 12 22 33% 29394 1204 5869 299%
c e  0.63 10 41 7 7 321 1 13016 8437 1.7 26 15 12 22 32% 26889 3230 5579 284%
c ^  0.63 10 41 7 7 321 1 13016 8437 1.7 26 15 12 22 32% 26889 3230 5579 284%
c -  0.68  9 35 7 8 323 1 14479 2883 1.7 25 14 10 18 32% 26889 3230 5579 284%
c ]  0.73  9 32 8 8 323 1 15951 4289 1.8 24 14 10 18 31% 26889 3230 5579 284%
c {  0.73  9 33 8 8 323 4 15951 4289 1.7 19 11 9 14 32% 26889 3230 5579 284%
c u  0.77  9 33 8 8 355 4 16515 4803 1.7 19 11 9 14 32% 26889 3230 5579 284%
c v  0.78 10 33 8 8 355 4 16515 4612 1.7 19 11 9 14 32% 26889 3230 5579 284%
c w  0.78 10 33 8 8 355 4 16515 4463 1.7 19 11 9 14 32% 26889 3230 5579 284%
c -  0.82  9 31 8 9 362 4 17307 5024 1.7 19 11 9 14 32% 26889 3230 5579 284%
c -  0.93 10 30 8 10 550 4 20307 7136 1.8 19 11 9 13 31% 26889 3230 5579 284%
c }  0.99 10 28 9 10 589 4 22110 8779 1.8 19 11 9 13 31% 26889 3230 5579 284%
c [  0.99 10 32 9 10 589 1 22110 8779 1.8 24 14 10 18 31% 26889 3230 5579 284%
c W  0.99  9 32 9 10 589 1 22110 8779 1.8 24 14 10 18 31% 26889 3230 5579 284%
c o  0.99  9 32 9 10 589 1 22110 8779 1.8 24 14 10 18 31% 26889 3230 5579 284%
c -  1.04 10 35 9 11 590 1 23470 8526 1.7 25 14 10 19 32% 26889 3230 5579 284%
c e  1.15 10 31 9 11 591 1 26129 10924 1.7 23 14 10 18 32% 26286 4584 4449 227%
c ^  1.15 10 31 9 11 591 1 26129 10924 1.7 23 14 10 18 32% 26286 4584 4449 227%
c
c  seconds  switched   rate        size/glue  tier1      binary        remaining
c         MB  reductions conflicts       size    tier2      irredundant
c          level  restarts    redundant     glue     trail        variables
c
c -  1.17 11 30 9 12 592 1 26786 6825 1.7 23 14 10 17 32% 26286 4584 4449 227%
c u  1.24 11 29 9 12 593 1 28185 7856 1.7 23 13 10 17 33% 26286 4584 4449 227%
c v  1.26 11 29 9 12 593 1 28185 7705 1.7 23 13 10 17 33% 26286 4584 4449 227%
c w  1.27 11 29 9 12 593 1 28185 7538 1.7 23 13 10 17 33% 26286 4584 4449 227%
c f  1.35 11 29 9 12 593 1 28185 7538 1.7 23 13 10 17 33% 26149 4580 4496 229%
c u  1.36 11 29 9 12 593 1 28185 7470 1.7 23 13 10 17 33% 26149 4580 4496 229%
c v  1.37 11 29 9 12 593 1 28185 7012 1.7 23 13 10 17 33% 26149 4580 4496 229%
c w  1.38 11 29 9 12 593 1 28185 6982 1.7 23 13 10 17 33% 26149 4580 4496 229%
c x  1.38 11 29 9 12 593 1 28185 6982 1.7 23 13 10 17 33% 26149 4580 4496 229%
c ]  1.40 11 29 10 12 594 1 28388 7167 1.7 23 13 10 17 33% 26149 4580 4496 229%
c {  1.40 11 28 10 12 594 4 28388 7167 1.8 19 11 9 13 31% 26149 4580 4496 229%
c -  1.46 11 27 10 13 682 4 30251 7880 1.7 19 11 9 13 32% 26149 4580 4496 229%
c -  1.59 11 27 10 14 915 4 33856 10266 1.8 20 11 9 13 32% 26149 4580 4496 229%
c }  1.69 11 26 11 14 1071 4 37016 13275 1.8 20 11 9 13 32% 26149 4580 4496 229%
c [  1.69 11 29 11 14 1071 1 37016 13275 1.7 23 13 10 17 33% 26149 4580 4496 229%
c O  1.69 11 29 11 14 1071 1 37016 13275 1.7 23 13 10 17 33% 26149 4580 4496 229%
c -  1.72 11 28 11 15 1071 1 37597 12101 1.7 23 13 10 17 33% 26149 4580 4496 229%
c -  1.85 12 26 11 16 1074 1 41471 13554 1.7 22 13 10 16 33% 26149 4580 4496 229%
c u  1.94 12 25 11 16 1076 1 43187 14969 1.7 22 13 10 16 33% 26149 4580 4496 229%
c v  1.96 12 25 11 16 1076 1 43187 14911 1.7 22 13 10 16 33% 26149 4580 4496 229%
c
c  seconds   switched    rate         size/glue  tier1      binary        remaining
c         MB   reductions  conflicts        size    tier2      irredundant
c          level    restarts     redundant     glue     trail        variables
c
c w  1.97 15 25 11 16 1076 1 43187 14562 1.7 22 13 10 16 33% 26149 4580 4496 229%
c o  1.97 15 25 11 16 1076 1 43187 14562 1.7 22 13 10 16 33% 26149 4580 4496 229%
c ]  2.05 13 30 12 16 1077 1 45460 16804 1.7 23 14 10 16 34% 26149 4580 4496 229%
c {  2.05 13 26 12 16 1077 4 45460 16804 1.8 20 11 9 13 32% 26149 4580 4496 229%
c -  2.05 13 26 12 17 1077 4 45472 14073 1.8 20 11 9 13 32% 26149 4580 4496 229%
c -  2.20 14 26 12 18 1391 4 49595 15544 1.8 20 11 9 13 33% 26149 4580 4496 229%
c -  2.36 14 25 12 19 1647 4 53837 17440 1.8 19 11 9 13 33% 26149 4580 4496 229%
c e  2.40 13 25 12 19 1685 4 54499 18062 1.8 19 11 9 13 33% 26276 5310 3966 202%
c ^  2.41 13 25 12 19 1685 4 54499 18062 1.8 19 11 9 13 33% 26276 5310 3966 202%
c }  2.49 14 25 13 19 1725 4 56939 16779 1.8 20 11 9 13 33% 26276 5310 3966 202%
c [  2.49 14 30 13 19 1725 1 56939 16779 1.7 23 14 10 16 34% 26276 5310 3966 202%
c B  2.49 14 30 13 19 1725 1 56939 16779 1.7 23 14 10 16 34% 26276 5310 3966 202%
c -  2.54 14 31 13 20 1726 1 58195 15950 1.7 23 14 10 17 34% 26276 5310 3966 202%
c u  2.69 15 29 13 20 1728 1 61646 19062 1.7 23 14 10 17 35% 26276 5310 3966 202%
c v  2.71 15 29 13 20 1728 1 61646 18907 1.7 23 14 10 17 35% 26276 5310 3966 202%
c w  2.71 15 29 13 20 1728 1 61646 18683 1.7 23 14 10 17 35% 26276 5310 3966 202%
c x  2.72 15 29 13 20 1728 1 61646 18681 1.7 23 14 10 17 35% 26276 5310 3966 202%
c f  2.74 12 29 13 20 1728 1 61646 18681 1.7 23 14 10 17 35% 26271 5309 3967 202%
c u  2.77 12 29 13 20 1728 1 61646 18556 1.7 23 14 10 17 35% 26271 5309 3967 202%
c v  2.80 15 29 13 20 1728 1 61646 18482 1.7 23 14 10 17 35% 26271 5309 3967 202%
c
c  seconds   switched    rate         size/glue  tier1      binary        remaining
c         MB   reductions  conflicts        size    tier2      irredundant
c          level    restarts     redundant     glue     trail        variables
c
c w  2.81 15 29 13 20 1728 1 61646 18414 1.7 23 14 10 17 35% 26271 5309 3967 202%
c -  2.92 14 29 13 21 1729 1 62667 17553 1.7 23 14 10 17 35% 26271 5309 3967 202%
c -  3.11 14 27 13 22 1731 1 67249 19693 1.7 23 13 10 16 35% 26271 5309 3967 202%
c ]  3.12 14 27 14 22 1731 1 67503 19919 1.7 23 13 10 16 35% 26271 5309 3967 202%
c {  3.12 14 25 14 22 1731 4 67503 19919 1.8 20 11 9 13 33% 26271 5309 3967 202%
c -  3.30 15 25 14 23 2097 4 71939 21606 1.8 20 11 9 13 33% 26271 5309 3967 202%
c o  3.36 15 25 14 23 2241 4 73189 22800 1.8 20 11 9 13 34% 26271 5309 3967 202%
c -  3.50 15 25 14 24 2529 4 76734 23105 1.8 20 11 9 13 34% 26271 5309 3967 202%
c -  3.69 15 25 14 25 2838 4 81632 24865 1.8 20 11 9 13 34% 26271 5309 3967 202%
c }  3.71 15 25 15 25 2846 4 82218 25388 1.8 20 11 9 13 34% 26271 5309 3967 202%
c [  3.71 15 27 15 25 2846 1 82218 25388 1.7 23 13 10 16 35% 26271 5309 3967 202%
c W  3.72 13 27 15 25 2846 1 82218 25388 1.7 23 13 10 16 35% 26271 5309 3967 202%
c u  3.82 15 27 15 25 2847 1 83645 26590 1.7 23 13 10 16 36% 26271 5309 3967 202%
c v  3.85 15 27 15 25 2847 1 83645 26267 1.7 23 13 10 16 36% 26271 5309 3967 202%
c w  3.86 15 27 15 25 2847 1 83645 26256 1.7 23 13 10 16 36% 26271 5309 3967 202%
c -  3.99 15 27 15 26 2849 1 86632 25980 1.7 23 13 9 16 36% 26271 5309 3967 202%
c -  4.21 15 26 15 27 2852 1 91731 27489 1.8 24 13 9 16 36% 26271 5309 3967 202%
c ]  4.39 16 26 16 27 2854 1 96152 31746 1.7 24 14 9 16 37% 26271 5309 3967 202%
c {  4.39 16 25 16 27 2854 4 96152 31746 1.8 20 11 9 13 34% 26271 5309 3967 202%
c -  4.43 16 25 16 28 2920 4 96929 28658 1.8 20 11 9 13 34% 26271 5309 3967 202%
c
c  seconds   switched    rate          size/glue  tier1     binary        remaining
c         MB   reductions  conflicts         size   tier2      irredundant
c          level    restarts      redundant     glue    trail        variables
c
c e  4.57 16 24 16 28 3009 4 100119 31670 1.8 20 11 9 13 34% 27241 6569 3262 166%
c ^  4.57 16 24 16 28 3009 4 100119 31670 1.8 20 11 9 13 34% 27241 6569 3262 166%
c -  4.66 16 24 16 29 3096 4 102220 22741 1.8 20 11 9 13 35% 27241 6569 3262 166%
c -  4.84 16 24 16 30 3244 4 107607 25421 1.8 20 11 9 13 35% 27241 6569 3262 166%
c u  4.94 16 24 16 30 3314 3 109354 26944 1.8 20 11 9 13 35% 27241 6569 3262 166%
c v  4.96 16 24 16 30 3314 3 109354 26746 1.8 20 11 9 13 35% 27241 6569 3262 166%
c w  4.97 16 24 16 30 3314 3 109354 26716 1.8 20 11 9 13 35% 27241 6569 3262 166%
c x  4.99 16 24 16 30 3314 3 109354 26713 1.8 20 11 9 13 35% 27241 6569 3262 166%
c -  5.15 17 24 16 31 3433 3 113084 27987 1.8 20 11 9 13 36% 27241 6569 3262 166%
c o  5.16 17 24 16 31 3464 3 113316 28214 1.8 20 11 9 13 36% 27241 6569 3262 166%
c }  5.20 17 24 17 31 3491 3 114490 29350 1.8 20 11 9 13 36% 27241 6569 3262 166%
c [  5.20 17 26 17 31 3491 1 114490 29350 1.7 24 14 9 16 37% 27241 6569 3262 166%
c I  5.20 17 26 17 31 3491 1 114490 29350 1.7 24 14 9 16 37% 27241 6569 3262 166%
c -  5.35 17 27 17 32 3494 1 118651 29689 1.7 24 14 9 17 37% 27241 6569 3262 166%
c -  5.56 17 27 17 33 3497 1 124308 31396 1.7 24 14 9 17 37% 27241 6569 3262 166%
c -  5.79 17 26 17 34 3500 1 130052 34019 1.7 24 14 9 17 38% 27241 6569 3262 166%
c ]  5.85 17 26 18 34 3501 1 131218 35127 1.8 24 14 9 17 38% 27241 6569 3262 166%
c {  5.85 17 24 18 34 3501 3 131218 35127 1.8 20 11 9 13 36% 27241 6569 3262 166%
c -  6.04 17 23 18 35 3507 3 135883 36198 1.8 19 11 9 13 36% 27241 6569 3262 166%
c u  6.21 22 22 18 35 3507 3 138706 38561 1.8 19 11 9 13 37% 27241 6569 3262 166%
c
c  seconds   switched    rate          size/glue  tier1     binary        remaining
c         MB   reductions  conflicts         size   tier2      irredundant
c          level    restarts      redundant     glue    trail        variables
c
c v  6.25 22 22 18 35 3507 3 138706 38418 1.8 19 11 9 13 37% 27241 6569 3262 166%
c w  6.27 22 22 18 35 3507 3 138706 38403 1.8 19 11 9 13 37% 27241 6569 3262 166%
c -  6.39 20 22 18 36 3510 3 141799 37579 1.8 19 11 9 13 37% 27241 6569 3262 166%
c -  6.60 20 20 18 37 3510 3 147801 39444 1.8 18 10 9 13 37% 27241 6569 3262 166%
c }  6.82 21 20 19 37 3511 3 153564 44134 1.7 18 10 9 13 38% 27241 6569 3262 166%
c [  6.82 21 26 19 37 3511 1 153564 44134 1.8 24 14 9 17 38% 27241 6569 3262 166%
c B  6.82 21 26 19 37 3511 1 153564 44134 1.8 24 14 9 17 38% 27241 6569 3262 166%
c -  6.84 21 26 19 38 3511 1 153884 42071 1.8 24 14 9 17 38% 27241 6569 3262 166%
c -  7.11 22 27 19 39 3516 1 160048 44918 1.8 25 14 9 17 38% 27241 6569 3262 166%
c e  7.33 19 26 19 39 3517 1 164618 49317 1.8 25 14 9 17 39% 28821 8210 2745 140%
c ^  7.33 19 26 19 39 3517 1 164618 49317 1.8 25 14 9 17 39% 28821 8210 2745 140%
c o  7.34 20 26 19 39 3517 1 164618 35969 1.8 25 14 9 17 39% 28821 8210 2745 140%
c -  7.40 21 30 19 40 3518 1 166293 34966 1.8 25 14 9 17 39% 28821 8210 2745 140%
c u  7.69 23 29 19 40 3522 1 171933 40241 1.8 25 14 9 17 40% 28821 8210 2745 140%
c v  7.74 23 29 19 40 3522 1 171933 40144 1.8 25 14 9 17 40% 28821 8210 2745 140%
c w  7.77 25 29 19 40 3522 1 171933 40060 1.8 25 14 9 17 40% 28821 8210 2745 140%
c -  7.84 21 29 19 41 3523 1 172618 38190 1.8 25 14 9 17 40% 28821 8210 2745 140%
c ]  7.90 21 29 20 41 3523 1 174034 39490 1.8 25 14 9 17 40% 28821 8210 2745 140%
c {  7.90 21 20 20 41 3523 3 174034 39490 1.7 18 10 9 13 38% 28821 8210 2745 140%
c -  8.12 21 20 20 42 3862 3 179022 35252 1.8 18 10 8 12 38% 28821 8210 2745 140%
c
c  seconds   switched    rate          size/glue  tier1     binary        remaining
c         MB   reductions  conflicts         size   tier2      irredundant
c          level    restarts      redundant     glue    trail        variables
c
c -  8.40 20 20 20 43 4448 3 185504 35182 1.8 18 10 8 12 39% 28821 8210 2745 140%
c -  8.65 22 19 20 44 4680 3 192061 36208 1.7 18 10 8 12 39% 28821 8210 2745 140%
c -  8.92 22 20 20 45 5070 3 198694 37587 1.7 18 10 8 12 40% 28821 8210 2745 140%
c }  8.99 21 19 21 45 5078 3 200773 39404 1.7 18 10 8 12 40% 28821 8210 2745 140%
c [  8.99 21 29 21 45 5078 1 200773 39404 1.8 25 14 9 17 40% 28821 8210 2745 140%
c W  9.01 18 29 21 45 5078 1 200773 39404 1.8 25 14 9 17 40% 28821 8210 2745 140%
c -  9.19 18 28 21 46 5081 1 205403 38845 1.8 25 14 9 17 40% 28821 8210 2745 140%
c u  9.41 18 28 21 46 5083 1 208908 41966 1.8 25 14 9 17 41% 28821 8210 2745 140%
c v  9.47 23 28 21 46 5083 1 208908 41071 1.8 25 14 9 17 41% 28821 8210 2745 140%
c w  9.49 23 28 21 46 5083 1 208908 40529 1.8 25 14 9 17 41% 28821 8210 2745 140%
c -  9.89 21 27 21 47 5084 1 212186 39019 1.8 25 14 9 17 41% 28821 8210 2745 140%
c - 10.20 22 27 21 48 5089 1 219041 40890 1.8 24 14 9 17 41% 28821 8210 2745 140%
c ] 10.45 22 26 22 48 5091 1 224383 45946 1.8 24 14 9 17 42% 28821 8210 2745 140%
c { 10.45 22 19 22 48 5091 3 224383 45946 1.7 18 10 8 12 40% 28821 8210 2745 140%
c o 10.48 21 20 22 48 5161 3 224661 46219 1.7 18 10 8 12 40% 28821 8210 2745 140%
c - 10.60 22 20 22 49 5513 3 225970 42555 1.8 18 10 8 12 40% 28821 8210 2745 140%
c - 11.20 23 24 22 50 7407 4 232974 43383 1.8 19 11 8 12 41% 28821 8210 2745 140%
c - 11.86 22 27 22 51 9282 5 240045 43695 1.8 20 11 8 13 41% 28821 8210 2745 140%
c - 12.48 22 30 22 52 10903 6 247187 44270 1.8 20 11 8 13 41% 28821 8210 2745 140%
c e 12.71 19 31 22 52 11346 6 249468 46541 1.8 21 12 8 13 41% 31304 10677 2338 119%
c
c  seconds   switched     rate          size/glue  tier1     binary         remaining
c         MB   reductions   conflicts         size   tier2       irredundant
c          level    restarts       redundant     glue    trail         variables
c
c ! 12.71 19 31 22 52 11346 6 249468 46541 1.8 21 12 8 13 41% 31304 10677 2338 119%
c u 12.83 22 31 22 52 11435 6 249886 27965 1.8 21 12 8 13 42% 31304 10677 2338 119%
c v 12.89 22 31 22 52 11435 6 249886 27822 1.8 21 12 8 13 42% 31304 10677 2338 119%
c w 12.92 22 31 22 52 11435 6 249886 27812 1.8 21 12 8 13 42% 31304 10677 2338 119%
c x 12.97 22 31 22 52 11435 6 249886 27812 1.8 21 12 8 13 42% 31304 10677 2338 119%
c f 13.02 19 31 22 52 11435 6 249886 27812 1.8 21 12 8 13 42% 30691 10547 2380 121%
c u 13.13 22 31 22 52 11435 6 249886 26958 1.8 21 12 8 13 42% 30691 10547 2380 121%
c v 13.22 22 31 22 52 11435 6 249886 26700 1.8 21 12 8 13 42% 30691 10547 2380 121%
c w 13.25 22 31 22 52 11435 6 249886 26681 1.8 21 12 8 13 42% 30691 10547 2380 121%
c - 13.58 21 32 22 53 12285 7 254398 27198 1.8 21 12 8 13 42% 30691 10547 2380 121%
c } 13.69 21 32 23 53 12586 7 255902 28693 1.8 21 12 8 13 42% 30691 10547 2380 121%
c [ 13.69 21 26 23 53 12586 1 255902 28693 1.8 24 14 9 17 42% 30691 10547 2380 121%
c O 13.69 21 26 23 53 12586 1 255902 28693 1.8 24 14 9 17 42% 30691 10547 2380 121%
c - 13.92 22 26 23 54 12590 1 261680 30197 1.8 24 13 9 16 42% 30691 10547 2380 121%
c - 14.24 22 25 23 55 12593 1 269028 33006 1.8 24 13 9 16 43% 30691 10547 2380 121%
c - 14.58 22 24 23 56 12599 1 276444 35017 1.8 23 13 9 16 43% 30691 10547 2380 121%
c B 14.88 22 23 23 56 12600 1 283642 41579 1.8 23 13 9 16 44% 30691 10547 2380 121%
c - 14.90 21 23 23 57 12600 1 283928 36922 1.8 23 13 8 16 44% 30691 10547 2380 121%
c - 15.24 22 25 23 58 12603 1 291477 36540 1.8 24 13 9 16 44% 30691 10547 2380 121%
c u 15.49 23 25 23 58 12605 1 294673 39253 1.8 24 13 9 16 45% 30691 10547 2380 121%
c
c  seconds   switched     rate          size/glue  tier1     binary         remaining
c         MB   reductions   conflicts         size   tier2       irredundant
c          level    restarts       redundant     glue    trail         variables
c
c v 15.58 25 25 23 58 12605 1 294673 37890 1.8 24 13 9 16 45% 30691 10547 2380 121%
c w 15.61 25 25 23 58 12605 1 294673 37311 1.8 24 13 9 16 45% 30691 10547 2380 121%
c o 15.62 25 25 23 58 12605 1 294673 37311 1.8 24 13 9 16 45% 30691 10547 2380 121%
c - 15.80 22 26 23 59 12607 1 299093 35043 1.7 24 14 9 16 45% 30691 10547 2380 121%
c - 16.12 22 25 23 60 12612 1 306774 37995 1.7 23 13 9 16 45% 30691 10547 2380 121%
c ] 16.41 22 24 24 60 12614 1 313143 43945 1.8 23 13 9 16 45% 30691 10547 2380 121%
c { 16.41 22 32 24 60 12614 7 313143 43945 1.8 21 12 8 13 42% 30691 10547 2380 121%
c - 16.47 22 32 24 61 12621 7 314520 40642 1.8 21 12 8 13 42% 30691 10547 2380 121%
c - 16.79 22 31 24 62 12697 6 322330 42198 1.8 21 12 8 13 43% 30691 10547 2380 121%
c - 17.11 23 30 24 63 12774 6 330205 43834 1.8 21 12 8 13 43% 30691 10547 2380 121%
c - 17.41 22 29 24 64 12793 5 338143 45214 1.8 21 12 8 13 44% 30691 10547 2380 121%
c u 17.71 25 28 24 64 12851 5 343593 49601 1.8 21 11 8 13 44% 30691 10547 2380 121%
c v 17.79 25 28 24 64 12851 5 343593 46960 1.8 21 11 8 13 44% 30691 10547 2380 121%
c w 17.81 25 28 24 64 12851 5 343593 46713 1.8 21 11 8 13 44% 30691 10547 2380 121%
c - 17.94 22 28 24 65 12896 5 346143 43474 1.8 21 11 8 13 44% 30691 10547 2380 121%
c } 18.09 23 27 25 65 12943 5 349820 47001 1.8 21 11 8 13 44% 30691 10547 2380 121%
c [ 18.09 23 24 25 65 12943 1 349820 47001 1.8 23 13 9 16 45% 30691 10547 2380 121%
c W 18.12 18 24 25 65 12943 1 349820 47001 1.8 23 13 9 16 45% 30691 10547 2380 121%
c - 18.31 18 24 25 66 12946 1 354206 46071 1.8 23 13 9 16 46% 30691 10547 2380 121%
c e 18.39 18 24 25 66 12947 1 355844 47643 1.8 23 13 9 16 46% 30766 10561 2374 121%
c
c  seconds   switched     rate          size/glue  tier1     binary         remaining
c         MB   reductions   conflicts         size   tier2       irredundant
c          level    restarts       redundant     glue    trail         variables
c
c - 18.67 20 24 25 67 12950 1 362331 48016 1.8 23 13 9 16 46% 30766 10561 2374 121%
c - 19.01 20 23 25 68 12956 1 370517 49866 1.8 23 13 9 16 46% 30766 10561 2374 121%
c - 19.39 22 23 25 69 12957 1 378763 51667 1.8 23 13 8 16 46% 30766 10561 2374 121%
c ] 19.52 22 22 26 69 12957 1 381311 53997 1.8 23 13 8 16 46% 30766 10561 2374 121%
c { 19.52 22 27 26 69 12957 5 381311 53997 1.8 21 11 8 13 44% 30766 10561 2374 121%
c o 19.67 22 27 26 69 12962 5 384654 56866 1.8 20 11 8 13 45% 30766 10561 2374 121%
c - 19.79 22 27 26 70 13019 5 387070 53478 1.8 20 11 8 13 45% 30766 10561 2374 121%
c - 20.11 22 25 26 71 13024 4 395439 55430 1.8 20 11 8 13 45% 30766 10561 2374 121%
c u 20.25 22 25 26 71 13024 4 396723 55941 1.8 20 11 8 13 45% 30766 10561 2374 121%
c v 20.33 22 25 26 71 13024 4 396723 53464 1.8 20 11 8 13 45% 30766 10561 2374 121%
c w 20.36 22 25 26 71 13024 4 396723 52994 1.8 20 11 8 13 45% 30766 10561 2374 121%
c f 20.38 22 25 26 71 13024 4 396723 52994 1.8 20 11 8 13 45% 30758 10552 2375 121%
c u 20.46 22 25 26 71 13024 4 396723 50464 1.8 20 11 8 13 45% 30758 10552 2375 121%
c v 20.52 22 25 26 71 13024 4 396723 47997 1.8 20 11 8 13 45% 30758 10552 2375 121%
c w 20.54 22 25 26 71 13024 4 396723 47958 1.8 20 11 8 13 45% 30758 10552 2375 121%
c - 21.25 26 25 26 72 13130 4 403866 51046 1.8 20 11 8 13 45% 30758 10552 2375 121%
c - 21.61 26 24 26 73 13307 4 412352 55116 1.8 20 11 8 13 45% 30758 10552 2375 121%
c - 21.98 26 24 26 74 13548 4 420896 57430 1.8 19 11 8 13 46% 30758 10552 2375 121%
c } 22.09 26 23 27 74 13568 4 423529 59898 1.8 19 11 8 13 46% 30758 10552 2375 121%
c [ 22.09 26 22 27 74 13568 1 423529 59898 1.8 23 13 8 16 46% 30758 10552 2375 121%
c
c  seconds   switched     rate          size/glue  tier1     binary         remaining
c         MB   reductions   conflicts         size   tier2       irredundant
c          level    restarts       redundant     glue    trail         variables
c
c I 22.09 26 22 27 74 13568 1 423529 59898 1.8 23 13 8 16 46% 30758 10552 2375 121%
c - 22.36 26 24 27 75 13572 1 429498 56981 1.8 24 13 9 16 46% 30758 10552 2375 121%
c - 22.76 26 25 27 76 13577 1 438159 55789 1.8 24 14 9 16 47% 30758 10552 2375 121%
c - 23.19 26 24 27 77 13581 1 446876 57153 1.8 24 14 9 16 47% 30758 10552 2375 121%
c u 23.68 26 24 27 77 13582 1 454108 63919 1.8 24 13 9 16 48% 30758 10552 2375 121%
c v 23.79 26 24 27 77 13582 1 454108 63270 1.8 24 13 9 16 48% 30758 10552 2375 121%
c w 23.83 26 24 27 77 13582 1 454108 61334 1.8 24 13 9 16 48% 30758 10552 2375 121%
c - 23.94 26 24 27 78 13582 1 455652 57283 1.8 25 13 9 16 48% 30758 10552 2375 121%
c ] 24.12 26 24 28 78 13585 1 459131 60689 1.8 25 13 9 16 48% 30758 10552 2375 121%
c { 24.12 26 23 28 78 13585 4 459131 60689 1.8 19 11 8 13 46% 30758 10552 2375 121%
c - 24.36 26 23 28 79 13675 4 464483 60014 1.8 19 11 8 13 46% 30758 10552 2375 121%
c - 24.74 26 22 28 80 13818 4 473373 62444 1.7 19 11 8 13 46% 30758 10552 2375 121%
c o 24.84 26 22 28 80 13822 3 475598 64286 1.7 19 11 8 13 46% 30758 10552 2375 121%
c - 25.16 26 22 28 81 13990 3 482319 64449 1.7 19 11 8 13 46% 30758 10552 2375 121%
c - 25.58 26 22 28 82 14169 3 491320 66867 1.8 19 11 8 13 46% 30758 10552 2375 121%
c - 25.99 26 21 28 83 14334 3 500375 68931 1.8 19 11 8 13 47% 30758 10552 2375 121%
c } 26.29 26 21 29 83 14388 3 507271 75167 1.8 19 11 8 13 47% 30758 10552 2375 121%
c [ 26.29 26 24 29 83 14388 1 507271 75167 1.8 25 13 9 16 48% 30758 10552 2375 121%
c B 26.29 26 24 29 83 14388 1 507271 75167 1.8 25 13 9 16 48% 30758 10552 2375 121%
c - 26.40 26 24 29 84 14390 1 509489 70070 1.8 25 14 9 16 48% 30758 10552 2375 121%
c
c  seconds   switched     rate          size/glue  tier1     binary         remaining
c         MB   reductions   conflicts         size   tier2       irredundant
c          level    restarts       redundant     glue    trail         variables
c
c u 26.81 26 24 29 84 14394 1 515828 75247 1.8 25 13 9 16 48% 30758 10552 2375 121%
c v 26.92 26 24 29 84 14394 1 515828 75136 1.8 25 13 9 16 48% 30758 10552 2375 121%
c w 26.96 26 24 29 84 14394 1 515828 74665 1.8 25 13 9 16 48% 30758 10552 2375 121%
c - 27.11 26 24 29 85 14394 1 518654 69713 1.8 25 14 9 16 48% 30758 10552 2375 121%
c - 27.58 26 24 29 86 14401 1 527873 70899 1.9 25 13 9 16 48% 30758 10552 2375 121%
c - 28.08 26 24 29 87 14402 1 537146 71322 1.9 25 13 9 16 48% 30758 10552 2375 121%
c - 28.61 27 24 29 88 14408 1 546473 70802 1.9 26 13 9 16 48% 30758 10552 2375 121%
c ] 28.71 27 24 30 88 14408 1 548242 72466 1.9 26 13 9 16 48% 30758 10552 2375 121%
c { 28.71 27 21 30 88 14408 3 548242 72466 1.8 19 11 8 13 47% 30758 10552 2375 121%
c - 29.16 27 21 30 89 14629 3 555853 71982 1.8 19 11 8 13 47% 30758 10552 2375 121%
c - 29.63 27 20 30 90 14868 3 565288 74040 1.8 19 11 8 13 47% 30758 10552 2375 121%
c - 30.10 27 20 30 91 15166 3 574774 75970 1.8 18 11 8 12 47% 30758 10552 2375 121%
c o 30.18 27 20 30 91 15177 3 576371 77440 1.8 18 11 8 12 47% 30758 10552 2375 121%
c u 30.61 36 20 30 91 15357 3 581937 82229 1.8 19 11 8 12 47% 30758 10552 2375 121%
c v 30.74 36 20 30 91 15357 3 581937 81254 1.8 19 11 8 12 47% 30758 10552 2375 121%
c w 30.79 36 20 30 91 15357 3 581937 81087 1.8 19 11 8 12 47% 30758 10552 2375 121%
c - 30.94 34 20 30 92 15428 3 584313 76272 1.8 18 10 8 12 47% 30758 10552 2375 121%
c - 31.38 34 20 30 93 15593 3 593905 78112 1.8 18 10 8 12 47% 30758 10552 2375 121%
c } 31.76 32 19 31 93 15595 3 602677 85866 1.8 18 10 8 12 47% 30758 10552 2375 121%
c [ 31.76 32 24 31 93 15595 1 602677 85866 1.9 26 13 9 16 48% 30758 10552 2375 121%
c
c  seconds   switched     rate          size/glue  tier1     binary         remaining
c         MB   reductions   conflicts         size   tier2       irredundant
c          level    restarts       redundant     glue    trail         variables
c
c W 31.79 27 24 31 93 15595 1 602677 85866 1.9 26 13 9 16 48% 30758 10552 2375 121%
c - 31.85 27 24 31 94 15595 1 603548 79147 1.9 26 13 9 16 49% 30758 10552 2375 121%
c - 32.34 27 24 31 95 15601 1 613244 79890 1.9 25 13 9 16 49% 30758 10552 2375 121%
c - 32.84 27 23 31 96 15607 1 622991 81496 1.9 25 13 9 16 49% 30758 10552 2375 121%
c - 33.36 27 22 31 97 15609 1 632791 82882 1.9 25 13 8 16 49% 30758 10552 2375 121%
c - 33.94 27 22 31 98 15615 1 642639 83644 1.9 25 13 8 16 49% 30758 10552 2375 121%
c ] 34.44 27 22 32 98 15619 1 650584 91004 1.9 25 13 8 16 49% 30758 10552 2375 121%
c { 34.44 27 19 32 98 15619 3 650584 91004 1.8 18 10 8 12 47% 30758 10552 2375 121%
c u 34.75 38 19 32 98 15759 3 652485 92210 1.7 18 10 8 12 47% 30758 10552 2375 121%
c v 34.91 38 19 32 98 15759 3 652485 90498 1.7 18 10 8 12 47% 30758 10552 2375 121%
c w 34.97 38 19 32 98 15759 3 652485 88461 1.7 18 10 8 12 47% 30758 10552 2375 121%
c - 35.01 32 19 32 99 15759 3 652539 80838 1.7 18 10 8 12 47% 30758 10552 2375 121%
c - 35.60 34 19 32 100 16264 3 662488 83221 1.7 18 10 8 12 47% 30758 10552 2375 121%
c - 36.15 35 19 32 101 16572 3 672488 85142 1.7 18 10 8 12 47% 30758 10552 2375 121%
c - 36.73 34 19 32 102 17068 3 682537 86175 1.7 18 10 8 12 47% 30758 10552 2375 121%
c o 36.95 34 19 32 102 17207 3 686377 89661 1.7 18 10 8 12 47% 30758 10552 2375 121%
c - 37.28 35 19 32 103 17305 3 692636 86878 1.7 18 10 8 12 47% 30758 10552 2375 121%
c - 37.79 34 19 32 104 17522 3 702784 87361 1.7 18 10 8 12 47% 30758 10552 2375 121%
c } 38.25 35 18 33 104 17839 3 711689 95550 1.7 18 10 8 12 47% 30758 10552 2375 121%
c [ 38.25 35 22 33 104 17839 1 711689 95550 1.9 25 13 8 16 49% 30758 10552 2375 121%
c
c  seconds   switched      rate          size/glue  tier1     binary         remaining
c         MB   reductions    conflicts         size   tier2       irredundant
c          level     restarts       redundant     glue    trail         variables
c
c O 38.25 35 22 33 104 17839 1 711689 95550 1.9 25 13 8 16 49% 30758 10552 2375 121%
c - 38.34 32 22 33 105 17840 1 712982 88486 1.9 25 13 8 16 49% 30758 10552 2375 121%
c - 38.93 34 21 33 106 17845 1 723229 89881 1.9 24 13 8 16 49% 30758 10552 2375 121%
c u 39.36 38 21 33 106 17848 1 727524 90227 1.9 24 13 8 16 49% 30758 10552 2375 121%
c v 39.52 38 21 33 106 17848 1 727524 85141 1.9 24 13 8 16 49% 30758 10552 2375 121%
c w 39.58 38 21 33 106 17848 1 727524 82639 1.9 24 13 8 16 49% 30758 10552 2375 121%
c - 39.93 32 20 33 107 17852 1 733527 81321 1.9 24 13 8 16 50% 30758 10552 2375 121%
c - 40.49 35 21 33 108 17853 1 743874 86460 1.9 24 13 8 16 50% 30758 10552 2375 121%
c - 41.12 35 20 33 109 17860 1 754266 88553 1.9 24 13 8 16 50% 30758 10552 2375 121%
c B 41.79 35 21 33 109 17866 1 764478 98289 1.9 24 13 8 16 50% 30758 10552 2375 121%
c - 41.82 35 21 33 110 17866 1 764707 88652 1.9 24 13 8 16 50% 30758 10552 2375 121%
c ] 41.95 35 21 34 110 17867 1 766992 90899 1.9 24 13 8 16 50% 30758 10552 2375 121%
c { 41.95 35 18 34 110 17867 3 766992 90899 1.7 18 10 8 12 47% 30758 10552 2375 121%
c - 42.36 35 18 34 111 17872 2 775195 87363 1.7 17 10 8 12 47% 30758 10552 2375 121%
c - 42.90 35 17 34 112 17872 2 785730 86842 1.7 17 10 8 12 48% 30758 10552 2375 121%
c - 43.49 35 17 34 113 17874 2 796315 87589 1.7 17 10 8 12 48% 30758 10552 2375 121%
c o 44.04 35 16 34 113 17877 2 806501 95397 1.7 16 10 8 12 48% 30758 10552 2375 121%
c - 44.08 35 16 34 114 17879 2 806946 88081 1.7 16 10 8 12 48% 30758 10552 2375 121%
c u 44.25 36 16 34 114 17879 2 807105 81307 1.7 16 10 8 12 48% 30758 10552 2375 121%
c v 44.36 36 16 34 114 17879 2 807105 76509 1.7 16 10 8 12 48% 30758 10552 2375 121%
c
c  seconds   switched      rate          size/glue  tier1     binary         remaining
c         MB   reductions    conflicts         size   tier2       irredundant
c          level     restarts       redundant     glue    trail         variables
c
c w 44.38 36 16 34 114 17879 2 807105 76391 1.7 16 10 8 12 48% 30758 10552 2375 121%
c - 45.03 35 15 34 115 17888 2 817623 80265 1.7 16 10 8 12 48% 30758 10552 2375 121%
c - 45.57 35 15 34 116 17890 2 828346 85677 1.7 16 10 8 12 48% 30758 10552 2375 121%
c } 45.94 35 15 35 116 17890 2 835139 90960 1.7 16 9 8 12 48% 30758 10552 2375 121%
c [ 45.94 35 21 35 116 17890 1 835139 90960 1.9 24 13 8 16 50% 30758 10552 2375 121%
c W 46.04 28 21 35 116 17890 1 835139 90960 1.9 24 13 8 16 50% 30758 10552 2375 121%
c - 46.25 28 21 35 117 17892 1 839117 89478 1.9 24 13 8 16 50% 30758 10552 2375 121%
c - 46.85 28 21 35 118 17899 1 849934 93490 1.9 24 13 8 16 50% 30758 10552 2375 121%
c - 47.45 28 21 35 119 17904 1 860796 96348 1.9 24 13 8 16 50% 30758 10552 2375 121%
c - 48.05 28 21 35 120 17907 1 871707 96346 1.9 24 13 8 16 50% 30758 10552 2375 121%
c - 48.73 28 21 35 121 17914 1 882661 95884 1.9 24 13 8 16 50% 30758 10552 2375 121%
c u 49.45 39 21 35 121 17918 1 891280 103135 1.9 24 13 8 16 51% 30758 10552 2375 121%
c v 49.64 39 21 35 121 17918 1 891280 99038 1.9 24 13 8 16 51% 30758 10552 2375 121%
c w 49.71 39 21 35 121 17918 1 891280 93523 1.9 24 13 8 16 51% 30758 10552 2375 121%
c - 50.56 35 21 35 122 17919 1 893661 87529 1.9 24 13 8 16 50% 30758 10552 2375 121%
c ] 50.77 35 21 36 122 17919 1 897524 91254 1.9 24 13 8 16 50% 30758 10552 2375 121%
c { 50.77 35 15 36 122 17919 2 897524 91254 1.7 16 9 8 12 48% 30758 10552 2375 121%
c - 51.32 35 15 36 123 19057 2 904706 90403 1.7 16 10 8 12 48% 30758 10552 2375 121%
c - 52.16 36 16 36 124 20652 2 915797 91310 1.7 16 10 8 12 48% 30758 10552 2375 121%
c - 52.91 36 16 36 125 21782 2 926932 90077 1.6 16 10 8 12 48% 30758 10552 2375 121%
c
c  seconds   switched      rate          size/glue  tier1     binary         remaining
c         MB   reductions    conflicts         size   tier2       irredundant
c          level     restarts       redundant     glue    trail         variables
c
c o 53.46 35 16 36 125 22378 2 936518 98912 1.6 16 10 8 12 48% 30758 10552 2375 121%
c - 53.58 35 17 36 126 22549 2 938113 90828 1.6 16 10 8 12 48% 30758 10552 2375 121%
c - 54.24 35 17 36 127 23139 2 949337 92458 1.6 16 10 8 12 48% 30758 10552 2375 121%
c - 54.98 36 17 36 128 24120 3 960606 94928 1.6 16 10 8 12 48% 30758 10552 2375 121%
c - 55.70 36 17 36 129 24969 3 971920 97888 1.6 16 10 8 12 48% 30758 10552 2375 121%
c } 55.76 36 17 37 129 25024 3 973083 98955 1.6 16 10 8 12 48% 30758 10552 2375 121%
c [ 55.76 36 21 37 129 25024 1 973083 98955 1.9 24 13 8 16 50% 30758 10552 2375 121%
c I 55.76 36 21 37 129 25024 1 973083 98955 1.9 24 13 8 16 50% 30758 10552 2375 121%
c u 56.35 39 22 37 129 25029 1 980100 101867 1.9 25 13 8 16 50% 30758 10552 2375 121%
c v 56.55 39 22 37 129 25029 1 980100 101210 1.9 25 13 8 16 50% 30758 10552 2375 121%
c w 56.63 41 22 37 129 25029 1 980100 101160 1.9 25 13 8 16 50% 30758 10552 2375 121%
c - 56.83 35 22 37 130 25030 1 983277 93083 1.9 25 13 8 16 50% 30758 10552 2375 121%
c - 57.45 35 22 37 131 25037 1 994679 92662 1.9 25 13 8 16 50% 30758 10552 2375 121%
c - 58.13 36 22 37 132 25039 1 1006124 93637 1.9 25 13 8 16 50% 30758 10552 2375 121%
c - 58.89 37 22 37 133 25045 1 1017615 94473 1.9 25 13 8 16 50% 30758 10552 2375 121%
c - 59.62 38 21 37 134 25052 1 1029149 94227 2.0 26 13 8 16 50% 30758 10552 2375 121%
c - 60.36 38 22 37 135 25054 1 1040726 91991 2.0 26 13 8 16 50% 30758 10552 2375 121%
c B 60.36 33 22 37 135 25054 1 1040766 92030 2.0 26 13 8 16 50% 30758 10552 2375 121%
c ] 60.97 37 23 38 135 25054 1 1051710 102748 2.0 27 14 8 16 50% 30758 10552 2375 121%
c { 60.97 37 17 38 135 25054 3 1051710 102748 1.6 16 10 8 12 48% 30758 10552 2375 121%
c
c  seconds   switched      rate           size/glue  tier1     binary         remaining
c         MB   reductions     conflicts         size   tier2       irredundant
c          level     restarts        redundant     glue    trail         variables
c
c - 61.09 37 18 38 136 25188 3 1052344 88926 1.6 17 10 8 12 48% 30758 10552 2375 121%
c - 62.63 37 22 38 137 27652 4 1064006 87404 1.7 18 11 8 12 48% 30758 10552 2375 121%
c u 64.21 41 25 38 137 29695 4 1073616 96618 1.7 19 11 8 12 48% 30758 10552 2375 121%
c v 64.46 41 25 38 137 29695 4 1073616 96364 1.7 19 11 8 12 48% 30758 10552 2375 121%
c w 64.56 41 25 38 137 29695 4 1073616 96354 1.7 19 11 8 12 48% 30758 10552 2375 121%
c - 64.91 38 25 38 138 30134 5 1075711 86797 1.7 19 11 8 12 48% 30758 10552 2375 121%
c o 65.02 37 25 38 138 30301 5 1076518 87597 1.7 19 11 8 12 48% 30758 10552 2375 121%
c - 66.53 38 28 38 139 32604 5 1087458 86780 1.7 21 12 8 12 48% 30758 10552 2375 121%
c - 68.24 38 31 38 140 35081 6 1099247 86751 1.7 22 12 8 12 48% 30758 10552 2375 121%
c - 69.99 38 34 38 141 37332 7 1111079 86658 1.8 23 13 8 12 48% 30758 10552 2375 121%
c - 71.80 38 36 38 142 39648 7 1122953 86441 1.8 24 13 8 12 48% 30758 10552 2375 121%
c - 73.29 38 38 38 143 41589 7 1134870 86354 1.8 24 14 8 12 48% 30758 10552 2375 121%
c } 73.31 37 38 39 143 41624 7 1135043 86524 1.8 25 14 8 12 48% 30758 10552 2375 121%
c [ 73.31 37 23 39 143 41624 1 1135043 86524 2.0 27 14 8 16 50% 30758 10552 2375 121%
c W 73.55 30 23 39 143 41624 1 1135043 86524 2.0 27 14 8 16 50% 30758 10552 2375 121%
c - 74.25 30 24 39 144 41630 1 1146829 86860 1.9 26 14 8 16 50% 30758 10552 2375 121%
c - 75.04 30 23 39 145 41637 1 1158830 88232 1.9 26 14 8 16 50% 30758 10552 2375 121%
c - 75.82 30 23 39 146 41641 1 1170871 88288 1.9 26 14 8 16 50% 30758 10552 2375 121%
c u 76.32 41 23 39 146 41641 1 1171854 88434 1.9 26 14 8 16 50% 30758 10552 2375 121%
c v 76.71 41 23 39 146 41641 1 1171854 87742 1.9 26 14 8 16 50% 30758 10552 2375 121%
c
c  seconds   switched      rate           size/glue  tier1     binary         remaining
c         MB   reductions     conflicts         size   tier2       irredundant
c          level     restarts        redundant     glue    trail         variables
c
c w 76.85 41 23 39 146 41641 1 1171854 86874 1.9 26 14 8 16 50% 30758 10552 2375 121%
c - 77.64 37 23 39 147 41648 1 1182955 85383 1.9 26 14 8 16 50% 30758 10552 2375 121%
c - 78.49 38 23 39 148 41653 1 1195079 84374 1.9 25 14 8 16 51% 30758 10552 2375 121%
c - 79.29 37 22 39 149 41654 1 1207245 84607 1.9 25 14 8 16 51% 30758 10552 2375 121%
c O 79.73 37 22 39 149 41654 1 1213471 90458 1.9 25 14 8 16 51% 30758 10552 2375 121%
c - 80.14 35 22 39 150 41657 1 1219451 85628 1.8 25 13 8 16 51% 30758 10552 2375 121%
c - 80.90 37 22 39 151 41664 1 1231698 85975 1.8 24 13 8 16 51% 30758 10552 2375 121%
c - 81.69 38 22 39 152 41669 1 1243986 85171 1.8 25 13 8 16 50% 30758 10552 2375 121%
c - 82.54 37 21 39 153 41675 1 1256314 86315 1.8 24 13 8 16 50% 30758 10552 2375 121%
c - 83.46 37 21 39 154 41682 1 1268683 86477 1.8 24 13 8 15 50% 30758 10552 2375 121%
c u 84.23 41 21 39 154 41684 1 1274866 91342 1.8 24 13 8 15 50% 30758 10552 2375 121%
c v 84.51 41 21 39 154 41684 1 1274866 89606 1.8 24 13 8 15 50% 30758 10552 2375 121%
c w 84.61 41 21 39 154 41684 1 1274866 87951 1.8 24 13 8 15 50% 30758 10552 2375 121%
c o 84.63 41 21 39 154 41684 1 1274866 87951 1.8 24 13 8 15 50% 30758 10552 2375 121%
c - 85.00 37 28 39 155 41684 1 1281092 80153 1.7 25 14 8 16 50% 30758 10552 2375 121%
c ] 85.64 37 30 40 155 41685 1 1291613 90378 1.7 25 15 8 16 50% 30758 10552 2375 121%
c { 85.64 37 38 40 155 41685 7 1291613 90378 1.8 25 14 8 12 48% 30758 10552 2375 121%
c - 85.78 37 37 40 156 41712 7 1293541 78202 1.8 24 14 8 12 48% 30758 10552 2375 121%
c - 86.51 37 35 40 157 41736 7 1306030 79336 1.8 24 13 8 12 48% 30758 10552 2375 121%
c - 87.18 37 33 40 158 41760 6 1318559 80709 1.8 23 13 8 12 48% 30758 10552 2375 121%
c
c  seconds   switched      rate           size/glue  tier1     binary         remaining
c         MB   reductions     conflicts         size   tier2       irredundant
c          level     restarts        redundant     glue    trail         variables
c
c - 87.87 35 31 40 159 41770 5 1331128 80986 1.8 23 13 8 12 48% 30758 10552 2375 121%
c - 88.59 37 29 40 160 41770 5 1343738 80696 1.8 22 12 8 12 48% 30758 10552 2375 121%
c - 89.38 38 27 40 161 41775 5 1356387 81335 1.8 21 12 8 12 48% 30758 10552 2375 121%
c - 90.05 37 26 40 162 41825 4 1369075 83706 1.8 21 12 8 12 48% 30758 10552 2375 121%
c - 90.71 37 25 40 163 41885 4 1381803 86635 1.8 21 12 8 12 48% 30758 10552 2375 121%
c u 91.03 41 25 40 163 41892 4 1382703 86754 1.8 21 12 8 12 48% 30758 10552 2375 121%
c v 91.25 41 25 40 163 41892 4 1382703 85777 1.8 21 12 8 12 48% 30758 10552 2375 121%
c w 91.33 41 25 40 163 41892 4 1382703 85429 1.8 21 12 8 12 48% 30758 10552 2375 121%
c } 91.37 35 25 41 163 41912 4 1383085 85799 1.8 21 12 8 12 48% 30758 10552 2375 121%
c [ 91.37 35 30 41 163 41912 1 1383085 85799 1.7 25 15 8 16 50% 30758 10552 2375 121%
c B 91.37 35 30 41 163 41912 1 1383085 85799 1.7 25 15 8 16 50% 30758 10552 2375 121%
c - 92.09 37 29 41 164 41918 1 1394572 84097 1.7 25 15 8 16 50% 30758 10552 2375 121%
c - 92.91 37 28 41 165 41925 1 1407379 84134 1.7 25 15 8 16 50% 30758 10552 2375 121%
c - 93.75 37 28 41 166 41930 1 1420225 84120 1.7 25 14 8 16 50% 30758 10552 2375 121%
c - 94.65 37 27 41 167 41937 1 1433110 84726 1.8 25 14 8 16 50% 30758 10552 2375 121%
c - 95.48 37 26 41 168 41941 1 1446032 85417 1.8 25 14 8 16 50% 30758 10552 2375 121%
c - 96.40 37 26 41 169 41942 1 1458993 85836 1.8 25 14 8 16 50% 30758 10552 2375 121%
c ] 96.45 35 26 42 169 41942 1 1459588 86420 1.8 25 14 8 16 50% 30758 10552 2375 121%
c { 96.45 35 25 42 169 41942 4 1459588 86420 1.8 21 12 8 12 48% 30758 10552 2375 121%
c o 96.45 35 25 42 169 41947 4 1459622 86454 1.8 21 12 8 12 48% 30758 10552 2375 121%
c
c  seconds   switched      rate           size/glue  tier1     binary         remaining
c         MB   reductions     conflicts         size   tier2       irredundant
c          level     restarts        redundant     glue    trail         variables
c
c - 97.10 37 24 42 170 41978 4 1471993 73122 1.8 20 12 7 12 48% 30758 10552 2375 121%
c - 97.76 37 23 42 171 42081 3 1485033 70724 1.8 20 11 7 12 48% 30758 10552 2375 121%
c u 98.54 38 22 42 171 42212 3 1495364 79226 1.8 20 11 7 12 48% 30758 10552 2375 121%
c v 98.73 39 22 42 171 42212 3 1495364 75617 1.8 20 11 7 12 48% 30758 10552 2375 121%
c w 98.80 39 22 42 171 42212 3 1495364 74867 1.8 20 11 7 12 48% 30758 10552 2375 121%
c - 99.07 37 22 42 172 42255 3 1498110 68700 1.8 20 11 7 12 48% 30758 10552 2375 121%
c - 99.76 37 21 42 173 42305 3 1511225 70105 1.8 19 11 7 12 48% 30758 10552 2375 121%
c - 100.43 37 21 42 174 42348 3 1524378 71347 1.8 19 11 7 12 48% 30758 10552 2375 121%
c - 101.11 37 20 42 175 42453 3 1537568 72866 1.7 19 11 7 12 48% 30758 10552 2375 121%
c - 101.86 37 20 42 176 42819 3 1550796 74562 1.7 19 11 7 12 48% 30758 10552 2375 121%
c } 102.31 37 20 43 176 42970 3 1559561 82685 1.7 19 11 7 12 48% 30758 10552 2375 121%
c [ 102.31 37 26 43 176 42970 1 1559561 82685 1.8 25 14 8 16 50% 30758 10552 2375 121%
c W 102.64 30 26 43 176 42970 1 1559561 82685 1.8 25 14 8 16 50% 30758 10552 2375 121%
c - 102.89 30 26 43 177 42973 1 1564062 76139 1.8 25 14 8 16 50% 30758 10552 2375 121%
c - 103.71 30 25 43 178 42981 1 1577367 76658 1.7 25 14 8 16 50% 30758 10552 2375 121%
c - 104.56 30 24 43 179 42984 1 1590709 78337 1.7 24 14 8 16 50% 30758 10552 2375 121%
c - 105.46 30 24 43 180 42991 1 1604090 79792 1.8 24 14 8 16 50% 30758 10552 2375 121%
c u 106.29 41 23 43 180 42998 1 1612927 87104 1.8 24 14 8 16 50% 30758 10552 2375 121%
c v 106.56 41 23 43 180 42998 1 1612927 78986 1.8 24 14 8 16 50% 30758 10552 2375 121%
c w 106.66 41 23 43 180 42998 1 1612927 72160 1.8 24 14 8 16 50% 30758 10552 2375 121%
c
c  seconds    switched      rate           size/glue  tier1     binary         remaining
c          MB   reductions     conflicts         size   tier2       irredundant
c           level     restarts        redundant     glue    trail         variables
c
c - 106.97 35 23 43 181 42999 1 1617506 68484 1.8 24 14 8 16 50% 30758 10552 2375 121%
c - 107.79 37 23 43 182 43000 1 1630960 74505 1.8 24 13 8 16 50% 30758 10552 2375 121%
c ] 108.26 37 22 44 182 43000 1 1638677 81649 1.8 24 13 8 16 50% 30758 10552 2375 121%
c { 108.26 37 20 44 182 43000 3 1638677 81649 1.7 19 11 7 12 48% 30758 10552 2375 121%
c o 108.30 34 19 44 182 43010 3 1639342 82268 1.7 19 11 7 12 48% 30758 10552 2375 121%
c - 108.59 35 19 44 183 43105 2 1644451 79260 1.7 19 11 7 12 48% 30758 10552 2375 121%
c - 109.34 37 19 44 184 43432 2 1657978 81085 1.7 18 11 7 12 48% 30758 10552 2375 121%
c - 110.14 37 19 44 185 43820 2 1671543 81825 1.7 18 11 7 12 48% 30758 10552 2375 121%
c - 110.92 37 19 44 186 44138 2 1685144 83132 1.7 18 11 7 12 48% 30758 10552 2375 121%
c - 111.73 37 19 44 187 44469 2 1698782 84800 1.7 18 10 7 12 48% 30758 10552 2375 121%
c - 112.45 37 18 44 188 44787 2 1712456 85420 1.7 18 10 7 12 48% 30758 10552 2375 121%
c - 113.25 37 18 44 189 45010 2 1726168 85920 1.7 18 10 7 12 48% 30758 10552 2375 121%
c u 114.10 39 18 44 189 45332 2 1735417 93355 1.7 18 10 7 12 48% 30758 10552 2375 121%
c v 114.35 41 18 44 189 45332 2 1735417 89576 1.7 18 10 7 12 48% 30758 10552 2375 121%
c w 114.44 41 18 44 189 45332 2 1735417 89344 1.7 18 10 7 12 48% 30758 10552 2375 121%
c - 115.76 37 18 44 190 45533 2 1739916 83661 1.7 18 10 7 12 48% 30758 10552 2375 121%
c } 116.21 37 18 45 190 45902 2 1747508 90600 1.7 18 10 7 12 48% 30758 10552 2375 121%
c [ 116.21 37 22 45 190 45902 1 1747508 90600 1.8 24 13 8 16 50% 30758 10552 2375 121%
c I 116.21 37 22 45 190 45902 1 1747508 90600 1.8 24 13 8 16 50% 30758 10552 2375 121%
c - 116.55 38 23 45 191 45907 1 1753700 84898 1.8 25 14 8 16 50% 30758 10552 2375 121%
c
c  seconds    switched      rate           size/glue  tier1     binary         remaining
c          MB   reductions     conflicts         size   tier2       irredundant
c           level     restarts        redundant     glue    trail         variables
c
c - 117.32 37 23 45 192 45914 1 1767520 83683 1.8 25 14 8 16 50% 30758 10552 2375 121%
c - 118.12 38 23 45 193 45918 1 1781376 84470 1.8 25 14 8 16 50% 30758 10552 2375 121%
c - 118.97 37 23 45 194 45926 1 1795268 84686 1.8 25 14 8 16 50% 30758 10552 2375 121%
c - 119.84 37 22 45 195 45931 1 1809196 84518 1.8 24 13 8 16 50% 30758 10552 2375 121%
c - 120.74 38 22 45 196 45932 1 1823163 84665 1.8 24 14 8 16 50% 30758 10552 2375 121%
c - 121.69 37 22 45 197 45938 1 1837166 84771 1.8 24 13 8 15 50% 30758 10552 2375 121%
c ] 122.18 37 21 46 197 45942 1 1844576 91807 1.8 24 13 8 15 50% 30758 10552 2375 121%
c { 122.18 37 18 46 197 45942 2 1844576 91807 1.7 18 10 7 12 48% 30758 10552 2375 121%
c o 122.18 37 18 46 197 45950 2 1844618 91849 1.7 18 10 7 12 48% 30758 10552 2375 121%
c - 122.65 38 18 46 198 46302 2 1851201 86807 1.7 18 10 7 12 48% 30758 10552 2375 121%
c u 123.62 41 18 46 198 46481 2 1862860 96015 1.7 18 10 7 12 48% 30758 10552 2375 121%
c v 123.91 41 18 46 198 46481 2 1862860 91748 1.7 18 10 7 12 48% 30758 10552 2375 121%
c w 124.02 41 18 46 198 46481 2 1862860 90376 1.7 18 10 7 12 48% 30758 10552 2375 121%
c - 124.21 37 18 46 199 46626 2 1865274 84836 1.7 18 10 7 12 48% 30758 10552 2375 121%
c - 125.04 38 18 46 200 47170 2 1879380 87362 1.7 18 10 7 12 48% 30758 10552 2375 121%
c - 125.92 38 18 46 201 47864 2 1893522 88876 1.7 18 10 7 12 48% 30758 10552 2375 121%
c - 126.77 38 18 46 202 48500 2 1907699 89644 1.7 17 10 7 12 48% 30758 10552 2375 121%
c - 127.61 38 18 46 203 49031 2 1921911 90235 1.7 17 10 7 12 48% 30758 10552 2375 121%
c - 128.49 38 18 46 204 49697 2 1936158 90537 1.7 17 10 7 12 48% 30758 10552 2375 121%
c - 129.29 38 17 46 205 49980 2 1950441 91214 1.7 17 10 7 12 48% 30758 10552 2375 121%
c
c  seconds    switched      rate            size/glue  tier1     binary         remaining
c          MB   reductions     conflicts          size   tier2       irredundant
c           level     restarts        redundant      glue    trail         variables
c
c } 130.01 38 17 47 205 50396 2 1962620 102277 1.7 17 10 7 12 48% 30758 10552 2375 121%
c [ 130.01 38 21 47 205 50396 1 1962620 102277 1.8 24 13 8 15 50% 30758 10552 2375 121%
c B 130.01 38 21 47 205 50396 1 1962620 102277 1.8 24 13 8 15 50% 30758 10552 2375 121%
c - 130.16 38 21 47 206 50398 1 1964758 91692 1.8 24 13 8 15 50% 30758 10552 2375 121%
c - 131.02 37 21 47 207 50406 1 1979112 92287 1.8 24 13 8 15 50% 30758 10552 2375 121%
c - 131.98 38 20 47 208 50410 1 1993499 92779 1.8 23 13 8 15 50% 30758 10552 2375 121%
c u 132.46 41 20 47 208 50410 1 1995284 93488 1.8 23 13 8 15 50% 30758 10552 2375 121%
c v 132.77 41 20 47 208 50410 1 1995284 85399 1.8 23 13 8 15 50% 30758 10552 2375 121%
c w 132.88 41 20 47 208 50410 1 1995284 80087 1.8 23 13 8 15 50% 30758 10552 2375 121%
c - 133.69 37 20 47 209 50418 1 2007921 82925 1.8 23 13 7 15 49% 30758 10552 2375 121%
c - 134.64 38 21 47 210 50425 1 2022380 88055 1.8 24 13 7 15 49% 30758 10552 2375 121%
c - 135.64 37 21 47 211 50426 1 2036872 89588 1.8 24 13 7 15 49% 30758 10552 2375 121%
c - 136.71 37 22 47 212 50432 1 2051397 88940 1.8 24 13 7 15 49% 30758 10552 2375 121%
c ] 137.53 37 22 48 212 50438 1 2062478 99277 1.8 24 13 7 15 49% 30758 10552 2375 121%
c { 137.53 37 17 48 212 50438 2 2062478 99277 1.7 17 10 7 12 48% 30758 10552 2375 121%
c o 137.53 37 17 48 212 50451 2 2062549 99340 1.7 17 10 7 12 48% 30758 10552 2375 121%
c - 137.79 38 17 48 213 50588 2 2065958 89740 1.7 17 10 7 12 48% 30758 10552 2375 121%
c - 138.81 38 18 48 214 51368 2 2080552 93074 1.7 17 10 7 12 48% 30758 10552 2375 121%
c - 139.73 38 17 48 215 52012 2 2095182 94333 1.7 17 10 7 12 48% 30758 10552 2375 121%
c - 140.71 38 18 48 216 52818 2 2109846 94760 1.7 17 10 7 12 48% 30758 10552 2375 121%
c
c  seconds    switched      rate           size/glue  tier1     binary         remaining
c          MB   reductions     conflicts         size   tier2       irredundant
c           level     restarts        redundant     glue    trail         variables
c
c - 141.63 38 17 48 217 53484 2 2124542 94908 1.7 17 10 7 12 48% 30758 10552 2375 121%
c u 142.51 41 18 48 217 53898 2 2132737 100250 1.7 17 10 7 12 48% 30758 10552 2375 121%
c v 142.85 41 18 48 217 53898 2 2132737 97066 1.7 17 10 7 12 48% 30758 10552 2375 121%
c w 142.97 41 18 48 217 53898 2 2132737 96863 1.7 17 10 7 12 48% 30758 10552 2375 121%
c - 143.39 37 17 48 218 54152 2 2139272 90858 1.7 17 10 7 12 48% 30758 10552 2375 121%
c - 144.28 38 18 48 219 54789 2 2154039 92371 1.7 17 10 7 12 48% 30758 10552 2375 121%
c - 145.20 38 17 48 220 55270 2 2168838 94211 1.7 17 10 7 12 48% 30758 10552 2375 121%
c - 146.15 38 17 48 221 55883 2 2183670 94866 1.7 17 10 7 12 48% 30758 10552 2375 121%
c } 146.59 38 18 49 221 56331 2 2190088 100696 1.7 17 10 7 12 48% 30758 10552 2375 121%
c [ 146.59 38 22 49 221 56331 1 2190088 100696 1.8 24 13 7 15 49% 30758 10552 2375 121%
c W 147.13 30 22 49 221 56331 1 2190088 100696 1.8 24 13 7 15 49% 30758 10552 2375 121%
c - 147.58 30 22 49 222 56337 1 2198539 95629 1.8 24 13 7 15 49% 30758 10552 2375 121%
c - 148.52 30 21 49 223 56344 1 2213440 97615 1.8 23 13 7 15 49% 30758 10552 2375 121%
c - 149.47 30 21 49 224 56350 1 2228375 98644 1.8 23 13 7 15 49% 30758 10552 2375 121%
c - 150.58 37 20 49 225 56358 1 2243341 99520 1.8 23 13 7 15 49% 30758 10552 2375 121%
c - 151.58 37 21 49 226 56361 1 2258341 99560 1.8 23 13 7 15 49% 30758 10552 2375 121%
c - 152.58 38 22 49 227 56363 1 2273376 98368 1.8 24 13 7 15 49% 30758 10552 2375 121%
c u 153.13 41 22 49 227 56364 1 2275245 98099 1.8 24 13 7 15 49% 30758 10552 2375 121%
c v 153.47 41 22 49 227 56364 1 2275245 97962 1.8 24 13 7 15 49% 30758 10552 2375 121%
c w 153.60 41 22 49 227 56364 1 2275245 97524 1.8 24 13 7 15 49% 30758 10552 2375 121%
c
c  seconds    switched      rate           size/glue  tier1     binary         remaining
c          MB   reductions     conflicts         size   tier2       irredundant
c           level     restarts        redundant     glue    trail         variables
c
c o 153.62 41 22 49 227 56364 1 2275245 97524 1.8 24 13 7 15 49% 30758 10552 2375 121%
c - 154.46 38 23 49 228 56371 1 2288443 96582 1.8 24 13 7 15 50% 30758 10552 2375 121%
c - 155.52 37 22 49 229 56376 1 2303542 97272 1.8 24 13 7 15 50% 30758 10552 2375 121%
c O 155.59 37 22 49 229 56376 1 2304427 98135 1.8 24 13 7 15 50% 30758 10552 2375 121%
c ] 155.87 37 22 50 229 56379 1 2308682 101923 1.8 24 13 7 15 50% 30758 10552 2375 121%
c { 155.87 37 18 50 229 56379 2 2308682 101923 1.7 17 10 7 12 48% 30758 10552 2375 121%
c - 156.49 37 17 50 230 56399 2 2318675 97070 1.7 17 10 7 12 48% 30758 10552 2375 121%
c - 157.39 38 16 50 231 56418 2 2333840 95981 1.6 16 10 7 12 48% 30758 10552 2375 121%
c - 158.30 38 15 50 232 56467 2 2349039 96128 1.6 16 10 7 12 48% 30758 10552 2375 121%
c - 159.22 38 15 50 233 56520 2 2364272 97550 1.7 16 10 7 12 48% 30758 10552 2375 121%
c - 160.13 37 14 50 234 56525 2 2379536 97868 1.7 16 9 7 12 48% 30758 10552 2375 121%
c - 161.09 38 14 50 235 56651 2 2394834 99130 1.6 15 9 7 12 48% 30758 10552 2375 121%
c - 161.98 38 13 50 236 56738 2 2410163 101538 1.7 15 9 7 12 48% 30758 10552 2375 121%
c u 163.10 41 13 50 236 56795 2 2422859 109152 1.6 15 9 7 12 48% 30758 10552 2375 121%
c v 163.47 43 13 50 236 56795 2 2422859 106853 1.6 15 9 7 12 48% 30758 10552 2375 121%
c w 163.61 43 13 50 236 56795 2 2422859 106723 1.6 15 9 7 12 48% 30758 10552 2375 121%
c - 163.81 37 13 50 237 56823 2 2425525 97966 1.6 15 9 7 12 48% 30758 10552 2375 121%
c - 164.71 38 13 50 238 56875 2 2440920 99746 1.6 15 9 7 12 48% 30758 10552 2375 121%
c } 165.03 37 13 51 238 56954 1 2446210 103948 1.6 15 9 7 12 48% 30758 10552 2375 121%
c [ 165.03 37 22 51 238 56954 1 2446210 103948 1.8 24 13 7 15 50% 30758 10552 2375 121%
c
c  seconds    switched      rate            size/glue  tier1     binary         remaining
c          MB   reductions     conflicts          size   tier2       irredundant
c           level     restarts        redundant      glue    trail         variables
c
c B 165.03 37 22 51 238 56954 1 2446210 103948 1.8 24 13 7 15 50% 30758 10552 2375 121%
c - 165.65 38 22 51 239 56960 1 2456347 102969 1.8 24 13 7 15 50% 30758 10552 2375 121%
c - 166.66 37 21 51 240 56968 1 2471808 104932 1.8 24 13 7 15 50% 30758 10552 2375 121%
c - 167.74 39 21 51 241 56975 1 2487300 106180 1.8 24 13 7 15 50% 30758 10552 2375 121%
c - 168.99 39 21 51 242 56982 1 2502825 107742 1.8 24 13 7 15 50% 30758 10552 2375 121%
c - 170.03 38 21 51 243 56984 1 2518382 107657 1.8 24 13 7 15 50% 30758 10552 2375 121%
c - 171.12 37 21 51 244 56989 1 2533970 105643 1.8 24 13 7 15 50% 30758 10552 2375 121%
c - 172.17 38 21 51 245 56998 1 2549591 104917 1.8 24 13 7 15 50% 30758 10552 2375 121%
c ] 173.21 39 20 52 245 57002 1 2564299 118576 1.8 24 13 7 15 50% 30758 10552 2375 121%
c { 173.21 39 13 52 245 57002 1 2564299 118576 1.6 15 9 7 12 48% 30758 10552 2375 121%
c o 173.22 39 13 52 245 57008 1 2564335 118611 1.6 15 9 7 12 48% 30758 10552 2375 121%
c - 173.35 39 13 52 246 57166 2 2565243 104041 1.6 15 9 7 12 48% 30758 10552 2375 121%
c u 174.72 41 14 52 246 59177 2 2575580 113305 1.6 15 9 7 12 48% 30758 10552 2375 121%
c v 175.03 43 14 52 246 59177 2 2575580 108951 1.6 15 9 7 12 48% 30758 10552 2375 121%
c w 175.14 43 14 52 246 59177 2 2575580 104352 1.6 15 9 7 12 48% 30758 10552 2375 121%
c - 175.74 38 14 52 247 59851 2 2580928 98130 1.6 15 10 7 12 48% 30758 10552 2375 121%
c - 176.98 37 15 52 248 61625 2 2596644 100964 1.6 16 10 7 12 48% 30758 10552 2375 121%
c - 178.26 38 16 52 249 63230 2 2612393 101479 1.6 16 10 7 12 48% 30758 10552 2375 121%
c - 179.49 39 16 52 250 64531 3 2628176 101966 1.6 16 10 7 12 48% 30758 10552 2375 121%
c - 180.73 39 17 52 251 65669 3 2643988 102003 1.6 16 10 7 12 48% 30758 10552 2375 121%
c
c  seconds    switched      rate            size/glue  tier1     binary         remaining
c          MB   reductions     conflicts          size   tier2       irredundant
c           level     restarts        redundant      glue    trail         variables
c
c - 181.86 39 17 52 252 66712 3 2659833 101932 1.6 16 10 7 12 48% 30758 10552 2375 121%
c - 182.96 39 17 52 253 67566 3 2675707 102356 1.6 16 10 7 12 48% 30758 10552 2375 121%
c - 184.01 39 17 52 254 68354 3 2691614 104192 1.6 17 10 7 12 48% 30758 10552 2375 121%
c - 185.09 39 17 52 255 69114 3 2707552 106411 1.6 17 10 7 12 48% 30758 10552 2375 121%
c } 185.39 38 17 53 255 69315 3 2712086 110458 1.6 17 10 7 12 48% 30758 10552 2375 121%
c [ 185.39 38 20 53 255 69315 1 2712086 110458 1.8 24 13 7 15 50% 30758 10552 2375 121%
c W 186.08 30 20 53 255 69315 1 2712086 110458 1.8 24 13 7 15 50% 30758 10552 2375 121%
c - 186.76 30 21 53 256 69321 1 2723521 105838 1.8 24 13 7 15 50% 30758 10552 2375 121%
c u 187.86 43 21 53 256 69328 1 2733461 114205 1.8 24 13 7 15 50% 30758 10552 2375 121%
c v 188.29 43 21 53 256 69328 1 2733461 114021 1.8 24 13 7 15 50% 30758 10552 2375 121%
c w 188.44 43 21 53 256 69328 1 2733461 113526 1.8 24 13 7 15 50% 30758 10552 2375 121%
c - 188.92 37 21 53 257 69329 1 2739521 102496 1.8 24 13 7 15 50% 30758 10552 2375 121%
c - 190.01 38 21 53 258 69336 1 2755553 103592 1.8 24 13 7 15 50% 30758 10552 2375 121%
c - 191.16 38 21 53 259 69344 1 2771615 105845 1.8 24 13 7 15 50% 30758 10552 2375 121%
c - 192.41 39 21 53 260 69345 1 2787708 106194 1.8 24 13 7 15 50% 30758 10552 2375 121%
c - 193.63 38 22 53 261 69352 1 2803836 103355 1.8 25 14 7 15 50% 30758 10552 2375 121%
c - 194.87 39 22 53 262 69360 1 2819992 99915 1.8 26 14 7 15 51% 30758 10552 2375 121%
c - 196.16 38 22 53 263 69367 1 2836178 101363 1.9 26 14 7 15 51% 30758 10552 2375 121%
c I 196.88 38 22 53 263 69373 1 2846326 111153 1.9 26 14 7 15 51% 30758 10552 2375 121%
c o 196.89 38 22 53 263 69373 1 2846326 111153 1.9 26 14 7 15 51% 30758 10552 2375 121%
c
c  seconds    switched      rate           size/glue  tier1     binary         remaining
c          MB   reductions     conflicts         size   tier2       irredundant
c           level     restarts        redundant     glue    trail         variables
c
c - 197.32 37 28 53 264 69375 1 2852396 99936 1.8 27 15 7 15 50% 30758 10552 2375 121%
c ] 197.84 38 28 54 264 69376 1 2861450 108678 1.8 27 15 7 15 50% 30758 10552 2375 121%
c { 197.84 38 17 54 264 69376 3 2861450 108678 1.6 17 10 7 12 48% 30758 10552 2375 121%
c - 198.96 39 20 54 265 70896 3 2868646 95776 1.7 18 11 7 12 48% 30758 10552 2375 121%
c - 201.54 39 25 54 266 74354 4 2884925 92478 1.7 20 12 7 12 48% 30758 10552 2375 121%
c u 204.05 41 28 54 266 76789 5 2896500 102823 1.7 21 12 7 12 48% 30758 10552 2375 121%
c v 204.63 43 28 54 266 76789 5 2896500 102506 1.7 21 12 7 12 48% 30758 10552 2375 121%
c w 204.85 43 28 54 266 76789 5 2896500 102466 1.7 21 12 7 12 48% 30758 10552 2375 121%
c - 205.81 38 29 54 267 77761 5 2901236 87101 1.7 22 13 7 12 48% 30758 10552 2375 121%
c - 208.65 38 32 54 268 81156 6 2917579 84682 1.7 24 13 7 12 48% 30758 10552 2375 121%
c - 211.23 38 35 54 269 84465 7 2933949 68417 1.8 25 14 6 12 48% 30758 10552 2375 121%
c - 213.51 37 38 54 270 87325 7 2950350 64392 1.8 26 15 6 12 48% 30758 10552 2375 121%
c - 215.81 37 40 54 271 89566 7 2966781 64303 1.8 27 15 6 12 48% 30758 10552 2375 121%
c - 217.82 37 41 54 272 91876 8 2983246 64691 1.8 28 15 6 12 48% 30758 10552 2375 121%
c - 219.81 37 42 54 273 93648 7 2999739 64764 1.9 29 16 6 12 48% 30758 10552 2375 121%
c - 221.61 37 42 54 274 95321 7 3016262 65537 1.9 30 16 6 12 48% 30758 10552 2375 121%
c } 222.00 37 43 55 274 95736 7 3019844 69084 1.9 30 16 6 12 48% 30758 10552 2375 121%
c [ 222.00 37 28 55 274 95736 1 3019844 69084 1.8 27 15 7 15 50% 30758 10552 2375 121%
c B 222.00 37 28 55 274 95736 1 3019844 69084 1.8 27 15 7 15 50% 30758 10552 2375 121%
c - 222.87 37 28 55 275 95743 1 3032815 66845 1.8 27 15 7 15 51% 30758 10552 2375 121%
c
c  seconds    switched      rate           size/glue  tier1     binary         remaining
c          MB   reductions     conflicts         size   tier2       irredundant
c           level     restarts        redundant     glue    trail         variables
c
c - 224.01 37 26 55 276 95750 1 3049401 70221 1.8 27 15 7 15 51% 30758 10552 2375 121%
c u 225.85 39 27 55 276 95757 1 3064749 81719 1.8 27 15 7 15 51% 30758 10552 2375 121%
c v 226.64 41 27 55 276 95757 1 3064749 80476 1.8 27 15 7 15 51% 30758 10552 2375 121%
c w 226.91 43 27 55 276 95757 1 3064749 78220 1.8 27 15 7 15 51% 30758 10552 2375 121%
c - 227.22 35 27 55 277 95759 1 3066014 65404 1.8 27 15 7 15 51% 30758 10552 2375 121%
c - 228.40 37 26 55 278 95765 1 3082657 66360 1.8 27 15 7 15 51% 30758 10552 2375 121%
c - 229.64 34 25 55 279 95766 1 3099333 69161 1.9 27 15 7 15 50% 30758 10552 2375 121%
c - 230.84 37 25 55 280 95775 1 3116037 69624 1.9 27 14 7 15 51% 30758 10552 2375 121%
c - 232.11 37 24 55 281 95781 1 3132770 70024 1.9 27 14 7 15 51% 30758 10552 2375 121%
c - 233.34 37 24 55 282 95791 1 3149534 71719 1.9 27 14 7 15 50% 30758 10552 2375 121%
c - 234.65 37 24 55 283 95796 1 3166326 71762 1.9 26 14 7 15 50% 30758 10552 2375 121%
c W 235.71 30 24 55 283 95797 1 3168033 73392 1.9 26 14 7 15 50% 30758 10552 2375 121%
c o 235.71 30 24 55 283 95797 1 3168033 73392 1.9 26 14 7 15 50% 30758 10552 2375 121%
c - 236.58 30 32 55 284 95797 1 3183149 65451 1.7 28 16 7 15 50% 30758 10552 2375 121%
c - 237.58 30 32 55 285 95798 1 3200002 59754 1.7 27 16 7 15 50% 30758 10552 2375 121%
c - 238.60 30 31 55 286 95799 1 3216883 62555 1.7 27 16 7 15 50% 30758 10552 2375 121%
c - 239.66 30 29 55 287 95809 1 3233794 66792 1.7 27 15 7 15 50% 30758 10552 2375 121%
c u 240.38 30 29 55 287 95812 1 3238232 69050 1.7 26 15 7 15 50% 30758 10552 2375 121%
c v 240.83 39 29 55 287 95812 1 3238232 68611 1.7 26 15 7 15 50% 30758 10552 2375 121%
c w 241.00 41 29 55 287 95812 1 3238232 68039 1.7 26 15 7 15 50% 30758 10552 2375 121%
c
c  seconds    switched      rate           size/glue  tier1     binary         remaining
c          MB   reductions     conflicts         size   tier2       irredundant
c           level     restarts        redundant     glue    trail         variables
c
c - 241.86 37 27 55 288 95815 1 3250735 67881 1.8 26 15 7 15 50% 30758 10552 2375 121%
c - 243.02 37 26 55 289 95825 1 3267705 69402 1.8 26 15 7 15 50% 30758 10552 2375 121%
c - 244.14 37 26 55 290 95829 1 3284707 69160 1.8 26 14 7 15 50% 30758 10552 2375 121%
c - 245.48 37 27 55 291 95832 1 3301737 65926 1.8 27 15 7 15 51% 30758 10552 2375 121%
c ] 246.40 37 26 56 291 95839 1 3313943 77288 1.8 27 15 7 15 51% 30758 10552 2375 121%
c { 246.40 37 43 56 291 95839 7 3313943 77288 1.9 30 16 6 12 48% 30758 10552 2375 121%
c - 246.78 35 42 56 292 95845 7 3318797 65035 1.9 30 16 6 12 48% 30758 10552 2375 121%
c - 248.06 37 38 56 293 95845 6 3335887 71104 1.9 29 15 6 12 49% 30758 10552 2375 121%
c - 249.25 37 35 56 294 95865 5 3353004 75097 2.0 28 15 6 12 49% 30758 10552 2375 121%
c - 250.23 37 32 56 295 95879 5 3370150 76949 2.0 28 14 6 12 49% 30758 10552 2375 121%
c - 251.28 37 30 56 296 95925 4 3387325 77422 2.0 27 14 6 12 49% 30758 10552 2375 121%
c - 252.32 38 28 56 297 95953 4 3404529 77471 2.0 26 13 6 12 49% 30758 10552 2375 121%
c u 253.45 39 27 56 297 95954 3 3416975 86517 2.0 25 13 6 12 48% 30758 10552 2375 121%
c v 253.87 41 27 56 297 95954 3 3416975 80795 2.0 25 13 6 12 48% 30758 10552 2375 121%
c w 254.02 41 27 56 297 95954 3 3416975 79171 2.0 25 13 6 12 48% 30758 10552 2375 121%
c o 254.04 41 27 56 297 95954 3 3416975 79171 2.0 25 13 6 12 48% 30758 10552 2375 121%
c - 254.32 37 26 56 298 95981 3 3421762 69185 2.0 25 13 6 12 48% 30758 10552 2375 121%
c - 255.31 37 25 56 299 96061 3 3439025 72284 2.0 25 12 6 12 48% 30758 10552 2375 121%
c - 256.26 37 24 56 300 96086 3 3456318 77005 2.0 24 12 6 12 48% 30758 10552 2375 121%
c - 257.30 37 23 56 301 96178 3 3473639 78813 1.9 23 12 6 12 48% 30758 10552 2375 121%
c
c  seconds    switched      rate           size/glue  tier1     binary         remaining
c          MB   reductions     conflicts         size   tier2       irredundant
c           level     restarts        redundant     glue    trail         variables
c
c } 257.89 37 22 57 301 96203 3 3483285 87646 1.9 23 12 6 12 48% 30758 10552 2375 121%
c [ 257.89 37 26 57 301 96203 1 3483285 87646 1.8 27 15 7 15 51% 30758 10552 2375 121%
c O 257.89 37 26 57 301 96203 1 3483285 87646 1.8 27 15 7 15 51% 30758 10552 2375 121%
c - 258.38 37 26 57 302 96208 1 3490990 79220 1.8 27 15 7 15 51% 30758 10552 2375 121%
c - 259.56 37 25 57 303 96217 1 3508370 77743 1.8 26 14 7 15 51% 30758 10552 2375 121%
c - 260.76 37 25 57 304 96224 1 3525776 74482 1.8 26 14 7 15 51% 30758 10552 2375 121%
c - 262.05 37 23 57 305 96232 1 3543211 73562 1.8 26 14 7 15 51% 30758 10552 2375 121%
c - 263.36 37 23 57 306 96233 1 3560677 75289 1.8 26 14 7 15 51% 30758 10552 2375 121%
c - 264.72 37 23 57 307 96241 1 3578169 74845 1.8 26 14 7 15 50% 30758 10552 2375 121%
c - 266.13 35 22 57 308 96248 1 3595690 76438 1.9 25 14 7 15 50% 30758 10552 2375 121%
c u 266.98 39 22 57 308 96251 1 3601006 77239 1.8 25 14 7 15 50% 30758 10552 2375 121%
c v 267.45 41 22 57 308 96251 1 3601006 72855 1.8 25 14 7 15 50% 30758 10552 2375 121%
c w 267.64 41 22 57 308 96251 1 3601006 68626 1.8 25 14 7 15 50% 30758 10552 2375 121%
c - 268.48 37 22 57 309 96258 1 3613239 69159 1.8 25 14 7 15 50% 30758 10552 2375 121%
c ] 269.51 35 22 58 309 96263 1 3628275 83180 1.9 25 14 7 15 50% 30758 10552 2375 121%
c { 269.51 35 22 58 309 96263 3 3628275 83180 1.9 23 12 6 12 48% 30758 10552 2375 121%
c - 269.68 37 22 58 310 96290 3 3630818 75590 1.9 22 12 6 12 48% 30758 10552 2375 121%
c - 270.69 38 21 58 311 96452 2 3648426 81059 1.9 22 12 6 12 48% 30758 10552 2375 121%
c - 271.67 38 20 58 312 96583 2 3666061 83838 1.9 21 11 6 12 48% 30758 10552 2375 121%
c o 271.74 35 20 58 312 96585 2 3667160 84814 1.9 21 11 6 12 48% 30758 10552 2375 121%
c
c  seconds    switched      rate           size/glue  tier1     binary         remaining
c          MB   reductions     conflicts         size   tier2       irredundant
c           level     restarts        redundant     glue    trail         variables
c
c - 272.67 38 20 58 313 96712 2 3683726 84711 1.8 20 11 6 12 48% 30758 10552 2375 121%
c - 273.72 37 19 58 314 97032 2 3701419 85061 1.8 20 11 6 12 48% 30758 10552 2375 121%
c - 274.74 38 19 58 315 97300 2 3719141 86025 1.8 20 11 6 12 48% 30758 10552 2375 121%
c - 275.82 37 19 58 316 97696 2 3736889 86772 1.8 19 11 6 12 48% 30758 10552 2375 121%
c - 276.89 38 18 58 317 97926 2 3754667 87542 1.8 19 11 6 12 48% 30758 10552 2375 121%
c - 277.95 38 18 58 318 98273 2 3772472 88239 1.7 19 11 6 12 48% 30758 10552 2375 121%
c - 279.04 38 18 58 319 98787 2 3790304 88896 1.7 18 11 6 12 48% 30758 10552 2375 121%
c u 279.45 38 18 58 319 98791 2 3790348 83807 1.7 18 11 6 12 48% 30758 10552 2375 121%
c v 279.88 39 18 58 319 98791 2 3790348 78243 1.7 18 11 6 12 48% 30758 10552 2375 121%
c w 280.03 39 18 58 319 98791 2 3790348 77500 1.7 18 11 6 12 48% 30758 10552 2375 121%
c - 281.05 37 18 58 320 99312 2 3808167 81549 1.7 18 10 6 12 48% 30758 10552 2375 121%
c } 281.10 37 18 59 320 99357 2 3808904 82220 1.7 18 10 6 12 48% 30758 10552 2375 121%
c [ 281.10 37 22 59 320 99357 1 3808904 82220 1.9 25 14 7 15 50% 30758 10552 2375 121%
c B 281.10 37 22 59 320 99357 1 3808904 82220 1.9 25 14 7 15 50% 30758 10552 2375 121%
c - 282.13 38 21 59 321 99367 1 3826055 83739 1.8 25 13 7 15 50% 30758 10552 2375 121%
c - 283.24 37 21 59 322 99374 1 3843972 84302 1.9 25 13 6 15 50% 30758 10552 2375 121%
c - 284.56 38 20 59 323 99384 1 3861916 85849 1.8 24 13 6 15 50% 30758 10552 2375 121%
c - 285.84 37 20 59 324 99387 1 3879889 87543 1.8 24 13 6 15 50% 30758 10552 2375 121%
c - 287.00 38 21 59 325 99393 1 3897890 85305 1.9 24 13 6 15 50% 30758 10552 2375 121%
c - 288.28 37 21 59 326 99402 1 3915919 82152 1.9 25 13 6 15 50% 30758 10552 2375 121%
c
c  seconds    switched      rate           size/glue  tier1     binary         remaining
c          MB   reductions     conflicts         size   tier2       irredundant
c           level     restarts        redundant     glue    trail         variables
c
c - 289.63 38 21 59 327 99409 1 3933974 82766 1.9 25 13 6 15 50% 30758 10552 2375 121%
c - 290.93 37 21 59 328 99417 1 3952057 84954 1.9 25 13 6 15 50% 30758 10552 2375 121%
c ] 291.45 35 21 60 328 99418 1 3959138 91572 1.9 25 13 6 15 50% 30758 10552 2375 121%
c { 291.45 35 18 60 328 99418 2 3959138 91572 1.7 18 10 6 12 48% 30758 10552 2375 121%
c o 291.45 35 18 60 328 99423 2 3959168 91602 1.7 18 10 6 12 48% 30758 10552 2375 121%
c - 292.17 38 18 60 329 99689 2 3970167 86260 1.7 18 10 6 12 48% 30758 10552 2375 121%
c u 293.56 41 17 60 329 100134 2 3985030 93347 1.7 18 10 6 12 48% 30758 10552 2375 121%
c v 294.07 43 17 60 329 100134 2 3985030 92280 1.7 18 10 6 12 48% 30758 10552 2375 121%
c w 294.25 43 17 60 329 100134 2 3985030 90222 1.7 18 10 6 12 48% 30758 10552 2375 121%
c - 294.52 37 18 60 330 100336 2 3988306 80221 1.7 18 10 6 12 48% 30758 10552 2375 121%
c - 295.59 38 17 60 331 100850 2 4006472 81936 1.7 18 10 6 12 48% 30758 10552 2375 121%
c - 296.70 38 18 60 332 101343 2 4024665 82832 1.7 18 10 6 12 48% 30758 10552 2375 121%
c - 297.78 38 17 60 333 101902 2 4042886 83631 1.7 17 10 6 12 48% 30758 10552 2375 121%
c - 298.91 38 17 60 334 102466 2 4061134 84503 1.7 17 10 6 12 48% 30758 10552 2375 121%
c - 300.10 37 18 60 335 103280 2 4079409 85389 1.7 17 10 6 12 48% 30758 10552 2375 121%
c - 301.24 38 18 60 336 104037 2 4097712 86411 1.7 17 10 6 12 48% 30758 10552 2375 121%
c - 302.32 38 18 60 337 104568 2 4116043 87310 1.7 17 10 6 12 48% 30758 10552 2375 121%
c - 303.48 38 18 60 338 105177 2 4134400 88215 1.7 17 10 6 12 48% 30758 10552 2375 121%
c } 304.57 37 18 61 338 105738 2 4151390 103686 1.7 17 10 6 12 48% 30758 10552 2375 121%
c [ 304.57 37 21 61 338 105738 1 4151390 103686 1.9 25 13 6 15 50% 30758 10552 2375 121%
c
c  seconds    switched       rate            size/glue  tier1     binary         remaining
c          MB   reductions      conflicts          size   tier2       irredundant
c           level      restarts        redundant      glue    trail         variables
c
c W 305.75 30 21 61 338 105738 1 4151390 103686 1.9 25 13 6 15 50% 30758 10552 2375 121%
c - 305.85 30 21 61 339 105739 1 4152784 88374 1.9 25 13 6 15 50% 30758 10552 2375 121%
c - 307.04 30 21 61 340 105750 1 4171199 87006 1.9 25 13 6 15 50% 30758 10552 2375 121%
c u 308.32 41 21 61 340 105753 1 4185075 98791 1.9 24 13 6 15 50% 30758 10552 2375 121%
c v 308.67 41 21 61 340 105753 1 4185075 92054 1.9 24 13 6 15 50% 30758 10552 2375 121%
c w 308.80 41 21 61 340 105753 1 4185075 83410 1.9 24 13 6 15 50% 30758 10552 2375 121%
c - 309.24 37 21 61 341 105757 1 4189638 70532 1.9 24 13 6 15 50% 30758 10552 2375 121%
c - 310.45 37 21 61 342 105766 1 4208105 74736 1.8 25 13 6 15 51% 30758 10552 2375 121%
c - 311.70 37 22 61 343 105768 1 4226598 77622 1.8 25 14 6 15 51% 30758 10552 2375 121%
c - 313.01 37 23 61 344 105775 1 4245118 77639 1.8 26 14 6 15 51% 30758 10552 2375 121%
c - 314.39 37 23 61 345 105783 1 4263665 79063 1.8 26 14 6 15 51% 30758 10552 2375 121%
c - 315.78 37 23 61 346 105793 1 4282239 79485 1.9 27 14 6 15 52% 30758 10552 2375 121%
c - 317.05 37 23 61 347 105799 1 4300841 78489 1.9 27 14 6 15 52% 30758 10552 2375 121%
c - 318.27 37 23 61 348 105800 1 4319468 77151 1.9 27 15 6 15 52% 30758 10552 2375 121%
c ] 318.33 34 23 62 348 105800 1 4320341 77974 1.9 27 15 6 15 52% 30758 10552 2375 121%
c { 318.33 34 18 62 348 105800 2 4320341 77974 1.7 17 10 6 12 48% 30758 10552 2375 121%
c o 318.33 35 18 62 348 105808 2 4320391 78024 1.7 17 10 6 12 48% 30758 10552 2375 121%
c - 319.49 37 18 62 349 106430 2 4338122 79592 1.7 17 10 6 12 48% 30758 10552 2375 121%
c - 320.70 37 18 62 350 106985 2 4356803 83493 1.7 17 10 6 12 48% 30758 10552 2375 121%
c - 321.86 38 17 62 351 107563 2 4375511 84999 1.7 17 10 6 12 48% 30758 10552 2375 121%
c
c  seconds    switched       rate           size/glue  tier1     binary         remaining
c          MB   reductions      conflicts         size   tier2       irredundant
c           level      restarts        redundant     glue    trail         variables
c
c u 323.34 39 18 62 351 108320 2 4390509 96777 1.7 17 10 6 12 48% 30758 10552 2375 121%
c v 323.82 41 18 62 351 108320 2 4390509 94147 1.7 17 10 6 12 48% 30758 10552 2375 121%
c w 323.99 41 18 62 351 108320 2 4390509 93846 1.7 17 10 6 12 48% 30758 10552 2375 121%
c - 324.27 37 18 62 352 108545 2 4394245 81340 1.7 17 10 6 12 48% 30758 10552 2375 121%
c - 325.39 38 17 62 353 109158 2 4413008 83530 1.7 17 10 6 12 48% 30758 10552 2375 121%
c - 326.58 38 18 62 354 109838 2 4431796 85970 1.7 17 10 6 12 48% 30758 10552 2375 121%
c - 327.80 37 18 62 355 110675 2 4450610 87161 1.7 17 10 6 12 48% 30758 10552 2375 121%
c - 328.97 38 17 62 356 111233 2 4469453 87966 1.7 17 10 6 12 48% 30758 10552 2375 121%
c - 330.14 38 18 62 357 111995 2 4488323 89072 1.7 17 10 6 12 48% 30758 10552 2375 121%
c - 331.42 37 18 62 358 112766 2 4507217 90261 1.7 17 10 6 12 48% 30758 10552 2375 121%
c } 332.55 38 18 63 358 113386 2 4524550 105969 1.6 17 10 6 12 48% 30758 10552 2375 121%
c [ 332.55 38 23 63 358 113386 1 4524550 105969 1.9 27 15 6 15 52% 30758 10552 2375 121%
c I 332.55 38 23 63 358 113386 1 4524550 105969 1.9 27 15 6 15 52% 30758 10552 2375 121%
c - 332.66 38 24 63 359 113387 1 4526138 90430 1.9 27 15 6 15 52% 30758 10552 2375 121%
c - 333.72 37 23 63 360 113399 1 4545087 89201 1.9 27 14 6 15 51% 30758 10552 2375 121%
c - 334.99 37 23 63 361 113406 1 4564062 87869 1.9 26 14 6 15 50% 30758 10552 2375 121%
c - 336.23 37 23 63 362 113415 1 4583062 86458 1.9 26 14 6 15 50% 30758 10552 2375 121%
c u 337.94 41 23 63 362 113416 1 4601357 102007 1.8 25 14 6 15 49% 30758 10552 2375 121%
c v 338.48 43 23 63 362 113416 1 4601357 100662 1.8 25 14 6 15 49% 30758 10552 2375 121%
c w 338.67 43 23 63 362 113416 1 4601357 99400 1.8 25 14 6 15 49% 30758 10552 2375 121%
c
c  seconds    switched       rate           size/glue  tier1     binary         remaining
c          MB   reductions      conflicts         size   tier2       irredundant
c           level      restarts        redundant     glue    trail         variables
c
c o 338.69 43 23 63 362 113416 1 4601357 99400 1.8 25 14 6 15 49% 30758 10552 2375 121%
c - 338.76 37 24 63 363 113416 1 4602088 82479 1.8 26 14 6 15 49% 30758 10552 2375 121%
c - 340.05 38 31 63 364 113426 1 4621143 79810 1.7 28 16 6 15 49% 30758 10552 2375 121%
c - 341.31 38 29 63 365 113432 1 4640222 80129 1.7 27 15 6 15 49% 30758 10552 2375 121%
c - 342.73 38 27 63 366 113444 1 4659327 85105 1.8 26 15 6 15 50% 30758 10552 2375 121%
c - 344.20 37 27 63 367 113447 1 4678458 84233 1.8 27 15 6 15 50% 30758 10552 2375 121%
c - 345.76 38 26 63 368 113448 1 4697616 83135 1.8 26 15 6 15 49% 30758 10552 2375 121%
c ] 346.23 37 26 64 368 113448 1 4704083 89298 1.8 27 15 6 15 49% 30758 10552 2375 121%
c { 346.23 37 18 64 368 113448 2 4704083 89298 1.6 17 10 6 12 48% 30758 10552 2375 121%
c - 347.05 38 18 64 369 113936 2 4716799 86276 1.6 17 10 6 12 48% 30758 10552 2375 121%
c - 348.33 38 18 64 370 114631 2 4736008 88274 1.6 17 10 6 12 48% 30758 10552 2375 121%
c - 349.58 37 17 64 371 115227 2 4755244 89811 1.6 17 10 6 12 48% 30758 10552 2375 121%
c - 350.86 38 18 64 372 115805 2 4774505 91056 1.7 17 10 6 12 48% 30758 10552 2375 121%
c - 352.13 39 18 64 373 116592 2 4793793 92468 1.7 17 10 6 12 48% 30758 10552 2375 121%
c - 353.39 37 18 64 374 117357 2 4813106 93662 1.7 17 10 6 12 47% 30758 10552 2375 121%
c u 354.16 41 18 64 374 117424 2 4817648 95303 1.7 17 10 6 12 47% 30758 10552 2375 121%
c v 354.69 41 18 64 374 117424 2 4817648 91983 1.7 17 10 6 12 47% 30758 10552 2375 121%
c w 354.88 41 18 64 374 117424 2 4817648 91433 1.7 17 10 6 12 47% 30758 10552 2375 121%
c - 355.83 38 18 64 375 117844 2 4832446 89590 1.7 17 10 6 12 48% 30758 10552 2375 121%
c - 357.02 38 17 64 376 118305 2 4851810 91773 1.7 17 10 6 12 47% 30758 10552 2375 121%
c
c  seconds    switched       rate           size/glue  tier1     binary         remaining
c          MB   reductions      conflicts         size   tier2       irredundant
c           level      restarts        redundant     glue    trail         variables
c
c - 358.29 38 18 64 377 119094 2 4871200 93739 1.7 17 10 6 12 47% 30758 10552 2375 121%
c - 359.67 38 18 64 378 120135 2 4890616 95072 1.7 17 10 6 12 47% 30758 10552 2375 121%
c o 359.96 37 18 64 378 120198 2 4895641 99287 1.7 17 10 6 12 47% 30758 10552 2375 121%
c - 360.94 39 18 64 379 120799 2 4910058 95435 1.6 17 10 6 12 47% 30758 10552 2375 121%
c } 361.64 38 18 65 379 121212 2 4920583 104955 1.6 17 10 6 12 47% 30758 10552 2375 121%
c [ 361.64 38 26 65 379 121212 1 4920583 104955 1.8 27 15 6 15 49% 30758 10552 2375 121%
c B 361.64 38 26 65 379 121212 1 4920583 104955 1.8 27 15 6 15 49% 30758 10552 2375 121%
c - 362.19 38 26 65 380 121218 1 4929525 94563 1.8 27 15 6 15 50% 30758 10552 2375 121%
c - 363.49 38 24 65 381 121226 1 4949021 94790 1.9 26 14 6 15 50% 30758 10552 2375 121%
c - 364.76 38 24 65 382 121236 1 4968541 93992 1.9 26 14 6 15 50% 30758 10552 2375 121%
c - 366.07 38 23 65 383 121242 1 4988085 92337 1.9 26 14 6 15 50% 30758 10552 2375 121%
c - 367.37 37 23 65 384 121246 1 5007659 92623 1.9 25 14 6 15 50% 30758 10552 2375 121%
c - 368.77 37 22 65 385 121257 1 5027257 93648 1.9 25 13 6 15 50% 30758 10552 2375 121%
c u 370.25 41 22 65 385 121260 1 5039378 103295 1.9 25 13 6 15 50% 30758 10552 2375 121%
c v 370.79 43 22 65 385 121260 1 5039378 95403 1.9 25 13 6 15 50% 30758 10552 2375 121%
c w 370.99 43 22 65 385 121260 1 5039378 87430 1.9 25 13 6 15 50% 30758 10552 2375 121%
c - 373.49 37 23 65 386 121264 1 5046878 79991 1.9 26 14 6 15 50% 30758 10552 2375 121%
c - 374.91 37 22 65 387 121272 1 5066525 85408 1.9 26 13 6 15 50% 30758 10552 2375 121%
c - 376.36 38 22 65 388 121274 1 5086198 90193 1.9 25 13 6 15 50% 30758 10552 2375 121%
c - 377.85 37 21 65 389 121274 1 5105895 92395 1.9 25 13 6 15 50% 30758 10552 2375 121%
c
c  seconds    switched       rate           size/glue  tier1     binary         remaining
c          MB   reductions      conflicts         size   tier2       irredundant
c           level      restarts        redundant     glue    trail         variables
c
c W 379.96 30 22 65 389 121274 1 5113723 99984 1.9 25 13 6 15 50% 30758 10552 2375 121%
c ] 380.08 30 22 66 389 121274 1 5115507 101724 1.9 25 13 6 15 50% 30758 10552 2375 121%
c { 380.08 30 18 66 389 121274 2 5115507 101724 1.6 17 10 6 12 47% 30758 10552 2375 121%
c - 380.74 39 17 66 390 121282 2 5125618 92406 1.6 17 10 6 12 48% 30758 10552 2375 121%
c - 381.99 38 16 66 391 121294 2 5145366 91513 1.7 16 10 6 12 47% 30758 10552 2375 121%
c - 383.20 38 15 66 392 121345 2 5165140 93570 1.7 16 10 6 12 48% 30758 10552 2375 121%
c - 384.37 38 14 66 393 121375 2 5184938 94162 1.6 16 10 6 12 48% 30758 10552 2375 121%
c - 385.56 37 14 66 394 121376 2 5204762 92988 1.6 15 9 6 12 48% 30758 10552 2375 121%
c o 385.93 38 13 66 394 121378 2 5210438 97117 1.6 15 9 6 12 48% 30758 10552 2375 121%
c - 386.83 38 13 66 395 121514 2 5224611 94411 1.6 15 9 6 12 48% 30758 10552 2375 121%
c - 388.12 37 13 66 396 121685 1 5244486 97398 1.6 15 9 6 11 48% 30758 10552 2375 121%
c - 389.36 39 12 66 397 121801 1 5264387 99190 1.6 15 9 6 11 48% 30758 10552 2375 121%
c u 390.01 41 12 66 397 121811 1 5266599 97098 1.6 15 9 6 11 48% 30758 10552 2375 121%
c v 390.53 41 12 66 397 121811 1 5266599 93213 1.6 15 9 6 11 48% 30758 10552 2375 121%
c w 390.72 41 12 66 397 121811 1 5266599 92899 1.6 15 9 6 11 48% 30758 10552 2375 121%
c - 391.83 38 12 66 398 121977 1 5284312 94054 1.6 15 9 6 11 48% 30758 10552 2375 121%
c - 393.08 38 12 66 399 122120 1 5304262 96870 1.6 15 9 6 11 48% 30758 10552 2375 121%
c - 394.42 38 12 66 400 122380 1 5324237 97740 1.6 14 9 6 11 48% 30758 10552 2375 121%
c - 395.78 39 11 66 401 122795 1 5344238 99188 1.6 14 9 6 11 48% 30758 10552 2375 121%
c } 395.81 35 11 67 401 122795 1 5344622 99521 1.6 14 9 6 11 48% 30758 10552 2375 121%
c
c  seconds    switched       rate           size/glue  tier1     binary         remaining
c          MB   reductions      conflicts         size   tier2       irredundant
c           level      restarts        redundant     glue    trail         variables
c
c [ 395.81 35 22 67 401 122795 1 5344622 99521 1.9 25 13 6 15 50% 30758 10552 2375 121%
c O 395.81 35 22 67 401 122795 1 5344622 99521 1.9 25 13 6 15 50% 30758 10552 2375 121%
c - 396.93 38 21 67 402 122807 1 5364263 101035 1.9 25 13 6 15 50% 30758 10552 2375 121%
c - 398.24 38 21 67 403 122815 1 5384312 102744 1.9 24 13 6 15 50% 30758 10552 2375 121%
c - 399.61 39 21 67 404 122824 1 5404386 102232 1.9 24 13 6 15 50% 30758 10552 2375 121%
c - 401.09 38 21 67 405 122825 1 5424487 100845 1.9 24 13 6 15 50% 30758 10552 2375 121%
c - 402.65 39 20 67 406 122837 1 5444612 100882 1.8 23 13 6 15 49% 30758 10552 2375 121%
c - 404.12 39 20 67 407 122845 1 5464763 101057 1.8 23 13 6 15 49% 30758 10552 2375 121%
c - 405.47 39 20 67 408 122855 1 5484937 102020 1.8 23 12 6 15 49% 30758 10552 2375 121%
c u 407.11 43 20 67 408 122856 1 5499312 113957 1.9 23 13 6 15 50% 30758 10552 2375 121%
c v 407.72 43 20 67 408 122856 1 5499312 111612 1.9 23 13 6 15 50% 30758 10552 2375 121%
c w 407.95 43 20 67 408 122856 1 5499312 109086 1.9 23 13 6 15 50% 30758 10552 2375 121%
c - 408.50 37 20 67 409 122856 1 5505136 95644 1.9 23 13 6 15 50% 30758 10552 2375 121%
c - 409.92 37 22 67 410 122857 1 5525359 94938 1.9 25 13 6 15 50% 30758 10552 2375 121%
c - 411.41 37 23 67 411 122861 1 5545609 92574 1.9 26 13 6 15 50% 30758 10552 2375 121%
c ] 411.83 38 24 68 411 122864 1 5551433 98234 1.9 26 13 6 15 50% 30758 10552 2375 121%
c { 411.83 38 11 68 411 122864 1 5551433 98234 1.6 14 9 6 11 48% 30758 10552 2375 121%
c o 411.83 38 12 68 411 122869 1 5551468 98269 1.6 14 9 6 11 48% 30758 10552 2375 121%
c - 413.32 37 13 68 412 125175 2 5565882 93645 1.6 15 9 6 11 48% 30758 10552 2375 121%
c - 415.10 38 14 68 413 127565 2 5586179 97886 1.6 15 10 6 11 48% 30758 10552 2375 121%
c
c  seconds    switched       rate            size/glue  tier1     binary         remaining
c          MB   reductions      conflicts          size   tier2       irredundant
c           level      restarts        redundant      glue    trail         variables
c
c - 416.70 39 15 68 414 129192 2 5606501 100652 1.6 16 10 6 11 48% 30758 10552 2375 121%
c - 418.11 38 16 68 415 130191 2 5626847 102406 1.6 16 10 6 11 48% 30758 10552 2375 121%
c - 419.56 39 16 68 416 131126 2 5647218 103466 1.6 16 10 6 11 48% 30758 10552 2375 121%
c - 421.02 39 16 68 417 132266 2 5667614 104917 1.6 16 10 6 11 48% 30758 10552 2375 121%
c - 422.58 39 17 68 418 133432 2 5688034 105947 1.6 16 10 6 11 48% 30758 10552 2375 121%
c - 424.05 38 17 68 419 134109 2 5708479 106590 1.6 16 10 6 11 48% 30758 10552 2375 121%
c - 425.65 39 17 68 420 135138 2 5728951 106750 1.6 16 10 6 11 48% 30758 10552 2375 121%
c u 426.81 41 17 68 420 135461 2 5737542 111389 1.6 16 10 6 11 48% 30758 10552 2375 121%
c v 427.42 41 17 68 420 135461 2 5737542 106957 1.6 16 10 6 11 48% 30758 10552 2375 121%
c w 427.63 41 17 68 420 135461 2 5737542 106321 1.6 16 10 6 11 48% 30758 10552 2375 121%
c - 428.59 37 17 68 421 136062 2 5749444 101234 1.6 16 10 6 11 48% 30758 10552 2375 121%
c - 430.01 39 17 68 422 136801 2 5769963 102823 1.6 17 10 6 11 48% 30758 10552 2375 121%
c - 431.47 39 17 68 423 137597 2 5790505 104149 1.6 17 10 6 11 48% 30758 10552 2375 121%
c } 431.66 37 17 69 423 137673 2 5793493 106809 1.6 17 10 6 11 48% 30758 10552 2375 121%
c [ 431.66 37 24 69 423 137673 1 5793493 106809 1.9 26 13 6 15 50% 30758 10552 2375 121%
c B 431.66 37 24 69 423 137673 1 5793493 106809 1.9 26 13 6 15 50% 30758 10552 2375 121%
c - 432.74 39 23 69 424 137684 1 5811072 103694 1.9 25 13 6 15 50% 30758 10552 2375 121%
c - 434.26 38 22 69 425 137692 1 5831665 102434 1.9 25 13 6 15 50% 30758 10552 2375 121%
c - 435.69 39 22 69 426 137702 1 5852280 101208 1.9 24 13 6 15 50% 30758 10552 2375 121%
c - 437.31 38 21 69 427 137703 1 5872919 101074 1.9 24 13 6 15 50% 30758 10552 2375 121%
c
c  seconds    switched       rate           size/glue  tier1     binary         remaining
c          MB   reductions      conflicts         size   tier2       irredundant
c           level      restarts        redundant     glue    trail         variables
c
c - 438.82 39 21 69 428 137715 1 5893587 97559 1.9 25 13 6 15 50% 30758 10552 2375 121%
c - 440.37 38 22 69 429 137723 1 5914276 93429 1.9 25 13 6 15 50% 30758 10552 2375 121%
c - 442.14 39 22 69 430 137733 1 5934990 94049 1.9 25 13 6 15 50% 30758 10552 2375 121%
c - 443.71 38 22 69 431 137734 1 5955727 94571 1.9 26 14 6 15 50% 30758 10552 2375 121%
c - 445.41 39 22 69 432 137735 1 5976489 94811 1.9 26 13 6 15 50% 30758 10552 2375 121%
c u 446.57 41 22 69 432 137735 1 5981315 97924 1.9 26 13 6 15 50% 30758 10552 2375 121%
c v 447.32 41 22 69 432 137735 1 5981315 95617 1.9 26 13 6 15 50% 30758 10552 2375 121%
c w 447.58 43 22 69 432 137735 1 5981315 90753 1.9 26 13 6 15 50% 30758 10552 2375 121%
c o 447.60 43 22 69 432 137735 1 5981315 90753 1.9 26 13 6 15 50% 30758 10552 2375 121%
c - 448.77 39 40 69 433 137741 1 5997275 86263 1.7 29 17 6 15 50% 30758 10552 2375 121%
c W 451.63 32 37 69 433 137749 1 6010775 98520 1.7 28 16 6 15 50% 30758 10552 2375 121%
c - 452.12 32 36 69 434 137750 1 6018083 89269 1.7 28 16 6 15 50% 30758 10552 2375 121%
c ] 452.95 32 34 70 434 137756 1 6030874 101399 1.7 27 15 6 15 50% 30758 10552 2375 121%
c { 452.95 32 17 70 434 137756 2 6030874 101399 1.6 17 10 6 11 48% 30758 10552 2375 121%
c - 454.14 40 20 70 435 139145 3 6038916 93197 1.6 18 11 6 11 48% 30758 10552 2375 121%
c - 457.55 41 26 70 436 142777 4 6059772 88714 1.7 21 12 6 11 48% 30758 10552 2375 121%
c - 461.11 40 31 70 437 146404 5 6080652 72082 1.7 24 14 5 11 48% 30758 10552 2375 121%
c - 464.50 39 35 70 438 149952 6 6101556 68249 1.8 26 15 5 11 48% 30758 10552 2375 121%
c - 467.76 39 38 70 439 153295 6 6122484 67672 1.8 27 15 5 11 48% 30758 10552 2375 121%
c - 471.00 39 40 70 440 155983 7 6143436 67954 1.8 29 16 5 11 48% 30758 10552 2375 121%
c
c  seconds    switched       rate           size/glue  tier1     binary         remaining
c          MB   reductions      conflicts         size   tier2       irredundant
c           level      restarts        redundant     glue    trail         variables
c
c - 473.52 39 42 70 441 157761 6 6164412 69144 1.8 30 16 5 11 48% 30758 10552 2375 121%
c - 475.79 39 42 70 442 159171 6 6185413 70746 1.9 31 17 5 11 48% 30758 10552 2375 121%
c - 478.04 39 42 70 443 160410 6 6206437 72052 1.9 32 17 5 12 48% 30758 10552 2375 121%
c - 480.58 37 43 70 444 162095 6 6227484 71882 1.9 32 17 5 12 48% 30758 10552 2375 121%
c u 481.76 40 43 70 444 162268 6 6230658 69627 1.9 32 17 5 12 48% 30758 10552 2375 121%
c v 482.78 40 43 70 444 162268 6 6230658 68590 1.9 32 17 5 12 48% 30758 10552 2375 121%
c w 483.16 41 43 70 444 162268 6 6230658 68420 1.9 32 17 5 12 48% 30758 10552 2375 121%
c - 485.21 39 44 70 445 163569 6 6248556 65405 1.9 33 17 5 12 48% 30758 10552 2375 121%
c - 487.39 37 44 70 446 164663 5 6269653 66597 2.0 34 17 5 12 48% 30758 10552 2375 121%
c } 489.31 39 44 71 446 165654 5 6286202 82887 2.0 34 17 5 12 48% 30758 10552 2375 121%
c [ 489.31 39 34 71 446 165654 1 6286202 82887 1.7 27 15 6 15 50% 30758 10552 2375 121%
c I 489.31 39 34 71 446 165654 1 6286202 82887 1.7 27 15 6 15 50% 30758 10552 2375 121%
c - 489.67 39 35 71 447 165657 1 6290773 66831 1.8 28 16 6 15 50% 30758 10552 2375 121%
c - 491.21 39 34 71 448 165668 1 6311915 66672 1.8 29 16 6 15 50% 30758 10552 2375 121%
c o 492.21 37 34 71 448 165674 1 6325164 79497 1.8 30 16 6 15 50% 30758 10552 2375 121%
c - 492.79 39 39 71 449 165677 1 6333081 64546 1.8 31 17 6 15 50% 30758 10552 2375 121%
c - 494.14 39 36 71 450 165684 1 6354270 67326 1.8 30 17 6 15 50% 30758 10552 2375 121%
c - 495.67 39 33 71 451 165690 1 6375483 72974 1.8 29 16 6 15 50% 30758 10552 2375 121%
c - 497.34 39 31 71 452 165699 1 6396720 74581 1.8 29 16 6 15 50% 30758 10552 2375 121%
c - 498.89 40 29 71 453 165710 1 6417980 76457 1.8 28 15 6 15 50% 30758 10552 2375 121%
c
c  seconds    switched       rate           size/glue  tier1     binary         remaining
c          MB   reductions      conflicts         size   tier2       irredundant
c           level      restarts        redundant     glue    trail         variables
c
c - 500.76 40 27 71 454 165715 1 6439264 78690 1.8 27 15 6 15 50% 30758 10552 2375 121%
c - 502.48 39 25 71 455 165716 1 6460572 80118 1.8 26 14 6 15 50% 30758 10552 2375 121%
c - 504.01 39 25 71 456 165716 1 6481902 79794 1.8 26 14 6 15 50% 30758 10552 2375 121%
c u 504.73 41 25 71 456 165719 1 6485569 80772 1.8 26 14 6 15 50% 30758 10552 2375 121%
c v 505.28 43 25 71 456 165719 1 6485569 67530 1.8 26 14 6 15 50% 30758 10552 2375 121%
c w 505.47 43 25 71 456 165719 1 6485569 61805 1.8 26 14 6 15 50% 30758 10552 2375 121%
c - 506.84 39 24 71 457 165729 1 6503256 67007 1.9 26 14 6 15 50% 30758 10552 2375 121%
c B 508.25 39 24 71 457 165735 1 6520169 83228 1.9 26 14 6 15 50% 30758 10552 2375 121%
c - 508.60 39 24 71 458 165738 1 6524634 74509 1.9 26 14 6 15 50% 30758 10552 2375 121%
c - 510.23 39 23 71 459 165746 1 6546035 77539 1.9 25 13 6 15 49% 30758 10552 2375 121%
c - 511.96 39 22 71 460 165750 1 6567459 81679 1.9 25 13 6 15 49% 30758 10552 2375 121%
c - 513.60 40 21 71 461 165761 1 6588906 83331 1.9 24 13 6 15 49% 30758 10552 2375 121%
c - 515.21 40 20 71 462 165770 1 6610377 82940 1.9 24 12 6 15 49% 30758 10552 2375 121%
c - 516.88 39 19 71 463 165778 1 6631873 83074 1.9 23 12 6 15 49% 30758 10552 2375 121%
c - 518.38 40 20 71 464 165779 1 6653392 81781 2.0 24 12 6 15 49% 30758 10552 2375 121%
c - 520.12 40 20 71 465 165779 1 6674932 79057 2.0 25 12 6 15 49% 30758 10552 2375 121%
c - 522.04 40 20 71 466 165780 1 6696497 80230 2.0 25 12 6 15 49% 30758 10552 2375 121%
c ] 522.13 37 20 72 466 165780 1 6697894 81547 2.0 25 12 6 15 49% 30758 10552 2375 121%
c { 522.13 37 44 72 466 165780 5 6697894 81547 2.0 34 17 5 12 48% 30758 10552 2375 121%
c - 523.65 39 39 72 467 165780 4 6718085 83470 2.0 32 16 5 12 48% 30758 10552 2375 121%
c
c  seconds    switched       rate           size/glue  tier1     binary         remaining
c          MB   reductions      conflicts         size   tier2       irredundant
c           level      restarts        redundant     glue    trail         variables
c
c - 525.24 40 35 72 468 165782 4 6739695 85348 2.0 30 15 5 12 48% 30758 10552 2375 121%
c u 526.43 43 34 72 468 165783 4 6746100 87337 2.0 29 15 5 12 48% 30758 10552 2375 121%
c v 527.22 45 34 72 468 165783 4 6746100 80954 2.0 29 15 5 12 48% 30758 10552 2375 121%
c w 527.51 45 34 72 468 165783 4 6746100 77772 2.0 29 15 5 12 48% 30758 10552 2375 121%
c o 527.53 45 34 72 468 165783 4 6746100 77772 2.0 29 15 5 12 48% 30758 10552 2375 121%
c - 528.50 39 32 72 469 165794 3 6761328 74627 2.0 29 14 5 12 48% 30758 10552 2375 121%
c - 529.84 39 29 72 470 165806 3 6782984 79783 2.0 27 14 5 12 48% 30758 10552 2375 121%
c - 531.29 39 26 72 471 165811 3 6804663 82223 1.9 25 13 5 12 48% 30758 10552 2375 121%
c - 532.69 39 24 72 472 165816 2 6826365 83427 1.9 24 13 5 12 48% 30758 10552 2375 121%
c - 534.01 40 22 72 473 165864 2 6848090 83382 1.9 23 12 5 12 48% 30758 10552 2375 121%
c - 535.37 40 22 72 474 166021 2 6869838 84079 1.9 22 12 5 12 48% 30758 10552 2375 121%
c - 536.75 40 20 72 475 166092 2 6891609 83633 1.8 21 12 5 12 48% 30758 10552 2375 121%
c - 538.14 39 20 72 476 166284 2 6913404 83444 1.8 21 11 5 12 48% 30758 10552 2375 121%
c - 539.50 40 19 72 477 166457 2 6935221 83749 1.8 20 11 5 12 48% 30758 10552 2375 121%
c - 540.80 40 18 72 478 166592 2 6957061 83800 1.8 20 11 5 12 48% 30758 10552 2375 121%
c } 541.40 39 18 73 478 166706 2 6966811 92511 1.8 19 11 5 12 48% 30758 10552 2375 121%
c [ 541.40 39 20 73 478 166706 1 6966811 92511 2.0 25 12 6 15 49% 30758 10552 2375 121%
c W 543.79 32 20 73 478 166706 1 6966811 92511 2.0 25 12 6 15 49% 30758 10552 2375 121%
c - 544.51 32 20 73 479 166712 1 6978926 83082 2.0 25 12 6 15 49% 30758 10552 2375 121%
c - 545.97 32 20 73 480 166722 1 7000813 82101 1.9 24 12 6 15 49% 30758 10552 2375 121%
c
c  seconds    switched       rate           size/glue  tier1     binary         remaining
c          MB   reductions      conflicts         size   tier2       irredundant
c           level      restarts        redundant     glue    trail         variables
c
c u 547.41 43 19 73 480 166728 1 7012253 88118 1.9 24 12 6 15 49% 30758 10552 2375 121%
c v 548.07 43 19 73 480 166728 1 7012253 78011 1.9 24 12 6 15 49% 30758 10552 2375 121%
c w 548.31 43 19 73 480 166728 1 7012253 69787 1.9 24 12 6 15 49% 30758 10552 2375 121%
c - 549.06 39 19 73 481 166734 1 7022722 65139 1.9 23 12 6 15 49% 30758 10552 2375 121%
c - 550.53 39 20 73 482 166736 1 7044653 68358 1.9 24 13 6 15 49% 30758 10552 2375 121%
c - 552.11 39 21 73 483 166748 1 7066608 68346 1.8 24 13 6 15 49% 30758 10552 2375 121%
c - 553.69 39 21 73 484 166757 1 7088586 74098 1.8 24 13 6 15 49% 30758 10552 2375 121%
c - 555.20 39 20 73 485 166766 1 7110586 79651 1.8 24 13 6 15 48% 30758 10552 2375 121%
c - 556.77 40 20 73 486 166768 1 7132609 82120 1.8 23 13 6 15 48% 30758 10552 2375 121%
c - 558.31 39 20 73 487 166768 1 7154654 82328 1.8 23 13 6 15 48% 30758 10552 2375 121%
c - 559.93 40 21 73 488 166776 1 7176722 80472 1.8 24 13 6 15 48% 30758 10552 2375 121%
c - 561.71 39 21 73 489 166786 1 7198813 79493 1.8 24 13 6 15 48% 30758 10552 2375 121%
c ] 562.07 39 21 74 489 166789 1 7203815 84316 1.9 24 13 6 15 48% 30758 10552 2375 121%
c { 562.07 39 18 74 489 166789 2 7203815 84316 1.8 19 11 5 12 48% 30758 10552 2375 121%
c o 562.07 39 18 74 489 166799 2 7203890 84390 1.8 19 11 5 12 48% 30758 10552 2375 121%
c - 563.32 39 18 74 490 167274 2 7220926 83289 1.8 19 11 5 12 48% 30758 10552 2375 121%
c - 564.75 40 18 74 491 167821 2 7243062 86237 1.8 19 11 5 12 48% 30758 10552 2375 121%
c - 566.14 39 17 74 492 168118 2 7265220 86950 1.7 18 11 5 12 48% 30758 10552 2375 121%
c u 568.03 41 17 74 492 168564 2 7284050 96802 1.7 18 10 5 12 48% 30758 10552 2375 121%
c v 568.78 43 17 74 492 168564 2 7284050 89949 1.7 18 10 5 12 48% 30758 10552 2375 121%
c
c  seconds    switched       rate           size/glue  tier1     binary         remaining
c          MB   reductions      conflicts         size   tier2       irredundant
c           level      restarts        redundant     glue    trail         variables
c
c w 569.03 43 17 74 492 168564 2 7284050 88823 1.7 18 10 5 12 48% 30758 10552 2375 121%
c - 569.27 39 17 74 493 168725 2 7287401 75696 1.7 18 10 5 12 48% 30758 10552 2375 121%
c - 570.63 39 17 74 494 169311 2 7309604 78764 1.7 18 10 5 12 47% 30758 10552 2375 121%
c - 572.04 39 17 74 495 170076 2 7331830 81325 1.7 18 10 5 12 48% 30758 10552 2375 121%
c - 573.53 39 17 74 496 170846 2 7354078 82080 1.7 18 10 5 12 47% 30758 10552 2375 121%
c - 575.05 40 18 74 497 171501 2 7376350 82277 1.7 17 10 5 12 48% 30758 10552 2375 121%
c - 576.48 39 18 74 498 172113 2 7398645 82752 1.7 18 10 5 12 48% 30758 10552 2375 121%
c - 577.94 39 17 74 499 172676 2 7420960 83135 1.7 17 10 5 12 48% 30758 10552 2375 121%
c - 579.40 39 17 74 500 173609 2 7443301 83216 1.7 17 10 5 12 47% 30758 10552 2375 121%
c - 580.97 39 18 74 501 174605 2 7465661 83504 1.7 17 10 5 12 47% 30758 10552 2375 121%
c } 582.39 40 18 75 501 175421 2 7486641 102455 1.7 17 10 5 12 47% 30758 10552 2375 121%
c [ 582.39 40 21 75 501 175421 1 7486641 102455 1.9 24 13 6 15 48% 30758 10552 2375 121%
c O 582.39 40 21 75 501 175421 1 7486641 102455 1.9 24 13 6 15 48% 30758 10552 2375 121%
c - 582.50 40 21 75 502 175422 1 7488047 83591 1.8 24 13 6 15 48% 30758 10552 2375 121%
c - 583.95 39 20 75 503 175434 1 7510452 81849 1.8 24 13 6 15 49% 30758 10552 2375 121%
c - 585.53 40 20 75 504 175444 1 7532880 81129 1.9 24 13 6 15 49% 30758 10552 2375 121%
c - 587.29 40 20 75 505 175451 1 7555329 82835 1.9 24 13 6 15 49% 30758 10552 2375 121%
c u 588.39 43 19 75 505 175451 1 7561493 85970 1.9 24 13 6 15 49% 30758 10552 2375 121%
c v 589.16 43 19 75 505 175451 1 7561493 75842 1.9 24 13 6 15 49% 30758 10552 2375 121%
c w 589.43 43 19 75 505 175451 1 7561493 68506 1.9 24 13 6 15 49% 30758 10552 2375 121%
c
c  seconds    switched       rate           size/glue  tier1     binary         remaining
c          MB   reductions      conflicts         size   tier2       irredundant
c           level      restarts        redundant     glue    trail         variables
c
c - 590.64 37 19 75 506 175458 1 7577801 69147 1.9 23 12 6 15 49% 30758 10552 2375 121%
c - 592.07 39 19 75 507 175466 1 7600295 78117 1.9 23 12 6 15 49% 30758 10552 2375 121%
c o 592.28 37 19 75 507 175469 1 7603467 81106 1.9 23 12 6 15 49% 30758 10552 2375 121%
c - 593.69 39 21 75 508 175480 1 7622811 80099 1.9 24 13 6 15 49% 30758 10552 2375 121%
c - 595.39 40 22 75 509 175482 1 7645350 78347 1.9 25 13 6 15 49% 30758 10552 2375 121%
c - 597.36 40 23 75 510 175483 1 7667912 76776 1.9 26 13 6 15 49% 30758 10552 2375 121%
c - 599.13 40 22 75 511 175489 1 7690496 78611 1.9 25 13 6 15 49% 30758 10552 2375 121%
c - 600.71 40 22 75 512 175498 1 7713101 82612 2.0 25 13 6 15 49% 30758 10552 2375 121%
c ] 602.02 39 21 76 512 175507 1 7730221 98737 1.9 25 13 6 15 50% 30758 10552 2375 121%
c { 602.02 39 18 76 512 175507 2 7730221 98737 1.7 17 10 5 12 47% 30758 10552 2375 121%
c - 602.45 40 18 76 513 175721 2 7735729 84051 1.7 17 10 5 12 47% 30758 10552 2375 121%
c - 604.00 39 18 76 514 176657 2 7758378 85413 1.7 17 10 5 12 47% 30758 10552 2375 121%
c - 605.49 40 18 76 515 177541 2 7781049 86851 1.7 17 10 5 12 48% 30758 10552 2375 121%
c - 607.01 40 18 76 516 178345 2 7803745 88090 1.7 17 10 5 12 48% 30758 10552 2375 121%
c - 608.62 40 18 76 517 179047 2 7826460 88339 1.7 17 10 5 12 48% 30758 10552 2375 121%
c u 610.63 41 18 76 517 179820 2 7844634 100312 1.7 17 10 5 12 48% 30758 10552 2375 121%
c v 611.34 43 18 76 517 179820 2 7844634 95998 1.7 17 10 5 12 48% 30758 10552 2375 121%
c w 611.62 43 18 76 517 179820 2 7844634 95589 1.7 17 10 5 12 48% 30758 10552 2375 121%
c - 614.63 40 18 76 518 180127 2 7849197 81459 1.7 17 10 5 12 48% 30758 10552 2375 121%
c - 616.10 40 18 76 519 180697 2 7871958 83470 1.7 17 10 5 12 48% 30758 10552 2375 121%
c
c  seconds    switched       rate           size/glue  tier1     binary         remaining
c          MB   reductions      conflicts         size   tier2       irredundant
c           level      restarts        redundant     glue    trail         variables
c
c - 617.59 40 18 76 520 181631 2 7894741 85146 1.7 17 10 5 12 48% 30758 10552 2375 121%
c - 619.09 40 17 76 521 182096 2 7917545 86463 1.7 17 10 5 12 48% 30758 10552 2375 121%
c - 620.66 40 17 76 522 182873 2 7940370 87213 1.7 17 10 5 12 48% 30758 10552 2375 121%
c - 622.12 40 17 76 523 183630 2 7963217 87666 1.7 17 10 5 12 48% 30758 10552 2375 121%
c o 622.72 39 17 76 523 183735 2 7973570 96474 1.7 17 10 5 12 48% 30758 10552 2375 121%
c - 623.60 40 17 76 524 184402 2 7986088 87503 1.7 17 10 5 12 48% 30758 10552 2375 121%
c - 625.19 40 18 76 525 185564 2 8008980 87851 1.7 17 10 5 12 48% 30758 10552 2375 121%
c } 626.53 40 18 77 525 186718 2 8027272 104886 1.7 17 10 5 12 48% 30758 10552 2375 121%
c [ 626.53 40 21 77 525 186718 1 8027272 104886 1.9 25 13 6 15 50% 30758 10552 2375 121%
c B 626.53 40 21 77 525 186718 1 8027272 104886 1.9 25 13 6 15 50% 30758 10552 2375 121%
c - 626.81 40 21 77 526 186721 1 8031892 88337 1.9 25 13 6 15 50% 30758 10552 2375 121%
c - 628.22 40 21 77 527 186732 1 8054826 86622 1.9 25 13 6 15 50% 30758 10552 2375 121%
c - 629.95 39 20 77 528 186744 1 8077783 85890 1.9 24 13 6 15 50% 30758 10552 2375 121%
c - 631.59 40 19 77 529 186748 1 8100761 88792 1.9 24 12 6 15 50% 30758 10552 2375 121%
c - 633.17 40 19 77 530 186758 1 8123761 89460 1.9 24 12 6 15 50% 30758 10552 2375 121%
c u 634.57 43 19 77 530 186762 1 8133472 94856 1.9 24 12 6 15 50% 30758 10552 2375 121%
c v 635.36 45 19 77 530 186762 1 8133472 88714 1.9 24 12 6 15 50% 30758 10552 2375 121%
c w 635.62 45 19 77 530 186762 1 8133472 84547 1.9 24 12 6 15 50% 30758 10552 2375 121%
c - 636.65 40 19 77 531 186767 1 8146782 78685 1.9 24 12 6 15 50% 30758 10552 2375 121%
c - 638.34 39 19 77 532 186778 1 8169826 83643 1.9 23 12 6 15 50% 30758 10552 2375 121%
c
c  seconds    switched       rate           size/glue  tier1     binary         remaining
c          MB   reductions      conflicts         size   tier2       irredundant
c           level      restarts        redundant     glue    trail         variables
c
c - 639.91 39 20 77 533 186780 1 8192891 83544 1.9 24 13 6 15 50% 30758 10552 2375 121%
c - 641.67 40 21 77 534 186780 1 8215978 79237 1.9 25 13 6 15 51% 30758 10552 2375 121%
c - 643.52 39 21 77 535 186790 1 8239088 78915 1.9 26 13 6 15 51% 30758 10552 2375 121%
c - 645.51 37 21 77 536 186800 1 8262219 82533 2.0 26 13 6 15 51% 30758 10552 2375 121%
c ] 646.74 37 20 78 536 186808 1 8276269 95863 2.0 26 13 6 15 51% 30758 10552 2375 121%
c { 646.74 37 18 78 536 186808 2 8276269 95863 1.7 17 10 5 12 48% 30758 10552 2375 121%
c - 647.40 39 18 78 537 187161 2 8285370 84987 1.7 17 10 5 12 48% 30758 10552 2375 121%
c - 648.90 40 18 78 538 187858 2 8308545 86273 1.7 17 10 5 12 48% 30758 10552 2375 121%
c - 650.31 40 17 78 539 188510 2 8331740 86260 1.7 17 10 5 11 48% 30758 10552 2375 121%
c o 651.79 40 18 78 539 189510 2 8354388 107134 1.7 17 10 5 11 48% 30758 10552 2375 121%
c - 651.84 40 18 78 540 189542 2 8354956 87033 1.7 17 10 5 11 48% 30758 10552 2375 121%
c - 653.30 40 18 78 541 190206 2 8378193 87879 1.7 17 10 5 11 48% 30758 10552 2375 121%
c - 654.80 41 18 78 542 191104 2 8401452 88371 1.7 17 10 5 11 48% 30758 10552 2375 121%
c - 656.46 40 18 78 543 192251 2 8424732 88783 1.7 17 10 5 11 48% 30758 10552 2375 121%
c u 657.34 40 18 78 543 192402 2 8428008 87023 1.7 17 10 5 11 48% 30758 10552 2375 121%
c v 658.06 41 18 78 543 192402 2 8428008 83203 1.7 17 10 5 11 48% 30758 10552 2375 121%
c w 658.31 41 18 78 543 192402 2 8428008 82230 1.7 17 10 5 11 48% 30758 10552 2375 121%
c - 659.59 40 18 78 544 192953 2 8448035 82622 1.7 17 10 5 11 48% 30758 10552 2375 121%
c - 661.14 40 18 78 545 194013 2 8471363 85156 1.7 17 10 5 11 48% 30758 10552 2375 121%
c - 662.61 39 18 78 546 194823 2 8494709 86102 1.7 17 10 5 11 48% 30758 10552 2375 121%
c
c  seconds    switched       rate           size/glue  tier1     binary         remaining
c          MB   reductions      conflicts         size   tier2       irredundant
c           level      restarts        redundant     glue    trail         variables
c
c - 664.20 40 18 78 547 195786 2 8518075 86469 1.7 17 10 5 11 48% 30758 10552 2375 121%
c - 665.66 40 18 78 548 196502 2 8541464 86571 1.7 17 10 5 11 48% 30758 10552 2375 121%
c - 667.25 40 18 78 549 197300 2 8564874 86501 1.7 17 10 5 11 48% 30758 10552 2375 121%
c } 668.87 40 18 79 549 198330 2 8587859 107502 1.7 17 10 5 11 48% 30758 10552 2375 121%
c [ 668.87 40 20 79 549 198330 1 8587859 107502 2.0 26 13 6 15 51% 30758 10552 2375 121%
c W 671.68 32 20 79 549 198330 1 8587859 107502 2.0 26 13 6 15 51% 30758 10552 2375 121%
c - 671.72 32 20 79 550 198330 1 8588306 86587 2.0 26 13 6 15 51% 30758 10552 2375 121%
c - 673.24 41 21 79 551 198343 1 8611759 84448 1.9 25 13 6 15 50% 30758 10552 2375 121%
c - 674.80 40 20 79 552 198354 1 8635232 81363 1.9 24 13 6 15 50% 30758 10552 2375 121%
c - 676.58 40 20 79 553 198360 1 8658726 80878 1.9 25 13 6 15 50% 30758 10552 2375 121%
c - 678.43 39 20 79 554 198368 1 8682242 81727 1.8 24 13 6 15 50% 30758 10552 2375 121%
c - 680.07 40 20 79 555 198378 1 8705780 82085 1.9 25 13 6 15 50% 30758 10552 2375 121%
c u 682.43 45 21 79 555 198390 1 8728291 100645 1.9 25 14 6 15 50% 30758 10552 2375 121%
c v 683.23 47 21 79 555 198390 1 8728291 97494 1.9 25 14 6 15 50% 30758 10552 2375 121%
c w 683.53 47 21 79 555 198390 1 8728291 93625 1.9 25 14 6 15 50% 30758 10552 2375 121%
c - 683.65 39 21 79 556 198390 1 8729338 72398 1.9 25 14 6 15 50% 30758 10552 2375 121%
c - 685.40 40 21 79 557 198392 1 8752918 74294 1.8 25 14 6 15 50% 30758 10552 2375 121%
c - 687.23 39 21 79 558 198392 1 8776518 77221 1.8 25 14 6 15 50% 30758 10552 2375 121%
c - 688.99 39 22 79 559 198402 1 8800141 79373 1.8 25 14 6 15 50% 30758 10552 2375 121%
c - 690.86 39 22 79 560 198413 1 8823784 77229 1.8 26 14 6 15 50% 30758 10552 2375 121%
c
c  seconds    switched       rate           size/glue  tier1     binary         remaining
c          MB   reductions      conflicts         size   tier2       irredundant
c           level      restarts        redundant     glue    trail         variables
c
c - 692.89 39 21 79 561 198422 1 8847448 77602 1.8 26 14 6 15 50% 30758 10552 2375 121%
c ] 693.15 39 21 80 561 198423 1 8850469 80286 1.8 26 14 6 15 50% 30758 10552 2375 121%
c { 693.15 39 18 80 561 198423 2 8850469 80286 1.7 17 10 5 11 48% 30758 10552 2375 121%
c o 693.16 39 18 80 561 198429 2 8850531 80347 1.7 17 10 5 11 48% 30758 10552 2375 121%
c - 694.48 39 18 80 562 198911 2 8871133 84287 1.7 17 10 5 11 48% 30758 10552 2375 121%
c - 696.01 40 18 80 563 199726 2 8894840 87759 1.7 17 10 5 11 48% 30758 10552 2375 121%
c - 697.64 40 18 80 564 200775 2 8918567 88591 1.7 17 10 5 11 48% 30758 10552 2375 121%
c - 699.28 40 18 80 565 201652 2 8942315 89435 1.7 17 10 5 11 48% 30758 10552 2375 121%
c - 700.84 41 17 80 566 202331 2 8966084 89938 1.7 17 10 5 11 48% 30758 10552 2375 121%
c - 702.42 41 17 80 567 202941 2 8989875 89990 1.7 17 10 5 11 48% 30758 10552 2375 121%
c - 704.16 40 17 80 568 203971 2 9013687 89440 1.7 17 10 5 11 48% 30758 10552 2375 121%
c u 706.27 43 17 80 568 204682 2 9034323 104684 1.7 17 10 5 11 48% 30758 10552 2375 121%
c v 707.05 43 17 80 568 204682 2 9034323 99881 1.7 17 10 5 11 48% 30758 10552 2375 121%
c w 707.32 43 17 80 568 204682 2 9034323 98971 1.7 17 10 5 11 48% 30758 10552 2375 121%
c - 707.58 39 18 80 569 204869 2 9037519 82669 1.7 17 10 5 11 48% 30758 10552 2375 121%
c - 709.15 40 18 80 570 205915 2 9061376 84647 1.7 17 10 5 11 48% 30758 10552 2375 121%
c - 710.73 39 18 80 571 207001 2 9085250 86924 1.7 17 10 5 11 48% 30758 10552 2375 121%
c - 712.29 39 18 80 572 207644 2 9109145 87423 1.7 17 10 5 11 48% 30758 10552 2375 121%
c - 713.95 39 18 80 573 208713 2 9133061 87388 1.7 17 10 5 11 48% 30758 10552 2375 121%
c - 715.44 40 18 80 574 209422 2 9156998 87727 1.7 17 10 5 11 48% 30758 10552 2375 121%
c
c  seconds    switched       rate            size/glue  tier1     binary         remaining
c          MB   reductions      conflicts          size   tier2       irredundant
c           level      restarts        redundant      glue    trail         variables
c
c } 716.76 39 18 81 574 210030 2 9176914 105498 1.7 17 10 5 11 48% 30758 10552 2375 121%
c [ 716.76 39 21 81 574 210030 1 9176914 105498 1.8 26 14 6 15 50% 30758 10552 2375 121%
c I 716.76 39 21 81 574 210030 1 9176914 105498 1.8 26 14 6 15 50% 30758 10552 2375 121%
c - 717.01 39 22 81 575 210032 1 9180956 87142 1.8 26 14 6 15 50% 30758 10552 2375 121%
c - 718.60 40 22 81 576 210044 1 9204935 82980 1.9 26 14 6 15 50% 30758 10552 2375 121%
c - 720.35 40 21 81 577 210057 1 9228937 82271 1.9 26 14 6 15 50% 30758 10552 2375 121%
c - 722.07 40 23 81 578 210060 1 9252958 80372 1.9 26 14 6 15 50% 30758 10552 2375 121%
c - 723.93 39 23 81 579 210072 1 9277000 75631 1.8 26 14 6 15 49% 30758 10552 2375 121%
c - 725.89 40 23 81 580 210082 1 9301063 76220 1.9 27 15 6 15 49% 30758 10552 2375 121%
c - 727.76 40 23 81 581 210091 1 9325147 77025 1.9 27 14 6 15 49% 30758 10552 2375 121%
c u 730.10 45 23 81 581 210092 1 9346130 94194 1.9 27 14 6 15 48% 30758 10552 2375 121%
c v 730.97 45 23 81 581 210092 1 9346130 93785 1.9 27 14 6 15 48% 30758 10552 2375 121%
c w 731.27 47 23 81 581 210092 1 9346130 88768 1.9 27 14 6 15 48% 30758 10552 2375 121%
c o 731.29 47 23 81 581 210092 1 9346130 88768 1.9 27 14 6 15 48% 30758 10552 2375 121%
c - 731.47 39 28 81 582 210092 1 9349251 74735 1.8 28 15 6 15 48% 30758 10552 2375 121%
c - 732.91 40 57 81 583 210092 1 9373375 71584 1.6 31 19 6 15 48% 30758 10552 2375 121%
c - 734.51 39 51 81 584 210106 1 9397520 70773 1.6 30 18 6 15 48% 30758 10552 2375 121%
c - 736.30 39 44 81 585 210117 1 9421686 78751 1.7 29 17 6 15 48% 30758 10552 2375 121%
c - 738.28 39 39 81 586 210123 1 9445876 83381 1.7 28 16 6 15 48% 30758 10552 2375 121%
c ] 739.30 39 36 82 586 210126 1 9458879 95654 1.7 27 16 6 15 48% 30758 10552 2375 121%
c
c  seconds    switched       rate           size/glue  tier1     binary         remaining
c          MB   reductions      conflicts         size   tier2       irredundant
c           level      restarts        redundant     glue    trail         variables
c
c { 739.30 39 18 82 586 210126 2 9458879 95654 1.7 17 10 5 11 48% 30758 10552 2375 121%
c - 740.18 40 17 82 587 210148 2 9470084 87378 1.7 17 10 5 11 48% 30758 10552 2375 121%
c - 741.77 40 16 82 588 210164 2 9494313 89760 1.7 17 10 5 11 48% 30758 10552 2375 121%
c - 743.19 40 15 82 589 210210 2 9518561 88791 1.7 16 10 5 11 48% 30758 10552 2375 121%
c - 744.63 40 14 82 590 210222 2 9542831 88124 1.7 16 10 5 11 48% 30758 10552 2375 121%
c - 746.17 39 13 82 591 210301 2 9567120 88803 1.7 15 9 5 11 48% 30758 10552 2375 121%
c - 747.75 40 13 82 592 210502 1 9591430 89649 1.6 15 9 5 11 48% 30758 10552 2375 121%
c - 749.26 41 12 82 593 210639 1 9615761 89462 1.6 15 9 5 11 48% 30758 10552 2375 121%
c - 750.78 40 12 82 594 210841 1 9640114 89444 1.6 15 9 5 11 48% 30758 10552 2375 121%
c u 752.78 43 12 82 594 211054 1 9663710 105380 1.6 14 9 5 11 48% 30758 10552 2375 121%
c v 753.35 43 12 82 594 211054 1 9663710 98807 1.6 14 9 5 11 48% 30758 10552 2375 121%
c w 753.55 45 12 82 594 211054 1 9663710 98408 1.6 14 9 5 11 48% 30758 10552 2375 121%
c - 753.76 39 12 82 595 211059 1 9664486 82912 1.6 14 9 5 11 48% 30758 10552 2375 121%
c - 755.45 40 12 82 596 211397 1 9688878 84910 1.6 14 9 5 11 48% 30758 10552 2375 121%
c - 757.05 39 11 82 597 211758 1 9713291 87661 1.6 14 9 5 11 48% 30758 10552 2375 121%
c - 758.58 40 11 82 598 212011 1 9737727 87895 1.6 14 9 5 11 47% 30758 10552 2375 121%
c o 759.89 40 11 82 598 212342 1 9758592 104159 1.6 14 9 5 11 47% 30758 10552 2375 121%
c - 760.17 40 11 82 599 212515 1 9762181 88710 1.6 14 9 5 11 48% 30758 10552 2375 121%
c - 761.95 40 11 82 600 213481 1 9786657 90983 1.6 14 9 5 11 48% 30758 10552 2375 121%
c } 762.88 40 11 83 600 213740 1 9800485 101993 1.6 14 9 5 11 48% 30758 10552 2375 121%
c
c  seconds    switched       rate            size/glue  tier1     binary         remaining
c          MB   reductions      conflicts          size   tier2       irredundant
c           level      restarts        redundant      glue    trail         variables
c
c [ 762.88 40 36 83 600 213740 1 9800485 101993 1.7 27 16 6 15 48% 30758 10552 2375 121%
c B 762.88 40 36 83 600 213740 1 9800485 101993 1.7 27 16 6 15 48% 30758 10552 2375 121%
c - 763.61 41 35 83 601 213746 1 9811152 91908 1.7 27 15 6 15 48% 30758 10552 2375 121%
c - 765.27 40 31 83 602 213757 1 9835667 92032 1.8 26 15 6 15 48% 30758 10552 2375 121%
c - 767.24 41 28 83 603 213769 1 9860202 92658 1.8 25 14 6 15 49% 30758 10552 2375 121%
c - 769.23 40 27 83 604 213773 1 9884758 92261 1.8 25 14 6 15 49% 30758 10552 2375 121%
c - 771.17 41 25 83 605 213785 1 9909334 92727 1.8 24 14 6 15 49% 30758 10552 2375 121%
c - 773.22 39 23 83 606 213798 1 9933930 95429 1.8 23 13 6 15 48% 30758 10552 2375 121%
c - 775.06 41 22 83 607 213801 1 9958549 97614 1.8 23 13 6 15 49% 30758 10552 2375 121%
c - 776.98 41 21 83 608 213802 1 9983192 97493 1.9 23 12 6 15 49% 30758 10552 2375 121%
c u 778.05 43 21 83 608 213802 1 9987090 95464 1.9 24 12 6 15 49% 30758 10552 2375 121%
c v 778.92 45 21 83 608 213802 1 9987090 88132 1.9 24 12 6 15 49% 30758 10552 2375 121%
c w 779.26 45 21 83 608 213802 1 9987090 87080 1.9 24 12 6 15 49% 30758 10552 2375 121%
c - 780.82 40 21 83 609 213809 1 10007849 87309 2.0 24 12 6 15 50% 30758 10552 2375 121%
c - 782.85 39 20 83 610 213820 1 10032526 91279 2.0 25 12 6 15 50% 30758 10552 2375 121%
c - 784.88 39 20 83 611 213832 1 10057225 92131 2.1 26 12 6 15 50% 30758 10552 2375 121%
c - 786.79 40 20 83 612 213836 1 10081945 92591 2.1 26 12 6 15 51% 30758 10552 2375 121%
c ] 787.21 39 20 84 612 213840 1 10087756 97958 2.1 26 12 6 15 51% 30758 10552 2375 121%
c { 787.21 39 11 84 612 213840 1 10087756 97958 1.6 14 9 5 11 48% 30758 10552 2375 121%
c - 789.20 40 13 84 613 217123 2 10106683 92713 1.6 14 9 5 11 48% 30758 10552 2375 121%
c
c  seconds    switched       rate            size/glue  tier1     binary         remaining
c          MB   reductions      conflicts          size   tier2       irredundant
c           level      restarts         redundant     glue    trail         variables
c
c - 791.33 40 15 84 614 220320 2 10131443 93226 1.5 15 10 5 11 48% 30758 10552 2375 121%
c - 793.30 41 16 84 615 222393 3 10156222 94790 1.6 16 10 5 11 48% 30758 10552 2375 121%
c o 794.89 41 16 84 615 223410 2 10178635 114658 1.6 16 10 5 11 48% 30758 10552 2375 121%
c - 795.09 41 16 84 616 223563 3 10181021 95459 1.6 16 10 5 11 48% 30758 10552 2375 121%
c - 796.93 40 17 84 617 224876 3 10205840 96391 1.6 16 10 5 11 48% 30758 10552 2375 121%
c - 798.63 41 17 84 618 225934 3 10230679 97303 1.6 16 10 5 11 48% 30758 10552 2375 121%
c - 800.43 39 17 84 619 226994 2 10255539 97290 1.6 16 10 5 11 48% 30758 10552 2375 121%
c - 802.16 41 18 84 620 228020 2 10280419 97474 1.6 17 10 5 11 48% 30758 10552 2375 121%
c - 803.81 39 18 84 621 228934 2 10305319 97862 1.6 17 10 5 11 48% 30758 10552 2375 121%
c u 805.46 43 18 84 621 229230 2 10316295 103320 1.7 17 10 5 11 48% 30758 10552 2375 121%
c v 806.38 43 18 84 621 229230 2 10316295 100296 1.7 17 10 5 11 48% 30758 10552 2375 121%
c w 806.69 43 18 84 621 229230 2 10316295 99522 1.7 17 10 5 11 48% 30758 10552 2375 121%
c - 807.66 41 18 84 622 229810 2 10330239 90238 1.6 17 10 5 11 48% 30758 10552 2375 121%
c - 809.22 41 18 84 623 230557 2 10355179 91704 1.7 17 10 5 11 48% 30758 10552 2375 121%
c - 811.04 39 18 84 624 231553 2 10380138 93013 1.7 17 10 5 11 48% 30758 10552 2375 121%
c - 812.64 41 18 84 625 232297 2 10405119 93525 1.7 17 10 5 11 48% 30758 10552 2375 121%
c - 814.41 41 18 84 626 233563 2 10430119 93627 1.7 17 10 5 11 48% 30758 10552 2375 121%
c } 815.42 40 18 85 626 234068 2 10444835 107113 1.7 17 10 5 11 48% 30758 10552 2375 121%
c [ 815.42 40 20 85 626 234068 1 10444835 107113 2.1 26 12 6 15 51% 30758 10552 2375 121%
c W 819.06 32 20 85 626 234068 1 10444835 107113 2.1 26 12 6 15 51% 30758 10552 2375 121%
c
c  seconds    switched       rate            size/glue  tier1     binary         remaining
c          MB   reductions      conflicts          size   tier2       irredundant
c           level      restarts         redundant     glue    trail         variables
c
c - 819.68 32 20 85 627 234074 1 10455139 93374 2.0 25 12 6 15 51% 30758 10552 2375 121%
c - 821.33 39 19 85 628 234085 1 10480178 92393 2.0 25 12 6 15 51% 30758 10552 2375 121%
c - 823.11 40 19 85 629 234097 1 10505237 90828 2.0 25 12 6 15 51% 30758 10552 2375 121%
c - 825.03 40 19 85 630 234101 1 10530316 91362 2.0 25 12 6 15 51% 30758 10552 2375 121%
c - 827.15 40 19 85 631 234113 1 10555417 92951 2.0 25 12 6 15 51% 30758 10552 2375 121%
c - 829.00 39 20 85 632 234127 1 10580536 92771 2.0 25 12 6 15 51% 30758 10552 2375 121%
c - 831.02 41 20 85 633 234129 1 10605676 89233 2.0 26 13 6 15 51% 30758 10552 2375 121%
c - 833.00 41 21 85 634 234130 1 10630835 86901 2.1 27 13 6 15 52% 30758 10552 2375 121%
c u 835.58 45 21 85 634 234137 1 10651328 103380 2.1 28 13 6 15 52% 30758 10552 2375 121%
c v 836.57 47 21 85 634 234137 1 10651328 101737 2.1 28 13 6 15 52% 30758 10552 2375 121%
c w 836.93 47 21 85 634 234137 1 10651328 97927 2.1 28 13 6 15 52% 30758 10552 2375 121%
c o 836.96 47 21 85 634 234137 1 10651328 97927 2.1 28 13 6 15 52% 30758 10552 2375 121%
c - 837.28 39 26 85 635 234140 1 10656014 78679 2.0 28 14 6 15 52% 30758 10552 2375 121%
c - 838.97 40 26 85 636 234151 1 10681214 79609 1.9 28 14 6 15 51% 30758 10552 2375 121%
c - 840.74 39 25 85 637 234160 1 10706433 79762 1.9 28 14 6 15 51% 30758 10552 2375 121%
c - 842.62 39 26 85 638 234167 1 10731671 80765 1.9 28 15 6 15 51% 30758 10552 2375 121%
c O 843.99 40 26 85 638 234176 1 10750030 98356 1.9 28 15 6 15 51% 30758 10552 2375 121%
c - 844.49 39 25 85 639 234177 1 10756929 81129 1.9 28 15 6 15 51% 30758 10552 2375 121%
c ] 845.54 39 24 86 639 234186 1 10770797 94118 1.9 27 14 6 15 51% 30758 10552 2375 121%
c { 845.54 39 18 86 639 234186 2 10770797 94118 1.7 17 10 5 11 48% 30758 10552 2375 121%
c
c  seconds    switched       rate            size/glue  tier1     binary         remaining
c          MB   reductions      conflicts          size   tier2       irredundant
c           level      restarts         redundant     glue    trail         variables
c
c - 847.08 40 22 86 640 236151 3 10782208 82717 1.7 19 11 5 11 48% 30758 10552 2375 121%
c - 850.78 39 29 86 641 240545 5 10807506 77913 1.7 22 13 5 11 48% 30758 10552 2375 121%
c - 854.93 39 34 86 642 244920 6 10832827 72679 1.8 25 14 5 11 48% 30758 10552 2375 121%
c - 859.10 39 38 86 643 248871 6 10858165 71744 1.8 27 15 5 11 48% 30758 10552 2375 121%
c - 862.91 37 41 86 644 252113 7 10883524 72463 1.8 29 16 5 11 48% 30758 10552 2375 121%
c - 866.50 40 42 86 645 254568 7 10908901 73883 1.9 31 16 5 11 48% 30758 10552 2375 121%
c - 869.96 39 43 86 646 256542 6 10934297 74861 1.9 32 17 5 11 48% 30758 10552 2375 121%
c - 873.11 40 43 86 647 258272 6 10959713 75424 1.9 33 17 5 11 48% 30758 10552 2375 121%
c - 876.33 39 44 86 648 260084 6 10985150 75773 1.9 33 17 5 11 48% 30758 10552 2375 121%
c u 878.30 41 44 86 648 260605 6 10992212 77808 1.9 33 17 5 11 48% 30758 10552 2375 121%
c v 879.59 41 44 86 648 260605 6 10992212 76150 1.9 33 17 5 11 48% 30758 10552 2375 121%
c w 880.08 43 44 86 648 260605 6 10992212 75942 1.9 33 17 5 11 48% 30758 10552 2375 121%
c - 882.23 39 44 86 649 261544 5 11010607 70421 2.0 34 17 5 11 48% 30758 10552 2375 121%
c - 885.16 39 44 86 650 262816 5 11036082 71213 2.0 34 17 5 11 48% 30758 10552 2375 121%
c - 888.12 39 44 86 651 264133 5 11061578 71685 2.0 35 18 5 11 48% 30758 10552 2375 121%
c - 890.76 39 44 86 652 265262 5 11087093 72684 2.0 35 18 5 11 48% 30758 10552 2375 121%
c o 891.22 37 44 86 652 265500 5 11091387 76901 2.0 35 18 5 11 48% 30758 10552 2375 121%
c - 893.69 39 44 86 653 266555 5 11112627 73661 2.0 35 18 5 11 48% 30758 10552 2375 121%
c - 896.32 37 44 86 654 267492 4 11138180 74257 2.0 35 17 5 11 48% 30758 10552 2375 121%
c } 896.95 39 44 87 654 267844 4 11143652 79649 2.0 35 18 5 11 48% 30758 10552 2375 121%
c
c  seconds    switched       rate            size/glue  tier1     binary         remaining
c          MB   reductions      conflicts          size   tier2       irredundant
c           level      restarts         redundant     glue    trail         variables
c
c [ 896.95 39 24 87 654 267844 1 11143652 79649 1.9 27 14 6 15 51% 30758 10552 2375 121%
c B 896.95 39 24 87 654 267844 1 11143652 79649 1.9 27 14 6 15 51% 30758 10552 2375 121%
c - 898.44 39 24 87 655 267856 1 11163755 78038 1.9 26 14 6 15 51% 30758 10552 2375 121%
c - 900.44 40 24 87 656 267866 1 11189347 82148 1.9 26 14 6 15 51% 30758 10552 2375 121%
c - 902.61 40 23 87 657 267874 1 11214959 84969 1.9 26 14 6 15 51% 30758 10552 2375 121%
c - 904.78 39 23 87 658 267884 1 11240591 86224 1.9 26 14 6 15 51% 30758 10552 2375 121%
c - 906.92 41 23 87 659 267895 1 11266244 85457 1.9 26 14 5 15 51% 30758 10552 2375 121%
c - 909.20 40 22 87 660 267905 1 11291914 89281 1.9 26 14 5 15 50% 30758 10552 2375 121%
c - 911.62 39 22 87 661 267906 1 11317604 92791 1.9 25 13 5 15 50% 30758 10552 2375 121%
c u 914.53 47 21 87 661 267906 1 11338949 108980 1.9 25 13 5 15 50% 30758 10552 2375 121%
c v 915.90 48 21 87 661 267906 1 11338949 103847 1.9 25 13 5 15 50% 30758 10552 2375 121%
c w 916.42 49 21 87 661 267906 1 11338949 94305 1.9 25 13 5 15 50% 30758 10552 2375 121%
c - 916.88 40 21 87 662 267909 1 11343313 80099 1.9 25 13 5 15 50% 30758 10552 2375 121%
c - 918.87 39 20 87 663 267921 1 11369042 85836 1.9 24 13 5 15 50% 30758 10552 2375 121%
c - 920.87 39 19 87 664 267935 1 11394791 90554 1.9 23 12 5 15 49% 30758 10552 2375 121%
c - 922.98 41 19 87 665 267937 1 11420559 92268 1.9 23 12 5 15 49% 30758 10552 2375 121%
c - 925.10 41 20 87 666 267951 1 11446347 87557 1.8 23 13 5 15 49% 30758 10552 2375 121%
c W 930.65 32 21 87 666 267960 1 11467730 107942 1.9 25 13 5 15 49% 30758 10552 2375 121%
c - 931.05 32 21 87 667 267963 1 11472155 82783 1.9 25 13 5 15 50% 30758 10552 2375 121%
c - 933.13 32 21 87 668 267968 1 11497982 84179 1.9 25 13 5 15 50% 30758 10552 2375 121%
c
c  seconds    switched       rate            size/glue  tier1     binary         remaining
c          MB   reductions      conflicts          size   tier2       irredundant
c           level      restarts         redundant     glue    trail         variables
c
c - 935.23 39 22 87 669 267969 1 11523829 86213 1.9 26 14 5 15 50% 30758 10552 2375 121%
c - 937.54 39 22 87 670 267970 1 11549696 86158 1.9 26 14 5 15 50% 30758 10552 2375 121%
c - 939.88 40 22 87 671 267970 1 11575581 90203 2.0 26 13 5 15 50% 30758 10552 2375 121%
c - 941.97 39 22 87 672 267970 1 11601484 92091 2.0 27 13 5 15 50% 30758 10552 2375 121%
c - 944.22 40 23 87 673 267985 1 11627406 89243 2.0 27 14 5 15 50% 30758 10552 2375 121%
c - 946.56 39 22 87 674 267997 1 11653348 90499 2.0 27 13 5 15 50% 30758 10552 2375 121%
c ] 948.29 40 21 88 674 268001 1 11672024 107988 2.0 26 13 5 15 50% 30758 10552 2375 121%
c { 948.29 40 44 88 674 268001 4 11672024 107988 2.0 35 18 5 11 48% 30758 10552 2375 121%
c - 949.06 40 42 88 675 268002 4 11679311 95426 2.0 34 17 5 11 48% 30758 10552 2375 121%
c u 951.14 45 39 88 675 268002 4 11691587 102119 2.0 33 16 5 11 48% 30758 10552 2375 121%
c v 952.38 47 39 88 675 268002 4 11691587 96446 2.0 33 16 5 11 48% 30758 10552 2375 121%
c w 952.77 47 39 88 675 268002 4 11691587 89543 2.0 33 16 5 11 48% 30758 10552 2375 121%
c o 956.87 47 39 88 675 268002 4 11691587 89543 2.0 33 16 5 11 48% 30758 10552 2375 121%
c - 957.70 39 36 88 676 268004 3 11705293 83867 2.1 32 16 5 11 49% 30758 10552 2375 121%
c - 959.61 40 32 88 677 268031 3 11731295 90360 2.0 30 15 5 12 49% 30758 10552 2375 121%
c - 961.21 41 29 88 678 268056 3 11757314 93902 2.0 28 14 5 12 49% 30758 10552 2375 121%
c - 962.93 41 26 88 679 268067 2 11783353 95342 2.0 26 13 5 12 48% 30758 10552 2375 121%
c - 964.77 40 24 88 680 268121 2 11809410 95166 1.9 25 13 5 12 48% 30758 10552 2375 121%
c - 966.51 40 22 88 681 268134 2 11835486 95253 1.9 23 12 5 12 48% 30758 10552 2375 121%
c - 968.18 40 20 88 682 268231 2 11861582 96786 1.9 22 12 5 12 48% 30758 10552 2375 121%
c
c  seconds    switched       rate            size/glue  tier1     binary         remaining
c          MB   reductions      conflicts          size   tier2       irredundant
c           level      restarts         redundant     glue    trail         variables
c
c - 969.97 41 20 88 683 268414 2 11887698 97761 1.9 21 11 5 12 48% 30758 10552 2375 121%
c - 971.72 41 19 88 684 268702 2 11913832 97632 1.8 21 11 5 12 48% 30758 10552 2375 121%
c - 973.52 41 19 88 685 269079 2 11939986 97553 1.8 20 11 5 12 48% 30758 10552 2375 121%
c - 975.32 41 18 88 686 269485 2 11966158 97921 1.8 19 11 5 12 48% 30758 10552 2375 121%
c - 977.21 41 18 88 687 269905 2 11992349 98117 1.8 19 11 5 12 48% 30758 10552 2375 121%
c - 979.18 41 18 88 688 270805 2 12018559 98601 1.7 19 11 5 12 48% 30758 10552 2375 121%
c - 981.04 41 18 88 689 271555 2 12044789 99278 1.7 18 11 5 12 48% 30758 10552 2375 121%
c u 982.24 43 18 88 689 271706 2 12050100 98722 1.7 18 11 5 12 48% 30758 10552 2375 121%
c v 983.10 43 18 88 689 271706 2 12050100 92984 1.7 18 11 5 12 48% 30758 10552 2375 121%
c w 983.40 43 18 88 689 271706 2 12050100 92336 1.7 18 11 5 12 48% 30758 10552 2375 121%
c } 984.18 40 18 89 689 271994 2 12060962 102363 1.7 18 11 5 12 48% 30758 10552 2375 121%
c [ 984.18 40 21 89 689 271994 1 12060962 102363 2.0 26 13 5 15 50% 30758 10552 2375 121%
c I 984.18 40 21 89 689 271994 1 12060962 102363 2.0 26 13 5 15 50% 30758 10552 2375 121%
c - 984.85 39 23 89 690 272000 1 12071037 85991 2.0 27 14 5 15 50% 30758 10552 2375 121%
c - 986.77 39 24 89 691 272011 1 12097304 82651 2.0 29 14 5 15 50% 30758 10552 2375 121%
c - 988.68 40 25 89 692 272023 1 12123591 79767 2.1 30 15 5 15 49% 30758 10552 2375 121%
c - 990.81 39 26 89 693 272030 1 12149896 79009 2.1 31 15 5 15 49% 30758 10552 2375 121%
c - 992.86 39 26 89 694 272040 1 12176220 80373 2.1 32 15 5 15 49% 30758 10552 2375 121%
c o 994.25 39 26 89 694 272051 1 12193184 96565 2.1 32 15 5 15 49% 30758 10552 2375 121%
c - 995.01 39 29 89 695 272054 1 12202563 80116 2.0 32 16 5 15 49% 30758 10552 2375 121%
c
c  seconds    switched       rate            size/glue  tier1     binary         remaining
c          MB   reductions      conflicts          size   tier2       irredundant
c           level      restarts         redundant     glue    trail         variables
c
c - 996.98 40 29 89 696 272056 1 12228926 78774 1.9 32 16 5 15 49% 30758 10552 2375 121%
c - 999.12 39 28 89 697 272056 1 12255309 81913 1.9 31 16 5 15 50% 30758 10552 2375 121%
c - 1001.18 39 27 89 698 272070 1 12281710 88690 1.9 29 15 5 15 50% 30758 10552 2375 121%
c - 1003.26 41 25 89 699 272083 1 12308131 94630 1.9 28 15 5 15 50% 30758 10552 2375 121%
c - 1005.28 41 24 89 700 272087 1 12334570 96464 1.9 27 14 5 15 50% 30758 10552 2375 121%
c - 1007.45 41 24 89 701 272101 1 12361028 95066 1.9 27 14 5 15 50% 30758 10552 2375 121%
c - 1009.67 41 22 89 702 272112 1 12387504 96706 1.9 26 14 5 15 50% 30758 10552 2375 121%
c B 1011.10 39 22 89 702 272117 1 12404333 112411 1.9 26 14 5 15 50% 30758 10552 2375 121%
c ] 1011.28 40 22 90 702 272118 1 12406733 114729 1.9 26 14 5 15 50% 30758 10552 2375 121%
c { 1011.28 40 18 90 702 272118 2 12406733 114729 1.7 18 11 5 12 48% 30758 10552 2375 121%
c - 1011.90 41 18 90 703 272427 2 12414000 99739 1.7 18 11 5 12 48% 30758 10552 2375 121%
c u 1013.01 43 18 90 703 272428 2 12414542 95595 1.7 18 10 5 12 48% 30758 10552 2375 121%
c v 1014.05 43 18 90 703 272428 2 12414542 78446 1.7 18 10 5 12 48% 30758 10552 2375 121%
c w 1014.41 43 18 90 703 272428 2 12414542 71668 1.7 18 10 5 12 48% 30758 10552 2375 121%
c - 1016.19 40 18 90 704 273293 2 12440514 84474 1.7 18 10 5 11 48% 30758 10552 2375 121%
c - 1018.08 40 18 90 705 274310 2 12467046 94925 1.7 18 10 5 11 48% 30758 10552 2375 121%
c - 1020.04 41 18 90 706 275176 2 12493598 96931 1.7 18 10 5 11 48% 30758 10552 2375 121%
c - 1021.89 41 18 90 707 276042 2 12520168 97149 1.7 17 10 5 11 48% 30758 10552 2375 121%
c - 1023.80 41 18 90 708 276987 2 12546758 97371 1.7 17 10 5 11 48% 30758 10552 2375 121%
c - 1025.62 41 17 90 709 277808 2 12573368 98108 1.7 17 10 5 11 48% 30758 10552 2375 121%
c
c   seconds    switched       rate            size/glue  tier1     binary         remaining
c           MB   reductions      conflicts          size   tier2       irredundant
c            level      restarts         redundant     glue    trail         variables
c
c - 1027.56 41 17 90 710 278658 2 12599996 98709 1.7 17 10 5 11 48% 30758 10552 2375 121%
c - 1029.43 41 17 90 711 279550 2 12626641 99229 1.7 18 10 5 11 48% 30758 10552 2375 121%
c - 1031.34 43 17 90 712 280557 2 12653305 99154 1.7 17 10 5 11 48% 30758 10552 2375 121%
c o 1032.07 40 18 90 712 280973 2 12663408 108334 1.7 17 10 5 11 48% 30758 10552 2375 121%
c - 1033.33 41 18 90 713 281597 2 12679991 99160 1.7 17 10 5 11 48% 30758 10552 2375 121%
c - 1035.26 41 18 90 714 282525 2 12706693 99140 1.7 17 10 5 11 48% 30758 10552 2375 121%
c - 1037.17 41 18 90 715 283554 2 12733413 99168 1.7 17 10 5 11 48% 30758 10552 2375 121%
c - 1039.15 41 17 90 716 284528 2 12760152 99287 1.6 17 10 5 11 48% 30758 10552 2375 121%
c u 1041.99 43 18 90 716 285967 2 12784911 117490 1.6 17 10 5 11 48% 30758 10552 2375 121%
c v 1043.00 43 18 90 716 285967 2 12784911 113091 1.6 17 10 5 11 48% 30758 10552 2375 121%
c w 1043.36 43 18 90 716 285967 2 12784911 112406 1.6 17 10 5 11 48% 30758 10552 2375 121%
c - 1043.53 39 18 90 717 285977 2 12786911 86566 1.6 17 10 4 11 48% 30758 10552 2375 121%
c } 1045.15 40 18 91 717 286674 2 12812053 108993 1.6 17 10 4 11 48% 30758 10552 2375 121%
c [ 1045.15 40 22 91 717 286674 1 12812053 108993 1.9 26 14 5 15 50% 30758 10552 2375 121%
c W 1049.84 32 22 91 717 286674 1 12812053 108993 1.9 26 14 5 15 50% 30758 10552 2375 121%
c - 1049.95 32 23 91 718 286675 1 12813688 85672 1.9 26 14 5 15 50% 30758 10552 2375 121%
c - 1051.69 39 22 91 719 286688 1 12840483 84813 1.9 25 13 5 15 50% 30758 10552 2375 121%
c - 1053.62 40 21 91 720 286702 1 12867298 83904 1.9 24 13 5 15 50% 30758 10552 2375 121%
c - 1055.72 41 22 91 721 286705 1 12894130 81761 1.9 25 13 5 15 50% 30758 10552 2375 121%
c - 1057.99 40 21 91 722 286719 1 12920981 82244 1.9 24 13 5 15 50% 30758 10552 2375 121%
c
c   seconds    switched       rate            size/glue  tier1     binary         remaining
c           MB   reductions      conflicts          size   tier2       irredundant
c            level      restarts         redundant     glue    trail         variables
c
c - 1060.14 39 20 91 723 286733 1 12947851 84525 1.9 25 13 5 15 50% 30758 10552 2375 121%
c - 1062.50 40 20 91 724 286735 1 12974742 83621 1.9 24 13 5 15 49% 30758 10552 2375 121%
c - 1064.72 40 20 91 725 286736 1 13001649 85359 1.9 24 13 5 15 49% 30758 10552 2375 121%
c - 1067.13 39 20 91 726 286749 1 13028574 85772 1.9 24 13 5 15 49% 30758 10552 2375 121%
c - 1069.27 41 20 91 727 286760 1 13055519 85009 1.9 24 13 5 15 49% 30758 10552 2375 121%
c - 1071.41 40 21 91 728 286767 1 13082481 81579 1.9 25 13 5 15 49% 30758 10552 2375 121%
c - 1073.74 39 20 91 729 286780 1 13109462 83096 1.9 25 13 5 15 49% 30758 10552 2375 121%
c - 1076.09 39 20 91 730 286790 1 13136462 86075 1.9 25 13 5 15 49% 30758 10552 2375 121%
c ] 1077.65 39 20 92 730 286797 1 13153766 102227 1.9 25 13 5 15 49% 30758 10552 2375 121%
c { 1077.65 39 18 92 730 286797 2 13153766 102227 1.6 17 10 4 11 48% 30758 10552 2375 121%
c o 1078.17 39 18 92 730 286862 2 13158877 106901 1.6 17 10 4 11 48% 30758 10552 2375 121%
c u 1079.33 45 18 92 730 286892 2 13161209 104228 1.6 17 10 4 11 48% 30758 10552 2375 121%
c v 1080.56 48 18 92 730 286892 2 13161209 99926 1.6 17 10 4 11 48% 30758 10552 2375 121%
c w 1081.00 48 18 92 730 286892 2 13161209 96383 1.6 17 10 4 11 48% 30758 10552 2375 121%
c - 1081.20 40 18 92 731 287084 2 13163481 77868 1.6 17 10 4 11 48% 30758 10552 2375 121%
c - 1083.18 39 18 92 732 288169 2 13190518 83666 1.7 17 10 4 11 48% 30758 10552 2375 121%
c - 1085.00 40 18 92 733 289174 2 13217573 86396 1.7 17 10 4 11 48% 30758 10552 2375 121%
c - 1086.79 40 18 92 734 290017 2 13244647 87225 1.7 17 10 4 11 48% 30758 10552 2375 121%
c - 1088.58 40 18 92 735 290828 2 13271740 87414 1.7 17 10 4 11 48% 30758 10552 2375 121%
c - 1090.48 41 18 92 736 291745 2 13298850 87728 1.7 17 10 4 11 48% 30758 10552 2375 121%
c
c   seconds    switched       rate            size/glue  tier1     binary         remaining
c           MB   reductions      conflicts          size   tier2       irredundant
c            level      restarts         redundant     glue    trail         variables
c
c - 1092.33 40 18 92 737 292615 2 13325980 87966 1.7 17 10 4 11 48% 30758 10552 2375 121%
c - 1094.17 40 18 92 738 293674 2 13353127 87862 1.7 17 10 4 11 48% 30758 10552 2375 121%
c - 1095.98 40 18 92 739 294747 2 13380294 87954 1.7 17 10 4 11 48% 30758 10552 2375 121%
c - 1097.84 40 18 92 740 295629 2 13407479 88171 1.7 17 10 4 11 48% 30758 10552 2375 121%
c - 1099.79 40 18 92 741 296496 2 13434683 88301 1.7 17 10 4 11 48% 30758 10552 2375 121%
c - 1101.71 39 18 92 742 297710 2 13461906 88309 1.7 17 10 4 11 48% 30758 10552 2375 121%
c - 1103.55 40 18 92 743 298791 2 13489147 88327 1.7 17 10 4 11 48% 30758 10552 2375 121%
c - 1105.50 40 18 92 744 299983 2 13516406 88897 1.7 17 10 4 11 48% 30758 10552 2375 121%
c u 1108.11 41 18 92 744 300775 2 13543461 108721 1.7 17 10 4 11 48% 30758 10552 2375 121%
c v 1109.07 43 18 92 744 300775 2 13543461 105199 1.7 17 10 4 11 48% 30758 10552 2375 121%
c w 1109.42 43 18 92 744 300775 2 13543461 104623 1.7 17 10 4 11 48% 30758 10552 2375 121%
c - 1109.49 39 18 92 745 300813 2 13543682 81642 1.7 17 10 4 11 48% 30758 10552 2375 121%
c - 1111.27 40 18 92 746 301893 2 13570976 82571 1.7 17 10 4 11 48% 30758 10552 2375 121%
c } 1111.58 39 18 93 746 302094 2 13575770 86902 1.7 17 10 4 11 48% 30758 10552 2375 121%
c [ 1111.58 39 20 93 746 302094 1 13575770 86902 1.9 25 13 5 15 49% 30758 10552 2375 121%
c O 1111.58 39 20 93 746 302094 1 13575770 86902 1.9 25 13 5 15 49% 30758 10552 2375 121%
c - 1112.90 40 19 93 747 302107 1 13598290 84442 1.9 24 13 5 15 49% 30758 10552 2375 121%
c - 1114.66 40 19 93 748 302119 1 13625622 84624 1.9 23 12 5 15 49% 30758 10552 2375 121%
c - 1116.79 40 19 93 749 302124 1 13652974 84867 1.9 23 12 5 15 49% 30758 10552 2375 121%
c - 1118.84 40 19 93 750 302138 1 13680341 83663 1.9 23 12 5 15 49% 30758 10552 2375 121%
c
c   seconds    switched       rate            size/glue  tier1     binary         remaining
c           MB   reductions      conflicts          size   tier2       irredundant
c            level      restarts         redundant     glue    trail         variables
c
c - 1120.93 40 21 93 751 302150 1 13707729 79587 1.9 24 13 5 15 49% 30758 10552 2375 121%
c - 1123.15 39 21 93 752 302155 1 13735133 77344 1.9 25 13 5 15 49% 30758 10552 2375 121%
c - 1125.35 40 22 93 753 302156 1 13762557 78226 1.9 25 13 5 15 49% 30758 10552 2375 121%
c - 1127.67 39 21 93 754 302168 1 13789997 79537 1.8 25 13 5 15 49% 30758 10552 2375 121%
c - 1129.97 39 21 93 755 302178 1 13817458 84378 1.9 25 13 5 15 49% 30758 10552 2375 121%
c - 1132.04 41 21 93 756 302187 1 13844936 87060 2.0 25 13 5 15 49% 30758 10552 2375 121%
c - 1134.30 39 21 93 757 302199 1 13872432 86870 2.0 25 13 5 15 48% 30758 10552 2375 121%
c - 1136.77 41 22 93 758 302210 1 13899945 81555 1.9 26 13 5 15 49% 30758 10552 2375 121%
c ] 1138.48 39 22 94 758 302218 1 13920668 101352 1.9 26 14 5 15 49% 30758 10552 2375 121%
c { 1138.48 39 18 94 758 302218 2 13920668 101352 1.7 17 10 4 11 48% 30758 10552 2375 121%
c o 1138.49 39 18 94 758 302228 2 13920731 101415 1.7 17 10 4 11 48% 30758 10552 2375 121%
c - 1139.26 40 18 94 759 302334 2 13927476 79517 1.7 17 10 4 11 48% 30758 10552 2375 121%
c u 1140.25 40 18 94 759 302625 2 13931692 80761 1.7 17 10 4 11 48% 30758 10552 2375 121%
c v 1141.02 43 18 94 759 302625 2 13931692 79587 1.7 17 10 4 11 48% 30758 10552 2375 121%
c w 1141.30 43 18 94 759 302625 2 13931692 76470 1.7 17 10 4 11 48% 30758 10552 2375 121%
c - 1143.02 40 18 94 760 303668 2 13955027 80317 1.7 17 10 4 11 48% 30758 10552 2375 121%
c - 1144.84 37 18 94 761 304678 2 13982595 85770 1.7 17 10 4 11 48% 30758 10552 2375 121%
c - 1146.72 39 18 94 762 305867 2 14010181 87391 1.7 17 10 4 11 48% 30758 10552 2375 121%
c - 1148.62 37 18 94 763 306934 2 14037785 87919 1.7 17 10 4 11 48% 30758 10552 2375 121%
c - 1150.58 40 18 94 764 308152 2 14065408 88005 1.7 17 10 4 11 48% 30758 10552 2375 121%
c
c   seconds    switched       rate            size/glue  tier1     binary         remaining
c           MB   reductions      conflicts          size   tier2       irredundant
c            level      restarts         redundant     glue    trail         variables
c
c - 1152.48 40 18 94 765 309188 2 14093048 88351 1.7 17 10 4 11 48% 30758 10552 2375 121%
c - 1154.39 40 18 94 766 310143 2 14120706 88830 1.7 17 10 4 11 48% 30758 10552 2375 121%
c - 1156.25 40 18 94 767 310817 2 14148382 88880 1.7 17 10 4 11 48% 30758 10552 2375 121%
c - 1158.06 41 18 94 768 311810 2 14176076 88894 1.7 17 10 4 11 48% 30758 10552 2375 121%
c - 1159.96 40 18 94 769 312667 2 14203789 89226 1.7 17 10 4 11 48% 30758 10552 2375 121%
c - 1161.92 40 18 94 770 313794 2 14231520 89605 1.7 17 10 4 11 48% 30758 10552 2375 121%
c - 1163.81 40 18 94 771 314865 2 14259270 89738 1.7 17 10 4 11 48% 30758 10552 2375 121%
c - 1165.67 40 18 94 772 315902 2 14287037 89785 1.7 17 10 4 11 48% 30758 10552 2375 121%
c - 1167.63 40 18 94 773 316959 2 14314821 89626 1.7 17 10 4 11 48% 30758 10552 2375 121%
c u 1169.26 41 18 94 773 317238 2 14325902 95526 1.7 17 10 4 11 48% 30758 10552 2375 121%
c v 1170.21 43 18 94 773 317238 2 14325902 88532 1.7 17 10 4 11 48% 30758 10552 2375 121%
c w 1170.54 43 18 94 773 317238 2 14325902 87314 1.7 17 10 4 11 48% 30758 10552 2375 121%
c - 1171.75 40 18 94 774 318067 2 14342623 80132 1.7 17 10 4 11 48% 30758 10552 2375 121%
c } 1172.86 39 18 95 774 318721 2 14359653 95618 1.7 17 10 4 11 48% 30758 10552 2375 121%
c [ 1172.86 39 22 95 774 318721 1 14359653 95618 1.9 26 14 5 15 49% 30758 10552 2375 121%
c B 1172.86 39 22 95 774 318721 1 14359653 95618 1.9 26 14 5 15 49% 30758 10552 2375 121%
c - 1173.54 40 22 95 775 318727 1 14370444 82407 1.9 26 14 5 15 49% 30758 10552 2375 121%
c - 1175.48 40 22 95 776 318740 1 14398283 83089 1.9 26 13 5 15 49% 30758 10552 2375 121%
c - 1177.62 39 22 95 777 318751 1 14426139 80555 1.9 26 13 5 15 49% 30758 10552 2375 121%
c - 1179.82 40 21 95 778 318759 1 14454013 79780 1.9 26 13 5 15 49% 30758 10552 2375 121%
c
c   seconds    switched       rate            size/glue  tier1     binary         remaining
c           MB   reductions      conflicts          size   tier2       irredundant
c            level      restarts         redundant     glue    trail         variables
c
c - 1182.33 40 21 95 779 318772 1 14481905 82691 1.9 25 13 5 15 49% 30758 10552 2375 121%
c - 1184.95 41 20 95 780 318782 1 14509816 85602 1.9 24 13 5 15 49% 30758 10552 2375 121%
c - 1186.96 40 20 95 781 318783 1 14537745 87314 2.0 25 13 5 15 49% 30758 10552 2375 121%
c - 1189.24 41 21 95 782 318790 1 14565691 81972 2.0 26 13 5 15 50% 30758 10552 2375 121%
c - 1191.65 40 21 95 783 318802 1 14593655 81580 2.0 26 13 5 15 50% 30758 10552 2375 121%
c - 1194.03 40 20 95 784 318813 1 14621638 86141 2.0 25 13 5 15 49% 30758 10552 2375 121%
c - 1196.41 39 20 95 785 318821 1 14649638 87895 1.9 25 13 5 15 50% 30758 10552 2375 121%
c - 1198.83 37 20 95 786 318835 1 14677655 86645 1.9 25 13 5 15 50% 30758 10552 2375 121%
c - 1201.32 39 20 95 787 318845 1 14705690 85061 1.9 25 13 5 15 50% 30758 10552 2375 121%
c ] 1201.61 39 20 96 787 318845 1 14708824 87974 1.9 25 13 5 15 50% 30758 10552 2375 121%
c { 1201.61 39 18 96 787 318845 2 14708824 87974 1.7 17 10 4 11 48% 30758 10552 2375 121%
c o 1201.72 36 18 96 787 318876 2 14710025 89073 1.7 17 10 4 11 48% 30758 10552 2375 121%
c u 1203.95 43 18 96 787 319483 2 14726119 98308 1.7 17 10 4 11 48% 30758 10552 2375 121%
c v 1205.27 45 18 96 787 319483 2 14726119 94995 1.7 17 10 4 11 48% 30758 10552 2375 121%
c w 1205.72 45 18 96 787 319483 2 14726119 92387 1.7 17 10 4 11 48% 30758 10552 2375 121%
c - 1206.29 39 18 96 788 319738 2 14733745 80261 1.7 17 10 4 11 48% 30758 10552 2375 121%
c - 1208.15 40 18 96 789 320830 2 14761818 85314 1.7 17 10 4 11 48% 30758 10552 2375 121%
c - 1210.07 40 18 96 790 321818 2 14789907 86449 1.7 17 10 4 11 48% 30758 10552 2375 121%
c - 1211.92 40 18 96 791 322768 2 14818014 87175 1.7 17 10 4 11 48% 30758 10552 2375 121%
c - 1213.86 39 18 96 792 323694 2 14846139 87618 1.7 17 10 4 11 48% 30758 10552 2375 121%
c
c   seconds    switched       rate            size/glue  tier1     binary         remaining
c           MB   reductions      conflicts          size   tier2       irredundant
c            level      restarts         redundant     glue    trail         variables
c
c - 1215.84 40 18 96 793 324959 2 14874281 87469 1.7 17 10 4 11 48% 30758 10552 2375 121%
c - 1217.76 40 18 96 794 325771 2 14902444 87384 1.7 17 10 4 11 48% 30758 10552 2375 121%
c - 1219.71 39 18 96 795 326963 2 14930622 87620 1.7 17 10 4 11 48% 30758 10552 2375 121%
c - 1221.54 39 18 96 796 328021 2 14958817 87922 1.7 17 10 4 11 48% 30758 10552 2375 121%
c - 1223.54 41 18 96 797 328945 2 14987031 88567 1.7 17 10 4 11 48% 30758 10552 2375 121%
c - 1225.52 40 18 96 798 330106 2 15015265 89206 1.7 17 10 4 11 48% 30758 10552 2375 121%
c - 1227.32 41 18 96 799 330870 2 15043513 89409 1.7 17 10 4 11 48% 30758 10552 2375 121%
c - 1229.09 40 17 96 800 331537 2 15071779 89400 1.7 17 10 4 11 48% 30758 10552 2375 121%
c - 1231.02 40 18 96 801 332789 2 15100063 89520 1.7 17 10 4 11 48% 30758 10552 2375 121%
c - 1232.97 41 18 96 802 333897 2 15128364 89708 1.7 17 10 4 11 48% 30758 10552 2375 121%
c u 1234.11 40 18 96 802 334127 2 15132339 90163 1.7 17 10 4 11 48% 30758 10552 2375 121%
c v 1235.06 43 18 96 802 334127 2 15132339 85004 1.7 17 10 4 11 48% 30758 10552 2375 121%
c w 1235.41 43 18 96 802 334127 2 15132339 84231 1.7 17 10 4 11 48% 30758 10552 2375 121%
c - 1237.04 40 18 96 803 334989 2 15156683 82894 1.7 17 10 4 11 48% 30758 10552 2375 121%
c } 1237.56 39 18 97 803 335224 2 15165087 90562 1.7 17 10 4 11 48% 30758 10552 2375 121%
c [ 1237.56 39 20 97 803 335224 1 15165087 90562 1.9 25 13 5 15 50% 30758 10552 2375 121%
c W 1242.83 32 20 97 803 335224 1 15165087 90562 1.9 25 13 5 15 50% 30758 10552 2375 121%
c - 1244.04 32 20 97 804 335236 1 15185020 83773 2.0 26 13 5 15 51% 30758 10552 2375 121%
c - 1245.85 32 20 97 805 335248 1 15213374 81869 2.0 25 13 5 15 51% 30758 10552 2375 121%
c - 1248.13 32 19 97 806 335254 1 15241750 84532 1.9 25 13 5 15 51% 30758 10552 2375 121%
c
c   seconds    switched       rate            size/glue  tier1     binary         remaining
c           MB   reductions      conflicts          size   tier2       irredundant
c            level      restarts         redundant     glue    trail         variables
c
c - 1250.20 32 19 97 807 335268 1 15270142 85600 2.0 25 13 5 15 51% 30758 10552 2375 121%
c - 1252.15 41 20 97 808 335282 1 15298551 81844 2.0 26 13 5 15 52% 30758 10552 2375 121%
c - 1254.31 39 21 97 809 335285 1 15326977 78438 2.0 27 14 5 15 52% 30758 10552 2375 121%
c - 1256.48 40 21 97 810 335286 1 15355419 78553 2.0 27 14 5 15 52% 30758 10552 2375 121%
c - 1258.68 40 21 97 811 335300 1 15383880 83033 2.0 27 13 5 15 52% 30758 10552 2375 121%
c - 1260.81 40 20 97 812 335313 1 15412359 87381 2.0 27 13 5 15 52% 30758 10552 2375 121%
c - 1263.05 39 20 97 813 335317 1 15440854 89199 2.1 27 13 5 15 52% 30758 10552 2375 121%
c - 1265.22 39 20 97 814 335332 1 15469368 88930 2.1 27 13 5 15 51% 30758 10552 2375 121%
c - 1267.35 39 21 97 815 335346 1 15497899 83634 2.0 27 13 5 15 51% 30758 10552 2375 121%
c - 1269.62 41 22 97 816 335349 1 15526450 77839 2.0 28 14 5 15 51% 30758 10552 2375 121%
c u 1272.17 43 22 97 816 335349 1 15544592 91993 2.1 28 14 5 15 51% 30758 10552 2375 121%
c v 1273.47 47 22 97 816 335349 1 15544592 91767 2.1 28 14 5 15 51% 30758 10552 2375 121%
c w 1273.97 47 22 97 816 335349 1 15544592 89708 2.1 28 14 5 15 51% 30758 10552 2375 121%
c o 1273.99 47 22 97 816 335349 1 15544592 89708 2.1 28 14 5 15 51% 30758 10552 2375 121%
c - 1274.72 40 35 97 817 335349 1 15555015 72542 1.9 30 16 5 15 51% 30758 10552 2375 121%
c ] 1274.83 37 37 98 817 335349 1 15557031 74529 1.9 30 16 5 15 51% 30758 10552 2375 121%
c { 1274.83 37 18 98 817 335349 2 15557031 74529 1.7 17 10 4 11 48% 30758 10552 2375 121%
c - 1276.34 40 16 98 818 335372 2 15583598 76514 1.7 17 10 4 11 48% 30758 10552 2375 121%
c - 1277.96 40 15 98 819 335387 2 15612199 81905 1.7 16 10 4 11 48% 30758 10552 2375 121%
c - 1279.59 39 14 98 820 335458 2 15640817 84353 1.7 16 9 4 11 48% 30758 10552 2375 121%
c
c   seconds    switched       rate            size/glue tier1     binary         remaining
c           MB   reductions      conflicts          size  tier2       irredundant
c            level      restarts         redundant    glue    trail         variables
c
c - 1281.37 40 13 98 821 335581 2 15669452 84439 1.7 16 9 4 11 48% 30758 10552 2375 121%
c - 1283.18 40 13 98 822 335792 1 15698105 84260 1.7 15 9 4 11 48% 30758 10552 2375 121%
c - 1285.02 40 12 98 823 336129 1 15726775 84755 1.6 15 9 4 11 48% 30758 10552 2375 121%
c - 1286.74 40 12 98 824 336522 1 15755463 84710 1.6 15 9 4 11 48% 30758 10552 2375 121%
c - 1288.49 40 12 98 825 336916 1 15784168 85190 1.6 14 9 4 11 48% 30758 10552 2375 121%
c - 1290.35 40 11 98 826 337434 1 15812890 86392 1.6 14 9 4 11 48% 30758 10552 2375 121%
c - 1292.23 41 11 98 827 338095 1 15841630 86436 1.6 14 9 4 11 48% 30758 10552 2375 121%
c - 1294.25 41 11 98 828 338916 1 15870387 86455 1.6 14 9 4 11 48% 30758 10552 2375 121%
c - 1296.17 41 11 98 829 339620 1 15899161 86616 1.6 14 9 4 11 48% 30758 10552 2375 121%
c - 1298.02 40 11 98 830 340093 1 15927954 86386 1.6 14 9 4 11 48% 30758 10552 2375 121%
c - 1299.96 39 11 98 831 341087 1 15956764 86979 1.6 14 9 4 11 48% 30758 10552 2375 121%
c u 1301.28 40 11 98 831 341197 1 15962874 87735 1.6 14 9 4 11 48% 30758 10552 2375 121%
c v 1302.27 43 11 98 831 341197 1 15962874 82202 1.6 14 9 4 11 48% 30758 10552 2375 121%
c w 1302.62 43 11 98 831 341197 1 15962874 81917 1.6 14 9 4 11 48% 30758 10552 2375 121%
c - 1304.14 40 11 98 832 341902 1 15985591 80508 1.6 14 9 4 11 48% 30758 10552 2375 121%
c - 1306.03 40 11 98 833 343031 1 16014435 83726 1.6 14 9 4 11 48% 30758 10552 2375 121%
c } 1307.05 39 11 99 833 343435 1 16030865 96785 1.6 14 9 4 11 48% 30758 10552 2375 121%
c [ 1307.05 39 37 99 833 343435 1 16030865 96785 1.9 30 16 5 15 51% 30758 10552 2375 121%
c I 1307.05 39 37 99 833 343435 1 16030865 96785 1.9 30 16 5 15 51% 30758 10552 2375 121%
c - 1307.81 40 39 99 834 343442 1 16043296 80111 1.9 31 17 5 15 51% 30758 10552 2375 121%
c
c   seconds    switched       rate            size/glue  tier1     binary         remaining
c           MB   reductions      conflicts          size   tier2       irredundant
c            level      restarts         redundant     glue    trail         variables
c
c - 1309.69 40 36 99 835 343456 1 16072177 72273 1.9 32 17 5 15 51% 30758 10552 2375 121%
c - 1311.73 39 33 99 836 343465 1 16101074 70969 1.9 31 16 5 15 51% 30758 10552 2375 121%
c - 1313.75 39 32 99 837 343476 1 16129987 72524 1.9 31 16 5 15 51% 30758 10552 2375 121%
c - 1316.16 40 30 99 838 343488 1 16158919 72599 2.0 31 16 5 15 51% 30758 10552 2375 121%
c - 1318.29 39 29 99 839 343496 1 16187867 75548 2.0 31 16 5 15 51% 30758 10552 2375 121%
c - 1320.31 39 28 99 840 343497 1 16216832 77665 2.0 31 15 5 15 51% 30758 10552 2375 121%
c - 1322.36 39 27 99 841 343509 1 16245815 76512 2.0 31 15 5 15 51% 30758 10552 2375 121%
c - 1324.35 39 27 99 842 343522 1 16274815 75809 2.0 30 15 5 15 51% 30758 10552 2375 121%
c - 1326.51 39 26 99 843 343528 1 16303836 74931 1.9 30 15 5 15 50% 30758 10552 2375 121%
c - 1328.75 39 26 99 844 343542 1 16332871 75150 1.9 30 15 5 15 50% 30758 10552 2375 121%
c - 1330.99 39 25 99 845 343556 1 16361922 77495 1.9 29 15 5 15 50% 30758 10552 2375 121%
c u 1334.11 43 24 99 845 343559 1 16387213 97764 2.0 29 15 5 15 50% 30758 10552 2375 121%
c v 1335.43 45 24 99 845 343559 1 16387213 97069 2.0 29 15 5 15 50% 30758 10552 2375 121%
c w 1335.90 47 24 99 845 343559 1 16387213 85442 2.0 29 15 5 15 50% 30758 10552 2375 121%
c o 1335.92 47 24 99 845 343559 1 16387213 85442 2.0 29 15 5 15 50% 30758 10552 2375 121%
c - 1336.15 39 31 99 846 343559 1 16390990 68772 1.9 30 16 5 15 50% 30758 10552 2375 121%
c - 1338.03 39 30 99 847 343560 1 16420076 71147 1.8 29 16 5 15 50% 30758 10552 2375 121%
c B 1339.04 39 29 99 847 343561 1 16434521 84578 1.8 28 16 5 15 50% 30758 10552 2375 121%
c - 1339.91 39 31 99 848 343561 1 16449179 73009 1.8 29 16 5 15 49% 30758 10552 2375 121%
c ] 1340.31 37 31 100 848 343561 1 16455080 78777 1.8 29 16 5 15 49% 30758 10552 2375 121%
c
c   seconds    switched        rate            size/glue tier1     binary         remaining
c           MB    reductions      conflicts          size  tier2       irredundant
c            level       restarts         redundant    glue    trail         variables
c
c { 1340.31 37 11 100 848 343561 1 16455080 78777 1.6 14 9 4 11 48% 30758 10552 2375 121%
c - 1342.49 39 13 100 849 347186 2 16478302 79232 1.6 15 9 4 11 48% 30758 10552 2375 121%
c - 1345.20 40 15 100 850 350667 2 16507439 85318 1.6 15 10 4 11 48% 30758 10552 2375 121%
c - 1347.58 41 17 100 851 352847 3 16536593 88166 1.6 16 10 4 11 48% 30758 10552 2375 121%
c - 1349.64 39 17 100 852 354190 3 16565764 89303 1.6 16 10 4 11 48% 30758 10552 2375 121%
c - 1351.73 40 17 100 853 355441 3 16594953 90030 1.6 16 10 4 11 48% 30758 10552 2375 121%
c - 1353.84 41 18 100 854 356739 3 16624160 90795 1.6 17 10 4 11 48% 30758 10552 2375 121%
c - 1355.83 39 18 100 855 357895 3 16653383 90826 1.6 17 10 4 11 48% 30758 10552 2375 121%
c - 1357.83 41 18 100 856 358941 2 16682624 91049 1.6 17 10 4 11 48% 30758 10552 2375 121%
c - 1359.86 39 18 100 857 360066 2 16711881 91498 1.6 17 10 4 11 48% 30758 10552 2375 121%
c - 1361.91 41 18 100 858 361367 2 16741156 91402 1.6 17 10 4 11 48% 30758 10552 2375 121%
c - 1363.89 40 18 100 859 362478 2 16770448 91519 1.7 17 10 4 11 48% 30758 10552 2375 121%
c - 1365.98 40 18 100 860 363810 2 16799756 92035 1.7 17 10 4 11 48% 30758 10552 2375 121%
c u 1368.16 34 18 100 860 364343 2 16817608 104476 1.7 17 10 4 11 48% 30758 10552 2375 121%
c v 1369.27 34 18 100 860 364343 2 16817608 100258 1.7 17 10 4 11 48% 30758 10552 2375 121%
c w 1369.65 35 18 100 860 364343 2 16817608 99584 1.7 17 10 4 11 48% 30758 10552 2375 121%
c - 1374.34 35 18 100 861 364731 2 16829081 84736 1.7 17 10 4 11 48% 30758 10552 2375 121%
c - 1376.34 35 18 100 862 365769 2 16858424 86765 1.7 17 10 4 11 48% 30758 10552 2375 121%
c - 1378.21 35 18 100 863 366825 2 16887783 88860 1.7 17 10 4 11 48% 30758 10552 2375 121%
c - 1380.19 35 18 100 864 368088 2 16917160 89492 1.7 17 10 4 11 48% 30758 10552 2375 121%
c
c   seconds    switched        rate            size/glue  tier1     binary         remaining
c           MB    reductions      conflicts          size   tier2       irredundant
c            level       restarts         redundant     glue    trail         variables
c
c o 1380.22 35 18 100 864 368091 2 16917635 89904 1.7 17 10 4 11 48% 30758 10552 2375 121%
c - 1382.09 35 18 100 865 368918 2 16946554 89710 1.7 17 10 4 11 48% 30758 10552 2375 121%
c } 1382.10 35 18 101 865 368918 2 16946780 89891 1.7 17 10 4 11 48% 30758 10552 2375 121%
c [ 1382.10 35 31 101 865 368918 1 16946780 89891 1.8 29 16 5 15 49% 30758 10552 2375 121%
c W 1388.39 35 31 101 865 368918 1 16946780 89891 1.8 29 16 5 15 49% 30758 10552 2375 121%
c - 1390.12 35 28 101 866 368932 1 16975964 88753 1.8 27 15 5 15 50% 30758 10552 2375 121%
c - 1392.11 35 26 101 867 368947 1 17005393 86031 1.8 26 15 5 15 50% 30758 10552 2375 121%
c - 1394.33 35 25 101 868 368953 1 17034838 83640 1.8 26 14 5 15 49% 30758 10552 2375 121%
c - 1396.64 35 23 101 869 368966 1 17064302 86100 1.8 25 14 5 15 50% 30758 10552 2375 121%
c - 1398.80 35 21 101 870 368978 1 17093782 89766 1.8 23 13 5 15 49% 30758 10552 2375 121%
c - 1400.93 35 21 101 871 368980 1 17123279 88212 1.7 23 13 5 15 49% 30758 10552 2375 121%
c - 1403.23 35 21 101 872 368987 1 17152792 84760 1.8 24 13 5 15 49% 30758 10552 2375 121%
c - 1405.65 35 21 101 873 369000 1 17182326 86832 1.8 23 13 5 15 49% 30758 10552 2375 121%
c - 1407.87 35 20 101 874 369011 1 17211874 91931 1.8 23 13 5 15 49% 30758 10552 2375 121%
c - 1410.09 35 20 101 875 369021 1 17241439 90393 1.8 23 13 5 15 49% 30758 10552 2375 121%
c u 1412.08 38 20 101 875 369026 1 17254085 98120 1.8 23 13 5 15 49% 30758 10552 2375 121%
c v 1413.38 38 20 101 875 369026 1 17254085 93541 1.8 23 13 5 15 49% 30758 10552 2375 121%
c w 1413.81 40 20 101 875 369026 1 17254085 90297 1.8 23 13 5 15 49% 30758 10552 2375 121%
c - 1415.04 40 21 101 876 369034 1 17271019 78070 1.8 24 13 5 15 49% 30758 10552 2375 121%
c - 1417.30 40 20 101 877 369042 1 17300616 81832 1.8 24 13 5 15 50% 30758 10552 2375 121%
c
c   seconds    switched        rate            size/glue  tier1     binary         remaining
c           MB    reductions      conflicts          size   tier2       irredundant
c            level       restarts         redundant     glue    trail         variables
c
c - 1419.34 40 20 101 878 369043 1 17330233 84496 1.8 23 13 5 15 49% 30758 10552 2375 121%
c - 1421.56 40 22 101 879 369044 1 17359867 81669 1.8 24 13 5 15 49% 30758 10552 2375 121%
c O 1422.39 40 23 101 879 369044 1 17371305 92719 1.8 25 14 5 15 49% 30758 10552 2375 121%
c - 1423.69 40 22 101 880 369044 1 17389514 80583 1.8 24 13 5 15 49% 30758 10552 2375 121%
c ] 1424.09 40 22 102 880 369044 1 17394733 85229 1.8 24 13 5 15 49% 30758 10552 2375 121%
c { 1424.09 40 18 102 880 369044 2 17394733 85229 1.7 17 10 4 11 48% 30758 10552 2375 121%
c - 1428.58 40 26 102 881 373314 4 17419178 78045 1.7 21 12 4 11 48% 30758 10552 2375 121%
c - 1434.14 40 33 102 882 378465 5 17448860 69894 1.8 24 14 4 11 48% 30758 10552 2375 121%
c o 1435.74 40 35 102 882 379989 6 17457639 78601 1.8 25 14 4 11 48% 30758 10552 2375 121%
c - 1439.93 40 38 102 883 383311 6 17478558 66311 1.8 27 15 4 11 48% 30758 10552 2375 121%
c - 1445.53 40 41 102 884 387145 7 17508274 66499 1.8 29 16 4 11 48% 30758 10552 2375 121%
c - 1449.87 40 43 102 885 390251 7 17538006 68263 1.9 31 16 4 11 48% 30758 10552 2375 121%
c - 1453.83 40 44 102 886 392865 6 17567754 69253 1.9 32 17 4 11 48% 30758 10552 2375 121%
c - 1457.70 40 44 102 887 394733 6 17597519 70161 1.9 33 17 4 11 48% 30758 10552 2375 121%
c - 1461.47 40 44 102 888 396425 6 17627302 71560 2.0 34 17 4 11 48% 30758 10552 2375 121%
c - 1465.09 40 45 102 889 398087 5 17657101 71967 2.0 34 17 4 11 48% 30758 10552 2375 121%
c - 1468.97 40 45 102 890 400006 5 17686917 71484 2.0 35 18 4 11 48% 30758 10552 2375 121%
c u 1471.54 40 45 102 890 400481 5 17696646 76826 2.0 35 18 4 11 48% 30758 10552 2375 121%
c v 1473.39 40 45 102 890 400481 5 17696646 74654 2.0 35 18 4 11 48% 30758 10552 2375 121%
c w 1474.05 40 45 102 890 400481 5 17696646 74449 2.0 35 18 4 11 48% 30758 10552 2375 121%
c
c   seconds    switched        rate            size/glue  tier1     binary         remaining
c           MB    reductions      conflicts          size   tier2       irredundant
c            level       restarts         redundant     glue    trail         variables
c
c - 1476.32 40 45 102 891 401467 5 17716749 65687 2.0 35 18 4 11 48% 30758 10552 2375 121%
c - 1479.51 40 44 102 892 402777 5 17746599 67251 2.0 35 18 4 11 48% 30758 10552 2375 121%
c - 1482.54 40 44 102 893 403803 4 17776466 69342 2.0 35 17 4 11 48% 30758 10552 2375 121%
c - 1486.00 40 44 102 894 405327 4 17806350 70453 2.0 35 17 4 11 48% 30758 10552 2375 121%
c - 1489.53 40 44 102 895 407339 4 17836249 68785 2.0 35 18 4 11 48% 30758 10552 2375 121%
c - 1493.24 40 45 102 896 409360 4 17866165 67258 2.0 36 18 4 11 48% 30758 10552 2375 121%
c - 1496.61 40 44 102 897 410612 4 17896098 68130 2.0 36 18 4 11 48% 30758 10552 2375 121%
c } 1497.50 40 44 103 897 411086 4 17904586 76465 2.0 36 18 4 11 48% 30758 10552 2375 121%
c [ 1497.50 40 22 103 897 411086 1 17904586 76465 1.8 24 13 5 15 49% 30758 10552 2375 121%
c B 1497.50 40 22 103 897 411086 1 17904586 76465 1.8 24 13 5 15 49% 30758 10552 2375 121%
c - 1499.08 40 22 103 898 411099 1 17926047 72368 1.8 24 13 5 15 49% 30758 10552 2375 121%
c - 1501.16 40 21 103 899 411113 1 17956013 78720 1.8 24 13 5 15 49% 30758 10552 2375 121%
c - 1503.48 40 21 103 900 411116 1 17985997 85889 1.9 24 13 5 15 49% 30758 10552 2375 121%
c - 1505.69 40 21 103 901 411131 1 18015997 87326 1.9 25 13 5 15 49% 30758 10552 2375 121%
c - 1508.23 40 21 103 902 411146 1 18046014 84499 1.9 25 13 5 15 48% 30758 10552 2375 121%
c - 1510.75 40 21 103 903 411148 1 18076047 86677 1.9 25 13 5 15 48% 30758 10552 2375 121%
c - 1513.38 40 21 103 904 411152 1 18106096 86295 1.9 25 13 5 15 48% 30758 10552 2375 121%
c - 1516.08 40 22 103 905 411165 1 18136164 84861 1.9 26 14 5 15 48% 30758 10552 2375 121%
c u 1518.30 40 22 103 905 411170 1 18145314 88293 1.9 26 13 5 15 48% 30758 10552 2375 121%
c v 1519.88 40 22 103 905 411170 1 18145314 86450 1.9 26 13 5 15 48% 30758 10552 2375 121%
c
c   seconds    switched        rate            size/glue  tier1     binary         remaining
c           MB    reductions      conflicts          size   tier2       irredundant
c            level       restarts         redundant     glue    trail         variables
c
c w 1520.46 40 22 103 905 411170 1 18145314 81290 1.9 26 13 5 15 48% 30758 10552 2375 121%
c o 1520.48 40 22 103 905 411170 1 18145314 81290 1.9 26 13 5 15 48% 30758 10552 2375 121%
c - 1521.97 40 24 103 906 411178 1 18166248 76002 1.9 25 14 5 15 48% 30758 10552 2375 121%
c - 1524.14 40 23 103 907 411187 1 18196347 80645 1.8 25 14 5 15 49% 30758 10552 2375 121%
c - 1526.59 40 22 103 908 411201 1 18226463 83421 1.8 25 13 5 15 49% 30758 10552 2375 121%
c - 1529.35 40 20 103 909 411210 1 18256598 88564 1.8 23 13 5 15 49% 30758 10552 2375 121%
c - 1531.58 40 22 103 910 411211 1 18286749 86825 1.8 24 13 5 15 49% 30758 10552 2375 121%
c - 1533.79 40 23 103 911 411212 1 18316915 79503 1.8 25 14 5 15 50% 30758 10552 2375 121%
c - 1536.28 40 25 103 912 411212 1 18347099 76242 1.8 26 14 5 15 50% 30758 10552 2375 121%
c W 1543.14 40 25 103 912 411212 1 18350361 79413 1.8 26 15 5 15 50% 30758 10552 2375 121%
c - 1544.98 40 27 103 913 411221 1 18377298 75008 1.8 27 15 5 15 50% 30758 10552 2375 121%
c - 1547.28 40 25 103 914 411234 1 18407513 80415 1.8 26 14 5 15 50% 30758 10552 2375 121%
c - 1549.66 40 23 103 915 411243 1 18437745 87455 1.8 25 14 5 15 50% 30758 10552 2375 121%
c - 1552.06 40 23 103 916 411257 1 18467995 87278 1.8 25 14 5 15 49% 30758 10552 2375 121%
c - 1554.46 40 22 103 917 411271 1 18498261 86262 1.8 25 14 5 15 49% 30758 10552 2375 121%
c - 1556.84 40 22 103 918 411275 1 18528543 86427 1.8 25 14 5 15 49% 30758 10552 2375 121%
c - 1559.37 40 21 103 919 411275 1 18558841 89193 1.8 24 13 5 15 49% 30758 10552 2375 121%
c - 1561.94 40 20 103 920 411290 1 18589156 93470 1.8 23 13 5 15 49% 30758 10552 2375 121%
c u 1564.18 40 19 103 920 411296 1 18600088 98688 1.9 23 12 5 15 49% 30758 10552 2375 121%
c v 1565.60 40 19 103 920 411296 1 18600088 68924 1.9 23 12 5 15 49% 30758 10552 2375 121%
c
c   seconds    switched        rate            size/glue  tier1     binary         remaining
c           MB    reductions      conflicts          size   tier2       irredundant
c            level       restarts         redundant     glue    trail         variables
c
c w 1566.00 40 19 103 920 411296 1 18600088 51871 1.9 23 12 5 15 49% 30758 10552 2375 121%
c - 1567.33 40 19 103 921 411305 1 18619488 57860 1.9 23 12 5 15 49% 30758 10552 2375 121%
c - 1569.53 40 20 103 922 411312 1 18649838 74701 1.9 23 12 5 15 49% 30758 10552 2375 121%
c ] 1570.86 40 19 104 922 411321 1 18667401 90779 1.9 23 12 5 15 49% 30758 10552 2375 121%
c { 1570.86 40 44 104 922 411321 4 18667401 90779 2.0 36 18 4 11 48% 30758 10552 2375 121%
c - 1571.87 40 42 104 923 411321 4 18680202 83054 2.0 34 17 4 11 48% 30758 10552 2375 121%
c - 1574.44 40 35 104 924 411322 3 18710582 88660 2.0 31 16 4 11 48% 30758 10552 2375 121%
c - 1577.03 40 30 104 925 411322 3 18740979 92651 2.0 29 14 4 11 48% 30758 10552 2375 121%
c o 1578.36 40 28 104 925 411325 2 18757000 107809 2.0 28 14 4 11 48% 30758 10552 2375 121%
c - 1579.21 40 27 104 926 411335 2 18771392 93358 2.0 26 13 4 11 48% 30758 10552 2375 121%
c - 1581.06 40 24 104 927 411378 2 18801822 93093 1.9 25 13 4 11 48% 30758 10552 2375 121%
c - 1582.96 40 22 104 928 411507 2 18832268 91971 1.9 23 12 4 11 48% 30758 10552 2375 121%
c - 1584.94 40 21 104 929 411699 2 18862731 91529 1.9 22 12 4 11 48% 30758 10552 2375 121%
c - 1586.85 40 20 104 930 411899 2 18893210 92209 1.9 21 11 4 11 48% 30758 10552 2375 121%
c - 1588.84 40 19 104 931 412339 2 18923706 93273 1.9 20 11 4 11 48% 30758 10552 2375 121%
c - 1590.76 40 18 104 932 412600 2 18954219 94035 1.8 20 11 4 11 48% 30758 10552 2375 121%
c - 1592.92 40 18 104 933 413148 2 18984747 94475 1.8 19 11 4 11 48% 30758 10552 2375 121%
c - 1594.94 40 18 104 934 413905 2 19015293 94510 1.8 19 11 4 11 48% 30758 10552 2375 121%
c - 1596.97 40 18 104 935 414672 2 19045854 94753 1.7 18 10 4 11 48% 30758 10552 2375 121%
c u 1598.92 40 18 104 935 415127 2 19060996 103848 1.7 18 10 4 11 48% 30758 10552 2375 121%
c
c   seconds    switched        rate            size/glue  tier1     binary         remaining
c           MB    reductions      conflicts          size   tier2       irredundant
c            level       restarts         redundant     glue    trail         variables
c
c v 1600.05 40 18 104 935 415127 2 19060996 98736 1.7 18 10 4 11 48% 30758 10552 2375 121%
c w 1600.43 40 18 104 935 415127 2 19060996 97907 1.7 18 10 4 11 48% 30758 10552 2375 121%
c - 1601.46 40 18 104 936 415551 2 19076432 85870 1.7 18 10 4 11 48% 30758 10552 2375 121%
c - 1603.47 40 18 104 937 416603 2 19107026 89525 1.7 18 10 4 11 48% 30758 10552 2375 121%
c - 1605.50 40 18 104 938 417716 2 19137636 90709 1.7 18 10 4 11 48% 30758 10552 2375 121%
c - 1607.67 40 18 104 939 418793 2 19168262 91150 1.7 17 10 4 11 47% 30758 10552 2375 121%
c } 1609.47 40 18 105 939 419508 2 19195696 115664 1.7 17 10 4 11 47% 30758 10552 2375 121%
c [ 1609.47 40 19 105 939 419508 1 19195696 115664 1.9 23 12 5 15 49% 30758 10552 2375 121%
c I 1609.47 40 19 105 939 419508 1 19195696 115664 1.9 23 12 5 15 49% 30758 10552 2375 121%
c - 1609.69 40 20 105 940 419510 1 19198905 90189 1.9 24 13 5 15 49% 30758 10552 2375 121%
c - 1611.88 40 24 105 941 419524 1 19229564 79760 1.9 27 14 5 15 49% 30758 10552 2375 121%
c - 1614.11 40 25 105 942 419537 1 19260239 67629 1.9 29 15 5 15 50% 30758 10552 2375 121%
c - 1616.34 40 26 105 943 419546 1 19290932 65133 1.9 30 16 5 15 50% 30758 10552 2375 121%
c - 1618.65 40 26 105 944 419560 1 19321640 66823 1.9 31 16 5 15 50% 30758 10552 2375 121%
c - 1620.98 40 28 105 945 419569 1 19352364 68623 1.9 32 17 5 15 50% 30758 10552 2375 121%
c - 1623.59 40 29 105 946 419570 1 19383104 67830 1.9 32 17 5 15 50% 30758 10552 2375 121%
c - 1626.40 40 29 105 947 419584 1 19413861 66896 1.9 33 17 5 15 50% 30758 10552 2375 121%
c - 1629.21 40 28 105 948 419598 1 19444635 68552 1.9 33 17 5 15 50% 30758 10552 2375 121%
c - 1632.00 40 27 105 949 419602 1 19475425 71556 1.9 33 17 5 15 50% 30758 10552 2375 121%
c - 1634.68 40 27 105 950 419616 1 19506230 71637 1.9 33 17 5 15 50% 30758 10552 2375 121%
c
c   seconds    switched        rate            size/glue  tier1     binary         remaining
c           MB    reductions      conflicts          size   tier2       irredundant
c            level       restarts         redundant     glue    trail         variables
c
c u 1637.49 40 26 105 950 419630 1 19528064 89968 1.9 33 17 5 15 50% 30758 10552 2375 121%
c v 1638.69 40 26 105 950 419630 1 19528064 89097 1.9 33 17 5 15 50% 30758 10552 2375 121%
c w 1639.08 40 26 105 950 419630 1 19528064 83023 1.9 33 17 5 15 50% 30758 10552 2375 121%
c o 1639.25 40 26 105 950 419630 1 19528064 83023 1.9 33 17 5 15 50% 30758 10552 2375 121%
c - 1639.90 40 37 105 951 419631 1 19537052 67750 1.9 33 18 5 15 50% 30758 10552 2375 121%
c - 1642.00 40 35 105 952 419633 1 19567890 72264 1.9 33 17 5 15 50% 30758 10552 2375 121%
c - 1644.25 40 35 105 953 419634 1 19598745 69592 1.9 33 18 5 15 50% 30758 10552 2375 121%
c - 1646.62 40 34 105 954 419634 1 19629616 65473 1.9 33 18 5 15 50% 30758 10552 2375 121%
c ] 1648.08 40 33 106 954 419634 1 19646972 82068 1.8 33 18 5 15 50% 30758 10552 2375 121%
c { 1648.08 40 18 106 954 419634 2 19646972 82068 1.7 17 10 4 11 47% 30758 10552 2375 121%
c - 1649.10 40 17 106 955 420016 2 19660503 71162 1.7 17 10 4 11 47% 30758 10552 2375 121%
c - 1651.18 40 17 106 956 420753 2 19691409 83778 1.7 17 10 4 11 47% 30758 10552 2375 121%
c - 1653.43 40 17 106 957 422196 2 19722329 91803 1.7 17 10 4 11 47% 30758 10552 2375 121%
c - 1655.69 40 18 106 958 423556 2 19753264 93973 1.7 17 10 4 11 47% 30758 10552 2375 121%
c - 1657.92 40 18 106 959 424795 2 19784215 94772 1.7 17 10 4 11 48% 30758 10552 2375 121%
c - 1660.20 40 18 106 960 426094 2 19815183 95038 1.7 17 10 4 11 48% 30758 10552 2375 121%
c - 1662.40 40 18 106 961 427244 2 19846167 95731 1.7 17 10 4 11 48% 30758 10552 2375 121%
c - 1664.53 40 18 106 962 428360 2 19877169 96023 1.7 17 10 4 11 48% 30758 10552 2375 121%
c - 1666.60 40 17 106 963 429309 2 19908185 95765 1.6 17 10 4 11 48% 30758 10552 2375 121%
c - 1668.73 40 17 106 964 430571 2 19939217 95575 1.6 17 10 4 11 48% 30758 10552 2375 121%
c
c   seconds    switched        rate            size/glue  tier1     binary         remaining
c           MB    reductions      conflicts          size   tier2       irredundant
c            level       restarts         redundant     glue    trail         variables
c
c - 1670.96 40 18 106 965 431769 2 19970265 96160 1.6 17 10 4 11 48% 30758 10552 2375 121%
c u 1674.28 40 18 106 965 433019 2 20001266 119053 1.6 17 10 4 11 48% 30758 10552 2375 121%
c v 1675.47 40 18 106 965 433019 2 20001266 112653 1.6 17 10 4 11 48% 30758 10552 2375 121%
c w 1675.91 40 18 106 965 433019 2 20001266 111674 1.6 17 10 4 11 48% 30758 10552 2375 121%
c - 1675.96 40 18 106 966 433027 2 20001329 86502 1.6 17 10 4 11 48% 30758 10552 2375 121%
c - 1677.99 40 18 106 967 434317 2 20032409 89621 1.6 17 10 4 11 48% 30758 10552 2375 121%
c - 1680.09 40 18 106 968 435533 2 20063505 91772 1.6 17 10 4 11 48% 30758 10552 2375 121%
c - 1682.22 40 18 106 969 436625 2 20094619 92896 1.7 17 10 4 11 48% 30758 10552 2375 121%
c o 1683.12 40 18 106 969 437178 2 20108087 105197 1.7 17 10 4 11 48% 30758 10552 2375 121%
c - 1684.20 40 17 106 970 437374 2 20125748 93769 1.7 17 10 4 11 48% 30758 10552 2375 121%
c - 1686.44 40 18 106 971 438776 2 20156893 93979 1.7 17 10 4 11 48% 30758 10552 2375 121%
c - 1688.56 40 18 106 972 439608 2 20188054 94215 1.7 17 10 4 11 48% 30758 10552 2375 121%
c } 1688.98 40 18 107 972 439772 2 20193998 99753 1.7 17 10 4 11 48% 30758 10552 2375 121%
c [ 1688.98 40 33 107 972 439772 1 20193998 99753 1.8 33 18 5 15 50% 30758 10552 2375 121%
c B 1688.98 40 33 107 972 439772 1 20193998 99753 1.8 33 18 5 15 50% 30758 10552 2375 121%
c - 1690.67 40 31 107 973 439786 1 20219231 88364 1.9 33 17 5 15 50% 30758 10552 2375 121%
c - 1692.99 40 29 107 974 439800 1 20250425 77960 1.9 32 17 5 15 51% 30758 10552 2375 121%
c - 1695.65 40 28 107 975 439807 1 20281636 75078 1.9 31 17 5 15 51% 30758 10552 2375 121%
c - 1698.35 40 27 107 976 439820 1 20312860 75716 1.9 31 16 5 15 50% 30758 10552 2375 121%
c - 1701.08 40 26 107 977 439833 1 20344102 77910 1.9 30 16 5 15 50% 30758 10552 2375 121%
c
c   seconds    switched        rate            size/glue  tier1     binary         remaining
c           MB    reductions      conflicts          size   tier2       irredundant
c            level       restarts         redundant     glue    trail         variables
c
c - 1703.84 40 26 107 978 439834 1 20375363 80433 1.9 30 16 5 15 50% 30758 10552 2375 121%
c - 1706.47 40 27 107 979 439844 1 20406635 75051 1.9 31 17 5 15 50% 30758 10552 2375 121%
c - 1709.08 40 28 107 980 439859 1 20437924 68965 1.9 32 17 5 15 50% 30758 10552 2375 121%
c - 1711.57 40 28 107 981 439865 1 20469230 71593 1.9 32 17 5 15 50% 30758 10552 2375 121%
c u 1713.54 40 27 107 981 439871 1 20480627 78934 1.9 31 17 5 15 50% 30758 10552 2375 121%
c v 1714.86 40 27 107 981 439871 1 20480627 78044 1.9 31 17 5 15 50% 30758 10552 2375 121%
c w 1715.35 40 27 107 981 439871 1 20480627 75825 1.9 31 17 5 15 50% 30758 10552 2375 121%
c - 1716.95 40 26 107 982 439880 1 20500551 74677 1.9 31 16 5 15 50% 30758 10552 2375 121%
c - 1719.60 40 25 107 983 439895 1 20531889 84264 1.9 29 15 5 15 50% 30758 10552 2375 121%
c - 1722.48 40 23 107 984 439897 1 20563241 90253 1.9 28 15 5 15 50% 30758 10552 2375 121%
c - 1725.49 40 22 107 985 439898 1 20594610 95301 1.9 27 14 5 15 49% 30758 10552 2375 121%
c - 1728.12 40 21 107 986 439898 1 20625994 97554 1.9 26 13 5 15 50% 30758 10552 2375 121%
c ] 1728.13 40 21 108 986 439898 1 20626074 97633 1.9 26 13 5 15 50% 30758 10552 2375 121%
c { 1728.13 40 18 108 986 439898 2 20626074 97633 1.7 17 10 4 11 48% 30758 10552 2375 121%
c - 1730.72 40 18 108 987 441344 2 20657394 96854 1.7 17 10 4 11 48% 30758 10552 2375 121%
c - 1733.04 40 18 108 988 442228 2 20688811 96487 1.7 17 10 4 11 48% 30758 10552 2375 121%
c o 1733.68 40 18 108 988 442629 2 20698818 105566 1.7 17 10 4 11 48% 30758 10552 2375 121%
c - 1735.30 40 18 108 989 443672 2 20720244 97050 1.7 17 10 4 11 48% 30758 10552 2375 121%
c - 1737.52 40 18 108 990 444668 2 20751692 97008 1.7 17 10 4 11 48% 30758 10552 2375 121%
c - 1739.83 40 18 108 991 445902 2 20783156 97217 1.7 17 10 4 11 48% 30758 10552 2375 121%
c
c   seconds    switched        rate            size/glue  tier1     binary         remaining
c           MB    reductions      conflicts          size   tier2       irredundant
c            level       restarts         redundant     glue    trail         variables
c
c - 1742.14 40 18 108 992 447244 2 20814637 97609 1.7 17 10 4 11 48% 30758 10552 2375 121%
c - 1744.36 40 18 108 993 448458 2 20846134 98342 1.7 17 10 4 11 48% 30758 10552 2375 121%
c - 1746.59 40 18 108 994 449443 2 20877645 98824 1.7 17 10 4 11 48% 30758 10552 2375 121%
c - 1749.05 40 18 108 995 450969 2 20909174 98456 1.7 17 10 4 11 48% 30758 10552 2375 121%
c - 1751.49 40 18 108 996 452070 2 20940719 98844 1.7 17 10 4 11 48% 30758 10552 2375 121%
c u 1754.61 40 18 108 996 452959 2 20966172 117432 1.7 17 10 4 11 48% 30758 10552 2375 121%
c v 1756.03 40 18 108 996 452959 2 20966172 112869 1.7 17 10 4 11 48% 30758 10552 2375 121%
c w 1756.49 40 18 108 996 452959 2 20966172 112049 1.7 17 10 4 11 48% 30758 10552 2375 121%
c - 1756.98 40 18 108 997 453220 2 20972280 91827 1.7 18 10 4 11 48% 30758 10552 2375 121%
c - 1759.17 40 18 108 998 454232 2 21003859 94075 1.7 17 10 4 11 48% 30758 10552 2375 121%
c - 1761.35 40 18 108 999 455250 2 21035452 95402 1.7 17 10 4 11 48% 30758 10552 2375 121%
c - 1763.66 40 18 108 1000 456344 2 21067060 95651 1.7 17 10 4 11 48% 30758 10552 2375 121%
c - 1765.87 40 18 108 1001 457793 2 21098682 95632 1.7 17 10 4 11 48% 30758 10552 2375 121%
c - 1768.02 40 18 108 1002 458858 2 21130321 95944 1.7 17 10 4 11 48% 30758 10552 2375 121%
c - 1770.19 40 18 108 1003 459901 2 21161975 96098 1.7 17 10 4 11 48% 30758 10552 2375 121%
c } 1772.29 40 18 109 1003 460990 2 21192116 123214 1.7 17 10 4 11 48% 30758 10552 2375 121%
c [ 1772.29 40 21 109 1003 460990 1 21192116 123214 1.9 26 13 5 15 50% 30758 10552 2375 121%
c W 1780.15 40 21 109 1003 460990 1 21192116 123214 1.9 26 13 5 15 50% 30758 10552 2375 121%
c - 1780.26 40 21 109 1004 460991 1 21193645 96484 1.9 26 13 5 15 50% 30758 10552 2375 121%
c - 1782.34 40 21 109 1005 461005 1 21225331 95804 1.9 25 13 5 15 50% 30758 10552 2375 121%
c
c   seconds    switched         rate            size/glue  tier1     binary         remaining
c           MB     reductions      conflicts          size   tier2       irredundant
c            level        restarts         redundant     glue    trail         variables
c
c - 1784.45 40 20 109 1006 461019 1 21257032 93099 1.9 25 13 5 15 49% 30758 10552 2375 121%
c - 1787.00 40 20 109 1007 461030 1 21288749 91465 1.9 24 13 5 15 49% 30758 10552 2375 121%
c - 1789.49 40 20 109 1008 461044 1 21320483 93704 1.9 24 13 5 15 49% 30758 10552 2375 121%
c - 1791.91 40 20 109 1009 461051 1 21352234 95393 1.9 24 13 5 15 49% 30758 10552 2375 121%
c - 1794.50 40 21 109 1010 461052 1 21383998 93589 1.9 25 13 5 15 49% 30758 10552 2375 121%
c - 1797.08 40 20 109 1011 461067 1 21415781 93479 1.9 25 13 5 15 49% 30758 10552 2375 121%
c - 1799.57 40 21 109 1012 461082 1 21447579 93408 1.9 25 13 5 15 49% 30758 10552 2375 121%
c caught signal 15 (SIGTERM)
c
c ---- [ profiling ] ---------------------------------------------------------
c
c        1600.06   88.90 %  search
c         832.16   46.24 %  focused
c         767.90   42.67 %  stable
c         199.58   11.09 %  simplify
c         148.54    8.25 %  probe
c         130.72    7.26 %  vivify
c          50.96    2.83 %  walking
c          15.14    0.84 %  sweep
c          14.53    0.81 %  reduce
c           1.31    0.07 %  substitute
c           0.95    0.05 %  transitive
c           0.19    0.01 %  factor
c           0.18    0.01 %  backbone
c           0.17    0.01 %  eliminate
c           0.10    0.01 %  preprocess
c           0.06    0.00 %  congruence
c           0.02    0.00 %  subsume
c           0.01    0.00 %  fastel
c           0.00    0.00 %  parse
c           0.00    0.00 %  lucky
c =============================================
c        1799.75  100.00 %  total
c
c ---- [ statistics ] --------------------------------------------------------
c
c chronological:                           55                0 %  conflicts
c conflicts:                         21450022            11918.35 per second
c decisions:                         42760407                1.99 per conflict
c eliminated:                            5616              286 %  variables
c factored:                              6038              308 %  variables
c fast_eliminated:                       2031               36 %  eliminated
c fast_strengthened:                        4                0 %  per strengthened
c propagations:                    6794617243          3775315    per second
c reductions:                            1012            21196    interval
c reordered:                               60           357500    interval
c rephased:                                71           302113    interval
c restarts:                            461082               47    interval
c strengthened:                          4572                1 %  checks
c switched:                               109           196789    interval
c vivified:                           1163726               52 %  checks
c walks:                                   24           893751    interval
c
c ---- [ proof ] -------------------------------------------------------------
c
c proof_added:                       21913252               50 %  per line
c proof_bytes:                     2032140288             1938 MB 
c proof_deleted:                     21847822               50 %  per line
c
c ---- [ glue usage ] --------------------------------------------------------
c
c focused glue 4   used 1812135 clauses  6.09% accumulated 51.36% tier1
c focused glue 5   used 1274525 clauses  4.28% accumulated 55.65%
c focused glue 6-9 used 7178421 clauses 24.13% accumulated 79.78%
c focused glue 10  used 1812872 clauses  6.09% accumulated 85.87%
c focused glue 11  used 1329461 clauses  4.47% accumulated 90.34% tier2
c
c stable glue 5    used  3129525 clauses  7.31% accumulated 52.00% tier1
c stable glue 6    used  2597211 clauses  6.06% accumulated 58.06%
c stable glue 7-13 used 12230159 clauses 28.55% accumulated 86.61%
c stable glue 14   used  1105109 clauses  2.58% accumulated 89.19%
c stable glue 15   used   925207 clauses  2.16% accumulated 91.35% tier2
c
c ---- [ resources ] ---------------------------------------------------------
c
c maximum-resident-set-size:         50802688 bytes         48 MB
c process-time:                            30m            1799.75 seconds
c raising signal 15 (SIGTERM)
