c ---- [ banner ] ------------------------------------------------------------
c
c Kissat SAT Solver
c 
c Copyright (c) 2021-2024 Armin Biere University of Freiburg
c Copyright (c) 2019-2021 Armin Biere Johannes Kepler University Linz
c 
c Version 4.0.0 unknown
c gcc (Ubuntu 13.3.0-6ubuntu2~24.04.1) 13.3.0 -W -Wall -O3 -DNDEBUG
c Mon Aug 3 21:56:23 UTC 2026 Linux runnervmvrwv9 6.17.0-1020-azure x86_64
c
c ---- [ proving ] -----------------------------------------------------------
c
c opened and writing proof to DRAT file:
c
c   borsuk_11_k6_q00r00_sixth_base_colorability_screen/work/results/q00r00-s007/q00r00-s007.drat
c
c ---- [ parsing ] -----------------------------------------------------------
c
c opened and reading DIMACS file:
c
c   borsuk_11_k6_q00r00_sixth_base_colorability_screen/work/input/instances/cases/q00r00-s007/q00r00-s007_12color.cnf
c
c parsed 'p cnf 2358 106698' header
c closing input after reading 1406890 bytes (1 MB)
c finished parsing after 0.01 seconds
c
c ---- [ solving ] -----------------------------------------------------------
c
c  seconds switched rate     size/glue tier1   binary       remaining
c         MB reductions conflicts size  tier2     irredundant
c          level restarts redundant glue  trail        variables
c
c *  0.01  5 0 0 0  0 0   0   0 0.0 0 0 0 0 0% 106380 309 2349 100%
c (  0.01  5 0 0 0  0 0   0   0 0.0 0 0 0 0 0% 106380 309 2349 100%
c .  0.01  5 0 0 0  0 0   0   0 0.0 0 0 0 0 0% 106380 309 2349 100%
c f  0.18  9 0 0 0  0 0   0   0 0.0 0 0 0 0 0% 44711 309 8484 360%
c e  0.19  8 0 0 0  0 0   0   0 0.0 0 0 0 0 0% 47705 792 5586 237%
c )  0.19  8 0 0 0  0 0   0   0 0.0 0 0 0 0 0% 47705 792 5586 237%
c {  0.19  8 0 0 0  0 0   0   0 0.0 0 0 2 6 0% 47705 792 5586 237%
c -  0.22  8 18 0 1  5 2 1000 674 1.4 16 11 10 14 35% 47705 792 5586 237%
c }  0.22  8 18 1 1  5 2 1000 674 1.4 16 11 10 14 35% 47705 792 5586 237%
c [  0.22  8 0 1 1  5 0 1000 674 0.0 0 0 2 6 0% 47705 792 5586 237%
c B  0.22  8 169 1 1  5 14 1001 675 1.1 14 13 2 6 30% 47705 792 5586 237%
c ]  0.24  8 27 2 1  5 1 1771 1395 1.7 20 11 2 6 35% 47705 792 5586 237%
c {  0.24  8 18 2 1  5 2 1771 1395 1.4 16 11 10 14 35% 47705 792 5586 237%
c -  0.25  8 17 2 2 16 2 2000 1216 1.4 16 11 10 14 36% 47705 792 5586 237%
c u  0.28  8 15 2 2 16 2 2545 1535 1.5 16 10 10 14 36% 47705 792 5586 237%
c v  0.29  8 15 2 2 16 2 2545 1491 1.5 16 10 10 14 36% 47705 792 5586 237%
c f  0.31  8 15 2 2 16 2 2545 1491 1.5 16 10 10 14 36% 44149 792 7871 334%
c u  0.33  9 15 2 2 16 2 2545 1443 1.5 16 10 10 14 36% 44149 792 7871 334%
c v  0.33  9 15 2 2 16 2 2545 1360 1.5 16 10 10 14 36% 44149 792 7871 334%
c }  0.37  9 15 3 2 34 2 2772 1583 1.5 16 10 10 14 35% 44149 792 7871 334%
c
c  seconds  switched rate       size/glue  tier1    binary       remaining
c         MB reductions conflicts     size   tier2     irredundant
c          level restarts  redundant     glue   trail       variables
c
c [  0.37  9 27 3 2 34 1 2772 1583 1.7 20 11 2 6 35% 44149 792 7871 334%
c W  0.38  9 27 3 2 34 1 2772 1583 1.7 20 11 2 6 35% 44149 792 7871 334%
c -  0.41  9 32 3 3 34 1 3414 2056 1.7 21 12 10 15 31% 44149 792 7871 334%
c ]  0.42  9 32 4 3 34 1 3685 2318 1.7 21 12 10 15 30% 44149 792 7871 334%
c {  0.42  9 15 4 3 34 2 3685 2318 1.5 16 10 10 14 35% 44149 792 7871 334%
c -  0.48  9 19 4 4 179 3 5147 3340 1.6 17 10 9 13 32% 44149 792 7871 334%
c }  0.51  9 18 5 4 181 3 6038 4134 1.6 17 10 9 13 31% 44149 792 7871 334%
c [  0.51  9 32 5 4 181 1 6038 4134 1.7 21 12 10 15 30% 44149 792 7871 334%
c I  0.51  9 32 5 4 181 1 6038 4134 1.7 21 12 10 15 30% 44149 792 7871 334%
c -  0.55  9 45 5 5 182 1 7147 4605 1.6 25 15 11 25 29% 44149 792 7871 334%
c u  0.59  9 40 5 5 182 1 7859 5261 1.6 24 15 11 25 29% 44149 792 7871 334%
c v  0.60  9 40 5 5 182 1 7859 5225 1.6 24 15 11 25 29% 44149 792 7871 334%
c w  0.60  9 40 5 5 182 1 7859 5199 1.6 24 15 11 25 29% 44149 792 7871 334%
c ]  0.63  9 36 6 5 183 1 8484 5788 1.6 23 14 11 25 29% 44149 792 7871 334%
c {  0.63  9 18 6 5 183 3 8484 5788 1.6 17 10 9 13 31% 44149 792 7871 334%
c -  0.68 10 23 6 6 306 4 9383 5980 1.7 17 10 9 12 30% 44149 792 7871 334%
c o  0.72 10 27 6 6 372 5 10244 6814 1.7 18 10 9 12 30% 44149 792 7871 334%
c -  0.80 10 35 6 7 664 7 11833 7547 1.8 19 11 9 13 30% 44149 792 7871 334%
c }  0.83 10 35 7 7 686 6 12553 8204 1.8 19 11 9 13 29% 44149 792 7871 334%
c [  0.83 10 36 7 7 686 1 12553 8204 1.6 23 14 11 25 29% 44149 792 7871 334%
c
c  seconds  switched  rate        size/glue  tier1      binary       remaining
c         MB reductions conflicts       size    tier2      irredundant
c          level restarts    redundant     glue     trail       variables
c
c B  0.83 10 36 7 7 686 1 12553 8204 1.6 23 14 11 25 29% 44149 792 7871 334%
c e  0.86 10 36 7 7 686 1 12723 8358 1.6 23 14 11 20 29% 39556 4628 7427 315%
c ^  0.86 10 36 7 7 686 1 12723 8358 1.6 23 14 11 20 29% 39556 4628 7427 315%
c -  0.94 11 30 7 8 687 1 14478 3181 1.6 22 14 10 16 28% 39556 4628 7427 315%
c u  1.05 11 27 7 8 688 1 16111 4450 1.6 21 13 10 16 28% 39556 4628 7427 315%
c v  1.06 11 27 7 8 688 1 16111 3415 1.6 21 13 10 16 28% 39556 4628 7427 315%
c w  1.07 11 27 7 8 688 1 16111 2971 1.6 21 13 10 16 28% 39556 4628 7427 315%
c f  1.09 11 27 7 8 688 1 16111 2971 1.6 21 13 10 16 28% 39459 4628 7473 317%
c u  1.11 11 27 7 8 688 1 16111 2922 1.6 21 13 10 16 28% 39459 4628 7473 317%
c v  1.13 11 27 7 8 688 1 16111 2879 1.6 21 13 10 16 28% 39459 4628 7473 317%
c w  1.13 11 27 7 8 688 1 16111 2873 1.6 21 13 10 16 28% 39459 4628 7473 317%
c ]  1.21 11 27 8 8 688 1 16219 2963 1.6 21 13 10 16 28% 39459 4628 7473 317%
c {  1.21 11 35 8 8 688 6 16219 2963 1.8 19 11 9 13 29% 39459 4628 7473 317%
c -  1.26 11 34 8 9 787 6 17307 3725 1.7 19 11 9 13 29% 39459 4628 7473 317%
c -  1.42 11 30 8 10 967 6 20307 5991 1.7 18 11 9 12 28% 39459 4628 7473 317%
c o  1.46 11 29 8 10 988 5 21084 6668 1.7 18 11 9 12 28% 39459 4628 7473 317%
c }  1.52 11 29 9 10 1117 5 22378 7863 1.7 18 11 9 12 28% 39459 4628 7473 317%
c [  1.52 11 27 9 10 1117 1 22378 7863 1.6 21 13 10 16 28% 39459 4628 7473 317%
c W  1.53 11 27 9 10 1117 1 22378 7863 1.6 21 13 10 16 28% 39459 4628 7473 317%
c -  1.59 11 26 9 11 1118 1 23470 7945 1.6 21 13 10 16 28% 39459 4628 7473 317%
c
c  seconds  switched    rate        size/glue  tier1      binary        remaining
c         MB  reductions  conflicts       size    tier2      irredundant
c          level   restarts    redundant     glue     trail        variables
c
c e  1.73 11 25 9 11 1119 1 25506 9868 1.7 22 13 10 16 28% 39287 5900 6113 259%
c ^  1.73 11 25 9 11 1119 1 25506 9868 1.7 22 13 10 16 28% 39287 5900 6113 259%
c -  1.81 11 24 9 12 1120 1 26786 7370 1.7 22 13 10 15 29% 39287 5900 6113 259%
c u  1.87 15 24 9 12 1120 1 27491 7958 1.7 22 13 10 15 29% 39287 5900 6113 259%
c v  1.89 15 24 9 12 1120 1 27491 7925 1.7 22 13 10 15 29% 39287 5900 6113 259%
c w  1.90 15 24 9 12 1120 1 27491 7692 1.7 22 13 10 15 29% 39287 5900 6113 259%
c f  1.93 12 24 9 12 1120 1 27491 7692 1.7 22 13 10 15 29% 39104 5899 6174 262%
c u  1.95 12 24 9 12 1120 1 27491 7529 1.7 22 13 10 15 29% 39104 5899 6174 262%
c v  1.98 13 24 9 12 1120 1 27491 7407 1.7 22 13 10 15 29% 39104 5899 6174 262%
c w  1.99 13 24 9 12 1120 1 27491 7397 1.7 22 13 10 15 29% 39104 5899 6174 262%
c ]  2.02 13 24 10 12 1121 1 27849 7714 1.7 22 13 10 15 29% 39104 5899 6174 262%
c {  2.02 13 29 10 12 1121 5 27849 7714 1.7 18 11 9 12 28% 39104 5899 6174 262%
c -  2.14 12 28 10 13 1391 5 30253 8790 1.7 18 11 9 13 28% 39104 5899 6174 262%
c -  2.34 13 28 10 14 1761 5 33858 10503 1.7 19 11 9 13 29% 39104 5899 6174 262%
c }  2.47 13 28 11 14 1920 5 36476 13000 1.7 19 11 9 13 29% 39104 5899 6174 262%
c [  2.47 13 24 11 14 1920 1 36476 13000 1.7 22 13 10 15 29% 39104 5899 6174 262%
c O  2.47 13 24 11 14 1920 1 36476 13000 1.7 22 13 10 15 29% 39104 5899 6174 262%
c -  2.53 13 23 11 15 1921 1 37599 11906 1.7 22 13 10 15 30% 39104 5899 6174 262%
c -  2.73 15 21 11 16 1923 1 41472 13272 1.7 21 13 10 15 30% 39104 5899 6174 262%
c u  2.80 15 21 11 16 1924 1 42126 13428 1.7 21 12 10 15 30% 39104 5899 6174 262%
c
c  seconds   switched    rate         size/glue  tier1      binary        remaining
c         MB   reductions  conflicts        size    tier2      irredundant
c          level    restarts     redundant     glue     trail        variables
c
c v  2.83 15 21 11 16 1924 1 42126 11994 1.7 21 12 10 15 30% 39104 5899 6174 262%
c w  2.85 15 21 11 16 1924 1 42126 11658 1.7 21 12 10 15 30% 39104 5899 6174 262%
c o  2.86 15 21 11 16 1924 1 42126 11658 1.7 21 12 10 15 30% 39104 5899 6174 262%
c ]  3.01 13 21 12 16 1926 1 45441 14823 1.7 21 12 10 14 30% 39104 5899 6174 262%
c {  3.01 13 28 12 16 1926 5 45441 14823 1.7 19 11 9 13 29% 39104 5899 6174 262%
c -  3.02 13 28 12 17 1926 5 45472 12803 1.7 19 11 9 13 29% 39104 5899 6174 262%
c -  3.23 15 28 12 18 2300 5 49595 14827 1.7 19 11 9 13 29% 39104 5899 6174 262%
c e  3.44 13 27 12 18 2474 5 53187 18195 1.7 19 11 9 13 29% 38233 7735 5355 227%
c ^  3.44 13 27 12 18 2474 5 53187 18195 1.7 19 11 9 13 29% 38233 7735 5355 227%
c -  3.48 14 27 12 19 2555 5 53838 11079 1.7 19 11 9 13 30% 38233 7735 5355 227%
c }  3.62 16 27 13 19 2686 5 56920 14056 1.8 19 11 9 13 30% 38233 7735 5355 227%
c [  3.62 16 21 13 19 2686 1 56920 14056 1.7 21 12 10 14 30% 38233 7735 5355 227%
c B  3.62 16 21 13 19 2686 1 56920 14056 1.7 21 12 10 14 30% 38233 7735 5355 227%
c -  3.69 16 22 13 20 2687 1 58199 13339 1.7 22 13 10 15 31% 38233 7735 5355 227%
c u  3.83 15 22 13 20 2688 1 60134 14977 1.7 22 13 10 15 31% 38233 7735 5355 227%
c v  3.86 15 22 13 20 2688 1 60134 14801 1.7 22 13 10 15 31% 38233 7735 5355 227%
c w  3.87 15 22 13 20 2688 1 60134 14653 1.7 22 13 10 15 31% 38233 7735 5355 227%
c f  4.01 15 22 13 20 2688 1 60134 14653 1.7 22 13 10 15 31% 38224 7729 5358 227%
c u  4.04 15 22 13 20 2688 1 60134 14616 1.7 22 13 10 15 31% 38224 7729 5358 227%
c v  4.06 15 22 13 20 2688 1 60134 14526 1.7 22 13 10 15 31% 38224 7729 5358 227%
c
c  seconds   switched    rate         size/glue  tier1      binary        remaining
c         MB   reductions  conflicts        size    tier2      irredundant
c          level    restarts     redundant     glue     trail        variables
c
c w  4.07 15 22 13 20 2688 1 60134 14523 1.7 22 13 10 15 31% 38224 7729 5358 227%
c x  4.09 15 22 13 20 2688 1 60134 14520 1.7 22 13 10 15 31% 38224 7729 5358 227%
c -  4.23 15 21 13 21 2690 1 62674 15038 1.7 21 13 10 15 31% 38224 7729 5358 227%
c -  4.47 15 21 13 22 2692 1 67257 17052 1.7 21 13 9 15 32% 38224 7729 5358 227%
c ]  4.52 15 21 14 22 2692 1 68118 17855 1.7 21 13 9 15 32% 38224 7729 5358 227%
c {  4.52 15 27 14 22 2692 5 68118 17855 1.8 19 11 9 13 30% 38224 7729 5358 227%
c -  4.72 18 27 14 23 2973 5 71947 18786 1.7 19 11 9 13 30% 38224 7729 5358 227%
c o  4.73 18 27 14 23 3011 5 72137 18972 1.7 19 11 9 13 30% 38224 7729 5358 227%
c -  4.94 18 26 14 24 3142 4 76743 20340 1.7 19 11 9 13 31% 38224 7729 5358 227%
c u  5.24 18 26 14 24 3296 4 81616 24705 1.7 19 11 9 13 31% 38224 7729 5358 227%
c v  5.29 18 26 14 24 3296 4 81616 24442 1.7 19 11 9 13 31% 38224 7729 5358 227%
c w  5.30 18 26 14 24 3296 4 81616 24381 1.7 19 11 9 13 31% 38224 7729 5358 227%
c -  5.32 18 26 14 25 3296 4 81641 21703 1.7 19 11 9 13 31% 38224 7729 5358 227%
c }  5.38 18 26 15 25 3386 4 82837 22872 1.7 19 11 9 13 31% 38224 7729 5358 227%
c [  5.38 18 21 15 25 3386 1 82837 22872 1.7 21 13 9 15 32% 38224 7729 5358 227%
c W  5.40 18 21 15 25 3386 1 82837 22872 1.7 21 13 9 15 32% 38224 7729 5358 227%
c -  5.60 18 21 15 26 3388 1 86641 23260 1.7 22 13 9 15 33% 38224 7729 5358 227%
c -  5.90 18 21 15 27 3392 1 91742 24472 1.7 22 13 9 15 33% 38224 7729 5358 227%
c ]  6.15 18 21 16 27 3393 1 95780 28272 1.7 23 13 9 15 33% 38224 7729 5358 227%
c {  6.15 18 26 16 27 3393 4 95780 28272 1.7 19 11 9 13 31% 38224 7729 5358 227%
c
c  seconds   switched    rate         size/glue  tier1     binary        remaining
c         MB   reductions  conflicts        size   tier2      irredundant
c          level    restarts     redundant     glue    trail        variables
c
c -  6.23 18 26 16 28 3458 4 96939 25448 1.8 19 11 9 13 31% 38224 7729 5358 227%
c e  6.30 18 26 16 28 3461 4 97731 26140 1.8 19 11 9 13 31% 39449 9745 4307 183%
c ^  6.31 18 26 16 28 3461 4 97731 26140 1.8 19 11 9 13 31% 39449 9745 4307 183%
c -  6.54 18 25 16 29 3663 4 102230 21099 1.7 19 11 9 13 32% 39449 9745 4307 183%
c u  6.80 18 25 16 29 3730 4 106721 25085 1.7 19 11 9 13 32% 39449 9745 4307 183%
c v  6.86 18 25 16 29 3730 4 106721 24899 1.7 19 11 9 13 32% 39449 9745 4307 183%
c w  6.88 18 25 16 29 3730 4 106721 24776 1.7 19 11 9 13 32% 39449 9745 4307 183%
c -  6.97 18 25 16 30 3800 4 107616 23646 1.7 19 11 9 13 32% 39449 9745 4307 183%
c o  7.20 18 24 16 30 3975 4 112335 28057 1.7 19 11 9 13 33% 39449 9745 4307 183%
c -  7.24 18 24 16 31 4057 4 113093 26426 1.7 19 11 9 13 33% 39449 9745 4307 183%
c }  7.30 18 24 17 31 4120 4 114117 27419 1.7 19 11 9 13 33% 39449 9745 4307 183%
c [  7.30 18 21 17 31 4120 1 114117 27419 1.7 23 13 9 15 33% 39449 9745 4307 183%
c I  7.30 18 21 17 31 4120 1 114117 27419 1.7 23 13 9 15 33% 39449 9745 4307 183%
c -  7.55 19 24 17 32 4123 1 118660 27839 1.8 25 14 9 16 34% 39449 9745 4307 183%
c -  7.87 19 24 17 33 4126 1 124316 28674 1.8 25 14 9 16 35% 39449 9745 4307 183%
c -  8.21 19 25 17 34 4129 1 130060 29922 1.8 26 14 9 16 35% 39449 9745 4307 183%
c ]  8.24 19 25 18 34 4130 1 130747 30577 1.8 26 14 9 16 35% 39449 9745 4307 183%
c {  8.24 19 24 18 34 4130 4 130747 30577 1.7 19 11 9 13 33% 39449 9745 4307 183%
c u  8.56 19 23 18 34 4134 4 135428 34331 1.7 19 11 9 13 33% 39449 9745 4307 183%
c v  8.62 19 23 18 34 4134 4 135428 34029 1.7 19 11 9 13 33% 39449 9745 4307 183%
c
c  seconds   switched    rate          size/glue  tier1     binary        remaining
c         MB   reductions  conflicts         size   tier2      irredundant
c          level    restarts      redundant     glue    trail        variables
c
c w  8.64 19 23 18 34 4134 4 135428 33998 1.7 19 11 9 13 33% 39449 9745 4307 183%
c -  8.69 19 23 18 35 4141 4 135892 31358 1.7 19 11 9 13 33% 39449 9745 4307 183%
c -  8.99 19 22 18 36 4141 3 141809 32996 1.7 18 11 9 13 34% 39449 9745 4307 183%
c -  9.31 19 21 18 37 4141 3 147809 35967 1.7 18 10 9 12 34% 39449 9745 4307 183%
c }  9.58 19 20 19 37 4172 3 153092 40699 1.7 18 10 9 12 35% 39449 9745 4307 183%
c [  9.58 19 25 19 37 4172 1 153092 40699 1.8 26 14 9 16 35% 39449 9745 4307 183%
c B  9.58 19 25 19 37 4172 1 153092 40699 1.8 26 14 9 16 35% 39449 9745 4307 183%
c -  9.62 19 25 19 38 4172 1 153892 39445 1.8 26 14 9 17 36% 39449 9745 4307 183%
c -  9.99 25 26 19 39 4177 1 160058 41976 1.8 26 15 9 17 36% 39449 9745 4307 183%
c e 10.08 15 26 19 39 4177 1 160817 42686 1.8 26 15 9 17 36% 41527 12096 3597 153%
c ^ 10.09 15 26 19 39 4177 1 160817 42686 1.8 26 15 9 17 36% 41527 12096 3597 153%
c - 10.41 21 26 19 40 4179 1 166304 34749 1.8 26 14 9 17 37% 41527 12096 3597 153%
c o 10.42 21 26 19 40 4180 1 166413 34855 1.8 26 14 9 17 37% 41527 12096 3597 153%
c u 10.58 27 32 19 40 4181 1 167924 36143 1.7 27 15 9 17 37% 41527 12096 3597 153%
c v 10.65 27 32 19 40 4181 1 167924 35973 1.7 27 15 9 17 37% 41527 12096 3597 153%
c w 10.67 27 32 19 40 4181 1 167924 35722 1.7 27 15 9 17 37% 41527 12096 3597 153%
c - 11.27 24 31 19 41 4184 1 172630 36563 1.7 26 15 9 17 38% 41527 12096 3597 153%
c W 11.35 21 31 19 41 4185 1 174004 37883 1.7 26 15 9 17 38% 41527 12096 3597 153%
c ] 11.37 21 31 20 41 4185 1 174416 38287 1.7 26 15 9 17 38% 41527 12096 3597 153%
c { 11.37 21 20 20 41 4185 3 174416 38287 1.7 18 10 9 12 35% 41527 12096 3597 153%
c
c  seconds   switched    rate          size/glue  tier1     binary         remaining
c         MB   reductions  conflicts         size   tier2       irredundant
c          level    restarts      redundant     glue    trail         variables
c
c - 11.63 27 20 20 42 4672 3 179034 32518 1.7 18 10 8 12 35% 41527 12096 3597 153%
c - 11.97 24 20 20 43 5170 3 185515 35522 1.7 18 10 9 12 36% 41527 12096 3597 153%
c - 12.31 25 20 20 44 5494 3 192074 34356 1.7 18 10 8 12 37% 41527 12096 3597 153%
c - 12.68 27 21 20 45 6170 3 198708 37118 1.7 18 11 9 12 37% 41527 12096 3597 153%
c } 12.82 24 21 21 45 6460 3 201155 39469 1.7 18 11 9 12 37% 41527 12096 3597 153%
c [ 12.82 24 31 21 45 6460 1 201155 39469 1.7 26 15 9 17 38% 41527 12096 3597 153%
c O 12.82 24 31 21 45 6460 1 201155 39469 1.7 26 15 9 17 38% 41527 12096 3597 153%
c u 13.03 27 30 21 45 6462 1 204171 42098 1.7 26 15 9 17 38% 41527 12096 3597 153%
c v 13.09 27 30 21 45 6462 1 204171 41991 1.7 26 15 9 17 38% 41527 12096 3597 153%
c w 13.11 27 30 21 45 6462 1 204171 41535 1.7 26 15 9 17 38% 41527 12096 3597 153%
c - 13.23 23 30 21 46 6463 1 205416 39340 1.7 26 15 9 17 39% 41527 12096 3597 153%
c - 13.60 24 29 21 47 6466 1 212199 41606 1.7 26 15 9 17 39% 41527 12096 3597 153%
c - 14.00 27 28 21 48 6471 1 219055 43655 1.7 25 15 9 17 40% 41527 12096 3597 153%
c - 14.42 27 27 21 49 6474 1 225983 45488 1.7 25 14 9 17 41% 41527 12096 3597 153%
c ] 14.48 23 27 22 49 6474 1 226991 46451 1.7 25 14 9 17 41% 41527 12096 3597 153%
c { 14.48 23 21 22 49 6474 3 226991 46451 1.7 18 11 9 12 37% 41527 12096 3597 153%
c o 14.48 24 21 22 49 6484 3 227029 46488 1.7 18 11 9 12 37% 41527 12096 3597 153%
c - 15.08 27 24 22 50 8088 4 232983 46393 1.7 19 11 9 12 38% 41527 12096 3597 153%
c - 15.80 27 27 22 51 9956 6 240056 46753 1.7 19 11 9 13 38% 41527 12096 3597 153%
c e 16.26 22 29 22 51 10796 6 243998 50675 1.7 20 11 9 13 38% 45070 15710 3005 127%
c
c  seconds   switched     rate          size/glue  tier1     binary         remaining
c         MB   reductions   conflicts         size   tier2       irredundant
c          level    restarts       redundant     glue    trail         variables
c
c ! 16.27 22 29 22 51 10796 6 243998 50675 1.7 20 11 9 13 38% 45070 15710 3005 127%
c u 16.42 27 29 22 51 10870 6 244344 32055 1.7 20 11 9 13 38% 45070 15710 3005 127%
c v 16.53 27 29 22 51 10870 6 244344 31749 1.7 20 11 9 13 38% 45070 15710 3005 127%
c w 16.57 27 29 22 51 10870 6 244344 31700 1.7 20 11 9 13 38% 45070 15710 3005 127%
c f 16.66 21 29 22 51 10870 6 244344 31700 1.7 20 11 9 13 38% 44225 15559 3061 130%
c u 16.79 24 29 22 51 10870 6 244344 30602 1.7 20 11 9 13 38% 44225 15559 3061 130%
c v 16.89 27 29 22 51 10870 6 244344 30399 1.7 20 11 9 13 38% 44225 15559 3061 130%
c w 16.93 27 29 22 51 10870 6 244344 30381 1.7 20 11 9 13 38% 44225 15559 3061 130%
c - 17.21 27 30 22 52 11464 6 247197 29883 1.8 20 12 9 13 39% 44225 15559 3061 130%
c - 17.88 24 33 22 53 12966 7 254408 33137 1.8 21 12 9 13 39% 44225 15559 3061 130%
c } 18.24 24 34 23 53 13713 7 258507 37213 1.8 21 12 9 13 40% 44225 15559 3061 130%
c [ 18.24 24 27 23 53 13713 1 258507 37213 1.7 25 14 9 17 41% 44225 15559 3061 130%
c B 18.24 24 27 23 53 13713 1 258507 37213 1.7 25 14 9 17 41% 44225 15559 3061 130%
c - 18.42 27 27 23 54 13715 1 261691 35531 1.7 25 14 9 17 41% 44225 15559 3061 130%
c - 18.81 27 27 23 55 13719 1 269039 37681 1.7 25 14 9 17 42% 44225 15559 3061 130%
c - 19.26 24 26 23 56 13724 1 276455 40375 1.7 25 14 9 17 43% 44225 15559 3061 130%
c - 19.74 27 26 23 57 13727 1 283939 41957 1.7 25 14 9 17 43% 44225 15559 3061 130%
c u 20.16 27 25 23 57 13727 1 288361 45949 1.7 24 14 9 17 44% 44225 15559 3061 130%
c v 20.29 27 25 23 57 13727 1 288361 44381 1.7 24 14 9 17 44% 44225 15559 3061 130%
c w 20.34 27 25 23 57 13727 1 288361 42990 1.7 24 14 9 17 44% 44225 15559 3061 130%
c
c  seconds   switched     rate          size/glue  tier1     binary         remaining
c         MB   reductions   conflicts         size   tier2       irredundant
c          level    restarts       redundant     glue    trail         variables
c
c W 20.49 21 25 23 57 13727 1 289957 44513 1.7 24 14 9 17 44% 44225 15559 3061 130%
c - 20.58 21 25 23 58 13728 1 291489 40371 1.7 25 14 10 17 44% 44225 15559 3061 130%
c - 21.02 27 25 23 59 13733 1 299105 43122 1.7 24 14 10 17 44% 44225 15559 3061 130%
c - 21.50 27 24 23 60 13737 1 306788 44898 1.8 24 14 10 16 45% 44225 15559 3061 130%
c ] 21.75 24 24 24 60 13740 1 310699 48525 1.8 24 14 10 16 45% 44225 15559 3061 130%
c { 21.76 24 34 24 60 13740 7 310699 48525 1.8 21 12 9 13 40% 44225 15559 3061 130%
c o 21.76 24 34 24 60 13742 7 310776 48601 1.8 21 12 9 13 40% 44225 15559 3061 130%
c - 21.97 27 33 24 61 13768 7 314535 45980 1.8 21 12 9 13 40% 44225 15559 3061 130%
c - 22.38 27 32 24 62 13790 6 322345 46914 1.8 21 12 9 13 41% 44225 15559 3061 130%
c - 22.80 27 31 24 63 13866 6 330219 48621 1.8 21 12 9 13 41% 44225 15559 3061 130%
c u 23.25 27 30 24 63 13945 6 336439 54433 1.8 21 12 9 13 42% 44225 15559 3061 130%
c v 23.36 28 30 24 63 13945 6 336439 53075 1.8 21 12 9 13 42% 44225 15559 3061 130%
c w 23.39 28 30 24 63 13945 6 336439 52914 1.8 21 12 9 13 42% 44225 15559 3061 130%
c - 23.52 27 30 24 64 14007 6 338158 50709 1.8 21 12 9 13 42% 44225 15559 3061 130%
c - 23.93 27 29 24 65 14075 5 346159 53604 1.8 20 12 9 13 42% 44225 15559 3061 130%
c } 23.99 27 29 25 65 14077 5 347377 54696 1.8 20 12 9 13 42% 44225 15559 3061 130%
c [ 23.99 27 24 25 65 14077 1 347377 54696 1.8 24 14 10 16 45% 44225 15559 3061 130%
c I 23.99 27 24 25 65 14077 1 347377 54696 1.8 24 14 10 16 45% 44225 15559 3061 130%
c e 24.08 22 25 25 65 14078 1 348596 55905 1.8 24 14 10 16 45% 44254 15606 3056 130%
c - 24.39 27 24 25 66 14082 1 354222 54593 1.8 24 14 10 16 45% 44254 15606 3056 130%
c
c  seconds   switched     rate          size/glue  tier1      binary         remaining
c         MB   reductions   conflicts         size    tier2       irredundant
c          level    restarts       redundant     glue     trail         variables
c
c - 24.87 27 24 25 67 14086 1 362347 55170 1.8 24 14 10 16 45% 44254 15606 3056 130%
c - 25.40 27 24 25 68 14090 1 370532 56215 1.8 24 14 9 16 45% 44254 15606 3056 130%
c ] 25.91 27 23 26 68 14091 1 378397 63613 1.8 24 13 9 16 45% 44254 15606 3056 130%
c { 25.91 27 29 26 68 14091 5 378397 63613 1.8 20 12 9 13 42% 44254 15606 3056 130%
c - 25.94 27 28 26 69 14091 5 378778 58493 1.8 20 12 9 13 42% 44254 15606 3056 130%
c - 26.43 29 28 26 70 14191 5 387087 61037 1.8 20 11 9 13 42% 44254 15606 3056 130%
c u 26.67 25 27 26 70 14191 5 388656 62107 1.8 20 11 9 13 43% 44254 15606 3056 130%
c v 26.80 25 27 26 70 14191 5 388656 59648 1.8 20 11 9 13 43% 44254 15606 3056 130%
c w 26.84 25 27 26 70 14191 5 388656 58688 1.8 20 11 9 13 43% 44254 15606 3056 130%
c f 27.37 25 27 26 70 14191 5 388656 58688 1.8 20 11 9 13 43% 44240 15603 3057 130%
c u 27.48 25 27 26 70 14191 5 388656 57951 1.8 20 11 9 13 43% 44240 15603 3057 130%
c v 27.57 25 27 26 70 14191 5 388656 57793 1.8 20 11 9 13 43% 44240 15603 3057 130%
c w 27.60 25 27 26 70 14191 5 388656 57771 1.8 20 11 9 13 43% 44240 15603 3057 130%
c x 27.66 25 27 26 70 14191 5 388656 57770 1.8 20 11 9 13 43% 44240 15603 3057 130%
c - 28.03 28 26 26 71 14207 5 395453 60146 1.8 20 11 9 13 43% 44240 15603 3057 130%
c o 28.22 28 26 26 71 14212 4 398727 63055 1.8 20 11 9 13 43% 44240 15603 3057 130%
c - 28.50 28 26 26 72 14325 4 403879 63698 1.8 20 11 9 13 43% 44240 15603 3057 130%
c - 28.96 28 25 26 73 14468 4 412367 66603 1.8 20 11 9 13 43% 44240 15603 3057 130%
c } 29.40 28 25 27 73 14657 4 420616 74290 1.8 20 11 9 13 44% 44240 15603 3057 130%
c [ 29.40 28 23 27 73 14657 1 420616 74290 1.8 24 13 9 16 45% 44240 15603 3057 130%
c
c  seconds   switched     rate          size/glue  tier1     binary         remaining
c         MB   reductions   conflicts         size   tier2       irredundant
c          level    restarts       redundant     glue    trail         variables
c
c B 29.40 28 23 27 73 14657 1 420616 74290 1.8 24 13 9 16 45% 44240 15603 3057 130%
c - 29.43 28 23 27 74 14657 1 420912 68819 1.8 24 13 9 16 45% 44240 15603 3057 130%
c - 29.98 28 24 27 75 14663 1 429516 69902 1.8 24 13 9 16 46% 44240 15603 3057 130%
c - 30.57 28 23 27 76 14668 1 438178 71220 1.8 24 13 9 16 46% 44240 15603 3057 130%
c u 31.25 38 23 27 76 14670 1 445056 77719 1.8 24 13 9 16 46% 44240 15603 3057 130%
c v 31.39 38 23 27 76 14670 1 445056 77413 1.8 24 13 9 16 46% 44240 15603 3057 130%
c w 31.44 38 23 27 76 14670 1 445056 77033 1.8 24 13 9 16 46% 44240 15603 3057 130%
c - 31.62 34 23 27 77 14671 1 446896 72124 1.8 24 13 9 16 46% 44240 15603 3057 130%
c ] 32.14 34 23 28 77 14672 1 453745 78674 1.8 24 13 9 16 47% 44240 15603 3057 130%
c { 32.14 34 25 28 77 14672 4 453745 78674 1.8 20 11 9 13 44% 44240 15603 3057 130%
c - 32.28 35 24 28 78 14674 4 455671 74179 1.8 20 11 9 13 44% 44240 15603 3057 130%
c - 32.83 35 24 28 79 14839 4 464502 75898 1.7 19 11 9 13 44% 44240 15603 3057 130%
c - 33.36 36 23 28 80 15056 4 473391 77745 1.7 19 11 9 13 44% 44240 15603 3057 130%
c - 33.91 35 23 28 81 15303 4 482335 80312 1.7 19 11 9 13 44% 44240 15603 3057 130%
c - 34.42 35 23 28 82 15419 3 491336 83539 1.7 19 11 9 13 45% 44240 15603 3057 130%
c o 34.52 35 22 28 82 15429 3 493086 85155 1.7 19 11 9 13 45% 44240 15603 3057 130%
c - 34.95 36 22 28 83 15599 3 500391 86296 1.7 19 11 9 13 45% 44240 15603 3057 130%
c } 35.03 36 22 29 83 15599 3 501883 87713 1.7 19 11 9 13 45% 44240 15603 3057 130%
c [ 35.03 36 23 29 83 15599 1 501883 87713 1.8 24 13 9 16 47% 44240 15603 3057 130%
c W 35.05 28 23 29 83 15599 1 501883 87713 1.8 24 13 9 16 47% 44240 15603 3057 130%
c
c  seconds   switched     rate          size/glue  tier1     binary         remaining
c         MB   reductions   conflicts         size   tier2       irredundant
c          level    restarts       redundant     glue    trail         variables
c
c u 35.46 38 23 29 83 15601 1 505719 91003 1.8 24 13 9 16 47% 44240 15603 3057 130%
c v 35.61 38 23 29 83 15601 1 505719 90658 1.8 24 13 9 16 47% 44240 15603 3057 130%
c w 35.66 38 23 29 83 15601 1 505719 90496 1.8 24 13 9 16 47% 44240 15603 3057 130%
c - 35.93 36 23 29 84 15604 1 509503 87704 1.8 24 13 9 16 47% 44240 15603 3057 130%
c - 36.55 37 22 29 85 15609 1 518669 89670 1.8 24 13 9 16 47% 44240 15603 3057 130%
c - 37.27 38 22 29 86 15613 1 527888 91555 1.8 24 13 9 16 47% 44240 15603 3057 130%
c - 37.99 40 22 29 87 15616 1 537162 93129 1.8 23 13 9 16 47% 44240 15603 3057 130%
c ] 38.46 36 21 30 87 15620 1 543934 99392 1.8 23 13 9 16 47% 44240 15603 3057 130%
c { 38.46 36 22 30 87 15620 3 543934 99392 1.7 19 11 9 13 45% 44240 15603 3057 130%
c - 38.66 40 22 30 88 15713 3 546489 94426 1.7 19 11 9 13 45% 44240 15603 3057 130%
c - 39.24 38 22 30 89 15847 3 555870 95503 1.7 19 11 9 13 45% 44240 15603 3057 130%
c - 39.88 40 21 30 90 16206 3 565305 97156 1.7 19 11 9 13 45% 44240 15603 3057 130%
c u 40.46 40 21 30 90 16327 3 570696 102155 1.8 19 11 9 13 45% 44240 15603 3057 130%
c v 40.63 42 21 30 90 16327 3 570696 101181 1.8 19 11 9 13 45% 44240 15603 3057 130%
c w 40.69 42 21 30 90 16327 3 570696 101056 1.8 19 11 9 13 45% 44240 15603 3057 130%
c - 41.00 37 21 30 91 16524 3 574792 98970 1.8 19 11 9 13 45% 44240 15603 3057 130%
c - 41.61 40 21 30 92 16784 3 584332 101642 1.8 19 11 9 13 45% 44240 15603 3057 130%
c - 42.22 40 21 30 93 17040 3 593924 103102 1.7 19 11 9 13 45% 44240 15603 3057 130%
c o 42.34 36 21 30 93 17052 3 595881 105009 1.8 19 11 9 13 45% 44240 15603 3057 130%
c } 42.50 37 21 31 93 17180 3 598368 107360 1.8 19 11 9 13 45% 44240 15603 3057 130%
c
c  seconds   switched     rate           size/glue  tier1     binary         remaining
c         MB   reductions   conflicts          size   tier2       irredundant
c          level    restarts       redundant      glue    trail         variables
c
c [ 42.50 37 21 31 93 17180 1 598368 107360 1.8 23 13 9 16 47% 44240 15603 3057 130%
c O 42.50 37 21 31 93 17180 1 598368 107360 1.8 23 13 9 16 47% 44240 15603 3057 130%
c - 42.88 38 21 31 94 17184 1 603568 104504 1.8 23 13 9 16 47% 44240 15603 3057 130%
c - 43.55 40 21 31 95 17189 1 613265 105457 1.8 23 13 9 16 47% 44240 15603 3057 130%
c - 44.25 42 21 31 96 17194 1 623011 104958 1.8 23 13 9 16 47% 44240 15603 3057 130%
c - 45.04 39 21 31 97 17196 1 632810 104943 1.8 23 13 9 16 47% 44240 15603 3057 130%
c u 45.89 44 21 31 97 17201 1 640038 110932 1.8 23 13 9 16 47% 44240 15603 3057 130%
c v 46.08 44 21 31 97 17201 1 640038 109685 1.8 23 13 9 16 47% 44240 15603 3057 130%
c w 46.16 44 21 31 97 17201 1 640038 107102 1.8 23 13 9 16 47% 44240 15603 3057 130%
c - 46.43 39 21 31 98 17201 1 642658 102495 1.8 23 13 9 16 47% 44240 15603 3057 130%
c ] 46.58 39 21 32 98 17203 1 644526 104231 1.8 23 13 9 16 47% 44240 15603 3057 130%
c { 46.58 39 21 32 98 17203 3 644526 104231 1.8 19 11 9 13 45% 44240 15603 3057 130%
c - 47.18 40 21 32 99 17551 3 652558 104994 1.8 19 11 9 13 45% 44240 15603 3057 130%
c - 47.86 42 21 32 100 17940 3 662508 106575 1.7 19 11 9 13 45% 44240 15603 3057 130%
c - 48.54 42 20 32 101 18254 3 672511 107271 1.7 18 11 9 13 45% 44240 15603 3057 130%
c - 49.23 42 20 32 102 18521 3 682560 108058 1.7 18 11 9 13 46% 44240 15603 3057 130%
c - 49.95 42 20 32 103 19041 3 692661 109151 1.7 18 11 9 13 46% 44240 15603 3057 130%
c - 50.62 42 20 32 104 19328 3 702809 110172 1.7 18 10 9 13 46% 44240 15603 3057 130%
c } 50.83 42 20 33 104 19463 3 705631 112815 1.7 18 10 9 13 46% 44240 15603 3057 130%
c [ 50.83 42 21 33 104 19463 1 705631 112815 1.8 23 13 9 16 47% 44240 15603 3057 130%
c
c  seconds   switched      rate           size/glue  tier1     binary         remaining
c         MB   reductions    conflicts          size   tier2       irredundant
c          level     restarts       redundant      glue    trail         variables
c
c B 50.83 42 21 33 104 19463 1 705631 112815 1.8 23 13 9 16 47% 44240 15603 3057 130%
c - 51.40 42 21 33 105 19468 1 713008 111239 1.8 23 13 9 16 48% 44240 15603 3057 130%
c u 51.74 44 21 33 105 19468 1 713792 109202 1.8 23 13 9 16 48% 44240 15603 3057 130%
c v 51.95 44 21 33 105 19468 1 713792 108211 1.8 23 13 9 16 48% 44240 15603 3057 130%
c w 52.03 44 21 33 105 19468 1 713792 107621 1.8 23 13 9 16 48% 44240 15603 3057 130%
c o 52.07 44 21 33 105 19468 1 713792 107621 1.8 23 13 9 16 48% 44240 15603 3057 130%
c - 52.68 40 25 33 106 19474 1 723254 107642 1.7 24 14 9 16 48% 44240 15603 3057 130%
c - 53.44 42 25 33 107 19477 1 733549 109396 1.7 24 14 9 16 48% 44240 15603 3057 130%
c - 54.26 42 25 33 108 19482 1 743897 110903 1.7 24 14 9 16 48% 44240 15603 3057 130%
c - 55.12 42 24 33 109 19487 1 754292 110512 1.7 24 14 9 16 48% 44240 15603 3057 130%
c ] 55.77 39 24 34 109 19491 1 762257 118142 1.7 24 14 9 16 48% 44240 15603 3057 130%
c { 55.77 39 20 34 109 19491 3 762257 118142 1.7 18 10 9 13 46% 44240 15603 3057 130%
c - 55.99 40 20 34 110 19499 3 764732 109788 1.7 18 10 9 13 46% 44240 15603 3057 130%
c - 56.71 42 19 34 111 19519 3 775220 108793 1.7 18 10 9 13 46% 44240 15603 3057 130%
c - 57.44 40 18 34 112 19525 2 785755 108916 1.8 18 10 9 12 46% 44240 15603 3057 130%
c u 58.19 34 18 34 112 19525 2 792011 113624 1.8 18 10 9 12 46% 44240 15603 3057 130%
c v 58.41 34 18 34 112 19525 2 792011 113266 1.8 18 10 9 12 46% 44240 15603 3057 130%
c w 58.48 34 18 34 112 19525 2 792011 113198 1.8 18 10 9 12 46% 44240 15603 3057 130%
c - 59.67 34 18 34 113 19527 2 796338 108919 1.8 18 10 9 12 46% 44240 15603 3057 130%
c - 60.40 34 17 34 114 19533 2 806969 109541 1.7 18 10 9 12 46% 44240 15603 3057 130%
c
c  seconds   switched      rate           size/glue  tier1     binary         remaining
c         MB   reductions    conflicts          size   tier2       irredundant
c          level     restarts       redundant      glue    trail         variables
c
c - 61.20 34 16 34 115 19538 2 817646 112413 1.7 17 10 9 12 46% 44240 15603 3057 130%
c - 61.91 36 16 34 116 19591 2 828370 92670 1.7 17 10 8 12 46% 44240 15603 3057 130%
c } 62.04 36 16 35 116 19597 2 830405 94514 1.7 17 10 8 12 46% 44240 15603 3057 130%
c [ 62.04 36 24 35 116 19597 1 830405 94514 1.7 24 14 9 16 48% 44240 15603 3057 130%
c W 62.20 37 24 35 116 19597 1 830405 94514 1.7 24 14 9 16 48% 44240 15603 3057 130%
c - 62.80 39 24 35 117 19603 1 839142 89387 1.7 24 14 9 16 48% 44240 15603 3057 130%
c - 63.60 39 23 35 118 19609 1 849959 90133 1.7 23 13 9 16 48% 44240 15603 3057 130%
c - 64.47 39 22 35 119 19611 1 860821 90976 1.7 23 13 9 16 48% 44240 15603 3057 130%
c - 65.31 39 23 35 120 19618 1 871730 89322 1.8 23 13 9 16 49% 44240 15603 3057 130%
c u 65.76 39 23 35 120 19618 1 874746 90977 1.8 23 13 9 16 49% 44240 15603 3057 130%
c v 65.93 39 23 35 120 19618 1 874746 90924 1.8 23 13 9 16 49% 44240 15603 3057 130%
c w 66.00 39 23 35 120 19618 1 874746 90894 1.8 23 13 9 16 49% 44240 15603 3057 130%
c o 66.15 39 23 35 120 19618 1 874746 90894 1.8 23 13 9 16 49% 44240 15603 3057 130%
c - 66.71 39 24 35 121 19624 1 882684 85633 1.7 23 14 9 16 49% 44240 15603 3057 130%
c I 67.46 39 23 35 121 19626 1 892955 95174 1.7 23 13 9 16 48% 44240 15603 3057 130%
c ] 67.47 39 23 36 121 19626 1 892980 95199 1.7 23 13 9 16 48% 44240 15603 3057 130%
c { 67.47 39 16 36 121 19626 2 892980 95199 1.7 17 10 8 12 46% 44240 15603 3057 130%
c - 67.56 39 16 36 122 19776 2 893684 84514 1.7 17 10 8 12 46% 44240 15603 3057 130%
c - 68.44 39 17 36 123 21161 2 904729 85134 1.7 17 10 8 12 46% 44240 15603 3057 130%
c - 69.28 39 17 36 124 22199 2 915819 84703 1.7 17 10 8 12 46% 44240 15603 3057 130%
c
c  seconds   switched      rate          size/glue  tier1     binary         remaining
c         MB   reductions    conflicts         size   tier2       irredundant
c          level     restarts       redundant     glue    trail         variables
c
c - 70.10 39 17 36 125 23140 2 926955 85978 1.7 17 10 9 12 46% 44240 15603 3057 130%
c - 70.88 39 18 36 126 23761 3 938135 86846 1.7 17 10 8 12 46% 44240 15603 3057 130%
c - 71.72 39 18 36 127 24578 3 949361 88763 1.7 18 10 8 12 46% 44240 15603 3057 130%
c - 72.51 39 18 36 128 25115 3 960630 90703 1.7 17 10 8 12 46% 44240 15603 3057 130%
c u 72.91 39 18 36 128 25214 3 962045 91420 1.7 17 10 8 12 46% 44240 15603 3057 130%
c v 73.17 39 18 36 128 25214 3 962045 90038 1.7 17 10 8 12 46% 44240 15603 3057 130%
c w 73.26 39 18 36 128 25214 3 962045 89993 1.7 17 10 8 12 46% 44240 15603 3057 130%
c } 73.79 39 18 37 128 25661 3 968537 96020 1.7 17 10 8 12 46% 44240 15603 3057 130%
c [ 73.79 39 23 37 128 25661 1 968537 96020 1.7 23 13 9 16 48% 44240 15603 3057 130%
c B 73.79 39 23 37 128 25661 1 968537 96020 1.7 23 13 9 16 48% 44240 15603 3057 130%
c - 74.03 39 23 37 129 25663 1 971943 90489 1.7 23 13 9 16 48% 44240 15603 3057 130%
c - 74.82 39 23 37 130 25670 1 983300 91764 1.7 23 13 9 16 48% 44240 15603 3057 130%
c - 75.71 39 23 37 131 25675 1 994701 91175 1.7 23 13 9 16 48% 44240 15603 3057 130%
c - 76.67 39 24 37 132 25679 1 1006148 88901 1.7 24 14 9 16 48% 44240 15603 3057 130%
c - 77.67 39 23 37 133 25685 1 1017637 87496 1.8 24 14 9 16 49% 44240 15603 3057 130%
c - 78.69 39 23 37 134 25690 1 1029169 86556 1.8 24 14 9 16 49% 44240 15603 3057 130%
c ] 79.53 39 23 38 134 25691 1 1038574 95298 1.8 24 14 9 16 49% 44240 15603 3057 130%
c { 79.53 39 18 38 134 25691 3 1038574 95298 1.7 17 10 8 12 46% 44240 15603 3057 130%
c o 79.54 39 18 38 134 25697 3 1038613 95337 1.7 17 10 8 12 46% 44240 15603 3057 130%
c - 79.83 39 19 38 135 26147 3 1040744 85069 1.7 18 10 8 12 46% 44240 15603 3057 130%
c
c  seconds   switched      rate           size/glue  tier1     binary         remaining
c         MB   reductions     conflicts         size   tier2       irredundant
c          level     restarts        redundant     glue    trail         variables
c
c - 81.35 39 24 38 136 28611 4 1052362 83481 1.7 19 11 8 12 46% 44240 15603 3057 130%
c u 81.89 39 24 38 136 28955 4 1053961 84154 1.7 19 11 8 12 46% 44240 15603 3057 130%
c v 82.19 39 24 38 136 28955 4 1053961 83386 1.7 19 11 8 12 46% 44240 15603 3057 130%
c w 82.31 39 24 38 136 28955 4 1053961 82226 1.7 19 11 8 12 46% 44240 15603 3057 130%
c - 83.73 39 27 38 137 31082 5 1064025 80467 1.7 20 12 8 12 46% 44240 15603 3057 130%
c - 85.33 39 31 38 138 33582 6 1075729 80724 1.8 21 12 8 12 46% 44240 15603 3057 130%
c - 86.95 39 34 38 139 35940 7 1087476 81243 1.8 22 12 8 13 46% 44240 15603 3057 130%
c - 88.47 39 36 38 140 38034 7 1099266 81957 1.8 23 13 8 13 46% 44240 15603 3057 130%
c - 90.05 39 38 38 141 40192 8 1111099 82359 1.8 24 13 8 13 46% 44240 15603 3057 130%
c } 91.36 39 40 39 141 41787 8 1121908 93063 1.8 24 13 8 13 46% 44240 15603 3057 130%
c [ 91.36 39 23 39 141 41787 1 1121908 93063 1.8 24 14 9 16 49% 44240 15603 3057 130%
c W 91.69 27 23 39 141 41787 1 1121908 93063 1.8 24 14 9 16 49% 44240 15603 3057 130%
c - 91.79 28 23 39 142 41788 1 1122975 81226 1.8 24 14 9 16 49% 44240 15603 3057 130%
c - 92.64 29 23 39 143 41794 1 1134892 80981 1.8 24 14 9 16 49% 44240 15603 3057 130%
c - 93.56 29 23 39 144 41801 1 1146850 79777 1.8 25 14 9 16 49% 44240 15603 3057 130%
c u 94.31 33 23 39 144 41801 1 1150517 82314 1.8 25 14 9 16 49% 44240 15603 3057 130%
c v 94.77 33 23 39 144 41801 1 1150517 81123 1.8 25 14 9 16 49% 44240 15603 3057 130%
c w 94.93 33 23 39 144 41801 1 1150517 79972 1.8 25 14 9 16 49% 44240 15603 3057 130%
c - 95.66 33 23 39 145 41805 1 1158850 75367 1.8 25 14 9 16 49% 44240 15603 3057 130%
c - 96.64 33 22 39 146 41811 1 1170891 75589 1.8 25 14 9 16 49% 44240 15603 3057 130%
c
c  seconds   switched      rate           size/glue  tier1     binary         remaining
c         MB   reductions     conflicts         size   tier2       irredundant
c          level     restarts        redundant     glue    trail         variables
c
c - 97.62 33 22 39 147 41816 1 1182974 75679 1.8 25 14 9 16 49% 44240 15603 3057 130%
c - 98.64 33 21 39 148 41817 1 1195098 76736 1.8 24 13 9 16 49% 44240 15603 3057 130%
c O 99.06 33 21 39 148 41817 1 1200336 81783 1.8 24 13 9 16 49% 44240 15603 3057 130%
c o 99.07 33 21 39 148 41817 1 1200336 81783 1.8 24 13 9 16 49% 44240 15603 3057 130%
c - 99.50 33 21 39 149 41820 1 1207263 77081 1.8 24 13 9 16 49% 44240 15603 3057 130%
c - 100.33 33 20 39 150 41827 1 1219469 77533 1.8 23 13 9 16 48% 44240 15603 3057 130%
c - 101.19 33 20 39 151 41832 1 1231716 79466 1.8 23 13 9 16 48% 44240 15603 3057 130%
c - 102.12 33 19 39 152 41838 1 1244005 80647 1.8 23 13 9 16 48% 44240 15603 3057 130%
c u 103.03 33 19 39 152 41842 1 1251765 85633 1.8 22 12 9 16 48% 44240 15603 3057 130%
c v 103.35 34 19 39 152 41842 1 1251765 75541 1.8 22 12 9 16 48% 44240 15603 3057 130%
c w 103.45 34 19 39 152 41842 1 1251765 72712 1.8 22 12 9 16 48% 44240 15603 3057 130%
c - 103.83 34 19 39 153 41845 1 1256333 70623 1.8 22 12 9 16 48% 44240 15603 3057 130%
c - 104.74 34 19 39 154 41847 1 1268702 76117 1.8 22 12 9 16 48% 44240 15603 3057 130%
c ] 105.06 34 19 40 154 41848 1 1273004 80232 1.8 22 12 9 16 48% 44240 15603 3057 130%
c { 105.06 34 40 40 154 41848 8 1273004 80232 1.8 24 13 8 13 46% 44240 15603 3057 130%
c - 105.66 34 38 40 155 41856 7 1281112 79790 1.8 24 13 8 13 46% 44240 15603 3057 130%
c - 106.58 34 36 40 156 41858 7 1293564 80926 1.8 23 13 8 13 46% 44240 15603 3057 130%
c - 107.45 34 34 40 157 41919 6 1306055 80707 1.8 23 13 8 13 46% 44240 15603 3057 130%
c - 108.26 34 32 40 158 41981 6 1318584 80756 1.8 22 12 8 13 46% 44240 15603 3057 130%
c - 109.08 34 30 40 159 42042 5 1331154 80126 1.8 22 12 8 13 46% 44240 15603 3057 130%
c
c  seconds    switched      rate           size/glue  tier1     binary         remaining
c          MB   reductions     conflicts         size   tier2       irredundant
c           level     restarts        redundant     glue    trail         variables
c
c - 109.90 34 29 40 160 42083 5 1343763 80415 1.8 22 12 8 13 46% 44240 15603 3057 130%
c - 110.73 34 27 40 161 42126 4 1356412 81550 1.8 21 12 8 13 46% 44240 15603 3057 130%
c o 110.76 34 27 40 161 42130 4 1356928 82010 1.8 21 12 8 13 46% 44240 15603 3057 130%
c u 111.14 34 27 40 161 42160 4 1357755 80797 1.8 21 12 8 13 46% 44240 15603 3057 130%
c v 111.41 34 27 40 161 42160 4 1357755 79199 1.8 21 12 8 13 46% 44240 15603 3057 130%
c w 111.51 34 27 40 161 42160 4 1357755 78514 1.8 21 12 8 13 46% 44240 15603 3057 130%
c } 111.97 34 26 41 161 42210 4 1364476 84626 1.8 21 12 8 13 46% 44240 15603 3057 130%
c [ 111.97 34 19 41 161 42210 1 1364476 84626 1.8 22 12 9 16 48% 44240 15603 3057 130%
c B 111.97 34 19 41 161 42210 1 1364476 84626 1.8 22 12 9 16 48% 44240 15603 3057 130%
c - 112.30 34 19 41 162 42213 1 1369100 78499 1.8 22 12 9 16 48% 44240 15603 3057 130%
c - 113.22 34 20 41 163 42220 1 1381827 81121 1.8 22 12 9 16 48% 44240 15603 3057 130%
c - 114.25 34 20 41 164 42224 1 1394595 83823 1.8 23 12 9 16 48% 44240 15603 3057 130%
c - 115.31 34 19 41 165 42231 1 1407401 86319 1.8 23 12 9 16 48% 44240 15603 3057 130%
c - 116.38 34 19 41 166 42238 1 1420247 86746 1.8 23 12 9 15 48% 44240 15603 3057 130%
c - 117.44 34 19 41 167 42240 1 1433131 86864 1.9 23 12 9 15 48% 44240 15603 3057 130%
c ] 118.26 34 19 42 167 42240 1 1442829 96109 1.9 23 12 9 15 48% 44240 15603 3057 130%
c { 118.26 34 26 42 167 42240 4 1442829 96109 1.8 21 12 8 13 46% 44240 15603 3057 130%
c - 118.53 34 26 42 168 42286 4 1446054 87908 1.8 21 12 8 13 46% 44240 15603 3057 130%
c - 119.40 34 25 42 169 42397 4 1459015 88944 1.8 21 12 8 13 46% 44240 15603 3057 130%
c u 120.40 34 25 42 169 42511 4 1468488 96604 1.8 20 12 8 13 46% 44240 15603 3057 130%
c
c  seconds    switched      rate           size/glue  tier1     binary         remaining
c          MB   reductions     conflicts         size   tier2       irredundant
c           level     restarts        redundant     glue    trail         variables
c
c v 120.75 34 25 42 169 42511 4 1468488 94860 1.8 20 12 8 13 46% 44240 15603 3057 130%
c w 120.86 34 25 42 169 42511 4 1468488 94191 1.8 20 12 8 13 46% 44240 15603 3057 130%
c - 121.15 34 24 42 170 42539 4 1472015 88091 1.8 20 11 8 13 46% 44240 15603 3057 130%
c - 122.02 34 23 42 171 42638 3 1485053 90105 1.7 20 11 8 13 46% 44240 15603 3057 130%
c - 122.92 35 23 42 172 42823 3 1498129 92194 1.7 20 11 8 13 46% 44240 15603 3057 130%
c - 123.74 35 22 42 173 42853 3 1511245 93605 1.7 19 11 8 13 46% 44240 15603 3057 130%
c o 124.20 35 22 42 173 42996 3 1518291 100143 1.7 19 11 8 13 46% 44240 15603 3057 130%
c - 124.62 35 21 42 174 43148 3 1524398 95541 1.7 19 11 8 13 46% 44240 15603 3057 130%
c - 125.46 35 21 42 175 43297 3 1537588 98697 1.7 19 11 8 13 46% 44240 15603 3057 130%
c } 125.83 35 21 43 175 43452 3 1542803 103650 1.7 19 11 8 13 46% 44240 15603 3057 130%
c [ 125.83 35 19 43 175 43452 1 1542803 103650 1.9 23 12 9 15 48% 44240 15603 3057 130%
c W 126.29 35 19 43 175 43452 1 1542803 103650 1.9 23 12 9 15 48% 44240 15603 3057 130%
c - 126.86 35 19 43 176 43457 1 1550818 101208 1.9 23 12 8 15 48% 44240 15603 3057 130%
c - 127.86 35 19 43 177 43465 1 1564085 103753 1.9 23 12 8 15 48% 44240 15603 3057 130%
c - 128.85 35 19 43 178 43468 1 1577390 104290 1.8 23 12 8 15 48% 44240 15603 3057 130%
c u 129.71 35 19 43 178 43473 1 1584038 109708 1.8 23 12 8 15 48% 44240 15603 3057 130%
c v 130.04 35 19 43 178 43473 1 1584038 108154 1.8 23 12 8 15 48% 44240 15603 3057 130%
c w 130.16 35 19 43 178 43473 1 1584038 107018 1.8 23 12 8 15 48% 44240 15603 3057 130%
c - 131.93 35 19 43 179 43476 1 1590731 100930 1.8 22 12 8 15 48% 44240 15603 3057 130%
c - 132.95 35 19 43 180 43481 1 1604112 102704 1.8 22 12 8 15 48% 44240 15603 3057 130%
c
c  seconds    switched      rate            size/glue  tier1     binary         remaining
c          MB   reductions     conflicts          size   tier2       irredundant
c           level     restarts        redundant      glue    trail         variables
c
c - 134.06 35 19 43 181 43482 1 1617528 102093 1.8 22 12 8 15 48% 44240 15603 3057 130%
c ] 134.92 35 18 44 181 43485 1 1628039 111682 1.8 22 12 8 15 48% 44240 15603 3057 130%
c { 134.92 35 21 44 181 43485 3 1628039 111682 1.7 19 11 8 13 46% 44240 15603 3057 130%
c - 135.18 35 21 44 182 43659 3 1630981 102398 1.7 19 11 8 13 46% 44240 15603 3057 130%
c - 136.04 35 20 44 183 43924 3 1644472 103912 1.7 19 11 8 13 46% 44240 15603 3057 130%
c - 136.95 35 20 44 184 44315 3 1658000 104679 1.7 19 11 8 13 46% 44240 15603 3057 130%
c - 137.87 35 20 44 185 44713 3 1671565 105407 1.7 19 11 8 13 46% 44240 15603 3057 130%
c - 138.79 35 20 44 186 45103 3 1685166 107027 1.7 18 11 8 13 46% 44240 15603 3057 130%
c o 139.02 35 20 44 186 45299 3 1688384 110004 1.7 18 11 8 13 46% 44240 15603 3057 130%
c - 139.79 35 20 44 187 45760 3 1698806 108548 1.7 18 11 8 13 46% 44240 15603 3057 130%
c u 140.44 35 19 44 187 45867 3 1704431 110518 1.7 18 11 8 13 46% 44240 15603 3057 130%
c v 140.68 35 19 44 187 45867 3 1704431 108203 1.7 18 11 8 13 46% 44240 15603 3057 130%
c w 140.76 35 19 44 187 45867 3 1704431 107975 1.7 18 11 8 13 46% 44240 15603 3057 130%
c - 141.55 35 19 44 188 46165 3 1712480 103865 1.7 18 11 8 13 46% 44240 15603 3057 130%
c - 142.49 35 19 44 189 46609 3 1726191 106231 1.7 18 11 8 13 46% 44240 15603 3057 130%
c } 143.32 35 19 45 189 47394 3 1736870 116301 1.7 18 11 8 13 46% 44240 15603 3057 130%
c [ 143.32 35 18 45 189 47394 1 1736870 116301 1.8 22 12 8 15 48% 44240 15603 3057 130%
c I 143.32 35 18 45 189 47394 1 1736870 116301 1.8 22 12 8 15 48% 44240 15603 3057 130%
c - 143.55 35 19 45 190 47396 1 1739938 108062 1.8 23 13 8 15 48% 44240 15603 3057 130%
c - 144.53 35 20 45 191 47404 1 1753723 105721 1.8 23 13 8 15 48% 44240 15603 3057 130%
c
c  seconds    switched      rate            size/glue  tier1     binary         remaining
c          MB   reductions     conflicts          size   tier2       irredundant
c           level     restarts        redundant      glue    trail         variables
c
c - 145.59 35 20 45 192 47408 1 1767545 103341 1.8 24 13 8 15 48% 44240 15603 3057 130%
c - 146.68 35 21 45 193 47415 1 1781403 102562 1.8 24 13 8 15 49% 44240 15603 3057 130%
c - 147.87 35 21 45 194 47423 1 1795297 103265 1.8 25 13 8 15 49% 44240 15603 3057 130%
c - 148.99 35 22 45 195 47424 1 1809225 103018 1.8 25 14 8 15 49% 44240 15603 3057 130%
c - 150.18 35 23 45 196 47428 1 1823192 100548 1.8 26 14 8 16 49% 44240 15603 3057 130%
c u 151.12 35 23 45 196 47431 1 1829694 106038 1.8 26 14 8 16 49% 44240 15603 3057 130%
c v 151.50 35 23 45 196 47431 1 1829694 105891 1.8 26 14 8 16 49% 44240 15603 3057 130%
c w 151.65 35 23 45 196 47431 1 1829694 105513 1.8 26 14 8 16 49% 44240 15603 3057 130%
c ] 152.06 35 23 46 196 47434 1 1834124 109728 1.8 26 14 8 16 49% 44240 15603 3057 130%
c { 152.06 35 19 46 196 47434 3 1834124 109728 1.7 18 11 8 13 46% 44240 15603 3057 130%
c - 152.31 35 19 46 197 47588 3 1837192 100193 1.7 18 11 8 13 46% 44240 15603 3057 130%
c - 153.36 35 19 46 198 48183 3 1851229 104286 1.7 18 11 8 13 46% 44240 15603 3057 130%
c - 154.28 35 19 46 199 48512 3 1865301 106292 1.7 18 11 8 13 46% 44240 15603 3057 130%
c o 154.48 35 19 46 199 48572 3 1868399 109056 1.7 18 11 8 13 46% 44240 15603 3057 130%
c - 155.26 35 19 46 200 48935 3 1879409 107178 1.7 18 11 8 13 46% 44240 15603 3057 130%
c - 156.28 35 19 46 201 49588 3 1893551 108587 1.7 18 11 8 13 46% 44240 15603 3057 130%
c - 157.24 35 19 46 202 49954 3 1907730 110410 1.7 18 10 8 12 46% 44240 15603 3057 130%
c - 158.24 35 19 46 203 50492 3 1921943 111374 1.7 18 10 8 12 46% 44240 15603 3057 130%
c - 159.33 35 19 46 204 51542 3 1936191 111624 1.7 18 11 8 12 46% 44240 15603 3057 130%
c - 160.35 35 19 46 205 52129 3 1950473 111953 1.7 18 11 8 12 46% 44240 15603 3057 130%
c
c  seconds    switched      rate            size/glue  tier1     binary         remaining
c          MB   reductions     conflicts          size   tier2       irredundant
c           level     restarts        redundant      glue    trail         variables
c
c } 160.50 35 19 47 205 52251 3 1952170 113519 1.7 18 11 8 12 46% 44240 15603 3057 130%
c [ 160.50 35 23 47 205 52251 1 1952170 113519 1.8 26 14 8 16 49% 44240 15603 3057 130%
c B 160.50 35 23 47 205 52251 1 1952170 113519 1.8 26 14 8 16 49% 44240 15603 3057 130%
c u 161.49 35 23 47 205 52256 1 1959848 120092 1.8 26 14 8 16 49% 44240 15603 3057 130%
c v 161.86 35 23 47 205 52256 1 1959848 119342 1.8 26 14 8 16 49% 44240 15603 3057 130%
c w 162.00 35 23 47 205 52256 1 1959848 117276 1.8 26 14 8 16 49% 44240 15603 3057 130%
c - 162.44 35 23 47 206 52258 1 1964791 107697 1.8 26 14 8 16 49% 44240 15603 3057 130%
c - 163.68 35 22 47 207 52265 1 1979143 108470 1.8 26 14 8 16 50% 44240 15603 3057 130%
c - 164.97 35 22 47 208 52272 1 1993531 110305 1.8 25 14 8 16 50% 44240 15603 3057 130%
c - 166.31 35 21 47 209 52279 1 2007954 111551 1.8 25 14 8 16 50% 44240 15603 3057 130%
c - 167.54 35 21 47 210 52281 1 2022412 111678 1.8 25 14 8 15 49% 44240 15603 3057 130%
c - 168.77 35 21 47 211 52284 1 2036904 111198 1.8 25 14 8 15 49% 44240 15603 3057 130%
c - 170.16 35 21 47 212 52292 1 2051431 110654 1.9 25 13 8 15 49% 44240 15603 3057 130%
c ] 170.17 35 21 48 212 52292 1 2051562 110777 1.9 25 13 8 15 49% 44240 15603 3057 130%
c { 170.17 35 19 48 212 52292 3 2051562 110777 1.7 18 11 8 12 46% 44240 15603 3057 130%
c o 170.79 35 19 48 212 52799 3 2059396 118148 1.7 18 11 8 12 46% 44240 15603 3057 130%
c - 171.28 35 19 48 213 53046 3 2065992 111324 1.7 18 11 8 12 46% 44240 15603 3057 130%
c - 172.42 35 19 48 214 53717 3 2080586 112166 1.7 18 11 8 12 46% 44240 15603 3057 130%
c u 173.98 35 19 48 214 54473 3 2094948 123978 1.7 18 11 8 12 46% 44240 15603 3057 130%
c v 174.42 37 19 48 214 54473 3 2094948 121896 1.7 18 11 8 12 46% 44240 15603 3057 130%
c
c  seconds    switched      rate            size/glue  tier1     binary         remaining
c          MB   reductions     conflicts          size   tier2       irredundant
c           level     restarts        redundant      glue    trail         variables
c
c w 174.58 37 19 48 214 54473 3 2094948 121753 1.7 18 11 8 12 46% 44240 15603 3057 130%
c - 174.65 37 19 48 215 54473 3 2095217 110402 1.7 18 11 8 12 46% 44240 15603 3057 130%
c - 175.82 37 19 48 216 55362 3 2109879 112107 1.7 18 11 8 12 46% 44240 15603 3057 130%
c - 176.92 37 20 48 217 56083 3 2124575 113363 1.7 18 11 8 12 46% 44240 15603 3057 130%
c - 178.00 37 19 48 218 56629 3 2139305 114176 1.7 18 11 8 12 46% 44240 15603 3057 130%
c - 179.11 37 20 48 219 57246 3 2154072 113938 1.7 18 11 8 12 46% 44240 15603 3057 130%
c - 180.20 37 19 48 220 57865 3 2168871 113561 1.7 18 11 8 12 46% 44240 15603 3057 130%
c } 181.00 37 20 49 220 58488 3 2179174 123004 1.7 18 11 8 12 46% 44240 15603 3057 130%
c [ 181.00 37 21 49 220 58488 1 2179174 123004 1.9 25 13 8 15 49% 44240 15603 3057 130%
c W 181.76 37 21 49 220 58488 1 2179174 123004 1.9 25 13 8 15 49% 44240 15603 3057 130%
c - 182.10 37 21 49 221 58491 1 2183707 113672 1.9 25 13 8 15 49% 44240 15603 3057 130%
c - 183.19 37 21 49 222 58500 1 2198573 114540 1.8 25 13 8 15 49% 44240 15603 3057 130%
c - 184.38 37 21 49 223 58504 1 2213474 116767 1.8 24 13 8 15 49% 44240 15603 3057 130%
c - 185.66 37 20 49 224 58513 1 2228408 118476 1.8 24 13 8 15 49% 44240 15603 3057 130%
c u 186.66 37 21 49 224 58516 1 2235019 123134 1.8 24 13 8 15 49% 44240 15603 3057 130%
c v 187.09 37 21 49 224 58516 1 2235019 114468 1.8 24 13 8 15 49% 44240 15603 3057 130%
c w 187.25 37 21 49 224 58516 1 2235019 107871 1.8 24 13 8 15 49% 44240 15603 3057 130%
c - 187.96 37 21 49 225 58517 1 2243375 106767 1.9 25 13 8 15 49% 44240 15603 3057 130%
c - 189.31 37 21 49 226 58518 1 2258375 113050 1.9 25 13 8 15 49% 44240 15603 3057 130%
c - 190.58 37 21 49 227 58525 1 2273408 117111 1.9 25 13 8 15 49% 44240 15603 3057 130%
c
c  seconds    switched      rate            size/glue  tier1     binary         remaining
c          MB   reductions     conflicts          size   tier2       irredundant
c           level     restarts        redundant      glue    trail         variables
c
c - 191.91 37 21 49 228 58533 1 2288475 118365 1.9 25 13 8 15 49% 44240 15603 3057 130%
c O 192.38 37 21 49 228 58533 1 2293513 122974 1.9 25 13 8 15 49% 44240 15603 3057 130%
c o 192.38 37 21 49 228 58533 1 2293513 122974 1.9 25 13 8 15 49% 44240 15603 3057 130%
c ] 192.65 37 21 50 228 58536 1 2297130 126236 1.9 25 13 8 15 49% 44240 15603 3057 130%
c { 192.65 37 20 50 228 58536 3 2297130 126236 1.7 18 11 8 12 46% 44240 15603 3057 130%
c - 193.09 37 19 50 229 58538 3 2303575 118111 1.7 18 11 8 12 46% 44240 15603 3057 130%
c - 194.18 37 18 50 230 58545 2 2318708 117386 1.7 17 10 8 12 46% 44240 15603 3057 130%
c - 195.23 37 17 50 231 58568 2 2333873 117539 1.7 17 10 8 12 46% 44240 15603 3057 130%
c - 196.26 37 16 50 232 58568 2 2349071 119005 1.7 17 10 8 12 46% 44240 15603 3057 130%
c - 197.37 37 16 50 233 58569 2 2364303 118336 1.7 17 10 8 12 46% 44240 15603 3057 130%
c - 198.44 37 15 50 234 58645 2 2379567 120162 1.7 17 10 8 12 46% 44240 15603 3057 130%
c u 198.99 37 15 50 234 58645 2 2380106 116386 1.7 17 10 8 12 46% 44240 15603 3057 130%
c v 199.43 37 15 50 234 58645 2 2380106 112711 1.7 17 10 8 12 46% 44240 15603 3057 130%
c w 199.52 37 15 50 234 58645 2 2380106 112538 1.7 17 10 8 12 46% 44240 15603 3057 130%
c - 200.59 37 15 50 235 58685 2 2394864 117316 1.7 16 10 8 12 46% 44240 15603 3057 130%
c - 201.67 37 14 50 236 58762 2 2410193 119227 1.7 16 10 8 12 46% 44240 15603 3057 130%
c - 202.74 37 14 50 237 58854 2 2425556 123220 1.7 16 10 8 12 46% 44240 15603 3057 130%
c } 203.36 37 13 51 237 58900 2 2434655 130584 1.7 16 9 8 12 46% 44240 15603 3057 130%
c [ 203.36 37 21 51 237 58900 1 2434655 130584 1.9 25 13 8 15 49% 44240 15603 3057 130%
c B 203.36 37 21 51 237 58900 1 2434655 130584 1.9 25 13 8 15 49% 44240 15603 3057 130%
c
c  seconds    switched      rate            size/glue  tier1     binary         remaining
c          MB   reductions     conflicts          size   tier2       irredundant
c           level     restarts        redundant      glue    trail         variables
c
c - 203.83 37 21 51 238 58905 1 2440950 125976 1.9 25 13 8 15 49% 44240 15603 3057 130%
c - 205.03 37 22 51 239 58913 1 2456377 126626 1.9 26 14 8 15 49% 44240 15603 3057 130%
c - 206.42 39 23 51 240 58918 1 2471837 127854 1.9 27 14 8 16 49% 44240 15603 3057 130%
c - 207.89 39 23 51 241 58927 1 2487330 128716 1.9 27 14 8 16 49% 44240 15603 3057 130%
c - 209.35 39 23 51 242 58930 1 2502854 129911 1.9 27 14 8 16 49% 44240 15603 3057 130%
c - 210.73 39 24 51 243 58932 1 2518411 128894 1.9 28 14 8 16 49% 44240 15603 3057 130%
c u 212.32 39 24 51 243 58939 1 2530213 140154 2.0 28 14 8 16 49% 44240 15603 3057 130%
c v 212.80 39 24 51 243 58939 1 2530213 139986 2.0 28 14 8 16 49% 44240 15603 3057 130%
c w 212.99 39 24 51 243 58939 1 2530213 138372 2.0 28 14 8 16 49% 44240 15603 3057 130%
c o 213.04 39 24 51 243 58939 1 2530213 138372 2.0 28 14 8 16 49% 44240 15603 3057 130%
c - 213.37 39 26 51 244 58941 1 2533999 126330 1.9 28 15 8 16 49% 44240 15603 3057 130%
c - 214.71 39 25 51 245 58946 1 2549619 127667 1.9 27 14 8 16 49% 44240 15603 3057 130%
c ] 214.84 39 25 52 245 58947 1 2551019 128954 1.9 27 14 8 16 49% 44240 15603 3057 130%
c { 214.84 39 13 52 245 58947 2 2551019 128954 1.7 16 9 8 12 46% 44240 15603 3057 130%
c - 216.29 39 15 52 246 61417 2 2565271 129793 1.7 16 10 8 12 46% 44240 15603 3057 130%
c - 217.74 39 16 52 247 63242 2 2580957 130048 1.6 16 10 8 12 46% 44240 15603 3057 130%
c - 219.23 39 17 52 248 65219 3 2596673 129550 1.6 17 10 8 12 46% 44240 15603 3057 130%
c - 220.59 39 17 52 249 66600 3 2612421 129422 1.6 17 10 8 12 46% 44240 15603 3057 130%
c - 221.82 39 17 52 250 67243 3 2628204 129243 1.6 17 10 8 12 46% 44240 15603 3057 130%
c - 223.07 39 17 52 251 67889 3 2644016 129570 1.7 17 10 8 12 46% 44240 15603 3057 130%
c
c  seconds    switched      rate            size/glue  tier1     binary         remaining
c          MB   reductions     conflicts          size   tier2       irredundant
c           level     restarts        redundant      glue    trail         variables
c
c - 224.34 39 17 52 252 68815 3 2659858 131280 1.7 17 10 8 12 46% 44240 15603 3057 130%
c - 225.66 39 18 52 253 69970 3 2675732 136226 1.7 17 10 8 12 46% 44240 15603 3057 130%
c u 227.04 39 18 52 253 70806 3 2685389 139746 1.7 17 10 8 12 46% 44240 15603 3057 130%
c v 227.54 39 18 52 253 70806 3 2685389 137988 1.7 17 10 8 12 46% 44240 15603 3057 130%
c w 227.72 39 18 52 253 70806 3 2685389 137809 1.7 17 10 8 12 46% 44240 15603 3057 130%
c - 228.30 39 18 52 254 71131 3 2691637 134279 1.7 17 10 8 12 46% 44240 15603 3057 130%
c } 228.88 39 18 53 254 71552 3 2698807 140831 1.7 17 10 8 12 46% 44240 15603 3057 130%
c [ 228.88 39 25 53 254 71552 1 2698807 140831 1.9 27 14 8 16 49% 44240 15603 3057 130%
c W 229.86 39 25 53 254 71552 1 2698807 140831 1.9 27 14 8 16 49% 44240 15603 3057 130%
c - 230.53 39 25 53 255 71558 1 2707575 137184 1.9 27 14 8 16 49% 44240 15603 3057 130%
c - 231.76 39 24 53 256 71566 1 2723544 139671 1.9 26 14 8 16 49% 44240 15603 3057 130%
c - 233.07 39 23 53 257 71572 1 2739544 141515 1.9 26 14 8 16 49% 44240 15603 3057 130%
c - 234.50 39 22 53 258 71580 1 2755576 141915 1.9 25 13 8 16 49% 44240 15603 3057 130%
c - 235.96 39 22 53 259 71582 1 2771638 142931 1.9 25 13 8 16 48% 44240 15603 3057 130%
c - 237.47 39 21 53 260 71588 1 2787732 141171 1.9 24 13 8 15 48% 44240 15603 3057 130%
c - 239.00 39 21 53 261 71596 1 2803857 138738 1.9 24 13 8 15 48% 44240 15603 3057 130%
c - 240.56 39 20 53 262 71603 1 2820015 137460 1.9 24 13 8 15 48% 44240 15603 3057 130%
c I 241.77 39 20 53 262 71610 1 2833047 149234 1.9 23 13 8 15 48% 44240 15603 3057 130%
c o 241.77 39 20 53 262 71610 1 2833047 149234 1.9 23 13 8 15 48% 44240 15603 3057 130%
c - 242.05 39 27 53 263 71611 1 2836201 136016 1.8 25 14 8 15 48% 44240 15603 3057 130%
c
c  seconds    switched      rate            size/glue  tier1     binary         remaining
c          MB   reductions     conflicts          size   tier2       irredundant
c           level     restarts        redundant      glue    trail         variables
c
c ] 242.70 39 28 54 263 71612 1 2844588 144207 1.8 26 14 8 15 48% 44240 15603 3057 130%
c { 242.70 39 18 54 263 71612 3 2844588 144207 1.7 17 10 8 12 46% 44240 15603 3057 130%
c u 243.46 39 19 54 263 71831 3 2845635 141969 1.7 17 10 8 12 46% 44240 15603 3057 130%
c v 244.01 39 19 54 263 71831 3 2845635 134453 1.7 17 10 8 12 46% 44240 15603 3057 130%
c w 244.21 39 19 54 263 71831 3 2845635 129715 1.7 17 10 8 12 46% 44240 15603 3057 130%
c - 245.56 39 21 54 264 73269 4 2852420 120928 1.7 18 11 8 12 46% 44240 15603 3057 130%
c - 248.16 39 27 54 265 76719 5 2868669 120846 1.7 20 12 8 12 46% 44240 15603 3057 130%
c - 250.83 39 31 54 266 80057 6 2884948 119098 1.7 22 12 8 12 46% 44240 15603 3057 130%
c - 253.51 39 35 54 267 83292 7 2901259 116131 1.8 23 13 8 12 46% 44240 15603 3057 130%
c - 256.11 39 38 54 268 86262 8 2917599 112803 1.8 24 14 8 12 46% 44240 15603 3057 130%
c - 258.50 39 41 54 269 88679 8 2933969 111176 1.8 25 14 8 12 46% 44240 15603 3057 130%
c - 261.07 39 43 54 270 91329 8 2950370 111349 1.8 26 14 8 12 46% 44240 15603 3057 130%
c - 263.35 39 44 54 271 93235 8 2966801 112148 1.9 27 15 8 12 46% 44240 15603 3057 130%
c - 265.62 39 46 54 272 95017 8 2983264 113101 1.9 28 15 8 12 46% 44240 15603 3057 130%
c - 267.84 39 47 54 273 96645 8 2999756 113437 1.9 29 15 8 12 46% 44240 15603 3057 130%
c } 268.28 39 47 55 273 97037 8 3002982 116638 1.9 29 15 8 12 46% 44240 15603 3057 130%
c [ 268.28 39 28 55 273 97037 1 3002982 116638 1.8 26 14 8 15 48% 44240 15603 3057 130%
c B 268.28 39 28 55 273 97037 1 3002982 116638 1.8 26 14 8 15 48% 44240 15603 3057 130%
c u 269.64 39 28 55 273 97042 1 3011005 122717 1.9 26 14 8 15 48% 44240 15603 3057 130%
c v 270.32 39 28 55 273 97042 1 3011005 122281 1.9 26 14 8 15 48% 44240 15603 3057 130%
c
c  seconds    switched      rate            size/glue  tier1     binary         remaining
c          MB   reductions     conflicts          size   tier2       irredundant
c           level     restarts        redundant      glue    trail         variables
c
c w 270.57 39 28 55 273 97042 1 3011005 121304 1.9 26 14 8 15 48% 44240 15603 3057 130%
c - 271.27 39 27 55 274 97044 1 3016278 112667 1.9 26 14 8 15 48% 44240 15603 3057 130%
c - 272.63 39 26 55 275 97051 1 3032831 116207 1.9 26 14 8 15 48% 44240 15603 3057 130%
c - 274.15 39 25 55 276 97060 1 3049415 119934 1.9 26 14 8 15 48% 44240 15603 3057 130%
c - 275.69 39 25 55 277 97066 1 3066030 119571 1.9 25 14 8 15 48% 44240 15603 3057 130%
c - 277.24 39 23 55 278 97067 1 3082673 119651 1.9 25 13 8 15 48% 44240 15603 3057 130%
c - 278.93 39 22 55 279 97077 1 3099347 120416 1.9 24 13 8 15 48% 44240 15603 3057 130%
c - 280.43 39 23 55 280 97082 1 3116052 117435 1.9 25 13 8 15 48% 44240 15603 3057 130%
c - 281.99 39 22 55 281 97092 1 3132785 116742 2.0 25 13 8 15 49% 44240 15603 3057 130%
c - 283.50 39 21 55 282 97097 1 3149549 118601 2.0 25 13 8 15 49% 44240 15603 3057 130%
c W 284.97 39 21 55 282 97098 1 3151171 120180 2.0 25 13 8 15 49% 44240 15603 3057 130%
c o 284.97 39 21 55 282 97098 1 3151171 120180 2.0 25 13 8 15 49% 44240 15603 3057 130%
c - 286.08 39 25 55 283 97098 1 3166345 114734 1.9 25 13 8 15 49% 44240 15603 3057 130%
c u 287.97 39 25 55 283 97099 1 3181521 124829 1.9 25 13 8 15 48% 44240 15603 3057 130%
c v 288.58 39 25 55 283 97099 1 3181521 122947 1.9 25 13 8 15 48% 44240 15603 3057 130%
c w 288.80 39 25 55 283 97099 1 3181521 122382 1.9 25 13 8 15 48% 44240 15603 3057 130%
c - 289.00 39 25 55 284 97099 1 3183169 106056 1.9 25 13 8 15 48% 44240 15603 3057 130%
c - 290.42 39 24 55 285 97100 1 3200021 108953 1.9 24 13 8 15 48% 44240 15603 3057 130%
c - 292.09 39 23 55 286 97110 1 3216905 109847 1.9 24 13 8 15 48% 44240 15603 3057 130%
c - 293.67 39 22 55 287 97116 1 3233817 109939 1.9 24 13 8 15 48% 44240 15603 3057 130%
c
c  seconds    switched      rate            size/glue  tier1     binary         remaining
c          MB   reductions     conflicts          size   tier2       irredundant
c           level     restarts        redundant      glue    trail         variables
c
c - 295.20 39 22 55 288 97126 1 3250758 110450 1.9 24 13 8 15 48% 44240 15603 3057 130%
c - 296.75 39 22 55 289 97130 1 3267729 110289 1.8 24 13 8 15 47% 44240 15603 3057 130%
c ] 297.96 39 22 56 289 97130 1 3280345 122074 1.8 24 13 8 15 47% 44240 15603 3057 130%
c { 297.96 39 47 56 289 97130 8 3280345 122074 1.9 29 15 8 12 46% 44240 15603 3057 130%
c - 298.35 39 46 56 290 97131 8 3284730 111164 1.9 29 15 8 12 46% 44240 15603 3057 130%
c - 299.85 39 41 56 291 97131 7 3301760 115361 1.9 27 14 8 12 46% 44240 15603 3057 130%
c - 301.41 39 37 56 292 97131 6 3318819 118251 1.9 26 14 8 12 46% 44240 15603 3057 130%
c - 302.87 39 34 56 293 97135 5 3335908 120315 1.9 25 13 8 12 46% 44240 15603 3057 130%
c - 304.22 39 31 56 294 97158 5 3353025 120774 1.9 24 13 8 12 46% 44240 15603 3057 130%
c u 305.18 39 30 56 294 97158 4 3357204 117190 1.9 23 13 8 12 46% 44240 15603 3057 130%
c v 305.78 39 30 56 294 97158 4 3357204 113863 1.9 23 13 8 12 46% 44240 15603 3057 130%
c w 305.99 39 30 56 294 97158 4 3357204 112350 1.9 23 13 8 12 46% 44240 15603 3057 130%
c - 307.02 39 29 56 295 97235 4 3370172 113325 1.9 23 12 8 12 46% 44240 15603 3057 130%
c - 308.41 39 27 56 296 97240 4 3387347 117713 1.8 22 12 8 12 46% 44240 15603 3057 130%
c o 308.76 39 26 56 296 97276 4 3391775 121817 1.8 22 12 8 12 46% 44240 15603 3057 130%
c - 309.76 39 26 56 297 97384 3 3404551 120157 1.8 22 12 8 12 46% 44240 15603 3057 130%
c - 311.09 39 25 56 298 97611 3 3421784 122084 1.8 22 12 8 12 46% 44240 15603 3057 130%
c - 312.44 39 24 56 299 97858 3 3439047 123816 1.8 21 12 8 12 46% 44240 15603 3057 130%
c } 313.27 39 23 57 299 97991 3 3449687 133607 1.8 21 12 8 12 46% 44240 15603 3057 130%
c [ 313.27 39 22 57 299 97991 1 3449687 133607 1.8 24 13 8 15 47% 44240 15603 3057 130%
c
c  seconds    switched      rate            size/glue  tier1     binary         remaining
c          MB   reductions     conflicts          size   tier2       irredundant
c           level     restarts        redundant      glue    trail         variables
c
c O 313.27 39 22 57 299 97991 1 3449687 133607 1.8 24 13 8 15 47% 44240 15603 3057 130%
c - 313.88 39 22 57 300 97996 1 3456338 124718 1.8 23 13 8 15 47% 44240 15603 3057 130%
c - 315.44 39 21 57 301 98004 1 3473658 125733 1.8 23 13 8 15 47% 44240 15603 3057 130%
c - 317.13 39 21 57 302 98012 1 3491008 125791 1.8 23 13 8 15 47% 44240 15603 3057 130%
c - 318.92 39 21 57 303 98020 1 3508387 126232 1.8 23 13 8 15 47% 44240 15603 3057 130%
c - 320.84 39 20 57 304 98021 1 3525796 127257 1.8 23 12 8 15 47% 44240 15603 3057 130%
c u 322.69 39 20 57 304 98027 1 3538084 133680 1.8 23 12 8 15 47% 44240 15603 3057 130%
c v 323.34 39 20 57 304 98027 1 3538084 120711 1.8 23 12 8 15 47% 44240 15603 3057 130%
c w 323.58 39 20 57 304 98027 1 3538084 112828 1.8 23 12 8 15 47% 44240 15603 3057 130%
c - 324.06 39 20 57 305 98028 1 3543232 110114 1.8 23 12 8 15 47% 44240 15603 3057 130%
c - 325.57 39 20 57 306 98036 1 3560700 120788 1.8 23 12 7 15 47% 44240 15603 3057 130%
c - 327.22 39 19 57 307 98045 1 3578192 126788 1.8 23 12 7 15 47% 44240 15603 3057 130%
c ] 328.92 39 19 58 307 98051 1 3595133 142499 1.8 22 12 7 15 47% 44240 15603 3057 130%
c { 328.92 39 23 58 307 98051 3 3595133 142499 1.8 21 12 8 12 46% 44240 15603 3057 130%
c - 329.01 39 23 58 308 98064 3 3595713 129868 1.8 21 12 8 12 46% 44240 15603 3057 130%
c - 330.45 39 23 58 309 98443 3 3613264 131513 1.8 21 12 8 12 46% 44240 15603 3057 130%
c - 331.80 39 22 58 310 98606 3 3630842 132535 1.8 20 11 8 12 46% 44240 15603 3057 130%
c o 332.75 39 21 58 310 98743 3 3643496 144077 1.8 20 11 8 12 46% 44240 15603 3057 130%
c - 333.14 39 21 58 311 98800 3 3648448 133934 1.8 20 11 8 12 46% 44240 15603 3057 130%
c - 334.48 39 20 58 312 99028 2 3666083 135611 1.8 20 11 8 12 46% 44240 15603 3057 130%
c
c  seconds    switched      rate            size/glue  tier1     binary         remaining
c          MB   reductions     conflicts          size   tier2       irredundant
c           level     restarts        redundant      glue    trail         variables
c
c - 335.82 39 20 58 313 99335 2 3683748 136877 1.8 19 11 8 12 46% 44240 15603 3057 130%
c - 337.23 39 20 58 314 99924 2 3701439 139260 1.8 19 11 8 12 46% 44240 15603 3057 130%
c - 338.65 39 20 58 315 100589 2 3719159 142053 1.7 19 11 8 12 46% 44240 15603 3057 130%
c u 339.69 39 20 58 315 100665 2 3724184 146062 1.7 19 11 8 12 46% 44240 15603 3057 130%
c v 340.29 39 20 58 315 100665 2 3724184 144676 1.7 19 11 8 12 46% 44240 15603 3057 130%
c w 340.49 39 20 58 315 100665 2 3724184 144418 1.7 19 11 8 12 46% 44240 15603 3057 130%
c - 341.45 39 19 58 316 100764 2 3736907 142880 1.7 19 11 8 12 46% 44240 15603 3057 130%
c - 342.85 41 19 58 317 101200 2 3754685 117480 1.7 18 11 7 12 46% 44240 15603 3057 130%
c - 344.30 41 19 58 318 101979 2 3772489 111398 1.7 18 11 7 12 46% 44240 15603 3057 130%
c } 344.55 41 19 59 318 102092 2 3775762 114396 1.7 18 11 7 12 46% 44240 15603 3057 130%
c [ 344.55 41 19 59 318 102092 1 3775762 114396 1.8 22 12 7 15 47% 44240 15603 3057 130%
c B 344.55 41 19 59 318 102092 1 3775762 114396 1.8 22 12 7 15 47% 44240 15603 3057 130%
c - 345.70 41 20 59 319 102101 1 3790321 108354 1.8 23 12 7 15 48% 44240 15603 3057 130%
c - 347.23 41 19 59 320 102106 1 3808183 107486 1.8 23 12 7 15 48% 44240 15603 3057 130%
c - 348.88 41 20 59 321 102118 1 3826071 108197 1.8 23 13 7 15 48% 44240 15603 3057 130%
c - 350.52 41 20 59 322 102122 1 3843987 107774 1.8 23 13 7 15 48% 44240 15603 3057 130%
c - 352.35 41 20 59 323 102126 1 3861931 107967 1.8 23 13 7 15 48% 44240 15603 3057 130%
c - 354.18 41 20 59 324 102136 1 3879904 108003 1.8 23 13 7 15 48% 44240 15603 3057 130%
c - 355.89 41 20 59 325 102143 1 3897904 107540 1.8 23 13 7 15 49% 44240 15603 3057 130%
c u 358.26 41 20 59 325 102152 1 3915533 121804 1.8 23 13 7 15 49% 44240 15603 3057 130%
c
c  seconds    switched       rate            size/glue  tier1     binary         remaining
c          MB   reductions      conflicts          size   tier2       irredundant
c           level      restarts        redundant      glue    trail         variables
c
c v 358.95 41 20 59 325 102152 1 3915533 111969 1.8 23 13 7 15 49% 44240 15603 3057 130%
c w 359.19 41 20 59 325 102152 1 3915533 105621 1.8 23 13 7 15 49% 44240 15603 3057 130%
c o 359.23 41 20 59 325 102152 1 3915533 105621 1.8 23 13 7 15 49% 44240 15603 3057 130%
c - 359.28 41 20 59 326 102152 1 3915931 95535 1.8 23 13 7 15 49% 44240 15603 3057 130%
c ] 360.32 41 31 60 326 102153 1 3929813 108994 1.7 25 15 7 15 49% 44240 15603 3057 130%
c { 360.32 41 19 60 326 102153 2 3929813 108994 1.7 18 11 7 12 46% 44240 15603 3057 130%
c - 360.64 41 19 60 327 102206 2 3933987 94441 1.7 18 11 7 12 46% 44240 15603 3057 130%
c - 362.02 41 19 60 328 102693 2 3952071 96902 1.7 18 11 7 12 46% 44240 15603 3057 130%
c - 363.40 41 19 60 329 103275 2 3970185 103093 1.7 18 11 7 12 46% 44240 15603 3057 130%
c - 364.79 41 19 60 330 103814 2 3988323 105477 1.7 18 11 7 12 46% 44240 15603 3057 130%
c - 366.26 41 19 60 331 104532 2 4006488 107251 1.7 18 11 7 12 46% 44240 15603 3057 130%
c - 367.73 41 19 60 332 105282 2 4024682 109471 1.7 18 11 7 12 46% 44240 15603 3057 130%
c - 369.25 41 19 60 333 106138 2 4042902 111076 1.7 18 11 7 12 46% 44240 15603 3057 130%
c - 370.70 41 19 60 334 106773 2 4061150 112435 1.7 18 11 7 12 46% 44240 15603 3057 130%
c - 372.20 41 19 60 335 107606 3 4079425 112864 1.7 18 11 7 12 46% 44240 15603 3057 130%
c - 373.68 41 19 60 336 108040 2 4097728 113254 1.7 18 11 7 12 46% 44240 15603 3057 130%
c u 375.43 41 19 60 336 108386 2 4112153 123580 1.7 18 11 7 12 46% 44240 15603 3057 130%
c v 376.04 41 19 60 336 108386 2 4112153 120729 1.7 18 11 7 12 46% 44240 15603 3057 130%
c w 376.25 41 19 60 336 108386 2 4112153 120302 1.7 18 11 7 12 46% 44240 15603 3057 130%
c - 376.64 41 19 60 337 108539 2 4116061 108497 1.7 18 11 7 12 46% 44240 15603 3057 130%
c
c  seconds    switched       rate            size/glue  tier1     binary         remaining
c          MB   reductions      conflicts          size   tier2       irredundant
c           level      restarts        redundant      glue    trail         variables
c
c } 377.13 41 19 61 337 108720 2 4122065 113965 1.7 18 11 7 12 46% 44240 15603 3057 130%
c [ 377.13 41 31 61 337 108720 1 4122065 113965 1.7 25 15 7 15 49% 44240 15603 3057 130%
c W 378.88 41 31 61 337 108720 1 4122065 113965 1.7 25 15 7 15 49% 44240 15603 3057 130%
c - 379.80 41 31 61 338 108727 1 4134420 108851 1.7 25 15 7 15 49% 44240 15603 3057 130%
c - 381.30 41 29 61 339 108734 1 4152806 109852 1.7 25 14 7 15 49% 44240 15603 3057 130%
c - 382.87 41 27 61 340 108744 1 4171218 111033 1.7 24 14 7 15 49% 44240 15603 3057 130%
c - 384.50 41 26 61 341 108750 1 4189658 111956 1.8 24 14 7 15 49% 44240 15603 3057 130%
c - 386.21 41 25 61 342 108753 1 4208124 109925 1.8 24 14 7 15 49% 44240 15603 3057 130%
c - 388.02 41 24 61 343 108764 1 4226617 108467 1.8 24 13 7 15 48% 44240 15603 3057 130%
c - 389.71 41 24 61 344 108772 1 4245137 108383 1.8 24 13 7 15 48% 44240 15603 3057 130%
c - 391.43 41 24 61 345 108780 1 4263687 106270 1.8 24 13 7 15 49% 44240 15603 3057 130%
c - 393.25 41 23 61 346 108781 1 4282261 105216 1.8 24 13 7 15 48% 44240 15603 3057 130%
c ] 394.32 41 23 62 346 108782 1 4292793 115189 1.8 24 13 7 15 48% 44240 15603 3057 130%
c { 394.32 41 19 62 346 108782 2 4292793 115189 1.7 18 11 7 12 46% 44240 15603 3057 130%
c o 394.33 41 19 62 346 108784 2 4292824 115220 1.7 18 11 7 12 46% 44240 15603 3057 130%
c - 395.04 41 19 62 347 109338 3 4300862 106066 1.7 18 11 7 12 46% 44240 15603 3057 130%
c u 396.75 41 19 62 347 109733 2 4314068 114942 1.7 18 11 7 12 46% 44240 15603 3057 130%
c v 397.45 41 19 62 347 109733 2 4314068 108894 1.7 18 11 7 12 46% 44240 15603 3057 130%
c w 397.69 41 19 62 347 109733 2 4314068 104076 1.7 18 11 7 12 46% 44240 15603 3057 130%
c - 398.18 41 19 62 348 109969 3 4319490 97698 1.7 18 11 7 12 46% 44240 15603 3057 130%
c
c  seconds    switched       rate            size/glue  tier1     binary         remaining
c          MB   reductions      conflicts          size   tier2       irredundant
c           level      restarts        redundant      glue    trail         variables
c
c - 399.72 41 19 62 349 111004 3 4338146 102963 1.7 18 11 7 12 46% 44240 15603 3057 130%
c - 401.14 41 19 62 350 111570 3 4356827 105504 1.7 18 11 7 12 46% 44240 15603 3057 130%
c - 402.63 41 19 62 351 112207 3 4375535 107278 1.7 18 11 7 12 46% 44240 15603 3057 130%
c - 404.11 41 19 62 352 112777 2 4394269 109303 1.7 18 11 7 12 46% 44240 15603 3057 130%
c - 405.61 41 19 62 353 113638 3 4413032 111725 1.7 18 11 7 12 46% 44240 15603 3057 130%
c - 407.06 41 19 62 354 114210 2 4431820 113644 1.7 18 11 7 12 46% 44240 15603 3057 130%
c - 408.53 41 19 62 355 114734 2 4450635 115170 1.7 18 11 7 12 46% 44240 15603 3057 130%
c - 409.99 41 19 62 356 115331 2 4469477 116370 1.7 18 10 7 12 46% 44240 15603 3057 130%
c - 411.59 41 19 62 357 116291 3 4488344 118193 1.7 18 11 7 12 46% 44240 15603 3057 130%
c } 412.26 41 19 63 357 116490 2 4497003 125972 1.7 18 11 7 12 46% 44240 15603 3057 130%
c [ 412.26 41 23 63 357 116490 1 4497003 125972 1.8 24 13 7 15 48% 44240 15603 3057 130%
c I 412.26 41 23 63 357 116490 1 4497003 125972 1.8 24 13 7 15 48% 44240 15603 3057 130%
c - 413.06 41 24 63 358 116496 1 4507240 116860 1.8 25 14 7 15 48% 44240 15603 3057 130%
c u 414.84 41 24 63 358 116503 1 4521306 128336 1.8 25 14 7 15 48% 44240 15603 3057 130%
c v 415.50 41 24 63 358 116503 1 4521306 128090 1.8 25 14 7 15 48% 44240 15603 3057 130%
c w 415.74 41 24 63 358 116503 1 4521306 125464 1.8 25 14 7 15 48% 44240 15603 3057 130%
c - 416.20 41 24 63 359 116504 1 4526161 109439 1.8 25 14 7 15 48% 44240 15603 3057 130%
c - 417.79 41 23 63 360 116514 1 4545108 110765 1.8 25 14 7 15 48% 44240 15603 3057 130%
c - 419.60 41 23 63 361 116520 1 4564081 112720 1.9 25 13 7 15 48% 44240 15603 3057 130%
c - 421.52 41 22 63 362 116523 1 4583081 113401 1.9 24 13 7 15 48% 44240 15603 3057 130%
c
c  seconds    switched       rate            size/glue  tier1     binary         remaining
c          MB   reductions      conflicts          size   tier2       irredundant
c           level      restarts        redundant      glue    trail         variables
c
c - 423.37 41 21 63 363 116534 1 4602107 113519 1.9 24 13 7 15 47% 44240 15603 3057 130%
c - 425.16 41 22 63 364 116542 1 4621159 111193 1.9 24 13 7 15 47% 44240 15603 3057 130%
c - 426.91 41 21 63 365 116550 1 4640237 111661 1.9 24 13 7 15 48% 44240 15603 3057 130%
c - 428.70 41 22 63 366 116551 1 4659342 111115 1.9 24 13 7 15 48% 44240 15603 3057 130%
c ] 430.59 41 22 64 366 116552 1 4678054 129059 1.8 25 13 7 15 48% 44240 15603 3057 130%
c { 430.59 41 19 64 366 116552 2 4678054 129059 1.7 18 11 7 12 46% 44240 15603 3057 130%
c o 430.59 41 19 64 366 116557 2 4678096 129101 1.7 18 11 7 12 46% 44240 15603 3057 130%
c - 430.66 41 19 64 367 116612 3 4678473 108029 1.7 18 11 7 12 46% 44240 15603 3057 130%
c - 432.21 41 19 64 368 117223 2 4697634 108598 1.7 18 10 7 12 46% 44240 15603 3057 130%
c - 433.77 41 19 64 369 117974 2 4716817 111654 1.7 18 10 7 12 46% 44240 15603 3057 130%
c u 435.97 41 19 64 369 119005 3 4733893 123847 1.7 18 11 7 12 46% 44240 15603 3057 130%
c v 436.68 41 19 64 369 119005 3 4733893 118404 1.7 18 11 7 12 46% 44240 15603 3057 130%
c w 436.94 41 19 64 369 119005 3 4733893 118209 1.7 18 11 7 12 46% 44240 15603 3057 130%
c - 439.97 41 19 64 370 119091 3 4736028 107642 1.7 18 11 7 12 46% 44240 15603 3057 130%
c - 441.55 41 19 64 371 119759 3 4755263 112084 1.7 18 11 7 12 46% 44240 15603 3057 130%
c - 443.19 41 19 64 372 120820 3 4774524 114465 1.7 18 11 7 12 46% 44240 15603 3057 130%
c - 444.76 41 19 64 373 121406 3 4793813 116234 1.7 18 11 7 12 46% 44240 15603 3057 130%
c - 446.34 41 19 64 374 121972 3 4813126 117928 1.7 18 11 7 12 46% 44240 15603 3057 130%
c - 447.95 41 19 64 375 122657 3 4832465 119830 1.7 18 11 7 12 46% 44240 15603 3057 130%
c - 449.63 41 19 64 376 123591 3 4851829 121894 1.7 18 11 7 12 46% 44240 15603 3057 130%
c
c  seconds    switched       rate            size/glue  tier1     binary         remaining
c          MB   reductions      conflicts          size   tier2       irredundant
c           level      restarts        redundant      glue    trail         variables
c
c - 451.29 41 19 64 377 124235 3 4871219 123071 1.7 18 11 7 12 46% 44240 15603 3057 130%
c - 452.83 41 19 64 378 124701 2 4890636 122743 1.7 18 11 7 12 46% 44240 15603 3057 130%
c } 453.19 41 19 65 378 124925 3 4894552 126371 1.7 18 11 7 12 46% 44240 15603 3057 130%
c [ 453.19 41 22 65 378 124925 1 4894552 126371 1.8 25 13 7 15 48% 44240 15603 3057 130%
c B 453.19 41 22 65 378 124925 1 4894552 126371 1.8 25 13 7 15 48% 44240 15603 3057 130%
c - 454.46 41 23 65 379 124934 1 4910078 119842 1.9 25 14 7 15 48% 44240 15603 3057 130%
c - 456.20 41 23 65 380 124942 1 4929547 116556 1.9 26 14 7 15 47% 44240 15603 3057 130%
c - 458.07 41 22 65 381 124953 1 4949041 117721 1.9 26 13 7 15 47% 44240 15603 3057 130%
c u 458.93 41 22 65 381 124953 1 4951828 119935 1.9 26 13 7 15 47% 44240 15603 3057 130%
c v 459.50 41 22 65 381 124953 1 4951828 116889 1.9 26 13 7 15 47% 44240 15603 3057 130%
c w 459.69 41 22 65 381 124953 1 4951828 110382 1.9 26 13 7 15 47% 44240 15603 3057 130%
c - 461.52 41 21 65 382 124955 1 4968561 113451 2.0 25 13 7 15 47% 44240 15603 3057 130%
c - 463.41 41 20 65 383 124962 1 4988106 121417 2.0 25 13 7 15 47% 44240 15603 3057 130%
c - 465.56 41 20 65 384 124970 1 5007677 124827 2.0 25 12 7 15 47% 44240 15603 3057 130%
c - 467.39 41 19 65 385 124982 1 5027277 125069 2.0 24 12 7 15 47% 44240 15603 3057 130%
c - 469.32 41 20 65 386 124986 1 5046898 122242 2.0 24 12 7 15 47% 44240 15603 3057 130%
c - 471.28 41 20 65 387 124987 1 5066544 120889 2.0 24 12 7 15 46% 44240 15603 3057 130%
c - 473.30 41 20 65 388 124987 1 5086216 121460 1.9 24 12 7 15 46% 44240 15603 3057 130%
c W 475.87 41 20 65 388 124987 1 5087692 122828 1.9 24 12 7 15 46% 44240 15603 3057 130%
c o 475.87 41 20 65 388 124987 1 5087692 122828 1.9 24 12 7 15 46% 44240 15603 3057 130%
c
c  seconds    switched       rate            size/glue  tier1     binary         remaining
c          MB   reductions      conflicts          size   tier2       irredundant
c           level      restarts        redundant      glue    trail         variables
c
c ] 475.91 41 20 66 388 124987 1 5088158 123281 1.9 24 12 7 15 46% 44240 15603 3057 130%
c { 475.91 41 19 66 388 124987 3 5088158 123281 1.7 18 11 7 12 46% 44240 15603 3057 130%
c - 477.37 41 18 66 389 125017 2 5105914 122266 1.7 17 11 7 12 46% 44240 15603 3057 130%
c - 478.99 41 17 66 390 125034 2 5125639 123267 1.7 17 10 7 12 46% 44240 15603 3057 130%
c - 480.64 41 16 66 391 125045 2 5145387 123917 1.6 17 10 7 12 47% 44240 15603 3057 130%
c - 482.27 41 15 66 392 125100 2 5165160 125192 1.6 16 10 7 12 47% 44240 15603 3057 130%
c u 483.90 41 15 66 392 125135 2 5175160 129328 1.6 16 10 7 12 47% 44240 15603 3057 130%
c v 484.69 41 15 66 392 125135 2 5175160 124506 1.6 16 10 7 12 47% 44240 15603 3057 130%
c w 484.90 41 15 66 392 125135 2 5175160 124083 1.6 16 10 7 12 47% 44240 15603 3057 130%
c - 485.76 41 14 66 393 125135 2 5184959 120102 1.6 16 10 7 12 47% 44240 15603 3057 130%
c - 487.41 41 14 66 394 125336 2 5204785 123748 1.6 16 10 7 12 47% 44240 15603 3057 130%
c - 489.00 41 13 66 395 125449 1 5224634 128488 1.6 16 9 7 12 46% 44240 15603 3057 130%
c - 490.61 41 13 66 396 125564 1 5244508 131747 1.6 15 9 7 12 46% 44240 15603 3057 130%
c - 492.24 41 13 66 397 125702 1 5264407 134741 1.6 15 9 7 12 46% 44240 15603 3057 130%
c - 493.91 41 12 66 398 125830 1 5284331 137230 1.7 15 9 7 12 46% 44240 15603 3057 130%
c - 495.63 41 12 66 399 126111 1 5304282 138093 1.6 15 9 7 12 46% 44240 15603 3057 130%
c } 496.82 41 12 67 399 126376 1 5317273 149117 1.7 15 9 7 12 46% 44240 15603 3057 130%
c [ 496.82 41 20 67 399 126376 1 5317273 149117 1.9 24 12 7 15 46% 44240 15603 3057 130%
c O 496.82 41 20 67 399 126376 1 5317273 149117 1.9 24 12 7 15 46% 44240 15603 3057 130%
c - 497.34 41 20 67 400 126381 1 5324257 139477 1.9 24 12 7 15 46% 44240 15603 3057 130%
c
c  seconds    switched       rate            size/glue  tier1     binary         remaining
c          MB   reductions      conflicts          size   tier2       irredundant
c           level      restarts        redundant      glue    trail         variables
c
c - 499.09 41 20 67 401 126390 1 5344260 140897 1.9 23 13 7 15 47% 44240 15603 3057 130%
c - 500.94 41 20 67 402 126399 1 5364285 139784 1.9 24 13 7 15 47% 44240 15603 3057 130%
c - 502.79 41 20 67 403 126406 1 5384335 138702 1.9 24 13 7 15 47% 44240 15603 3057 130%
c u 505.43 59 21 67 403 126410 1 5403888 155242 1.8 24 13 7 15 47% 44240 15603 3057 130%
c v 506.24 61 21 67 403 126410 1 5403888 151507 1.8 24 13 7 15 47% 44240 15603 3057 130%
c w 506.53 61 21 67 403 126410 1 5403888 146462 1.8 24 13 7 15 47% 44240 15603 3057 130%
c o 506.58 61 21 67 403 126410 1 5403888 146462 1.8 24 13 7 15 47% 44240 15603 3057 130%
c - 506.64 48 22 67 404 126411 1 5404409 127254 1.8 24 13 7 15 47% 44240 15603 3057 130%
c - 508.31 53 21 67 405 126421 1 5424510 130159 1.8 24 13 7 15 47% 44240 15603 3057 130%
c - 510.24 51 21 67 406 126429 1 5444635 134802 1.8 23 13 7 15 47% 44240 15603 3057 130%
c - 512.25 53 20 67 407 126436 1 5464784 135474 1.8 23 13 7 15 47% 44240 15603 3057 130%
c - 514.26 51 20 67 408 126438 1 5484959 135004 1.8 23 13 7 15 47% 44240 15603 3057 130%
c - 516.39 53 20 67 409 126438 1 5505159 133727 1.8 23 13 7 15 47% 44240 15603 3057 130%
c - 518.56 51 19 67 410 126445 1 5525383 133778 1.8 23 13 7 15 47% 44240 15603 3057 130%
c ] 518.57 51 19 68 410 126445 1 5525460 133852 1.8 23 13 7 15 47% 44240 15603 3057 130%
c { 518.57 51 12 68 410 126445 1 5525460 133852 1.7 15 9 7 12 46% 44240 15603 3057 130%
c - 520.96 53 14 68 411 129730 2 5545631 134875 1.6 16 10 7 12 46% 44240 15603 3057 130%
c - 523.11 47 16 68 412 132173 2 5565907 133768 1.6 16 10 7 12 46% 44240 15603 3057 130%
c - 525.10 53 17 68 413 133728 3 5586204 133595 1.6 17 10 7 12 46% 44240 15603 3057 130%
c - 526.97 53 17 68 414 134886 3 5606527 134005 1.6 17 10 7 12 46% 44240 15603 3057 130%
c
c  seconds    switched       rate            size/glue  tier1     binary         remaining
c          MB   reductions      conflicts          size   tier2       irredundant
c           level      restarts        redundant      glue    trail         variables
c
c - 528.81 53 18 68 415 135881 3 5626873 133908 1.6 17 10 7 12 46% 44240 15603 3057 130%
c u 530.64 55 18 68 415 136263 3 5638039 138900 1.6 17 10 7 12 46% 44240 15603 3057 130%
c v 531.51 56 18 68 415 136263 3 5638039 134866 1.6 17 10 7 12 46% 44240 15603 3057 130%
c w 531.81 56 18 68 415 136263 3 5638039 134459 1.6 17 10 7 12 46% 44240 15603 3057 130%
c - 532.68 51 18 68 416 136621 3 5647245 125458 1.6 17 10 7 12 46% 44240 15603 3057 130%
c - 534.50 53 18 68 417 137534 3 5667641 128845 1.6 17 10 7 12 46% 44240 15603 3057 130%
c - 536.27 53 18 68 418 138342 3 5688064 130754 1.6 17 11 7 12 46% 44240 15603 3057 130%
c - 538.04 53 18 68 419 139085 3 5708509 131615 1.6 17 10 7 12 46% 44240 15603 3057 130%
c o 538.56 51 18 68 419 139344 3 5714492 137058 1.6 17 10 7 12 46% 44240 15603 3057 130%
c - 539.92 53 19 68 420 140220 3 5728979 132251 1.6 17 11 7 12 46% 44240 15603 3057 130%
c - 541.61 53 18 68 421 140781 3 5749472 133091 1.6 17 11 7 12 46% 44240 15603 3057 130%
c } 543.18 53 18 69 421 141457 3 5767521 149627 1.6 17 11 7 12 46% 44240 15603 3057 130%
c [ 543.18 53 19 69 421 141457 1 5767521 149627 1.8 23 13 7 15 47% 44240 15603 3057 130%
c B 543.18 53 19 69 421 141457 1 5767521 149627 1.8 23 13 7 15 47% 44240 15603 3057 130%
c - 543.43 53 20 69 422 141459 1 5769990 133609 1.8 23 13 7 15 47% 44240 15603 3057 130%
c - 545.27 51 20 69 423 141470 1 5790532 131474 1.8 23 13 7 15 47% 44240 15603 3057 130%
c - 547.25 53 20 69 424 141478 1 5811099 128267 1.8 23 13 7 15 47% 44240 15603 3057 130%
c - 549.34 51 19 69 425 141486 1 5831690 126393 1.8 22 13 7 15 47% 44240 15603 3057 130%
c - 551.54 51 20 69 426 141490 1 5852306 123524 1.8 23 13 7 15 47% 44240 15603 3057 130%
c - 553.74 51 19 69 427 141501 1 5872945 121487 1.8 23 13 7 15 47% 44240 15603 3057 130%
c
c  seconds    switched       rate            size/glue  tier1     binary         remaining
c          MB   reductions      conflicts          size   tier2       irredundant
c           level      restarts        redundant      glue    trail         variables
c
c u 555.05 55 19 69 427 141502 1 5877639 123888 1.8 23 13 7 15 47% 44240 15603 3057 130%
c v 555.95 56 19 69 427 141502 1 5877639 116215 1.8 23 13 7 15 47% 44240 15603 3057 130%
c w 556.26 56 19 69 427 141502 1 5877639 109507 1.8 23 13 7 15 47% 44240 15603 3057 130%
c - 557.89 51 19 69 428 141509 1 5893611 109097 1.8 22 12 7 15 47% 44240 15603 3057 130%
c - 559.87 51 19 69 429 141517 1 5914299 113933 1.8 23 13 7 15 47% 44240 15603 3057 130%
c - 561.95 51 21 69 430 141519 1 5935013 110558 1.8 23 13 7 15 47% 44240 15603 3057 130%
c - 564.11 51 22 69 431 141519 1 5955750 105692 1.8 24 13 7 15 47% 44240 15603 3057 130%
c - 566.31 51 22 69 432 141526 1 5976510 106002 1.8 24 14 7 15 47% 44240 15603 3057 130%
c W 569.90 41 23 69 432 141533 1 5984803 113816 1.8 25 14 7 15 47% 44240 15603 3057 130%
c ] 570.48 41 23 70 432 141534 1 5991308 120105 1.8 25 14 7 15 47% 44240 15603 3057 130%
c { 570.48 41 18 70 432 141534 3 5991308 120105 1.6 17 11 7 12 46% 44240 15603 3057 130%
c - 571.52 41 21 70 433 142570 3 5997294 104621 1.7 18 11 7 12 46% 44240 15603 3057 130%
c - 575.06 41 28 70 434 146186 4 6018103 101926 1.7 21 12 7 12 46% 44240 15603 3057 130%
c o 578.07 41 32 70 434 149054 5 6034570 118294 1.7 23 13 7 12 46% 44240 15603 3057 130%
c - 578.95 41 34 70 435 149809 6 6038938 100235 1.7 23 13 7 12 46% 44240 15603 3057 130%
c - 582.81 41 38 70 436 153200 7 6059796 100663 1.8 25 14 7 12 46% 44240 15603 3057 130%
c - 586.28 41 42 70 437 155951 7 6080676 102025 1.8 27 15 7 12 46% 44240 15603 3057 130%
c - 589.62 41 44 70 438 158505 7 6101580 103137 1.8 28 15 7 12 46% 44240 15603 3057 130%
c - 592.71 41 46 70 439 160449 7 6122509 104472 1.9 29 16 7 12 46% 44240 15603 3057 130%
c u 593.91 41 46 70 439 160474 7 6122713 99376 1.9 29 16 7 12 46% 44240 15603 3057 130%
c
c  seconds    switched       rate           size/glue  tier1     binary         remaining
c          MB   reductions      conflicts         size   tier2       irredundant
c           level      restarts        redundant     glue    trail         variables
c
c v 595.07 41 46 70 439 160474 7 6122713 98332 1.9 29 16 7 12 46% 44240 15603 3057 130%
c w 595.48 41 46 70 439 160474 7 6122713 98189 1.9 29 16 7 12 46% 44240 15603 3057 130%
c - 598.49 41 47 70 440 162288 7 6143465 99683 1.9 31 16 7 12 46% 44240 15603 3057 130%
c - 601.47 41 48 70 441 163954 7 6164441 100913 1.9 31 16 7 12 46% 44240 15603 3057 130%
c - 604.42 41 49 70 442 165366 7 6185441 101593 1.9 32 17 7 12 46% 44240 15603 3057 130%
c - 607.22 41 49 70 443 166592 6 6206466 101787 2.0 33 17 7 12 46% 44240 15603 3057 130%
c - 609.89 41 49 70 444 167553 6 6227513 101893 2.0 33 17 7 12 46% 44240 15603 3057 130%
c } 612.47 41 49 71 444 168596 6 6246635 120676 2.0 33 17 7 12 46% 44240 15603 3057 130%
c [ 612.47 41 23 71 444 168596 1 6246635 120676 1.8 25 14 7 15 47% 44240 15603 3057 130%
c I 612.47 41 23 71 444 168596 1 6246635 120676 1.8 25 14 7 15 47% 44240 15603 3057 130%
c - 612.68 41 24 71 445 168597 1 6248584 101442 1.8 26 14 7 15 47% 44240 15603 3057 130%
c - 614.64 41 26 71 446 168609 1 6269679 101471 1.8 27 15 7 15 48% 44240 15603 3057 130%
c - 616.82 41 26 71 447 168617 1 6290797 100931 1.8 27 15 7 15 48% 44240 15603 3057 130%
c - 619.02 41 26 71 448 168625 1 6311940 100036 1.9 28 15 7 15 48% 44240 15603 3057 130%
c - 621.24 41 26 71 449 168630 1 6333106 102394 1.9 28 15 7 15 48% 44240 15603 3057 130%
c - 623.35 41 26 71 450 168641 1 6354296 104298 1.9 27 14 7 15 48% 44240 15603 3057 130%
c u 626.50 41 25 71 450 168648 1 6373262 120635 1.9 27 14 7 15 48% 44240 15603 3057 130%
c v 627.75 41 25 71 450 168648 1 6373262 119370 1.9 27 14 7 15 48% 44240 15603 3057 130%
c w 628.18 41 25 71 450 168648 1 6373262 117455 1.9 27 14 7 15 48% 44240 15603 3057 130%
c o 628.22 41 25 71 450 168648 1 6373262 117455 1.9 27 14 7 15 48% 44240 15603 3057 130%
c
c  seconds    switched       rate            size/glue  tier1     binary         remaining
c          MB   reductions      conflicts          size   tier2       irredundant
c           level      restarts        redundant      glue    trail         variables
c
c - 628.44 41 27 71 451 168650 1 6375509 101379 1.9 27 14 7 15 48% 44240 15603 3057 130%
c - 630.44 41 26 71 452 168657 1 6396747 102337 1.9 27 14 7 15 48% 44240 15603 3057 130%
c - 632.49 41 25 71 453 168658 1 6418009 102712 1.9 26 14 7 15 48% 44240 15603 3057 130%
c - 634.71 41 24 71 454 168658 1 6439292 105146 1.9 26 14 7 15 48% 44240 15603 3057 130%
c - 636.93 41 23 71 455 168669 1 6460601 106363 1.9 25 14 7 15 48% 44240 15603 3057 130%
c B 639.05 41 22 71 455 168677 1 6480603 125491 1.9 25 13 7 15 48% 44240 15603 3057 130%
c - 639.22 41 22 71 456 168678 1 6481931 108563 1.9 25 13 7 15 48% 44240 15603 3057 130%
c - 641.50 41 22 71 457 168688 1 6503285 108797 1.9 25 13 7 15 48% 44240 15603 3057 130%
c - 643.72 41 23 71 458 168689 1 6524662 106716 1.8 25 13 7 15 48% 44240 15603 3057 130%
c - 646.09 41 22 71 459 168703 1 6546063 108250 1.8 24 13 7 15 48% 44240 15603 3057 130%
c - 648.69 41 22 71 460 168711 1 6567488 109252 1.8 24 13 7 15 47% 44240 15603 3057 130%
c - 650.97 41 21 71 461 168719 1 6588935 109742 1.8 24 13 7 15 47% 44240 15603 3057 130%
c - 653.31 41 22 71 462 168721 1 6610407 109692 1.8 25 13 7 15 48% 44240 15603 3057 130%
c ] 654.88 41 22 72 462 168721 1 6623844 122255 1.8 24 13 7 15 48% 44240 15603 3057 130%
c { 654.88 41 49 72 462 168721 6 6623844 122255 2.0 33 17 7 12 46% 44240 15603 3057 130%
c u 656.57 41 48 72 462 168721 6 6629333 126486 2.0 33 16 7 12 46% 44240 15603 3057 130%
c v 657.66 41 48 72 462 168721 6 6629333 124085 2.0 33 16 7 12 46% 44240 15603 3057 130%
c w 658.04 41 48 72 462 168721 6 6629333 119765 2.0 33 16 7 12 46% 44240 15603 3057 130%
c - 658.31 41 47 72 463 168727 5 6631903 104906 2.0 33 16 7 12 46% 44240 15603 3057 130%
c - 660.17 41 41 72 464 168729 5 6653421 110536 2.0 30 15 7 12 46% 44240 15603 3057 130%
c
c  seconds    switched       rate            size/glue  tier1     binary         remaining
c          MB   reductions      conflicts          size   tier2       irredundant
c           level      restarts        redundant      glue    trail         variables
c
c - 662.12 41 36 72 465 168729 4 6674961 115025 1.9 28 14 7 12 46% 44240 15603 3057 130%
c - 664.09 41 32 72 466 168736 3 6696526 117718 1.9 27 14 7 12 46% 44240 15603 3057 130%
c - 665.92 41 30 72 467 168758 3 6718113 119445 2.0 26 13 7 12 46% 44240 15603 3057 130%
c o 666.43 41 29 72 467 168763 3 6723931 125035 2.0 26 13 7 12 46% 44240 15603 3057 130%
c - 667.74 41 28 72 468 168834 3 6739723 119661 1.9 25 13 7 12 46% 44240 15603 3057 130%
c - 669.47 41 25 72 469 168858 3 6761359 120159 1.9 24 13 7 12 46% 44240 15603 3057 130%
c - 671.27 41 24 72 470 168902 2 6783015 120842 1.9 23 12 7 12 46% 44240 15603 3057 130%
c - 673.12 41 22 72 471 169082 2 6804694 106182 1.9 22 12 6 12 46% 44240 15603 3057 130%
c - 674.92 41 21 72 472 169240 2 6826396 102455 1.8 21 12 6 12 46% 44240 15603 3057 130%
c - 676.82 41 21 72 473 169711 2 6848121 101279 1.8 21 11 6 12 46% 44240 15603 3057 130%
c - 678.64 41 20 72 474 170029 2 6869871 101599 1.8 20 11 6 12 46% 44240 15603 3057 130%
c u 681.15 41 20 72 474 170190 2 6890931 116204 1.8 20 11 6 12 46% 44240 15603 3057 130%
c v 681.99 41 20 72 474 170190 2 6890931 108948 1.8 20 11 6 12 46% 44240 15603 3057 130%
c w 682.28 41 20 72 474 170190 2 6890931 108012 1.8 20 11 6 12 46% 44240 15603 3057 130%
c - 682.41 41 20 72 475 170230 2 6891642 90502 1.8 20 11 6 12 46% 44240 15603 3057 130%
c } 682.50 41 20 73 475 170248 2 6892761 91512 1.8 20 11 6 12 46% 44240 15603 3057 130%
c [ 682.50 41 22 73 475 170248 1 6892761 91512 1.8 24 13 7 15 48% 44240 15603 3057 130%
c W 685.99 41 22 73 475 170248 1 6892761 91512 1.8 24 13 7 15 48% 44240 15603 3057 130%
c - 687.82 41 22 73 476 170261 1 6913438 88485 1.8 24 13 7 15 48% 44240 15603 3057 130%
c - 689.95 41 22 73 477 170269 1 6935256 88363 1.8 25 14 7 15 48% 44240 15603 3057 130%
c
c  seconds    switched       rate           size/glue  tier1     binary         remaining
c          MB   reductions      conflicts         size   tier2       irredundant
c           level      restarts        redundant     glue    trail         variables
c
c - 692.28 41 22 73 478 170277 1 6957098 86390 1.8 25 14 7 15 48% 44240 15603 3057 130%
c - 694.74 41 22 73 479 170282 1 6978962 87663 1.8 25 14 7 15 49% 44240 15603 3057 130%
c - 696.95 41 21 73 480 170293 1 7000848 92072 1.8 24 14 7 15 49% 44240 15603 3057 130%
c - 699.07 41 22 73 481 170303 1 7022756 91894 1.8 25 14 7 15 49% 44240 15603 3057 130%
c - 701.26 41 23 73 482 170309 1 7044688 86374 1.8 26 15 7 15 49% 44240 15603 3057 130%
c - 703.44 41 23 73 483 170310 1 7066645 83844 1.8 26 15 7 15 49% 44240 15603 3057 130%
c - 705.69 41 23 73 484 170310 1 7088622 84850 1.8 26 15 7 15 49% 44240 15603 3057 130%
c - 708.03 41 23 73 485 170324 1 7110623 86952 1.8 26 15 7 15 48% 44240 15603 3057 130%
c ] 709.69 41 23 74 485 170328 1 7126278 101712 1.8 26 15 7 15 48% 44240 15603 3057 130%
c { 709.69 41 20 74 485 170328 2 7126278 101712 1.8 20 11 6 12 46% 44240 15603 3057 130%
c o 709.83 41 20 74 485 170348 2 7127750 102976 1.8 20 11 6 12 46% 44240 15603 3057 130%
c - 710.27 41 20 74 486 170484 2 7132645 90737 1.8 20 11 6 12 46% 44240 15603 3057 130%
c - 712.11 41 19 74 487 170958 2 7154691 95521 1.8 19 11 6 12 46% 44240 15603 3057 130%
c u 713.31 41 19 74 487 170988 2 7158075 93338 1.8 19 11 6 12 46% 44240 15603 3057 130%
c v 714.33 41 19 74 487 170988 2 7158075 91989 1.8 19 11 6 12 46% 44240 15603 3057 130%
c w 714.71 41 19 74 487 170988 2 7158075 90770 1.8 19 11 6 12 46% 44240 15603 3057 130%
c - 716.33 41 19 74 488 171461 2 7176760 93358 1.8 19 11 6 12 46% 44240 15603 3057 130%
c - 718.26 41 19 74 489 172263 2 7198850 95685 1.8 19 11 6 12 46% 44240 15603 3057 130%
c - 720.15 41 19 74 490 172879 2 7220965 96622 1.7 19 11 6 12 46% 44240 15603 3057 130%
c - 721.95 41 19 74 491 173419 2 7243100 97715 1.8 19 11 6 12 46% 44240 15603 3057 130%
c
c  seconds    switched       rate           size/glue  tier1     binary         remaining
c          MB   reductions      conflicts         size   tier2       irredundant
c           level      restarts        redundant     glue    trail         variables
c
c - 723.86 41 19 74 492 174243 2 7265258 98511 1.8 19 11 6 12 46% 44240 15603 3057 130%
c - 725.70 41 19 74 493 174850 2 7287439 98905 1.7 18 11 6 12 46% 44240 15603 3057 130%
c - 727.65 41 19 74 494 175794 2 7309642 99080 1.7 18 11 6 12 46% 44240 15603 3057 130%
c - 729.61 41 19 74 495 176619 2 7331868 99995 1.7 18 11 6 12 46% 44240 15603 3057 130%
c - 731.65 41 19 74 496 177606 2 7354117 100404 1.7 18 11 6 12 46% 44240 15603 3057 130%
c - 733.58 41 19 74 497 178286 2 7376388 100471 1.7 18 11 6 12 46% 44240 15603 3057 130%
c - 735.51 41 19 74 498 179152 2 7398681 101198 1.7 18 11 6 12 46% 44240 15603 3057 130%
c } 736.45 41 19 75 498 179702 2 7409104 110868 1.7 18 11 6 12 46% 44240 15603 3057 130%
c [ 736.45 41 23 75 498 179702 1 7409104 110868 1.8 26 15 7 15 48% 44240 15603 3057 130%
c O 736.45 41 23 75 498 179702 1 7409104 110868 1.8 26 15 7 15 48% 44240 15603 3057 130%
c - 737.46 41 23 75 499 179708 1 7420996 100370 1.8 25 14 7 15 48% 44240 15603 3057 130%
c u 739.19 41 22 75 499 179715 1 7430768 105855 1.8 25 14 7 15 48% 44240 15603 3057 130%
c v 740.10 41 22 75 499 179715 1 7430768 102079 1.8 25 14 7 15 48% 44240 15603 3057 130%
c w 740.42 41 22 75 499 179715 1 7430768 97858 1.8 25 14 7 15 48% 44240 15603 3057 130%
c - 744.99 41 23 75 500 179718 1 7443335 85255 1.8 26 15 7 15 48% 44240 15603 3057 130%
c - 747.07 41 23 75 501 179730 1 7465697 83771 1.8 26 15 7 15 49% 44240 15603 3057 130%
c - 749.20 41 23 75 502 179732 1 7488080 86492 1.8 26 14 7 15 49% 44240 15603 3057 130%
c - 751.55 41 23 75 503 179745 1 7510487 88858 1.8 26 14 7 15 49% 44240 15603 3057 130%
c - 753.77 41 22 75 504 179754 1 7532916 89720 1.8 26 14 7 15 49% 44240 15603 3057 130%
c - 756.14 41 23 75 505 179762 1 7555366 88894 1.8 26 14 7 15 49% 44240 15603 3057 130%
c
c  seconds    switched       rate           size/glue  tier1     binary         remaining
c          MB   reductions      conflicts         size   tier2       irredundant
c           level      restarts        redundant     glue    trail         variables
c
c - 758.56 41 22 75 506 179764 1 7577838 89773 1.8 26 14 7 15 49% 44240 15603 3057 130%
c - 760.89 41 23 75 507 179764 1 7600333 89506 1.8 26 14 7 15 49% 44240 15603 3057 130%
c - 763.20 41 22 75 508 179775 1 7622851 88237 1.8 26 14 7 15 49% 44240 15603 3057 130%
c - 765.64 41 22 75 509 179785 1 7645390 89813 1.8 25 14 7 15 49% 44240 15603 3057 130%
c ] 766.91 41 22 76 509 179792 1 7657307 100620 1.8 25 14 7 15 49% 44240 15603 3057 130%
c { 766.91 41 19 76 509 179792 2 7657307 100620 1.7 18 11 6 12 46% 44240 15603 3057 130%
c o 767.03 41 19 76 509 179800 2 7658492 101742 1.7 18 11 6 12 46% 44240 15603 3057 130%
c - 767.90 41 19 76 510 180111 2 7667951 93421 1.7 18 11 6 12 46% 44240 15603 3057 130%
c - 769.82 41 19 76 511 180622 2 7690537 97242 1.7 18 11 6 12 46% 44240 15603 3057 130%
c u 772.18 41 19 76 511 181280 2 7709061 110605 1.7 18 10 6 12 46% 44240 15603 3057 130%
c v 772.92 41 19 76 511 181280 2 7709061 99068 1.7 18 10 6 12 46% 44240 15603 3057 130%
c w 773.18 41 19 76 511 181280 2 7709061 96771 1.7 18 10 6 12 46% 44240 15603 3057 130%
c - 773.82 41 19 76 512 181499 2 7713143 86548 1.7 18 11 6 12 46% 44240 15603 3057 130%
c - 775.78 41 19 76 513 182489 2 7735771 93112 1.7 18 11 6 12 46% 44240 15603 3057 130%
c - 777.73 41 19 76 514 183433 2 7758420 98305 1.7 18 11 6 12 46% 44240 15603 3057 130%
c - 779.71 41 19 76 515 184299 2 7781091 99916 1.7 18 11 6 12 46% 44240 15603 3057 130%
c - 781.62 41 19 76 516 185012 2 7803786 100538 1.7 18 11 6 12 46% 44240 15603 3057 130%
c - 783.58 41 19 76 517 185874 2 7826503 101504 1.7 18 11 6 12 46% 44240 15603 3057 130%
c - 785.59 41 19 76 518 186795 2 7849241 102034 1.7 17 11 6 12 46% 44240 15603 3057 130%
c - 787.63 41 19 76 519 187819 2 7872001 102522 1.7 17 11 6 12 46% 44240 15603 3057 130%
c
c  seconds    switched       rate            size/glue  tier1     binary         remaining
c          MB   reductions      conflicts          size   tier2       irredundant
c           level      restarts        redundant      glue    trail         variables
c
c - 789.68 41 19 76 520 188785 2 7894783 103216 1.7 18 11 6 12 46% 44240 15603 3057 130%
c - 791.65 41 19 76 521 189578 2 7917589 103886 1.7 18 11 6 12 46% 44240 15603 3057 130%
c - 793.59 41 18 76 522 190490 2 7940415 103974 1.7 17 11 6 12 46% 44240 15603 3057 130%
c } 794.77 41 19 77 522 190978 2 7954357 116637 1.7 17 11 6 12 46% 44240 15603 3057 130%
c [ 794.77 41 22 77 522 190978 1 7954357 116637 1.8 25 14 7 15 49% 44240 15603 3057 130%
c B 794.77 41 22 77 522 190978 1 7954357 116637 1.8 25 14 7 15 49% 44240 15603 3057 130%
c - 795.52 41 21 77 523 190984 1 7963263 104075 1.8 24 14 7 15 49% 44240 15603 3057 130%
c - 797.54 41 21 77 524 190992 1 7986132 102775 1.8 24 13 7 15 49% 44240 15603 3057 130%
c u 799.07 41 21 77 524 190997 1 7992954 105364 1.8 24 13 7 15 49% 44240 15603 3057 130%
c v 800.04 41 21 77 524 190997 1 7992954 99983 1.8 24 13 7 15 49% 44240 15603 3057 130%
c w 800.39 41 21 77 524 190997 1 7992954 98065 1.8 24 13 7 15 49% 44240 15603 3057 130%
c - 802.01 41 20 77 525 191006 1 8009023 92189 1.8 24 13 7 15 49% 44240 15603 3057 130%
c - 804.23 41 22 77 526 191008 1 8031937 92076 1.8 24 14 7 15 48% 44240 15603 3057 130%
c - 806.57 41 22 77 527 191021 1 8054871 89329 1.8 25 14 7 15 48% 44240 15603 3057 130%
c - 808.98 41 22 77 528 191030 1 8077827 91223 1.8 25 14 7 15 48% 44240 15603 3057 130%
c - 811.41 41 22 77 529 191038 1 8100805 93299 1.8 25 14 7 15 48% 44240 15603 3057 130%
c - 813.73 41 21 77 530 191040 1 8123806 96240 1.8 25 14 7 15 48% 44240 15603 3057 130%
c - 816.07 41 21 77 531 191040 1 8146827 97115 1.8 24 13 7 15 48% 44240 15603 3057 130%
c - 818.30 41 23 77 532 191053 1 8169871 93249 1.8 26 14 7 15 48% 44240 15603 3057 130%
c - 820.65 41 25 77 533 191062 1 8192936 87273 1.9 27 15 6 15 49% 44240 15603 3057 130%
c
c  seconds    switched       rate            size/glue  tier1     binary         remaining
c          MB   reductions      conflicts          size   tier2       irredundant
c           level      restarts        redundant      glue    trail         variables
c
c ] 822.62 41 25 78 533 191070 1 8212316 105778 1.9 28 15 6 15 49% 44240 15603 3057 130%
c { 822.62 41 19 78 533 191070 2 8212316 105778 1.7 17 11 6 12 46% 44240 15603 3057 130%
c o 822.64 41 19 78 533 191085 2 8212400 105860 1.7 17 11 6 12 46% 44240 15603 3057 130%
c - 823.00 41 19 78 534 191287 3 8216022 87030 1.7 17 11 6 12 46% 44240 15603 3057 130%
c - 825.00 41 19 78 535 192240 3 8239132 94228 1.7 18 11 6 12 46% 44240 15603 3057 130%
c - 827.00 41 19 78 536 193272 3 8262263 100687 1.6 17 11 6 12 46% 44240 15603 3057 130%
c u 829.74 41 19 78 536 194079 3 8282447 113966 1.7 18 11 6 12 46% 44240 15603 3057 130%
c v 830.86 41 19 78 536 194079 3 8282447 110803 1.7 18 11 6 12 46% 44240 15603 3057 130%
c w 831.24 41 19 78 536 194079 3 8282447 110191 1.7 18 11 6 12 46% 44240 15603 3057 130%
c - 831.55 41 19 78 537 194225 3 8285415 94664 1.7 18 11 6 12 46% 44240 15603 3057 130%
c - 833.51 41 19 78 538 195141 3 8308588 98097 1.7 18 11 6 12 46% 44240 15603 3057 130%
c - 835.50 41 19 78 539 195998 3 8331782 101162 1.7 18 11 6 12 46% 44240 15603 3057 130%
c - 837.52 41 19 78 540 196826 3 8354998 102692 1.7 18 11 6 12 46% 44240 15603 3057 130%
c - 839.57 41 19 78 541 197527 2 8378235 103816 1.7 18 11 6 12 46% 44240 15603 3057 130%
c - 841.72 41 19 78 542 198429 2 8401496 104102 1.7 18 11 6 12 46% 44240 15603 3057 130%
c - 843.80 41 19 78 543 199101 2 8424777 103523 1.7 18 11 6 12 46% 44240 15603 3057 130%
c - 845.92 41 19 78 544 199992 2 8448080 103254 1.7 18 11 6 12 46% 44240 15603 3057 130%
c - 847.98 41 19 78 545 200617 2 8471404 103683 1.7 18 11 6 12 46% 44240 15603 3057 130%
c - 850.10 41 19 78 546 201541 2 8494749 104514 1.7 18 11 6 12 46% 44240 15603 3057 130%
c - 852.05 41 18 78 547 201941 2 8518116 105487 1.7 18 10 6 12 46% 44240 15603 3057 130%
c
c  seconds    switched       rate            size/glue  tier1     binary         remaining
c          MB   reductions      conflicts          size   tier2       irredundant
c           level      restarts        redundant      glue    trail         variables
c
c } 852.56 41 18 79 547 202157 2 8523906 110690 1.7 18 10 6 12 46% 44240 15603 3057 130%
c [ 852.56 41 25 79 547 202157 1 8523906 110690 1.9 28 15 6 15 49% 44240 15603 3057 130%
c W 856.81 41 25 79 547 202157 1 8523906 110690 1.9 28 15 6 15 49% 44240 15603 3057 130%
c - 858.40 41 26 79 548 202168 1 8541507 101529 1.8 28 15 6 15 49% 44240 15603 3057 130%
c - 860.75 41 25 79 549 202178 1 8564916 94750 1.8 27 15 6 15 49% 44240 15603 3057 130%
c u 863.21 41 25 79 549 202185 1 8577589 104017 1.8 27 15 6 15 49% 44240 15603 3057 130%
c v 864.31 41 25 79 549 202185 1 8577589 103362 1.8 27 15 6 15 49% 44240 15603 3057 130%
c w 864.71 41 25 79 549 202185 1 8577589 100671 1.8 27 15 6 15 49% 44240 15603 3057 130%
c - 865.92 41 25 79 550 202186 1 8588346 90483 1.8 27 15 6 15 49% 44240 15603 3057 130%
c - 868.33 41 26 79 551 202192 1 8611800 89187 1.8 28 15 6 15 49% 44240 15603 3057 130%
c - 870.80 41 25 79 552 202202 1 8635274 85738 1.8 27 15 6 15 49% 44240 15603 3057 130%
c - 873.29 41 25 79 553 202215 1 8658768 86800 1.8 27 15 6 15 50% 44240 15603 3057 130%
c - 875.85 41 24 79 554 202218 1 8682285 88975 1.8 26 15 6 15 50% 44240 15603 3057 130%
c - 878.32 41 23 79 555 202219 1 8705825 92703 1.8 26 15 6 15 50% 44240 15603 3057 130%
c - 881.00 41 23 79 556 202226 1 8729383 91118 1.8 26 15 6 15 50% 44240 15603 3057 130%
c - 883.58 41 22 79 557 202234 1 8752964 93765 1.8 26 14 6 15 50% 44240 15603 3057 130%
c - 886.01 41 23 79 558 202248 1 8776565 93914 1.8 26 15 6 15 50% 44240 15603 3057 130%
c ] 887.26 41 22 80 558 202250 1 8789122 105887 1.8 26 15 6 15 50% 44240 15603 3057 130%
c { 887.26 41 18 80 558 202250 2 8789122 105887 1.7 18 10 6 12 46% 44240 15603 3057 130%
c o 887.27 41 18 80 558 202258 2 8789172 105937 1.7 18 10 6 12 46% 44240 15603 3057 130%
c
c  seconds    switched       rate           size/glue  tier1     binary         remaining
c          MB   reductions      conflicts         size   tier2       irredundant
c           level      restarts        redundant     glue    trail         variables
c
c - 888.46 41 18 80 559 202820 2 8800189 93560 1.7 18 10 6 12 46% 44240 15603 3057 130%
c - 890.64 41 18 80 560 203834 2 8823832 99120 1.7 18 11 6 12 46% 44240 15603 3057 130%
c - 892.81 41 19 80 561 204800 2 8847496 102151 1.7 18 11 6 12 46% 44240 15603 3057 130%
c - 894.85 41 19 80 562 205524 2 8871181 103198 1.7 18 11 6 12 46% 44240 15603 3057 130%
c u 896.58 41 18 80 562 205734 2 8878382 104787 1.7 18 11 6 12 46% 44240 15603 3057 130%
c v 897.74 41 18 80 562 205734 2 8878382 99567 1.7 18 11 6 12 46% 44240 15603 3057 130%
c w 898.15 41 18 80 562 205734 2 8878382 98859 1.7 18 11 6 12 46% 44240 15603 3057 130%
c - 899.59 41 18 80 563 206156 2 8894888 94044 1.7 17 10 6 12 46% 44240 15603 3057 130%
c - 901.82 41 19 80 564 207544 2 8918615 98467 1.7 18 11 6 12 46% 44240 15603 3057 130%
c - 903.93 41 19 80 565 208545 2 8942363 101922 1.7 18 11 6 12 46% 44240 15603 3057 130%
c - 906.09 41 19 80 566 209526 3 8966132 102897 1.7 17 11 6 12 46% 44240 15603 3057 130%
c - 908.13 41 18 80 567 210270 2 8989922 103973 1.7 17 10 6 12 46% 44240 15603 3057 130%
c - 910.36 41 19 80 568 211475 3 9013733 104782 1.6 17 11 6 12 46% 44240 15603 3057 130%
c - 912.65 41 19 80 569 212688 3 9037565 105285 1.7 18 11 6 12 46% 44240 15603 3057 130%
c - 914.83 41 19 80 570 213619 3 9061418 105476 1.7 18 11 6 12 46% 44240 15603 3057 130%
c - 916.87 41 19 80 571 214151 2 9085292 105823 1.7 18 11 6 12 46% 44240 15603 3057 130%
c - 919.18 41 19 80 572 215206 3 9109187 106004 1.7 18 11 6 12 46% 44240 15603 3057 130%
c } 919.79 41 19 81 572 215418 3 9115567 111969 1.7 18 11 6 12 46% 44240 15603 3057 130%
c [ 919.79 41 22 81 572 215418 1 9115567 111969 1.8 26 15 6 15 50% 44240 15603 3057 130%
c I 919.79 41 22 81 572 215418 1 9115567 111969 1.8 26 15 6 15 50% 44240 15603 3057 130%
c
c  seconds    switched       rate            size/glue  tier1     binary         remaining
c          MB   reductions      conflicts          size   tier2       irredundant
c           level      restarts        redundant      glue    trail         variables
c
c - 921.38 41 23 81 573 215429 1 9133104 104144 1.8 26 15 6 15 49% 44240 15603 3057 130%
c - 923.85 41 21 81 574 215439 1 9157043 103909 1.8 25 14 6 15 49% 44240 15603 3057 130%
c - 926.30 41 21 81 575 215447 1 9181002 106424 1.8 24 13 6 15 48% 44240 15603 3057 130%
c u 927.78 41 21 81 575 215448 1 9184850 106731 1.8 24 13 6 15 48% 44240 15603 3057 130%
c v 928.92 41 21 81 575 215448 1 9184850 93474 1.8 24 13 6 15 48% 44240 15603 3057 130%
c w 929.34 41 21 81 575 215448 1 9184850 91380 1.8 24 13 6 15 48% 44240 15603 3057 130%
c o 929.38 41 21 81 575 215448 1 9184850 91380 1.8 24 13 6 15 48% 44240 15603 3057 130%
c - 931.17 41 39 81 576 215454 1 9204982 88907 1.7 28 17 6 15 48% 44240 15603 3057 130%
c - 933.39 41 36 81 577 215463 1 9228982 87340 1.7 28 16 6 15 47% 44240 15603 3057 130%
c - 935.82 41 33 81 578 215477 1 9253004 89754 1.7 27 16 6 15 47% 44240 15603 3057 130%
c - 938.23 41 31 81 579 215479 1 9277048 93456 1.7 27 16 6 15 47% 44240 15603 3057 130%
c - 940.82 41 28 81 580 215480 1 9301111 97251 1.8 26 15 6 15 47% 44240 15603 3057 130%
c - 943.27 41 27 81 581 215488 1 9325194 100919 1.8 26 15 6 15 47% 44240 15603 3057 130%
c - 945.85 41 25 81 582 215499 1 9349297 103181 1.8 26 14 6 15 47% 44240 15603 3057 130%
c - 948.20 41 24 81 583 215510 1 9373421 102881 1.8 26 14 6 15 48% 44240 15603 3057 130%
c - 950.66 41 24 81 584 215514 1 9397566 99459 1.8 26 14 6 15 48% 44240 15603 3057 130%
c B 951.16 41 24 81 584 215517 1 9402301 103952 1.8 26 14 6 15 48% 44240 15603 3057 130%
c ] 952.35 41 25 82 584 215524 1 9414741 116058 1.9 27 14 6 15 48% 44240 15603 3057 130%
c { 952.35 41 19 82 584 215524 3 9414741 116058 1.7 18 11 6 12 46% 44240 15603 3057 130%
c - 952.94 41 19 82 585 215529 2 9421732 100291 1.7 18 11 6 12 46% 44240 15603 3057 130%
c
c  seconds    switched       rate            size/glue  tier1     binary         remaining
c          MB   reductions      conflicts          size   tier2       irredundant
c           level      restarts        redundant      glue    trail         variables
c
c - 954.93 41 17 82 586 215553 2 9445920 103380 1.7 17 10 6 12 46% 44240 15603 3057 130%
c - 956.79 41 16 82 587 215581 2 9470127 106134 1.7 17 10 6 12 46% 44240 15603 3057 130%
c - 958.76 41 15 82 588 215647 2 9494357 106801 1.6 16 10 6 12 46% 44240 15603 3057 130%
c u 960.04 41 15 82 588 215664 2 9496993 103145 1.6 16 10 6 12 46% 44240 15603 3057 130%
c v 961.09 41 15 82 588 215664 2 9496993 96739 1.6 16 10 6 12 46% 44240 15603 3057 130%
c w 961.29 41 15 82 588 215664 2 9496993 96354 1.6 16 10 6 12 46% 44240 15603 3057 130%
c - 963.08 41 14 82 589 215694 2 9518605 99531 1.6 16 10 6 12 46% 44240 15603 3057 130%
c - 965.04 41 13 82 590 215744 2 9542874 100979 1.6 15 9 6 12 46% 44240 15603 3057 130%
c - 967.17 41 13 82 591 216092 1 9567163 103728 1.6 15 9 6 12 46% 44240 15603 3057 130%
c o 968.97 41 13 82 591 216411 1 9587594 120967 1.6 15 9 6 12 46% 44240 15603 3057 130%
c - 969.32 41 12 82 592 216473 1 9591473 107141 1.6 15 9 6 12 46% 44240 15603 3057 130%
c - 971.39 41 12 82 593 216777 1 9615805 107956 1.6 15 9 6 12 46% 44240 15603 3057 130%
c - 973.48 41 12 82 594 217059 1 9640157 107676 1.6 15 9 6 12 46% 44240 15603 3057 130%
c - 975.65 41 12 82 595 217696 1 9664531 109124 1.6 15 9 6 12 46% 44240 15603 3057 130%
c - 977.85 41 12 82 596 218353 1 9688924 110561 1.6 14 9 6 12 46% 44240 15603 3057 130%
c - 979.85 41 11 82 597 218554 1 9713337 111148 1.6 15 9 6 12 46% 44240 15603 3057 130%
c - 982.08 41 11 82 598 219339 1 9737772 112493 1.6 15 9 6 12 46% 44240 15603 3057 130%
c } 983.80 41 11 83 598 219976 1 9756348 127550 1.6 14 9 6 12 46% 44240 15603 3057 130%
c [ 983.80 41 25 83 598 219976 1 9756348 127550 1.9 27 14 6 15 48% 44240 15603 3057 130%
c W 988.83 41 25 83 598 219976 1 9756348 127550 1.9 27 14 6 15 48% 44240 15603 3057 130%
c
c  seconds    switched       rate            size/glue  tier1     binary         remaining
c          MB   reductions      conflicts          size   tier2       irredundant
c           level      restarts        redundant      glue    trail         variables
c
c - 989.35 41 25 83 599 219980 1 9762226 113521 1.9 27 14 6 15 48% 44240 15603 3057 130%
c - 991.69 41 24 83 600 219990 1 9786700 112458 1.9 27 14 6 15 48% 44240 15603 3057 130%
c - 994.27 41 23 83 601 220004 1 9811195 112997 1.9 26 14 6 15 48% 44240 15603 3057 130%
c u 995.72 41 23 83 601 220005 1 9814836 112816 1.9 26 14 6 15 48% 44240 15603 3057 130%
c v 996.91 41 23 83 601 220005 1 9814836 109331 1.9 26 14 6 15 48% 44240 15603 3057 130%
c w 997.33 41 23 83 601 220005 1 9814836 107208 1.9 26 14 6 15 48% 44240 15603 3057 130%
c - 999.42 41 23 83 602 220006 1 9835711 107235 1.9 26 14 6 15 49% 44240 15603 3057 130%
c - 1001.85 41 22 83 603 220020 1 9860246 107776 1.9 27 14 6 15 49% 44240 15603 3057 130%
c - 1004.54 41 22 83 604 220030 1 9884803 107284 1.9 27 14 6 15 49% 44240 15603 3057 130%
c - 1007.25 41 22 83 605 220037 1 9909380 108563 1.9 27 14 6 15 50% 44240 15603 3057 130%
c - 1009.87 41 23 83 606 220038 1 9933976 108405 1.9 28 14 6 15 50% 44240 15603 3057 130%
c - 1012.61 41 22 83 607 220043 1 9958596 108435 2.0 28 14 6 15 50% 44240 15603 3057 130%
c - 1015.58 41 22 83 608 220053 1 9983233 110141 1.9 27 14 6 15 50% 44240 15603 3057 130%
c - 1018.53 41 22 83 609 220067 1 10007891 111681 1.9 27 14 6 15 49% 44240 15603 3057 130%
c - 1021.19 41 22 83 610 220069 1 10032571 111290 1.9 27 14 6 15 49% 44240 15603 3057 130%
c ] 1022.12 41 22 84 610 220074 1 10041169 119354 1.9 27 14 6 15 49% 44240 15603 3057 130%
c { 1022.13 41 11 84 610 220074 1 10041169 119354 1.6 14 9 6 12 46% 44240 15603 3057 130%
c o 1022.13 41 11 84 610 220082 1 10041213 119398 1.6 14 9 6 12 46% 44240 15603 3057 130%
c - 1024.20 41 13 84 611 222883 2 10057269 111740 1.6 15 9 6 12 46% 44240 15603 3057 130%
c - 1027.00 41 16 84 612 226006 2 10081987 116567 1.6 16 10 6 12 46% 44240 15603 3057 130%
c
c   seconds    switched       rate             size/glue  tier1     binary         remaining
c           MB   reductions      conflicts           size   tier2       irredundant
c            level      restarts         redundant      glue    trail         variables
c
c - 1029.44 41 17 84 613 227831 3 10106726 117266 1.6 16 10 6 12 46% 44240 15603 3057 130%
c - 1031.87 41 17 84 614 229622 3 10131484 118384 1.6 16 10 6 12 46% 44240 15603 3057 130%
c u 1033.81 41 18 84 614 230210 3 10138405 116748 1.6 17 10 6 12 46% 44240 15603 3057 130%
c v 1035.11 41 18 84 614 230210 3 10138405 111244 1.6 17 10 6 12 46% 44240 15603 3057 130%
c w 1035.56 41 18 84 614 230210 3 10138405 111011 1.6 17 10 6 12 46% 44240 15603 3057 130%
c - 1037.32 41 18 84 615 231392 3 10156263 107715 1.6 17 11 6 12 46% 44240 15603 3057 130%
c - 1039.51 41 19 84 616 232377 3 10181062 111904 1.6 17 11 6 12 46% 44240 15603 3057 130%
c - 1041.78 41 19 84 617 233703 3 10205881 113426 1.6 17 11 6 12 46% 44240 15603 3057 130%
c - 1043.98 41 19 84 618 234630 3 10230721 114188 1.6 17 11 6 12 46% 44240 15603 3057 130%
c - 1046.13 41 19 84 619 235340 3 10255580 114560 1.7 18 11 6 12 46% 44240 15603 3057 130%
c - 1048.42 41 19 84 620 236507 3 10280461 115197 1.7 18 11 6 12 46% 44240 15603 3057 130%
c - 1050.52 41 19 84 621 237247 3 10305360 115518 1.7 18 11 6 12 46% 44240 15603 3057 130%
c - 1052.72 41 19 84 622 238042 3 10330279 115075 1.7 18 11 6 12 46% 44240 15603 3057 130%
c - 1054.85 41 19 84 623 238829 3 10355219 114624 1.6 17 11 6 12 46% 44240 15603 3057 130%
c - 1057.00 41 19 84 624 239652 2 10380181 114251 1.6 17 11 6 12 46% 44240 15603 3057 130%
c } 1058.61 41 19 85 624 240453 3 10398247 130757 1.6 18 11 6 12 46% 44240 15603 3057 130%
c [ 1058.61 41 22 85 624 240453 1 10398247 130757 1.9 27 14 6 15 49% 44240 15603 3057 130%
c O 1058.61 41 22 85 624 240453 1 10398247 130757 1.9 27 14 6 15 49% 44240 15603 3057 130%
c - 1059.27 41 21 85 625 240458 1 10405162 113541 1.9 27 14 6 15 49% 44240 15603 3057 130%
c - 1061.67 41 21 85 626 240467 1 10430164 112055 1.9 26 14 6 15 49% 44240 15603 3057 130%
c
c   seconds    switched       rate             size/glue  tier1     binary         remaining
c           MB   reductions      conflicts           size   tier2       irredundant
c            level      restarts         redundant      glue    trail         variables
c
c - 1064.18 41 21 85 627 240481 1 10455183 109162 1.9 25 14 6 15 49% 44240 15603 3057 130%
c u 1066.49 41 20 85 627 240483 1 10467700 117533 1.9 25 13 6 15 49% 44240 15603 3057 130%
c v 1067.68 41 20 85 627 240483 1 10467700 105915 1.9 25 13 6 15 49% 44240 15603 3057 130%
c w 1068.11 41 20 85 627 240483 1 10467700 93840 1.9 25 13 6 15 49% 44240 15603 3057 130%
c o 1068.14 41 20 85 627 240483 1 10467700 93840 1.9 25 13 6 15 49% 44240 15603 3057 130%
c - 1069.23 41 40 85 628 240483 1 10480224 85261 1.6 28 17 6 15 48% 44240 15603 3057 130%
c - 1071.59 41 36 85 629 240498 1 10505284 91951 1.7 27 16 6 15 48% 44240 15603 3057 130%
c - 1074.05 41 32 85 630 240509 1 10530364 99327 1.7 26 16 6 15 48% 44240 15603 3057 130%
c - 1076.57 41 30 85 631 240514 1 10555464 100358 1.7 26 15 6 15 48% 44240 15603 3057 130%
c - 1079.18 41 28 85 632 240515 1 10580584 100873 1.8 26 15 6 15 48% 44240 15603 3057 130%
c - 1081.89 41 26 85 633 240522 1 10605725 104448 1.8 26 14 6 15 48% 44240 15603 3057 130%
c - 1084.60 41 24 85 634 240533 1 10630885 107340 1.8 25 14 6 15 48% 44240 15603 3057 130%
c - 1087.35 41 23 85 635 240545 1 10656064 108413 1.8 25 14 6 15 48% 44240 15603 3057 130%
c - 1090.00 41 22 85 636 240550 1 10681263 107065 1.9 25 14 6 15 49% 44240 15603 3057 130%
c - 1092.84 41 21 85 637 240561 1 10706484 108655 1.9 25 13 6 15 49% 44240 15603 3057 130%
c B 1093.58 41 21 85 637 240564 1 10712829 114770 1.9 25 13 6 15 49% 44240 15603 3057 130%
c ] 1094.98 41 22 86 637 240573 1 10728049 129201 1.9 25 14 6 15 49% 44240 15603 3057 130%
c { 1094.98 41 19 86 637 240573 3 10728049 129201 1.6 18 11 6 12 46% 44240 15603 3057 130%
c - 1095.66 41 20 86 638 241210 3 10731722 107030 1.7 18 11 6 12 46% 44240 15603 3057 130%
c - 1100.32 41 29 86 639 245614 5 10756980 98782 1.7 22 13 6 12 46% 44240 15603 3057 130%
c
c   seconds    switched       rate            size/glue  tier1     binary         remaining
c           MB   reductions      conflicts          size   tier2       irredundant
c            level      restarts         redundant     glue    trail         variables
c
c - 1105.27 41 35 86 640 250017 6 10782258 93956 1.8 24 14 6 12 46% 44240 15603 3057 130%
c u 1110.44 41 39 86 640 253280 7 10802748 110551 1.8 26 15 6 12 46% 44240 15603 3057 130%
c v 1111.83 41 39 86 640 253280 7 10802748 108681 1.8 26 15 6 12 46% 44240 15603 3057 130%
c w 1112.38 41 39 86 640 253280 7 10802748 108597 1.8 26 15 6 12 46% 44240 15603 3057 130%
c - 1113.34 41 40 86 641 253943 7 10807556 88712 1.8 27 15 6 12 46% 44240 15603 3057 130%
c - 1117.87 41 44 86 642 257586 7 10832874 89590 1.8 28 16 6 12 46% 44240 15603 3057 130%
c - 1121.66 41 46 86 643 259813 7 10858212 91139 1.9 30 16 6 12 46% 44240 15603 3057 130%
c - 1125.40 41 47 86 644 261872 7 10883569 92408 1.9 31 16 6 12 46% 44240 15603 3057 130%
c o 1127.31 41 47 86 644 262827 7 10898029 106659 1.9 31 16 6 12 46% 44240 15603 3057 130%
c - 1128.92 41 48 86 645 263583 7 10908947 92731 1.9 32 16 6 12 46% 44240 15603 3057 130%
c - 1132.41 41 49 86 646 265188 6 10934344 92733 1.9 32 17 6 12 46% 44240 15603 3057 130%
c - 1135.76 41 49 86 647 266519 6 10959762 93027 2.0 33 17 6 12 46% 44240 15603 3057 130%
c - 1138.99 41 49 86 648 267760 6 10985198 93980 2.0 33 17 6 12 46% 44240 15603 3057 130%
c - 1142.27 41 49 86 649 269088 5 11010653 93910 2.0 34 17 6 12 46% 44240 15603 3057 130%
c - 1145.52 41 49 86 650 270377 5 11036128 93865 2.0 34 17 6 12 46% 44240 15603 3057 130%
c - 1148.79 41 49 86 651 271618 5 11061624 94045 2.0 35 17 6 12 46% 44240 15603 3057 130%
c - 1152.05 41 49 86 652 272698 5 11087139 94110 2.1 34 17 6 12 46% 44240 15603 3057 130%
c } 1154.03 41 49 87 652 273571 5 11100904 107701 2.0 35 17 6 12 46% 44240 15603 3057 130%
c [ 1154.03 41 22 87 652 273571 1 11100904 107701 1.9 25 14 6 15 49% 44240 15603 3057 130%
c W 1159.92 41 22 87 652 273571 1 11100904 107701 1.9 25 14 6 15 49% 44240 15603 3057 130%
c
c   seconds    switched       rate            size/glue  tier1     binary         remaining
c           MB   reductions      conflicts          size   tier2       irredundant
c            level      restarts         redundant     glue    trail         variables
c
c - 1161.04 41 22 87 653 273577 1 11112674 93535 1.9 26 14 6 15 50% 44240 15603 3057 130%
c - 1163.63 41 22 87 654 273589 1 11138227 92751 1.8 26 14 6 15 50% 44240 15603 3057 130%
c u 1165.78 41 22 87 654 273592 1 11143547 92824 1.8 26 14 6 15 50% 44240 15603 3057 130%
c v 1167.53 41 22 87 654 273592 1 11143547 90855 1.8 26 14 6 15 50% 44240 15603 3057 130%
c w 1168.17 41 22 87 654 273592 1 11143547 88846 1.8 26 14 6 15 50% 44240 15603 3057 130%
c - 1176.23 41 22 87 655 273600 1 11163801 88306 1.8 26 14 6 15 50% 44240 15603 3057 130%
c - 1178.93 41 22 87 656 273607 1 11189394 95801 1.8 25 14 6 15 50% 44240 15603 3057 130%
c - 1181.62 41 21 87 657 273616 1 11215007 99104 1.8 25 14 6 15 50% 44240 15603 3057 130%
c - 1184.36 41 21 87 658 273631 1 11240641 100304 1.8 25 14 6 15 50% 44240 15603 3057 130%
c - 1187.06 41 21 87 659 273633 1 11266293 101776 1.9 25 14 6 15 50% 44240 15603 3057 130%
c - 1190.12 41 20 87 660 273633 1 11291963 103265 1.9 25 13 6 15 50% 44240 15603 3057 130%
c - 1193.13 41 21 87 661 273646 1 11317653 102764 1.9 26 14 6 15 50% 44240 15603 3057 130%
c - 1196.17 41 20 87 662 273656 1 11343362 102884 1.9 25 14 6 15 49% 44240 15603 3057 130%
c - 1199.19 41 20 87 663 273664 1 11369092 106055 1.9 25 13 6 15 49% 44240 15603 3057 130%
c - 1201.98 41 21 87 664 273674 1 11394842 106040 1.9 25 13 6 15 49% 44240 15603 3057 130%
c - 1204.87 41 20 87 665 273685 1 11420610 106053 1.9 25 13 6 15 49% 44240 15603 3057 130%
c I 1206.48 41 20 87 665 273693 1 11434576 118964 1.9 24 13 6 15 49% 44240 15603 3057 130%
c o 1206.48 41 20 87 665 273693 1 11434576 118964 1.9 24 13 6 15 49% 44240 15603 3057 130%
c - 1207.61 41 36 87 666 273695 1 11446397 103235 1.7 28 16 6 15 48% 44240 15603 3057 130%
c - 1210.07 41 35 87 667 273696 1 11472203 95245 1.7 29 17 6 15 48% 44240 15603 3057 130%
c
c   seconds    switched       rate             size/glue  tier1     binary         remaining
c           MB   reductions      conflicts           size   tier2       irredundant
c            level      restarts         redundant      glue    trail         variables
c
c u 1212.70 41 34 87 667 273696 1 11490147 108991 1.7 29 16 6 15 48% 44240 15603 3057 130%
c v 1213.73 41 34 87 667 273696 1 11490147 108722 1.7 29 16 6 15 48% 44240 15603 3057 130%
c w 1214.09 41 34 87 667 273696 1 11490147 108471 1.7 29 16 6 15 48% 44240 15603 3057 130%
c - 1215.20 41 33 87 668 273697 1 11498030 89995 1.8 28 16 6 15 48% 44240 15603 3057 130%
c - 1218.02 41 31 87 669 273697 1 11523876 93541 1.8 28 16 6 15 48% 44240 15603 3057 130%
c - 1220.77 41 29 87 670 273697 1 11549743 98083 1.8 28 15 6 15 48% 44240 15603 3057 130%
c - 1223.72 41 28 87 671 273707 1 11575628 100510 1.9 28 15 6 15 48% 44240 15603 3057 130%
c - 1226.34 41 27 87 672 273719 1 11601532 98153 1.8 28 15 6 15 48% 44240 15603 3057 130%
c - 1228.96 41 27 87 673 273728 1 11627454 94671 1.8 28 15 6 15 48% 44240 15603 3057 130%
c ] 1230.90 41 27 88 673 273731 1 11645556 112216 1.9 29 16 6 15 49% 44240 15603 3057 130%
c { 1230.90 41 49 88 673 273731 5 11645556 112216 2.0 35 17 6 12 46% 44240 15603 3057 130%
c - 1231.72 41 47 88 674 273733 5 11653396 94512 2.1 34 17 6 12 46% 44240 15603 3057 130%
c - 1234.01 41 40 88 675 273741 4 11679357 101267 2.0 31 15 6 12 47% 44240 15603 3057 130%
c - 1236.58 41 35 88 676 273741 3 11705339 109156 2.0 28 14 6 12 47% 44240 15603 3057 130%
c - 1239.11 41 30 88 677 273744 3 11731339 112271 1.9 26 13 6 12 47% 44240 15603 3057 130%
c - 1241.37 41 27 88 678 273804 3 11757359 113159 1.9 24 13 6 12 46% 44240 15603 3057 130%
c - 1243.58 41 25 88 679 273917 2 11783398 113053 1.9 23 12 6 12 46% 44240 15603 3057 130%
c - 1245.78 41 23 88 680 274006 2 11809455 113380 1.8 22 12 6 12 46% 44240 15603 3057 130%
c - 1248.01 41 22 88 681 274237 2 11835532 113837 1.8 21 12 6 12 46% 44240 15603 3057 130%
c u 1249.83 41 21 88 681 274285 2 11842521 112837 1.8 21 12 6 12 46% 44240 15603 3057 130%
c
c   seconds    switched       rate             size/glue  tier1     binary         remaining
c           MB   reductions      conflicts           size   tier2       irredundant
c            level      restarts         redundant      glue    trail         variables
c
c v 1251.15 41 21 88 681 274285 2 11842521 106115 1.8 21 12 6 12 46% 44240 15603 3057 130%
c w 1251.61 41 21 88 681 274285 2 11842521 104319 1.8 21 12 6 12 46% 44240 15603 3057 130%
c - 1253.27 41 21 88 682 274489 2 11861628 103680 1.8 21 11 6 12 46% 44240 15603 3057 130%
c o 1255.21 41 20 88 682 274775 2 11885412 125144 1.8 20 11 6 12 46% 44240 15603 3057 130%
c - 1255.43 41 20 88 683 274858 2 11887746 106492 1.8 20 11 6 12 46% 44240 15603 3057 130%
c - 1257.61 41 20 88 684 275268 2 11913880 107966 1.8 19 11 6 12 46% 44240 15603 3057 130%
c - 1259.86 41 19 88 685 275957 2 11940033 109133 1.7 19 11 6 12 46% 44240 15603 3057 130%
c - 1262.14 41 19 88 686 276762 2 11966205 110154 1.7 19 11 6 12 46% 44240 15603 3057 130%
c - 1264.41 41 19 88 687 277516 2 11992397 111554 1.7 18 11 6 12 46% 44240 15603 3057 130%
c - 1266.68 41 19 88 688 278129 2 12018607 113080 1.7 18 11 6 12 46% 44240 15603 3057 130%
c } 1268.02 41 19 89 688 278638 2 12034493 127384 1.7 18 11 6 12 46% 44240 15603 3057 130%
c [ 1268.02 41 27 89 688 278638 1 12034493 127384 1.9 29 16 6 15 49% 44240 15603 3057 130%
c B 1268.03 41 27 89 688 278638 1 12034493 127384 1.9 29 16 6 15 49% 44240 15603 3057 130%
c - 1268.95 41 27 89 689 278644 1 12044836 112710 1.9 29 16 6 15 49% 44240 15603 3057 130%
c - 1271.48 41 26 89 690 278655 1 12071084 110548 1.8 28 15 6 15 49% 44240 15603 3057 130%
c - 1274.17 41 25 89 691 278667 1 12097351 110852 1.8 27 15 6 15 48% 44240 15603 3057 130%
c - 1277.09 41 24 89 692 278674 1 12123638 112482 1.8 26 14 6 15 48% 44240 15603 3057 130%
c - 1280.13 41 22 89 693 278684 1 12149943 114538 1.8 25 14 6 15 48% 44240 15603 3057 130%
c - 1282.78 41 23 89 694 278698 1 12176269 111797 1.9 26 14 6 15 48% 44240 15603 3057 130%
c u 1286.62 41 22 89 694 278700 1 12200723 127096 1.9 26 14 6 15 48% 44240 15603 3057 130%
c
c   seconds    switched       rate             size/glue  tier1     binary         remaining
c           MB   reductions      conflicts           size   tier2       irredundant
c            level      restarts         redundant      glue    trail         variables
c
c v 1288.12 41 22 89 694 278700 1 12200723 117702 1.9 26 14 6 15 48% 44240 15603 3057 130%
c w 1288.64 59 22 89 694 278700 1 12200723 107628 1.9 26 14 6 15 48% 44240 15603 3057 130%
c - 1288.89 47 22 89 695 278700 1 12202612 91726 1.9 26 14 6 15 48% 44240 15603 3057 130%
c - 1291.54 51 22 89 696 278700 1 12228976 97940 1.9 26 14 6 15 48% 44240 15603 3057 130%
c - 1294.25 51 22 89 697 278714 1 12255357 103495 1.8 25 14 6 15 48% 44240 15603 3057 130%
c - 1297.14 51 21 89 698 278727 1 12281758 107317 1.8 25 14 6 15 48% 44240 15603 3057 130%
c - 1299.83 51 21 89 699 278731 1 12308177 108067 1.8 25 14 6 15 48% 44240 15603 3057 130%
c - 1302.97 53 21 89 700 278745 1 12334615 108826 1.8 24 13 6 15 48% 44240 15603 3057 130%
c - 1305.75 53 21 89 701 278756 1 12361074 108920 1.8 24 13 6 15 48% 44240 15603 3057 130%
c ] 1308.12 51 22 90 701 278762 1 12384287 131405 1.8 25 14 6 15 48% 44240 15603 3057 130%
c { 1308.12 51 19 90 701 278762 2 12384287 131405 1.7 18 11 6 12 46% 44240 15603 3057 130%
c o 1308.13 51 19 90 701 278767 2 12384325 131443 1.7 18 11 6 12 46% 44240 15603 3057 130%
c - 1308.50 51 19 90 702 278897 2 12387551 103823 1.7 18 11 6 12 46% 44240 15603 3057 130%
c - 1310.89 53 19 90 703 279766 2 12414046 106147 1.7 18 11 6 12 46% 44240 15603 3057 130%
c - 1313.23 51 19 90 704 280452 2 12440560 111780 1.7 18 11 6 12 46% 44240 15603 3057 130%
c - 1315.60 51 19 90 705 281413 2 12467095 112688 1.7 18 11 6 12 46% 44240 15603 3057 130%
c - 1317.97 49 19 90 706 282424 2 12493646 114139 1.7 18 11 6 12 46% 44240 15603 3057 130%
c - 1320.44 53 19 90 707 283387 2 12520218 115237 1.7 18 11 6 12 46% 44240 15603 3057 130%
c - 1322.88 53 19 90 708 284235 2 12546807 114990 1.7 18 11 6 12 46% 44240 15603 3057 130%
c u 1325.79 55 19 90 708 284548 2 12564754 126573 1.7 18 11 6 12 46% 44240 15603 3057 130%
c
c   seconds    switched       rate             size/glue  tier1     binary         remaining
c           MB   reductions      conflicts           size   tier2       irredundant
c            level      restarts         redundant      glue    trail         variables
c
c v 1327.28 55 19 90 708 284548 2 12564754 120028 1.7 18 11 6 12 46% 44240 15603 3057 130%
c w 1327.77 55 19 90 708 284548 2 12564754 119251 1.7 18 11 6 12 46% 44240 15603 3057 130%
c - 1328.54 51 18 90 709 284682 2 12573415 104999 1.7 18 11 6 12 46% 44240 15603 3057 130%
c - 1330.97 53 18 90 710 285774 2 12600043 108845 1.7 18 11 6 12 46% 44240 15603 3057 130%
c - 1333.58 51 19 90 711 287172 2 12626691 110839 1.7 18 11 6 12 46% 44240 15603 3057 130%
c - 1336.03 53 19 90 712 288145 2 12653356 111882 1.7 18 11 6 12 46% 44240 15603 3057 130%
c - 1338.58 53 19 90 713 288955 2 12680039 112326 1.7 18 11 6 12 46% 44240 15603 3057 130%
c - 1341.21 53 19 90 714 290261 3 12706741 112118 1.7 17 11 6 12 46% 44240 15603 3057 130%
c - 1343.63 53 19 90 715 291094 2 12733461 112694 1.7 18 11 6 12 46% 44240 15603 3057 130%
c - 1345.98 53 19 90 716 292008 2 12760201 113701 1.7 18 11 6 12 46% 44240 15603 3057 130%
c - 1348.44 51 19 90 717 293121 3 12786960 113766 1.7 18 11 6 12 46% 44240 15603 3057 130%
c } 1348.72 48 19 91 717 293287 3 12789608 116290 1.7 18 11 6 12 46% 44240 15603 3057 130%
c [ 1348.72 48 22 91 717 293287 1 12789608 116290 1.8 25 14 6 15 48% 44240 15603 3057 130%
c W 1355.76 41 22 91 717 293287 1 12789608 116290 1.8 25 14 6 15 48% 44240 15603 3057 130%
c - 1357.86 41 23 91 718 293300 1 12813736 110193 1.9 26 14 6 15 47% 44240 15603 3057 130%
c - 1360.50 41 22 91 719 293313 1 12840532 108452 1.9 26 14 6 15 47% 44240 15603 3057 130%
c - 1363.30 41 22 91 720 293317 1 12867346 110688 1.9 25 13 6 15 47% 44240 15603 3057 130%
c - 1366.23 41 22 91 721 293331 1 12894178 111775 1.9 25 13 6 15 47% 44240 15603 3057 130%
c - 1369.06 41 21 91 722 293343 1 12921029 113504 1.9 24 13 6 15 46% 44240 15603 3057 130%
c u 1371.78 41 20 91 722 293347 1 12934608 121722 1.9 24 13 6 15 46% 44240 15603 3057 130%
c
c   seconds    switched       rate             size/glue  tier1     binary         remaining
c           MB   reductions      conflicts           size   tier2       irredundant
c            level      restarts         redundant      glue    trail         variables
c
c v 1373.21 41 20 91 722 293347 1 12934608 107050 1.9 24 13 6 15 46% 44240 15603 3057 130%
c w 1373.72 41 20 91 722 293347 1 12934608 97314 1.9 24 13 6 15 46% 44240 15603 3057 130%
c o 1373.76 41 20 91 722 293347 1 12934608 97314 1.9 24 13 6 15 46% 44240 15603 3057 130%
c - 1375.03 41 28 91 723 293348 1 12947899 91237 1.8 25 14 6 15 46% 44240 15603 3057 130%
c - 1377.65 41 28 91 724 293349 1 12974789 94292 1.8 26 15 6 15 47% 44240 15603 3057 130%
c - 1380.63 41 28 91 725 293359 1 13001697 97359 1.8 27 15 6 15 47% 44240 15603 3057 130%
c - 1383.40 41 27 91 726 293371 1 13028623 99514 1.8 27 15 6 15 48% 44240 15603 3057 130%
c - 1386.39 41 27 91 727 293380 1 13055568 101613 1.8 27 15 6 15 48% 44240 15603 3057 130%
c - 1389.34 41 27 91 728 293389 1 13082530 98856 1.8 28 16 6 15 49% 44240 15603 3057 130%
c - 1392.40 41 26 91 729 293402 1 13109511 95980 1.8 28 16 6 15 49% 44240 15603 3057 130%
c ] 1395.32 41 26 92 729 293411 1 13135036 120322 1.8 28 15 6 15 48% 44240 15603 3057 130%
c { 1395.32 41 19 92 729 293411 3 13135036 120322 1.7 18 11 6 12 46% 44240 15603 3057 130%
c - 1395.51 41 19 92 730 293504 3 13136512 102699 1.7 18 11 6 12 46% 44240 15603 3057 130%
c - 1398.01 41 19 92 731 294472 3 13163532 111675 1.7 17 11 6 12 46% 44240 15603 3057 130%
c - 1400.55 41 19 92 732 295736 3 13190569 116299 1.7 18 11 6 12 46% 44240 15603 3057 130%
c - 1403.03 41 19 92 733 296767 3 13217624 117979 1.7 18 11 6 12 46% 44240 15603 3057 130%
c - 1405.53 41 19 92 734 297857 3 13244697 119225 1.7 18 11 6 12 46% 44240 15603 3057 130%
c - 1408.11 41 19 92 735 299054 3 13271789 104171 1.7 18 11 5 12 46% 44240 15603 3057 130%
c - 1410.54 41 19 92 736 300245 3 13298899 100558 1.7 18 11 5 12 46% 44240 15603 3057 130%
c u 1412.80 41 19 92 736 300563 3 13310314 104329 1.7 18 11 5 12 46% 44240 15603 3057 130%
c
c   seconds    switched       rate            size/glue  tier1     binary         remaining
c           MB   reductions      conflicts          size   tier2       irredundant
c            level      restarts         redundant     glue    trail         variables
c
c v 1414.24 41 19 92 736 300563 3 13310314 96108 1.7 18 11 5 12 46% 44240 15603 3057 130%
c w 1414.74 41 19 92 736 300563 3 13310314 95353 1.7 18 11 5 12 46% 44240 15603 3057 130%
c - 1416.15 41 19 92 737 301267 3 13326030 87238 1.7 18 11 5 12 46% 44240 15603 3057 130%
c - 1418.41 41 19 92 738 302178 3 13353178 90704 1.7 18 11 5 12 46% 44240 15603 3057 130%
c - 1420.79 41 19 92 739 303383 3 13380349 93274 1.7 18 11 5 12 46% 44240 15603 3057 130%
c - 1423.10 41 19 92 740 304404 3 13407533 94130 1.7 18 11 5 12 46% 44240 15603 3057 130%
c o 1424.08 41 19 92 740 304471 2 13420899 105788 1.7 18 11 5 12 46% 44240 15603 3057 130%
c - 1425.27 41 19 92 741 305006 3 13434737 93966 1.7 18 11 5 12 46% 44240 15603 3057 130%
c - 1427.52 41 18 92 742 305841 2 13461960 94325 1.7 18 10 5 12 46% 44240 15603 3057 130%
c - 1429.91 41 19 92 743 307207 3 13489199 94953 1.7 18 11 5 12 46% 44240 15603 3057 130%
c - 1432.20 41 19 92 744 308036 2 13516457 95273 1.7 18 10 5 12 46% 44240 15603 3057 130%
c - 1434.58 41 19 92 745 309360 3 13543733 95305 1.7 18 11 5 12 46% 44240 15603 3057 130%
c } 1435.72 41 19 93 745 309874 3 13557041 107355 1.7 18 11 5 12 46% 44240 15603 3057 130%
c [ 1435.72 41 26 93 745 309874 1 13557041 107355 1.8 28 15 6 15 48% 44240 15603 3057 130%
c O 1435.72 41 26 93 745 309874 1 13557041 107355 1.8 28 15 6 15 48% 44240 15603 3057 130%
c - 1436.89 41 24 93 746 309882 1 13571027 95137 1.8 27 15 6 15 48% 44240 15603 3057 130%
c - 1439.51 41 23 93 747 309895 1 13598340 93514 1.8 26 14 6 15 48% 44240 15603 3057 130%
c - 1442.17 41 23 93 748 309904 1 13625671 90951 1.8 25 14 6 15 48% 44240 15603 3057 130%
c - 1445.25 41 22 93 749 309913 1 13653022 89251 1.8 25 14 6 15 48% 44240 15603 3057 130%
c - 1448.33 41 21 93 750 309926 1 13680391 90712 1.8 25 14 6 15 48% 44240 15603 3057 130%
c
c   seconds    switched       rate            size/glue  tier1     binary         remaining
c           MB   reductions      conflicts          size   tier2       irredundant
c            level      restarts         redundant     glue    trail         variables
c
c u 1450.77 41 21 93 750 309932 1 13691897 96684 1.8 25 14 6 15 48% 44240 15603 3057 130%
c v 1452.14 41 21 93 750 309932 1 13691897 94363 1.8 25 14 6 15 48% 44240 15603 3057 130%
c w 1452.62 41 21 93 750 309932 1 13691897 93316 1.8 25 14 6 15 48% 44240 15603 3057 130%
c - 1454.08 41 21 93 751 309935 1 13707778 85143 1.8 25 14 6 15 48% 44240 15603 3057 130%
c - 1456.89 41 21 93 752 309936 1 13735182 85549 1.8 25 14 6 15 48% 44240 15603 3057 130%
c - 1459.83 41 23 93 753 309943 1 13762604 83229 1.9 26 14 6 15 49% 44240 15603 3057 130%
c - 1463.11 41 23 93 754 309954 1 13790044 78520 1.8 26 14 6 15 49% 44240 15603 3057 130%
c - 1466.07 41 23 93 755 309966 1 13817503 78285 1.8 26 15 6 15 49% 44240 15603 3057 130%
c - 1469.20 41 22 93 756 309974 1 13844980 84095 1.8 26 14 6 15 49% 44240 15603 3057 130%
c - 1472.32 41 23 93 757 309985 1 13872477 87633 1.8 26 14 6 15 48% 44240 15603 3057 130%
c - 1475.66 41 22 93 758 309997 1 13899990 89604 1.8 25 14 6 15 48% 44240 15603 3057 130%
c ] 1476.59 41 21 94 758 309998 1 13908336 97251 1.8 25 14 6 15 48% 44240 15603 3057 130%
c { 1476.59 41 19 94 758 309998 3 13908336 97251 1.7 18 11 5 12 46% 44240 15603 3057 130%
c o 1476.84 41 19 94 758 310093 3 13911129 99816 1.7 18 11 5 12 46% 44240 15603 3057 130%
c - 1478.30 41 19 94 759 310747 3 13927522 95005 1.7 18 11 5 12 46% 44240 15603 3057 130%
c - 1480.71 41 19 94 760 311851 3 13955071 97086 1.7 18 11 5 12 46% 44240 15603 3057 130%
c - 1482.98 41 19 94 761 312513 2 13982639 97062 1.7 18 11 5 12 46% 44240 15603 3057 130%
c - 1485.37 41 19 94 762 313792 3 14010225 97279 1.7 18 11 5 12 46% 44240 15603 3057 130%
c - 1487.72 41 19 94 763 314819 2 14037830 97518 1.7 18 11 5 12 46% 44240 15603 3057 130%
c - 1490.00 41 19 94 764 315617 2 14065452 97018 1.7 18 11 5 12 46% 44240 15603 3057 130%
c
c   seconds    switched       rate             size/glue  tier1     binary         remaining
c           MB   reductions      conflicts           size   tier2       irredundant
c            level      restarts         redundant      glue    trail         variables
c
c u 1492.49 41 19 94 764 316238 2 14079357 100878 1.7 18 11 5 12 46% 44240 15603 3057 130%
c v 1493.90 41 19 94 764 316238 2 14079357 91831 1.7 18 11 5 12 46% 44240 15603 3057 130%
c w 1494.41 41 19 94 764 316238 2 14079357 90900 1.7 18 11 5 12 46% 44240 15603 3057 130%
c - 1495.56 41 19 94 765 316744 2 14093092 82491 1.7 18 11 5 12 46% 44240 15603 3057 130%
c - 1497.84 41 19 94 766 318031 3 14120752 88558 1.7 18 11 5 12 46% 44240 15603 3057 130%
c - 1500.16 41 19 94 767 319274 3 14148428 90542 1.7 18 11 5 12 46% 44240 15603 3057 130%
c - 1502.49 41 20 94 768 320461 3 14176122 91301 1.7 18 11 5 12 46% 44240 15603 3057 130%
c - 1504.75 41 19 94 769 321363 3 14203835 91690 1.7 18 11 5 12 46% 44240 15603 3057 130%
c - 1507.00 41 19 94 770 322289 3 14231568 91979 1.7 18 11 5 12 46% 44240 15603 3057 130%
c - 1509.27 41 19 94 771 323100 3 14259319 92332 1.7 18 11 5 12 46% 44240 15603 3057 130%
c - 1511.58 41 19 94 772 324085 3 14287086 92776 1.7 18 11 5 12 46% 44240 15603 3057 130%
c - 1513.91 41 19 94 773 325020 3 14314872 92992 1.7 18 11 5 12 46% 44240 15603 3057 130%
c - 1516.12 41 19 94 774 325551 2 14342676 93670 1.7 18 11 6 12 46% 44240 15603 3057 130%
c } 1516.51 41 19 95 774 325688 2 14347323 97890 1.7 18 11 6 12 46% 44240 15603 3057 130%
c [ 1516.51 41 21 95 774 325688 1 14347323 97890 1.8 25 14 6 15 48% 44240 15603 3057 130%
c B 1516.51 41 21 95 774 325688 1 14347323 97890 1.8 25 14 6 15 48% 44240 15603 3057 130%
c - 1518.48 41 21 95 775 325701 1 14370497 92525 1.8 25 14 6 15 49% 44240 15603 3057 130%
c - 1520.95 41 21 95 776 325714 1 14398335 91302 1.8 25 13 6 15 49% 44240 15603 3057 130%
c - 1523.87 41 20 95 777 325718 1 14426191 91714 1.8 24 13 6 15 49% 44240 15603 3057 130%
c - 1526.58 41 20 95 778 325733 1 14454068 93436 1.8 24 13 6 15 49% 44240 15603 3057 130%
c
c   seconds    switched       rate             size/glue  tier1     binary         remaining
c           MB   reductions      conflicts           size   tier2       irredundant
c            level      restarts         redundant      glue    trail         variables
c
c u 1529.54 41 20 95 778 325740 1 14472720 106787 1.9 24 13 6 15 49% 44240 15603 3057 130%
c v 1530.91 41 20 95 778 325740 1 14472720 100578 1.9 24 13 6 15 49% 44240 15603 3057 130%
c w 1531.39 41 20 95 778 325740 1 14472720 96731 1.9 24 13 6 15 49% 44240 15603 3057 130%
c o 1531.43 41 20 95 778 325740 1 14472720 96731 1.9 24 13 6 15 49% 44240 15603 3057 130%
c - 1532.27 41 23 95 779 325746 1 14481960 81774 1.8 25 14 6 15 49% 44240 15603 3057 130%
c - 1534.88 41 22 95 780 325749 1 14509872 87885 1.8 25 13 6 15 49% 44240 15603 3057 130%
c - 1537.77 41 22 95 781 325750 1 14537802 92458 1.9 25 13 6 15 49% 44240 15603 3057 130%
c - 1541.12 41 21 95 782 325764 1 14565749 95119 1.9 24 13 6 15 48% 44240 15603 3057 130%
c - 1543.67 41 21 95 783 325776 1 14593713 95281 2.0 26 13 6 15 49% 44240 15603 3057 130%
c - 1546.61 41 21 95 784 325781 1 14621697 93745 2.0 26 13 6 15 49% 44240 15603 3057 130%
c - 1549.46 41 22 95 785 325795 1 14649699 93805 2.0 27 13 6 15 49% 44240 15603 3057 130%
c - 1552.17 41 23 95 786 325809 1 14677716 89636 2.0 28 14 6 15 49% 44240 15603 3057 130%
c - 1555.11 41 24 95 787 325812 1 14705755 84803 2.0 29 15 6 15 50% 44240 15603 3057 130%
c ] 1555.99 41 24 96 787 325813 1 14714741 93523 2.0 29 15 6 15 50% 44240 15603 3057 130%
c { 1555.99 41 19 96 787 325813 2 14714741 93523 1.7 18 11 6 12 46% 44240 15603 3057 130%
c - 1557.73 41 19 96 788 326834 2 14733809 82797 1.7 18 11 5 12 46% 44240 15603 3057 130%
c - 1560.11 41 19 96 789 327949 3 14761880 90008 1.7 18 11 5 12 46% 44240 15603 3057 130%
c - 1562.48 41 19 96 790 329148 3 14789969 95464 1.7 18 11 6 12 46% 44240 15603 3057 130%
c - 1564.74 41 19 96 791 329892 2 14818076 98367 1.7 18 11 6 12 46% 44240 15603 3057 130%
c - 1567.14 41 19 96 792 330967 3 14846201 99489 1.7 18 11 6 12 46% 44240 15603 3057 130%
c
c   seconds    switched       rate             size/glue  tier1     binary         remaining
c           MB   reductions      conflicts           size   tier2       irredundant
c            level      restarts         redundant      glue    trail         variables
c
c u 1570.56 41 19 96 792 331920 3 14871987 117538 1.7 18 11 6 12 46% 44240 15603 3057 130%
c v 1572.03 41 19 96 792 331920 3 14871987 111999 1.7 18 11 6 12 46% 44240 15603 3057 130%
c w 1572.53 41 19 96 792 331920 3 14871987 111107 1.7 18 11 6 12 46% 44240 15603 3057 130%
c - 1572.83 41 19 96 793 332103 3 14874344 90384 1.7 18 11 6 12 46% 44240 15603 3057 130%
c - 1575.14 41 19 96 794 333243 3 14902504 93733 1.7 18 11 6 12 46% 44240 15603 3057 130%
c - 1577.41 41 19 96 795 334298 3 14930682 98081 1.7 18 11 6 12 46% 44240 15603 3057 130%
c - 1579.69 41 19 96 796 335121 2 14958878 99565 1.7 18 11 6 12 46% 44240 15603 3057 130%
c o 1581.69 41 19 96 796 336152 3 14983216 121788 1.7 18 11 6 12 46% 44240 15603 3057 130%
c - 1582.07 41 19 96 797 336462 3 14987092 100522 1.7 18 11 6 12 46% 44240 15603 3057 130%
c - 1584.46 41 19 96 798 337460 3 15015323 101963 1.7 18 11 6 12 46% 44240 15603 3057 130%
c - 1586.78 41 19 96 799 338396 3 15043571 103169 1.7 18 11 6 12 46% 44240 15603 3057 130%
c - 1589.22 41 19 96 800 339562 3 15071837 104377 1.7 18 11 6 12 46% 44240 15603 3057 130%
c - 1591.71 41 19 96 801 340821 3 15100121 105866 1.7 18 11 6 12 46% 44240 15603 3057 130%
c - 1594.21 41 19 96 802 342108 3 15128422 107013 1.6 18 11 6 12 46% 44240 15603 3057 130%
c - 1596.57 41 19 96 803 342831 3 15156742 108650 1.7 18 11 6 12 46% 44240 15603 3057 130%
c } 1597.80 41 19 97 803 343344 3 15171005 121770 1.7 18 11 6 12 46% 44240 15603 3057 130%
c [ 1597.80 41 24 97 803 343344 1 15171005 121770 2.0 29 15 6 15 50% 44240 15603 3057 130%
c W 1605.73 41 24 97 803 343344 1 15171005 121770 2.0 29 15 6 15 50% 44240 15603 3057 130%
c - 1606.93 41 24 97 804 343352 1 15185084 107940 2.0 29 15 6 15 50% 44240 15603 3057 130%
c - 1609.53 41 24 97 805 343365 1 15213444 103558 1.9 29 15 6 15 50% 44240 15603 3057 130%
c
c   seconds    switched       rate             size/glue  tier1     binary         remaining
c           MB   reductions      conflicts           size   tier2       irredundant
c            level      restarts         redundant      glue    trail         variables
c
c - 1612.69 41 23 97 806 343374 1 15241816 101062 1.9 28 15 6 15 50% 44240 15603 3057 130%
c - 1615.83 41 22 97 807 343385 1 15270207 105656 1.9 27 14 6 15 50% 44240 15603 3057 130%
c u 1617.79 41 22 97 807 343388 1 15277181 108627 1.9 27 14 6 15 50% 44240 15603 3057 130%
c v 1619.19 41 22 97 807 343388 1 15277181 95738 1.9 27 14 6 15 50% 44240 15603 3057 130%
c w 1619.68 41 22 97 807 343388 1 15277181 85246 1.9 27 14 6 15 50% 44240 15603 3057 130%
c - 1621.68 41 21 97 808 343397 1 15298614 91008 2.0 27 14 6 15 50% 44240 15603 3057 130%
c - 1624.58 41 22 97 809 343405 1 15327040 101905 2.0 27 14 6 15 50% 44240 15603 3057 130%
c - 1627.60 41 22 97 810 343406 1 15355483 102694 2.0 27 14 6 15 50% 44240 15603 3057 130%
c - 1630.54 41 23 97 811 343416 1 15383944 102022 2.0 27 14 6 15 50% 44240 15603 3057 130%
c - 1633.61 41 23 97 812 343428 1 15412424 101433 2.0 28 14 6 15 50% 44240 15603 3057 130%
c - 1636.80 41 23 97 813 343437 1 15440921 103862 2.0 28 14 6 15 50% 44240 15603 3057 130%
c - 1640.14 41 22 97 814 343450 1 15469434 107981 2.0 28 14 6 15 49% 44240 15603 3057 130%
c - 1643.45 41 22 97 815 343462 1 15497966 108601 2.0 27 14 6 15 49% 44240 15603 3057 130%
c - 1647.06 41 21 97 816 343468 1 15526514 109435 2.0 27 14 6 15 48% 44240 15603 3057 130%
c ] 1649.24 41 21 98 816 343469 1 15545497 127180 2.0 26 14 6 15 48% 44240 15603 3057 130%
c { 1649.24 41 19 98 816 343469 3 15545497 127180 1.7 18 11 6 12 46% 44240 15603 3057 130%
c - 1650.20 41 19 98 817 343477 2 15555083 112475 1.7 17 10 6 12 46% 44240 15603 3057 130%
c o 1650.64 41 18 98 817 343478 2 15559779 116387 1.7 17 10 6 12 46% 44240 15603 3057 130%
c - 1652.65 41 17 98 818 343529 2 15583668 116151 1.7 17 10 6 12 46% 44240 15603 3057 130%
c - 1654.98 41 16 98 819 343583 2 15612270 118903 1.7 17 10 6 12 47% 44240 15603 3057 130%
c
c   seconds    switched       rate             size/glue  tier1     binary         remaining
c           MB   reductions      conflicts           size   tier2       irredundant
c            level      restarts         redundant      glue    trail         variables
c
c - 1657.35 41 15 98 820 343640 2 15640889 118625 1.7 16 10 6 12 46% 44240 15603 3057 130%
c - 1659.74 41 14 98 821 343808 2 15669525 117958 1.6 16 10 6 12 46% 44240 15603 3057 130%
c u 1662.72 41 13 98 821 343955 1 15688301 126323 1.6 16 10 6 12 46% 44240 15603 3057 130%
c v 1664.24 41 13 98 821 343955 1 15688301 118750 1.6 16 10 6 12 46% 44240 15603 3057 130%
c w 1664.63 41 13 98 821 343955 1 15688301 118311 1.6 16 10 6 12 46% 44240 15603 3057 130%
c - 1665.48 41 13 98 822 343973 1 15698179 107781 1.6 16 9 6 12 46% 44240 15603 3057 130%
c - 1667.80 41 13 98 823 344256 1 15726849 111400 1.6 15 9 6 12 46% 44240 15603 3057 130%
c - 1670.28 41 12 98 824 344582 1 15755538 114585 1.6 15 9 6 12 46% 44240 15603 3057 130%
c - 1672.80 41 12 98 825 344869 1 15784243 114595 1.6 15 9 6 12 46% 44240 15603 3057 130%
c - 1675.38 41 12 98 826 345433 1 15812965 115624 1.6 15 9 6 12 46% 44240 15603 3057 130%
c - 1678.05 41 12 98 827 346193 1 15841705 118012 1.6 15 9 6 12 46% 44240 15603 3057 130%
c - 1680.58 41 12 98 828 346642 1 15870462 118683 1.6 15 9 6 12 46% 44240 15603 3057 130%
c - 1683.19 41 11 98 829 346984 1 15899236 118505 1.6 14 9 6 12 46% 44240 15603 3057 130%
c - 1685.74 41 11 98 830 347566 1 15928028 119442 1.6 14 9 6 12 46% 44240 15603 3057 130%
c - 1688.29 41 11 98 831 348433 1 15956837 121392 1.6 14 9 6 12 46% 44240 15603 3057 130%
c - 1690.92 41 11 98 832 349151 1 15985666 122775 1.6 14 9 6 12 46% 44240 15603 3057 130%
c - 1693.55 41 11 98 833 349932 1 16014511 124336 1.6 14 9 6 12 46% 44240 15603 3057 130%
c } 1693.99 41 11 99 833 350075 1 16019332 128340 1.6 14 9 6 12 46% 44240 15603 3057 130%
c [ 1693.99 41 21 99 833 350075 1 16019332 128340 2.0 26 14 6 15 48% 44240 15603 3057 130%
c I 1693.99 41 21 99 833 350075 1 16019332 128340 2.0 26 14 6 15 48% 44240 15603 3057 130%
c
c   seconds    switched       rate             size/glue  tier1     binary         remaining
c           MB   reductions      conflicts           size   tier2       irredundant
c            level      restarts         redundant      glue    trail         variables
c
c - 1696.14 41 22 99 834 350088 1 16043374 121426 1.9 27 14 6 15 48% 44240 15603 3057 130%
c - 1699.10 41 22 99 835 350102 1 16072253 118695 1.9 27 14 6 15 48% 44240 15603 3057 130%
c - 1702.18 41 22 99 836 350105 1 16101150 122912 1.9 26 14 6 15 48% 44240 15603 3057 130%
c u 1703.99 41 22 99 836 350108 1 16105377 122646 1.9 26 14 6 15 48% 44240 15603 3057 130%
c v 1705.58 41 22 99 836 350108 1 16105377 121372 1.9 26 14 6 15 48% 44240 15603 3057 130%
c w 1706.12 41 22 99 836 350108 1 16105377 118067 1.9 26 14 6 15 48% 44240 15603 3057 130%
c o 1711.63 41 22 99 836 350108 1 16105377 118067 1.9 26 14 6 15 48% 44240 15603 3057 130%
c - 1713.98 41 24 99 837 350120 1 16130066 118755 1.9 26 14 6 15 49% 44240 15603 3057 130%
c - 1716.95 41 23 99 838 350135 1 16158996 121896 1.9 26 14 6 15 49% 44240 15603 3057 130%
c - 1719.97 41 23 99 839 350137 1 16187944 124302 1.9 26 14 6 15 49% 44240 15603 3057 130%
c - 1722.96 41 22 99 840 350138 1 16216909 127127 1.9 26 13 6 15 49% 44240 15603 3057 130%
c - 1726.13 41 20 99 841 350152 1 16245894 130782 1.9 25 13 6 15 49% 44240 15603 3057 130%
c - 1729.15 41 21 99 842 350167 1 16274894 130630 1.9 25 13 6 15 49% 44240 15603 3057 130%
c - 1732.19 41 22 99 843 350173 1 16303911 125242 1.9 26 13 6 15 49% 44240 15603 3057 130%
c - 1735.57 41 22 99 844 350186 1 16332946 124658 2.0 26 13 6 15 49% 44240 15603 3057 130%
c - 1738.77 41 23 99 845 350198 1 16361997 125820 2.0 26 13 6 15 49% 44240 15603 3057 130%
c - 1742.15 41 23 99 846 350200 1 16391067 125544 2.0 27 14 6 15 49% 44240 15603 3057 130%
c - 1745.55 41 22 99 847 350201 1 16420154 127373 2.0 27 14 6 15 49% 44240 15603 3057 130%
c B 1745.88 41 22 99 847 350201 1 16422990 130064 2.0 27 14 6 15 49% 44240 15603 3057 130%
c ] 1746.01 41 23 100 847 350201 1 16424294 131331 2.0 27 14 6 15 49% 44240 15603 3057 130%
c
c   seconds    switched        rate             size/glue tier1     binary         remaining
c           MB    reductions      conflicts           size  tier2       irredundant
c            level       restarts         redundant     glue    trail         variables
c
c { 1746.01 41 11 100 847 350201 1 16424294 131331 1.6 14 9 6 12 46% 44240 15603 3057 130%
c - 1749.24 41 14 100 848 354280 2 16449257 129750 1.6 15 10 6 12 46% 44240 15603 3057 130%
c - 1752.34 41 16 100 849 356923 2 16478377 131181 1.6 16 10 6 12 46% 44240 15603 3057 130%
c - 1755.30 41 17 100 850 358956 3 16507514 132403 1.6 16 10 6 12 46% 44240 15603 3057 130%
c u 1758.49 41 18 100 850 360251 3 16528403 146658 1.6 17 10 6 12 46% 44240 15603 3057 130%
c v 1759.72 41 18 100 850 360251 3 16528403 143961 1.6 17 10 6 12 46% 44240 15603 3057 130%
c w 1760.15 41 18 100 850 360251 3 16528403 143840 1.6 17 10 6 12 46% 44240 15603 3057 130%
c - 1761.31 41 18 100 851 360844 3 16536668 126224 1.6 17 11 6 12 46% 44240 15603 3057 130%
c - 1763.96 41 18 100 852 361898 3 16565840 109257 1.6 17 10 5 12 46% 44240 15603 3057 130%
c - 1766.54 41 18 100 853 363065 3 16595031 106234 1.6 17 10 5 12 46% 44240 15603 3057 130%
c - 1769.06 41 19 100 854 364092 3 16624238 105713 1.6 17 10 5 12 46% 44240 15603 3057 130%
c o 1770.99 41 19 100 854 365202 3 16645496 124762 1.6 17 10 5 12 46% 44240 15603 3057 130%
c - 1771.68 41 19 100 855 365470 3 16653462 105023 1.6 17 10 5 12 46% 44240 15603 3057 130%
c - 1774.21 41 19 100 856 366668 3 16682706 104398 1.6 17 11 5 12 46% 44240 15603 3057 130%
c - 1776.93 41 19 100 857 368118 3 16711964 104634 1.6 17 11 5 12 46% 44240 15603 3057 130%
c - 1779.89 41 19 100 858 369061 3 16741238 105034 1.6 17 11 5 12 46% 44240 15603 3057 130%
c - 1782.55 41 19 100 859 370370 3 16770529 104932 1.6 17 11 5 12 46% 44240 15603 3057 130%
c - 1785.01 41 18 100 860 371139 2 16799837 104529 1.7 17 10 5 12 46% 44240 15603 3057 130%
c - 1787.68 41 19 100 861 372495 3 16829163 105255 1.7 18 11 5 12 46% 44240 15603 3057 130%
c - 1790.34 41 19 100 862 373734 3 16858507 105658 1.7 18 11 5 12 46% 44240 15603 3057 130%
c
c   seconds    switched        rate             size/glue  tier1     binary         remaining
c           MB    reductions      conflicts           size   tier2       irredundant
c            level       restarts         redundant      glue    trail         variables
c
c - 1793.00 41 19 100 863 374927 3 16887866 105346 1.7 18 11 5 12 46% 44240 15603 3057 130%
c } 1795.41 41 19 101 863 375785 3 16915993 131131 1.7 18 11 5 12 46% 44240 15603 3057 130%
c [ 1795.41 41 23 101 863 375785 1 16915993 131131 2.0 27 14 6 15 49% 44240 15603 3057 130%
c caught signal 15 (SIGTERM)
c
c ---- [ profiling ] ---------------------------------------------------------
c
c        1588.83   88.28 %  search
c         808.94   44.95 %  focused
c         779.89   43.33 %  stable
c         210.77   11.71 %  simplify
c         161.68    8.98 %  probe
c         136.41    7.58 %  vivify
c          48.95    2.72 %  walking
c          20.80    1.16 %  sweep
c          15.41    0.86 %  reduce
c           2.07    0.11 %  substitute
c           1.69    0.09 %  transitive
c           0.36    0.02 %  factor
c           0.31    0.02 %  eliminate
c           0.27    0.01 %  backbone
c           0.18    0.01 %  preprocess
c           0.08    0.00 %  congruence
c           0.05    0.00 %  subsume
c           0.01    0.00 %  fastel
c           0.01    0.00 %  parse
c           0.00    0.00 %  lucky
c =============================================
c        1799.79  100.00 %  total
c
c ---- [ statistics ] --------------------------------------------------------
c
c chronological:                          106                0 %  conflicts
c conflicts:                         16915993             9398.87 per second
c decisions:                         35549810                2.10 per conflict
c eliminated:                            7879              334 %  variables
c factored:                              8587              364 %  variables
c fast_eliminated:                       2898               37 %  eliminated
c fast_strengthened:                        3                0 %  per strengthened
c propagations:                    6740207140          3744998    per second
c reductions:                             863            19601    interval
c reordered:                               55           307564    interval
c rephased:                                65           260246    interval
c restarts:                            375785               45    interval
c strengthened:                         10096                1 %  checks
c switched:                               101           167485    interval
c vivified:                           1044373               65 %  checks
c walks:                                   22           768909    interval
c
c ---- [ proof ] -------------------------------------------------------------
c
c proof_added:                       17422822               50 %  per line
c proof_bytes:                     1576009728             1503 MB 
c proof_deleted:                     17338537               50 %  per line
c
c ---- [ glue usage ] --------------------------------------------------------
c
c focused glue 5    used  925175 clauses  4.37% accumulated 50.07% tier1
c focused glue 6    used 1024203 clauses  4.84% accumulated 54.91%
c focused glue 7-10 used 6048328 clauses 28.56% accumulated 83.47%
c focused glue 11   used 1171986 clauses  5.53% accumulated 89.01%
c focused glue 12   used  787102 clauses  3.72% accumulated 92.72% tier2
c
c stable glue 6    used 2183624 clauses  7.24% accumulated 52.33% tier1
c stable glue 7    used 1812285 clauses  6.01% accumulated 58.34%
c stable glue 8-13 used 8171972 clauses 27.09% accumulated 85.43%
c stable glue 14   used  936285 clauses  3.10% accumulated 88.53%
c stable glue 15   used  772545 clauses  2.56% accumulated 91.10% tier2
c
c ---- [ resources ] ---------------------------------------------------------
c
c maximum-resident-set-size:         64049152 bytes         61 MB
c process-time:                            30m            1799.79 seconds
c raising signal 15 (SIGTERM)
