c ---- [ banner ] ------------------------------------------------------------
c
c Kissat SAT Solver
c 
c Copyright (c) 2021-2024 Armin Biere University of Freiburg
c Copyright (c) 2019-2021 Armin Biere Johannes Kepler University Linz
c 
c Version 4.0.0 unknown
c gcc (Ubuntu 13.3.0-6ubuntu2~24.04.1) 13.3.0 -W -Wall -O3 -DNDEBUG
c Mon Aug 3 21:56:23 UTC 2026 Linux runnervmvrwv9 6.17.0-1020-azure x86_64
c
c ---- [ proving ] -----------------------------------------------------------
c
c opened and writing proof to DRAT file:
c
c   borsuk_11_k6_q00r00_sixth_base_colorability_screen/work/results/q00r00-s026/q00r00-s026.drat
c
c ---- [ parsing ] -----------------------------------------------------------
c
c opened and reading DIMACS file:
c
c   borsuk_11_k6_q00r00_sixth_base_colorability_screen/work/input/instances/cases/q00r00-s026/q00r00-s026_12color.cnf
c
c parsed 'p cnf 1855 63726' header
c closing input after reading 826254 bytes (807 KB)
c finished parsing after 0.00 seconds
c
c ---- [ solving ] -----------------------------------------------------------
c
c  seconds switched rate     size/glue tier1  binary       remaining
c         MB reductions conflicts size  tier2    irredundant
c          level restarts redundant glue  trail       variables
c
c *  0.00  4 0 0 0  0 0   0   0 0.0 0 0 0 0 0% 63459 257 1845 99%
c (  0.00  4 0 0 0  0 0   0   0 0.0 0 0 0 0 0% 63459 257 1845 99%
c .  0.01  4 0 0 0  0 0   0   0 0.0 0 0 0 0 0% 63459 257 1845 99%
c f  0.09  7 0 0 0  0 0   0   0 0.0 0 0 0 0 0% 27759 257 5674 306%
c e  0.10  6 0 0 0  0 0   0   0 0.0 0 0 0 0 0% 28664 1213 3791 204%
c )  0.10  6 0 0 0  0 0   0   0 0.0 0 0 0 0 0% 28664 1213 3791 204%
c {  0.10  7 0 0 0  0 0   0   0 0.0 0 0 2 6 0% 28664 1213 3791 204%
c -  0.12  7 22 0 1 37 3 1001 671 1.5 17 12 10 14 40% 28664 1213 3791 204%
c }  0.12  7 22 1 1 37 3 1001 671 1.5 17 12 10 14 40% 28664 1213 3791 204%
c [  0.12  7 0 1 1 37 0 1001 671 0.0 0 0 2 6 0% 28664 1213 3791 204%
c B  0.12  7 0 1 1 37 0 1001 671 0.0 0 0 2 6 0% 28664 1213 3791 204%
c ]  0.15  7 51 2 1 37 1 1910 1553 2.3 30 13 2 6 37% 28664 1213 3791 204%
c {  0.15  7 22 2 1 37 3 1910 1553 1.5 17 12 10 14 40% 28664 1213 3791 204%
c -  0.15  7 24 2 2 37 3 2004 1173 1.5 17 12 10 14 39% 28664 1213 3791 204%
c u  0.17  7 31 2 2 37 2 2624 1784 1.7 20 11 10 14 38% 28664 1213 3791 204%
c v  0.17  7 31 2 2 37 2 2624 1780 1.7 20 11 10 14 38% 28664 1213 3791 204%
c w  0.18  7 31 2 2 37 2 2624 1774 1.7 20 11 10 14 38% 28664 1213 3791 204%
c x  0.18  7 31 2 2 37 2 2624 1773 1.7 20 11 10 14 38% 28664 1213 3791 204%
c f  0.19  8 31 2 2 37 2 2624 1773 1.7 20 11 10 14 38% 26301 1213 5371 290%
c u  0.20  8 31 2 2 37 2 2624 1752 1.7 20 11 10 14 38% 26301 1213 5371 290%
c
c  seconds  switched rate       size/glue  tier1      binary        remaining
c         MB reductions conflicts     size    tier2      irredundant
c          level restarts  redundant     glue     trail        variables
c
c v  0.21  8 31 2 2 37 2 2624 1746 1.7 20 11 10 14 38% 26301 1213 5371 290%
c w  0.21  8 31 2 2 37 2 2624 1743 1.7 20 11 10 14 38% 26301 1213 5371 290%
c }  0.24  8 28 3 2 44 2 2910 2014 1.7 19 11 10 14 37% 26301 1213 5371 290%
c [  0.25  8 51 3 2 44 1 2910 2014 2.3 30 13 2 6 37% 26301 1213 5371 290%
c W  0.25  8 51 3 2 44 1 2910 2014 2.3 30 13 2 6 37% 26301 1213 5371 290%
c -  0.26  8 43 3 3 44 1 3418 2267 2.1 29 14 11 18 35% 26301 1213 5371 290%
c ]  0.27  8 40 4 3 44 1 3723 2557 2.1 29 14 11 18 35% 26301 1213 5371 290%
c {  0.27  8 28 4 3 44 2 3723 2557 1.7 19 11 10 14 37% 26301 1213 5371 290%
c -  0.32  8 29 4 4 206 4 5150 3687 1.7 19 11 10 14 35% 26301 1213 5371 290%
c }  0.34  8 27 5 4 213 3 6076 4555 1.7 19 11 10 14 34% 26301 1213 5371 290%
c [  0.34  8 40 5 4 213 1 6076 4555 2.1 29 14 11 18 35% 26301 1213 5371 290%
c I  0.34  8 40 5 4 213 1 6076 4555 2.1 29 14 11 18 35% 26301 1213 5371 290%
c -  0.38  9 50 5 5 214 1 7153 5016 2.4 38 16 11 23 33% 26301 1213 5371 290%
c u  0.42 10 47 5 5 214 1 8118 5929 2.2 35 16 11 23 32% 26301 1213 5371 290%
c v  0.42 10 47 5 5 214 1 8118 5921 2.2 35 16 11 23 32% 26301 1213 5371 290%
c w  0.43 10 47 5 5 214 1 8118 5905 2.2 35 16 11 23 32% 26301 1213 5371 290%
c ]  0.44  9 46 6 5 215 1 8378 6143 2.1 35 16 11 23 32% 26301 1213 5371 290%
c {  0.44  9 27 6 5 215 3 8378 6143 1.7 19 11 10 14 34% 26301 1213 5371 290%
c -  0.48 10 32 6 6 289 4 9390 6218 1.9 21 11 10 14 34% 26301 1213 5371 290%
c o  0.51 10 35 6 6 381 4 10375 7162 1.9 22 11 10 14 33% 26301 1213 5371 290%
c
c  seconds  switched  rate        size/glue  tier1      binary        remaining
c         MB reductions conflicts       size    tier2      irredundant
c          level restarts    redundant     glue     trail        variables
c
c -  0.57 10 38 6 7 511 5 11841 7752 1.9 22 11 10 14 33% 26301 1213 5371 290%
c }  0.59 10 39 7 7 546 5 12448 8344 1.9 22 11 10 14 33% 26301 1213 5371 290%
c [  0.59 10 46 7 7 546 1 12448 8344 2.1 35 16 11 23 32% 26301 1213 5371 290%
c B  0.59 10 46 7 7 546 1 12448 8344 2.1 35 16 11 23 32% 26301 1213 5371 290%
c e  0.62  8 47 7 7 546 1 13119 8999 2.0 34 17 11 25 32% 24398 2689 5096 275%
c ^  0.62  8 47 7 7 546 1 13119 8999 2.0 34 17 11 25 32% 24398 2689 5096 275%
c -  0.67  8 41 7 8 547 1 14487 2915 1.9 31 16 11 24 32% 24398 2689 5096 275%
c u  0.75  9 37 7 8 549 1 16650 4948 1.9 29 15 11 24 32% 24398 2689 5096 275%
c v  0.76  9 37 7 8 549 1 16650 4880 1.9 29 15 11 24 32% 24398 2689 5096 275%
c w  0.77  9 37 7 8 549 1 16650 4817 1.9 29 15 11 24 32% 24398 2689 5096 275%
c ]  0.78  8 37 8 8 549 1 16706 4868 1.9 29 15 11 24 32% 24398 2689 5096 275%
c {  0.78  8 39 8 8 549 5 16706 4868 1.9 22 11 10 14 33% 24398 2689 5096 275%
c -  0.80  8 37 8 9 567 5 17317 5292 1.9 22 11 10 14 33% 24398 2689 5096 275%
c -  0.89  9 33 8 10 636 4 20317 7436 1.9 21 11 10 14 32% 24398 2689 5096 275%
c o  0.90  9 32 8 10 638 4 20467 7576 1.8 21 11 10 14 32% 24398 2689 5096 275%
c }  0.98  9 30 9 10 778 4 22866 9773 1.8 20 11 10 14 32% 24398 2689 5096 275%
c [  0.98  9 37 9 10 778 1 22866 9773 1.9 29 15 11 24 32% 24398 2689 5096 275%
c W  0.98  9 37 9 10 778 1 22866 9773 1.9 29 15 11 24 32% 24398 2689 5096 275%
c -  1.01  9 36 9 11 778 1 23479 9053 1.9 28 15 11 21 32% 24398 2689 5096 275%
c e  1.13  9 32 9 11 780 1 26344 11674 1.8 27 15 11 21 32% 24071 3722 4074 220%
c
c  seconds  switched   rate         size/glue  tier1      binary        remaining
c         MB  reductions conflicts        size    tier2      irredundant
c          level  restarts     redundant     glue     trail        variables
c
c e  1.13  9 32 9 11 780 1 26344 11674 1.8 27 15 11 21 32% 22924 4588 4010 216%
c ^  1.13  9 32 9 11 780 1 26344 11674 1.8 27 15 11 21 32% 22924 4588 4010 216%
c -  1.15  9 31 9 12 780 1 26797 4785 1.8 26 14 10 19 32% 22924 4588 4010 216%
c u  1.23 10 29 9 12 782 1 28419 5998 1.8 26 14 10 18 33% 22924 4588 4010 216%
c v  1.24 10 29 9 12 782 1 28419 5274 1.8 26 14 10 18 33% 22924 4588 4010 216%
c w  1.25 10 29 9 12 782 1 28419 4954 1.8 26 14 10 18 33% 22924 4588 4010 216%
c f  1.32 10 29 9 12 782 1 28419 4954 1.8 26 14 10 18 33% 22838 4575 4043 218%
c u  1.34 10 29 9 12 782 1 28419 4862 1.8 26 14 10 18 33% 22838 4575 4043 218%
c v  1.35 10 29 9 12 782 1 28419 4843 1.8 26 14 10 18 33% 22838 4575 4043 218%
c w  1.35 10 29 9 12 782 1 28419 4836 1.8 26 14 10 18 33% 22838 4575 4043 218%
c x  1.36 10 29 9 12 782 1 28419 4836 1.8 26 14 10 18 33% 22838 4575 4043 218%
c ]  1.37 10 29 10 12 782 1 28638 5013 1.8 25 14 10 18 33% 22838 4575 4043 218%
c {  1.37 10 30 10 12 782 4 28638 5013 1.8 20 11 10 14 32% 22838 4575 4043 218%
c -  1.42 10 29 10 13 788 4 30261 5800 1.8 20 11 9 13 33% 22838 4575 4043 218%
c -  1.53 10 27 10 14 958 4 33867 8549 1.8 20 11 9 13 33% 22838 4575 4043 218%
c }  1.64 10 27 11 14 1242 4 37265 11841 1.8 20 11 9 13 33% 22838 4575 4043 218%
c [  1.64 10 29 11 14 1242 1 37265 11841 1.8 25 14 10 18 33% 22838 4575 4043 218%
c O  1.64 10 29 11 14 1242 1 37265 11841 1.8 25 14 10 18 33% 22838 4575 4043 218%
c -  1.66 10 29 11 15 1242 1 37608 10774 1.8 25 14 10 17 33% 22838 4575 4043 218%
c -  1.79 10 28 11 16 1245 1 41480 12203 1.8 26 14 9 18 34% 22838 4575 4043 218%
c
c  seconds   switched    rate         size/glue  tier1     binary        remaining
c         MB   reductions  conflicts        size   tier2      irredundant
c          level    restarts     redundant     glue    trail        variables
c
c u  1.89 11 27 11 16 1247 1 43562 13627 1.8 25 14 9 18 34% 22838 4575 4043 218%
c v  1.91 11 27 11 16 1247 1 43562 13522 1.8 25 14 9 18 34% 22838 4575 4043 218%
c w  1.92 14 27 11 16 1247 1 43562 13405 1.8 25 14 9 18 34% 22838 4575 4043 218%
c o  1.92 14 27 11 16 1247 1 43562 13405 1.8 25 14 9 18 34% 22838 4575 4043 218%
c ]  1.97 12 37 12 16 1247 1 45237 15053 1.7 26 15 9 17 34% 22838 4575 4043 218%
c {  1.97 12 27 12 16 1247 4 45237 15053 1.8 20 11 9 13 33% 22838 4575 4043 218%
c -  1.98 12 27 12 17 1284 4 45480 12356 1.8 20 11 9 13 33% 22838 4575 4043 218%
c -  2.12 13 26 12 18 1475 4 49605 13826 1.8 20 11 9 13 34% 22838 4575 4043 218%
c -  2.26 12 25 12 19 1519 4 53847 14226 1.8 19 11 8 13 34% 22838 4575 4043 218%
c e  2.31 11 25 12 19 1624 4 54975 15287 1.8 19 11 8 13 34% 23143 5015 3637 196%
c ^  2.31 11 25 12 19 1624 4 54975 15287 1.8 19 11 8 13 34% 23143 5015 3637 196%
c }  2.37 12 24 13 19 1688 4 56716 14705 1.8 19 11 8 13 34% 23143 5015 3637 196%
c [  2.37 12 37 13 19 1688 1 56716 14705 1.7 26 15 9 17 34% 23143 5015 3637 196%
c B  2.37 12 37 13 19 1688 1 56716 14705 1.7 26 15 9 17 34% 23143 5015 3637 196%
c -  2.42 13 37 13 20 1689 1 58205 13504 1.7 26 15 9 18 34% 23143 5015 3637 196%
c u  2.57 13 35 13 20 1692 1 62189 17140 1.7 26 15 9 18 35% 23143 5015 3637 196%
c v  2.59 13 35 13 20 1692 1 62189 17070 1.7 26 15 9 18 35% 23143 5015 3637 196%
c w  2.60 13 35 13 20 1692 1 62189 16938 1.7 26 15 9 18 35% 23143 5015 3637 196%
c x  2.61 13 35 13 20 1692 1 62189 16933 1.7 26 15 9 18 35% 23143 5015 3637 196%
c f  2.62 11 35 13 20 1692 1 62189 16933 1.7 26 15 9 18 35% 23146 5002 3639 196%
c
c  seconds   switched    rate         size/glue  tier1     binary        remaining
c         MB   reductions  conflicts        size   tier2      irredundant
c          level    restarts     redundant     glue    trail        variables
c
c u  2.65 11 35 13 20 1692 1 62189 16824 1.7 26 15 9 18 35% 23146 5002 3639 196%
c v  2.67 14 35 13 20 1692 1 62189 16719 1.7 26 15 9 18 35% 23146 5002 3639 196%
c w  2.68 14 35 13 20 1692 1 62189 16621 1.7 26 15 9 18 35% 23146 5002 3639 196%
c -  2.77 12 34 13 21 1692 1 62677 14716 1.7 26 15 9 18 35% 23146 5002 3639 196%
c -  2.93 13 32 13 22 1694 1 67259 16139 1.7 25 14 9 17 35% 23146 5002 3639 196%
c ]  2.95 13 32 14 22 1694 1 67679 16540 1.7 25 14 9 17 35% 23146 5002 3639 196%
c {  2.95 13 24 14 22 1694 4 67679 16540 1.8 19 11 8 13 34% 23146 5002 3639 196%
c -  3.10 13 25 14 23 1924 4 71949 17658 1.8 19 11 8 13 35% 23146 5002 3639 196%
c o  3.16 13 25 14 23 2033 4 73579 19229 1.8 19 11 8 13 35% 23146 5002 3639 196%
c -  3.28 14 25 14 24 2269 4 76745 19061 1.8 20 11 8 13 35% 23146 5002 3639 196%
c -  3.47 14 25 14 25 2603 4 81643 20410 1.9 20 11 8 13 35% 23146 5002 3639 196%
c }  3.51 14 25 15 25 2766 4 82395 21161 1.8 20 11 8 13 35% 23146 5002 3639 196%
c [  3.51 14 32 15 25 2766 1 82395 21161 1.7 25 14 9 17 35% 23146 5002 3639 196%
c W  3.52 11 32 15 25 2766 1 82395 21161 1.7 25 14 9 17 35% 23146 5002 3639 196%
c u  3.62 11 33 15 25 2767 1 84387 22292 1.7 25 15 9 17 36% 23146 5002 3639 196%
c v  3.65 12 33 15 25 2767 1 84387 21889 1.7 25 15 9 17 36% 23146 5002 3639 196%
c w  3.67 12 33 15 25 2767 1 84387 21851 1.7 25 15 9 17 36% 23146 5002 3639 196%
c -  3.76 12 32 15 26 2769 1 86644 19951 1.7 26 15 9 17 36% 23146 5002 3639 196%
c -  3.95 12 31 15 27 2772 1 91744 20434 1.7 26 15 9 17 36% 23146 5002 3639 196%
c ]  4.13 12 30 16 27 2774 1 96021 24365 1.7 25 14 9 17 37% 23146 5002 3639 196%
c
c  seconds   switched    rate         size/glue  tier1     binary        remaining
c         MB   reductions  conflicts        size   tier2      irredundant
c          level    restarts     redundant     glue    trail        variables
c
c {  4.13 12 25 16 27 2774 4 96021 24365 1.8 20 11 8 13 35% 23146 5002 3639 196%
c -  4.17 12 25 16 28 2860 4 96940 21627 1.8 20 11 8 13 35% 23146 5002 3639 196%
c e  4.33 12 25 16 28 2981 4 101003 25501 1.8 20 11 8 13 36% 23864 6221 3022 163%
c ^  4.33 12 25 16 28 2981 4 101003 25501 1.8 20 11 8 13 36% 23864 6221 3022 163%
c -  4.38 13 25 16 29 3023 4 102231 16535 1.8 20 11 8 13 36% 23864 6221 3022 163%
c -  4.57 13 24 16 30 3363 4 107616 18899 1.8 20 11 8 13 37% 23864 6221 3022 163%
c u  4.69 13 24 16 30 3452 4 110329 21059 1.8 20 11 8 13 37% 23864 6221 3022 163%
c v  4.72 13 24 16 30 3452 4 110329 20765 1.8 20 11 8 13 37% 23864 6221 3022 163%
c w  4.73 13 24 16 30 3452 4 110329 20688 1.8 20 11 8 13 37% 23864 6221 3022 163%
c x  4.75 13 24 16 30 3452 4 110329 20684 1.8 20 11 8 13 37% 23864 6221 3022 163%
c -  4.88 14 24 16 31 3714 4 113094 20822 1.8 20 11 8 13 37% 23864 6221 3022 163%
c o  4.90 14 24 16 31 3745 4 113610 21332 1.8 20 11 8 13 37% 23864 6221 3022 163%
c }  4.93 14 24 17 31 3816 4 114358 22045 1.8 20 11 8 13 37% 23864 6221 3022 163%
c [  4.93 14 30 17 31 3816 1 114358 22045 1.7 25 14 9 17 37% 23864 6221 3022 163%
c I  4.93 14 30 17 31 3816 1 114358 22045 1.7 25 14 9 17 37% 23864 6221 3022 163%
c -  5.08 14 31 17 32 3819 1 118661 21876 1.7 26 15 9 17 37% 23864 6221 3022 163%
c -  5.29 14 30 17 33 3822 1 124318 22624 1.7 26 15 9 18 38% 23864 6221 3022 163%
c -  5.52 14 29 17 34 3825 1 130062 24015 1.8 26 15 9 17 39% 23864 6221 3022 163%
c ]  5.58 14 29 18 34 3826 1 131463 25353 1.8 26 15 9 17 39% 23864 6221 3022 163%
c {  5.58 14 24 18 34 3826 4 131463 25353 1.8 20 11 8 13 37% 23864 6221 3022 163%
c
c  seconds   switched    rate          size/glue  tier1     binary        remaining
c         MB   reductions  conflicts         size   tier2      irredundant
c          level    restarts      redundant     glue    trail        variables
c
c -  5.74 14 23 18 35 3828 3 135892 25589 1.8 19 11 8 13 38% 23864 6221 3022 163%
c u  5.93 14 22 18 35 3828 3 139936 28711 1.8 19 11 8 13 38% 23864 6221 3022 163%
c v  5.98 15 22 18 35 3828 3 139936 28377 1.8 19 11 8 13 38% 23864 6221 3022 163%
c w  6.00 15 22 18 35 3828 3 139936 28225 1.8 19 11 8 13 38% 23864 6221 3022 163%
c -  6.07 15 22 18 36 3830 3 141808 26054 1.8 19 11 8 12 38% 23864 6221 3022 163%
c -  6.28 15 21 18 37 3843 3 147808 27887 1.8 19 11 8 12 39% 23864 6221 3022 163%
c }  6.48 15 20 19 37 3846 3 153809 33056 1.8 19 11 8 12 39% 23864 6221 3022 163%
c [  6.48 15 29 19 37 3846 1 153809 33056 1.8 26 15 9 17 39% 23864 6221 3022 163%
c B  6.48 15 29 19 37 3846 1 153809 33056 1.8 26 15 9 17 39% 23864 6221 3022 163%
c -  6.49 15 29 19 38 3846 1 153890 29619 1.8 26 15 9 17 39% 23864 6221 3022 163%
c -  6.75 15 31 19 39 3851 1 160055 29426 1.7 27 16 9 18 39% 23864 6221 3022 163%
c e  7.05 16 32 19 39 3852 1 166066 35103 1.7 28 16 9 18 39% 25299 7808 2543 137%
c ^  7.05 16 32 19 39 3852 1 166066 35103 1.7 28 16 9 18 39% 25299 7808 2543 137%
c o  7.06 16 32 19 39 3852 1 166066 24892 1.7 28 16 9 18 39% 25299 7808 2543 137%
c -  7.07 16 32 19 40 3853 1 166300 20392 1.7 28 16 9 19 39% 25299 7808 2543 137%
c -  7.29 16 33 19 41 3858 1 172624 23644 1.7 27 16 9 19 40% 25299 7808 2543 137%
c u  7.36 16 32 19 41 3858 1 173452 24032 1.7 27 16 9 19 40% 25299 7808 2543 137%
c v  7.41 16 32 19 41 3858 1 173452 23373 1.7 27 16 9 19 40% 25299 7808 2543 137%
c w  7.43 16 32 19 41 3858 1 173452 23263 1.7 27 16 9 19 40% 25299 7808 2543 137%
c ]  7.46 16 32 20 41 3858 1 173607 23407 1.7 27 16 9 19 40% 25299 7808 2543 137%
c
c  seconds   switched    rate          size/glue  tier1     binary        remaining
c         MB   reductions  conflicts         size   tier2      irredundant
c          level    restarts      redundant     glue    trail        variables
c
c {  7.46 16 20 20 41 3858 3 173607 23407 1.8 19 11 8 12 39% 25299 7808 2543 137%
c -  7.65 16 20 20 42 4009 3 179027 26697 1.8 19 11 8 12 40% 25299 7808 2543 137%
c -  7.90 16 20 20 43 4360 3 185508 29259 1.8 19 11 8 12 40% 25299 7808 2543 137%
c -  8.15 16 20 20 44 4844 3 192065 31224 1.8 19 11 8 12 41% 25299 7808 2543 137%
c -  8.43 16 20 20 45 5458 3 198699 33149 1.8 19 11 8 12 41% 25299 7808 2543 137%
c }  8.50 16 20 21 45 5630 3 200346 34744 1.8 19 11 8 12 41% 25299 7808 2543 137%
c [  8.50 16 32 21 45 5630 1 200346 34744 1.7 27 16 9 19 40% 25299 7808 2543 137%
c W  8.51 16 32 21 45 5630 1 200346 34744 1.7 27 16 9 19 40% 25299 7808 2543 137%
c -  8.69 16 32 21 46 5633 1 205407 34638 1.7 27 16 9 19 41% 25299 7808 2543 137%
c u  8.96 16 31 21 46 5636 1 210711 39443 1.7 27 16 9 19 41% 25299 7808 2543 137%
c v  9.01 16 31 21 46 5636 1 210711 39426 1.7 27 16 9 19 41% 25299 7808 2543 137%
c w  9.04 21 31 21 46 5636 1 210711 39390 1.7 27 16 9 19 41% 25299 7808 2543 137%
c -  9.34 18 31 21 47 5636 1 212191 35415 1.7 27 15 9 18 42% 25299 7808 2543 137%
c -  9.66 20 30 21 48 5642 1 219046 37220 1.7 26 15 9 18 42% 25299 7808 2543 137%
c ]  9.86 18 29 22 48 5643 1 223591 41457 1.7 26 15 9 18 43% 25299 7808 2543 137%
c {  9.86 18 20 22 48 5643 3 223591 41457 1.8 19 11 8 12 41% 25299 7808 2543 137%
c - 10.06 20 21 22 49 6246 3 225974 38331 1.8 19 11 8 12 41% 25299 7808 2543 137%
c o 10.07 20 21 22 49 6271 3 226067 38424 1.8 19 11 8 12 41% 25299 7808 2543 137%
c - 10.64 20 25 22 50 8144 5 232974 38770 1.8 20 11 8 12 42% 25299 7808 2543 137%
c - 11.24 20 28 22 51 10021 6 240045 38939 1.8 20 11 8 13 42% 25299 7808 2543 137%
c
c  seconds   switched     rate          size/glue  tier1     binary        remaining
c         MB   reductions   conflicts         size   tier2      irredundant
c          level    restarts       redundant     glue    trail        variables
c
c - 11.84 20 31 22 52 11530 6 247186 39445 1.8 21 12 8 13 43% 25299 7808 2543 137%
c e 12.22 17 32 22 52 12456 7 251570 43810 1.8 21 12 8 13 43% 27479 10096 2180 118%
c ! 12.23 17 32 22 52 12456 7 251570 43810 1.8 21 12 8 13 43% 27479 10096 2180 118%
c u 12.34 20 32 22 52 12551 7 252007 24002 1.8 21 12 8 13 43% 27479 10096 2180 118%
c v 12.40 20 32 22 52 12551 7 252007 23607 1.8 21 12 8 13 43% 27479 10096 2180 118%
c w 12.43 20 32 22 52 12551 7 252007 23591 1.8 21 12 8 13 43% 27479 10096 2180 118%
c f 12.53 17 32 22 52 12551 7 252007 23591 1.8 21 12 8 13 43% 27031 10007 2210 119%
c u 12.63 19 32 22 52 12551 7 252007 23152 1.8 21 12 8 13 43% 27031 10007 2210 119%
c v 12.72 20 32 22 52 12551 7 252007 22901 1.8 21 12 8 13 43% 27031 10007 2210 119%
c w 12.76 20 32 22 52 12551 7 252007 22869 1.8 21 12 8 13 43% 27031 10007 2210 119%
c - 12.93 17 33 22 53 13064 7 254398 22111 1.8 22 12 8 13 43% 27031 10007 2210 119%
c } 12.98 17 33 23 53 13217 7 255107 22817 1.8 22 12 8 13 43% 27031 10007 2210 119%
c [ 12.98 17 29 23 53 13217 1 255107 22817 1.7 26 15 9 18 43% 27031 10007 2210 119%
c O 12.98 17 29 23 53 13217 1 255107 22817 1.7 26 15 9 18 43% 27031 10007 2210 119%
c - 13.22 18 28 23 54 13222 1 261678 26324 1.7 25 14 9 18 44% 27031 10007 2210 119%
c - 13.52 19 27 23 55 13225 1 269028 30241 1.8 25 14 8 17 44% 27031 10007 2210 119%
c - 13.85 19 26 23 56 13230 1 276444 32559 1.8 24 14 8 17 45% 27031 10007 2210 119%
c B 14.13 19 25 23 56 13231 1 282849 38413 1.8 24 14 8 17 45% 27031 10007 2210 119%
c - 14.18 20 25 23 57 13231 1 283927 34393 1.8 24 14 8 17 46% 27031 10007 2210 119%
c - 14.48 19 25 23 58 13234 1 291476 35430 1.8 24 14 8 17 46% 27031 10007 2210 119%
c
c  seconds   switched     rate          size/glue  tier1     binary         remaining
c         MB   reductions   conflicts         size   tier2       irredundant
c          level    restarts       redundant     glue    trail         variables
c
c u 14.79 21 25 23 58 13238 1 297093 37547 1.8 24 14 8 17 46% 27031 10007 2210 119%
c v 14.87 21 25 23 58 13238 1 297093 37470 1.8 24 14 8 17 46% 27031 10007 2210 119%
c w 14.90 23 25 23 58 13238 1 297093 37329 1.8 24 14 8 17 46% 27031 10007 2210 119%
c o 14.91 23 25 23 58 13238 1 297093 37329 1.8 24 14 8 17 46% 27031 10007 2210 119%
c - 14.99 19 28 23 59 13238 1 299091 32903 1.7 25 14 8 17 46% 27031 10007 2210 119%
c - 15.29 20 29 23 60 13244 1 306772 33772 1.7 25 14 8 17 47% 27031 10007 2210 119%
c ] 15.61 19 28 24 60 13246 1 314242 40707 1.7 24 14 8 17 47% 27031 10007 2210 119%
c { 15.61 19 33 24 60 13246 7 314242 40707 1.8 22 12 8 13 43% 27031 10007 2210 119%
c - 15.63 20 33 24 61 13257 7 314519 35177 1.8 22 12 8 13 43% 27031 10007 2210 119%
c - 15.92 20 32 24 62 13305 6 322331 36838 1.8 21 12 8 13 44% 27031 10007 2210 119%
c - 16.21 20 30 24 63 13353 6 330208 38336 1.8 21 12 8 13 45% 27031 10007 2210 119%
c - 16.51 20 29 24 64 13412 6 338147 40395 1.8 21 12 8 13 45% 27031 10007 2210 119%
c - 16.79 21 28 24 65 13440 5 346147 42230 1.8 21 12 8 13 45% 27031 10007 2210 119%
c u 16.88 24 28 24 65 13452 5 346339 42209 1.8 21 12 8 13 45% 27031 10007 2210 119%
c v 16.95 24 28 24 65 13452 5 346339 42147 1.8 21 12 8 13 45% 27031 10007 2210 119%
c w 16.98 24 28 24 65 13452 5 346339 42085 1.8 21 12 8 13 45% 27031 10007 2210 119%
c } 17.16 20 28 25 65 13491 5 350919 46417 1.8 21 12 8 13 46% 27031 10007 2210 119%
c [ 17.16 20 28 25 65 13491 1 350919 46417 1.7 24 14 8 17 47% 27031 10007 2210 119%
c W 17.18 17 28 25 65 13491 1 350919 46417 1.7 24 14 8 17 47% 27031 10007 2210 119%
c - 17.31 17 28 25 66 13493 1 354212 43238 1.7 24 14 8 17 47% 27031 10007 2210 119%
c
c  seconds   switched     rate          size/glue  tier1     binary         remaining
c         MB   reductions   conflicts         size   tier2       irredundant
c          level    restarts       redundant     glue    trail         variables
c
c e 17.49 17 28 25 66 13496 1 358667 47464 1.7 24 14 8 17 48% 27086 10012 2206 119%
c - 17.64 19 27 25 67 13497 1 362339 44194 1.7 24 14 8 17 48% 27086 10012 2206 119%
c - 18.00 20 27 25 68 13503 1 370525 45335 1.8 24 14 8 17 48% 27086 10012 2206 119%
c - 18.38 17 26 25 69 13505 1 378771 46225 1.8 24 14 8 17 49% 27086 10012 2206 119%
c ] 18.52 15 26 26 69 13505 1 381724 48898 1.8 24 14 8 17 49% 27086 10012 2206 119%
c { 18.52 15 28 26 69 13505 5 381724 48898 1.8 21 12 8 13 46% 27086 10012 2206 119%
c o 18.52 15 28 26 69 13510 5 381811 48984 1.8 21 12 8 13 46% 27086 10012 2206 119%
c - 18.73 16 27 26 70 13522 5 387077 47112 1.8 21 12 8 13 46% 27086 10012 2206 119%
c - 19.04 15 26 26 71 13547 5 395443 47673 1.8 20 11 8 13 46% 27086 10012 2206 119%
c u 19.31 19 25 26 71 13580 4 399822 51470 1.8 20 11 8 13 46% 27086 10012 2206 119%
c v 19.40 19 25 26 71 13580 4 399822 49486 1.8 20 11 8 13 46% 27086 10012 2206 119%
c w 19.42 19 25 26 71 13580 4 399822 49177 1.8 20 11 8 13 46% 27086 10012 2206 119%
c f 19.44 12 25 26 71 13580 4 399822 49177 1.8 20 11 8 13 46% 27057 10007 2208 119%
c u 19.52 21 25 26 71 13580 4 399822 49133 1.8 20 11 8 13 46% 27057 10007 2208 119%
c v 19.58 21 25 26 71 13580 4 399822 49043 1.8 20 11 8 13 46% 27057 10007 2208 119%
c w 19.60 21 25 26 71 13580 4 399822 48793 1.8 20 11 8 13 46% 27057 10007 2208 119%
c - 20.16 20 25 26 72 13646 4 403870 47839 1.8 20 11 8 13 46% 27057 10007 2208 119%
c - 20.49 20 24 26 73 13739 4 412356 50719 1.8 20 11 8 13 47% 27057 10007 2208 119%
c - 20.81 20 23 26 74 13825 4 420900 52817 1.8 20 11 8 13 47% 27057 10007 2208 119%
c } 20.92 20 23 27 74 13825 4 423943 55519 1.8 19 11 8 13 47% 27057 10007 2208 119%
c
c  seconds   switched     rate          size/glue  tier1     binary         remaining
c         MB   reductions   conflicts         size   tier2       irredundant
c          level    restarts       redundant     glue    trail         variables
c
c [ 20.92 20 26 27 74 13825 1 423943 55519 1.8 24 14 8 17 49% 27057 10007 2208 119%
c I 20.92 20 26 27 74 13825 1 423943 55519 1.8 24 14 8 17 49% 27057 10007 2208 119%
c - 21.16 23 27 27 75 13829 1 429505 53017 1.8 25 14 9 17 49% 27057 10007 2208 119%
c - 21.54 22 28 27 76 13833 1 438166 52410 1.8 26 15 9 17 49% 27057 10007 2208 119%
c - 21.96 23 28 27 77 13838 1 446883 53029 1.8 27 15 9 17 49% 27057 10007 2208 119%
c - 22.36 22 29 27 78 13839 1 455657 54269 1.9 28 15 9 18 49% 27057 10007 2208 119%
c u 22.57 25 29 27 78 13840 1 457592 55891 1.9 28 15 9 18 49% 27057 10007 2208 119%
c v 22.66 25 29 27 78 13840 1 457592 55817 1.9 28 15 9 18 49% 27057 10007 2208 119%
c w 22.70 25 29 27 78 13840 1 457592 55811 1.9 28 15 9 18 49% 27057 10007 2208 119%
c ] 22.79 21 29 28 78 13842 1 459261 57437 1.9 28 15 9 18 49% 27057 10007 2208 119%
c { 22.79 21 23 28 78 13842 4 459261 57437 1.8 19 11 8 13 47% 27057 10007 2208 119%
c - 23.03 23 23 28 79 13939 4 464489 56235 1.8 19 11 8 13 47% 27057 10007 2208 119%
c o 23.35 23 23 28 79 14112 4 471811 63045 1.8 19 11 8 13 47% 27057 10007 2208 119%
c - 23.43 23 22 28 80 14145 3 473378 59248 1.8 19 11 8 13 47% 27057 10007 2208 119%
c - 23.83 22 22 28 81 14300 3 482324 61416 1.8 19 11 8 13 47% 27057 10007 2208 119%
c - 24.23 25 21 28 82 14457 3 491324 63815 1.8 19 11 8 13 47% 27057 10007 2208 119%
c - 24.63 25 21 28 83 14666 3 500380 66252 1.7 19 11 8 13 48% 27057 10007 2208 119%
c } 24.97 25 21 29 83 14955 3 507400 72946 1.8 19 11 8 13 48% 27057 10007 2208 119%
c [ 24.97 25 29 29 83 14955 1 507400 72946 1.9 28 15 9 18 49% 27057 10007 2208 119%
c B 24.97 25 29 29 83 14955 1 507400 72946 1.9 28 15 9 18 49% 27057 10007 2208 119%
c
c  seconds   switched     rate          size/glue  tier1     binary         remaining
c         MB   reductions   conflicts         size   tier2       irredundant
c          level    restarts       redundant     glue    trail         variables
c
c - 25.06 25 29 29 84 14957 1 509492 68616 1.9 28 15 9 18 49% 27057 10007 2208 119%
c - 25.45 22 28 29 85 14961 1 518657 70364 1.9 27 15 9 18 49% 27057 10007 2208 119%
c u 25.63 25 28 29 85 14962 1 519729 70382 1.9 27 15 9 18 49% 27057 10007 2208 119%
c v 25.73 25 28 29 85 14962 1 519729 67111 1.9 27 15 9 18 49% 27057 10007 2208 119%
c w 25.77 25 28 29 85 14962 1 519729 66362 1.9 27 15 9 18 49% 27057 10007 2208 119%
c - 26.15 22 27 29 86 14967 1 527878 67162 1.9 27 14 9 17 49% 27057 10007 2208 119%
c - 26.61 25 26 29 87 14969 1 537151 71288 1.8 26 14 9 17 49% 27057 10007 2208 119%
c - 27.12 25 25 29 88 14975 1 546478 72588 1.8 25 14 9 17 50% 27057 10007 2208 119%
c ] 27.31 22 25 30 88 14976 1 550329 76134 1.8 25 14 9 17 50% 27057 10007 2208 119%
c { 27.31 22 21 30 88 14976 3 550329 76134 1.8 19 11 8 13 48% 27057 10007 2208 119%
c - 27.60 25 21 30 89 15203 3 555859 73725 1.7 19 11 8 13 48% 27057 10007 2208 119%
c - 28.04 22 21 30 90 15484 3 565292 74852 1.7 19 11 8 12 48% 27057 10007 2208 119%
c o 28.35 25 20 30 90 15572 3 572932 81889 1.7 19 11 8 12 48% 27057 10007 2208 119%
c - 28.45 25 20 30 91 15627 3 574778 76328 1.7 19 11 8 12 48% 27057 10007 2208 119%
c - 28.88 25 20 30 92 15883 3 584318 78497 1.8 19 11 8 12 48% 27057 10007 2208 119%
c u 29.11 25 20 30 92 15883 3 586284 79240 1.8 19 11 8 12 48% 27057 10007 2208 119%
c v 29.23 26 20 30 92 15883 3 586284 78529 1.8 19 11 8 12 48% 27057 10007 2208 119%
c w 29.27 26 20 30 92 15883 3 586284 78371 1.8 19 11 8 12 48% 27057 10007 2208 119%
c - 29.69 25 20 30 93 16161 3 593909 78487 1.8 19 11 8 12 48% 27057 10007 2208 119%
c - 30.16 25 20 30 94 16462 3 603553 80419 1.8 19 10 8 12 48% 27057 10007 2208 119%
c
c  seconds   switched     rate          size/glue  tier1     binary         remaining
c         MB   reductions   conflicts         size   tier2       irredundant
c          level    restarts       redundant     glue    trail         variables
c
c } 30.22 22 20 31 94 16462 3 604764 81592 1.8 19 10 8 12 48% 27057 10007 2208 119%
c [ 30.22 22 25 31 94 16462 1 604764 81592 1.8 25 14 9 17 50% 27057 10007 2208 119%
c W 30.25 18 25 31 94 16462 1 604764 81592 1.8 25 14 9 17 50% 27057 10007 2208 119%
c - 30.64 22 24 31 95 16468 1 613249 81279 1.8 25 14 8 17 50% 27057 10007 2208 119%
c - 31.13 23 24 31 96 16473 1 622995 81810 1.8 25 14 8 17 50% 27057 10007 2208 119%
c - 31.66 24 24 31 97 16476 1 632792 81965 1.8 25 14 8 17 50% 27057 10007 2208 119%
c - 32.22 24 24 31 98 16480 1 642640 82353 1.8 25 14 8 17 50% 27057 10007 2208 119%
c - 32.79 24 23 31 99 16486 1 652539 83761 1.8 25 13 8 17 50% 27057 10007 2208 119%
c O 32.81 24 23 31 99 16486 1 652925 84132 1.8 25 13 8 17 50% 27057 10007 2208 119%
c ] 32.84 24 23 32 99 16486 1 653578 84733 1.8 25 13 8 17 50% 27057 10007 2208 119%
c { 32.84 24 20 32 99 16486 3 653578 84733 1.8 19 10 8 12 48% 27057 10007 2208 119%
c u 33.22 35 20 32 99 16636 3 657307 88171 1.8 19 10 8 12 48% 27057 10007 2208 119%
c v 33.36 35 20 32 99 16636 3 657307 87900 1.8 19 10 8 12 48% 27057 10007 2208 119%
c w 33.42 35 20 32 99 16636 3 657307 87603 1.8 19 10 8 12 48% 27057 10007 2208 119%
c - 33.70 33 20 32 100 16761 3 662488 83971 1.8 19 10 8 12 48% 27057 10007 2208 119%
c - 34.25 33 19 32 101 17246 3 672488 84265 1.8 19 10 8 12 48% 27057 10007 2208 119%
c - 34.83 33 19 32 102 17683 3 682537 84104 1.8 19 10 8 12 49% 27057 10007 2208 119%
c o 34.92 33 19 32 102 17743 3 683868 85358 1.8 19 10 8 12 49% 27057 10007 2208 119%
c - 35.38 33 19 32 103 18025 3 692636 84330 1.8 19 10 8 12 49% 27057 10007 2208 119%
c - 35.92 33 19 32 104 18507 3 702784 84393 1.8 19 10 8 12 49% 27057 10007 2208 119%
c
c  seconds   switched      rate          size/glue  tier1     binary         remaining
c         MB   reductions    conflicts         size   tier2       irredundant
c          level     restarts       redundant     glue    trail         variables
c
c - 36.46 33 19 32 105 18907 3 712982 84194 1.8 18 10 8 12 49% 27057 10007 2208 119%
c } 36.54 33 19 33 105 18907 3 714682 85746 1.8 18 10 8 12 49% 27057 10007 2208 119%
c [ 36.54 33 23 33 105 18907 1 714682 85746 1.8 25 13 8 17 50% 27057 10007 2208 119%
c B 36.54 33 23 33 105 18907 1 714682 85746 1.8 25 13 8 17 50% 27057 10007 2208 119%
c - 36.94 33 23 33 106 18913 1 723229 84901 1.8 24 13 8 17 50% 27057 10007 2208 119%
c u 37.57 34 22 33 106 18918 1 732853 93311 1.8 24 13 8 17 50% 27057 10007 2208 119%
c v 37.72 37 22 33 106 18918 1 732853 89977 1.8 24 13 8 17 50% 27057 10007 2208 119%
c w 37.77 37 22 33 106 18918 1 732853 89275 1.8 24 13 8 17 50% 27057 10007 2208 119%
c - 37.84 30 22 33 107 18919 1 733524 82233 1.8 24 13 8 16 50% 27057 10007 2208 119%
c - 38.40 33 22 33 108 18921 1 743868 86198 1.9 24 13 8 16 50% 27057 10007 2208 119%
c - 39.04 33 22 33 109 18927 1 754260 88443 1.8 24 13 8 16 51% 27057 10007 2208 119%
c - 39.67 33 21 33 110 18932 1 764700 88564 1.8 24 13 8 16 51% 27057 10007 2208 119%
c ] 39.92 33 21 34 110 18935 1 769384 93026 1.8 24 13 8 16 51% 27057 10007 2208 119%
c { 39.92 33 19 34 110 18935 3 769384 93026 1.8 18 10 8 12 49% 27057 10007 2208 119%
c - 40.23 33 19 34 111 18946 2 775189 87497 1.8 18 10 8 12 49% 27057 10007 2208 119%
c - 40.78 33 18 34 112 18950 2 785726 86345 1.7 18 10 8 12 49% 27057 10007 2208 119%
c - 41.28 33 17 34 113 18973 2 796309 86345 1.7 18 10 8 12 49% 27057 10007 2208 119%
c o 41.68 33 17 34 113 18978 2 805260 93861 1.7 18 10 8 12 49% 27057 10007 2208 119%
c - 41.78 33 17 34 114 18988 2 806939 86613 1.7 17 10 8 12 49% 27057 10007 2208 119%
c u 42.23 34 16 34 114 18988 2 812970 91316 1.7 17 10 8 12 49% 27057 10007 2208 119%
c
c  seconds   switched      rate          size/glue  tier1     binary         remaining
c         MB   reductions    conflicts         size   tier2       irredundant
c          level     restarts       redundant     glue    trail         variables
c
c v 42.35 35 16 34 114 18988 2 812970 90303 1.7 17 10 8 12 49% 27057 10007 2208 119%
c w 42.39 37 16 34 114 18988 2 812970 90190 1.7 17 10 8 12 49% 27057 10007 2208 119%
c - 42.72 33 16 34 115 18990 2 817617 85739 1.7 17 10 8 12 49% 27057 10007 2208 119%
c - 43.22 33 16 34 116 18998 2 828340 88347 1.7 17 10 8 12 49% 27057 10007 2208 119%
c } 43.67 33 15 35 116 19025 2 837530 96017 1.7 17 10 8 12 49% 27057 10007 2208 119%
c [ 43.67 33 21 35 116 19025 1 837530 96017 1.8 24 13 8 16 51% 27057 10007 2208 119%
c W 43.76 26 21 35 116 19025 1 837530 96017 1.8 24 13 8 16 51% 27057 10007 2208 119%
c - 43.86 26 21 35 117 19026 1 839110 90533 1.8 24 13 8 16 51% 27057 10007 2208 119%
c - 44.43 26 21 35 118 19032 1 849926 92213 1.8 24 13 8 16 51% 27057 10007 2208 119%
c - 45.06 26 22 35 119 19038 1 860790 93474 1.8 24 13 8 16 51% 27057 10007 2208 119%
c - 45.75 26 21 35 120 19041 1 871700 94526 1.9 24 13 8 16 51% 27057 10007 2208 119%
c - 46.49 27 21 35 121 19047 1 882656 95246 1.9 24 13 8 16 51% 27057 10007 2208 119%
c ] 47.12 27 21 36 121 19053 1 892432 104350 1.9 24 13 8 16 51% 27057 10007 2208 119%
c { 47.12 27 15 36 121 19053 2 892432 104350 1.7 17 10 8 12 49% 27057 10007 2208 119%
c - 47.22 27 15 36 122 19106 2 893661 94001 1.7 17 10 8 12 49% 27057 10007 2208 119%
c u 47.75 36 16 36 122 19733 2 897712 97734 1.7 17 10 8 12 49% 27057 10007 2208 119%
c v 47.93 36 16 36 122 19733 2 897712 97102 1.7 17 10 8 12 49% 27057 10007 2208 119%
c w 48.00 38 16 36 122 19733 2 897712 96625 1.7 17 10 8 12 49% 27057 10007 2208 119%
c - 49.19 34 16 36 123 20487 2 904706 92019 1.7 17 10 8 12 49% 27057 10007 2208 119%
c - 49.84 34 16 36 124 21225 2 915797 92174 1.7 17 10 8 12 49% 27057 10007 2208 119%
c
c  seconds   switched      rate          size/glue  tier1     binary         remaining
c         MB   reductions    conflicts         size   tier2       irredundant
c          level     restarts       redundant     glue    trail         variables
c
c - 50.54 34 17 36 125 22291 2 926932 92277 1.7 17 10 8 12 49% 27057 10007 2208 119%
c o 51.16 34 17 36 125 23111 2 935895 100844 1.7 17 10 8 12 49% 27057 10007 2208 119%
c - 51.34 34 17 36 126 23386 2 938112 93892 1.7 17 10 8 12 49% 27057 10007 2208 119%
c - 51.99 34 17 36 127 23918 3 949338 95200 1.7 17 10 8 12 49% 27057 10007 2208 119%
c - 52.72 34 18 36 128 24667 3 960608 97153 1.7 17 10 8 12 49% 27057 10007 2208 119%
c } 53.19 34 18 37 128 25258 3 967988 104084 1.7 17 10 8 12 49% 27057 10007 2208 119%
c [ 53.19 34 21 37 128 25258 1 967988 104084 1.9 24 13 8 16 51% 27057 10007 2208 119%
c I 53.19 34 21 37 128 25258 1 967988 104084 1.9 24 13 8 16 51% 27057 10007 2208 119%
c - 53.39 34 22 37 129 25260 1 971922 98275 1.9 25 13 8 16 51% 27057 10007 2208 119%
c - 53.97 34 22 37 130 25267 1 983279 96440 1.9 25 13 8 16 51% 27057 10007 2208 119%
c u 54.40 38 22 37 130 25270 1 987130 99799 1.9 25 14 8 16 51% 27057 10007 2208 119%
c v 54.59 38 22 37 130 25270 1 987130 99625 1.9 25 14 8 16 51% 27057 10007 2208 119%
c w 54.66 38 22 37 130 25270 1 987130 99557 1.9 25 14 8 16 51% 27057 10007 2208 119%
c - 55.07 34 22 37 131 25272 1 994680 94952 1.9 25 14 8 16 51% 27057 10007 2208 119%
c - 55.70 34 23 37 132 25277 1 1006128 95182 1.9 25 14 8 16 51% 27057 10007 2208 119%
c - 56.34 34 23 37 133 25283 1 1017618 94159 1.9 26 14 8 16 51% 27057 10007 2208 119%
c - 57.01 34 24 37 134 25287 1 1029153 92022 1.9 26 14 8 16 51% 27057 10007 2208 119%
c B 57.39 34 24 37 134 25288 1 1035671 98294 1.9 26 14 8 16 51% 27057 10007 2208 119%
c - 57.69 34 25 37 135 25288 1 1040728 90018 1.9 27 14 8 16 51% 27057 10007 2208 119%
c ] 58.24 34 28 38 135 25290 1 1051229 100289 1.9 28 15 8 16 51% 27057 10007 2208 119%
c
c  seconds   switched      rate            size/glue  tier1     binary         remaining
c         MB   reductions     conflicts          size   tier2       irredundant
c          level     restarts        redundant      glue    trail         variables
c
c { 58.24 34 18 38 135 25290 3 1051229 100289 1.7 17 10 8 12 49% 27057 10007 2208 119%
c - 58.41 34 18 38 136 25525 3 1052347 87565 1.7 18 10 8 12 49% 27057 10007 2208 119%
c - 59.95 34 22 38 137 27966 4 1064008 86665 1.7 19 11 8 12 49% 27057 10007 2208 119%
c - 61.35 34 26 38 138 30432 5 1075712 87309 1.7 20 12 8 12 49% 27057 10007 2208 119%
c o 61.37 34 26 38 138 30475 5 1075900 87496 1.7 20 12 8 12 49% 27057 10007 2208 119%
c u 62.33 38 28 38 138 31613 5 1081277 92519 1.7 21 12 8 12 49% 27057 10007 2208 119%
c v 62.55 38 28 38 138 31613 5 1081277 92087 1.7 21 12 8 12 49% 27057 10007 2208 119%
c w 62.64 38 28 38 138 31613 5 1081277 92062 1.7 21 12 8 12 49% 27057 10007 2208 119%
c - 63.49 34 29 38 139 32917 5 1087459 87000 1.7 22 13 8 12 49% 27057 10007 2208 119%
c - 65.00 34 32 38 140 35422 6 1099249 87326 1.7 23 13 8 12 49% 27057 10007 2208 119%
c - 66.60 34 35 38 141 37892 7 1111082 86993 1.7 23 14 8 12 49% 27057 10007 2208 119%
c - 68.05 34 37 38 142 40106 7 1122957 86302 1.7 24 14 8 12 49% 27057 10007 2208 119%
c } 69.54 34 38 39 142 42164 8 1134563 97805 1.7 25 14 8 12 49% 27057 10007 2208 119%
c [ 69.54 34 28 39 142 42164 1 1134563 97805 1.9 28 15 8 16 51% 27057 10007 2208 119%
c W 69.75 27 28 39 142 42164 1 1134563 97805 1.9 28 15 8 16 51% 27057 10007 2208 119%
c - 69.78 27 28 39 143 42164 1 1134873 85678 1.9 28 15 8 17 51% 27057 10007 2208 119%
c - 70.40 27 27 39 144 42170 1 1146831 87095 1.9 27 15 8 17 51% 27057 10007 2208 119%
c - 71.05 27 26 39 145 42177 1 1158831 88199 1.9 27 14 8 16 51% 27057 10007 2208 119%
c - 71.75 27 25 39 146 42181 1 1170872 87792 1.9 26 14 8 16 51% 27057 10007 2208 119%
c u 72.65 38 25 39 146 42186 1 1180176 95884 1.9 26 14 8 16 51% 27057 10007 2208 119%
c
c  seconds   switched      rate           size/glue  tier1     binary         remaining
c         MB   reductions     conflicts         size   tier2       irredundant
c          level     restarts        redundant     glue    trail         variables
c
c v 72.99 38 25 39 146 42186 1 1180176 93021 1.9 26 14 8 16 51% 27057 10007 2208 119%
c w 73.12 38 25 39 146 42186 1 1180176 90804 1.9 26 14 8 16 51% 27057 10007 2208 119%
c - 73.33 32 25 39 147 42188 1 1182958 81602 1.9 26 14 8 16 51% 27057 10007 2208 119%
c - 74.09 34 25 39 148 42193 1 1195082 80735 1.9 27 14 8 16 51% 27057 10007 2208 119%
c - 74.83 34 26 39 149 42194 1 1207248 80560 1.9 27 14 8 16 51% 27057 10007 2208 119%
c O 75.19 34 25 39 149 42194 1 1212991 86123 1.9 27 14 8 16 51% 27057 10007 2208 119%
c - 75.63 34 25 39 150 42197 1 1219456 82215 1.9 26 14 8 16 51% 27057 10007 2208 119%
c - 76.44 31 24 39 151 42204 1 1231703 84306 1.9 26 14 8 16 51% 27057 10007 2208 119%
c - 77.29 34 23 39 152 42209 1 1243991 84947 1.8 25 14 8 16 51% 27057 10007 2208 119%
c - 78.14 34 23 39 153 42215 1 1256319 83929 1.8 25 14 8 16 51% 27057 10007 2208 119%
c - 79.02 34 23 39 154 42222 1 1268688 82362 1.8 25 14 8 16 51% 27057 10007 2208 119%
c - 79.84 34 22 39 155 42224 1 1281099 81235 1.8 24 14 8 16 51% 27057 10007 2208 119%
c u 80.26 38 23 39 155 42225 1 1283881 82768 1.8 25 14 8 16 51% 27057 10007 2208 119%
c v 80.51 38 23 39 155 42225 1 1283881 78546 1.8 25 14 8 16 51% 27057 10007 2208 119%
c w 80.61 38 23 39 155 42225 1 1283881 74168 1.8 25 14 8 16 51% 27057 10007 2208 119%
c o 80.62 38 23 39 155 42225 1 1283881 74168 1.8 25 14 8 16 51% 27057 10007 2208 119%
c ] 81.09 34 30 40 155 42225 1 1292833 82993 1.8 25 14 8 16 51% 27057 10007 2208 119%
c { 81.09 34 38 40 155 42225 8 1292833 82993 1.7 25 14 8 12 49% 27057 10007 2208 119%
c - 81.14 34 38 40 156 42234 8 1293548 72526 1.7 25 14 8 12 49% 27057 10007 2208 119%
c - 81.79 34 36 40 157 42265 7 1306039 75561 1.8 24 14 8 12 50% 27057 10007 2208 119%
c
c  seconds   switched      rate           size/glue  tier1     binary         remaining
c         MB   reductions     conflicts         size   tier2       irredundant
c          level     restarts        redundant     glue    trail         variables
c
c - 82.43 34 34 40 158 42316 6 1318568 78052 1.8 24 14 8 13 50% 27057 10007 2208 119%
c - 83.07 34 32 40 159 42317 6 1331137 79219 1.8 24 13 8 13 50% 27057 10007 2208 119%
c - 83.78 34 30 40 160 42318 5 1343746 79707 1.8 23 13 8 12 50% 27057 10007 2208 119%
c - 84.46 34 29 40 161 42400 5 1356396 70280 1.8 23 13 7 12 49% 27057 10007 2208 119%
c - 85.09 34 27 40 162 42483 4 1369085 68767 1.8 22 13 7 13 49% 27057 10007 2208 119%
c - 85.71 34 26 40 163 42498 4 1381812 69249 1.8 22 12 7 13 49% 27057 10007 2208 119%
c } 85.83 34 26 41 163 42503 4 1384305 71639 1.8 22 12 7 13 49% 27057 10007 2208 119%
c [ 85.83 34 30 41 163 42503 1 1384305 71639 1.8 25 14 8 16 51% 27057 10007 2208 119%
c B 85.83 34 30 41 163 42503 1 1384305 71639 1.8 25 14 8 16 51% 27057 10007 2208 119%
c u 86.48 35 29 41 163 42508 1 1392443 78897 1.8 26 14 8 16 51% 27057 10007 2208 119%
c v 86.69 36 29 41 163 42508 1 1392443 77434 1.8 26 14 8 16 51% 27057 10007 2208 119%
c w 86.76 36 29 41 163 42508 1 1392443 77065 1.8 26 14 8 16 51% 27057 10007 2208 119%
c - 86.91 31 29 41 164 42509 1 1394579 66617 1.8 25 14 8 16 51% 27057 10007 2208 119%
c - 87.62 34 28 41 165 42516 1 1407386 66717 1.8 26 14 8 16 51% 27057 10007 2208 119%
c - 88.36 34 28 41 166 42520 1 1420231 65620 1.8 26 14 8 16 51% 27057 10007 2208 119%
c - 89.18 34 27 41 167 42527 1 1433117 64868 1.8 26 14 8 16 51% 27057 10007 2208 119%
c - 90.01 34 27 41 168 42532 1 1446039 65223 1.8 26 14 8 16 51% 27057 10007 2208 119%
c - 90.84 34 26 41 169 42533 1 1459000 66825 1.8 26 14 8 16 51% 27057 10007 2208 119%
c ] 90.87 30 26 42 169 42533 1 1459492 67277 1.8 26 14 8 16 51% 27057 10007 2208 119%
c { 90.87 30 26 42 169 42533 4 1459492 67277 1.8 22 12 7 13 49% 27057 10007 2208 119%
c
c  seconds   switched      rate           size/glue  tier1     binary         remaining
c         MB   reductions     conflicts         size   tier2       irredundant
c          level     restarts        redundant     glue    trail         variables
c
c o 91.02 31 26 42 169 42554 4 1461949 69379 1.8 22 12 7 13 49% 27057 10007 2208 119%
c - 91.49 31 25 42 170 42588 4 1472000 69236 1.8 22 12 7 12 50% 27057 10007 2208 119%
c - 92.14 31 24 42 171 42677 3 1485038 70627 1.8 21 12 7 12 50% 27057 10007 2208 119%
c - 92.72 34 23 42 172 42744 3 1498114 72059 1.8 21 12 7 12 50% 27057 10007 2208 119%
c u 93.28 34 22 42 172 42793 3 1505862 78652 1.8 21 12 7 12 50% 27057 10007 2208 119%
c v 93.45 35 22 42 172 42793 3 1505862 76759 1.8 21 12 7 12 50% 27057 10007 2208 119%
c w 93.51 35 22 42 172 42793 3 1505862 76040 1.8 21 12 7 12 50% 27057 10007 2208 119%
c - 93.85 34 22 42 173 42807 3 1511228 72082 1.8 21 12 7 12 50% 27057 10007 2208 119%
c - 94.47 34 21 42 174 42897 3 1524381 73485 1.8 21 11 7 12 50% 27057 10007 2208 119%
c - 95.08 34 21 42 175 42979 3 1537571 74227 1.8 20 11 7 12 50% 27057 10007 2208 119%
c - 95.73 34 20 42 176 43120 3 1550800 75961 1.8 20 11 7 12 49% 27057 10007 2208 119%
c } 96.17 34 20 43 176 43267 2 1559466 84049 1.8 20 11 7 12 49% 27057 10007 2208 119%
c [ 96.17 34 26 43 176 43267 1 1559466 84049 1.8 26 14 8 16 51% 27057 10007 2208 119%
c W 96.47 27 26 43 176 43267 1 1559466 84049 1.8 26 14 8 16 51% 27057 10007 2208 119%
c - 96.70 27 26 43 177 43270 1 1564067 77418 1.8 26 14 8 16 51% 27057 10007 2208 119%
c - 97.33 27 25 43 178 43278 1 1577372 78765 1.8 25 14 8 16 51% 27057 10007 2208 119%
c - 98.09 27 24 43 179 43281 1 1590713 80267 1.8 25 14 7 16 51% 27057 10007 2208 119%
c - 98.89 27 24 43 180 43288 1 1604092 79519 1.8 25 14 7 16 51% 27057 10007 2208 119%
c - 99.70 27 24 43 181 43296 1 1617508 78295 1.8 25 14 7 16 51% 27057 10007 2208 119%
c u 100.32 36 24 43 181 43296 1 1624217 83807 1.8 25 14 7 16 51% 27057 10007 2208 119%
c
c  seconds    switched      rate           size/glue  tier1     binary         remaining
c          MB   reductions     conflicts         size   tier2       irredundant
c           level     restarts        redundant     glue    trail         variables
c
c v 100.54 38 24 43 181 43296 1 1624217 82774 1.8 25 14 7 16 51% 27057 10007 2208 119%
c w 100.63 38 24 43 181 43296 1 1624217 82549 1.8 25 14 7 16 51% 27057 10007 2208 119%
c - 101.09 34 24 43 182 43297 1 1630961 78115 1.8 25 14 7 16 51% 27057 10007 2208 119%
c ] 101.65 34 23 44 182 43297 1 1640134 86663 1.8 25 13 7 16 51% 27057 10007 2208 119%
c { 101.65 34 20 44 182 43297 2 1640134 86663 1.8 20 11 7 12 49% 27057 10007 2208 119%
c o 101.65 34 20 44 182 43300 2 1640164 86693 1.8 20 11 7 12 49% 27057 10007 2208 119%
c - 101.90 34 20 44 183 43494 2 1644453 81177 1.8 20 11 7 12 49% 27057 10007 2208 119%
c - 102.51 34 19 44 184 43592 2 1657982 82870 1.8 19 11 7 12 49% 27057 10007 2208 119%
c - 103.23 34 19 44 185 43907 2 1671547 83373 1.8 19 11 7 12 49% 27057 10007 2208 119%
c - 103.92 34 19 44 186 44236 2 1685148 84542 1.8 19 11 7 12 49% 27057 10007 2208 119%
c - 104.63 34 19 44 187 44721 2 1698786 86001 1.8 19 11 7 12 49% 27057 10007 2208 119%
c - 105.35 34 18 44 188 45128 2 1712461 86829 1.7 19 11 7 12 49% 27057 10007 2208 119%
c - 106.06 34 18 44 189 45478 2 1726172 87549 1.7 18 11 7 12 49% 27057 10007 2208 119%
c - 106.78 34 18 44 190 45991 2 1739919 88033 1.7 18 11 7 12 49% 27057 10007 2208 119%
c u 107.43 36 18 44 190 46253 2 1747533 93728 1.7 18 11 7 12 49% 27057 10007 2208 119%
c v 107.67 36 18 44 190 46253 2 1747533 92198 1.7 18 11 7 12 49% 27057 10007 2208 119%
c w 107.75 36 18 44 190 46253 2 1747533 92029 1.7 18 11 7 12 49% 27057 10007 2208 119%
c } 108.81 34 18 45 190 46287 2 1748965 93374 1.7 18 11 7 12 49% 27057 10007 2208 119%
c [ 108.81 34 23 45 190 46287 1 1748965 93374 1.8 25 13 7 16 51% 27057 10007 2208 119%
c I 108.81 34 23 45 190 46287 1 1748965 93374 1.8 25 13 7 16 51% 27057 10007 2208 119%
c
c  seconds    switched      rate           size/glue  tier1     binary         remaining
c          MB   reductions     conflicts         size   tier2       irredundant
c           level     restarts        redundant     glue    trail         variables
c
c - 109.04 34 24 45 191 46290 1 1753703 84084 1.8 25 14 7 16 51% 27057 10007 2208 119%
c - 109.73 34 24 45 192 46299 1 1767523 81631 1.8 25 14 7 16 51% 27057 10007 2208 119%
c - 110.47 34 24 45 193 46301 1 1781379 82061 1.8 25 14 7 16 51% 27057 10007 2208 119%
c - 111.27 34 24 45 194 46310 1 1795271 83248 1.8 25 14 7 16 51% 27057 10007 2208 119%
c - 112.05 34 23 45 195 46316 1 1809201 83038 1.7 25 14 7 16 51% 27057 10007 2208 119%
c - 112.80 34 23 45 196 46317 1 1823165 82959 1.7 25 14 7 16 51% 27057 10007 2208 119%
c - 113.65 34 23 45 197 46323 1 1837165 82976 1.7 25 14 7 16 51% 27057 10007 2208 119%
c ] 114.21 34 23 46 197 46327 1 1846570 91994 1.7 25 14 7 16 51% 27057 10007 2208 119%
c { 114.21 34 18 46 197 46327 2 1846570 91994 1.7 18 11 7 12 49% 27057 10007 2208 119%
c o 114.22 34 18 46 197 46330 2 1846598 92022 1.7 18 11 7 12 49% 27057 10007 2208 119%
c - 114.50 34 18 46 198 46468 2 1851200 84159 1.7 18 11 7 12 49% 27057 10007 2208 119%
c - 115.27 34 18 46 199 47140 2 1865273 86525 1.7 18 11 7 12 49% 27057 10007 2208 119%
c u 116.10 35 18 46 199 47611 2 1875833 94859 1.7 18 10 7 12 49% 27057 10007 2208 119%
c v 116.35 36 18 46 199 47611 2 1875833 94433 1.7 18 10 7 12 49% 27057 10007 2208 119%
c w 116.44 38 18 46 199 47611 2 1875833 93901 1.7 18 10 7 12 49% 27057 10007 2208 119%
c - 116.67 34 18 46 200 47733 2 1879380 86020 1.7 18 10 7 12 49% 27057 10007 2208 119%
c - 117.46 34 18 46 201 48332 2 1893523 86903 1.7 18 10 7 12 49% 27057 10007 2208 119%
c - 118.26 34 18 46 202 49013 2 1907702 87848 1.7 18 10 7 12 49% 27057 10007 2208 119%
c - 119.09 34 18 46 203 49502 2 1921916 88628 1.7 18 10 7 12 49% 27057 10007 2208 119%
c - 119.93 34 18 46 204 50225 2 1936164 89328 1.7 18 10 7 12 49% 27057 10007 2208 119%
c
c  seconds    switched      rate           size/glue  tier1     binary         remaining
c          MB   reductions     conflicts         size   tier2       irredundant
c           level     restarts        redundant     glue    trail         variables
c
c - 120.77 34 18 46 205 50997 2 1950446 89803 1.7 18 10 7 12 49% 27057 10007 2208 119%
c } 121.57 34 18 47 205 51734 3 1964614 102789 1.7 18 11 7 12 49% 27057 10007 2208 119%
c [ 121.57 34 23 47 205 51734 1 1964614 102789 1.7 25 14 7 16 51% 27057 10007 2208 119%
c B 121.57 34 23 47 205 51734 1 1964614 102789 1.7 25 14 7 16 51% 27057 10007 2208 119%
c - 121.59 34 23 47 206 51734 1 1964766 89698 1.7 25 14 7 16 51% 27057 10007 2208 119%
c - 122.34 34 24 47 207 51743 1 1979119 87129 1.8 25 14 7 16 51% 27057 10007 2208 119%
c - 123.17 34 24 47 208 51748 1 1993509 85662 1.8 25 14 7 16 51% 27057 10007 2208 119%
c - 124.10 34 23 47 209 51755 1 2007932 87528 1.8 25 14 7 16 51% 27057 10007 2208 119%
c u 124.47 38 23 47 209 51755 1 2009146 87938 1.8 25 14 7 16 51% 27057 10007 2208 119%
c v 124.78 38 23 47 209 51755 1 2009146 87035 1.8 25 14 7 16 51% 27057 10007 2208 119%
c w 124.89 38 23 47 209 51755 1 2009146 86680 1.8 25 14 7 16 51% 27057 10007 2208 119%
c - 125.86 34 23 47 210 51763 1 2022390 87371 1.8 25 14 7 16 51% 27057 10007 2208 119%
c - 126.88 34 22 47 211 51764 1 2036881 89386 1.8 25 14 7 16 51% 27057 10007 2208 119%
c - 127.76 34 23 47 212 51768 1 2051406 88597 1.8 25 14 7 16 50% 27057 10007 2208 119%
c - 128.74 34 22 47 213 51777 1 2065967 87129 1.8 25 14 7 16 50% 27057 10007 2208 119%
c ] 128.85 34 22 48 213 51778 1 2067469 88504 1.8 25 14 7 16 50% 27057 10007 2208 119%
c { 128.85 34 18 48 213 51778 3 2067469 88504 1.7 18 11 7 12 49% 27057 10007 2208 119%
c o 128.85 34 18 48 213 51787 3 2067515 88550 1.7 18 11 7 12 49% 27057 10007 2208 119%
c - 129.61 34 18 48 214 52433 3 2080563 89183 1.7 18 11 7 12 49% 27057 10007 2208 119%
c - 130.48 34 18 48 215 53080 3 2095191 89243 1.7 18 10 7 12 49% 27057 10007 2208 119%
c
c  seconds    switched      rate           size/glue  tier1     binary         remaining
c          MB   reductions     conflicts         size   tier2       irredundant
c           level     restarts        redundant     glue    trail         variables
c
c - 131.35 34 18 48 216 53913 3 2109853 89457 1.7 18 11 7 12 49% 27057 10007 2208 119%
c - 132.16 34 18 48 217 54435 3 2124549 90019 1.7 17 10 7 12 49% 27057 10007 2208 119%
c - 132.95 34 18 48 218 54884 3 2139279 90380 1.7 17 10 7 12 49% 27057 10007 2208 119%
c u 133.75 36 18 48 218 55578 3 2147523 96844 1.7 18 10 7 12 49% 27057 10007 2208 119%
c v 134.06 38 18 48 218 55578 3 2147523 95574 1.7 18 10 7 12 49% 27057 10007 2208 119%
c w 134.17 38 18 48 218 55578 3 2147523 95335 1.7 18 10 7 12 49% 27057 10007 2208 119%
c - 134.57 34 18 48 219 55912 3 2154044 88558 1.7 18 11 7 12 49% 27057 10007 2208 119%
c - 135.46 34 18 48 220 56680 3 2168842 89969 1.7 18 11 7 12 49% 27057 10007 2208 119%
c - 136.34 34 18 48 221 57598 3 2183674 90212 1.7 18 11 7 12 49% 27057 10007 2208 119%
c } 136.96 34 18 49 221 57977 3 2195080 100545 1.7 18 11 7 12 49% 27057 10007 2208 119%
c [ 136.96 34 22 49 221 57977 1 2195080 100545 1.8 25 14 7 16 50% 27057 10007 2208 119%
c W 137.47 27 22 49 221 57977 1 2195080 100545 1.8 25 14 7 16 50% 27057 10007 2208 119%
c - 137.66 27 22 49 222 57979 1 2198541 90371 1.8 25 14 7 16 50% 27057 10007 2208 119%
c - 138.53 27 22 49 223 57988 1 2213440 89575 1.8 25 14 7 16 51% 27057 10007 2208 119%
c - 139.42 27 22 49 224 57992 1 2228375 90659 1.8 25 14 7 16 51% 27057 10007 2208 119%
c - 140.31 27 22 49 225 58001 1 2243342 92461 1.8 25 14 7 16 51% 27057 10007 2208 119%
c - 141.24 27 21 49 226 58006 1 2258345 93930 1.8 25 14 7 16 51% 27057 10007 2208 119%
c - 142.13 27 21 49 227 58007 1 2273378 93989 1.8 24 14 7 16 51% 27057 10007 2208 119%
c - 143.05 27 21 49 228 58014 1 2288445 93468 1.8 24 13 7 16 51% 27057 10007 2208 119%
c u 143.60 38 21 49 228 58016 1 2290990 94843 1.8 24 13 7 16 51% 27057 10007 2208 119%
c
c  seconds    switched      rate           size/glue  tier1     binary         remaining
c          MB   reductions     conflicts         size   tier2       irredundant
c           level     restarts        redundant     glue    trail         variables
c
c v 143.91 38 21 49 228 58016 1 2290990 90388 1.8 24 13 7 16 51% 27057 10007 2208 119%
c w 144.02 38 21 49 228 58016 1 2290990 89177 1.8 24 13 7 16 51% 27057 10007 2208 119%
c o 144.04 38 21 49 228 58016 1 2290990 89177 1.8 24 13 7 16 51% 27057 10007 2208 119%
c - 144.83 34 21 49 229 58022 1 2303544 89423 1.8 24 13 7 16 51% 27057 10007 2208 119%
c O 145.17 34 22 49 229 58022 1 2309421 94947 1.8 24 14 7 16 51% 27057 10007 2208 119%
c ] 145.30 32 21 50 229 58025 1 2311895 97128 1.8 24 13 7 16 51% 27057 10007 2208 119%
c { 145.30 32 18 50 229 58025 3 2311895 97128 1.7 18 11 7 12 49% 27057 10007 2208 119%
c - 145.66 34 18 50 230 58026 2 2318676 91132 1.7 18 10 7 12 49% 27057 10007 2208 119%
c - 146.49 34 17 50 231 58035 2 2333842 92724 1.7 18 10 7 12 49% 27057 10007 2208 119%
c - 147.34 34 16 50 232 58035 2 2349040 91837 1.7 17 10 7 12 49% 27057 10007 2208 119%
c - 148.21 34 15 50 233 58036 2 2364272 90980 1.7 17 10 7 12 49% 27057 10007 2208 119%
c - 149.02 34 15 50 234 58091 2 2379537 93135 1.7 17 10 7 12 49% 27057 10007 2208 119%
c - 149.82 34 14 50 235 58167 2 2394837 97238 1.7 17 10 7 12 49% 27057 10007 2208 119%
c - 150.61 34 14 50 236 58257 2 2410166 99027 1.7 16 9 7 12 49% 27057 10007 2208 119%
c - 151.41 35 13 50 237 58366 2 2425528 100519 1.7 16 9 7 12 49% 27057 10007 2208 119%
c u 152.48 38 13 50 237 58449 2 2439597 110491 1.7 16 9 7 12 49% 27057 10007 2208 119%
c v 152.80 40 13 50 237 58449 2 2439597 107656 1.7 16 9 7 12 49% 27057 10007 2208 119%
c w 152.91 40 13 50 237 58449 2 2439597 107531 1.7 16 9 7 12 49% 27057 10007 2208 119%
c - 153.01 34 13 50 238 58454 2 2440922 97763 1.7 16 9 7 12 49% 27057 10007 2208 119%
c } 153.47 34 13 51 238 58538 2 2449420 104656 1.7 16 9 7 12 49% 27057 10007 2208 119%
c
c  seconds    switched      rate            size/glue  tier1     binary         remaining
c          MB   reductions     conflicts          size   tier2       irredundant
c           level     restarts        redundant      glue    trail         variables
c
c [ 153.47 34 21 51 238 58538 1 2449420 104656 1.8 24 13 7 16 51% 27057 10007 2208 119%
c B 153.47 34 21 51 238 58538 1 2449420 104656 1.8 24 13 7 16 51% 27057 10007 2208 119%
c - 153.83 35 22 51 239 58543 1 2456350 99664 1.8 25 14 7 16 51% 27057 10007 2208 119%
c - 154.69 36 23 51 240 58551 1 2471809 99763 1.8 25 14 7 16 51% 27057 10007 2208 119%
c - 155.64 37 24 51 241 58556 1 2487301 101547 1.8 26 14 7 16 51% 27057 10007 2208 119%
c - 156.73 36 24 51 242 58566 1 2502825 102851 1.8 26 14 7 16 51% 27057 10007 2208 119%
c - 157.78 37 24 51 243 58568 1 2518381 104199 1.9 26 14 7 16 51% 27057 10007 2208 119%
c - 158.83 37 24 51 244 58571 1 2533970 105594 1.9 26 14 7 16 51% 27057 10007 2208 119%
c - 159.86 37 23 51 245 58580 1 2549590 106545 1.9 26 14 7 16 51% 27057 10007 2208 119%
c ] 160.88 36 23 52 245 58584 1 2564379 120513 1.9 25 14 7 16 51% 27057 10007 2208 119%
c { 160.88 36 13 52 245 58584 2 2564379 120513 1.7 16 9 7 12 49% 27057 10007 2208 119%
c o 160.89 36 13 52 245 58598 2 2564449 120577 1.7 16 9 7 12 49% 27057 10007 2208 119%
c - 160.99 36 13 52 246 58762 2 2565242 106565 1.7 16 9 7 12 49% 27057 10007 2208 119%
c - 162.30 37 15 52 247 61674 2 2580926 107235 1.7 16 10 7 12 49% 27057 10007 2208 119%
c u 163.65 40 16 52 247 63917 2 2593348 118778 1.7 17 10 7 12 49% 27057 10007 2208 119%
c v 163.92 42 16 52 247 63917 2 2593348 118393 1.7 17 10 7 12 49% 27057 10007 2208 119%
c w 164.02 42 16 52 247 63917 2 2593348 118283 1.7 17 10 7 12 49% 27057 10007 2208 119%
c - 164.39 37 16 52 248 64126 2 2596643 107142 1.7 17 10 7 12 49% 27057 10007 2208 119%
c - 165.47 37 16 52 249 65657 3 2612391 106329 1.7 17 10 7 12 49% 27057 10007 2208 119%
c - 166.56 37 17 52 250 66892 3 2628171 106293 1.7 17 10 7 12 49% 27057 10007 2208 119%
c
c  seconds    switched      rate           size/glue  tier1     binary         remaining
c          MB   reductions     conflicts         size   tier2       irredundant
c           level     restarts        redundant     glue    trail         variables
c
c - 167.69 36 17 52 251 68077 3 2643982 87258 1.7 17 10 6 12 49% 27057 10007 2208 119%
c - 168.58 36 17 52 252 68670 3 2659824 82236 1.7 17 10 6 12 49% 27057 10007 2208 119%
c - 169.54 36 17 52 253 69670 3 2675700 81040 1.7 17 10 6 12 49% 27057 10007 2208 119%
c - 170.47 36 17 52 254 70661 3 2691605 81422 1.6 17 10 6 12 49% 27057 10007 2208 119%
c - 171.36 36 17 52 255 71405 3 2707544 82610 1.7 17 10 6 12 49% 27057 10007 2208 119%
c } 171.65 36 18 53 255 71778 3 2712166 86863 1.7 17 10 6 12 49% 27057 10007 2208 119%
c [ 171.65 36 23 53 255 71778 1 2712166 86863 1.9 25 14 7 16 51% 27057 10007 2208 119%
c W 172.25 29 23 53 255 71778 1 2712166 86863 1.9 25 14 7 16 51% 27057 10007 2208 119%
c - 172.85 29 23 53 256 71784 1 2723513 81675 1.9 26 14 7 16 51% 27057 10007 2208 119%
c - 173.77 29 23 53 257 71792 1 2739517 80228 1.8 26 14 7 16 51% 27057 10007 2208 119%
c u 174.92 40 23 53 257 71798 1 2752289 90441 1.9 26 14 7 16 51% 27057 10007 2208 119%
c v 175.27 40 23 53 257 71798 1 2752289 89011 1.9 26 14 7 16 51% 27057 10007 2208 119%
c w 175.40 40 23 53 257 71798 1 2752289 84620 1.9 26 14 7 16 51% 27057 10007 2208 119%
c - 175.64 36 23 53 258 71799 1 2755550 75248 1.9 26 14 7 16 51% 27057 10007 2208 119%
c - 176.70 36 22 53 259 71807 1 2771612 77977 1.8 25 14 7 16 51% 27057 10007 2208 119%
c - 177.78 36 22 53 260 71808 1 2787705 79097 1.8 25 14 7 16 51% 27057 10007 2208 119%
c - 178.95 36 22 53 261 71815 1 2803829 79005 1.9 25 14 7 16 51% 27057 10007 2208 119%
c - 180.09 36 22 53 262 71823 1 2819984 79705 1.9 25 14 7 16 50% 27057 10007 2208 119%
c - 181.15 36 21 53 263 71830 1 2836171 81005 1.9 25 13 7 16 50% 27057 10007 2208 119%
c I 181.84 36 21 53 263 71836 1 2846405 90683 1.9 25 13 7 16 50% 27057 10007 2208 119%
c
c  seconds    switched      rate           size/glue  tier1     binary         remaining
c          MB   reductions     conflicts         size   tier2       irredundant
c           level     restarts        redundant     glue    trail         variables
c
c o 181.84 36 21 53 263 71836 1 2846405 90683 1.9 25 13 7 16 50% 27057 10007 2208 119%
c - 182.20 36 27 53 264 71838 1 2852388 77802 1.8 26 15 7 16 50% 27057 10007 2208 119%
c ] 182.62 36 28 54 264 71839 1 2859865 85084 1.8 27 15 7 16 50% 27057 10007 2208 119%
c { 182.62 36 18 54 264 71839 3 2859865 85084 1.7 17 10 6 12 49% 27057 10007 2208 119%
c - 183.71 36 21 54 265 73682 3 2868636 71168 1.7 18 11 6 12 49% 27057 10007 2208 119%
c - 185.70 36 26 54 266 77090 5 2884914 67087 1.7 21 12 6 12 49% 27057 10007 2208 119%
c - 187.79 36 30 54 267 80522 6 2901223 66452 1.7 22 13 6 12 49% 27057 10007 2208 119%
c u 190.21 36 34 54 267 83719 7 2916424 79390 1.7 24 14 6 12 49% 27057 10007 2208 119%
c v 190.66 37 34 54 267 83719 7 2916424 78363 1.7 24 14 6 12 49% 27057 10007 2208 119%
c w 190.85 37 34 54 267 83719 7 2916424 78310 1.7 24 14 6 12 49% 27057 10007 2208 119%
c - 191.04 36 34 54 268 83931 7 2917563 63037 1.7 24 14 6 12 49% 27057 10007 2208 119%
c - 193.05 36 37 54 269 87095 7 2933934 62693 1.7 25 15 6 12 49% 27057 10007 2208 119%
c - 194.99 33 39 54 270 89866 8 2950335 63607 1.7 26 15 6 12 49% 27057 10007 2208 119%
c - 196.80 36 41 54 271 92311 8 2966768 64793 1.8 27 15 6 12 49% 27057 10007 2208 119%
c - 198.56 36 42 54 272 94467 8 2983230 65680 1.8 28 16 6 12 49% 27057 10007 2208 119%
c - 200.10 36 43 54 273 95920 8 2999723 67064 1.8 29 16 6 12 49% 27057 10007 2208 119%
c - 201.73 36 43 54 274 97515 7 3016245 67942 1.8 30 16 6 12 49% 27057 10007 2208 119%
c } 201.88 36 43 55 274 97620 7 3018260 69906 1.8 30 16 6 12 49% 27057 10007 2208 119%
c [ 201.88 36 28 55 274 97620 1 3018260 69906 1.8 27 15 7 16 50% 27057 10007 2208 119%
c B 201.88 36 28 55 274 97620 1 3018260 69906 1.8 27 15 7 16 50% 27057 10007 2208 119%
c
c  seconds    switched      rate           size/glue  tier1     binary         remaining
c          MB   reductions     conflicts         size   tier2       irredundant
c           level     restarts        redundant     glue    trail         variables
c
c - 202.75 36 29 55 275 97629 1 3032798 65653 1.8 28 16 7 16 50% 27057 10007 2208 119%
c - 203.76 36 30 55 276 97634 1 3049381 62416 1.8 29 17 7 16 51% 27057 10007 2208 119%
c - 204.82 36 30 55 277 97644 1 3065995 61817 1.8 30 17 7 16 51% 27057 10007 2208 119%
c - 205.87 36 31 55 278 97649 1 3082638 62155 1.8 31 18 7 16 51% 27057 10007 2208 119%
c u 206.52 29 31 55 278 97650 1 3085803 61973 1.8 32 18 7 16 51% 27057 10007 2208 119%
c v 207.01 29 31 55 278 97650 1 3085803 60796 1.8 32 18 7 16 51% 27057 10007 2208 119%
c w 207.21 29 31 55 278 97650 1 3085803 60486 1.8 32 18 7 16 51% 27057 10007 2208 119%
c o 207.29 29 31 55 278 97650 1 3085803 60486 1.8 32 18 7 16 51% 27057 10007 2208 119%
c - 208.04 29 47 55 279 97650 1 3099312 58141 1.7 33 19 7 16 51% 27057 10007 2208 119%
c - 209.10 29 44 55 280 97660 1 3116017 62490 1.7 32 19 7 16 51% 27057 10007 2208 119%
c - 210.19 29 40 55 281 97665 1 3132750 68224 1.7 30 18 7 16 51% 27057 10007 2208 119%
c - 211.35 29 37 55 282 97676 1 3149514 69632 1.7 30 17 7 16 51% 27057 10007 2208 119%
c - 212.45 29 35 55 283 97681 1 3166308 69901 1.7 29 17 7 16 51% 27057 10007 2208 119%
c W 213.34 29 35 55 283 97681 1 3166449 70038 1.7 29 17 7 16 51% 27057 10007 2208 119%
c - 214.28 29 37 55 284 97682 1 3183130 66615 1.8 31 17 7 16 51% 27057 10007 2208 119%
c - 215.27 29 38 55 285 97682 1 3199982 59953 1.8 32 18 7 16 52% 27057 10007 2208 119%
c - 216.33 29 39 55 286 97684 1 3216863 58883 1.8 32 18 7 16 52% 27057 10007 2208 119%
c - 217.43 29 38 55 287 97695 1 3233775 59997 1.8 32 18 7 16 52% 27057 10007 2208 119%
c - 218.57 29 36 55 288 97700 1 3250716 61454 1.8 32 18 7 16 52% 27057 10007 2208 119%
c u 219.59 38 35 55 288 97705 1 3260453 69097 1.8 32 17 7 16 52% 27057 10007 2208 119%
c
c  seconds    switched      rate           size/glue  tier1     binary         remaining
c          MB   reductions     conflicts         size   tier2       irredundant
c           level     restarts        redundant     glue    trail         variables
c
c v 220.03 38 35 55 288 97705 1 3260453 68969 1.8 32 17 7 16 52% 27057 10007 2208 119%
c w 220.19 40 35 55 288 97705 1 3260453 68120 1.8 32 17 7 16 52% 27057 10007 2208 119%
c - 220.65 34 35 55 289 97710 1 3267687 61810 1.8 32 17 7 16 52% 27057 10007 2208 119%
c - 221.75 36 33 55 290 97713 1 3284687 65024 1.9 32 17 7 16 52% 27057 10007 2208 119%
c ] 222.74 36 32 56 290 97716 1 3300653 80182 1.9 32 17 7 16 53% 27057 10007 2208 119%
c { 222.74 36 43 56 290 97716 7 3300653 80182 1.8 30 16 6 12 49% 27057 10007 2208 119%
c - 222.83 33 43 56 291 97722 7 3301718 66146 1.8 30 16 6 12 49% 27057 10007 2208 119%
c - 223.79 36 39 56 292 97728 6 3318779 68777 1.9 28 15 6 12 50% 27057 10007 2208 119%
c - 224.78 36 36 56 293 97728 6 3335870 72834 1.9 28 15 6 12 49% 27057 10007 2208 119%
c o 225.01 36 35 56 293 97729 5 3339507 76333 1.9 28 14 6 12 49% 27057 10007 2208 119%
c - 225.75 36 33 56 294 97782 5 3352987 74430 1.9 27 14 6 12 49% 27057 10007 2208 119%
c - 226.69 36 31 56 295 97789 4 3370135 74964 1.9 26 14 6 12 49% 27057 10007 2208 119%
c - 227.63 36 29 56 296 97847 4 3387310 75711 1.9 25 13 6 12 49% 27057 10007 2208 119%
c - 228.58 36 27 56 297 97920 4 3404514 76561 1.9 24 13 6 12 49% 27057 10007 2208 119%
c - 229.57 36 26 56 298 97984 3 3421748 77000 1.8 23 13 6 12 50% 27057 10007 2208 119%
c - 230.56 36 24 56 299 98051 3 3439010 77500 1.8 23 12 6 12 49% 27057 10007 2208 119%
c u 230.98 36 24 56 299 98051 3 3440399 75311 1.8 23 12 6 12 49% 27057 10007 2208 119%
c v 231.35 37 24 56 299 98051 3 3440399 72210 1.8 23 12 6 12 49% 27057 10007 2208 119%
c w 231.48 37 24 56 299 98051 3 3440399 71216 1.8 23 12 6 12 49% 27057 10007 2208 119%
c - 232.30 36 23 56 300 98168 3 3456301 72513 1.8 22 12 6 12 49% 27057 10007 2208 119%
c
c  seconds    switched      rate           size/glue  tier1     binary         remaining
c          MB   reductions     conflicts         size   tier2       irredundant
c           level     restarts        redundant     glue    trail         variables
c
c } 233.03 36 22 57 300 98319 3 3469996 85057 1.8 21 12 6 12 49% 27057 10007 2208 119%
c [ 233.03 36 32 57 300 98319 1 3469996 85057 1.9 32 17 7 16 53% 27057 10007 2208 119%
c O 233.03 36 32 57 300 98319 1 3469996 85057 1.9 32 17 7 16 53% 27057 10007 2208 119%
c - 233.22 36 31 57 301 98321 1 3473623 75286 1.9 32 17 6 16 52% 27057 10007 2208 119%
c - 234.15 36 29 57 302 98332 1 3490972 76518 1.9 30 16 6 16 52% 27057 10007 2208 119%
c - 235.23 36 28 57 303 98338 1 3508351 76624 1.9 29 15 6 16 52% 27057 10007 2208 119%
c - 236.34 36 27 57 304 98347 1 3525757 75919 1.9 28 15 6 16 52% 27057 10007 2208 119%
c - 237.46 36 26 57 305 98349 1 3543193 74606 1.8 28 15 6 16 51% 27057 10007 2208 119%
c - 238.61 36 25 57 306 98356 1 3560658 73805 1.8 27 15 6 16 51% 27057 10007 2208 119%
c - 239.73 36 25 57 307 98364 1 3578152 72896 1.8 27 15 6 16 51% 27057 10007 2208 119%
c - 240.93 36 24 57 308 98371 1 3595673 73973 1.8 27 15 6 16 51% 27057 10007 2208 119%
c - 242.14 33 24 57 309 98379 1 3613223 76277 1.8 26 15 6 16 51% 27057 10007 2208 119%
c ] 242.32 33 24 58 309 98379 1 3616028 78964 1.8 26 15 6 16 51% 27057 10007 2208 119%
c { 242.32 33 22 58 309 98379 3 3616028 78964 1.8 21 12 6 12 49% 27057 10007 2208 119%
c o 242.32 33 22 58 309 98382 3 3616088 79024 1.8 21 12 6 12 49% 27057 10007 2208 119%
c u 243.20 37 22 58 309 98443 3 3625667 82934 1.8 21 12 6 12 49% 27057 10007 2208 119%
c v 243.63 40 22 58 309 98443 3 3625667 79921 1.8 21 12 6 12 49% 27057 10007 2208 119%
c w 243.79 40 22 58 309 98443 3 3625667 75687 1.8 21 12 6 12 49% 27057 10007 2208 119%
c - 244.09 36 21 58 310 98562 3 3630803 69772 1.8 21 12 6 12 49% 27057 10007 2208 119%
c - 245.00 36 21 58 311 98747 2 3648413 76167 1.8 21 11 6 12 49% 27057 10007 2208 119%
c
c  seconds    switched      rate           size/glue  tier1     binary         remaining
c          MB   reductions     conflicts         size   tier2       irredundant
c           level     restarts        redundant     glue    trail         variables
c
c - 245.97 36 20 58 312 98953 2 3666048 78375 1.8 20 11 6 12 49% 27057 10007 2208 119%
c - 246.92 36 19 58 313 99186 2 3683711 79221 1.8 20 11 6 12 49% 27057 10007 2208 119%
c - 247.82 36 18 58 314 99226 2 3701402 79830 1.8 19 11 6 12 49% 27057 10007 2208 119%
c - 248.88 36 18 58 315 99997 2 3719123 80995 1.7 19 11 6 12 49% 27057 10007 2208 119%
c - 249.92 36 18 58 316 100533 2 3736872 82456 1.7 19 11 6 12 49% 27057 10007 2208 119%
c - 251.01 36 18 58 317 101126 2 3754648 83791 1.7 18 11 6 12 49% 27057 10007 2208 119%
c - 252.03 36 18 58 318 101618 2 3772454 84710 1.7 18 11 6 12 49% 27057 10007 2208 119%
c - 253.03 36 18 58 319 102034 2 3790288 85524 1.7 18 11 6 12 49% 27057 10007 2208 119%
c } 253.44 36 18 59 319 102334 2 3796659 91265 1.7 18 11 6 12 49% 27057 10007 2208 119%
c [ 253.44 36 24 59 319 102334 1 3796659 91265 1.8 26 15 6 16 51% 27057 10007 2208 119%
c B 253.44 36 24 59 319 102334 1 3796659 91265 1.8 26 15 6 16 51% 27057 10007 2208 119%
c - 254.06 36 24 59 320 102340 1 3808150 84678 1.8 26 15 6 16 51% 27057 10007 2208 119%
c u 254.91 37 24 59 320 102346 1 3816286 87849 1.8 26 15 6 16 51% 27057 10007 2208 119%
c v 255.34 40 24 59 320 102346 1 3816286 87252 1.8 26 15 6 16 51% 27057 10007 2208 119%
c w 255.50 40 24 59 320 102346 1 3816286 85121 1.8 26 15 6 16 51% 27057 10007 2208 119%
c - 256.17 36 24 59 321 102348 1 3826040 76656 1.8 27 15 6 16 51% 27057 10007 2208 119%
c - 257.37 36 23 59 322 102358 1 3843956 78711 1.9 27 14 6 16 51% 27057 10007 2208 119%
c - 258.65 36 23 59 323 102363 1 3861901 80834 1.9 26 14 6 16 51% 27057 10007 2208 119%
c - 259.84 36 24 59 324 102366 1 3879873 78772 1.9 27 14 6 16 51% 27057 10007 2208 119%
c - 261.16 36 24 59 325 102377 1 3897873 75692 1.9 27 15 6 16 52% 27057 10007 2208 119%
c
c  seconds    switched       rate           size/glue  tier1     binary         remaining
c          MB   reductions      conflicts         size   tier2       irredundant
c           level      restarts        redundant     glue    trail         variables
c
c - 262.46 36 24 59 326 102383 1 3915902 76031 1.9 27 15 6 16 52% 27057 10007 2208 119%
c - 263.63 36 24 59 327 102393 1 3933958 77030 1.9 27 15 6 16 52% 27057 10007 2208 119%
c ] 264.31 36 23 60 327 102394 1 3944030 86238 1.9 27 14 6 16 52% 27057 10007 2208 119%
c { 264.31 36 18 60 327 102394 2 3944030 86238 1.7 18 11 6 12 49% 27057 10007 2208 119%
c o 264.33 36 18 60 327 102396 2 3944239 86427 1.7 18 11 6 12 49% 27057 10007 2208 119%
c - 264.83 36 18 60 328 102688 2 3952043 79139 1.7 18 11 6 12 49% 27057 10007 2208 119%
c - 265.83 36 18 60 329 103200 2 3970153 82516 1.7 18 11 6 12 49% 27057 10007 2208 119%
c - 266.85 36 18 60 330 103659 2 3988291 82559 1.7 18 11 6 12 49% 27057 10007 2208 119%
c - 267.93 36 18 60 331 104354 2 4006458 82719 1.7 18 11 6 12 49% 27057 10007 2208 119%
c u 268.70 37 18 60 331 104584 2 4012276 84736 1.7 18 11 6 12 49% 27057 10007 2208 119%
c v 269.16 37 18 60 331 104584 2 4012276 81320 1.7 18 11 6 12 49% 27057 10007 2208 119%
c w 269.31 38 18 60 331 104584 2 4012276 80747 1.7 18 11 6 12 49% 27057 10007 2208 119%
c - 270.08 36 18 60 332 105177 2 4024651 77418 1.7 18 11 6 12 49% 27057 10007 2208 119%
c - 271.19 36 18 60 333 105851 2 4042873 79871 1.7 18 11 6 12 49% 27057 10007 2208 119%
c - 272.29 36 18 60 334 106521 2 4061122 81292 1.7 18 11 6 12 49% 27057 10007 2208 119%
c - 273.45 36 18 60 335 107565 2 4079398 82402 1.7 18 11 6 12 49% 27057 10007 2208 119%
c - 274.53 36 18 60 336 108003 2 4097701 83282 1.7 18 11 6 12 49% 27057 10007 2208 119%
c - 275.64 36 18 60 337 108550 2 4116032 84091 1.7 18 11 6 12 49% 27057 10007 2208 119%
c - 276.82 36 18 60 338 109251 2 4134390 84984 1.7 18 11 6 12 49% 27057 10007 2208 119%
c } 276.95 36 18 61 338 109329 2 4136282 86713 1.7 18 11 6 12 49% 27057 10007 2208 119%
c
c  seconds    switched       rate           size/glue  tier1     binary         remaining
c          MB   reductions      conflicts         size   tier2       irredundant
c           level      restarts        redundant     glue    trail         variables
c
c [ 276.95 36 23 61 338 109329 1 4136282 86713 1.9 27 14 6 16 52% 27057 10007 2208 119%
c W 278.05 29 23 61 338 109329 1 4136282 86713 1.9 27 14 6 16 52% 27057 10007 2208 119%
c - 278.97 29 23 61 339 109339 1 4152774 83399 1.8 26 14 6 16 52% 27057 10007 2208 119%
c - 280.13 29 23 61 340 109346 1 4171185 80361 1.8 26 14 6 16 52% 27057 10007 2208 119%
c - 281.44 29 22 61 341 109357 1 4189627 81028 1.8 26 14 6 16 51% 27057 10007 2208 119%
c - 282.64 29 22 61 342 109359 1 4208094 81825 1.9 26 14 6 16 51% 27057 10007 2208 119%
c u 283.29 40 22 61 342 109359 1 4213665 86504 1.9 26 14 6 16 51% 27057 10007 2208 119%
c v 283.62 40 22 61 342 109359 1 4213665 82328 1.9 26 14 6 16 51% 27057 10007 2208 119%
c w 283.75 40 22 61 342 109359 1 4213665 80026 1.9 26 14 6 16 51% 27057 10007 2208 119%
c - 284.77 36 21 61 343 109366 1 4226587 77924 1.9 26 14 6 16 51% 27057 10007 2208 119%
c - 285.96 36 22 61 344 109374 1 4245107 80116 1.9 27 14 6 16 51% 27057 10007 2208 119%
c - 287.18 36 22 61 345 109382 1 4263656 78260 1.9 28 14 6 16 51% 27057 10007 2208 119%
c - 288.41 36 23 61 346 109389 1 4282231 77189 1.9 28 15 6 16 52% 27057 10007 2208 119%
c ] 289.64 36 23 62 346 109390 1 4300128 94128 2.0 29 15 6 16 52% 27057 10007 2208 119%
c { 289.64 36 18 62 346 109390 2 4300128 94128 1.7 18 11 6 12 49% 27057 10007 2208 119%
c o 289.64 36 18 62 346 109399 2 4300182 94182 1.7 18 11 6 12 49% 27057 10007 2208 119%
c - 289.72 36 18 62 347 109460 2 4300832 76226 1.7 18 11 6 12 49% 27057 10007 2208 119%
c - 290.90 36 18 62 348 110310 2 4319462 79536 1.7 18 11 6 12 49% 27057 10007 2208 119%
c - 292.11 36 18 62 349 111244 2 4338117 83491 1.7 18 11 6 12 49% 27057 10007 2208 119%
c - 293.20 36 18 62 350 111765 2 4356799 84774 1.7 18 11 6 12 49% 27057 10007 2208 119%
c
c  seconds    switched       rate           size/glue  tier1     binary         remaining
c          MB   reductions      conflicts         size   tier2       irredundant
c           level      restarts        redundant     glue    trail         variables
c
c - 294.34 34 18 62 351 112551 2 4375507 85817 1.7 18 11 6 12 49% 27057 10007 2208 119%
c - 295.51 36 18 62 352 113367 2 4394241 86918 1.7 18 11 6 12 49% 27057 10007 2208 119%
c - 296.64 36 18 62 353 114124 2 4413002 87838 1.7 18 11 6 12 49% 27057 10007 2208 119%
c u 297.55 37 19 62 353 114477 2 4420480 92521 1.7 18 11 6 12 49% 27057 10007 2208 119%
c v 298.00 40 19 62 353 114477 2 4420480 90533 1.7 18 11 6 12 49% 27057 10007 2208 119%
c w 298.16 40 19 62 353 114477 2 4420480 90247 1.7 18 11 6 12 49% 27057 10007 2208 119%
c - 298.82 36 18 62 354 114750 2 4431791 84576 1.7 18 11 6 12 49% 27057 10007 2208 119%
c - 299.82 36 18 62 355 115086 2 4450610 85777 1.7 17 11 6 12 49% 27057 10007 2208 119%
c - 300.97 36 18 62 356 115778 2 4469451 87743 1.7 18 10 6 12 49% 27057 10007 2208 119%
c - 302.23 36 18 62 357 116662 2 4488318 89266 1.7 18 10 6 12 49% 27057 10007 2208 119%
c } 303.22 36 18 63 357 117320 2 4504340 103943 1.7 18 11 6 12 49% 27057 10007 2208 119%
c [ 303.22 36 23 63 357 117320 1 4504340 103943 2.0 29 15 6 16 52% 27057 10007 2208 119%
c I 303.22 36 23 63 357 117320 1 4504340 103943 2.0 29 15 6 16 52% 27057 10007 2208 119%
c - 303.41 36 24 63 358 117322 1 4507214 89151 2.0 29 15 6 16 52% 27057 10007 2208 119%
c - 304.63 36 26 63 359 117333 1 4526136 81563 1.9 31 16 6 16 52% 27057 10007 2208 119%
c - 305.84 36 26 63 360 117340 1 4545083 75944 1.9 32 16 6 16 51% 27057 10007 2208 119%
c - 307.14 36 26 63 361 117349 1 4564058 78150 1.9 31 16 6 16 51% 27057 10007 2208 119%
c - 308.47 36 26 63 362 117350 1 4583058 80201 1.9 31 16 6 16 51% 27057 10007 2208 119%
c - 309.77 36 26 63 363 117360 1 4602084 79997 1.9 30 16 6 16 51% 27057 10007 2208 119%
c - 311.21 36 25 63 364 117367 1 4621136 79941 1.9 30 16 6 16 51% 27057 10007 2208 119%
c
c  seconds    switched       rate           size/glue  tier1     binary         remaining
c          MB   reductions      conflicts         size   tier2       irredundant
c           level      restarts        redundant     glue    trail         variables
c
c u 312.56 40 25 63 364 117374 1 4632747 89067 1.9 30 16 6 16 51% 27057 10007 2208 119%
c v 313.10 40 25 63 364 117374 1 4632747 88584 1.9 30 16 6 16 51% 27057 10007 2208 119%
c w 313.31 42 25 63 364 117374 1 4632747 83701 1.9 30 16 6 16 51% 27057 10007 2208 119%
c o 313.33 42 25 63 364 117374 1 4632747 83701 1.9 30 16 6 16 51% 27057 10007 2208 119%
c - 313.79 36 26 63 365 117379 1 4640217 77151 1.9 30 16 6 16 51% 27057 10007 2208 119%
c - 315.09 36 25 63 366 117381 1 4659321 82026 1.9 28 15 6 16 51% 27057 10007 2208 119%
c - 316.30 36 24 63 367 117382 1 4678452 86842 1.9 28 15 6 16 51% 27057 10007 2208 119%
c ] 316.69 36 24 64 367 117382 1 4684468 92539 1.9 27 14 6 16 51% 27057 10007 2208 119%
c { 316.69 36 18 64 367 117382 2 4684468 92539 1.7 18 11 6 12 49% 27057 10007 2208 119%
c - 317.55 36 18 64 368 117880 2 4697609 88891 1.7 18 10 6 12 49% 27057 10007 2208 119%
c - 318.84 36 18 64 369 118565 2 4716793 89278 1.7 18 11 6 12 49% 27057 10007 2208 119%
c - 320.07 36 18 64 370 119456 2 4736003 89942 1.7 18 11 6 12 49% 27057 10007 2208 119%
c - 321.31 37 18 64 371 120129 2 4755238 90967 1.7 18 11 6 12 49% 27057 10007 2208 119%
c - 322.53 36 18 64 372 120705 2 4774500 80574 1.7 18 10 5 12 49% 27057 10007 2208 119%
c - 323.78 36 18 64 373 121476 2 4793787 77877 1.7 18 10 5 12 49% 27057 10007 2208 119%
c - 325.01 36 18 64 374 122385 2 4813102 77413 1.7 18 11 5 12 49% 27057 10007 2208 119%
c - 326.29 36 18 64 375 123204 2 4832443 77694 1.7 18 11 5 12 49% 27057 10007 2208 119%
c u 327.91 37 19 64 375 123999 2 4850492 91107 1.7 18 11 5 12 49% 27057 10007 2208 119%
c v 328.43 40 19 64 375 123999 2 4850492 89806 1.7 18 11 5 12 49% 27057 10007 2208 119%
c w 328.62 40 19 64 375 123999 2 4850492 89618 1.7 18 11 5 12 49% 27057 10007 2208 119%
c
c  seconds    switched       rate           size/glue  tier1     binary         remaining
c          MB   reductions      conflicts         size   tier2       irredundant
c           level      restarts        redundant     glue    trail         variables
c
c - 328.75 36 19 64 376 124038 2 4851807 73975 1.7 18 11 5 12 49% 27057 10007 2208 119%
c - 329.88 36 19 64 377 124735 2 4871197 74389 1.7 18 11 5 12 49% 27057 10007 2208 119%
c - 331.10 36 19 64 378 125640 2 4890613 75060 1.7 18 11 5 12 49% 27057 10007 2208 119%
c } 331.69 36 19 65 378 125991 2 4900969 84573 1.7 18 11 5 12 49% 27057 10007 2208 119%
c [ 331.69 36 24 65 378 125991 1 4900969 84573 1.9 27 14 6 16 51% 27057 10007 2208 119%
c B 331.69 36 24 65 378 125991 1 4900969 84573 1.9 27 14 6 16 51% 27057 10007 2208 119%
c - 332.19 36 23 65 379 125997 1 4910056 75545 1.9 27 14 6 16 51% 27057 10007 2208 119%
c - 333.26 36 22 65 380 126005 1 4929525 75017 1.9 26 14 6 16 51% 27057 10007 2208 119%
c - 334.45 36 22 65 381 126015 1 4949018 75370 1.9 26 14 6 16 51% 27057 10007 2208 119%
c - 335.76 36 21 65 382 126021 1 4968537 76449 1.9 26 13 6 16 51% 27057 10007 2208 119%
c - 337.11 36 21 65 383 126025 1 4988084 76404 1.9 26 13 6 16 52% 27057 10007 2208 119%
c - 338.44 36 20 65 384 126036 1 5007654 77521 2.0 25 13 6 16 52% 27057 10007 2208 119%
c - 339.82 36 20 65 385 126043 1 5027249 77679 2.0 25 13 6 16 52% 27057 10007 2208 119%
c - 341.14 36 20 65 386 126051 1 5046870 77523 2.0 25 13 6 16 52% 27057 10007 2208 119%
c - 342.56 36 20 65 387 126053 1 5066516 76822 2.0 25 12 6 16 51% 27057 10007 2208 119%
c u 343.53 38 20 65 387 126053 1 5073714 80693 2.0 24 12 6 16 51% 27057 10007 2208 119%
c v 344.12 40 20 65 387 126053 1 5073714 79946 2.0 24 12 6 16 51% 27057 10007 2208 119%
c w 344.31 40 20 65 387 126053 1 5073714 77973 2.0 24 12 6 16 51% 27057 10007 2208 119%
c o 346.31 40 20 65 387 126053 1 5073714 77973 2.0 24 12 6 16 51% 27057 10007 2208 119%
c - 347.00 36 31 65 388 126053 1 5086188 66380 1.8 27 15 6 16 51% 27057 10007 2208 119%
c
c  seconds    switched       rate           size/glue  tier1     binary         remaining
c          MB   reductions      conflicts         size   tier2       irredundant
c           level      restarts        redundant     glue    trail         variables
c
c W 348.96 29 36 65 388 126053 1 5094109 74147 1.7 28 16 6 16 51% 27057 10007 2208 119%
c ] 348.99 29 37 66 388 126053 1 5094584 74612 1.7 28 16 6 16 51% 27057 10007 2208 119%
c { 348.99 29 19 66 388 126053 2 5094584 74612 1.7 18 11 5 12 49% 27057 10007 2208 119%
c - 349.61 29 18 66 389 126060 2 5105885 63546 1.7 18 11 5 12 49% 27057 10007 2208 119%
c - 350.58 29 17 66 390 126062 2 5125609 67225 1.7 17 10 5 12 49% 27057 10007 2208 119%
c - 351.65 29 16 66 391 126066 2 5145357 70903 1.7 17 10 5 12 49% 27057 10007 2208 119%
c - 352.73 29 15 66 392 126081 2 5165130 72152 1.7 16 10 5 12 49% 27057 10007 2208 119%
c - 353.75 29 14 66 393 126135 2 5184928 73401 1.7 16 10 5 12 49% 27057 10007 2208 119%
c - 354.77 29 14 66 394 126182 2 5204752 74898 1.7 16 9 5 12 49% 27057 10007 2208 119%
c - 355.84 29 13 66 395 126255 1 5224601 75378 1.7 16 9 5 12 49% 27057 10007 2208 119%
c - 356.94 29 13 66 396 126429 1 5244475 76089 1.7 16 9 5 12 49% 27057 10007 2208 119%
c - 358.04 29 13 66 397 126620 1 5264374 76732 1.7 15 9 5 12 49% 27057 10007 2208 119%
c - 359.11 29 12 66 398 126834 1 5284298 76761 1.7 15 9 5 12 49% 27057 10007 2208 119%
c u 360.47 29 12 66 398 126972 1 5302464 87909 1.7 15 9 5 12 49% 27057 10007 2208 119%
c v 360.93 38 12 66 398 126972 1 5302464 84940 1.7 15 9 5 12 49% 27057 10007 2208 119%
c w 361.08 40 12 66 398 126972 1 5302464 84822 1.7 15 9 5 12 49% 27057 10007 2208 119%
c - 361.21 36 12 66 399 127026 1 5304247 71837 1.7 15 9 5 12 49% 27057 10007 2208 119%
c } 362.22 36 12 67 399 127218 1 5323699 87931 1.7 15 9 5 12 49% 27057 10007 2208 119%
c [ 362.22 36 37 67 399 127218 1 5323699 87931 1.7 28 16 6 16 51% 27057 10007 2208 119%
c O 362.22 36 37 67 399 127218 1 5323699 87931 1.7 28 16 6 16 51% 27057 10007 2208 119%
c
c  seconds    switched       rate           size/glue  tier1     binary         remaining
c          MB   reductions      conflicts         size   tier2       irredundant
c           level      restarts        redundant     glue    trail         variables
c
c - 362.25 36 36 67 400 127218 1 5324222 73409 1.7 28 16 6 16 51% 27057 10007 2208 119%
c - 363.27 36 33 67 401 127231 1 5344222 75618 1.7 26 15 6 16 51% 27057 10007 2208 119%
c - 364.48 36 31 67 402 127238 1 5364248 76479 1.7 25 15 6 16 51% 27057 10007 2208 119%
c - 365.88 36 29 67 403 127247 1 5384297 76997 1.7 25 14 6 16 51% 27057 10007 2208 119%
c - 367.20 36 27 67 404 127248 1 5404371 78497 1.8 25 14 6 16 51% 27057 10007 2208 119%
c - 368.61 36 26 67 405 127261 1 5424470 77020 1.8 25 14 6 16 51% 27057 10007 2208 119%
c - 370.08 36 24 67 406 127268 1 5444595 77012 1.8 24 14 6 16 51% 27057 10007 2208 119%
c - 371.39 36 24 67 407 127278 1 5464745 77401 1.8 24 13 6 16 51% 27057 10007 2208 119%
c - 372.80 36 24 67 408 127279 1 5484922 75488 1.8 25 13 6 16 51% 27057 10007 2208 119%
c - 374.19 36 24 67 409 127280 1 5505122 76102 1.9 25 13 6 16 51% 27057 10007 2208 119%
c ] 374.59 34 24 68 409 127280 1 5511389 82146 1.9 25 13 6 16 51% 27057 10007 2208 119%
c { 374.59 34 12 68 409 127280 1 5511389 82146 1.7 15 9 5 12 49% 27057 10007 2208 119%
c o 374.60 36 12 68 409 127287 1 5511452 82207 1.7 15 9 5 12 49% 27057 10007 2208 119%
c - 375.78 36 13 68 410 129683 2 5525346 77024 1.7 16 9 5 12 49% 27057 10007 2208 119%
c u 377.12 36 15 68 410 131463 2 5536742 81332 1.6 16 10 5 12 49% 27057 10007 2208 119%
c v 377.69 38 15 68 410 131463 2 5536742 81067 1.6 16 10 5 12 49% 27057 10007 2208 119%
c w 377.90 40 15 68 410 131463 2 5536742 79885 1.6 16 10 5 12 49% 27057 10007 2208 119%
c - 378.57 36 15 68 411 132714 2 5545594 72367 1.6 16 10 5 12 49% 27057 10007 2208 119%
c - 379.79 36 16 68 412 134269 2 5565867 73824 1.6 16 10 5 12 49% 27057 10007 2208 119%
c - 381.04 36 17 68 413 135818 3 5586164 74607 1.6 17 10 5 12 49% 27057 10007 2208 119%
c
c  seconds    switched       rate           size/glue  tier1     binary         remaining
c          MB   reductions      conflicts         size   tier2       irredundant
c           level      restarts        redundant     glue    trail         variables
c
c - 382.32 36 17 68 414 137229 3 5606487 75042 1.6 17 10 5 12 49% 27057 10007 2208 119%
c - 383.45 36 18 68 415 138106 3 5626833 75604 1.6 17 10 5 12 49% 27057 10007 2208 119%
c - 384.60 36 17 68 416 138818 3 5647204 76178 1.6 17 10 5 12 49% 27057 10007 2208 119%
c - 385.76 36 18 68 417 139835 3 5667600 76712 1.6 17 10 5 12 49% 27057 10007 2208 119%
c - 386.92 36 18 68 418 140630 3 5688020 76982 1.6 17 10 5 12 49% 27057 10007 2208 119%
c - 388.09 36 18 68 419 141425 3 5708465 77131 1.6 17 10 5 12 49% 27057 10007 2208 119%
c - 389.21 36 18 68 420 142243 3 5728934 77644 1.7 17 10 5 12 49% 27057 10007 2208 119%
c - 390.29 36 18 68 421 142778 2 5749427 77884 1.7 17 10 5 12 49% 27057 10007 2208 119%
c } 390.50 36 18 69 421 142856 2 5753449 81524 1.7 17 10 5 12 49% 27057 10007 2208 119%
c [ 390.50 36 24 69 421 142856 1 5753449 81524 1.9 25 13 6 16 51% 27057 10007 2208 119%
c B 390.50 36 24 69 421 142856 1 5753449 81524 1.9 25 13 6 16 51% 27057 10007 2208 119%
c - 391.35 36 24 69 422 142866 1 5769947 74740 1.8 25 14 6 16 51% 27057 10007 2208 119%
c u 392.13 36 24 69 422 142869 1 5776577 78041 1.8 25 14 6 16 51% 27057 10007 2208 119%
c v 392.59 37 24 69 422 142869 1 5776577 74419 1.8 25 14 6 16 51% 27057 10007 2208 119%
c w 392.76 40 24 69 422 142869 1 5776577 73975 1.8 25 14 6 16 51% 27057 10007 2208 119%
c - 393.58 36 24 69 423 142874 1 5790491 67316 1.8 25 14 6 16 51% 27057 10007 2208 119%
c - 394.79 36 23 69 424 142885 1 5811057 70285 1.9 25 14 6 16 51% 27057 10007 2208 119%
c - 396.02 36 25 69 425 142886 1 5831649 67463 1.9 27 14 6 16 51% 27057 10007 2208 119%
c - 397.41 36 26 69 426 142897 1 5852264 64039 1.9 28 15 6 16 51% 27057 10007 2208 119%
c - 398.71 36 26 69 427 142905 1 5872903 65509 1.9 28 15 6 16 51% 27057 10007 2208 119%
c
c  seconds    switched       rate           size/glue  tier1     binary         remaining
c          MB   reductions      conflicts         size   tier2       irredundant
c           level      restarts        redundant     glue    trail         variables
c
c - 400.15 36 26 69 428 142916 1 5893566 64615 1.9 28 15 6 16 51% 27057 10007 2208 119%
c - 401.61 33 25 69 429 142917 1 5914255 65485 1.9 28 15 6 16 51% 27057 10007 2208 119%
c - 402.96 36 26 69 430 142918 1 5934967 64914 1.9 29 16 6 16 51% 27057 10007 2208 119%
c - 404.35 36 27 69 431 142923 1 5955703 61360 1.9 30 16 6 16 51% 27057 10007 2208 119%
c W 407.07 29 27 69 431 142931 1 5970733 75761 1.9 30 16 6 16 51% 27057 10007 2208 119%
c o 407.07 29 27 69 431 142931 1 5970733 75761 1.9 30 16 6 16 51% 27057 10007 2208 119%
c ] 407.08 29 28 70 431 142932 1 5970979 76006 1.9 30 16 6 16 51% 27057 10007 2208 119%
c { 407.08 29 18 70 431 142932 2 5970979 76006 1.7 17 10 5 12 49% 27057 10007 2208 119%
c - 407.77 29 20 70 432 143885 3 5976463 61513 1.7 18 11 5 12 49% 27057 10007 2208 119%
c - 410.21 29 27 70 433 147495 4 5997247 61483 1.7 21 12 5 12 49% 27057 10007 2208 119%
c - 412.82 29 32 70 434 151087 5 6018056 60013 1.7 23 14 5 12 49% 27057 10007 2208 119%
c u 413.83 29 33 70 434 151774 6 6021990 60979 1.7 24 14 5 12 49% 27057 10007 2208 119%
c v 414.40 29 33 70 434 151774 6 6021990 59223 1.7 24 14 5 12 49% 27057 10007 2208 119%
c w 414.63 29 33 70 434 151774 6 6021990 59045 1.7 24 14 5 12 49% 27057 10007 2208 119%
c - 416.53 29 36 70 435 154213 6 6038888 56971 1.8 25 14 5 12 49% 27057 10007 2208 119%
c - 419.00 29 39 70 436 157461 7 6059744 58755 1.8 27 15 5 12 49% 27057 10007 2208 119%
c - 421.13 29 41 70 437 159671 7 6080624 59783 1.8 28 16 5 12 49% 27057 10007 2208 119%
c - 423.40 29 43 70 438 161914 7 6101529 61017 1.8 29 16 5 12 49% 27057 10007 2208 119%
c - 425.58 29 45 70 439 163966 7 6122457 61064 1.8 30 17 5 12 50% 27057 10007 2208 119%
c - 427.45 29 45 70 440 165254 6 6143411 62193 1.9 31 17 5 12 50% 27057 10007 2208 119%
c
c  seconds    switched       rate           size/glue  tier1     binary         remaining
c          MB   reductions      conflicts         size   tier2       irredundant
c           level      restarts        redundant     glue    trail         variables
c
c - 429.37 29 45 70 441 166773 6 6164387 63306 1.9 32 17 5 12 50% 27057 10007 2208 119%
c - 431.13 29 45 70 442 167921 6 6185387 63543 1.9 32 17 5 12 50% 27057 10007 2208 119%
c - 433.21 29 46 70 443 169660 6 6206411 63215 1.9 33 17 5 12 50% 27057 10007 2208 119%
c } 434.88 29 46 71 443 170712 6 6226307 82779 1.9 33 17 5 12 50% 27057 10007 2208 119%
c [ 434.88 29 28 71 443 170712 1 6226307 82779 1.9 30 16 6 16 51% 27057 10007 2208 119%
c I 434.88 29 28 71 443 170712 1 6226307 82779 1.9 30 16 6 16 51% 27057 10007 2208 119%
c - 434.97 29 29 71 444 170713 1 6227459 63094 1.9 30 16 6 16 51% 27057 10007 2208 119%
c - 436.16 29 27 71 445 170725 1 6248530 67985 1.8 29 16 6 16 51% 27057 10007 2208 119%
c - 437.44 29 25 71 446 170733 1 6269625 74997 1.9 28 15 6 16 50% 27057 10007 2208 119%
c u 438.33 38 25 71 446 170735 1 6273012 72860 1.9 27 15 6 16 50% 27057 10007 2208 119%
c v 439.19 40 25 71 446 170735 1 6273012 65205 1.9 27 15 6 16 50% 27057 10007 2208 119%
c w 439.49 40 25 71 446 170735 1 6273012 57879 1.9 27 15 6 16 50% 27057 10007 2208 119%
c - 440.54 36 24 71 447 170741 1 6290745 62967 1.9 27 14 6 16 50% 27057 10007 2208 119%
c - 441.82 33 24 71 448 170745 1 6311887 69133 1.9 27 14 6 16 50% 27057 10007 2208 119%
c - 443.21 36 24 71 449 170757 1 6333055 70433 1.9 27 14 6 16 50% 27057 10007 2208 119%
c - 444.69 36 23 71 450 170765 1 6354246 71421 1.9 27 14 6 16 50% 27057 10007 2208 119%
c - 446.17 36 22 71 451 170773 1 6375461 73547 1.9 26 14 6 16 50% 27057 10007 2208 119%
c - 447.65 36 22 71 452 170774 1 6396698 74461 1.9 26 13 6 16 50% 27057 10007 2208 119%
c - 449.08 36 22 71 453 170774 1 6417959 74456 1.9 25 13 6 16 50% 27057 10007 2208 119%
c - 450.51 36 21 71 454 170784 1 6439242 74361 1.9 25 13 6 16 50% 27057 10007 2208 119%
c
c  seconds    switched       rate           size/glue  tier1     binary         remaining
c          MB   reductions      conflicts         size   tier2       irredundant
c           level      restarts        redundant     glue    trail         variables
c
c B 451.95 36 21 71 454 170793 1 6460274 94015 1.9 25 13 6 16 49% 27057 10007 2208 119%
c o 451.95 36 21 71 454 170793 1 6460274 94015 1.9 25 13 6 16 49% 27057 10007 2208 119%
c - 451.99 33 22 71 455 170793 1 6460549 75376 1.9 25 13 6 16 50% 27057 10007 2208 119%
c - 453.28 33 23 71 456 170804 1 6481880 72005 1.8 25 14 6 16 50% 27057 10007 2208 119%
c - 454.63 36 23 71 457 170805 1 6503234 70637 1.8 25 14 6 16 51% 27057 10007 2208 119%
c - 455.90 36 23 71 458 170818 1 6524613 72416 1.8 25 14 6 16 51% 27057 10007 2208 119%
c u 456.59 36 23 71 458 170819 1 6529640 74651 1.8 25 14 6 16 51% 27057 10007 2208 119%
c v 457.05 40 23 71 458 170819 1 6529640 72333 1.8 25 14 6 16 51% 27057 10007 2208 119%
c w 457.22 40 23 71 458 170819 1 6529640 65943 1.8 25 14 6 16 51% 27057 10007 2208 119%
c - 458.35 36 23 71 459 170826 1 6546014 63220 1.8 26 14 6 16 51% 27057 10007 2208 119%
c - 459.85 36 23 71 460 170835 1 6567439 64370 1.8 26 14 6 16 51% 27057 10007 2208 119%
c - 461.27 36 23 71 461 170837 1 6588887 65741 1.8 26 15 6 16 51% 27057 10007 2208 119%
c - 462.62 36 25 71 462 170837 1 6610357 65288 1.8 28 15 6 16 51% 27057 10007 2208 119%
c ] 463.47 36 25 72 462 170838 1 6622553 77146 1.9 29 15 6 16 51% 27057 10007 2208 119%
c { 463.47 36 46 72 462 170838 6 6622553 77146 1.9 33 17 5 12 50% 27057 10007 2208 119%
c - 464.13 36 44 72 463 170880 5 6631851 64892 1.9 33 17 5 12 50% 27057 10007 2208 119%
c - 465.30 36 40 72 464 170898 5 6653371 70369 1.9 30 16 5 12 50% 27057 10007 2208 119%
c - 466.40 36 36 72 465 170916 4 6674913 76328 1.9 29 15 5 12 50% 27057 10007 2208 119%
c - 467.63 36 32 72 466 170916 3 6696476 78372 1.9 28 14 5 12 50% 27057 10007 2208 119%
c - 468.90 36 29 72 467 170921 3 6718064 79238 1.9 26 14 5 12 50% 27057 10007 2208 119%
c
c  seconds    switched       rate           size/glue  tier1     binary         remaining
c          MB   reductions      conflicts         size   tier2       irredundant
c           level      restarts        redundant     glue    trail         variables
c
c - 470.14 33 27 72 468 170982 3 6739675 80680 1.9 25 13 5 12 50% 27057 10007 2208 119%
c - 471.31 36 25 72 469 171046 2 6761308 81504 1.9 24 13 5 12 50% 27057 10007 2208 119%
c - 472.51 36 23 72 470 171073 2 6782964 81764 1.9 23 12 5 12 49% 27057 10007 2208 119%
c o 473.01 36 23 72 470 171077 2 6791265 89496 1.9 23 12 5 12 49% 27057 10007 2208 119%
c u 473.58 37 23 72 470 171100 2 6791925 87231 1.9 23 12 5 12 49% 27057 10007 2208 119%
c v 474.18 40 23 72 470 171100 2 6791925 84671 1.9 23 12 5 12 49% 27057 10007 2208 119%
c w 474.38 40 23 72 470 171100 2 6791925 83046 1.9 23 12 5 12 49% 27057 10007 2208 119%
c - 475.03 36 22 72 471 171118 2 6804643 74614 1.9 22 12 5 12 49% 27057 10007 2208 119%
c - 476.18 36 20 72 472 171250 2 6826346 77824 1.9 21 11 5 12 49% 27057 10007 2208 119%
c - 477.34 36 20 72 473 171573 2 6848073 79869 1.8 21 11 5 12 49% 27057 10007 2208 119%
c - 478.55 36 19 72 474 171996 2 6869821 80796 1.8 20 11 5 12 50% 27057 10007 2208 119%
c } 479.72 36 19 73 474 172267 2 6891470 100608 1.8 20 11 5 12 49% 27057 10007 2208 119%
c [ 479.72 36 25 73 474 172267 1 6891470 100608 1.9 29 15 6 16 51% 27057 10007 2208 119%
c W 481.85 29 25 73 474 172267 1 6891470 100608 1.9 29 15 6 16 51% 27057 10007 2208 119%
c - 481.88 29 25 73 475 172267 1 6891592 81162 1.9 29 15 6 16 51% 27057 10007 2208 119%
c - 483.07 29 26 73 476 172280 1 6913387 76631 1.9 29 15 6 16 52% 27057 10007 2208 119%
c - 484.49 29 25 73 477 172288 1 6935204 72860 1.9 29 15 6 16 52% 27057 10007 2208 119%
c - 486.01 29 24 73 478 172296 1 6957044 74191 1.8 28 15 6 16 52% 27057 10007 2208 119%
c - 487.47 29 24 73 479 172302 1 6978907 75699 1.8 27 15 6 16 52% 27057 10007 2208 119%
c - 488.88 29 23 73 480 172312 1 7000793 75878 1.8 28 15 6 16 52% 27057 10007 2208 119%
c
c  seconds    switched       rate           size/glue  tier1     binary         remaining
c          MB   reductions      conflicts         size   tier2       irredundant
c           level      restarts        redundant     glue    trail         variables
c
c - 490.44 29 23 73 481 172323 1 7022701 75929 1.8 27 15 6 16 52% 27057 10007 2208 119%
c - 491.82 29 23 73 482 172328 1 7044633 79802 1.9 27 14 6 16 52% 27057 10007 2208 119%
c u 493.32 40 22 73 482 172329 1 7059867 91727 1.9 27 14 6 16 52% 27057 10007 2208 119%
c v 494.04 42 22 73 482 172329 1 7059867 88615 1.9 27 14 6 16 52% 27057 10007 2208 119%
c w 494.30 42 22 73 482 172329 1 7059867 82082 1.9 27 14 6 16 52% 27057 10007 2208 119%
c - 494.72 36 22 73 483 172329 1 7066587 74147 1.9 27 14 6 16 52% 27057 10007 2208 119%
c - 495.99 36 23 73 484 172330 1 7088564 74422 1.9 27 14 6 16 52% 27057 10007 2208 119%
c - 497.37 36 24 73 485 172343 1 7110565 70608 1.9 28 15 6 16 52% 27057 10007 2208 119%
c ] 497.55 33 24 74 485 172344 1 7113677 73608 1.9 28 15 6 16 53% 27057 10007 2208 119%
c { 497.55 33 19 74 485 172344 2 7113677 73608 1.8 20 11 5 12 49% 27057 10007 2208 119%
c - 498.58 36 19 74 486 172705 2 7132588 72378 1.8 19 11 5 12 49% 27057 10007 2208 119%
c o 498.81 33 18 74 486 172713 2 7137037 76345 1.8 19 11 5 12 49% 27057 10007 2208 119%
c - 499.80 36 18 74 487 173177 2 7154634 78205 1.8 19 11 5 12 49% 27057 10007 2208 119%
c - 501.11 36 18 74 488 174015 2 7176704 80594 1.8 19 11 5 12 49% 27057 10007 2208 119%
c - 502.38 36 18 74 489 174794 2 7198794 81220 1.7 19 11 5 12 49% 27057 10007 2208 119%
c - 503.68 36 18 74 490 175648 2 7220907 81722 1.7 18 11 5 12 49% 27057 10007 2208 119%
c - 504.96 36 18 74 491 176394 2 7243042 82675 1.7 18 11 5 12 49% 27057 10007 2208 119%
c - 506.24 36 18 74 492 177064 2 7265203 83355 1.7 18 11 5 12 49% 27057 10007 2208 119%
c - 507.48 36 18 74 493 177758 2 7287386 83785 1.7 18 11 5 12 49% 27057 10007 2208 119%
c - 508.74 36 18 74 494 178291 2 7309589 83981 1.7 18 11 5 12 49% 27057 10007 2208 119%
c
c  seconds    switched       rate           size/glue  tier1     binary         remaining
c          MB   reductions      conflicts         size   tier2       irredundant
c           level      restarts        redundant     glue    trail         variables
c
c - 510.06 36 18 74 495 179449 2 7331815 84438 1.7 18 11 5 12 49% 27057 10007 2208 119%
c u 510.60 36 18 74 495 179511 2 7333493 80837 1.7 18 11 5 12 49% 27057 10007 2208 119%
c v 511.14 37 18 74 495 179511 2 7333493 77547 1.7 18 11 5 12 49% 27057 10007 2208 119%
c w 511.32 37 18 74 495 179511 2 7333493 76990 1.7 18 11 5 12 49% 27057 10007 2208 119%
c - 512.48 36 18 74 496 180298 2 7354063 77857 1.7 18 11 5 12 49% 27057 10007 2208 119%
c - 513.75 36 18 74 497 181096 2 7376335 79396 1.7 18 11 5 12 49% 27057 10007 2208 119%
c } 514.95 36 18 75 497 181918 2 7396501 97938 1.7 18 11 5 12 49% 27057 10007 2208 119%
c [ 514.95 36 24 75 497 181918 1 7396501 97938 1.9 28 15 6 16 53% 27057 10007 2208 119%
c O 514.95 36 24 75 497 181918 1 7396501 97938 1.9 28 15 6 16 53% 27057 10007 2208 119%
c - 515.07 36 24 75 498 181920 1 7398629 80191 1.9 28 15 6 16 53% 27057 10007 2208 119%
c - 516.31 36 23 75 499 181931 1 7420945 80245 1.8 26 14 6 16 53% 27057 10007 2208 119%
c - 517.64 36 22 75 500 181941 1 7443283 79502 1.9 27 14 6 16 53% 27057 10007 2208 119%
c - 519.02 36 22 75 501 181948 1 7465643 78320 1.9 27 14 6 16 53% 27057 10007 2208 119%
c - 520.48 36 23 75 502 181955 1 7488029 76148 1.9 27 14 6 16 53% 27057 10007 2208 119%
c - 522.01 36 24 75 503 181963 1 7510434 72581 1.9 28 14 6 16 53% 27057 10007 2208 119%
c - 523.61 36 23 75 504 181977 1 7532862 73181 1.9 27 14 6 16 52% 27057 10007 2208 119%
c - 525.22 36 23 75 505 181979 1 7555311 76161 1.9 27 14 6 16 52% 27057 10007 2208 119%
c - 526.79 36 23 75 506 181980 1 7577784 78474 1.9 27 14 6 16 52% 27057 10007 2208 119%
c - 528.28 36 22 75 507 181986 1 7600280 81667 2.0 27 14 6 16 52% 27057 10007 2208 119%
c u 529.64 40 22 75 507 181993 1 7612803 90496 2.0 27 14 6 16 52% 27057 10007 2208 119%
c
c  seconds    switched       rate           size/glue  tier1     binary         remaining
c          MB   reductions      conflicts         size   tier2       irredundant
c           level      restarts        redundant     glue    trail         variables
c
c v 530.32 42 22 75 507 181993 1 7612803 87374 2.0 27 14 6 16 52% 27057 10007 2208 119%
c w 530.55 42 22 75 507 181993 1 7612803 78766 2.0 27 14 6 16 52% 27057 10007 2208 119%
c o 530.57 42 22 75 507 181993 1 7612803 78766 2.0 27 14 6 16 52% 27057 10007 2208 119%
c - 531.14 36 23 75 508 181995 1 7622796 72124 1.9 27 14 6 16 52% 27057 10007 2208 119%
c ] 532.18 36 22 76 508 182004 1 7640102 87725 1.9 26 13 6 16 52% 27057 10007 2208 119%
c { 532.18 36 18 76 508 182004 2 7640102 87725 1.7 18 11 5 12 49% 27057 10007 2208 119%
c - 532.49 36 18 76 509 182218 2 7645334 77874 1.7 18 11 5 12 49% 27057 10007 2208 119%
c - 533.82 36 19 76 510 183252 2 7667896 81921 1.7 18 11 5 12 49% 27057 10007 2208 119%
c - 535.04 36 18 76 511 183761 2 7690480 83364 1.7 18 11 5 12 49% 27057 10007 2208 119%
c - 536.34 36 18 76 512 184684 2 7713089 84118 1.7 18 11 5 12 49% 27057 10007 2208 119%
c - 537.76 37 18 76 513 185631 2 7735716 84982 1.7 18 11 5 12 49% 27057 10007 2208 119%
c - 539.06 36 18 76 514 186221 2 7758365 86017 1.7 18 10 5 12 49% 27057 10007 2208 119%
c - 540.36 36 18 76 515 187015 2 7781037 86568 1.7 18 10 5 12 49% 27057 10007 2208 119%
c - 541.59 37 18 76 516 187764 2 7803731 86670 1.7 17 10 5 12 49% 27057 10007 2208 119%
c - 542.89 37 18 76 517 188677 2 7826449 86696 1.7 17 10 5 12 49% 27057 10007 2208 119%
c - 544.22 37 18 76 518 189776 2 7849186 87137 1.7 18 10 5 12 49% 27057 10007 2208 119%
c - 545.59 37 18 76 519 190842 2 7871946 88027 1.7 18 11 5 12 49% 27057 10007 2208 119%
c - 546.90 36 18 76 520 191523 2 7894729 88633 1.7 18 10 5 12 49% 27057 10007 2208 119%
c u 547.57 29 18 76 520 191775 2 7897848 86642 1.7 18 10 5 12 49% 27057 10007 2208 119%
c v 548.13 38 18 76 520 191775 2 7897848 82223 1.7 18 10 5 12 49% 27057 10007 2208 119%
c
c  seconds    switched       rate           size/glue  tier1     binary         remaining
c          MB   reductions      conflicts         size   tier2       irredundant
c           level      restarts        redundant     glue    trail         variables
c
c w 548.32 38 18 76 520 191775 2 7897848 81774 1.7 18 10 5 12 49% 27057 10007 2208 119%
c - 551.71 36 18 76 521 192452 2 7917532 80848 1.7 18 10 5 12 49% 27057 10007 2208 119%
c } 552.75 36 18 77 521 193044 2 7937152 98817 1.7 18 10 5 12 49% 27057 10007 2208 119%
c [ 552.75 36 22 77 521 193044 1 7937152 98817 1.9 26 13 6 16 52% 27057 10007 2208 119%
c B 552.75 36 22 77 521 193044 1 7937152 98817 1.9 26 13 6 16 52% 27057 10007 2208 119%
c - 552.93 36 22 77 522 193046 1 7940359 82671 1.9 26 14 6 16 52% 27057 10007 2208 119%
c - 554.27 36 24 77 523 193058 1 7963206 75649 1.9 28 15 6 16 52% 27057 10007 2208 119%
c - 555.74 36 25 77 524 193068 1 7986075 68462 1.9 29 15 6 16 52% 27057 10007 2208 119%
c - 557.17 36 26 77 525 193074 1 8008967 67782 1.8 29 16 6 16 52% 27057 10007 2208 119%
c o 557.78 34 26 77 525 193075 1 8019138 77402 1.8 29 16 6 16 52% 27057 10007 2208 119%
c - 558.55 36 28 77 526 193082 1 8031880 69743 1.8 29 16 6 16 52% 27057 10007 2208 119%
c - 560.03 34 26 77 527 193092 1 8054817 77495 1.8 28 15 6 16 52% 27057 10007 2208 119%
c - 561.57 36 25 77 528 193104 1 8077774 82882 1.9 27 15 6 16 51% 27057 10007 2208 119%
c - 563.15 36 24 77 529 193105 1 8100752 83384 1.9 27 14 6 16 51% 27057 10007 2208 119%
c - 564.81 36 24 77 530 193106 1 8123753 83628 1.9 27 14 6 16 51% 27057 10007 2208 119%
c - 566.39 36 23 77 531 193114 1 8146775 85746 1.9 26 14 6 16 51% 27057 10007 2208 119%
c - 568.02 36 22 77 532 193124 1 8169818 88615 1.9 25 13 6 16 51% 27057 10007 2208 119%
c ] 569.00 36 23 78 532 193134 1 8185264 103166 1.9 26 14 6 16 51% 27057 10007 2208 119%
c { 569.00 36 18 78 532 193134 2 8185264 103166 1.7 18 10 5 12 49% 27057 10007 2208 119%
c u 569.80 40 18 78 532 193355 2 8188629 99523 1.7 18 10 5 12 49% 27057 10007 2208 119%
c
c  seconds    switched       rate           size/glue  tier1     binary         remaining
c          MB   reductions      conflicts         size   tier2       irredundant
c           level      restarts        redundant     glue    trail         variables
c
c v 570.49 42 18 78 532 193355 2 8188629 84431 1.7 18 10 5 12 49% 27057 10007 2208 119%
c w 570.76 42 18 78 532 193355 2 8188629 74151 1.7 18 10 5 12 49% 27057 10007 2208 119%
c - 571.03 36 18 78 533 193541 2 8192883 62896 1.7 18 10 5 12 49% 27057 10007 2208 119%
c - 572.33 36 18 78 534 194675 2 8215970 73002 1.7 18 11 5 12 49% 27057 10007 2208 119%
c - 573.60 36 18 78 535 195409 2 8239078 81049 1.7 18 11 5 12 49% 27057 10007 2208 119%
c - 574.94 36 18 78 536 196329 2 8262208 83582 1.7 18 11 5 12 49% 27057 10007 2208 119%
c - 576.22 36 18 78 537 197028 2 8285359 85050 1.7 18 10 5 12 49% 27057 10007 2208 119%
c - 577.57 36 18 78 538 197807 2 8308534 85504 1.7 18 10 5 12 49% 27057 10007 2208 119%
c - 578.92 36 18 78 539 198664 2 8331731 85928 1.7 18 10 5 12 49% 27057 10007 2208 119%
c - 580.25 36 18 78 540 199687 2 8354947 86345 1.7 18 10 5 12 49% 27057 10007 2208 119%
c - 581.58 37 18 78 541 200691 2 8378184 86617 1.7 18 10 5 12 49% 27057 10007 2208 119%
c o 582.30 36 18 78 541 201136 2 8391045 98483 1.7 18 10 5 12 49% 27057 10007 2208 119%
c - 582.93 36 18 78 542 201669 2 8401443 86947 1.7 18 11 5 12 49% 27057 10007 2208 119%
c - 584.27 36 18 78 543 202561 2 8424723 87018 1.7 18 10 5 12 49% 27057 10007 2208 119%
c - 585.66 36 18 78 544 203336 2 8448026 87046 1.7 18 10 5 12 49% 27057 10007 2208 119%
c - 587.07 36 18 78 545 204076 2 8471349 87197 1.7 18 10 5 12 49% 27057 10007 2208 119%
c u 588.51 37 18 78 545 204848 2 8485147 96221 1.7 18 10 5 12 49% 27057 10007 2208 119%
c v 589.13 40 18 78 545 204848 2 8485147 91690 1.7 18 10 5 12 49% 27057 10007 2208 119%
c w 589.34 40 18 78 545 204848 2 8485147 91157 1.7 18 10 5 12 49% 27057 10007 2208 119%
c - 589.92 36 18 78 546 205297 2 8494695 79605 1.7 18 11 5 12 49% 27057 10007 2208 119%
c
c  seconds    switched       rate           size/glue  tier1     binary         remaining
c          MB   reductions      conflicts         size   tier2       irredundant
c           level      restarts        redundant     glue    trail         variables
c
c } 590.06 36 18 79 546 205531 2 8496855 81679 1.7 18 11 5 12 49% 27057 10007 2208 119%
c [ 590.06 36 23 79 546 205531 1 8496855 81679 1.9 26 14 6 16 51% 27057 10007 2208 119%
c W 592.52 29 23 79 546 205531 1 8496855 81679 1.9 26 14 6 16 51% 27057 10007 2208 119%
c - 593.78 29 24 79 547 205544 1 8518061 74972 1.9 27 15 6 16 51% 27057 10007 2208 119%
c - 595.23 29 26 79 548 205552 1 8541450 67968 1.9 29 15 6 16 51% 27057 10007 2208 119%
c - 596.85 29 26 79 549 205561 1 8564859 68555 1.9 29 16 6 16 51% 27057 10007 2208 119%
c - 598.65 29 26 79 550 205568 1 8588289 69960 1.9 29 16 6 16 52% 27057 10007 2208 119%
c - 600.36 29 26 79 551 205577 1 8611743 71516 1.9 29 16 6 16 52% 27057 10007 2208 119%
c - 601.93 29 25 79 552 205590 1 8635216 75172 1.9 29 15 6 16 52% 27057 10007 2208 119%
c - 603.53 29 25 79 553 205592 1 8658710 75716 1.9 29 15 6 16 52% 27057 10007 2208 119%
c - 605.29 29 25 79 554 205593 1 8682226 76249 1.9 28 15 6 16 52% 27057 10007 2208 119%
c - 607.11 29 25 79 555 205600 1 8705764 77284 1.9 28 15 6 16 52% 27057 10007 2208 119%
c - 608.78 29 25 79 556 205611 1 8729323 73728 1.9 29 16 6 16 51% 27057 10007 2208 119%
c ] 609.92 29 25 80 556 205621 1 8745685 89406 1.9 29 16 6 16 51% 27057 10007 2208 119%
c { 609.92 29 18 80 556 205621 2 8745685 89406 1.7 18 11 5 12 49% 27057 10007 2208 119%
c - 610.44 29 18 80 557 205880 2 8752903 73233 1.7 18 11 5 12 49% 27057 10007 2208 119%
c o 611.69 29 18 80 557 206722 2 8773325 91922 1.7 18 11 5 12 49% 27057 10007 2208 119%
c - 611.90 29 18 80 558 206808 2 8776504 80747 1.7 18 11 5 12 49% 27057 10007 2208 119%
c u 613.12 38 18 80 558 207139 2 8787451 86233 1.7 18 11 5 12 49% 27057 10007 2208 119%
c v 613.90 40 18 80 558 207139 2 8787451 83411 1.7 18 11 5 12 49% 27057 10007 2208 119%
c
c  seconds    switched       rate           size/glue  tier1     binary         remaining
c          MB   reductions      conflicts         size   tier2       irredundant
c           level      restarts        redundant     glue    trail         variables
c
c w 614.18 40 18 80 558 207139 2 8787451 83250 1.7 18 11 5 12 49% 27057 10007 2208 119%
c - 614.95 33 18 80 559 207509 2 8800126 79085 1.7 18 11 5 12 49% 27057 10007 2208 119%
c - 616.28 36 18 80 560 208258 2 8823771 81241 1.7 18 10 5 12 49% 27057 10007 2208 119%
c - 617.79 36 18 80 561 209458 2 8847435 83272 1.7 18 11 5 12 49% 27057 10007 2208 119%
c - 619.25 36 18 80 562 210366 2 8871121 83823 1.7 18 11 5 12 49% 27057 10007 2208 119%
c - 620.71 36 18 80 563 211442 2 8894828 83947 1.7 18 11 5 12 49% 27057 10007 2208 119%
c - 622.11 36 18 80 564 212299 2 8918555 84645 1.7 18 11 5 12 49% 27057 10007 2208 119%
c - 623.55 37 18 80 565 213351 2 8942303 85657 1.7 18 11 5 12 49% 27057 10007 2208 119%
c - 624.88 36 18 80 566 213902 2 8966074 85920 1.7 18 11 5 12 49% 27057 10007 2208 119%
c - 626.13 36 17 80 567 214189 2 8989864 85988 1.7 18 10 5 12 49% 27057 10007 2208 119%
c - 627.72 37 18 80 568 215634 2 9013675 86311 1.7 18 11 5 12 49% 27057 10007 2208 119%
c - 629.31 37 18 80 569 216547 2 9037507 86439 1.7 18 11 5 12 49% 27057 10007 2208 119%
c - 630.83 37 18 80 570 217358 2 9061360 86915 1.7 18 11 5 12 49% 27057 10007 2208 119%
c } 631.49 36 18 81 570 217694 2 9072128 96749 1.7 18 11 5 12 49% 27057 10007 2208 119%
c [ 631.49 36 25 81 570 217694 1 9072128 96749 1.9 29 16 6 16 51% 27057 10007 2208 119%
c I 631.49 36 25 81 570 217694 1 9072128 96749 1.9 29 16 6 16 51% 27057 10007 2208 119%
c - 632.25 37 26 81 571 217701 1 9085234 85162 1.9 30 16 6 16 51% 27057 10007 2208 119%
c u 633.46 37 26 81 571 217707 1 9095542 92649 2.0 30 16 6 16 51% 27057 10007 2208 119%
c v 634.16 40 26 81 571 217707 1 9095542 92046 2.0 30 16 6 16 51% 27057 10007 2208 119%
c w 634.41 40 26 81 571 217707 1 9095542 91444 2.0 30 16 6 16 51% 27057 10007 2208 119%
c
c  seconds    switched       rate           size/glue  tier1     binary         remaining
c          MB   reductions      conflicts         size   tier2       irredundant
c           level      restarts        redundant     glue    trail         variables
c
c - 635.27 36 27 81 572 217712 1 9109130 77405 2.0 31 15 6 16 51% 27057 10007 2208 119%
c - 636.76 36 27 81 573 217723 1 9133046 75296 2.0 31 15 6 16 51% 27057 10007 2208 119%
c - 638.44 36 27 81 574 217727 1 9156983 74645 2.0 30 15 6 16 51% 27057 10007 2208 119%
c - 640.15 36 27 81 575 217739 1 9180942 77924 2.0 30 15 6 16 50% 27057 10007 2208 119%
c o 641.02 34 27 81 575 217745 1 9193070 89667 2.0 30 15 6 16 50% 27057 10007 2208 119%
c - 641.81 36 30 81 576 217751 1 9204922 79682 2.0 30 15 6 16 51% 27057 10007 2208 119%
c - 643.42 36 28 81 577 217755 1 9228922 79766 2.0 29 15 6 16 50% 27057 10007 2208 119%
c - 645.24 36 27 81 578 217756 1 9252943 81844 2.0 29 15 6 16 51% 27057 10007 2208 119%
c - 647.10 36 26 81 579 217762 1 9276985 83649 2.0 29 14 6 16 51% 27057 10007 2208 119%
c - 648.96 36 25 81 580 217771 1 9301048 86975 2.0 29 14 6 16 51% 27057 10007 2208 119%
c - 650.96 36 24 81 581 217785 1 9325134 88758 2.1 28 14 6 16 51% 27057 10007 2208 119%
c ] 652.34 36 23 82 581 217787 1 9343663 106668 2.1 28 13 6 16 51% 27057 10007 2208 119%
c { 652.34 36 18 82 581 217787 2 9343663 106668 1.7 18 11 5 12 49% 27057 10007 2208 119%
c - 652.85 36 18 82 582 217787 2 9349237 91676 1.7 18 10 5 12 49% 27057 10007 2208 119%
c - 654.50 36 17 82 583 217806 2 9373361 94396 1.8 19 10 5 12 49% 27057 10007 2208 119%
c - 655.85 36 16 82 584 217831 2 9397506 94273 1.8 18 10 5 12 49% 27057 10007 2208 119%
c u 657.24 37 15 82 584 217840 2 9409446 99620 1.8 18 10 5 12 49% 27057 10007 2208 119%
c v 658.04 40 15 82 584 217840 2 9409446 90089 1.8 18 10 5 12 49% 27057 10007 2208 119%
c w 658.20 42 15 82 584 217840 2 9409446 89708 1.8 18 10 5 12 49% 27057 10007 2208 119%
c - 658.91 36 15 82 585 217868 2 9421672 78496 1.8 17 10 5 12 49% 27057 10007 2208 119%
c
c  seconds    switched       rate           size/glue  tier1     binary         remaining
c          MB   reductions      conflicts         size   tier2       irredundant
c           level      restarts        redundant     glue    trail         variables
c
c - 660.23 36 14 82 586 217955 2 9445858 81322 1.8 17 10 5 12 49% 27057 10007 2208 119%
c - 661.54 36 13 82 587 218028 1 9470066 85796 1.7 16 9 5 12 50% 27057 10007 2208 119%
c - 663.02 36 13 82 588 218218 1 9494294 87932 1.7 16 9 5 12 49% 27057 10007 2208 119%
c - 664.54 36 12 82 589 218547 1 9518543 89069 1.7 15 9 5 12 49% 27057 10007 2208 119%
c - 666.06 37 12 82 590 218896 1 9542812 90249 1.7 15 9 5 12 49% 27057 10007 2208 119%
c - 667.55 37 12 82 591 219204 1 9567101 91304 1.7 15 9 5 12 49% 27057 10007 2208 119%
c - 669.02 37 12 82 592 219507 1 9591411 91512 1.7 15 9 5 12 49% 27057 10007 2208 119%
c o 669.19 36 12 82 592 219581 1 9594084 93776 1.7 15 9 5 12 49% 27057 10007 2208 119%
c - 670.52 37 12 82 593 219938 1 9615742 91110 1.7 15 9 5 12 49% 27057 10007 2208 119%
c - 672.11 37 11 82 594 220481 1 9640095 91636 1.7 15 9 5 12 49% 27057 10007 2208 119%
c - 673.69 37 11 82 595 220805 1 9664468 92949 1.7 15 9 5 12 49% 27057 10007 2208 119%
c } 675.14 37 11 83 595 221340 1 9685269 110397 1.7 15 9 5 12 49% 27057 10007 2208 119%
c [ 675.14 37 23 83 595 221340 1 9685269 110397 2.1 28 13 6 16 51% 27057 10007 2208 119%
c B 675.14 37 23 83 595 221340 1 9685269 110397 2.1 28 13 6 16 51% 27057 10007 2208 119%
c - 675.38 37 24 83 596 221342 1 9688862 93243 2.1 28 14 6 16 51% 27057 10007 2208 119%
c - 676.89 36 24 83 597 221354 1 9713276 92303 2.1 28 14 6 16 51% 27057 10007 2208 119%
c u 678.48 40 23 83 597 221361 1 9729171 105352 2.1 28 13 6 16 51% 27057 10007 2208 119%
c v 679.06 42 23 83 597 221361 1 9729171 102015 2.1 28 13 6 16 51% 27057 10007 2208 119%
c w 679.25 42 23 83 597 221361 1 9729171 98139 2.1 28 13 6 16 51% 27057 10007 2208 119%
c - 679.93 36 23 83 598 221367 1 9737709 84536 2.0 27 13 6 16 51% 27057 10007 2208 119%
c
c  seconds    switched       rate           size/glue  tier1     binary         remaining
c          MB   reductions      conflicts         size   tier2       irredundant
c           level      restarts        redundant     glue    trail         variables
c
c - 681.58 36 23 83 599 221370 1 9762164 89216 2.0 27 13 6 16 50% 27057 10007 2208 119%
c - 683.52 36 21 83 600 221383 1 9786640 93844 2.0 25 13 6 16 50% 27057 10007 2208 119%
c - 685.25 37 20 83 601 221392 1 9811135 96740 2.0 25 13 6 16 50% 27057 10007 2208 119%
c - 687.07 37 20 83 602 221401 1 9835652 97367 2.0 25 13 6 16 50% 27057 10007 2208 119%
c - 688.98 38 20 83 603 221402 1 9860187 96419 2.0 26 13 6 16 50% 27057 10007 2208 119%
c - 690.80 39 21 83 604 221405 1 9884744 95146 2.0 26 13 6 16 51% 27057 10007 2208 119%
c - 692.75 38 21 83 605 221417 1 9909320 95350 2.0 26 13 6 16 50% 27057 10007 2208 119%
c - 694.81 38 20 83 606 221430 1 9933917 98268 2.0 26 13 6 16 50% 27057 10007 2208 119%
c - 697.01 39 21 83 607 221433 1 9958534 99076 2.0 26 13 6 16 50% 27057 10007 2208 119%
c ] 698.26 38 20 84 607 221440 1 9972914 112626 2.0 26 13 6 16 50% 27057 10007 2208 119%
c { 698.26 38 11 84 607 221440 1 9972914 112626 1.7 15 9 5 12 49% 27057 10007 2208 119%
c - 699.34 38 12 84 608 223168 2 9983171 100977 1.6 15 9 5 12 49% 27057 10007 2208 119%
c o 701.22 38 14 84 608 226135 2 10004116 120972 1.6 16 10 5 12 49% 27057 10007 2208 119%
c - 701.62 39 15 84 609 226698 2 10007828 101906 1.6 16 10 5 12 49% 27057 10007 2208 119%
c - 703.76 39 16 84 610 229210 2 10032505 101091 1.6 16 10 5 12 49% 27057 10007 2208 119%
c u 706.19 42 17 84 610 230628 3 10054727 115889 1.6 16 10 5 12 49% 27057 10007 2208 119%
c v 707.05 42 17 84 610 230628 3 10054727 113261 1.6 16 10 5 12 49% 27057 10007 2208 119%
c w 707.36 44 17 84 610 230628 3 10054727 113061 1.6 16 10 5 12 49% 27057 10007 2208 119%
c - 707.59 38 17 84 611 230892 3 10057205 93497 1.6 16 10 5 12 49% 27057 10007 2208 119%
c - 709.30 39 17 84 612 232295 3 10081923 95391 1.7 17 10 5 12 49% 27057 10007 2208 119%
c
c  seconds    switched       rate            size/glue  tier1     binary         remaining
c          MB   reductions      conflicts          size   tier2       irredundant
c           level      restarts         redundant     glue    trail         variables
c
c - 710.90 39 17 84 613 233375 3 10106662 97176 1.7 17 10 5 12 49% 27057 10007 2208 119%
c - 712.55 38 18 84 614 234535 3 10131420 97286 1.6 17 10 5 12 49% 27057 10007 2208 119%
c - 714.23 38 18 84 615 235747 3 10156200 97800 1.6 17 10 5 12 49% 27057 10007 2208 119%
c - 715.88 38 18 84 616 236888 3 10181000 98041 1.7 17 11 5 12 49% 27057 10007 2208 119%
c - 717.55 39 18 84 617 238081 3 10205820 98551 1.7 18 11 5 12 49% 27057 10007 2208 119%
c - 719.12 39 19 84 618 239085 3 10230659 99179 1.7 18 11 5 12 49% 27057 10007 2208 119%
c - 720.64 38 18 84 619 239795 2 10255518 99710 1.7 18 11 5 12 49% 27057 10007 2208 119%
c - 722.20 40 18 84 620 240778 2 10280399 99616 1.7 18 11 5 12 49% 27057 10007 2208 119%
c - 723.61 39 18 84 621 241260 2 10305299 99048 1.7 18 10 5 12 49% 27057 10007 2208 119%
c } 725.11 39 18 85 621 242051 2 10329992 121572 1.7 18 10 5 12 49% 27057 10007 2208 119%
c [ 725.11 39 20 85 621 242051 1 10329992 121572 2.0 26 13 6 16 50% 27057 10007 2208 119%
c W 728.39 31 20 85 621 242051 1 10329992 121572 2.0 26 13 6 16 50% 27057 10007 2208 119%
c - 728.42 31 20 85 622 242051 1 10330220 99030 2.0 26 13 6 16 50% 27057 10007 2208 119%
c - 729.85 33 21 85 623 242065 1 10355159 96943 2.0 27 13 6 16 51% 27057 10007 2208 119%
c - 731.53 33 21 85 624 242076 1 10380120 95309 2.0 26 13 6 16 51% 27057 10007 2208 119%
c u 732.54 35 21 85 624 242079 1 10386147 97703 2.0 26 13 6 16 51% 27057 10007 2208 119%
c v 733.37 37 21 85 624 242079 1 10386147 92573 2.0 26 13 6 16 51% 27057 10007 2208 119%
c w 733.67 37 21 85 624 242079 1 10386147 82881 2.0 26 13 6 16 51% 27057 10007 2208 119%
c - 734.87 37 21 85 625 242081 1 10405099 83725 2.0 26 13 6 16 51% 27057 10007 2208 119%
c - 736.53 37 22 85 626 242093 1 10430099 88686 2.0 27 13 6 16 51% 27057 10007 2208 119%
c
c  seconds    switched       rate            size/glue  tier1     binary         remaining
c          MB   reductions      conflicts          size   tier2       irredundant
c           level      restarts         redundant     glue    trail         variables
c
c - 738.22 37 21 85 627 242103 1 10455119 89392 2.0 26 13 6 16 52% 27057 10007 2208 119%
c - 739.97 37 20 85 628 242112 1 10480158 93853 2.0 26 13 6 16 51% 27057 10007 2208 119%
c - 741.64 37 21 85 629 242113 1 10505220 95786 1.9 25 13 6 16 52% 27057 10007 2208 119%
c - 743.25 37 22 85 630 242116 1 10530302 92883 1.9 26 13 6 16 51% 27057 10007 2208 119%
c - 745.00 37 22 85 631 242128 1 10555401 91629 1.9 26 13 6 16 51% 27057 10007 2208 119%
c - 746.90 37 22 85 632 242142 1 10580521 93826 1.9 26 13 6 16 51% 27057 10007 2208 119%
c - 748.71 37 21 85 633 242144 1 10605660 96330 1.9 25 13 6 16 51% 27057 10007 2208 119%
c o 749.80 37 21 85 633 242153 1 10622033 112044 1.9 26 13 6 16 51% 27057 10007 2208 119%
c - 750.41 37 23 85 634 242158 1 10630821 96746 1.9 26 13 6 16 51% 27057 10007 2208 119%
c O 750.70 37 22 85 634 242159 1 10635187 100923 1.9 26 13 6 16 51% 27057 10007 2208 119%
c - 752.20 37 22 85 635 242169 1 10656000 95704 1.9 25 13 6 16 51% 27057 10007 2208 119%
c ] 752.93 37 21 86 635 242174 1 10666499 105367 1.9 25 13 6 16 51% 27057 10007 2208 119%
c { 752.93 37 18 86 635 242174 2 10666499 105367 1.7 18 10 5 12 49% 27057 10007 2208 119%
c - 754.78 37 23 86 636 244718 3 10681200 93800 1.7 20 12 5 12 49% 27057 10007 2208 119%
c - 758.27 37 30 86 637 249100 5 10706421 86671 1.7 23 13 5 12 49% 27057 10007 2208 119%
c u 761.58 37 34 86 637 252024 6 10723433 98460 1.7 25 14 5 12 49% 27057 10007 2208 119%
c v 762.47 37 34 86 637 252024 6 10723433 92493 1.7 25 14 5 12 49% 27057 10007 2208 119%
c w 762.83 37 34 86 637 252024 6 10723433 91023 1.7 25 14 5 12 49% 27057 10007 2208 119%
c - 764.12 37 36 86 638 253439 6 10731659 74117 1.7 26 15 5 12 49% 27057 10007 2208 119%
c - 767.35 37 40 86 639 257032 7 10756918 74980 1.8 28 16 5 12 49% 27057 10007 2208 119%
c
c  seconds    switched       rate            size/glue  tier1     binary         remaining
c          MB   reductions      conflicts          size   tier2       irredundant
c           level      restarts         redundant     glue    trail         variables
c
c - 770.20 37 42 86 640 259657 7 10782196 77071 1.8 29 16 5 12 49% 27057 10007 2208 119%
c - 772.95 37 43 86 641 262066 7 10807494 79108 1.8 30 17 5 12 49% 27057 10007 2208 119%
c - 775.76 37 44 86 642 264239 6 10832813 79575 1.9 31 17 5 12 49% 27057 10007 2208 119%
c - 778.24 37 45 86 643 265767 6 10858150 79902 1.9 32 17 5 12 49% 27057 10007 2208 119%
c - 780.81 37 44 86 644 267283 6 10883507 81484 1.9 32 17 5 12 50% 27057 10007 2208 119%
c - 783.46 37 45 86 645 269134 6 10908886 74671 1.9 33 17 4 12 50% 27057 10007 2208 119%
c - 786.12 37 45 86 646 270948 6 10934284 71868 1.9 34 17 4 12 50% 27057 10007 2208 119%
c - 788.37 37 45 86 647 272132 5 10959700 71950 1.9 33 17 4 12 50% 27057 10007 2208 119%
c - 790.87 37 46 86 648 273848 5 10985138 72130 1.9 34 17 4 12 50% 27057 10007 2208 119%
c - 792.95 37 45 86 649 274718 5 11010596 72034 2.0 34 17 4 12 50% 27057 10007 2208 119%
c - 795.49 37 45 86 650 276417 5 11036071 72148 1.9 34 18 4 12 50% 27057 10007 2208 119%
c } 795.82 37 45 87 650 276712 5 11039354 75393 1.9 34 18 4 12 50% 27057 10007 2208 119%
c [ 795.82 37 21 87 650 276712 1 11039354 75393 1.9 25 13 6 16 51% 27057 10007 2208 119%
c B 795.82 37 21 87 650 276712 1 11039354 75393 1.9 25 13 6 16 51% 27057 10007 2208 119%
c - 797.12 37 21 87 651 276725 1 11061570 76860 1.9 24 13 6 16 51% 27057 10007 2208 119%
c u 798.33 37 21 87 651 276726 1 11066613 74172 1.9 24 13 6 16 51% 27057 10007 2208 119%
c v 799.59 37 21 87 651 276726 1 11066613 66837 1.9 24 13 6 16 51% 27057 10007 2208 119%
c w 800.00 37 21 87 651 276726 1 11066613 60880 1.9 24 13 6 16 51% 27057 10007 2208 119%
c o 800.02 37 21 87 651 276726 1 11066613 60880 1.9 24 13 6 16 51% 27057 10007 2208 119%
c - 801.09 37 27 87 652 276736 1 11087086 61747 1.8 25 14 6 16 51% 27057 10007 2208 119%
c
c  seconds    switched       rate            size/glue  tier1     binary         remaining
c          MB   reductions      conflicts          size   tier2       irredundant
c           level      restarts         redundant     glue    trail         variables
c
c - 802.51 37 26 87 653 276742 1 11112621 71033 1.8 25 14 6 16 51% 27057 10007 2208 119%
c - 804.12 37 24 87 654 276753 1 11138175 78799 1.8 24 13 6 16 51% 27057 10007 2208 119%
c - 805.69 37 24 87 655 276764 1 11163749 80129 1.8 24 13 6 16 51% 27057 10007 2208 119%
c - 807.41 37 24 87 656 276773 1 11189342 76999 1.8 25 14 6 16 51% 27057 10007 2208 119%
c - 809.21 37 24 87 657 276774 1 11214955 75175 1.8 25 14 6 16 50% 27057 10007 2208 119%
c - 811.08 37 24 87 658 276778 1 11240587 75699 1.8 25 14 6 16 50% 27057 10007 2208 119%
c - 812.88 37 23 87 659 276789 1 11266239 79720 1.8 25 14 6 16 50% 27057 10007 2208 119%
c - 814.66 37 22 87 660 276803 1 11291909 80543 1.8 25 14 6 16 50% 27057 10007 2208 119%
c - 816.48 37 23 87 661 276805 1 11317599 78849 1.8 25 14 6 16 49% 27057 10007 2208 119%
c - 818.33 37 22 87 662 276820 1 11343308 79965 1.8 25 14 6 16 49% 27057 10007 2208 119%
c W 823.19 37 22 87 662 276828 1 11363431 98670 1.8 25 14 6 16 49% 27057 10007 2208 119%
c - 823.53 37 22 87 663 276832 1 11369038 82210 1.8 25 14 6 16 49% 27057 10007 2208 119%
c - 825.13 37 22 87 664 276836 1 11394787 83584 1.8 25 14 6 16 50% 27057 10007 2208 119%
c u 827.45 37 22 87 664 276837 1 11415681 98720 1.9 25 13 6 16 50% 27057 10007 2208 119%
c v 828.36 39 22 87 664 276837 1 11415681 95183 1.9 25 13 6 16 50% 27057 10007 2208 119%
c w 828.67 39 22 87 664 276837 1 11415681 93916 1.9 25 13 6 16 50% 27057 10007 2208 119%
c - 829.03 39 21 87 665 276837 1 11420556 74801 1.9 25 13 6 16 50% 27057 10007 2208 119%
c - 830.96 39 21 87 666 276838 1 11446343 77354 1.9 24 13 6 16 50% 27057 10007 2208 119%
c - 832.55 39 24 87 667 276838 1 11472155 73727 1.8 26 14 6 16 51% 27057 10007 2208 119%
c - 834.29 39 25 87 668 276838 1 11497983 67108 1.9 27 15 6 16 52% 27057 10007 2208 119%
c
c  seconds    switched       rate            size/glue  tier1     binary         remaining
c          MB   reductions      conflicts          size   tier2       irredundant
c           level      restarts         redundant     glue    trail         variables
c
c - 836.05 39 26 87 669 276853 1 11523828 67545 1.9 28 15 6 16 52% 27057 10007 2208 119%
c - 837.86 39 25 87 670 276866 1 11549694 71404 1.9 28 15 6 16 52% 27057 10007 2208 119%
c - 839.72 39 25 87 671 276869 1 11575579 76169 1.9 28 15 6 16 52% 27057 10007 2208 119%
c - 841.49 39 25 87 672 276883 1 11601484 77116 1.9 27 14 6 16 52% 27057 10007 2208 119%
c ] 843.30 39 24 88 672 276893 1 11627025 100959 1.8 26 14 6 16 52% 27057 10007 2208 119%
c { 843.30 39 45 88 672 276893 5 11627025 100959 1.9 34 18 4 12 50% 27057 10007 2208 119%
c - 843.35 39 45 88 673 276894 5 11627407 79017 1.9 34 18 4 12 50% 27057 10007 2208 119%
c - 845.18 39 39 88 674 276894 4 11653349 82447 1.9 31 16 4 12 50% 27057 10007 2208 119%
c - 846.83 39 34 88 675 276895 3 11679310 84298 1.9 29 15 4 12 50% 27057 10007 2208 119%
c - 848.43 39 30 88 676 276903 3 11705290 84224 1.9 27 14 4 12 50% 27057 10007 2208 119%
c o 850.05 39 26 88 676 276919 3 11730961 106884 1.9 25 13 4 12 50% 27057 10007 2208 119%
c - 850.09 39 26 88 677 276930 3 11731290 83600 1.9 25 13 4 12 50% 27057 10007 2208 119%
c - 851.53 39 24 88 678 276976 2 11757311 84416 1.8 24 13 4 12 50% 27057 10007 2208 119%
c u 853.02 39 23 88 678 277025 2 11770689 92652 1.8 23 13 4 12 50% 27057 10007 2208 119%
c v 853.88 39 23 88 678 277025 2 11770689 78055 1.8 23 13 4 12 50% 27057 10007 2208 119%
c w 854.18 39 23 88 678 277025 2 11770689 73528 1.8 23 13 4 12 50% 27057 10007 2208 119%
c - 858.14 39 22 88 679 277028 2 11783350 72149 1.8 23 12 4 12 50% 27057 10007 2208 119%
c - 859.46 39 21 88 680 277192 2 11809408 77899 1.8 22 12 4 12 50% 27057 10007 2208 119%
c - 860.77 39 20 88 681 277354 2 11835484 79352 1.8 21 11 4 12 50% 27057 10007 2208 119%
c - 862.17 39 19 88 682 277676 2 11861581 80127 1.8 20 11 4 12 50% 27057 10007 2208 119%
c
c  seconds    switched       rate            size/glue  tier1     binary         remaining
c          MB   reductions      conflicts          size   tier2       irredundant
c           level      restarts         redundant     glue    trail         variables
c
c - 863.50 39 18 88 683 277923 2 11887696 80399 1.8 19 11 4 12 49% 27057 10007 2208 119%
c - 864.88 39 18 88 684 278495 2 11913830 80603 1.8 19 11 4 12 49% 27057 10007 2208 119%
c - 866.32 39 18 88 685 279235 2 11939985 81270 1.7 19 11 4 12 49% 27057 10007 2208 119%
c - 867.76 39 18 88 686 279985 2 11966157 82096 1.7 19 11 4 12 49% 27057 10007 2208 119%
c - 869.26 39 18 88 687 280769 2 11992348 82786 1.7 18 11 4 12 49% 27057 10007 2208 119%
c } 870.61 39 18 89 687 281612 2 12015963 104812 1.7 18 11 4 12 49% 27057 10007 2208 119%
c [ 870.61 39 24 89 687 281612 1 12015963 104812 1.8 26 14 6 16 52% 27057 10007 2208 119%
c I 870.61 39 24 89 687 281612 1 12015963 104812 1.8 26 14 6 16 52% 27057 10007 2208 119%
c - 870.79 39 25 89 688 281614 1 12018558 82217 1.8 27 15 6 16 52% 27057 10007 2208 119%
c - 872.53 39 29 89 689 281626 1 12044787 73518 1.9 31 16 6 16 52% 27057 10007 2208 119%
c - 874.28 39 30 89 690 281640 1 12071036 65036 2.0 33 16 6 16 51% 27057 10007 2208 119%
c - 876.09 39 31 89 691 281642 1 12097305 65868 2.1 35 17 6 16 51% 27057 10007 2208 119%
c - 877.90 39 32 89 692 281657 1 12123591 67277 2.1 36 17 6 16 51% 27057 10007 2208 119%
c u 879.10 39 32 89 692 281658 1 12131614 72071 2.2 36 17 6 16 51% 27057 10007 2208 119%
c v 879.86 39 32 89 692 281658 1 12131614 71313 2.2 36 17 6 16 51% 27057 10007 2208 119%
c w 880.19 39 32 89 692 281658 1 12131614 70974 2.2 36 17 6 16 51% 27057 10007 2208 119%
c - 881.74 39 32 89 693 281670 1 12149896 62759 2.1 36 17 6 16 50% 27057 10007 2208 119%
c - 883.61 39 33 89 694 281673 1 12176221 61626 2.0 35 17 6 16 50% 27057 10007 2208 119%
c - 885.45 39 33 89 695 281674 1 12202565 61094 1.9 35 18 6 16 50% 27057 10007 2208 119%
c - 887.31 39 33 89 696 281684 1 12228927 61872 1.9 34 18 6 16 50% 27057 10007 2208 119%
c
c  seconds    switched       rate            size/glue  tier1     binary         remaining
c          MB   reductions      conflicts          size   tier2       irredundant
c           level      restarts         redundant     glue    trail         variables
c
c - 889.13 39 32 89 697 281696 1 12255308 65043 1.9 33 18 6 16 50% 27057 10007 2208 119%
c - 890.80 39 30 89 698 281705 1 12281709 69039 1.9 32 17 6 16 50% 27057 10007 2208 119%
c - 892.63 39 28 89 699 281713 1 12308129 73440 1.9 30 16 6 16 50% 27057 10007 2208 119%
c ] 894.02 39 28 90 699 281721 1 12328178 92196 1.9 30 16 6 16 50% 27057 10007 2208 119%
c { 894.02 39 18 90 699 281721 2 12328178 92196 1.7 18 11 4 12 49% 27057 10007 2208 119%
c o 894.02 39 18 90 699 281729 2 12328233 92250 1.7 19 11 4 12 49% 27057 10007 2208 119%
c - 894.47 39 18 90 700 282026 2 12334567 75231 1.7 18 11 4 12 49% 27057 10007 2208 119%
c - 896.06 39 18 90 701 282933 2 12361024 78689 1.7 18 11 4 12 49% 27057 10007 2208 119%
c - 897.51 39 18 90 702 283528 2 12387500 83238 1.7 18 10 4 12 49% 27057 10007 2208 119%
c - 899.03 39 18 90 703 284594 2 12413995 85081 1.7 18 11 4 12 49% 27057 10007 2208 119%
c - 900.59 39 18 90 704 285570 2 12440509 85677 1.7 18 11 4 12 49% 27057 10007 2208 119%
c - 902.24 39 18 90 705 286891 2 12467043 85935 1.7 18 11 4 12 49% 27057 10007 2208 119%
c - 903.81 39 18 90 706 287911 2 12493594 86372 1.7 18 11 4 12 49% 27057 10007 2208 119%
c u 904.77 39 18 90 706 288000 2 12498507 84496 1.7 18 11 4 12 49% 27057 10007 2208 119%
c v 905.60 39 18 90 706 288000 2 12498507 78955 1.7 18 11 4 12 49% 27057 10007 2208 119%
c w 905.88 39 18 90 706 288000 2 12498507 78591 1.7 18 11 4 12 49% 27057 10007 2208 119%
c - 907.14 39 18 90 707 289071 2 12520164 76614 1.7 18 11 4 12 49% 27057 10007 2208 119%
c - 908.56 39 18 90 708 289831 2 12546753 78861 1.7 18 11 4 12 49% 27057 10007 2208 119%
c - 910.12 39 19 90 709 291085 2 12573361 80817 1.7 18 11 4 12 49% 27057 10007 2208 119%
c - 911.57 39 18 90 710 291647 2 12599991 81525 1.7 18 11 4 12 49% 27057 10007 2208 119%
c
c  seconds    switched       rate            size/glue  tier1     binary         remaining
c          MB   reductions      conflicts          size   tier2       irredundant
c           level      restarts         redundant     glue    trail         variables
c
c - 912.98 39 18 90 711 292337 2 12626637 81994 1.7 18 10 4 12 49% 27057 10007 2208 119%
c - 914.41 39 18 90 712 293087 2 12653302 81931 1.7 17 10 4 12 49% 27057 10007 2208 119%
c - 915.88 39 18 90 713 294290 2 12679985 82703 1.7 18 10 4 12 49% 27057 10007 2208 119%
c - 917.38 39 18 90 714 295390 2 12706687 82756 1.7 18 10 4 12 49% 27057 10007 2208 119%
c - 918.89 39 18 90 715 296556 2 12733408 82769 1.7 18 10 4 12 49% 27057 10007 2208 119%
c } 918.90 39 18 91 715 296573 2 12733498 82857 1.7 18 10 4 12 49% 27057 10007 2208 119%
c [ 918.90 39 28 91 715 296573 1 12733498 82857 1.9 30 16 6 16 50% 27057 10007 2208 119%
c B 918.90 39 28 91 715 296573 1 12733498 82857 1.9 30 16 6 16 50% 27057 10007 2208 119%
c - 920.26 39 26 91 716 296587 1 12760148 81752 1.9 29 15 6 16 49% 27057 10007 2208 119%
c - 921.84 39 25 91 717 296601 1 12786908 80676 1.9 27 15 6 16 50% 27057 10007 2208 119%
c - 923.51 39 24 91 718 296603 1 12813685 80693 1.8 27 14 6 16 50% 27057 10007 2208 119%
c - 925.33 39 23 91 719 296618 1 12840480 81412 1.8 26 14 6 16 50% 27057 10007 2208 119%
c - 927.18 39 21 91 720 296631 1 12867296 85059 1.8 25 13 6 16 50% 27057 10007 2208 119%
c u 928.08 39 22 91 720 296632 1 12871368 85668 1.8 25 13 6 16 50% 27057 10007 2208 119%
c v 928.85 39 22 91 720 296632 1 12871368 64214 1.8 25 13 6 16 50% 27057 10007 2208 119%
c w 929.13 39 22 91 720 296632 1 12871368 51044 1.8 25 13 6 16 50% 27057 10007 2208 119%
c o 929.14 39 22 91 720 296632 1 12871368 51044 1.8 25 13 6 16 50% 27057 10007 2208 119%
c - 930.39 39 23 91 721 296634 1 12894128 61453 1.8 25 13 6 16 50% 27057 10007 2208 119%
c - 931.99 39 22 91 722 296635 1 12920979 76249 1.8 24 13 6 16 50% 27057 10007 2208 119%
c - 933.64 39 22 91 723 296647 1 12947849 80717 1.9 25 13 6 16 51% 27057 10007 2208 119%
c
c  seconds    switched       rate            size/glue  tier1     binary         remaining
c          MB   reductions      conflicts          size   tier2       irredundant
c           level      restarts         redundant     glue    trail         variables
c
c - 935.36 39 22 91 724 296657 1 12974738 81886 1.9 25 13 6 16 51% 27057 10007 2208 119%
c - 937.15 39 21 91 725 296666 1 13001645 82994 1.9 24 13 6 16 51% 27057 10007 2208 119%
c - 939.12 39 21 91 726 296676 1 13028570 82310 1.9 24 13 6 16 51% 27057 10007 2208 119%
c - 941.15 39 21 91 727 296688 1 13055514 79714 1.9 24 13 6 16 51% 27057 10007 2208 119%
c ] 942.65 39 20 92 727 296696 1 13076289 98878 1.9 24 13 6 16 51% 27057 10007 2208 119%
c { 942.65 39 18 92 727 296696 2 13076289 98878 1.7 18 10 4 12 49% 27057 10007 2208 119%
c - 943.00 39 18 92 728 296844 2 13082477 81350 1.7 18 10 4 12 49% 27057 10007 2208 119%
c - 944.52 39 18 92 729 297850 2 13109458 85076 1.7 18 10 4 12 49% 27057 10007 2208 119%
c - 946.07 39 18 92 730 298783 2 13136458 84266 1.7 18 10 4 12 49% 27057 10007 2208 119%
c - 947.59 39 18 92 731 299889 2 13163476 84552 1.7 18 10 4 12 49% 27057 10007 2208 119%
c - 949.15 39 18 92 732 301031 2 13190513 84320 1.7 18 11 4 12 49% 27057 10007 2208 119%
c - 950.72 39 18 92 733 302025 2 13217569 84549 1.7 18 11 4 12 49% 27057 10007 2208 119%
c - 952.29 39 18 92 734 302901 2 13244643 85001 1.7 18 11 4 12 49% 27057 10007 2208 119%
c u 953.26 39 18 92 734 303168 2 13250197 84481 1.7 18 11 4 12 49% 27057 10007 2208 119%
c v 954.09 39 18 92 734 303168 2 13250197 78609 1.7 18 11 4 12 49% 27057 10007 2208 119%
c w 954.37 39 18 92 734 303168 2 13250197 77923 1.7 18 11 4 12 49% 27057 10007 2208 119%
c - 955.50 39 18 92 735 303774 2 13271738 76821 1.7 18 10 4 12 49% 27057 10007 2208 119%
c - 956.96 39 18 92 736 304942 2 13298848 79770 1.7 18 11 4 12 49% 27057 10007 2208 119%
c - 958.40 39 19 92 737 305851 2 13325978 80902 1.7 18 11 4 12 49% 27057 10007 2208 119%
c o 959.20 39 18 92 737 306315 2 13341380 94948 1.7 18 10 4 12 49% 27057 10007 2208 119%
c
c  seconds    switched       rate            size/glue  tier1     binary         remaining
c          MB   reductions      conflicts          size   tier2       irredundant
c           level      restarts         redundant     glue    trail         variables
c
c - 959.84 39 18 92 738 306737 2 13353125 81274 1.7 18 11 4 12 49% 27057 10007 2208 119%
c - 961.28 39 18 92 739 307507 2 13380291 81924 1.7 18 10 4 12 49% 27057 10007 2208 119%
c - 962.83 39 18 92 740 308625 2 13407475 82104 1.7 18 10 4 12 49% 27057 10007 2208 119%
c - 964.38 39 18 92 741 309825 2 13434677 82300 1.7 18 11 4 12 49% 27057 10007 2208 119%
c - 965.81 39 18 92 742 310563 2 13461899 82460 1.7 18 10 4 12 49% 27057 10007 2208 119%
c - 967.31 39 18 92 743 311513 2 13489138 82612 1.7 18 10 4 12 49% 27057 10007 2208 119%
c } 967.77 39 18 93 743 311728 2 13498294 90603 1.7 17 10 4 12 49% 27057 10007 2208 119%
c [ 967.77 39 20 93 743 311728 1 13498294 90603 1.9 24 13 6 16 51% 27057 10007 2208 119%
c W 971.94 39 20 93 743 311728 1 13498294 90603 1.9 24 13 6 16 51% 27057 10007 2208 119%
c - 972.89 39 20 93 744 311739 1 13516396 81920 1.9 24 13 6 16 51% 27057 10007 2208 119%
c - 974.45 39 20 93 745 311750 1 13543672 81150 1.9 24 13 6 16 51% 27057 10007 2208 119%
c - 976.10 39 20 93 746 311758 1 13570967 80088 1.9 24 13 6 16 51% 27057 10007 2208 119%
c - 977.84 39 20 93 747 311770 1 13598280 79025 1.9 24 13 6 16 51% 27057 10007 2208 119%
c - 979.70 39 21 93 748 311781 1 13625612 78821 1.9 25 13 6 16 51% 27057 10007 2208 119%
c u 980.97 39 21 93 748 311787 1 13635022 84060 1.9 24 13 6 16 51% 27057 10007 2208 119%
c v 981.80 39 21 93 748 311787 1 13635022 77997 1.9 24 13 6 16 51% 27057 10007 2208 119%
c w 982.09 39 21 93 748 311787 1 13635022 70717 1.9 24 13 6 16 51% 27057 10007 2208 119%
c - 983.20 39 21 93 749 311789 1 13652961 67469 1.9 25 13 6 16 52% 27057 10007 2208 119%
c - 984.88 39 20 93 750 311790 1 13680328 77614 2.0 25 13 6 16 52% 27057 10007 2208 119%
c - 986.74 39 20 93 751 311798 1 13707714 81810 2.0 25 13 6 16 52% 27057 10007 2208 119%
c
c  seconds    switched       rate            size/glue  tier1     binary         remaining
c          MB   reductions      conflicts          size   tier2       irredundant
c           level      restarts         redundant     glue    trail         variables
c
c - 988.52 39 20 93 752 311811 1 13735118 82370 1.9 24 13 6 16 52% 27057 10007 2208 119%
c - 990.25 39 20 93 753 311821 1 13762540 81486 1.9 24 13 6 16 52% 27057 10007 2208 119%
c - 992.15 39 20 93 754 311829 1 13789980 79914 1.9 24 13 6 16 52% 27057 10007 2208 119%
c - 994.33 39 20 93 755 311842 1 13817441 81371 1.9 24 13 6 16 52% 27057 10007 2208 119%
c - 996.21 39 20 93 756 311852 1 13844921 81651 1.9 25 13 6 16 52% 27057 10007 2208 119%
c ] 996.64 39 20 94 756 311852 1 13851559 88015 1.9 25 13 6 16 52% 27057 10007 2208 119%
c { 996.64 39 18 94 756 311852 2 13851559 88015 1.7 17 10 4 12 49% 27057 10007 2208 119%
c o 996.64 39 18 94 756 311853 2 13851595 88050 1.7 17 10 4 12 49% 27057 10007 2208 119%
c - 997.91 39 18 94 757 312839 2 13872416 80573 1.7 18 10 4 12 49% 27057 10007 2208 119%
c - 999.43 39 18 94 758 313688 2 13899930 83474 1.7 17 10 4 12 49% 27057 10007 2208 119%
c - 1001.10 39 18 94 759 315050 2 13927461 84060 1.7 18 10 4 12 49% 27057 10007 2208 119%
c - 1002.68 39 18 94 760 315922 2 13955010 84355 1.7 18 10 4 12 49% 27057 10007 2208 119%
c - 1004.44 39 18 94 761 317316 2 13982580 84566 1.7 18 10 4 12 49% 27057 10007 2208 119%
c - 1006.06 39 18 94 762 318290 2 14010169 84792 1.7 18 10 4 12 49% 27057 10007 2208 119%
c u 1007.61 39 18 94 762 318750 2 14025864 95717 1.7 18 10 4 12 49% 27057 10007 2208 119%
c v 1008.24 39 18 94 762 318750 2 14025864 92498 1.7 18 10 4 12 49% 27057 10007 2208 119%
c w 1008.47 39 18 94 762 318750 2 14025864 91860 1.7 18 10 4 12 49% 27057 10007 2208 119%
c - 1009.23 39 18 94 763 319079 2 14037773 78529 1.7 18 10 4 12 49% 27057 10007 2208 119%
c - 1010.76 39 18 94 764 320166 2 14065395 80276 1.7 18 10 4 12 49% 27057 10007 2208 119%
c - 1012.36 39 18 94 765 321321 2 14093035 82210 1.7 18 10 4 12 49% 27057 10007 2208 119%
c
c   seconds    switched       rate            size/glue  tier1     binary         remaining
c           MB   reductions      conflicts          size   tier2       irredundant
c            level      restarts         redundant     glue    trail         variables
c
c - 1013.97 39 18 94 766 322436 2 14120693 82996 1.7 18 10 4 12 49% 27057 10007 2208 119%
c - 1015.53 39 18 94 767 323491 2 14148370 83016 1.7 18 10 4 12 49% 27057 10007 2208 119%
c - 1017.19 39 18 94 768 324615 2 14176064 83339 1.7 18 10 4 12 49% 27057 10007 2208 119%
c - 1018.74 39 18 94 769 325455 2 14203776 83767 1.7 18 10 4 12 49% 27057 10007 2208 119%
c - 1020.32 39 18 94 770 326536 2 14231507 84267 1.7 18 10 4 12 49% 27057 10007 2208 119%
c - 1021.92 39 18 94 771 327731 2 14259255 84637 1.7 18 10 4 12 49% 27057 10007 2208 119%
c - 1023.58 39 18 94 772 328732 2 14287021 85162 1.7 18 10 4 12 49% 27057 10007 2208 119%
c } 1023.78 39 18 95 772 328838 2 14290545 88183 1.7 18 10 4 12 49% 27057 10007 2208 119%
c [ 1023.78 39 20 95 772 328838 1 14290545 88183 1.9 25 13 6 16 52% 27057 10007 2208 119%
c O 1023.78 39 20 95 772 328838 1 14290545 88183 1.9 25 13 6 16 52% 27057 10007 2208 119%
c - 1025.02 39 20 95 773 328851 1 14314805 84996 1.9 24 13 6 16 52% 27057 10007 2208 119%
c - 1026.61 39 20 95 774 328865 1 14342608 80523 1.8 24 13 6 16 52% 27057 10007 2208 119%
c - 1028.34 39 21 95 775 328868 1 14370428 75966 1.9 25 13 6 16 51% 27057 10007 2208 119%
c - 1030.18 39 21 95 776 328883 1 14398267 75047 1.8 25 14 6 16 51% 27057 10007 2208 119%
c o 1030.92 39 21 95 776 328887 1 14409441 85431 1.9 25 14 6 16 51% 27057 10007 2208 119%
c u 1032.50 39 22 95 776 328894 1 14422727 94062 1.8 25 13 6 16 51% 27057 10007 2208 119%
c v 1033.47 39 22 95 776 328894 1 14422727 89178 1.8 25 13 6 16 51% 27057 10007 2208 119%
c w 1033.83 39 22 95 776 328894 1 14422727 77076 1.8 25 13 6 16 51% 27057 10007 2208 119%
c - 1034.09 39 21 95 777 328897 1 14426126 63474 1.8 25 13 6 16 51% 27057 10007 2208 119%
c - 1035.66 39 21 95 778 328899 1 14454003 76180 1.9 25 13 6 16 51% 27057 10007 2208 119%
c
c   seconds    switched       rate            size/glue  tier1     binary         remaining
c           MB   reductions      conflicts          size   tier2       irredundant
c            level      restarts         redundant     glue    trail         variables
c
c - 1037.31 39 22 95 779 328900 1 14481896 79475 1.9 26 13 6 16 51% 27057 10007 2208 119%
c - 1039.23 39 21 95 780 328914 1 14509807 80670 1.9 25 13 6 16 51% 27057 10007 2208 119%
c - 1041.06 39 20 95 781 328927 1 14537735 83981 2.0 25 13 6 15 51% 27057 10007 2208 119%
c - 1042.88 39 21 95 782 328931 1 14565684 84026 2.0 25 13 6 15 51% 27057 10007 2208 119%
c - 1044.75 39 21 95 783 328945 1 14593648 80127 1.9 25 13 6 15 51% 27057 10007 2208 119%
c - 1046.66 39 21 95 784 328959 1 14621630 79445 1.9 25 13 6 15 52% 27057 10007 2208 119%
c - 1048.67 39 21 95 785 328962 1 14649631 81348 1.9 25 13 6 15 52% 27057 10007 2208 119%
c B 1049.54 39 21 95 785 328963 1 14663615 94989 2.0 25 13 6 15 52% 27057 10007 2208 119%
c ] 1050.06 39 23 96 785 328963 1 14672309 103458 1.9 26 14 6 15 52% 27057 10007 2208 119%
c { 1050.06 39 18 96 785 328963 2 14672309 103458 1.7 18 10 4 12 49% 27057 10007 2208 119%
c - 1050.42 39 18 96 786 329081 2 14677649 78368 1.7 18 10 4 12 49% 27057 10007 2208 119%
c - 1052.03 39 18 96 787 330018 2 14705686 79599 1.7 17 10 4 12 49% 27057 10007 2208 119%
c - 1053.72 39 18 96 788 331202 2 14733739 84452 1.7 18 10 4 12 49% 27057 10007 2208 119%
c - 1055.42 39 18 96 789 332536 2 14761811 85876 1.7 18 11 4 12 49% 27057 10007 2208 119%
c - 1057.09 39 18 96 790 333443 2 14789903 86155 1.7 18 11 4 12 49% 27057 10007 2208 119%
c - 1058.85 39 18 96 791 334603 2 14818010 86739 1.7 18 11 4 12 49% 27057 10007 2208 119%
c u 1060.24 39 18 96 791 334805 2 14825635 87868 1.7 18 11 4 12 49% 27057 10007 2208 119%
c v 1061.22 39 18 96 791 334805 2 14825635 83380 1.7 18 11 4 12 49% 27057 10007 2208 119%
c w 1061.57 39 18 96 791 334805 2 14825635 82637 1.7 18 11 4 12 49% 27057 10007 2208 119%
c - 1062.82 39 18 96 792 335742 2 14846134 78679 1.7 18 11 4 12 49% 27057 10007 2208 119%
c
c   seconds    switched       rate            size/glue  tier1     binary         remaining
c           MB   reductions      conflicts          size   tier2       irredundant
c            level      restarts         redundant     glue    trail         variables
c
c - 1064.40 39 18 96 793 336794 2 14874277 81103 1.7 18 11 4 12 49% 27057 10007 2208 119%
c - 1065.83 39 18 96 794 337576 2 14902438 81915 1.7 17 11 4 12 49% 27057 10007 2208 119%
c o 1066.21 39 18 96 794 337915 2 14909444 88255 1.7 17 11 4 12 49% 27057 10007 2208 119%
c - 1067.44 39 18 96 795 338856 2 14930618 82580 1.7 18 11 4 12 49% 27057 10007 2208 119%
c - 1069.07 39 18 96 796 339782 2 14958813 83024 1.7 18 11 4 12 49% 27057 10007 2208 119%
c - 1070.81 39 18 96 797 340874 2 14987027 83538 1.7 18 11 4 12 49% 27057 10007 2208 119%
c - 1072.45 39 18 96 798 341685 2 15015258 83788 1.7 18 10 4 12 49% 27057 10007 2208 119%
c - 1074.26 39 18 96 799 343286 2 15043506 83865 1.7 18 11 4 12 49% 27057 10007 2208 119%
c - 1076.02 39 18 96 800 344320 2 15071773 84192 1.7 18 11 4 12 49% 27057 10007 2208 119%
c - 1077.80 39 18 96 801 345499 2 15100057 84510 1.7 18 11 4 12 49% 27057 10007 2208 119%
c - 1079.46 39 18 96 802 346537 2 15128359 84759 1.7 18 11 4 12 49% 27057 10007 2208 119%
c } 1079.47 39 18 97 802 346537 2 15128572 84967 1.7 18 11 4 12 49% 27057 10007 2208 119%
c [ 1079.47 39 23 97 802 346537 1 15128572 84967 1.9 26 14 6 15 52% 27057 10007 2208 119%
c W 1083.89 39 23 97 802 346537 1 15128572 84967 1.9 26 14 6 15 52% 27057 10007 2208 119%
c - 1085.48 39 22 97 803 346551 1 15156680 84177 2.0 26 13 6 15 52% 27057 10007 2208 119%
c - 1087.24 39 21 97 804 346565 1 15185019 82269 2.0 25 13 6 15 51% 27057 10007 2208 119%
c - 1089.20 39 20 97 805 346570 1 15213374 83378 1.9 25 13 6 15 51% 27057 10007 2208 119%
c u 1091.26 39 21 97 805 346581 1 15234588 100054 1.9 25 13 6 15 51% 27057 10007 2208 119%
c v 1092.13 39 21 97 805 346581 1 15234588 91962 1.9 25 13 6 15 51% 27057 10007 2208 119%
c w 1092.44 39 21 97 805 346581 1 15234588 84304 1.9 25 13 6 15 51% 27057 10007 2208 119%
c
c   seconds    switched       rate            size/glue  tier1     binary         remaining
c           MB   reductions      conflicts          size   tier2       irredundant
c            level      restarts         redundant     glue    trail         variables
c
c - 1092.96 39 21 97 806 346582 1 15241748 68900 1.9 25 13 6 15 51% 27057 10007 2208 119%
c - 1094.82 39 21 97 807 346597 1 15270140 73102 1.9 25 13 6 15 51% 27057 10007 2208 119%
c - 1096.72 39 21 97 808 346599 1 15298548 77229 1.9 25 13 6 15 51% 27057 10007 2208 119%
c - 1098.69 39 22 97 809 346601 1 15326974 76999 1.9 26 14 6 15 51% 27057 10007 2208 119%
c - 1100.75 39 22 97 810 346614 1 15355419 76589 1.9 26 14 6 15 51% 27057 10007 2208 119%
c - 1102.87 39 21 97 811 346629 1 15383879 82410 1.9 25 13 6 15 51% 27057 10007 2208 119%
c - 1104.95 39 21 97 812 346634 1 15412357 84951 1.9 25 13 6 15 50% 27057 10007 2208 119%
c - 1107.01 39 20 97 813 346646 1 15440852 84698 1.9 24 13 6 15 50% 27057 10007 2208 119%
c - 1108.83 39 20 97 814 346660 1 15469366 87221 1.9 24 13 6 15 50% 27057 10007 2208 119%
c - 1110.70 39 20 97 815 346662 1 15497896 85104 1.9 24 13 6 15 50% 27057 10007 2208 119%
c ] 1110.93 39 20 98 815 346662 1 15501371 88384 1.9 24 13 6 15 50% 27057 10007 2208 119%
c { 1110.93 39 18 98 815 346662 2 15501371 88384 1.7 18 11 4 12 49% 27057 10007 2208 119%
c - 1112.45 39 17 98 816 346676 2 15526444 84574 1.7 17 10 4 12 49% 27057 10007 2208 119%
c o 1112.57 39 17 98 816 346680 2 15528508 86368 1.7 17 10 4 12 49% 27057 10007 2208 119%
c - 1113.95 39 16 98 817 346748 2 15555010 86407 1.7 17 10 4 12 50% 27057 10007 2208 119%
c - 1115.47 39 15 98 818 346802 2 15583594 86454 1.7 17 10 4 12 50% 27057 10007 2208 119%
c - 1116.89 39 14 98 819 346862 2 15612194 87098 1.7 17 10 4 12 50% 27057 10007 2208 119%
c - 1118.42 39 13 98 820 346902 1 15640812 85544 1.7 16 9 4 12 50% 27057 10007 2208 119%
c u 1119.57 39 13 98 820 346948 1 15649612 87467 1.7 16 9 4 12 50% 27057 10007 2208 119%
c v 1120.46 39 13 98 820 346948 1 15649612 71647 1.7 16 9 4 12 50% 27057 10007 2208 119%
c
c   seconds    switched       rate            size/glue tier1     binary         remaining
c           MB   reductions      conflicts          size  tier2       irredundant
c            level      restarts         redundant    glue    trail         variables
c
c w 1120.58 39 13 98 820 346948 1 15649612 71386 1.7 16 9 4 12 50% 27057 10007 2208 119%
c - 1121.56 39 13 98 821 347100 1 15669448 67039 1.7 16 9 4 12 50% 27057 10007 2208 119%
c - 1122.92 39 12 98 822 347279 1 15698101 78492 1.7 15 9 4 12 49% 27057 10007 2208 119%
c - 1124.42 39 12 98 823 347606 1 15726772 81470 1.7 15 9 4 12 49% 27057 10007 2208 119%
c - 1125.93 39 12 98 824 348036 1 15755459 82695 1.7 15 9 4 12 49% 27057 10007 2208 119%
c - 1127.43 39 12 98 825 348440 1 15784164 83480 1.7 15 9 4 12 49% 27057 10007 2208 119%
c - 1128.98 39 12 98 826 348883 1 15812886 83748 1.7 15 9 4 12 49% 27057 10007 2208 119%
c - 1130.55 39 11 98 827 349448 1 15841627 84194 1.7 15 9 4 12 49% 27057 10007 2208 119%
c - 1132.09 39 11 98 828 350032 1 15870384 83853 1.7 15 9 4 12 49% 27057 10007 2208 119%
c - 1133.82 39 11 98 829 350709 1 15899161 84089 1.7 15 9 4 12 49% 27057 10007 2208 119%
c - 1135.56 39 11 98 830 351225 1 15927953 85046 1.7 15 9 4 12 49% 27057 10007 2208 119%
c - 1137.30 39 11 98 831 351911 1 15956762 85194 1.7 15 9 4 12 49% 27057 10007 2208 119%
c } 1138.42 39 11 99 831 352337 1 15975206 100665 1.7 15 9 4 12 49% 27057 10007 2208 119%
c [ 1138.42 39 20 99 831 352337 1 15975206 100665 1.9 24 13 6 15 50% 27057 10007 2208 119%
c I 1138.42 39 20 99 831 352337 1 15975206 100665 1.9 24 13 6 15 50% 27057 10007 2208 119%
c - 1139.02 39 22 99 832 352343 1 15985590 82505 1.9 25 13 6 15 50% 27057 10007 2208 119%
c - 1140.64 39 23 99 833 352357 1 16014434 75921 1.9 26 14 6 15 51% 27057 10007 2208 119%
c - 1142.65 39 23 99 834 352367 1 16043296 69669 1.9 27 15 6 15 52% 27057 10007 2208 119%
c u 1145.69 39 25 99 834 352376 1 16070711 92305 1.8 28 15 6 15 52% 27057 10007 2208 119%
c v 1146.77 39 25 99 834 352376 1 16070711 91909 1.8 28 15 6 15 52% 27057 10007 2208 119%
c
c   seconds    switched       rate            size/glue  tier1     binary         remaining
c           MB   reductions      conflicts          size   tier2       irredundant
c            level      restarts         redundant     glue    trail         variables
c
c w 1147.17 39 25 99 834 352376 1 16070711 89835 1.8 28 15 6 15 52% 27057 10007 2208 119%
c o 1147.19 39 25 99 834 352376 1 16070711 89835 1.8 28 15 6 15 52% 27057 10007 2208 119%
c - 1147.31 39 26 99 835 352377 1 16072176 62717 1.8 28 16 6 15 52% 27057 10007 2208 119%
c - 1148.83 39 26 99 836 352389 1 16101074 66239 1.8 28 15 6 15 51% 27057 10007 2208 119%
c - 1150.40 39 25 99 837 352398 1 16129987 73187 1.9 28 15 6 15 51% 27057 10007 2208 119%
c - 1152.21 39 25 99 838 352399 1 16158918 76406 1.9 28 15 6 15 51% 27057 10007 2208 119%
c - 1154.22 39 24 99 839 352409 1 16187867 76970 1.9 27 14 6 15 50% 27057 10007 2208 119%
c - 1156.46 39 24 99 840 352421 1 16216832 77489 1.9 27 14 6 15 50% 27057 10007 2208 119%
c - 1158.29 39 23 99 841 352430 1 16245816 76672 1.9 27 14 6 15 50% 27057 10007 2208 119%
c - 1160.23 39 23 99 842 352444 1 16274816 75341 1.9 27 14 6 15 49% 27057 10007 2208 119%
c - 1162.26 39 23 99 843 352456 1 16303834 75800 1.9 27 14 6 15 49% 27057 10007 2208 119%
c - 1164.40 39 24 99 844 352461 1 16332868 76686 1.9 27 15 6 15 49% 27057 10007 2208 119%
c - 1166.42 39 24 99 845 352462 1 16361919 76289 1.9 27 14 6 15 49% 27057 10007 2208 119%
c ] 1166.63 39 24 100 845 352462 1 16364999 79310 1.9 27 15 6 15 49% 27057 10007 2208 119%
c { 1166.63 39 11 100 845 352462 1 16364999 79310 1.7 15 9 4 12 49% 27057 10007 2208 119%
c - 1168.69 39 14 100 846 356845 2 16390988 82533 1.6 15 10 4 12 49% 27057 10007 2208 119%
c - 1170.67 39 16 100 847 359876 2 16420075 86189 1.6 16 10 4 12 49% 27057 10007 2208 119%
c - 1172.47 39 17 100 848 362137 3 16449180 87981 1.6 16 10 4 12 49% 27057 10007 2208 119%
c - 1174.20 39 17 100 849 363896 3 16478300 88963 1.6 17 10 4 12 49% 27057 10007 2208 119%
c u 1176.09 39 18 100 849 364847 3 16497905 100160 1.6 17 10 4 12 49% 27057 10007 2208 119%
c
c   seconds    switched        rate            size/glue  tier1     binary         remaining
c           MB    reductions      conflicts          size   tier2       irredundant
c            level       restarts         redundant     glue    trail         variables
c
c v 1177.07 39 18 100 849 364847 3 16497905 94590 1.6 17 10 4 12 49% 27057 10007 2208 119%
c w 1177.43 39 18 100 849 364847 3 16497905 94237 1.6 17 10 4 12 49% 27057 10007 2208 119%
c - 1177.99 39 18 100 850 365342 3 16507438 79175 1.6 17 10 4 12 49% 27057 10007 2208 119%
c - 1179.61 39 18 100 851 366662 3 16536592 84017 1.7 17 10 4 12 49% 27057 10007 2208 119%
c - 1181.34 39 18 100 852 368122 3 16565767 86311 1.7 18 11 4 12 49% 27057 10007 2208 119%
c - 1182.96 39 19 100 853 369295 3 16594957 86618 1.7 18 11 4 12 49% 27057 10007 2208 119%
c o 1183.25 39 18 100 853 369446 3 16600775 91842 1.7 18 11 4 12 49% 27057 10007 2208 119%
c - 1184.55 39 18 100 854 370300 3 16624165 86864 1.7 18 11 4 12 49% 27057 10007 2208 119%
c - 1186.15 39 18 100 855 371355 2 16653389 87297 1.7 18 10 4 12 49% 27057 10007 2208 119%
c - 1187.79 39 18 100 856 372533 2 16682629 87477 1.7 18 10 4 12 49% 27057 10007 2208 119%
c - 1189.46 39 18 100 857 373707 2 16711886 87536 1.7 18 11 4 12 49% 27057 10007 2208 119%
c - 1191.14 39 18 100 858 374925 2 16741160 87979 1.7 18 11 4 12 49% 27057 10007 2208 119%
c - 1192.84 39 19 100 859 376262 3 16770453 88257 1.7 18 11 4 12 49% 27057 10007 2208 119%
c - 1194.52 39 19 100 860 377613 3 16799761 88948 1.7 18 11 4 12 49% 27057 10007 2208 119%
c - 1196.18 39 18 100 861 378649 2 16829087 89274 1.7 18 11 4 12 49% 27057 10007 2208 119%
c } 1197.65 39 18 101 861 379541 2 16856700 114298 1.7 18 11 4 12 49% 27057 10007 2208 119%
c [ 1197.65 39 24 101 861 379541 1 16856700 114298 1.9 27 15 6 15 49% 27057 10007 2208 119%
c B 1197.65 39 24 101 861 379541 1 16856700 114298 1.9 27 15 6 15 49% 27057 10007 2208 119%
c - 1197.76 41 24 101 862 379542 1 16858433 88483 1.9 27 15 6 15 49% 27057 10007 2208 119%
c - 1199.40 41 24 101 863 379555 1 16887792 83026 1.9 27 15 6 15 49% 27057 10007 2208 119%
c
c   seconds    switched        rate            size/glue  tier1     binary         remaining
c           MB    reductions      conflicts          size   tier2       irredundant
c            level       restarts         redundant     glue    trail         variables
c
c - 1201.14 41 23 101 864 379570 1 16917169 81087 1.8 26 14 6 15 50% 27057 10007 2208 119%
c u 1202.80 41 23 101 864 379571 1 16931196 89922 1.8 26 14 6 15 50% 27057 10007 2208 119%
c v 1203.69 41 23 101 864 379571 1 16931196 82177 1.8 26 14 6 15 50% 27057 10007 2208 119%
c w 1204.02 41 23 101 864 379571 1 16931196 78370 1.8 26 14 6 15 50% 27057 10007 2208 119%
c - 1208.58 41 22 101 865 379577 1 16946564 70496 1.9 25 14 6 15 50% 27057 10007 2208 119%
c - 1210.47 41 21 101 866 379590 1 16975978 76145 1.8 25 14 6 15 51% 27057 10007 2208 119%
c - 1212.50 41 21 101 867 379602 1 17005406 81481 1.8 25 13 6 15 51% 27057 10007 2208 119%
c - 1214.70 41 20 101 868 379603 1 17034852 85115 1.8 24 13 6 15 51% 27057 10007 2208 119%
c - 1216.68 41 20 101 869 379610 1 17064315 87056 1.9 24 13 6 15 52% 27057 10007 2208 119%
c - 1218.77 41 19 101 870 379624 1 17093794 88046 1.9 24 12 6 15 52% 27057 10007 2208 119%
c - 1220.90 41 19 101 871 379634 1 17123291 89891 1.9 23 12 5 15 52% 27057 10007 2208 119%
c - 1223.06 41 19 101 872 379645 1 17152805 90158 2.0 24 12 5 15 52% 27057 10007 2208 119%
c - 1225.53 41 18 101 873 379658 1 17182336 91621 2.0 24 12 5 15 51% 27057 10007 2208 119%
c - 1227.95 41 18 101 874 379665 1 17211883 93334 2.0 23 12 5 15 51% 27057 10007 2208 119%
c - 1230.32 41 18 101 875 379666 1 17241447 92350 1.9 23 12 5 15 51% 27057 10007 2208 119%
c ] 1231.19 41 18 102 875 379667 1 17254723 105077 1.9 23 12 5 15 51% 27057 10007 2208 119%
c { 1231.19 41 18 102 875 379667 2 17254723 105077 1.7 18 11 4 12 49% 27057 10007 2208 119%
c o 1231.20 41 18 102 875 379673 2 17254778 105131 1.7 18 11 4 12 49% 27057 10007 2208 119%
c - 1233.26 41 24 102 876 382484 4 17271028 83936 1.7 20 12 4 12 49% 27057 10007 2208 119%
c - 1236.94 41 32 102 877 387529 5 17300626 70418 1.7 24 14 4 12 49% 27057 10007 2208 119%
c
c   seconds    switched        rate            size/glue  tier1     binary         remaining
c           MB    reductions      conflicts          size   tier2       irredundant
c            level       restarts         redundant     glue    trail         variables
c
c - 1240.76 41 38 102 878 392475 6 17330240 65536 1.7 26 15 4 12 49% 27057 10007 2208 119%
c - 1244.36 41 41 102 879 396172 7 17359871 65526 1.8 28 16 4 12 49% 27057 10007 2208 119%
c u 1246.54 41 42 102 879 397349 7 17370609 72133 1.8 29 16 4 12 49% 27057 10007 2208 119%
c v 1247.96 41 42 102 879 397349 7 17370609 68386 1.8 29 16 4 12 49% 27057 10007 2208 119%
c w 1248.44 41 42 102 879 397349 7 17370609 68142 1.8 29 16 4 12 49% 27057 10007 2208 119%
c - 1250.45 41 43 102 880 398849 7 17389518 61249 1.8 30 16 4 12 50% 27057 10007 2208 119%
c - 1253.18 41 44 102 881 400913 6 17419182 64837 1.9 31 17 4 12 50% 27057 10007 2208 119%
c - 1255.99 41 45 102 882 402882 6 17448863 67012 1.9 32 17 4 12 50% 27057 10007 2208 119%
c - 1258.86 41 46 102 883 405047 6 17478562 67321 1.9 33 17 4 12 50% 27057 10007 2208 119%
c - 1261.89 41 47 102 884 407195 6 17508278 66728 1.9 33 17 4 12 50% 27057 10007 2208 119%
c - 1264.58 41 46 102 885 408829 5 17538010 67395 1.9 34 17 4 12 50% 27057 10007 2208 119%
c - 1267.21 41 45 102 886 410381 5 17567758 68460 1.9 33 17 4 12 50% 27057 10007 2208 119%
c - 1269.80 41 45 102 887 411607 5 17597523 69175 1.9 33 17 4 12 50% 27057 10007 2208 119%
c - 1272.50 41 45 102 888 413196 5 17627306 69377 1.9 34 17 4 12 50% 27057 10007 2208 119%
c - 1275.12 41 45 102 889 414746 5 17657105 69308 2.0 34 17 4 12 50% 27057 10007 2208 119%
c - 1278.00 41 45 102 890 416528 5 17686924 68991 2.0 35 18 4 12 50% 27057 10007 2208 119%
c - 1281.04 41 46 102 891 418140 5 17716757 68862 2.0 35 18 4 12 50% 27057 10007 2208 119%
c - 1283.92 41 46 102 892 419858 5 17746606 69097 2.0 35 18 4 12 50% 27057 10007 2208 119%
c } 1285.38 41 45 103 892 420451 4 17764576 86698 2.0 36 18 4 12 50% 27057 10007 2208 119%
c [ 1285.38 41 18 103 892 420451 1 17764576 86698 1.9 23 12 5 15 51% 27057 10007 2208 119%
c
c   seconds    switched        rate            size/glue  tier1     binary         remaining
c           MB    reductions      conflicts          size   tier2       irredundant
c            level       restarts         redundant     glue    trail         variables
c
c W 1291.35 41 18 103 892 420451 1 17764576 86698 1.9 23 12 5 15 51% 27057 10007 2208 119%
c - 1292.14 41 19 103 893 420457 1 17776473 69999 1.9 24 12 5 15 51% 27057 10007 2208 119%
c - 1294.07 41 20 103 894 420472 1 17806356 77248 1.9 24 13 5 15 51% 27057 10007 2208 119%
c o 1294.69 41 20 103 894 420478 1 17815814 86324 1.9 24 13 5 15 51% 27057 10007 2208 119%
c u 1295.62 41 20 103 894 420478 1 17816147 82390 1.9 24 13 5 15 51% 27057 10007 2208 119%
c v 1297.42 41 20 103 894 420478 1 17816147 80985 1.9 24 13 5 15 51% 27057 10007 2208 119%
c w 1297.97 41 20 103 894 420478 1 17816147 77418 1.9 24 13 5 15 51% 27057 10007 2208 119%
c - 1299.24 41 20 103 895 420481 1 17836255 77150 1.9 24 13 5 15 51% 27057 10007 2208 119%
c - 1301.16 41 19 103 896 420494 1 17866173 83181 1.8 23 13 5 15 51% 27057 10007 2208 119%
c - 1303.31 41 18 103 897 420507 1 17896108 87742 1.8 22 12 5 15 51% 27057 10007 2208 119%
c - 1305.20 41 19 103 898 420512 1 17926057 88126 1.8 22 12 5 15 50% 27057 10007 2208 119%
c - 1307.31 41 19 103 899 420513 1 17956025 85304 1.8 23 13 5 15 50% 27057 10007 2208 119%
c - 1309.60 41 19 103 900 420528 1 17986009 87419 1.8 22 12 5 15 50% 27057 10007 2208 119%
c - 1311.79 41 19 103 901 420542 1 18016009 89946 1.9 23 12 5 15 50% 27057 10007 2208 119%
c - 1314.06 41 19 103 902 420547 1 18046025 89726 1.9 23 12 5 15 50% 27057 10007 2208 119%
c - 1316.39 41 19 103 903 420559 1 18076061 90656 1.9 23 12 5 15 49% 27057 10007 2208 119%
c - 1318.49 41 19 103 904 420574 1 18106112 93024 1.8 23 12 5 15 50% 27057 10007 2208 119%
c - 1320.92 41 19 103 905 420576 1 18136180 92553 1.9 23 12 5 15 50% 27057 10007 2208 119%
c - 1322.99 41 19 103 906 420577 1 18166263 92359 1.8 22 12 5 15 49% 27057 10007 2208 119%
c O 1324.66 41 18 103 906 420577 1 18189102 113290 1.8 22 12 5 15 49% 27057 10007 2208 119%
c
c   seconds    switched        rate            size/glue  tier1     binary         remaining
c           MB    reductions      conflicts          size   tier2       irredundant
c            level       restarts         redundant     glue    trail         variables
c
c - 1325.21 41 18 103 907 420577 1 18196363 92957 1.8 22 12 5 15 49% 27057 10007 2208 119%
c - 1327.56 41 19 103 908 420580 1 18226479 92205 1.8 22 12 5 15 49% 27057 10007 2208 119%
c - 1329.70 41 19 103 909 420593 1 18256612 91056 1.9 23 12 5 15 50% 27057 10007 2208 119%
c u 1331.42 41 19 103 909 420599 1 18267834 96350 1.9 23 12 5 15 50% 27057 10007 2208 119%
c v 1332.73 41 19 103 909 420599 1 18267834 94085 1.9 23 12 5 15 50% 27057 10007 2208 119%
c w 1333.16 41 19 103 909 420599 1 18267834 88050 1.9 23 12 5 15 50% 27057 10007 2208 119%
c - 1334.43 41 19 103 910 420607 1 18286764 78860 1.8 22 12 5 15 50% 27057 10007 2208 119%
c - 1336.69 41 20 103 911 420615 1 18316931 82332 1.8 23 12 5 15 50% 27057 10007 2208 119%
c - 1339.09 41 21 103 912 420630 1 18347113 80024 1.8 24 13 5 15 49% 27057 10007 2208 119%
c - 1341.47 41 20 103 913 420639 1 18377312 81125 1.8 24 13 5 15 49% 27057 10007 2208 119%
c - 1343.74 41 20 103 914 420640 1 18407529 85540 1.8 24 13 5 15 49% 27057 10007 2208 119%
c - 1345.84 41 19 103 915 420651 1 18437761 88675 1.8 23 12 5 15 49% 27057 10007 2208 119%
c ] 1346.55 41 19 104 915 420655 1 18447814 97896 1.8 23 12 5 15 49% 27057 10007 2208 119%
c { 1346.55 41 45 104 915 420655 4 18447814 97896 2.0 36 18 4 12 50% 27057 10007 2208 119%
c - 1348.03 41 39 104 916 420655 4 18468009 89224 2.0 32 16 4 12 50% 27057 10007 2208 119%
c - 1349.79 41 33 104 917 420655 3 18498275 90870 2.0 29 15 4 12 49% 27057 10007 2208 119%
c o 1351.04 41 31 104 917 420667 3 18518131 109882 2.0 28 14 4 12 49% 27057 10007 2208 119%
c - 1351.65 41 30 104 918 420694 3 18528557 90410 2.0 27 14 4 12 49% 27057 10007 2208 119%
c - 1353.32 41 27 104 919 420697 2 18558855 91713 1.9 26 13 4 12 50% 27057 10007 2208 119%
c - 1354.93 41 24 104 920 420785 2 18589170 91920 1.9 24 13 4 12 50% 27057 10007 2208 119%
c
c   seconds    switched        rate            size/glue  tier1     binary         remaining
c           MB    reductions      conflicts          size   tier2       irredundant
c            level       restarts         redundant     glue    trail         variables
c
c - 1356.46 41 22 104 921 420926 2 18619501 91404 1.9 23 12 4 12 49% 27057 10007 2208 119%
c - 1358.08 41 20 104 922 421011 2 18649848 90586 1.8 21 12 4 12 49% 27057 10007 2208 119%
c - 1359.76 41 20 104 923 421327 2 18680212 90798 1.8 21 11 4 12 49% 27057 10007 2208 119%
c - 1361.41 41 19 104 924 421733 2 18710593 90833 1.8 20 11 4 12 49% 27057 10007 2208 119%
c u 1363.16 41 19 104 924 422005 2 18725668 98954 1.8 20 11 4 12 49% 27057 10007 2208 119%
c v 1364.26 41 19 104 924 422005 2 18725668 85488 1.8 20 11 4 12 49% 27057 10007 2208 119%
c w 1364.63 41 19 104 924 422005 2 18725668 83140 1.8 20 11 4 12 49% 27057 10007 2208 119%
c - 1365.47 41 18 104 925 422179 2 18740991 74588 1.8 19 11 4 12 49% 27057 10007 2208 119%
c - 1367.01 41 18 104 926 422911 2 18771409 83168 1.8 19 11 4 12 49% 27057 10007 2208 119%
c - 1368.60 41 18 104 927 423641 2 18801841 86105 1.7 18 11 4 12 49% 27057 10007 2208 119%
c - 1370.28 41 18 104 928 424551 2 18832287 86755 1.7 18 10 4 12 49% 27057 10007 2208 119%
c - 1371.97 41 18 104 929 425822 2 18862750 87280 1.7 18 10 4 12 49% 27057 10007 2208 119%
c - 1373.67 41 18 104 930 426754 2 18893230 88437 1.7 18 10 4 12 49% 27057 10007 2208 119%
c - 1375.44 41 18 104 931 427884 2 18923725 89247 1.7 18 10 4 12 49% 27057 10007 2208 119%
c - 1377.12 41 18 104 932 428814 2 18954237 89406 1.7 18 10 4 12 49% 27057 10007 2208 119%
c } 1378.32 41 18 105 932 429463 2 18976110 108992 1.7 17 10 4 12 49% 27057 10007 2208 119%
c [ 1378.32 41 19 105 932 429463 1 18976110 108992 1.8 23 12 5 15 49% 27057 10007 2208 119%
c B 1378.32 41 19 105 932 429463 1 18976110 108992 1.8 23 12 5 15 49% 27057 10007 2208 119%
c - 1378.80 41 19 105 933 429469 1 18984766 88729 1.8 23 12 5 15 49% 27057 10007 2208 119%
c - 1380.55 41 20 105 934 429483 1 19015311 85447 1.9 24 13 5 15 50% 27057 10007 2208 119%
c
c   seconds    switched        rate            size/glue  tier1     binary         remaining
c           MB    reductions      conflicts          size   tier2       irredundant
c            level       restarts         redundant     glue    trail         variables
c
c - 1382.50 41 20 105 935 429493 1 19045872 80356 1.9 25 13 5 15 51% 27057 10007 2208 119%
c - 1384.77 41 22 105 936 429505 1 19076449 75187 1.9 26 14 5 15 51% 27057 10007 2208 119%
c - 1387.01 41 21 105 937 429518 1 19107044 76475 1.8 26 14 5 15 51% 27057 10007 2208 119%
c - 1389.08 41 21 105 938 429524 1 19137655 83815 1.8 25 14 5 15 51% 27057 10007 2208 119%
c - 1391.22 41 21 105 939 429525 1 19168281 86392 1.8 25 13 5 15 51% 27057 10007 2208 119%
c u 1393.59 41 20 105 939 429536 1 19189679 102275 1.9 25 13 5 15 51% 27057 10007 2208 119%
c v 1394.67 41 20 105 939 429536 1 19189679 93054 1.9 25 13 5 15 51% 27057 10007 2208 119%
c w 1395.04 41 20 105 939 429536 1 19189679 83465 1.9 25 13 5 15 51% 27057 10007 2208 119%
c o 1395.06 41 20 105 939 429536 1 19189679 83465 1.9 25 13 5 15 51% 27057 10007 2208 119%
c - 1395.58 41 21 105 940 429540 1 19198925 72320 1.8 25 13 5 15 51% 27057 10007 2208 119%
c - 1397.44 41 21 105 941 429554 1 19229585 79868 1.8 24 13 5 15 51% 27057 10007 2208 119%
c - 1399.30 41 22 105 942 429561 1 19260260 85014 1.9 25 13 5 15 51% 27057 10007 2208 119%
c - 1401.17 41 22 105 943 429574 1 19290952 84687 1.9 25 13 5 15 51% 27057 10007 2208 119%
c - 1403.05 41 22 105 944 429587 1 19321660 85165 1.9 26 13 5 15 52% 27057 10007 2208 119%
c - 1405.02 41 23 105 945 429588 1 19352384 84168 1.9 26 14 5 15 52% 27057 10007 2208 119%
c - 1407.05 41 23 105 946 429589 1 19383124 81749 1.9 27 14 5 15 52% 27057 10007 2208 119%
c ] 1409.01 41 23 106 946 429589 1 19413721 111090 1.9 27 14 5 15 51% 27057 10007 2208 119%
c { 1409.01 41 18 106 946 429589 2 19413721 111090 1.7 17 10 4 12 49% 27057 10007 2208 119%
c - 1409.05 41 18 106 947 429617 2 19413881 81195 1.7 17 10 4 12 49% 27057 10007 2208 119%
c - 1410.79 41 18 106 948 430948 2 19444655 86455 1.7 18 10 4 12 49% 27057 10007 2208 119%
c
c   seconds    switched        rate            size/glue  tier1     binary         remaining
c           MB    reductions      conflicts          size   tier2       irredundant
c            level       restarts         redundant     glue    trail         variables
c
c - 1412.54 41 18 106 949 432236 2 19475445 93037 1.7 18 10 4 12 49% 27057 10007 2208 119%
c - 1414.25 41 18 106 950 433250 2 19506251 94863 1.7 18 10 4 12 49% 27057 10007 2208 119%
c - 1416.08 41 18 106 951 434534 2 19537074 95567 1.7 18 10 4 12 49% 27057 10007 2208 119%
c - 1417.91 41 18 106 952 435622 2 19567912 95917 1.7 18 10 4 12 49% 27057 10007 2208 119%
c - 1419.70 41 18 106 953 436846 2 19598766 96181 1.7 18 11 4 12 49% 27057 10007 2208 119%
c - 1421.53 41 18 106 954 438152 2 19629636 96172 1.7 18 11 4 12 49% 27057 10007 2208 119%
c u 1423.87 41 18 106 954 439370 2 19659889 116855 1.7 18 11 4 12 49% 27057 10007 2208 119%
c v 1424.57 41 18 106 954 439370 2 19659889 110832 1.7 18 11 4 12 49% 27057 10007 2208 119%
c w 1424.82 41 18 106 954 439370 2 19659889 110334 1.7 18 11 4 12 49% 27057 10007 2208 119%
c - 1424.98 41 18 106 955 439391 2 19660524 84535 1.7 18 11 4 12 49% 27057 10007 2208 119%
c - 1426.71 41 19 106 956 440721 2 19691428 86199 1.7 18 11 4 12 49% 27057 10007 2208 119%
c - 1428.48 41 18 106 957 441790 2 19722350 90107 1.7 18 11 4 12 49% 27057 10007 2208 119%
c - 1430.19 41 18 106 958 442522 2 19753286 91338 1.7 18 10 4 12 49% 27057 10007 2208 119%
c o 1431.14 41 18 106 958 443092 2 19770093 106251 1.7 18 10 4 12 49% 27057 10007 2208 119%
c - 1432.02 41 18 106 959 443757 2 19784239 91416 1.7 18 10 4 12 49% 27057 10007 2208 119%
c - 1433.73 41 18 106 960 444905 2 19815208 91708 1.7 18 10 4 12 49% 27057 10007 2208 119%
c - 1435.59 41 18 106 961 446124 2 19846192 92333 1.7 18 10 4 12 49% 27057 10007 2208 119%
c - 1437.36 41 18 106 962 447082 2 19877192 92636 1.7 18 10 4 12 49% 27057 10007 2208 119%
c - 1439.23 41 18 106 963 448370 2 19908208 92768 1.7 18 10 4 12 49% 27057 10007 2208 119%
c - 1441.11 41 18 106 964 449899 2 19939240 92792 1.7 18 11 4 12 49% 27057 10007 2208 119%
c
c   seconds    switched        rate             size/glue  tier1     binary         remaining
c           MB    reductions      conflicts           size   tier2       irredundant
c            level       restarts         redundant      glue    trail         variables
c
c } 1442.38 41 18 107 964 450805 2 19960746 112565 1.7 18 11 4 12 49% 27057 10007 2208 119%
c [ 1442.38 41 23 107 964 450805 1 19960746 112565 1.9 27 14 5 15 51% 27057 10007 2208 119%
c W 1448.69 41 23 107 964 450805 1 19960746 112565 1.9 27 14 5 15 51% 27057 10007 2208 119%
c - 1449.22 41 23 107 965 450811 1 19970289 91302 1.9 27 14 5 15 51% 27057 10007 2208 119%
c - 1451.00 41 22 107 966 450825 1 20001354 88953 1.9 26 14 5 15 51% 27057 10007 2208 119%
c - 1452.96 41 21 107 967 450835 1 20032435 89389 1.9 26 14 5 15 51% 27057 10007 2208 119%
c - 1454.86 41 21 107 968 450849 1 20063534 91182 1.9 26 13 5 15 51% 27057 10007 2208 119%
c - 1456.95 41 21 107 969 450863 1 20094648 88612 1.9 26 13 5 15 51% 27057 10007 2208 119%
c - 1459.05 41 22 107 970 450867 1 20125778 84725 1.9 27 14 5 15 51% 27057 10007 2208 119%
c u 1460.52 41 22 107 970 450867 1 20136273 90393 1.9 27 14 5 15 51% 27057 10007 2208 119%
c v 1461.58 41 22 107 970 450867 1 20136273 89930 1.9 27 14 5 15 51% 27057 10007 2208 119%
c w 1461.95 41 22 107 970 450867 1 20136273 89667 1.9 27 14 5 15 51% 27057 10007 2208 119%
c - 1463.29 41 22 107 971 450867 1 20156924 80647 1.9 27 14 5 15 50% 27057 10007 2208 119%
c - 1465.51 41 22 107 972 450882 1 20188084 83983 1.9 26 14 5 15 50% 27057 10007 2208 119%
c - 1467.59 41 22 107 973 450897 1 20219260 86213 1.9 26 13 5 15 50% 27057 10007 2208 119%
c - 1469.74 41 22 107 974 450905 1 20250453 87571 2.0 27 13 5 15 51% 27057 10007 2208 119%
c - 1471.96 41 22 107 975 450920 1 20281664 87560 2.0 27 14 5 15 50% 27057 10007 2208 119%
c - 1474.48 41 22 107 976 450929 1 20312890 88146 1.9 26 13 5 15 50% 27057 10007 2208 119%
c - 1476.79 41 21 107 977 450930 1 20344130 90282 1.9 25 13 5 15 49% 27057 10007 2208 119%
c - 1479.06 41 20 107 978 450931 1 20375386 92260 1.9 25 13 5 15 49% 27057 10007 2208 119%
c
c   seconds    switched        rate            size/glue  tier1     binary         remaining
c           MB    reductions      conflicts          size   tier2       irredundant
c            level       restarts         redundant     glue    trail         variables
c
c - 1481.33 41 20 107 979 450931 1 20406658 92782 1.9 24 13 5 15 49% 27057 10007 2208 119%
c ] 1481.81 41 20 108 979 450931 1 20413271 99019 1.9 24 13 5 15 49% 27057 10007 2208 119%
c { 1481.81 41 18 108 979 450931 2 20413271 99019 1.7 18 11 4 12 49% 27057 10007 2208 119%
c o 1481.82 41 18 108 979 450941 2 20413332 99076 1.7 18 11 4 12 49% 27057 10007 2208 119%
c - 1483.35 41 19 108 980 451946 2 20437947 95235 1.7 18 11 4 12 49% 27057 10007 2208 119%
c - 1485.18 41 19 108 981 452933 2 20469251 96295 1.7 18 11 4 12 49% 27057 10007 2208 119%
c - 1487.12 41 19 108 982 454353 2 20500572 96254 1.7 18 11 4 12 49% 27057 10007 2208 119%
c - 1488.89 41 18 108 983 455326 2 20531909 96172 1.7 18 11 4 12 49% 27057 10007 2208 119%
c - 1490.71 41 19 108 984 456526 2 20563261 96690 1.7 18 11 4 12 49% 27057 10007 2208 119%
c - 1492.59 41 18 108 985 457791 2 20594629 97197 1.7 18 11 4 12 49% 27057 10007 2208 119%
c u 1495.07 41 18 108 985 458697 2 20618859 113083 1.7 18 11 4 12 49% 27057 10007 2208 119%
c v 1496.19 41 18 108 985 458697 2 20618859 106037 1.7 18 11 4 12 49% 27057 10007 2208 119%
c w 1496.61 41 18 108 985 458697 2 20618859 105144 1.7 18 11 4 12 49% 27057 10007 2208 119%
c - 1497.11 41 19 108 986 459122 2 20626013 84776 1.7 18 11 4 12 49% 27057 10007 2208 119%
c - 1498.79 41 18 108 987 459953 2 20657413 89367 1.7 18 11 4 12 49% 27057 10007 2208 119%
c - 1500.55 41 18 108 988 461006 2 20688829 92214 1.7 18 11 4 12 49% 27057 10007 2208 119%
c - 1502.34 41 18 108 989 462183 2 20720262 93105 1.7 18 11 4 12 49% 27057 10007 2208 119%
c - 1504.10 41 18 108 990 463304 2 20751714 92945 1.7 18 11 4 12 49% 27057 10007 2208 119%
c - 1505.81 41 18 108 991 464351 2 20783178 93518 1.7 18 10 4 12 49% 27057 10007 2208 119%
c - 1507.62 41 18 108 992 465543 2 20814658 93918 1.7 18 11 4 12 49% 27057 10007 2208 119%
c
c   seconds    switched        rate            size/glue  tier1     binary         remaining
c           MB    reductions      conflicts          size   tier2       irredundant
c            level       restarts         redundant     glue    trail         variables
c
c - 1509.39 41 18 108 993 466717 2 20846155 94336 1.7 18 10 4 12 49% 27057 10007 2208 119%
c - 1511.30 41 18 108 994 468152 2 20877666 94398 1.7 18 11 4 12 49% 27057 10007 2208 119%
c - 1513.11 41 18 108 995 469143 2 20909193 94098 1.7 18 10 4 12 49% 27057 10007 2208 119%
c - 1514.98 41 18 108 996 470554 2 20940736 94977 1.7 18 10 4 12 49% 27057 10007 2208 119%
c - 1516.86 41 18 108 997 471807 2 20972297 95300 1.7 18 10 4 12 49% 27057 10007 2208 119%
c } 1517.29 41 18 109 997 472229 2 20979312 101737 1.7 18 10 4 12 49% 27057 10007 2208 119%
c [ 1517.29 41 20 109 997 472229 1 20979312 101737 1.9 24 13 5 15 49% 27057 10007 2208 119%
c I 1517.29 41 20 109 997 472229 1 20979312 101737 1.9 24 13 5 15 49% 27057 10007 2208 119%
c - 1518.77 41 25 109 998 472242 1 21003872 85188 1.9 28 15 5 15 50% 27057 10007 2208 119%
c o 1520.51 41 28 109 998 472255 1 21029532 109920 1.9 32 16 5 15 50% 27057 10007 2208 119%
c - 1520.92 41 29 109 999 472257 1 21035463 71552 1.9 31 16 5 15 50% 27057 10007 2208 119%
c - 1522.87 41 27 109 1000 472264 1 21067072 76684 1.9 29 16 5 15 50% 27057 10007 2208 119%
c - 1524.89 41 26 109 1001 472278 1 21098695 83818 1.9 28 15 5 15 50% 27057 10007 2208 119%
c u 1526.37 41 26 109 1001 472283 1 21107670 87712 1.8 28 15 5 15 50% 27057 10007 2208 119%
c v 1527.44 41 26 109 1001 472283 1 21107670 84567 1.8 28 15 5 15 50% 27057 10007 2208 119%
c w 1527.81 41 26 109 1001 472283 1 21107670 81754 1.8 28 15 5 15 50% 27057 10007 2208 119%
c - 1529.28 41 26 109 1002 472290 1 21130334 73559 1.8 28 15 5 15 50% 27057 10007 2208 119%
c - 1531.49 41 24 109 1003 472291 1 21161988 74661 1.8 28 15 5 15 51% 27057 10007 2208 119%
c - 1533.71 41 24 109 1004 472303 1 21193658 76822 1.9 28 15 5 15 51% 27057 10007 2208 119%
c - 1536.15 41 23 109 1005 472317 1 21225344 78430 1.9 28 15 5 15 51% 27057 10007 2208 119%
c
c   seconds    switched         rate            size/glue  tier1     binary         remaining
c           MB     reductions      conflicts          size   tier2       irredundant
c            level        restarts         redundant     glue    trail         variables
c
c - 1538.65 41 23 109 1006 472322 1 21257045 81496 1.9 28 15 5 15 51% 27057 10007 2208 119%
c - 1540.99 41 23 109 1007 472337 1 21288762 81748 1.9 28 15 5 15 51% 27057 10007 2208 119%
c - 1543.57 41 22 109 1008 472352 1 21320495 81582 1.9 28 15 5 15 51% 27057 10007 2208 119%
c - 1546.21 41 22 109 1009 472354 1 21352245 84915 1.9 27 14 5 15 51% 27057 10007 2208 119%
c - 1548.49 41 23 109 1010 472355 1 21384012 84473 1.9 27 14 5 15 51% 27057 10007 2208 119%
c - 1550.97 41 23 109 1011 472355 1 21415793 82871 1.9 27 14 5 15 51% 27057 10007 2208 119%
c ] 1552.13 41 24 110 1011 472355 1 21431734 98390 1.9 28 15 5 15 51% 27057 10007 2208 119%
c { 1552.13 41 18 110 1011 472355 2 21431734 98390 1.7 18 10 4 12 49% 27057 10007 2208 119%
c - 1553.13 41 18 110 1012 473115 2 21447589 86414 1.7 18 11 4 12 49% 27057 10007 2208 119%
c - 1555.13 41 18 110 1013 474536 2 21479401 89970 1.7 18 11 4 12 49% 27057 10007 2208 119%
c - 1557.00 41 18 110 1014 475838 2 21511228 93633 1.7 18 11 4 12 49% 27057 10007 2208 119%
c - 1558.86 41 18 110 1015 476955 2 21543072 95138 1.7 18 11 4 12 49% 27057 10007 2208 119%
c - 1560.75 41 18 110 1016 478134 2 21574931 96102 1.7 18 11 4 12 49% 27057 10007 2208 119%
c u 1563.49 41 18 110 1016 479424 2 21602708 115236 1.7 18 11 4 12 49% 27057 10007 2208 119%
c v 1564.86 41 18 110 1016 479424 2 21602708 109685 1.7 18 11 4 12 49% 27057 10007 2208 119%
c w 1565.31 41 18 110 1016 479424 2 21602708 108824 1.7 18 11 4 12 49% 27057 10007 2208 119%
c - 1565.58 41 18 110 1017 479593 2 21606805 85422 1.7 18 11 4 12 49% 27057 10007 2208 119%
c - 1567.39 41 18 110 1018 480700 2 21638695 88613 1.7 18 11 4 12 49% 27057 10007 2208 119%
c o 1567.47 41 18 110 1018 480808 2 21639822 89658 1.7 18 11 4 12 49% 27057 10007 2208 119%
c - 1569.32 41 19 110 1019 482104 2 21670602 90985 1.7 18 11 4 12 49% 27057 10007 2208 119%
c
c   seconds    switched         rate            size/glue  tier1     binary         remaining
c           MB     reductions      conflicts          size   tier2       irredundant
c            level        restarts         redundant     glue    trail         variables
c
c - 1571.14 41 19 110 1020 483364 2 21702523 91665 1.7 18 11 4 12 49% 27057 10007 2208 119%
c - 1572.86 41 18 110 1021 484308 2 21734460 91942 1.7 18 11 4 12 49% 27057 10007 2208 119%
c - 1574.77 41 18 110 1022 485445 2 21766413 92286 1.7 18 11 4 12 49% 27057 10007 2208 119%
c - 1576.68 41 18 110 1023 486564 2 21798381 92765 1.7 18 11 4 12 49% 27057 10007 2208 119%
c - 1578.63 41 18 110 1024 488009 2 21830365 92705 1.7 18 11 4 12 49% 27057 10007 2208 119%
c - 1580.54 41 18 110 1025 489167 2 21862365 93077 1.7 18 11 4 12 49% 27057 10007 2208 119%
c - 1582.38 41 18 110 1026 490229 2 21894380 93550 1.7 18 11 4 12 49% 27057 10007 2208 119%
c - 1584.17 41 18 110 1027 491084 2 21926411 93761 1.7 18 10 4 12 49% 27057 10007 2208 119%
c - 1586.11 41 18 110 1028 492423 2 21958459 94503 1.7 18 10 4 12 49% 27057 10007 2208 119%
c - 1588.00 41 18 110 1029 493358 2 21990523 94578 1.7 18 10 4 12 49% 27057 10007 2208 119%
c } 1589.60 41 18 111 1029 494458 2 22017078 118882 1.7 18 10 4 12 49% 27057 10007 2208 119%
c [ 1589.60 41 24 111 1029 494458 1 22017078 118882 1.9 28 15 5 15 51% 27057 10007 2208 119%
c B 1589.60 41 24 111 1029 494458 1 22017078 118882 1.9 28 15 5 15 51% 27057 10007 2208 119%
c - 1589.93 41 25 111 1030 494462 1 22022604 93164 1.9 29 15 5 15 51% 27057 10007 2208 119%
c - 1591.94 41 24 111 1031 494476 1 22054699 89523 2.0 28 14 5 15 51% 27057 10007 2208 119%
c - 1594.28 41 23 111 1032 494488 1 22086809 87817 1.9 27 14 5 15 51% 27057 10007 2208 119%
c u 1596.64 41 22 111 1032 494492 1 22103998 100149 1.9 26 14 5 15 51% 27057 10007 2208 119%
c v 1597.73 41 22 111 1032 494492 1 22103998 95559 1.9 26 14 5 15 51% 27057 10007 2208 119%
c w 1598.11 41 22 111 1032 494492 1 22103998 87980 1.9 26 14 5 15 51% 27057 10007 2208 119%
c - 1599.22 41 22 111 1033 494501 1 22118933 76835 1.9 25 13 5 15 51% 27057 10007 2208 119%
c
c   seconds    switched         rate            size/glue  tier1     binary         remaining
c           MB     reductions      conflicts          size   tier2       irredundant
c            level        restarts         redundant     glue    trail         variables
c
c - 1601.21 41 21 111 1034 494516 1 22151076 85316 1.9 25 13 5 15 51% 27057 10007 2208 119%
c - 1603.48 41 20 111 1035 494520 1 22183232 90282 1.9 24 13 5 15 50% 27057 10007 2208 119%
c - 1605.92 41 19 111 1036 494522 1 22215403 93509 1.9 23 12 5 15 50% 27057 10007 2208 119%
c - 1608.04 41 20 111 1037 494536 1 22247590 93068 1.9 23 13 5 15 50% 27057 10007 2208 119%
c - 1610.31 41 19 111 1038 494551 1 22279794 91227 1.8 23 12 5 15 51% 27057 10007 2208 119%
c - 1612.53 41 19 111 1039 494561 1 22312012 92879 1.8 23 12 5 15 51% 27057 10007 2208 119%
c - 1614.80 41 20 111 1040 494576 1 22344245 91578 1.9 23 13 5 15 51% 27057 10007 2208 119%
c - 1617.20 41 20 111 1041 494582 1 22376494 93328 1.9 24 12 5 15 51% 27057 10007 2208 119%
c - 1619.94 41 19 111 1042 494583 1 22408759 95853 1.9 23 12 5 15 51% 27057 10007 2208 119%
c - 1622.48 41 19 111 1043 494584 1 22441040 97919 1.9 23 12 5 15 51% 27057 10007 2208 119%
c - 1625.04 41 20 111 1044 494584 1 22473335 97744 1.9 23 12 5 15 51% 27057 10007 2208 119%
c ] 1625.56 41 20 112 1044 494589 1 22481807 105825 1.9 23 12 5 15 51% 27057 10007 2208 119%
c { 1625.56 41 18 112 1044 494589 2 22481807 105825 1.7 18 10 4 12 49% 27057 10007 2208 119%
c o 1625.57 41 18 112 1044 494597 2 22481850 105866 1.7 18 10 4 12 49% 27057 10007 2208 119%
c - 1627.11 41 18 112 1045 495787 2 22505645 95868 1.7 17 10 4 12 49% 27057 10007 2208 119%
c - 1629.06 41 18 112 1046 496940 2 22537971 96178 1.7 17 10 4 12 49% 27057 10007 2208 119%
c - 1631.03 41 18 112 1047 497951 2 22570314 97989 1.7 18 10 4 12 49% 27057 10007 2208 119%
c - 1633.11 41 18 112 1048 499553 2 22602672 98557 1.7 18 11 4 12 49% 27057 10007 2208 119%
c u 1634.67 41 18 112 1048 499901 2 22611540 100185 1.7 18 11 4 12 49% 27057 10007 2208 119%
c v 1636.00 41 18 112 1048 499901 2 22611540 95108 1.7 18 11 4 12 49% 27057 10007 2208 119%
c
c   seconds    switched         rate            size/glue  tier1     binary         remaining
c           MB     reductions      conflicts          size   tier2       irredundant
c            level        restarts         redundant     glue    trail         variables
c
c w 1636.43 41 18 112 1048 499901 2 22611540 94252 1.7 18 11 4 12 49% 27057 10007 2208 119%
c - 1637.77 41 18 112 1049 500665 2 22635044 88523 1.7 18 11 4 12 49% 27057 10007 2208 119%
c - 1639.59 41 19 112 1050 501892 2 22667432 91378 1.7 18 11 4 12 49% 27057 10007 2208 119%
c - 1641.41 41 18 112 1051 502845 2 22699836 93282 1.7 18 11 4 12 49% 27057 10007 2208 119%
c - 1643.29 41 18 112 1052 503949 2 22732255 93771 1.7 18 10 4 12 49% 27057 10007 2208 119%
c - 1645.28 41 19 112 1053 505370 2 22764690 93911 1.7 18 11 4 12 49% 27057 10007 2208 119%
c - 1647.20 41 18 112 1054 506417 2 22797139 94317 1.7 18 11 4 12 49% 27057 10007 2208 119%
c - 1649.18 41 18 112 1055 507622 2 22829606 95067 1.7 18 11 4 12 49% 27057 10007 2208 119%
c - 1651.14 41 19 112 1056 509075 2 22862089 95055 1.7 18 11 4 12 49% 27057 10007 2208 119%
c - 1653.13 41 18 112 1057 510064 2 22894585 95149 1.7 18 10 4 12 49% 27057 10007 2208 119%
c - 1655.04 41 18 112 1058 511084 2 22927096 96015 1.7 18 10 4 12 49% 27057 10007 2208 119%
c - 1656.94 41 18 112 1059 512377 2 22959622 96299 1.7 18 10 4 12 49% 27057 10007 2208 119%
c - 1658.82 41 18 112 1060 513451 2 22992166 96315 1.7 18 10 4 12 49% 27057 10007 2208 119%
c - 1660.77 41 18 112 1061 514897 2 23024723 96543 1.7 18 10 4 12 49% 27057 10007 2208 119%
c - 1662.67 41 18 112 1062 516164 2 23057299 96984 1.7 18 10 4 12 49% 27057 10007 2208 119%
c } 1664.40 41 18 113 1062 517202 2 23086725 123697 1.7 18 10 4 12 49% 27057 10007 2208 119%
c [ 1664.40 41 20 113 1062 517202 1 23086725 123697 1.9 23 12 5 15 51% 27057 10007 2208 119%
c W 1671.98 41 20 113 1062 517202 1 23086725 123697 1.9 23 12 5 15 51% 27057 10007 2208 119%
c - 1672.17 41 21 113 1063 517204 1 23089888 96597 1.9 24 12 5 15 51% 27057 10007 2208 119%
c - 1674.01 41 22 113 1064 517219 1 23122494 90438 1.9 25 13 5 15 51% 27057 10007 2208 119%
c
c   seconds    switched         rate            size/glue  tier1     binary         remaining
c           MB     reductions      conflicts          size   tier2       irredundant
c            level        restarts         redundant     glue    trail         variables
c
c u 1675.02 41 22 113 1064 517221 1 23125336 89298 1.9 25 13 5 15 51% 27057 10007 2208 119%
c v 1676.03 41 22 113 1064 517221 1 23125336 88334 1.9 25 13 5 15 51% 27057 10007 2208 119%
c w 1676.40 41 22 113 1064 517221 1 23125336 87853 1.9 25 13 5 15 51% 27057 10007 2208 119%
c o 1676.42 41 22 113 1064 517221 1 23125336 87853 1.9 25 13 5 15 51% 27057 10007 2208 119%
c - 1678.22 41 23 113 1065 517232 1 23155114 78800 1.9 26 14 5 15 51% 27057 10007 2208 119%
c - 1680.41 41 23 113 1066 517245 1 23187750 81010 1.9 26 14 5 15 51% 27057 10007 2208 119%
c - 1682.70 41 22 113 1067 517260 1 23220400 87259 1.9 26 13 5 15 50% 27057 10007 2208 119%
c - 1684.89 41 23 113 1068 517264 1 23253064 88420 1.9 26 14 5 15 51% 27057 10007 2208 119%
c - 1687.26 41 23 113 1069 517267 1 23285746 87502 1.9 26 13 5 15 51% 27057 10007 2208 119%
c - 1689.61 41 23 113 1070 517282 1 23318442 90491 1.9 25 13 5 15 51% 27057 10007 2208 119%
c - 1691.98 41 22 113 1071 517295 1 23351152 92117 1.9 25 13 5 15 50% 27057 10007 2208 119%
c - 1694.44 41 22 113 1072 517307 1 23383878 94185 1.9 25 13 5 15 50% 27057 10007 2208 119%
c - 1696.84 41 21 113 1073 517322 1 23416619 97456 1.9 24 13 5 15 50% 27057 10007 2208 119%
c - 1699.02 41 20 113 1074 517327 1 23449376 99170 1.9 24 13 5 15 50% 27057 10007 2208 119%
c - 1701.40 41 19 113 1075 517328 1 23482147 97586 1.9 23 12 5 15 50% 27057 10007 2208 119%
c - 1703.87 41 19 113 1076 517328 1 23514938 99086 1.9 23 12 5 15 50% 27057 10007 2208 119%
c - 1706.14 41 21 113 1077 517330 1 23547742 94877 1.9 24 13 5 15 50% 27057 10007 2208 119%
c ] 1706.71 41 22 114 1077 517335 1 23556337 103126 1.9 25 13 5 15 50% 27057 10007 2208 119%
c { 1706.71 41 18 114 1077 517335 2 23556337 103126 1.7 18 10 4 12 49% 27057 10007 2208 119%
c - 1708.07 41 17 114 1078 517373 2 23580559 90699 1.7 17 10 4 12 49% 27057 10007 2208 119%
c
c   seconds    switched         rate            size/glue  tier1     binary         remaining
c           MB     reductions      conflicts          size   tier2       irredundant
c            level        restarts         redundant     glue    trail         variables
c
c - 1709.92 41 15 114 1079 517408 2 23613391 94114 1.7 17 10 4 12 49% 27057 10007 2208 119%
c u 1712.64 41 14 114 1079 517514 2 23645408 113359 1.7 16 10 4 12 49% 27057 10007 2208 119%
c v 1714.01 41 14 114 1079 517514 2 23645408 98916 1.7 16 10 4 12 49% 27057 10007 2208 119%
c w 1714.41 41 14 114 1079 517514 2 23645408 98404 1.7 16 10 4 12 49% 27057 10007 2208 119%
c - 1719.68 41 14 114 1080 517518 2 23646239 82088 1.7 16 10 4 12 49% 27057 10007 2208 119%
c - 1721.27 41 13 114 1081 517677 2 23679102 87445 1.7 15 9 4 12 49% 27057 10007 2208 119%
c - 1722.98 41 13 114 1082 518021 1 23711980 89545 1.6 15 9 4 12 49% 27057 10007 2208 119%
c - 1724.74 41 12 114 1083 518404 1 23744873 90869 1.6 15 9 4 12 49% 27057 10007 2208 119%
c o 1726.06 41 12 114 1083 518667 1 23770601 111954 1.6 15 9 4 12 49% 27057 10007 2208 119%
c - 1726.48 41 12 114 1084 518821 1 23777781 91839 1.6 15 9 4 12 49% 27057 10007 2208 119%
c - 1728.30 41 12 114 1085 519349 1 23810705 92715 1.7 15 9 4 12 49% 27057 10007 2208 119%
c - 1730.07 41 11 114 1086 519825 1 23843644 92733 1.7 15 9 4 12 49% 27057 10007 2208 119%
c - 1731.86 41 11 114 1087 520437 1 23876598 92832 1.6 14 9 4 12 49% 27057 10007 2208 119%
c - 1733.75 41 11 114 1088 521394 1 23909567 94206 1.6 14 9 4 12 49% 27057 10007 2208 119%
c - 1735.58 41 11 114 1089 522127 1 23942552 94239 1.6 14 9 4 12 49% 27057 10007 2208 119%
c - 1737.45 41 11 114 1090 523094 1 23975553 93768 1.6 14 9 4 12 49% 27057 10007 2208 119%
c - 1739.32 41 11 114 1091 523982 1 24008568 94676 1.6 14 9 4 12 49% 27057 10007 2208 119%
c - 1741.35 41 11 114 1092 525223 1 24041600 95837 1.6 14 9 4 12 49% 27057 10007 2208 119%
c - 1743.30 41 11 114 1093 526301 1 24074646 96464 1.6 14 9 4 12 49% 27057 10007 2208 119%
c - 1745.29 41 11 114 1094 527152 1 24107706 97014 1.6 14 9 4 12 49% 27057 10007 2208 119%
c
c   seconds    switched         rate            size/glue tier1     binary         remaining
c           MB     reductions      conflicts          size  tier2       irredundant
c            level        restarts         redundant    glue    trail         variables
c
c - 1747.22 41 11 114 1095 528140 1 24140782 97362 1.6 14 9 4 12 49% 27057 10007 2208 119%
c u 1750.02 41 11 114 1095 529283 1 24171784 116791 1.6 14 9 4 12 49% 27057 10007 2208 119%
c v 1751.09 41 11 114 1095 529283 1 24171784 110649 1.6 14 9 4 12 49% 27057 10007 2208 119%
c w 1751.45 41 11 114 1095 529283 1 24171784 110520 1.6 14 9 4 12 49% 27057 10007 2208 119%
c - 1751.61 41 11 114 1096 529359 1 24173872 86708 1.6 14 9 4 12 49% 27057 10007 2208 119%
c } 1752.02 41 11 115 1096 529578 1 24181117 92925 1.6 14 9 4 12 49% 27057 10007 2208 119%
c [ 1752.02 41 22 115 1096 529578 1 24181117 92925 1.9 25 13 5 15 50% 27057 10007 2208 119%
c O 1752.02 41 22 115 1096 529578 1 24181117 92925 1.9 25 13 5 15 50% 27057 10007 2208 119%
c - 1753.36 41 21 115 1097 529592 1 24206977 91775 1.9 24 13 5 15 50% 27057 10007 2208 119%
c - 1755.25 41 20 115 1098 529607 1 24240097 93601 1.9 24 12 5 15 51% 27057 10007 2208 119%
c - 1757.50 41 19 115 1099 529615 1 24273234 94790 1.9 23 12 5 15 51% 27057 10007 2208 119%
c - 1759.91 41 18 115 1100 529630 1 24306386 96966 1.9 23 12 5 15 51% 27057 10007 2208 119%
c - 1762.28 41 18 115 1101 529639 1 24339555 98790 1.9 22 12 5 15 50% 27057 10007 2208 119%
c - 1764.47 41 21 115 1102 529640 1 24372737 93953 1.9 24 12 5 15 50% 27057 10007 2208 119%
c - 1767.03 41 22 115 1103 529655 1 24405934 85086 1.9 25 13 5 15 51% 27057 10007 2208 119%
c - 1769.60 41 22 115 1104 529670 1 24439146 86535 1.9 25 13 5 15 51% 27057 10007 2208 119%
c - 1772.28 41 21 115 1105 529679 1 24472373 93138 1.9 25 13 5 15 51% 27057 10007 2208 119%
c - 1774.56 41 21 115 1106 529694 1 24505614 96222 1.9 24 13 5 15 51% 27057 10007 2208 119%
c - 1776.93 41 20 115 1107 529702 1 24538870 96025 1.9 24 13 5 15 51% 27057 10007 2208 119%
c - 1779.34 41 21 115 1108 529703 1 24572141 95089 1.9 24 13 5 15 50% 27057 10007 2208 119%
c
c   seconds    switched         rate            size/glue  tier1     binary         remaining
c           MB     reductions      conflicts          size   tier2       irredundant
c            level        restarts         redundant     glue    trail         variables
c
c - 1781.89 41 20 115 1109 529704 1 24605428 94955 1.9 24 13 5 15 50% 27057 10007 2208 119%
c - 1784.10 41 21 115 1110 529704 1 24638730 94425 1.9 24 13 5 15 50% 27057 10007 2208 119%
c - 1786.51 41 22 115 1111 529719 1 24672048 87855 1.8 25 14 5 15 50% 27057 10007 2208 119%
c B 1787.21 41 22 115 1111 529726 1 24681612 96775 1.8 25 14 5 15 50% 27057 10007 2208 119%
c o 1787.21 41 22 115 1111 529726 1 24681612 96775 1.8 25 14 5 15 50% 27057 10007 2208 119%
c ] 1787.21 41 22 116 1111 529726 1 24681626 96789 1.8 25 14 5 15 50% 27057 10007 2208 119%
c { 1787.21 41 11 116 1111 529726 1 24681626 96789 1.6 14 9 4 12 49% 27057 10007 2208 119%
c u 1790.56 41 14 116 1111 533407 2 24704465 112512 1.6 15 9 4 12 49% 27057 10007 2208 119%
c v 1792.01 41 14 116 1111 533407 2 24704465 111610 1.6 15 9 4 12 49% 27057 10007 2208 119%
c w 1792.53 41 14 116 1111 533407 2 24704465 110267 1.6 15 9 4 12 49% 27057 10007 2208 119%
c - 1792.68 41 14 116 1112 533570 2 24705380 85428 1.6 15 9 4 12 49% 27057 10007 2208 119%
c - 1795.01 41 16 116 1113 537029 3 24738726 91923 1.6 16 10 4 12 49% 27057 10007 2208 119%
c - 1797.18 41 17 116 1114 539487 3 24772087 93955 1.6 16 10 4 12 49% 27057 10007 2208 119%
c - 1799.16 41 17 116 1115 540970 3 24805465 95046 1.6 17 10 4 12 49% 27057 10007 2208 119%
c caught signal 15 (SIGTERM)
c
c ---- [ profiling ] ---------------------------------------------------------
c
c        1604.05   89.12 %  search
c         821.04   45.62 %  focused
c         783.01   43.51 %  stable
c         195.66   10.87 %  simplify
c         148.89    8.27 %  probe
c         127.68    7.09 %  vivify
c          46.71    2.60 %  walking
c          18.63    1.04 %  sweep
c          15.38    0.85 %  reduce
c           1.30    0.07 %  substitute
c           0.88    0.05 %  transitive
c           0.17    0.01 %  factor
c           0.16    0.01 %  backbone
c           0.16    0.01 %  eliminate
c           0.09    0.01 %  preprocess
c           0.06    0.00 %  congruence
c           0.02    0.00 %  subsume
c           0.01    0.00 %  fastel
c           0.00    0.00 %  parse
c           0.00    0.00 %  lucky
c =============================================
c        1799.81  100.00 %  total
c
c ---- [ statistics ] --------------------------------------------------------
c
c chronological:                           50                0 %  conflicts
c conflicts:                         24815583            13787.87 per second
c decisions:                         49468499                1.99 per conflict
c eliminated:                            5113              276 %  variables
c factored:                              5476              295 %  variables
c fast_eliminated:                       1883               37 %  eliminated
c fast_strengthened:                        6                0 %  per strengthened
c propagations:                    7444626611          4136335    per second
c reductions:                            1115            22256    interval
c reordered:                               66           375994    interval
c rephased:                                73           339939    interval
c restarts:                            541671               46    interval
c strengthened:                          4997                1 %  checks
c switched:                               116           213927    interval
c vivified:                           1274850               45 %  checks
c walks:                                   24          1033983    interval
c
c ---- [ proof ] -------------------------------------------------------------
c
c proof_added:                       25346082               50 %  per line
c proof_bytes:                     2335178752             2227 MB 
c proof_deleted:                     25268250               50 %  per line
c
c ---- [ glue usage ] --------------------------------------------------------
c
c focused glue 4    used  1908311 clauses  5.62% accumulated 50.91% tier1
c focused glue 5    used  1394361 clauses  4.10% accumulated 55.02%
c focused glue 6-10 used 10226720 clauses 30.10% accumulated 85.12%
c focused glue 11   used  1614085 clauses  4.75% accumulated 89.87%
c focused glue 12   used  1088096 clauses  3.20% accumulated 93.07% tier2
c
c stable glue 5    used  3719438 clauses  7.77% accumulated 50.91% tier1
c stable glue 6    used  2998003 clauses  6.26% accumulated 57.17%
c stable glue 7-13 used 13893795 clauses 29.01% accumulated 86.19%
c stable glue 14   used  1275305 clauses  2.66% accumulated 88.85%
c stable glue 15   used  1072472 clauses  2.24% accumulated 91.09% tier2
c
c ---- [ resources ] ---------------------------------------------------------
c
c maximum-resident-set-size:         45989888 bytes         44 MB
c process-time:                            30m            1799.81 seconds
c raising signal 15 (SIGTERM)
