c ---- [ banner ] ------------------------------------------------------------
c
c Kissat SAT Solver
c 
c Copyright (c) 2021-2024 Armin Biere University of Freiburg
c Copyright (c) 2019-2021 Armin Biere Johannes Kepler University Linz
c 
c Version 4.0.0 unknown
c gcc (Ubuntu 13.3.0-6ubuntu2~24.04.1) 13.3.0 -W -Wall -O3 -DNDEBUG
c Mon Aug 3 21:56:23 UTC 2026 Linux runnervmvrwv9 6.17.0-1020-azure x86_64
c
c ---- [ proving ] -----------------------------------------------------------
c
c opened and writing proof to DRAT file:
c
c   borsuk_11_k6_q00r00_sixth_base_colorability_screen/work/results/q00r00-s011/q00r00-s011.drat
c
c ---- [ parsing ] -----------------------------------------------------------
c
c opened and reading DIMACS file:
c
c   borsuk_11_k6_q00r00_sixth_base_colorability_screen/work/input/instances/cases/q00r00-s011/q00r00-s011_12color.cnf
c
c parsed 'p cnf 2004 74662' header
c closing input after reading 973522 bytes (951 KB)
c finished parsing after 0.01 seconds
c
c ---- [ solving ] -----------------------------------------------------------
c
c  seconds switched rate     size/glue tier1  binary       remaining
c         MB reductions conflicts size  tier2    irredundant
c          level restarts redundant glue  trail       variables
c
c *  0.01  5 0 0 0  0 0   0   0 0.0 0 0 0 0 0% 74375 277 1994 100%
c (  0.01  5 0 0 0  0 0   0   0 0.0 0 0 0 0 0% 74375 277 1994 100%
c .  0.01  5 0 0 0  0 0   0   0 0.0 0 0 0 0 0% 74375 277 1994 100%
c f  0.12  7 0 0 0  0 0   0   0 0.0 0 0 0 0 0% 31667 277 6370 318%
c e  0.14  7 0 0 0  0 0   0   0 0.0 0 0 0 0 0% 32531 1444 4243 212%
c )  0.14  7 0 0 0  0 0   0   0 0.0 0 0 0 0 0% 32531 1444 4243 212%
c {  0.14  7 0 0 0  0 0   0   0 0.0 0 0 2 6 0% 32531 1444 4243 212%
c -  0.17  7 20 0 1  5 2 1001 697 1.7 19 12 10 15 40% 32531 1444 4243 212%
c }  0.17  7 20 1 1  5 2 1001 697 1.7 19 12 10 15 40% 32531 1444 4243 212%
c [  0.17  7 0 1 1  5 0 1001 697 0.0 0 0 2 6 0% 32531 1444 4243 212%
c B  0.17  7 0 1 1  5 0 1001 697 0.0 0 0 2 6 0% 32531 1444 4243 212%
c ]  0.19  7 48 2 1  5 1 1920 1595 1.6 20 13 2 6 38% 32531 1444 4243 212%
c {  0.19  7 20 2 1  5 2 1920 1595 1.7 19 12 10 15 40% 32531 1444 4243 212%
c -  0.20  7 21 2 2  7 2 2001 1194 1.7 20 12 10 15 40% 32531 1444 4243 212%
c u  0.22  7 19 2 2  7 1 2600 1710 1.6 19 12 10 15 39% 32531 1444 4243 212%
c v  0.23  7 19 2 2  7 1 2600 1685 1.6 19 12 10 15 39% 32531 1444 4243 212%
c w  0.23  7 19 2 2  7 1 2600 1684 1.6 19 12 10 15 39% 32531 1444 4243 212%
c f  0.25  8 19 2 2  7 1 2600 1684 1.6 19 12 10 15 39% 29853 1444 6040 301%
c u  0.26  8 19 2 2  7 1 2600 1663 1.6 19 12 10 15 39% 29853 1444 6040 301%
c v  0.27  8 19 2 2  7 1 2600 1653 1.6 19 12 10 15 39% 29853 1444 6040 301%
c
c  seconds  switched rate       size/glue  tier1      binary        remaining
c         MB reductions conflicts     size    tier2      irredundant
c          level restarts  redundant     glue     trail        variables
c
c }  0.31  8 18 3 2  9 1 2921 1942 1.6 18 11 10 15 38% 29853 1444 6040 301%
c [  0.31  8 48 3 2  9 1 2921 1942 1.6 20 13 2 6 38% 29853 1444 6040 301%
c W  0.32  8 48 3 2  9 1 2921 1942 1.6 20 13 2 6 38% 29853 1444 6040 301%
c -  0.34  8 41 3 3  9 1 3416 2301 1.7 20 12 11 16 35% 29853 1444 6040 301%
c ]  0.35  8 37 4 3  9 1 3825 2702 1.7 21 12 11 16 34% 29853 1444 6040 301%
c {  0.35  8 18 4 3  9 1 3825 2702 1.6 18 11 10 15 38% 29853 1444 6040 301%
c -  0.40  8 19 4 4 51 2 5149 3694 1.6 18 11 10 14 35% 29853 1444 6040 301%
c }  0.43  8 20 5 4 116 3 6178 4647 1.6 18 11 10 14 34% 29853 1444 6040 301%
c [  0.43  8 37 5 4 116 1 6178 4647 1.7 21 12 11 16 34% 29853 1444 6040 301%
c I  0.43  8 37 5 4 116 1 6178 4647 1.7 21 12 11 16 34% 29853 1444 6040 301%
c -  0.47  9 48 5 5 116 1 7150 4929 1.7 25 15 11 21 32% 29853 1444 6040 301%
c u  0.52 10 48 5 5 117 1 8039 5737 1.6 27 17 11 21 31% 29853 1444 6040 301%
c v  0.53 10 48 5 5 117 1 8039 5722 1.6 27 17 11 21 31% 29853 1444 6040 301%
c w  0.53 10 48 5 5 117 1 8039 5720 1.6 27 17 11 21 31% 29853 1444 6040 301%
c ]  0.55  9 47 6 5 118 1 8248 5909 1.6 27 18 11 21 30% 29853 1444 6040 301%
c {  0.55  9 20 6 5 118 3 8248 5909 1.6 18 11 10 14 34% 29853 1444 6040 301%
c -  0.59 10 25 6 6 169 3 9386 6065 1.7 18 11 10 14 33% 29853 1444 6040 301%
c o  0.62 10 27 6 6 194 3 10015 6665 1.8 19 11 10 14 33% 29853 1444 6040 301%
c -  0.71 10 33 6 7 443 5 11837 7613 1.8 20 11 10 14 32% 29853 1444 6040 301%
c }  0.73 10 34 7 7 450 5 12318 8063 1.8 20 11 10 14 32% 29853 1444 6040 301%
c
c  seconds  switched  rate        size/glue  tier1      binary        remaining
c         MB reductions conflicts       size    tier2      irredundant
c          level restarts    redundant     glue     trail        variables
c
c [  0.73 10 47 7 7 450 1 12318 8063 1.6 27 18 11 21 30% 29853 1444 6040 301%
c B  0.73 10 47 7 7 450 1 12318 8063 1.6 27 18 11 21 30% 29853 1444 6040 301%
c e  0.77 10 49 7 7 450 1 12996 8724 1.6 28 18 11 30 30% 27969 2925 5785 289%
c ^  0.77 10 49 7 7 450 1 12996 8724 1.6 28 18 11 30 30% 27969 2925 5785 289%
c -  0.84  8 43 7 8 452 1 14484 3112 1.7 27 16 11 27 31% 27969 2925 5785 289%
c ]  0.92  9 38 8 8 452 1 16230 4780 1.7 27 16 11 27 31% 27969 2925 5785 289%
c {  0.92  9 34 8 8 452 5 16230 4780 1.8 20 11 10 14 32% 27969 2925 5785 289%
c u  0.96  9 34 8 8 500 5 16486 5004 1.8 20 11 10 14 32% 27969 2925 5785 289%
c v  0.97  9 34 8 8 500 5 16486 4928 1.8 20 11 10 14 32% 27969 2925 5785 289%
c w  0.98  9 34 8 8 500 5 16486 4873 1.8 20 11 10 14 32% 27969 2925 5785 289%
c -  1.02  9 32 8 9 505 5 17312 5473 1.8 20 11 10 14 32% 27969 2925 5785 289%
c -  1.15  9 31 8 10 734 4 20314 7741 1.8 20 11 10 14 31% 27969 2925 5785 289%
c o  1.20  9 29 8 10 740 4 21533 8785 1.7 19 11 10 14 31% 27969 2925 5785 289%
c }  1.24  9 29 9 10 843 4 22389 9606 1.7 19 11 10 14 31% 27969 2925 5785 289%
c [  1.24  9 38 9 10 843 1 22389 9606 1.7 27 16 11 27 31% 27969 2925 5785 289%
c W  1.24  9 38 9 10 843 1 22389 9606 1.7 27 16 11 27 31% 27969 2925 5785 289%
c -  1.29  9 37 9 11 844 1 23476 9504 1.8 28 15 11 22 31% 27969 2925 5785 289%
c e  1.43 10 34 9 11 845 1 26081 11972 1.8 28 15 11 22 31% 27512 4188 4575 228%
c ^  1.44 10 34 9 11 845 1 26081 11972 1.8 28 15 11 22 31% 27512 4188 4575 228%
c -  1.47 10 33 9 12 846 1 26792 6842 1.8 27 15 10 19 32% 27512 4188 4575 228%
c
c  seconds   switched   rate        size/glue  tier1      binary        remaining
c         MB   reductions conflicts       size    tier2      irredundant
c          level   restarts    redundant     glue     trail        variables
c
c ]  1.53 10 31 10 12 847 1 28132 8048 1.8 27 15 10 19 32% 27512 4188 4575 228%
c {  1.53 10 29 10 12 847 4 28132 8048 1.7 19 11 10 14 31% 27512 4188 4575 228%
c u  1.56 10 29 10 12 847 4 28132 8006 1.7 19 11 10 14 31% 27512 4188 4575 228%
c v  1.58 10 29 10 12 847 4 28132 7776 1.7 19 11 10 14 31% 27512 4188 4575 228%
c w  1.59 10 29 10 12 847 4 28132 7665 1.7 19 11 10 14 31% 27512 4188 4575 228%
c f  1.69 10 29 10 12 847 4 28132 7665 1.7 19 11 10 14 31% 27379 4186 4620 231%
c u  1.70 10 29 10 12 847 4 28132 7625 1.7 19 11 10 14 31% 27379 4186 4620 231%
c v  1.72 10 29 10 12 847 4 28132 7614 1.7 19 11 10 14 31% 27379 4186 4620 231%
c w  1.73 10 29 10 12 847 4 28132 7349 1.7 19 11 10 14 31% 27379 4186 4620 231%
c x  1.74 10 29 10 12 847 4 28132 7349 1.7 19 11 10 14 31% 27379 4186 4620 231%
c -  1.83 11 28 10 13 975 4 30259 8640 1.7 19 11 10 14 31% 27379 4186 4620 231%
c -  1.98 11 27 10 14 1086 4 33864 10285 1.8 20 11 9 13 32% 27379 4186 4620 231%
c }  2.09 11 27 11 14 1199 4 36762 13087 1.8 20 11 9 13 32% 27379 4186 4620 231%
c [  2.09 11 31 11 14 1199 1 36762 13087 1.8 27 15 10 19 32% 27379 4186 4620 231%
c O  2.09 11 31 11 14 1199 1 36762 13087 1.8 27 15 10 19 32% 27379 4186 4620 231%
c -  2.13 11 30 11 15 1199 1 37605 12011 1.8 26 14 10 18 32% 27379 4186 4620 231%
c -  2.31 11 28 11 16 1202 1 41477 13622 1.8 25 14 10 17 33% 27379 4186 4620 231%
c u  2.42 13 27 11 16 1204 1 43104 14967 1.8 25 14 9 17 33% 27379 4186 4620 231%
c v  2.44 13 27 11 16 1204 1 43104 14854 1.8 25 14 9 17 33% 27379 4186 4620 231%
c w  2.45 13 27 11 16 1204 1 43104 13941 1.8 25 14 9 17 33% 27379 4186 4620 231%
c
c  seconds   switched    rate         size/glue  tier1     binary        remaining
c         MB   reductions  conflicts        size   tier2      irredundant
c          level    restarts     redundant     glue    trail        variables
c
c o  2.46 13 27 11 16 1204 1 43104 13941 1.8 25 14 9 17 33% 27379 4186 4620 231%
c ]  2.52 12 35 12 16 1204 1 44613 15427 1.7 25 15 9 17 34% 27379 4186 4620 231%
c {  2.52 12 27 12 16 1204 4 44613 15427 1.8 20 11 9 13 32% 27379 4186 4620 231%
c -  2.56 13 27 12 17 1233 4 45477 13594 1.8 20 11 9 13 32% 27379 4186 4620 231%
c -  2.74 13 26 12 18 1467 4 49600 15214 1.8 20 11 9 13 33% 27379 4186 4620 231%
c -  2.92 14 25 12 19 1656 4 53842 17215 1.8 20 11 9 13 33% 27379 4186 4620 231%
c e  2.96 12 25 12 19 1729 4 54395 17746 1.8 20 11 9 13 33% 27614 4753 4123 206%
c ^  2.96 12 25 12 19 1729 4 54395 17746 1.8 20 11 9 13 33% 27614 4753 4123 206%
c }  3.04 13 26 13 19 1860 4 56093 16071 1.8 20 11 9 13 33% 27614 4753 4123 206%
c [  3.04 13 35 13 19 1860 1 56093 16071 1.7 25 15 9 17 34% 27614 4753 4123 206%
c B  3.04 13 35 13 19 1860 1 56093 16071 1.7 25 15 9 17 34% 27614 4753 4123 206%
c -  3.12 13 38 13 20 1862 1 58200 15560 1.7 26 15 10 19 34% 27614 4753 4123 206%
c u  3.32 14 39 13 20 1864 1 61525 18641 1.6 26 16 10 19 34% 27614 4753 4123 206%
c v  3.35 14 39 13 20 1864 1 61525 18571 1.6 26 16 10 19 34% 27614 4753 4123 206%
c w  3.36 15 39 13 20 1864 1 61525 18468 1.6 26 16 10 19 34% 27614 4753 4123 206%
c f  3.38 12 39 13 20 1864 1 61525 18468 1.6 26 16 10 19 34% 27614 4738 4126 206%
c u  3.42 13 39 13 20 1864 1 61525 18244 1.6 26 16 10 19 34% 27614 4738 4126 206%
c v  3.45 16 39 13 20 1864 1 61525 18079 1.6 26 16 10 19 34% 27614 4738 4126 206%
c w  3.47 16 39 13 20 1864 1 61525 18048 1.6 26 16 10 19 34% 27614 4738 4126 206%
c -  3.62 14 39 13 21 1865 1 62673 16634 1.6 26 16 10 21 34% 27614 4738 4126 206%
c
c  seconds   switched    rate         size/glue  tier1      binary        remaining
c         MB   reductions  conflicts        size    tier2      irredundant
c          level    restarts     redundant     glue     trail        variables
c
c -  3.83 15 36 13 22 1866 1 67256 18539 1.6 26 16 10 20 35% 27614 4738 4126 206%
c ]  3.84 15 36 14 22 1866 1 67364 18647 1.6 26 16 10 20 35% 27614 4738 4126 206%
c {  3.84 15 26 14 22 1866 4 67364 18647 1.8 20 11 9 13 33% 27614 4738 4126 206%
c -  4.05 15 26 14 23 2265 4 71947 20789 1.8 20 11 9 13 34% 27614 4738 4126 206%
c o  4.12 15 26 14 23 2307 4 73460 22273 1.8 20 11 9 13 34% 27614 4738 4126 206%
c -  4.26 16 25 14 24 2415 4 76742 22255 1.8 20 11 9 13 34% 27614 4738 4126 206%
c -  4.48 16 25 14 25 2577 4 81642 23725 1.8 20 11 9 13 34% 27614 4738 4126 206%
c }  4.50 15 25 15 25 2604 4 82080 24145 1.8 20 11 9 13 34% 27614 4738 4126 206%
c [  4.50 15 36 15 25 2604 1 82080 24145 1.6 26 16 10 20 35% 27614 4738 4126 206%
c W  4.51 13 36 15 25 2604 1 82080 24145 1.6 26 16 10 20 35% 27614 4738 4126 206%
c u  4.61 16 36 15 25 2605 1 83487 25368 1.6 26 16 10 20 35% 27614 4738 4126 206%
c v  4.64 16 36 15 25 2605 1 83487 25321 1.6 26 16 10 20 35% 27614 4738 4126 206%
c w  4.65 16 36 15 25 2605 1 83487 25278 1.6 26 16 10 20 35% 27614 4738 4126 206%
c x  4.67 16 36 15 25 2605 1 83487 25273 1.6 26 16 10 20 35% 27614 4738 4126 206%
c -  4.83 15 34 15 26 2607 1 86644 25043 1.6 25 16 10 19 36% 27614 4738 4126 206%
c -  5.08 16 32 15 27 2610 1 91743 26924 1.6 25 15 10 19 36% 27614 4738 4126 206%
c ]  5.26 17 31 16 27 2611 1 95326 30187 1.6 25 15 10 19 37% 27614 4738 4126 206%
c {  5.26 17 25 16 27 2611 4 95326 30187 1.8 20 11 9 13 34% 27614 4738 4126 206%
c -  5.35 16 25 16 28 2754 4 96941 28424 1.8 20 11 9 13 34% 27614 4738 4126 206%
c e  5.51 14 25 16 28 2865 4 99929 31278 1.8 20 11 9 13 34% 28845 5859 3402 170%
c
c  seconds   switched    rate         size/glue  tier1     binary        remaining
c         MB   reductions  conflicts        size   tier2      irredundant
c          level    restarts     redundant     glue    trail        variables
c
c ^  5.51 14 25 16 28 2865 4 99929 31278 1.8 20 11 9 13 34% 28845 5859 3402 170%
c -  5.62 16 24 16 29 2940 4 102233 22611 1.8 20 11 9 13 35% 28845 5859 3402 170%
c -  5.84 16 23 16 30 3054 3 107618 24714 1.8 19 11 9 13 35% 28845 5859 3402 170%
c u  5.97 17 23 16 30 3147 3 109151 25887 1.8 19 11 9 13 36% 28845 5859 3402 170%
c v  6.01 17 23 16 30 3147 3 109151 25604 1.8 19 11 9 13 36% 28845 5859 3402 170%
c w  6.02 17 23 16 30 3147 3 109151 25507 1.8 19 11 9 13 36% 28845 5859 3402 170%
c f  6.05 17 23 16 30 3147 3 109151 25507 1.8 19 11 9 13 36% 28836 5859 3403 170%
c u  6.11 17 23 16 30 3147 3 109151 25192 1.8 19 11 9 13 36% 28836 5859 3403 170%
c v  6.15 18 23 16 30 3147 3 109151 24616 1.8 19 11 9 13 36% 28836 5859 3403 170%
c w  6.16 18 23 16 30 3147 3 109151 24580 1.8 19 11 9 13 36% 28836 5859 3403 170%
c -  6.35 16 23 16 31 3294 3 113095 26240 1.8 19 11 9 13 36% 28836 5859 3403 170%
c o  6.37 16 23 16 31 3315 3 113521 26649 1.8 19 11 9 13 36% 28836 5859 3403 170%
c }  6.37 16 23 17 31 3329 3 113663 26778 1.8 19 11 9 13 36% 28836 5859 3403 170%
c [  6.37 16 31 17 31 3329 1 113663 26778 1.6 25 15 10 19 37% 28836 5859 3403 170%
c I  6.37 16 31 17 31 3329 1 113663 26778 1.6 25 15 10 19 37% 28836 5859 3403 170%
c -  6.60 17 32 17 32 3332 1 118665 28443 1.7 26 15 10 19 37% 28836 5859 3403 170%
c -  6.87 17 31 17 33 3335 1 124321 30491 1.7 26 15 10 19 38% 28836 5859 3403 170%
c ]  7.17 17 30 18 33 3338 1 129782 35790 1.7 25 15 10 19 38% 28836 5859 3403 170%
c {  7.17 17 23 18 33 3338 3 129782 35790 1.8 19 11 9 13 36% 28836 5859 3403 170%
c -  7.19 17 23 18 34 3338 3 130065 32880 1.8 19 11 9 13 36% 28836 5859 3403 170%
c
c  seconds   switched    rate          size/glue  tier1     binary        remaining
c         MB   reductions  conflicts         size   tier2      irredundant
c          level    restarts      redundant     glue    trail        variables
c
c -  7.45 17 22 18 35 3351 3 135896 34973 1.8 19 11 9 13 37% 28836 5859 3403 170%
c u  7.64 18 22 18 35 3360 3 138450 37322 1.8 19 11 9 13 37% 28836 5859 3403 170%
c v  7.70 18 22 18 35 3360 3 138450 37281 1.8 19 11 9 13 37% 28836 5859 3403 170%
c w  7.72 19 22 18 35 3360 3 138450 37197 1.8 19 11 9 13 37% 28836 5859 3403 170%
c -  7.90 17 21 18 36 3384 3 141812 36082 1.8 19 11 9 13 37% 28836 5859 3403 170%
c -  8.17 18 20 18 37 3384 3 147812 37500 1.8 19 11 9 13 38% 28836 5859 3403 170%
c }  8.38 18 20 19 37 3395 3 152129 41238 1.8 19 11 9 13 38% 28836 5859 3403 170%
c [  8.38 18 30 19 37 3395 1 152129 41238 1.7 25 15 10 19 38% 28836 5859 3403 170%
c B  8.38 18 30 19 37 3395 1 152129 41238 1.7 25 15 10 19 38% 28836 5859 3403 170%
c -  8.47 18 30 19 38 3396 1 153895 39035 1.7 26 15 10 18 39% 28836 5859 3403 170%
c -  8.81 18 30 19 39 3400 1 160059 40740 1.8 26 15 9 18 39% 28836 5859 3403 170%
c e  9.10 16 30 19 39 3401 1 164311 44890 1.8 27 15 9 18 39% 30987 7300 2841 142%
c ^  9.10 16 30 19 39 3401 1 164311 44890 1.8 27 15 9 18 39% 30987 7300 2841 142%
c o  9.11 17 30 19 39 3401 1 164311 28902 1.8 27 15 9 18 39% 30987 7300 2841 142%
c -  9.19 17 30 19 40 3403 1 166304 28274 1.8 27 15 9 18 39% 30987 7300 2841 142%
c u  9.50 17 29 19 40 3407 1 171615 33125 1.8 27 15 9 18 40% 30987 7300 2841 142%
c v  9.56 17 29 19 40 3407 1 171615 32843 1.8 27 15 9 18 40% 30987 7300 2841 142%
c w  9.59 22 29 19 40 3407 1 171615 32837 1.8 27 15 9 18 40% 30987 7300 2841 142%
c ]  9.93 19 29 20 40 3407 1 172536 33725 1.8 27 15 9 18 40% 30987 7300 2841 142%
c {  9.93 19 20 20 40 3407 3 172536 33725 1.8 19 11 9 13 38% 30987 7300 2841 142%
c
c  seconds   switched    rate          size/glue  tier1     binary        remaining
c         MB   reductions  conflicts         size   tier2      irredundant
c          level    restarts      redundant     glue    trail        variables
c
c -  9.94 20 20 20 41 3420 3 172628 31781 1.8 19 11 9 13 38% 30987 7300 2841 142%
c - 10.23 21 20 20 42 3772 3 179032 35205 1.7 19 11 9 13 39% 30987 7300 2841 142%
c - 10.54 20 20 20 43 4212 3 185513 37573 1.8 19 11 9 13 39% 30987 7300 2841 142%
c - 10.86 21 20 20 44 4525 3 192071 39764 1.8 19 11 9 13 40% 30987 7300 2841 142%
c - 11.17 21 20 20 45 4781 3 198705 41832 1.8 19 11 9 13 40% 30987 7300 2841 142%
c } 11.20 20 20 21 45 4818 3 199275 42365 1.8 19 11 9 13 40% 30987 7300 2841 142%
c [ 11.20 20 29 21 45 4818 1 199275 42365 1.8 27 15 9 18 40% 30987 7300 2841 142%
c W 11.21 17 29 21 45 4818 1 199275 42365 1.8 27 15 9 18 40% 30987 7300 2841 142%
c - 11.50 17 29 21 46 4822 1 205415 43907 1.8 26 15 9 18 41% 30987 7300 2841 142%
c u 11.72 22 28 21 46 4824 1 208509 46673 1.8 26 15 9 18 41% 30987 7300 2841 142%
c v 11.77 24 28 21 46 4824 1 208509 45968 1.8 26 15 9 18 41% 30987 7300 2841 142%
c w 11.79 24 28 21 46 4824 1 208509 44642 1.8 26 15 9 18 41% 30987 7300 2841 142%
c - 12.02 20 28 21 47 4825 1 212197 44240 1.8 26 15 10 18 42% 30987 7300 2841 142%
c - 12.37 21 27 21 48 4830 1 219053 46935 1.8 25 14 10 18 42% 30987 7300 2841 142%
c O 12.59 22 27 21 48 4831 1 223500 51133 1.8 25 14 10 18 43% 30987 7300 2841 142%
c ] 12.63 22 27 22 48 4832 1 224118 51678 1.8 25 14 10 18 43% 30987 7300 2841 142%
c { 12.63 22 20 22 48 4832 3 224118 51678 1.8 19 11 9 13 40% 30987 7300 2841 142%
c o 12.66 21 20 22 48 4887 3 224314 51874 1.8 19 11 9 13 40% 30987 7300 2841 142%
c - 12.84 22 21 22 49 5339 3 225982 48355 1.8 19 11 9 13 40% 30987 7300 2841 142%
c - 13.52 23 24 22 50 7241 4 232983 48908 1.8 20 11 9 13 41% 30987 7300 2841 142%
c
c  seconds   switched    rate          size/glue  tier1     binary        remaining
c         MB   reductions  conflicts         size   tier2      irredundant
c          level    restarts      redundant     glue    trail        variables
c
c - 14.25 24 27 22 51 9125 5 240054 49455 1.8 20 11 9 13 41% 30987 7300 2841 142%
c - 14.93 24 30 22 52 10455 6 247196 50652 1.8 21 12 9 13 42% 30987 7300 2841 142%
c e 15.13 21 30 22 52 10749 6 248979 52426 1.8 21 12 9 13 42% 33982 9584 2412 120%
c ! 15.14 21 30 22 52 10749 6 248979 52426 1.8 21 12 9 13 42% 33982 9584 2412 120%
c u 15.31 24 31 22 52 10839 6 249400 29423 1.8 21 12 9 13 42% 33982 9584 2412 120%
c v 15.42 24 31 22 52 10839 6 249400 29269 1.8 21 12 9 13 42% 33982 9584 2412 120%
c w 15.46 24 31 22 52 10839 6 249400 29257 1.8 21 12 9 13 42% 33982 9584 2412 120%
c f 15.52 20 31 22 52 10839 6 249400 29257 1.8 21 12 9 13 42% 33253 9380 2464 123%
c u 15.65 23 31 22 52 10839 6 249400 28700 1.8 21 12 9 13 42% 33253 9380 2464 123%
c v 15.76 23 31 22 52 10839 6 249400 28446 1.8 21 12 9 13 42% 33253 9380 2464 123%
c w 15.80 23 31 22 52 10839 6 249400 28426 1.8 21 12 9 13 42% 33253 9380 2464 123%
c - 16.23 23 32 22 53 11840 7 254407 30019 1.8 21 12 9 13 42% 33253 9380 2464 123%
c } 16.34 23 32 23 53 12107 7 255634 31240 1.8 21 12 9 13 42% 33253 9380 2464 123%
c [ 16.34 23 27 23 53 12107 1 255634 31240 1.8 25 14 10 18 43% 33253 9380 2464 123%
c B 16.34 23 27 23 53 12107 1 255634 31240 1.8 25 14 10 18 43% 33253 9380 2464 123%
c - 16.64 23 27 23 54 12111 1 261687 34149 1.8 26 14 10 18 43% 33253 9380 2464 123%
c - 17.03 24 26 23 55 12115 1 269038 37312 1.9 26 14 9 17 44% 33253 9380 2464 123%
c - 17.45 23 26 23 56 12120 1 276454 39862 1.9 26 14 9 17 44% 33253 9380 2464 123%
c - 17.90 24 25 23 57 12121 1 283938 42641 1.9 26 14 9 17 45% 33253 9380 2464 123%
c W 18.10 20 25 23 57 12121 1 287087 45673 1.9 26 14 9 17 45% 33253 9380 2464 123%
c
c  seconds   switched     rate          size/glue  tier1     binary        remaining
c         MB   reductions   conflicts         size   tier2      irredundant
c          level    restarts       redundant     glue    trail        variables
c
c - 18.38 20 25 23 58 12124 1 291488 44956 1.9 26 14 9 17 45% 33253 9380 2464 123%
c u 18.66 25 25 23 58 12126 1 294103 47237 1.9 26 14 9 17 45% 33253 9380 2464 123%
c v 18.78 25 25 23 58 12126 1 294103 47058 1.9 26 14 9 17 45% 33253 9380 2464 123%
c w 18.82 25 25 23 58 12126 1 294103 46648 1.9 26 14 9 17 45% 33253 9380 2464 123%
c - 19.15 25 25 23 59 12128 1 299104 46139 1.9 26 13 9 17 45% 33253 9380 2464 123%
c - 19.61 25 24 23 60 12133 1 306786 48038 1.9 26 13 9 17 46% 33253 9380 2464 123%
c ] 19.66 25 24 24 60 12134 1 307585 48808 1.9 26 13 9 17 46% 33253 9380 2464 123%
c { 19.66 25 32 24 60 12134 7 307585 48808 1.8 21 12 9 13 42% 33253 9380 2464 123%
c o 19.66 25 32 24 60 12148 7 307648 48867 1.8 21 12 9 13 42% 33253 9380 2464 123%
c - 20.05 25 31 24 61 12219 6 314531 49648 1.8 21 12 9 13 43% 33253 9380 2464 123%
c - 20.46 25 30 24 62 12348 6 322342 51470 1.8 21 12 9 13 43% 33253 9380 2464 123%
c - 20.84 25 29 24 63 12411 5 330216 53688 1.8 21 12 9 13 44% 33253 9380 2464 123%
c - 21.23 25 28 24 64 12434 5 338153 55939 1.8 21 12 9 13 44% 33253 9380 2464 123%
c u 21.59 25 27 24 64 12473 5 342929 60020 1.8 20 12 9 13 45% 33253 9380 2464 123%
c v 21.69 25 27 24 64 12473 5 342929 59176 1.8 20 12 9 13 45% 33253 9380 2464 123%
c w 21.73 25 27 24 64 12473 5 342929 58903 1.8 20 12 9 13 45% 33253 9380 2464 123%
c } 21.81 25 27 25 64 12477 5 344263 60208 1.8 20 11 9 13 45% 33253 9380 2464 123%
c [ 21.81 25 24 25 64 12477 1 344263 60208 1.9 26 13 9 17 46% 33253 9380 2464 123%
c I 21.81 25 24 25 64 12477 1 344263 60208 1.9 26 13 9 17 46% 33253 9380 2464 123%
c - 21.92 25 25 25 65 12478 1 346155 56761 1.9 26 13 9 17 46% 33253 9380 2464 123%
c
c  seconds   switched     rate          size/glue  tier1     binary        remaining
c         MB   reductions   conflicts         size   tier2      irredundant
c          level    restarts       redundant     glue    trail        variables
c
c - 22.35 25 25 25 66 12483 1 354217 59412 1.9 26 14 9 17 46% 33253 9380 2464 123%
c e 22.41 25 25 25 66 12483 1 355134 60259 1.9 26 13 9 17 46% 33347 9397 2456 123%
c - 22.82 29 24 25 67 12488 1 362343 61654 1.9 26 13 9 17 46% 33347 9397 2456 123%
c - 23.30 29 23 25 68 12491 1 370528 63426 1.9 25 13 9 17 46% 33347 9397 2456 123%
c ] 23.64 29 23 26 68 12491 1 376445 69063 1.9 25 13 9 17 47% 33347 9397 2456 123%
c { 23.64 29 27 26 68 12491 5 376445 69063 1.8 20 11 9 13 45% 33347 9397 2456 123%
c - 23.78 29 27 26 69 12517 5 378774 65283 1.8 20 11 9 13 45% 33347 9397 2456 123%
c - 24.23 29 26 26 70 12586 4 387081 67821 1.8 20 11 9 13 45% 33347 9397 2456 123%
c o 24.28 29 26 26 70 12603 4 387900 68600 1.8 20 11 9 13 45% 33347 9397 2456 123%
c - 24.71 29 25 26 71 12745 4 395447 70497 1.8 20 11 9 13 45% 33347 9397 2456 123%
c u 24.90 29 25 26 71 12763 4 395956 70736 1.8 20 11 9 13 45% 33347 9397 2456 123%
c v 25.02 29 25 26 71 12763 4 395956 69687 1.8 20 11 9 13 45% 33347 9397 2456 123%
c w 25.06 29 25 26 71 12763 4 395956 69484 1.8 20 11 9 13 45% 33347 9397 2456 123%
c f 25.55 29 25 26 71 12763 4 395956 69484 1.8 20 11 9 13 45% 33298 9395 2459 123%
c u 25.68 29 25 26 71 12763 4 395956 69464 1.8 20 11 9 13 45% 33298 9395 2459 123%
c v 25.76 29 25 26 71 12763 4 395956 69396 1.8 20 11 9 13 45% 33298 9395 2459 123%
c w 25.79 29 25 26 71 12763 4 395956 69361 1.8 20 11 9 13 45% 33298 9395 2459 123%
c - 26.31 30 25 26 72 12884 4 403873 72653 1.8 20 11 9 13 46% 33298 9395 2459 123%
c - 26.81 30 24 26 73 13050 4 412359 75252 1.8 20 11 9 13 46% 33298 9395 2459 123%
c } 27.18 30 24 27 73 13085 4 418663 81004 1.8 20 11 9 13 46% 33298 9395 2459 123%
c
c  seconds   switched     rate          size/glue  tier1     binary        remaining
c         MB   reductions   conflicts         size   tier2      irredundant
c          level    restarts       redundant     glue    trail        variables
c
c [ 27.18 30 23 27 73 13085 1 418663 81004 1.9 25 13 9 17 47% 33298 9395 2459 123%
c B 27.18 30 23 27 73 13085 1 418663 81004 1.9 25 13 9 17 47% 33298 9395 2459 123%
c - 27.32 31 24 27 74 13087 1 420903 76424 1.9 26 13 9 17 47% 33298 9395 2459 123%
c - 27.81 31 25 27 75 13091 1 429505 76675 1.9 26 14 9 17 47% 33298 9395 2459 123%
c - 28.33 31 24 27 76 13097 1 438167 78242 1.9 25 13 9 17 47% 33298 9395 2459 123%
c - 28.89 31 24 27 77 13099 1 446885 80643 1.9 25 13 9 17 47% 33298 9395 2459 123%
c u 29.48 40 23 27 77 13101 1 453231 86284 1.9 25 13 9 17 47% 33298 9395 2459 123%
c v 29.61 40 23 27 77 13101 1 453231 83275 1.9 25 13 9 17 47% 33298 9395 2459 123%
c w 29.67 42 23 27 77 13101 1 453231 83265 1.9 25 13 9 17 47% 33298 9395 2459 123%
c - 29.88 36 23 27 78 13103 1 455662 79419 1.9 25 13 9 17 47% 33298 9395 2459 123%
c ] 29.89 36 23 28 78 13103 1 455784 79521 1.9 25 13 9 17 47% 33298 9395 2459 123%
c { 29.89 36 24 28 78 13103 4 455784 79521 1.8 20 11 9 13 46% 33298 9395 2459 123%
c - 30.44 38 23 28 79 13365 4 464494 82094 1.8 20 11 9 13 46% 33298 9395 2459 123%
c - 31.02 38 23 28 80 13549 3 473382 84624 1.8 20 11 9 13 47% 33298 9395 2459 123%
c o 31.44 38 23 28 80 13663 3 480736 91660 1.8 20 11 9 13 47% 33298 9395 2459 123%
c - 31.55 38 23 28 81 13702 3 482327 87429 1.8 19 11 9 13 47% 33298 9395 2459 123%
c - 32.11 38 22 28 82 13892 3 491328 90127 1.8 19 11 9 13 47% 33298 9395 2459 123%
c - 32.68 39 22 28 83 14172 3 500383 93235 1.8 19 11 9 13 47% 33298 9395 2459 123%
c } 32.92 39 22 29 83 14261 3 503922 96577 1.8 19 11 9 13 47% 33298 9395 2459 123%
c [ 32.92 39 23 29 83 14261 1 503922 96577 1.9 25 13 9 17 47% 33298 9395 2459 123%
c
c  seconds   switched     rate          size/glue  tier1     binary        remaining
c         MB   reductions   conflicts         size   tier2      irredundant
c          level    restarts       redundant     glue    trail        variables
c
c W 32.94 32 23 29 83 14261 1 503922 96577 1.9 25 13 9 17 47% 33298 9395 2459 123%
c - 33.28 32 24 29 84 14265 1 509493 95902 1.9 25 13 9 17 48% 33298 9395 2459 123%
c u 33.82 43 23 29 84 14267 1 514834 100838 1.8 24 13 9 17 48% 33298 9395 2459 123%
c v 33.98 45 23 29 84 14267 1 514834 100280 1.8 24 13 9 17 48% 33298 9395 2459 123%
c w 34.03 45 23 29 84 14267 1 514834 99665 1.8 24 13 9 17 48% 33298 9395 2459 123%
c - 34.31 41 23 29 85 14270 1 518659 95739 1.8 24 13 9 16 48% 33298 9395 2459 123%
c - 34.90 41 22 29 86 14274 1 527880 96635 1.8 24 13 9 16 48% 33298 9395 2459 123%
c - 35.50 41 22 29 87 14276 1 537154 98225 1.8 23 13 9 16 48% 33298 9395 2459 123%
c - 36.16 42 21 29 88 14282 1 546483 100384 1.8 23 12 9 16 48% 33298 9395 2459 123%
c ] 36.34 41 21 30 88 14283 1 549173 102986 1.8 23 12 9 16 48% 33298 9395 2459 123%
c { 36.34 41 22 30 88 14283 3 549173 102986 1.8 19 11 9 13 47% 33298 9395 2459 123%
c - 36.80 42 22 30 89 14476 3 555864 102457 1.8 19 11 9 13 47% 33298 9395 2459 123%
c - 37.42 42 21 30 90 14761 3 565298 105037 1.8 19 11 9 13 47% 33298 9395 2459 123%
c - 38.00 41 21 30 91 14853 3 574784 106857 1.8 19 11 9 13 47% 33298 9395 2459 123%
c o 38.37 42 21 30 91 15056 3 580748 112376 1.8 19 11 9 13 47% 33298 9395 2459 123%
c u 38.61 47 21 30 91 15070 3 580818 105506 1.8 19 11 9 13 47% 33298 9395 2459 123%
c v 38.80 47 21 30 91 15070 3 580818 103517 1.8 19 11 9 13 47% 33298 9395 2459 123%
c w 38.86 47 21 30 91 15070 3 580818 103360 1.8 19 11 9 13 47% 33298 9395 2459 123%
c - 39.11 41 21 30 92 15167 3 584324 99580 1.8 19 11 9 13 48% 33298 9395 2459 123%
c - 39.73 42 21 30 93 15548 3 593915 103614 1.8 19 11 9 13 48% 33298 9395 2459 123%
c
c  seconds   switched     rate           size/glue  tier1     binary        remaining
c         MB   reductions   conflicts          size   tier2      irredundant
c          level    restarts       redundant      glue    trail        variables
c
c - 40.36 41 21 30 94 15907 3 603560 105838 1.8 19 11 9 13 48% 33298 9395 2459 123%
c } 40.36 41 21 31 94 15907 3 603607 105878 1.8 19 11 9 13 48% 33298 9395 2459 123%
c [ 40.36 41 21 31 94 15907 1 603607 105878 1.8 23 12 9 16 48% 33298 9395 2459 123%
c O 40.36 41 21 31 94 15907 1 603607 105878 1.8 23 12 9 16 48% 33298 9395 2459 123%
c - 41.00 42 21 31 95 15913 1 613256 106482 1.8 23 12 9 16 48% 33298 9395 2459 123%
c - 41.70 41 20 31 96 15919 1 623005 107474 1.8 22 12 9 16 48% 33298 9395 2459 123%
c - 42.42 42 20 31 97 15921 1 632802 108457 1.8 22 12 9 16 48% 33298 9395 2459 123%
c - 43.16 42 20 31 98 15927 1 642650 109355 1.8 22 12 8 16 49% 33298 9395 2459 123%
c ] 43.73 43 20 32 98 15930 1 649849 116004 1.8 22 12 8 16 49% 33298 9395 2459 123%
c { 43.73 43 21 32 98 15930 3 649849 116004 1.8 19 11 9 13 48% 33298 9395 2459 123%
c u 44.09 47 20 32 98 15934 3 651233 116725 1.8 19 11 9 13 48% 33298 9395 2459 123%
c v 44.29 47 20 32 98 15934 3 651233 113463 1.8 19 11 9 13 48% 33298 9395 2459 123%
c w 44.36 47 20 32 98 15934 3 651233 112174 1.8 19 11 9 13 48% 33298 9395 2459 123%
c - 44.50 41 20 32 99 15989 3 652550 105746 1.8 19 11 9 13 48% 33298 9395 2459 123%
c - 45.15 42 20 32 100 16308 3 662502 106919 1.8 19 11 9 13 48% 33298 9395 2459 123%
c - 45.80 43 20 32 101 16650 3 672503 107850 1.8 19 11 9 13 48% 33298 9395 2459 123%
c - 46.48 42 20 32 102 17079 3 682554 109096 1.8 19 11 9 13 48% 33298 9395 2459 123%
c o 47.01 42 20 32 102 17203 3 691372 117260 1.8 19 11 9 13 48% 33298 9395 2459 123%
c - 47.11 42 20 32 103 17226 3 692653 110525 1.8 19 11 9 13 48% 33298 9395 2459 123%
c - 47.79 42 20 32 104 17658 3 702802 112110 1.8 19 11 9 13 48% 33298 9395 2459 123%
c
c  seconds   switched      rate           size/glue  tier1     binary        remaining
c         MB   reductions    conflicts          size   tier2      irredundant
c          level     restarts       redundant      glue    trail        variables
c
c } 48.29 42 19 33 104 17901 3 710953 119491 1.8 18 10 9 13 48% 33298 9395 2459 123%
c [ 48.29 42 20 33 104 17901 1 710953 119491 1.8 22 12 8 16 49% 33298 9395 2459 123%
c B 48.29 42 20 33 104 17901 1 710953 119491 1.8 22 12 8 16 49% 33298 9395 2459 123%
c - 48.46 43 20 33 105 17902 1 713002 113659 1.8 22 12 8 16 49% 33298 9395 2459 123%
c - 49.19 41 19 33 106 17907 1 723248 116244 1.8 22 12 8 16 49% 33298 9395 2459 123%
c u 49.66 47 19 33 106 17910 1 726130 116926 1.8 22 12 8 16 49% 33298 9395 2459 123%
c v 49.86 47 19 33 106 17910 1 726130 112969 1.8 22 12 8 16 49% 33298 9395 2459 123%
c w 49.93 47 19 33 106 17910 1 726130 111558 1.8 22 12 8 16 49% 33298 9395 2459 123%
c - 50.50 41 19 33 107 17914 1 733543 112516 1.8 22 12 8 15 49% 33298 9395 2459 123%
c - 51.38 41 19 33 108 17916 1 743887 117886 1.8 22 12 8 15 49% 33298 9395 2459 123%
c - 52.28 43 18 33 109 17922 1 754279 120587 1.8 21 12 8 15 49% 33298 9395 2459 123%
c ] 52.72 45 19 34 109 17925 1 759735 125739 1.8 21 12 8 15 49% 33298 9395 2459 123%
c { 52.72 45 19 34 109 17925 3 759735 125739 1.8 18 10 9 13 48% 33298 9395 2459 123%
c - 53.08 43 19 34 110 17940 2 764721 121730 1.8 18 10 9 13 48% 33298 9395 2459 123%
c - 53.72 41 18 34 111 17948 2 775209 122494 1.7 18 10 9 13 48% 33298 9395 2459 123%
c - 54.36 42 18 34 112 17955 2 785746 121901 1.7 18 10 9 13 48% 33298 9395 2459 123%
c - 55.01 43 17 34 113 17960 2 796331 98475 1.7 17 10 8 12 48% 33298 9395 2459 123%
c u 55.87 45 16 34 113 17961 2 805563 102455 1.7 17 10 8 12 49% 33298 9395 2459 123%
c v 56.08 45 16 34 113 17961 2 805563 95464 1.7 17 10 8 12 49% 33298 9395 2459 123%
c w 56.13 45 16 34 113 17961 2 805563 95214 1.7 17 10 8 12 49% 33298 9395 2459 123%
c
c  seconds   switched      rate          size/glue  tier1     binary        remaining
c         MB   reductions    conflicts         size   tier2      irredundant
c          level     restarts       redundant     glue    trail        variables
c
c - 56.27 41 16 34 114 17967 2 806961 83839 1.7 17 10 8 12 49% 33298 9395 2459 123%
c o 56.55 41 16 34 114 17970 2 811845 88013 1.7 17 10 8 12 49% 33298 9395 2459 123%
c - 56.88 41 16 34 115 17978 2 817640 86758 1.7 17 10 8 12 49% 33298 9395 2459 123%
c } 57.46 41 15 35 115 17990 2 827881 95350 1.7 17 10 8 12 49% 33298 9395 2459 123%
c [ 57.46 41 19 35 115 17990 1 827881 95350 1.8 21 12 8 15 49% 33298 9395 2459 123%
c W 57.60 34 19 35 115 17990 1 827881 95350 1.8 21 12 8 15 49% 33298 9395 2459 123%
c - 57.65 34 19 35 116 17990 1 828363 91526 1.8 21 12 8 15 49% 33298 9395 2459 123%
c - 58.35 34 19 35 117 17996 1 839133 94830 1.8 21 12 8 15 49% 33298 9395 2459 123%
c - 59.12 34 18 35 118 18003 1 849949 98062 1.8 21 12 8 15 49% 33298 9395 2459 123%
c - 59.86 34 19 35 119 18005 1 860811 98077 1.8 21 12 8 15 49% 33298 9395 2459 123%
c - 60.65 34 19 35 120 18011 1 871720 97084 1.8 21 12 8 15 49% 33298 9395 2459 123%
c - 61.43 34 19 35 121 18018 1 882674 96208 1.8 22 12 8 15 49% 33298 9395 2459 123%
c ] 61.77 34 19 36 121 18019 1 886842 100177 1.8 22 12 8 15 49% 33298 9395 2459 123%
c { 61.77 34 15 36 121 18019 2 886842 100177 1.7 17 10 8 12 49% 33298 9395 2459 123%
c u 62.20 45 16 36 121 18354 2 889579 102107 1.7 17 10 8 12 49% 33298 9395 2459 123%
c v 62.36 45 16 36 121 18354 2 889579 99223 1.7 17 10 8 12 49% 33298 9395 2459 123%
c w 62.42 45 16 36 121 18354 2 889579 96711 1.7 17 10 8 12 49% 33298 9395 2459 123%
c - 62.88 41 16 36 122 18835 2 893674 92006 1.7 17 10 8 12 49% 33298 9395 2459 123%
c - 63.70 41 16 36 123 20000 2 904720 93641 1.7 17 10 8 12 49% 33298 9395 2459 123%
c - 64.49 41 17 36 124 21005 2 915811 94010 1.7 17 10 8 12 49% 33298 9395 2459 123%
c
c  seconds   switched      rate          size/glue  tier1     binary        remaining
c         MB   reductions    conflicts         size   tier2      irredundant
c          level     restarts       redundant     glue    trail        variables
c
c - 65.30 41 17 36 125 21955 2 926947 94142 1.7 17 10 8 12 49% 33298 9395 2459 123%
c - 66.11 41 18 36 126 22834 3 938127 95250 1.7 17 10 8 12 49% 33298 9395 2459 123%
c o 66.46 41 18 36 126 23209 3 943506 100314 1.7 17 10 8 12 49% 33298 9395 2459 123%
c - 66.89 42 18 36 127 23581 3 949353 96504 1.7 17 10 8 12 49% 33298 9395 2459 123%
c - 67.63 41 18 36 128 24150 3 960622 98018 1.7 17 10 8 12 49% 33298 9395 2459 123%
c } 67.76 42 18 37 128 24251 3 962400 99684 1.7 17 10 8 12 49% 33298 9395 2459 123%
c [ 67.76 42 19 37 128 24251 1 962400 99684 1.8 22 12 8 15 49% 33298 9395 2459 123%
c I 67.76 42 19 37 128 24251 1 962400 99684 1.8 22 12 8 15 49% 33298 9395 2459 123%
c - 68.35 42 21 37 129 24257 1 971936 97355 1.8 23 13 8 15 49% 33298 9395 2459 123%
c u 69.06 45 21 37 129 24260 1 978231 99353 1.8 23 13 8 15 49% 33298 9395 2459 123%
c v 69.30 45 21 37 129 24260 1 978231 99150 1.8 23 13 8 15 49% 33298 9395 2459 123%
c w 69.38 45 21 37 129 24260 1 978231 99074 1.8 23 13 8 15 49% 33298 9395 2459 123%
c - 69.80 41 21 37 130 24264 1 983296 92996 1.8 23 13 8 15 50% 33298 9395 2459 123%
c - 70.58 41 21 37 131 24265 1 994698 94627 1.9 24 13 8 15 49% 33298 9395 2459 123%
c - 71.39 42 21 37 132 24272 1 1006143 94384 1.9 24 13 8 15 49% 33298 9395 2459 123%
c - 72.27 41 21 37 133 24279 1 1017632 94733 1.9 24 13 8 15 49% 33298 9395 2459 123%
c - 73.19 41 21 37 134 24281 1 1029164 93773 1.9 24 13 8 15 49% 33298 9395 2459 123%
c B 73.26 38 21 37 134 24281 1 1030084 94644 1.9 24 13 8 15 49% 33298 9395 2459 123%
c ] 73.72 41 22 38 134 24281 1 1036449 100831 1.8 24 13 8 15 49% 33298 9395 2459 123%
c { 73.72 41 18 38 134 24281 3 1036449 100831 1.7 17 10 8 12 49% 33298 9395 2459 123%
c
c  seconds   switched      rate           size/glue  tier1     binary        remaining
c         MB   reductions     conflicts         size   tier2      irredundant
c          level     restarts        redundant     glue    trail        variables
c
c - 74.31 41 20 38 135 25188 3 1040739 90506 1.7 18 11 8 12 49% 33298 9395 2459 123%
c - 75.88 42 24 38 136 27648 4 1052357 87259 1.7 19 11 8 12 49% 33298 9395 2459 123%
c - 77.59 41 27 38 137 30106 5 1064019 86581 1.7 20 12 8 12 49% 33298 9395 2459 123%
c u 79.00 45 29 38 137 31702 5 1071571 93318 1.7 21 12 8 12 49% 33298 9395 2459 123%
c v 79.31 45 29 38 137 31702 5 1071571 92998 1.7 21 12 8 12 49% 33298 9395 2459 123%
c w 79.43 45 29 38 137 31702 5 1071571 92973 1.7 21 12 8 12 49% 33298 9395 2459 123%
c - 80.10 41 30 38 138 32577 6 1075723 85567 1.7 21 12 8 12 49% 33298 9395 2459 123%
c o 81.15 41 32 38 138 34191 6 1083538 93320 1.7 22 13 8 12 49% 33298 9395 2459 123%
c - 81.72 41 33 38 139 34975 6 1087471 85671 1.7 22 13 8 13 48% 33298 9395 2459 123%
c - 83.26 41 35 38 140 37185 7 1099261 85455 1.8 23 13 8 13 48% 33298 9395 2459 123%
c - 84.77 41 37 38 141 39146 7 1111094 84653 1.8 24 13 8 13 48% 33298 9395 2459 123%
c } 85.81 41 38 39 141 40376 7 1119782 93292 1.8 24 13 8 13 48% 33298 9395 2459 123%
c [ 85.81 41 22 39 141 40376 1 1119782 93292 1.8 24 13 8 15 49% 33298 9395 2459 123%
c W 86.10 34 22 39 141 40376 1 1119782 93292 1.8 24 13 8 15 49% 33298 9395 2459 123%
c - 86.31 34 22 39 142 40378 1 1122969 84130 1.8 24 13 8 15 49% 33298 9395 2459 123%
c - 87.08 34 22 39 143 40385 1 1134885 84766 1.9 24 13 8 15 50% 33298 9395 2459 123%
c - 87.95 34 22 39 144 40390 1 1146843 86240 1.9 25 13 8 15 50% 33298 9395 2459 123%
c - 88.83 34 22 39 145 40396 1 1158846 86014 1.9 25 13 8 15 50% 33298 9395 2459 123%
c u 90.02 45 21 39 145 40401 1 1169625 94888 1.9 25 13 8 15 50% 33298 9395 2459 123%
c v 90.41 47 21 39 145 40401 1 1169625 92148 1.9 25 13 8 15 50% 33298 9395 2459 123%
c
c  seconds   switched      rate           size/glue  tier1     binary        remaining
c         MB   reductions     conflicts         size   tier2      irredundant
c          level     restarts        redundant     glue    trail        variables
c
c w 90.55 47 21 39 145 40401 1 1169625 87072 1.9 25 13 8 15 50% 33298 9395 2459 123%
c - 90.68 38 21 39 146 40402 1 1170890 78280 1.9 25 13 8 15 50% 33298 9395 2459 123%
c - 91.56 41 21 39 147 40405 1 1182973 79053 1.9 25 13 8 15 50% 33298 9395 2459 123%
c - 92.48 41 21 39 148 40406 1 1195100 82145 1.9 25 13 8 15 50% 33298 9395 2459 123%
c O 92.72 41 21 39 148 40406 1 1198212 85129 2.0 25 13 8 15 50% 33298 9395 2459 123%
c - 93.38 41 21 39 149 40411 1 1207265 83513 1.9 25 13 8 15 50% 33298 9395 2459 123%
c - 94.26 41 21 39 150 40418 1 1219472 85532 1.9 25 13 8 15 50% 33298 9395 2459 123%
c - 95.31 41 21 39 151 40421 1 1231719 86500 1.9 25 13 8 15 50% 33298 9395 2459 123%
c - 96.36 41 20 39 152 40428 1 1244009 87196 1.9 25 13 8 15 50% 33298 9395 2459 123%
c - 97.40 41 20 39 153 40435 1 1256337 87382 1.9 24 13 8 15 50% 33298 9395 2459 123%
c ] 98.36 41 20 40 153 40437 1 1267828 98237 1.9 24 13 8 15 50% 33298 9395 2459 123%
c { 98.36 41 38 40 153 40437 7 1267828 98237 1.8 24 13 8 13 48% 33298 9395 2459 123%
c - 98.45 41 38 40 154 40439 7 1268707 86959 1.8 24 13 8 13 48% 33298 9395 2459 123%
c u 99.06 45 37 40 154 40450 7 1272442 88899 1.8 24 13 8 13 49% 33298 9395 2459 123%
c v 99.38 45 37 40 154 40450 7 1272442 85455 1.8 24 13 8 13 49% 33298 9395 2459 123%
c w 99.49 45 37 40 154 40450 7 1272442 84071 1.8 24 13 8 13 49% 33298 9395 2459 123%
c o 99.52 45 37 40 154 40450 7 1272442 84071 1.8 24 13 8 13 49% 33298 9395 2459 123%
c - 100.11 41 36 40 155 40479 7 1281119 83177 1.8 24 13 8 13 49% 33298 9395 2459 123%
c - 100.96 41 34 40 156 40492 6 1293568 86005 1.8 23 13 8 13 49% 33298 9395 2459 123%
c - 101.77 41 32 40 157 40492 5 1306057 86422 1.8 23 12 8 13 49% 33298 9395 2459 123%
c
c  seconds    switched      rate           size/glue  tier1     binary        remaining
c          MB   reductions     conflicts         size   tier2      irredundant
c           level     restarts        redundant     glue    trail        variables
c
c - 102.64 41 30 40 158 40531 5 1318586 86615 1.8 22 12 8 13 49% 33298 9395 2459 123%
c - 103.44 41 29 40 159 40614 5 1331155 87934 1.8 22 12 8 13 49% 33298 9395 2459 123%
c - 104.29 41 27 40 160 40691 4 1343764 89644 1.8 22 12 8 13 49% 33298 9395 2459 123%
c - 105.18 41 26 40 161 40737 4 1356415 90370 1.8 21 12 8 13 49% 33298 9395 2459 123%
c } 105.35 41 26 41 161 40737 4 1359301 93072 1.8 21 12 8 13 49% 33298 9395 2459 123%
c [ 105.35 41 20 41 161 40737 1 1359301 93072 1.9 24 13 8 15 50% 33298 9395 2459 123%
c B 105.35 41 20 41 161 40737 1 1359301 93072 1.9 24 13 8 15 50% 33298 9395 2459 123%
c - 106.13 42 21 41 162 40743 1 1369105 89057 1.9 25 13 8 15 50% 33298 9395 2459 123%
c u 107.32 45 21 41 162 40750 1 1380075 98034 1.9 25 13 8 15 50% 33298 9395 2459 123%
c v 107.62 45 21 41 162 40750 1 1380075 97805 1.9 25 13 8 15 50% 33298 9395 2459 123%
c w 107.74 47 21 41 162 40750 1 1380075 97613 1.9 25 13 8 15 50% 33298 9395 2459 123%
c - 107.93 41 21 41 163 40750 1 1381832 87470 1.9 25 13 8 15 50% 33298 9395 2459 123%
c - 108.92 41 21 41 164 40754 1 1394600 89519 1.9 24 13 8 15 50% 33298 9395 2459 123%
c - 110.00 41 21 41 165 40761 1 1407406 90774 1.9 24 13 8 15 50% 33298 9395 2459 123%
c - 111.18 42 21 41 166 40766 1 1420252 90458 1.9 24 13 8 15 50% 33298 9395 2459 123%
c ] 112.11 41 20 42 166 40767 1 1431097 100612 1.9 24 13 8 15 50% 33298 9395 2459 123%
c { 112.11 41 26 42 166 40767 4 1431097 100612 1.8 21 12 8 13 49% 33298 9395 2459 123%
c o 112.26 41 25 42 166 40770 4 1432893 102316 1.8 21 12 8 13 49% 33298 9395 2459 123%
c - 112.31 39 25 42 167 40788 4 1433136 91311 1.8 21 12 8 13 49% 33298 9395 2459 123%
c - 113.12 42 24 42 168 40860 4 1446059 93141 1.8 21 11 8 13 49% 33298 9395 2459 123%
c
c  seconds    switched      rate           size/glue  tier1     binary        remaining
c          MB   reductions     conflicts         size   tier2      irredundant
c           level     restarts        redundant     glue    trail        variables
c
c - 113.99 41 24 42 169 41022 3 1459022 94585 1.8 21 11 8 13 49% 33298 9395 2459 123%
c - 114.81 41 23 42 170 41177 3 1472023 96364 1.8 20 11 8 13 49% 33298 9395 2459 123%
c - 115.65 42 22 42 171 41396 3 1485061 98187 1.8 20 11 8 13 49% 33298 9395 2459 123%
c u 116.52 45 22 42 171 41594 3 1492525 103581 1.8 20 11 8 13 49% 33298 9395 2459 123%
c v 116.86 47 22 42 171 41594 3 1492525 102427 1.8 20 11 8 13 49% 33298 9395 2459 123%
c w 116.97 47 22 42 171 41594 3 1492525 102185 1.8 20 11 8 13 49% 33298 9395 2459 123%
c - 117.38 41 22 42 172 41725 3 1498137 97655 1.8 20 11 8 13 49% 33298 9395 2459 123%
c - 118.25 42 21 42 173 42015 3 1511251 99774 1.8 19 11 8 13 49% 33298 9395 2459 123%
c - 119.06 41 20 42 174 42112 3 1524403 101747 1.8 19 11 8 13 48% 33298 9395 2459 123%
c } 119.47 42 20 43 174 42165 3 1531071 107745 1.7 19 11 8 13 48% 33298 9395 2459 123%
c [ 119.47 42 20 43 174 42165 1 1531071 107745 1.9 24 13 8 15 50% 33298 9395 2459 123%
c W 119.89 34 20 43 174 42165 1 1531071 107745 1.9 24 13 8 15 50% 33298 9395 2459 123%
c - 120.28 34 20 43 175 42170 1 1537594 103546 1.9 24 13 8 15 50% 33298 9395 2459 123%
c - 121.11 34 20 43 176 42177 1 1550823 105771 1.9 24 13 8 15 50% 33298 9395 2459 123%
c - 122.04 43 21 43 177 42180 1 1564092 105928 1.9 24 13 8 15 50% 33298 9395 2459 123%
c - 122.99 41 21 43 178 42188 1 1577398 104963 1.9 24 13 8 15 51% 33298 9395 2459 123%
c - 124.04 42 21 43 179 42194 1 1590739 105991 1.9 24 13 8 15 51% 33298 9395 2459 123%
c - 125.17 43 21 43 180 42195 1 1604119 107468 1.9 25 13 8 15 51% 33298 9395 2459 123%
c u 125.96 45 22 43 180 42195 1 1609867 112522 1.9 25 13 8 15 51% 33298 9395 2459 123%
c v 126.29 45 22 43 180 42195 1 1609867 109933 1.9 25 13 8 15 51% 33298 9395 2459 123%
c
c  seconds    switched      rate            size/glue  tier1     binary        remaining
c          MB   reductions     conflicts          size   tier2      irredundant
c           level     restarts        redundant      glue    trail        variables
c
c w 126.40 45 22 43 180 42195 1 1609867 108300 1.9 25 13 8 15 51% 33298 9395 2459 123%
c o 127.59 45 22 43 180 42195 1 1609867 108300 1.9 25 13 8 15 51% 33298 9395 2459 123%
c - 128.14 41 26 43 181 42199 1 1617536 102480 1.8 25 14 8 15 51% 33298 9395 2459 123%
c ] 128.41 42 26 44 181 42202 1 1621499 106278 1.8 25 14 8 15 51% 33298 9395 2459 123%
c { 128.41 42 20 44 181 42202 3 1621499 106278 1.7 19 11 8 13 48% 33298 9395 2459 123%
c - 129.09 42 20 44 182 42500 3 1630989 104023 1.8 19 11 8 13 48% 33298 9395 2459 123%
c - 130.03 42 20 44 183 42862 3 1644479 107825 1.8 19 11 8 12 48% 33298 9395 2459 123%
c - 131.00 42 20 44 184 43425 3 1658006 110637 1.7 19 11 8 12 48% 33298 9395 2459 123%
c - 131.94 42 20 44 185 43803 3 1671574 112611 1.7 19 11 8 12 48% 33298 9395 2459 123%
c - 132.91 45 19 44 186 44170 3 1685175 114104 1.7 18 11 8 12 48% 33298 9395 2459 123%
c - 133.92 42 19 44 187 44772 3 1698815 114988 1.7 18 11 8 12 49% 33298 9395 2459 123%
c - 134.81 45 19 44 188 45034 2 1712489 115220 1.7 18 11 8 12 49% 33298 9395 2459 123%
c - 135.81 42 19 44 189 45522 2 1726201 115510 1.7 18 11 8 12 49% 33298 9395 2459 123%
c } 136.09 43 19 45 189 45624 2 1730332 119121 1.7 18 10 8 12 49% 33298 9395 2459 123%
c [ 136.09 43 26 45 189 45624 1 1730332 119121 1.8 25 14 8 15 51% 33298 9395 2459 123%
c I 136.09 43 26 45 189 45624 1 1730332 119121 1.8 25 14 8 15 51% 33298 9395 2459 123%
c u 136.50 47 27 45 189 45625 1 1732126 120621 1.8 26 14 8 15 51% 33298 9395 2459 123%
c v 136.75 47 27 45 189 45625 1 1732126 119302 1.8 26 14 8 15 51% 33298 9395 2459 123%
c w 136.85 47 27 45 189 45625 1 1732126 119189 1.8 26 14 8 15 51% 33298 9395 2459 123%
c - 137.58 41 27 45 190 45630 1 1739948 113663 1.8 26 14 8 15 51% 33298 9395 2459 123%
c
c  seconds    switched      rate            size/glue  tier1     binary        remaining
c          MB   reductions     conflicts          size   tier2      irredundant
c           level     restarts        redundant      glue    trail        variables
c
c - 138.60 42 27 45 191 45637 1 1753732 111473 1.8 26 14 8 15 51% 33298 9395 2459 123%
c - 139.60 45 27 45 192 45642 1 1767552 109567 1.8 26 14 8 15 50% 33298 9395 2459 123%
c - 140.75 41 26 45 193 45650 1 1781408 109957 1.8 26 14 8 15 50% 33298 9395 2459 123%
c - 141.72 42 26 45 194 45653 1 1795300 110161 1.8 26 14 8 15 50% 33298 9395 2459 123%
c - 142.76 43 26 45 195 45654 1 1809228 110845 1.8 26 14 8 15 50% 33298 9395 2459 123%
c - 143.86 42 26 45 196 45661 1 1823195 112364 1.8 26 14 8 15 50% 33298 9395 2459 123%
c ] 144.32 42 26 46 196 45665 1 1829254 118158 1.8 26 14 8 15 50% 33298 9395 2459 123%
c { 144.32 42 19 46 196 45665 2 1829254 118158 1.7 18 10 8 12 49% 33298 9395 2459 123%
c o 144.32 42 19 46 196 45671 2 1829300 118203 1.7 18 10 8 12 49% 33298 9395 2459 123%
c - 144.94 43 19 46 197 45914 2 1837199 113941 1.7 18 10 8 12 49% 33298 9395 2459 123%
c - 145.95 43 18 46 198 46416 2 1851234 115550 1.7 18 10 8 12 49% 33298 9395 2459 123%
c u 146.95 47 18 46 198 46784 2 1859328 122568 1.7 18 10 8 12 49% 33298 9395 2459 123%
c v 147.29 47 18 46 198 46784 2 1859328 122097 1.7 18 10 8 12 49% 33298 9395 2459 123%
c w 147.42 47 18 46 198 46784 2 1859328 122077 1.7 18 10 8 12 49% 33298 9395 2459 123%
c - 147.89 42 18 46 199 46865 2 1865308 116371 1.7 18 10 8 12 49% 33298 9395 2459 123%
c - 148.99 43 18 46 200 47788 2 1879414 117472 1.7 18 10 8 12 49% 33298 9395 2459 123%
c - 150.02 43 18 46 201 48439 3 1893556 118426 1.7 18 10 8 12 49% 33298 9395 2459 123%
c - 151.07 43 18 46 202 49079 3 1907733 118809 1.7 17 10 8 12 49% 33298 9395 2459 123%
c - 152.16 45 18 46 203 49685 3 1921945 119733 1.7 17 10 8 12 49% 33298 9395 2459 123%
c - 153.21 43 18 46 204 50328 3 1936192 120837 1.7 18 10 8 12 49% 33298 9395 2459 123%
c
c  seconds    switched      rate            size/glue  tier1     binary        remaining
c          MB   reductions     conflicts          size   tier2      irredundant
c           level     restarts        redundant      glue    trail        variables
c
c } 154.06 45 19 47 204 50890 3 1947300 131142 1.7 18 10 8 12 49% 33298 9395 2459 123%
c [ 154.06 45 26 47 204 50890 1 1947300 131142 1.8 26 14 8 15 50% 33298 9395 2459 123%
c B 154.06 45 26 47 204 50890 1 1947300 131142 1.8 26 14 8 15 50% 33298 9395 2459 123%
c - 154.29 45 26 47 205 50892 1 1950474 120086 1.8 27 14 8 16 50% 33298 9395 2459 123%
c - 155.30 42 27 47 206 50901 1 1964792 118809 1.8 27 15 8 16 50% 33298 9395 2459 123%
c - 156.36 43 26 47 207 50904 1 1979144 118394 1.8 27 15 8 16 50% 33298 9395 2459 123%
c u 157.74 47 26 47 207 50911 1 1991499 129353 1.8 27 15 8 16 50% 33298 9395 2459 123%
c v 158.11 47 26 47 207 50911 1 1991499 128259 1.8 27 15 8 16 50% 33298 9395 2459 123%
c w 158.25 49 26 47 207 50911 1 1991499 123725 1.8 27 15 8 16 50% 33298 9395 2459 123%
c - 158.46 43 26 47 208 50913 1 1993532 112737 1.8 27 15 8 16 50% 33298 9395 2459 123%
c - 159.60 44 26 47 209 50919 1 2007956 114903 1.8 27 15 8 16 50% 33298 9395 2459 123%
c - 160.90 45 25 47 210 50920 1 2022412 117612 1.8 27 15 8 16 50% 33298 9395 2459 123%
c - 162.25 43 25 47 211 50926 1 2036904 119138 1.8 27 14 8 16 50% 33298 9395 2459 123%
c - 163.61 44 24 47 212 50934 1 2051430 120306 1.9 27 14 8 16 50% 33298 9395 2459 123%
c W 164.52 36 24 47 212 50935 1 2055286 123939 1.8 27 14 8 16 50% 33298 9395 2459 123%
c o 164.52 36 24 47 212 50935 1 2055286 123939 1.8 27 14 8 16 50% 33298 9395 2459 123%
c ] 164.53 36 24 48 212 50935 1 2055375 124027 1.8 27 14 8 16 50% 33298 9395 2459 123%
c { 164.53 36 19 48 212 50935 3 2055375 124027 1.7 18 10 8 12 49% 33298 9395 2459 123%
c - 165.42 38 19 48 213 51534 3 2065990 120032 1.7 18 10 8 12 49% 33298 9395 2459 123%
c - 166.53 38 19 48 214 52129 3 2080586 120253 1.7 18 10 8 12 49% 33298 9395 2459 123%
c
c  seconds    switched      rate            size/glue  tier1     binary        remaining
c          MB   reductions     conflicts          size   tier2      irredundant
c           level     restarts        redundant      glue    trail        variables
c
c - 167.65 38 18 48 215 52642 3 2095214 120731 1.7 18 10 8 12 49% 33298 9395 2459 123%
c - 168.81 38 19 48 216 53402 3 2109876 120862 1.7 18 10 8 12 49% 33298 9395 2459 123%
c - 169.92 38 19 48 217 53925 3 2124573 121299 1.7 18 10 8 12 49% 33298 9395 2459 123%
c u 170.70 38 19 48 217 54102 3 2128691 124723 1.7 18 10 8 12 49% 33298 9395 2459 123%
c v 171.11 38 19 48 217 54102 3 2128691 123952 1.7 18 10 8 12 49% 33298 9395 2459 123%
c w 171.26 38 19 48 217 54102 3 2128691 123824 1.7 18 10 8 12 49% 33298 9395 2459 123%
c - 172.16 38 19 48 218 54810 3 2139304 120801 1.7 18 10 8 12 49% 33298 9395 2459 123%
c - 173.23 38 18 48 219 55266 3 2154068 121280 1.7 18 10 8 12 49% 33298 9395 2459 123%
c - 174.42 38 19 48 220 56014 3 2168867 122298 1.7 18 10 8 12 49% 33298 9395 2459 123%
c } 175.51 38 18 49 220 56640 3 2182985 134999 1.7 18 10 8 12 49% 33298 9395 2459 123%
c [ 175.51 38 24 49 220 56640 1 2182985 134999 1.8 27 14 8 16 50% 33298 9395 2459 123%
c O 175.51 38 24 49 220 56640 1 2182985 134999 1.8 27 14 8 16 50% 33298 9395 2459 123%
c - 175.58 38 24 49 221 56640 1 2183701 123973 1.8 27 14 8 16 50% 33298 9395 2459 123%
c - 176.54 38 23 49 222 56649 1 2198567 126508 1.8 26 14 8 16 50% 33298 9395 2459 123%
c - 177.66 38 22 49 223 56654 1 2213467 128871 1.8 25 14 8 16 51% 33298 9395 2459 123%
c - 178.83 38 22 49 224 56662 1 2228401 129359 1.8 25 13 8 16 51% 33298 9395 2459 123%
c - 180.06 38 21 49 225 56669 1 2243367 130162 1.8 24 13 8 15 50% 33298 9395 2459 123%
c - 181.33 38 21 49 226 56670 1 2258367 131235 1.8 24 13 8 15 50% 33298 9395 2459 123%
c u 182.84 38 21 49 226 56675 1 2270929 142171 1.8 24 13 8 15 50% 33298 9395 2459 123%
c v 183.25 38 21 49 226 56675 1 2270929 139077 1.8 24 13 8 15 50% 33298 9395 2459 123%
c
c  seconds    switched      rate            size/glue  tier1     binary        remaining
c          MB   reductions     conflicts          size   tier2      irredundant
c           level     restarts        redundant      glue    trail        variables
c
c w 183.41 38 21 49 226 56675 1 2270929 137288 1.8 24 13 8 15 50% 33298 9395 2459 123%
c o 183.44 38 21 49 226 56675 1 2270929 137288 1.8 24 13 8 15 50% 33298 9395 2459 123%
c - 183.66 38 21 49 227 56677 1 2273400 126634 1.8 24 13 8 15 50% 33298 9395 2459 123%
c - 184.80 38 21 49 228 56684 1 2288466 128138 1.8 24 13 8 15 50% 33298 9395 2459 123%
c - 186.08 38 20 49 229 56690 1 2303566 128637 1.8 23 13 8 15 50% 33298 9395 2459 123%
c B 186.10 38 20 49 229 56690 1 2303818 128877 1.8 23 13 8 15 50% 33298 9395 2459 123%
c ] 186.19 38 20 50 229 56691 1 2304783 129812 1.8 23 13 8 15 50% 33298 9395 2459 123%
c { 186.19 38 18 50 229 56691 3 2304783 129812 1.7 18 10 8 12 49% 33298 9395 2459 123%
c - 187.19 38 18 50 230 56704 2 2318700 127495 1.7 17 10 8 12 49% 33298 9395 2459 123%
c - 188.24 38 17 50 231 56723 2 2333865 126349 1.7 17 10 8 12 49% 33298 9395 2459 123%
c - 189.30 38 16 50 232 56734 2 2349063 125822 1.7 17 10 8 12 49% 33298 9395 2459 123%
c - 190.35 38 15 50 233 56768 2 2364294 126735 1.7 17 10 8 12 49% 33298 9395 2459 123%
c - 191.47 38 15 50 234 56772 2 2379558 126860 1.7 16 10 8 12 49% 33298 9395 2459 123%
c - 192.55 38 14 50 235 56780 2 2394855 126476 1.6 16 10 8 12 49% 33298 9395 2459 123%
c - 193.68 38 14 50 236 56794 2 2410184 129567 1.6 15 9 8 12 49% 33298 9395 2459 123%
c u 194.72 38 13 50 236 56846 2 2418264 130304 1.7 15 9 8 12 49% 33298 9395 2459 123%
c v 195.12 38 13 50 236 56846 2 2418264 125688 1.7 15 9 8 12 49% 33298 9395 2459 123%
c w 195.19 38 13 50 236 56846 2 2418264 125565 1.7 15 9 8 12 49% 33298 9395 2459 123%
c - 195.71 38 13 50 237 56908 2 2425547 126930 1.7 15 9 8 12 49% 33298 9395 2459 123%
c - 196.80 38 13 50 238 57081 2 2440942 135452 1.7 15 9 8 12 49% 33298 9395 2459 123%
c
c  seconds    switched      rate            size/glue tier1     binary        remaining
c          MB   reductions     conflicts          size  tier2      irredundant
c           level     restarts        redundant     glue    trail        variables
c
c } 196.92 38 13 51 238 57132 2 2442308 136675 1.7 15 9 8 12 49% 33298 9395 2459 123%
c [ 196.92 38 20 51 238 57132 1 2442308 136675 1.8 23 13 8 15 50% 33298 9395 2459 123%
c W 197.64 38 20 51 238 57132 1 2442308 136675 1.8 23 13 8 15 50% 33298 9395 2459 123%
c - 198.65 38 21 51 239 57140 1 2456370 139585 1.9 24 13 8 15 50% 33298 9395 2459 123%
c - 199.87 38 22 51 240 57146 1 2471829 141209 1.9 25 13 8 15 50% 33298 9395 2459 123%
c - 201.17 38 22 51 241 57153 1 2487323 142837 1.9 25 13 8 15 50% 33298 9395 2459 123%
c - 202.59 38 22 51 242 57161 1 2502847 144530 1.9 25 13 8 15 50% 33298 9395 2459 123%
c - 203.98 40 22 51 243 57162 1 2518405 145454 1.9 25 13 8 15 50% 33298 9395 2459 123%
c - 205.33 40 22 51 244 57169 1 2533993 145311 1.9 25 13 8 15 50% 33298 9395 2459 123%
c - 206.77 40 22 51 245 57177 1 2549613 144028 1.9 25 13 8 15 50% 33298 9395 2459 123%
c ] 207.62 40 23 52 245 57179 1 2558358 152456 1.9 25 13 8 15 50% 33298 9395 2459 123%
c { 207.62 40 13 52 245 57179 2 2558358 152456 1.7 15 9 8 12 49% 33298 9395 2459 123%
c o 207.63 40 13 52 245 57195 2 2558436 152533 1.7 15 9 8 12 49% 33298 9395 2459 123%
c - 208.42 40 14 52 246 58479 2 2565265 112031 1.6 16 9 7 12 49% 33298 9395 2459 123%
c u 209.40 40 14 52 246 59209 2 2570697 116510 1.6 16 10 7 12 49% 33298 9395 2459 123%
c v 209.90 40 14 52 246 59209 2 2570697 115614 1.6 16 10 7 12 49% 33298 9395 2459 123%
c w 210.08 40 14 52 246 59209 2 2570697 114850 1.6 16 10 7 12 49% 33298 9395 2459 123%
c - 211.14 40 15 52 247 61151 2 2580949 102707 1.6 16 10 7 12 49% 33298 9395 2459 123%
c - 212.55 40 16 52 248 63209 3 2596668 101565 1.6 16 10 7 12 49% 33298 9395 2459 123%
c - 213.94 40 17 52 249 64917 3 2612418 100874 1.6 16 10 7 12 49% 33298 9395 2459 123%
c
c  seconds    switched      rate            size/glue  tier1     binary        remaining
c          MB   reductions     conflicts          size   tier2      irredundant
c           level     restarts        redundant      glue    trail        variables
c
c - 215.15 40 17 52 250 66020 3 2628197 100214 1.6 17 10 7 12 49% 33298 9395 2459 123%
c - 216.37 40 17 52 251 67002 3 2644009 99773 1.6 17 10 7 12 49% 33298 9395 2459 123%
c - 217.51 40 17 52 252 67637 3 2659853 99898 1.6 17 10 7 12 49% 33298 9395 2459 123%
c - 218.73 40 18 52 253 68662 3 2675727 101778 1.6 17 10 7 12 49% 33298 9395 2459 123%
c - 219.94 40 18 52 254 69554 3 2691633 103003 1.6 17 10 7 12 49% 33298 9395 2459 123%
c } 220.97 40 18 53 254 70195 3 2706145 116184 1.6 17 10 7 12 48% 33298 9395 2459 123%
c [ 220.97 40 23 53 254 70195 1 2706145 116184 1.9 25 13 8 15 50% 33298 9395 2459 123%
c I 220.97 40 23 53 254 70195 1 2706145 116184 1.9 25 13 8 15 50% 33298 9395 2459 123%
c - 221.09 40 23 53 255 70196 1 2707572 103761 1.9 26 13 8 15 50% 33298 9395 2459 123%
c - 222.27 40 26 53 256 70205 1 2723541 99287 1.9 27 14 8 15 50% 33298 9395 2459 123%
c u 223.08 40 26 53 256 70208 1 2728279 102433 1.9 27 15 8 15 50% 33298 9395 2459 123%
c v 223.52 40 26 53 256 70208 1 2728279 101993 1.9 27 15 8 15 50% 33298 9395 2459 123%
c w 223.70 40 26 53 256 70208 1 2728279 101591 1.9 27 15 8 15 50% 33298 9395 2459 123%
c - 224.55 40 25 53 257 70210 1 2739541 95804 1.9 27 14 8 16 50% 33298 9395 2459 123%
c - 225.83 40 25 53 258 70220 1 2755575 99780 1.9 27 14 7 16 50% 33298 9395 2459 123%
c - 227.16 40 25 53 259 70224 1 2771638 101035 1.9 27 14 7 16 50% 33298 9395 2459 123%
c - 228.41 40 24 53 260 70225 1 2787731 100601 1.9 27 14 7 16 49% 33298 9395 2459 123%
c - 229.87 40 24 53 261 70235 1 2803857 101686 1.9 27 14 7 16 49% 33298 9395 2459 123%
c - 231.12 40 24 53 262 70240 1 2820012 101119 1.9 27 14 7 16 49% 33298 9395 2459 123%
c - 232.36 40 24 53 263 70250 1 2836200 98590 1.9 27 14 7 16 49% 33298 9395 2459 123%
c
c  seconds    switched      rate            size/glue  tier1     binary        remaining
c          MB   reductions     conflicts          size   tier2      irredundant
c           level     restarts        redundant      glue    trail        variables
c
c B 233.24 40 24 53 263 70255 1 2847292 108834 1.9 27 14 7 16 49% 33298 9395 2459 123%
c o 233.24 40 24 53 263 70255 1 2847292 108834 1.9 27 14 7 16 49% 33298 9395 2459 123%
c - 233.59 40 27 53 264 70255 1 2852417 97057 1.9 28 15 7 16 49% 33298 9395 2459 123%
c ] 234.02 40 27 54 264 70256 1 2858390 102707 1.8 27 15 7 16 49% 33298 9395 2459 123%
c { 234.02 40 18 54 264 70256 3 2858390 102707 1.6 17 10 7 12 48% 33298 9395 2459 123%
c - 235.64 40 22 54 265 72425 4 2868665 93375 1.7 18 11 7 12 48% 33298 9395 2459 123%
c - 238.34 40 27 54 266 75846 5 2884947 91366 1.7 20 12 7 12 48% 33298 9395 2459 123%
c u 239.92 40 28 54 266 77129 5 2891011 96355 1.7 21 12 7 12 48% 33298 9395 2459 123%
c v 240.45 40 28 54 266 77129 5 2891011 95715 1.7 21 12 7 12 48% 33298 9395 2459 123%
c w 240.66 40 28 54 266 77129 5 2891011 95637 1.7 21 12 7 12 48% 33298 9395 2459 123%
c - 243.58 40 31 54 267 79306 6 2901256 87252 1.7 22 13 7 12 48% 33298 9395 2459 123%
c - 246.34 40 34 54 268 82575 7 2917596 85646 1.7 23 13 7 12 48% 33298 9395 2459 123%
c - 249.03 40 37 54 269 85584 7 2933968 84123 1.8 24 14 7 12 48% 33298 9395 2459 123%
c - 251.44 40 39 54 270 88062 8 2950369 84551 1.8 25 14 7 12 48% 33298 9395 2459 123%
c - 253.93 40 41 54 271 90443 8 2966800 85360 1.8 27 15 7 12 48% 33298 9395 2459 123%
c - 256.31 40 42 54 272 92568 8 2983262 85634 1.8 27 15 7 12 48% 33298 9395 2459 123%
c - 258.54 40 43 54 273 94037 8 2999756 86588 1.9 28 15 7 12 48% 33298 9395 2459 123%
c - 260.67 40 44 54 274 95421 7 3016279 87238 1.9 29 15 7 12 48% 33298 9395 2459 123%
c } 260.72 40 44 55 274 95421 7 3016784 87735 1.9 29 15 7 12 48% 33298 9395 2459 123%
c [ 260.72 40 27 55 274 95421 1 3016784 87735 1.8 27 15 7 16 49% 33298 9395 2459 123%
c
c  seconds    switched      rate           size/glue  tier1     binary        remaining
c          MB   reductions     conflicts         size   tier2      irredundant
c           level     restarts        redundant     glue    trail        variables
c
c W 261.77 40 27 55 274 95421 1 3016784 87735 1.8 27 15 7 16 49% 33298 9395 2459 123%
c - 262.99 40 26 55 275 95430 1 3032832 90630 1.8 26 15 7 16 50% 33298 9395 2459 123%
c - 264.37 40 25 55 276 95435 1 3049415 94047 1.8 26 14 7 16 50% 33298 9395 2459 123%
c u 265.70 40 24 55 276 95442 1 3058942 101294 1.8 26 14 7 16 50% 33298 9395 2459 123%
c v 266.29 40 24 55 276 95442 1 3058942 92709 1.8 26 14 7 16 50% 33298 9395 2459 123%
c w 266.50 40 24 55 276 95442 1 3058942 89343 1.8 26 14 7 16 50% 33298 9395 2459 123%
c - 267.20 40 24 55 277 95446 1 3066029 84864 1.8 25 14 7 16 50% 33298 9395 2459 123%
c - 268.47 40 24 55 278 95451 1 3082672 88807 1.8 25 14 7 16 50% 33298 9395 2459 123%
c - 269.91 40 23 55 279 95452 1 3099345 90843 1.8 25 14 7 16 50% 33298 9395 2459 123%
c - 271.31 40 22 55 280 95462 1 3116049 92579 1.7 24 14 7 16 50% 33298 9395 2459 123%
c - 272.72 40 22 55 281 95468 1 3132783 92672 1.7 24 14 7 16 51% 33298 9395 2459 123%
c - 274.22 40 21 55 282 95478 1 3149546 91341 1.8 23 13 7 15 51% 33298 9395 2459 123%
c - 275.74 40 21 55 283 95482 1 3166338 91067 1.8 23 13 7 15 51% 33298 9395 2459 123%
c O 276.24 40 21 55 283 95482 1 3172146 96490 1.8 23 13 7 15 51% 33298 9395 2459 123%
c o 276.24 40 21 55 283 95482 1 3172146 96490 1.8 23 13 7 15 51% 33298 9395 2459 123%
c - 277.01 40 20 55 284 95483 1 3183160 90498 1.8 23 13 7 15 51% 33298 9395 2459 123%
c - 278.27 40 20 55 285 95483 1 3200013 90545 1.8 22 13 7 15 50% 33298 9395 2459 123%
c - 279.57 40 20 55 286 95486 1 3216896 90410 1.8 22 12 7 15 50% 33298 9395 2459 123%
c u 281.37 40 19 55 286 95496 1 3232097 104043 1.8 22 12 7 15 50% 33298 9395 2459 123%
c v 281.95 40 19 55 286 95496 1 3232097 99947 1.8 22 12 7 15 50% 33298 9395 2459 123%
c
c  seconds    switched      rate           size/glue  tier1     binary        remaining
c          MB   reductions     conflicts         size   tier2      irredundant
c           level     restarts        redundant     glue    trail        variables
c
c w 282.15 40 19 55 286 95496 1 3232097 96510 1.8 22 12 7 15 50% 33298 9395 2459 123%
c - 282.34 40 19 55 287 95496 1 3233807 85227 1.8 22 12 7 15 50% 33298 9395 2459 123%
c - 283.77 40 19 55 288 95502 1 3250749 90048 1.9 23 12 7 15 50% 33298 9395 2459 123%
c - 285.23 40 19 55 289 95512 1 3267719 93243 1.9 22 12 7 15 50% 33298 9395 2459 123%
c - 286.79 40 18 55 290 95514 1 3284719 95602 1.9 22 12 7 15 50% 33298 9395 2459 123%
c ] 288.19 40 17 56 290 95518 1 3300300 110288 1.9 22 11 7 15 50% 33298 9395 2459 123%
c { 288.19 40 44 56 290 95518 7 3300300 110288 1.9 29 15 7 12 48% 33298 9395 2459 123%
c - 288.34 40 43 56 291 95518 7 3301752 96914 1.9 29 15 7 12 48% 33298 9395 2459 123%
c - 289.88 40 39 56 292 95518 6 3318811 96404 1.9 27 14 7 12 48% 33298 9395 2459 123%
c - 291.42 40 35 56 293 95518 6 3335899 96464 1.9 25 14 7 12 48% 33298 9395 2459 123%
c - 292.68 40 32 56 294 95551 5 3353017 98560 1.9 25 13 7 12 49% 33298 9395 2459 123%
c - 294.01 40 30 56 295 95626 4 3370163 100833 1.8 24 13 7 12 49% 33298 9395 2459 123%
c - 295.22 40 28 56 296 95692 4 3387339 102315 1.8 23 13 7 12 49% 33298 9395 2459 123%
c - 296.47 40 26 56 297 95792 4 3404544 103533 1.8 22 12 7 12 49% 33298 9395 2459 123%
c u 297.47 40 26 56 297 95815 3 3410505 98395 1.8 22 12 7 12 49% 33298 9395 2459 123%
c v 298.03 40 26 56 297 95815 3 3410505 94961 1.8 22 12 7 12 49% 33298 9395 2459 123%
c w 298.22 40 26 56 297 95815 3 3410505 94066 1.8 22 12 7 12 49% 33298 9395 2459 123%
c o 298.37 40 26 56 297 95840 3 3412152 95641 1.8 22 12 7 12 49% 33298 9395 2459 123%
c - 299.07 40 25 56 298 95933 3 3421777 91115 1.8 22 12 7 12 49% 33298 9395 2459 123%
c - 300.29 40 24 56 299 96055 3 3439040 93860 1.8 21 12 7 12 49% 33298 9395 2459 123%
c
c  seconds    switched      rate           size/glue  tier1     binary        remaining
c          MB   reductions     conflicts         size   tier2      irredundant
c           level     restarts        redundant     glue    trail        variables
c
c - 301.57 40 22 56 300 96188 3 3456333 95793 1.8 21 12 7 12 49% 33298 9395 2459 123%
c } 302.52 40 22 57 300 96282 3 3469642 108149 1.8 20 11 7 12 49% 33298 9395 2459 123%
c [ 302.52 40 17 57 300 96282 1 3469642 108149 1.9 22 11 7 15 50% 33298 9395 2459 123%
c B 302.52 40 17 57 300 96282 1 3469642 108149 1.9 22 11 7 15 50% 33298 9395 2459 123%
c - 302.83 41 18 57 301 96284 1 3473654 96028 1.9 22 12 7 15 50% 33298 9395 2459 123%
c - 304.24 41 20 57 302 96295 1 3491003 93467 1.9 24 12 7 15 50% 33298 9395 2459 123%
c - 305.69 41 20 57 303 96301 1 3508383 92097 2.0 25 12 7 15 51% 33298 9395 2459 123%
c - 307.20 41 21 57 304 96310 1 3525791 91793 2.0 26 13 7 15 51% 33298 9395 2459 123%
c - 308.76 41 21 57 305 96312 1 3543226 91969 2.1 27 13 7 15 51% 33298 9395 2459 123%
c - 310.37 41 23 57 306 96319 1 3560690 90999 2.0 28 13 7 15 51% 33298 9395 2459 123%
c - 311.97 41 23 57 307 96327 1 3578183 88772 2.0 28 14 7 15 52% 33298 9395 2459 123%
c u 314.00 41 24 57 307 96334 1 3594192 103382 2.0 29 14 7 15 52% 33298 9395 2459 123%
c v 314.57 41 24 57 307 96334 1 3594192 103144 2.0 29 14 7 15 52% 33298 9395 2459 123%
c w 314.82 41 24 57 307 96334 1 3594192 102314 2.0 29 14 7 15 52% 33298 9395 2459 123%
c - 315.01 41 24 57 308 96334 1 3595704 86819 2.0 29 14 7 15 52% 33298 9395 2459 123%
c - 316.70 41 25 57 309 96342 1 3613253 84863 2.0 29 15 7 15 51% 33298 9395 2459 123%
c ] 317.17 41 25 58 309 96343 1 3618117 89469 1.9 29 15 7 15 52% 33298 9395 2459 123%
c { 317.17 41 22 58 309 96343 3 3618117 89469 1.8 20 11 7 12 49% 33298 9395 2459 123%
c - 318.18 41 21 58 310 96541 3 3630831 88295 1.8 20 11 7 12 49% 33298 9395 2459 123%
c - 319.57 41 21 58 311 96924 3 3648438 95954 1.8 20 11 7 12 49% 33298 9395 2459 123%
c
c  seconds    switched      rate           size/glue  tier1     binary        remaining
c          MB   reductions     conflicts         size   tier2      irredundant
c           level     restarts        redundant     glue    trail        variables
c
c - 320.87 41 20 58 312 97109 2 3666073 99408 1.8 20 11 7 12 48% 33298 9395 2459 123%
c o 320.96 41 20 58 312 97112 2 3667301 100420 1.8 20 11 7 12 48% 33298 9395 2459 123%
c - 322.22 41 20 58 313 97376 2 3683736 100624 1.8 19 11 7 12 49% 33298 9395 2459 123%
c - 323.58 41 19 58 314 97713 2 3701427 101796 1.8 19 11 7 12 49% 33298 9395 2459 123%
c - 325.02 41 19 58 315 98301 2 3719148 102568 1.7 19 11 7 12 49% 33298 9395 2459 123%
c - 326.45 41 19 58 316 99039 2 3736898 103856 1.7 19 11 7 12 48% 33298 9395 2459 123%
c - 327.81 41 19 58 317 99365 2 3754674 105384 1.7 18 11 7 12 48% 33298 9395 2459 123%
c - 329.22 41 19 58 318 100020 2 3772478 107219 1.7 18 11 7 12 49% 33298 9395 2459 123%
c u 330.60 41 18 58 318 100263 2 3783176 114815 1.7 18 11 7 12 49% 33298 9395 2459 123%
c v 331.18 41 18 58 318 100263 2 3783176 110073 1.7 18 11 7 12 49% 33298 9395 2459 123%
c w 331.37 41 18 58 318 100263 2 3783176 109481 1.7 18 11 7 12 49% 33298 9395 2459 123%
c - 332.00 41 18 58 319 100424 2 3790311 102831 1.7 18 11 7 12 49% 33298 9395 2459 123%
c } 332.65 41 18 59 319 100716 2 3798746 110514 1.7 18 11 7 12 48% 33298 9395 2459 123%
c [ 332.65 41 25 59 319 100716 1 3798746 110514 1.9 29 15 7 15 52% 33298 9395 2459 123%
c W 334.02 41 25 59 319 100716 1 3798746 110514 1.9 29 15 7 15 52% 33298 9395 2459 123%
c - 334.75 41 24 59 320 100722 1 3808171 104681 1.9 28 15 7 15 52% 33298 9395 2459 123%
c - 336.20 41 24 59 321 100730 1 3826060 106031 1.9 28 14 7 15 52% 33298 9395 2459 123%
c - 337.84 41 23 59 322 100738 1 3843978 105439 1.9 27 14 7 15 52% 33298 9395 2459 123%
c - 339.56 41 23 59 323 100745 1 3861922 105430 1.9 27 14 7 15 51% 33298 9395 2459 123%
c - 341.21 41 22 59 324 100746 1 3879895 104641 1.9 27 14 7 15 51% 33298 9395 2459 123%
c
c  seconds    switched       rate            size/glue  tier1     binary        remaining
c          MB   reductions      conflicts          size   tier2      irredundant
c           level      restarts        redundant      glue    trail        variables
c
c - 342.71 41 22 59 325 100757 1 3897896 104037 1.9 26 14 7 15 51% 33298 9395 2459 123%
c - 344.26 41 21 59 326 100764 1 3915924 104518 1.9 26 13 7 15 51% 33298 9395 2459 123%
c - 345.98 41 21 59 327 100774 1 3933980 105905 1.9 25 13 7 15 51% 33298 9395 2459 123%
c - 347.60 41 21 59 328 100777 1 3952063 105508 1.9 25 13 7 15 50% 33298 9395 2459 123%
c ] 348.24 41 22 60 328 100777 1 3959846 112943 1.9 25 13 7 15 50% 33298 9395 2459 123%
c { 348.24 41 18 60 328 100777 2 3959846 112943 1.7 18 11 7 12 48% 33298 9395 2459 123%
c o 348.25 41 18 60 328 100784 2 3959888 112984 1.7 18 11 7 12 48% 33298 9395 2459 123%
c - 349.14 41 18 60 329 101205 2 3970174 103456 1.7 18 11 7 12 48% 33298 9395 2459 123%
c u 350.34 41 18 60 329 101330 2 3977489 107003 1.7 18 11 7 12 48% 33298 9395 2459 123%
c v 350.98 41 18 60 329 101330 2 3977489 102048 1.7 18 11 7 12 48% 33298 9395 2459 123%
c w 351.20 41 18 60 329 101330 2 3977489 101918 1.7 18 11 7 12 48% 33298 9395 2459 123%
c - 352.16 41 18 60 330 101730 2 3988312 100211 1.7 18 11 7 12 48% 33298 9395 2459 123%
c - 353.57 41 18 60 331 102079 2 4006477 103634 1.7 18 10 7 12 48% 33298 9395 2459 123%
c - 355.21 41 18 60 332 102980 2 4024670 105392 1.7 18 11 7 12 48% 33298 9395 2459 123%
c - 356.75 41 18 60 333 103695 2 4042892 107204 1.7 18 11 7 12 48% 33298 9395 2459 123%
c - 358.29 41 18 60 334 104471 2 4061140 109203 1.7 18 11 7 12 48% 33298 9395 2459 123%
c - 359.87 41 18 60 335 105248 2 4079417 111296 1.7 18 11 7 12 48% 33298 9395 2459 123%
c - 361.47 41 18 60 336 106089 2 4097720 112859 1.7 18 11 7 12 48% 33298 9395 2459 123%
c - 363.08 41 18 60 337 106811 2 4116050 114120 1.7 18 11 7 12 48% 33298 9395 2459 123%
c - 364.58 41 18 60 338 107358 2 4134407 115193 1.7 18 11 7 12 48% 33298 9395 2459 123%
c
c  seconds    switched       rate            size/glue  tier1     binary        remaining
c          MB   reductions      conflicts          size   tier2      irredundant
c           level      restarts        redundant      glue    trail        variables
c
c } 365.98 41 18 61 338 107674 2 4152098 130832 1.7 18 11 7 12 49% 33298 9395 2459 123%
c [ 365.98 41 22 61 338 107674 1 4152098 130832 1.9 25 13 7 15 50% 33298 9395 2459 123%
c I 365.98 41 22 61 338 107674 1 4152098 130832 1.9 25 13 7 15 50% 33298 9395 2459 123%
c - 366.07 41 22 61 339 107674 1 4152792 116204 1.9 25 13 7 15 50% 33298 9395 2459 123%
c - 367.63 41 23 61 340 107686 1 4171204 114099 1.9 26 14 7 15 50% 33298 9395 2459 123%
c u 368.78 41 23 61 340 107688 1 4177157 118092 1.9 26 14 7 15 50% 33298 9395 2459 123%
c v 369.42 41 23 61 340 107688 1 4177157 117808 1.9 26 14 7 15 50% 33298 9395 2459 123%
c w 369.65 41 23 61 340 107688 1 4177157 117314 1.9 26 14 7 15 50% 33298 9395 2459 123%
c - 370.85 41 23 61 341 107692 1 4189643 109311 1.9 26 14 7 15 50% 33298 9395 2459 123%
c - 372.68 41 22 61 342 107702 1 4208113 111371 1.9 25 14 7 15 50% 33298 9395 2459 123%
c - 374.48 41 23 61 343 107704 1 4226607 111339 1.9 26 14 7 15 50% 33298 9395 2459 123%
c - 376.37 41 23 61 344 107711 1 4245128 108319 1.9 26 14 7 15 50% 33298 9395 2459 123%
c - 378.29 41 23 61 345 107719 1 4263677 107896 1.9 26 14 7 15 50% 33298 9395 2459 123%
c - 380.15 41 23 61 346 107729 1 4282251 108614 1.9 26 14 7 15 51% 33298 9395 2459 123%
c - 382.00 41 22 61 347 107735 1 4300853 109271 1.9 26 14 7 15 51% 33298 9395 2459 123%
c ] 383.33 41 22 62 347 107735 1 4314040 121442 1.9 25 14 7 15 51% 33298 9395 2459 123%
c { 383.33 41 18 62 347 107735 2 4314040 121442 1.7 18 11 7 12 49% 33298 9395 2459 123%
c o 383.33 41 18 62 347 107742 2 4314083 121485 1.7 18 11 7 12 49% 33298 9395 2459 123%
c - 383.80 41 18 62 348 107921 2 4319480 92064 1.7 18 11 6 12 48% 33298 9395 2459 123%
c - 385.25 41 18 62 349 108450 2 4338134 88482 1.7 18 10 6 12 48% 33298 9395 2459 123%
c
c  seconds    switched       rate           size/glue  tier1     binary        remaining
c          MB   reductions      conflicts         size   tier2      irredundant
c           level      restarts        redundant     glue    trail        variables
c
c - 386.71 41 18 62 350 109060 2 4356815 87505 1.7 17 10 6 12 48% 33298 9395 2459 123%
c - 388.22 41 18 62 351 109886 2 4375523 87728 1.7 17 10 6 12 48% 33298 9395 2459 123%
c u 389.34 41 18 62 351 109961 2 4382202 90494 1.7 17 10 6 12 48% 33298 9395 2459 123%
c v 390.04 41 18 62 351 109961 2 4382202 84796 1.7 17 10 6 12 48% 33298 9395 2459 123%
c w 390.28 41 18 62 351 109961 2 4382202 84289 1.7 17 10 6 12 48% 33298 9395 2459 123%
c - 391.27 41 18 62 352 110593 2 4394257 83695 1.7 17 10 6 12 48% 33298 9395 2459 123%
c - 392.75 41 18 62 353 111355 2 4413020 85990 1.7 17 10 6 12 48% 33298 9395 2459 123%
c - 394.18 41 18 62 354 112034 2 4431808 87397 1.6 17 10 6 12 48% 33298 9395 2459 123%
c - 395.63 41 18 62 355 112638 2 4450623 88341 1.7 17 10 6 12 48% 33298 9395 2459 123%
c - 397.17 41 18 62 356 113534 2 4469464 89552 1.6 17 11 6 12 48% 33298 9395 2459 123%
c - 398.59 41 18 62 357 113932 2 4488332 90480 1.7 17 10 6 12 48% 33298 9395 2459 123%
c - 400.14 41 18 62 358 114723 2 4507226 90945 1.7 17 10 6 12 48% 33298 9395 2459 123%
c } 401.00 41 18 63 358 115218 2 4518250 101032 1.7 17 10 6 12 48% 33298 9395 2459 123%
c [ 401.00 41 22 63 358 115218 1 4518250 101032 1.9 25 14 7 15 51% 33298 9395 2459 123%
c B 401.00 41 22 63 358 115218 1 4518250 101032 1.9 25 14 7 15 51% 33298 9395 2459 123%
c - 401.70 41 24 63 359 115223 1 4526147 88849 1.8 26 14 7 15 50% 33298 9395 2459 123%
c - 403.25 41 24 63 360 115232 1 4545096 85248 1.9 26 14 7 15 50% 33298 9395 2459 123%
c - 404.90 41 24 63 361 115240 1 4564070 85156 1.9 26 14 7 15 50% 33298 9395 2459 123%
c - 406.48 41 23 63 362 115247 1 4583070 88412 1.9 26 14 7 15 50% 33298 9395 2459 123%
c u 407.91 41 23 63 362 115248 1 4592653 95619 1.9 25 13 7 15 50% 33298 9395 2459 123%
c
c  seconds    switched       rate           size/glue  tier1     binary        remaining
c          MB   reductions      conflicts         size   tier2      irredundant
c           level      restarts        redundant     glue    trail        variables
c
c v 408.56 41 23 63 362 115248 1 4592653 92024 1.9 25 13 7 15 50% 33298 9395 2459 123%
c w 408.80 41 23 63 362 115248 1 4592653 88225 1.9 25 13 7 15 50% 33298 9395 2459 123%
c - 409.68 41 22 63 363 115250 1 4602098 83210 1.9 25 13 7 15 50% 33298 9395 2459 123%
c - 411.30 41 22 63 364 115262 1 4621150 87371 1.9 25 13 7 15 50% 33298 9395 2459 123%
c - 412.99 41 21 63 365 115269 1 4640228 89072 1.9 25 13 7 15 50% 33298 9395 2459 123%
c - 414.91 41 21 63 366 115278 1 4659333 90345 2.0 25 13 7 15 50% 33298 9395 2459 123%
c - 416.76 41 20 63 367 115279 1 4678464 91028 2.0 24 12 7 15 50% 33298 9395 2459 123%
c - 418.57 41 21 63 368 115280 1 4697624 89882 1.9 24 13 7 15 50% 33298 9395 2459 123%
c ] 418.66 41 21 64 368 115280 1 4698494 90732 1.9 24 13 7 15 50% 33298 9395 2459 123%
c { 418.66 41 18 64 368 115280 2 4698494 90732 1.7 17 10 6 12 48% 33298 9395 2459 123%
c o 418.66 41 18 64 368 115287 2 4698538 90774 1.7 17 10 6 12 48% 33298 9395 2459 123%
c - 420.21 41 18 64 369 115950 2 4716807 89782 1.6 17 10 6 12 48% 33298 9395 2459 123%
c - 421.72 41 18 64 370 116433 2 4736016 90946 1.6 17 10 6 12 48% 33298 9395 2459 123%
c - 423.30 41 18 64 371 117204 2 4755251 92369 1.6 17 10 6 12 48% 33298 9395 2459 123%
c - 424.94 41 18 64 372 118275 2 4774514 94044 1.6 17 10 6 12 48% 33298 9395 2459 123%
c - 426.50 41 18 64 373 118827 2 4793803 95297 1.7 17 10 6 12 48% 33298 9395 2459 123%
c u 428.35 41 18 64 373 119073 2 4808533 105932 1.7 17 10 6 12 48% 33298 9395 2459 123%
c v 429.08 41 18 64 373 119073 2 4808533 102425 1.7 17 10 6 12 48% 33298 9395 2459 123%
c w 429.32 41 18 64 373 119073 2 4808533 101774 1.7 17 10 6 12 48% 33298 9395 2459 123%
c - 432.42 41 18 64 374 119223 2 4813116 90412 1.7 17 10 6 12 48% 33298 9395 2459 123%
c
c  seconds    switched       rate           size/glue  tier1     binary        remaining
c          MB   reductions      conflicts         size   tier2      irredundant
c           level      restarts        redundant     glue    trail        variables
c
c - 434.08 41 18 64 375 120348 2 4832455 92082 1.7 17 10 6 12 48% 33298 9395 2459 123%
c - 435.68 41 18 64 376 121091 2 4851820 95284 1.7 17 10 6 12 48% 33298 9395 2459 123%
c - 437.34 41 18 64 377 121937 2 4871210 96826 1.7 17 10 6 12 48% 33298 9395 2459 123%
c - 438.95 41 18 64 378 122652 2 4890626 97884 1.7 17 10 6 12 48% 33298 9395 2459 123%
c - 440.62 41 18 64 379 123546 2 4910068 98089 1.7 17 10 6 12 48% 33298 9395 2459 123%
c } 441.00 41 18 65 379 123684 2 4914992 102508 1.7 17 10 6 12 48% 33298 9395 2459 123%
c [ 441.00 41 21 65 379 123684 1 4914992 102508 1.9 24 13 7 15 50% 33298 9395 2459 123%
c W 443.02 41 21 65 379 123684 1 4914992 102508 1.9 24 13 7 15 50% 33298 9395 2459 123%
c - 444.19 41 22 65 380 123693 1 4929536 94374 1.9 25 13 7 15 50% 33298 9395 2459 123%
c - 445.75 41 22 65 381 123700 1 4949030 90693 1.9 25 13 7 15 50% 33298 9395 2459 123%
c - 447.52 41 22 65 382 123712 1 4968549 90580 1.9 26 13 7 15 50% 33298 9395 2459 123%
c - 449.37 41 22 65 383 123714 1 4988095 90419 1.9 25 14 7 15 50% 33298 9395 2459 123%
c - 451.32 41 22 65 384 123721 1 5007665 90958 1.8 25 14 7 15 50% 33298 9395 2459 123%
c - 453.19 41 22 65 385 123729 1 5027260 92674 1.8 25 14 7 15 50% 33298 9395 2459 123%
c u 453.92 41 22 65 385 123730 1 5029843 93681 1.8 25 14 7 15 50% 33298 9395 2459 123%
c v 454.46 41 22 65 385 123730 1 5029843 93624 1.8 25 14 7 15 50% 33298 9395 2459 123%
c w 454.66 41 22 65 385 123730 1 5029843 93312 1.8 25 14 7 15 50% 33298 9395 2459 123%
c o 454.82 41 22 65 385 123730 1 5029843 93312 1.8 25 14 7 15 50% 33298 9395 2459 123%
c - 456.18 41 22 65 386 123740 1 5046883 89993 1.8 25 14 7 15 50% 33298 9395 2459 123%
c - 457.92 41 22 65 387 123745 1 5066529 91522 1.9 25 13 7 15 50% 33298 9395 2459 123%
c
c  seconds    switched       rate           size/glue  tier1     binary        remaining
c          MB   reductions      conflicts         size   tier2      irredundant
c           level      restarts        redundant     glue    trail        variables
c
c - 459.80 41 22 65 388 123746 1 5086201 92961 1.9 25 13 7 15 50% 33298 9395 2459 123%
c ] 461.90 41 21 66 388 123746 1 5105795 111400 1.9 25 13 7 15 50% 33298 9395 2459 123%
c { 461.90 41 18 66 388 123746 2 5105795 111400 1.7 17 10 6 12 48% 33298 9395 2459 123%
c - 461.93 41 18 66 389 123746 2 5105899 93746 1.7 17 10 6 12 48% 33298 9395 2459 123%
c - 463.65 41 17 66 390 123762 2 5125622 94649 1.7 17 10 6 12 49% 33298 9395 2459 123%
c - 465.23 41 16 66 391 123813 2 5145370 96359 1.7 17 10 6 12 49% 33298 9395 2459 123%
c - 466.76 41 15 66 392 123845 2 5165143 98225 1.8 17 10 6 12 49% 33298 9395 2459 123%
c - 468.30 41 14 66 393 123886 2 5184942 97807 1.8 17 10 6 12 49% 33298 9395 2459 123%
c - 469.84 41 14 66 394 123959 2 5204766 96845 1.7 17 10 6 12 49% 33298 9395 2459 123%
c - 471.43 41 13 66 395 124084 2 5224615 97276 1.7 16 9 6 12 49% 33298 9395 2459 123%
c - 473.03 41 13 66 396 124182 1 5244491 98556 1.7 16 9 6 12 49% 33298 9395 2459 123%
c u 474.68 41 13 66 396 124247 1 5256635 104768 1.7 16 9 6 12 49% 33298 9395 2459 123%
c v 475.40 41 13 66 396 124247 1 5256635 99620 1.7 16 9 6 12 49% 33298 9395 2459 123%
c w 475.61 41 13 66 396 124247 1 5256635 99403 1.7 16 9 6 12 49% 33298 9395 2459 123%
c - 476.26 41 13 66 397 124309 1 5264390 91511 1.7 16 9 6 12 49% 33298 9395 2459 123%
c - 477.84 41 12 66 398 124519 1 5284315 94070 1.7 15 9 6 12 49% 33298 9395 2459 123%
c - 479.42 41 12 66 399 124693 1 5304264 96060 1.7 15 9 6 12 49% 33298 9395 2459 123%
c - 481.01 41 12 66 400 124917 1 5324239 96641 1.7 15 9 6 12 49% 33298 9395 2459 123%
c o 481.48 41 12 66 400 124984 1 5329986 101306 1.6 15 9 6 12 49% 33298 9395 2459 123%
c } 481.90 41 12 67 400 125022 1 5334910 105278 1.6 15 9 6 12 49% 33298 9395 2459 123%
c
c  seconds    switched       rate            size/glue  tier1     binary        remaining
c          MB   reductions      conflicts          size   tier2      irredundant
c           level      restarts        redundant      glue    trail        variables
c
c [ 481.90 41 21 67 400 125022 1 5334910 105278 1.9 25 13 7 15 50% 33298 9395 2459 123%
c O 481.90 41 21 67 400 125022 1 5334910 105278 1.9 25 13 7 15 50% 33298 9395 2459 123%
c - 482.64 41 21 67 401 125028 1 5344239 97148 1.9 24 13 6 15 50% 33298 9395 2459 123%
c - 484.39 41 21 67 402 125036 1 5364263 96880 1.9 25 13 6 15 51% 33298 9395 2459 123%
c - 486.29 41 21 67 403 125047 1 5384314 95087 1.9 25 13 6 15 51% 33298 9395 2459 123%
c - 488.22 41 21 67 404 125052 1 5404388 93769 1.8 25 13 6 15 51% 33298 9395 2459 123%
c - 490.30 41 21 67 405 125058 1 5424488 94076 1.9 25 13 6 15 51% 33298 9395 2459 123%
c - 492.21 41 21 67 406 125067 1 5444612 96412 1.9 24 13 6 15 51% 33298 9395 2459 123%
c - 494.14 41 20 67 407 125077 1 5464761 95326 1.8 24 13 6 15 52% 33298 9395 2459 123%
c - 496.18 41 20 67 408 125083 1 5484935 95079 1.8 24 13 6 15 52% 33298 9395 2459 123%
c u 497.31 41 20 67 408 125083 1 5488908 96092 1.8 24 13 6 15 52% 33298 9395 2459 123%
c v 498.11 41 20 67 408 125083 1 5488908 85781 1.8 24 13 6 15 52% 33298 9395 2459 123%
c w 498.40 41 20 67 408 125083 1 5488908 78468 1.8 24 13 6 15 52% 33298 9395 2459 123%
c - 499.92 41 20 67 409 125084 1 5505134 80527 1.9 24 13 6 15 52% 33298 9395 2459 123%
c - 501.87 41 21 67 410 125084 1 5525357 86970 1.9 25 13 6 15 52% 33298 9395 2459 123%
c ] 502.38 41 21 68 410 125084 1 5530377 91850 1.9 25 13 6 15 52% 33298 9395 2459 123%
c { 502.38 41 12 68 410 125084 1 5530377 91850 1.6 15 9 6 12 49% 33298 9395 2459 123%
c - 504.02 41 13 68 411 127430 2 5545606 89577 1.6 16 10 6 12 49% 33298 9395 2459 123%
c - 505.95 41 15 68 412 129582 2 5565880 92527 1.6 16 10 6 12 49% 33298 9395 2459 123%
c - 507.80 41 16 68 413 131184 2 5586179 94424 1.6 16 10 6 12 49% 33298 9395 2459 123%
c
c  seconds    switched       rate           size/glue  tier1     binary        remaining
c          MB   reductions      conflicts         size   tier2      irredundant
c           level      restarts        redundant     glue    trail        variables
c
c - 509.57 41 16 68 414 132417 2 5606501 95893 1.6 16 10 6 12 49% 33298 9395 2459 123%
c - 511.35 41 17 68 415 133581 2 5626848 96627 1.6 17 10 6 12 49% 33298 9395 2459 123%
c o 512.53 41 17 68 415 134353 2 5640807 109588 1.6 17 10 6 12 49% 33298 9395 2459 123%
c - 513.09 41 17 68 416 134613 2 5647219 97117 1.6 17 10 6 12 49% 33298 9395 2459 123%
c - 514.81 41 17 68 417 135444 2 5667618 98022 1.6 17 10 6 12 49% 33298 9395 2459 123%
c - 516.58 41 18 68 418 136745 3 5688038 98890 1.6 17 10 6 12 49% 33298 9395 2459 123%
c - 518.36 41 18 68 419 137908 3 5708486 99858 1.6 17 11 6 12 49% 33298 9395 2459 123%
c u 520.66 41 18 68 419 138781 3 5726688 113947 1.6 17 11 6 12 48% 33298 9395 2459 123%
c v 521.46 41 18 68 419 138781 3 5726688 111425 1.6 17 11 6 12 48% 33298 9395 2459 123%
c w 521.75 41 18 68 419 138781 3 5726688 111274 1.6 17 11 6 12 48% 33298 9395 2459 123%
c - 521.98 41 18 68 420 138797 3 5728955 96871 1.6 17 11 6 12 49% 33298 9395 2459 123%
c - 523.59 41 18 68 421 139283 2 5749448 98464 1.6 17 10 6 12 48% 33298 9395 2459 123%
c - 525.24 41 18 68 422 139822 2 5769967 99105 1.6 17 10 6 12 48% 33298 9395 2459 123%
c } 525.46 41 18 69 422 139992 2 5772436 101372 1.6 17 10 6 12 48% 33298 9395 2459 123%
c [ 525.46 41 21 69 422 139992 1 5772436 101372 1.9 25 13 6 15 52% 33298 9395 2459 123%
c B 525.46 41 21 69 422 139992 1 5772436 101372 1.9 25 13 6 15 52% 33298 9395 2459 123%
c - 527.08 41 21 69 423 140003 1 5790509 97010 1.9 25 13 6 15 52% 33298 9395 2459 123%
c - 529.13 41 21 69 424 140011 1 5811075 94324 1.9 25 13 6 15 52% 33298 9395 2459 123%
c - 531.31 41 21 69 425 140021 1 5831666 93971 1.9 25 13 6 15 52% 33298 9395 2459 123%
c - 533.47 41 21 69 426 140022 1 5852281 92934 1.9 26 13 6 15 52% 33298 9395 2459 123%
c
c  seconds    switched       rate           size/glue  tier1     binary        remaining
c          MB   reductions      conflicts         size   tier2      irredundant
c           level      restarts        redundant     glue    trail        variables
c
c - 535.89 41 22 69 427 140035 1 5872922 90659 1.9 26 14 6 15 52% 33298 9395 2459 123%
c - 538.20 41 21 69 428 140043 1 5893586 91494 1.9 26 14 6 15 51% 33298 9395 2459 123%
c - 540.54 41 21 69 429 140052 1 5914274 94379 2.0 26 13 6 15 51% 33298 9395 2459 123%
c - 542.65 41 21 69 430 140053 1 5934987 94145 2.0 26 13 6 15 51% 33298 9395 2459 123%
c - 544.91 41 21 69 431 140054 1 5955724 92679 2.0 26 13 6 15 51% 33298 9395 2459 123%
c ] 546.30 41 21 70 431 140054 1 5968608 105049 2.0 26 13 6 15 51% 33298 9395 2459 123%
c { 546.30 41 18 70 431 140054 2 5968608 105049 1.6 17 10 6 12 48% 33298 9395 2459 123%
c o 546.33 41 18 70 431 140061 2 5968782 105221 1.6 17 10 6 12 48% 33298 9395 2459 123%
c u 547.41 41 18 70 431 140277 3 5970002 104716 1.6 17 11 6 12 48% 33298 9395 2459 123%
c v 548.38 41 18 70 431 140277 3 5970002 101959 1.6 17 11 6 12 48% 33298 9395 2459 123%
c w 548.75 41 18 70 431 140277 3 5970002 99479 1.6 17 11 6 12 48% 33298 9395 2459 123%
c - 549.82 41 21 70 432 141402 3 5976486 87179 1.7 18 11 6 12 48% 33298 9395 2459 123%
c - 553.37 41 27 70 433 145020 4 5997270 84121 1.7 21 12 6 12 48% 33298 9395 2459 123%
c - 557.14 41 32 70 434 148602 5 6018078 81238 1.7 23 14 6 12 48% 33298 9395 2459 123%
c - 560.98 41 37 70 435 151940 6 6038911 81413 1.8 25 14 6 12 48% 33298 9395 2459 123%
c - 564.48 41 40 70 436 154873 7 6059768 82528 1.8 27 15 6 12 48% 33298 9395 2459 123%
c - 567.65 41 41 70 437 157101 7 6080648 84181 1.8 28 15 6 12 48% 33298 9395 2459 123%
c - 570.97 41 43 70 438 159272 7 6101552 75092 1.9 30 16 5 12 48% 33298 9395 2459 123%
c - 573.65 41 43 70 439 160603 6 6122480 73701 1.9 31 16 5 12 48% 33298 9395 2459 123%
c - 576.36 41 44 70 440 161939 6 6143432 74748 1.9 31 16 5 12 48% 33298 9395 2459 123%
c
c  seconds    switched       rate           size/glue  tier1     binary        remaining
c          MB   reductions      conflicts         size   tier2      irredundant
c           level      restarts        redundant     glue    trail        variables
c
c - 578.97 41 44 70 441 163159 6 6164410 75645 2.0 32 16 5 12 48% 33298 9395 2459 123%
c - 581.80 41 45 70 442 164686 6 6185410 75388 2.0 32 16 5 12 48% 33298 9395 2459 123%
c - 584.50 41 45 70 443 165848 6 6206433 75335 2.0 33 16 5 12 49% 33298 9395 2459 123%
c u 587.48 41 46 70 443 166857 6 6218874 80502 2.0 33 16 5 12 48% 33298 9395 2459 123%
c v 588.86 41 46 70 443 166857 6 6218874 79624 2.0 33 16 5 12 48% 33298 9395 2459 123%
c w 589.34 41 46 70 443 166857 6 6218874 79536 2.0 33 16 5 12 48% 33298 9395 2459 123%
c } 590.00 41 45 71 443 167089 6 6223936 84511 2.0 33 16 5 12 49% 33298 9395 2459 123%
c [ 590.00 41 21 71 443 167089 1 6223936 84511 2.0 26 13 6 15 51% 33298 9395 2459 123%
c W 592.53 41 21 71 443 167089 1 6223936 84511 2.0 26 13 6 15 51% 33298 9395 2459 123%
c - 592.86 41 21 71 444 167091 1 6227482 67831 1.9 26 13 6 15 51% 33298 9395 2459 123%
c - 594.78 41 23 71 445 167103 1 6248553 66573 1.9 27 14 6 15 51% 33298 9395 2459 123%
c - 596.81 41 23 71 446 167111 1 6269648 67140 1.9 27 14 6 15 51% 33298 9395 2459 123%
c - 598.88 41 23 71 447 167119 1 6290766 68531 1.9 28 15 6 15 51% 33298 9395 2459 123%
c - 600.89 41 24 71 448 167124 1 6311909 70589 1.9 28 15 6 15 51% 33298 9395 2459 123%
c - 602.82 41 24 71 449 167134 1 6333075 72313 1.9 28 15 6 15 52% 33298 9395 2459 123%
c - 604.84 41 24 71 450 167144 1 6354266 72428 1.9 29 15 6 15 51% 33298 9395 2459 123%
c - 607.02 41 24 71 451 167150 1 6375481 74756 1.9 28 15 6 15 51% 33298 9395 2459 123%
c - 609.13 41 23 71 452 167151 1 6396717 76809 1.9 27 14 6 15 51% 33298 9395 2459 123%
c - 611.20 41 23 71 453 167151 1 6417977 77488 1.9 27 14 6 15 51% 33298 9395 2459 123%
c - 613.24 41 23 71 454 167164 1 6439261 76238 1.9 27 14 6 15 51% 33298 9395 2459 123%
c
c  seconds    switched       rate           size/glue  tier1     binary        remaining
c          MB   reductions      conflicts         size   tier2      irredundant
c           level      restarts        redundant     glue    trail        variables
c
c I 614.22 41 23 71 454 167166 1 6449502 85810 1.9 27 14 6 15 51% 33298 9395 2459 123%
c o 614.23 41 23 71 454 167166 1 6449502 85810 1.9 27 14 6 15 51% 33298 9395 2459 123%
c - 615.27 41 42 71 455 167172 1 6460569 72628 1.6 31 19 6 15 50% 33298 9395 2459 123%
c u 617.20 41 42 71 455 167179 1 6473305 82150 1.7 32 19 6 15 50% 33298 9395 2459 123%
c v 618.16 41 42 71 455 167179 1 6473305 79331 1.7 32 19 6 15 50% 33298 9395 2459 123%
c w 618.52 41 42 71 455 167179 1 6473305 76143 1.7 32 19 6 15 50% 33298 9395 2459 123%
c - 619.35 41 41 71 456 167181 1 6481899 63322 1.7 32 19 6 15 50% 33298 9395 2459 123%
c - 621.34 41 38 71 457 167183 1 6503253 64926 1.8 32 18 6 15 51% 33298 9395 2459 123%
c - 623.35 41 36 71 458 167196 1 6524630 67672 1.8 33 18 6 15 51% 33298 9395 2459 123%
c - 625.45 41 34 71 459 167204 1 6546033 69108 1.9 33 17 6 15 51% 33298 9395 2459 123%
c - 627.56 41 32 71 460 167212 1 6567459 68190 1.9 33 17 6 15 51% 33298 9395 2459 123%
c - 629.63 41 31 71 461 167214 1 6588908 67421 1.9 33 17 6 15 51% 33298 9395 2459 123%
c - 631.72 41 31 71 462 167214 1 6610379 67207 1.9 33 17 6 15 51% 33298 9395 2459 123%
c ] 632.69 41 31 72 462 167215 1 6620998 77554 1.9 33 17 6 15 51% 33298 9395 2459 123%
c { 632.69 41 45 72 462 167215 6 6620998 77554 2.0 33 16 5 12 49% 33298 9395 2459 123%
c - 633.62 41 43 72 463 167232 5 6631875 69573 2.0 32 16 5 12 49% 33298 9395 2459 123%
c - 635.36 41 38 72 464 167248 4 6653394 76185 2.0 30 15 5 12 49% 33298 9395 2459 123%
c - 637.26 41 34 72 465 167250 4 6674935 82135 2.0 28 14 5 12 49% 33298 9395 2459 123%
c - 639.25 41 30 72 466 167250 3 6696498 85217 2.0 26 14 5 12 49% 33298 9395 2459 123%
c - 641.12 41 27 72 467 167252 3 6718085 85961 1.9 25 13 5 12 49% 33298 9395 2459 123%
c
c  seconds    switched       rate           size/glue  tier1     binary        remaining
c          MB   reductions      conflicts         size   tier2      irredundant
c           level      restarts        redundant     glue    trail        variables
c
c u 643.26 41 26 72 467 167254 3 6733344 94427 1.9 24 12 5 12 49% 33298 9395 2459 123%
c v 644.19 41 26 72 467 167254 3 6733344 71408 1.9 24 12 5 12 49% 33298 9395 2459 123%
c w 644.49 41 26 72 467 167254 3 6733344 66825 1.9 24 12 5 12 49% 33298 9395 2459 123%
c - 644.97 41 25 72 468 167283 3 6739695 62760 1.9 24 12 5 12 49% 33298 9395 2459 123%
c - 646.47 41 23 72 469 167384 2 6761329 73448 1.9 23 12 5 12 49% 33298 9395 2459 123%
c - 647.95 41 22 72 470 167509 2 6782987 78740 1.9 22 12 5 12 49% 33298 9395 2459 123%
c o 648.50 41 22 72 470 167581 2 6791032 85958 1.8 22 12 5 12 49% 33298 9395 2459 123%
c - 649.43 41 21 72 471 167654 2 6804667 79881 1.8 21 12 5 12 49% 33298 9395 2459 123%
c - 651.01 41 20 72 472 167832 2 6826369 80585 1.8 21 11 5 12 49% 33298 9395 2459 123%
c - 652.58 41 20 72 473 168104 2 6848094 80855 1.8 20 11 5 12 49% 33298 9395 2459 123%
c - 654.18 41 19 72 474 168401 2 6869843 81007 1.8 20 11 5 12 49% 33298 9395 2459 123%
c } 655.65 41 19 73 474 168678 2 6889914 99055 1.8 19 11 5 12 49% 33298 9395 2459 123%
c [ 655.65 41 31 73 474 168678 1 6889914 99055 1.9 33 17 6 15 51% 33298 9395 2459 123%
c B 655.65 41 31 73 474 168678 1 6889914 99055 1.9 33 17 6 15 51% 33298 9395 2459 123%
c - 655.81 41 31 73 475 168679 1 6891618 80247 1.9 33 17 6 15 51% 33298 9395 2459 123%
c - 657.59 41 30 73 476 168691 1 6913414 75723 1.9 32 17 6 15 51% 33298 9395 2459 123%
c - 659.43 41 27 73 477 168700 1 6935232 74116 1.9 30 16 6 15 51% 33298 9395 2459 123%
c - 661.44 41 26 73 478 168708 1 6957074 79092 1.9 29 15 6 15 51% 33298 9395 2459 123%
c - 663.35 41 24 73 479 168714 1 6978937 79652 1.9 27 15 6 15 51% 33298 9395 2459 123%
c u 665.74 41 25 73 479 168723 1 6998995 94984 1.9 28 15 6 15 51% 33298 9395 2459 123%
c
c  seconds    switched       rate           size/glue  tier1     binary        remaining
c          MB   reductions      conflicts         size   tier2      irredundant
c           level      restarts        redundant     glue    trail        variables
c
c v 666.52 41 25 73 479 168723 1 6998995 79217 1.9 28 15 6 15 51% 33298 9395 2459 123%
c w 666.83 41 25 73 479 168723 1 6998995 78164 1.9 28 15 6 15 51% 33298 9395 2459 123%
c - 667.04 41 25 73 480 168723 1 7000825 60752 1.9 28 15 6 15 51% 33298 9395 2459 123%
c - 668.98 41 26 73 481 168735 1 7022734 62932 1.9 28 15 6 15 50% 33298 9395 2459 123%
c - 670.79 41 25 73 482 168739 1 7044667 67915 1.9 28 15 6 15 51% 33298 9395 2459 123%
c - 672.80 41 24 73 483 168740 1 7066621 73465 1.9 27 14 6 15 51% 33298 9395 2459 123%
c - 674.93 41 22 73 484 168742 1 7088598 77888 1.9 26 14 6 15 51% 33298 9395 2459 123%
c - 676.74 41 23 73 485 168754 1 7110599 75991 1.8 26 14 6 15 51% 33298 9395 2459 123%
c ] 678.41 41 22 74 485 168762 1 7129195 93468 1.8 26 14 6 15 51% 33298 9395 2459 123%
c { 678.41 41 19 74 485 168762 2 7129195 93468 1.8 19 11 5 12 49% 33298 9395 2459 123%
c - 678.69 41 19 74 486 168842 2 7132621 73804 1.8 19 11 5 12 49% 33298 9395 2459 123%
c o 679.41 41 19 74 486 168978 2 7142491 83159 1.8 20 11 5 12 49% 33298 9395 2459 123%
c - 680.31 41 18 74 487 169252 2 7154667 79887 1.8 19 11 5 12 49% 33298 9395 2459 123%
c - 681.89 41 18 74 488 169718 2 7176735 82387 1.8 19 11 5 12 49% 33298 9395 2459 123%
c - 683.57 41 18 74 489 170446 2 7198825 83194 1.8 19 11 5 12 49% 33298 9395 2459 123%
c - 685.19 41 18 74 490 170931 2 7220942 83359 1.8 19 11 5 12 49% 33298 9395 2459 123%
c - 686.93 41 18 74 491 172208 2 7243080 83279 1.7 18 11 5 12 49% 33298 9395 2459 123%
c - 688.57 41 18 74 492 172843 2 7265238 83657 1.7 18 11 5 12 49% 33298 9395 2459 123%
c u 689.66 41 18 74 492 172987 2 7270279 84389 1.7 18 11 5 12 49% 33298 9395 2459 123%
c v 690.47 41 18 74 492 172987 2 7270279 78403 1.7 18 11 5 12 49% 33298 9395 2459 123%
c
c  seconds    switched       rate           size/glue  tier1     binary        remaining
c          MB   reductions      conflicts         size   tier2      irredundant
c           level      restarts        redundant     glue    trail        variables
c
c w 690.75 41 18 74 492 172987 2 7270279 77994 1.7 18 11 5 12 49% 33298 9395 2459 123%
c - 692.06 41 18 74 493 173752 2 7287420 74735 1.7 18 11 5 12 49% 33298 9395 2459 123%
c - 693.70 41 18 74 494 174505 2 7309623 79042 1.7 18 11 5 12 48% 33298 9395 2459 123%
c - 695.37 41 18 74 495 175392 2 7331849 81293 1.7 18 11 5 12 48% 33298 9395 2459 123%
c - 697.01 41 18 74 496 176002 2 7354097 82041 1.7 18 10 5 12 49% 33298 9395 2459 123%
c - 698.74 41 18 74 497 176852 2 7376368 82180 1.7 18 11 5 12 49% 33298 9395 2459 123%
c - 700.38 41 18 74 498 177542 2 7398661 82448 1.7 18 10 5 12 49% 33298 9395 2459 123%
c } 701.36 41 18 75 498 177957 2 7412020 94558 1.7 18 10 5 12 49% 33298 9395 2459 123%
c [ 701.36 41 22 75 498 177957 1 7412020 94558 1.8 26 14 6 15 51% 33298 9395 2459 123%
c W 704.63 41 22 75 498 177957 1 7412020 94558 1.8 26 14 6 15 51% 33298 9395 2459 123%
c - 705.27 41 22 75 499 177963 1 7420976 81038 1.9 26 14 6 15 51% 33298 9395 2459 123%
c - 707.10 41 22 75 500 177971 1 7443315 79015 1.9 27 14 6 15 51% 33298 9395 2459 123%
c - 709.10 41 21 75 501 177985 1 7465675 79188 2.0 26 13 6 15 51% 33298 9395 2459 123%
c - 711.18 41 22 75 502 177987 1 7488058 77976 2.0 27 14 6 15 51% 33298 9395 2459 123%
c - 713.31 41 22 75 503 177998 1 7510463 77145 2.1 28 13 6 15 50% 33298 9395 2459 123%
c - 715.49 41 21 75 504 178007 1 7532892 80860 2.1 28 13 6 15 50% 33298 9395 2459 123%
c u 717.54 41 21 75 504 178015 1 7547201 92261 2.1 28 13 6 15 50% 33298 9395 2459 123%
c v 718.45 41 21 75 504 178015 1 7547201 86647 2.1 28 13 6 15 50% 33298 9395 2459 123%
c w 718.78 41 21 75 504 178015 1 7547201 82684 2.1 28 13 6 15 50% 33298 9395 2459 123%
c o 722.01 41 21 75 504 178015 1 7547201 82684 2.1 28 13 6 15 50% 33298 9395 2459 123%
c
c  seconds    switched       rate           size/glue  tier1     binary        remaining
c          MB   reductions      conflicts         size   tier2      irredundant
c           level      restarts        redundant     glue    trail        variables
c
c - 722.67 41 21 75 505 178017 1 7555341 73713 2.1 27 13 6 15 50% 33298 9395 2459 123%
c - 724.45 41 22 75 506 178019 1 7577814 75523 2.1 27 13 6 15 50% 33298 9395 2459 123%
c - 726.40 41 22 75 507 178019 1 7600309 77871 2.0 27 13 6 15 50% 33298 9395 2459 123%
c - 728.47 41 22 75 508 178028 1 7622825 78984 2.0 27 13 6 15 51% 33298 9395 2459 123%
c - 730.59 41 22 75 509 178037 1 7645365 78359 2.0 26 13 6 15 51% 33298 9395 2459 123%
c ] 730.88 41 22 76 509 178040 1 7648422 81245 2.0 26 13 6 15 51% 33298 9395 2459 123%
c { 730.88 41 18 76 509 178040 2 7648422 81245 1.7 18 10 5 12 49% 33298 9395 2459 123%
c - 732.42 41 18 76 510 178932 2 7667926 80465 1.7 18 11 5 12 49% 33298 9395 2459 123%
c - 734.14 41 18 76 511 179682 2 7690509 84359 1.7 18 10 5 12 49% 33298 9395 2459 123%
c - 735.87 41 18 76 512 180412 2 7713115 84956 1.7 18 10 5 12 49% 33298 9395 2459 123%
c - 737.69 41 18 76 513 181318 2 7735743 85733 1.7 18 10 5 12 48% 33298 9395 2459 123%
c - 739.43 41 18 76 514 181989 2 7758393 85934 1.7 17 10 5 12 48% 33298 9395 2459 123%
c - 741.19 41 17 76 515 182655 2 7781067 86359 1.7 17 10 5 12 48% 33298 9395 2459 123%
c - 743.06 41 18 76 516 183802 2 7803760 87427 1.7 17 10 5 12 48% 33298 9395 2459 123%
c - 744.91 41 18 76 517 184885 2 7826478 87836 1.7 17 10 5 12 48% 33298 9395 2459 123%
c u 745.66 41 18 76 517 184907 2 7829808 88330 1.7 17 10 5 12 48% 33298 9395 2459 123%
c v 746.27 41 18 76 517 184907 2 7829808 84819 1.7 17 10 5 12 48% 33298 9395 2459 123%
c w 746.48 41 18 76 517 184907 2 7829808 84332 1.7 17 10 5 12 48% 33298 9395 2459 123%
c - 748.12 41 18 76 518 185678 2 7849215 81961 1.7 17 10 5 12 48% 33298 9395 2459 123%
c - 749.94 41 18 76 519 186829 2 7871975 85051 1.7 17 10 5 12 48% 33298 9395 2459 123%
c
c  seconds    switched       rate           size/glue  tier1     binary        remaining
c          MB   reductions      conflicts         size   tier2      irredundant
c           level      restarts        redundant     glue    trail        variables
c
c - 751.63 41 18 76 520 187448 2 7894756 86189 1.7 17 10 5 12 48% 33298 9395 2459 123%
c o 753.42 41 18 76 520 188499 2 7917211 106875 1.7 17 10 5 12 48% 33298 9395 2459 123%
c - 753.48 41 18 76 521 188559 2 7917562 86571 1.7 17 11 5 12 48% 33298 9395 2459 123%
c - 755.27 41 18 76 522 189606 2 7940388 86583 1.7 17 11 5 12 48% 33298 9395 2459 123%
c } 755.65 41 18 77 522 189742 2 7945473 91137 1.6 17 11 5 12 48% 33298 9395 2459 123%
c [ 755.65 41 22 77 522 189742 1 7945473 91137 2.0 26 13 6 15 51% 33298 9395 2459 123%
c O 755.65 41 22 77 522 189742 1 7945473 91137 2.0 26 13 6 15 51% 33298 9395 2459 123%
c - 756.98 41 21 77 523 189753 1 7963236 86010 1.9 26 13 6 15 51% 33298 9395 2459 123%
c - 758.92 41 21 77 524 189762 1 7986106 85445 1.9 25 13 6 15 51% 33298 9395 2459 123%
c - 761.00 41 20 77 525 189771 1 8009000 86206 2.0 25 13 6 15 51% 33298 9395 2459 123%
c - 763.10 41 21 77 526 189776 1 8031913 87188 2.0 25 13 6 15 51% 33298 9395 2459 123%
c - 765.24 41 20 77 527 189787 1 8054848 86530 2.0 25 13 6 15 51% 33298 9395 2459 123%
c - 767.13 41 20 77 528 189799 1 8077804 85780 2.0 25 13 6 15 51% 33298 9395 2459 123%
c - 769.25 41 21 77 529 189803 1 8100782 83161 2.0 25 13 6 15 50% 33298 9395 2459 123%
c u 771.55 41 21 77 529 189804 1 8118100 94793 1.9 25 13 6 15 50% 33298 9395 2459 123%
c v 772.48 41 21 77 529 189804 1 8118100 93889 1.9 25 13 6 15 50% 33298 9395 2459 123%
c w 772.83 41 21 77 529 189804 1 8118100 90198 1.9 25 13 6 15 50% 33298 9395 2459 123%
c - 773.35 41 21 77 530 189804 1 8123782 73157 1.9 25 13 6 15 50% 33298 9395 2459 123%
c - 775.41 41 21 77 531 189808 1 8146804 75425 2.0 26 13 6 15 50% 33298 9395 2459 123%
c - 777.57 41 21 77 532 189819 1 8169847 79222 2.0 26 13 6 15 50% 33298 9395 2459 123%
c
c  seconds    switched       rate           size/glue  tier1     binary        remaining
c          MB   reductions      conflicts         size   tier2      irredundant
c           level      restarts        redundant     glue    trail        variables
c
c - 779.84 41 21 77 533 189831 1 8192913 81005 2.0 26 13 6 15 51% 33298 9395 2459 123%
c ] 780.69 41 21 78 533 189834 1 8200756 88275 2.0 26 13 6 15 51% 33298 9395 2459 123%
c { 780.69 41 18 78 533 189834 2 8200756 88275 1.6 17 11 5 12 48% 33298 9395 2459 123%
c - 781.90 41 18 78 534 190371 2 8216001 81569 1.6 17 11 5 12 48% 33298 9395 2459 123%
c - 783.67 41 18 78 535 191107 2 8239110 83786 1.7 17 11 5 12 48% 33298 9395 2459 123%
c - 785.41 41 18 78 536 191776 2 8262241 84801 1.7 17 11 5 12 49% 33298 9395 2459 123%
c - 787.18 41 18 78 537 192597 2 8285392 85266 1.7 17 10 5 12 49% 33298 9395 2459 123%
c o 788.11 41 18 78 537 192952 2 8298341 96808 1.7 17 10 5 12 49% 33298 9395 2459 123%
c - 788.92 41 18 78 538 193334 2 8308565 85568 1.7 17 10 5 12 49% 33298 9395 2459 123%
c - 790.64 41 18 78 539 194023 2 8331762 86137 1.7 17 10 5 12 49% 33298 9395 2459 123%
c - 792.50 41 18 78 540 194921 2 8354979 86583 1.7 17 10 5 12 49% 33298 9395 2459 123%
c - 794.31 41 18 78 541 195629 2 8378216 86820 1.7 17 10 5 12 49% 33298 9395 2459 123%
c - 796.17 41 18 78 542 196626 2 8401477 87227 1.7 18 10 5 12 49% 33298 9395 2459 123%
c u 797.81 41 18 78 542 197006 2 8412078 93159 1.7 18 10 5 12 49% 33298 9395 2459 123%
c v 798.75 41 18 78 542 197006 2 8412078 89163 1.7 18 10 5 12 49% 33298 9395 2459 123%
c w 799.05 41 18 78 542 197006 2 8412078 88830 1.7 18 10 5 12 49% 33298 9395 2459 123%
c - 800.08 41 18 78 543 197484 2 8424757 81940 1.7 18 10 5 12 49% 33298 9395 2459 123%
c - 801.93 41 18 78 544 198464 2 8448059 83112 1.7 18 11 5 12 49% 33298 9395 2459 123%
c - 803.69 41 18 78 545 199434 2 8471382 83825 1.7 18 11 5 12 49% 33298 9395 2459 123%
c - 805.45 41 18 78 546 200290 2 8494727 84104 1.7 18 11 5 12 49% 33298 9395 2459 123%
c
c  seconds    switched       rate            size/glue  tier1     binary        remaining
c          MB   reductions      conflicts          size   tier2      irredundant
c           level      restarts        redundant      glue    trail        variables
c
c } 806.75 41 18 79 546 200760 2 8512346 100156 1.7 18 10 5 12 49% 33298 9395 2459 123%
c [ 806.75 41 21 79 546 200760 1 8512346 100156 2.0 26 13 6 15 51% 33298 9395 2459 123%
c B 806.75 41 21 79 546 200760 1 8512346 100156 2.0 26 13 6 15 51% 33298 9395 2459 123%
c - 807.21 41 22 79 547 200764 1 8518094 83760 2.0 26 13 6 15 51% 33298 9395 2459 123%
c - 809.12 41 21 79 548 200774 1 8541484 81958 2.0 26 13 6 15 50% 33298 9395 2459 123%
c - 811.10 41 21 79 549 200787 1 8564893 81084 2.0 26 13 6 15 50% 33298 9395 2459 123%
c - 813.09 41 21 79 550 200790 1 8588323 81122 2.0 26 13 6 15 50% 33298 9395 2459 123%
c - 815.16 41 21 79 551 200802 1 8611777 81128 2.0 26 13 6 15 50% 33298 9395 2459 123%
c - 817.35 41 20 79 552 200811 1 8635250 82930 2.0 25 13 6 15 50% 33298 9395 2459 123%
c - 819.66 41 21 79 553 200820 1 8658744 82449 2.0 26 13 6 15 50% 33298 9395 2459 123%
c - 822.09 41 20 79 554 200822 1 8682260 83185 2.0 25 13 6 15 50% 33298 9395 2459 123%
c - 824.42 41 20 79 555 200822 1 8705798 85403 2.0 25 13 6 15 50% 33298 9395 2459 123%
c u 825.90 41 20 79 555 200825 1 8711794 87922 2.0 25 13 6 15 50% 33298 9395 2459 123%
c v 826.94 41 20 79 555 200825 1 8711794 85634 2.0 25 13 6 15 50% 33298 9395 2459 123%
c w 827.28 41 20 79 555 200825 1 8711794 79088 2.0 25 13 6 15 50% 33298 9395 2459 123%
c o 827.31 41 20 79 555 200825 1 8711794 79088 2.0 25 13 6 15 50% 33298 9395 2459 123%
c - 828.60 41 23 79 556 200835 1 8729358 74443 1.9 25 13 6 15 50% 33298 9395 2459 123%
c - 830.56 41 23 79 557 200844 1 8752937 77711 1.9 25 13 6 15 50% 33298 9395 2459 123%
c ] 832.36 41 22 80 557 200852 1 8771624 95497 1.9 25 13 6 15 50% 33298 9395 2459 123%
c { 832.36 41 18 80 557 200852 2 8771624 95497 1.7 18 10 5 12 49% 33298 9395 2459 123%
c
c  seconds    switched       rate           size/glue  tier1     binary        remaining
c          MB   reductions      conflicts         size   tier2      irredundant
c           level      restarts        redundant     glue    trail        variables
c
c - 832.79 41 18 80 558 201068 2 8776538 81766 1.7 18 11 5 12 49% 33298 9395 2459 123%
c - 834.59 41 18 80 559 201805 2 8800160 84348 1.7 18 10 5 12 49% 33298 9395 2459 123%
c - 836.46 41 19 80 560 203034 2 8823803 86074 1.7 18 11 5 12 49% 33298 9395 2459 123%
c - 838.29 41 18 80 561 203762 2 8847468 86806 1.7 18 11 5 12 49% 33298 9395 2459 123%
c - 840.17 41 19 80 562 204804 2 8871156 86809 1.7 18 11 5 12 49% 33298 9395 2459 123%
c - 842.01 41 19 80 563 205608 2 8894862 87033 1.7 18 11 5 12 49% 33298 9395 2459 123%
c - 843.81 41 18 80 564 206280 2 8918591 87354 1.7 17 11 5 12 49% 33298 9395 2459 123%
c - 845.73 41 18 80 565 207460 2 8942339 87457 1.7 18 11 5 12 49% 33298 9395 2459 123%
c - 847.54 41 18 80 566 208304 2 8966109 87816 1.7 18 11 5 12 49% 33298 9395 2459 123%
c - 849.37 41 19 80 567 209206 2 8989901 88170 1.7 18 11 5 12 49% 33298 9395 2459 123%
c - 851.22 41 19 80 568 209904 2 9013713 88545 1.7 18 11 5 12 49% 33298 9395 2459 123%
c u 852.28 41 19 80 568 210023 2 9017248 88739 1.7 18 11 5 12 49% 33298 9395 2459 123%
c v 853.18 41 19 80 568 210023 2 9017248 85210 1.7 18 11 5 12 49% 33298 9395 2459 123%
c w 853.48 41 19 80 568 210023 2 9017248 84662 1.7 18 11 5 12 49% 33298 9395 2459 123%
c - 855.05 41 19 80 569 210811 2 9037545 83116 1.7 18 11 5 12 49% 33298 9395 2459 123%
c - 856.95 41 19 80 570 211904 2 9061400 84819 1.7 18 11 5 12 49% 33298 9395 2459 123%
c - 858.78 41 18 80 571 212629 2 9085274 85999 1.7 18 11 5 12 49% 33298 9395 2459 123%
c } 859.73 41 18 81 571 212939 2 9098067 97563 1.7 18 11 5 12 49% 33298 9395 2459 123%
c [ 859.73 41 22 81 571 212939 1 9098067 97563 1.9 25 13 6 15 50% 33298 9395 2459 123%
c W 863.60 41 22 81 571 212939 1 9098067 97563 1.9 25 13 6 15 50% 33298 9395 2459 123%
c
c  seconds    switched       rate           size/glue  tier1     binary        remaining
c          MB   reductions      conflicts         size   tier2      irredundant
c           level      restarts        redundant     glue    trail        variables
c
c - 864.45 41 22 81 572 212945 1 9109171 85829 1.9 25 13 6 15 50% 33298 9395 2459 123%
c - 866.41 41 22 81 573 212956 1 9133089 84561 2.0 25 13 6 15 51% 33298 9395 2459 123%
c - 868.44 41 22 81 574 212968 1 9157026 81061 1.9 26 13 6 15 51% 33298 9395 2459 123%
c - 870.61 41 22 81 575 212970 1 9180985 78817 1.9 26 13 6 15 51% 33298 9395 2459 123%
c - 872.88 41 22 81 576 212984 1 9204966 80946 1.9 25 13 6 15 51% 33298 9395 2459 123%
c - 875.08 41 21 81 577 212994 1 9228966 82978 1.9 25 13 6 15 51% 33298 9395 2459 123%
c - 877.19 41 21 81 578 213000 1 9252988 84463 1.9 24 13 6 15 51% 33298 9395 2459 123%
c - 879.32 41 21 81 579 213001 1 9277030 84922 1.9 24 13 6 15 50% 33298 9395 2459 123%
c - 881.51 41 21 81 580 213007 1 9301092 83439 1.9 24 13 6 15 50% 33298 9395 2459 123%
c - 883.73 41 21 81 581 213016 1 9325176 83074 1.9 24 13 6 15 50% 33298 9395 2459 123%
c u 884.91 41 21 81 581 213017 1 9328466 82576 1.9 25 13 6 15 50% 33298 9395 2459 123%
c v 885.93 41 21 81 581 213017 1 9328466 78502 1.9 25 13 6 15 50% 33298 9395 2459 123%
c w 886.28 41 21 81 581 213017 1 9328466 75494 1.9 25 13 6 15 50% 33298 9395 2459 123%
c o 886.30 41 21 81 581 213017 1 9328466 75494 1.9 25 13 6 15 50% 33298 9395 2459 123%
c - 887.90 41 21 81 582 213030 1 9349280 76057 1.9 24 13 6 15 51% 33298 9395 2459 123%
c - 889.86 41 21 81 583 213032 1 9373405 79587 1.9 25 13 6 15 51% 33298 9395 2459 123%
c I 890.05 41 21 81 583 213032 1 9375731 81781 1.9 25 13 6 15 51% 33298 9395 2459 123%
c ] 891.00 41 22 82 583 213039 1 9388008 93489 1.9 25 13 6 15 50% 33298 9395 2459 123%
c { 891.00 41 18 82 583 213039 2 9388008 93489 1.7 18 11 5 12 49% 33298 9395 2459 123%
c - 891.74 41 18 82 584 213044 2 9397550 81013 1.7 18 10 5 12 49% 33298 9395 2459 123%
c
c  seconds    switched       rate           size/glue  tier1     binary        remaining
c          MB   reductions      conflicts         size   tier2      irredundant
c           level      restarts        redundant     glue    trail        variables
c
c - 893.52 41 16 82 585 213055 2 9421718 82736 1.7 18 10 5 12 49% 33298 9395 2459 123%
c - 895.35 41 16 82 586 213063 2 9445904 86260 1.9 19 10 5 12 49% 33298 9395 2459 123%
c - 897.12 41 14 82 587 213063 2 9470111 84376 1.8 17 10 5 12 49% 33298 9395 2459 123%
c - 898.93 41 14 82 588 213257 2 9494339 83043 1.8 17 9 5 12 49% 33298 9395 2459 123%
c - 900.67 41 13 82 589 213384 1 9518587 84707 1.7 16 9 5 12 49% 33298 9395 2459 123%
c - 902.41 41 13 82 590 213569 1 9542857 85659 1.7 16 9 5 12 49% 33298 9395 2459 123%
c - 904.24 41 12 82 591 213824 1 9567146 86548 1.7 16 9 5 12 49% 33298 9395 2459 123%
c - 906.06 41 12 82 592 214056 1 9591456 86218 1.7 15 9 5 12 49% 33298 9395 2459 123%
c - 907.86 41 12 82 593 214268 1 9615789 85856 1.7 15 9 5 12 49% 33298 9395 2459 123%
c - 909.82 41 12 82 594 214636 1 9640141 86452 1.6 15 9 5 12 48% 33298 9395 2459 123%
c u 911.00 41 11 82 594 214705 1 9645447 86850 1.7 15 9 5 12 48% 33298 9395 2459 123%
c v 911.86 41 11 82 594 214705 1 9645447 80339 1.7 15 9 5 12 48% 33298 9395 2459 123%
c w 912.03 41 11 82 594 214705 1 9645447 80242 1.7 15 9 5 12 48% 33298 9395 2459 123%
c - 913.48 41 11 82 595 215137 1 9664513 78824 1.6 15 9 5 12 48% 33298 9395 2459 123%
c - 915.34 41 11 82 596 215734 1 9688906 83509 1.7 15 9 5 12 48% 33298 9395 2459 123%
c - 917.14 41 11 82 597 216088 1 9713320 84450 1.6 15 9 5 11 48% 33298 9395 2459 123%
c } 918.37 41 11 83 597 216365 1 9729614 97296 1.6 14 9 5 11 48% 33298 9395 2459 123%
c [ 918.37 41 22 83 597 216365 1 9729614 97296 1.9 25 13 6 15 50% 33298 9395 2459 123%
c B 918.37 41 22 83 597 216365 1 9729614 97296 1.9 25 13 6 15 50% 33298 9395 2459 123%
c - 918.99 41 22 83 598 216370 1 9737753 83197 1.9 25 13 6 15 51% 33298 9395 2459 123%
c
c  seconds    switched       rate           size/glue  tier1     binary        remaining
c          MB   reductions      conflicts         size   tier2      irredundant
c           level      restarts        redundant     glue    trail        variables
c
c - 920.91 41 22 83 599 216379 1 9762208 83454 1.9 26 13 6 15 51% 33298 9395 2459 123%
c - 923.14 41 22 83 600 216393 1 9786686 85642 1.9 25 13 6 15 51% 33298 9395 2459 123%
c - 925.63 41 21 83 601 216395 1 9811180 88486 2.0 25 13 6 15 51% 33298 9395 2459 123%
c - 927.94 41 21 83 602 216409 1 9835695 89132 2.0 25 13 6 15 51% 33298 9395 2459 123%
c - 930.19 41 21 83 603 216420 1 9860233 86981 2.0 25 13 6 15 51% 33298 9395 2459 123%
c - 932.57 41 21 83 604 216426 1 9884789 86632 2.0 25 13 6 15 50% 33298 9395 2459 123%
c - 934.95 41 21 83 605 216427 1 9909366 88224 2.0 25 13 6 15 50% 33298 9395 2459 123%
c - 937.48 41 21 83 606 216433 1 9933963 88456 2.0 25 13 6 15 50% 33298 9395 2459 123%
c - 940.01 41 20 83 607 216442 1 9958580 90978 2.0 25 13 6 15 50% 33298 9395 2459 123%
c u 941.86 41 20 83 607 216449 1 9968216 96605 2.0 25 13 6 15 50% 33298 9395 2459 123%
c v 942.98 41 20 83 607 216449 1 9968216 95046 2.0 25 13 6 15 50% 33298 9395 2459 123%
c w 943.38 41 20 83 607 216449 1 9968216 92223 2.0 25 13 6 15 50% 33298 9395 2459 123%
c o 943.41 41 20 83 607 216449 1 9968216 92223 2.0 25 13 6 15 50% 33298 9395 2459 123%
c - 944.49 41 24 83 608 216456 1 9983217 84642 1.9 26 13 6 15 50% 33298 9395 2459 123%
c - 946.50 41 23 83 609 216458 1 10007875 85263 1.9 25 13 6 15 50% 33298 9395 2459 123%
c ] 946.67 41 23 84 609 216460 1 10009716 87033 1.9 25 13 6 15 50% 33298 9395 2459 123%
c { 946.67 41 11 84 609 216460 1 10009716 87033 1.6 14 9 5 11 48% 33298 9395 2459 123%
c - 949.08 41 14 84 610 220371 2 10032552 88793 1.6 15 9 5 11 48% 33298 9395 2459 123%
c - 951.41 41 16 84 611 223083 2 10057251 89807 1.6 16 10 5 11 48% 33298 9395 2459 123%
c - 953.56 41 17 84 612 225053 3 10081970 90450 1.6 16 10 5 11 48% 33298 9395 2459 123%
c
c  seconds    switched       rate            size/glue  tier1     binary        remaining
c          MB   reductions      conflicts          size   tier2      irredundant
c           level      restarts         redundant     glue    trail        variables
c
c - 955.66 41 17 84 613 226725 3 10106709 91119 1.6 16 10 5 11 49% 33298 9395 2459 123%
c - 957.71 41 18 84 614 228039 3 10131468 91615 1.6 17 10 5 11 49% 33298 9395 2459 123%
c - 959.73 41 18 84 615 229122 3 10156247 91886 1.6 17 10 5 11 49% 33298 9395 2459 123%
c - 961.73 41 18 84 616 230147 3 10181049 92117 1.6 17 10 5 11 49% 33298 9395 2459 123%
c - 963.70 41 18 84 617 231155 3 10205869 92584 1.6 17 10 5 11 48% 33298 9395 2459 123%
c - 965.79 41 18 84 618 232542 3 10230708 92523 1.6 17 11 5 11 48% 33298 9395 2459 123%
c - 967.82 41 18 84 619 233542 3 10255568 92487 1.6 17 11 5 11 48% 33298 9395 2459 123%
c - 969.84 41 18 84 620 234478 3 10280449 92940 1.6 17 11 5 11 48% 33298 9395 2459 123%
c u 972.02 41 18 84 620 234995 3 10296800 104506 1.7 17 11 5 11 48% 33298 9395 2459 123%
c v 973.04 41 18 84 620 234995 3 10296800 101271 1.7 17 11 5 11 48% 33298 9395 2459 123%
c w 973.39 41 18 84 620 234995 3 10296800 100690 1.7 17 11 5 11 48% 33298 9395 2459 123%
c - 974.13 41 19 84 621 235406 3 10305350 87285 1.7 17 11 5 11 48% 33298 9395 2459 123%
c - 976.07 41 19 84 622 236322 3 10330270 88825 1.7 18 11 5 11 48% 33298 9395 2459 123%
c - 977.95 41 18 84 623 236973 2 10355209 89701 1.7 17 11 5 11 48% 33298 9395 2459 123%
c } 978.84 41 18 85 623 237409 2 10366795 100296 1.7 17 11 5 11 48% 33298 9395 2459 123%
c [ 978.84 41 23 85 623 237409 1 10366795 100296 1.9 25 13 6 15 50% 33298 9395 2459 123%
c W 983.50 41 23 85 623 237409 1 10366795 100296 1.9 25 13 6 15 50% 33298 9395 2459 123%
c - 984.51 41 23 85 624 237417 1 10380169 89848 1.9 25 13 6 15 50% 33298 9395 2459 123%
c - 986.54 41 22 85 625 237428 1 10405149 89586 1.9 24 13 6 15 50% 33298 9395 2459 123%
c - 988.70 41 22 85 626 237438 1 10430150 88228 1.9 24 13 6 15 50% 33298 9395 2459 123%
c
c  seconds    switched       rate            size/glue  tier1     binary        remaining
c          MB   reductions      conflicts          size   tier2      irredundant
c           level      restarts         redundant     glue    trail        variables
c
c - 991.04 41 22 85 627 237445 1 10455170 85445 1.9 25 13 6 15 50% 33298 9395 2459 123%
c - 993.30 41 23 85 628 237454 1 10480209 83658 1.9 25 13 6 15 50% 33298 9395 2459 123%
c - 995.82 41 23 85 629 237468 1 10505268 82637 1.9 25 13 6 15 50% 33298 9395 2459 123%
c - 998.37 41 23 85 630 237470 1 10530349 84286 1.9 26 13 6 15 50% 33298 9395 2459 123%
c - 1000.77 41 22 85 631 237471 1 10555449 85990 1.9 26 13 6 15 50% 33298 9395 2459 123%
c o 1002.13 41 23 85 631 237476 1 10568680 98509 1.9 26 14 6 15 50% 33298 9395 2459 123%
c - 1003.17 41 24 85 632 237482 1 10580570 83716 1.8 26 14 6 15 50% 33298 9395 2459 123%
c - 1005.47 41 24 85 633 237493 1 10605709 82288 1.8 26 14 6 15 50% 33298 9395 2459 123%
c - 1007.96 41 23 85 634 237502 1 10630868 87307 1.9 25 14 6 15 51% 33298 9395 2459 123%
c u 1008.97 41 23 85 634 237502 1 10631198 84011 1.9 25 14 6 15 51% 33298 9395 2459 123%
c v 1010.12 41 23 85 634 237502 1 10631198 81305 1.9 25 14 6 15 51% 33298 9395 2459 123%
c w 1010.53 41 23 85 634 237502 1 10631198 76413 1.9 25 14 6 15 51% 33298 9395 2459 123%
c - 1012.99 41 22 85 635 237509 1 10656047 79108 1.9 25 14 6 15 51% 33298 9395 2459 123%
c O 1014.54 41 22 85 635 237517 1 10671991 93837 1.9 25 13 6 15 51% 33298 9395 2459 123%
c ] 1014.79 41 21 86 635 237517 1 10674760 96204 1.9 24 13 6 15 51% 33298 9395 2459 123%
c { 1014.79 41 18 86 635 237517 2 10674760 96204 1.7 17 11 5 11 48% 33298 9395 2459 123%
c - 1015.78 41 21 86 636 238652 3 10681247 83794 1.7 18 11 5 11 48% 33298 9395 2459 123%
c - 1019.92 41 28 86 637 243047 5 10706466 79486 1.7 22 13 5 11 48% 33298 9395 2459 123%
c - 1024.27 41 34 86 638 247400 6 10731704 72106 1.8 24 14 5 12 48% 33298 9395 2459 123%
c - 1028.70 41 39 86 639 251399 7 10756963 70562 1.8 26 15 5 12 48% 33298 9395 2459 123%
c
c   seconds    switched       rate            size/glue  tier1     binary        remaining
c           MB   reductions      conflicts          size   tier2      irredundant
c            level      restarts         redundant     glue    trail        variables
c
c - 1032.52 41 42 86 640 254214 7 10782241 71766 1.8 28 15 5 12 48% 33298 9395 2459 123%
c - 1036.01 41 43 86 641 256355 7 10807541 74276 1.9 29 15 5 12 48% 33298 9395 2459 123%
c - 1039.16 41 43 86 642 257876 6 10832859 76609 1.9 30 16 5 12 48% 33298 9395 2459 123%
c - 1042.71 41 44 86 643 259911 6 10858196 77246 2.0 31 16 5 12 48% 33298 9395 2459 123%
c - 1046.20 41 45 86 644 261940 6 10883553 75855 2.0 32 16 5 12 48% 33298 9395 2459 123%
c - 1049.77 41 46 86 645 263857 6 10908933 75271 2.0 33 16 5 12 48% 33298 9395 2459 123%
c - 1053.05 41 46 86 646 265234 6 10934329 75558 2.0 33 16 5 12 49% 33298 9395 2459 123%
c - 1056.22 41 46 86 647 266456 5 10959745 76075 2.0 34 17 5 12 48% 33298 9395 2459 123%
c u 1059.11 41 46 86 647 267013 5 10971436 83806 2.0 34 17 5 12 48% 33298 9395 2459 123%
c v 1060.79 41 46 86 647 267013 5 10971436 82614 2.0 34 17 5 12 48% 33298 9395 2459 123%
c w 1061.39 41 46 86 647 267013 5 10971436 82461 2.0 34 17 5 12 48% 33298 9395 2459 123%
c - 1063.14 41 46 86 648 267700 5 10985182 71981 2.0 34 17 5 12 49% 33298 9395 2459 123%
c o 1064.81 41 46 86 648 268338 5 10999232 85809 2.1 34 17 5 12 49% 33298 9395 2459 123%
c - 1066.13 41 46 86 649 268778 5 11010640 73258 2.1 34 17 5 12 49% 33298 9395 2459 123%
c - 1069.21 41 46 86 650 270045 5 11036115 73868 2.1 35 17 5 12 49% 33298 9395 2459 123%
c } 1070.56 41 46 87 650 270598 5 11047619 85240 2.1 35 17 5 12 49% 33298 9395 2459 123%
c [ 1070.56 41 21 87 650 270598 1 11047619 85240 1.9 24 13 6 15 51% 33298 9395 2459 123%
c B 1070.56 41 21 87 650 270598 1 11047619 85240 1.9 24 13 6 15 51% 33298 9395 2459 123%
c - 1071.80 41 21 87 651 270606 1 11061610 76986 1.9 24 13 6 15 51% 33298 9395 2459 123%
c - 1074.06 41 21 87 652 270618 1 11087126 82408 1.9 25 13 6 15 51% 33298 9395 2459 123%
c
c   seconds    switched       rate            size/glue  tier1     binary        remaining
c           MB   reductions      conflicts          size   tier2      irredundant
c            level      restarts         redundant     glue    trail        variables
c
c - 1076.58 41 21 87 653 270627 1 11112661 86833 1.9 25 13 6 15 51% 33298 9395 2459 123%
c - 1079.21 41 20 87 654 270635 1 11138216 90309 2.0 25 13 6 15 51% 33298 9395 2459 123%
c - 1082.06 41 21 87 655 270645 1 11163789 90023 2.0 26 13 6 15 51% 33298 9395 2459 123%
c - 1084.78 41 21 87 656 270658 1 11189382 87247 2.0 26 13 6 15 51% 33298 9395 2459 123%
c - 1087.50 41 21 87 657 270660 1 11214995 85855 2.0 26 13 6 15 51% 33298 9395 2459 123%
c - 1090.12 41 22 87 658 270660 1 11240627 83810 2.0 27 14 6 15 51% 33298 9395 2459 123%
c - 1092.93 41 22 87 659 270674 1 11266278 84034 2.0 27 14 6 15 50% 33298 9395 2459 123%
c - 1096.00 41 22 87 660 270685 1 11291950 87501 2.0 27 14 6 15 50% 33298 9395 2459 123%
c u 1099.98 41 22 87 660 270691 1 11317514 108157 2.0 27 13 6 15 50% 33298 9395 2459 123%
c v 1101.46 41 22 87 660 270691 1 11317514 104306 2.0 27 13 6 15 50% 33298 9395 2459 123%
c w 1102.01 41 22 87 660 270691 1 11317514 100608 2.0 27 13 6 15 50% 33298 9395 2459 123%
c - 1107.41 41 22 87 661 270691 1 11317640 82246 2.0 27 13 6 15 50% 33298 9395 2459 123%
c - 1110.17 41 21 87 662 270702 1 11343349 86129 2.0 26 13 6 15 50% 33298 9395 2459 123%
c - 1112.68 41 20 87 663 270713 1 11369078 90260 2.0 25 13 6 15 50% 33298 9395 2459 123%
c W 1117.80 41 20 87 663 270714 1 11371696 92720 2.0 25 13 6 15 50% 33298 9395 2459 123%
c - 1119.64 41 20 87 664 270722 1 11394827 91247 1.9 25 13 6 15 50% 33298 9395 2459 123%
c - 1121.89 41 20 87 665 270723 1 11420596 90670 1.9 25 13 6 15 51% 33298 9395 2459 123%
c - 1124.31 41 20 87 666 270724 1 11446383 90837 1.9 25 13 6 15 51% 33298 9395 2459 123%
c - 1126.80 41 20 87 667 270724 1 11472192 92043 2.0 25 13 6 15 50% 33298 9395 2459 123%
c - 1129.48 41 20 87 668 270724 1 11498019 91012 2.0 26 13 6 15 50% 33298 9395 2459 123%
c
c   seconds    switched       rate            size/glue  tier1     binary        remaining
c           MB   reductions      conflicts          size   tier2      irredundant
c            level      restarts         redundant     glue    trail        variables
c
c - 1132.21 41 21 87 669 270735 1 11523865 88943 2.0 26 13 6 15 50% 33298 9395 2459 123%
c - 1135.02 41 20 87 670 270746 1 11549733 91224 2.0 26 13 6 15 50% 33298 9395 2459 123%
c ] 1135.12 41 20 88 670 270746 1 11550722 92152 2.0 26 13 6 15 50% 33298 9395 2459 123%
c { 1135.12 41 46 88 670 270746 5 11550722 92152 2.1 35 17 5 12 49% 33298 9395 2459 123%
c - 1137.47 41 40 88 671 270747 4 11575618 95400 2.1 32 15 5 12 49% 33298 9395 2459 123%
c o 1138.99 41 36 88 671 270750 4 11592397 111311 2.1 31 15 5 12 49% 33298 9395 2459 123%
c - 1139.75 41 35 88 672 270775 3 11601522 96531 2.1 31 15 5 12 49% 33298 9395 2459 123%
c - 1141.86 41 31 88 673 270785 3 11627444 97050 2.1 28 14 5 12 49% 33298 9395 2459 123%
c - 1144.08 41 28 88 674 270837 3 11653386 97311 2.0 27 13 5 12 49% 33298 9395 2459 123%
c u 1146.04 41 26 88 674 270888 2 11669484 108405 2.0 26 13 5 12 49% 33298 9395 2459 123%
c v 1146.92 41 26 88 674 270888 2 11669484 104343 2.0 26 13 5 12 49% 33298 9395 2459 123%
c w 1147.21 41 26 88 674 270888 2 11669484 102853 2.0 26 13 5 12 49% 33298 9395 2459 123%
c - 1148.10 41 25 88 675 270927 2 11679350 91788 1.9 25 13 5 12 49% 33298 9395 2459 123%
c - 1149.99 41 24 88 676 271058 2 11705332 92955 1.9 24 13 5 12 49% 33298 9395 2459 123%
c - 1151.94 41 22 88 677 271157 2 11731333 93658 1.9 23 12 5 12 49% 33298 9395 2459 123%
c - 1153.95 41 21 88 678 271311 2 11757353 94045 1.8 22 12 5 12 49% 33298 9395 2459 123%
c - 1155.87 41 20 88 679 271538 2 11783391 93996 1.8 21 11 5 12 49% 33298 9395 2459 123%
c - 1157.94 41 19 88 680 272020 2 11809449 94023 1.8 20 11 5 12 49% 33298 9395 2459 123%
c - 1160.01 41 19 88 681 272406 2 11835525 94011 1.8 20 11 5 12 49% 33298 9395 2459 123%
c - 1162.04 41 18 88 682 272823 2 11861621 94236 1.8 19 11 5 12 49% 33298 9395 2459 123%
c
c   seconds    switched       rate            size/glue  tier1     binary        remaining
c           MB   reductions      conflicts          size   tier2      irredundant
c            level      restarts         redundant     glue    trail        variables
c
c - 1164.12 41 18 88 683 273276 2 11887736 94723 1.7 19 11 5 12 49% 33298 9395 2459 123%
c - 1166.30 41 18 88 684 274247 2 11913871 95773 1.7 19 11 5 12 49% 33298 9395 2459 123%
c } 1168.34 41 18 89 684 274856 2 11939660 119035 1.7 18 11 5 12 48% 33298 9395 2459 123%
c [ 1168.34 41 20 89 684 274856 1 11939660 119035 2.0 26 13 6 15 50% 33298 9395 2459 123%
c I 1168.34 41 20 89 684 274856 1 11939660 119035 2.0 26 13 6 15 50% 33298 9395 2459 123%
c - 1168.39 41 20 89 685 274856 1 11940024 96469 2.0 26 13 6 15 50% 33298 9395 2459 123%
c - 1170.79 43 23 89 686 274870 1 11966197 89226 2.0 28 14 6 15 50% 33298 9395 2459 123%
c - 1173.29 43 24 89 687 274883 1 11992388 81610 2.0 29 14 6 15 50% 33298 9395 2459 123%
c - 1175.93 43 24 89 688 274886 1 12018600 83154 2.0 29 14 6 15 49% 33298 9395 2459 123%
c u 1177.67 43 25 89 688 274891 1 12027325 88620 2.0 29 14 6 15 49% 33298 9395 2459 123%
c v 1178.80 43 25 89 688 274891 1 12027325 88447 2.0 29 14 6 15 49% 33298 9395 2459 123%
c w 1179.20 43 25 89 688 274891 1 12027325 88164 2.0 29 14 6 15 49% 33298 9395 2459 123%
c - 1181.10 43 25 89 689 274900 1 12044830 82757 2.0 28 14 6 15 49% 33298 9395 2459 123%
c - 1183.75 43 24 89 690 274912 1 12071078 86131 2.0 28 14 6 15 49% 33298 9395 2459 123%
c o 1184.11 43 24 89 690 274915 1 12074911 89801 1.9 28 14 6 15 49% 33298 9395 2459 123%
c - 1185.92 43 33 89 691 274917 1 12097347 84773 1.8 29 16 6 15 49% 33298 9395 2459 123%
c - 1188.13 43 31 89 692 274918 1 12123633 83931 1.8 28 15 6 15 49% 33298 9395 2459 123%
c - 1190.65 43 29 89 693 274927 1 12149938 87363 1.8 27 15 6 15 49% 33298 9395 2459 123%
c - 1193.20 43 28 89 694 274939 1 12176266 87455 1.8 27 15 6 15 49% 33298 9395 2459 123%
c - 1195.84 43 26 89 695 274949 1 12202609 88210 1.8 27 15 6 15 49% 33298 9395 2459 123%
c
c   seconds    switched       rate            size/glue  tier1     binary        remaining
c           MB   reductions      conflicts          size   tier2      irredundant
c            level      restarts         redundant     glue    trail        variables
c
c - 1198.53 43 25 89 696 274956 1 12228971 93606 1.9 26 14 6 15 49% 33298 9395 2459 123%
c - 1201.05 43 24 89 697 274968 1 12255352 97431 1.9 26 14 6 15 49% 33298 9395 2459 123%
c ] 1201.78 43 23 90 697 274971 1 12262995 104525 1.9 26 14 6 15 49% 33298 9395 2459 123%
c { 1201.78 43 18 90 697 274971 2 12262995 104525 1.7 18 11 5 12 48% 33298 9395 2459 123%
c - 1203.39 43 18 90 698 275626 2 12281752 97264 1.7 18 11 5 12 48% 33298 9395 2459 123%
c - 1205.63 43 18 90 699 276460 2 12308173 98877 1.7 18 11 5 12 48% 33298 9395 2459 123%
c - 1207.89 43 18 90 700 277344 2 12334612 99777 1.7 18 11 5 12 48% 33298 9395 2459 123%
c - 1210.08 43 18 90 701 278015 2 12361069 100405 1.7 18 11 5 12 48% 33298 9395 2459 123%
c - 1212.34 43 18 90 702 279001 2 12387546 100629 1.7 18 11 5 12 48% 33298 9395 2459 123%
c u 1213.76 43 18 90 702 279189 2 12391077 98742 1.7 18 11 5 12 48% 33298 9395 2459 123%
c v 1215.00 43 18 90 702 279189 2 12391077 94029 1.7 18 11 5 12 48% 33298 9395 2459 123%
c w 1215.41 43 18 90 702 279189 2 12391077 93292 1.7 18 11 5 12 48% 33298 9395 2459 123%
c - 1217.35 43 18 90 703 279891 2 12414041 92310 1.7 18 10 5 12 48% 33298 9395 2459 123%
c - 1219.60 43 18 90 704 280853 2 12440555 95367 1.7 18 10 5 12 48% 33298 9395 2459 123%
c - 1221.83 43 18 90 705 281900 2 12467087 96395 1.7 18 10 5 12 48% 33298 9395 2459 123%
c - 1224.01 43 18 90 706 282733 2 12493638 96798 1.7 18 10 5 12 48% 33298 9395 2459 123%
c - 1226.29 43 18 90 707 283888 2 12520208 97421 1.7 18 10 5 12 49% 33298 9395 2459 123%
c o 1227.55 43 18 90 707 284399 2 12535536 111294 1.7 18 10 5 12 49% 33298 9395 2459 123%
c - 1228.48 43 18 90 708 284858 2 12546799 97994 1.7 18 10 5 12 49% 33298 9395 2459 123%
c - 1230.83 43 19 90 709 286167 2 12573407 98270 1.7 18 11 5 12 49% 33298 9395 2459 123%
c
c   seconds    switched       rate            size/glue  tier1     binary        remaining
c           MB   reductions      conflicts          size   tier2      irredundant
c            level      restarts         redundant     glue    trail        variables
c
c - 1233.09 43 19 90 710 287157 2 12600034 98645 1.7 18 11 5 12 49% 33298 9395 2459 123%
c - 1235.33 43 19 90 711 287956 2 12626679 99328 1.7 18 11 5 12 48% 33298 9395 2459 123%
c - 1237.60 43 19 90 712 288962 2 12653344 99720 1.7 18 11 5 12 48% 33298 9395 2459 123%
c } 1238.82 43 18 91 712 289364 2 12668317 113320 1.7 18 11 5 12 48% 33298 9395 2459 123%
c [ 1238.82 43 23 91 712 289364 1 12668317 113320 1.9 26 14 6 15 49% 33298 9395 2459 123%
c B 1238.82 43 23 91 712 289364 1 12668317 113320 1.9 26 14 6 15 49% 33298 9395 2459 123%
c - 1239.79 43 23 91 713 289370 1 12680028 98947 1.9 26 13 6 15 49% 33298 9395 2459 123%
c - 1242.32 43 23 91 714 289383 1 12706731 97070 2.0 26 13 6 15 49% 33298 9395 2459 123%
c - 1244.65 43 22 91 715 289393 1 12733452 97186 2.0 26 13 6 15 49% 33298 9395 2459 123%
c - 1247.38 43 20 91 716 289401 1 12760192 99695 2.0 25 13 6 15 49% 33298 9395 2459 123%
c u 1248.47 43 20 91 716 289401 1 12760746 97538 2.0 25 13 6 15 49% 33298 9395 2459 123%
c v 1249.68 43 20 91 716 289401 1 12760746 84518 2.0 25 13 6 15 49% 33298 9395 2459 123%
c w 1250.09 43 20 91 716 289401 1 12760746 75908 2.0 25 13 6 15 49% 33298 9395 2459 123%
c - 1252.49 43 20 91 717 289412 1 12786951 83765 2.0 24 12 6 15 49% 33298 9395 2459 123%
c - 1255.08 43 20 91 718 289424 1 12813728 94029 2.0 25 12 6 15 49% 33298 9395 2459 123%
c - 1257.85 43 19 91 719 289426 1 12840523 97020 2.0 24 12 6 15 49% 33298 9395 2459 123%
c - 1260.52 43 20 91 720 289429 1 12867338 97017 1.9 25 13 6 15 49% 33298 9395 2459 123%
c - 1263.40 43 20 91 721 289441 1 12894170 96758 1.9 24 13 6 15 49% 33298 9395 2459 123%
c - 1266.25 43 19 91 722 289455 1 12921023 102080 2.0 24 12 6 15 49% 33298 9395 2459 123%
c - 1269.10 43 19 91 723 289458 1 12947893 103995 2.0 24 12 6 15 49% 33298 9395 2459 123%
c
c   seconds    switched       rate             size/glue  tier1     binary        remaining
c           MB   reductions      conflicts           size   tier2      irredundant
c            level      restarts         redundant      glue    trail        variables
c
c - 1271.89 43 19 91 724 289472 1 12974783 102209 1.9 24 12 6 15 49% 33298 9395 2459 123%
c - 1274.76 43 19 91 725 289486 1 13001691 102594 2.0 24 12 6 15 49% 33298 9395 2459 123%
c ] 1274.80 43 19 92 725 289486 1 13002113 103004 2.0 24 12 6 15 49% 33298 9395 2459 123%
c { 1274.80 43 18 92 725 289486 2 13002113 103004 1.7 18 11 5 12 48% 33298 9395 2459 123%
c o 1275.18 43 18 92 725 289658 2 13005783 106367 1.7 18 11 5 12 48% 33298 9395 2459 123%
c - 1277.25 43 19 92 726 290439 2 13028618 104890 1.7 18 11 5 12 48% 33298 9395 2459 123%
c - 1279.56 43 18 92 727 291273 2 13055564 106219 1.7 18 11 5 12 49% 33298 9395 2459 123%
c - 1281.79 43 18 92 728 292260 2 13082526 106607 1.7 18 11 5 12 49% 33298 9395 2459 123%
c - 1284.03 43 18 92 729 293089 2 13109509 106750 1.7 18 10 5 12 49% 33298 9395 2459 123%
c u 1287.45 43 18 92 729 294107 2 13136332 124029 1.7 18 10 5 12 49% 33298 9395 2459 123%
c v 1288.78 43 18 92 729 294107 2 13136332 113460 1.7 18 10 5 12 49% 33298 9395 2459 123%
c w 1289.24 43 18 92 729 294107 2 13136332 112503 1.7 18 10 5 12 49% 33298 9395 2459 123%
c - 1289.30 43 18 92 730 294124 2 13136509 92335 1.7 18 11 5 12 49% 33298 9395 2459 123%
c - 1291.57 43 18 92 731 295502 2 13163527 97450 1.7 18 11 5 12 49% 33298 9395 2459 123%
c - 1293.69 43 18 92 732 296173 2 13190565 100024 1.7 18 11 5 12 48% 33298 9395 2459 123%
c - 1295.90 43 18 92 733 297138 2 13217620 100724 1.7 17 11 5 12 48% 33298 9395 2459 123%
c - 1298.24 43 18 92 734 298198 2 13244693 100848 1.7 17 11 5 12 48% 33298 9395 2459 123%
c - 1300.51 43 18 92 735 299120 2 13271786 101051 1.7 17 11 5 12 48% 33298 9395 2459 123%
c - 1302.79 43 18 92 736 299974 2 13298896 101568 1.7 17 10 5 12 48% 33298 9395 2459 123%
c - 1305.15 43 18 92 737 301171 2 13326026 102179 1.7 18 10 5 12 48% 33298 9395 2459 123%
c
c   seconds    switched       rate             size/glue  tier1     binary        remaining
c           MB   reductions      conflicts           size   tier2      irredundant
c            level      restarts         redundant      glue    trail        variables
c
c - 1307.54 43 18 92 738 302395 2 13353173 102537 1.7 18 11 5 12 48% 33298 9395 2459 123%
c - 1309.84 43 18 92 739 303278 2 13380339 102558 1.7 18 11 5 12 48% 33298 9395 2459 123%
c - 1312.18 43 18 92 740 304311 2 13407525 102466 1.7 18 11 5 12 48% 33298 9395 2459 123%
c } 1313.62 43 18 93 740 304914 2 13424118 117641 1.7 18 11 5 12 48% 33298 9395 2459 123%
c [ 1313.62 43 19 93 740 304914 1 13424118 117641 2.0 24 12 6 15 49% 33298 9395 2459 123%
c W 1319.40 43 19 93 740 304914 1 13424118 117641 2.0 24 12 6 15 49% 33298 9395 2459 123%
c - 1320.32 43 19 93 741 304920 1 13434727 101755 2.0 24 12 6 15 49% 33298 9395 2459 123%
c - 1322.69 43 19 93 742 304932 1 13461951 101329 2.0 24 12 6 15 50% 33298 9395 2459 123%
c - 1325.21 43 20 93 743 304943 1 13489192 100062 2.0 25 13 6 15 50% 33298 9395 2459 123%
c - 1327.72 43 20 93 744 304951 1 13516451 98175 2.0 25 13 6 15 51% 33298 9395 2459 123%
c u 1328.89 43 20 93 744 304951 1 13517864 96571 2.0 25 13 6 15 51% 33298 9395 2459 123%
c v 1330.13 43 20 93 744 304951 1 13517864 87924 2.0 25 13 6 15 51% 33298 9395 2459 123%
c w 1330.57 43 20 93 744 304951 1 13517864 79681 2.0 25 13 6 15 51% 33298 9395 2459 123%
c o 1330.60 43 20 93 744 304951 1 13517864 79681 2.0 25 13 6 15 51% 33298 9395 2459 123%
c - 1332.73 43 21 93 745 304963 1 13543728 81937 1.9 25 13 6 15 51% 33298 9395 2459 123%
c - 1335.19 43 20 93 746 304974 1 13571022 92154 1.9 24 13 6 15 51% 33298 9395 2459 123%
c - 1338.02 43 20 93 747 304976 1 13598335 98792 1.9 24 13 6 15 51% 33298 9395 2459 123%
c - 1340.64 43 22 93 748 304980 1 13625666 94833 1.8 24 13 6 15 51% 33298 9395 2459 123%
c - 1343.36 43 23 93 749 304991 1 13653015 88178 1.8 25 14 6 15 51% 33298 9395 2459 123%
c - 1346.08 43 23 93 750 305006 1 13680382 89851 1.8 25 14 6 15 50% 33298 9395 2459 123%
c
c   seconds    switched       rate            size/glue  tier1     binary        remaining
c           MB   reductions      conflicts          size   tier2      irredundant
c            level      restarts         redundant     glue    trail        variables
c
c - 1348.80 43 22 93 751 305011 1 13707768 94275 1.8 25 14 6 15 50% 33298 9395 2459 123%
c - 1351.66 43 21 93 752 305022 1 13735173 99719 1.8 25 13 6 15 50% 33298 9395 2459 123%
c - 1354.54 43 20 93 753 305037 1 13762595 103057 1.9 24 13 6 15 50% 33298 9395 2459 123%
c O 1357.23 43 20 93 753 305039 1 13787190 126010 1.9 24 13 6 15 50% 33298 9395 2459 123%
c - 1357.57 43 20 93 754 305039 1 13790036 104066 1.9 24 13 6 15 50% 33298 9395 2459 123%
c ] 1357.70 43 20 94 754 305039 1 13791517 105482 1.9 24 13 6 15 50% 33298 9395 2459 123%
c { 1357.70 43 18 94 754 305039 2 13791517 105482 1.7 18 11 5 12 48% 33298 9395 2459 123%
c - 1359.92 43 18 94 755 305827 2 13817495 105273 1.7 18 11 5 12 48% 33298 9395 2459 123%
c - 1362.37 43 18 94 756 307004 2 13844972 104546 1.7 18 11 5 12 49% 33298 9395 2459 123%
c - 1364.72 43 18 94 757 307918 2 13872467 96291 1.7 18 10 4 12 49% 33298 9395 2459 123%
c - 1367.04 43 18 94 758 308825 2 13899982 93838 1.7 18 10 4 12 49% 33298 9395 2459 123%
c u 1368.67 43 18 94 758 309140 2 13905361 91184 1.7 18 10 4 12 49% 33298 9395 2459 123%
c v 1370.04 43 18 94 758 309140 2 13905361 85820 1.7 18 10 4 12 49% 33298 9395 2459 123%
c w 1370.51 43 18 94 758 309140 2 13905361 84861 1.7 18 10 4 12 49% 33298 9395 2459 123%
c - 1372.27 43 18 94 759 310031 2 13927514 82030 1.7 18 11 4 12 49% 33298 9395 2459 123%
c - 1374.39 43 18 94 760 311078 2 13955063 85643 1.7 18 11 4 12 48% 33298 9395 2459 123%
c - 1376.50 43 18 94 761 311969 2 13982631 86454 1.7 18 10 4 12 48% 33298 9395 2459 123%
c o 1378.59 43 18 94 761 313035 2 14009564 111030 1.7 18 10 4 12 48% 33298 9395 2459 123%
c - 1378.67 43 18 94 762 313107 2 14010218 87054 1.7 18 10 4 12 48% 33298 9395 2459 123%
c - 1380.84 43 18 94 763 314172 2 14037823 88071 1.7 18 11 4 12 48% 33298 9395 2459 123%
c
c   seconds    switched       rate            size/glue  tier1     binary        remaining
c           MB   reductions      conflicts          size   tier2      irredundant
c            level      restarts         redundant     glue    trail        variables
c
c - 1383.04 43 18 94 764 315266 2 14065446 87915 1.7 18 11 4 12 49% 33298 9395 2459 123%
c - 1385.25 43 18 94 765 316308 2 14093087 87975 1.7 18 11 4 12 49% 33298 9395 2459 123%
c - 1387.47 43 18 94 766 317632 2 14120745 88319 1.7 18 11 4 12 49% 33298 9395 2459 123%
c - 1389.72 43 18 94 767 318871 2 14148422 88331 1.7 18 11 4 12 49% 33298 9395 2459 123%
c - 1391.92 43 18 94 768 319930 2 14176118 88485 1.7 18 11 4 12 49% 33298 9395 2459 123%
c - 1394.11 43 19 94 769 321018 2 14203831 88971 1.7 18 11 4 12 49% 33298 9395 2459 123%
c } 1396.20 43 18 95 769 321917 2 14230502 113219 1.7 18 11 4 12 48% 33298 9395 2459 123%
c [ 1396.20 43 20 95 769 321917 1 14230502 113219 1.9 24 13 6 15 50% 33298 9395 2459 123%
c B 1396.20 43 20 95 769 321917 1 14230502 113219 1.9 24 13 6 15 50% 33298 9395 2459 123%
c - 1396.29 43 20 95 770 321918 1 14231561 88809 1.9 24 13 6 15 50% 33298 9395 2459 123%
c - 1398.58 43 19 95 771 321931 1 14259309 88477 1.9 23 12 6 15 50% 33298 9395 2459 123%
c - 1400.95 43 20 95 772 321945 1 14287075 84907 1.9 24 13 6 15 50% 33298 9395 2459 123%
c u 1402.96 43 20 95 772 321947 1 14298826 92493 1.9 24 13 6 15 50% 33298 9395 2459 123%
c v 1404.18 43 20 95 772 321947 1 14298826 72404 1.9 24 13 6 15 50% 33298 9395 2459 123%
c w 1404.61 43 20 95 772 321947 1 14298826 69540 1.9 24 13 6 15 50% 33298 9395 2459 123%
c - 1406.05 43 21 95 773 321950 1 14314859 65451 1.9 25 13 6 15 50% 33298 9395 2459 123%
c - 1408.59 43 22 95 774 321962 1 14342662 70897 1.9 25 14 6 15 49% 33298 9395 2459 123%
c - 1411.18 43 22 95 775 321977 1 14370485 73948 1.9 26 14 6 15 49% 33298 9395 2459 123%
c - 1413.65 43 23 95 776 321979 1 14398325 76128 1.9 26 14 6 15 49% 33298 9395 2459 123%
c - 1416.22 43 24 95 777 321979 1 14426181 73140 1.9 27 14 6 15 49% 33298 9395 2459 123%
c
c   seconds    switched       rate            size/glue  tier1     binary        remaining
c           MB   reductions      conflicts          size   tier2      irredundant
c            level      restarts         redundant     glue    trail        variables
c
c - 1418.93 43 24 95 778 321994 1 14454055 70224 1.9 28 15 6 15 48% 33298 9395 2459 123%
c - 1421.77 43 25 95 779 322008 1 14481948 70772 1.8 28 15 6 15 49% 33298 9395 2459 123%
c - 1424.70 43 24 95 780 322011 1 14509859 74120 1.8 28 15 6 15 48% 33298 9395 2459 123%
c - 1427.63 43 23 95 781 322025 1 14537788 78715 1.9 27 15 6 15 48% 33298 9395 2459 123%
c - 1430.17 43 23 95 782 322039 1 14565737 81563 1.9 27 14 6 15 48% 33298 9395 2459 123%
c - 1432.88 43 24 95 783 322042 1 14593702 80654 1.9 27 15 6 15 49% 33298 9395 2459 123%
c ] 1434.10 43 25 96 783 322042 1 14607124 93703 1.9 28 15 6 15 48% 33298 9395 2459 123%
c { 1434.10 43 18 96 783 322042 2 14607124 93703 1.7 18 11 4 12 48% 33298 9395 2459 123%
c o 1434.12 43 18 96 783 322061 2 14607244 93819 1.7 18 11 4 12 48% 33298 9395 2459 123%
c - 1435.32 43 18 96 784 322565 2 14621684 80615 1.7 18 11 4 12 48% 33298 9395 2459 123%
c - 1437.53 43 18 96 785 323378 2 14649686 85135 1.7 18 11 4 12 48% 33298 9395 2459 123%
c - 1439.77 43 18 96 786 324549 2 14677704 89274 1.7 18 11 4 12 48% 33298 9395 2459 123%
c u 1442.50 43 18 96 786 325271 2 14698286 101378 1.7 18 11 4 12 48% 33298 9395 2459 123%
c v 1443.90 43 18 96 786 325271 2 14698286 96837 1.7 18 11 4 12 48% 33298 9395 2459 123%
c w 1444.37 43 18 96 786 325271 2 14698286 96267 1.7 18 11 4 12 48% 33298 9395 2459 123%
c - 1445.01 43 18 96 787 325609 2 14705740 80416 1.7 18 11 4 12 48% 33298 9395 2459 123%
c - 1447.07 43 18 96 788 326522 2 14733793 82569 1.7 18 11 4 12 48% 33298 9395 2459 123%
c - 1449.16 43 18 96 789 327667 2 14761864 85167 1.7 18 11 4 12 48% 33298 9395 2459 123%
c - 1451.23 43 18 96 790 328729 2 14789953 85457 1.7 18 11 4 12 48% 33298 9395 2459 123%
c - 1453.34 43 18 96 791 329814 2 14818060 85551 1.7 18 11 4 12 48% 33298 9395 2459 123%
c
c   seconds    switched       rate            size/glue  tier1     binary        remaining
c           MB   reductions      conflicts          size   tier2      irredundant
c            level      restarts         redundant     glue    trail        variables
c
c - 1455.53 43 19 96 792 330957 2 14846186 85410 1.7 18 11 4 12 48% 33298 9395 2459 123%
c - 1457.71 43 18 96 793 331887 2 14874328 85879 1.7 18 11 4 12 48% 33298 9395 2459 123%
c - 1459.84 43 18 96 794 332764 2 14902489 86627 1.7 18 11 4 12 49% 33298 9395 2459 123%
c - 1462.01 43 19 96 795 334001 2 14930667 86904 1.7 18 11 4 12 49% 33298 9395 2459 123%
c - 1464.15 43 19 96 796 334976 2 14958863 86783 1.7 18 11 4 12 49% 33298 9395 2459 123%
c - 1466.18 43 18 96 797 335667 2 14987076 86877 1.7 18 10 4 12 48% 33298 9395 2459 123%
c - 1468.30 43 18 96 798 336543 2 15015308 87322 1.7 18 10 4 12 48% 33298 9395 2459 123%
c - 1470.48 43 18 96 799 337740 2 15043559 87306 1.7 18 10 4 12 48% 33298 9395 2459 123%
c } 1472.03 43 18 97 799 338733 2 15063387 105518 1.7 18 11 4 12 48% 33298 9395 2459 123%
c [ 1472.03 43 25 97 799 338733 1 15063387 105518 1.9 28 15 6 15 48% 33298 9395 2459 123%
c W 1478.91 43 25 97 799 338733 1 15063387 105518 1.9 28 15 6 15 48% 33298 9395 2459 123%
c - 1479.57 43 25 97 800 338739 1 15071825 84881 1.9 28 15 6 15 49% 33298 9395 2459 123%
c - 1481.78 43 24 97 801 338750 1 15100110 81231 1.9 27 15 6 15 50% 33298 9395 2459 123%
c u 1482.99 43 24 97 801 338753 1 15103740 81739 1.9 27 15 6 15 50% 33298 9395 2459 123%
c v 1484.13 43 24 97 801 338753 1 15103740 78056 1.9 27 15 6 15 50% 33298 9395 2459 123%
c w 1484.57 43 24 97 801 338753 1 15103740 77716 1.9 27 15 6 15 50% 33298 9395 2459 123%
c - 1486.70 43 23 97 802 338762 1 15128416 74310 1.9 26 14 6 15 50% 33298 9395 2459 123%
c - 1489.16 43 23 97 803 338770 1 15156735 77677 1.8 25 14 6 15 51% 33298 9395 2459 123%
c - 1491.61 43 22 97 804 338784 1 15185073 79270 1.8 25 14 6 15 51% 33298 9395 2459 123%
c - 1494.03 43 22 97 805 338794 1 15213427 79715 1.9 26 14 6 15 51% 33298 9395 2459 123%
c
c   seconds    switched       rate            size/glue  tier1     binary        remaining
c           MB   reductions      conflicts          size   tier2      irredundant
c            level      restarts         redundant     glue    trail        variables
c
c - 1496.65 43 21 97 806 338795 1 15241799 81275 1.9 25 13 6 15 51% 33298 9395 2459 123%
c - 1499.26 43 20 97 807 338802 1 15270189 84704 1.9 24 13 6 15 51% 33298 9395 2459 123%
c - 1501.71 43 21 97 808 338815 1 15298596 83814 1.9 25 13 6 15 52% 33298 9395 2459 123%
c - 1504.28 43 22 97 809 338826 1 15327021 77164 1.8 25 14 6 15 52% 33298 9395 2459 123%
c - 1507.08 43 22 97 810 338835 1 15355466 76278 1.8 25 14 6 15 52% 33298 9395 2459 123%
c - 1510.06 43 22 97 811 338848 1 15383927 80278 1.9 26 14 6 15 52% 33298 9395 2459 123%
c - 1513.22 43 21 97 812 338857 1 15412405 83893 1.9 25 13 6 15 52% 33298 9395 2459 123%
c ] 1515.44 43 22 98 812 338858 1 15436651 106507 1.9 25 13 6 15 52% 33298 9395 2459 123%
c { 1515.44 43 18 98 812 338858 2 15436651 106507 1.7 18 11 4 12 48% 33298 9395 2459 123%
c o 1515.45 43 18 98 812 338870 2 15436719 106572 1.7 18 11 4 12 48% 33298 9395 2459 123%
c - 1515.76 43 18 98 813 338872 2 15440900 85015 1.7 17 11 4 12 48% 33298 9395 2459 123%
c - 1517.78 43 16 98 814 338880 2 15469416 83309 1.6 17 10 4 12 49% 33298 9395 2459 123%
c - 1519.93 43 15 98 815 338901 2 15497948 83204 1.7 16 10 4 12 49% 33298 9395 2459 123%
c u 1522.29 43 14 98 815 338920 2 15515212 91363 1.7 16 10 4 12 49% 33298 9395 2459 123%
c v 1523.74 43 14 98 815 338920 2 15515212 78267 1.7 16 10 4 12 49% 33298 9395 2459 123%
c w 1523.89 43 14 98 815 338920 2 15515212 77805 1.7 16 10 4 12 49% 33298 9395 2459 123%
c - 1524.67 43 14 98 816 338988 2 15526497 64685 1.7 16 10 4 12 49% 33298 9395 2459 123%
c - 1526.53 43 13 98 817 339058 2 15555062 72399 1.7 16 9 4 12 49% 33298 9395 2459 123%
c - 1528.43 43 13 98 818 339257 1 15583646 78021 1.7 15 9 4 12 49% 33298 9395 2459 123%
c - 1530.39 43 12 98 819 339474 1 15612246 79485 1.6 15 9 4 12 49% 33298 9395 2459 123%
c
c   seconds    switched       rate            size/glue tier1     binary        remaining
c           MB   reductions      conflicts          size  tier2      irredundant
c            level      restarts         redundant    glue    trail        variables
c
c - 1532.39 43 12 98 820 340016 1 15640864 80697 1.6 15 9 4 12 49% 33298 9395 2459 123%
c - 1534.34 43 12 98 821 340371 1 15669499 81643 1.6 15 9 4 12 48% 33298 9395 2459 123%
c - 1536.31 43 11 98 822 340860 1 15698152 81075 1.6 14 9 4 12 49% 33298 9395 2459 123%
c - 1538.43 43 11 98 823 341666 1 15726822 81942 1.6 14 9 4 12 49% 33298 9395 2459 123%
c - 1540.50 43 11 98 824 342512 1 15755509 82977 1.6 14 9 4 12 48% 33298 9395 2459 123%
c - 1542.62 43 11 98 825 343407 1 15784214 82549 1.6 14 9 4 12 48% 33298 9395 2459 123%
c - 1544.69 43 11 98 826 344037 1 15812937 83010 1.6 14 9 4 11 49% 33298 9395 2459 123%
c - 1546.87 43 11 98 827 344840 1 15841677 83903 1.6 14 9 4 11 48% 33298 9395 2459 123%
c - 1548.97 43 11 98 828 345534 1 15870434 84158 1.6 14 9 4 11 49% 33298 9395 2459 123%
c - 1551.01 43 11 98 829 346148 1 15899208 84032 1.6 14 9 4 11 48% 33298 9395 2459 123%
c } 1551.87 43 11 99 829 346574 1 15910485 93393 1.6 14 9 4 11 48% 33298 9395 2459 123%
c [ 1551.87 43 22 99 829 346574 1 15910485 93393 1.9 25 13 6 15 52% 33298 9395 2459 123%
c I 1551.87 43 22 99 829 346574 1 15910485 93393 1.9 25 13 6 15 52% 33298 9395 2459 123%
c - 1553.13 43 22 99 830 346585 1 15928001 81159 1.9 25 14 6 15 51% 33298 9395 2459 123%
c u 1554.38 43 23 99 830 346587 1 15932704 80013 1.9 25 14 6 15 51% 33298 9395 2459 123%
c v 1555.45 43 23 99 830 346587 1 15932704 77417 1.9 25 14 6 15 51% 33298 9395 2459 123%
c w 1555.85 43 23 99 830 346587 1 15932704 75911 1.9 25 14 6 15 51% 33298 9395 2459 123%
c - 1557.75 43 23 99 831 346597 1 15956811 67053 1.8 26 14 6 15 50% 33298 9395 2459 123%
c - 1559.98 43 23 99 832 346604 1 15985638 68790 1.9 26 14 6 15 50% 33298 9395 2459 123%
c o 1562.36 43 23 99 832 346618 1 16012991 94632 1.9 27 14 6 15 50% 33298 9395 2459 123%
c
c   seconds    switched       rate            size/glue  tier1     binary        remaining
c           MB   reductions      conflicts          size   tier2      irredundant
c            level      restarts         redundant     glue    trail        variables
c
c - 1562.49 43 26 99 833 346618 1 16014482 67587 1.8 27 15 6 15 50% 33298 9395 2459 123%
c - 1564.72 43 30 99 834 346631 1 16043343 65274 1.8 28 15 6 15 50% 33298 9395 2459 123%
c - 1567.11 43 29 99 835 346635 1 16072222 65211 1.9 29 15 6 15 50% 33298 9395 2459 123%
c - 1569.84 43 29 99 836 346636 1 16101118 65170 1.8 29 16 6 15 50% 33298 9395 2459 123%
c - 1572.63 43 27 99 837 346650 1 16130033 66507 1.8 29 16 6 15 50% 33298 9395 2459 123%
c - 1575.28 43 26 99 838 346664 1 16158963 69721 1.8 28 15 6 15 50% 33298 9395 2459 123%
c - 1577.94 43 26 99 839 346667 1 16187914 72908 1.9 28 15 6 15 50% 33298 9395 2459 123%
c - 1580.66 43 25 99 840 346682 1 16216880 76238 1.9 28 15 6 15 50% 33298 9395 2459 123%
c - 1583.18 43 24 99 841 346696 1 16245863 77665 1.9 27 15 6 15 50% 33298 9395 2459 123%
c - 1585.96 43 24 99 842 346699 1 16274864 73959 1.8 27 15 6 15 50% 33298 9395 2459 123%
c ] 1588.14 43 23 100 842 346699 1 16299390 97117 1.9 27 14 6 15 50% 33298 9395 2459 123%
c { 1588.14 43 11 100 842 346699 1 16299390 97117 1.6 14 9 4 11 48% 33298 9395 2459 123%
c - 1588.60 43 12 100 843 347478 1 16303881 76063 1.6 14 9 4 11 48% 33298 9395 2459 123%
c - 1591.24 43 15 100 844 351964 2 16332916 82297 1.6 15 10 4 11 49% 33298 9395 2459 123%
c u 1594.10 43 16 100 844 353623 2 16356242 99527 1.6 16 10 4 11 48% 33298 9395 2459 123%
c v 1595.54 43 16 100 844 353623 2 16356242 97155 1.6 16 10 4 11 48% 33298 9395 2459 123%
c w 1596.03 43 16 100 844 353623 2 16356242 94195 1.6 16 10 4 11 48% 33298 9395 2459 123%
c - 1601.81 43 16 100 845 353979 2 16361968 79591 1.6 16 10 4 11 48% 33298 9395 2459 123%
c - 1603.99 43 16 100 846 355730 3 16391038 81704 1.6 16 10 4 11 48% 33298 9395 2459 123%
c - 1606.21 43 17 100 847 357592 3 16420124 82581 1.6 17 10 4 11 48% 33298 9395 2459 123%
c
c   seconds    switched        rate            size/glue  tier1     binary        remaining
c           MB    reductions      conflicts          size   tier2      irredundant
c            level       restarts         redundant     glue    trail        variables
c
c - 1608.36 43 18 100 848 358948 3 16449227 83367 1.6 17 10 4 11 48% 33298 9395 2459 123%
c - 1610.50 43 18 100 849 360341 3 16478347 83924 1.6 17 10 4 11 48% 33298 9395 2459 123%
c - 1612.60 43 18 100 850 361253 3 16507485 84360 1.7 17 10 4 11 48% 33298 9395 2459 123%
c - 1614.72 43 18 100 851 362670 3 16536639 84519 1.7 17 10 4 11 48% 33298 9395 2459 123%
c o 1615.16 43 18 100 851 362935 3 16542995 90314 1.7 17 10 4 11 48% 33298 9395 2459 123%
c - 1616.83 43 18 100 852 363940 3 16565812 84663 1.7 17 10 4 11 48% 33298 9395 2459 123%
c - 1618.98 43 18 100 853 365344 3 16595002 84722 1.6 17 10 4 11 48% 33298 9395 2459 123%
c - 1621.05 43 18 100 854 366155 2 16624208 84951 1.7 17 10 4 11 48% 33298 9395 2459 123%
c - 1623.24 43 18 100 855 367524 3 16653431 85388 1.7 17 10 4 11 48% 33298 9395 2459 123%
c - 1625.26 43 18 100 856 368264 2 16682671 85541 1.7 17 10 4 11 48% 33298 9395 2459 123%
c - 1627.40 43 18 100 857 369371 2 16711928 85757 1.7 17 10 4 11 48% 33298 9395 2459 123%
c - 1629.54 43 18 100 858 370584 2 16741202 86003 1.7 18 10 4 11 48% 33298 9395 2459 123%
c - 1631.70 43 18 100 859 371823 2 16770493 86088 1.7 18 10 4 11 48% 33298 9395 2459 123%
c u 1633.45 43 18 100 859 372322 2 16785824 98146 1.7 18 10 4 11 49% 33298 9395 2459 123%
c v 1634.28 43 18 100 859 372322 2 16785824 95697 1.7 18 10 4 11 49% 33298 9395 2459 123%
c w 1634.56 43 18 100 859 372322 2 16785824 95094 1.7 18 10 4 11 49% 33298 9395 2459 123%
c } 1635.10 43 18 101 859 372491 2 16791089 99879 1.7 18 10 4 11 48% 33298 9395 2459 123%
c [ 1635.10 43 23 101 859 372491 1 16791089 99879 1.9 27 14 6 15 50% 33298 9395 2459 123%
c B 1635.10 43 23 101 859 372491 1 16791089 99879 1.9 27 14 6 15 50% 33298 9395 2459 123%
c - 1635.75 43 25 101 860 372497 1 16799802 79360 1.8 27 15 6 15 50% 33298 9395 2459 123%
c
c   seconds    switched        rate            size/glue  tier1     binary        remaining
c           MB    reductions      conflicts          size   tier2      irredundant
c            level       restarts         redundant     glue    trail        variables
c
c - 1638.03 43 24 101 861 372510 1 16829127 73154 1.8 27 15 6 15 50% 33298 9395 2459 123%
c - 1640.39 43 23 101 862 372521 1 16858472 75033 1.8 26 14 6 15 50% 33298 9395 2459 123%
c - 1642.75 43 24 101 863 372531 1 16887831 78452 1.9 26 14 6 15 50% 33298 9395 2459 123%
c - 1645.48 43 25 101 864 372543 1 16917207 72048 1.8 27 15 6 15 50% 33298 9395 2459 123%
c - 1648.25 43 24 101 865 372552 1 16946600 72918 1.9 26 14 6 15 50% 33298 9395 2459 123%
c - 1651.00 43 23 101 866 372553 1 16976010 77443 1.9 26 14 6 15 50% 33298 9395 2459 123%
c - 1653.89 43 22 101 867 372565 1 17005437 79407 1.9 26 14 6 15 50% 33298 9395 2459 123%
c - 1656.57 43 21 101 868 372577 1 17034884 85234 1.9 25 13 6 15 50% 33298 9395 2459 123%
c - 1659.31 43 21 101 869 372584 1 17064346 87774 1.9 25 13 6 15 50% 33298 9395 2459 123%
c - 1662.04 43 20 101 870 372598 1 17093825 87377 1.9 25 13 6 15 49% 33298 9395 2459 123%
c - 1664.88 43 20 101 871 372613 1 17123321 87959 1.9 24 13 6 15 49% 33298 9395 2459 123%
c - 1667.74 43 19 101 872 372616 1 17152835 90506 1.9 23 12 6 15 49% 33298 9395 2459 123%
c - 1670.29 43 22 101 873 372616 1 17182364 83437 1.9 25 13 6 15 49% 33298 9395 2459 123%
c ] 1670.86 43 23 102 873 372617 1 17189096 89911 1.9 25 14 6 15 49% 33298 9395 2459 123%
c { 1670.87 43 18 102 873 372617 2 17189096 89911 1.7 18 10 4 11 48% 33298 9395 2459 123%
c o 1670.88 43 18 102 873 372628 2 17189188 90003 1.7 18 10 4 11 48% 33298 9395 2459 123%
c - 1674.42 43 26 102 874 376591 4 17211912 71040 1.7 21 12 4 11 48% 33298 9395 2459 123%
c u 1677.09 43 29 102 874 378252 5 17221476 77263 1.7 22 13 4 11 48% 33298 9395 2459 123%
c v 1678.62 43 29 102 874 378252 5 17221476 74328 1.7 22 13 4 11 48% 33298 9395 2459 123%
c w 1679.17 43 29 102 874 378252 5 17221476 74291 1.7 22 13 4 11 48% 33298 9395 2459 123%
c
c   seconds    switched        rate            size/glue  tier1     binary        remaining
c           MB    reductions      conflicts          size   tier2      irredundant
c            level       restarts         redundant     glue    trail        variables
c
c - 1682.54 43 33 102 875 381710 6 17241475 63897 1.8 24 13 4 11 48% 33298 9395 2459 123%
c - 1687.23 43 38 102 876 386085 6 17271056 63739 1.8 26 14 4 11 48% 33298 9395 2459 123%
c - 1691.67 43 41 102 877 389550 7 17300653 65462 1.9 28 15 4 12 48% 33298 9395 2459 123%
c - 1695.83 43 43 102 878 392344 7 17330267 66922 1.9 30 16 4 12 48% 33298 9395 2459 123%
c - 1699.89 43 44 102 879 394598 6 17359898 67908 1.9 31 16 4 12 48% 33298 9395 2459 123%
c - 1703.78 43 45 102 880 396712 6 17389547 68583 2.0 32 16 4 12 49% 33298 9395 2459 123%
c - 1707.58 43 46 102 881 398667 6 17419213 68864 2.0 33 16 4 12 49% 33298 9395 2459 123%
c - 1711.19 43 46 102 882 400278 5 17448897 68908 2.0 33 17 4 12 49% 33298 9395 2459 123%
c - 1714.84 43 45 102 883 401820 5 17478596 69814 2.0 34 17 4 12 49% 33298 9395 2459 123%
c - 1718.23 43 45 102 884 403145 5 17508311 71527 2.1 34 16 4 12 49% 33298 9395 2459 123%
c - 1721.92 43 45 102 885 404770 5 17538043 71606 2.1 34 17 4 12 49% 33298 9395 2459 123%
c - 1725.37 43 45 102 886 406031 5 17567792 71622 2.1 35 16 4 12 49% 33298 9395 2459 123%
c - 1729.26 43 45 102 887 407864 5 17597559 71702 2.1 35 17 4 12 49% 33298 9395 2459 123%
c - 1733.00 43 45 102 888 409482 5 17627343 71089 2.1 35 17 4 12 49% 33298 9395 2459 123%
c - 1736.64 43 45 102 889 410874 4 17657143 71162 2.1 35 17 4 12 49% 33298 9395 2459 123%
c u 1738.73 43 45 102 889 411158 4 17663201 73859 2.1 35 17 4 12 49% 33298 9395 2459 123%
c v 1741.05 43 45 102 889 411158 4 17663201 71716 2.1 35 17 4 12 49% 33298 9395 2459 123%
c w 1741.79 43 45 102 889 411158 4 17663201 71304 2.1 35 17 4 12 49% 33298 9395 2459 123%
c - 1744.62 43 44 102 890 412243 4 17686959 66826 2.1 35 17 4 12 49% 33298 9395 2459 123%
c } 1745.91 43 44 103 890 412770 4 17698949 78612 2.1 35 17 4 12 49% 33298 9395 2459 123%
c
c   seconds    switched        rate            size/glue  tier1     binary        remaining
c           MB    reductions      conflicts          size   tier2      irredundant
c            level       restarts         redundant     glue    trail        variables
c
c [ 1745.91 43 23 103 890 412770 1 17698949 78612 1.9 25 14 6 15 49% 33298 9395 2459 123%
c W 1754.08 43 23 103 890 412770 1 17698949 78612 1.9 25 14 6 15 49% 33298 9395 2459 123%
c - 1755.44 43 23 103 891 412781 1 17716792 70709 1.9 25 14 6 15 49% 33298 9395 2459 123%
c - 1758.15 43 22 103 892 412794 1 17746643 77326 1.8 25 13 6 15 49% 33298 9395 2459 123%
c - 1761.00 43 20 103 893 412800 1 17776511 84649 1.9 24 13 6 15 50% 33298 9395 2459 123%
c - 1763.44 43 20 103 894 412815 1 17806396 87348 1.8 24 13 6 15 50% 33298 9395 2459 123%
c - 1766.27 43 20 103 895 412829 1 17836298 85220 1.8 23 13 6 15 50% 33298 9395 2459 123%
c - 1769.09 43 21 103 896 412832 1 17866215 84349 1.8 24 13 6 15 50% 33298 9395 2459 123%
c - 1772.07 43 21 103 897 412833 1 17896148 83632 1.8 24 13 6 15 50% 33298 9395 2459 123%
c - 1775.39 43 22 103 898 412847 1 17926097 82255 1.8 24 13 6 15 50% 33298 9395 2459 123%
c - 1778.60 43 21 103 899 412862 1 17956063 83912 1.8 24 13 6 15 50% 33298 9395 2459 123%
c - 1781.68 43 21 103 900 412870 1 17986046 88551 1.8 24 13 6 15 50% 33298 9395 2459 123%
c - 1784.61 43 20 103 901 412883 1 18016047 90478 1.8 23 13 6 15 50% 33298 9395 2459 123%
c - 1787.17 43 19 103 902 412894 1 18046063 91782 1.8 23 13 6 15 50% 33298 9395 2459 123%
c - 1790.04 43 19 103 903 412895 1 18076096 90170 1.8 23 12 6 15 50% 33298 9395 2459 123%
c - 1792.82 43 20 103 904 412896 1 18106146 87876 1.9 24 13 6 15 50% 33298 9395 2459 123%
c u 1794.52 43 20 103 904 412896 1 18111020 88137 1.9 24 13 6 15 50% 33298 9395 2459 123%
c v 1796.39 43 20 103 904 412896 1 18111020 74602 1.9 24 13 6 15 50% 33298 9395 2459 123%
c w 1796.98 43 20 103 904 412896 1 18111020 72986 1.9 24 13 6 15 50% 33298 9395 2459 123%
c o 1797.01 43 20 103 904 412896 1 18111020 72986 1.9 24 13 6 15 50% 33298 9395 2459 123%
c
c   seconds    switched        rate            size/glue  tier1     binary        remaining
c           MB    reductions      conflicts          size   tier2      irredundant
c            level       restarts         redundant     glue    trail        variables
c
c O 1797.86 43 32 103 904 412896 1 18123474 85259 1.8 25 14 6 15 50% 33298 9395 2459 123%
c - 1798.82 43 31 103 905 412896 1 18136212 71876 1.7 25 14 6 15 50% 33298 9395 2459 123%
c caught signal 15 (SIGTERM)
c
c ---- [ profiling ] ---------------------------------------------------------
c
c        1596.93   88.73 %  search
c         815.76   45.32 %  focused
c         781.17   43.40 %  stable
c         202.75   11.27 %  simplify
c         155.98    8.67 %  probe
c         132.65    7.37 %  vivify
c          46.68    2.59 %  walking
c          19.74    1.10 %  sweep
c          14.81    0.82 %  reduce
c           1.86    0.10 %  substitute
c           1.25    0.07 %  transitive
c           0.23    0.01 %  factor
c           0.20    0.01 %  eliminate
c           0.19    0.01 %  backbone
c           0.13    0.01 %  preprocess
c           0.07    0.00 %  congruence
c           0.02    0.00 %  subsume
c           0.01    0.00 %  fastel
c           0.01    0.00 %  parse
c           0.00    0.00 %  lucky
c =============================================
c        1799.82  100.00 %  total
c
c ---- [ statistics ] --------------------------------------------------------
c
c chronological:                           61                0 %  conflicts
c conflicts:                         18149476            10084.05 per second
c decisions:                         37989888                2.09 per conflict
c eliminated:                            5812              290 %  variables
c factored:                              6277              313 %  variables
c fast_eliminated:                       2127               37 %  eliminated
c fast_strengthened:                        7                0 %  per strengthened
c propagations:                    6028076674          3349267    per second
c reductions:                             905            20055    interval
c reordered:                               56           324098    interval
c rephased:                                66           274992    interval
c restarts:                            412896               44    interval
c strengthened:                          3828                1 %  checks
c switched:                               103           176209    interval
c vivified:                            983788               51 %  checks
c walks:                                   22           824976    interval
c
c ---- [ proof ] -------------------------------------------------------------
c
c proof_added:                       18584171               50 %  per line
c proof_bytes:                     1730150400             1650 MB 
c proof_deleted:                     18531574               50 %  per line
c
c ---- [ glue usage ] --------------------------------------------------------
c
c focused glue 4    used 1433588 clauses  5.90% accumulated 50.61% tier1
c focused glue 5    used  979472 clauses  4.03% accumulated 54.64%
c focused glue 6-10 used 7274074 clauses 29.93% accumulated 84.56%
c focused glue 11   used 1167578 clauses  4.80% accumulated 89.37%
c focused glue 12   used  789621 clauses  3.25% accumulated 92.62% tier2
c
c stable glue 6    used 2109942 clauses  6.27% accumulated 55.38% tier1
c stable glue 7    used 1820284 clauses  5.41% accumulated 60.79%
c stable glue 8-13 used 8591895 clauses 25.53% accumulated 86.32%
c stable glue 14   used  946219 clauses  2.81% accumulated 89.13%
c stable glue 15   used  786358 clauses  2.34% accumulated 91.47% tier2
c
c ---- [ resources ] ---------------------------------------------------------
c
c maximum-resident-set-size:         51298304 bytes         49 MB
c process-time:                            30m            1799.82 seconds
c raising signal 15 (SIGTERM)
