c ---- [ banner ] ------------------------------------------------------------
c
c Kissat SAT Solver
c 
c Copyright (c) 2021-2024 Armin Biere University of Freiburg
c Copyright (c) 2019-2021 Armin Biere Johannes Kepler University Linz
c 
c Version 4.0.0 unknown
c gcc (Ubuntu 13.3.0-6ubuntu2~24.04.1) 13.3.0 -W -Wall -O3 -DNDEBUG
c Mon Aug 3 21:56:23 UTC 2026 Linux runnervmvrwv9 6.17.0-1020-azure x86_64
c
c ---- [ proving ] -----------------------------------------------------------
c
c opened and writing proof to DRAT file:
c
c   borsuk_11_k6_q00r00_sixth_base_colorability_screen/work/results/q00r00-s000/q00r00-s000.drat
c
c ---- [ parsing ] -----------------------------------------------------------
c
c opened and reading DIMACS file:
c
c   borsuk_11_k6_q00r00_sixth_base_colorability_screen/work/input/instances/cases/q00r00-s000/q00r00-s000_12color.cnf
c
c parsed 'p cnf 2218 92365' header
c closing input after reading 1213056 bytes (1 MB)
c finished parsing after 0.01 seconds
c
c ---- [ solving ] -----------------------------------------------------------
c
c  seconds switched rate     size/glue tier1  binary       remaining
c         MB reductions conflicts size  tier2    irredundant
c          level restarts redundant glue  trail       variables
c
c *  0.01  5 0 0 0  0 0   0   0 0.0 0 0 0 0 0% 92048 307 2208 100%
c (  0.01  5 0 0 0  0 0   0   0 0.0 0 0 0 0 0% 92048 307 2208 100%
c .  0.01  5 0 0 0  0 0   0   0 0.0 0 0 0 0 0% 92048 307 2208 100%
c f  0.16  8 0 0 0  0 0   0   0 0.0 0 0 0 0 0% 38839 307 7496 338%
c e  0.17  7 0 0 0  0 0   0   0 0.0 0 0 0 0 0% 41114 867 5065 228%
c )  0.17  7 0 0 0  0 0   0   0 0.0 0 0 0 0 0% 41114 867 5065 228%
c {  0.17  7 0 0 0  0 0   0   0 0.0 0 0 2 6 0% 41114 867 5065 228%
c -  0.20  7 21 0 1 27 2 1001 695 2.0 21 11 9 13 35% 41114 867 5065 228%
c }  0.20  7 21 1 1 27 2 1001 695 2.0 21 11 9 13 35% 41114 867 5065 228%
c [  0.20  7 0 1 1 27 0 1001 695 0.0 0 0 2 6 0% 41114 867 5065 228%
c B  0.20  7 0 1 1 27 0 1001 695 0.0 0 0 2 6 0% 41114 867 5065 228%
c ]  0.23  7 36 2 1 27 1 1942 1545 1.6 18 11 2 6 37% 41114 867 5065 228%
c {  0.23  7 21 2 1 27 2 1942 1545 2.0 21 11 9 13 35% 41114 867 5065 228%
c -  0.24  7 21 2 2 27 2 2001 1148 2.0 21 11 9 13 36% 41114 867 5065 228%
c u  0.26  7 20 2 2 39 2 2566 1628 1.9 19 10 9 13 35% 41114 867 5065 228%
c v  0.27  7 20 2 2 39 2 2566 1519 1.9 19 10 9 13 35% 41114 867 5065 228%
c w  0.27  7 20 2 2 39 2 2566 1515 1.9 19 10 9 13 35% 41114 867 5065 228%
c f  0.29  8 20 2 2 39 2 2566 1515 1.9 19 10 9 13 35% 37800 867 7253 327%
c u  0.31  8 20 2 2 39 2 2566 1469 1.9 19 10 9 13 35% 37800 867 7253 327%
c v  0.31  8 20 2 2 39 2 2566 1442 1.9 19 10 9 13 35% 37800 867 7253 327%
c
c  seconds  switched rate       size/glue  tier1     binary       remaining
c         MB reductions conflicts     size   tier2      irredundant
c          level restarts  redundant     glue    trail       variables
c
c w  0.32  8 20 2 2 39 2 2566 1440 1.9 19 10 9 13 35% 37800 867 7253 327%
c }  0.36  8 18 3 2 46 2 2943 1775 1.8 19 10 9 13 34% 37800 867 7253 327%
c [  0.36  8 36 3 2 46 1 2943 1775 1.6 18 11 2 6 37% 37800 867 7253 327%
c W  0.36  8 36 3 2 46 1 2943 1775 1.6 18 11 2 6 37% 37800 867 7253 327%
c -  0.38  8 38 3 3 46 1 3415 2048 1.6 21 13 10 18 34% 37800 867 7253 327%
c ]  0.40  8 37 4 3 46 1 3845 2470 1.7 22 13 10 18 33% 37800 867 7253 327%
c {  0.40  8 18 4 3 46 2 3845 2470 1.8 19 10 9 13 34% 37800 867 7253 327%
c -  0.45  8 20 4 4 200 3 5147 3452 1.7 18 10 9 13 32% 37800 867 7253 327%
c }  0.49  9 20 5 4 232 3 6197 4430 1.7 18 10 9 13 30% 37800 867 7253 327%
c [  0.49  9 37 5 4 232 1 6197 4430 1.7 22 13 10 18 33% 37800 867 7253 327%
c I  0.49  9 37 5 4 232 1 6197 4430 1.7 22 13 10 18 33% 37800 867 7253 327%
c -  0.53 10 47 5 5 232 1 7147 4835 1.7 25 14 11 22 31% 37800 867 7253 327%
c u  0.58 10 45 5 5 233 1 7926 5564 1.8 26 15 11 22 30% 37800 867 7253 327%
c v  0.58 10 45 5 5 233 1 7926 5552 1.8 26 15 11 22 30% 37800 867 7253 327%
c w  0.59 10 45 5 5 233 1 7926 5550 1.8 26 15 11 22 30% 37800 867 7253 327%
c ]  0.62 11 43 6 5 234 1 8489 6088 1.8 26 15 11 23 30% 37800 867 7253 327%
c {  0.62 11 20 6 5 234 3 8489 6088 1.7 18 10 9 13 30% 37800 867 7253 327%
c -  0.66 11 25 6 6 263 3 9384 6103 1.7 18 10 9 13 30% 37800 867 7253 327%
c o  0.69 11 27 6 6 317 4 10079 6780 1.7 18 11 9 13 30% 37800 867 7253 327%
c -  0.77 11 34 6 7 498 5 11836 7487 1.7 18 11 9 13 29% 37800 867 7253 327%
c
c  seconds  switched  rate        size/glue  tier1     binary       remaining
c         MB reductions conflicts       size   tier2      irredundant
c          level restarts    redundant     glue    trail       variables
c
c }  0.80 11 35 7 7 523 5 12559 8192 1.7 19 11 9 13 29% 37800 867 7253 327%
c [  0.80 11 43 7 7 523 1 12559 8192 1.8 26 15 11 23 30% 37800 867 7253 327%
c B  0.80 11 43 7 7 523 1 12559 8192 1.8 26 15 11 23 30% 37800 867 7253 327%
c e  0.83 10 43 7 7 523 1 12819 8433 1.8 27 15 11 23 30% 34190 3759 6806 307%
c ^  0.83 10 43 7 7 523 1 12819 8433 1.8 27 15 11 23 30% 34190 3759 6806 307%
c -  0.91  9 36 7 8 524 1 14481 2751 1.8 25 14 10 20 29% 34190 3759 6806 307%
c ]  0.99  9 31 8 8 525 1 16245 4294 1.8 23 13 9 18 29% 34190 3759 6806 307%
c {  0.99  9 35 8 8 525 5 16245 4294 1.7 19 11 9 13 29% 34190 3759 6806 307%
c u  1.00  9 35 8 8 527 5 16250 4032 1.7 19 11 9 13 29% 34190 3759 6806 307%
c v  1.02  9 35 8 8 527 5 16250 3257 1.7 19 11 9 13 29% 34190 3759 6806 307%
c w  1.02  9 35 8 8 527 5 16250 3039 1.7 19 11 9 13 29% 34190 3759 6806 307%
c f  1.04  9 35 8 8 527 5 16250 3039 1.7 19 11 9 13 29% 34184 3759 6809 307%
c u  1.06  9 35 8 8 527 5 16250 2899 1.7 19 11 9 13 29% 34184 3759 6809 307%
c v  1.08  9 35 8 8 527 5 16250 2890 1.7 19 11 9 13 29% 34184 3759 6809 307%
c w  1.08  9 35 8 8 527 5 16250 2888 1.7 19 11 9 13 29% 34184 3759 6809 307%
c -  1.21  9 34 8 9 634 5 17311 3767 1.8 19 11 9 13 29% 34184 3759 6809 307%
c o  1.34 10 32 8 9 853 5 20207 6504 1.7 19 11 9 13 28% 34184 3759 6809 307%
c -  1.34 10 32 8 10 863 5 20312 6260 1.7 19 11 9 13 28% 34184 3759 6809 307%
c }  1.43 10 30 9 10 944 5 22405 8154 1.7 18 11 9 13 28% 34184 3759 6809 307%
c [  1.43 10 31 9 10 944 1 22405 8154 1.8 23 13 9 18 29% 34184 3759 6809 307%
c
c  seconds  switched   rate        size/glue  tier1     binary        remaining
c         MB  reductions conflicts       size   tier2      irredundant
c          level  restarts    redundant     glue    trail        variables
c
c W  1.44 10 31 9 10 944 1 22405 8154 1.8 23 13 9 18 29% 34184 3759 6809 307%
c -  1.49 10 31 9 11 945 1 23475 8398 1.8 24 13 10 18 28% 34184 3759 6809 307%
c e  1.61 10 29 9 11 946 1 25717 10487 1.8 23 13 10 18 28% 34188 4869 5457 246%
c ^  1.62 10 29 9 11 946 1 25717 10487 1.8 23 13 10 18 28% 34188 4869 5457 246%
c -  1.67 10 28 9 12 947 1 26792 7587 1.8 22 13 10 17 28% 34188 4869 5457 246%
c u  1.73 11 27 9 12 948 1 27730 8399 1.8 22 13 10 17 29% 34188 4869 5457 246%
c v  1.75 11 27 9 12 948 1 27730 8368 1.8 22 13 10 17 29% 34188 4869 5457 246%
c w  1.75 11 27 9 12 948 1 27730 8218 1.8 22 13 10 17 29% 34188 4869 5457 246%
c f  1.78 11 27 9 12 948 1 27730 8218 1.8 22 13 10 17 29% 34038 4869 5507 248%
c u  1.81 11 27 9 12 948 1 27730 8117 1.8 22 13 10 17 29% 34038 4869 5507 248%
c v  1.83 11 27 9 12 948 1 27730 7615 1.8 22 13 10 17 29% 34038 4869 5507 248%
c w  1.84 11 27 9 12 948 1 27730 7514 1.8 22 13 10 17 29% 34038 4869 5507 248%
c ]  1.88  9 26 10 12 949 1 28621 8333 1.8 22 12 10 17 29% 34038 4869 5507 248%
c {  1.88  9 30 10 12 949 5 28621 8333 1.7 18 11 9 13 28% 34038 4869 5507 248%
c -  1.96 10 29 10 13 1050 5 30258 8996 1.8 19 11 9 13 28% 34038 4869 5507 248%
c -  2.13 10 27 10 14 1231 4 33863 11317 1.8 19 11 9 13 29% 34038 4869 5507 248%
c }  2.28 10 27 11 14 1411 4 37248 14525 1.8 19 11 9 13 29% 34038 4869 5507 248%
c [  2.28 10 26 11 14 1411 1 37248 14525 1.8 22 12 10 17 29% 34038 4869 5507 248%
c O  2.28 10 26 11 14 1411 1 37248 14525 1.8 22 12 10 17 29% 34038 4869 5507 248%
c -  2.30 10 26 11 15 1411 1 37604 13375 1.8 22 12 9 16 29% 34038 4869 5507 248%
c
c  seconds   switched    rate         size/glue  tier1     binary        remaining
c         MB   reductions  conflicts        size   tier2      irredundant
c          level    restarts     redundant     glue    trail        variables
c
c -  2.48 11 23 11 16 1414 1 41476 15148 1.8 21 12 9 15 30% 34038 4869 5507 248%
c u  2.56 11 23 11 16 1415 1 42493 15949 1.8 21 12 9 15 30% 34038 4869 5507 248%
c v  2.59 11 23 11 16 1415 1 42493 14661 1.8 21 12 9 15 30% 34038 4869 5507 248%
c w  2.60 11 23 11 16 1415 1 42493 14505 1.8 21 12 9 15 30% 34038 4869 5507 248%
c o  2.61 11 23 11 16 1415 1 42493 14505 1.8 21 12 9 15 30% 34038 4869 5507 248%
c -  2.74 10 30 11 17 1417 1 45476 14964 1.6 22 13 9 17 31% 34038 4869 5507 248%
c ]  2.76 10 29 12 17 1417 1 45982 15435 1.6 22 13 9 17 31% 34038 4869 5507 248%
c {  2.76 10 27 12 17 1417 4 45982 15435 1.8 19 11 9 13 29% 34038 4869 5507 248%
c -  2.94 11 26 12 18 1684 4 49599 17311 1.8 18 11 9 13 30% 34038 4869 5507 248%
c e  3.14 10 25 12 18 1820 4 53629 21012 1.7 18 10 9 13 30% 34086 5853 4816 217%
c ^  3.15 10 25 12 18 1820 4 53629 21012 1.7 18 10 9 13 30% 34086 5853 4816 217%
c -  3.17 12 25 12 19 1873 4 53843 15600 1.7 18 11 9 13 30% 34086 5853 4816 217%
c }  3.33 12 24 13 19 2022 4 57461 18979 1.7 18 10 9 13 30% 34086 5853 4816 217%
c [  3.33 12 29 13 19 2022 1 57461 18979 1.6 22 13 9 17 31% 34086 5853 4816 217%
c B  3.33 12 29 13 19 2022 1 57461 18979 1.6 22 13 9 17 31% 34086 5853 4816 217%
c -  3.37 12 30 13 20 2022 1 58203 18252 1.7 22 13 9 17 31% 34086 5853 4816 217%
c u  3.53 14 29 13 20 2024 1 60651 19904 1.7 22 13 9 17 31% 34086 5853 4816 217%
c v  3.56 14 29 13 20 2024 1 60651 19741 1.7 22 13 9 17 31% 34086 5853 4816 217%
c w  3.58 14 29 13 20 2024 1 60651 19734 1.7 22 13 9 17 31% 34086 5853 4816 217%
c f  3.73 14 29 13 20 2024 1 60651 19734 1.7 22 13 9 17 31% 34082 5847 4818 217%
c
c  seconds   switched    rate         size/glue  tier1     binary        remaining
c         MB   reductions  conflicts        size   tier2      irredundant
c          level    restarts     redundant     glue    trail        variables
c
c u  3.76 14 29 13 20 2024 1 60651 19603 1.7 22 13 9 17 31% 34082 5847 4818 217%
c v  3.78 14 29 13 20 2024 1 60651 19561 1.7 22 13 9 17 31% 34082 5847 4818 217%
c w  3.79 14 29 13 20 2024 1 60651 19558 1.7 22 13 9 17 31% 34082 5847 4818 217%
c x  3.81 14 29 13 20 2024 1 60651 19555 1.7 22 13 9 17 31% 34082 5847 4818 217%
c -  3.92 15 28 13 21 2026 1 62675 19760 1.7 22 13 9 17 32% 34082 5847 4818 217%
c -  4.17 15 27 13 22 2028 1 67257 21554 1.7 22 13 9 16 32% 34082 5847 4818 217%
c ]  4.21 15 27 14 22 2028 1 67992 22255 1.7 23 13 9 16 33% 34082 5847 4818 217%
c {  4.21 15 24 14 22 2028 4 67992 22255 1.7 18 10 9 13 30% 34082 5847 4818 217%
c -  4.41 15 24 14 23 2306 4 71950 23367 1.7 18 11 9 13 31% 34082 5847 4818 217%
c o  4.49 15 24 14 23 2349 4 73852 25085 1.7 18 10 9 13 31% 34082 5847 4818 217%
c -  4.63 15 24 14 24 2560 4 76745 25184 1.8 18 11 9 13 31% 34082 5847 4818 217%
c -  4.86 15 24 14 25 2832 4 81644 27126 1.7 18 11 9 13 31% 34082 5847 4818 217%
c u  4.95 15 24 14 25 2848 4 82304 27376 1.7 18 11 9 13 31% 34082 5847 4818 217%
c v  4.99 16 24 14 25 2848 4 82304 27184 1.7 18 11 9 13 31% 34082 5847 4818 217%
c w  5.01 16 24 14 25 2848 4 82304 27137 1.7 18 11 9 13 31% 34082 5847 4818 217%
c }  5.04 16 24 15 25 2877 4 82709 27525 1.7 18 11 9 13 31% 34082 5847 4818 217%
c [  5.04 16 27 15 25 2877 1 82709 27525 1.7 23 13 9 16 33% 34082 5847 4818 217%
c W  5.06 16 27 15 25 2877 1 82709 27525 1.7 23 13 9 16 33% 34082 5847 4818 217%
c -  5.26 16 26 15 26 2879 1 86644 28378 1.7 22 13 9 16 33% 34082 5847 4818 217%
c -  5.54 16 25 15 27 2883 1 91745 30287 1.7 22 13 9 16 33% 34082 5847 4818 217%
c
c  seconds   switched    rate         size/glue  tier1     binary        remaining
c         MB   reductions  conflicts        size   tier2      irredundant
c          level    restarts     redundant     glue    trail        variables
c
c ]  5.76 16 24 16 27 2884 1 95766 33939 1.7 22 13 9 16 34% 34082 5847 4818 217%
c {  5.76 16 24 16 27 2884 4 95766 33939 1.7 18 11 9 13 31% 34082 5847 4818 217%
c -  5.83 17 24 16 28 3012 4 96941 32153 1.7 18 11 9 13 31% 34082 5847 4818 217%
c e  5.94 17 24 16 28 3057 4 98528 33611 1.7 18 11 9 13 31% 35644 7185 3915 177%
c ^  5.95 17 24 16 28 3057 4 98528 33611 1.7 18 11 9 13 31% 35644 7185 3915 177%
c -  6.14 17 24 16 29 3253 4 102232 26742 1.8 19 11 9 13 32% 35644 7185 3915 177%
c u  6.48 17 23 16 29 3508 4 107608 31531 1.7 18 11 9 13 33% 35644 7185 3915 177%
c v  6.54 15 23 16 29 3508 4 107608 31251 1.7 18 11 9 13 33% 35644 7185 3915 177%
c w  6.56 15 23 16 29 3508 4 107608 30884 1.7 18 11 9 13 33% 35644 7185 3915 177%
c -  6.60 12 23 16 30 3508 4 107617 28861 1.7 18 11 9 13 33% 35644 7185 3915 177%
c -  6.89 13 23 16 31 3904 4 113099 31819 1.7 18 11 9 13 33% 35644 7185 3915 177%
c o  6.93 14 23 16 31 3963 4 113908 32584 1.7 18 11 9 13 33% 35644 7185 3915 177%
c }  6.94 14 23 17 31 4001 4 114103 32776 1.7 18 11 9 13 33% 35644 7185 3915 177%
c [  6.94 14 24 17 31 4001 1 114103 32776 1.7 22 13 9 16 34% 35644 7185 3915 177%
c I  6.94 14 24 17 31 4001 1 114103 32776 1.7 22 13 9 16 34% 35644 7185 3915 177%
c -  7.20 14 29 17 32 4004 1 118666 32566 1.6 25 15 9 18 34% 35644 7185 3915 177%
c -  7.52 13 31 17 33 4007 1 124322 32954 1.6 26 16 9 20 34% 35644 7185 3915 177%
c -  7.86 14 32 17 34 4010 1 130066 34647 1.6 27 17 9 21 35% 35644 7185 3915 177%
c ]  7.88 14 33 18 34 4010 1 130424 34993 1.6 27 17 9 21 35% 35644 7185 3915 177%
c {  7.88 14 23 18 34 4010 4 130424 34993 1.7 18 11 9 13 33% 35644 7185 3915 177%
c
c  seconds   switched    rate          size/glue  tier1     binary        remaining
c         MB   reductions  conflicts         size   tier2      irredundant
c          level    restarts      redundant     glue    trail        variables
c
c -  8.15 14 22 18 35 4012 3 135898 36855 1.7 18 10 9 12 34% 35644 7185 3915 177%
c u  8.26 15 22 18 35 4012 3 136522 37117 1.7 18 10 9 12 34% 35644 7185 3915 177%
c v  8.32 16 22 18 35 4012 3 136522 36718 1.7 18 10 9 12 34% 35644 7185 3915 177%
c w  8.34 16 22 18 35 4012 3 136522 36700 1.7 18 10 9 12 34% 35644 7185 3915 177%
c -  8.63 14 21 18 36 4014 3 141814 38739 1.7 17 10 9 12 34% 35644 7185 3915 177%
c -  8.92 14 20 18 37 4029 3 147814 35829 1.7 17 10 8 12 35% 35644 7185 3915 177%
c }  9.16 15 19 19 37 4029 3 152772 39868 1.7 17 10 8 12 35% 35644 7185 3915 177%
c [  9.16 15 33 19 37 4029 1 152772 39868 1.6 27 17 9 21 35% 35644 7185 3915 177%
c B  9.16 15 33 19 37 4029 1 152772 39868 1.6 27 17 9 21 35% 35644 7185 3915 177%
c -  9.22 15 33 19 38 4030 1 153897 36015 1.6 27 16 9 21 35% 35644 7185 3915 177%
c -  9.54 14 32 19 39 4034 1 160064 37734 1.7 27 16 9 20 36% 35644 7185 3915 177%
c e  9.69 12 31 19 39 4035 1 162068 39594 1.7 27 16 9 20 36% 37841 9113 3261 147%
c ^  9.69 12 31 19 39 4035 1 162068 39594 1.7 27 16 9 20 36% 37841 9113 3261 147%
c -  9.94 16 31 19 40 4037 1 166308 29457 1.7 27 16 9 20 36% 37841 9113 3261 147%
c u 10.19 17 30 19 40 4039 1 169252 31925 1.7 27 16 9 20 37% 37841 9113 3261 147%
c v 10.26 22 30 19 40 4039 1 169252 31882 1.7 27 16 9 20 37% 37841 9113 3261 147%
c w 10.29 22 30 19 40 4039 1 169252 31784 1.7 27 16 9 20 37% 37841 9113 3261 147%
c o 10.62 22 30 19 40 4039 1 169252 31784 1.7 27 16 9 20 37% 37841 9113 3261 147%
c - 10.80 20 34 19 41 4041 1 172633 31476 1.7 27 16 9 20 37% 37841 9113 3261 147%
c ] 10.82 20 34 20 41 4041 1 173048 31883 1.7 27 16 9 20 37% 37841 9113 3261 147%
c
c  seconds   switched    rate          size/glue  tier1     binary        remaining
c         MB   reductions  conflicts         size   tier2      irredundant
c          level    restarts      redundant     glue    trail        variables
c
c { 10.82 20 19 20 41 4041 3 173048 31883 1.7 17 10 8 12 35% 37841 9113 3261 147%
c - 11.14 21 19 20 42 4449 3 179040 33427 1.7 17 10 8 12 36% 37841 9113 3261 147%
c - 11.53 21 19 20 43 5162 3 185520 35140 1.7 17 10 8 12 36% 37841 9113 3261 147%
c - 11.88 21 19 20 44 5581 3 192078 36745 1.7 17 10 8 12 37% 37841 9113 3261 147%
c - 12.26 21 19 20 45 6155 3 198711 38406 1.7 17 10 8 12 37% 37841 9113 3261 147%
c } 12.32 20 19 21 45 6244 3 199787 39457 1.7 17 10 8 12 37% 37841 9113 3261 147%
c [ 12.32 20 34 21 45 6244 1 199787 39457 1.7 27 16 9 20 37% 37841 9113 3261 147%
c W 12.34 17 34 21 45 6244 1 199787 39457 1.7 27 16 9 20 37% 37841 9113 3261 147%
c - 12.63 17 34 21 46 6248 1 205420 40179 1.7 27 16 9 20 38% 37841 9113 3261 147%
c u 12.72 22 34 21 46 6248 1 205722 40277 1.7 27 16 9 20 38% 37841 9113 3261 147%
c v 12.78 22 34 21 46 6248 1 205722 40255 1.7 27 16 9 20 38% 37841 9113 3261 147%
c w 12.80 22 34 21 46 6248 1 205722 40247 1.7 27 16 9 20 38% 37841 9113 3261 147%
c - 13.22 21 32 21 47 6251 1 212202 41701 1.7 26 16 9 19 39% 37841 9113 3261 147%
c - 13.66 22 31 21 48 6256 1 219057 43207 1.7 26 15 9 19 39% 37841 9113 3261 147%
c ] 13.97 22 30 22 48 6257 1 223891 47826 1.7 26 15 9 19 39% 37841 9113 3261 147%
c { 13.97 22 19 22 48 6257 3 223891 47826 1.7 17 10 8 12 37% 37841 9113 3261 147%
c - 14.19 22 20 22 49 6804 3 225985 44206 1.7 17 10 8 12 38% 37841 9113 3261 147%
c o 14.51 22 22 22 49 7669 4 229259 47471 1.7 18 10 8 12 38% 37841 9113 3261 147%
c - 14.91 22 24 22 50 8657 5 232985 45025 1.7 18 11 8 12 38% 37841 9113 3261 147%
c - 15.68 22 27 22 51 10420 5 240057 45654 1.7 19 11 8 12 38% 37841 9113 3261 147%
c
c  seconds   switched     rate          size/glue  tier1     binary         remaining
c         MB   reductions   conflicts         size   tier2       irredundant
c          level    restarts       redundant     glue    trail         variables
c
c e 16.33 19 29 22 51 11512 6 245760 51334 1.7 19 11 8 12 39% 41455 11834 2743 124%
c ! 16.34 19 29 22 51 11512 6 245760 51334 1.7 19 11 8 12 39% 41455 11834 2743 124%
c u 16.51 22 29 22 51 11596 6 246143 32665 1.7 19 11 8 12 39% 41455 11834 2743 124%
c v 16.63 22 29 22 51 11596 6 246143 32492 1.7 19 11 8 12 39% 41455 11834 2743 124%
c w 16.68 22 29 22 51 11596 6 246143 32482 1.7 19 11 8 12 39% 41455 11834 2743 124%
c f 16.76 19 29 22 51 11596 6 246143 32482 1.7 19 11 8 12 39% 40775 11772 2785 126%
c u 16.89 22 29 22 51 11596 6 246143 31858 1.7 19 11 8 12 39% 40775 11772 2785 126%
c v 17.01 22 29 22 51 11596 6 246143 31669 1.7 19 11 8 12 39% 40775 11772 2785 126%
c w 17.05 22 29 22 51 11596 6 246143 31632 1.7 19 11 8 12 39% 40775 11772 2785 126%
c - 17.19 22 29 22 52 11819 6 247198 29558 1.7 19 11 8 13 39% 40775 11772 2785 126%
c - 17.79 22 31 22 53 12982 6 254411 33447 1.8 20 11 9 13 40% 40775 11772 2785 126%
c } 17.89 22 31 23 53 13180 6 255409 34437 1.8 20 12 9 13 40% 40775 11772 2785 126%
c [ 17.89 22 30 23 53 13180 1 255409 34437 1.7 26 15 9 19 39% 40775 11772 2785 126%
c O 17.89 22 30 23 53 13180 1 255409 34437 1.7 26 15 9 19 39% 40775 11772 2785 126%
c - 18.22 22 28 23 54 13185 1 261693 36891 1.7 25 14 9 18 40% 40775 11772 2785 126%
c - 18.61 22 27 23 55 13188 1 269042 39728 1.7 24 14 9 18 41% 40775 11772 2785 126%
c - 19.05 21 26 23 56 13193 1 276460 42553 1.7 24 14 9 18 41% 40775 11772 2785 126%
c B 19.44 22 25 23 56 13194 1 283149 48792 1.7 23 13 9 18 42% 40775 11772 2785 126%
c - 19.50 22 25 23 57 13194 1 283943 45698 1.8 24 13 9 17 42% 40775 11772 2785 126%
c u 20.03 27 26 23 57 13197 1 290384 51466 1.8 25 14 9 17 42% 40775 11772 2785 126%
c
c  seconds   switched     rate          size/glue  tier1     binary         remaining
c         MB   reductions   conflicts         size   tier2       irredundant
c          level    restarts       redundant     glue    trail         variables
c
c v 20.15 27 26 23 57 13197 1 290384 49873 1.8 25 14 9 17 42% 40775 11772 2785 126%
c w 20.20 27 26 23 57 13197 1 290384 48890 1.8 25 14 9 17 42% 40775 11772 2785 126%
c - 20.31 24 26 23 58 13197 1 291497 45496 1.8 25 14 9 18 43% 40775 11772 2785 126%
c - 20.78 25 26 23 59 13201 1 299112 48849 1.9 25 14 9 18 43% 40775 11772 2785 126%
c ] 21.25 27 26 24 59 13206 1 305990 55454 1.9 25 14 9 18 44% 40775 11772 2785 126%
c { 21.25 27 31 24 59 13206 6 305990 55454 1.8 20 12 9 13 40% 40775 11772 2785 126%
c - 21.31 27 31 24 60 13208 6 306793 51677 1.8 20 12 9 13 40% 40775 11772 2785 126%
c o 21.33 23 31 24 60 13209 6 307065 51942 1.8 20 12 9 13 40% 40775 11772 2785 126%
c - 21.74 25 30 24 61 13258 6 314539 53429 1.8 20 11 9 13 40% 40775 11772 2785 126%
c - 22.13 27 28 24 62 13274 5 322351 50717 1.8 20 11 8 13 41% 40775 11772 2785 126%
c - 22.57 25 27 24 63 13328 5 330225 51674 1.8 19 11 8 13 41% 40775 11772 2785 126%
c - 23.01 25 26 24 64 13368 5 338164 53928 1.8 19 11 8 12 42% 40775 11772 2785 126%
c u 23.19 27 26 24 64 13404 5 338706 52213 1.8 19 11 8 12 42% 40775 11772 2785 126%
c v 23.29 27 26 24 64 13404 5 338706 49990 1.8 19 11 8 12 42% 40775 11772 2785 126%
c w 23.33 27 26 24 64 13404 5 338706 49385 1.8 19 11 8 12 42% 40775 11772 2785 126%
c } 23.55 24 26 25 64 13458 5 342667 53006 1.8 19 11 8 12 42% 40775 11772 2785 126%
c [ 23.55 24 26 25 64 13458 1 342667 53006 1.9 25 14 9 18 44% 40775 11772 2785 126%
c W 23.59 20 26 25 64 13458 1 342667 53006 1.9 25 14 9 18 44% 40775 11772 2785 126%
c - 23.78 20 26 25 65 13460 1 346166 51050 1.9 25 14 9 17 44% 40775 11772 2785 126%
c e 24.05 22 25 25 65 13464 1 350879 55539 1.9 25 13 9 17 44% 40789 11774 2784 126%
c
c  seconds   switched     rate          size/glue  tier1     binary         remaining
c         MB   reductions   conflicts         size   tier2       irredundant
c          level    restarts       redundant     glue    trail         variables
c
c - 24.27 24 25 25 66 13464 1 354229 54287 1.9 25 13 9 17 44% 40789 11774 2784 126%
c - 24.77 24 24 25 67 13470 1 362353 55862 1.9 25 13 9 17 45% 40789 11774 2784 126%
c - 25.30 24 24 25 68 13472 1 370541 56611 1.9 24 13 9 17 45% 40789 11774 2784 126%
c ] 25.50 24 23 26 68 13472 1 373740 59623 1.9 24 13 9 17 45% 40789 11774 2784 126%
c { 25.50 24 26 26 68 13472 5 373740 59623 1.8 19 11 8 12 42% 40789 11774 2784 126%
c - 25.81 24 25 26 69 13531 5 378788 57157 1.8 19 11 8 12 42% 40789 11774 2784 126%
c - 26.28 24 24 26 70 13617 4 387095 57862 1.8 19 11 8 12 43% 40789 11774 2784 126%
c o 26.30 24 24 26 70 13619 4 387519 58267 1.8 19 11 8 12 43% 40789 11774 2784 126%
c u 26.66 24 24 26 70 13691 4 391184 61238 1.8 19 11 8 12 43% 40789 11774 2784 126%
c v 26.79 24 24 26 70 13691 4 391184 60350 1.8 19 11 8 12 43% 40789 11774 2784 126%
c w 26.83 24 24 26 70 13691 4 391184 59822 1.8 19 11 8 12 43% 40789 11774 2784 126%
c f 27.37 24 24 26 70 13691 4 391184 59822 1.8 19 11 8 12 43% 40772 11774 2785 126%
c u 27.48 24 24 26 70 13691 4 391184 59770 1.8 19 11 8 12 43% 40772 11774 2785 126%
c v 27.57 24 24 26 70 13691 4 391184 59240 1.8 19 11 8 12 43% 40772 11774 2785 126%
c w 27.61 24 24 26 70 13691 4 391184 59066 1.8 19 11 8 12 43% 40772 11774 2785 126%
c - 27.97 24 24 26 71 13849 4 395461 57783 1.8 19 11 8 12 43% 40772 11774 2785 126%
c - 28.47 24 23 26 72 14013 4 403888 60454 1.8 19 11 8 12 43% 40772 11774 2785 126%
c - 28.98 24 23 26 73 14132 4 412373 61781 1.8 19 11 8 12 43% 40772 11774 2785 126%
c } 29.19 24 23 27 73 14226 4 415958 65051 1.8 19 11 8 12 43% 40772 11774 2785 126%
c [ 29.19 24 23 27 73 14226 1 415958 65051 1.9 24 13 9 17 45% 40772 11774 2785 126%
c
c  seconds   switched     rate          size/glue  tier1     binary         remaining
c         MB   reductions   conflicts         size   tier2       irredundant
c          level    restarts       redundant     glue    trail         variables
c
c I 29.19 24 23 27 73 14226 1 415958 65051 1.9 24 13 9 17 45% 40772 11774 2785 126%
c - 29.48 24 24 27 74 14229 1 420917 62242 1.8 25 13 9 17 45% 40772 11774 2785 126%
c - 30.01 24 25 27 75 14234 1 429521 61013 1.8 25 14 9 17 45% 40772 11774 2785 126%
c - 30.59 24 25 27 76 14239 1 438184 61024 1.8 25 14 9 18 45% 40772 11774 2785 126%
c - 31.16 24 25 27 77 14240 1 446903 62237 1.8 25 14 9 18 45% 40772 11774 2785 126%
c u 31.39 24 25 27 77 14240 1 447870 63018 1.8 25 14 9 18 45% 40772 11774 2785 126%
c v 31.52 24 25 27 77 14240 1 447870 62971 1.8 25 14 9 18 45% 40772 11774 2785 126%
c w 31.58 24 25 27 77 14240 1 447870 61867 1.8 25 14 9 18 45% 40772 11774 2785 126%
c ] 31.98 24 25 28 77 14244 1 453580 67373 1.8 25 14 9 18 45% 40772 11774 2785 126%
c { 31.98 24 23 28 77 14244 4 453580 67373 1.8 19 11 8 12 43% 40772 11774 2785 126%
c - 32.13 24 23 28 78 14315 4 455679 62833 1.8 19 11 9 12 44% 40772 11774 2785 126%
c - 32.65 24 22 28 79 14505 3 464512 64760 1.8 19 11 8 12 44% 40772 11774 2785 126%
c - 33.18 24 22 28 80 14668 3 473401 66388 1.8 19 10 8 12 44% 40772 11774 2785 126%
c o 33.44 24 21 28 80 14764 3 477859 70548 1.8 18 10 8 12 44% 40772 11774 2785 126%
c - 33.72 24 21 28 81 14885 3 482347 69559 1.8 18 10 9 12 44% 40772 11774 2785 126%
c - 34.26 24 21 28 82 15166 3 491349 73113 1.7 18 10 9 12 44% 40772 11774 2785 126%
c - 34.77 24 20 28 83 15255 3 500404 73771 1.7 18 10 8 12 44% 40772 11774 2785 126%
c } 34.85 24 20 29 83 15282 3 501720 74943 1.7 18 10 8 12 44% 40772 11774 2785 126%
c [ 34.85 24 25 29 83 15282 1 501720 74943 1.8 25 14 9 18 45% 40772 11774 2785 126%
c B 34.85 24 25 29 83 15282 1 501720 74943 1.8 25 14 9 18 45% 40772 11774 2785 126%
c
c  seconds   switched     rate          size/glue  tier1     binary         remaining
c         MB   reductions   conflicts         size   tier2       irredundant
c          level    restarts       redundant     glue    trail         variables
c
c u 35.42 24 25 29 83 15287 1 508843 81346 1.8 25 14 9 18 46% 40772 11774 2785 126%
c v 35.57 33 25 29 83 15287 1 508843 80869 1.8 25 14 9 18 46% 40772 11774 2785 126%
c w 35.62 33 25 29 83 15287 1 508843 80183 1.8 25 14 9 18 46% 40772 11774 2785 126%
c - 35.70 28 25 29 84 15287 1 509515 73771 1.8 25 14 9 18 46% 40772 11774 2785 126%
c - 36.27 31 24 29 85 15292 1 518680 76067 1.8 25 14 9 18 46% 40772 11774 2785 126%
c - 36.94 32 23 29 86 15296 1 527902 77921 1.8 24 13 9 17 46% 40772 11774 2785 126%
c - 37.60 32 24 29 87 15299 1 537175 78252 1.8 24 13 9 17 46% 40772 11774 2785 126%
c ] 38.02 32 23 30 87 15303 1 543371 84056 1.8 24 13 9 17 46% 40772 11774 2785 126%
c { 38.02 32 20 30 87 15303 3 543371 84056 1.7 18 10 8 12 44% 40772 11774 2785 126%
c - 38.23 32 20 30 88 15403 3 546502 78328 1.8 18 10 8 12 44% 40772 11774 2785 126%
c - 38.80 32 20 30 89 15572 3 555883 80362 1.8 18 10 8 12 45% 40772 11774 2785 126%
c - 39.42 32 20 30 90 15884 3 565317 81651 1.8 18 10 8 12 45% 40772 11774 2785 126%
c u 40.21 34 20 30 90 16206 3 574149 87191 1.7 18 10 8 12 45% 40772 11774 2785 126%
c v 40.38 36 20 30 90 16206 3 574149 86652 1.7 18 10 8 12 45% 40772 11774 2785 126%
c w 40.45 36 20 30 90 16206 3 574149 86523 1.7 18 10 8 12 45% 40772 11774 2785 126%
c - 40.53 30 20 30 91 16206 3 574803 80986 1.7 18 10 8 12 45% 40772 11774 2785 126%
c o 40.73 32 19 30 91 16215 3 578081 83900 1.7 18 10 8 12 45% 40772 11774 2785 126%
c - 41.14 32 19 30 92 16559 3 584342 82020 1.7 18 10 8 12 45% 40772 11774 2785 126%
c - 41.71 32 19 30 93 16726 3 593934 82671 1.7 18 10 8 12 45% 40772 11774 2785 126%
c } 41.97 32 19 31 93 16866 3 597805 86303 1.7 18 10 8 12 45% 40772 11774 2785 126%
c
c  seconds   switched     rate          size/glue  tier1     binary         remaining
c         MB   reductions   conflicts         size   tier2       irredundant
c          level    restarts       redundant     glue    trail         variables
c
c [ 41.97 32 23 31 93 16866 1 597805 86303 1.8 24 13 9 17 46% 40772 11774 2785 126%
c W 42.02 25 23 31 93 16866 1 597805 86303 1.8 24 13 9 17 46% 40772 11774 2785 126%
c - 42.39 25 24 31 94 16870 1 603579 82801 1.8 24 13 9 17 46% 40772 11774 2785 126%
c - 43.06 25 23 31 95 16875 1 613274 83184 1.8 24 13 9 17 46% 40772 11774 2785 126%
c - 43.76 25 23 31 96 16880 1 623022 84489 1.8 24 13 9 17 47% 40772 11774 2785 126%
c - 44.53 26 22 31 97 16883 1 632819 85248 1.9 24 13 9 17 47% 40772 11774 2785 126%
c - 45.32 26 22 31 98 16887 1 642667 86175 1.9 24 13 9 17 47% 40772 11774 2785 126%
c u 45.65 35 22 31 98 16888 1 643841 87016 1.9 24 13 9 17 47% 40772 11774 2785 126%
c v 45.84 35 22 31 98 16888 1 643841 85611 1.9 24 13 9 17 47% 40772 11774 2785 126%
c w 45.91 35 22 31 98 16888 1 643841 83459 1.9 24 13 9 17 47% 40772 11774 2785 126%
c ] 45.96 30 22 32 98 16889 1 644051 83661 1.9 24 13 9 17 47% 40772 11774 2785 126%
c { 45.96 30 19 32 98 16889 3 644051 83661 1.7 18 10 8 12 45% 40772 11774 2785 126%
c - 46.60 33 19 32 99 17357 3 652566 84789 1.7 18 10 8 12 45% 40772 11774 2785 126%
c - 47.33 33 19 32 100 17786 3 662515 86758 1.7 18 10 8 12 45% 40772 11774 2785 126%
c - 48.07 33 19 32 101 18294 3 672516 87775 1.7 17 10 8 12 45% 40772 11774 2785 126%
c - 48.74 33 19 32 102 18561 3 682566 88751 1.7 17 10 8 12 46% 40772 11774 2785 126%
c o 49.16 33 19 32 102 18658 3 689415 95074 1.7 17 10 8 12 46% 40772 11774 2785 126%
c - 49.39 33 19 32 103 18793 3 692665 89010 1.7 17 10 8 12 46% 40772 11774 2785 126%
c - 50.13 33 19 32 104 19327 3 702814 89714 1.7 17 10 8 12 46% 40772 11774 2785 126%
c } 50.34 33 19 33 104 19492 3 705155 91881 1.7 17 10 8 12 46% 40772 11774 2785 126%
c
c  seconds   switched      rate          size/glue  tier1     binary         remaining
c         MB   reductions    conflicts         size   tier2       irredundant
c          level     restarts       redundant     glue    trail         variables
c
c [ 50.34 33 22 33 104 19492 1 705155 91881 1.9 24 13 9 17 47% 40772 11774 2785 126%
c O 50.34 33 22 33 104 19492 1 705155 91881 1.9 24 13 9 17 47% 40772 11774 2785 126%
c - 50.85 33 22 33 105 19497 1 713012 91395 1.9 24 13 9 17 47% 40772 11774 2785 126%
c u 51.45 37 21 33 105 19499 1 717969 95810 1.8 24 13 9 17 47% 40772 11774 2785 126%
c v 51.65 37 21 33 105 19499 1 717969 94252 1.8 24 13 9 17 47% 40772 11774 2785 126%
c w 51.73 37 21 33 105 19499 1 717969 93205 1.8 24 13 9 17 47% 40772 11774 2785 126%
c - 52.16 33 21 33 106 19503 1 723260 90971 1.9 24 13 9 17 47% 40772 11774 2785 126%
c - 52.96 33 21 33 107 19506 1 733555 93405 1.8 23 13 9 16 46% 40772 11774 2785 126%
c - 53.78 33 20 33 108 19511 1 743899 95301 1.8 23 13 9 16 46% 40772 11774 2785 126%
c - 54.77 33 20 33 109 19516 1 754291 96486 1.8 23 12 9 16 46% 40772 11774 2785 126%
c B 55.06 33 20 33 109 19519 1 757944 99793 1.8 23 12 9 16 47% 40772 11774 2785 126%
c ] 55.11 34 20 34 109 19520 1 758515 100335 1.8 23 12 9 16 47% 40772 11774 2785 126%
c { 55.11 34 19 34 109 19520 3 758515 100335 1.7 17 10 8 12 46% 40772 11774 2785 126%
c - 55.59 34 18 34 110 19526 3 764731 96543 1.7 17 10 8 12 46% 40772 11774 2785 126%
c - 56.26 33 17 34 111 19526 2 775221 95251 1.7 17 10 8 12 46% 40772 11774 2785 126%
c - 56.95 34 17 34 112 19565 2 785757 94852 1.7 16 10 8 12 46% 40772 11774 2785 126%
c - 57.63 33 16 34 113 19586 2 796341 96956 1.7 16 10 8 12 46% 40772 11774 2785 126%
c u 57.93 37 16 34 113 19586 2 796584 94492 1.7 16 10 8 12 46% 40772 11774 2785 126%
c v 58.14 37 16 34 113 19586 2 796584 92933 1.7 16 10 8 12 46% 40772 11774 2785 126%
c w 58.20 37 16 34 113 19586 2 796584 92842 1.7 16 10 8 12 46% 40772 11774 2785 126%
c
c  seconds   switched      rate          size/glue  tier1     binary         remaining
c         MB   reductions    conflicts         size   tier2       irredundant
c          level     restarts       redundant     glue    trail         variables
c
c - 59.65 33 16 34 114 19592 2 806972 94247 1.7 16 10 8 12 46% 40772 11774 2785 126%
c - 60.25 33 15 34 115 19592 2 817649 96426 1.7 16 9 8 12 46% 40772 11774 2785 126%
c } 60.79 33 15 35 115 19592 2 826662 103824 1.7 15 9 8 12 46% 40772 11774 2785 126%
c [ 60.79 33 20 35 115 19592 1 826662 103824 1.8 23 12 9 16 47% 40772 11774 2785 126%
c W 60.92 26 20 35 115 19592 1 826662 103824 1.8 23 12 9 16 47% 40772 11774 2785 126%
c o 60.92 26 20 35 115 19592 1 826662 103824 1.8 23 12 9 16 47% 40772 11774 2785 126%
c - 61.04 26 21 35 116 19593 1 828373 100496 1.8 23 12 9 16 47% 40772 11774 2785 126%
c - 61.77 26 20 35 117 19599 1 839143 105993 1.8 23 12 9 16 47% 40772 11774 2785 126%
c - 62.55 37 20 35 118 19605 1 849960 110804 1.8 22 12 9 16 47% 40772 11774 2785 126%
c - 63.43 37 20 35 119 19608 1 860822 111696 1.8 22 12 9 16 47% 40772 11774 2785 126%
c - 64.38 35 20 35 120 19613 1 871731 110652 1.8 22 12 9 16 47% 40772 11774 2785 126%
c u 65.28 39 19 35 120 19619 1 879740 116379 1.8 22 12 9 16 47% 40772 11774 2785 126%
c v 65.46 39 19 35 120 19619 1 879740 110594 1.8 22 12 9 16 47% 40772 11774 2785 126%
c w 65.53 39 19 35 120 19619 1 879740 107167 1.8 22 12 9 16 47% 40772 11774 2785 126%
c ] 65.93 35 19 36 120 19620 1 882407 109656 1.8 22 12 9 16 47% 40772 11774 2785 126%
c { 65.93 35 15 36 120 19620 2 882407 109656 1.7 15 9 8 12 46% 40772 11774 2785 126%
c - 65.97 36 15 36 121 19675 2 882685 101581 1.7 15 9 8 12 46% 40772 11774 2785 126%
c - 66.96 37 15 36 122 21342 2 893685 104908 1.6 15 9 8 12 46% 40772 11774 2785 126%
c - 67.84 36 16 36 123 22280 2 904731 107325 1.6 16 10 8 12 46% 40772 11774 2785 126%
c - 68.81 39 16 36 124 23661 2 915821 107308 1.6 16 10 8 12 46% 40772 11774 2785 126%
c
c  seconds   switched      rate           size/glue  tier1     binary         remaining
c         MB   reductions    conflicts          size   tier2       irredundant
c          level     restarts       redundant      glue    trail         variables
c
c - 69.73 37 17 36 125 24401 3 926958 108218 1.6 16 10 8 12 46% 40772 11774 2785 126%
c - 70.56 39 17 36 126 24957 3 938138 109902 1.6 16 10 8 12 46% 40772 11774 2785 126%
c - 71.51 37 17 36 127 25924 3 949362 112161 1.6 16 10 8 12 46% 40772 11774 2785 126%
c } 72.15 37 17 37 127 26418 3 957963 120002 1.6 16 10 8 12 46% 40772 11774 2785 126%
c [ 72.15 37 19 37 127 26418 1 957963 120002 1.8 22 12 9 16 47% 40772 11774 2785 126%
c I 72.15 37 19 37 127 26418 1 957963 120002 1.8 22 12 9 16 47% 40772 11774 2785 126%
c o 72.15 37 19 37 127 26418 1 957963 120002 1.8 22 12 9 16 47% 40772 11774 2785 126%
c - 72.34 37 26 37 128 26420 1 960632 113252 1.8 23 13 9 16 47% 40772 11774 2785 126%
c u 73.14 39 28 37 128 26424 1 967484 112351 1.7 24 14 9 16 47% 40772 11774 2785 126%
c v 73.40 41 28 37 128 26424 1 967484 111849 1.7 24 14 9 16 47% 40772 11774 2785 126%
c w 73.51 41 28 37 128 26424 1 967484 111172 1.7 24 14 9 16 47% 40772 11774 2785 126%
c - 73.89 35 28 37 129 26426 1 971946 102869 1.7 24 14 9 16 47% 40772 11774 2785 126%
c - 74.73 36 27 37 130 26432 1 983306 102939 1.7 24 14 9 16 47% 40772 11774 2785 126%
c - 75.67 37 27 37 131 26435 1 994707 105590 1.8 24 14 9 16 47% 40772 11774 2785 126%
c - 76.67 36 26 37 132 26442 1 1006153 106308 1.8 25 14 8 16 48% 40772 11774 2785 126%
c - 77.63 39 25 37 133 26447 1 1017643 105779 1.9 25 13 8 16 48% 40772 11774 2785 126%
c B 78.30 35 25 37 133 26448 1 1025647 113339 1.9 25 13 8 16 48% 40772 11774 2785 126%
c - 78.58 36 25 37 134 26448 1 1029176 104548 1.9 25 13 8 16 47% 40772 11774 2785 126%
c ] 78.92 37 26 38 134 26448 1 1034092 109383 1.9 25 13 8 16 48% 40772 11774 2785 126%
c { 78.92 37 17 38 134 26448 3 1034092 109383 1.6 16 10 8 12 46% 40772 11774 2785 126%
c
c  seconds   switched      rate            size/glue  tier1     binary         remaining
c         MB   reductions     conflicts          size   tier2       irredundant
c          level     restarts        redundant      glue    trail         variables
c
c - 80.00 37 19 38 135 27872 3 1040751 102553 1.6 17 10 8 12 46% 40772 11774 2785 126%
c - 81.83 36 23 38 136 30337 4 1052369 101211 1.7 18 11 8 12 46% 40772 11774 2785 126%
c u 83.45 39 25 38 136 31938 5 1059864 106658 1.7 19 11 8 12 46% 40772 11774 2785 126%
c v 83.80 39 25 38 136 31938 5 1059864 106404 1.7 19 11 8 12 46% 40772 11774 2785 126%
c w 83.94 39 25 38 136 31938 5 1059864 106389 1.7 19 11 8 12 46% 40772 11774 2785 126%
c - 84.71 36 27 38 137 32819 5 1064033 98380 1.7 19 11 8 12 46% 40772 11774 2785 126%
c - 86.80 37 30 38 138 35276 6 1075738 98417 1.7 20 12 8 12 46% 40772 11774 2785 126%
c - 88.76 36 32 38 139 37680 6 1087485 98530 1.7 21 12 8 12 46% 40772 11774 2785 126%
c o 90.37 36 34 38 139 39604 7 1097986 108941 1.7 22 13 8 12 46% 40772 11774 2785 126%
c - 90.61 37 35 38 140 39845 7 1099276 97698 1.7 22 13 8 12 46% 40772 11774 2785 126%
c - 92.46 36 37 38 141 41882 7 1111108 96333 1.7 23 13 8 12 46% 40772 11774 2785 126%
c } 93.44 36 38 39 141 42995 7 1117425 102615 1.7 23 13 8 12 46% 40772 11774 2785 126%
c [ 93.44 36 26 39 141 42995 1 1117425 102615 1.9 25 13 8 16 48% 40772 11774 2785 126%
c W 93.74 28 26 39 141 42995 1 1117425 102615 1.9 25 13 8 16 48% 40772 11774 2785 126%
c - 94.18 28 26 39 142 42999 1 1122982 94267 1.9 26 13 8 16 48% 40772 11774 2785 126%
c - 95.16 28 26 39 143 43006 1 1134899 94333 2.0 26 13 8 16 48% 40772 11774 2785 126%
c - 96.24 37 25 39 144 43009 1 1146857 93799 2.0 27 13 8 16 48% 40772 11774 2785 126%
c u 97.86 39 25 39 144 43015 1 1156910 103379 2.1 27 13 8 16 48% 40772 11774 2785 126%
c v 98.43 41 25 39 144 43015 1 1156910 103022 2.1 27 13 8 16 48% 40772 11774 2785 126%
c w 98.63 41 25 39 144 43015 1 1156910 102572 2.1 27 13 8 16 48% 40772 11774 2785 126%
c
c  seconds   switched      rate           size/glue  tier1     binary         remaining
c         MB   reductions     conflicts         size   tier2       irredundant
c          level     restarts        redundant     glue    trail         variables
c
c - 98.89 35 24 39 145 43016 1 1158858 93569 2.1 27 13 8 16 48% 40772 11774 2785 126%
c - 100.06 36 24 39 146 43023 1 1170899 95012 2.1 27 13 8 16 48% 40772 11774 2785 126%
c - 101.23 35 24 39 147 43024 1 1182984 94219 2.1 27 13 8 16 48% 40772 11774 2785 126%
c - 102.42 36 23 39 148 43025 1 1195108 94815 2.1 28 13 8 16 48% 40772 11774 2785 126%
c O 102.50 33 23 39 148 43025 1 1195853 95536 2.1 28 13 8 16 48% 40772 11774 2785 126%
c - 103.72 36 23 39 149 43031 1 1207273 95874 2.1 27 13 8 16 48% 40772 11774 2785 126%
c - 105.04 36 22 39 150 43038 1 1219479 96873 2.1 26 13 8 16 47% 40772 11774 2785 126%
c - 106.18 37 22 39 151 43040 1 1231726 97251 2.0 26 13 8 15 48% 40772 11774 2785 126%
c - 107.43 35 21 39 152 43047 1 1244014 96557 2.0 25 13 8 15 47% 40772 11774 2785 126%
c ] 108.68 35 21 40 152 43054 1 1256129 107334 2.0 25 13 8 15 47% 40772 11774 2785 126%
c { 108.68 35 38 40 152 43054 7 1256129 107334 1.7 23 13 8 12 46% 40772 11774 2785 126%
c o 108.69 35 38 40 152 43060 7 1256160 107365 1.7 23 13 8 12 46% 40772 11774 2785 126%
c - 108.73 36 38 40 153 43068 7 1256343 95874 1.7 23 13 8 12 46% 40772 11774 2785 126%
c u 109.37 41 37 40 153 43068 7 1258671 94261 1.7 23 13 8 12 46% 40772 11774 2785 126%
c v 109.77 41 37 40 153 43068 7 1258671 88044 1.7 23 13 8 12 46% 40772 11774 2785 126%
c w 109.92 41 37 40 153 43068 7 1258671 83582 1.7 23 13 8 12 46% 40772 11774 2785 126%
c - 110.67 35 35 40 154 43077 7 1268712 85656 1.7 23 13 8 12 46% 40772 11774 2785 126%
c - 111.59 36 33 40 155 43081 6 1281124 91068 1.7 22 13 8 12 46% 40772 11774 2785 126%
c - 112.53 35 31 40 156 43100 5 1293573 92322 1.7 21 12 8 12 46% 40772 11774 2785 126%
c - 113.47 35 29 40 157 43102 5 1306064 93796 1.8 21 12 8 12 46% 40772 11774 2785 126%
c
c  seconds    switched      rate           size/glue  tier1     binary         remaining
c          MB   reductions     conflicts         size   tier2       irredundant
c           level     restarts        redundant     glue    trail         variables
c
c - 114.53 36 27 40 158 43165 5 1318595 94425 1.8 21 12 8 12 46% 40772 11774 2785 126%
c - 115.45 37 26 40 159 43215 4 1331164 95170 1.8 20 12 8 12 46% 40772 11774 2785 126%
c - 116.41 36 25 40 160 43265 4 1343773 97130 1.8 20 11 8 12 46% 40772 11774 2785 126%
c } 116.72 36 24 41 160 43303 4 1347601 100455 1.7 20 11 8 12 46% 40772 11774 2785 126%
c [ 116.72 36 21 41 160 43303 1 1347601 100455 2.0 25 13 8 15 47% 40772 11774 2785 126%
c B 116.72 36 21 41 160 43303 1 1347601 100455 2.0 25 13 8 15 47% 40772 11774 2785 126%
c - 117.47 35 21 41 161 43309 1 1356423 98512 2.0 25 13 8 15 48% 40772 11774 2785 126%
c u 118.67 41 20 41 161 43314 1 1365199 105638 2.0 24 13 8 15 48% 40772 11774 2785 126%
c v 119.06 41 20 41 161 43314 1 1365199 102347 2.0 24 13 8 15 48% 40772 11774 2785 126%
c w 119.19 41 20 41 161 43314 1 1365199 99302 2.0 24 13 8 15 48% 40772 11774 2785 126%
c - 119.60 35 20 41 162 43316 1 1369111 92261 1.9 24 12 8 15 48% 40772 11774 2785 126%
c - 120.81 36 20 41 163 43319 1 1381839 94750 1.9 24 12 8 15 48% 40772 11774 2785 126%
c - 122.10 35 20 41 164 43326 1 1394606 97313 2.0 24 12 8 15 48% 40772 11774 2785 126%
c - 123.49 37 20 41 165 43332 1 1407412 97920 2.0 24 12 8 15 47% 40772 11774 2785 126%
c ] 124.50 36 20 42 165 43333 1 1416890 106669 2.0 24 12 8 15 47% 40772 11774 2785 126%
c { 124.50 36 24 42 165 43333 4 1416890 106669 1.7 20 11 8 12 46% 40772 11774 2785 126%
c - 124.86 36 24 42 166 43336 4 1420257 99474 1.8 20 11 8 12 46% 40772 11774 2785 126%
c o 125.29 35 24 42 166 43343 4 1424684 103726 1.8 20 11 8 12 46% 40772 11774 2785 126%
c - 125.97 35 23 42 167 43422 4 1433142 101792 1.8 20 11 8 12 46% 40772 11774 2785 126%
c - 127.03 36 22 42 168 43585 3 1446064 104586 1.8 19 11 8 12 46% 40772 11774 2785 126%
c
c  seconds    switched      rate            size/glue  tier1     binary         remaining
c          MB   reductions     conflicts          size   tier2       irredundant
c           level     restarts        redundant      glue    trail         variables
c
c - 127.98 36 22 42 169 43788 3 1459025 108060 1.8 19 11 8 12 46% 40772 11774 2785 126%
c - 128.99 39 21 42 170 44075 3 1472025 110732 1.8 19 11 8 12 46% 40772 11774 2785 126%
c u 129.80 41 21 42 170 44169 3 1476491 113916 1.8 19 11 8 12 46% 40772 11774 2785 126%
c v 130.17 43 21 42 170 44169 3 1476491 113058 1.8 19 11 8 12 46% 40772 11774 2785 126%
c w 130.30 43 21 42 170 44169 3 1476491 112845 1.8 19 11 8 12 46% 40772 11774 2785 126%
c - 130.96 37 21 42 171 44304 3 1485064 111949 1.8 19 11 8 12 46% 40772 11774 2785 126%
c - 131.94 36 20 42 172 44489 3 1498141 114221 1.8 19 11 8 12 46% 40772 11774 2785 126%
c - 132.91 39 20 42 173 44676 3 1511256 117159 1.8 19 11 8 12 46% 40772 11774 2785 126%
c } 133.35 37 20 43 173 44824 3 1516863 122491 1.8 19 11 8 12 46% 40772 11774 2785 126%
c [ 133.35 37 20 43 173 44824 1 1516863 122491 2.0 24 12 8 15 47% 40772 11774 2785 126%
c W 133.80 28 20 43 173 44824 1 1516863 122491 2.0 24 12 8 15 47% 40772 11774 2785 126%
c - 134.42 30 21 43 174 44829 1 1524409 117250 1.9 25 13 8 15 48% 40772 11774 2785 126%
c - 135.59 34 21 43 175 44837 1 1537599 117486 1.9 24 13 8 15 48% 40772 11774 2785 126%
c - 136.79 34 21 43 176 44840 1 1550830 118270 1.9 24 13 8 15 48% 40772 11774 2785 126%
c - 138.03 34 21 43 177 44848 1 1564098 116764 1.9 25 13 8 15 48% 40772 11774 2785 126%
c - 139.41 34 21 43 178 44853 1 1577403 117546 1.9 25 13 8 15 49% 40772 11774 2785 126%
c - 140.68 34 21 43 179 44854 1 1590744 118929 1.9 25 13 8 15 49% 40772 11774 2785 126%
c u 141.28 36 21 43 179 44854 1 1592627 119641 1.9 25 13 8 15 49% 40772 11774 2785 126%
c v 141.68 36 21 43 179 44854 1 1592627 114678 1.9 25 13 8 15 49% 40772 11774 2785 126%
c w 141.83 36 21 43 179 44854 1 1592627 109954 1.9 25 13 8 15 49% 40772 11774 2785 126%
c
c  seconds    switched      rate            size/glue  tier1     binary         remaining
c          MB   reductions     conflicts          size   tier2       irredundant
c           level     restarts        redundant      glue    trail         variables
c
c ] 143.65 36 21 44 179 44854 1 1597143 114156 1.9 25 13 8 15 49% 40772 11774 2785 126%
c { 143.65 36 20 44 179 44854 3 1597143 114156 1.8 19 11 8 12 46% 40772 11774 2785 126%
c o 143.65 36 20 44 179 44862 3 1597184 114197 1.8 19 11 8 12 46% 40772 11774 2785 126%
c - 144.18 36 20 44 180 45006 3 1604123 113228 1.8 19 10 8 12 46% 40772 11774 2785 126%
c - 145.21 36 20 44 181 45390 3 1617540 118738 1.8 18 10 8 12 46% 40772 11774 2785 126%
c - 146.25 36 19 44 182 45730 3 1630993 121687 1.8 18 10 8 12 46% 40772 11774 2785 126%
c - 147.25 36 19 44 183 45997 2 1644483 124393 1.8 18 10 8 12 46% 40772 11774 2785 126%
c - 148.36 36 19 44 184 46347 2 1658011 126660 1.8 18 10 8 12 46% 40772 11774 2785 126%
c - 149.46 36 19 44 185 46827 2 1671575 128511 1.7 18 10 8 12 46% 40772 11774 2785 126%
c - 150.60 36 19 44 186 47362 2 1685177 129690 1.7 18 10 8 12 46% 40772 11774 2785 126%
c - 151.76 36 18 44 187 47878 2 1698815 130075 1.7 18 10 8 12 46% 40772 11774 2785 126%
c } 152.34 36 18 45 187 48113 2 1705974 136509 1.7 17 10 8 12 46% 40772 11774 2785 126%
c [ 152.34 36 21 45 187 48113 1 1705974 136509 1.9 25 13 8 15 49% 40772 11774 2785 126%
c I 152.34 36 21 45 187 48113 1 1705974 136509 1.9 25 13 8 15 49% 40772 11774 2785 126%
c - 152.87 36 23 45 188 48118 1 1712491 128360 1.9 25 14 8 15 49% 40772 11774 2785 126%
c u 153.33 36 23 45 188 48118 1 1713629 129242 1.9 25 14 8 15 49% 40772 11774 2785 126%
c v 153.60 36 23 45 188 48118 1 1713629 129037 1.9 25 14 8 15 49% 40772 11774 2785 126%
c w 153.70 36 23 45 188 48118 1 1713629 129017 1.9 25 14 8 15 49% 40772 11774 2785 126%
c - 154.89 36 23 45 189 48125 1 1726202 125998 1.9 25 14 8 15 48% 40772 11774 2785 126%
c - 156.07 36 23 45 190 48129 1 1739951 125515 1.9 26 13 8 15 48% 40772 11774 2785 126%
c
c  seconds    switched      rate            size/glue  tier1     binary         remaining
c          MB   reductions     conflicts          size   tier2       irredundant
c           level     restarts        redundant      glue    trail         variables
c
c - 157.34 36 23 45 191 48137 1 1753735 125139 1.9 26 13 8 15 48% 40772 11774 2785 126%
c - 158.55 36 24 45 192 48142 1 1767556 123954 1.9 26 14 8 15 48% 40772 11774 2785 126%
c - 159.86 36 24 45 193 48143 1 1781412 125525 1.9 26 13 8 15 48% 40772 11774 2785 126%
c - 161.18 36 24 45 194 48149 1 1795304 126232 1.9 26 14 8 16 48% 40772 11774 2785 126%
c ] 161.85 36 24 46 194 48153 1 1802741 133213 1.9 26 14 8 16 48% 40772 11774 2785 126%
c { 161.85 36 18 46 194 48153 2 1802741 133213 1.7 17 10 8 12 46% 40772 11774 2785 126%
c o 161.86 36 18 46 194 48162 2 1802789 133260 1.7 17 10 8 12 46% 40772 11774 2785 126%
c - 162.42 36 18 46 195 48382 2 1809234 126472 1.7 17 10 8 12 46% 40772 11774 2785 126%
c - 163.61 36 18 46 196 48793 2 1823201 128691 1.7 17 10 8 12 46% 40772 11774 2785 126%
c - 164.83 36 18 46 197 49239 2 1837201 129382 1.7 17 10 8 12 46% 40772 11774 2785 126%
c u 165.52 36 18 46 197 49338 2 1839524 131164 1.7 17 10 8 12 46% 40772 11774 2785 126%
c v 165.94 38 18 46 197 49338 2 1839524 129879 1.7 17 10 8 12 46% 40772 11774 2785 126%
c w 166.09 38 18 46 197 49338 2 1839524 129675 1.7 17 10 8 12 46% 40772 11774 2785 126%
c - 167.12 38 18 46 198 49946 2 1851237 128896 1.7 17 10 8 12 46% 40772 11774 2785 126%
c - 168.33 38 18 46 199 50516 2 1865308 130404 1.7 17 10 8 12 46% 40772 11774 2785 126%
c - 169.64 38 18 46 200 51257 2 1879414 131068 1.7 17 10 8 12 46% 40772 11774 2785 126%
c - 170.99 38 18 46 201 52016 3 1893557 131913 1.7 17 10 8 12 46% 40772 11774 2785 126%
c - 172.13 38 18 46 202 52323 2 1907734 132030 1.7 17 10 8 12 46% 40772 11774 2785 126%
c } 173.27 38 18 47 202 52720 2 1920787 143887 1.7 17 10 8 12 46% 40772 11774 2785 126%
c [ 173.27 38 24 47 202 52720 1 1920787 143887 1.9 26 14 8 16 48% 40772 11774 2785 126%
c
c  seconds    switched      rate            size/glue  tier1     binary         remaining
c          MB   reductions     conflicts          size   tier2       irredundant
c           level     restarts        redundant      glue    trail         variables
c
c B 173.27 38 24 47 202 52720 1 1920787 143887 1.9 26 14 8 16 48% 40772 11774 2785 126%
c - 173.38 38 24 47 203 52721 1 1921947 132066 1.9 26 14 8 16 48% 40772 11774 2785 126%
c - 174.54 38 24 47 204 52729 1 1936194 132062 1.9 26 14 8 16 47% 40772 11774 2785 126%
c - 175.84 38 25 47 205 52734 1 1950477 130913 1.9 26 14 8 16 47% 40772 11774 2785 126%
c - 177.19 38 25 47 206 52741 1 1964794 130783 1.8 26 14 8 16 47% 40772 11774 2785 126%
c u 178.27 38 25 47 206 52745 1 1970337 135544 1.8 26 14 8 16 47% 40772 11774 2785 126%
c v 178.71 38 25 47 206 52745 1 1970337 135483 1.8 26 14 8 16 47% 40772 11774 2785 126%
c w 178.87 38 25 47 206 52745 1 1970337 135382 1.8 26 14 8 16 47% 40772 11774 2785 126%
c - 179.79 38 25 47 207 52749 1 1979147 132883 1.8 26 14 8 16 47% 40772 11774 2785 126%
c - 181.26 38 24 47 208 52750 1 1993535 136333 1.9 26 14 8 16 47% 40772 11774 2785 126%
c o 182.22 38 23 47 208 52751 1 2002788 144873 1.9 25 14 8 16 47% 40772 11774 2785 126%
c - 182.70 38 27 47 209 52755 1 2007959 137507 1.8 26 14 8 16 47% 40772 11774 2785 126%
c - 183.90 38 26 47 210 52763 1 2022416 137655 1.8 26 14 8 16 48% 40772 11774 2785 126%
c ] 184.35 38 26 48 210 52765 1 2027593 142551 1.8 26 14 8 16 48% 40772 11774 2785 126%
c { 184.35 38 18 48 210 52765 2 2027593 142551 1.7 17 10 8 12 46% 40772 11774 2785 126%
c - 185.16 38 18 48 211 53053 2 2036907 137962 1.7 17 10 8 12 46% 40772 11774 2785 126%
c - 186.51 38 18 48 212 53753 2 2051432 136819 1.7 17 10 8 12 46% 40772 11774 2785 126%
c - 187.96 38 18 48 213 54573 3 2065996 136635 1.7 17 10 8 12 46% 40772 11774 2785 126%
c - 189.34 38 18 48 214 55437 3 2080590 136841 1.7 17 10 8 12 46% 40772 11774 2785 126%
c - 190.81 38 18 48 215 56291 3 2095220 136635 1.7 17 10 8 12 46% 40772 11774 2785 126%
c
c  seconds    switched      rate            size/glue  tier1     binary         remaining
c          MB   reductions     conflicts          size   tier2       irredundant
c           level     restarts        redundant      glue    trail         variables
c
c u 192.33 38 18 48 215 56854 3 2106119 146420 1.7 17 10 8 12 46% 40772 11774 2785 126%
c v 192.81 38 18 48 215 56854 3 2106119 145975 1.7 17 10 8 12 46% 40772 11774 2785 126%
c w 192.98 38 18 48 215 56854 3 2106119 145761 1.7 17 10 8 12 46% 40772 11774 2785 126%
c - 193.39 38 18 48 216 56979 3 2109883 136243 1.7 17 10 8 12 46% 40772 11774 2785 126%
c - 194.55 38 18 48 217 57288 3 2124580 135918 1.7 17 10 8 12 46% 40772 11774 2785 126%
c - 195.83 38 18 48 218 57843 3 2139310 136186 1.7 17 10 8 12 46% 40772 11774 2785 126%
c - 197.16 38 18 48 219 58466 3 2154074 138131 1.7 17 10 8 12 46% 40772 11774 2785 126%
c } 197.25 38 18 49 219 58469 3 2155204 139142 1.7 17 10 8 12 46% 40772 11774 2785 126%
c [ 197.25 38 26 49 219 58469 1 2155204 139142 1.8 26 14 8 16 48% 40772 11774 2785 126%
c W 198.02 38 26 49 219 58469 1 2155204 139142 1.8 26 14 8 16 48% 40772 11774 2785 126%
c - 199.10 38 25 49 220 58477 1 2168872 139652 1.8 26 14 8 16 48% 40772 11774 2785 126%
c - 200.50 38 25 49 221 58483 1 2183704 140385 1.8 26 14 8 16 49% 40772 11774 2785 126%
c - 202.07 38 25 49 222 58490 1 2198571 141477 1.9 26 14 8 16 49% 40772 11774 2785 126%
c - 203.66 40 24 49 223 58498 1 2213471 143032 1.9 25 14 8 16 49% 40772 11774 2785 126%
c - 205.13 40 24 49 224 58499 1 2228405 142057 1.9 26 14 8 16 49% 40772 11774 2785 126%
c o 206.15 40 24 49 224 58502 1 2239253 152531 1.9 26 14 8 16 49% 40772 11774 2785 126%
c - 206.52 40 30 49 225 58504 1 2243371 138983 1.8 27 15 8 16 49% 40772 11774 2785 126%
c u 207.51 40 30 49 225 58506 1 2246897 141890 1.8 27 15 8 16 49% 40772 11774 2785 126%
c v 208.04 40 30 49 225 58506 1 2246897 141724 1.8 27 15 8 16 49% 40772 11774 2785 126%
c w 208.24 40 30 49 225 58506 1 2246897 141374 1.8 27 15 8 16 49% 40772 11774 2785 126%
c
c  seconds    switched      rate            size/glue  tier1     binary         remaining
c          MB   reductions     conflicts          size   tier2       irredundant
c           level     restarts        redundant      glue    trail         variables
c
c - 209.35 40 29 49 226 58513 1 2258371 137048 1.8 27 15 8 16 49% 40772 11774 2785 126%
c O 210.50 40 28 49 226 58514 1 2269544 147573 1.8 26 15 8 16 49% 40772 11774 2785 126%
c - 210.90 40 27 49 227 58517 1 2273407 137498 1.8 26 15 8 16 49% 40772 11774 2785 126%
c ] 211.32 40 27 50 227 58520 1 2277611 141433 1.8 26 14 8 16 49% 40772 11774 2785 126%
c { 211.32 40 18 50 227 58520 3 2277611 141433 1.7 17 10 8 12 46% 40772 11774 2785 126%
c - 212.45 40 17 50 228 58552 2 2288474 136246 1.7 17 10 8 12 46% 40772 11774 2785 126%
c - 213.79 40 16 50 229 58570 2 2303573 133363 1.7 16 10 8 12 46% 40772 11774 2785 126%
c - 214.98 40 15 50 230 58617 2 2318707 132886 1.7 16 10 8 12 46% 40772 11774 2785 126%
c - 216.33 40 15 50 231 58664 2 2333872 135097 1.7 16 9 8 12 46% 40772 11774 2785 126%
c - 217.62 40 14 50 232 58664 2 2349070 135610 1.7 15 9 8 12 46% 40772 11774 2785 126%
c - 219.00 40 13 50 233 58723 2 2364301 137153 1.6 15 9 8 12 46% 40772 11774 2785 126%
c - 220.55 40 13 50 234 58988 2 2379566 141963 1.6 15 9 8 12 46% 40772 11774 2785 126%
c u 222.34 42 13 50 234 59070 2 2392719 144557 1.6 15 9 8 12 46% 40772 11774 2785 126%
c v 222.89 42 13 50 234 59070 2 2392719 143065 1.6 15 9 8 12 46% 40772 11774 2785 126%
c w 223.08 42 13 50 234 59070 2 2392719 142984 1.6 15 9 8 12 46% 40772 11774 2785 126%
c - 223.34 42 13 50 235 59092 2 2394865 138104 1.6 15 9 8 12 46% 40772 11774 2785 126%
c - 224.60 42 12 50 236 59213 2 2410195 143380 1.6 14 9 8 12 46% 40772 11774 2785 126%
c } 225.00 42 12 51 236 59256 2 2415137 147164 1.6 14 9 8 12 46% 40772 11774 2785 126%
c [ 225.00 42 27 51 236 59256 1 2415137 147164 1.8 26 14 8 16 49% 40772 11774 2785 126%
c B 225.00 42 27 51 236 59256 1 2415137 147164 1.8 26 14 8 16 49% 40772 11774 2785 126%
c
c  seconds    switched      rate            size/glue  tier1     binary         remaining
c          MB   reductions     conflicts          size   tier2       irredundant
c           level     restarts        redundant      glue    trail         variables
c
c - 225.92 42 27 51 237 59262 1 2425558 148090 1.8 26 15 8 16 49% 40772 11774 2785 126%
c - 227.27 42 26 51 238 59270 1 2440952 151847 1.8 26 14 8 16 49% 40772 11774 2785 126%
c - 228.72 42 26 51 239 59277 1 2456379 155253 1.8 26 14 8 16 49% 40772 11774 2785 126%
c - 230.36 42 25 51 240 59284 1 2471840 157801 1.8 26 14 8 16 49% 40772 11774 2785 126%
c - 232.04 42 25 51 241 59286 1 2487332 158242 1.8 26 14 8 16 49% 40772 11774 2785 126%
c - 233.67 42 26 51 242 59291 1 2502856 153656 1.8 26 14 8 16 49% 40772 11774 2785 126%
c o 235.28 42 25 51 242 59300 1 2517628 167646 1.8 26 14 8 16 49% 40772 11774 2785 126%
c - 235.38 42 27 51 243 59300 1 2518414 150427 1.8 26 14 8 16 49% 40772 11774 2785 126%
c ] 236.43 42 33 52 243 59303 1 2531253 162750 1.7 27 16 8 16 48% 40772 11774 2785 126%
c { 236.43 42 12 52 243 59303 2 2531253 162750 1.6 14 9 8 12 46% 40772 11774 2785 126%
c - 236.92 42 13 52 244 59886 2 2534002 146770 1.6 14 9 8 12 46% 40772 11774 2785 126%
c u 238.89 42 14 52 244 61611 2 2543585 155257 1.6 15 9 8 12 46% 40772 11774 2785 126%
c v 239.50 42 14 52 244 61611 2 2543585 154854 1.6 15 9 8 12 46% 40772 11774 2785 126%
c w 239.72 42 14 52 244 61611 2 2543585 154295 1.6 15 9 8 12 46% 40772 11774 2785 126%
c - 240.50 42 14 52 245 62417 2 2549623 144386 1.6 15 9 8 12 46% 40772 11774 2785 126%
c - 242.30 42 15 52 246 63932 2 2565278 146431 1.6 15 9 8 12 46% 40772 11774 2785 126%
c - 244.10 42 16 52 247 65974 3 2580963 146264 1.6 15 10 8 12 46% 40772 11774 2785 126%
c - 245.64 42 16 52 248 67003 3 2596680 145822 1.6 15 10 8 12 46% 40772 11774 2785 126%
c - 247.21 42 16 52 249 68244 3 2612429 144880 1.6 16 10 8 12 46% 40772 11774 2785 126%
c - 248.92 42 17 52 250 69511 3 2628208 145513 1.6 16 10 8 12 46% 40772 11774 2785 126%
c
c  seconds    switched      rate            size/glue  tier1     binary         remaining
c          MB   reductions     conflicts          size   tier2       irredundant
c           level     restarts        redundant      glue    trail         variables
c
c - 250.51 42 17 52 251 70532 3 2644020 147933 1.6 16 10 8 12 46% 40772 11774 2785 126%
c - 251.96 42 17 52 252 70965 3 2659862 150808 1.6 16 10 8 12 46% 40772 11774 2785 126%
c - 253.49 42 17 52 253 71718 3 2675737 153520 1.6 16 10 8 12 46% 40772 11774 2785 126%
c } 253.79 42 17 53 253 71852 3 2679042 156414 1.6 16 10 8 12 46% 40772 11774 2785 126%
c [ 253.79 42 33 53 253 71852 1 2679042 156414 1.7 27 16 8 16 48% 40772 11774 2785 126%
c W 254.81 42 33 53 253 71852 1 2679042 156414 1.7 27 16 8 16 48% 40772 11774 2785 126%
c - 255.90 42 31 53 254 71859 1 2691643 156477 1.7 26 15 8 16 49% 40772 11774 2785 126%
c u 257.27 59 30 53 254 71865 1 2699546 162370 1.7 26 15 8 16 49% 40772 11774 2785 126%
c v 257.84 59 30 53 254 71865 1 2699546 158217 1.7 26 15 8 16 49% 40772 11774 2785 126%
c w 258.04 59 30 53 254 71865 1 2699546 154064 1.7 26 15 8 16 49% 40772 11774 2785 126%
c - 258.86 51 29 53 255 71866 1 2707580 150444 1.7 26 15 8 16 49% 40772 11774 2785 126%
c - 260.51 53 27 53 256 71873 1 2723548 157480 1.7 25 14 7 16 49% 40772 11774 2785 126%
c - 262.14 55 26 53 257 71881 1 2739551 162305 1.8 25 14 7 16 49% 40772 11774 2785 126%
c - 263.80 53 25 53 258 71882 1 2755582 163014 1.8 25 14 7 16 48% 40772 11774 2785 126%
c - 265.69 55 25 53 259 71889 1 2771647 161171 1.8 25 14 7 16 48% 40772 11774 2785 126%
c - 267.67 53 24 53 260 71897 1 2787740 158616 1.8 25 14 7 16 48% 40772 11774 2785 126%
c - 269.55 55 23 53 261 71904 1 2803864 156076 1.8 24 13 7 16 48% 40772 11774 2785 126%
c I 270.52 53 22 53 261 71910 1 2813282 164613 1.8 24 13 7 16 48% 40772 11774 2785 126%
c o 270.53 53 22 53 261 71910 1 2813282 164613 1.8 24 13 7 16 48% 40772 11774 2785 126%
c ] 270.54 53 23 54 261 71910 1 2813327 164655 1.8 24 13 7 16 48% 40772 11774 2785 126%
c
c  seconds    switched      rate            size/glue  tier1     binary         remaining
c          MB   reductions     conflicts          size   tier2       irredundant
c           level     restarts        redundant      glue    trail         variables
c
c { 270.54 53 17 54 261 71910 3 2813327 164655 1.6 16 10 8 12 46% 40772 11774 2785 126%
c - 271.92 55 20 54 262 73329 3 2820019 151880 1.6 17 10 8 12 46% 40772 11774 2785 126%
c - 275.22 55 25 54 263 76754 5 2836207 115496 1.7 19 11 7 12 46% 40772 11774 2785 126%
c - 278.35 53 29 54 264 80186 6 2852425 101864 1.7 20 12 7 12 46% 40772 11774 2785 126%
c u 280.72 42 31 54 264 81912 6 2860603 107540 1.7 21 13 7 12 46% 40772 11774 2785 126%
c v 281.47 42 31 54 264 81912 6 2860603 106874 1.7 21 13 7 12 46% 40772 11774 2785 126%
c w 281.75 42 31 54 264 81912 6 2860603 106828 1.7 21 13 7 12 46% 40772 11774 2785 126%
c - 286.08 42 33 54 265 83595 6 2868674 93948 1.7 22 13 7 12 46% 40772 11774 2785 126%
c - 288.94 42 36 54 266 86709 7 2884954 90916 1.7 23 13 7 12 46% 40772 11774 2785 126%
c - 291.81 42 38 54 267 89467 7 2901266 88671 1.7 24 14 7 12 46% 40772 11774 2785 126%
c - 294.39 42 40 54 268 91706 8 2917606 88107 1.8 25 14 7 12 46% 40772 11774 2785 126%
c - 296.92 42 42 54 269 93842 8 2933976 88254 1.8 26 15 7 12 46% 40772 11774 2785 126%
c - 299.25 42 42 54 270 95412 7 2950377 88633 1.8 27 15 7 12 46% 40772 11774 2785 126%
c - 301.45 42 43 54 271 96784 7 2966811 89357 1.9 27 15 7 12 46% 40772 11774 2785 126%
c } 302.15 42 43 55 271 97265 7 2971721 94200 1.9 28 15 7 12 46% 40772 11774 2785 126%
c [ 302.15 42 23 55 271 97265 1 2971721 94200 1.8 24 13 7 16 48% 40772 11774 2785 126%
c B 302.15 42 23 55 271 97265 1 2971721 94200 1.8 24 13 7 16 48% 40772 11774 2785 126%
c - 303.19 42 23 55 272 97271 1 2983273 91201 1.8 24 13 7 16 48% 40772 11774 2785 126%
c - 304.73 42 23 55 273 97279 1 2999767 95026 1.8 24 13 7 16 48% 40772 11774 2785 126%
c - 306.36 42 23 55 274 97286 1 3016289 95988 1.8 24 13 7 16 48% 40772 11774 2785 126%
c
c  seconds    switched      rate            size/glue  tier1     binary         remaining
c          MB   reductions     conflicts          size   tier2       irredundant
c           level     restarts        redundant      glue    trail         variables
c
c u 308.04 42 22 55 274 97293 1 3026806 104694 1.8 24 13 7 16 48% 40772 11774 2785 126%
c v 308.63 42 22 55 274 97293 1 3026806 101857 1.8 24 13 7 16 48% 40772 11774 2785 126%
c w 308.84 42 22 55 274 97293 1 3026806 98944 1.8 24 13 7 16 48% 40772 11774 2785 126%
c - 309.67 42 22 55 275 97294 1 3032842 91696 1.8 24 13 7 16 48% 40772 11774 2785 126%
c - 311.18 42 22 55 276 97295 1 3049426 94475 1.8 24 13 7 16 48% 40772 11774 2785 126%
c - 312.64 42 21 55 277 97303 1 3066039 94962 1.8 24 13 7 15 48% 40772 11774 2785 126%
c - 314.17 42 21 55 278 97310 1 3082683 96256 1.8 23 13 7 15 49% 40772 11774 2785 126%
c - 316.02 42 21 55 279 97318 1 3099358 95064 1.8 23 13 7 15 49% 40772 11774 2785 126%
c - 317.66 42 20 55 280 97325 1 3116063 94124 1.8 23 12 7 15 48% 40772 11774 2785 126%
c W 319.33 42 20 55 280 97326 1 3119910 97745 1.8 23 12 7 15 48% 40772 11774 2785 126%
c o 319.33 42 20 55 280 97326 1 3119910 97745 1.8 23 12 7 15 48% 40772 11774 2785 126%
c - 320.27 42 29 55 281 97326 1 3132797 89926 1.7 24 14 7 15 48% 40772 11774 2785 126%
c - 321.60 42 30 55 282 97327 1 3149561 84239 1.7 24 14 7 16 48% 40772 11774 2785 126%
c - 323.04 42 28 55 283 97327 1 3166353 86428 1.7 24 14 7 16 48% 40772 11774 2785 126%
c - 324.71 42 26 55 284 97337 1 3183175 89500 1.7 23 14 7 15 48% 40772 11774 2785 126%
c u 326.79 42 25 55 284 97342 1 3198183 101939 1.8 23 13 7 15 48% 40772 11774 2785 126%
c v 327.44 42 25 55 284 97342 1 3198183 90426 1.8 23 13 7 15 48% 40772 11774 2785 126%
c w 327.67 42 25 55 284 97342 1 3198183 87213 1.8 23 13 7 15 48% 40772 11774 2785 126%
c - 327.88 42 25 55 285 97342 1 3200029 79706 1.8 23 13 7 15 47% 40772 11774 2785 126%
c - 329.57 42 24 55 286 97352 1 3216910 86217 1.8 23 13 7 15 47% 40772 11774 2785 126%
c
c  seconds    switched      rate           size/glue  tier1     binary         remaining
c          MB   reductions     conflicts         size   tier2       irredundant
c           level     restarts        redundant     glue    trail         variables
c
c - 331.36 42 23 55 287 97357 1 3233822 90311 1.8 23 13 7 15 47% 40772 11774 2785 126%
c ] 331.62 42 23 56 287 97358 1 3236359 92729 1.8 23 13 7 15 47% 40772 11774 2785 126%
c { 331.62 42 43 56 287 97358 7 3236359 92729 1.9 28 15 7 12 46% 40772 11774 2785 126%
c - 333.08 42 40 56 288 97358 6 3250763 93639 1.9 27 14 7 12 46% 40772 11774 2785 126%
c - 334.63 42 36 56 289 97358 6 3267736 95933 1.9 26 14 7 12 46% 40772 11774 2785 126%
c - 336.05 42 33 56 290 97371 5 3284738 97358 1.9 25 13 7 12 46% 40772 11774 2785 126%
c - 337.41 42 30 56 291 97371 4 3301767 97845 1.9 24 13 7 12 46% 40772 11774 2785 126%
c - 338.84 42 28 56 292 97379 4 3318826 98326 1.9 23 12 7 12 46% 40772 11774 2785 126%
c - 340.21 42 26 56 293 97412 4 3335915 98863 1.9 22 12 7 12 46% 40772 11774 2785 126%
c - 341.57 42 24 56 294 97448 3 3353033 100848 1.8 21 12 7 12 46% 40772 11774 2785 126%
c o 342.28 42 23 56 294 97483 3 3362697 109886 1.8 21 12 7 12 46% 40772 11774 2785 126%
c - 342.82 42 23 56 295 97515 3 3370180 103231 1.8 21 11 7 12 46% 40772 11774 2785 126%
c u 343.73 42 22 56 295 97533 3 3374756 105490 1.8 21 11 7 12 46% 40772 11774 2785 126%
c v 344.28 42 22 56 295 97533 3 3374756 102945 1.8 21 11 7 12 46% 40772 11774 2785 126%
c w 344.47 42 22 56 295 97533 3 3374756 102082 1.8 21 11 7 12 46% 40772 11774 2785 126%
c - 345.46 42 22 56 296 97660 3 3387355 100900 1.8 20 11 7 12 46% 40772 11774 2785 126%
c - 346.77 42 21 56 297 97917 3 3404559 104562 1.8 20 11 7 12 46% 40772 11774 2785 126%
c } 346.86 42 21 57 297 97948 3 3405701 105584 1.8 20 11 7 12 46% 40772 11774 2785 126%
c [ 346.86 42 23 57 297 97948 1 3405701 105584 1.8 23 13 7 15 47% 40772 11774 2785 126%
c O 346.86 42 23 57 297 97948 1 3405701 105584 1.8 23 13 7 15 47% 40772 11774 2785 126%
c
c  seconds    switched      rate            size/glue  tier1     binary         remaining
c          MB   reductions     conflicts          size   tier2       irredundant
c           level     restarts        redundant      glue    trail         variables
c
c - 348.25 42 22 57 298 97957 1 3421793 106636 1.8 22 12 7 15 47% 40772 11774 2785 126%
c - 349.77 42 21 57 299 97963 1 3439058 105855 1.8 22 12 7 15 47% 40772 11774 2785 126%
c - 351.40 42 21 57 300 97974 1 3456351 105229 1.8 22 12 7 15 47% 40772 11774 2785 126%
c - 353.05 42 21 57 301 97978 1 3473671 106638 1.8 23 12 7 15 47% 40772 11774 2785 126%
c - 354.75 42 21 57 302 97981 1 3491022 106116 1.9 24 13 7 15 47% 40772 11774 2785 126%
c - 356.46 42 21 57 303 97992 1 3508404 106782 1.9 24 12 7 15 47% 40772 11774 2785 126%
c - 358.18 42 20 57 304 97998 1 3525810 108539 1.9 24 12 7 15 47% 40772 11774 2785 126%
c - 360.03 42 20 57 305 98007 1 3543245 109697 2.0 24 12 7 15 47% 40772 11774 2785 126%
c ] 360.51 42 20 58 305 98008 1 3548084 114319 2.0 24 12 7 15 47% 40772 11774 2785 126%
c { 360.51 42 21 58 305 98008 3 3548084 114319 1.8 20 11 7 12 46% 40772 11774 2785 126%
c u 361.96 42 21 58 305 98094 3 3556551 116881 1.8 20 11 7 12 46% 40772 11774 2785 126%
c v 362.66 42 21 58 305 98094 3 3556551 114121 1.8 20 11 7 12 46% 40772 11774 2785 126%
c w 362.90 42 21 58 305 98094 3 3556551 113243 1.8 20 11 7 12 46% 40772 11774 2785 126%
c - 363.27 42 21 58 306 98134 3 3560710 103504 1.8 20 11 7 12 46% 40772 11774 2785 126%
c - 364.70 42 20 58 307 98323 2 3578205 107526 1.8 19 11 7 12 46% 40772 11774 2785 126%
c - 366.07 42 19 58 308 98462 2 3595727 110606 1.8 19 11 7 12 46% 40772 11774 2785 126%
c o 367.48 42 19 58 308 99061 2 3612934 126610 1.8 19 11 7 12 46% 40772 11774 2785 126%
c - 367.54 42 19 58 309 99116 2 3613276 112251 1.8 19 11 7 12 46% 40772 11774 2785 126%
c - 368.87 42 19 58 310 99468 2 3630855 113367 1.8 18 10 7 12 46% 40772 11774 2785 126%
c - 370.30 42 19 58 311 99883 2 3648463 113371 1.8 18 10 7 12 46% 40772 11774 2785 126%
c
c  seconds    switched       rate            size/glue  tier1     binary         remaining
c          MB   reductions      conflicts          size   tier2       irredundant
c           level      restarts        redundant      glue    trail         variables
c
c - 371.75 42 18 58 312 100337 2 3666098 114399 1.7 18 10 7 12 46% 40772 11774 2785 126%
c - 373.12 42 18 58 313 100563 2 3683763 116282 1.7 18 10 7 12 46% 40772 11774 2785 126%
c - 374.66 42 18 58 314 101317 2 3701457 118695 1.7 17 10 7 12 46% 40772 11774 2785 126%
c - 376.07 42 18 58 315 101573 2 3719180 121030 1.7 17 10 7 12 46% 40772 11774 2785 126%
c } 376.89 42 17 59 315 101724 2 3728713 129440 1.7 17 10 7 12 46% 40772 11774 2785 126%
c [ 376.89 42 20 59 315 101724 1 3728713 129440 2.0 24 12 7 15 47% 40772 11774 2785 126%
c B 376.89 42 20 59 315 101724 1 3728713 129440 2.0 24 12 7 15 47% 40772 11774 2785 126%
c - 377.58 42 20 59 316 101730 1 3736929 122041 2.0 24 12 7 15 47% 40772 11774 2785 126%
c u 378.83 42 20 59 316 101733 1 3743593 127677 1.9 24 12 7 15 47% 40772 11774 2785 126%
c v 379.44 42 20 59 316 101733 1 3743593 127274 1.9 24 12 7 15 47% 40772 11774 2785 126%
c w 379.65 42 20 59 316 101733 1 3743593 126600 1.9 24 12 7 15 47% 40772 11774 2785 126%
c - 380.78 42 21 59 317 101738 1 3754705 120609 1.9 24 13 7 15 47% 40772 11774 2785 126%
c - 382.49 42 21 59 318 101745 1 3772511 121406 1.9 24 13 7 15 47% 40772 11774 2785 126%
c - 384.24 42 22 59 319 101753 1 3790343 120819 1.9 26 13 7 15 47% 40772 11774 2785 126%
c - 386.01 42 23 59 320 101754 1 3808203 118679 1.9 27 14 7 15 47% 40772 11774 2785 126%
c - 387.79 42 24 59 321 101764 1 3826091 119080 1.9 27 14 7 15 47% 40772 11774 2785 126%
c - 389.63 42 24 59 322 101770 1 3844007 119162 1.9 27 14 7 15 47% 40772 11774 2785 126%
c - 391.61 42 23 59 323 101782 1 3861951 118954 1.9 26 14 7 15 47% 40772 11774 2785 126%
c ] 392.87 42 23 60 323 101784 1 3874155 130371 1.9 26 14 7 15 47% 40772 11774 2785 126%
c { 392.87 42 17 60 323 101784 2 3874155 130371 1.7 17 10 7 12 46% 40772 11774 2785 126%
c
c  seconds    switched       rate            size/glue  tier1     binary         remaining
c          MB   reductions      conflicts          size   tier2       irredundant
c           level      restarts        redundant      glue    trail         variables
c
c o 392.89 42 17 60 323 101803 2 3874271 130484 1.7 17 10 7 12 46% 40772 11774 2785 126%
c - 393.51 42 17 60 324 102070 2 3879923 118984 1.7 17 10 7 12 46% 40772 11774 2785 126%
c - 395.11 42 18 60 325 102658 2 3897924 119925 1.7 17 10 7 12 46% 40772 11774 2785 126%
c - 396.82 42 18 60 326 103327 2 3915953 121613 1.7 17 10 7 12 46% 40772 11774 2785 126%
c - 398.48 42 18 60 327 103986 2 3934008 122180 1.7 17 10 7 12 46% 40772 11774 2785 126%
c u 399.42 42 18 60 327 103987 2 3935908 123264 1.7 17 10 7 12 46% 40772 11774 2785 126%
c v 400.15 42 18 60 327 103987 2 3935908 121203 1.7 17 10 7 12 46% 40772 11774 2785 126%
c w 400.39 42 18 60 327 103987 2 3935908 120895 1.7 17 10 7 12 46% 40772 11774 2785 126%
c - 401.91 42 18 60 328 104467 2 3952091 120121 1.7 17 10 7 12 46% 40772 11774 2785 126%
c - 403.56 42 17 60 329 105046 2 3970202 122331 1.7 17 10 7 12 46% 40772 11774 2785 126%
c - 405.18 42 18 60 330 105762 2 3988340 124443 1.7 17 10 7 12 46% 40772 11774 2785 126%
c - 406.73 42 17 60 331 106094 2 4006506 126918 1.7 17 10 7 12 46% 40772 11774 2785 126%
c - 408.43 42 18 60 332 106820 2 4024700 128331 1.7 17 10 7 12 46% 40772 11774 2785 126%
c - 410.04 42 18 60 333 107618 2 4042920 130245 1.7 17 10 7 12 46% 40772 11774 2785 126%
c - 411.72 42 18 60 334 108333 2 4061168 131920 1.7 17 10 7 12 46% 40772 11774 2785 126%
c } 412.17 42 18 61 334 108491 2 4066408 136522 1.7 17 10 7 12 46% 40772 11774 2785 126%
c [ 412.17 42 23 61 334 108491 1 4066408 136522 1.9 26 14 7 15 47% 40772 11774 2785 126%
c W 413.90 42 23 61 334 108491 1 4066408 136522 1.9 26 14 7 15 47% 40772 11774 2785 126%
c - 415.00 42 23 61 335 108498 1 4079444 132845 1.9 25 14 7 15 47% 40772 11774 2785 126%
c - 416.66 42 22 61 336 108505 1 4097749 133307 1.9 25 13 7 15 47% 40772 11774 2785 126%
c
c  seconds    switched       rate            size/glue  tier1     binary         remaining
c          MB   reductions      conflicts          size   tier2       irredundant
c           level      restarts        redundant      glue    trail         variables
c
c - 418.41 42 22 61 337 108516 1 4116081 132333 1.9 24 13 7 15 47% 40772 11774 2785 126%
c u 420.77 42 21 61 337 108521 1 4133521 146788 1.9 24 13 7 15 47% 40772 11774 2785 126%
c v 421.45 59 21 61 337 108521 1 4133521 133322 1.9 24 13 7 15 47% 40772 11774 2785 126%
c w 421.70 59 21 61 337 108521 1 4133521 129938 1.9 24 13 7 15 47% 40772 11774 2785 126%
c - 421.85 49 21 61 338 108521 1 4134444 116919 1.9 24 13 7 15 47% 40772 11774 2785 126%
c - 423.58 51 21 61 339 108525 1 4152828 121121 1.9 24 13 7 15 47% 40772 11774 2785 126%
c - 425.51 53 20 61 340 108535 1 4171239 126406 1.9 23 12 7 15 47% 40772 11774 2785 126%
c - 427.37 53 20 61 341 108543 1 4189679 128342 1.9 23 12 7 15 47% 40772 11774 2785 126%
c - 429.24 53 19 61 342 108551 1 4208145 127321 1.9 23 12 7 15 48% 40772 11774 2785 126%
c - 431.03 51 19 61 343 108552 1 4226638 126618 1.9 23 12 7 15 48% 40772 11774 2785 126%
c ] 431.84 53 19 62 343 108553 1 4234695 134049 1.9 23 12 7 15 48% 40772 11774 2785 126%
c { 431.84 53 18 62 343 108553 2 4234695 134049 1.7 17 10 7 12 46% 40772 11774 2785 126%
c o 431.86 53 18 62 343 108565 2 4234784 134138 1.7 17 10 7 12 46% 40772 11774 2785 126%
c - 432.91 53 18 62 344 109127 2 4245158 126454 1.7 17 10 7 12 46% 40772 11774 2785 126%
c - 434.72 53 18 62 345 109902 2 4263706 126057 1.7 17 10 7 12 46% 40772 11774 2785 126%
c - 436.40 53 18 62 346 110564 2 4282280 125171 1.7 17 10 7 12 46% 40772 11774 2785 126%
c - 438.06 53 18 62 347 110996 2 4300881 125408 1.7 17 10 7 12 46% 40772 11774 2785 126%
c - 439.79 53 18 62 348 111887 2 4319508 127118 1.6 17 10 7 12 46% 40772 11774 2785 126%
c u 442.14 57 18 62 348 112673 2 4336458 134694 1.6 17 10 7 12 46% 40772 11774 2785 126%
c v 442.87 57 18 62 348 112673 2 4336458 130224 1.6 17 10 7 12 46% 40772 11774 2785 126%
c
c  seconds    switched       rate            size/glue  tier1     binary         remaining
c          MB   reductions      conflicts          size   tier2       irredundant
c           level      restarts        redundant      glue    trail         variables
c
c w 443.13 57 18 62 348 112673 2 4336458 129720 1.6 17 10 7 12 46% 40772 11774 2785 126%
c - 443.33 50 18 62 349 112682 2 4338162 119263 1.6 16 10 7 12 46% 40772 11774 2785 126%
c - 445.05 53 18 62 350 113472 2 4356843 122222 1.6 17 10 7 12 46% 40772 11774 2785 126%
c - 446.61 53 18 62 351 113921 2 4375551 125440 1.6 17 10 7 12 46% 40772 11774 2785 126%
c - 448.29 53 18 62 352 114672 2 4394285 127721 1.6 17 10 7 12 46% 40772 11774 2785 126%
c - 449.99 53 18 62 353 115315 2 4413046 130077 1.6 17 10 7 12 46% 40772 11774 2785 126%
c - 451.71 53 18 62 354 115960 2 4431835 131517 1.7 17 10 7 12 46% 40772 11774 2785 126%
c } 452.33 51 18 63 354 116226 2 4438904 137814 1.6 17 10 7 12 46% 40772 11774 2785 126%
c [ 452.33 51 19 63 354 116226 1 4438904 137814 1.9 23 12 7 15 48% 40772 11774 2785 126%
c I 452.33 51 19 63 354 116226 1 4438904 137814 1.9 23 12 7 15 48% 40772 11774 2785 126%
c - 453.29 53 21 63 355 116232 1 4450650 128881 1.9 24 13 7 15 48% 40772 11774 2785 126%
c - 454.88 49 23 63 356 116240 1 4469492 123708 1.9 26 13 7 15 48% 40772 11774 2785 126%
c - 456.59 53 22 63 357 116251 1 4488359 125224 1.9 25 13 7 15 48% 40772 11774 2785 126%
c - 458.31 53 22 63 358 116256 1 4507254 128801 1.9 25 13 7 15 47% 40772 11774 2785 126%
c - 460.18 50 21 63 359 116261 1 4526174 129757 2.0 25 13 7 15 47% 40772 11774 2785 126%
c u 462.73 57 21 63 359 116270 1 4544744 146792 2.0 25 12 7 15 48% 40772 11774 2785 126%
c v 463.49 58 21 63 359 116270 1 4544744 141394 2.0 25 12 7 15 48% 40772 11774 2785 126%
c w 463.76 59 21 63 359 116270 1 4544744 139948 2.0 25 12 7 15 48% 40772 11774 2785 126%
c o 463.80 59 21 63 359 116270 1 4544744 139948 2.0 25 12 7 15 48% 40772 11774 2785 126%
c - 463.85 49 22 63 360 116270 1 4545122 125160 2.0 25 12 7 15 48% 40772 11774 2785 126%
c
c  seconds    switched       rate            size/glue  tier1     binary         remaining
c          MB   reductions      conflicts          size   tier2       irredundant
c           level      restarts        redundant      glue    trail         variables
c
c - 465.55 53 27 63 361 116278 1 4564098 122065 1.8 26 14 7 15 47% 40772 11774 2785 126%
c - 467.32 51 26 63 362 116286 1 4583099 119294 1.8 26 14 7 15 47% 40772 11774 2785 126%
c - 469.20 53 25 63 363 116287 1 4602126 123597 1.8 25 14 7 15 47% 40772 11774 2785 126%
c - 471.24 53 24 63 364 116288 1 4621178 125244 1.8 25 13 7 15 47% 40772 11774 2785 126%
c B 471.57 49 24 63 364 116288 1 4624238 128141 1.8 25 13 7 15 47% 40772 11774 2785 126%
c ] 472.24 51 24 64 364 116288 1 4631585 135174 1.8 25 13 7 15 47% 40772 11774 2785 126%
c { 472.24 51 18 64 364 116288 2 4631585 135174 1.6 17 10 7 12 46% 40772 11774 2785 126%
c - 473.12 49 18 64 365 116734 2 4640256 125700 1.6 17 10 7 12 46% 40772 11774 2785 126%
c - 474.80 53 18 64 366 117233 2 4659361 127345 1.6 17 10 7 12 46% 40772 11774 2785 126%
c - 476.59 53 18 64 367 117942 2 4678493 129351 1.7 17 10 7 12 46% 40772 11774 2785 126%
c - 478.26 53 18 64 368 118419 2 4697651 131781 1.7 17 10 7 12 46% 40772 11774 2785 126%
c - 480.05 53 18 64 369 119125 2 4716834 133581 1.7 17 10 7 12 46% 40772 11774 2785 126%
c - 481.81 53 18 64 370 119953 2 4736044 135416 1.7 17 10 7 12 46% 40772 11774 2785 126%
c - 483.57 53 18 64 371 120605 2 4755279 137865 1.7 17 10 7 12 46% 40772 11774 2785 126%
c u 484.68 42 18 64 371 120686 2 4758405 137950 1.7 17 10 7 12 46% 40772 11774 2785 126%
c v 485.45 42 18 64 371 120686 2 4758405 134554 1.7 17 10 7 12 46% 40772 11774 2785 126%
c w 485.71 42 18 64 371 120686 2 4758405 134247 1.7 17 10 7 12 46% 40772 11774 2785 126%
c - 490.04 42 18 64 372 121395 2 4774540 135868 1.6 17 10 7 12 46% 40772 11774 2785 126%
c - 491.86 42 18 64 373 122087 2 4793827 139184 1.7 17 10 7 12 46% 40772 11774 2785 126%
c - 493.68 42 18 64 374 122884 2 4813141 141752 1.7 17 10 7 12 46% 40772 11774 2785 126%
c
c  seconds    switched       rate            size/glue  tier1     binary         remaining
c          MB   reductions      conflicts          size   tier2       irredundant
c           level      restarts        redundant      glue    trail         variables
c
c - 495.37 42 18 64 375 123358 2 4832482 143587 1.7 17 10 7 12 46% 40772 11774 2785 126%
c o 495.57 42 18 64 375 123407 2 4834748 145556 1.7 17 10 7 12 46% 40772 11774 2785 126%
c } 496.84 42 18 65 375 124006 2 4848085 157461 1.7 17 10 7 12 46% 40772 11774 2785 126%
c [ 496.84 42 24 65 375 124006 1 4848085 157461 1.8 25 13 7 15 47% 40772 11774 2785 126%
c W 499.01 42 24 65 375 124006 1 4848085 157461 1.8 25 13 7 15 47% 40772 11774 2785 126%
c - 499.34 42 24 65 376 124008 1 4851847 142808 1.8 25 13 7 15 47% 40772 11774 2785 126%
c - 501.09 42 24 65 377 124019 1 4871237 140505 1.9 25 14 7 15 47% 40772 11774 2785 126%
c - 503.04 42 24 65 378 124027 1 4890653 139136 1.9 25 13 7 15 47% 40772 11774 2785 126%
c - 505.00 42 24 65 379 124035 1 4910096 137063 1.9 26 14 7 15 47% 40772 11774 2785 126%
c - 506.96 42 24 65 380 124036 1 4929563 133753 1.9 26 14 7 15 48% 40772 11774 2785 126%
c - 508.97 42 25 65 381 124049 1 4949057 130794 1.9 27 14 7 15 47% 40772 11774 2785 126%
c - 510.95 42 25 65 382 124056 1 4968577 128409 1.8 27 14 7 15 47% 40772 11774 2785 126%
c u 512.45 42 24 65 382 124061 1 4977441 135957 1.8 26 14 7 15 48% 40772 11774 2785 126%
c v 513.03 42 24 65 382 124061 1 4977441 134996 1.8 26 14 7 15 48% 40772 11774 2785 126%
c w 513.24 42 24 65 382 124061 1 4977441 132986 1.8 26 14 7 15 48% 40772 11774 2785 126%
c - 514.53 42 24 65 383 124066 1 4988121 126529 1.8 26 14 7 15 48% 40772 11774 2785 126%
c - 516.76 42 23 65 384 124067 1 5007691 128577 1.8 26 14 7 15 47% 40772 11774 2785 126%
c - 518.95 42 22 65 385 124068 1 5027287 129518 1.8 25 14 7 15 47% 40772 11774 2785 126%
c ] 519.88 42 22 66 385 124068 1 5035951 137570 1.8 25 14 7 15 48% 40772 11774 2785 126%
c { 519.88 42 18 66 385 124068 2 5035951 137570 1.7 17 10 7 12 46% 40772 11774 2785 126%
c
c  seconds    switched       rate            size/glue  tier1     binary         remaining
c          MB   reductions      conflicts          size   tier2       irredundant
c           level      restarts        redundant      glue    trail         variables
c
c - 520.82 42 17 66 386 124078 2 5046909 129975 1.6 16 10 7 12 46% 40772 11774 2785 126%
c - 522.51 42 16 66 387 124100 2 5066555 130069 1.6 16 10 7 12 46% 40772 11774 2785 126%
c - 524.20 42 15 66 388 124144 2 5086227 132999 1.6 16 10 7 12 46% 40772 11774 2785 126%
c - 525.83 42 14 66 389 124146 2 5105924 135788 1.7 16 9 7 12 46% 40772 11774 2785 126%
c - 527.45 42 14 66 390 124157 2 5125648 135822 1.7 15 9 7 11 46% 40772 11774 2785 126%
c o 528.30 42 13 66 390 124208 2 5136042 144366 1.7 15 9 7 11 46% 40772 11774 2785 126%
c - 529.04 42 13 66 391 124213 2 5145398 136523 1.7 15 9 7 11 46% 40772 11774 2785 126%
c - 530.78 42 13 66 392 124368 1 5165173 140319 1.7 15 9 7 11 46% 40772 11774 2785 126%
c - 532.50 42 12 66 393 124570 1 5184971 143364 1.6 15 9 7 11 46% 40772 11774 2785 126%
c u 534.79 42 12 66 393 124740 1 5201901 153592 1.6 15 9 7 11 46% 40772 11774 2785 126%
c v 535.60 42 12 66 393 124740 1 5201901 149810 1.6 15 9 7 11 46% 40772 11774 2785 126%
c w 535.90 42 12 66 393 124740 1 5201901 149515 1.6 15 9 7 11 46% 40772 11774 2785 126%
c - 536.20 42 12 66 394 124765 1 5204796 139127 1.6 15 9 7 11 46% 40772 11774 2785 126%
c - 537.98 42 12 66 395 125037 1 5224645 142427 1.6 14 9 7 11 46% 40772 11774 2785 126%
c - 539.65 42 12 66 396 125259 1 5244521 145101 1.6 14 9 7 11 46% 40772 11774 2785 126%
c - 541.46 42 11 66 397 125451 1 5264421 146183 1.6 14 9 7 11 46% 40772 11774 2785 126%
c } 541.52 42 11 67 397 125494 1 5265066 146744 1.6 14 9 7 11 46% 40772 11774 2785 126%
c [ 541.52 42 22 67 397 125494 1 5265066 146744 1.8 25 14 7 15 48% 40772 11774 2785 126%
c O 541.52 42 22 67 397 125494 1 5265066 146744 1.8 25 14 7 15 48% 40772 11774 2785 126%
c - 543.26 42 21 67 398 125506 1 5284346 149511 1.8 24 13 7 15 48% 40772 11774 2785 126%
c
c  seconds    switched       rate            size/glue  tier1     binary         remaining
c          MB   reductions      conflicts          size   tier2       irredundant
c           level      restarts        redundant      glue    trail         variables
c
c - 545.30 42 21 67 399 125514 1 5304296 152698 1.9 24 13 7 15 48% 40772 11774 2785 126%
c - 547.51 42 20 67 400 125523 1 5324273 153243 1.9 24 13 6 15 48% 40772 11774 2785 126%
c - 549.68 42 19 67 401 125524 1 5344273 153414 1.9 23 12 6 15 48% 40772 11774 2785 126%
c - 551.73 42 19 67 402 125535 1 5364297 151812 1.9 24 12 6 15 48% 40772 11774 2785 126%
c - 553.88 42 19 67 403 125543 1 5384347 150988 1.9 23 12 6 15 47% 40772 11774 2785 126%
c - 556.14 42 19 67 404 125553 1 5404422 149946 1.9 24 12 6 15 47% 40772 11774 2785 126%
c - 558.33 42 20 67 405 125555 1 5424521 146378 1.9 24 12 6 15 47% 40772 11774 2785 126%
c u 559.96 42 21 67 405 125556 1 5431786 144012 2.0 25 13 6 15 47% 40772 11774 2785 126%
c v 560.84 42 21 67 405 125556 1 5431786 136383 2.0 25 13 6 15 47% 40772 11774 2785 126%
c w 561.17 42 21 67 405 125556 1 5431786 129058 2.0 25 13 6 15 47% 40772 11774 2785 126%
c - 562.53 42 21 67 406 125556 1 5444648 124801 1.9 25 13 6 15 47% 40772 11774 2785 126%
c ] 563.84 42 21 68 406 125556 1 5458103 137689 2.0 25 13 6 15 47% 40772 11774 2785 126%
c { 563.84 42 11 68 406 125556 1 5458103 137689 1.6 14 9 7 11 46% 40772 11774 2785 126%
c o 563.85 42 11 68 406 125563 1 5458149 137734 1.6 14 9 7 11 46% 40772 11774 2785 126%
c - 564.72 42 12 68 407 126717 2 5464797 130497 1.6 14 9 7 11 46% 40772 11774 2785 126%
c - 566.99 42 14 68 408 129411 2 5484972 136554 1.6 15 9 7 11 46% 40772 11774 2785 126%
c - 569.08 42 15 68 409 131580 2 5505171 138942 1.6 15 10 7 11 46% 40772 11774 2785 126%
c - 571.17 42 16 68 410 133495 2 5525395 140632 1.6 15 10 7 11 46% 40772 11774 2785 126%
c - 573.05 42 16 68 411 134513 2 5545644 142668 1.6 16 10 7 11 46% 40772 11774 2785 126%
c - 575.07 42 17 68 412 135712 3 5565918 145057 1.6 16 10 7 11 46% 40772 11774 2785 126%
c
c  seconds    switched       rate            size/glue  tier1     binary         remaining
c          MB   reductions      conflicts          size   tier2       irredundant
c           level      restarts        redundant      glue    trail         variables
c
c - 577.03 42 17 68 413 136799 3 5586216 148149 1.6 16 10 7 11 46% 40772 11774 2785 126%
c - 578.88 42 17 68 414 137558 3 5606538 151012 1.6 16 10 7 11 46% 40772 11774 2785 126%
c - 580.87 42 17 68 415 138480 3 5626886 153670 1.6 16 10 7 11 46% 40772 11774 2785 126%
c - 582.79 42 17 68 416 139204 2 5647257 155881 1.6 16 10 7 11 46% 40772 11774 2785 126%
c u 585.63 42 18 68 416 140160 3 5667124 172609 1.6 16 10 7 11 46% 40772 11774 2785 126%
c v 586.54 59 18 68 416 140160 3 5667124 170064 1.6 16 10 7 11 46% 40772 11774 2785 126%
c w 586.86 59 18 68 416 140160 3 5667124 169656 1.6 16 10 7 11 46% 40772 11774 2785 126%
c - 586.99 53 18 68 417 140201 3 5667654 119562 1.6 16 10 6 11 46% 40772 11774 2785 126%
c - 588.78 53 18 68 418 141016 2 5688075 113154 1.6 17 10 6 11 46% 40772 11774 2785 126%
c } 589.85 51 18 69 418 141451 2 5700162 124163 1.6 17 10 6 11 46% 40772 11774 2785 126%
c [ 589.85 51 21 69 418 141451 1 5700162 124163 2.0 25 13 6 15 47% 40772 11774 2785 126%
c B 589.85 51 21 69 418 141451 1 5700162 124163 2.0 25 13 6 15 47% 40772 11774 2785 126%
c - 590.64 53 21 69 419 141457 1 5708520 110167 2.0 26 13 6 15 47% 40772 11774 2785 126%
c - 592.58 51 21 69 420 141465 1 5728990 107943 2.0 26 13 6 15 47% 40772 11774 2785 126%
c - 594.53 53 21 69 421 141476 1 5749484 105694 2.0 26 13 6 15 47% 40772 11774 2785 126%
c - 596.65 50 21 69 422 141481 1 5770002 104690 2.0 26 13 6 15 47% 40772 11774 2785 126%
c - 598.82 53 20 69 423 141488 1 5790544 105280 2.0 26 13 6 15 47% 40772 11774 2785 126%
c - 601.00 53 20 69 424 141496 1 5811111 105137 2.0 25 13 6 15 47% 40772 11774 2785 126%
c - 603.08 53 20 69 425 141507 1 5831703 104539 2.0 25 13 6 15 47% 40772 11774 2785 126%
c - 605.40 53 20 69 426 141512 1 5852320 102310 2.0 25 13 6 15 47% 40772 11774 2785 126%
c
c  seconds    switched       rate            size/glue  tier1     binary         remaining
c          MB   reductions      conflicts          size   tier2       irredundant
c           level      restarts        redundant      glue    trail         variables
c
c - 607.68 51 20 69 427 141513 1 5872961 101801 2.0 25 13 6 15 47% 40772 11774 2785 126%
c - 610.01 50 19 69 428 141513 1 5893625 102418 2.0 25 12 6 15 47% 40772 11774 2785 126%
c u 612.52 55 19 69 428 141520 1 5907937 113887 2.0 24 12 6 15 47% 40772 11774 2785 126%
c v 613.51 57 19 69 428 141520 1 5907937 110463 2.0 24 12 6 15 47% 40772 11774 2785 126%
c w 613.86 57 19 69 428 141520 1 5907937 107655 2.0 24 12 6 15 47% 40772 11774 2785 126%
c o 613.90 57 19 69 428 141520 1 5907937 107655 2.0 24 12 6 15 47% 40772 11774 2785 126%
c - 614.43 50 21 69 429 141524 1 5914313 96661 2.0 25 13 6 15 47% 40772 11774 2785 126%
c W 617.33 42 21 69 429 141527 1 5917444 99661 2.0 25 13 6 15 47% 40772 11774 2785 126%
c ] 617.56 42 21 70 429 141527 1 5920258 102405 1.9 25 13 6 15 47% 40772 11774 2785 126%
c { 617.56 42 18 70 429 141527 2 5920258 102405 1.6 17 10 6 11 46% 40772 11774 2785 126%
c - 620.13 42 23 70 430 144104 3 5935025 93739 1.7 19 11 6 11 46% 40772 11774 2785 126%
c - 623.73 42 29 70 431 147713 5 5955763 88074 1.7 21 13 6 11 46% 40772 11774 2785 126%
c - 627.51 42 33 70 432 151303 6 5976524 85409 1.7 23 14 6 11 46% 40772 11774 2785 126%
c - 631.07 42 37 70 433 154482 6 5997308 85185 1.7 25 14 6 11 46% 40772 11774 2785 126%
c - 634.40 42 39 70 434 157002 6 6018116 86150 1.8 27 15 6 11 46% 40772 11774 2785 126%
c - 637.74 42 41 70 435 159116 6 6038949 86998 1.8 28 15 6 11 46% 40772 11774 2785 126%
c - 640.55 42 41 70 436 160433 6 6059805 88476 1.8 28 15 6 11 46% 40772 11774 2785 126%
c - 643.62 42 43 70 437 162202 6 6080685 89308 1.9 29 16 6 12 46% 40772 11774 2785 126%
c - 646.52 42 43 70 438 163590 6 6101589 88842 1.9 30 16 6 12 46% 40772 11774 2785 126%
c - 649.30 42 43 70 439 164685 6 6122517 89936 1.9 30 16 6 12 46% 40772 11774 2785 126%
c
c  seconds    switched       rate           size/glue  tier1     binary         remaining
c          MB   reductions      conflicts         size   tier2       irredundant
c           level      restarts        redundant     glue    trail         variables
c
c - 652.02 42 43 70 440 165941 5 6143469 90664 1.9 31 16 6 12 46% 40772 11774 2785 126%
c u 654.70 42 44 70 440 166782 5 6154253 97599 1.9 31 16 6 12 46% 40772 11774 2785 126%
c v 656.01 42 44 70 440 166782 5 6154253 96768 1.9 31 16 6 12 46% 40772 11774 2785 126%
c w 656.48 42 44 70 440 166782 5 6154253 96642 1.9 31 16 6 12 46% 40772 11774 2785 126%
c - 657.87 42 44 70 441 167456 5 6164445 85670 1.9 31 16 6 12 46% 40772 11774 2785 126%
c } 659.19 42 44 71 441 168016 5 6175588 96600 1.9 31 16 6 12 46% 40772 11774 2785 126%
c [ 659.19 42 21 71 441 168016 1 6175588 96600 1.9 25 13 6 15 47% 40772 11774 2785 126%
c I 659.19 42 21 71 441 168016 1 6175588 96600 1.9 25 13 6 15 47% 40772 11774 2785 126%
c - 660.05 42 22 71 442 168022 1 6185445 84339 1.9 25 13 6 15 47% 40772 11774 2785 126%
c - 661.97 42 23 71 443 168030 1 6206468 81913 1.9 26 14 6 15 47% 40772 11774 2785 126%
c - 663.97 42 24 71 444 168043 1 6227515 79317 1.8 27 15 6 15 47% 40772 11774 2785 126%
c - 665.99 42 24 71 445 168046 1 6248588 79764 1.8 28 15 6 15 47% 40772 11774 2785 126%
c - 668.12 42 25 71 446 168053 1 6269684 81076 1.8 28 15 6 15 47% 40772 11774 2785 126%
c o 670.24 42 26 71 446 168062 1 6290408 100776 1.8 29 16 6 15 46% 40772 11774 2785 126%
c - 670.30 42 26 71 447 168062 1 6290802 80747 1.8 29 16 6 15 46% 40772 11774 2785 126%
c - 672.34 42 26 71 448 168075 1 6311944 85212 1.8 28 15 6 15 47% 40772 11774 2785 126%
c - 674.40 42 25 71 449 168077 1 6333110 91219 1.9 27 15 6 15 47% 40772 11774 2785 126%
c - 676.61 42 24 71 450 168078 1 6354299 94502 1.9 27 14 6 15 47% 40772 11774 2785 126%
c - 678.84 42 23 71 451 168081 1 6375512 96940 1.9 26 13 6 15 47% 40772 11774 2785 126%
c - 680.87 42 22 71 452 168092 1 6396751 96840 1.9 26 13 6 15 47% 40772 11774 2785 126%
c
c  seconds    switched       rate            size/glue  tier1     binary         remaining
c          MB   reductions      conflicts          size   tier2       irredundant
c           level      restarts        redundant      glue    trail         variables
c
c u 682.65 42 22 71 452 168094 1 6406068 103610 1.9 26 13 6 15 47% 40772 11774 2785 126%
c v 683.66 42 22 71 452 168094 1 6406068 102788 1.9 26 13 6 15 47% 40772 11774 2785 126%
c w 684.00 42 22 71 452 168094 1 6406068 101847 1.9 26 13 6 15 47% 40772 11774 2785 126%
c B 684.38 42 22 71 452 168097 1 6409554 105099 1.9 26 13 6 15 47% 40772 11774 2785 126%
c - 685.26 42 22 71 453 168101 1 6418011 93401 2.0 26 13 6 15 47% 40772 11774 2785 126%
c - 687.21 42 21 71 454 168109 1 6439294 95996 2.0 26 13 6 15 47% 40772 11774 2785 126%
c - 689.27 42 21 71 455 168115 1 6460602 96935 2.1 26 13 6 15 47% 40772 11774 2785 126%
c - 691.42 42 21 71 456 168124 1 6481932 97810 2.1 26 13 6 15 47% 40772 11774 2785 126%
c - 693.59 42 22 71 457 168134 1 6503288 96512 2.0 26 13 6 15 48% 40772 11774 2785 126%
c - 695.91 42 21 71 458 168140 1 6524666 97368 2.0 25 13 6 15 48% 40772 11774 2785 126%
c - 698.16 42 20 71 459 168141 1 6546067 100244 2.0 25 13 6 15 48% 40772 11774 2785 126%
c ] 699.16 42 20 72 459 168141 1 6555598 109076 1.9 24 12 6 15 48% 40772 11774 2785 126%
c { 699.16 42 44 72 459 168141 5 6555598 109076 1.9 31 16 6 12 46% 40772 11774 2785 126%
c - 700.58 42 41 72 460 168143 5 6567493 100500 1.9 30 15 6 12 46% 40772 11774 2785 126%
c - 702.96 42 36 72 461 168143 4 6588940 101520 1.9 28 14 6 12 46% 40772 11774 2785 126%
c - 704.98 42 33 72 462 168174 4 6610410 102042 1.9 26 14 6 12 46% 40772 11774 2785 126%
c - 706.77 42 29 72 463 168174 3 6631904 102546 1.9 25 13 6 12 46% 40772 11774 2785 126%
c o 707.99 42 27 72 463 168183 3 6646204 115668 1.9 24 13 6 12 46% 40772 11774 2785 126%
c - 708.61 42 27 72 464 168215 3 6653421 103815 1.9 23 13 6 12 46% 40772 11774 2785 126%
c u 710.27 42 26 72 464 168219 3 6663434 109605 1.9 23 12 6 12 46% 40772 11774 2785 126%
c
c  seconds    switched       rate           size/glue  tier1     binary         remaining
c          MB   reductions      conflicts         size   tier2       irredundant
c           level      restarts        redundant     glue    trail         variables
c
c v 711.19 42 26 72 464 168219 3 6663434 94106 1.9 23 12 6 12 46% 40772 11774 2785 126%
c w 711.50 42 26 72 464 168219 3 6663434 90008 1.9 23 12 6 12 46% 40772 11774 2785 126%
c - 712.39 42 25 72 465 168285 3 6674961 91082 1.8 22 12 6 12 46% 40772 11774 2785 126%
c - 714.10 42 23 72 466 168380 2 6696524 99217 1.8 22 12 6 12 46% 40772 11774 2785 126%
c - 715.84 42 22 72 467 168403 2 6718113 101996 1.8 21 12 6 12 46% 40772 11774 2785 126%
c - 717.55 42 21 72 468 168552 2 6739723 103275 1.8 20 11 6 12 46% 40772 11774 2785 126%
c - 719.37 42 20 72 469 168869 2 6761356 103660 1.8 20 11 6 12 46% 40772 11774 2785 126%
c - 721.17 42 20 72 470 169093 2 6783012 103789 1.8 19 11 6 12 46% 40772 11774 2785 126%
c - 723.01 42 19 72 471 169392 2 6804692 103687 1.8 19 11 6 12 46% 40772 11774 2785 126%
c } 724.67 42 19 73 471 169680 2 6824515 121419 1.8 18 11 6 12 46% 40772 11774 2785 126%
c [ 724.67 42 20 73 471 169680 1 6824515 121419 1.9 24 12 6 15 48% 40772 11774 2785 126%
c W 728.09 42 20 73 471 169680 1 6824515 121419 1.9 24 12 6 15 48% 40772 11774 2785 126%
c - 728.26 42 20 73 472 169681 1 6826396 103355 1.9 24 13 6 15 48% 40772 11774 2785 126%
c - 730.24 42 21 73 473 169693 1 6848121 99996 1.9 24 13 6 15 48% 40772 11774 2785 126%
c - 732.32 42 22 73 474 169702 1 6869869 95205 1.9 25 13 6 15 48% 40772 11774 2785 126%
c - 734.70 42 22 73 475 169710 1 6891641 96130 1.9 25 14 6 15 48% 40772 11774 2785 126%
c - 737.12 42 22 73 476 169716 1 6913437 97976 1.9 26 14 6 15 49% 40772 11774 2785 126%
c u 739.40 42 22 73 476 169723 1 6926352 108331 1.9 26 14 6 15 49% 40772 11774 2785 126%
c v 740.42 42 22 73 476 169723 1 6926352 107017 1.9 26 14 6 15 49% 40772 11774 2785 126%
c w 740.77 42 22 73 476 169723 1 6926352 105374 1.9 26 14 6 15 49% 40772 11774 2785 126%
c
c  seconds    switched       rate           size/glue  tier1     binary         remaining
c          MB   reductions      conflicts         size   tier2       irredundant
c           level      restarts        redundant     glue    trail         variables
c
c - 741.68 42 22 73 477 169725 1 6935258 94802 1.9 26 14 6 15 49% 40772 11774 2785 126%
c - 743.76 42 22 73 478 169737 1 6957103 97229 1.9 25 14 6 15 49% 40772 11774 2785 126%
c - 745.85 42 22 73 479 169741 1 6978966 99904 1.9 25 13 6 15 49% 40772 11774 2785 126%
c - 748.09 42 21 73 480 169742 1 7000853 101960 1.9 24 13 6 15 48% 40772 11774 2785 126%
c - 750.41 42 20 73 481 169744 1 7022761 103662 1.9 24 13 6 15 48% 40772 11774 2785 126%
c - 752.72 42 21 73 482 169756 1 7044692 100845 1.9 24 13 6 15 48% 40772 11774 2785 126%
c ] 753.88 42 21 74 482 169760 1 7056196 111863 1.9 25 13 6 15 49% 40772 11774 2785 126%
c { 753.88 42 19 74 482 169760 2 7056196 111863 1.8 18 11 6 12 46% 40772 11774 2785 126%
c o 753.90 42 19 74 482 169774 2 7056287 111952 1.7 19 11 6 12 46% 40772 11774 2785 126%
c - 754.92 42 18 74 483 169841 2 7066646 98497 1.7 18 10 6 12 46% 40772 11774 2785 126%
c - 756.92 42 18 74 484 170369 2 7088623 100565 1.7 18 10 6 12 46% 40772 11774 2785 126%
c - 758.87 42 18 74 485 170859 2 7110624 103134 1.7 18 10 6 12 46% 40772 11774 2785 126%
c - 760.90 42 18 74 486 171548 2 7132648 104645 1.7 18 10 6 12 46% 40772 11774 2785 126%
c - 762.85 42 17 74 487 171882 2 7154693 105709 1.7 17 10 6 12 46% 40772 11774 2785 126%
c - 764.77 42 17 74 488 172561 2 7176761 106676 1.7 17 10 6 12 46% 40772 11774 2785 126%
c u 767.24 42 17 74 488 173165 2 7194847 118954 1.7 17 10 6 12 46% 40772 11774 2785 126%
c v 768.19 42 17 74 488 173165 2 7194847 113503 1.7 17 10 6 12 46% 40772 11774 2785 126%
c w 768.53 42 17 74 488 173165 2 7194847 112752 1.7 17 10 6 12 46% 40772 11774 2785 126%
c - 768.98 42 17 74 489 173518 2 7198852 98640 1.7 17 10 6 12 46% 40772 11774 2785 126%
c - 770.87 42 17 74 490 174147 2 7220966 102558 1.7 17 10 6 12 46% 40772 11774 2785 126%
c
c  seconds    switched       rate            size/glue  tier1     binary         remaining
c          MB   reductions      conflicts          size   tier2       irredundant
c           level      restarts        redundant      glue    trail         variables
c
c - 772.84 42 17 74 491 174946 2 7243101 106129 1.7 17 10 6 12 46% 40772 11774 2785 126%
c - 774.87 42 17 74 492 175743 2 7265259 107072 1.7 17 10 6 12 46% 40772 11774 2785 126%
c - 776.87 42 17 74 493 176522 2 7287440 107015 1.6 17 10 6 12 46% 40772 11774 2785 126%
c - 778.93 42 17 74 494 177417 2 7309644 107703 1.6 17 10 6 12 46% 40772 11774 2785 126%
c - 781.01 42 18 74 495 178288 2 7331872 108679 1.6 17 10 6 12 46% 40772 11774 2785 126%
c } 781.68 42 18 75 495 178578 2 7339020 115169 1.6 17 10 6 12 46% 40772 11774 2785 126%
c [ 781.68 42 21 75 495 178578 1 7339020 115169 1.9 25 13 6 15 49% 40772 11774 2785 126%
c O 781.68 42 21 75 495 178578 1 7339020 115169 1.9 25 13 6 15 49% 40772 11774 2785 126%
c - 783.05 42 21 75 496 178587 1 7354122 108039 1.9 25 13 6 15 48% 40772 11774 2785 126%
c - 785.25 42 21 75 497 178596 1 7376394 105435 1.9 24 13 6 15 48% 40772 11774 2785 126%
c - 787.38 42 21 75 498 178607 1 7398687 104294 1.8 24 13 6 15 49% 40772 11774 2785 126%
c - 789.50 42 20 75 499 178609 1 7421003 105284 1.9 25 13 6 15 49% 40772 11774 2785 126%
c - 792.07 42 20 75 500 178622 1 7443341 106274 1.8 24 13 6 15 49% 40772 11774 2785 126%
c - 794.62 42 20 75 501 178630 1 7465702 105362 1.8 24 13 6 15 49% 40772 11774 2785 126%
c u 795.96 42 20 75 501 178633 1 7468920 105986 1.8 24 13 6 15 49% 40772 11774 2785 126%
c v 797.02 42 20 75 501 178633 1 7468920 95615 1.8 24 13 6 15 49% 40772 11774 2785 126%
c w 797.41 42 20 75 501 178633 1 7468920 87458 1.8 24 13 6 15 49% 40772 11774 2785 126%
c o 801.23 42 20 75 501 178633 1 7468920 87458 1.8 24 13 6 15 49% 40772 11774 2785 126%
c - 802.96 42 23 75 502 178639 1 7488085 87258 1.8 25 14 6 15 49% 40772 11774 2785 126%
c - 805.03 42 24 75 503 178640 1 7510490 90188 1.8 26 14 6 15 49% 40772 11774 2785 126%
c
c  seconds    switched       rate           size/glue  tier1     binary         remaining
c          MB   reductions      conflicts         size   tier2       irredundant
c           level      restarts        redundant     glue    trail         variables
c
c - 807.29 42 25 75 504 178640 1 7532918 91985 1.8 26 14 6 15 49% 40772 11774 2785 126%
c - 809.74 42 25 75 505 178653 1 7555369 93928 1.9 27 14 6 15 49% 40772 11774 2785 126%
c - 812.39 42 25 75 506 178662 1 7577841 95288 1.9 27 14 6 15 49% 40772 11774 2785 126%
c ] 813.40 42 25 76 506 178667 1 7587002 104119 1.9 27 14 6 15 49% 40772 11774 2785 126%
c { 813.40 42 18 76 506 178667 2 7587002 104119 1.6 17 10 6 12 46% 40772 11774 2785 126%
c - 814.57 42 17 76 507 178970 2 7600336 97911 1.6 17 10 6 12 46% 40772 11774 2785 126%
c - 816.59 42 17 76 508 179815 2 7622853 103116 1.6 17 10 6 12 46% 40772 11774 2785 126%
c - 818.68 42 18 76 509 180853 2 7645391 106385 1.6 17 10 6 12 46% 40772 11774 2785 126%
c - 820.85 42 18 76 510 181888 2 7667953 108199 1.6 17 10 6 12 46% 40772 11774 2785 126%
c - 822.98 42 18 76 511 182655 2 7690538 109278 1.6 17 10 6 12 46% 40772 11774 2785 126%
c - 825.12 42 18 76 512 183586 2 7713143 110752 1.6 17 10 6 12 46% 40772 11774 2785 126%
c - 827.19 42 18 76 513 184333 2 7735770 112017 1.6 17 10 6 11 46% 40772 11774 2785 126%
c u 829.04 42 18 76 513 184934 2 7748622 121293 1.6 17 10 6 11 46% 40772 11774 2785 126%
c v 829.77 42 18 76 513 184934 2 7748622 118244 1.6 17 10 6 11 46% 40772 11774 2785 126%
c w 830.04 42 18 76 513 184934 2 7748622 117816 1.6 17 10 6 11 46% 40772 11774 2785 126%
c - 831.27 42 18 76 514 185427 2 7758419 107946 1.6 17 10 6 11 46% 40772 11774 2785 126%
c - 833.19 42 18 76 515 185828 2 7781090 109960 1.6 17 10 6 11 46% 40772 11774 2785 126%
c - 835.20 42 18 76 516 186644 2 7803783 110918 1.6 17 10 6 11 46% 40772 11774 2785 126%
c - 837.21 42 18 76 517 187411 2 7826498 111821 1.6 17 10 6 11 46% 40772 11774 2785 126%
c o 838.46 42 18 76 517 188151 2 7839757 123873 1.6 17 10 6 11 46% 40772 11774 2785 126%
c
c  seconds    switched       rate            size/glue  tier1     binary         remaining
c          MB   reductions      conflicts          size   tier2       irredundant
c           level      restarts        redundant      glue    trail         variables
c
c - 839.37 42 18 76 518 188521 2 7849235 112130 1.6 17 10 6 11 46% 40772 11774 2785 126%
c - 841.55 42 18 76 519 189503 2 7871994 112529 1.6 17 10 6 11 46% 40772 11774 2785 126%
c } 842.59 42 18 77 519 189741 2 7884052 123447 1.6 17 10 6 11 46% 40772 11774 2785 126%
c [ 842.59 42 25 77 519 189741 1 7884052 123447 1.9 27 14 6 15 49% 40772 11774 2785 126%
c B 842.59 42 25 77 519 189741 1 7884052 123447 1.9 27 14 6 15 49% 40772 11774 2785 126%
c - 843.52 42 26 77 520 189747 1 7894776 109733 1.9 27 15 6 15 49% 40772 11774 2785 126%
c - 845.67 42 25 77 521 189756 1 7917580 104509 1.9 27 15 6 15 49% 40772 11774 2785 126%
c - 847.96 42 24 77 522 189769 1 7940408 103459 1.9 27 15 6 15 49% 40772 11774 2785 126%
c - 850.29 42 24 77 523 189771 1 7963257 104868 1.8 26 14 6 15 49% 40772 11774 2785 126%
c - 852.55 42 23 77 524 189784 1 7986127 104518 1.8 25 14 6 15 49% 40772 11774 2785 126%
c - 854.91 42 23 77 525 189793 1 8009018 103315 1.8 25 14 6 15 48% 40772 11774 2785 126%
c - 857.34 42 22 77 526 189802 1 8031930 103815 1.8 25 14 6 15 48% 40772 11774 2785 126%
c u 858.50 42 22 77 526 189802 1 8033951 103149 1.8 25 14 6 15 48% 40772 11774 2785 126%
c v 859.56 42 22 77 526 189802 1 8033951 101543 1.8 25 14 6 15 48% 40772 11774 2785 126%
c w 859.93 42 22 77 526 189802 1 8033951 99035 1.8 25 14 6 15 48% 40772 11774 2785 126%
c - 862.11 42 23 77 527 189803 1 8054864 99193 1.8 25 14 6 15 48% 40772 11774 2785 126%
c - 864.36 42 23 77 528 189803 1 8077822 99814 1.8 26 14 6 15 48% 40772 11774 2785 126%
c - 866.60 42 24 77 529 189816 1 8100802 98698 1.8 26 14 6 15 48% 40772 11774 2785 126%
c - 868.96 42 23 77 530 189825 1 8123803 100028 1.8 26 14 6 15 48% 40772 11774 2785 126%
c ] 871.12 42 23 78 530 189833 1 8145250 120316 1.9 26 14 6 15 48% 40772 11774 2785 126%
c
c  seconds    switched       rate            size/glue  tier1     binary         remaining
c          MB   reductions      conflicts          size   tier2       irredundant
c           level      restarts        redundant      glue    trail         variables
c
c { 871.12 42 18 78 530 189833 2 8145250 120316 1.6 17 10 6 11 46% 40772 11774 2785 126%
c - 871.32 42 18 78 531 189953 2 8146824 103576 1.6 17 10 6 11 46% 40772 11774 2785 126%
c - 873.29 42 17 78 532 190275 2 8169867 106793 1.7 17 10 6 11 46% 40772 11774 2785 126%
c - 875.41 42 18 78 533 191143 2 8192932 109548 1.7 17 10 6 11 46% 40772 11774 2785 126%
c - 877.48 42 17 78 534 191872 2 8216019 111658 1.7 17 10 6 11 46% 40772 11774 2785 126%
c o 878.10 42 17 78 534 192016 2 8223239 118020 1.6 17 10 6 11 46% 40772 11774 2785 126%
c - 879.60 42 17 78 535 192633 2 8239127 113373 1.6 17 10 6 11 46% 40772 11774 2785 126%
c - 881.76 42 17 78 536 193493 2 8262257 114722 1.7 17 10 6 11 46% 40772 11774 2785 126%
c - 883.99 42 18 78 537 194487 2 8285408 115705 1.7 17 10 6 11 46% 40772 11774 2785 126%
c - 886.18 42 18 78 538 195265 2 8308581 115357 1.7 17 10 6 11 46% 40772 11774 2785 126%
c u 888.67 42 17 78 538 195784 2 8324908 126096 1.7 17 10 6 11 46% 40772 11774 2785 126%
c v 889.70 42 17 78 538 195784 2 8324908 121510 1.7 17 10 6 11 46% 40772 11774 2785 126%
c w 890.07 42 17 78 538 195784 2 8324908 121080 1.7 17 10 6 11 46% 40772 11774 2785 126%
c - 890.75 42 18 78 539 196149 2 8331779 107700 1.7 17 10 6 11 46% 40772 11774 2785 126%
c - 892.85 42 17 78 540 197159 2 8354995 110109 1.6 17 10 6 11 46% 40772 11774 2785 126%
c - 894.83 42 17 78 541 197717 2 8378232 112314 1.6 17 10 6 11 46% 40772 11774 2785 126%
c - 896.95 42 17 78 542 198523 2 8401494 113359 1.6 17 10 6 11 46% 40772 11774 2785 126%
c - 899.12 42 17 78 543 199314 2 8424775 114062 1.6 17 10 6 11 46% 40772 11774 2785 126%
c - 901.28 42 17 78 544 200201 2 8448079 114292 1.6 16 10 6 11 46% 40772 11774 2785 126%
c } 902.12 42 17 79 544 200630 2 8456842 122169 1.6 16 10 6 11 46% 40772 11774 2785 126%
c
c  seconds    switched       rate            size/glue  tier1     binary         remaining
c          MB   reductions      conflicts          size   tier2       irredundant
c           level      restarts        redundant      glue    trail         variables
c
c [ 902.12 42 23 79 544 200630 1 8456842 122169 1.9 26 14 6 15 48% 40772 11774 2785 126%
c W 906.41 42 23 79 544 200630 1 8456842 122169 1.9 26 14 6 15 48% 40772 11774 2785 126%
c - 907.80 42 24 79 545 200639 1 8471402 109988 1.8 27 14 6 15 48% 40772 11774 2785 126%
c - 910.10 42 24 79 546 200648 1 8494749 101560 1.8 27 15 6 15 48% 40772 11774 2785 126%
c - 912.41 42 24 79 547 200659 1 8518115 99916 1.8 27 15 6 15 48% 40772 11774 2785 126%
c - 914.77 42 24 79 548 200663 1 8541505 101361 1.8 27 15 6 15 48% 40772 11774 2785 126%
c - 917.17 42 24 79 549 200675 1 8564914 100579 1.8 27 15 6 15 47% 40772 11774 2785 126%
c - 919.58 42 25 79 550 200686 1 8588344 97900 1.8 27 15 6 15 47% 40772 11774 2785 126%
c - 922.04 42 25 79 551 200691 1 8611796 97954 1.8 28 15 6 15 47% 40772 11774 2785 126%
c u 924.13 42 25 79 551 200692 1 8621543 104525 1.8 28 15 6 15 47% 40772 11774 2785 126%
c v 925.29 42 25 79 551 200692 1 8621543 104226 1.8 28 15 6 15 47% 40772 11774 2785 126%
c w 925.72 42 25 79 551 200692 1 8621543 103359 1.8 28 15 6 15 47% 40772 11774 2785 126%
c o 925.76 42 25 79 551 200692 1 8621543 103359 1.8 28 15 6 15 47% 40772 11774 2785 126%
c - 927.09 42 52 79 552 200692 1 8635269 92940 1.6 33 20 6 15 47% 40772 11774 2785 126%
c - 929.33 42 77 79 553 200697 1 8658764 87986 1.5 36 24 6 15 47% 40772 11774 2785 126%
c - 931.56 42 66 79 554 200707 1 8682280 93787 1.6 35 21 6 15 47% 40772 11774 2785 126%
c - 933.95 42 58 79 555 200720 1 8705818 102481 1.8 36 20 6 15 47% 40772 11774 2785 126%
c - 936.66 42 52 79 556 200723 1 8729376 103066 1.8 35 19 6 15 48% 40772 11774 2785 126%
c I 937.17 42 51 79 556 200723 1 8734506 108105 1.8 35 19 6 15 48% 40772 11774 2785 126%
c ] 937.41 42 51 80 556 200725 1 8736895 110442 1.9 35 19 6 15 48% 40772 11774 2785 126%
c
c  seconds    switched       rate            size/glue  tier1     binary         remaining
c          MB   reductions      conflicts          size   tier2       irredundant
c           level      restarts        redundant      glue    trail         variables
c
c { 937.41 42 17 80 556 200725 2 8736895 110442 1.6 16 10 6 11 46% 40772 11774 2785 126%
c - 939.09 42 17 80 557 201267 2 8752955 104918 1.6 16 10 6 11 46% 40772 11774 2785 126%
c - 941.35 42 17 80 558 202265 2 8776556 110630 1.6 16 10 6 11 46% 40772 11774 2785 126%
c - 943.61 42 17 80 559 203172 2 8800179 114637 1.6 16 10 6 11 46% 40772 11774 2785 126%
c - 945.91 42 17 80 560 204276 2 8823822 116918 1.6 17 10 6 11 46% 40772 11774 2785 126%
c - 948.30 42 18 80 561 205308 2 8847487 118479 1.6 17 10 6 11 46% 40772 11774 2785 126%
c - 950.63 42 18 80 562 206380 2 8871173 118927 1.6 17 10 6 11 46% 40772 11774 2785 126%
c - 952.83 42 18 80 563 207055 2 8894879 118866 1.6 17 10 6 11 46% 40772 11774 2785 126%
c - 955.10 42 18 80 564 207811 2 8918607 118871 1.7 17 10 6 11 46% 40772 11774 2785 126%
c u 956.63 42 18 80 564 208073 2 8923859 119578 1.6 17 10 6 11 46% 40772 11774 2785 126%
c v 957.72 42 18 80 564 208073 2 8923859 114269 1.6 17 10 6 11 46% 40772 11774 2785 126%
c w 958.10 42 18 80 564 208073 2 8923859 113309 1.6 17 10 6 11 46% 40772 11774 2785 126%
c - 959.86 42 18 80 565 208855 2 8942356 111967 1.6 17 10 6 11 46% 40772 11774 2785 126%
c - 961.94 42 17 80 566 209361 2 8966126 115027 1.7 17 10 6 11 46% 40772 11774 2785 126%
c - 964.20 42 18 80 567 210306 2 8989917 115964 1.7 17 10 6 11 46% 40772 11774 2785 126%
c - 966.37 42 17 80 568 210924 2 9013731 100488 1.7 17 10 5 11 46% 40772 11774 2785 126%
c o 967.08 42 17 80 568 211285 2 9021563 107553 1.7 17 10 5 11 46% 40772 11774 2785 126%
c - 968.55 42 17 80 569 211714 2 9037564 96478 1.7 17 10 5 11 46% 40772 11774 2785 126%
c - 970.72 42 17 80 570 212465 2 9061417 95831 1.7 17 10 5 11 46% 40772 11774 2785 126%
c } 970.91 42 17 81 570 212600 2 9063338 97640 1.7 17 10 5 11 46% 40772 11774 2785 126%
c
c  seconds    switched       rate           size/glue  tier1     binary         remaining
c          MB   reductions      conflicts         size   tier2       irredundant
c           level      restarts        redundant     glue    trail         variables
c
c [ 970.91 42 51 81 570 212600 1 9063338 97640 1.9 35 19 6 15 48% 40772 11774 2785 126%
c B 970.91 42 51 81 570 212600 1 9063338 97640 1.9 35 19 6 15 48% 40772 11774 2785 126%
c - 972.84 42 46 81 571 212613 1 9085292 91978 1.8 33 18 6 15 48% 40772 11774 2785 126%
c - 975.28 42 41 81 572 212622 1 9109187 84811 1.8 32 17 6 15 47% 40772 11774 2785 126%
c - 977.70 42 37 81 573 212630 1 9133103 86330 1.9 30 16 6 15 47% 40772 11774 2785 126%
c - 980.21 42 34 81 574 212637 1 9157042 93445 1.9 29 15 6 15 46% 40772 11774 2785 126%
c - 982.64 42 30 81 575 212648 1 9181001 97376 1.9 28 14 6 15 47% 40772 11774 2785 126%
c - 984.93 42 28 81 576 212660 1 9204981 96899 1.9 27 14 6 15 47% 40772 11774 2785 126%
c - 987.43 42 27 81 577 212662 1 9228981 94889 1.9 26 14 6 15 47% 40772 11774 2785 126%
c u 988.80 42 27 81 577 212662 1 9231878 93627 1.9 26 14 6 15 47% 40772 11774 2785 126%
c v 989.94 42 27 81 577 212662 1 9231878 91246 1.9 26 14 6 15 47% 40772 11774 2785 126%
c w 990.34 42 27 81 577 212662 1 9231878 85738 1.9 26 14 6 15 47% 40772 11774 2785 126%
c - 992.62 42 26 81 578 212662 1 9253001 87543 1.9 26 14 6 15 47% 40772 11774 2785 126%
c - 994.81 42 25 81 579 212673 1 9277042 90668 1.9 26 14 6 15 48% 40772 11774 2785 126%
c - 997.25 42 23 81 580 212683 1 9301108 91646 1.9 25 13 6 15 48% 40772 11774 2785 126%
c - 999.72 42 23 81 581 212692 1 9325192 92918 1.9 25 13 6 15 48% 40772 11774 2785 126%
c - 1002.24 42 22 81 582 212699 1 9349299 90859 1.9 25 13 6 15 48% 40772 11774 2785 126%
c W 1008.02 42 22 81 582 212704 1 9359248 100339 1.9 25 13 6 15 48% 40772 11774 2785 126%
c ] 1008.38 42 22 82 582 212707 1 9362866 103712 1.9 25 13 6 15 48% 40772 11774 2785 126%
c { 1008.38 42 17 82 582 212707 2 9362866 103712 1.7 17 10 5 11 46% 40772 11774 2785 126%
c
c   seconds    switched       rate           size/glue  tier1     binary         remaining
c           MB   reductions      conflicts         size   tier2       irredundant
c            level      restarts        redundant     glue    trail         variables
c
c - 1009.29 42 17 82 583 212729 2 9373423 91424 1.7 16 10 5 11 46% 40772 11774 2785 126%
c - 1011.31 42 15 82 584 212735 2 9397570 92125 1.6 16 10 5 11 46% 40772 11774 2785 126%
c - 1013.18 42 14 82 585 212787 2 9421736 92688 1.6 15 9 5 11 46% 40772 11774 2785 126%
c o 1014.12 42 14 82 585 212821 2 9433553 102252 1.6 15 9 5 11 46% 40772 11774 2785 126%
c - 1015.15 42 13 82 586 212903 2 9445922 93735 1.6 15 9 5 11 46% 40772 11774 2785 126%
c - 1017.21 42 13 82 587 213008 2 9470129 93359 1.6 15 9 5 11 46% 40772 11774 2785 126%
c - 1019.24 42 12 82 588 213286 1 9494357 93709 1.6 14 9 5 11 46% 40772 11774 2785 126%
c - 1021.30 42 12 82 589 213503 1 9518608 94909 1.6 14 9 5 11 46% 40772 11774 2785 126%
c - 1023.39 42 11 82 590 213883 1 9542878 95533 1.6 14 9 5 11 46% 40772 11774 2785 126%
c u 1024.61 42 11 82 590 213906 1 9545600 91987 1.6 14 9 5 11 46% 40772 11774 2785 126%
c v 1025.69 42 11 82 590 213906 1 9545600 81727 1.6 14 9 5 11 46% 40772 11774 2785 126%
c w 1026.02 42 11 82 590 213906 1 9545600 81421 1.6 14 9 5 11 46% 40772 11774 2785 126%
c - 1027.84 42 11 82 591 214268 1 9567168 84023 1.6 14 9 5 11 46% 40772 11774 2785 126%
c - 1029.84 42 11 82 592 214586 1 9591478 89180 1.6 14 9 5 11 46% 40772 11774 2785 126%
c - 1031.89 42 11 82 593 215136 1 9615809 91487 1.6 13 9 5 11 46% 40772 11774 2785 126%
c - 1033.98 42 11 82 594 215824 1 9640160 92311 1.6 13 9 5 11 46% 40772 11774 2785 126%
c - 1036.03 42 11 82 595 216219 1 9664534 92771 1.6 13 9 5 11 46% 40772 11774 2785 126%
c - 1038.08 42 11 82 596 216681 1 9688927 92998 1.6 13 8 5 11 46% 40772 11774 2785 126%
c } 1039.40 42 11 83 596 217046 1 9704472 105034 1.6 13 8 5 11 46% 40772 11774 2785 126%
c [ 1039.40 42 22 83 596 217046 1 9704472 105034 1.9 25 13 6 15 48% 40772 11774 2785 126%
c
c   seconds    switched       rate            size/glue  tier1     binary         remaining
c           MB   reductions      conflicts          size   tier2       irredundant
c            level      restarts        redundant      glue    trail         variables
c
c O 1039.40 42 22 83 596 217046 1 9704472 105034 1.9 25 13 6 15 48% 40772 11774 2785 126%
c - 1040.15 42 22 83 597 217052 1 9713340 94076 1.8 24 13 6 15 48% 40772 11774 2785 126%
c - 1042.30 42 21 83 598 217061 1 9737778 96651 1.8 23 13 6 15 48% 40772 11774 2785 126%
c - 1044.58 42 20 83 599 217075 1 9762233 98555 1.9 24 13 6 15 48% 40772 11774 2785 126%
c - 1046.98 42 20 83 600 217077 1 9786708 99288 1.9 24 12 6 15 48% 40772 11774 2785 126%
c - 1049.76 42 20 83 601 217091 1 9811202 99125 1.9 24 12 6 15 48% 40772 11774 2785 126%
c - 1052.73 42 19 83 602 217102 1 9835718 99508 1.9 23 12 6 15 47% 40772 11774 2785 126%
c - 1055.28 42 18 83 603 217107 1 9860253 102903 1.9 22 12 6 15 47% 40772 11774 2785 126%
c u 1056.83 42 18 83 603 217107 1 9865051 103230 1.9 22 12 6 15 47% 40772 11774 2785 126%
c v 1058.03 42 18 83 603 217107 1 9865051 83260 1.9 22 12 6 15 47% 40772 11774 2785 126%
c w 1058.42 42 18 83 603 217107 1 9865051 72031 1.9 22 12 6 15 47% 40772 11774 2785 126%
c o 1058.45 42 18 83 603 217107 1 9865051 72031 1.9 22 12 6 15 47% 40772 11774 2785 126%
c - 1059.99 42 23 83 604 217108 1 9884810 77050 1.9 23 12 6 15 47% 40772 11774 2785 126%
c - 1062.26 42 23 83 605 217114 1 9909387 87766 1.9 23 12 6 15 47% 40772 11774 2785 126%
c - 1064.72 42 22 83 606 217123 1 9933983 93706 1.9 23 12 6 15 47% 40772 11774 2785 126%
c - 1067.25 42 22 83 607 217137 1 9958600 95887 1.9 24 12 6 15 47% 40772 11774 2785 126%
c - 1069.83 42 21 83 608 217140 1 9983238 97368 1.9 24 12 6 15 47% 40772 11774 2785 126%
c ] 1071.32 42 21 84 608 217147 1 9995856 109377 1.9 24 12 6 15 47% 40772 11774 2785 126%
c { 1071.32 42 11 84 608 217147 1 9995856 109377 1.6 13 8 5 11 46% 40772 11774 2785 126%
c - 1072.87 42 12 84 609 219122 2 10007895 99183 1.5 14 9 5 11 46% 40772 11774 2785 126%
c
c   seconds    switched       rate             size/glue tier1     binary         remaining
c           MB   reductions      conflicts           size  tier2       irredundant
c            level      restarts         redundant     glue    trail         variables
c
c - 1075.74 42 14 84 610 222547 2 10032573 100003 1.5 14 9 5 11 46% 40772 11774 2785 126%
c - 1078.36 42 15 84 611 224791 2 10057271 99880 1.5 15 10 5 11 46% 40772 11774 2785 126%
c - 1080.92 42 16 84 612 226665 3 10081990 99676 1.5 15 10 5 11 46% 40772 11774 2785 126%
c - 1083.18 42 16 84 613 227640 3 10106729 99842 1.6 15 10 5 11 46% 40772 11774 2785 126%
c - 1085.51 42 17 84 614 229049 3 10131488 100893 1.6 16 10 5 11 46% 40772 11774 2785 126%
c - 1087.75 42 17 84 615 230144 3 10156269 101012 1.6 16 10 5 11 46% 40772 11774 2785 126%
c - 1089.91 42 17 84 616 230973 3 10181068 100575 1.6 16 10 5 11 46% 40772 11774 2785 126%
c u 1091.82 42 18 84 616 231493 3 10190258 103037 1.6 16 10 5 11 46% 40772 11774 2785 126%
c v 1092.97 42 18 84 616 231493 3 10190258 96636 1.6 16 10 5 11 46% 40772 11774 2785 126%
c w 1093.38 42 18 84 616 231493 3 10190258 95732 1.6 16 10 5 11 46% 40772 11774 2785 126%
c - 1094.78 42 18 84 617 232097 3 10205887 89490 1.6 16 10 5 11 46% 40772 11774 2785 126%
c - 1096.89 42 17 84 618 232835 2 10230727 92689 1.6 16 10 5 11 46% 40772 11774 2785 126%
c - 1098.93 42 17 84 619 233628 2 10255588 94100 1.6 16 10 5 11 46% 40772 11774 2785 126%
c - 1101.10 42 17 84 620 234502 2 10280467 94510 1.6 16 10 5 11 46% 40772 11774 2785 126%
c o 1102.37 42 18 84 620 235119 2 10295351 108135 1.6 17 10 5 11 46% 40772 11774 2785 126%
c - 1103.22 42 18 84 621 235438 2 10305366 94766 1.6 16 10 5 11 46% 40772 11774 2785 126%
c - 1105.28 42 18 84 622 236296 2 10330287 94942 1.7 17 10 5 11 46% 40772 11774 2785 126%
c } 1107.31 42 18 85 622 237141 2 10352935 115222 1.6 17 10 5 11 46% 40772 11774 2785 126%
c [ 1107.31 42 21 85 622 237141 1 10352935 115222 1.9 24 12 6 15 47% 40772 11774 2785 126%
c B 1107.31 42 21 85 622 237141 1 10352935 115222 1.9 24 12 6 15 47% 40772 11774 2785 126%
c
c   seconds    switched       rate            size/glue  tier1     binary         remaining
c           MB   reductions      conflicts          size   tier2       irredundant
c            level      restarts         redundant     glue    trail         variables
c
c - 1107.53 42 21 85 623 237143 1 10355226 94239 1.9 24 12 6 15 47% 40772 11774 2785 126%
c - 1109.85 42 21 85 624 237155 1 10380185 91858 2.0 25 13 6 15 47% 40772 11774 2785 126%
c - 1112.34 42 21 85 625 237168 1 10405167 91571 2.0 24 12 6 15 47% 40772 11774 2785 126%
c - 1114.96 42 22 85 626 237171 1 10430167 90985 1.9 25 13 6 15 47% 40772 11774 2785 126%
c - 1117.50 42 23 85 627 237184 1 10455186 87828 1.9 25 13 6 15 48% 40772 11774 2785 126%
c - 1119.78 42 22 85 628 237194 1 10480227 90478 1.9 24 13 6 15 48% 40772 11774 2785 126%
c - 1122.24 42 21 85 629 237202 1 10505286 93833 1.9 24 12 6 15 48% 40772 11774 2785 126%
c u 1124.71 42 20 85 629 237203 1 10521219 104621 1.9 23 12 6 15 47% 40772 11774 2785 126%
c v 1125.95 42 20 85 629 237203 1 10521219 87180 1.9 23 12 6 15 47% 40772 11774 2785 126%
c w 1126.39 42 20 85 629 237203 1 10521219 69766 1.9 23 12 6 15 47% 40772 11774 2785 126%
c - 1127.23 42 20 85 630 237203 1 10530368 68273 1.9 23 12 6 15 47% 40772 11774 2785 126%
c - 1129.40 42 20 85 631 237208 1 10555469 82940 1.9 23 12 6 15 47% 40772 11774 2785 126%
c - 1131.73 42 20 85 632 237218 1 10580590 88609 1.9 23 12 6 15 47% 40772 11774 2785 126%
c - 1134.11 42 20 85 633 237232 1 10605733 87508 1.9 23 13 6 15 47% 40772 11774 2785 126%
c - 1136.48 42 21 85 634 237234 1 10630892 87455 1.9 23 13 6 15 47% 40772 11774 2785 126%
c - 1138.96 42 20 85 635 237248 1 10656071 90044 1.9 23 13 6 15 47% 40772 11774 2785 126%
c W 1146.30 42 20 85 635 237257 1 10677012 109705 1.9 23 12 6 15 47% 40772 11774 2785 126%
c - 1146.68 42 20 85 636 237260 1 10681271 91472 1.9 23 12 6 15 47% 40772 11774 2785 126%
c ] 1147.22 42 20 86 636 237263 1 10688046 97880 1.9 23 13 6 15 47% 40772 11774 2785 126%
c { 1147.22 42 18 86 636 237263 2 10688046 97880 1.6 17 10 5 11 46% 40772 11774 2785 126%
c
c   seconds    switched       rate            size/glue  tier1     binary         remaining
c           MB   reductions      conflicts          size   tier2       irredundant
c            level      restarts         redundant     glue    trail         variables
c
c - 1150.30 42 24 86 637 240469 4 10706491 86457 1.7 19 11 5 11 46% 40772 11774 2785 126%
c - 1154.71 42 31 86 638 244852 5 10731729 77956 1.7 22 13 5 11 46% 40772 11774 2785 126%
c o 1155.32 42 31 86 638 245490 5 10735364 81566 1.7 22 13 5 11 46% 40772 11774 2785 126%
c - 1159.25 42 36 86 639 249098 6 10756987 74515 1.7 24 14 5 11 46% 40772 11774 2785 126%
c - 1163.69 42 39 86 640 252581 7 10782265 74030 1.8 26 15 5 11 46% 40772 11774 2785 126%
c - 1167.71 42 41 86 641 254937 6 10807563 75570 1.8 28 15 5 11 46% 40772 11774 2785 126%
c - 1171.46 42 43 86 642 257053 6 10832881 76962 1.8 29 16 5 11 46% 40772 11774 2785 126%
c u 1176.55 42 44 86 642 259007 6 10857963 98298 1.9 30 16 5 11 46% 40772 11774 2785 126%
c v 1178.20 42 44 86 642 259007 6 10857963 97198 1.9 30 16 5 11 46% 40772 11774 2785 126%
c w 1178.83 42 44 86 642 259007 6 10857963 97135 1.9 30 16 5 11 46% 40772 11774 2785 126%
c - 1178.95 42 44 86 643 259050 6 10858218 73308 1.9 30 16 5 11 46% 40772 11774 2785 126%
c - 1182.40 42 45 86 644 260808 6 10883576 73986 1.9 31 16 5 11 46% 40772 11774 2785 126%
c - 1185.50 42 45 86 645 261845 6 10908953 75200 1.9 31 16 5 11 46% 40772 11774 2785 126%
c - 1188.84 42 45 86 646 263258 5 10934351 76253 2.0 31 16 5 11 46% 40772 11774 2785 126%
c - 1192.27 42 45 86 647 264794 5 10959768 76010 2.0 32 16 5 11 46% 40772 11774 2785 126%
c - 1195.68 42 46 86 648 266272 5 10985204 75419 2.0 32 16 5 11 46% 40772 11774 2785 126%
c - 1198.90 42 45 86 649 267404 5 11010660 75633 2.0 33 16 5 11 46% 40772 11774 2785 126%
c - 1202.20 42 45 86 650 268603 5 11036135 76133 2.0 33 16 5 11 46% 40772 11774 2785 126%
c } 1205.59 42 45 87 650 269948 5 11060903 100493 2.0 33 16 5 11 46% 40772 11774 2785 126%
c [ 1205.59 42 20 87 650 269948 1 11060903 100493 1.9 23 13 6 15 47% 40772 11774 2785 126%
c
c   seconds    switched       rate             size/glue  tier1     binary         remaining
c           MB   reductions      conflicts           size   tier2       irredundant
c            level      restarts         redundant      glue    trail         variables
c
c I 1205.59 42 20 87 650 269948 1 11060903 100493 1.9 23 13 6 15 47% 40772 11774 2785 126%
c - 1205.68 42 20 87 651 269948 1 11061630 76232 1.9 23 13 6 15 47% 40772 11774 2785 126%
c - 1208.13 42 24 87 652 269962 1 11087144 72312 1.8 26 14 6 15 47% 40772 11774 2785 126%
c - 1210.71 42 25 87 653 269975 1 11112679 69146 1.8 27 15 6 15 47% 40772 11774 2785 126%
c - 1213.16 42 25 87 654 269978 1 11138232 71703 1.8 27 15 6 15 47% 40772 11774 2785 126%
c - 1215.70 42 25 87 655 269992 1 11163805 73219 1.8 27 15 6 15 47% 40772 11774 2785 126%
c - 1218.34 42 24 87 656 270002 1 11189397 75474 1.8 27 15 6 15 47% 40772 11774 2785 126%
c u 1220.85 42 24 87 656 270008 1 11200487 80604 1.8 27 15 6 15 46% 40772 11774 2785 126%
c v 1222.46 42 24 87 656 270008 1 11200487 79935 1.8 27 15 6 15 46% 40772 11774 2785 126%
c w 1223.00 42 24 87 656 270008 1 11200487 70567 1.8 27 15 6 15 46% 40772 11774 2785 126%
c o 1227.14 42 24 87 656 270008 1 11200487 70567 1.8 27 15 6 15 46% 40772 11774 2785 126%
c - 1228.45 42 34 87 657 270009 1 11215009 66508 1.7 28 17 6 15 46% 40772 11774 2785 126%
c - 1230.87 42 32 87 658 270010 1 11240643 74179 1.7 27 16 6 15 47% 40772 11774 2785 126%
c - 1233.52 42 29 87 659 270017 1 11266294 82322 1.7 26 15 6 15 47% 40772 11774 2785 126%
c - 1236.38 42 27 87 660 270027 1 11291964 86031 1.7 26 15 6 15 47% 40772 11774 2785 126%
c - 1238.97 42 25 87 661 270040 1 11317655 88629 1.7 25 14 6 15 47% 40772 11774 2785 126%
c - 1241.33 42 25 87 662 270044 1 11343365 88573 1.8 25 14 6 15 47% 40772 11774 2785 126%
c - 1244.14 42 25 87 663 270056 1 11369094 84742 1.8 25 14 6 15 48% 40772 11774 2785 126%
c - 1247.10 42 24 87 664 270070 1 11394842 85467 1.8 25 14 6 15 48% 40772 11774 2785 126%
c B 1248.04 42 25 87 664 270071 1 11404274 94637 1.8 25 14 6 15 48% 40772 11774 2785 126%
c
c   seconds    switched       rate            size/glue  tier1     binary         remaining
c           MB   reductions      conflicts          size   tier2       irredundant
c            level      restarts         redundant     glue    trail         variables
c
c - 1249.80 42 25 87 665 270072 1 11420612 82784 1.8 26 15 6 15 48% 40772 11774 2785 126%
c - 1252.59 42 26 87 666 270073 1 11446399 78834 1.8 26 15 6 15 48% 40772 11774 2785 126%
c - 1255.39 42 25 87 667 270074 1 11472205 80479 1.8 26 15 6 15 49% 40772 11774 2785 126%
c - 1258.10 42 26 87 668 270074 1 11498032 79766 1.8 27 15 6 15 49% 40772 11774 2785 126%
c - 1260.82 42 25 87 669 270077 1 11523877 79686 1.8 27 15 6 15 49% 40772 11774 2785 126%
c u 1264.45 42 25 87 669 270089 1 11548839 100396 1.8 27 15 6 15 49% 40772 11774 2785 126%
c v 1265.66 42 25 87 669 270089 1 11548839 100162 1.8 27 15 6 15 49% 40772 11774 2785 126%
c w 1266.10 59 25 87 669 270089 1 11548839 98982 1.8 27 15 6 15 49% 40772 11774 2785 126%
c - 1266.46 49 25 87 670 270089 1 11549742 77743 1.8 27 15 6 15 49% 40772 11774 2785 126%
c - 1269.58 50 23 87 671 270103 1 11575629 80489 1.8 26 14 6 15 49% 40772 11774 2785 126%
c ] 1269.79 49 23 88 671 270104 1 11577692 82387 1.8 26 14 6 15 49% 40772 11774 2785 126%
c { 1269.79 49 45 88 671 270104 5 11577692 82387 2.0 33 16 5 11 46% 40772 11774 2785 126%
c - 1272.09 50 39 88 672 270106 4 11601534 87172 2.0 31 15 5 11 47% 40772 11774 2785 126%
c - 1274.65 49 34 88 673 270106 3 11627456 90585 2.0 28 14 5 11 47% 40772 11774 2785 126%
c - 1277.14 51 30 88 674 270112 3 11653399 91488 1.9 26 13 5 11 47% 40772 11774 2785 126%
c o 1278.78 51 27 88 674 270133 3 11672802 109480 1.9 25 13 5 11 47% 40772 11774 2785 126%
c - 1279.32 50 27 88 675 270149 3 11679361 91637 1.9 24 13 5 11 47% 40772 11774 2785 126%
c - 1281.38 51 24 88 676 270200 2 11705344 91322 1.9 23 12 5 11 47% 40772 11774 2785 126%
c - 1283.42 49 23 88 677 270323 2 11731346 91437 1.9 22 12 5 11 47% 40772 11774 2785 126%
c - 1285.45 51 21 88 678 270392 2 11757366 91843 1.8 21 11 5 11 46% 40772 11774 2785 126%
c
c   seconds    switched       rate            size/glue  tier1     binary         remaining
c           MB   reductions      conflicts          size   tier2       irredundant
c            level      restarts         redundant     glue    trail         variables
c
c - 1287.51 51 20 88 679 270634 2 11783404 91758 1.8 20 11 5 11 46% 40772 11774 2785 126%
c - 1289.60 50 20 88 680 270966 2 11809461 91893 1.8 20 11 5 11 46% 40772 11774 2785 126%
c - 1291.68 50 19 88 681 271402 2 11835538 92166 1.8 19 11 5 11 46% 40772 11774 2785 126%
c - 1293.81 49 19 88 682 271902 2 11861633 92170 1.8 19 11 5 11 46% 40772 11774 2785 126%
c - 1295.88 51 18 88 683 272233 2 11887749 92257 1.7 18 10 5 11 46% 40772 11774 2785 126%
c u 1298.10 53 18 88 683 272640 2 11902996 101173 1.7 18 10 5 11 46% 40772 11774 2785 126%
c v 1299.24 55 18 88 683 272640 2 11902996 94483 1.7 18 10 5 11 46% 40772 11774 2785 126%
c w 1299.64 55 18 88 683 272640 2 11902996 93194 1.7 18 10 5 11 46% 40772 11774 2785 126%
c - 1300.54 50 18 88 684 272769 2 11913884 81457 1.7 18 10 5 11 46% 40772 11774 2785 126%
c - 1302.62 51 18 88 685 273424 2 11940038 86475 1.7 18 10 5 11 46% 40772 11774 2785 126%
c - 1304.71 50 18 88 686 274150 2 11966212 89227 1.7 17 10 5 11 46% 40772 11774 2785 126%
c } 1304.75 50 18 89 686 274150 2 11966630 89593 1.7 17 10 5 11 46% 40772 11774 2785 126%
c [ 1304.75 50 23 89 686 274150 1 11966630 89593 1.8 26 14 6 15 49% 40772 11774 2785 126%
c W 1311.19 42 23 89 686 274150 1 11966630 89593 1.8 26 14 6 15 49% 40772 11774 2785 126%
c - 1313.22 42 23 89 687 274164 1 11992405 87520 1.8 26 14 6 15 49% 40772 11774 2785 126%
c - 1315.51 42 22 89 688 274177 1 12018616 84968 1.8 26 14 6 15 49% 40772 11774 2785 126%
c - 1317.97 42 21 89 689 274180 1 12044845 85968 1.9 25 14 6 15 49% 40772 11774 2785 126%
c - 1320.50 42 21 89 690 274194 1 12071093 87112 1.9 25 13 6 15 48% 40772 11774 2785 126%
c - 1323.13 42 21 89 691 274205 1 12097362 86594 1.9 25 13 6 15 48% 40772 11774 2785 126%
c - 1325.91 42 21 89 692 274211 1 12123648 89135 1.9 24 13 6 15 48% 40772 11774 2785 126%
c
c   seconds    switched       rate            size/glue  tier1     binary         remaining
c           MB   reductions      conflicts          size   tier2       irredundant
c            level      restarts         redundant     glue    trail         variables
c
c - 1328.51 42 20 89 693 274212 1 12149954 92809 1.9 24 12 6 15 47% 40772 11774 2785 126%
c - 1331.03 42 20 89 694 274220 1 12176278 93268 1.9 23 12 6 15 47% 40772 11774 2785 126%
c - 1333.57 42 20 89 695 274233 1 12202621 93170 1.9 24 12 6 15 47% 40772 11774 2785 126%
c - 1336.36 42 19 89 696 274242 1 12228983 94024 1.9 23 12 6 15 47% 40772 11774 2785 126%
c - 1339.41 42 19 89 697 274250 1 12255365 95244 1.9 23 12 6 15 47% 40772 11774 2785 126%
c u 1341.28 42 19 89 697 274255 1 12263009 95627 1.9 23 12 6 15 47% 40772 11774 2785 126%
c v 1342.60 42 19 89 697 274255 1 12263009 79205 1.9 23 12 6 15 47% 40772 11774 2785 126%
c w 1343.07 42 19 89 697 274255 1 12263009 66182 1.9 23 12 6 15 47% 40772 11774 2785 126%
c o 1343.10 42 19 89 697 274255 1 12263009 66182 1.9 23 12 6 15 47% 40772 11774 2785 126%
c - 1344.54 42 21 89 698 274261 1 12281765 70698 1.8 23 12 6 15 47% 40772 11774 2785 126%
c ] 1346.30 42 20 90 698 274272 1 12302486 89703 1.8 23 13 6 15 47% 40772 11774 2785 126%
c { 1346.30 42 18 90 698 274272 2 12302486 89703 1.7 17 10 5 11 46% 40772 11774 2785 126%
c - 1346.76 42 18 90 699 274450 2 12308184 83457 1.7 17 10 5 11 46% 40772 11774 2785 126%
c - 1348.84 42 18 90 700 275342 2 12334622 90444 1.7 17 10 5 11 46% 40772 11774 2785 126%
c - 1350.96 42 18 90 701 276283 2 12361079 93782 1.7 17 10 5 11 46% 40772 11774 2785 126%
c - 1352.99 42 17 90 702 277010 2 12387555 94693 1.7 17 10 5 11 46% 40772 11774 2785 126%
c - 1355.02 42 17 90 703 277741 2 12414050 95455 1.7 17 10 5 11 46% 40772 11774 2785 126%
c - 1357.20 42 18 90 704 278835 2 12440565 95698 1.7 17 10 5 11 46% 40772 11774 2785 126%
c - 1359.37 42 18 90 705 279972 2 12467100 95455 1.7 17 10 5 11 46% 40772 11774 2785 126%
c - 1361.55 42 18 90 706 281140 2 12493651 95874 1.7 17 10 5 11 46% 40772 11774 2785 126%
c
c   seconds    switched       rate            size/glue  tier1     binary         remaining
c           MB   reductions      conflicts          size   tier2       irredundant
c            level      restarts         redundant     glue    trail         variables
c
c - 1363.71 42 18 90 707 282105 2 12520221 96772 1.7 17 10 5 11 46% 40772 11774 2785 126%
c - 1365.91 42 18 90 708 283139 2 12546810 97287 1.7 17 10 5 11 46% 40772 11774 2785 126%
c - 1368.17 42 18 90 709 284315 2 12573419 97685 1.7 17 10 5 11 46% 40772 11774 2785 126%
c - 1370.21 42 18 90 710 285014 2 12600048 97514 1.7 17 10 5 11 46% 40772 11774 2785 126%
c - 1372.34 42 18 90 711 285912 2 12626693 97904 1.7 17 10 5 11 46% 40772 11774 2785 126%
c u 1373.47 42 18 90 711 285977 2 12628880 93954 1.7 17 10 5 11 46% 40772 11774 2785 126%
c v 1374.55 42 18 90 711 285977 2 12628880 88701 1.7 17 10 5 11 46% 40772 11774 2785 126%
c w 1374.92 42 18 90 711 285977 2 12628880 87960 1.7 17 10 5 11 46% 40772 11774 2785 126%
c - 1376.86 42 18 90 712 286769 2 12653360 90246 1.7 17 10 5 11 46% 40772 11774 2785 126%
c - 1379.01 42 18 90 713 287752 2 12680043 92839 1.7 17 10 5 11 46% 40772 11774 2785 126%
c - 1381.05 42 18 90 714 288429 2 12706747 93630 1.7 17 10 5 11 46% 40772 11774 2785 126%
c } 1381.14 42 18 91 714 288453 2 12707809 94585 1.7 17 10 5 11 46% 40772 11774 2785 126%
c [ 1381.14 42 20 91 714 288453 1 12707809 94585 1.8 23 13 6 15 47% 40772 11774 2785 126%
c O 1381.14 42 20 91 714 288453 1 12707809 94585 1.8 23 13 6 15 47% 40772 11774 2785 126%
c - 1383.05 42 20 91 715 288467 1 12733467 91958 1.8 23 13 6 15 47% 40772 11774 2785 126%
c - 1385.23 42 20 91 716 288480 1 12760207 90955 1.8 22 12 6 15 47% 40772 11774 2785 126%
c - 1387.79 42 21 91 717 288483 1 12786965 89276 1.8 23 13 6 15 47% 40772 11774 2785 126%
c - 1390.39 42 21 91 718 288497 1 12813741 88516 1.8 23 13 6 15 47% 40772 11774 2785 126%
c - 1393.02 42 20 91 719 288510 1 12840536 91732 1.8 23 13 6 15 46% 40772 11774 2785 126%
c - 1395.44 42 20 91 720 288514 1 12867350 91374 1.8 23 13 6 15 46% 40772 11774 2785 126%
c
c   seconds    switched       rate            size/glue  tier1     binary         remaining
c           MB   reductions      conflicts          size   tier2       irredundant
c            level      restarts         redundant     glue    trail         variables
c
c - 1398.10 42 21 91 721 288515 1 12894182 90947 1.8 23 13 6 15 46% 40772 11774 2785 126%
c - 1401.05 42 20 91 722 288526 1 12921033 92738 1.8 23 13 6 15 46% 40772 11774 2785 126%
c - 1403.89 42 20 91 723 288537 1 12947904 95295 1.8 23 12 6 15 46% 40772 11774 2785 126%
c - 1406.51 42 20 91 724 288546 1 12974794 95066 1.8 23 13 6 15 46% 40772 11774 2785 126%
c u 1410.03 42 22 91 724 288555 1 13000607 115641 1.8 24 13 6 15 46% 40772 11774 2785 126%
c v 1411.48 42 22 91 724 288555 1 13000607 97574 1.8 24 13 6 15 46% 40772 11774 2785 126%
c w 1411.99 42 22 91 724 288555 1 13000607 95847 1.8 24 13 6 15 46% 40772 11774 2785 126%
c o 1412.02 42 22 91 724 288555 1 13000607 95847 1.8 24 13 6 15 46% 40772 11774 2785 126%
c - 1412.13 42 23 91 725 288556 1 13001702 74185 1.8 24 13 6 15 46% 40772 11774 2785 126%
c - 1414.37 42 22 91 726 288568 1 13028627 83922 1.9 24 13 6 15 46% 40772 11774 2785 126%
c ] 1416.26 42 22 92 726 288576 1 13050033 104354 1.9 24 13 6 15 47% 40772 11774 2785 126%
c { 1416.26 42 18 92 726 288576 2 13050033 104354 1.7 17 10 5 11 46% 40772 11774 2785 126%
c - 1416.78 42 18 92 727 288868 2 13055572 89430 1.7 17 10 5 11 46% 40772 11774 2785 126%
c - 1419.08 42 18 92 728 289939 2 13082534 91700 1.7 17 10 5 11 46% 40772 11774 2785 126%
c - 1421.25 42 18 92 729 290741 2 13109516 95122 1.7 17 10 5 11 46% 40772 11774 2785 126%
c - 1423.53 42 18 92 730 291731 2 13136518 96146 1.7 17 10 5 11 46% 40772 11774 2785 126%
c - 1425.78 42 18 92 731 292829 2 13163537 96433 1.7 17 10 5 11 46% 40772 11774 2785 126%
c - 1428.00 42 18 92 732 293705 2 13190576 96522 1.7 17 10 5 11 46% 40772 11774 2785 126%
c - 1430.23 42 18 92 733 294715 2 13217633 96535 1.7 17 10 5 11 46% 40772 11774 2785 126%
c - 1432.40 42 18 92 734 295550 2 13244707 96654 1.7 17 10 5 11 46% 40772 11774 2785 126%
c
c   seconds    switched       rate            size/glue  tier1     binary         remaining
c           MB   reductions      conflicts          size   tier2       irredundant
c            level      restarts         redundant     glue    trail         variables
c
c - 1434.59 42 18 92 735 296361 2 13271802 96993 1.7 17 10 5 11 46% 40772 11774 2785 126%
c - 1436.77 42 17 92 736 297030 2 13298912 97152 1.7 17 10 5 11 46% 40772 11774 2785 126%
c - 1439.20 42 18 92 737 298605 2 13326041 97042 1.6 17 10 5 11 46% 40772 11774 2785 126%
c - 1441.51 42 18 92 738 299771 2 13353188 97417 1.6 17 10 5 11 46% 40772 11774 2785 126%
c u 1444.60 42 18 92 738 300726 2 13378214 115886 1.6 17 10 5 11 46% 40772 11774 2785 126%
c v 1445.77 42 18 92 738 300726 2 13378214 110709 1.6 17 10 5 11 46% 40772 11774 2785 126%
c w 1446.18 42 18 92 738 300726 2 13378214 109838 1.6 17 10 5 11 46% 40772 11774 2785 126%
c - 1446.40 42 18 92 739 300756 2 13380354 88855 1.6 17 10 5 11 46% 40772 11774 2785 126%
c - 1448.49 42 18 92 740 301555 2 13407538 90999 1.6 17 10 5 11 46% 40772 11774 2785 126%
c - 1450.63 42 18 92 741 302415 2 13434740 94286 1.7 17 10 5 11 46% 40772 11774 2785 126%
c - 1452.84 42 18 92 742 303230 2 13461966 95090 1.7 17 10 5 11 46% 40772 11774 2785 126%
c } 1453.66 42 18 93 742 303636 2 13472038 103903 1.7 17 10 5 11 46% 40772 11774 2785 126%
c [ 1453.66 42 22 93 742 303636 1 13472038 103903 1.9 24 13 6 15 47% 40772 11774 2785 126%
c B 1453.66 42 22 93 742 303636 1 13472038 103903 1.9 24 13 6 15 47% 40772 11774 2785 126%
c - 1454.99 42 22 93 743 303646 1 13489205 93802 1.9 24 13 6 15 47% 40772 11774 2785 126%
c - 1457.36 42 22 93 744 303657 1 13516463 90543 1.9 25 13 6 15 47% 40772 11774 2785 126%
c - 1459.92 42 22 93 745 303666 1 13543740 89554 1.9 24 13 6 15 47% 40772 11774 2785 126%
c - 1462.45 42 22 93 746 303677 1 13571035 90101 1.9 25 13 6 15 48% 40772 11774 2785 126%
c - 1464.94 42 23 93 747 303688 1 13598348 87371 1.9 25 13 6 15 48% 40772 11774 2785 126%
c o 1465.54 42 23 93 747 303694 1 13605265 94068 1.9 25 13 6 15 48% 40772 11774 2785 126%
c
c   seconds    switched       rate            size/glue  tier1     binary         remaining
c           MB   reductions      conflicts          size   tier2       irredundant
c            level      restarts         redundant     glue    trail         variables
c
c - 1467.30 42 31 93 748 303697 1 13625679 83768 1.7 27 16 6 15 47% 40772 11774 2785 126%
c - 1469.72 42 28 93 749 303698 1 13653028 86286 1.8 26 15 6 15 47% 40772 11774 2785 126%
c - 1472.28 42 28 93 750 303705 1 13680396 88507 1.8 27 15 6 15 47% 40772 11774 2785 126%
c - 1475.13 42 27 93 751 303719 1 13707782 87356 1.8 27 15 6 15 47% 40772 11774 2785 126%
c - 1477.96 42 26 93 752 303729 1 13735186 89518 1.9 27 15 6 15 47% 40772 11774 2785 126%
c u 1481.93 42 25 93 752 303736 1 13761729 111846 1.9 27 14 6 15 47% 40772 11774 2785 126%
c v 1483.36 42 25 93 752 303736 1 13761729 110758 1.9 27 14 6 15 47% 40772 11774 2785 126%
c w 1483.87 59 25 93 752 303736 1 13761729 103314 1.9 27 14 6 15 47% 40772 11774 2785 126%
c - 1484.04 49 25 93 753 303736 1 13762608 83503 1.9 27 14 6 15 47% 40772 11774 2785 126%
c - 1486.77 50 24 93 754 303750 1 13790048 89332 1.9 26 14 6 15 47% 40772 11774 2785 126%
c - 1489.36 51 24 93 755 303760 1 13817507 90785 1.9 26 14 6 15 47% 40772 11774 2785 126%
c ] 1491.02 50 24 94 755 303761 1 13835316 107802 1.9 27 14 6 15 47% 40772 11774 2785 126%
c { 1491.02 50 18 94 755 303761 2 13835316 107802 1.7 17 10 5 11 46% 40772 11774 2785 126%
c - 1491.89 51 18 94 756 304187 2 13844985 89582 1.7 17 10 5 11 46% 40772 11774 2785 126%
c - 1494.10 51 18 94 757 304937 2 13872482 93306 1.7 17 10 5 11 46% 40772 11774 2785 126%
c - 1496.44 51 18 94 758 306034 2 13899995 96865 1.7 17 10 5 11 46% 40772 11774 2785 126%
c - 1498.74 53 18 94 759 307112 2 13927528 97698 1.6 17 10 5 11 46% 40772 11774 2785 126%
c - 1501.08 53 18 94 760 308273 2 13955078 98089 1.6 17 10 5 11 46% 40772 11774 2785 126%
c - 1503.38 53 18 94 761 309234 2 13982647 98688 1.6 17 10 5 11 46% 40772 11774 2785 126%
c - 1505.65 53 18 94 762 310170 2 14010233 98923 1.6 17 10 5 11 46% 40772 11774 2785 126%
c
c   seconds    switched       rate            size/glue  tier1     binary         remaining
c           MB   reductions      conflicts          size   tier2       irredundant
c            level      restarts         redundant     glue    trail         variables
c
c - 1507.82 53 18 94 763 311037 2 14037838 98678 1.6 16 10 5 11 46% 40772 11774 2785 126%
c - 1510.04 53 18 94 764 311886 2 14065461 99360 1.7 17 10 5 11 46% 40772 11774 2785 126%
c - 1512.32 50 18 94 765 312954 2 14093101 99757 1.6 17 10 5 11 46% 40772 11774 2785 126%
c o 1513.32 51 18 94 765 313474 2 14105301 110811 1.6 17 10 5 11 46% 40772 11774 2785 126%
c - 1514.56 53 18 94 766 313834 2 14120760 99866 1.6 17 10 5 11 46% 40772 11774 2785 126%
c - 1516.94 53 18 94 767 315287 2 14148437 99993 1.6 17 10 5 11 46% 40772 11774 2785 126%
c u 1518.20 51 18 94 767 315299 2 14151152 97504 1.6 17 10 5 11 46% 40772 11774 2785 126%
c v 1519.40 53 18 94 767 315299 2 14151152 93012 1.6 17 10 5 11 46% 40772 11774 2785 126%
c w 1519.82 53 18 94 767 315299 2 14151152 91999 1.6 17 10 5 11 46% 40772 11774 2785 126%
c - 1521.78 51 18 94 768 316077 2 14176132 92304 1.6 17 10 5 11 46% 40772 11774 2785 126%
c - 1524.00 51 18 94 769 316988 2 14203845 94247 1.6 17 10 5 11 46% 40772 11774 2785 126%
c - 1526.23 53 18 94 770 317906 2 14231575 96088 1.7 17 10 5 11 46% 40772 11774 2785 126%
c - 1528.50 53 18 94 771 319007 2 14259326 96871 1.7 17 10 5 11 46% 40772 11774 2785 126%
c } 1529.72 51 18 95 771 319660 2 14274301 110544 1.7 17 10 5 11 46% 40772 11774 2785 126%
c [ 1529.72 51 24 95 771 319660 1 14274301 110544 1.9 27 14 6 15 47% 40772 11774 2785 126%
c W 1536.65 42 24 95 771 319660 1 14274301 110544 1.9 27 14 6 15 47% 40772 11774 2785 126%
c - 1537.66 42 25 95 772 319667 1 14287094 93365 1.9 27 14 6 15 47% 40772 11774 2785 126%
c - 1540.06 42 24 95 773 319680 1 14314881 86589 1.8 27 14 6 15 48% 40772 11774 2785 126%
c - 1542.48 42 23 95 774 319690 1 14342683 84991 1.9 27 14 6 15 48% 40772 11774 2785 126%
c - 1545.08 42 24 95 775 319699 1 14370509 84369 1.9 28 15 6 15 48% 40772 11774 2785 126%
c
c   seconds    switched       rate            size/glue  tier1     binary         remaining
c           MB   reductions      conflicts          size   tier2       irredundant
c            level      restarts         redundant     glue    trail         variables
c
c - 1547.82 42 24 95 776 319712 1 14398347 81672 1.8 27 15 6 15 49% 40772 11774 2785 126%
c - 1550.44 42 24 95 777 319721 1 14426204 81722 1.8 27 15 6 15 49% 40772 11774 2785 126%
c - 1553.09 42 24 95 778 319722 1 14454078 82912 1.8 27 15 6 15 49% 40772 11774 2785 126%
c - 1555.81 42 24 95 779 319729 1 14481972 84291 1.8 27 15 6 15 49% 40772 11774 2785 126%
c - 1558.55 42 24 95 780 319742 1 14509883 84619 1.8 27 15 6 15 49% 40772 11774 2785 126%
c - 1561.27 42 24 95 781 319753 1 14537813 85202 1.8 27 15 6 15 49% 40772 11774 2785 126%
c u 1563.18 42 24 95 781 319753 1 14546506 89487 1.8 27 15 6 15 49% 40772 11774 2785 126%
c v 1564.50 42 24 95 781 319753 1 14546506 86689 1.8 27 15 6 15 49% 40772 11774 2785 126%
c w 1565.00 42 24 95 781 319753 1 14546506 76915 1.8 27 15 6 15 49% 40772 11774 2785 126%
c - 1566.76 42 24 95 782 319761 1 14565759 74256 1.8 27 15 6 15 48% 40772 11774 2785 126%
c - 1569.35 42 24 95 783 319774 1 14593723 80861 1.8 27 15 6 15 48% 40772 11774 2785 126%
c - 1572.20 42 24 95 784 319784 1 14621707 82327 1.8 27 15 6 15 48% 40772 11774 2785 126%
c ] 1574.40 42 23 96 784 319785 1 14643471 102555 1.8 26 15 6 15 48% 40772 11774 2785 126%
c { 1574.40 42 18 96 784 319785 2 14643471 102555 1.7 17 10 5 11 46% 40772 11774 2785 126%
c o 1574.42 42 18 96 784 319799 2 14643561 102643 1.7 17 10 5 11 46% 40772 11774 2785 126%
c - 1574.95 42 18 96 785 319942 2 14649707 84900 1.6 17 10 5 11 46% 40772 11774 2785 126%
c - 1577.20 42 18 96 786 320829 2 14677725 92076 1.6 17 10 5 11 46% 40772 11774 2785 126%
c - 1579.39 42 18 96 787 321582 2 14705761 95341 1.7 17 10 5 11 46% 40772 11774 2785 126%
c - 1581.68 42 18 96 788 322762 2 14733815 96415 1.7 17 10 5 11 46% 40772 11774 2785 126%
c - 1584.04 42 18 96 789 323809 2 14761888 96991 1.7 17 10 5 11 46% 40772 11774 2785 126%
c
c   seconds    switched       rate            size/glue  tier1     binary         remaining
c           MB   reductions      conflicts          size   tier2       irredundant
c            level      restarts         redundant     glue    trail         variables
c
c - 1586.40 42 18 96 790 325056 2 14789977 97343 1.7 17 10 5 11 46% 40772 11774 2785 126%
c - 1588.76 42 18 96 791 326096 2 14818084 97708 1.7 17 10 5 11 46% 40772 11774 2785 126%
c - 1591.08 42 19 96 792 327153 2 14846208 98455 1.7 17 10 5 11 46% 40772 11774 2785 126%
c - 1593.41 42 18 96 793 327869 2 14874350 98592 1.7 17 10 5 11 46% 40772 11774 2785 126%
c - 1595.76 42 18 96 794 328613 2 14902511 98629 1.7 17 10 5 11 46% 40772 11774 2785 126%
c - 1598.14 42 18 96 795 329602 2 14930690 99130 1.7 17 10 5 11 46% 40772 11774 2785 126%
c u 1600.80 42 18 96 795 330228 2 14947792 110032 1.7 17 10 5 11 46% 40772 11774 2785 126%
c v 1602.13 42 18 96 795 330228 2 14947792 103319 1.7 17 10 5 11 46% 40772 11774 2785 126%
c w 1602.60 42 18 96 795 330228 2 14947792 102205 1.7 17 10 5 11 46% 40772 11774 2785 126%
c - 1603.53 42 18 96 796 330613 2 14958885 89173 1.7 17 10 5 11 46% 40772 11774 2785 126%
c - 1605.80 42 18 96 797 331446 2 14987098 93166 1.7 17 10 5 11 46% 40772 11774 2785 126%
c - 1608.02 42 18 96 798 332322 2 15015329 95792 1.7 17 10 5 11 46% 40772 11774 2785 126%
c - 1610.24 42 18 96 799 333233 2 15043579 96312 1.7 17 10 5 11 46% 40772 11774 2785 126%
c - 1612.63 42 18 96 800 334566 2 15071846 96642 1.7 17 10 5 11 46% 40772 11774 2785 126%
c } 1614.82 42 18 97 800 335338 2 15099734 121902 1.7 17 10 5 11 46% 40772 11774 2785 126%
c [ 1614.82 42 23 97 800 335338 1 15099734 121902 1.8 26 15 6 15 48% 40772 11774 2785 126%
c I 1614.82 42 23 97 800 335338 1 15099734 121902 1.8 26 15 6 15 48% 40772 11774 2785 126%
c - 1614.88 42 23 97 801 335338 1 15100131 96865 1.8 26 15 6 15 48% 40772 11774 2785 126%
c - 1617.30 42 23 97 802 335352 1 15128433 94190 1.9 27 14 6 15 47% 40772 11774 2785 126%
c - 1620.01 42 22 97 803 335366 1 15156753 91551 1.9 26 14 6 15 47% 40772 11774 2785 126%
c
c   seconds    switched       rate            size/glue  tier1     binary         remaining
c           MB   reductions      conflicts          size   tier2       irredundant
c            level      restarts         redundant     glue    trail         variables
c
c - 1622.74 42 22 97 804 335371 1 15185090 94594 2.0 26 13 6 15 47% 40772 11774 2785 126%
c o 1623.68 42 22 97 804 335378 1 15196082 105011 2.0 26 13 6 15 47% 40772 11774 2785 126%
c - 1625.10 42 27 97 805 335383 1 15213444 96441 1.9 26 14 6 15 47% 40772 11774 2785 126%
c - 1627.64 42 25 97 806 335398 1 15241818 97709 1.9 25 13 6 15 47% 40772 11774 2785 126%
c - 1630.35 42 24 97 807 335400 1 15270209 99629 1.9 25 13 6 15 47% 40772 11774 2785 126%
c - 1633.12 42 22 97 808 335403 1 15298616 100965 1.9 24 13 6 15 47% 40772 11774 2785 126%
c - 1636.03 42 21 97 809 335415 1 15327041 103038 1.9 24 12 6 15 47% 40772 11774 2785 126%
c u 1640.23 42 20 97 809 335430 1 15355038 125971 1.9 24 12 6 15 47% 40772 11774 2785 126%
c v 1641.68 59 20 97 809 335430 1 15355038 113285 1.9 24 12 6 15 47% 40772 11774 2785 126%
c w 1642.19 59 20 97 809 335430 1 15355038 105455 1.9 24 12 6 15 47% 40772 11774 2785 126%
c - 1642.29 49 20 97 810 335430 1 15355485 88685 1.9 24 12 6 15 47% 40772 11774 2785 126%
c - 1645.01 51 20 97 811 335436 1 15383946 97014 2.0 24 12 6 15 47% 40772 11774 2785 126%
c - 1648.03 53 19 97 812 335448 1 15412426 104063 2.1 24 12 6 15 47% 40772 11774 2785 126%
c - 1651.11 51 19 97 813 335461 1 15440921 105661 2.0 24 12 6 15 46% 40772 11774 2785 126%
c - 1654.19 53 20 97 814 335463 1 15469435 102872 2.0 24 12 6 15 46% 40772 11774 2785 126%
c ] 1654.94 49 21 98 814 335463 1 15476682 109827 2.0 24 12 6 15 46% 40772 11774 2785 126%
c { 1654.94 49 18 98 814 335463 2 15476682 109827 1.7 17 10 5 11 46% 40772 11774 2785 126%
c - 1657.39 49 16 98 815 335475 2 15497965 100166 1.6 16 10 5 11 46% 40772 11774 2785 126%
c - 1660.21 50 15 98 816 335511 2 15526513 99198 1.6 15 9 5 11 46% 40772 11774 2785 126%
c - 1662.50 51 14 98 817 335546 2 15555079 100588 1.6 15 9 5 11 46% 40772 11774 2785 126%
c
c   seconds    switched       rate             size/glue tier1     binary         remaining
c           MB   reductions      conflicts           size  tier2       irredundant
c            level      restarts         redundant     glue    trail         variables
c
c - 1664.83 53 13 98 818 335756 2 15583662 103299 1.6 15 9 5 11 46% 40772 11774 2785 126%
c - 1667.10 53 12 98 819 335979 1 15612262 104144 1.6 14 9 5 11 46% 40772 11774 2785 126%
c - 1669.35 53 12 98 820 336146 1 15640880 103871 1.6 14 9 5 11 46% 40772 11774 2785 126%
c - 1671.66 53 11 98 821 336457 1 15669515 103928 1.6 13 9 5 11 46% 40772 11774 2785 126%
c - 1674.08 53 11 98 822 337083 1 15698169 105524 1.6 13 9 5 11 46% 40772 11774 2785 126%
c o 1676.56 53 11 98 822 337948 1 15726165 128234 1.6 13 9 5 11 46% 40772 11774 2785 126%
c - 1676.64 53 11 98 823 337956 1 15726839 107616 1.6 13 9 5 11 46% 40772 11774 2785 126%
c - 1679.03 53 11 98 824 338489 1 15755526 107935 1.6 13 9 5 11 46% 40772 11774 2785 126%
c u 1681.34 53 11 98 824 338746 1 15768238 110181 1.6 13 9 5 11 46% 40772 11774 2785 126%
c v 1682.73 55 11 98 824 338746 1 15768238 101386 1.6 13 9 5 11 46% 40772 11774 2785 126%
c w 1683.20 55 11 98 824 338746 1 15768238 101166 1.6 13 9 5 11 46% 40772 11774 2785 126%
c - 1684.56 51 11 98 825 339219 1 15784231 94983 1.6 13 9 5 11 46% 40772 11774 2785 126%
c - 1686.95 51 11 98 826 340051 1 15812954 99881 1.6 13 9 5 11 46% 40772 11774 2785 126%
c - 1689.25 53 11 98 827 340614 1 15841694 101029 1.6 13 8 5 11 46% 40772 11774 2785 126%
c - 1691.72 53 11 98 828 341480 1 15870453 101776 1.6 13 8 5 11 46% 40772 11774 2785 126%
c - 1694.16 53 11 98 829 342346 1 15899227 103806 1.6 13 8 5 11 46% 40772 11774 2785 126%
c - 1696.59 53 11 98 830 343205 1 15928019 105379 1.6 13 8 5 11 46% 40772 11774 2785 126%
c } 1698.45 51 11 99 830 343745 1 15950517 123557 1.6 13 8 5 11 46% 40772 11774 2785 126%
c [ 1698.45 51 21 99 830 343745 1 15950517 123557 2.0 24 12 6 15 46% 40772 11774 2785 126%
c B 1698.45 51 21 99 830 343745 1 15950517 123557 2.0 24 12 6 15 46% 40772 11774 2785 126%
c
c   seconds    switched       rate             size/glue  tier1     binary         remaining
c           MB   reductions      conflicts           size   tier2       irredundant
c            level      restarts         redundant      glue    trail         variables
c
c - 1698.99 53 22 99 831 343750 1 15956830 104688 2.0 25 13 6 15 46% 40772 11774 2785 126%
c - 1701.41 51 22 99 832 343762 1 15985657 102776 2.0 25 13 6 15 47% 40772 11774 2785 126%
c - 1704.27 53 21 99 833 343774 1 16014501 104187 2.0 25 13 6 15 47% 40772 11774 2785 126%
c - 1707.12 51 21 99 834 343782 1 16043365 105329 2.0 26 13 6 15 48% 40772 11774 2785 126%
c - 1709.95 53 21 99 835 343796 1 16072244 105673 2.0 25 13 6 15 48% 40772 11774 2785 126%
c - 1712.87 53 21 99 836 343806 1 16101143 106705 1.9 25 13 6 15 48% 40772 11774 2785 126%
c - 1715.60 53 21 99 837 343807 1 16130056 105765 1.9 25 13 6 15 48% 40772 11774 2785 126%
c - 1718.42 50 22 99 838 343814 1 16158988 103795 1.9 25 13 6 15 48% 40772 11774 2785 126%
c u 1722.49 42 22 99 838 343828 1 16187421 127240 1.9 26 13 6 15 48% 40772 11774 2785 126%
c v 1723.95 42 22 99 838 343828 1 16187421 125078 1.9 26 13 6 15 48% 40772 11774 2785 126%
c w 1724.50 59 22 99 838 343828 1 16187421 119199 1.9 26 13 6 15 48% 40772 11774 2785 126%
c - 1730.45 49 22 99 839 343828 1 16187937 92947 1.9 26 13 6 15 48% 40772 11774 2785 126%
c - 1733.19 51 21 99 840 343838 1 16216904 98592 1.9 25 13 6 15 48% 40772 11774 2785 126%
c - 1736.11 50 20 99 841 343849 1 16245887 104656 1.9 25 13 6 15 48% 40772 11774 2785 126%
c - 1739.11 51 19 99 842 343861 1 16274887 108265 1.9 24 12 6 15 47% 40772 11774 2785 126%
c - 1741.89 51 19 99 843 343869 1 16303907 107926 1.9 24 12 6 15 47% 40772 11774 2785 126%
c - 1744.79 53 20 99 844 343870 1 16332941 104019 1.9 24 13 6 15 47% 40772 11774 2785 126%
c - 1747.83 53 21 99 845 343871 1 16361993 101517 1.9 25 13 6 15 47% 40772 11774 2785 126%
c ] 1748.09 49 21 100 845 343871 1 16364504 103868 1.9 25 13 6 15 47% 40772 11774 2785 126%
c { 1748.09 49 11 100 845 343871 1 16364504 103868 1.6 13 8 5 11 46% 40772 11774 2785 126%
c
c   seconds    switched        rate             size/glue tier1     binary         remaining
c           MB    reductions      conflicts           size  tier2       irredundant
c            level       restarts         redundant     glue    trail         variables
c
c o 1748.10 49 11 100 845 343878 1 16364545 103908 1.6 13 8 5 11 46% 40772 11774 2785 126%
c - 1751.24 53 13 100 846 348170 2 16391061 104709 1.5 14 9 5 11 46% 40772 11774 2785 126%
c - 1754.20 53 15 100 847 351301 2 16420148 107779 1.5 15 10 5 11 46% 40772 11774 2785 126%
c - 1757.01 53 16 100 848 353388 3 16449251 108817 1.6 16 10 5 11 46% 40772 11774 2785 126%
c - 1759.65 53 17 100 849 354978 3 16478373 109177 1.6 16 10 5 11 46% 40772 11774 2785 126%
c - 1762.22 53 17 100 850 356217 3 16507510 109067 1.6 16 10 5 11 46% 40772 11774 2785 126%
c - 1764.81 53 17 100 851 357399 3 16536666 108673 1.6 16 10 5 11 46% 40772 11774 2785 126%
c - 1767.40 53 17 100 852 358553 3 16565837 108984 1.6 16 10 5 11 46% 40772 11774 2785 126%
c - 1769.89 50 17 100 853 359555 2 16595026 109252 1.6 16 10 5 11 46% 40772 11774 2785 126%
c u 1772.37 53 17 100 853 360342 2 16612588 119741 1.6 16 10 5 11 46% 40772 11774 2785 126%
c v 1773.45 55 17 100 853 360342 2 16612588 113019 1.6 16 10 5 11 46% 40772 11774 2785 126%
c w 1773.82 55 17 100 853 360342 2 16612588 112009 1.6 16 10 5 11 46% 40772 11774 2785 126%
c - 1775.03 51 17 100 854 360716 2 16624232 98858 1.6 16 10 5 11 46% 40772 11774 2785 126%
c - 1777.56 51 18 100 855 361987 2 16653455 102505 1.6 16 10 5 11 46% 40772 11774 2785 126%
c - 1780.09 53 18 100 856 363064 2 16682696 104040 1.6 17 10 5 11 46% 40772 11774 2785 126%
c - 1782.58 53 18 100 857 364177 2 16711953 104504 1.6 17 10 5 11 46% 40772 11774 2785 126%
c - 1785.12 53 18 100 858 365251 2 16741228 104915 1.7 17 10 5 11 46% 40772 11774 2785 126%
c - 1787.64 53 18 100 859 366293 2 16770519 104517 1.7 17 10 5 11 46% 40772 11774 2785 126%
c - 1790.15 53 18 100 860 367261 2 16799827 104325 1.7 17 10 5 11 46% 40772 11774 2785 126%
c - 1792.64 53 18 100 861 368161 2 16829153 104391 1.7 17 10 5 11 46% 40772 11774 2785 126%
c
c   seconds    switched        rate             size/glue  tier1     binary         remaining
c           MB    reductions      conflicts           size   tier2       irredundant
c            level       restarts         redundant      glue    trail         variables
c
c } 1794.95 53 18 101 861 369136 2 16856203 128371 1.7 17 10 5 11 46% 40772 11774 2785 126%
c [ 1794.95 53 21 101 861 369136 1 16856203 128371 1.9 25 13 6 15 47% 40772 11774 2785 126%
c caught signal 15 (SIGTERM)
c
c ---- [ profiling ] ---------------------------------------------------------
c
c        1588.84   88.28 %  search
c         825.37   45.86 %  focused
c         763.47   42.42 %  stable
c         210.76   11.71 %  simplify
c         163.96    9.11 %  probe
c         137.39    7.63 %  vivify
c          46.69    2.59 %  walking
c          22.49    1.25 %  sweep
c          15.66    0.87 %  reduce
c           1.92    0.11 %  substitute
c           1.54    0.09 %  transitive
c           0.30    0.02 %  factor
c           0.26    0.01 %  eliminate
c           0.25    0.01 %  backbone
c           0.16    0.01 %  preprocess
c           0.08    0.00 %  congruence
c           0.03    0.00 %  subsume
c           0.01    0.00 %  fastel
c           0.01    0.00 %  parse
c           0.00    0.00 %  lucky
c =============================================
c        1799.77  100.00 %  total
c
c ---- [ statistics ] --------------------------------------------------------
c
c chronological:                           60                0 %  conflicts
c conflicts:                         16856203             9365.74 per second
c decisions:                         33830536                2.01 per conflict
c eliminated:                            6997              315 %  variables
c factored:                              7574              341 %  variables
c fast_eliminated:                       2431               35 %  eliminated
c fast_strengthened:                        4                0 %  per strengthened
c propagations:                    6168497549          3427375    per second
c reductions:                             861            19577    interval
c reordered:                               55           306476    interval
c rephased:                                65           259326    interval
c restarts:                            369136               46    interval
c strengthened:                          5141                1 %  checks
c switched:                               101           166893    interval
c vivified:                           1020617               64 %  checks
c walks:                                   22           766191    interval
c
c ---- [ proof ] -------------------------------------------------------------
c
c proof_added:                       17306246               50 %  per line
c proof_bytes:                     1518338048             1448 MB 
c proof_deleted:                     17217684               50 %  per line
c
c ---- [ glue usage ] --------------------------------------------------------
c
c focused glue 5   used  902430 clauses  4.22% accumulated 52.21% tier1
c focused glue 6   used 1068035 clauses  5.00% accumulated 57.21%
c focused glue 7-9 used 4872294 clauses 22.80% accumulated 80.01%
c focused glue 10  used 1411391 clauses  6.60% accumulated 86.61%
c focused glue 11  used  984060 clauses  4.60% accumulated 91.22% tier2
c
c stable glue 6    used 1884320 clauses  6.36% accumulated 54.77% tier1
c stable glue 7    used 1627401 clauses  5.50% accumulated 60.26%
c stable glue 8-13 used 7665927 clauses 25.89% accumulated 86.15%
c stable glue 14   used  829292 clauses  2.80% accumulated 88.95%
c stable glue 15   used  685945 clauses  2.32% accumulated 91.27% tier2
c
c ---- [ resources ] ---------------------------------------------------------
c
c maximum-resident-set-size:         62050304 bytes         59 MB
c process-time:                            30m            1799.77 seconds
c raising signal 15 (SIGTERM)
