c ---- [ banner ] ------------------------------------------------------------
c
c Kissat SAT Solver
c 
c Copyright (c) 2021-2024 Armin Biere University of Freiburg
c Copyright (c) 2019-2021 Armin Biere Johannes Kepler University Linz
c 
c Version 4.0.0 unknown
c gcc (Ubuntu 13.3.0-6ubuntu2~24.04.1) 13.3.0 -W -Wall -O3 -DNDEBUG
c Mon Aug 3 21:56:23 UTC 2026 Linux runnervmvrwv9 6.17.0-1020-azure x86_64
c
c ---- [ proving ] -----------------------------------------------------------
c
c opened and writing proof to DRAT file:
c
c   borsuk_11_k6_q00r00_sixth_base_colorability_screen/work/results/q00r00-s020/q00r00-s020.drat
c
c ---- [ parsing ] -----------------------------------------------------------
c
c opened and reading DIMACS file:
c
c   borsuk_11_k6_q00r00_sixth_base_colorability_screen/work/input/instances/cases/q00r00-s020/q00r00-s020_12color.cnf
c
c parsed 'p cnf 1997 74530' header
c closing input after reading 971502 bytes (949 KB)
c finished parsing after 0.01 seconds
c
c ---- [ solving ] -----------------------------------------------------------
c
c  seconds switched rate     size/glue tier1  binary       remaining
c         MB reductions conflicts size  tier2    irredundant
c          level restarts redundant glue  trail       variables
c
c *  0.01  5 0 0 0  0 0   0   0 0.0 0 0 0 0 0% 74244 276 1987 99%
c (  0.01  5 0 0 0  0 0   0   0 0.0 0 0 0 0 0% 74244 276 1987 99%
c .  0.01  5 0 0 0  0 0   0   0 0.0 0 0 0 0 0% 74244 276 1987 99%
c f  0.12  7 0 0 0  0 0   0   0 0.0 0 0 0 0 0% 32419 276 6418 321%
c e  0.13  6 0 0 0  0 0   0   0 0.0 0 0 0 0 0% 33897 1045 4327 217%
c )  0.13  6 0 0 0  0 0   0   0 0.0 0 0 0 0 0% 33897 1045 4327 217%
c {  0.13  7 0 0 0  0 0   0   0 0.0 0 0 2 6 0% 33897 1045 4327 217%
c -  0.16  7 24 0 1  5 2 1000 713 1.5 18 12 11 16 41% 33897 1045 4327 217%
c }  0.16  7 24 1 1  5 2 1000 713 1.5 18 12 11 16 41% 33897 1045 4327 217%
c [  0.16  7 0 1 1  5 0 1000 713 0.0 0 0 2 6 0% 33897 1045 4327 217%
c B  0.16  7 48 1 1  5 16 1001 714 1.1 24 22 2 6 40% 33897 1045 4327 217%
c ]  0.19  7 22 2 1  5 1 1908 1595 2.0 20 10 2 6 37% 33897 1045 4327 217%
c {  0.19  7 24 2 1  5 2 1908 1595 1.5 18 12 11 16 41% 33897 1045 4327 217%
c -  0.19  7 23 2 2  5 2 2001 1355 1.5 18 12 10 16 40% 33897 1045 4327 217%
c u  0.22  7 22 2 2  5 1 2594 1929 1.7 18 11 10 16 38% 33897 1045 4327 217%
c v  0.22  7 22 2 2  5 1 2594 1914 1.7 18 11 10 16 38% 33897 1045 4327 217%
c f  0.25  8 22 2 2  5 1 2594 1914 1.7 18 11 10 16 38% 31164 1045 6178 309%
c u  0.26  8 22 2 2  5 1 2594 1910 1.7 18 11 10 16 38% 31164 1045 6178 309%
c v  0.27  8 22 2 2  5 1 2594 1902 1.7 18 11 10 16 38% 31164 1045 6178 309%
c }  0.31  8 20 3 2  6 1 2909 2181 1.7 18 11 10 16 37% 31164 1045 6178 309%
c
c  seconds  switched rate       size/glue  tier1    binary        remaining
c         MB reductions conflicts     size   tier2     irredundant
c          level restarts  redundant     glue   trail        variables
c
c [  0.31  8 22 3 2  6 1 2909 2181 2.0 20 10 2 6 37% 31164 1045 6178 309%
c W  0.31  8 22 3 2  6 1 2909 2181 2.0 20 10 2 6 37% 31164 1045 6178 309%
c -  0.33  8 21 3 3  6 1 3416 2509 1.9 20 11 9 14 34% 31164 1045 6178 309%
c ]  0.35  8 20 4 3  6 1 3813 2884 1.9 21 11 9 14 33% 31164 1045 6178 309%
c {  0.35  8 20 4 3  6 1 3813 2884 1.7 18 11 10 16 37% 31164 1045 6178 309%
c -  0.39  8 20 4 4 67 2 5149 3778 1.7 17 11 9 13 34% 31164 1045 6178 309%
c }  0.43  9 20 5 4 128 3 6166 4702 1.7 17 10 9 13 33% 31164 1045 6178 309%
c [  0.43  9 20 5 4 128 1 6166 4702 1.9 21 11 9 14 33% 31164 1045 6178 309%
c I  0.43  9 20 5 4 128 1 6166 4702 1.9 21 11 9 14 33% 31164 1045 6178 309%
c -  0.46  9 35 5 5 128 1 7149 5052 1.7 23 14 10 18 31% 31164 1045 6178 309%
c u  0.51 10 34 5 5 129 1 8022 5866 1.7 23 14 10 18 31% 31164 1045 6178 309%
c v  0.51 10 34 5 5 129 1 8022 5865 1.7 23 14 10 18 31% 31164 1045 6178 309%
c w  0.52 10 34 5 5 129 1 8022 5854 1.7 23 14 10 18 31% 31164 1045 6178 309%
c ]  0.54 10 32 6 5 130 1 8489 6268 1.7 23 14 10 18 31% 31164 1045 6178 309%
c {  0.54 10 20 6 5 130 3 8489 6268 1.7 17 10 9 13 33% 31164 1045 6178 309%
c -  0.58 10 25 6 6 227 4 9385 6123 1.7 17 11 9 13 32% 31164 1045 6178 309%
c o  0.63 10 29 6 6 310 4 10445 7158 1.7 18 11 9 13 32% 31164 1045 6178 309%
c -  0.70 10 32 6 7 444 5 11835 7543 1.7 18 11 9 13 31% 31164 1045 6178 309%
c }  0.73 10 34 7 7 495 5 12558 8249 1.7 19 11 9 13 31% 31164 1045 6178 309%
c [  0.73 10 32 7 7 495 1 12558 8249 1.7 23 14 10 18 31% 31164 1045 6178 309%
c
c  seconds  switched  rate        size/glue  tier1      binary        remaining
c         MB reductions conflicts       size    tier2      irredundant
c          level restarts    redundant     glue     trail        variables
c
c B  0.73 10 32 7 7 495 1 12558 8249 1.7 23 14 10 18 31% 31164 1045 6178 309%
c e  0.76 10 31 7 7 495 1 12968 8623 1.7 23 14 10 18 30% 28247 3412 5849 293%
c ^  0.76 10 31 7 7 495 1 12968 8623 1.7 23 14 10 18 30% 28247 3412 5849 293%
c -  0.82  9 27 7 8 496 1 14480 3519 1.6 21 13 10 17 30% 28247 3412 5849 293%
c ]  0.90  8 24 8 8 497 1 16340 5219 1.7 20 12 10 17 30% 28247 3412 5849 293%
c {  0.90  8 34 8 8 497 5 16340 5219 1.7 19 11 9 13 31% 28247 3412 5849 293%
c u  0.93  9 34 8 8 509 5 16450 4810 1.7 19 11 9 13 31% 28247 3412 5849 293%
c v  0.94  9 34 8 8 509 5 16450 3779 1.7 19 11 9 13 31% 28247 3412 5849 293%
c w  0.95  9 34 8 8 509 5 16450 3649 1.7 19 11 9 13 31% 28247 3412 5849 293%
c -  1.00  9 33 8 9 571 5 17308 4177 1.8 19 11 9 13 31% 28247 3412 5849 293%
c -  1.13  9 30 8 10 714 4 20310 6643 1.8 20 11 9 13 30% 28247 3412 5849 293%
c o  1.14  9 30 8 10 722 4 20643 6935 1.8 20 11 9 13 30% 28247 3412 5849 293%
c }  1.22  9 29 9 10 785 4 22500 8667 1.8 19 11 9 13 30% 28247 3412 5849 293%
c [  1.22  9 24 9 10 785 1 22500 8667 1.7 20 12 10 17 30% 28247 3412 5849 293%
c W  1.23  9 24 9 10 785 1 22500 8667 1.7 20 12 10 17 30% 28247 3412 5849 293%
c -  1.27  9 23 9 11 785 1 23473 8799 1.7 21 12 9 16 30% 28247 3412 5849 293%
c e  1.41 10 21 9 11 787 1 26029 11163 1.7 20 12 9 15 30% 27891 4700 4603 230%
c ^  1.42 10 21 9 11 787 1 26029 11163 1.7 20 12 9 15 30% 27891 4700 4603 230%
c -  1.45 10 21 9 12 788 1 26793 7257 1.7 20 12 9 14 30% 27891 4700 4603 230%
c u  1.53 10 20 9 12 789 1 28075 7918 1.7 20 11 9 14 30% 27891 4700 4603 230%
c
c  seconds  switched   rate        size/glue  tier1     binary        remaining
c         MB  reductions conflicts       size   tier2      irredundant
c          level  restarts    redundant     glue    trail        variables
c
c v  1.56 10 20 9 12 789 1 28075 6785 1.7 20 11 9 14 30% 27891 4700 4603 230%
c w  1.56 10 20 9 12 789 1 28075 6651 1.7 20 11 9 14 30% 27891 4700 4603 230%
c f  1.66 10 20 9 12 789 1 28075 6651 1.7 20 11 9 14 30% 27739 4699 4654 233%
c u  1.68 10 20 9 12 789 1 28075 6619 1.7 20 11 9 14 30% 27739 4699 4654 233%
c v  1.70 10 20 9 12 789 1 28075 6592 1.7 20 11 9 14 30% 27739 4699 4654 233%
c w  1.70 10 20 9 12 789 1 28075 6590 1.7 20 11 9 14 30% 27739 4699 4654 233%
c x  1.71 10 20 9 12 789 1 28075 6589 1.7 20 11 9 14 30% 27739 4699 4654 233%
c ]  1.73 10 20 10 12 789 1 28229 6696 1.7 20 11 9 14 31% 27739 4699 4654 233%
c {  1.73 10 29 10 12 789 4 28229 6696 1.8 19 11 9 13 30% 27739 4699 4654 233%
c -  1.81 11 27 10 13 840 4 30258 7758 1.8 19 11 9 13 31% 27739 4699 4654 233%
c -  1.96 11 25 10 14 981 4 33863 10261 1.8 19 10 9 13 31% 27739 4699 4654 233%
c }  2.09 11 25 11 14 1262 4 36857 13158 1.8 19 11 9 13 31% 27739 4699 4654 233%
c [  2.09 11 20 11 14 1262 1 36857 13158 1.7 20 11 9 14 31% 27739 4699 4654 233%
c O  2.09 11 20 11 14 1262 1 36857 13158 1.7 20 11 9 14 31% 27739 4699 4654 233%
c -  2.12 11 20 11 15 1262 1 37604 12758 1.7 20 11 9 14 31% 27739 4699 4654 233%
c -  2.31 11 19 11 16 1265 1 41476 14980 1.8 19 11 8 13 31% 27739 4699 4654 233%
c u  2.42 14 18 11 16 1267 1 43018 16318 1.8 20 11 8 13 32% 27739 4699 4654 233%
c v  2.44 14 18 11 16 1267 1 43018 16223 1.8 20 11 8 13 32% 27739 4699 4654 233%
c w  2.45 14 18 11 16 1267 1 43018 16124 1.8 20 11 8 13 32% 27739 4699 4654 233%
c o  2.46 14 18 11 16 1267 1 43018 16124 1.8 20 11 8 13 32% 27739 4699 4654 233%
c
c  seconds   switched    rate         size/glue  tier1     binary        remaining
c         MB   reductions  conflicts        size   tier2      irredundant
c          level    restarts     redundant     glue    trail        variables
c
c ]  2.51 13 26 12 16 1267 1 44444 17523 1.7 20 12 8 13 32% 27739 4699 4654 233%
c {  2.51 13 25 12 16 1267 4 44444 17523 1.8 19 11 9 13 31% 27739 4699 4654 233%
c -  2.57 13 25 12 17 1382 4 45477 16362 1.8 19 11 9 13 31% 27739 4699 4654 233%
c -  2.76 14 25 12 18 1736 4 49601 17937 1.8 19 11 9 13 32% 27739 4699 4654 233%
c -  2.95 14 25 12 19 2047 4 53848 19731 1.8 19 11 9 13 32% 27739 4699 4654 233%
c e  2.99 12 25 12 19 2058 4 54285 20125 1.8 19 11 9 13 32% 27634 5537 4133 207%
c ^  2.99 12 25 12 19 2058 4 54285 20125 1.8 19 11 9 13 32% 27634 5537 4133 207%
c }  3.07 14 25 13 19 2211 4 55924 17243 1.8 19 11 9 13 32% 27634 5537 4133 207%
c [  3.07 14 26 13 19 2211 1 55924 17243 1.7 20 12 8 13 32% 27634 5537 4133 207%
c B  3.07 14 26 13 19 2211 1 55924 17243 1.7 20 12 8 13 32% 27634 5537 4133 207%
c -  3.17 14 27 13 20 2213 1 58207 17275 1.7 21 12 9 15 32% 27634 5537 4133 207%
c u  3.35 15 26 13 20 2215 1 61404 20141 1.7 21 12 9 15 33% 27634 5537 4133 207%
c v  3.39 15 26 13 20 2215 1 61404 19947 1.7 21 12 9 15 33% 27634 5537 4133 207%
c w  3.40 15 26 13 20 2215 1 61404 19822 1.7 21 12 9 15 33% 27634 5537 4133 207%
c -  3.49 13 25 13 21 2216 1 62681 19375 1.7 21 12 9 15 33% 27634 5537 4133 207%
c ]  3.71 14 24 14 21 2217 1 67036 23334 1.7 21 12 9 15 34% 27634 5537 4133 207%
c {  3.71 14 25 14 21 2217 4 67036 23334 1.8 19 11 9 13 32% 27634 5537 4133 207%
c -  3.73 14 25 14 22 2250 4 67263 21521 1.8 19 11 9 13 32% 27634 5537 4133 207%
c -  3.93 14 24 14 23 2410 4 71953 23419 1.7 19 11 9 13 33% 27634 5537 4133 207%
c o  3.98 14 24 14 23 2462 4 73035 24409 1.7 18 11 9 13 33% 27634 5537 4133 207%
c
c  seconds   switched    rate         size/glue  tier1     binary        remaining
c         MB   reductions  conflicts        size   tier2      irredundant
c          level    restarts     redundant     glue    trail        variables
c
c -  4.15 15 24 14 24 2709 4 76748 25407 1.7 19 11 9 13 33% 27634 5537 4133 207%
c -  4.41 15 24 14 25 3287 4 81646 27799 1.8 19 11 9 13 33% 27634 5537 4133 207%
c }  4.42 15 24 15 25 3300 4 81751 27903 1.8 19 11 9 13 33% 27634 5537 4133 207%
c [  4.42 15 24 15 25 3300 1 81751 27903 1.7 21 12 9 15 34% 27634 5537 4133 207%
c W  4.43 13 24 15 25 3300 1 81751 27903 1.7 21 12 9 15 34% 27634 5537 4133 207%
c u  4.56 16 24 15 25 3301 1 83326 29222 1.7 21 12 9 15 34% 27634 5537 4133 207%
c v  4.60 16 24 15 25 3301 1 83326 29005 1.7 21 12 9 15 34% 27634 5537 4133 207%
c w  4.61 16 24 15 25 3301 1 83326 28955 1.7 21 12 9 15 34% 27634 5537 4133 207%
c -  4.86 16 23 15 26 3303 1 86646 28926 1.7 21 12 8 14 34% 27634 5537 4133 207%
c -  5.12 17 22 15 27 3306 1 91745 30830 1.8 21 12 8 14 35% 27634 5537 4133 207%
c ]  5.31 17 22 16 27 3308 1 95428 34353 1.8 21 12 8 14 35% 27634 5537 4133 207%
c {  5.31 17 24 16 27 3308 4 95428 34353 1.8 19 11 9 13 33% 27634 5537 4133 207%
c -  5.40 17 24 16 28 3455 4 96941 32861 1.8 19 11 9 13 33% 27634 5537 4133 207%
c e  5.55 17 24 16 28 3605 4 99738 35494 1.8 19 11 9 13 34% 28680 6872 3384 169%
c ^  5.55 17 24 16 28 3605 4 99738 35494 1.8 19 11 9 13 34% 28680 6872 3384 169%
c -  5.67 17 24 16 29 3702 4 102233 26665 1.7 19 11 9 13 34% 28680 6872 3384 169%
c -  5.91 17 24 16 30 3974 4 107618 29246 1.8 19 11 9 13 35% 28680 6872 3384 169%
c u  6.02 17 24 16 30 4055 4 108943 30377 1.8 19 11 9 13 35% 28680 6872 3384 169%
c v  6.06 17 24 16 30 4055 4 108943 30148 1.8 19 11 9 13 35% 28680 6872 3384 169%
c w  6.07 17 24 16 30 4055 4 108943 30146 1.8 19 11 9 13 35% 28680 6872 3384 169%
c
c  seconds   switched    rate          size/glue  tier1     binary        remaining
c         MB   reductions  conflicts         size   tier2      irredundant
c          level    restarts      redundant     glue    trail        variables
c
c x  6.09 17 24 16 30 4055 4 108943 30144 1.8 19 11 9 13 35% 28680 6872 3384 169%
c o  6.30 17 24 16 30 4271 4 113036 34028 1.8 19 11 9 13 35% 28680 6872 3384 169%
c -  6.32 19 24 16 31 4285 4 113096 31746 1.8 19 11 9 13 35% 28680 6872 3384 169%
c }  6.35 19 24 17 31 4324 4 113768 32406 1.8 19 11 9 13 35% 28680 6872 3384 169%
c [  6.35 19 22 17 31 4324 1 113768 32406 1.8 21 12 8 14 35% 28680 6872 3384 169%
c I  6.35 19 22 17 31 4324 1 113768 32406 1.8 21 12 8 14 35% 28680 6872 3384 169%
c -  6.58 19 24 17 32 4327 1 118663 33296 1.8 23 13 8 15 36% 28680 6872 3384 169%
c -  6.86 19 25 17 33 4330 1 124321 34004 1.9 24 13 8 15 36% 28680 6872 3384 169%
c -  7.17 19 25 17 34 4333 1 130066 35218 1.9 25 13 8 16 37% 28680 6872 3384 169%
c ]  7.22 19 25 18 34 4334 1 130887 36016 1.9 25 13 8 16 37% 28680 6872 3384 169%
c {  7.22 19 24 18 34 4334 4 130887 36016 1.8 19 11 9 13 35% 28680 6872 3384 169%
c -  7.44 19 23 18 35 4340 4 135896 37273 1.8 19 11 9 13 36% 28680 6872 3384 169%
c u  7.62 24 22 18 35 4340 3 138195 38991 1.7 19 11 9 13 36% 28680 6872 3384 169%
c v  7.67 24 22 18 35 4340 3 138195 37779 1.7 19 11 9 13 36% 28680 6872 3384 169%
c w  7.70 24 22 18 35 4340 3 138195 37752 1.7 19 11 9 13 36% 28680 6872 3384 169%
c -  7.87 22 22 18 36 4350 3 141814 38489 1.7 18 11 9 13 36% 28680 6872 3384 169%
c -  8.16 23 21 18 37 4355 3 147814 35353 1.7 18 10 8 12 37% 28680 6872 3384 169%
c }  8.41 22 20 19 37 4355 3 153232 40202 1.8 18 10 8 12 37% 28680 6872 3384 169%
c [  8.41 22 25 19 37 4355 1 153232 40202 1.9 25 13 8 16 37% 28680 6872 3384 169%
c B  8.41 22 25 19 37 4355 1 153232 40202 1.9 25 13 8 16 37% 28680 6872 3384 169%
c
c  seconds   switched    rate          size/glue  tier1     binary        remaining
c         MB   reductions  conflicts         size   tier2      irredundant
c          level    restarts      redundant     glue    trail        variables
c
c -  8.45 22 26 19 38 4355 1 153896 35279 1.9 25 13 8 16 37% 28680 6872 3384 169%
c -  8.77 23 26 19 39 4360 1 160061 35611 1.9 26 13 8 16 38% 28680 6872 3384 169%
c e  9.01 20 26 19 39 4361 1 164014 39407 1.9 26 14 8 16 38% 30390 8679 2823 141%
c ^  9.02 20 26 19 39 4361 1 164014 39407 1.9 26 14 8 16 38% 30390 8679 2823 141%
c o  9.02 21 26 19 39 4361 1 164014 28708 1.9 26 14 8 16 38% 30390 8679 2823 141%
c -  9.12 22 30 19 40 4362 1 166305 26885 1.8 26 14 8 17 38% 30390 8679 2823 141%
c u  9.43 23 29 19 40 4366 1 171305 31400 1.8 26 14 8 17 39% 30390 8679 2823 141%
c v  9.49 23 29 19 40 4366 1 171305 31193 1.8 26 14 8 17 39% 30390 8679 2823 141%
c w  9.52 23 29 19 40 4366 1 171305 31158 1.8 26 14 8 17 39% 30390 8679 2823 141%
c -  9.64 22 29 19 41 4367 1 172631 28910 1.8 25 14 9 17 39% 30390 8679 2823 141%
c ]  9.69 22 29 20 41 4367 1 173725 29939 1.8 25 14 9 17 39% 30390 8679 2823 141%
c {  9.69 22 20 20 41 4367 3 173725 29939 1.8 18 10 8 12 37% 30390 8679 2823 141%
c -  9.94 22 20 20 42 4678 3 179034 31777 1.8 18 10 8 12 37% 30390 8679 2823 141%
c - 10.26 23 20 20 43 5293 3 185514 34023 1.7 18 10 8 12 38% 30390 8679 2823 141%
c - 10.59 23 20 20 44 5679 3 192073 35772 1.7 18 10 8 12 39% 30390 8679 2823 141%
c - 10.93 23 20 20 45 6249 3 198708 37222 1.7 18 10 8 12 39% 30390 8679 2823 141%
c } 11.02 23 20 21 45 6388 3 200464 38887 1.7 18 10 8 12 39% 30390 8679 2823 141%
c [ 11.02 23 29 21 45 6388 1 200464 38887 1.8 25 14 9 17 39% 30390 8679 2823 141%
c W 11.04 19 29 21 45 6388 1 200464 38887 1.8 25 14 9 17 39% 30390 8679 2823 141%
c - 11.28 19 28 21 46 6391 1 205416 38408 1.8 25 14 9 17 40% 30390 8679 2823 141%
c
c  seconds   switched    rate          size/glue  tier1     binary        remaining
c         MB   reductions  conflicts         size   tier2      irredundant
c          level    restarts      redundant     glue    trail        variables
c
c u 11.50 24 28 21 46 6393 1 208153 40417 1.8 25 14 9 17 40% 30390 8679 2823 141%
c v 11.57 24 28 21 46 6393 1 208153 40373 1.8 25 14 9 17 40% 30390 8679 2823 141%
c w 11.60 26 28 21 46 6393 1 208153 40353 1.8 25 14 9 17 40% 30390 8679 2823 141%
c - 11.83 22 27 21 47 6394 1 212198 38966 1.8 25 14 9 17 40% 30390 8679 2823 141%
c - 12.21 23 27 21 48 6400 1 219055 40071 1.8 25 14 9 16 41% 30390 8679 2823 141%
c O 12.54 24 26 21 48 6401 1 224690 45435 1.8 25 14 9 16 41% 30390 8679 2823 141%
c o 12.54 24 26 21 48 6401 1 224690 45435 1.8 25 14 9 16 41% 30390 8679 2823 141%
c ] 12.57 22 26 22 48 6402 1 225386 46108 1.8 25 14 9 16 41% 30390 8679 2823 141%
c { 12.57 22 20 22 48 6402 3 225386 46108 1.7 18 10 8 12 39% 30390 8679 2823 141%
c - 12.64 24 20 22 49 6555 3 225983 40498 1.7 18 10 8 12 40% 30390 8679 2823 141%
c - 13.36 24 24 22 50 8442 4 232983 40601 1.8 19 11 8 12 40% 30390 8679 2823 141%
c - 14.10 24 27 22 51 10269 5 240055 40716 1.8 20 11 8 12 40% 30390 8679 2823 141%
c - 14.81 24 29 22 52 11731 6 247197 41152 1.8 20 11 8 13 41% 30390 8679 2823 141%
c e 14.99 21 30 22 52 12013 6 248574 42524 1.8 20 11 8 13 41% 33094 11299 2386 119%
c ! 15.00 21 30 22 52 12013 6 248574 42524 1.8 20 11 8 13 41% 33094 11299 2386 119%
c u 15.17 20 30 22 52 12102 6 248992 25314 1.8 20 12 8 13 41% 33094 11299 2386 119%
c v 15.28 20 30 22 52 12102 6 248992 25086 1.8 20 12 8 13 41% 33094 11299 2386 119%
c w 15.32 20 30 22 52 12102 6 248992 25067 1.8 20 12 8 13 41% 33094 11299 2386 119%
c f 15.91 20 30 22 52 12102 6 248992 25067 1.8 20 12 8 13 41% 32586 11212 2420 121%
c u 16.00 20 30 22 52 12102 6 248992 23698 1.8 20 12 8 13 41% 32586 11212 2420 121%
c
c  seconds   switched     rate          size/glue  tier1     binary         remaining
c         MB   reductions   conflicts         size   tier2       irredundant
c          level    restarts       redundant     glue    trail         variables
c
c v 16.08 20 30 22 52 12102 6 248992 23512 1.8 20 12 8 13 41% 32586 11212 2420 121%
c w 16.11 20 30 22 52 12102 6 248992 23492 1.8 20 12 8 13 41% 32586 11212 2420 121%
c x 16.17 20 30 22 52 12102 6 248992 23491 1.8 20 12 8 13 41% 32586 11212 2420 121%
c - 16.64 20 31 22 53 13127 6 254409 24832 1.8 21 12 8 13 41% 32586 11212 2420 121%
c } 16.85 20 32 23 53 13595 7 256902 27307 1.8 21 12 8 13 42% 32586 11212 2420 121%
c [ 16.85 20 26 23 53 13595 1 256902 27307 1.8 25 14 9 16 41% 32586 11212 2420 121%
c B 16.85 20 26 23 53 13595 1 256902 27307 1.8 25 14 9 16 41% 32586 11212 2420 121%
c - 17.09 20 26 23 54 13598 1 261691 27641 1.8 25 14 9 17 42% 32586 11212 2420 121%
c - 17.50 20 26 23 55 13601 1 269040 30129 1.8 25 14 9 17 43% 32586 11212 2420 121%
c - 17.94 20 25 23 56 13607 1 276457 32331 1.8 24 14 9 16 43% 32586 11212 2420 121%
c - 18.37 20 25 23 57 13609 1 283940 33936 1.8 24 14 9 17 44% 32586 11212 2420 121%
c W 18.64 14 25 23 57 13609 1 288352 38186 1.8 24 14 9 17 44% 32586 11212 2420 121%
c - 18.81 15 25 23 58 13611 1 291489 34534 1.8 24 14 9 17 45% 32586 11212 2420 121%
c u 19.03 21 25 23 58 13612 1 293626 36189 1.8 24 14 9 17 45% 32586 11212 2420 121%
c v 19.14 23 25 23 58 13612 1 293626 35789 1.8 24 14 9 17 45% 32586 11212 2420 121%
c w 19.18 23 25 23 58 13612 1 293626 34813 1.8 24 14 9 17 45% 32586 11212 2420 121%
c o 19.32 18 25 23 58 13615 1 295838 36897 1.8 24 14 9 17 45% 32586 11212 2420 121%
c - 19.48 19 29 23 59 13616 1 299105 33757 1.8 25 14 9 17 45% 32586 11212 2420 121%
c - 19.88 20 28 23 60 13620 1 306787 34745 1.8 25 14 9 17 46% 32586 11212 2420 121%
c ] 20.20 19 28 24 60 13623 1 312629 40343 1.8 25 14 9 17 46% 32586 11212 2420 121%
c
c  seconds   switched     rate          size/glue  tier1     binary         remaining
c         MB   reductions   conflicts         size   tier2       irredundant
c          level    restarts       redundant     glue    trail         variables
c
c { 20.20 19 32 24 60 13623 7 312629 40343 1.8 21 12 8 13 42% 32586 11212 2420 121%
c - 20.30 20 32 24 61 13638 7 314533 36660 1.8 21 12 8 13 42% 32586 11212 2420 121%
c - 20.69 19 30 24 62 13691 6 322344 38767 1.8 21 12 8 13 42% 32586 11212 2420 121%
c - 21.07 20 29 24 63 13718 6 330218 40224 1.8 21 12 8 13 43% 32586 11212 2420 121%
c - 21.48 20 28 24 64 13823 5 338155 42359 1.8 21 11 8 13 43% 32586 11212 2420 121%
c u 21.80 23 28 24 64 13853 5 342379 45808 1.8 21 11 8 13 44% 32586 11212 2420 121%
c v 21.90 23 28 24 64 13853 5 342379 45760 1.8 21 11 8 13 44% 32586 11212 2420 121%
c w 21.94 23 28 24 64 13853 5 342379 45684 1.8 21 11 8 13 44% 32586 11212 2420 121%
c - 22.14 19 27 24 65 13887 5 346156 43841 1.8 20 11 8 13 44% 32586 11212 2420 121%
c } 22.28 20 27 25 65 13916 5 349306 46656 1.8 20 11 8 13 44% 32586 11212 2420 121%
c [ 22.28 20 28 25 65 13916 1 349306 46656 1.8 25 14 9 17 46% 32586 11212 2420 121%
c I 22.28 20 28 25 65 13916 1 349306 46656 1.8 25 14 9 17 46% 32586 11212 2420 121%
c - 22.53 20 29 25 66 13919 1 354220 45238 1.8 25 14 9 17 46% 32586 11212 2420 121%
c e 22.56 17 29 25 66 13920 1 354621 45622 1.8 25 14 9 17 46% 32585 11228 2419 121%
c - 22.99 20 28 25 67 13923 1 362345 45922 1.8 25 14 9 17 46% 32585 11228 2419 121%
c - 23.47 21 27 25 68 13929 1 370531 48070 1.8 25 14 9 17 46% 32585 11228 2419 121%
c - 23.97 22 26 25 69 13930 1 378778 49713 1.8 25 14 9 17 47% 32585 11228 2419 121%
c ] 24.07 22 26 26 69 13930 1 380348 51195 1.8 24 14 9 17 47% 32585 11228 2419 121%
c { 24.07 22 27 26 69 13930 5 380348 51195 1.8 20 11 8 13 44% 32585 11228 2419 121%
c o 24.32 23 26 26 69 13933 5 384695 55148 1.8 20 11 8 13 44% 32585 11228 2419 121%
c
c  seconds   switched     rate          size/glue  tier1     binary         remaining
c         MB   reductions   conflicts         size   tier2       irredundant
c          level    restarts       redundant     glue    trail         variables
c
c - 24.46 22 26 26 70 13977 5 387085 51361 1.8 20 11 8 13 44% 32585 11228 2419 121%
c u 25.00 25 25 26 70 14082 4 395326 57957 1.8 20 11 8 13 45% 32585 11228 2419 121%
c v 25.12 25 25 26 70 14082 4 395326 55258 1.8 20 11 8 13 45% 32585 11228 2419 121%
c w 25.16 25 25 26 70 14082 4 395326 54414 1.8 20 11 8 13 45% 32585 11228 2419 121%
c - 25.20 22 25 26 71 14104 4 395451 50304 1.8 20 11 8 13 45% 32585 11228 2419 121%
c - 25.61 23 24 26 72 14177 4 403879 53445 1.8 20 11 8 13 45% 32585 11228 2419 121%
c - 26.04 25 23 26 73 14189 4 412364 55100 1.8 19 11 8 13 45% 32585 11228 2419 121%
c - 26.48 23 22 26 74 14240 4 420908 56970 1.8 19 11 8 12 46% 32585 11228 2419 121%
c } 26.56 23 22 27 74 14240 4 422566 58408 1.8 19 11 8 12 46% 32585 11228 2419 121%
c [ 26.56 23 26 27 74 14240 1 422566 58408 1.8 24 14 9 17 47% 32585 11228 2419 121%
c B 26.56 23 26 27 74 14240 1 422566 58408 1.8 24 14 9 17 47% 32585 11228 2419 121%
c - 26.94 25 27 27 75 14245 1 429510 57794 1.8 25 14 9 17 47% 32585 11228 2419 121%
c - 27.48 25 27 27 76 14249 1 438170 58354 1.9 26 14 9 17 47% 32585 11228 2419 121%
c - 28.06 23 27 27 77 14253 1 446887 59892 1.9 26 14 9 17 47% 32585 11228 2419 121%
c u 28.61 26 28 27 77 14254 1 452519 65351 1.9 27 14 9 17 47% 32585 11228 2419 121%
c v 28.74 26 28 27 77 14254 1 452519 65341 1.9 27 14 9 17 47% 32585 11228 2419 121%
c w 28.80 27 28 27 77 14254 1 452519 65338 1.9 27 14 9 17 47% 32585 11228 2419 121%
c - 29.03 23 28 27 78 14255 1 455662 60998 2.0 27 14 9 17 47% 32585 11228 2419 121%
c ] 29.15 23 28 28 78 14257 1 457764 63054 2.0 27 14 9 17 47% 32585 11228 2419 121%
c { 29.15 23 22 28 78 14257 4 457764 63054 1.8 19 11 8 12 46% 32585 11228 2419 121%
c
c  seconds   switched     rate          size/glue  tier1     binary         remaining
c         MB   reductions   conflicts         size   tier2       irredundant
c          level    restarts       redundant     glue    trail         variables
c
c - 29.55 23 22 28 79 14437 3 464493 62742 1.8 19 11 8 12 46% 32585 11228 2419 121%
c - 30.08 25 22 28 80 14806 3 473384 64849 1.8 19 11 8 12 46% 32585 11228 2419 121%
c o 30.40 23 21 28 80 14831 3 479716 70522 1.7 19 11 8 12 46% 32585 11228 2419 121%
c - 30.56 25 21 28 81 14882 3 482329 66834 1.8 19 11 8 12 46% 32585 11228 2419 121%
c - 31.05 25 21 28 82 15005 3 491329 69173 1.8 19 11 8 12 46% 32585 11228 2419 121%
c - 31.56 25 20 28 83 15170 3 500384 71244 1.8 18 11 8 12 46% 32585 11228 2419 121%
c } 31.88 25 20 29 83 15357 3 505903 76364 1.7 18 11 8 12 47% 32585 11228 2419 121%
c [ 31.88 25 28 29 83 15357 1 505903 76364 2.0 27 14 9 17 47% 32585 11228 2419 121%
c W 31.94 18 28 29 83 15357 1 505903 76364 2.0 27 14 9 17 47% 32585 11228 2419 121%
c - 32.14 21 28 29 84 15359 1 509494 72878 1.9 27 14 9 17 48% 32585 11228 2419 121%
c u 32.55 23 27 29 84 15362 1 514034 76733 1.9 27 14 9 17 48% 32585 11228 2419 121%
c v 32.68 23 27 29 84 15362 1 514034 76168 1.9 27 14 9 17 48% 32585 11228 2419 121%
c w 32.73 23 27 29 84 15362 1 514034 76040 1.9 27 14 9 17 48% 32585 11228 2419 121%
c - 33.06 27 27 29 85 15364 1 518659 74220 1.9 27 14 9 17 48% 32585 11228 2419 121%
c - 33.66 30 26 29 86 15370 1 527878 76216 1.9 26 14 9 17 48% 32585 11228 2419 121%
c - 34.27 30 25 29 87 15371 1 537151 76991 1.9 26 13 9 17 48% 32585 11228 2419 121%
c - 34.93 30 25 29 88 15377 1 546478 77613 1.9 25 13 9 17 49% 32585 11228 2419 121%
c ] 35.07 30 25 30 88 15378 1 548600 79648 1.9 25 13 9 17 49% 32585 11228 2419 121%
c { 35.07 30 20 30 88 15378 3 548600 79648 1.7 18 11 8 12 47% 32585 11228 2419 121%
c - 35.53 30 20 30 89 15642 3 555859 78054 1.7 18 10 8 12 47% 32585 11228 2419 121%
c
c  seconds   switched     rate          size/glue  tier1     binary         remaining
c         MB   reductions   conflicts         size   tier2       irredundant
c          level    restarts       redundant     glue    trail         variables
c
c - 36.09 30 20 30 90 15840 3 565293 79099 1.7 18 10 8 12 47% 32585 11228 2419 121%
c - 36.62 30 20 30 91 16004 3 574779 80289 1.7 18 10 8 12 47% 32585 11228 2419 121%
c u 37.08 31 19 30 91 16117 3 579923 84708 1.7 18 10 8 12 47% 32585 11228 2419 121%
c v 37.21 32 19 30 91 16117 3 579923 83762 1.7 18 10 8 12 47% 32585 11228 2419 121%
c w 37.25 32 19 30 91 16117 3 579923 83545 1.7 18 10 8 12 47% 32585 11228 2419 121%
c o 37.35 32 19 30 91 16117 3 579923 83545 1.7 18 10 8 12 47% 32585 11228 2419 121%
c - 37.63 30 19 30 92 16328 3 584319 79942 1.7 18 10 8 12 47% 32585 11228 2419 121%
c - 38.23 30 19 30 93 16662 3 593910 81517 1.7 18 10 8 12 47% 32585 11228 2419 121%
c } 38.82 30 19 31 93 17156 3 603034 90116 1.7 18 10 8 12 47% 32585 11228 2419 121%
c [ 38.82 30 25 31 93 17156 1 603034 90116 1.9 25 13 9 17 49% 32585 11228 2419 121%
c O 38.82 30 25 31 93 17156 1 603034 90116 1.9 25 13 9 17 49% 32585 11228 2419 121%
c - 38.87 30 25 31 94 17156 1 603554 83322 1.9 25 13 9 17 49% 32585 11228 2419 121%
c - 39.48 30 24 31 95 17162 1 613249 83464 1.9 25 13 9 17 49% 32585 11228 2419 121%
c - 40.18 30 24 31 96 17168 1 622996 82818 1.9 25 13 9 16 49% 32585 11228 2419 121%
c - 40.92 31 23 31 97 17170 1 632793 83174 1.9 25 13 9 16 49% 32585 11228 2419 121%
c - 41.70 31 23 31 98 17176 1 642642 84388 1.9 25 13 9 16 50% 32585 11228 2419 121%
c ] 42.11 31 23 32 98 17178 1 648721 90123 1.9 25 13 9 16 50% 32585 11228 2419 121%
c { 42.11 31 19 32 98 17178 3 648721 90123 1.7 18 10 8 12 47% 32585 11228 2419 121%
c u 42.45 32 19 32 98 17207 3 650238 89646 1.7 18 10 8 12 47% 32585 11228 2419 121%
c v 42.63 32 19 32 98 17207 3 650238 83946 1.7 18 10 8 12 47% 32585 11228 2419 121%
c
c  seconds   switched     rate          size/glue  tier1     binary         remaining
c         MB   reductions   conflicts         size   tier2       irredundant
c          level    restarts       redundant     glue    trail         variables
c
c w 42.71 32 19 32 98 17207 3 650238 79497 1.7 18 10 8 12 47% 32585 11228 2419 121%
c - 42.90 31 19 32 99 17347 3 652542 75586 1.7 18 10 8 12 47% 32585 11228 2419 121%
c - 43.55 31 19 32 100 17747 3 662491 79930 1.7 18 10 8 12 47% 32585 11228 2419 121%
c - 44.19 31 19 32 101 18150 3 672492 82544 1.7 18 10 8 12 47% 32585 11228 2419 121%
c - 44.79 31 19 32 102 18370 3 682541 83620 1.7 18 10 8 12 47% 32585 11228 2419 121%
c o 45.21 31 19 32 102 18522 3 689929 90112 1.7 18 10 8 12 47% 32585 11228 2419 121%
c - 45.41 31 19 32 103 18701 3 692640 84057 1.7 18 10 8 12 47% 32585 11228 2419 121%
c - 46.04 31 19 32 104 19087 3 702788 84396 1.7 17 10 8 12 47% 32585 11228 2419 121%
c } 46.48 31 19 33 104 19385 3 709826 90853 1.7 17 10 8 12 47% 32585 11228 2419 121%
c [ 46.48 31 23 33 104 19385 1 709826 90853 1.9 25 13 9 16 50% 32585 11228 2419 121%
c B 46.48 31 23 33 104 19385 1 709826 90853 1.9 25 13 9 16 50% 32585 11228 2419 121%
c - 46.69 31 23 33 105 19387 1 712986 84566 1.9 25 13 9 16 50% 32585 11228 2419 121%
c - 47.37 31 23 33 106 19393 1 723233 84682 1.9 25 13 9 16 50% 32585 11228 2419 121%
c u 47.72 32 23 33 106 19394 1 725028 86274 1.9 25 13 9 16 50% 32585 11228 2419 121%
c v 47.91 32 23 33 106 19394 1 725028 86222 1.9 25 13 9 16 50% 32585 11228 2419 121%
c w 47.98 35 23 33 106 19394 1 725028 85994 1.9 25 13 9 16 50% 32585 11228 2419 121%
c - 48.63 31 24 33 107 19398 1 733528 84200 1.9 25 13 9 16 50% 32585 11228 2419 121%
c - 49.38 31 23 33 108 19401 1 743872 84687 1.9 25 13 9 16 50% 32585 11228 2419 121%
c - 50.15 31 24 33 109 19406 1 754265 85329 1.9 26 14 9 17 50% 32585 11228 2419 121%
c ] 50.76 31 23 34 109 19412 1 762320 93018 1.9 26 14 9 17 50% 32585 11228 2419 121%
c
c  seconds   switched      rate          size/glue  tier1     binary         remaining
c         MB   reductions    conflicts         size   tier2       irredundant
c          level     restarts       redundant     glue    trail         variables
c
c { 50.76 31 19 34 109 19412 3 762320 93018 1.7 17 10 8 12 47% 32585 11228 2419 121%
c - 50.96 31 18 34 110 19414 3 764706 85707 1.7 17 10 8 12 47% 32585 11228 2419 121%
c - 51.63 31 18 34 111 19424 2 775198 85566 1.7 17 10 8 12 48% 32585 11228 2419 121%
c - 52.27 29 17 34 112 19443 2 785733 84913 1.7 17 10 8 12 48% 32585 11228 2419 121%
c - 52.89 31 16 34 113 19454 2 796316 84519 1.7 17 10 8 12 48% 32585 11228 2419 121%
c u 53.60 35 16 34 113 19469 2 804346 88465 1.7 17 10 8 12 48% 32585 11228 2419 121%
c v 53.80 35 16 34 113 19469 2 804346 85474 1.7 17 10 8 12 48% 32585 11228 2419 121%
c w 53.87 35 16 34 113 19469 2 804346 85275 1.7 17 10 8 12 48% 32585 11228 2419 121%
c - 54.06 31 16 34 114 19469 2 806947 79184 1.7 16 10 8 12 48% 32585 11228 2419 121%
c o 54.37 31 16 34 114 19472 2 812042 83184 1.7 16 10 8 12 48% 32585 11228 2419 121%
c - 54.71 31 15 34 115 19482 2 817624 82416 1.7 16 10 8 12 48% 32585 11228 2419 121%
c - 55.37 31 15 34 116 19494 2 828348 87125 1.7 16 10 8 12 48% 32585 11228 2419 121%
c } 55.50 31 15 35 116 19494 2 830467 88868 1.7 16 10 8 12 48% 32585 11228 2419 121%
c [ 55.50 31 23 35 116 19494 1 830467 88868 1.9 26 14 9 17 50% 32585 11228 2419 121%
c W 55.66 24 23 35 116 19494 1 830467 88868 1.9 26 14 9 17 50% 32585 11228 2419 121%
c - 56.22 30 23 35 117 19500 1 839119 91148 1.9 25 13 9 16 50% 32585 11228 2419 121%
c - 56.97 30 23 35 118 19506 1 849938 95583 1.9 25 13 8 16 50% 32585 11228 2419 121%
c - 57.77 32 22 35 119 19508 1 860800 97083 1.9 25 13 8 16 50% 32585 11228 2419 121%
c - 58.62 32 22 35 120 19515 1 871709 96376 1.9 25 13 8 16 50% 32585 11228 2419 121%
c - 59.48 32 22 35 121 19521 1 882663 94437 1.8 25 13 8 16 50% 32585 11228 2419 121%
c
c  seconds   switched      rate          size/glue  tier1     binary         remaining
c         MB   reductions    conflicts         size   tier2       irredundant
c          level     restarts       redundant     glue    trail         variables
c
c ] 59.81 32 22 36 121 19522 1 886958 98433 1.8 25 13 8 16 50% 32585 11228 2419 121%
c { 59.81 32 15 36 121 19522 2 886958 98433 1.7 16 10 8 12 48% 32585 11228 2419 121%
c u 60.19 43 15 36 121 19679 2 888241 99386 1.7 16 10 8 12 48% 32585 11228 2419 121%
c v 60.41 43 15 36 121 19679 2 888241 98241 1.7 16 10 8 12 48% 32585 11228 2419 121%
c w 60.50 43 15 36 121 19679 2 888241 97544 1.7 16 10 8 12 48% 32585 11228 2419 121%
c - 61.02 39 15 36 122 20316 2 893663 91865 1.7 16 10 8 12 48% 32585 11228 2419 121%
c - 61.92 40 16 36 123 21461 2 904708 92469 1.7 16 10 8 12 48% 32585 11228 2419 121%
c - 62.86 39 16 36 124 22712 2 915798 92849 1.7 16 10 8 12 48% 32585 11228 2419 121%
c - 63.59 40 16 36 125 23130 2 926934 92764 1.7 16 10 8 12 48% 32585 11228 2419 121%
c - 64.36 39 16 36 126 23748 2 938115 94017 1.7 16 10 8 12 48% 32585 11228 2419 121%
c o 64.66 39 17 36 126 24127 2 942045 97678 1.6 16 10 8 12 48% 32585 11228 2419 121%
c - 65.28 40 17 36 127 25033 3 949339 96930 1.6 16 10 8 12 48% 32585 11228 2419 121%
c - 66.16 39 17 36 128 25941 3 960609 100081 1.7 17 10 8 12 48% 32585 11228 2419 121%
c } 66.32 40 17 37 128 26112 3 962514 101864 1.7 17 10 8 12 48% 32585 11228 2419 121%
c [ 66.32 40 22 37 128 26112 1 962514 101864 1.8 25 13 8 16 50% 32585 11228 2419 121%
c I 66.32 40 22 37 128 26112 1 962514 101864 1.8 25 13 8 16 50% 32585 11228 2419 121%
c - 66.89 40 22 37 129 26118 1 971922 101602 1.9 25 13 8 16 50% 32585 11228 2419 121%
c u 67.50 43 22 37 129 26120 1 976766 105958 1.9 25 13 8 16 50% 32585 11228 2419 121%
c v 67.75 43 22 37 129 26120 1 976766 105550 1.9 25 13 8 16 50% 32585 11228 2419 121%
c w 67.84 43 22 37 129 26120 1 976766 105455 1.9 25 13 8 16 50% 32585 11228 2419 121%
c
c  seconds   switched      rate           size/glue  tier1     binary         remaining
c         MB   reductions    conflicts          size   tier2       irredundant
c          level     restarts       redundant      glue    trail         variables
c
c - 68.35 41 22 37 130 26125 1 983280 102696 1.9 25 13 8 16 50% 32585 11228 2419 121%
c - 69.16 41 22 37 131 26126 1 994682 102890 1.9 25 13 8 16 50% 32585 11228 2419 121%
c - 70.04 42 21 37 132 26133 1 1006129 102126 1.9 25 13 8 16 50% 32585 11228 2419 121%
c - 70.96 41 21 37 133 26140 1 1017619 101204 1.9 25 13 8 16 50% 32585 11228 2419 121%
c - 71.96 42 21 37 134 26142 1 1029151 100455 1.9 24 13 8 16 49% 32585 11228 2419 121%
c B 72.05 39 21 37 134 26142 1 1030196 101363 1.9 24 13 8 16 49% 32585 11228 2419 121%
c ] 72.63 41 22 38 134 26142 1 1039296 110210 1.9 25 13 8 16 49% 32585 11228 2419 121%
c { 72.63 41 17 38 134 26142 3 1039296 110210 1.7 17 10 8 12 48% 32585 11228 2419 121%
c - 72.87 41 18 38 135 26443 3 1040729 98612 1.7 17 10 8 12 48% 32585 11228 2419 121%
c - 74.66 42 22 38 136 28912 4 1052347 96019 1.7 18 11 8 12 48% 32585 11228 2419 121%
c - 76.60 42 25 38 137 31398 5 1064008 95210 1.7 19 11 8 12 48% 32585 11228 2419 121%
c u 77.99 45 27 38 137 32663 5 1069973 100849 1.7 20 12 8 12 48% 32585 11228 2419 121%
c v 78.32 45 27 38 137 32663 5 1069973 100478 1.7 20 12 8 12 48% 32585 11228 2419 121%
c w 78.45 45 27 38 137 32663 5 1069973 100457 1.7 20 12 8 12 48% 32585 11228 2419 121%
c - 80.79 42 28 38 138 33843 5 1075713 94558 1.7 21 12 8 12 48% 32585 11228 2419 121%
c o 81.77 41 30 38 138 35051 6 1082061 100861 1.7 21 12 8 12 48% 32585 11228 2419 121%
c - 82.69 42 31 38 139 36097 6 1087461 94999 1.8 22 12 8 12 48% 32585 11228 2419 121%
c - 84.61 42 33 38 140 38386 6 1099250 95466 1.8 23 13 8 12 48% 32585 11228 2419 121%
c - 86.45 42 35 38 141 40514 7 1111082 95070 1.8 23 13 8 12 48% 32585 11228 2419 121%
c } 88.24 42 37 39 141 42668 7 1122629 106550 1.8 24 13 8 12 48% 32585 11228 2419 121%
c
c  seconds   switched      rate            size/glue  tier1     binary         remaining
c         MB   reductions     conflicts          size   tier2       irredundant
c          level     restarts        redundant      glue    trail         variables
c
c [ 88.24 42 22 39 141 42668 1 1122629 106550 1.9 25 13 8 16 49% 32585 11228 2419 121%
c W 88.58 34 22 39 141 42668 1 1122629 106550 1.9 25 13 8 16 49% 32585 11228 2419 121%
c - 88.62 34 22 39 142 42668 1 1122956 93735 1.9 25 13 8 16 49% 32585 11228 2419 121%
c - 89.40 34 22 39 143 42674 1 1134874 93144 1.9 25 13 8 16 49% 32585 11228 2419 121%
c - 90.23 34 21 39 144 42681 1 1146832 94767 1.9 24 13 8 16 49% 32585 11228 2419 121%
c - 91.13 34 21 39 145 42685 1 1158832 95374 1.9 24 13 8 16 49% 32585 11228 2419 121%
c u 92.21 45 21 39 145 42690 1 1167886 103617 1.9 24 13 8 16 49% 32585 11228 2419 121%
c v 92.53 45 21 39 145 42690 1 1167886 101980 1.9 24 13 8 16 49% 32585 11228 2419 121%
c w 92.65 45 21 39 145 42690 1 1167886 100848 1.9 24 13 8 16 49% 32585 11228 2419 121%
c - 93.08 41 21 39 146 42692 1 1170873 92297 1.9 24 13 8 16 49% 32585 11228 2419 121%
c - 94.07 42 21 39 147 42697 1 1182957 90783 1.9 24 13 8 16 49% 32585 11228 2419 121%
c - 95.11 41 21 39 148 42698 1 1195083 90236 1.9 24 13 8 16 49% 32585 11228 2419 121%
c O 95.60 41 21 39 148 42698 1 1201057 95944 1.9 24 13 8 16 49% 32585 11228 2419 121%
c - 96.14 42 20 39 149 42701 1 1207248 90556 1.9 23 13 8 16 49% 32585 11228 2419 121%
c - 97.10 41 20 39 150 42708 1 1219454 93321 1.9 23 12 8 16 49% 32585 11228 2419 121%
c - 98.12 41 20 39 151 42713 1 1231702 94758 1.9 23 12 8 15 49% 32585 11228 2419 121%
c - 99.23 42 20 39 152 42719 1 1243990 95087 1.9 23 12 8 15 49% 32585 11228 2419 121%
c - 100.39 42 19 39 153 42726 1 1256319 94461 1.8 22 12 8 15 49% 32585 11228 2419 121%
c - 101.42 41 20 39 154 42728 1 1268689 94773 1.8 22 12 8 15 49% 32585 11228 2419 121%
c u 102.00 45 19 39 154 42729 1 1270555 92342 1.8 22 12 8 15 49% 32585 11228 2419 121%
c
c  seconds    switched      rate           size/glue  tier1     binary         remaining
c          MB   reductions     conflicts         size   tier2       irredundant
c           level     restarts        redundant     glue    trail         variables
c
c v 102.36 45 19 39 154 42729 1 1270555 87622 1.8 22 12 8 15 49% 32585 11228 2419 121%
c w 102.49 45 19 39 154 42729 1 1270555 86087 1.8 22 12 8 15 49% 32585 11228 2419 121%
c o 102.51 45 19 39 154 42729 1 1270555 86087 1.8 22 12 8 15 49% 32585 11228 2419 121%
c ] 102.99 41 29 40 154 42729 1 1276640 92058 1.7 24 14 8 15 49% 32585 11228 2419 121%
c { 102.99 41 37 40 154 42729 7 1276640 92058 1.8 24 13 8 12 48% 32585 11228 2419 121%
c - 103.37 41 36 40 155 42737 7 1281100 86167 1.8 24 13 8 12 48% 32585 11228 2419 121%
c - 104.39 41 34 40 156 42739 6 1293549 86504 1.8 24 13 8 12 48% 32585 11228 2419 121%
c - 105.49 41 32 40 157 42740 6 1306039 87980 1.8 23 13 8 12 48% 32585 11228 2419 121%
c - 106.41 41 30 40 158 42763 5 1318568 88954 1.8 22 12 8 12 48% 32585 11228 2419 121%
c - 107.47 42 28 40 159 42826 5 1331138 90065 1.8 22 12 8 12 48% 32585 11228 2419 121%
c - 108.38 42 27 40 160 42878 4 1343747 91929 1.8 22 12 8 12 48% 32585 11228 2419 121%
c - 109.24 41 26 40 161 42911 4 1356396 93269 1.8 21 12 8 12 48% 32585 11228 2419 121%
c } 110.04 41 25 41 161 43025 4 1368112 103817 1.8 21 12 8 12 48% 32585 11228 2419 121%
c [ 110.04 41 29 41 161 43025 1 1368112 103817 1.7 24 14 8 15 49% 32585 11228 2419 121%
c B 110.04 41 29 41 161 43025 1 1368112 103817 1.7 24 14 8 15 49% 32585 11228 2419 121%
c - 110.12 41 30 41 162 43025 1 1369084 94263 1.7 24 14 8 16 49% 32585 11228 2419 121%
c u 111.15 45 29 41 162 43031 1 1378035 102511 1.7 24 14 8 16 49% 32585 11228 2419 121%
c v 111.46 45 29 41 162 43031 1 1378035 102419 1.7 24 14 8 16 49% 32585 11228 2419 121%
c w 111.57 45 29 41 162 43031 1 1378035 102330 1.7 24 14 8 16 49% 32585 11228 2419 121%
c - 111.91 41 29 41 163 43033 1 1381812 93708 1.7 24 14 8 16 49% 32585 11228 2419 121%
c
c  seconds    switched      rate           size/glue  tier1     binary         remaining
c          MB   reductions     conflicts         size   tier2       irredundant
c           level     restarts        redundant     glue    trail         variables
c
c - 112.97 41 28 41 164 43039 1 1394580 93630 1.8 25 14 8 16 49% 32585 11228 2419 121%
c - 114.05 41 27 41 165 43045 1 1407387 93290 1.8 25 14 8 16 50% 32585 11228 2419 121%
c - 115.19 42 27 41 166 43052 1 1420233 92469 1.8 26 14 8 16 50% 32585 11228 2419 121%
c - 116.26 41 27 41 167 43054 1 1433118 91455 1.9 26 14 8 16 50% 32585 11228 2419 121%
c ] 117.33 41 26 42 167 43055 1 1444983 102851 1.9 26 14 8 16 50% 32585 11228 2419 121%
c { 117.33 41 25 42 167 43055 4 1444983 102851 1.8 21 12 8 12 48% 32585 11228 2419 121%
c o 117.33 41 25 42 167 43059 4 1445021 102889 1.8 21 12 8 12 48% 32585 11228 2419 121%
c - 117.44 41 25 42 168 43072 4 1446042 91289 1.8 21 12 8 12 48% 32585 11228 2419 121%
c - 118.38 42 24 42 169 43208 4 1459005 93751 1.8 20 12 8 12 48% 32585 11228 2419 121%
c - 119.23 41 23 42 170 43296 3 1472005 95468 1.8 20 11 8 12 48% 32585 11228 2419 121%
c - 120.08 42 22 42 171 43398 3 1485043 97487 1.8 20 11 8 12 48% 32585 11228 2419 121%
c u 120.83 45 22 42 171 43443 3 1490322 101626 1.8 20 11 8 12 48% 32585 11228 2419 121%
c v 121.16 47 22 42 171 43443 3 1490322 99932 1.8 20 11 8 12 48% 32585 11228 2419 121%
c w 121.28 47 22 42 171 43443 3 1490322 99535 1.8 20 11 8 12 48% 32585 11228 2419 121%
c - 121.80 41 21 42 172 43517 3 1498119 96908 1.8 20 11 8 12 48% 32585 11228 2419 121%
c - 122.66 41 21 42 173 43615 3 1511235 100199 1.8 19 11 8 12 48% 32585 11228 2419 121%
c - 123.56 42 20 42 174 43841 3 1524387 103824 1.8 19 11 8 12 48% 32585 11228 2419 121%
c - 124.47 43 20 42 175 43916 3 1537578 106325 1.8 19 11 8 12 48% 32585 11228 2419 121%
c } 125.00 42 19 43 175 44034 3 1544958 112953 1.8 19 11 8 12 48% 32585 11228 2419 121%
c [ 125.00 42 26 43 175 44034 1 1544958 112953 1.9 26 14 8 16 50% 32585 11228 2419 121%
c
c  seconds    switched      rate            size/glue  tier1     binary         remaining
c          MB   reductions     conflicts          size   tier2       irredundant
c           level     restarts        redundant      glue    trail         variables
c
c W 125.46 34 26 43 175 44034 1 1544958 112953 1.9 26 14 8 16 50% 32585 11228 2419 121%
c - 125.92 34 26 43 176 44038 1 1550809 108508 1.9 26 14 8 16 50% 32585 11228 2419 121%
c - 127.04 43 25 43 177 44046 1 1564075 111141 1.9 26 14 8 16 50% 32585 11228 2419 121%
c - 128.20 42 24 43 178 44048 1 1577381 112010 1.9 25 14 8 15 50% 32585 11228 2419 121%
c - 129.40 45 23 43 179 44056 1 1590723 112286 1.9 25 13 8 15 50% 32585 11228 2419 121%
c - 130.63 42 23 43 180 44063 1 1604102 111943 1.9 25 13 8 15 50% 32585 11228 2419 121%
c u 131.35 47 23 43 180 44063 1 1607494 114401 1.9 25 13 8 15 50% 32585 11228 2419 121%
c v 131.70 47 23 43 180 44063 1 1607494 110526 1.9 25 13 8 15 50% 32585 11228 2419 121%
c w 131.83 47 23 43 180 44063 1 1607494 107170 1.9 25 13 8 15 50% 32585 11228 2419 121%
c - 132.80 43 22 43 181 44064 1 1617519 107676 1.9 25 13 7 15 50% 32585 11228 2419 121%
c ] 133.11 43 22 44 181 44064 1 1620979 110956 1.9 25 13 7 15 50% 32585 11228 2419 121%
c { 133.11 43 19 44 181 44064 3 1620979 110956 1.8 19 11 8 12 48% 32585 11228 2419 121%
c o 133.12 43 19 44 181 44073 3 1621033 111006 1.8 19 11 8 12 48% 32585 11228 2419 121%
c - 133.87 42 19 44 182 44214 2 1630972 112271 1.8 19 11 8 12 48% 32585 11228 2419 121%
c - 134.89 43 19 44 183 44718 2 1644462 114838 1.8 19 11 8 12 48% 32585 11228 2419 121%
c - 135.87 43 19 44 184 44844 2 1657989 117037 1.8 18 10 8 12 48% 32585 11228 2419 121%
c - 136.91 45 18 44 185 45230 2 1671553 118976 1.7 18 10 8 12 48% 32585 11228 2419 121%
c - 138.06 45 19 44 186 45820 2 1685155 121572 1.7 18 10 8 12 48% 32585 11228 2419 121%
c - 139.16 45 18 44 187 46341 2 1698794 122878 1.7 18 10 8 12 48% 32585 11228 2419 121%
c - 140.26 45 18 44 188 46702 2 1712468 122816 1.7 18 10 8 12 48% 32585 11228 2419 121%
c
c  seconds    switched      rate            size/glue  tier1     binary         remaining
c          MB   reductions     conflicts          size   tier2       irredundant
c           level     restarts        redundant      glue    trail         variables
c
c - 141.49 45 19 44 189 47591 2 1726180 123384 1.7 18 10 8 12 48% 32585 11228 2419 121%
c u 142.15 47 18 44 189 47625 2 1729579 125675 1.7 18 10 8 12 48% 32585 11228 2419 121%
c v 142.51 47 18 44 189 47625 2 1729579 124473 1.7 18 10 8 12 48% 32585 11228 2419 121%
c w 142.64 47 18 44 189 47625 2 1729579 124326 1.7 18 10 8 12 48% 32585 11228 2419 121%
c } 142.71 41 18 45 189 47671 2 1729811 124555 1.7 18 10 8 12 48% 32585 11228 2419 121%
c [ 142.71 41 22 45 189 47671 1 1729811 124555 1.9 25 13 7 15 50% 32585 11228 2419 121%
c I 142.71 41 22 45 189 47671 1 1729811 124555 1.9 25 13 7 15 50% 32585 11228 2419 121%
c - 143.44 45 23 45 190 47677 1 1739931 120719 1.9 25 13 7 15 50% 32585 11228 2419 121%
c - 144.42 47 23 45 191 47684 1 1753715 120320 1.9 25 13 7 15 50% 32585 11228 2419 121%
c - 145.48 44 23 45 192 47689 1 1767535 121536 1.9 25 13 7 15 50% 32585 11228 2419 121%
c - 146.58 47 22 45 193 47698 1 1781393 121899 1.9 25 13 7 15 49% 32585 11228 2419 121%
c - 147.68 44 23 45 194 47700 1 1795286 121848 1.9 26 13 7 15 49% 32585 11228 2419 121%
c - 148.90 45 23 45 195 47701 1 1809214 122493 1.9 25 13 7 15 49% 32585 11228 2419 121%
c - 150.12 44 23 45 196 47708 1 1823182 123880 1.9 26 13 7 15 49% 32585 11228 2419 121%
c o 150.20 44 23 45 196 47709 1 1824102 124774 1.9 26 13 7 15 49% 32585 11228 2419 121%
c B 150.71 47 25 45 196 47714 1 1831589 132100 1.9 26 14 7 15 49% 32585 11228 2419 121%
c ] 151.06 47 26 46 196 47715 1 1836210 136607 1.9 26 14 7 15 49% 32585 11228 2419 121%
c { 151.06 47 18 46 196 47715 2 1836210 136607 1.7 18 10 8 12 48% 32585 11228 2419 121%
c - 151.16 43 18 46 197 47738 2 1837183 123870 1.7 18 10 8 12 48% 32585 11228 2419 121%
c - 152.36 45 18 46 198 48297 2 1851218 126722 1.7 18 10 8 12 48% 32585 11228 2419 121%
c
c  seconds    switched      rate            size/glue  tier1     binary         remaining
c          MB   reductions     conflicts          size   tier2       irredundant
c           level     restarts        redundant      glue    trail         variables
c
c u 153.25 49 18 46 198 48513 2 1856598 131560 1.7 18 10 8 12 48% 32585 11228 2419 121%
c v 153.62 49 18 46 198 48513 2 1856598 131004 1.7 18 10 8 12 48% 32585 11228 2419 121%
c w 153.76 49 18 46 198 48513 2 1856598 130897 1.7 18 10 8 12 48% 32585 11228 2419 121%
c - 154.54 47 19 46 199 48869 2 1865290 130169 1.7 18 10 8 12 48% 32585 11228 2419 121%
c - 155.67 47 18 46 200 49215 2 1879396 132674 1.7 18 10 8 12 48% 32585 11228 2419 121%
c - 156.98 47 18 46 201 49984 2 1893540 133146 1.7 18 10 8 12 48% 32585 11228 2419 121%
c - 158.20 47 18 46 202 50586 2 1907722 133812 1.7 17 10 8 12 48% 32585 11228 2419 121%
c - 159.43 47 18 46 203 51241 2 1921935 133137 1.7 17 10 8 12 48% 32585 11228 2419 121%
c - 160.67 47 18 46 204 51829 2 1936182 133120 1.7 17 10 8 12 48% 32585 11228 2419 121%
c - 161.95 47 18 46 205 52479 3 1950467 133587 1.7 17 10 8 12 48% 32585 11228 2419 121%
c } 162.32 45 18 47 205 52723 3 1954254 137148 1.7 17 10 8 12 48% 32585 11228 2419 121%
c [ 162.32 45 26 47 205 52723 1 1954254 137148 1.9 26 14 7 15 49% 32585 11228 2419 121%
c W 162.94 36 26 47 205 52723 1 1954254 137148 1.9 26 14 7 15 49% 32585 11228 2419 121%
c - 163.76 41 26 47 206 52729 1 1964784 131887 1.9 27 14 7 16 49% 32585 11228 2419 121%
c - 164.94 41 26 47 207 52737 1 1979136 130411 1.9 27 14 7 16 49% 32585 11228 2419 121%
c u 166.23 45 25 47 207 52739 1 1988579 138829 1.9 27 14 7 16 49% 32585 11228 2419 121%
c v 166.64 45 25 47 207 52739 1 1988579 138747 1.9 27 14 7 16 49% 32585 11228 2419 121%
c w 166.80 45 25 47 207 52739 1 1988579 138712 1.9 27 14 7 16 49% 32585 11228 2419 121%
c - 168.07 45 25 47 208 52743 1 1993525 130925 1.9 27 14 7 16 49% 32585 11228 2419 121%
c - 169.42 45 25 47 209 52751 1 2007947 131975 1.9 27 14 7 16 50% 32585 11228 2419 121%
c
c  seconds    switched      rate            size/glue  tier1     binary         remaining
c          MB   reductions     conflicts          size   tier2       irredundant
c           level     restarts        redundant      glue    trail         variables
c
c - 170.83 45 24 47 210 52753 1 2022405 133326 1.9 26 14 7 16 50% 32585 11228 2419 121%
c - 172.22 45 24 47 211 52754 1 2036897 133428 1.9 26 14 7 16 50% 32585 11228 2419 121%
c - 173.68 45 23 47 212 52763 1 2051422 131447 1.9 25 13 7 15 50% 32585 11228 2419 121%
c ] 174.59 45 22 48 212 52767 1 2060759 140033 1.9 25 13 7 15 50% 32585 11228 2419 121%
c { 174.59 45 18 48 212 52767 3 2060759 140033 1.7 17 10 8 12 48% 32585 11228 2419 121%
c o 174.67 45 18 48 212 52771 3 2061630 140783 1.7 17 10 8 12 48% 32585 11228 2419 121%
c - 175.17 45 18 48 213 53124 3 2065982 130809 1.7 17 10 8 12 48% 32585 11228 2419 121%
c - 176.58 45 18 48 214 53958 3 2080576 130065 1.7 17 10 8 12 48% 32585 11228 2419 121%
c - 177.80 45 18 48 215 54342 3 2095204 128924 1.7 17 10 8 12 48% 32585 11228 2419 121%
c - 179.11 45 18 48 216 54875 3 2109867 128573 1.7 17 10 8 12 48% 32585 11228 2419 121%
c - 180.40 45 18 48 217 55473 3 2124564 128967 1.7 17 10 8 12 48% 32585 11228 2419 121%
c u 180.89 45 18 48 217 55511 3 2125576 129793 1.7 17 10 8 12 48% 32585 11228 2419 121%
c v 181.23 45 18 48 217 55511 3 2125576 128855 1.7 17 10 8 12 48% 32585 11228 2419 121%
c w 181.34 45 18 48 217 55511 3 2125576 128729 1.7 17 10 8 12 48% 32585 11228 2419 121%
c - 182.82 45 18 48 218 56289 3 2139294 102460 1.7 17 10 7 12 48% 32585 11228 2419 121%
c - 184.06 45 18 48 219 57146 3 2154060 96747 1.7 17 10 7 12 48% 32585 11228 2419 121%
c - 185.15 45 18 48 220 57552 3 2168860 95293 1.7 17 10 7 12 48% 32585 11228 2419 121%
c - 186.38 45 18 48 221 58280 3 2183692 95487 1.7 17 10 7 12 48% 32585 11228 2419 121%
c } 186.75 45 18 49 221 58496 3 2188369 99601 1.7 17 10 7 12 48% 32585 11228 2419 121%
c [ 186.75 45 22 49 221 58496 1 2188369 99601 1.9 25 13 7 15 50% 32585 11228 2419 121%
c
c  seconds    switched      rate           size/glue  tier1     binary         remaining
c          MB   reductions     conflicts         size   tier2       irredundant
c           level     restarts        redundant     glue    trail         variables
c
c O 186.75 45 22 49 221 58496 1 2188369 99601 1.9 25 13 7 15 50% 32585 11228 2419 121%
c - 187.45 45 22 49 222 58502 1 2198558 96300 1.8 24 13 7 15 50% 32585 11228 2419 121%
c - 188.51 45 21 49 223 58510 1 2213457 96910 1.8 24 13 7 15 50% 32585 11228 2419 121%
c - 189.75 45 21 49 224 58516 1 2228390 96332 1.8 24 13 7 15 50% 32585 11228 2419 121%
c - 191.11 45 21 49 225 58524 1 2243359 95266 1.8 24 13 7 15 50% 32585 11228 2419 121%
c - 192.40 45 21 49 226 58526 1 2258359 95774 1.8 23 13 7 15 50% 32585 11228 2419 121%
c u 193.65 45 21 49 226 58526 1 2267609 102744 1.8 23 13 7 15 50% 32585 11228 2419 121%
c v 194.08 45 21 49 226 58526 1 2267609 99707 1.8 23 13 7 15 50% 32585 11228 2419 121%
c w 194.24 45 21 49 226 58526 1 2267609 97997 1.8 23 13 7 15 50% 32585 11228 2419 121%
c o 194.27 45 21 49 226 58526 1 2267609 97997 1.8 23 13 7 15 50% 32585 11228 2419 121%
c - 194.72 45 25 49 227 58529 1 2273394 89816 1.8 24 14 7 15 50% 32585 11228 2419 121%
c - 195.88 45 25 49 228 58538 1 2288460 90333 1.7 24 14 7 15 50% 32585 11228 2419 121%
c - 197.14 45 24 49 229 58542 1 2303559 90682 1.7 23 13 7 15 50% 32585 11228 2419 121%
c B 197.59 45 23 49 229 58546 1 2309203 95810 1.7 23 13 7 15 50% 32585 11228 2419 121%
c ] 197.85 45 23 50 229 58548 1 2312887 99299 1.7 23 13 7 15 50% 32585 11228 2419 121%
c { 197.85 45 18 50 229 58548 3 2312887 99299 1.7 17 10 7 12 48% 32585 11228 2419 121%
c - 198.25 45 18 50 230 58555 2 2318692 90926 1.7 17 10 7 12 48% 32585 11228 2419 121%
c - 199.35 45 17 50 231 58562 2 2333857 90001 1.7 17 10 7 12 48% 32585 11228 2419 121%
c - 200.42 45 16 50 232 58568 2 2349055 91089 1.7 17 10 7 12 48% 32585 11228 2419 121%
c - 201.47 45 15 50 233 58634 2 2364287 91715 1.7 16 10 7 12 48% 32585 11228 2419 121%
c
c  seconds    switched      rate           size/glue  tier1     binary         remaining
c          MB   reductions     conflicts         size   tier2       irredundant
c           level     restarts        redundant     glue    trail         variables
c
c - 202.58 45 15 50 234 58650 2 2379554 92297 1.7 16 10 7 12 48% 32585 11228 2419 121%
c - 203.61 45 14 50 235 58690 2 2394851 91602 1.6 16 10 7 12 48% 32585 11228 2419 121%
c - 204.64 45 14 50 236 58772 2 2410180 92263 1.6 15 9 7 12 48% 32585 11228 2419 121%
c u 205.35 45 14 50 236 58785 2 2414732 93797 1.6 15 9 7 12 48% 32585 11228 2419 121%
c v 205.75 45 14 50 236 58785 2 2414732 88759 1.6 15 9 7 12 48% 32585 11228 2419 121%
c w 205.83 45 14 50 236 58785 2 2414732 88612 1.6 15 9 7 12 48% 32585 11228 2419 121%
c - 206.60 45 13 50 237 58828 2 2425542 89827 1.6 15 9 7 12 48% 32585 11228 2419 121%
c - 207.70 45 13 50 238 58858 2 2440936 94315 1.6 15 9 7 12 48% 32585 11228 2419 121%
c } 208.37 45 13 51 238 58892 1 2450413 101693 1.6 15 9 7 12 48% 32585 11228 2419 121%
c [ 208.37 45 23 51 238 58892 1 2450413 101693 1.7 23 13 7 15 50% 32585 11228 2419 121%
c W 209.19 45 23 51 238 58892 1 2450413 101693 1.7 23 13 7 15 50% 32585 11228 2419 121%
c - 209.59 45 24 51 239 58896 1 2456367 96924 1.7 23 13 7 15 50% 32585 11228 2419 121%
c - 210.73 45 23 51 240 58905 1 2471827 98858 1.7 23 14 7 15 50% 32585 11228 2419 121%
c - 211.92 45 23 51 241 58910 1 2487319 98717 1.7 24 14 7 15 50% 32585 11228 2419 121%
c - 213.27 45 23 51 242 58919 1 2502844 99268 1.7 24 14 7 15 50% 32585 11228 2419 121%
c - 214.54 45 23 51 243 58922 1 2518401 101764 1.7 24 14 7 15 50% 32585 11228 2419 121%
c - 215.88 45 23 51 244 58924 1 2533989 102649 1.7 24 14 7 15 50% 32585 11228 2419 121%
c - 217.31 45 22 51 245 58933 1 2549609 102428 1.8 24 14 7 15 50% 32585 11228 2419 121%
c - 218.77 45 22 51 246 58938 1 2565261 102167 1.8 24 14 7 15 50% 32585 11228 2419 121%
c u 219.42 45 22 51 246 58939 1 2566948 102381 1.8 24 14 7 15 50% 32585 11228 2419 121%
c
c  seconds    switched      rate           size/glue  tier1     binary         remaining
c          MB   reductions     conflicts         size   tier2       irredundant
c           level     restarts        redundant     glue    trail         variables
c
c v 219.91 45 22 51 246 58939 1 2566948 98270 1.8 24 14 7 15 50% 32585 11228 2419 121%
c w 220.08 45 22 51 246 58939 1 2566948 96673 1.8 24 14 7 15 50% 32585 11228 2419 121%
c o 220.10 45 22 51 246 58939 1 2566948 96673 1.8 24 14 7 15 50% 32585 11228 2419 121%
c ] 220.27 45 22 52 246 58940 1 2569220 98835 1.7 24 14 7 15 50% 32585 11228 2419 121%
c { 220.27 45 13 52 246 58940 1 2569220 98835 1.6 15 9 7 12 48% 32585 11228 2419 121%
c - 221.58 45 14 52 247 61060 2 2580946 97190 1.6 15 9 7 12 48% 32585 11228 2419 121%
c - 223.23 45 15 52 248 63545 2 2596662 99144 1.6 16 10 7 12 48% 32585 11228 2419 121%
c - 224.62 45 16 52 249 65068 2 2612410 99629 1.6 16 10 7 12 48% 32585 11228 2419 121%
c - 225.96 45 16 52 250 66477 3 2628189 99907 1.6 16 10 7 12 48% 32585 11228 2419 121%
c - 227.27 45 17 52 251 67764 3 2644000 99671 1.6 16 10 7 12 48% 32585 11228 2419 121%
c - 228.48 45 17 52 252 68655 3 2659843 99701 1.6 16 10 7 12 48% 32585 11228 2419 121%
c - 229.73 45 17 52 253 69547 3 2675718 100796 1.6 16 10 7 12 48% 32585 11228 2419 121%
c - 231.01 45 17 52 254 70688 3 2691624 102282 1.6 16 10 7 12 48% 32585 11228 2419 121%
c - 232.24 45 17 52 255 71444 3 2707561 103312 1.6 16 10 7 12 48% 32585 11228 2419 121%
c } 232.99 45 17 53 255 71966 3 2717009 112005 1.6 16 10 7 12 48% 32585 11228 2419 121%
c [ 232.99 45 22 53 255 71966 1 2717009 112005 1.7 24 14 7 15 50% 32585 11228 2419 121%
c I 232.99 45 22 53 255 71966 1 2717009 112005 1.7 24 14 7 15 50% 32585 11228 2419 121%
c - 233.41 45 23 53 256 71971 1 2723529 102584 1.7 24 14 7 15 50% 32585 11228 2419 121%
c u 233.95 45 23 53 256 71971 1 2724302 100936 1.7 24 14 7 15 50% 32585 11228 2419 121%
c v 234.41 45 23 53 256 71971 1 2724302 98620 1.7 24 14 7 15 50% 32585 11228 2419 121%
c
c  seconds    switched      rate           size/glue  tier1     binary         remaining
c          MB   reductions     conflicts         size   tier2       irredundant
c           level     restarts        redundant     glue    trail         variables
c
c w 234.58 45 23 53 256 71971 1 2724302 98362 1.7 24 14 7 15 50% 32585 11228 2419 121%
c - 235.65 45 22 53 257 71979 1 2739529 99518 1.8 24 14 7 15 50% 32585 11228 2419 121%
c - 236.84 45 22 53 258 71985 1 2755560 101769 1.8 24 14 7 15 50% 32585 11228 2419 121%
c - 238.17 45 22 53 259 71994 1 2771622 103883 1.8 24 13 7 15 50% 32585 11228 2419 121%
c - 239.57 45 21 53 260 71996 1 2787716 104865 1.8 23 13 7 15 49% 32585 11228 2419 121%
c - 240.88 45 21 53 261 72000 1 2803841 104847 1.8 23 13 7 15 50% 32585 11228 2419 121%
c - 242.11 45 20 53 262 72010 1 2819996 103361 1.8 23 13 7 15 50% 32585 11228 2419 121%
c - 243.41 45 20 53 263 72015 1 2836182 102953 1.8 23 13 7 15 50% 32585 11228 2419 121%
c - 244.75 45 20 53 264 72025 1 2852399 101871 1.8 23 13 7 15 50% 32585 11228 2419 121%
c B 245.23 45 20 53 264 72026 1 2858156 107088 1.8 23 13 7 15 50% 32585 11228 2419 121%
c o 245.23 45 20 53 264 72026 1 2858156 107088 1.8 23 13 7 15 50% 32585 11228 2419 121%
c - 245.98 45 28 53 265 72027 1 2868647 97667 1.7 25 14 7 15 50% 32585 11228 2419 121%
c ] 246.04 45 28 54 265 72027 1 2869387 98377 1.7 25 14 7 15 50% 32585 11228 2419 121%
c { 246.04 45 17 54 265 72027 3 2869387 98377 1.6 16 10 7 12 48% 32585 11228 2419 121%
c - 248.52 45 22 54 266 75333 4 2884925 93050 1.7 19 11 7 12 48% 32585 11228 2419 121%
c u 249.33 45 23 54 266 75720 4 2886798 92282 1.7 19 11 7 12 48% 32585 11228 2419 121%
c v 249.85 45 23 54 266 75720 4 2886798 90444 1.7 19 11 7 12 48% 32585 11228 2419 121%
c w 250.03 45 23 54 266 75720 4 2886798 89714 1.7 19 11 7 12 48% 32585 11228 2419 121%
c - 252.48 45 27 54 267 78767 5 2901234 85752 1.7 20 12 7 12 48% 32585 11228 2419 121%
c - 255.32 45 31 54 268 82201 6 2917575 83278 1.7 22 13 7 12 48% 32585 11228 2419 121%
c
c  seconds    switched      rate           size/glue  tier1     binary         remaining
c          MB   reductions     conflicts         size   tier2       irredundant
c           level     restarts        redundant     glue    trail         variables
c
c - 258.21 45 34 54 269 85600 7 2933945 80626 1.7 24 14 7 12 48% 32585 11228 2419 121%
c - 260.83 45 37 54 270 88424 7 2950346 79531 1.8 25 14 7 12 48% 32585 11228 2419 121%
c - 263.30 45 38 54 271 90999 7 2966778 80146 1.8 26 14 7 12 48% 32585 11228 2419 121%
c - 265.77 45 40 54 272 93293 8 2983243 80934 1.8 27 15 7 12 48% 32585 11228 2419 121%
c - 267.89 45 41 54 273 94788 7 2999738 82508 1.9 28 15 7 12 48% 32585 11228 2419 121%
c - 270.15 45 42 54 274 96642 7 3016261 83544 1.9 28 15 7 12 48% 32585 11228 2419 121%
c } 271.54 45 43 55 274 97639 7 3027783 94903 1.9 29 15 7 12 48% 32585 11228 2419 121%
c [ 271.54 45 28 55 274 97639 1 3027783 94903 1.7 25 14 7 15 50% 32585 11228 2419 121%
c W 272.68 45 28 55 274 97639 1 3027783 94903 1.7 25 14 7 15 50% 32585 11228 2419 121%
c - 273.09 45 28 55 275 97642 1 3032815 84268 1.7 25 14 7 15 50% 32585 11228 2419 121%
c - 274.43 45 27 55 276 97652 1 3049398 86495 1.7 25 14 7 15 50% 32585 11228 2419 121%
c u 275.71 45 27 55 276 97653 1 3054487 89221 1.7 25 14 7 15 50% 32585 11228 2419 121%
c v 276.63 45 27 55 276 97653 1 3054487 88730 1.7 25 14 7 15 50% 32585 11228 2419 121%
c w 276.96 45 27 55 276 97653 1 3054487 86640 1.7 25 14 7 15 50% 32585 11228 2419 121%
c - 277.99 45 26 55 277 97658 1 3066013 84914 1.8 25 14 7 15 50% 32585 11228 2419 121%
c - 279.50 45 25 55 278 97667 1 3082656 87939 1.8 25 14 7 15 50% 32585 11228 2419 121%
c - 280.98 45 25 55 279 97669 1 3099331 88034 1.8 25 14 7 15 50% 32585 11228 2419 121%
c - 282.66 45 24 55 280 97675 1 3116035 86765 1.8 25 14 7 15 50% 32585 11228 2419 121%
c - 284.29 45 24 55 281 97683 1 3132768 88843 1.8 24 14 7 15 49% 32585 11228 2419 121%
c - 285.95 45 23 55 282 97690 1 3149531 90841 1.8 24 13 7 15 49% 32585 11228 2419 121%
c
c  seconds    switched      rate           size/glue  tier1     binary         remaining
c          MB   reductions     conflicts         size   tier2       irredundant
c           level     restarts        redundant     glue    trail         variables
c
c - 287.65 45 22 55 283 97698 1 3166323 90800 1.8 24 13 7 15 49% 32585 11228 2419 121%
c - 289.44 45 21 55 284 97700 1 3183146 90267 1.8 23 13 7 15 49% 32585 11228 2419 121%
c O 289.44 45 21 55 284 97700 1 3183146 90267 1.8 23 13 7 15 49% 32585 11228 2419 121%
c o 289.44 45 21 55 284 97700 1 3183146 90267 1.8 23 13 7 15 49% 32585 11228 2419 121%
c - 290.69 45 20 55 285 97701 1 3199998 91510 1.8 22 12 7 15 49% 32585 11228 2419 121%
c - 291.96 45 19 55 286 97701 1 3216880 91796 1.8 22 12 7 15 49% 32585 11228 2419 121%
c u 293.41 45 19 55 286 97704 1 3227393 99003 1.8 22 12 7 15 49% 32585 11228 2419 121%
c v 294.03 45 19 55 286 97704 1 3227393 93246 1.8 22 12 7 15 49% 32585 11228 2419 121%
c w 294.24 45 19 55 286 97704 1 3227393 89348 1.8 22 12 7 15 49% 32585 11228 2419 121%
c - 294.78 45 18 55 287 97708 1 3233793 82116 1.8 22 12 7 15 49% 32585 11228 2419 121%
c - 296.16 45 18 55 288 97716 1 3250735 87512 1.9 22 12 7 15 49% 32585 11228 2419 121%
c - 297.51 45 18 55 289 97723 1 3267709 93502 1.9 22 11 7 15 49% 32585 11228 2419 121%
c - 298.91 45 17 55 290 97731 1 3284709 96083 1.9 22 11 7 15 49% 32585 11228 2419 121%
c ] 299.92 45 17 56 290 97732 1 3296820 107613 2.0 22 11 7 15 49% 32585 11228 2419 121%
c { 299.92 45 43 56 290 97732 7 3296820 107613 1.9 29 15 7 12 48% 32585 11228 2419 121%
c - 300.37 45 41 56 291 97732 7 3301739 96902 1.9 29 15 7 12 48% 32585 11228 2419 121%
c - 301.92 45 37 56 292 97732 6 3318797 97477 1.9 27 14 7 12 48% 32585 11228 2419 121%
c - 303.51 45 33 56 293 97732 5 3335886 98985 1.9 26 13 7 12 48% 32585 11228 2419 121%
c - 304.90 45 31 56 294 97741 5 3353003 101146 1.9 25 13 7 12 49% 32585 11228 2419 121%
c - 306.18 45 28 56 295 97786 4 3370149 103634 1.9 24 13 7 12 49% 32585 11228 2419 121%
c
c  seconds    switched      rate            size/glue  tier1     binary         remaining
c          MB   reductions     conflicts          size   tier2       irredundant
c           level     restarts        redundant      glue    trail         variables
c
c - 307.57 45 26 56 296 97825 4 3387324 105345 1.9 23 12 7 12 48% 32585 11228 2419 121%
c - 308.86 45 25 56 297 97906 3 3404529 107452 1.9 22 12 7 12 48% 32585 11228 2419 121%
c u 309.53 47 25 56 297 97906 3 3405542 106725 1.9 22 12 7 12 48% 32585 11228 2419 121%
c v 310.09 47 25 56 297 97906 3 3405542 104329 1.9 22 12 7 12 48% 32585 11228 2419 121%
c w 310.28 47 25 56 297 97906 3 3405542 103108 1.9 22 12 7 12 48% 32585 11228 2419 121%
c - 313.51 47 24 56 298 98046 3 3421762 104522 1.9 22 12 7 12 48% 32585 11228 2419 121%
c o 313.69 47 23 56 298 98051 3 3424309 106788 1.8 22 12 7 12 48% 32585 11228 2419 121%
c - 314.80 47 23 56 299 98237 3 3439025 108238 1.8 21 12 7 12 48% 32585 11228 2419 121%
c - 316.11 47 21 56 300 98283 3 3456317 109829 1.8 21 11 7 12 48% 32585 11228 2419 121%
c } 316.86 47 21 57 300 98433 3 3466166 118842 1.8 20 11 7 12 48% 32585 11228 2419 121%
c [ 316.86 47 17 57 300 98433 1 3466166 118842 2.0 22 11 7 15 49% 32585 11228 2419 121%
c B 316.86 47 17 57 300 98433 1 3466166 118842 2.0 22 11 7 15 49% 32585 11228 2419 121%
c - 317.44 47 18 57 301 98438 1 3473637 109791 2.0 22 11 7 15 49% 32585 11228 2419 121%
c - 318.89 47 19 57 302 98447 1 3490988 107979 2.0 23 12 7 15 49% 32585 11228 2419 121%
c - 320.41 47 19 57 303 98454 1 3508366 107256 2.0 24 12 7 15 49% 32585 11228 2419 121%
c - 322.01 47 20 57 304 98462 1 3525774 108242 2.0 24 12 7 15 49% 32585 11228 2419 121%
c - 323.50 47 22 57 305 98463 1 3543211 106771 2.0 26 13 7 15 49% 32585 11228 2419 121%
c - 325.17 47 23 57 306 98471 1 3560676 102812 2.0 26 13 7 15 49% 32585 11228 2419 121%
c - 326.80 47 23 57 307 98478 1 3578171 103238 1.9 26 14 7 15 49% 32585 11228 2419 121%
c u 328.18 47 23 57 307 98484 1 3588961 113011 1.9 27 14 7 15 49% 32585 11228 2419 121%
c
c  seconds    switched      rate            size/glue  tier1     binary         remaining
c          MB   reductions     conflicts          size   tier2       irredundant
c           level     restarts        redundant      glue    trail         variables
c
c v 328.61 47 23 57 307 98484 1 3588961 112938 1.9 27 14 7 15 49% 32585 11228 2419 121%
c w 328.77 47 23 57 307 98484 1 3588961 112529 1.9 27 14 7 15 49% 32585 11228 2419 121%
c - 329.61 47 24 57 308 98488 1 3595692 102685 1.9 27 14 7 15 49% 32585 11228 2419 121%
c - 331.19 47 23 57 309 98493 1 3613241 103908 1.9 27 14 7 15 50% 32585 11228 2419 121%
c ] 331.44 47 23 58 309 98494 1 3615960 106543 1.9 27 14 7 15 50% 32585 11228 2419 121%
c { 331.44 47 21 58 309 98494 3 3615960 106543 1.8 20 11 7 12 48% 32585 11228 2419 121%
c - 332.62 47 21 58 310 98735 2 3630820 108835 1.8 20 11 7 12 48% 32585 11228 2419 121%
c - 333.97 47 20 58 311 98974 2 3648426 113059 1.8 20 11 7 12 48% 32585 11228 2419 121%
c - 335.37 47 20 58 312 99401 2 3666061 115955 1.8 20 11 7 12 48% 32585 11228 2419 121%
c o 336.01 47 20 58 312 99664 2 3674443 123766 1.8 19 11 7 12 48% 32585 11228 2419 121%
c - 336.75 47 19 58 313 99805 2 3683724 117748 1.8 19 11 7 12 48% 32585 11228 2419 121%
c - 338.03 47 19 58 314 100057 2 3701415 118453 1.8 19 11 7 12 48% 32585 11228 2419 121%
c - 339.42 47 18 58 315 100337 2 3719135 117889 1.7 18 11 7 12 48% 32585 11228 2419 121%
c - 340.77 47 18 58 316 100483 2 3736883 119625 1.8 18 10 7 12 48% 32585 11228 2419 121%
c - 342.28 47 18 58 317 101066 2 3754663 121519 1.7 18 10 7 12 48% 32585 11228 2419 121%
c - 343.82 47 18 58 318 101608 2 3772467 124031 1.7 18 10 7 12 48% 32585 11228 2419 121%
c u 344.88 47 18 58 318 101820 2 3777678 127792 1.7 18 10 7 12 48% 32585 11228 2419 121%
c v 345.46 47 18 58 318 101820 2 3777678 125581 1.7 18 10 7 12 48% 32585 11228 2419 121%
c w 345.65 47 18 58 318 101820 2 3777678 125312 1.7 18 10 7 12 48% 32585 11228 2419 121%
c - 346.73 47 18 58 319 102197 2 3790301 122741 1.7 18 10 7 12 48% 32585 11228 2419 121%
c
c  seconds    switched       rate            size/glue  tier1     binary         remaining
c          MB   reductions      conflicts          size   tier2       irredundant
c           level      restarts        redundant      glue    trail         variables
c
c } 347.26 47 18 59 319 102407 2 3796589 128411 1.7 18 10 7 12 48% 32585 11228 2419 121%
c [ 347.26 47 23 59 319 102407 1 3796589 128411 1.9 27 14 7 15 50% 32585 11228 2419 121%
c W 348.72 47 23 59 319 102407 1 3796589 128411 1.9 27 14 7 15 50% 32585 11228 2419 121%
c - 349.60 47 23 59 320 102413 1 3808165 124356 1.9 26 14 7 15 50% 32585 11228 2419 121%
c - 351.14 47 23 59 321 102421 1 3826053 124478 1.9 26 14 7 15 50% 32585 11228 2419 121%
c - 352.70 47 22 59 322 102431 1 3843969 125113 1.9 25 13 7 15 50% 32585 11228 2419 121%
c - 354.43 47 21 59 323 102436 1 3861915 122527 1.9 25 13 7 15 50% 32585 11228 2419 121%
c - 356.14 47 21 59 324 102439 1 3879887 118914 1.9 24 13 7 15 50% 32585 11228 2419 121%
c - 357.83 47 21 59 325 102450 1 3897888 117211 1.9 24 13 7 15 50% 32585 11228 2419 121%
c - 359.59 47 21 59 326 102456 1 3915915 116815 1.9 24 13 7 15 49% 32585 11228 2419 121%
c - 361.45 47 20 59 327 102466 1 3933971 115886 1.8 24 13 7 15 49% 32585 11228 2419 121%
c ] 362.86 47 20 60 327 102468 1 3946597 127573 1.8 23 13 7 15 49% 32585 11228 2419 121%
c { 362.86 47 18 60 327 102468 2 3946597 127573 1.7 18 10 7 12 48% 32585 11228 2419 121%
c o 362.87 47 18 60 327 102477 2 3946652 127626 1.7 18 10 7 12 48% 32585 11228 2419 121%
c - 363.47 47 18 60 328 102726 2 3952054 115307 1.7 18 10 7 12 48% 32585 11228 2419 121%
c - 365.18 47 18 60 329 103397 2 3970165 115525 1.7 18 10 7 12 48% 32585 11228 2419 121%
c u 366.08 47 18 60 329 103516 2 3971711 114470 1.7 18 10 7 12 48% 32585 11228 2419 121%
c v 366.79 47 18 60 329 103516 2 3971711 112857 1.7 18 10 7 12 48% 32585 11228 2419 121%
c w 367.04 47 18 60 329 103516 2 3971711 111185 1.7 18 10 7 12 48% 32585 11228 2419 121%
c - 368.53 47 18 60 330 104121 2 3988304 93112 1.7 18 10 6 12 48% 32585 11228 2419 121%
c
c  seconds    switched       rate           size/glue  tier1     binary         remaining
c          MB   reductions      conflicts         size   tier2       irredundant
c           level      restarts        redundant     glue    trail         variables
c
c - 370.03 47 18 60 331 104875 2 4006470 89177 1.7 18 10 6 12 48% 32585 11228 2419 121%
c - 371.51 47 18 60 332 105544 2 4024663 88598 1.7 18 10 6 12 48% 32585 11228 2419 121%
c - 373.00 47 18 60 333 106283 2 4042883 89399 1.7 18 10 6 12 48% 32585 11228 2419 121%
c - 374.38 47 18 60 334 106673 2 4061132 90178 1.7 18 10 6 12 48% 32585 11228 2419 121%
c - 375.88 47 18 60 335 107401 2 4079407 90803 1.7 18 10 6 12 48% 32585 11228 2419 121%
c - 377.35 47 18 60 336 108059 2 4097710 91341 1.7 17 10 6 12 48% 32585 11228 2419 121%
c - 378.85 47 18 60 337 108755 2 4116040 92103 1.7 17 10 6 12 48% 32585 11228 2419 121%
c - 380.21 47 17 60 338 109067 2 4134398 93048 1.7 17 10 6 12 48% 32585 11228 2419 121%
c } 380.62 47 18 61 338 109438 2 4138850 97216 1.7 17 10 6 12 48% 32585 11228 2419 121%
c [ 380.62 47 20 61 338 109438 1 4138850 97216 1.8 23 13 7 15 49% 32585 11228 2419 121%
c I 380.62 47 20 61 338 109438 1 4138850 97216 1.8 23 13 7 15 49% 32585 11228 2419 121%
c - 381.64 47 21 61 339 109446 1 4152783 91463 1.8 24 13 7 15 50% 32585 11228 2419 121%
c u 383.63 47 21 61 339 109452 1 4171090 107078 1.9 25 13 7 15 50% 32585 11228 2419 121%
c v 384.25 47 21 61 339 109452 1 4171090 106788 1.9 25 13 7 15 50% 32585 11228 2419 121%
c w 384.48 47 21 61 339 109452 1 4171090 106284 1.9 25 13 7 15 50% 32585 11228 2419 121%
c - 384.53 47 21 61 340 109452 1 4171194 86823 1.9 25 13 7 15 50% 32585 11228 2419 121%
c - 386.11 47 21 61 341 109464 1 4189634 89365 1.9 24 13 7 15 50% 32585 11228 2419 121%
c - 387.85 47 20 61 342 109468 1 4208100 92833 1.9 24 13 7 15 50% 32585 11228 2419 121%
c - 389.48 47 19 61 343 109473 1 4226594 93860 1.9 23 12 7 15 49% 32585 11228 2419 121%
c - 391.06 47 20 61 344 109482 1 4245114 91979 1.9 24 12 7 15 49% 32585 11228 2419 121%
c
c  seconds    switched       rate           size/glue  tier1     binary         remaining
c          MB   reductions      conflicts         size   tier2       irredundant
c           level      restarts        redundant     glue    trail         variables
c
c - 392.62 47 21 61 345 109490 1 4263661 86800 1.9 24 13 7 15 49% 32585 11228 2419 121%
c - 394.28 47 21 61 346 109498 1 4282236 84484 1.9 25 13 7 15 49% 32585 11228 2419 121%
c - 395.92 47 21 61 347 109499 1 4300838 84930 1.9 25 13 7 15 49% 32585 11228 2419 121%
c - 397.53 47 21 61 348 109500 1 4319467 86034 1.9 25 13 7 15 49% 32585 11228 2419 121%
c ] 397.73 47 21 62 348 109500 1 4321843 88268 1.9 25 13 7 15 49% 32585 11228 2419 121%
c { 397.73 47 18 62 348 109500 2 4321843 88268 1.7 17 10 6 12 48% 32585 11228 2419 121%
c o 397.73 47 18 62 348 109506 2 4321888 88313 1.7 17 10 6 12 48% 32585 11228 2419 121%
c - 399.12 47 18 62 349 110208 2 4338121 88679 1.7 17 10 6 12 48% 32585 11228 2419 121%
c - 400.71 47 18 62 350 110908 2 4356803 91665 1.7 17 10 6 12 48% 32585 11228 2419 121%
c - 402.25 47 18 62 351 111562 2 4375513 92325 1.7 17 10 6 12 48% 32585 11228 2419 121%
c u 402.90 47 18 62 351 111572 2 4375840 89712 1.7 17 10 6 12 48% 32585 11228 2419 121%
c v 403.57 47 18 62 351 111572 2 4375840 85926 1.7 17 10 6 12 48% 32585 11228 2419 121%
c w 403.81 47 18 62 351 111572 2 4375840 85462 1.7 17 10 6 12 48% 32585 11228 2419 121%
c - 405.31 47 18 62 352 112170 2 4394247 86808 1.7 17 10 6 12 48% 32585 11228 2419 121%
c - 406.89 47 18 62 353 112934 2 4413009 90729 1.7 17 10 6 12 48% 32585 11228 2419 121%
c - 408.56 47 18 62 354 114032 2 4431797 92354 1.7 18 10 6 12 48% 32585 11228 2419 121%
c - 410.14 47 18 62 355 114617 2 4450611 92903 1.7 17 10 6 12 48% 32585 11228 2419 121%
c - 411.72 47 18 62 356 115298 2 4469453 93675 1.7 17 10 6 12 48% 32585 11228 2419 121%
c - 413.27 47 18 62 357 115972 2 4488322 94356 1.7 17 10 6 12 48% 32585 11228 2419 121%
c - 414.79 47 18 62 358 116613 2 4507217 94955 1.7 18 10 6 12 48% 32585 11228 2419 121%
c
c  seconds    switched       rate            size/glue  tier1     binary         remaining
c          MB   reductions      conflicts          size   tier2       irredundant
c           level      restarts        redundant      glue    trail         variables
c
c } 416.27 47 18 63 358 117157 2 4526055 112189 1.7 18 10 6 12 48% 32585 11228 2419 121%
c [ 416.27 47 21 63 358 117157 1 4526055 112189 1.9 25 13 7 15 49% 32585 11228 2419 121%
c B 416.27 47 21 63 358 117157 1 4526055 112189 1.9 25 13 7 15 49% 32585 11228 2419 121%
c - 416.30 47 21 63 359 117157 1 4526139 95328 1.9 25 13 7 15 49% 32585 11228 2419 121%
c - 417.76 47 22 63 360 117169 1 4545086 91762 1.9 26 14 7 15 49% 32585 11228 2419 121%
c - 419.30 47 23 63 361 117176 1 4564059 86299 1.9 26 14 7 15 49% 32585 11228 2419 121%
c - 421.02 47 23 63 362 117185 1 4583059 86110 1.9 26 14 7 15 50% 32585 11228 2419 121%
c u 421.93 47 23 63 362 117186 1 4585988 86404 1.9 26 14 7 15 50% 32585 11228 2419 121%
c v 422.60 47 23 63 362 117186 1 4585988 86246 1.9 26 14 7 15 50% 32585 11228 2419 121%
c w 422.86 47 23 63 362 117186 1 4585988 85916 1.9 26 14 7 15 50% 32585 11228 2419 121%
c - 424.20 47 23 63 363 117187 1 4602085 84220 1.9 27 14 7 15 50% 32585 11228 2419 121%
c - 425.86 47 23 63 364 117195 1 4621137 85166 1.9 27 14 7 15 50% 32585 11228 2419 121%
c - 427.67 47 23 63 365 117202 1 4640215 86415 1.9 26 14 7 15 50% 32585 11228 2419 121%
c - 429.50 47 22 63 366 117215 1 4659319 87922 1.9 26 14 7 15 50% 32585 11228 2419 121%
c - 431.19 47 22 63 367 117218 1 4678452 88227 1.9 25 14 7 15 50% 32585 11228 2419 121%
c - 432.84 47 23 63 368 117219 1 4697610 84760 1.9 26 14 7 15 50% 32585 11228 2419 121%
c ] 434.32 47 23 64 368 117219 1 4713687 100392 1.9 26 14 7 15 50% 32585 11228 2419 121%
c { 434.32 47 18 64 368 117219 2 4713687 100392 1.7 18 10 6 12 48% 32585 11228 2419 121%
c o 434.32 47 18 64 368 117224 2 4713724 100428 1.7 18 10 6 12 48% 32585 11228 2419 121%
c - 434.62 47 18 64 369 117362 2 4716793 83395 1.7 18 10 6 12 48% 32585 11228 2419 121%
c
c  seconds    switched       rate           size/glue  tier1     binary         remaining
c          MB   reductions      conflicts         size   tier2       irredundant
c           level      restarts        redundant     glue    trail         variables
c
c - 436.20 47 18 64 370 118060 2 4736003 87451 1.7 18 10 6 12 48% 32585 11228 2419 121%
c - 437.72 47 18 64 371 118547 2 4755239 90683 1.7 17 10 6 12 48% 32585 11228 2419 121%
c - 439.31 47 18 64 372 119206 2 4774501 92027 1.7 17 10 6 12 48% 32585 11228 2419 121%
c - 440.82 47 18 64 373 119728 2 4793788 92902 1.7 17 10 6 12 48% 32585 11228 2419 121%
c u 442.09 47 18 64 373 120070 2 4801557 98086 1.7 17 10 6 12 48% 32585 11228 2419 121%
c v 442.79 47 18 64 373 120070 2 4801557 94815 1.7 17 10 6 12 48% 32585 11228 2419 121%
c w 443.02 47 18 64 373 120070 2 4801557 94640 1.7 17 10 6 12 48% 32585 11228 2419 121%
c - 444.01 47 18 64 374 120529 2 4813102 88071 1.7 17 10 6 12 48% 32585 11228 2419 121%
c - 445.58 47 18 64 375 121320 2 4832441 90554 1.7 17 10 6 12 48% 32585 11228 2419 121%
c - 447.18 47 18 64 376 122257 2 4851807 91603 1.7 17 10 6 12 48% 32585 11228 2419 121%
c - 448.73 47 18 64 377 122867 2 4871197 92282 1.6 17 10 6 12 48% 32585 11228 2419 121%
c - 450.20 47 18 64 378 123341 2 4890613 92877 1.6 17 10 6 12 48% 32585 11228 2419 121%
c - 451.78 47 18 64 379 123998 2 4910055 93446 1.6 17 10 6 12 48% 32585 11228 2419 121%
c - 453.38 47 18 64 380 124742 2 4929522 93916 1.7 17 10 6 12 48% 32585 11228 2419 121%
c } 453.43 47 18 65 380 124748 2 4930185 94494 1.7 17 10 6 12 48% 32585 11228 2419 121%
c [ 453.43 47 23 65 380 124748 1 4930185 94494 1.9 26 14 7 15 50% 32585 11228 2419 121%
c W 455.45 47 23 65 380 124748 1 4930185 94494 1.9 26 14 7 15 50% 32585 11228 2419 121%
c - 456.89 47 23 65 381 124760 1 4949015 93230 1.9 26 14 6 15 50% 32585 11228 2419 121%
c - 458.48 47 23 65 382 124767 1 4968535 90370 1.9 26 14 6 15 50% 32585 11228 2419 121%
c - 460.24 47 23 65 383 124777 1 4988079 88319 1.9 26 14 6 15 50% 32585 11228 2419 121%
c
c  seconds    switched       rate           size/glue  tier1     binary         remaining
c          MB   reductions      conflicts         size   tier2       irredundant
c           level      restarts        redundant     glue    trail         variables
c
c - 462.11 47 23 65 384 124778 1 5007649 89296 1.9 26 14 6 15 50% 32585 11228 2419 121%
c u 464.29 47 22 65 384 124785 1 5022549 101902 1.9 26 13 6 15 50% 32585 11228 2419 121%
c v 465.09 47 22 65 384 124785 1 5022549 100891 1.9 26 13 6 15 50% 32585 11228 2419 121%
c w 465.37 47 22 65 384 124785 1 5022549 99745 1.9 26 13 6 15 50% 32585 11228 2419 121%
c o 465.40 47 22 65 384 124785 1 5022549 99745 1.9 26 13 6 15 50% 32585 11228 2419 121%
c - 465.83 47 24 65 385 124788 1 5027244 87607 1.9 26 14 6 15 50% 32585 11228 2419 121%
c - 467.57 47 23 65 386 124795 1 5046865 90383 1.9 26 13 6 15 50% 32585 11228 2419 121%
c - 469.43 47 23 65 387 124807 1 5066512 91749 2.0 26 13 6 15 50% 32585 11228 2419 121%
c - 471.21 47 23 65 388 124809 1 5086184 90809 2.0 26 13 6 15 51% 32585 11228 2419 121%
c - 473.16 47 22 65 389 124810 1 5105881 89119 2.0 26 13 6 15 51% 32585 11228 2419 121%
c - 475.22 47 22 65 390 124810 1 5125605 89887 2.0 26 13 6 15 51% 32585 11228 2419 121%
c ] 475.51 47 22 66 390 124812 1 5128851 92970 2.0 26 13 6 15 51% 32585 11228 2419 121%
c { 475.51 47 18 66 390 124812 2 5128851 92970 1.7 17 10 6 12 48% 32585 11228 2419 121%
c - 477.09 47 17 66 391 124817 2 5145354 92032 1.7 17 10 6 12 48% 32585 11228 2419 121%
c - 478.69 47 16 66 392 124835 2 5165127 92870 1.7 17 10 6 12 48% 32585 11228 2419 121%
c - 480.24 47 15 66 393 124851 2 5184925 92523 1.6 16 10 6 12 48% 32585 11228 2419 121%
c - 481.78 47 14 66 394 124906 2 5204749 93499 1.6 16 10 6 12 48% 32585 11228 2419 121%
c - 483.32 47 13 66 395 124940 2 5224598 95317 1.6 15 9 6 12 48% 32585 11228 2419 121%
c - 484.95 47 13 66 396 125071 1 5244472 98047 1.6 15 9 6 12 48% 32585 11228 2419 121%
c u 486.04 47 13 66 396 125094 1 5249014 98468 1.7 15 9 6 12 48% 32585 11228 2419 121%
c
c  seconds    switched       rate           size/glue tier1     binary         remaining
c          MB   reductions      conflicts         size  tier2       irredundant
c           level      restarts        redundant    glue    trail         variables
c
c v 486.77 47 13 66 396 125094 1 5249014 91191 1.7 15 9 6 12 48% 32585 11228 2419 121%
c w 486.91 47 13 66 396 125094 1 5249014 91056 1.7 15 9 6 12 48% 32585 11228 2419 121%
c - 488.14 47 13 66 397 125165 1 5264371 93552 1.7 15 9 6 12 48% 32585 11228 2419 121%
c - 489.68 47 12 66 398 125305 1 5284295 95458 1.6 15 9 6 12 48% 32585 11228 2419 121%
c - 491.32 47 12 66 399 125602 1 5304244 96783 1.6 15 9 6 11 48% 32585 11228 2419 121%
c o 492.80 47 12 66 399 125806 1 5322633 111340 1.6 15 9 6 11 48% 32585 11228 2419 121%
c - 492.94 47 12 66 400 125822 1 5324219 97796 1.6 15 9 6 11 48% 32585 11228 2419 121%
c - 494.59 47 12 66 401 126049 1 5344219 98334 1.6 14 9 6 11 48% 32585 11228 2419 121%
c } 495.75 47 12 67 401 126244 1 5357966 109360 1.6 14 9 6 11 48% 32585 11228 2419 121%
c [ 495.75 47 22 67 401 126244 1 5357966 109360 2.0 26 13 6 15 51% 32585 11228 2419 121%
c O 495.75 47 22 67 401 126244 1 5357966 109360 2.0 26 13 6 15 51% 32585 11228 2419 121%
c - 496.25 47 21 67 402 126249 1 5364244 99791 2.0 25 13 6 15 51% 32585 11228 2419 121%
c - 497.91 47 21 67 403 126258 1 5384294 101899 2.0 25 13 6 15 51% 32585 11228 2419 121%
c - 499.80 47 20 67 404 126267 1 5404370 103943 2.0 25 12 6 15 51% 32585 11228 2419 121%
c - 501.77 47 20 67 405 126274 1 5424469 106264 2.0 25 12 6 15 51% 32585 11228 2419 121%
c - 503.48 47 21 67 406 126278 1 5444594 104521 2.1 25 12 6 15 51% 32585 11228 2419 121%
c - 505.33 47 20 67 407 126289 1 5464746 102991 2.0 25 12 6 15 51% 32585 11228 2419 121%
c u 507.76 47 20 67 407 126296 1 5480953 113796 2.1 25 12 6 15 51% 32585 11228 2419 121%
c v 508.60 47 20 67 407 126296 1 5480953 105020 2.1 25 12 6 15 51% 32585 11228 2419 121%
c w 508.90 47 20 67 407 126296 1 5480953 99600 2.1 25 12 6 15 51% 32585 11228 2419 121%
c
c  seconds    switched       rate           size/glue  tier1     binary         remaining
c          MB   reductions      conflicts         size   tier2       irredundant
c           level      restarts        redundant     glue    trail         variables
c
c - 512.10 47 20 67 408 126296 1 5484920 87642 2.1 25 12 6 15 51% 32585 11228 2419 121%
c - 513.95 47 19 67 409 126304 1 5505120 95078 2.1 25 12 6 15 51% 32585 11228 2419 121%
c - 515.75 47 19 67 410 126306 1 5525344 101740 2.1 25 12 6 15 51% 32585 11228 2419 121%
c - 517.68 47 19 67 411 126306 1 5545593 102356 2.1 25 12 6 15 51% 32585 11228 2419 121%
c ] 519.38 47 19 68 411 126313 1 5564688 120533 2.1 25 12 6 15 51% 32585 11228 2419 121%
c { 519.38 47 12 68 411 126313 1 5564688 120533 1.6 14 9 6 11 48% 32585 11228 2419 121%
c - 519.55 47 12 68 412 126519 1 5565869 101256 1.6 14 9 6 11 48% 32585 11228 2419 121%
c - 521.81 47 14 68 413 129559 2 5586169 101563 1.6 15 9 6 11 48% 32585 11228 2419 121%
c - 523.97 47 15 68 414 131845 2 5606491 103039 1.6 15 10 6 11 48% 32585 11228 2419 121%
c - 525.91 47 16 68 415 133299 2 5626837 103761 1.6 16 10 6 11 48% 32585 11228 2419 121%
c o 526.45 47 16 68 415 133651 2 5632635 109011 1.6 16 10 6 11 48% 32585 11228 2419 121%
c - 527.86 47 17 68 416 134732 2 5647208 104011 1.6 16 10 6 11 48% 32585 11228 2419 121%
c - 529.66 47 17 68 417 135665 2 5667606 105186 1.6 16 10 6 11 48% 32585 11228 2419 121%
c - 531.50 47 17 68 418 136436 2 5688027 106024 1.6 16 10 6 11 48% 32585 11228 2419 121%
c - 533.42 47 17 68 419 137300 2 5708472 107291 1.6 16 10 6 11 48% 32585 11228 2419 121%
c u 534.87 47 17 68 419 137651 2 5718391 113819 1.6 17 10 6 11 48% 32585 11228 2419 121%
c v 535.48 47 17 68 419 137651 2 5718391 111744 1.6 17 10 6 11 48% 32585 11228 2419 121%
c w 535.70 47 17 68 419 137651 2 5718391 111377 1.6 17 10 6 11 48% 32585 11228 2419 121%
c - 536.93 47 17 68 420 138239 2 5728941 104977 1.6 17 10 6 11 48% 32585 11228 2419 121%
c - 538.91 47 18 68 421 139391 3 5749434 107161 1.6 17 10 6 11 48% 32585 11228 2419 121%
c
c  seconds    switched       rate            size/glue  tier1     binary         remaining
c          MB   reductions      conflicts          size   tier2       irredundant
c           level      restarts        redundant      glue    trail         variables
c
c - 540.74 47 18 68 422 140044 2 5769953 108265 1.6 17 10 6 11 48% 32585 11228 2419 121%
c - 542.62 47 18 68 423 140954 2 5790495 108659 1.6 17 10 6 11 48% 32585 11228 2419 121%
c } 544.12 47 18 69 423 141588 2 5806748 123691 1.6 17 10 6 11 48% 32585 11228 2419 121%
c [ 544.12 47 19 69 423 141588 1 5806748 123691 2.1 25 12 6 15 51% 32585 11228 2419 121%
c B 544.12 47 19 69 423 141588 1 5806748 123691 2.1 25 12 6 15 51% 32585 11228 2419 121%
c - 544.51 47 19 69 424 141591 1 5811061 108489 2.1 25 12 6 15 51% 32585 11228 2419 121%
c - 546.44 47 19 69 425 141602 1 5831653 108263 2.1 25 12 6 15 51% 32585 11228 2419 121%
c - 548.47 47 18 69 426 141610 1 5852268 108618 2.1 25 12 6 15 51% 32585 11228 2419 121%
c - 550.50 47 18 69 427 141618 1 5872909 109566 2.1 25 12 6 15 51% 32585 11228 2419 121%
c - 552.66 47 18 69 428 141622 1 5893572 109813 2.1 24 11 6 15 51% 32585 11228 2419 121%
c - 554.63 47 18 69 429 141633 1 5914261 107539 2.1 24 12 6 15 51% 32585 11228 2419 121%
c - 556.63 47 18 69 430 141642 1 5934973 106255 2.1 24 12 6 15 51% 32585 11228 2419 121%
c - 558.84 47 18 69 431 141649 1 5955710 107486 2.1 24 11 6 15 51% 32585 11228 2419 121%
c u 560.29 47 18 69 431 141649 1 5961355 107365 2.1 24 11 6 15 51% 32585 11228 2419 121%
c v 561.21 47 18 69 431 141649 1 5961355 90244 2.1 24 11 6 15 51% 32585 11228 2419 121%
c w 561.56 47 18 69 431 141649 1 5961355 80436 2.1 24 11 6 15 51% 32585 11228 2419 121%
c o 561.58 47 18 69 431 141649 1 5961355 80436 2.1 24 11 6 15 51% 32585 11228 2419 121%
c - 563.09 47 22 69 432 141650 1 5976470 83421 2.0 24 12 6 15 51% 32585 11228 2419 121%
c - 565.15 47 23 69 433 141650 1 5997255 93610 2.0 24 12 6 15 50% 32585 11228 2419 121%
c - 567.26 47 24 69 434 141660 1 6018063 96700 2.0 25 12 6 15 50% 32585 11228 2419 121%
c
c  seconds    switched       rate            size/glue  tier1     binary         remaining
c          MB   reductions      conflicts          size   tier2       irredundant
c           level      restarts        redundant      glue    trail         variables
c
c W 570.25 47 24 69 434 141664 1 6024032 102498 2.0 25 13 6 15 50% 32585 11228 2419 121%
c ] 570.46 47 24 70 434 141664 1 6026539 104953 2.0 25 13 6 15 50% 32585 11228 2419 121%
c { 570.46 47 18 70 434 141664 2 6026539 104953 1.6 17 10 6 11 48% 32585 11228 2419 121%
c - 572.74 47 22 70 435 143822 3 6038895 95812 1.7 19 11 6 11 48% 32585 11228 2419 121%
c - 576.60 47 28 70 436 147450 4 6059751 91117 1.7 22 13 6 11 48% 32585 11228 2419 121%
c - 580.62 47 32 70 437 151077 5 6080632 88106 1.7 24 14 6 11 48% 32585 11228 2419 121%
c - 584.73 47 36 70 438 154531 6 6101536 87919 1.8 26 15 6 11 48% 32585 11228 2419 121%
c - 588.53 47 38 70 439 157292 6 6122465 88312 1.8 27 15 6 11 48% 32585 11228 2419 121%
c - 591.93 47 40 70 440 159264 6 6143417 89635 1.8 28 15 6 12 48% 32585 11228 2419 121%
c - 595.28 47 41 70 441 161206 6 6164393 90905 1.9 29 16 6 12 48% 32585 11228 2419 121%
c - 598.39 47 42 70 442 162947 6 6185393 91462 1.9 30 16 6 12 48% 32585 11228 2419 121%
c - 601.26 47 42 70 443 164138 6 6206419 92552 1.9 31 16 6 12 48% 32585 11228 2419 121%
c u 603.17 47 42 70 443 164530 6 6209869 91134 1.9 31 16 6 12 48% 32585 11228 2419 121%
c v 604.55 47 42 70 443 164530 6 6209869 90139 1.9 31 16 6 12 48% 32585 11228 2419 121%
c w 605.04 47 42 70 443 164530 6 6209869 90044 1.9 31 16 6 12 48% 32585 11228 2419 121%
c - 607.85 47 43 70 444 165622 6 6227467 77145 1.9 31 16 5 12 48% 32585 11228 2419 121%
c - 610.61 47 43 70 445 166799 5 6248540 75090 2.0 32 16 5 12 48% 32585 11228 2419 121%
c - 613.50 47 43 70 446 168194 5 6269635 74556 2.0 32 16 5 12 48% 32585 11228 2419 121%
c } 615.14 47 43 71 446 168982 5 6281866 86630 2.0 33 17 5 12 48% 32585 11228 2419 121%
c [ 615.14 47 24 71 446 168982 1 6281866 86630 2.0 25 13 6 15 50% 32585 11228 2419 121%
c
c  seconds    switched       rate           size/glue  tier1     binary         remaining
c          MB   reductions      conflicts         size   tier2       irredundant
c           level      restarts        redundant     glue    trail         variables
c
c I 615.14 47 24 71 446 168982 1 6281866 86630 2.0 25 13 6 15 50% 32585 11228 2419 121%
c - 615.91 47 25 71 447 168988 1 6290753 73679 2.0 26 13 6 15 50% 32585 11228 2419 121%
c - 617.81 47 26 71 448 168996 1 6311895 72811 1.9 26 14 6 15 50% 32585 11228 2419 121%
c - 619.72 47 26 71 449 169008 1 6333061 73106 1.9 27 14 6 15 50% 32585 11228 2419 121%
c - 621.70 47 27 71 450 169012 1 6354251 72910 1.9 28 15 6 15 49% 32585 11228 2419 121%
c - 623.65 47 27 71 451 169019 1 6375466 71817 1.9 29 15 6 15 49% 32585 11228 2419 121%
c - 625.69 47 27 71 452 169028 1 6396702 72192 1.9 29 15 6 15 49% 32585 11228 2419 121%
c o 626.46 47 27 71 452 169034 1 6404870 79956 1.9 29 15 6 15 49% 32585 11228 2419 121%
c - 627.67 47 29 71 453 169041 1 6417964 75317 1.9 29 15 6 15 49% 32585 11228 2419 121%
c - 629.73 47 27 71 454 169043 1 6439251 81631 1.9 28 15 6 15 49% 32585 11228 2419 121%
c - 631.75 47 25 71 455 169044 1 6460560 86844 1.9 26 14 6 15 49% 32585 11228 2419 121%
c u 633.03 47 25 71 455 169044 1 6463935 85023 1.9 26 14 6 15 49% 32585 11228 2419 121%
c v 634.07 47 25 71 455 169044 1 6463935 63224 1.9 26 14 6 15 49% 32585 11228 2419 121%
c w 634.42 47 25 71 455 169044 1 6463935 57126 1.9 26 14 6 15 49% 32585 11228 2419 121%
c - 636.08 47 24 71 456 169047 1 6481890 66183 1.9 26 14 6 15 49% 32585 11228 2419 121%
c - 638.20 47 23 71 457 169059 1 6503244 79037 1.9 25 13 6 15 49% 32585 11228 2419 121%
c B 639.37 47 23 71 457 169063 1 6515832 90879 2.0 26 13 6 15 49% 32585 11228 2419 121%
c - 640.22 47 23 71 458 169067 1 6524623 80704 1.9 26 13 6 15 48% 32585 11228 2419 121%
c - 642.25 47 23 71 459 169075 1 6546024 77325 1.9 26 14 6 15 48% 32585 11228 2419 121%
c - 644.20 47 23 71 460 169081 1 6567448 74312 1.9 26 14 6 15 48% 32585 11228 2419 121%
c
c  seconds    switched       rate           size/glue  tier1     binary         remaining
c          MB   reductions      conflicts         size   tier2       irredundant
c           level      restarts        redundant     glue    trail         variables
c
c - 646.35 47 23 71 461 169090 1 6588896 73683 1.9 26 14 6 15 48% 32585 11228 2419 121%
c - 648.53 47 23 71 462 169101 1 6610367 76240 1.8 26 14 6 15 48% 32585 11228 2419 121%
c - 650.51 47 23 71 463 169106 1 6631861 76475 1.9 27 14 6 15 48% 32585 11228 2419 121%
c - 652.68 47 23 71 464 169107 1 6653378 73436 1.8 27 15 6 15 48% 32585 11228 2419 121%
c - 654.87 47 23 71 465 169107 1 6674918 73523 1.8 27 15 6 15 48% 32585 11228 2419 121%
c - 656.89 47 23 71 466 169108 1 6696482 76663 1.8 27 15 6 15 48% 32585 11228 2419 121%
c ] 657.76 47 23 72 466 169108 1 6706024 85809 1.8 27 15 6 15 48% 32585 11228 2419 121%
c { 657.76 47 43 72 466 169108 5 6706024 85809 2.0 33 17 5 12 48% 32585 11228 2419 121%
c - 658.84 47 41 72 467 169111 5 6718069 78815 2.0 32 16 5 12 48% 32585 11228 2419 121%
c u 660.13 47 40 72 467 169111 5 6723600 80948 2.0 31 16 5 12 48% 32585 11228 2419 121%
c v 661.05 47 40 72 467 169111 5 6723600 79313 2.0 31 16 5 12 48% 32585 11228 2419 121%
c w 661.37 47 40 72 467 169111 5 6723600 77830 2.0 31 16 5 12 48% 32585 11228 2419 121%
c - 662.72 47 36 72 468 169120 4 6739680 78036 1.9 30 15 5 12 48% 32585 11228 2419 121%
c - 664.71 47 32 72 469 169120 4 6761314 84181 1.9 28 14 5 12 48% 32585 11228 2419 121%
c o 665.44 47 31 72 469 169123 3 6770152 92637 1.9 27 14 5 12 49% 32585 11228 2419 121%
c - 666.44 47 29 72 470 169165 3 6782970 86737 1.9 26 14 5 12 49% 32585 11228 2419 121%
c - 668.10 47 27 72 471 169178 3 6804650 86814 1.9 25 13 5 12 49% 32585 11228 2419 121%
c - 669.88 47 24 72 472 169241 3 6826352 86469 1.9 23 13 5 12 48% 32585 11228 2419 121%
c - 671.59 47 23 72 473 169301 2 6848080 86638 1.9 23 12 5 12 48% 32585 11228 2419 121%
c - 673.36 47 22 72 474 169376 2 6869828 87129 1.8 22 12 5 12 48% 32585 11228 2419 121%
c
c  seconds    switched       rate           size/glue  tier1     binary         remaining
c          MB   reductions      conflicts         size   tier2       irredundant
c           level      restarts        redundant     glue    trail         variables
c
c - 675.18 47 20 72 475 169503 2 6891600 87178 1.8 21 12 5 12 48% 32585 11228 2419 121%
c - 676.95 47 20 72 476 169752 2 6913394 87256 1.8 20 11 5 12 48% 32585 11228 2419 121%
c - 678.67 47 19 72 477 169966 2 6935211 86578 1.8 20 11 5 12 48% 32585 11228 2419 121%
c - 680.50 47 19 72 478 170365 2 6957051 87182 1.8 19 11 5 12 48% 32585 11228 2419 121%
c } 681.96 47 18 73 478 170683 2 6974940 103336 1.8 19 11 5 12 48% 32585 11228 2419 121%
c [ 681.96 47 23 73 478 170683 1 6974940 103336 1.8 27 15 6 15 48% 32585 11228 2419 121%
c W 685.06 47 23 73 478 170683 1 6974940 103336 1.8 27 15 6 15 48% 32585 11228 2419 121%
c - 685.38 47 23 73 479 170685 1 6978915 87357 1.8 27 15 6 15 48% 32585 11228 2419 121%
c u 686.99 47 23 73 479 170691 1 6988868 93436 1.8 27 15 6 15 49% 32585 11228 2419 121%
c v 687.83 47 23 73 479 170691 1 6988868 92676 1.8 27 15 6 15 49% 32585 11228 2419 121%
c w 688.14 47 23 73 479 170691 1 6988868 91552 1.8 27 15 6 15 49% 32585 11228 2419 121%
c - 689.14 47 23 73 480 170697 1 7000801 81121 1.8 26 14 6 15 49% 32585 11228 2419 121%
c - 691.13 47 22 73 481 170707 1 7022709 81463 1.8 26 14 6 15 49% 32585 11228 2419 121%
c - 693.12 47 23 73 482 170713 1 7044642 80010 1.8 26 14 6 15 50% 32585 11228 2419 121%
c - 695.21 47 22 73 483 170720 1 7066597 79099 1.9 26 14 6 15 50% 32585 11228 2419 121%
c - 697.42 47 22 73 484 170728 1 7088574 82232 1.9 26 14 6 15 50% 32585 11228 2419 121%
c - 699.79 47 22 73 485 170742 1 7110575 83336 1.9 26 14 6 15 50% 32585 11228 2419 121%
c - 702.13 47 21 73 486 170744 1 7132597 85337 1.9 26 13 6 15 50% 32585 11228 2419 121%
c - 704.40 47 21 73 487 170745 1 7154643 86809 1.9 25 13 6 15 50% 32585 11228 2419 121%
c - 706.80 47 20 73 488 170749 1 7176713 87828 1.9 25 13 6 15 50% 32585 11228 2419 121%
c
c  seconds    switched       rate           size/glue  tier1     binary         remaining
c          MB   reductions      conflicts         size   tier2       irredundant
c           level      restarts        redundant     glue    trail         variables
c
c - 708.97 47 20 73 489 170760 1 7198805 87656 1.9 25 13 6 15 50% 32585 11228 2419 121%
c ] 709.68 47 20 74 489 170762 1 7206293 94762 1.9 25 13 6 15 50% 32585 11228 2419 121%
c { 709.68 47 18 74 489 170762 2 7206293 94762 1.8 19 11 5 12 48% 32585 11228 2419 121%
c o 709.69 47 18 74 489 170774 2 7206369 94837 1.8 19 11 5 12 48% 32585 11228 2419 121%
c - 710.96 47 18 74 490 171101 2 7220919 85779 1.7 19 11 5 12 48% 32585 11228 2419 121%
c - 712.85 47 18 74 491 171451 2 7243055 87225 1.7 18 11 5 12 48% 32585 11228 2419 121%
c u 715.19 47 18 74 491 171859 2 7259763 98187 1.7 18 11 5 12 48% 32585 11228 2419 121%
c v 716.17 47 18 74 491 171859 2 7259763 92484 1.7 18 11 5 12 48% 32585 11228 2419 121%
c w 716.52 47 18 74 491 171859 2 7259763 91309 1.7 18 11 5 12 48% 32585 11228 2419 121%
c - 717.06 47 18 74 492 172118 2 7265213 80085 1.7 18 11 5 12 48% 32585 11228 2419 121%
c - 718.94 47 18 74 493 172863 2 7287394 82946 1.7 18 11 5 12 48% 32585 11228 2419 121%
c - 720.78 47 18 74 494 173336 2 7309599 84895 1.7 18 10 5 12 48% 32585 11228 2419 121%
c - 722.70 47 18 74 495 174025 2 7331825 85530 1.7 18 10 5 12 48% 32585 11228 2419 121%
c - 724.69 47 18 74 496 174797 2 7354074 86146 1.7 18 10 5 12 48% 32585 11228 2419 121%
c - 726.62 47 18 74 497 175608 2 7376345 86606 1.7 18 10 5 12 48% 32585 11228 2419 121%
c - 728.46 47 17 74 498 176024 2 7398638 87105 1.7 18 10 5 12 48% 32585 11228 2419 121%
c - 730.46 47 18 74 499 177054 2 7420953 87460 1.7 17 10 5 12 48% 32585 11228 2419 121%
c - 732.44 47 18 74 500 177704 2 7443292 87421 1.7 17 10 5 12 48% 32585 11228 2419 121%
c - 734.66 47 18 74 501 179007 2 7465653 87324 1.7 18 10 5 12 48% 32585 11228 2419 121%
c - 736.62 47 18 74 502 179639 2 7488039 86905 1.7 17 10 5 12 48% 32585 11228 2419 121%
c
c  seconds    switched       rate           size/glue  tier1     binary         remaining
c          MB   reductions      conflicts         size   tier2       irredundant
c           level      restarts        redundant     glue    trail         variables
c
c } 736.70 47 18 75 502 179639 2 7489119 87873 1.7 17 10 5 12 48% 32585 11228 2419 121%
c [ 736.70 47 20 75 502 179639 1 7489119 87873 1.9 25 13 6 15 50% 32585 11228 2419 121%
c O 736.70 47 20 75 502 179639 1 7489119 87873 1.9 25 13 6 15 50% 32585 11228 2419 121%
c - 738.49 47 19 75 503 179652 1 7510445 87373 1.9 24 12 6 15 50% 32585 11228 2419 121%
c - 740.60 47 19 75 504 179660 1 7532872 87747 1.9 24 12 6 15 50% 32585 11228 2419 121%
c u 741.74 47 19 75 504 179663 1 7536284 87814 1.9 24 12 6 15 50% 32585 11228 2419 121%
c v 742.64 47 19 75 504 179663 1 7536284 70859 1.9 24 12 6 15 50% 32585 11228 2419 121%
c w 742.95 47 19 75 504 179663 1 7536284 64145 1.9 24 12 6 15 50% 32585 11228 2419 121%
c - 744.70 47 19 75 505 179669 1 7555321 70253 1.9 23 12 6 15 50% 32585 11228 2419 121%
c - 746.87 47 19 75 506 179675 1 7577795 79905 1.9 23 12 6 15 51% 32585 11228 2419 121%
c - 749.05 47 19 75 507 179684 1 7600289 82723 1.9 23 12 6 15 50% 32585 11228 2419 121%
c - 751.25 47 19 75 508 179697 1 7622805 85377 2.0 24 12 6 15 50% 32585 11228 2419 121%
c - 753.50 47 20 75 509 179700 1 7645345 82238 1.9 24 13 6 15 51% 32585 11228 2419 121%
c - 756.05 47 20 75 510 179701 1 7667907 79619 1.9 24 13 6 15 50% 32585 11228 2419 121%
c - 758.42 47 20 75 511 179705 1 7690491 81969 1.9 25 13 6 15 50% 32585 11228 2419 121%
c - 760.82 47 20 75 512 179716 1 7713096 84053 1.9 24 13 6 15 50% 32585 11228 2419 121%
c ] 762.92 47 20 76 512 179725 1 7732540 101816 1.9 24 13 6 15 50% 32585 11228 2419 121%
c { 762.92 47 18 76 512 179725 2 7732540 101816 1.7 17 10 5 12 48% 32585 11228 2419 121%
c o 762.93 47 18 76 512 179736 2 7732607 101880 1.7 17 10 5 12 48% 32585 11228 2419 121%
c - 763.26 47 18 76 513 179876 2 7735723 85731 1.7 17 10 5 12 48% 32585 11228 2419 121%
c
c  seconds    switched       rate           size/glue  tier1     binary         remaining
c          MB   reductions      conflicts         size   tier2       irredundant
c           level      restarts        redundant     glue    trail         variables
c
c - 765.47 47 18 76 514 181097 2 7758372 87591 1.7 17 10 5 12 48% 32585 11228 2419 121%
c - 767.46 47 18 76 515 182049 2 7781043 88065 1.7 17 10 5 12 48% 32585 11228 2419 121%
c - 769.23 47 18 76 516 182676 2 7803736 88646 1.6 17 10 5 12 48% 32585 11228 2419 121%
c u 771.26 47 18 76 516 183274 2 7818483 95106 1.7 17 10 5 12 48% 32585 11228 2419 121%
c v 772.24 47 18 76 516 183274 2 7818483 91350 1.7 17 10 5 12 48% 32585 11228 2419 121%
c w 772.57 47 18 76 516 183274 2 7818483 90895 1.7 17 10 5 12 48% 32585 11228 2419 121%
c - 773.23 47 18 76 517 183438 2 7826452 79446 1.7 17 10 5 12 48% 32585 11228 2419 121%
c - 775.04 47 18 76 518 184465 2 7849189 81774 1.6 17 10 5 12 48% 32585 11228 2419 121%
c - 776.96 47 18 76 519 185391 2 7871949 83103 1.7 17 10 5 12 48% 32585 11228 2419 121%
c - 778.88 47 18 76 520 186210 2 7894731 83956 1.7 17 10 5 12 48% 32585 11228 2419 121%
c - 780.73 47 18 76 521 186821 2 7917534 84717 1.7 17 10 5 12 48% 32585 11228 2419 121%
c - 782.76 47 18 76 522 187771 2 7940359 84810 1.7 17 10 5 12 48% 32585 11228 2419 121%
c - 784.73 47 18 76 523 188643 2 7963207 85305 1.7 17 10 5 12 48% 32585 11228 2419 121%
c - 786.66 47 18 76 524 189461 2 7986076 85775 1.7 17 10 5 12 48% 32585 11228 2419 121%
c - 788.67 47 18 76 525 190381 2 8008970 85848 1.7 17 10 5 12 48% 32585 11228 2419 121%
c } 790.38 47 18 77 525 191030 2 8029591 104663 1.7 17 10 5 12 48% 32585 11228 2419 121%
c [ 790.38 47 20 77 525 191030 1 8029591 104663 1.9 24 13 6 15 50% 32585 11228 2419 121%
c B 790.38 47 20 77 525 191030 1 8029591 104663 1.9 24 13 6 15 50% 32585 11228 2419 121%
c - 790.59 47 20 77 526 191032 1 8031882 86056 1.9 24 13 6 15 50% 32585 11228 2419 121%
c - 792.73 47 20 77 527 191044 1 8054816 84137 1.9 24 13 6 15 50% 32585 11228 2419 121%
c
c  seconds    switched       rate           size/glue  tier1     binary         remaining
c          MB   reductions      conflicts         size   tier2       irredundant
c           level      restarts        redundant     glue    trail         variables
c
c - 795.04 47 19 77 528 191054 1 8077772 83576 1.9 24 13 6 15 50% 32585 11228 2419 121%
c - 797.60 47 19 77 529 191060 1 8100751 86375 2.0 24 12 6 15 50% 32585 11228 2419 121%
c u 798.98 47 19 77 529 191060 1 8106360 85596 2.0 24 12 6 15 50% 32585 11228 2419 121%
c v 799.92 47 19 77 529 191060 1 8106360 61957 2.0 24 12 6 15 50% 32585 11228 2419 121%
c w 800.26 47 19 77 529 191060 1 8106360 53793 2.0 24 12 6 15 50% 32585 11228 2419 121%
c o 800.28 47 19 77 529 191060 1 8106360 53793 2.0 24 12 6 15 50% 32585 11228 2419 121%
c - 801.60 47 27 77 530 191067 1 8123751 57682 1.8 26 14 6 15 50% 32585 11228 2419 121%
c - 803.50 47 27 77 531 191078 1 8146773 67520 1.8 26 14 6 15 50% 32585 11228 2419 121%
c - 805.61 47 26 77 532 191090 1 8169816 71633 1.8 26 14 6 15 50% 32585 11228 2419 121%
c - 807.84 47 25 77 533 191091 1 8192881 75084 1.9 26 14 6 15 49% 32585 11228 2419 121%
c - 810.17 47 24 77 534 191092 1 8215967 78861 1.9 26 14 6 15 49% 32585 11228 2419 121%
c - 812.67 47 23 77 535 191100 1 8239076 78226 1.9 26 14 6 15 49% 32585 11228 2419 121%
c - 815.00 47 22 77 536 191110 1 8262206 77912 1.9 25 13 6 15 49% 32585 11228 2419 121%
c - 817.30 47 22 77 537 191122 1 8285357 79910 1.9 25 13 6 15 49% 32585 11228 2419 121%
c ] 817.89 47 21 78 537 191122 1 8291403 85577 1.9 25 13 6 15 49% 32585 11228 2419 121%
c { 817.89 47 18 78 537 191122 2 8291403 85577 1.7 17 10 5 12 48% 32585 11228 2419 121%
c - 819.29 47 18 78 538 191733 2 8308530 82522 1.7 17 10 5 12 48% 32585 11228 2419 121%
c - 821.20 47 18 78 539 192577 2 8331725 84886 1.7 17 10 5 12 48% 32585 11228 2419 121%
c - 823.12 47 18 78 540 193506 2 8354942 85743 1.7 17 10 5 12 48% 32585 11228 2419 121%
c - 824.96 47 18 78 541 193995 2 8378180 86424 1.7 17 10 5 12 48% 32585 11228 2419 121%
c
c  seconds    switched       rate            size/glue  tier1     binary         remaining
c          MB   reductions      conflicts          size   tier2       irredundant
c           level      restarts        redundant      glue    trail         variables
c
c u 827.71 47 18 78 541 194785 2 8399916 102163 1.7 17 10 5 12 48% 32585 11228 2419 121%
c v 828.69 47 18 78 541 194785 2 8399916 97638 1.7 17 10 5 12 48% 32585 11228 2419 121%
c w 829.03 47 18 78 541 194785 2 8399916 96995 1.7 17 10 5 12 48% 32585 11228 2419 121%
c - 832.70 47 18 78 542 194815 2 8401439 79436 1.7 17 10 5 12 48% 32585 11228 2419 121%
c - 834.75 47 18 78 543 196122 2 8424719 81551 1.7 17 10 5 12 48% 32585 11228 2419 121%
c - 836.64 47 18 78 544 196951 2 8448021 84965 1.7 17 10 5 12 48% 32585 11228 2419 121%
c - 838.60 47 18 78 545 197712 2 8471345 86175 1.7 17 10 5 12 48% 32585 11228 2419 121%
c o 839.84 47 18 78 545 198298 2 8486427 100281 1.7 17 10 5 12 48% 32585 11228 2419 121%
c - 840.51 47 18 78 546 198494 2 8494690 86765 1.7 17 10 5 12 48% 32585 11228 2419 121%
c - 842.43 47 18 78 547 199155 2 8518060 86970 1.7 17 10 5 12 48% 32585 11228 2419 121%
c - 844.40 47 18 78 548 200195 2 8541451 86729 1.7 17 10 5 12 48% 32585 11228 2419 121%
c - 846.34 47 18 78 549 201004 2 8564860 86765 1.7 17 10 5 12 48% 32585 11228 2419 121%
c - 848.40 47 18 78 550 202162 2 8588290 87172 1.7 17 10 5 12 48% 32585 11228 2419 121%
c } 849.57 47 18 79 550 202719 2 8602994 100313 1.7 17 10 5 12 48% 32585 11228 2419 121%
c [ 849.57 47 21 79 550 202719 1 8602994 100313 1.9 25 13 6 15 49% 32585 11228 2419 121%
c W 853.09 47 21 79 550 202719 1 8602994 100313 1.9 25 13 6 15 49% 32585 11228 2419 121%
c - 853.74 47 22 79 551 202725 1 8611742 86054 1.9 25 13 6 15 49% 32585 11228 2419 121%
c - 855.74 47 22 79 552 202733 1 8635217 82903 1.9 25 13 6 15 49% 32585 11228 2419 121%
c - 857.96 47 21 79 553 202747 1 8658711 82406 1.8 24 13 6 15 49% 32585 11228 2419 121%
c - 860.23 47 21 79 554 202749 1 8682226 83119 1.8 25 13 6 15 49% 32585 11228 2419 121%
c
c  seconds    switched       rate           size/glue  tier1     binary         remaining
c          MB   reductions      conflicts         size   tier2       irredundant
c           level      restarts        redundant     glue    trail         variables
c
c u 862.55 47 21 79 554 202758 1 8699201 96880 1.8 24 13 6 15 49% 32585 11228 2419 121%
c v 863.30 47 21 79 554 202758 1 8699201 94175 1.8 24 13 6 15 49% 32585 11228 2419 121%
c w 863.58 47 21 79 554 202758 1 8699201 89138 1.8 24 13 6 15 49% 32585 11228 2419 121%
c - 864.54 47 21 79 555 202763 1 8705763 76358 1.8 24 13 6 15 49% 32585 11228 2419 121%
c - 866.83 47 20 79 556 202771 1 8729322 81194 1.8 24 13 6 15 49% 32585 11228 2419 121%
c - 869.05 47 20 79 557 202780 1 8752901 84857 1.8 23 13 6 15 49% 32585 11228 2419 121%
c - 871.16 47 20 79 558 202781 1 8776501 85552 1.9 23 13 6 15 49% 32585 11228 2419 121%
c - 873.42 47 20 79 559 202782 1 8800123 86251 1.9 23 13 6 15 49% 32585 11228 2419 121%
c - 875.93 47 19 79 560 202795 1 8823766 85270 1.9 23 12 6 15 49% 32585 11228 2419 121%
c - 878.45 47 19 79 561 202806 1 8847431 86443 1.9 23 12 6 15 49% 32585 11228 2419 121%
c ] 879.67 47 19 80 561 202811 1 8859592 97415 1.9 23 12 6 15 48% 32585 11228 2419 121%
c { 879.67 47 18 80 561 202811 2 8859592 97415 1.7 17 10 5 12 48% 32585 11228 2419 121%
c - 880.69 47 18 80 562 203293 2 8871117 87828 1.7 17 10 5 12 48% 32585 11228 2419 121%
c o 881.13 47 18 80 562 203454 2 8876692 92851 1.7 17 10 5 12 48% 32585 11228 2419 121%
c - 882.66 47 18 80 563 204151 2 8894823 88622 1.7 17 10 5 12 48% 32585 11228 2419 121%
c - 884.68 47 18 80 564 205180 2 8918550 89710 1.7 17 10 5 12 48% 32585 11228 2419 121%
c - 886.73 47 18 80 565 206353 2 8942298 90613 1.7 18 10 5 12 48% 32585 11228 2419 121%
c - 888.69 47 18 80 566 207216 2 8966068 90954 1.7 17 10 5 12 48% 32585 11228 2419 121%
c - 890.73 47 18 80 567 207998 2 8989859 91343 1.7 17 10 5 12 48% 32585 11228 2419 121%
c u 893.00 47 18 80 567 208535 2 9004216 98803 1.7 17 10 5 12 48% 32585 11228 2419 121%
c
c  seconds    switched       rate           size/glue  tier1     binary         remaining
c          MB   reductions      conflicts         size   tier2       irredundant
c           level      restarts        redundant     glue    trail         variables
c
c v 894.01 47 18 80 567 208535 2 9004216 94117 1.7 17 10 5 12 48% 32585 11228 2419 121%
c w 894.34 47 18 80 567 208535 2 9004216 93489 1.7 17 10 5 12 48% 32585 11228 2419 121%
c - 895.16 47 18 80 568 208990 2 9013672 83912 1.7 17 10 5 12 48% 32585 11228 2419 121%
c - 896.93 47 18 80 569 209443 2 9037505 85891 1.7 17 10 5 12 48% 32585 11228 2419 121%
c - 898.82 47 18 80 570 210101 2 9061358 87735 1.7 18 10 5 12 48% 32585 11228 2419 121%
c - 900.77 47 18 80 571 211069 2 9085232 88823 1.7 18 10 5 12 48% 32585 11228 2419 121%
c - 902.84 47 18 80 572 212222 2 9109130 88684 1.7 17 10 5 12 48% 32585 11228 2419 121%
c - 904.80 47 18 80 573 213059 2 9133046 88654 1.7 17 10 5 12 48% 32585 11228 2419 121%
c - 906.87 47 18 80 574 214187 2 9156984 89334 1.7 17 10 5 12 48% 32585 11228 2419 121%
c - 908.86 47 18 80 575 214881 2 9180942 89487 1.7 17 10 5 12 48% 32585 11228 2419 121%
c } 909.23 47 18 81 575 214973 2 9186035 94008 1.7 17 10 5 12 48% 32585 11228 2419 121%
c [ 909.23 47 19 81 575 214973 1 9186035 94008 1.9 23 12 6 15 48% 32585 11228 2419 121%
c I 909.23 47 19 81 575 214973 1 9186035 94008 1.9 23 12 6 15 48% 32585 11228 2419 121%
c - 910.82 47 21 81 576 214985 1 9204921 83970 1.9 25 13 6 15 49% 32585 11228 2419 121%
c - 912.87 47 23 81 577 214994 1 9228922 77692 2.0 27 14 6 15 49% 32585 11228 2419 121%
c - 915.03 47 24 81 578 215003 1 9252943 75808 2.0 29 14 6 15 49% 32585 11228 2419 121%
c - 917.14 47 24 81 579 215010 1 9276985 76728 2.1 30 14 6 15 49% 32585 11228 2419 121%
c - 919.32 47 24 81 580 215019 1 9301047 78886 2.1 31 14 6 15 49% 32585 11228 2419 121%
c u 921.35 47 25 81 580 215027 1 9314988 88451 2.2 31 14 6 15 49% 32585 11228 2419 121%
c v 922.34 47 25 81 580 215027 1 9314988 88161 2.2 31 14 6 15 49% 32585 11228 2419 121%
c
c  seconds    switched       rate           size/glue  tier1     binary         remaining
c          MB   reductions      conflicts         size   tier2       irredundant
c           level      restarts        redundant     glue    trail         variables
c
c w 922.70 47 25 81 580 215027 1 9314988 88006 2.2 31 14 6 15 49% 32585 11228 2419 121%
c o 922.73 47 25 81 580 215027 1 9314988 88006 2.2 31 14 6 15 49% 32585 11228 2419 121%
c - 923.62 47 25 81 581 215032 1 9325132 76772 2.1 30 14 6 15 49% 32585 11228 2419 121%
c - 925.67 47 24 81 582 215034 1 9349236 81829 2.1 28 14 6 15 49% 32585 11228 2419 121%
c - 927.86 47 24 81 583 215035 1 9373361 81783 2.0 28 14 6 15 49% 32585 11228 2419 121%
c - 930.19 47 24 81 584 215045 1 9397506 80083 1.9 27 14 6 15 49% 32585 11228 2419 121%
c - 932.45 47 23 81 585 215055 1 9421673 83505 1.9 26 14 6 15 49% 32585 11228 2419 121%
c - 934.65 47 23 81 586 215065 1 9445861 84477 1.9 25 14 6 15 49% 32585 11228 2419 121%
c ] 936.06 47 22 82 586 215066 1 9462102 99786 1.9 25 14 6 15 49% 32585 11228 2419 121%
c { 936.06 47 18 82 586 215066 2 9462102 99786 1.7 17 10 5 12 48% 32585 11228 2419 121%
c - 936.81 47 17 82 587 215085 2 9470069 85748 1.7 17 10 5 12 48% 32585 11228 2419 121%
c - 938.53 47 16 82 588 215087 2 9494297 87670 1.7 17 10 5 12 48% 32585 11228 2419 121%
c - 940.31 47 15 82 589 215136 2 9518545 88185 1.7 17 10 5 11 48% 32585 11228 2419 121%
c - 942.08 47 14 82 590 215218 2 9542814 88395 1.7 16 9 5 11 48% 32585 11228 2419 121%
c - 943.84 47 13 82 591 215279 2 9567103 87045 1.7 16 9 5 11 48% 32585 11228 2419 121%
c - 945.65 47 13 82 592 215512 1 9591416 87494 1.7 15 9 5 11 48% 32585 11228 2419 121%
c - 947.40 47 12 82 593 215640 1 9615747 87808 1.6 15 9 5 11 48% 32585 11228 2419 121%
c u 949.47 47 12 82 593 215886 1 9631513 96033 1.6 15 9 5 11 48% 32585 11228 2419 121%
c v 950.45 47 12 82 593 215886 1 9631513 90190 1.6 15 9 5 11 48% 32585 11228 2419 121%
c w 950.79 47 12 82 593 215886 1 9631513 89704 1.6 15 9 5 11 48% 32585 11228 2419 121%
c
c  seconds    switched       rate           size/glue tier1     binary         remaining
c          MB   reductions      conflicts         size  tier2       irredundant
c           level      restarts        redundant    glue    trail         variables
c
c - 951.50 47 12 82 594 216069 1 9640099 79413 1.6 15 9 5 11 48% 32585 11228 2419 121%
c - 953.37 47 12 82 595 216474 1 9664473 83043 1.6 14 9 5 11 48% 32585 11228 2419 121%
c - 955.21 47 12 82 596 216835 1 9688865 85514 1.6 14 9 5 11 48% 32585 11228 2419 121%
c - 957.04 47 11 82 597 217290 1 9713278 85718 1.6 14 9 5 11 48% 32585 11228 2419 121%
c o 957.88 47 11 82 597 217413 1 9724997 94933 1.6 14 9 5 11 48% 32585 11228 2419 121%
c - 958.93 47 11 82 598 217860 1 9737711 85629 1.6 14 9 5 11 48% 32585 11228 2419 121%
c - 960.83 47 11 82 599 218524 1 9762167 86330 1.6 14 9 5 11 48% 32585 11228 2419 121%
c - 962.73 47 11 82 600 219121 1 9786641 86929 1.6 14 9 5 11 48% 32585 11228 2419 121%
c } 964.03 47 11 83 600 219687 1 9803708 100813 1.6 14 9 5 11 48% 32585 11228 2419 121%
c [ 964.03 47 22 83 600 219687 1 9803708 100813 1.9 25 14 6 15 49% 32585 11228 2419 121%
c B 964.03 47 22 83 600 219687 1 9803708 100813 1.9 25 14 6 15 49% 32585 11228 2419 121%
c - 964.57 47 23 83 601 219692 1 9811135 86830 1.8 25 14 6 15 49% 32585 11228 2419 121%
c - 966.50 47 22 83 602 219701 1 9835651 87210 1.8 25 13 6 15 49% 32585 11228 2419 121%
c - 968.43 47 21 83 603 219715 1 9860186 87583 1.8 24 13 6 15 49% 32585 11228 2419 121%
c - 970.57 47 21 83 604 219717 1 9884742 87266 1.8 24 13 6 15 48% 32585 11228 2419 121%
c - 972.72 47 20 83 605 219731 1 9909319 88438 1.8 23 13 6 15 48% 32585 11228 2419 121%
c - 974.89 47 21 83 606 219742 1 9933915 88211 1.8 24 13 6 15 48% 32585 11228 2419 121%
c u 977.54 47 21 83 606 219748 1 9953818 104031 1.8 24 13 6 15 48% 32585 11228 2419 121%
c v 978.54 47 21 83 606 219748 1 9953818 101151 1.8 24 13 6 15 48% 32585 11228 2419 121%
c w 978.90 47 21 83 606 219748 1 9953818 98738 1.8 24 13 6 15 48% 32585 11228 2419 121%
c
c  seconds    switched       rate           size/glue  tier1     binary         remaining
c          MB   reductions      conflicts         size   tier2       irredundant
c           level      restarts        redundant     glue    trail         variables
c
c - 979.34 47 21 83 607 219748 1 9958534 82131 1.8 24 13 6 15 48% 32585 11228 2419 121%
c - 981.62 47 21 83 608 219749 1 9983171 86130 1.8 24 13 6 15 48% 32585 11228 2419 121%
c - 983.72 47 22 83 609 219755 1 10007829 85368 1.8 24 13 6 15 48% 32585 11228 2419 121%
c - 986.02 47 22 83 610 219764 1 10032508 83961 1.8 24 13 6 15 48% 32585 11228 2419 121%
c - 988.21 47 22 83 611 219778 1 10057207 86635 1.8 24 13 6 15 48% 32585 11228 2419 121%
c - 990.41 47 22 83 612 219780 1 10081926 87417 1.8 24 13 6 15 48% 32585 11228 2419 121%
c W 996.54 47 22 83 612 219791 1 10099618 104132 1.8 24 13 6 15 48% 32585 11228 2419 121%
c ] 996.67 47 22 84 612 219793 1 10101151 105592 1.8 24 13 6 15 48% 32585 11228 2419 121%
c { 996.67 47 11 84 612 219793 1 10101151 105592 1.6 14 9 5 11 48% 32585 11228 2419 121%
c - 997.31 47 12 84 613 220755 2 10106664 89486 1.6 14 9 5 11 48% 32585 11228 2419 121%
c - 999.85 47 14 84 614 224487 2 10131423 91640 1.6 15 10 5 11 48% 32585 11228 2419 121%
c o 1001.18 47 15 84 614 226024 2 10145917 105140 1.6 15 10 5 11 48% 32585 11228 2419 121%
c - 1002.14 47 15 84 615 226936 2 10156204 92867 1.6 15 10 5 11 48% 32585 11228 2419 121%
c - 1004.28 47 16 84 616 228681 3 10181003 93624 1.6 16 10 5 11 48% 32585 11228 2419 121%
c - 1006.36 47 17 84 617 230136 3 10205822 93845 1.6 16 10 5 11 48% 32585 11228 2419 121%
c - 1008.40 47 17 84 618 231219 3 10230661 94016 1.6 16 10 5 11 48% 32585 11228 2419 121%
c - 1010.41 47 18 84 619 232271 3 10255521 95039 1.6 17 10 5 11 48% 32585 11228 2419 121%
c - 1012.44 47 18 84 620 233443 3 10280401 95104 1.6 17 10 5 11 48% 32585 11228 2419 121%
c u 1013.48 47 18 84 620 233518 3 10281929 92005 1.6 17 10 5 11 48% 32585 11228 2419 121%
c v 1014.52 47 18 84 620 233518 3 10281929 88777 1.6 17 10 5 11 48% 32585 11228 2419 121%
c
c   seconds    switched       rate            size/glue  tier1     binary         remaining
c           MB   reductions      conflicts          size   tier2       irredundant
c            level      restarts         redundant     glue    trail         variables
c
c w 1014.88 47 18 84 620 233518 3 10281929 88276 1.6 17 10 5 11 48% 32585 11228 2419 121%
c - 1016.65 47 18 84 621 234106 2 10305300 88426 1.6 17 10 5 11 48% 32585 11228 2419 121%
c - 1018.56 47 18 84 622 234945 2 10330220 90018 1.6 17 10 5 11 48% 32585 11228 2419 121%
c - 1020.57 47 18 84 623 236136 2 10355160 90174 1.6 17 10 5 11 48% 32585 11228 2419 121%
c - 1022.50 47 18 84 624 237029 2 10380120 90392 1.6 17 10 5 11 48% 32585 11228 2419 121%
c - 1024.49 47 18 84 625 238164 2 10405099 91139 1.7 17 10 5 11 48% 32585 11228 2419 121%
c - 1026.41 47 18 84 626 239037 2 10430099 91554 1.7 17 10 5 11 48% 32585 11228 2419 121%
c - 1028.36 47 18 84 627 239920 2 10455118 91432 1.7 17 10 5 11 48% 32585 11228 2419 121%
c } 1028.60 47 18 85 627 239985 2 10458231 94159 1.7 17 10 5 11 48% 32585 11228 2419 121%
c [ 1028.60 47 22 85 627 239985 1 10458231 94159 1.8 24 13 6 15 48% 32585 11228 2419 121%
c O 1028.60 47 22 85 627 239985 1 10458231 94159 1.8 24 13 6 15 48% 32585 11228 2419 121%
c - 1030.17 47 21 85 628 239998 1 10480157 91164 1.8 23 13 6 15 48% 32585 11228 2419 121%
c - 1032.22 47 20 85 629 240008 1 10505216 90523 1.8 23 13 6 15 49% 32585 11228 2419 121%
c - 1034.35 47 20 85 630 240015 1 10530295 89917 1.8 22 12 6 15 49% 32585 11228 2419 121%
c - 1036.42 47 20 85 631 240025 1 10555394 89426 1.8 23 12 6 15 49% 32585 11228 2419 121%
c - 1038.69 47 21 85 632 240036 1 10580514 87476 1.8 23 13 6 15 49% 32585 11228 2419 121%
c - 1041.24 47 20 85 633 240045 1 10605654 88492 1.9 23 12 6 15 49% 32585 11228 2419 121%
c u 1043.10 47 20 85 633 240046 1 10615847 93844 1.9 23 12 6 15 49% 32585 11228 2419 121%
c v 1044.14 47 20 85 633 240046 1 10615847 82439 1.9 23 12 6 15 49% 32585 11228 2419 121%
c w 1044.50 47 20 85 633 240046 1 10615847 70571 1.9 23 12 6 15 49% 32585 11228 2419 121%
c
c   seconds    switched       rate            size/glue  tier1     binary         remaining
c           MB   reductions      conflicts          size   tier2       irredundant
c            level      restarts         redundant     glue    trail         variables
c
c o 1044.53 47 20 85 633 240046 1 10615847 70571 1.9 23 12 6 15 49% 32585 11228 2419 121%
c - 1045.53 47 26 85 634 240047 1 10630814 66232 1.7 24 14 6 15 49% 32585 11228 2419 121%
c - 1047.32 47 26 85 635 240048 1 10655995 71955 1.7 24 14 6 15 49% 32585 11228 2419 121%
c - 1049.38 47 25 85 636 240062 1 10681196 78014 1.7 24 14 6 15 48% 32585 11228 2419 121%
c - 1051.41 47 25 85 637 240075 1 10706415 79710 1.7 24 14 6 15 48% 32585 11228 2419 121%
c - 1053.63 47 24 85 638 240078 1 10731655 80832 1.7 24 14 6 15 49% 32585 11228 2419 121%
c - 1055.77 47 23 85 639 240091 1 10756913 85836 1.7 24 14 6 15 49% 32585 11228 2419 121%
c B 1057.13 47 23 85 639 240096 1 10772814 100845 1.7 24 14 6 15 48% 32585 11228 2419 121%
c - 1057.83 47 24 85 640 240101 1 10782191 84293 1.7 24 14 6 15 49% 32585 11228 2419 121%
c ] 1058.96 47 23 86 640 240108 1 10796935 98433 1.8 24 14 6 15 49% 32585 11228 2419 121%
c { 1058.96 47 18 86 640 240108 2 10796935 98433 1.7 17 10 5 11 48% 32585 11228 2419 121%
c - 1060.64 47 21 86 641 241941 3 10807489 82199 1.7 19 11 5 11 48% 32585 11228 2419 121%
c - 1064.91 47 28 86 642 246363 5 10832807 77978 1.7 22 13 5 11 48% 32585 11228 2419 121%
c - 1069.42 47 34 86 643 250670 6 10858147 72238 1.8 24 14 5 11 48% 32585 11228 2419 121%
c - 1073.77 47 38 86 644 254381 6 10883504 71420 1.8 27 15 5 11 48% 32585 11228 2419 121%
c - 1077.59 47 40 86 645 257061 6 10908882 72949 1.8 28 15 5 11 48% 32585 11228 2419 121%
c - 1081.27 47 41 86 646 259440 6 10934278 74532 1.9 29 16 5 11 48% 32585 11228 2419 121%
c u 1085.52 47 43 86 646 261429 6 10955598 92608 1.9 30 16 5 11 48% 32585 11228 2419 121%
c v 1086.94 47 43 86 646 261429 6 10955598 91336 1.9 30 16 5 11 48% 32585 11228 2419 121%
c w 1087.49 47 43 86 646 261429 6 10955598 91257 1.9 30 16 5 11 48% 32585 11228 2419 121%
c
c   seconds    switched       rate            size/glue  tier1     binary         remaining
c           MB   reductions      conflicts          size   tier2       irredundant
c            level      restarts         redundant     glue    trail         variables
c
c - 1088.10 47 43 86 647 261709 6 10959694 71354 1.9 30 16 5 11 48% 32585 11228 2419 121%
c - 1091.42 47 43 86 648 263468 6 10985131 72348 1.9 31 16 5 11 48% 32585 11228 2419 121%
c - 1094.59 47 44 86 649 264907 6 11010587 73557 2.0 32 16 5 11 48% 32585 11228 2419 121%
c - 1097.69 47 44 86 650 266180 5 11036062 74293 2.0 32 16 5 12 48% 32585 11228 2419 121%
c o 1100.14 47 44 86 650 267241 5 11055998 93919 2.0 33 16 5 12 48% 32585 11228 2419 121%
c - 1101.02 47 44 86 651 267741 5 11061557 74281 2.0 33 16 5 12 48% 32585 11228 2419 121%
c - 1104.20 47 44 86 652 269132 5 11087073 74353 2.0 33 16 5 12 48% 32585 11228 2419 121%
c - 1107.35 47 44 86 653 270454 5 11112608 74598 2.0 34 17 5 12 48% 32585 11228 2419 121%
c - 1110.41 47 44 86 654 271650 5 11138161 75438 2.1 34 16 5 12 48% 32585 11228 2419 121%
c - 1113.69 47 44 86 655 273143 5 11163734 75330 2.1 34 17 5 12 48% 32585 11228 2419 121%
c } 1114.38 47 44 87 655 273435 5 11169791 81317 2.1 34 17 5 12 48% 32585 11228 2419 121%
c [ 1114.38 47 23 87 655 273435 1 11169791 81317 1.8 24 14 6 15 49% 32585 11228 2419 121%
c W 1119.14 47 23 87 655 273435 1 11169791 81317 1.8 24 14 6 15 49% 32585 11228 2419 121%
c - 1120.79 47 23 87 656 273447 1 11189326 78825 1.8 24 13 6 15 49% 32585 11228 2419 121%
c - 1123.21 47 22 87 657 273457 1 11214938 85801 1.8 24 13 6 15 49% 32585 11228 2419 121%
c - 1125.62 47 21 87 658 273465 1 11240572 89267 1.9 24 13 6 15 49% 32585 11228 2419 121%
c - 1128.03 47 21 87 659 273475 1 11266224 89324 1.9 24 13 6 15 49% 32585 11228 2419 121%
c - 1130.64 47 20 87 660 273486 1 11291894 91579 1.9 24 13 6 15 49% 32585 11228 2419 121%
c u 1132.74 47 20 87 660 273491 1 11301182 95777 1.9 23 13 6 15 49% 32585 11228 2419 121%
c v 1134.23 47 20 87 660 273491 1 11301182 84659 1.9 23 13 6 15 49% 32585 11228 2419 121%
c
c   seconds    switched       rate            size/glue  tier1     binary         remaining
c           MB   reductions      conflicts          size   tier2       irredundant
c            level      restarts         redundant     glue    trail         variables
c
c w 1134.74 47 20 87 660 273491 1 11301182 75659 1.9 23 13 6 15 49% 32585 11228 2419 121%
c - 1136.01 47 20 87 661 273496 1 11317584 76377 1.9 23 12 6 15 49% 32585 11228 2419 121%
c - 1138.17 47 20 87 662 273497 1 11343295 85594 1.9 23 12 6 15 50% 32585 11228 2419 121%
c - 1140.49 47 20 87 663 273500 1 11369027 88825 1.9 23 13 6 15 50% 32585 11228 2419 121%
c - 1143.04 47 19 87 664 273512 1 11394776 89731 1.8 23 12 6 15 50% 32585 11228 2419 121%
c - 1145.46 47 19 87 665 273526 1 11420545 89614 1.8 23 13 6 15 50% 32585 11228 2419 121%
c - 1147.93 47 19 87 666 273528 1 11446334 89768 1.8 23 13 6 15 50% 32585 11228 2419 121%
c - 1150.43 47 19 87 667 273542 1 11472140 91808 1.8 23 12 6 15 50% 32585 11228 2419 121%
c - 1152.71 47 20 87 668 273554 1 11497966 91764 1.8 23 13 6 15 50% 32585 11228 2419 121%
c I 1153.20 47 20 87 668 273557 1 11503463 97055 1.8 23 13 6 15 50% 32585 11228 2419 121%
c - 1155.00 47 26 87 669 273559 1 11523813 81811 1.8 27 15 6 15 49% 32585 11228 2419 121%
c - 1157.22 47 31 87 670 273560 1 11549680 70514 1.7 30 17 6 15 49% 32585 11228 2419 121%
c - 1159.60 47 36 87 671 273561 1 11575565 66306 1.7 32 19 6 15 49% 32585 11228 2419 121%
c - 1162.01 47 39 87 672 273561 1 11601468 65448 1.7 33 20 6 15 49% 32585 11228 2419 121%
c - 1164.43 47 42 87 673 273561 1 11627391 67515 1.7 35 20 6 15 48% 32585 11228 2419 121%
c o 1164.92 47 42 87 673 273565 1 11632937 72912 1.7 35 21 6 15 49% 32585 11228 2419 121%
c u 1167.59 47 42 87 673 273575 1 11652647 88633 1.7 33 20 6 15 48% 32585 11228 2419 121%
c v 1168.75 47 42 87 673 273575 1 11652647 88147 1.7 33 20 6 15 48% 32585 11228 2419 121%
c w 1169.19 47 42 87 673 273575 1 11652647 87211 1.7 33 20 6 15 48% 32585 11228 2419 121%
c - 1169.29 47 41 87 674 273575 1 11653334 68977 1.7 33 20 6 15 48% 32585 11228 2419 121%
c
c   seconds    switched       rate            size/glue  tier1     binary         remaining
c           MB   reductions      conflicts          size   tier2       irredundant
c            level      restarts         redundant     glue    trail         variables
c
c - 1171.65 47 36 87 675 273588 1 11679298 78629 1.7 31 18 6 15 49% 32585 11228 2419 121%
c - 1173.94 47 33 87 676 273592 1 11705280 85655 1.8 30 17 6 15 49% 32585 11228 2419 121%
c ] 1175.55 47 31 88 676 273599 1 11722600 102219 1.8 30 16 6 15 50% 32585 11228 2419 121%
c { 1175.55 47 44 88 676 273599 5 11722600 102219 2.1 34 17 5 12 48% 32585 11228 2419 121%
c - 1176.32 47 42 88 677 273599 4 11731280 87821 2.0 33 16 5 12 48% 32585 11228 2419 121%
c - 1178.75 47 37 88 678 273600 4 11757299 89700 2.0 31 15 5 12 49% 32585 11228 2419 121%
c - 1180.76 47 32 88 679 273615 3 11783338 92158 2.0 28 14 5 12 49% 32585 11228 2419 121%
c - 1182.78 47 29 88 680 273624 3 11809395 93654 1.9 26 14 5 12 48% 32585 11228 2419 121%
c - 1184.83 47 26 88 681 273681 2 11835471 95037 1.9 25 13 5 12 48% 32585 11228 2419 121%
c - 1186.84 47 24 88 682 273731 2 11861566 95676 1.9 24 12 5 12 48% 32585 11228 2419 121%
c - 1188.89 47 22 88 683 273826 2 11887681 95535 1.9 23 12 5 12 48% 32585 11228 2419 121%
c - 1190.93 47 21 88 684 273929 2 11913815 95151 1.8 22 12 5 12 48% 32585 11228 2419 121%
c - 1193.12 47 20 88 685 274038 2 11939968 94948 1.8 21 11 5 12 48% 32585 11228 2419 121%
c - 1195.14 47 19 88 686 274258 2 11966141 95410 1.8 20 11 5 12 48% 32585 11228 2419 121%
c - 1197.19 47 18 88 687 274611 2 11992333 95884 1.8 19 11 5 12 48% 32585 11228 2419 121%
c u 1199.50 47 18 88 687 274919 2 12009968 104823 1.8 19 11 5 12 48% 32585 11228 2419 121%
c v 1200.59 47 18 88 687 274919 2 12009968 99615 1.8 19 11 5 12 48% 32585 11228 2419 121%
c w 1200.98 47 18 88 687 274919 2 12009968 98525 1.8 19 11 5 12 48% 32585 11228 2419 121%
c - 1201.68 47 18 88 688 275217 2 12018543 87094 1.8 19 11 5 12 48% 32585 11228 2419 121%
c - 1203.68 47 18 88 689 275757 2 12044773 89090 1.7 19 11 5 12 48% 32585 11228 2419 121%
c
c   seconds    switched       rate            size/glue  tier1     binary         remaining
c           MB   reductions      conflicts          size   tier2       irredundant
c            level      restarts         redundant     glue    trail         variables
c
c - 1205.60 47 17 88 690 276117 2 12071022 90367 1.7 18 10 5 12 48% 32585 11228 2419 121%
c o 1207.25 47 17 88 690 276673 2 12092951 110488 1.7 18 10 5 12 48% 32585 11228 2419 121%
c - 1207.64 47 17 88 691 276840 2 12097289 91833 1.7 18 10 5 12 48% 32585 11228 2419 121%
c } 1208.76 47 17 89 691 277371 2 12111537 104907 1.7 18 10 5 12 48% 32585 11228 2419 121%
c [ 1208.76 47 31 89 691 277371 1 12111537 104907 1.8 30 16 6 15 50% 32585 11228 2419 121%
c B 1208.76 47 31 89 691 277371 1 12111537 104907 1.8 30 16 6 15 50% 32585 11228 2419 121%
c - 1209.67 47 30 89 692 277377 1 12123576 92398 1.8 29 16 6 15 50% 32585 11228 2419 121%
c - 1211.86 47 28 89 693 277390 1 12149881 91443 1.8 28 15 6 15 50% 32585 11228 2419 121%
c - 1214.16 47 25 89 694 277400 1 12176206 92031 1.8 26 14 6 15 50% 32585 11228 2419 121%
c - 1216.59 47 25 89 695 277408 1 12202550 90314 1.8 26 14 6 15 50% 32585 11228 2419 121%
c - 1219.27 47 24 89 696 277419 1 12228912 88153 1.9 26 14 6 15 50% 32585 11228 2419 121%
c - 1221.68 47 23 89 697 277431 1 12255293 91194 1.9 26 14 6 15 50% 32585 11228 2419 121%
c - 1224.22 47 22 89 698 277433 1 12281693 93120 1.9 25 13 6 15 49% 32585 11228 2419 121%
c - 1226.67 47 22 89 699 277433 1 12308112 94711 1.9 25 13 6 15 50% 32585 11228 2419 121%
c - 1229.13 47 21 89 700 277448 1 12334550 94793 1.9 25 13 6 15 50% 32585 11228 2419 121%
c - 1231.67 47 20 89 701 277461 1 12361009 95822 1.9 24 13 6 15 50% 32585 11228 2419 121%
c u 1233.75 47 20 89 701 277463 1 12373197 102934 1.9 24 12 6 15 50% 32585 11228 2419 121%
c v 1234.96 47 20 89 701 277463 1 12373197 81259 1.9 24 12 6 15 50% 32585 11228 2419 121%
c w 1235.38 47 20 89 701 277463 1 12373197 70792 1.9 24 12 6 15 50% 32585 11228 2419 121%
c - 1241.02 47 20 89 702 277464 1 12387485 70779 1.9 24 13 6 15 50% 32585 11228 2419 121%
c
c   seconds    switched       rate            size/glue  tier1     binary         remaining
c           MB   reductions      conflicts          size   tier2       irredundant
c            level      restarts         redundant     glue    trail         variables
c
c - 1243.39 47 20 89 703 277478 1 12413980 81046 1.9 24 13 6 15 50% 32585 11228 2419 121%
c - 1245.92 47 21 89 704 277491 1 12440494 87213 1.9 24 13 6 15 50% 32585 11228 2419 121%
c ] 1246.10 47 21 90 704 277492 1 12442334 88969 1.9 24 13 6 15 50% 32585 11228 2419 121%
c { 1246.10 47 17 90 704 277492 2 12442334 88969 1.7 18 10 5 12 48% 32585 11228 2419 121%
c - 1248.23 47 18 90 705 278513 2 12467026 91665 1.7 18 10 5 12 48% 32585 11228 2419 121%
c - 1250.54 47 18 90 706 279578 2 12493580 95009 1.7 18 10 5 12 48% 32585 11228 2419 121%
c - 1252.75 47 18 90 707 280442 2 12520151 95691 1.7 18 10 5 12 48% 32585 11228 2419 121%
c - 1255.03 47 18 90 708 281423 2 12546740 96480 1.7 18 10 5 12 48% 32585 11228 2419 121%
c o 1256.64 47 18 90 708 282105 2 12566707 114581 1.7 18 10 5 12 48% 32585 11228 2419 121%
c - 1257.19 47 18 90 709 282259 2 12573349 97261 1.7 18 10 5 12 48% 32585 11228 2419 121%
c - 1259.49 47 18 90 710 283391 2 12599978 97217 1.7 18 10 5 12 48% 32585 11228 2419 121%
c - 1261.87 47 18 90 711 284728 2 12626623 96992 1.7 18 10 5 12 48% 32585 11228 2419 121%
c - 1264.13 47 18 90 712 285817 2 12653288 97309 1.7 18 10 5 12 48% 32585 11228 2419 121%
c - 1266.36 47 18 90 713 286863 2 12679972 97692 1.7 18 10 5 12 48% 32585 11228 2419 121%
c - 1268.56 47 18 90 714 287769 2 12706674 98364 1.7 18 10 5 12 48% 32585 11228 2419 121%
c - 1270.74 47 18 90 715 288505 2 12733397 98714 1.7 18 10 5 12 48% 32585 11228 2419 121%
c u 1272.18 47 18 90 715 288739 2 12742335 103540 1.7 17 10 5 12 48% 32585 11228 2419 121%
c v 1273.04 47 18 90 715 288739 2 12742335 101154 1.7 17 10 5 12 48% 32585 11228 2419 121%
c w 1273.31 47 18 90 715 288739 2 12742335 100864 1.7 17 10 5 12 48% 32585 11228 2419 121%
c - 1275.04 47 18 90 716 289312 2 12760136 93193 1.7 17 10 5 12 48% 32585 11228 2419 121%
c
c   seconds    switched       rate            size/glue  tier1     binary         remaining
c           MB   reductions      conflicts          size   tier2       irredundant
c            level      restarts         redundant     glue    trail         variables
c
c - 1277.26 47 18 90 717 290173 2 12786894 95164 1.7 17 10 5 12 48% 32585 11228 2419 121%
c - 1279.42 47 18 90 718 291108 2 12813670 95859 1.7 17 10 5 12 48% 32585 11228 2419 121%
c - 1281.56 47 18 90 719 292038 2 12840465 95906 1.7 17 10 5 12 48% 32585 11228 2419 121%
c } 1282.12 47 18 91 719 292188 2 12847655 102156 1.7 17 10 5 12 48% 32585 11228 2419 121%
c [ 1282.12 47 21 91 719 292188 1 12847655 102156 1.9 24 13 6 15 50% 32585 11228 2419 121%
c W 1288.01 47 21 91 719 292188 1 12847655 102156 1.9 24 13 6 15 50% 32585 11228 2419 121%
c - 1289.63 47 22 91 720 292200 1 12867279 91169 1.9 25 13 6 15 50% 32585 11228 2419 121%
c - 1292.09 47 22 91 721 292211 1 12894112 85090 1.9 25 14 6 15 49% 32585 11228 2419 121%
c - 1294.75 47 22 91 722 292218 1 12920963 84000 1.9 26 14 6 15 49% 32585 11228 2419 121%
c - 1297.47 47 22 91 723 292230 1 12947834 86109 1.9 26 14 6 15 49% 32585 11228 2419 121%
c - 1300.03 47 22 91 724 292240 1 12974722 89888 1.9 25 14 6 15 49% 32585 11228 2419 121%
c - 1302.85 47 22 91 725 292249 1 13001629 92071 1.9 26 14 6 15 50% 32585 11228 2419 121%
c - 1305.60 47 22 91 726 292250 1 13028557 95516 1.9 25 13 6 15 49% 32585 11228 2419 121%
c - 1308.32 47 22 91 727 292257 1 13055502 97892 1.9 25 13 6 15 49% 32585 11228 2419 121%
c - 1311.03 47 22 91 728 292270 1 13082466 98889 1.9 25 13 6 15 49% 32585 11228 2419 121%
c - 1313.79 47 21 91 729 292280 1 13109447 98284 1.9 24 13 6 15 49% 32585 11228 2419 121%
c u 1315.67 47 21 91 729 292281 1 13117382 102009 1.9 25 13 6 15 49% 32585 11228 2419 121%
c v 1317.02 47 21 91 729 292281 1 13117382 99103 1.9 25 13 6 15 49% 32585 11228 2419 121%
c w 1317.49 47 21 91 729 292281 1 13117382 96819 1.9 25 13 6 15 49% 32585 11228 2419 121%
c o 1317.52 47 21 91 729 292281 1 13117382 96819 1.9 25 13 6 15 49% 32585 11228 2419 121%
c
c   seconds    switched       rate            size/glue  tier1     binary         remaining
c           MB   reductions      conflicts          size   tier2       irredundant
c            level      restarts         redundant     glue    trail         variables
c
c - 1319.05 47 40 91 730 292288 1 13136447 82552 1.7 28 17 6 15 48% 32585 11228 2419 121%
c - 1321.22 47 36 91 731 292300 1 13163465 82612 1.7 27 16 6 15 48% 32585 11228 2419 121%
c - 1323.54 47 33 91 732 292311 1 13190502 88175 1.7 27 15 6 15 48% 32585 11228 2419 121%
c ] 1323.74 47 33 92 732 292312 1 13192854 90465 1.7 27 15 6 15 48% 32585 11228 2419 121%
c { 1323.74 47 18 92 732 292312 2 13192854 90465 1.7 17 10 5 12 48% 32585 11228 2419 121%
c - 1325.86 47 18 92 733 293333 2 13217557 92550 1.7 17 10 5 12 48% 32585 11228 2419 121%
c - 1328.21 47 18 92 734 294432 2 13244630 97088 1.6 17 10 5 12 48% 32585 11228 2419 121%
c - 1330.53 47 18 92 735 295638 2 13271723 99402 1.6 17 10 5 12 48% 32585 11228 2419 121%
c - 1332.85 47 18 92 736 296846 2 13298834 100380 1.7 17 10 5 12 48% 32585 11228 2419 121%
c - 1335.03 47 18 92 737 297604 2 13325963 100836 1.7 17 10 5 12 48% 32585 11228 2419 121%
c - 1337.32 47 18 92 738 298443 2 13353110 101038 1.7 17 10 5 12 48% 32585 11228 2419 121%
c - 1339.58 47 18 92 739 299283 2 13380276 101630 1.7 17 10 5 12 48% 32585 11228 2419 121%
c - 1342.06 47 18 92 740 300619 2 13407461 101973 1.7 17 10 5 12 48% 32585 11228 2419 121%
c - 1344.32 47 18 92 741 301336 2 13434664 101901 1.7 17 10 5 12 48% 32585 11228 2419 121%
c - 1346.74 47 18 92 742 302630 2 13461885 102111 1.7 18 10 5 12 48% 32585 11228 2419 121%
c - 1349.03 47 18 92 743 303518 2 13489125 102090 1.7 18 10 5 12 48% 32585 11228 2419 121%
c u 1350.86 47 18 92 743 303946 2 13498367 106096 1.7 18 10 5 12 48% 32585 11228 2419 121%
c v 1352.02 47 18 92 743 303946 2 13498367 100562 1.7 18 10 5 12 48% 32585 11228 2419 121%
c w 1352.43 47 18 92 743 303946 2 13498367 100114 1.7 18 10 5 12 48% 32585 11228 2419 121%
c - 1354.03 47 18 92 744 304836 2 13516385 92752 1.7 18 10 5 12 48% 32585 11228 2419 121%
c
c   seconds    switched       rate            size/glue  tier1     binary         remaining
c           MB   reductions      conflicts          size   tier2       irredundant
c            level      restarts         redundant     glue    trail         variables
c
c - 1356.28 47 18 92 745 305527 2 13543662 96863 1.7 18 10 5 12 48% 32585 11228 2419 121%
c - 1358.64 47 18 92 746 306610 2 13570957 99307 1.7 18 10 5 12 48% 32585 11228 2419 121%
c - 1360.99 47 18 92 747 307749 2 13598272 99768 1.7 18 10 5 12 48% 32585 11228 2419 121%
c o 1361.79 47 18 92 747 308101 2 13607615 108089 1.7 18 10 5 12 48% 32585 11228 2419 121%
c } 1362.43 47 18 93 747 308395 2 13614859 114622 1.7 18 10 5 12 48% 32585 11228 2419 121%
c [ 1362.43 47 33 93 747 308395 1 13614859 114622 1.7 27 15 6 15 48% 32585 11228 2419 121%
c O 1362.43 47 33 93 747 308395 1 13614859 114622 1.7 27 15 6 15 48% 32585 11228 2419 121%
c - 1363.28 47 31 93 748 308401 1 13625605 98852 1.7 26 15 6 15 48% 32585 11228 2419 121%
c - 1365.66 47 28 93 749 308414 1 13652955 97912 1.7 25 14 6 15 49% 32585 11228 2419 121%
c - 1368.28 47 26 93 750 308424 1 13680323 97407 1.8 25 14 6 15 49% 32585 11228 2419 121%
c - 1371.00 47 24 93 751 308432 1 13707709 98189 1.8 24 13 6 15 49% 32585 11228 2419 121%
c - 1373.95 47 24 93 752 308445 1 13735114 97763 1.8 25 14 6 15 49% 32585 11228 2419 121%
c - 1376.76 47 24 93 753 308456 1 13762536 94678 1.8 25 14 6 15 49% 32585 11228 2419 121%
c - 1379.65 47 24 93 754 308457 1 13789977 93854 1.8 25 14 6 15 49% 32585 11228 2419 121%
c - 1382.55 47 24 93 755 308462 1 13817437 93488 1.8 26 14 6 15 49% 32585 11228 2419 121%
c - 1385.67 47 24 93 756 308473 1 13844914 93260 1.9 26 14 6 15 50% 32585 11228 2419 121%
c - 1388.60 47 23 93 757 308487 1 13872409 97355 1.9 26 14 6 15 50% 32585 11228 2419 121%
c u 1391.14 47 22 93 757 308488 1 13885308 105553 1.9 25 13 6 15 50% 32585 11228 2419 121%
c v 1392.65 47 22 93 757 308488 1 13885308 102043 1.9 25 13 6 15 50% 32585 11228 2419 121%
c w 1393.17 47 22 93 757 308488 1 13885308 100195 1.9 25 13 6 15 50% 32585 11228 2419 121%
c
c   seconds    switched       rate            size/glue  tier1     binary         remaining
c           MB   reductions      conflicts          size   tier2       irredundant
c            level      restarts         redundant     glue    trail         variables
c
c - 1394.74 47 23 93 758 308494 1 13899922 91998 1.9 26 14 6 15 50% 32585 11228 2419 121%
c - 1397.57 47 22 93 759 308505 1 13927454 94742 1.9 26 14 6 15 50% 32585 11228 2419 121%
c - 1400.24 47 23 93 760 308518 1 13955003 96191 1.9 26 14 6 15 50% 32585 11228 2419 121%
c ] 1401.06 47 23 94 760 308519 1 13963112 104084 1.9 26 14 6 15 50% 32585 11228 2419 121%
c { 1401.06 47 18 94 760 308519 2 13963112 104084 1.7 18 10 5 12 48% 32585 11228 2419 121%
c - 1402.94 47 18 94 761 309092 2 13982574 96714 1.7 18 10 5 12 48% 32585 11228 2419 121%
c - 1405.45 47 18 94 762 310176 2 14010163 100311 1.7 17 10 5 12 48% 32585 11228 2419 121%
c - 1407.89 47 18 94 763 311242 2 14037767 102734 1.7 17 10 5 12 48% 32585 11228 2419 121%
c - 1410.16 47 18 94 764 311897 2 14065395 103906 1.7 17 10 5 12 48% 32585 11228 2419 121%
c - 1412.59 47 18 94 765 313059 2 14093038 103999 1.7 17 10 5 12 48% 32585 11228 2419 121%
c o 1413.91 47 18 94 765 313631 2 14107912 117612 1.7 17 10 5 12 48% 32585 11228 2419 121%
c - 1415.06 47 18 94 766 314100 2 14120697 104292 1.7 17 10 5 12 48% 32585 11228 2419 121%
c - 1417.43 47 18 94 767 314820 2 14148373 105023 1.7 17 10 5 12 48% 32585 11228 2419 121%
c - 1419.80 47 17 94 768 315878 2 14176067 105018 1.7 17 10 5 12 48% 32585 11228 2419 121%
c - 1422.16 47 18 94 769 316932 2 14203782 104866 1.7 17 10 5 12 48% 32585 11228 2419 121%
c - 1424.48 47 17 94 770 317845 2 14231512 105553 1.7 17 10 5 12 48% 32585 11228 2419 121%
c - 1426.85 47 17 94 771 318926 2 14259261 105902 1.7 17 10 5 12 48% 32585 11228 2419 121%
c u 1429.51 47 17 94 771 319525 2 14278210 117006 1.7 17 10 5 12 48% 32585 11228 2419 121%
c v 1430.75 47 17 94 771 319525 2 14278210 111889 1.7 17 10 5 12 48% 32585 11228 2419 121%
c w 1431.18 47 17 94 771 319525 2 14278210 111280 1.7 17 10 5 12 48% 32585 11228 2419 121%
c
c   seconds    switched       rate            size/glue  tier1     binary         remaining
c           MB   reductions      conflicts          size   tier2       irredundant
c            level      restarts         redundant     glue    trail         variables
c
c - 1431.97 47 17 94 772 319955 2 14287028 96805 1.7 17 10 5 12 48% 32585 11228 2419 121%
c - 1434.49 47 18 94 773 321242 2 14314813 99240 1.7 17 10 5 12 48% 32585 11228 2419 121%
c - 1436.90 47 18 94 774 322594 2 14342615 101515 1.7 17 10 5 12 48% 32585 11228 2419 121%
c - 1439.25 47 18 94 775 323612 2 14370435 102427 1.7 17 10 5 12 48% 32585 11228 2419 121%
c - 1441.68 47 18 94 776 324775 2 14398275 102996 1.7 17 10 5 12 48% 32585 11228 2419 121%
c } 1442.01 47 18 95 776 324914 2 14402097 106452 1.7 17 10 5 12 48% 32585 11228 2419 121%
c [ 1442.01 47 23 95 776 324914 1 14402097 106452 1.9 26 14 6 15 50% 32585 11228 2419 121%
c B 1442.01 47 23 95 776 324914 1 14402097 106452 1.9 26 14 6 15 50% 32585 11228 2419 121%
c - 1444.05 47 23 95 777 324927 1 14426132 97555 1.9 26 14 6 15 50% 32585 11228 2419 121%
c - 1446.71 47 23 95 778 324941 1 14454007 92191 1.9 26 14 6 15 50% 32585 11228 2419 121%
c - 1449.38 47 22 95 779 324944 1 14481903 94625 1.9 26 14 6 15 49% 32585 11228 2419 121%
c - 1452.40 47 22 95 780 324959 1 14509814 98793 1.9 25 13 6 15 49% 32585 11228 2419 121%
c - 1455.37 47 20 95 781 324973 1 14537743 102703 1.9 24 13 6 15 49% 32585 11228 2419 121%
c - 1458.24 47 20 95 782 324975 1 14565689 103683 1.9 24 13 6 15 50% 32585 11228 2419 121%
c - 1461.24 47 20 95 783 324976 1 14593653 102046 1.8 24 13 6 15 50% 32585 11228 2419 121%
c - 1464.30 47 20 95 784 324990 1 14621635 103402 1.9 24 13 6 15 50% 32585 11228 2419 121%
c o 1466.00 47 19 95 784 324997 1 14637802 117990 1.9 23 13 6 15 50% 32585 11228 2419 121%
c - 1467.13 47 22 95 785 325003 1 14649638 102715 1.8 24 13 6 15 50% 32585 11228 2419 121%
c u 1470.88 47 22 95 785 325007 1 14677095 125367 1.8 25 13 6 15 50% 32585 11228 2419 121%
c v 1472.36 64 22 95 785 325007 1 14677095 108991 1.8 25 13 6 15 50% 32585 11228 2419 121%
c
c   seconds    switched       rate             size/glue  tier1     binary         remaining
c           MB   reductions      conflicts           size   tier2       irredundant
c            level      restarts         redundant      glue    trail         variables
c
c w 1472.89 64 22 95 785 325007 1 14677095 106745 1.8 25 13 6 15 50% 32585 11228 2419 121%
c - 1472.99 54 22 95 786 325007 1 14677657 87886 1.8 25 13 6 15 50% 32585 11228 2419 121%
c - 1475.80 55 22 95 787 325022 1 14705692 96479 1.9 25 13 6 15 50% 32585 11228 2419 121%
c - 1478.46 55 21 95 788 325035 1 14733745 100736 1.9 24 13 6 15 50% 32585 11228 2419 121%
c ] 1481.18 54 21 96 788 325038 1 14760158 125747 1.9 24 13 6 15 50% 32585 11228 2419 121%
c { 1481.18 54 18 96 788 325038 2 14760158 125747 1.7 17 10 5 12 48% 32585 11228 2419 121%
c - 1481.40 55 18 96 789 325205 2 14761816 102362 1.7 17 10 5 12 48% 32585 11228 2419 121%
c - 1483.77 54 18 96 790 325962 2 14789906 104393 1.7 17 10 5 12 48% 32585 11228 2419 121%
c - 1486.31 54 18 96 791 327245 2 14818013 105421 1.7 17 10 5 12 48% 32585 11228 2419 121%
c - 1488.75 55 18 96 792 328276 2 14846138 105533 1.7 17 10 5 12 48% 32585 11228 2419 121%
c - 1491.28 58 18 96 793 329296 2 14874281 106348 1.7 18 10 5 12 48% 32585 11228 2419 121%
c - 1493.73 58 17 96 794 329944 2 14902441 106756 1.7 17 10 5 12 48% 32585 11228 2419 121%
c - 1496.19 55 17 96 795 331070 2 14930621 106566 1.7 17 10 5 12 48% 32585 11228 2419 121%
c - 1498.71 58 18 96 796 332462 2 14958816 106596 1.7 17 10 5 11 48% 32585 11228 2419 121%
c - 1501.12 54 18 96 797 333544 2 14987030 107230 1.7 17 10 5 11 48% 32585 11228 2419 121%
c - 1503.71 56 18 96 798 334836 2 15015263 107834 1.7 17 10 5 11 48% 32585 11228 2419 121%
c - 1506.20 58 18 96 799 335826 2 15043511 107999 1.7 17 10 5 11 48% 32585 11228 2419 121%
c - 1508.86 58 18 96 800 336935 2 15071778 108478 1.7 17 10 5 11 48% 32585 11228 2419 121%
c u 1511.00 58 18 96 800 337333 2 15081969 113531 1.7 17 10 5 11 48% 32585 11228 2419 121%
c v 1512.36 60 18 96 800 337333 2 15081969 109786 1.7 17 10 5 11 48% 32585 11228 2419 121%
c
c   seconds    switched       rate             size/glue  tier1     binary         remaining
c           MB   reductions      conflicts           size   tier2       irredundant
c            level      restarts         redundant      glue    trail         variables
c
c w 1512.84 60 18 96 800 337333 2 15081969 109182 1.7 17 10 5 11 48% 32585 11228 2419 121%
c - 1514.46 54 18 96 801 338093 2 15100062 102885 1.7 17 10 5 11 48% 32585 11228 2419 121%
c - 1516.84 55 18 96 802 338852 2 15128365 104784 1.7 17 10 5 11 48% 32585 11228 2419 121%
c - 1519.35 58 18 96 803 340192 2 15156685 105503 1.7 17 10 5 11 48% 32585 11228 2419 121%
c o 1519.45 54 18 96 803 340215 2 15157948 106611 1.7 17 10 5 11 48% 32585 11228 2419 121%
c - 1521.69 55 18 96 804 340916 2 15185022 105845 1.7 17 10 5 11 48% 32585 11228 2419 121%
c - 1524.15 56 18 96 805 342041 2 15213377 106441 1.7 17 10 5 11 48% 32585 11228 2419 121%
c } 1524.40 54 18 97 805 342094 2 15216424 109121 1.7 17 10 5 11 48% 32585 11228 2419 121%
c [ 1524.40 54 21 97 805 342094 1 15216424 109121 1.9 24 13 6 15 50% 32585 11228 2419 121%
c W 1530.89 47 21 97 805 342094 1 15216424 109121 1.9 24 13 6 15 50% 32585 11228 2419 121%
c - 1532.83 47 20 97 806 342108 1 15241750 106300 1.9 24 13 6 15 50% 32585 11228 2419 121%
c - 1535.18 47 20 97 807 342122 1 15270140 105013 1.9 23 12 6 15 49% 32585 11228 2419 121%
c - 1537.60 47 20 97 808 342125 1 15298548 104285 1.9 23 13 6 15 49% 32585 11228 2419 121%
c - 1540.25 47 19 97 809 342139 1 15326974 106437 1.9 23 12 6 15 50% 32585 11228 2419 121%
c - 1543.04 47 19 97 810 342153 1 15355420 108166 1.9 23 12 6 15 49% 32585 11228 2419 121%
c - 1545.91 47 19 97 811 342156 1 15383880 105685 2.0 24 12 6 15 50% 32585 11228 2419 121%
c - 1548.84 47 19 97 812 342156 1 15412358 106285 2.0 25 12 6 15 50% 32585 11228 2419 121%
c - 1551.86 47 19 97 813 342171 1 15440853 109692 2.1 25 12 6 15 50% 32585 11228 2419 121%
c - 1554.78 47 18 97 814 342185 1 15469366 110818 2.0 25 12 6 15 49% 32585 11228 2419 121%
c u 1558.51 47 19 97 814 342187 1 15492851 129837 2.0 24 12 6 15 49% 32585 11228 2419 121%
c
c   seconds    switched       rate             size/glue  tier1     binary         remaining
c           MB   reductions      conflicts           size   tier2       irredundant
c            level      restarts         redundant      glue    trail         variables
c
c v 1560.03 47 19 97 814 342187 1 15492851 118539 2.0 24 12 6 15 49% 32585 11228 2419 121%
c w 1560.59 64 19 97 814 342187 1 15492851 113736 2.0 24 12 6 15 49% 32585 11228 2419 121%
c - 1561.16 54 19 97 815 342190 1 15497900 98309 2.0 24 12 6 15 49% 32585 11228 2419 121%
c - 1564.02 55 19 97 816 342202 1 15526449 101794 2.0 24 12 6 15 49% 32585 11228 2419 121%
c - 1567.00 54 20 97 817 342217 1 15555015 105488 2.0 25 12 6 15 49% 32585 11228 2419 121%
c - 1569.96 55 21 97 818 342219 1 15583598 104679 2.0 26 13 6 15 49% 32585 11228 2419 121%
c I 1572.88 58 21 97 818 342219 1 15609787 129639 2.0 26 13 6 15 49% 32585 11228 2419 121%
c - 1573.13 54 21 97 819 342220 1 15612200 103550 2.0 26 13 6 15 49% 32585 11228 2419 121%
c ] 1573.40 55 22 98 819 342220 1 15615519 106788 2.0 26 13 6 15 49% 32585 11228 2419 121%
c { 1573.40 55 18 98 819 342220 2 15615519 106788 1.7 17 10 5 11 48% 32585 11228 2419 121%
c - 1575.58 55 16 98 820 342230 2 15640819 105499 1.6 16 10 5 11 48% 32585 11228 2419 121%
c - 1577.99 58 15 98 821 342252 2 15669454 105819 1.6 16 10 5 11 48% 32585 11228 2419 121%
c o 1579.82 54 14 98 821 342298 2 15691002 123022 1.6 15 10 5 11 48% 32585 11228 2419 121%
c - 1580.42 55 14 98 822 342332 2 15698107 107212 1.6 15 9 5 11 48% 32585 11228 2419 121%
c - 1582.76 54 13 98 823 342492 2 15726777 108844 1.6 15 9 5 11 48% 32585 11228 2419 121%
c - 1585.20 58 13 98 824 342671 1 15755464 108818 1.6 15 9 5 11 48% 32585 11228 2419 121%
c - 1587.71 54 12 98 825 342986 1 15784171 110579 1.6 15 9 5 11 48% 32585 11228 2419 121%
c - 1590.17 58 12 98 826 343247 1 15812894 111007 1.6 15 9 5 11 48% 32585 11228 2419 121%
c - 1592.88 55 12 98 827 343700 1 15841634 110175 1.6 14 9 5 11 48% 32585 11228 2419 121%
c - 1595.40 58 11 98 828 344159 1 15870391 110445 1.6 14 9 5 11 48% 32585 11228 2419 121%
c
c   seconds    switched       rate             size/glue tier1     binary         remaining
c           MB   reductions      conflicts           size  tier2       irredundant
c            level      restarts         redundant     glue    trail         variables
c
c - 1598.00 55 11 98 829 344653 1 15899166 111041 1.6 14 9 5 11 48% 32585 11228 2419 121%
c u 1600.22 58 11 98 829 344928 1 15909743 112955 1.6 14 9 5 11 48% 32585 11228 2419 121%
c v 1601.62 60 11 98 829 344928 1 15909743 104961 1.6 14 9 5 11 48% 32585 11228 2419 121%
c w 1602.10 60 11 98 829 344928 1 15909743 104648 1.6 14 9 5 11 48% 32585 11228 2419 121%
c - 1603.75 55 11 98 830 345323 1 15927961 99836 1.6 14 9 5 11 48% 32585 11228 2419 121%
c - 1606.41 55 11 98 831 346193 1 15956773 105362 1.6 14 9 5 11 48% 32585 11228 2419 121%
c - 1609.23 58 11 98 832 347172 1 15985600 107459 1.6 14 9 5 11 48% 32585 11228 2419 121%
c - 1611.99 54 11 98 833 348100 1 16014445 108189 1.6 14 9 5 11 48% 32585 11228 2419 121%
c - 1614.64 58 11 98 834 348732 1 16043306 108836 1.6 14 9 5 11 48% 32585 11228 2419 121%
c - 1617.42 56 11 98 835 349659 1 16072185 109007 1.6 14 9 5 11 48% 32585 11228 2419 121%
c } 1618.97 55 11 99 835 350091 1 16089355 122938 1.6 14 9 5 11 48% 32585 11228 2419 121%
c [ 1618.97 55 22 99 835 350091 1 16089355 122938 2.0 26 13 6 15 49% 32585 11228 2419 121%
c B 1618.97 55 22 99 835 350091 1 16089355 122938 2.0 26 13 6 15 49% 32585 11228 2419 121%
c - 1619.96 58 21 99 836 350097 1 16101083 110019 2.0 26 13 6 15 49% 32585 11228 2419 121%
c - 1622.79 58 21 99 837 350111 1 16129997 111549 2.0 25 13 6 15 49% 32585 11228 2419 121%
c - 1625.97 58 21 99 838 350121 1 16158927 112213 1.9 25 13 6 15 49% 32585 11228 2419 121%
c - 1629.10 58 22 99 839 350132 1 16187878 109045 1.9 25 13 6 15 49% 32585 11228 2419 121%
c - 1632.16 55 22 99 840 350144 1 16216843 107346 1.9 25 13 6 15 49% 32585 11228 2419 121%
c - 1635.46 58 21 99 841 350152 1 16245825 111044 1.9 25 13 6 15 49% 32585 11228 2419 121%
c - 1638.51 58 21 99 842 350153 1 16274830 113812 1.8 24 13 6 15 49% 32585 11228 2419 121%
c
c   seconds    switched       rate             size/glue  tier1     binary         remaining
c           MB   reductions      conflicts           size   tier2       irredundant
c            level      restarts         redundant      glue    trail         variables
c
c - 1641.53 58 20 99 843 350165 1 16303847 116541 1.9 23 12 6 15 49% 32585 11228 2419 121%
c u 1646.14 62 19 99 843 350177 1 16332671 139368 1.9 23 12 6 15 49% 32585 11228 2419 121%
c v 1647.84 66 19 99 843 350177 1 16332671 120228 1.9 23 12 6 15 49% 32585 11228 2419 121%
c w 1648.43 66 19 99 843 350177 1 16332671 103448 1.9 23 12 6 15 49% 32585 11228 2419 121%
c o 1648.46 66 19 99 843 350177 1 16332671 103448 1.9 23 12 6 15 49% 32585 11228 2419 121%
c - 1648.50 54 20 99 844 350177 1 16332882 91471 1.9 23 12 6 15 49% 32585 11228 2419 121%
c - 1651.15 55 20 99 845 350184 1 16361933 102210 1.9 23 12 6 15 49% 32585 11228 2419 121%
c - 1654.19 55 20 99 846 350198 1 16391003 109170 1.9 23 12 6 15 49% 32585 11228 2419 121%
c - 1657.55 58 20 99 847 350212 1 16420091 110921 1.9 23 13 6 15 50% 32585 11228 2419 121%
c - 1661.14 58 19 99 848 350215 1 16449195 109507 1.9 23 12 6 14 50% 32585 11228 2419 121%
c - 1664.32 58 19 99 849 350216 1 16478316 111196 1.9 23 12 6 14 50% 32585 11228 2419 121%
c ] 1664.60 54 19 100 849 350216 1 16480860 113484 1.9 23 12 6 14 49% 32585 11228 2419 121%
c { 1664.60 54 11 100 849 350216 1 16480860 113484 1.6 14 9 5 11 48% 32585 11228 2419 121%
c - 1667.89 58 14 100 850 354486 2 16507456 111118 1.6 15 10 5 11 48% 32585 11228 2419 121%
c - 1670.92 58 15 100 851 356956 2 16536610 112099 1.6 15 10 5 11 48% 32585 11228 2419 121%
c - 1673.85 58 16 100 852 358981 2 16565783 112469 1.6 16 10 5 11 48% 32585 11228 2419 121%
c - 1676.74 58 17 100 853 360865 3 16594972 113098 1.6 16 10 5 11 48% 32585 11228 2419 121%
c - 1679.53 58 17 100 854 362309 3 16624180 113924 1.6 17 10 5 11 48% 32585 11228 2419 121%
c - 1682.30 58 18 100 855 363411 3 16653404 114226 1.6 17 10 5 11 48% 32585 11228 2419 121%
c - 1684.99 58 18 100 856 364677 3 16682644 114639 1.6 17 10 5 11 48% 32585 11228 2419 121%
c
c   seconds    switched        rate             size/glue  tier1     binary         remaining
c           MB    reductions      conflicts           size   tier2       irredundant
c            level       restarts         redundant      glue    trail         variables
c
c - 1687.63 58 18 100 857 365614 2 16711903 115406 1.7 17 10 5 11 48% 32585 11228 2419 121%
c - 1690.22 56 18 100 858 366463 2 16741177 115197 1.7 17 10 5 11 48% 32585 11228 2419 121%
c u 1693.42 60 18 100 858 366976 2 16761636 128559 1.7 17 10 5 11 48% 32585 11228 2419 121%
c v 1695.00 60 18 100 858 366976 2 16761636 124043 1.7 17 10 5 11 48% 32585 11228 2419 121%
c w 1695.55 60 18 100 858 366976 2 16761636 122927 1.7 17 10 5 11 48% 32585 11228 2419 121%
c - 1696.39 54 18 100 859 367181 2 16770469 107140 1.7 17 10 5 11 48% 32585 11228 2419 121%
c - 1699.02 58 17 100 860 368271 2 16799778 108293 1.7 17 10 5 11 48% 32585 11228 2419 121%
c - 1701.60 58 17 100 861 369171 2 16829103 109810 1.7 17 10 5 11 48% 32585 11228 2419 121%
c - 1704.34 58 18 100 862 370391 2 16858446 110059 1.7 17 10 5 11 48% 32585 11228 2419 121%
c o 1706.54 55 18 100 862 371253 2 16882973 132474 1.7 17 10 5 11 48% 32585 11228 2419 121%
c - 1707.03 58 18 100 863 371468 2 16887806 110575 1.7 17 10 5 11 48% 32585 11228 2419 121%
c - 1709.74 55 18 100 864 372733 2 16917182 110928 1.7 17 10 5 11 48% 32585 11228 2419 121%
c - 1712.42 58 18 100 865 373842 2 16946576 110848 1.7 17 10 5 11 48% 32585 11228 2419 121%
c } 1714.73 56 18 101 865 374886 2 16972558 134815 1.7 17 10 5 11 48% 32585 11228 2419 121%
c [ 1714.73 56 19 101 865 374886 1 16972558 134815 1.9 23 12 6 14 49% 32585 11228 2419 121%
c W 1722.47 47 19 101 865 374886 1 16972558 134815 1.9 23 12 6 14 49% 32585 11228 2419 121%
c - 1722.77 47 20 101 866 374888 1 16975988 109982 1.9 23 12 6 14 49% 32585 11228 2419 121%
c - 1725.35 47 21 101 867 374901 1 17005416 102471 1.9 24 13 6 14 50% 32585 11228 2419 121%
c - 1728.25 47 20 101 868 374915 1 17034861 98697 1.9 24 13 6 14 49% 32585 11228 2419 121%
c - 1731.43 47 22 101 869 374923 1 17064322 100140 1.9 26 14 6 15 49% 32585 11228 2419 121%
c
c   seconds    switched        rate            size/glue  tier1     binary         remaining
c           MB    reductions      conflicts          size   tier2       irredundant
c            level       restarts         redundant     glue    trail         variables
c
c - 1734.49 47 23 101 870 374937 1 17093800 95569 1.8 26 15 6 15 49% 32585 11228 2419 121%
c - 1737.67 47 24 101 871 374947 1 17123295 96011 1.8 27 15 6 15 49% 32585 11228 2419 121%
c - 1740.83 47 23 101 872 374948 1 17152808 101511 1.9 27 14 6 15 49% 32585 11228 2419 121%
c - 1743.90 47 23 101 873 374956 1 17182340 104603 1.9 27 14 6 15 50% 32585 11228 2419 121%
c u 1746.88 47 23 101 873 374963 1 17196662 114551 1.9 27 14 6 15 50% 32585 11228 2419 121%
c v 1748.46 47 23 101 873 374963 1 17196662 113564 1.9 27 14 6 15 50% 32585 11228 2419 121%
c w 1749.04 47 23 101 873 374963 1 17196662 108121 1.9 27 14 6 15 50% 32585 11228 2419 121%
c - 1750.53 47 23 101 874 374970 1 17211887 100620 1.9 27 14 6 15 50% 32585 11228 2419 121%
c - 1753.34 47 22 101 875 374979 1 17241453 107113 1.9 26 14 6 15 50% 32585 11228 2419 121%
c - 1756.32 47 21 101 876 374992 1 17271033 110669 2.0 26 13 6 15 50% 32585 11228 2419 121%
c - 1759.55 47 20 101 877 375005 1 17300630 112212 2.0 25 13 6 15 50% 32585 11228 2419 121%
c - 1762.96 47 19 101 878 375010 1 17330245 113469 2.0 24 12 6 14 49% 32585 11228 2419 121%
c - 1765.91 47 21 101 879 375011 1 17359876 110251 2.0 25 13 6 15 50% 32585 11228 2419 121%
c - 1769.00 47 22 101 880 375012 1 17389523 106537 2.0 26 13 6 15 50% 32585 11228 2419 121%
c O 1769.79 47 22 101 880 375012 1 17397084 113855 2.0 26 13 6 15 50% 32585 11228 2419 121%
c ] 1771.75 47 21 102 880 375012 1 17415117 130453 2.0 26 13 6 15 50% 32585 11228 2419 121%
c { 1771.75 47 18 102 880 375012 2 17415117 130453 1.7 17 10 5 11 48% 32585 11228 2419 121%
c - 1772.64 47 19 102 881 375717 3 17419187 108559 1.7 18 11 5 11 48% 32585 11228 2419 121%
c o 1777.49 47 26 102 881 379873 4 17442989 132192 1.7 21 12 5 11 48% 32585 11228 2419 121%
c - 1778.86 47 28 102 882 380896 4 17448868 103557 1.7 22 13 5 11 48% 32585 11228 2419 121%
c
c   seconds    switched        rate            size/glue  tier1     binary         remaining
c           MB    reductions      conflicts          size   tier2       irredundant
c            level       restarts         redundant     glue    trail         variables
c
c - 1785.30 47 34 102 883 386053 6 17478567 93697 1.8 25 14 5 11 48% 32585 11228 2419 121%
c - 1792.20 47 38 102 884 390675 6 17508282 91681 1.8 28 15 5 11 48% 32585 11228 2419 121%
c - 1797.79 47 41 102 885 394031 6 17538015 92755 1.8 29 16 5 11 48% 32585 11228 2419 121%
c caught signal 15 (SIGTERM)
c
c ---- [ profiling ] ---------------------------------------------------------
c
c        1603.75   89.11 %  search
c         826.98   45.95 %  focused
c         776.77   43.16 %  stable
c         195.90   10.88 %  simplify
c         150.36    8.35 %  probe
c         131.33    7.30 %  vivify
c          45.45    2.53 %  walking
c          15.61    0.87 %  sweep
c          14.87    0.83 %  reduce
c           1.80    0.10 %  substitute
c           1.13    0.06 %  transitive
c           0.23    0.01 %  factor
c           0.21    0.01 %  eliminate
c           0.19    0.01 %  backbone
c           0.13    0.01 %  preprocess
c           0.07    0.00 %  congruence
c           0.03    0.00 %  subsume
c           0.01    0.00 %  fastel
c           0.01    0.00 %  parse
c           0.00    0.00 %  lucky
c =============================================
c        1799.78  100.00 %  total
c
c ---- [ statistics ] --------------------------------------------------------
c
c chronological:                           39                0 %  conflicts
c conflicts:                         17550844             9751.64 per second
c decisions:                         35309098                2.01 per conflict
c eliminated:                            5935              297 %  variables
c factored:                              6367              319 %  variables
c fast_eliminated:                       2091               35 %  eliminated
c fast_strengthened:                        3                0 %  per strengthened
c propagations:                    5711756387          3173580    per second
c reductions:                             885            19831    interval
c reordered:                               57           307910    interval
c rephased:                                66           265922    interval
c restarts:                            395102               44    interval
c strengthened:                          5147                1 %  checks
c switched:                               102           172067    interval
c vivified:                           1031346               60 %  checks
c walks:                                   22           797766    interval
c
c ---- [ proof ] -------------------------------------------------------------
c
c proof_added:                       17994231               50 %  per line
c proof_bytes:                     1614807040             1540 MB 
c proof_deleted:                     17919518               50 %  per line
c
c ---- [ glue usage ] --------------------------------------------------------
c
c focused glue 5   used  983886 clauses  4.26% accumulated 54.25% tier1
c focused glue 6   used 1065974 clauses  4.61% accumulated 58.87%
c focused glue 7-9 used 4726453 clauses 20.45% accumulated 79.32%
c focused glue 10  used 1495448 clauses  6.47% accumulated 85.79%
c focused glue 11  used 1090629 clauses  4.72% accumulated 90.51% tier2
c
c stable glue 6    used 2105287 clauses  6.35% accumulated 56.34% tier1
c stable glue 7    used 1790968 clauses  5.40% accumulated 61.74%
c stable glue 8-12 used 7408635 clauses 22.35% accumulated 84.10%
c stable glue 13   used 1066402 clauses  3.22% accumulated 87.31%
c stable glue 14   used  893222 clauses  2.69% accumulated 90.01% tier2
c
c ---- [ resources ] ---------------------------------------------------------
c
c maximum-resident-set-size:         68608000 bytes         65 MB
c process-time:                            30m            1799.78 seconds
c raising signal 15 (SIGTERM)
