c ---- [ banner ] ------------------------------------------------------------
c
c Kissat SAT Solver
c 
c Copyright (c) 2021-2024 Armin Biere University of Freiburg
c Copyright (c) 2019-2021 Armin Biere Johannes Kepler University Linz
c 
c Version 4.0.0 unknown
c gcc (Ubuntu 13.3.0-6ubuntu2~24.04.1) 13.3.0 -W -Wall -O3 -DNDEBUG
c Mon Aug 3 21:56:23 UTC 2026 Linux runnervmvrwv9 6.17.0-1020-azure x86_64
c
c ---- [ proving ] -----------------------------------------------------------
c
c opened and writing proof to DRAT file:
c
c   borsuk_11_k6_q00r00_sixth_base_colorability_screen/work/results/q00r00-s002/q00r00-s002.drat
c
c ---- [ parsing ] -----------------------------------------------------------
c
c opened and reading DIMACS file:
c
c   borsuk_11_k6_q00r00_sixth_base_colorability_screen/work/input/instances/cases/q00r00-s002/q00r00-s002_12color.cnf
c
c parsed 'p cnf 2289 98817' header
c closing input after reading 1300265 bytes (1 MB)
c finished parsing after 0.01 seconds
c
c ---- [ solving ] -----------------------------------------------------------
c
c  seconds switched rate     size/glue tier1  binary       remaining
c         MB reductions conflicts size  tier2    irredundant
c          level restarts redundant glue  trail       variables
c
c *  0.01  5 0 0 0  0 0   0   0 0.0 0 0 0 0 0% 98489 318 2279 100%
c (  0.01  5 0 0 0  0 0   0   0 0.0 0 0 0 0 0% 98489 318 2279 100%
c .  0.01  5 0 0 0  0 0   0   0 0.0 0 0 0 0 0% 98489 318 2279 100%
c f  0.16  8 0 0 0  0 0   0   0 0.0 0 0 0 0 0% 41267 318 7896 345%
c e  0.17  7 0 0 0  0 0   0   0 0.0 0 0 0 0 0% 43689 925 5304 232%
c )  0.17  7 0 0 0  0 0   0   0 0.0 0 0 0 0 0% 43689 925 5304 232%
c {  0.17  7 0 0 0  0 0   0   0 0.0 0 0 2 6 0% 43689 925 5304 232%
c -  0.20  7 22 0 1 41 3 1000 727 1.5 18 12 11 15 35% 43689 925 5304 232%
c }  0.20  7 22 1 1 41 3 1000 727 1.5 18 12 11 15 35% 43689 925 5304 232%
c [  0.20  7 0 1 1 41 0 1000 727 0.0 0 0 2 6 0% 43689 925 5304 232%
c B  0.20  7 18 1 1 41 3 1001 728 1.6 16 10 2 6 36% 43689 925 5304 232%
c ]  0.23  7 20 2 1 41 1 1914 1518 1.6 15 9 11 13 34% 43689 925 5304 232%
c {  0.23  7 22 2 1 41 3 1914 1518 1.5 18 12 11 15 35% 43689 925 5304 232%
c -  0.24  7 22 2 2 41 3 2001 1591 1.5 17 12 10 15 35% 43689 925 5304 232%
c u  0.26  7 20 2 2 41 3 2556 1623 1.5 16 10 10 15 35% 43689 925 5304 232%
c v  0.27  7 20 2 2 41 3 2556 1511 1.5 16 10 10 15 35% 43689 925 5304 232%
c f  0.29  8 20 2 2 41 3 2556 1511 1.5 16 10 10 15 35% 40295 925 7551 330%
c u  0.31  8 20 2 2 41 3 2556 1491 1.5 16 10 10 15 35% 40295 925 7551 330%
c v  0.32  8 20 2 2 41 3 2556 1466 1.5 16 10 10 15 35% 40295 925 7551 330%
c }  0.36  8 18 3 2 43 2 2915 1797 1.6 16 10 10 15 33% 40295 925 7551 330%
c
c  seconds  switched rate       size/glue tier1      binary       remaining
c         MB reductions conflicts     size   tier2      irredundant
c          level restarts  redundant    glue     trail       variables
c
c [  0.36  8 20 3 2 43 1 2915 1797 1.6 15 9 11 13 34% 40295 925 7551 330%
c W  0.36  8 20 3 2 43 1 2915 1797 1.6 15 9 11 13 34% 40295 925 7551 330%
c -  0.39  8 21 3 3 43 1 3417 2052 1.8 19 10 9 13 32% 40295 925 7551 330%
c ]  0.40  9 21 4 3 43 1 3750 2371 1.8 19 11 9 13 31% 40295 925 7551 330%
c {  0.40  9 18 4 3 43 2 3750 2371 1.6 16 10 10 15 33% 40295 925 7551 330%
c -  0.45  9 20 4 4 83 3 5149 3337 1.6 16 10 9 13 30% 40295 925 7551 330%
c }  0.48  9 20 5 4 138 3 6102 4206 1.6 16 10 9 13 29% 40295 925 7551 330%
c [  0.48  9 21 5 4 138 1 6102 4206 1.8 19 11 9 13 31% 40295 925 7551 330%
c I  0.48  9 21 5 4 138 1 6102 4206 1.8 19 11 9 13 31% 40295 925 7551 330%
c -  0.53  9 36 5 5 139 1 7155 4669 2.1 26 12 9 16 30% 40295 925 7551 330%
c u  0.57  9 40 5 5 139 1 7896 5376 1.9 26 13 9 16 29% 40295 925 7551 330%
c v  0.57 10 40 5 5 139 1 7896 5366 1.9 26 13 9 16 29% 40295 925 7551 330%
c w  0.58 10 40 5 5 139 1 7896 5364 1.9 26 13 9 16 29% 40295 925 7551 330%
c ]  0.61 10 38 6 5 140 1 8413 5854 1.9 25 14 9 16 29% 40295 925 7551 330%
c {  0.61 10 20 6 5 140 3 8413 5854 1.6 16 10 9 13 29% 40295 925 7551 330%
c -  0.65 10 24 6 6 236 4 9391 5917 1.6 16 10 9 13 29% 40295 925 7551 330%
c o  0.68 10 26 6 6 275 4 10079 6581 1.7 17 10 9 13 29% 40295 925 7551 330%
c -  0.76 10 32 6 7 531 6 11840 7423 1.6 17 10 9 13 28% 40295 925 7551 330%
c }  0.79 10 33 7 7 607 6 12482 8028 1.6 16 10 9 13 28% 40295 925 7551 330%
c [  0.79 10 38 7 7 607 1 12482 8028 1.9 25 14 9 16 29% 40295 925 7551 330%
c
c  seconds  switched  rate        size/glue  tier1     binary       remaining
c         MB reductions conflicts       size   tier2      irredundant
c          level restarts    redundant     glue    trail       variables
c
c B  0.79 10 38 7 7 607 1 12482 8028 1.9 25 14 9 16 29% 40295 925 7551 330%
c e  0.82 10 37 7 7 607 1 12776 8288 1.8 25 14 9 16 29% 36138 4334 7107 310%
c ^  0.83 10 37 7 7 607 1 12776 8288 1.8 25 14 9 16 29% 36138 4334 7107 310%
c -  0.91 10 31 7 8 608 1 14485 2836 1.7 22 13 10 17 28% 36138 4334 7107 310%
c ]  0.98 10 28 8 8 609 1 16178 4383 1.7 22 12 10 16 28% 36138 4334 7107 310%
c {  0.98 10 33 8 8 609 6 16178 4383 1.6 16 10 9 13 28% 36138 4334 7107 310%
c u  1.00 10 33 8 8 609 6 16187 4150 1.6 17 10 9 13 28% 36138 4334 7107 310%
c v  1.02 10 33 8 8 609 6 16187 3409 1.6 17 10 9 13 28% 36138 4334 7107 310%
c w  1.02 10 33 8 8 609 6 16187 3129 1.6 17 10 9 13 28% 36138 4334 7107 310%
c f  1.04 10 33 8 8 609 6 16187 3129 1.6 17 10 9 13 28% 36122 4334 7115 311%
c u  1.06 10 33 8 8 609 6 16187 3099 1.6 17 10 9 13 28% 36122 4334 7115 311%
c v  1.08 10 33 8 8 609 6 16187 3057 1.6 17 10 9 13 28% 36122 4334 7115 311%
c w  1.08 10 33 8 8 609 6 16187 3053 1.6 17 10 9 13 28% 36122 4334 7115 311%
c -  1.21 10 32 8 9 711 6 17315 3940 1.7 17 10 9 13 28% 36122 4334 7115 311%
c -  1.35 10 30 8 10 870 5 20316 6390 1.9 19 10 9 12 28% 36122 4334 7115 311%
c }  1.43 10 28 9 10 876 5 22337 8227 1.9 19 10 9 12 27% 36122 4334 7115 311%
c [  1.43 10 28 9 10 876 1 22337 8227 1.7 22 12 10 16 28% 36122 4334 7115 311%
c W  1.44 10 28 9 10 876 1 22337 8227 1.7 22 12 10 16 28% 36122 4334 7115 311%
c o  1.44 10 28 9 10 876 1 22337 8227 1.7 22 12 10 16 28% 36122 4334 7115 311%
c -  1.49 10 35 9 11 877 1 23478 8307 1.7 22 13 10 17 28% 36122 4334 7115 311%
c
c  seconds  switched   rate         size/glue  tier1      binary        remaining
c         MB  reductions conflicts        size    tier2      irredundant
c          level  restarts     redundant     glue     trail        variables
c
c e  1.61 11 31 9 11 878 1 25624 10382 1.7 22 13 10 17 28% 36114 5536 5687 248%
c ^  1.61 11 31 9 11 878 1 25624 10382 1.7 22 13 10 17 28% 36114 5536 5687 248%
c -  1.67 11 30 9 12 879 1 26794 7785 1.7 22 12 10 16 28% 36114 5536 5687 248%
c u  1.73 11 29 9 12 880 1 27622 8536 1.7 22 12 10 16 29% 36114 5536 5687 248%
c v  1.74 13 29 9 12 880 1 27622 8505 1.7 22 12 10 16 29% 36114 5536 5687 248%
c w  1.75 15 29 9 12 880 1 27622 8350 1.7 22 12 10 16 29% 36114 5536 5687 248%
c x  1.76 15 29 9 12 880 1 27622 8350 1.7 22 12 10 16 29% 36114 5536 5687 248%
c f  1.78 12 29 9 12 880 1 27622 8350 1.7 22 12 10 16 29% 35894 5534 5760 252%
c u  1.80 13 29 9 12 880 1 27622 8235 1.7 22 12 10 16 29% 35894 5534 5760 252%
c v  1.82 13 29 9 12 880 1 27622 8062 1.7 22 12 10 16 29% 35894 5534 5760 252%
c w  1.83 13 29 9 12 880 1 27622 8013 1.7 22 12 10 16 29% 35894 5534 5760 252%
c ]  1.88 13 29 10 12 881 1 28555 8917 1.7 22 12 10 16 29% 35894 5534 5760 252%
c {  1.88 13 28 10 12 881 5 28555 8917 1.9 19 10 9 12 27% 35894 5534 5760 252%
c -  1.97 13 28 10 13 1198 5 30259 9584 1.8 19 10 9 12 28% 35894 5534 5760 252%
c -  2.14 15 26 10 14 1368 5 33864 11703 1.8 18 10 9 12 28% 35894 5534 5760 252%
c }  2.30 13 25 11 14 1586 4 37182 14749 1.8 18 10 9 12 28% 35894 5534 5760 252%
c [  2.30 13 29 11 14 1586 1 37182 14749 1.7 22 12 10 16 29% 35894 5534 5760 252%
c O  2.30 13 29 11 14 1586 1 37182 14749 1.7 22 12 10 16 29% 35894 5534 5760 252%
c -  2.32 13 28 11 15 1586 1 37605 13332 1.7 22 12 10 16 29% 35894 5534 5760 252%
c -  2.52 15 26 11 16 1589 1 41477 15367 1.8 21 12 9 15 30% 35894 5534 5760 252%
c
c  seconds   switched    rate         size/glue  tier1     binary        remaining
c         MB   reductions  conflicts        size   tier2      irredundant
c          level    restarts     redundant     glue    trail        variables
c
c u  2.59 15 25 11 16 1590 1 42325 16080 1.8 21 12 9 15 30% 35894 5534 5760 252%
c v  2.61 15 25 11 16 1590 1 42325 15633 1.8 21 12 9 15 30% 35894 5534 5760 252%
c w  2.62 15 25 11 16 1590 1 42325 15364 1.8 21 12 9 15 30% 35894 5534 5760 252%
c x  2.63 15 25 11 16 1590 1 42325 15362 1.8 21 12 9 15 30% 35894 5534 5760 252%
c ]  2.81 13 24 12 16 1591 1 45314 18184 1.8 21 12 9 15 30% 35894 5534 5760 252%
c {  2.81 13 25 12 16 1591 4 45314 18184 1.8 18 10 9 12 28% 35894 5534 5760 252%
c o  2.81 13 25 12 16 1595 4 45337 18207 1.8 18 10 9 12 28% 35894 5534 5760 252%
c -  2.82 14 25 12 17 1624 4 45477 14974 1.8 18 10 8 12 28% 35894 5534 5760 252%
c -  3.04 16 25 12 18 2082 5 49600 17680 1.7 18 10 9 12 29% 35894 5534 5760 252%
c e  3.25 15 24 12 18 2279 4 53429 21081 1.7 17 10 8 12 29% 35862 6637 5048 221%
c ^  3.25 15 24 12 18 2279 4 53429 21081 1.7 17 10 8 12 29% 35862 6637 5048 221%
c -  3.28 16 24 12 19 2348 4 53842 12771 1.7 17 10 8 12 29% 35862 6637 5048 221%
c }  3.41 18 23 13 19 2409 4 56794 15468 1.7 17 10 8 12 29% 35862 6637 5048 221%
c [  3.41 18 24 13 19 2409 1 56794 15468 1.8 21 12 9 15 30% 35862 6637 5048 221%
c B  3.41 18 24 13 19 2409 1 56794 15468 1.8 21 12 9 15 30% 35862 6637 5048 221%
c -  3.47 18 24 13 20 2410 1 58200 14517 1.8 21 12 9 15 30% 35862 6637 5048 221%
c u  3.62 14 23 13 20 2411 1 60415 16417 1.8 21 12 9 15 31% 35862 6637 5048 221%
c v  3.65 14 23 13 20 2411 1 60415 15772 1.8 21 12 9 15 31% 35862 6637 5048 221%
c w  3.66 14 23 13 20 2411 1 60415 15246 1.8 21 12 9 15 31% 35862 6637 5048 221%
c f  3.82 14 23 13 20 2411 1 60415 15246 1.8 21 12 9 15 31% 35863 6628 5049 221%
c
c  seconds   switched    rate         size/glue  tier1     binary        remaining
c         MB   reductions  conflicts        size   tier2      irredundant
c          level    restarts     redundant     glue    trail        variables
c
c u  3.86 14 23 13 20 2411 1 60415 14965 1.8 21 12 9 15 31% 35863 6628 5049 221%
c v  3.89 14 23 13 20 2411 1 60415 14815 1.8 21 12 9 15 31% 35863 6628 5049 221%
c w  3.91 14 23 13 20 2411 1 60415 14725 1.8 21 12 9 15 31% 35863 6628 5049 221%
c -  4.03 14 23 13 21 2413 1 62672 14963 1.8 21 12 9 14 31% 35863 6628 5049 221%
c -  4.25 14 23 13 22 2415 1 67254 16822 1.8 21 12 9 15 31% 35863 6628 5049 221%
c ]  4.30 14 23 14 22 2415 1 68185 17743 1.8 21 12 9 15 31% 35863 6628 5049 221%
c {  4.30 14 23 14 22 2415 4 68185 17743 1.7 17 10 8 12 29% 35863 6628 5049 221%
c -  4.49 14 23 14 23 2706 4 71945 18861 1.7 17 10 8 12 30% 35863 6628 5049 221%
c o  4.65 14 23 14 23 2854 4 75337 22135 1.7 17 10 8 12 30% 35863 6628 5049 221%
c -  4.72 15 23 14 24 2929 4 76742 20987 1.7 18 10 8 12 30% 35863 6628 5049 221%
c -  4.96 15 23 14 25 3362 4 81640 22753 1.7 18 10 8 12 30% 35863 6628 5049 221%
c u  5.02 15 23 14 25 3377 4 81990 22953 1.8 18 10 8 12 30% 35863 6628 5049 221%
c v  5.05 15 23 14 25 3377 4 81990 22571 1.8 18 10 8 12 30% 35863 6628 5049 221%
c w  5.06 15 23 14 25 3377 4 81990 22562 1.8 18 10 8 12 30% 35863 6628 5049 221%
c x  5.08 15 23 14 25 3377 4 81990 22562 1.8 18 10 8 12 30% 35863 6628 5049 221%
c }  5.14 15 23 15 25 3446 4 82900 23449 1.7 18 10 8 12 30% 35863 6628 5049 221%
c [  5.14 15 23 15 25 3446 1 82900 23449 1.8 21 12 9 15 31% 35863 6628 5049 221%
c W  5.15 15 23 15 25 3446 1 82900 23449 1.8 21 12 9 15 31% 35863 6628 5049 221%
c -  5.34 16 23 15 26 3448 1 86642 23844 1.8 21 12 9 15 32% 35863 6628 5049 221%
c -  5.61 16 22 15 27 3452 1 91743 24903 1.8 21 12 9 15 32% 35863 6628 5049 221%
c
c  seconds   switched    rate         size/glue  tier1     binary        remaining
c         MB   reductions  conflicts        size   tier2      irredundant
c          level    restarts     redundant     glue    trail        variables
c
c ]  5.88 16 22 16 27 3454 1 96571 29432 1.8 21 12 9 15 32% 35863 6628 5049 221%
c {  5.88 16 23 16 27 3454 4 96571 29432 1.7 18 10 8 12 30% 35863 6628 5049 221%
c -  5.91 16 23 16 28 3455 4 96939 26250 1.8 18 10 8 12 30% 35863 6628 5049 221%
c e  6.01 16 23 16 28 3588 4 98164 27441 1.8 18 10 8 12 30% 37356 8187 4092 179%
c ^  6.01 16 23 16 28 3588 4 98164 27441 1.8 18 10 8 12 30% 37356 8187 4092 179%
c -  6.20 16 23 16 29 3782 4 102231 24408 1.7 18 10 9 12 31% 37356 8187 4092 179%
c u  6.49 16 23 16 29 4015 4 107202 28502 1.7 18 10 9 12 32% 37356 8187 4092 179%
c v  6.55 16 23 16 29 4015 4 107202 27858 1.7 18 10 9 12 32% 37356 8187 4092 179%
c w  6.56 16 23 16 29 4015 4 107202 27543 1.7 18 10 9 12 32% 37356 8187 4092 179%
c -  6.63 16 23 16 30 4034 4 107617 26768 1.7 18 10 9 12 32% 37356 8187 4092 179%
c -  6.89 16 23 16 31 4376 4 113095 29808 1.7 18 10 9 12 32% 37356 8187 4092 179%
c }  6.97 16 22 17 31 4416 4 114908 31500 1.7 18 10 9 12 33% 37356 8187 4092 179%
c [  6.97 16 22 17 31 4416 1 114908 31500 1.8 21 12 9 15 32% 37356 8187 4092 179%
c I  6.97 16 22 17 31 4416 1 114908 31500 1.8 21 12 9 15 32% 37356 8187 4092 179%
c -  7.15 17 23 17 32 4418 1 118662 32002 1.8 22 12 9 15 33% 37356 8187 4092 179%
c o  7.17 17 23 17 32 4419 1 119007 32336 1.8 22 12 9 15 33% 37356 8187 4092 179%
c -  7.42 17 30 17 33 4422 1 124319 33808 1.7 23 13 9 16 34% 37356 8187 4092 179%
c -  7.74 17 29 17 34 4425 1 130063 36384 1.7 23 13 9 16 34% 37356 8187 4092 179%
c ]  7.87 17 29 18 34 4427 1 132501 38727 1.7 23 13 9 16 34% 37356 8187 4092 179%
c {  7.87 17 22 18 34 4427 4 132501 38727 1.7 18 10 9 12 33% 37356 8187 4092 179%
c
c  seconds   switched    rate          size/glue  tier1     binary        remaining
c         MB   reductions  conflicts         size   tier2      irredundant
c          level    restarts      redundant     glue    trail        variables
c
c -  8.05 17 22 18 35 4429 4 135894 38399 1.7 17 10 9 12 33% 37356 8187 4092 179%
c u  8.13 23 22 18 35 4429 4 136020 37862 1.7 17 10 9 12 33% 37356 8187 4092 179%
c v  8.18 23 22 18 35 4429 4 136020 37562 1.7 17 10 9 12 33% 37356 8187 4092 179%
c w  8.20 23 22 18 35 4429 4 136020 37533 1.7 17 10 9 12 33% 37356 8187 4092 179%
c -  8.49 21 21 18 36 4432 3 141812 35241 1.7 17 10 8 12 33% 37356 8187 4092 179%
c -  8.78 21 20 18 37 4435 3 147812 35622 1.7 17 10 8 12 33% 37356 8187 4092 179%
c -  9.08 21 19 18 38 4442 3 153896 36945 1.7 17 10 8 12 34% 37356 8187 4092 179%
c }  9.13 20 19 19 38 4442 3 154846 37703 1.7 17 10 8 12 34% 37356 8187 4092 179%
c [  9.13 20 29 19 38 4442 1 154846 37703 1.7 23 13 9 16 34% 37356 8187 4092 179%
c B  9.13 20 29 19 38 4442 1 154846 37703 1.7 23 13 9 16 34% 37356 8187 4092 179%
c -  9.41 21 29 19 39 4446 1 160060 38549 1.8 24 13 9 16 35% 37356 8187 4092 179%
c e  9.53 19 29 19 39 4447 1 161491 39899 1.8 24 13 9 16 35% 39626 10380 3388 148%
c ^  9.54 19 29 19 39 4447 1 161491 39899 1.8 24 13 9 16 35% 39626 10380 3388 148%
c -  9.81 21 28 19 40 4448 1 166304 31726 1.8 23 13 9 16 36% 39626 10380 3388 148%
c u  9.99 18 28 19 40 4450 1 168641 33716 1.8 23 13 9 16 36% 39626 10380 3388 148%
c v 10.04 24 28 19 40 4450 1 168641 32949 1.8 23 13 9 16 36% 39626 10380 3388 148%
c w 10.06 24 28 19 40 4450 1 168641 32458 1.8 23 13 9 16 36% 39626 10380 3388 148%
c x 10.09 24 28 19 40 4450 1 168641 32456 1.8 23 13 9 16 36% 39626 10380 3388 148%
c - 10.65 21 27 19 41 4453 1 172629 33540 1.8 23 13 9 16 36% 39626 10380 3388 148%
c ] 10.80 21 27 20 41 4454 1 175239 35961 1.8 23 13 9 16 36% 39626 10380 3388 148%
c
c  seconds   switched    rate          size/glue  tier1     binary         remaining
c         MB   reductions  conflicts         size   tier2       irredundant
c          level    restarts      redundant     glue    trail         variables
c
c { 10.80 21 19 20 41 4454 3 175239 35961 1.7 17 10 8 12 34% 39626 10380 3388 148%
c o 10.82 21 19 20 41 4459 3 175595 36287 1.7 17 10 8 12 34% 39626 10380 3388 148%
c - 11.00 21 19 20 42 4629 3 179032 36297 1.7 17 10 8 12 34% 39626 10380 3388 148%
c - 11.32 22 18 20 43 4934 3 185512 38596 1.7 17 10 8 12 35% 39626 10380 3388 148%
c - 11.65 24 19 20 44 5418 3 192071 40763 1.7 17 10 8 12 36% 39626 10380 3388 148%
c - 12.01 22 19 20 45 5872 3 198706 43133 1.7 17 10 8 12 36% 39626 10380 3388 148%
c } 12.19 24 19 21 45 6232 3 201978 46177 1.7 17 10 8 12 36% 39626 10380 3388 148%
c [ 12.19 24 27 21 45 6232 1 201978 46177 1.8 23 13 9 16 36% 39626 10380 3388 148%
c W 12.22 18 27 21 45 6232 1 201978 46177 1.8 23 13 9 16 36% 39626 10380 3388 148%
c u 12.47 24 26 21 45 6234 1 205000 48554 1.8 23 13 9 16 37% 39626 10380 3388 148%
c v 12.55 24 26 21 45 6234 1 205000 48044 1.8 23 13 9 16 37% 39626 10380 3388 148%
c w 12.58 24 26 21 45 6234 1 205000 47839 1.8 23 13 9 16 37% 39626 10380 3388 148%
c - 12.62 24 26 21 46 6234 1 205414 44261 1.8 23 13 9 16 37% 39626 10380 3388 148%
c - 13.02 24 25 21 47 6238 1 212197 46429 1.8 22 13 9 15 37% 39626 10380 3388 148%
c - 13.43 24 24 21 48 6242 1 219052 48832 1.8 22 12 9 15 38% 39626 10380 3388 148%
c ] 13.82 24 23 22 48 6245 1 225883 55203 1.8 22 12 9 15 38% 39626 10380 3388 148%
c { 13.82 24 19 22 48 6245 3 225883 55203 1.7 17 10 8 12 36% 39626 10380 3388 148%
c - 13.84 24 19 22 49 6265 3 225980 50766 1.7 17 10 8 12 36% 39626 10380 3388 148%
c - 14.54 24 22 22 50 8174 4 232981 52030 1.7 18 10 8 12 37% 39626 10380 3388 148%
c o 14.80 24 24 22 50 8872 5 235595 54630 1.7 18 10 8 12 37% 39626 10380 3388 148%
c
c  seconds   switched    rate          size/glue  tier1     binary         remaining
c         MB   reductions  conflicts         size   tier2       irredundant
c          level    restarts      redundant     glue    trail         variables
c
c - 15.25 24 26 22 51 9982 5 240052 52941 1.8 18 10 8 12 37% 39626 10380 3388 148%
c e 15.76 24 27 22 51 10863 6 244928 57795 1.8 19 11 8 12 38% 42980 13168 2883 126%
c ! 15.77 24 27 22 51 10863 6 244928 57795 1.8 19 11 8 12 38% 42980 13168 2883 126%
c u 15.94 24 28 22 51 10943 6 245297 34943 1.8 19 11 8 12 38% 42980 13168 2883 126%
c v 16.05 24 28 22 51 10943 6 245297 34809 1.8 19 11 8 12 38% 42980 13168 2883 126%
c w 16.09 24 28 22 51 10943 6 245297 34790 1.8 19 11 8 12 38% 42980 13168 2883 126%
c f 16.17 24 28 22 51 10943 6 245297 34790 1.8 19 11 8 12 38% 42410 13115 2918 127%
c u 16.30 24 28 22 51 10943 6 245297 33985 1.8 19 11 8 12 38% 42410 13115 2918 127%
c v 16.41 24 28 22 51 10943 6 245297 33825 1.8 19 11 8 12 38% 42410 13115 2918 127%
c w 16.45 24 28 22 51 10943 6 245297 33806 1.8 19 11 8 12 38% 42410 13115 2918 127%
c - 16.65 24 28 22 52 11344 6 247195 32104 1.8 19 11 8 12 38% 42410 13115 2918 127%
c - 17.31 24 31 22 53 12874 6 254406 34817 1.8 20 11 8 12 39% 42410 13115 2918 127%
c } 17.58 24 31 23 53 13485 7 257399 37795 1.8 20 11 8 12 39% 42410 13115 2918 127%
c [ 17.58 24 23 23 53 13485 1 257399 37795 1.8 22 12 9 15 38% 42410 13115 2918 127%
c O 17.58 24 23 23 53 13485 1 257399 37795 1.8 22 12 9 15 38% 42410 13115 2918 127%
c - 17.80 24 23 23 54 13488 1 261686 37399 1.8 22 12 9 15 39% 42410 13115 2918 127%
c - 18.23 24 23 23 55 13491 1 269035 39812 1.8 22 12 8 15 39% 42410 13115 2918 127%
c - 18.70 24 22 23 56 13497 1 276451 41517 1.8 22 12 8 15 40% 42410 13115 2918 127%
c - 19.15 24 21 23 57 13499 1 283934 43174 1.8 22 12 8 15 41% 42410 13115 2918 127%
c B 19.23 24 21 23 57 13499 1 285139 44324 1.8 22 12 8 15 41% 42410 13115 2918 127%
c
c  seconds   switched     rate          size/glue  tier1     binary         remaining
c         MB   reductions   conflicts         size   tier2       irredundant
c          level    restarts       redundant     glue    trail         variables
c
c u 19.61 24 21 23 57 13499 1 289435 46419 1.8 22 12 8 15 41% 42410 13115 2918 127%
c v 19.70 24 21 23 57 13499 1 289435 42513 1.8 22 12 8 15 41% 42410 13115 2918 127%
c w 19.74 24 21 23 57 13499 1 289435 40911 1.8 22 12 8 15 41% 42410 13115 2918 127%
c - 19.95 24 21 23 58 13501 1 291486 38902 1.8 21 12 8 14 41% 42410 13115 2918 127%
c - 20.39 24 20 23 59 13506 1 299102 42573 1.8 21 12 8 14 41% 42410 13115 2918 127%
c - 20.84 24 20 23 60 13510 1 306785 46398 1.8 21 11 8 14 42% 42410 13115 2918 127%
c ] 20.96 24 20 24 60 13512 1 308843 48238 1.8 21 11 8 14 42% 42410 13115 2918 127%
c { 20.96 24 31 24 60 13512 7 308843 48238 1.8 20 11 8 12 39% 42410 13115 2918 127%
c - 21.28 24 30 24 61 13516 6 314530 49040 1.8 20 11 8 12 39% 42410 13115 2918 127%
c o 21.33 24 30 24 61 13518 6 315435 49912 1.8 20 11 8 12 39% 42410 13115 2918 127%
c - 21.70 24 29 24 62 13629 6 322340 51397 1.8 20 11 8 12 40% 42410 13115 2918 127%
c - 22.12 24 28 24 63 13724 5 330215 54154 1.8 19 11 8 12 40% 42410 13115 2918 127%
c u 22.62 24 27 24 63 13750 5 337648 52728 1.8 19 11 8 12 41% 42410 13115 2918 127%
c v 22.72 24 27 24 63 13750 5 337648 52423 1.8 19 11 8 12 41% 42410 13115 2918 127%
c w 22.76 24 27 24 63 13750 5 337648 52137 1.8 19 11 8 12 41% 42410 13115 2918 127%
c - 22.81 24 27 24 64 13773 5 338154 47807 1.8 19 11 8 12 41% 42410 13115 2918 127%
c } 23.19 24 26 25 64 13851 5 345520 54421 1.8 19 11 8 12 41% 42410 13115 2918 127%
c [ 23.19 24 20 25 64 13851 1 345520 54421 1.8 21 11 8 14 42% 42410 13115 2918 127%
c W 23.24 24 20 25 64 13851 1 345520 54421 1.8 21 11 8 14 42% 42410 13115 2918 127%
c - 23.28 24 20 25 65 13851 1 346154 49825 1.8 21 11 8 14 42% 42410 13115 2918 127%
c
c  seconds   switched     rate          size/glue  tier1     binary         remaining
c         MB   reductions   conflicts         size   tier2       irredundant
c          level    restarts       redundant     glue    trail         variables
c
c e 23.50 24 20 25 65 13854 1 349825 53324 1.8 21 11 8 14 42% 42424 13115 2917 127%
c - 23.77 24 20 25 66 13857 1 354217 52122 1.8 21 11 8 14 43% 42424 13115 2917 127%
c - 24.28 24 20 25 67 13861 1 362344 53643 1.8 21 11 8 14 43% 42424 13115 2917 127%
c - 24.80 24 19 25 68 13865 1 370529 54253 1.8 21 11 8 14 43% 42424 13115 2917 127%
c ] 25.20 24 19 26 68 13865 1 376705 60008 1.8 21 11 8 14 44% 42424 13115 2917 127%
c { 25.20 24 26 26 68 13865 5 376705 60008 1.8 19 11 8 12 41% 42424 13115 2917 127%
c - 25.33 24 26 26 69 13879 5 378777 55299 1.8 19 11 8 12 41% 42424 13115 2917 127%
c - 25.79 24 25 26 70 13942 4 387083 56508 1.8 19 10 8 12 42% 42424 13115 2917 127%
c u 26.10 24 24 26 70 13948 4 390007 57966 1.8 18 10 8 12 42% 42424 13115 2917 127%
c v 26.23 24 24 26 70 13948 4 390007 57088 1.8 18 10 8 12 42% 42424 13115 2917 127%
c w 26.27 24 24 26 70 13948 4 390007 56947 1.8 18 10 8 12 42% 42424 13115 2917 127%
c f 26.79 24 24 26 70 13948 4 390007 56947 1.8 18 10 8 12 42% 42405 13115 2918 127%
c u 26.94 24 24 26 70 13948 4 390007 56837 1.8 18 10 8 12 42% 42405 13115 2918 127%
c v 27.05 24 24 26 70 13948 4 390007 56670 1.8 18 10 8 12 42% 42405 13115 2918 127%
c w 27.09 24 24 26 70 13948 4 390007 56558 1.8 18 10 8 12 42% 42405 13115 2918 127%
c - 27.42 24 24 26 71 14109 4 395451 56541 1.8 18 10 8 12 42% 42405 13115 2918 127%
c o 27.47 24 24 26 71 14112 4 396325 57356 1.8 18 10 8 12 42% 42405 13115 2918 127%
c - 27.91 24 23 26 72 14237 4 403878 59365 1.8 18 10 8 12 42% 42405 13115 2918 127%
c - 28.36 24 23 26 73 14361 4 412365 61761 1.8 18 10 8 12 43% 42405 13115 2918 127%
c } 28.74 24 22 27 73 14507 4 418923 67707 1.8 18 10 8 12 43% 42405 13115 2918 127%
c
c  seconds   switched     rate          size/glue  tier1     binary         remaining
c         MB   reductions   conflicts         size   tier2       irredundant
c          level    restarts       redundant     glue    trail         variables
c
c [ 28.74 24 19 27 73 14507 1 418923 67707 1.8 21 11 8 14 44% 42405 13115 2918 127%
c I 28.74 24 19 27 73 14507 1 418923 67707 1.8 21 11 8 14 44% 42405 13115 2918 127%
c - 28.86 24 20 27 74 14508 1 420910 63053 1.8 21 12 8 14 44% 42405 13115 2918 127%
c - 29.35 24 20 27 75 14513 1 429512 63814 1.9 22 12 8 14 44% 42405 13115 2918 127%
c - 29.87 25 20 27 76 14519 1 438174 64681 1.9 22 12 8 14 44% 42405 13115 2918 127%
c u 30.59 25 20 27 76 14521 1 446564 72624 1.9 22 12 8 14 45% 42405 13115 2918 127%
c v 30.73 33 20 27 76 14521 1 446564 72167 1.9 22 12 8 14 45% 42405 13115 2918 127%
c w 30.78 35 20 27 76 14521 1 446564 71372 1.9 22 12 8 14 45% 42405 13115 2918 127%
c - 30.83 28 20 27 77 14521 1 446891 65121 1.9 22 12 8 14 45% 42405 13115 2918 127%
c - 31.45 31 20 27 78 14524 1 455665 67082 1.9 22 12 8 14 45% 42405 13115 2918 127%
c ] 31.48 31 20 28 78 14525 1 456038 67434 1.9 22 12 8 14 45% 42405 13115 2918 127%
c { 31.48 31 22 28 78 14525 4 456038 67434 1.8 18 10 8 12 43% 42405 13115 2918 127%
c - 31.96 31 21 28 79 14579 4 464497 69263 1.8 18 10 8 12 43% 42405 13115 2918 127%
c - 32.50 31 21 28 80 14818 3 473385 71239 1.7 18 10 8 12 43% 42405 13115 2918 127%
c - 33.06 32 21 28 81 15028 3 482330 74409 1.7 17 10 8 12 43% 42405 13115 2918 127%
c o 33.34 31 20 28 81 15134 3 486894 78527 1.7 17 10 8 12 43% 42405 13115 2918 127%
c - 33.63 31 20 28 82 15297 3 491330 77121 1.7 17 10 8 12 44% 42405 13115 2918 127%
c - 34.23 32 20 28 83 15770 3 500386 79891 1.8 18 10 8 12 44% 42405 13115 2918 127%
c } 34.46 32 20 29 83 15836 3 504176 83211 1.7 17 10 8 12 44% 42405 13115 2918 127%
c [ 34.46 32 20 29 83 15836 1 504176 83211 1.9 22 12 8 14 45% 42405 13115 2918 127%
c
c  seconds   switched     rate          size/glue  tier1     binary         remaining
c         MB   reductions   conflicts         size   tier2       irredundant
c          level    restarts       redundant     glue    trail         variables
c
c B 34.46 32 20 29 83 15836 1 504176 83211 1.9 22 12 8 14 45% 42405 13115 2918 127%
c u 34.81 35 20 29 83 15838 1 507397 86186 1.9 22 12 8 14 45% 42405 13115 2918 127%
c v 34.91 35 20 29 83 15838 1 507397 86060 1.9 22 12 8 14 45% 42405 13115 2918 127%
c w 34.96 35 20 29 83 15838 1 507397 86046 1.9 22 12 8 14 45% 42405 13115 2918 127%
c - 35.21 32 20 29 84 15840 1 509496 80685 1.9 22 12 8 14 45% 42405 13115 2918 127%
c - 35.83 32 20 29 85 15845 1 518662 81146 1.9 22 12 8 14 46% 42405 13115 2918 127%
c - 36.47 33 20 29 86 15849 1 527881 83703 1.9 22 12 8 14 46% 42405 13115 2918 127%
c - 37.12 32 20 29 87 15851 1 537154 85354 1.9 22 12 8 14 46% 42405 13115 2918 127%
c - 37.82 32 20 29 88 15857 1 546481 86327 1.9 22 12 8 14 46% 42405 13115 2918 127%
c ] 37.87 32 20 30 88 15857 1 547170 86973 1.9 22 12 8 14 46% 42405 13115 2918 127%
c { 37.87 32 20 30 88 15857 3 547170 86973 1.7 17 10 8 12 44% 42405 13115 2918 127%
c - 38.45 33 20 30 89 16207 3 555862 87703 1.8 17 10 8 12 44% 42405 13115 2918 127%
c - 39.03 34 20 30 90 16406 3 565295 88848 1.8 17 10 8 12 44% 42405 13115 2918 127%
c u 39.67 36 19 30 90 16486 3 572555 94297 1.7 17 10 8 12 44% 42405 13115 2918 127%
c v 39.84 36 19 30 90 16486 3 572555 93639 1.7 17 10 8 12 44% 42405 13115 2918 127%
c w 39.90 36 19 30 90 16486 3 572555 93484 1.7 17 10 8 12 44% 42405 13115 2918 127%
c - 40.09 33 19 30 91 16606 3 574781 88771 1.7 17 10 8 12 44% 42405 13115 2918 127%
c - 40.72 34 19 30 92 17026 3 584320 90844 1.7 17 10 8 12 44% 42405 13115 2918 127%
c o 40.88 34 19 30 92 17130 3 586899 93180 1.7 17 10 8 12 44% 42405 13115 2918 127%
c - 41.33 36 19 30 93 17515 3 593912 93193 1.7 17 10 8 12 44% 42405 13115 2918 127%
c
c  seconds   switched     rate           size/glue  tier1     binary         remaining
c         MB   reductions   conflicts          size   tier2       irredundant
c          level    restarts       redundant      glue    trail         variables
c
c } 41.83 33 19 31 93 17949 3 601605 100348 1.7 17 10 8 12 44% 42405 13115 2918 127%
c [ 41.83 33 20 31 93 17949 1 601605 100348 1.9 22 12 8 14 46% 42405 13115 2918 127%
c W 41.89 26 20 31 93 17949 1 601605 100348 1.9 22 12 8 14 46% 42405 13115 2918 127%
c - 42.02 28 20 31 94 17950 1 603556 94078 1.9 22 12 8 14 46% 42405 13115 2918 127%
c - 42.64 28 19 31 95 17955 1 613252 93667 1.8 22 12 8 14 47% 42405 13115 2918 127%
c - 43.31 28 19 31 96 17962 1 622999 93522 1.9 22 12 8 14 47% 42405 13115 2918 127%
c - 44.01 28 19 31 97 17963 1 632798 94260 1.9 22 12 8 14 47% 42405 13115 2918 127%
c u 44.91 38 19 31 97 17969 1 642089 102131 1.9 22 12 8 14 47% 42405 13115 2918 127%
c v 45.10 38 19 31 97 17969 1 642089 97183 1.9 22 12 8 14 47% 42405 13115 2918 127%
c w 45.17 40 19 31 97 17969 1 642089 95524 1.9 22 12 8 14 47% 42405 13115 2918 127%
c - 45.26 34 19 31 98 17970 1 642646 88902 1.9 22 12 8 14 47% 42405 13115 2918 127%
c O 45.79 35 20 31 98 17973 1 649767 95708 1.9 23 12 8 14 47% 42405 13115 2918 127%
c ] 45.96 35 20 32 98 17975 1 652289 97999 1.8 23 12 8 14 47% 42405 13115 2918 127%
c { 45.96 35 19 32 98 17975 3 652289 97999 1.7 17 10 8 12 44% 42405 13115 2918 127%
c - 46.00 36 19 32 99 17991 3 652546 90773 1.7 17 10 8 12 44% 42405 13115 2918 127%
c - 46.65 36 19 32 100 18420 3 662496 92750 1.7 17 10 8 12 44% 42405 13115 2918 127%
c - 47.33 36 19 32 101 18797 3 672497 94199 1.7 17 10 8 12 44% 42405 13115 2918 127%
c - 48.00 35 19 32 102 19114 3 682549 94946 1.8 17 10 8 12 45% 42405 13115 2918 127%
c - 48.63 36 18 32 103 19393 3 692649 95732 1.7 17 10 8 12 45% 42405 13115 2918 127%
c o 48.95 34 19 32 103 19758 3 697241 99994 1.7 17 10 8 12 45% 42405 13115 2918 127%
c
c  seconds   switched      rate          size/glue  tier1     binary         remaining
c         MB   reductions    conflicts         size   tier2       irredundant
c          level     restarts       redundant     glue    trail         variables
c
c - 49.34 35 19 32 104 20098 3 702798 96782 1.7 17 10 8 12 45% 42405 13115 2918 127%
c - 49.99 36 18 32 105 20473 3 712996 98043 1.7 17 10 8 12 45% 42405 13115 2918 127%
c } 50.02 36 18 33 105 20473 3 713393 98370 1.7 17 10 8 12 45% 42405 13115 2918 127%
c [ 50.02 36 20 33 105 20473 1 713393 98370 1.8 23 12 8 14 47% 42405 13115 2918 127%
c B 50.02 36 20 33 105 20473 1 713393 98370 1.8 23 12 8 14 47% 42405 13115 2918 127%
c u 50.44 40 20 33 105 20475 1 716051 99950 1.9 23 12 8 14 47% 42405 13115 2918 127%
c v 50.62 40 20 33 105 20475 1 716051 98833 1.9 23 12 8 14 47% 42405 13115 2918 127%
c w 50.69 40 20 33 105 20475 1 716051 98660 1.9 23 12 8 14 47% 42405 13115 2918 127%
c - 51.20 34 21 33 106 20479 1 723242 96359 1.9 23 12 8 15 47% 42405 13115 2918 127%
c - 51.95 35 21 33 107 20485 1 733538 98168 1.9 24 13 8 15 48% 42405 13115 2918 127%
c - 52.76 38 21 33 108 20487 1 743883 100330 1.9 23 12 8 15 48% 42405 13115 2918 127%
c - 53.56 38 21 33 109 20493 1 754275 100570 1.9 24 13 8 15 48% 42405 13115 2918 127%
c - 54.43 35 21 33 110 20500 1 764716 97767 1.9 24 13 8 15 48% 42405 13115 2918 127%
c ] 54.60 35 21 34 110 20501 1 766742 99609 1.9 24 13 8 15 48% 42405 13115 2918 127%
c { 54.60 35 18 34 110 20501 3 766742 99609 1.7 17 10 8 12 45% 42405 13115 2918 127%
c - 55.14 34 18 34 111 20511 3 775204 96736 1.7 17 10 8 12 45% 42405 13115 2918 127%
c - 55.79 35 17 34 112 20517 2 785739 96524 1.7 16 10 8 12 45% 42405 13115 2918 127%
c u 56.61 38 17 34 112 20532 2 794488 103080 1.7 16 9 8 12 45% 42405 13115 2918 127%
c v 56.83 40 17 34 112 20532 2 794488 101297 1.7 16 9 8 12 45% 42405 13115 2918 127%
c w 56.90 40 17 34 112 20532 2 794488 100968 1.7 16 9 8 12 45% 42405 13115 2918 127%
c
c  seconds   switched      rate          size/glue tier1     binary         remaining
c         MB   reductions    conflicts         size  tier2       irredundant
c          level     restarts       redundant    glue    trail         variables
c
c - 57.92 34 16 34 113 20532 2 796322 94845 1.7 16 9 8 12 45% 42405 13115 2918 127%
c - 58.61 35 16 34 114 20550 2 806953 96515 1.7 16 9 8 12 45% 42405 13115 2918 127%
c - 59.26 36 15 34 115 20571 2 817631 98591 1.7 16 9 8 12 45% 42405 13115 2918 127%
c - 59.92 38 15 34 116 20577 2 828357 101733 1.7 15 9 8 11 45% 42405 13115 2918 127%
c o 59.97 34 15 34 116 20581 2 828991 102225 1.7 15 9 8 11 45% 42405 13115 2918 127%
c } 60.31 35 14 35 116 20610 2 834888 106964 1.7 15 9 8 11 45% 42405 13115 2918 127%
c [ 60.31 35 21 35 116 20610 1 834888 106964 1.9 24 13 8 15 48% 42405 13115 2918 127%
c W 60.47 28 21 35 116 20610 1 834888 106964 1.9 24 13 8 15 48% 42405 13115 2918 127%
c - 60.77 28 21 35 117 20613 1 839127 104686 1.9 24 13 8 15 48% 42405 13115 2918 127%
c - 61.55 28 21 35 118 20619 1 849944 108784 1.9 24 13 8 15 48% 42405 13115 2918 127%
c - 62.44 38 21 35 119 20624 1 860809 111645 1.9 24 13 8 15 48% 42405 13115 2918 127%
c - 63.35 40 21 35 120 20627 1 871717 111495 1.9 24 13 8 15 48% 42405 13115 2918 127%
c u 64.11 42 21 35 120 20631 1 877452 116793 1.9 24 13 8 15 48% 42405 13115 2918 127%
c v 64.34 42 21 35 120 20631 1 877452 116421 1.9 24 13 8 15 48% 42405 13115 2918 127%
c w 64.43 42 21 35 120 20631 1 877452 116071 1.9 24 13 8 15 48% 42405 13115 2918 127%
c - 64.94 37 21 35 121 20634 1 882671 109036 1.9 24 13 8 15 48% 42405 13115 2918 127%
c ] 65.45 38 21 36 121 20638 1 890322 116093 1.9 24 13 8 15 48% 42405 13115 2918 127%
c { 65.45 38 14 36 121 20638 2 890322 116093 1.7 15 9 8 11 45% 42405 13115 2918 127%
c - 65.72 38 15 36 122 20897 2 893672 107758 1.7 15 9 8 11 45% 42405 13115 2918 127%
c - 66.65 40 15 36 123 22282 2 904717 106718 1.6 15 9 8 11 45% 42405 13115 2918 127%
c
c  seconds   switched      rate           size/glue tier1     binary         remaining
c         MB   reductions    conflicts          size  tier2       irredundant
c          level     restarts       redundant     glue    trail         variables
c
c - 67.54 40 16 36 124 23450 2 915810 106171 1.6 15 9 8 12 45% 42405 13115 2918 127%
c - 68.39 40 16 36 125 24452 2 926947 106446 1.6 16 9 8 12 45% 42405 13115 2918 127%
c - 69.22 38 17 36 126 25217 3 938128 108044 1.6 16 10 8 12 45% 42405 13115 2918 127%
c - 70.07 40 17 36 127 26249 3 949352 110459 1.6 16 10 8 12 45% 42405 13115 2918 127%
c o 70.80 40 17 36 127 26876 3 959648 120089 1.6 16 10 8 12 45% 42405 13115 2918 127%
c - 70.90 40 17 36 128 27017 3 960621 113005 1.6 16 10 8 12 45% 42405 13115 2918 127%
c u 71.46 42 17 36 128 27271 3 964995 116924 1.6 16 10 8 12 45% 42405 13115 2918 127%
c v 71.63 42 17 36 128 27271 3 964995 116768 1.6 16 10 8 12 45% 42405 13115 2918 127%
c w 71.70 42 17 36 128 27271 3 964995 116754 1.6 16 10 8 12 45% 42405 13115 2918 127%
c x 71.83 42 17 36 128 27271 3 964995 116753 1.6 16 10 8 12 45% 42405 13115 2918 127%
c } 71.94 37 17 37 128 27333 3 965881 117606 1.6 16 10 8 12 45% 42405 13115 2918 127%
c [ 71.94 37 21 37 128 27333 1 965881 117606 1.9 24 13 8 15 48% 42405 13115 2918 127%
c I 71.94 37 21 37 128 27333 1 965881 117606 1.9 24 13 8 15 48% 42405 13115 2918 127%
c - 72.31 38 21 37 129 27337 1 971934 114619 1.9 23 13 8 15 48% 42405 13115 2918 127%
c - 73.06 40 21 37 130 27343 1 983292 116355 1.9 23 12 8 15 47% 42405 13115 2918 127%
c - 73.91 40 21 37 131 27347 1 994694 117340 1.9 23 12 8 15 47% 42405 13115 2918 127%
c - 74.83 38 20 37 132 27353 1 1006139 117516 1.9 22 12 8 15 47% 42405 13115 2918 127%
c - 75.71 40 20 37 133 27360 1 1017630 116725 1.9 22 12 8 15 46% 42405 13115 2918 127%
c - 76.59 38 21 37 134 27362 1 1029163 115609 1.9 23 12 8 15 46% 42405 13115 2918 127%
c B 76.93 38 21 37 134 27363 1 1033563 119875 1.9 23 12 8 15 46% 42405 13115 2918 127%
c
c  seconds   switched      rate            size/glue  tier1     binary         remaining
c         MB   reductions     conflicts          size   tier2       irredundant
c          level     restarts        redundant      glue    trail         variables
c
c - 77.45 40 22 37 135 27363 1 1040739 114434 1.9 23 12 8 15 46% 42405 13115 2918 127%
c ] 77.61 36 23 38 135 27363 1 1043089 116723 1.9 23 12 8 15 47% 42405 13115 2918 127%
c { 77.61 36 17 38 135 27363 3 1043089 116723 1.6 16 10 8 12 45% 42405 13115 2918 127%
c - 78.94 40 21 38 136 29325 4 1052357 111806 1.7 17 10 8 12 45% 42405 13115 2918 127%
c u 79.95 42 22 38 136 30354 4 1057166 107953 1.7 17 10 8 12 45% 42405 13115 2918 127%
c v 80.24 42 22 38 136 30354 4 1057166 107727 1.7 17 10 8 12 45% 42405 13115 2918 127%
c w 80.35 42 22 38 136 30354 4 1057166 107603 1.7 17 10 8 12 45% 42405 13115 2918 127%
c - 81.37 40 24 38 137 31797 4 1064019 102667 1.7 18 11 8 12 45% 42405 13115 2918 127%
c - 83.07 40 28 38 138 34286 5 1075723 103074 1.7 19 11 8 12 45% 42405 13115 2918 127%
c - 84.77 40 31 38 139 36647 6 1087470 103326 1.7 20 12 8 12 45% 42405 13115 2918 127%
c - 86.44 40 33 38 140 38907 7 1099262 103669 1.8 21 12 8 12 45% 42405 13115 2918 127%
c o 86.50 40 33 38 140 38990 7 1099659 104063 1.8 21 12 8 12 45% 42405 13115 2918 127%
c - 88.02 40 35 38 141 40735 7 1111094 104375 1.8 22 12 8 12 45% 42405 13115 2918 127%
c - 89.70 40 37 38 142 42805 7 1122972 103297 1.8 23 12 8 12 45% 42405 13115 2918 127%
c } 90.18 40 38 39 142 43396 7 1126423 106721 1.8 23 13 8 12 45% 42405 13115 2918 127%
c [ 90.18 40 23 39 142 43396 1 1126423 106721 1.9 23 12 8 15 47% 42405 13115 2918 127%
c W 90.29 30 23 39 142 43396 1 1126423 106721 1.9 23 12 8 15 47% 42405 13115 2918 127%
c - 90.90 30 23 39 143 43402 1 1134888 101655 1.9 23 13 8 15 47% 42405 13115 2918 127%
c - 91.84 30 23 39 144 43408 1 1146846 99085 1.8 24 13 8 15 47% 42405 13115 2918 127%
c u 92.87 36 23 39 144 43410 1 1153994 104930 1.8 24 13 8 15 47% 42405 13115 2918 127%
c
c  seconds   switched      rate            size/glue  tier1     binary         remaining
c         MB   reductions     conflicts          size   tier2       irredundant
c          level     restarts        redundant      glue    trail         variables
c
c v 93.32 36 23 39 144 43410 1 1153994 104227 1.8 24 13 8 15 47% 42405 13115 2918 127%
c w 93.49 38 23 39 144 43410 1 1153994 103085 1.8 24 13 8 15 47% 42405 13115 2918 127%
c - 93.93 38 23 39 145 43410 1 1158846 94481 1.8 24 13 8 15 47% 42405 13115 2918 127%
c - 94.96 38 23 39 146 43417 1 1170888 93921 1.8 24 13 8 15 47% 42405 13115 2918 127%
c - 95.96 38 23 39 147 43424 1 1182972 91885 1.9 24 13 8 15 47% 42405 13115 2918 127%
c - 96.93 38 22 39 148 43426 1 1195096 91433 1.9 24 13 8 15 47% 42405 13115 2918 127%
c O 97.79 38 22 39 148 43426 1 1204851 100667 1.9 24 13 8 15 48% 42405 13115 2918 127%
c - 97.99 38 22 39 149 43426 1 1207262 92028 1.9 24 13 8 15 48% 42405 13115 2918 127%
c - 98.92 38 22 39 150 43433 1 1219470 91614 1.9 24 13 8 15 48% 42405 13115 2918 127%
c - 99.91 38 21 39 151 43440 1 1231718 91710 1.9 23 13 8 15 48% 42405 13115 2918 127%
c - 100.91 38 21 39 152 43444 1 1244006 90923 1.9 23 13 8 15 48% 42405 13115 2918 127%
c u 102.26 38 22 39 152 43450 1 1255524 101190 1.9 24 13 8 15 48% 42405 13115 2918 127%
c v 102.65 38 22 39 152 43450 1 1255524 100807 1.9 24 13 8 15 48% 42405 13115 2918 127%
c w 102.78 38 22 39 152 43450 1 1255524 99886 1.9 24 13 8 15 48% 42405 13115 2918 127%
c o 102.81 38 22 39 152 43450 1 1255524 99886 1.9 24 13 8 15 48% 42405 13115 2918 127%
c - 102.89 38 23 39 153 43451 1 1256336 88105 1.8 24 13 8 15 48% 42405 13115 2918 127%
c - 103.76 38 25 39 154 43456 1 1268705 87006 1.8 24 13 8 15 48% 42405 13115 2918 127%
c ] 103.83 38 25 40 154 43456 1 1269563 87831 1.8 24 13 8 15 48% 42405 13115 2918 127%
c { 103.83 38 38 40 154 43456 7 1269563 87831 1.8 23 13 8 12 45% 42405 13115 2918 127%
c - 104.61 38 36 40 155 43503 7 1281114 87552 1.8 22 12 8 12 45% 42405 13115 2918 127%
c
c  seconds    switched      rate           size/glue  tier1     binary         remaining
c          MB   reductions     conflicts         size   tier2       irredundant
c           level     restarts        redundant     glue    trail         variables
c
c - 105.44 38 34 40 156 43550 6 1293563 88500 1.8 22 12 8 12 45% 42405 13115 2918 127%
c - 106.27 38 32 40 157 43599 6 1306052 88793 1.8 22 12 8 12 45% 42405 13115 2918 127%
c - 107.11 38 30 40 158 43684 5 1318583 88898 1.8 22 12 8 12 45% 42405 13115 2918 127%
c - 108.00 38 28 40 159 43687 5 1331152 88041 1.8 21 11 8 12 45% 42405 13115 2918 127%
c - 108.87 38 27 40 160 43699 4 1343765 88637 1.8 20 11 8 12 45% 42405 13115 2918 127%
c - 109.79 38 25 40 161 43704 4 1356414 91062 1.8 20 11 8 12 45% 42405 13115 2918 127%
c } 110.09 38 25 41 161 43729 4 1361035 95286 1.8 20 11 8 12 45% 42405 13115 2918 127%
c [ 110.09 38 25 41 161 43729 1 1361035 95286 1.8 24 13 8 15 48% 42405 13115 2918 127%
c B 110.09 38 25 41 161 43729 1 1361035 95286 1.8 24 13 8 15 48% 42405 13115 2918 127%
c u 110.46 38 25 41 161 43729 1 1361809 88368 1.8 24 13 8 15 48% 42405 13115 2918 127%
c v 110.73 38 25 41 161 43729 1 1361809 81322 1.8 24 13 8 15 48% 42405 13115 2918 127%
c w 110.83 38 25 41 161 43729 1 1361809 80315 1.8 24 13 8 15 48% 42405 13115 2918 127%
c - 111.33 38 24 41 162 43734 1 1369102 81529 1.8 24 13 8 15 48% 42405 13115 2918 127%
c - 112.25 38 23 41 163 43742 1 1381829 87863 1.8 23 13 8 15 48% 42405 13115 2918 127%
c - 113.24 38 23 41 164 43744 1 1394599 90084 1.8 23 13 8 15 48% 42405 13115 2918 127%
c - 114.31 38 22 41 165 43752 1 1407407 91718 1.8 23 13 8 15 48% 42405 13115 2918 127%
c - 115.32 38 22 41 166 43758 1 1420252 91386 1.8 23 13 8 15 48% 42405 13115 2918 127%
c - 116.37 38 22 41 167 43759 1 1433137 92490 1.8 23 13 8 15 48% 42405 13115 2918 127%
c ] 116.98 38 21 42 167 43759 1 1440681 99596 1.8 23 12 8 15 48% 42405 13115 2918 127%
c { 116.98 38 25 42 167 43759 4 1440681 99596 1.8 20 11 8 12 45% 42405 13115 2918 127%
c
c  seconds    switched      rate           size/glue  tier1     binary         remaining
c          MB   reductions     conflicts         size   tier2       irredundant
c           level     restarts        redundant     glue    trail         variables
c
c - 117.43 38 24 42 168 43759 4 1446059 95299 1.8 20 11 8 12 45% 42405 13115 2918 127%
c o 117.49 38 24 42 168 43766 4 1446606 95790 1.8 20 11 8 12 45% 42405 13115 2918 127%
c - 118.32 38 23 42 169 43916 3 1459021 96955 1.8 19 11 8 12 45% 42405 13115 2918 127%
c - 119.21 38 23 42 170 44116 3 1472021 99647 1.8 19 11 8 12 45% 42405 13115 2918 127%
c u 119.63 38 23 42 170 44116 3 1472850 92482 1.8 19 11 8 12 45% 42405 13115 2918 127%
c v 119.95 38 23 42 170 44116 3 1472850 90586 1.8 19 11 8 12 45% 42405 13115 2918 127%
c w 120.06 38 23 42 170 44116 3 1472850 90101 1.8 19 11 8 12 45% 42405 13115 2918 127%
c - 120.93 38 22 42 171 44388 3 1485059 93328 1.8 19 10 8 12 45% 42405 13115 2918 127%
c - 121.80 38 21 42 172 44558 3 1498138 96795 1.8 18 10 8 12 45% 42405 13115 2918 127%
c - 122.70 38 21 42 173 44731 3 1511252 99952 1.8 18 10 8 12 45% 42405 13115 2918 127%
c - 123.61 38 20 42 174 45059 3 1524404 103143 1.7 18 10 8 12 45% 42405 13115 2918 127%
c - 124.51 38 20 42 175 45305 3 1537594 106727 1.7 18 10 8 12 45% 42405 13115 2918 127%
c } 124.73 38 20 43 175 45395 3 1540654 109609 1.7 18 10 8 12 45% 42405 13115 2918 127%
c [ 124.73 38 21 43 175 45395 1 1540654 109609 1.8 23 12 8 15 48% 42405 13115 2918 127%
c W 125.03 38 21 43 175 45395 1 1540654 109609 1.8 23 12 8 15 48% 42405 13115 2918 127%
c - 125.77 38 21 43 176 45401 1 1550824 109394 1.8 23 12 8 15 48% 42405 13115 2918 127%
c - 126.82 38 21 43 177 45408 1 1564090 111368 1.8 22 12 8 15 48% 42405 13115 2918 127%
c - 127.89 38 20 43 178 45412 1 1577396 113040 1.8 22 12 8 15 48% 42405 13115 2918 127%
c u 129.27 38 20 43 178 45419 1 1588722 122528 1.8 22 12 8 15 48% 42405 13115 2918 127%
c v 129.62 38 20 43 178 45419 1 1588722 119555 1.8 22 12 8 15 48% 42405 13115 2918 127%
c
c  seconds    switched      rate            size/glue  tier1     binary         remaining
c          MB   reductions     conflicts          size   tier2       irredundant
c           level     restarts        redundant      glue    trail         variables
c
c w 129.74 38 20 43 178 45419 1 1588722 118538 1.8 22 12 8 15 48% 42405 13115 2918 127%
c - 131.29 38 20 43 179 45420 1 1590737 110218 1.8 22 12 8 15 48% 42405 13115 2918 127%
c - 132.56 38 20 43 180 45424 1 1604119 112642 1.8 22 12 8 15 48% 42405 13115 2918 127%
c - 133.80 38 20 43 181 45425 1 1617535 114282 1.8 22 12 8 15 48% 42405 13115 2918 127%
c ] 134.05 38 20 44 181 45425 1 1620413 117071 1.8 22 12 8 15 48% 42405 13115 2918 127%
c { 134.05 38 20 44 181 45425 3 1620413 117071 1.7 18 10 8 12 45% 42405 13115 2918 127%
c o 134.06 38 20 44 181 45438 3 1620482 117137 1.7 18 10 8 12 45% 42405 13115 2918 127%
c - 134.83 38 20 44 182 45738 3 1630989 115028 1.7 18 10 8 12 45% 42405 13115 2918 127%
c - 135.81 38 19 44 183 46091 3 1644480 117040 1.7 17 10 8 12 45% 42405 13115 2918 127%
c - 136.81 38 19 44 184 46491 3 1658007 119489 1.7 17 10 8 12 45% 42405 13115 2918 127%
c - 137.81 38 19 44 185 46959 3 1671572 122896 1.7 17 10 8 12 45% 42405 13115 2918 127%
c - 138.84 38 19 44 186 47517 3 1685174 125365 1.7 17 10 8 12 45% 42405 13115 2918 127%
c - 139.86 38 19 44 187 48043 3 1698812 126570 1.7 17 10 8 12 45% 42405 13115 2918 127%
c u 140.93 38 19 44 187 48248 3 1709451 131381 1.7 17 10 8 12 45% 42405 13115 2918 127%
c v 141.19 38 19 44 187 48248 3 1709451 130740 1.7 17 10 8 12 45% 42405 13115 2918 127%
c w 141.28 38 19 44 187 48248 3 1709451 130572 1.7 17 10 8 12 45% 42405 13115 2918 127%
c - 141.75 38 19 44 188 48436 3 1712488 122860 1.7 17 10 8 12 45% 42405 13115 2918 127%
c - 142.77 38 18 44 189 48991 3 1726199 124422 1.7 17 10 8 12 45% 42405 13115 2918 127%
c } 143.02 38 19 45 189 49274 3 1729245 127217 1.7 17 10 8 12 45% 42405 13115 2918 127%
c [ 143.02 38 20 45 189 49274 1 1729245 127217 1.8 22 12 8 15 48% 42405 13115 2918 127%
c
c  seconds    switched      rate            size/glue  tier1     binary         remaining
c          MB   reductions     conflicts          size   tier2       irredundant
c           level     restarts        redundant      glue    trail         variables
c
c I 143.02 38 20 45 189 49274 1 1729245 127217 1.8 22 12 8 15 48% 42405 13115 2918 127%
c - 143.79 38 21 45 190 49280 1 1739946 126263 1.8 23 12 8 15 48% 42405 13115 2918 127%
c - 144.85 38 21 45 191 49287 1 1753731 126738 1.8 23 12 8 15 48% 42405 13115 2918 127%
c - 145.96 38 21 45 192 49293 1 1767551 126898 1.8 23 12 8 15 48% 42405 13115 2918 127%
c - 147.16 38 21 45 193 49301 1 1781408 127014 1.9 23 12 8 15 48% 42405 13115 2918 127%
c - 148.35 38 21 45 194 49304 1 1795303 127354 1.9 23 13 8 15 48% 42405 13115 2918 127%
c - 149.56 38 21 45 195 49304 1 1809233 127999 1.9 24 13 8 15 48% 42405 13115 2918 127%
c - 150.91 38 21 45 196 49311 1 1823198 128036 1.9 24 13 8 15 48% 42405 13115 2918 127%
c ] 151.08 38 21 46 196 49313 1 1824932 129687 1.9 24 13 8 15 48% 42405 13115 2918 127%
c { 151.08 38 19 46 196 49313 3 1824932 129687 1.7 17 10 8 12 45% 42405 13115 2918 127%
c o 151.09 38 19 46 196 49322 3 1824987 129741 1.7 17 10 8 12 45% 42405 13115 2918 127%
c u 152.30 38 18 46 196 49523 3 1835062 138821 1.7 17 10 8 12 45% 42405 13115 2918 127%
c v 152.71 38 18 46 196 49523 3 1835062 137930 1.7 17 10 8 12 45% 42405 13115 2918 127%
c w 152.86 38 18 46 196 49523 3 1835062 136432 1.7 17 10 8 12 45% 42405 13115 2918 127%
c - 153.11 38 18 46 197 49685 3 1837200 129376 1.7 17 10 8 12 45% 42405 13115 2918 127%
c - 154.18 38 18 46 198 50110 3 1851238 133938 1.7 17 10 8 12 45% 42405 13115 2918 127%
c - 155.28 38 18 46 199 50542 3 1865309 136828 1.7 17 10 8 12 45% 42405 13115 2918 127%
c - 156.39 38 18 46 200 50872 2 1879416 137767 1.7 17 10 8 12 45% 42405 13115 2918 127%
c - 157.51 38 18 46 201 51412 2 1893559 138571 1.7 17 10 8 12 45% 42405 13115 2918 127%
c - 158.68 38 18 46 202 52123 3 1907736 139923 1.7 17 10 8 12 45% 42405 13115 2918 127%
c
c  seconds    switched      rate            size/glue  tier1     binary         remaining
c          MB   reductions     conflicts          size   tier2       irredundant
c           level     restarts        redundant      glue    trail         variables
c
c - 159.82 38 18 46 203 52766 3 1921949 140636 1.7 17 10 8 12 45% 42405 13115 2918 127%
c - 161.02 38 18 46 204 53540 3 1936196 141196 1.7 17 10 8 12 45% 42405 13115 2918 127%
c } 161.53 38 18 47 204 53752 3 1942976 147368 1.7 17 10 8 12 45% 42405 13115 2918 127%
c [ 161.53 38 21 47 204 53752 1 1942976 147368 1.9 24 13 8 15 48% 42405 13115 2918 127%
c B 161.53 38 21 47 204 53752 1 1942976 147368 1.9 24 13 8 15 48% 42405 13115 2918 127%
c - 162.20 40 21 47 205 53757 1 1950479 141310 1.9 24 13 8 15 48% 42405 13115 2918 127%
c - 163.51 40 21 47 206 53765 1 1964796 139779 1.9 24 13 8 15 48% 42405 13115 2918 127%
c u 164.08 40 21 47 206 53765 1 1965579 140206 1.9 24 13 8 15 48% 42405 13115 2918 127%
c v 164.50 40 21 47 206 53765 1 1965579 138604 1.9 24 13 8 15 48% 42405 13115 2918 127%
c w 164.65 40 21 47 206 53765 1 1965579 137381 1.9 24 13 8 15 48% 42405 13115 2918 127%
c - 165.93 40 21 47 207 53769 1 1979148 138820 1.9 24 13 8 15 48% 42405 13115 2918 127%
c - 167.20 40 21 47 208 53778 1 1993538 143187 1.9 25 13 8 15 48% 42405 13115 2918 127%
c - 168.57 40 21 47 209 53781 1 2007961 144564 1.9 25 13 8 15 48% 42405 13115 2918 127%
c - 169.93 40 21 47 210 53782 1 2022419 146802 1.9 24 12 8 15 48% 42405 13115 2918 127%
c - 171.35 40 20 47 211 53789 1 2036910 148144 1.9 24 12 8 15 48% 42405 13115 2918 127%
c ] 171.93 40 21 48 211 53794 1 2042880 153778 1.9 24 12 8 15 48% 42405 13115 2918 127%
c { 171.93 40 18 48 211 53794 3 2042880 153778 1.7 17 10 8 12 45% 42405 13115 2918 127%
c o 171.95 40 18 48 211 53810 3 2042954 153850 1.7 17 10 8 12 45% 42405 13115 2918 127%
c - 172.72 40 18 48 212 54250 3 2051436 148423 1.7 17 10 8 12 45% 42405 13115 2918 127%
c - 173.94 40 18 48 213 54606 2 2065997 148193 1.7 16 10 8 12 45% 42405 13115 2918 127%
c
c  seconds    switched      rate            size/glue  tier1     binary         remaining
c          MB   reductions     conflicts          size   tier2       irredundant
c           level     restarts        redundant      glue    trail         variables
c
c - 175.15 40 18 48 214 55215 2 2080591 148250 1.7 16 10 8 12 45% 42405 13115 2918 127%
c - 176.46 40 18 48 215 56036 3 2095220 149025 1.7 17 10 8 12 45% 42405 13115 2918 127%
c u 177.54 58 18 48 215 56505 3 2101054 154181 1.7 17 10 8 12 45% 42405 13115 2918 127%
c v 178.01 58 18 48 215 56505 3 2101054 152524 1.7 17 10 8 12 45% 42405 13115 2918 127%
c w 178.18 58 18 48 215 56505 3 2101054 152371 1.7 17 10 8 12 45% 42405 13115 2918 127%
c - 178.97 52 18 48 216 56784 3 2109883 148466 1.7 17 10 8 12 45% 42405 13115 2918 127%
c - 180.12 52 18 48 217 57288 3 2124580 148693 1.7 16 10 8 12 45% 42405 13115 2918 127%
c - 181.26 52 18 48 218 57632 3 2139310 149215 1.7 16 10 8 12 45% 42405 13115 2918 127%
c - 182.51 52 18 48 219 58325 3 2154074 149564 1.7 16 10 8 12 45% 42405 13115 2918 127%
c - 183.75 52 18 48 220 58868 2 2168873 150368 1.7 16 10 8 12 45% 42405 13115 2918 127%
c } 183.88 52 17 49 220 58872 2 2170491 151858 1.7 16 10 8 12 45% 42405 13115 2918 127%
c [ 183.88 52 21 49 220 58872 1 2170491 151858 1.9 24 12 8 15 48% 42405 13115 2918 127%
c W 184.47 40 21 49 220 58872 1 2170491 151858 1.9 24 12 8 15 48% 42405 13115 2918 127%
c - 185.52 40 21 49 221 58879 1 2183705 151502 1.9 24 13 8 15 48% 42405 13115 2918 127%
c - 186.82 40 21 49 222 58886 1 2198571 153651 1.9 24 13 8 15 48% 42405 13115 2918 127%
c - 188.24 40 21 49 223 58893 1 2213471 154832 1.9 24 13 8 15 48% 42405 13115 2918 127%
c - 189.68 40 20 49 224 58901 1 2228407 155895 1.9 24 13 8 15 48% 42405 13115 2918 127%
c u 191.45 58 20 49 224 58902 1 2241512 167032 1.9 23 13 8 15 48% 42405 13115 2918 127%
c v 191.93 58 20 49 224 58902 1 2241512 163885 1.9 23 13 8 15 48% 42405 13115 2918 127%
c w 192.10 58 20 49 224 58902 1 2241512 162740 1.9 23 13 8 15 48% 42405 13115 2918 127%
c
c  seconds    switched      rate            size/glue  tier1     binary         remaining
c          MB   reductions     conflicts          size   tier2       irredundant
c           level     restarts        redundant      glue    trail         variables
c
c - 192.35 48 20 49 225 58902 1 2243373 152989 1.9 23 13 8 15 47% 42405 13115 2918 127%
c - 193.72 52 20 49 226 58907 1 2258375 155670 1.9 23 12 8 15 48% 42405 13115 2918 127%
c - 195.09 52 20 49 227 58916 1 2273408 157638 1.8 23 12 8 15 48% 42405 13115 2918 127%
c O 196.19 50 20 49 227 58917 1 2284831 168260 1.8 23 12 8 15 48% 42405 13115 2918 127%
c o 196.19 50 20 49 227 58917 1 2284831 168260 1.8 23 12 8 15 48% 42405 13115 2918 127%
c ] 196.25 52 20 50 227 58918 1 2285494 168806 1.8 23 12 8 15 48% 42405 13115 2918 127%
c { 196.25 52 17 50 227 58918 2 2285494 168806 1.7 16 10 8 12 45% 42405 13115 2918 127%
c - 196.50 52 17 50 228 58918 2 2288474 155994 1.7 16 10 8 12 45% 42405 13115 2918 127%
c - 197.68 54 16 50 229 58918 2 2303573 152732 1.7 16 9 8 12 45% 42405 13115 2918 127%
c - 198.90 52 15 50 230 58926 2 2318705 150710 1.6 15 9 8 12 45% 42405 13115 2918 127%
c - 200.07 52 15 50 231 58945 2 2333871 151732 1.6 15 9 8 12 45% 42405 13115 2918 127%
c - 201.28 52 14 50 232 59008 2 2349071 154568 1.6 15 9 8 12 45% 42405 13115 2918 127%
c - 202.45 52 14 50 233 59092 2 2364304 157303 1.6 15 9 8 12 45% 42405 13115 2918 127%
c - 203.59 52 13 50 234 59186 2 2379570 158496 1.6 14 9 8 11 45% 42405 13115 2918 127%
c u 204.69 56 13 50 234 59188 2 2387002 163420 1.6 14 9 8 11 45% 42405 13115 2918 127%
c v 205.16 58 13 50 234 59188 2 2387002 160394 1.6 14 9 8 11 45% 42405 13115 2918 127%
c w 205.31 58 13 50 234 59188 2 2387002 160122 1.6 14 9 8 11 45% 42405 13115 2918 127%
c - 206.00 52 13 50 235 59294 2 2394867 156461 1.6 14 9 8 11 45% 42405 13115 2918 127%
c - 207.19 52 12 50 236 59448 2 2410196 160220 1.6 14 9 8 11 45% 42405 13115 2918 127%
c } 208.23 54 12 51 236 59564 1 2423019 170158 1.6 14 9 8 11 45% 42405 13115 2918 127%
c
c  seconds    switched      rate            size/glue  tier1     binary         remaining
c          MB   reductions     conflicts          size   tier2       irredundant
c           level     restarts        redundant      glue    trail         variables
c
c [ 208.23 54 20 51 236 59564 1 2423019 170158 1.8 23 12 8 15 48% 42405 13115 2918 127%
c B 208.23 54 20 51 236 59564 1 2423019 170158 1.8 23 12 8 15 48% 42405 13115 2918 127%
c - 208.48 50 20 51 237 59566 1 2425558 164647 1.8 23 12 8 15 48% 42405 13115 2918 127%
c - 209.86 52 20 51 238 59575 1 2440953 167340 1.8 23 13 8 15 48% 42405 13115 2918 127%
c - 211.40 54 21 51 239 59579 1 2456381 170265 1.8 23 13 8 15 47% 42405 13115 2918 127%
c - 213.00 54 21 51 240 59588 1 2471841 170941 1.8 24 13 8 15 47% 42405 13115 2918 127%
c - 214.60 53 21 51 241 59593 1 2487332 172447 1.8 24 13 8 15 47% 42405 13115 2918 127%
c - 216.26 55 21 51 242 59594 1 2502859 173521 1.8 24 13 8 15 47% 42405 13115 2918 127%
c - 217.80 53 21 51 243 59603 1 2518415 172930 1.8 24 13 7 15 47% 42405 13115 2918 127%
c ] 219.06 55 22 52 243 59609 1 2532819 186598 1.8 24 13 7 15 47% 42405 13115 2918 127%
c { 219.06 55 12 52 243 59609 1 2532819 186598 1.6 14 9 8 11 45% 42405 13115 2918 127%
c o 219.07 55 12 52 243 59620 1 2532870 186648 1.6 14 9 8 11 45% 42405 13115 2918 127%
c - 219.27 53 12 52 244 59861 2 2534003 169020 1.6 14 9 8 11 45% 42405 13115 2918 127%
c u 220.36 59 13 52 244 60501 2 2537529 171288 1.6 14 9 8 11 45% 42405 13115 2918 127%
c v 220.90 59 13 52 244 60501 2 2537529 170393 1.6 14 9 8 11 45% 42405 13115 2918 127%
c w 221.09 59 13 52 244 60501 2 2537529 168568 1.6 14 9 8 11 45% 42405 13115 2918 127%
c - 222.55 55 14 52 245 62615 2 2549623 166314 1.6 14 9 8 11 45% 42405 13115 2918 127%
c - 224.26 55 15 52 246 64742 2 2565275 167677 1.6 15 9 8 11 45% 42405 13115 2918 127%
c - 225.86 55 16 52 247 66352 3 2580959 167365 1.6 15 9 8 11 45% 42405 13115 2918 127%
c - 227.31 55 16 52 248 67399 3 2596675 166477 1.6 15 10 8 11 45% 42405 13115 2918 127%
c
c  seconds    switched      rate            size/glue  tier1     binary         remaining
c          MB   reductions     conflicts          size   tier2       irredundant
c           level     restarts        redundant      glue    trail         variables
c
c - 228.81 55 17 52 249 68680 3 2612423 165517 1.6 15 10 8 11 45% 42405 13115 2918 127%
c - 230.30 55 17 52 250 69704 3 2628202 165352 1.6 15 10 8 11 45% 42405 13115 2918 127%
c - 231.63 53 17 52 251 70193 3 2644013 164663 1.6 15 10 8 11 45% 42405 13115 2918 127%
c - 233.00 53 17 52 252 70891 3 2659855 166840 1.6 15 10 8 11 45% 42405 13115 2918 127%
c - 234.36 55 17 52 253 71510 3 2675729 171159 1.6 15 10 8 11 45% 42405 13115 2918 127%
c } 234.78 51 17 53 253 71720 3 2680607 175615 1.6 16 10 8 11 45% 42405 13115 2918 127%
c [ 234.78 51 22 53 253 71720 1 2680607 175615 1.8 24 13 7 15 47% 42405 13115 2918 127%
c W 235.62 41 22 53 253 71720 1 2680607 175615 1.8 24 13 7 15 47% 42405 13115 2918 127%
c - 236.52 41 22 53 254 71726 1 2691637 173608 1.8 24 13 7 15 47% 42405 13115 2918 127%
c u 237.28 59 22 53 254 71727 1 2693136 173850 1.8 24 13 7 15 47% 42405 13115 2918 127%
c v 237.80 59 22 53 254 71727 1 2693136 173098 1.8 24 13 7 15 47% 42405 13115 2918 127%
c w 237.99 59 22 53 254 71727 1 2693136 172637 1.8 24 13 7 15 47% 42405 13115 2918 127%
c - 239.35 53 22 53 255 71734 1 2707574 172370 1.8 24 13 8 15 47% 42405 13115 2918 127%
c - 240.86 55 22 53 256 71741 1 2723543 173874 1.8 24 13 8 15 47% 42405 13115 2918 127%
c - 242.46 55 22 53 257 71749 1 2739543 173872 1.8 24 13 8 15 47% 42405 13115 2918 127%
c - 244.11 53 22 53 258 71750 1 2755575 173015 1.8 25 14 8 15 47% 42405 13115 2918 127%
c - 245.86 55 22 53 259 71757 1 2771639 170329 1.8 25 14 8 15 47% 42405 13115 2918 127%
c - 247.65 53 22 53 260 71765 1 2787732 166806 1.8 25 14 8 15 47% 42405 13115 2918 127%
c - 249.26 53 22 53 261 71772 1 2803857 166175 1.8 25 14 8 15 47% 42405 13115 2918 127%
c I 250.34 55 22 53 261 71778 1 2814847 176749 1.8 25 14 8 15 47% 42405 13115 2918 127%
c
c  seconds    switched      rate            size/glue  tier1     binary         remaining
c          MB   reductions     conflicts          size   tier2       irredundant
c           level     restarts        redundant      glue    trail         variables
c
c o 250.34 55 22 53 261 71778 1 2814847 176749 1.8 25 14 8 15 47% 42405 13115 2918 127%
c - 250.81 53 28 53 262 71779 1 2820012 163070 1.8 26 14 8 15 47% 42405 13115 2918 127%
c ] 250.86 53 28 54 262 71780 1 2820602 163651 1.8 26 14 8 15 47% 42405 13115 2918 127%
c { 250.86 53 17 54 262 71780 3 2820602 163651 1.6 16 10 8 11 45% 42405 13115 2918 127%
c - 253.82 55 22 54 263 75090 4 2836198 157309 1.7 17 11 8 11 45% 42405 13115 2918 127%
c - 257.05 55 27 54 264 78543 5 2852415 150906 1.7 19 11 8 11 45% 42405 13115 2918 127%
c u 257.93 41 28 54 264 78844 5 2853828 151751 1.7 19 11 8 11 45% 42405 13115 2918 127%
c v 258.38 41 28 54 264 78844 5 2853828 151375 1.7 19 11 8 11 45% 42405 13115 2918 127%
c w 258.55 41 28 54 264 78844 5 2853828 151347 1.7 19 11 8 11 45% 42405 13115 2918 127%
c - 261.94 41 31 54 265 81919 6 2868664 145334 1.7 21 12 8 11 45% 42405 13115 2918 127%
c - 264.85 41 34 54 266 84576 7 2884943 141177 1.8 22 12 8 12 45% 42405 13115 2918 127%
c - 267.89 41 37 54 267 87485 7 2901253 109767 1.8 23 13 7 12 45% 42405 13115 2918 127%
c - 270.46 41 39 54 268 89827 7 2917593 99497 1.8 24 13 7 12 45% 42405 13115 2918 127%
c - 272.93 41 41 54 269 91945 8 2933964 97556 1.9 25 13 7 12 45% 42405 13115 2918 127%
c - 275.17 41 42 54 270 93489 7 2950366 98079 1.9 26 14 7 12 45% 42405 13115 2918 127%
c - 277.44 41 43 54 271 95110 7 2966797 98834 1.9 27 14 7 12 45% 42405 13115 2918 127%
c } 279.07 41 44 55 271 96240 7 2978997 110887 2.0 27 14 7 12 45% 42405 13115 2918 127%
c [ 279.07 41 28 55 271 96240 1 2978997 110887 1.8 26 14 8 15 47% 42405 13115 2918 127%
c B 279.07 41 28 55 271 96240 1 2978997 110887 1.8 26 14 8 15 47% 42405 13115 2918 127%
c - 279.45 41 28 55 272 96243 1 2983259 99269 1.8 26 14 8 15 47% 42405 13115 2918 127%
c
c  seconds    switched      rate            size/glue  tier1     binary         remaining
c          MB   reductions     conflicts          size   tier2       irredundant
c           level     restarts        redundant      glue    trail         variables
c
c - 280.88 41 27 55 273 96253 1 2999751 100855 1.8 26 14 8 15 47% 42405 13115 2918 127%
c - 282.45 41 26 55 274 96258 1 3016274 102860 1.8 25 14 7 15 47% 42405 13115 2918 127%
c u 283.66 41 26 55 274 96260 1 3019655 104500 1.8 25 14 7 15 47% 42405 13115 2918 127%
c v 284.57 41 26 55 274 96260 1 3019655 103379 1.8 25 14 7 15 47% 42405 13115 2918 127%
c w 284.89 41 26 55 274 96260 1 3019655 101638 1.8 25 14 7 15 47% 42405 13115 2918 127%
c - 286.15 41 25 55 275 96268 1 3032827 100739 1.8 25 14 7 15 47% 42405 13115 2918 127%
c - 287.68 41 24 55 276 96270 1 3049413 103446 1.8 24 13 7 15 47% 42405 13115 2918 127%
c - 289.28 41 23 55 277 96274 1 3066028 103845 1.8 24 13 7 15 47% 42405 13115 2918 127%
c - 290.86 41 23 55 278 96284 1 3082671 102874 1.9 24 13 7 15 47% 42405 13115 2918 127%
c - 292.42 41 22 55 279 96290 1 3099344 100752 1.8 24 13 7 15 47% 42405 13115 2918 127%
c - 294.14 41 22 55 280 96299 1 3116049 99336 1.8 24 13 7 15 47% 42405 13115 2918 127%
c W 296.39 41 21 55 280 96301 1 3127186 109316 1.8 23 13 7 15 47% 42405 13115 2918 127%
c o 296.39 41 21 55 280 96301 1 3127186 109316 1.8 23 13 7 15 47% 42405 13115 2918 127%
c - 296.86 41 24 55 281 96301 1 3132783 97779 1.8 23 13 7 15 47% 42405 13115 2918 127%
c - 298.36 41 29 55 282 96302 1 3149547 93962 1.8 24 14 7 15 47% 42405 13115 2918 127%
c - 299.89 41 27 55 283 96302 1 3166341 94718 1.8 24 13 7 15 47% 42405 13115 2918 127%
c - 301.50 41 26 55 284 96308 1 3183164 95216 1.8 24 13 7 15 46% 42405 13115 2918 127%
c u 302.85 41 26 55 284 96312 1 3190642 101372 1.8 23 13 7 15 46% 42405 13115 2918 127%
c v 303.49 41 26 55 284 96312 1 3190642 98195 1.8 23 13 7 15 46% 42405 13115 2918 127%
c w 303.71 41 26 55 284 96312 1 3190642 96766 1.8 23 13 7 15 46% 42405 13115 2918 127%
c
c  seconds    switched      rate           size/glue  tier1     binary         remaining
c          MB   reductions     conflicts         size   tier2       irredundant
c           level     restarts        redundant     glue    trail         variables
c
c - 304.71 41 25 55 285 96316 1 3200016 90992 1.8 23 13 7 15 46% 42405 13115 2918 127%
c - 306.41 41 24 55 286 96324 1 3216897 94769 1.8 23 13 7 15 46% 42405 13115 2918 127%
c - 308.06 41 23 55 287 96332 1 3233809 97454 1.9 23 12 7 15 46% 42405 13115 2918 127%
c ] 308.88 41 23 56 287 96333 1 3242314 105710 1.9 23 12 7 15 46% 42405 13115 2918 127%
c { 308.88 41 44 56 287 96333 7 3242314 105710 2.0 27 14 7 12 45% 42405 13115 2918 127%
c - 309.63 41 41 56 288 96341 7 3250750 97513 1.9 26 14 7 12 45% 42405 13115 2918 127%
c - 311.12 41 37 56 289 96347 6 3267721 99796 1.9 25 13 7 12 45% 42405 13115 2918 127%
c - 312.80 41 34 56 290 96347 5 3284721 104211 1.9 24 12 7 12 45% 42405 13115 2918 127%
c - 314.56 41 31 56 291 96350 5 3301753 107522 1.9 23 12 7 12 45% 42405 13115 2918 127%
c - 316.43 41 28 56 292 96358 4 3318811 108846 1.9 22 12 7 12 45% 42405 13115 2918 127%
c - 317.88 41 26 56 293 96474 4 3335899 109762 1.9 22 11 7 12 45% 42405 13115 2918 127%
c - 319.23 41 25 56 294 96585 3 3353016 112827 1.9 21 11 7 12 45% 42405 13115 2918 127%
c u 320.96 41 23 56 294 96650 3 3366814 120331 1.9 20 11 7 12 45% 42405 13115 2918 127%
c v 321.58 41 23 56 294 96650 3 3366814 115444 1.9 20 11 7 12 45% 42405 13115 2918 127%
c w 321.79 41 23 56 294 96650 3 3366814 114006 1.9 20 11 7 12 45% 42405 13115 2918 127%
c o 321.97 41 23 56 294 96678 3 3368555 115665 1.9 20 11 7 12 45% 42405 13115 2918 127%
c - 322.11 41 23 56 295 96702 3 3370163 107919 1.8 20 11 7 12 45% 42405 13115 2918 127%
c - 323.48 41 22 56 296 96849 3 3387338 111367 1.8 20 11 7 12 45% 42405 13115 2918 127%
c - 324.82 41 21 56 297 97018 3 3404543 113905 1.8 19 11 7 12 45% 42405 13115 2918 127%
c } 325.40 41 21 57 297 97084 3 3411656 120470 1.8 19 11 7 12 45% 42405 13115 2918 127%
c
c  seconds    switched      rate            size/glue  tier1     binary         remaining
c          MB   reductions     conflicts          size   tier2       irredundant
c           level     restarts        redundant      glue    trail         variables
c
c [ 325.40 41 23 57 297 97084 1 3411656 120470 1.9 23 12 7 15 46% 42405 13115 2918 127%
c O 325.40 41 23 57 297 97084 1 3411656 120470 1.9 23 12 7 15 46% 42405 13115 2918 127%
c - 326.27 41 23 57 298 97090 1 3421777 116538 1.9 23 12 7 15 47% 42405 13115 2918 127%
c - 327.98 41 22 57 299 97098 1 3439042 117757 1.9 23 12 7 15 47% 42405 13115 2918 127%
c - 329.76 41 22 57 300 97105 1 3456336 116064 1.9 23 12 7 15 47% 42405 13115 2918 127%
c - 331.69 41 22 57 301 97113 1 3473657 114287 1.9 24 12 7 15 47% 42405 13115 2918 127%
c - 333.59 41 22 57 302 97114 1 3491007 114989 1.9 24 13 7 15 47% 42405 13115 2918 127%
c - 335.50 41 22 57 303 97124 1 3508385 115198 1.9 23 13 7 15 47% 42405 13115 2918 127%
c - 337.44 41 21 57 304 97129 1 3525791 117530 1.9 23 12 7 15 47% 42405 13115 2918 127%
c - 339.28 41 20 57 305 97140 1 3543226 119522 1.9 23 12 7 15 47% 42405 13115 2918 127%
c u 340.51 41 20 57 305 97143 1 3548196 121136 1.9 23 12 7 15 47% 42405 13115 2918 127%
c v 341.24 41 20 57 305 97143 1 3548196 108005 1.9 23 12 7 15 47% 42405 13115 2918 127%
c w 341.49 41 20 57 305 97143 1 3548196 102666 1.9 23 12 7 15 47% 42405 13115 2918 127%
c ] 341.98 41 20 58 305 97144 1 3553252 107463 1.9 23 12 7 15 47% 42405 13115 2918 127%
c { 341.98 41 21 58 305 97144 3 3553252 107463 1.8 19 11 7 12 45% 42405 13115 2918 127%
c - 342.61 41 20 58 306 97228 3 3560690 106993 1.8 19 10 7 12 45% 42405 13115 2918 127%
c - 343.99 41 20 58 307 97406 2 3578183 116480 1.8 18 10 7 12 45% 42405 13115 2918 127%
c - 345.43 41 19 58 308 97710 2 3595706 119890 1.8 18 10 7 12 45% 42405 13115 2918 127%
c - 346.86 41 19 58 309 98193 2 3613255 122272 1.8 18 10 7 12 45% 42405 13115 2918 127%
c o 347.26 41 18 58 309 98256 2 3618643 127265 1.8 18 10 7 12 45% 42405 13115 2918 127%
c
c  seconds    switched      rate            size/glue  tier1     binary         remaining
c          MB   reductions     conflicts          size   tier2       irredundant
c           level     restarts        redundant      glue    trail         variables
c
c - 348.29 41 18 58 310 98734 2 3630836 124896 1.8 18 10 7 12 45% 42405 13115 2918 127%
c - 349.78 41 18 58 311 99202 2 3648443 126563 1.7 17 10 7 12 45% 42405 13115 2918 127%
c - 351.27 41 18 58 312 99732 2 3666078 127764 1.7 17 10 7 12 45% 42405 13115 2918 127%
c - 352.77 41 18 58 313 100197 2 3683742 130203 1.7 17 10 7 12 45% 42405 13115 2918 127%
c - 354.28 41 18 58 314 100716 2 3701433 131913 1.7 17 10 7 12 45% 42405 13115 2918 127%
c - 355.81 41 18 58 315 101349 2 3719153 134126 1.7 17 10 7 12 45% 42405 13115 2918 127%
c } 357.00 41 18 59 315 101815 2 3733881 147550 1.7 17 10 7 12 45% 42405 13115 2918 127%
c [ 357.00 41 20 59 315 101815 1 3733881 147550 1.9 23 12 7 15 47% 42405 13115 2918 127%
c B 357.00 41 20 59 315 101815 1 3733881 147550 1.9 23 12 7 15 47% 42405 13115 2918 127%
c u 357.70 41 20 59 315 101815 1 3734815 147400 1.9 23 12 7 15 47% 42405 13115 2918 127%
c v 358.29 41 20 59 315 101815 1 3734815 146127 1.9 23 12 7 15 47% 42405 13115 2918 127%
c w 358.49 41 20 59 315 101815 1 3734815 145962 1.9 23 12 7 15 47% 42405 13115 2918 127%
c - 358.73 41 20 59 316 101817 1 3736901 132951 1.9 23 12 7 15 47% 42405 13115 2918 127%
c - 360.26 41 19 59 317 101828 1 3754678 134411 1.9 22 12 7 15 47% 42405 13115 2918 127%
c - 361.77 41 19 59 318 101834 1 3772483 134094 1.9 22 12 7 15 47% 42405 13115 2918 127%
c - 363.47 41 19 59 319 101843 1 3790315 134175 1.8 22 12 7 15 47% 42405 13115 2918 127%
c - 365.09 41 19 59 320 101845 1 3808175 135668 1.9 22 12 7 15 47% 42405 13115 2918 127%
c - 366.78 41 19 59 321 101852 1 3826067 135688 1.9 22 12 7 15 47% 42405 13115 2918 127%
c - 368.55 41 19 59 322 101860 1 3843986 135221 1.9 22 12 7 15 46% 42405 13115 2918 127%
c - 370.39 41 19 59 323 101868 1 3861931 135726 1.9 22 12 7 15 46% 42405 13115 2918 127%
c
c  seconds    switched       rate            size/glue  tier1     binary         remaining
c          MB   reductions      conflicts          size   tier2       irredundant
c           level      restarts        redundant      glue    trail         variables
c
c - 372.11 41 19 59 324 101875 1 3879904 135460 1.9 22 12 7 15 46% 42405 13115 2918 127%
c ] 372.67 41 19 60 324 101876 1 3885654 140928 1.9 22 12 7 15 46% 42405 13115 2918 127%
c { 372.67 41 18 60 324 101876 2 3885654 140928 1.7 17 10 7 12 45% 42405 13115 2918 127%
c o 372.94 41 18 60 324 101899 2 3888679 143680 1.7 17 10 7 12 45% 42405 13115 2918 127%
c - 373.73 41 18 60 325 102223 2 3897905 134292 1.7 17 10 7 12 45% 42405 13115 2918 127%
c - 375.32 41 18 60 326 102897 2 3915932 133620 1.7 17 10 7 12 45% 42405 13115 2918 127%
c u 376.90 41 18 60 326 103130 2 3926693 140074 1.7 17 10 7 12 45% 42405 13115 2918 127%
c v 377.58 41 18 60 326 103130 2 3926693 138624 1.7 17 10 7 12 45% 42405 13115 2918 127%
c w 377.81 41 18 60 326 103130 2 3926693 138443 1.7 17 10 7 12 45% 42405 13115 2918 127%
c - 378.51 41 18 60 327 103484 2 3933988 129667 1.7 17 10 7 12 45% 42405 13115 2918 127%
c - 380.02 41 18 60 328 104270 2 3952072 130422 1.7 17 10 7 12 45% 42405 13115 2918 127%
c - 381.59 41 18 60 329 104973 2 3970182 132374 1.7 17 10 7 12 45% 42405 13115 2918 127%
c - 383.12 41 18 60 330 105471 2 3988320 134656 1.7 17 10 7 12 45% 42405 13115 2918 127%
c - 384.65 41 17 60 331 105900 2 4006486 136806 1.7 16 10 7 11 45% 42405 13115 2918 127%
c - 386.29 41 17 60 332 106795 2 4024679 138823 1.7 16 10 7 11 45% 42405 13115 2918 127%
c - 387.98 41 18 60 333 107840 2 4042900 141665 1.7 17 10 7 11 45% 42405 13115 2918 127%
c - 389.50 41 18 60 334 108274 2 4061149 143839 1.7 17 10 7 11 45% 42405 13115 2918 127%
c } 390.96 41 18 61 334 108993 2 4077907 159099 1.7 17 10 7 11 45% 42405 13115 2918 127%
c [ 390.96 41 19 61 334 108993 1 4077907 159099 1.9 22 12 7 15 46% 42405 13115 2918 127%
c W 392.67 41 19 61 334 108993 1 4077907 159099 1.9 22 12 7 15 46% 42405 13115 2918 127%
c
c  seconds    switched       rate            size/glue  tier1     binary         remaining
c          MB   reductions      conflicts          size   tier2       irredundant
c           level      restarts        redundant      glue    trail         variables
c
c - 392.82 41 19 61 335 108994 1 4079425 144172 1.9 22 12 7 15 46% 42405 13115 2918 127%
c - 394.42 41 19 61 336 109005 1 4097728 142785 1.9 22 12 7 15 46% 42405 13115 2918 127%
c - 396.22 41 19 61 337 109012 1 4116059 141727 1.9 22 12 7 15 46% 42405 13115 2918 127%
c u 397.70 41 19 61 337 109015 1 4123858 148549 1.9 22 12 7 15 46% 42405 13115 2918 127%
c v 398.36 41 19 61 337 109015 1 4123858 145981 1.9 22 12 7 15 46% 42405 13115 2918 127%
c w 398.61 59 19 61 337 109015 1 4123858 145035 1.9 22 12 7 15 46% 42405 13115 2918 127%
c - 399.77 53 19 61 338 109021 1 4134416 137941 1.9 22 12 7 15 46% 42405 13115 2918 127%
c - 401.55 53 19 61 339 109023 1 4152800 139664 1.9 22 12 7 15 46% 42405 13115 2918 127%
c - 403.39 53 18 61 340 109030 1 4171212 139399 1.9 22 12 7 15 46% 42405 13115 2918 127%
c - 405.13 51 19 61 341 109038 1 4189651 138326 1.9 22 12 7 15 46% 42405 13115 2918 127%
c - 406.94 53 19 61 342 109048 1 4208118 136885 1.9 22 12 7 15 46% 42405 13115 2918 127%
c - 408.82 51 19 61 343 109054 1 4226611 133919 1.9 22 12 7 14 46% 42405 13115 2918 127%
c ] 410.63 53 19 62 343 109055 1 4243973 150199 1.9 22 12 7 14 46% 42405 13115 2918 127%
c { 410.63 53 18 62 343 109055 2 4243973 150199 1.7 17 10 7 11 45% 42405 13115 2918 127%
c o 410.64 53 18 62 343 109064 2 4244043 150267 1.7 17 10 7 11 45% 42405 13115 2918 127%
c - 410.77 51 18 62 344 109073 2 4245132 133235 1.7 17 10 7 11 45% 42405 13115 2918 127%
c - 412.49 53 18 62 345 109736 2 4263679 133700 1.7 17 10 7 11 45% 42405 13115 2918 127%
c - 414.09 53 18 62 346 110392 2 4282256 133673 1.7 17 10 7 11 45% 42405 13115 2918 127%
c - 415.74 53 18 62 347 111052 2 4300859 133781 1.7 17 10 7 11 45% 42405 13115 2918 127%
c - 417.36 53 18 62 348 111691 2 4319486 135848 1.7 17 10 7 11 45% 42405 13115 2918 127%
c
c  seconds    switched       rate            size/glue  tier1     binary         remaining
c          MB   reductions      conflicts          size   tier2       irredundant
c           level      restarts        redundant      glue    trail         variables
c
c u 418.68 55 18 62 348 111761 2 4326335 135486 1.7 17 10 7 11 45% 42405 13115 2918 127%
c v 419.40 56 18 62 348 111761 2 4326335 133275 1.7 17 10 7 11 45% 42405 13115 2918 127%
c w 419.64 56 18 62 348 111761 2 4326335 132958 1.7 17 10 7 11 45% 42405 13115 2918 127%
c - 420.72 53 18 62 349 112152 2 4338142 129702 1.7 17 10 7 11 45% 42405 13115 2918 127%
c - 422.38 53 17 62 350 112855 2 4356824 132850 1.7 17 10 7 11 45% 42405 13115 2918 127%
c - 424.05 53 18 62 351 113612 2 4375532 136827 1.7 17 10 7 11 45% 42405 13115 2918 127%
c - 425.78 53 18 62 352 114549 2 4394268 139243 1.7 17 10 7 11 45% 42405 13115 2918 127%
c - 427.55 53 18 62 353 115532 2 4413031 141586 1.7 17 10 7 11 45% 42405 13115 2918 127%
c - 429.19 53 18 62 354 115953 2 4431819 143493 1.7 17 10 7 11 45% 42405 13115 2918 127%
c } 430.68 53 18 63 354 116440 2 4448182 158037 1.7 16 10 7 11 45% 42405 13115 2918 127%
c [ 430.68 53 19 63 354 116440 1 4448182 158037 1.9 22 12 7 14 46% 42405 13115 2918 127%
c I 430.68 53 19 63 354 116440 1 4448182 158037 1.9 22 12 7 14 46% 42405 13115 2918 127%
c - 430.91 53 20 63 355 116442 1 4450633 143410 1.8 23 12 7 14 46% 42405 13115 2918 127%
c - 432.59 51 21 63 356 116453 1 4469474 138568 1.9 24 13 7 15 46% 42405 13115 2918 127%
c - 434.42 53 22 63 357 116460 1 4488342 134106 1.9 25 13 7 15 46% 42405 13115 2918 127%
c - 436.31 51 23 63 358 116469 1 4507237 132383 1.9 26 14 7 15 46% 42405 13115 2918 127%
c - 438.25 53 23 63 359 116470 1 4526157 131257 1.9 27 14 7 15 46% 42405 13115 2918 127%
c u 439.56 55 23 63 359 116473 1 4534149 138220 1.9 27 14 7 15 46% 42405 13115 2918 127%
c v 440.08 55 23 63 359 116473 1 4534149 137906 1.9 27 14 7 15 46% 42405 13115 2918 127%
c w 440.27 56 23 63 359 116473 1 4534149 135042 1.9 27 14 7 15 46% 42405 13115 2918 127%
c
c  seconds    switched       rate            size/glue  tier1     binary         remaining
c          MB   reductions      conflicts          size   tier2       irredundant
c           level      restarts        redundant      glue    trail         variables
c
c o 440.52 56 23 63 359 116473 1 4534149 135042 1.9 27 14 7 15 46% 42405 13115 2918 127%
c - 441.43 51 23 63 360 116480 1 4545107 131687 1.9 26 14 7 15 46% 42405 13115 2918 127%
c - 443.29 53 22 63 361 116487 1 4564081 136822 1.9 25 13 7 15 46% 42405 13115 2918 127%
c - 445.14 51 21 63 362 116498 1 4583082 137179 1.9 25 13 7 15 46% 42405 13115 2918 127%
c - 447.03 53 21 63 363 116501 1 4602110 136888 1.9 24 13 7 15 46% 42405 13115 2918 127%
c - 448.94 51 21 63 364 116502 1 4621163 137154 1.9 24 13 7 15 46% 42405 13115 2918 127%
c B 450.19 53 20 63 364 116502 1 4633517 148961 1.9 24 13 7 15 46% 42405 13115 2918 127%
c ] 450.35 49 21 64 364 116502 1 4635182 150589 1.9 24 13 7 15 46% 42405 13115 2918 127%
c { 450.35 49 18 64 364 116502 2 4635182 150589 1.7 16 10 7 11 45% 42405 13115 2918 127%
c - 450.83 53 18 64 365 116658 2 4640241 136098 1.7 16 10 7 11 45% 42405 13115 2918 127%
c - 452.63 53 18 64 366 117289 2 4659347 135321 1.7 16 10 7 11 45% 42405 13115 2918 127%
c - 454.40 53 18 64 367 118027 2 4678480 136901 1.7 16 10 7 11 45% 42405 13115 2918 127%
c - 456.25 53 18 64 368 118888 2 4697637 139424 1.7 16 10 7 11 45% 42405 13115 2918 127%
c - 458.00 53 18 64 369 119589 2 4716821 141747 1.7 17 10 7 11 45% 42405 13115 2918 127%
c - 459.86 53 18 64 370 120343 2 4736032 143589 1.7 17 10 7 11 45% 42405 13115 2918 127%
c u 461.77 41 18 64 370 120651 2 4747326 152518 1.7 17 10 7 11 45% 42405 13115 2918 127%
c v 462.58 41 18 64 370 120651 2 4747326 150924 1.7 17 10 7 11 45% 42405 13115 2918 127%
c w 462.87 41 18 64 370 120651 2 4747326 150661 1.7 17 10 7 11 45% 42405 13115 2918 127%
c - 466.57 41 18 64 371 120905 2 4755267 142086 1.7 17 10 7 11 45% 42405 13115 2918 127%
c - 468.42 41 18 64 372 121880 2 4774529 144415 1.7 17 10 7 11 45% 42405 13115 2918 127%
c
c  seconds    switched       rate            size/glue  tier1     binary         remaining
c          MB   reductions      conflicts          size   tier2       irredundant
c           level      restarts        redundant      glue    trail         variables
c
c - 470.09 41 18 64 373 122520 2 4793816 146917 1.7 17 10 7 11 45% 42405 13115 2918 127%
c - 471.87 41 18 64 374 123236 2 4813129 148468 1.7 16 10 7 11 45% 42405 13115 2918 127%
c o 472.84 41 18 64 374 123537 2 4824347 158493 1.7 16 10 7 11 45% 42405 13115 2918 127%
c - 473.59 41 18 64 375 123789 2 4832468 149344 1.7 16 10 7 11 45% 42405 13115 2918 127%
c } 475.39 41 18 65 375 124539 2 4851680 166918 1.7 16 10 7 11 45% 42405 13115 2918 127%
c [ 475.39 41 21 65 375 124539 1 4851680 166918 1.9 24 13 7 15 46% 42405 13115 2918 127%
c W 477.54 41 21 65 375 124539 1 4851680 166918 1.9 24 13 7 15 46% 42405 13115 2918 127%
c - 477.58 41 21 65 376 124539 1 4851834 150291 1.9 24 13 7 15 46% 42405 13115 2918 127%
c - 479.24 41 21 65 377 124551 1 4871225 149822 1.9 24 13 7 15 47% 42405 13115 2918 127%
c - 481.04 41 20 65 378 124559 1 4890641 149790 1.9 23 12 7 15 47% 42405 13115 2918 127%
c - 482.89 41 20 65 379 124568 1 4910083 148609 1.9 23 12 7 15 47% 42405 13115 2918 127%
c - 484.88 41 21 65 380 124569 1 4929552 143223 1.9 24 13 7 15 46% 42405 13115 2918 127%
c - 486.76 41 22 65 381 124579 1 4949046 141183 1.9 24 13 7 15 46% 42405 13115 2918 127%
c u 489.42 41 22 65 381 124584 1 4965866 156254 1.9 25 13 7 15 46% 42405 13115 2918 127%
c v 490.25 59 22 65 381 124584 1 4965866 155738 1.9 25 13 7 15 46% 42405 13115 2918 127%
c w 490.55 59 22 65 381 124584 1 4965866 154980 1.9 25 13 7 15 46% 42405 13115 2918 127%
c - 490.91 51 22 65 382 124587 1 4968565 139173 1.9 25 13 7 15 46% 42405 13115 2918 127%
c - 492.94 53 22 65 383 124598 1 4988109 138522 1.9 24 13 7 15 46% 42405 13115 2918 127%
c - 495.01 53 22 65 384 124600 1 5007683 139653 1.9 24 13 7 15 46% 42405 13115 2918 127%
c - 497.09 53 23 65 385 124601 1 5027278 137741 1.9 24 13 7 15 46% 42405 13115 2918 127%
c
c  seconds    switched       rate            size/glue  tier1     binary         remaining
c          MB   reductions      conflicts          size   tier2       irredundant
c           level      restarts        redundant      glue    trail         variables
c
c ] 499.14 53 23 66 385 124601 1 5046510 156441 1.8 24 13 7 15 47% 42405 13115 2918 127%
c { 499.14 53 18 66 385 124601 2 5046510 156441 1.7 16 10 7 11 45% 42405 13115 2918 127%
c - 499.21 53 18 66 386 124603 2 5046899 133916 1.7 16 10 7 11 45% 42405 13115 2918 127%
c - 500.90 53 17 66 387 124646 2 5066545 134966 1.7 16 10 7 11 45% 42405 13115 2918 127%
c - 502.58 51 15 66 388 124650 2 5086220 137522 1.7 16 10 7 11 45% 42405 13115 2918 127%
c - 504.26 51 15 66 389 124692 2 5105918 139425 1.7 16 9 7 11 45% 42405 13115 2918 127%
c - 505.91 53 14 66 390 124749 2 5125643 140730 1.6 15 9 7 11 45% 42405 13115 2918 127%
c o 506.36 51 14 66 390 124758 2 5131071 144984 1.6 15 9 7 11 45% 42405 13115 2918 127%
c - 507.58 53 13 66 391 124844 2 5145391 142501 1.6 15 9 7 11 45% 42405 13115 2918 127%
c - 509.22 51 13 66 392 124905 2 5165164 144743 1.6 14 9 7 11 45% 42405 13115 2918 127%
c - 510.89 53 12 66 393 124973 1 5184963 148382 1.6 14 9 7 11 45% 42405 13115 2918 127%
c u 512.12 55 12 66 393 125021 1 5189819 150302 1.6 14 9 7 11 45% 42405 13115 2918 127%
c v 512.86 56 12 66 393 125021 1 5189819 144017 1.6 14 9 7 11 45% 42405 13115 2918 127%
c w 513.03 56 12 66 393 125021 1 5189819 143771 1.6 14 9 7 11 45% 42405 13115 2918 127%
c - 514.38 53 12 66 394 125196 1 5204787 148382 1.6 14 9 7 11 45% 42405 13115 2918 127%
c - 516.04 53 11 66 395 125348 1 5224636 153567 1.6 14 9 7 11 45% 42405 13115 2918 127%
c - 517.72 53 11 66 396 125557 1 5244510 156552 1.6 14 8 7 11 45% 42405 13115 2918 127%
c - 519.55 53 11 66 397 126000 1 5264409 160168 1.6 14 8 7 11 45% 42405 13115 2918 127%
c } 520.61 53 11 67 397 126314 1 5275625 169263 1.6 13 8 7 11 45% 42405 13115 2918 127%
c [ 520.61 53 23 67 397 126314 1 5275625 169263 1.8 24 13 7 15 47% 42405 13115 2918 127%
c
c  seconds    switched       rate            size/glue  tier1     binary         remaining
c          MB   reductions      conflicts          size   tier2       irredundant
c           level      restarts        redundant      glue    trail         variables
c
c O 520.61 53 23 67 397 126314 1 5275625 169263 1.8 24 13 7 15 47% 42405 13115 2918 127%
c - 521.40 55 23 67 398 126320 1 5284334 164278 1.8 24 13 7 15 47% 42405 13115 2918 127%
c - 523.33 53 22 67 399 126328 1 5304288 167230 1.8 24 13 7 15 47% 42405 13115 2918 127%
c - 525.39 55 22 67 400 126338 1 5324263 168001 1.8 23 13 7 15 47% 42405 13115 2918 127%
c - 527.64 53 21 67 401 126344 1 5344264 168444 1.8 23 13 7 15 47% 42405 13115 2918 127%
c - 529.86 55 21 67 402 126350 1 5364291 166182 1.8 23 13 7 15 47% 42405 13115 2918 127%
c - 532.14 53 22 67 403 126359 1 5384340 160125 1.8 24 13 7 15 47% 42405 13115 2918 127%
c - 534.44 53 22 67 404 126368 1 5404415 158456 1.8 24 13 7 15 47% 42405 13115 2918 127%
c u 537.03 59 21 67 404 126374 1 5419183 170276 1.8 24 13 7 15 47% 42405 13115 2918 127%
c v 537.92 59 21 67 404 126374 1 5419183 168273 1.8 24 13 7 15 47% 42405 13115 2918 127%
c w 538.25 59 21 67 404 126374 1 5419183 165727 1.8 24 13 7 15 47% 42405 13115 2918 127%
c - 538.97 53 21 67 405 126375 1 5424517 153620 1.8 23 13 7 15 47% 42405 13115 2918 127%
c - 541.33 55 21 67 406 126376 1 5444641 154481 1.8 23 13 7 15 47% 42405 13115 2918 127%
c ] 542.43 53 20 68 406 126376 1 5453790 163207 1.8 23 13 7 15 47% 42405 13115 2918 127%
c { 542.43 53 11 68 406 126376 1 5453790 163207 1.6 13 8 7 11 45% 42405 13115 2918 127%
c o 542.45 53 11 68 406 126396 1 5453913 163320 1.6 13 8 7 11 45% 42405 13115 2918 127%
c - 543.79 53 12 68 407 128174 2 5464793 155277 1.6 14 9 7 11 45% 42405 13115 2918 127%
c - 546.02 55 14 68 408 130850 2 5484967 157060 1.6 14 9 7 11 45% 42405 13115 2918 127%
c - 548.04 55 15 68 409 132676 2 5505166 157686 1.6 15 9 7 11 45% 42405 13115 2918 127%
c - 550.15 55 16 68 410 134431 2 5525389 158688 1.6 15 10 7 11 45% 42405 13115 2918 127%
c
c  seconds    switched       rate            size/glue  tier1     binary         remaining
c          MB   reductions      conflicts          size   tier2       irredundant
c           level      restarts        redundant      glue    trail         variables
c
c - 552.10 55 16 68 411 135603 3 5545637 160831 1.6 15 10 7 11 45% 42405 13115 2918 127%
c - 554.07 55 17 68 412 136910 3 5565913 163245 1.6 16 10 7 11 45% 42405 13115 2918 127%
c - 555.93 55 17 68 413 137666 3 5586212 165094 1.6 16 10 7 11 45% 42405 13115 2918 127%
c - 557.83 55 17 68 414 138372 3 5606534 167022 1.6 16 10 7 11 45% 42405 13115 2918 127%
c - 559.75 55 17 68 415 139381 3 5626880 169956 1.6 16 10 7 11 45% 42405 13115 2918 127%
c - 561.66 55 18 68 416 140288 3 5647254 172116 1.6 16 10 7 11 45% 42405 13115 2918 127%
c u 563.20 57 18 68 416 140557 3 5653985 175969 1.6 16 10 7 11 45% 42405 13115 2918 127%
c v 564.08 59 18 68 416 140557 3 5653985 173164 1.6 16 10 7 11 45% 42405 13115 2918 127%
c w 564.38 59 18 68 416 140557 3 5653985 172810 1.6 16 10 7 11 45% 42405 13115 2918 127%
c - 565.67 55 18 68 417 141071 3 5667650 169415 1.6 16 10 7 11 45% 42405 13115 2918 127%
c - 567.56 55 18 68 418 141854 2 5688070 172356 1.6 16 10 7 11 45% 42405 13115 2918 127%
c } 568.22 53 17 69 418 141977 2 5695849 179390 1.6 16 10 7 11 45% 42405 13115 2918 127%
c [ 568.22 53 20 69 418 141977 1 5695849 179390 1.8 23 13 7 15 47% 42405 13115 2918 127%
c B 568.22 53 20 69 418 141977 1 5695849 179390 1.8 23 13 7 15 47% 42405 13115 2918 127%
c - 569.54 55 20 69 419 141984 1 5708515 172063 1.8 23 12 7 15 47% 42405 13115 2918 127%
c - 571.72 55 20 69 420 141992 1 5728986 169353 1.8 23 12 7 14 47% 42405 13115 2918 127%
c - 573.76 55 20 69 421 142005 1 5749479 164942 1.9 23 12 7 14 47% 42405 13115 2918 127%
c - 575.98 53 20 69 422 142007 1 5769997 163193 1.9 23 12 7 14 47% 42405 13115 2918 127%
c - 578.15 55 20 69 423 142015 1 5790539 159246 1.9 23 12 7 14 47% 42405 13115 2918 127%
c - 580.43 53 20 69 424 142023 1 5811106 156234 1.9 23 12 7 14 47% 42405 13115 2918 127%
c
c  seconds    switched       rate            size/glue  tier1     binary         remaining
c          MB   reductions      conflicts          size   tier2       irredundant
c           level      restarts        redundant      glue    trail         variables
c
c - 582.62 53 20 69 425 142036 1 5831697 154203 1.9 23 12 7 14 47% 42405 13115 2918 127%
c - 584.84 55 19 69 426 142038 1 5852312 149990 1.9 23 12 7 14 47% 42405 13115 2918 127%
c - 587.13 53 20 69 427 142039 1 5872953 144864 1.9 23 12 7 14 47% 42405 13115 2918 127%
c - 589.51 49 20 69 428 142040 1 5893618 140658 1.9 23 12 7 14 47% 42405 13115 2918 127%
c u 590.53 55 20 69 428 142041 1 5894254 134041 1.9 23 12 7 14 47% 42405 13115 2918 127%
c v 591.53 56 20 69 428 142041 1 5894254 129854 1.9 23 12 7 14 47% 42405 13115 2918 127%
c w 591.87 56 20 69 428 142041 1 5894254 124151 1.9 23 12 7 14 47% 42405 13115 2918 127%
c o 591.91 56 20 69 428 142041 1 5894254 124151 1.9 23 12 7 14 47% 42405 13115 2918 127%
c W 596.31 41 20 69 428 142053 1 5913132 142020 1.9 23 12 7 14 46% 42405 13115 2918 127%
c - 596.44 41 20 69 429 142053 1 5914308 126622 1.9 23 12 7 14 46% 42405 13115 2918 127%
c ] 596.58 41 20 70 429 142053 1 5915808 128084 1.9 23 12 7 14 46% 42405 13115 2918 127%
c { 596.58 41 17 70 429 142053 2 5915808 128084 1.6 16 10 7 11 45% 42405 13115 2918 127%
c - 600.00 41 24 70 430 145406 4 5935021 127722 1.7 19 11 7 11 45% 42405 13115 2918 127%
c - 603.95 41 30 70 431 148997 5 5955757 124096 1.7 21 12 7 11 45% 42405 13115 2918 127%
c - 608.03 41 34 70 432 152468 6 5976518 123301 1.8 23 13 7 11 45% 42405 13115 2918 127%
c - 611.81 41 38 70 433 155499 6 5997304 123731 1.8 25 14 7 11 45% 42405 13115 2918 127%
c - 615.27 41 40 70 434 157829 7 6018114 125326 1.8 26 14 7 11 45% 42405 13115 2918 127%
c - 618.75 41 42 70 435 159977 7 6038946 126806 1.9 27 14 7 11 45% 42405 13115 2918 127%
c - 621.97 41 43 70 436 161597 7 6059803 128084 1.9 28 15 7 11 45% 42405 13115 2918 127%
c - 625.09 41 44 70 437 163100 6 6080683 129157 1.9 29 15 7 11 45% 42405 13115 2918 127%
c
c  seconds    switched       rate            size/glue  tier1     binary         remaining
c          MB   reductions      conflicts          size   tier2       irredundant
c           level      restarts        redundant      glue    trail         variables
c
c - 628.32 41 45 70 438 164437 6 6101587 129950 2.0 29 15 7 11 45% 42405 13115 2918 127%
c - 631.56 41 45 70 439 165755 6 6122515 129943 2.0 30 15 7 11 45% 42405 13115 2918 127%
c u 635.49 41 45 70 439 166734 6 6140008 144847 2.0 30 15 7 11 45% 42405 13115 2918 127%
c v 636.87 41 45 70 439 166734 6 6140008 144190 2.0 30 15 7 11 45% 42405 13115 2918 127%
c w 637.37 41 45 70 439 166734 6 6140008 144119 2.0 30 15 7 11 45% 42405 13115 2918 127%
c - 637.92 41 45 70 440 166888 6 6143467 126132 2.0 30 15 7 11 45% 42405 13115 2918 127%
c - 641.01 41 46 70 441 168167 6 6164445 124986 2.0 31 15 7 11 45% 42405 13115 2918 127%
c } 641.93 41 46 71 441 168538 5 6171135 131575 2.0 31 15 7 11 45% 42405 13115 2918 127%
c [ 641.93 41 20 71 441 168538 1 6171135 131575 1.9 23 12 7 14 46% 42405 13115 2918 127%
c I 641.93 41 20 71 441 168538 1 6171135 131575 1.9 23 12 7 14 46% 42405 13115 2918 127%
c - 643.42 41 23 71 442 168546 1 6185447 122472 1.9 25 13 7 14 46% 42405 13115 2918 127%
c - 645.69 41 24 71 443 168555 1 6206470 120466 1.9 26 14 7 14 46% 42405 13115 2918 127%
c - 648.00 41 24 71 444 168566 1 6227517 120653 1.9 26 14 7 15 46% 42405 13115 2918 127%
c - 650.42 41 23 71 445 168568 1 6248588 123469 1.9 26 14 7 15 46% 42405 13115 2918 127%
c - 652.62 41 23 71 446 168579 1 6269684 125683 2.0 27 14 7 15 46% 42405 13115 2918 127%
c - 654.90 41 23 71 447 168587 1 6290802 124329 2.0 27 14 7 15 46% 42405 13115 2918 127%
c - 657.21 41 23 71 448 168598 1 6311946 121441 2.0 27 14 7 15 46% 42405 13115 2918 127%
c - 659.58 41 23 71 449 168599 1 6333117 120128 2.0 27 13 7 15 46% 42405 13115 2918 127%
c - 661.80 41 23 71 450 168600 1 6354307 118895 2.0 27 14 6 15 47% 42405 13115 2918 127%
c - 664.17 41 24 71 451 168606 1 6375522 117798 2.0 28 14 6 15 47% 42405 13115 2918 127%
c
c  seconds    switched       rate            size/glue  tier1     binary         remaining
c          MB   reductions      conflicts          size   tier2       irredundant
c           level      restarts        redundant      glue    trail         variables
c
c u 667.27 41 23 71 451 168614 1 6391251 132028 2.0 28 14 6 15 47% 42405 13115 2918 127%
c v 668.39 41 23 71 451 168614 1 6391251 131857 2.0 28 14 6 15 47% 42405 13115 2918 127%
c w 668.79 59 23 71 451 168614 1 6391251 131090 2.0 28 14 6 15 47% 42405 13115 2918 127%
c o 668.83 59 23 71 451 168614 1 6391251 131090 2.0 28 14 6 15 47% 42405 13115 2918 127%
c - 669.41 51 27 71 452 168615 1 6396759 116798 2.0 28 14 6 15 47% 42405 13115 2918 127%
c B 670.28 51 26 71 452 168619 1 6405103 124481 2.0 27 14 6 15 47% 42405 13115 2918 127%
c - 671.68 51 26 71 453 168626 1 6418019 117790 1.9 27 14 6 15 46% 42405 13115 2918 127%
c - 674.02 51 26 71 454 168631 1 6439303 117485 1.9 27 14 6 15 46% 42405 13115 2918 127%
c - 676.49 51 25 71 455 168638 1 6460613 119633 1.9 26 14 6 15 46% 42405 13115 2918 127%
c - 678.95 51 24 71 456 168646 1 6481943 123117 1.9 26 14 6 15 46% 42405 13115 2918 127%
c - 681.38 51 23 71 457 168660 1 6503298 122944 1.9 26 14 6 15 46% 42405 13115 2918 127%
c - 683.77 51 23 71 458 168662 1 6524676 124179 1.9 25 13 6 15 46% 42405 13115 2918 127%
c ] 685.54 51 22 72 458 168663 1 6539645 138291 1.9 25 13 6 15 46% 42405 13115 2918 127%
c { 685.54 51 46 72 458 168663 5 6539645 138291 2.0 31 15 7 11 45% 42405 13115 2918 127%
c - 686.32 53 44 72 459 168663 5 6546077 124702 2.0 30 15 7 11 45% 42405 13115 2918 127%
c - 688.55 51 39 72 460 168679 4 6567502 126403 2.0 28 14 7 11 45% 42405 13115 2918 127%
c - 690.57 53 35 72 461 168685 4 6588949 128396 2.0 27 14 7 11 45% 42405 13115 2918 127%
c - 692.68 51 31 72 462 168729 3 6610419 129409 1.9 25 13 7 11 45% 42405 13115 2918 127%
c - 694.67 53 29 72 463 168760 3 6631913 112235 1.9 24 13 6 11 45% 42405 13115 2918 127%
c u 697.15 55 27 72 463 168797 3 6648036 124217 1.9 23 12 6 11 45% 42405 13115 2918 127%
c
c  seconds    switched       rate            size/glue  tier1     binary         remaining
c          MB   reductions      conflicts          size   tier2       irredundant
c           level      restarts        redundant      glue    trail         variables
c
c v 698.16 55 27 72 463 168797 3 6648036 117605 1.9 23 12 6 11 45% 42405 13115 2918 127%
c w 698.52 55 27 72 463 168797 3 6648036 114550 1.9 23 12 6 11 45% 42405 13115 2918 127%
c - 699.06 49 26 72 464 168816 3 6653432 97126 1.9 23 12 6 11 45% 42405 13115 2918 127%
c - 700.98 49 24 72 465 168924 3 6674973 100349 1.9 22 12 6 11 45% 42405 13115 2918 127%
c - 702.96 51 23 72 466 169047 2 6696537 105676 1.9 21 11 6 11 45% 42405 13115 2918 127%
c - 704.88 49 22 72 467 169200 2 6718125 107510 1.9 21 11 6 11 45% 42405 13115 2918 127%
c o 706.28 51 21 72 467 169369 2 6733788 121967 1.8 20 11 6 11 45% 42405 13115 2918 127%
c - 706.80 51 21 72 468 169393 2 6739735 107948 1.8 20 11 6 11 45% 42405 13115 2918 127%
c - 708.79 51 20 72 469 169607 2 6761368 108111 1.8 19 11 6 11 45% 42405 13115 2918 127%
c - 710.69 51 19 72 470 169801 2 6783024 108293 1.8 19 11 6 11 45% 42405 13115 2918 127%
c - 712.59 51 19 72 471 170005 2 6804704 108887 1.8 18 10 6 11 45% 42405 13115 2918 127%
c } 712.94 49 19 73 471 170068 2 6808561 112433 1.8 18 10 6 11 45% 42405 13115 2918 127%
c [ 712.94 49 22 73 471 170068 1 6808561 112433 1.9 25 13 6 15 46% 42405 13115 2918 127%
c W 716.46 41 22 73 471 170068 1 6808561 112433 1.9 25 13 6 15 46% 42405 13115 2918 127%
c - 718.08 41 21 73 472 170079 1 6826407 109245 1.9 24 13 6 15 46% 42405 13115 2918 127%
c - 720.11 41 21 73 473 170088 1 6848138 109696 1.9 24 12 6 14 46% 42405 13115 2918 127%
c - 722.29 41 20 73 474 170097 1 6869886 110571 1.9 23 12 6 14 46% 42405 13115 2918 127%
c - 724.51 41 19 73 475 170100 1 6891659 112267 1.9 23 12 6 14 47% 42405 13115 2918 127%
c u 726.98 41 20 73 475 170111 1 6910359 127208 1.9 23 12 6 14 47% 42405 13115 2918 127%
c v 727.66 41 20 73 475 170111 1 6910359 116332 1.9 23 12 6 14 47% 42405 13115 2918 127%
c
c  seconds    switched       rate            size/glue  tier1     binary         remaining
c          MB   reductions      conflicts          size   tier2       irredundant
c           level      restarts        redundant      glue    trail         variables
c
c w 727.92 41 20 73 475 170111 1 6910359 109689 1.9 23 12 6 14 47% 42405 13115 2918 127%
c - 728.47 41 20 73 476 170112 1 6913453 94415 1.9 24 12 6 14 47% 42405 13115 2918 127%
c - 730.58 41 21 73 477 170120 1 6935270 100887 1.9 24 12 6 14 47% 42405 13115 2918 127%
c - 732.80 41 21 73 478 170129 1 6957111 104399 1.9 24 12 6 14 47% 42405 13115 2918 127%
c - 735.08 41 22 73 479 170130 1 6978975 103640 1.9 24 13 6 14 47% 42405 13115 2918 127%
c - 737.44 41 22 73 480 170130 1 7000863 103020 1.9 25 13 6 14 47% 42405 13115 2918 127%
c - 739.72 41 21 73 481 170141 1 7022771 106731 1.9 25 13 6 14 47% 42405 13115 2918 127%
c - 742.06 41 22 73 482 170151 1 7044702 107510 2.0 25 13 6 14 47% 42405 13115 2918 127%
c ] 742.99 41 22 74 482 170155 1 7054075 116373 1.9 25 13 6 14 47% 42405 13115 2918 127%
c { 742.99 41 19 74 482 170155 2 7054075 116373 1.8 18 10 6 11 45% 42405 13115 2918 127%
c - 744.22 41 18 74 483 170380 2 7066656 107434 1.8 18 10 6 11 45% 42405 13115 2918 127%
c - 746.26 41 18 74 484 170700 2 7088633 110733 1.7 18 10 6 11 45% 42405 13115 2918 127%
c o 746.40 41 18 74 484 170716 2 7090180 112081 1.7 18 10 6 11 45% 42405 13115 2918 127%
c - 748.34 41 18 74 485 171164 2 7110633 114395 1.7 18 10 6 11 45% 42405 13115 2918 127%
c - 750.47 41 18 74 486 171952 2 7132655 115779 1.7 18 10 6 11 45% 42405 13115 2918 127%
c - 752.55 41 18 74 487 172497 2 7154700 116634 1.7 17 10 6 11 45% 42405 13115 2918 127%
c - 754.64 41 18 74 488 173050 2 7176769 116936 1.7 17 10 6 11 45% 42405 13115 2918 127%
c u 755.75 41 18 74 488 173107 2 7178245 115726 1.7 17 10 6 11 45% 42405 13115 2918 127%
c v 756.73 41 18 74 488 173107 2 7178245 109804 1.7 17 10 6 11 45% 42405 13115 2918 127%
c w 757.07 41 18 74 488 173107 2 7178245 109253 1.7 17 10 6 11 45% 42405 13115 2918 127%
c
c  seconds    switched       rate            size/glue  tier1     binary         remaining
c          MB   reductions      conflicts          size   tier2       irredundant
c           level      restarts        redundant      glue    trail         variables
c
c - 759.04 41 18 74 489 173708 2 7198860 111030 1.7 17 10 6 11 45% 42405 13115 2918 127%
c - 761.15 41 18 74 490 174575 2 7220973 114986 1.7 17 10 6 11 45% 42405 13115 2918 127%
c - 763.21 41 18 74 491 175296 2 7243111 116191 1.7 17 10 6 11 45% 42405 13115 2918 127%
c - 765.34 41 18 74 492 176094 2 7265269 117107 1.7 17 10 6 11 45% 42405 13115 2918 127%
c - 767.41 41 17 74 493 176662 2 7287451 117590 1.7 17 10 6 11 45% 42405 13115 2918 127%
c - 769.56 41 18 74 494 177538 2 7309656 118513 1.7 17 10 6 11 45% 42405 13115 2918 127%
c - 771.80 41 18 74 495 178530 2 7331883 118667 1.7 17 10 6 11 45% 42405 13115 2918 127%
c } 772.28 41 18 75 495 178714 2 7336899 123369 1.7 17 10 6 11 45% 42405 13115 2918 127%
c [ 772.28 41 22 75 495 178714 1 7336899 123369 1.9 25 13 6 14 47% 42405 13115 2918 127%
c O 772.28 41 22 75 495 178714 1 7336899 123369 1.9 25 13 6 14 47% 42405 13115 2918 127%
c - 773.92 41 22 75 496 178724 1 7354133 117517 1.9 24 13 6 14 47% 42405 13115 2918 127%
c - 776.22 41 22 75 497 178734 1 7376405 114407 1.9 24 13 6 14 47% 42405 13115 2918 127%
c - 778.65 41 21 75 498 178743 1 7398700 112935 1.9 24 13 6 14 47% 42405 13115 2918 127%
c - 781.07 41 22 75 499 178747 1 7421018 109943 1.9 25 13 6 14 47% 42405 13115 2918 127%
c - 783.37 41 21 75 500 178758 1 7443358 107108 1.8 24 13 6 14 47% 42405 13115 2918 127%
c u 785.15 41 21 75 500 178760 1 7451696 112541 1.9 24 13 6 14 47% 42405 13115 2918 127%
c v 786.18 41 21 75 500 178760 1 7451696 111063 1.9 24 13 6 14 47% 42405 13115 2918 127%
c w 786.55 41 21 75 500 178760 1 7451696 108298 1.9 24 13 6 14 47% 42405 13115 2918 127%
c o 790.49 41 21 75 500 178760 1 7451696 108298 1.9 24 13 6 14 47% 42405 13115 2918 127%
c - 791.74 41 22 75 501 178768 1 7465721 104411 1.8 24 13 6 14 47% 42405 13115 2918 127%
c
c  seconds    switched       rate            size/glue  tier1     binary         remaining
c          MB   reductions      conflicts          size   tier2       irredundant
c           level      restarts        redundant      glue    trail         variables
c
c - 793.90 41 21 75 502 178775 1 7488104 108118 1.8 24 13 6 14 47% 42405 13115 2918 127%
c - 796.24 41 21 75 503 178776 1 7510509 108744 1.8 24 13 6 14 47% 42405 13115 2918 127%
c - 798.67 41 21 75 504 178776 1 7532937 108890 1.9 24 13 6 14 47% 42405 13115 2918 127%
c - 801.45 41 20 75 505 178790 1 7555386 110536 1.9 24 13 6 14 47% 42405 13115 2918 127%
c - 804.09 41 20 75 506 178798 1 7577861 113469 1.9 23 12 6 14 47% 42405 13115 2918 127%
c ] 805.46 41 19 76 506 178805 1 7589956 124185 1.9 23 12 6 14 47% 42405 13115 2918 127%
c { 805.46 41 18 76 506 178805 2 7589956 124185 1.7 17 10 6 11 45% 42405 13115 2918 127%
c - 806.51 41 18 76 507 179258 2 7600355 115100 1.7 17 10 6 11 45% 42405 13115 2918 127%
c - 808.68 41 18 76 508 180131 2 7622872 117014 1.7 17 10 6 11 45% 42405 13115 2918 127%
c - 810.80 41 18 76 509 180720 2 7645410 118426 1.7 17 10 6 11 45% 42405 13115 2918 127%
c - 813.00 41 18 76 510 181629 2 7667972 120134 1.7 17 10 6 11 45% 42405 13115 2918 127%
c - 815.18 41 18 76 511 182488 2 7690557 121213 1.7 17 10 6 11 45% 42405 13115 2918 127%
c - 817.31 41 18 76 512 183124 2 7713162 122092 1.7 17 10 6 11 45% 42405 13115 2918 127%
c u 819.96 41 18 76 512 183650 2 7730762 131251 1.7 17 10 6 11 45% 42405 13115 2918 127%
c v 821.01 41 18 76 512 183650 2 7730762 126359 1.7 17 10 6 11 45% 42405 13115 2918 127%
c w 821.37 41 18 76 512 183650 2 7730762 125845 1.7 17 10 6 11 45% 42405 13115 2918 127%
c - 821.92 41 18 76 513 183833 2 7735789 111605 1.7 17 10 6 11 45% 42405 13115 2918 127%
c - 824.09 41 18 76 514 184688 2 7758438 114110 1.7 17 10 6 11 45% 42405 13115 2918 127%
c - 826.33 41 18 76 515 185665 2 7781109 116984 1.7 17 10 6 11 45% 42405 13115 2918 127%
c - 828.42 41 18 76 516 186162 2 7803802 117256 1.7 16 10 6 11 45% 42405 13115 2918 127%
c
c  seconds    switched       rate            size/glue  tier1     binary         remaining
c          MB   reductions      conflicts          size   tier2       irredundant
c           level      restarts        redundant      glue    trail         variables
c
c o 830.19 41 18 76 516 186959 2 7821871 133681 1.7 17 10 6 11 45% 42405 13115 2918 127%
c - 830.63 41 18 76 517 187097 2 7826517 117485 1.7 17 10 6 11 45% 42405 13115 2918 127%
c - 832.73 41 18 76 518 187685 2 7849254 117681 1.6 16 10 6 11 45% 42405 13115 2918 127%
c - 834.96 41 18 76 519 188519 2 7872014 117701 1.6 16 10 6 11 45% 42405 13115 2918 127%
c } 836.35 41 18 77 519 188968 2 7887006 131247 1.7 16 10 6 11 45% 42405 13115 2918 127%
c [ 836.35 41 19 77 519 188968 1 7887006 131247 1.9 23 12 6 14 47% 42405 13115 2918 127%
c B 836.35 41 19 77 519 188968 1 7887006 131247 1.9 23 12 6 14 47% 42405 13115 2918 127%
c - 837.11 41 19 77 520 188973 1 7894795 118027 1.9 23 12 6 14 47% 42405 13115 2918 127%
c - 839.38 41 19 77 521 188982 1 7917599 116674 1.9 22 12 6 14 47% 42405 13115 2918 127%
c - 841.80 41 19 77 522 188996 1 7940425 115195 1.9 23 12 6 14 47% 42405 13115 2918 127%
c - 844.42 41 19 77 523 188998 1 7963273 114684 1.9 23 12 6 14 47% 42405 13115 2918 127%
c - 847.01 41 20 77 524 189009 1 7986142 111296 1.9 23 12 6 14 47% 42405 13115 2918 127%
c - 849.68 41 20 77 525 189019 1 8009033 108166 1.9 24 13 6 14 47% 42405 13115 2918 127%
c u 851.49 41 20 77 525 189022 1 8015443 111329 1.9 24 13 6 14 47% 42405 13115 2918 127%
c v 852.60 41 20 77 525 189022 1 8015443 110429 1.9 24 13 6 14 47% 42405 13115 2918 127%
c w 852.99 41 20 77 525 189022 1 8015443 109004 1.9 24 13 6 14 47% 42405 13115 2918 127%
c - 855.06 41 20 77 526 189028 1 8031945 105042 1.9 24 13 6 14 47% 42405 13115 2918 127%
c - 857.60 41 20 77 527 189030 1 8054879 108937 1.9 23 12 6 14 47% 42405 13115 2918 127%
c - 859.99 41 20 77 528 189030 1 8077836 110851 1.9 24 12 6 14 47% 42405 13115 2918 127%
c - 862.47 41 20 77 529 189041 1 8100814 110528 1.9 24 13 6 14 47% 42405 13115 2918 127%
c
c  seconds    switched       rate            size/glue  tier1     binary         remaining
c          MB   reductions      conflicts          size   tier2       irredundant
c           level      restarts        redundant      glue    trail         variables
c
c - 865.11 41 21 77 530 189051 1 8123815 109475 1.9 24 13 6 14 47% 42405 13115 2918 127%
c ] 867.31 41 20 78 530 189060 1 8143076 127374 1.9 24 13 6 14 47% 42405 13115 2918 127%
c { 867.31 41 18 78 530 189060 2 8143076 127374 1.7 16 10 6 11 45% 42405 13115 2918 127%
c - 867.80 41 18 78 531 189367 2 8146836 111472 1.7 16 10 6 11 45% 42405 13115 2918 127%
c - 869.92 41 18 78 532 190003 2 8169880 115420 1.7 16 10 6 11 45% 42405 13115 2918 127%
c - 872.20 41 18 78 533 190900 2 8192945 118157 1.7 17 10 6 11 45% 42405 13115 2918 127%
c o 873.04 41 18 78 533 191149 2 8201882 126367 1.7 17 10 6 11 45% 42405 13115 2918 127%
c - 874.43 41 18 78 534 191585 2 8216033 120382 1.7 17 10 6 11 45% 42405 13115 2918 127%
c - 876.61 41 18 78 535 192213 2 8239141 121920 1.7 16 10 6 11 45% 42405 13115 2918 127%
c - 878.82 41 18 78 536 192994 2 8262272 122907 1.7 16 10 6 11 45% 42405 13115 2918 127%
c - 881.11 41 18 78 537 193994 2 8285424 123960 1.6 16 10 6 11 45% 42405 13115 2918 127%
c u 884.10 41 18 78 537 194659 2 8305739 137549 1.7 16 10 6 11 45% 42405 13115 2918 127%
c v 885.21 41 18 78 537 194659 2 8305739 133389 1.7 16 10 6 11 45% 42405 13115 2918 127%
c w 885.59 41 18 78 537 194659 2 8305739 132808 1.7 16 10 6 11 45% 42405 13115 2918 127%
c - 885.93 41 18 78 538 194789 2 8308597 116571 1.6 16 10 6 11 45% 42405 13115 2918 127%
c - 888.12 41 17 78 539 195424 2 8331792 118237 1.7 16 10 6 11 45% 42405 13115 2918 127%
c - 890.27 41 17 78 540 196026 2 8355012 121370 1.7 16 10 6 11 45% 42405 13115 2918 127%
c - 892.50 41 17 78 541 196890 2 8378250 122269 1.7 16 10 6 11 45% 42405 13115 2918 127%
c - 894.80 41 17 78 542 197994 2 8401509 122838 1.7 16 10 6 11 45% 42405 13115 2918 127%
c - 897.02 41 18 78 543 198709 2 8424789 123108 1.7 16 10 6 11 45% 42405 13115 2918 127%
c
c  seconds    switched       rate            size/glue  tier1     binary         remaining
c          MB   reductions      conflicts          size   tier2       irredundant
c           level      restarts        redundant      glue    trail         variables
c
c - 899.19 41 17 78 544 199207 2 8448093 123635 1.7 16 10 6 11 45% 42405 13115 2918 127%
c } 899.80 41 17 79 544 199430 2 8454666 129538 1.7 16 10 6 11 45% 42405 13115 2918 127%
c [ 899.80 41 20 79 544 199430 1 8454666 129538 1.9 24 13 6 14 47% 42405 13115 2918 127%
c W 903.92 41 20 79 544 199430 1 8454666 129538 1.9 24 13 6 14 47% 42405 13115 2918 127%
c - 905.62 41 21 79 545 199440 1 8471416 120265 1.9 25 13 6 14 47% 42405 13115 2918 127%
c - 908.14 41 21 79 546 199450 1 8494761 116302 1.9 24 13 6 14 47% 42405 13115 2918 127%
c - 910.71 41 20 79 547 199459 1 8518128 117706 1.9 24 13 6 14 47% 42405 13115 2918 127%
c - 913.40 41 20 79 548 199464 1 8541518 118585 1.8 24 13 6 14 46% 42405 13115 2918 127%
c - 916.31 41 19 79 549 199475 1 8564928 118403 1.8 23 13 6 14 46% 42405 13115 2918 127%
c - 919.04 41 19 79 550 199488 1 8588358 120739 1.8 23 12 6 14 46% 42405 13115 2918 127%
c u 921.54 41 20 79 550 199490 1 8601704 128956 1.8 23 12 6 14 46% 42405 13115 2918 127%
c v 922.74 41 20 79 550 199490 1 8601704 112868 1.8 23 12 6 14 46% 42405 13115 2918 127%
c w 923.16 41 20 79 550 199490 1 8601704 111795 1.8 23 12 6 14 46% 42405 13115 2918 127%
c o 923.20 41 20 79 550 199490 1 8601704 111795 1.8 23 12 6 14 46% 42405 13115 2918 127%
c - 924.17 41 21 79 551 199491 1 8611810 102148 1.8 23 13 6 14 47% 42405 13115 2918 127%
c - 926.58 41 22 79 552 199492 1 8635286 106248 1.8 24 13 6 14 47% 42405 13115 2918 127%
c - 929.03 41 23 79 553 199498 1 8658781 107360 1.8 24 14 6 14 48% 42405 13115 2918 127%
c - 931.44 41 22 79 554 199507 1 8682297 107161 1.8 24 14 6 14 47% 42405 13115 2918 127%
c - 933.99 41 22 79 555 199521 1 8705834 111084 1.8 24 13 6 14 48% 42405 13115 2918 127%
c - 936.55 41 21 79 556 199523 1 8729394 115708 1.8 24 13 6 14 47% 42405 13115 2918 127%
c
c  seconds    switched       rate            size/glue  tier1     binary         remaining
c          MB   reductions      conflicts          size   tier2       irredundant
c           level      restarts        redundant      glue    trail         variables
c
c ] 936.63 41 21 80 556 199523 1 8730147 116441 1.8 24 13 6 14 47% 42405 13115 2918 127%
c { 936.63 41 17 80 556 199523 2 8730147 116441 1.7 16 10 6 11 45% 42405 13115 2918 127%
c - 938.94 41 17 80 557 200566 2 8752973 119069 1.7 16 10 6 11 45% 42405 13115 2918 127%
c - 941.39 41 17 80 558 201571 2 8776577 121956 1.7 16 10 6 11 45% 42405 13115 2918 127%
c - 943.83 41 18 80 559 202636 2 8800199 123762 1.7 16 10 6 11 45% 42405 13115 2918 127%
c - 946.20 41 18 80 560 203517 2 8823843 125615 1.7 16 10 6 11 45% 42405 13115 2918 127%
c - 948.52 41 17 80 561 204171 2 8847509 126873 1.7 16 10 6 11 45% 42405 13115 2918 127%
c - 950.95 41 17 80 562 205200 2 8871194 127756 1.6 16 10 6 11 45% 42405 13115 2918 127%
c - 953.46 41 18 80 563 206278 2 8894903 128383 1.6 16 10 6 11 45% 42405 13115 2918 127%
c u 955.49 41 18 80 563 206831 2 8903333 132025 1.6 16 10 6 11 45% 42405 13115 2918 127%
c v 956.66 41 18 80 563 206831 2 8903333 128726 1.6 16 10 6 11 45% 42405 13115 2918 127%
c w 957.07 41 18 80 563 206831 2 8903333 128451 1.6 16 10 6 11 45% 42405 13115 2918 127%
c - 958.63 41 18 80 564 207286 2 8918630 123353 1.7 17 10 6 11 45% 42405 13115 2918 127%
c - 961.06 41 18 80 565 208109 2 8942379 124408 1.7 17 10 6 11 45% 42405 13115 2918 127%
c - 963.50 41 18 80 566 208883 2 8966150 125201 1.7 17 10 6 11 45% 42405 13115 2918 127%
c - 965.92 41 18 80 567 209705 2 8989942 125489 1.7 17 10 6 11 45% 42405 13115 2918 127%
c o 967.13 41 18 80 567 210134 2 9001708 136232 1.7 17 10 6 11 45% 42405 13115 2918 127%
c - 968.36 41 18 80 568 210377 2 9013754 125565 1.7 17 10 6 11 45% 42405 13115 2918 127%
c - 970.86 41 18 80 569 211419 2 9037586 125442 1.7 17 10 6 11 45% 42405 13115 2918 127%
c } 972.78 41 18 81 569 212253 2 9056590 142906 1.7 17 10 6 11 45% 42405 13115 2918 127%
c
c  seconds    switched       rate            size/glue  tier1     binary         remaining
c          MB   reductions      conflicts          size   tier2       irredundant
c           level      restarts        redundant      glue    trail         variables
c
c [ 972.78 41 21 81 569 212253 1 9056590 142906 1.8 24 13 6 14 47% 42405 13115 2918 127%
c I 972.78 41 21 81 569 212253 1 9056590 142906 1.8 24 13 6 14 47% 42405 13115 2918 127%
c - 973.28 41 23 81 570 212256 1 9061439 124031 1.8 25 14 6 14 47% 42405 13115 2918 127%
c - 975.75 41 24 81 571 212267 1 9085313 116065 1.8 26 14 6 14 47% 42405 13115 2918 127%
c - 978.26 41 25 81 572 212280 1 9109209 108337 1.8 27 15 6 14 47% 42405 13115 2918 127%
c - 980.83 41 25 81 573 212283 1 9133126 107564 1.8 27 15 6 14 47% 42405 13115 2918 127%
c - 983.36 41 25 81 574 212296 1 9157064 109707 1.9 27 15 6 14 46% 42405 13115 2918 127%
c - 986.02 41 24 81 575 212305 1 9181025 109813 1.9 27 15 6 14 46% 42405 13115 2918 127%
c - 988.61 41 24 81 576 212314 1 9205004 111154 1.9 28 14 6 14 46% 42405 13115 2918 127%
c u 990.39 41 24 81 576 212314 1 9210654 114341 1.9 28 14 6 14 46% 42405 13115 2918 127%
c v 991.66 41 24 81 576 212314 1 9210654 114027 1.9 28 14 6 14 46% 42405 13115 2918 127%
c w 992.10 41 24 81 576 212314 1 9210654 110884 1.9 28 14 6 14 46% 42405 13115 2918 127%
c - 994.23 41 26 81 577 212315 1 9229005 105648 1.9 29 15 6 14 46% 42405 13115 2918 127%
c - 996.83 41 27 81 578 212315 1 9253025 102814 1.9 30 16 6 14 46% 42405 13115 2918 127%
c - 999.52 41 28 81 579 212329 1 9277066 103279 1.8 30 16 6 15 46% 42405 13115 2918 127%
c - 1002.09 41 28 81 580 212340 1 9301128 105342 1.8 30 16 6 15 46% 42405 13115 2918 127%
c - 1004.67 41 29 81 581 212346 1 9325211 104511 1.8 31 17 6 15 47% 42405 13115 2918 127%
c B 1006.52 41 30 81 581 212352 1 9343323 121842 1.8 31 17 6 15 47% 42405 13115 2918 127%
c - 1007.16 41 29 81 582 212355 1 9349314 104492 1.8 31 17 6 15 47% 42405 13115 2918 127%
c ] 1008.29 41 29 82 582 212361 1 9360274 114973 1.8 31 17 6 15 47% 42405 13115 2918 127%
c
c   seconds    switched       rate            size/glue  tier1     binary         remaining
c           MB   reductions      conflicts          size   tier2       irredundant
c            level      restarts        redundant      glue    trail         variables
c
c { 1008.29 41 18 82 582 212361 2 9360274 114973 1.7 17 10 6 11 45% 42405 13115 2918 127%
c - 1009.54 41 17 82 583 212386 2 9373439 109868 1.7 16 10 6 11 45% 42405 13115 2918 127%
c - 1011.70 41 15 82 584 212405 2 9397585 117372 1.7 16 10 6 11 45% 42405 13115 2918 127%
c o 1013.54 41 14 82 584 212413 2 9417584 131922 1.6 15 9 6 11 45% 42405 13115 2918 127%
c - 1013.97 41 14 82 585 212447 2 9421753 120506 1.6 15 9 6 11 45% 42405 13115 2918 127%
c - 1016.24 41 13 82 586 212483 2 9445939 123747 1.6 15 9 6 11 45% 42405 13115 2918 127%
c - 1018.60 41 13 82 587 212656 2 9470147 127053 1.6 14 9 6 11 45% 42405 13115 2918 127%
c - 1020.96 41 12 82 588 212944 1 9494376 130286 1.6 14 9 6 11 45% 42405 13115 2918 127%
c - 1023.14 41 12 82 589 212979 1 9518625 129469 1.6 13 8 6 11 45% 42405 13115 2918 127%
c u 1024.78 41 11 82 589 213086 1 9523664 122679 1.6 13 8 6 11 45% 42405 13115 2918 127%
c v 1025.96 41 11 82 589 213086 1 9523664 109860 1.6 13 8 6 11 45% 42405 13115 2918 127%
c w 1026.26 41 11 82 589 213086 1 9523664 109639 1.6 13 8 6 11 45% 42405 13115 2918 127%
c - 1028.22 41 11 82 590 213568 1 9542894 110203 1.6 13 8 6 11 45% 42405 13115 2918 127%
c - 1030.58 41 11 82 591 213911 1 9567183 122174 1.6 13 8 6 11 45% 42405 13115 2918 127%
c - 1032.83 41 11 82 592 214190 1 9591493 124855 1.6 13 8 6 11 45% 42405 13115 2918 127%
c - 1035.54 41 11 82 593 215185 1 9615824 127613 1.6 13 8 6 11 45% 42405 13115 2918 127%
c - 1038.20 41 11 82 594 215972 1 9640176 131031 1.5 13 8 6 11 45% 42405 13115 2918 127%
c - 1040.86 41 11 82 595 216797 1 9664548 133391 1.6 13 8 6 11 45% 42405 13115 2918 127%
c - 1043.48 41 10 82 596 217353 1 9688940 134699 1.6 13 8 6 11 45% 42405 13115 2918 127%
c } 1044.94 41 10 83 596 217871 1 9701880 145224 1.6 13 8 6 11 45% 42405 13115 2918 127%
c
c   seconds    switched       rate            size/glue  tier1     binary         remaining
c           MB   reductions      conflicts          size   tier2       irredundant
c            level      restarts        redundant      glue    trail         variables
c
c [ 1044.94 41 29 83 596 217871 1 9701880 145224 1.8 31 17 6 15 47% 42405 13115 2918 127%
c W 1050.33 41 29 83 596 217871 1 9701880 145224 1.8 31 17 6 15 47% 42405 13115 2918 127%
c - 1051.44 41 29 83 597 217877 1 9713355 134832 1.8 31 17 6 15 47% 42405 13115 2918 127%
c - 1053.81 41 28 83 598 217888 1 9737788 133924 1.9 30 16 6 15 47% 42405 13115 2918 127%
c - 1056.49 41 27 83 599 217900 1 9762244 132368 1.9 29 16 6 15 48% 42405 13115 2918 127%
c - 1059.24 41 26 83 600 217904 1 9786720 133297 1.9 29 15 6 15 48% 42405 13115 2918 127%
c - 1062.53 41 24 83 601 217916 1 9811214 136471 1.9 28 15 6 15 48% 42405 13115 2918 127%
c - 1065.68 41 23 83 602 217929 1 9835732 138977 1.9 27 14 6 15 48% 42405 13115 2918 127%
c u 1067.72 59 23 83 602 217931 1 9842391 141917 1.9 27 14 6 15 47% 42405 13115 2918 127%
c v 1069.07 59 23 83 602 217931 1 9842391 138367 1.9 27 14 6 15 47% 42405 13115 2918 127%
c w 1069.54 59 23 83 602 217931 1 9842391 136150 1.9 27 14 6 15 47% 42405 13115 2918 127%
c o 1069.58 59 23 83 602 217931 1 9842391 136150 1.9 27 14 6 15 47% 42405 13115 2918 127%
c - 1071.25 53 30 83 603 217932 1 9860267 130402 1.8 27 15 6 15 47% 42405 13115 2918 127%
c - 1073.63 53 28 83 604 217933 1 9884823 130701 1.8 26 14 6 15 47% 42405 13115 2918 127%
c - 1076.21 53 26 83 605 217940 1 9909400 134816 1.9 26 14 6 15 47% 42405 13115 2918 127%
c - 1078.90 53 24 83 606 217951 1 9933996 137738 1.9 25 13 6 15 48% 42405 13115 2918 127%
c - 1081.82 53 23 83 607 217963 1 9958613 138598 1.9 25 13 6 15 48% 42405 13115 2918 127%
c - 1084.61 51 22 83 608 217967 1 9983251 139691 1.9 24 13 6 15 47% 42405 13115 2918 127%
c O 1087.21 53 21 83 608 217979 1 10007074 162160 1.9 24 12 6 15 47% 42405 13115 2918 127%
c - 1087.33 53 21 83 609 217979 1 10007908 139073 1.9 24 12 6 15 47% 42405 13115 2918 127%
c
c   seconds    switched       rate             size/glue  tier1     binary         remaining
c           MB   reductions      conflicts           size   tier2       irredundant
c            level      restarts         redundant      glue    trail         variables
c
c ] 1088.26 51 21 84 609 217982 1 10016004 146457 1.9 23 12 6 15 47% 42405 13115 2918 127%
c { 1088.26 51 10 84 609 217982 1 10016004 146457 1.6 13 8 6 11 45% 42405 13115 2918 127%
c - 1090.79 53 12 84 610 220731 2 10032586 140143 1.6 14 9 6 11 45% 42405 13115 2918 127%
c - 1094.07 53 14 84 611 224109 2 10057286 141369 1.6 14 9 6 11 45% 42405 13115 2918 127%
c - 1097.00 53 16 84 612 226235 3 10082004 141661 1.6 15 10 6 11 45% 42405 13115 2918 127%
c - 1099.79 53 16 84 613 227809 3 10106743 142290 1.6 15 10 6 11 45% 42405 13115 2918 127%
c - 1102.41 53 17 84 614 228924 3 10131501 142485 1.6 16 10 6 11 45% 42405 13115 2918 127%
c - 1104.90 55 17 84 615 229582 2 10156280 142572 1.6 16 10 6 11 45% 42405 13115 2918 127%
c u 1106.94 55 17 84 615 230045 2 10166859 146474 1.6 16 10 6 11 45% 42405 13115 2918 127%
c v 1107.91 56 17 84 615 230045 2 10166859 142190 1.6 16 10 6 11 45% 42405 13115 2918 127%
c w 1108.23 56 17 84 615 230045 2 10166859 141428 1.6 16 10 6 11 45% 42405 13115 2918 127%
c - 1110.04 53 17 84 616 230652 3 10181079 132000 1.6 16 10 6 11 45% 42405 13115 2918 127%
c - 1112.67 51 17 84 617 231867 3 10205899 134828 1.6 16 10 6 11 45% 42405 13115 2918 127%
c - 1115.43 53 18 84 618 232978 3 10230738 135398 1.6 16 10 6 11 45% 42405 13115 2918 127%
c - 1118.17 53 18 84 619 233717 2 10255599 136102 1.6 16 10 6 11 45% 42405 13115 2918 127%
c o 1120.27 53 17 84 619 234397 2 10275409 153956 1.6 16 10 6 11 45% 42405 13115 2918 127%
c - 1120.81 53 17 84 620 234522 2 10280478 136645 1.6 16 10 6 11 45% 42405 13115 2918 127%
c - 1123.48 53 17 84 621 235431 2 10305377 135950 1.6 16 10 6 11 45% 42405 13115 2918 127%
c - 1126.12 53 17 84 622 236308 2 10330297 134779 1.6 16 10 6 11 45% 42405 13115 2918 127%
c - 1128.82 53 18 84 623 237441 2 10355236 133831 1.6 16 10 6 11 45% 42405 13115 2918 127%
c
c   seconds    switched       rate             size/glue  tier1     binary         remaining
c           MB   reductions      conflicts           size   tier2       irredundant
c            level      restarts         redundant      glue    trail         variables
c
c } 1130.67 53 18 85 623 237948 2 10373082 149967 1.7 16 10 6 11 45% 42405 13115 2918 127%
c [ 1130.67 53 21 85 623 237948 1 10373082 149967 1.9 23 12 6 15 47% 42405 13115 2918 127%
c B 1130.67 53 21 85 623 237948 1 10373082 149967 1.9 23 12 6 15 47% 42405 13115 2918 127%
c - 1131.39 53 21 85 624 237953 1 10380196 133555 1.9 23 12 6 15 47% 42405 13115 2918 127%
c - 1134.00 53 21 85 625 237962 1 10405177 128209 1.9 24 13 6 15 48% 42405 13115 2918 127%
c - 1136.97 53 21 85 626 237976 1 10430179 122157 1.8 24 13 6 15 48% 42405 13115 2918 127%
c - 1140.07 49 21 85 627 237979 1 10455198 122043 1.8 24 13 6 15 48% 42405 13115 2918 127%
c - 1143.06 51 21 85 628 237993 1 10480238 124339 1.9 24 13 6 15 48% 42405 13115 2918 127%
c u 1146.42 55 20 85 628 238000 1 10497069 137052 1.9 23 13 6 15 48% 42405 13115 2918 127%
c v 1147.79 56 20 85 628 238000 1 10497069 120225 1.9 23 13 6 15 48% 42405 13115 2918 127%
c w 1148.31 56 20 85 628 238000 1 10497069 102511 1.9 23 13 6 15 48% 42405 13115 2918 127%
c - 1149.19 49 20 85 629 238005 1 10505297 98470 1.9 23 12 6 15 48% 42405 13115 2918 127%
c - 1151.83 51 19 85 630 238009 1 10530376 112904 1.9 23 12 6 15 48% 42405 13115 2918 127%
c - 1154.65 53 20 85 631 238010 1 10555477 120191 1.9 24 12 6 14 48% 42405 13115 2918 127%
c - 1157.63 53 22 85 632 238017 1 10580596 117181 1.9 25 13 6 15 49% 42405 13115 2918 127%
c - 1160.81 51 22 85 633 238028 1 10605737 116412 1.9 25 13 6 15 49% 42405 13115 2918 127%
c - 1164.07 51 22 85 634 238040 1 10630898 122629 1.9 25 13 6 15 48% 42405 13115 2918 127%
c - 1167.23 47 21 85 635 238045 1 10656077 126255 1.9 24 13 6 14 48% 42405 13115 2918 127%
c - 1170.33 51 20 85 636 238056 1 10681277 125887 1.9 24 13 6 14 48% 42405 13115 2918 127%
c W 1177.83 41 20 85 636 238064 1 10697158 140567 1.9 24 13 6 14 47% 42405 13115 2918 127%
c
c   seconds    switched       rate             size/glue  tier1     binary         remaining
c           MB   reductions      conflicts           size   tier2       irredundant
c            level      restarts         redundant      glue    trail         variables
c
c ] 1178.72 41 20 86 636 238070 1 10705900 148566 1.8 24 13 6 14 47% 42405 13115 2918 127%
c { 1178.72 41 18 86 636 238070 2 10705900 148566 1.7 16 10 6 11 45% 42405 13115 2918 127%
c - 1178.87 41 18 86 637 238174 2 10706497 123525 1.7 16 10 6 11 45% 42405 13115 2918 127%
c o 1180.68 41 21 86 637 239720 3 10715412 132391 1.7 18 11 6 11 45% 42405 13115 2918 127%
c - 1184.24 41 26 86 638 242547 4 10731735 118419 1.7 20 12 6 11 45% 42405 13115 2918 127%
c - 1189.85 41 32 86 639 246924 5 10756993 112751 1.8 23 13 6 11 45% 42405 13115 2918 127%
c - 1195.48 41 37 86 640 250913 6 10782274 112297 1.8 25 14 6 11 45% 42405 13115 2918 127%
c - 1200.51 41 40 86 641 254000 7 10807573 113279 1.8 27 15 6 11 45% 42405 13115 2918 127%
c - 1205.27 43 42 86 642 256643 7 10832891 95830 1.9 28 15 5 11 45% 42405 13115 2918 127%
c u 1206.93 43 42 86 642 256666 7 10833050 88436 1.9 28 15 5 11 45% 42405 13115 2918 127%
c v 1208.65 43 42 86 642 256666 7 10833050 86385 1.9 28 15 5 11 45% 42405 13115 2918 127%
c w 1209.26 43 42 86 642 256666 7 10833050 86191 1.9 28 15 5 11 45% 42405 13115 2918 127%
c - 1213.26 43 43 86 643 258320 6 10858230 84270 1.9 29 15 5 11 45% 42405 13115 2918 127%
c - 1217.24 43 44 86 644 260041 6 10883587 85340 2.0 30 15 5 11 45% 42405 13115 2918 127%
c - 1220.70 43 44 86 645 261226 6 10908964 86268 2.0 31 15 5 11 45% 42405 13115 2918 127%
c - 1224.21 43 44 86 646 262547 5 10934360 87686 2.0 31 15 5 11 45% 42405 13115 2918 127%
c - 1227.67 43 44 86 647 263743 5 10959776 88190 2.0 31 15 5 11 45% 42405 13115 2918 127%
c - 1231.49 43 45 86 648 265328 5 10985212 87300 2.1 32 15 5 11 45% 42405 13115 2918 127%
c - 1235.10 43 45 86 649 266578 5 11010667 87164 2.1 32 16 5 11 45% 42405 13115 2918 127%
c - 1239.04 43 45 86 650 268152 5 11036144 87204 2.1 33 16 5 11 45% 42405 13115 2918 127%
c
c   seconds    switched       rate            size/glue  tier1     binary         remaining
c           MB   reductions      conflicts          size   tier2       irredundant
c            level      restarts         redundant     glue    trail         variables
c
c - 1242.77 43 45 86 651 269429 5 11061640 87439 2.1 32 16 5 11 45% 42405 13115 2918 127%
c } 1245.11 43 45 87 651 270112 5 11078756 104278 2.1 33 16 5 11 45% 42405 13115 2918 127%
c [ 1245.11 43 20 87 651 270112 1 11078756 104278 1.8 24 13 6 14 47% 42405 13115 2918 127%
c I 1245.11 43 20 87 651 270112 1 11078756 104278 1.8 24 13 6 14 47% 42405 13115 2918 127%
c - 1246.09 43 22 87 652 270118 1 11087154 87282 1.8 25 13 6 14 47% 42405 13115 2918 127%
c - 1248.87 43 23 87 653 270128 1 11112689 88763 1.9 26 14 6 15 47% 42405 13115 2918 127%
c - 1251.70 43 24 87 654 270141 1 11138242 90606 2.0 28 14 6 15 47% 42405 13115 2918 127%
c - 1254.67 43 24 87 655 270145 1 11163815 89759 2.0 29 14 6 15 47% 42405 13115 2918 127%
c u 1257.45 43 24 87 655 270151 1 11174796 95733 2.0 29 14 6 15 47% 42405 13115 2918 127%
c v 1259.23 43 24 87 655 270151 1 11174796 95609 2.0 29 14 6 15 47% 42405 13115 2918 127%
c w 1259.87 43 24 87 655 270151 1 11174796 93854 2.0 29 14 6 15 47% 42405 13115 2918 127%
c o 1266.24 43 24 87 655 270151 1 11174796 93854 2.0 29 14 6 15 47% 42405 13115 2918 127%
c - 1267.63 43 24 87 656 270157 1 11189408 88534 2.0 28 14 6 15 47% 42405 13115 2918 127%
c - 1270.22 43 23 87 657 270171 1 11215020 94896 1.9 27 14 6 15 47% 42405 13115 2918 127%
c - 1272.88 43 22 87 658 270173 1 11240652 98032 1.9 25 13 6 15 47% 42405 13115 2918 127%
c - 1275.67 43 23 87 659 270174 1 11266306 95417 1.9 26 14 6 15 47% 42405 13115 2918 127%
c - 1278.66 43 23 87 660 270185 1 11291977 90931 1.9 27 14 6 15 47% 42405 13115 2918 127%
c - 1281.68 43 23 87 661 270196 1 11317667 93010 1.9 26 14 6 15 47% 42405 13115 2918 127%
c - 1284.73 43 22 87 662 270205 1 11343380 96892 1.9 26 14 6 15 47% 42405 13115 2918 127%
c - 1287.58 43 22 87 663 270212 1 11369109 99772 1.9 25 13 6 15 47% 42405 13115 2918 127%
c
c   seconds    switched       rate             size/glue  tier1     binary         remaining
c           MB   reductions      conflicts           size   tier2       irredundant
c            level      restarts         redundant      glue    trail         variables
c
c - 1290.49 43 22 87 664 270224 1 11394859 100339 1.9 25 13 6 15 47% 42405 13115 2918 127%
c - 1293.54 43 21 87 665 270235 1 11420628 99866 1.9 25 13 6 15 47% 42405 13115 2918 127%
c B 1293.71 43 21 87 665 270235 1 11422128 101188 1.9 25 13 6 15 47% 42405 13115 2918 127%
c - 1296.24 43 27 87 666 270237 1 11446415 94944 1.9 27 14 6 15 47% 42405 13115 2918 127%
c - 1299.02 43 32 87 667 270237 1 11472221 86429 1.9 29 16 6 15 47% 42405 13115 2918 127%
c - 1301.94 43 35 87 668 270238 1 11498048 84135 1.8 30 16 6 15 47% 42405 13115 2918 127%
c u 1305.99 43 37 87 668 270238 1 11522357 104209 1.8 31 17 6 15 47% 42405 13115 2918 127%
c v 1307.51 43 37 87 668 270238 1 11522357 103810 1.8 31 17 6 15 47% 42405 13115 2918 127%
c w 1308.11 61 37 87 668 270238 1 11522357 103727 1.8 31 17 6 15 47% 42405 13115 2918 127%
c - 1308.32 50 38 87 669 270238 1 11523893 80850 1.8 31 17 6 15 47% 42405 13115 2918 127%
c - 1311.04 50 38 87 670 270245 1 11549759 82244 1.8 31 17 6 15 47% 42405 13115 2918 127%
c - 1313.79 53 35 87 671 270257 1 11575644 85307 1.9 31 16 6 15 47% 42405 13115 2918 127%
c - 1316.72 53 32 87 672 270268 1 11601547 89918 1.9 30 16 6 15 48% 42405 13115 2918 127%
c ] 1319.53 51 31 88 672 270275 1 11626191 113815 2.0 30 15 6 15 48% 42405 13115 2918 127%
c { 1319.53 51 45 88 672 270275 5 11626191 113815 2.1 33 16 5 11 45% 42405 13115 2918 127%
c - 1319.70 49 45 88 673 270277 5 11627471 93903 2.1 33 16 5 11 45% 42405 13115 2918 127%
c - 1322.30 50 39 88 674 270289 4 11653414 97477 2.0 30 15 5 11 45% 42405 13115 2918 127%
c o 1324.03 51 35 88 674 270293 3 11670979 113596 2.0 28 14 5 11 45% 42405 13115 2918 127%
c - 1324.85 53 34 88 675 270310 3 11679377 101203 2.0 28 14 5 11 45% 42405 13115 2918 127%
c - 1327.32 53 30 88 676 270316 3 11705358 104202 2.0 27 13 5 11 45% 42405 13115 2918 127%
c
c   seconds    switched       rate             size/glue  tier1     binary         remaining
c           MB   reductions      conflicts           size   tier2       irredundant
c            level      restarts         redundant      glue    trail         variables
c
c - 1329.84 51 27 88 677 270326 3 11731358 105733 2.0 25 12 5 11 45% 42405 13115 2918 127%
c - 1332.43 53 24 88 678 270330 2 11757377 106285 2.0 23 12 5 11 44% 42405 13115 2918 127%
c - 1334.86 53 22 88 679 270364 2 11783415 105391 1.9 22 11 5 11 44% 42405 13115 2918 127%
c - 1337.31 53 20 88 680 270496 2 11809474 105239 1.9 21 11 5 11 44% 42405 13115 2918 127%
c - 1339.91 53 19 88 681 270799 2 11835550 105448 1.9 20 11 5 11 44% 42405 13115 2918 127%
c - 1342.37 49 19 88 682 271267 2 11861645 106146 1.9 19 10 5 11 44% 42405 13115 2918 127%
c u 1344.76 55 18 88 682 271363 2 11875711 112992 1.8 19 10 5 11 44% 42405 13115 2918 127%
c v 1346.03 57 18 88 682 271363 2 11875711 107457 1.8 19 10 5 11 44% 42405 13115 2918 127%
c w 1346.50 57 18 88 682 271363 2 11875711 105635 1.8 19 10 5 11 44% 42405 13115 2918 127%
c - 1347.76 53 18 88 683 271623 2 11887761 95157 1.8 19 10 5 11 45% 42405 13115 2918 127%
c - 1350.21 53 18 88 684 272209 2 11913897 96795 1.8 18 10 5 11 45% 42405 13115 2918 127%
c - 1352.63 53 18 88 685 272799 2 11940052 100949 1.8 18 10 5 11 45% 42405 13115 2918 127%
c - 1355.08 53 17 88 686 273518 2 11966225 102605 1.7 17 10 5 11 45% 42405 13115 2918 127%
c - 1357.70 53 17 88 687 274233 2 11992416 103745 1.7 17 10 5 11 45% 42405 13115 2918 127%
c } 1359.97 53 18 89 687 275200 2 12015129 124470 1.7 17 10 5 11 45% 42405 13115 2918 127%
c [ 1359.97 53 31 89 687 275200 1 12015129 124470 2.0 30 15 6 15 48% 42405 13115 2918 127%
c W 1367.08 43 31 89 687 275200 1 12015129 124470 2.0 30 15 6 15 48% 42405 13115 2918 127%
c - 1367.44 43 30 89 688 275202 1 12018626 103886 2.0 30 15 6 15 48% 42405 13115 2918 127%
c - 1370.13 43 28 89 689 275214 1 12044855 101599 2.0 29 15 6 15 48% 42405 13115 2918 127%
c - 1373.05 43 27 89 690 275228 1 12071103 98936 2.0 29 15 6 15 48% 42405 13115 2918 127%
c
c   seconds    switched       rate             size/glue  tier1     binary         remaining
c           MB   reductions      conflicts           size   tier2       irredundant
c            level      restarts         redundant      glue    trail         variables
c
c - 1376.18 43 25 89 691 275231 1 12097370 101010 2.0 28 14 6 15 47% 42405 13115 2918 127%
c - 1379.28 43 23 89 692 275245 1 12123656 104182 2.0 27 14 6 15 47% 42405 13115 2918 127%
c - 1382.37 43 22 89 693 275258 1 12149961 105539 2.0 27 13 6 15 47% 42405 13115 2918 127%
c - 1385.77 43 21 89 694 275261 1 12176285 106360 2.0 26 13 6 15 47% 42405 13115 2918 127%
c - 1388.92 43 21 89 695 275262 1 12202628 107994 2.0 25 13 6 15 46% 42405 13115 2918 127%
c - 1391.86 43 22 89 696 275273 1 12228990 99305 1.9 26 14 6 15 46% 42405 13115 2918 127%
c u 1393.74 43 22 89 696 275276 1 12234907 100901 1.9 26 14 6 15 46% 42405 13115 2918 127%
c v 1395.15 43 22 89 696 275276 1 12234907 92830 1.9 26 14 6 15 46% 42405 13115 2918 127%
c w 1395.65 43 22 89 696 275276 1 12234907 91174 1.9 26 14 6 15 46% 42405 13115 2918 127%
c o 1395.69 43 22 89 696 275276 1 12234907 91174 1.9 26 14 6 15 46% 42405 13115 2918 127%
c - 1397.54 43 23 89 697 275284 1 12255372 88841 1.8 25 13 6 15 46% 42405 13115 2918 127%
c - 1400.07 43 22 89 698 275293 1 12281774 98868 1.9 24 13 6 15 46% 42405 13115 2918 127%
c - 1402.87 43 22 89 699 275302 1 12308194 102500 1.9 24 13 6 15 46% 42405 13115 2918 127%
c - 1405.82 43 21 89 700 275314 1 12334632 103078 1.9 23 13 6 15 46% 42405 13115 2918 127%
c ] 1406.62 43 21 90 700 275318 1 12341779 109720 1.8 23 12 6 15 46% 42405 13115 2918 127%
c { 1406.62 43 18 90 700 275318 2 12341779 109720 1.7 17 10 5 11 45% 42405 13115 2918 127%
c - 1408.43 43 18 90 701 275938 2 12361089 105105 1.7 17 10 5 11 45% 42405 13115 2918 127%
c - 1410.91 43 18 90 702 276880 2 12387566 106537 1.7 17 10 5 11 45% 42405 13115 2918 127%
c - 1413.45 43 18 90 703 277831 2 12414062 107281 1.7 17 10 5 11 45% 42405 13115 2918 127%
c - 1415.94 43 18 90 704 278773 2 12440577 107951 1.7 17 10 5 11 45% 42405 13115 2918 127%
c
c   seconds    switched       rate             size/glue  tier1     binary         remaining
c           MB   reductions      conflicts           size   tier2       irredundant
c            level      restarts         redundant      glue    trail         variables
c
c - 1418.45 43 18 90 705 279716 2 12467110 108803 1.7 17 10 5 11 45% 42405 13115 2918 127%
c - 1420.96 43 18 90 706 280720 2 12493662 109263 1.7 17 10 5 11 45% 42405 13115 2918 127%
c - 1423.53 43 18 90 707 281646 2 12520232 109312 1.7 17 10 5 11 45% 42405 13115 2918 127%
c - 1425.99 43 18 90 708 282493 2 12546821 109229 1.7 17 10 5 11 45% 42405 13115 2918 127%
c - 1428.54 43 18 90 709 283523 2 12573431 109087 1.7 17 10 5 11 45% 42405 13115 2918 127%
c u 1432.16 43 18 90 709 284369 2 12599948 128312 1.7 17 10 5 11 45% 42405 13115 2918 127%
c v 1433.47 43 18 90 709 284369 2 12599948 121282 1.7 17 10 5 11 45% 42405 13115 2918 127%
c w 1433.92 43 18 90 709 284369 2 12599948 120498 1.7 17 10 5 11 45% 42405 13115 2918 127%
c - 1434.00 43 18 90 710 284387 2 12600059 99650 1.7 17 10 5 11 45% 42405 13115 2918 127%
c - 1436.54 43 18 90 711 285559 2 12626706 101234 1.7 17 10 5 11 45% 42405 13115 2918 127%
c - 1438.93 43 18 90 712 286217 2 12653372 104188 1.7 17 10 5 11 45% 42405 13115 2918 127%
c - 1441.41 43 17 90 713 287148 2 12680056 105109 1.7 17 10 5 11 45% 42405 13115 2918 127%
c - 1443.89 43 18 90 714 288050 2 12706758 105782 1.7 17 10 5 11 45% 42405 13115 2918 127%
c o 1444.94 43 17 90 714 288393 2 12718633 116465 1.7 16 10 5 11 45% 42405 13115 2918 127%
c - 1446.39 43 18 90 715 289162 2 12733479 106092 1.7 17 10 5 11 45% 42405 13115 2918 127%
c } 1447.69 43 18 91 715 289788 2 12747100 118314 1.7 17 10 5 11 45% 42405 13115 2918 127%
c [ 1447.69 43 21 91 715 289788 1 12747100 118314 1.8 23 12 6 15 46% 42405 13115 2918 127%
c O 1447.69 43 21 91 715 289788 1 12747100 118314 1.8 23 12 6 15 46% 42405 13115 2918 127%
c - 1448.86 43 20 91 716 289795 1 12760218 106199 1.9 23 12 6 15 46% 42405 13115 2918 127%
c - 1451.36 43 20 91 717 289808 1 12786976 106474 1.9 22 12 6 15 46% 42405 13115 2918 127%
c
c   seconds    switched       rate             size/glue  tier1     binary         remaining
c           MB   reductions      conflicts           size   tier2       irredundant
c            level      restarts         redundant      glue    trail         variables
c
c - 1454.13 43 19 91 718 289818 1 12813753 106419 1.9 22 12 6 15 46% 42405 13115 2918 127%
c - 1456.98 43 19 91 719 289825 1 12840549 105420 1.9 22 12 6 15 46% 42405 13115 2918 127%
c - 1459.83 43 20 91 720 289838 1 12867365 101521 1.8 23 12 6 15 46% 42405 13115 2918 127%
c - 1462.84 43 20 91 721 289848 1 12894197 101123 1.9 23 12 6 15 46% 42405 13115 2918 127%
c - 1466.07 43 19 91 722 289850 1 12921048 106742 1.9 23 12 6 15 46% 42405 13115 2918 127%
c - 1469.09 43 20 91 723 289853 1 12947919 106869 1.9 23 12 6 15 46% 42405 13115 2918 127%
c u 1472.98 43 20 91 723 289865 1 12970830 122920 1.9 23 12 6 15 46% 42405 13115 2918 127%
c v 1474.47 43 20 91 723 289865 1 12970830 115853 1.9 23 12 6 15 46% 42405 13115 2918 127%
c w 1474.99 43 20 91 723 289865 1 12970830 114177 1.9 23 12 6 15 46% 42405 13115 2918 127%
c - 1475.49 43 19 91 724 289865 1 12974808 93120 1.9 22 12 6 15 46% 42405 13115 2918 127%
c - 1478.38 43 18 91 725 289880 1 13001715 97128 1.9 22 12 6 14 46% 42405 13115 2918 127%
c - 1481.16 43 19 91 726 289884 1 13028640 102690 1.9 22 12 6 14 46% 42405 13115 2918 127%
c - 1484.17 43 19 91 727 289896 1 13055585 102889 2.0 23 12 6 14 46% 42405 13115 2918 127%
c - 1487.43 43 19 91 728 289910 1 13082547 105513 2.0 23 11 6 14 46% 42405 13115 2918 127%
c ] 1488.21 43 19 92 728 289911 1 13089235 111889 2.0 23 11 6 14 46% 42405 13115 2918 127%
c { 1488.21 43 18 92 728 289911 2 13089235 111889 1.7 17 10 5 11 45% 42405 13115 2918 127%
c - 1490.11 43 18 92 729 290592 2 13109530 108076 1.7 17 10 5 11 45% 42405 13115 2918 127%
c - 1492.56 43 17 92 730 291461 2 13136530 108206 1.7 16 10 5 11 45% 42405 13115 2918 127%
c - 1495.05 43 18 92 731 292296 2 13163548 108558 1.7 16 10 5 11 45% 42405 13115 2918 127%
c - 1497.68 43 18 92 732 293572 2 13190585 109087 1.7 17 10 5 11 45% 42405 13115 2918 127%
c
c   seconds    switched       rate             size/glue  tier1     binary         remaining
c           MB   reductions      conflicts           size   tier2       irredundant
c            level      restarts         redundant      glue    trail         variables
c
c o 1499.38 43 18 92 732 294083 2 13209116 125617 1.7 17 10 5 11 45% 42405 13115 2918 127%
c - 1500.22 43 18 92 733 294527 2 13217640 109317 1.7 17 10 5 11 45% 42405 13115 2918 127%
c - 1503.07 43 18 92 734 295398 2 13244713 109511 1.7 17 10 5 11 45% 42405 13115 2918 127%
c - 1505.58 43 18 92 735 296133 2 13271806 109741 1.7 17 10 5 11 45% 42405 13115 2918 127%
c - 1508.20 43 18 92 736 297401 2 13298917 109783 1.7 16 10 5 11 45% 42405 13115 2918 127%
c - 1510.75 43 18 92 737 298245 2 13326046 110256 1.7 16 10 5 11 45% 42405 13115 2918 127%
c u 1513.95 43 17 92 737 298717 2 13347582 121558 1.7 16 10 5 11 45% 42405 13115 2918 127%
c v 1515.34 43 17 92 737 298717 2 13347582 115396 1.7 16 10 5 11 45% 42405 13115 2918 127%
c w 1515.83 43 17 92 737 298717 2 13347582 114504 1.7 16 10 5 11 45% 42405 13115 2918 127%
c - 1516.38 43 17 92 738 298893 2 13353194 97507 1.7 16 10 5 11 45% 42405 13115 2918 127%
c - 1518.81 43 17 92 739 299996 2 13380360 99157 1.7 16 10 5 11 45% 42405 13115 2918 127%
c - 1521.27 43 18 92 740 301045 2 13407545 103497 1.7 17 10 5 11 45% 42405 13115 2918 127%
c - 1523.72 43 18 92 741 301846 2 13434747 104867 1.7 17 10 5 11 45% 42405 13115 2918 127%
c - 1526.16 43 18 92 742 302729 2 13461969 105382 1.7 17 10 5 11 45% 42405 13115 2918 127%
c - 1528.64 43 18 92 743 303922 2 13489209 105966 1.7 17 10 5 11 45% 42405 13115 2918 127%
c } 1530.60 43 18 93 743 304595 2 13511240 126079 1.7 17 10 5 11 45% 42405 13115 2918 127%
c [ 1530.60 43 19 93 743 304595 1 13511240 126079 2.0 23 11 6 14 46% 42405 13115 2918 127%
c B 1530.60 43 19 93 743 304595 1 13511240 126079 2.0 23 11 6 14 46% 42405 13115 2918 127%
c - 1531.07 43 19 93 744 304599 1 13516468 105008 2.0 23 12 6 14 46% 42405 13115 2918 127%
c - 1533.57 43 20 93 745 304609 1 13543744 99507 1.9 24 12 6 14 46% 42405 13115 2918 127%
c
c   seconds    switched       rate            size/glue  tier1     binary         remaining
c           MB   reductions      conflicts          size   tier2       irredundant
c            level      restarts         redundant     glue    trail         variables
c
c - 1536.50 43 20 93 746 304624 1 13571039 98354 2.0 24 12 6 14 46% 42405 13115 2918 127%
c - 1539.66 43 19 93 747 304629 1 13598353 104408 2.0 23 12 6 14 46% 42405 13115 2918 127%
c - 1542.61 43 19 93 748 304640 1 13625685 105786 2.0 24 12 6 14 46% 42405 13115 2918 127%
c - 1545.79 43 20 93 749 304655 1 13653034 102621 2.0 24 12 6 14 46% 42405 13115 2918 127%
c - 1548.93 43 20 93 750 304657 1 13680402 103890 2.0 24 12 6 14 46% 42405 13115 2918 127%
c - 1552.09 43 19 93 751 304657 1 13707789 106506 2.0 25 12 6 14 46% 42405 13115 2918 127%
c u 1556.05 43 19 93 751 304671 1 13730227 122801 2.1 25 12 6 14 46% 42405 13115 2918 127%
c v 1557.73 61 19 93 751 304671 1 13730227 118785 2.1 25 12 6 14 46% 42405 13115 2918 127%
c w 1558.33 61 19 93 751 304671 1 13730227 110476 2.1 25 12 6 14 46% 42405 13115 2918 127%
c o 1558.37 61 19 93 751 304671 1 13730227 110476 2.1 25 12 6 14 46% 42405 13115 2918 127%
c - 1558.89 53 27 93 752 304672 1 13735194 95546 1.9 26 13 6 14 46% 42405 13115 2918 127%
c - 1561.46 53 25 93 753 304686 1 13762616 100016 1.9 25 13 6 14 45% 42405 13115 2918 127%
c - 1564.36 49 24 93 754 304689 1 13790056 104426 1.9 25 13 6 14 46% 42405 13115 2918 127%
c - 1567.29 51 23 93 755 304703 1 13817516 106904 2.0 25 13 6 14 46% 42405 13115 2918 127%
c - 1570.28 53 22 93 756 304717 1 13844993 106662 1.9 24 13 6 14 46% 42405 13115 2918 127%
c - 1573.32 51 22 93 757 304720 1 13872489 106162 1.9 24 12 6 14 46% 42405 13115 2918 127%
c ] 1574.00 53 22 94 757 304720 1 13879206 112673 1.9 24 12 6 14 46% 42405 13115 2918 127%
c { 1574.00 53 18 94 757 304720 2 13879206 112673 1.7 17 10 5 11 45% 42405 13115 2918 127%
c - 1575.99 53 18 94 758 305295 2 13900004 107439 1.7 17 10 5 11 45% 42405 13115 2918 127%
c - 1578.64 53 18 94 759 306286 2 13927535 109554 1.7 17 10 5 11 45% 42405 13115 2918 127%
c
c   seconds    switched       rate             size/glue  tier1     binary         remaining
c           MB   reductions      conflicts           size   tier2       irredundant
c            level      restarts         redundant      glue    trail         variables
c
c - 1581.23 53 18 94 760 307477 2 13955084 110835 1.7 17 10 5 11 45% 42405 13115 2918 127%
c - 1583.68 55 18 94 761 308279 2 13982654 111045 1.7 17 10 5 11 45% 42405 13115 2918 127%
c - 1586.19 53 18 94 762 309224 2 14010240 111220 1.7 17 10 5 11 45% 42405 13115 2918 127%
c - 1588.70 53 18 94 763 310345 2 14037846 111700 1.7 17 10 5 11 45% 42405 13115 2918 127%
c - 1591.20 55 18 94 764 311298 2 14065468 111770 1.7 17 10 5 11 45% 42405 13115 2918 127%
c - 1593.60 55 17 94 765 311896 2 14093110 112252 1.7 16 10 5 11 45% 42405 13115 2918 127%
c u 1597.07 55 17 94 765 312617 2 14118765 127423 1.7 16 10 5 11 45% 42405 13115 2918 127%
c v 1598.41 57 17 94 765 312617 2 14118765 119672 1.7 16 10 5 11 45% 42405 13115 2918 127%
c w 1598.88 57 17 94 765 312617 2 14118765 118195 1.7 16 10 5 11 45% 42405 13115 2918 127%
c - 1599.11 51 17 94 766 312674 2 14120769 97333 1.7 16 10 5 11 45% 42405 13115 2918 127%
c - 1601.51 53 17 94 767 313794 2 14148445 100175 1.7 16 10 5 11 45% 42405 13115 2918 127%
c - 1603.90 53 17 94 768 314568 2 14176139 104645 1.7 16 10 5 11 45% 42405 13115 2918 127%
c - 1606.38 53 17 94 769 315633 2 14203851 105565 1.7 16 10 5 11 45% 42405 13115 2918 127%
c - 1608.91 55 17 94 770 316786 2 14231582 106052 1.7 17 10 5 11 45% 42405 13115 2918 127%
c o 1609.71 53 18 94 770 317185 2 14240275 113961 1.7 17 10 5 11 45% 42405 13115 2918 127%
c - 1611.38 53 18 94 771 317773 2 14259330 106304 1.7 16 10 5 11 45% 42405 13115 2918 127%
c - 1613.90 55 18 94 772 318957 2 14287096 106728 1.7 17 10 5 11 45% 42405 13115 2918 127%
c - 1616.39 53 18 94 773 319862 2 14314880 106762 1.7 17 10 5 11 45% 42405 13115 2918 127%
c } 1616.70 51 18 95 773 320037 2 14318193 109727 1.7 17 10 5 11 45% 42405 13115 2918 127%
c [ 1616.70 51 22 95 773 320037 1 14318193 109727 1.9 24 12 6 14 46% 42405 13115 2918 127%
c
c   seconds    switched       rate             size/glue  tier1     binary         remaining
c           MB   reductions      conflicts           size   tier2       irredundant
c            level      restarts         redundant      glue    trail         variables
c
c W 1624.80 43 22 95 773 320037 1 14318193 109727 1.9 24 12 6 14 46% 42405 13115 2918 127%
c - 1626.82 43 22 95 774 320050 1 14342682 104482 1.9 23 12 6 14 46% 42405 13115 2918 127%
c - 1629.40 43 21 95 775 320064 1 14370503 102768 1.9 23 12 6 14 46% 42405 13115 2918 127%
c - 1632.04 43 20 95 776 320067 1 14398341 102209 1.9 23 12 6 14 46% 42405 13115 2918 127%
c - 1634.89 43 19 95 777 320082 1 14426197 103574 1.9 23 12 6 14 46% 42405 13115 2918 127%
c - 1637.63 43 19 95 778 320096 1 14454072 107251 1.9 22 12 6 14 46% 42405 13115 2918 127%
c - 1640.36 43 19 95 779 320098 1 14481964 106170 1.9 22 12 6 14 46% 42405 13115 2918 127%
c - 1643.26 43 19 95 780 320099 1 14509874 103129 1.9 23 12 6 14 45% 42405 13115 2918 127%
c u 1644.48 43 19 95 780 320099 1 14513221 103105 1.9 23 12 6 14 45% 42405 13115 2918 127%
c v 1645.47 43 19 95 780 320099 1 14513221 94577 1.9 23 12 6 14 45% 42405 13115 2918 127%
c w 1645.82 43 19 95 780 320099 1 14513221 85119 1.9 23 12 6 14 45% 42405 13115 2918 127%
c - 1648.50 43 18 95 781 320113 1 14537803 92798 1.9 22 12 6 14 45% 42405 13115 2918 127%
c - 1651.15 43 18 95 782 320126 1 14565751 104523 2.0 23 12 6 14 46% 42405 13115 2918 127%
c - 1654.20 43 19 95 783 320130 1 14593715 106479 2.0 23 12 6 14 46% 42405 13115 2918 127%
c - 1657.53 43 18 95 784 320145 1 14621697 107906 2.0 23 11 6 14 46% 42405 13115 2918 127%
c - 1660.39 43 19 95 785 320158 1 14649697 108194 2.0 23 12 6 14 46% 42405 13115 2918 127%
c - 1663.30 43 18 95 786 320161 1 14677716 107264 2.0 23 12 6 14 46% 42405 13115 2918 127%
c ] 1666.09 43 18 96 786 320162 1 14702973 130581 1.9 23 12 6 14 46% 42405 13115 2918 127%
c { 1666.09 43 18 96 786 320162 2 14702973 130581 1.7 17 10 5 11 45% 42405 13115 2918 127%
c - 1666.43 43 18 96 787 320335 2 14705752 108142 1.7 17 10 5 11 45% 42405 13115 2918 127%
c
c   seconds    switched       rate             size/glue  tier1     binary         remaining
c           MB   reductions      conflicts           size   tier2       irredundant
c            level      restarts         redundant      glue    trail         variables
c
c - 1668.93 43 18 96 788 321230 2 14733808 109459 1.7 16 10 5 11 45% 42405 13115 2918 127%
c o 1671.46 43 18 96 788 322175 2 14761294 134296 1.7 17 10 5 11 45% 42405 13115 2918 127%
c - 1671.54 43 18 96 789 322213 2 14761880 111590 1.7 17 10 5 11 45% 42405 13115 2918 127%
c - 1674.07 43 18 96 790 323094 2 14789969 112308 1.7 16 10 5 11 45% 42405 13115 2918 127%
c - 1676.69 43 18 96 791 324266 2 14818075 112872 1.7 17 10 5 11 45% 42405 13115 2918 127%
c - 1679.26 43 18 96 792 325091 2 14846200 113273 1.7 17 10 5 11 45% 42405 13115 2918 127%
c - 1681.87 43 18 96 793 326253 2 14874342 113462 1.7 17 10 5 11 45% 42405 13115 2918 127%
c - 1684.41 43 18 96 794 327106 2 14902502 113158 1.7 16 10 5 11 45% 42405 13115 2918 127%
c u 1686.69 43 18 96 794 327387 2 14913595 116585 1.7 16 10 5 11 45% 42405 13115 2918 127%
c v 1688.12 43 18 96 794 327387 2 14913595 108708 1.7 16 10 5 11 45% 42405 13115 2918 127%
c w 1688.61 43 18 96 794 327387 2 14913595 107731 1.7 16 10 5 11 45% 42405 13115 2918 127%
c - 1690.19 43 18 96 795 328164 2 14930680 101032 1.7 16 10 5 11 45% 42405 13115 2918 127%
c - 1692.72 43 17 96 796 329211 2 14958875 103339 1.7 16 10 5 11 45% 42405 13115 2918 127%
c - 1695.21 43 17 96 797 330202 2 14987088 106239 1.6 16 10 5 11 45% 42405 13115 2918 127%
c - 1697.75 43 17 96 798 331056 2 15015320 107289 1.6 16 10 5 11 45% 42405 13115 2918 127%
c - 1700.26 43 18 96 799 332130 2 15043570 107748 1.6 16 10 5 11 45% 42405 13115 2918 127%
c - 1702.76 43 18 96 800 333156 2 15071836 108204 1.6 16 10 5 11 45% 42405 13115 2918 127%
c - 1705.27 43 18 96 801 333999 2 15100121 108366 1.6 16 10 5 11 45% 42405 13115 2918 127%
c - 1707.86 43 18 96 802 335127 2 15128422 108725 1.7 16 10 5 11 45% 42405 13115 2918 127%
c - 1710.47 43 18 96 803 336296 2 15156743 109450 1.7 17 10 5 11 45% 42405 13115 2918 127%
c
c   seconds    switched       rate             size/glue  tier1     binary         remaining
c           MB   reductions      conflicts           size   tier2       irredundant
c            level      restarts         redundant      glue    trail         variables
c
c } 1710.70 43 18 97 803 336363 2 15159237 111636 1.7 17 10 5 11 45% 42405 13115 2918 127%
c [ 1710.70 43 18 97 803 336363 1 15159237 111636 1.9 23 12 6 14 46% 42405 13115 2918 127%
c I 1710.70 43 18 97 803 336363 1 15159237 111636 1.9 23 12 6 14 46% 42405 13115 2918 127%
c - 1712.92 43 19 97 804 336377 1 15185081 105727 1.9 23 12 6 14 46% 42405 13115 2918 127%
c - 1715.74 43 19 97 805 336391 1 15213435 102578 1.9 23 12 6 14 45% 42405 13115 2918 127%
c - 1718.66 43 21 97 806 336394 1 15241809 100608 1.9 24 13 6 14 45% 42405 13115 2918 127%
c - 1721.58 43 22 97 807 336408 1 15270200 94729 1.9 25 13 6 14 46% 42405 13115 2918 127%
c - 1724.64 43 22 97 808 336422 1 15298610 96033 1.9 25 13 6 14 46% 42405 13115 2918 127%
c u 1728.06 43 22 97 808 336424 1 15319914 112397 1.9 26 13 6 14 47% 42405 13115 2918 127%
c v 1729.58 43 22 97 808 336424 1 15319914 111101 1.9 26 13 6 14 47% 42405 13115 2918 127%
c w 1730.13 43 22 97 808 336424 1 15319914 109035 1.9 26 13 6 14 47% 42405 13115 2918 127%
c o 1730.17 43 22 97 808 336424 1 15319914 109035 1.9 26 13 6 14 47% 42405 13115 2918 127%
c - 1730.75 43 30 97 809 336425 1 15327036 93684 1.8 26 14 6 14 46% 42405 13115 2918 127%
c - 1733.52 43 29 97 810 336425 1 15355478 93880 1.8 26 14 6 14 46% 42405 13115 2918 127%
c - 1736.43 43 27 97 811 336440 1 15383938 94399 1.8 26 14 6 14 46% 42405 13115 2918 127%
c - 1739.58 43 26 97 812 336454 1 15412416 97213 1.8 26 14 6 14 46% 42405 13115 2918 127%
c - 1743.07 43 24 97 813 336459 1 15440913 100359 1.8 25 14 6 14 46% 42405 13115 2918 127%
c - 1746.41 43 23 97 814 336471 1 15469427 103575 1.9 24 13 6 14 46% 42405 13115 2918 127%
c - 1749.41 43 23 97 815 336486 1 15497957 104896 1.9 24 13 6 14 46% 42405 13115 2918 127%
c - 1752.60 43 22 97 816 336488 1 15526505 105973 1.9 24 13 6 14 46% 42405 13115 2918 127%
c
c   seconds    switched       rate             size/glue  tier1     binary         remaining
c           MB   reductions      conflicts           size   tier2       irredundant
c            level      restarts         redundant      glue    trail         variables
c
c ] 1754.86 43 21 98 816 336488 1 15548522 126435 1.9 23 12 6 14 46% 42405 13115 2918 127%
c { 1754.86 43 18 98 816 336488 2 15548522 126435 1.7 17 10 5 11 45% 42405 13115 2918 127%
c - 1755.47 43 17 98 817 336493 2 15555070 107160 1.7 16 10 5 11 45% 42405 13115 2918 127%
c - 1757.92 43 16 98 818 336507 2 15583653 105711 1.6 16 9 5 11 45% 42405 13115 2918 127%
c - 1760.47 43 14 98 819 336533 2 15612253 103201 1.6 15 9 5 11 45% 42405 13115 2918 127%
c - 1762.94 43 13 98 820 336618 2 15640872 103916 1.6 14 9 5 11 45% 42405 13115 2918 127%
c - 1765.46 43 12 98 821 336914 2 15669510 106815 1.6 14 9 5 11 45% 42405 13115 2918 127%
c - 1767.92 43 12 98 822 337172 1 15698165 108223 1.6 14 9 5 11 45% 42405 13115 2918 127%
c - 1770.52 43 12 98 823 337780 1 15726835 109333 1.6 14 9 5 11 45% 42405 13115 2918 127%
c u 1772.33 43 11 98 823 337836 1 15732177 104661 1.6 14 9 5 11 45% 42405 13115 2918 127%
c v 1773.84 43 11 98 823 337836 1 15732177 95680 1.6 14 9 5 11 45% 42405 13115 2918 127%
c w 1774.25 43 11 98 823 337836 1 15732177 95402 1.6 14 9 5 11 45% 42405 13115 2918 127%
c - 1776.34 43 11 98 824 338326 1 15755522 96324 1.6 13 9 5 11 45% 42405 13115 2918 127%
c - 1778.84 43 11 98 825 338791 1 15784227 100226 1.6 13 8 5 11 45% 42405 13115 2918 127%
c - 1781.40 43 11 98 826 339600 1 15812950 102706 1.6 13 8 5 11 45% 42405 13115 2918 127%
c - 1783.98 43 11 98 827 340385 1 15841690 104058 1.6 13 8 5 11 45% 42405 13115 2918 127%
c o 1785.58 43 11 98 827 340713 1 15860435 118509 1.6 13 8 5 11 45% 42405 13115 2918 127%
c - 1786.55 43 11 98 828 341165 1 15870447 104014 1.5 13 8 5 11 45% 42405 13115 2918 127%
c - 1789.14 43 11 98 829 341824 1 15899222 105260 1.6 13 8 5 11 45% 42405 13115 2918 127%
c - 1791.83 43 11 98 830 342864 1 15928014 106588 1.6 13 8 5 11 45% 42405 13115 2918 127%
c
c   seconds    switched       rate             size/glue tier1     binary         remaining
c           MB   reductions      conflicts           size  tier2       irredundant
c            level      restarts         redundant     glue    trail         variables
c
c - 1794.46 43 11 98 831 343729 1 15956823 107259 1.6 13 8 5 11 45% 42405 13115 2918 127%
c - 1797.14 43 11 98 832 344700 1 15985651 108117 1.6 13 8 5 11 45% 42405 13115 2918 127%
c - 1799.76 43 10 98 833 345494 1 16014495 108516 1.6 13 8 5 11 45% 42405 13115 2918 127%
c caught signal 15 (SIGTERM)
c
c ---- [ profiling ] ---------------------------------------------------------
c
c        1599.53   88.87 %  search
c         826.57   45.93 %  focused
c         772.96   42.95 %  stable
c         200.12   11.12 %  simplify
c         156.28    8.68 %  probe
c         135.52    7.53 %  vivify
c          43.72    2.43 %  walking
c          16.49    0.92 %  sweep
c          15.17    0.84 %  reduce
c           2.10    0.12 %  substitute
c           1.55    0.09 %  transitive
c           0.31    0.02 %  factor
c           0.27    0.02 %  eliminate
c           0.24    0.01 %  backbone
c           0.17    0.01 %  preprocess
c           0.07    0.00 %  congruence
c           0.03    0.00 %  subsume
c           0.01    0.00 %  fastel
c           0.01    0.00 %  parse
c           0.00    0.00 %  lucky
c =============================================
c        1799.82  100.00 %  total
c
c ---- [ statistics ] --------------------------------------------------------
c
c chronological:                           66                0 %  conflicts
c conflicts:                         16015132             8898.17 per second
c decisions:                         32413117                2.02 per conflict
c eliminated:                            7343              321 %  variables
c factored:                              7982              349 %  variables
c fast_eliminated:                       2592               35 %  eliminated
c propagations:                    6168295551          3427168    per second
c reductions:                             833            19226    interval
c reordered:                               55           291184    interval
c rephased:                                63           254208    interval
c restarts:                            345521               46    interval
c strengthened:                          5686                1 %  checks
c switched:                                98           163420    interval
c vivified:                            928975               64 %  checks
c walks:                                   21           762625    interval
c
c ---- [ proof ] -------------------------------------------------------------
c
c proof_added:                       16477312               50 %  per line
c proof_bytes:                     1412431872             1347 MB 
c proof_deleted:                     16411578               50 %  per line
c
c ---- [ glue usage ] --------------------------------------------------------
c
c focused glue 5   used  876385 clauses  4.47% accumulated 51.75% tier1
c focused glue 6   used 1066767 clauses  5.44% accumulated 57.19%
c focused glue 7-9 used 4702175 clauses 24.00% accumulated 81.19%
c focused glue 10  used 1263820 clauses  6.45% accumulated 87.64%
c focused glue 11  used  850627 clauses  4.34% accumulated 91.98% tier2
c
c stable glue 6    used 1839507 clauses  6.58% accumulated 55.81% tier1
c stable glue 7    used 1586247 clauses  5.67% accumulated 61.48%
c stable glue 8-12 used 6441624 clauses 23.02% accumulated 84.50%
c stable glue 13   used  887891 clauses  3.17% accumulated 87.68%
c stable glue 14   used  733640 clauses  2.62% accumulated 90.30% tier2
c
c ---- [ resources ] ---------------------------------------------------------
c
c maximum-resident-set-size:         63938560 bytes         61 MB
c process-time:                            30m            1799.82 seconds
c raising signal 15 (SIGTERM)
