left,right
000,03f
000,05f
000,06f
000,077
000,07b
000,07d
000,07e
000,09f
000,0af
000,0bb
000,0cf
000,0d7
000,0db
000,0dd
000,0de
000,0e7
000,0eb
000,0ed
000,0ee
000,0f3
000,0f9
000,0fa
000,14f
000,15b
000,15d
000,15e
000,16d
000,16e
000,179
000,17a
000,18f
000,19b
000,1c7
000,1cb
000,1cd
000,1ce
000,1d3
000,1d9
000,1da
000,1e9
000,1ea
000,22f
000,24f
000,25b
000,25d
000,25e
000,267
000,26b
000,26d
000,26e
000,273
000,275
000,276
000,28f
000,29b
000,29d
000,29e
000,2a7
000,2ab
000,2ad
000,2ae
000,2b3
000,2c7
000,2cb
000,2cd
000,2ce
000,2d3
000,2d5
000,2d6
000,2d9
000,2da
000,2dc
000,2e3
000,2e5
000,2e6
000,2e9
000,2ea
000,2ec
000,2f1
000,2f2
000,32d
000,32e
000,34b
000,34d
000,34e
000,359
000,35a
000,35c
000,365
000,366
000,369
000,36a
000,36c
000,371
000,372
000,38b
000,38d
000,38e
000,399
000,39a
000,3a9
000,3aa
000,44f
000,45b
000,45d
000,45e
000,46d
000,46e
000,475
000,476
000,48f
000,49b
000,49d
000,49e
000,4ad
000,4ae
000,4c7
000,4cb
000,4cd
000,4ce
000,4d3
000,4d5
000,4d6
000,4d9
000,4da
000,4dc
000,4e5
000,4e6
000,4e9
000,4ea
000,4ec
000,4f1
000,4f2
000,54d
000,54e
000,559
000,55a
000,55c
000,56c
000,58d
000,58e
000,599
000,59a
000,64b
000,64d
000,64e
000,665
000,666
000,68b
000,68d
000,68e
000,6a5
000,6a6
005,05a
005,06a
005,072
005,07b
005,07e
005,09a
005,0aa
005,0bb
005,0ca
005,0d2
005,0d8
005,0db
005,0de
005,0e2
005,0e8
005,0eb
005,0ee
005,0f3
005,0f9
005,11a
005,14a
005,152
005,158
005,15b
005,15e
005,168
005,16e
005,179
005,18a
005,19b
005,1cb
005,1ce
005,1d3
005,1d9
005,1e9
005,24a
005,252
005,25b
005,25e
005,262
005,26b
005,26e
005,273
005,276
005,28a
005,292
005,29b
005,29e
005,2a2
005,2ab
005,2ae
005,2b3
005,2cb
005,2ce
005,2d3
005,2d6
005,2d9
005,2dc
005,2e3
005,2e6
005,2e9
005,2ec
005,2f1
005,30a
005,32e
005,34b
005,34e
005,359
005,35c
005,366
005,369
005,36c
005,371
005,38b
005,38e
005,399
005,3a9
005,44a
005,452
005,45b
005,45e
005,46e
005,476
005,48a
005,492
005,49b
005,49e
005,4ae
005,4cb
005,4ce
005,4d3
005,4d6
005,4d9
005,4dc
005,4e6
005,4e9
005,4ec
005,4f1
005,54e
005,559
005,55c
005,56c
005,58e
005,599
005,64b
005,64e
005,666
005,68b
005,68e
005,6a6
006,059
006,069
006,071
006,07b
006,07d
006,099
006,0a9
006,0bb
006,0c9
006,0d1
006,0d8
006,0db
006,0dd
006,0e1
006,0e8
006,0eb
006,0ed
006,0f3
006,0fa
006,119
006,149
006,151
006,158
006,15b
006,15d
006,168
006,16d
006,17a
006,189
006,19b
006,1cb
006,1cd
006,1d3
006,1da
006,1ea
006,249
006,251
006,25b
006,25d
006,261
006,26b
006,26d
006,273
006,275
006,289
006,291
006,29b
006,29d
006,2a1
006,2ab
006,2ad
006,2b3
006,2cb
006,2cd
006,2d3
006,2d5
006,2da
006,2dc
006,2e3
006,2e5
006,2ea
006,2ec
006,2f2
006,309
006,32d
006,34b
006,34d
006,35a
006,35c
006,365
006,36a
006,36c
006,372
006,38b
006,38d
006,39a
006,3aa
006,449
006,451
006,45b
006,45d
006,46d
006,475
006,489
006,491
006,49b
006,49d
006,4ad
006,4cb
006,4cd
006,4d3
006,4d5
006,4da
006,4dc
006,4e5
006,4ea
006,4ec
006,4f2
006,54d
006,55a
006,55c
006,56c
006,58d
006,59a
006,64b
006,64d
006,665
006,68b
006,68d
006,6a5
009,056
009,066
009,072
009,077
009,07e
009,0c6
009,0d2
009,0d7
009,0de
009,0e2
009,0e7
009,0ee
009,0f3
009,0fa
009,146
009,152
009,15e
009,16e
009,17a
009,1c7
009,1ce
009,1d3
009,1da
009,1ea
009,226
009,246
009,252
009,254
009,25e
009,262
009,264
009,267
009,26e
009,273
009,275
009,286
009,292
009,29e
009,2a2
009,2a7
009,2ae
009,2b3
009,2c7
009,2ce
009,2d3
009,2d5
009,2da
009,2dc
009,2e3
009,2e5
009,2ea
009,2ec
009,2f1
009,32e
009,34e
009,35a
009,35c
009,365
009,36a
009,36c
009,371
009,38e
009,39a
009,3aa
009,446
009,452
009,454
009,45e
009,464
009,46e
009,475
009,486
009,492
009,49e
009,4ae
009,4c7
009,4ce
009,4d3
009,4d5
009,4da
009,4dc
009,4e5
009,4ea
009,4ec
009,4f1
009,54e
009,55a
009,55c
009,56c
009,58e
009,59a
009,64e
009,665
009,68e
009,6a5
00a,055
00a,065
00a,071
00a,077
00a,07d
00a,0c5
00a,0d1
00a,0d7
00a,0dd
00a,0e1
00a,0e7
00a,0ed
00a,0f3
00a,0f9
00a,145
00a,151
00a,15d
00a,16d
00a,179
00a,1c7
00a,1cd
00a,1d3
00a,1d9
00a,1e9
00a,225
00a,245
00a,251
00a,254
00a,25d
00a,261
00a,264
00a,267
00a,26d
00a,273
00a,276
00a,285
00a,291
00a,29d
00a,2a1
00a,2a7
00a,2ad
00a,2b3
00a,2c7
00a,2cd
00a,2d3
00a,2d6
00a,2d9
00a,2dc
00a,2e3
00a,2e6
00a,2e9
00a,2ec
00a,2f2
00a,32d
00a,34d
00a,359
00a,35c
00a,366
00a,369
00a,36c
00a,372
00a,38d
00a,399
00a,3a9
00a,445
00a,451
00a,454
00a,45d
00a,464
00a,46d
00a,476
00a,485
00a,491
00a,49d
00a,4ad
00a,4c7
00a,4cd
00a,4d3
00a,4d6
00a,4d9
00a,4dc
00a,4e6
00a,4e9
00a,4ec
00a,4f2
00a,54d
00a,559
00a,55c
00a,56c
00a,58d
00a,599
00a,64d
00a,666
00a,68d
00a,6a6
00c,053
00c,071
00c,072
00c,077
00c,07b
00c,093
00c,0bb
00c,0c3
00c,0d1
00c,0d2
00c,0d7
00c,0db
00c,0e1
00c,0e2
00c,0e7
00c,0eb
00c,0f9
00c,0fa
00c,151
00c,152
00c,15b
00c,179
00c,17a
00c,19b
00c,1c7
00c,1cb
00c,1d9
00c,1da
00c,1e9
00c,1ea
00c,243
00c,251
00c,252
00c,25b
00c,261
00c,262
00c,267
00c,26b
00c,275
00c,276
00c,283
00c,291
00c,292
00c,29b
00c,2a1
00c,2a2
00c,2a7
00c,2ab
00c,2c7
00c,2cb
00c,2d5
00c,2d6
00c,2d9
00c,2da
00c,2e5
00c,2e6
00c,2e9
00c,2ea
00c,34b
00c,359
00c,35a
00c,365
00c,366
00c,369
00c,36a
00c,38b
00c,399
00c,39a
00c,3a9
00c,3aa
00c,451
00c,452
00c,45b
00c,475
00c,476
00c,491
00c,492
00c,49b
00c,4c7
00c,4cb
00c,4d5
00c,4d6
00c,4d9
00c,4da
00c,4e5
00c,4e6
00c,4e9
00c,4ea
00c,559
00c,55a
00c,599
00c,59a
00c,64b
00c,665
00c,666
00c,68b
00c,6a5
00c,6a6
00f,050
00f,060
00f,071
00f,072
00f,0d1
00f,0d2
00f,0d8
00f,0e1
00f,0e2
00f,0e8
00f,0f3
00f,0f9
00f,0fa
00f,151
00f,152
00f,158
00f,168
00f,179
00f,17a
00f,1d3
00f,1d9
00f,1da
00f,1e9
00f,1ea
00f,251
00f,252
00f,254
00f,261
00f,262
00f,264
00f,273
00f,275
00f,276
00f,291
00f,292
00f,2a1
00f,2a2
00f,2b3
00f,2d3
00f,2d5
00f,2d6
00f,2d9
00f,2da
00f,2dc
00f,2e3
00f,2e5
00f,2e6
00f,2e9
00f,2ea
00f,2ec
00f,359
00f,35a
00f,35c
00f,365
00f,366
00f,369
00f,36a
00f,36c
00f,399
00f,39a
00f,3a9
00f,3aa
00f,451
00f,452
00f,454
00f,464
00f,475
00f,476
00f,491
00f,492
00f,4d3
00f,4d5
00f,4d6
00f,4d9
00f,4da
00f,4dc
00f,4e5
00f,4e6
00f,4e9
00f,4ea
00f,4ec
00f,559
00f,55a
00f,55c
00f,56c
00f,599
00f,59a
00f,665
00f,666
00f,6a5
00f,6a6
011,02e
011,04e
011,066
011,06a
011,06c
011,06f
011,07e
011,08e
011,0aa
011,0af
011,0c6
011,0ca
011,0cc
011,0cf
011,0de
011,0e2
011,0e7
011,0e8
011,0eb
011,0ed
011,0fa
011,10e
011,146
011,14a
011,14c
011,14f
011,15e
011,168
011,16d
011,17a
011,18a
011,18f
011,1c7
011,1cb
011,1cd
011,1da
011,1e9
011,20e
011,226
011,22f
011,246
011,24a
011,24c
011,24f
011,25e
011,262
011,264
011,267
011,26b
011,26d
011,276
011,286
011,28a
011,28c
011,28f
011,29e
011,2a2
011,2a7
011,2ab
011,2ad
011,2c7
011,2cb
011,2cd
011,2d6
011,2da
011,2dc
011,2e3
011,2e5
011,2e9
011,2f2
011,30a
011,30c
011,32d
011,34b
011,34d
011,35a
011,35c
011,365
011,369
011,372
011,38b
011,38d
011,39a
011,3a9
011,40e
011,446
011,44a
011,44c
011,44f
011,45e
011,464
011,46d
011,476
011,486
011,48a
011,48c
011,48f
011,49e
011,4ad
011,4c7
011,4cb
011,4cd
011,4d6
011,4da
011,4dc
011,4e5
011,4e9
011,4f2
011,50c
011,54d
011,55a
011,55c
011,58d
011,59a
011,64b
011,64d
011,665
011,68b
011,68d
011,6a5
012,02d
012,04d
012,065
012,069
012,06c
012,06f
012,07d
012,08d
012,0a9
012,0af
012,0c5
012,0c9
012,0cc
012,0cf
012,0dd
012,0e1
012,0e7
012,0e8
012,0eb
012,0ee
012,0f9
012,10d
012,145
012,149
012,14c
012,14f
012,15d
012,168
012,16e
012,179
012,189
012,18f
012,1c7
012,1cb
012,1ce
012,1d9
012,1ea
012,20d
012,225
012,22f
012,245
012,249
012,24c
012,24f
012,25d
012,261
012,264
012,267
012,26b
012,26e
012,275
012,285
012,289
012,28c
012,28f
012,29d
012,2a1
012,2a7
012,2ab
012,2ae
012,2c7
012,2cb
012,2ce
012,2d5
012,2d9
012,2dc
012,2e3
012,2e6
012,2ea
012,2f1
012,309
012,30c
012,32e
012,34b
012,34e
012,359
012,35c
012,366
012,36a
012,371
012,38b
012,38e
012,399
012,3aa
012,40d
012,445
012,449
012,44c
012,44f
012,45d
012,464
012,46e
012,475
012,485
012,489
012,48c
012,48f
012,49d
012,4ae
012,4c7
012,4cb
012,4ce
012,4d5
012,4d9
012,4dc
012,4e6
012,4ea
012,4f1
012,50c
012,54e
012,559
012,55c
012,58e
012,599
012,64b
012,64e
012,666
012,68b
012,68e
012,6a6
01b,044
01b,060
01b,065
01b,066
01b,06c
01b,0c5
01b,0c6
01b,0cc
01b,0e1
01b,0e2
01b,0e7
01b,0e8
01b,0ed
01b,0ee
01b,145
01b,146
01b,14c
01b,168
01b,16d
01b,16e
01b,1c7
01b,1cd
01b,1ce
01b,1e9
01b,1ea
01b,204
01b,225
01b,226
01b,245
01b,246
01b,24c
01b,254
01b,261
01b,262
01b,267
01b,26d
01b,26e
01b,275
01b,276
01b,285
01b,286
01b,28c
01b,2a1
01b,2a2
01b,2a7
01b,2ad
01b,2ae
01b,2c7
01b,2cd
01b,2ce
01b,2d5
01b,2d6
01b,2dc
01b,2e3
01b,2e9
01b,2ea
01b,2f1
01b,2f2
01b,30c
01b,32d
01b,32e
01b,34d
01b,34e
01b,35c
01b,369
01b,36a
01b,371
01b,372
01b,38d
01b,38e
01b,3a9
01b,3aa
01b,404
01b,445
01b,446
01b,44c
01b,454
01b,46d
01b,46e
01b,475
01b,476
01b,485
01b,486
01b,48c
01b,4ad
01b,4ae
01b,4c7
01b,4cd
01b,4ce
01b,4d5
01b,4d6
01b,4dc
01b,4e9
01b,4ea
01b,4f1
01b,4f2
01b,50c
01b,54d
01b,54e
01b,55c
01b,58d
01b,58e
01b,64d
01b,64e
01b,68d
01b,68e
01d,042
01d,060
01d,066
01d,06a
01d,072
01d,082
01d,0aa
01d,0c3
01d,0c6
01d,0ca
01d,0d2
01d,0e1
01d,0e7
01d,0e8
01d,0eb
01d,0ee
01d,0f3
01d,0fa
01d,146
01d,14a
01d,152
01d,168
01d,16e
01d,17a
01d,18a
01d,1c7
01d,1cb
01d,1ce
01d,1d3
01d,1da
01d,1e9
01d,202
01d,226
01d,243
01d,246
01d,24a
01d,252
01d,261
01d,264
01d,267
01d,26b
01d,26e
01d,273
01d,276
01d,283
01d,286
01d,28a
01d,292
01d,2a1
01d,2a7
01d,2ab
01d,2ae
01d,2b3
01d,2c7
01d,2cb
01d,2ce
01d,2d3
01d,2d6
01d,2da
01d,2e5
01d,2e9
01d,2ec
01d,2f1
01d,30a
01d,32e
01d,34b
01d,34e
01d,35a
01d,365
01d,369
01d,36c
01d,371
01d,38b
01d,38e
01d,39a
01d,3a9
01d,446
01d,44a
01d,452
01d,464
01d,46e
01d,476
01d,486
01d,48a
01d,492
01d,4ae
01d,4c7
01d,4cb
01d,4ce
01d,4d3
01d,4d6
01d,4da
01d,4e5
01d,4e9
01d,4ec
01d,4f1
01d,54e
01d,55a
01d,56c
01d,58e
01d,59a
01d,64b
01d,64e
01d,665
01d,68b
01d,68e
01d,6a5
01e,041
01e,060
01e,065
01e,069
01e,071
01e,081
01e,0a9
01e,0c3
01e,0c5
01e,0c9
01e,0d1
01e,0e2
01e,0e7
01e,0e8
01e,0eb
01e,0ed
01e,0f3
01e,0f9
01e,145
01e,149
01e,151
01e,168
01e,16d
01e,179
01e,189
01e,1c7
01e,1cb
01e,1cd
01e,1d3
01e,1d9
01e,1ea
01e,201
01e,225
01e,243
01e,245
01e,249
01e,251
01e,262
01e,264
01e,267
01e,26b
01e,26d
01e,273
01e,275
01e,283
01e,285
01e,289
01e,291
01e,2a2
01e,2a7
01e,2ab
01e,2ad
01e,2b3
01e,2c7
01e,2cb
01e,2cd
01e,2d3
01e,2d5
01e,2d9
01e,2e6
01e,2ea
01e,2ec
01e,2f2
01e,309
01e,32d
01e,34b
01e,34d
01e,359
01e,366
01e,36a
01e,36c
01e,372
01e,38b
01e,38d
01e,399
01e,3aa
01e,445
01e,449
01e,451
01e,464
01e,46d
01e,475
01e,485
01e,489
01e,491
01e,4ad
01e,4c7
01e,4cb
01e,4cd
01e,4d3
01e,4d5
01e,4d9
01e,4e6
01e,4ea
01e,4ec
01e,4f2
01e,54d
01e,559
01e,56c
01e,58d
01e,599
01e,64b
01e,64d
01e,666
01e,68b
01e,68d
01e,6a6
02d,042
02d,050
02d,053
02d,056
02d,05a
02d,072
02d,082
02d,093
02d,09a
02d,0c3
02d,0c6
02d,0ca
02d,0d1
02d,0d7
02d,0d8
02d,0db
02d,0de
02d,0e2
02d,0f3
02d,0fa
02d,11a
02d,146
02d,14a
02d,151
02d,158
02d,15b
02d,15e
02d,17a
02d,18a
02d,19b
02d,1c7
02d,1cb
02d,1ce
02d,1d9
02d,1ea
02d,202
02d,243
02d,246
02d,24a
02d,251
02d,254
02d,25b
02d,25e
02d,262
02d,273
02d,276
02d,283
02d,286
02d,28a
02d,291
02d,29b
02d,29e
02d,2a2
02d,2b3
02d,2c7
02d,2cb
02d,2ce
02d,2d5
02d,2d9
02d,2dc
02d,2e3
02d,2e6
02d,2ea
02d,2f1
02d,30a
02d,34b
02d,34e
02d,359
02d,35c
02d,366
02d,36a
02d,371
02d,38b
02d,38e
02d,399
02d,3aa
02d,446
02d,44a
02d,451
02d,454
02d,45b
02d,45e
02d,476
02d,486
02d,48a
02d,491
02d,49b
02d,49e
02d,4c7
02d,4cb
02d,4ce
02d,4d5
02d,4d9
02d,4dc
02d,4e6
02d,4ea
02d,4f1
02d,54e
02d,559
02d,55c
02d,58e
02d,599
02d,64b
02d,64e
02d,666
02d,68b
02d,68e
02d,6a6
02e,041
02e,050
02e,053
02e,055
02e,059
02e,071
02e,081
02e,093
02e,099
02e,0c3
02e,0c5
02e,0c9
02e,0d2
02e,0d7
02e,0d8
02e,0db
02e,0dd
02e,0e1
02e,0f3
02e,0f9
02e,119
02e,145
02e,149
02e,152
02e,158
02e,15b
02e,15d
02e,179
02e,189
02e,19b
02e,1c7
02e,1cb
02e,1cd
02e,1da
02e,1e9
02e,201
02e,243
02e,245
02e,249
02e,252
02e,254
02e,25b
02e,25d
02e,261
02e,273
02e,275
02e,283
02e,285
02e,289
02e,292
02e,29b
02e,29d
02e,2a1
02e,2b3
02e,2c7
02e,2cb
02e,2cd
02e,2d6
02e,2da
02e,2dc
02e,2e3
02e,2e5
02e,2e9
02e,2f2
02e,309
02e,34b
02e,34d
02e,35a
02e,35c
02e,365
02e,369
02e,372
02e,38b
02e,38d
02e,39a
02e,3a9
02e,445
02e,449
02e,452
02e,454
02e,45b
02e,45d
02e,475
02e,485
02e,489
02e,492
02e,49b
02e,49d
02e,4c7
02e,4cb
02e,4cd
02e,4d6
02e,4da
02e,4dc
02e,4e5
02e,4e9
02e,4f2
02e,54d
02e,55a
02e,55c
02e,58d
02e,59a
02e,64b
02e,64d
02e,665
02e,68b
02e,68d
02e,6a5
03f,041
03f,042
03f,044
03f,048
03f,050
03f,060
03f,081
03f,082
03f,088
03f,0c3
03f,0c5
03f,0c6
03f,0c9
03f,0ca
03f,0cc
03f,0d1
03f,0d2
03f,0d8
03f,0e1
03f,0e2
03f,0e8
03f,108
03f,145
03f,146
03f,149
03f,14a
03f,14c
03f,151
03f,152
03f,158
03f,168
03f,189
03f,18a
03f,1c7
03f,1cb
03f,1cd
03f,1ce
03f,1d3
03f,1d9
03f,1da
03f,1e9
03f,1ea
03f,201
03f,202
03f,204
03f,243
03f,245
03f,246
03f,249
03f,24a
03f,24c
03f,251
03f,252
03f,254
03f,261
03f,262
03f,264
03f,283
03f,285
03f,286
03f,289
03f,28a
03f,28c
03f,291
03f,292
03f,2a1
03f,2a2
03f,2c7
03f,2cb
03f,2cd
03f,2ce
03f,2d3
03f,2d5
03f,2d6
03f,2d9
03f,2da
03f,2dc
03f,2e3
03f,2e5
03f,2e6
03f,2e9
03f,2ea
03f,2ec
03f,2f1
03f,2f2
03f,309
03f,30a
03f,30c
03f,34b
03f,34d
03f,34e
03f,359
03f,35a
03f,35c
03f,365
03f,366
03f,369
03f,36a
03f,36c
03f,371
03f,372
03f,38b
03f,38d
03f,38e
03f,399
03f,39a
03f,3a9
03f,3aa
03f,404
03f,445
03f,446
03f,449
03f,44a
03f,44c
03f,451
03f,452
03f,454
03f,464
03f,485
03f,486
03f,489
03f,48a
03f,48c
03f,491
03f,492
03f,4c7
03f,4cb
03f,4cd
03f,4ce
03f,4d3
03f,4d5
03f,4d6
03f,4d9
03f,4da
03f,4dc
03f,4e5
03f,4e6
03f,4e9
03f,4ea
03f,4ec
03f,4f1
03f,4f2
03f,50c
03f,54d
03f,54e
03f,559
03f,55a
03f,55c
03f,56c
03f,58d
03f,58e
03f,599
03f,59a
03f,64b
03f,64d
03f,64e
03f,665
03f,666
03f,68b
03f,68d
03f,68e
03f,6a5
03f,6a6
041,07e
041,08e
041,09a
041,09f
041,0aa
041,0af
041,0bb
041,0de
041,0ee
041,0fa
041,10e
041,11a
041,15e
041,16e
041,17a
041,18a
041,18f
041,19b
041,1ce
041,1da
041,1ea
041,20e
041,226
041,22f
041,25e
041,26e
041,276
041,286
041,28a
041,28c
041,28f
041,292
041,29b
041,29d
041,2a2
041,2a7
041,2ab
041,2ad
041,2b3
041,2ce
041,2d6
041,2da
041,2dc
041,2e6
041,2ea
041,2ec
041,2f2
041,30a
041,30c
041,32d
041,34e
041,35a
041,35c
041,366
041,36a
041,36c
041,372
041,38b
041,38d
041,399
041,3a9
041,40e
041,45e
041,46e
041,476
041,486
041,48a
041,48c
041,48f
041,492
041,49b
041,49d
041,4ad
041,4ce
041,4d6
041,4da
041,4dc
041,4e6
041,4ea
041,4ec
041,4f2
041,50c
041,54e
041,55a
041,55c
041,56c
041,58d
041,599
041,64e
041,666
041,68b
041,68d
041,6a5
042,07d
042,08d
042,099
042,09f
042,0a9
042,0af
042,0bb
042,0dd
042,0ed
042,0f9
042,10d
042,119
042,15d
042,16d
042,179
042,189
042,18f
042,19b
042,1cd
042,1d9
042,1e9
042,20d
042,225
042,22f
042,25d
042,26d
042,275
042,285
042,289
042,28c
042,28f
042,291
042,29b
042,29e
042,2a1
042,2a7
042,2ab
042,2ae
042,2b3
042,2cd
042,2d5
042,2d9
042,2dc
042,2e5
042,2e9
042,2ec
042,2f1
042,309
042,30c
042,32e
042,34d
042,359
042,35c
042,365
042,369
042,36c
042,371
042,38b
042,38e
042,39a
042,3aa
042,40d
042,45d
042,46d
042,475
042,485
042,489
042,48c
042,48f
042,491
042,49b
042,49e
042,4ae
042,4cd
042,4d5
042,4d9
042,4dc
042,4e5
042,4e9
042,4ec
042,4f1
042,50c
042,54d
042,559
042,55c
042,56c
042,58e
042,59a
042,64d
042,665
042,68b
042,68e
042,6a6
044,07b
044,08b
044,093
044,099
044,09a
044,09f
044,0a9
044,0aa
044,0af
044,0db
044,0eb
044,0f3
044,0f9
044,0fa
044,119
044,11a
044,15b
044,179
044,17a
044,189
044,18a
044,18f
044,1cb
044,1d3
044,1d9
044,1da
044,1e9
044,1ea
044,20b
044,22f
044,25b
044,26b
044,273
044,283
044,289
044,28a
044,28f
044,291
044,292
044,29d
044,29e
044,2a1
044,2a2
044,2a7
044,2ad
044,2ae
044,2cb
044,2d3
044,2d9
044,2da
044,2e3
044,2e9
044,2ea
044,2f1
044,2f2
044,309
044,30a
044,32d
044,32e
044,34b
044,359
044,35a
044,369
044,36a
044,371
044,372
044,38d
044,38e
044,45b
044,489
044,48a
044,48f
044,491
044,492
044,49d
044,49e
044,4ad
044,4ae
044,4cb
044,4d3
044,4d9
044,4da
044,4e9
044,4ea
044,4f1
044,4f2
044,559
044,55a
044,58d
044,58e
044,64b
044,68d
044,68e
044,6a5
044,6a6
047,088
047,099
047,09a
047,0a9
047,0aa
047,0bb
047,0d8
047,0e8
047,0f9
047,0fa
047,108
047,119
047,11a
047,158
047,168
047,179
047,17a
047,189
047,18a
047,19b
047,1d9
047,1da
047,1e9
047,1ea
047,289
047,28a
047,28c
047,291
047,292
047,29b
047,29d
047,29e
047,2a1
047,2a2
047,2ab
047,2ad
047,2ae
047,2b3
047,2d9
047,2da
047,2dc
047,2e9
047,2ea
047,2ec
047,2f1
047,2f2
047,309
047,30a
047,30c
047,32d
047,32e
047,359
047,35a
047,35c
047,369
047,36a
047,36c
047,371
047,372
047,38b
047,38d
047,38e
047,489
047,48a
047,48c
047,491
047,492
047,49b
047,49d
047,49e
047,4ad
047,4ae
047,4d9
047,4da
047,4dc
047,4e9
047,4ea
047,4ec
047,4f1
047,4f2
047,50c
047,559
047,55a
047,55c
047,56c
047,58d
047,58e
047,68b
047,68d
047,68e
047,6a5
047,6a6
048,077
048,087
048,093
048,09f
048,0af
048,0bb
048,0d7
048,0e7
048,0f3
048,18f
048,19b
048,1c7
048,1d3
048,225
048,226
048,22f
048,267
048,273
048,275
048,276
048,283
048,285
048,286
048,28f
048,291
048,292
048,29b
048,29d
048,29e
048,2a1
048,2a2
048,2ab
048,2ad
048,2ae
048,2c7
048,2d3
048,2d5
048,2d6
048,2e3
048,2e5
048,2e6
048,2f1
048,2f2
048,32d
048,32e
048,365
048,366
048,371
048,372
048,38b
048,38d
048,38e
048,399
048,39a
048,3a9
048,3aa
048,475
048,476
048,485
048,486
048,48f
048,491
048,492
048,49b
048,49d
048,49e
048,4ad
048,4ae
048,4c7
048,4d3
048,4d5
048,4d6
048,4e5
048,4e6
048,4f1
048,4f2
048,58d
048,58e
048,599
048,59a
048,665
048,666
048,68b
048,68d
048,68e
04b,204
04b,225
04b,226
04b,254
04b,264
04b,275
04b,276
04b,285
04b,286
04b,28c
04b,291
04b,292
04b,29d
04b,29e
04b,2a1
04b,2a2
04b,2a7
04b,2ad
04b,2ae
04b,2b3
04b,2d5
04b,2d6
04b,2dc
04b,2e5
04b,2e6
04b,2ec
04b,2f1
04b,2f2
04b,30c
04b,32d
04b,32e
04b,35c
04b,365
04b,366
04b,36c
04b,371
04b,372
04b,38d
04b,38e
04b,399
04b,39a
04b,3a9
04b,3aa
04b,404
04b,454
04b,464
04b,475
04b,476
04b,485
04b,486
04b,48c
04b,491
04b,492
04b,49d
04b,49e
04b,4ad
04b,4ae
04b,4d5
04b,4d6
04b,4dc
04b,4e5
04b,4e6
04b,4ec
04b,4f1
04b,4f2
04b,50c
04b,55c
04b,56c
04b,58d
04b,58e
04b,599
04b,59a
04b,665
04b,666
04b,68d
04b,68e
04d,072
04d,082
04d,093
04d,09a
04d,0aa
04d,0bb
04d,0d2
04d,0e2
04d,0f3
04d,0fa
04d,11a
04d,152
04d,17a
04d,18a
04d,19b
04d,1d3
04d,1da
04d,1ea
04d,202
04d,226
04d,252
04d,262
04d,273
04d,276
04d,283
04d,286
04d,28a
04d,291
04d,29b
04d,29e
04d,2a1
04d,2a7
04d,2ab
04d,2ae
04d,2d3
04d,2d6
04d,2da
04d,2e3
04d,2e6
04d,2ea
04d,2f1
04d,30a
04d,32e
04d,35a
04d,366
04d,36a
04d,371
04d,38b
04d,38e
04d,399
04d,3a9
04d,452
04d,476
04d,486
04d,48a
04d,491
04d,49b
04d,49e
04d,4ae
04d,4d3
04d,4d6
04d,4da
04d,4e6
04d,4ea
04d,4f1
04d,55a
04d,58e
04d,599
04d,666
04d,68b
04d,68e
04d,6a5
04e,071
04e,081
04e,093
04e,099
04e,0a9
04e,0bb
04e,0d1
04e,0e1
04e,0f3
04e,0f9
04e,119
04e,151
04e,179
04e,189
04e,19b
04e,1d3
04e,1d9
04e,1e9
04e,201
04e,225
04e,251
04e,261
04e,273
04e,275
04e,283
04e,285
04e,289
04e,292
04e,29b
04e,29d
04e,2a2
04e,2a7
04e,2ab
04e,2ad
04e,2d3
04e,2d5
04e,2d9
04e,2e3
04e,2e5
04e,2e9
04e,2f2
04e,309
04e,32d
04e,359
04e,365
04e,369
04e,372
04e,38b
04e,38d
04e,39a
04e,3aa
04e,451
04e,475
04e,485
04e,489
04e,492
04e,49b
04e,49d
04e,4ad
04e,4d3
04e,4d5
04e,4d9
04e,4e5
04e,4e9
04e,4f2
04e,559
04e,58d
04e,59a
04e,665
04e,68b
04e,68d
04e,6a6
050,06f
050,087
050,08b
050,08d
050,08e
050,09f
050,0a9
050,0aa
050,0bb
050,0cf
050,0e7
050,0eb
050,0ed
050,0ee
050,10d
050,10e
050,14f
050,16d
050,16e
050,189
050,18a
050,19b
050,1c7
050,1cb
050,1cd
050,1ce
050,1e9
050,1ea
050,20b
050,20d
050,20e
050,225
050,226
050,24f
050,267
050,26b
050,26d
050,26e
050,283
050,285
050,286
050,289
050,28a
050,28c
050,29b
050,29d
050,29e
050,2a1
050,2a2
050,2b3
050,2c7
050,2cb
050,2cd
050,2ce
050,2e3
050,2e5
050,2e6
050,2e9
050,2ea
050,2ec
050,309
050,30a
050,30c
050,34b
050,34d
050,34e
050,365
050,366
050,369
050,36a
050,36c
050,399
050,39a
050,40d
050,40e
050,44f
050,46d
050,46e
050,485
050,486
050,489
050,48a
050,48c
050,49b
050,49d
050,49e
050,4c7
050,4cb
050,4cd
050,4ce
050,4e5
050,4e6
050,4e9
050,4ea
050,4ec
050,50c
050,54d
050,54e
050,56c
050,599
050,59a
050,64b
050,64d
050,64e
050,665
050,666
053,06c
053,088
053,08d
053,08e
053,0a9
053,0aa
053,0af
053,0cc
053,0e8
053,0ed
053,0ee
053,108
053,10d
053,10e
053,14c
053,168
053,16d
053,16e
053,189
053,18a
053,18f
053,1cd
053,1ce
053,1e9
053,1ea
053,204
053,20d
053,20e
053,225
053,226
053,22f
053,24c
053,264
053,26d
053,26e
053,285
053,286
053,289
053,28a
053,28f
053,29d
053,29e
053,2a1
053,2a2
053,2a7
053,2ab
053,2cd
053,2ce
053,2dc
053,2e5
053,2e6
053,2e9
053,2ea
053,309
053,30a
053,34d
053,34e
053,35c
053,365
053,366
053,369
053,36a
053,38b
053,399
053,39a
053,404
053,40d
053,40e
053,44c
053,464
053,46d
053,46e
053,485
053,486
053,489
053,48a
053,48f
053,49d
053,49e
053,4cd
053,4ce
053,4dc
053,4e5
053,4e6
053,4e9
053,4ea
053,54d
053,54e
053,55c
053,599
053,59a
053,64d
053,64e
053,665
053,666
053,68b
055,06a
055,082
055,088
055,08b
055,08e
055,09a
055,0a9
055,0af
055,0bb
055,0ca
055,0e2
055,0e8
055,0eb
055,0ee
055,0fa
055,108
055,10e
055,11a
055,14a
055,168
055,16e
055,17a
055,189
055,18f
055,19b
055,1cb
055,1ce
055,1da
055,1e9
055,202
055,20b
055,20e
055,226
055,22f
055,24a
055,262
055,26b
055,26e
055,283
055,286
055,289
055,28c
055,28f
055,292
055,29b
055,29e
055,2a1
055,2a7
055,2ad
055,2b3
055,2cb
055,2ce
055,2da
055,2e3
055,2e6
055,2e9
055,2ec
055,2f2
055,309
055,30c
055,32d
055,34b
055,34e
055,35a
055,366
055,369
055,36c
055,372
055,38d
055,399
055,40e
055,44a
055,46e
055,486
055,489
055,48c
055,48f
055,492
055,49b
055,49e
055,4ad
055,4cb
055,4ce
055,4da
055,4e6
055,4e9
055,4ec
055,4f2
055,50c
055,54e
055,55a
055,56c
055,58d
055,599
055,64b
055,64e
055,666
055,68d
055,6a5
056,069
056,081
056,088
056,08b
056,08d
056,099
056,0aa
056,0af
056,0bb
056,0c9
056,0e1
056,0e8
056,0eb
056,0ed
056,0f9
056,108
056,10d
056,119
056,149
056,168
056,16d
056,179
056,18a
056,18f
056,19b
056,1cb
056,1cd
056,1d9
056,1ea
056,201
056,20b
056,20d
056,225
056,22f
056,249
056,261
056,26b
056,26d
056,283
056,285
056,28a
056,28c
056,28f
056,291
056,29b
056,29d
056,2a2
056,2a7
056,2ae
056,2b3
056,2cb
056,2cd
056,2d9
056,2e3
056,2e5
056,2ea
056,2ec
056,2f1
056,30a
056,30c
056,32e
056,34b
056,34d
056,359
056,365
056,36a
056,36c
056,371
056,38e
056,39a
056,40d
056,449
056,46d
056,485
056,48a
056,48c
056,48f
056,491
056,49b
056,49d
056,4ae
056,4cb
056,4cd
056,4d9
056,4e5
056,4ea
056,4ec
056,4f1
056,50c
056,54d
056,559
056,56c
056,58e
056,59a
056,64b
056,64d
056,665
056,68e
056,6a6
059,066
059,082
059,087
059,08e
059,0aa
059,0af
059,0c6
059,0e2
059,0e7
059,0ee
059,10e
059,146
059,16e
059,18a
059,18f
059,1c7
059,1ce
059,1ea
059,202
059,204
059,20e
059,225
059,22f
059,246
059,262
059,264
059,267
059,26e
059,276
059,283
059,285
059,28a
059,28c
059,28f
059,292
059,29e
059,2a1
059,2ab
059,2ad
059,2b3
059,2c7
059,2ce
059,2d6
059,2e3
059,2e5
059,2ea
059,2ec
059,2f2
059,30a
059,30c
059,32d
059,34e
059,365
059,36a
059,36c
059,372
059,38b
059,38d
059,39a
059,3a9
059,404
059,40e
059,446
059,464
059,46e
059,476
059,485
059,48a
059,48c
059,48f
059,492
059,49e
059,4ad
059,4c7
059,4ce
059,4d6
059,4e5
059,4ea
059,4ec
059,4f2
059,50c
059,54e
059,56c
059,58d
059,59a
059,64e
059,665
059,68b
059,68d
05a,065
05a,081
05a,087
05a,08d
05a,0a9
05a,0af
05a,0c5
05a,0e1
05a,0e7
05a,0ed
05a,10d
05a,145
05a,16d
05a,189
05a,18f
05a,1c7
05a,1cd
05a,1e9
05a,201
05a,204
05a,20d
05a,226
05a,22f
05a,245
05a,261
05a,264
05a,267
05a,26d
05a,275
05a,283
05a,286
05a,289
05a,28c
05a,28f
05a,291
05a,29d
05a,2a2
05a,2ab
05a,2ae
05a,2b3
05a,2c7
05a,2cd
05a,2d5
05a,2e3
05a,2e6
05a,2e9
05a,2ec
05a,2f1
05a,309
05a,30c
05a,32e
05a,34d
05a,366
05a,369
05a,36c
05a,371
05a,38b
05a,38e
05a,399
05a,3aa
05a,404
05a,40d
05a,445
05a,464
05a,46d
05a,475
05a,486
05a,489
05a,48c
05a,48f
05a,491
05a,49d
05a,4ae
05a,4c7
05a,4cd
05a,4d5
05a,4e6
05a,4e9
05a,4ec
05a,4f1
05a,50c
05a,54d
05a,56c
05a,58e
05a,599
05a,64d
05a,666
05a,68b
05a,68e
05c,081
05c,082
05c,087
05c,08b
05c,093
05c,0a9
05c,0aa
05c,0af
05c,0bb
05c,0c3
05c,0e1
05c,0e2
05c,0e7
05c,0eb
05c,0f3
05c,189
05c,18a
05c,18f
05c,19b
05c,1c7
05c,1cb
05c,1d3
05c,1e9
05c,1ea
05c,201
05c,202
05c,20b
05c,225
05c,226
05c,22f
05c,243
05c,261
05c,262
05c,267
05c,26b
05c,273
05c,285
05c,286
05c,289
05c,28a
05c,28f
05c,291
05c,292
05c,29b
05c,2ad
05c,2ae
05c,2c7
05c,2cb
05c,2d3
05c,2e5
05c,2e6
05c,2e9
05c,2ea
05c,2f1
05c,2f2
05c,309
05c,30a
05c,32d
05c,32e
05c,34b
05c,365
05c,366
05c,369
05c,36a
05c,371
05c,372
05c,38d
05c,38e
05c,399
05c,39a
05c,485
05c,486
05c,489
05c,48a
05c,48f
05c,491
05c,492
05c,49b
05c,4ad
05c,4ae
05c,4c7
05c,4cb
05c,4d3
05c,4e5
05c,4e6
05c,4e9
05c,4ea
05c,4f1
05c,4f2
05c,58d
05c,58e
05c,599
05c,59a
05c,64b
05c,665
05c,666
05c,68d
05c,68e
05f,060
05f,081
05f,082
05f,088
05f,0a9
05f,0aa
05f,0e1
05f,0e2
05f,0e8
05f,108
05f,168
05f,189
05f,18a
05f,1e9
05f,1ea
05f,201
05f,202
05f,204
05f,225
05f,226
05f,261
05f,262
05f,264
05f,283
05f,285
05f,286
05f,289
05f,28a
05f,28c
05f,291
05f,292
05f,2a7
05f,2ab
05f,2ad
05f,2ae
05f,2b3
05f,2e3
05f,2e5
05f,2e6
05f,2e9
05f,2ea
05f,2ec
05f,2f1
05f,2f2
05f,309
05f,30a
05f,30c
05f,32d
05f,32e
05f,365
05f,366
05f,369
05f,36a
05f,36c
05f,371
05f,372
05f,38b
05f,38d
05f,38e
05f,399
05f,39a
05f,404
05f,464
05f,485
05f,486
05f,489
05f,48a
05f,48c
05f,491
05f,492
05f,4ad
05f,4ae
05f,4e5
05f,4e6
05f,4e9
05f,4ea
05f,4ec
05f,4f1
05f,4f2
05f,50c
05f,56c
05f,58d
05f,58e
05f,599
05f,59a
05f,665
05f,666
05f,68b
05f,68d
05f,68e
060,087
060,08b
060,08d
060,08e
060,093
060,099
060,09a
060,0af
060,0bb
060,0cf
060,0d7
060,0db
060,0dd
060,0de
060,10d
060,10e
060,119
060,11a
060,14f
060,15b
060,15d
060,15e
060,189
060,18a
060,1c7
060,1cb
060,1cd
060,1ce
060,1d3
060,1d9
060,1da
060,20b
060,20d
060,20e
060,22f
060,24f
060,25b
060,25d
060,25e
060,283
060,285
060,286
060,289
060,28a
060,28c
060,291
060,292
060,2a7
060,2ab
060,2ad
060,2ae
060,2b3
060,2c7
060,2cb
060,2cd
060,2ce
060,2d3
060,2d5
060,2d6
060,2d9
060,2da
060,2dc
060,309
060,30a
060,30c
060,32d
060,32e
060,34b
060,34d
060,34e
060,359
060,35a
060,35c
060,3a9
060,3aa
060,40d
060,40e
060,44f
060,45b
060,45d
060,45e
060,485
060,486
060,489
060,48a
060,48c
060,491
060,492
060,4ad
060,4ae
060,4c7
060,4cb
060,4cd
060,4ce
060,4d3
060,4d5
060,4d6
060,4d9
060,4da
060,4dc
060,50c
060,54d
060,54e
060,559
060,55a
060,55c
060,64b
060,64d
060,64e
060,6a5
060,6a6
065,082
065,088
065,08b
065,08e
065,093
065,099
065,09f
065,0aa
065,0bb
065,0ca
065,0d2
065,0d8
065,0db
065,0de
065,0fa
065,108
065,10e
065,119
065,14a
065,152
065,158
065,15b
065,15e
065,17a
065,189
065,18f
065,1cb
065,1ce
065,1d3
065,1d9
065,1ea
065,202
065,20b
065,20e
065,24a
065,252
065,25b
065,25e
065,283
065,286
065,289
065,28c
065,28f
065,291
065,29d
065,2a2
065,2ab
065,2ae
065,2b3
065,2cb
065,2ce
065,2d3
065,2d6
065,2d9
065,2dc
065,2ea
065,2f2
065,309
065,30c
065,32e
065,34b
065,34e
065,359
065,35c
065,36a
065,372
065,38d
065,3a9
065,40e
065,44a
065,452
065,45b
065,45e
065,486
065,489
065,48c
065,48f
065,491
065,49d
065,4ae
065,4cb
065,4ce
065,4d3
065,4d6
065,4d9
065,4dc
065,4ea
065,4f2
065,50c
065,54e
065,559
065,55c
065,58d
065,64b
065,64e
065,68d
065,6a6
066,081
066,088
066,08b
066,08d
066,093
066,09a
066,09f
066,0a9
066,0bb
066,0c9
066,0d1
066,0d8
066,0db
066,0dd
066,0f9
066,108
066,10d
066,11a
066,149
066,151
066,158
066,15b
066,15d
066,179
066,18a
066,18f
066,1cb
066,1cd
066,1d3
066,1da
066,1e9
066,201
066,20b
066,20d
066,249
066,251
066,25b
066,25d
066,283
066,285
066,28a
066,28c
066,28f
066,292
066,29e
066,2a1
066,2ab
066,2ad
066,2b3
066,2cb
066,2cd
066,2d3
066,2d5
066,2da
066,2dc
066,2e9
066,2f1
066,30a
066,30c
066,32d
066,34b
066,34d
066,35a
066,35c
066,369
066,371
066,38e
066,3aa
066,40d
066,449
066,451
066,45b
066,45d
066,485
066,48a
066,48c
066,48f
066,492
066,49e
066,4ad
066,4cb
066,4cd
066,4d3
066,4d5
066,4da
066,4dc
066,4e9
066,4f1
066,50c
066,54d
066,55a
066,55c
066,58e
066,64b
066,64d
066,68e
066,6a5
069,082
069,087
069,08e
069,093
069,09a
069,09f
069,0c6
069,0d2
069,0d7
069,0de
069,10e
069,11a
069,146
069,152
069,15e
069,18a
069,18f
069,19b
069,1c7
069,1ce
069,1d3
069,1da
069,202
069,204
069,20e
069,226
069,246
069,252
069,254
069,25e
069,276
069,283
069,285
069,28a
069,28c
069,28f
069,291
069,29b
069,29d
069,2a2
069,2a7
069,2ae
069,2b3
069,2c7
069,2ce
069,2d3
069,2d5
069,2da
069,2dc
069,2e6
069,2f2
069,30a
069,30c
069,32e
069,34e
069,35a
069,35c
069,366
069,372
069,38b
069,38d
069,399
069,3aa
069,404
069,40e
069,446
069,452
069,454
069,45e
069,476
069,485
069,48a
069,48c
069,48f
069,491
069,49b
069,49d
069,4ae
069,4c7
069,4ce
069,4d3
069,4d5
069,4da
069,4dc
069,4e6
069,4f2
069,50c
069,54e
069,55a
069,55c
069,58d
069,599
069,64e
069,666
069,68b
069,68d
069,6a5
06a,081
06a,087
06a,08d
06a,093
06a,099
06a,09f
06a,0c5
06a,0d1
06a,0d7
06a,0dd
06a,10d
06a,119
06a,145
06a,151
06a,15d
06a,189
06a,18f
06a,19b
06a,1c7
06a,1cd
06a,1d3
06a,1d9
06a,201
06a,204
06a,20d
06a,225
06a,245
06a,251
06a,254
06a,25d
06a,275
06a,283
06a,286
06a,289
06a,28c
06a,28f
06a,292
06a,29b
06a,29e
06a,2a1
06a,2a7
06a,2ad
06a,2b3
06a,2c7
06a,2cd
06a,2d3
06a,2d6
06a,2d9
06a,2dc
06a,2e5
06a,2f1
06a,309
06a,30c
06a,32d
06a,34d
06a,359
06a,35c
06a,365
06a,371
06a,38b
06a,38e
06a,39a
06a,3a9
06a,404
06a,40d
06a,445
06a,451
06a,454
06a,45d
06a,475
06a,486
06a,489
06a,48c
06a,48f
06a,492
06a,49b
06a,49e
06a,4ad
06a,4c7
06a,4cd
06a,4d3
06a,4d6
06a,4d9
06a,4dc
06a,4e5
06a,4f1
06a,50c
06a,54d
06a,559
06a,55c
06a,58e
06a,59a
06a,64d
06a,665
06a,68b
06a,68e
06a,6a6
06c,081
06c,082
06c,087
06c,08b
06c,099
06c,09a
06c,09f
06c,0bb
06c,0c3
06c,0d1
06c,0d2
06c,0d7
06c,0db
06c,0f3
06c,119
06c,11a
06c,151
06c,152
06c,15b
06c,189
06c,18a
06c,18f
06c,1c7
06c,1cb
06c,1d9
06c,1da
06c,201
06c,202
06c,20b
06c,243
06c,251
06c,252
06c,25b
06c,273
06c,285
06c,286
06c,289
06c,28a
06c,28f
06c,29d
06c,29e
06c,2a1
06c,2a2
06c,2a7
06c,2ab
06c,2c7
06c,2cb
06c,2d5
06c,2d6
06c,2d9
06c,2da
06c,2e3
06c,2f1
06c,2f2
06c,309
06c,30a
06c,34b
06c,359
06c,35a
06c,371
06c,372
06c,38d
06c,38e
06c,3a9
06c,3aa
06c,451
06c,452
06c,45b
06c,485
06c,486
06c,489
06c,48a
06c,48f
06c,49d
06c,49e
06c,4c7
06c,4cb
06c,4d5
06c,4d6
06c,4d9
06c,4da
06c,4f1
06c,4f2
06c,559
06c,55a
06c,58d
06c,58e
06c,64b
06c,68d
06c,68e
06c,6a5
06c,6a6
06f,081
06f,082
06f,088
06f,093
06f,099
06f,09a
06f,0d1
06f,0d2
06f,0d8
06f,108
06f,119
06f,11a
06f,151
06f,152
06f,158
06f,189
06f,18a
06f,19b
06f,1d3
06f,1d9
06f,1da
06f,201
06f,202
06f,204
06f,251
06f,252
06f,254
06f,283
06f,285
06f,286
06f,289
06f,28a
06f,28c
06f,29b
06f,29d
06f,29e
06f,2a1
06f,2a2
06f,2b3
06f,2d3
06f,2d5
06f,2d6
06f,2d9
06f,2da
06f,2dc
06f,2f1
06f,2f2
06f,309
06f,30a
06f,30c
06f,359
06f,35a
06f,35c
06f,371
06f,372
06f,38b
06f,38d
06f,38e
06f,3a9
06f,3aa
06f,404
06f,451
06f,452
06f,454
06f,485
06f,486
06f,489
06f,48a
06f,48c
06f,49b
06f,49d
06f,49e
06f,4d3
06f,4d5
06f,4d6
06f,4d9
06f,4da
06f,4dc
06f,4f1
06f,4f2
06f,50c
06f,559
06f,55a
06f,55c
06f,58d
06f,58e
06f,68b
06f,68d
06f,68e
06f,6a5
06f,6a6
071,082
071,087
071,088
071,08b
071,08d
071,09a
071,09f
071,0aa
071,0af
071,0c6
071,0ca
071,0cc
071,0cf
071,0de
071,0ee
071,108
071,10d
071,11a
071,146
071,14a
071,14c
071,14f
071,15e
071,16e
071,189
071,19b
071,1c7
071,1cb
071,1cd
071,1da
071,1ea
071,202
071,204
071,20b
071,20d
071,226
071,22f
071,246
071,24a
071,24c
071,24f
071,25e
071,26e
071,283
071,285
071,289
071,292
071,29b
071,29d
071,2a2
071,2a7
071,2ab
071,2ad
071,2c7
071,2cb
071,2cd
071,2d6
071,2da
071,2dc
071,2e6
071,2ea
071,2ec
071,309
071,32d
071,34b
071,34d
071,35a
071,35c
071,366
071,36a
071,36c
071,399
071,3a9
071,404
071,40d
071,446
071,44a
071,44c
071,44f
071,45e
071,46e
071,485
071,489
071,492
071,49b
071,49d
071,4ad
071,4c7
071,4cb
071,4cd
071,4d6
071,4da
071,4dc
071,4e6
071,4ea
071,4ec
071,54d
071,55a
071,55c
071,56c
071,599
071,64b
071,64d
071,666
071,6a5
072,081
072,087
072,088
072,08b
072,08e
072,099
072,09f
072,0a9
072,0af
072,0c5
072,0c9
072,0cc
072,0cf
072,0dd
072,0ed
072,108
072,10e
072,119
072,145
072,149
072,14c
072,14f
072,15d
072,16d
072,18a
072,19b
072,1c7
072,1cb
072,1ce
072,1d9
072,1e9
072,201
072,204
072,20b
072,20e
072,225
072,22f
072,245
072,249
072,24c
072,24f
072,25d
072,26d
072,283
072,286
072,28a
072,291
072,29b
072,29e
072,2a1
072,2a7
072,2ab
072,2ae
072,2c7
072,2cb
072,2ce
072,2d5
072,2d9
072,2dc
072,2e5
072,2e9
072,2ec
072,30a
072,32e
072,34b
072,34e
072,359
072,35c
072,365
072,369
072,36c
072,39a
072,3aa
072,404
072,40e
072,445
072,449
072,44c
072,44f
072,45d
072,46d
072,486
072,48a
072,491
072,49b
072,49e
072,4ae
072,4c7
072,4cb
072,4ce
072,4d5
072,4d9
072,4dc
072,4e5
072,4e9
072,4ec
072,54e
072,559
072,55c
072,56c
072,59a
072,64b
072,64e
072,665
072,6a6
077,081
077,082
077,08b
077,08d
077,08e
077,099
077,09a
077,0a9
077,0aa
077,0c9
077,0ca
077,0cc
077,0d8
077,0e8
077,10d
077,10e
077,119
077,11a
077,149
077,14a
077,14c
077,158
077,168
077,18f
077,19b
077,1cb
077,1cd
077,1ce
077,1d9
077,1da
077,1e9
077,1ea
077,201
077,202
077,204
077,20b
077,20d
077,20e
077,249
077,24a
077,24c
077,283
077,285
077,286
077,28f
077,291
077,292
077,29b
077,29d
077,29e
077,2a1
077,2a2
077,2ab
077,2ad
077,2ae
077,2cb
077,2cd
077,2ce
077,2d9
077,2da
077,2dc
077,2e9
077,2ea
077,2ec
077,32d
077,32e
077,34b
077,34d
077,34e
077,359
077,35a
077,35c
077,369
077,36a
077,36c
077,404
077,40d
077,40e
077,449
077,44a
077,44c
077,485
077,486
077,48f
077,491
077,492
077,49b
077,49d
077,49e
077,4ad
077,4ae
077,4cb
077,4cd
077,4ce
077,4d9
077,4da
077,4dc
077,4e9
077,4ea
077,4ec
077,54d
077,54e
077,559
077,55a
077,55c
077,56c
077,64b
077,64d
077,64e
077,6a5
077,6a6
07b,081
07b,082
07b,087
07b,088
07b,08d
07b,08e
07b,0c5
07b,0c6
07b,0cc
07b,108
07b,10d
07b,10e
07b,145
07b,146
07b,14c
07b,189
07b,18a
07b,18f
07b,1c7
07b,1cd
07b,1ce
07b,201
07b,202
07b,20d
07b,20e
07b,225
07b,226
07b,245
07b,246
07b,24c
07b,254
07b,264
07b,283
07b,289
07b,28a
07b,28f
07b,291
07b,292
07b,29d
07b,29e
07b,2a1
07b,2a2
07b,2a7
07b,2ad
07b,2ae
07b,2c7
07b,2cd
07b,2ce
07b,2d5
07b,2d6
07b,2dc
07b,2e5
07b,2e6
07b,2ec
07b,309
07b,30a
07b,32d
07b,32e
07b,34d
07b,34e
07b,35c
07b,365
07b,366
07b,36c
07b,38b
07b,399
07b,39a
07b,3a9
07b,3aa
07b,40d
07b,40e
07b,445
07b,446
07b,44c
07b,454
07b,464
07b,489
07b,48a
07b,48f
07b,491
07b,492
07b,49d
07b,49e
07b,4ad
07b,4ae
07b,4c7
07b,4cd
07b,4ce
07b,4d5
07b,4d6
07b,4dc
07b,4e5
07b,4e6
07b,4ec
07b,54d
07b,54e
07b,55c
07b,56c
07b,599
07b,59a
07b,64d
07b,64e
07b,665
07b,666
07b,68b
07d,081
07d,087
07d,088
07d,08b
07d,08e
07d,093
07d,09a
07d,0aa
07d,0c3
07d,0c6
07d,0ca
07d,0d2
07d,0e2
07d,108
07d,10e
07d,11a
07d,146
07d,14a
07d,152
07d,189
07d,18f
07d,19b
07d,1c7
07d,1cb
07d,1ce
07d,1d3
07d,1da
07d,1ea
07d,201
07d,204
07d,20b
07d,20e
07d,226
07d,243
07d,246
07d,24a
07d,252
07d,262
07d,285
07d,289
07d,28c
07d,28f
07d,291
07d,29b
07d,29e
07d,2a1
07d,2a7
07d,2ab
07d,2ae
07d,2b3
07d,2c7
07d,2cb
07d,2ce
07d,2d3
07d,2d6
07d,2da
07d,2e3
07d,2e6
07d,2ea
07d,2f2
07d,309
07d,30c
07d,32e
07d,34b
07d,34e
07d,35a
07d,366
07d,36a
07d,372
07d,38d
07d,399
07d,3a9
07d,404
07d,40e
07d,446
07d,44a
07d,452
07d,485
07d,489
07d,48c
07d,48f
07d,491
07d,49b
07d,49e
07d,4ae
07d,4c7
07d,4cb
07d,4ce
07d,4d3
07d,4d6
07d,4da
07d,4e6
07d,4ea
07d,4f2
07d,50c
07d,54e
07d,55a
07d,58d
07d,599
07d,64b
07d,64e
07d,666
07d,68d
07d,6a5
07e,082
07e,087
07e,088
07e,08b
07e,08d
07e,093
07e,099
07e,0a9
07e,0c3
07e,0c5
07e,0c9
07e,0d1
07e,0e1
07e,108
07e,10d
07e,119
07e,145
07e,149
07e,151
07e,18a
07e,18f
07e,19b
07e,1c7
07e,1cb
07e,1cd
07e,1d3
07e,1d9
07e,1e9
07e,202
07e,204
07e,20b
07e,20d
07e,225
07e,243
07e,245
07e,249
07e,251
07e,261
07e,286
07e,28a
07e,28c
07e,28f
07e,292
07e,29b
07e,29d
07e,2a2
07e,2a7
07e,2ab
07e,2ad
07e,2b3
07e,2c7
07e,2cb
07e,2cd
07e,2d3
07e,2d5
07e,2d9
07e,2e3
07e,2e5
07e,2e9
07e,2f1
07e,30a
07e,30c
07e,32d
07e,34b
07e,34d
07e,359
07e,365
07e,369
07e,371
07e,38e
07e,39a
07e,3aa
07e,404
07e,40d
07e,445
07e,449
07e,451
07e,486
07e,48a
07e,48c
07e,48f
07e,492
07e,49b
07e,49d
07e,4ad
07e,4c7
07e,4cb
07e,4cd
07e,4d3
07e,4d5
07e,4d9
07e,4e5
07e,4e9
07e,4f1
07e,50c
07e,54d
07e,559
07e,58e
07e,59a
07e,64b
07e,64d
07e,665
07e,68e
07e,6a6
081,0de
081,0ee
081,0fa
081,10e
081,11a
081,146
081,14a
081,14c
081,14f
081,152
081,158
081,15b
081,15d
081,168
081,16d
081,179
081,1ce
081,1da
081,1ea
081,20e
081,226
081,22f
081,246
081,24a
081,24c
081,24f
081,252
081,254
081,25b
081,25d
081,262
081,264
081,267
081,26b
081,26d
081,273
081,275
081,29e
081,2ae
081,2ce
081,2d6
081,2da
081,2dc
081,2e6
081,2ea
081,2ec
081,2f2
081,30a
081,30c
081,32d
081,34b
081,34d
081,359
081,365
081,369
081,371
081,38e
081,39a
081,3aa
081,40e
081,446
081,44a
081,44c
081,44f
081,452
081,454
081,45b
081,45d
081,464
081,46d
081,475
081,49e
081,4ae
081,4ce
081,4d6
081,4da
081,4dc
081,4e6
081,4ea
081,4ec
081,4f2
081,50c
081,54d
081,559
081,58e
081,59a
081,64b
081,64d
081,665
081,68e
081,6a6
082,0dd
082,0ed
082,0f9
082,10d
082,119
082,145
082,149
082,14c
082,14f
082,151
082,158
082,15b
082,15e
082,168
082,16e
082,17a
082,1cd
082,1d9
082,1e9
082,20d
082,225
082,22f
082,245
082,249
082,24c
082,24f
082,251
082,254
082,25b
082,25e
082,261
082,264
082,267
082,26b
082,26e
082,273
082,276
082,29d
082,2ad
082,2cd
082,2d5
082,2d9
082,2dc
082,2e5
082,2e9
082,2ec
082,2f1
082,309
082,30c
082,32e
082,34b
082,34e
082,35a
082,366
082,36a
082,372
082,38d
082,399
082,3a9
082,40d
082,445
082,449
082,44c
082,44f
082,451
082,454
082,45b
082,45e
082,464
082,46e
082,476
082,49d
082,4ad
082,4cd
082,4d5
082,4d9
082,4dc
082,4e5
082,4e9
082,4ec
082,4f1
082,50c
082,54e
082,55a
082,58d
082,599
082,64b
082,64e
082,666
082,68d
082,6a5
087,0d8
087,0e8
087,0f9
087,0fa
087,108
087,119
087,11a
087,149
087,14a
087,14c
087,151
087,152
087,15b
087,15d
087,15e
087,16d
087,16e
087,1d9
087,1da
087,1e9
087,1ea
087,249
087,24a
087,24c
087,251
087,252
087,254
087,25b
087,25d
087,25e
087,261
087,262
087,264
087,26b
087,26d
087,26e
087,273
087,275
087,276
087,2d9
087,2da
087,2dc
087,2e9
087,2ea
087,2ec
087,2f1
087,2f2
087,309
087,30a
087,30c
087,32d
087,32e
087,34b
087,34d
087,34e
087,365
087,366
087,399
087,39a
087,3a9
087,3aa
087,449
087,44a
087,44c
087,451
087,452
087,454
087,45b
087,45d
087,45e
087,464
087,46d
087,46e
087,475
087,476
087,4d9
087,4da
087,4dc
087,4e9
087,4ea
087,4ec
087,4f1
087,4f2
087,50c
087,54d
087,54e
087,599
087,59a
087,64b
087,64d
087,64e
087,665
087,666
088,0d7
088,0e7
088,0f3
088,145
088,146
088,14f
088,151
088,152
088,15b
088,15d
088,15e
088,16d
088,16e
088,179
088,17a
088,1c7
088,1d3
088,225
088,226
088,22f
088,243
088,245
088,246
088,24f
088,251
088,252
088,254
088,25b
088,25d
088,25e
088,261
088,262
088,264
088,26b
088,26d
088,26e
088,2a7
088,2b3
088,2c7
088,2d3
088,2d5
088,2d6
088,2e3
088,2e5
088,2e6
088,2f1
088,2f2
088,32d
088,32e
088,34b
088,34d
088,34e
088,359
088,35a
088,35c
088,369
088,36a
088,36c
088,445
088,446
088,44f
088,451
088,452
088,454
088,45b
088,45d
088,45e
088,464
088,46d
088,46e
088,4c7
088,4d3
088,4d5
088,4d6
088,4e5
088,4e6
088,4f1
088,4f2
088,54d
088,54e
088,559
088,55a
088,55c
088,56c
088,64b
088,64d
088,64e
088,6a5
088,6a6
08b,145
08b,146
08b,14c
08b,151
08b,152
08b,158
08b,15d
08b,15e
08b,168
08b,16d
08b,16e
08b,179
08b,17a
08b,204
08b,225
08b,226
08b,245
08b,246
08b,24c
08b,251
08b,252
08b,25d
08b,25e
08b,261
08b,262
08b,267
08b,26d
08b,26e
08b,273
08b,2d5
08b,2d6
08b,2dc
08b,2e5
08b,2e6
08b,2ec
08b,2f1
08b,2f2
08b,30c
08b,32d
08b,32e
08b,34d
08b,34e
08b,359
08b,35a
08b,369
08b,36a
08b,404
08b,445
08b,446
08b,44c
08b,451
08b,452
08b,45d
08b,45e
08b,46d
08b,46e
08b,4d5
08b,4d6
08b,4dc
08b,4e5
08b,4e6
08b,4ec
08b,4f1
08b,4f2
08b,50c
08b,54d
08b,54e
08b,559
08b,55a
08b,64d
08b,64e
08b,6a5
08b,6a6
08d,0d2
08d,0e2
08d,0f3
08d,0fa
08d,11a
08d,146
08d,14a
08d,151
08d,158
08d,15b
08d,15e
08d,168
08d,16e
08d,179
08d,1d3
08d,1da
08d,1ea
08d,202
08d,226
08d,243
08d,246
08d,24a
08d,251
08d,254
08d,25b
08d,25e
08d,261
08d,264
08d,267
08d,26b
08d,26e
08d,275
08d,292
08d,2a2
08d,2b3
08d,2d3
08d,2d6
08d,2da
08d,2e3
08d,2e6
08d,2ea
08d,2f1
08d,30a
08d,32e
08d,34b
08d,34e
08d,359
08d,35c
08d,365
08d,369
08d,36c
08d,39a
08d,3aa
08d,446
08d,44a
08d,451
08d,454
08d,45b
08d,45e
08d,464
08d,46e
08d,475
08d,492
08d,4d3
08d,4d6
08d,4da
08d,4e6
08d,4ea
08d,4f1
08d,54e
08d,559
08d,55c
08d,56c
08d,59a
08d,64b
08d,64e
08d,665
08d,6a6
08e,0d1
08e,0e1
08e,0f3
08e,0f9
08e,119
08e,145
08e,149
08e,152
08e,158
08e,15b
08e,15d
08e,168
08e,16d
08e,17a
08e,1d3
08e,1d9
08e,1e9
08e,201
08e,225
08e,243
08e,245
08e,249
08e,252
08e,254
08e,25b
08e,25d
08e,262
08e,264
08e,267
08e,26b
08e,26d
08e,276
08e,291
08e,2a1
08e,2b3
08e,2d3
08e,2d5
08e,2d9
08e,2e3
08e,2e5
08e,2e9
08e,2f2
08e,309
08e,32d
08e,34b
08e,34d
08e,35a
08e,35c
08e,366
08e,36a
08e,36c
08e,399
08e,3a9
08e,445
08e,449
08e,452
08e,454
08e,45b
08e,45d
08e,464
08e,46d
08e,476
08e,491
08e,4d3
08e,4d5
08e,4d9
08e,4e5
08e,4e9
08e,4f2
08e,54d
08e,55a
08e,55c
08e,56c
08e,599
08e,64b
08e,64d
08e,666
08e,6a5
093,0cc
093,0e8
093,0ed
093,0ee
093,108
093,10d
093,10e
093,145
093,146
093,149
093,14a
093,14f
093,158
093,15d
093,15e
093,179
093,17a
093,1cd
093,1ce
093,1e9
093,1ea
093,204
093,20d
093,20e
093,225
093,226
093,22f
093,245
093,246
093,249
093,24a
093,24f
093,254
093,25d
093,25e
093,261
093,262
093,267
093,26b
093,275
093,276
093,28c
093,2ad
093,2ae
093,2cd
093,2ce
093,2dc
093,2e5
093,2e6
093,2e9
093,2ea
093,309
093,30a
093,34b
093,359
093,35a
093,371
093,372
093,38d
093,38e
093,3a9
093,3aa
093,404
093,40d
093,40e
093,445
093,446
093,449
093,44a
093,44f
093,454
093,45d
093,45e
093,475
093,476
093,48c
093,4ad
093,4ae
093,4cd
093,4ce
093,4dc
093,4e5
093,4e6
093,4e9
093,4ea
093,559
093,55a
093,58d
093,58e
093,64b
093,68d
093,68e
093,6a5
093,6a6
099,0c6
099,0e2
099,0e7
099,0ee
099,10e
099,145
099,14a
099,14c
099,14f
099,152
099,15e
099,168
099,16d
099,17a
099,1c7
099,1ce
099,1ea
099,202
099,204
099,20e
099,225
099,22f
099,243
099,245
099,24a
099,24c
099,24f
099,252
099,254
099,25e
099,261
099,26b
099,26d
099,273
099,275
099,286
099,2a2
099,2a7
099,2ae
099,2c7
099,2ce
099,2d6
099,2e3
099,2e5
099,2ea
099,2ec
099,2f2
099,30a
099,30c
099,32d
099,34b
099,34d
099,35a
099,35c
099,369
099,371
099,38e
099,3aa
099,404
099,40e
099,445
099,44a
099,44c
099,44f
099,452
099,454
099,45e
099,46d
099,475
099,486
099,4ae
099,4c7
099,4ce
099,4d6
099,4e5
099,4ea
099,4ec
099,4f2
099,50c
099,54d
099,55a
099,55c
099,58e
099,64b
099,64d
099,68e
099,6a5
09a,0c5
09a,0e1
09a,0e7
09a,0ed
09a,10d
09a,146
09a,149
09a,14c
09a,14f
09a,151
09a,15d
09a,168
09a,16e
09a,179
09a,1c7
09a,1cd
09a,1e9
09a,201
09a,204
09a,20d
09a,226
09a,22f
09a,243
09a,246
09a,249
09a,24c
09a,24f
09a,251
09a,254
09a,25d
09a,262
09a,26b
09a,26e
09a,273
09a,276
09a,285
09a,2a1
09a,2a7
09a,2ad
09a,2c7
09a,2cd
09a,2d5
09a,2e3
09a,2e6
09a,2e9
09a,2ec
09a,2f1
09a,309
09a,30c
09a,32e
09a,34b
09a,34e
09a,359
09a,35c
09a,36a
09a,372
09a,38d
09a,3a9
09a,404
09a,40d
09a,446
09a,449
09a,44c
09a,44f
09a,451
09a,454
09a,45d
09a,46e
09a,476
09a,485
09a,4ad
09a,4c7
09a,4cd
09a,4d5
09a,4e6
09a,4e9
09a,4ec
09a,4f1
09a,50c
09a,54e
09a,559
09a,55c
09a,58d
09a,64b
09a,64e
09a,68d
09a,6a6
09f,0e1
09f,0e2
09f,0e8
09f,108
09f,145
09f,146
09f,149
09f,14a
09f,14c
09f,151
09f,152
09f,158
09f,16d
09f,16e
09f,179
09f,17a
09f,1e9
09f,1ea
09f,201
09f,202
09f,204
09f,225
09f,226
09f,243
09f,245
09f,246
09f,249
09f,24a
09f,24c
09f,251
09f,252
09f,254
09f,267
09f,26b
09f,26d
09f,26e
09f,273
09f,275
09f,276
09f,2a1
09f,2a2
09f,2e3
09f,2e5
09f,2e6
09f,2e9
09f,2ea
09f,2ec
09f,2f1
09f,2f2
09f,309
09f,30a
09f,30c
09f,32d
09f,32e
09f,34b
09f,34d
09f,34e
09f,359
09f,35a
09f,35c
09f,3a9
09f,3aa
09f,404
09f,445
09f,446
09f,449
09f,44a
09f,44c
09f,451
09f,452
09f,454
09f,46d
09f,46e
09f,475
09f,476
09f,4e5
09f,4e6
09f,4e9
09f,4ea
09f,4ec
09f,4f1
09f,4f2
09f,50c
09f,54d
09f,54e
09f,559
09f,55a
09f,55c
09f,64b
09f,64d
09f,64e
09f,6a5
09f,6a6
0a9,0c6
0a9,0d2
0a9,0d7
0a9,0de
0a9,10e
0a9,11a
0a9,145
0a9,14a
0a9,14c
0a9,14f
0a9,151
0a9,158
0a9,15b
0a9,15d
0a9,16e
0a9,17a
0a9,1c7
0a9,1ce
0a9,1d3
0a9,1da
0a9,202
0a9,204
0a9,20e
0a9,226
0a9,243
0a9,245
0a9,24a
0a9,24c
0a9,24f
0a9,251
0a9,25b
0a9,25d
0a9,262
0a9,264
0a9,267
0a9,26e
0a9,273
0a9,275
0a9,286
0a9,292
0a9,29e
0a9,2c7
0a9,2ce
0a9,2d3
0a9,2d5
0a9,2da
0a9,2dc
0a9,2e6
0a9,2f2
0a9,30a
0a9,30c
0a9,32e
0a9,34b
0a9,34d
0a9,359
0a9,365
0a9,36a
0a9,36c
0a9,371
0a9,38e
0a9,39a
0a9,404
0a9,40e
0a9,445
0a9,44a
0a9,44c
0a9,44f
0a9,451
0a9,45b
0a9,45d
0a9,464
0a9,46e
0a9,475
0a9,486
0a9,492
0a9,49e
0a9,4c7
0a9,4ce
0a9,4d3
0a9,4d5
0a9,4da
0a9,4dc
0a9,4e6
0a9,4f2
0a9,50c
0a9,54d
0a9,559
0a9,56c
0a9,58e
0a9,59a
0a9,64b
0a9,64d
0a9,665
0a9,68e
0a9,6a6
0aa,0c5
0aa,0d1
0aa,0d7
0aa,0dd
0aa,10d
0aa,119
0aa,146
0aa,149
0aa,14c
0aa,14f
0aa,152
0aa,158
0aa,15b
0aa,15e
0aa,16d
0aa,179
0aa,1c7
0aa,1cd
0aa,1d3
0aa,1d9
0aa,201
0aa,204
0aa,20d
0aa,225
0aa,243
0aa,246
0aa,249
0aa,24c
0aa,24f
0aa,252
0aa,25b
0aa,25e
0aa,261
0aa,264
0aa,267
0aa,26d
0aa,273
0aa,276
0aa,285
0aa,291
0aa,29d
0aa,2c7
0aa,2cd
0aa,2d3
0aa,2d6
0aa,2d9
0aa,2dc
0aa,2e5
0aa,2f1
0aa,309
0aa,30c
0aa,32d
0aa,34b
0aa,34e
0aa,35a
0aa,366
0aa,369
0aa,36c
0aa,372
0aa,38d
0aa,399
0aa,404
0aa,40d
0aa,446
0aa,449
0aa,44c
0aa,44f
0aa,452
0aa,45b
0aa,45e
0aa,464
0aa,46d
0aa,476
0aa,485
0aa,491
0aa,49d
0aa,4c7
0aa,4cd
0aa,4d3
0aa,4d6
0aa,4d9
0aa,4dc
0aa,4e5
0aa,4f1
0aa,50c
0aa,54e
0aa,55a
0aa,56c
0aa,58d
0aa,599
0aa,64b
0aa,64e
0aa,666
0aa,68d
0aa,6a5
0af,0d1
0af,0d2
0af,0d8
0af,108
0af,119
0af,11a
0af,145
0af,146
0af,149
0af,14a
0af,14c
0af,15b
0af,15d
0af,15e
0af,168
0af,179
0af,17a
0af,1d3
0af,1d9
0af,1da
0af,201
0af,202
0af,204
0af,243
0af,245
0af,246
0af,249
0af,24a
0af,24c
0af,25b
0af,25d
0af,25e
0af,261
0af,262
0af,264
0af,273
0af,275
0af,276
0af,291
0af,292
0af,2d3
0af,2d5
0af,2d6
0af,2d9
0af,2da
0af,2dc
0af,2f1
0af,2f2
0af,309
0af,30a
0af,30c
0af,34b
0af,34d
0af,34e
0af,365
0af,366
0af,369
0af,36a
0af,36c
0af,399
0af,39a
0af,404
0af,445
0af,446
0af,449
0af,44a
0af,44c
0af,45b
0af,45d
0af,45e
0af,464
0af,475
0af,476
0af,491
0af,492
0af,4d3
0af,4d5
0af,4d6
0af,4d9
0af,4da
0af,4dc
0af,4f1
0af,4f2
0af,50c
0af,54d
0af,54e
0af,56c
0af,599
0af,59a
0af,64b
0af,64d
0af,64e
0af,665
0af,666
0bb,0c5
0bb,0c6
0bb,0cc
0bb,108
0bb,10d
0bb,10e
0bb,149
0bb,14a
0bb,14f
0bb,151
0bb,152
0bb,158
0bb,15d
0bb,15e
0bb,168
0bb,16d
0bb,16e
0bb,1c7
0bb,1cd
0bb,1ce
0bb,201
0bb,202
0bb,20d
0bb,20e
0bb,225
0bb,226
0bb,243
0bb,249
0bb,24a
0bb,24f
0bb,251
0bb,252
0bb,25d
0bb,25e
0bb,261
0bb,262
0bb,267
0bb,26d
0bb,26e
0bb,275
0bb,276
0bb,285
0bb,286
0bb,28c
0bb,2c7
0bb,2cd
0bb,2ce
0bb,2d5
0bb,2d6
0bb,2dc
0bb,2e5
0bb,2e6
0bb,2ec
0bb,309
0bb,30a
0bb,32d
0bb,32e
0bb,34b
0bb,359
0bb,35a
0bb,369
0bb,36a
0bb,371
0bb,372
0bb,38d
0bb,38e
0bb,40d
0bb,40e
0bb,449
0bb,44a
0bb,44f
0bb,451
0bb,452
0bb,45d
0bb,45e
0bb,46d
0bb,46e
0bb,475
0bb,476
0bb,485
0bb,486
0bb,48c
0bb,4c7
0bb,4cd
0bb,4ce
0bb,4d5
0bb,4d6
0bb,4dc
0bb,4e5
0bb,4e6
0bb,4ec
0bb,559
0bb,55a
0bb,58d
0bb,58e
0bb,64b
0bb,68d
0bb,68e
0bb,6a5
0bb,6a6
0c3,108
0c3,10d
0c3,10e
0c3,119
0c3,11a
0c3,14c
0c3,158
0c3,15d
0c3,15e
0c3,168
0c3,16d
0c3,16e
0c3,179
0c3,17a
0c3,204
0c3,20d
0c3,20e
0c3,225
0c3,226
0c3,22f
0c3,24c
0c3,254
0c3,25d
0c3,25e
0c3,264
0c3,26d
0c3,26e
0c3,275
0c3,276
0c3,28c
0c3,29d
0c3,29e
0c3,2ad
0c3,2ae
0c3,2dc
0c3,2ec
0c3,309
0c3,30a
0c3,34d
0c3,34e
0c3,359
0c3,35a
0c3,365
0c3,366
0c3,369
0c3,36a
0c3,371
0c3,372
0c3,38d
0c3,38e
0c3,399
0c3,39a
0c3,3a9
0c3,3aa
0c3,404
0c3,40d
0c3,40e
0c3,44c
0c3,454
0c3,45d
0c3,45e
0c3,464
0c3,46d
0c3,46e
0c3,475
0c3,476
0c3,48c
0c3,49d
0c3,49e
0c3,4ad
0c3,4ae
0c3,4dc
0c3,4ec
0c3,54d
0c3,54e
0c3,559
0c3,55a
0c3,58d
0c3,58e
0c3,599
0c3,59a
0c3,64d
0c3,64e
0c3,665
0c3,666
0c3,68d
0c3,68e
0c3,6a5
0c3,6a6
0c5,0fa
0c5,108
0c5,10e
0c5,119
0c5,14a
0c5,152
0c5,158
0c5,15b
0c5,15e
0c5,168
0c5,16e
0c5,179
0c5,18a
0c5,19b
0c5,1da
0c5,1ea
0c5,202
0c5,20b
0c5,20e
0c5,226
0c5,22f
0c5,24a
0c5,252
0c5,25b
0c5,25e
0c5,262
0c5,26b
0c5,26e
0c5,273
0c5,276
0c5,28a
0c5,292
0c5,29b
0c5,29e
0c5,2a2
0c5,2ab
0c5,2ae
0c5,2b3
0c5,2da
0c5,2ea
0c5,2f2
0c5,309
0c5,30c
0c5,32d
0c5,34b
0c5,34e
0c5,359
0c5,35c
0c5,366
0c5,369
0c5,36c
0c5,371
0c5,38b
0c5,38e
0c5,399
0c5,3a9
0c5,40e
0c5,44a
0c5,452
0c5,45b
0c5,45e
0c5,46e
0c5,476
0c5,48a
0c5,492
0c5,49b
0c5,49e
0c5,4ae
0c5,4da
0c5,4ea
0c5,4f2
0c5,50c
0c5,54e
0c5,559
0c5,55c
0c5,56c
0c5,58e
0c5,599
0c5,64b
0c5,64e
0c5,666
0c5,68b
0c5,68e
0c5,6a6
0c6,0f9
0c6,108
0c6,10d
0c6,11a
0c6,149
0c6,151
0c6,158
0c6,15b
0c6,15d
0c6,168
0c6,16d
0c6,17a
0c6,189
0c6,19b
0c6,1d9
0c6,1e9
0c6,201
0c6,20b
0c6,20d
0c6,225
0c6,22f
0c6,249
0c6,251
0c6,25b
0c6,25d
0c6,261
0c6,26b
0c6,26d
0c6,273
0c6,275
0c6,289
0c6,291
0c6,29b
0c6,29d
0c6,2a1
0c6,2ab
0c6,2ad
0c6,2b3
0c6,2d9
0c6,2e9
0c6,2f1
0c6,30a
0c6,30c
0c6,32e
0c6,34b
0c6,34d
0c6,35a
0c6,35c
0c6,365
0c6,36a
0c6,36c
0c6,372
0c6,38b
0c6,38d
0c6,39a
0c6,3aa
0c6,40d
0c6,449
0c6,451
0c6,45b
0c6,45d
0c6,46d
0c6,475
0c6,489
0c6,491
0c6,49b
0c6,49d
0c6,4ad
0c6,4d9
0c6,4e9
0c6,4f1
0c6,50c
0c6,54d
0c6,55a
0c6,55c
0c6,56c
0c6,58d
0c6,59a
0c6,64b
0c6,64d
0c6,665
0c6,68b
0c6,68d
0c6,6a5
0c9,10e
0c9,11a
0c9,146
0c9,152
0c9,15e
0c9,16e
0c9,17a
0c9,202
0c9,204
0c9,20e
0c9,225
0c9,22f
0c9,246
0c9,252
0c9,254
0c9,25e
0c9,262
0c9,264
0c9,267
0c9,26e
0c9,273
0c9,275
0c9,286
0c9,292
0c9,29e
0c9,2a2
0c9,2a7
0c9,2ae
0c9,2b3
0c9,2d6
0c9,2e6
0c9,2f2
0c9,30a
0c9,30c
0c9,32d
0c9,34e
0c9,35a
0c9,35c
0c9,365
0c9,36a
0c9,36c
0c9,371
0c9,38e
0c9,39a
0c9,3aa
0c9,404
0c9,40e
0c9,446
0c9,452
0c9,454
0c9,45e
0c9,464
0c9,46e
0c9,475
0c9,486
0c9,492
0c9,49e
0c9,4ae
0c9,4d6
0c9,4e6
0c9,4f2
0c9,50c
0c9,54e
0c9,55a
0c9,55c
0c9,56c
0c9,58e
0c9,59a
0c9,64e
0c9,665
0c9,68e
0c9,6a5
0ca,10d
0ca,119
0ca,145
0ca,151
0ca,15d
0ca,16d
0ca,179
0ca,201
0ca,204
0ca,20d
0ca,226
0ca,22f
0ca,245
0ca,251
0ca,254
0ca,25d
0ca,261
0ca,264
0ca,267
0ca,26d
0ca,273
0ca,276
0ca,285
0ca,291
0ca,29d
0ca,2a1
0ca,2a7
0ca,2ad
0ca,2b3
0ca,2d5
0ca,2e5
0ca,2f1
0ca,309
0ca,30c
0ca,32e
0ca,34d
0ca,359
0ca,35c
0ca,366
0ca,369
0ca,36c
0ca,372
0ca,38d
0ca,399
0ca,3a9
0ca,404
0ca,40d
0ca,445
0ca,451
0ca,454
0ca,45d
0ca,464
0ca,46d
0ca,476
0ca,485
0ca,491
0ca,49d
0ca,4ad
0ca,4d5
0ca,4e5
0ca,4f1
0ca,50c
0ca,54d
0ca,559
0ca,55c
0ca,56c
0ca,58d
0ca,599
0ca,64d
0ca,666
0ca,68d
0ca,6a6
0cc,0f3
0cc,119
0cc,11a
0cc,151
0cc,152
0cc,15b
0cc,179
0cc,17a
0cc,19b
0cc,1d3
0cc,201
0cc,202
0cc,20b
0cc,225
0cc,226
0cc,22f
0cc,243
0cc,251
0cc,252
0cc,25b
0cc,261
0cc,262
0cc,267
0cc,26b
0cc,275
0cc,276
0cc,283
0cc,291
0cc,292
0cc,29b
0cc,2a1
0cc,2a2
0cc,2a7
0cc,2ab
0cc,2d3
0cc,2e3
0cc,2f1
0cc,2f2
0cc,309
0cc,30a
0cc,32d
0cc,32e
0cc,34b
0cc,359
0cc,35a
0cc,365
0cc,366
0cc,369
0cc,36a
0cc,38b
0cc,399
0cc,39a
0cc,3a9
0cc,3aa
0cc,451
0cc,452
0cc,45b
0cc,475
0cc,476
0cc,491
0cc,492
0cc,49b
0cc,4d3
0cc,4f1
0cc,4f2
0cc,559
0cc,55a
0cc,599
0cc,59a
0cc,64b
0cc,665
0cc,666
0cc,68b
0cc,6a5
0cc,6a6
0cf,108
0cf,119
0cf,11a
0cf,151
0cf,152
0cf,158
0cf,168
0cf,179
0cf,17a
0cf,201
0cf,202
0cf,204
0cf,225
0cf,226
0cf,251
0cf,252
0cf,254
0cf,261
0cf,262
0cf,264
0cf,273
0cf,275
0cf,276
0cf,291
0cf,292
0cf,2a1
0cf,2a2
0cf,2b3
0cf,2f1
0cf,2f2
0cf,309
0cf,30a
0cf,30c
0cf,32d
0cf,32e
0cf,359
0cf,35a
0cf,35c
0cf,365
0cf,366
0cf,369
0cf,36a
0cf,36c
0cf,399
0cf,39a
0cf,3a9
0cf,3aa
0cf,404
0cf,451
0cf,452
0cf,454
0cf,464
0cf,475
0cf,476
0cf,491
0cf,492
0cf,4f1
0cf,4f2
0cf,50c
0cf,559
0cf,55a
0cf,55c
0cf,56c
0cf,599
0cf,59a
0cf,665
0cf,666
0cf,6a5
0cf,6a6
0d1,0ee
0d1,108
0d1,10d
0d1,11a
0d1,146
0d1,14a
0d1,14c
0d1,14f
0d1,15e
0d1,168
0d1,16d
0d1,17a
0d1,18a
0d1,18f
0d1,1ce
0d1,1ea
0d1,202
0d1,204
0d1,20b
0d1,20d
0d1,225
0d1,246
0d1,24a
0d1,24c
0d1,24f
0d1,25e
0d1,262
0d1,264
0d1,267
0d1,26b
0d1,26d
0d1,276
0d1,286
0d1,28a
0d1,28c
0d1,28f
0d1,29e
0d1,2a2
0d1,2a7
0d1,2ab
0d1,2ad
0d1,2ce
0d1,2e6
0d1,2ea
0d1,2ec
0d1,309
0d1,34b
0d1,34d
0d1,35a
0d1,35c
0d1,365
0d1,369
0d1,372
0d1,38b
0d1,38d
0d1,39a
0d1,3a9
0d1,404
0d1,40d
0d1,446
0d1,44a
0d1,44c
0d1,44f
0d1,45e
0d1,464
0d1,46d
0d1,476
0d1,486
0d1,48a
0d1,48c
0d1,48f
0d1,49e
0d1,4ad
0d1,4ce
0d1,4e6
0d1,4ea
0d1,4ec
0d1,54d
0d1,55a
0d1,55c
0d1,58d
0d1,59a
0d1,64b
0d1,64d
0d1,665
0d1,68b
0d1,68d
0d1,6a5
0d2,0ed
0d2,108
0d2,10e
0d2,119
0d2,145
0d2,149
0d2,14c
0d2,14f
0d2,15d
0d2,168
0d2,16e
0d2,179
0d2,189
0d2,18f
0d2,1cd
0d2,1e9
0d2,201
0d2,204
0d2,20b
0d2,20e
0d2,226
0d2,245
0d2,249
0d2,24c
0d2,24f
0d2,25d
0d2,261
0d2,264
0d2,267
0d2,26b
0d2,26e
0d2,275
0d2,285
0d2,289
0d2,28c
0d2,28f
0d2,29d
0d2,2a1
0d2,2a7
0d2,2ab
0d2,2ae
0d2,2cd
0d2,2e5
0d2,2e9
0d2,2ec
0d2,30a
0d2,34b
0d2,34e
0d2,359
0d2,35c
0d2,366
0d2,36a
0d2,371
0d2,38b
0d2,38e
0d2,399
0d2,3aa
0d2,404
0d2,40e
0d2,445
0d2,449
0d2,44c
0d2,44f
0d2,45d
0d2,464
0d2,46e
0d2,475
0d2,485
0d2,489
0d2,48c
0d2,48f
0d2,49d
0d2,4ae
0d2,4cd
0d2,4e5
0d2,4e9
0d2,4ec
0d2,54e
0d2,559
0d2,55c
0d2,58e
0d2,599
0d2,64b
0d2,64e
0d2,666
0d2,68b
0d2,68e
0d2,6a6
0d7,0e8
0d7,10d
0d7,10e
0d7,119
0d7,11a
0d7,149
0d7,14a
0d7,14c
0d7,158
0d7,16d
0d7,16e
0d7,179
0d7,17a
0d7,189
0d7,18a
0d7,1e9
0d7,1ea
0d7,201
0d7,202
0d7,204
0d7,20b
0d7,20d
0d7,20e
0d7,225
0d7,226
0d7,22f
0d7,249
0d7,24a
0d7,24c
0d7,261
0d7,262
0d7,264
0d7,26b
0d7,26d
0d7,26e
0d7,289
0d7,28a
0d7,28c
0d7,2a1
0d7,2a2
0d7,2ab
0d7,2ad
0d7,2ae
0d7,2e9
0d7,2ea
0d7,2ec
0d7,34b
0d7,34d
0d7,34e
0d7,359
0d7,35a
0d7,35c
0d7,365
0d7,366
0d7,371
0d7,372
0d7,38b
0d7,38d
0d7,38e
0d7,399
0d7,39a
0d7,404
0d7,40d
0d7,40e
0d7,449
0d7,44a
0d7,44c
0d7,464
0d7,46d
0d7,46e
0d7,489
0d7,48a
0d7,48c
0d7,4ad
0d7,4ae
0d7,4e9
0d7,4ea
0d7,4ec
0d7,54d
0d7,54e
0d7,559
0d7,55a
0d7,55c
0d7,58d
0d7,58e
0d7,599
0d7,59a
0d7,64b
0d7,64d
0d7,64e
0d7,665
0d7,666
0d7,68b
0d7,68d
0d7,68e
0d7,6a5
0d7,6a6
0d8,0e7
0d8,10d
0d8,10e
0d8,145
0d8,146
0d8,14f
0d8,16d
0d8,16e
0d8,18f
0d8,1c7
0d8,201
0d8,202
0d8,204
0d8,20b
0d8,20d
0d8,20e
0d8,243
0d8,245
0d8,246
0d8,24f
0d8,261
0d8,262
0d8,264
0d8,26b
0d8,26d
0d8,26e
0d8,273
0d8,275
0d8,276
0d8,283
0d8,285
0d8,286
0d8,28f
0d8,2a1
0d8,2a2
0d8,2ab
0d8,2ad
0d8,2ae
0d8,2b3
0d8,2c7
0d8,2e3
0d8,2e5
0d8,2e6
0d8,309
0d8,30a
0d8,30c
0d8,34b
0d8,34d
0d8,34e
0d8,369
0d8,36a
0d8,36c
0d8,371
0d8,372
0d8,38b
0d8,38d
0d8,38e
0d8,3a9
0d8,3aa
0d8,404
0d8,40d
0d8,40e
0d8,445
0d8,446
0d8,44f
0d8,464
0d8,46d
0d8,46e
0d8,475
0d8,476
0d8,485
0d8,486
0d8,48f
0d8,4ad
0d8,4ae
0d8,4c7
0d8,4e5
0d8,4e6
0d8,50c
0d8,54d
0d8,54e
0d8,56c
0d8,58d
0d8,58e
0d8,64b
0d8,64d
0d8,64e
0d8,68b
0d8,68d
0d8,68e
0db,108
0db,10d
0db,10e
0db,145
0db,146
0db,14c
0db,168
0db,16d
0db,16e
0db,201
0db,202
0db,20d
0db,20e
0db,22f
0db,245
0db,246
0db,24c
0db,254
0db,261
0db,262
0db,267
0db,26d
0db,26e
0db,275
0db,276
0db,285
0db,286
0db,28c
0db,2a1
0db,2a2
0db,2a7
0db,2ad
0db,2ae
0db,2e5
0db,2e6
0db,2ec
0db,309
0db,30a
0db,34d
0db,34e
0db,35c
0db,369
0db,36a
0db,371
0db,372
0db,38d
0db,38e
0db,3a9
0db,3aa
0db,40d
0db,40e
0db,445
0db,446
0db,44c
0db,454
0db,46d
0db,46e
0db,475
0db,476
0db,485
0db,486
0db,48c
0db,4ad
0db,4ae
0db,4e5
0db,4e6
0db,4ec
0db,54d
0db,54e
0db,55c
0db,58d
0db,58e
0db,64d
0db,64e
0db,68d
0db,68e
0dd,0e2
0dd,108
0dd,10e
0dd,11a
0dd,146
0dd,14a
0dd,152
0dd,168
0dd,16e
0dd,17a
0dd,18a
0dd,1ea
0dd,201
0dd,204
0dd,20b
0dd,20e
0dd,225
0dd,22f
0dd,243
0dd,246
0dd,24a
0dd,252
0dd,261
0dd,264
0dd,267
0dd,26b
0dd,26e
0dd,273
0dd,276
0dd,283
0dd,286
0dd,28a
0dd,292
0dd,2a1
0dd,2a7
0dd,2ab
0dd,2ae
0dd,2b3
0dd,2e3
0dd,2e6
0dd,2ea
0dd,2f2
0dd,309
0dd,30c
0dd,32d
0dd,34b
0dd,34e
0dd,35a
0dd,365
0dd,369
0dd,36c
0dd,371
0dd,38b
0dd,38e
0dd,39a
0dd,3a9
0dd,404
0dd,40e
0dd,446
0dd,44a
0dd,452
0dd,464
0dd,46e
0dd,476
0dd,486
0dd,48a
0dd,492
0dd,4ae
0dd,4e6
0dd,4ea
0dd,4f2
0dd,50c
0dd,54e
0dd,55a
0dd,56c
0dd,58e
0dd,59a
0dd,64b
0dd,64e
0dd,665
0dd,68b
0dd,68e
0dd,6a5
0de,0e1
0de,108
0de,10d
0de,119
0de,145
0de,149
0de,151
0de,168
0de,16d
0de,179
0de,189
0de,1e9
0de,202
0de,204
0de,20b
0de,20d
0de,226
0de,22f
0de,243
0de,245
0de,249
0de,251
0de,262
0de,264
0de,267
0de,26b
0de,26d
0de,273
0de,275
0de,283
0de,285
0de,289
0de,291
0de,2a2
0de,2a7
0de,2ab
0de,2ad
0de,2b3
0de,2e3
0de,2e5
0de,2e9
0de,2f1
0de,30a
0de,30c
0de,32e
0de,34b
0de,34d
0de,359
0de,366
0de,36a
0de,36c
0de,372
0de,38b
0de,38d
0de,399
0de,3aa
0de,404
0de,40d
0de,445
0de,449
0de,451
0de,464
0de,46d
0de,475
0de,485
0de,489
0de,491
0de,4ad
0de,4e5
0de,4e9
0de,4f1
0de,50c
0de,54d
0de,559
0de,56c
0de,58d
0de,599
0de,64b
0de,64d
0de,666
0de,68b
0de,68d
0de,6a6
0e1,108
0e1,10d
0e1,119
0e1,146
0e1,14a
0e1,14c
0e1,14f
0e1,152
0e1,158
0e1,15b
0e1,15d
0e1,16e
0e1,17a
0e1,18a
0e1,18f
0e1,19b
0e1,1ce
0e1,1da
0e1,202
0e1,204
0e1,20b
0e1,20d
0e1,226
0e1,22f
0e1,246
0e1,24a
0e1,24c
0e1,24f
0e1,252
0e1,254
0e1,25b
0e1,25d
0e1,26e
0e1,276
0e1,286
0e1,28a
0e1,28c
0e1,28f
0e1,292
0e1,29b
0e1,29d
0e1,2ae
0e1,2ce
0e1,2d6
0e1,2da
0e1,2dc
0e1,309
0e1,32d
0e1,34b
0e1,34d
0e1,359
0e1,366
0e1,36a
0e1,36c
0e1,372
0e1,38b
0e1,38d
0e1,399
0e1,3aa
0e1,404
0e1,40d
0e1,446
0e1,44a
0e1,44c
0e1,44f
0e1,452
0e1,454
0e1,45b
0e1,45d
0e1,46e
0e1,476
0e1,486
0e1,48a
0e1,48c
0e1,48f
0e1,492
0e1,49b
0e1,49d
0e1,4ae
0e1,4ce
0e1,4d6
0e1,4da
0e1,4dc
0e1,54d
0e1,559
0e1,56c
0e1,58d
0e1,599
0e1,64b
0e1,64d
0e1,666
0e1,68b
0e1,68d
0e1,6a6
0e2,108
0e2,10e
0e2,11a
0e2,145
0e2,149
0e2,14c
0e2,14f
0e2,151
0e2,158
0e2,15b
0e2,15e
0e2,16d
0e2,179
0e2,189
0e2,18f
0e2,19b
0e2,1cd
0e2,1d9
0e2,201
0e2,204
0e2,20b
0e2,20e
0e2,225
0e2,22f
0e2,245
0e2,249
0e2,24c
0e2,24f
0e2,251
0e2,254
0e2,25b
0e2,25e
0e2,26d
0e2,275
0e2,285
0e2,289
0e2,28c
0e2,28f
0e2,291
0e2,29b
0e2,29e
0e2,2ad
0e2,2cd
0e2,2d5
0e2,2d9
0e2,2dc
0e2,30a
0e2,32e
0e2,34b
0e2,34e
0e2,35a
0e2,365
0e2,369
0e2,36c
0e2,371
0e2,38b
0e2,38e
0e2,39a
0e2,3a9
0e2,404
0e2,40e
0e2,445
0e2,449
0e2,44c
0e2,44f
0e2,451
0e2,454
0e2,45b
0e2,45e
0e2,46d
0e2,475
0e2,485
0e2,489
0e2,48c
0e2,48f
0e2,491
0e2,49b
0e2,49e
0e2,4ad
0e2,4cd
0e2,4d5
0e2,4d9
0e2,4dc
0e2,54e
0e2,55a
0e2,56c
0e2,58e
0e2,59a
0e2,64b
0e2,64e
0e2,665
0e2,68b
0e2,68e
0e2,6a5
0e7,10d
0e7,10e
0e7,149
0e7,14a
0e7,14c
0e7,151
0e7,152
0e7,15b
0e7,15d
0e7,15e
0e7,168
0e7,179
0e7,17a
0e7,189
0e7,18a
0e7,19b
0e7,1d9
0e7,1da
0e7,201
0e7,202
0e7,204
0e7,20b
0e7,20d
0e7,20e
0e7,249
0e7,24a
0e7,24c
0e7,251
0e7,252
0e7,254
0e7,25b
0e7,25d
0e7,25e
0e7,289
0e7,28a
0e7,28c
0e7,291
0e7,292
0e7,29b
0e7,29d
0e7,29e
0e7,2d9
0e7,2da
0e7,2dc
0e7,32d
0e7,32e
0e7,34b
0e7,34d
0e7,34e
0e7,369
0e7,36a
0e7,36c
0e7,371
0e7,372
0e7,38b
0e7,38d
0e7,38e
0e7,3a9
0e7,3aa
0e7,404
0e7,40d
0e7,40e
0e7,449
0e7,44a
0e7,44c
0e7,451
0e7,452
0e7,454
0e7,45b
0e7,45d
0e7,45e
0e7,489
0e7,48a
0e7,48c
0e7,491
0e7,492
0e7,49b
0e7,49d
0e7,49e
0e7,4d9
0e7,4da
0e7,4dc
0e7,54d
0e7,54e
0e7,56c
0e7,58d
0e7,58e
0e7,64b
0e7,64d
0e7,64e
0e7,68b
0e7,68d
0e7,68e
0e8,10d
0e8,10e
0e8,119
0e8,11a
0e8,145
0e8,146
0e8,14f
0e8,151
0e8,152
0e8,15b
0e8,15d
0e8,15e
0e8,18f
0e8,19b
0e8,1c7
0e8,1d3
0e8,201
0e8,202
0e8,204
0e8,20b
0e8,20d
0e8,20e
0e8,225
0e8,226
0e8,22f
0e8,243
0e8,245
0e8,246
0e8,24f
0e8,251
0e8,252
0e8,254
0e8,25b
0e8,25d
0e8,25e
0e8,267
0e8,273
0e8,275
0e8,276
0e8,283
0e8,285
0e8,286
0e8,28f
0e8,291
0e8,292
0e8,29b
0e8,29d
0e8,29e
0e8,2a7
0e8,2b3
0e8,2c7
0e8,2d3
0e8,2d5
0e8,2d6
0e8,309
0e8,30a
0e8,30c
0e8,32d
0e8,32e
0e8,34b
0e8,34d
0e8,34e
0e8,359
0e8,35a
0e8,35c
0e8,365
0e8,366
0e8,371
0e8,372
0e8,38b
0e8,38d
0e8,38e
0e8,399
0e8,39a
0e8,404
0e8,40d
0e8,40e
0e8,445
0e8,446
0e8,44f
0e8,451
0e8,452
0e8,454
0e8,45b
0e8,45d
0e8,45e
0e8,475
0e8,476
0e8,485
0e8,486
0e8,48f
0e8,491
0e8,492
0e8,49b
0e8,49d
0e8,49e
0e8,4c7
0e8,4d3
0e8,4d5
0e8,4d6
0e8,50c
0e8,54d
0e8,54e
0e8,559
0e8,55a
0e8,55c
0e8,58d
0e8,58e
0e8,599
0e8,59a
0e8,64b
0e8,64d
0e8,64e
0e8,665
0e8,666
0e8,68b
0e8,68d
0e8,68e
0e8,6a5
0e8,6a6
0eb,108
0eb,10d
0eb,10e
0eb,119
0eb,11a
0eb,145
0eb,146
0eb,14c
0eb,151
0eb,152
0eb,158
0eb,15d
0eb,15e
0eb,201
0eb,202
0eb,20d
0eb,20e
0eb,225
0eb,226
0eb,245
0eb,246
0eb,24c
0eb,251
0eb,252
0eb,25d
0eb,25e
0eb,264
0eb,275
0eb,276
0eb,285
0eb,286
0eb,28c
0eb,291
0eb,292
0eb,29d
0eb,29e
0eb,2d5
0eb,2d6
0eb,2dc
0eb,309
0eb,30a
0eb,32d
0eb,32e
0eb,34d
0eb,34e
0eb,359
0eb,35a
0eb,365
0eb,366
0eb,36c
0eb,371
0eb,372
0eb,38d
0eb,38e
0eb,399
0eb,39a
0eb,40d
0eb,40e
0eb,445
0eb,446
0eb,44c
0eb,451
0eb,452
0eb,45d
0eb,45e
0eb,464
0eb,475
0eb,476
0eb,485
0eb,486
0eb,48c
0eb,491
0eb,492
0eb,49d
0eb,49e
0eb,4d5
0eb,4d6
0eb,4dc
0eb,54d
0eb,54e
0eb,559
0eb,55a
0eb,56c
0eb,58d
0eb,58e
0eb,599
0eb,59a
0eb,64d
0eb,64e
0eb,665
0eb,666
0eb,68d
0eb,68e
0eb,6a5
0eb,6a6
0ed,108
0ed,10e
0ed,119
0ed,146
0ed,14a
0ed,151
0ed,158
0ed,15b
0ed,15e
0ed,17a
0ed,18a
0ed,19b
0ed,1d3
0ed,1da
0ed,201
0ed,204
0ed,20b
0ed,20e
0ed,226
0ed,243
0ed,246
0ed,24a
0ed,251
0ed,254
0ed,25b
0ed,25e
0ed,262
0ed,273
0ed,276
0ed,283
0ed,286
0ed,28a
0ed,291
0ed,29b
0ed,29e
0ed,2a2
0ed,2b3
0ed,2d3
0ed,2d6
0ed,2da
0ed,2f2
0ed,309
0ed,30c
0ed,32e
0ed,34b
0ed,34e
0ed,359
0ed,35c
0ed,366
0ed,36a
0ed,371
0ed,38b
0ed,38e
0ed,399
0ed,3aa
0ed,404
0ed,40e
0ed,446
0ed,44a
0ed,451
0ed,454
0ed,45b
0ed,45e
0ed,476
0ed,486
0ed,48a
0ed,491
0ed,49b
0ed,49e
0ed,4d3
0ed,4d6
0ed,4da
0ed,4f2
0ed,50c
0ed,54e
0ed,559
0ed,55c
0ed,58e
0ed,599
0ed,64b
0ed,64e
0ed,666
0ed,68b
0ed,68e
0ed,6a6
0ee,108
0ee,10d
0ee,11a
0ee,145
0ee,149
0ee,152
0ee,158
0ee,15b
0ee,15d
0ee,179
0ee,189
0ee,19b
0ee,1d3
0ee,1d9
0ee,202
0ee,204
0ee,20b
0ee,20d
0ee,225
0ee,243
0ee,245
0ee,249
0ee,252
0ee,254
0ee,25b
0ee,25d
0ee,261
0ee,273
0ee,275
0ee,283
0ee,285
0ee,289
0ee,292
0ee,29b
0ee,29d
0ee,2a1
0ee,2b3
0ee,2d3
0ee,2d5
0ee,2d9
0ee,2f1
0ee,30a
0ee,30c
0ee,32d
0ee,34b
0ee,34d
0ee,35a
0ee,35c
0ee,365
0ee,369
0ee,372
0ee,38b
0ee,38d
0ee,39a
0ee,3a9
0ee,404
0ee,40d
0ee,445
0ee,449
0ee,452
0ee,454
0ee,45b
0ee,45d
0ee,475
0ee,485
0ee,489
0ee,492
0ee,49b
0ee,49d
0ee,4d3
0ee,4d5
0ee,4d9
0ee,4f1
0ee,50c
0ee,54d
0ee,55a
0ee,55c
0ee,58d
0ee,59a
0ee,64b
0ee,64d
0ee,665
0ee,68b
0ee,68d
0ee,6a5
0f3,119
0f3,11a
0f3,145
0f3,146
0f3,149
0f3,14a
0f3,14f
0f3,158
0f3,15d
0f3,15e
0f3,168
0f3,16d
0f3,16e
0f3,189
0f3,18a
0f3,18f
0f3,1cd
0f3,1ce
0f3,201
0f3,202
0f3,20b
0f3,225
0f3,226
0f3,22f
0f3,245
0f3,246
0f3,249
0f3,24a
0f3,24f
0f3,254
0f3,25d
0f3,25e
0f3,264
0f3,26d
0f3,26e
0f3,285
0f3,286
0f3,289
0f3,28a
0f3,28f
0f3,29d
0f3,29e
0f3,2ad
0f3,2ae
0f3,2cd
0f3,2ce
0f3,2dc
0f3,2ec
0f3,34b
0f3,359
0f3,35a
0f3,365
0f3,366
0f3,369
0f3,36a
0f3,38b
0f3,399
0f3,39a
0f3,3a9
0f3,3aa
0f3,445
0f3,446
0f3,449
0f3,44a
0f3,44f
0f3,454
0f3,45d
0f3,45e
0f3,464
0f3,46d
0f3,46e
0f3,485
0f3,486
0f3,489
0f3,48a
0f3,48f
0f3,49d
0f3,49e
0f3,4ad
0f3,4ae
0f3,4cd
0f3,4ce
0f3,4dc
0f3,4ec
0f3,559
0f3,55a
0f3,599
0f3,59a
0f3,64b
0f3,665
0f3,666
0f3,68b
0f3,6a5
0f3,6a6
0f9,108
0f9,10d
0f9,11a
0f9,145
0f9,14a
0f9,14c
0f9,14f
0f9,152
0f9,15e
0f9,16e
0f9,18a
0f9,18f
0f9,1c7
0f9,1ce
0f9,201
0f9,20b
0f9,20d
0f9,225
0f9,22f
0f9,243
0f9,245
0f9,24a
0f9,24c
0f9,24f
0f9,252
0f9,254
0f9,25e
0f9,262
0f9,264
0f9,267
0f9,26e
0f9,276
0f9,283
0f9,285
0f9,28a
0f9,28c
0f9,28f
0f9,292
0f9,29e
0f9,2a2
0f9,2a7
0f9,2ae
0f9,2c7
0f9,2ce
0f9,2d6
0f9,2e6
0f9,309
0f9,32d
0f9,34b
0f9,34d
0f9,35a
0f9,35c
0f9,365
0f9,36a
0f9,36c
0f9,372
0f9,38b
0f9,38d
0f9,39a
0f9,3aa
0f9,40d
0f9,445
0f9,44a
0f9,44c
0f9,44f
0f9,452
0f9,454
0f9,45e
0f9,464
0f9,46e
0f9,476
0f9,485
0f9,48a
0f9,48c
0f9,48f
0f9,492
0f9,49e
0f9,4ae
0f9,4c7
0f9,4ce
0f9,4d6
0f9,4e6
0f9,54d
0f9,55a
0f9,55c
0f9,56c
0f9,58d
0f9,59a
0f9,64b
0f9,64d
0f9,665
0f9,68b
0f9,68d
0f9,6a5
0fa,108
0fa,10e
0fa,119
0fa,146
0fa,149
0fa,14c
0fa,14f
0fa,151
0fa,15d
0fa,16d
0fa,189
0fa,18f
0fa,1c7
0fa,1cd
0fa,202
0fa,20b
0fa,20e
0fa,226
0fa,22f
0fa,243
0fa,246
0fa,249
0fa,24c
0fa,24f
0fa,251
0fa,254
0fa,25d
0fa,261
0fa,264
0fa,267
0fa,26d
0fa,275
0fa,283
0fa,286
0fa,289
0fa,28c
0fa,28f
0fa,291
0fa,29d
0fa,2a1
0fa,2a7
0fa,2ad
0fa,2c7
0fa,2cd
0fa,2d5
0fa,2e5
0fa,30a
0fa,32e
0fa,34b
0fa,34e
0fa,359
0fa,35c
0fa,366
0fa,369
0fa,36c
0fa,371
0fa,38b
0fa,38e
0fa,399
0fa,3a9
0fa,40e
0fa,446
0fa,449
0fa,44c
0fa,44f
0fa,451
0fa,454
0fa,45d
0fa,464
0fa,46d
0fa,475
0fa,486
0fa,489
0fa,48c
0fa,48f
0fa,491
0fa,49d
0fa,4ad
0fa,4c7
0fa,4cd
0fa,4d5
0fa,4e5
0fa,54e
0fa,559
0fa,55c
0fa,56c
0fa,58e
0fa,599
0fa,64b
0fa,64e
0fa,666
0fa,68b
0fa,68e
0fa,6a6
108,1c7
108,1d3
108,225
108,226
108,22f
108,243
108,245
108,246
108,24f
108,251
108,252
108,254
108,25b
108,25d
108,25e
108,261
108,262
108,264
108,26b
108,26d
108,26e
108,283
108,285
108,286
108,28f
108,291
108,292
108,29b
108,29d
108,29e
108,2a1
108,2a2
108,2ab
108,2ad
108,2ae
108,2cb
108,2cd
108,2ce
108,2d9
108,2da
108,2dc
108,2e9
108,2ea
108,2ec
108,365
108,366
108,371
108,372
108,445
108,446
108,44f
108,451
108,452
108,454
108,45b
108,45d
108,45e
108,464
108,46d
108,46e
108,485
108,486
108,48f
108,491
108,492
108,49b
108,49d
108,49e
108,4ad
108,4ae
108,4cb
108,4cd
108,4ce
108,4d9
108,4da
108,4dc
108,4e9
108,4ea
108,4ec
108,64b
108,64d
108,64e
108,68b
108,68d
108,68e
10d,152
10d,17a
10d,1d3
10d,1da
10d,1ea
10d,202
10d,226
10d,243
10d,246
10d,24a
10d,251
10d,254
10d,25b
10d,25e
10d,261
10d,264
10d,267
10d,26b
10d,26e
10d,275
10d,283
10d,286
10d,28a
10d,291
10d,29b
10d,29e
10d,2a1
10d,2a7
10d,2ab
10d,2ae
10d,2c7
10d,2cb
10d,2ce
10d,2d5
10d,2d9
10d,2dc
10d,2e5
10d,2e9
10d,2ec
10d,35a
10d,366
10d,36a
10d,371
10d,39a
10d,3aa
10d,446
10d,44a
10d,451
10d,454
10d,45b
10d,45e
10d,464
10d,46e
10d,475
10d,486
10d,48a
10d,491
10d,49b
10d,49e
10d,4ae
10d,4c7
10d,4cb
10d,4ce
10d,4d5
10d,4d9
10d,4dc
10d,4e5
10d,4e9
10d,4ec
10d,55a
10d,59a
10d,64b
10d,64e
10d,665
10d,68b
10d,68e
10d,6a5
10e,151
10e,179
10e,1d3
10e,1d9
10e,1e9
10e,201
10e,225
10e,243
10e,245
10e,249
10e,252
10e,254
10e,25b
10e,25d
10e,262
10e,264
10e,267
10e,26b
10e,26d
10e,276
10e,283
10e,285
10e,289
10e,292
10e,29b
10e,29d
10e,2a2
10e,2a7
10e,2ab
10e,2ad
10e,2c7
10e,2cb
10e,2cd
10e,2d6
10e,2da
10e,2dc
10e,2e6
10e,2ea
10e,2ec
10e,359
10e,365
10e,369
10e,372
10e,399
10e,3a9
10e,445
10e,449
10e,452
10e,454
10e,45b
10e,45d
10e,464
10e,46d
10e,476
10e,485
10e,489
10e,492
10e,49b
10e,49d
10e,4ad
10e,4c7
10e,4cb
10e,4cd
10e,4d6
10e,4da
10e,4dc
10e,4e6
10e,4ea
10e,4ec
10e,559
10e,599
10e,64b
10e,64d
10e,666
10e,68b
10e,68d
10e,6a6
119,146
119,16e
119,1c7
119,1ce
119,1ea
119,202
119,204
119,20e
119,225
119,22f
119,243
119,245
119,24a
119,24c
119,24f
119,252
119,254
119,25e
119,261
119,26b
119,26d
119,273
119,275
119,283
119,285
119,28a
119,28c
119,28f
119,292
119,29e
119,2a1
119,2ab
119,2ad
119,2b3
119,2cb
119,2cd
119,2d3
119,2d5
119,2da
119,2dc
119,2e9
119,2f1
119,32e
119,34e
119,365
119,36a
119,36c
119,372
119,38e
119,3aa
119,404
119,40e
119,445
119,44a
119,44c
119,44f
119,452
119,454
119,45e
119,46d
119,475
119,485
119,48a
119,48c
119,48f
119,492
119,49e
119,4ad
119,4cb
119,4cd
119,4d3
119,4d5
119,4da
119,4dc
119,4e9
119,4f1
119,54e
119,56c
119,58e
119,64b
119,64d
119,68b
119,68d
11a,145
11a,16d
11a,1c7
11a,1cd
11a,1e9
11a,201
11a,204
11a,20d
11a,226
11a,22f
11a,243
11a,246
11a,249
11a,24c
11a,24f
11a,251
11a,254
11a,25d
11a,262
11a,26b
11a,26e
11a,273
11a,276
11a,283
11a,286
11a,289
11a,28c
11a,28f
11a,291
11a,29d
11a,2a2
11a,2ab
11a,2ae
11a,2b3
11a,2cb
11a,2ce
11a,2d3
11a,2d6
11a,2d9
11a,2dc
11a,2ea
11a,2f2
11a,32d
11a,34d
11a,366
11a,369
11a,36c
11a,371
11a,38d
11a,3a9
11a,404
11a,40d
11a,446
11a,449
11a,44c
11a,44f
11a,451
11a,454
11a,45d
11a,46e
11a,476
11a,486
11a,489
11a,48c
11a,48f
11a,491
11a,49d
11a,4ae
11a,4cb
11a,4ce
11a,4d3
11a,4d6
11a,4d9
11a,4dc
11a,4ea
11a,4f2
11a,54d
11a,56c
11a,58d
11a,64b
11a,64e
11a,68b
11a,68e
145,17a
145,18a
145,19b
145,1da
145,1ea
145,202
145,20b
145,20e
145,226
145,22f
145,24a
145,252
145,25b
145,25e
145,262
145,26b
145,26e
145,273
145,276
145,283
145,286
145,289
145,28c
145,28f
145,291
145,29d
145,2a1
145,2a7
145,2ad
145,2cb
145,2ce
145,2d3
145,2d6
145,2d9
145,2dc
145,2e3
145,2e6
145,2e9
145,2ec
145,2f1
145,30a
145,32e
145,35a
145,36a
145,372
145,38b
145,38e
145,399
145,3a9
145,40e
145,44a
145,452
145,45b
145,45e
145,46e
145,476
145,486
145,489
145,48c
145,48f
145,491
145,49d
145,4ad
145,4cb
145,4ce
145,4d3
145,4d6
145,4d9
145,4dc
145,4e6
145,4e9
145,4ec
145,4f1
145,55a
145,58e
145,599
145,64b
145,64e
145,666
145,68d
145,6a5
146,179
146,189
146,19b
146,1d9
146,1e9
146,201
146,20b
146,20d
146,225
146,22f
146,249
146,251
146,25b
146,25d
146,261
146,26b
146,26d
146,273
146,275
146,283
146,285
146,28a
146,28c
146,28f
146,292
146,29e
146,2a2
146,2a7
146,2ae
146,2cb
146,2cd
146,2d3
146,2d5
146,2da
146,2dc
146,2e3
146,2e5
146,2ea
146,2ec
146,2f2
146,309
146,32d
146,359
146,369
146,371
146,38b
146,38d
146,39a
146,3aa
146,40d
146,449
146,451
146,45b
146,45d
146,46d
146,475
146,485
146,48a
146,48c
146,48f
146,492
146,49e
146,4ae
146,4cb
146,4cd
146,4d3
146,4d5
146,4da
146,4dc
146,4e5
146,4ea
146,4ec
146,4f2
146,559
146,58d
146,59a
146,64b
146,64d
146,665
146,68e
146,6a6
149,202
149,204
149,20e
149,225
149,22f
149,246
149,252
149,254
149,25e
149,262
149,264
149,267
149,26e
149,273
149,275
149,283
149,285
149,28a
149,28c
149,28f
149,291
149,29b
149,29d
149,2a1
149,2ab
149,2ad
149,2c7
149,2ce
149,2d3
149,2d5
149,2da
149,2dc
149,2e3
149,2e5
149,2ea
149,2ec
149,2f1
149,32e
149,366
149,372
149,38e
149,39a
149,3aa
149,404
149,40e
149,446
149,452
149,454
149,45e
149,464
149,46e
149,475
149,485
149,48a
149,48c
149,48f
149,491
149,49b
149,49d
149,4ad
149,4c7
149,4ce
149,4d3
149,4d5
149,4da
149,4dc
149,4e5
149,4ea
149,4ec
149,4f1
149,58e
149,59a
149,64e
149,665
149,68b
149,68d
14a,201
14a,204
14a,20d
14a,226
14a,22f
14a,245
14a,251
14a,254
14a,25d
14a,261
14a,264
14a,267
14a,26d
14a,273
14a,276
14a,283
14a,286
14a,289
14a,28c
14a,28f
14a,292
14a,29b
14a,29e
14a,2a2
14a,2ab
14a,2ae
14a,2c7
14a,2cd
14a,2d3
14a,2d6
14a,2d9
14a,2dc
14a,2e3
14a,2e6
14a,2e9
14a,2ec
14a,2f2
14a,32d
14a,365
14a,371
14a,38d
14a,399
14a,3a9
14a,404
14a,40d
14a,445
14a,451
14a,454
14a,45d
14a,464
14a,46d
14a,476
14a,486
14a,489
14a,48c
14a,48f
14a,492
14a,49b
14a,49e
14a,4ae
14a,4c7
14a,4cd
14a,4d3
14a,4d6
14a,4d9
14a,4dc
14a,4e6
14a,4e9
14a,4ec
14a,4f2
14a,58d
14a,599
14a,64d
14a,666
14a,68b
14a,68e
14c,19b
14c,1d3
14c,201
14c,202
14c,20b
14c,225
14c,226
14c,22f
14c,243
14c,251
14c,252
14c,25b
14c,261
14c,262
14c,267
14c,26b
14c,275
14c,276
14c,285
14c,286
14c,289
14c,28a
14c,28f
14c,29d
14c,29e
14c,2ad
14c,2ae
14c,2c7
14c,2cb
14c,2d5
14c,2d6
14c,2d9
14c,2da
14c,2e5
14c,2e6
14c,2e9
14c,2ea
14c,371
14c,372
14c,38b
14c,399
14c,39a
14c,3a9
14c,3aa
14c,451
14c,452
14c,45b
14c,475
14c,476
14c,485
14c,486
14c,489
14c,48a
14c,48f
14c,49d
14c,49e
14c,4ad
14c,4ae
14c,4c7
14c,4cb
14c,4d5
14c,4d6
14c,4d9
14c,4da
14c,4e5
14c,4e6
14c,4e9
14c,4ea
14c,599
14c,59a
14c,64b
14c,665
14c,666
14c,68d
14c,68e
14f,201
14f,202
14f,204
14f,225
14f,226
14f,251
14f,252
14f,254
14f,261
14f,262
14f,264
14f,273
14f,275
14f,276
14f,283
14f,285
14f,286
14f,289
14f,28a
14f,28c
14f,29b
14f,29d
14f,29e
14f,2a7
14f,2ab
14f,2ad
14f,2ae
14f,2d3
14f,2d5
14f,2d6
14f,2d9
14f,2da
14f,2dc
14f,2e3
14f,2e5
14f,2e6
14f,2e9
14f,2ea
14f,2ec
14f,371
14f,372
14f,399
14f,39a
14f,3a9
14f,3aa
14f,404
14f,451
14f,452
14f,454
14f,464
14f,475
14f,476
14f,485
14f,486
14f,489
14f,48a
14f,48c
14f,49b
14f,49d
14f,49e
14f,4ad
14f,4ae
14f,4d3
14f,4d5
14f,4d6
14f,4d9
14f,4da
14f,4dc
14f,4e5
14f,4e6
14f,4e9
14f,4ea
14f,4ec
14f,599
14f,59a
14f,665
14f,666
14f,68b
14f,68d
14f,68e
151,16e
151,18a
151,18f
151,1ce
151,1ea
151,202
151,204
151,20b
151,20d
151,225
151,246
151,24a
151,24c
151,24f
151,25e
151,262
151,264
151,267
151,26b
151,26d
151,276
151,283
151,285
151,289
151,292
151,29b
151,29d
151,2a1
151,2b3
151,2c7
151,2cb
151,2cd
151,2d6
151,2da
151,2dc
151,2e3
151,2e5
151,2e9
151,2f2
151,30a
151,30c
151,32d
151,34e
151,366
151,36a
151,36c
151,38b
151,38d
151,39a
151,3a9
151,404
151,40d
151,446
151,44a
151,44c
151,44f
151,45e
151,464
151,46d
151,476
151,485
151,489
151,492
151,49b
151,49d
151,4c7
151,4cb
151,4cd
151,4d6
151,4da
151,4dc
151,4e5
151,4e9
151,4f2
151,50c
151,54e
151,56c
151,58d
151,59a
151,64b
151,64d
151,665
152,16d
152,189
152,18f
152,1cd
152,1e9
152,201
152,204
152,20b
152,20e
152,226
152,245
152,249
152,24c
152,24f
152,25d
152,261
152,264
152,267
152,26b
152,26e
152,275
152,283
152,286
152,28a
152,291
152,29b
152,29e
152,2a2
152,2b3
152,2c7
152,2cb
152,2ce
152,2d5
152,2d9
152,2dc
152,2e3
152,2e6
152,2ea
152,2f1
152,309
152,30c
152,32e
152,34d
152,365
152,369
152,36c
152,38b
152,38e
152,399
152,3aa
152,404
152,40e
152,445
152,449
152,44c
152,44f
152,45d
152,464
152,46e
152,475
152,486
152,48a
152,491
152,49b
152,49e
152,4c7
152,4cb
152,4ce
152,4d5
152,4d9
152,4dc
152,4e6
152,4ea
152,4f1
152,50c
152,54d
152,56c
152,58e
152,599
152,64b
152,64e
152,666
158,18f
158,1c7
158,201
158,202
158,204
158,20b
158,20d
158,20e
158,243
158,245
158,246
158,24f
158,261
158,262
158,264
158,26b
158,26d
158,26e
158,273
158,275
158,276
158,289
158,28a
158,28c
158,291
158,292
158,29b
158,29d
158,29e
158,2cb
158,2cd
158,2ce
158,2d3
158,2d5
158,2d6
158,2e9
158,2ea
158,2ec
158,2f1
158,2f2
158,32d
158,32e
158,365
158,366
158,38b
158,38d
158,38e
158,3a9
158,3aa
158,404
158,40d
158,40e
158,445
158,446
158,44f
158,464
158,46d
158,46e
158,475
158,476
158,489
158,48a
158,48c
158,491
158,492
158,49b
158,49d
158,49e
158,4cb
158,4cd
158,4ce
158,4d3
158,4d5
158,4d6
158,4e9
158,4ea
158,4ec
158,4f1
158,4f2
158,58d
158,58e
158,64b
158,64d
158,64e
15b,201
15b,202
15b,20d
15b,20e
15b,22f
15b,245
15b,246
15b,24c
15b,254
15b,261
15b,262
15b,267
15b,26d
15b,26e
15b,275
15b,276
15b,283
15b,289
15b,28a
15b,28f
15b,291
15b,292
15b,29d
15b,29e
15b,2ab
15b,2b3
15b,2c7
15b,2cd
15b,2ce
15b,2d5
15b,2d6
15b,2dc
15b,2e3
15b,2e9
15b,2ea
15b,2f1
15b,2f2
15b,30c
15b,32d
15b,32e
15b,365
15b,366
15b,36c
15b,38d
15b,38e
15b,3a9
15b,3aa
15b,40d
15b,40e
15b,445
15b,446
15b,44c
15b,454
15b,46d
15b,46e
15b,475
15b,476
15b,489
15b,48a
15b,48f
15b,491
15b,492
15b,49d
15b,49e
15b,4c7
15b,4cd
15b,4ce
15b,4d5
15b,4d6
15b,4dc
15b,4e9
15b,4ea
15b,4f1
15b,4f2
15b,50c
15b,56c
15b,58d
15b,58e
15b,64d
15b,64e
15b,68b
15d,18a
15d,1ea
15d,201
15d,204
15d,20b
15d,20e
15d,225
15d,22f
15d,243
15d,246
15d,24a
15d,252
15d,261
15d,264
15d,267
15d,26b
15d,26e
15d,273
15d,276
15d,285
15d,289
15d,28c
15d,28f
15d,291
15d,29b
15d,29e
15d,2ad
15d,2c7
15d,2cb
15d,2ce
15d,2d3
15d,2d6
15d,2da
15d,2e5
15d,2e9
15d,2ec
15d,2f1
15d,30a
15d,32e
15d,366
15d,36a
15d,372
15d,38b
15d,38e
15d,39a
15d,3a9
15d,404
15d,40e
15d,446
15d,44a
15d,452
15d,464
15d,46e
15d,476
15d,485
15d,489
15d,48c
15d,48f
15d,491
15d,49b
15d,49e
15d,4ad
15d,4c7
15d,4cb
15d,4ce
15d,4d3
15d,4d6
15d,4da
15d,4e5
15d,4e9
15d,4ec
15d,4f1
15d,58e
15d,59a
15d,64b
15d,64e
15d,665
15d,68d
15e,189
15e,1e9
15e,202
15e,204
15e,20b
15e,20d
15e,226
15e,22f
15e,243
15e,245
15e,249
15e,251
15e,262
15e,264
15e,267
15e,26b
15e,26d
15e,273
15e,275
15e,286
15e,28a
15e,28c
15e,28f
15e,292
15e,29b
15e,29d
15e,2ae
15e,2c7
15e,2cb
15e,2cd
15e,2d3
15e,2d5
15e,2d9
15e,2e6
15e,2ea
15e,2ec
15e,2f2
15e,309
15e,32d
15e,365
15e,369
15e,371
15e,38b
15e,38d
15e,399
15e,3aa
15e,404
15e,40d
15e,445
15e,449
15e,451
15e,464
15e,46d
15e,475
15e,486
15e,48a
15e,48c
15e,48f
15e,492
15e,49b
15e,49d
15e,4ae
15e,4c7
15e,4cb
15e,4cd
15e,4d3
15e,4d5
15e,4d9
15e,4e6
15e,4ea
15e,4ec
15e,4f2
15e,58d
15e,599
15e,64b
15e,64d
15e,666
15e,68e
168,18f
168,19b
168,1c7
168,1d3
168,201
168,202
168,204
168,20b
168,20d
168,20e
168,225
168,226
168,22f
168,243
168,245
168,246
168,24f
168,251
168,252
168,254
168,25b
168,25d
168,25e
168,267
168,273
168,275
168,276
168,289
168,28a
168,28c
168,2a1
168,2a2
168,2ab
168,2ad
168,2ae
168,2cb
168,2cd
168,2ce
168,2d9
168,2da
168,2dc
168,2e3
168,2e5
168,2e6
168,2f1
168,2f2
168,38b
168,38d
168,38e
168,399
168,39a
168,404
168,40d
168,40e
168,445
168,446
168,44f
168,451
168,452
168,454
168,45b
168,45d
168,45e
168,475
168,476
168,489
168,48a
168,48c
168,4ad
168,4ae
168,4cb
168,4cd
168,4ce
168,4d9
168,4da
168,4dc
168,4e5
168,4e6
168,4f1
168,4f2
168,58d
168,58e
168,599
168,59a
168,64b
168,64d
168,64e
168,665
168,666
16d,18a
16d,19b
16d,1d3
16d,1da
16d,201
16d,204
16d,20b
16d,20e
16d,226
16d,243
16d,246
16d,24a
16d,251
16d,254
16d,25b
16d,25e
16d,262
16d,273
16d,276
16d,285
16d,289
16d,28c
16d,28f
16d,29d
16d,2a1
16d,2a7
16d,2ab
16d,2ae
16d,2c7
16d,2cb
16d,2ce
16d,2d5
16d,2d9
16d,2dc
16d,2e3
16d,2e6
16d,2ea
16d,2f1
16d,30a
16d,35a
16d,372
16d,38b
16d,38e
16d,399
16d,3aa
16d,404
16d,40e
16d,446
16d,44a
16d,451
16d,454
16d,45b
16d,45e
16d,476
16d,485
16d,489
16d,48c
16d,48f
16d,49d
16d,4ae
16d,4c7
16d,4cb
16d,4ce
16d,4d5
16d,4d9
16d,4dc
16d,4e6
16d,4ea
16d,4f1
16d,55a
16d,58e
16d,599
16d,64b
16d,64e
16d,666
16d,68d
16d,6a5
16e,189
16e,19b
16e,1d3
16e,1d9
16e,202
16e,204
16e,20b
16e,20d
16e,225
16e,243
16e,245
16e,249
16e,252
16e,254
16e,25b
16e,25d
16e,261
16e,273
16e,275
16e,286
16e,28a
16e,28c
16e,28f
16e,29e
16e,2a2
16e,2a7
16e,2ab
16e,2ad
16e,2c7
16e,2cb
16e,2cd
16e,2d6
16e,2da
16e,2dc
16e,2e3
16e,2e5
16e,2e9
16e,2f2
16e,309
16e,359
16e,371
16e,38b
16e,38d
16e,39a
16e,3a9
16e,404
16e,40d
16e,445
16e,449
16e,452
16e,454
16e,45b
16e,45d
16e,475
16e,486
16e,48a
16e,48c
16e,48f
16e,49e
16e,4ad
16e,4c7
16e,4cb
16e,4cd
16e,4d6
16e,4da
16e,4dc
16e,4e5
16e,4e9
16e,4f2
16e,559
16e,58d
16e,59a
16e,64b
16e,64d
16e,665
16e,68e
16e,6a6
179,18a
179,18f
179,1c7
179,1ce
179,201
179,20b
179,20d
179,225
179,22f
179,243
179,245
179,24a
179,24c
179,24f
179,252
179,254
179,25e
179,262
179,264
179,267
179,26e
179,276
179,289
179,291
179,29b
179,29d
179,2a1
179,2ab
179,2ad
179,2b3
179,2cb
179,2cd
179,2d3
179,2d5
179,2da
179,2dc
179,2e3
179,2e5
179,2ea
179,2ec
179,2f2
179,30a
179,30c
179,32e
179,34e
179,366
179,38b
179,38d
179,39a
179,3aa
179,40d
179,445
179,44a
179,44c
179,44f
179,452
179,454
179,45e
179,464
179,46e
179,476
179,489
179,491
179,49b
179,49d
179,4ad
179,4cb
179,4cd
179,4d3
179,4d5
179,4da
179,4dc
179,4e5
179,4ea
179,4ec
179,4f2
179,50c
179,54e
179,58d
179,59a
179,64b
179,64d
179,665
17a,189
17a,18f
17a,1c7
17a,1cd
17a,202
17a,20b
17a,20e
17a,226
17a,22f
17a,243
17a,246
17a,249
17a,24c
17a,24f
17a,251
17a,254
17a,25d
17a,261
17a,264
17a,267
17a,26d
17a,275
17a,28a
17a,292
17a,29b
17a,29e
17a,2a2
17a,2ab
17a,2ae
17a,2b3
17a,2cb
17a,2ce
17a,2d3
17a,2d6
17a,2d9
17a,2dc
17a,2e3
17a,2e6
17a,2e9
17a,2ec
17a,2f1
17a,309
17a,30c
17a,32d
17a,34d
17a,365
17a,38b
17a,38e
17a,399
17a,3a9
17a,40e
17a,446
17a,449
17a,44c
17a,44f
17a,451
17a,454
17a,45d
17a,464
17a,46d
17a,475
17a,48a
17a,492
17a,49b
17a,49e
17a,4ae
17a,4cb
17a,4ce
17a,4d3
17a,4d6
17a,4d9
17a,4dc
17a,4e6
17a,4e9
17a,4ec
17a,4f1
17a,50c
17a,54d
17a,58e
17a,599
17a,64b
17a,64e
17a,666
189,202
189,204
189,20e
189,225
189,22f
189,243
189,245
189,24a
189,24c
189,24f
189,251
189,25b
189,25d
189,261
189,26b
189,26d
189,286
189,292
189,29e
189,2a2
189,2a7
189,2ae
189,2b3
189,2c7
189,2ce
189,2d3
189,2d5
189,2da
189,2dc
189,2e3
189,2e5
189,2ea
189,2ec
189,2f1
189,32e
189,34e
189,35a
189,35c
189,365
189,36a
189,36c
189,371
189,404
189,40e
189,445
189,44a
189,44c
189,44f
189,451
189,45b
189,45d
189,46d
189,486
189,492
189,49e
189,4ae
189,4c7
189,4ce
189,4d3
189,4d5
189,4da
189,4dc
189,4e5
189,4ea
189,4ec
189,4f1
189,54e
189,55a
189,55c
189,56c
189,64b
189,64d
189,68e
189,6a5
18a,201
18a,204
18a,20d
18a,226
18a,22f
18a,243
18a,246
18a,249
18a,24c
18a,24f
18a,252
18a,25b
18a,25e
18a,262
18a,26b
18a,26e
18a,285
18a,291
18a,29d
18a,2a1
18a,2a7
18a,2ad
18a,2b3
18a,2c7
18a,2cd
18a,2d3
18a,2d6
18a,2d9
18a,2dc
18a,2e3
18a,2e6
18a,2e9
18a,2ec
18a,2f2
18a,32d
18a,34d
18a,359
18a,35c
18a,366
18a,369
18a,36c
18a,372
18a,404
18a,40d
18a,446
18a,449
18a,44c
18a,44f
18a,452
18a,45b
18a,45e
18a,46e
18a,485
18a,491
18a,49d
18a,4ad
18a,4c7
18a,4cd
18a,4d3
18a,4d6
18a,4d9
18a,4dc
18a,4e6
18a,4e9
18a,4ec
18a,4f2
18a,54d
18a,559
18a,55c
18a,56c
18a,64b
18a,64e
18a,68d
18a,6a6
18f,201
18f,202
18f,204
18f,225
18f,226
18f,243
18f,245
18f,246
18f,249
18f,24a
18f,24c
18f,25b
18f,25d
18f,25e
18f,267
18f,26b
18f,26d
18f,26e
18f,291
18f,292
18f,2a1
18f,2a2
18f,2b3
18f,2d3
18f,2d5
18f,2d6
18f,2d9
18f,2da
18f,2dc
18f,2e3
18f,2e5
18f,2e6
18f,2e9
18f,2ea
18f,2ec
18f,359
18f,35a
18f,35c
18f,365
18f,366
18f,369
18f,36a
18f,36c
18f,404
18f,445
18f,446
18f,449
18f,44a
18f,44c
18f,45b
18f,45d
18f,45e
18f,46d
18f,46e
18f,491
18f,492
18f,4d3
18f,4d5
18f,4d6
18f,4d9
18f,4da
18f,4dc
18f,4e5
18f,4e6
18f,4e9
18f,4ea
18f,4ec
18f,559
18f,55a
18f,55c
18f,56c
18f,64b
18f,64d
18f,64e
18f,6a5
18f,6a6
19b,201
19b,202
19b,20d
19b,20e
19b,22f
19b,243
19b,249
19b,24a
19b,24f
19b,251
19b,252
19b,25d
19b,25e
19b,26b
19b,273
19b,285
19b,286
19b,28c
19b,2a1
19b,2a2
19b,2a7
19b,2ad
19b,2ae
19b,2c7
19b,2cd
19b,2ce
19b,2d5
19b,2d6
19b,2dc
19b,2e3
19b,2e9
19b,2ea
19b,2f1
19b,2f2
19b,30c
19b,32d
19b,32e
19b,34d
19b,34e
19b,35c
19b,369
19b,36a
19b,371
19b,372
19b,40d
19b,40e
19b,449
19b,44a
19b,44f
19b,451
19b,452
19b,45d
19b,45e
19b,485
19b,486
19b,48c
19b,4ad
19b,4ae
19b,4c7
19b,4cd
19b,4ce
19b,4d5
19b,4d6
19b,4dc
19b,4e9
19b,4ea
19b,4f1
19b,4f2
19b,50c
19b,54d
19b,54e
19b,55c
19b,64b
19b,68d
19b,68e
1c7,201
1c7,202
1c7,204
1c7,20b
1c7,20d
1c7,20e
1c7,225
1c7,226
1c7,22f
1c7,249
1c7,24a
1c7,24c
1c7,251
1c7,252
1c7,254
1c7,25b
1c7,25d
1c7,25e
1c7,261
1c7,262
1c7,264
1c7,26b
1c7,26d
1c7,26e
1c7,273
1c7,275
1c7,276
1c7,289
1c7,28a
1c7,28c
1c7,291
1c7,292
1c7,29b
1c7,29d
1c7,29e
1c7,2a1
1c7,2a2
1c7,2ab
1c7,2ad
1c7,2ae
1c7,2b3
1c7,2d9
1c7,2da
1c7,2dc
1c7,2e9
1c7,2ea
1c7,2ec
1c7,2f1
1c7,2f2
1c7,309
1c7,30a
1c7,30c
1c7,32d
1c7,32e
1c7,359
1c7,35a
1c7,35c
1c7,369
1c7,36a
1c7,36c
1c7,371
1c7,372
1c7,399
1c7,39a
1c7,3a9
1c7,3aa
1c7,404
1c7,40d
1c7,40e
1c7,449
1c7,44a
1c7,44c
1c7,451
1c7,452
1c7,454
1c7,45b
1c7,45d
1c7,45e
1c7,464
1c7,46d
1c7,46e
1c7,475
1c7,476
1c7,489
1c7,48a
1c7,48c
1c7,491
1c7,492
1c7,49b
1c7,49d
1c7,49e
1c7,4ad
1c7,4ae
1c7,4d9
1c7,4da
1c7,4dc
1c7,4e9
1c7,4ea
1c7,4ec
1c7,4f1
1c7,4f2
1c7,50c
1c7,559
1c7,55a
1c7,55c
1c7,56c
1c7,599
1c7,59a
1c7,64b
1c7,64d
1c7,64e
1c7,665
1c7,666
1c7,68b
1c7,68d
1c7,68e
1c7,6a5
1c7,6a6
1cb,201
1cb,202
1cb,20d
1cb,20e
1cb,22f
1cb,245
1cb,246
1cb,24c
1cb,251
1cb,252
1cb,25d
1cb,25e
1cb,261
1cb,262
1cb,267
1cb,26d
1cb,26e
1cb,273
1cb,285
1cb,286
1cb,28c
1cb,291
1cb,292
1cb,29d
1cb,29e
1cb,2a1
1cb,2a2
1cb,2a7
1cb,2ad
1cb,2ae
1cb,2b3
1cb,2d5
1cb,2d6
1cb,2dc
1cb,2e5
1cb,2e6
1cb,2ec
1cb,2f1
1cb,2f2
1cb,30c
1cb,32d
1cb,32e
1cb,35c
1cb,365
1cb,366
1cb,36c
1cb,371
1cb,372
1cb,40d
1cb,40e
1cb,445
1cb,446
1cb,44c
1cb,451
1cb,452
1cb,45d
1cb,45e
1cb,46d
1cb,46e
1cb,485
1cb,486
1cb,48c
1cb,491
1cb,492
1cb,49d
1cb,49e
1cb,4ad
1cb,4ae
1cb,4d5
1cb,4d6
1cb,4dc
1cb,4e5
1cb,4e6
1cb,4ec
1cb,4f1
1cb,4f2
1cb,50c
1cb,55c
1cb,56c
1cb,64d
1cb,64e
1cb,68d
1cb,68e
1cd,201
1cd,204
1cd,20b
1cd,20e
1cd,225
1cd,22f
1cd,243
1cd,246
1cd,24a
1cd,251
1cd,254
1cd,25b
1cd,25e
1cd,261
1cd,264
1cd,267
1cd,26b
1cd,26e
1cd,275
1cd,283
1cd,286
1cd,28a
1cd,291
1cd,29b
1cd,29e
1cd,2a1
1cd,2a7
1cd,2ab
1cd,2ae
1cd,2d3
1cd,2d6
1cd,2da
1cd,2e3
1cd,2e6
1cd,2ea
1cd,2f1
1cd,30a
1cd,32e
1cd,35a
1cd,366
1cd,36a
1cd,371
1cd,39a
1cd,3aa
1cd,404
1cd,40e
1cd,446
1cd,44a
1cd,451
1cd,454
1cd,45b
1cd,45e
1cd,464
1cd,46e
1cd,475
1cd,486
1cd,48a
1cd,491
1cd,49b
1cd,49e
1cd,4ae
1cd,4d3
1cd,4d6
1cd,4da
1cd,4e6
1cd,4ea
1cd,4f1
1cd,55a
1cd,59a
1cd,64b
1cd,64e
1cd,665
1cd,68b
1cd,68e
1cd,6a5
1ce,202
1ce,204
1ce,20b
1ce,20d
1ce,226
1ce,22f
1ce,243
1ce,245
1ce,249
1ce,252
1ce,254
1ce,25b
1ce,25d
1ce,262
1ce,264
1ce,267
1ce,26b
1ce,26d
1ce,276
1ce,283
1ce,285
1ce,289
1ce,292
1ce,29b
1ce,29d
1ce,2a2
1ce,2a7
1ce,2ab
1ce,2ad
1ce,2d3
1ce,2d5
1ce,2d9
1ce,2e3
1ce,2e5
1ce,2e9
1ce,2f2
1ce,309
1ce,32d
1ce,359
1ce,365
1ce,369
1ce,372
1ce,399
1ce,3a9
1ce,404
1ce,40d
1ce,445
1ce,449
1ce,452
1ce,454
1ce,45b
1ce,45d
1ce,464
1ce,46d
1ce,476
1ce,485
1ce,489
1ce,492
1ce,49b
1ce,49d
1ce,4ad
1ce,4d3
1ce,4d5
1ce,4d9
1ce,4e5
1ce,4e9
1ce,4f2
1ce,559
1ce,599
1ce,64b
1ce,64d
1ce,666
1ce,68b
1ce,68d
1ce,6a6
1d3,201
1d3,202
1d3,20b
1d3,245
1d3,246
1d3,249
1d3,24a
1d3,24f
1d3,254
1d3,25d
1d3,25e
1d3,261
1d3,262
1d3,267
1d3,26b
1d3,275
1d3,276
1d3,285
1d3,286
1d3,289
1d3,28a
1d3,28f
1d3,29d
1d3,29e
1d3,2a1
1d3,2a2
1d3,2a7
1d3,2ab
1d3,2cd
1d3,2ce
1d3,2dc
1d3,2e5
1d3,2e6
1d3,2e9
1d3,2ea
1d3,309
1d3,30a
1d3,34d
1d3,34e
1d3,35c
1d3,365
1d3,366
1d3,369
1d3,36a
1d3,38d
1d3,38e
1d3,3a9
1d3,3aa
1d3,445
1d3,446
1d3,449
1d3,44a
1d3,44f
1d3,454
1d3,45d
1d3,45e
1d3,475
1d3,476
1d3,485
1d3,486
1d3,489
1d3,48a
1d3,48f
1d3,49d
1d3,49e
1d3,4cd
1d3,4ce
1d3,4dc
1d3,4e5
1d3,4e6
1d3,4e9
1d3,4ea
1d3,54d
1d3,54e
1d3,55c
1d3,58d
1d3,58e
1d3,64b
1d3,68b
1d9,201
1d9,20b
1d9,20d
1d9,243
1d9,245
1d9,24a
1d9,24c
1d9,24f
1d9,252
1d9,254
1d9,25e
1d9,261
1d9,26b
1d9,26d
1d9,273
1d9,275
1d9,283
1d9,285
1d9,28a
1d9,28c
1d9,28f
1d9,292
1d9,29e
1d9,2a1
1d9,2ab
1d9,2ad
1d9,2b3
1d9,2c7
1d9,2ce
1d9,2d6
1d9,2e3
1d9,2e5
1d9,2ea
1d9,2ec
1d9,2f2
1d9,30a
1d9,30c
1d9,32d
1d9,34e
1d9,365
1d9,36a
1d9,36c
1d9,372
1d9,38e
1d9,3aa
1d9,40d
1d9,445
1d9,44a
1d9,44c
1d9,44f
1d9,452
1d9,454
1d9,45e
1d9,46d
1d9,475
1d9,485
1d9,48a
1d9,48c
1d9,48f
1d9,492
1d9,49e
1d9,4ad
1d9,4c7
1d9,4ce
1d9,4d6
1d9,4e5
1d9,4ea
1d9,4ec
1d9,4f2
1d9,50c
1d9,54e
1d9,56c
1d9,58e
1d9,64b
1d9,64d
1d9,68b
1d9,68d
1da,202
1da,20b
1da,20e
1da,243
1da,246
1da,249
1da,24c
1da,24f
1da,251
1da,254
1da,25d
1da,262
1da,26b
1da,26e
1da,273
1da,276
1da,283
1da,286
1da,289
1da,28c
1da,28f
1da,291
1da,29d
1da,2a2
1da,2ab
1da,2ae
1da,2b3
1da,2c7
1da,2cd
1da,2d5
1da,2e3
1da,2e6
1da,2e9
1da,2ec
1da,2f1
1da,309
1da,30c
1da,32e
1da,34d
1da,366
1da,369
1da,36c
1da,371
1da,38d
1da,3a9
1da,40e
1da,446
1da,449
1da,44c
1da,44f
1da,451
1da,454
1da,45d
1da,46e
1da,476
1da,486
1da,489
1da,48c
1da,48f
1da,491
1da,49d
1da,4ae
1da,4c7
1da,4cd
1da,4d5
1da,4e6
1da,4e9
1da,4ec
1da,4f1
1da,50c
1da,54d
1da,56c
1da,58d
1da,64b
1da,64e
1da,68b
1da,68e
1e9,201
1e9,20b
1e9,20d
1e9,225
1e9,22f
1e9,243
1e9,245
1e9,24a
1e9,24c
1e9,24f
1e9,251
1e9,25b
1e9,25d
1e9,262
1e9,264
1e9,267
1e9,26e
1e9,273
1e9,275
1e9,283
1e9,285
1e9,28a
1e9,28c
1e9,28f
1e9,291
1e9,29b
1e9,29d
1e9,2a2
1e9,2a7
1e9,2ae
1e9,2b3
1e9,2c7
1e9,2ce
1e9,2d3
1e9,2d5
1e9,2da
1e9,2dc
1e9,2e6
1e9,2f2
1e9,30a
1e9,30c
1e9,32e
1e9,34e
1e9,35a
1e9,35c
1e9,366
1e9,372
1e9,38e
1e9,39a
1e9,40d
1e9,445
1e9,44a
1e9,44c
1e9,44f
1e9,451
1e9,45b
1e9,45d
1e9,464
1e9,46e
1e9,475
1e9,485
1e9,48a
1e9,48c
1e9,48f
1e9,491
1e9,49b
1e9,49d
1e9,4ae
1e9,4c7
1e9,4ce
1e9,4d3
1e9,4d5
1e9,4da
1e9,4dc
1e9,4e6
1e9,4f2
1e9,50c
1e9,54e
1e9,55a
1e9,55c
1e9,58e
1e9,59a
1e9,64b
1e9,64d
1e9,665
1e9,68b
1e9,68d
1e9,6a5
1ea,202
1ea,20b
1ea,20e
1ea,226
1ea,22f
1ea,243
1ea,246
1ea,249
1ea,24c
1ea,24f
1ea,252
1ea,25b
1ea,25e
1ea,261
1ea,264
1ea,267
1ea,26d
1ea,273
1ea,276
1ea,283
1ea,286
1ea,289
1ea,28c
1ea,28f
1ea,292
1ea,29b
1ea,29e
1ea,2a1
1ea,2a7
1ea,2ad
1ea,2b3
1ea,2c7
1ea,2cd
1ea,2d3
1ea,2d6
1ea,2d9
1ea,2dc
1ea,2e5
1ea,2f1
1ea,309
1ea,30c
1ea,32d
1ea,34d
1ea,359
1ea,35c
1ea,365
1ea,371
1ea,38d
1ea,399
1ea,40e
1ea,446
1ea,449
1ea,44c
1ea,44f
1ea,452
1ea,45b
1ea,45e
1ea,464
1ea,46d
1ea,476
1ea,486
1ea,489
1ea,48c
1ea,48f
1ea,492
1ea,49b
1ea,49e
1ea,4ad
1ea,4c7
1ea,4cd
1ea,4d3
1ea,4d6
1ea,4d9
1ea,4dc
1ea,4e5
1ea,4f1
1ea,50c
1ea,54d
1ea,559
1ea,55c
1ea,58d
1ea,599
1ea,64b
1ea,64e
1ea,666
1ea,68b
1ea,68e
1ea,6a6
201,25e
201,26e
201,276
201,29e
201,2ae
201,2ce
201,2d6
201,2da
201,2dc
201,2e6
201,2ea
201,2ec
201,2f2
201,32e
201,34e
201,35a
201,35c
201,366
201,36a
201,36c
201,372
201,38e
201,39a
201,3aa
201,40e
201,446
201,44a
201,44c
201,44f
201,452
201,454
201,45b
201,45d
201,464
201,46d
201,475
201,486
201,48a
201,48c
201,48f
201,492
201,49b
201,49d
201,4ad
201,4c7
201,4cb
201,4cd
201,4d3
201,4d5
201,4d9
201,4e5
201,4e9
201,4f1
201,50c
201,54d
201,559
201,58d
201,599
201,64e
201,666
201,68e
201,6a6
202,25d
202,26d
202,275
202,29d
202,2ad
202,2cd
202,2d5
202,2d9
202,2dc
202,2e5
202,2e9
202,2ec
202,2f1
202,32d
202,34d
202,359
202,35c
202,365
202,369
202,36c
202,371
202,38d
202,399
202,3a9
202,40d
202,445
202,449
202,44c
202,44f
202,451
202,454
202,45b
202,45e
202,464
202,46e
202,476
202,485
202,489
202,48c
202,48f
202,491
202,49b
202,49e
202,4ae
202,4c7
202,4cb
202,4ce
202,4d3
202,4d6
202,4da
202,4e6
202,4ea
202,4f2
202,50c
202,54e
202,55a
202,58e
202,59a
202,64d
202,665
202,68d
202,6a5
204,25b
204,26b
204,273
204,29b
204,2ab
204,2b3
204,2cb
204,2d3
204,2d9
204,2da
204,2e3
204,2e9
204,2ea
204,2f1
204,2f2
204,34b
204,359
204,35a
204,369
204,36a
204,371
204,372
204,38b
204,399
204,39a
204,3a9
204,3aa
204,449
204,44a
204,44f
204,451
204,452
204,45d
204,45e
204,46d
204,46e
204,475
204,476
204,489
204,48a
204,48f
204,491
204,492
204,49d
204,49e
204,4ad
204,4ae
204,4c7
204,4cd
204,4ce
204,4d5
204,4d6
204,4dc
204,4e5
204,4e6
204,4ec
204,54d
204,54e
204,55c
204,56c
204,58d
204,58e
204,64b
204,68b
20b,254
20b,264
20b,275
20b,276
20b,2d5
20b,2d6
20b,2dc
20b,2e5
20b,2e6
20b,2ec
20b,2f1
20b,2f2
20b,35c
20b,365
20b,366
20b,36c
20b,371
20b,372
20b,404
20b,445
20b,446
20b,44c
20b,451
20b,452
20b,45d
20b,45e
20b,46d
20b,46e
20b,485
20b,486
20b,48c
20b,491
20b,492
20b,49d
20b,49e
20b,4ad
20b,4ae
20b,4c7
20b,4cd
20b,4ce
20b,4d3
20b,4d9
20b,4da
20b,4e9
20b,4ea
20b,50c
20b,54d
20b,54e
20b,559
20b,55a
20b,58d
20b,58e
20b,599
20b,59a
20b,665
20b,666
20b,6a5
20b,6a6
20d,252
20d,262
20d,273
20d,276
20d,292
20d,2a2
20d,2b3
20d,2d3
20d,2d6
20d,2da
20d,2e3
20d,2e6
20d,2ea
20d,2f1
20d,35a
20d,366
20d,36a
20d,371
20d,39a
20d,3aa
20d,446
20d,44a
20d,451
20d,454
20d,45b
20d,45e
20d,464
20d,46e
20d,475
20d,486
20d,48a
20d,491
20d,49b
20d,49e
20d,4ae
20d,4c7
20d,4cb
20d,4ce
20d,4d5
20d,4d9
20d,4dc
20d,4e5
20d,4e9
20d,4ec
20d,54e
20d,559
20d,55c
20d,56c
20d,58e
20d,599
20d,666
20d,6a6
20e,251
20e,261
20e,273
20e,275
20e,291
20e,2a1
20e,2b3
20e,2d3
20e,2d5
20e,2d9
20e,2e3
20e,2e5
20e,2e9
20e,2f2
20e,359
20e,365
20e,369
20e,372
20e,399
20e,3a9
20e,445
20e,449
20e,452
20e,454
20e,45b
20e,45d
20e,464
20e,46d
20e,476
20e,485
20e,489
20e,492
20e,49b
20e,49d
20e,4ad
20e,4c7
20e,4cb
20e,4cd
20e,4d6
20e,4da
20e,4dc
20e,4e6
20e,4ea
20e,4ec
20e,54d
20e,55a
20e,55c
20e,56c
20e,58d
20e,59a
20e,665
20e,6a5
225,24a
225,252
225,25b
225,25e
225,28a
225,292
225,29b
225,29e
225,2cb
225,2ce
225,2d3
225,2d6
225,2d9
225,2dc
225,2ea
225,2f2
225,30a
225,34b
225,34e
225,359
225,35c
225,36a
225,372
225,38b
225,38e
225,399
225,3aa
225,40e
225,446
225,449
225,44c
225,44f
225,451
225,454
225,45d
225,46e
225,476
225,486
225,489
225,48c
225,48f
225,491
225,49d
225,4ae
225,4c7
225,4cd
225,4d5
225,4e6
225,4e9
225,4ec
225,4f1
225,50c
225,54d
225,56c
225,58d
225,64b
225,64e
225,68b
225,68e
226,249
226,251
226,25b
226,25d
226,289
226,291
226,29b
226,29d
226,2cb
226,2cd
226,2d3
226,2d5
226,2da
226,2dc
226,2e9
226,2f1
226,309
226,34b
226,34d
226,35a
226,35c
226,369
226,371
226,38b
226,38d
226,39a
226,3a9
226,40d
226,445
226,44a
226,44c
226,44f
226,452
226,454
226,45e
226,46d
226,475
226,485
226,48a
226,48c
226,48f
226,492
226,49e
226,4ad
226,4c7
226,4ce
226,4d6
226,4e5
226,4ea
226,4ec
226,4f2
226,50c
226,54e
226,56c
226,58e
226,64b
226,64d
226,68b
226,68d
22f,251
22f,252
22f,254
22f,291
22f,292
22f,2d3
22f,2d5
22f,2d6
22f,2d9
22f,2da
22f,2dc
22f,2f1
22f,2f2
22f,359
22f,35a
22f,35c
22f,371
22f,372
22f,399
22f,39a
22f,404
22f,445
22f,446
22f,449
22f,44a
22f,44c
22f,45b
22f,45d
22f,45e
22f,464
22f,475
22f,476
22f,485
22f,486
22f,489
22f,48a
22f,48c
22f,49b
22f,49d
22f,49e
22f,4c7
22f,4cb
22f,4cd
22f,4ce
22f,4e5
22f,4e6
22f,4e9
22f,4ea
22f,4ec
22f,50c
22f,54d
22f,54e
22f,56c
22f,58d
22f,58e
243,28c
243,29d
243,29e
243,2ad
243,2ae
243,2dc
243,2ec
243,30c
243,32d
243,32e
243,35c
243,36c
243,38d
243,38e
243,399
243,39a
243,3a9
243,3aa
243,404
243,40d
243,40e
243,44c
243,454
243,45d
243,45e
243,464
243,46d
243,46e
243,475
243,476
243,485
243,486
243,489
243,48a
243,48f
243,491
243,492
243,49b
243,4cd
243,4ce
243,4d5
243,4d6
243,4d9
243,4da
243,4e5
243,4e6
243,4e9
243,4ea
243,4f1
243,4f2
243,54d
243,54e
243,559
243,55a
243,68d
243,68e
243,6a5
243,6a6
245,28a
245,292
245,29b
245,29e
245,2a2
245,2ab
245,2ae
245,2b3
245,2da
245,2ea
245,2f2
245,30a
245,32e
245,35a
245,36a
245,372
245,38b
245,38e
245,399
245,3a9
245,40e
245,44a
245,452
245,45b
245,45e
245,46e
245,476
245,486
245,489
245,48c
245,48f
245,491
245,49d
245,4ad
245,4cb
245,4ce
245,4d3
245,4d6
245,4d9
245,4dc
245,4e6
245,4e9
245,4ec
245,4f1
245,50c
245,54e
245,559
245,55c
245,56c
245,58d
245,68b
245,68e
245,6a6
246,289
246,291
246,29b
246,29d
246,2a1
246,2ab
246,2ad
246,2b3
246,2d9
246,2e9
246,2f1
246,309
246,32d
246,359
246,369
246,371
246,38b
246,38d
246,39a
246,3aa
246,40d
246,449
246,451
246,45b
246,45d
246,46d
246,475
246,485
246,48a
246,48c
246,48f
246,492
246,49e
246,4ae
246,4cb
246,4cd
246,4d3
246,4d5
246,4da
246,4dc
246,4e5
246,4ea
246,4ec
246,4f2
246,50c
246,54d
246,55a
246,55c
246,56c
246,58e
246,68b
246,68d
246,6a5
249,276
249,286
249,292
249,29e
249,2a2
249,2a7
249,2ae
249,2b3
249,2d6
249,2e6
249,2f2
249,32e
249,366
249,372
249,38e
249,39a
249,3aa
249,404
249,40e
249,446
249,452
249,454
249,45e
249,464
249,46e
249,475
249,485
249,48a
249,48c
249,48f
249,491
249,49b
249,49d
249,4ad
249,4c7
249,4ce
249,4d3
249,4d5
249,4da
249,4dc
249,4e5
249,4ea
249,4ec
249,4f1
249,50c
249,54e
249,55a
249,55c
249,56c
249,58d
249,599
249,666
249,68e
249,6a5
24a,275
24a,285
24a,291
24a,29d
24a,2a1
24a,2a7
24a,2ad
24a,2b3
24a,2d5
24a,2e5
24a,2f1
24a,32d
24a,365
24a,371
24a,38d
24a,399
24a,3a9
24a,404
24a,40d
24a,445
24a,451
24a,454
24a,45d
24a,464
24a,46d
24a,476
24a,486
24a,489
24a,48c
24a,48f
24a,492
24a,49b
24a,49e
24a,4ae
24a,4c7
24a,4cd
24a,4d3
24a,4d6
24a,4d9
24a,4dc
24a,4e6
24a,4e9
24a,4ec
24a,4f2
24a,50c
24a,54d
24a,559
24a,55c
24a,56c
24a,58e
24a,59a
24a,665
24a,68d
24a,6a6
24c,273
24c,283
24c,291
24c,292
24c,29b
24c,2a1
24c,2a2
24c,2a7
24c,2ab
24c,2d3
24c,2e3
24c,2f1
24c,2f2
24c,371
24c,372
24c,38b
24c,399
24c,39a
24c,3a9
24c,3aa
24c,451
24c,452
24c,45b
24c,475
24c,476
24c,485
24c,486
24c,489
24c,48a
24c,48f
24c,49d
24c,49e
24c,4ad
24c,4ae
24c,4c7
24c,4cb
24c,4d5
24c,4d6
24c,4d9
24c,4da
24c,4e5
24c,4e6
24c,4e9
24c,4ea
24c,559
24c,55a
24c,58d
24c,58e
24c,68b
24c,6a5
24c,6a6
24f,291
24f,292
24f,2a1
24f,2a2
24f,2b3
24f,2f1
24f,2f2
24f,371
24f,372
24f,399
24f,39a
24f,3a9
24f,3aa
24f,404
24f,451
24f,452
24f,454
24f,464
24f,475
24f,476
24f,485
24f,486
24f,489
24f,48a
24f,48c
24f,49b
24f,49d
24f,49e
24f,4ad
24f,4ae
24f,4d3
24f,4d5
24f,4d6
24f,4d9
24f,4da
24f,4dc
24f,4e5
24f,4e6
24f,4e9
24f,4ea
24f,4ec
24f,50c
24f,559
24f,55a
24f,55c
24f,56c
24f,58d
24f,58e
24f,6a5
24f,6a6
251,26e
251,286
251,28a
251,28c
251,28f
251,29e
251,2a2
251,2a7
251,2ab
251,2ad
251,2ce
251,2e6
251,2ea
251,2ec
251,30a
251,30c
251,32d
251,34e
251,366
251,36a
251,36c
251,38b
251,38d
251,39a
251,3a9
251,404
251,40d
251,446
251,44a
251,44c
251,44f
251,45e
251,464
251,46d
251,476
251,485
251,489
251,492
251,49b
251,49d
251,4c7
251,4cb
251,4cd
251,4d6
251,4da
251,4dc
251,4e5
251,4e9
251,4f2
251,54d
251,55a
251,55c
251,599
251,64e
251,666
251,68b
251,68d
251,6a5
252,26d
252,285
252,289
252,28c
252,28f
252,29d
252,2a1
252,2a7
252,2ab
252,2ae
252,2cd
252,2e5
252,2e9
252,2ec
252,309
252,30c
252,32e
252,34d
252,365
252,369
252,36c
252,38b
252,38e
252,399
252,3aa
252,404
252,40e
252,445
252,449
252,44c
252,44f
252,45d
252,464
252,46e
252,475
252,486
252,48a
252,491
252,49b
252,49e
252,4c7
252,4cb
252,4ce
252,4d5
252,4d9
252,4dc
252,4e6
252,4ea
252,4f1
252,54e
252,559
252,55c
252,59a
252,64d
252,665
252,68b
252,68e
252,6a6
254,26b
254,283
254,289
254,28a
254,28f
254,29b
254,2a1
254,2a2
254,2a7
254,2ad
254,2ae
254,2b3
254,2cb
254,2e3
254,2e9
254,2ea
254,309
254,30a
254,32d
254,32e
254,34b
254,369
254,36a
254,38d
254,38e
254,399
254,39a
254,40d
254,40e
254,449
254,44a
254,44f
254,45b
254,46d
254,46e
254,485
254,486
254,48c
254,491
254,492
254,49d
254,49e
254,4c7
254,4cd
254,4ce
254,4d3
254,4d9
254,4da
254,4e5
254,4e6
254,4ec
254,4f1
254,4f2
254,50c
254,54d
254,54e
254,559
254,55a
254,56c
254,64b
254,68d
254,68e
254,6a5
254,6a6
25b,264
25b,285
25b,286
25b,28c
25b,2a1
25b,2a2
25b,2a7
25b,2ad
25b,2ae
25b,2e5
25b,2e6
25b,2ec
25b,30c
25b,32d
25b,32e
25b,365
25b,366
25b,36c
25b,38d
25b,38e
25b,3a9
25b,3aa
25b,40d
25b,40e
25b,445
25b,446
25b,44c
25b,454
25b,46d
25b,46e
25b,475
25b,476
25b,489
25b,48a
25b,48f
25b,491
25b,492
25b,49d
25b,49e
25b,4c7
25b,4cd
25b,4ce
25b,4d5
25b,4d6
25b,4dc
25b,4e9
25b,4ea
25b,4f1
25b,4f2
25b,54d
25b,54e
25b,55c
25b,599
25b,59a
25b,665
25b,666
25b,68d
25b,68e
25d,262
25d,283
25d,286
25d,28a
25d,292
25d,2a1
25d,2a7
25d,2ab
25d,2ae
25d,2b3
25d,2e3
25d,2e6
25d,2ea
25d,2f2
25d,30a
25d,32e
25d,366
25d,36a
25d,372
25d,38b
25d,38e
25d,39a
25d,3a9
25d,404
25d,40e
25d,446
25d,44a
25d,452
25d,464
25d,46e
25d,476
25d,485
25d,489
25d,48c
25d,48f
25d,491
25d,49b
25d,49e
25d,4ad
25d,4c7
25d,4cb
25d,4ce
25d,4d3
25d,4d6
25d,4da
25d,4e5
25d,4e9
25d,4ec
25d,4f1
25d,50c
25d,54e
25d,55a
25d,56c
25d,58d
25d,599
25d,666
25d,68b
25d,68e
25d,6a5
25e,261
25e,283
25e,285
25e,289
25e,291
25e,2a2
25e,2a7
25e,2ab
25e,2ad
25e,2b3
25e,2e3
25e,2e5
25e,2e9
25e,2f1
25e,309
25e,32d
25e,365
25e,369
25e,371
25e,38b
25e,38d
25e,399
25e,3aa
25e,404
25e,40d
25e,445
25e,449
25e,451
25e,464
25e,46d
25e,475
25e,486
25e,48a
25e,48c
25e,48f
25e,492
25e,49b
25e,49d
25e,4ae
25e,4c7
25e,4cb
25e,4cd
25e,4d3
25e,4d5
25e,4d9
25e,4e6
25e,4ea
25e,4ec
25e,4f2
25e,50c
25e,54d
25e,559
25e,56c
25e,58e
25e,59a
25e,665
25e,68b
25e,68d
25e,6a6
261,286
261,28a
261,28c
261,28f
261,292
261,29b
261,29d
261,2ae
261,2ce
261,2d6
261,2da
261,2dc
261,30a
261,30c
261,32e
261,34e
261,35a
261,35c
261,38b
261,38d
261,399
261,3aa
261,404
261,40d
261,446
261,44a
261,44c
261,44f
261,452
261,454
261,45b
261,45d
261,46e
261,476
261,485
261,489
261,491
261,4ad
261,4c7
261,4cb
261,4cd
261,4d3
261,4d5
261,4d9
261,4e6
261,4ea
261,4ec
261,4f2
261,54d
261,559
261,56c
261,64e
261,68b
261,68d
261,6a6
262,285
262,289
262,28c
262,28f
262,291
262,29b
262,29e
262,2ad
262,2cd
262,2d5
262,2d9
262,2dc
262,309
262,30c
262,32d
262,34d
262,359
262,35c
262,38b
262,38e
262,39a
262,3a9
262,404
262,40e
262,445
262,449
262,44c
262,44f
262,451
262,454
262,45b
262,45e
262,46d
262,475
262,486
262,48a
262,492
262,4ae
262,4c7
262,4cb
262,4ce
262,4d3
262,4d6
262,4da
262,4e5
262,4e9
262,4ec
262,4f1
262,54e
262,55a
262,56c
262,64d
262,68b
262,68e
262,6a5
264,283
264,289
264,28a
264,28f
264,291
264,292
264,29d
264,29e
264,2ab
264,2b3
264,2cb
264,2d3
264,2d9
264,2da
264,309
264,30a
264,34b
264,359
264,35a
264,38d
264,38e
264,3a9
264,3aa
264,40d
264,40e
264,449
264,44a
264,44f
264,451
264,452
264,45d
264,45e
264,485
264,486
264,48c
264,4ad
264,4ae
264,4c7
264,4cd
264,4ce
264,4d5
264,4d6
264,4dc
264,4e9
264,4ea
264,4f1
264,4f2
264,50c
264,54d
264,54e
264,55c
264,64b
264,68d
264,68e
267,289
267,28a
267,28c
267,291
267,292
267,29b
267,29d
267,29e
267,2d9
267,2da
267,2dc
267,309
267,30a
267,30c
267,359
267,35a
267,35c
267,38b
267,38d
267,38e
267,3a9
267,3aa
267,404
267,40d
267,40e
267,449
267,44a
267,44c
267,451
267,452
267,454
267,45b
267,45d
267,45e
267,485
267,486
267,48f
267,4ad
267,4ae
267,4cb
267,4cd
267,4ce
267,4d3
267,4d5
267,4d6
267,4e9
267,4ea
267,4ec
267,4f1
267,4f2
267,54d
267,54e
267,56c
267,68b
267,68d
267,68e
26b,285
26b,286
26b,28c
26b,291
26b,292
26b,29d
26b,29e
26b,2d5
26b,2d6
26b,2dc
26b,30c
26b,35c
26b,38d
26b,38e
26b,399
26b,39a
26b,40d
26b,40e
26b,445
26b,446
26b,44c
26b,451
26b,452
26b,45d
26b,45e
26b,464
26b,475
26b,476
26b,489
26b,48a
26b,48f
26b,49b
26b,4ad
26b,4ae
26b,4c7
26b,4cd
26b,4ce
26b,4d3
26b,4d9
26b,4da
26b,4e5
26b,4e6
26b,4ec
26b,4f1
26b,4f2
26b,54d
26b,54e
26b,559
26b,55a
26b,56c
26b,68d
26b,68e
26b,6a5
26b,6a6
26d,283
26d,286
26d,28a
26d,291
26d,29b
26d,29e
26d,2a2
26d,2b3
26d,2d3
26d,2d6
26d,2da
26d,2f2
26d,30a
26d,35a
26d,372
26d,38b
26d,38e
26d,399
26d,3aa
26d,404
26d,40e
26d,446
26d,44a
26d,451
26d,454
26d,45b
26d,45e
26d,476
26d,485
26d,489
26d,48c
26d,48f
26d,49d
26d,4ae
26d,4c7
26d,4cb
26d,4ce
26d,4d5
26d,4d9
26d,4dc
26d,4e6
26d,4ea
26d,4f1
26d,50c
26d,54e
26d,559
26d,55c
26d,58d
26d,68b
26d,68e
26d,6a6
26e,283
26e,285
26e,289
26e,292
26e,29b
26e,29d
26e,2a1
26e,2b3
26e,2d3
26e,2d5
26e,2d9
26e,2f1
26e,309
26e,359
26e,371
26e,38b
26e,38d
26e,39a
26e,3a9
26e,404
26e,40d
26e,445
26e,449
26e,452
26e,454
26e,45b
26e,45d
26e,475
26e,486
26e,48a
26e,48c
26e,48f
26e,49e
26e,4ad
26e,4c7
26e,4cb
26e,4cd
26e,4d6
26e,4da
26e,4dc
26e,4e5
26e,4e9
26e,4f2
26e,50c
26e,54d
26e,55a
26e,55c
26e,58e
26e,68b
26e,68d
26e,6a5
273,285
273,286
273,289
273,28a
273,28f
273,29d
273,29e
273,2ad
273,2ae
273,2cd
273,2ce
273,2dc
273,2ec
273,309
273,30a
273,32d
273,32e
273,34d
273,34e
273,35c
273,36c
273,38b
273,399
273,39a
273,3a9
273,3aa
273,445
273,446
273,449
273,44a
273,44f
273,454
273,45d
273,45e
273,464
273,46d
273,46e
273,491
273,492
273,49b
273,4c7
273,4cb
273,4d5
273,4d6
273,4d9
273,4da
273,4e5
273,4e6
273,4e9
273,4ea
273,559
273,55a
273,64d
273,64e
273,68b
273,6a5
273,6a6
275,283
275,286
275,289
275,28c
275,28f
275,292
275,29b
275,29e
275,2a2
275,2ab
275,2ae
275,2cb
275,2ce
275,2da
275,2ea
275,309
275,30c
275,32e
275,34b
275,34e
275,35a
275,36a
275,38d
275,399
275,3a9
275,404
275,40d
275,446
275,449
275,44c
275,44f
275,452
275,45b
275,45e
275,46e
275,485
275,491
275,49d
275,4ad
275,4c7
275,4cd
275,4d3
275,4d6
275,4d9
275,4dc
275,4e6
275,4e9
275,4ec
275,4f2
275,54d
275,559
275,55c
275,56c
275,64b
275,64e
275,68d
275,6a6
276,283
276,285
276,28a
276,28c
276,28f
276,291
276,29b
276,29d
276,2a1
276,2ab
276,2ad
276,2cb
276,2cd
276,2d9
276,2e9
276,30a
276,30c
276,32d
276,34b
276,34d
276,359
276,369
276,38e
276,39a
276,3aa
276,404
276,40e
276,445
276,44a
276,44c
276,44f
276,451
276,45b
276,45d
276,46d
276,486
276,492
276,49e
276,4ae
276,4c7
276,4ce
276,4d3
276,4d5
276,4da
276,4dc
276,4e5
276,4ea
276,4ec
276,4f1
276,54e
276,55a
276,55c
276,56c
276,64b
276,64d
276,68e
276,6a5
283,2dc
283,2ec
283,30c
283,32d
283,32e
283,34d
283,34e
283,359
283,35a
283,365
283,366
283,369
283,36a
283,371
283,372
283,404
283,40d
283,40e
283,445
283,446
283,449
283,44a
283,44f
283,451
283,452
283,45b
283,48c
283,49d
283,49e
283,4ad
283,4ae
283,4cd
283,4ce
283,4d5
283,4d6
283,4d9
283,4da
283,4e5
283,4e6
283,4e9
283,4ea
283,4f1
283,4f2
283,58d
283,58e
283,599
283,59a
283,64d
283,64e
283,665
283,666
285,2da
285,2ea
285,2f2
285,30a
285,32e
285,34b
285,34e
285,359
285,35c
285,366
285,369
285,36c
285,371
285,39a
285,3aa
285,40e
285,446
285,449
285,44c
285,44f
285,451
285,454
285,45d
285,464
285,46d
285,475
285,48a
285,492
285,49b
285,49e
285,4ae
285,4cb
285,4ce
285,4d3
285,4d6
285,4d9
285,4dc
285,4e6
285,4e9
285,4ec
285,4f1
285,50c
285,54d
285,58e
285,599
285,64b
285,64e
285,666
286,2d9
286,2e9
286,2f1
286,309
286,32d
286,34b
286,34d
286,35a
286,35c
286,365
286,36a
286,36c
286,372
286,399
286,3a9
286,40d
286,445
286,44a
286,44c
286,44f
286,452
286,454
286,45e
286,464
286,46e
286,476
286,489
286,491
286,49b
286,49d
286,4ad
286,4cb
286,4cd
286,4d3
286,4d5
286,4da
286,4dc
286,4e5
286,4ea
286,4ec
286,4f2
286,50c
286,54e
286,58d
286,59a
286,64b
286,64d
286,665
289,2d6
289,2e6
289,2f2
289,32e
289,34e
289,35a
289,35c
289,365
289,36a
289,36c
289,371
289,404
289,40e
289,445
289,44a
289,44c
289,44f
289,451
289,45b
289,45d
289,46d
289,486
289,492
289,49e
289,4ae
289,4c7
289,4ce
289,4d3
289,4d5
289,4da
289,4dc
289,4e5
289,4ea
289,4ec
289,4f1
289,50c
289,54d
289,559
289,58e
289,59a
289,64e
289,665
289,6a6
28a,2d5
28a,2e5
28a,2f1
28a,32d
28a,34d
28a,359
28a,35c
28a,366
28a,369
28a,36c
28a,372
28a,404
28a,40d
28a,446
28a,449
28a,44c
28a,44f
28a,452
28a,45b
28a,45e
28a,46e
28a,485
28a,491
28a,49d
28a,4ad
28a,4c7
28a,4cd
28a,4d3
28a,4d6
28a,4d9
28a,4dc
28a,4e6
28a,4e9
28a,4ec
28a,4f2
28a,50c
28a,54e
28a,55a
28a,58d
28a,599
28a,64d
28a,666
28a,6a5
28c,2b3
28c,2d3
28c,2e3
28c,2f1
28c,2f2
28c,34b
28c,359
28c,35a
28c,365
28c,366
28c,369
28c,36a
28c,445
28c,446
28c,449
28c,44a
28c,44f
28c,454
28c,45d
28c,45e
28c,464
28c,46d
28c,46e
28c,491
28c,492
28c,49b
28c,4c7
28c,4cb
28c,4d5
28c,4d6
28c,4d9
28c,4da
28c,4e5
28c,4e6
28c,4e9
28c,4ea
28c,54d
28c,54e
28c,55c
28c,56c
28c,599
28c,59a
28c,64b
28c,665
28c,666
28f,2f1
28f,2f2
28f,359
28f,35a
28f,35c
28f,365
28f,366
28f,369
28f,36a
28f,36c
28f,404
28f,445
28f,446
28f,449
28f,44a
28f,44c
28f,45b
28f,45d
28f,45e
28f,46d
28f,46e
28f,491
28f,492
28f,4d3
28f,4d5
28f,4d6
28f,4d9
28f,4da
28f,4dc
28f,4e5
28f,4e6
28f,4e9
28f,4ea
28f,4ec
28f,50c
28f,54d
28f,54e
28f,599
28f,59a
28f,665
28f,666
291,2ae
291,2ce
291,2e6
291,2ea
291,2ec
291,30a
291,30c
291,32d
291,34b
291,34d
291,35a
291,35c
291,365
291,369
291,372
291,38e
291,3aa
291,404
291,40d
291,445
291,449
291,452
291,454
291,45b
291,45d
291,475
291,486
291,48a
291,48c
291,48f
291,49e
291,4ad
291,4c7
291,4cb
291,4cd
291,4d6
291,4da
291,4dc
291,4e5
291,4e9
291,4f2
291,559
291,58d
291,59a
291,64b
291,64d
291,665
291,68e
291,6a6
292,2ad
292,2cd
292,2e5
292,2e9
292,2ec
292,309
292,30c
292,32e
292,34b
292,34e
292,359
292,35c
292,366
292,36a
292,371
292,38d
292,3a9
292,404
292,40e
292,446
292,44a
292,451
292,454
292,45b
292,45e
292,476
292,485
292,489
292,48c
292,48f
292,49d
292,4ae
292,4c7
292,4cb
292,4ce
292,4d5
292,4d9
292,4dc
292,4e6
292,4ea
292,4f1
292,55a
292,58e
292,599
292,64b
292,64e
292,666
292,68d
292,6a5
29b,2e5
29b,2e6
29b,2ec
29b,30c
29b,32d
29b,32e
29b,34d
29b,34e
29b,35c
29b,369
29b,36a
29b,371
29b,372
29b,40d
29b,40e
29b,449
29b,44a
29b,44f
29b,451
29b,452
29b,45d
29b,45e
29b,485
29b,486
29b,48c
29b,4ad
29b,4ae
29b,4c7
29b,4cd
29b,4ce
29b,4d5
29b,4d6
29b,4dc
29b,4e9
29b,4ea
29b,4f1
29b,4f2
29b,559
29b,55a
29b,58d
29b,58e
29b,64d
29b,64e
29b,6a5
29b,6a6
29d,2a2
29d,2e3
29d,2e6
29d,2ea
29d,2f2
29d,30a
29d,32e
29d,34b
29d,34e
29d,35a
29d,365
29d,369
29d,36c
29d,371
29d,3aa
29d,404
29d,40e
29d,445
29d,449
29d,44c
29d,44f
29d,451
29d,454
29d,45b
29d,45e
29d,46d
29d,475
29d,486
29d,48a
29d,492
29d,4ae
29d,4c7
29d,4cb
29d,4ce
29d,4d3
29d,4d6
29d,4da
29d,4e5
29d,4e9
29d,4ec
29d,4f1
29d,50c
29d,54d
29d,559
29d,55c
29d,58e
29d,59a
29d,64b
29d,64e
29d,665
29d,6a6
29e,2a1
29e,2e3
29e,2e5
29e,2e9
29e,2f1
29e,309
29e,32d
29e,34b
29e,34d
29e,359
29e,366
29e,36a
29e,36c
29e,372
29e,3a9
29e,404
29e,40d
29e,446
29e,44a
29e,44c
29e,44f
29e,452
29e,454
29e,45b
29e,45d
29e,46e
29e,476
29e,485
29e,489
29e,491
29e,4ad
29e,4c7
29e,4cb
29e,4cd
29e,4d3
29e,4d5
29e,4d9
29e,4e6
29e,4ea
29e,4ec
29e,4f2
29e,50c
29e,54e
29e,55a
29e,55c
29e,58d
29e,599
29e,64b
29e,64d
29e,666
29e,6a5
2a1,2ce
2a1,2d6
2a1,2da
2a1,2dc
2a1,30a
2a1,30c
2a1,32e
2a1,34b
2a1,34d
2a1,359
2a1,366
2a1,36a
2a1,36c
2a1,372
2a1,38e
2a1,39a
2a1,404
2a1,40d
2a1,445
2a1,449
2a1,451
2a1,464
2a1,46d
2a1,475
2a1,486
2a1,48a
2a1,48c
2a1,48f
2a1,492
2a1,49b
2a1,49d
2a1,4ae
2a1,4c7
2a1,4cb
2a1,4cd
2a1,4d3
2a1,4d5
2a1,4d9
2a1,4e6
2a1,4ea
2a1,4ec
2a1,4f2
2a1,58d
2a1,599
2a1,64b
2a1,64d
2a1,666
2a1,68e
2a2,2cd
2a2,2d5
2a2,2d9
2a2,2dc
2a2,309
2a2,30c
2a2,32d
2a2,34b
2a2,34e
2a2,35a
2a2,365
2a2,369
2a2,36c
2a2,371
2a2,38d
2a2,399
2a2,404
2a2,40e
2a2,446
2a2,44a
2a2,452
2a2,464
2a2,46e
2a2,476
2a2,485
2a2,489
2a2,48c
2a2,48f
2a2,491
2a2,49b
2a2,49e
2a2,4ad
2a2,4c7
2a2,4cb
2a2,4ce
2a2,4d3
2a2,4d6
2a2,4da
2a2,4e5
2a2,4e9
2a2,4ec
2a2,4f1
2a2,58e
2a2,59a
2a2,64b
2a2,64e
2a2,665
2a2,68d
2a7,2d9
2a7,2da
2a7,2dc
2a7,309
2a7,30a
2a7,30c
2a7,34b
2a7,34d
2a7,34e
2a7,369
2a7,36a
2a7,36c
2a7,371
2a7,372
2a7,399
2a7,39a
2a7,404
2a7,40d
2a7,40e
2a7,445
2a7,446
2a7,44f
2a7,464
2a7,46d
2a7,46e
2a7,475
2a7,476
2a7,489
2a7,48a
2a7,48c
2a7,491
2a7,492
2a7,49b
2a7,49d
2a7,49e
2a7,4cb
2a7,4cd
2a7,4ce
2a7,4d3
2a7,4d5
2a7,4d6
2a7,4e9
2a7,4ea
2a7,4ec
2a7,4f1
2a7,4f2
2a7,58d
2a7,58e
2a7,64b
2a7,64d
2a7,64e
2ab,2d5
2ab,2d6
2ab,2dc
2ab,30c
2ab,34d
2ab,34e
2ab,359
2ab,35a
2ab,365
2ab,366
2ab,36c
2ab,371
2ab,372
2ab,40d
2ab,40e
2ab,449
2ab,44a
2ab,44f
2ab,45b
2ab,46d
2ab,46e
2ab,485
2ab,486
2ab,48c
2ab,491
2ab,492
2ab,49d
2ab,49e
2ab,4c7
2ab,4cd
2ab,4ce
2ab,4d3
2ab,4d9
2ab,4da
2ab,4e5
2ab,4e6
2ab,4ec
2ab,4f1
2ab,4f2
2ab,58d
2ab,58e
2ab,599
2ab,59a
2ab,64d
2ab,64e
2ab,665
2ab,666
2ad,2d3
2ad,2d6
2ad,2da
2ad,2f2
2ad,30a
2ad,34b
2ad,34e
2ad,359
2ad,35c
2ad,366
2ad,36a
2ad,371
2ad,39a
2ad,404
2ad,40e
2ad,445
2ad,449
2ad,44c
2ad,44f
2ad,45d
2ad,464
2ad,46e
2ad,475
2ad,486
2ad,48a
2ad,491
2ad,49b
2ad,49e
2ad,4c7
2ad,4cb
2ad,4ce
2ad,4d5
2ad,4d9
2ad,4dc
2ad,4e6
2ad,4ea
2ad,4f1
2ad,50c
2ad,54d
2ad,56c
2ad,58e
2ad,599
2ad,64b
2ad,64e
2ad,666
2ae,2d3
2ae,2d5
2ae,2d9
2ae,2f1
2ae,309
2ae,34b
2ae,34d
2ae,35a
2ae,35c
2ae,365
2ae,369
2ae,372
2ae,399
2ae,404
2ae,40d
2ae,446
2ae,44a
2ae,44c
2ae,44f
2ae,45e
2ae,464
2ae,46d
2ae,476
2ae,485
2ae,489
2ae,492
2ae,49b
2ae,49d
2ae,4c7
2ae,4cb
2ae,4cd
2ae,4d6
2ae,4da
2ae,4dc
2ae,4e5
2ae,4e9
2ae,4f2
2ae,50c
2ae,54e
2ae,56c
2ae,58d
2ae,59a
2ae,64b
2ae,64d
2ae,665
2b3,2cd
2b3,2ce
2b3,2dc
2b3,2ec
2b3,309
2b3,30a
2b3,32d
2b3,32e
2b3,34b
2b3,359
2b3,35a
2b3,365
2b3,366
2b3,369
2b3,36a
2b3,38d
2b3,38e
2b3,451
2b3,452
2b3,45b
2b3,475
2b3,476
2b3,485
2b3,486
2b3,489
2b3,48a
2b3,48f
2b3,49d
2b3,49e
2b3,4ad
2b3,4ae
2b3,4c7
2b3,4cb
2b3,4d5
2b3,4d6
2b3,4d9
2b3,4da
2b3,4e5
2b3,4e6
2b3,4e9
2b3,4ea
2b3,599
2b3,59a
2b3,64b
2b3,665
2b3,666
2b3,68d
2b3,68e
2c7,309
2c7,30a
2c7,30c
2c7,32d
2c7,32e
2c7,359
2c7,35a
2c7,35c
2c7,369
2c7,36a
2c7,36c
2c7,371
2c7,372
2c7,399
2c7,39a
2c7,3a9
2c7,3aa
2c7,404
2c7,40d
2c7,40e
2c7,449
2c7,44a
2c7,44c
2c7,451
2c7,452
2c7,454
2c7,45b
2c7,45d
2c7,45e
2c7,464
2c7,46d
2c7,46e
2c7,475
2c7,476
2c7,489
2c7,48a
2c7,48c
2c7,491
2c7,492
2c7,49b
2c7,49d
2c7,49e
2c7,4ad
2c7,4ae
2c7,4d9
2c7,4da
2c7,4dc
2c7,4e9
2c7,4ea
2c7,4ec
2c7,4f1
2c7,4f2
2c7,54d
2c7,54e
2c7,58d
2c7,58e
2cb,30c
2cb,32d
2cb,32e
2cb,35c
2cb,365
2cb,366
2cb,36c
2cb,371
2cb,372
2cb,40d
2cb,40e
2cb,445
2cb,446
2cb,44c
2cb,451
2cb,452
2cb,45d
2cb,45e
2cb,46d
2cb,46e
2cb,485
2cb,486
2cb,48c
2cb,491
2cb,492
2cb,49d
2cb,49e
2cb,4ad
2cb,4ae
2cb,4d5
2cb,4d6
2cb,4dc
2cb,4e5
2cb,4e6
2cb,4ec
2cb,4f1
2cb,4f2
2cb,54d
2cb,54e
2cb,559
2cb,55a
2cb,58d
2cb,58e
2cb,599
2cb,59a
2cb,665
2cb,666
2cb,6a5
2cb,6a6
2cd,2f2
2cd,30a
2cd,32e
2cd,35a
2cd,366
2cd,36a
2cd,371
2cd,39a
2cd,3aa
2cd,404
2cd,40e
2cd,446
2cd,44a
2cd,451
2cd,454
2cd,45b
2cd,45e
2cd,464
2cd,46e
2cd,475
2cd,486
2cd,48a
2cd,491
2cd,49b
2cd,49e
2cd,4ae
2cd,4d3
2cd,4d6
2cd,4da
2cd,4e6
2cd,4ea
2cd,4f1
2cd,50c
2cd,54e
2cd,559
2cd,55c
2cd,56c
2cd,58e
2cd,599
2cd,666
2cd,6a6
2ce,2f1
2ce,309
2ce,32d
2ce,359
2ce,365
2ce,369
2ce,372
2ce,399
2ce,3a9
2ce,404
2ce,40d
2ce,445
2ce,449
2ce,452
2ce,454
2ce,45b
2ce,45d
2ce,464
2ce,46d
2ce,476
2ce,485
2ce,489
2ce,492
2ce,49b
2ce,49d
2ce,4ad
2ce,4d3
2ce,4d5
2ce,4d9
2ce,4e5
2ce,4e9
2ce,4f2
2ce,50c
2ce,54d
2ce,55a
2ce,55c
2ce,56c
2ce,58d
2ce,59a
2ce,665
2ce,6a5
2d3,2ec
2d3,309
2d3,30a
2d3,34d
2d3,34e
2d3,35c
2d3,365
2d3,366
2d3,369
2d3,36a
2d3,38d
2d3,38e
2d3,3a9
2d3,3aa
2d3,445
2d3,446
2d3,449
2d3,44a
2d3,44f
2d3,454
2d3,45d
2d3,45e
2d3,475
2d3,476
2d3,485
2d3,486
2d3,489
2d3,48a
2d3,48f
2d3,49d
2d3,49e
2d3,4cd
2d3,4ce
2d3,4dc
2d3,4e5
2d3,4e6
2d3,4e9
2d3,4ea
2d3,559
2d3,55a
2d3,599
2d3,59a
2d3,64d
2d3,64e
2d3,665
2d3,666
2d3,68d
2d3,68e
2d3,6a5
2d3,6a6
2d5,2ea
2d5,309
2d5,30c
2d5,32d
2d5,34b
2d5,34e
2d5,35a
2d5,366
2d5,369
2d5,36c
2d5,372
2d5,38b
2d5,38e
2d5,39a
2d5,3a9
2d5,404
2d5,40d
2d5,446
2d5,449
2d5,44c
2d5,44f
2d5,452
2d5,45b
2d5,45e
2d5,464
2d5,46d
2d5,476
2d5,486
2d5,489
2d5,48c
2d5,48f
2d5,492
2d5,49b
2d5,49e
2d5,4ad
2d5,4cb
2d5,4ce
2d5,4da
2d5,4e6
2d5,4e9
2d5,4ec
2d5,4f2
2d5,54d
2d5,559
2d5,55c
2d5,58d
2d5,599
2d5,64b
2d5,64e
2d5,666
2d5,68b
2d5,68e
2d5,6a6
2d6,2e9
2d6,30a
2d6,30c
2d6,32e
2d6,34b
2d6,34d
2d6,359
2d6,365
2d6,36a
2d6,36c
2d6,371
2d6,38b
2d6,38d
2d6,399
2d6,3aa
2d6,404
2d6,40e
2d6,445
2d6,44a
2d6,44c
2d6,44f
2d6,451
2d6,45b
2d6,45d
2d6,464
2d6,46e
2d6,475
2d6,485
2d6,48a
2d6,48c
2d6,48f
2d6,491
2d6,49b
2d6,49d
2d6,4ae
2d6,4cb
2d6,4cd
2d6,4d9
2d6,4e5
2d6,4ea
2d6,4ec
2d6,4f1
2d6,54e
2d6,55a
2d6,55c
2d6,58e
2d6,59a
2d6,64b
2d6,64d
2d6,665
2d6,68b
2d6,68d
2d6,6a5
2d9,2e6
2d9,30a
2d9,30c
2d9,32d
2d9,34e
2d9,365
2d9,36a
2d9,36c
2d9,372
2d9,38e
2d9,3aa
2d9,40d
2d9,445
2d9,44a
2d9,44c
2d9,44f
2d9,452
2d9,454
2d9,45e
2d9,46d
2d9,475
2d9,485
2d9,48a
2d9,48c
2d9,48f
2d9,492
2d9,49e
2d9,4ad
2d9,4c7
2d9,4ce
2d9,4d6
2d9,4e5
2d9,4ea
2d9,4ec
2d9,4f2
2d9,54d
2d9,55a
2d9,55c
2d9,58d
2d9,59a
2d9,64e
2d9,665
2d9,68e
2d9,6a5
2da,2e5
2da,309
2da,30c
2da,32e
2da,34d
2da,366
2da,369
2da,36c
2da,371
2da,38d
2da,3a9
2da,40e
2da,446
2da,449
2da,44c
2da,44f
2da,451
2da,454
2da,45d
2da,46e
2da,476
2da,486
2da,489
2da,48c
2da,48f
2da,491
2da,49d
2da,4ae
2da,4c7
2da,4cd
2da,4d5
2da,4e6
2da,4e9
2da,4ec
2da,4f1
2da,54e
2da,559
2da,55c
2da,58e
2da,599
2da,64d
2da,666
2da,68d
2da,6a6
2dc,2e3
2dc,309
2dc,30a
2dc,32d
2dc,32e
2dc,34b
2dc,365
2dc,366
2dc,369
2dc,36a
2dc,371
2dc,372
2dc,38b
2dc,3a9
2dc,3aa
2dc,404
2dc,40d
2dc,40e
2dc,445
2dc,446
2dc,449
2dc,44a
2dc,44f
2dc,451
2dc,452
2dc,45b
2dc,464
2dc,46d
2dc,46e
2dc,475
2dc,476
2dc,485
2dc,486
2dc,489
2dc,48a
2dc,48f
2dc,491
2dc,492
2dc,49b
2dc,4ad
2dc,4ae
2dc,4c7
2dc,4cb
2dc,4d3
2dc,4e5
2dc,4e6
2dc,4e9
2dc,4ea
2dc,4f1
2dc,4f2
2dc,50c
2dc,54d
2dc,54e
2dc,559
2dc,55a
2dc,56c
2dc,58d
2dc,58e
2dc,599
2dc,59a
2dc,64b
2dc,665
2dc,666
2dc,68b
2dc,6a5
2dc,6a6
2e3,309
2e3,30a
2e3,32d
2e3,32e
2e3,34d
2e3,34e
2e3,359
2e3,35a
2e3,36c
2e3,38d
2e3,38e
2e3,399
2e3,39a
2e3,445
2e3,446
2e3,449
2e3,44a
2e3,44f
2e3,451
2e3,452
2e3,45b
2e3,464
2e3,46d
2e3,46e
2e3,475
2e3,476
2e3,485
2e3,486
2e3,489
2e3,48a
2e3,48f
2e3,491
2e3,492
2e3,49b
2e3,4ad
2e3,4ae
2e3,4cd
2e3,4ce
2e3,4d5
2e3,4d6
2e3,4d9
2e3,4da
2e3,4ec
2e3,64d
2e3,64e
2e3,68d
2e3,68e
2e5,309
2e5,30c
2e5,32e
2e5,34b
2e5,34e
2e5,359
2e5,35c
2e5,36a
2e5,372
2e5,38b
2e5,38e
2e5,399
2e5,3aa
2e5,404
2e5,40d
2e5,446
2e5,449
2e5,44c
2e5,44f
2e5,451
2e5,454
2e5,45d
2e5,46e
2e5,476
2e5,486
2e5,489
2e5,48c
2e5,48f
2e5,491
2e5,49d
2e5,4ae
2e5,4cb
2e5,4ce
2e5,4d3
2e5,4d6
2e5,4d9
2e5,4dc
2e5,4ea
2e5,4f2
2e5,54d
2e5,56c
2e5,58d
2e5,64b
2e5,64e
2e5,68b
2e5,68e
2e6,30a
2e6,30c
2e6,32d
2e6,34b
2e6,34d
2e6,35a
2e6,35c
2e6,369
2e6,371
2e6,38b
2e6,38d
2e6,39a
2e6,3a9
2e6,404
2e6,40e
2e6,445
2e6,44a
2e6,44c
2e6,44f
2e6,452
2e6,454
2e6,45e
2e6,46d
2e6,475
2e6,485
2e6,48a
2e6,48c
2e6,48f
2e6,492
2e6,49e
2e6,4ad
2e6,4cb
2e6,4cd
2e6,4d3
2e6,4d5
2e6,4da
2e6,4dc
2e6,4e9
2e6,4f1
2e6,54e
2e6,56c
2e6,58e
2e6,64b
2e6,64d
2e6,68b
2e6,68d
2e9,30a
2e9,30c
2e9,32e
2e9,34e
2e9,35a
2e9,35c
2e9,366
2e9,372
2e9,38e
2e9,39a
2e9,40d
2e9,445
2e9,44a
2e9,44c
2e9,44f
2e9,451
2e9,45b
2e9,45d
2e9,464
2e9,46e
2e9,475
2e9,485
2e9,48a
2e9,48c
2e9,48f
2e9,491
2e9,49b
2e9,49d
2e9,4ae
2e9,4c7
2e9,4ce
2e9,4d3
2e9,4d5
2e9,4da
2e9,4dc
2e9,4e6
2e9,4f2
2e9,54d
2e9,559
2e9,56c
2e9,58d
2e9,599
2e9,64e
2e9,666
2e9,68e
2e9,6a6
2ea,309
2ea,30c
2ea,32d
2ea,34d
2ea,359
2ea,35c
2ea,365
2ea,371
2ea,38d
2ea,399
2ea,40e
2ea,446
2ea,449
2ea,44c
2ea,44f
2ea,452
2ea,45b
2ea,45e
2ea,464
2ea,46d
2ea,476
2ea,486
2ea,489
2ea,48c
2ea,48f
2ea,492
2ea,49b
2ea,49e
2ea,4ad
2ea,4c7
2ea,4cd
2ea,4d3
2ea,4d6
2ea,4d9
2ea,4dc
2ea,4e5
2ea,4f1
2ea,54e
2ea,55a
2ea,56c
2ea,58e
2ea,59a
2ea,64d
2ea,665
2ea,68d
2ea,6a5
2ec,309
2ec,30a
2ec,34b
2ec,359
2ec,35a
2ec,371
2ec,372
2ec,38b
2ec,399
2ec,39a
2ec,404
2ec,40d
2ec,40e
2ec,445
2ec,446
2ec,449
2ec,44a
2ec,44f
2ec,454
2ec,45d
2ec,45e
2ec,475
2ec,476
2ec,485
2ec,486
2ec,489
2ec,48a
2ec,48f
2ec,49d
2ec,49e
2ec,4c7
2ec,4cb
2ec,4d5
2ec,4d6
2ec,4d9
2ec,4da
2ec,4f1
2ec,4f2
2ec,50c
2ec,54d
2ec,54e
2ec,55c
2ec,58d
2ec,58e
2ec,64b
2ec,68b
2f1,309
2f1,32d
2f1,34b
2f1,34d
2f1,35a
2f1,35c
2f1,366
2f1,36a
2f1,36c
2f1,38b
2f1,38d
2f1,39a
2f1,3aa
2f1,445
2f1,449
2f1,452
2f1,454
2f1,45b
2f1,45d
2f1,464
2f1,46d
2f1,476
2f1,485
2f1,489
2f1,492
2f1,49b
2f1,49d
2f1,4ad
2f1,4c7
2f1,4cb
2f1,4cd
2f1,4d6
2f1,4da
2f1,4dc
2f1,4e6
2f1,4ea
2f1,4ec
2f1,559
2f1,599
2f1,64b
2f1,64d
2f1,666
2f1,68b
2f1,68d
2f1,6a6
2f2,30a
2f2,32e
2f2,34b
2f2,34e
2f2,359
2f2,35c
2f2,365
2f2,369
2f2,36c
2f2,38b
2f2,38e
2f2,399
2f2,3a9
2f2,446
2f2,44a
2f2,451
2f2,454
2f2,45b
2f2,45e
2f2,464
2f2,46e
2f2,475
2f2,486
2f2,48a
2f2,491
2f2,49b
2f2,49e
2f2,4ae
2f2,4c7
2f2,4cb
2f2,4ce
2f2,4d5
2f2,4d9
2f2,4dc
2f2,4e5
2f2,4e9
2f2,4ec
2f2,55a
2f2,59a
2f2,64b
2f2,64e
2f2,665
2f2,68b
2f2,68e
2f2,6a5
309,366
309,372
309,404
309,40e
309,445
309,44a
309,44c
309,44f
309,451
309,45b
309,45d
309,46d
309,485
309,48a
309,48c
309,48f
309,491
309,49b
309,49d
309,4ad
309,4cb
309,4cd
309,4d9
309,4e9
309,54e
309,55a
309,55c
309,56c
309,58e
309,59a
309,64e
309,665
309,68e
309,6a5
30a,365
30a,371
30a,404
30a,40d
30a,446
30a,449
30a,44c
30a,44f
30a,452
30a,45b
30a,45e
30a,46e
30a,486
30a,489
30a,48c
30a,48f
30a,492
30a,49b
30a,49e
30a,4ae
30a,4cb
30a,4ce
30a,4da
30a,4ea
30a,54d
30a,559
30a,55c
30a,56c
30a,58d
30a,599
30a,64d
30a,666
30a,68d
30a,6a6
30c,371
30c,372
30c,445
30c,446
30c,449
30c,44a
30c,44f
30c,454
30c,45d
30c,45e
30c,464
30c,46d
30c,46e
30c,485
30c,486
30c,489
30c,48a
30c,48f
30c,49d
30c,49e
30c,4ad
30c,4ae
30c,4cd
30c,4ce
30c,4dc
30c,4ec
30c,559
30c,55a
30c,599
30c,59a
30c,64b
30c,665
30c,666
30c,68b
30c,6a5
30c,6a6
32d,35a
32d,372
32d,39a
32d,404
32d,40e
32d,445
32d,449
32d,44c
32d,44f
32d,45d
32d,464
32d,46e
32d,475
32d,485
32d,489
32d,48c
32d,48f
32d,49d
32d,4ae
32d,4cd
32d,4e5
32d,4e9
32d,4ec
32d,54e
32d,559
32d,55c
32d,58e
32d,599
32d,64b
32d,64e
32d,666
32d,68b
32d,68e
32d,6a6
32e,359
32e,371
32e,399
32e,404
32e,40d
32e,446
32e,44a
32e,44c
32e,44f
32e,45e
32e,464
32e,46d
32e,476
32e,486
32e,48a
32e,48c
32e,48f
32e,49e
32e,4ad
32e,4ce
32e,4e6
32e,4ea
32e,4ec
32e,54d
32e,55a
32e,55c
32e,58d
32e,59a
32e,64b
32e,64d
32e,665
32e,68b
32e,68d
32e,6a5
34b,40d
34b,40e
34b,445
34b,446
34b,44c
34b,451
34b,452
34b,45d
34b,45e
34b,46d
34b,46e
34b,489
34b,48a
34b,48f
34b,49b
34b,4c7
34b,4cd
34b,4ce
34b,4d3
34b,4d9
34b,4da
34b,4e9
34b,4ea
34b,50c
34b,55c
34b,56c
34b,58d
34b,58e
34b,599
34b,59a
34b,665
34b,666
34b,68d
34b,68e
34d,372
34d,39a
34d,3aa
34d,404
34d,40e
34d,446
34d,44a
34d,451
34d,454
34d,45b
34d,45e
34d,464
34d,46e
34d,475
34d,485
34d,489
34d,48c
34d,48f
34d,49d
34d,4ad
34d,4c7
34d,4cb
34d,4ce
34d,4d5
34d,4d9
34d,4dc
34d,4e5
34d,4e9
34d,4ec
34d,55a
34d,58e
34d,599
34d,666
34d,68b
34d,68e
34d,6a5
34e,371
34e,399
34e,3a9
34e,404
34e,40d
34e,445
34e,449
34e,452
34e,454
34e,45b
34e,45d
34e,464
34e,46d
34e,476
34e,486
34e,48a
34e,48c
34e,48f
34e,49e
34e,4ae
34e,4c7
34e,4cb
34e,4cd
34e,4d6
34e,4da
34e,4dc
34e,4e6
34e,4ea
34e,4ec
34e,559
34e,58d
34e,59a
34e,665
34e,68b
34e,68d
34e,6a6
359,366
359,38e
359,3aa
359,40d
359,445
359,44a
359,44c
359,44f
359,452
359,454
359,45e
359,46d
359,475
359,489
359,491
359,49b
359,49d
359,4cb
359,4cd
359,4d3
359,4d5
359,4da
359,4dc
359,4e9
359,4f1
359,50c
359,54e
359,56c
359,58d
359,59a
359,64e
359,665
359,68b
359,68d
35a,365
35a,38d
35a,3a9
35a,40e
35a,446
35a,449
35a,44c
35a,44f
35a,451
35a,454
35a,45d
35a,46e
35a,476
35a,48a
35a,492
35a,49b
35a,49e
35a,4cb
35a,4ce
35a,4d3
35a,4d6
35a,4d9
35a,4dc
35a,4ea
35a,4f2
35a,50c
35a,54d
35a,56c
35a,58e
35a,599
35a,64d
35a,666
35a,68b
35a,68e
35c,38b
35c,3a9
35c,3aa
35c,404
35c,40d
35c,40e
35c,445
35c,446
35c,449
35c,44a
35c,44f
35c,451
35c,452
35c,45b
35c,464
35c,46d
35c,46e
35c,475
35c,476
35c,48c
35c,49d
35c,49e
35c,4cd
35c,4ce
35c,4d5
35c,4d6
35c,4d9
35c,4da
35c,4ec
35c,58d
35c,58e
35c,599
35c,59a
35c,64b
35c,665
35c,666
35c,68d
35c,68e
365,38b
365,38e
365,399
365,3aa
365,404
365,40d
365,446
365,449
365,44c
365,44f
365,451
365,454
365,45d
365,46e
365,476
365,485
365,4ad
365,4c7
365,4cd
365,4d5
365,4e6
365,4e9
365,4ec
365,4f1
365,50c
365,54e
365,559
365,55c
365,58d
365,64b
365,64e
365,68d
365,6a6
366,38b
366,38d
366,39a
366,3a9
366,404
366,40e
366,445
366,44a
366,44c
366,44f
366,452
366,454
366,45e
366,46d
366,475
366,486
366,4ae
366,4c7
366,4ce
366,4d6
366,4e5
366,4ea
366,4ec
366,4f2
366,50c
366,54d
366,55a
366,55c
366,58e
366,64b
366,64d
366,68e
366,6a5
369,38e
369,39a
369,40d
369,445
369,44a
369,44c
369,44f
369,451
369,45b
369,45d
369,464
369,46e
369,475
369,489
369,4ad
369,4cb
369,4cd
369,4d9
369,4e5
369,4ea
369,4ec
369,4f1
369,50c
369,54e
369,55a
369,55c
369,58d
369,599
369,64e
369,666
369,68b
369,68d
369,6a5
36a,38d
36a,399
36a,40e
36a,446
36a,449
36a,44c
36a,44f
36a,452
36a,45b
36a,45e
36a,464
36a,46d
36a,476
36a,48a
36a,4ae
36a,4cb
36a,4ce
36a,4da
36a,4e6
36a,4e9
36a,4ec
36a,4f2
36a,50c
36a,54d
36a,559
36a,55c
36a,58e
36a,59a
36a,64d
36a,665
36a,68b
36a,68e
36a,6a6
36c,38b
36c,399
36c,39a
36c,404
36c,40d
36c,40e
36c,445
36c,446
36c,449
36c,44a
36c,44f
36c,454
36c,45d
36c,45e
36c,475
36c,476
36c,48c
36c,4ad
36c,4ae
36c,4cd
36c,4ce
36c,4dc
36c,4e5
36c,4e6
36c,4e9
36c,4ea
36c,559
36c,55a
36c,58d
36c,58e
36c,64b
36c,68d
36c,68e
36c,6a5
36c,6a6
371,38b
371,38d
371,39a
371,3aa
371,445
371,449
371,452
371,454
371,45b
371,45d
371,464
371,46d
371,476
371,491
371,4d3
371,4d5
371,4d9
371,4e5
371,4e9
371,4f2
371,54d
371,55a
371,55c
371,56c
371,599
371,64b
371,64d
371,666
371,6a5
372,38b
372,38e
372,399
372,3a9
372,446
372,44a
372,451
372,454
372,45b
372,45e
372,464
372,46e
372,475
372,492
372,4d3
372,4d6
372,4da
372,4e6
372,4ea
372,4f1
372,54e
372,559
372,55c
372,56c
372,59a
372,64b
372,64e
372,665
372,6a6
38b,40d
38b,40e
38b,449
38b,44a
38b,44f
38b,45b
38b,485
38b,486
38b,48c
38b,491
38b,492
38b,49d
38b,49e
38b,4ad
38b,4ae
38b,4c7
38b,4cd
38b,4ce
38b,4d3
38b,4d9
38b,4da
38b,4e9
38b,4ea
38b,50c
38b,54d
38b,54e
38b,559
38b,55a
38b,64d
38b,64e
38b,6a5
38b,6a6
38d,404
38d,40e
38d,445
38d,449
38d,44c
38d,44f
38d,45d
38d,46d
38d,486
38d,48a
38d,491
38d,49b
38d,49e
38d,4ae
38d,4c7
38d,4cb
38d,4ce
38d,4d5
38d,4d9
38d,4dc
38d,4e5
38d,4e9
38d,4ec
38d,54e
38d,559
38d,55c
38d,56c
38d,59a
38d,64b
38d,64e
38d,665
38d,6a6
38e,404
38e,40d
38e,446
38e,44a
38e,44c
38e,44f
38e,45e
38e,46e
38e,485
38e,489
38e,492
38e,49b
38e,49d
38e,4ad
38e,4c7
38e,4cb
38e,4cd
38e,4d6
38e,4da
38e,4dc
38e,4e6
38e,4ea
38e,4ec
38e,54d
38e,55a
38e,55c
38e,56c
38e,599
38e,64b
38e,64d
38e,666
38e,6a5
399,40d
399,449
399,451
399,45b
399,45d
399,485
399,48a
399,48c
399,48f
399,492
399,49e
399,4ad
399,4cb
399,4cd
399,4d3
399,4d5
399,4da
399,4dc
399,4e9
399,4f1
399,50c
399,54d
399,55a
399,55c
399,58e
399,64b
399,64d
399,68e
399,6a5
39a,40e
39a,44a
39a,452
39a,45b
39a,45e
39a,486
39a,489
39a,48c
39a,48f
39a,491
39a,49d
39a,4ae
39a,4cb
39a,4ce
39a,4d3
39a,4d6
39a,4d9
39a,4dc
39a,4ea
39a,4f2
39a,50c
39a,54e
39a,559
39a,55c
39a,58d
39a,64b
39a,64e
39a,68d
39a,6a6
3a9,40d
3a9,449
3a9,46d
3a9,485
3a9,48a
3a9,48c
3a9,48f
3a9,491
3a9,49b
3a9,49d
3a9,4ae
3a9,4cb
3a9,4cd
3a9,4d9
3a9,4e5
3a9,4ea
3a9,4ec
3a9,4f1
3a9,50c
3a9,54d
3a9,559
3a9,56c
3a9,58e
3a9,59a
3a9,64b
3a9,64d
3a9,665
3a9,68e
3a9,6a6
3aa,40e
3aa,44a
3aa,46e
3aa,486
3aa,489
3aa,48c
3aa,48f
3aa,492
3aa,49b
3aa,49e
3aa,4ad
3aa,4cb
3aa,4ce
3aa,4da
3aa,4e6
3aa,4e9
3aa,4ec
3aa,4f2
3aa,50c
3aa,54e
3aa,55a
3aa,56c
3aa,58d
3aa,599
3aa,64b
3aa,64e
3aa,666
3aa,68d
3aa,6a5
404,45b
404,49b
404,4cb
404,4d3
404,4d9
404,4da
404,4e9
404,4ea
404,4f1
404,4f2
404,559
404,55a
404,599
404,59a
404,64b
404,68b
40d,452
40d,476
40d,492
40d,4d3
40d,4d6
40d,4da
40d,4e6
40d,4ea
40d,4f1
40d,55a
40d,59a
40d,666
40d,6a6
40e,451
40e,475
40e,491
40e,4d3
40e,4d5
40e,4d9
40e,4e5
40e,4e9
40e,4f2
40e,559
40e,599
40e,665
40e,6a5
445,48a
445,492
445,49b
445,49e
445,4ae
445,4da
445,4ea
445,4f2
445,55a
445,58e
445,599
445,68b
445,68e
445,6a6
446,489
446,491
446,49b
446,49d
446,4ad
446,4d9
446,4e9
446,4f1
446,559
446,58d
446,59a
446,68b
446,68d
446,6a5
449,476
449,486
449,492
449,49e
449,4ae
449,4d6
449,4e6
449,4f2
449,58e
449,59a
449,666
449,68e
449,6a5
44a,475
44a,485
44a,491
44a,49d
44a,4ad
44a,4d5
44a,4e5
44a,4f1
44a,58d
44a,599
44a,665
44a,68d
44a,6a6
44c,491
44c,492
44c,49b
44c,4d3
44c,4f1
44c,4f2
44c,599
44c,59a
44c,68b
44c,6a5
44c,6a6
44f,491
44f,492
44f,4f1
44f,4f2
44f,599
44f,59a
44f,6a5
44f,6a6
451,46e
451,486
451,48a
451,48c
451,48f
451,49e
451,4ad
451,4ce
451,4e6
451,4ea
451,4ec
451,50c
451,54e
451,56c
451,58d
451,59a
451,64e
451,666
451,68b
451,68d
451,6a5
452,46d
452,485
452,489
452,48c
452,48f
452,49d
452,4ae
452,4cd
452,4e5
452,4e9
452,4ec
452,50c
452,54d
452,56c
452,58e
452,599
452,64d
452,665
452,68b
452,68e
452,6a6
454,489
454,48a
454,48f
454,49b
454,4ad
454,4ae
454,4cb
454,4e9
454,4ea
454,58d
454,58e
454,599
454,59a
454,64b
454,68d
454,68e
454,6a5
454,6a6
45b,464
45b,485
45b,486
45b,48c
45b,4ad
45b,4ae
45b,4e5
45b,4e6
45b,4ec
45b,50c
45b,56c
45b,58d
45b,58e
45b,665
45b,666
45b,68d
45b,68e
45d,486
45d,48a
45d,492
45d,4ae
45d,4e6
45d,4ea
45d,4f2
45d,58e
45d,59a
45d,666
45d,68b
45d,68e
45d,6a5
45e,485
45e,489
45e,491
45e,4ad
45e,4e5
45e,4e9
45e,4f1
45e,58d
45e,599
45e,665
45e,68b
45e,68d
45e,6a6
464,489
464,48a
464,48f
464,491
464,492
464,49d
464,49e
464,4cb
464,4d3
464,4d9
464,4da
464,559
464,55a
464,58d
464,58e
464,64b
464,68d
464,68e
46d,486
46d,48a
46d,491
46d,49b
46d,49e
46d,4d3
46d,4d6
46d,4da
46d,4f2
46d,55a
46d,58e
46d,599
46d,68b
46d,68e
46d,6a6
46e,485
46e,489
46e,492
46e,49b
46e,49d
46e,4d3
46e,4d5
46e,4d9
46e,4f1
46e,559
46e,58d
46e,59a
46e,68b
46e,68d
46e,6a5
475,486
475,489
475,48c
475,48f
475,492
475,49b
475,49e
475,4ae
475,4cb
475,4ce
475,4da
475,4ea
475,50c
475,54e
475,55a
475,58d
475,599
475,64b
475,64e
475,68d
475,6a6
476,485
476,48a
476,48c
476,48f
476,491
476,49b
476,49d
476,4ad
476,4cb
476,4cd
476,4d9
476,4e9
476,50c
476,54d
476,559
476,58e
476,59a
476,64b
476,64d
476,68e
476,6a5
485,4da
485,4ea
485,4f2
485,54e
485,559
485,55c
485,56c
485,59a
485,64b
485,64e
485,666
486,4d9
486,4e9
486,4f1
486,54d
486,55a
486,55c
486,56c
486,599
486,64b
486,64d
486,665
489,4d6
489,4e6
489,4f2
489,54e
489,55a
489,55c
489,56c
489,64e
489,665
489,6a6
48a,4d5
48a,4e5
48a,4f1
48a,54d
48a,559
48a,55c
48a,56c
48a,64d
48a,666
48a,6a5
48c,4d3
48c,4f1
48c,4f2
48c,559
48c,55a
48c,64b
48c,665
48c,666
48f,4f1
48f,4f2
48f,559
48f,55a
48f,55c
48f,56c
48f,665
48f,666
491,4ae
491,4ce
491,4e6
491,4ea
491,4ec
491,50c
491,54d
491,55a
491,55c
491,58e
491,64b
491,64d
491,665
491,68e
491,6a6
492,4ad
492,4cd
492,4e5
492,4e9
492,4ec
492,50c
492,54e
492,559
492,55c
492,58d
492,64b
492,64e
492,666
492,68d
492,6a5
49b,4e5
49b,4e6
49b,4ec
49b,50c
49b,54d
49b,54e
49b,55c
49b,64d
49b,64e
49b,6a5
49b,6a6
49d,4e6
49d,4ea
49d,4f2
49d,54e
49d,55a
49d,56c
49d,64b
49d,64e
49d,665
49d,6a6
49e,4e5
49e,4e9
49e,4f1
49e,54d
49e,559
49e,56c
49e,64b
49e,64d
49e,666
49e,6a5
4ad,4d3
4ad,4d6
4ad,4da
4ad,4f2
4ad,54e
4ad,559
4ad,55c
4ad,59a
4ad,64b
4ad,64e
4ad,666
4ae,4d3
4ae,4d5
4ae,4d9
4ae,4f1
4ae,54d
4ae,55a
4ae,55c
4ae,599
4ae,64b
4ae,64d
4ae,665
4c7,50c
4c7,559
4c7,55a
4c7,55c
4c7,56c
4c7,599
4c7,59a
4cb,50c
4cb,55c
4cb,56c
4cb,665
4cb,666
4cb,6a5
4cb,6a6
4cd,4f2
4cd,55a
4cd,59a
4cd,666
4cd,6a6
4ce,4f1
4ce,559
4ce,599
4ce,665
4ce,6a5
4d3,4ec
4d3,54d
4d3,54e
4d3,55c
4d3,58d
4d3,58e
4d3,64d
4d3,64e
4d3,665
4d3,666
4d3,68d
4d3,68e
4d3,6a5
4d3,6a6
4d5,4ea
4d5,50c
4d5,54e
4d5,55a
4d5,56c
4d5,58e
4d5,59a
4d5,64b
4d5,64e
4d5,666
4d5,68b
4d5,68e
4d5,6a6
4d6,4e9
4d6,50c
4d6,54d
4d6,559
4d6,56c
4d6,58d
4d6,599
4d6,64b
4d6,64d
4d6,665
4d6,68b
4d6,68d
4d6,6a5
4d9,4e6
4d9,50c
4d9,54e
4d9,56c
4d9,58e
4d9,64e
4d9,665
4d9,68e
4d9,6a5
4da,4e5
4da,50c
4da,54d
4da,56c
4da,58d
4da,64d
4da,666
4da,68d
4da,6a6
4dc,64b
4dc,665
4dc,666
4dc,68b
4dc,6a5
4dc,6a6
4e5,50c
4e5,54e
4e5,559
4e5,55c
4e5,58e
4e5,599
4e5,64b
4e5,64e
4e5,68b
4e5,68e
4e6,50c
4e6,54d
4e6,55a
4e6,55c
4e6,58d
4e6,59a
4e6,64b
4e6,64d
4e6,68b
4e6,68d
4e9,50c
4e9,54e
4e9,55a
4e9,55c
4e9,58e
4e9,59a
4e9,64e
4e9,666
4e9,68e
4e9,6a6
4ea,50c
4ea,54d
4ea,559
4ea,55c
4ea,58d
4ea,599
4ea,64d
4ea,665
4ea,68d
4ea,6a5
4ec,559
4ec,55a
4ec,599
4ec,59a
4ec,64b
4ec,68b
4f1,54d
4f1,55a
4f1,55c
4f1,56c
4f1,58d
4f1,59a
4f1,64b
4f1,64d
4f1,666
4f1,68b
4f1,68d
4f1,6a6
4f2,54e
4f2,559
4f2,55c
4f2,56c
4f2,58e
4f2,599
4f2,64b
4f2,64e
4f2,665
4f2,68b
4f2,68e
4f2,6a5
50c,64b
50c,665
50c,666
50c,68b
50c,6a5
50c,6a6
54d,59a
54d,666
54d,68b
54d,68e
54d,6a5
54e,599
54e,665
54e,68b
54e,68d
54e,6a6
559,58e
559,64e
559,665
559,68b
559,68d
55a,58d
55a,64d
55a,666
55a,68b
55a,68e
55c,64b
55c,665
55c,666
55c,68d
55c,68e
56c,599
56c,59a
56c,64b
56c,68d
56c,68e
56c,6a5
56c,6a6
58d,64b
58d,64e
58d,665
58d,6a6
58e,64b
58e,64d
58e,666
58e,6a5
599,64b
599,64d
599,68e
599,6a5
59a,64b
59a,64e
59a,68d
59a,6a6
64b,6a5
64b,6a6
64d,6a6
64e,6a5
665,68b
665,68e
666,68b
666,68d
