c ---- [ banner ] ------------------------------------------------------------
c
c Kissat SAT Solver
c 
c Copyright (c) 2021-2024 Armin Biere University of Freiburg
c Copyright (c) 2019-2021 Armin Biere Johannes Kepler University Linz
c 
c Version 4.0.0 unknown
c gcc (Ubuntu 13.3.0-6ubuntu2~24.04.1) 13.3.0 -W -Wall -O3 -DNDEBUG
c Mon Aug 3 21:56:23 UTC 2026 Linux runnervmvrwv9 6.17.0-1020-azure x86_64
c
c ---- [ proving ] -----------------------------------------------------------
c
c opened and writing proof to DRAT file:
c
c   borsuk_11_k6_q00r00_sixth_base_colorability_screen/work/results/q00r00-s004/q00r00-s004.drat
c
c ---- [ parsing ] -----------------------------------------------------------
c
c opened and reading DIMACS file:
c
c   borsuk_11_k6_q00r00_sixth_base_colorability_screen/work/input/instances/cases/q00r00-s004/q00r00-s004_12color.cnf
c
c parsed 'p cnf 2223 92776' header
c closing input after reading 1218655 bytes (1 MB)
c finished parsing after 0.01 seconds
c
c ---- [ solving ] -----------------------------------------------------------
c
c  seconds switched rate     size/glue tier1  binary       remaining
c         MB reductions conflicts size  tier2    irredundant
c          level restarts redundant glue  trail       variables
c
c *  0.01  5 0 0 0  0 0   0   0 0.0 0 0 0 0 0% 92458 308 2213 100%
c (  0.01  5 0 0 0  0 0   0   0 0.0 0 0 0 0 0% 92458 308 2213 100%
c .  0.01  5 0 0 0  0 0   0   0 0.0 0 0 0 0 0% 92458 308 2213 100%
c f  0.15  8 0 0 0  0 0   0   0 0.0 0 0 0 0 0% 38868 308 7465 336%
c e  0.15  7 0 0 0  0 0   0   0 0.0 0 0 0 0 0% 41331 727 5069 228%
c )  0.15  7 0 0 0  0 0   0   0 0.0 0 0 0 0 0% 41331 727 5069 228%
c {  0.15  7 0 0 0  0 0   0   0 0.0 0 0 2 6 0% 41331 727 5069 228%
c -  0.18  7 24 0 1 35 4 1000 760 1.6 18 12 11 15 37% 41331 727 5069 228%
c }  0.18  7 24 1 1 35 4 1000 760 1.6 18 12 11 15 37% 41331 727 5069 228%
c [  0.18  7 0 1 1 35 0 1000 760 0.0 0 0 2 6 0% 41331 727 5069 228%
c B  0.18  7 26 1 1 35 5 1001 761 1.6 14 9 2 6 38% 41331 727 5069 228%
c ]  0.21  7 23 2 1 35 1 1823 1525 1.8 19 10 2 6 36% 41331 727 5069 228%
c {  0.21  7 24 2 1 35 4 1823 1525 1.6 18 12 11 15 37% 41331 727 5069 228%
c -  0.21  7 24 2 2 35 3 2000 1334 1.6 18 11 10 15 37% 41331 727 5069 228%
c u  0.24  7 22 2 2 35 3 2564 1712 1.6 17 10 10 15 36% 41331 727 5069 228%
c v  0.24  7 22 2 2 35 3 2564 1585 1.6 17 10 10 15 36% 41331 727 5069 228%
c f  0.27  8 22 2 2 35 3 2564 1585 1.6 17 10 10 15 36% 37977 727 7283 328%
c u  0.28  8 22 2 2 35 3 2564 1572 1.6 17 10 10 15 36% 37977 727 7283 328%
c v  0.28  8 22 2 2 35 3 2564 1560 1.6 17 10 10 15 36% 37977 727 7283 328%
c }  0.32  8 21 3 2 38 3 2824 1814 1.6 17 10 10 15 35% 37977 727 7283 328%
c
c  seconds  switched rate       size/glue  tier1    binary       remaining
c         MB reductions conflicts     size   tier2     irredundant
c          level restarts  redundant     glue   trail       variables
c
c [  0.32  8 23 3 2 38 1 2824 1814 1.8 19 10 2 6 36% 37977 727 7283 328%
c W  0.33  8 23 3 2 38 1 2824 1814 1.8 19 10 2 6 36% 37977 727 7283 328%
c -  0.35  8 22 3 3 38 1 3415 2248 1.8 19 11 10 13 33% 37977 727 7283 328%
c ]  0.36  8 22 4 3 38 1 3635 2466 1.9 20 11 10 13 33% 37977 727 7283 328%
c {  0.36  8 21 4 3 38 3 3635 2466 1.6 17 10 10 15 35% 37977 727 7283 328%
c -  0.41  8 22 4 4 106 3 5149 3581 1.7 17 10 9 13 32% 37977 727 7283 328%
c }  0.43  8 20 5 4 111 3 5987 4336 1.7 17 10 9 13 31% 37977 727 7283 328%
c [  0.43  8 22 5 4 111 1 5987 4336 1.9 20 11 10 13 33% 37977 727 7283 328%
c I  0.43  8 22 5 4 111 1 5987 4336 1.9 20 11 10 13 33% 37977 727 7283 328%
c -  0.48 10 52 5 5 112 1 7149 4894 1.7 26 15 10 22 30% 37977 727 7283 328%
c u  0.52 10 53 5 5 112 1 7923 5629 1.7 27 17 10 22 30% 37977 727 7283 328%
c v  0.52 10 53 5 5 112 1 7923 5619 1.7 27 17 10 22 30% 37977 727 7283 328%
c w  0.53 11 53 5 5 112 1 7923 5615 1.7 27 17 10 22 30% 37977 727 7283 328%
c ]  0.54 11 52 6 5 113 1 8082 5757 1.6 27 17 10 22 30% 37977 727 7283 328%
c {  0.54 11 20 6 5 113 3 8082 5757 1.7 17 10 9 13 31% 37977 727 7283 328%
c -  0.59 11 27 6 6 200 3 9385 6206 1.9 19 10 9 13 30% 37977 727 7283 328%
c o  0.63 11 30 6 6 255 4 10331 7092 1.9 19 10 9 13 29% 37977 727 7283 328%
c -  0.69 11 34 6 7 363 4 11837 7229 2.1 21 10 8 12 29% 37977 727 7283 328%
c }  0.71 11 35 7 7 401 5 12152 7537 2.2 22 10 8 12 29% 37977 727 7283 328%
c [  0.71 11 52 7 7 401 1 12152 7537 1.6 27 17 10 22 30% 37977 727 7283 328%
c
c  seconds  switched  rate        size/glue  tier1      binary       remaining
c         MB reductions conflicts       size    tier2      irredundant
c          level restarts    redundant     glue     trail       variables
c
c B  0.71 11 52 7 7 401 1 12152 7537 1.6 27 17 10 22 30% 37977 727 7283 328%
c e  0.75 12 54 7 7 401 1 12820 8191 1.6 27 17 10 22 29% 33780 4146 6827 307%
c ^  0.75 12 54 7 7 401 1 12820 8191 1.6 27 17 10 22 29% 33780 4146 6827 307%
c -  0.82 12 44 7 8 403 1 14482 2793 1.6 25 15 10 22 29% 33780 4146 6827 307%
c ]  0.87 12 39 8 8 403 1 15661 3892 1.7 24 15 10 22 28% 33780 4146 6827 307%
c {  0.87 12 35 8 8 403 5 15661 3892 2.2 22 10 8 12 29% 33780 4146 6827 307%
c u  0.91 12 34 8 8 499 5 16246 4456 2.2 22 10 8 12 29% 33780 4146 6827 307%
c v  0.92 12 34 8 8 499 5 16246 4280 2.2 22 10 8 12 29% 33780 4146 6827 307%
c w  0.93 12 34 8 8 499 5 16246 4141 2.2 22 10 8 12 29% 33780 4146 6827 307%
c f  0.94 12 34 8 8 499 5 16246 4141 2.2 22 10 8 12 29% 33769 4146 6832 307%
c u  0.96 12 34 8 8 499 5 16246 4103 2.2 22 10 8 12 29% 33769 4146 6832 307%
c v  0.97 12 34 8 8 499 5 16246 4085 2.2 22 10 8 12 29% 33769 4146 6832 307%
c w  0.98 12 34 8 8 499 5 16246 3995 2.2 22 10 8 12 29% 33769 4146 6832 307%
c -  1.09 12 33 8 9 592 5 17310 4804 2.1 21 10 8 12 28% 33769 4146 6832 307%
c -  1.21 12 29 8 10 701 4 20311 6617 2.0 20 10 8 12 28% 33769 4146 6832 307%
c o  1.21 12 29 8 10 708 4 20352 6657 2.0 20 10 8 12 28% 33769 4146 6832 307%
c }  1.29 12 29 9 10 1043 5 21822 8099 2.0 20 10 8 12 28% 33769 4146 6832 307%
c [  1.29 12 39 9 10 1043 1 21822 8099 1.7 24 15 10 22 28% 33769 4146 6832 307%
c W  1.29 12 39 9 10 1043 1 21822 8099 1.7 24 15 10 22 28% 33769 4146 6832 307%
c -  1.37 12 37 9 11 1044 1 23474 8143 1.6 24 14 10 20 28% 33769 4146 6832 307%
c
c  seconds  switched    rate         size/glue  tier1      binary        remaining
c         MB  reductions  conflicts        size    tier2      irredundant
c          level   restarts     redundant     glue     trail        variables
c
c e  1.49 12 34 9 11 1045 1 25720 10222 1.7 24 14 10 20 27% 34051 5096 5433 244%
c ^  1.49 12 34 9 11 1045 1 25720 10222 1.7 24 14 10 20 27% 34051 5096 5433 244%
c -  1.54 13 32 9 12 1046 1 26791 8015 1.7 23 14 9 18 27% 34051 5096 5433 244%
c u  1.60 13 31 9 12 1047 1 27727 8803 1.7 23 14 9 18 28% 34051 5096 5433 244%
c v  1.62 13 31 9 12 1047 1 27727 8460 1.7 23 14 9 18 28% 34051 5096 5433 244%
c w  1.62 13 31 9 12 1047 1 27727 7902 1.7 23 14 9 18 28% 34051 5096 5433 244%
c f  1.65 13 31 9 12 1047 1 27727 7902 1.7 23 14 9 18 28% 33826 5087 5511 248%
c u  1.67 13 31 9 12 1047 1 27727 7787 1.7 23 14 9 18 28% 33826 5087 5511 248%
c v  1.69 13 31 9 12 1047 1 27727 7710 1.7 23 14 9 18 28% 33826 5087 5511 248%
c w  1.70 13 31 9 12 1047 1 27727 7675 1.7 23 14 9 18 28% 33826 5087 5511 248%
c ]  1.71 13 31 10 12 1047 1 27859 7796 1.7 23 14 9 18 28% 33826 5087 5511 248%
c {  1.71 13 29 10 12 1047 5 27859 7796 2.0 20 10 8 12 28% 33826 5087 5511 248%
c -  1.82 13 28 10 13 1274 5 30256 8753 1.9 20 10 8 12 28% 33826 5087 5511 248%
c -  1.99 13 28 10 14 1682 5 33862 11574 1.9 20 10 9 12 29% 33826 5087 5511 248%
c }  2.10 13 27 11 14 1866 5 36487 14020 1.9 20 10 9 12 29% 33826 5087 5511 248%
c [  2.10 13 31 11 14 1866 1 36487 14020 1.7 23 14 9 18 28% 33826 5087 5511 248%
c O  2.10 13 31 11 14 1866 1 36487 14020 1.7 23 14 9 18 28% 33826 5087 5511 248%
c -  2.15 13 29 11 15 1867 1 37604 13765 1.7 22 13 9 17 28% 33826 5087 5511 248%
c -  2.31 13 26 11 16 1869 1 41476 15552 1.7 21 13 9 16 28% 33826 5087 5511 248%
c u  2.39 13 26 11 16 1870 1 42487 16443 1.7 21 12 9 16 29% 33826 5087 5511 248%
c
c  seconds   switched    rate         size/glue  tier1     binary        remaining
c         MB   reductions  conflicts        size   tier2      irredundant
c          level    restarts     redundant     glue    trail        variables
c
c v  2.41 13 26 11 16 1870 1 42487 15880 1.7 21 12 9 16 29% 33826 5087 5511 248%
c w  2.42 13 26 11 16 1870 1 42487 15561 1.7 21 12 9 16 29% 33826 5087 5511 248%
c o  2.43 13 26 11 16 1870 1 42487 15561 1.7 21 12 9 16 29% 33826 5087 5511 248%
c -  2.55 13 25 11 17 1872 1 45476 16785 1.7 21 12 9 15 29% 33826 5087 5511 248%
c ]  2.56 13 25 12 17 1872 1 45740 17020 1.7 21 12 9 15 29% 33826 5087 5511 248%
c {  2.56 13 27 12 17 1872 5 45740 17020 1.9 20 10 9 12 29% 33826 5087 5511 248%
c -  2.75 13 27 12 18 2329 5 49599 19192 1.9 19 10 9 13 29% 33826 5087 5511 248%
c e  2.95 12 27 12 18 2548 4 53628 22958 1.9 19 10 9 13 30% 33838 6090 4828 217%
c ^  2.95 12 27 12 18 2548 4 53628 22958 1.9 19 10 9 13 30% 33838 6090 4828 217%
c -  2.97 14 27 12 19 2551 4 53841 16875 1.9 19 10 9 13 30% 33838 6090 4828 217%
c }  3.11 17 27 13 19 2921 5 57219 20097 1.8 19 10 9 13 30% 33838 6090 4828 217%
c [  3.11 17 25 13 19 2921 1 57219 20097 1.7 21 12 9 15 29% 33838 6090 4828 217%
c B  3.11 17 25 13 19 2921 1 57219 20097 1.7 21 12 9 15 29% 33838 6090 4828 217%
c -  3.15 17 25 13 20 2921 1 58200 19317 1.7 21 12 9 15 29% 33838 6090 4828 217%
c u  3.29 17 25 13 20 2923 1 60645 21462 1.7 21 12 9 15 30% 33838 6090 4828 217%
c v  3.32 17 25 13 20 2923 1 60645 21386 1.7 21 12 9 15 30% 33838 6090 4828 217%
c w  3.33 17 25 13 20 2923 1 60645 21285 1.7 21 12 9 15 30% 33838 6090 4828 217%
c f  3.47 17 25 13 20 2923 1 60645 21285 1.7 21 12 9 15 30% 33833 6090 4829 217%
c u  3.50 17 25 13 20 2923 1 60645 21221 1.7 21 12 9 15 30% 33833 6090 4829 217%
c v  3.52 17 25 13 20 2923 1 60645 21207 1.7 21 12 9 15 30% 33833 6090 4829 217%
c
c  seconds   switched    rate         size/glue  tier1     binary        remaining
c         MB   reductions  conflicts        size   tier2      irredundant
c          level    restarts     redundant     glue    trail        variables
c
c w  3.52 17 25 13 20 2923 1 60645 21192 1.7 21 12 9 15 30% 33833 6090 4829 217%
c x  3.54 17 25 13 20 2923 1 60645 21188 1.7 21 12 9 15 30% 33833 6090 4829 217%
c -  3.64 17 25 13 21 2925 1 62673 21108 1.7 22 12 9 16 30% 33833 6090 4829 217%
c -  3.84 17 25 13 22 2927 1 67259 22817 1.7 22 13 9 16 31% 33833 6090 4829 217%
c ]  3.92 17 25 14 22 2927 1 69008 24465 1.7 22 13 9 16 31% 33833 6090 4829 217%
c {  3.92 17 27 14 22 2927 5 69008 24465 1.8 19 10 9 13 30% 33833 6090 4829 217%
c -  4.04 17 26 14 23 3044 4 71949 24639 1.8 19 10 9 13 30% 33833 6090 4829 217%
c o  4.17 17 25 14 23 3058 4 75355 27723 1.8 19 10 9 13 30% 33833 6090 4829 217%
c -  4.24 17 25 14 24 3151 4 76744 26411 1.8 19 10 9 12 31% 33833 6090 4829 217%
c -  4.45 17 24 14 25 3425 4 81642 28400 1.8 19 10 9 13 31% 33833 6090 4829 217%
c u  4.53 17 24 14 25 3485 4 82298 28334 1.8 19 10 9 13 31% 33833 6090 4829 217%
c v  4.56 17 24 14 25 3485 4 82298 28174 1.8 19 10 9 13 31% 33833 6090 4829 217%
c w  4.57 24 24 14 25 3485 4 82298 28075 1.8 19 10 9 13 31% 33833 6090 4829 217%
c }  4.64 20 24 15 25 3529 4 83723 29418 1.8 19 10 9 13 31% 33833 6090 4829 217%
c [  4.64 20 25 15 25 3529 1 83723 29418 1.7 22 13 9 16 31% 33833 6090 4829 217%
c W  4.66 18 25 15 25 3529 1 83723 29418 1.7 22 13 9 16 31% 33833 6090 4829 217%
c -  4.78 18 25 15 26 3531 1 86642 29772 1.7 22 13 9 16 32% 33833 6090 4829 217%
c -  5.01 18 24 15 27 3534 1 91743 31902 1.7 22 13 9 16 32% 33833 6090 4829 217%
c -  5.26 18 24 15 28 3536 1 96939 33783 1.7 22 13 9 16 33% 33833 6090 4829 217%
c ]  5.28 18 24 16 28 3537 1 97323 34152 1.7 22 13 9 16 33% 33833 6090 4829 217%
c
c  seconds   switched    rate         size/glue  tier1     binary        remaining
c         MB   reductions  conflicts        size   tier2      irredundant
c          level    restarts     redundant     glue    trail        variables
c
c {  5.28 18 24 16 28 3537 4 97323 34152 1.8 19 10 9 13 31% 33833 6090 4829 217%
c e  5.36 18 24 16 28 3622 4 98526 35332 1.8 19 10 9 13 31% 35167 7621 3926 177%
c ^  5.37 18 24 16 28 3622 4 98526 35332 1.8 19 10 9 13 31% 35167 7621 3926 177%
c -  5.54 18 24 16 29 3860 4 102230 29356 1.8 19 10 9 12 32% 35167 7621 3926 177%
c u  5.81 18 24 16 29 4105 4 107602 34289 1.8 19 10 9 12 32% 35167 7621 3926 177%
c v  5.85 24 24 16 29 4105 4 107602 34162 1.8 19 10 9 12 32% 35167 7621 3926 177%
c w  5.87 24 24 16 29 4105 4 107602 33864 1.8 19 10 9 12 32% 35167 7621 3926 177%
c f  5.90 17 24 16 29 4105 4 107602 33864 1.8 19 10 9 12 32% 35158 7621 3927 177%
c u  5.95 17 24 16 29 4105 4 107602 33728 1.8 19 10 9 12 32% 35158 7621 3927 177%
c v  5.99 17 24 16 29 4105 4 107602 33640 1.8 19 10 9 12 32% 35158 7621 3927 177%
c w  6.01 17 24 16 29 4105 4 107602 33563 1.8 19 10 9 12 32% 35158 7621 3927 177%
c -  6.02 12 24 16 30 4105 4 107615 31213 1.8 19 10 9 12 32% 35158 7621 3927 177%
c -  6.26 14 23 16 31 4442 4 113093 33827 1.8 19 10 9 12 33% 35158 7621 3927 177%
c o  6.36 14 23 16 31 4530 4 115432 36065 1.8 19 10 9 12 33% 35158 7621 3927 177%
c }  6.37 14 23 17 31 4550 4 115665 36280 1.8 19 10 9 12 33% 35158 7621 3927 177%
c [  6.37 14 24 17 31 4550 1 115665 36280 1.7 22 13 9 16 33% 35158 7621 3927 177%
c I  6.37 14 24 17 31 4550 1 115665 36280 1.7 22 13 9 16 33% 35158 7621 3927 177%
c -  6.50 14 25 17 32 4552 1 118660 36002 1.7 23 13 9 16 33% 35158 7621 3927 177%
c -  6.75 15 25 17 33 4556 1 124316 37902 1.8 23 13 9 16 34% 35158 7621 3927 177%
c -  7.02 13 24 17 34 4559 1 130062 40465 1.8 23 13 9 16 34% 35158 7621 3927 177%
c
c  seconds   switched    rate          size/glue  tier1     binary        remaining
c         MB   reductions  conflicts         size   tier2      irredundant
c          level    restarts      redundant     glue    trail        variables
c
c ]  7.13 14 24 18 34 4560 1 132466 42663 1.8 23 13 9 16 34% 35158 7621 3927 177%
c {  7.13 14 23 18 34 4560 4 132466 42663 1.8 19 10 9 12 33% 35158 7621 3927 177%
c -  7.29 16 23 18 35 4561 4 135893 42987 1.8 19 10 9 12 34% 35158 7621 3927 177%
c u  7.40 23 22 18 35 4561 4 136520 43446 1.8 19 10 9 12 34% 35158 7621 3927 177%
c v  7.45 23 22 18 35 4561 4 136520 42584 1.8 19 10 9 12 34% 35158 7621 3927 177%
c w  7.47 23 22 18 35 4561 4 136520 42348 1.8 19 10 9 12 34% 35158 7621 3927 177%
c -  7.93 21 21 18 36 4566 3 141809 44093 1.8 18 10 9 12 34% 35158 7621 3927 177%
c -  8.19 21 20 18 37 4583 3 147811 46851 1.8 18 10 9 12 35% 35158 7621 3927 177%
c -  8.45 23 19 18 38 4584 3 153894 41453 1.8 18 10 8 12 35% 35158 7621 3927 177%
c }  8.50 23 19 19 38 4584 3 154811 42144 1.8 18 10 8 12 35% 35158 7621 3927 177%
c [  8.50 23 24 19 38 4584 1 154811 42144 1.8 23 13 9 16 34% 35158 7621 3927 177%
c B  8.50 23 24 19 38 4584 1 154811 42144 1.8 23 13 9 16 34% 35158 7621 3927 177%
c -  8.73 21 24 19 39 4588 1 160059 40382 1.8 23 13 9 16 35% 35158 7621 3927 177%
c e  8.86 18 24 19 39 4589 1 162068 42294 1.8 23 13 9 16 35% 37152 9666 3282 148%
c ^  8.87 18 24 19 39 4589 1 162068 42294 1.8 23 13 9 16 35% 37152 9666 3282 148%
c -  9.07 21 24 19 40 4590 1 166303 31856 1.8 23 13 9 16 35% 37152 9666 3282 148%
c u  9.25 21 23 19 40 4593 1 169253 34455 1.8 23 13 9 16 36% 37152 9666 3282 148%
c v  9.29 23 23 19 40 4593 1 169253 33967 1.8 23 13 9 16 36% 37152 9666 3282 148%
c w  9.31 23 23 19 40 4593 1 169253 33652 1.8 23 13 9 16 36% 37152 9666 3282 148%
c x  9.33 23 23 19 40 4593 1 169253 33652 1.8 23 13 9 16 36% 37152 9666 3282 148%
c
c  seconds   switched    rate          size/glue  tier1     binary        remaining
c         MB   reductions  conflicts         size   tier2      irredundant
c          level    restarts      redundant     glue    trail        variables
c
c o  9.38 23 23 19 40 4593 1 169253 33652 1.8 23 13 9 16 36% 37152 9666 3282 148%
c -  9.51 21 30 19 41 4595 1 172629 33016 1.7 24 14 9 17 36% 37152 9666 3282 148%
c W  9.65 17 29 19 41 4597 1 175723 35907 1.7 24 14 9 17 36% 37152 9666 3282 148%
c ]  9.70 17 30 20 41 4597 1 176998 37154 1.7 24 14 9 17 37% 37152 9666 3282 148%
c {  9.70 17 19 20 41 4597 3 176998 37154 1.8 18 10 8 12 35% 37152 9666 3282 148%
c -  9.81 17 19 20 42 4779 3 179032 34688 1.8 18 10 8 12 35% 37152 9666 3282 148%
c - 10.10 24 19 20 43 5239 3 185512 37148 1.8 18 10 8 12 36% 37152 9666 3282 148%
c - 10.40 22 19 20 44 5616 3 192069 38823 1.7 17 10 8 12 37% 37152 9666 3282 148%
c - 10.71 22 20 20 45 6128 3 198704 40639 1.7 17 10 8 12 37% 37152 9666 3282 148%
c } 10.94 24 19 21 45 6481 3 203739 45280 1.7 17 10 8 12 38% 37152 9666 3282 148%
c [ 10.94 24 30 21 45 6481 1 203739 45280 1.7 24 14 9 17 37% 37152 9666 3282 148%
c O 10.94 24 30 21 45 6481 1 203739 45280 1.7 24 14 9 17 37% 37152 9666 3282 148%
c - 11.02 24 29 21 46 6482 1 205412 42399 1.7 24 14 9 17 37% 37152 9666 3282 148%
c u 11.10 24 29 21 46 6482 1 205729 42198 1.7 24 14 9 17 37% 37152 9666 3282 148%
c v 11.16 24 29 21 46 6482 1 205729 41777 1.7 24 14 9 17 37% 37152 9666 3282 148%
c w 11.18 24 29 21 46 6482 1 205729 41421 1.7 24 14 9 17 37% 37152 9666 3282 148%
c - 11.50 22 28 21 47 6487 1 212195 42985 1.7 23 14 9 17 38% 37152 9666 3282 148%
c - 11.84 22 27 21 48 6490 1 219052 44646 1.7 23 14 9 16 39% 37152 9666 3282 148%
c - 12.20 24 26 21 49 6494 1 225981 45759 1.7 23 13 9 16 40% 37152 9666 3282 148%
c ] 12.33 24 26 22 49 6495 1 228334 47910 1.7 23 13 9 16 40% 37152 9666 3282 148%
c
c  seconds   switched    rate          size/glue  tier1     binary        remaining
c         MB   reductions  conflicts         size   tier2      irredundant
c          level    restarts      redundant     glue    trail        variables
c
c { 12.33 24 19 22 49 6495 3 228334 47910 1.7 17 10 8 12 38% 37152 9666 3282 148%
c o 12.41 22 20 22 49 6719 3 229259 48813 1.7 17 10 8 12 38% 37152 9666 3282 148%
c - 12.72 24 22 22 50 7733 4 232981 45998 1.7 18 10 8 12 38% 37152 9666 3282 148%
c - 13.32 24 25 22 51 9585 5 240054 45972 1.8 19 11 8 12 38% 37152 9666 3282 148%
c e 13.85 19 28 22 51 10814 6 245772 51663 1.8 19 11 8 12 39% 40764 12517 2753 124%
c ! 13.86 19 28 22 51 10814 6 245772 51663 1.8 19 11 8 12 39% 40764 12517 2753 124%
c u 13.99 22 28 22 51 10892 6 246154 32061 1.8 19 11 8 12 39% 40764 12517 2753 124%
c v 14.07 24 28 22 51 10892 6 246154 31731 1.8 19 11 8 12 39% 40764 12517 2753 124%
c w 14.11 24 28 22 51 10892 6 246154 31540 1.8 19 11 8 12 39% 40764 12517 2753 124%
c f 14.18 18 28 22 51 10892 6 246154 31540 1.8 19 11 8 12 39% 39904 12417 2806 126%
c u 14.28 22 28 22 51 10892 6 246154 30943 1.8 19 11 8 12 39% 39904 12417 2806 126%
c v 14.35 22 28 22 51 10892 6 246154 30751 1.8 19 11 8 12 39% 39904 12417 2806 126%
c w 14.39 22 28 22 51 10892 6 246154 30737 1.8 19 11 8 12 39% 39904 12417 2806 126%
c - 14.49 22 28 22 52 11114 6 247196 28085 1.8 19 11 8 12 39% 39904 12417 2806 126%
c - 15.04 22 30 22 53 12637 6 254407 31164 1.8 20 11 9 13 40% 39904 12417 2806 126%
c } 15.46 22 32 23 53 13755 7 259850 36577 1.8 21 12 9 13 40% 39904 12417 2806 126%
c [ 15.46 22 26 23 53 13755 1 259850 36577 1.7 23 13 9 16 40% 39904 12417 2806 126%
c B 15.46 22 26 23 53 13755 1 259850 36577 1.7 23 13 9 16 40% 39904 12417 2806 126%
c - 15.55 22 26 23 54 13756 1 261689 33915 1.7 23 13 9 16 40% 39904 12417 2806 126%
c - 15.91 24 25 23 55 13761 1 269037 36122 1.7 23 13 9 16 41% 39904 12417 2806 126%
c
c  seconds   switched     rate          size/glue  tier1     binary         remaining
c         MB   reductions   conflicts         size   tier2       irredundant
c          level    restarts       redundant     glue    trail         variables
c
c - 16.29 24 25 23 56 13765 1 276455 38263 1.7 23 13 9 16 42% 39904 12417 2806 126%
c - 16.71 22 24 23 57 13768 1 283938 39554 1.7 23 13 9 16 43% 39904 12417 2806 126%
c u 17.16 24 24 23 57 13769 1 290401 45032 1.7 23 13 9 16 44% 39904 12417 2806 126%
c v 17.27 26 24 23 57 13769 1 290401 41907 1.7 23 13 9 16 44% 39904 12417 2806 126%
c w 17.31 26 24 23 57 13769 1 290401 38806 1.7 23 13 9 16 44% 39904 12417 2806 126%
c W 17.40 18 24 23 57 13769 1 291300 39664 1.7 23 13 9 16 44% 39904 12417 2806 126%
c - 17.42 18 24 23 58 13769 1 291488 36035 1.7 23 13 9 16 44% 39904 12417 2806 126%
c - 17.83 24 23 23 59 13775 1 299104 40154 1.8 23 13 9 16 44% 39904 12417 2806 126%
c - 18.24 24 23 23 60 13778 1 306785 43573 1.8 23 13 9 16 45% 39904 12417 2806 126%
c ] 18.32 24 23 24 60 13779 1 308255 44978 1.8 23 13 9 16 45% 39904 12417 2806 126%
c { 18.32 24 32 24 60 13779 7 308255 44978 1.8 21 12 9 13 40% 39904 12417 2806 126%
c o 18.32 24 32 24 60 13786 7 308288 45011 1.8 21 12 9 13 40% 39904 12417 2806 126%
c - 18.60 24 31 24 61 13832 6 314531 45749 1.8 20 11 9 13 41% 39904 12417 2806 126%
c - 18.95 24 30 24 62 13880 6 322341 47408 1.8 20 11 9 13 41% 39904 12417 2806 126%
c - 19.31 24 29 24 63 13953 5 330215 49471 1.8 20 11 9 13 42% 39904 12417 2806 126%
c - 19.66 24 28 24 64 14022 5 338153 52111 1.8 20 11 9 13 42% 39904 12417 2806 126%
c u 19.80 23 27 24 64 14022 5 338731 52146 1.8 20 11 9 13 42% 39904 12417 2806 126%
c v 19.89 24 27 24 64 14022 5 338731 51819 1.8 20 11 9 13 42% 39904 12417 2806 126%
c w 19.92 24 27 24 64 14022 5 338731 51723 1.8 20 11 9 13 42% 39904 12417 2806 126%
c } 20.62 24 27 25 64 14116 5 344932 57502 1.8 20 11 9 13 42% 39904 12417 2806 126%
c
c  seconds   switched     rate          size/glue  tier1     binary         remaining
c         MB   reductions   conflicts         size   tier2       irredundant
c          level    restarts       redundant     glue    trail         variables
c
c [ 20.62 24 23 25 64 14116 1 344932 57502 1.8 23 13 9 16 45% 39904 12417 2806 126%
c I 20.62 24 23 25 64 14116 1 344932 57502 1.8 23 13 9 16 45% 39904 12417 2806 126%
c - 20.69 24 24 25 65 14117 1 346155 53754 1.8 23 13 9 16 45% 39904 12417 2806 126%
c e 20.92 24 24 25 65 14120 1 350893 58384 1.8 24 13 9 16 45% 39953 12474 2799 126%
c - 21.10 26 24 25 66 14122 1 354218 54331 1.8 24 13 9 16 45% 39953 12474 2799 126%
c - 21.52 26 25 25 67 14126 1 362344 55076 1.8 24 14 9 16 46% 39953 12474 2799 126%
c - 21.97 26 25 25 68 14130 1 370529 56845 1.8 25 14 9 16 46% 39953 12474 2799 126%
c ] 22.29 26 25 26 68 14130 1 376758 62867 1.9 25 14 9 16 46% 39953 12474 2799 126%
c { 22.29 26 27 26 68 14130 5 376758 62867 1.8 20 11 9 13 42% 39953 12474 2799 126%
c - 22.40 26 27 26 69 14164 5 378778 58357 1.8 20 11 9 13 42% 39953 12474 2799 126%
c - 22.79 26 26 26 70 14228 5 387085 60926 1.8 19 11 9 13 43% 39953 12474 2799 126%
c o 22.93 26 25 26 70 14245 4 390145 63724 1.8 19 11 9 13 43% 39953 12474 2799 126%
c u 23.09 26 25 26 70 14261 4 391220 64705 1.8 19 11 9 13 43% 39953 12474 2799 126%
c v 23.17 26 25 26 70 14261 4 391220 64673 1.8 19 11 9 13 43% 39953 12474 2799 126%
c w 23.19 26 25 26 70 14261 4 391220 64669 1.8 19 11 9 13 43% 39953 12474 2799 126%
c f 23.26 26 25 26 70 14261 4 391220 64669 1.8 19 11 9 13 43% 39916 12472 2801 126%
c u 23.39 26 25 26 70 14261 4 391220 64599 1.8 19 11 9 13 43% 39916 12472 2801 126%
c v 23.48 26 25 26 70 14261 4 391220 64496 1.8 19 11 9 13 43% 39916 12472 2801 126%
c w 23.52 26 25 26 70 14261 4 391220 64490 1.8 19 11 9 13 43% 39916 12472 2801 126%
c - 23.75 27 25 26 71 14271 4 395451 63698 1.8 19 11 9 13 43% 39916 12472 2801 126%
c
c  seconds   switched     rate          size/glue  tier1     binary         remaining
c         MB   reductions   conflicts         size   tier2       irredundant
c          level    restarts       redundant     glue    trail         variables
c
c - 24.15 27 24 26 72 14320 4 403878 66598 1.8 19 11 9 12 43% 39916 12472 2801 126%
c - 24.57 27 23 26 73 14429 4 412363 70076 1.8 19 11 9 12 44% 39916 12472 2801 126%
c } 24.87 27 23 27 73 14452 4 418977 76296 1.8 19 11 9 12 44% 39916 12472 2801 126%
c [ 24.87 27 25 27 73 14452 1 418977 76296 1.9 25 14 9 16 46% 39916 12472 2801 126%
c B 24.87 27 25 27 73 14452 1 418977 76296 1.9 25 14 9 16 46% 39916 12472 2801 126%
c - 24.99 27 25 27 74 14453 1 420907 73104 1.9 25 14 9 17 46% 39916 12472 2801 126%
c - 25.47 28 25 27 75 14458 1 429509 75497 1.9 25 14 9 17 46% 39916 12472 2801 126%
c - 25.99 28 25 27 76 14464 1 438170 77641 1.9 25 14 9 17 46% 39916 12472 2801 126%
c - 26.54 31 25 27 77 14466 1 446889 78838 1.8 25 14 9 17 47% 39916 12472 2801 126%
c u 26.76 31 25 27 77 14466 1 447913 79758 1.8 25 14 9 17 47% 39916 12472 2801 126%
c v 26.88 41 25 27 77 14466 1 447913 79675 1.8 25 14 9 17 47% 39916 12472 2801 126%
c w 26.93 41 25 27 77 14466 1 447913 79575 1.8 25 14 9 17 47% 39916 12472 2801 126%
c ] 27.20 37 25 28 77 14467 1 452133 83605 1.8 25 14 9 17 47% 39916 12472 2801 126%
c { 27.20 37 23 28 77 14467 4 452133 83605 1.8 19 11 9 12 44% 39916 12472 2801 126%
c - 27.40 37 23 28 78 14546 4 455664 80560 1.8 19 11 9 12 44% 39916 12472 2801 126%
c - 27.86 37 22 28 79 14668 3 464495 82451 1.8 19 11 9 12 44% 39916 12472 2801 126%
c - 28.34 38 22 28 80 14906 3 473384 84611 1.8 19 10 9 12 44% 39916 12472 2801 126%
c o 28.71 38 21 28 80 15010 3 480694 91099 1.8 18 10 9 12 44% 39916 12472 2801 126%
c - 28.81 38 21 28 81 15049 3 482328 87747 1.8 18 10 9 12 44% 39916 12472 2801 126%
c - 29.28 37 21 28 82 15241 3 491329 91021 1.8 18 10 9 12 45% 39916 12472 2801 126%
c
c  seconds   switched     rate          size/glue  tier1     binary         remaining
c         MB   reductions   conflicts         size   tier2       irredundant
c          level    restarts       redundant     glue    trail         variables
c
c } 29.74 38 20 29 82 15347 3 500272 99003 1.8 18 10 9 12 45% 39916 12472 2801 126%
c [ 29.74 38 25 29 82 15347 1 500272 99003 1.8 25 14 9 17 47% 39916 12472 2801 126%
c W 29.75 31 25 29 82 15347 1 500272 99003 1.8 25 14 9 17 47% 39916 12472 2801 126%
c - 29.77 31 25 29 83 15347 1 500385 94706 1.8 25 14 9 17 47% 39916 12472 2801 126%
c u 30.39 41 25 29 83 15353 1 508891 102510 1.8 25 14 9 17 47% 39916 12472 2801 126%
c v 30.51 43 25 29 83 15353 1 508891 102373 1.8 25 14 9 17 47% 39916 12472 2801 126%
c w 30.56 43 25 29 83 15353 1 508891 101843 1.8 25 14 9 17 47% 39916 12472 2801 126%
c - 30.64 37 25 29 84 15353 1 509496 96924 1.8 25 14 9 17 47% 39916 12472 2801 126%
c - 31.14 37 25 29 85 15358 1 518662 99711 1.8 25 14 9 17 47% 39916 12472 2801 126%
c - 31.70 38 25 29 86 15361 1 527882 100988 1.8 26 14 9 17 47% 39916 12472 2801 126%
c - 32.28 39 24 29 87 15364 1 537155 102750 1.8 26 14 9 17 47% 39916 12472 2801 126%
c ] 32.62 41 24 30 87 15368 1 542826 107980 1.8 25 14 9 17 48% 39916 12472 2801 126%
c { 32.62 41 20 30 87 15368 3 542826 107980 1.8 18 10 9 12 45% 39916 12472 2801 126%
c - 32.85 38 20 30 88 15476 3 546482 104294 1.8 18 10 9 12 45% 39916 12472 2801 126%
c - 33.40 41 20 30 89 15803 3 555863 105197 1.7 18 10 9 12 45% 39916 12472 2801 126%
c - 33.92 38 20 30 90 16044 3 565296 106325 1.7 18 10 9 12 45% 39916 12472 2801 126%
c u 34.59 43 20 30 90 16246 3 574207 114275 1.7 18 10 9 12 45% 39916 12472 2801 126%
c v 34.73 43 20 30 90 16246 3 574207 113291 1.7 18 10 9 12 45% 39916 12472 2801 126%
c w 34.78 43 20 30 90 16246 3 574207 113144 1.7 18 10 9 12 45% 39916 12472 2801 126%
c - 34.86 37 20 30 91 16271 3 574783 107711 1.7 18 10 9 12 45% 39916 12472 2801 126%
c
c  seconds   switched     rate           size/glue  tier1     binary         remaining
c         MB   reductions   conflicts          size   tier2       irredundant
c          level    restarts       redundant      glue    trail         variables
c
c o 35.23 41 19 30 91 16488 3 581608 113965 1.7 18 10 9 12 45% 39916 12472 2801 126%
c - 35.41 41 19 30 92 16619 3 584322 110515 1.7 18 10 9 12 45% 39916 12472 2801 126%
c - 35.95 41 19 30 93 16892 3 593914 112852 1.7 18 10 9 12 45% 39916 12472 2801 126%
c } 36.13 38 19 31 93 16955 3 597260 115947 1.7 17 10 9 12 45% 39916 12472 2801 126%
c [ 36.13 38 24 31 93 16955 1 597260 115947 1.8 25 14 9 17 48% 39916 12472 2801 126%
c O 36.13 38 24 31 93 16955 1 597260 115947 1.8 25 14 9 17 48% 39916 12472 2801 126%
c - 36.49 40 24 31 94 16960 1 603557 114363 1.8 25 14 9 17 48% 39916 12472 2801 126%
c - 37.08 43 23 31 95 16964 1 613252 116110 1.8 25 14 9 17 48% 39916 12472 2801 126%
c - 37.68 43 22 31 96 16969 1 622999 116911 1.8 24 13 9 17 48% 39916 12472 2801 126%
c - 38.31 40 22 31 97 16972 1 632796 117790 1.8 24 13 9 17 48% 39916 12472 2801 126%
c - 39.00 43 22 31 98 16977 1 642644 119248 1.8 24 13 9 17 48% 39916 12472 2801 126%
c u 39.33 47 22 31 98 16978 1 643909 118892 1.8 24 13 9 17 48% 39916 12472 2801 126%
c v 39.50 47 22 31 98 16978 1 643909 117830 1.8 24 13 9 17 48% 39916 12472 2801 126%
c w 39.56 47 22 31 98 16978 1 643909 116776 1.8 24 13 9 17 48% 39916 12472 2801 126%
c ] 39.60 39 22 32 98 16978 1 644003 116866 1.8 24 13 9 17 48% 39916 12472 2801 126%
c { 39.60 39 19 32 98 16978 3 644003 116866 1.7 17 10 9 12 45% 39916 12472 2801 126%
c - 40.14 43 19 32 99 17400 3 652543 117139 1.7 17 10 9 12 45% 39916 12472 2801 126%
c - 40.73 43 19 32 100 17766 3 662492 119067 1.7 17 10 9 12 45% 39916 12472 2801 126%
c - 41.28 43 19 32 101 18033 3 672493 120122 1.7 17 10 9 12 45% 39916 12472 2801 126%
c - 41.88 40 19 32 102 18458 3 682542 120726 1.7 17 10 9 12 45% 39916 12472 2801 126%
c
c  seconds   switched      rate           size/glue  tier1     binary         remaining
c         MB   reductions    conflicts          size   tier2       irredundant
c          level     restarts       redundant      glue    trail         variables
c
c o 42.39 43 19 32 102 18706 3 691916 129361 1.7 17 10 9 12 45% 39916 12472 2801 126%
c - 42.45 43 19 32 103 18754 3 692643 121928 1.7 17 10 9 12 45% 39916 12472 2801 126%
c - 43.03 43 19 32 104 19065 3 702791 100249 1.7 17 10 8 12 45% 39916 12472 2801 126%
c } 43.14 39 18 33 104 19072 3 705108 102227 1.7 17 10 8 12 45% 39916 12472 2801 126%
c [ 43.14 39 22 33 104 19072 1 705108 102227 1.8 24 13 9 17 48% 39916 12472 2801 126%
c B 43.14 39 22 33 104 19072 1 705108 102227 1.8 24 13 9 17 48% 39916 12472 2801 126%
c - 43.55 39 22 33 105 19077 1 712989 93286 1.8 24 13 9 16 48% 39916 12472 2801 126%
c u 43.99 43 22 33 105 19079 1 718046 97768 1.8 24 13 9 16 48% 39916 12472 2801 126%
c v 44.15 45 22 33 105 19079 1 718046 96430 1.8 24 13 9 16 48% 39916 12472 2801 126%
c w 44.20 45 22 33 105 19079 1 718046 95136 1.8 24 13 9 16 48% 39916 12472 2801 126%
c - 44.66 39 21 33 106 19083 1 723235 90348 1.8 23 13 9 16 47% 39916 12472 2801 126%
c - 45.23 39 21 33 107 19086 1 733530 93572 1.8 23 13 9 16 47% 39916 12472 2801 126%
c - 45.84 40 21 33 108 19091 1 743875 95894 1.8 23 13 9 16 47% 39916 12472 2801 126%
c - 46.49 39 21 33 109 19096 1 754270 97590 1.8 23 13 9 16 47% 39916 12472 2801 126%
c W 47.10 33 21 33 109 19101 1 762693 105544 1.8 23 13 9 16 47% 39916 12472 2801 126%
c ] 47.17 33 21 34 109 19101 1 764097 106921 1.8 23 13 9 16 47% 39916 12472 2801 126%
c { 47.18 33 18 34 109 19101 3 764097 106921 1.7 17 10 8 12 45% 39916 12472 2801 126%
c - 47.23 33 18 34 110 19103 3 764710 97319 1.7 17 10 8 12 45% 39916 12472 2801 126%
c - 47.79 43 18 34 111 19114 2 775199 96064 1.7 17 10 8 12 46% 39916 12472 2801 126%
c - 48.35 39 17 34 112 19146 2 785736 94902 1.7 17 10 8 12 46% 39916 12472 2801 126%
c
c  seconds   switched      rate          size/glue  tier1     binary         remaining
c         MB   reductions    conflicts         size   tier2       irredundant
c          level     restarts       redundant     glue    trail         variables
c
c - 48.91 40 16 34 113 19155 2 796320 95001 1.7 16 10 8 12 46% 39916 12472 2801 126%
c u 49.09 43 16 34 113 19155 2 796671 95137 1.7 16 10 8 12 46% 39916 12472 2801 126%
c v 49.21 45 16 34 113 19155 2 796671 93532 1.7 16 10 8 12 46% 39916 12472 2801 126%
c w 49.25 45 16 34 113 19155 2 796671 93451 1.7 16 10 8 12 46% 39916 12472 2801 126%
c - 49.88 39 16 34 114 19196 2 806950 93848 1.7 16 10 8 12 46% 39916 12472 2801 126%
c o 50.19 40 16 34 114 19198 2 813048 98970 1.7 16 10 8 12 46% 39916 12472 2801 126%
c - 50.43 40 15 34 115 19219 2 817627 97443 1.7 16 10 8 12 46% 39916 12472 2801 126%
c - 50.99 43 15 34 116 19267 2 828351 100674 1.7 16 9 8 12 46% 39916 12472 2801 126%
c } 51.19 43 15 35 116 19267 2 832243 104041 1.7 16 9 8 12 46% 39916 12472 2801 126%
c [ 51.19 43 21 35 116 19267 1 832243 104041 1.8 23 13 9 16 47% 39916 12472 2801 126%
c I 51.19 43 21 35 116 19267 1 832243 104041 1.8 23 13 9 16 47% 39916 12472 2801 126%
c - 51.55 43 21 35 117 19272 1 839122 104468 1.8 23 13 9 16 47% 39916 12472 2801 126%
c - 52.15 39 21 35 118 19278 1 849941 107959 1.8 23 12 9 16 47% 39916 12472 2801 126%
c - 52.80 40 21 35 119 19281 1 860803 110777 1.8 22 12 9 16 47% 39916 12472 2801 126%
c - 53.44 43 21 35 120 19287 1 871711 110724 1.8 22 12 9 16 47% 39916 12472 2801 126%
c u 54.16 45 21 35 120 19291 1 879834 117466 1.8 22 12 9 16 46% 39916 12472 2801 126%
c v 54.34 47 21 35 120 19291 1 879834 115928 1.8 22 12 9 16 46% 39916 12472 2801 126%
c w 54.41 47 21 35 120 19291 1 879834 114574 1.8 22 12 9 16 46% 39916 12472 2801 126%
c - 54.61 39 21 35 121 19293 1 882667 107060 1.8 22 12 9 16 46% 39916 12472 2801 126%
c ] 55.19 40 20 36 121 19296 1 891877 115494 1.8 22 12 9 16 46% 39916 12472 2801 126%
c
c  seconds   switched      rate           size/glue tier1     binary         remaining
c         MB   reductions    conflicts          size  tier2       irredundant
c          level     restarts       redundant     glue    trail         variables
c
c { 55.19 40 15 36 121 19296 2 891877 115494 1.7 16 9 8 12 46% 39916 12472 2801 126%
c - 55.35 43 15 36 122 19520 2 893667 107538 1.7 16 9 8 12 46% 39916 12472 2801 126%
c - 56.05 43 15 36 123 20413 2 904712 108335 1.7 16 10 8 12 46% 39916 12472 2801 126%
c - 56.72 43 16 36 124 21043 2 915802 108050 1.6 16 10 8 12 46% 39916 12472 2801 126%
c - 57.39 43 16 36 125 21747 2 926940 109445 1.6 16 10 8 12 46% 39916 12472 2801 126%
c - 58.08 43 16 36 126 22470 2 938121 111614 1.7 16 10 8 12 46% 39916 12472 2801 126%
c o 58.42 43 16 36 126 22853 2 943867 116906 1.6 16 10 8 12 46% 39916 12472 2801 126%
c - 58.76 43 17 36 127 23132 2 949346 113884 1.7 16 10 8 12 46% 39916 12472 2801 126%
c - 59.42 43 17 36 128 23455 2 960617 116490 1.7 16 10 8 12 46% 39916 12472 2801 126%
c } 59.82 40 17 37 128 23761 2 967434 122755 1.7 16 10 8 12 46% 39916 12472 2801 126%
c [ 59.82 40 20 37 128 23761 1 967434 122755 1.8 22 12 9 16 46% 39916 12472 2801 126%
c B 59.82 40 20 37 128 23761 1 967434 122755 1.8 22 12 9 16 46% 39916 12472 2801 126%
c u 60.09 45 20 37 128 23761 1 967587 122219 1.8 22 12 9 16 46% 39916 12472 2801 126%
c v 60.28 45 20 37 128 23761 1 967587 121771 1.8 22 12 9 16 46% 39916 12472 2801 126%
c w 60.35 45 20 37 128 23761 1 967587 121694 1.8 22 12 9 16 46% 39916 12472 2801 126%
c - 60.64 40 20 37 129 23764 1 971930 116461 1.8 22 12 9 16 46% 39916 12472 2801 126%
c - 61.32 43 20 37 130 23770 1 983289 117785 1.8 22 12 9 16 46% 39916 12472 2801 126%
c - 62.03 43 20 37 131 23775 1 994690 118278 1.8 22 12 9 16 47% 39916 12472 2801 126%
c - 62.73 40 20 37 132 23780 1 1006135 118192 1.8 22 12 9 16 47% 39916 12472 2801 126%
c - 63.46 43 20 37 133 23786 1 1017625 117891 1.8 22 12 9 16 47% 39916 12472 2801 126%
c
c  seconds   switched      rate            size/glue  tier1     binary         remaining
c         MB   reductions     conflicts          size   tier2       irredundant
c          level     restarts        redundant      glue    trail         variables
c
c - 64.20 43 20 37 134 23790 1 1029157 116891 1.8 22 12 9 16 47% 39916 12472 2801 126%
c ] 64.81 40 20 38 134 23791 1 1038786 125945 1.8 22 12 9 16 46% 39916 12472 2801 126%
c { 64.81 40 17 38 134 23791 2 1038786 125945 1.7 16 10 8 12 46% 39916 12472 2801 126%
c - 65.04 43 17 38 135 24198 3 1040734 115082 1.7 17 10 8 12 46% 39916 12472 2801 126%
c - 66.38 43 21 38 136 26673 4 1052354 112572 1.7 18 10 8 12 46% 39916 12472 2801 126%
c u 67.57 45 24 38 136 28290 4 1059980 117008 1.7 19 11 8 12 46% 39916 12472 2801 126%
c v 67.82 45 24 38 136 28290 4 1059980 115345 1.7 19 11 8 12 46% 39916 12472 2801 126%
c w 67.92 47 24 38 136 28290 4 1059980 114650 1.7 19 11 8 12 46% 39916 12472 2801 126%
c - 68.48 43 25 38 137 29143 4 1064015 106931 1.7 19 11 8 12 46% 39916 12472 2801 126%
c - 69.95 43 28 38 138 31618 5 1075719 105899 1.8 20 11 8 12 46% 39916 12472 2801 126%
c o 70.94 43 30 38 138 33327 6 1083873 114013 1.8 21 12 8 12 46% 39916 12472 2801 126%
c - 71.46 43 31 38 139 34083 6 1087466 105524 1.8 21 12 8 12 46% 39916 12472 2801 126%
c - 72.91 40 33 38 140 36421 7 1099255 105272 1.8 22 12 8 12 46% 39916 12472 2801 126%
c - 74.29 43 35 38 141 38425 7 1111088 105226 1.8 23 13 8 12 46% 39916 12472 2801 126%
c } 75.57 43 37 39 141 40297 7 1122121 116187 1.8 23 13 8 12 46% 39916 12472 2801 126%
c [ 75.57 43 20 39 141 40297 1 1122121 116187 1.8 22 12 9 16 46% 39916 12472 2801 126%
c W 75.83 33 20 39 141 40297 1 1122121 116187 1.8 22 12 9 16 46% 39916 12472 2801 126%
c - 75.91 33 20 39 142 40297 1 1122962 103492 1.8 22 12 9 16 47% 39916 12472 2801 126%
c - 76.61 33 20 39 143 40304 1 1134878 102779 1.8 22 12 9 16 47% 39916 12472 2801 126%
c - 77.35 35 20 39 144 40311 1 1146836 102956 1.8 22 12 9 16 47% 39916 12472 2801 126%
c
c  seconds   switched      rate            size/glue  tier1     binary         remaining
c         MB   reductions     conflicts          size   tier2       irredundant
c          level     restarts        redundant      glue    trail         variables
c
c u 78.39 35 20 39 144 40314 1 1157038 111338 1.8 22 12 9 16 47% 39916 12472 2801 126%
c v 78.75 35 20 39 144 40314 1 1157038 105127 1.8 22 12 9 16 47% 39916 12472 2801 126%
c w 78.88 35 20 39 144 40314 1 1157038 104046 1.8 22 12 9 16 47% 39916 12472 2801 126%
c - 79.05 35 20 39 145 40314 1 1158836 95235 1.8 22 12 9 16 47% 39916 12472 2801 126%
c - 79.87 35 20 39 146 40321 1 1170877 95416 1.8 22 12 9 16 47% 39916 12472 2801 126%
c - 80.77 35 20 39 147 40326 1 1182960 94245 1.8 23 12 9 16 47% 39916 12472 2801 126%
c - 81.70 35 21 39 148 40327 1 1195084 92787 1.8 23 13 9 16 47% 39916 12472 2801 126%
c O 82.09 35 21 39 148 40327 1 1200550 97969 1.8 23 13 9 16 47% 39916 12472 2801 126%
c - 82.51 35 20 39 149 40330 1 1207250 93860 1.8 23 12 8 16 47% 39916 12472 2801 126%
c - 83.34 35 20 39 150 40337 1 1219459 95104 1.8 22 12 8 16 47% 39916 12472 2801 126%
c - 84.21 35 19 39 151 40342 1 1231706 96478 1.8 22 12 8 15 47% 39916 12472 2801 126%
c - 85.08 35 19 39 152 40348 1 1243995 96957 1.8 22 12 8 15 47% 39916 12472 2801 126%
c - 85.92 35 19 39 153 40355 1 1256324 96658 1.8 22 12 8 15 47% 39916 12472 2801 126%
c u 86.39 35 19 39 153 40356 1 1258812 97177 1.8 22 12 8 15 47% 39916 12472 2801 126%
c v 86.66 35 19 39 153 40356 1 1258812 95450 1.8 22 12 8 15 47% 39916 12472 2801 126%
c w 86.76 35 19 39 153 40356 1 1258812 94462 1.8 22 12 8 15 47% 39916 12472 2801 126%
c o 86.79 35 19 39 153 40356 1 1258812 94462 1.8 22 12 8 15 47% 39916 12472 2801 126%
c ] 86.93 35 24 40 153 40356 1 1261418 97040 1.8 22 13 8 15 47% 39916 12472 2801 126%
c { 86.93 35 37 40 153 40356 7 1261418 97040 1.8 23 13 8 12 46% 39916 12472 2801 126%
c - 87.32 35 36 40 154 40398 7 1268695 92358 1.8 23 13 8 12 46% 39916 12472 2801 126%
c
c  seconds   switched      rate           size/glue  tier1     binary         remaining
c         MB   reductions     conflicts         size   tier2       irredundant
c          level     restarts        redundant     glue    trail         variables
c
c - 87.97 35 34 40 155 40416 6 1281104 93769 1.8 23 12 8 12 46% 39916 12472 2801 126%
c - 88.65 35 31 40 156 40435 6 1293553 94230 1.8 22 12 8 12 46% 39916 12472 2801 126%
c - 89.35 35 29 40 157 40437 5 1306044 93805 1.8 22 12 8 12 46% 39916 12472 2801 126%
c - 90.05 35 28 40 158 40487 5 1318573 94158 1.8 21 12 8 12 46% 39916 12472 2801 126%
c - 90.76 35 26 40 159 40517 4 1331143 93920 1.8 21 11 8 12 46% 39916 12472 2801 126%
c - 91.49 36 25 40 160 40605 4 1343753 95219 1.9 21 11 8 12 46% 39916 12472 2801 126%
c } 91.99 36 25 41 160 40718 4 1352890 103699 1.8 21 11 8 12 46% 39916 12472 2801 126%
c [ 91.99 36 24 41 160 40718 1 1352890 103699 1.8 22 13 8 15 47% 39916 12472 2801 126%
c B 91.99 36 24 41 160 40718 1 1352890 103699 1.8 22 13 8 15 47% 39916 12472 2801 126%
c - 92.21 36 25 41 161 40720 1 1356402 96796 1.8 22 13 8 15 47% 39916 12472 2801 126%
c u 93.01 36 25 41 161 40725 1 1365354 103837 1.8 22 13 8 15 47% 39916 12472 2801 126%
c v 93.23 36 25 41 161 40725 1 1365354 103555 1.8 22 13 8 15 47% 39916 12472 2801 126%
c w 93.32 36 25 41 161 40725 1 1365354 101974 1.8 22 13 8 15 47% 39916 12472 2801 126%
c - 93.57 36 25 41 162 40727 1 1369091 94995 1.8 22 13 8 15 47% 39916 12472 2801 126%
c - 94.34 36 24 41 163 40732 1 1381818 96407 1.8 23 13 8 15 47% 39916 12472 2801 126%
c - 95.19 36 24 41 164 40739 1 1394585 97507 1.8 23 13 8 15 47% 39916 12472 2801 126%
c - 96.02 36 24 41 165 40746 1 1407391 96737 1.8 23 13 8 15 47% 39916 12472 2801 126%
c - 96.84 36 24 41 166 40748 1 1420236 96488 1.7 23 13 8 15 47% 39916 12472 2801 126%
c ] 97.47 36 23 42 166 40748 1 1429912 105736 1.8 23 13 8 15 47% 39916 12472 2801 126%
c { 97.47 36 25 42 166 40748 4 1429912 105736 1.8 21 11 8 12 46% 39916 12472 2801 126%
c
c  seconds   switched      rate            size/glue  tier1     binary         remaining
c         MB   reductions     conflicts          size   tier2       irredundant
c          level     restarts        redundant      glue    trail         variables
c
c o 97.47 36 25 42 166 40750 4 1429939 105762 1.8 21 11 8 12 46% 39916 12472 2801 126%
c - 97.69 36 25 42 167 40791 4 1433120 99355 1.8 21 11 8 12 46% 39916 12472 2801 126%
c - 98.42 36 24 42 168 40939 4 1446042 101129 1.9 20 11 8 12 46% 39916 12472 2801 126%
c - 99.16 36 23 42 169 41039 3 1459003 102649 1.8 20 11 8 12 46% 39916 12472 2801 126%
c - 99.87 36 22 42 170 41130 3 1472003 105219 1.8 19 11 8 12 46% 39916 12472 2801 126%
c u 100.45 38 22 42 170 41197 3 1476661 108312 1.8 19 11 8 12 46% 39916 12472 2801 126%
c v 100.69 38 22 42 170 41197 3 1476661 104653 1.8 19 11 8 12 46% 39916 12472 2801 126%
c w 100.78 38 22 42 170 41197 3 1476661 103889 1.8 19 11 8 12 46% 39916 12472 2801 126%
c - 102.46 38 21 42 171 41309 3 1485041 103454 1.8 19 11 8 12 46% 39916 12472 2801 126%
c - 103.20 38 21 42 172 41611 3 1498117 108892 1.8 19 10 8 12 46% 39916 12472 2801 126%
c - 103.94 38 20 42 173 41892 3 1511231 113448 1.8 19 10 8 12 46% 39916 12472 2801 126%
c - 104.66 38 20 42 174 42096 3 1524384 117103 1.8 19 10 8 12 46% 39916 12472 2801 126%
c } 104.99 38 20 43 174 42302 3 1529886 122141 1.8 18 10 8 12 46% 39916 12472 2801 126%
c [ 104.99 38 23 43 174 42302 1 1529886 122141 1.8 23 13 8 15 47% 39916 12472 2801 126%
c W 105.35 38 23 43 174 42302 1 1529886 122141 1.8 23 13 8 15 47% 39916 12472 2801 126%
c - 105.77 38 23 43 175 42307 1 1537574 119672 1.8 23 13 8 15 47% 39916 12472 2801 126%
c - 106.58 38 23 43 176 42315 1 1550802 122143 1.8 23 13 8 15 47% 39916 12472 2801 126%
c - 107.44 38 22 43 177 42318 1 1564070 124061 1.8 23 13 8 15 47% 39916 12472 2801 126%
c - 108.31 38 22 43 178 42326 1 1577377 124948 1.8 22 13 8 15 47% 39916 12472 2801 126%
c - 109.16 38 22 43 179 42331 1 1590718 125940 1.8 23 13 8 15 47% 39916 12472 2801 126%
c
c  seconds    switched      rate            size/glue  tier1     binary         remaining
c          MB   reductions     conflicts          size   tier2       irredundant
c           level     restarts        redundant      glue    trail         variables
c
c u 109.53 38 22 43 179 42331 1 1592813 127510 1.8 23 13 8 15 47% 39916 12472 2801 126%
c v 109.72 38 22 43 179 42331 1 1592813 126751 1.8 23 13 8 15 47% 39916 12472 2801 126%
c w 109.80 38 22 43 179 42331 1 1592813 126217 1.8 23 13 8 15 47% 39916 12472 2801 126%
c - 110.78 38 21 43 180 42332 1 1604097 125667 1.8 23 12 8 15 47% 39916 12472 2801 126%
c ] 111.38 38 21 44 180 42333 1 1612162 133201 1.8 23 12 8 15 47% 39916 12472 2801 126%
c { 111.38 38 20 44 180 42333 3 1612162 133201 1.8 18 10 8 12 46% 39916 12472 2801 126%
c o 111.41 38 20 44 180 42338 3 1612529 133518 1.8 18 10 8 12 46% 39916 12472 2801 126%
c - 111.73 38 20 44 181 42453 3 1617514 126340 1.8 18 10 8 12 46% 39916 12472 2801 126%
c - 112.51 38 19 44 182 42614 3 1630967 127414 1.8 18 10 8 12 46% 39916 12472 2801 126%
c - 113.34 38 19 44 183 42995 3 1644457 128248 1.8 18 10 8 12 46% 39916 12472 2801 126%
c - 114.18 38 19 44 184 43490 3 1657984 130012 1.8 18 10 8 12 46% 39916 12472 2801 126%
c - 114.99 38 19 44 185 43904 2 1671550 131596 1.7 18 10 8 12 46% 39916 12472 2801 126%
c - 115.83 38 18 44 186 44268 2 1685152 133127 1.7 17 10 8 12 46% 39916 12472 2801 126%
c - 116.62 38 18 44 187 44705 2 1698791 133133 1.7 17 10 8 12 46% 39916 12472 2801 126%
c - 117.43 38 18 44 188 44970 2 1712466 133874 1.7 17 10 8 12 46% 39916 12472 2801 126%
c u 117.84 38 18 44 188 45002 2 1713831 133695 1.7 17 10 8 12 46% 39916 12472 2801 126%
c v 118.11 38 18 44 188 45002 2 1713831 131922 1.7 17 10 8 12 46% 39916 12472 2801 126%
c w 118.20 38 18 44 188 45002 2 1713831 131629 1.7 17 10 8 12 46% 39916 12472 2801 126%
c } 118.67 38 18 45 188 45188 2 1720994 138039 1.7 17 10 8 12 46% 39916 12472 2801 126%
c [ 118.67 38 21 45 188 45188 1 1720994 138039 1.8 23 12 8 15 47% 39916 12472 2801 126%
c
c  seconds    switched      rate            size/glue  tier1     binary         remaining
c          MB   reductions     conflicts          size   tier2       irredundant
c           level     restarts        redundant      glue    trail         variables
c
c I 118.67 38 21 45 188 45188 1 1720994 138039 1.8 23 12 8 15 47% 39916 12472 2801 126%
c - 119.00 38 22 45 189 45192 1 1726177 130223 1.8 23 13 8 15 47% 39916 12472 2801 126%
c - 119.87 40 24 45 190 45200 1 1739924 127399 1.8 24 14 8 15 47% 39916 12472 2801 126%
c - 120.80 40 25 45 191 45202 1 1753710 124584 1.8 25 14 8 16 46% 39916 12472 2801 126%
c - 121.75 40 26 45 192 45211 1 1767531 124883 1.8 26 14 8 16 46% 39916 12472 2801 126%
c - 122.76 40 27 45 193 45217 1 1781387 124906 1.8 27 15 8 16 46% 39916 12472 2801 126%
c - 123.77 40 27 45 194 45218 1 1795279 124056 1.8 28 15 8 16 46% 39916 12472 2801 126%
c - 124.69 40 28 45 195 45223 1 1809210 126306 1.8 29 15 8 16 46% 39916 12472 2801 126%
c ] 125.37 40 29 46 195 45228 1 1818669 135549 1.9 29 15 8 16 46% 39916 12472 2801 126%
c { 125.37 40 18 46 195 45228 2 1818669 135549 1.7 17 10 8 12 46% 39916 12472 2801 126%
c o 125.38 40 18 46 195 45239 2 1818744 135622 1.7 17 10 8 12 46% 39916 12472 2801 126%
c - 125.69 40 18 46 196 45415 2 1823176 129147 1.7 17 10 8 12 46% 39916 12472 2801 126%
c - 126.57 40 18 46 197 45778 2 1837177 132859 1.7 17 10 8 12 46% 39916 12472 2801 126%
c u 127.02 40 18 46 197 45779 2 1839743 132866 1.7 17 10 8 12 46% 39916 12472 2801 126%
c v 127.30 40 18 46 197 45779 2 1839743 130784 1.7 17 10 8 12 46% 39916 12472 2801 126%
c w 127.42 40 18 46 197 45779 2 1839743 130613 1.7 17 10 8 12 46% 39916 12472 2801 126%
c - 128.22 40 18 46 198 46408 2 1851214 131274 1.7 17 10 8 12 46% 39916 12472 2801 126%
c - 129.11 40 18 46 199 46902 2 1865286 135076 1.7 17 10 8 12 46% 39916 12472 2801 126%
c - 130.03 40 18 46 200 47677 2 1879395 136618 1.7 17 10 8 12 46% 39916 12472 2801 126%
c - 130.97 40 18 46 201 48497 2 1893537 136677 1.7 17 10 8 12 46% 39916 12472 2801 126%
c
c  seconds    switched      rate            size/glue  tier1     binary         remaining
c          MB   reductions     conflicts          size   tier2       irredundant
c           level     restarts        redundant      glue    trail         variables
c
c - 131.85 40 18 46 202 49020 2 1907716 136023 1.7 17 10 8 12 46% 39916 12472 2801 126%
c - 132.72 40 18 46 203 49452 2 1921929 135985 1.7 17 10 8 12 46% 39916 12472 2801 126%
c - 133.66 40 18 46 204 50184 3 1936176 136517 1.7 17 10 8 12 46% 39916 12472 2801 126%
c } 133.69 40 18 47 204 50200 2 1936713 137010 1.7 17 10 8 12 46% 39916 12472 2801 126%
c [ 133.69 40 29 47 204 50200 1 1936713 137010 1.9 29 15 8 16 46% 39916 12472 2801 126%
c B 133.69 40 29 47 204 50200 1 1936713 137010 1.9 29 15 8 16 46% 39916 12472 2801 126%
c - 134.60 40 28 47 205 50208 1 1950459 135497 1.9 29 15 8 16 46% 39916 12472 2801 126%
c - 135.66 40 28 47 206 50214 1 1964777 135362 1.9 29 15 8 16 46% 39916 12472 2801 126%
c u 136.38 40 28 47 206 50216 1 1970573 139169 1.9 29 15 8 16 46% 39916 12472 2801 126%
c v 136.73 40 28 47 206 50216 1 1970573 139150 1.9 29 15 8 16 46% 39916 12472 2801 126%
c w 136.86 40 28 47 206 50216 1 1970573 139106 1.9 29 15 8 16 46% 39916 12472 2801 126%
c - 137.49 40 28 47 207 50221 1 1979131 135514 1.9 28 15 8 16 46% 39916 12472 2801 126%
c - 138.49 40 27 47 208 50228 1 1993518 137902 1.9 28 14 8 16 46% 39916 12472 2801 126%
c - 139.50 40 27 47 209 50230 1 2007940 138301 2.0 28 14 8 16 46% 39916 12472 2801 126%
c - 140.53 40 28 47 210 50233 1 2022397 135509 1.9 29 15 8 16 46% 39916 12472 2801 126%
c - 141.63 40 28 47 211 50242 1 2036888 133424 1.9 29 15 8 16 47% 39916 12472 2801 126%
c ] 141.95 40 28 48 211 50244 1 2041388 137786 1.9 29 15 8 16 47% 39916 12472 2801 126%
c { 141.95 40 18 48 211 50244 2 2041388 137786 1.7 17 10 8 12 46% 39916 12472 2801 126%
c o 141.96 40 18 48 211 50246 2 2041417 137815 1.7 17 10 8 12 46% 39916 12472 2801 126%
c - 142.72 40 18 48 212 50956 3 2051413 134994 1.7 17 10 8 12 46% 39916 12472 2801 126%
c
c  seconds    switched      rate            size/glue  tier1     binary         remaining
c          MB   reductions     conflicts          size   tier2       irredundant
c           level     restarts        redundant      glue    trail         variables
c
c - 143.69 40 18 48 213 51516 3 2065974 137045 1.7 17 10 8 12 46% 39916 12472 2801 126%
c - 144.64 40 18 48 214 51996 3 2080574 137686 1.7 17 10 8 12 46% 39916 12472 2801 126%
c - 145.66 40 18 48 215 52825 3 2095202 138122 1.7 17 10 8 12 46% 39916 12472 2801 126%
c u 146.78 40 18 48 215 53210 3 2106375 148015 1.7 17 10 8 12 46% 39916 12472 2801 126%
c v 147.13 40 18 48 215 53210 3 2106375 147289 1.7 17 10 8 12 46% 39916 12472 2801 126%
c w 147.25 58 18 48 215 53210 3 2106375 147151 1.7 17 10 8 12 46% 39916 12472 2801 126%
c - 147.57 50 18 48 216 53479 3 2109864 137547 1.7 17 10 8 12 46% 39916 12472 2801 126%
c - 148.53 52 18 48 217 54051 3 2124562 137849 1.7 17 10 8 12 46% 39916 12472 2801 126%
c - 149.48 52 18 48 218 54479 3 2139292 138015 1.7 17 10 8 12 46% 39916 12472 2801 126%
c - 150.48 52 18 48 219 55176 3 2154057 137636 1.7 17 10 8 12 46% 39916 12472 2801 126%
c - 151.44 52 18 48 220 55713 3 2168855 139155 1.7 17 10 8 12 46% 39916 12472 2801 126%
c } 151.45 52 18 49 220 55717 3 2169001 139299 1.7 17 10 8 12 46% 39916 12472 2801 126%
c [ 151.45 52 28 49 220 55717 1 2169001 139299 1.9 29 15 8 16 47% 39916 12472 2801 126%
c W 152.06 40 28 49 220 55717 1 2169001 139299 1.9 29 15 8 16 47% 39916 12472 2801 126%
c - 152.94 40 27 49 221 55726 1 2183687 141063 1.9 28 15 8 16 47% 39916 12472 2801 126%
c - 154.00 40 26 49 222 55731 1 2198556 143459 1.9 28 15 8 16 47% 39916 12472 2801 126%
c - 155.15 40 25 49 223 55738 1 2213456 145018 1.9 27 14 8 16 48% 39916 12472 2801 126%
c - 156.26 40 24 49 224 55746 1 2228390 147068 1.9 27 14 8 16 48% 39916 12472 2801 126%
c - 157.43 40 23 49 225 55747 1 2243357 148035 1.9 26 14 8 16 48% 39916 12472 2801 126%
c u 158.12 40 23 49 225 55747 1 2247169 147392 1.9 26 14 8 16 48% 39916 12472 2801 126%
c
c  seconds    switched      rate            size/glue  tier1     binary         remaining
c          MB   reductions     conflicts          size   tier2       irredundant
c           level     restarts        redundant      glue    trail         variables
c
c v 158.48 40 23 49 225 55747 1 2247169 138109 1.9 26 14 8 16 48% 39916 12472 2801 126%
c w 158.62 40 23 49 225 55747 1 2247169 133735 1.9 26 14 8 16 48% 39916 12472 2801 126%
c o 158.66 40 23 49 225 55747 1 2247169 133735 1.9 26 14 8 16 48% 39916 12472 2801 126%
c - 159.37 40 31 49 226 55753 1 2258357 133211 1.8 27 15 8 16 48% 39916 12472 2801 126%
c - 160.37 40 30 49 227 55761 1 2273391 136909 1.8 27 15 8 16 48% 39916 12472 2801 126%
c O 161.05 40 29 49 227 55762 1 2283340 146434 1.8 27 15 8 16 48% 39916 12472 2801 126%
c ] 161.35 40 28 50 227 55766 1 2288391 151037 1.8 26 15 8 16 48% 39916 12472 2801 126%
c { 161.35 40 18 50 227 55766 3 2288391 151037 1.7 17 10 8 12 46% 39916 12472 2801 126%
c - 161.37 40 18 50 228 55766 3 2288457 138558 1.7 17 10 8 12 46% 39916 12472 2801 126%
c - 162.33 40 17 50 229 55778 2 2303557 138564 1.7 17 10 8 12 46% 39916 12472 2801 126%
c - 163.20 40 17 50 230 55792 2 2318689 138230 1.7 17 10 8 12 46% 39916 12472 2801 126%
c - 164.09 40 16 50 231 55838 2 2333854 138485 1.7 16 10 8 12 46% 39916 12472 2801 126%
c - 164.99 40 15 50 232 55861 2 2349052 139242 1.7 16 9 8 12 46% 39916 12472 2801 126%
c - 165.89 40 15 50 233 55926 2 2364284 140341 1.7 16 9 8 12 46% 39916 12472 2801 126%
c - 166.78 40 14 50 234 55949 2 2379548 140356 1.7 16 9 8 12 46% 39916 12472 2801 126%
c u 167.98 40 14 50 234 56017 2 2393009 150990 1.7 15 9 8 12 46% 39916 12472 2801 126%
c v 168.31 40 14 50 234 56017 2 2393009 148131 1.7 15 9 8 12 46% 39916 12472 2801 126%
c w 168.40 40 14 50 234 56017 2 2393009 148022 1.7 15 9 8 12 46% 39916 12472 2801 126%
c - 168.56 40 14 50 235 56033 2 2394845 138645 1.7 15 9 8 12 46% 39916 12472 2801 126%
c - 169.46 40 13 50 236 56075 2 2410174 144408 1.7 15 9 8 12 46% 39916 12472 2801 126%
c
c  seconds    switched      rate            size/glue tier1     binary         remaining
c          MB   reductions     conflicts          size  tier2       irredundant
c           level     restarts        redundant     glue    trail         variables
c
c - 170.38 40 13 50 237 56186 2 2425538 148140 1.7 15 9 8 12 46% 39916 12472 2801 126%
c } 170.40 40 13 51 237 56186 2 2425916 148455 1.7 15 9 8 12 46% 39916 12472 2801 126%
c [ 170.40 40 28 51 237 56186 1 2425916 148455 1.8 26 15 8 16 48% 39916 12472 2801 126%
c B 170.40 40 28 51 237 56186 1 2425916 148455 1.8 26 15 8 16 48% 39916 12472 2801 126%
c - 171.36 40 27 51 238 56195 1 2440932 152229 1.8 26 14 8 16 48% 39916 12472 2801 126%
c - 172.44 40 27 51 239 56200 1 2456359 155566 1.8 26 14 8 16 48% 39916 12472 2801 126%
c - 173.59 40 25 51 240 56208 1 2471818 156993 1.8 25 14 8 16 47% 39916 12472 2801 126%
c - 174.73 40 24 51 241 56215 1 2487309 158992 1.8 25 14 8 16 48% 39916 12472 2801 126%
c - 175.87 40 24 51 242 56216 1 2502833 160513 1.9 25 13 8 16 48% 39916 12472 2801 126%
c - 177.13 40 23 51 243 56223 1 2518390 160380 1.9 25 13 8 16 48% 39916 12472 2801 126%
c - 178.30 40 22 51 244 56231 1 2533978 157944 1.9 25 13 8 16 48% 39916 12472 2801 126%
c ] 178.77 40 22 52 244 56231 1 2540505 164240 1.9 25 13 8 16 48% 39916 12472 2801 126%
c { 178.77 40 13 52 244 56231 2 2540505 164240 1.7 15 9 8 12 46% 39916 12472 2801 126%
c o 178.78 40 13 52 244 56235 2 2540551 164285 1.7 15 9 8 12 46% 39916 12472 2801 126%
c u 179.56 58 13 52 244 56670 2 2543895 166085 1.7 15 9 8 12 46% 39916 12472 2801 126%
c v 179.99 58 13 52 244 56670 2 2543895 161400 1.7 15 9 8 12 46% 39916 12472 2801 126%
c w 180.15 58 13 52 244 56670 2 2543895 159434 1.7 15 9 8 12 46% 39916 12472 2801 126%
c - 180.68 52 14 52 245 57431 2 2549599 151903 1.7 15 9 8 12 46% 39916 12472 2801 126%
c - 181.97 52 15 52 246 59603 2 2565251 153547 1.6 15 9 8 12 46% 39916 12472 2801 126%
c - 183.20 52 15 52 247 61362 2 2580935 154014 1.6 16 10 8 12 46% 39916 12472 2801 126%
c
c  seconds    switched      rate            size/glue  tier1     binary         remaining
c          MB   reductions     conflicts          size   tier2       irredundant
c           level     restarts        redundant      glue    trail         variables
c
c - 184.30 52 16 52 248 62533 2 2596652 153609 1.6 16 10 8 12 46% 39916 12472 2801 126%
c - 185.27 52 16 52 249 63025 2 2612402 152530 1.6 16 10 8 12 46% 39916 12472 2801 126%
c - 186.44 52 17 52 250 64334 3 2628181 153357 1.6 16 10 8 12 46% 39916 12472 2801 126%
c - 187.55 52 17 52 251 65128 3 2643992 154656 1.6 16 10 8 12 46% 39916 12472 2801 126%
c - 188.69 52 17 52 252 66255 3 2659835 157569 1.6 16 10 8 12 46% 39916 12472 2801 126%
c - 189.80 54 17 52 253 67177 3 2675710 161522 1.6 16 10 8 12 46% 39916 12472 2801 126%
c } 190.69 52 18 53 253 68083 3 2688292 173038 1.6 16 10 8 12 46% 39916 12472 2801 126%
c [ 190.69 52 22 53 253 68083 1 2688292 173038 1.9 25 13 8 16 48% 39916 12472 2801 126%
c W 191.45 40 22 53 253 68083 1 2688292 173038 1.9 25 13 8 16 48% 39916 12472 2801 126%
c - 191.68 40 22 53 254 68085 1 2691616 165026 1.9 25 13 8 16 48% 39916 12472 2801 126%
c u 192.64 54 22 53 254 68089 1 2699877 171357 1.9 24 13 8 16 48% 39916 12472 2801 126%
c v 193.04 54 22 53 254 68089 1 2699877 168854 1.9 24 13 8 16 48% 39916 12472 2801 126%
c w 193.18 54 22 53 254 68089 1 2699877 167397 1.9 24 13 8 16 48% 39916 12472 2801 126%
c - 194.64 54 21 53 255 68095 1 2707553 164018 1.9 24 13 8 16 48% 39916 12472 2801 126%
c - 195.70 54 22 53 256 68100 1 2723522 166575 1.9 24 13 8 16 48% 39916 12472 2801 126%
c - 196.87 55 22 53 257 68109 1 2739522 169698 1.9 25 13 8 16 48% 39916 12472 2801 126%
c - 198.16 55 22 53 258 68113 1 2755553 170507 1.9 25 13 8 16 48% 39916 12472 2801 126%
c - 199.51 55 22 53 259 68115 1 2771615 170130 1.9 25 13 8 16 48% 39916 12472 2801 126%
c - 200.80 55 22 53 260 68124 1 2787709 169346 1.9 25 13 8 16 48% 39916 12472 2801 126%
c - 202.07 55 22 53 261 68129 1 2803833 167085 1.9 24 13 8 16 48% 39916 12472 2801 126%
c
c  seconds    switched      rate            size/glue  tier1     binary         remaining
c          MB   reductions     conflicts          size   tier2       irredundant
c           level     restarts        redundant      glue    trail         variables
c
c - 203.32 55 21 53 262 68139 1 2819989 165106 1.9 24 13 8 16 48% 39916 12472 2801 126%
c I 203.50 55 21 53 262 68141 1 2822531 167552 1.9 24 13 8 16 48% 39916 12472 2801 126%
c o 203.51 55 21 53 262 68141 1 2822531 167552 1.9 24 13 8 16 48% 39916 12472 2801 126%
c ] 203.81 55 27 54 262 68142 1 2826905 171793 1.8 26 14 8 16 48% 39916 12472 2801 126%
c { 203.81 55 18 54 262 68142 3 2826905 171793 1.6 16 10 8 12 46% 39916 12472 2801 126%
c - 205.18 55 21 54 263 70105 4 2836175 159148 1.7 17 10 8 12 46% 39916 12472 2801 126%
c - 207.52 55 26 54 264 73534 5 2852392 152343 1.7 19 11 8 12 46% 39916 12472 2801 126%
c u 209.23 56 28 54 264 75358 5 2860957 158111 1.7 20 12 8 12 46% 39916 12472 2801 126%
c v 209.59 74 28 54 264 75358 5 2860957 157707 1.7 20 12 8 12 46% 39916 12472 2801 126%
c w 209.73 74 28 54 264 75358 5 2860957 157534 1.7 20 12 8 12 46% 39916 12472 2801 126%
c - 211.14 68 30 54 265 76978 6 2868640 144831 1.7 21 12 8 12 46% 39916 12472 2801 126%
c - 213.60 68 33 54 266 80160 7 2884919 140878 1.8 22 12 8 12 46% 39916 12472 2801 126%
c - 215.97 68 36 54 267 83023 7 2901229 137071 1.8 23 13 8 12 46% 39916 12472 2801 126%
c - 218.23 68 38 54 268 85597 7 2917569 132828 1.8 24 13 8 12 46% 39916 12472 2801 126%
c - 220.35 68 40 54 269 87717 7 2933940 132286 1.9 25 14 8 12 46% 39916 12472 2801 126%
c - 222.35 68 41 54 270 89542 7 2950342 132683 1.9 26 14 8 12 46% 39916 12472 2801 126%
c - 224.36 68 42 54 271 91281 7 2966774 132516 1.9 27 14 8 12 46% 39916 12472 2801 126%
c - 226.30 68 43 54 272 92799 7 2983236 132307 1.9 27 14 8 12 46% 39916 12472 2801 126%
c } 226.53 66 43 55 272 92933 7 2985299 134333 1.9 28 14 8 12 46% 39916 12472 2801 126%
c [ 226.53 66 27 55 272 92933 1 2985299 134333 1.8 26 14 8 16 48% 39916 12472 2801 126%
c
c  seconds    switched      rate            size/glue  tier1     binary         remaining
c          MB   reductions     conflicts          size   tier2       irredundant
c           level     restarts        redundant      glue    trail         variables
c
c B 226.53 66 27 55 272 92933 1 2985299 134333 1.8 26 14 8 16 48% 39916 12472 2801 126%
c - 227.56 68 27 55 273 92942 1 2999728 132972 1.8 26 14 8 16 48% 39916 12472 2801 126%
c - 228.77 66 26 55 274 92947 1 3016250 134767 1.8 26 14 8 16 48% 39916 12472 2801 126%
c u 230.30 72 26 55 274 92954 1 3027185 143893 1.8 25 14 8 16 48% 39916 12472 2801 126%
c v 231.01 74 26 55 274 92954 1 3027185 143205 1.8 25 14 8 16 48% 39916 12472 2801 126%
c w 231.28 74 26 55 274 92954 1 3027185 140472 1.8 25 14 8 16 48% 39916 12472 2801 126%
c - 231.75 66 25 55 275 92957 1 3032804 132424 1.8 25 14 8 16 48% 39916 12472 2801 126%
c - 233.01 68 24 55 276 92962 1 3049388 133477 1.8 25 14 8 16 48% 39916 12472 2801 126%
c - 234.30 66 24 55 277 92963 1 3066001 132277 1.8 25 14 8 16 48% 39916 12472 2801 126%
c - 235.66 68 23 55 278 92973 1 3082646 130731 1.8 25 13 8 16 49% 39916 12472 2801 126%
c - 237.10 66 23 55 279 92978 1 3099319 130108 1.8 24 13 8 16 49% 39916 12472 2801 126%
c - 238.54 68 22 55 280 92988 1 3116022 127596 1.8 24 13 8 16 49% 39916 12472 2801 126%
c - 239.91 66 23 55 281 92993 1 3132756 123482 1.8 24 13 8 16 49% 39916 12472 2801 126%
c W 241.00 56 23 55 281 92994 1 3133487 124179 1.8 24 13 8 16 49% 39916 12472 2801 126%
c o 241.00 56 23 55 281 92994 1 3133487 124179 1.8 24 13 8 16 49% 39916 12472 2801 126%
c - 241.99 56 34 55 282 92995 1 3149519 116241 1.7 25 14 8 16 48% 39916 12472 2801 126%
c - 243.20 56 32 55 283 92995 1 3166311 112904 1.7 25 14 8 16 48% 39916 12472 2801 126%
c - 244.49 56 31 55 284 92997 1 3183133 113872 1.8 25 14 8 16 48% 39916 12472 2801 126%
c u 246.28 56 29 55 284 93006 1 3198582 127619 1.8 24 14 8 16 48% 39916 12472 2801 126%
c v 246.80 56 29 55 284 93006 1 3198582 126398 1.8 24 14 8 16 48% 39916 12472 2801 126%
c
c  seconds    switched      rate            size/glue  tier1     binary         remaining
c          MB   reductions     conflicts          size   tier2       irredundant
c           level     restarts        redundant      glue    trail         variables
c
c w 246.99 56 29 55 284 93006 1 3198582 125955 1.8 24 14 8 16 48% 39916 12472 2801 126%
c - 247.16 56 29 55 285 93007 1 3199986 112484 1.8 24 14 8 16 48% 39916 12472 2801 126%
c - 248.56 56 27 55 286 93012 1 3216869 114657 1.8 24 13 8 16 48% 39916 12472 2801 126%
c - 249.81 56 26 55 287 93023 1 3233781 113622 1.7 24 14 8 16 48% 39916 12472 2801 126%
c ] 250.88 56 26 56 287 93026 1 3248369 127337 1.7 24 14 8 16 48% 39916 12472 2801 126%
c { 250.88 56 43 56 287 93026 7 3248369 127337 1.9 28 14 8 12 46% 39916 12472 2801 126%
c - 251.07 56 43 56 288 93049 7 3250723 111951 1.9 27 14 8 12 46% 39916 12472 2801 126%
c - 252.20 56 39 56 289 93051 6 3267693 115324 1.9 26 14 8 12 46% 39916 12472 2801 126%
c - 253.36 56 35 56 290 93062 5 3284694 118366 1.9 25 13 8 12 46% 39916 12472 2801 126%
c - 254.47 56 32 56 291 93080 5 3301723 120792 1.9 24 13 8 12 46% 39916 12472 2801 126%
c - 255.65 56 30 56 292 93109 4 3318781 122968 1.9 24 12 8 12 46% 39916 12472 2801 126%
c - 256.77 56 28 56 293 93164 4 3335871 124062 1.9 23 12 8 12 46% 39916 12472 2801 126%
c - 257.89 56 26 56 294 93218 3 3352989 125992 1.9 22 12 8 12 46% 39916 12472 2801 126%
c - 259.06 56 25 56 295 93435 3 3370136 128919 1.9 21 11 8 12 46% 39916 12472 2801 126%
c u 259.86 56 24 56 295 93441 3 3375177 127009 1.9 21 11 8 12 46% 39916 12472 2801 126%
c v 260.30 56 24 56 295 93441 3 3375177 124019 1.9 21 11 8 12 46% 39916 12472 2801 126%
c w 260.45 56 24 56 295 93441 3 3375177 123152 1.9 21 11 8 12 46% 39916 12472 2801 126%
c o 260.49 56 24 56 295 93441 3 3375177 123152 1.9 21 11 8 12 46% 39916 12472 2801 126%
c - 261.30 56 23 56 296 93513 3 3387311 124461 1.8 21 11 8 12 46% 39916 12472 2801 126%
c - 262.41 56 22 56 297 93671 3 3404516 127624 1.8 20 11 8 12 46% 39916 12472 2801 126%
c
c  seconds    switched      rate            size/glue  tier1     binary         remaining
c          MB   reductions     conflicts          size   tier2       irredundant
c           level     restarts        redundant      glue    trail         variables
c
c } 263.24 56 21 57 297 93795 3 3417712 139747 1.8 20 11 8 12 46% 39916 12472 2801 126%
c [ 263.24 56 26 57 297 93795 1 3417712 139747 1.7 24 14 8 16 48% 39916 12472 2801 126%
c O 263.24 56 26 57 297 93795 1 3417712 139747 1.7 24 14 8 16 48% 39916 12472 2801 126%
c - 263.53 56 25 57 298 93797 1 3421749 131434 1.7 24 13 8 16 48% 39916 12472 2801 126%
c - 264.77 56 24 57 299 93808 1 3439012 134718 1.8 23 13 8 16 47% 39916 12472 2801 126%
c - 266.06 56 23 57 300 93814 1 3456303 136881 1.8 23 13 8 16 47% 39916 12472 2801 126%
c - 267.41 56 24 57 301 93823 1 3473626 135738 1.8 24 13 8 16 47% 39916 12472 2801 126%
c - 268.73 56 24 57 302 93825 1 3490975 135946 1.8 24 13 8 16 47% 39916 12472 2801 126%
c - 270.15 56 24 57 303 93832 1 3508353 137484 1.8 25 13 8 16 47% 39916 12472 2801 126%
c - 271.62 56 23 57 304 93840 1 3525759 139633 1.8 25 13 8 16 47% 39916 12472 2801 126%
c - 273.11 56 23 57 305 93847 1 3543195 141631 1.8 24 13 8 16 47% 39916 12472 2801 126%
c u 274.81 56 22 57 305 93854 1 3556995 153582 1.8 24 13 8 16 47% 39916 12472 2801 126%
c v 275.35 56 22 57 305 93854 1 3556995 144537 1.8 24 13 8 16 47% 39916 12472 2801 126%
c w 275.55 56 22 57 305 93854 1 3556995 133379 1.8 24 13 8 16 47% 39916 12472 2801 126%
c ] 275.82 56 22 58 305 93855 1 3559979 136169 1.8 24 13 8 16 47% 39916 12472 2801 126%
c { 275.82 56 21 58 305 93855 3 3559979 136169 1.8 20 11 8 12 46% 39916 12472 2801 126%
c - 275.90 56 21 58 306 93856 3 3560659 128294 1.8 20 11 8 12 46% 39916 12472 2801 126%
c - 277.13 56 21 58 307 94145 3 3578151 137154 1.8 20 11 8 12 46% 39916 12472 2801 126%
c - 278.40 56 20 58 308 94666 3 3595674 145407 1.8 19 11 8 12 46% 39916 12472 2801 126%
c - 279.61 56 20 58 309 94857 2 3613224 149675 1.8 19 11 8 12 46% 39916 12472 2801 126%
c
c  seconds    switched      rate            size/glue  tier1     binary         remaining
c          MB   reductions     conflicts          size   tier2       irredundant
c           level     restarts        redundant      glue    trail         variables
c
c o 280.62 56 19 58 309 95122 2 3628758 163579 1.8 19 11 8 12 46% 39916 12472 2801 126%
c - 280.80 56 19 58 310 95191 2 3630802 152448 1.8 19 11 8 12 46% 39916 12472 2801 126%
c - 282.06 56 19 58 311 95577 2 3648409 154874 1.8 18 10 8 12 46% 39916 12472 2801 126%
c - 283.31 56 19 58 312 95845 2 3666044 157742 1.8 18 10 8 12 46% 39916 12472 2801 126%
c - 284.64 56 18 58 313 96309 2 3683708 160835 1.8 18 10 8 12 46% 39916 12472 2801 126%
c - 285.92 56 18 58 314 96789 2 3701399 165564 1.7 18 10 8 12 46% 39916 12472 2801 126%
c - 287.20 56 18 58 315 97443 2 3719119 170135 1.7 18 10 8 12 46% 39916 12472 2801 126%
c - 288.50 56 18 58 316 97964 2 3736867 173752 1.7 17 10 8 12 46% 39916 12472 2801 126%
c } 288.78 56 18 59 316 98099 2 3740608 177166 1.7 17 10 8 12 46% 39916 12472 2801 126%
c [ 288.78 56 22 59 316 98099 1 3740608 177166 1.8 24 13 8 16 47% 39916 12472 2801 126%
c B 288.78 56 22 59 316 98099 1 3740608 177166 1.8 24 13 8 16 47% 39916 12472 2801 126%
c u 289.61 74 23 59 316 98101 1 3744061 173181 1.8 24 13 8 16 47% 39916 12472 2801 126%
c v 290.08 74 23 59 316 98101 1 3744061 171948 1.8 24 13 8 16 47% 39916 12472 2801 126%
c w 290.27 74 23 59 316 98101 1 3744061 171656 1.8 24 13 8 16 47% 39916 12472 2801 126%
c - 291.01 66 23 59 317 98107 1 3754645 165791 1.8 24 13 8 16 46% 39916 12472 2801 126%
c - 292.34 68 22 59 318 98113 1 3772449 169190 1.8 24 13 8 16 46% 39916 12472 2801 126%
c - 293.70 70 22 59 319 98124 1 3790281 171907 1.9 24 13 8 16 46% 39916 12472 2801 126%
c - 295.20 68 21 59 320 98129 1 3808141 173017 1.9 24 13 8 16 46% 39916 12472 2801 126%
c - 296.70 70 21 59 321 98132 1 3826029 173526 1.9 23 13 8 16 46% 39916 12472 2801 126%
c - 298.22 68 20 59 322 98143 1 3843945 173402 1.9 23 12 8 16 46% 39916 12472 2801 126%
c
c  seconds    switched      rate            size/glue  tier1     binary         remaining
c          MB   reductions     conflicts          size   tier2       irredundant
c           level     restarts        redundant      glue    trail         variables
c
c - 299.79 70 20 59 323 98150 1 3861891 172895 1.9 23 12 8 16 46% 39916 12472 2801 126%
c - 301.30 68 20 59 324 98158 1 3879866 171917 1.9 23 12 8 15 47% 39916 12472 2801 126%
c - 302.81 68 20 59 325 98160 1 3897867 170610 1.9 23 12 8 15 46% 39916 12472 2801 126%
c ] 303.01 70 20 60 325 98160 1 3900254 172860 1.9 23 12 8 15 46% 39916 12472 2801 126%
c { 303.01 70 18 60 325 98160 2 3900254 172860 1.7 17 10 8 12 46% 39916 12472 2801 126%
c o 303.02 70 18 60 325 98170 2 3900313 172917 1.7 17 10 8 12 46% 39916 12472 2801 126%
c - 304.20 68 18 60 326 98513 2 3915895 170917 1.7 17 10 8 12 46% 39916 12472 2801 126%
c - 305.63 70 18 60 327 99337 2 3933950 171993 1.7 17 10 8 12 46% 39916 12472 2801 126%
c u 306.47 74 18 60 327 99461 2 3936401 162665 1.7 17 10 8 12 46% 39916 12472 2801 126%
c v 307.03 74 18 60 327 99461 2 3936401 160799 1.7 17 10 8 12 46% 39916 12472 2801 126%
c w 307.23 74 18 60 327 99461 2 3936401 160598 1.7 17 10 8 12 46% 39916 12472 2801 126%
c - 308.51 70 18 60 328 100146 2 3952033 160810 1.7 17 10 8 12 46% 39916 12472 2801 126%
c - 309.89 70 18 60 329 100758 2 3970145 163437 1.7 17 10 8 12 46% 39916 12472 2801 126%
c - 311.29 70 18 60 330 101395 2 3988284 167150 1.7 17 10 8 12 46% 39916 12472 2801 126%
c - 312.76 70 18 60 331 102231 2 4006449 170805 1.7 17 10 8 12 46% 39916 12472 2801 126%
c - 314.10 70 18 60 332 102746 2 4024644 174349 1.7 17 10 8 12 46% 39916 12472 2801 126%
c - 315.52 70 18 60 333 103295 2 4042865 178583 1.7 17 10 8 12 46% 39916 12472 2801 126%
c - 316.82 70 17 60 334 103607 2 4061113 182990 1.7 17 10 8 12 46% 39916 12472 2801 126%
c - 318.34 70 18 60 335 104514 2 4079390 187291 1.7 17 10 8 12 46% 39916 12472 2801 126%
c } 319.31 70 18 61 335 104951 2 4092506 199120 1.7 17 10 8 12 46% 39916 12472 2801 126%
c
c  seconds    switched       rate            size/glue  tier1     binary         remaining
c          MB   reductions      conflicts          size   tier2       irredundant
c           level      restarts        redundant      glue    trail         variables
c
c [ 319.31 70 20 61 335 104951 1 4092506 199120 1.9 23 12 8 15 46% 39916 12472 2801 126%
c W 320.72 56 20 61 335 104951 1 4092506 199120 1.9 23 12 8 15 46% 39916 12472 2801 126%
c - 321.12 56 20 61 336 104955 1 4097693 191064 1.9 23 12 8 15 47% 39916 12472 2801 126%
c - 322.43 58 20 61 337 104964 1 4116024 192969 1.9 23 12 8 15 47% 39916 12472 2801 126%
c u 324.67 80 20 61 337 104972 1 4134041 209701 1.9 23 12 8 15 47% 39916 12472 2801 126%
c v 325.34 80 20 61 337 104972 1 4134041 205338 1.9 23 12 8 15 47% 39916 12472 2801 126%
c w 325.58 80 20 61 337 104972 1 4134041 203775 1.9 23 12 8 15 47% 39916 12472 2801 126%
c - 325.69 68 20 61 338 104972 1 4134382 187212 1.9 23 12 7 15 47% 39916 12472 2801 126%
c - 327.45 72 20 61 339 104980 1 4152766 188924 1.9 23 12 7 15 47% 39916 12472 2801 126%
c - 329.41 73 20 61 340 104981 1 4171178 187476 1.9 23 12 7 15 47% 39916 12472 2801 126%
c - 331.21 72 20 61 341 104991 1 4189617 186251 1.9 23 12 7 15 47% 39916 12472 2801 126%
c - 333.16 70 20 61 342 104997 1 4208084 184874 1.9 23 12 7 15 48% 39916 12472 2801 126%
c - 335.05 72 20 61 343 105009 1 4226579 181617 1.9 23 12 7 15 48% 39916 12472 2801 126%
c - 336.93 70 20 61 344 105012 1 4245101 177216 1.9 24 13 7 15 48% 39916 12472 2801 126%
c ] 337.84 70 20 62 344 105012 1 4253859 185548 1.9 24 13 7 15 48% 39916 12472 2801 126%
c { 337.84 70 18 62 344 105012 2 4253859 185548 1.7 17 10 8 12 46% 39916 12472 2801 126%
c o 337.85 70 18 62 344 105019 2 4253900 185589 1.7 17 10 8 12 46% 39916 12472 2801 126%
c - 338.76 72 18 62 345 105467 2 4263648 175497 1.7 17 10 8 12 46% 39916 12472 2801 126%
c - 340.34 70 18 62 346 106175 2 4282222 175570 1.7 17 10 8 12 46% 39916 12472 2801 126%
c - 341.87 72 18 62 347 106963 2 4300824 174523 1.7 17 10 8 12 46% 39916 12472 2801 126%
c
c  seconds    switched       rate            size/glue  tier1     binary         remaining
c          MB   reductions      conflicts          size   tier2       irredundant
c           level      restarts        redundant      glue    trail         variables
c
c - 343.38 72 18 62 348 107680 2 4319451 175975 1.7 17 10 8 12 46% 39916 12472 2801 126%
c u 345.49 78 18 62 348 108254 2 4337006 187669 1.7 17 10 8 12 46% 39916 12472 2801 126%
c v 346.18 80 18 62 348 108254 2 4337006 184882 1.7 17 10 8 12 46% 39916 12472 2801 126%
c w 346.41 80 18 62 348 108254 2 4337006 184601 1.7 17 10 8 12 46% 39916 12472 2801 126%
c - 346.57 68 18 62 349 108278 2 4338105 137367 1.7 17 10 7 12 46% 39916 12472 2801 126%
c - 347.88 70 17 62 350 108704 2 4356787 132971 1.7 17 10 7 12 46% 39916 12472 2801 126%
c - 349.24 70 17 62 351 109239 2 4375495 133729 1.7 17 10 7 12 46% 39916 12472 2801 126%
c - 350.71 70 17 62 352 110100 2 4394232 135297 1.7 17 10 7 12 46% 39916 12472 2801 126%
c - 352.18 70 18 62 353 110889 2 4412993 137636 1.7 17 10 7 12 46% 39916 12472 2801 126%
c - 353.62 70 18 62 354 111467 2 4431781 139559 1.7 17 10 7 12 46% 39916 12472 2801 126%
c - 355.04 70 18 62 355 112032 2 4450595 140622 1.7 17 10 7 12 46% 39916 12472 2801 126%
c } 355.64 68 18 63 355 112396 2 4458070 147625 1.7 17 10 7 12 46% 39916 12472 2801 126%
c [ 355.64 68 20 63 355 112396 1 4458070 147625 1.9 24 13 7 15 48% 39916 12472 2801 126%
c I 355.64 68 20 63 355 112396 1 4458070 147625 1.9 24 13 7 15 48% 39916 12472 2801 126%
c - 356.52 70 22 63 356 112402 1 4469438 138428 1.9 25 13 7 15 48% 39916 12472 2801 126%
c - 358.01 68 23 63 357 112410 1 4488305 133884 1.9 26 13 7 15 48% 39916 12472 2801 126%
c - 359.59 70 25 63 358 112420 1 4507199 129342 1.9 28 14 7 15 48% 39916 12472 2801 126%
c - 361.15 68 25 63 359 112426 1 4526120 127380 1.9 28 14 7 15 48% 39916 12472 2801 126%
c - 362.71 68 25 63 360 112430 1 4545067 129453 1.9 27 14 7 15 48% 39916 12472 2801 126%
c u 363.36 58 25 63 360 112431 1 4545319 128987 1.9 27 14 7 15 48% 39916 12472 2801 126%
c
c  seconds    switched       rate            size/glue  tier1     binary         remaining
c          MB   reductions      conflicts          size   tier2       irredundant
c           level      restarts        redundant      glue    trail         variables
c
c v 363.96 58 25 63 360 112431 1 4545319 128244 1.9 27 14 7 15 48% 39916 12472 2801 126%
c w 364.18 58 25 63 360 112431 1 4545319 127269 1.9 27 14 7 15 48% 39916 12472 2801 126%
c o 366.60 58 25 63 360 112431 1 4545319 127269 1.9 27 14 7 15 48% 39916 12472 2801 126%
c - 367.95 58 28 63 361 112440 1 4564043 127433 1.9 28 15 7 16 48% 39916 12472 2801 126%
c - 369.32 58 28 63 362 112448 1 4583044 126345 1.9 28 15 7 16 48% 39916 12472 2801 126%
c - 370.84 58 27 63 363 112456 1 4602070 125965 1.8 28 15 7 16 48% 39916 12472 2801 126%
c - 372.48 58 26 63 364 112457 1 4621122 125852 1.8 27 15 7 16 48% 39916 12472 2801 126%
c - 374.04 58 26 63 365 112458 1 4640201 123818 1.8 28 15 7 16 48% 39916 12472 2801 126%
c B 374.32 58 26 63 365 112458 1 4643406 126933 1.8 28 15 7 16 48% 39916 12472 2801 126%
c ] 375.05 58 29 64 365 112458 1 4652712 136057 1.8 29 16 7 16 48% 39916 12472 2801 126%
c { 375.05 58 18 64 365 112458 2 4652712 136057 1.7 17 10 7 12 46% 39916 12472 2801 126%
c - 375.61 58 18 64 366 112632 2 4659306 120326 1.7 17 10 7 12 46% 39916 12472 2801 126%
c - 377.13 58 18 64 367 113263 2 4678437 121943 1.7 17 10 7 12 46% 39916 12472 2801 126%
c - 378.69 58 18 64 368 114201 2 4697594 127243 1.7 17 10 7 12 46% 39916 12472 2801 126%
c - 380.16 58 18 64 369 114875 2 4716780 129375 1.7 17 10 7 12 46% 39916 12472 2801 126%
c - 381.68 58 18 64 370 115656 2 4735989 130911 1.7 17 10 7 12 46% 39916 12472 2801 126%
c - 383.18 58 18 64 371 116423 2 4755224 134552 1.7 17 10 7 12 46% 39916 12472 2801 126%
c u 383.94 58 18 64 371 116553 2 4759007 136823 1.7 17 10 7 12 46% 39916 12472 2801 126%
c v 384.38 58 18 64 371 116553 2 4759007 135729 1.7 17 10 7 12 46% 39916 12472 2801 126%
c w 384.53 58 18 64 371 116553 2 4759007 135452 1.7 17 10 7 12 46% 39916 12472 2801 126%
c
c  seconds    switched       rate            size/glue  tier1     binary         remaining
c          MB   reductions      conflicts          size   tier2       irredundant
c           level      restarts        redundant      glue    trail         variables
c
c - 385.87 58 17 64 372 116906 2 4774487 134389 1.7 16 10 7 12 46% 39916 12472 2801 126%
c - 387.40 58 18 64 373 117712 2 4793774 137411 1.7 16 10 7 12 45% 39916 12472 2801 126%
c - 388.93 58 18 64 374 118413 2 4813089 140380 1.7 17 10 7 12 46% 39916 12472 2801 126%
c - 390.38 58 18 64 375 118880 2 4832431 142269 1.7 16 10 7 12 46% 39916 12472 2801 126%
c o 390.61 58 17 64 375 118895 2 4835757 145171 1.7 16 10 7 12 46% 39916 12472 2801 126%
c - 391.92 58 18 64 376 119626 2 4851796 142675 1.7 16 10 7 12 46% 39916 12472 2801 126%
c } 393.19 58 18 65 376 120098 2 4869211 158613 1.7 16 10 7 12 46% 39916 12472 2801 126%
c [ 393.19 58 29 65 376 120098 1 4869211 158613 1.8 29 16 7 16 48% 39916 12472 2801 126%
c W 394.95 58 29 65 376 120098 1 4869211 158613 1.8 29 16 7 16 48% 39916 12472 2801 126%
c - 395.12 58 29 65 377 120099 1 4871188 143361 1.8 29 16 7 16 48% 39916 12472 2801 126%
c - 396.57 58 27 65 378 120111 1 4890604 143681 1.9 28 15 7 16 48% 39916 12472 2801 126%
c - 398.19 58 26 65 379 120118 1 4910048 142575 1.8 27 15 7 16 48% 39916 12472 2801 126%
c - 399.84 58 25 65 380 120127 1 4929515 142109 1.9 26 14 7 16 48% 39916 12472 2801 126%
c - 401.58 58 24 65 381 120128 1 4949009 141683 1.9 26 14 7 16 48% 39916 12472 2801 126%
c - 403.28 58 23 65 382 120139 1 4968529 140099 1.9 26 13 7 16 48% 39916 12472 2801 126%
c u 404.92 58 23 65 382 120143 1 4978071 148611 2.0 26 13 7 16 48% 39916 12472 2801 126%
c v 405.67 76 23 65 382 120143 1 4978071 144059 2.0 26 13 7 16 48% 39916 12472 2801 126%
c w 405.92 76 23 65 382 120143 1 4978071 141941 2.0 26 13 7 16 48% 39916 12472 2801 126%
c - 406.89 70 24 65 383 120146 1 4988073 132375 1.9 26 14 7 16 48% 39916 12472 2801 126%
c - 408.75 70 25 65 384 120157 1 5007643 128173 1.9 27 14 7 16 48% 39916 12472 2801 126%
c
c  seconds    switched       rate            size/glue  tier1     binary         remaining
c          MB   reductions      conflicts          size   tier2       irredundant
c           level      restarts        redundant      glue    trail         variables
c
c - 410.64 68 25 65 385 120159 1 5027239 124937 2.0 28 14 7 16 48% 39916 12472 2801 126%
c - 412.52 70 25 65 386 120160 1 5046860 124528 2.0 29 14 7 16 48% 39916 12472 2801 126%
c ] 413.35 68 25 66 386 120160 1 5056045 133172 2.0 28 14 7 16 48% 39916 12472 2801 126%
c { 413.35 68 18 66 386 120160 2 5056045 133172 1.7 16 10 7 12 46% 39916 12472 2801 126%
c - 414.20 68 17 66 387 120185 2 5066506 126607 1.6 16 10 7 12 46% 39916 12472 2801 126%
c - 415.73 70 16 66 388 120199 2 5086178 128396 1.6 16 10 7 12 46% 39916 12472 2801 126%
c - 417.15 68 15 66 389 120216 2 5105875 130474 1.6 15 9 7 12 46% 39916 12472 2801 126%
c - 418.58 68 14 66 390 120259 2 5125598 134207 1.7 15 9 7 12 46% 39916 12472 2801 126%
c o 419.75 68 14 66 390 120313 2 5141931 147247 1.6 15 9 7 12 46% 39916 12472 2801 126%
c - 420.03 70 13 66 391 120359 2 5145348 137016 1.6 15 9 7 12 46% 39916 12472 2801 126%
c - 421.48 68 13 66 392 120446 2 5165121 139375 1.6 15 9 7 12 46% 39916 12472 2801 126%
c - 422.94 68 13 66 393 120606 1 5184919 143182 1.6 14 9 7 12 46% 39916 12472 2801 126%
c u 425.00 73 12 66 393 120729 1 5202562 156011 1.6 14 9 7 12 46% 39916 12472 2801 126%
c v 425.67 76 12 66 393 120729 1 5202562 149933 1.6 14 9 7 12 46% 39916 12472 2801 126%
c w 425.78 76 12 66 393 120729 1 5202562 149838 1.6 14 9 7 12 46% 39916 12472 2801 126%
c - 426.01 68 12 66 394 120768 1 5204743 142969 1.6 14 9 7 12 46% 39916 12472 2801 126%
c - 427.45 70 12 66 395 120915 1 5224592 148790 1.6 14 9 7 12 46% 39916 12472 2801 126%
c - 429.04 70 12 66 396 121414 1 5244466 153801 1.6 14 9 7 12 46% 39916 12472 2801 126%
c - 430.63 70 11 66 397 121725 1 5264366 158253 1.6 14 9 7 11 46% 39916 12472 2801 126%
c - 432.22 70 11 66 398 122080 1 5284290 160142 1.6 14 9 7 11 46% 39916 12472 2801 126%
c
c  seconds    switched       rate            size/glue tier1     binary         remaining
c          MB   reductions      conflicts          size  tier2       irredundant
c           level      restarts        redundant     glue    trail         variables
c
c } 432.29 70 11 67 398 122080 1 5285160 160767 1.6 14 9 7 11 46% 39916 12472 2801 126%
c [ 432.29 70 25 67 398 122080 1 5285160 160767 2.0 28 14 7 16 48% 39916 12472 2801 126%
c O 432.29 70 25 67 398 122080 1 5285160 160767 2.0 28 14 7 16 48% 39916 12472 2801 126%
c - 433.78 72 23 67 399 122092 1 5304241 162768 1.9 27 14 7 16 47% 39916 12472 2801 126%
c - 435.41 70 23 67 400 122100 1 5324216 163239 2.0 27 14 7 16 47% 39916 12472 2801 126%
c - 437.35 66 23 67 401 122109 1 5344216 161887 1.9 26 14 7 16 47% 39916 12472 2801 126%
c - 439.54 72 23 67 402 122110 1 5364242 161171 1.9 26 14 7 16 47% 39916 12472 2801 126%
c - 441.51 72 22 67 403 122121 1 5384291 162291 1.9 25 13 7 16 47% 39916 12472 2801 126%
c - 443.58 72 21 67 404 122129 1 5404365 162363 1.9 24 13 7 16 46% 39916 12472 2801 126%
c - 445.65 72 20 67 405 122139 1 5424464 161747 1.9 24 12 7 16 46% 39916 12472 2801 126%
c u 447.16 74 21 67 405 122140 1 5432478 162425 1.9 24 13 7 16 47% 39916 12472 2801 126%
c v 447.95 74 21 67 405 122140 1 5432478 147802 1.9 24 13 7 16 47% 39916 12472 2801 126%
c w 448.26 76 21 67 405 122140 1 5432478 139125 1.9 24 13 7 16 47% 39916 12472 2801 126%
c - 449.38 68 21 67 406 122141 1 5444588 135316 2.0 25 13 7 16 47% 39916 12472 2801 126%
c - 451.17 70 22 67 407 122142 1 5464739 143409 2.0 26 13 7 16 47% 39916 12472 2801 126%
c ] 452.10 68 22 68 407 122142 1 5474873 153207 2.0 26 13 7 16 47% 39916 12472 2801 126%
c { 452.10 68 11 68 407 122142 1 5474873 153207 1.6 14 9 7 11 46% 39916 12472 2801 126%
c o 452.11 68 11 68 407 122149 1 5474922 153256 1.6 14 9 7 11 46% 39916 12472 2801 126%
c - 453.14 70 12 68 408 123253 2 5484913 147778 1.6 14 9 7 11 46% 39916 12472 2801 126%
c - 455.27 72 14 68 409 125912 2 5505112 151898 1.6 15 9 7 11 46% 39916 12472 2801 126%
c
c  seconds    switched       rate            size/glue tier1     binary         remaining
c          MB   reductions      conflicts          size  tier2       irredundant
c           level      restarts        redundant     glue    trail         variables
c
c - 457.20 72 15 68 410 127672 2 5525335 155148 1.6 15 9 7 11 46% 39916 12472 2801 126%
c - 459.14 72 16 68 411 129331 2 5545584 156929 1.6 15 10 7 11 46% 39916 12472 2801 126%
c - 460.94 72 16 68 412 130507 2 5565857 158612 1.6 16 10 7 11 46% 39916 12472 2801 126%
c - 462.73 72 16 68 413 131583 2 5586154 159775 1.6 16 10 7 11 46% 39916 12472 2801 126%
c - 464.46 72 17 68 414 132607 3 5606476 161015 1.6 16 10 7 11 46% 39916 12472 2801 126%
c - 466.05 70 17 68 415 133069 2 5626822 163069 1.6 16 10 7 11 46% 39916 12472 2801 126%
c - 467.86 72 17 68 416 134278 2 5647194 165369 1.6 16 10 7 11 46% 39916 12472 2801 126%
c - 469.56 72 17 68 417 135025 2 5667591 168387 1.6 16 10 7 11 46% 39916 12472 2801 126%
c u 470.39 73 17 68 417 135025 2 5667848 167809 1.6 16 10 7 11 46% 39916 12472 2801 126%
c v 471.14 74 17 68 417 135025 2 5667848 165890 1.6 16 10 7 11 46% 39916 12472 2801 126%
c w 471.40 74 17 68 417 135025 2 5667848 165652 1.6 16 10 7 11 46% 39916 12472 2801 126%
c - 473.12 72 17 68 418 135693 2 5688012 166877 1.7 16 10 7 11 46% 39916 12472 2801 126%
c - 474.90 72 17 68 419 136725 2 5708457 168327 1.7 16 10 7 11 46% 39916 12472 2801 126%
c } 475.59 70 17 69 419 136995 2 5716935 175947 1.6 16 10 7 11 46% 39916 12472 2801 126%
c [ 475.59 70 22 69 419 136995 1 5716935 175947 2.0 26 13 7 16 47% 39916 12472 2801 126%
c B 475.59 70 22 69 419 136995 1 5716935 175947 2.0 26 13 7 16 47% 39916 12472 2801 126%
c - 476.61 70 23 69 420 137001 1 5728927 165976 2.0 27 13 7 16 47% 39916 12472 2801 126%
c - 478.46 70 23 69 421 137009 1 5749421 160751 2.1 27 13 7 16 47% 39916 12472 2801 126%
c - 480.52 72 24 69 422 137022 1 5769942 155743 2.0 28 14 7 16 47% 39916 12472 2801 126%
c - 482.75 70 23 69 423 137025 1 5790484 154309 2.0 28 14 7 16 47% 39916 12472 2801 126%
c
c  seconds    switched       rate            size/glue  tier1     binary         remaining
c          MB   reductions      conflicts          size   tier2       irredundant
c           level      restarts        redundant      glue    trail         variables
c
c - 485.00 72 22 69 424 137032 1 5811050 154795 2.0 27 13 7 16 47% 39916 12472 2801 126%
c - 487.11 70 22 69 425 137040 1 5831642 153405 2.0 26 13 7 16 47% 39916 12472 2801 126%
c - 489.28 70 22 69 426 137054 1 5852257 148576 2.0 26 13 7 15 47% 39916 12472 2801 126%
c - 491.48 70 22 69 427 137056 1 5872898 145022 2.0 26 13 7 15 47% 39916 12472 2801 126%
c - 493.84 70 21 69 428 137057 1 5893563 142663 1.9 25 13 7 15 47% 39916 12472 2801 126%
c u 496.52 76 21 69 428 137057 1 5908691 156179 1.9 25 13 7 15 46% 39916 12472 2801 126%
c v 497.50 76 21 69 428 137057 1 5908691 152852 1.9 25 13 7 15 46% 39916 12472 2801 126%
c w 497.85 76 21 69 428 137057 1 5908691 146098 1.9 25 13 7 15 46% 39916 12472 2801 126%
c o 497.89 76 21 69 428 137057 1 5908691 146098 1.9 25 13 7 15 46% 39916 12472 2801 126%
c - 498.30 68 33 69 429 137058 1 5914252 130878 1.8 27 15 7 15 46% 39916 12472 2801 126%
c ] 499.31 70 32 70 429 137066 1 5927235 143470 1.8 26 15 7 15 46% 39916 12472 2801 126%
c { 499.31 70 17 70 429 137066 2 5927235 143470 1.6 16 10 7 11 46% 39916 12472 2801 126%
c - 500.64 70 20 70 430 138419 3 5934964 132651 1.7 18 10 7 11 46% 39916 12472 2801 126%
c - 504.36 70 26 70 431 142035 4 5955700 132750 1.7 20 12 7 11 46% 39916 12472 2801 126%
c - 508.28 70 31 70 432 145645 5 5976461 130697 1.8 22 13 7 11 46% 39916 12472 2801 126%
c - 512.05 70 35 70 433 148828 6 5997247 130826 1.8 24 14 7 11 46% 39916 12472 2801 126%
c - 515.84 68 38 70 434 151863 6 6018057 131189 1.8 26 14 7 12 46% 39916 12472 2801 126%
c - 519.09 70 40 70 435 153973 6 6038889 132253 1.9 27 15 7 12 46% 39916 12472 2801 126%
c - 522.31 70 42 70 436 156168 6 6059746 132171 1.9 28 15 7 12 46% 39916 12472 2801 126%
c - 525.27 70 43 70 437 157795 6 6080626 132869 1.9 29 15 7 12 46% 39916 12472 2801 126%
c
c  seconds    switched       rate            size/glue  tier1     binary         remaining
c          MB   reductions      conflicts          size   tier2       irredundant
c           level      restarts        redundant      glue    trail         variables
c
c - 527.86 70 43 70 438 158980 6 6101537 133458 1.9 30 15 7 12 46% 39916 12472 2801 126%
c - 530.78 70 44 70 439 160543 6 6122465 132386 2.0 30 15 7 12 46% 39916 12472 2801 126%
c - 533.57 70 44 70 440 161844 6 6143417 131626 2.0 31 16 7 12 46% 39916 12472 2801 126%
c u 536.21 74 44 70 440 162326 5 6155036 141477 2.0 31 16 7 12 46% 39916 12472 2801 126%
c v 537.38 74 44 70 440 162326 5 6155036 140823 2.0 31 16 7 12 46% 39916 12472 2801 126%
c w 537.83 74 44 70 440 162326 5 6155036 140720 2.0 31 16 7 12 46% 39916 12472 2801 126%
c - 539.16 70 44 70 441 162966 5 6164393 128964 2.0 32 16 7 12 46% 39916 12472 2801 126%
c } 541.51 70 44 71 441 164081 5 6182563 146829 2.0 32 16 7 12 46% 39916 12472 2801 126%
c [ 541.51 70 32 71 441 164081 1 6182563 146829 1.8 26 15 7 15 46% 39916 12472 2801 126%
c W 543.99 58 32 71 441 164081 1 6182563 146829 1.8 26 15 7 15 46% 39916 12472 2801 126%
c - 544.27 58 32 71 442 164083 1 6185397 128201 1.8 26 15 7 15 46% 39916 12472 2801 126%
c - 546.05 58 29 71 443 164094 1 6206423 131174 1.8 25 14 7 15 47% 39916 12472 2801 126%
c - 547.95 58 27 71 444 164102 1 6227470 136017 1.8 25 14 7 15 47% 39916 12472 2801 126%
c - 549.93 58 26 71 445 164111 1 6248541 134950 1.8 25 14 7 15 47% 39916 12472 2801 126%
c - 551.90 58 24 71 446 164115 1 6269636 131837 1.9 25 13 7 15 47% 39916 12472 2801 126%
c - 554.00 58 23 71 447 164126 1 6290755 132228 1.9 25 13 7 15 47% 39916 12472 2801 126%
c - 556.02 58 22 71 448 164136 1 6311898 132028 1.9 24 13 7 15 47% 39916 12472 2801 126%
c - 558.07 58 21 71 449 164142 1 6333064 130037 1.9 24 13 7 15 47% 39916 12472 2801 126%
c - 560.16 58 22 71 450 164143 1 6354253 126065 1.9 24 13 7 15 47% 39916 12472 2801 126%
c - 562.31 58 22 71 451 164143 1 6375466 124197 1.9 25 13 7 15 47% 39916 12472 2801 126%
c
c  seconds    switched       rate            size/glue  tier1     binary         remaining
c          MB   reductions      conflicts          size   tier2       irredundant
c           level      restarts        redundant      glue    trail         variables
c
c - 564.53 58 21 71 452 164154 1 6396705 126399 1.9 25 13 7 15 47% 39916 12472 2801 126%
c u 566.50 58 21 71 452 164158 1 6406885 133921 1.9 25 13 7 15 47% 39916 12472 2801 126%
c v 567.51 58 21 71 452 164158 1 6406885 132178 1.9 25 13 7 15 47% 39916 12472 2801 126%
c w 567.86 58 21 71 452 164158 1 6406885 130887 1.9 25 13 7 15 47% 39916 12472 2801 126%
c o 567.89 58 21 71 452 164158 1 6406885 130887 1.9 25 13 7 15 47% 39916 12472 2801 126%
c I 567.99 58 22 71 452 164158 1 6408133 132109 1.9 25 13 7 15 47% 39916 12472 2801 126%
c - 568.85 58 28 71 453 164163 1 6417965 119705 1.8 27 15 7 15 47% 39916 12472 2801 126%
c - 570.64 58 28 71 454 164173 1 6439249 115130 1.9 28 15 7 15 47% 39916 12472 2801 126%
c - 572.54 58 28 71 455 164174 1 6460557 113517 1.8 28 15 7 15 47% 39916 12472 2801 126%
c - 574.47 58 27 71 456 164188 1 6481889 116796 1.9 28 15 7 15 47% 39916 12472 2801 126%
c - 576.55 58 27 71 457 164196 1 6503243 119939 1.9 28 15 7 15 47% 39916 12472 2801 126%
c - 578.55 58 26 71 458 164204 1 6524621 121987 1.9 28 14 7 15 47% 39916 12472 2801 126%
c - 580.55 58 25 71 459 164206 1 6546022 123646 2.0 28 14 7 15 48% 39916 12472 2801 126%
c ] 582.38 58 24 72 459 164206 1 6565652 142327 2.0 27 14 7 15 48% 39916 12472 2801 126%
c { 582.38 58 44 72 459 164206 5 6565652 142327 2.0 32 16 7 12 46% 39916 12472 2801 126%
c - 582.58 58 44 72 460 164206 5 6567447 124045 2.0 32 16 7 12 46% 39916 12472 2801 126%
c - 584.71 58 39 72 461 164207 4 6588895 125468 2.0 29 15 7 12 46% 39916 12472 2801 126%
c - 586.71 58 34 72 462 164215 4 6610367 128496 2.0 27 14 7 12 46% 39916 12472 2801 126%
c - 588.51 58 30 72 463 164219 3 6631863 131260 1.9 25 13 7 12 46% 39916 12472 2801 126%
c - 590.26 58 27 72 464 164223 3 6653383 133711 1.9 24 12 7 12 46% 39916 12472 2801 126%
c
c  seconds    switched       rate            size/glue  tier1     binary         remaining
c          MB   reductions      conflicts          size   tier2       irredundant
c           level      restarts        redundant      glue    trail         variables
c
c u 591.96 58 26 72 464 164259 3 6664285 140514 1.9 23 12 7 12 46% 39916 12472 2801 126%
c v 592.80 76 26 72 464 164259 3 6664285 122242 1.9 23 12 7 12 46% 39916 12472 2801 126%
c w 593.09 76 26 72 464 164259 3 6664285 118164 1.9 23 12 7 12 46% 39916 12472 2801 126%
c - 593.93 66 25 72 465 164261 3 6674925 118376 1.9 23 12 7 12 46% 39916 12472 2801 126%
c - 595.63 68 23 72 466 164292 2 6696489 130269 2.0 22 11 7 12 46% 39916 12472 2801 126%
c - 597.36 70 21 72 467 164300 2 6718079 136309 1.9 21 11 7 12 46% 39916 12472 2801 126%
c - 599.19 66 20 72 468 164546 2 6739691 139943 1.9 21 11 7 12 46% 39916 12472 2801 126%
c o 600.24 68 20 72 468 164640 2 6753345 152269 1.9 20 11 7 12 46% 39916 12472 2801 126%
c - 600.90 70 20 72 469 164726 2 6761325 142066 1.9 20 11 7 12 46% 39916 12472 2801 126%
c - 602.72 70 19 72 470 165111 2 6782983 143866 1.8 19 11 7 12 46% 39916 12472 2801 126%
c - 604.56 70 19 72 471 165627 2 6804662 145982 1.8 19 11 7 12 46% 39916 12472 2801 126%
c - 606.35 70 19 72 472 165977 2 6826365 147869 1.8 19 10 7 12 46% 39916 12472 2801 126%
c } 607.04 70 19 73 472 166120 2 6834569 155184 1.8 19 10 7 12 46% 39916 12472 2801 126%
c [ 607.04 70 24 73 472 166120 1 6834569 155184 2.0 27 14 7 15 48% 39916 12472 2801 126%
c B 607.04 70 24 73 472 166120 1 6834569 155184 2.0 27 14 7 15 48% 39916 12472 2801 126%
c - 608.13 70 24 73 473 166128 1 6848091 147795 2.0 27 14 7 15 48% 39916 12472 2801 126%
c - 609.94 70 24 73 474 166137 1 6869839 145522 1.9 27 14 7 15 48% 39916 12472 2801 126%
c - 611.90 70 24 73 475 166148 1 6891613 144109 1.9 27 14 7 15 48% 39916 12472 2801 126%
c - 613.93 70 23 73 476 166150 1 6913407 146696 2.0 27 14 7 15 48% 39916 12472 2801 126%
c u 616.07 76 23 73 476 166157 1 6927237 159143 2.0 27 14 7 15 48% 39916 12472 2801 126%
c
c  seconds    switched       rate            size/glue  tier1     binary         remaining
c          MB   reductions      conflicts          size   tier2       irredundant
c           level      restarts        redundant      glue    trail         variables
c
c v 616.95 76 23 73 476 166157 1 6927237 157998 2.0 27 14 7 15 48% 39916 12472 2801 126%
c w 617.27 78 23 73 476 166157 1 6927237 157381 2.0 27 14 7 15 48% 39916 12472 2801 126%
c - 618.08 70 23 73 477 166163 1 6935225 146175 2.0 27 14 7 15 48% 39916 12472 2801 126%
c - 620.12 68 22 73 478 166171 1 6957066 147345 2.0 26 13 7 15 48% 39916 12472 2801 126%
c - 622.15 70 23 73 479 166180 1 6978930 145398 1.9 27 14 7 15 49% 39916 12472 2801 126%
c - 624.26 70 24 73 480 166182 1 7000819 140646 1.9 27 14 7 15 49% 39916 12472 2801 126%
c - 626.40 70 24 73 481 166182 1 7022728 139046 1.9 27 14 7 15 49% 39916 12472 2801 126%
c - 628.65 70 24 73 482 166191 1 7044659 140614 1.9 27 14 7 15 49% 39916 12472 2801 126%
c - 630.98 70 23 73 483 166200 1 7066613 142349 1.9 27 14 7 15 48% 39916 12472 2801 126%
c ] 631.61 68 23 74 483 166203 1 7072130 147618 1.9 27 14 7 15 48% 39916 12472 2801 126%
c { 631.61 68 19 74 483 166203 2 7072130 147618 1.8 19 10 7 12 46% 39916 12472 2801 126%
c - 633.04 70 18 74 484 166620 2 7088591 145102 1.8 19 10 7 12 46% 39916 12472 2801 126%
c o 634.34 70 18 74 484 166983 2 7104063 158951 1.8 18 10 7 12 46% 39916 12472 2801 126%
c - 634.94 70 18 74 485 167169 2 7110591 149321 1.8 18 10 7 12 46% 39916 12472 2801 126%
c - 636.80 70 18 74 486 167669 2 7132614 151829 1.8 18 10 7 12 46% 39916 12472 2801 126%
c - 638.70 70 18 74 487 168261 2 7154660 154030 1.7 18 10 7 12 46% 39916 12472 2801 126%
c - 640.66 70 18 74 488 168976 2 7176729 156828 1.7 17 10 7 12 46% 39916 12472 2801 126%
c u 643.31 58 18 74 488 169679 2 7195768 173090 1.7 17 10 7 12 46% 39916 12472 2801 126%
c v 644.20 76 18 74 488 169679 2 7195768 168459 1.7 17 10 7 12 46% 39916 12472 2801 126%
c w 644.52 76 18 74 488 169679 2 7195768 167938 1.7 17 10 7 12 46% 39916 12472 2801 126%
c
c  seconds    switched       rate            size/glue  tier1     binary         remaining
c          MB   reductions      conflicts          size   tier2       irredundant
c           level      restarts        redundant      glue    trail         variables
c
c - 648.80 70 18 74 489 169826 2 7198819 155366 1.7 17 10 7 12 46% 39916 12472 2801 126%
c - 650.84 68 18 74 490 170898 2 7220933 159060 1.7 17 10 7 12 46% 39916 12472 2801 126%
c - 652.75 72 18 74 491 171506 2 7243068 161466 1.7 17 10 7 12 46% 39916 12472 2801 126%
c - 654.67 72 18 74 492 172127 2 7265226 161745 1.7 17 10 7 12 46% 39916 12472 2801 126%
c - 656.68 70 18 74 493 172947 2 7287407 161464 1.7 17 10 7 12 46% 39916 12472 2801 126%
c - 658.70 70 18 74 494 173717 2 7309611 162940 1.7 17 10 7 12 46% 39916 12472 2801 126%
c - 660.69 72 18 74 495 174438 2 7331837 164208 1.7 17 10 7 12 46% 39916 12472 2801 126%
c - 662.76 72 18 74 496 175285 2 7354086 164937 1.7 17 10 7 12 46% 39916 12472 2801 126%
c } 662.86 68 18 75 496 175352 2 7354954 165734 1.7 17 10 7 12 46% 39916 12472 2801 126%
c [ 662.86 68 23 75 496 175352 1 7354954 165734 1.9 27 14 7 15 48% 39916 12472 2801 126%
c W 666.02 58 23 75 496 175352 1 7354954 165734 1.9 27 14 7 15 48% 39916 12472 2801 126%
c - 667.76 58 23 75 497 175365 1 7376358 161386 1.9 26 14 7 15 48% 39916 12472 2801 126%
c - 669.87 58 23 75 498 175373 1 7398653 158580 1.9 26 14 7 15 48% 39916 12472 2801 126%
c - 672.00 58 22 75 499 175382 1 7420968 159059 1.9 25 14 7 15 48% 39916 12472 2801 126%
c - 674.26 58 21 75 500 175388 1 7443306 158700 1.9 24 13 7 15 48% 39916 12472 2801 126%
c - 676.24 58 21 75 501 175397 1 7465668 157625 1.8 24 13 7 15 48% 39916 12472 2801 126%
c u 677.32 76 20 75 501 175398 1 7469876 158948 1.8 24 13 7 15 48% 39916 12472 2801 126%
c v 678.00 76 20 75 501 175398 1 7469876 154505 1.8 24 13 7 15 48% 39916 12472 2801 126%
c w 678.24 76 20 75 501 175398 1 7469876 147818 1.8 24 13 7 15 48% 39916 12472 2801 126%
c o 678.45 76 20 75 501 175398 1 7469876 147818 1.8 24 13 7 15 48% 39916 12472 2801 126%
c
c  seconds    switched       rate            size/glue  tier1     binary         remaining
c          MB   reductions      conflicts          size   tier2       irredundant
c           level      restarts        redundant      glue    trail         variables
c
c - 679.89 70 21 75 502 175409 1 7488052 145457 1.8 23 13 7 15 48% 39916 12472 2801 126%
c - 681.72 70 20 75 503 175413 1 7510457 149042 1.8 23 13 7 15 48% 39916 12472 2801 126%
c - 683.67 72 20 75 504 175414 1 7532884 152032 1.8 22 12 7 15 48% 39916 12472 2801 126%
c - 685.71 70 20 75 505 175417 1 7555333 152700 1.8 23 12 7 15 48% 39916 12472 2801 126%
c - 687.81 70 20 75 506 175429 1 7577807 153541 1.8 22 12 7 15 48% 39916 12472 2801 126%
c - 690.03 70 19 75 507 175439 1 7600302 156550 1.9 22 12 7 15 48% 39916 12472 2801 126%
c O 690.57 70 19 75 507 175443 1 7606064 162072 1.9 23 12 7 15 48% 39916 12472 2801 126%
c ] 692.11 72 19 76 507 175445 1 7622511 177204 1.9 22 12 7 15 48% 39916 12472 2801 126%
c { 692.12 72 18 76 507 175445 2 7622511 177204 1.7 17 10 7 12 46% 39916 12472 2801 126%
c - 692.18 68 18 76 508 175450 2 7622819 159444 1.7 17 10 7 12 46% 39916 12472 2801 126%
c - 694.25 72 18 76 509 176345 2 7645357 161588 1.7 17 10 7 12 46% 39916 12472 2801 126%
c - 696.26 72 17 76 510 177035 2 7667918 163003 1.7 17 10 7 12 46% 39916 12472 2801 126%
c - 698.53 72 18 76 511 178348 2 7690501 165124 1.7 17 10 7 12 46% 39916 12472 2801 126%
c - 700.45 72 18 76 512 178828 2 7713106 167549 1.7 17 10 7 12 46% 39916 12472 2801 126%
c - 702.44 72 18 76 513 179420 2 7735734 168989 1.7 17 10 7 12 46% 39916 12472 2801 126%
c u 704.70 76 18 76 513 179925 2 7749615 177115 1.7 17 10 7 12 46% 39916 12472 2801 126%
c v 705.64 76 18 76 513 179925 2 7749615 172960 1.7 17 10 7 12 46% 39916 12472 2801 126%
c w 705.96 76 18 76 513 179925 2 7749615 172561 1.7 17 10 7 12 46% 39916 12472 2801 126%
c - 706.90 72 18 76 514 180488 2 7758383 162802 1.7 17 10 7 12 46% 39916 12472 2801 126%
c - 708.86 72 18 76 515 181123 2 7781056 132272 1.7 17 10 6 12 46% 39916 12472 2801 126%
c
c  seconds    switched       rate            size/glue  tier1     binary         remaining
c          MB   reductions      conflicts          size   tier2       irredundant
c           level      restarts        redundant      glue    trail         variables
c
c - 710.84 70 18 76 516 182027 2 7803751 125102 1.7 17 10 6 12 46% 39916 12472 2801 126%
c - 712.91 70 18 76 517 183115 2 7826466 123189 1.6 17 10 6 12 46% 39916 12472 2801 126%
c o 714.03 68 18 76 517 183386 2 7839992 135543 1.7 17 10 6 12 46% 39916 12472 2801 126%
c - 714.86 68 18 76 518 183685 2 7849204 122842 1.7 17 10 6 12 46% 39916 12472 2801 126%
c - 716.89 68 18 76 519 184613 2 7871964 122726 1.7 17 10 6 12 46% 39916 12472 2801 126%
c - 718.73 70 18 76 520 185197 2 7894745 122731 1.7 17 10 6 12 46% 39916 12472 2801 126%
c - 720.68 70 17 76 521 185983 2 7917548 122824 1.7 16 10 6 12 46% 39916 12472 2801 126%
c } 720.84 66 17 77 521 185999 2 7919563 124648 1.7 16 10 6 12 46% 39916 12472 2801 126%
c [ 720.84 66 19 77 521 185999 1 7919563 124648 1.9 22 12 7 15 48% 39916 12472 2801 126%
c B 720.84 66 19 77 521 185999 1 7919563 124648 1.9 22 12 7 15 48% 39916 12472 2801 126%
c - 722.51 70 20 77 522 186012 1 7940373 118495 1.9 23 13 7 15 48% 39916 12472 2801 126%
c - 724.50 68 21 77 523 186020 1 7963221 111527 1.8 24 13 7 15 48% 39916 12472 2801 126%
c - 726.62 58 22 77 524 186029 1 7986091 108212 1.8 25 14 7 15 48% 39916 12472 2801 126%
c - 728.73 62 23 77 525 186035 1 8008984 105466 1.9 26 14 7 15 48% 39916 12472 2801 126%
c - 730.88 62 23 77 526 186044 1 8031898 104281 1.9 27 15 7 15 48% 39916 12472 2801 126%
c u 732.01 64 23 77 526 186045 1 8034981 104613 1.9 27 15 7 15 48% 39916 12472 2801 126%
c v 732.93 64 23 77 526 186045 1 8034981 103976 1.9 27 15 7 15 48% 39916 12472 2801 126%
c w 733.27 66 23 77 526 186045 1 8034981 103321 1.9 27 15 7 15 48% 39916 12472 2801 126%
c - 735.20 62 23 77 527 186057 1 8054834 102782 1.9 27 15 7 15 48% 39916 12472 2801 126%
c - 737.46 59 24 77 528 186060 1 8077792 105198 1.9 28 15 7 15 47% 39916 12472 2801 126%
c
c  seconds    switched       rate            size/glue  tier1     binary         remaining
c          MB   reductions      conflicts          size   tier2       irredundant
c           level      restarts        redundant      glue    trail         variables
c
c - 739.60 59 25 77 529 186061 1 8100770 104520 1.9 28 15 7 15 47% 39916 12472 2801 126%
c - 741.73 62 25 77 530 186067 1 8123771 103829 1.9 29 15 7 15 47% 39916 12472 2801 126%
c - 743.85 62 26 77 531 186076 1 8146794 105471 1.9 29 15 7 15 46% 39916 12472 2801 126%
c - 745.99 62 25 77 532 186090 1 8169837 108969 1.9 29 15 6 15 46% 39916 12472 2801 126%
c W 751.08 52 25 77 532 186092 1 8188265 126567 1.9 28 15 6 15 46% 39916 12472 2801 126%
c - 751.47 52 26 77 533 186092 1 8192902 111304 1.9 28 15 6 15 46% 39916 12472 2801 126%
c ] 752.49 52 26 78 533 186098 1 8205298 123089 1.9 28 15 6 15 46% 39916 12472 2801 126%
c { 752.49 52 17 78 533 186098 2 8205298 123089 1.7 16 10 6 12 46% 39916 12472 2801 126%
c - 753.47 52 17 78 534 186524 2 8215989 112538 1.7 16 10 6 11 46% 39916 12472 2801 126%
c o 753.85 52 17 78 534 186768 2 8220033 116185 1.7 17 10 6 11 46% 39916 12472 2801 126%
c - 755.68 52 18 78 535 187882 2 8239098 116848 1.7 17 10 6 11 46% 39916 12472 2801 126%
c - 757.57 52 17 78 536 188423 2 8262228 121855 1.7 17 10 6 11 46% 39916 12472 2801 126%
c - 759.64 52 18 78 537 189372 2 8285379 124446 1.7 17 10 6 11 46% 39916 12472 2801 126%
c - 761.78 52 18 78 538 190469 2 8308553 125411 1.7 17 10 6 11 46% 39916 12472 2801 126%
c u 764.17 52 18 78 538 191069 2 8325976 138387 1.7 17 10 6 11 46% 39916 12472 2801 126%
c v 765.12 52 18 78 538 191069 2 8325976 136084 1.7 17 10 6 11 46% 39916 12472 2801 126%
c w 765.45 52 18 78 538 191069 2 8325976 135615 1.7 17 10 6 11 46% 39916 12472 2801 126%
c - 765.97 52 18 78 539 191182 2 8331747 121740 1.7 17 10 6 11 46% 39916 12472 2801 126%
c - 767.94 52 18 78 540 191941 2 8354963 122749 1.7 17 10 6 11 46% 39916 12472 2801 126%
c - 769.93 52 18 78 541 192657 2 8378201 122945 1.7 17 10 6 11 46% 39916 12472 2801 126%
c
c  seconds    switched       rate            size/glue  tier1     binary         remaining
c          MB   reductions      conflicts          size   tier2       irredundant
c           level      restarts        redundant      glue    trail         variables
c
c - 771.97 52 18 78 542 193619 2 8401460 122927 1.7 17 10 6 11 46% 39916 12472 2801 126%
c - 774.10 52 18 78 543 194830 2 8424741 123121 1.7 17 10 6 11 46% 39916 12472 2801 126%
c - 776.02 52 18 78 544 195323 2 8448044 123193 1.7 17 10 6 11 46% 39916 12472 2801 126%
c - 778.10 52 18 78 545 196293 2 8471367 123087 1.7 17 10 6 11 46% 39916 12472 2801 126%
c - 780.11 52 18 78 546 197098 2 8494713 123116 1.6 17 10 6 11 46% 39916 12472 2801 126%
c } 782.07 52 18 79 546 197948 2 8516888 143162 1.7 17 10 6 11 46% 39916 12472 2801 126%
c [ 782.07 52 26 79 546 197948 1 8516888 143162 1.9 28 15 6 15 46% 39916 12472 2801 126%
c I 782.07 52 26 79 546 197948 1 8516888 143162 1.9 28 15 6 15 46% 39916 12472 2801 126%
c - 782.19 52 27 79 547 197949 1 8518079 122952 1.9 28 15 6 15 46% 39916 12472 2801 126%
c - 784.14 52 27 79 548 197961 1 8541470 117967 1.9 29 15 6 15 47% 39916 12472 2801 126%
c - 786.12 52 27 79 549 197972 1 8564881 110256 1.9 30 16 6 15 47% 39916 12472 2801 126%
c - 788.45 52 26 79 550 197978 1 8588312 108128 1.9 29 15 6 15 47% 39916 12472 2801 126%
c - 790.62 52 25 79 551 197986 1 8611765 112126 1.9 28 15 6 15 47% 39916 12472 2801 126%
c u 792.46 52 25 79 551 197992 1 8622650 120014 1.9 28 15 6 15 47% 39916 12472 2801 126%
c v 793.42 52 25 79 551 197992 1 8622650 118650 1.9 28 15 6 15 47% 39916 12472 2801 126%
c w 793.77 52 25 79 551 197992 1 8622650 111177 1.9 28 15 6 15 47% 39916 12472 2801 126%
c o 793.80 52 25 79 551 197992 1 8622650 111177 1.9 28 15 6 15 47% 39916 12472 2801 126%
c - 794.76 52 26 79 552 197996 1 8635239 104197 1.8 28 15 6 15 47% 39916 12472 2801 126%
c - 796.72 52 25 79 553 198008 1 8658733 109206 1.9 27 15 6 15 47% 39916 12472 2801 126%
c - 798.77 52 24 79 554 198010 1 8682250 115234 1.9 27 14 6 15 48% 39916 12472 2801 126%
c
c  seconds    switched       rate            size/glue  tier1     binary         remaining
c          MB   reductions      conflicts          size   tier2       irredundant
c           level      restarts        redundant      glue    trail         variables
c
c - 801.03 52 24 79 555 198010 1 8705787 115920 1.8 26 14 6 15 48% 39916 12472 2801 126%
c - 803.32 52 23 79 556 198020 1 8729345 118131 1.8 25 14 6 15 48% 39916 12472 2801 126%
c - 805.51 52 23 79 557 198031 1 8752924 118657 1.8 25 14 6 15 48% 39916 12472 2801 126%
c - 807.84 52 23 79 558 198040 1 8776524 115639 1.8 25 14 6 15 48% 39916 12472 2801 126%
c - 810.06 52 23 79 559 198045 1 8800146 113982 1.8 26 14 6 15 47% 39916 12472 2801 126%
c B 810.38 52 23 79 559 198047 1 8803621 117347 1.8 26 14 6 15 47% 39916 12472 2801 126%
c ] 810.75 52 23 80 559 198048 1 8807627 121211 1.8 26 14 6 15 47% 39916 12472 2801 126%
c { 810.75 52 18 80 559 198048 2 8807627 121211 1.7 17 10 6 11 46% 39916 12472 2801 126%
c - 812.20 52 18 80 560 198719 2 8823790 115760 1.7 17 10 6 11 46% 39916 12472 2801 126%
c - 814.30 52 18 80 561 199596 2 8847454 120616 1.7 17 10 6 11 46% 39916 12472 2801 126%
c - 816.43 52 18 80 562 200615 2 8871141 123239 1.7 17 10 6 11 46% 39916 12472 2801 126%
c - 818.46 52 18 80 563 201328 2 8894847 124175 1.7 17 10 6 11 46% 39916 12472 2801 126%
c - 820.47 52 18 80 564 202102 2 8918575 124578 1.7 17 10 6 11 45% 39916 12472 2801 126%
c u 821.96 52 17 80 564 202419 2 8925003 126272 1.7 17 10 6 11 45% 39916 12472 2801 126%
c v 822.93 52 17 80 564 202419 2 8925003 120677 1.7 17 10 6 11 45% 39916 12472 2801 126%
c w 823.26 52 17 80 564 202419 2 8925003 119543 1.7 17 10 6 11 45% 39916 12472 2801 126%
c - 824.82 52 18 80 565 203143 2 8942324 117244 1.7 17 10 6 11 45% 39916 12472 2801 126%
c - 826.87 52 18 80 566 204063 2 8966095 119830 1.7 17 10 6 11 46% 39916 12472 2801 126%
c - 828.96 52 18 80 567 205131 2 8989886 121643 1.7 17 10 6 11 46% 39916 12472 2801 126%
c - 830.90 52 18 80 568 205798 2 9013697 121559 1.6 17 10 6 11 46% 39916 12472 2801 126%
c
c  seconds    switched       rate            size/glue  tier1     binary         remaining
c          MB   reductions      conflicts          size   tier2       irredundant
c           level      restarts        redundant      glue    trail         variables
c
c o 831.66 52 18 80 568 206158 2 9022718 129637 1.6 17 10 6 11 46% 39916 12472 2801 126%
c - 832.98 52 18 80 569 206693 2 9037529 121522 1.6 17 10 6 11 46% 39916 12472 2801 126%
c - 835.05 52 18 80 570 207401 2 9061383 121730 1.6 17 10 6 11 46% 39916 12472 2801 126%
c - 837.12 52 18 80 571 208302 2 9085260 121899 1.6 17 10 6 11 46% 39916 12472 2801 126%
c - 839.16 52 18 80 572 209068 2 9109155 122310 1.6 17 10 6 11 46% 39916 12472 2801 126%
c - 841.20 52 18 80 573 209963 2 9133072 122437 1.6 17 10 6 11 46% 39916 12472 2801 126%
c } 841.29 52 18 81 573 209999 2 9134072 123309 1.6 17 10 6 11 46% 39916 12472 2801 126%
c [ 841.29 52 23 81 573 209999 1 9134072 123309 1.8 26 14 6 15 47% 39916 12472 2801 126%
c W 845.39 52 23 81 573 209999 1 9134072 123309 1.8 26 14 6 15 47% 39916 12472 2801 126%
c - 847.18 52 23 81 574 210012 1 9157010 120701 1.8 25 14 6 15 48% 39916 12472 2801 126%
c - 849.25 52 22 81 575 210022 1 9180970 116941 1.8 26 14 6 15 48% 39916 12472 2801 126%
c - 851.46 52 22 81 576 210029 1 9204950 116035 1.9 26 14 6 15 49% 39916 12472 2801 126%
c - 853.71 52 21 81 577 210037 1 9228950 118197 1.9 26 13 6 15 49% 39916 12472 2801 126%
c u 854.99 52 21 81 577 210040 1 9233061 119372 1.9 25 13 6 15 49% 39916 12472 2801 126%
c v 856.02 52 21 81 577 210040 1 9233061 115554 1.9 25 13 6 15 49% 39916 12472 2801 126%
c w 856.39 52 21 81 577 210040 1 9233061 107089 1.9 25 13 6 15 49% 39916 12472 2801 126%
c - 857.98 52 21 81 578 210048 1 9252971 107520 1.9 25 13 6 15 49% 39916 12472 2801 126%
c - 860.05 52 22 81 579 210059 1 9277013 110794 1.9 25 13 6 15 49% 39916 12472 2801 126%
c - 862.33 52 22 81 580 210061 1 9301077 111290 1.9 26 14 6 15 49% 39916 12472 2801 126%
c - 864.70 52 22 81 581 210061 1 9325160 113648 1.9 25 13 6 15 49% 39916 12472 2801 126%
c
c  seconds    switched       rate            size/glue  tier1     binary         remaining
c          MB   reductions      conflicts          size   tier2       irredundant
c           level      restarts        redundant      glue    trail         variables
c
c - 866.92 52 21 81 582 210073 1 9349263 117500 1.9 25 13 6 15 49% 39916 12472 2801 126%
c - 869.33 52 21 81 583 210083 1 9373388 117935 1.9 25 13 6 15 49% 39916 12472 2801 126%
c - 871.54 52 21 81 584 210092 1 9397533 118778 1.9 24 13 6 15 48% 39916 12472 2801 126%
c - 873.84 52 20 81 585 210099 1 9421699 119617 1.9 24 13 6 15 48% 39916 12472 2801 126%
c ] 875.13 52 20 82 585 210106 1 9434454 131414 1.9 24 13 6 15 48% 39916 12472 2801 126%
c { 875.13 52 18 82 585 210106 2 9434454 131414 1.6 17 10 6 11 46% 39916 12472 2801 126%
c o 875.99 52 17 82 585 210117 2 9443018 137754 1.6 16 10 6 11 46% 39916 12472 2801 126%
c - 876.25 52 17 82 586 210124 2 9445885 119173 1.6 16 10 6 11 46% 39916 12472 2801 126%
c - 878.16 52 16 82 587 210151 2 9470092 119759 1.6 16 10 6 11 46% 39916 12472 2801 126%
c - 880.10 52 15 82 588 210174 2 9494320 120613 1.7 16 9 6 11 46% 39916 12472 2801 126%
c - 882.03 52 14 82 589 210195 2 9518568 120178 1.6 15 9 6 11 46% 39916 12472 2801 126%
c - 883.98 52 13 82 590 210265 2 9542838 120989 1.6 15 9 6 11 46% 39916 12472 2801 126%
c u 885.25 52 13 82 590 210320 2 9546824 117566 1.6 15 9 6 11 46% 39916 12472 2801 126%
c v 886.21 52 13 82 590 210320 2 9546824 107077 1.6 15 9 6 11 46% 39916 12472 2801 126%
c w 886.39 52 13 82 590 210320 2 9546824 106600 1.6 15 9 6 11 46% 39916 12472 2801 126%
c - 888.04 52 12 82 591 210463 1 9567127 108762 1.6 14 9 6 11 46% 39916 12472 2801 126%
c - 890.00 52 12 82 592 210721 1 9591438 116452 1.6 14 9 6 11 46% 39916 12472 2801 126%
c - 891.93 52 12 82 593 211028 1 9615769 119405 1.6 14 9 6 11 46% 39916 12472 2801 126%
c - 893.94 52 12 82 594 211535 1 9640120 121261 1.6 14 9 6 11 46% 39916 12472 2801 126%
c - 895.97 52 11 82 595 211815 1 9664492 122620 1.6 14 9 6 11 46% 39916 12472 2801 126%
c
c  seconds    switched       rate            size/glue tier1     binary         remaining
c          MB   reductions      conflicts          size  tier2       irredundant
c           level      restarts        redundant     glue    trail         variables
c
c - 897.99 52 11 82 596 212111 1 9688886 122168 1.6 14 9 6 11 46% 39916 12472 2801 126%
c - 900.01 52 11 82 597 212437 1 9713299 122635 1.6 14 9 6 11 46% 39916 12472 2801 126%
c - 902.04 52 11 82 598 212827 1 9737732 124508 1.6 14 9 6 11 46% 39916 12472 2801 126%
c - 904.19 52 11 82 599 213441 1 9762186 125809 1.6 13 9 6 11 46% 39916 12472 2801 126%
c } 905.41 52 11 83 599 213841 1 9776060 136849 1.6 13 9 6 11 46% 39916 12472 2801 126%
c [ 905.41 52 20 83 599 213841 1 9776060 136849 1.9 24 13 6 15 48% 39916 12472 2801 126%
c O 905.41 52 20 83 599 213841 1 9776060 136849 1.9 24 13 6 15 48% 39916 12472 2801 126%
c - 906.28 52 20 83 600 213847 1 9786660 128086 1.9 23 12 6 15 48% 39916 12472 2801 126%
c - 908.45 52 19 83 601 213858 1 9811154 131284 1.9 23 12 6 15 48% 39916 12472 2801 126%
c - 910.86 52 19 83 602 213870 1 9835670 132948 1.9 23 12 6 15 48% 39916 12472 2801 126%
c - 913.36 54 19 83 603 213874 1 9860205 134119 2.0 23 12 6 15 48% 39916 12472 2801 126%
c u 914.98 54 18 83 603 213878 1 9866318 136882 2.0 23 12 6 15 48% 39916 12472 2801 126%
c v 916.16 54 18 83 603 213878 1 9866318 126017 2.0 23 12 6 15 48% 39916 12472 2801 126%
c w 916.54 54 18 83 603 213878 1 9866318 116623 2.0 23 12 6 15 48% 39916 12472 2801 126%
c o 916.57 54 18 83 603 213878 1 9866318 116623 2.0 23 12 6 15 48% 39916 12472 2801 126%
c - 917.93 54 22 83 604 213886 1 9884762 116723 1.9 24 12 6 15 48% 39916 12472 2801 126%
c - 920.06 54 22 83 605 213899 1 9909339 123695 1.9 23 12 6 15 48% 39916 12472 2801 126%
c - 922.37 54 21 83 606 213902 1 9933937 128602 1.9 23 12 6 15 48% 39916 12472 2801 126%
c - 924.63 54 21 83 607 213903 1 9958555 130636 1.9 23 12 6 15 48% 39916 12472 2801 126%
c - 927.05 54 20 83 608 213910 1 9983194 133294 1.8 22 12 6 15 48% 39916 12472 2801 126%
c
c  seconds    switched       rate             size/glue  tier1     binary         remaining
c          MB   reductions      conflicts           size   tier2       irredundant
c           level      restarts         redundant      glue    trail         variables
c
c - 929.28 54 21 83 609 213921 1 10007851 129777 1.8 23 13 6 15 48% 39916 12472 2801 126%
c - 931.68 54 21 83 610 213933 1 10032528 125196 1.8 23 13 6 15 48% 39916 12472 2801 126%
c - 934.11 54 21 83 611 213937 1 10057227 128752 1.8 23 13 6 15 48% 39916 12472 2801 126%
c ] 935.93 54 21 84 611 213948 1 10077043 147706 1.8 23 13 6 15 48% 39916 12472 2801 126%
c { 935.93 54 11 84 611 213948 1 10077043 147706 1.6 13 9 6 11 46% 39916 12472 2801 126%
c - 936.57 54 11 84 612 214813 1 10081945 132862 1.6 14 9 6 11 46% 39916 12472 2801 126%
c - 939.41 54 14 84 613 218442 2 10106683 135645 1.6 14 9 6 11 46% 39916 12472 2801 126%
c - 942.00 54 15 84 614 221089 2 10131441 136844 1.6 15 10 6 11 46% 39916 12472 2801 126%
c - 944.40 54 16 84 615 222780 3 10156221 137795 1.6 15 10 6 11 46% 39916 12472 2801 126%
c - 946.73 54 17 84 616 224047 3 10181022 138908 1.6 16 10 6 11 46% 39916 12472 2801 126%
c u 948.74 54 17 84 616 224515 3 10191566 142851 1.6 16 10 6 11 46% 39916 12472 2801 126%
c v 949.86 54 17 84 616 224515 3 10191566 138928 1.6 16 10 6 11 46% 39916 12472 2801 126%
c w 950.26 54 17 84 616 224515 3 10191566 138636 1.6 16 10 6 11 46% 39916 12472 2801 126%
c - 951.54 54 17 84 617 224952 3 10205841 130977 1.6 16 10 6 11 46% 39916 12472 2801 126%
c - 953.79 54 17 84 618 226129 3 10230681 132355 1.6 16 10 6 11 46% 39916 12472 2801 126%
c - 955.92 54 17 84 619 226873 2 10255540 133106 1.6 16 10 6 11 46% 39916 12472 2801 126%
c - 958.17 54 17 84 620 227879 2 10280422 133869 1.6 16 10 6 11 46% 39916 12472 2801 126%
c o 959.54 54 17 84 620 228400 2 10296326 148080 1.6 16 10 6 11 46% 39916 12472 2801 126%
c - 960.37 54 17 84 621 228702 2 10305321 134493 1.6 16 10 6 11 46% 39916 12472 2801 126%
c - 962.61 54 17 84 622 229721 2 10330240 134119 1.6 16 10 6 11 46% 39916 12472 2801 126%
c
c  seconds    switched       rate             size/glue  tier1     binary         remaining
c          MB   reductions      conflicts           size   tier2       irredundant
c           level      restarts         redundant      glue    trail         variables
c
c - 964.95 54 17 84 623 230909 2 10355179 133609 1.6 16 10 6 11 46% 39916 12472 2801 126%
c - 967.14 54 18 84 624 231815 2 10380138 133222 1.6 16 10 6 11 46% 39916 12472 2801 126%
c - 969.41 54 18 84 625 232852 2 10405117 133084 1.6 16 10 6 11 46% 39916 12472 2801 126%
c - 971.62 54 18 84 626 233724 2 10430118 132675 1.6 16 10 6 11 46% 39916 12472 2801 126%
c } 971.95 54 18 85 626 233742 2 10434123 136140 1.6 16 10 6 11 46% 39916 12472 2801 126%
c [ 971.95 54 21 85 626 233742 1 10434123 136140 1.8 23 13 6 15 48% 39916 12472 2801 126%
c B 971.95 54 21 85 626 233742 1 10434123 136140 1.8 23 13 6 15 48% 39916 12472 2801 126%
c - 973.59 54 21 85 627 233755 1 10455140 127951 1.8 24 13 6 15 48% 39916 12472 2801 126%
c - 975.72 54 21 85 628 233764 1 10480180 123883 1.8 24 13 6 15 48% 39916 12472 2801 126%
c - 978.05 54 21 85 629 233772 1 10505239 125239 1.8 24 13 6 15 48% 39916 12472 2801 126%
c u 980.63 54 21 85 629 233778 1 10522571 139732 1.9 24 13 6 15 48% 39916 12472 2801 126%
c v 981.76 72 21 85 629 233778 1 10522571 135050 1.9 24 13 6 15 48% 39916 12472 2801 126%
c w 982.17 72 21 85 629 233778 1 10522571 129061 1.9 24 13 6 15 48% 39916 12472 2801 126%
c - 982.99 64 21 85 630 233781 1 10530320 115810 1.9 24 13 6 15 48% 39916 12472 2801 126%
c - 985.56 66 20 85 631 233793 1 10555420 120113 1.9 24 13 6 15 48% 39916 12472 2801 126%
c - 988.05 64 20 85 632 233802 1 10580540 123913 1.9 23 12 6 15 47% 39916 12472 2801 126%
c - 990.47 66 22 85 633 233804 1 10605679 122574 1.9 24 13 6 15 47% 39916 12472 2801 126%
c - 993.03 66 22 85 634 233804 1 10630838 119544 1.9 25 13 6 15 47% 39916 12472 2801 126%
c - 995.79 66 23 85 635 233819 1 10656018 119996 1.9 25 13 6 15 47% 39916 12472 2801 126%
c - 998.51 64 23 85 636 233831 1 10681218 120086 1.9 26 13 6 15 47% 39916 12472 2801 126%
c
c   seconds    switched       rate             size/glue  tier1     binary         remaining
c           MB   reductions      conflicts           size   tier2       irredundant
c            level      restarts         redundant      glue    trail         variables
c
c - 1001.23 62 22 85 637 233835 1 10706438 120754 1.9 26 13 6 15 47% 39916 12472 2801 126%
c - 1004.10 64 22 85 638 233848 1 10731677 121935 1.9 26 13 6 15 47% 39916 12472 2801 126%
c ] 1006.37 64 22 86 638 233856 1 10753043 142185 1.9 26 13 6 15 47% 39916 12472 2801 126%
c { 1006.37 64 18 86 638 233856 2 10753043 142185 1.6 16 10 6 11 46% 39916 12472 2801 126%
c o 1006.40 66 18 86 638 233874 2 10753184 142322 1.6 16 10 6 11 46% 39916 12472 2801 126%
c - 1007.12 66 19 86 639 234517 3 10756935 123206 1.6 17 10 6 11 46% 39916 12472 2801 126%
c - 1011.88 66 26 86 640 238925 4 10782213 119231 1.7 21 12 6 11 46% 39916 12472 2801 126%
c - 1016.92 66 32 86 641 243290 5 10807511 112960 1.8 24 13 6 11 46% 39916 12472 2801 126%
c - 1021.85 64 36 86 642 247204 6 10832829 111757 1.8 26 14 6 11 45% 39916 12472 2801 126%
c - 1026.24 64 39 86 643 250232 6 10858166 112395 1.8 27 15 6 11 46% 39916 12472 2801 126%
c u 1027.84 54 39 86 643 250395 6 10859358 109005 1.8 28 15 6 11 46% 39916 12472 2801 126%
c v 1029.23 54 39 86 643 250395 6 10859358 107526 1.8 28 15 6 11 46% 39916 12472 2801 126%
c w 1029.76 54 39 86 643 250395 6 10859358 107310 1.8 28 15 6 11 46% 39916 12472 2801 126%
c - 1040.02 54 41 86 644 252783 6 10883531 107966 1.9 29 15 6 11 46% 39916 12472 2801 126%
c - 1043.97 54 42 86 645 255047 6 10908909 108788 1.9 30 16 6 11 46% 39916 12472 2801 126%
c - 1047.64 54 43 86 646 256705 6 10934307 108996 1.9 31 16 6 11 46% 39916 12472 2801 126%
c - 1051.11 54 43 86 647 258142 6 10959724 109310 2.0 32 16 6 11 46% 39916 12472 2801 126%
c - 1054.71 54 44 86 648 259663 5 10985162 108868 2.0 33 16 6 11 46% 39916 12472 2801 126%
c - 1057.98 54 43 86 649 260700 5 11010617 108678 2.0 33 16 6 11 46% 39916 12472 2801 126%
c - 1061.25 54 43 86 650 261761 5 11036092 109044 2.0 33 16 6 11 46% 39916 12472 2801 126%
c
c   seconds    switched       rate             size/glue  tier1     binary         remaining
c           MB   reductions      conflicts           size   tier2       irredundant
c            level      restarts         redundant      glue    trail         variables
c
c - 1064.87 54 44 86 651 263331 5 11061587 108345 2.0 33 16 6 11 46% 39916 12472 2801 126%
c - 1068.09 54 43 86 652 264262 4 11087101 108033 2.0 33 16 6 11 46% 39916 12472 2801 126%
c - 1071.57 54 43 86 653 265547 4 11112636 107905 2.0 34 16 6 11 46% 39916 12472 2801 126%
c } 1073.23 54 43 87 653 266073 4 11125898 120978 2.1 34 16 6 11 46% 39916 12472 2801 126%
c [ 1073.23 54 22 87 653 266073 1 11125898 120978 1.9 26 13 6 15 47% 39916 12472 2801 126%
c W 1078.42 54 22 87 653 266073 1 11125898 120978 1.9 26 13 6 15 47% 39916 12472 2801 126%
c - 1079.53 54 22 87 654 266079 1 11138190 109178 1.9 25 13 6 15 47% 39916 12472 2801 126%
c - 1082.03 54 21 87 655 266091 1 11163763 115121 1.9 24 13 6 15 48% 39916 12472 2801 126%
c - 1084.43 54 20 87 656 266102 1 11189355 120122 1.9 24 13 6 15 48% 39916 12472 2801 126%
c u 1086.64 54 20 87 656 266103 1 11201927 130754 1.9 24 13 6 15 48% 39916 12472 2801 126%
c v 1087.79 54 20 87 656 266103 1 11201927 121211 1.9 24 13 6 15 48% 39916 12472 2801 126%
c w 1088.20 54 20 87 656 266103 1 11201927 114902 1.9 24 13 6 15 48% 39916 12472 2801 126%
c - 1089.61 54 20 87 657 266109 1 11214967 108000 1.9 24 13 6 15 48% 39916 12472 2801 126%
c - 1092.07 54 20 87 658 266118 1 11240601 115332 1.9 24 12 6 15 48% 39916 12472 2801 126%
c - 1094.75 54 19 87 659 266133 1 11266252 119211 1.9 23 12 6 15 48% 39916 12472 2801 126%
c - 1097.56 54 20 87 660 266135 1 11291922 119645 1.9 24 13 6 15 48% 39916 12472 2801 126%
c - 1100.33 54 20 87 661 266135 1 11317614 119701 1.9 24 13 6 15 48% 39916 12472 2801 126%
c - 1103.17 54 19 87 662 266149 1 11343324 121296 1.9 24 12 6 15 48% 39916 12472 2801 126%
c - 1106.01 54 19 87 663 266159 1 11369053 121926 1.9 24 13 6 15 48% 39916 12472 2801 126%
c - 1108.79 54 19 87 664 266166 1 11394803 123336 1.9 23 12 6 15 47% 39916 12472 2801 126%
c
c   seconds    switched       rate             size/glue  tier1     binary         remaining
c           MB   reductions      conflicts           size   tier2       irredundant
c            level      restarts         redundant      glue    trail         variables
c
c - 1111.48 54 19 87 665 266176 1 11420572 124615 1.9 23 12 6 15 47% 39916 12472 2801 126%
c - 1114.19 54 19 87 666 266188 1 11446359 123190 1.9 23 12 6 15 48% 39916 12472 2801 126%
c I 1115.66 54 19 87 666 266195 1 11459572 135440 1.8 23 12 6 15 48% 39916 12472 2801 126%
c o 1115.66 54 19 87 666 266195 1 11459572 135440 1.8 23 12 6 15 48% 39916 12472 2801 126%
c - 1116.87 54 32 87 667 266197 1 11472165 120286 1.7 26 15 6 15 47% 39916 12472 2801 126%
c - 1119.41 54 31 87 668 266198 1 11497991 117134 1.7 26 15 6 15 47% 39916 12472 2801 126%
c - 1122.24 54 31 87 669 266199 1 11523836 112611 1.7 27 16 6 15 48% 39916 12472 2801 126%
c - 1125.07 54 31 87 670 266199 1 11549702 109666 1.8 28 16 6 15 48% 39916 12472 2801 126%
c u 1126.30 54 31 87 670 266199 1 11550324 103592 1.8 28 16 6 15 48% 39916 12472 2801 126%
c v 1127.67 54 31 87 670 266199 1 11550324 103098 1.8 28 16 6 15 48% 39916 12472 2801 126%
c w 1128.19 54 31 87 670 266199 1 11550324 103022 1.8 28 16 6 15 48% 39916 12472 2801 126%
c - 1130.76 54 29 87 671 266199 1 11575586 106444 1.8 27 16 6 15 48% 39916 12472 2801 126%
c - 1133.36 54 27 87 672 266210 1 11601489 112740 1.8 27 15 6 15 48% 39916 12472 2801 126%
c - 1136.15 54 26 87 673 266221 1 11627414 115835 1.8 27 15 6 15 49% 39916 12472 2801 126%
c ] 1138.74 54 25 88 673 266230 1 11651935 138993 1.8 27 15 6 15 49% 39916 12472 2801 126%
c { 1138.74 54 43 88 673 266230 4 11651935 138993 2.1 34 16 6 11 46% 39916 12472 2801 126%
c - 1138.92 54 43 88 674 266235 4 11653357 113358 2.1 34 16 6 11 46% 39916 12472 2801 126%
c - 1141.44 54 38 88 675 266235 4 11679320 116013 2.0 31 15 6 11 46% 39916 12472 2801 126%
c - 1143.78 54 33 88 676 266264 3 11705300 120350 2.0 29 15 6 11 46% 39916 12472 2801 126%
c - 1146.09 54 30 88 677 266284 3 11731301 122022 1.9 27 14 6 11 46% 39916 12472 2801 126%
c
c   seconds    switched       rate             size/glue  tier1     binary         remaining
c           MB   reductions      conflicts           size   tier2       irredundant
c            level      restarts         redundant      glue    trail         variables
c
c - 1148.41 54 27 88 678 266304 2 11757322 123854 1.9 25 13 6 11 46% 39916 12472 2801 126%
c - 1150.57 54 24 88 679 266345 2 11783360 124606 1.9 24 12 6 11 46% 39916 12472 2801 126%
c - 1152.84 54 22 88 680 266423 2 11809417 124495 1.9 22 12 6 11 46% 39916 12472 2801 126%
c - 1155.14 54 20 88 681 266503 2 11835493 125091 1.8 21 11 6 11 46% 39916 12472 2801 126%
c - 1157.45 54 20 88 682 266695 2 11861589 126552 1.8 20 11 6 11 46% 39916 12472 2801 126%
c - 1159.68 54 19 88 683 266901 2 11887705 114376 1.8 19 11 5 11 46% 39916 12472 2801 126%
c u 1162.07 54 18 88 683 267129 2 11904527 123074 1.8 19 11 5 11 46% 39916 12472 2801 126%
c v 1163.23 54 18 88 683 267129 2 11904527 115710 1.8 19 11 5 11 46% 39916 12472 2801 126%
c w 1163.65 54 18 88 683 267129 2 11904527 113381 1.8 19 11 5 11 46% 39916 12472 2801 126%
c - 1164.43 54 18 88 684 267262 2 11913840 97594 1.8 19 11 5 11 46% 39916 12472 2801 126%
c o 1165.04 54 18 88 684 267365 2 11921681 104702 1.8 19 11 5 11 46% 39916 12472 2801 126%
c - 1166.60 54 18 88 685 267766 2 11939994 102574 1.8 18 11 5 11 46% 39916 12472 2801 126%
c - 1168.82 54 18 88 686 268274 2 11966166 105147 1.8 18 10 5 11 46% 39916 12472 2801 126%
c - 1170.90 54 17 88 687 268645 2 11992358 105988 1.7 18 10 5 11 46% 39916 12472 2801 126%
c - 1173.25 54 18 88 688 269791 2 12018568 106421 1.7 18 10 5 11 46% 39916 12472 2801 126%
c } 1175.13 54 18 89 688 270346 2 12040872 126384 1.7 18 10 5 11 46% 39916 12472 2801 126%
c [ 1175.13 54 25 89 688 270346 1 12040872 126384 1.8 27 15 6 15 49% 39916 12472 2801 126%
c B 1175.13 54 25 89 688 270346 1 12040872 126384 1.8 27 15 6 15 49% 39916 12472 2801 126%
c - 1175.47 54 25 89 689 270348 1 12044798 105498 1.8 27 15 6 15 49% 39916 12472 2801 126%
c - 1177.72 54 26 89 690 270360 1 12071047 96915 1.9 29 15 6 15 49% 39916 12472 2801 126%
c
c   seconds    switched       rate            size/glue  tier1     binary         remaining
c           MB   reductions      conflicts          size   tier2       irredundant
c            level      restarts         redundant     glue    trail         variables
c
c - 1180.20 54 27 89 691 270374 1 12097314 87501 1.9 30 16 6 15 49% 39916 12472 2801 126%
c - 1182.75 54 26 89 692 270377 1 12123601 89503 1.9 30 16 6 15 48% 39916 12472 2801 126%
c - 1185.34 54 27 89 693 270391 1 12149906 91769 1.9 31 16 6 15 48% 39916 12472 2801 126%
c - 1187.95 54 28 89 694 270405 1 12176231 89706 1.9 31 16 6 15 48% 39916 12472 2801 126%
c - 1190.53 54 28 89 695 270407 1 12202574 89581 1.9 31 16 6 15 48% 39916 12472 2801 126%
c - 1193.34 54 27 89 696 270408 1 12228937 90790 1.9 31 16 6 15 47% 39916 12472 2801 126%
c - 1195.90 54 27 89 697 270420 1 12255318 93296 1.9 30 16 6 15 48% 39916 12472 2801 126%
c u 1197.81 54 26 89 697 270423 1 12264587 96682 1.9 30 16 6 15 48% 39916 12472 2801 126%
c v 1199.07 54 26 89 697 270423 1 12264587 95973 1.9 30 16 6 15 48% 39916 12472 2801 126%
c w 1199.52 54 26 89 697 270423 1 12264587 93724 1.9 30 16 6 15 48% 39916 12472 2801 126%
c - 1201.09 54 26 89 698 270430 1 12281720 88960 1.9 29 16 6 15 49% 39916 12472 2801 126%
c - 1203.43 54 24 89 699 270439 1 12308139 95368 1.9 28 15 6 15 49% 39916 12472 2801 126%
c - 1205.90 54 23 89 700 270449 1 12334578 99190 1.9 27 14 6 15 49% 39916 12472 2801 126%
c - 1208.33 54 23 89 701 270461 1 12361038 97743 1.9 27 14 6 15 49% 39916 12472 2801 126%
c - 1210.84 54 24 89 702 270470 1 12387514 93469 1.8 27 15 6 15 49% 39916 12472 2801 126%
c W 1217.47 54 23 89 702 270470 1 12394042 99420 1.8 27 15 6 15 49% 39916 12472 2801 126%
c o 1217.47 54 23 89 702 270470 1 12394042 99420 1.8 27 15 6 15 49% 39916 12472 2801 126%
c ] 1217.81 54 25 90 702 270470 1 12398885 104136 1.8 27 15 6 15 49% 39916 12472 2801 126%
c { 1217.81 54 18 90 702 270470 2 12398885 104136 1.7 18 10 5 11 46% 39916 12472 2801 126%
c - 1219.16 54 18 90 703 271087 2 12414011 94797 1.7 18 10 5 11 46% 39916 12472 2801 126%
c
c   seconds    switched       rate             size/glue  tier1     binary         remaining
c           MB   reductions      conflicts           size   tier2       irredundant
c            level      restarts         redundant      glue    trail         variables
c
c - 1221.42 54 17 90 704 271823 2 12440526 100702 1.7 17 10 5 11 46% 39916 12472 2801 126%
c - 1223.62 54 17 90 705 272585 2 12467059 103771 1.7 17 10 5 11 46% 39916 12472 2801 126%
c - 1225.83 54 17 90 706 273470 2 12493611 105034 1.7 17 10 5 11 46% 39916 12472 2801 126%
c - 1228.11 54 18 90 707 274624 2 12520183 105854 1.7 17 10 5 11 46% 39916 12472 2801 126%
c - 1230.30 54 17 90 708 275428 2 12546773 106452 1.7 17 10 5 11 46% 39916 12472 2801 126%
c - 1232.46 54 18 90 709 276243 2 12573381 106830 1.7 17 10 5 11 46% 39916 12472 2801 126%
c - 1234.73 54 18 90 710 277407 2 12600009 107112 1.7 17 10 5 11 46% 39916 12472 2801 126%
c - 1236.91 54 18 90 711 278299 2 12626654 107600 1.7 17 10 5 11 46% 39916 12472 2801 126%
c u 1238.09 54 18 90 711 278317 2 12630504 101840 1.7 17 10 5 11 46% 39916 12472 2801 126%
c v 1239.19 54 18 90 711 278317 2 12630504 98021 1.7 17 10 5 11 46% 39916 12472 2801 126%
c w 1239.58 54 18 90 711 278317 2 12630504 97268 1.7 17 10 5 11 46% 39916 12472 2801 126%
c - 1241.35 54 18 90 712 279162 2 12653319 96834 1.7 17 10 5 11 46% 39916 12472 2801 126%
c - 1243.39 54 18 90 713 280021 2 12680002 98582 1.7 17 10 5 11 46% 39916 12472 2801 126%
c - 1245.44 54 18 90 714 280960 2 12706704 100318 1.7 17 10 5 11 46% 39916 12472 2801 126%
c - 1247.47 54 18 90 715 281756 2 12733424 100938 1.7 17 10 5 11 46% 39916 12472 2801 126%
c - 1249.54 54 18 90 716 282618 2 12760163 101173 1.7 17 10 5 11 46% 39916 12472 2801 126%
c - 1251.52 54 18 90 717 283316 2 12786922 101880 1.7 17 10 5 11 46% 39916 12472 2801 126%
c } 1252.83 54 18 91 717 283935 2 12804207 117390 1.7 17 10 5 11 46% 39916 12472 2801 126%
c [ 1252.83 54 25 91 717 283935 1 12804207 117390 1.8 27 15 6 15 49% 39916 12472 2801 126%
c O 1252.83 54 25 91 717 283935 1 12804207 117390 1.8 27 15 6 15 49% 39916 12472 2801 126%
c
c   seconds    switched       rate             size/glue  tier1     binary         remaining
c           MB   reductions      conflicts           size   tier2       irredundant
c            level      restarts         redundant      glue    trail         variables
c
c - 1253.46 54 24 91 718 283941 1 12813698 101838 1.8 26 14 6 15 48% 39916 12472 2801 126%
c - 1255.44 54 23 91 719 283952 1 12840494 100450 1.8 25 14 6 15 48% 39916 12472 2801 126%
c - 1257.56 54 22 91 720 283964 1 12867309 100020 1.8 24 13 6 15 48% 39916 12472 2801 126%
c - 1259.85 54 22 91 721 283971 1 12894142 101249 1.8 24 13 6 15 48% 39916 12472 2801 126%
c - 1262.21 54 21 91 722 283982 1 12920994 102214 1.9 24 13 6 15 47% 39916 12472 2801 126%
c - 1264.76 54 20 91 723 283995 1 12947864 104349 1.9 23 12 6 15 47% 39916 12472 2801 126%
c - 1267.21 54 20 91 724 283997 1 12974753 106399 1.9 23 12 6 15 47% 39916 12472 2801 126%
c - 1269.47 54 21 91 725 283998 1 13001660 103583 1.9 24 12 6 15 48% 39916 12472 2801 126%
c u 1270.40 54 21 91 725 283999 1 13002278 97205 1.9 24 12 6 15 48% 39916 12472 2801 126%
c v 1271.57 54 21 91 725 283999 1 13002278 84462 1.9 24 12 6 15 48% 39916 12472 2801 126%
c w 1271.99 54 21 91 725 283999 1 13002278 84139 1.9 24 12 6 15 48% 39916 12472 2801 126%
c o 1272.02 54 21 91 725 283999 1 13002278 84139 1.9 24 12 6 15 48% 39916 12472 2801 126%
c - 1274.01 54 22 91 726 284012 1 13028586 90577 2.0 25 13 6 15 47% 39916 12472 2801 126%
c - 1276.17 54 22 91 727 284026 1 13055530 93167 2.0 25 13 6 15 47% 39916 12472 2801 126%
c - 1278.52 54 21 91 728 284028 1 13082492 95536 2.0 25 13 6 15 47% 39916 12472 2801 126%
c - 1281.01 54 21 91 729 284043 1 13109473 99310 2.0 25 12 6 15 47% 39916 12472 2801 126%
c - 1283.59 54 22 91 730 284057 1 13136473 99727 2.0 25 12 6 15 47% 39916 12472 2801 126%
c - 1286.04 54 22 91 731 284059 1 13163491 96217 2.0 26 13 6 15 47% 39916 12472 2801 126%
c ] 1286.68 54 22 92 731 284060 1 13169955 102423 2.0 26 13 6 15 47% 39916 12472 2801 126%
c { 1286.68 54 18 92 731 284060 2 13169955 102423 1.7 17 10 5 11 46% 39916 12472 2801 126%
c
c   seconds    switched       rate            size/glue  tier1     binary         remaining
c           MB   reductions      conflicts          size   tier2       irredundant
c            level      restarts         redundant     glue    trail         variables
c
c - 1288.20 54 18 92 732 284705 2 13190528 97173 1.7 17 10 5 11 46% 39916 12472 2801 126%
c - 1290.20 54 18 92 733 285755 2 13217584 102150 1.7 17 10 5 11 46% 39916 12472 2801 126%
c - 1292.23 54 18 92 734 286635 2 13244660 103669 1.7 17 10 5 11 46% 39916 12472 2801 126%
c - 1294.28 54 18 92 735 287614 2 13271754 104248 1.7 17 10 5 11 46% 39916 12472 2801 126%
c - 1296.19 54 18 92 736 288300 2 13298865 104159 1.6 16 10 5 11 46% 39916 12472 2801 126%
c - 1298.31 54 18 92 737 289543 2 13325994 104395 1.6 17 10 5 11 46% 39916 12472 2801 126%
c - 1300.41 54 18 92 738 290561 2 13353141 104803 1.7 17 10 5 11 46% 39916 12472 2801 126%
c u 1303.34 54 18 92 738 291336 2 13379934 124034 1.7 17 10 5 11 46% 39916 12472 2801 126%
c v 1304.43 54 18 92 738 291336 2 13379934 118656 1.7 17 10 5 11 46% 39916 12472 2801 126%
c w 1304.81 54 18 92 738 291336 2 13379934 117718 1.7 17 10 5 11 46% 39916 12472 2801 126%
c - 1304.89 54 18 92 739 291336 2 13380307 95122 1.7 17 10 5 11 46% 39916 12472 2801 126%
c - 1306.88 54 18 92 740 292190 2 13407494 96082 1.6 16 10 5 11 46% 39916 12472 2801 126%
c - 1308.89 54 17 92 741 293045 2 13434696 99182 1.6 16 10 5 11 46% 39916 12472 2801 126%
c - 1310.93 54 18 92 742 294154 2 13461918 100527 1.7 17 10 5 11 46% 39916 12472 2801 126%
c - 1312.93 54 18 92 743 295044 2 13489157 101294 1.7 16 10 5 11 46% 39916 12472 2801 126%
c o 1313.16 54 18 92 743 295184 2 13492287 104052 1.7 16 10 5 11 46% 39916 12472 2801 126%
c - 1314.95 54 18 92 744 295930 2 13516415 101328 1.7 16 10 5 11 46% 39916 12472 2801 126%
c - 1316.97 54 18 92 745 296902 2 13543692 101197 1.6 16 10 5 11 46% 39916 12472 2801 126%
c - 1319.06 54 18 92 746 298025 2 13570986 102288 1.7 17 10 5 11 46% 39916 12472 2801 126%
c } 1320.62 54 18 93 746 298889 2 13591959 121594 1.7 17 10 5 11 46% 39916 12472 2801 126%
c
c   seconds    switched       rate             size/glue  tier1     binary         remaining
c           MB   reductions      conflicts           size   tier2       irredundant
c            level      restarts         redundant      glue    trail         variables
c
c [ 1320.62 54 22 93 746 298889 1 13591959 121594 2.0 26 13 6 15 47% 39916 12472 2801 126%
c B 1320.62 54 22 93 746 298889 1 13591959 121594 2.0 26 13 6 15 47% 39916 12472 2801 126%
c - 1321.07 54 23 93 747 298894 1 13598300 101297 2.0 27 13 6 15 47% 39916 12472 2801 126%
c - 1323.12 54 23 93 748 298904 1 13625632 96652 2.0 27 13 6 15 48% 39916 12472 2801 126%
c - 1325.41 54 23 93 749 298918 1 13652982 92664 2.0 27 14 6 15 48% 39916 12472 2801 126%
c - 1327.82 54 23 93 750 298925 1 13680349 90919 2.0 28 14 6 15 48% 39916 12472 2801 126%
c - 1330.27 54 23 93 751 298935 1 13707736 91926 2.0 28 14 6 15 48% 39916 12472 2801 126%
c - 1332.69 54 22 93 752 298949 1 13735141 96361 2.0 27 14 6 15 48% 39916 12472 2801 126%
c - 1335.20 54 22 93 753 298951 1 13762563 99331 2.0 27 14 6 15 48% 39916 12472 2801 126%
c u 1336.20 54 22 93 753 298951 1 13763499 96945 2.0 27 14 6 15 48% 39916 12472 2801 126%
c v 1337.41 54 22 93 753 298951 1 13763499 96048 2.0 27 14 6 15 48% 39916 12472 2801 126%
c w 1337.83 54 22 93 753 298951 1 13763499 93272 2.0 27 14 6 15 48% 39916 12472 2801 126%
c - 1340.09 54 22 93 754 298953 1 13790004 95498 2.0 27 14 6 15 49% 39916 12472 2801 126%
c - 1342.39 54 22 93 755 298966 1 13817463 96373 2.0 27 14 6 15 49% 39916 12472 2801 126%
c - 1344.75 54 21 93 756 298980 1 13844944 97423 2.0 26 13 6 15 49% 39916 12472 2801 126%
c - 1347.16 54 21 93 757 298984 1 13872440 97532 2.0 26 13 6 15 49% 39916 12472 2801 126%
c - 1349.61 54 21 93 758 298997 1 13899954 97355 2.0 26 13 6 15 49% 39916 12472 2801 126%
c - 1352.18 54 21 93 759 299011 1 13927486 99774 2.0 26 13 6 15 49% 39916 12472 2801 126%
c - 1354.98 54 20 93 760 299014 1 13955039 102550 2.0 25 13 6 15 49% 39916 12472 2801 126%
c ] 1354.99 54 20 94 760 299014 1 13955057 102566 2.0 25 13 6 15 49% 39916 12472 2801 126%
c
c   seconds    switched       rate             size/glue  tier1     binary         remaining
c           MB   reductions      conflicts           size   tier2       irredundant
c            level      restarts         redundant      glue    trail         variables
c
c { 1354.99 54 18 94 760 299014 2 13955057 102566 1.7 17 10 5 11 46% 39916 12472 2801 126%
c - 1357.18 54 18 94 761 299795 2 13982608 104733 1.7 17 10 5 11 46% 39916 12472 2801 126%
c o 1357.99 54 18 94 761 300225 2 13992582 113851 1.7 17 10 5 11 46% 39916 12472 2801 126%
c - 1359.40 54 18 94 762 301016 2 14010194 104701 1.7 17 10 5 11 46% 39916 12472 2801 126%
c - 1361.49 54 18 94 763 302000 2 14037798 104411 1.7 17 10 5 11 46% 39916 12472 2801 126%
c - 1363.61 54 18 94 764 302951 2 14065420 104844 1.7 17 10 5 11 46% 39916 12472 2801 126%
c - 1365.77 54 18 94 765 304129 2 14093061 105630 1.7 17 10 5 11 46% 39916 12472 2801 126%
c - 1367.86 54 18 94 766 305019 2 14120719 105621 1.7 17 10 5 11 46% 39916 12472 2801 126%
c - 1369.95 54 18 94 767 305887 2 14148395 105882 1.7 17 10 5 11 46% 39916 12472 2801 126%
c u 1371.25 54 18 94 767 306099 2 14152970 104311 1.7 17 10 5 11 46% 39916 12472 2801 126%
c v 1372.36 54 18 94 767 306099 2 14152970 97336 1.7 17 10 5 11 46% 39916 12472 2801 126%
c w 1372.75 54 18 94 767 306099 2 14152970 96298 1.7 17 10 5 11 46% 39916 12472 2801 126%
c - 1374.46 54 18 94 768 306882 2 14176090 94848 1.7 17 10 5 11 46% 39916 12472 2801 126%
c - 1376.53 54 18 94 769 307964 2 14203802 99309 1.7 17 10 5 11 46% 39916 12472 2801 126%
c - 1378.58 54 18 94 770 308847 2 14231532 100940 1.7 17 10 5 11 46% 39916 12472 2801 126%
c - 1380.63 54 17 94 771 309717 2 14259281 101106 1.7 16 10 5 11 46% 39916 12472 2801 126%
c - 1382.70 54 17 94 772 310742 2 14287047 101783 1.7 16 10 5 11 46% 39916 12472 2801 126%
c - 1384.79 54 17 94 773 311641 2 14314832 101997 1.7 16 10 5 11 46% 39916 12472 2801 126%
c - 1386.90 54 17 94 774 312691 2 14342635 101925 1.6 16 10 5 11 46% 39916 12472 2801 126%
c - 1389.03 54 17 94 775 313874 2 14370455 102347 1.6 16 10 5 11 46% 39916 12472 2801 126%
c
c   seconds    switched       rate             size/glue  tier1     binary         remaining
c           MB   reductions      conflicts           size   tier2       irredundant
c            level      restarts         redundant      glue    trail         variables
c
c } 1390.75 54 17 95 775 314600 2 14394042 123455 1.6 16 10 5 11 46% 39916 12472 2801 126%
c [ 1390.75 54 20 95 775 314600 1 14394042 123455 2.0 25 13 6 15 49% 39916 12472 2801 126%
c W 1397.00 54 20 95 775 314600 1 14394042 123455 2.0 25 13 6 15 49% 39916 12472 2801 126%
c - 1397.30 54 21 95 776 314603 1 14398293 102023 2.0 26 13 6 15 49% 39916 12472 2801 126%
c - 1399.45 54 22 95 777 314614 1 14426150 96639 2.0 26 13 6 15 49% 39916 12472 2801 126%
c - 1401.79 54 22 95 778 314629 1 14454024 90756 1.9 27 14 6 15 49% 39916 12472 2801 126%
c - 1404.39 54 22 95 779 314635 1 14481917 90378 1.9 27 14 6 15 49% 39916 12472 2801 126%
c - 1406.66 54 23 95 780 314646 1 14509827 90939 1.9 27 14 6 15 49% 39916 12472 2801 126%
c - 1409.18 54 24 95 781 314660 1 14537755 90702 1.9 28 15 6 15 49% 39916 12472 2801 126%
c u 1410.99 54 24 95 781 314661 1 14548375 97607 1.9 28 14 6 15 49% 39916 12472 2801 126%
c v 1412.15 54 24 95 781 314661 1 14548375 97071 1.9 28 14 6 15 49% 39916 12472 2801 126%
c w 1412.59 54 24 95 781 314661 1 14548375 95280 1.9 28 14 6 15 49% 39916 12472 2801 126%
c o 1412.62 54 24 95 781 314661 1 14548375 95280 1.9 28 14 6 15 49% 39916 12472 2801 126%
c - 1414.03 54 43 95 782 314662 1 14565701 83863 1.7 32 19 6 15 49% 39916 12472 2801 126%
c - 1416.33 54 43 95 783 314665 1 14593665 80351 1.7 32 19 6 15 49% 39916 12472 2801 126%
c - 1418.78 54 40 95 784 314677 1 14621649 80360 1.7 31 19 6 15 49% 39916 12472 2801 126%
c - 1421.22 54 36 95 785 314692 1 14649649 84664 1.7 30 17 6 15 49% 39916 12472 2801 126%
c - 1423.68 54 33 95 786 314697 1 14677667 91062 1.8 29 17 6 15 49% 39916 12472 2801 126%
c - 1426.24 54 30 95 787 314709 1 14705702 93449 1.8 28 16 6 15 49% 39916 12472 2801 126%
c - 1428.75 54 28 95 788 314723 1 14733755 95178 1.8 28 15 6 15 49% 39916 12472 2801 126%
c
c   seconds    switched       rate            size/glue  tier1     binary         remaining
c           MB   reductions      conflicts          size   tier2       irredundant
c            level      restarts         redundant     glue    trail         variables
c
c - 1431.47 54 27 95 789 314725 1 14761827 96510 1.8 27 15 6 15 49% 39916 12472 2801 126%
c ] 1432.25 54 26 96 789 314725 1 14770202 104310 1.8 27 15 6 15 49% 39916 12472 2801 126%
c { 1432.25 54 17 96 789 314725 2 14770202 104310 1.6 16 10 5 11 46% 39916 12472 2801 126%
c - 1433.86 54 18 96 790 315659 2 14789916 99401 1.6 16 10 5 11 46% 39916 12472 2801 126%
c - 1436.04 54 18 96 791 316760 2 14818023 104184 1.6 17 10 5 11 46% 39916 12472 2801 126%
c - 1438.23 54 18 96 792 317711 2 14846147 105471 1.7 17 10 5 11 46% 39916 12472 2801 126%
c - 1440.34 54 18 96 793 318439 2 14874289 105843 1.7 16 10 5 11 46% 39916 12472 2801 126%
c - 1442.60 54 18 96 794 319709 2 14902449 106410 1.7 17 10 5 11 46% 39916 12472 2801 126%
c - 1444.77 54 18 96 795 320784 2 14930627 106548 1.6 17 10 5 11 46% 39916 12472 2801 126%
c u 1447.21 54 18 96 795 321539 2 14949714 118806 1.6 16 10 5 11 46% 39916 12472 2801 126%
c v 1448.39 54 18 96 795 321539 2 14949714 111404 1.6 16 10 5 11 46% 39916 12472 2801 126%
c w 1448.80 54 18 96 795 321539 2 14949714 110591 1.6 16 10 5 11 46% 39916 12472 2801 126%
c - 1449.52 54 18 96 796 321864 2 14958822 94404 1.6 16 10 5 11 46% 39916 12472 2801 126%
c - 1451.61 54 18 96 797 322875 2 14987036 98621 1.6 16 10 5 11 46% 39916 12472 2801 126%
c - 1453.72 54 18 96 798 323870 2 15015267 101747 1.6 16 10 5 11 46% 39916 12472 2801 126%
c - 1455.86 54 18 96 799 324850 2 15043515 102947 1.6 17 10 5 11 46% 39916 12472 2801 126%
c o 1457.98 54 18 96 799 325929 2 15071224 127978 1.6 17 10 5 11 46% 39916 12472 2801 126%
c - 1458.04 54 18 96 800 325976 2 15071781 103497 1.6 17 10 5 11 46% 39916 12472 2801 126%
c - 1460.13 54 18 96 801 326815 2 15100067 103842 1.7 16 10 5 11 46% 39916 12472 2801 126%
c - 1462.19 54 17 96 802 327608 2 15128369 103890 1.6 16 10 5 11 46% 39916 12472 2801 126%
c
c   seconds    switched       rate             size/glue  tier1     binary         remaining
c           MB   reductions      conflicts           size   tier2       irredundant
c            level      restarts         redundant      glue    trail         variables
c
c - 1464.38 54 18 96 803 328715 2 15156688 103891 1.6 16 10 5 11 46% 39916 12472 2801 126%
c - 1466.57 54 18 96 804 329934 2 15185025 104108 1.6 16 10 5 11 46% 39916 12472 2801 126%
c - 1468.76 54 18 96 805 331003 2 15213379 104523 1.6 16 10 5 11 46% 39916 12472 2801 126%
c } 1469.77 54 18 97 805 331522 2 15226466 116335 1.6 17 10 5 11 46% 39916 12472 2801 126%
c [ 1469.78 54 26 97 805 331522 1 15226466 116335 1.8 27 15 6 15 49% 39916 12472 2801 126%
c I 1469.78 54 26 97 805 331522 1 15226466 116335 1.8 27 15 6 15 49% 39916 12472 2801 126%
c - 1470.95 54 28 97 806 331531 1 15241752 99507 1.8 28 16 6 15 48% 39916 12472 2801 126%
c - 1473.20 54 29 97 807 331543 1 15270142 88867 1.8 29 16 6 15 48% 39916 12472 2801 126%
c - 1475.52 54 28 97 808 331552 1 15298551 83228 1.8 30 17 6 15 48% 39916 12472 2801 126%
c - 1477.99 54 29 97 809 331565 1 15326977 81892 1.8 31 17 6 15 47% 39916 12472 2801 126%
c - 1480.48 54 28 97 810 331576 1 15355420 83369 1.9 31 17 6 15 47% 39916 12472 2801 126%
c u 1481.53 54 28 97 810 331577 1 15357010 81883 1.9 31 17 6 15 47% 39916 12472 2801 126%
c v 1482.69 54 28 97 810 331577 1 15357010 81019 1.9 31 17 6 15 47% 39916 12472 2801 126%
c w 1483.12 54 28 97 810 331577 1 15357010 80663 1.9 31 17 6 15 47% 39916 12472 2801 126%
c - 1485.40 54 30 97 811 331583 1 15383881 80388 1.9 33 18 6 15 47% 39916 12472 2801 126%
c - 1487.90 54 33 97 812 331584 1 15412359 77047 1.9 35 19 6 15 47% 39916 12472 2801 126%
c - 1490.54 54 34 97 813 331596 1 15440856 75796 1.8 36 20 6 15 47% 39916 12472 2801 126%
c - 1493.08 54 35 97 814 331608 1 15469369 76921 1.8 37 20 6 15 47% 39916 12472 2801 126%
c - 1495.74 54 35 97 815 331615 1 15497900 75659 1.8 37 21 6 15 47% 39916 12472 2801 126%
c - 1498.19 54 35 97 816 331629 1 15526448 75358 1.8 37 21 6 15 47% 39916 12472 2801 126%
c
c   seconds    switched       rate            size/glue  tier1     binary         remaining
c           MB   reductions      conflicts          size   tier2       irredundant
c            level      restarts         redundant     glue    trail         variables
c
c - 1500.61 54 35 97 817 331641 1 15555015 76907 1.8 37 21 6 15 48% 39916 12472 2801 126%
c - 1503.15 54 34 97 818 331646 1 15583599 75680 1.8 38 21 6 15 48% 39916 12472 2801 126%
c - 1505.68 54 33 97 819 331647 1 15612200 76633 1.9 38 20 6 15 48% 39916 12472 2801 126%
c B 1507.35 54 33 97 819 331648 1 15630121 93459 1.9 37 20 6 15 48% 39916 12472 2801 126%
c o 1507.36 54 33 97 819 331648 1 15630121 93459 1.9 37 20 6 15 48% 39916 12472 2801 126%
c ] 1507.40 54 34 98 819 331648 1 15630730 94056 1.9 37 20 6 15 48% 39916 12472 2801 126%
c { 1507.40 54 18 98 819 331648 2 15630730 94056 1.6 17 10 5 11 46% 39916 12472 2801 126%
c - 1508.22 54 17 98 820 331683 2 15640818 84723 1.7 17 10 5 11 46% 39916 12472 2801 126%
c - 1510.41 54 16 98 821 331721 2 15669456 96956 1.7 16 10 5 11 46% 39916 12472 2801 126%
c - 1512.57 54 15 98 822 331732 2 15698109 104275 1.7 16 10 5 11 46% 39916 12472 2801 126%
c - 1514.54 54 14 98 823 331755 2 15726779 103623 1.7 15 9 5 11 46% 39916 12472 2801 126%
c - 1516.50 54 13 98 824 331765 1 15755467 101241 1.6 15 9 5 11 45% 39916 12472 2801 126%
c u 1518.62 54 12 98 824 331940 1 15770264 106522 1.6 14 9 5 11 45% 39916 12472 2801 126%
c v 1519.75 54 12 98 824 331940 1 15770264 78221 1.6 14 9 5 11 45% 39916 12472 2801 126%
c w 1519.89 54 12 98 824 331940 1 15770264 77700 1.6 14 9 5 11 45% 39916 12472 2801 126%
c - 1526.27 54 12 98 825 332124 1 15784172 77680 1.6 14 9 5 11 45% 39916 12472 2801 126%
c - 1528.31 54 12 98 826 332596 1 15812894 94468 1.6 14 9 5 11 45% 39916 12472 2801 126%
c - 1530.39 54 11 98 827 333009 1 15841636 99764 1.6 14 9 5 11 46% 39916 12472 2801 126%
c - 1532.53 54 11 98 828 333518 1 15870393 100930 1.6 14 9 5 11 46% 39916 12472 2801 126%
c - 1534.72 54 11 98 829 334153 1 15899168 101817 1.6 14 9 5 11 46% 39916 12472 2801 126%
c
c   seconds    switched       rate             size/glue tier1     binary         remaining
c           MB   reductions      conflicts           size  tier2       irredundant
c            level      restarts         redundant     glue    trail         variables
c
c - 1536.91 54 11 98 830 334854 1 15927960 102489 1.6 14 9 5 11 46% 39916 12472 2801 126%
c - 1539.15 54 11 98 831 335609 1 15956769 103382 1.6 14 9 5 11 46% 39916 12472 2801 126%
c - 1541.32 54 11 98 832 336203 1 15985596 104186 1.6 14 9 5 11 46% 39916 12472 2801 126%
c - 1543.59 54 11 98 833 336948 1 16014440 104352 1.6 13 8 5 11 46% 39916 12472 2801 126%
c - 1545.86 54 11 98 834 337860 1 16043302 104728 1.6 13 8 5 11 46% 39916 12472 2801 126%
c - 1548.09 54 11 98 835 338575 1 16072181 105378 1.6 13 8 5 11 46% 39916 12472 2801 126%
c - 1550.42 54 10 98 836 339621 1 16101078 105621 1.6 13 8 5 11 46% 39916 12472 2801 126%
c } 1550.69 54 10 99 836 339722 1 16104565 108480 1.6 13 8 5 11 46% 39916 12472 2801 126%
c [ 1550.69 54 34 99 836 339722 1 16104565 108480 1.9 37 20 6 15 48% 39916 12472 2801 126%
c W 1558.23 54 34 99 836 339722 1 16104565 108480 1.9 37 20 6 15 48% 39916 12472 2801 126%
c - 1560.14 54 32 99 837 339736 1 16129991 103178 1.8 35 19 6 15 48% 39916 12472 2801 126%
c - 1562.59 54 30 99 838 339750 1 16158921 102173 1.8 32 17 6 15 49% 39916 12472 2801 126%
c - 1565.27 54 28 99 839 339754 1 16187869 104354 1.9 31 17 6 15 49% 39916 12472 2801 126%
c u 1566.14 54 28 99 839 339755 1 16189503 103268 1.9 31 17 6 15 49% 39916 12472 2801 126%
c v 1567.05 54 28 99 839 339755 1 16189503 102250 1.9 31 17 6 15 49% 39916 12472 2801 126%
c w 1567.38 54 28 99 839 339755 1 16189503 100836 1.9 31 17 6 15 49% 39916 12472 2801 126%
c o 1567.55 54 28 99 839 339755 1 16189503 100836 1.9 31 17 6 15 49% 39916 12472 2801 126%
c - 1569.52 54 27 99 840 339767 1 16216836 102947 1.8 29 16 6 15 49% 39916 12472 2801 126%
c - 1571.92 54 25 99 841 339782 1 16245819 107045 1.8 27 15 6 15 49% 39916 12472 2801 126%
c - 1574.44 54 23 99 842 339784 1 16274820 110230 1.8 26 14 6 15 49% 39916 12472 2801 126%
c
c   seconds    switched       rate             size/glue  tier1     binary         remaining
c           MB   reductions      conflicts           size   tier2       irredundant
c            level      restarts         redundant      glue    trail         variables
c
c - 1576.90 54 23 99 843 339787 1 16303837 109136 1.9 26 14 6 15 48% 39916 12472 2801 126%
c - 1579.65 54 23 99 844 339799 1 16332871 104218 1.9 26 14 6 15 48% 39916 12472 2801 126%
c - 1582.60 54 22 99 845 339814 1 16361924 105639 1.8 25 14 6 15 48% 39916 12472 2801 126%
c - 1585.16 54 22 99 846 339821 1 16390992 107635 1.8 25 13 6 15 47% 39916 12472 2801 126%
c - 1587.76 54 21 99 847 339833 1 16420079 107836 1.8 24 13 6 15 47% 39916 12472 2801 126%
c - 1590.37 54 21 99 848 339846 1 16449182 110769 1.9 24 13 6 15 47% 39916 12472 2801 126%
c - 1593.14 54 20 99 849 339847 1 16478304 113891 1.9 24 13 6 15 47% 39916 12472 2801 126%
c - 1596.08 54 19 99 850 339848 1 16507441 116365 1.9 24 12 6 15 47% 39916 12472 2801 126%
c ] 1596.90 54 19 100 850 339848 1 16515726 123780 1.9 23 12 6 15 47% 39916 12472 2801 126%
c { 1596.90 54 10 100 850 339848 1 16515726 123780 1.6 13 8 5 11 46% 39916 12472 2801 126%
c - 1599.20 54 13 100 851 343232 2 16536596 117903 1.5 14 9 5 11 46% 39916 12472 2801 126%
c - 1602.06 54 15 100 852 346604 2 16565770 117789 1.5 15 9 5 11 46% 39916 12472 2801 126%
c - 1604.63 54 16 100 853 348559 3 16594959 117329 1.6 15 10 5 11 46% 39916 12472 2801 126%
c u 1607.41 54 16 100 853 349660 3 16614725 127141 1.6 15 10 5 11 46% 39916 12472 2801 126%
c v 1608.77 54 16 100 853 349660 3 16614725 121873 1.6 15 10 5 11 46% 39916 12472 2801 126%
c w 1609.26 54 16 100 853 349660 3 16614725 121526 1.6 15 10 5 11 46% 39916 12472 2801 126%
c - 1610.11 54 17 100 854 350313 3 16624165 104982 1.6 16 10 5 11 46% 39916 12472 2801 126%
c - 1612.43 54 17 100 855 351725 3 16653390 107859 1.6 16 10 5 11 46% 39916 12472 2801 126%
c - 1614.72 54 18 100 856 353021 3 16682630 111112 1.6 16 10 5 11 46% 39916 12472 2801 126%
c - 1616.97 54 18 100 857 353852 3 16711888 111950 1.6 16 10 5 11 46% 39916 12472 2801 126%
c
c   seconds    switched        rate             size/glue  tier1     binary         remaining
c           MB    reductions      conflicts           size   tier2       irredundant
c            level       restarts         redundant      glue    trail         variables
c
c - 1619.13 54 17 100 858 354552 2 16741162 111868 1.6 16 10 5 11 46% 39916 12472 2801 126%
c o 1619.13 54 17 100 858 354553 2 16741228 111924 1.6 16 10 5 11 46% 39916 12472 2801 126%
c - 1621.51 54 18 100 859 356107 3 16770453 111773 1.6 17 10 5 11 46% 39916 12472 2801 126%
c - 1623.81 54 18 100 860 357284 3 16799761 111815 1.6 17 10 5 11 46% 39916 12472 2801 126%
c - 1626.07 54 18 100 861 358278 2 16829086 112022 1.7 17 10 5 11 46% 39916 12472 2801 126%
c - 1628.32 54 18 100 862 359322 2 16858429 112425 1.7 17 10 5 11 46% 39916 12472 2801 126%
c - 1630.61 54 18 100 863 360403 2 16887789 112893 1.7 17 10 5 11 46% 39916 12472 2801 126%
c - 1632.91 54 18 100 864 361404 2 16917165 113338 1.7 17 10 5 11 46% 39916 12472 2801 126%
c - 1635.12 54 18 100 865 362171 2 16946559 113691 1.7 17 10 5 11 46% 39916 12472 2801 126%
c - 1637.41 54 18 100 866 363288 2 16975971 113688 1.7 17 10 5 11 46% 39916 12472 2801 126%
c - 1639.72 54 18 100 867 364236 2 17005399 112977 1.7 17 10 5 11 46% 39916 12472 2801 126%
c } 1639.91 54 18 101 867 364442 2 17007427 114895 1.7 17 10 5 11 46% 39916 12472 2801 126%
c [ 1639.91 54 19 101 867 364442 1 17007427 114895 1.9 23 12 6 15 47% 39916 12472 2801 126%
c O 1639.91 54 19 101 867 364442 1 17007427 114895 1.9 23 12 6 15 47% 39916 12472 2801 126%
c - 1641.98 54 18 101 868 364456 1 17034843 112387 1.9 23 12 6 15 47% 39916 12472 2801 126%
c u 1643.86 54 19 101 868 364461 1 17045957 115268 1.9 23 12 6 15 47% 39916 12472 2801 126%
c v 1645.11 54 19 101 868 364461 1 17045957 106875 1.9 23 12 6 15 47% 39916 12472 2801 126%
c w 1645.58 54 19 101 868 364461 1 17045957 103842 1.9 23 12 6 15 47% 39916 12472 2801 126%
c - 1647.19 54 18 101 869 364470 1 17064305 93633 1.9 23 12 6 15 47% 39916 12472 2801 126%
c - 1649.51 54 20 101 870 364476 1 17093784 98149 1.9 23 13 6 15 47% 39916 12472 2801 126%
c
c   seconds    switched        rate            size/glue  tier1     binary         remaining
c           MB    reductions      conflicts          size   tier2       irredundant
c            level       restarts         redundant     glue    trail         variables
c
c - 1652.17 54 20 101 871 364489 1 17123281 97448 1.8 24 13 6 15 47% 39916 12472 2801 126%
c - 1654.71 54 20 101 872 364502 1 17152793 101585 1.8 23 13 6 15 47% 39916 12472 2801 126%
c - 1657.22 54 20 101 873 364504 1 17182322 102801 1.8 24 13 6 15 47% 39916 12472 2801 126%
c - 1659.87 54 21 101 874 364510 1 17211868 101259 1.8 24 13 6 15 47% 39916 12472 2801 126%
c - 1662.72 54 20 101 875 364523 1 17241432 103048 1.8 24 13 6 15 47% 39916 12472 2801 126%
c - 1665.36 54 19 101 876 364535 1 17271012 108390 1.9 24 13 6 15 47% 39916 12472 2801 126%
c - 1668.05 54 20 101 877 364545 1 17300609 106615 1.9 24 13 6 15 47% 39916 12472 2801 126%
c - 1670.87 54 20 101 878 364557 1 17330225 105063 1.9 24 13 6 15 48% 39916 12472 2801 126%
c - 1673.90 54 20 101 879 364566 1 17359860 107658 1.8 24 13 6 15 47% 39916 12472 2801 126%
c - 1676.68 54 20 101 880 364567 1 17389507 106673 1.8 24 13 6 15 47% 39916 12472 2801 126%
c - 1679.56 54 20 101 881 364568 1 17419172 106599 1.9 24 13 6 15 47% 39916 12472 2801 126%
c B 1681.58 54 22 101 881 364568 1 17442534 128956 1.8 25 13 6 15 47% 39916 12472 2801 126%
c o 1681.59 54 22 101 881 364568 1 17442534 128956 1.8 25 13 6 15 47% 39916 12472 2801 126%
c ] 1681.80 54 26 102 881 364568 1 17444822 131224 1.8 25 14 6 15 47% 39916 12472 2801 126%
c { 1681.80 54 18 102 881 364568 2 17444822 131224 1.7 17 10 5 11 46% 39916 12472 2801 126%
c - 1682.45 54 19 102 882 365267 3 17448854 103235 1.7 17 10 5 11 46% 39916 12472 2801 126%
c - 1687.33 54 28 102 883 370418 4 17478553 94131 1.7 21 12 5 11 46% 39916 12472 2801 126%
c u 1689.30 54 29 102 883 371226 5 17483196 93966 1.8 22 12 5 11 46% 39916 12472 2801 126%
c v 1690.68 54 29 102 883 371226 5 17483196 91524 1.8 22 12 5 11 46% 39916 12472 2801 126%
c w 1691.24 54 29 102 883 371226 5 17483196 91448 1.8 22 12 5 11 46% 39916 12472 2801 126%
c
c   seconds    switched        rate            size/glue  tier1     binary         remaining
c           MB    reductions      conflicts          size   tier2       irredundant
c            level       restarts         redundant     glue    trail         variables
c
c - 1695.55 54 34 102 884 375472 6 17508268 85428 1.8 24 14 5 11 46% 39916 12472 2801 126%
c - 1700.46 54 38 102 885 379630 6 17538000 86120 1.8 27 15 5 11 46% 39916 12472 2801 126%
c - 1704.86 54 41 102 886 382965 6 17567748 87398 1.9 28 15 5 11 46% 39916 12472 2801 126%
c - 1708.89 54 42 102 887 385549 6 17597513 88801 1.9 30 15 5 11 46% 39916 12472 2801 126%
c - 1712.75 54 43 102 888 387548 6 17627295 89840 1.9 31 16 5 11 46% 39916 12472 2801 126%
c - 1716.46 54 44 102 889 389368 6 17657094 90143 2.0 31 16 5 11 46% 39916 12472 2801 126%
c - 1720.15 54 44 102 890 391164 5 17686910 90128 2.0 32 16 5 11 46% 39916 12472 2801 126%
c - 1723.90 54 45 102 891 392899 5 17716742 89780 2.0 33 16 5 11 46% 39916 12472 2801 126%
c - 1727.35 54 44 102 892 394223 5 17746591 89987 2.0 33 16 5 11 46% 39916 12472 2801 126%
c - 1730.96 54 44 102 893 395793 5 17776458 90004 2.0 33 16 5 11 46% 39916 12472 2801 126%
c - 1734.52 54 44 102 894 397101 4 17806341 90157 2.0 33 16 5 11 46% 39916 12472 2801 126%
c - 1738.17 54 44 102 895 398599 4 17836241 90851 2.0 34 16 5 11 46% 39916 12472 2801 126%
c - 1741.66 54 44 102 896 399961 4 17866158 90760 2.0 34 16 5 11 46% 39916 12472 2801 126%
c - 1745.13 54 44 102 897 401206 4 17896092 90897 2.1 34 16 5 11 46% 39916 12472 2801 126%
c - 1748.79 54 44 102 898 402678 4 17926041 90887 2.1 34 16 5 11 46% 39916 12472 2801 126%
c u 1750.42 54 44 102 898 402678 4 17926473 86942 2.1 34 16 5 11 46% 39916 12472 2801 126%
c v 1752.23 54 44 102 898 402678 4 17926473 85177 2.1 34 16 5 11 46% 39916 12472 2801 126%
c w 1752.90 54 44 102 898 402678 4 17926473 84904 2.1 34 16 5 11 46% 39916 12472 2801 126%
c } 1756.15 54 44 103 898 403900 4 17954674 112589 2.1 34 16 5 11 46% 39916 12472 2801 126%
c [ 1756.15 54 26 103 898 403900 1 17954674 112589 1.8 25 14 6 15 47% 39916 12472 2801 126%
c
c   seconds    switched        rate             size/glue  tier1     binary         remaining
c           MB    reductions      conflicts           size   tier2       irredundant
c            level       restarts         redundant      glue    trail         variables
c
c W 1764.21 54 26 103 898 403900 1 17954674 112589 1.8 25 14 6 15 47% 39916 12472 2801 126%
c - 1764.34 54 27 103 899 403901 1 17956007 85683 1.8 25 14 6 15 47% 39916 12472 2801 126%
c - 1766.74 54 25 103 900 403914 1 17985992 93370 1.8 24 13 6 15 47% 39916 12472 2801 126%
c - 1769.48 54 23 103 901 403929 1 18015993 102074 1.9 24 13 6 15 47% 39916 12472 2801 126%
c - 1772.39 54 22 103 902 403937 1 18046009 105528 1.9 24 13 6 15 47% 39916 12472 2801 126%
c - 1775.36 54 21 103 903 403951 1 18076043 106735 1.9 24 13 6 15 47% 39916 12472 2801 126%
c - 1778.17 54 21 103 904 403961 1 18106092 107337 1.9 24 12 6 15 47% 39916 12472 2801 126%
c - 1780.88 54 21 103 905 403962 1 18136162 107942 2.0 25 13 6 15 47% 39916 12472 2801 126%
c - 1783.70 54 23 103 906 403972 1 18166247 102040 1.9 26 13 6 15 47% 39916 12472 2801 126%
c - 1786.78 54 24 103 907 403984 1 18196346 98431 1.9 26 14 6 15 47% 39916 12472 2801 126%
c - 1789.67 54 23 103 908 403993 1 18226463 102719 1.9 25 14 6 15 47% 39916 12472 2801 126%
c - 1792.51 54 21 103 909 404007 1 18256597 108349 1.9 24 13 6 15 48% 39916 12472 2801 126%
c - 1795.37 54 21 103 910 404022 1 18286750 111951 1.9 24 13 6 15 48% 39916 12472 2801 126%
c - 1798.53 54 21 103 911 404025 1 18316916 110977 1.8 24 13 6 15 47% 39916 12472 2801 126%
c caught signal 15 (SIGTERM)
c
c ---- [ profiling ] ---------------------------------------------------------
c
c        1594.33   88.58 %  search
c         820.63   45.59 %  focused
c         773.70   42.99 %  stable
c         205.43   11.41 %  simplify
c         152.80    8.49 %  probe
c         127.73    7.10 %  vivify
c          52.52    2.92 %  walking
c          21.15    1.17 %  sweep
c          18.45    1.02 %  reduce
c           1.85    0.10 %  substitute
c           1.48    0.08 %  transitive
c           0.27    0.02 %  factor
c           0.25    0.01 %  eliminate
c           0.24    0.01 %  backbone
c           0.15    0.01 %  preprocess
c           0.08    0.00 %  congruence
c           0.03    0.00 %  subsume
c           0.01    0.00 %  fastel
c           0.01    0.00 %  parse
c           0.00    0.00 %  lucky
c =============================================
c        1799.91  100.00 %  total
c
c ---- [ statistics ] --------------------------------------------------------
c
c chronological:                           79                0 %  conflicts
c conflicts:                         18330734            10184.24 per second
c decisions:                         37638962                2.05 per conflict
c eliminated:                            7018              316 %  variables
c factored:                              7606              342 %  variables
c fast_eliminated:                       2396               34 %  eliminated
c fast_strengthened:                        1                0 %  per strengthened
c propagations:                    6781323490          3767586    per second
c reductions:                             911            20122    interval
c reordered:                               57           321592    interval
c rephased:                                68           269570    interval
c restarts:                            404025               45    interval
c strengthened:                          5659                1 %  checks
c switched:                               103           177968    interval
c vivified:                            984453               61 %  checks
c walks:                                   23           796988    interval
c
c ---- [ proof ] -------------------------------------------------------------
c
c proof_added:                       18802787               50 %  per line
c proof_bytes:                     1711276032             1632 MB 
c proof_deleted:                     18719247               50 %  per line
c
c ---- [ glue usage ] --------------------------------------------------------
c
c focused glue 5   used  976691 clauses  4.38% accumulated 51.70% tier1
c focused glue 6   used 1140755 clauses  5.11% accumulated 56.81%
c focused glue 7-9 used 5049449 clauses 22.63% accumulated 79.44%
c focused glue 10  used 1453293 clauses  6.51% accumulated 85.95%
c focused glue 11  used 1004354 clauses  4.50% accumulated 90.45% tier2
c
c stable glue 6    used 2153325 clauses  6.43% accumulated 54.57% tier1
c stable glue 7    used 1864173 clauses  5.57% accumulated 60.14%
c stable glue 8-13 used 8521862 clauses 25.44% accumulated 85.58%
c stable glue 14   used  908736 clauses  2.71% accumulated 88.29%
c stable glue 15   used  760266 clauses  2.27% accumulated 90.56% tier2
c
c ---- [ resources ] ---------------------------------------------------------
c
c maximum-resident-set-size:         84242432 bytes         80 MB
c process-time:                            30m            1799.91 seconds
c raising signal 15 (SIGTERM)
