c ---- [ banner ] ------------------------------------------------------------
c
c Kissat SAT Solver
c 
c Copyright (c) 2021-2024 Armin Biere University of Freiburg
c Copyright (c) 2019-2021 Armin Biere Johannes Kepler University Linz
c 
c Version 4.0.0 unknown
c gcc (Ubuntu 13.3.0-6ubuntu2~24.04.1) 13.3.0 -W -Wall -O3 -DNDEBUG
c Mon Aug 3 21:56:23 UTC 2026 Linux runnervmvrwv9 6.17.0-1020-azure x86_64
c
c ---- [ proving ] -----------------------------------------------------------
c
c opened and writing proof to DRAT file:
c
c   borsuk_11_k6_q00r00_sixth_base_colorability_screen/work/results/q00r00-s018/q00r00-s018.drat
c
c ---- [ parsing ] -----------------------------------------------------------
c
c opened and reading DIMACS file:
c
c   borsuk_11_k6_q00r00_sixth_base_colorability_screen/work/input/instances/cases/q00r00-s018/q00r00-s018_12color.cnf
c
c parsed 'p cnf 2062 79280' header
c closing input after reading 1036079 bytes (1012 KB)
c finished parsing after 0.01 seconds
c
c ---- [ solving ] -----------------------------------------------------------
c
c  seconds switched rate     size/glue tier1  binary       remaining
c         MB reductions conflicts size  tier2    irredundant
c          level restarts redundant glue  trail       variables
c
c *  0.01  5 0 0 0  0 0   0   0 0.0 0 0 0 0 0% 78984 286 2052 100%
c (  0.01  5 0 0 0  0 0   0   0 0.0 0 0 0 0 0% 78984 286 2052 100%
c .  0.01  5 0 0 0  0 0   0   0 0.0 0 0 0 0 0% 78984 286 2052 100%
c f  0.13  7 0 0 0  0 0   0   0 0.0 0 0 0 0 0% 34096 286 6719 326%
c e  0.14  7 0 0 0  0 0   0   0 0.0 0 0 0 0 0% 35690 1097 4497 218%
c )  0.14  7 0 0 0  0 0   0   0 0.0 0 0 0 0 0% 35690 1097 4497 218%
c {  0.14  7 0 0 0  0 0   0   0 0.0 0 0 2 6 0% 35690 1097 4497 218%
c -  0.17  7 20 0 1  4 2 1000 672 1.5 18 12 10 15 38% 35690 1097 4497 218%
c }  0.17  7 20 1 1  4 2 1000 672 1.5 18 12 10 15 38% 35690 1097 4497 218%
c [  0.17  7 0 1 1  4 0 1000 672 0.0 0 0 2 6 0% 35690 1097 4497 218%
c B  0.17  7 19 1 1  4 5 1001 673 2.3 23 10 2 6 37% 35690 1097 4497 218%
c ]  0.19  7 38 2 1  4 1 1906 1548 1.7 20 12 10 15 34% 35690 1097 4497 218%
c {  0.19  7 20 2 1  4 2 1906 1548 1.5 18 12 10 15 38% 35690 1097 4497 218%
c -  0.20  7 21 2 2  4 2 2001 1605 1.6 18 11 10 15 38% 35690 1097 4497 218%
c u  0.22  7 22 2 2  4 1 2589 2133 1.6 17 11 10 15 37% 35690 1097 4497 218%
c v  0.23  7 22 2 2  4 1 2589 2102 1.6 17 11 10 15 37% 35690 1097 4497 218%
c w  0.23  7 22 2 2  4 1 2589 2090 1.6 17 11 10 15 37% 35690 1097 4497 218%
c f  0.25  8 22 2 2  4 1 2589 2090 1.6 17 11 10 15 37% 32737 1097 6480 314%
c u  0.27  8 22 2 2  4 1 2589 2086 1.6 17 11 10 15 37% 32737 1097 6480 314%
c v  0.27  8 22 2 2  4 1 2589 2018 1.6 17 11 10 15 37% 32737 1097 6480 314%
c
c  seconds  switched rate       size/glue  tier1      binary        remaining
c         MB reductions conflicts     size    tier2      irredundant
c          level restarts  redundant     glue     trail        variables
c
c w  0.28  8 22 2 2  4 1 2589 2016 1.6 17 11 10 15 37% 32737 1097 6480 314%
c }  0.32  8 21 3 2 11 1 2906 2317 1.6 17 11 10 15 35% 32737 1097 6480 314%
c [  0.32  8 38 3 2 11 1 2906 2317 1.7 20 12 10 15 34% 32737 1097 6480 314%
c W  0.32  8 38 3 2 11 1 2906 2317 1.7 20 12 10 15 34% 32737 1097 6480 314%
c -  0.34  8 31 3 3 11 1 3415 2620 1.8 20 11 10 14 32% 32737 1097 6480 314%
c ]  0.35  8 29 4 3 11 1 3694 2889 1.8 20 11 10 14 31% 32737 1097 6480 314%
c {  0.35  8 21 4 3 11 1 3694 2889 1.6 17 11 10 15 35% 32737 1097 6480 314%
c -  0.40  8 21 4 4 66 2 5148 3728 1.6 16 10 9 13 32% 32737 1097 6480 314%
c }  0.43  8 20 5 4 71 2 6046 4534 1.6 16 10 9 13 31% 32737 1097 6480 314%
c [  0.43  8 29 5 4 71 1 6046 4534 1.8 20 11 10 14 31% 32737 1097 6480 314%
c I  0.43  8 29 5 4 71 1 6046 4534 1.8 20 11 10 14 31% 32737 1097 6480 314%
c -  0.48 10 41 5 5 72 1 7148 4867 1.7 23 14 10 18 31% 32737 1097 6480 314%
c u  0.52 10 36 5 5 72 1 7998 5662 1.7 23 13 10 18 30% 32737 1097 6480 314%
c v  0.53 10 36 5 5 72 1 7998 5654 1.7 23 13 10 18 30% 32737 1097 6480 314%
c w  0.53 10 36 5 5 72 1 7998 5650 1.7 23 13 10 18 30% 32737 1097 6480 314%
c x  0.53 10 36 5 5 72 1 7998 5649 1.7 23 13 10 18 30% 32737 1097 6480 314%
c ]  0.55 10 35 6 5 73 1 8217 5821 1.7 23 13 10 18 30% 32737 1097 6480 314%
c {  0.55 10 20 6 5 73 2 8217 5821 1.6 16 10 9 13 31% 32737 1097 6480 314%
c -  0.60 11 25 6 6 188 3 9384 6241 1.6 16 10 9 13 30% 32737 1097 6480 314%
c o  0.65 11 28 6 6 292 4 10712 7483 1.6 17 10 9 12 30% 32737 1097 6480 314%
c
c  seconds  switched  rate        size/glue  tier1     binary        remaining
c         MB reductions conflicts       size   tier2      irredundant
c          level restarts    redundant     glue    trail        variables
c
c -  0.71 11 32 6 7 574 6 11834 7791 1.7 17 10 9 12 30% 32737 1097 6480 314%
c }  0.73 11 33 7 7 647 6 12286 8240 1.7 18 10 9 12 30% 32737 1097 6480 314%
c [  0.73 11 35 7 7 647 1 12286 8240 1.7 23 13 10 18 30% 32737 1097 6480 314%
c B  0.73 11 35 7 7 647 1 12286 8240 1.7 23 13 10 18 30% 32737 1097 6480 314%
c e  0.77 11 32 7 7 647 1 12925 8760 1.7 22 13 10 18 30% 29801 3469 6140 298%
c ^  0.78 11 32 7 7 647 1 12925 8760 1.7 22 13 10 18 30% 29801 3469 6140 298%
c -  0.84 12 27 7 8 649 1 14480 3251 1.7 20 12 10 15 29% 29801 3469 6140 298%
c u  0.94 12 24 7 8 650 1 16395 4540 1.7 20 12 9 15 29% 29801 3469 6140 298%
c v  0.96 12 24 7 8 650 1 16395 3609 1.7 20 12 9 15 29% 29801 3469 6140 298%
c w  0.96 12 24 7 8 650 1 16395 3330 1.7 20 12 9 15 29% 29801 3469 6140 298%
c ]  0.98 12 24 8 8 650 1 16538 3464 1.7 20 12 9 15 29% 29801 3469 6140 298%
c {  0.98 12 33 8 8 650 6 16538 3464 1.7 18 10 9 12 30% 29801 3469 6140 298%
c -  1.02 12 32 8 9 685 6 17310 3780 1.7 18 10 8 12 30% 29801 3469 6140 298%
c -  1.15 12 30 8 10 988 6 20311 6287 1.7 18 10 9 12 29% 29801 3469 6140 298%
c o  1.17 12 30 8 10 1052 6 20714 6667 1.7 18 10 9 12 29% 29801 3469 6140 298%
c }  1.26 12 29 9 10 1252 5 22697 8493 1.7 18 11 9 12 29% 29801 3469 6140 298%
c [  1.26 12 24 9 10 1252 1 22697 8493 1.7 20 12 9 15 29% 29801 3469 6140 298%
c W  1.27 12 24 9 10 1252 1 22697 8493 1.7 20 12 9 15 29% 29801 3469 6140 298%
c -  1.30 12 23 9 11 1252 1 23473 8316 1.7 20 12 9 14 29% 29801 3469 6140 298%
c e  1.43 12 22 9 11 1254 1 25938 10595 1.7 20 11 9 14 29% 29561 4709 4847 235%
c
c  seconds  switched    rate         size/glue  tier1     binary        remaining
c         MB  reductions  conflicts        size   tier2      irredundant
c          level   restarts     redundant     glue    trail        variables
c
c ^  1.43 12 22 9 11 1254 1 25938 10595 1.7 20 11 9 14 29% 29561 4709 4847 235%
c -  1.48 12 21 9 12 1254 1 26789 7888 1.7 20 11 9 14 29% 29561 4709 4847 235%
c u  1.57 12 21 9 12 1256 1 27980 8707 1.7 20 11 9 14 30% 29561 4709 4847 235%
c v  1.59 12 21 9 12 1256 1 27980 8375 1.7 20 11 9 14 30% 29561 4709 4847 235%
c w  1.60 12 21 9 12 1256 1 27980 8080 1.7 20 11 9 14 30% 29561 4709 4847 235%
c f  1.70 12 21 9 12 1256 1 27980 8080 1.7 20 11 9 14 30% 29408 4709 4898 238%
c u  1.72 12 21 9 12 1256 1 27980 8042 1.7 20 11 9 14 30% 29408 4709 4898 238%
c v  1.73 12 21 9 12 1256 1 27980 7756 1.7 20 11 9 14 30% 29408 4709 4898 238%
c w  1.74 12 21 9 12 1256 1 27980 7724 1.7 20 11 9 14 30% 29408 4709 4898 238%
c ]  1.80 12 21 10 12 1257 1 29044 8666 1.7 20 11 9 14 30% 29408 4709 4898 238%
c {  1.80 12 29 10 12 1257 5 29044 8666 1.7 18 11 9 12 29% 29408 4709 4898 238%
c -  1.86 12 28 10 13 1294 5 30253 8818 1.7 18 11 9 13 29% 29408 4709 4898 238%
c -  2.02 12 28 10 14 1666 5 33862 11048 1.7 18 11 9 13 30% 29408 4709 4898 238%
c -  2.17 13 26 10 15 1764 5 37604 13076 1.7 18 11 9 13 30% 29408 4709 4898 238%
c }  2.17 13 26 11 15 1764 5 37671 13136 1.7 18 11 9 13 30% 29408 4709 4898 238%
c [  2.17 13 21 11 15 1764 1 37671 13136 1.7 20 11 9 14 30% 29408 4709 4898 238%
c O  2.17 13 21 11 15 1764 1 37671 13136 1.7 20 11 9 14 30% 29408 4709 4898 238%
c -  2.35 13 19 11 16 1766 1 41476 14653 1.7 19 11 9 13 31% 29408 4709 4898 238%
c u  2.45 13 19 11 16 1768 1 42869 15821 1.7 19 11 9 13 31% 29408 4709 4898 238%
c v  2.48 13 19 11 16 1768 1 42869 15725 1.7 19 11 9 13 31% 29408 4709 4898 238%
c
c  seconds   switched    rate         size/glue  tier1     binary        remaining
c         MB   reductions  conflicts        size   tier2      irredundant
c          level    restarts     redundant     glue    trail        variables
c
c w  2.48 13 19 11 16 1768 1 42869 15672 1.7 19 11 9 13 31% 29408 4709 4898 238%
c o  2.49 13 19 11 16 1768 1 42869 15672 1.7 19 11 9 13 31% 29408 4709 4898 238%
c -  2.59 13 23 11 17 1769 1 45478 15972 1.7 20 12 9 14 31% 29408 4709 4898 238%
c ]  2.62 13 23 12 17 1770 1 45977 16445 1.7 20 12 9 14 31% 29408 4709 4898 238%
c {  2.62 13 26 12 17 1770 5 45977 16445 1.7 18 11 9 13 30% 29408 4709 4898 238%
c -  2.77 13 25 12 18 1850 4 49601 17676 1.7 18 10 9 12 30% 29408 4709 4898 238%
c -  2.97 13 25 12 19 2149 4 53843 19809 1.7 18 10 9 13 31% 29408 4709 4898 238%
c e  3.00 13 25 12 19 2154 4 54092 20041 1.7 18 10 9 13 31% 29548 5471 4317 209%
c ^  3.00 13 25 12 19 2154 4 54092 20041 1.7 18 10 9 13 31% 29548 5471 4317 209%
c }  3.16 15 25 13 19 2420 4 57456 19994 1.7 18 11 9 13 31% 29548 5471 4317 209%
c [  3.16 15 23 13 19 2420 1 57456 19994 1.7 20 12 9 14 31% 29548 5471 4317 209%
c B  3.16 15 23 13 19 2420 1 57456 19994 1.7 20 12 9 14 31% 29548 5471 4317 209%
c -  3.19 16 24 13 20 2420 1 58202 18740 1.7 20 12 9 14 32% 29548 5471 4317 209%
c u  3.36 16 28 13 20 2422 1 61186 21531 1.6 22 14 9 15 32% 29548 5471 4317 209%
c v  3.39 16 28 13 20 2422 1 61186 21242 1.6 22 14 9 15 32% 29548 5471 4317 209%
c w  3.41 17 28 13 20 2422 1 61186 21235 1.6 22 14 9 15 32% 29548 5471 4317 209%
c f  3.43 14 28 13 20 2422 1 61186 21235 1.6 22 14 9 15 32% 29546 5468 4318 209%
c u  3.47 16 28 13 20 2422 1 61186 21055 1.6 22 14 9 15 32% 29546 5468 4318 209%
c v  3.50 16 28 13 20 2422 1 61186 21022 1.6 22 14 9 15 32% 29546 5468 4318 209%
c w  3.51 17 28 13 20 2422 1 61186 21019 1.6 22 14 9 15 32% 29546 5468 4318 209%
c
c  seconds   switched    rate         size/glue  tier1     binary        remaining
c         MB   reductions  conflicts        size   tier2      irredundant
c          level    restarts     redundant     glue    trail        variables
c
c -  3.68 15 28 13 21 2424 1 62674 19535 1.6 23 14 9 18 32% 29546 5468 4318 209%
c -  3.91 16 27 13 22 2426 1 67257 21302 1.6 23 14 9 18 32% 29546 5468 4318 209%
c ]  3.98 16 27 14 22 2426 1 68808 22725 1.6 23 14 9 18 32% 29546 5468 4318 209%
c {  3.98 16 25 14 22 2426 4 68808 22725 1.7 18 11 9 13 31% 29546 5468 4318 209%
c -  4.16 16 25 14 23 2710 4 71947 23892 1.7 18 11 9 13 31% 29546 5468 4318 209%
c o  4.29 16 24 14 23 2833 4 74686 26459 1.7 18 11 9 13 32% 29546 5468 4318 209%
c -  4.39 16 24 14 24 2968 4 76742 26119 1.7 18 11 9 13 32% 29546 5468 4318 209%
c -  4.60 16 23 14 25 3092 4 81640 27913 1.7 18 11 9 13 32% 29546 5468 4318 209%
c u  4.70 17 23 14 25 3159 4 83024 29113 1.7 18 11 9 13 32% 29546 5468 4318 209%
c v  4.73 17 23 14 25 3159 4 83024 28943 1.7 18 11 9 13 32% 29546 5468 4318 209%
c w  4.74 17 23 14 25 3159 4 83024 28936 1.7 18 11 9 13 32% 29546 5468 4318 209%
c x  4.75 17 23 14 25 3159 4 83024 28936 1.7 18 11 9 13 32% 29546 5468 4318 209%
c }  4.79 16 23 15 25 3185 4 83523 29423 1.7 18 11 9 13 32% 29546 5468 4318 209%
c [  4.79 16 27 15 25 3185 1 83523 29423 1.6 23 14 9 18 32% 29546 5468 4318 209%
c W  4.81 13 27 15 25 3185 1 83523 29423 1.6 23 14 9 18 32% 29546 5468 4318 209%
c -  4.95 16 26 15 26 3187 1 86641 29379 1.6 23 14 9 17 32% 29546 5468 4318 209%
c -  5.20 17 26 15 27 3191 1 91740 31470 1.7 23 14 9 17 33% 29546 5468 4318 209%
c -  5.46 17 25 15 28 3193 1 96936 33568 1.7 23 14 9 17 33% 29546 5468 4318 209%
c ]  5.48 17 25 16 28 3193 1 97183 33787 1.7 23 14 9 17 33% 29546 5468 4318 209%
c {  5.48 17 23 16 28 3193 4 97183 33787 1.7 18 11 9 13 32% 29546 5468 4318 209%
c
c  seconds   switched    rate         size/glue  tier1     binary        remaining
c         MB   reductions  conflicts        size   tier2      irredundant
c          level    restarts     redundant     glue    trail        variables
c
c e  5.61 17 23 16 28 3309 4 99372 35801 1.7 18 11 9 13 32% 30614 6906 3526 171%
c ^  5.62 17 23 16 28 3309 4 99372 35801 1.7 18 11 9 13 32% 30614 6906 3526 171%
c -  5.75 17 23 16 29 3393 4 102227 26666 1.7 18 11 9 13 33% 30614 6906 3526 171%
c -  5.98 17 23 16 30 3614 4 107612 29217 1.7 18 11 9 13 34% 30614 6906 3526 171%
c u  6.08 17 23 16 30 3645 4 108545 29891 1.7 18 11 9 13 34% 30614 6906 3526 171%
c v  6.13 18 23 16 30 3645 4 108545 29665 1.7 18 11 9 13 34% 30614 6906 3526 171%
c w  6.15 18 23 16 30 3645 4 108545 29641 1.7 18 11 9 13 34% 30614 6906 3526 171%
c -  6.40 18 23 16 31 3956 4 113090 31775 1.7 18 11 9 13 34% 30614 6906 3526 171%
c o  6.48 18 22 16 31 3970 4 115026 33480 1.7 18 11 9 13 34% 30614 6906 3526 171%
c }  6.51 18 23 17 31 4069 4 115522 33964 1.7 18 11 9 13 34% 30614 6906 3526 171%
c [  6.51 18 25 17 31 4069 1 115522 33964 1.7 23 14 9 17 33% 30614 6906 3526 171%
c I  6.51 18 25 17 31 4069 1 115522 33964 1.7 23 14 9 17 33% 30614 6906 3526 171%
c -  6.67 18 29 17 32 4071 1 118658 33075 1.7 25 15 9 18 34% 30614 6906 3526 171%
c -  6.94 18 32 17 33 4075 1 124315 33383 1.7 28 16 9 20 34% 30614 6906 3526 171%
c -  7.24 18 32 17 34 4078 1 130060 35274 1.7 28 16 9 21 35% 30614 6906 3526 171%
c ]  7.36 18 32 18 34 4079 1 132190 37284 1.7 28 16 9 21 35% 30614 6906 3526 171%
c {  7.36 18 23 18 34 4079 4 132190 37284 1.7 18 11 9 13 34% 30614 6906 3526 171%
c -  7.52 18 22 18 35 4090 3 135890 37646 1.7 18 10 9 12 35% 30614 6906 3526 171%
c u  7.67 24 21 18 35 4091 3 137691 39035 1.7 18 10 9 12 35% 30614 6906 3526 171%
c v  7.73 24 21 18 35 4091 3 137691 39012 1.7 18 10 9 12 35% 30614 6906 3526 171%
c
c  seconds   switched    rate          size/glue  tier1     binary        remaining
c         MB   reductions  conflicts         size   tier2      irredundant
c          level    restarts      redundant     glue    trail        variables
c
c w  7.75 24 21 18 35 4091 3 137691 39003 1.7 18 10 9 12 35% 30614 6906 3526 171%
c -  7.94 20 21 18 36 4095 3 141808 39150 1.7 17 10 9 12 35% 30614 6906 3526 171%
c -  8.21 21 20 18 37 4100 3 147808 34979 1.7 17 10 8 12 36% 30614 6906 3526 171%
c -  8.51 21 19 18 38 4100 3 153890 34838 1.7 17 10 8 12 36% 30614 6906 3526 171%
c }  8.54 21 19 19 38 4100 3 154535 35318 1.7 17 10 8 12 36% 30614 6906 3526 171%
c [  8.54 21 32 19 38 4100 1 154535 35318 1.7 28 16 9 21 35% 30614 6906 3526 171%
c B  8.54 21 32 19 38 4100 1 154535 35318 1.7 28 16 9 21 35% 30614 6906 3526 171%
c -  8.84 21 34 19 39 4104 1 160055 35358 1.7 29 17 9 22 35% 30614 6906 3526 171%
c e  9.04 18 34 19 39 4106 1 163419 38570 1.7 29 17 9 22 36% 32533 8758 2937 142%
c ^  9.05 18 34 19 39 4106 1 163419 38570 1.7 29 17 9 22 36% 32533 8758 2937 142%
c -  9.19 20 34 19 40 4106 1 166299 28372 1.7 29 17 9 22 36% 32533 8758 2937 142%
c u  9.48 21 33 19 40 4109 1 170686 31754 1.7 29 17 9 22 37% 32533 8758 2937 142%
c v  9.54 24 33 19 40 4109 1 170686 31740 1.7 29 17 9 22 37% 32533 8758 2937 142%
c w  9.57 24 33 19 40 4109 1 170686 31477 1.7 29 17 9 22 37% 32533 8758 2937 142%
c o  9.61 24 33 19 40 4109 1 170686 31477 1.7 29 17 9 22 37% 32533 8758 2937 142%
c -  9.70 20 33 19 41 4111 1 172623 30920 1.7 29 17 9 22 37% 32533 8758 2937 142%
c ]  9.80 20 33 20 41 4112 1 174662 32893 1.7 28 17 9 22 38% 32533 8758 2937 142%
c {  9.80 20 19 20 41 4112 3 174662 32893 1.7 17 10 8 12 36% 32533 8758 2937 142%
c -  9.99 21 19 20 42 4290 3 179026 33632 1.7 17 10 8 12 37% 32533 8758 2937 142%
c - 10.36 21 19 20 43 5398 3 185507 35288 1.7 17 10 8 12 37% 32533 8758 2937 142%
c
c  seconds   switched    rate          size/glue  tier1     binary        remaining
c         MB   reductions  conflicts         size   tier2      irredundant
c          level    restarts      redundant     glue    trail        variables
c
c - 10.68 21 19 20 44 5901 3 192064 37088 1.7 17 10 8 12 38% 32533 8758 2937 142%
c - 11.01 21 20 20 45 6320 3 198697 38409 1.7 17 10 8 12 39% 32533 8758 2937 142%
c } 11.16 21 20 21 45 6718 3 201402 41003 1.7 17 10 8 12 39% 32533 8758 2937 142%
c [ 11.16 21 33 21 45 6718 1 201402 41003 1.7 28 17 9 22 38% 32533 8758 2937 142%
c W 11.17 18 33 21 45 6718 1 201402 41003 1.7 28 17 9 22 38% 32533 8758 2937 142%
c - 11.37 18 33 21 46 6720 1 205407 39305 1.7 28 17 9 21 38% 32533 8758 2937 142%
c u 11.56 18 33 21 46 6722 1 207412 39890 1.7 28 17 9 21 39% 32533 8758 2937 142%
c v 11.63 24 33 21 46 6722 1 207412 39843 1.7 28 17 9 21 39% 32533 8758 2937 142%
c w 11.66 24 33 21 46 6722 1 207412 39810 1.7 28 17 9 21 39% 32533 8758 2937 142%
c - 12.21 23 32 21 47 6724 1 212190 39444 1.7 28 16 9 21 39% 32533 8758 2937 142%
c - 12.57 23 30 21 48 6729 1 219046 40668 1.7 27 16 9 20 40% 32533 8758 2937 142%
c O 12.94 26 29 21 48 6731 1 225627 46877 1.7 26 15 9 20 40% 32533 8758 2937 142%
c - 12.96 26 29 21 49 6731 1 225974 41728 1.7 26 15 9 20 40% 32533 8758 2937 142%
c ] 13.07 22 28 22 49 6732 1 228097 43735 1.7 26 15 9 20 41% 32533 8758 2937 142%
c { 13.07 22 20 22 49 6732 3 228097 43735 1.7 17 10 8 12 39% 32533 8758 2937 142%
c o 13.31 26 21 22 49 7409 4 230686 46319 1.7 17 10 8 12 39% 32533 8758 2937 142%
c - 13.53 26 22 22 50 8010 4 232974 42967 1.7 18 10 8 12 39% 32533 8758 2937 142%
c - 14.26 24 25 22 51 9913 5 240047 44097 1.7 18 11 8 12 40% 32533 8758 2937 142%
c - 14.97 26 28 22 52 11408 6 247188 45075 1.7 19 11 8 12 40% 32533 8758 2937 142%
c e 15.08 21 29 22 52 11517 6 247699 45585 1.7 19 11 8 12 40% 35640 11051 2497 121%
c
c  seconds   switched     rate          size/glue  tier1     binary         remaining
c         MB   reductions   conflicts         size   tier2       irredundant
c          level    restarts       redundant     glue    trail         variables
c
c ! 15.08 21 29 22 52 11517 6 247699 45585 1.7 19 11 8 12 40% 35640 11051 2497 121%
c u 15.21 23 29 22 52 11603 6 248115 29302 1.7 19 11 8 12 40% 35640 11051 2497 121%
c v 15.29 23 29 22 52 11603 6 248115 29169 1.7 19 11 8 12 40% 35640 11051 2497 121%
c w 15.32 23 29 22 52 11603 6 248115 29162 1.7 19 11 8 12 40% 35640 11051 2497 121%
c x 15.37 23 29 22 52 11603 6 248115 29160 1.7 19 11 8 12 40% 35640 11051 2497 121%
c f 15.44 20 29 22 52 11603 6 248115 29160 1.7 19 11 8 12 40% 34968 11001 2538 123%
c u 15.56 23 29 22 52 11603 6 248115 28097 1.7 19 11 8 12 40% 34968 11001 2538 123%
c v 15.66 23 29 22 52 11603 6 248115 27842 1.7 19 11 8 12 40% 34968 11001 2538 123%
c w 15.70 23 29 22 52 11603 6 248115 27822 1.7 19 11 8 12 40% 34968 11001 2538 123%
c - 16.27 23 31 22 53 12926 6 254400 30194 1.7 20 11 8 13 41% 34968 11001 2538 123%
c } 16.72 23 32 23 53 13963 7 259616 35376 1.8 21 12 8 13 41% 34968 11001 2538 123%
c [ 16.72 23 28 23 53 13963 1 259616 35376 1.7 26 15 9 20 41% 34968 11001 2538 123%
c B 16.72 23 28 23 53 13963 1 259616 35376 1.7 26 15 9 20 41% 34968 11001 2538 123%
c - 16.82 23 29 23 54 13965 1 261681 33107 1.8 27 15 9 20 41% 34968 11001 2538 123%
c - 17.19 24 29 23 55 13969 1 269030 34579 1.8 27 15 9 20 42% 34968 11001 2538 123%
c - 17.61 23 28 23 56 13973 1 276446 35887 1.8 27 15 9 20 42% 34968 11001 2538 123%
c - 18.04 24 27 23 57 13976 1 283930 37335 1.8 26 15 9 19 43% 34968 11001 2538 123%
c W 18.50 20 27 23 57 13977 1 291068 44012 1.8 26 14 9 19 44% 34968 11001 2538 123%
c - 18.53 20 27 23 58 13977 1 291480 38577 1.8 26 14 9 19 44% 34968 11001 2538 123%
c u 18.70 26 27 23 58 13978 1 292636 39354 1.8 26 15 9 19 44% 34968 11001 2538 123%
c
c  seconds   switched     rate          size/glue  tier1     binary         remaining
c         MB   reductions   conflicts         size   tier2       irredundant
c          level    restarts       redundant     glue    trail         variables
c
c v 18.82 26 27 23 58 13978 1 292636 38007 1.8 26 15 9 19 44% 34968 11001 2538 123%
c w 18.86 26 27 23 58 13978 1 292636 37682 1.8 26 15 9 19 44% 34968 11001 2538 123%
c - 19.21 24 26 23 59 13983 1 299096 38282 1.8 26 14 9 19 44% 34968 11001 2538 123%
c - 19.63 24 25 23 60 13987 1 306777 39617 1.8 25 14 9 18 45% 34968 11001 2538 123%
c ] 19.99 26 25 24 60 13991 1 313220 45734 1.8 25 14 9 18 46% 34968 11001 2538 123%
c { 19.99 26 32 24 60 13991 7 313220 45734 1.8 21 12 8 13 41% 34968 11001 2538 123%
c o 19.99 26 32 24 60 13996 7 313242 45755 1.8 21 12 8 13 41% 34968 11001 2538 123%
c - 20.06 26 32 24 61 14006 7 314523 40532 1.8 21 12 8 13 41% 34968 11001 2538 123%
c - 20.43 24 31 24 62 14030 6 322334 41159 1.8 20 12 8 13 42% 34968 11001 2538 123%
c - 20.80 26 30 24 63 14172 6 330208 41801 1.8 20 11 8 13 42% 34968 11001 2538 123%
c - 21.17 24 29 24 64 14231 5 338149 43415 1.7 20 11 8 13 43% 34968 11001 2538 123%
c u 21.42 26 28 24 64 14231 5 341264 45896 1.7 20 11 8 13 43% 34968 11001 2538 123%
c v 21.52 28 28 24 64 14231 5 341264 44110 1.7 20 11 8 13 43% 34968 11001 2538 123%
c w 21.55 28 28 24 64 14231 5 341264 43904 1.7 20 11 8 13 43% 34968 11001 2538 123%
c - 21.81 24 27 24 65 14313 5 346151 42709 1.7 20 11 8 13 43% 34968 11001 2538 123%
c } 21.98 26 27 25 65 14332 5 349897 46188 1.7 20 11 8 13 44% 34968 11001 2538 123%
c [ 21.98 26 25 25 65 14332 1 349897 46188 1.8 25 14 9 18 46% 34968 11001 2538 123%
c I 21.98 26 25 25 65 14332 1 349897 46188 1.8 25 14 9 18 46% 34968 11001 2538 123%
c e 22.17 21 26 25 65 14334 1 353465 49651 1.8 26 14 9 18 46% 34979 11004 2537 123%
c - 22.22 24 26 25 66 14335 1 354214 44793 1.8 26 14 9 18 46% 34979 11004 2537 123%
c
c  seconds   switched     rate          size/glue  tier1     binary         remaining
c         MB   reductions   conflicts         size   tier2       irredundant
c          level    restarts       redundant     glue    trail         variables
c
c - 22.64 24 25 25 67 14339 1 362339 46701 1.8 26 14 9 18 46% 34979 11004 2537 123%
c - 23.12 26 25 25 68 14345 1 370526 48074 1.8 26 14 9 18 46% 34979 11004 2537 123%
c - 23.64 24 25 25 69 14346 1 378775 48391 1.8 26 14 9 18 46% 34979 11004 2537 123%
c ] 23.72 24 25 26 69 14346 1 379942 49499 1.8 26 14 9 18 46% 34979 11004 2537 123%
c { 23.72 24 27 26 69 14346 5 379942 49499 1.7 20 11 8 13 44% 34979 11004 2537 123%
c - 24.07 26 26 26 70 14383 5 387085 49162 1.7 19 11 8 13 44% 34979 11004 2537 123%
c o 24.37 24 25 26 70 14401 4 393660 55058 1.7 19 11 8 13 44% 34979 11004 2537 123%
c u 24.51 26 25 26 70 14448 4 394077 54260 1.7 19 11 8 13 44% 34979 11004 2537 123%
c v 24.63 28 25 26 70 14448 4 394077 54202 1.7 19 11 8 13 44% 34979 11004 2537 123%
c w 24.67 28 25 26 70 14448 4 394077 53668 1.7 19 11 8 13 44% 34979 11004 2537 123%
c f 24.69 20 25 26 70 14448 4 394077 53668 1.7 19 11 8 13 44% 34964 11002 2538 123%
c u 24.82 26 25 26 70 14448 4 394077 52844 1.7 19 11 8 13 44% 34964 11002 2538 123%
c v 24.93 28 25 26 70 14448 4 394077 52800 1.7 19 11 8 13 44% 34964 11002 2538 123%
c w 24.98 28 25 26 70 14448 4 394077 52799 1.7 19 11 8 13 44% 34964 11002 2538 123%
c - 25.49 24 25 26 71 14476 4 395451 48803 1.7 19 11 8 13 44% 34964 11002 2538 123%
c - 25.88 26 24 26 72 14527 4 403877 51333 1.7 19 11 8 13 44% 34964 11002 2538 123%
c - 26.31 26 24 26 73 14698 4 412363 53067 1.7 19 11 8 13 44% 34964 11002 2538 123%
c - 26.75 26 23 26 74 14940 4 420907 54521 1.7 19 11 8 13 45% 34964 11002 2538 123%
c } 26.81 24 23 27 74 14941 4 422160 55698 1.7 19 11 8 13 45% 34964 11002 2538 123%
c [ 26.81 24 25 27 74 14941 1 422160 55698 1.8 26 14 9 18 46% 34964 11002 2538 123%
c
c  seconds   switched     rate          size/glue  tier1     binary         remaining
c         MB   reductions   conflicts         size   tier2       irredundant
c          level    restarts       redundant     glue    trail         variables
c
c B 26.81 24 25 27 74 14941 1 422160 55698 1.8 26 14 9 18 46% 34964 11002 2538 123%
c - 27.20 26 25 27 75 14946 1 429510 54883 1.8 26 14 9 18 47% 34964 11002 2538 123%
c - 27.68 26 25 27 76 14950 1 438170 55561 1.8 25 14 9 18 47% 34964 11002 2538 123%
c - 28.23 26 24 27 77 14955 1 446887 57249 1.8 25 14 9 18 47% 34964 11002 2538 123%
c u 28.60 28 24 27 77 14955 1 451123 61150 1.8 25 14 9 18 47% 34964 11002 2538 123%
c v 28.69 28 24 27 77 14955 1 451123 60707 1.8 25 14 9 18 47% 34964 11002 2538 123%
c w 28.73 28 24 27 77 14955 1 451123 60262 1.8 25 14 9 18 47% 34964 11002 2538 123%
c - 29.10 26 24 27 78 14956 1 455662 57867 1.8 25 14 9 18 47% 34964 11002 2538 123%
c ] 29.20 26 24 28 78 14958 1 457198 59258 1.8 25 14 9 18 47% 34964 11002 2538 123%
c { 29.20 26 23 28 78 14958 4 457198 59258 1.7 19 11 8 13 45% 34964 11002 2538 123%
c - 29.62 26 23 28 79 15152 4 464493 59771 1.7 19 11 8 13 45% 34964 11002 2538 123%
c - 30.09 26 22 28 80 15274 3 473381 60615 1.7 18 11 8 12 45% 34964 11002 2538 123%
c - 30.56 26 22 28 81 15372 3 482326 61716 1.7 18 11 8 12 45% 34964 11002 2538 123%
c e 30.61 21 22 28 81 15436 3 482914 62290 1.7 18 11 8 12 45% 34978 11003 2537 123%
c o 30.69 24 22 28 81 15455 3 484501 63734 1.7 18 11 8 12 45% 34978 11003 2537 123%
c - 31.09 26 21 28 82 15671 3 491326 63459 1.7 18 11 8 12 46% 34978 11003 2537 123%
c - 31.59 26 21 28 83 15858 3 500381 65774 1.7 18 11 8 12 46% 34978 11003 2537 123%
c } 31.86 26 21 29 83 15957 3 505336 70320 1.7 18 11 8 12 46% 34978 11003 2537 123%
c [ 31.86 26 24 29 83 15957 1 505336 70320 1.8 25 14 9 18 47% 34978 11003 2537 123%
c W 31.87 20 24 29 83 15957 1 505336 70320 1.8 25 14 9 18 47% 34978 11003 2537 123%
c
c  seconds   switched     rate          size/glue  tier1     binary         remaining
c         MB   reductions   conflicts         size   tier2       irredundant
c          level    restarts       redundant     glue    trail         variables
c
c - 32.13 22 24 29 84 15960 1 509491 66986 1.8 25 14 9 18 47% 34978 11003 2537 123%
c u 32.49 23 24 29 84 15962 1 512481 69502 1.8 25 14 9 18 47% 34978 11003 2537 123%
c v 32.63 23 24 29 84 15962 1 512481 69413 1.8 25 14 9 18 47% 34978 11003 2537 123%
c w 32.68 23 24 29 84 15962 1 512481 69144 1.8 25 14 9 18 47% 34978 11003 2537 123%
c f 32.70 23 24 29 84 15962 1 512481 69144 1.8 25 14 9 18 47% 34963 11001 2538 123%
c u 32.87 23 24 29 84 15962 1 512481 69032 1.8 25 14 9 18 47% 34963 11001 2538 123%
c v 33.00 23 24 29 84 15962 1 512481 68796 1.8 25 14 9 18 47% 34963 11001 2538 123%
c w 33.05 23 24 29 84 15962 1 512481 68759 1.8 25 14 9 18 47% 34963 11001 2538 123%
c - 33.48 27 24 29 85 15964 1 518656 67690 1.8 25 14 9 18 48% 34963 11001 2538 123%
c - 34.10 28 23 29 86 15970 1 527875 70941 1.8 24 14 9 18 48% 34963 11001 2538 123%
c - 34.71 28 23 29 87 15971 1 537149 72823 1.8 24 13 9 17 48% 34963 11001 2538 123%
c ] 35.23 28 22 30 87 15977 1 544626 79815 1.8 24 13 9 17 48% 34963 11001 2538 123%
c { 35.23 28 21 30 87 15977 3 544626 79815 1.7 18 11 8 12 46% 34963 11001 2538 123%
c - 35.35 28 21 30 88 16035 3 546478 73433 1.7 18 10 8 12 46% 34963 11001 2538 123%
c - 35.86 28 20 30 89 16246 3 555861 74714 1.7 18 10 8 12 46% 34963 11001 2538 123%
c - 36.37 28 20 30 90 16418 3 565294 76143 1.7 18 10 8 12 46% 34963 11001 2538 123%
c - 36.88 28 20 30 91 16596 3 574782 78774 1.7 18 10 8 12 46% 34963 11001 2538 123%
c u 37.26 38 20 30 91 16786 3 578202 81199 1.7 18 10 8 12 46% 34963 11001 2538 123%
c v 37.41 38 20 30 91 16786 3 578202 79843 1.7 18 10 8 12 46% 34963 11001 2538 123%
c w 37.47 38 20 30 91 16786 3 578202 79567 1.7 18 10 8 12 46% 34963 11001 2538 123%
c
c  seconds   switched     rate          size/glue  tier1     binary         remaining
c         MB   reductions   conflicts         size   tier2       irredundant
c          level    restarts       redundant     glue    trail         variables
c
c - 37.83 34 20 30 92 16922 3 584327 79756 1.7 18 10 8 12 46% 34963 11001 2538 123%
c o 37.91 34 19 30 92 16935 3 585960 81279 1.7 18 10 8 12 46% 34963 11001 2538 123%
c - 38.34 35 19 30 93 17148 3 593920 82042 1.7 18 10 8 12 46% 34963 11001 2538 123%
c } 38.63 34 19 31 93 17442 3 599061 86681 1.7 17 10 8 12 46% 34963 11001 2538 123%
c [ 38.63 34 22 31 93 17442 1 599061 86681 1.8 24 13 9 17 48% 34963 11001 2538 123%
c O 38.63 34 22 31 93 17442 1 599061 86681 1.8 24 13 9 17 48% 34963 11001 2538 123%
c - 38.92 34 22 31 94 17445 1 603563 83450 1.8 24 13 9 17 48% 34963 11001 2538 123%
c - 39.57 35 21 31 95 17450 1 613258 85021 1.8 23 13 9 17 48% 34963 11001 2538 123%
c - 40.29 36 21 31 96 17455 1 623004 86165 1.8 23 13 9 17 48% 34963 11001 2538 123%
c - 41.06 35 21 31 97 17457 1 632802 86912 1.8 23 13 9 17 48% 34963 11001 2538 123%
c e 41.39 30 21 31 97 17461 1 637415 91334 1.8 23 13 9 17 48% 34976 11003 2537 123%
c ] 41.64 35 20 32 97 17463 1 640610 94293 1.8 23 13 9 17 48% 34976 11003 2537 123%
c { 41.64 35 19 32 97 17463 3 640610 94293 1.7 17 10 8 12 46% 34976 11003 2537 123%
c - 41.81 36 19 32 98 17624 3 642652 88297 1.7 17 10 8 12 46% 34976 11003 2537 123%
c u 42.35 39 19 32 98 17795 3 648337 90682 1.7 17 10 8 12 46% 34976 11003 2537 123%
c v 42.54 39 19 32 98 17795 3 648337 89020 1.7 17 10 8 12 46% 34976 11003 2537 123%
c w 42.61 39 19 32 98 17795 3 648337 86906 1.7 17 10 8 12 46% 34976 11003 2537 123%
c f 42.64 30 19 32 98 17795 3 648337 86906 1.7 17 10 8 12 46% 34959 11001 2538 123%
c u 42.86 37 19 32 98 17795 3 648337 86594 1.7 17 10 8 12 46% 34959 11001 2538 123%
c v 43.04 37 19 32 98 17795 3 648337 86175 1.7 17 10 8 12 46% 34959 11001 2538 123%
c
c  seconds   switched     rate          size/glue  tier1     binary         remaining
c         MB   reductions   conflicts         size   tier2       irredundant
c          level    restarts       redundant     glue    trail         variables
c
c w 43.11 37 19 32 98 17795 3 648337 85645 1.7 17 10 8 12 46% 34959 11001 2538 123%
c - 43.39 35 19 32 99 18027 3 652551 83660 1.7 17 10 8 12 46% 34959 11001 2538 123%
c - 44.04 36 19 32 100 18252 3 662502 86903 1.7 17 10 8 12 46% 34959 11001 2538 123%
c - 44.58 36 19 32 101 18487 3 672502 88960 1.7 17 10 8 12 46% 34959 11001 2538 123%
c - 45.19 36 19 32 102 19010 3 682551 91056 1.7 17 10 8 12 46% 34959 11001 2538 123%
c - 45.77 36 19 32 103 19342 3 692650 92791 1.7 17 10 8 12 46% 34959 11001 2538 123%
c o 46.16 36 18 32 103 19448 3 699840 99187 1.7 17 10 8 12 46% 34959 11001 2538 123%
c } 46.27 36 18 33 103 19509 3 701714 100924 1.7 17 10 8 12 46% 34959 11001 2538 123%
c [ 46.27 36 20 33 103 19509 1 701714 100924 1.8 23 13 9 17 48% 34959 11001 2538 123%
c B 46.27 36 20 33 103 19509 1 701714 100924 1.8 23 13 9 17 48% 34959 11001 2538 123%
c - 46.36 38 21 33 104 19510 1 702799 93767 1.8 23 13 8 16 48% 34959 11001 2538 123%
c - 47.15 37 20 33 105 19515 1 712997 94913 1.8 23 12 8 16 48% 34959 11001 2538 123%
c u 48.21 41 20 33 105 19522 1 722940 103463 1.8 22 12 8 16 48% 34959 11001 2538 123%
c v 48.41 41 20 33 105 19522 1 722940 100970 1.8 22 12 8 16 48% 34959 11001 2538 123%
c w 48.48 41 20 33 105 19522 1 722940 98878 1.8 22 12 8 16 48% 34959 11001 2538 123%
c - 49.26 37 20 33 106 19522 1 723243 92343 1.8 22 12 8 16 48% 34959 11001 2538 123%
c - 50.07 37 19 33 107 19523 1 733538 95518 1.8 22 12 8 16 49% 34959 11001 2538 123%
c - 50.88 38 19 33 108 19530 1 743883 98644 1.8 22 12 8 16 48% 34959 11001 2538 123%
c ] 51.03 38 19 34 108 19530 1 745790 100454 1.8 22 12 8 16 48% 34959 11001 2538 123%
c { 51.03 38 18 34 108 19530 3 745790 100454 1.7 17 10 8 12 46% 34959 11001 2538 123%
c
c  seconds   switched      rate          size/glue  tier1     binary         remaining
c         MB   reductions    conflicts         size   tier2       irredundant
c          level     restarts       redundant     glue    trail         variables
c
c - 51.70 41 18 34 109 19534 2 754276 99559 1.7 17 10 8 12 47% 34959 11001 2538 123%
c - 52.55 38 17 34 110 19534 2 764716 98911 1.7 16 10 8 12 47% 34959 11001 2538 123%
c - 53.46 38 16 34 111 19537 2 775205 99198 1.7 16 10 8 12 47% 34959 11001 2538 123%
c - 54.37 37 16 34 112 19541 2 785742 99870 1.7 16 10 8 12 47% 34959 11001 2538 123%
c - 55.08 39 15 34 113 19556 2 796327 101614 1.6 16 10 8 12 47% 34959 11001 2538 123%
c u 55.61 43 15 34 113 19566 2 802055 103834 1.6 16 9 8 12 47% 34959 11001 2538 123%
c v 55.78 43 15 34 113 19566 2 802055 101997 1.6 16 9 8 12 47% 34959 11001 2538 123%
c w 55.83 43 15 34 113 19566 2 802055 101905 1.6 16 9 8 12 47% 34959 11001 2538 123%
c x 55.94 43 15 34 113 19566 2 802055 101904 1.6 16 9 8 12 47% 34959 11001 2538 123%
c - 56.28 38 15 34 114 19584 2 806957 101121 1.6 16 9 8 12 47% 34959 11001 2538 123%
c } 56.64 39 15 35 114 19610 2 813937 107112 1.6 15 9 8 12 47% 34959 11001 2538 123%
c [ 56.64 39 19 35 114 19610 1 813937 107112 1.8 22 12 8 16 48% 34959 11001 2538 123%
c W 56.72 31 19 35 114 19610 1 813937 107112 1.8 22 12 8 16 48% 34959 11001 2538 123%
c - 56.96 31 20 35 115 19612 1 817634 103401 1.8 22 12 8 16 49% 34959 11001 2538 123%
c - 57.74 31 19 35 116 19619 1 828357 106593 1.8 22 12 8 16 49% 34959 11001 2538 123%
c - 58.63 41 19 35 117 19624 1 839128 109396 1.8 22 12 8 16 49% 34959 11001 2538 123%
c - 59.50 38 19 35 118 19627 1 849945 109941 1.8 22 12 8 16 49% 34959 11001 2538 123%
c - 60.36 41 19 35 119 19633 1 860808 110710 1.8 22 12 8 16 49% 34959 11001 2538 123%
c - 61.21 38 20 35 120 19639 1 871717 109580 1.8 22 12 8 16 49% 34959 11001 2538 123%
c I 61.60 38 20 35 120 19639 1 876488 114025 1.8 23 12 8 16 49% 34959 11001 2538 123%
c
c  seconds   switched      rate           size/glue  tier1     binary         remaining
c         MB   reductions    conflicts          size   tier2       irredundant
c          level     restarts       redundant      glue    trail         variables
c
c o 61.60 38 20 35 120 19639 1 876488 114025 1.8 23 12 8 16 49% 34959 11001 2538 123%
c ] 61.81 43 33 36 120 19639 1 879451 116917 1.7 25 15 8 16 49% 34959 11001 2538 123%
c { 61.81 43 15 36 120 19639 2 879451 116917 1.6 15 9 8 12 47% 34959 11001 2538 123%
c - 62.15 43 15 36 121 20148 2 882673 106599 1.6 16 9 8 12 47% 34959 11001 2538 123%
c u 62.74 45 15 36 121 20711 2 885737 108907 1.6 16 10 8 12 47% 34959 11001 2538 123%
c v 63.00 45 15 36 121 20711 2 885737 108662 1.6 16 10 8 12 47% 34959 11001 2538 123%
c w 63.09 45 15 36 121 20711 2 885737 107799 1.6 16 10 8 12 47% 34959 11001 2538 123%
c - 63.80 41 16 36 122 21594 2 893674 104349 1.6 16 10 8 12 47% 34959 11001 2538 123%
c - 64.66 43 16 36 123 22373 2 904719 105357 1.6 16 10 8 12 47% 34959 11001 2538 123%
c - 65.48 43 16 36 124 23238 2 915809 105355 1.6 16 10 8 12 47% 34959 11001 2538 123%
c - 66.39 43 17 36 125 24395 3 926944 106901 1.6 16 10 8 12 47% 34959 11001 2538 123%
c - 67.19 43 17 36 126 25081 3 938124 109211 1.6 16 10 8 12 47% 34959 11001 2538 123%
c - 67.96 43 17 36 127 25884 3 949349 111190 1.6 16 10 8 12 47% 34959 11001 2538 123%
c } 68.30 43 17 37 127 26101 3 955007 116314 1.6 16 10 8 12 47% 34959 11001 2538 123%
c [ 68.30 43 33 37 127 26101 1 955007 116314 1.7 25 15 8 16 49% 34959 11001 2538 123%
c B 68.30 43 33 37 127 26101 1 955007 116314 1.7 25 15 8 16 49% 34959 11001 2538 123%
c - 68.69 39 33 37 128 26105 1 960620 111942 1.7 25 15 8 16 49% 34959 11001 2538 123%
c - 69.47 41 32 37 129 26111 1 971933 113006 1.7 25 15 8 16 49% 34959 11001 2538 123%
c u 69.92 47 32 37 129 26113 1 974037 114738 1.7 25 15 8 16 49% 34959 11001 2538 123%
c v 70.16 47 32 37 129 26113 1 974037 113855 1.7 25 15 8 16 49% 34959 11001 2538 123%
c
c  seconds   switched      rate           size/glue  tier1     binary         remaining
c         MB   reductions    conflicts          size   tier2       irredundant
c          level     restarts       redundant      glue    trail         variables
c
c w 70.24 47 32 37 129 26113 1 974037 113459 1.7 25 15 8 16 49% 34959 11001 2538 123%
c - 70.98 40 31 37 130 26115 1 983291 112153 1.7 25 15 8 16 49% 34959 11001 2538 123%
c - 71.94 43 30 37 131 26121 1 994693 111734 1.7 25 15 8 16 49% 34959 11001 2538 123%
c - 72.92 43 29 37 132 26127 1 1006138 110567 1.7 25 15 8 16 50% 34959 11001 2538 123%
c - 73.99 41 28 37 133 26130 1 1017627 109552 1.7 25 15 8 16 50% 34959 11001 2538 123%
c ] 74.30 43 28 38 133 26131 1 1020871 112620 1.7 25 14 8 16 50% 34959 11001 2538 123%
c { 74.30 43 17 38 133 26131 3 1020871 112620 1.6 16 10 8 12 47% 34959 11001 2538 123%
c o 74.30 43 17 38 133 26132 3 1020909 112658 1.6 16 10 8 12 47% 34959 11001 2538 123%
c - 75.51 43 20 38 134 27876 3 1029159 106876 1.7 17 10 8 12 47% 34959 11001 2538 123%
c - 77.20 43 24 38 135 30322 4 1040734 102704 1.7 18 11 8 12 47% 34959 11001 2538 123%
c - 79.03 41 27 38 136 32786 5 1052352 100968 1.7 20 11 8 12 47% 34959 11001 2538 123%
c - 80.87 41 30 38 137 35252 6 1064013 100017 1.7 21 12 8 12 47% 34959 11001 2538 123%
c u 81.79 45 31 38 137 35873 6 1067007 101108 1.7 21 12 8 12 47% 34959 11001 2538 123%
c v 82.17 45 31 38 137 35873 6 1067007 100700 1.7 21 12 8 12 47% 34959 11001 2538 123%
c w 82.32 45 31 38 137 35873 6 1067007 100672 1.7 21 12 8 12 47% 34959 11001 2538 123%
c - 83.71 41 33 38 138 37704 7 1075720 97109 1.8 22 12 8 12 47% 34959 11001 2538 123%
c - 85.51 43 35 38 139 40026 7 1087468 96906 1.8 23 13 8 12 47% 34959 11001 2538 123%
c - 87.27 41 37 38 140 42093 7 1099258 96467 1.8 23 13 8 12 47% 34959 11001 2538 123%
c } 87.91 40 38 39 140 42807 7 1104205 101359 1.8 24 13 8 12 47% 34959 11001 2538 123%
c [ 87.91 40 28 39 140 42807 1 1104205 101359 1.7 25 14 8 16 50% 34959 11001 2538 123%
c
c  seconds   switched      rate            size/glue  tier1     binary         remaining
c         MB   reductions     conflicts          size   tier2       irredundant
c          level     restarts        redundant      glue    trail         variables
c
c W 88.09 33 28 39 140 42807 1 1104205 101359 1.7 25 14 8 16 50% 34959 11001 2538 123%
c - 88.61 33 28 39 141 42812 1 1111091 95744 1.7 25 14 8 16 50% 34959 11001 2538 123%
c - 89.50 33 27 39 142 42819 1 1122966 95692 1.7 25 14 8 16 50% 34959 11001 2538 123%
c - 90.44 43 26 39 143 42821 1 1134884 95046 1.7 25 14 8 16 51% 34959 11001 2538 123%
c - 91.38 40 25 39 144 42828 1 1146842 93770 1.8 25 14 8 16 51% 34959 11001 2538 123%
c - 92.35 41 25 39 145 42835 1 1158843 91796 1.8 25 14 8 16 51% 34959 11001 2538 123%
c u 93.20 43 25 39 145 42836 1 1164673 96899 1.8 25 14 8 16 51% 34959 11001 2538 123%
c v 93.59 45 25 39 145 42836 1 1164673 95719 1.8 25 14 8 16 51% 34959 11001 2538 123%
c w 93.74 45 25 39 145 42836 1 1164673 95061 1.8 25 14 8 16 51% 34959 11001 2538 123%
c o 93.77 45 25 39 145 42836 1 1164673 95061 1.8 25 14 8 16 51% 34959 11001 2538 123%
c - 94.17 39 30 39 146 42837 1 1170884 85496 1.7 26 15 8 16 51% 34959 11001 2538 123%
c O 94.97 41 29 39 146 42837 1 1182633 96522 1.7 26 15 8 16 50% 34959 11001 2538 123%
c - 95.01 37 29 39 147 42837 1 1182968 83999 1.7 26 15 8 16 50% 34959 11001 2538 123%
c - 95.85 39 27 39 148 42844 1 1195092 86727 1.7 25 14 8 16 50% 34959 11001 2538 123%
c - 96.77 40 26 39 149 42851 1 1207257 88250 1.7 24 14 8 16 50% 34959 11001 2538 123%
c - 97.75 40 26 39 150 42853 1 1219464 88778 1.7 24 14 8 16 50% 34959 11001 2538 123%
c - 98.73 41 25 39 151 42860 1 1231711 89679 1.7 24 14 8 16 50% 34959 11001 2538 123%
c - 99.73 39 24 39 152 42867 1 1244000 90406 1.7 23 13 8 16 50% 34959 11001 2538 123%
c ] 100.74 40 23 40 152 42868 1 1256310 102048 1.8 23 13 8 16 50% 34959 11001 2538 123%
c { 100.74 40 38 40 152 42868 7 1256310 102048 1.8 24 13 8 12 47% 34959 11001 2538 123%
c
c  seconds    switched      rate           size/glue  tier1     binary         remaining
c          MB   reductions     conflicts         size   tier2       irredundant
c           level     restarts        redundant     glue    trail         variables
c
c - 100.76 40 38 40 153 42870 7 1256329 90237 1.8 24 13 8 12 47% 34959 11001 2538 123%
c u 101.81 45 36 40 153 42890 7 1267081 99437 1.8 23 13 8 12 47% 34959 11001 2538 123%
c v 102.12 45 36 40 153 42890 7 1267081 97776 1.8 23 13 8 12 47% 34959 11001 2538 123%
c w 102.23 45 36 40 153 42890 7 1267081 96008 1.8 23 13 8 12 47% 34959 11001 2538 123%
c - 102.38 39 35 40 154 42901 7 1268698 86272 1.8 23 13 8 12 47% 34959 11001 2538 123%
c - 103.14 41 33 40 155 42943 6 1281108 87386 1.8 23 13 8 12 47% 34959 11001 2538 123%
c - 103.91 40 32 40 156 43001 6 1293559 87156 1.8 22 12 8 12 47% 34959 11001 2538 123%
c - 104.68 41 30 40 157 43021 5 1306049 86228 1.8 22 12 8 12 47% 34959 11001 2538 123%
c o 105.42 39 28 40 157 43024 5 1317069 96508 1.8 21 12 8 12 47% 34959 11001 2538 123%
c - 105.54 40 28 40 158 43056 5 1318579 86427 1.8 21 12 8 12 47% 34959 11001 2538 123%
c - 106.33 39 27 40 159 43108 4 1331148 87305 1.8 21 12 8 12 47% 34959 11001 2538 123%
c - 107.12 39 25 40 160 43192 4 1343758 89005 1.8 21 12 8 12 47% 34959 11001 2538 123%
c } 107.38 40 25 41 160 43235 4 1347782 92731 1.8 20 12 8 12 47% 34959 11001 2538 123%
c [ 107.38 40 23 41 160 43235 1 1347782 92731 1.8 23 13 8 16 50% 34959 11001 2538 123%
c B 107.38 40 23 41 160 43235 1 1347782 92731 1.8 23 13 8 16 50% 34959 11001 2538 123%
c - 108.00 41 23 41 161 43241 1 1356408 89836 1.8 24 13 8 16 50% 34959 11001 2538 123%
c - 109.00 39 23 41 162 43248 1 1369096 90467 1.8 24 13 8 16 50% 34959 11001 2538 123%
c u 109.72 43 23 41 162 43249 1 1374286 95096 1.8 24 13 8 16 50% 34959 11001 2538 123%
c v 110.00 45 23 41 162 43249 1 1374286 94781 1.8 24 13 8 16 50% 34959 11001 2538 123%
c w 110.11 45 23 41 162 43249 1 1374286 92826 1.8 24 13 8 16 50% 34959 11001 2538 123%
c
c  seconds    switched      rate           size/glue  tier1     binary         remaining
c          MB   reductions     conflicts         size   tier2       irredundant
c           level     restarts        redundant     glue    trail         variables
c
c - 110.79 39 23 41 163 43251 1 1381823 88730 1.8 24 13 7 16 50% 34959 11001 2538 123%
c - 111.90 41 22 41 164 43258 1 1394590 90082 1.8 24 13 7 16 50% 34959 11001 2538 123%
c - 113.07 40 22 41 165 43264 1 1407396 90085 1.8 24 13 7 15 50% 34959 11001 2538 123%
c ] 113.90 39 23 42 165 43265 1 1417728 100002 1.8 24 13 7 15 50% 34959 11001 2538 123%
c { 113.90 39 25 42 165 43265 4 1417728 100002 1.8 20 12 8 12 47% 34959 11001 2538 123%
c - 114.11 40 25 42 166 43269 4 1420243 89721 1.8 20 11 8 12 47% 34959 11001 2538 123%
c - 115.08 41 24 42 167 43273 4 1433127 90759 1.8 20 11 8 12 47% 34959 11001 2538 123%
c - 115.88 41 23 42 168 43364 3 1446051 93761 1.8 20 11 8 12 47% 34959 11001 2538 123%
c - 116.71 41 22 42 169 43420 3 1459012 96835 1.8 19 11 8 12 47% 34959 11001 2538 123%
c - 117.55 40 21 42 170 43585 3 1472012 99280 1.8 19 11 8 12 47% 34959 11001 2538 123%
c o 118.01 41 21 42 170 43737 3 1479099 105889 1.8 19 11 8 12 47% 34959 11001 2538 123%
c - 118.42 43 21 42 171 43861 3 1485050 101850 1.8 19 11 8 12 47% 34959 11001 2538 123%
c u 118.87 43 21 42 171 43914 3 1486287 101514 1.8 19 11 8 12 47% 34959 11001 2538 123%
c v 119.18 45 21 42 171 43914 3 1486287 100627 1.8 19 11 8 12 47% 34959 11001 2538 123%
c w 119.28 45 21 42 171 43914 3 1486287 100226 1.8 19 11 8 12 47% 34959 11001 2538 123%
c - 121.31 41 20 42 172 44163 3 1498126 102163 1.8 19 11 8 12 47% 34959 11001 2538 123%
c - 122.14 43 20 42 173 44322 3 1511241 105963 1.8 19 11 8 12 47% 34959 11001 2538 123%
c } 122.54 39 20 43 173 44326 3 1517701 111794 1.8 19 11 8 12 47% 34959 11001 2538 123%
c [ 122.54 39 23 43 173 44326 1 1517701 111794 1.8 24 13 7 15 50% 34959 11001 2538 123%
c W 122.87 33 23 43 173 44326 1 1517701 111794 1.8 24 13 7 15 50% 34959 11001 2538 123%
c
c  seconds    switched      rate            size/glue  tier1     binary         remaining
c          MB   reductions     conflicts          size   tier2       irredundant
c           level     restarts        redundant      glue    trail         variables
c
c - 123.38 33 22 43 174 44331 1 1524394 108869 1.8 23 13 7 15 50% 34959 11001 2538 123%
c - 124.32 43 22 43 175 44338 1 1537585 110665 1.8 23 13 7 15 50% 34959 11001 2538 123%
c - 125.31 40 21 43 176 44341 1 1550814 113176 1.8 23 13 7 15 49% 34959 11001 2538 123%
c - 126.34 43 21 43 177 44349 1 1564081 115731 1.8 23 13 7 15 49% 34959 11001 2538 123%
c - 127.48 43 22 43 178 44355 1 1577386 116150 1.8 24 13 7 15 49% 34959 11001 2538 123%
c - 128.75 43 22 43 179 44356 1 1590727 113988 1.8 24 13 7 15 49% 34959 11001 2538 123%
c ] 129.28 43 22 44 179 44356 1 1596689 119668 1.8 24 13 7 15 49% 34959 11001 2538 123%
c { 129.28 43 20 44 179 44356 3 1596689 119668 1.8 19 11 8 12 47% 34959 11001 2538 123%
c u 130.04 47 19 44 179 44416 2 1603161 123350 1.8 18 10 8 12 47% 34959 11001 2538 123%
c v 130.30 47 19 44 179 44416 2 1603161 123115 1.8 18 10 8 12 47% 34959 11001 2538 123%
c w 130.40 47 19 44 179 44416 2 1603161 123042 1.8 18 10 8 12 47% 34959 11001 2538 123%
c - 130.69 40 19 44 180 44468 2 1604107 111665 1.8 18 10 8 12 47% 34959 11001 2538 123%
c - 131.68 41 19 44 181 44806 2 1617523 113760 1.8 18 10 8 12 47% 34959 11001 2538 123%
c - 132.64 43 19 44 182 45117 2 1630976 116221 1.8 18 10 8 12 47% 34959 11001 2538 123%
c - 133.64 43 19 44 183 45573 2 1644467 118918 1.8 18 10 8 12 47% 34959 11001 2538 123%
c o 133.98 41 19 44 183 45699 2 1649473 123673 1.8 18 10 8 12 47% 34959 11001 2538 123%
c - 134.58 43 19 44 184 46081 2 1657994 96125 1.8 18 10 7 12 47% 34959 11001 2538 123%
c - 135.45 41 19 44 185 46549 2 1671558 90410 1.7 18 10 7 12 47% 34959 11001 2538 123%
c - 136.34 40 18 44 186 46963 2 1685161 89592 1.7 18 10 7 12 47% 34959 11001 2538 123%
c - 137.21 40 18 44 187 47375 2 1698801 89530 1.7 18 10 7 12 47% 34959 11001 2538 123%
c
c  seconds    switched      rate           size/glue  tier1     binary         remaining
c          MB   reductions     conflicts         size   tier2       irredundant
c           level     restarts        redundant     glue    trail         variables
c
c } 137.63 39 18 45 187 47594 2 1705522 95640 1.7 18 10 7 12 47% 34959 11001 2538 123%
c [ 137.63 39 22 45 187 47594 1 1705522 95640 1.8 24 13 7 15 49% 34959 11001 2538 123%
c I 137.63 39 22 45 187 47594 1 1705522 95640 1.8 24 13 7 15 49% 34959 11001 2538 123%
c - 138.09 40 23 45 188 47599 1 1712475 87676 1.8 25 14 7 15 49% 34959 11001 2538 123%
c u 139.23 43 24 45 188 47606 1 1724934 98924 1.8 25 14 7 15 49% 34959 11001 2538 123%
c v 139.54 45 24 45 188 47606 1 1724934 98760 1.8 25 14 7 15 49% 34959 11001 2538 123%
c w 139.66 45 24 45 188 47606 1 1724934 96695 1.8 25 14 7 15 49% 34959 11001 2538 123%
c - 139.80 39 24 45 189 47607 1 1726188 82750 1.8 25 14 7 16 49% 34959 11001 2538 123%
c - 140.79 40 24 45 190 47610 1 1739936 81073 1.8 25 14 7 16 48% 34959 11001 2538 123%
c - 141.85 39 24 45 191 47618 1 1753720 81024 1.8 26 14 7 16 48% 34959 11001 2538 123%
c - 142.91 39 25 45 192 47623 1 1767541 82579 1.8 26 14 7 16 47% 34959 11001 2538 123%
c - 143.95 40 25 45 193 47624 1 1781400 83015 1.8 25 15 7 16 47% 34959 11001 2538 123%
c - 145.04 40 25 45 194 47630 1 1795292 84492 1.8 26 15 7 16 47% 34959 11001 2538 123%
c ] 145.66 39 25 46 194 47634 1 1803150 91929 1.8 25 15 7 16 47% 34959 11001 2538 123%
c { 145.66 39 18 46 194 47634 2 1803150 91929 1.7 18 10 7 12 47% 34959 11001 2538 123%
c - 146.13 40 18 46 195 47901 2 1809220 87299 1.7 18 10 7 12 47% 34959 11001 2538 123%
c - 147.07 40 18 46 196 48160 2 1823185 90047 1.7 17 10 7 12 47% 34959 11001 2538 123%
c o 147.51 40 18 46 196 48414 2 1829663 96143 1.7 18 10 7 12 47% 34959 11001 2538 123%
c - 148.02 40 18 46 197 48702 2 1837185 91825 1.7 18 10 7 12 47% 34959 11001 2538 123%
c - 148.93 40 18 46 198 49264 2 1851221 92900 1.7 17 10 7 12 47% 34959 11001 2538 123%
c
c  seconds    switched      rate           size/glue  tier1     binary         remaining
c          MB   reductions     conflicts         size   tier2       irredundant
c           level     restarts        redundant     glue    trail         variables
c
c u 149.31 43 18 46 198 49264 2 1851630 90704 1.7 17 10 7 12 47% 34959 11001 2538 123%
c v 149.64 43 18 46 198 49264 2 1851630 87401 1.7 17 10 7 12 47% 34959 11001 2538 123%
c w 149.76 43 18 46 198 49264 2 1851630 87054 1.7 17 10 7 12 47% 34959 11001 2538 123%
c - 150.73 40 18 46 199 49893 2 1865292 88279 1.7 17 10 7 12 47% 34959 11001 2538 123%
c - 151.68 40 18 46 200 50054 2 1879398 90761 1.7 17 10 7 12 47% 34959 11001 2538 123%
c - 152.65 40 18 46 201 50729 2 1893540 92118 1.7 17 10 7 12 47% 34959 11001 2538 123%
c - 153.55 43 17 46 202 50990 2 1907718 93016 1.7 17 10 7 12 47% 34959 11001 2538 123%
c } 154.60 41 18 47 202 52076 2 1921194 105399 1.7 17 10 7 12 47% 34959 11001 2538 123%
c [ 154.60 41 25 47 202 52076 1 1921194 105399 1.8 25 15 7 16 47% 34959 11001 2538 123%
c B 154.60 41 25 47 202 52076 1 1921194 105399 1.8 25 15 7 16 47% 34959 11001 2538 123%
c - 154.66 41 25 47 203 52076 1 1921930 93469 1.8 26 15 7 16 47% 34959 11001 2538 123%
c - 155.67 40 25 47 204 52085 1 1936178 94472 1.8 26 14 7 16 47% 34959 11001 2538 123%
c - 156.73 43 24 47 205 52090 1 1950461 94522 1.8 25 14 7 16 47% 34959 11001 2538 123%
c - 157.95 41 23 47 206 52097 1 1964779 96469 1.8 25 14 7 16 47% 34959 11001 2538 123%
c - 159.16 43 22 47 207 52105 1 1979131 97714 1.8 24 13 7 16 47% 34959 11001 2538 123%
c u 159.87 43 22 47 207 52105 1 1983277 100465 1.8 24 13 7 16 47% 34959 11001 2538 123%
c v 160.25 45 22 47 207 52105 1 1983277 92684 1.8 24 13 7 16 47% 34959 11001 2538 123%
c w 160.38 45 22 47 207 52105 1 1983277 89278 1.8 24 13 7 16 47% 34959 11001 2538 123%
c - 161.21 40 22 47 208 52106 1 1993518 89923 1.8 24 13 7 16 47% 34959 11001 2538 123%
c - 162.34 39 21 47 209 52110 1 2007941 96590 1.9 24 13 7 16 47% 34959 11001 2538 123%
c
c  seconds    switched      rate            size/glue  tier1     binary         remaining
c          MB   reductions     conflicts          size   tier2       irredundant
c           level     restarts        redundant      glue    trail         variables
c
c ] 163.25 41 20 48 209 52116 1 2019207 106614 1.8 23 12 7 16 47% 34959 11001 2538 123%
c { 163.25 41 18 48 209 52116 2 2019207 106614 1.7 17 10 7 12 47% 34959 11001 2538 123%
c o 163.39 40 17 48 209 52173 2 2021150 108239 1.7 17 10 7 12 47% 34959 11001 2538 123%
c - 163.51 41 17 48 210 52231 2 2022397 99101 1.7 17 10 7 12 47% 34959 11001 2538 123%
c - 164.56 40 18 48 211 53135 2 2036889 99483 1.7 17 10 7 12 47% 34959 11001 2538 123%
c - 165.68 43 18 48 212 53990 3 2051415 100476 1.7 17 10 7 12 47% 34959 11001 2538 123%
c - 166.70 43 18 48 213 54716 3 2065975 100484 1.7 17 10 7 12 47% 34959 11001 2538 123%
c - 167.74 43 18 48 214 55358 3 2080569 100821 1.7 17 10 7 12 47% 34959 11001 2538 123%
c - 168.83 43 18 48 215 56186 3 2095197 101289 1.7 17 10 7 12 47% 34959 11001 2538 123%
c - 169.91 43 18 48 216 56896 3 2109859 101772 1.7 17 10 7 12 47% 34959 11001 2538 123%
c u 171.05 45 18 48 216 57365 3 2119925 105919 1.7 17 10 7 12 47% 34959 11001 2538 123%
c v 171.43 45 18 48 216 57365 3 2119925 104462 1.7 17 10 7 12 47% 34959 11001 2538 123%
c w 171.56 45 18 48 216 57365 3 2119925 104246 1.7 17 10 7 12 47% 34959 11001 2538 123%
c - 171.94 40 18 48 217 57573 3 2124556 96242 1.7 17 10 7 12 47% 34959 11001 2538 123%
c - 172.98 41 18 48 218 58212 3 2139287 97155 1.7 17 10 7 12 47% 34959 11001 2538 123%
c } 173.52 40 18 49 218 58601 3 2146817 103966 1.7 17 10 7 12 47% 34959 11001 2538 123%
c [ 173.52 40 20 49 218 58601 1 2146817 103966 1.8 23 12 7 16 47% 34959 11001 2538 123%
c W 174.08 33 20 49 218 58601 1 2146817 103966 1.8 23 12 7 16 47% 34959 11001 2538 123%
c - 174.54 33 21 49 219 58606 1 2154051 97141 1.8 23 13 7 16 47% 34959 11001 2538 123%
c - 175.64 33 21 49 220 58614 1 2168849 95618 1.8 24 13 7 16 48% 34959 11001 2538 123%
c
c  seconds    switched      rate           size/glue  tier1     binary         remaining
c          MB   reductions     conflicts         size   tier2       irredundant
c           level     restarts        redundant     glue    trail         variables
c
c - 176.79 33 21 49 221 58618 1 2183681 97190 1.8 24 13 7 16 48% 34959 11001 2538 123%
c - 178.03 39 21 49 222 58628 1 2198547 99275 1.8 24 13 7 16 48% 34959 11001 2538 123%
c - 179.34 43 21 49 223 58631 1 2213447 99233 1.9 24 13 7 15 48% 34959 11001 2538 123%
c - 180.64 41 21 49 224 58631 1 2228380 100147 1.9 24 13 7 15 48% 34959 11001 2538 123%
c - 182.02 43 21 49 225 58641 1 2243346 100811 1.9 24 13 7 15 48% 34959 11001 2538 123%
c - 183.22 40 21 49 226 58646 1 2258346 98318 1.9 25 13 7 15 49% 34959 11001 2538 123%
c O 183.45 41 21 49 226 58646 1 2261156 100965 1.9 25 13 7 15 49% 34959 11001 2538 123%
c o 183.45 41 21 49 226 58646 1 2261156 100965 1.9 25 13 7 15 49% 34959 11001 2538 123%
c u 183.92 43 21 49 226 58647 1 2261598 100396 1.9 25 13 7 15 49% 34959 11001 2538 123%
c v 184.35 45 21 49 226 58647 1 2261598 98146 1.9 25 13 7 15 49% 34959 11001 2538 123%
c w 184.50 45 21 49 226 58647 1 2261598 97277 1.9 25 13 7 15 49% 34959 11001 2538 123%
c ] 184.69 39 21 50 226 58649 1 2263853 99170 1.9 25 13 7 15 49% 34959 11001 2538 123%
c { 184.69 39 18 50 226 58649 3 2263853 99170 1.7 17 10 7 12 47% 34959 11001 2538 123%
c - 185.35 40 17 50 227 58649 2 2273379 94208 1.7 17 10 7 12 47% 34959 11001 2538 123%
c - 186.42 41 16 50 228 58655 2 2288446 95814 1.6 16 10 7 12 47% 34959 11001 2538 123%
c - 187.55 41 16 50 229 58678 2 2303545 96695 1.6 16 10 7 12 47% 34959 11001 2538 123%
c - 188.51 40 15 50 230 58744 2 2318677 98768 1.6 16 10 7 12 47% 34959 11001 2538 123%
c - 189.51 43 14 50 231 58829 2 2333843 100504 1.6 15 9 7 12 47% 34959 11001 2538 123%
c - 190.53 41 14 50 232 58891 2 2349042 100808 1.6 15 9 7 12 47% 34959 11001 2538 123%
c - 191.55 43 13 50 233 58921 2 2364274 99753 1.6 15 9 7 12 47% 34959 11001 2538 123%
c
c  seconds    switched      rate            size/glue tier1     binary         remaining
c          MB   reductions     conflicts          size  tier2       irredundant
c           level     restarts        redundant     glue    trail         variables
c
c - 192.53 41 13 50 234 59006 2 2379539 100671 1.6 15 9 7 12 47% 34959 11001 2538 123%
c - 193.51 43 13 50 235 59101 2 2394836 103281 1.6 15 9 7 11 47% 34959 11001 2538 123%
c } 193.94 40 13 51 235 59186 2 2401379 108585 1.6 15 9 7 11 47% 34959 11001 2538 123%
c [ 193.94 40 21 51 235 59186 1 2401379 108585 1.9 25 13 7 15 49% 34959 11001 2538 123%
c B 193.94 40 21 51 235 59186 1 2401379 108585 1.9 25 13 7 15 49% 34959 11001 2538 123%
c u 194.79 45 21 51 235 59191 1 2408348 114339 1.9 25 13 7 15 49% 34959 11001 2538 123%
c v 195.16 47 21 51 235 59191 1 2408348 113422 1.9 25 13 7 15 49% 34959 11001 2538 123%
c w 195.30 47 21 51 235 59191 1 2408348 112988 1.9 25 13 7 15 49% 34959 11001 2538 123%
c - 195.47 39 21 51 236 59192 1 2410166 103367 1.9 25 13 7 15 49% 34959 11001 2538 123%
c - 196.47 40 21 51 237 59199 1 2425528 106646 1.9 25 13 7 15 49% 34959 11001 2538 123%
c - 197.53 43 21 51 238 59206 1 2440922 110230 1.9 24 13 7 15 49% 34959 11001 2538 123%
c - 198.70 41 20 51 239 59214 1 2456349 111968 1.9 24 13 7 15 49% 34959 11001 2538 123%
c - 199.92 43 20 51 240 59216 1 2471808 111650 1.9 24 13 7 15 49% 34959 11001 2538 123%
c - 201.18 41 20 51 241 59219 1 2487300 110308 1.9 24 13 7 15 49% 34959 11001 2538 123%
c - 202.44 43 20 51 242 59229 1 2502825 109488 1.9 24 13 7 15 49% 34959 11001 2538 123%
c - 203.76 43 20 51 243 59234 1 2518383 109548 1.9 24 13 7 15 49% 34959 11001 2538 123%
c ] 204.41 43 20 52 243 59238 1 2526298 116919 1.9 24 13 7 15 49% 34959 11001 2538 123%
c { 204.41 43 13 52 243 59238 2 2526298 116919 1.6 15 9 7 11 47% 34959 11001 2538 123%
c o 204.43 39 13 52 243 59267 2 2526440 117054 1.6 15 9 7 11 47% 34959 11001 2538 123%
c - 205.16 43 13 52 244 60515 2 2533972 110603 1.6 15 9 7 11 47% 34959 11001 2538 123%
c
c  seconds    switched      rate            size/glue tier1     binary         remaining
c          MB   reductions     conflicts          size  tier2       irredundant
c           level     restarts        redundant     glue    trail         variables
c
c - 206.60 43 15 52 245 62950 2 2549594 110710 1.6 15 9 7 11 47% 34959 11001 2538 123%
c u 207.96 45 15 52 245 64112 2 2560174 118497 1.6 15 10 7 11 47% 34959 11001 2538 123%
c v 208.43 45 15 52 245 64112 2 2560174 116641 1.6 15 10 7 11 47% 34959 11001 2538 123%
c w 208.60 45 15 52 245 64112 2 2560174 115338 1.6 15 10 7 11 47% 34959 11001 2538 123%
c - 209.07 43 15 52 246 64694 2 2565247 107675 1.6 15 10 7 11 47% 34959 11001 2538 123%
c - 210.26 43 16 52 247 65902 2 2580934 107735 1.6 16 10 7 11 47% 34959 11001 2538 123%
c - 211.51 43 16 52 248 67107 3 2596650 107229 1.6 16 10 7 11 47% 34959 11001 2538 123%
c - 212.71 43 16 52 249 67956 3 2612399 107596 1.6 16 10 7 11 47% 34959 11001 2538 123%
c - 213.90 43 17 52 250 68935 3 2628178 108903 1.6 16 10 7 11 47% 34959 11001 2538 123%
c - 215.06 43 17 52 251 69921 3 2643989 111345 1.6 16 10 7 11 47% 34959 11001 2538 123%
c - 216.32 43 17 52 252 71106 3 2659832 113614 1.6 16 10 7 11 47% 34959 11001 2538 123%
c } 217.43 43 17 53 252 72185 3 2674085 126891 1.6 16 10 7 11 47% 34959 11001 2538 123%
c [ 217.43 43 20 53 252 72185 1 2674085 126891 1.9 24 13 7 15 49% 34959 11001 2538 123%
c W 218.18 33 20 53 252 72185 1 2674085 126891 1.9 24 13 7 15 49% 34959 11001 2538 123%
c - 218.31 33 20 53 253 72186 1 2675706 115627 1.9 24 13 7 15 49% 34959 11001 2538 123%
c - 219.49 35 19 53 254 72196 1 2691613 116184 1.9 23 12 7 15 49% 34959 11001 2538 123%
c - 220.92 35 19 53 255 72200 1 2707550 116771 1.9 23 12 7 15 48% 34959 11001 2538 123%
c u 222.24 35 19 53 255 72206 1 2717130 120390 1.9 23 12 7 15 48% 34959 11001 2538 123%
c v 222.77 35 19 53 255 72206 1 2717130 110033 1.9 23 12 7 15 48% 34959 11001 2538 123%
c w 222.96 35 19 53 255 72206 1 2717130 101757 1.9 23 12 7 15 48% 34959 11001 2538 123%
c
c  seconds    switched      rate           size/glue  tier1     binary         remaining
c          MB   reductions     conflicts         size   tier2       irredundant
c           level     restarts        redundant     glue    trail         variables
c
c - 223.79 35 19 53 256 72210 1 2723518 99443 1.9 23 12 7 15 48% 34959 11001 2538 123%
c - 225.09 35 19 53 257 72214 1 2739518 108832 1.9 23 12 7 15 48% 34959 11001 2538 123%
c - 226.43 35 19 53 258 72215 1 2755549 112133 1.9 23 12 7 15 48% 34959 11001 2538 123%
c - 227.78 35 19 53 259 72225 1 2771611 112099 1.9 23 12 7 15 48% 34959 11001 2538 123%
c - 229.21 35 19 53 260 72230 1 2787705 110051 1.9 22 12 7 15 48% 34959 11001 2538 123%
c - 230.61 35 19 53 261 72240 1 2803830 108222 1.9 22 12 7 15 48% 34959 11001 2538 123%
c I 230.99 35 19 53 261 72243 1 2808324 112495 1.9 23 12 7 15 48% 34959 11001 2538 123%
c o 230.99 35 19 53 261 72243 1 2808324 112495 1.9 23 12 7 15 48% 34959 11001 2538 123%
c ] 231.66 35 26 54 261 72245 1 2817142 121115 1.8 24 14 7 15 48% 34959 11001 2538 123%
c { 231.66 35 17 54 261 72245 3 2817142 121115 1.6 16 10 7 11 47% 34959 11001 2538 123%
c - 232.16 35 19 54 262 72845 3 2819986 103100 1.6 17 10 7 11 47% 34959 11001 2538 123%
c - 234.75 35 24 54 263 76245 4 2836174 97018 1.7 19 11 7 11 47% 34959 11001 2538 123%
c - 237.44 35 28 54 264 79671 5 2852391 93448 1.7 21 12 7 12 47% 34959 11001 2538 123%
c - 240.31 35 32 54 265 83073 6 2868640 90926 1.7 22 13 7 12 47% 34959 11001 2538 123%
c u 242.52 35 34 54 265 85189 7 2879212 99983 1.8 23 13 7 12 47% 34959 11001 2538 123%
c v 242.95 35 34 54 265 85189 7 2879212 99529 1.8 23 13 7 12 47% 34959 11001 2538 123%
c w 243.13 35 34 54 265 85189 7 2879212 99507 1.8 23 13 7 12 47% 34959 11001 2538 123%
c - 244.26 35 35 54 266 86371 7 2884918 86234 1.8 24 13 7 12 47% 34959 11001 2538 123%
c - 246.75 35 38 54 267 89316 8 2901227 85350 1.8 25 14 7 12 47% 34959 11001 2538 123%
c - 249.17 35 40 54 268 91865 8 2917567 85986 1.8 26 14 7 12 47% 34959 11001 2538 123%
c
c  seconds    switched      rate           size/glue  tier1     binary         remaining
c          MB   reductions     conflicts         size   tier2       irredundant
c           level     restarts        redundant     glue    trail         variables
c
c - 251.49 35 41 54 269 93928 8 2933937 87023 1.8 27 15 7 12 47% 34959 11001 2538 123%
c - 253.61 35 42 54 270 95699 8 2950338 88027 1.9 28 15 7 12 47% 34959 11001 2538 123%
c - 255.67 35 43 54 271 97428 8 2966770 88875 1.9 29 15 7 12 47% 34959 11001 2538 123%
c } 256.73 35 44 55 271 98207 7 2975537 97533 1.9 29 15 7 12 47% 34959 11001 2538 123%
c [ 256.73 35 26 55 271 98207 1 2975537 97533 1.8 24 14 7 15 48% 34959 11001 2538 123%
c B 256.73 35 26 55 271 98207 1 2975537 97533 1.8 24 14 7 15 48% 34959 11001 2538 123%
c - 257.32 35 26 55 272 98212 1 2983232 90002 1.8 24 14 7 15 48% 34959 11001 2538 123%
c - 258.57 35 25 55 273 98220 1 2999724 93831 1.8 24 14 7 15 48% 34959 11001 2538 123%
c - 259.95 35 24 55 274 98227 1 3016248 96367 1.7 24 14 7 15 49% 34959 11001 2538 123%
c - 261.45 35 24 55 275 98235 1 3032800 96033 1.7 24 14 7 15 49% 34959 11001 2538 123%
c u 263.40 35 24 55 275 98237 1 3046475 106603 1.7 24 14 7 15 50% 34959 11001 2538 123%
c v 264.12 35 24 55 275 98237 1 3046475 105611 1.7 24 14 7 15 50% 34959 11001 2538 123%
c w 264.40 37 24 55 275 98237 1 3046475 104180 1.7 24 14 7 15 50% 34959 11001 2538 123%
c o 264.43 37 24 55 275 98237 1 3046475 104180 1.7 24 14 7 15 50% 34959 11001 2538 123%
c - 264.66 37 26 55 276 98237 1 3049384 90158 1.7 25 14 7 15 50% 34959 11001 2538 123%
c - 265.95 37 31 55 277 98244 1 3065997 86483 1.7 25 15 7 15 49% 34959 11001 2538 123%
c - 267.36 37 30 55 278 98252 1 3082640 85400 1.7 25 15 7 15 50% 34959 11001 2538 123%
c - 268.83 37 29 55 279 98259 1 3099314 87344 1.7 25 15 7 15 49% 34959 11001 2538 123%
c - 270.27 37 29 55 280 98267 1 3116019 85668 1.7 26 15 7 15 50% 34959 11001 2538 123%
c W 271.99 37 28 55 280 98268 1 3123726 93077 1.7 26 15 7 15 50% 34959 11001 2538 123%
c
c  seconds    switched      rate           size/glue  tier1     binary         remaining
c          MB   reductions     conflicts         size   tier2       irredundant
c           level     restarts        redundant     glue    trail         variables
c
c - 272.69 37 29 55 281 98268 1 3132752 82402 1.7 27 15 7 15 50% 34959 11001 2538 123%
c - 274.04 37 30 55 282 98269 1 3149515 79982 1.7 27 16 7 15 50% 34959 11001 2538 123%
c - 275.52 37 30 55 283 98269 1 3166307 77722 1.7 28 16 7 15 49% 34959 11001 2538 123%
c - 276.97 37 32 55 284 98276 1 3183129 75805 1.7 29 17 7 15 49% 34959 11001 2538 123%
c - 278.42 37 31 55 285 98284 1 3199981 75927 1.8 29 17 7 15 49% 34959 11001 2538 123%
c - 279.76 37 30 55 286 98291 1 3216862 77704 1.8 29 16 7 15 50% 34959 11001 2538 123%
c u 280.41 37 29 55 286 98293 1 3218941 75778 1.8 29 16 7 15 50% 34959 11001 2538 123%
c v 280.97 37 29 55 286 98293 1 3218941 75495 1.8 29 16 7 15 50% 34959 11001 2538 123%
c w 281.16 37 29 55 286 98293 1 3218941 75113 1.8 29 16 7 15 50% 34959 11001 2538 123%
c - 282.34 37 28 55 287 98299 1 3233773 76895 1.8 28 16 7 15 50% 34959 11001 2538 123%
c - 283.75 37 27 55 288 98300 1 3250715 79124 1.8 28 16 7 15 50% 34959 11001 2538 123%
c ] 284.07 37 27 56 288 98301 1 3254365 82501 1.8 28 16 7 15 50% 34959 11001 2538 123%
c { 284.07 37 44 56 288 98301 7 3254365 82501 1.9 29 15 7 12 47% 34959 11001 2538 123%
c - 284.95 37 41 56 289 98313 7 3267686 81509 1.9 28 15 7 12 47% 34959 11001 2538 123%
c - 286.18 37 36 56 290 98313 6 3284686 84390 1.9 26 14 7 12 47% 34959 11001 2538 123%
c o 286.91 37 34 56 290 98321 5 3295148 93873 1.9 25 14 7 12 47% 34959 11001 2538 123%
c - 287.33 37 33 56 291 98332 5 3301715 84825 1.9 25 13 7 12 47% 34959 11001 2538 123%
c - 288.47 37 30 56 292 98332 5 3318773 86413 1.9 24 13 7 12 47% 34959 11001 2538 123%
c - 289.62 37 28 56 293 98382 4 3335861 87763 1.9 23 12 7 12 47% 34959 11001 2538 123%
c - 290.81 37 26 56 294 98475 4 3352978 89085 1.8 22 12 7 12 47% 34959 11001 2538 123%
c
c  seconds    switched      rate           size/glue  tier1     binary         remaining
c          MB   reductions     conflicts         size   tier2       irredundant
c           level     restarts        redundant     glue    trail         variables
c
c - 291.95 37 25 56 295 98540 3 3370124 90848 1.8 22 12 7 12 48% 34959 11001 2538 123%
c - 293.12 37 24 56 296 98674 3 3387302 92248 1.8 21 12 7 12 47% 34959 11001 2538 123%
c u 294.19 37 23 56 296 98714 3 3396639 97579 1.8 21 12 7 12 47% 34959 11001 2538 123%
c v 294.67 37 23 56 296 98714 3 3396639 94019 1.8 21 12 7 12 47% 34959 11001 2538 123%
c w 294.83 37 23 56 296 98714 3 3396639 92658 1.8 21 12 7 12 47% 34959 11001 2538 123%
c - 295.36 37 22 56 297 98732 3 3404507 88038 1.8 21 11 7 12 47% 34959 11001 2538 123%
c - 296.50 37 21 56 298 98927 3 3421741 90256 1.8 20 11 7 12 47% 34959 11001 2538 123%
c } 296.64 37 21 57 298 98973 3 3423708 92108 1.8 20 11 7 12 47% 34959 11001 2538 123%
c [ 296.64 37 27 57 298 98973 1 3423708 92108 1.8 28 16 7 15 50% 34959 11001 2538 123%
c O 296.64 37 27 57 298 98973 1 3423708 92108 1.8 28 16 7 15 50% 34959 11001 2538 123%
c - 297.69 37 26 57 299 98982 1 3439004 92556 1.8 27 15 7 15 50% 34959 11001 2538 123%
c - 298.95 37 25 57 300 98987 1 3456297 90030 1.8 26 15 7 15 50% 34959 11001 2538 123%
c - 300.28 37 24 57 301 98998 1 3473618 88100 1.7 26 15 7 15 50% 34959 11001 2538 123%
c - 301.75 37 24 57 302 99003 1 3490967 89158 1.7 26 15 7 15 50% 34959 11001 2538 123%
c - 303.23 37 23 57 303 99006 1 3508345 91328 1.8 25 14 7 15 49% 34959 11001 2538 123%
c - 304.62 37 23 57 304 99016 1 3525751 91361 1.8 25 14 6 15 49% 34959 11001 2538 123%
c - 306.09 37 23 57 305 99022 1 3543186 90468 1.8 25 14 6 15 49% 34959 11001 2538 123%
c - 307.51 37 23 57 306 99032 1 3560650 91175 1.8 25 14 6 15 49% 34959 11001 2538 123%
c ] 308.20 37 23 58 306 99033 1 3568712 98580 1.8 25 14 6 15 49% 34959 11001 2538 123%
c { 308.20 37 21 58 306 99033 3 3568712 98580 1.8 20 11 7 12 47% 34959 11001 2538 123%
c
c  seconds    switched      rate           size/glue  tier1     binary         remaining
c          MB   reductions     conflicts         size   tier2       irredundant
c           level     restarts        redundant     glue    trail         variables
c
c o 308.22 37 21 58 306 99047 3 3568791 98657 1.8 20 11 7 12 47% 34959 11001 2538 123%
c - 308.88 37 21 58 307 99158 3 3578142 92439 1.8 20 11 7 12 47% 34959 11001 2538 123%
c u 309.54 37 21 58 307 99158 3 3579591 91465 1.8 20 11 7 12 47% 34959 11001 2538 123%
c v 310.09 37 21 58 307 99158 3 3579591 90776 1.8 20 11 7 12 47% 34959 11001 2538 123%
c w 310.29 37 21 58 307 99158 3 3579591 89910 1.8 20 11 7 12 47% 34959 11001 2538 123%
c - 311.45 37 20 58 308 99371 2 3595666 93498 1.8 20 11 7 12 47% 34959 11001 2538 123%
c - 312.76 37 20 58 309 99731 2 3613216 97042 1.8 19 11 7 12 47% 34959 11001 2538 123%
c - 313.97 37 20 58 310 100006 2 3630794 98874 1.8 19 11 7 12 47% 34959 11001 2538 123%
c - 315.22 37 19 58 311 100286 2 3648400 100870 1.8 19 11 7 12 47% 34959 11001 2538 123%
c - 316.50 37 18 58 312 100392 2 3666038 102116 1.8 19 10 7 12 47% 34959 11001 2538 123%
c - 317.70 37 18 58 313 100598 2 3683701 103962 1.7 18 10 7 12 47% 34959 11001 2538 123%
c - 319.05 37 18 58 314 101177 2 3701392 107199 1.7 18 10 7 12 47% 34959 11001 2538 123%
c - 320.38 37 18 58 315 101683 2 3719116 109158 1.7 18 10 7 12 47% 34959 11001 2538 123%
c - 321.64 37 18 58 316 102028 2 3736864 111204 1.7 18 10 7 12 47% 34959 11001 2538 123%
c } 322.51 37 18 59 316 102284 2 3749343 122501 1.7 18 10 7 12 47% 34959 11001 2538 123%
c [ 322.51 37 23 59 316 102284 1 3749343 122501 1.8 25 14 6 15 49% 34959 11001 2538 123%
c B 322.51 37 23 59 316 102284 1 3749343 122501 1.8 25 14 6 15 49% 34959 11001 2538 123%
c - 322.92 37 23 59 317 102288 1 3754640 112586 1.8 25 14 6 15 49% 34959 11001 2538 123%
c u 324.47 37 22 59 317 102296 1 3767825 124067 1.8 25 14 6 15 49% 34959 11001 2538 123%
c v 324.99 37 22 59 317 102296 1 3767825 123082 1.8 25 14 6 15 49% 34959 11001 2538 123%
c
c  seconds    switched       rate            size/glue  tier1     binary         remaining
c          MB   reductions      conflicts          size   tier2       irredundant
c           level      restarts        redundant      glue    trail         variables
c
c w 325.19 37 22 59 317 102296 1 3767825 119290 1.8 25 14 6 15 49% 34959 11001 2538 123%
c - 325.56 37 22 59 318 102297 1 3772444 109521 1.8 25 14 6 15 49% 34959 11001 2538 123%
c - 327.02 37 21 59 319 102304 1 3790277 113849 1.8 24 14 6 15 49% 34959 11001 2538 123%
c - 328.55 37 21 59 320 102313 1 3808137 116788 1.8 24 13 6 15 49% 34959 11001 2538 123%
c - 330.03 37 21 59 321 102314 1 3826025 115544 1.8 24 13 6 15 49% 34959 11001 2538 123%
c - 331.72 37 21 59 322 102322 1 3843941 114153 1.8 24 13 6 15 50% 34959 11001 2538 123%
c - 333.43 37 21 59 323 102329 1 3861886 112253 1.8 24 13 6 15 50% 34959 11001 2538 123%
c - 335.17 37 20 59 324 102339 1 3879859 111800 1.8 24 13 6 15 50% 34959 11001 2538 123%
c - 336.81 37 20 59 325 102345 1 3897859 111185 1.8 24 13 6 15 50% 34959 11001 2538 123%
c ] 336.86 37 20 60 325 102345 1 3898377 111686 1.8 24 13 6 15 50% 34959 11001 2538 123%
c { 336.86 37 18 60 325 102345 2 3898377 111686 1.7 18 10 7 12 47% 34959 11001 2538 123%
c o 336.86 37 18 60 325 102352 2 3898416 111725 1.7 18 10 7 12 47% 34959 11001 2538 123%
c - 338.19 37 17 60 326 102653 2 3915888 110994 1.7 17 10 7 12 47% 34959 11001 2538 123%
c - 339.60 37 18 60 327 103354 2 3933944 112395 1.7 18 10 7 12 47% 34959 11001 2538 123%
c - 340.92 37 18 60 328 103990 2 3952028 113063 1.7 17 10 7 12 47% 34959 11001 2538 123%
c u 342.25 37 18 60 328 104428 2 3961365 119195 1.7 17 10 7 12 47% 34959 11001 2538 123%
c v 342.85 37 18 60 328 104428 2 3961365 117184 1.7 17 10 7 12 47% 34959 11001 2538 123%
c w 343.08 37 18 60 328 104428 2 3961365 116924 1.7 17 10 7 12 47% 34959 11001 2538 123%
c - 343.80 37 18 60 329 104797 2 3970138 109657 1.7 17 10 7 12 47% 34959 11001 2538 123%
c - 345.18 37 18 60 330 105455 2 3988277 112523 1.7 17 10 7 12 47% 34959 11001 2538 123%
c
c  seconds    switched       rate            size/glue  tier1     binary         remaining
c          MB   reductions      conflicts          size   tier2       irredundant
c           level      restarts        redundant      glue    trail         variables
c
c - 346.54 37 18 60 331 106095 2 4006444 115939 1.7 17 10 7 12 47% 34959 11001 2538 123%
c - 347.92 39 18 60 332 106727 2 4024637 95878 1.7 17 10 6 12 47% 34959 11001 2538 123%
c - 349.28 39 18 60 333 107607 2 4042858 91174 1.7 17 10 6 12 47% 34959 11001 2538 123%
c - 350.57 39 18 60 334 108238 2 4061106 90424 1.7 17 10 6 12 47% 34959 11001 2538 123%
c - 351.88 39 18 60 335 108821 2 4079384 91498 1.7 17 10 6 12 47% 34959 11001 2538 123%
c } 352.72 39 18 61 335 109362 2 4090629 101826 1.7 17 10 6 12 47% 34959 11001 2538 123%
c [ 352.72 39 20 61 335 109362 1 4090629 101826 1.8 24 13 6 15 50% 34959 11001 2538 123%
c W 354.13 39 20 61 335 109362 1 4090629 101826 1.8 24 13 6 15 50% 34959 11001 2538 123%
c - 354.61 39 21 61 336 109367 1 4097689 90809 1.8 24 13 6 15 50% 34959 11001 2538 123%
c - 355.91 39 20 61 337 109376 1 4116021 90479 1.8 23 13 6 15 50% 34959 11001 2538 123%
c - 357.36 39 20 61 338 109383 1 4134378 89429 1.8 23 13 6 15 50% 34959 11001 2538 123%
c - 358.84 39 21 61 339 109391 1 4152763 84528 1.7 24 13 6 15 51% 34959 11001 2538 123%
c u 360.00 39 21 61 339 109392 1 4160238 89730 1.7 24 14 6 15 51% 34959 11001 2538 123%
c v 360.61 39 21 61 339 109392 1 4160238 88811 1.7 24 14 6 15 51% 34959 11001 2538 123%
c w 360.85 39 21 61 339 109392 1 4160238 86583 1.7 24 14 6 15 51% 34959 11001 2538 123%
c - 361.77 39 21 61 340 109392 1 4171176 78474 1.8 24 14 6 15 51% 34959 11001 2538 123%
c - 363.43 39 21 61 341 109403 1 4189616 80791 1.8 25 14 6 15 51% 34959 11001 2538 123%
c - 365.18 39 21 61 342 109410 1 4208082 83730 1.8 25 14 6 15 51% 34959 11001 2538 123%
c - 366.64 39 22 61 343 109421 1 4226575 81569 1.8 25 14 6 15 51% 34959 11001 2538 123%
c - 368.14 39 22 61 344 109423 1 4245096 79176 1.8 25 14 6 15 51% 34959 11001 2538 123%
c
c  seconds    switched       rate           size/glue  tier1     binary         remaining
c          MB   reductions      conflicts         size   tier2       irredundant
c           level      restarts        redundant     glue    trail         variables
c
c - 369.66 39 23 61 345 109424 1 4263644 79321 1.8 26 14 6 15 51% 34959 11001 2538 123%
c ] 369.77 39 23 62 345 109424 1 4265160 80812 1.8 26 14 6 15 51% 34959 11001 2538 123%
c { 369.77 39 18 62 345 109424 2 4265160 80812 1.7 17 10 6 12 47% 34959 11001 2538 123%
c o 369.77 39 18 62 345 109428 2 4265199 80850 1.7 17 10 6 12 47% 34959 11001 2538 123%
c - 370.96 39 18 62 346 109894 2 4282220 81140 1.7 17 10 6 12 47% 34959 11001 2538 123%
c - 372.25 39 18 62 347 110468 2 4300821 83922 1.7 17 10 6 12 47% 34959 11001 2538 123%
c - 373.60 39 18 62 348 111214 2 4319448 85536 1.7 17 10 6 12 47% 34959 11001 2538 123%
c - 374.99 39 18 62 349 112115 2 4338104 86788 1.7 17 10 6 12 47% 34959 11001 2538 123%
c - 376.34 39 18 62 350 112659 2 4356785 87650 1.7 17 10 6 12 47% 34959 11001 2538 123%
c u 377.45 39 18 62 350 112855 2 4364467 91912 1.7 17 10 6 12 47% 34959 11001 2538 123%
c v 378.05 39 18 62 350 112855 2 4364467 88779 1.7 17 10 6 12 47% 34959 11001 2538 123%
c w 378.26 39 18 62 350 112855 2 4364467 88532 1.7 17 10 6 12 47% 34959 11001 2538 123%
c - 379.11 39 18 62 351 113218 2 4375496 83861 1.7 17 10 6 12 47% 34959 11001 2538 123%
c - 380.45 39 18 62 352 113998 2 4394230 86474 1.7 17 10 6 12 47% 34959 11001 2538 123%
c - 381.83 39 18 62 353 114840 2 4412991 87848 1.7 17 10 6 12 47% 34959 11001 2538 123%
c - 383.18 39 18 62 354 115372 2 4431779 88893 1.7 17 10 6 12 47% 34959 11001 2538 123%
c - 384.63 39 18 62 355 116201 2 4450593 89707 1.7 17 10 6 12 47% 34959 11001 2538 123%
c } 386.03 39 18 63 355 116829 2 4469369 106915 1.7 17 10 6 12 47% 34959 11001 2538 123%
c [ 386.03 39 23 63 355 116829 1 4469369 106915 1.8 26 14 6 15 51% 34959 11001 2538 123%
c I 386.03 39 23 63 355 116829 1 4469369 106915 1.8 26 14 6 15 51% 34959 11001 2538 123%
c
c  seconds    switched       rate           size/glue  tier1     binary         remaining
c          MB   reductions      conflicts         size   tier2       irredundant
c           level      restarts        redundant     glue    trail         variables
c
c - 386.05 39 23 63 356 116829 1 4469436 90561 1.8 26 14 6 15 51% 34959 11001 2538 123%
c - 387.39 39 25 63 357 116841 1 4488303 85644 1.9 27 15 6 15 50% 34959 11001 2538 123%
c - 389.03 39 27 63 358 116847 1 4507197 77675 1.8 29 15 6 15 50% 34959 11001 2538 123%
c - 390.67 39 28 63 359 116857 1 4526117 74915 1.8 29 16 6 15 50% 34959 11001 2538 123%
c - 392.17 39 30 63 360 116859 1 4545064 75439 1.8 30 16 6 15 49% 34959 11001 2538 123%
c - 393.79 39 30 63 361 116867 1 4564038 75663 1.8 30 16 6 15 49% 34959 11001 2538 123%
c u 395.17 39 30 63 361 116873 1 4574079 83312 1.8 30 17 6 15 49% 34959 11001 2538 123%
c v 395.76 39 30 63 361 116873 1 4574079 83040 1.8 30 17 6 15 49% 34959 11001 2538 123%
c w 395.99 39 30 63 361 116873 1 4574079 83019 1.8 30 17 6 15 49% 34959 11001 2538 123%
c o 398.32 39 30 63 361 116873 1 4574079 83019 1.8 30 17 6 15 49% 34959 11001 2538 123%
c - 399.04 39 37 63 362 116874 1 4583041 71697 1.7 32 19 6 16 48% 34959 11001 2538 123%
c - 400.53 39 37 63 363 116886 1 4602067 72126 1.7 32 19 6 16 48% 34959 11001 2538 123%
c - 402.00 39 34 63 364 116890 1 4621120 78461 1.7 30 18 6 16 48% 34959 11001 2538 123%
c - 403.76 39 33 63 365 116891 1 4640198 81625 1.7 30 17 6 16 48% 34959 11001 2538 123%
c ] 404.79 39 32 64 365 116891 1 4651853 92772 1.8 30 17 6 16 48% 34959 11001 2538 123%
c { 404.79 39 18 64 365 116891 2 4651853 92772 1.7 17 10 6 12 47% 34959 11001 2538 123%
c - 405.37 39 18 64 366 117181 2 4659302 81425 1.7 17 10 6 12 47% 34959 11001 2538 123%
c - 406.71 39 18 64 367 117665 2 4678433 85164 1.7 17 10 6 12 47% 34959 11001 2538 123%
c - 408.10 39 18 64 368 118302 2 4697590 88299 1.7 17 10 6 12 47% 34959 11001 2538 123%
c - 409.58 39 18 64 369 119219 2 4716775 90312 1.7 17 10 6 12 47% 34959 11001 2538 123%
c
c  seconds    switched       rate           size/glue  tier1     binary         remaining
c          MB   reductions      conflicts         size   tier2       irredundant
c           level      restarts        redundant     glue    trail         variables
c
c - 411.01 39 18 64 370 119850 2 4735984 91966 1.7 17 10 6 12 47% 34959 11001 2538 123%
c - 412.49 39 18 64 371 120419 2 4755219 92577 1.7 17 10 6 12 47% 34959 11001 2538 123%
c - 413.98 39 18 64 372 121185 2 4774481 93882 1.7 17 10 6 12 47% 34959 11001 2538 123%
c u 415.45 39 18 64 372 121578 2 4789100 105652 1.7 17 10 6 12 47% 34959 11001 2538 123%
c v 415.89 39 18 64 372 121578 2 4789100 103451 1.7 17 10 6 12 47% 34959 11001 2538 123%
c w 416.04 39 18 64 372 121578 2 4789100 103151 1.7 17 10 6 12 47% 34959 11001 2538 123%
c - 416.57 39 18 64 373 121716 2 4793769 92931 1.7 17 10 6 12 47% 34959 11001 2538 123%
c - 418.01 39 18 64 374 122408 2 4813082 94297 1.7 17 10 6 12 47% 34959 11001 2538 123%
c - 419.47 39 18 64 375 122978 2 4832421 95554 1.7 17 10 6 12 47% 34959 11001 2538 123%
c - 420.96 39 18 64 376 123801 2 4851786 96219 1.7 17 10 6 12 47% 34959 11001 2538 123%
c o 421.89 39 18 64 376 124201 2 4864183 107657 1.7 17 10 6 12 47% 34959 11001 2538 123%
c } 422.23 39 18 65 376 124507 2 4868351 111526 1.7 17 10 6 12 47% 34959 11001 2538 123%
c [ 422.23 39 32 65 376 124507 1 4868351 111526 1.8 30 17 6 16 48% 34959 11001 2538 123%
c B 422.23 39 32 65 376 124507 1 4868351 111526 1.8 30 17 6 16 48% 34959 11001 2538 123%
c - 422.45 39 32 65 377 124509 1 4871178 95660 1.8 30 17 6 16 49% 34959 11001 2538 123%
c - 423.83 39 32 65 378 124520 1 4890595 90695 1.7 30 17 6 16 49% 34959 11001 2538 123%
c - 425.42 39 31 65 379 124528 1 4910038 86747 1.7 29 17 6 16 49% 34959 11001 2538 123%
c - 427.11 39 30 65 380 124536 1 4929507 86923 1.7 29 17 6 16 49% 34959 11001 2538 123%
c - 428.84 39 29 65 381 124537 1 4949001 87063 1.7 29 16 6 16 49% 34959 11001 2538 123%
c - 430.61 39 28 65 382 124549 1 4968521 87330 1.8 28 16 6 16 49% 34959 11001 2538 123%
c
c  seconds    switched       rate           size/glue  tier1     binary         remaining
c          MB   reductions      conflicts         size   tier2       irredundant
c           level      restarts        redundant     glue    trail         variables
c
c - 432.49 39 28 65 383 124556 1 4988065 87222 1.8 28 16 6 16 49% 34959 11001 2538 123%
c - 434.36 39 28 65 384 124566 1 5007636 85659 1.8 28 16 6 16 49% 34959 11001 2538 123%
c u 435.17 39 28 65 384 124567 1 5009532 85536 1.8 28 16 6 16 49% 34959 11001 2538 123%
c v 435.89 39 28 65 384 124567 1 5009532 85360 1.8 28 16 6 16 49% 34959 11001 2538 123%
c w 436.13 39 28 65 384 124567 1 5009532 84761 1.8 28 16 6 16 49% 34959 11001 2538 123%
c - 437.74 39 27 65 385 124568 1 5027231 83091 1.8 28 16 6 16 48% 34959 11001 2538 123%
c - 439.47 39 26 65 386 124569 1 5046852 85948 1.8 28 15 6 16 48% 34959 11001 2538 123%
c ] 440.16 39 26 66 386 124569 1 5054655 93383 1.8 28 15 6 16 48% 34959 11001 2538 123%
c { 440.16 39 18 66 386 124569 2 5054655 93383 1.7 17 10 6 12 47% 34959 11001 2538 123%
c - 441.03 39 17 66 387 124595 2 5066498 88250 1.7 17 10 6 12 47% 34959 11001 2538 123%
c - 442.41 39 16 66 388 124611 2 5086170 90520 1.7 17 10 6 12 47% 34959 11001 2538 123%
c - 443.81 39 15 66 389 124618 2 5105867 91372 1.7 16 10 6 11 47% 34959 11001 2538 123%
c - 445.27 39 14 66 390 124630 2 5125591 91519 1.7 16 9 6 11 47% 34959 11001 2538 123%
c - 446.68 39 14 66 391 124680 2 5145339 93760 1.7 16 9 6 11 47% 34959 11001 2538 123%
c - 448.09 39 13 66 392 124821 2 5165112 95489 1.7 15 9 6 11 47% 34959 11001 2538 123%
c o 448.16 39 13 66 392 124825 2 5166234 96365 1.7 15 9 6 11 47% 34959 11001 2538 123%
c - 449.57 39 13 66 393 124905 1 5184910 96515 1.7 15 9 6 11 47% 34959 11001 2538 123%
c - 451.04 39 12 66 394 125055 1 5204734 97401 1.7 15 9 6 11 47% 34959 11001 2538 123%
c - 452.47 39 12 66 395 125220 1 5224583 98598 1.6 15 9 6 11 47% 34959 11001 2538 123%
c u 453.88 39 12 66 395 125266 1 5235423 104229 1.6 15 9 6 11 47% 34959 11001 2538 123%
c
c  seconds    switched       rate           size/glue tier1     binary         remaining
c          MB   reductions      conflicts         size  tier2       irredundant
c           level      restarts        redundant    glue    trail         variables
c
c v 454.53 39 12 66 395 125266 1 5235423 98796 1.6 15 9 6 11 47% 34959 11001 2538 123%
c w 454.75 39 12 66 395 125266 1 5235423 98483 1.6 15 9 6 11 47% 34959 11001 2538 123%
c - 455.45 39 12 66 396 125394 1 5244458 94234 1.6 14 9 6 11 47% 34959 11001 2538 123%
c - 456.93 39 12 66 397 125763 1 5264357 97926 1.6 14 9 6 11 47% 34959 11001 2538 123%
c } 458.37 39 11 67 397 126130 1 5283771 113690 1.6 14 9 6 11 47% 34959 11001 2538 123%
c [ 458.37 39 26 67 397 126130 1 5283771 113690 1.8 28 15 6 16 48% 34959 11001 2538 123%
c W 460.38 39 26 67 397 126130 1 5283771 113690 1.8 28 15 6 16 48% 34959 11001 2538 123%
c - 460.44 39 26 67 398 126130 1 5284282 99680 1.8 28 15 6 16 48% 34959 11001 2538 123%
c - 462.01 39 26 67 399 126142 1 5304234 97993 1.9 29 15 6 16 49% 34959 11001 2538 123%
c - 463.71 39 26 67 400 126150 1 5324208 95126 1.9 29 15 6 16 50% 34959 11001 2538 123%
c - 465.57 39 25 67 401 126159 1 5344208 95670 1.9 29 15 6 16 50% 34959 11001 2538 123%
c - 467.25 39 27 67 402 126160 1 5364232 94493 1.9 30 16 6 16 50% 34959 11001 2538 123%
c - 469.03 39 27 67 403 126173 1 5384281 92027 1.9 30 16 6 16 51% 34959 11001 2538 123%
c - 470.90 39 26 67 404 126180 1 5404355 93441 1.9 29 15 6 16 51% 34959 11001 2538 123%
c - 472.73 39 25 67 405 126190 1 5424454 95504 1.9 28 15 6 16 51% 34959 11001 2538 123%
c - 474.49 39 26 67 406 126191 1 5444578 95484 1.9 28 15 6 16 51% 34959 11001 2538 123%
c - 476.33 39 25 67 407 126192 1 5464730 95448 1.9 28 15 6 16 51% 34959 11001 2538 123%
c u 477.20 39 25 67 407 126192 1 5466773 95965 1.9 28 15 6 16 51% 34959 11001 2538 123%
c v 477.98 39 25 67 407 126192 1 5466773 95811 1.9 28 15 6 16 51% 34959 11001 2538 123%
c w 478.26 39 25 67 407 126192 1 5466773 95363 1.9 28 15 6 16 51% 34959 11001 2538 123%
c
c  seconds    switched       rate            size/glue  tier1     binary         remaining
c          MB   reductions      conflicts          size   tier2       irredundant
c           level      restarts        redundant      glue    trail         variables
c
c ] 479.57 39 25 68 407 126194 1 5481548 109436 1.9 28 15 6 16 51% 34959 11001 2538 123%
c { 479.57 39 11 68 407 126194 1 5481548 109436 1.6 14 9 6 11 47% 34959 11001 2538 123%
c o 479.59 39 11 68 407 126212 1 5481659 109541 1.6 14 9 6 11 47% 34959 11001 2538 123%
c - 479.96 39 12 68 408 126769 1 5484904 95578 1.6 14 9 6 11 47% 34959 11001 2538 123%
c - 482.05 39 14 68 409 129573 2 5505103 98027 1.6 15 9 6 11 47% 34959 11001 2538 123%
c - 484.11 39 15 68 410 131945 2 5525328 99960 1.6 15 10 6 11 47% 34959 11001 2538 123%
c - 486.00 39 16 68 411 133556 2 5545576 100957 1.6 16 10 6 11 47% 34959 11001 2538 123%
c - 487.70 39 16 68 412 134646 2 5565849 101586 1.6 16 10 6 11 47% 34959 11001 2538 123%
c - 489.34 39 17 68 413 135698 2 5586148 102126 1.6 16 10 6 11 47% 34959 11001 2538 123%
c - 490.96 39 17 68 414 136737 3 5606470 103500 1.6 16 10 6 11 47% 34959 11001 2538 123%
c - 492.55 39 17 68 415 137494 2 5626817 104872 1.6 16 10 6 11 47% 34959 11001 2538 123%
c - 494.23 39 17 68 416 138461 2 5647188 105926 1.6 16 10 6 11 47% 34959 11001 2538 123%
c - 495.82 39 17 68 417 139106 2 5667584 106581 1.6 16 10 6 11 47% 34959 11001 2538 123%
c - 497.44 39 17 68 418 140104 2 5688005 106753 1.6 16 10 6 11 47% 34959 11001 2538 123%
c u 499.34 39 18 68 418 140739 2 5703608 118078 1.6 17 10 6 11 47% 34959 11001 2538 123%
c v 500.07 39 18 68 418 140739 2 5703608 113824 1.6 17 10 6 11 47% 34959 11001 2538 123%
c w 500.33 39 18 68 418 140739 2 5703608 113366 1.6 17 10 6 11 47% 34959 11001 2538 123%
c - 500.71 39 17 68 419 140768 2 5708451 102079 1.6 16 10 6 11 47% 34959 11001 2538 123%
c } 501.91 39 18 69 419 141430 2 5723607 115928 1.6 17 10 6 11 47% 34959 11001 2538 123%
c [ 501.91 39 25 69 419 141430 1 5723607 115928 1.9 28 15 6 16 51% 34959 11001 2538 123%
c
c  seconds    switched       rate            size/glue  tier1     binary         remaining
c          MB   reductions      conflicts          size   tier2       irredundant
c           level      restarts        redundant      glue    trail         variables
c
c O 501.91 39 25 69 419 141430 1 5723607 115928 1.9 28 15 6 16 51% 34959 11001 2538 123%
c - 502.30 39 24 69 420 141434 1 5728920 103587 1.9 27 14 6 16 51% 34959 11001 2538 123%
c - 503.91 39 23 69 421 141444 1 5749413 104056 1.9 26 14 6 16 51% 34959 11001 2538 123%
c - 505.72 39 23 69 422 141453 1 5769933 101981 1.9 26 14 6 16 51% 34959 11001 2538 123%
c - 507.80 39 22 69 423 141460 1 5790475 100595 1.8 25 14 6 16 51% 34959 11001 2538 123%
c - 509.71 39 22 69 424 141465 1 5811041 100577 1.8 25 14 6 16 51% 34959 11001 2538 123%
c - 511.62 39 22 69 425 141475 1 5831634 97359 1.8 25 14 6 16 51% 34959 11001 2538 123%
c - 513.68 39 21 69 426 141484 1 5852249 96720 1.9 25 14 6 16 51% 34959 11001 2538 123%
c - 515.74 39 21 69 427 141491 1 5872890 96308 1.8 25 13 6 16 51% 34959 11001 2538 123%
c - 517.79 39 21 69 428 141492 1 5893554 93511 1.8 25 14 6 16 51% 34959 11001 2538 123%
c - 519.71 39 21 69 429 141492 1 5914243 92824 1.8 25 14 6 16 50% 34959 11001 2538 123%
c B 521.44 39 20 69 429 141500 1 5932723 110066 1.8 25 13 6 16 51% 34959 11001 2538 123%
c o 521.44 39 20 69 429 141500 1 5932723 110066 1.8 25 13 6 16 51% 34959 11001 2538 123%
c - 521.63 39 23 69 430 141502 1 5934955 94303 1.8 25 14 6 16 51% 34959 11001 2538 123%
c ] 522.25 39 24 70 430 141506 1 5943344 102283 1.7 26 15 6 16 50% 34959 11001 2538 123%
c { 522.25 39 18 70 430 141506 2 5943344 102283 1.6 17 10 6 11 47% 34959 11001 2538 123%
c u 523.43 39 19 70 430 141958 3 5945954 102817 1.6 17 10 6 11 47% 34959 11001 2538 123%
c v 524.29 39 19 70 430 141958 3 5945954 100122 1.6 17 10 6 11 47% 34959 11001 2538 123%
c w 524.62 39 19 70 430 141958 3 5945954 95343 1.6 17 10 6 11 47% 34959 11001 2538 123%
c - 526.25 39 22 70 431 143651 3 5955692 83446 1.7 18 11 6 11 47% 34959 11001 2538 123%
c
c  seconds    switched       rate           size/glue  tier1     binary         remaining
c          MB   reductions      conflicts         size   tier2       irredundant
c           level      restarts        redundant     glue    trail         variables
c
c - 529.76 39 28 70 432 147270 5 5976452 81591 1.7 21 12 6 11 47% 34959 11001 2538 123%
c - 533.29 39 33 70 433 150821 6 5997236 82052 1.8 24 13 6 11 47% 34959 11001 2538 123%
c - 536.94 39 37 70 434 154349 6 6018045 82467 1.8 25 14 6 11 47% 34959 11001 2538 123%
c - 540.18 39 40 70 435 156995 7 6038877 83740 1.8 27 15 6 11 47% 34959 11001 2538 123%
c - 543.26 39 42 70 436 159308 7 6059733 85122 1.8 28 15 6 11 47% 34959 11001 2538 123%
c - 546.05 39 43 70 437 161102 7 6080615 86384 1.9 29 16 6 11 47% 34959 11001 2538 123%
c - 548.85 39 44 70 438 162814 6 6101519 87435 1.9 30 16 6 11 47% 34959 11001 2538 123%
c - 551.59 39 45 70 439 164360 6 6122447 87721 1.9 31 16 6 11 47% 34959 11001 2538 123%
c - 554.32 39 45 70 440 165770 6 6143402 87839 1.9 32 16 6 11 47% 34959 11001 2538 123%
c - 556.96 39 46 70 441 166989 6 6164378 87983 2.0 32 16 6 12 47% 34959 11001 2538 123%
c - 559.67 39 46 70 442 168231 6 6185380 87917 2.0 33 16 6 12 47% 34959 11001 2538 123%
c u 561.93 39 46 70 442 168584 5 6193837 91207 2.0 33 16 6 12 47% 34959 11001 2538 123%
c v 563.32 39 46 70 442 168584 5 6193837 90242 2.0 33 16 6 12 47% 34959 11001 2538 123%
c w 563.82 39 46 70 442 168584 5 6193837 90169 2.0 33 16 6 12 47% 34959 11001 2538 123%
c } 564.53 39 46 71 442 168878 5 6198672 94937 2.0 33 17 6 12 47% 34959 11001 2538 123%
c [ 564.53 39 24 71 442 168878 1 6198672 94937 1.7 26 15 6 16 50% 34959 11001 2538 123%
c W 566.85 39 24 71 442 168878 1 6198672 94937 1.7 26 15 6 16 50% 34959 11001 2538 123%
c - 567.46 39 24 71 443 168883 1 6206405 81502 1.7 26 15 6 16 50% 34959 11001 2538 123%
c - 569.17 39 25 71 444 168892 1 6227452 81143 1.7 26 15 6 16 50% 34959 11001 2538 123%
c - 570.99 39 25 71 445 168903 1 6248523 82361 1.7 26 15 6 16 50% 34959 11001 2538 123%
c
c  seconds    switched       rate           size/glue  tier1     binary         remaining
c          MB   reductions      conflicts         size   tier2       irredundant
c           level      restarts        redundant     glue    trail         variables
c
c - 572.87 39 25 71 446 168908 1 6269619 84931 1.7 27 15 6 16 50% 34959 11001 2538 123%
c - 574.76 39 25 71 447 168915 1 6290738 84434 1.7 27 16 6 16 50% 34959 11001 2538 123%
c - 576.92 39 25 71 448 168923 1 6311880 82677 1.7 27 15 6 16 49% 34959 11001 2538 123%
c - 579.04 39 25 71 449 168936 1 6333046 82326 1.7 27 16 6 16 49% 34959 11001 2538 123%
c - 581.17 39 24 71 450 168939 1 6354237 82456 1.7 27 15 6 16 49% 34959 11001 2538 123%
c - 583.24 39 24 71 451 168940 1 6375452 84317 1.8 27 15 6 16 49% 34959 11001 2538 123%
c - 585.30 39 23 71 452 168942 1 6396688 86358 1.8 26 15 6 16 49% 34959 11001 2538 123%
c - 587.34 39 22 71 453 168954 1 6417949 89172 1.8 25 14 6 16 49% 34959 11001 2538 123%
c I 587.93 39 22 71 453 168955 1 6424238 94914 1.8 25 14 6 16 49% 34959 11001 2538 123%
c o 587.93 39 22 71 453 168955 1 6424238 94914 1.8 25 14 6 16 49% 34959 11001 2538 123%
c - 589.22 39 39 71 454 168962 1 6439232 84700 1.6 29 18 6 16 48% 34959 11001 2538 123%
c u 590.66 39 38 71 454 168968 1 6447255 89884 1.7 30 18 6 16 48% 34959 11001 2538 123%
c v 591.56 39 38 71 454 168968 1 6447255 80928 1.7 30 18 6 16 48% 34959 11001 2538 123%
c w 591.89 39 38 71 454 168968 1 6447255 75642 1.7 30 18 6 16 48% 34959 11001 2538 123%
c - 592.98 39 37 71 455 168970 1 6460541 72463 1.7 30 17 6 16 48% 34959 11001 2538 123%
c - 594.88 39 35 71 456 168975 1 6481872 79104 1.8 30 17 6 16 48% 34959 11001 2538 123%
c - 596.95 39 32 71 457 168986 1 6503228 81939 1.8 29 16 6 16 48% 34959 11001 2538 123%
c - 599.05 39 30 71 458 168996 1 6524606 83952 1.8 28 16 6 16 48% 34959 11001 2538 123%
c - 601.10 39 29 71 459 169002 1 6546006 85521 1.8 28 16 6 16 48% 34959 11001 2538 123%
c - 603.12 39 28 71 460 169003 1 6567433 85052 1.8 29 16 6 16 48% 34959 11001 2538 123%
c
c  seconds    switched       rate           size/glue  tier1     binary         remaining
c          MB   reductions      conflicts         size   tier2       irredundant
c           level      restarts        redundant     glue    trail         variables
c
c - 605.40 39 28 71 461 169003 1 6588881 81993 1.8 29 16 6 16 48% 34959 11001 2538 123%
c ] 606.09 39 28 72 461 169004 1 6595743 88580 1.8 29 16 6 16 48% 34959 11001 2538 123%
c { 606.09 39 46 72 461 169004 5 6595743 88580 2.0 33 17 6 12 47% 34959 11001 2538 123%
c - 607.52 39 43 72 462 169017 5 6610351 83453 2.0 32 16 6 12 47% 34959 11001 2538 123%
c - 609.34 39 38 72 463 169021 4 6631846 88843 2.0 30 15 6 12 47% 34959 11001 2538 123%
c - 611.22 39 35 72 464 169031 4 6653364 91370 1.9 29 15 6 12 47% 34959 11001 2538 123%
c - 612.86 39 31 72 465 169041 3 6674904 93977 1.9 27 14 6 12 47% 34959 11001 2538 123%
c - 614.54 39 28 72 466 169066 3 6696467 96134 1.9 25 14 6 12 47% 34959 11001 2538 123%
c u 616.06 39 27 72 466 169081 3 6706260 100475 1.9 25 13 6 12 47% 34959 11001 2538 123%
c v 616.96 39 27 72 466 169081 3 6706260 93219 1.9 25 13 6 12 47% 34959 11001 2538 123%
c w 617.26 39 27 72 466 169081 3 6706260 90765 1.9 25 13 6 12 47% 34959 11001 2538 123%
c - 618.12 39 26 72 467 169101 3 6718056 89645 1.8 24 13 6 12 47% 34959 11001 2538 123%
c - 619.67 39 24 72 468 169135 2 6739666 93032 1.8 23 12 6 12 47% 34959 11001 2538 123%
c - 621.28 39 23 72 469 169233 2 6761300 94259 1.8 22 12 6 12 47% 34959 11001 2538 123%
c o 621.64 39 22 72 469 169260 2 6766473 99022 1.8 22 12 6 12 47% 34959 11001 2538 123%
c - 622.83 39 21 72 470 169346 2 6782956 94691 1.8 21 12 6 12 47% 34959 11001 2538 123%
c - 624.46 39 20 72 471 169457 2 6804635 95416 1.8 20 12 6 12 47% 34959 11001 2538 123%
c - 626.13 39 20 72 472 169576 2 6826337 96472 1.8 20 11 6 12 47% 34959 11001 2538 123%
c - 627.79 39 19 72 473 169801 2 6848063 97178 1.8 20 11 6 12 47% 34959 11001 2538 123%
c } 629.05 39 19 73 473 169988 2 6864659 112496 1.8 19 11 6 12 47% 34959 11001 2538 123%
c
c  seconds    switched       rate            size/glue  tier1     binary         remaining
c          MB   reductions      conflicts          size   tier2       irredundant
c           level      restarts        redundant      glue    trail         variables
c
c [ 629.05 39 28 73 473 169988 1 6864659 112496 1.8 29 16 6 16 48% 34959 11001 2538 123%
c B 629.05 39 28 73 473 169988 1 6864659 112496 1.8 29 16 6 16 48% 34959 11001 2538 123%
c - 629.47 39 29 73 474 169992 1 6869811 96207 1.8 29 16 6 16 48% 34959 11001 2538 123%
c - 631.33 39 28 73 475 170002 1 6891583 91310 1.8 30 16 6 16 48% 34959 11001 2538 123%
c - 633.26 39 28 73 476 170012 1 6913377 88944 1.9 30 16 6 16 48% 34959 11001 2538 123%
c - 635.27 39 28 73 477 170018 1 6935194 89801 1.9 30 16 6 16 48% 34959 11001 2538 123%
c - 637.42 39 27 73 478 170025 1 6957036 90797 1.9 30 16 6 16 48% 34959 11001 2538 123%
c u 639.31 39 27 73 478 170032 1 6970853 98572 1.9 29 16 6 16 48% 34959 11001 2538 123%
c v 640.18 39 27 73 478 170032 1 6970853 98411 1.9 29 16 6 16 48% 34959 11001 2538 123%
c w 640.51 39 27 73 478 170032 1 6970853 97984 1.9 29 16 6 16 48% 34959 11001 2538 123%
c - 641.26 39 27 73 479 170033 1 6978899 88263 1.9 29 16 6 16 49% 34959 11001 2538 123%
c - 643.36 39 26 73 480 170047 1 7000786 88067 1.9 30 16 6 16 49% 34959 11001 2538 123%
c - 645.40 39 26 73 481 170049 1 7022694 88623 1.9 29 16 6 16 49% 34959 11001 2538 123%
c - 647.43 39 26 73 482 170050 1 7044625 90916 1.9 29 16 6 16 49% 34959 11001 2538 123%
c - 649.60 39 25 73 483 170055 1 7066580 93077 1.9 28 15 6 16 49% 34959 11001 2538 123%
c - 651.65 39 24 73 484 170065 1 7088558 95357 1.9 28 15 6 16 49% 34959 11001 2538 123%
c ] 652.31 39 24 74 484 170067 1 7095819 102108 1.8 27 15 6 16 49% 34959 11001 2538 123%
c { 652.31 39 19 74 484 170067 2 7095819 102108 1.8 19 11 6 12 47% 34959 11001 2538 123%
c - 653.43 39 18 74 485 170264 2 7110558 97125 1.8 19 11 6 12 47% 34959 11001 2538 123%
c o 653.95 39 18 74 485 170305 2 7117506 103221 1.8 19 11 6 12 47% 34959 11001 2538 123%
c
c  seconds    switched       rate            size/glue  tier1     binary         remaining
c          MB   reductions      conflicts          size   tier2       irredundant
c           level      restarts        redundant      glue    trail         variables
c
c - 655.09 39 18 74 486 170632 2 7132581 100237 1.8 19 11 6 12 47% 34959 11001 2538 123%
c - 656.67 39 18 74 487 171009 2 7154627 100793 1.7 18 10 6 12 47% 34959 11001 2538 123%
c - 658.31 39 18 74 488 171622 2 7176695 102011 1.7 18 10 6 12 47% 34959 11001 2538 123%
c - 659.96 39 18 74 489 172118 2 7198786 103632 1.7 18 10 6 12 47% 34959 11001 2538 123%
c - 661.64 39 18 74 490 172731 2 7220899 104906 1.7 18 10 6 12 47% 34959 11001 2538 123%
c u 663.99 39 18 74 490 173395 2 7241058 119969 1.7 18 10 6 12 47% 34959 11001 2538 123%
c v 664.84 39 18 74 490 173395 2 7241058 116058 1.7 18 10 6 12 47% 34959 11001 2538 123%
c w 665.14 39 18 74 490 173395 2 7241058 115677 1.7 18 10 6 12 47% 34959 11001 2538 123%
c - 668.65 39 18 74 491 173480 2 7243034 100091 1.7 18 10 6 12 47% 34959 11001 2538 123%
c - 670.40 39 18 74 492 174337 2 7265192 103109 1.7 17 10 6 12 47% 34959 11001 2538 123%
c - 672.16 39 18 74 493 175083 2 7287373 104188 1.7 17 10 6 12 47% 34959 11001 2538 123%
c - 673.92 39 18 74 494 175848 2 7309576 90445 1.7 17 10 5 12 47% 34959 11001 2538 123%
c - 675.63 39 18 74 495 176637 2 7331802 87220 1.7 17 10 5 12 47% 34959 11001 2538 123%
c - 677.28 39 18 74 496 177101 2 7354050 86414 1.7 17 10 5 12 47% 34959 11001 2538 123%
c - 679.00 39 18 74 497 178040 2 7376321 86042 1.7 17 10 5 12 47% 34959 11001 2538 123%
c } 679.18 39 18 75 497 178139 2 7378644 88200 1.7 17 10 5 12 47% 34959 11001 2538 123%
c [ 679.18 39 24 75 497 178139 1 7378644 88200 1.8 27 15 6 16 49% 34959 11001 2538 123%
c W 682.31 39 24 75 497 178139 1 7378644 88200 1.8 27 15 6 16 49% 34959 11001 2538 123%
c - 683.83 39 24 75 498 178151 1 7398614 83912 1.8 27 15 6 16 49% 34959 11001 2538 123%
c - 685.80 39 23 75 499 178160 1 7420929 80301 1.8 26 15 6 16 49% 34959 11001 2538 123%
c
c  seconds    switched       rate           size/glue  tier1     binary         remaining
c          MB   reductions      conflicts         size   tier2       irredundant
c           level      restarts        redundant     glue    trail         variables
c
c - 687.81 39 22 75 500 178168 1 7443269 81291 1.8 26 14 6 16 49% 34959 11001 2538 123%
c - 689.66 39 22 75 501 178173 1 7465631 82528 1.8 25 14 6 16 49% 34959 11001 2538 123%
c - 691.58 39 22 75 502 178184 1 7488015 80295 1.8 25 14 6 16 49% 34959 11001 2538 123%
c - 693.43 39 22 75 503 178195 1 7510420 80680 1.8 25 14 6 16 48% 34959 11001 2538 123%
c u 694.52 39 22 75 503 178198 1 7516876 84426 1.8 25 14 6 16 48% 34959 11001 2538 123%
c v 695.15 39 22 75 503 178198 1 7516876 78992 1.8 25 14 6 16 48% 34959 11001 2538 123%
c w 695.38 39 22 75 503 178198 1 7516876 72290 1.8 25 14 6 16 48% 34959 11001 2538 123%
c o 695.53 39 22 75 503 178198 1 7516876 72290 1.8 25 14 6 16 48% 34959 11001 2538 123%
c - 696.74 39 23 75 504 178200 1 7532847 71182 1.8 25 14 6 16 49% 34959 11001 2538 123%
c - 698.61 39 24 75 505 178201 1 7555297 75510 1.8 26 14 6 16 49% 34959 11001 2538 123%
c - 700.65 39 26 75 506 178204 1 7577770 73170 1.8 27 15 6 16 49% 34959 11001 2538 123%
c - 702.68 39 25 75 507 178216 1 7600265 73007 1.8 27 15 6 16 49% 34959 11001 2538 123%
c - 704.65 39 25 75 508 178226 1 7622782 76751 1.8 27 15 6 16 49% 34959 11001 2538 123%
c ] 705.20 39 25 76 508 178230 1 7629549 83297 1.8 27 15 6 16 49% 34959 11001 2538 123%
c { 705.20 39 18 76 508 178230 2 7629549 83297 1.7 17 10 5 12 47% 34959 11001 2538 123%
c - 706.45 39 18 76 509 178733 2 7645321 79958 1.7 17 10 5 12 47% 34959 11001 2538 123%
c - 708.14 39 18 76 510 179439 2 7667883 82459 1.7 17 10 5 12 47% 34959 11001 2538 123%
c - 709.81 39 18 76 511 180195 2 7690466 84641 1.7 17 10 5 12 47% 34959 11001 2538 123%
c - 711.48 39 18 76 512 180990 2 7713072 86031 1.7 17 10 5 12 47% 34959 11001 2538 123%
c - 713.16 39 18 76 513 181922 2 7735700 87039 1.7 17 10 5 12 47% 34959 11001 2538 123%
c
c  seconds    switched       rate           size/glue  tier1     binary         remaining
c          MB   reductions      conflicts         size   tier2       irredundant
c           level      restarts        redundant     glue    trail         variables
c
c - 714.88 39 18 76 514 182931 2 7758350 87653 1.6 17 10 5 12 47% 34959 11001 2538 123%
c - 716.55 39 18 76 515 183566 2 7781021 87667 1.6 17 10 5 12 47% 34959 11001 2538 123%
c u 718.54 39 18 76 515 184197 2 7798360 99994 1.6 17 10 5 12 47% 34959 11001 2538 123%
c v 719.41 39 18 76 515 184197 2 7798360 93855 1.6 17 10 5 12 47% 34959 11001 2538 123%
c w 719.70 39 18 76 515 184197 2 7798360 93164 1.6 17 10 5 12 47% 34959 11001 2538 123%
c - 720.13 39 18 76 516 184332 2 7803714 78527 1.6 17 10 5 12 47% 34959 11001 2538 123%
c - 721.74 39 17 76 517 184909 2 7826431 83548 1.6 17 10 5 12 47% 34959 11001 2538 123%
c - 723.39 39 17 76 518 185723 2 7849168 84549 1.6 17 10 5 12 47% 34959 11001 2538 123%
c - 725.12 39 18 76 519 186852 2 7871927 85446 1.6 17 10 5 12 47% 34959 11001 2538 123%
c o 726.29 39 18 76 519 187392 2 7887802 99953 1.6 17 10 5 12 47% 34959 11001 2538 123%
c - 726.83 39 18 76 520 187677 2 7894710 86131 1.6 17 10 5 12 47% 34959 11001 2538 123%
c - 728.54 39 18 76 521 188471 2 7917514 86363 1.7 17 10 5 12 47% 34959 11001 2538 123%
c } 729.23 39 18 77 521 188892 2 7926600 94486 1.6 17 10 5 12 47% 34959 11001 2538 123%
c [ 729.23 39 25 77 521 188892 1 7926600 94486 1.8 27 15 6 16 49% 34959 11001 2538 123%
c O 729.23 39 25 77 521 188892 1 7926600 94486 1.8 27 15 6 16 49% 34959 11001 2538 123%
c - 730.21 39 24 77 522 188900 1 7940340 85764 1.8 26 14 6 16 49% 34959 11001 2538 123%
c - 732.13 39 23 77 523 188909 1 7963187 85318 1.8 25 14 6 16 49% 34959 11001 2538 123%
c - 733.95 39 23 77 524 188921 1 7986057 84201 1.8 26 14 6 16 49% 34959 11001 2538 123%
c - 735.91 39 23 77 525 188923 1 8008949 80525 1.9 27 14 6 16 50% 34959 11001 2538 123%
c - 738.06 39 23 77 526 188936 1 8031863 79481 1.9 27 14 6 16 50% 34959 11001 2538 123%
c
c  seconds    switched       rate           size/glue  tier1     binary         remaining
c          MB   reductions      conflicts         size   tier2       irredundant
c           level      restarts        redundant     glue    trail         variables
c
c - 740.37 39 24 77 527 188946 1 8054797 78546 1.9 27 14 6 16 50% 34959 11001 2538 123%
c - 742.49 39 24 77 528 188953 1 8077753 77517 1.8 27 15 6 16 50% 34959 11001 2538 123%
c u 743.85 39 24 77 528 188953 1 8085507 80394 1.8 27 15 6 16 50% 34959 11001 2538 123%
c v 744.71 39 24 77 528 188953 1 8085507 79927 1.8 27 15 6 16 50% 34959 11001 2538 123%
c w 745.02 39 24 77 528 188953 1 8085507 77696 1.8 27 15 6 16 50% 34959 11001 2538 123%
c - 746.61 39 23 77 529 188954 1 8100733 73945 1.8 26 14 6 16 50% 34959 11001 2538 123%
c - 748.68 39 23 77 530 188955 1 8123733 78494 1.8 26 14 6 16 49% 34959 11001 2538 123%
c - 750.91 39 22 77 531 188968 1 8146754 80624 1.8 26 14 6 16 49% 34959 11001 2538 123%
c - 753.01 39 22 77 532 188978 1 8169798 82012 1.8 25 14 6 16 49% 34959 11001 2538 123%
c ] 753.01 39 22 78 532 188978 1 8169826 82040 1.8 25 14 6 16 49% 34959 11001 2538 123%
c { 753.01 39 18 78 532 188978 2 8169826 82040 1.6 17 10 5 12 47% 34959 11001 2538 123%
c - 754.75 39 18 78 533 189855 2 8192864 83358 1.6 17 10 5 12 47% 34959 11001 2538 123%
c - 756.41 39 18 78 534 190592 2 8215950 84055 1.6 17 10 5 12 47% 34959 11001 2538 123%
c - 758.10 39 18 78 535 191512 2 8239060 84597 1.6 17 10 5 12 47% 34959 11001 2538 123%
c - 759.79 39 18 78 536 192404 2 8262190 85094 1.6 17 10 5 12 47% 34959 11001 2538 123%
c o 760.21 39 18 78 536 192535 2 8268240 90382 1.6 17 10 5 12 47% 34959 11001 2538 123%
c - 761.47 39 18 78 537 193235 2 8285342 85660 1.7 17 10 5 12 47% 34959 11001 2538 123%
c - 763.13 39 18 78 538 194089 2 8308515 86299 1.6 17 10 5 12 47% 34959 11001 2538 123%
c - 764.78 39 18 78 539 194708 2 8331709 86820 1.7 17 10 5 12 47% 34959 11001 2538 123%
c - 766.48 39 18 78 540 195776 2 8354926 87509 1.7 17 10 5 11 47% 34959 11001 2538 123%
c
c  seconds    switched       rate           size/glue  tier1     binary         remaining
c          MB   reductions      conflicts         size   tier2       irredundant
c           level      restarts        redundant     glue    trail         variables
c
c - 768.19 39 18 78 541 196527 2 8378163 88028 1.6 17 10 5 11 47% 34959 11001 2538 123%
c u 768.93 39 18 78 541 196540 2 8378316 82729 1.6 17 10 5 11 47% 34959 11001 2538 123%
c v 769.78 39 18 78 541 196540 2 8378316 79905 1.6 17 10 5 11 47% 34959 11001 2538 123%
c w 770.08 39 18 78 541 196540 2 8378316 79316 1.6 17 10 5 11 47% 34959 11001 2538 123%
c - 771.67 39 18 78 542 197192 2 8401422 81336 1.7 17 10 5 11 47% 34959 11001 2538 123%
c - 773.25 39 18 78 543 197907 2 8424703 83305 1.7 17 10 5 11 47% 34959 11001 2538 123%
c - 774.92 39 18 78 544 198825 2 8448005 83855 1.6 17 10 5 11 47% 34959 11001 2538 123%
c - 776.55 39 18 78 545 199690 2 8471328 84018 1.6 17 10 5 11 47% 34959 11001 2538 123%
c } 777.25 39 18 79 545 200076 2 8481417 93190 1.6 17 10 5 11 47% 34959 11001 2538 123%
c [ 777.25 39 22 79 545 200076 1 8481417 93190 1.8 25 14 6 16 49% 34959 11001 2538 123%
c B 777.25 39 22 79 545 200076 1 8481417 93190 1.8 25 14 6 16 49% 34959 11001 2538 123%
c - 778.16 39 22 79 546 200083 1 8494673 83847 1.8 25 14 6 16 49% 34959 11001 2538 123%
c - 779.94 39 22 79 547 200093 1 8518043 80174 1.8 25 14 6 16 50% 34959 11001 2538 123%
c - 781.87 39 22 79 548 200105 1 8541431 76853 1.8 25 14 6 16 50% 34959 11001 2538 123%
c - 783.92 39 23 79 549 200108 1 8564841 77824 1.8 26 14 6 16 50% 34959 11001 2538 123%
c - 786.21 39 22 79 550 200121 1 8588273 78750 1.8 25 14 6 16 50% 34959 11001 2538 123%
c - 788.38 39 23 79 551 200131 1 8611726 79111 1.8 26 14 6 16 50% 34959 11001 2538 123%
c - 790.45 39 22 79 552 200137 1 8635201 79164 1.8 26 14 6 16 50% 34959 11001 2538 123%
c - 792.67 39 22 79 553 200138 1 8658696 78372 1.8 26 14 6 16 50% 34959 11001 2538 123%
c u 795.18 39 22 79 553 200138 1 8676842 92397 1.9 26 14 6 16 50% 34959 11001 2538 123%
c
c  seconds    switched       rate           size/glue  tier1     binary         remaining
c          MB   reductions      conflicts         size   tier2       irredundant
c           level      restarts        redundant     glue    trail         variables
c
c v 796.09 39 22 79 553 200138 1 8676842 88636 1.9 26 14 6 16 50% 34959 11001 2538 123%
c w 796.44 39 22 79 553 200138 1 8676842 77052 1.9 26 14 6 16 50% 34959 11001 2538 123%
c o 796.47 39 22 79 553 200138 1 8676842 77052 1.9 26 14 6 16 50% 34959 11001 2538 123%
c - 796.83 39 24 79 554 200141 1 8682211 65753 1.8 26 15 6 16 50% 34959 11001 2538 123%
c - 798.49 39 23 79 555 200153 1 8705748 74321 1.8 26 14 6 16 50% 34959 11001 2538 123%
c - 800.20 39 22 79 556 200165 1 8729307 81241 1.8 25 14 6 16 50% 34959 11001 2538 123%
c W 805.46 39 22 79 556 200169 1 8750118 100958 1.8 24 13 6 16 50% 34959 11001 2538 123%
c ] 805.53 39 22 80 556 200169 1 8750792 101612 1.8 24 13 6 16 50% 34959 11001 2538 123%
c { 805.53 39 18 80 556 200169 2 8750792 101612 1.6 17 10 5 11 47% 34959 11001 2538 123%
c - 805.73 39 18 80 557 200332 2 8752890 83400 1.6 17 10 5 11 47% 34959 11001 2538 123%
c - 807.49 39 18 80 558 201201 2 8776495 84504 1.6 17 10 5 11 47% 34959 11001 2538 123%
c - 809.19 39 18 80 559 202129 2 8800119 85605 1.7 17 10 5 11 47% 34959 11001 2538 123%
c - 810.91 39 18 80 560 202997 2 8823764 86333 1.7 17 10 5 11 47% 34959 11001 2538 123%
c - 812.68 39 18 80 561 204150 2 8847430 86983 1.7 17 10 5 11 47% 34959 11001 2538 123%
c - 814.39 39 18 80 562 204884 2 8871115 87286 1.6 17 10 5 11 47% 34959 11001 2538 123%
c - 816.08 39 18 80 563 205698 2 8894822 87114 1.6 17 10 5 11 47% 34959 11001 2538 123%
c - 817.80 39 18 80 564 206553 2 8918551 87256 1.7 17 10 5 11 47% 34959 11001 2538 123%
c - 819.49 39 18 80 565 207227 2 8942301 87471 1.7 17 10 5 11 47% 34959 11001 2538 123%
c - 821.16 39 18 80 566 208013 2 8966070 87818 1.7 17 10 5 11 47% 34959 11001 2538 123%
c u 822.90 39 18 80 566 208406 2 8981082 97626 1.7 17 10 5 11 47% 34959 11001 2538 123%
c
c  seconds    switched       rate           size/glue  tier1     binary         remaining
c          MB   reductions      conflicts         size   tier2       irredundant
c           level      restarts        redundant     glue    trail         variables
c
c v 823.72 39 18 80 566 208406 2 8981082 92349 1.7 17 10 5 11 47% 34959 11001 2538 123%
c w 824.01 39 18 80 566 208406 2 8981082 91593 1.7 17 10 5 11 47% 34959 11001 2538 123%
c - 824.65 39 18 80 567 208665 2 8989860 81068 1.7 17 10 5 11 47% 34959 11001 2538 123%
c - 826.38 39 18 80 568 209748 2 9013671 83470 1.7 17 10 5 11 47% 34959 11001 2538 123%
c - 828.08 39 18 80 569 210555 2 9037503 85263 1.7 17 10 5 11 47% 34959 11001 2538 123%
c - 829.88 39 18 80 570 211660 2 9061357 86156 1.7 17 10 5 11 47% 34959 11001 2538 123%
c o 830.97 39 18 80 570 211990 2 9076945 100219 1.7 17 10 5 11 47% 34959 11001 2538 123%
c } 831.00 39 18 81 570 212039 2 9077235 100499 1.7 17 10 5 11 47% 34959 11001 2538 123%
c [ 831.00 39 22 81 570 212039 1 9077235 100499 1.8 24 13 6 16 50% 34959 11001 2538 123%
c I 831.00 39 22 81 570 212039 1 9077235 100499 1.8 24 13 6 16 50% 34959 11001 2538 123%
c - 831.59 39 23 81 571 212044 1 9085235 84634 1.8 25 14 6 16 49% 34959 11001 2538 123%
c - 833.43 39 24 81 572 212053 1 9109131 78312 1.9 26 14 6 16 49% 34959 11001 2538 123%
c - 835.29 39 23 81 573 212067 1 9133050 76532 1.8 26 14 6 16 49% 34959 11001 2538 123%
c - 837.60 39 22 81 574 212069 1 9156989 82138 1.8 25 14 6 16 48% 34959 11001 2538 123%
c - 839.58 39 23 81 575 212083 1 9180947 81464 1.8 25 14 6 16 48% 34959 11001 2538 123%
c - 841.73 39 24 81 576 212092 1 9204926 77803 1.8 25 14 6 16 47% 34959 11001 2538 123%
c - 843.81 39 24 81 577 212100 1 9228927 80479 1.8 25 14 6 16 47% 34959 11001 2538 123%
c - 845.96 39 23 81 578 212101 1 9252949 84044 1.8 25 14 6 16 47% 34959 11001 2538 123%
c - 848.16 39 25 81 579 212104 1 9276991 80251 1.7 26 15 6 16 47% 34959 11001 2538 123%
c u 850.32 39 24 81 579 212112 1 9291064 90478 1.7 26 15 6 16 47% 34959 11001 2538 123%
c
c  seconds    switched       rate           size/glue  tier1     binary         remaining
c          MB   reductions      conflicts         size   tier2       irredundant
c           level      restarts        redundant     glue    trail         variables
c
c v 851.28 39 24 81 579 212112 1 9291064 89480 1.7 26 15 6 16 47% 34959 11001 2538 123%
c w 851.65 39 24 81 579 212112 1 9291064 89229 1.7 26 15 6 16 47% 34959 11001 2538 123%
c - 852.52 39 24 81 580 212116 1 9301053 73265 1.7 26 15 6 16 47% 34959 11001 2538 123%
c - 854.48 39 25 81 581 212128 1 9325136 78391 1.8 26 15 6 16 47% 34959 11001 2538 123%
c ] 856.27 39 24 82 581 212132 1 9343895 96055 1.8 26 15 6 16 47% 34959 11001 2538 123%
c { 856.27 39 18 82 581 212132 2 9343895 96055 1.7 17 10 5 11 47% 34959 11001 2538 123%
c - 856.67 39 17 82 582 212153 2 9349239 79484 1.7 17 10 5 11 47% 34959 11001 2538 123%
c - 858.34 39 16 82 583 212181 2 9373364 82768 1.7 16 10 5 11 47% 34959 11001 2538 123%
c - 859.98 39 15 82 584 212244 2 9397509 85003 1.7 16 10 5 11 47% 34959 11001 2538 123%
c - 861.61 39 14 82 585 212298 2 9421675 84387 1.7 16 9 5 11 47% 34959 11001 2538 123%
c - 863.25 39 13 82 586 212429 2 9445862 84132 1.6 15 9 5 11 47% 34959 11001 2538 123%
c - 864.86 39 13 82 587 212499 1 9470069 84381 1.6 15 9 5 11 47% 34959 11001 2538 123%
c o 866.16 39 13 82 587 212669 1 9489134 100375 1.6 15 9 5 11 47% 34959 11001 2538 123%
c - 866.53 39 12 82 588 212718 1 9494298 85254 1.6 15 9 5 11 47% 34959 11001 2538 123%
c - 868.23 39 12 82 589 212947 1 9518546 86359 1.6 15 9 5 11 47% 34959 11001 2538 123%
c - 869.94 39 12 82 590 213248 1 9542816 86480 1.6 14 9 5 11 47% 34959 11001 2538 123%
c - 871.65 39 12 82 591 213530 1 9567105 86656 1.6 14 9 5 11 47% 34959 11001 2538 123%
c - 873.34 39 11 82 592 213795 1 9591417 86625 1.6 14 9 5 11 47% 34959 11001 2538 123%
c u 875.15 39 11 82 592 214054 1 9606785 95249 1.6 14 9 5 11 47% 34959 11001 2538 123%
c v 875.99 39 11 82 592 214054 1 9606785 86004 1.6 14 9 5 11 47% 34959 11001 2538 123%
c
c  seconds    switched       rate           size/glue tier1     binary         remaining
c          MB   reductions      conflicts         size  tier2       irredundant
c           level      restarts        redundant    glue    trail         variables
c
c w 876.28 39 11 82 592 214054 1 9606785 85677 1.6 14 9 5 11 47% 34959 11001 2538 123%
c - 876.98 39 11 82 593 214282 1 9615748 75809 1.6 14 9 5 11 47% 34959 11001 2538 123%
c - 878.73 39 11 82 594 214744 1 9640100 81668 1.6 14 9 5 11 47% 34959 11001 2538 123%
c - 880.58 39 11 82 595 215256 1 9664473 84795 1.6 14 9 5 11 47% 34959 11001 2538 123%
c } 882.23 39 11 83 595 215841 1 9685501 101806 1.6 14 9 5 11 47% 34959 11001 2538 123%
c [ 882.23 39 24 83 595 215841 1 9685501 101806 1.8 26 15 6 16 47% 34959 11001 2538 123%
c B 882.23 39 24 83 595 215841 1 9685501 101806 1.8 26 15 6 16 47% 34959 11001 2538 123%
c - 882.50 39 25 83 596 215843 1 9688866 85197 1.8 26 15 6 16 47% 34959 11001 2538 123%
c - 884.46 39 28 83 597 215855 1 9713279 79900 1.8 28 16 6 16 48% 34959 11001 2538 123%
c - 886.48 39 29 83 598 215868 1 9737713 75169 1.8 29 16 6 16 49% 34959 11001 2538 123%
c - 888.61 39 28 83 599 215871 1 9762171 77321 1.9 29 16 6 16 49% 34959 11001 2538 123%
c - 890.74 39 27 83 600 215884 1 9786645 79333 1.9 29 15 6 16 49% 34959 11001 2538 123%
c - 892.94 39 27 83 601 215893 1 9811140 80243 1.9 29 15 6 16 49% 34959 11001 2538 123%
c - 895.31 39 26 83 602 215902 1 9835655 80197 1.9 29 15 6 16 49% 34959 11001 2538 123%
c - 897.60 39 25 83 603 215903 1 9860191 83211 1.9 29 15 6 16 48% 34959 11001 2538 123%
c - 899.91 39 25 83 604 215906 1 9884748 84141 1.9 28 15 6 16 48% 34959 11001 2538 123%
c - 902.17 39 24 83 605 215918 1 9909324 82926 1.9 28 15 6 16 48% 34959 11001 2538 123%
c u 904.98 39 24 83 605 215926 1 9928270 97884 1.9 27 15 6 16 48% 34959 11001 2538 123%
c v 906.08 39 24 83 605 215926 1 9928270 97275 1.9 27 15 6 16 48% 34959 11001 2538 123%
c w 906.47 39 24 83 605 215926 1 9928270 88653 1.9 27 15 6 16 48% 34959 11001 2538 123%
c
c  seconds    switched       rate           size/glue  tier1     binary         remaining
c          MB   reductions      conflicts         size   tier2       irredundant
c           level      restarts        redundant     glue    trail         variables
c
c o 906.50 39 24 83 605 215926 1 9928270 88653 1.9 27 15 6 16 48% 34959 11001 2538 123%
c - 907.00 39 24 83 606 215931 1 9933922 75962 1.8 27 15 6 16 48% 34959 11001 2538 123%
c - 909.01 39 23 83 607 215934 1 9958541 83274 1.9 27 14 6 16 48% 34959 11001 2538 123%
c ] 909.01 39 23 84 607 215934 1 9958612 83338 1.9 27 14 6 16 48% 34959 11001 2538 123%
c { 909.01 39 11 84 607 215934 1 9958612 83338 1.6 14 9 5 11 47% 34959 11001 2538 123%
c - 911.37 39 13 84 608 219652 2 9983178 89483 1.6 15 9 5 11 47% 34959 11001 2538 123%
c - 913.55 39 15 84 609 222505 2 10007837 91486 1.6 15 10 5 11 47% 34959 11001 2538 123%
c - 915.48 39 16 84 610 224145 2 10032515 91962 1.6 15 10 5 11 47% 34959 11001 2538 123%
c - 917.37 39 16 84 611 225449 2 10057217 92489 1.6 16 10 5 11 47% 34959 11001 2538 123%
c - 919.33 39 17 84 612 227223 3 10081935 93336 1.6 16 10 5 11 47% 34959 11001 2538 123%
c - 921.17 39 17 84 613 228057 3 10106673 93370 1.6 16 10 5 11 47% 34959 11001 2538 123%
c - 923.02 39 17 84 614 229043 2 10131431 93059 1.6 16 10 5 11 47% 34959 11001 2538 123%
c - 924.90 39 17 84 615 230083 2 10156211 93233 1.6 16 10 5 11 47% 34959 11001 2538 123%
c - 926.81 39 18 84 616 231212 3 10181010 94086 1.6 17 10 5 11 47% 34959 11001 2538 123%
c - 928.68 39 18 84 617 232028 2 10205829 94243 1.6 17 10 5 11 47% 34959 11001 2538 123%
c - 930.57 39 18 84 618 232986 2 10230669 94041 1.6 17 10 5 11 47% 34959 11001 2538 123%
c - 932.49 39 18 84 619 233750 2 10255528 94548 1.7 17 10 5 11 47% 34959 11001 2538 123%
c u 933.36 39 18 84 619 233754 2 10255547 90851 1.7 17 10 5 11 47% 34959 11001 2538 123%
c v 934.33 39 18 84 619 233754 2 10255547 86324 1.7 17 10 5 11 47% 34959 11001 2538 123%
c w 934.65 39 18 84 619 233754 2 10255547 85610 1.7 17 10 5 11 47% 34959 11001 2538 123%
c
c  seconds    switched       rate            size/glue  tier1     binary         remaining
c          MB   reductions      conflicts          size   tier2       irredundant
c           level      restarts         redundant     glue    trail         variables
c
c - 936.51 39 18 84 620 234817 2 10280407 88307 1.7 17 10 5 11 47% 34959 11001 2538 123%
c - 938.30 39 18 84 621 235709 2 10305306 90569 1.7 17 10 5 11 47% 34959 11001 2538 123%
c } 939.07 39 18 85 621 236109 2 10315690 100104 1.7 17 10 5 11 47% 34959 11001 2538 123%
c [ 939.07 39 23 85 621 236109 1 10315690 100104 1.9 27 14 6 16 48% 34959 11001 2538 123%
c W 943.54 39 23 85 621 236109 1 10315690 100104 1.9 27 14 6 16 48% 34959 11001 2538 123%
c - 944.52 39 23 85 622 236118 1 10330226 89476 1.8 26 14 6 16 48% 34959 11001 2538 123%
c - 946.49 39 22 85 623 236129 1 10355168 88427 1.8 25 14 6 16 49% 34959 11001 2538 123%
c - 948.38 39 22 85 624 236138 1 10380127 88187 1.8 25 14 6 16 49% 34959 11001 2538 123%
c - 950.46 39 21 85 625 236145 1 10405106 86532 1.8 25 14 6 16 49% 34959 11001 2538 123%
c - 952.86 39 21 85 626 236154 1 10430106 88525 1.8 24 13 6 16 49% 34959 11001 2538 123%
c - 955.07 39 21 85 627 236169 1 10455125 88844 1.8 24 13 6 16 48% 34959 11001 2538 123%
c - 957.38 39 20 85 628 236171 1 10480165 88423 1.8 24 13 6 16 48% 34959 11001 2538 123%
c - 959.66 39 20 85 629 236171 1 10505224 89602 1.8 23 13 6 16 48% 34959 11001 2538 123%
c - 961.86 39 20 85 630 236183 1 10530304 89242 1.8 24 13 6 16 48% 34959 11001 2538 123%
c - 964.52 39 20 85 631 236193 1 10555404 88239 1.8 24 13 6 16 48% 34959 11001 2538 123%
c - 966.90 39 20 85 632 236202 1 10580526 90798 1.8 24 13 6 16 48% 34959 11001 2538 123%
c u 968.54 39 20 85 632 236202 1 10588617 94381 1.8 24 13 6 16 48% 34959 11001 2538 123%
c v 969.64 39 20 85 632 236202 1 10588617 86406 1.8 24 13 6 16 48% 34959 11001 2538 123%
c w 970.06 39 20 85 632 236202 1 10588617 83207 1.8 24 13 6 16 48% 34959 11001 2538 123%
c o 970.09 39 20 85 632 236202 1 10588617 83207 1.8 24 13 6 16 48% 34959 11001 2538 123%
c
c  seconds    switched       rate            size/glue  tier1     binary         remaining
c          MB   reductions      conflicts          size   tier2       irredundant
c           level      restarts         redundant     glue    trail         variables
c
c - 971.36 39 26 85 633 236209 1 10605666 76396 1.8 25 14 6 16 48% 34959 11001 2538 123%
c O 972.55 39 26 85 633 236217 1 10620884 91017 1.8 25 14 6 16 48% 34959 11001 2538 123%
c - 973.35 39 25 85 634 236220 1 10630827 80109 1.8 25 14 6 16 48% 34959 11001 2538 123%
c ] 973.47 39 25 86 634 236221 1 10632176 81386 1.8 25 14 6 16 48% 34959 11001 2538 123%
c { 973.47 39 18 86 634 236221 2 10632176 81386 1.7 17 10 5 11 47% 34959 11001 2538 123%
c - 977.18 39 26 86 635 240362 4 10656006 81501 1.7 20 12 5 11 47% 34959 11001 2538 123%
c - 981.38 39 32 86 636 244690 5 10681209 75276 1.8 23 13 5 11 47% 34959 11001 2538 123%
c - 985.67 39 37 86 637 248805 6 10706428 73429 1.8 25 14 5 11 47% 34959 11001 2538 123%
c - 989.58 39 40 86 638 252049 7 10731666 73893 1.8 27 15 5 11 47% 34959 11001 2538 123%
c - 993.19 39 42 86 639 254697 7 10756924 75294 1.9 28 15 5 11 47% 34959 11001 2538 123%
c - 996.67 39 44 86 640 257069 7 10782204 76192 1.9 30 16 5 11 47% 34959 11001 2538 123%
c - 1000.11 39 45 86 641 259092 6 10807503 76273 1.9 31 16 5 11 47% 34959 11001 2538 123%
c - 1003.25 39 46 86 642 260682 6 10832820 76652 1.9 31 16 5 11 47% 34959 11001 2538 123%
c - 1006.50 39 46 86 643 262463 6 10858158 76895 2.0 32 16 5 11 47% 34959 11001 2538 123%
c - 1009.51 39 47 86 644 263859 6 10883516 76869 2.0 33 16 5 11 47% 34959 11001 2538 123%
c - 1012.65 39 47 86 645 265312 5 10908893 76920 2.0 33 17 5 11 47% 34959 11001 2538 123%
c u 1016.18 39 47 86 645 266258 5 10927503 91668 2.0 33 17 5 11 47% 34959 11001 2538 123%
c v 1017.77 39 47 86 645 266258 5 10927503 90458 2.0 33 17 5 11 47% 34959 11001 2538 123%
c w 1018.36 39 47 86 645 266258 5 10927503 90332 2.0 33 17 5 11 47% 34959 11001 2538 123%
c - 1025.72 39 47 86 646 266591 5 10934290 72744 2.0 33 17 5 11 47% 34959 11001 2538 123%
c
c   seconds    switched       rate            size/glue  tier1     binary         remaining
c           MB   reductions      conflicts          size   tier2       irredundant
c            level      restarts         redundant     glue    trail         variables
c
c - 1028.80 39 46 86 647 267877 5 10959707 73607 2.0 34 17 5 11 47% 34959 11001 2538 123%
c - 1031.61 39 46 86 648 268704 5 10985143 74785 2.0 34 17 5 12 47% 34959 11001 2538 123%
c } 1033.87 39 46 87 648 269586 5 11005031 94269 2.0 34 17 5 12 47% 34959 11001 2538 123%
c [ 1033.87 39 25 87 648 269586 1 11005031 94269 1.8 25 14 6 16 48% 34959 11001 2538 123%
c B 1033.87 39 25 87 648 269586 1 11005031 94269 1.8 25 14 6 16 48% 34959 11001 2538 123%
c - 1034.33 39 25 87 649 269590 1 11010598 75907 1.8 25 14 6 16 48% 34959 11001 2538 123%
c - 1036.48 39 24 87 650 269600 1 11036075 78699 1.8 25 14 6 16 48% 34959 11001 2538 123%
c - 1038.78 39 24 87 651 269614 1 11061570 82812 1.8 25 14 6 16 48% 34959 11001 2538 123%
c - 1041.20 39 23 87 652 269617 1 11087084 85634 1.8 24 13 6 16 49% 34959 11001 2538 123%
c - 1043.48 39 22 87 653 269631 1 11112620 88028 1.8 24 13 6 16 49% 34959 11001 2538 123%
c - 1045.76 39 21 87 654 269643 1 11138173 89443 1.8 24 13 6 16 48% 34959 11001 2538 123%
c - 1048.12 39 21 87 655 269647 1 11163748 90582 1.8 23 13 6 16 48% 34959 11001 2538 123%
c - 1050.51 39 20 87 656 269648 1 11189342 90869 1.8 23 13 6 16 48% 34959 11001 2538 123%
c - 1052.88 39 21 87 657 269656 1 11214955 89117 1.9 24 13 6 16 48% 34959 11001 2538 123%
c - 1055.43 39 22 87 658 269668 1 11240587 87517 1.9 25 13 6 16 48% 34959 11001 2538 123%
c - 1057.94 39 22 87 659 269678 1 11266238 88347 1.9 25 13 6 16 48% 34959 11001 2538 123%
c u 1059.32 39 22 87 659 269679 1 11272206 90711 1.9 25 13 6 16 48% 34959 11001 2538 123%
c v 1060.23 39 22 87 659 269679 1 11272206 89914 1.9 25 13 6 16 48% 34959 11001 2538 123%
c w 1060.55 39 22 87 659 269679 1 11272206 89140 1.9 25 13 6 16 48% 34959 11001 2538 123%
c o 1060.71 39 22 87 659 269679 1 11272206 89140 1.9 25 13 6 16 48% 34959 11001 2538 123%
c
c   seconds    switched       rate            size/glue  tier1     binary         remaining
c           MB   reductions      conflicts          size   tier2       irredundant
c            level      restarts         redundant     glue    trail         variables
c
c - 1062.71 39 33 87 660 269685 1 11291909 79996 1.7 28 16 6 16 47% 34959 11001 2538 123%
c - 1065.21 39 31 87 661 269695 1 11317599 80285 1.7 27 16 6 16 47% 34959 11001 2538 123%
c W 1071.06 39 30 87 661 269702 1 11329108 91420 1.8 27 15 6 16 47% 34959 11001 2538 123%
c - 1072.34 39 28 87 662 269709 1 11343308 87583 1.8 26 15 6 16 48% 34959 11001 2538 123%
c - 1074.75 39 26 87 663 269711 1 11369037 91307 1.8 25 14 6 16 48% 34959 11001 2538 123%
c - 1077.45 39 24 87 664 269711 1 11394785 93309 1.8 25 14 6 16 47% 34959 11001 2538 123%
c - 1079.97 39 24 87 665 269712 1 11420553 93102 1.8 24 13 6 16 48% 34959 11001 2538 123%
c - 1082.44 39 24 87 666 269712 1 11446343 90723 1.8 25 13 6 16 48% 34959 11001 2538 123%
c - 1084.98 39 23 87 667 269718 1 11472150 91163 1.9 25 13 6 16 48% 34959 11001 2538 123%
c - 1087.71 39 22 87 668 269729 1 11497976 92983 1.9 25 13 6 16 48% 34959 11001 2538 123%
c ] 1089.75 39 22 88 668 269741 1 11517964 111480 1.8 25 13 6 16 48% 34959 11001 2538 123%
c { 1089.75 39 46 88 668 269741 5 11517964 111480 2.0 34 17 5 12 47% 34959 11001 2538 123%
c - 1090.37 39 44 88 669 269741 4 11523821 93577 2.0 33 16 5 12 47% 34959 11001 2538 123%
c - 1092.84 39 38 88 670 269745 4 11549687 95628 2.0 30 15 5 12 47% 34959 11001 2538 123%
c - 1094.99 39 33 88 671 269758 3 11575573 97029 2.0 28 15 5 12 47% 34959 11001 2538 123%
c - 1097.11 39 30 88 672 269777 3 11601476 96604 1.9 26 14 5 12 48% 34959 11001 2538 123%
c u 1099.71 39 27 88 672 269794 2 11622776 112295 1.9 25 13 5 12 48% 34959 11001 2538 123%
c v 1101.05 39 27 88 672 269794 2 11622776 105248 1.9 25 13 5 12 48% 34959 11001 2538 123%
c w 1101.51 39 27 88 672 269794 2 11622776 100179 1.9 25 13 5 12 48% 34959 11001 2538 123%
c - 1101.89 39 27 88 673 269820 2 11627398 86866 1.9 25 13 5 12 48% 34959 11001 2538 123%
c
c   seconds    switched       rate            size/glue  tier1     binary         remaining
c           MB   reductions      conflicts          size   tier2       irredundant
c            level      restarts         redundant     glue    trail         variables
c
c - 1103.69 39 25 88 674 269894 2 11653340 92357 1.9 24 13 5 12 48% 34959 11001 2538 123%
c - 1105.50 39 23 88 675 269938 2 11679302 93499 1.9 23 12 5 12 48% 34959 11001 2538 123%
c - 1107.33 39 21 88 676 270032 2 11705282 94428 1.9 22 12 5 12 48% 34959 11001 2538 123%
c o 1108.80 39 20 88 676 270125 2 11725674 113361 1.8 21 12 5 12 47% 34959 11001 2538 123%
c - 1109.24 39 20 88 677 270188 2 11731283 94573 1.8 21 11 5 12 47% 34959 11001 2538 123%
c - 1111.21 39 19 88 678 270206 2 11757303 93779 1.8 20 11 5 12 47% 34959 11001 2538 123%
c - 1113.09 39 18 88 679 270410 2 11783344 93603 1.8 19 11 5 12 47% 34959 11001 2538 123%
c - 1115.03 39 18 88 680 270913 2 11809401 94836 1.8 19 11 5 12 47% 34959 11001 2538 123%
c - 1116.91 39 17 88 681 271423 2 11835478 95603 1.7 18 10 5 12 47% 34959 11001 2538 123%
c - 1118.88 39 17 88 682 272066 2 11861573 96658 1.7 18 10 5 12 47% 34959 11001 2538 123%
c - 1120.99 39 18 88 683 273181 2 11887690 97536 1.7 18 10 5 12 47% 34959 11001 2538 123%
c } 1122.43 39 17 89 683 273516 2 11906901 114437 1.7 18 10 5 12 47% 34959 11001 2538 123%
c [ 1122.43 39 22 89 683 273516 1 11906901 114437 1.8 25 13 6 16 48% 34959 11001 2538 123%
c I 1122.43 39 22 89 683 273516 1 11906901 114437 1.8 25 13 6 16 48% 34959 11001 2538 123%
c - 1122.96 39 23 89 684 273521 1 11913825 95519 1.8 25 14 6 16 48% 34959 11001 2538 123%
c - 1125.12 39 23 89 685 273531 1 11939978 91814 1.8 25 14 6 16 48% 34959 11001 2538 123%
c - 1127.41 39 22 89 686 273545 1 11966151 93389 1.8 25 14 6 16 49% 34959 11001 2538 123%
c u 1129.48 39 21 89 686 273546 1 11979188 102120 1.8 24 13 6 16 49% 34959 11001 2538 123%
c v 1130.50 39 21 89 686 273546 1 11979188 92913 1.8 24 13 6 16 49% 34959 11001 2538 123%
c w 1130.86 39 21 89 686 273546 1 11979188 83825 1.8 24 13 6 16 49% 34959 11001 2538 123%
c
c   seconds    switched       rate            size/glue  tier1     binary         remaining
c           MB   reductions      conflicts          size   tier2       irredundant
c            level      restarts         redundant     glue    trail         variables
c
c - 1131.92 39 21 89 687 273549 1 11992342 79283 1.8 24 13 6 16 49% 34959 11001 2538 123%
c - 1134.08 39 21 89 688 273561 1 12018552 87289 1.8 24 13 6 15 49% 34959 11001 2538 123%
c - 1136.39 39 20 89 689 273575 1 12044784 92111 1.8 24 13 6 15 49% 34959 11001 2538 123%
c - 1138.66 39 20 89 690 273578 1 12071032 93235 1.8 23 13 6 15 49% 34959 11001 2538 123%
c - 1141.19 39 20 89 691 273578 1 12097302 93788 1.9 24 13 6 15 48% 34959 11001 2538 123%
c - 1143.69 39 20 89 692 273591 1 12123589 94226 1.9 24 13 6 15 48% 34959 11001 2538 123%
c - 1146.49 39 20 89 693 273602 1 12149894 96887 1.9 24 12 6 15 48% 34959 11001 2538 123%
c - 1148.98 39 19 89 694 273609 1 12176220 99524 1.9 23 12 6 15 48% 34959 11001 2538 123%
c - 1151.29 39 20 89 695 273620 1 12202563 95421 1.9 24 13 6 15 48% 34959 11001 2538 123%
c - 1153.73 39 21 89 696 273631 1 12228925 92395 1.9 24 13 6 15 48% 34959 11001 2538 123%
c ] 1154.07 39 21 90 696 273633 1 12232712 96024 1.9 24 13 6 15 48% 34959 11001 2538 123%
c { 1154.07 39 17 90 696 273633 2 12232712 96024 1.7 18 10 5 12 47% 34959 11001 2538 123%
c o 1154.08 39 17 90 696 273646 2 12232793 96104 1.7 18 10 5 12 47% 34959 11001 2538 123%
c - 1155.95 39 17 90 697 274502 2 12255306 95654 1.7 18 10 5 12 47% 34959 11001 2538 123%
c - 1157.99 39 17 90 698 275222 2 12281707 99801 1.7 17 10 5 12 47% 34959 11001 2538 123%
c - 1160.11 39 17 90 699 276320 2 12308130 101174 1.7 17 10 5 12 47% 34959 11001 2538 123%
c - 1162.19 39 17 90 700 277266 2 12334569 101172 1.7 17 10 5 12 47% 34959 11001 2538 123%
c u 1163.77 39 17 90 700 277468 2 12341494 100931 1.7 17 10 5 12 47% 34959 11001 2538 123%
c v 1164.96 39 17 90 700 277468 2 12341494 95725 1.7 17 10 5 12 47% 34959 11001 2538 123%
c w 1165.37 39 17 90 700 277468 2 12341494 95087 1.7 17 10 5 12 47% 34959 11001 2538 123%
c
c   seconds    switched       rate            size/glue  tier1     binary         remaining
c           MB   reductions      conflicts          size   tier2       irredundant
c            level      restarts         redundant     glue    trail         variables
c
c - 1166.93 39 18 90 701 278365 2 12361026 91238 1.7 17 10 5 12 47% 34959 11001 2538 123%
c - 1168.97 39 18 90 702 279339 2 12387502 93913 1.7 17 10 5 12 47% 34959 11001 2538 123%
c - 1171.03 39 18 90 703 280315 2 12413997 95631 1.7 17 10 5 12 47% 34959 11001 2538 123%
c - 1173.02 39 18 90 704 281000 2 12440512 96330 1.7 17 10 5 12 47% 34959 11001 2538 123%
c - 1175.07 39 18 90 705 281879 2 12467044 97291 1.7 17 10 5 12 47% 34959 11001 2538 123%
c - 1177.17 39 18 90 706 283062 2 12493595 97859 1.7 17 10 5 12 47% 34959 11001 2538 123%
c - 1179.23 39 18 90 707 283990 2 12520167 97797 1.7 17 10 5 12 47% 34959 11001 2538 123%
c - 1181.24 39 18 90 708 284813 2 12546756 97757 1.7 17 10 5 11 47% 34959 11001 2538 123%
c - 1183.26 39 18 90 709 285588 2 12573365 98076 1.7 17 10 5 11 47% 34959 11001 2538 123%
c - 1185.28 39 18 90 710 286432 2 12599993 98568 1.7 17 10 5 11 47% 34959 11001 2538 123%
c - 1187.38 39 18 90 711 287524 2 12626638 98464 1.6 17 10 5 11 47% 34959 11001 2538 123%
c } 1188.30 39 18 91 711 288087 2 12638032 108969 1.7 17 10 5 11 47% 34959 11001 2538 123%
c [ 1188.30 39 21 91 711 288087 1 12638032 108969 1.9 24 13 6 15 48% 34959 11001 2538 123%
c B 1188.30 39 21 91 711 288087 1 12638032 108969 1.9 24 13 6 15 48% 34959 11001 2538 123%
c - 1189.53 39 21 91 712 288096 1 12653304 98071 1.9 24 13 6 15 48% 34959 11001 2538 123%
c - 1191.85 39 21 91 713 288108 1 12679992 94425 1.9 25 13 6 15 48% 34959 11001 2538 123%
c - 1194.18 39 22 91 714 288117 1 12706697 90986 2.0 26 13 6 15 48% 34959 11001 2538 123%
c u 1195.40 39 22 91 714 288117 1 12709693 91337 2.0 26 13 6 15 48% 34959 11001 2538 123%
c v 1196.52 39 22 91 714 288117 1 12709693 90879 2.0 26 13 6 15 48% 34959 11001 2538 123%
c w 1196.92 39 22 91 714 288117 1 12709693 90087 2.0 26 13 6 15 48% 34959 11001 2538 123%
c
c   seconds    switched       rate            size/glue  tier1     binary         remaining
c           MB   reductions      conflicts          size   tier2       irredundant
c            level      restarts         redundant     glue    trail         variables
c
c o 1196.95 39 22 91 714 288117 1 12709693 90087 2.0 26 13 6 15 48% 34959 11001 2538 123%
c - 1198.76 39 35 91 715 288126 1 12733417 82931 1.8 28 16 6 15 47% 34959 11001 2538 123%
c - 1201.01 39 32 91 716 288138 1 12760158 83368 1.8 28 15 6 15 48% 34959 11001 2538 123%
c - 1203.43 39 29 91 717 288148 1 12786917 89737 1.8 27 15 6 15 47% 34959 11001 2538 123%
c - 1206.02 39 27 91 718 288149 1 12813693 93141 1.8 26 14 6 15 47% 34959 11001 2538 123%
c - 1208.71 39 25 91 719 288154 1 12840491 94979 1.9 26 14 6 15 47% 34959 11001 2538 123%
c - 1211.44 39 23 91 720 288164 1 12867306 97374 1.9 26 13 6 15 47% 34959 11001 2538 123%
c - 1214.34 39 22 91 721 288179 1 12894141 99773 1.9 25 13 6 15 47% 34959 11001 2538 123%
c - 1217.02 39 22 91 722 288184 1 12920992 99423 1.9 24 13 6 15 47% 34959 11001 2538 123%
c - 1219.52 39 23 91 723 288195 1 12947862 94632 1.9 25 14 6 15 47% 34959 11001 2538 123%
c - 1222.31 39 23 91 724 288210 1 12974750 90826 1.8 25 14 6 15 47% 34959 11001 2538 123%
c ] 1222.62 39 23 92 724 288210 1 12977591 93494 1.8 25 14 6 15 47% 34959 11001 2538 123%
c { 1222.62 39 18 92 724 288210 2 12977591 93494 1.7 17 10 5 11 47% 34959 11001 2538 123%
c - 1224.56 39 18 92 725 289087 2 13001658 97262 1.7 17 10 5 11 47% 34959 11001 2538 123%
c - 1226.67 39 18 92 726 289861 2 13028583 102934 1.7 17 10 5 11 47% 34959 11001 2538 123%
c - 1228.77 39 18 92 727 290625 2 13055527 104293 1.7 17 10 5 11 47% 34959 11001 2538 123%
c - 1231.00 39 18 92 728 291925 2 13082489 105162 1.7 17 10 5 11 47% 34959 11001 2538 123%
c u 1232.20 39 18 92 728 291925 2 13083788 101245 1.7 17 10 5 11 47% 34959 11001 2538 123%
c v 1233.45 39 18 92 728 291925 2 13083788 96132 1.7 17 10 5 11 47% 34959 11001 2538 123%
c w 1233.88 39 18 92 728 291925 2 13083788 95015 1.7 17 10 5 11 47% 34959 11001 2538 123%
c
c   seconds    switched       rate            size/glue  tier1     binary         remaining
c           MB   reductions      conflicts          size   tier2       irredundant
c            level      restarts         redundant     glue    trail         variables
c
c - 1235.94 39 18 92 729 292989 2 13109471 97562 1.7 17 10 5 11 47% 34959 11001 2538 123%
c - 1237.98 39 18 92 730 293754 2 13136472 100497 1.7 17 10 5 11 47% 34959 11001 2538 123%
c - 1240.09 39 18 92 731 294631 2 13163491 101640 1.7 17 10 5 11 47% 34959 11001 2538 123%
c o 1242.14 39 18 92 731 295627 2 13190001 125967 1.7 17 10 5 11 47% 34959 11001 2538 123%
c - 1242.21 39 18 92 732 295692 2 13190528 102224 1.7 17 10 5 11 47% 34959 11001 2538 123%
c - 1244.31 39 18 92 733 296582 2 13217583 102157 1.7 17 10 5 11 47% 34959 11001 2538 123%
c - 1246.42 39 18 92 734 297376 2 13244656 101998 1.7 17 10 5 11 47% 34959 11001 2538 123%
c - 1248.57 39 17 92 735 298323 2 13271748 102233 1.7 17 10 5 11 47% 34959 11001 2538 123%
c - 1250.84 39 18 92 736 299801 2 13298858 102641 1.6 17 10 5 11 47% 34959 11001 2538 123%
c - 1253.00 39 18 92 737 300744 2 13325987 103394 1.7 17 10 5 11 47% 34959 11001 2538 123%
c - 1255.23 39 18 92 738 302017 2 13353135 103736 1.7 17 10 5 11 47% 34959 11001 2538 123%
c - 1257.37 39 18 92 739 302788 2 13380303 103997 1.7 17 10 5 11 47% 34959 11001 2538 123%
c } 1258.80 39 18 93 739 303059 2 13399596 121002 1.7 17 10 5 11 47% 34959 11001 2538 123%
c [ 1258.80 39 23 93 739 303059 1 13399596 121002 1.8 25 14 6 15 47% 34959 11001 2538 123%
c W 1264.94 39 23 93 739 303059 1 13399596 121002 1.8 25 14 6 15 47% 34959 11001 2538 123%
c - 1265.56 39 23 93 740 303064 1 13407488 103558 1.8 25 14 6 15 47% 34959 11001 2538 123%
c - 1267.81 39 22 93 741 303076 1 13434690 101615 1.9 25 13 6 15 47% 34959 11001 2538 123%
c - 1270.33 39 23 93 742 303088 1 13461911 98587 1.9 26 14 6 15 48% 34959 11001 2538 123%
c u 1271.50 39 23 93 742 303088 1 13463800 97600 2.0 26 14 6 15 48% 34959 11001 2538 123%
c v 1272.69 39 23 93 742 303088 1 13463800 96540 2.0 26 14 6 15 48% 34959 11001 2538 123%
c
c   seconds    switched       rate            size/glue  tier1     binary         remaining
c           MB   reductions      conflicts          size   tier2       irredundant
c            level      restarts         redundant     glue    trail         variables
c
c w 1273.11 39 23 93 742 303088 1 13463800 93821 2.0 26 14 6 15 48% 34959 11001 2538 123%
c - 1275.49 39 23 93 743 303095 1 13489150 91030 2.0 27 14 6 15 48% 34959 11001 2538 123%
c - 1278.15 39 23 93 744 303106 1 13516408 92353 2.0 27 14 6 15 48% 34959 11001 2538 123%
c - 1280.67 39 24 93 745 303119 1 13543686 89940 2.0 29 14 6 15 49% 34959 11001 2538 123%
c - 1283.40 39 25 93 746 303121 1 13570980 84315 2.0 29 15 6 15 49% 34959 11001 2538 123%
c - 1286.27 39 24 93 747 303123 1 13598295 85489 2.0 29 15 6 15 49% 34959 11001 2538 123%
c - 1288.78 39 24 93 748 303136 1 13625627 90147 2.0 29 15 6 15 49% 34959 11001 2538 123%
c - 1291.08 39 24 93 749 303150 1 13652976 91066 1.9 28 15 6 15 49% 34959 11001 2538 123%
c - 1293.57 39 23 93 750 303154 1 13680343 93814 1.9 27 14 6 15 50% 34959 11001 2538 123%
c - 1296.08 39 22 93 751 303167 1 13707735 99193 1.8 26 14 6 15 49% 34959 11001 2538 123%
c - 1298.69 39 22 93 752 303181 1 13735141 99164 1.8 26 14 6 15 49% 34959 11001 2538 123%
c ] 1301.29 39 21 94 752 303184 1 13760997 123083 1.8 25 13 6 15 49% 34959 11001 2538 123%
c { 1301.29 39 18 94 752 303184 2 13760997 123083 1.7 17 10 5 11 47% 34959 11001 2538 123%
c o 1301.30 39 18 94 752 303189 2 13761043 123129 1.7 17 10 5 11 47% 34959 11001 2538 123%
c - 1301.46 39 18 94 753 303235 2 13762563 101296 1.7 17 10 5 11 47% 34959 11001 2538 123%
c - 1303.74 39 18 94 754 304248 2 13790005 105013 1.7 17 10 5 11 47% 34959 11001 2538 123%
c - 1305.90 39 17 94 755 304886 2 13817465 104703 1.6 17 10 5 11 47% 34959 11001 2538 123%
c - 1308.23 39 18 94 756 306309 2 13844942 105225 1.6 17 10 5 11 47% 34959 11001 2538 123%
c u 1309.76 39 18 94 756 306451 2 13849757 104672 1.7 17 10 5 11 47% 34959 11001 2538 123%
c v 1311.04 39 18 94 756 306451 2 13849757 95722 1.7 17 10 5 11 47% 34959 11001 2538 123%
c
c   seconds    switched       rate            size/glue  tier1     binary         remaining
c           MB   reductions      conflicts          size   tier2       irredundant
c            level      restarts         redundant     glue    trail         variables
c
c w 1311.49 39 18 94 756 306451 2 13849757 94508 1.7 17 10 5 11 47% 34959 11001 2538 123%
c - 1313.33 39 18 94 757 307338 2 13872437 96994 1.7 17 10 5 11 47% 34959 11001 2538 123%
c - 1315.52 39 18 94 758 308327 2 13899950 99730 1.7 17 10 5 11 47% 34959 11001 2538 123%
c - 1317.76 39 18 94 759 309363 2 13927481 100610 1.7 17 10 5 11 47% 34959 11001 2538 123%
c - 1320.06 39 18 94 760 310598 2 13955030 101150 1.7 17 10 5 11 47% 34959 11001 2538 123%
c - 1322.23 39 18 94 761 311437 2 13982598 101557 1.7 17 10 5 11 47% 34959 11001 2538 123%
c - 1324.47 39 18 94 762 312564 2 14010185 102024 1.7 17 10 5 11 47% 34959 11001 2538 123%
c - 1326.67 39 18 94 763 313420 2 14037791 102639 1.7 17 10 5 11 47% 34959 11001 2538 123%
c - 1328.80 39 18 94 764 314296 2 14065415 102408 1.6 17 10 5 11 47% 34959 11001 2538 123%
c - 1331.02 39 18 94 765 315282 2 14093058 102772 1.7 17 10 5 11 47% 34959 11001 2538 123%
c - 1333.23 39 18 94 766 316321 2 14120716 103297 1.7 17 10 5 11 47% 34959 11001 2538 123%
c - 1335.51 39 18 94 767 317670 2 14148394 103590 1.7 17 10 5 11 47% 34959 11001 2538 123%
c - 1337.66 39 18 94 768 318478 2 14176091 103512 1.6 17 10 5 11 47% 34959 11001 2538 123%
c } 1339.63 39 18 95 768 319540 2 14199982 125297 1.6 17 10 5 11 47% 34959 11001 2538 123%
c [ 1339.63 39 21 95 768 319540 1 14199982 125297 1.8 25 13 6 15 49% 34959 11001 2538 123%
c O 1339.63 39 21 95 768 319540 1 14199982 125297 1.8 25 13 6 15 49% 34959 11001 2538 123%
c - 1339.91 39 21 95 769 319542 1 14203803 103727 1.8 24 13 6 15 49% 34959 11001 2538 123%
c - 1342.15 39 20 95 770 319554 1 14231533 104350 1.8 23 13 6 15 49% 34959 11001 2538 123%
c u 1344.00 39 19 95 770 319561 1 14241659 109687 1.8 23 13 6 15 49% 34959 11001 2538 123%
c v 1345.15 39 19 95 770 319561 1 14241659 96067 1.8 23 13 6 15 49% 34959 11001 2538 123%
c
c   seconds    switched       rate            size/glue  tier1     binary         remaining
c           MB   reductions      conflicts          size   tier2       irredundant
c            level      restarts         redundant     glue    trail         variables
c
c w 1345.56 39 19 95 770 319561 1 14241659 85731 1.8 23 13 6 15 49% 34959 11001 2538 123%
c - 1347.07 39 19 95 771 319569 1 14259281 78186 1.8 23 13 6 15 49% 34959 11001 2538 123%
c - 1349.38 39 19 95 772 319574 1 14287048 90389 1.8 23 13 6 15 49% 34959 11001 2538 123%
c - 1351.91 39 19 95 773 319586 1 14314833 97548 1.8 22 12 6 15 49% 34959 11001 2538 123%
c - 1354.47 39 19 95 774 319600 1 14342635 100236 1.8 22 12 6 15 49% 34959 11001 2538 123%
c - 1357.20 39 18 95 775 319602 1 14370456 100372 1.8 22 12 6 15 49% 34959 11001 2538 123%
c - 1359.81 39 19 95 776 319604 1 14398294 99847 1.9 23 12 6 15 49% 34959 11001 2538 123%
c - 1362.58 39 19 95 777 319617 1 14426150 99757 1.9 23 12 6 15 49% 34959 11001 2538 123%
c - 1365.67 39 20 95 778 319631 1 14454024 101897 1.9 24 12 5 15 48% 34959 11001 2538 123%
c - 1368.64 39 20 95 779 319636 1 14481918 101755 1.9 23 13 5 15 48% 34959 11001 2538 123%
c - 1371.52 39 20 95 780 319648 1 14509830 101654 1.8 23 12 5 15 48% 34959 11001 2538 123%
c o 1373.97 39 19 95 780 319663 1 14536100 125811 1.8 23 12 5 15 48% 34959 11001 2538 123%
c - 1374.12 39 21 95 781 319663 1 14537759 101876 1.8 23 13 5 15 48% 34959 11001 2538 123%
c - 1376.42 39 27 95 782 319665 1 14565706 95487 1.7 25 14 5 15 48% 34959 11001 2538 123%
c B 1377.04 39 27 95 782 319665 1 14573052 102350 1.7 25 14 5 15 48% 34959 11001 2538 123%
c ] 1377.40 39 27 96 782 319665 1 14577523 106740 1.7 25 15 5 15 48% 34959 11001 2538 123%
c { 1377.40 39 18 96 782 319665 2 14577523 106740 1.6 17 10 5 11 47% 34959 11001 2538 123%
c - 1378.78 39 18 96 783 320276 2 14593670 92517 1.7 17 10 5 11 47% 34959 11001 2538 123%
c - 1381.06 39 18 96 784 321228 2 14621652 101002 1.7 17 10 5 11 47% 34959 11001 2538 123%
c u 1383.72 39 18 96 784 321930 2 14639530 110801 1.7 17 10 5 11 47% 34959 11001 2538 123%
c
c   seconds    switched       rate             size/glue  tier1     binary         remaining
c           MB   reductions      conflicts           size   tier2       irredundant
c            level      restarts         redundant      glue    trail         variables
c
c v 1385.09 39 18 96 784 321930 2 14639530 104767 1.7 17 10 5 11 47% 34959 11001 2538 123%
c w 1385.57 39 18 96 784 321930 2 14639530 104484 1.7 17 10 5 11 47% 34959 11001 2538 123%
c - 1386.41 39 18 96 785 322185 2 14649652 94931 1.7 17 10 5 11 47% 34959 11001 2538 123%
c - 1388.62 39 18 96 786 323194 2 14677670 100088 1.7 17 10 5 11 47% 34959 11001 2538 123%
c - 1390.81 39 18 96 787 323957 2 14705705 101423 1.7 17 10 5 11 47% 34959 11001 2538 123%
c - 1393.09 39 18 96 788 324960 2 14733759 102112 1.7 17 10 5 11 47% 34959 11001 2538 123%
c - 1395.35 39 18 96 789 325959 2 14761832 102738 1.7 17 10 5 11 47% 34959 11001 2538 123%
c - 1397.64 39 18 96 790 326975 2 14789921 102989 1.7 17 10 5 11 47% 34959 11001 2538 123%
c - 1399.94 39 18 96 791 328140 2 14818029 103022 1.7 17 10 5 11 47% 34959 11001 2538 123%
c - 1402.26 39 18 96 792 329230 2 14846153 103216 1.7 17 10 5 11 47% 34959 11001 2538 123%
c - 1404.61 39 18 96 793 330476 2 14874296 103717 1.7 17 10 5 11 47% 34959 11001 2538 123%
c - 1406.94 39 18 96 794 331508 2 14902458 104151 1.7 17 10 5 11 47% 34959 11001 2538 123%
c - 1409.24 39 18 96 795 332557 2 14930636 104373 1.7 17 10 5 11 47% 34959 11001 2538 123%
c - 1411.49 39 18 96 796 333503 2 14958833 104399 1.7 17 10 5 11 47% 34959 11001 2538 123%
c - 1413.80 39 18 96 797 334583 2 14987047 104966 1.7 17 10 5 11 47% 34959 11001 2538 123%
c - 1416.11 39 18 96 798 335623 2 15015278 105339 1.7 17 10 5 11 47% 34959 11001 2538 123%
c } 1417.59 39 18 97 798 336133 2 15033787 121888 1.7 17 10 5 11 47% 34959 11001 2538 123%
c [ 1417.59 39 27 97 798 336133 1 15033787 121888 1.7 25 15 5 15 48% 34959 11001 2538 123%
c W 1424.20 39 27 97 798 336133 1 15033787 121888 1.7 25 15 5 15 48% 34959 11001 2538 123%
c u 1425.99 39 27 97 798 336139 1 15043372 127188 1.7 25 15 5 15 48% 34959 11001 2538 123%
c
c   seconds    switched       rate             size/glue  tier1     binary         remaining
c           MB   reductions      conflicts           size   tier2       irredundant
c            level      restarts         redundant      glue    trail         variables
c
c v 1427.22 39 27 97 798 336139 1 15043372 122510 1.7 25 15 5 15 48% 34959 11001 2538 123%
c w 1427.67 39 27 97 798 336139 1 15043372 120688 1.7 25 15 5 15 48% 34959 11001 2538 123%
c - 1427.73 39 27 97 799 336139 1 15043527 95584 1.7 25 15 5 15 48% 34959 11001 2538 123%
c - 1430.15 39 26 97 800 336152 1 15071793 91511 1.8 26 15 5 15 48% 34959 11001 2538 123%
c - 1432.92 39 25 97 801 336163 1 15100077 87285 1.8 26 15 5 15 48% 34959 11001 2538 123%
c - 1435.89 39 24 97 802 336171 1 15128378 89943 1.8 26 15 5 15 48% 34959 11001 2538 123%
c - 1438.63 39 24 97 803 336184 1 15156698 95408 1.8 26 14 5 15 48% 34959 11001 2538 123%
c o 1439.01 39 24 97 803 336186 1 15160868 99362 1.8 26 14 5 15 48% 34959 11001 2538 123%
c - 1440.92 39 25 97 804 336194 1 15185036 96707 1.8 26 14 5 15 48% 34959 11001 2538 123%
c - 1443.41 39 24 97 805 336195 1 15213390 97934 1.9 26 14 5 15 48% 34959 11001 2538 123%
c - 1446.27 39 24 97 806 336202 1 15241763 97254 1.9 27 14 5 15 48% 34959 11001 2538 123%
c - 1449.23 39 24 97 807 336216 1 15270153 95849 1.9 26 14 5 15 48% 34959 11001 2538 123%
c - 1452.19 39 22 97 808 336226 1 15298560 100046 1.9 26 14 5 15 49% 34959 11001 2538 123%
c - 1455.06 39 22 97 809 336236 1 15326987 103229 1.9 26 13 5 15 49% 34959 11001 2538 123%
c - 1457.80 39 22 97 810 336248 1 15355430 104174 2.0 26 13 5 15 48% 34959 11001 2538 123%
c - 1460.90 39 21 97 811 336257 1 15383890 106762 2.0 25 13 5 15 48% 34959 11001 2538 123%
c ] 1463.58 41 24 98 811 336258 1 15411219 133271 2.0 27 14 5 15 48% 34959 11001 2538 123%
c { 1463.58 41 18 98 811 336258 2 15411219 133271 1.7 17 10 5 11 47% 34959 11001 2538 123%
c - 1463.74 41 18 98 812 336260 2 15412369 102110 1.7 17 10 5 11 47% 34959 11001 2538 123%
c - 1466.08 41 16 98 813 336303 2 15440865 98731 1.7 16 10 5 11 47% 34959 11001 2538 123%
c
c   seconds    switched       rate             size/glue  tier1     binary         remaining
c           MB   reductions      conflicts           size   tier2       irredundant
c            level      restarts         redundant      glue    trail         variables
c
c u 1468.36 41 16 98 813 336344 2 15453208 104058 1.7 16 10 5 11 47% 34959 11001 2538 123%
c v 1469.84 41 16 98 813 336344 2 15453208 101959 1.7 16 10 5 11 47% 34959 11001 2538 123%
c w 1470.38 41 16 98 813 336344 2 15453208 101863 1.7 16 10 5 11 47% 34959 11001 2538 123%
c - 1471.66 41 15 98 814 336388 2 15469381 98813 1.7 16 10 5 11 47% 34959 11001 2538 123%
c - 1473.84 41 14 98 815 336480 2 15497911 101167 1.6 16 9 5 11 47% 34959 11001 2538 123%
c - 1476.00 41 13 98 816 336580 2 15526459 101490 1.6 15 9 5 11 47% 34959 11001 2538 123%
c - 1478.24 41 13 98 817 336763 1 15555024 101752 1.6 15 9 5 11 47% 34959 11001 2538 123%
c - 1480.53 41 12 98 818 336936 1 15583607 102497 1.6 15 9 5 11 47% 34959 11001 2538 123%
c - 1482.85 41 12 98 819 337189 1 15612208 102521 1.6 14 9 5 11 47% 34959 11001 2538 123%
c - 1485.22 41 11 98 820 337503 1 15640829 103186 1.6 14 9 5 11 47% 34959 11001 2538 123%
c - 1487.71 41 11 98 821 338120 1 15669464 104227 1.6 14 9 5 11 47% 34959 11001 2538 123%
c o 1488.69 41 11 98 821 338287 1 15681473 114315 1.6 14 9 5 11 47% 34959 11001 2538 123%
c - 1490.10 41 11 98 822 338584 1 15698117 104994 1.6 14 9 5 11 47% 34959 11001 2538 123%
c - 1492.56 41 11 98 823 339083 1 15726787 105635 1.6 14 9 5 11 47% 34959 11001 2538 123%
c - 1495.11 41 11 98 824 339628 1 15755475 105611 1.6 14 9 5 11 47% 34959 11001 2538 123%
c - 1497.68 41 11 98 825 340244 1 15784181 106479 1.6 14 9 5 11 47% 34959 11001 2538 123%
c - 1500.38 41 11 98 826 341127 1 15812904 107679 1.6 14 9 5 11 47% 34959 11001 2538 123%
c - 1502.99 41 11 98 827 341924 1 15841644 108043 1.6 13 9 5 11 47% 34959 11001 2538 123%
c u 1506.70 41 11 98 827 342689 1 15869039 125413 1.6 13 9 5 11 47% 34959 11001 2538 123%
c v 1508.09 41 11 98 827 342689 1 15869039 117678 1.6 13 9 5 11 47% 34959 11001 2538 123%
c
c   seconds    switched       rate             size/glue tier1     binary         remaining
c           MB   reductions      conflicts           size  tier2       irredundant
c            level      restarts         redundant     glue    trail         variables
c
c w 1508.59 41 11 98 827 342689 1 15869039 117445 1.6 13 9 5 11 47% 34959 11001 2538 123%
c - 1512.23 41 11 98 828 342697 1 15870401 98026 1.6 13 9 5 11 47% 34959 11001 2538 123%
c } 1513.49 41 11 99 828 343149 1 15885055 109878 1.6 13 9 5 11 47% 34959 11001 2538 123%
c [ 1513.49 41 24 99 828 343149 1 15885055 109878 2.0 27 14 5 15 48% 34959 11001 2538 123%
c I 1513.49 41 24 99 828 343149 1 15885055 109878 2.0 27 14 5 15 48% 34959 11001 2538 123%
c - 1514.64 41 24 99 829 343157 1 15899176 101580 2.0 27 14 5 15 48% 34959 11001 2538 123%
c - 1517.34 41 23 99 830 343170 1 15927968 103788 1.9 26 13 5 15 49% 34959 11001 2538 123%
c - 1520.17 41 22 99 831 343179 1 15956779 104956 1.9 25 13 5 15 49% 34959 11001 2538 123%
c - 1523.07 41 23 99 832 343192 1 15985608 102011 1.8 25 14 5 15 49% 34959 11001 2538 123%
c - 1526.18 41 22 99 833 343204 1 16014452 100387 1.8 25 14 5 15 49% 34959 11001 2538 123%
c - 1529.41 41 22 99 834 343210 1 16043313 101526 1.8 25 14 5 15 49% 34959 11001 2538 123%
c - 1532.53 41 22 99 835 343211 1 16072194 101711 1.8 25 14 5 15 49% 34959 11001 2538 123%
c - 1535.53 41 23 99 836 343224 1 16101091 100245 1.8 26 14 5 15 49% 34959 11001 2538 123%
c - 1538.53 41 21 99 837 343236 1 16130004 102954 1.8 25 14 5 15 49% 34959 11001 2538 123%
c - 1541.45 41 21 99 838 343242 1 16158935 109021 1.8 24 13 5 15 49% 34959 11001 2538 123%
c - 1544.47 41 21 99 839 343256 1 16187883 106682 1.9 25 14 5 15 49% 34959 11001 2538 123%
c - 1547.90 41 20 99 840 343270 1 16216849 107580 1.9 25 13 5 15 49% 34959 11001 2538 123%
c - 1551.03 41 22 99 841 343274 1 16245831 108651 1.9 25 14 5 15 49% 34959 11001 2538 123%
c - 1554.16 41 24 99 842 343274 1 16274832 100228 1.9 27 14 5 15 50% 34959 11001 2538 123%
c ] 1555.41 41 24 100 842 343275 1 16286505 111126 1.9 27 14 5 15 50% 34959 11001 2538 123%
c
c   seconds    switched        rate             size/glue tier1     binary         remaining
c           MB    reductions      conflicts           size  tier2       irredundant
c            level       restarts         redundant     glue    trail         variables
c
c { 1555.41 41 11 100 842 343275 1 16286505 111126 1.6 13 9 5 11 47% 34959 11001 2538 123%
c o 1555.44 41 11 100 842 343305 1 16286698 111311 1.6 13 9 5 11 47% 34959 11001 2538 123%
c u 1557.05 41 11 100 842 344041 1 16290891 111061 1.6 14 9 5 11 47% 34959 11001 2538 123%
c v 1558.32 41 11 100 842 344041 1 16290891 110762 1.6 14 9 5 11 47% 34959 11001 2538 123%
c w 1558.77 41 11 100 842 344041 1 16290891 108227 1.6 14 9 5 11 47% 34959 11001 2538 123%
c - 1560.55 41 13 100 843 346220 2 16303849 94382 1.5 14 9 5 11 47% 34959 11001 2538 123%
c - 1563.68 41 15 100 844 349679 2 16332884 103487 1.6 15 10 5 11 47% 34959 11001 2538 123%
c - 1566.63 41 16 100 845 352010 3 16361935 107418 1.6 15 10 5 11 47% 34959 11001 2538 123%
c - 1569.40 41 17 100 846 353539 3 16391006 108566 1.6 16 10 5 11 47% 34959 11001 2538 123%
c - 1571.94 41 17 100 847 354560 2 16420092 108511 1.6 16 10 5 11 47% 34959 11001 2538 123%
c - 1574.60 41 17 100 848 355767 2 16449197 108593 1.6 16 10 5 11 47% 34959 11001 2538 123%
c - 1577.25 41 17 100 849 356983 2 16478319 108880 1.6 16 10 5 11 47% 34959 11001 2538 123%
c - 1579.96 41 18 100 850 358274 2 16507457 109426 1.6 17 10 5 11 47% 34959 11001 2538 123%
c - 1582.59 41 18 100 851 359384 2 16536611 109688 1.6 17 10 5 11 47% 34959 11001 2538 123%
c - 1585.23 41 18 100 852 360527 2 16565782 109518 1.6 17 10 5 11 47% 34959 11001 2538 123%
c - 1587.84 41 18 100 853 361570 2 16594972 109893 1.7 17 10 5 11 47% 34959 11001 2538 123%
c - 1590.39 41 17 100 854 362454 2 16624178 109605 1.7 17 10 5 11 47% 34959 11001 2538 123%
c - 1593.03 41 17 100 855 363544 2 16653401 109533 1.7 17 10 5 11 47% 34959 11001 2538 123%
c - 1595.79 41 18 100 856 365133 2 16682643 109768 1.6 17 10 5 11 47% 34959 11001 2538 123%
c - 1598.43 41 18 100 857 366076 2 16711901 109515 1.6 17 10 5 11 47% 34959 11001 2538 123%
c
c   seconds    switched        rate             size/glue  tier1     binary         remaining
c           MB    reductions      conflicts           size   tier2       irredundant
c            level       restarts         redundant      glue    trail         variables
c
c u 1600.40 41 18 100 857 366410 2 16718765 110973 1.6 17 10 5 11 47% 34959 11001 2538 123%
c v 1601.87 41 18 100 857 366410 2 16718765 106092 1.6 17 10 5 11 47% 34959 11001 2538 123%
c w 1602.42 41 18 100 857 366410 2 16718765 105367 1.6 17 10 5 11 47% 34959 11001 2538 123%
c - 1604.44 41 18 100 858 367190 2 16741175 101255 1.7 17 10 5 11 47% 34959 11001 2538 123%
c - 1606.95 41 18 100 859 368183 2 16770467 104460 1.7 17 10 5 11 47% 34959 11001 2538 123%
c } 1607.61 41 18 101 859 368442 2 16778204 111658 1.7 17 10 5 11 47% 34959 11001 2538 123%
c [ 1607.61 41 24 101 859 368442 1 16778204 111658 1.9 27 14 5 15 50% 34959 11001 2538 123%
c B 1607.61 41 24 101 859 368442 1 16778204 111658 1.9 27 14 5 15 50% 34959 11001 2538 123%
c - 1609.50 41 24 101 860 368455 1 16799778 102270 1.8 26 14 5 15 50% 34959 11001 2538 123%
c - 1612.21 41 22 101 861 368468 1 16829103 100268 1.8 26 14 5 15 50% 34959 11001 2538 123%
c - 1615.27 41 21 101 862 368472 1 16858449 102058 1.8 25 14 5 15 50% 34959 11001 2538 123%
c - 1618.30 41 22 101 863 368487 1 16887808 100709 1.8 25 14 5 15 49% 34959 11001 2538 123%
c - 1621.58 41 22 101 864 368501 1 16917186 98185 1.8 25 14 5 15 49% 34959 11001 2538 123%
c - 1624.99 41 21 101 865 368504 1 16946579 101749 1.8 24 14 5 15 49% 34959 11001 2538 123%
c - 1628.01 41 22 101 866 368505 1 16975989 102593 1.8 25 14 5 15 49% 34959 11001 2538 123%
c - 1631.24 41 22 101 867 368519 1 17005418 100425 1.8 25 14 5 15 49% 34959 11001 2538 123%
c - 1634.69 41 21 101 868 368534 1 17034864 103401 1.8 25 14 5 15 49% 34959 11001 2538 123%
c - 1638.15 41 21 101 869 368541 1 17064327 106776 1.8 24 13 5 15 49% 34959 11001 2538 123%
c - 1641.40 41 20 101 870 368553 1 17093805 107814 1.8 24 13 5 15 49% 34959 11001 2538 123%
c - 1644.76 41 20 101 871 368566 1 17123301 108750 1.8 24 13 5 15 49% 34959 11001 2538 123%
c
c   seconds    switched        rate             size/glue  tier1     binary         remaining
c           MB    reductions      conflicts           size   tier2       irredundant
c            level       restarts         redundant      glue    trail         variables
c
c u 1649.47 41 20 101 871 368567 1 17152685 131373 1.8 23 13 5 15 49% 34959 11001 2538 123%
c v 1651.27 41 20 101 871 368567 1 17152685 113009 1.8 23 13 5 15 49% 34959 11001 2538 123%
c w 1651.93 41 20 101 871 368567 1 17152685 89460 1.8 23 13 5 15 49% 34959 11001 2538 123%
c o 1651.96 41 20 101 871 368567 1 17152685 89460 1.8 23 13 5 15 49% 34959 11001 2538 123%
c - 1651.98 41 20 101 872 368567 1 17152813 75638 1.8 23 13 5 15 49% 34959 11001 2538 123%
c - 1654.72 41 41 101 873 368568 1 17182342 79584 1.6 28 18 5 15 48% 34959 11001 2538 123%
c W 1663.85 41 40 101 873 368568 1 17192246 89001 1.6 28 17 5 15 49% 34959 11001 2538 123%
c ] 1664.59 41 39 102 873 368568 1 17201184 97681 1.7 28 17 5 15 49% 34959 11001 2538 123%
c { 1664.59 41 18 102 873 368568 2 17201184 97681 1.7 17 10 5 11 47% 34959 11001 2538 123%
c - 1666.64 41 22 102 874 370441 3 17211889 80894 1.7 19 11 5 11 47% 34959 11001 2538 123%
c - 1672.37 41 30 102 875 375587 5 17241452 84688 1.8 23 13 5 11 47% 34959 11001 2538 123%
c - 1678.46 41 36 102 876 380486 6 17271032 82915 1.8 26 14 5 11 47% 34959 11001 2538 123%
c - 1684.11 41 40 102 877 384374 7 17300629 83760 1.8 28 15 5 11 47% 34959 11001 2538 123%
c - 1689.30 41 43 102 878 387491 7 17330243 85466 1.9 29 16 5 11 47% 34959 11001 2538 123%
c - 1694.11 41 44 102 879 389872 6 17359876 86535 1.9 31 16 5 11 47% 34959 11001 2538 123%
c - 1698.69 41 45 102 880 391841 6 17389524 87181 1.9 32 16 5 11 47% 34959 11001 2538 123%
c - 1703.19 41 45 102 881 393598 6 17419190 81095 2.0 33 17 4 11 47% 34959 11001 2538 123%
c - 1707.64 41 46 102 882 395413 6 17448873 79516 2.0 33 17 4 11 47% 34959 11001 2538 123%
c - 1711.85 41 45 102 883 396993 5 17478572 79659 2.0 34 17 4 11 47% 34959 11001 2538 123%
c - 1716.26 41 46 102 884 398771 5 17508289 79890 2.0 34 17 4 11 47% 34959 11001 2538 123%
c
c   seconds    switched        rate            size/glue  tier1     binary         remaining
c           MB    reductions      conflicts          size   tier2       irredundant
c            level       restarts         redundant     glue    trail         variables
c
c - 1720.53 41 46 102 885 400335 5 17538021 79519 2.0 35 17 4 11 47% 34959 11001 2538 123%
c - 1724.77 41 46 102 886 401789 5 17567769 79360 2.0 35 17 4 11 47% 34959 11001 2538 123%
c u 1730.23 41 46 102 886 402838 5 17592652 96404 2.0 35 17 4 11 47% 34959 11001 2538 123%
c v 1732.72 41 46 102 886 402838 5 17592652 94604 2.0 35 17 4 11 47% 34959 11001 2538 123%
c w 1733.67 41 46 102 886 402838 5 17592652 94447 2.0 35 17 4 11 47% 34959 11001 2538 123%
c - 1734.45 41 46 102 887 403067 5 17597536 71461 2.0 35 17 4 11 47% 34959 11001 2538 123%
c - 1738.43 41 46 102 888 404438 4 17627319 72777 2.0 35 17 4 11 47% 34959 11001 2538 123%
c - 1742.25 41 46 102 889 405623 4 17657120 73886 2.1 35 17 4 11 47% 34959 11001 2538 123%
c - 1745.98 41 45 102 890 406781 4 17686939 74825 2.1 35 17 4 11 47% 34959 11001 2538 123%
c o 1748.14 41 45 102 890 407405 4 17704014 91572 2.1 35 17 4 11 47% 34959 11001 2538 123%
c } 1749.31 41 45 103 890 407876 4 17711036 98487 2.1 35 17 4 11 47% 34959 11001 2538 123%
c [ 1749.31 41 39 103 890 407876 1 17711036 98487 1.7 28 17 5 15 49% 34959 11001 2538 123%
c O 1749.31 41 39 103 890 407876 1 17711036 98487 1.7 28 17 5 15 49% 34959 11001 2538 123%
c - 1749.80 41 38 103 891 407880 1 17716773 76497 1.7 28 17 5 15 49% 34959 11001 2538 123%
c - 1752.46 41 33 103 892 407893 1 17746622 81432 1.7 27 16 5 15 49% 34959 11001 2538 123%
c - 1755.58 41 30 103 893 407905 1 17776489 84837 1.7 27 15 5 15 49% 34959 11001 2538 123%
c - 1758.72 41 28 103 894 407915 1 17806373 87742 1.8 27 15 5 15 49% 34959 11001 2538 123%
c - 1762.06 41 25 103 895 407928 1 17836272 91232 1.8 26 14 5 15 49% 34959 11001 2538 123%
c - 1765.31 41 23 103 896 407937 1 17866188 94591 1.9 25 13 5 15 48% 34959 11001 2538 123%
c - 1768.43 41 27 103 897 407938 1 17896124 86847 1.8 27 15 5 15 48% 34959 11001 2538 123%
c
c   seconds    switched        rate            size/glue  tier1     binary         remaining
c           MB    reductions      conflicts          size   tier2       irredundant
c            level       restarts         redundant     glue    trail         variables
c
c - 1771.59 41 29 103 898 407950 1 17926073 74175 1.7 28 16 5 15 48% 34959 11001 2538 123%
c - 1774.77 41 29 103 899 407963 1 17956040 74139 1.7 28 16 5 15 48% 34959 11001 2538 123%
c - 1777.92 41 27 103 900 407969 1 17986023 78610 1.7 28 16 5 15 48% 34959 11001 2538 123%
c - 1781.19 41 26 103 901 407984 1 18016023 83303 1.8 28 16 5 15 48% 34959 11001 2538 123%
c u 1784.93 41 27 103 901 407994 1 18038692 99227 1.7 28 16 5 15 48% 34959 11001 2538 123%
c v 1786.80 41 27 103 901 407994 1 18038692 98755 1.7 28 16 5 15 48% 34959 11001 2538 123%
c w 1787.51 41 27 103 901 407994 1 18038692 93109 1.7 28 16 5 15 48% 34959 11001 2538 123%
c - 1788.22 41 27 103 902 407998 1 18046041 74601 1.7 28 16 5 15 48% 34959 11001 2538 123%
c - 1790.87 41 26 103 903 408001 1 18076075 76304 1.8 28 16 5 15 48% 34959 11001 2538 123%
c - 1793.67 41 25 103 904 408002 1 18106124 81436 1.8 28 15 5 15 48% 34959 11001 2538 123%
c - 1796.47 41 24 103 905 408002 1 18136191 87150 1.9 27 15 5 15 48% 34959 11001 2538 123%
c B 1797.40 41 23 103 905 408002 1 18146138 96494 1.9 27 14 5 15 48% 34959 11001 2538 123%
c - 1799.16 41 26 103 906 408002 1 18166275 86042 1.9 28 15 5 15 48% 34959 11001 2538 123%
c caught signal 15 (SIGTERM)
c
c ---- [ profiling ] ---------------------------------------------------------
c
c        1597.54   88.76 %  search
c         816.71   45.38 %  focused
c         780.83   43.38 %  stable
c         202.15   11.23 %  simplify
c         156.33    8.69 %  probe
c         133.99    7.44 %  vivify
c          45.70    2.54 %  walking
c          18.68    1.04 %  sweep
c          14.08    0.78 %  reduce
c           1.86    0.10 %  substitute
c           1.28    0.07 %  transitive
c           0.25    0.01 %  factor
c           0.25    0.01 %  eliminate
c           0.20    0.01 %  backbone
c           0.13    0.01 %  preprocess
c           0.07    0.00 %  congruence
c           0.03    0.00 %  subsume
c           0.01    0.00 %  fastel
c           0.01    0.00 %  parse
c           0.00    0.00 %  lucky
c =============================================
c        1799.83  100.00 %  total
c
c ---- [ statistics ] --------------------------------------------------------
c
c chronological:                           57                0 %  conflicts
c conflicts:                         18173883            10097.55 per second
c decisions:                         37689281                2.07 per conflict
c eliminated:                            6260              304 %  variables
c factored:                              6746              327 %  variables
c fast_eliminated:                       2222               35 %  eliminated
c fast_strengthened:                        2                0 %  per strengthened
c propagations:                    6121302282          3401041    per second
c reductions:                             906            20059    interval
c reordered:                               56           324534    interval
c rephased:                                67           271252    interval
c restarts:                            408005               45    interval
c strengthened:                          5144                1 %  checks
c switched:                               103           176445    interval
c vivified:                            938660               54 %  checks
c walks:                                   22           826086    interval
c
c ---- [ proof ] -------------------------------------------------------------
c
c proof_added:                       18607339               50 %  per line
c proof_bytes:                     1716518912             1637 MB 
c proof_deleted:                     18547288               50 %  per line
c
c ---- [ glue usage ] --------------------------------------------------------
c
c focused glue 4   used 1427242 clauses  5.94% accumulated 50.45% tier1
c focused glue 5   used 1018968 clauses  4.24% accumulated 54.69%
c focused glue 6-9 used 5988392 clauses 24.92% accumulated 79.61%
c focused glue 10  used 1488456 clauses  6.19% accumulated 85.80%
c focused glue 11  used 1068493 clauses  4.45% accumulated 90.25% tier2
c
c stable glue 5    used  2728573 clauses  7.62% accumulated 51.03% tier1
c stable glue 6    used  2221666 clauses  6.20% accumulated 57.24%
c stable glue 7-13 used 10206923 clauses 28.50% accumulated 85.74%
c stable glue 14   used   946151 clauses  2.64% accumulated 88.38%
c stable glue 15   used   800112 clauses  2.23% accumulated 90.62% tier2
c
c ---- [ resources ] ---------------------------------------------------------
c
c maximum-resident-set-size:         49188864 bytes         47 MB
c process-time:                            30m            1799.83 seconds
c raising signal 15 (SIGTERM)
