0,63
0,95
0,111
0,119
0,123
0,125
0,126
0,159
0,175
0,183
0,187
0,189
0,190
0,207
0,215
0,219
0,221
0,222
0,231
0,235
0,237
0,238
0,243
0,245
0,246
0,249
0,250
0,252
0,287
0,303
0,311
0,315
0,317
0,318
0,335
0,343
0,347
0,349
0,350
0,359
0,363
0,365
0,366
0,371
0,373
0,374
0,377
0,378
0,380
0,399
0,407
0,411
0,413
0,414
0,423
0,427
0,429
0,430
0,435
0,437
0,438
0,441
0,442
0,444
0,455
0,459
0,461
0,462
0,467
0,469
0,470
0,473
0,474
0,476
0,483
0,485
0,486
0,489
0,490
0,492
0,497
0,498
0,500
0,504
0,543
0,559
0,567
0,571
0,573
0,574
0,591
0,599
0,603
0,605
0,606
0,615
0,619
0,621
0,622
0,627
0,629
0,630
0,633
0,634
0,636
0,655
0,663
0,667
0,669
0,670
0,679
0,683
0,685
0,686
0,691
0,693
0,694
0,697
0,698
0,700
0,711
0,715
0,717
0,718
0,723
0,725
0,726
0,729
0,730
0,732
0,739
0,741
0,742
0,745
0,746
0,748
0,753
0,754
0,756
0,760
0,783
0,791
0,795
0,797
0,798
0,807
0,811
0,813
0,814
0,819
0,821
0,822
0,825
0,826
0,828
0,839
0,843
0,845
0,846
0,851
0,853
0,854
0,857
0,858
0,860
0,867
0,869
0,870
0,873
0,874
0,876
0,881
0,882
0,884
0,888
0,903
0,907
0,909
0,910
0,915
0,917
0,918
0,921
0,922
0,924
0,931
0,933
0,934
0,937
0,938
0,940
0,945
0,946
0,948
0,952
0,1055
0,1071
0,1079
0,1083
0,1085
0,1086
0,1103
0,1111
0,1115
0,1117
0,1118
0,1127
0,1131
0,1133
0,1134
0,1139
0,1141
0,1142
0,1145
0,1146
0,1148
0,1167
0,1175
0,1179
0,1181
0,1182
0,1191
0,1195
0,1197
0,1198
0,1203
0,1205
0,1206
0,1209
0,1210
0,1212
0,1223
0,1227
0,1229
0,1230
0,1235
0,1237
0,1238
0,1241
0,1242
0,1244
0,1251
0,1253
0,1254
0,1257
0,1258
0,1260
0,1265
0,1266
0,1268
0,1272
0,1295
0,1303
0,1307
0,1309
0,1310
0,1319
0,1323
0,1325
0,1326
0,1331
0,1333
0,1334
0,1337
0,1338
0,1340
0,1351
0,1355
0,1357
0,1358
0,1363
0,1365
0,1366
0,1369
0,1370
0,1372
0,1379
0,1381
0,1382
0,1385
0,1386
0,1388
0,1393
0,1394
0,1396
0,1400
0,1415
0,1419
0,1421
0,1422
0,1427
0,1429
0,1430
0,1433
0,1434
0,1436
0,1443
0,1445
0,1446
0,1449
0,1450
0,1452
0,1457
0,1458
0,1460
0,1464
0,1551
0,1559
0,1563
0,1565
0,1566
0,1575
0,1579
0,1581
0,1582
0,1587
0,1589
0,1590
0,1593
0,1594
0,1596
0,1607
0,1611
0,1613
0,1614
0,1619
0,1621
0,1622
0,1625
0,1626
0,1628
0,1635
0,1637
0,1638
0,1641
0,1642
0,1644
0,1649
0,1650
0,1652
0,1656
0,1671
0,1675
0,1677
0,1678
0,1683
0,1685
0,1686
0,1689
0,1690
0,1692
0,1699
0,1701
0,1702
0,1705
0,1706
0,1708
0,1713
0,1714
0,1716
0,1720
0,1799
0,1803
0,1805
0,1806
0,1811
0,1813
0,1814
0,1817
0,1818
0,1820
0,1827
0,1829
0,1830
0,1833
0,1834
0,1836
0,1841
0,1842
0,1844
0,1848
3,60
3,92
3,108
3,116
3,120
3,125
3,126
3,156
3,172
3,180
3,184
3,189
3,190
3,204
3,212
3,216
3,221
3,222
3,228
3,232
3,237
3,238
3,240
3,245
3,246
3,249
3,250
3,284
3,300
3,308
3,312
3,317
3,318
3,332
3,340
3,344
3,349
3,350
3,356
3,360
3,365
3,366
3,368
3,373
3,374
3,377
3,378
3,396
3,404
3,408
3,413
3,414
3,420
3,424
3,429
3,430
3,432
3,437
3,438
3,441
3,442
3,461
3,462
3,469
3,470
3,473
3,474
3,485
3,486
3,489
3,490
3,497
3,498
3,540
3,556
3,564
3,568
3,573
3,574
3,588
3,596
3,600
3,605
3,606
3,612
3,616
3,621
3,622
3,624
3,629
3,630
3,633
3,634
3,652
3,660
3,664
3,669
3,670
3,676
3,680
3,685
3,686
3,688
3,693
3,694
3,697
3,698
3,717
3,718
3,725
3,726
3,729
3,730
3,741
3,742
3,745
3,746
3,753
3,754
3,780
3,788
3,792
3,797
3,798
3,804
3,808
3,813
3,814
3,816
3,821
3,822
3,825
3,826
3,845
3,846
3,853
3,854
3,857
3,858
3,869
3,870
3,873
3,874
3,881
3,882
3,909
3,910
3,917
3,918
3,921
3,922
3,933
3,934
3,937
3,938
3,945
3,946
3,1052
3,1068
3,1076
3,1080
3,1085
3,1086
3,1100
3,1108
3,1112
3,1117
3,1118
3,1124
3,1128
3,1133
3,1134
3,1136
3,1141
3,1142
3,1145
3,1146
3,1164
3,1172
3,1176
3,1181
3,1182
3,1188
3,1192
3,1197
3,1198
3,1200
3,1205
3,1206
3,1209
3,1210
3,1229
3,1230
3,1237
3,1238
3,1241
3,1242
3,1253
3,1254
3,1257
3,1258
3,1265
3,1266
3,1292
3,1300
3,1304
3,1309
3,1310
3,1316
3,1320
3,1325
3,1326
3,1328
3,1333
3,1334
3,1337
3,1338
3,1357
3,1358
3,1365
3,1366
3,1369
3,1370
3,1381
3,1382
3,1385
3,1386
3,1393
3,1394
3,1421
3,1422
3,1429
3,1430
3,1433
3,1434
3,1445
3,1446
3,1449
3,1450
3,1457
3,1458
3,1548
3,1556
3,1560
3,1565
3,1566
3,1572
3,1576
3,1581
3,1582
3,1584
3,1589
3,1590
3,1593
3,1594
3,1613
3,1614
3,1621
3,1622
3,1625
3,1626
3,1637
3,1638
3,1641
3,1642
3,1649
3,1650
3,1677
3,1678
3,1685
3,1686
3,1689
3,1690
3,1701
3,1702
3,1705
3,1706
3,1713
3,1714
3,1805
3,1806
3,1813
3,1814
3,1817
3,1818
3,1829
3,1830
3,1833
3,1834
3,1841
3,1842
5,58
5,90
5,106
5,114
5,120
5,123
5,126
5,154
5,170
5,178
5,184
5,187
5,190
5,202
5,210
5,216
5,219
5,222
5,226
5,232
5,235
5,238
5,240
5,243
5,246
5,249
5,252
5,282
5,298
5,306
5,312
5,315
5,318
5,330
5,338
5,344
5,347
5,350
5,354
5,360
5,363
5,366
5,368
5,371
5,374
5,377
5,380
5,394
5,402
5,408
5,411
5,414
5,418
5,424
5,427
5,430
5,432
5,435
5,438
5,441
5,444
5,459
5,462
5,467
5,470
5,473
5,476
5,483
5,486
5,489
5,492
5,497
5,500
5,538
5,554
5,562
5,568
5,571
5,574
5,586
5,594
5,600
5,603
5,606
5,610
5,616
5,619
5,622
5,624
5,627
5,630
5,633
5,636
5,650
5,658
5,664
5,667
5,670
5,674
5,680
5,683
5,686
5,688
5,691
5,694
5,697
5,700
5,715
5,718
5,723
5,726
5,729
5,732
5,739
5,742
5,745
5,748
5,753
5,756
5,778
5,786
5,792
5,795
5,798
5,802
5,808
5,811
5,814
5,816
5,819
5,822
5,825
5,828
5,843
5,846
5,851
5,854
5,857
5,860
5,867
5,870
5,873
5,876
5,881
5,884
5,907
5,910
5,915
5,918
5,921
5,924
5,931
5,934
5,937
5,940
5,945
5,948
5,1050
5,1066
5,1074
5,1080
5,1083
5,1086
5,1098
5,1106
5,1112
5,1115
5,1118
5,1122
5,1128
5,1131
5,1134
5,1136
5,1139
5,1142
5,1145
5,1148
5,1162
5,1170
5,1176
5,1179
5,1182
5,1186
5,1192
5,1195
5,1198
5,1200
5,1203
5,1206
5,1209
5,1212
5,1227
5,1230
5,1235
5,1238
5,1241
5,1244
5,1251
5,1254
5,1257
5,1260
5,1265
5,1268
5,1290
5,1298
5,1304
5,1307
5,1310
5,1314
5,1320
5,1323
5,1326
5,1328
5,1331
5,1334
5,1337
5,1340
5,1355
5,1358
5,1363
5,1366
5,1369
5,1372
5,1379
5,1382
5,1385
5,1388
5,1393
5,1396
5,1419
5,1422
5,1427
5,1430
5,1433
5,1436
5,1443
5,1446
5,1449
5,1452
5,1457
5,1460
5,1546
5,1554
5,1560
5,1563
5,1566
5,1570
5,1576
5,1579
5,1582
5,1584
5,1587
5,1590
5,1593
5,1596
5,1611
5,1614
5,1619
5,1622
5,1625
5,1628
5,1635
5,1638
5,1641
5,1644
5,1649
5,1652
5,1675
5,1678
5,1683
5,1686
5,1689
5,1692
5,1699
5,1702
5,1705
5,1708
5,1713
5,1716
5,1803
5,1806
5,1811
5,1814
5,1817
5,1820
5,1827
5,1830
5,1833
5,1836
5,1841
5,1844
6,57
6,89
6,105
6,113
6,120
6,123
6,125
6,153
6,169
6,177
6,184
6,187
6,189
6,201
6,209
6,216
6,219
6,221
6,225
6,232
6,235
6,237
6,240
6,243
6,245
6,250
6,252
6,281
6,297
6,305
6,312
6,315
6,317
6,329
6,337
6,344
6,347
6,349
6,353
6,360
6,363
6,365
6,368
6,371
6,373
6,378
6,380
6,393
6,401
6,408
6,411
6,413
6,417
6,424
6,427
6,429
6,432
6,435
6,437
6,442
6,444
6,459
6,461
6,467
6,469
6,474
6,476
6,483
6,485
6,490
6,492
6,498
6,500
6,537
6,553
6,561
6,568
6,571
6,573
6,585
6,593
6,600
6,603
6,605
6,609
6,616
6,619
6,621
6,624
6,627
6,629
6,634
6,636
6,649
6,657
6,664
6,667
6,669
6,673
6,680
6,683
6,685
6,688
6,691
6,693
6,698
6,700
6,715
6,717
6,723
6,725
6,730
6,732
6,739
6,741
6,746
6,748
6,754
6,756
6,777
6,785
6,792
6,795
6,797
6,801
6,808
6,811
6,813
6,816
6,819
6,821
6,826
6,828
6,843
6,845
6,851
6,853
6,858
6,860
6,867
6,869
6,874
6,876
6,882
6,884
6,907
6,909
6,915
6,917
6,922
6,924
6,931
6,933
6,938
6,940
6,946
6,948
6,1049
6,1065
6,1073
6,1080
6,1083
6,1085
6,1097
6,1105
6,1112
6,1115
6,1117
6,1121
6,1128
6,1131
6,1133
6,1136
6,1139
6,1141
6,1146
6,1148
6,1161
6,1169
6,1176
6,1179
6,1181
6,1185
6,1192
6,1195
6,1197
6,1200
6,1203
6,1205
6,1210
6,1212
6,1227
6,1229
6,1235
6,1237
6,1242
6,1244
6,1251
6,1253
6,1258
6,1260
6,1266
6,1268
6,1289
6,1297
6,1304
6,1307
6,1309
6,1313
6,1320
6,1323
6,1325
6,1328
6,1331
6,1333
6,1338
6,1340
6,1355
6,1357
6,1363
6,1365
6,1370
6,1372
6,1379
6,1381
6,1386
6,1388
6,1394
6,1396
6,1419
6,1421
6,1427
6,1429
6,1434
6,1436
6,1443
6,1445
6,1450
6,1452
6,1458
6,1460
6,1545
6,1553
6,1560
6,1563
6,1565
6,1569
6,1576
6,1579
6,1581
6,1584
6,1587
6,1589
6,1594
6,1596
6,1611
6,1613
6,1619
6,1621
6,1626
6,1628
6,1635
6,1637
6,1642
6,1644
6,1650
6,1652
6,1675
6,1677
6,1683
6,1685
6,1690
6,1692
6,1699
6,1701
6,1706
6,1708
6,1714
6,1716
6,1803
6,1805
6,1811
6,1813
6,1818
6,1820
6,1827
6,1829
6,1834
6,1836
6,1842
6,1844
9,54
9,86
9,102
9,114
9,116
9,119
9,126
9,150
9,166
9,178
9,180
9,183
9,190
9,198
9,210
9,212
9,215
9,222
9,226
9,228
9,231
9,238
9,240
9,243
9,245
9,250
9,252
9,278
9,294
9,306
9,308
9,311
9,318
9,326
9,338
9,340
9,343
9,350
9,354
9,356
9,359
9,366
9,368
9,371
9,373
9,378
9,380
9,390
9,402
9,404
9,407
9,414
9,418
9,420
9,423
9,430
9,432
9,435
9,437
9,442
9,444
9,455
9,462
9,467
9,469
9,474
9,476
9,483
9,485
9,490
9,492
9,497
9,504
9,534
9,550
9,562
9,564
9,567
9,574
9,582
9,594
9,596
9,599
9,606
9,610
9,612
9,615
9,622
9,624
9,627
9,629
9,634
9,636
9,646
9,658
9,660
9,663
9,670
9,674
9,676
9,679
9,686
9,688
9,691
9,693
9,698
9,700
9,711
9,718
9,723
9,725
9,730
9,732
9,739
9,741
9,746
9,748
9,753
9,760
9,774
9,786
9,788
9,791
9,798
9,802
9,804
9,807
9,814
9,816
9,819
9,821
9,826
9,828
9,839
9,846
9,851
9,853
9,858
9,860
9,867
9,869
9,874
9,876
9,881
9,888
9,903
9,910
9,915
9,917
9,922
9,924
9,931
9,933
9,938
9,940
9,945
9,952
9,1046
9,1062
9,1074
9,1076
9,1079
9,1086
9,1094
9,1106
9,1108
9,1111
9,1118
9,1122
9,1124
9,1127
9,1134
9,1136
9,1139
9,1141
9,1146
9,1148
9,1158
9,1170
9,1172
9,1175
9,1182
9,1186
9,1188
9,1191
9,1198
9,1200
9,1203
9,1205
9,1210
9,1212
9,1223
9,1230
9,1235
9,1237
9,1242
9,1244
9,1251
9,1253
9,1258
9,1260
9,1265
9,1272
9,1286
9,1298
9,1300
9,1303
9,1310
9,1314
9,1316
9,1319
9,1326
9,1328
9,1331
9,1333
9,1338
9,1340
9,1351
9,1358
9,1363
9,1365
9,1370
9,1372
9,1379
9,1381
9,1386
9,1388
9,1393
9,1400
9,1415
9,1422
9,1427
9,1429
9,1434
9,1436
9,1443
9,1445
9,1450
9,1452
9,1457
9,1464
9,1542
9,1554
9,1556
9,1559
9,1566
9,1570
9,1572
9,1575
9,1582
9,1584
9,1587
9,1589
9,1594
9,1596
9,1607
9,1614
9,1619
9,1621
9,1626
9,1628
9,1635
9,1637
9,1642
9,1644
9,1649
9,1656
9,1671
9,1678
9,1683
9,1685
9,1690
9,1692
9,1699
9,1701
9,1706
9,1708
9,1713
9,1720
9,1799
9,1806
9,1811
9,1813
9,1818
9,1820
9,1827
9,1829
9,1834
9,1836
9,1841
9,1848
10,53
10,85
10,101
10,113
10,116
10,119
10,125
10,149
10,165
10,177
10,180
10,183
10,189
10,197
10,209
10,212
10,215
10,221
10,225
10,228
10,231
10,237
10,240
10,243
10,246
10,249
10,252
10,277
10,293
10,305
10,308
10,311
10,317
10,325
10,337
10,340
10,343
10,349
10,353
10,356
10,359
10,365
10,368
10,371
10,374
10,377
10,380
10,389
10,401
10,404
10,407
10,413
10,417
10,420
10,423
10,429
10,432
10,435
10,438
10,441
10,444
10,455
10,461
10,467
10,470
10,473
10,476
10,483
10,486
10,489
10,492
10,498
10,504
10,533
10,549
10,561
10,564
10,567
10,573
10,581
10,593
10,596
10,599
10,605
10,609
10,612
10,615
10,621
10,624
10,627
10,630
10,633
10,636
10,645
10,657
10,660
10,663
10,669
10,673
10,676
10,679
10,685
10,688
10,691
10,694
10,697
10,700
10,711
10,717
10,723
10,726
10,729
10,732
10,739
10,742
10,745
10,748
10,754
10,760
10,773
10,785
10,788
10,791
10,797
10,801
10,804
10,807
10,813
10,816
10,819
10,822
10,825
10,828
10,839
10,845
10,851
10,854
10,857
10,860
10,867
10,870
10,873
10,876
10,882
10,888
10,903
10,909
10,915
10,918
10,921
10,924
10,931
10,934
10,937
10,940
10,946
10,952
10,1045
10,1061
10,1073
10,1076
10,1079
10,1085
10,1093
10,1105
10,1108
10,1111
10,1117
10,1121
10,1124
10,1127
10,1133
10,1136
10,1139
10,1142
10,1145
10,1148
10,1157
10,1169
10,1172
10,1175
10,1181
10,1185
10,1188
10,1191
10,1197
10,1200
10,1203
10,1206
10,1209
10,1212
10,1223
10,1229
10,1235
10,1238
10,1241
10,1244
10,1251
10,1254
10,1257
10,1260
10,1266
10,1272
10,1285
10,1297
10,1300
10,1303
10,1309
10,1313
10,1316
10,1319
10,1325
10,1328
10,1331
10,1334
10,1337
10,1340
10,1351
10,1357
10,1363
10,1366
10,1369
10,1372
10,1379
10,1382
10,1385
10,1388
10,1394
10,1400
10,1415
10,1421
10,1427
10,1430
10,1433
10,1436
10,1443
10,1446
10,1449
10,1452
10,1458
10,1464
10,1541
10,1553
10,1556
10,1559
10,1565
10,1569
10,1572
10,1575
10,1581
10,1584
10,1587
10,1590
10,1593
10,1596
10,1607
10,1613
10,1619
10,1622
10,1625
10,1628
10,1635
10,1638
10,1641
10,1644
10,1650
10,1656
10,1671
10,1677
10,1683
10,1686
10,1689
10,1692
10,1699
10,1702
10,1705
10,1708
10,1714
10,1720
10,1799
10,1805
10,1811
10,1814
10,1817
10,1820
10,1827
10,1830
10,1833
10,1836
10,1842
10,1848
12,51
12,83
12,99
12,113
12,114
12,119
12,123
12,147
12,163
12,177
12,178
12,183
12,187
12,195
12,209
12,210
12,215
12,219
12,225
12,226
12,231
12,235
12,240
12,245
12,246
12,249
12,250
12,275
12,291
12,305
12,306
12,311
12,315
12,323
12,337
12,338
12,343
12,347
12,353
12,354
12,359
12,363
12,368
12,373
12,374
12,377
12,378
12,387
12,401
12,402
12,407
12,411
12,417
12,418
12,423
12,427
12,432
12,437
12,438
12,441
12,442
12,455
12,459
12,469
12,470
12,473
12,474
12,485
12,486
12,489
12,490
12,500
12,504
12,531
12,547
12,561
12,562
12,567
12,571
12,579
12,593
12,594
12,599
12,603
12,609
12,610
12,615
12,619
12,624
12,629
12,630
12,633
12,634
12,643
12,657
12,658
12,663
12,667
12,673
12,674
12,679
12,683
12,688
12,693
12,694
12,697
12,698
12,711
12,715
12,725
12,726
12,729
12,730
12,741
12,742
12,745
12,746
12,756
12,760
12,771
12,785
12,786
12,791
12,795
12,801
12,802
12,807
12,811
12,816
12,821
12,822
12,825
12,826
12,839
12,843
12,853
12,854
12,857
12,858
12,869
12,870
12,873
12,874
12,884
12,888
12,903
12,907
12,917
12,918
12,921
12,922
12,933
12,934
12,937
12,938
12,948
12,952
12,1043
12,1059
12,1073
12,1074
12,1079
12,1083
12,1091
12,1105
12,1106
12,1111
12,1115
12,1121
12,1122
12,1127
12,1131
12,1136
12,1141
12,1142
12,1145
12,1146
12,1155
12,1169
12,1170
12,1175
12,1179
12,1185
12,1186
12,1191
12,1195
12,1200
12,1205
12,1206
12,1209
12,1210
12,1223
12,1227
12,1237
12,1238
12,1241
12,1242
12,1253
12,1254
12,1257
12,1258
12,1268
12,1272
12,1283
12,1297
12,1298
12,1303
12,1307
12,1313
12,1314
12,1319
12,1323
12,1328
12,1333
12,1334
12,1337
12,1338
12,1351
12,1355
12,1365
12,1366
12,1369
12,1370
12,1381
12,1382
12,1385
12,1386
12,1396
12,1400
12,1415
12,1419
12,1429
12,1430
12,1433
12,1434
12,1445
12,1446
12,1449
12,1450
12,1460
12,1464
12,1539
12,1553
12,1554
12,1559
12,1563
12,1569
12,1570
12,1575
12,1579
12,1584
12,1589
12,1590
12,1593
12,1594
12,1607
12,1611
12,1621
12,1622
12,1625
12,1626
12,1637
12,1638
12,1641
12,1642
12,1652
12,1656
12,1671
12,1675
12,1685
12,1686
12,1689
12,1690
12,1701
12,1702
12,1705
12,1706
12,1716
12,1720
12,1799
12,1803
12,1813
12,1814
12,1817
12,1818
12,1829
12,1830
12,1833
12,1834
12,1844
12,1848
15,48
15,80
15,96
15,113
15,114
15,116
15,120
15,144
15,160
15,177
15,178
15,180
15,184
15,209
15,210
15,212
15,216
15,225
15,226
15,228
15,232
15,243
15,245
15,246
15,249
15,250
15,252
15,272
15,288
15,305
15,306
15,308
15,312
15,337
15,338
15,340
15,344
15,353
15,354
15,356
15,360
15,371
15,373
15,374
15,377
15,378
15,380
15,401
15,402
15,404
15,408
15,417
15,418
15,420
15,424
15,435
15,437
15,438
15,441
15,442
15,444
15,467
15,469
15,470
15,473
15,474
15,476
15,483
15,485
15,486
15,489
15,490
15,492
15,528
15,544
15,561
15,562
15,564
15,568
15,593
15,594
15,596
15,600
15,609
15,610
15,612
15,616
15,627
15,629
15,630
15,633
15,634
15,636
15,657
15,658
15,660
15,664
15,673
15,674
15,676
15,680
15,691
15,693
15,694
15,697
15,698
15,700
15,723
15,725
15,726
15,729
15,730
15,732
15,739
15,741
15,742
15,745
15,746
15,748
15,785
15,786
15,788
15,792
15,801
15,802
15,804
15,808
15,819
15,821
15,822
15,825
15,826
15,828
15,851
15,853
15,854
15,857
15,858
15,860
15,867
15,869
15,870
15,873
15,874
15,876
15,915
15,917
15,918
15,921
15,922
15,924
15,931
15,933
15,934
15,937
15,938
15,940
15,1040
15,1056
15,1073
15,1074
15,1076
15,1080
15,1105
15,1106
15,1108
15,1112
15,1121
15,1122
15,1124
15,1128
15,1139
15,1141
15,1142
15,1145
15,1146
15,1148
15,1169
15,1170
15,1172
15,1176
15,1185
15,1186
15,1188
15,1192
15,1203
15,1205
15,1206
15,1209
15,1210
15,1212
15,1235
15,1237
15,1238
15,1241
15,1242
15,1244
15,1251
15,1253
15,1254
15,1257
15,1258
15,1260
15,1297
15,1298
15,1300
15,1304
15,1313
15,1314
15,1316
15,1320
15,1331
15,1333
15,1334
15,1337
15,1338
15,1340
15,1363
15,1365
15,1366
15,1369
15,1370
15,1372
15,1379
15,1381
15,1382
15,1385
15,1386
15,1388
15,1427
15,1429
15,1430
15,1433
15,1434
15,1436
15,1443
15,1445
15,1446
15,1449
15,1450
15,1452
15,1553
15,1554
15,1556
15,1560
15,1569
15,1570
15,1572
15,1576
15,1587
15,1589
15,1590
15,1593
15,1594
15,1596
15,1619
15,1621
15,1622
15,1625
15,1626
15,1628
15,1635
15,1637
15,1638
15,1641
15,1642
15,1644
15,1683
15,1685
15,1686
15,1689
15,1690
15,1692
15,1699
15,1701
15,1702
15,1705
15,1706
15,1708
15,1811
15,1813
15,1814
15,1817
15,1818
15,1820
15,1827
15,1829
15,1830
15,1833
15,1834
15,1836
17,46
17,78
17,102
17,106
17,108
17,111
17,126
17,142
17,166
17,170
17,172
17,175
17,190
17,198
17,202
17,204
17,207
17,222
17,226
17,228
17,231
17,232
17,235
17,237
17,246
17,250
17,252
17,270
17,294
17,298
17,300
17,303
17,318
17,326
17,330
17,332
17,335
17,350
17,354
17,356
17,359
17,360
17,363
17,365
17,374
17,378
17,380
17,390
17,394
17,396
17,399
17,414
17,418
17,420
17,423
17,424
17,427
17,429
17,438
17,442
17,444
17,455
17,459
17,461
17,470
17,474
17,476
17,483
17,485
17,489
17,498
17,500
17,504
17,526
17,550
17,554
17,556
17,559
17,574
17,582
17,586
17,588
17,591
17,606
17,610
17,612
17,615
17,616
17,619
17,621
17,630
17,634
17,636
17,646
17,650
17,652
17,655
17,670
17,674
17,676
17,679
17,680
17,683
17,685
17,694
17,698
17,700
17,711
17,715
17,717
17,726
17,730
17,732
17,739
17,741
17,745
17,754
17,756
17,760
17,774
17,778
17,780
17,783
17,798
17,802
17,804
17,807
17,808
17,811
17,813
17,822
17,826
17,828
17,839
17,843
17,845
17,854
17,858
17,860
17,867
17,869
17,873
17,882
17,884
17,888
17,903
17,907
17,909
17,918
17,922
17,924
17,931
17,933
17,937
17,946
17,948
17,952
17,1038
17,1062
17,1066
17,1068
17,1071
17,1086
17,1094
17,1098
17,1100
17,1103
17,1118
17,1122
17,1124
17,1127
17,1128
17,1131
17,1133
17,1142
17,1146
17,1148
17,1158
17,1162
17,1164
17,1167
17,1182
17,1186
17,1188
17,1191
17,1192
17,1195
17,1197
17,1206
17,1210
17,1212
17,1223
17,1227
17,1229
17,1238
17,1242
17,1244
17,1251
17,1253
17,1257
17,1266
17,1268
17,1272
17,1286
17,1290
17,1292
17,1295
17,1310
17,1314
17,1316
17,1319
17,1320
17,1323
17,1325
17,1334
17,1338
17,1340
17,1351
17,1355
17,1357
17,1366
17,1370
17,1372
17,1379
17,1381
17,1385
17,1394
17,1396
17,1400
17,1415
17,1419
17,1421
17,1430
17,1434
17,1436
17,1443
17,1445
17,1449
17,1458
17,1460
17,1464
17,1542
17,1546
17,1548
17,1551
17,1566
17,1570
17,1572
17,1575
17,1576
17,1579
17,1581
17,1590
17,1594
17,1596
17,1607
17,1611
17,1613
17,1622
17,1626
17,1628
17,1635
17,1637
17,1641
17,1650
17,1652
17,1656
17,1671
17,1675
17,1677
17,1686
17,1690
17,1692
17,1699
17,1701
17,1705
17,1714
17,1716
17,1720
17,1799
17,1803
17,1805
17,1814
17,1818
17,1820
17,1827
17,1829
17,1833
17,1842
17,1844
17,1848
18,45
18,77
18,101
18,105
18,108
18,111
18,125
18,141
18,165
18,169
18,172
18,175
18,189
18,197
18,201
18,204
18,207
18,221
18,225
18,228
18,231
18,232
18,235
18,238
18,245
18,249
18,252
18,269
18,293
18,297
18,300
18,303
18,317
18,325
18,329
18,332
18,335
18,349
18,353
18,356
18,359
18,360
18,363
18,366
18,373
18,377
18,380
18,389
18,393
18,396
18,399
18,413
18,417
18,420
18,423
18,424
18,427
18,430
18,437
18,441
18,444
18,455
18,459
18,462
18,469
18,473
18,476
18,483
18,486
18,490
18,497
18,500
18,504
18,525
18,549
18,553
18,556
18,559
18,573
18,581
18,585
18,588
18,591
18,605
18,609
18,612
18,615
18,616
18,619
18,622
18,629
18,633
18,636
18,645
18,649
18,652
18,655
18,669
18,673
18,676
18,679
18,680
18,683
18,686
18,693
18,697
18,700
18,711
18,715
18,718
18,725
18,729
18,732
18,739
18,742
18,746
18,753
18,756
18,760
18,773
18,777
18,780
18,783
18,797
18,801
18,804
18,807
18,808
18,811
18,814
18,821
18,825
18,828
18,839
18,843
18,846
18,853
18,857
18,860
18,867
18,870
18,874
18,881
18,884
18,888
18,903
18,907
18,910
18,917
18,921
18,924
18,931
18,934
18,938
18,945
18,948
18,952
18,1037
18,1061
18,1065
18,1068
18,1071
18,1085
18,1093
18,1097
18,1100
18,1103
18,1117
18,1121
18,1124
18,1127
18,1128
18,1131
18,1134
18,1141
18,1145
18,1148
18,1157
18,1161
18,1164
18,1167
18,1181
18,1185
18,1188
18,1191
18,1192
18,1195
18,1198
18,1205
18,1209
18,1212
18,1223
18,1227
18,1230
18,1237
18,1241
18,1244
18,1251
18,1254
18,1258
18,1265
18,1268
18,1272
18,1285
18,1289
18,1292
18,1295
18,1309
18,1313
18,1316
18,1319
18,1320
18,1323
18,1326
18,1333
18,1337
18,1340
18,1351
18,1355
18,1358
18,1365
18,1369
18,1372
18,1379
18,1382
18,1386
18,1393
18,1396
18,1400
18,1415
18,1419
18,1422
18,1429
18,1433
18,1436
18,1443
18,1446
18,1450
18,1457
18,1460
18,1464
18,1541
18,1545
18,1548
18,1551
18,1565
18,1569
18,1572
18,1575
18,1576
18,1579
18,1582
18,1589
18,1593
18,1596
18,1607
18,1611
18,1614
18,1621
18,1625
18,1628
18,1635
18,1638
18,1642
18,1649
18,1652
18,1656
18,1671
18,1675
18,1678
18,1685
18,1689
18,1692
18,1699
18,1702
18,1706
18,1713
18,1716
18,1720
18,1799
18,1803
18,1806
18,1813
18,1817
18,1820
18,1827
18,1830
18,1834
18,1841
18,1844
18,1848
20,43
20,75
20,99
20,105
20,106
20,111
20,123
20,139
20,163
20,169
20,170
20,175
20,187
20,195
20,201
20,202
20,207
20,219
20,225
20,226
20,231
20,232
20,237
20,238
20,243
20,249
20,250
20,267
20,291
20,297
20,298
20,303
20,315
20,323
20,329
20,330
20,335
20,347
20,353
20,354
20,359
20,360
20,365
20,366
20,371
20,377
20,378
20,387
20,393
20,394
20,399
20,411
20,417
20,418
20,423
20,424
20,429
20,430
20,435
20,441
20,442
20,455
20,461
20,462
20,467
20,473
20,474
20,485
20,486
20,492
20,497
20,498
20,504
20,523
20,547
20,553
20,554
20,559
20,571
20,579
20,585
20,586
20,591
20,603
20,609
20,610
20,615
20,616
20,621
20,622
20,627
20,633
20,634
20,643
20,649
20,650
20,655
20,667
20,673
20,674
20,679
20,680
20,685
20,686
20,691
20,697
20,698
20,711
20,717
20,718
20,723
20,729
20,730
20,741
20,742
20,748
20,753
20,754
20,760
20,771
20,777
20,778
20,783
20,795
20,801
20,802
20,807
20,808
20,813
20,814
20,819
20,825
20,826
20,839
20,845
20,846
20,851
20,857
20,858
20,869
20,870
20,876
20,881
20,882
20,888
20,903
20,909
20,910
20,915
20,921
20,922
20,933
20,934
20,940
20,945
20,946
20,952
20,1035
20,1059
20,1065
20,1066
20,1071
20,1083
20,1091
20,1097
20,1098
20,1103
20,1115
20,1121
20,1122
20,1127
20,1128
20,1133
20,1134
20,1139
20,1145
20,1146
20,1155
20,1161
20,1162
20,1167
20,1179
20,1185
20,1186
20,1191
20,1192
20,1197
20,1198
20,1203
20,1209
20,1210
20,1223
20,1229
20,1230
20,1235
20,1241
20,1242
20,1253
20,1254
20,1260
20,1265
20,1266
20,1272
20,1283
20,1289
20,1290
20,1295
20,1307
20,1313
20,1314
20,1319
20,1320
20,1325
20,1326
20,1331
20,1337
20,1338
20,1351
20,1357
20,1358
20,1363
20,1369
20,1370
20,1381
20,1382
20,1388
20,1393
20,1394
20,1400
20,1415
20,1421
20,1422
20,1427
20,1433
20,1434
20,1445
20,1446
20,1452
20,1457
20,1458
20,1464
20,1539
20,1545
20,1546
20,1551
20,1563
20,1569
20,1570
20,1575
20,1576
20,1581
20,1582
20,1587
20,1593
20,1594
20,1607
20,1613
20,1614
20,1619
20,1625
20,1626
20,1637
20,1638
20,1644
20,1649
20,1650
20,1656
20,1671
20,1677
20,1678
20,1683
20,1689
20,1690
20,1701
20,1702
20,1708
20,1713
20,1714
20,1720
20,1799
20,1805
20,1806
20,1811
20,1817
20,1818
20,1829
20,1830
20,1836
20,1841
20,1842
20,1848
23,40
23,72
23,96
23,105
23,106
23,108
23,120
23,136
23,160
23,169
23,170
23,172
23,184
23,201
23,202
23,204
23,216
23,225
23,226
23,228
23,235
23,237
23,238
23,240
23,249
23,250
23,252
23,264
23,288
23,297
23,298
23,300
23,312
23,329
23,330
23,332
23,344
23,353
23,354
23,356
23,363
23,365
23,366
23,368
23,377
23,378
23,380
23,393
23,394
23,396
23,408
23,417
23,418
23,420
23,427
23,429
23,430
23,432
23,441
23,442
23,444
23,459
23,461
23,462
23,473
23,474
23,476
23,483
23,485
23,486
23,497
23,498
23,500
23,520
23,544
23,553
23,554
23,556
23,568
23,585
23,586
23,588
23,600
23,609
23,610
23,612
23,619
23,621
23,622
23,624
23,633
23,634
23,636
23,649
23,650
23,652
23,664
23,673
23,674
23,676
23,683
23,685
23,686
23,688
23,697
23,698
23,700
23,715
23,717
23,718
23,729
23,730
23,732
23,739
23,741
23,742
23,753
23,754
23,756
23,777
23,778
23,780
23,792
23,801
23,802
23,804
23,811
23,813
23,814
23,816
23,825
23,826
23,828
23,843
23,845
23,846
23,857
23,858
23,860
23,867
23,869
23,870
23,881
23,882
23,884
23,907
23,909
23,910
23,921
23,922
23,924
23,931
23,933
23,934
23,945
23,946
23,948
23,1032
23,1056
23,1065
23,1066
23,1068
23,1080
23,1097
23,1098
23,1100
23,1112
23,1121
23,1122
23,1124
23,1131
23,1133
23,1134
23,1136
23,1145
23,1146
23,1148
23,1161
23,1162
23,1164
23,1176
23,1185
23,1186
23,1188
23,1195
23,1197
23,1198
23,1200
23,1209
23,1210
23,1212
23,1227
23,1229
23,1230
23,1241
23,1242
23,1244
23,1251
23,1253
23,1254
23,1265
23,1266
23,1268
23,1289
23,1290
23,1292
23,1304
23,1313
23,1314
23,1316
23,1323
23,1325
23,1326
23,1328
23,1337
23,1338
23,1340
23,1355
23,1357
23,1358
23,1369
23,1370
23,1372
23,1379
23,1381
23,1382
23,1393
23,1394
23,1396
23,1419
23,1421
23,1422
23,1433
23,1434
23,1436
23,1443
23,1445
23,1446
23,1457
23,1458
23,1460
23,1545
23,1546
23,1548
23,1560
23,1569
23,1570
23,1572
23,1579
23,1581
23,1582
23,1584
23,1593
23,1594
23,1596
23,1611
23,1613
23,1614
23,1625
23,1626
23,1628
23,1635
23,1637
23,1638
23,1649
23,1650
23,1652
23,1675
23,1677
23,1678
23,1689
23,1690
23,1692
23,1699
23,1701
23,1702
23,1713
23,1714
23,1716
23,1803
23,1805
23,1806
23,1817
23,1818
23,1820
23,1827
23,1829
23,1830
23,1841
23,1842
23,1844
24,39
24,71
24,99
24,101
24,102
24,111
24,119
24,135
24,163
24,165
24,166
24,175
24,183
24,195
24,197
24,198
24,207
24,215
24,225
24,226
24,228
24,235
24,237
24,238
24,243
24,245
24,246
24,263
24,291
24,293
24,294
24,303
24,311
24,323
24,325
24,326
24,335
24,343
24,353
24,354
24,356
24,363
24,365
24,366
24,371
24,373
24,374
24,387
24,389
24,390
24,399
24,407
24,417
24,418
24,420
24,427
24,429
24,430
24,435
24,437
24,438
24,459
24,461
24,462
24,467
24,469
24,470
24,489
24,490
24,492
24,497
24,498
24,500
24,519
24,547
24,549
24,550
24,559
24,567
24,579
24,581
24,582
24,591
24,599
24,609
24,610
24,612
24,619
24,621
24,622
24,627
24,629
24,630
24,643
24,645
24,646
24,655
24,663
24,673
24,674
24,676
24,683
24,685
24,686
24,691
24,693
24,694
24,715
24,717
24,718
24,723
24,725
24,726
24,745
24,746
24,748
24,753
24,754
24,756
24,771
24,773
24,774
24,783
24,791
24,801
24,802
24,804
24,811
24,813
24,814
24,819
24,821
24,822
24,843
24,845
24,846
24,851
24,853
24,854
24,873
24,874
24,876
24,881
24,882
24,884
24,907
24,909
24,910
24,915
24,917
24,918
24,937
24,938
24,940
24,945
24,946
24,948
24,1031
24,1059
24,1061
24,1062
24,1071
24,1079
24,1091
24,1093
24,1094
24,1103
24,1111
24,1121
24,1122
24,1124
24,1131
24,1133
24,1134
24,1139
24,1141
24,1142
24,1155
24,1157
24,1158
24,1167
24,1175
24,1185
24,1186
24,1188
24,1195
24,1197
24,1198
24,1203
24,1205
24,1206
24,1227
24,1229
24,1230
24,1235
24,1237
24,1238
24,1257
24,1258
24,1260
24,1265
24,1266
24,1268
24,1283
24,1285
24,1286
24,1295
24,1303
24,1313
24,1314
24,1316
24,1323
24,1325
24,1326
24,1331
24,1333
24,1334
24,1355
24,1357
24,1358
24,1363
24,1365
24,1366
24,1385
24,1386
24,1388
24,1393
24,1394
24,1396
24,1419
24,1421
24,1422
24,1427
24,1429
24,1430
24,1449
24,1450
24,1452
24,1457
24,1458
24,1460
24,1539
24,1541
24,1542
24,1551
24,1559
24,1569
24,1570
24,1572
24,1579
24,1581
24,1582
24,1587
24,1589
24,1590
24,1611
24,1613
24,1614
24,1619
24,1621
24,1622
24,1641
24,1642
24,1644
24,1649
24,1650
24,1652
24,1675
24,1677
24,1678
24,1683
24,1685
24,1686
24,1705
24,1706
24,1708
24,1713
24,1714
24,1716
24,1803
24,1805
24,1806
24,1811
24,1813
24,1814
24,1833
24,1834
24,1836
24,1841
24,1842
24,1844
27,36
27,68
27,96
27,101
27,102
27,108
27,116
27,132
27,160
27,165
27,166
27,172
27,180
27,197
27,198
27,204
27,212
27,225
27,226
27,231
27,232
27,237
27,238
27,240
27,245
27,246
27,252
27,260
27,288
27,293
27,294
27,300
27,308
27,325
27,326
27,332
27,340
27,353
27,354
27,359
27,360
27,365
27,366
27,368
27,373
27,374
27,380
27,389
27,390
27,396
27,404
27,417
27,418
27,423
27,424
27,429
27,430
27,432
27,437
27,438
27,444
27,455
27,461
27,462
27,469
27,470
27,476
27,483
27,489
27,490
27,497
27,498
27,504
27,516
27,544
27,549
27,550
27,556
27,564
27,581
27,582
27,588
27,596
27,609
27,610
27,615
27,616
27,621
27,622
27,624
27,629
27,630
27,636
27,645
27,646
27,652
27,660
27,673
27,674
27,679
27,680
27,685
27,686
27,688
27,693
27,694
27,700
27,711
27,717
27,718
27,725
27,726
27,732
27,739
27,745
27,746
27,753
27,754
27,760
27,773
27,774
27,780
27,788
27,801
27,802
27,807
27,808
27,813
27,814
27,816
27,821
27,822
27,828
27,839
27,845
27,846
27,853
27,854
27,860
27,867
27,873
27,874
27,881
27,882
27,888
27,903
27,909
27,910
27,917
27,918
27,924
27,931
27,937
27,938
27,945
27,946
27,952
27,1028
27,1056
27,1061
27,1062
27,1068
27,1076
27,1093
27,1094
27,1100
27,1108
27,1121
27,1122
27,1127
27,1128
27,1133
27,1134
27,1136
27,1141
27,1142
27,1148
27,1157
27,1158
27,1164
27,1172
27,1185
27,1186
27,1191
27,1192
27,1197
27,1198
27,1200
27,1205
27,1206
27,1212
27,1223
27,1229
27,1230
27,1237
27,1238
27,1244
27,1251
27,1257
27,1258
27,1265
27,1266
27,1272
27,1285
27,1286
27,1292
27,1300
27,1313
27,1314
27,1319
27,1320
27,1325
27,1326
27,1328
27,1333
27,1334
27,1340
27,1351
27,1357
27,1358
27,1365
27,1366
27,1372
27,1379
27,1385
27,1386
27,1393
27,1394
27,1400
27,1415
27,1421
27,1422
27,1429
27,1430
27,1436
27,1443
27,1449
27,1450
27,1457
27,1458
27,1464
27,1541
27,1542
27,1548
27,1556
27,1569
27,1570
27,1575
27,1576
27,1581
27,1582
27,1584
27,1589
27,1590
27,1596
27,1607
27,1613
27,1614
27,1621
27,1622
27,1628
27,1635
27,1641
27,1642
27,1649
27,1650
27,1656
27,1671
27,1677
27,1678
27,1685
27,1686
27,1692
27,1699
27,1705
27,1706
27,1713
27,1714
27,1720
27,1799
27,1805
27,1806
27,1813
27,1814
27,1820
27,1827
27,1833
27,1834
27,1841
27,1842
27,1848
29,34
29,66
29,96
29,99
29,102
29,106
29,114
29,130
29,160
29,163
29,166
29,170
29,178
29,195
29,198
29,202
29,210
29,225
29,228
29,231
29,232
29,235
29,238
29,240
29,243
29,246
29,250
29,258
29,288
29,291
29,294
29,298
29,306
29,323
29,326
29,330
29,338
29,353
29,356
29,359
29,360
29,363
29,366
29,368
29,371
29,374
29,378
29,387
29,390
29,394
29,402
29,417
29,420
29,423
29,424
29,427
29,430
29,432
29,435
29,438
29,442
29,455
29,459
29,462
29,467
29,470
29,474
29,485
29,489
29,492
29,497
29,500
29,504
29,514
29,544
29,547
29,550
29,554
29,562
29,579
29,582
29,586
29,594
29,609
29,612
29,615
29,616
29,619
29,622
29,624
29,627
29,630
29,634
29,643
29,646
29,650
29,658
29,673
29,676
29,679
29,680
29,683
29,686
29,688
29,691
29,694
29,698
29,711
29,715
29,718
29,723
29,726
29,730
29,741
29,745
29,748
29,753
29,756
29,760
29,771
29,774
29,778
29,786
29,801
29,804
29,807
29,808
29,811
29,814
29,816
29,819
29,822
29,826
29,839
29,843
29,846
29,851
29,854
29,858
29,869
29,873
29,876
29,881
29,884
29,888
29,903
29,907
29,910
29,915
29,918
29,922
29,933
29,937
29,940
29,945
29,948
29,952
29,1026
29,1056
29,1059
29,1062
29,1066
29,1074
29,1091
29,1094
29,1098
29,1106
29,1121
29,1124
29,1127
29,1128
29,1131
29,1134
29,1136
29,1139
29,1142
29,1146
29,1155
29,1158
29,1162
29,1170
29,1185
29,1188
29,1191
29,1192
29,1195
29,1198
29,1200
29,1203
29,1206
29,1210
29,1223
29,1227
29,1230
29,1235
29,1238
29,1242
29,1253
29,1257
29,1260
29,1265
29,1268
29,1272
29,1283
29,1286
29,1290
29,1298
29,1313
29,1316
29,1319
29,1320
29,1323
29,1326
29,1328
29,1331
29,1334
29,1338
29,1351
29,1355
29,1358
29,1363
29,1366
29,1370
29,1381
29,1385
29,1388
29,1393
29,1396
29,1400
29,1415
29,1419
29,1422
29,1427
29,1430
29,1434
29,1445
29,1449
29,1452
29,1457
29,1460
29,1464
29,1539
29,1542
29,1546
29,1554
29,1569
29,1572
29,1575
29,1576
29,1579
29,1582
29,1584
29,1587
29,1590
29,1594
29,1607
29,1611
29,1614
29,1619
29,1622
29,1626
29,1637
29,1641
29,1644
29,1649
29,1652
29,1656
29,1671
29,1675
29,1678
29,1683
29,1686
29,1690
29,1701
29,1705
29,1708
29,1713
29,1716
29,1720
29,1799
29,1803
29,1806
29,1811
29,1814
29,1818
29,1829
29,1833
29,1836
29,1841
29,1844
29,1848
30,33
30,65
30,96
30,99
30,101
30,105
30,113
30,129
30,160
30,163
30,165
30,169
30,177
30,195
30,197
30,201
30,209
30,226
30,228
30,231
30,232
30,235
30,237
30,240
30,243
30,245
30,249
30,257
30,288
30,291
30,293
30,297
30,305
30,323
30,325
30,329
30,337
30,354
30,356
30,359
30,360
30,363
30,365
30,368
30,371
30,373
30,377
30,387
30,389
30,393
30,401
30,418
30,420
30,423
30,424
30,427
30,429
30,432
30,435
30,437
30,441
30,455
30,459
30,461
30,467
30,469
30,473
30,486
30,490
30,492
30,498
30,500
30,504
30,513
30,544
30,547
30,549
30,553
30,561
30,579
30,581
30,585
30,593
30,610
30,612
30,615
30,616
30,619
30,621
30,624
30,627
30,629
30,633
30,643
30,645
30,649
30,657
30,674
30,676
30,679
30,680
30,683
30,685
30,688
30,691
30,693
30,697
30,711
30,715
30,717
30,723
30,725
30,729
30,742
30,746
30,748
30,754
30,756
30,760
30,771
30,773
30,777
30,785
30,802
30,804
30,807
30,808
30,811
30,813
30,816
30,819
30,821
30,825
30,839
30,843
30,845
30,851
30,853
30,857
30,870
30,874
30,876
30,882
30,884
30,888
30,903
30,907
30,909
30,915
30,917
30,921
30,934
30,938
30,940
30,946
30,948
30,952
30,1025
30,1056
30,1059
30,1061
30,1065
30,1073
30,1091
30,1093
30,1097
30,1105
30,1122
30,1124
30,1127
30,1128
30,1131
30,1133
30,1136
30,1139
30,1141
30,1145
30,1155
30,1157
30,1161
30,1169
30,1186
30,1188
30,1191
30,1192
30,1195
30,1197
30,1200
30,1203
30,1205
30,1209
30,1223
30,1227
30,1229
30,1235
30,1237
30,1241
30,1254
30,1258
30,1260
30,1266
30,1268
30,1272
30,1283
30,1285
30,1289
30,1297
30,1314
30,1316
30,1319
30,1320
30,1323
30,1325
30,1328
30,1331
30,1333
30,1337
30,1351
30,1355
30,1357
30,1363
30,1365
30,1369
30,1382
30,1386
30,1388
30,1394
30,1396
30,1400
30,1415
30,1419
30,1421
30,1427
30,1429
30,1433
30,1446
30,1450
30,1452
30,1458
30,1460
30,1464
30,1539
30,1541
30,1545
30,1553
30,1570
30,1572
30,1575
30,1576
30,1579
30,1581
30,1584
30,1587
30,1589
30,1593
30,1607
30,1611
30,1613
30,1619
30,1621
30,1625
30,1638
30,1642
30,1644
30,1650
30,1652
30,1656
30,1671
30,1675
30,1677
30,1683
30,1685
30,1689
30,1702
30,1706
30,1708
30,1714
30,1716
30,1720
30,1799
30,1803
30,1805
30,1811
30,1813
30,1817
30,1830
30,1834
30,1836
30,1842
30,1844
30,1848
33,78
33,86
33,90
33,92
33,95
33,126
33,142
33,150
33,154
33,156
33,159
33,190
33,198
33,202
33,204
33,207
33,210
33,212
33,215
33,216
33,219
33,221
33,238
33,246
33,250
33,252
33,270
33,278
33,282
33,284
33,287
33,318
33,326
33,330
33,332
33,335
33,338
33,340
33,343
33,344
33,347
33,349
33,366
33,374
33,378
33,380
33,390
33,394
33,396
33,399
33,402
33,404
33,407
33,408
33,411
33,413
33,430
33,438
33,442
33,444
33,455
33,459
33,461
33,467
33,469
33,473
33,486
33,490
33,492
33,498
33,500
33,504
33,526
33,534
33,538
33,540
33,543
33,574
33,582
33,586
33,588
33,591
33,594
33,596
33,599
33,600
33,603
33,605
33,622
33,630
33,634
33,636
33,646
33,650
33,652
33,655
33,658
33,660
33,663
33,664
33,667
33,669
33,686
33,694
33,698
33,700
33,711
33,715
33,717
33,723
33,725
33,729
33,742
33,746
33,748
33,754
33,756
33,760
33,774
33,778
33,780
33,783
33,786
33,788
33,791
33,792
33,795
33,797
33,814
33,822
33,826
33,828
33,839
33,843
33,845
33,851
33,853
33,857
33,870
33,874
33,876
33,882
33,884
33,888
33,903
33,907
33,909
33,915
33,917
33,921
33,934
33,938
33,940
33,946
33,948
33,952
33,1038
33,1046
33,1050
33,1052
33,1055
33,1086
33,1094
33,1098
33,1100
33,1103
33,1106
33,1108
33,1111
33,1112
33,1115
33,1117
33,1134
33,1142
33,1146
33,1148
33,1158
33,1162
33,1164
33,1167
33,1170
33,1172
33,1175
33,1176
33,1179
33,1181
33,1198
33,1206
33,1210
33,1212
33,1223
33,1227
33,1229
33,1235
33,1237
33,1241
33,1254
33,1258
33,1260
33,1266
33,1268
33,1272
33,1286
33,1290
33,1292
33,1295
33,1298
33,1300
33,1303
33,1304
33,1307
33,1309
33,1326
33,1334
33,1338
33,1340
33,1351
33,1355
33,1357
33,1363
33,1365
33,1369
33,1382
33,1386
33,1388
33,1394
33,1396
33,1400
33,1415
33,1419
33,1421
33,1427
33,1429
33,1433
33,1446
33,1450
33,1452
33,1458
33,1460
33,1464
33,1542
33,1546
33,1548
33,1551
33,1554
33,1556
33,1559
33,1560
33,1563
33,1565
33,1582
33,1590
33,1594
33,1596
33,1607
33,1611
33,1613
33,1619
33,1621
33,1625
33,1638
33,1642
33,1644
33,1650
33,1652
33,1656
33,1671
33,1675
33,1677
33,1683
33,1685
33,1689
33,1702
33,1706
33,1708
33,1714
33,1716
33,1720
33,1799
33,1803
33,1805
33,1811
33,1813
33,1817
33,1830
33,1834
33,1836
33,1842
33,1844
33,1848
34,77
34,85
34,89
34,92
34,95
34,125
34,141
34,149
34,153
34,156
34,159
34,189
34,197
34,201
34,204
34,207
34,209
34,212
34,215
34,216
34,219
34,222
34,237
34,245
34,249
34,252
34,269
34,277
34,281
34,284
34,287
34,317
34,325
34,329
34,332
34,335
34,337
34,340
34,343
34,344
34,347
34,350
34,365
34,373
34,377
34,380
34,389
34,393
34,396
34,399
34,401
34,404
34,407
34,408
34,411
34,414
34,429
34,437
34,441
34,444
34,455
34,459
34,462
34,467
34,470
34,474
34,485
34,489
34,492
34,497
34,500
34,504
34,525
34,533
34,537
34,540
34,543
34,573
34,581
34,585
34,588
34,591
34,593
34,596
34,599
34,600
34,603
34,606
34,621
34,629
34,633
34,636
34,645
34,649
34,652
34,655
34,657
34,660
34,663
34,664
34,667
34,670
34,685
34,693
34,697
34,700
34,711
34,715
34,718
34,723
34,726
34,730
34,741
34,745
34,748
34,753
34,756
34,760
34,773
34,777
34,780
34,783
34,785
34,788
34,791
34,792
34,795
34,798
34,813
34,821
34,825
34,828
34,839
34,843
34,846
34,851
34,854
34,858
34,869
34,873
34,876
34,881
34,884
34,888
34,903
34,907
34,910
34,915
34,918
34,922
34,933
34,937
34,940
34,945
34,948
34,952
34,1037
34,1045
34,1049
34,1052
34,1055
34,1085
34,1093
34,1097
34,1100
34,1103
34,1105
34,1108
34,1111
34,1112
34,1115
34,1118
34,1133
34,1141
34,1145
34,1148
34,1157
34,1161
34,1164
34,1167
34,1169
34,1172
34,1175
34,1176
34,1179
34,1182
34,1197
34,1205
34,1209
34,1212
34,1223
34,1227
34,1230
34,1235
34,1238
34,1242
34,1253
34,1257
34,1260
34,1265
34,1268
34,1272
34,1285
34,1289
34,1292
34,1295
34,1297
34,1300
34,1303
34,1304
34,1307
34,1310
34,1325
34,1333
34,1337
34,1340
34,1351
34,1355
34,1358
34,1363
34,1366
34,1370
34,1381
34,1385
34,1388
34,1393
34,1396
34,1400
34,1415
34,1419
34,1422
34,1427
34,1430
34,1434
34,1445
34,1449
34,1452
34,1457
34,1460
34,1464
34,1541
34,1545
34,1548
34,1551
34,1553
34,1556
34,1559
34,1560
34,1563
34,1566
34,1581
34,1589
34,1593
34,1596
34,1607
34,1611
34,1614
34,1619
34,1622
34,1626
34,1637
34,1641
34,1644
34,1649
34,1652
34,1656
34,1671
34,1675
34,1678
34,1683
34,1686
34,1690
34,1701
34,1705
34,1708
34,1713
34,1716
34,1720
34,1799
34,1803
34,1806
34,1811
34,1814
34,1818
34,1829
34,1833
34,1836
34,1841
34,1844
34,1848
36,75
36,83
36,89
36,90
36,95
36,123
36,139
36,147
36,153
36,154
36,159
36,187
36,195
36,201
36,202
36,207
36,209
36,210
36,215
36,216
36,221
36,222
36,235
36,243
36,249
36,250
36,267
36,275
36,281
36,282
36,287
36,315
36,323
36,329
36,330
36,335
36,337
36,338
36,343
36,344
36,349
36,350
36,363
36,371
36,377
36,378
36,387
36,393
36,394
36,399
36,401
36,402
36,407
36,408
36,413
36,414
36,427
36,435
36,441
36,442
36,455
36,461
36,462
36,469
36,470
36,476
36,483
36,489
36,490
36,497
36,498
36,504
36,523
36,531
36,537
36,538
36,543
36,571
36,579
36,585
36,586
36,591
36,593
36,594
36,599
36,600
36,605
36,606
36,619
36,627
36,633
36,634
36,643
36,649
36,650
36,655
36,657
36,658
36,663
36,664
36,669
36,670
36,683
36,691
36,697
36,698
36,711
36,717
36,718
36,725
36,726
36,732
36,739
36,745
36,746
36,753
36,754
36,760
36,771
36,777
36,778
36,783
36,785
36,786
36,791
36,792
36,797
36,798
36,811
36,819
36,825
36,826
36,839
36,845
36,846
36,853
36,854
36,860
36,867
36,873
36,874
36,881
36,882
36,888
36,903
36,909
36,910
36,917
36,918
36,924
36,931
36,937
36,938
36,945
36,946
36,952
36,1035
36,1043
36,1049
36,1050
36,1055
36,1083
36,1091
36,1097
36,1098
36,1103
36,1105
36,1106
36,1111
36,1112
36,1117
36,1118
36,1131
36,1139
36,1145
36,1146
36,1155
36,1161
36,1162
36,1167
36,1169
36,1170
36,1175
36,1176
36,1181
36,1182
36,1195
36,1203
36,1209
36,1210
36,1223
36,1229
36,1230
36,1237
36,1238
36,1244
36,1251
36,1257
36,1258
36,1265
36,1266
36,1272
36,1283
36,1289
36,1290
36,1295
36,1297
36,1298
36,1303
36,1304
36,1309
36,1310
36,1323
36,1331
36,1337
36,1338
36,1351
36,1357
36,1358
36,1365
36,1366
36,1372
36,1379
36,1385
36,1386
36,1393
36,1394
36,1400
36,1415
36,1421
36,1422
36,1429
36,1430
36,1436
36,1443
36,1449
36,1450
36,1457
36,1458
36,1464
36,1539
36,1545
36,1546
36,1551
36,1553
36,1554
36,1559
36,1560
36,1565
36,1566
36,1579
36,1587
36,1593
36,1594
36,1607
36,1613
36,1614
36,1621
36,1622
36,1628
36,1635
36,1641
36,1642
36,1649
36,1650
36,1656
36,1671
36,1677
36,1678
36,1685
36,1686
36,1692
36,1699
36,1705
36,1706
36,1713
36,1714
36,1720
36,1799
36,1805
36,1806
36,1813
36,1814
36,1820
36,1827
36,1833
36,1834
36,1841
36,1842
36,1848
39,72
39,80
39,89
39,90
39,92
39,120
39,136
39,144
39,153
39,154
39,156
39,184
39,201
39,202
39,204
39,209
39,210
39,212
39,219
39,221
39,222
39,232
39,240
39,249
39,250
39,252
39,264
39,272
39,281
39,282
39,284
39,312
39,329
39,330
39,332
39,337
39,338
39,340
39,347
39,349
39,350
39,360
39,368
39,377
39,378
39,380
39,393
39,394
39,396
39,401
39,402
39,404
39,411
39,413
39,414
39,424
39,432
39,441
39,442
39,444
39,459
39,461
39,462
39,467
39,469
39,470
39,489
39,490
39,492
39,497
39,498
39,500
39,520
39,528
39,537
39,538
39,540
39,568
39,585
39,586
39,588
39,593
39,594
39,596
39,603
39,605
39,606
39,616
39,624
39,633
39,634
39,636
39,649
39,650
39,652
39,657
39,658
39,660
39,667
39,669
39,670
39,680
39,688
39,697
39,698
39,700
39,715
39,717
39,718
39,723
39,725
39,726
39,745
39,746
39,748
39,753
39,754
39,756
39,777
39,778
39,780
39,785
39,786
39,788
39,795
39,797
39,798
39,808
39,816
39,825
39,826
39,828
39,843
39,845
39,846
39,851
39,853
39,854
39,873
39,874
39,876
39,881
39,882
39,884
39,907
39,909
39,910
39,915
39,917
39,918
39,937
39,938
39,940
39,945
39,946
39,948
39,1032
39,1040
39,1049
39,1050
39,1052
39,1080
39,1097
39,1098
39,1100
39,1105
39,1106
39,1108
39,1115
39,1117
39,1118
39,1128
39,1136
39,1145
39,1146
39,1148
39,1161
39,1162
39,1164
39,1169
39,1170
39,1172
39,1179
39,1181
39,1182
39,1192
39,1200
39,1209
39,1210
39,1212
39,1227
39,1229
39,1230
39,1235
39,1237
39,1238
39,1257
39,1258
39,1260
39,1265
39,1266
39,1268
39,1289
39,1290
39,1292
39,1297
39,1298
39,1300
39,1307
39,1309
39,1310
39,1320
39,1328
39,1337
39,1338
39,1340
39,1355
39,1357
39,1358
39,1363
39,1365
39,1366
39,1385
39,1386
39,1388
39,1393
39,1394
39,1396
39,1419
39,1421
39,1422
39,1427
39,1429
39,1430
39,1449
39,1450
39,1452
39,1457
39,1458
39,1460
39,1545
39,1546
39,1548
39,1553
39,1554
39,1556
39,1563
39,1565
39,1566
39,1576
39,1584
39,1593
39,1594
39,1596
39,1611
39,1613
39,1614
39,1619
39,1621
39,1622
39,1641
39,1642
39,1644
39,1649
39,1650
39,1652
39,1675
39,1677
39,1678
39,1683
39,1685
39,1686
39,1705
39,1706
39,1708
39,1713
39,1714
39,1716
39,1803
39,1805
39,1806
39,1811
39,1813
39,1814
39,1833
39,1834
39,1836
39,1841
39,1842
39,1844
40,71
40,83
40,85
40,86
40,95
40,119
40,135
40,147
40,149
40,150
40,159
40,183
40,195
40,197
40,198
40,207
40,209
40,210
40,212
40,219
40,221
40,222
40,231
40,243
40,245
40,246
40,263
40,275
40,277
40,278
40,287
40,311
40,323
40,325
40,326
40,335
40,337
40,338
40,340
40,347
40,349
40,350
40,359
40,371
40,373
40,374
40,387
40,389
40,390
40,399
40,401
40,402
40,404
40,411
40,413
40,414
40,423
40,435
40,437
40,438
40,459
40,461
40,462
40,473
40,474
40,476
40,483
40,485
40,486
40,497
40,498
40,500
40,519
40,531
40,533
40,534
40,543
40,567
40,579
40,581
40,582
40,591
40,593
40,594
40,596
40,603
40,605
40,606
40,615
40,627
40,629
40,630
40,643
40,645
40,646
40,655
40,657
40,658
40,660
40,667
40,669
40,670
40,679
40,691
40,693
40,694
40,715
40,717
40,718
40,729
40,730
40,732
40,739
40,741
40,742
40,753
40,754
40,756
40,771
40,773
40,774
40,783
40,785
40,786
40,788
40,795
40,797
40,798
40,807
40,819
40,821
40,822
40,843
40,845
40,846
40,857
40,858
40,860
40,867
40,869
40,870
40,881
40,882
40,884
40,907
40,909
40,910
40,921
40,922
40,924
40,931
40,933
40,934
40,945
40,946
40,948
40,1031
40,1043
40,1045
40,1046
40,1055
40,1079
40,1091
40,1093
40,1094
40,1103
40,1105
40,1106
40,1108
40,1115
40,1117
40,1118
40,1127
40,1139
40,1141
40,1142
40,1155
40,1157
40,1158
40,1167
40,1169
40,1170
40,1172
40,1179
40,1181
40,1182
40,1191
40,1203
40,1205
40,1206
40,1227
40,1229
40,1230
40,1241
40,1242
40,1244
40,1251
40,1253
40,1254
40,1265
40,1266
40,1268
40,1283
40,1285
40,1286
40,1295
40,1297
40,1298
40,1300
40,1307
40,1309
40,1310
40,1319
40,1331
40,1333
40,1334
40,1355
40,1357
40,1358
40,1369
40,1370
40,1372
40,1379
40,1381
40,1382
40,1393
40,1394
40,1396
40,1419
40,1421
40,1422
40,1433
40,1434
40,1436
40,1443
40,1445
40,1446
40,1457
40,1458
40,1460
40,1539
40,1541
40,1542
40,1551
40,1553
40,1554
40,1556
40,1563
40,1565
40,1566
40,1575
40,1587
40,1589
40,1590
40,1611
40,1613
40,1614
40,1625
40,1626
40,1628
40,1635
40,1637
40,1638
40,1649
40,1650
40,1652
40,1675
40,1677
40,1678
40,1689
40,1690
40,1692
40,1699
40,1701
40,1702
40,1713
40,1714
40,1716
40,1803
40,1805
40,1806
40,1817
40,1818
40,1820
40,1827
40,1829
40,1830
40,1841
40,1842
40,1844
43,68
43,80
43,85
43,86
43,92
43,116
43,132
43,144
43,149
43,150
43,156
43,180
43,197
43,198
43,204
43,209
43,210
43,215
43,216
43,221
43,222
43,228
43,240
43,245
43,246
43,252
43,260
43,272
43,277
43,278
43,284
43,308
43,325
43,326
43,332
43,337
43,338
43,343
43,344
43,349
43,350
43,356
43,368
43,373
43,374
43,380
43,389
43,390
43,396
43,401
43,402
43,407
43,408
43,413
43,414
43,420
43,432
43,437
43,438
43,444
43,455
43,461
43,462
43,467
43,473
43,474
43,485
43,486
43,492
43,497
43,498
43,504
43,516
43,528
43,533
43,534
43,540
43,564
43,581
43,582
43,588
43,593
43,594
43,599
43,600
43,605
43,606
43,612
43,624
43,629
43,630
43,636
43,645
43,646
43,652
43,657
43,658
43,663
43,664
43,669
43,670
43,676
43,688
43,693
43,694
43,700
43,711
43,717
43,718
43,723
43,729
43,730
43,741
43,742
43,748
43,753
43,754
43,760
43,773
43,774
43,780
43,785
43,786
43,791
43,792
43,797
43,798
43,804
43,816
43,821
43,822
43,828
43,839
43,845
43,846
43,851
43,857
43,858
43,869
43,870
43,876
43,881
43,882
43,888
43,903
43,909
43,910
43,915
43,921
43,922
43,933
43,934
43,940
43,945
43,946
43,952
43,1028
43,1040
43,1045
43,1046
43,1052
43,1076
43,1093
43,1094
43,1100
43,1105
43,1106
43,1111
43,1112
43,1117
43,1118
43,1124
43,1136
43,1141
43,1142
43,1148
43,1157
43,1158
43,1164
43,1169
43,1170
43,1175
43,1176
43,1181
43,1182
43,1188
43,1200
43,1205
43,1206
43,1212
43,1223
43,1229
43,1230
43,1235
43,1241
43,1242
43,1253
43,1254
43,1260
43,1265
43,1266
43,1272
43,1285
43,1286
43,1292
43,1297
43,1298
43,1303
43,1304
43,1309
43,1310
43,1316
43,1328
43,1333
43,1334
43,1340
43,1351
43,1357
43,1358
43,1363
43,1369
43,1370
43,1381
43,1382
43,1388
43,1393
43,1394
43,1400
43,1415
43,1421
43,1422
43,1427
43,1433
43,1434
43,1445
43,1446
43,1452
43,1457
43,1458
43,1464
43,1541
43,1542
43,1548
43,1553
43,1554
43,1559
43,1560
43,1565
43,1566
43,1572
43,1584
43,1589
43,1590
43,1596
43,1607
43,1613
43,1614
43,1619
43,1625
43,1626
43,1637
43,1638
43,1644
43,1649
43,1650
43,1656
43,1671
43,1677
43,1678
43,1683
43,1689
43,1690
43,1701
43,1702
43,1708
43,1713
43,1714
43,1720
43,1799
43,1805
43,1806
43,1811
43,1817
43,1818
43,1829
43,1830
43,1836
43,1841
43,1842
43,1848
45,66
45,80
45,83
45,86
45,90
45,114
45,130
45,144
45,147
45,150
45,154
45,178
45,195
45,198
45,202
45,209
45,212
45,215
45,216
45,219
45,222
45,226
45,240
45,243
45,246
45,250
45,258
45,272
45,275
45,278
45,282
45,306
45,323
45,326
45,330
45,337
45,340
45,343
45,344
45,347
45,350
45,354
45,368
45,371
45,374
45,378
45,387
45,390
45,394
45,401
45,404
45,407
45,408
45,411
45,414
45,418
45,432
45,435
45,438
45,442
45,455
45,459
45,462
45,469
45,473
45,476
45,483
45,486
45,490
45,497
45,500
45,504
45,514
45,528
45,531
45,534
45,538
45,562
45,579
45,582
45,586
45,593
45,596
45,599
45,600
45,603
45,606
45,610
45,624
45,627
45,630
45,634
45,643
45,646
45,650
45,657
45,660
45,663
45,664
45,667
45,670
45,674
45,688
45,691
45,694
45,698
45,711
45,715
45,718
45,725
45,729
45,732
45,739
45,742
45,746
45,753
45,756
45,760
45,771
45,774
45,778
45,785
45,788
45,791
45,792
45,795
45,798
45,802
45,816
45,819
45,822
45,826
45,839
45,843
45,846
45,853
45,857
45,860
45,867
45,870
45,874
45,881
45,884
45,888
45,903
45,907
45,910
45,917
45,921
45,924
45,931
45,934
45,938
45,945
45,948
45,952
45,1026
45,1040
45,1043
45,1046
45,1050
45,1074
45,1091
45,1094
45,1098
45,1105
45,1108
45,1111
45,1112
45,1115
45,1118
45,1122
45,1136
45,1139
45,1142
45,1146
45,1155
45,1158
45,1162
45,1169
45,1172
45,1175
45,1176
45,1179
45,1182
45,1186
45,1200
45,1203
45,1206
45,1210
45,1223
45,1227
45,1230
45,1237
45,1241
45,1244
45,1251
45,1254
45,1258
45,1265
45,1268
45,1272
45,1283
45,1286
45,1290
45,1297
45,1300
45,1303
45,1304
45,1307
45,1310
45,1314
45,1328
45,1331
45,1334
45,1338
45,1351
45,1355
45,1358
45,1365
45,1369
45,1372
45,1379
45,1382
45,1386
45,1393
45,1396
45,1400
45,1415
45,1419
45,1422
45,1429
45,1433
45,1436
45,1443
45,1446
45,1450
45,1457
45,1460
45,1464
45,1539
45,1542
45,1546
45,1553
45,1556
45,1559
45,1560
45,1563
45,1566
45,1570
45,1584
45,1587
45,1590
45,1594
45,1607
45,1611
45,1614
45,1621
45,1625
45,1628
45,1635
45,1638
45,1642
45,1649
45,1652
45,1656
45,1671
45,1675
45,1678
45,1685
45,1689
45,1692
45,1699
45,1702
45,1706
45,1713
45,1716
45,1720
45,1799
45,1803
45,1806
45,1813
45,1817
45,1820
45,1827
45,1830
45,1834
45,1841
45,1844
45,1848
46,65
46,80
46,83
46,85
46,89
46,113
46,129
46,144
46,147
46,149
46,153
46,177
46,195
46,197
46,201
46,210
46,212
46,215
46,216
46,219
46,221
46,225
46,240
46,243
46,245
46,249
46,257
46,272
46,275
46,277
46,281
46,305
46,323
46,325
46,329
46,338
46,340
46,343
46,344
46,347
46,349
46,353
46,368
46,371
46,373
46,377
46,387
46,389
46,393
46,402
46,404
46,407
46,408
46,411
46,413
46,417
46,432
46,435
46,437
46,441
46,455
46,459
46,461
46,470
46,474
46,476
46,483
46,485
46,489
46,498
46,500
46,504
46,513
46,528
46,531
46,533
46,537
46,561
46,579
46,581
46,585
46,594
46,596
46,599
46,600
46,603
46,605
46,609
46,624
46,627
46,629
46,633
46,643
46,645
46,649
46,658
46,660
46,663
46,664
46,667
46,669
46,673
46,688
46,691
46,693
46,697
46,711
46,715
46,717
46,726
46,730
46,732
46,739
46,741
46,745
46,754
46,756
46,760
46,771
46,773
46,777
46,786
46,788
46,791
46,792
46,795
46,797
46,801
46,816
46,819
46,821
46,825
46,839
46,843
46,845
46,854
46,858
46,860
46,867
46,869
46,873
46,882
46,884
46,888
46,903
46,907
46,909
46,918
46,922
46,924
46,931
46,933
46,937
46,946
46,948
46,952
46,1025
46,1040
46,1043
46,1045
46,1049
46,1073
46,1091
46,1093
46,1097
46,1106
46,1108
46,1111
46,1112
46,1115
46,1117
46,1121
46,1136
46,1139
46,1141
46,1145
46,1155
46,1157
46,1161
46,1170
46,1172
46,1175
46,1176
46,1179
46,1181
46,1185
46,1200
46,1203
46,1205
46,1209
46,1223
46,1227
46,1229
46,1238
46,1242
46,1244
46,1251
46,1253
46,1257
46,1266
46,1268
46,1272
46,1283
46,1285
46,1289
46,1298
46,1300
46,1303
46,1304
46,1307
46,1309
46,1313
46,1328
46,1331
46,1333
46,1337
46,1351
46,1355
46,1357
46,1366
46,1370
46,1372
46,1379
46,1381
46,1385
46,1394
46,1396
46,1400
46,1415
46,1419
46,1421
46,1430
46,1434
46,1436
46,1443
46,1445
46,1449
46,1458
46,1460
46,1464
46,1539
46,1541
46,1545
46,1554
46,1556
46,1559
46,1560
46,1563
46,1565
46,1569
46,1584
46,1587
46,1589
46,1593
46,1607
46,1611
46,1613
46,1622
46,1626
46,1628
46,1635
46,1637
46,1641
46,1650
46,1652
46,1656
46,1671
46,1675
46,1677
46,1686
46,1690
46,1692
46,1699
46,1701
46,1705
46,1714
46,1716
46,1720
46,1799
46,1803
46,1805
46,1814
46,1818
46,1820
46,1827
46,1829
46,1833
46,1842
46,1844
46,1848
48,71
48,75
48,77
48,78
48,95
48,111
48,135
48,139
48,141
48,142
48,159
48,175
48,195
48,197
48,198
48,201
48,202
48,204
48,215
48,219
48,221
48,222
48,231
48,235
48,237
48,238
48,263
48,267
48,269
48,270
48,287
48,303
48,323
48,325
48,326
48,329
48,330
48,332
48,343
48,347
48,349
48,350
48,359
48,363
48,365
48,366
48,387
48,389
48,390
48,393
48,394
48,396
48,407
48,411
48,413
48,414
48,423
48,427
48,429
48,430
48,467
48,469
48,470
48,473
48,474
48,476
48,483
48,485
48,486
48,489
48,490
48,492
48,519
48,523
48,525
48,526
48,543
48,559
48,579
48,581
48,582
48,585
48,586
48,588
48,599
48,603
48,605
48,606
48,615
48,619
48,621
48,622
48,643
48,645
48,646
48,649
48,650
48,652
48,663
48,667
48,669
48,670
48,679
48,683
48,685
48,686
48,723
48,725
48,726
48,729
48,730
48,732
48,739
48,741
48,742
48,745
48,746
48,748
48,771
48,773
48,774
48,777
48,778
48,780
48,791
48,795
48,797
48,798
48,807
48,811
48,813
48,814
48,851
48,853
48,854
48,857
48,858
48,860
48,867
48,869
48,870
48,873
48,874
48,876
48,915
48,917
48,918
48,921
48,922
48,924
48,931
48,933
48,934
48,937
48,938
48,940
48,1031
48,1035
48,1037
48,1038
48,1055
48,1071
48,1091
48,1093
48,1094
48,1097
48,1098
48,1100
48,1111
48,1115
48,1117
48,1118
48,1127
48,1131
48,1133
48,1134
48,1155
48,1157
48,1158
48,1161
48,1162
48,1164
48,1175
48,1179
48,1181
48,1182
48,1191
48,1195
48,1197
48,1198
48,1235
48,1237
48,1238
48,1241
48,1242
48,1244
48,1251
48,1253
48,1254
48,1257
48,1258
48,1260
48,1283
48,1285
48,1286
48,1289
48,1290
48,1292
48,1303
48,1307
48,1309
48,1310
48,1319
48,1323
48,1325
48,1326
48,1363
48,1365
48,1366
48,1369
48,1370
48,1372
48,1379
48,1381
48,1382
48,1385
48,1386
48,1388
48,1427
48,1429
48,1430
48,1433
48,1434
48,1436
48,1443
48,1445
48,1446
48,1449
48,1450
48,1452
48,1539
48,1541
48,1542
48,1545
48,1546
48,1548
48,1559
48,1563
48,1565
48,1566
48,1575
48,1579
48,1581
48,1582
48,1619
48,1621
48,1622
48,1625
48,1626
48,1628
48,1635
48,1637
48,1638
48,1641
48,1642
48,1644
48,1683
48,1685
48,1686
48,1689
48,1690
48,1692
48,1699
48,1701
48,1702
48,1705
48,1706
48,1708
48,1811
48,1813
48,1814
48,1817
48,1818
48,1820
48,1827
48,1829
48,1830
48,1833
48,1834
48,1836
51,68
51,72
51,77
51,78
51,92
51,108
51,132
51,136
51,141
51,142
51,156
51,172
51,197
51,198
51,201
51,202
51,207
51,212
51,216
51,221
51,222
51,228
51,232
51,237
51,238
51,252
51,260
51,264
51,269
51,270
51,284
51,300
51,325
51,326
51,329
51,330
51,335
51,340
51,344
51,349
51,350
51,356
51,360
51,365
51,366
51,380
51,389
51,390
51,393
51,394
51,399
51,404
51,408
51,413
51,414
51,420
51,424
51,429
51,430
51,444
51,455
51,459
51,469
51,470
51,473
51,474
51,485
51,486
51,489
51,490
51,500
51,504
51,516
51,520
51,525
51,526
51,540
51,556
51,581
51,582
51,585
51,586
51,591
51,596
51,600
51,605
51,606
51,612
51,616
51,621
51,622
51,636
51,645
51,646
51,649
51,650
51,655
51,660
51,664
51,669
51,670
51,676
51,680
51,685
51,686
51,700
51,711
51,715
51,725
51,726
51,729
51,730
51,741
51,742
51,745
51,746
51,756
51,760
51,773
51,774
51,777
51,778
51,783
51,788
51,792
51,797
51,798
51,804
51,808
51,813
51,814
51,828
51,839
51,843
51,853
51,854
51,857
51,858
51,869
51,870
51,873
51,874
51,884
51,888
51,903
51,907
51,917
51,918
51,921
51,922
51,933
51,934
51,937
51,938
51,948
51,952
51,1028
51,1032
51,1037
51,1038
51,1052
51,1068
51,1093
51,1094
51,1097
51,1098
51,1103
51,1108
51,1112
51,1117
51,1118
51,1124
51,1128
51,1133
51,1134
51,1148
51,1157
51,1158
51,1161
51,1162
51,1167
51,1172
51,1176
51,1181
51,1182
51,1188
51,1192
51,1197
51,1198
51,1212
51,1223
51,1227
51,1237
51,1238
51,1241
51,1242
51,1253
51,1254
51,1257
51,1258
51,1268
51,1272
51,1285
51,1286
51,1289
51,1290
51,1295
51,1300
51,1304
51,1309
51,1310
51,1316
51,1320
51,1325
51,1326
51,1340
51,1351
51,1355
51,1365
51,1366
51,1369
51,1370
51,1381
51,1382
51,1385
51,1386
51,1396
51,1400
51,1415
51,1419
51,1429
51,1430
51,1433
51,1434
51,1445
51,1446
51,1449
51,1450
51,1460
51,1464
51,1541
51,1542
51,1545
51,1546
51,1551
51,1556
51,1560
51,1565
51,1566
51,1572
51,1576
51,1581
51,1582
51,1596
51,1607
51,1611
51,1621
51,1622
51,1625
51,1626
51,1637
51,1638
51,1641
51,1642
51,1652
51,1656
51,1671
51,1675
51,1685
51,1686
51,1689
51,1690
51,1701
51,1702
51,1705
51,1706
51,1716
51,1720
51,1799
51,1803
51,1813
51,1814
51,1817
51,1818
51,1829
51,1830
51,1833
51,1834
51,1844
51,1848
53,66
53,72
53,75
53,78
53,90
53,106
53,130
53,136
53,139
53,142
53,154
53,170
53,195
53,198
53,201
53,204
53,207
53,210
53,216
53,219
53,222
53,226
53,232
53,235
53,238
53,250
53,258
53,264
53,267
53,270
53,282
53,298
53,323
53,326
53,329
53,332
53,335
53,338
53,344
53,347
53,350
53,354
53,360
53,363
53,366
53,378
53,387
53,390
53,393
53,396
53,399
53,402
53,408
53,411
53,414
53,418
53,424
53,427
53,430
53,442
53,455
53,461
53,467
53,470
53,473
53,476
53,483
53,486
53,489
53,492
53,498
53,504
53,514
53,520
53,523
53,526
53,538
53,554
53,579
53,582
53,585
53,588
53,591
53,594
53,600
53,603
53,606
53,610
53,616
53,619
53,622
53,634
53,643
53,646
53,649
53,652
53,655
53,658
53,664
53,667
53,670
53,674
53,680
53,683
53,686
53,698
53,711
53,717
53,723
53,726
53,729
53,732
53,739
53,742
53,745
53,748
53,754
53,760
53,771
53,774
53,777
53,780
53,783
53,786
53,792
53,795
53,798
53,802
53,808
53,811
53,814
53,826
53,839
53,845
53,851
53,854
53,857
53,860
53,867
53,870
53,873
53,876
53,882
53,888
53,903
53,909
53,915
53,918
53,921
53,924
53,931
53,934
53,937
53,940
53,946
53,952
53,1026
53,1032
53,1035
53,1038
53,1050
53,1066
53,1091
53,1094
53,1097
53,1100
53,1103
53,1106
53,1112
53,1115
53,1118
53,1122
53,1128
53,1131
53,1134
53,1146
53,1155
53,1158
53,1161
53,1164
53,1167
53,1170
53,1176
53,1179
53,1182
53,1186
53,1192
53,1195
53,1198
53,1210
53,1223
53,1229
53,1235
53,1238
53,1241
53,1244
53,1251
53,1254
53,1257
53,1260
53,1266
53,1272
53,1283
53,1286
53,1289
53,1292
53,1295
53,1298
53,1304
53,1307
53,1310
53,1314
53,1320
53,1323
53,1326
53,1338
53,1351
53,1357
53,1363
53,1366
53,1369
53,1372
53,1379
53,1382
53,1385
53,1388
53,1394
53,1400
53,1415
53,1421
53,1427
53,1430
53,1433
53,1436
53,1443
53,1446
53,1449
53,1452
53,1458
53,1464
53,1539
53,1542
53,1545
53,1548
53,1551
53,1554
53,1560
53,1563
53,1566
53,1570
53,1576
53,1579
53,1582
53,1594
53,1607
53,1613
53,1619
53,1622
53,1625
53,1628
53,1635
53,1638
53,1641
53,1644
53,1650
53,1656
53,1671
53,1677
53,1683
53,1686
53,1689
53,1692
53,1699
53,1702
53,1705
53,1708
53,1714
53,1720
53,1799
53,1805
53,1811
53,1814
53,1817
53,1820
53,1827
53,1830
53,1833
53,1836
53,1842
53,1848
54,65
54,72
54,75
54,77
54,89
54,105
54,129
54,136
54,139
54,141
54,153
54,169
54,195
54,197
54,202
54,204
54,207
54,209
54,216
54,219
54,221
54,225
54,232
54,235
54,237
54,249
54,257
54,264
54,267
54,269
54,281
54,297
54,323
54,325
54,330
54,332
54,335
54,337
54,344
54,347
54,349
54,353
54,360
54,363
54,365
54,377
54,387
54,389
54,394
54,396
54,399
54,401
54,408
54,411
54,413
54,417
54,424
54,427
54,429
54,441
54,455
54,462
54,467
54,469
54,474
54,476
54,483
54,485
54,490
54,492
54,497
54,504
54,513
54,520
54,523
54,525
54,537
54,553
54,579
54,581
54,586
54,588
54,591
54,593
54,600
54,603
54,605
54,609
54,616
54,619
54,621
54,633
54,643
54,645
54,650
54,652
54,655
54,657
54,664
54,667
54,669
54,673
54,680
54,683
54,685
54,697
54,711
54,718
54,723
54,725
54,730
54,732
54,739
54,741
54,746
54,748
54,753
54,760
54,771
54,773
54,778
54,780
54,783
54,785
54,792
54,795
54,797
54,801
54,808
54,811
54,813
54,825
54,839
54,846
54,851
54,853
54,858
54,860
54,867
54,869
54,874
54,876
54,881
54,888
54,903
54,910
54,915
54,917
54,922
54,924
54,931
54,933
54,938
54,940
54,945
54,952
54,1025
54,1032
54,1035
54,1037
54,1049
54,1065
54,1091
54,1093
54,1098
54,1100
54,1103
54,1105
54,1112
54,1115
54,1117
54,1121
54,1128
54,1131
54,1133
54,1145
54,1155
54,1157
54,1162
54,1164
54,1167
54,1169
54,1176
54,1179
54,1181
54,1185
54,1192
54,1195
54,1197
54,1209
54,1223
54,1230
54,1235
54,1237
54,1242
54,1244
54,1251
54,1253
54,1258
54,1260
54,1265
54,1272
54,1283
54,1285
54,1290
54,1292
54,1295
54,1297
54,1304
54,1307
54,1309
54,1313
54,1320
54,1323
54,1325
54,1337
54,1351
54,1358
54,1363
54,1365
54,1370
54,1372
54,1379
54,1381
54,1386
54,1388
54,1393
54,1400
54,1415
54,1422
54,1427
54,1429
54,1434
54,1436
54,1443
54,1445
54,1450
54,1452
54,1457
54,1464
54,1539
54,1541
54,1546
54,1548
54,1551
54,1553
54,1560
54,1563
54,1565
54,1569
54,1576
54,1579
54,1581
54,1593
54,1607
54,1614
54,1619
54,1621
54,1626
54,1628
54,1635
54,1637
54,1642
54,1644
54,1649
54,1656
54,1671
54,1678
54,1683
54,1685
54,1690
54,1692
54,1699
54,1701
54,1706
54,1708
54,1713
54,1720
54,1799
54,1806
54,1811
54,1813
54,1818
54,1820
54,1827
54,1829
54,1834
54,1836
54,1841
54,1848
57,66
57,68
57,71
57,78
57,86
57,102
57,130
57,132
57,135
57,142
57,150
57,166
57,195
57,197
57,202
57,204
57,207
57,210
57,212
57,215
57,222
57,226
57,228
57,231
57,238
57,246
57,258
57,260
57,263
57,270
57,278
57,294
57,323
57,325
57,330
57,332
57,335
57,338
57,340
57,343
57,350
57,354
57,356
57,359
57,366
57,374
57,387
57,389
57,394
57,396
57,399
57,402
57,404
57,407
57,414
57,418
57,420
57,423
57,430
57,438
57,459
57,461
57,467
57,469
57,474
57,476
57,483
57,485
57,490
57,492
57,498
57,500
57,514
57,516
57,519
57,526
57,534
57,550
57,579
57,581
57,586
57,588
57,591
57,594
57,596
57,599
57,606
57,610
57,612
57,615
57,622
57,630
57,643
57,645
57,650
57,652
57,655
57,658
57,660
57,663
57,670
57,674
57,676
57,679
57,686
57,694
57,715
57,717
57,723
57,725
57,730
57,732
57,739
57,741
57,746
57,748
57,754
57,756
57,771
57,773
57,778
57,780
57,783
57,786
57,788
57,791
57,798
57,802
57,804
57,807
57,814
57,822
57,843
57,845
57,851
57,853
57,858
57,860
57,867
57,869
57,874
57,876
57,882
57,884
57,907
57,909
57,915
57,917
57,922
57,924
57,931
57,933
57,938
57,940
57,946
57,948
57,1026
57,1028
57,1031
57,1038
57,1046
57,1062
57,1091
57,1093
57,1098
57,1100
57,1103
57,1106
57,1108
57,1111
57,1118
57,1122
57,1124
57,1127
57,1134
57,1142
57,1155
57,1157
57,1162
57,1164
57,1167
57,1170
57,1172
57,1175
57,1182
57,1186
57,1188
57,1191
57,1198
57,1206
57,1227
57,1229
57,1235
57,1237
57,1242
57,1244
57,1251
57,1253
57,1258
57,1260
57,1266
57,1268
57,1283
57,1285
57,1290
57,1292
57,1295
57,1298
57,1300
57,1303
57,1310
57,1314
57,1316
57,1319
57,1326
57,1334
57,1355
57,1357
57,1363
57,1365
57,1370
57,1372
57,1379
57,1381
57,1386
57,1388
57,1394
57,1396
57,1419
57,1421
57,1427
57,1429
57,1434
57,1436
57,1443
57,1445
57,1450
57,1452
57,1458
57,1460
57,1539
57,1541
57,1546
57,1548
57,1551
57,1554
57,1556
57,1559
57,1566
57,1570
57,1572
57,1575
57,1582
57,1590
57,1611
57,1613
57,1619
57,1621
57,1626
57,1628
57,1635
57,1637
57,1642
57,1644
57,1650
57,1652
57,1675
57,1677
57,1683
57,1685
57,1690
57,1692
57,1699
57,1701
57,1706
57,1708
57,1714
57,1716
57,1803
57,1805
57,1811
57,1813
57,1818
57,1820
57,1827
57,1829
57,1834
57,1836
57,1842
57,1844
58,65
58,68
58,71
58,77
58,85
58,101
58,129
58,132
58,135
58,141
58,149
58,165
58,195
58,198
58,201
58,204
58,207
58,209
58,212
58,215
58,221
58,225
58,228
58,231
58,237
58,245
58,257
58,260
58,263
58,269
58,277
58,293
58,323
58,326
58,329
58,332
58,335
58,337
58,340
58,343
58,349
58,353
58,356
58,359
58,365
58,373
58,387
58,390
58,393
58,396
58,399
58,401
58,404
58,407
58,413
58,417
58,420
58,423
58,429
58,437
58,459
58,462
58,467
58,470
58,473
58,476
58,483
58,486
58,489
58,492
58,497
58,500
58,513
58,516
58,519
58,525
58,533
58,549
58,579
58,582
58,585
58,588
58,591
58,593
58,596
58,599
58,605
58,609
58,612
58,615
58,621
58,629
58,643
58,646
58,649
58,652
58,655
58,657
58,660
58,663
58,669
58,673
58,676
58,679
58,685
58,693
58,715
58,718
58,723
58,726
58,729
58,732
58,739
58,742
58,745
58,748
58,753
58,756
58,771
58,774
58,777
58,780
58,783
58,785
58,788
58,791
58,797
58,801
58,804
58,807
58,813
58,821
58,843
58,846
58,851
58,854
58,857
58,860
58,867
58,870
58,873
58,876
58,881
58,884
58,907
58,910
58,915
58,918
58,921
58,924
58,931
58,934
58,937
58,940
58,945
58,948
58,1025
58,1028
58,1031
58,1037
58,1045
58,1061
58,1091
58,1094
58,1097
58,1100
58,1103
58,1105
58,1108
58,1111
58,1117
58,1121
58,1124
58,1127
58,1133
58,1141
58,1155
58,1158
58,1161
58,1164
58,1167
58,1169
58,1172
58,1175
58,1181
58,1185
58,1188
58,1191
58,1197
58,1205
58,1227
58,1230
58,1235
58,1238
58,1241
58,1244
58,1251
58,1254
58,1257
58,1260
58,1265
58,1268
58,1283
58,1286
58,1289
58,1292
58,1295
58,1297
58,1300
58,1303
58,1309
58,1313
58,1316
58,1319
58,1325
58,1333
58,1355
58,1358
58,1363
58,1366
58,1369
58,1372
58,1379
58,1382
58,1385
58,1388
58,1393
58,1396
58,1419
58,1422
58,1427
58,1430
58,1433
58,1436
58,1443
58,1446
58,1449
58,1452
58,1457
58,1460
58,1539
58,1542
58,1545
58,1548
58,1551
58,1553
58,1556
58,1559
58,1565
58,1569
58,1572
58,1575
58,1581
58,1589
58,1611
58,1614
58,1619
58,1622
58,1625
58,1628
58,1635
58,1638
58,1641
58,1644
58,1649
58,1652
58,1675
58,1678
58,1683
58,1686
58,1689
58,1692
58,1699
58,1702
58,1705
58,1708
58,1713
58,1716
58,1803
58,1806
58,1811
58,1814
58,1817
58,1820
58,1827
58,1830
58,1833
58,1836
58,1841
58,1844
60,65
60,66
60,71
60,75
60,83
60,99
60,129
60,130
60,135
60,139
60,147
60,163
60,197
60,198
60,201
60,202
60,207
60,209
60,210
60,215
60,219
60,225
60,226
60,231
60,235
60,243
60,257
60,258
60,263
60,267
60,275
60,291
60,325
60,326
60,329
60,330
60,335
60,337
60,338
60,343
60,347
60,353
60,354
60,359
60,363
60,371
60,389
60,390
60,393
60,394
60,399
60,401
60,402
60,407
60,411
60,417
60,418
60,423
60,427
60,435
60,461
60,462
60,469
60,470
60,473
60,474
60,485
60,486
60,489
60,490
60,497
60,498
60,513
60,514
60,519
60,523
60,531
60,547
60,581
60,582
60,585
60,586
60,591
60,593
60,594
60,599
60,603
60,609
60,610
60,615
60,619
60,627
60,645
60,646
60,649
60,650
60,655
60,657
60,658
60,663
60,667
60,673
60,674
60,679
60,683
60,691
60,717
60,718
60,725
60,726
60,729
60,730
60,741
60,742
60,745
60,746
60,753
60,754
60,773
60,774
60,777
60,778
60,783
60,785
60,786
60,791
60,795
60,801
60,802
60,807
60,811
60,819
60,845
60,846
60,853
60,854
60,857
60,858
60,869
60,870
60,873
60,874
60,881
60,882
60,909
60,910
60,917
60,918
60,921
60,922
60,933
60,934
60,937
60,938
60,945
60,946
60,1025
60,1026
60,1031
60,1035
60,1043
60,1059
60,1093
60,1094
60,1097
60,1098
60,1103
60,1105
60,1106
60,1111
60,1115
60,1121
60,1122
60,1127
60,1131
60,1139
60,1157
60,1158
60,1161
60,1162
60,1167
60,1169
60,1170
60,1175
60,1179
60,1185
60,1186
60,1191
60,1195
60,1203
60,1229
60,1230
60,1237
60,1238
60,1241
60,1242
60,1253
60,1254
60,1257
60,1258
60,1265
60,1266
60,1285
60,1286
60,1289
60,1290
60,1295
60,1297
60,1298
60,1303
60,1307
60,1313
60,1314
60,1319
60,1323
60,1331
60,1357
60,1358
60,1365
60,1366
60,1369
60,1370
60,1381
60,1382
60,1385
60,1386
60,1393
60,1394
60,1421
60,1422
60,1429
60,1430
60,1433
60,1434
60,1445
60,1446
60,1449
60,1450
60,1457
60,1458
60,1541
60,1542
60,1545
60,1546
60,1551
60,1553
60,1554
60,1559
60,1563
60,1569
60,1570
60,1575
60,1579
60,1587
60,1613
60,1614
60,1621
60,1622
60,1625
60,1626
60,1637
60,1638
60,1641
60,1642
60,1649
60,1650
60,1677
60,1678
60,1685
60,1686
60,1689
60,1690
60,1701
60,1702
60,1705
60,1706
60,1713
60,1714
60,1805
60,1806
60,1813
60,1814
60,1817
60,1818
60,1829
60,1830
60,1833
60,1834
60,1841
60,1842
63,65
63,66
63,68
63,72
63,80
63,96
63,129
63,130
63,132
63,136
63,144
63,160
63,195
63,197
63,198
63,201
63,202
63,204
63,209
63,210
63,212
63,216
63,225
63,226
63,228
63,232
63,240
63,257
63,258
63,260
63,264
63,272
63,288
63,323
63,325
63,326
63,329
63,330
63,332
63,337
63,338
63,340
63,344
63,353
63,354
63,356
63,360
63,368
63,387
63,389
63,390
63,393
63,394
63,396
63,401
63,402
63,404
63,408
63,417
63,418
63,420
63,424
63,432
63,455
63,459
63,461
63,462
63,467
63,469
63,470
63,473
63,474
63,476
63,483
63,485
63,486
63,489
63,490
63,492
63,497
63,498
63,500
63,504
63,513
63,514
63,516
63,520
63,528
63,544
63,579
63,581
63,582
63,585
63,586
63,588
63,593
63,594
63,596
63,600
63,609
63,610
63,612
63,616
63,624
63,643
63,645
63,646
63,649
63,650
63,652
63,657
63,658
63,660
63,664
63,673
63,674
63,676
63,680
63,688
63,711
63,715
63,717
63,718
63,723
63,725
63,726
63,729
63,730
63,732
63,739
63,741
63,742
63,745
63,746
63,748
63,753
63,754
63,756
63,760
63,771
63,773
63,774
63,777
63,778
63,780
63,785
63,786
63,788
63,792
63,801
63,802
63,804
63,808
63,816
63,839
63,843
63,845
63,846
63,851
63,853
63,854
63,857
63,858
63,860
63,867
63,869
63,870
63,873
63,874
63,876
63,881
63,882
63,884
63,888
63,903
63,907
63,909
63,910
63,915
63,917
63,918
63,921
63,922
63,924
63,931
63,933
63,934
63,937
63,938
63,940
63,945
63,946
63,948
63,952
63,1025
63,1026
63,1028
63,1032
63,1040
63,1056
63,1091
63,1093
63,1094
63,1097
63,1098
63,1100
63,1105
63,1106
63,1108
63,1112
63,1121
63,1122
63,1124
63,1128
63,1136
63,1155
63,1157
63,1158
63,1161
63,1162
63,1164
63,1169
63,1170
63,1172
63,1176
63,1185
63,1186
63,1188
63,1192
63,1200
63,1223
63,1227
63,1229
63,1230
63,1235
63,1237
63,1238
63,1241
63,1242
63,1244
63,1251
63,1253
63,1254
63,1257
63,1258
63,1260
63,1265
63,1266
63,1268
63,1272
63,1283
63,1285
63,1286
63,1289
63,1290
63,1292
63,1297
63,1298
63,1300
63,1304
63,1313
63,1314
63,1316
63,1320
63,1328
63,1351
63,1355
63,1357
63,1358
63,1363
63,1365
63,1366
63,1369
63,1370
63,1372
63,1379
63,1381
63,1382
63,1385
63,1386
63,1388
63,1393
63,1394
63,1396
63,1400
63,1415
63,1419
63,1421
63,1422
63,1427
63,1429
63,1430
63,1433
63,1434
63,1436
63,1443
63,1445
63,1446
63,1449
63,1450
63,1452
63,1457
63,1458
63,1460
63,1464
63,1539
63,1541
63,1542
63,1545
63,1546
63,1548
63,1553
63,1554
63,1556
63,1560
63,1569
63,1570
63,1572
63,1576
63,1584
63,1607
63,1611
63,1613
63,1614
63,1619
63,1621
63,1622
63,1625
63,1626
63,1628
63,1635
63,1637
63,1638
63,1641
63,1642
63,1644
63,1649
63,1650
63,1652
63,1656
63,1671
63,1675
63,1677
63,1678
63,1683
63,1685
63,1686
63,1689
63,1690
63,1692
63,1699
63,1701
63,1702
63,1705
63,1706
63,1708
63,1713
63,1714
63,1716
63,1720
63,1799
63,1803
63,1805
63,1806
63,1811
63,1813
63,1814
63,1817
63,1818
63,1820
63,1827
63,1829
63,1830
63,1833
63,1834
63,1836
63,1841
63,1842
63,1844
63,1848
65,126
65,142
65,150
65,154
65,156
65,159
65,166
65,170
65,172
65,175
65,178
65,180
65,183
65,184
65,187
65,189
65,222
65,238
65,246
65,250
65,252
65,270
65,278
65,282
65,284
65,287
65,294
65,298
65,300
65,303
65,306
65,308
65,311
65,312
65,315
65,317
65,350
65,366
65,374
65,378
65,380
65,390
65,394
65,396
65,399
65,402
65,404
65,407
65,408
65,411
65,413
65,418
65,420
65,423
65,424
65,427
65,429
65,432
65,435
65,437
65,441
65,462
65,470
65,474
65,476
65,486
65,490
65,492
65,498
65,500
65,504
65,526
65,534
65,538
65,540
65,543
65,550
65,554
65,556
65,559
65,562
65,564
65,567
65,568
65,571
65,573
65,606
65,622
65,630
65,634
65,636
65,646
65,650
65,652
65,655
65,658
65,660
65,663
65,664
65,667
65,669
65,674
65,676
65,679
65,680
65,683
65,685
65,688
65,691
65,693
65,697
65,718
65,726
65,730
65,732
65,742
65,746
65,748
65,754
65,756
65,760
65,774
65,778
65,780
65,783
65,786
65,788
65,791
65,792
65,795
65,797
65,802
65,804
65,807
65,808
65,811
65,813
65,816
65,819
65,821
65,825
65,846
65,854
65,858
65,860
65,870
65,874
65,876
65,882
65,884
65,888
65,903
65,907
65,909
65,915
65,917
65,921
65,931
65,933
65,937
65,945
65,1038
65,1046
65,1050
65,1052
65,1055
65,1062
65,1066
65,1068
65,1071
65,1074
65,1076
65,1079
65,1080
65,1083
65,1085
65,1118
65,1134
65,1142
65,1146
65,1148
65,1158
65,1162
65,1164
65,1167
65,1170
65,1172
65,1175
65,1176
65,1179
65,1181
65,1186
65,1188
65,1191
65,1192
65,1195
65,1197
65,1200
65,1203
65,1205
65,1209
65,1230
65,1238
65,1242
65,1244
65,1254
65,1258
65,1260
65,1266
65,1268
65,1272
65,1286
65,1290
65,1292
65,1295
65,1298
65,1300
65,1303
65,1304
65,1307
65,1309
65,1314
65,1316
65,1319
65,1320
65,1323
65,1325
65,1328
65,1331
65,1333
65,1337
65,1358
65,1366
65,1370
65,1372
65,1382
65,1386
65,1388
65,1394
65,1396
65,1400
65,1415
65,1419
65,1421
65,1427
65,1429
65,1433
65,1443
65,1445
65,1449
65,1457
65,1542
65,1546
65,1548
65,1551
65,1554
65,1556
65,1559
65,1560
65,1563
65,1565
65,1570
65,1572
65,1575
65,1576
65,1579
65,1581
65,1584
65,1587
65,1589
65,1593
65,1614
65,1622
65,1626
65,1628
65,1638
65,1642
65,1644
65,1650
65,1652
65,1656
65,1671
65,1675
65,1677
65,1683
65,1685
65,1689
65,1699
65,1701
65,1705
65,1713
65,1799
65,1803
65,1805
65,1811
65,1813
65,1817
65,1827
65,1829
65,1833
65,1841
66,125
66,141
66,149
66,153
66,156
66,159
66,165
66,169
66,172
66,175
66,177
66,180
66,183
66,184
66,187
66,190
66,221
66,237
66,245
66,249
66,252
66,269
66,277
66,281
66,284
66,287
66,293
66,297
66,300
66,303
66,305
66,308
66,311
66,312
66,315
66,318
66,349
66,365
66,373
66,377
66,380
66,389
66,393
66,396
66,399
66,401
66,404
66,407
66,408
66,411
66,414
66,417
66,420
66,423
66,424
66,427
66,430
66,432
66,435
66,438
66,442
66,461
66,469
66,473
66,476
66,485
66,489
66,492
66,497
66,500
66,504
66,525
66,533
66,537
66,540
66,543
66,549
66,553
66,556
66,559
66,561
66,564
66,567
66,568
66,571
66,574
66,605
66,621
66,629
66,633
66,636
66,645
66,649
66,652
66,655
66,657
66,660
66,663
66,664
66,667
66,670
66,673
66,676
66,679
66,680
66,683
66,686
66,688
66,691
66,694
66,698
66,717
66,725
66,729
66,732
66,741
66,745
66,748
66,753
66,756
66,760
66,773
66,777
66,780
66,783
66,785
66,788
66,791
66,792
66,795
66,798
66,801
66,804
66,807
66,808
66,811
66,814
66,816
66,819
66,822
66,826
66,845
66,853
66,857
66,860
66,869
66,873
66,876
66,881
66,884
66,888
66,903
66,907
66,910
66,915
66,918
66,922
66,931
66,934
66,938
66,946
66,1037
66,1045
66,1049
66,1052
66,1055
66,1061
66,1065
66,1068
66,1071
66,1073
66,1076
66,1079
66,1080
66,1083
66,1086
66,1117
66,1133
66,1141
66,1145
66,1148
66,1157
66,1161
66,1164
66,1167
66,1169
66,1172
66,1175
66,1176
66,1179
66,1182
66,1185
66,1188
66,1191
66,1192
66,1195
66,1198
66,1200
66,1203
66,1206
66,1210
66,1229
66,1237
66,1241
66,1244
66,1253
66,1257
66,1260
66,1265
66,1268
66,1272
66,1285
66,1289
66,1292
66,1295
66,1297
66,1300
66,1303
66,1304
66,1307
66,1310
66,1313
66,1316
66,1319
66,1320
66,1323
66,1326
66,1328
66,1331
66,1334
66,1338
66,1357
66,1365
66,1369
66,1372
66,1381
66,1385
66,1388
66,1393
66,1396
66,1400
66,1415
66,1419
66,1422
66,1427
66,1430
66,1434
66,1443
66,1446
66,1450
66,1458
66,1541
66,1545
66,1548
66,1551
66,1553
66,1556
66,1559
66,1560
66,1563
66,1566
66,1569
66,1572
66,1575
66,1576
66,1579
66,1582
66,1584
66,1587
66,1590
66,1594
66,1613
66,1621
66,1625
66,1628
66,1637
66,1641
66,1644
66,1649
66,1652
66,1656
66,1671
66,1675
66,1678
66,1683
66,1686
66,1690
66,1699
66,1702
66,1706
66,1714
66,1799
66,1803
66,1806
66,1811
66,1814
66,1818
66,1827
66,1830
66,1834
66,1842
68,123
68,139
68,147
68,153
68,154
68,159
68,163
68,169
68,170
68,175
68,177
68,178
68,183
68,184
68,189
68,190
68,219
68,235
68,243
68,249
68,250
68,267
68,275
68,281
68,282
68,287
68,291
68,297
68,298
68,303
68,305
68,306
68,311
68,312
68,317
68,318
68,347
68,363
68,371
68,377
68,378
68,387
68,393
68,394
68,399
68,401
68,402
68,407
68,408
68,413
68,414
68,417
68,418
68,423
68,424
68,429
68,430
68,432
68,437
68,438
68,444
68,459
68,467
68,473
68,474
68,483
68,489
68,490
68,497
68,498
68,504
68,523
68,531
68,537
68,538
68,543
68,547
68,553
68,554
68,559
68,561
68,562
68,567
68,568
68,573
68,574
68,603
68,619
68,627
68,633
68,634
68,643
68,649
68,650
68,655
68,657
68,658
68,663
68,664
68,669
68,670
68,673
68,674
68,679
68,680
68,685
68,686
68,688
68,693
68,694
68,700
68,715
68,723
68,729
68,730
68,739
68,745
68,746
68,753
68,754
68,760
68,771
68,777
68,778
68,783
68,785
68,786
68,791
68,792
68,797
68,798
68,801
68,802
68,807
68,808
68,813
68,814
68,816
68,821
68,822
68,828
68,843
68,851
68,857
68,858
68,867
68,873
68,874
68,881
68,882
68,888
68,903
68,909
68,910
68,917
68,918
68,924
68,933
68,934
68,940
68,948
68,1035
68,1043
68,1049
68,1050
68,1055
68,1059
68,1065
68,1066
68,1071
68,1073
68,1074
68,1079
68,1080
68,1085
68,1086
68,1115
68,1131
68,1139
68,1145
68,1146
68,1155
68,1161
68,1162
68,1167
68,1169
68,1170
68,1175
68,1176
68,1181
68,1182
68,1185
68,1186
68,1191
68,1192
68,1197
68,1198
68,1200
68,1205
68,1206
68,1212
68,1227
68,1235
68,1241
68,1242
68,1251
68,1257
68,1258
68,1265
68,1266
68,1272
68,1283
68,1289
68,1290
68,1295
68,1297
68,1298
68,1303
68,1304
68,1309
68,1310
68,1313
68,1314
68,1319
68,1320
68,1325
68,1326
68,1328
68,1333
68,1334
68,1340
68,1355
68,1363
68,1369
68,1370
68,1379
68,1385
68,1386
68,1393
68,1394
68,1400
68,1415
68,1421
68,1422
68,1429
68,1430
68,1436
68,1445
68,1446
68,1452
68,1460
68,1539
68,1545
68,1546
68,1551
68,1553
68,1554
68,1559
68,1560
68,1565
68,1566
68,1569
68,1570
68,1575
68,1576
68,1581
68,1582
68,1584
68,1589
68,1590
68,1596
68,1611
68,1619
68,1625
68,1626
68,1635
68,1641
68,1642
68,1649
68,1650
68,1656
68,1671
68,1677
68,1678
68,1685
68,1686
68,1692
68,1701
68,1702
68,1708
68,1716
68,1799
68,1805
68,1806
68,1813
68,1814
68,1820
68,1829
68,1830
68,1836
68,1844
71,120
71,136
71,144
71,153
71,154
71,156
71,160
71,169
71,170
71,172
71,177
71,178
71,180
71,187
71,189
71,190
71,216
71,232
71,240
71,249
71,250
71,252
71,264
71,272
71,281
71,282
71,284
71,288
71,297
71,298
71,300
71,305
71,306
71,308
71,315
71,317
71,318
71,344
71,360
71,368
71,377
71,378
71,380
71,393
71,394
71,396
71,401
71,402
71,404
71,411
71,413
71,414
71,417
71,418
71,420
71,427
71,429
71,430
71,435
71,437
71,438
71,473
71,474
71,476
71,489
71,490
71,492
71,497
71,498
71,500
71,520
71,528
71,537
71,538
71,540
71,544
71,553
71,554
71,556
71,561
71,562
71,564
71,571
71,573
71,574
71,600
71,616
71,624
71,633
71,634
71,636
71,649
71,650
71,652
71,657
71,658
71,660
71,667
71,669
71,670
71,673
71,674
71,676
71,683
71,685
71,686
71,691
71,693
71,694
71,729
71,730
71,732
71,745
71,746
71,748
71,753
71,754
71,756
71,777
71,778
71,780
71,785
71,786
71,788
71,795
71,797
71,798
71,801
71,802
71,804
71,811
71,813
71,814
71,819
71,821
71,822
71,857
71,858
71,860
71,873
71,874
71,876
71,881
71,882
71,884
71,907
71,909
71,910
71,915
71,917
71,918
71,931
71,933
71,934
71,1032
71,1040
71,1049
71,1050
71,1052
71,1056
71,1065
71,1066
71,1068
71,1073
71,1074
71,1076
71,1083
71,1085
71,1086
71,1112
71,1128
71,1136
71,1145
71,1146
71,1148
71,1161
71,1162
71,1164
71,1169
71,1170
71,1172
71,1179
71,1181
71,1182
71,1185
71,1186
71,1188
71,1195
71,1197
71,1198
71,1203
71,1205
71,1206
71,1241
71,1242
71,1244
71,1257
71,1258
71,1260
71,1265
71,1266
71,1268
71,1289
71,1290
71,1292
71,1297
71,1298
71,1300
71,1307
71,1309
71,1310
71,1313
71,1314
71,1316
71,1323
71,1325
71,1326
71,1331
71,1333
71,1334
71,1369
71,1370
71,1372
71,1385
71,1386
71,1388
71,1393
71,1394
71,1396
71,1419
71,1421
71,1422
71,1427
71,1429
71,1430
71,1443
71,1445
71,1446
71,1545
71,1546
71,1548
71,1553
71,1554
71,1556
71,1563
71,1565
71,1566
71,1569
71,1570
71,1572
71,1579
71,1581
71,1582
71,1587
71,1589
71,1590
71,1625
71,1626
71,1628
71,1641
71,1642
71,1644
71,1649
71,1650
71,1652
71,1675
71,1677
71,1678
71,1683
71,1685
71,1686
71,1699
71,1701
71,1702
71,1803
71,1805
71,1806
71,1811
71,1813
71,1814
71,1827
71,1829
71,1830
72,119
72,135
72,147
72,149
72,150
72,159
72,163
72,165
72,166
72,175
72,177
72,178
72,180
72,187
72,189
72,190
72,215
72,231
72,243
72,245
72,246
72,263
72,275
72,277
72,278
72,287
72,291
72,293
72,294
72,303
72,305
72,306
72,308
72,315
72,317
72,318
72,343
72,359
72,371
72,373
72,374
72,387
72,389
72,390
72,399
72,401
72,402
72,404
72,411
72,413
72,414
72,417
72,418
72,420
72,427
72,429
72,430
72,432
72,441
72,442
72,444
72,455
72,467
72,469
72,470
72,483
72,485
72,486
72,497
72,498
72,500
72,519
72,531
72,533
72,534
72,543
72,547
72,549
72,550
72,559
72,561
72,562
72,564
72,571
72,573
72,574
72,599
72,615
72,627
72,629
72,630
72,643
72,645
72,646
72,655
72,657
72,658
72,660
72,667
72,669
72,670
72,673
72,674
72,676
72,683
72,685
72,686
72,688
72,697
72,698
72,700
72,711
72,723
72,725
72,726
72,739
72,741
72,742
72,753
72,754
72,756
72,771
72,773
72,774
72,783
72,785
72,786
72,788
72,795
72,797
72,798
72,801
72,802
72,804
72,811
72,813
72,814
72,816
72,825
72,826
72,828
72,839
72,851
72,853
72,854
72,867
72,869
72,870
72,881
72,882
72,884
72,907
72,909
72,910
72,921
72,922
72,924
72,937
72,938
72,940
72,952
72,1031
72,1043
72,1045
72,1046
72,1055
72,1059
72,1061
72,1062
72,1071
72,1073
72,1074
72,1076
72,1083
72,1085
72,1086
72,1111
72,1127
72,1139
72,1141
72,1142
72,1155
72,1157
72,1158
72,1167
72,1169
72,1170
72,1172
72,1179
72,1181
72,1182
72,1185
72,1186
72,1188
72,1195
72,1197
72,1198
72,1200
72,1209
72,1210
72,1212
72,1223
72,1235
72,1237
72,1238
72,1251
72,1253
72,1254
72,1265
72,1266
72,1268
72,1283
72,1285
72,1286
72,1295
72,1297
72,1298
72,1300
72,1307
72,1309
72,1310
72,1313
72,1314
72,1316
72,1323
72,1325
72,1326
72,1328
72,1337
72,1338
72,1340
72,1351
72,1363
72,1365
72,1366
72,1379
72,1381
72,1382
72,1393
72,1394
72,1396
72,1419
72,1421
72,1422
72,1433
72,1434
72,1436
72,1449
72,1450
72,1452
72,1464
72,1539
72,1541
72,1542
72,1551
72,1553
72,1554
72,1556
72,1563
72,1565
72,1566
72,1569
72,1570
72,1572
72,1579
72,1581
72,1582
72,1584
72,1593
72,1594
72,1596
72,1607
72,1619
72,1621
72,1622
72,1635
72,1637
72,1638
72,1649
72,1650
72,1652
72,1675
72,1677
72,1678
72,1689
72,1690
72,1692
72,1705
72,1706
72,1708
72,1720
72,1803
72,1805
72,1806
72,1817
72,1818
72,1820
72,1833
72,1834
72,1836
72,1848
75,116
75,132
75,144
75,149
75,150
75,156
75,160
75,165
75,166
75,172
75,177
75,178
75,183
75,184
75,189
75,190
75,212
75,228
75,240
75,245
75,246
75,252
75,260
75,272
75,277
75,278
75,284
75,288
75,293
75,294
75,300
75,305
75,306
75,311
75,312
75,317
75,318
75,340
75,356
75,368
75,373
75,374
75,380
75,389
75,390
75,396
75,401
75,402
75,407
75,408
75,413
75,414
75,417
75,418
75,423
75,424
75,429
75,430
75,435
75,441
75,442
75,469
75,470
75,476
75,485
75,486
75,492
75,497
75,498
75,504
75,516
75,528
75,533
75,534
75,540
75,544
75,549
75,550
75,556
75,561
75,562
75,567
75,568
75,573
75,574
75,596
75,612
75,624
75,629
75,630
75,636
75,645
75,646
75,652
75,657
75,658
75,663
75,664
75,669
75,670
75,673
75,674
75,679
75,680
75,685
75,686
75,691
75,697
75,698
75,725
75,726
75,732
75,741
75,742
75,748
75,753
75,754
75,760
75,773
75,774
75,780
75,785
75,786
75,791
75,792
75,797
75,798
75,801
75,802
75,807
75,808
75,813
75,814
75,819
75,825
75,826
75,853
75,854
75,860
75,869
75,870
75,876
75,881
75,882
75,888
75,903
75,909
75,910
75,915
75,921
75,922
75,931
75,937
75,938
75,1028
75,1040
75,1045
75,1046
75,1052
75,1056
75,1061
75,1062
75,1068
75,1073
75,1074
75,1079
75,1080
75,1085
75,1086
75,1108
75,1124
75,1136
75,1141
75,1142
75,1148
75,1157
75,1158
75,1164
75,1169
75,1170
75,1175
75,1176
75,1181
75,1182
75,1185
75,1186
75,1191
75,1192
75,1197
75,1198
75,1203
75,1209
75,1210
75,1237
75,1238
75,1244
75,1253
75,1254
75,1260
75,1265
75,1266
75,1272
75,1285
75,1286
75,1292
75,1297
75,1298
75,1303
75,1304
75,1309
75,1310
75,1313
75,1314
75,1319
75,1320
75,1325
75,1326
75,1331
75,1337
75,1338
75,1365
75,1366
75,1372
75,1381
75,1382
75,1388
75,1393
75,1394
75,1400
75,1415
75,1421
75,1422
75,1427
75,1433
75,1434
75,1443
75,1449
75,1450
75,1541
75,1542
75,1548
75,1553
75,1554
75,1559
75,1560
75,1565
75,1566
75,1569
75,1570
75,1575
75,1576
75,1581
75,1582
75,1587
75,1593
75,1594
75,1621
75,1622
75,1628
75,1637
75,1638
75,1644
75,1649
75,1650
75,1656
75,1671
75,1677
75,1678
75,1683
75,1689
75,1690
75,1699
75,1705
75,1706
75,1799
75,1805
75,1806
75,1811
75,1817
75,1818
75,1827
75,1833
75,1834
77,114
77,130
77,144
77,147
77,150
77,154
77,160
77,163
77,166
77,170
77,177
77,180
77,183
77,184
77,187
77,190
77,210
77,226
77,240
77,243
77,246
77,250
77,258
77,272
77,275
77,278
77,282
77,288
77,291
77,294
77,298
77,305
77,308
77,311
77,312
77,315
77,318
77,338
77,354
77,368
77,371
77,374
77,378
77,387
77,390
77,394
77,401
77,404
77,407
77,408
77,411
77,414
77,417
77,420
77,423
77,424
77,427
77,430
77,437
77,441
77,444
77,467
77,470
77,474
77,483
77,486
77,490
77,497
77,500
77,504
77,514
77,528
77,531
77,534
77,538
77,544
77,547
77,550
77,554
77,561
77,564
77,567
77,568
77,571
77,574
77,594
77,610
77,624
77,627
77,630
77,634
77,643
77,646
77,650
77,657
77,660
77,663
77,664
77,667
77,670
77,673
77,676
77,679
77,680
77,683
77,686
77,693
77,697
77,700
77,723
77,726
77,730
77,739
77,742
77,746
77,753
77,756
77,760
77,771
77,774
77,778
77,785
77,788
77,791
77,792
77,795
77,798
77,801
77,804
77,807
77,808
77,811
77,814
77,821
77,825
77,828
77,851
77,854
77,858
77,867
77,870
77,874
77,881
77,884
77,888
77,903
77,907
77,910
77,917
77,921
77,924
77,933
77,937
77,940
77,1026
77,1040
77,1043
77,1046
77,1050
77,1056
77,1059
77,1062
77,1066
77,1073
77,1076
77,1079
77,1080
77,1083
77,1086
77,1106
77,1122
77,1136
77,1139
77,1142
77,1146
77,1155
77,1158
77,1162
77,1169
77,1172
77,1175
77,1176
77,1179
77,1182
77,1185
77,1188
77,1191
77,1192
77,1195
77,1198
77,1205
77,1209
77,1212
77,1235
77,1238
77,1242
77,1251
77,1254
77,1258
77,1265
77,1268
77,1272
77,1283
77,1286
77,1290
77,1297
77,1300
77,1303
77,1304
77,1307
77,1310
77,1313
77,1316
77,1319
77,1320
77,1323
77,1326
77,1333
77,1337
77,1340
77,1363
77,1366
77,1370
77,1379
77,1382
77,1386
77,1393
77,1396
77,1400
77,1415
77,1419
77,1422
77,1429
77,1433
77,1436
77,1445
77,1449
77,1452
77,1539
77,1542
77,1546
77,1553
77,1556
77,1559
77,1560
77,1563
77,1566
77,1569
77,1572
77,1575
77,1576
77,1579
77,1582
77,1589
77,1593
77,1596
77,1619
77,1622
77,1626
77,1635
77,1638
77,1642
77,1649
77,1652
77,1656
77,1671
77,1675
77,1678
77,1685
77,1689
77,1692
77,1701
77,1705
77,1708
77,1799
77,1803
77,1806
77,1813
77,1817
77,1820
77,1829
77,1833
77,1836
78,113
78,129
78,144
78,147
78,149
78,153
78,160
78,163
78,165
78,169
78,178
78,180
78,183
78,184
78,187
78,189
78,209
78,225
78,240
78,243
78,245
78,249
78,257
78,272
78,275
78,277
78,281
78,288
78,291
78,293
78,297
78,306
78,308
78,311
78,312
78,315
78,317
78,337
78,353
78,368
78,371
78,373
78,377
78,387
78,389
78,393
78,402
78,404
78,407
78,408
78,411
78,413
78,418
78,420
78,423
78,424
78,427
78,429
78,438
78,442
78,444
78,467
78,469
78,473
78,483
78,485
78,489
78,498
78,500
78,504
78,513
78,528
78,531
78,533
78,537
78,544
78,547
78,549
78,553
78,562
78,564
78,567
78,568
78,571
78,573
78,593
78,609
78,624
78,627
78,629
78,633
78,643
78,645
78,649
78,658
78,660
78,663
78,664
78,667
78,669
78,674
78,676
78,679
78,680
78,683
78,685
78,694
78,698
78,700
78,723
78,725
78,729
78,739
78,741
78,745
78,754
78,756
78,760
78,771
78,773
78,777
78,786
78,788
78,791
78,792
78,795
78,797
78,802
78,804
78,807
78,808
78,811
78,813
78,822
78,826
78,828
78,851
78,853
78,857
78,867
78,869
78,873
78,882
78,884
78,888
78,903
78,907
78,909
78,918
78,922
78,924
78,934
78,938
78,940
78,1025
78,1040
78,1043
78,1045
78,1049
78,1056
78,1059
78,1061
78,1065
78,1074
78,1076
78,1079
78,1080
78,1083
78,1085
78,1105
78,1121
78,1136
78,1139
78,1141
78,1145
78,1155
78,1157
78,1161
78,1170
78,1172
78,1175
78,1176
78,1179
78,1181
78,1186
78,1188
78,1191
78,1192
78,1195
78,1197
78,1206
78,1210
78,1212
78,1235
78,1237
78,1241
78,1251
78,1253
78,1257
78,1266
78,1268
78,1272
78,1283
78,1285
78,1289
78,1298
78,1300
78,1303
78,1304
78,1307
78,1309
78,1314
78,1316
78,1319
78,1320
78,1323
78,1325
78,1334
78,1338
78,1340
78,1363
78,1365
78,1369
78,1379
78,1381
78,1385
78,1394
78,1396
78,1400
78,1415
78,1419
78,1421
78,1430
78,1434
78,1436
78,1446
78,1450
78,1452
78,1539
78,1541
78,1545
78,1554
78,1556
78,1559
78,1560
78,1563
78,1565
78,1570
78,1572
78,1575
78,1576
78,1579
78,1581
78,1590
78,1594
78,1596
78,1619
78,1621
78,1625
78,1635
78,1637
78,1641
78,1650
78,1652
78,1656
78,1671
78,1675
78,1677
78,1686
78,1690
78,1692
78,1702
78,1706
78,1708
78,1799
78,1803
78,1805
78,1814
78,1818
78,1820
78,1830
78,1834
78,1836
80,111
80,135
80,139
80,141
80,142
80,159
80,163
80,165
80,166
80,169
80,170
80,172
80,183
80,187
80,189
80,190
80,207
80,231
80,235
80,237
80,238
80,263
80,267
80,269
80,270
80,287
80,291
80,293
80,294
80,297
80,298
80,300
80,311
80,315
80,317
80,318
80,335
80,359
80,363
80,365
80,366
80,387
80,389
80,390
80,393
80,394
80,396
80,407
80,411
80,413
80,414
80,417
80,418
80,420
80,424
80,435
80,437
80,438
80,441
80,442
80,444
80,455
80,459
80,461
80,462
80,483
80,485
80,486
80,489
80,490
80,492
80,519
80,523
80,525
80,526
80,543
80,547
80,549
80,550
80,553
80,554
80,556
80,567
80,571
80,573
80,574
80,591
80,615
80,619
80,621
80,622
80,643
80,645
80,646
80,649
80,650
80,652
80,663
80,667
80,669
80,670
80,673
80,674
80,676
80,680
80,691
80,693
80,694
80,697
80,698
80,700
80,711
80,715
80,717
80,718
80,739
80,741
80,742
80,745
80,746
80,748
80,771
80,773
80,774
80,777
80,778
80,780
80,791
80,795
80,797
80,798
80,801
80,802
80,804
80,808
80,819
80,821
80,822
80,825
80,826
80,828
80,839
80,843
80,845
80,846
80,867
80,869
80,870
80,873
80,874
80,876
80,915
80,917
80,918
80,921
80,922
80,924
80,945
80,946
80,948
80,952
80,1031
80,1035
80,1037
80,1038
80,1055
80,1059
80,1061
80,1062
80,1065
80,1066
80,1068
80,1079
80,1083
80,1085
80,1086
80,1103
80,1127
80,1131
80,1133
80,1134
80,1155
80,1157
80,1158
80,1161
80,1162
80,1164
80,1175
80,1179
80,1181
80,1182
80,1185
80,1186
80,1188
80,1192
80,1203
80,1205
80,1206
80,1209
80,1210
80,1212
80,1223
80,1227
80,1229
80,1230
80,1251
80,1253
80,1254
80,1257
80,1258
80,1260
80,1283
80,1285
80,1286
80,1289
80,1290
80,1292
80,1303
80,1307
80,1309
80,1310
80,1313
80,1314
80,1316
80,1320
80,1331
80,1333
80,1334
80,1337
80,1338
80,1340
80,1351
80,1355
80,1357
80,1358
80,1379
80,1381
80,1382
80,1385
80,1386
80,1388
80,1427
80,1429
80,1430
80,1433
80,1434
80,1436
80,1457
80,1458
80,1460
80,1464
80,1539
80,1541
80,1542
80,1545
80,1546
80,1548
80,1559
80,1563
80,1565
80,1566
80,1569
80,1570
80,1572
80,1576
80,1587
80,1589
80,1590
80,1593
80,1594
80,1596
80,1607
80,1611
80,1613
80,1614
80,1635
80,1637
80,1638
80,1641
80,1642
80,1644
80,1683
80,1685
80,1686
80,1689
80,1690
80,1692
80,1713
80,1714
80,1716
80,1720
80,1811
80,1813
80,1814
80,1817
80,1818
80,1820
80,1841
80,1842
80,1844
80,1848
83,108
83,132
83,136
83,141
83,142
83,156
83,160
83,165
83,166
83,169
83,170
83,175
83,180
83,184
83,189
83,190
83,204
83,228
83,232
83,237
83,238
83,252
83,260
83,264
83,269
83,270
83,284
83,288
83,293
83,294
83,297
83,298
83,303
83,308
83,312
83,317
83,318
83,332
83,356
83,360
83,365
83,366
83,380
83,389
83,390
83,393
83,394
83,399
83,404
83,408
83,413
83,414
83,417
83,418
83,423
83,427
83,432
83,437
83,438
83,441
83,442
83,461
83,462
83,476
83,485
83,486
83,489
83,490
83,500
83,504
83,516
83,520
83,525
83,526
83,540
83,544
83,549
83,550
83,553
83,554
83,559
83,564
83,568
83,573
83,574
83,588
83,612
83,616
83,621
83,622
83,636
83,645
83,646
83,649
83,650
83,655
83,660
83,664
83,669
83,670
83,673
83,674
83,679
83,683
83,688
83,693
83,694
83,697
83,698
83,717
83,718
83,732
83,741
83,742
83,745
83,746
83,756
83,760
83,773
83,774
83,777
83,778
83,783
83,788
83,792
83,797
83,798
83,801
83,802
83,807
83,811
83,816
83,821
83,822
83,825
83,826
83,845
83,846
83,860
83,869
83,870
83,873
83,874
83,884
83,888
83,903
83,907
83,917
83,918
83,921
83,922
83,931
83,945
83,946
83,1028
83,1032
83,1037
83,1038
83,1052
83,1056
83,1061
83,1062
83,1065
83,1066
83,1071
83,1076
83,1080
83,1085
83,1086
83,1100
83,1124
83,1128
83,1133
83,1134
83,1148
83,1157
83,1158
83,1161
83,1162
83,1167
83,1172
83,1176
83,1181
83,1182
83,1185
83,1186
83,1191
83,1195
83,1200
83,1205
83,1206
83,1209
83,1210
83,1229
83,1230
83,1244
83,1253
83,1254
83,1257
83,1258
83,1268
83,1272
83,1285
83,1286
83,1289
83,1290
83,1295
83,1300
83,1304
83,1309
83,1310
83,1313
83,1314
83,1319
83,1323
83,1328
83,1333
83,1334
83,1337
83,1338
83,1357
83,1358
83,1372
83,1381
83,1382
83,1385
83,1386
83,1396
83,1400
83,1415
83,1419
83,1429
83,1430
83,1433
83,1434
83,1443
83,1457
83,1458
83,1541
83,1542
83,1545
83,1546
83,1551
83,1556
83,1560
83,1565
83,1566
83,1569
83,1570
83,1575
83,1579
83,1584
83,1589
83,1590
83,1593
83,1594
83,1613
83,1614
83,1628
83,1637
83,1638
83,1641
83,1642
83,1652
83,1656
83,1671
83,1675
83,1685
83,1686
83,1689
83,1690
83,1699
83,1713
83,1714
83,1799
83,1803
83,1813
83,1814
83,1817
83,1818
83,1827
83,1841
83,1842
85,106
85,130
85,136
85,139
85,142
85,154
85,160
85,163
85,166
85,169
85,172
85,175
85,178
85,184
85,187
85,190
85,202
85,226
85,232
85,235
85,238
85,250
85,258
85,264
85,267
85,270
85,282
85,288
85,291
85,294
85,297
85,300
85,303
85,306
85,312
85,315
85,318
85,330
85,354
85,360
85,363
85,366
85,378
85,387
85,390
85,393
85,396
85,399
85,402
85,408
85,411
85,414
85,417
85,420
85,423
85,429
85,432
85,435
85,438
85,441
85,444
85,459
85,462
85,474
85,483
85,486
85,489
85,492
85,498
85,504
85,514
85,520
85,523
85,526
85,538
85,544
85,547
85,550
85,553
85,556
85,559
85,562
85,568
85,571
85,574
85,586
85,610
85,616
85,619
85,622
85,634
85,643
85,646
85,649
85,652
85,655
85,658
85,664
85,667
85,670
85,673
85,676
85,679
85,685
85,688
85,691
85,694
85,697
85,700
85,715
85,718
85,730
85,739
85,742
85,745
85,748
85,754
85,760
85,771
85,774
85,777
85,780
85,783
85,786
85,792
85,795
85,798
85,801
85,804
85,807
85,813
85,816
85,819
85,822
85,825
85,828
85,843
85,846
85,858
85,867
85,870
85,873
85,876
85,882
85,888
85,903
85,909
85,915
85,918
85,921
85,924
85,933
85,945
85,948
85,1026
85,1032
85,1035
85,1038
85,1050
85,1056
85,1059
85,1062
85,1065
85,1068
85,1071
85,1074
85,1080
85,1083
85,1086
85,1098
85,1122
85,1128
85,1131
85,1134
85,1146
85,1155
85,1158
85,1161
85,1164
85,1167
85,1170
85,1176
85,1179
85,1182
85,1185
85,1188
85,1191
85,1197
85,1200
85,1203
85,1206
85,1209
85,1212
85,1227
85,1230
85,1242
85,1251
85,1254
85,1257
85,1260
85,1266
85,1272
85,1283
85,1286
85,1289
85,1292
85,1295
85,1298
85,1304
85,1307
85,1310
85,1313
85,1316
85,1319
85,1325
85,1328
85,1331
85,1334
85,1337
85,1340
85,1355
85,1358
85,1370
85,1379
85,1382
85,1385
85,1388
85,1394
85,1400
85,1415
85,1421
85,1427
85,1430
85,1433
85,1436
85,1445
85,1457
85,1460
85,1539
85,1542
85,1545
85,1548
85,1551
85,1554
85,1560
85,1563
85,1566
85,1569
85,1572
85,1575
85,1581
85,1584
85,1587
85,1590
85,1593
85,1596
85,1611
85,1614
85,1626
85,1635
85,1638
85,1641
85,1644
85,1650
85,1656
85,1671
85,1677
85,1683
85,1686
85,1689
85,1692
85,1701
85,1713
85,1716
85,1799
85,1805
85,1811
85,1814
85,1817
85,1820
85,1829
85,1841
85,1844
86,105
86,129
86,136
86,139
86,141
86,153
86,160
86,163
86,165
86,170
86,172
86,175
86,177
86,184
86,187
86,189
86,201
86,225
86,232
86,235
86,237
86,249
86,257
86,264
86,267
86,269
86,281
86,288
86,291
86,293
86,298
86,300
86,303
86,305
86,312
86,315
86,317
86,329
86,353
86,360
86,363
86,365
86,377
86,387
86,389
86,394
86,396
86,399
86,401
86,408
86,411
86,413
86,418
86,420
86,423
86,430
86,432
86,435
86,437
86,442
86,444
86,459
86,461
86,473
86,483
86,485
86,490
86,492
86,497
86,504
86,513
86,520
86,523
86,525
86,537
86,544
86,547
86,549
86,554
86,556
86,559
86,561
86,568
86,571
86,573
86,585
86,609
86,616
86,619
86,621
86,633
86,643
86,645
86,650
86,652
86,655
86,657
86,664
86,667
86,669
86,674
86,676
86,679
86,686
86,688
86,691
86,693
86,698
86,700
86,715
86,717
86,729
86,739
86,741
86,746
86,748
86,753
86,760
86,771
86,773
86,778
86,780
86,783
86,785
86,792
86,795
86,797
86,802
86,804
86,807
86,814
86,816
86,819
86,821
86,826
86,828
86,843
86,845
86,857
86,867
86,869
86,874
86,876
86,881
86,888
86,903
86,910
86,915
86,917
86,922
86,924
86,934
86,946
86,948
86,1025
86,1032
86,1035
86,1037
86,1049
86,1056
86,1059
86,1061
86,1066
86,1068
86,1071
86,1073
86,1080
86,1083
86,1085
86,1097
86,1121
86,1128
86,1131
86,1133
86,1145
86,1155
86,1157
86,1162
86,1164
86,1167
86,1169
86,1176
86,1179
86,1181
86,1186
86,1188
86,1191
86,1198
86,1200
86,1203
86,1205
86,1210
86,1212
86,1227
86,1229
86,1241
86,1251
86,1253
86,1258
86,1260
86,1265
86,1272
86,1283
86,1285
86,1290
86,1292
86,1295
86,1297
86,1304
86,1307
86,1309
86,1314
86,1316
86,1319
86,1326
86,1328
86,1331
86,1333
86,1338
86,1340
86,1355
86,1357
86,1369
86,1379
86,1381
86,1386
86,1388
86,1393
86,1400
86,1415
86,1422
86,1427
86,1429
86,1434
86,1436
86,1446
86,1458
86,1460
86,1539
86,1541
86,1546
86,1548
86,1551
86,1553
86,1560
86,1563
86,1565
86,1570
86,1572
86,1575
86,1582
86,1584
86,1587
86,1589
86,1594
86,1596
86,1611
86,1613
86,1625
86,1635
86,1637
86,1642
86,1644
86,1649
86,1656
86,1671
86,1678
86,1683
86,1685
86,1690
86,1692
86,1702
86,1714
86,1716
86,1799
86,1806
86,1811
86,1813
86,1818
86,1820
86,1830
86,1842
86,1844
89,102
89,130
89,132
89,135
89,142
89,150
89,160
89,163
89,165
89,170
89,172
89,175
89,178
89,180
89,183
89,190
89,198
89,226
89,228
89,231
89,238
89,246
89,258
89,260
89,263
89,270
89,278
89,288
89,291
89,293
89,298
89,300
89,303
89,306
89,308
89,311
89,318
89,326
89,354
89,356
89,359
89,366
89,374
89,387
89,389
89,394
89,396
89,399
89,402
89,404
89,407
89,414
89,417
89,424
89,427
89,429
89,432
89,435
89,437
89,442
89,444
89,455
89,462
89,470
89,483
89,485
89,490
89,492
89,498
89,500
89,514
89,516
89,519
89,526
89,534
89,544
89,547
89,549
89,554
89,556
89,559
89,562
89,564
89,567
89,574
89,582
89,610
89,612
89,615
89,622
89,630
89,643
89,645
89,650
89,652
89,655
89,658
89,660
89,663
89,670
89,673
89,680
89,683
89,685
89,688
89,691
89,693
89,698
89,700
89,711
89,718
89,726
89,739
89,741
89,746
89,748
89,754
89,756
89,771
89,773
89,778
89,780
89,783
89,786
89,788
89,791
89,798
89,801
89,808
89,811
89,813
89,816
89,819
89,821
89,826
89,828
89,839
89,846
89,854
89,867
89,869
89,874
89,876
89,882
89,884
89,907
89,909
89,915
89,917
89,922
89,924
89,937
89,945
89,952
89,1026
89,1028
89,1031
89,1038
89,1046
89,1056
89,1059
89,1061
89,1066
89,1068
89,1071
89,1074
89,1076
89,1079
89,1086
89,1094
89,1122
89,1124
89,1127
89,1134
89,1142
89,1155
89,1157
89,1162
89,1164
89,1167
89,1170
89,1172
89,1175
89,1182
89,1185
89,1192
89,1195
89,1197
89,1200
89,1203
89,1205
89,1210
89,1212
89,1223
89,1230
89,1238
89,1251
89,1253
89,1258
89,1260
89,1266
89,1268
89,1283
89,1285
89,1290
89,1292
89,1295
89,1298
89,1300
89,1303
89,1310
89,1313
89,1320
89,1323
89,1325
89,1328
89,1331
89,1333
89,1338
89,1340
89,1351
89,1358
89,1366
89,1379
89,1381
89,1386
89,1388
89,1394
89,1396
89,1419
89,1421
89,1427
89,1429
89,1434
89,1436
89,1449
89,1457
89,1464
89,1539
89,1541
89,1546
89,1548
89,1551
89,1554
89,1556
89,1559
89,1566
89,1569
89,1576
89,1579
89,1581
89,1584
89,1587
89,1589
89,1594
89,1596
89,1607
89,1614
89,1622
89,1635
89,1637
89,1642
89,1644
89,1650
89,1652
89,1675
89,1677
89,1683
89,1685
89,1690
89,1692
89,1705
89,1713
89,1720
89,1803
89,1805
89,1811
89,1813
89,1818
89,1820
89,1833
89,1841
89,1848
90,101
90,129
90,132
90,135
90,141
90,149
90,160
90,163
90,166
90,169
90,172
90,175
90,177
90,180
90,183
90,189
90,197
90,225
90,228
90,231
90,237
90,245
90,257
90,260
90,263
90,269
90,277
90,288
90,291
90,294
90,297
90,300
90,303
90,305
90,308
90,311
90,317
90,325
90,353
90,356
90,359
90,365
90,373
90,387
90,390
90,393
90,396
90,399
90,401
90,404
90,407
90,413
90,418
90,424
90,427
90,430
90,432
90,435
90,438
90,441
90,444
90,455
90,461
90,469
90,483
90,486
90,489
90,492
90,497
90,500
90,513
90,516
90,519
90,525
90,533
90,544
90,547
90,550
90,553
90,556
90,559
90,561
90,564
90,567
90,573
90,581
90,609
90,612
90,615
90,621
90,629
90,643
90,646
90,649
90,652
90,655
90,657
90,660
90,663
90,669
90,674
90,680
90,683
90,686
90,688
90,691
90,694
90,697
90,700
90,711
90,717
90,725
90,739
90,742
90,745
90,748
90,753
90,756
90,771
90,774
90,777
90,780
90,783
90,785
90,788
90,791
90,797
90,802
90,808
90,811
90,814
90,816
90,819
90,822
90,825
90,828
90,839
90,845
90,853
90,867
90,870
90,873
90,876
90,881
90,884
90,907
90,910
90,915
90,918
90,921
90,924
90,938
90,946
90,952
90,1025
90,1028
90,1031
90,1037
90,1045
90,1056
90,1059
90,1062
90,1065
90,1068
90,1071
90,1073
90,1076
90,1079
90,1085
90,1093
90,1121
90,1124
90,1127
90,1133
90,1141
90,1155
90,1158
90,1161
90,1164
90,1167
90,1169
90,1172
90,1175
90,1181
90,1186
90,1192
90,1195
90,1198
90,1200
90,1203
90,1206
90,1209
90,1212
90,1223
90,1229
90,1237
90,1251
90,1254
90,1257
90,1260
90,1265
90,1268
90,1283
90,1286
90,1289
90,1292
90,1295
90,1297
90,1300
90,1303
90,1309
90,1314
90,1320
90,1323
90,1326
90,1328
90,1331
90,1334
90,1337
90,1340
90,1351
90,1357
90,1365
90,1379
90,1382
90,1385
90,1388
90,1393
90,1396
90,1419
90,1422
90,1427
90,1430
90,1433
90,1436
90,1450
90,1458
90,1464
90,1539
90,1542
90,1545
90,1548
90,1551
90,1553
90,1556
90,1559
90,1565
90,1570
90,1576
90,1579
90,1582
90,1584
90,1587
90,1590
90,1593
90,1596
90,1607
90,1613
90,1621
90,1635
90,1638
90,1641
90,1644
90,1649
90,1652
90,1675
90,1678
90,1683
90,1686
90,1689
90,1692
90,1706
90,1714
90,1720
90,1803
90,1806
90,1811
90,1814
90,1817
90,1820
90,1834
90,1842
90,1848
92,99
92,129
92,130
92,135
92,139
92,147
92,160
92,165
92,166
92,169
92,170
92,175
92,177
92,178
92,183
92,187
92,195
92,225
92,226
92,231
92,235
92,243
92,257
92,258
92,263
92,267
92,275
92,288
92,293
92,294
92,297
92,298
92,303
92,305
92,306
92,311
92,315
92,323
92,353
92,354
92,359
92,363
92,371
92,389
92,390
92,393
92,394
92,399
92,401
92,402
92,407
92,411
92,420
92,424
92,429
92,430
92,432
92,437
92,438
92,441
92,442
92,455
92,459
92,467
92,485
92,486
92,489
92,490
92,497
92,498
92,513
92,514
92,519
92,523
92,531
92,544
92,549
92,550
92,553
92,554
92,559
92,561
92,562
92,567
92,571
92,579
92,609
92,610
92,615
92,619
92,627
92,645
92,646
92,649
92,650
92,655
92,657
92,658
92,663
92,667
92,676
92,680
92,685
92,686
92,688
92,693
92,694
92,697
92,698
92,711
92,715
92,723
92,741
92,742
92,745
92,746
92,753
92,754
92,773
92,774
92,777
92,778
92,783
92,785
92,786
92,791
92,795
92,804
92,808
92,813
92,814
92,816
92,821
92,822
92,825
92,826
92,839
92,843
92,851
92,869
92,870
92,873
92,874
92,881
92,882
92,909
92,910
92,917
92,918
92,921
92,922
92,940
92,948
92,952
92,1025
92,1026
92,1031
92,1035
92,1043
92,1056
92,1061
92,1062
92,1065
92,1066
92,1071
92,1073
92,1074
92,1079
92,1083
92,1091
92,1121
92,1122
92,1127
92,1131
92,1139
92,1157
92,1158
92,1161
92,1162
92,1167
92,1169
92,1170
92,1175
92,1179
92,1188
92,1192
92,1197
92,1198
92,1200
92,1205
92,1206
92,1209
92,1210
92,1223
92,1227
92,1235
92,1253
92,1254
92,1257
92,1258
92,1265
92,1266
92,1285
92,1286
92,1289
92,1290
92,1295
92,1297
92,1298
92,1303
92,1307
92,1316
92,1320
92,1325
92,1326
92,1328
92,1333
92,1334
92,1337
92,1338
92,1351
92,1355
92,1363
92,1381
92,1382
92,1385
92,1386
92,1393
92,1394
92,1421
92,1422
92,1429
92,1430
92,1433
92,1434
92,1452
92,1460
92,1464
92,1541
92,1542
92,1545
92,1546
92,1551
92,1553
92,1554
92,1559
92,1563
92,1572
92,1576
92,1581
92,1582
92,1584
92,1589
92,1590
92,1593
92,1594
92,1607
92,1611
92,1619
92,1637
92,1638
92,1641
92,1642
92,1649
92,1650
92,1677
92,1678
92,1685
92,1686
92,1689
92,1690
92,1708
92,1716
92,1720
92,1805
92,1806
92,1813
92,1814
92,1817
92,1818
92,1836
92,1844
92,1848
95,96
95,129
95,130
95,132
95,136
95,144
95,163
95,165
95,166
95,169
95,170
95,172
95,177
95,178
95,180
95,184
95,225
95,226
95,228
95,232
95,240
95,257
95,258
95,260
95,264
95,272
95,291
95,293
95,294
95,297
95,298
95,300
95,305
95,306
95,308
95,312
95,353
95,354
95,356
95,360
95,368
95,387
95,389
95,390
95,393
95,394
95,396
95,401
95,402
95,404
95,408
95,423
95,427
95,429
95,430
95,435
95,437
95,438
95,441
95,442
95,444
95,483
95,485
95,486
95,489
95,490
95,492
95,497
95,498
95,500
95,504
95,513
95,514
95,516
95,520
95,528
95,547
95,549
95,550
95,553
95,554
95,556
95,561
95,562
95,564
95,568
95,609
95,610
95,612
95,616
95,624
95,643
95,645
95,646
95,649
95,650
95,652
95,657
95,658
95,660
95,664
95,679
95,683
95,685
95,686
95,691
95,693
95,694
95,697
95,698
95,700
95,739
95,741
95,742
95,745
95,746
95,748
95,753
95,754
95,756
95,760
95,771
95,773
95,774
95,777
95,778
95,780
95,785
95,786
95,788
95,792
95,807
95,811
95,813
95,814
95,819
95,821
95,822
95,825
95,826
95,828
95,867
95,869
95,870
95,873
95,874
95,876
95,881
95,882
95,884
95,888
95,903
95,907
95,909
95,910
95,915
95,917
95,918
95,921
95,922
95,924
95,1025
95,1026
95,1028
95,1032
95,1040
95,1059
95,1061
95,1062
95,1065
95,1066
95,1068
95,1073
95,1074
95,1076
95,1080
95,1121
95,1122
95,1124
95,1128
95,1136
95,1155
95,1157
95,1158
95,1161
95,1162
95,1164
95,1169
95,1170
95,1172
95,1176
95,1191
95,1195
95,1197
95,1198
95,1203
95,1205
95,1206
95,1209
95,1210
95,1212
95,1251
95,1253
95,1254
95,1257
95,1258
95,1260
95,1265
95,1266
95,1268
95,1272
95,1283
95,1285
95,1286
95,1289
95,1290
95,1292
95,1297
95,1298
95,1300
95,1304
95,1319
95,1323
95,1325
95,1326
95,1331
95,1333
95,1334
95,1337
95,1338
95,1340
95,1379
95,1381
95,1382
95,1385
95,1386
95,1388
95,1393
95,1394
95,1396
95,1400
95,1415
95,1419
95,1421
95,1422
95,1427
95,1429
95,1430
95,1433
95,1434
95,1436
95,1539
95,1541
95,1542
95,1545
95,1546
95,1548
95,1553
95,1554
95,1556
95,1560
95,1575
95,1579
95,1581
95,1582
95,1587
95,1589
95,1590
95,1593
95,1594
95,1596
95,1635
95,1637
95,1638
95,1641
95,1642
95,1644
95,1649
95,1650
95,1652
95,1656
95,1671
95,1675
95,1677
95,1678
95,1683
95,1685
95,1686
95,1689
95,1690
95,1692
95,1799
95,1803
95,1805
95,1806
95,1811
95,1813
95,1814
95,1817
95,1818
95,1820
96,135
96,139
96,141
96,142
96,147
96,149
96,150
96,153
96,154
96,156
96,175
96,183
96,187
96,189
96,190
96,207
96,215
96,219
96,221
96,222
96,263
96,267
96,269
96,270
96,275
96,277
96,278
96,281
96,282
96,284
96,303
96,311
96,315
96,317
96,318
96,335
96,343
96,347
96,349
96,350
96,387
96,389
96,390
96,393
96,394
96,396
96,401
96,402
96,404
96,408
96,423
96,427
96,429
96,430
96,435
96,437
96,438
96,441
96,442
96,444
96,455
96,459
96,461
96,462
96,467
96,469
96,470
96,473
96,474
96,476
96,519
96,523
96,525
96,526
96,531
96,533
96,534
96,537
96,538
96,540
96,559
96,567
96,571
96,573
96,574
96,591
96,599
96,603
96,605
96,606
96,643
96,645
96,646
96,649
96,650
96,652
96,657
96,658
96,660
96,664
96,679
96,683
96,685
96,686
96,691
96,693
96,694
96,697
96,698
96,700
96,711
96,715
96,717
96,718
96,723
96,725
96,726
96,729
96,730
96,732
96,771
96,773
96,774
96,777
96,778
96,780
96,785
96,786
96,788
96,792
96,807
96,811
96,813
96,814
96,819
96,821
96,822
96,825
96,826
96,828
96,839
96,843
96,845
96,846
96,851
96,853
96,854
96,857
96,858
96,860
96,931
96,933
96,934
96,937
96,938
96,940
96,945
96,946
96,948
96,952
96,1031
96,1035
96,1037
96,1038
96,1043
96,1045
96,1046
96,1049
96,1050
96,1052
96,1071
96,1079
96,1083
96,1085
96,1086
96,1103
96,1111
96,1115
96,1117
96,1118
96,1155
96,1157
96,1158
96,1161
96,1162
96,1164
96,1169
96,1170
96,1172
96,1176
96,1191
96,1195
96,1197
96,1198
96,1203
96,1205
96,1206
96,1209
96,1210
96,1212
96,1223
96,1227
96,1229
96,1230
96,1235
96,1237
96,1238
96,1241
96,1242
96,1244
96,1283
96,1285
96,1286
96,1289
96,1290
96,1292
96,1297
96,1298
96,1300
96,1304
96,1319
96,1323
96,1325
96,1326
96,1331
96,1333
96,1334
96,1337
96,1338
96,1340
96,1351
96,1355
96,1357
96,1358
96,1363
96,1365
96,1366
96,1369
96,1370
96,1372
96,1443
96,1445
96,1446
96,1449
96,1450
96,1452
96,1457
96,1458
96,1460
96,1464
96,1539
96,1541
96,1542
96,1545
96,1546
96,1548
96,1553
96,1554
96,1556
96,1560
96,1575
96,1579
96,1581
96,1582
96,1587
96,1589
96,1590
96,1593
96,1594
96,1596
96,1607
96,1611
96,1613
96,1614
96,1619
96,1621
96,1622
96,1625
96,1626
96,1628
96,1699
96,1701
96,1702
96,1705
96,1706
96,1708
96,1713
96,1714
96,1716
96,1720
96,1827
96,1829
96,1830
96,1833
96,1834
96,1836
96,1841
96,1842
96,1844
96,1848
99,132
99,136
99,141
99,142
99,144
99,149
99,150
99,153
99,154
99,159
99,172
99,180
99,184
99,189
99,190
99,204
99,212
99,216
99,221
99,222
99,252
99,260
99,264
99,269
99,270
99,272
99,277
99,278
99,281
99,282
99,287
99,300
99,308
99,312
99,317
99,318
99,332
99,340
99,344
99,349
99,350
99,380
99,389
99,390
99,393
99,394
99,399
99,401
99,402
99,407
99,411
99,420
99,424
99,429
99,430
99,432
99,437
99,438
99,441
99,442
99,461
99,462
99,469
99,470
99,473
99,474
99,492
99,500
99,504
99,516
99,520
99,525
99,526
99,528
99,533
99,534
99,537
99,538
99,543
99,556
99,564
99,568
99,573
99,574
99,588
99,596
99,600
99,605
99,606
99,636
99,645
99,646
99,649
99,650
99,655
99,657
99,658
99,663
99,667
99,676
99,680
99,685
99,686
99,688
99,693
99,694
99,697
99,698
99,717
99,718
99,725
99,726
99,729
99,730
99,748
99,756
99,760
99,773
99,774
99,777
99,778
99,783
99,785
99,786
99,791
99,795
99,804
99,808
99,813
99,814
99,816
99,821
99,822
99,825
99,826
99,845
99,846
99,853
99,854
99,857
99,858
99,876
99,884
99,888
99,903
99,907
99,915
99,933
99,934
99,937
99,938
99,945
99,946
99,1028
99,1032
99,1037
99,1038
99,1040
99,1045
99,1046
99,1049
99,1050
99,1055
99,1068
99,1076
99,1080
99,1085
99,1086
99,1100
99,1108
99,1112
99,1117
99,1118
99,1148
99,1157
99,1158
99,1161
99,1162
99,1167
99,1169
99,1170
99,1175
99,1179
99,1188
99,1192
99,1197
99,1198
99,1200
99,1205
99,1206
99,1209
99,1210
99,1229
99,1230
99,1237
99,1238
99,1241
99,1242
99,1260
99,1268
99,1272
99,1285
99,1286
99,1289
99,1290
99,1295
99,1297
99,1298
99,1303
99,1307
99,1316
99,1320
99,1325
99,1326
99,1328
99,1333
99,1334
99,1337
99,1338
99,1357
99,1358
99,1365
99,1366
99,1369
99,1370
99,1388
99,1396
99,1400
99,1415
99,1419
99,1427
99,1445
99,1446
99,1449
99,1450
99,1457
99,1458
99,1541
99,1542
99,1545
99,1546
99,1551
99,1553
99,1554
99,1559
99,1563
99,1572
99,1576
99,1581
99,1582
99,1584
99,1589
99,1590
99,1593
99,1594
99,1613
99,1614
99,1621
99,1622
99,1625
99,1626
99,1644
99,1652
99,1656
99,1671
99,1675
99,1683
99,1701
99,1702
99,1705
99,1706
99,1713
99,1714
99,1799
99,1803
99,1811
99,1829
99,1830
99,1833
99,1834
99,1841
99,1842
101,130
101,136
101,139
101,142
101,144
101,147
101,150
101,153
101,156
101,159
101,170
101,178
101,184
101,187
101,190
101,202
101,210
101,216
101,219
101,222
101,250
101,258
101,264
101,267
101,270
101,272
101,275
101,278
101,281
101,284
101,287
101,298
101,306
101,312
101,315
101,318
101,330
101,338
101,344
101,347
101,350
101,378
101,387
101,390
101,393
101,396
101,399
101,401
101,404
101,407
101,413
101,418
101,424
101,427
101,430
101,432
101,435
101,438
101,441
101,444
101,459
101,462
101,467
101,470
101,473
101,476
101,490
101,498
101,504
101,514
101,520
101,523
101,526
101,528
101,531
101,534
101,537
101,540
101,543
101,554
101,562
101,568
101,571
101,574
101,586
101,594
101,600
101,603
101,606
101,634
101,643
101,646
101,649
101,652
101,655
101,657
101,660
101,663
101,669
101,674
101,680
101,683
101,686
101,688
101,691
101,694
101,697
101,700
101,715
101,718
101,723
101,726
101,729
101,732
101,746
101,754
101,760
101,771
101,774
101,777
101,780
101,783
101,785
101,788
101,791
101,797
101,802
101,808
101,811
101,814
101,816
101,819
101,822
101,825
101,828
101,843
101,846
101,851
101,854
101,857
101,860
101,874
101,882
101,888
101,903
101,909
101,917
101,931
101,934
101,937
101,940
101,945
101,948
101,1026
101,1032
101,1035
101,1038
101,1040
101,1043
101,1046
101,1049
101,1052
101,1055
101,1066
101,1074
101,1080
101,1083
101,1086
101,1098
101,1106
101,1112
101,1115
101,1118
101,1146
101,1155
101,1158
101,1161
101,1164
101,1167
101,1169
101,1172
101,1175
101,1181
101,1186
101,1192
101,1195
101,1198
101,1200
101,1203
101,1206
101,1209
101,1212
101,1227
101,1230
101,1235
101,1238
101,1241
101,1244
101,1258
101,1266
101,1272
101,1283
101,1286
101,1289
101,1292
101,1295
101,1297
101,1300
101,1303
101,1309
101,1314
101,1320
101,1323
101,1326
101,1328
101,1331
101,1334
101,1337
101,1340
101,1355
101,1358
101,1363
101,1366
101,1369
101,1372
101,1386
101,1394
101,1400
101,1415
101,1421
101,1429
101,1443
101,1446
101,1449
101,1452
101,1457
101,1460
101,1539
101,1542
101,1545
101,1548
101,1551
101,1553
101,1556
101,1559
101,1565
101,1570
101,1576
101,1579
101,1582
101,1584
101,1587
101,1590
101,1593
101,1596
101,1611
101,1614
101,1619
101,1622
101,1625
101,1628
101,1642
101,1650
101,1656
101,1671
101,1677
101,1685
101,1699
101,1702
101,1705
101,1708
101,1713
101,1716
101,1799
101,1805
101,1813
101,1827
101,1830
101,1833
101,1836
101,1841
101,1844
102,129
102,136
102,139
102,141
102,144
102,147
102,149
102,154
102,156
102,159
102,169
102,177
102,184
102,187
102,189
102,201
102,209
102,216
102,219
102,221
102,249
102,257
102,264
102,267
102,269
102,272
102,275
102,277
102,282
102,284
102,287
102,297
102,305
102,312
102,315
102,317
102,329
102,337
102,344
102,347
102,349
102,377
102,387
102,389
102,394
102,396
102,399
102,402
102,404
102,407
102,414
102,417
102,424
102,427
102,429
102,432
102,435
102,437
102,442
102,444
102,459
102,461
102,467
102,469
102,474
102,476
102,489
102,497
102,504
102,513
102,520
102,523
102,525
102,528
102,531
102,533
102,538
102,540
102,543
102,553
102,561
102,568
102,571
102,573
102,585
102,593
102,600
102,603
102,605
102,633
102,643
102,645
102,650
102,652
102,655
102,658
102,660
102,663
102,670
102,673
102,680
102,683
102,685
102,688
102,691
102,693
102,698
102,700
102,715
102,717
102,723
102,725
102,730
102,732
102,745
102,753
102,760
102,771
102,773
102,778
102,780
102,783
102,786
102,788
102,791
102,798
102,801
102,808
102,811
102,813
102,816
102,819
102,821
102,826
102,828
102,843
102,845
102,851
102,853
102,858
102,860
102,873
102,881
102,888
102,903
102,910
102,918
102,931
102,933
102,938
102,940
102,946
102,948
102,1025
102,1032
102,1035
102,1037
102,1040
102,1043
102,1045
102,1050
102,1052
102,1055
102,1065
102,1073
102,1080
102,1083
102,1085
102,1097
102,1105
102,1112
102,1115
102,1117
102,1145
102,1155
102,1157
102,1162
102,1164
102,1167
102,1170
102,1172
102,1175
102,1182
102,1185
102,1192
102,1195
102,1197
102,1200
102,1203
102,1205
102,1210
102,1212
102,1227
102,1229
102,1235
102,1237
102,1242
102,1244
102,1257
102,1265
102,1272
102,1283
102,1285
102,1290
102,1292
102,1295
102,1298
102,1300
102,1303
102,1310
102,1313
102,1320
102,1323
102,1325
102,1328
102,1331
102,1333
102,1338
102,1340
102,1355
102,1357
102,1363
102,1365
102,1370
102,1372
102,1385
102,1393
102,1400
102,1415
102,1422
102,1430
102,1443
102,1445
102,1450
102,1452
102,1458
102,1460
102,1539
102,1541
102,1546
102,1548
102,1551
102,1554
102,1556
102,1559
102,1566
102,1569
102,1576
102,1579
102,1581
102,1584
102,1587
102,1589
102,1594
102,1596
102,1611
102,1613
102,1619
102,1621
102,1626
102,1628
102,1641
102,1649
102,1656
102,1671
102,1678
102,1686
102,1699
102,1701
102,1706
102,1708
102,1714
102,1716
102,1799
102,1806
102,1814
102,1827
102,1829
102,1834
102,1836
102,1842
102,1844
105,130
105,132
105,135
105,142
105,144
105,147
105,149
105,154
105,156
105,159
105,166
105,178
105,180
105,183
105,190
105,198
105,210
105,212
105,215
105,222
105,246
105,258
105,260
105,263
105,270
105,272
105,275
105,277
105,282
105,284
105,287
105,294
105,306
105,308
105,311
105,318
105,326
105,338
105,340
105,343
105,350
105,374
105,387
105,389
105,394
105,396
105,399
105,401
105,408
105,411
105,413
105,418
105,420
105,423
105,430
105,432
105,435
105,437
105,442
105,444
105,455
105,462
105,467
105,469
105,474
105,476
105,486
105,498
105,500
105,514
105,516
105,519
105,526
105,528
105,531
105,533
105,538
105,540
105,543
105,550
105,562
105,564
105,567
105,574
105,582
105,594
105,596
105,599
105,606
105,630
105,643
105,645
105,650
105,652
105,655
105,657
105,664
105,667
105,669
105,674
105,676
105,679
105,686
105,688
105,691
105,693
105,698
105,700
105,711
105,718
105,723
105,725
105,730
105,732
105,742
105,754
105,756
105,771
105,773
105,778
105,780
105,783
105,785
105,792
105,795
105,797
105,802
105,804
105,807
105,814
105,816
105,819
105,821
105,826
105,828
105,839
105,846
105,851
105,853
105,858
105,860
105,870
105,882
105,884
105,907
105,909
105,921
105,931
105,933
105,938
105,940
105,945
105,952
105,1026
105,1028
105,1031
105,1038
105,1040
105,1043
105,1045
105,1050
105,1052
105,1055
105,1062
105,1074
105,1076
105,1079
105,1086
105,1094
105,1106
105,1108
105,1111
105,1118
105,1142
105,1155
105,1157
105,1162
105,1164
105,1167
105,1169
105,1176
105,1179
105,1181
105,1186
105,1188
105,1191
105,1198
105,1200
105,1203
105,1205
105,1210
105,1212
105,1223
105,1230
105,1235
105,1237
105,1242
105,1244
105,1254
105,1266
105,1268
105,1283
105,1285
105,1290
105,1292
105,1295
105,1297
105,1304
105,1307
105,1309
105,1314
105,1316
105,1319
105,1326
105,1328
105,1331
105,1333
105,1338
105,1340
105,1351
105,1358
105,1363
105,1365
105,1370
105,1372
105,1382
105,1394
105,1396
105,1419
105,1421
105,1433
105,1443
105,1445
105,1450
105,1452
105,1457
105,1464
105,1539
105,1541
105,1546
105,1548
105,1551
105,1553
105,1560
105,1563
105,1565
105,1570
105,1572
105,1575
105,1582
105,1584
105,1587
105,1589
105,1594
105,1596
105,1607
105,1614
105,1619
105,1621
105,1626
105,1628
105,1638
105,1650
105,1652
105,1675
105,1677
105,1689
105,1699
105,1701
105,1706
105,1708
105,1713
105,1720
105,1803
105,1805
105,1817
105,1827
105,1829
105,1834
105,1836
105,1841
105,1848
106,129
106,132
106,135
106,141
106,144
106,147
106,150
106,153
106,156
106,159
106,165
106,177
106,180
106,183
106,189
106,197
106,209
106,212
106,215
106,221
106,245
106,257
106,260
106,263
106,269
106,272
106,275
106,278
106,281
106,284
106,287
106,293
106,305
106,308
106,311
106,317
106,325
106,337
106,340
106,343
106,349
106,373
106,387
106,390
106,393
106,396
106,399
106,402
106,408
106,411
106,414
106,417
106,420
106,423
106,429
106,432
106,435
106,438
106,441
106,444
106,455
106,461
106,467
106,470
106,473
106,476
106,485
106,497
106,500
106,513
106,516
106,519
106,525
106,528
106,531
106,534
106,537
106,540
106,543
106,549
106,561
106,564
106,567
106,573
106,581
106,593
106,596
106,599
106,605
106,629
106,643
106,646
106,649
106,652
106,655
106,658
106,664
106,667
106,670
106,673
106,676
106,679
106,685
106,688
106,691
106,694
106,697
106,700
106,711
106,717
106,723
106,726
106,729
106,732
106,741
106,753
106,756
106,771
106,774
106,777
106,780
106,783
106,786
106,792
106,795
106,798
106,801
106,804
106,807
106,813
106,816
106,819
106,822
106,825
106,828
106,839
106,845
106,851
106,854
106,857
106,860
106,869
106,881
106,884
106,907
106,910
106,922
106,931
106,934
106,937
106,940
106,946
106,952
106,1025
106,1028
106,1031
106,1037
106,1040
106,1043
106,1046
106,1049
106,1052
106,1055
106,1061
106,1073
106,1076
106,1079
106,1085
106,1093
106,1105
106,1108
106,1111
106,1117
106,1141
106,1155
106,1158
106,1161
106,1164
106,1167
106,1170
106,1176
106,1179
106,1182
106,1185
106,1188
106,1191
106,1197
106,1200
106,1203
106,1206
106,1209
106,1212
106,1223
106,1229
106,1235
106,1238
106,1241
106,1244
106,1253
106,1265
106,1268
106,1283
106,1286
106,1289
106,1292
106,1295
106,1298
106,1304
106,1307
106,1310
106,1313
106,1316
106,1319
106,1325
106,1328
106,1331
106,1334
106,1337
106,1340
106,1351
106,1357
106,1363
106,1366
106,1369
106,1372
106,1381
106,1393
106,1396
106,1419
106,1422
106,1434
106,1443
106,1446
106,1449
106,1452
106,1458
106,1464
106,1539
106,1542
106,1545
106,1548
106,1551
106,1554
106,1560
106,1563
106,1566
106,1569
106,1572
106,1575
106,1581
106,1584
106,1587
106,1590
106,1593
106,1596
106,1607
106,1613
106,1619
106,1622
106,1625
106,1628
106,1637
106,1649
106,1652
106,1675
106,1678
106,1690
106,1699
106,1702
106,1705
106,1708
106,1714
106,1720
106,1803
106,1806
106,1818
106,1827
106,1830
106,1833
106,1836
106,1842
106,1848
108,129
108,130
108,135
108,139
108,144
108,149
108,150
108,153
108,154
108,159
108,163
108,177
108,178
108,183
108,187
108,195
108,209
108,210
108,215
108,219
108,243
108,257
108,258
108,263
108,267
108,272
108,277
108,278
108,281
108,282
108,287
108,291
108,305
108,306
108,311
108,315
108,323
108,337
108,338
108,343
108,347
108,371
108,389
108,390
108,393
108,394
108,399
108,404
108,408
108,413
108,414
108,417
108,418
108,423
108,427
108,432
108,437
108,438
108,441
108,442
108,455
108,459
108,469
108,470
108,473
108,474
108,483
108,497
108,498
108,513
108,514
108,519
108,523
108,528
108,533
108,534
108,537
108,538
108,543
108,547
108,561
108,562
108,567
108,571
108,579
108,593
108,594
108,599
108,603
108,627
108,645
108,646
108,649
108,650
108,655
108,660
108,664
108,669
108,670
108,673
108,674
108,679
108,683
108,688
108,693
108,694
108,697
108,698
108,711
108,715
108,725
108,726
108,729
108,730
108,739
108,753
108,754
108,773
108,774
108,777
108,778
108,783
108,788
108,792
108,797
108,798
108,801
108,802
108,807
108,811
108,816
108,821
108,822
108,825
108,826
108,839
108,843
108,853
108,854
108,857
108,858
108,867
108,881
108,882
108,909
108,910
108,924
108,933
108,934
108,937
108,938
108,948
108,952
108,1025
108,1026
108,1031
108,1035
108,1040
108,1045
108,1046
108,1049
108,1050
108,1055
108,1059
108,1073
108,1074
108,1079
108,1083
108,1091
108,1105
108,1106
108,1111
108,1115
108,1139
108,1157
108,1158
108,1161
108,1162
108,1167
108,1172
108,1176
108,1181
108,1182
108,1185
108,1186
108,1191
108,1195
108,1200
108,1205
108,1206
108,1209
108,1210
108,1223
108,1227
108,1237
108,1238
108,1241
108,1242
108,1251
108,1265
108,1266
108,1285
108,1286
108,1289
108,1290
108,1295
108,1300
108,1304
108,1309
108,1310
108,1313
108,1314
108,1319
108,1323
108,1328
108,1333
108,1334
108,1337
108,1338
108,1351
108,1355
108,1365
108,1366
108,1369
108,1370
108,1379
108,1393
108,1394
108,1421
108,1422
108,1436
108,1445
108,1446
108,1449
108,1450
108,1460
108,1464
108,1541
108,1542
108,1545
108,1546
108,1551
108,1556
108,1560
108,1565
108,1566
108,1569
108,1570
108,1575
108,1579
108,1584
108,1589
108,1590
108,1593
108,1594
108,1607
108,1611
108,1621
108,1622
108,1625
108,1626
108,1635
108,1649
108,1650
108,1677
108,1678
108,1692
108,1701
108,1702
108,1705
108,1706
108,1716
108,1720
108,1805
108,1806
108,1820
108,1829
108,1830
108,1833
108,1834
108,1844
108,1848
111,129
111,130
111,132
111,136
111,147
111,149
111,150
111,153
111,154
111,156
111,160
111,177
111,178
111,180
111,184
111,209
111,210
111,212
111,216
111,240
111,257
111,258
111,260
111,264
111,275
111,277
111,278
111,281
111,282
111,284
111,288
111,305
111,306
111,308
111,312
111,337
111,338
111,340
111,344
111,368
111,387
111,389
111,390
111,393
111,394
111,396
111,407
111,411
111,413
111,414
111,417
111,418
111,420
111,424
111,435
111,437
111,438
111,441
111,442
111,444
111,467
111,469
111,470
111,473
111,474
111,476
111,497
111,498
111,500
111,504
111,513
111,514
111,516
111,520
111,531
111,533
111,534
111,537
111,538
111,540
111,544
111,561
111,562
111,564
111,568
111,593
111,594
111,596
111,600
111,624
111,643
111,645
111,646
111,649
111,650
111,652
111,663
111,667
111,669
111,670
111,673
111,674
111,676
111,680
111,691
111,693
111,694
111,697
111,698
111,700
111,723
111,725
111,726
111,729
111,730
111,732
111,753
111,754
111,756
111,760
111,771
111,773
111,774
111,777
111,778
111,780
111,791
111,795
111,797
111,798
111,801
111,802
111,804
111,808
111,819
111,821
111,822
111,825
111,826
111,828
111,851
111,853
111,854
111,857
111,858
111,860
111,881
111,882
111,884
111,888
111,903
111,907
111,909
111,910
111,931
111,933
111,934
111,937
111,938
111,940
111,1025
111,1026
111,1028
111,1032
111,1043
111,1045
111,1046
111,1049
111,1050
111,1052
111,1056
111,1073
111,1074
111,1076
111,1080
111,1105
111,1106
111,1108
111,1112
111,1136
111,1155
111,1157
111,1158
111,1161
111,1162
111,1164
111,1175
111,1179
111,1181
111,1182
111,1185
111,1186
111,1188
111,1192
111,1203
111,1205
111,1206
111,1209
111,1210
111,1212
111,1235
111,1237
111,1238
111,1241
111,1242
111,1244
111,1265
111,1266
111,1268
111,1272
111,1283
111,1285
111,1286
111,1289
111,1290
111,1292
111,1303
111,1307
111,1309
111,1310
111,1313
111,1314
111,1316
111,1320
111,1331
111,1333
111,1334
111,1337
111,1338
111,1340
111,1363
111,1365
111,1366
111,1369
111,1370
111,1372
111,1393
111,1394
111,1396
111,1400
111,1415
111,1419
111,1421
111,1422
111,1443
111,1445
111,1446
111,1449
111,1450
111,1452
111,1539
111,1541
111,1542
111,1545
111,1546
111,1548
111,1559
111,1563
111,1565
111,1566
111,1569
111,1570
111,1572
111,1576
111,1587
111,1589
111,1590
111,1593
111,1594
111,1596
111,1619
111,1621
111,1622
111,1625
111,1626
111,1628
111,1649
111,1650
111,1652
111,1656
111,1671
111,1675
111,1677
111,1678
111,1699
111,1701
111,1702
111,1705
111,1706
111,1708
111,1799
111,1803
111,1805
111,1806
111,1827
111,1829
111,1830
111,1833
111,1834
111,1836
113,130
113,132
113,135
113,136
113,139
113,141
113,150
113,154
113,156
113,159
113,166
113,170
113,172
113,175
113,190
113,198
113,202
113,204
113,207
113,222
113,238
113,258
113,260
113,263
113,264
113,267
113,269
113,278
113,282
113,284
113,287
113,294
113,298
113,300
113,303
113,318
113,326
113,330
113,332
113,335
113,350
113,366
113,387
113,389
113,393
113,402
113,404
113,407
113,408
113,411
113,413
113,418
113,420
113,423
113,424
113,427
113,429
113,438
113,442
113,444
113,455
113,459
113,461
113,470
113,474
113,476
113,486
113,490
113,492
113,514
113,516
113,519
113,520
113,523
113,525
113,534
113,538
113,540
113,543
113,550
113,554
113,556
113,559
113,574
113,582
113,586
113,588
113,591
113,606
113,622
113,643
113,645
113,649
113,658
113,660
113,663
113,664
113,667
113,669
113,674
113,676
113,679
113,680
113,683
113,685
113,694
113,698
113,700
113,711
113,715
113,717
113,726
113,730
113,732
113,742
113,746
113,748
113,771
113,773
113,777
113,786
113,788
113,791
113,792
113,795
113,797
113,802
113,804
113,807
113,808
113,811
113,813
113,822
113,826
113,828
113,839
113,843
113,845
113,854
113,858
113,860
113,870
113,874
113,876
113,915
113,917
113,921
113,931
113,933
113,937
113,946
113,948
113,952
113,1026
113,1028
113,1031
113,1032
113,1035
113,1037
113,1046
113,1050
113,1052
113,1055
113,1062
113,1066
113,1068
113,1071
113,1086
113,1094
113,1098
113,1100
113,1103
113,1118
113,1134
113,1155
113,1157
113,1161
113,1170
113,1172
113,1175
113,1176
113,1179
113,1181
113,1186
113,1188
113,1191
113,1192
113,1195
113,1197
113,1206
113,1210
113,1212
113,1223
113,1227
113,1229
113,1238
113,1242
113,1244
113,1254
113,1258
113,1260
113,1283
113,1285
113,1289
113,1298
113,1300
113,1303
113,1304
113,1307
113,1309
113,1314
113,1316
113,1319
113,1320
113,1323
113,1325
113,1334
113,1338
113,1340
113,1351
113,1355
113,1357
113,1366
113,1370
113,1372
113,1382
113,1386
113,1388
113,1427
113,1429
113,1433
113,1443
113,1445
113,1449
113,1458
113,1460
113,1464
113,1539
113,1541
113,1545
113,1554
113,1556
113,1559
113,1560
113,1563
113,1565
113,1570
113,1572
113,1575
113,1576
113,1579
113,1581
113,1590
113,1594
113,1596
113,1607
113,1611
113,1613
113,1622
113,1626
113,1628
113,1638
113,1642
113,1644
113,1683
113,1685
113,1689
113,1699
113,1701
113,1705
113,1714
113,1716
113,1720
113,1811
113,1813
113,1817
113,1827
113,1829
113,1833
113,1842
113,1844
113,1848
114,129
114,132
114,135
114,136
114,139
114,142
114,149
114,153
114,156
114,159
114,165
114,169
114,172
114,175
114,189
114,197
114,201
114,204
114,207
114,221
114,237
114,257
114,260
114,263
114,264
114,267
114,270
114,277
114,281
114,284
114,287
114,293
114,297
114,300
114,303
114,317
114,325
114,329
114,332
114,335
114,349
114,365
114,387
114,390
114,394
114,401
114,404
114,407
114,408
114,411
114,414
114,417
114,420
114,423
114,424
114,427
114,430
114,437
114,441
114,444
114,455
114,459
114,462
114,469
114,473
114,476
114,485
114,489
114,492
114,513
114,516
114,519
114,520
114,523
114,526
114,533
114,537
114,540
114,543
114,549
114,553
114,556
114,559
114,573
114,581
114,585
114,588
114,591
114,605
114,621
114,643
114,646
114,650
114,657
114,660
114,663
114,664
114,667
114,670
114,673
114,676
114,679
114,680
114,683
114,686
114,693
114,697
114,700
114,711
114,715
114,718
114,725
114,729
114,732
114,741
114,745
114,748
114,771
114,774
114,778
114,785
114,788
114,791
114,792
114,795
114,798
114,801
114,804
114,807
114,808
114,811
114,814
114,821
114,825
114,828
114,839
114,843
114,846
114,853
114,857
114,860
114,869
114,873
114,876
114,915
114,918
114,922
114,931
114,934
114,938
114,945
114,948
114,952
114,1025
114,1028
114,1031
114,1032
114,1035
114,1038
114,1045
114,1049
114,1052
114,1055
114,1061
114,1065
114,1068
114,1071
114,1085
114,1093
114,1097
114,1100
114,1103
114,1117
114,1133
114,1155
114,1158
114,1162
114,1169
114,1172
114,1175
114,1176
114,1179
114,1182
114,1185
114,1188
114,1191
114,1192
114,1195
114,1198
114,1205
114,1209
114,1212
114,1223
114,1227
114,1230
114,1237
114,1241
114,1244
114,1253
114,1257
114,1260
114,1283
114,1286
114,1290
114,1297
114,1300
114,1303
114,1304
114,1307
114,1310
114,1313
114,1316
114,1319
114,1320
114,1323
114,1326
114,1333
114,1337
114,1340
114,1351
114,1355
114,1358
114,1365
114,1369
114,1372
114,1381
114,1385
114,1388
114,1427
114,1430
114,1434
114,1443
114,1446
114,1450
114,1457
114,1460
114,1464
114,1539
114,1542
114,1546
114,1553
114,1556
114,1559
114,1560
114,1563
114,1566
114,1569
114,1572
114,1575
114,1576
114,1579
114,1582
114,1589
114,1593
114,1596
114,1607
114,1611
114,1614
114,1621
114,1625
114,1628
114,1637
114,1641
114,1644
114,1683
114,1686
114,1690
114,1699
114,1702
114,1706
114,1713
114,1716
114,1720
114,1811
114,1814
114,1818
114,1827
114,1830
114,1834
114,1841
114,1844
114,1848
116,129
116,130
116,135
116,136
116,141
116,142
116,147
116,153
116,154
116,159
116,163
116,169
116,170
116,175
116,187
116,195
116,201
116,202
116,207
116,219
116,235
116,257
116,258
116,263
116,264
116,269
116,270
116,275
116,281
116,282
116,287
116,291
116,297
116,298
116,303
116,315
116,323
116,329
116,330
116,335
116,347
116,363
116,389
116,390
116,396
116,401
116,402
116,407
116,408
116,413
116,414
116,417
116,418
116,423
116,424
116,429
116,430
116,435
116,441
116,442
116,455
116,461
116,462
116,467
116,473
116,474
116,483
116,489
116,490
116,513
116,514
116,519
116,520
116,525
116,526
116,531
116,537
116,538
116,543
116,547
116,553
116,554
116,559
116,571
116,579
116,585
116,586
116,591
116,603
116,619
116,645
116,646
116,652
116,657
116,658
116,663
116,664
116,669
116,670
116,673
116,674
116,679
116,680
116,685
116,686
116,691
116,697
116,698
116,711
116,717
116,718
116,723
116,729
116,730
116,739
116,745
116,746
116,773
116,774
116,780
116,785
116,786
116,791
116,792
116,797
116,798
116,801
116,802
116,807
116,808
116,813
116,814
116,819
116,825
116,826
116,839
116,845
116,846
116,851
116,857
116,858
116,867
116,873
116,874
116,917
116,918
116,924
116,933
116,934
116,940
116,945
116,946
116,952
116,1025
116,1026
116,1031
116,1032
116,1037
116,1038
116,1043
116,1049
116,1050
116,1055
116,1059
116,1065
116,1066
116,1071
116,1083
116,1091
116,1097
116,1098
116,1103
116,1115
116,1131
116,1157
116,1158
116,1164
116,1169
116,1170
116,1175
116,1176
116,1181
116,1182
116,1185
116,1186
116,1191
116,1192
116,1197
116,1198
116,1203
116,1209
116,1210
116,1223
116,1229
116,1230
116,1235
116,1241
116,1242
116,1251
116,1257
116,1258
116,1285
116,1286
116,1292
116,1297
116,1298
116,1303
116,1304
116,1309
116,1310
116,1313
116,1314
116,1319
116,1320
116,1325
116,1326
116,1331
116,1337
116,1338
116,1351
116,1357
116,1358
116,1363
116,1369
116,1370
116,1379
116,1385
116,1386
116,1429
116,1430
116,1436
116,1445
116,1446
116,1452
116,1457
116,1458
116,1464
116,1541
116,1542
116,1548
116,1553
116,1554
116,1559
116,1560
116,1565
116,1566
116,1569
116,1570
116,1575
116,1576
116,1581
116,1582
116,1587
116,1593
116,1594
116,1607
116,1613
116,1614
116,1619
116,1625
116,1626
116,1635
116,1641
116,1642
116,1685
116,1686
116,1692
116,1701
116,1702
116,1708
116,1713
116,1714
116,1720
116,1813
116,1814
116,1820
116,1829
116,1830
116,1836
116,1841
116,1842
116,1848
119,129
119,130
119,132
119,139
119,141
119,142
119,144
119,153
119,154
119,156
119,160
119,169
119,170
119,172
119,184
119,201
119,202
119,204
119,216
119,232
119,257
119,258
119,260
119,267
119,269
119,270
119,272
119,281
119,282
119,284
119,288
119,297
119,298
119,300
119,312
119,329
119,330
119,332
119,344
119,360
119,387
119,389
119,390
119,399
119,401
119,402
119,404
119,411
119,413
119,414
119,417
119,418
119,420
119,427
119,429
119,430
119,432
119,441
119,442
119,444
119,459
119,461
119,462
119,473
119,474
119,476
119,489
119,490
119,492
119,504
119,513
119,514
119,516
119,523
119,525
119,526
119,528
119,537
119,538
119,540
119,544
119,553
119,554
119,556
119,568
119,585
119,586
119,588
119,600
119,616
119,643
119,645
119,646
119,655
119,657
119,658
119,660
119,667
119,669
119,670
119,673
119,674
119,676
119,683
119,685
119,686
119,688
119,697
119,698
119,700
119,715
119,717
119,718
119,729
119,730
119,732
119,745
119,746
119,748
119,760
119,771
119,773
119,774
119,783
119,785
119,786
119,788
119,795
119,797
119,798
119,801
119,802
119,804
119,811
119,813
119,814
119,816
119,825
119,826
119,828
119,843
119,845
119,846
119,857
119,858
119,860
119,873
119,874
119,876
119,888
119,903
119,915
119,917
119,918
119,931
119,933
119,934
119,945
119,946
119,948
119,1025
119,1026
119,1028
119,1035
119,1037
119,1038
119,1040
119,1049
119,1050
119,1052
119,1056
119,1065
119,1066
119,1068
119,1080
119,1097
119,1098
119,1100
119,1112
119,1128
119,1155
119,1157
119,1158
119,1167
119,1169
119,1170
119,1172
119,1179
119,1181
119,1182
119,1185
119,1186
119,1188
119,1195
119,1197
119,1198
119,1200
119,1209
119,1210
119,1212
119,1227
119,1229
119,1230
119,1241
119,1242
119,1244
119,1257
119,1258
119,1260
119,1272
119,1283
119,1285
119,1286
119,1295
119,1297
119,1298
119,1300
119,1307
119,1309
119,1310
119,1313
119,1314
119,1316
119,1323
119,1325
119,1326
119,1328
119,1337
119,1338
119,1340
119,1355
119,1357
119,1358
119,1369
119,1370
119,1372
119,1385
119,1386
119,1388
119,1400
119,1415
119,1427
119,1429
119,1430
119,1443
119,1445
119,1446
119,1457
119,1458
119,1460
119,1539
119,1541
119,1542
119,1551
119,1553
119,1554
119,1556
119,1563
119,1565
119,1566
119,1569
119,1570
119,1572
119,1579
119,1581
119,1582
119,1584
119,1593
119,1594
119,1596
119,1611
119,1613
119,1614
119,1625
119,1626
119,1628
119,1641
119,1642
119,1644
119,1656
119,1671
119,1683
119,1685
119,1686
119,1699
119,1701
119,1702
119,1713
119,1714
119,1716
119,1799
119,1811
119,1813
119,1814
119,1827
119,1829
119,1830
119,1841
119,1842
119,1844
120,129
120,130
120,132
120,139
120,141
120,142
120,147
120,149
120,150
120,159
120,163
120,165
120,166
120,175
120,183
120,195
120,197
120,198
120,207
120,215
120,231
120,257
120,258
120,260
120,267
120,269
120,270
120,275
120,277
120,278
120,287
120,291
120,293
120,294
120,303
120,311
120,323
120,325
120,326
120,335
120,343
120,359
120,393
120,394
120,396
120,401
120,402
120,404
120,411
120,413
120,414
120,417
120,418
120,420
120,427
120,429
120,430
120,435
120,437
120,438
120,459
120,461
120,462
120,467
120,469
120,470
120,483
120,485
120,486
120,513
120,514
120,516
120,523
120,525
120,526
120,531
120,533
120,534
120,543
120,547
120,549
120,550
120,559
120,567
120,579
120,581
120,582
120,591
120,599
120,615
120,649
120,650
120,652
120,657
120,658
120,660
120,667
120,669
120,670
120,673
120,674
120,676
120,683
120,685
120,686
120,691
120,693
120,694
120,715
120,717
120,718
120,723
120,725
120,726
120,739
120,741
120,742
120,777
120,778
120,780
120,785
120,786
120,788
120,795
120,797
120,798
120,801
120,802
120,804
120,811
120,813
120,814
120,819
120,821
120,822
120,843
120,845
120,846
120,851
120,853
120,854
120,867
120,869
120,870
120,921
120,922
120,924
120,937
120,938
120,940
120,945
120,946
120,948
120,1025
120,1026
120,1028
120,1035
120,1037
120,1038
120,1043
120,1045
120,1046
120,1055
120,1059
120,1061
120,1062
120,1071
120,1079
120,1091
120,1093
120,1094
120,1103
120,1111
120,1127
120,1161
120,1162
120,1164
120,1169
120,1170
120,1172
120,1179
120,1181
120,1182
120,1185
120,1186
120,1188
120,1195
120,1197
120,1198
120,1203
120,1205
120,1206
120,1227
120,1229
120,1230
120,1235
120,1237
120,1238
120,1251
120,1253
120,1254
120,1289
120,1290
120,1292
120,1297
120,1298
120,1300
120,1307
120,1309
120,1310
120,1313
120,1314
120,1316
120,1323
120,1325
120,1326
120,1331
120,1333
120,1334
120,1355
120,1357
120,1358
120,1363
120,1365
120,1366
120,1379
120,1381
120,1382
120,1433
120,1434
120,1436
120,1449
120,1450
120,1452
120,1457
120,1458
120,1460
120,1545
120,1546
120,1548
120,1553
120,1554
120,1556
120,1563
120,1565
120,1566
120,1569
120,1570
120,1572
120,1579
120,1581
120,1582
120,1587
120,1589
120,1590
120,1611
120,1613
120,1614
120,1619
120,1621
120,1622
120,1635
120,1637
120,1638
120,1689
120,1690
120,1692
120,1705
120,1706
120,1708
120,1713
120,1714
120,1716
120,1817
120,1818
120,1820
120,1833
120,1834
120,1836
120,1841
120,1842
120,1844
123,129
123,130
123,135
123,136
123,141
123,142
123,144
123,149
123,150
123,156
123,160
123,165
123,166
123,172
123,180
123,197
123,198
123,204
123,212
123,228
123,257
123,258
123,263
123,264
123,269
123,270
123,272
123,277
123,278
123,284
123,288
123,293
123,294
123,300
123,308
123,325
123,326
123,332
123,340
123,356
123,387
123,393
123,394
123,399
123,401
123,402
123,407
123,408
123,413
123,414
123,417
123,418
123,423
123,424
123,429
123,430
123,432
123,437
123,438
123,444
123,455
123,461
123,462
123,469
123,470
123,476
123,485
123,486
123,492
123,500
123,513
123,514
123,519
123,520
123,525
123,526
123,528
123,533
123,534
123,540
123,544
123,549
123,550
123,556
123,564
123,581
123,582
123,588
123,596
123,612
123,643
123,649
123,650
123,655
123,657
123,658
123,663
123,664
123,669
123,670
123,673
123,674
123,679
123,680
123,685
123,686
123,688
123,693
123,694
123,700
123,711
123,717
123,718
123,725
123,726
123,732
123,741
123,742
123,748
123,756
123,771
123,777
123,778
123,783
123,785
123,786
123,791
123,792
123,797
123,798
123,801
123,802
123,807
123,808
123,813
123,814
123,816
123,821
123,822
123,828
123,839
123,845
123,846
123,853
123,854
123,860
123,869
123,870
123,876
123,884
123,907
123,915
123,921
123,922
123,931
123,937
123,938
123,945
123,946
123,952
123,1025
123,1026
123,1031
123,1032
123,1037
123,1038
123,1040
123,1045
123,1046
123,1052
123,1056
123,1061
123,1062
123,1068
123,1076
123,1093
123,1094
123,1100
123,1108
123,1124
123,1155
123,1161
123,1162
123,1167
123,1169
123,1170
123,1175
123,1176
123,1181
123,1182
123,1185
123,1186
123,1191
123,1192
123,1197
123,1198
123,1200
123,1205
123,1206
123,1212
123,1223
123,1229
123,1230
123,1237
123,1238
123,1244
123,1253
123,1254
123,1260
123,1268
123,1283
123,1289
123,1290
123,1295
123,1297
123,1298
123,1303
123,1304
123,1309
123,1310
123,1313
123,1314
123,1319
123,1320
123,1325
123,1326
123,1328
123,1333
123,1334
123,1340
123,1351
123,1357
123,1358
123,1365
123,1366
123,1372
123,1381
123,1382
123,1388
123,1396
123,1419
123,1427
123,1433
123,1434
123,1443
123,1449
123,1450
123,1457
123,1458
123,1464
123,1539
123,1545
123,1546
123,1551
123,1553
123,1554
123,1559
123,1560
123,1565
123,1566
123,1569
123,1570
123,1575
123,1576
123,1581
123,1582
123,1584
123,1589
123,1590
123,1596
123,1607
123,1613
123,1614
123,1621
123,1622
123,1628
123,1637
123,1638
123,1644
123,1652
123,1675
123,1683
123,1689
123,1690
123,1699
123,1705
123,1706
123,1713
123,1714
123,1720
123,1803
123,1811
123,1817
123,1818
123,1827
123,1833
123,1834
123,1841
123,1842
123,1848
125,129
125,132
125,135
125,136
125,139
125,142
125,144
125,147
125,150
125,154
125,160
125,163
125,166
125,170
125,178
125,195
125,198
125,202
125,210
125,226
125,257
125,260
125,263
125,264
125,267
125,270
125,272
125,275
125,278
125,282
125,288
125,291
125,294
125,298
125,306
125,323
125,326
125,330
125,338
125,354
125,389
125,393
125,396
125,399
125,401
125,404
125,407
125,408
125,411
125,414
125,417
125,420
125,423
125,424
125,427
125,430
125,432
125,435
125,438
125,442
125,455
125,459
125,462
125,467
125,470
125,474
125,483
125,486
125,490
125,498
125,513
125,516
125,519
125,520
125,523
125,526
125,528
125,531
125,534
125,538
125,544
125,547
125,550
125,554
125,562
125,579
125,582
125,586
125,594
125,610
125,645
125,649
125,652
125,655
125,657
125,660
125,663
125,664
125,667
125,670
125,673
125,676
125,679
125,680
125,683
125,686
125,688
125,691
125,694
125,698
125,711
125,715
125,718
125,723
125,726
125,730
125,739
125,742
125,746
125,754
125,773
125,777
125,780
125,783
125,785
125,788
125,791
125,792
125,795
125,798
125,801
125,804
125,807
125,808
125,811
125,814
125,816
125,819
125,822
125,826
125,839
125,843
125,846
125,851
125,854
125,858
125,867
125,870
125,874
125,882
125,909
125,917
125,921
125,924
125,933
125,937
125,940
125,945
125,948
125,952
125,1025
125,1028
125,1031
125,1032
125,1035
125,1038
125,1040
125,1043
125,1046
125,1050
125,1056
125,1059
125,1062
125,1066
125,1074
125,1091
125,1094
125,1098
125,1106
125,1122
125,1157
125,1161
125,1164
125,1167
125,1169
125,1172
125,1175
125,1176
125,1179
125,1182
125,1185
125,1188
125,1191
125,1192
125,1195
125,1198
125,1200
125,1203
125,1206
125,1210
125,1223
125,1227
125,1230
125,1235
125,1238
125,1242
125,1251
125,1254
125,1258
125,1266
125,1285
125,1289
125,1292
125,1295
125,1297
125,1300
125,1303
125,1304
125,1307
125,1310
125,1313
125,1316
125,1319
125,1320
125,1323
125,1326
125,1328
125,1331
125,1334
125,1338
125,1351
125,1355
125,1358
125,1363
125,1366
125,1370
125,1379
125,1382
125,1386
125,1394
125,1421
125,1429
125,1433
125,1436
125,1445
125,1449
125,1452
125,1457
125,1460
125,1464
125,1541
125,1545
125,1548
125,1551
125,1553
125,1556
125,1559
125,1560
125,1563
125,1566
125,1569
125,1572
125,1575
125,1576
125,1579
125,1582
125,1584
125,1587
125,1590
125,1594
125,1607
125,1611
125,1614
125,1619
125,1622
125,1626
125,1635
125,1638
125,1642
125,1650
125,1677
125,1685
125,1689
125,1692
125,1701
125,1705
125,1708
125,1713
125,1716
125,1720
125,1805
125,1813
125,1817
125,1820
125,1829
125,1833
125,1836
125,1841
125,1844
125,1848
126,130
126,132
126,135
126,136
126,139
126,141
126,144
126,147
126,149
126,153
126,160
126,163
126,165
126,169
126,177
126,195
126,197
126,201
126,209
126,225
126,258
126,260
126,263
126,264
126,267
126,269
126,272
126,275
126,277
126,281
126,288
126,291
126,293
126,297
126,305
126,323
126,325
126,329
126,337
126,353
126,390
126,394
126,396
126,399
126,402
126,404
126,407
126,408
126,411
126,413
126,418
126,420
126,423
126,424
126,427
126,429
126,432
126,435
126,437
126,441
126,455
126,459
126,461
126,467
126,469
126,473
126,483
126,485
126,489
126,497
126,514
126,516
126,519
126,520
126,523
126,525
126,528
126,531
126,533
126,537
126,544
126,547
126,549
126,553
126,561
126,579
126,581
126,585
126,593
126,609
126,646
126,650
126,652
126,655
126,658
126,660
126,663
126,664
126,667
126,669
126,674
126,676
126,679
126,680
126,683
126,685
126,688
126,691
126,693
126,697
126,711
126,715
126,717
126,723
126,725
126,729
126,739
126,741
126,745
126,753
126,774
126,778
126,780
126,783
126,786
126,788
126,791
126,792
126,795
126,797
126,802
126,804
126,807
126,808
126,811
126,813
126,816
126,819
126,821
126,825
126,839
126,843
126,845
126,851
126,853
126,857
126,867
126,869
126,873
126,881
126,910
126,918
126,922
126,924
126,934
126,938
126,940
126,946
126,948
126,952
126,1026
126,1028
126,1031
126,1032
126,1035
126,1037
126,1040
126,1043
126,1045
126,1049
126,1056
126,1059
126,1061
126,1065
126,1073
126,1091
126,1093
126,1097
126,1105
126,1121
126,1158
126,1162
126,1164
126,1167
126,1170
126,1172
126,1175
126,1176
126,1179
126,1181
126,1186
126,1188
126,1191
126,1192
126,1195
126,1197
126,1200
126,1203
126,1205
126,1209
126,1223
126,1227
126,1229
126,1235
126,1237
126,1241
126,1251
126,1253
126,1257
126,1265
126,1286
126,1290
126,1292
126,1295
126,1298
126,1300
126,1303
126,1304
126,1307
126,1309
126,1314
126,1316
126,1319
126,1320
126,1323
126,1325
126,1328
126,1331
126,1333
126,1337
126,1351
126,1355
126,1357
126,1363
126,1365
126,1369
126,1379
126,1381
126,1385
126,1393
126,1422
126,1430
126,1434
126,1436
126,1446
126,1450
126,1452
126,1458
126,1460
126,1464
126,1542
126,1546
126,1548
126,1551
126,1554
126,1556
126,1559
126,1560
126,1563
126,1565
126,1570
126,1572
126,1575
126,1576
126,1579
126,1581
126,1584
126,1587
126,1589
126,1593
126,1607
126,1611
126,1613
126,1619
126,1621
126,1625
126,1635
126,1637
126,1641
126,1649
126,1678
126,1686
126,1690
126,1692
126,1702
126,1706
126,1708
126,1714
126,1716
126,1720
126,1806
126,1814
126,1818
126,1820
126,1830
126,1834
126,1836
126,1842
126,1844
126,1848
129,190
129,222
129,238
129,246
129,250
129,252
129,270
129,278
129,282
129,284
129,287
129,294
129,298
129,300
129,303
129,306
129,308
129,311
129,312
129,315
129,317
129,326
129,330
129,332
129,335
129,338
129,340
129,343
129,344
129,347
129,349
129,354
129,356
129,359
129,360
129,363
129,365
129,368
129,371
129,373
129,377
129,414
129,430
129,438
129,442
129,444
129,462
129,470
129,474
129,476
129,486
129,490
129,492
129,498
129,500
129,504
129,526
129,534
129,538
129,540
129,543
129,550
129,554
129,556
129,559
129,562
129,564
129,567
129,568
129,571
129,573
129,582
129,586
129,588
129,591
129,594
129,596
129,599
129,600
129,603
129,605
129,610
129,612
129,615
129,616
129,619
129,621
129,624
129,627
129,629
129,633
129,670
129,686
129,694
129,698
129,700
129,718
129,726
129,730
129,732
129,742
129,746
129,748
129,754
129,756
129,760
129,774
129,778
129,780
129,783
129,786
129,788
129,791
129,792
129,795
129,797
129,802
129,804
129,807
129,808
129,811
129,813
129,816
129,819
129,821
129,825
129,839
129,843
129,845
129,851
129,853
129,857
129,867
129,869
129,873
129,881
129,910
129,918
129,922
129,924
129,934
129,938
129,940
129,946
129,948
129,952
129,1038
129,1046
129,1050
129,1052
129,1055
129,1062
129,1066
129,1068
129,1071
129,1074
129,1076
129,1079
129,1080
129,1083
129,1085
129,1094
129,1098
129,1100
129,1103
129,1106
129,1108
129,1111
129,1112
129,1115
129,1117
129,1122
129,1124
129,1127
129,1128
129,1131
129,1133
129,1136
129,1139
129,1141
129,1145
129,1182
129,1198
129,1206
129,1210
129,1212
129,1230
129,1238
129,1242
129,1244
129,1254
129,1258
129,1260
129,1266
129,1268
129,1272
129,1286
129,1290
129,1292
129,1295
129,1298
129,1300
129,1303
129,1304
129,1307
129,1309
129,1314
129,1316
129,1319
129,1320
129,1323
129,1325
129,1328
129,1331
129,1333
129,1337
129,1351
129,1355
129,1357
129,1363
129,1365
129,1369
129,1379
129,1381
129,1385
129,1393
129,1422
129,1430
129,1434
129,1436
129,1446
129,1450
129,1452
129,1458
129,1460
129,1464
129,1542
129,1546
129,1548
129,1551
129,1554
129,1556
129,1559
129,1560
129,1563
129,1565
129,1570
129,1572
129,1575
129,1576
129,1579
129,1581
129,1584
129,1587
129,1589
129,1593
129,1607
129,1611
129,1613
129,1619
129,1621
129,1625
129,1635
129,1637
129,1641
129,1649
129,1678
129,1686
129,1690
129,1692
129,1702
129,1706
129,1708
129,1714
129,1716
129,1720
129,1799
129,1803
129,1805
129,1811
129,1813
129,1817
129,1827
129,1829
129,1833
129,1841
130,189
130,221
130,237
130,245
130,249
130,252
130,269
130,277
130,281
130,284
130,287
130,293
130,297
130,300
130,303
130,305
130,308
130,311
130,312
130,315
130,318
130,325
130,329
130,332
130,335
130,337
130,340
130,343
130,344
130,347
130,350
130,353
130,356
130,359
130,360
130,363
130,366
130,368
130,371
130,374
130,378
130,413
130,429
130,437
130,441
130,444
130,461
130,469
130,473
130,476
130,485
130,489
130,492
130,497
130,500
130,504
130,525
130,533
130,537
130,540
130,543
130,549
130,553
130,556
130,559
130,561
130,564
130,567
130,568
130,571
130,574
130,581
130,585
130,588
130,591
130,593
130,596
130,599
130,600
130,603
130,606
130,609
130,612
130,615
130,616
130,619
130,622
130,624
130,627
130,630
130,634
130,669
130,685
130,693
130,697
130,700
130,717
130,725
130,729
130,732
130,741
130,745
130,748
130,753
130,756
130,760
130,773
130,777
130,780
130,783
130,785
130,788
130,791
130,792
130,795
130,798
130,801
130,804
130,807
130,808
130,811
130,814
130,816
130,819
130,822
130,826
130,839
130,843
130,846
130,851
130,854
130,858
130,867
130,870
130,874
130,882
130,909
130,917
130,921
130,924
130,933
130,937
130,940
130,945
130,948
130,952
130,1037
130,1045
130,1049
130,1052
130,1055
130,1061
130,1065
130,1068
130,1071
130,1073
130,1076
130,1079
130,1080
130,1083
130,1086
130,1093
130,1097
130,1100
130,1103
130,1105
130,1108
130,1111
130,1112
130,1115
130,1118
130,1121
130,1124
130,1127
130,1128
130,1131
130,1134
130,1136
130,1139
130,1142
130,1146
130,1181
130,1197
130,1205
130,1209
130,1212
130,1229
130,1237
130,1241
130,1244
130,1253
130,1257
130,1260
130,1265
130,1268
130,1272
130,1285
130,1289
130,1292
130,1295
130,1297
130,1300
130,1303
130,1304
130,1307
130,1310
130,1313
130,1316
130,1319
130,1320
130,1323
130,1326
130,1328
130,1331
130,1334
130,1338
130,1351
130,1355
130,1358
130,1363
130,1366
130,1370
130,1379
130,1382
130,1386
130,1394
130,1421
130,1429
130,1433
130,1436
130,1445
130,1449
130,1452
130,1457
130,1460
130,1464
130,1541
130,1545
130,1548
130,1551
130,1553
130,1556
130,1559
130,1560
130,1563
130,1566
130,1569
130,1572
130,1575
130,1576
130,1579
130,1582
130,1584
130,1587
130,1590
130,1594
130,1607
130,1611
130,1614
130,1619
130,1622
130,1626
130,1635
130,1638
130,1642
130,1650
130,1677
130,1685
130,1689
130,1692
130,1701
130,1705
130,1708
130,1713
130,1716
130,1720
130,1799
130,1803
130,1806
130,1811
130,1814
130,1818
130,1827
130,1830
130,1834
130,1842
132,187
132,219
132,235
132,243
132,249
132,250
132,267
132,275
132,281
132,282
132,287
132,291
132,297
132,298
132,303
132,305
132,306
132,311
132,312
132,317
132,318
132,323
132,329
132,330
132,335
132,337
132,338
132,343
132,344
132,349
132,350
132,353
132,354
132,359
132,360
132,365
132,366
132,368
132,373
132,374
132,380
132,411
132,427
132,435
132,441
132,442
132,459
132,467
132,473
132,474
132,483
132,489
132,490
132,497
132,498
132,504
132,523
132,531
132,537
132,538
132,543
132,547
132,553
132,554
132,559
132,561
132,562
132,567
132,568
132,573
132,574
132,579
132,585
132,586
132,591
132,593
132,594
132,599
132,600
132,605
132,606
132,609
132,610
132,615
132,616
132,621
132,622
132,624
132,629
132,630
132,636
132,667
132,683
132,691
132,697
132,698
132,715
132,723
132,729
132,730
132,739
132,745
132,746
132,753
132,754
132,760
132,771
132,777
132,778
132,783
132,785
132,786
132,791
132,792
132,797
132,798
132,801
132,802
132,807
132,808
132,813
132,814
132,816
132,821
132,822
132,828
132,839
132,845
132,846
132,853
132,854
132,860
132,869
132,870
132,876
132,884
132,907
132,915
132,921
132,922
132,931
132,937
132,938
132,945
132,946
132,952
132,1035
132,1043
132,1049
132,1050
132,1055
132,1059
132,1065
132,1066
132,1071
132,1073
132,1074
132,1079
132,1080
132,1085
132,1086
132,1091
132,1097
132,1098
132,1103
132,1105
132,1106
132,1111
132,1112
132,1117
132,1118
132,1121
132,1122
132,1127
132,1128
132,1133
132,1134
132,1136
132,1141
132,1142
132,1148
132,1179
132,1195
132,1203
132,1209
132,1210
132,1227
132,1235
132,1241
132,1242
132,1251
132,1257
132,1258
132,1265
132,1266
132,1272
132,1283
132,1289
132,1290
132,1295
132,1297
132,1298
132,1303
132,1304
132,1309
132,1310
132,1313
132,1314
132,1319
132,1320
132,1325
132,1326
132,1328
132,1333
132,1334
132,1340
132,1351
132,1357
132,1358
132,1365
132,1366
132,1372
132,1381
132,1382
132,1388
132,1396
132,1419
132,1427
132,1433
132,1434
132,1443
132,1449
132,1450
132,1457
132,1458
132,1464
132,1539
132,1545
132,1546
132,1551
132,1553
132,1554
132,1559
132,1560
132,1565
132,1566
132,1569
132,1570
132,1575
132,1576
132,1581
132,1582
132,1584
132,1589
132,1590
132,1596
132,1607
132,1613
132,1614
132,1621
132,1622
132,1628
132,1637
132,1638
132,1644
132,1652
132,1675
132,1683
132,1689
132,1690
132,1699
132,1705
132,1706
132,1713
132,1714
132,1720
132,1799
132,1805
132,1806
132,1813
132,1814
132,1820
132,1829
132,1830
132,1836
132,1844
135,184
135,216
135,232
135,240
135,249
135,250
135,252
135,264
135,272
135,281
135,282
135,284
135,288
135,297
135,298
135,300
135,305
135,306
135,308
135,315
135,317
135,318
135,329
135,330
135,332
135,337
135,338
135,340
135,347
135,349
135,350
135,353
135,354
135,356
135,363
135,365
135,366
135,371
135,373
135,374
135,408
135,424
135,432
135,441
135,442
135,444
135,473
135,474
135,476
135,489
135,490
135,492
135,497
135,498
135,500
135,520
135,528
135,537
135,538
135,540
135,544
135,553
135,554
135,556
135,561
135,562
135,564
135,571
135,573
135,574
135,585
135,586
135,588
135,593
135,594
135,596
135,603
135,605
135,606
135,609
135,610
135,612
135,619
135,621
135,622
135,627
135,629
135,630
135,664
135,680
135,688
135,697
135,698
135,700
135,729
135,730
135,732
135,745
135,746
135,748
135,753
135,754
135,756
135,777
135,778
135,780
135,785
135,786
135,788
135,795
135,797
135,798
135,801
135,802
135,804
135,811
135,813
135,814
135,819
135,821
135,822
135,843
135,845
135,846
135,851
135,853
135,854
135,867
135,869
135,870
135,921
135,922
135,924
135,937
135,938
135,940
135,945
135,946
135,948
135,1032
135,1040
135,1049
135,1050
135,1052
135,1056
135,1065
135,1066
135,1068
135,1073
135,1074
135,1076
135,1083
135,1085
135,1086
135,1097
135,1098
135,1100
135,1105
135,1106
135,1108
135,1115
135,1117
135,1118
135,1121
135,1122
135,1124
135,1131
135,1133
135,1134
135,1139
135,1141
135,1142
135,1176
135,1192
135,1200
135,1209
135,1210
135,1212
135,1241
135,1242
135,1244
135,1257
135,1258
135,1260
135,1265
135,1266
135,1268
135,1289
135,1290
135,1292
135,1297
135,1298
135,1300
135,1307
135,1309
135,1310
135,1313
135,1314
135,1316
135,1323
135,1325
135,1326
135,1331
135,1333
135,1334
135,1355
135,1357
135,1358
135,1363
135,1365
135,1366
135,1379
135,1381
135,1382
135,1433
135,1434
135,1436
135,1449
135,1450
135,1452
135,1457
135,1458
135,1460
135,1545
135,1546
135,1548
135,1553
135,1554
135,1556
135,1563
135,1565
135,1566
135,1569
135,1570
135,1572
135,1579
135,1581
135,1582
135,1587
135,1589
135,1590
135,1611
135,1613
135,1614
135,1619
135,1621
135,1622
135,1635
135,1637
135,1638
135,1689
135,1690
135,1692
135,1705
135,1706
135,1708
135,1713
135,1714
135,1716
135,1803
135,1805
135,1806
135,1811
135,1813
135,1814
135,1827
135,1829
135,1830
136,183
136,215
136,231
136,243
136,245
136,246
136,263
136,275
136,277
136,278
136,287
136,291
136,293
136,294
136,303
136,305
136,306
136,308
136,315
136,317
136,318
136,323
136,325
136,326
136,335
136,337
136,338
136,340
136,347
136,349
136,350
136,353
136,354
136,356
136,363
136,365
136,366
136,368
136,377
136,378
136,380
136,407
136,423
136,435
136,437
136,438
136,455
136,467
136,469
136,470
136,483
136,485
136,486
136,497
136,498
136,500
136,519
136,531
136,533
136,534
136,543
136,547
136,549
136,550
136,559
136,561
136,562
136,564
136,571
136,573
136,574
136,579
136,581
136,582
136,591
136,593
136,594
136,596
136,603
136,605
136,606
136,609
136,610
136,612
136,619
136,621
136,622
136,624
136,633
136,634
136,636
136,663
136,679
136,691
136,693
136,694
136,711
136,723
136,725
136,726
136,739
136,741
136,742
136,753
136,754
136,756
136,771
136,773
136,774
136,783
136,785
136,786
136,788
136,795
136,797
136,798
136,801
136,802
136,804
136,811
136,813
136,814
136,816
136,825
136,826
136,828
136,843
136,845
136,846
136,857
136,858
136,860
136,873
136,874
136,876
136,888
136,903
136,915
136,917
136,918
136,931
136,933
136,934
136,945
136,946
136,948
136,1031
136,1043
136,1045
136,1046
136,1055
136,1059
136,1061
136,1062
136,1071
136,1073
136,1074
136,1076
136,1083
136,1085
136,1086
136,1091
136,1093
136,1094
136,1103
136,1105
136,1106
136,1108
136,1115
136,1117
136,1118
136,1121
136,1122
136,1124
136,1131
136,1133
136,1134
136,1136
136,1145
136,1146
136,1148
136,1175
136,1191
136,1203
136,1205
136,1206
136,1223
136,1235
136,1237
136,1238
136,1251
136,1253
136,1254
136,1265
136,1266
136,1268
136,1283
136,1285
136,1286
136,1295
136,1297
136,1298
136,1300
136,1307
136,1309
136,1310
136,1313
136,1314
136,1316
136,1323
136,1325
136,1326
136,1328
136,1337
136,1338
136,1340
136,1355
136,1357
136,1358
136,1369
136,1370
136,1372
136,1385
136,1386
136,1388
136,1400
136,1415
136,1427
136,1429
136,1430
136,1443
136,1445
136,1446
136,1457
136,1458
136,1460
136,1539
136,1541
136,1542
136,1551
136,1553
136,1554
136,1556
136,1563
136,1565
136,1566
136,1569
136,1570
136,1572
136,1579
136,1581
136,1582
136,1584
136,1593
136,1594
136,1596
136,1611
136,1613
136,1614
136,1625
136,1626
136,1628
136,1641
136,1642
136,1644
136,1656
136,1671
136,1683
136,1685
136,1686
136,1699
136,1701
136,1702
136,1713
136,1714
136,1716
136,1803
136,1805
136,1806
136,1817
136,1818
136,1820
136,1833
136,1834
136,1836
136,1848
139,180
139,212
139,228
139,240
139,245
139,246
139,252
139,260
139,272
139,277
139,278
139,284
139,288
139,293
139,294
139,300
139,305
139,306
139,311
139,312
139,317
139,318
139,325
139,326
139,332
139,337
139,338
139,343
139,344
139,349
139,350
139,353
139,354
139,359
139,360
139,365
139,366
139,371
139,377
139,378
139,404
139,420
139,432
139,437
139,438
139,444
139,469
139,470
139,476
139,485
139,486
139,492
139,497
139,498
139,504
139,516
139,528
139,533
139,534
139,540
139,544
139,549
139,550
139,556
139,561
139,562
139,567
139,568
139,573
139,574
139,581
139,582
139,588
139,593
139,594
139,599
139,600
139,605
139,606
139,609
139,610
139,615
139,616
139,621
139,622
139,627
139,633
139,634
139,660
139,676
139,688
139,693
139,694
139,700
139,725
139,726
139,732
139,741
139,742
139,748
139,753
139,754
139,760
139,773
139,774
139,780
139,785
139,786
139,791
139,792
139,797
139,798
139,801
139,802
139,807
139,808
139,813
139,814
139,819
139,825
139,826
139,839
139,845
139,846
139,851
139,857
139,858
139,867
139,873
139,874
139,917
139,918
139,924
139,933
139,934
139,940
139,945
139,946
139,952
139,1028
139,1040
139,1045
139,1046
139,1052
139,1056
139,1061
139,1062
139,1068
139,1073
139,1074
139,1079
139,1080
139,1085
139,1086
139,1093
139,1094
139,1100
139,1105
139,1106
139,1111
139,1112
139,1117
139,1118
139,1121
139,1122
139,1127
139,1128
139,1133
139,1134
139,1139
139,1145
139,1146
139,1172
139,1188
139,1200
139,1205
139,1206
139,1212
139,1237
139,1238
139,1244
139,1253
139,1254
139,1260
139,1265
139,1266
139,1272
139,1285
139,1286
139,1292
139,1297
139,1298
139,1303
139,1304
139,1309
139,1310
139,1313
139,1314
139,1319
139,1320
139,1325
139,1326
139,1331
139,1337
139,1338
139,1351
139,1357
139,1358
139,1363
139,1369
139,1370
139,1379
139,1385
139,1386
139,1429
139,1430
139,1436
139,1445
139,1446
139,1452
139,1457
139,1458
139,1464
139,1541
139,1542
139,1548
139,1553
139,1554
139,1559
139,1560
139,1565
139,1566
139,1569
139,1570
139,1575
139,1576
139,1581
139,1582
139,1587
139,1593
139,1594
139,1607
139,1613
139,1614
139,1619
139,1625
139,1626
139,1635
139,1641
139,1642
139,1685
139,1686
139,1692
139,1701
139,1702
139,1708
139,1713
139,1714
139,1720
139,1799
139,1805
139,1806
139,1811
139,1817
139,1818
139,1827
139,1833
139,1834
141,178
141,210
141,226
141,240
141,243
141,246
141,250
141,258
141,272
141,275
141,278
141,282
141,288
141,291
141,294
141,298
141,305
141,308
141,311
141,312
141,315
141,318
141,323
141,326
141,330
141,337
141,340
141,343
141,344
141,347
141,350
141,353
141,356
141,359
141,360
141,363
141,366
141,373
141,377
141,380
141,402
141,418
141,432
141,435
141,438
141,442
141,467
141,470
141,474
141,483
141,486
141,490
141,497
141,500
141,504
141,514
141,528
141,531
141,534
141,538
141,544
141,547
141,550
141,554
141,561
141,564
141,567
141,568
141,571
141,574
141,579
141,582
141,586
141,593
141,596
141,599
141,600
141,603
141,606
141,609
141,612
141,615
141,616
141,619
141,622
141,629
141,633
141,636
141,658
141,674
141,688
141,691
141,694
141,698
141,723
141,726
141,730
141,739
141,742
141,746
141,753
141,756
141,760
141,771
141,774
141,778
141,785
141,788
141,791
141,792
141,795
141,798
141,801
141,804
141,807
141,808
141,811
141,814
141,821
141,825
141,828
141,839
141,843
141,846
141,853
141,857
141,860
141,869
141,873
141,876
141,915
141,918
141,922
141,931
141,934
141,938
141,945
141,948
141,952
141,1026
141,1040
141,1043
141,1046
141,1050
141,1056
141,1059
141,1062
141,1066
141,1073
141,1076
141,1079
141,1080
141,1083
141,1086
141,1091
141,1094
141,1098
141,1105
141,1108
141,1111
141,1112
141,1115
141,1118
141,1121
141,1124
141,1127
141,1128
141,1131
141,1134
141,1141
141,1145
141,1148
141,1170
141,1186
141,1200
141,1203
141,1206
141,1210
141,1235
141,1238
141,1242
141,1251
141,1254
141,1258
141,1265
141,1268
141,1272
141,1283
141,1286
141,1290
141,1297
141,1300
141,1303
141,1304
141,1307
141,1310
141,1313
141,1316
141,1319
141,1320
141,1323
141,1326
141,1333
141,1337
141,1340
141,1351
141,1355
141,1358
141,1365
141,1369
141,1372
141,1381
141,1385
141,1388
141,1427
141,1430
141,1434
141,1443
141,1446
141,1450
141,1457
141,1460
141,1464
141,1539
141,1542
141,1546
141,1553
141,1556
141,1559
141,1560
141,1563
141,1566
141,1569
141,1572
141,1575
141,1576
141,1579
141,1582
141,1589
141,1593
141,1596
141,1607
141,1611
141,1614
141,1621
141,1625
141,1628
141,1637
141,1641
141,1644
141,1683
141,1686
141,1690
141,1699
141,1702
141,1706
141,1713
141,1716
141,1720
141,1799
141,1803
141,1806
141,1813
141,1817
141,1820
141,1829
141,1833
141,1836
142,177
142,209
142,225
142,240
142,243
142,245
142,249
142,257
142,272
142,275
142,277
142,281
142,288
142,291
142,293
142,297
142,306
142,308
142,311
142,312
142,315
142,317
142,323
142,325
142,329
142,338
142,340
142,343
142,344
142,347
142,349
142,354
142,356
142,359
142,360
142,363
142,365
142,374
142,378
142,380
142,401
142,417
142,432
142,435
142,437
142,441
142,467
142,469
142,473
142,483
142,485
142,489
142,498
142,500
142,504
142,513
142,528
142,531
142,533
142,537
142,544
142,547
142,549
142,553
142,562
142,564
142,567
142,568
142,571
142,573
142,579
142,581
142,585
142,594
142,596
142,599
142,600
142,603
142,605
142,610
142,612
142,615
142,616
142,619
142,621
142,630
142,634
142,636
142,657
142,673
142,688
142,691
142,693
142,697
142,723
142,725
142,729
142,739
142,741
142,745
142,754
142,756
142,760
142,771
142,773
142,777
142,786
142,788
142,791
142,792
142,795
142,797
142,802
142,804
142,807
142,808
142,811
142,813
142,822
142,826
142,828
142,839
142,843
142,845
142,854
142,858
142,860
142,870
142,874
142,876
142,915
142,917
142,921
142,931
142,933
142,937
142,946
142,948
142,952
142,1025
142,1040
142,1043
142,1045
142,1049
142,1056
142,1059
142,1061
142,1065
142,1074
142,1076
142,1079
142,1080
142,1083
142,1085
142,1091
142,1093
142,1097
142,1106
142,1108
142,1111
142,1112
142,1115
142,1117
142,1122
142,1124
142,1127
142,1128
142,1131
142,1133
142,1142
142,1146
142,1148
142,1169
142,1185
142,1200
142,1203
142,1205
142,1209
142,1235
142,1237
142,1241
142,1251
142,1253
142,1257
142,1266
142,1268
142,1272
142,1283
142,1285
142,1289
142,1298
142,1300
142,1303
142,1304
142,1307
142,1309
142,1314
142,1316
142,1319
142,1320
142,1323
142,1325
142,1334
142,1338
142,1340
142,1351
142,1355
142,1357
142,1366
142,1370
142,1372
142,1382
142,1386
142,1388
142,1427
142,1429
142,1433
142,1443
142,1445
142,1449
142,1458
142,1460
142,1464
142,1539
142,1541
142,1545
142,1554
142,1556
142,1559
142,1560
142,1563
142,1565
142,1570
142,1572
142,1575
142,1576
142,1579
142,1581
142,1590
142,1594
142,1596
142,1607
142,1611
142,1613
142,1622
142,1626
142,1628
142,1638
142,1642
142,1644
142,1683
142,1685
142,1689
142,1699
142,1701
142,1705
142,1714
142,1716
142,1720
142,1799
142,1803
142,1805
142,1814
142,1818
142,1820
142,1830
142,1834
142,1836
144,175
144,207
144,231
144,235
144,237
144,238
144,263
144,267
144,269
144,270
144,287
144,291
144,293
144,294
144,297
144,298
144,300
144,311
144,315
144,317
144,318
144,323
144,325
144,326
144,329
144,330
144,332
144,343
144,347
144,349
144,350
144,353
144,354
144,356
144,360
144,371
144,373
144,374
144,377
144,378
144,380
144,399
144,423
144,427
144,429
144,430
144,455
144,459
144,461
144,462
144,483
144,485
144,486
144,489
144,490
144,492
144,519
144,523
144,525
144,526
144,543
144,547
144,549
144,550
144,553
144,554
144,556
144,567
144,571
144,573
144,574
144,579
144,581
144,582
144,585
144,586
144,588
144,599
144,603
144,605
144,606
144,609
144,610
144,612
144,616
144,627
144,629
144,630
144,633
144,634
144,636
144,655
144,679
144,683
144,685
144,686
144,711
144,715
144,717
144,718
144,739
144,741
144,742
144,745
144,746
144,748
144,771
144,773
144,774
144,777
144,778
144,780
144,791
144,795
144,797
144,798
144,801
144,802
144,804
144,808
144,819
144,821
144,822
144,825
144,826
144,828
144,851
144,853
144,854
144,857
144,858
144,860
144,881
144,882
144,884
144,888
144,903
144,907
144,909
144,910
144,931
144,933
144,934
144,937
144,938
144,940
144,1031
144,1035
144,1037
144,1038
144,1055
144,1059
144,1061
144,1062
144,1065
144,1066
144,1068
144,1079
144,1083
144,1085
144,1086
144,1091
144,1093
144,1094
144,1097
144,1098
144,1100
144,1111
144,1115
144,1117
144,1118
144,1121
144,1122
144,1124
144,1128
144,1139
144,1141
144,1142
144,1145
144,1146
144,1148
144,1167
144,1191
144,1195
144,1197
144,1198
144,1223
144,1227
144,1229
144,1230
144,1251
144,1253
144,1254
144,1257
144,1258
144,1260
144,1283
144,1285
144,1286
144,1289
144,1290
144,1292
144,1303
144,1307
144,1309
144,1310
144,1313
144,1314
144,1316
144,1320
144,1331
144,1333
144,1334
144,1337
144,1338
144,1340
144,1363
144,1365
144,1366
144,1369
144,1370
144,1372
144,1393
144,1394
144,1396
144,1400
144,1415
144,1419
144,1421
144,1422
144,1443
144,1445
144,1446
144,1449
144,1450
144,1452
144,1539
144,1541
144,1542
144,1545
144,1546
144,1548
144,1559
144,1563
144,1565
144,1566
144,1569
144,1570
144,1572
144,1576
144,1587
144,1589
144,1590
144,1593
144,1594
144,1596
144,1619
144,1621
144,1622
144,1625
144,1626
144,1628
144,1649
144,1650
144,1652
144,1656
144,1671
144,1675
144,1677
144,1678
144,1699
144,1701
144,1702
144,1705
144,1706
144,1708
144,1811
144,1813
144,1814
144,1817
144,1818
144,1820
144,1841
144,1842
144,1844
144,1848
147,172
147,204
147,228
147,232
147,237
147,238
147,252
147,260
147,264
147,269
147,270
147,284
147,288
147,293
147,294
147,297
147,298
147,303
147,308
147,312
147,317
147,318
147,325
147,326
147,329
147,330
147,335
147,340
147,344
147,349
147,350
147,353
147,354
147,359
147,363
147,368
147,373
147,374
147,377
147,378
147,396
147,420
147,424
147,429
147,430
147,444
147,461
147,462
147,476
147,485
147,486
147,489
147,490
147,500
147,504
147,516
147,520
147,525
147,526
147,540
147,544
147,549
147,550
147,553
147,554
147,559
147,564
147,568
147,573
147,574
147,581
147,582
147,585
147,586
147,591
147,596
147,600
147,605
147,606
147,609
147,610
147,615
147,619
147,624
147,629
147,630
147,633
147,634
147,652
147,676
147,680
147,685
147,686
147,700
147,717
147,718
147,732
147,741
147,742
147,745
147,746
147,756
147,760
147,773
147,774
147,777
147,778
147,783
147,788
147,792
147,797
147,798
147,801
147,802
147,807
147,811
147,816
147,821
147,822
147,825
147,826
147,839
147,843
147,853
147,854
147,857
147,858
147,867
147,881
147,882
147,909
147,910
147,924
147,933
147,934
147,937
147,938
147,948
147,952
147,1028
147,1032
147,1037
147,1038
147,1052
147,1056
147,1061
147,1062
147,1065
147,1066
147,1071
147,1076
147,1080
147,1085
147,1086
147,1093
147,1094
147,1097
147,1098
147,1103
147,1108
147,1112
147,1117
147,1118
147,1121
147,1122
147,1127
147,1131
147,1136
147,1141
147,1142
147,1145
147,1146
147,1164
147,1188
147,1192
147,1197
147,1198
147,1212
147,1229
147,1230
147,1244
147,1253
147,1254
147,1257
147,1258
147,1268
147,1272
147,1285
147,1286
147,1289
147,1290
147,1295
147,1300
147,1304
147,1309
147,1310
147,1313
147,1314
147,1319
147,1323
147,1328
147,1333
147,1334
147,1337
147,1338
147,1351
147,1355
147,1365
147,1366
147,1369
147,1370
147,1379
147,1393
147,1394
147,1421
147,1422
147,1436
147,1445
147,1446
147,1449
147,1450
147,1460
147,1464
147,1541
147,1542
147,1545
147,1546
147,1551
147,1556
147,1560
147,1565
147,1566
147,1569
147,1570
147,1575
147,1579
147,1584
147,1589
147,1590
147,1593
147,1594
147,1607
147,1611
147,1621
147,1622
147,1625
147,1626
147,1635
147,1649
147,1650
147,1677
147,1678
147,1692
147,1701
147,1702
147,1705
147,1706
147,1716
147,1720
147,1799
147,1803
147,1813
147,1814
147,1817
147,1818
147,1827
147,1841
147,1842
149,170
149,202
149,226
149,232
149,235
149,238
149,250
149,258
149,264
149,267
149,270
149,282
149,288
149,291
149,294
149,297
149,300
149,303
149,306
149,312
149,315
149,318
149,323
149,326
149,329
149,332
149,335
149,338
149,344
149,347
149,350
149,353
149,356
149,359
149,365
149,368
149,371
149,374
149,377
149,380
149,394
149,418
149,424
149,427
149,430
149,442
149,459
149,462
149,474
149,483
149,486
149,489
149,492
149,498
149,504
149,514
149,520
149,523
149,526
149,538
149,544
149,547
149,550
149,553
149,556
149,559
149,562
149,568
149,571
149,574
149,579
149,582
149,585
149,588
149,591
149,594
149,600
149,603
149,606
149,609
149,612
149,615
149,621
149,624
149,627
149,630
149,633
149,636
149,650
149,674
149,680
149,683
149,686
149,698
149,715
149,718
149,730
149,739
149,742
149,745
149,748
149,754
149,760
149,771
149,774
149,777
149,780
149,783
149,786
149,792
149,795
149,798
149,801
149,804
149,807
149,813
149,816
149,819
149,822
149,825
149,828
149,839
149,845
149,851
149,854
149,857
149,860
149,869
149,881
149,884
149,907
149,910
149,922
149,931
149,934
149,937
149,940
149,946
149,952
149,1026
149,1032
149,1035
149,1038
149,1050
149,1056
149,1059
149,1062
149,1065
149,1068
149,1071
149,1074
149,1080
149,1083
149,1086
149,1091
149,1094
149,1097
149,1100
149,1103
149,1106
149,1112
149,1115
149,1118
149,1121
149,1124
149,1127
149,1133
149,1136
149,1139
149,1142
149,1145
149,1148
149,1162
149,1186
149,1192
149,1195
149,1198
149,1210
149,1227
149,1230
149,1242
149,1251
149,1254
149,1257
149,1260
149,1266
149,1272
149,1283
149,1286
149,1289
149,1292
149,1295
149,1298
149,1304
149,1307
149,1310
149,1313
149,1316
149,1319
149,1325
149,1328
149,1331
149,1334
149,1337
149,1340
149,1351
149,1357
149,1363
149,1366
149,1369
149,1372
149,1381
149,1393
149,1396
149,1419
149,1422
149,1434
149,1443
149,1446
149,1449
149,1452
149,1458
149,1464
149,1539
149,1542
149,1545
149,1548
149,1551
149,1554
149,1560
149,1563
149,1566
149,1569
149,1572
149,1575
149,1581
149,1584
149,1587
149,1590
149,1593
149,1596
149,1607
149,1613
149,1619
149,1622
149,1625
149,1628
149,1637
149,1649
149,1652
149,1675
149,1678
149,1690
149,1699
149,1702
149,1705
149,1708
149,1714
149,1720
149,1799
149,1805
149,1811
149,1814
149,1817
149,1820
149,1829
149,1841
149,1844
150,169
150,201
150,225
150,232
150,235
150,237
150,249
150,257
150,264
150,267
150,269
150,281
150,288
150,291
150,293
150,298
150,300
150,303
150,305
150,312
150,315
150,317
150,323
150,325
150,330
150,332
150,335
150,337
150,344
150,347
150,349
150,354
150,356
150,359
150,366
150,368
150,371
150,373
150,378
150,380
150,393
150,417
150,424
150,427
150,429
150,441
150,459
150,461
150,473
150,483
150,485
150,490
150,492
150,497
150,504
150,513
150,520
150,523
150,525
150,537
150,544
150,547
150,549
150,554
150,556
150,559
150,561
150,568
150,571
150,573
150,579
150,581
150,586
150,588
150,591
150,593
150,600
150,603
150,605
150,610
150,612
150,615
150,622
150,624
150,627
150,629
150,634
150,636
150,649
150,673
150,680
150,683
150,685
150,697
150,715
150,717
150,729
150,739
150,741
150,746
150,748
150,753
150,760
150,771
150,773
150,778
150,780
150,783
150,785
150,792
150,795
150,797
150,802
150,804
150,807
150,814
150,816
150,819
150,821
150,826
150,828
150,839
150,846
150,851
150,853
150,858
150,860
150,870
150,882
150,884
150,907
150,909
150,921
150,931
150,933
150,938
150,940
150,945
150,952
150,1025
150,1032
150,1035
150,1037
150,1049
150,1056
150,1059
150,1061
150,1066
150,1068
150,1071
150,1073
150,1080
150,1083
150,1085
150,1091
150,1093
150,1098
150,1100
150,1103
150,1105
150,1112
150,1115
150,1117
150,1122
150,1124
150,1127
150,1134
150,1136
150,1139
150,1141
150,1146
150,1148
150,1161
150,1185
150,1192
150,1195
150,1197
150,1209
150,1227
150,1229
150,1241
150,1251
150,1253
150,1258
150,1260
150,1265
150,1272
150,1283
150,1285
150,1290
150,1292
150,1295
150,1297
150,1304
150,1307
150,1309
150,1314
150,1316
150,1319
150,1326
150,1328
150,1331
150,1333
150,1338
150,1340
150,1351
150,1358
150,1363
150,1365
150,1370
150,1372
150,1382
150,1394
150,1396
150,1419
150,1421
150,1433
150,1443
150,1445
150,1450
150,1452
150,1457
150,1464
150,1539
150,1541
150,1546
150,1548
150,1551
150,1553
150,1560
150,1563
150,1565
150,1570
150,1572
150,1575
150,1582
150,1584
150,1587
150,1589
150,1594
150,1596
150,1607
150,1614
150,1619
150,1621
150,1626
150,1628
150,1638
150,1650
150,1652
150,1675
150,1677
150,1689
150,1699
150,1701
150,1706
150,1708
150,1713
150,1720
150,1799
150,1806
150,1811
150,1813
150,1818
150,1820
150,1830
150,1842
150,1844
153,166
153,198
153,226
153,228
153,231
153,238
153,246
153,258
153,260
153,263
153,270
153,278
153,288
153,291
153,293
153,298
153,300
153,303
153,306
153,308
153,311
153,318
153,323
153,325
153,330
153,332
153,335
153,338
153,340
153,343
153,350
153,353
153,360
153,363
153,365
153,368
153,371
153,373
153,378
153,380
153,390
153,418
153,420
153,423
153,430
153,438
153,455
153,462
153,470
153,483
153,485
153,490
153,492
153,498
153,500
153,514
153,516
153,519
153,526
153,534
153,544
153,547
153,549
153,554
153,556
153,559
153,562
153,564
153,567
153,574
153,579
153,581
153,586
153,588
153,591
153,594
153,596
153,599
153,606
153,609
153,616
153,619
153,621
153,624
153,627
153,629
153,634
153,636
153,646
153,674
153,676
153,679
153,686
153,694
153,711
153,718
153,726
153,739
153,741
153,746
153,748
153,754
153,756
153,771
153,773
153,778
153,780
153,783
153,786
153,788
153,791
153,798
153,801
153,808
153,811
153,813
153,816
153,819
153,821
153,826
153,828
153,843
153,845
153,851
153,853
153,858
153,860
153,873
153,881
153,888
153,903
153,910
153,918
153,931
153,933
153,938
153,940
153,946
153,948
153,1026
153,1028
153,1031
153,1038
153,1046
153,1056
153,1059
153,1061
153,1066
153,1068
153,1071
153,1074
153,1076
153,1079
153,1086
153,1091
153,1093
153,1098
153,1100
153,1103
153,1106
153,1108
153,1111
153,1118
153,1121
153,1128
153,1131
153,1133
153,1136
153,1139
153,1141
153,1146
153,1148
153,1158
153,1186
153,1188
153,1191
153,1198
153,1206
153,1223
153,1230
153,1238
153,1251
153,1253
153,1258
153,1260
153,1266
153,1268
153,1283
153,1285
153,1290
153,1292
153,1295
153,1298
153,1300
153,1303
153,1310
153,1313
153,1320
153,1323
153,1325
153,1328
153,1331
153,1333
153,1338
153,1340
153,1355
153,1357
153,1363
153,1365
153,1370
153,1372
153,1385
153,1393
153,1400
153,1415
153,1422
153,1430
153,1443
153,1445
153,1450
153,1452
153,1458
153,1460
153,1539
153,1541
153,1546
153,1548
153,1551
153,1554
153,1556
153,1559
153,1566
153,1569
153,1576
153,1579
153,1581
153,1584
153,1587
153,1589
153,1594
153,1596
153,1611
153,1613
153,1619
153,1621
153,1626
153,1628
153,1641
153,1649
153,1656
153,1671
153,1678
153,1686
153,1699
153,1701
153,1706
153,1708
153,1714
153,1716
153,1803
153,1805
153,1811
153,1813
153,1818
153,1820
153,1833
153,1841
153,1848
154,165
154,197
154,225
154,228
154,231
154,237
154,245
154,257
154,260
154,263
154,269
154,277
154,288
154,291
154,294
154,297
154,300
154,303
154,305
154,308
154,311
154,317
154,323
154,326
154,329
154,332
154,335
154,337
154,340
154,343
154,349
154,354
154,360
154,363
154,366
154,368
154,371
154,374
154,377
154,380
154,389
154,417
154,420
154,423
154,429
154,437
154,455
154,461
154,469
154,483
154,486
154,489
154,492
154,497
154,500
154,513
154,516
154,519
154,525
154,533
154,544
154,547
154,550
154,553
154,556
154,559
154,561
154,564
154,567
154,573
154,579
154,582
154,585
154,588
154,591
154,593
154,596
154,599
154,605
154,610
154,616
154,619
154,622
154,624
154,627
154,630
154,633
154,636
154,645
154,673
154,676
154,679
154,685
154,693
154,711
154,717
154,725
154,739
154,742
154,745
154,748
154,753
154,756
154,771
154,774
154,777
154,780
154,783
154,785
154,788
154,791
154,797
154,802
154,808
154,811
154,814
154,816
154,819
154,822
154,825
154,828
154,843
154,846
154,851
154,854
154,857
154,860
154,874
154,882
154,888
154,903
154,909
154,917
154,931
154,934
154,937
154,940
154,945
154,948
154,1025
154,1028
154,1031
154,1037
154,1045
154,1056
154,1059
154,1062
154,1065
154,1068
154,1071
154,1073
154,1076
154,1079
154,1085
154,1091
154,1094
154,1097
154,1100
154,1103
154,1105
154,1108
154,1111
154,1117
154,1122
154,1128
154,1131
154,1134
154,1136
154,1139
154,1142
154,1145
154,1148
154,1157
154,1185
154,1188
154,1191
154,1197
154,1205
154,1223
154,1229
154,1237
154,1251
154,1254
154,1257
154,1260
154,1265
154,1268
154,1283
154,1286
154,1289
154,1292
154,1295
154,1297
154,1300
154,1303
154,1309
154,1314
154,1320
154,1323
154,1326
154,1328
154,1331
154,1334
154,1337
154,1340
154,1355
154,1358
154,1363
154,1366
154,1369
154,1372
154,1386
154,1394
154,1400
154,1415
154,1421
154,1429
154,1443
154,1446
154,1449
154,1452
154,1457
154,1460
154,1539
154,1542
154,1545
154,1548
154,1551
154,1553
154,1556
154,1559
154,1565
154,1570
154,1576
154,1579
154,1582
154,1584
154,1587
154,1590
154,1593
154,1596
154,1611
154,1614
154,1619
154,1622
154,1625
154,1628
154,1642
154,1650
154,1656
154,1671
154,1677
154,1685
154,1699
154,1702
154,1705
154,1708
154,1713
154,1716
154,1803
154,1806
154,1811
154,1814
154,1817
154,1820
154,1834
154,1842
154,1848
156,163
156,195
156,225
156,226
156,231
156,235
156,243
156,257
156,258
156,263
156,267
156,275
156,288
156,293
156,294
156,297
156,298
156,303
156,305
156,306
156,311
156,315
156,325
156,326
156,329
156,330
156,335
156,337
156,338
156,343
156,347
156,356
156,360
156,365
156,366
156,368
156,373
156,374
156,377
156,378
156,387
156,417
156,418
156,423
156,427
156,435
156,455
156,459
156,467
156,485
156,486
156,489
156,490
156,497
156,498
156,513
156,514
156,519
156,523
156,531
156,544
156,549
156,550
156,553
156,554
156,559
156,561
156,562
156,567
156,571
156,581
156,582
156,585
156,586
156,591
156,593
156,594
156,599
156,603
156,612
156,616
156,621
156,622
156,624
156,629
156,630
156,633
156,634
156,643
156,673
156,674
156,679
156,683
156,691
156,711
156,715
156,723
156,741
156,742
156,745
156,746
156,753
156,754
156,773
156,774
156,777
156,778
156,783
156,785
156,786
156,791
156,795
156,804
156,808
156,813
156,814
156,816
156,821
156,822
156,825
156,826
156,845
156,846
156,853
156,854
156,857
156,858
156,876
156,884
156,888
156,903
156,907
156,915
156,933
156,934
156,937
156,938
156,945
156,946
156,1025
156,1026
156,1031
156,1035
156,1043
156,1056
156,1061
156,1062
156,1065
156,1066
156,1071
156,1073
156,1074
156,1079
156,1083
156,1093
156,1094
156,1097
156,1098
156,1103
156,1105
156,1106
156,1111
156,1115
156,1124
156,1128
156,1133
156,1134
156,1136
156,1141
156,1142
156,1145
156,1146
156,1155
156,1185
156,1186
156,1191
156,1195
156,1203
156,1223
156,1227
156,1235
156,1253
156,1254
156,1257
156,1258
156,1265
156,1266
156,1285
156,1286
156,1289
156,1290
156,1295
156,1297
156,1298
156,1303
156,1307
156,1316
156,1320
156,1325
156,1326
156,1328
156,1333
156,1334
156,1337
156,1338
156,1357
156,1358
156,1365
156,1366
156,1369
156,1370
156,1388
156,1396
156,1400
156,1415
156,1419
156,1427
156,1445
156,1446
156,1449
156,1450
156,1457
156,1458
156,1541
156,1542
156,1545
156,1546
156,1551
156,1553
156,1554
156,1559
156,1563
156,1572
156,1576
156,1581
156,1582
156,1584
156,1589
156,1590
156,1593
156,1594
156,1613
156,1614
156,1621
156,1622
156,1625
156,1626
156,1644
156,1652
156,1656
156,1671
156,1675
156,1683
156,1701
156,1702
156,1705
156,1706
156,1713
156,1714
156,1805
156,1806
156,1813
156,1814
156,1817
156,1818
156,1836
156,1844
156,1848
159,160
159,225
159,226
159,228
159,232
159,240
159,257
159,258
159,260
159,264
159,272
159,291
159,293
159,294
159,297
159,298
159,300
159,305
159,306
159,308
159,312
159,323
159,325
159,326
159,329
159,330
159,332
159,337
159,338
159,340
159,344
159,359
159,363
159,365
159,366
159,371
159,373
159,374
159,377
159,378
159,380
159,417
159,418
159,420
159,424
159,432
159,483
159,485
159,486
159,489
159,490
159,492
159,497
159,498
159,500
159,504
159,513
159,514
159,516
159,520
159,528
159,547
159,549
159,550
159,553
159,554
159,556
159,561
159,562
159,564
159,568
159,579
159,581
159,582
159,585
159,586
159,588
159,593
159,594
159,596
159,600
159,615
159,619
159,621
159,622
159,627
159,629
159,630
159,633
159,634
159,636
159,673
159,674
159,676
159,680
159,688
159,739
159,741
159,742
159,745
159,746
159,748
159,753
159,754
159,756
159,760
159,771
159,773
159,774
159,777
159,778
159,780
159,785
159,786
159,788
159,792
159,807
159,811
159,813
159,814
159,819
159,821
159,822
159,825
159,826
159,828
159,839
159,843
159,845
159,846
159,851
159,853
159,854
159,857
159,858
159,860
159,931
159,933
159,934
159,937
159,938
159,940
159,945
159,946
159,948
159,952
159,1025
159,1026
159,1028
159,1032
159,1040
159,1059
159,1061
159,1062
159,1065
159,1066
159,1068
159,1073
159,1074
159,1076
159,1080
159,1091
159,1093
159,1094
159,1097
159,1098
159,1100
159,1105
159,1106
159,1108
159,1112
159,1127
159,1131
159,1133
159,1134
159,1139
159,1141
159,1142
159,1145
159,1146
159,1148
159,1185
159,1186
159,1188
159,1192
159,1200
159,1251
159,1253
159,1254
159,1257
159,1258
159,1260
159,1265
159,1266
159,1268
159,1272
159,1283
159,1285
159,1286
159,1289
159,1290
159,1292
159,1297
159,1298
159,1300
159,1304
159,1319
159,1323
159,1325
159,1326
159,1331
159,1333
159,1334
159,1337
159,1338
159,1340
159,1351
159,1355
159,1357
159,1358
159,1363
159,1365
159,1366
159,1369
159,1370
159,1372
159,1443
159,1445
159,1446
159,1449
159,1450
159,1452
159,1457
159,1458
159,1460
159,1464
159,1539
159,1541
159,1542
159,1545
159,1546
159,1548
159,1553
159,1554
159,1556
159,1560
159,1575
159,1579
159,1581
159,1582
159,1587
159,1589
159,1590
159,1593
159,1594
159,1596
159,1607
159,1611
159,1613
159,1614
159,1619
159,1621
159,1622
159,1625
159,1626
159,1628
159,1699
159,1701
159,1702
159,1705
159,1706
159,1708
159,1713
159,1714
159,1716
159,1720
159,1799
159,1803
159,1805
159,1806
159,1811
159,1813
159,1814
159,1817
159,1818
159,1820
160,207
160,215
160,219
160,221
160,222
160,263
160,267
160,269
160,270
160,275
160,277
160,278
160,281
160,282
160,284
160,303
160,311
160,315
160,317
160,318
160,323
160,325
160,326
160,329
160,330
160,332
160,337
160,338
160,340
160,344
160,359
160,363
160,365
160,366
160,371
160,373
160,374
160,377
160,378
160,380
160,399
160,407
160,411
160,413
160,414
160,455
160,459
160,461
160,462
160,467
160,469
160,470
160,473
160,474
160,476
160,519
160,523
160,525
160,526
160,531
160,533
160,534
160,537
160,538
160,540
160,559
160,567
160,571
160,573
160,574
160,579
160,581
160,582
160,585
160,586
160,588
160,593
160,594
160,596
160,600
160,615
160,619
160,621
160,622
160,627
160,629
160,630
160,633
160,634
160,636
160,655
160,663
160,667
160,669
160,670
160,711
160,715
160,717
160,718
160,723
160,725
160,726
160,729
160,730
160,732
160,771
160,773
160,774
160,777
160,778
160,780
160,785
160,786
160,788
160,792
160,807
160,811
160,813
160,814
160,819
160,821
160,822
160,825
160,826
160,828
160,867
160,869
160,870
160,873
160,874
160,876
160,881
160,882
160,884
160,888
160,903
160,907
160,909
160,910
160,915
160,917
160,918
160,921
160,922
160,924
160,1031
160,1035
160,1037
160,1038
160,1043
160,1045
160,1046
160,1049
160,1050
160,1052
160,1071
160,1079
160,1083
160,1085
160,1086
160,1091
160,1093
160,1094
160,1097
160,1098
160,1100
160,1105
160,1106
160,1108
160,1112
160,1127
160,1131
160,1133
160,1134
160,1139
160,1141
160,1142
160,1145
160,1146
160,1148
160,1167
160,1175
160,1179
160,1181
160,1182
160,1223
160,1227
160,1229
160,1230
160,1235
160,1237
160,1238
160,1241
160,1242
160,1244
160,1283
160,1285
160,1286
160,1289
160,1290
160,1292
160,1297
160,1298
160,1300
160,1304
160,1319
160,1323
160,1325
160,1326
160,1331
160,1333
160,1334
160,1337
160,1338
160,1340
160,1379
160,1381
160,1382
160,1385
160,1386
160,1388
160,1393
160,1394
160,1396
160,1400
160,1415
160,1419
160,1421
160,1422
160,1427
160,1429
160,1430
160,1433
160,1434
160,1436
160,1539
160,1541
160,1542
160,1545
160,1546
160,1548
160,1553
160,1554
160,1556
160,1560
160,1575
160,1579
160,1581
160,1582
160,1587
160,1589
160,1590
160,1593
160,1594
160,1596
160,1635
160,1637
160,1638
160,1641
160,1642
160,1644
160,1649
160,1650
160,1652
160,1656
160,1671
160,1675
160,1677
160,1678
160,1683
160,1685
160,1686
160,1689
160,1690
160,1692
160,1827
160,1829
160,1830
160,1833
160,1834
160,1836
160,1841
160,1842
160,1844
160,1848
163,204
163,212
163,216
163,221
163,222
163,252
163,260
163,264
163,269
163,270
163,272
163,277
163,278
163,281
163,282
163,287
163,300
163,308
163,312
163,317
163,318
163,325
163,326
163,329
163,330
163,335
163,337
163,338
163,343
163,347
163,356
163,360
163,365
163,366
163,368
163,373
163,374
163,377
163,378
163,396
163,404
163,408
163,413
163,414
163,444
163,461
163,462
163,469
163,470
163,473
163,474
163,492
163,500
163,504
163,516
163,520
163,525
163,526
163,528
163,533
163,534
163,537
163,538
163,543
163,556
163,564
163,568
163,573
163,574
163,581
163,582
163,585
163,586
163,591
163,593
163,594
163,599
163,603
163,612
163,616
163,621
163,622
163,624
163,629
163,630
163,633
163,634
163,652
163,660
163,664
163,669
163,670
163,700
163,717
163,718
163,725
163,726
163,729
163,730
163,748
163,756
163,760
163,773
163,774
163,777
163,778
163,783
163,785
163,786
163,791
163,795
163,804
163,808
163,813
163,814
163,816
163,821
163,822
163,825
163,826
163,839
163,843
163,851
163,869
163,870
163,873
163,874
163,881
163,882
163,909
163,910
163,917
163,918
163,921
163,922
163,940
163,948
163,952
163,1028
163,1032
163,1037
163,1038
163,1040
163,1045
163,1046
163,1049
163,1050
163,1055
163,1068
163,1076
163,1080
163,1085
163,1086
163,1093
163,1094
163,1097
163,1098
163,1103
163,1105
163,1106
163,1111
163,1115
163,1124
163,1128
163,1133
163,1134
163,1136
163,1141
163,1142
163,1145
163,1146
163,1164
163,1172
163,1176
163,1181
163,1182
163,1212
163,1229
163,1230
163,1237
163,1238
163,1241
163,1242
163,1260
163,1268
163,1272
163,1285
163,1286
163,1289
163,1290
163,1295
163,1297
163,1298
163,1303
163,1307
163,1316
163,1320
163,1325
163,1326
163,1328
163,1333
163,1334
163,1337
163,1338
163,1351
163,1355
163,1363
163,1381
163,1382
163,1385
163,1386
163,1393
163,1394
163,1421
163,1422
163,1429
163,1430
163,1433
163,1434
163,1452
163,1460
163,1464
163,1541
163,1542
163,1545
163,1546
163,1551
163,1553
163,1554
163,1559
163,1563
163,1572
163,1576
163,1581
163,1582
163,1584
163,1589
163,1590
163,1593
163,1594
163,1607
163,1611
163,1619
163,1637
163,1638
163,1641
163,1642
163,1649
163,1650
163,1677
163,1678
163,1685
163,1686
163,1689
163,1690
163,1708
163,1716
163,1720
163,1799
163,1803
163,1811
163,1829
163,1830
163,1833
163,1834
163,1841
163,1842
165,202
165,210
165,216
165,219
165,222
165,250
165,258
165,264
165,267
165,270
165,272
165,275
165,278
165,281
165,284
165,287
165,298
165,306
165,312
165,315
165,318
165,323
165,326
165,329
165,332
165,335
165,337
165,340
165,343
165,349
165,354
165,360
165,363
165,366
165,368
165,371
165,374
165,377
165,380
165,394
165,402
165,408
165,411
165,414
165,442
165,459
165,462
165,467
165,470
165,473
165,476
165,490
165,498
165,504
165,514
165,520
165,523
165,526
165,528
165,531
165,534
165,537
165,540
165,543
165,554
165,562
165,568
165,571
165,574
165,579
165,582
165,585
165,588
165,591
165,593
165,596
165,599
165,605
165,610
165,616
165,619
165,622
165,624
165,627
165,630
165,633
165,636
165,650
165,658
165,664
165,667
165,670
165,698
165,715
165,718
165,723
165,726
165,729
165,732
165,746
165,754
165,760
165,771
165,774
165,777
165,780
165,783
165,785
165,788
165,791
165,797
165,802
165,808
165,811
165,814
165,816
165,819
165,822
165,825
165,828
165,839
165,845
165,853
165,867
165,870
165,873
165,876
165,881
165,884
165,907
165,910
165,915
165,918
165,921
165,924
165,938
165,946
165,952
165,1026
165,1032
165,1035
165,1038
165,1040
165,1043
165,1046
165,1049
165,1052
165,1055
165,1066
165,1074
165,1080
165,1083
165,1086
165,1091
165,1094
165,1097
165,1100
165,1103
165,1105
165,1108
165,1111
165,1117
165,1122
165,1128
165,1131
165,1134
165,1136
165,1139
165,1142
165,1145
165,1148
165,1162
165,1170
165,1176
165,1179
165,1182
165,1210
165,1227
165,1230
165,1235
165,1238
165,1241
165,1244
165,1258
165,1266
165,1272
165,1283
165,1286
165,1289
165,1292
165,1295
165,1297
165,1300
165,1303
165,1309
165,1314
165,1320
165,1323
165,1326
165,1328
165,1331
165,1334
165,1337
165,1340
165,1351
165,1357
165,1365
165,1379
165,1382
165,1385
165,1388
165,1393
165,1396
165,1419
165,1422
165,1427
165,1430
165,1433
165,1436
165,1450
165,1458
165,1464
165,1539
165,1542
165,1545
165,1548
165,1551
165,1553
165,1556
165,1559
165,1565
165,1570
165,1576
165,1579
165,1582
165,1584
165,1587
165,1590
165,1593
165,1596
165,1607
165,1613
165,1621
165,1635
165,1638
165,1641
165,1644
165,1649
165,1652
165,1675
165,1678
165,1683
165,1686
165,1689
165,1692
165,1706
165,1714
165,1720
165,1799
165,1805
165,1813
165,1827
165,1830
165,1833
165,1836
165,1841
165,1844
166,201
166,209
166,216
166,219
166,221
166,249
166,257
166,264
166,267
166,269
166,272
166,275
166,277
166,282
166,284
166,287
166,297
166,305
166,312
166,315
166,317
166,323
166,325
166,330
166,332
166,335
166,338
166,340
166,343
166,350
166,353
166,360
166,363
166,365
166,368
166,371
166,373
166,378
166,380
166,393
166,401
166,408
166,411
166,413
166,441
166,459
166,461
166,467
166,469
166,474
166,476
166,489
166,497
166,504
166,513
166,520
166,523
166,525
166,528
166,531
166,533
166,538
166,540
166,543
166,553
166,561
166,568
166,571
166,573
166,579
166,581
166,586
166,588
166,591
166,594
166,596
166,599
166,606
166,609
166,616
166,619
166,621
166,624
166,627
166,629
166,634
166,636
166,649
166,657
166,664
166,667
166,669
166,697
166,715
166,717
166,723
166,725
166,730
166,732
166,745
166,753
166,760
166,771
166,773
166,778
166,780
166,783
166,786
166,788
166,791
166,798
166,801
166,808
166,811
166,813
166,816
166,819
166,821
166,826
166,828
166,839
166,846
166,854
166,867
166,869
166,874
166,876
166,882
166,884
166,907
166,909
166,915
166,917
166,922
166,924
166,937
166,945
166,952
166,1025
166,1032
166,1035
166,1037
166,1040
166,1043
166,1045
166,1050
166,1052
166,1055
166,1065
166,1073
166,1080
166,1083
166,1085
166,1091
166,1093
166,1098
166,1100
166,1103
166,1106
166,1108
166,1111
166,1118
166,1121
166,1128
166,1131
166,1133
166,1136
166,1139
166,1141
166,1146
166,1148
166,1161
166,1169
166,1176
166,1179
166,1181
166,1209
166,1227
166,1229
166,1235
166,1237
166,1242
166,1244
166,1257
166,1265
166,1272
166,1283
166,1285
166,1290
166,1292
166,1295
166,1298
166,1300
166,1303
166,1310
166,1313
166,1320
166,1323
166,1325
166,1328
166,1331
166,1333
166,1338
166,1340
166,1351
166,1358
166,1366
166,1379
166,1381
166,1386
166,1388
166,1394
166,1396
166,1419
166,1421
166,1427
166,1429
166,1434
166,1436
166,1449
166,1457
166,1464
166,1539
166,1541
166,1546
166,1548
166,1551
166,1554
166,1556
166,1559
166,1566
166,1569
166,1576
166,1579
166,1581
166,1584
166,1587
166,1589
166,1594
166,1596
166,1607
166,1614
166,1622
166,1635
166,1637
166,1642
166,1644
166,1650
166,1652
166,1675
166,1677
166,1683
166,1685
166,1690
166,1692
166,1705
166,1713
166,1720
166,1799
166,1806
166,1814
166,1827
166,1829
166,1834
166,1836
166,1842
166,1844
169,198
169,210
169,212
169,215
169,222
169,246
169,258
169,260
169,263
169,270
169,272
169,275
169,277
169,282
169,284
169,287
169,294
169,306
169,308
169,311
169,318
169,323
169,325
169,330
169,332
169,335
169,337
169,344
169,347
169,349
169,354
169,356
169,359
169,366
169,368
169,371
169,373
169,378
169,380
169,390
169,402
169,404
169,407
169,414
169,438
169,455
169,462
169,467
169,469
169,474
169,476
169,486
169,498
169,500
169,514
169,516
169,519
169,526
169,528
169,531
169,533
169,538
169,540
169,543
169,550
169,562
169,564
169,567
169,574
169,579
169,581
169,586
169,588
169,591
169,593
169,600
169,603
169,605
169,610
169,612
169,615
169,622
169,624
169,627
169,629
169,634
169,636
169,646
169,658
169,660
169,663
169,670
169,694
169,711
169,718
169,723
169,725
169,730
169,732
169,742
169,754
169,756
169,771
169,773
169,778
169,780
169,783
169,785
169,792
169,795
169,797
169,802
169,804
169,807
169,814
169,816
169,819
169,821
169,826
169,828
169,843
169,845
169,857
169,867
169,869
169,874
169,876
169,881
169,888
169,903
169,910
169,915
169,917
169,922
169,924
169,934
169,946
169,948
169,1026
169,1028
169,1031
169,1038
169,1040
169,1043
169,1045
169,1050
169,1052
169,1055
169,1062
169,1074
169,1076
169,1079
169,1086
169,1091
169,1093
169,1098
169,1100
169,1103
169,1105
169,1112
169,1115
169,1117
169,1122
169,1124
169,1127
169,1134
169,1136
169,1139
169,1141
169,1146
169,1148
169,1158
169,1170
169,1172
169,1175
169,1182
169,1206
169,1223
169,1230
169,1235
169,1237
169,1242
169,1244
169,1254
169,1266
169,1268
169,1283
169,1285
169,1290
169,1292
169,1295
169,1297
169,1304
169,1307
169,1309
169,1314
169,1316
169,1319
169,1326
169,1328
169,1331
169,1333
169,1338
169,1340
169,1355
169,1357
169,1369
169,1379
169,1381
169,1386
169,1388
169,1393
169,1400
169,1415
169,1422
169,1427
169,1429
169,1434
169,1436
169,1446
169,1458
169,1460
169,1539
169,1541
169,1546
169,1548
169,1551
169,1553
169,1560
169,1563
169,1565
169,1570
169,1572
169,1575
169,1582
169,1584
169,1587
169,1589
169,1594
169,1596
169,1611
169,1613
169,1625
169,1635
169,1637
169,1642
169,1644
169,1649
169,1656
169,1671
169,1678
169,1683
169,1685
169,1690
169,1692
169,1702
169,1714
169,1716
169,1803
169,1805
169,1817
169,1827
169,1829
169,1834
169,1836
169,1841
169,1848
170,197
170,209
170,212
170,215
170,221
170,245
170,257
170,260
170,263
170,269
170,272
170,275
170,278
170,281
170,284
170,287
170,293
170,305
170,308
170,311
170,317
170,323
170,326
170,329
170,332
170,335
170,338
170,344
170,347
170,350
170,353
170,356
170,359
170,365
170,368
170,371
170,374
170,377
170,380
170,389
170,401
170,404
170,407
170,413
170,437
170,455
170,461
170,467
170,470
170,473
170,476
170,485
170,497
170,500
170,513
170,516
170,519
170,525
170,528
170,531
170,534
170,537
170,540
170,543
170,549
170,561
170,564
170,567
170,573
170,579
170,582
170,585
170,588
170,591
170,594
170,600
170,603
170,606
170,609
170,612
170,615
170,621
170,624
170,627
170,630
170,633
170,636
170,645
170,657
170,660
170,663
170,669
170,693
170,711
170,717
170,723
170,726
170,729
170,732
170,741
170,753
170,756
170,771
170,774
170,777
170,780
170,783
170,786
170,792
170,795
170,798
170,801
170,804
170,807
170,813
170,816
170,819
170,822
170,825
170,828
170,843
170,846
170,858
170,867
170,870
170,873
170,876
170,882
170,888
170,903
170,909
170,915
170,918
170,921
170,924
170,933
170,945
170,948
170,1025
170,1028
170,1031
170,1037
170,1040
170,1043
170,1046
170,1049
170,1052
170,1055
170,1061
170,1073
170,1076
170,1079
170,1085
170,1091
170,1094
170,1097
170,1100
170,1103
170,1106
170,1112
170,1115
170,1118
170,1121
170,1124
170,1127
170,1133
170,1136
170,1139
170,1142
170,1145
170,1148
170,1157
170,1169
170,1172
170,1175
170,1181
170,1205
170,1223
170,1229
170,1235
170,1238
170,1241
170,1244
170,1253
170,1265
170,1268
170,1283
170,1286
170,1289
170,1292
170,1295
170,1298
170,1304
170,1307
170,1310
170,1313
170,1316
170,1319
170,1325
170,1328
170,1331
170,1334
170,1337
170,1340
170,1355
170,1358
170,1370
170,1379
170,1382
170,1385
170,1388
170,1394
170,1400
170,1415
170,1421
170,1427
170,1430
170,1433
170,1436
170,1445
170,1457
170,1460
170,1539
170,1542
170,1545
170,1548
170,1551
170,1554
170,1560
170,1563
170,1566
170,1569
170,1572
170,1575
170,1581
170,1584
170,1587
170,1590
170,1593
170,1596
170,1611
170,1614
170,1626
170,1635
170,1638
170,1641
170,1644
170,1650
170,1656
170,1671
170,1677
170,1683
170,1686
170,1689
170,1692
170,1701
170,1713
170,1716
170,1803
170,1806
170,1818
170,1827
170,1830
170,1833
170,1836
170,1842
170,1848
172,195
172,209
172,210
172,215
172,219
172,243
172,257
172,258
172,263
172,267
172,272
172,277
172,278
172,281
172,282
172,287
172,291
172,305
172,306
172,311
172,315
172,325
172,326
172,329
172,330
172,335
172,340
172,344
172,349
172,350
172,353
172,354
172,359
172,363
172,368
172,373
172,374
172,377
172,378
172,387
172,401
172,402
172,407
172,411
172,435
172,455
172,459
172,469
172,470
172,473
172,474
172,483
172,497
172,498
172,513
172,514
172,519
172,523
172,528
172,533
172,534
172,537
172,538
172,543
172,547
172,561
172,562
172,567
172,571
172,581
172,582
172,585
172,586
172,591
172,596
172,600
172,605
172,606
172,609
172,610
172,615
172,619
172,624
172,629
172,630
172,633
172,634
172,643
172,657
172,658
172,663
172,667
172,691
172,711
172,715
172,725
172,726
172,729
172,730
172,739
172,753
172,754
172,773
172,774
172,777
172,778
172,783
172,788
172,792
172,797
172,798
172,801
172,802
172,807
172,811
172,816
172,821
172,822
172,825
172,826
172,845
172,846
172,860
172,869
172,870
172,873
172,874
172,884
172,888
172,903
172,907
172,917
172,918
172,921
172,922
172,931
172,945
172,946
172,1025
172,1026
172,1031
172,1035
172,1040
172,1045
172,1046
172,1049
172,1050
172,1055
172,1059
172,1073
172,1074
172,1079
172,1083
172,1093
172,1094
172,1097
172,1098
172,1103
172,1108
172,1112
172,1117
172,1118
172,1121
172,1122
172,1127
172,1131
172,1136
172,1141
172,1142
172,1145
172,1146
172,1155
172,1169
172,1170
172,1175
172,1179
172,1203
172,1223
172,1227
172,1237
172,1238
172,1241
172,1242
172,1251
172,1265
172,1266
172,1285
172,1286
172,1289
172,1290
172,1295
172,1300
172,1304
172,1309
172,1310
172,1313
172,1314
172,1319
172,1323
172,1328
172,1333
172,1334
172,1337
172,1338
172,1357
172,1358
172,1372
172,1381
172,1382
172,1385
172,1386
172,1396
172,1400
172,1415
172,1419
172,1429
172,1430
172,1433
172,1434
172,1443
172,1457
172,1458
172,1541
172,1542
172,1545
172,1546
172,1551
172,1556
172,1560
172,1565
172,1566
172,1569
172,1570
172,1575
172,1579
172,1584
172,1589
172,1590
172,1593
172,1594
172,1613
172,1614
172,1628
172,1637
172,1638
172,1641
172,1642
172,1652
172,1656
172,1671
172,1675
172,1685
172,1686
172,1689
172,1690
172,1699
172,1713
172,1714
172,1805
172,1806
172,1820
172,1829
172,1830
172,1833
172,1834
172,1844
172,1848
175,209
175,210
175,212
175,216
175,240
175,257
175,258
175,260
175,264
175,275
175,277
175,278
175,281
175,282
175,284
175,288
175,305
175,306
175,308
175,312
175,323
175,325
175,326
175,329
175,330
175,332
175,343
175,347
175,349
175,350
175,353
175,354
175,356
175,360
175,371
175,373
175,374
175,377
175,378
175,380
175,401
175,402
175,404
175,408
175,432
175,467
175,469
175,470
175,473
175,474
175,476
175,497
175,498
175,500
175,504
175,513
175,514
175,516
175,520
175,531
175,533
175,534
175,537
175,538
175,540
175,544
175,561
175,562
175,564
175,568
175,579
175,581
175,582
175,585
175,586
175,588
175,599
175,603
175,605
175,606
175,609
175,610
175,612
175,616
175,627
175,629
175,630
175,633
175,634
175,636
175,657
175,658
175,660
175,664
175,688
175,723
175,725
175,726
175,729
175,730
175,732
175,753
175,754
175,756
175,760
175,771
175,773
175,774
175,777
175,778
175,780
175,791
175,795
175,797
175,798
175,801
175,802
175,804
175,808
175,819
175,821
175,822
175,825
175,826
175,828
175,839
175,843
175,845
175,846
175,867
175,869
175,870
175,873
175,874
175,876
175,915
175,917
175,918
175,921
175,922
175,924
175,945
175,946
175,948
175,952
175,1025
175,1026
175,1028
175,1032
175,1043
175,1045
175,1046
175,1049
175,1050
175,1052
175,1056
175,1073
175,1074
175,1076
175,1080
175,1091
175,1093
175,1094
175,1097
175,1098
175,1100
175,1111
175,1115
175,1117
175,1118
175,1121
175,1122
175,1124
175,1128
175,1139
175,1141
175,1142
175,1145
175,1146
175,1148
175,1169
175,1170
175,1172
175,1176
175,1200
175,1235
175,1237
175,1238
175,1241
175,1242
175,1244
175,1265
175,1266
175,1268
175,1272
175,1283
175,1285
175,1286
175,1289
175,1290
175,1292
175,1303
175,1307
175,1309
175,1310
175,1313
175,1314
175,1316
175,1320
175,1331
175,1333
175,1334
175,1337
175,1338
175,1340
175,1351
175,1355
175,1357
175,1358
175,1379
175,1381
175,1382
175,1385
175,1386
175,1388
175,1427
175,1429
175,1430
175,1433
175,1434
175,1436
175,1457
175,1458
175,1460
175,1464
175,1539
175,1541
175,1542
175,1545
175,1546
175,1548
175,1559
175,1563
175,1565
175,1566
175,1569
175,1570
175,1572
175,1576
175,1587
175,1589
175,1590
175,1593
175,1594
175,1596
175,1607
175,1611
175,1613
175,1614
175,1635
175,1637
175,1638
175,1641
175,1642
175,1644
175,1683
175,1685
175,1686
175,1689
175,1690
175,1692
175,1713
175,1714
175,1716
175,1720
175,1799
175,1803
175,1805
175,1806
175,1827
175,1829
175,1830
175,1833
175,1834
175,1836
177,198
177,202
177,204
177,207
177,222
177,238
177,258
177,260
177,263
177,264
177,267
177,269
177,278
177,282
177,284
177,287
177,294
177,298
177,300
177,303
177,318
177,323
177,325
177,329
177,338
177,340
177,343
177,344
177,347
177,349
177,354
177,356
177,359
177,360
177,363
177,365
177,374
177,378
177,380
177,390
177,394
177,396
177,399
177,414
177,430
177,455
177,459
177,461
177,470
177,474
177,476
177,486
177,490
177,492
177,514
177,516
177,519
177,520
177,523
177,525
177,534
177,538
177,540
177,543
177,550
177,554
177,556
177,559
177,574
177,579
177,581
177,585
177,594
177,596
177,599
177,600
177,603
177,605
177,610
177,612
177,615
177,616
177,619
177,621
177,630
177,634
177,636
177,646
177,650
177,652
177,655
177,670
177,686
177,711
177,715
177,717
177,726
177,730
177,732
177,742
177,746
177,748
177,771
177,773
177,777
177,786
177,788
177,791
177,792
177,795
177,797
177,802
177,804
177,807
177,808
177,811
177,813
177,822
177,826
177,828
177,851
177,853
177,857
177,867
177,869
177,873
177,882
177,884
177,888
177,903
177,907
177,909
177,918
177,922
177,924
177,934
177,938
177,940
177,1026
177,1028
177,1031
177,1032
177,1035
177,1037
177,1046
177,1050
177,1052
177,1055
177,1062
177,1066
177,1068
177,1071
177,1086
177,1091
177,1093
177,1097
177,1106
177,1108
177,1111
177,1112
177,1115
177,1117
177,1122
177,1124
177,1127
177,1128
177,1131
177,1133
177,1142
177,1146
177,1148
177,1158
177,1162
177,1164
177,1167
177,1182
177,1198
177,1223
177,1227
177,1229
177,1238
177,1242
177,1244
177,1254
177,1258
177,1260
177,1283
177,1285
177,1289
177,1298
177,1300
177,1303
177,1304
177,1307
177,1309
177,1314
177,1316
177,1319
177,1320
177,1323
177,1325
177,1334
177,1338
177,1340
177,1363
177,1365
177,1369
177,1379
177,1381
177,1385
177,1394
177,1396
177,1400
177,1415
177,1419
177,1421
177,1430
177,1434
177,1436
177,1446
177,1450
177,1452
177,1539
177,1541
177,1545
177,1554
177,1556
177,1559
177,1560
177,1563
177,1565
177,1570
177,1572
177,1575
177,1576
177,1579
177,1581
177,1590
177,1594
177,1596
177,1619
177,1621
177,1625
177,1635
177,1637
177,1641
177,1650
177,1652
177,1656
177,1671
177,1675
177,1677
177,1686
177,1690
177,1692
177,1702
177,1706
177,1708
177,1811
177,1813
177,1817
177,1827
177,1829
177,1833
177,1842
177,1844
177,1848
178,197
178,201
178,204
178,207
178,221
178,237
178,257
178,260
178,263
178,264
178,267
178,270
178,277
178,281
178,284
178,287
178,293
178,297
178,300
178,303
178,317
178,323
178,326
178,330
178,337
178,340
178,343
178,344
178,347
178,350
178,353
178,356
178,359
178,360
178,363
178,366
178,373
178,377
178,380
178,389
178,393
178,396
178,399
178,413
178,429
178,455
178,459
178,462
178,469
178,473
178,476
178,485
178,489
178,492
178,513
178,516
178,519
178,520
178,523
178,526
178,533
178,537
178,540
178,543
178,549
178,553
178,556
178,559
178,573
178,579
178,582
178,586
178,593
178,596
178,599
178,600
178,603
178,606
178,609
178,612
178,615
178,616
178,619
178,622
178,629
178,633
178,636
178,645
178,649
178,652
178,655
178,669
178,685
178,711
178,715
178,718
178,725
178,729
178,732
178,741
178,745
178,748
178,771
178,774
178,778
178,785
178,788
178,791
178,792
178,795
178,798
178,801
178,804
178,807
178,808
178,811
178,814
178,821
178,825
178,828
178,851
178,854
178,858
178,867
178,870
178,874
178,881
178,884
178,888
178,903
178,907
178,910
178,917
178,921
178,924
178,933
178,937
178,940
178,1025
178,1028
178,1031
178,1032
178,1035
178,1038
178,1045
178,1049
178,1052
178,1055
178,1061
178,1065
178,1068
178,1071
178,1085
178,1091
178,1094
178,1098
178,1105
178,1108
178,1111
178,1112
178,1115
178,1118
178,1121
178,1124
178,1127
178,1128
178,1131
178,1134
178,1141
178,1145
178,1148
178,1157
178,1161
178,1164
178,1167
178,1181
178,1197
178,1223
178,1227
178,1230
178,1237
178,1241
178,1244
178,1253
178,1257
178,1260
178,1283
178,1286
178,1290
178,1297
178,1300
178,1303
178,1304
178,1307
178,1310
178,1313
178,1316
178,1319
178,1320
178,1323
178,1326
178,1333
178,1337
178,1340
178,1363
178,1366
178,1370
178,1379
178,1382
178,1386
178,1393
178,1396
178,1400
178,1415
178,1419
178,1422
178,1429
178,1433
178,1436
178,1445
178,1449
178,1452
178,1539
178,1542
178,1546
178,1553
178,1556
178,1559
178,1560
178,1563
178,1566
178,1569
178,1572
178,1575
178,1576
178,1579
178,1582
178,1589
178,1593
178,1596
178,1619
178,1622
178,1626
178,1635
178,1638
178,1642
178,1649
178,1652
178,1656
178,1671
178,1675
178,1678
178,1685
178,1689
178,1692
178,1701
178,1705
178,1708
178,1811
178,1814
178,1818
178,1827
178,1830
178,1834
178,1841
178,1844
178,1848
180,195
180,201
180,202
180,207
180,219
180,235
180,257
180,258
180,263
180,264
180,269
180,270
180,275
180,281
180,282
180,287
180,291
180,297
180,298
180,303
180,315
180,325
180,326
180,332
180,337
180,338
180,343
180,344
180,349
180,350
180,353
180,354
180,359
180,360
180,365
180,366
180,371
180,377
180,378
180,387
180,393
180,394
180,399
180,411
180,427
180,455
180,461
180,462
180,467
180,473
180,474
180,483
180,489
180,490
180,513
180,514
180,519
180,520
180,525
180,526
180,531
180,537
180,538
180,543
180,547
180,553
180,554
180,559
180,571
180,581
180,582
180,588
180,593
180,594
180,599
180,600
180,605
180,606
180,609
180,610
180,615
180,616
180,621
180,622
180,627
180,633
180,634
180,643
180,649
180,650
180,655
180,667
180,683
180,711
180,717
180,718
180,723
180,729
180,730
180,739
180,745
180,746
180,773
180,774
180,780
180,785
180,786
180,791
180,792
180,797
180,798
180,801
180,802
180,807
180,808
180,813
180,814
180,819
180,825
180,826
180,853
180,854
180,860
180,869
180,870
180,876
180,881
180,882
180,888
180,903
180,909
180,910
180,915
180,921
180,922
180,931
180,937
180,938
180,1025
180,1026
180,1031
180,1032
180,1037
180,1038
180,1043
180,1049
180,1050
180,1055
180,1059
180,1065
180,1066
180,1071
180,1083
180,1093
180,1094
180,1100
180,1105
180,1106
180,1111
180,1112
180,1117
180,1118
180,1121
180,1122
180,1127
180,1128
180,1133
180,1134
180,1139
180,1145
180,1146
180,1155
180,1161
180,1162
180,1167
180,1179
180,1195
180,1223
180,1229
180,1230
180,1235
180,1241
180,1242
180,1251
180,1257
180,1258
180,1285
180,1286
180,1292
180,1297
180,1298
180,1303
180,1304
180,1309
180,1310
180,1313
180,1314
180,1319
180,1320
180,1325
180,1326
180,1331
180,1337
180,1338
180,1365
180,1366
180,1372
180,1381
180,1382
180,1388
180,1393
180,1394
180,1400
180,1415
180,1421
180,1422
180,1427
180,1433
180,1434
180,1443
180,1449
180,1450
180,1541
180,1542
180,1548
180,1553
180,1554
180,1559
180,1560
180,1565
180,1566
180,1569
180,1570
180,1575
180,1576
180,1581
180,1582
180,1587
180,1593
180,1594
180,1621
180,1622
180,1628
180,1637
180,1638
180,1644
180,1649
180,1650
180,1656
180,1671
180,1677
180,1678
180,1683
180,1689
180,1690
180,1699
180,1705
180,1706
180,1813
180,1814
180,1820
180,1829
180,1830
180,1836
180,1841
180,1842
180,1848
183,201
183,202
183,204
183,216
183,232
183,257
183,258
183,260
183,267
183,269
183,270
183,272
183,281
183,282
183,284
183,288
183,297
183,298
183,300
183,312
183,323
183,325
183,326
183,335
183,337
183,338
183,340
183,347
183,349
183,350
183,353
183,354
183,356
183,363
183,365
183,366
183,368
183,377
183,378
183,380
183,393
183,394
183,396
183,408
183,424
183,459
183,461
183,462
183,473
183,474
183,476
183,489
183,490
183,492
183,504
183,513
183,514
183,516
183,523
183,525
183,526
183,528
183,537
183,538
183,540
183,544
183,553
183,554
183,556
183,568
183,579
183,581
183,582
183,591
183,593
183,594
183,596
183,603
183,605
183,606
183,609
183,610
183,612
183,619
183,621
183,622
183,624
183,633
183,634
183,636
183,649
183,650
183,652
183,664
183,680
183,715
183,717
183,718
183,729
183,730
183,732
183,745
183,746
183,748
183,760
183,771
183,773
183,774
183,783
183,785
183,786
183,788
183,795
183,797
183,798
183,801
183,802
183,804
183,811
183,813
183,814
183,816
183,825
183,826
183,828
183,839
183,851
183,853
183,854
183,867
183,869
183,870
183,881
183,882
183,884
183,907
183,909
183,910
183,921
183,922
183,924
183,937
183,938
183,940
183,952
183,1025
183,1026
183,1028
183,1035
183,1037
183,1038
183,1040
183,1049
183,1050
183,1052
183,1056
183,1065
183,1066
183,1068
183,1080
183,1091
183,1093
183,1094
183,1103
183,1105
183,1106
183,1108
183,1115
183,1117
183,1118
183,1121
183,1122
183,1124
183,1131
183,1133
183,1134
183,1136
183,1145
183,1146
183,1148
183,1161
183,1162
183,1164
183,1176
183,1192
183,1227
183,1229
183,1230
183,1241
183,1242
183,1244
183,1257
183,1258
183,1260
183,1272
183,1283
183,1285
183,1286
183,1295
183,1297
183,1298
183,1300
183,1307
183,1309
183,1310
183,1313
183,1314
183,1316
183,1323
183,1325
183,1326
183,1328
183,1337
183,1338
183,1340
183,1351
183,1363
183,1365
183,1366
183,1379
183,1381
183,1382
183,1393
183,1394
183,1396
183,1419
183,1421
183,1422
183,1433
183,1434
183,1436
183,1449
183,1450
183,1452
183,1464
183,1539
183,1541
183,1542
183,1551
183,1553
183,1554
183,1556
183,1563
183,1565
183,1566
183,1569
183,1570
183,1572
183,1579
183,1581
183,1582
183,1584
183,1593
183,1594
183,1596
183,1607
183,1619
183,1621
183,1622
183,1635
183,1637
183,1638
183,1649
183,1650
183,1652
183,1675
183,1677
183,1678
183,1689
183,1690
183,1692
183,1705
183,1706
183,1708
183,1720
183,1799
183,1811
183,1813
183,1814
183,1827
183,1829
183,1830
183,1841
183,1842
183,1844
184,195
184,197
184,198
184,207
184,215
184,231
184,257
184,258
184,260
184,267
184,269
184,270
184,275
184,277
184,278
184,287
184,291
184,293
184,294
184,303
184,311
184,329
184,330
184,332
184,337
184,338
184,340
184,347
184,349
184,350
184,353
184,354
184,356
184,363
184,365
184,366
184,371
184,373
184,374
184,387
184,389
184,390
184,399
184,407
184,423
184,459
184,461
184,462
184,467
184,469
184,470
184,483
184,485
184,486
184,513
184,514
184,516
184,523
184,525
184,526
184,531
184,533
184,534
184,543
184,547
184,549
184,550
184,559
184,567
184,585
184,586
184,588
184,593
184,594
184,596
184,603
184,605
184,606
184,609
184,610
184,612
184,619
184,621
184,622
184,627
184,629
184,630
184,643
184,645
184,646
184,655
184,663
184,679
184,715
184,717
184,718
184,723
184,725
184,726
184,739
184,741
184,742
184,777
184,778
184,780
184,785
184,786
184,788
184,795
184,797
184,798
184,801
184,802
184,804
184,811
184,813
184,814
184,819
184,821
184,822
184,857
184,858
184,860
184,873
184,874
184,876
184,881
184,882
184,884
184,907
184,909
184,910
184,915
184,917
184,918
184,931
184,933
184,934
184,1025
184,1026
184,1028
184,1035
184,1037
184,1038
184,1043
184,1045
184,1046
184,1055
184,1059
184,1061
184,1062
184,1071
184,1079
184,1097
184,1098
184,1100
184,1105
184,1106
184,1108
184,1115
184,1117
184,1118
184,1121
184,1122
184,1124
184,1131
184,1133
184,1134
184,1139
184,1141
184,1142
184,1155
184,1157
184,1158
184,1167
184,1175
184,1191
184,1227
184,1229
184,1230
184,1235
184,1237
184,1238
184,1251
184,1253
184,1254
184,1289
184,1290
184,1292
184,1297
184,1298
184,1300
184,1307
184,1309
184,1310
184,1313
184,1314
184,1316
184,1323
184,1325
184,1326
184,1331
184,1333
184,1334
184,1369
184,1370
184,1372
184,1385
184,1386
184,1388
184,1393
184,1394
184,1396
184,1419
184,1421
184,1422
184,1427
184,1429
184,1430
184,1443
184,1445
184,1446
184,1545
184,1546
184,1548
184,1553
184,1554
184,1556
184,1563
184,1565
184,1566
184,1569
184,1570
184,1572
184,1579
184,1581
184,1582
184,1587
184,1589
184,1590
184,1625
184,1626
184,1628
184,1641
184,1642
184,1644
184,1649
184,1650
184,1652
184,1675
184,1677
184,1678
184,1683
184,1685
184,1686
184,1699
184,1701
184,1702
184,1817
184,1818
184,1820
184,1833
184,1834
184,1836
184,1841
184,1842
184,1844
187,197
187,198
187,204
187,212
187,228
187,257
187,258
187,263
187,264
187,269
187,270
187,272
187,277
187,278
187,284
187,288
187,293
187,294
187,300
187,308
187,323
187,329
187,330
187,335
187,337
187,338
187,343
187,344
187,349
187,350
187,353
187,354
187,359
187,360
187,365
187,366
187,368
187,373
187,374
187,380
187,389
187,390
187,396
187,404
187,420
187,455
187,461
187,462
187,469
187,470
187,476
187,485
187,486
187,492
187,500
187,513
187,514
187,519
187,520
187,525
187,526
187,528
187,533
187,534
187,540
187,544
187,549
187,550
187,556
187,564
187,579
187,585
187,586
187,591
187,593
187,594
187,599
187,600
187,605
187,606
187,609
187,610
187,615
187,616
187,621
187,622
187,624
187,629
187,630
187,636
187,645
187,646
187,652
187,660
187,676
187,711
187,717
187,718
187,725
187,726
187,732
187,741
187,742
187,748
187,756
187,771
187,777
187,778
187,783
187,785
187,786
187,791
187,792
187,797
187,798
187,801
187,802
187,807
187,808
187,813
187,814
187,816
187,821
187,822
187,828
187,843
187,851
187,857
187,858
187,867
187,873
187,874
187,881
187,882
187,888
187,903
187,909
187,910
187,917
187,918
187,924
187,933
187,934
187,940
187,948
187,1025
187,1026
187,1031
187,1032
187,1037
187,1038
187,1040
187,1045
187,1046
187,1052
187,1056
187,1061
187,1062
187,1068
187,1076
187,1091
187,1097
187,1098
187,1103
187,1105
187,1106
187,1111
187,1112
187,1117
187,1118
187,1121
187,1122
187,1127
187,1128
187,1133
187,1134
187,1136
187,1141
187,1142
187,1148
187,1157
187,1158
187,1164
187,1172
187,1188
187,1223
187,1229
187,1230
187,1237
187,1238
187,1244
187,1253
187,1254
187,1260
187,1268
187,1283
187,1289
187,1290
187,1295
187,1297
187,1298
187,1303
187,1304
187,1309
187,1310
187,1313
187,1314
187,1319
187,1320
187,1325
187,1326
187,1328
187,1333
187,1334
187,1340
187,1355
187,1363
187,1369
187,1370
187,1379
187,1385
187,1386
187,1393
187,1394
187,1400
187,1415
187,1421
187,1422
187,1429
187,1430
187,1436
187,1445
187,1446
187,1452
187,1460
187,1539
187,1545
187,1546
187,1551
187,1553
187,1554
187,1559
187,1560
187,1565
187,1566
187,1569
187,1570
187,1575
187,1576
187,1581
187,1582
187,1584
187,1589
187,1590
187,1596
187,1611
187,1619
187,1625
187,1626
187,1635
187,1641
187,1642
187,1649
187,1650
187,1656
187,1671
187,1677
187,1678
187,1685
187,1686
187,1692
187,1701
187,1702
187,1708
187,1716
187,1803
187,1811
187,1817
187,1818
187,1827
187,1833
187,1834
187,1841
187,1842
187,1848
189,195
189,198
189,202
189,210
189,226
189,257
189,260
189,263
189,264
189,267
189,270
189,272
189,275
189,278
189,282
189,288
189,291
189,294
189,298
189,306
189,325
189,329
189,332
189,335
189,337
189,340
189,343
189,344
189,347
189,350
189,353
189,356
189,359
189,360
189,363
189,366
189,368
189,371
189,374
189,378
189,387
189,390
189,394
189,402
189,418
189,455
189,459
189,462
189,467
189,470
189,474
189,483
189,486
189,490
189,498
189,513
189,516
189,519
189,520
189,523
189,526
189,528
189,531
189,534
189,538
189,544
189,547
189,550
189,554
189,562
189,581
189,585
189,588
189,591
189,593
189,596
189,599
189,600
189,603
189,606
189,609
189,612
189,615
189,616
189,619
189,622
189,624
189,627
189,630
189,634
189,643
189,646
189,650
189,658
189,674
189,711
189,715
189,718
189,723
189,726
189,730
189,739
189,742
189,746
189,754
189,773
189,777
189,780
189,783
189,785
189,788
189,791
189,792
189,795
189,798
189,801
189,804
189,807
189,808
189,811
189,814
189,816
189,819
189,822
189,826
189,845
189,853
189,857
189,860
189,869
189,873
189,876
189,881
189,884
189,888
189,903
189,907
189,910
189,915
189,918
189,922
189,931
189,934
189,938
189,946
189,1025
189,1028
189,1031
189,1032
189,1035
189,1038
189,1040
189,1043
189,1046
189,1050
189,1056
189,1059
189,1062
189,1066
189,1074
189,1093
189,1097
189,1100
189,1103
189,1105
189,1108
189,1111
189,1112
189,1115
189,1118
189,1121
189,1124
189,1127
189,1128
189,1131
189,1134
189,1136
189,1139
189,1142
189,1146
189,1155
189,1158
189,1162
189,1170
189,1186
189,1223
189,1227
189,1230
189,1235
189,1238
189,1242
189,1251
189,1254
189,1258
189,1266
189,1285
189,1289
189,1292
189,1295
189,1297
189,1300
189,1303
189,1304
189,1307
189,1310
189,1313
189,1316
189,1319
189,1320
189,1323
189,1326
189,1328
189,1331
189,1334
189,1338
189,1357
189,1365
189,1369
189,1372
189,1381
189,1385
189,1388
189,1393
189,1396
189,1400
189,1415
189,1419
189,1422
189,1427
189,1430
189,1434
189,1443
189,1446
189,1450
189,1458
189,1541
189,1545
189,1548
189,1551
189,1553
189,1556
189,1559
189,1560
189,1563
189,1566
189,1569
189,1572
189,1575
189,1576
189,1579
189,1582
189,1584
189,1587
189,1590
189,1594
189,1613
189,1621
189,1625
189,1628
189,1637
189,1641
189,1644
189,1649
189,1652
189,1656
189,1671
189,1675
189,1678
189,1683
189,1686
189,1690
189,1699
189,1702
189,1706
189,1714
189,1805
189,1813
189,1817
189,1820
189,1829
189,1833
189,1836
189,1841
189,1844
189,1848
190,195
190,197
190,201
190,209
190,225
190,258
190,260
190,263
190,264
190,267
190,269
190,272
190,275
190,277
190,281
190,288
190,291
190,293
190,297
190,305
190,326
190,330
190,332
190,335
190,338
190,340
190,343
190,344
190,347
190,349
190,354
190,356
190,359
190,360
190,363
190,365
190,368
190,371
190,373
190,377
190,387
190,389
190,393
190,401
190,417
190,455
190,459
190,461
190,467
190,469
190,473
190,483
190,485
190,489
190,497
190,514
190,516
190,519
190,520
190,523
190,525
190,528
190,531
190,533
190,537
190,544
190,547
190,549
190,553
190,561
190,582
190,586
190,588
190,591
190,594
190,596
190,599
190,600
190,603
190,605
190,610
190,612
190,615
190,616
190,619
190,621
190,624
190,627
190,629
190,633
190,643
190,645
190,649
190,657
190,673
190,711
190,715
190,717
190,723
190,725
190,729
190,739
190,741
190,745
190,753
190,774
190,778
190,780
190,783
190,786
190,788
190,791
190,792
190,795
190,797
190,802
190,804
190,807
190,808
190,811
190,813
190,816
190,819
190,821
190,825
190,846
190,854
190,858
190,860
190,870
190,874
190,876
190,882
190,884
190,888
190,903
190,907
190,909
190,915
190,917
190,921
190,931
190,933
190,937
190,945
190,1026
190,1028
190,1031
190,1032
190,1035
190,1037
190,1040
190,1043
190,1045
190,1049
190,1056
190,1059
190,1061
190,1065
190,1073
190,1094
190,1098
190,1100
190,1103
190,1106
190,1108
190,1111
190,1112
190,1115
190,1117
190,1122
190,1124
190,1127
190,1128
190,1131
190,1133
190,1136
190,1139
190,1141
190,1145
190,1155
190,1157
190,1161
190,1169
190,1185
190,1223
190,1227
190,1229
190,1235
190,1237
190,1241
190,1251
190,1253
190,1257
190,1265
190,1286
190,1290
190,1292
190,1295
190,1298
190,1300
190,1303
190,1304
190,1307
190,1309
190,1314
190,1316
190,1319
190,1320
190,1323
190,1325
190,1328
190,1331
190,1333
190,1337
190,1358
190,1366
190,1370
190,1372
190,1382
190,1386
190,1388
190,1394
190,1396
190,1400
190,1415
190,1419
190,1421
190,1427
190,1429
190,1433
190,1443
190,1445
190,1449
190,1457
190,1542
190,1546
190,1548
190,1551
190,1554
190,1556
190,1559
190,1560
190,1563
190,1565
190,1570
190,1572
190,1575
190,1576
190,1579
190,1581
190,1584
190,1587
190,1589
190,1593
190,1614
190,1622
190,1626
190,1628
190,1638
190,1642
190,1644
190,1650
190,1652
190,1656
190,1671
190,1675
190,1677
190,1683
190,1685
190,1689
190,1699
190,1701
190,1705
190,1713
190,1806
190,1814
190,1818
190,1820
190,1830
190,1834
190,1836
190,1842
190,1844
190,1848
195,252
195,260
195,264
195,269
195,270
195,272
195,277
195,278
195,281
195,282
195,287
195,288
195,293
195,294
195,297
195,298
195,303
195,305
195,306
195,311
195,315
195,332
195,340
195,344
195,349
195,350
195,356
195,360
195,365
195,366
195,368
195,373
195,374
195,377
195,378
195,396
195,404
195,408
195,413
195,414
195,420
195,424
195,429
195,430
195,432
195,437
195,438
195,441
195,442
195,476
195,492
195,500
195,504
195,516
195,520
195,525
195,526
195,528
195,533
195,534
195,537
195,538
195,543
195,544
195,549
195,550
195,553
195,554
195,559
195,561
195,562
195,567
195,571
195,588
195,596
195,600
195,605
195,606
195,612
195,616
195,621
195,622
195,624
195,629
195,630
195,633
195,634
195,652
195,660
195,664
195,669
195,670
195,676
195,680
195,685
195,686
195,688
195,693
195,694
195,697
195,698
195,732
195,748
195,756
195,760
195,773
195,774
195,777
195,778
195,783
195,785
195,786
195,791
195,795
195,801
195,802
195,807
195,811
195,819
195,845
195,846
195,853
195,854
195,857
195,858
195,869
195,870
195,873
195,874
195,881
195,882
195,909
195,910
195,917
195,918
195,921
195,922
195,933
195,934
195,937
195,938
195,945
195,946
195,1028
195,1032
195,1037
195,1038
195,1040
195,1045
195,1046
195,1049
195,1050
195,1055
195,1056
195,1061
195,1062
195,1065
195,1066
195,1071
195,1073
195,1074
195,1079
195,1083
195,1100
195,1108
195,1112
195,1117
195,1118
195,1124
195,1128
195,1133
195,1134
195,1136
195,1141
195,1142
195,1145
195,1146
195,1164
195,1172
195,1176
195,1181
195,1182
195,1188
195,1192
195,1197
195,1198
195,1200
195,1205
195,1206
195,1209
195,1210
195,1244
195,1260
195,1268
195,1272
195,1285
195,1286
195,1289
195,1290
195,1295
195,1297
195,1298
195,1303
195,1307
195,1313
195,1314
195,1319
195,1323
195,1331
195,1357
195,1358
195,1365
195,1366
195,1369
195,1370
195,1381
195,1382
195,1385
195,1386
195,1393
195,1394
195,1421
195,1422
195,1429
195,1430
195,1433
195,1434
195,1445
195,1446
195,1449
195,1450
195,1457
195,1458
195,1541
195,1542
195,1545
195,1546
195,1551
195,1553
195,1554
195,1559
195,1563
195,1569
195,1570
195,1575
195,1579
195,1587
195,1613
195,1614
195,1621
195,1622
195,1625
195,1626
195,1637
195,1638
195,1641
195,1642
195,1649
195,1650
195,1677
195,1678
195,1685
195,1686
195,1689
195,1690
195,1701
195,1702
195,1705
195,1706
195,1713
195,1714
195,1799
195,1803
195,1811
195,1827
197,250
197,258
197,264
197,267
197,270
197,272
197,275
197,278
197,281
197,284
197,287
197,288
197,291
197,294
197,297
197,300
197,303
197,305
197,308
197,311
197,317
197,330
197,338
197,344
197,347
197,350
197,354
197,360
197,363
197,366
197,368
197,371
197,374
197,377
197,380
197,394
197,402
197,408
197,411
197,414
197,418
197,424
197,427
197,430
197,432
197,435
197,438
197,441
197,444
197,474
197,490
197,498
197,504
197,514
197,520
197,523
197,526
197,528
197,531
197,534
197,537
197,540
197,543
197,544
197,547
197,550
197,553
197,556
197,559
197,561
197,564
197,567
197,573
197,586
197,594
197,600
197,603
197,606
197,610
197,616
197,619
197,622
197,624
197,627
197,630
197,633
197,636
197,650
197,658
197,664
197,667
197,670
197,674
197,680
197,683
197,686
197,688
197,691
197,694
197,697
197,700
197,730
197,746
197,754
197,760
197,771
197,774
197,777
197,780
197,783
197,785
197,788
197,791
197,797
197,801
197,804
197,807
197,813
197,821
197,843
197,846
197,851
197,854
197,857
197,860
197,867
197,870
197,873
197,876
197,881
197,884
197,907
197,910
197,915
197,918
197,921
197,924
197,931
197,934
197,937
197,940
197,945
197,948
197,1026
197,1032
197,1035
197,1038
197,1040
197,1043
197,1046
197,1049
197,1052
197,1055
197,1056
197,1059
197,1062
197,1065
197,1068
197,1071
197,1073
197,1076
197,1079
197,1085
197,1098
197,1106
197,1112
197,1115
197,1118
197,1122
197,1128
197,1131
197,1134
197,1136
197,1139
197,1142
197,1145
197,1148
197,1162
197,1170
197,1176
197,1179
197,1182
197,1186
197,1192
197,1195
197,1198
197,1200
197,1203
197,1206
197,1209
197,1212
197,1242
197,1258
197,1266
197,1272
197,1283
197,1286
197,1289
197,1292
197,1295
197,1297
197,1300
197,1303
197,1309
197,1313
197,1316
197,1319
197,1325
197,1333
197,1355
197,1358
197,1363
197,1366
197,1369
197,1372
197,1379
197,1382
197,1385
197,1388
197,1393
197,1396
197,1419
197,1422
197,1427
197,1430
197,1433
197,1436
197,1443
197,1446
197,1449
197,1452
197,1457
197,1460
197,1539
197,1542
197,1545
197,1548
197,1551
197,1553
197,1556
197,1559
197,1565
197,1569
197,1572
197,1575
197,1581
197,1589
197,1611
197,1614
197,1619
197,1622
197,1625
197,1628
197,1635
197,1638
197,1641
197,1644
197,1649
197,1652
197,1675
197,1678
197,1683
197,1686
197,1689
197,1692
197,1699
197,1702
197,1705
197,1708
197,1713
197,1716
197,1799
197,1805
197,1813
197,1829
198,249
198,257
198,264
198,267
198,269
198,272
198,275
198,277
198,282
198,284
198,287
198,288
198,291
198,293
198,298
198,300
198,303
198,306
198,308
198,311
198,318
198,329
198,337
198,344
198,347
198,349
198,353
198,360
198,363
198,365
198,368
198,371
198,373
198,378
198,380
198,393
198,401
198,408
198,411
198,413
198,417
198,424
198,427
198,429
198,432
198,435
198,437
198,442
198,444
198,473
198,489
198,497
198,504
198,513
198,520
198,523
198,525
198,528
198,531
198,533
198,538
198,540
198,543
198,544
198,547
198,549
198,554
198,556
198,559
198,562
198,564
198,567
198,574
198,585
198,593
198,600
198,603
198,605
198,609
198,616
198,619
198,621
198,624
198,627
198,629
198,634
198,636
198,649
198,657
198,664
198,667
198,669
198,673
198,680
198,683
198,685
198,688
198,691
198,693
198,698
198,700
198,729
198,745
198,753
198,760
198,771
198,773
198,778
198,780
198,783
198,786
198,788
198,791
198,798
198,802
198,804
198,807
198,814
198,822
198,843
198,845
198,851
198,853
198,858
198,860
198,867
198,869
198,874
198,876
198,882
198,884
198,907
198,909
198,915
198,917
198,922
198,924
198,931
198,933
198,938
198,940
198,946
198,948
198,1025
198,1032
198,1035
198,1037
198,1040
198,1043
198,1045
198,1050
198,1052
198,1055
198,1056
198,1059
198,1061
198,1066
198,1068
198,1071
198,1074
198,1076
198,1079
198,1086
198,1097
198,1105
198,1112
198,1115
198,1117
198,1121
198,1128
198,1131
198,1133
198,1136
198,1139
198,1141
198,1146
198,1148
198,1161
198,1169
198,1176
198,1179
198,1181
198,1185
198,1192
198,1195
198,1197
198,1200
198,1203
198,1205
198,1210
198,1212
198,1241
198,1257
198,1265
198,1272
198,1283
198,1285
198,1290
198,1292
198,1295
198,1298
198,1300
198,1303
198,1310
198,1314
198,1316
198,1319
198,1326
198,1334
198,1355
198,1357
198,1363
198,1365
198,1370
198,1372
198,1379
198,1381
198,1386
198,1388
198,1394
198,1396
198,1419
198,1421
198,1427
198,1429
198,1434
198,1436
198,1443
198,1445
198,1450
198,1452
198,1458
198,1460
198,1539
198,1541
198,1546
198,1548
198,1551
198,1554
198,1556
198,1559
198,1566
198,1570
198,1572
198,1575
198,1582
198,1590
198,1611
198,1613
198,1619
198,1621
198,1626
198,1628
198,1635
198,1637
198,1642
198,1644
198,1650
198,1652
198,1675
198,1677
198,1683
198,1685
198,1690
198,1692
198,1699
198,1701
198,1706
198,1708
198,1714
198,1716
198,1799
198,1806
198,1814
198,1830
201,246
201,258
201,260
201,263
201,270
201,272
201,275
201,277
201,282
201,284
201,287
201,288
201,291
201,293
201,298
201,300
201,303
201,305
201,312
201,315
201,317
201,326
201,338
201,340
201,343
201,350
201,354
201,356
201,359
201,366
201,368
201,371
201,373
201,378
201,380
201,390
201,402
201,404
201,407
201,414
201,418
201,420
201,423
201,430
201,432
201,435
201,437
201,442
201,444
201,470
201,486
201,498
201,500
201,514
201,516
201,519
201,526
201,528
201,531
201,533
201,538
201,540
201,543
201,544
201,547
201,549
201,554
201,556
201,559
201,561
201,568
201,571
201,573
201,582
201,594
201,596
201,599
201,606
201,610
201,612
201,615
201,622
201,624
201,627
201,629
201,634
201,636
201,646
201,658
201,660
201,663
201,670
201,674
201,676
201,679
201,686
201,688
201,691
201,693
201,698
201,700
201,726
201,742
201,754
201,756
201,771
201,773
201,778
201,780
201,783
201,785
201,792
201,795
201,797
201,801
201,808
201,811
201,813
201,825
201,839
201,846
201,851
201,853
201,858
201,860
201,867
201,869
201,874
201,876
201,881
201,888
201,903
201,910
201,915
201,917
201,922
201,924
201,931
201,933
201,938
201,940
201,945
201,952
201,1026
201,1028
201,1031
201,1038
201,1040
201,1043
201,1045
201,1050
201,1052
201,1055
201,1056
201,1059
201,1061
201,1066
201,1068
201,1071
201,1073
201,1080
201,1083
201,1085
201,1094
201,1106
201,1108
201,1111
201,1118
201,1122
201,1124
201,1127
201,1134
201,1136
201,1139
201,1141
201,1146
201,1148
201,1158
201,1170
201,1172
201,1175
201,1182
201,1186
201,1188
201,1191
201,1198
201,1200
201,1203
201,1205
201,1210
201,1212
201,1238
201,1254
201,1266
201,1268
201,1283
201,1285
201,1290
201,1292
201,1295
201,1297
201,1304
201,1307
201,1309
201,1313
201,1320
201,1323
201,1325
201,1337
201,1351
201,1358
201,1363
201,1365
201,1370
201,1372
201,1379
201,1381
201,1386
201,1388
201,1393
201,1400
201,1415
201,1422
201,1427
201,1429
201,1434
201,1436
201,1443
201,1445
201,1450
201,1452
201,1457
201,1464
201,1539
201,1541
201,1546
201,1548
201,1551
201,1553
201,1560
201,1563
201,1565
201,1569
201,1576
201,1579
201,1581
201,1593
201,1607
201,1614
201,1619
201,1621
201,1626
201,1628
201,1635
201,1637
201,1642
201,1644
201,1649
201,1656
201,1671
201,1678
201,1683
201,1685
201,1690
201,1692
201,1699
201,1701
201,1706
201,1708
201,1713
201,1720
201,1803
201,1805
201,1817
201,1833
202,245
202,257
202,260
202,263
202,269
202,272
202,275
202,278
202,281
202,284
202,287
202,288
202,291
202,294
202,297
202,300
202,303
202,306
202,312
202,315
202,318
202,325
202,337
202,340
202,343
202,349
202,353
202,356
202,359
202,365
202,368
202,371
202,374
202,377
202,380
202,389
202,401
202,404
202,407
202,413
202,417
202,420
202,423
202,429
202,432
202,435
202,438
202,441
202,444
202,469
202,485
202,497
202,500
202,513
202,516
202,519
202,525
202,528
202,531
202,534
202,537
202,540
202,543
202,544
202,547
202,550
202,553
202,556
202,559
202,562
202,568
202,571
202,574
202,581
202,593
202,596
202,599
202,605
202,609
202,612
202,615
202,621
202,624
202,627
202,630
202,633
202,636
202,645
202,657
202,660
202,663
202,669
202,673
202,676
202,679
202,685
202,688
202,691
202,694
202,697
202,700
202,725
202,741
202,753
202,756
202,771
202,774
202,777
202,780
202,783
202,786
202,792
202,795
202,798
202,802
202,808
202,811
202,814
202,826
202,839
202,845
202,851
202,854
202,857
202,860
202,867
202,870
202,873
202,876
202,882
202,888
202,903
202,909
202,915
202,918
202,921
202,924
202,931
202,934
202,937
202,940
202,946
202,952
202,1025
202,1028
202,1031
202,1037
202,1040
202,1043
202,1046
202,1049
202,1052
202,1055
202,1056
202,1059
202,1062
202,1065
202,1068
202,1071
202,1074
202,1080
202,1083
202,1086
202,1093
202,1105
202,1108
202,1111
202,1117
202,1121
202,1124
202,1127
202,1133
202,1136
202,1139
202,1142
202,1145
202,1148
202,1157
202,1169
202,1172
202,1175
202,1181
202,1185
202,1188
202,1191
202,1197
202,1200
202,1203
202,1206
202,1209
202,1212
202,1237
202,1253
202,1265
202,1268
202,1283
202,1286
202,1289
202,1292
202,1295
202,1298
202,1304
202,1307
202,1310
202,1314
202,1320
202,1323
202,1326
202,1338
202,1351
202,1357
202,1363
202,1366
202,1369
202,1372
202,1379
202,1382
202,1385
202,1388
202,1394
202,1400
202,1415
202,1421
202,1427
202,1430
202,1433
202,1436
202,1443
202,1446
202,1449
202,1452
202,1458
202,1464
202,1539
202,1542
202,1545
202,1548
202,1551
202,1554
202,1560
202,1563
202,1566
202,1570
202,1576
202,1579
202,1582
202,1594
202,1607
202,1613
202,1619
202,1622
202,1625
202,1628
202,1635
202,1638
202,1641
202,1644
202,1650
202,1656
202,1671
202,1677
202,1683
202,1686
202,1689
202,1692
202,1699
202,1702
202,1705
202,1708
202,1714
202,1720
202,1803
202,1806
202,1818
202,1834
204,243
204,257
204,258
204,263
204,267
204,272
204,277
204,278
204,281
204,282
204,287
204,288
204,293
204,294
204,297
204,298
204,303
204,308
204,312
204,317
204,318
204,323
204,337
204,338
204,343
204,347
204,353
204,354
204,359
204,363
204,368
204,373
204,374
204,377
204,378
204,387
204,401
204,402
204,407
204,411
204,417
204,418
204,423
204,427
204,432
204,437
204,438
204,441
204,442
204,467
204,483
204,497
204,498
204,513
204,514
204,519
204,523
204,528
204,533
204,534
204,537
204,538
204,543
204,544
204,549
204,550
204,553
204,554
204,559
204,564
204,568
204,573
204,574
204,579
204,593
204,594
204,599
204,603
204,609
204,610
204,615
204,619
204,624
204,629
204,630
204,633
204,634
204,643
204,657
204,658
204,663
204,667
204,673
204,674
204,679
204,683
204,688
204,693
204,694
204,697
204,698
204,723
204,739
204,753
204,754
204,773
204,774
204,777
204,778
204,783
204,788
204,792
204,797
204,798
204,804
204,808
204,813
204,814
204,828
204,839
204,843
204,853
204,854
204,857
204,858
204,869
204,870
204,873
204,874
204,884
204,888
204,903
204,907
204,917
204,918
204,921
204,922
204,933
204,934
204,937
204,938
204,948
204,952
204,1025
204,1026
204,1031
204,1035
204,1040
204,1045
204,1046
204,1049
204,1050
204,1055
204,1056
204,1061
204,1062
204,1065
204,1066
204,1071
204,1076
204,1080
204,1085
204,1086
204,1091
204,1105
204,1106
204,1111
204,1115
204,1121
204,1122
204,1127
204,1131
204,1136
204,1141
204,1142
204,1145
204,1146
204,1155
204,1169
204,1170
204,1175
204,1179
204,1185
204,1186
204,1191
204,1195
204,1200
204,1205
204,1206
204,1209
204,1210
204,1235
204,1251
204,1265
204,1266
204,1285
204,1286
204,1289
204,1290
204,1295
204,1300
204,1304
204,1309
204,1310
204,1316
204,1320
204,1325
204,1326
204,1340
204,1351
204,1355
204,1365
204,1366
204,1369
204,1370
204,1381
204,1382
204,1385
204,1386
204,1396
204,1400
204,1415
204,1419
204,1429
204,1430
204,1433
204,1434
204,1445
204,1446
204,1449
204,1450
204,1460
204,1464
204,1541
204,1542
204,1545
204,1546
204,1551
204,1556
204,1560
204,1565
204,1566
204,1572
204,1576
204,1581
204,1582
204,1596
204,1607
204,1611
204,1621
204,1622
204,1625
204,1626
204,1637
204,1638
204,1641
204,1642
204,1652
204,1656
204,1671
204,1675
204,1685
204,1686
204,1689
204,1690
204,1701
204,1702
204,1705
204,1706
204,1716
204,1720
204,1805
204,1806
204,1820
204,1836
207,240
207,257
207,258
207,260
207,264
207,275
207,277
207,278
207,281
207,282
207,284
207,291
207,293
207,294
207,297
207,298
207,300
207,311
207,315
207,317
207,318
207,337
207,338
207,340
207,344
207,353
207,354
207,356
207,360
207,371
207,373
207,374
207,377
207,378
207,380
207,401
207,402
207,404
207,408
207,417
207,418
207,420
207,424
207,435
207,437
207,438
207,441
207,442
207,444
207,497
207,498
207,500
207,504
207,513
207,514
207,516
207,520
207,531
207,533
207,534
207,537
207,538
207,540
207,547
207,549
207,550
207,553
207,554
207,556
207,567
207,571
207,573
207,574
207,593
207,594
207,596
207,600
207,609
207,610
207,612
207,616
207,627
207,629
207,630
207,633
207,634
207,636
207,657
207,658
207,660
207,664
207,673
207,674
207,676
207,680
207,691
207,693
207,694
207,697
207,698
207,700
207,753
207,754
207,756
207,760
207,771
207,773
207,774
207,777
207,778
207,780
207,791
207,795
207,797
207,798
207,807
207,811
207,813
207,814
207,851
207,853
207,854
207,857
207,858
207,860
207,867
207,869
207,870
207,873
207,874
207,876
207,915
207,917
207,918
207,921
207,922
207,924
207,931
207,933
207,934
207,937
207,938
207,940
207,1025
207,1026
207,1028
207,1032
207,1043
207,1045
207,1046
207,1049
207,1050
207,1052
207,1059
207,1061
207,1062
207,1065
207,1066
207,1068
207,1079
207,1083
207,1085
207,1086
207,1105
207,1106
207,1108
207,1112
207,1121
207,1122
207,1124
207,1128
207,1139
207,1141
207,1142
207,1145
207,1146
207,1148
207,1169
207,1170
207,1172
207,1176
207,1185
207,1186
207,1188
207,1192
207,1203
207,1205
207,1206
207,1209
207,1210
207,1212
207,1265
207,1266
207,1268
207,1272
207,1283
207,1285
207,1286
207,1289
207,1290
207,1292
207,1303
207,1307
207,1309
207,1310
207,1319
207,1323
207,1325
207,1326
207,1363
207,1365
207,1366
207,1369
207,1370
207,1372
207,1379
207,1381
207,1382
207,1385
207,1386
207,1388
207,1427
207,1429
207,1430
207,1433
207,1434
207,1436
207,1443
207,1445
207,1446
207,1449
207,1450
207,1452
207,1539
207,1541
207,1542
207,1545
207,1546
207,1548
207,1559
207,1563
207,1565
207,1566
207,1575
207,1579
207,1581
207,1582
207,1619
207,1621
207,1622
207,1625
207,1626
207,1628
207,1635
207,1637
207,1638
207,1641
207,1642
207,1644
207,1683
207,1685
207,1686
207,1689
207,1690
207,1692
207,1699
207,1701
207,1702
207,1705
207,1706
207,1708
207,1799
207,1803
207,1805
207,1806
209,238
209,258
209,260
209,263
209,264
209,267
209,269
209,278
209,282
209,284
209,287
209,288
209,291
209,293
209,297
209,306
209,308
209,311
209,312
209,315
209,317
209,326
209,330
209,332
209,335
209,350
209,354
209,356
209,359
209,360
209,363
209,365
209,374
209,378
209,380
209,390
209,394
209,396
209,399
209,414
209,418
209,420
209,423
209,424
209,427
209,429
209,438
209,442
209,444
209,462
209,486
209,490
209,492
209,514
209,516
209,519
209,520
209,523
209,525
209,534
209,538
209,540
209,543
209,544
209,547
209,549
209,553
209,562
209,564
209,567
209,568
209,571
209,573
209,582
209,586
209,588
209,591
209,606
209,610
209,612
209,615
209,616
209,619
209,621
209,630
209,634
209,636
209,646
209,650
209,652
209,655
209,670
209,674
209,676
209,679
209,680
209,683
209,685
209,694
209,698
209,700
209,718
209,742
209,746
209,748
209,771
209,773
209,777
209,786
209,788
209,791
209,792
209,795
209,797
209,801
209,816
209,819
209,821
209,825
209,839
209,843
209,845
209,854
209,858
209,860
209,867
209,869
209,873
209,882
209,884
209,888
209,903
209,907
209,909
209,918
209,922
209,924
209,931
209,933
209,937
209,946
209,948
209,952
209,1026
209,1028
209,1031
209,1032
209,1035
209,1037
209,1046
209,1050
209,1052
209,1055
209,1056
209,1059
209,1061
209,1065
209,1074
209,1076
209,1079
209,1080
209,1083
209,1085
209,1094
209,1098
209,1100
209,1103
209,1118
209,1122
209,1124
209,1127
209,1128
209,1131
209,1133
209,1142
209,1146
209,1148
209,1158
209,1162
209,1164
209,1167
209,1182
209,1186
209,1188
209,1191
209,1192
209,1195
209,1197
209,1206
209,1210
209,1212
209,1230
209,1254
209,1258
209,1260
209,1283
209,1285
209,1289
209,1298
209,1300
209,1303
209,1304
209,1307
209,1309
209,1313
209,1328
209,1331
209,1333
209,1337
209,1351
209,1355
209,1357
209,1366
209,1370
209,1372
209,1379
209,1381
209,1385
209,1394
209,1396
209,1400
209,1415
209,1419
209,1421
209,1430
209,1434
209,1436
209,1443
209,1445
209,1449
209,1458
209,1460
209,1464
209,1539
209,1541
209,1545
209,1554
209,1556
209,1559
209,1560
209,1563
209,1565
209,1569
209,1584
209,1587
209,1589
209,1593
209,1607
209,1611
209,1613
209,1622
209,1626
209,1628
209,1635
209,1637
209,1641
209,1650
209,1652
209,1656
209,1671
209,1675
209,1677
209,1686
209,1690
209,1692
209,1699
209,1701
209,1705
209,1714
209,1716
209,1720
209,1811
209,1813
209,1817
209,1841
210,237
210,257
210,260
210,263
210,264
210,267
210,270
210,277
210,281
210,284
210,287
210,288
210,291
210,294
210,298
210,305
210,308
210,311
210,312
210,315
210,318
210,325
210,329
210,332
210,335
210,349
210,353
210,356
210,359
210,360
210,363
210,366
210,373
210,377
210,380
210,389
210,393
210,396
210,399
210,413
210,417
210,420
210,423
210,424
210,427
210,430
210,437
210,441
210,444
210,461
210,485
210,489
210,492
210,513
210,516
210,519
210,520
210,523
210,526
210,533
210,537
210,540
210,543
210,544
210,547
210,550
210,554
210,561
210,564
210,567
210,568
210,571
210,574
210,581
210,585
210,588
210,591
210,605
210,609
210,612
210,615
210,616
210,619
210,622
210,629
210,633
210,636
210,645
210,649
210,652
210,655
210,669
210,673
210,676
210,679
210,680
210,683
210,686
210,693
210,697
210,700
210,717
210,741
210,745
210,748
210,771
210,774
210,778
210,785
210,788
210,791
210,792
210,795
210,798
210,802
210,816
210,819
210,822
210,826
210,839
210,843
210,846
210,853
210,857
210,860
210,867
210,870
210,874
210,881
210,884
210,888
210,903
210,907
210,910
210,917
210,921
210,924
210,931
210,934
210,938
210,945
210,948
210,952
210,1025
210,1028
210,1031
210,1032
210,1035
210,1038
210,1045
210,1049
210,1052
210,1055
210,1056
210,1059
210,1062
210,1066
210,1073
210,1076
210,1079
210,1080
210,1083
210,1086
210,1093
210,1097
210,1100
210,1103
210,1117
210,1121
210,1124
210,1127
210,1128
210,1131
210,1134
210,1141
210,1145
210,1148
210,1157
210,1161
210,1164
210,1167
210,1181
210,1185
210,1188
210,1191
210,1192
210,1195
210,1198
210,1205
210,1209
210,1212
210,1229
210,1253
210,1257
210,1260
210,1283
210,1286
210,1290
210,1297
210,1300
210,1303
210,1304
210,1307
210,1310
210,1314
210,1328
210,1331
210,1334
210,1338
210,1351
210,1355
210,1358
210,1365
210,1369
210,1372
210,1379
210,1382
210,1386
210,1393
210,1396
210,1400
210,1415
210,1419
210,1422
210,1429
210,1433
210,1436
210,1443
210,1446
210,1450
210,1457
210,1460
210,1464
210,1539
210,1542
210,1546
210,1553
210,1556
210,1559
210,1560
210,1563
210,1566
210,1570
210,1584
210,1587
210,1590
210,1594
210,1607
210,1611
210,1614
210,1621
210,1625
210,1628
210,1635
210,1638
210,1642
210,1649
210,1652
210,1656
210,1671
210,1675
210,1678
210,1685
210,1689
210,1692
210,1699
210,1702
210,1706
210,1713
210,1716
210,1720
210,1811
210,1814
210,1818
210,1842
212,235
212,257
212,258
212,263
212,264
212,269
212,270
212,275
212,281
212,282
212,287
212,288
212,293
212,294
212,300
212,305
212,306
212,311
212,312
212,317
212,318
212,323
212,329
212,330
212,335
212,347
212,353
212,354
212,359
212,360
212,365
212,366
212,371
212,377
212,378
212,387
212,393
212,394
212,399
212,411
212,417
212,418
212,423
212,424
212,429
212,430
212,435
212,441
212,442
212,459
212,483
212,489
212,490
212,513
212,514
212,519
212,520
212,525
212,526
212,531
212,537
212,538
212,543
212,544
212,549
212,550
212,556
212,561
212,562
212,567
212,568
212,573
212,574
212,579
212,585
212,586
212,591
212,603
212,609
212,610
212,615
212,616
212,621
212,622
212,627
212,633
212,634
212,643
212,649
212,650
212,655
212,667
212,673
212,674
212,679
212,680
212,685
212,686
212,691
212,697
212,698
212,715
212,739
212,745
212,746
212,773
212,774
212,780
212,785
212,786
212,791
212,792
212,797
212,798
212,804
212,816
212,821
212,822
212,828
212,839
212,845
212,846
212,851
212,857
212,858
212,869
212,870
212,876
212,881
212,882
212,888
212,903
212,909
212,910
212,915
212,921
212,922
212,933
212,934
212,940
212,945
212,946
212,952
212,1025
212,1026
212,1031
212,1032
212,1037
212,1038
212,1043
212,1049
212,1050
212,1055
212,1056
212,1061
212,1062
212,1068
212,1073
212,1074
212,1079
212,1080
212,1085
212,1086
212,1091
212,1097
212,1098
212,1103
212,1115
212,1121
212,1122
212,1127
212,1128
212,1133
212,1134
212,1139
212,1145
212,1146
212,1155
212,1161
212,1162
212,1167
212,1179
212,1185
212,1186
212,1191
212,1192
212,1197
212,1198
212,1203
212,1209
212,1210
212,1227
212,1251
212,1257
212,1258
212,1285
212,1286
212,1292
212,1297
212,1298
212,1303
212,1304
212,1309
212,1310
212,1316
212,1328
212,1333
212,1334
212,1340
212,1351
212,1357
212,1358
212,1363
212,1369
212,1370
212,1381
212,1382
212,1388
212,1393
212,1394
212,1400
212,1415
212,1421
212,1422
212,1427
212,1433
212,1434
212,1445
212,1446
212,1452
212,1457
212,1458
212,1464
212,1541
212,1542
212,1548
212,1553
212,1554
212,1559
212,1560
212,1565
212,1566
212,1572
212,1584
212,1589
212,1590
212,1596
212,1607
212,1613
212,1614
212,1619
212,1625
212,1626
212,1637
212,1638
212,1644
212,1649
212,1650
212,1656
212,1671
212,1677
212,1678
212,1683
212,1689
212,1690
212,1701
212,1702
212,1708
212,1713
212,1714
212,1720
212,1813
212,1814
212,1820
212,1844
215,232
215,257
215,258
215,260
215,267
215,269
215,270
215,272
215,281
215,282
215,284
215,291
215,293
215,294
215,303
215,305
215,306
215,308
215,315
215,317
215,318
215,329
215,330
215,332
215,344
215,353
215,354
215,356
215,363
215,365
215,366
215,368
215,377
215,378
215,380
215,393
215,394
215,396
215,408
215,417
215,418
215,420
215,427
215,429
215,430
215,432
215,441
215,442
215,444
215,489
215,490
215,492
215,504
215,513
215,514
215,516
215,523
215,525
215,526
215,528
215,537
215,538
215,540
215,547
215,549
215,550
215,559
215,561
215,562
215,564
215,571
215,573
215,574
215,585
215,586
215,588
215,600
215,609
215,610
215,612
215,619
215,621
215,622
215,624
215,633
215,634
215,636
215,649
215,650
215,652
215,664
215,673
215,674
215,676
215,683
215,685
215,686
215,688
215,697
215,698
215,700
215,745
215,746
215,748
215,760
215,771
215,773
215,774
215,783
215,785
215,786
215,788
215,795
215,797
215,798
215,807
215,819
215,821
215,822
215,843
215,845
215,846
215,857
215,858
215,860
215,867
215,869
215,870
215,881
215,882
215,884
215,907
215,909
215,910
215,921
215,922
215,924
215,931
215,933
215,934
215,945
215,946
215,948
215,1025
215,1026
215,1028
215,1035
215,1037
215,1038
215,1040
215,1049
215,1050
215,1052
215,1059
215,1061
215,1062
215,1071
215,1073
215,1074
215,1076
215,1083
215,1085
215,1086
215,1097
215,1098
215,1100
215,1112
215,1121
215,1122
215,1124
215,1131
215,1133
215,1134
215,1136
215,1145
215,1146
215,1148
215,1161
215,1162
215,1164
215,1176
215,1185
215,1186
215,1188
215,1195
215,1197
215,1198
215,1200
215,1209
215,1210
215,1212
215,1257
215,1258
215,1260
215,1272
215,1283
215,1285
215,1286
215,1295
215,1297
215,1298
215,1300
215,1307
215,1309
215,1310
215,1319
215,1331
215,1333
215,1334
215,1355
215,1357
215,1358
215,1369
215,1370
215,1372
215,1379
215,1381
215,1382
215,1393
215,1394
215,1396
215,1419
215,1421
215,1422
215,1433
215,1434
215,1436
215,1443
215,1445
215,1446
215,1457
215,1458
215,1460
215,1539
215,1541
215,1542
215,1551
215,1553
215,1554
215,1556
215,1563
215,1565
215,1566
215,1575
215,1587
215,1589
215,1590
215,1611
215,1613
215,1614
215,1625
215,1626
215,1628
215,1635
215,1637
215,1638
215,1649
215,1650
215,1652
215,1675
215,1677
215,1678
215,1689
215,1690
215,1692
215,1699
215,1701
215,1702
215,1713
215,1714
215,1716
215,1799
215,1811
215,1813
215,1814
216,231
216,257
216,258
216,260
216,267
216,269
216,270
216,275
216,277
216,278
216,287
216,288
216,297
216,298
216,300
216,305
216,306
216,308
216,315
216,317
216,318
216,323
216,325
216,326
216,335
216,343
216,353
216,354
216,356
216,363
216,365
216,366
216,371
216,373
216,374
216,387
216,389
216,390
216,399
216,407
216,417
216,418
216,420
216,427
216,429
216,430
216,435
216,437
216,438
216,455
216,483
216,485
216,486
216,513
216,514
216,516
216,523
216,525
216,526
216,531
216,533
216,534
216,543
216,544
216,553
216,554
216,556
216,561
216,562
216,564
216,571
216,573
216,574
216,579
216,581
216,582
216,591
216,599
216,609
216,610
216,612
216,619
216,621
216,622
216,627
216,629
216,630
216,643
216,645
216,646
216,655
216,663
216,673
216,674
216,676
216,683
216,685
216,686
216,691
216,693
216,694
216,711
216,739
216,741
216,742
216,777
216,778
216,780
216,785
216,786
216,788
216,795
216,797
216,798
216,808
216,816
216,825
216,826
216,828
216,843
216,845
216,846
216,851
216,853
216,854
216,873
216,874
216,876
216,881
216,882
216,884
216,907
216,909
216,910
216,915
216,917
216,918
216,937
216,938
216,940
216,945
216,946
216,948
216,1025
216,1026
216,1028
216,1035
216,1037
216,1038
216,1043
216,1045
216,1046
216,1055
216,1056
216,1065
216,1066
216,1068
216,1073
216,1074
216,1076
216,1083
216,1085
216,1086
216,1091
216,1093
216,1094
216,1103
216,1111
216,1121
216,1122
216,1124
216,1131
216,1133
216,1134
216,1139
216,1141
216,1142
216,1155
216,1157
216,1158
216,1167
216,1175
216,1185
216,1186
216,1188
216,1195
216,1197
216,1198
216,1203
216,1205
216,1206
216,1223
216,1251
216,1253
216,1254
216,1289
216,1290
216,1292
216,1297
216,1298
216,1300
216,1307
216,1309
216,1310
216,1320
216,1328
216,1337
216,1338
216,1340
216,1355
216,1357
216,1358
216,1363
216,1365
216,1366
216,1385
216,1386
216,1388
216,1393
216,1394
216,1396
216,1419
216,1421
216,1422
216,1427
216,1429
216,1430
216,1449
216,1450
216,1452
216,1457
216,1458
216,1460
216,1545
216,1546
216,1548
216,1553
216,1554
216,1556
216,1563
216,1565
216,1566
216,1576
216,1584
216,1593
216,1594
216,1596
216,1611
216,1613
216,1614
216,1619
216,1621
216,1622
216,1641
216,1642
216,1644
216,1649
216,1650
216,1652
216,1675
216,1677
216,1678
216,1683
216,1685
216,1686
216,1705
216,1706
216,1708
216,1713
216,1714
216,1716
216,1817
216,1818
216,1820
216,1848
219,228
219,257
219,258
219,263
219,264
219,269
219,270
219,272
219,277
219,278
219,284
219,291
219,297
219,298
219,303
219,305
219,306
219,311
219,312
219,317
219,318
219,325
219,326
219,332
219,340
219,353
219,354
219,359
219,360
219,365
219,366
219,368
219,373
219,374
219,380
219,389
219,390
219,396
219,404
219,417
219,418
219,423
219,424
219,429
219,430
219,432
219,437
219,438
219,444
219,485
219,486
219,492
219,500
219,513
219,514
219,519
219,520
219,525
219,526
219,528
219,533
219,534
219,540
219,547
219,553
219,554
219,559
219,561
219,562
219,567
219,568
219,573
219,574
219,581
219,582
219,588
219,596
219,609
219,610
219,615
219,616
219,621
219,622
219,624
219,629
219,630
219,636
219,645
219,646
219,652
219,660
219,673
219,674
219,679
219,680
219,685
219,686
219,688
219,693
219,694
219,700
219,741
219,742
219,748
219,756
219,771
219,777
219,778
219,783
219,785
219,786
219,791
219,792
219,797
219,798
219,811
219,819
219,825
219,826
219,839
219,845
219,846
219,853
219,854
219,860
219,867
219,873
219,874
219,881
219,882
219,888
219,903
219,909
219,910
219,917
219,918
219,924
219,931
219,937
219,938
219,945
219,946
219,952
219,1025
219,1026
219,1031
219,1032
219,1037
219,1038
219,1040
219,1045
219,1046
219,1052
219,1059
219,1065
219,1066
219,1071
219,1073
219,1074
219,1079
219,1080
219,1085
219,1086
219,1093
219,1094
219,1100
219,1108
219,1121
219,1122
219,1127
219,1128
219,1133
219,1134
219,1136
219,1141
219,1142
219,1148
219,1157
219,1158
219,1164
219,1172
219,1185
219,1186
219,1191
219,1192
219,1197
219,1198
219,1200
219,1205
219,1206
219,1212
219,1253
219,1254
219,1260
219,1268
219,1283
219,1289
219,1290
219,1295
219,1297
219,1298
219,1303
219,1304
219,1309
219,1310
219,1323
219,1331
219,1337
219,1338
219,1351
219,1357
219,1358
219,1365
219,1366
219,1372
219,1379
219,1385
219,1386
219,1393
219,1394
219,1400
219,1415
219,1421
219,1422
219,1429
219,1430
219,1436
219,1443
219,1449
219,1450
219,1457
219,1458
219,1464
219,1539
219,1545
219,1546
219,1551
219,1553
219,1554
219,1559
219,1560
219,1565
219,1566
219,1579
219,1587
219,1593
219,1594
219,1607
219,1613
219,1614
219,1621
219,1622
219,1628
219,1635
219,1641
219,1642
219,1649
219,1650
219,1656
219,1671
219,1677
219,1678
219,1685
219,1686
219,1692
219,1699
219,1705
219,1706
219,1713
219,1714
219,1720
219,1803
219,1811
219,1817
219,1818
221,226
221,257
221,260
221,263
221,264
221,267
221,270
221,272
221,275
221,278
221,282
221,293
221,297
221,300
221,303
221,305
221,308
221,311
221,312
221,315
221,318
221,323
221,326
221,330
221,338
221,353
221,356
221,359
221,360
221,363
221,366
221,368
221,371
221,374
221,378
221,387
221,390
221,394
221,402
221,417
221,420
221,423
221,424
221,427
221,430
221,432
221,435
221,438
221,442
221,483
221,486
221,490
221,498
221,513
221,516
221,519
221,520
221,523
221,526
221,528
221,531
221,534
221,538
221,549
221,553
221,556
221,559
221,561
221,564
221,567
221,568
221,571
221,574
221,579
221,582
221,586
221,594
221,609
221,612
221,615
221,616
221,619
221,622
221,624
221,627
221,630
221,634
221,643
221,646
221,650
221,658
221,673
221,676
221,679
221,680
221,683
221,686
221,688
221,691
221,694
221,698
221,739
221,742
221,746
221,754
221,773
221,777
221,780
221,783
221,785
221,788
221,791
221,792
221,795
221,798
221,813
221,821
221,825
221,828
221,839
221,843
221,846
221,851
221,854
221,858
221,869
221,873
221,876
221,881
221,884
221,888
221,903
221,907
221,910
221,915
221,918
221,922
221,933
221,937
221,940
221,945
221,948
221,952
221,1025
221,1028
221,1031
221,1032
221,1035
221,1038
221,1040
221,1043
221,1046
221,1050
221,1061
221,1065
221,1068
221,1071
221,1073
221,1076
221,1079
221,1080
221,1083
221,1086
221,1091
221,1094
221,1098
221,1106
221,1121
221,1124
221,1127
221,1128
221,1131
221,1134
221,1136
221,1139
221,1142
221,1146
221,1155
221,1158
221,1162
221,1170
221,1185
221,1188
221,1191
221,1192
221,1195
221,1198
221,1200
221,1203
221,1206
221,1210
221,1251
221,1254
221,1258
221,1266
221,1285
221,1289
221,1292
221,1295
221,1297
221,1300
221,1303
221,1304
221,1307
221,1310
221,1325
221,1333
221,1337
221,1340
221,1351
221,1355
221,1358
221,1363
221,1366
221,1370
221,1381
221,1385
221,1388
221,1393
221,1396
221,1400
221,1415
221,1419
221,1422
221,1427
221,1430
221,1434
221,1445
221,1449
221,1452
221,1457
221,1460
221,1464
221,1541
221,1545
221,1548
221,1551
221,1553
221,1556
221,1559
221,1560
221,1563
221,1566
221,1581
221,1589
221,1593
221,1596
221,1607
221,1611
221,1614
221,1619
221,1622
221,1626
221,1637
221,1641
221,1644
221,1649
221,1652
221,1656
221,1671
221,1675
221,1678
221,1683
221,1686
221,1690
221,1701
221,1705
221,1708
221,1713
221,1716
221,1720
221,1805
221,1813
221,1817
221,1820
222,225
222,258
222,260
222,263
222,264
222,267
222,269
222,272
222,275
222,277
222,281
222,294
222,298
222,300
222,303
222,306
222,308
222,311
222,312
222,315
222,317
222,323
222,325
222,329
222,337
222,354
222,356
222,359
222,360
222,363
222,365
222,368
222,371
222,373
222,377
222,387
222,389
222,393
222,401
222,418
222,420
222,423
222,424
222,427
222,429
222,432
222,435
222,437
222,441
222,483
222,485
222,489
222,497
222,514
222,516
222,519
222,520
222,523
222,525
222,528
222,531
222,533
222,537
222,550
222,554
222,556
222,559
222,562
222,564
222,567
222,568
222,571
222,573
222,579
222,581
222,585
222,593
222,610
222,612
222,615
222,616
222,619
222,621
222,624
222,627
222,629
222,633
222,643
222,645
222,649
222,657
222,674
222,676
222,679
222,680
222,683
222,685
222,688
222,691
222,693
222,697
222,739
222,741
222,745
222,753
222,774
222,778
222,780
222,783
222,786
222,788
222,791
222,792
222,795
222,797
222,814
222,822
222,826
222,828
222,839
222,843
222,845
222,851
222,853
222,857
222,870
222,874
222,876
222,882
222,884
222,888
222,903
222,907
222,909
222,915
222,917
222,921
222,934
222,938
222,940
222,946
222,948
222,952
222,1026
222,1028
222,1031
222,1032
222,1035
222,1037
222,1040
222,1043
222,1045
222,1049
222,1062
222,1066
222,1068
222,1071
222,1074
222,1076
222,1079
222,1080
222,1083
222,1085
222,1091
222,1093
222,1097
222,1105
222,1122
222,1124
222,1127
222,1128
222,1131
222,1133
222,1136
222,1139
222,1141
222,1145
222,1155
222,1157
222,1161
222,1169
222,1186
222,1188
222,1191
222,1192
222,1195
222,1197
222,1200
222,1203
222,1205
222,1209
222,1251
222,1253
222,1257
222,1265
222,1286
222,1290
222,1292
222,1295
222,1298
222,1300
222,1303
222,1304
222,1307
222,1309
222,1326
222,1334
222,1338
222,1340
222,1351
222,1355
222,1357
222,1363
222,1365
222,1369
222,1382
222,1386
222,1388
222,1394
222,1396
222,1400
222,1415
222,1419
222,1421
222,1427
222,1429
222,1433
222,1446
222,1450
222,1452
222,1458
222,1460
222,1464
222,1542
222,1546
222,1548
222,1551
222,1554
222,1556
222,1559
222,1560
222,1563
222,1565
222,1582
222,1590
222,1594
222,1596
222,1607
222,1611
222,1613
222,1619
222,1621
222,1625
222,1638
222,1642
222,1644
222,1650
222,1652
222,1656
222,1671
222,1675
222,1677
222,1683
222,1685
222,1689
222,1702
222,1706
222,1708
222,1714
222,1716
222,1720
222,1806
222,1814
222,1818
222,1820
225,258
225,260
225,263
225,264
225,267
225,269
225,272
225,275
225,277
225,281
225,294
225,298
225,300
225,303
225,306
225,308
225,311
225,312
225,315
225,317
225,326
225,330
225,332
225,335
225,338
225,340
225,343
225,344
225,347
225,349
225,366
225,374
225,378
225,380
225,390
225,394
225,396
225,399
225,402
225,404
225,407
225,408
225,411
225,413
225,430
225,438
225,442
225,444
225,462
225,470
225,474
225,476
225,514
225,516
225,519
225,520
225,523
225,525
225,528
225,531
225,533
225,537
225,550
225,554
225,556
225,559
225,562
225,564
225,567
225,568
225,571
225,573
225,582
225,586
225,588
225,591
225,594
225,596
225,599
225,600
225,603
225,605
225,622
225,630
225,634
225,636
225,646
225,650
225,652
225,655
225,658
225,660
225,663
225,664
225,667
225,669
225,686
225,694
225,698
225,700
225,718
225,726
225,730
225,732
225,771
225,773
225,777
225,785
225,802
225,804
225,807
225,808
225,811
225,813
225,816
225,819
225,821
225,825
225,839
225,843
225,845
225,851
225,853
225,857
225,870
225,874
225,876
225,882
225,884
225,888
225,903
225,907
225,909
225,915
225,917
225,921
225,934
225,938
225,940
225,946
225,948
225,952
225,1026
225,1028
225,1031
225,1032
225,1035
225,1037
225,1040
225,1043
225,1045
225,1049
225,1062
225,1066
225,1068
225,1071
225,1074
225,1076
225,1079
225,1080
225,1083
225,1085
225,1094
225,1098
225,1100
225,1103
225,1106
225,1108
225,1111
225,1112
225,1115
225,1117
225,1134
225,1142
225,1146
225,1148
225,1158
225,1162
225,1164
225,1167
225,1170
225,1172
225,1175
225,1176
225,1179
225,1181
225,1198
225,1206
225,1210
225,1212
225,1230
225,1238
225,1242
225,1244
225,1283
225,1285
225,1289
225,1297
225,1314
225,1316
225,1319
225,1320
225,1323
225,1325
225,1328
225,1331
225,1333
225,1337
225,1351
225,1355
225,1357
225,1363
225,1365
225,1369
225,1382
225,1386
225,1388
225,1394
225,1396
225,1400
225,1415
225,1419
225,1421
225,1427
225,1429
225,1433
225,1446
225,1450
225,1452
225,1458
225,1460
225,1464
225,1539
225,1541
225,1545
225,1553
225,1570
225,1572
225,1575
225,1576
225,1579
225,1581
225,1584
225,1587
225,1589
225,1593
225,1607
225,1611
225,1613
225,1619
225,1621
225,1625
225,1638
225,1642
225,1644
225,1650
225,1652
225,1656
225,1671
225,1675
225,1677
225,1683
225,1685
225,1689
225,1702
225,1706
225,1708
225,1714
225,1716
225,1720
225,1827
225,1829
225,1833
225,1841
226,257
226,260
226,263
226,264
226,267
226,270
226,272
226,275
226,278
226,282
226,293
226,297
226,300
226,303
226,305
226,308
226,311
226,312
226,315
226,318
226,325
226,329
226,332
226,335
226,337
226,340
226,343
226,344
226,347
226,350
226,365
226,373
226,377
226,380
226,389
226,393
226,396
226,399
226,401
226,404
226,407
226,408
226,411
226,414
226,429
226,437
226,441
226,444
226,461
226,469
226,473
226,476
226,513
226,516
226,519
226,520
226,523
226,526
226,528
226,531
226,534
226,538
226,549
226,553
226,556
226,559
226,561
226,564
226,567
226,568
226,571
226,574
226,581
226,585
226,588
226,591
226,593
226,596
226,599
226,600
226,603
226,606
226,621
226,629
226,633
226,636
226,645
226,649
226,652
226,655
226,657
226,660
226,663
226,664
226,667
226,670
226,685
226,693
226,697
226,700
226,717
226,725
226,729
226,732
226,771
226,774
226,778
226,786
226,801
226,804
226,807
226,808
226,811
226,814
226,816
226,819
226,822
226,826
226,839
226,843
226,846
226,851
226,854
226,858
226,869
226,873
226,876
226,881
226,884
226,888
226,903
226,907
226,910
226,915
226,918
226,922
226,933
226,937
226,940
226,945
226,948
226,952
226,1025
226,1028
226,1031
226,1032
226,1035
226,1038
226,1040
226,1043
226,1046
226,1050
226,1061
226,1065
226,1068
226,1071
226,1073
226,1076
226,1079
226,1080
226,1083
226,1086
226,1093
226,1097
226,1100
226,1103
226,1105
226,1108
226,1111
226,1112
226,1115
226,1118
226,1133
226,1141
226,1145
226,1148
226,1157
226,1161
226,1164
226,1167
226,1169
226,1172
226,1175
226,1176
226,1179
226,1182
226,1197
226,1205
226,1209
226,1212
226,1229
226,1237
226,1241
226,1244
226,1283
226,1286
226,1290
226,1298
226,1313
226,1316
226,1319
226,1320
226,1323
226,1326
226,1328
226,1331
226,1334
226,1338
226,1351
226,1355
226,1358
226,1363
226,1366
226,1370
226,1381
226,1385
226,1388
226,1393
226,1396
226,1400
226,1415
226,1419
226,1422
226,1427
226,1430
226,1434
226,1445
226,1449
226,1452
226,1457
226,1460
226,1464
226,1539
226,1542
226,1546
226,1554
226,1569
226,1572
226,1575
226,1576
226,1579
226,1582
226,1584
226,1587
226,1590
226,1594
226,1607
226,1611
226,1614
226,1619
226,1622
226,1626
226,1637
226,1641
226,1644
226,1649
226,1652
226,1656
226,1671
226,1675
226,1678
226,1683
226,1686
226,1690
226,1701
226,1705
226,1708
226,1713
226,1716
226,1720
226,1827
226,1830
226,1834
226,1842
228,257
228,258
228,263
228,264
228,269
228,270
228,272
228,277
228,278
228,284
228,291
228,297
228,298
228,303
228,305
228,306
228,311
228,312
228,317
228,318
228,323
228,329
228,330
228,335
228,337
228,338
228,343
228,344
228,349
228,350
228,363
228,371
228,377
228,378
228,387
228,393
228,394
228,399
228,401
228,402
228,407
228,408
228,413
228,414
228,427
228,435
228,441
228,442
228,459
228,467
228,473
228,474
228,513
228,514
228,519
228,520
228,525
228,526
228,528
228,533
228,534
228,540
228,547
228,553
228,554
228,559
228,561
228,562
228,567
228,568
228,573
228,574
228,579
228,585
228,586
228,591
228,593
228,594
228,599
228,600
228,605
228,606
228,619
228,627
228,633
228,634
228,643
228,649
228,650
228,655
228,657
228,658
228,663
228,664
228,669
228,670
228,683
228,691
228,697
228,698
228,715
228,723
228,729
228,730
228,773
228,774
228,780
228,788
228,801
228,802
228,807
228,808
228,813
228,814
228,816
228,821
228,822
228,828
228,839
228,845
228,846
228,853
228,854
228,860
228,867
228,873
228,874
228,881
228,882
228,888
228,903
228,909
228,910
228,917
228,918
228,924
228,931
228,937
228,938
228,945
228,946
228,952
228,1025
228,1026
228,1031
228,1032
228,1037
228,1038
228,1040
228,1045
228,1046
228,1052
228,1059
228,1065
228,1066
228,1071
228,1073
228,1074
228,1079
228,1080
228,1085
228,1086
228,1091
228,1097
228,1098
228,1103
228,1105
228,1106
228,1111
228,1112
228,1117
228,1118
228,1131
228,1139
228,1145
228,1146
228,1155
228,1161
228,1162
228,1167
228,1169
228,1170
228,1175
228,1176
228,1181
228,1182
228,1195
228,1203
228,1209
228,1210
228,1227
228,1235
228,1241
228,1242
228,1285
228,1286
228,1292
228,1300
228,1313
228,1314
228,1319
228,1320
228,1325
228,1326
228,1328
228,1333
228,1334
228,1340
228,1351
228,1357
228,1358
228,1365
228,1366
228,1372
228,1379
228,1385
228,1386
228,1393
228,1394
228,1400
228,1415
228,1421
228,1422
228,1429
228,1430
228,1436
228,1443
228,1449
228,1450
228,1457
228,1458
228,1464
228,1541
228,1542
228,1548
228,1556
228,1569
228,1570
228,1575
228,1576
228,1581
228,1582
228,1584
228,1589
228,1590
228,1596
228,1607
228,1613
228,1614
228,1621
228,1622
228,1628
228,1635
228,1641
228,1642
228,1649
228,1650
228,1656
228,1671
228,1677
228,1678
228,1685
228,1686
228,1692
228,1699
228,1705
228,1706
228,1713
228,1714
228,1720
228,1829
228,1830
228,1836
228,1844
231,257
231,258
231,260
231,267
231,269
231,270
231,275
231,277
231,278
231,287
231,288
231,297
231,298
231,300
231,305
231,306
231,308
231,315
231,317
231,318
231,329
231,330
231,332
231,337
231,338
231,340
231,347
231,349
231,350
231,360
231,368
231,377
231,378
231,380
231,393
231,394
231,396
231,401
231,402
231,404
231,411
231,413
231,414
231,424
231,432
231,441
231,442
231,444
231,473
231,474
231,476
231,504
231,513
231,514
231,516
231,523
231,525
231,526
231,531
231,533
231,534
231,543
231,544
231,553
231,554
231,556
231,561
231,562
231,564
231,571
231,573
231,574
231,585
231,586
231,588
231,593
231,594
231,596
231,603
231,605
231,606
231,616
231,624
231,633
231,634
231,636
231,649
231,650
231,652
231,657
231,658
231,660
231,667
231,669
231,670
231,680
231,688
231,697
231,698
231,700
231,729
231,730
231,732
231,760
231,771
231,773
231,774
231,783
231,791
231,801
231,802
231,804
231,811
231,813
231,814
231,819
231,821
231,822
231,843
231,845
231,846
231,851
231,853
231,854
231,873
231,874
231,876
231,881
231,882
231,884
231,907
231,909
231,910
231,915
231,917
231,918
231,937
231,938
231,940
231,945
231,946
231,948
231,1025
231,1026
231,1028
231,1035
231,1037
231,1038
231,1043
231,1045
231,1046
231,1055
231,1056
231,1065
231,1066
231,1068
231,1073
231,1074
231,1076
231,1083
231,1085
231,1086
231,1097
231,1098
231,1100
231,1105
231,1106
231,1108
231,1115
231,1117
231,1118
231,1128
231,1136
231,1145
231,1146
231,1148
231,1161
231,1162
231,1164
231,1169
231,1170
231,1172
231,1179
231,1181
231,1182
231,1192
231,1200
231,1209
231,1210
231,1212
231,1241
231,1242
231,1244
231,1272
231,1283
231,1285
231,1286
231,1295
231,1303
231,1313
231,1314
231,1316
231,1323
231,1325
231,1326
231,1331
231,1333
231,1334
231,1355
231,1357
231,1358
231,1363
231,1365
231,1366
231,1385
231,1386
231,1388
231,1393
231,1394
231,1396
231,1419
231,1421
231,1422
231,1427
231,1429
231,1430
231,1449
231,1450
231,1452
231,1457
231,1458
231,1460
231,1539
231,1541
231,1542
231,1551
231,1559
231,1569
231,1570
231,1572
231,1579
231,1581
231,1582
231,1587
231,1589
231,1590
231,1611
231,1613
231,1614
231,1619
231,1621
231,1622
231,1641
231,1642
231,1644
231,1649
231,1650
231,1652
231,1675
231,1677
231,1678
231,1683
231,1685
231,1686
231,1705
231,1706
231,1708
231,1713
231,1714
231,1716
231,1799
231,1827
231,1829
231,1830
232,257
232,258
232,260
232,267
232,269
232,270
232,272
232,281
232,282
232,284
232,291
232,293
232,294
232,303
232,305
232,306
232,308
232,315
232,317
232,318
232,323
232,325
232,326
232,335
232,337
232,338
232,340
232,347
232,349
232,350
232,359
232,371
232,373
232,374
232,387
232,389
232,390
232,399
232,401
232,402
232,404
232,411
232,413
232,414
232,423
232,435
232,437
232,438
232,455
232,467
232,469
232,470
232,513
232,514
232,516
232,523
232,525
232,526
232,528
232,537
232,538
232,540
232,547
232,549
232,550
232,559
232,561
232,562
232,564
232,571
232,573
232,574
232,579
232,581
232,582
232,591
232,593
232,594
232,596
232,603
232,605
232,606
232,615
232,627
232,629
232,630
232,643
232,645
232,646
232,655
232,657
232,658
232,660
232,667
232,669
232,670
232,679
232,691
232,693
232,694
232,711
232,723
232,725
232,726
232,777
232,778
232,780
232,792
232,801
232,802
232,804
232,811
232,813
232,814
232,816
232,825
232,826
232,828
232,843
232,845
232,846
232,857
232,858
232,860
232,867
232,869
232,870
232,881
232,882
232,884
232,907
232,909
232,910
232,921
232,922
232,924
232,931
232,933
232,934
232,945
232,946
232,948
232,1025
232,1026
232,1028
232,1035
232,1037
232,1038
232,1040
232,1049
232,1050
232,1052
232,1059
232,1061
232,1062
232,1071
232,1073
232,1074
232,1076
232,1083
232,1085
232,1086
232,1091
232,1093
232,1094
232,1103
232,1105
232,1106
232,1108
232,1115
232,1117
232,1118
232,1127
232,1139
232,1141
232,1142
232,1155
232,1157
232,1158
232,1167
232,1169
232,1170
232,1172
232,1179
232,1181
232,1182
232,1191
232,1203
232,1205
232,1206
232,1223
232,1235
232,1237
232,1238
232,1289
232,1290
232,1292
232,1304
232,1313
232,1314
232,1316
232,1323
232,1325
232,1326
232,1328
232,1337
232,1338
232,1340
232,1355
232,1357
232,1358
232,1369
232,1370
232,1372
232,1379
232,1381
232,1382
232,1393
232,1394
232,1396
232,1419
232,1421
232,1422
232,1433
232,1434
232,1436
232,1443
232,1445
232,1446
232,1457
232,1458
232,1460
232,1545
232,1546
232,1548
232,1560
232,1569
232,1570
232,1572
232,1579
232,1581
232,1582
232,1584
232,1593
232,1594
232,1596
232,1611
232,1613
232,1614
232,1625
232,1626
232,1628
232,1635
232,1637
232,1638
232,1649
232,1650
232,1652
232,1675
232,1677
232,1678
232,1689
232,1690
232,1692
232,1699
232,1701
232,1702
232,1713
232,1714
232,1716
232,1833
232,1834
232,1836
232,1848
235,257
235,258
235,263
235,264
235,269
235,270
235,275
235,281
235,282
235,287
235,288
235,293
235,294
235,300
235,305
235,306
235,311
235,312
235,317
235,318
235,325
235,326
235,332
235,337
235,338
235,343
235,344
235,349
235,350
235,356
235,368
235,373
235,374
235,380
235,389
235,390
235,396
235,401
235,402
235,407
235,408
235,413
235,414
235,420
235,432
235,437
235,438
235,444
235,469
235,470
235,476
235,500
235,513
235,514
235,519
235,520
235,525
235,526
235,531
235,537
235,538
235,543
235,544
235,549
235,550
235,556
235,561
235,562
235,567
235,568
235,573
235,574
235,581
235,582
235,588
235,593
235,594
235,599
235,600
235,605
235,606
235,612
235,624
235,629
235,630
235,636
235,645
235,646
235,652
235,657
235,658
235,663
235,664
235,669
235,670
235,676
235,688
235,693
235,694
235,700
235,725
235,726
235,732
235,756
235,771
235,777
235,778
235,783
235,795
235,801
235,802
235,807
235,808
235,813
235,814
235,819
235,825
235,826
235,839
235,845
235,846
235,851
235,857
235,858
235,869
235,870
235,876
235,881
235,882
235,888
235,903
235,909
235,910
235,915
235,921
235,922
235,933
235,934
235,940
235,945
235,946
235,952
235,1025
235,1026
235,1031
235,1032
235,1037
235,1038
235,1043
235,1049
235,1050
235,1055
235,1056
235,1061
235,1062
235,1068
235,1073
235,1074
235,1079
235,1080
235,1085
235,1086
235,1093
235,1094
235,1100
235,1105
235,1106
235,1111
235,1112
235,1117
235,1118
235,1124
235,1136
235,1141
235,1142
235,1148
235,1157
235,1158
235,1164
235,1169
235,1170
235,1175
235,1176
235,1181
235,1182
235,1188
235,1200
235,1205
235,1206
235,1212
235,1237
235,1238
235,1244
235,1268
235,1283
235,1289
235,1290
235,1295
235,1307
235,1313
235,1314
235,1319
235,1320
235,1325
235,1326
235,1331
235,1337
235,1338
235,1351
235,1357
235,1358
235,1363
235,1369
235,1370
235,1381
235,1382
235,1388
235,1393
235,1394
235,1400
235,1415
235,1421
235,1422
235,1427
235,1433
235,1434
235,1445
235,1446
235,1452
235,1457
235,1458
235,1464
235,1539
235,1545
235,1546
235,1551
235,1563
235,1569
235,1570
235,1575
235,1576
235,1581
235,1582
235,1587
235,1593
235,1594
235,1607
235,1613
235,1614
235,1619
235,1625
235,1626
235,1637
235,1638
235,1644
235,1649
235,1650
235,1656
235,1671
235,1677
235,1678
235,1683
235,1689
235,1690
235,1701
235,1702
235,1708
235,1713
235,1714
235,1720
235,1803
235,1827
235,1833
235,1834
237,257
237,260
237,263
237,264
237,267
237,270
237,277
237,281
237,284
237,287
237,288
237,291
237,294
237,298
237,305
237,308
237,311
237,312
237,315
237,318
237,323
237,326
237,330
237,337
237,340
237,343
237,344
237,347
237,350
237,354
237,368
237,371
237,374
237,378
237,387
237,390
237,394
237,401
237,404
237,407
237,408
237,411
237,414
237,418
237,432
237,435
237,438
237,442
237,467
237,470
237,474
237,498
237,513
237,516
237,519
237,520
237,523
237,526
237,533
237,537
237,540
237,543
237,544
237,547
237,550
237,554
237,561
237,564
237,567
237,568
237,571
237,574
237,579
237,582
237,586
237,593
237,596
237,599
237,600
237,603
237,606
237,610
237,624
237,627
237,630
237,634
237,643
237,646
237,650
237,657
237,660
237,663
237,664
237,667
237,670
237,674
237,688
237,691
237,694
237,698
237,723
237,726
237,730
237,754
237,773
237,777
237,780
237,783
237,797
237,801
237,804
237,807
237,808
237,811
237,814
237,821
237,825
237,828
237,839
237,843
237,846
237,853
237,857
237,860
237,867
237,870
237,874
237,881
237,884
237,888
237,903
237,907
237,910
237,917
237,921
237,924
237,931
237,934
237,938
237,945
237,948
237,952
237,1025
237,1028
237,1031
237,1032
237,1035
237,1038
237,1045
237,1049
237,1052
237,1055
237,1056
237,1059
237,1062
237,1066
237,1073
237,1076
237,1079
237,1080
237,1083
237,1086
237,1091
237,1094
237,1098
237,1105
237,1108
237,1111
237,1112
237,1115
237,1118
237,1122
237,1136
237,1139
237,1142
237,1146
237,1155
237,1158
237,1162
237,1169
237,1172
237,1175
237,1176
237,1179
237,1182
237,1186
237,1200
237,1203
237,1206
237,1210
237,1235
237,1238
237,1242
237,1266
237,1285
237,1289
237,1292
237,1295
237,1309
237,1313
237,1316
237,1319
237,1320
237,1323
237,1326
237,1333
237,1337
237,1340
237,1351
237,1355
237,1358
237,1365
237,1369
237,1372
237,1379
237,1382
237,1386
237,1393
237,1396
237,1400
237,1415
237,1419
237,1422
237,1429
237,1433
237,1436
237,1443
237,1446
237,1450
237,1457
237,1460
237,1464
237,1541
237,1545
237,1548
237,1551
237,1565
237,1569
237,1572
237,1575
237,1576
237,1579
237,1582
237,1589
237,1593
237,1596
237,1607
237,1611
237,1614
237,1621
237,1625
237,1628
237,1635
237,1638
237,1642
237,1649
237,1652
237,1656
237,1671
237,1675
237,1678
237,1685
237,1689
237,1692
237,1699
237,1702
237,1706
237,1713
237,1716
237,1720
237,1805
237,1829
237,1833
237,1836
238,258
238,260
238,263
238,264
238,267
238,269
238,278
238,282
238,284
238,287
238,288
238,291
238,293
238,297
238,306
238,308
238,311
238,312
238,315
238,317
238,323
238,325
238,329
238,338
238,340
238,343
238,344
238,347
238,349
238,353
238,368
238,371
238,373
238,377
238,387
238,389
238,393
238,402
238,404
238,407
238,408
238,411
238,413
238,417
238,432
238,435
238,437
238,441
238,467
238,469
238,473
238,497
238,514
238,516
238,519
238,520
238,523
238,525
238,534
238,538
238,540
238,543
238,544
238,547
238,549
238,553
238,562
238,564
238,567
238,568
238,571
238,573
238,579
238,581
238,585
238,594
238,596
238,599
238,600
238,603
238,605
238,609
238,624
238,627
238,629
238,633
238,643
238,645
238,649
238,658
238,660
238,663
238,664
238,667
238,669
238,673
238,688
238,691
238,693
238,697
238,723
238,725
238,729
238,753
238,774
238,778
238,780
238,783
238,798
238,802
238,804
238,807
238,808
238,811
238,813
238,822
238,826
238,828
238,839
238,843
238,845
238,854
238,858
238,860
238,867
238,869
238,873
238,882
238,884
238,888
238,903
238,907
238,909
238,918
238,922
238,924
238,931
238,933
238,937
238,946
238,948
238,952
238,1026
238,1028
238,1031
238,1032
238,1035
238,1037
238,1046
238,1050
238,1052
238,1055
238,1056
238,1059
238,1061
238,1065
238,1074
238,1076
238,1079
238,1080
238,1083
238,1085
238,1091
238,1093
238,1097
238,1106
238,1108
238,1111
238,1112
238,1115
238,1117
238,1121
238,1136
238,1139
238,1141
238,1145
238,1155
238,1157
238,1161
238,1170
238,1172
238,1175
238,1176
238,1179
238,1181
238,1185
238,1200
238,1203
238,1205
238,1209
238,1235
238,1237
238,1241
238,1265
238,1286
238,1290
238,1292
238,1295
238,1310
238,1314
238,1316
238,1319
238,1320
238,1323
238,1325
238,1334
238,1338
238,1340
238,1351
238,1355
238,1357
238,1366
238,1370
238,1372
238,1379
238,1381
238,1385
238,1394
238,1396
238,1400
238,1415
238,1419
238,1421
238,1430
238,1434
238,1436
238,1443
238,1445
238,1449
238,1458
238,1460
238,1464
238,1542
238,1546
238,1548
238,1551
238,1566
238,1570
238,1572
238,1575
238,1576
238,1579
238,1581
238,1590
238,1594
238,1596
238,1607
238,1611
238,1613
238,1622
238,1626
238,1628
238,1635
238,1637
238,1641
238,1650
238,1652
238,1656
238,1671
238,1675
238,1677
238,1686
238,1690
238,1692
238,1699
238,1701
238,1705
238,1714
238,1716
238,1720
238,1806
238,1830
238,1834
238,1836
240,257
240,258
240,260
240,264
240,275
240,277
240,278
240,281
240,282
240,284
240,291
240,293
240,294
240,297
240,298
240,300
240,311
240,315
240,317
240,318
240,323
240,325
240,326
240,329
240,330
240,332
240,343
240,347
240,349
240,350
240,359
240,363
240,365
240,366
240,387
240,389
240,390
240,393
240,394
240,396
240,407
240,411
240,413
240,414
240,423
240,427
240,429
240,430
240,455
240,459
240,461
240,462
240,513
240,514
240,516
240,520
240,531
240,533
240,534
240,537
240,538
240,540
240,547
240,549
240,550
240,553
240,554
240,556
240,567
240,571
240,573
240,574
240,579
240,581
240,582
240,585
240,586
240,588
240,599
240,603
240,605
240,606
240,615
240,619
240,621
240,622
240,643
240,645
240,646
240,649
240,650
240,652
240,663
240,667
240,669
240,670
240,679
240,683
240,685
240,686
240,711
240,715
240,717
240,718
240,785
240,786
240,788
240,792
240,801
240,802
240,804
240,808
240,819
240,821
240,822
240,825
240,826
240,828
240,851
240,853
240,854
240,857
240,858
240,860
240,867
240,869
240,870
240,873
240,874
240,876
240,915
240,917
240,918
240,921
240,922
240,924
240,931
240,933
240,934
240,937
240,938
240,940
240,1025
240,1026
240,1028
240,1032
240,1043
240,1045
240,1046
240,1049
240,1050
240,1052
240,1059
240,1061
240,1062
240,1065
240,1066
240,1068
240,1079
240,1083
240,1085
240,1086
240,1091
240,1093
240,1094
240,1097
240,1098
240,1100
240,1111
240,1115
240,1117
240,1118
240,1127
240,1131
240,1133
240,1134
240,1155
240,1157
240,1158
240,1161
240,1162
240,1164
240,1175
240,1179
240,1181
240,1182
240,1191
240,1195
240,1197
240,1198
240,1223
240,1227
240,1229
240,1230
240,1297
240,1298
240,1300
240,1304
240,1313
240,1314
240,1316
240,1320
240,1331
240,1333
240,1334
240,1337
240,1338
240,1340
240,1363
240,1365
240,1366
240,1369
240,1370
240,1372
240,1379
240,1381
240,1382
240,1385
240,1386
240,1388
240,1427
240,1429
240,1430
240,1433
240,1434
240,1436
240,1443
240,1445
240,1446
240,1449
240,1450
240,1452
240,1553
240,1554
240,1556
240,1560
240,1569
240,1570
240,1572
240,1576
240,1587
240,1589
240,1590
240,1593
240,1594
240,1596
240,1619
240,1621
240,1622
240,1625
240,1626
240,1628
240,1635
240,1637
240,1638
240,1641
240,1642
240,1644
240,1683
240,1685
240,1686
240,1689
240,1690
240,1692
240,1699
240,1701
240,1702
240,1705
240,1706
240,1708
240,1841
240,1842
240,1844
240,1848
243,257
243,258
243,263
243,267
243,272
243,277
243,278
243,281
243,282
243,287
243,288
243,293
243,294
243,297
243,298
243,303
243,308
243,312
243,317
243,318
243,325
243,326
243,329
243,330
243,335
243,340
243,344
243,349
243,350
243,356
243,360
243,365
243,366
243,380
243,389
243,390
243,393
243,394
243,399
243,404
243,408
243,413
243,414
243,420
243,424
243,429
243,430
243,444
243,461
243,462
243,476
243,492
243,513
243,514
243,519
243,523
243,528
243,533
243,534
243,537
243,538
243,543
243,544
243,549
243,550
243,553
243,554
243,559
243,564
243,568
243,573
243,574
243,581
243,582
243,585
243,586
243,591
243,596
243,600
243,605
243,606
243,612
243,616
243,621
243,622
243,636
243,645
243,646
243,649
243,650
243,655
243,660
243,664
243,669
243,670
243,676
243,680
243,685
243,686
243,700
243,717
243,718
243,732
243,748
243,771
243,785
243,786
243,791
243,795
243,801
243,802
243,807
243,811
243,816
243,821
243,822
243,825
243,826
243,839
243,843
243,853
243,854
243,857
243,858
243,869
243,870
243,873
243,874
243,884
243,888
243,903
243,907
243,917
243,918
243,921
243,922
243,933
243,934
243,937
243,938
243,948
243,952
243,1025
243,1026
243,1031
243,1035
243,1040
243,1045
243,1046
243,1049
243,1050
243,1055
243,1056
243,1061
243,1062
243,1065
243,1066
243,1071
243,1076
243,1080
243,1085
243,1086
243,1093
243,1094
243,1097
243,1098
243,1103
243,1108
243,1112
243,1117
243,1118
243,1124
243,1128
243,1133
243,1134
243,1148
243,1157
243,1158
243,1161
243,1162
243,1167
243,1172
243,1176
243,1181
243,1182
243,1188
243,1192
243,1197
243,1198
243,1212
243,1229
243,1230
243,1244
243,1260
243,1283
243,1297
243,1298
243,1303
243,1307
243,1313
243,1314
243,1319
243,1323
243,1328
243,1333
243,1334
243,1337
243,1338
243,1351
243,1355
243,1365
243,1366
243,1369
243,1370
243,1381
243,1382
243,1385
243,1386
243,1396
243,1400
243,1415
243,1419
243,1429
243,1430
243,1433
243,1434
243,1445
243,1446
243,1449
243,1450
243,1460
243,1464
243,1539
243,1553
243,1554
243,1559
243,1563
243,1569
243,1570
243,1575
243,1579
243,1584
243,1589
243,1590
243,1593
243,1594
243,1607
243,1611
243,1621
243,1622
243,1625
243,1626
243,1637
243,1638
243,1641
243,1642
243,1652
243,1656
243,1671
243,1675
243,1685
243,1686
243,1689
243,1690
243,1701
243,1702
243,1705
243,1706
243,1716
243,1720
243,1811
243,1827
243,1841
243,1842
245,257
245,260
245,263
245,269
245,272
245,275
245,278
245,281
245,284
245,287
245,288
245,291
245,294
245,297
245,300
245,303
245,306
245,312
245,315
245,318
245,323
245,326
245,329
245,332
245,335
245,338
245,344
245,347
245,350
245,354
245,360
245,363
245,366
245,378
245,387
245,390
245,393
245,396
245,399
245,402
245,408
245,411
245,414
245,418
245,424
245,427
245,430
245,442
245,459
245,462
245,474
245,490
245,513
245,516
245,519
245,525
245,528
245,531
245,534
245,537
245,540
245,543
245,544
245,547
245,550
245,553
245,556
245,559
245,562
245,568
245,571
245,574
245,579
245,582
245,585
245,588
245,591
245,594
245,600
245,603
245,606
245,610
245,616
245,619
245,622
245,634
245,643
245,646
245,649
245,652
245,655
245,658
245,664
245,667
245,670
245,674
245,680
245,683
245,686
245,698
245,715
245,718
245,730
245,746
245,773
245,785
245,788
245,791
245,797
245,801
245,804
245,807
245,813
245,816
245,819
245,822
245,825
245,828
245,839
245,845
245,851
245,854
245,857
245,860
245,867
245,870
245,873
245,876
245,882
245,888
245,903
245,909
245,915
245,918
245,921
245,924
245,931
245,934
245,937
245,940
245,946
245,952
245,1025
245,1028
245,1031
245,1037
245,1040
245,1043
245,1046
245,1049
245,1052
245,1055
245,1056
245,1059
245,1062
245,1065
245,1068
245,1071
245,1074
245,1080
245,1083
245,1086
245,1091
245,1094
245,1097
245,1100
245,1103
245,1106
245,1112
245,1115
245,1118
245,1122
245,1128
245,1131
245,1134
245,1146
245,1155
245,1158
245,1161
245,1164
245,1167
245,1170
245,1176
245,1179
245,1182
245,1186
245,1192
245,1195
245,1198
245,1210
245,1227
245,1230
245,1242
245,1258
245,1285
245,1297
245,1300
245,1303
245,1309
245,1313
245,1316
245,1319
245,1325
245,1328
245,1331
245,1334
245,1337
245,1340
245,1351
245,1357
245,1363
245,1366
245,1369
245,1372
245,1379
245,1382
245,1385
245,1388
245,1394
245,1400
245,1415
245,1421
245,1427
245,1430
245,1433
245,1436
245,1443
245,1446
245,1449
245,1452
245,1458
245,1464
245,1541
245,1553
245,1556
245,1559
245,1565
245,1569
245,1572
245,1575
245,1581
245,1584
245,1587
245,1590
245,1593
245,1596
245,1607
245,1613
245,1619
245,1622
245,1625
245,1628
245,1635
245,1638
245,1641
245,1644
245,1650
245,1656
245,1671
245,1677
245,1683
245,1686
245,1689
245,1692
245,1699
245,1702
245,1705
245,1708
245,1714
245,1720
245,1813
245,1829
245,1841
245,1844
246,258
246,260
246,263
246,270
246,272
246,275
246,277
246,282
246,284
246,287
246,288
246,291
246,293
246,298
246,300
246,303
246,305
246,312
246,315
246,317
246,323
246,325
246,330
246,332
246,335
246,337
246,344
246,347
246,349
246,353
246,360
246,363
246,365
246,377
246,387
246,389
246,394
246,396
246,399
246,401
246,408
246,411
246,413
246,417
246,424
246,427
246,429
246,441
246,459
246,461
246,473
246,489
246,514
246,516
246,519
246,526
246,528
246,531
246,533
246,538
246,540
246,543
246,544
246,547
246,549
246,554
246,556
246,559
246,561
246,568
246,571
246,573
246,579
246,581
246,586
246,588
246,591
246,593
246,600
246,603
246,605
246,609
246,616
246,619
246,621
246,633
246,643
246,645
246,650
246,652
246,655
246,657
246,664
246,667
246,669
246,673
246,680
246,683
246,685
246,697
246,715
246,717
246,729
246,745
246,774
246,786
246,788
246,791
246,798
246,802
246,804
246,807
246,814
246,816
246,819
246,821
246,826
246,828
246,839
246,846
246,851
246,853
246,858
246,860
246,867
246,869
246,874
246,876
246,881
246,888
246,903
246,910
246,915
246,917
246,922
246,924
246,931
246,933
246,938
246,940
246,945
246,952
246,1026
246,1028
246,1031
246,1038
246,1040
246,1043
246,1045
246,1050
246,1052
246,1055
246,1056
246,1059
246,1061
246,1066
246,1068
246,1071
246,1073
246,1080
246,1083
246,1085
246,1091
246,1093
246,1098
246,1100
246,1103
246,1105
246,1112
246,1115
246,1117
246,1121
246,1128
246,1131
246,1133
246,1145
246,1155
246,1157
246,1162
246,1164
246,1167
246,1169
246,1176
246,1179
246,1181
246,1185
246,1192
246,1195
246,1197
246,1209
246,1227
246,1229
246,1241
246,1257
246,1286
246,1298
246,1300
246,1303
246,1310
246,1314
246,1316
246,1319
246,1326
246,1328
246,1331
246,1333
246,1338
246,1340
246,1351
246,1358
246,1363
246,1365
246,1370
246,1372
246,1379
246,1381
246,1386
246,1388
246,1393
246,1400
246,1415
246,1422
246,1427
246,1429
246,1434
246,1436
246,1443
246,1445
246,1450
246,1452
246,1457
246,1464
246,1542
246,1554
246,1556
246,1559
246,1566
246,1570
246,1572
246,1575
246,1582
246,1584
246,1587
246,1589
246,1594
246,1596
246,1607
246,1614
246,1619
246,1621
246,1626
246,1628
246,1635
246,1637
246,1642
246,1644
246,1649
246,1656
246,1671
246,1678
246,1683
246,1685
246,1690
246,1692
246,1699
246,1701
246,1706
246,1708
246,1713
246,1720
246,1814
246,1830
246,1842
246,1844
249,257
249,264
249,267
249,269
249,272
249,275
249,277
249,282
249,284
249,287
249,288
249,291
249,293
249,298
249,300
249,303
249,306
249,308
249,311
249,318
249,323
249,325
249,330
249,332
249,335
249,338
249,340
249,343
249,350
249,354
249,356
249,359
249,366
249,374
249,387
249,389
249,394
249,396
249,399
249,402
249,404
249,407
249,414
249,418
249,420
249,423
249,430
249,438
249,455
249,462
249,470
249,486
249,513
249,520
249,523
249,525
249,528
249,531
249,533
249,538
249,540
249,543
249,544
249,547
249,549
249,554
249,556
249,559
249,562
249,564
249,567
249,574
249,579
249,581
249,586
249,588
249,591
249,594
249,596
249,599
249,606
249,610
249,612
249,615
249,622
249,630
249,643
249,645
249,650
249,652
249,655
249,658
249,660
249,663
249,670
249,674
249,676
249,679
249,686
249,694
249,711
249,718
249,726
249,742
249,777
249,785
249,792
249,795
249,797
249,801
249,808
249,811
249,813
249,816
249,819
249,821
249,826
249,828
249,843
249,845
249,851
249,853
249,858
249,860
249,867
249,869
249,874
249,876
249,882
249,884
249,907
249,909
249,915
249,917
249,922
249,924
249,931
249,933
249,938
249,940
249,946
249,948
249,1025
249,1032
249,1035
249,1037
249,1040
249,1043
249,1045
249,1050
249,1052
249,1055
249,1056
249,1059
249,1061
249,1066
249,1068
249,1071
249,1074
249,1076
249,1079
249,1086
249,1091
249,1093
249,1098
249,1100
249,1103
249,1106
249,1108
249,1111
249,1118
249,1122
249,1124
249,1127
249,1134
249,1142
249,1155
249,1157
249,1162
249,1164
249,1167
249,1170
249,1172
249,1175
249,1182
249,1186
249,1188
249,1191
249,1198
249,1206
249,1223
249,1230
249,1238
249,1254
249,1289
249,1297
249,1304
249,1307
249,1309
249,1313
249,1320
249,1323
249,1325
249,1328
249,1331
249,1333
249,1338
249,1340
249,1355
249,1357
249,1363
249,1365
249,1370
249,1372
249,1379
249,1381
249,1386
249,1388
249,1394
249,1396
249,1419
249,1421
249,1427
249,1429
249,1434
249,1436
249,1443
249,1445
249,1450
249,1452
249,1458
249,1460
249,1545
249,1553
249,1560
249,1563
249,1565
249,1569
249,1576
249,1579
249,1581
249,1584
249,1587
249,1589
249,1594
249,1596
249,1611
249,1613
249,1619
249,1621
249,1626
249,1628
249,1635
249,1637
249,1642
249,1644
249,1650
249,1652
249,1675
249,1677
249,1683
249,1685
249,1690
249,1692
249,1699
249,1701
249,1706
249,1708
249,1714
249,1716
249,1817
249,1833
249,1841
249,1848
250,258
250,264
250,267
250,270
250,272
250,275
250,278
250,281
250,284
250,287
250,288
250,291
250,294
250,297
250,300
250,303
250,305
250,308
250,311
250,317
250,323
250,326
250,329
250,332
250,335
250,337
250,340
250,343
250,349
250,353
250,356
250,359
250,365
250,373
250,387
250,390
250,393
250,396
250,399
250,401
250,404
250,407
250,413
250,417
250,420
250,423
250,429
250,437
250,455
250,461
250,469
250,485
250,514
250,520
250,523
250,526
250,528
250,531
250,534
250,537
250,540
250,543
250,544
250,547
250,550
250,553
250,556
250,559
250,561
250,564
250,567
250,573
250,579
250,582
250,585
250,588
250,591
250,593
250,596
250,599
250,605
250,609
250,612
250,615
250,621
250,629
250,643
250,646
250,649
250,652
250,655
250,657
250,660
250,663
250,669
250,673
250,676
250,679
250,685
250,693
250,711
250,717
250,725
250,741
250,778
250,786
250,792
250,795
250,798
250,802
250,808
250,811
250,814
250,816
250,819
250,822
250,825
250,828
250,843
250,846
250,851
250,854
250,857
250,860
250,867
250,870
250,873
250,876
250,881
250,884
250,907
250,910
250,915
250,918
250,921
250,924
250,931
250,934
250,937
250,940
250,945
250,948
250,1026
250,1032
250,1035
250,1038
250,1040
250,1043
250,1046
250,1049
250,1052
250,1055
250,1056
250,1059
250,1062
250,1065
250,1068
250,1071
250,1073
250,1076
250,1079
250,1085
250,1091
250,1094
250,1097
250,1100
250,1103
250,1105
250,1108
250,1111
250,1117
250,1121
250,1124
250,1127
250,1133
250,1141
250,1155
250,1158
250,1161
250,1164
250,1167
250,1169
250,1172
250,1175
250,1181
250,1185
250,1188
250,1191
250,1197
250,1205
250,1223
250,1229
250,1237
250,1253
250,1290
250,1298
250,1304
250,1307
250,1310
250,1314
250,1320
250,1323
250,1326
250,1328
250,1331
250,1334
250,1337
250,1340
250,1355
250,1358
250,1363
250,1366
250,1369
250,1372
250,1379
250,1382
250,1385
250,1388
250,1393
250,1396
250,1419
250,1422
250,1427
250,1430
250,1433
250,1436
250,1443
250,1446
250,1449
250,1452
250,1457
250,1460
250,1546
250,1554
250,1560
250,1563
250,1566
250,1570
250,1576
250,1579
250,1582
250,1584
250,1587
250,1590
250,1593
250,1596
250,1611
250,1614
250,1619
250,1622
250,1625
250,1628
250,1635
250,1638
250,1641
250,1644
250,1649
250,1652
250,1675
250,1678
250,1683
250,1686
250,1689
250,1692
250,1699
250,1702
250,1705
250,1708
250,1713
250,1716
250,1818
250,1834
250,1842
250,1848
252,260
252,264
252,269
252,270
252,272
252,277
252,278
252,281
252,282
252,287
252,288
252,293
252,294
252,297
252,298
252,303
252,305
252,306
252,311
252,315
252,325
252,326
252,329
252,330
252,335
252,337
252,338
252,343
252,347
252,353
252,354
252,359
252,363
252,371
252,389
252,390
252,393
252,394
252,399
252,401
252,402
252,407
252,411
252,417
252,418
252,423
252,427
252,435
252,455
252,459
252,467
252,483
252,516
252,520
252,525
252,526
252,528
252,533
252,534
252,537
252,538
252,543
252,544
252,549
252,550
252,553
252,554
252,559
252,561
252,562
252,567
252,571
252,581
252,582
252,585
252,586
252,591
252,593
252,594
252,599
252,603
252,609
252,610
252,615
252,619
252,627
252,645
252,646
252,649
252,650
252,655
252,657
252,658
252,663
252,667
252,673
252,674
252,679
252,683
252,691
252,711
252,715
252,723
252,739
252,780
252,788
252,792
252,797
252,798
252,804
252,808
252,813
252,814
252,816
252,821
252,822
252,825
252,826
252,845
252,846
252,853
252,854
252,857
252,858
252,869
252,870
252,873
252,874
252,881
252,882
252,909
252,910
252,917
252,918
252,921
252,922
252,933
252,934
252,937
252,938
252,945
252,946
252,1028
252,1032
252,1037
252,1038
252,1040
252,1045
252,1046
252,1049
252,1050
252,1055
252,1056
252,1061
252,1062
252,1065
252,1066
252,1071
252,1073
252,1074
252,1079
252,1083
252,1093
252,1094
252,1097
252,1098
252,1103
252,1105
252,1106
252,1111
252,1115
252,1121
252,1122
252,1127
252,1131
252,1139
252,1157
252,1158
252,1161
252,1162
252,1167
252,1169
252,1170
252,1175
252,1179
252,1185
252,1186
252,1191
252,1195
252,1203
252,1223
252,1227
252,1235
252,1251
252,1292
252,1300
252,1304
252,1309
252,1310
252,1316
252,1320
252,1325
252,1326
252,1328
252,1333
252,1334
252,1337
252,1338
252,1357
252,1358
252,1365
252,1366
252,1369
252,1370
252,1381
252,1382
252,1385
252,1386
252,1393
252,1394
252,1421
252,1422
252,1429
252,1430
252,1433
252,1434
252,1445
252,1446
252,1449
252,1450
252,1457
252,1458
252,1548
252,1556
252,1560
252,1565
252,1566
252,1572
252,1576
252,1581
252,1582
252,1584
252,1589
252,1590
252,1593
252,1594
252,1613
252,1614
252,1621
252,1622
252,1625
252,1626
252,1637
252,1638
252,1641
252,1642
252,1649
252,1650
252,1677
252,1678
252,1685
252,1686
252,1689
252,1690
252,1701
252,1702
252,1705
252,1706
252,1713
252,1714
252,1820
252,1836
252,1844
252,1848
257,318
257,350
257,366
257,374
257,378
257,380
257,414
257,430
257,438
257,442
257,444
257,462
257,470
257,474
257,476
257,486
257,490
257,492
257,498
257,500
257,504
257,526
257,534
257,538
257,540
257,543
257,550
257,554
257,556
257,559
257,562
257,564
257,567
257,568
257,571
257,573
257,582
257,586
257,588
257,591
257,594
257,596
257,599
257,600
257,603
257,605
257,610
257,612
257,615
257,616
257,619
257,621
257,624
257,627
257,629
257,633
257,646
257,650
257,652
257,655
257,658
257,660
257,663
257,664
257,667
257,669
257,674
257,676
257,679
257,680
257,683
257,685
257,688
257,691
257,693
257,697
257,711
257,715
257,717
257,723
257,725
257,729
257,739
257,741
257,745
257,753
257,798
257,814
257,822
257,826
257,828
257,846
257,854
257,858
257,860
257,870
257,874
257,876
257,882
257,884
257,888
257,910
257,918
257,922
257,924
257,934
257,938
257,940
257,946
257,948
257,952
257,1038
257,1046
257,1050
257,1052
257,1055
257,1062
257,1066
257,1068
257,1071
257,1074
257,1076
257,1079
257,1080
257,1083
257,1085
257,1094
257,1098
257,1100
257,1103
257,1106
257,1108
257,1111
257,1112
257,1115
257,1117
257,1122
257,1124
257,1127
257,1128
257,1131
257,1133
257,1136
257,1139
257,1141
257,1145
257,1158
257,1162
257,1164
257,1167
257,1170
257,1172
257,1175
257,1176
257,1179
257,1181
257,1186
257,1188
257,1191
257,1192
257,1195
257,1197
257,1200
257,1203
257,1205
257,1209
257,1223
257,1227
257,1229
257,1235
257,1237
257,1241
257,1251
257,1253
257,1257
257,1265
257,1310
257,1326
257,1334
257,1338
257,1340
257,1358
257,1366
257,1370
257,1372
257,1382
257,1386
257,1388
257,1394
257,1396
257,1400
257,1422
257,1430
257,1434
257,1436
257,1446
257,1450
257,1452
257,1458
257,1460
257,1464
257,1542
257,1546
257,1548
257,1551
257,1554
257,1556
257,1559
257,1560
257,1563
257,1565
257,1570
257,1572
257,1575
257,1576
257,1579
257,1581
257,1584
257,1587
257,1589
257,1593
257,1607
257,1611
257,1613
257,1619
257,1621
257,1625
257,1635
257,1637
257,1641
257,1649
257,1671
257,1675
257,1677
257,1683
257,1685
257,1689
257,1699
257,1701
257,1705
257,1713
257,1806
257,1814
257,1818
257,1820
257,1830
257,1834
257,1836
257,1842
257,1844
257,1848
258,317
258,349
258,365
258,373
258,377
258,380
258,413
258,429
258,437
258,441
258,444
258,461
258,469
258,473
258,476
258,485
258,489
258,492
258,497
258,500
258,504
258,525
258,533
258,537
258,540
258,543
258,549
258,553
258,556
258,559
258,561
258,564
258,567
258,568
258,571
258,574
258,581
258,585
258,588
258,591
258,593
258,596
258,599
258,600
258,603
258,606
258,609
258,612
258,615
258,616
258,619
258,622
258,624
258,627
258,630
258,634
258,645
258,649
258,652
258,655
258,657
258,660
258,663
258,664
258,667
258,670
258,673
258,676
258,679
258,680
258,683
258,686
258,688
258,691
258,694
258,698
258,711
258,715
258,718
258,723
258,726
258,730
258,739
258,742
258,746
258,754
258,797
258,813
258,821
258,825
258,828
258,845
258,853
258,857
258,860
258,869
258,873
258,876
258,881
258,884
258,888
258,909
258,917
258,921
258,924
258,933
258,937
258,940
258,945
258,948
258,952
258,1037
258,1045
258,1049
258,1052
258,1055
258,1061
258,1065
258,1068
258,1071
258,1073
258,1076
258,1079
258,1080
258,1083
258,1086
258,1093
258,1097
258,1100
258,1103
258,1105
258,1108
258,1111
258,1112
258,1115
258,1118
258,1121
258,1124
258,1127
258,1128
258,1131
258,1134
258,1136
258,1139
258,1142
258,1146
258,1157
258,1161
258,1164
258,1167
258,1169
258,1172
258,1175
258,1176
258,1179
258,1182
258,1185
258,1188
258,1191
258,1192
258,1195
258,1198
258,1200
258,1203
258,1206
258,1210
258,1223
258,1227
258,1230
258,1235
258,1238
258,1242
258,1251
258,1254
258,1258
258,1266
258,1309
258,1325
258,1333
258,1337
258,1340
258,1357
258,1365
258,1369
258,1372
258,1381
258,1385
258,1388
258,1393
258,1396
258,1400
258,1421
258,1429
258,1433
258,1436
258,1445
258,1449
258,1452
258,1457
258,1460
258,1464
258,1541
258,1545
258,1548
258,1551
258,1553
258,1556
258,1559
258,1560
258,1563
258,1566
258,1569
258,1572
258,1575
258,1576
258,1579
258,1582
258,1584
258,1587
258,1590
258,1594
258,1607
258,1611
258,1614
258,1619
258,1622
258,1626
258,1635
258,1638
258,1642
258,1650
258,1671
258,1675
258,1678
258,1683
258,1686
258,1690
258,1699
258,1702
258,1706
258,1714
258,1805
258,1813
258,1817
258,1820
258,1829
258,1833
258,1836
258,1841
258,1844
258,1848
260,315
260,347
260,363
260,371
260,377
260,378
260,411
260,427
260,435
260,441
260,442
260,459
260,467
260,473
260,474
260,483
260,489
260,490
260,497
260,498
260,504
260,523
260,531
260,537
260,538
260,543
260,547
260,553
260,554
260,559
260,561
260,562
260,567
260,568
260,573
260,574
260,579
260,585
260,586
260,591
260,593
260,594
260,599
260,600
260,605
260,606
260,609
260,610
260,615
260,616
260,621
260,622
260,624
260,629
260,630
260,636
260,643
260,649
260,650
260,655
260,657
260,658
260,663
260,664
260,669
260,670
260,673
260,674
260,679
260,680
260,685
260,686
260,688
260,693
260,694
260,700
260,711
260,717
260,718
260,725
260,726
260,732
260,741
260,742
260,748
260,756
260,795
260,811
260,819
260,825
260,826
260,843
260,851
260,857
260,858
260,867
260,873
260,874
260,881
260,882
260,888
260,907
260,915
260,921
260,922
260,931
260,937
260,938
260,945
260,946
260,952
260,1035
260,1043
260,1049
260,1050
260,1055
260,1059
260,1065
260,1066
260,1071
260,1073
260,1074
260,1079
260,1080
260,1085
260,1086
260,1091
260,1097
260,1098
260,1103
260,1105
260,1106
260,1111
260,1112
260,1117
260,1118
260,1121
260,1122
260,1127
260,1128
260,1133
260,1134
260,1136
260,1141
260,1142
260,1148
260,1155
260,1161
260,1162
260,1167
260,1169
260,1170
260,1175
260,1176
260,1181
260,1182
260,1185
260,1186
260,1191
260,1192
260,1197
260,1198
260,1200
260,1205
260,1206
260,1212
260,1223
260,1229
260,1230
260,1237
260,1238
260,1244
260,1253
260,1254
260,1260
260,1268
260,1307
260,1323
260,1331
260,1337
260,1338
260,1355
260,1363
260,1369
260,1370
260,1379
260,1385
260,1386
260,1393
260,1394
260,1400
260,1419
260,1427
260,1433
260,1434
260,1443
260,1449
260,1450
260,1457
260,1458
260,1464
260,1539
260,1545
260,1546
260,1551
260,1553
260,1554
260,1559
260,1560
260,1565
260,1566
260,1569
260,1570
260,1575
260,1576
260,1581
260,1582
260,1584
260,1589
260,1590
260,1596
260,1607
260,1613
260,1614
260,1621
260,1622
260,1628
260,1637
260,1638
260,1644
260,1652
260,1671
260,1677
260,1678
260,1685
260,1686
260,1692
260,1701
260,1702
260,1708
260,1716
260,1803
260,1811
260,1817
260,1818
260,1827
260,1833
260,1834
260,1841
260,1842
260,1848
263,312
263,344
263,360
263,368
263,377
263,378
263,380
263,408
263,424
263,432
263,441
263,442
263,444
263,473
263,474
263,476
263,489
263,490
263,492
263,497
263,498
263,500
263,520
263,528
263,537
263,538
263,540
263,544
263,553
263,554
263,556
263,561
263,562
263,564
263,571
263,573
263,574
263,585
263,586
263,588
263,593
263,594
263,596
263,603
263,605
263,606
263,609
263,610
263,612
263,619
263,621
263,622
263,627
263,629
263,630
263,649
263,650
263,652
263,657
263,658
263,660
263,667
263,669
263,670
263,673
263,674
263,676
263,683
263,685
263,686
263,691
263,693
263,694
263,715
263,717
263,718
263,723
263,725
263,726
263,739
263,741
263,742
263,792
263,808
263,816
263,825
263,826
263,828
263,857
263,858
263,860
263,873
263,874
263,876
263,881
263,882
263,884
263,921
263,922
263,924
263,937
263,938
263,940
263,945
263,946
263,948
263,1032
263,1040
263,1049
263,1050
263,1052
263,1056
263,1065
263,1066
263,1068
263,1073
263,1074
263,1076
263,1083
263,1085
263,1086
263,1097
263,1098
263,1100
263,1105
263,1106
263,1108
263,1115
263,1117
263,1118
263,1121
263,1122
263,1124
263,1131
263,1133
263,1134
263,1139
263,1141
263,1142
263,1161
263,1162
263,1164
263,1169
263,1170
263,1172
263,1179
263,1181
263,1182
263,1185
263,1186
263,1188
263,1195
263,1197
263,1198
263,1203
263,1205
263,1206
263,1227
263,1229
263,1230
263,1235
263,1237
263,1238
263,1251
263,1253
263,1254
263,1304
263,1320
263,1328
263,1337
263,1338
263,1340
263,1369
263,1370
263,1372
263,1385
263,1386
263,1388
263,1393
263,1394
263,1396
263,1433
263,1434
263,1436
263,1449
263,1450
263,1452
263,1457
263,1458
263,1460
263,1545
263,1546
263,1548
263,1553
263,1554
263,1556
263,1563
263,1565
263,1566
263,1569
263,1570
263,1572
263,1579
263,1581
263,1582
263,1587
263,1589
263,1590
263,1611
263,1613
263,1614
263,1619
263,1621
263,1622
263,1635
263,1637
263,1638
263,1675
263,1677
263,1678
263,1683
263,1685
263,1686
263,1699
263,1701
263,1702
263,1817
263,1818
263,1820
263,1833
263,1834
263,1836
263,1841
263,1842
263,1844
264,311
264,343
264,359
264,371
264,373
264,374
264,407
264,423
264,435
264,437
264,438
264,455
264,467
264,469
264,470
264,483
264,485
264,486
264,497
264,498
264,500
264,519
264,531
264,533
264,534
264,543
264,547
264,549
264,550
264,559
264,561
264,562
264,564
264,571
264,573
264,574
264,579
264,581
264,582
264,591
264,593
264,594
264,596
264,603
264,605
264,606
264,609
264,610
264,612
264,619
264,621
264,622
264,624
264,633
264,634
264,636
264,643
264,645
264,646
264,655
264,657
264,658
264,660
264,667
264,669
264,670
264,673
264,674
264,676
264,683
264,685
264,686
264,688
264,697
264,698
264,700
264,715
264,717
264,718
264,729
264,730
264,732
264,745
264,746
264,748
264,760
264,791
264,807
264,819
264,821
264,822
264,839
264,851
264,853
264,854
264,867
264,869
264,870
264,881
264,882
264,884
264,903
264,915
264,917
264,918
264,931
264,933
264,934
264,945
264,946
264,948
264,1031
264,1043
264,1045
264,1046
264,1055
264,1059
264,1061
264,1062
264,1071
264,1073
264,1074
264,1076
264,1083
264,1085
264,1086
264,1091
264,1093
264,1094
264,1103
264,1105
264,1106
264,1108
264,1115
264,1117
264,1118
264,1121
264,1122
264,1124
264,1131
264,1133
264,1134
264,1136
264,1145
264,1146
264,1148
264,1155
264,1157
264,1158
264,1167
264,1169
264,1170
264,1172
264,1179
264,1181
264,1182
264,1185
264,1186
264,1188
264,1195
264,1197
264,1198
264,1200
264,1209
264,1210
264,1212
264,1227
264,1229
264,1230
264,1241
264,1242
264,1244
264,1257
264,1258
264,1260
264,1272
264,1303
264,1319
264,1331
264,1333
264,1334
264,1351
264,1363
264,1365
264,1366
264,1379
264,1381
264,1382
264,1393
264,1394
264,1396
264,1415
264,1427
264,1429
264,1430
264,1443
264,1445
264,1446
264,1457
264,1458
264,1460
264,1539
264,1541
264,1542
264,1551
264,1553
264,1554
264,1556
264,1563
264,1565
264,1566
264,1569
264,1570
264,1572
264,1579
264,1581
264,1582
264,1584
264,1593
264,1594
264,1596
264,1611
264,1613
264,1614
264,1625
264,1626
264,1628
264,1641
264,1642
264,1644
264,1656
264,1675
264,1677
264,1678
264,1689
264,1690
264,1692
264,1705
264,1706
264,1708
264,1720
264,1799
264,1811
264,1813
264,1814
264,1827
264,1829
264,1830
264,1841
264,1842
264,1844
267,308
267,340
267,356
267,368
267,373
267,374
267,380
267,404
267,420
267,432
267,437
267,438
267,444
267,469
267,470
267,476
267,485
267,486
267,492
267,497
267,498
267,504
267,516
267,528
267,533
267,534
267,540
267,544
267,549
267,550
267,556
267,561
267,562
267,567
267,568
267,573
267,574
267,581
267,582
267,588
267,593
267,594
267,599
267,600
267,605
267,606
267,609
267,610
267,615
267,616
267,621
267,622
267,627
267,633
267,634
267,645
267,646
267,652
267,657
267,658
267,663
267,664
267,669
267,670
267,673
267,674
267,679
267,680
267,685
267,686
267,691
267,697
267,698
267,711
267,717
267,718
267,723
267,729
267,730
267,739
267,745
267,746
267,788
267,804
267,816
267,821
267,822
267,828
267,853
267,854
267,860
267,869
267,870
267,876
267,881
267,882
267,888
267,917
267,918
267,924
267,933
267,934
267,940
267,945
267,946
267,952
267,1028
267,1040
267,1045
267,1046
267,1052
267,1056
267,1061
267,1062
267,1068
267,1073
267,1074
267,1079
267,1080
267,1085
267,1086
267,1093
267,1094
267,1100
267,1105
267,1106
267,1111
267,1112
267,1117
267,1118
267,1121
267,1122
267,1127
267,1128
267,1133
267,1134
267,1139
267,1145
267,1146
267,1157
267,1158
267,1164
267,1169
267,1170
267,1175
267,1176
267,1181
267,1182
267,1185
267,1186
267,1191
267,1192
267,1197
267,1198
267,1203
267,1209
267,1210
267,1223
267,1229
267,1230
267,1235
267,1241
267,1242
267,1251
267,1257
267,1258
267,1300
267,1316
267,1328
267,1333
267,1334
267,1340
267,1365
267,1366
267,1372
267,1381
267,1382
267,1388
267,1393
267,1394
267,1400
267,1429
267,1430
267,1436
267,1445
267,1446
267,1452
267,1457
267,1458
267,1464
267,1541
267,1542
267,1548
267,1553
267,1554
267,1559
267,1560
267,1565
267,1566
267,1569
267,1570
267,1575
267,1576
267,1581
267,1582
267,1587
267,1593
267,1594
267,1607
267,1613
267,1614
267,1619
267,1625
267,1626
267,1635
267,1641
267,1642
267,1671
267,1677
267,1678
267,1683
267,1689
267,1690
267,1699
267,1705
267,1706
267,1813
267,1814
267,1820
267,1829
267,1830
267,1836
267,1841
267,1842
267,1848
269,306
269,338
269,354
269,368
269,371
269,374
269,378
269,402
269,418
269,432
269,435
269,438
269,442
269,467
269,470
269,474
269,483
269,486
269,490
269,497
269,500
269,504
269,514
269,528
269,531
269,534
269,538
269,544
269,547
269,550
269,554
269,561
269,564
269,567
269,568
269,571
269,574
269,579
269,582
269,586
269,593
269,596
269,599
269,600
269,603
269,606
269,609
269,612
269,615
269,616
269,619
269,622
269,629
269,633
269,636
269,643
269,646
269,650
269,657
269,660
269,663
269,664
269,667
269,670
269,673
269,676
269,679
269,680
269,683
269,686
269,693
269,697
269,700
269,711
269,715
269,718
269,725
269,729
269,732
269,741
269,745
269,748
269,786
269,802
269,816
269,819
269,822
269,826
269,851
269,854
269,858
269,867
269,870
269,874
269,881
269,884
269,888
269,915
269,918
269,922
269,931
269,934
269,938
269,945
269,948
269,952
269,1026
269,1040
269,1043
269,1046
269,1050
269,1056
269,1059
269,1062
269,1066
269,1073
269,1076
269,1079
269,1080
269,1083
269,1086
269,1091
269,1094
269,1098
269,1105
269,1108
269,1111
269,1112
269,1115
269,1118
269,1121
269,1124
269,1127
269,1128
269,1131
269,1134
269,1141
269,1145
269,1148
269,1155
269,1158
269,1162
269,1169
269,1172
269,1175
269,1176
269,1179
269,1182
269,1185
269,1188
269,1191
269,1192
269,1195
269,1198
269,1205
269,1209
269,1212
269,1223
269,1227
269,1230
269,1237
269,1241
269,1244
269,1253
269,1257
269,1260
269,1298
269,1314
269,1328
269,1331
269,1334
269,1338
269,1363
269,1366
269,1370
269,1379
269,1382
269,1386
269,1393
269,1396
269,1400
269,1427
269,1430
269,1434
269,1443
269,1446
269,1450
269,1457
269,1460
269,1464
269,1539
269,1542
269,1546
269,1553
269,1556
269,1559
269,1560
269,1563
269,1566
269,1569
269,1572
269,1575
269,1576
269,1579
269,1582
269,1589
269,1593
269,1596
269,1607
269,1611
269,1614
269,1621
269,1625
269,1628
269,1637
269,1641
269,1644
269,1671
269,1675
269,1678
269,1685
269,1689
269,1692
269,1701
269,1705
269,1708
269,1811
269,1814
269,1818
269,1827
269,1830
269,1834
269,1841
269,1844
269,1848
270,305
270,337
270,353
270,368
270,371
270,373
270,377
270,401
270,417
270,432
270,435
270,437
270,441
270,467
270,469
270,473
270,483
270,485
270,489
270,498
270,500
270,504
270,513
270,528
270,531
270,533
270,537
270,544
270,547
270,549
270,553
270,562
270,564
270,567
270,568
270,571
270,573
270,579
270,581
270,585
270,594
270,596
270,599
270,600
270,603
270,605
270,610
270,612
270,615
270,616
270,619
270,621
270,630
270,634
270,636
270,643
270,645
270,649
270,658
270,660
270,663
270,664
270,667
270,669
270,674
270,676
270,679
270,680
270,683
270,685
270,694
270,698
270,700
270,711
270,715
270,717
270,726
270,730
270,732
270,742
270,746
270,748
270,785
270,801
270,816
270,819
270,821
270,825
270,851
270,853
270,857
270,867
270,869
270,873
270,882
270,884
270,888
270,915
270,917
270,921
270,931
270,933
270,937
270,946
270,948
270,952
270,1025
270,1040
270,1043
270,1045
270,1049
270,1056
270,1059
270,1061
270,1065
270,1074
270,1076
270,1079
270,1080
270,1083
270,1085
270,1091
270,1093
270,1097
270,1106
270,1108
270,1111
270,1112
270,1115
270,1117
270,1122
270,1124
270,1127
270,1128
270,1131
270,1133
270,1142
270,1146
270,1148
270,1155
270,1157
270,1161
270,1170
270,1172
270,1175
270,1176
270,1179
270,1181
270,1186
270,1188
270,1191
270,1192
270,1195
270,1197
270,1206
270,1210
270,1212
270,1223
270,1227
270,1229
270,1238
270,1242
270,1244
270,1254
270,1258
270,1260
270,1297
270,1313
270,1328
270,1331
270,1333
270,1337
270,1363
270,1365
270,1369
270,1379
270,1381
270,1385
270,1394
270,1396
270,1400
270,1427
270,1429
270,1433
270,1443
270,1445
270,1449
270,1458
270,1460
270,1464
270,1539
270,1541
270,1545
270,1554
270,1556
270,1559
270,1560
270,1563
270,1565
270,1570
270,1572
270,1575
270,1576
270,1579
270,1581
270,1590
270,1594
270,1596
270,1607
270,1611
270,1613
270,1622
270,1626
270,1628
270,1638
270,1642
270,1644
270,1671
270,1675
270,1677
270,1686
270,1690
270,1692
270,1702
270,1706
270,1708
270,1811
270,1813
270,1817
270,1827
270,1829
270,1833
270,1842
270,1844
270,1848
272,303
272,335
272,359
272,363
272,365
272,366
272,399
272,423
272,427
272,429
272,430
272,455
272,459
272,461
272,462
272,483
272,485
272,486
272,489
272,490
272,492
272,519
272,523
272,525
272,526
272,543
272,547
272,549
272,550
272,553
272,554
272,556
272,567
272,571
272,573
272,574
272,579
272,581
272,582
272,585
272,586
272,588
272,599
272,603
272,605
272,606
272,609
272,610
272,612
272,616
272,627
272,629
272,630
272,633
272,634
272,636
272,643
272,645
272,646
272,649
272,650
272,652
272,663
272,667
272,669
272,670
272,673
272,674
272,676
272,680
272,691
272,693
272,694
272,697
272,698
272,700
272,723
272,725
272,726
272,729
272,730
272,732
272,753
272,754
272,756
272,760
272,783
272,807
272,811
272,813
272,814
272,839
272,843
272,845
272,846
272,867
272,869
272,870
272,873
272,874
272,876
272,903
272,907
272,909
272,910
272,931
272,933
272,934
272,937
272,938
272,940
272,1031
272,1035
272,1037
272,1038
272,1055
272,1059
272,1061
272,1062
272,1065
272,1066
272,1068
272,1079
272,1083
272,1085
272,1086
272,1091
272,1093
272,1094
272,1097
272,1098
272,1100
272,1111
272,1115
272,1117
272,1118
272,1121
272,1122
272,1124
272,1128
272,1139
272,1141
272,1142
272,1145
272,1146
272,1148
272,1155
272,1157
272,1158
272,1161
272,1162
272,1164
272,1175
272,1179
272,1181
272,1182
272,1185
272,1186
272,1188
272,1192
272,1203
272,1205
272,1206
272,1209
272,1210
272,1212
272,1235
272,1237
272,1238
272,1241
272,1242
272,1244
272,1265
272,1266
272,1268
272,1272
272,1295
272,1319
272,1323
272,1325
272,1326
272,1351
272,1355
272,1357
272,1358
272,1379
272,1381
272,1382
272,1385
272,1386
272,1388
272,1415
272,1419
272,1421
272,1422
272,1443
272,1445
272,1446
272,1449
272,1450
272,1452
272,1539
272,1541
272,1542
272,1545
272,1546
272,1548
272,1559
272,1563
272,1565
272,1566
272,1569
272,1570
272,1572
272,1576
272,1587
272,1589
272,1590
272,1593
272,1594
272,1596
272,1619
272,1621
272,1622
272,1625
272,1626
272,1628
272,1649
272,1650
272,1652
272,1656
272,1683
272,1685
272,1686
272,1689
272,1690
272,1692
272,1713
272,1714
272,1716
272,1720
272,1799
272,1803
272,1805
272,1806
272,1827
272,1829
272,1830
272,1833
272,1834
272,1836
275,300
275,332
275,356
275,360
275,365
275,366
275,380
275,396
275,420
275,424
275,429
275,430
275,444
275,461
275,462
275,476
275,485
275,486
275,489
275,490
275,500
275,504
275,516
275,520
275,525
275,526
275,540
275,544
275,549
275,550
275,553
275,554
275,559
275,564
275,568
275,573
275,574
275,581
275,582
275,585
275,586
275,591
275,596
275,600
275,605
275,606
275,609
275,610
275,615
275,619
275,624
275,629
275,630
275,633
275,634
275,645
275,646
275,649
275,650
275,655
275,660
275,664
275,669
275,670
275,673
275,674
275,679
275,683
275,688
275,693
275,694
275,697
275,698
275,711
275,715
275,725
275,726
275,729
275,730
275,739
275,753
275,754
275,780
275,804
275,808
275,813
275,814
275,828
275,845
275,846
275,860
275,869
275,870
275,873
275,874
275,884
275,888
275,909
275,910
275,924
275,933
275,934
275,937
275,938
275,948
275,952
275,1028
275,1032
275,1037
275,1038
275,1052
275,1056
275,1061
275,1062
275,1065
275,1066
275,1071
275,1076
275,1080
275,1085
275,1086
275,1093
275,1094
275,1097
275,1098
275,1103
275,1108
275,1112
275,1117
275,1118
275,1121
275,1122
275,1127
275,1131
275,1136
275,1141
275,1142
275,1145
275,1146
275,1157
275,1158
275,1161
275,1162
275,1167
275,1172
275,1176
275,1181
275,1182
275,1185
275,1186
275,1191
275,1195
275,1200
275,1205
275,1206
275,1209
275,1210
275,1223
275,1227
275,1237
275,1238
275,1241
275,1242
275,1251
275,1265
275,1266
275,1292
275,1316
275,1320
275,1325
275,1326
275,1340
275,1357
275,1358
275,1372
275,1381
275,1382
275,1385
275,1386
275,1396
275,1400
275,1421
275,1422
275,1436
275,1445
275,1446
275,1449
275,1450
275,1460
275,1464
275,1541
275,1542
275,1545
275,1546
275,1551
275,1556
275,1560
275,1565
275,1566
275,1569
275,1570
275,1575
275,1579
275,1584
275,1589
275,1590
275,1593
275,1594
275,1607
275,1611
275,1621
275,1622
275,1625
275,1626
275,1635
275,1649
275,1650
275,1671
275,1675
275,1685
275,1686
275,1689
275,1690
275,1699
275,1713
275,1714
275,1805
275,1806
275,1820
275,1829
275,1830
275,1833
275,1834
275,1844
275,1848
277,298
277,330
277,354
277,360
277,363
277,366
277,378
277,394
277,418
277,424
277,427
277,430
277,442
277,459
277,462
277,474
277,483
277,486
277,489
277,492
277,498
277,504
277,514
277,520
277,523
277,526
277,538
277,544
277,547
277,550
277,553
277,556
277,559
277,562
277,568
277,571
277,574
277,579
277,582
277,585
277,588
277,591
277,594
277,600
277,603
277,606
277,609
277,612
277,615
277,621
277,624
277,627
277,630
277,633
277,636
277,643
277,646
277,649
277,652
277,655
277,658
277,664
277,667
277,670
277,673
277,676
277,679
277,685
277,688
277,691
277,694
277,697
277,700
277,711
277,717
277,723
277,726
277,729
277,732
277,741
277,753
277,756
277,778
277,802
277,808
277,811
277,814
277,826
277,843
277,846
277,858
277,867
277,870
277,873
277,876
277,882
277,888
277,907
277,910
277,922
277,931
277,934
277,937
277,940
277,946
277,952
277,1026
277,1032
277,1035
277,1038
277,1050
277,1056
277,1059
277,1062
277,1065
277,1068
277,1071
277,1074
277,1080
277,1083
277,1086
277,1091
277,1094
277,1097
277,1100
277,1103
277,1106
277,1112
277,1115
277,1118
277,1121
277,1124
277,1127
277,1133
277,1136
277,1139
277,1142
277,1145
277,1148
277,1155
277,1158
277,1161
277,1164
277,1167
277,1170
277,1176
277,1179
277,1182
277,1185
277,1188
277,1191
277,1197
277,1200
277,1203
277,1206
277,1209
277,1212
277,1223
277,1229
277,1235
277,1238
277,1241
277,1244
277,1253
277,1265
277,1268
277,1290
277,1314
277,1320
277,1323
277,1326
277,1338
277,1355
277,1358
277,1370
277,1379
277,1382
277,1385
277,1388
277,1394
277,1400
277,1419
277,1422
277,1434
277,1443
277,1446
277,1449
277,1452
277,1458
277,1464
277,1539
277,1542
277,1545
277,1548
277,1551
277,1554
277,1560
277,1563
277,1566
277,1569
277,1572
277,1575
277,1581
277,1584
277,1587
277,1590
277,1593
277,1596
277,1607
277,1613
277,1619
277,1622
277,1625
277,1628
277,1637
277,1649
277,1652
277,1671
277,1677
277,1683
277,1686
277,1689
277,1692
277,1701
277,1713
277,1716
277,1803
277,1806
277,1818
277,1827
277,1830
277,1833
277,1836
277,1842
277,1848
278,297
278,329
278,353
278,360
278,363
278,365
278,377
278,393
278,417
278,424
278,427
278,429
278,441
278,459
278,461
278,473
278,483
278,485
278,490
278,492
278,497
278,504
278,513
278,520
278,523
278,525
278,537
278,544
278,547
278,549
278,554
278,556
278,559
278,561
278,568
278,571
278,573
278,579
278,581
278,586
278,588
278,591
278,593
278,600
278,603
278,605
278,610
278,612
278,615
278,622
278,624
278,627
278,629
278,634
278,636
278,643
278,645
278,650
278,652
278,655
278,657
278,664
278,667
278,669
278,674
278,676
278,679
278,686
278,688
278,691
278,693
278,698
278,700
278,711
278,718
278,723
278,725
278,730
278,732
278,742
278,754
278,756
278,777
278,801
278,808
278,811
278,813
278,825
278,843
278,845
278,857
278,867
278,869
278,874
278,876
278,881
278,888
278,907
278,909
278,921
278,931
278,933
278,938
278,940
278,945
278,952
278,1025
278,1032
278,1035
278,1037
278,1049
278,1056
278,1059
278,1061
278,1066
278,1068
278,1071
278,1073
278,1080
278,1083
278,1085
278,1091
278,1093
278,1098
278,1100
278,1103
278,1105
278,1112
278,1115
278,1117
278,1122
278,1124
278,1127
278,1134
278,1136
278,1139
278,1141
278,1146
278,1148
278,1155
278,1157
278,1162
278,1164
278,1167
278,1169
278,1176
278,1179
278,1181
278,1186
278,1188
278,1191
278,1198
278,1200
278,1203
278,1205
278,1210
278,1212
278,1223
278,1230
278,1235
278,1237
278,1242
278,1244
278,1254
278,1266
278,1268
278,1289
278,1313
278,1320
278,1323
278,1325
278,1337
278,1355
278,1357
278,1369
278,1379
278,1381
278,1386
278,1388
278,1393
278,1400
278,1419
278,1421
278,1433
278,1443
278,1445
278,1450
278,1452
278,1457
278,1464
278,1539
278,1541
278,1546
278,1548
278,1551
278,1553
278,1560
278,1563
278,1565
278,1570
278,1572
278,1575
278,1582
278,1584
278,1587
278,1589
278,1594
278,1596
278,1607
278,1614
278,1619
278,1621
278,1626
278,1628
278,1638
278,1650
278,1652
278,1671
278,1678
278,1683
278,1685
278,1690
278,1692
278,1702
278,1714
278,1716
278,1803
278,1805
278,1817
278,1827
278,1829
278,1834
278,1836
278,1841
278,1848
281,294
281,326
281,354
281,356
281,359
281,366
281,374
281,390
281,418
281,420
281,423
281,430
281,438
281,455
281,462
281,470
281,483
281,485
281,490
281,492
281,498
281,500
281,514
281,516
281,519
281,526
281,534
281,544
281,547
281,549
281,554
281,556
281,559
281,562
281,564
281,567
281,574
281,579
281,581
281,586
281,588
281,591
281,594
281,596
281,599
281,606
281,609
281,616
281,619
281,621
281,624
281,627
281,629
281,634
281,636
281,643
281,645
281,650
281,652
281,655
281,658
281,660
281,663
281,670
281,673
281,680
281,683
281,685
281,688
281,691
281,693
281,698
281,700
281,715
281,717
281,723
281,725
281,730
281,732
281,745
281,753
281,760
281,774
281,802
281,804
281,807
281,814
281,822
281,839
281,846
281,854
281,867
281,869
281,874
281,876
281,882
281,884
281,903
281,910
281,918
281,931
281,933
281,938
281,940
281,946
281,948
281,1026
281,1028
281,1031
281,1038
281,1046
281,1056
281,1059
281,1061
281,1066
281,1068
281,1071
281,1074
281,1076
281,1079
281,1086
281,1091
281,1093
281,1098
281,1100
281,1103
281,1106
281,1108
281,1111
281,1118
281,1121
281,1128
281,1131
281,1133
281,1136
281,1139
281,1141
281,1146
281,1148
281,1155
281,1157
281,1162
281,1164
281,1167
281,1170
281,1172
281,1175
281,1182
281,1185
281,1192
281,1195
281,1197
281,1200
281,1203
281,1205
281,1210
281,1212
281,1227
281,1229
281,1235
281,1237
281,1242
281,1244
281,1257
281,1265
281,1272
281,1286
281,1314
281,1316
281,1319
281,1326
281,1334
281,1351
281,1358
281,1366
281,1379
281,1381
281,1386
281,1388
281,1394
281,1396
281,1415
281,1422
281,1430
281,1443
281,1445
281,1450
281,1452
281,1458
281,1460
281,1539
281,1541
281,1546
281,1548
281,1551
281,1554
281,1556
281,1559
281,1566
281,1569
281,1576
281,1579
281,1581
281,1584
281,1587
281,1589
281,1594
281,1596
281,1611
281,1613
281,1619
281,1621
281,1626
281,1628
281,1641
281,1649
281,1656
281,1675
281,1677
281,1683
281,1685
281,1690
281,1692
281,1705
281,1713
281,1720
281,1799
281,1806
281,1814
281,1827
281,1829
281,1834
281,1836
281,1842
281,1844
282,293
282,325
282,353
282,356
282,359
282,365
282,373
282,389
282,417
282,420
282,423
282,429
282,437
282,455
282,461
282,469
282,483
282,486
282,489
282,492
282,497
282,500
282,513
282,516
282,519
282,525
282,533
282,544
282,547
282,550
282,553
282,556
282,559
282,561
282,564
282,567
282,573
282,579
282,582
282,585
282,588
282,591
282,593
282,596
282,599
282,605
282,610
282,616
282,619
282,622
282,624
282,627
282,630
282,633
282,636
282,643
282,646
282,649
282,652
282,655
282,657
282,660
282,663
282,669
282,674
282,680
282,683
282,686
282,688
282,691
282,694
282,697
282,700
282,715
282,718
282,723
282,726
282,729
282,732
282,746
282,754
282,760
282,773
282,801
282,804
282,807
282,813
282,821
282,839
282,845
282,853
282,867
282,870
282,873
282,876
282,881
282,884
282,903
282,909
282,917
282,931
282,934
282,937
282,940
282,945
282,948
282,1025
282,1028
282,1031
282,1037
282,1045
282,1056
282,1059
282,1062
282,1065
282,1068
282,1071
282,1073
282,1076
282,1079
282,1085
282,1091
282,1094
282,1097
282,1100
282,1103
282,1105
282,1108
282,1111
282,1117
282,1122
282,1128
282,1131
282,1134
282,1136
282,1139
282,1142
282,1145
282,1148
282,1155
282,1158
282,1161
282,1164
282,1167
282,1169
282,1172
282,1175
282,1181
282,1186
282,1192
282,1195
282,1198
282,1200
282,1203
282,1206
282,1209
282,1212
282,1227
282,1230
282,1235
282,1238
282,1241
282,1244
282,1258
282,1266
282,1272
282,1285
282,1313
282,1316
282,1319
282,1325
282,1333
282,1351
282,1357
282,1365
282,1379
282,1382
282,1385
282,1388
282,1393
282,1396
282,1415
282,1421
282,1429
282,1443
282,1446
282,1449
282,1452
282,1457
282,1460
282,1539
282,1542
282,1545
282,1548
282,1551
282,1553
282,1556
282,1559
282,1565
282,1570
282,1576
282,1579
282,1582
282,1584
282,1587
282,1590
282,1593
282,1596
282,1611
282,1614
282,1619
282,1622
282,1625
282,1628
282,1642
282,1650
282,1656
282,1675
282,1678
282,1683
282,1686
282,1689
282,1692
282,1706
282,1714
282,1720
282,1799
282,1805
282,1813
282,1827
282,1830
282,1833
282,1836
282,1841
282,1844
284,291
284,323
284,353
284,354
284,359
284,363
284,371
284,387
284,417
284,418
284,423
284,427
284,435
284,455
284,459
284,467
284,485
284,486
284,489
284,490
284,497
284,498
284,513
284,514
284,519
284,523
284,531
284,544
284,549
284,550
284,553
284,554
284,559
284,561
284,562
284,567
284,571
284,581
284,582
284,585
284,586
284,591
284,593
284,594
284,599
284,603
284,612
284,616
284,621
284,622
284,624
284,629
284,630
284,633
284,634
284,645
284,646
284,649
284,650
284,655
284,657
284,658
284,663
284,667
284,676
284,680
284,685
284,686
284,688
284,693
284,694
284,697
284,698
284,717
284,718
284,725
284,726
284,729
284,730
284,748
284,756
284,760
284,771
284,801
284,802
284,807
284,811
284,819
284,839
284,843
284,851
284,869
284,870
284,873
284,874
284,881
284,882
284,903
284,907
284,915
284,933
284,934
284,937
284,938
284,945
284,946
284,1025
284,1026
284,1031
284,1035
284,1043
284,1056
284,1061
284,1062
284,1065
284,1066
284,1071
284,1073
284,1074
284,1079
284,1083
284,1093
284,1094
284,1097
284,1098
284,1103
284,1105
284,1106
284,1111
284,1115
284,1124
284,1128
284,1133
284,1134
284,1136
284,1141
284,1142
284,1145
284,1146
284,1157
284,1158
284,1161
284,1162
284,1167
284,1169
284,1170
284,1175
284,1179
284,1188
284,1192
284,1197
284,1198
284,1200
284,1205
284,1206
284,1209
284,1210
284,1229
284,1230
284,1237
284,1238
284,1241
284,1242
284,1260
284,1268
284,1272
284,1283
284,1313
284,1314
284,1319
284,1323
284,1331
284,1351
284,1355
284,1363
284,1381
284,1382
284,1385
284,1386
284,1393
284,1394
284,1415
284,1419
284,1427
284,1445
284,1446
284,1449
284,1450
284,1457
284,1458
284,1541
284,1542
284,1545
284,1546
284,1551
284,1553
284,1554
284,1559
284,1563
284,1572
284,1576
284,1581
284,1582
284,1584
284,1589
284,1590
284,1593
284,1594
284,1613
284,1614
284,1621
284,1622
284,1625
284,1626
284,1644
284,1652
284,1656
284,1677
284,1678
284,1685
284,1686
284,1689
284,1690
284,1708
284,1716
284,1720
284,1799
284,1803
284,1811
284,1829
284,1830
284,1833
284,1834
284,1841
284,1842
287,288
287,353
287,354
287,356
287,360
287,368
287,417
287,418
287,420
287,424
287,432
287,483
287,485
287,486
287,489
287,490
287,492
287,497
287,498
287,500
287,504
287,513
287,514
287,516
287,520
287,528
287,547
287,549
287,550
287,553
287,554
287,556
287,561
287,562
287,564
287,568
287,579
287,581
287,582
287,585
287,586
287,588
287,593
287,594
287,596
287,600
287,615
287,619
287,621
287,622
287,627
287,629
287,630
287,633
287,634
287,636
287,643
287,645
287,646
287,649
287,650
287,652
287,657
287,658
287,660
287,664
287,679
287,683
287,685
287,686
287,691
287,693
287,694
287,697
287,698
287,700
287,711
287,715
287,717
287,718
287,723
287,725
287,726
287,729
287,730
287,732
287,801
287,802
287,804
287,808
287,816
287,867
287,869
287,870
287,873
287,874
287,876
287,881
287,882
287,884
287,888
287,931
287,933
287,934
287,937
287,938
287,940
287,945
287,946
287,948
287,952
287,1025
287,1026
287,1028
287,1032
287,1040
287,1059
287,1061
287,1062
287,1065
287,1066
287,1068
287,1073
287,1074
287,1076
287,1080
287,1091
287,1093
287,1094
287,1097
287,1098
287,1100
287,1105
287,1106
287,1108
287,1112
287,1127
287,1131
287,1133
287,1134
287,1139
287,1141
287,1142
287,1145
287,1146
287,1148
287,1155
287,1157
287,1158
287,1161
287,1162
287,1164
287,1169
287,1170
287,1172
287,1176
287,1191
287,1195
287,1197
287,1198
287,1203
287,1205
287,1206
287,1209
287,1210
287,1212
287,1223
287,1227
287,1229
287,1230
287,1235
287,1237
287,1238
287,1241
287,1242
287,1244
287,1313
287,1314
287,1316
287,1320
287,1328
287,1379
287,1381
287,1382
287,1385
287,1386
287,1388
287,1393
287,1394
287,1396
287,1400
287,1443
287,1445
287,1446
287,1449
287,1450
287,1452
287,1457
287,1458
287,1460
287,1464
287,1539
287,1541
287,1542
287,1545
287,1546
287,1548
287,1553
287,1554
287,1556
287,1560
287,1575
287,1579
287,1581
287,1582
287,1587
287,1589
287,1590
287,1593
287,1594
287,1596
287,1607
287,1611
287,1613
287,1614
287,1619
287,1621
287,1622
287,1625
287,1626
287,1628
287,1671
287,1675
287,1677
287,1678
287,1683
287,1685
287,1686
287,1689
287,1690
287,1692
287,1827
287,1829
287,1830
287,1833
287,1834
287,1836
287,1841
287,1842
287,1844
287,1848
288,335
288,343
288,347
288,349
288,350
288,399
288,407
288,411
288,413
288,414
288,455
288,459
288,461
288,462
288,467
288,469
288,470
288,473
288,474
288,476
288,519
288,523
288,525
288,526
288,531
288,533
288,534
288,537
288,538
288,540
288,559
288,567
288,571
288,573
288,574
288,579
288,581
288,582
288,585
288,586
288,588
288,593
288,594
288,596
288,600
288,615
288,619
288,621
288,622
288,627
288,629
288,630
288,633
288,634
288,636
288,643
288,645
288,646
288,649
288,650
288,652
288,657
288,658
288,660
288,664
288,679
288,683
288,685
288,686
288,691
288,693
288,694
288,697
288,698
288,700
288,739
288,741
288,742
288,745
288,746
288,748
288,753
288,754
288,756
288,760
288,783
288,791
288,795
288,797
288,798
288,839
288,843
288,845
288,846
288,851
288,853
288,854
288,857
288,858
288,860
288,903
288,907
288,909
288,910
288,915
288,917
288,918
288,921
288,922
288,924
288,1031
288,1035
288,1037
288,1038
288,1043
288,1045
288,1046
288,1049
288,1050
288,1052
288,1071
288,1079
288,1083
288,1085
288,1086
288,1091
288,1093
288,1094
288,1097
288,1098
288,1100
288,1105
288,1106
288,1108
288,1112
288,1127
288,1131
288,1133
288,1134
288,1139
288,1141
288,1142
288,1145
288,1146
288,1148
288,1155
288,1157
288,1158
288,1161
288,1162
288,1164
288,1169
288,1170
288,1172
288,1176
288,1191
288,1195
288,1197
288,1198
288,1203
288,1205
288,1206
288,1209
288,1210
288,1212
288,1251
288,1253
288,1254
288,1257
288,1258
288,1260
288,1265
288,1266
288,1268
288,1272
288,1295
288,1303
288,1307
288,1309
288,1310
288,1351
288,1355
288,1357
288,1358
288,1363
288,1365
288,1366
288,1369
288,1370
288,1372
288,1415
288,1419
288,1421
288,1422
288,1427
288,1429
288,1430
288,1433
288,1434
288,1436
288,1539
288,1541
288,1542
288,1545
288,1546
288,1548
288,1553
288,1554
288,1556
288,1560
288,1575
288,1579
288,1581
288,1582
288,1587
288,1589
288,1590
288,1593
288,1594
288,1596
288,1635
288,1637
288,1638
288,1641
288,1642
288,1644
288,1649
288,1650
288,1652
288,1656
288,1699
288,1701
288,1702
288,1705
288,1706
288,1708
288,1713
288,1714
288,1716
288,1720
288,1799
288,1803
288,1805
288,1806
288,1811
288,1813
288,1814
288,1817
288,1818
288,1820
291,332
291,340
291,344
291,349
291,350
291,380
291,396
291,404
291,408
291,413
291,414
291,444
291,461
291,462
291,469
291,470
291,473
291,474
291,492
291,500
291,504
291,516
291,520
291,525
291,526
291,528
291,533
291,534
291,537
291,538
291,543
291,556
291,564
291,568
291,573
291,574
291,581
291,582
291,585
291,586
291,591
291,593
291,594
291,599
291,603
291,612
291,616
291,621
291,622
291,624
291,629
291,630
291,633
291,634
291,645
291,646
291,649
291,650
291,655
291,657
291,658
291,663
291,667
291,676
291,680
291,685
291,686
291,688
291,693
291,694
291,697
291,698
291,711
291,715
291,723
291,741
291,742
291,745
291,746
291,753
291,754
291,780
291,788
291,792
291,797
291,798
291,828
291,845
291,846
291,853
291,854
291,857
291,858
291,876
291,884
291,888
291,909
291,910
291,917
291,918
291,921
291,922
291,940
291,948
291,952
291,1028
291,1032
291,1037
291,1038
291,1040
291,1045
291,1046
291,1049
291,1050
291,1055
291,1068
291,1076
291,1080
291,1085
291,1086
291,1093
291,1094
291,1097
291,1098
291,1103
291,1105
291,1106
291,1111
291,1115
291,1124
291,1128
291,1133
291,1134
291,1136
291,1141
291,1142
291,1145
291,1146
291,1157
291,1158
291,1161
291,1162
291,1167
291,1169
291,1170
291,1175
291,1179
291,1188
291,1192
291,1197
291,1198
291,1200
291,1205
291,1206
291,1209
291,1210
291,1223
291,1227
291,1235
291,1253
291,1254
291,1257
291,1258
291,1265
291,1266
291,1292
291,1300
291,1304
291,1309
291,1310
291,1340
291,1357
291,1358
291,1365
291,1366
291,1369
291,1370
291,1388
291,1396
291,1400
291,1421
291,1422
291,1429
291,1430
291,1433
291,1434
291,1452
291,1460
291,1464
291,1541
291,1542
291,1545
291,1546
291,1551
291,1553
291,1554
291,1559
291,1563
291,1572
291,1576
291,1581
291,1582
291,1584
291,1589
291,1590
291,1593
291,1594
291,1607
291,1611
291,1619
291,1637
291,1638
291,1641
291,1642
291,1649
291,1650
291,1671
291,1675
291,1683
291,1701
291,1702
291,1705
291,1706
291,1713
291,1714
291,1805
291,1806
291,1813
291,1814
291,1817
291,1818
291,1836
291,1844
291,1848
293,330
293,338
293,344
293,347
293,350
293,378
293,394
293,402
293,408
293,411
293,414
293,442
293,459
293,462
293,467
293,470
293,473
293,476
293,490
293,498
293,504
293,514
293,520
293,523
293,526
293,528
293,531
293,534
293,537
293,540
293,543
293,554
293,562
293,568
293,571
293,574
293,579
293,582
293,585
293,588
293,591
293,593
293,596
293,599
293,605
293,610
293,616
293,619
293,622
293,624
293,627
293,630
293,633
293,636
293,643
293,646
293,649
293,652
293,655
293,657
293,660
293,663
293,669
293,674
293,680
293,683
293,686
293,688
293,691
293,694
293,697
293,700
293,711
293,717
293,725
293,739
293,742
293,745
293,748
293,753
293,756
293,778
293,786
293,792
293,795
293,798
293,826
293,843
293,846
293,851
293,854
293,857
293,860
293,874
293,882
293,888
293,907
293,910
293,915
293,918
293,921
293,924
293,938
293,946
293,952
293,1026
293,1032
293,1035
293,1038
293,1040
293,1043
293,1046
293,1049
293,1052
293,1055
293,1066
293,1074
293,1080
293,1083
293,1086
293,1091
293,1094
293,1097
293,1100
293,1103
293,1105
293,1108
293,1111
293,1117
293,1122
293,1128
293,1131
293,1134
293,1136
293,1139
293,1142
293,1145
293,1148
293,1155
293,1158
293,1161
293,1164
293,1167
293,1169
293,1172
293,1175
293,1181
293,1186
293,1192
293,1195
293,1198
293,1200
293,1203
293,1206
293,1209
293,1212
293,1223
293,1229
293,1237
293,1251
293,1254
293,1257
293,1260
293,1265
293,1268
293,1290
293,1298
293,1304
293,1307
293,1310
293,1338
293,1355
293,1358
293,1363
293,1366
293,1369
293,1372
293,1386
293,1394
293,1400
293,1419
293,1422
293,1427
293,1430
293,1433
293,1436
293,1450
293,1458
293,1464
293,1539
293,1542
293,1545
293,1548
293,1551
293,1553
293,1556
293,1559
293,1565
293,1570
293,1576
293,1579
293,1582
293,1584
293,1587
293,1590
293,1593
293,1596
293,1607
293,1613
293,1621
293,1635
293,1638
293,1641
293,1644
293,1649
293,1652
293,1671
293,1677
293,1685
293,1699
293,1702
293,1705
293,1708
293,1713
293,1716
293,1803
293,1806
293,1811
293,1814
293,1817
293,1820
293,1834
293,1842
293,1848
294,329
294,337
294,344
294,347
294,349
294,377
294,393
294,401
294,408
294,411
294,413
294,441
294,459
294,461
294,467
294,469
294,474
294,476
294,489
294,497
294,504
294,513
294,520
294,523
294,525
294,528
294,531
294,533
294,538
294,540
294,543
294,553
294,561
294,568
294,571
294,573
294,579
294,581
294,586
294,588
294,591
294,594
294,596
294,599
294,606
294,609
294,616
294,619
294,621
294,624
294,627
294,629
294,634
294,636
294,643
294,645
294,650
294,652
294,655
294,658
294,660
294,663
294,670
294,673
294,680
294,683
294,685
294,688
294,691
294,693
294,698
294,700
294,711
294,718
294,726
294,739
294,741
294,746
294,748
294,754
294,756
294,777
294,785
294,792
294,795
294,797
294,825
294,843
294,845
294,851
294,853
294,858
294,860
294,873
294,881
294,888
294,907
294,909
294,915
294,917
294,922
294,924
294,937
294,945
294,952
294,1025
294,1032
294,1035
294,1037
294,1040
294,1043
294,1045
294,1050
294,1052
294,1055
294,1065
294,1073
294,1080
294,1083
294,1085
294,1091
294,1093
294,1098
294,1100
294,1103
294,1106
294,1108
294,1111
294,1118
294,1121
294,1128
294,1131
294,1133
294,1136
294,1139
294,1141
294,1146
294,1148
294,1155
294,1157
294,1162
294,1164
294,1167
294,1170
294,1172
294,1175
294,1182
294,1185
294,1192
294,1195
294,1197
294,1200
294,1203
294,1205
294,1210
294,1212
294,1223
294,1230
294,1238
294,1251
294,1253
294,1258
294,1260
294,1266
294,1268
294,1289
294,1297
294,1304
294,1307
294,1309
294,1337
294,1355
294,1357
294,1363
294,1365
294,1370
294,1372
294,1385
294,1393
294,1400
294,1419
294,1421
294,1427
294,1429
294,1434
294,1436
294,1449
294,1457
294,1464
294,1539
294,1541
294,1546
294,1548
294,1551
294,1554
294,1556
294,1559
294,1566
294,1569
294,1576
294,1579
294,1581
294,1584
294,1587
294,1589
294,1594
294,1596
294,1607
294,1614
294,1622
294,1635
294,1637
294,1642
294,1644
294,1650
294,1652
294,1671
294,1678
294,1686
294,1699
294,1701
294,1706
294,1708
294,1714
294,1716
294,1803
294,1805
294,1811
294,1813
294,1818
294,1820
294,1833
294,1841
294,1848
297,326
297,338
297,340
297,343
297,350
297,374
297,390
297,402
297,404
297,407
297,414
297,438
297,455
297,462
297,467
297,469
297,474
297,476
297,486
297,498
297,500
297,514
297,516
297,519
297,526
297,528
297,531
297,533
297,538
297,540
297,543
297,550
297,562
297,564
297,567
297,574
297,579
297,581
297,586
297,588
297,591
297,593
297,600
297,603
297,605
297,610
297,612
297,615
297,622
297,624
297,627
297,629
297,634
297,636
297,643
297,645
297,650
297,652
297,655
297,657
297,664
297,667
297,669
297,674
297,676
297,679
297,686
297,688
297,691
297,693
297,698
297,700
297,715
297,717
297,729
297,739
297,741
297,746
297,748
297,753
297,760
297,774
297,786
297,788
297,791
297,798
297,822
297,839
297,846
297,851
297,853
297,858
297,860
297,870
297,882
297,884
297,903
297,910
297,915
297,917
297,922
297,924
297,934
297,946
297,948
297,1026
297,1028
297,1031
297,1038
297,1040
297,1043
297,1045
297,1050
297,1052
297,1055
297,1062
297,1074
297,1076
297,1079
297,1086
297,1091
297,1093
297,1098
297,1100
297,1103
297,1105
297,1112
297,1115
297,1117
297,1122
297,1124
297,1127
297,1134
297,1136
297,1139
297,1141
297,1146
297,1148
297,1155
297,1157
297,1162
297,1164
297,1167
297,1169
297,1176
297,1179
297,1181
297,1186
297,1188
297,1191
297,1198
297,1200
297,1203
297,1205
297,1210
297,1212
297,1227
297,1229
297,1241
297,1251
297,1253
297,1258
297,1260
297,1265
297,1272
297,1286
297,1298
297,1300
297,1303
297,1310
297,1334
297,1351
297,1358
297,1363
297,1365
297,1370
297,1372
297,1382
297,1394
297,1396
297,1415
297,1422
297,1427
297,1429
297,1434
297,1436
297,1446
297,1458
297,1460
297,1539
297,1541
297,1546
297,1548
297,1551
297,1553
297,1560
297,1563
297,1565
297,1570
297,1572
297,1575
297,1582
297,1584
297,1587
297,1589
297,1594
297,1596
297,1611
297,1613
297,1625
297,1635
297,1637
297,1642
297,1644
297,1649
297,1656
297,1675
297,1677
297,1689
297,1699
297,1701
297,1706
297,1708
297,1713
297,1720
297,1799
297,1806
297,1811
297,1813
297,1818
297,1820
297,1830
297,1842
297,1844
298,325
298,337
298,340
298,343
298,349
298,373
298,389
298,401
298,404
298,407
298,413
298,437
298,455
298,461
298,467
298,470
298,473
298,476
298,485
298,497
298,500
298,513
298,516
298,519
298,525
298,528
298,531
298,534
298,537
298,540
298,543
298,549
298,561
298,564
298,567
298,573
298,579
298,582
298,585
298,588
298,591
298,594
298,600
298,603
298,606
298,609
298,612
298,615
298,621
298,624
298,627
298,630
298,633
298,636
298,643
298,646
298,649
298,652
298,655
298,658
298,664
298,667
298,670
298,673
298,676
298,679
298,685
298,688
298,691
298,694
298,697
298,700
298,715
298,718
298,730
298,739
298,742
298,745
298,748
298,754
298,760
298,773
298,785
298,788
298,791
298,797
298,821
298,839
298,845
298,851
298,854
298,857
298,860
298,869
298,881
298,884
298,903
298,909
298,915
298,918
298,921
298,924
298,933
298,945
298,948
298,1025
298,1028
298,1031
298,1037
298,1040
298,1043
298,1046
298,1049
298,1052
298,1055
298,1061
298,1073
298,1076
298,1079
298,1085
298,1091
298,1094
298,1097
298,1100
298,1103
298,1106
298,1112
298,1115
298,1118
298,1121
298,1124
298,1127
298,1133
298,1136
298,1139
298,1142
298,1145
298,1148
298,1155
298,1158
298,1161
298,1164
298,1167
298,1170
298,1176
298,1179
298,1182
298,1185
298,1188
298,1191
298,1197
298,1200
298,1203
298,1206
298,1209
298,1212
298,1227
298,1230
298,1242
298,1251
298,1254
298,1257
298,1260
298,1266
298,1272
298,1285
298,1297
298,1300
298,1303
298,1309
298,1333
298,1351
298,1357
298,1363
298,1366
298,1369
298,1372
298,1381
298,1393
298,1396
298,1415
298,1421
298,1427
298,1430
298,1433
298,1436
298,1445
298,1457
298,1460
298,1539
298,1542
298,1545
298,1548
298,1551
298,1554
298,1560
298,1563
298,1566
298,1569
298,1572
298,1575
298,1581
298,1584
298,1587
298,1590
298,1593
298,1596
298,1611
298,1614
298,1626
298,1635
298,1638
298,1641
298,1644
298,1650
298,1656
298,1675
298,1678
298,1690
298,1699
298,1702
298,1705
298,1708
298,1714
298,1720
298,1799
298,1805
298,1811
298,1814
298,1817
298,1820
298,1829
298,1841
298,1844
300,323
300,337
300,338
300,343
300,347
300,371
300,387
300,401
300,402
300,407
300,411
300,435
300,455
300,459
300,469
300,470
300,473
300,474
300,483
300,497
300,498
300,513
300,514
300,519
300,523
300,528
300,533
300,534
300,537
300,538
300,543
300,547
300,561
300,562
300,567
300,571
300,581
300,582
300,585
300,586
300,591
300,596
300,600
300,605
300,606
300,609
300,610
300,615
300,619
300,624
300,629
300,630
300,633
300,634
300,645
300,646
300,649
300,650
300,655
300,660
300,664
300,669
300,670
300,673
300,674
300,679
300,683
300,688
300,693
300,694
300,697
300,698
300,717
300,718
300,732
300,741
300,742
300,745
300,746
300,756
300,760
300,771
300,785
300,786
300,791
300,795
300,819
300,839
300,843
300,853
300,854
300,857
300,858
300,867
300,881
300,882
300,903
300,907
300,917
300,918
300,921
300,922
300,931
300,945
300,946
300,1025
300,1026
300,1031
300,1035
300,1040
300,1045
300,1046
300,1049
300,1050
300,1055
300,1059
300,1073
300,1074
300,1079
300,1083
300,1093
300,1094
300,1097
300,1098
300,1103
300,1108
300,1112
300,1117
300,1118
300,1121
300,1122
300,1127
300,1131
300,1136
300,1141
300,1142
300,1145
300,1146
300,1157
300,1158
300,1161
300,1162
300,1167
300,1172
300,1176
300,1181
300,1182
300,1185
300,1186
300,1191
300,1195
300,1200
300,1205
300,1206
300,1209
300,1210
300,1229
300,1230
300,1244
300,1253
300,1254
300,1257
300,1258
300,1268
300,1272
300,1283
300,1297
300,1298
300,1303
300,1307
300,1331
300,1351
300,1355
300,1365
300,1366
300,1369
300,1370
300,1379
300,1393
300,1394
300,1415
300,1419
300,1429
300,1430
300,1433
300,1434
300,1443
300,1457
300,1458
300,1541
300,1542
300,1545
300,1546
300,1551
300,1556
300,1560
300,1565
300,1566
300,1569
300,1570
300,1575
300,1579
300,1584
300,1589
300,1590
300,1593
300,1594
300,1613
300,1614
300,1628
300,1637
300,1638
300,1641
300,1642
300,1652
300,1656
300,1677
300,1678
300,1692
300,1701
300,1702
300,1705
300,1706
300,1716
300,1720
300,1799
300,1803
300,1813
300,1814
300,1817
300,1818
300,1827
300,1841
300,1842
303,337
303,338
303,340
303,344
303,368
303,401
303,402
303,404
303,408
303,432
303,467
303,469
303,470
303,473
303,474
303,476
303,497
303,498
303,500
303,504
303,513
303,514
303,516
303,520
303,531
303,533
303,534
303,537
303,538
303,540
303,544
303,561
303,562
303,564
303,568
303,579
303,581
303,582
303,585
303,586
303,588
303,599
303,603
303,605
303,606
303,609
303,610
303,612
303,616
303,627
303,629
303,630
303,633
303,634
303,636
303,643
303,645
303,646
303,649
303,650
303,652
303,663
303,667
303,669
303,670
303,673
303,674
303,676
303,680
303,691
303,693
303,694
303,697
303,698
303,700
303,711
303,715
303,717
303,718
303,739
303,741
303,742
303,745
303,746
303,748
303,785
303,786
303,788
303,792
303,816
303,851
303,853
303,854
303,857
303,858
303,860
303,881
303,882
303,884
303,888
303,915
303,917
303,918
303,921
303,922
303,924
303,945
303,946
303,948
303,952
303,1025
303,1026
303,1028
303,1032
303,1043
303,1045
303,1046
303,1049
303,1050
303,1052
303,1056
303,1073
303,1074
303,1076
303,1080
303,1091
303,1093
303,1094
303,1097
303,1098
303,1100
303,1111
303,1115
303,1117
303,1118
303,1121
303,1122
303,1124
303,1128
303,1139
303,1141
303,1142
303,1145
303,1146
303,1148
303,1155
303,1157
303,1158
303,1161
303,1162
303,1164
303,1175
303,1179
303,1181
303,1182
303,1185
303,1186
303,1188
303,1192
303,1203
303,1205
303,1206
303,1209
303,1210
303,1212
303,1223
303,1227
303,1229
303,1230
303,1251
303,1253
303,1254
303,1257
303,1258
303,1260
303,1297
303,1298
303,1300
303,1304
303,1328
303,1363
303,1365
303,1366
303,1369
303,1370
303,1372
303,1393
303,1394
303,1396
303,1400
303,1427
303,1429
303,1430
303,1433
303,1434
303,1436
303,1457
303,1458
303,1460
303,1464
303,1539
303,1541
303,1542
303,1545
303,1546
303,1548
303,1559
303,1563
303,1565
303,1566
303,1569
303,1570
303,1572
303,1576
303,1587
303,1589
303,1590
303,1593
303,1594
303,1596
303,1607
303,1611
303,1613
303,1614
303,1635
303,1637
303,1638
303,1641
303,1642
303,1644
303,1671
303,1675
303,1677
303,1678
303,1699
303,1701
303,1702
303,1705
303,1706
303,1708
303,1811
303,1813
303,1814
303,1817
303,1818
303,1820
303,1841
303,1842
303,1844
303,1848
305,326
305,330
305,332
305,335
305,350
305,366
305,390
305,394
305,396
305,399
305,414
305,430
305,455
305,459
305,461
305,470
305,474
305,476
305,486
305,490
305,492
305,514
305,516
305,519
305,520
305,523
305,525
305,534
305,538
305,540
305,543
305,550
305,554
305,556
305,559
305,574
305,579
305,581
305,585
305,594
305,596
305,599
305,600
305,603
305,605
305,610
305,612
305,615
305,616
305,619
305,621
305,630
305,634
305,636
305,643
305,645
305,649
305,658
305,660
305,663
305,664
305,667
305,669
305,674
305,676
305,679
305,680
305,683
305,685
305,694
305,698
305,700
305,723
305,725
305,729
305,739
305,741
305,745
305,754
305,756
305,760
305,774
305,778
305,780
305,783
305,798
305,814
305,839
305,843
305,845
305,854
305,858
305,860
305,870
305,874
305,876
305,903
305,907
305,909
305,918
305,922
305,924
305,934
305,938
305,940
305,1026
305,1028
305,1031
305,1032
305,1035
305,1037
305,1046
305,1050
305,1052
305,1055
305,1062
305,1066
305,1068
305,1071
305,1086
305,1091
305,1093
305,1097
305,1106
305,1108
305,1111
305,1112
305,1115
305,1117
305,1122
305,1124
305,1127
305,1128
305,1131
305,1133
305,1142
305,1146
305,1148
305,1155
305,1157
305,1161
305,1170
305,1172
305,1175
305,1176
305,1179
305,1181
305,1186
305,1188
305,1191
305,1192
305,1195
305,1197
305,1206
305,1210
305,1212
305,1235
305,1237
305,1241
305,1251
305,1253
305,1257
305,1266
305,1268
305,1272
305,1286
305,1290
305,1292
305,1295
305,1310
305,1326
305,1351
305,1355
305,1357
305,1366
305,1370
305,1372
305,1382
305,1386
305,1388
305,1415
305,1419
305,1421
305,1430
305,1434
305,1436
305,1446
305,1450
305,1452
305,1539
305,1541
305,1545
305,1554
305,1556
305,1559
305,1560
305,1563
305,1565
305,1570
305,1572
305,1575
305,1576
305,1579
305,1581
305,1590
305,1594
305,1596
305,1619
305,1621
305,1625
305,1635
305,1637
305,1641
305,1650
305,1652
305,1656
305,1683
305,1685
305,1689
305,1699
305,1701
305,1705
305,1714
305,1716
305,1720
305,1799
305,1803
305,1805
305,1814
305,1818
305,1820
305,1830
305,1834
305,1836
306,325
306,329
306,332
306,335
306,349
306,365
306,389
306,393
306,396
306,399
306,413
306,429
306,455
306,459
306,462
306,469
306,473
306,476
306,485
306,489
306,492
306,513
306,516
306,519
306,520
306,523
306,526
306,533
306,537
306,540
306,543
306,549
306,553
306,556
306,559
306,573
306,579
306,582
306,586
306,593
306,596
306,599
306,600
306,603
306,606
306,609
306,612
306,615
306,616
306,619
306,622
306,629
306,633
306,636
306,643
306,646
306,650
306,657
306,660
306,663
306,664
306,667
306,670
306,673
306,676
306,679
306,680
306,683
306,686
306,693
306,697
306,700
306,723
306,726
306,730
306,739
306,742
306,746
306,753
306,756
306,760
306,773
306,777
306,780
306,783
306,797
306,813
306,839
306,843
306,846
306,853
306,857
306,860
306,869
306,873
306,876
306,903
306,907
306,910
306,917
306,921
306,924
306,933
306,937
306,940
306,1025
306,1028
306,1031
306,1032
306,1035
306,1038
306,1045
306,1049
306,1052
306,1055
306,1061
306,1065
306,1068
306,1071
306,1085
306,1091
306,1094
306,1098
306,1105
306,1108
306,1111
306,1112
306,1115
306,1118
306,1121
306,1124
306,1127
306,1128
306,1131
306,1134
306,1141
306,1145
306,1148
306,1155
306,1158
306,1162
306,1169
306,1172
306,1175
306,1176
306,1179
306,1182
306,1185
306,1188
306,1191
306,1192
306,1195
306,1198
306,1205
306,1209
306,1212
306,1235
306,1238
306,1242
306,1251
306,1254
306,1258
306,1265
306,1268
306,1272
306,1285
306,1289
306,1292
306,1295
306,1309
306,1325
306,1351
306,1355
306,1358
306,1365
306,1369
306,1372
306,1381
306,1385
306,1388
306,1415
306,1419
306,1422
306,1429
306,1433
306,1436
306,1445
306,1449
306,1452
306,1539
306,1542
306,1546
306,1553
306,1556
306,1559
306,1560
306,1563
306,1566
306,1569
306,1572
306,1575
306,1576
306,1579
306,1582
306,1589
306,1593
306,1596
306,1619
306,1622
306,1626
306,1635
306,1638
306,1642
306,1649
306,1652
306,1656
306,1683
306,1686
306,1690
306,1699
306,1702
306,1706
306,1713
306,1716
306,1720
306,1799
306,1803
306,1806
306,1813
306,1817
306,1820
306,1829
306,1833
306,1836
308,323
308,329
308,330
308,335
308,347
308,363
308,387
308,393
308,394
308,399
308,411
308,427
308,455
308,461
308,462
308,467
308,473
308,474
308,483
308,489
308,490
308,513
308,514
308,519
308,520
308,525
308,526
308,531
308,537
308,538
308,543
308,547
308,553
308,554
308,559
308,571
308,581
308,582
308,588
308,593
308,594
308,599
308,600
308,605
308,606
308,609
308,610
308,615
308,616
308,621
308,622
308,627
308,633
308,634
308,645
308,646
308,652
308,657
308,658
308,663
308,664
308,669
308,670
308,673
308,674
308,679
308,680
308,685
308,686
308,691
308,697
308,698
308,725
308,726
308,732
308,741
308,742
308,748
308,753
308,754
308,760
308,771
308,777
308,778
308,783
308,795
308,811
308,839
308,845
308,846
308,851
308,857
308,858
308,867
308,873
308,874
308,903
308,909
308,910
308,915
308,921
308,922
308,931
308,937
308,938
308,1025
308,1026
308,1031
308,1032
308,1037
308,1038
308,1043
308,1049
308,1050
308,1055
308,1059
308,1065
308,1066
308,1071
308,1083
308,1093
308,1094
308,1100
308,1105
308,1106
308,1111
308,1112
308,1117
308,1118
308,1121
308,1122
308,1127
308,1128
308,1133
308,1134
308,1139
308,1145
308,1146
308,1157
308,1158
308,1164
308,1169
308,1170
308,1175
308,1176
308,1181
308,1182
308,1185
308,1186
308,1191
308,1192
308,1197
308,1198
308,1203
308,1209
308,1210
308,1237
308,1238
308,1244
308,1253
308,1254
308,1260
308,1265
308,1266
308,1272
308,1283
308,1289
308,1290
308,1295
308,1307
308,1323
308,1351
308,1357
308,1358
308,1363
308,1369
308,1370
308,1379
308,1385
308,1386
308,1415
308,1421
308,1422
308,1427
308,1433
308,1434
308,1443
308,1449
308,1450
308,1541
308,1542
308,1548
308,1553
308,1554
308,1559
308,1560
308,1565
308,1566
308,1569
308,1570
308,1575
308,1576
308,1581
308,1582
308,1587
308,1593
308,1594
308,1621
308,1622
308,1628
308,1637
308,1638
308,1644
308,1649
308,1650
308,1656
308,1685
308,1686
308,1692
308,1701
308,1702
308,1708
308,1713
308,1714
308,1720
308,1799
308,1805
308,1806
308,1811
308,1817
308,1818
308,1827
308,1833
308,1834
311,329
311,330
311,332
311,344
311,360
311,393
311,394
311,396
311,408
311,424
311,459
311,461
311,462
311,473
311,474
311,476
311,489
311,490
311,492
311,504
311,513
311,514
311,516
311,523
311,525
311,526
311,528
311,537
311,538
311,540
311,544
311,553
311,554
311,556
311,568
311,579
311,581
311,582
311,591
311,593
311,594
311,596
311,603
311,605
311,606
311,609
311,610
311,612
311,619
311,621
311,622
311,624
311,633
311,634
311,636
311,643
311,645
311,646
311,655
311,657
311,658
311,660
311,667
311,669
311,670
311,673
311,674
311,676
311,683
311,685
311,686
311,688
311,697
311,698
311,700
311,711
311,723
311,725
311,726
311,739
311,741
311,742
311,753
311,754
311,756
311,777
311,778
311,780
311,792
311,808
311,843
311,845
311,846
311,857
311,858
311,860
311,873
311,874
311,876
311,888
311,907
311,909
311,910
311,921
311,922
311,924
311,937
311,938
311,940
311,952
311,1025
311,1026
311,1028
311,1035
311,1037
311,1038
311,1040
311,1049
311,1050
311,1052
311,1056
311,1065
311,1066
311,1068
311,1080
311,1091
311,1093
311,1094
311,1103
311,1105
311,1106
311,1108
311,1115
311,1117
311,1118
311,1121
311,1122
311,1124
311,1131
311,1133
311,1134
311,1136
311,1145
311,1146
311,1148
311,1155
311,1157
311,1158
311,1167
311,1169
311,1170
311,1172
311,1179
311,1181
311,1182
311,1185
311,1186
311,1188
311,1195
311,1197
311,1198
311,1200
311,1209
311,1210
311,1212
311,1223
311,1235
311,1237
311,1238
311,1251
311,1253
311,1254
311,1265
311,1266
311,1268
311,1289
311,1290
311,1292
311,1304
311,1320
311,1355
311,1357
311,1358
311,1369
311,1370
311,1372
311,1385
311,1386
311,1388
311,1400
311,1419
311,1421
311,1422
311,1433
311,1434
311,1436
311,1449
311,1450
311,1452
311,1464
311,1539
311,1541
311,1542
311,1551
311,1553
311,1554
311,1556
311,1563
311,1565
311,1566
311,1569
311,1570
311,1572
311,1579
311,1581
311,1582
311,1584
311,1593
311,1594
311,1596
311,1607
311,1619
311,1621
311,1622
311,1635
311,1637
311,1638
311,1649
311,1650
311,1652
311,1671
311,1683
311,1685
311,1686
311,1699
311,1701
311,1702
311,1713
311,1714
311,1716
311,1803
311,1805
311,1806
311,1817
311,1818
311,1820
311,1833
311,1834
311,1836
311,1848
312,323
312,325
312,326
312,335
312,343
312,359
312,387
312,389
312,390
312,399
312,407
312,423
312,459
312,461
312,462
312,467
312,469
312,470
312,483
312,485
312,486
312,513
312,514
312,516
312,523
312,525
312,526
312,531
312,533
312,534
312,543
312,547
312,549
312,550
312,559
312,567
312,585
312,586
312,588
312,593
312,594
312,596
312,603
312,605
312,606
312,609
312,610
312,612
312,619
312,621
312,622
312,627
312,629
312,630
312,649
312,650
312,652
312,657
312,658
312,660
312,667
312,669
312,670
312,673
312,674
312,676
312,683
312,685
312,686
312,691
312,693
312,694
312,729
312,730
312,732
312,745
312,746
312,748
312,753
312,754
312,756
312,771
312,773
312,774
312,783
312,791
312,807
312,843
312,845
312,846
312,851
312,853
312,854
312,867
312,869
312,870
312,907
312,909
312,910
312,915
312,917
312,918
312,931
312,933
312,934
312,1025
312,1026
312,1028
312,1035
312,1037
312,1038
312,1043
312,1045
312,1046
312,1055
312,1059
312,1061
312,1062
312,1071
312,1079
312,1097
312,1098
312,1100
312,1105
312,1106
312,1108
312,1115
312,1117
312,1118
312,1121
312,1122
312,1124
312,1131
312,1133
312,1134
312,1139
312,1141
312,1142
312,1161
312,1162
312,1164
312,1169
312,1170
312,1172
312,1179
312,1181
312,1182
312,1185
312,1186
312,1188
312,1195
312,1197
312,1198
312,1203
312,1205
312,1206
312,1241
312,1242
312,1244
312,1257
312,1258
312,1260
312,1265
312,1266
312,1268
312,1283
312,1285
312,1286
312,1295
312,1303
312,1319
312,1355
312,1357
312,1358
312,1363
312,1365
312,1366
312,1379
312,1381
312,1382
312,1419
312,1421
312,1422
312,1427
312,1429
312,1430
312,1443
312,1445
312,1446
312,1545
312,1546
312,1548
312,1553
312,1554
312,1556
312,1563
312,1565
312,1566
312,1569
312,1570
312,1572
312,1579
312,1581
312,1582
312,1587
312,1589
312,1590
312,1625
312,1626
312,1628
312,1641
312,1642
312,1644
312,1649
312,1650
312,1652
312,1689
312,1690
312,1692
312,1705
312,1706
312,1708
312,1713
312,1714
312,1716
312,1803
312,1805
312,1806
312,1811
312,1813
312,1814
312,1827
312,1829
312,1830
315,325
315,326
315,332
315,340
315,356
315,389
315,390
315,396
315,404
315,420
315,455
315,461
315,462
315,469
315,470
315,476
315,485
315,486
315,492
315,500
315,513
315,514
315,519
315,520
315,525
315,526
315,528
315,533
315,534
315,540
315,544
315,549
315,550
315,556
315,564
315,579
315,585
315,586
315,591
315,593
315,594
315,599
315,600
315,605
315,606
315,609
315,610
315,615
315,616
315,621
315,622
315,624
315,629
315,630
315,636
315,643
315,649
315,650
315,655
315,657
315,658
315,663
315,664
315,669
315,670
315,673
315,674
315,679
315,680
315,685
315,686
315,688
315,693
315,694
315,700
315,715
315,723
315,729
315,730
315,739
315,745
315,746
315,753
315,754
315,760
315,773
315,774
315,780
315,788
315,804
315,839
315,845
315,846
315,853
315,854
315,860
315,869
315,870
315,876
315,884
315,903
315,909
315,910
315,917
315,918
315,924
315,933
315,934
315,940
315,948
315,1025
315,1026
315,1031
315,1032
315,1037
315,1038
315,1040
315,1045
315,1046
315,1052
315,1056
315,1061
315,1062
315,1068
315,1076
315,1091
315,1097
315,1098
315,1103
315,1105
315,1106
315,1111
315,1112
315,1117
315,1118
315,1121
315,1122
315,1127
315,1128
315,1133
315,1134
315,1136
315,1141
315,1142
315,1148
315,1155
315,1161
315,1162
315,1167
315,1169
315,1170
315,1175
315,1176
315,1181
315,1182
315,1185
315,1186
315,1191
315,1192
315,1197
315,1198
315,1200
315,1205
315,1206
315,1212
315,1227
315,1235
315,1241
315,1242
315,1251
315,1257
315,1258
315,1265
315,1266
315,1272
315,1285
315,1286
315,1292
315,1300
315,1316
315,1351
315,1357
315,1358
315,1365
315,1366
315,1372
315,1381
315,1382
315,1388
315,1396
315,1415
315,1421
315,1422
315,1429
315,1430
315,1436
315,1445
315,1446
315,1452
315,1460
315,1539
315,1545
315,1546
315,1551
315,1553
315,1554
315,1559
315,1560
315,1565
315,1566
315,1569
315,1570
315,1575
315,1576
315,1581
315,1582
315,1584
315,1589
315,1590
315,1596
315,1611
315,1619
315,1625
315,1626
315,1635
315,1641
315,1642
315,1649
315,1650
315,1656
315,1675
315,1683
315,1689
315,1690
315,1699
315,1705
315,1706
315,1713
315,1714
315,1720
315,1799
315,1805
315,1806
315,1813
315,1814
315,1820
315,1829
315,1830
315,1836
315,1844
317,323
317,326
317,330
317,338
317,354
317,387
317,390
317,394
317,402
317,418
317,455
317,459
317,462
317,467
317,470
317,474
317,483
317,486
317,490
317,498
317,513
317,516
317,519
317,520
317,523
317,526
317,528
317,531
317,534
317,538
317,544
317,547
317,550
317,554
317,562
317,581
317,585
317,588
317,591
317,593
317,596
317,599
317,600
317,603
317,606
317,609
317,612
317,615
317,616
317,619
317,622
317,624
317,627
317,630
317,634
317,645
317,649
317,652
317,655
317,657
317,660
317,663
317,664
317,667
317,670
317,673
317,676
317,679
317,680
317,683
317,686
317,688
317,691
317,694
317,698
317,717
317,725
317,729
317,732
317,741
317,745
317,748
317,753
317,756
317,760
317,771
317,774
317,778
317,786
317,802
317,839
317,843
317,846
317,851
317,854
317,858
317,867
317,870
317,874
317,882
317,903
317,907
317,910
317,915
317,918
317,922
317,931
317,934
317,938
317,946
317,1025
317,1028
317,1031
317,1032
317,1035
317,1038
317,1040
317,1043
317,1046
317,1050
317,1056
317,1059
317,1062
317,1066
317,1074
317,1093
317,1097
317,1100
317,1103
317,1105
317,1108
317,1111
317,1112
317,1115
317,1118
317,1121
317,1124
317,1127
317,1128
317,1131
317,1134
317,1136
317,1139
317,1142
317,1146
317,1157
317,1161
317,1164
317,1167
317,1169
317,1172
317,1175
317,1176
317,1179
317,1182
317,1185
317,1188
317,1191
317,1192
317,1195
317,1198
317,1200
317,1203
317,1206
317,1210
317,1229
317,1237
317,1241
317,1244
317,1253
317,1257
317,1260
317,1265
317,1268
317,1272
317,1283
317,1286
317,1290
317,1298
317,1314
317,1351
317,1355
317,1358
317,1363
317,1366
317,1370
317,1379
317,1382
317,1386
317,1394
317,1415
317,1419
317,1422
317,1427
317,1430
317,1434
317,1443
317,1446
317,1450
317,1458
317,1541
317,1545
317,1548
317,1551
317,1553
317,1556
317,1559
317,1560
317,1563
317,1566
317,1569
317,1572
317,1575
317,1576
317,1579
317,1582
317,1584
317,1587
317,1590
317,1594
317,1613
317,1621
317,1625
317,1628
317,1637
317,1641
317,1644
317,1649
317,1652
317,1656
317,1677
317,1685
317,1689
317,1692
317,1701
317,1705
317,1708
317,1713
317,1716
317,1720
317,1799
317,1803
317,1806
317,1811
317,1814
317,1818
317,1827
317,1830
317,1834
317,1842
318,323
318,325
318,329
318,337
318,353
318,387
318,389
318,393
318,401
318,417
318,455
318,459
318,461
318,467
318,469
318,473
318,483
318,485
318,489
318,497
318,514
318,516
318,519
318,520
318,523
318,525
318,528
318,531
318,533
318,537
318,544
318,547
318,549
318,553
318,561
318,582
318,586
318,588
318,591
318,594
318,596
318,599
318,600
318,603
318,605
318,610
318,612
318,615
318,616
318,619
318,621
318,624
318,627
318,629
318,633
318,646
318,650
318,652
318,655
318,658
318,660
318,663
318,664
318,667
318,669
318,674
318,676
318,679
318,680
318,683
318,685
318,688
318,691
318,693
318,697
318,718
318,726
318,730
318,732
318,742
318,746
318,748
318,754
318,756
318,760
318,771
318,773
318,777
318,785
318,801
318,839
318,843
318,845
318,851
318,853
318,857
318,867
318,869
318,873
318,881
318,903
318,907
318,909
318,915
318,917
318,921
318,931
318,933
318,937
318,945
318,1026
318,1028
318,1031
318,1032
318,1035
318,1037
318,1040
318,1043
318,1045
318,1049
318,1056
318,1059
318,1061
318,1065
318,1073
318,1094
318,1098
318,1100
318,1103
318,1106
318,1108
318,1111
318,1112
318,1115
318,1117
318,1122
318,1124
318,1127
318,1128
318,1131
318,1133
318,1136
318,1139
318,1141
318,1145
318,1158
318,1162
318,1164
318,1167
318,1170
318,1172
318,1175
318,1176
318,1179
318,1181
318,1186
318,1188
318,1191
318,1192
318,1195
318,1197
318,1200
318,1203
318,1205
318,1209
318,1230
318,1238
318,1242
318,1244
318,1254
318,1258
318,1260
318,1266
318,1268
318,1272
318,1283
318,1285
318,1289
318,1297
318,1313
318,1351
318,1355
318,1357
318,1363
318,1365
318,1369
318,1379
318,1381
318,1385
318,1393
318,1415
318,1419
318,1421
318,1427
318,1429
318,1433
318,1443
318,1445
318,1449
318,1457
318,1542
318,1546
318,1548
318,1551
318,1554
318,1556
318,1559
318,1560
318,1563
318,1565
318,1570
318,1572
318,1575
318,1576
318,1579
318,1581
318,1584
318,1587
318,1589
318,1593
318,1614
318,1622
318,1626
318,1628
318,1638
318,1642
318,1644
318,1650
318,1652
318,1656
318,1678
318,1686
318,1690
318,1692
318,1702
318,1706
318,1708
318,1714
318,1716
318,1720
318,1799
318,1803
318,1805
318,1811
318,1813
318,1817
318,1827
318,1829
318,1833
318,1841
323,380
323,396
323,404
323,408
323,413
323,414
323,420
323,424
323,429
323,430
323,432
323,437
323,438
323,441
323,442
323,476
323,492
323,500
323,504
323,516
323,520
323,525
323,526
323,528
323,533
323,534
323,537
323,538
323,543
323,544
323,549
323,550
323,553
323,554
323,559
323,561
323,562
323,567
323,571
323,588
323,596
323,600
323,605
323,606
323,612
323,616
323,621
323,622
323,624
323,629
323,630
323,633
323,634
323,645
323,646
323,649
323,650
323,655
323,657
323,658
323,663
323,667
323,673
323,674
323,679
323,683
323,691
323,717
323,718
323,725
323,726
323,729
323,730
323,741
323,742
323,745
323,746
323,753
323,754
323,780
323,788
323,792
323,797
323,798
323,804
323,808
323,813
323,814
323,816
323,821
323,822
323,825
323,826
323,860
323,876
323,884
323,888
323,909
323,910
323,917
323,918
323,921
323,922
323,933
323,934
323,937
323,938
323,945
323,946
323,1028
323,1032
323,1037
323,1038
323,1040
323,1045
323,1046
323,1049
323,1050
323,1055
323,1056
323,1061
323,1062
323,1065
323,1066
323,1071
323,1073
323,1074
323,1079
323,1083
323,1100
323,1108
323,1112
323,1117
323,1118
323,1124
323,1128
323,1133
323,1134
323,1136
323,1141
323,1142
323,1145
323,1146
323,1157
323,1158
323,1161
323,1162
323,1167
323,1169
323,1170
323,1175
323,1179
323,1185
323,1186
323,1191
323,1195
323,1203
323,1229
323,1230
323,1237
323,1238
323,1241
323,1242
323,1253
323,1254
323,1257
323,1258
323,1265
323,1266
323,1292
323,1300
323,1304
323,1309
323,1310
323,1316
323,1320
323,1325
323,1326
323,1328
323,1333
323,1334
323,1337
323,1338
323,1372
323,1388
323,1396
323,1400
323,1421
323,1422
323,1429
323,1430
323,1433
323,1434
323,1445
323,1446
323,1449
323,1450
323,1457
323,1458
323,1541
323,1542
323,1545
323,1546
323,1551
323,1553
323,1554
323,1559
323,1563
323,1569
323,1570
323,1575
323,1579
323,1587
323,1613
323,1614
323,1621
323,1622
323,1625
323,1626
323,1637
323,1638
323,1641
323,1642
323,1649
323,1650
323,1671
323,1675
323,1683
323,1699
323,1805
323,1806
323,1813
323,1814
323,1817
323,1818
323,1829
323,1830
323,1833
323,1834
323,1841
323,1842
325,378
325,394
325,402
325,408
325,411
325,414
325,418
325,424
325,427
325,430
325,432
325,435
325,438
325,441
325,444
325,474
325,490
325,498
325,504
325,514
325,520
325,523
325,526
325,528
325,531
325,534
325,537
325,540
325,543
325,544
325,547
325,550
325,553
325,556
325,559
325,561
325,564
325,567
325,573
325,586
325,594
325,600
325,603
325,606
325,610
325,616
325,619
325,622
325,624
325,627
325,630
325,633
325,636
325,643
325,646
325,649
325,652
325,655
325,657
325,660
325,663
325,669
325,673
325,676
325,679
325,685
325,693
325,715
325,718
325,723
325,726
325,729
325,732
325,739
325,742
325,745
325,748
325,753
325,756
325,778
325,786
325,792
325,795
325,798
325,802
325,808
325,811
325,814
325,816
325,819
325,822
325,825
325,828
325,858
325,874
325,882
325,888
325,907
325,910
325,915
325,918
325,921
325,924
325,931
325,934
325,937
325,940
325,945
325,948
325,1026
325,1032
325,1035
325,1038
325,1040
325,1043
325,1046
325,1049
325,1052
325,1055
325,1056
325,1059
325,1062
325,1065
325,1068
325,1071
325,1073
325,1076
325,1079
325,1085
325,1098
325,1106
325,1112
325,1115
325,1118
325,1122
325,1128
325,1131
325,1134
325,1136
325,1139
325,1142
325,1145
325,1148
325,1155
325,1158
325,1161
325,1164
325,1167
325,1169
325,1172
325,1175
325,1181
325,1185
325,1188
325,1191
325,1197
325,1205
325,1227
325,1230
325,1235
325,1238
325,1241
325,1244
325,1251
325,1254
325,1257
325,1260
325,1265
325,1268
325,1290
325,1298
325,1304
325,1307
325,1310
325,1314
325,1320
325,1323
325,1326
325,1328
325,1331
325,1334
325,1337
325,1340
325,1370
325,1386
325,1394
325,1400
325,1419
325,1422
325,1427
325,1430
325,1433
325,1436
325,1443
325,1446
325,1449
325,1452
325,1457
325,1460
325,1539
325,1542
325,1545
325,1548
325,1551
325,1553
325,1556
325,1559
325,1565
325,1569
325,1572
325,1575
325,1581
325,1589
325,1611
325,1614
325,1619
325,1622
325,1625
325,1628
325,1635
325,1638
325,1641
325,1644
325,1649
325,1652
325,1671
325,1677
325,1685
325,1701
325,1803
325,1806
325,1811
325,1814
325,1817
325,1820
325,1827
325,1830
325,1833
325,1836
325,1841
325,1844
326,377
326,393
326,401
326,408
326,411
326,413
326,417
326,424
326,427
326,429
326,432
326,435
326,437
326,442
326,444
326,473
326,489
326,497
326,504
326,513
326,520
326,523
326,525
326,528
326,531
326,533
326,538
326,540
326,543
326,544
326,547
326,549
326,554
326,556
326,559
326,562
326,564
326,567
326,574
326,585
326,593
326,600
326,603
326,605
326,609
326,616
326,619
326,621
326,624
326,627
326,629
326,634
326,636
326,643
326,645
326,650
326,652
326,655
326,658
326,660
326,663
326,670
326,674
326,676
326,679
326,686
326,694
326,715
326,717
326,723
326,725
326,730
326,732
326,739
326,741
326,746
326,748
326,754
326,756
326,777
326,785
326,792
326,795
326,797
326,801
326,808
326,811
326,813
326,816
326,819
326,821
326,826
326,828
326,857
326,873
326,881
326,888
326,907
326,909
326,915
326,917
326,922
326,924
326,931
326,933
326,938
326,940
326,946
326,948
326,1025
326,1032
326,1035
326,1037
326,1040
326,1043
326,1045
326,1050
326,1052
326,1055
326,1056
326,1059
326,1061
326,1066
326,1068
326,1071
326,1074
326,1076
326,1079
326,1086
326,1097
326,1105
326,1112
326,1115
326,1117
326,1121
326,1128
326,1131
326,1133
326,1136
326,1139
326,1141
326,1146
326,1148
326,1155
326,1157
326,1162
326,1164
326,1167
326,1170
326,1172
326,1175
326,1182
326,1186
326,1188
326,1191
326,1198
326,1206
326,1227
326,1229
326,1235
326,1237
326,1242
326,1244
326,1251
326,1253
326,1258
326,1260
326,1266
326,1268
326,1289
326,1297
326,1304
326,1307
326,1309
326,1313
326,1320
326,1323
326,1325
326,1328
326,1331
326,1333
326,1338
326,1340
326,1369
326,1385
326,1393
326,1400
326,1419
326,1421
326,1427
326,1429
326,1434
326,1436
326,1443
326,1445
326,1450
326,1452
326,1458
326,1460
326,1539
326,1541
326,1546
326,1548
326,1551
326,1554
326,1556
326,1559
326,1566
326,1570
326,1572
326,1575
326,1582
326,1590
326,1611
326,1613
326,1619
326,1621
326,1626
326,1628
326,1635
326,1637
326,1642
326,1644
326,1650
326,1652
326,1671
326,1678
326,1686
326,1702
326,1803
326,1805
326,1811
326,1813
326,1818
326,1820
326,1827
326,1829
326,1834
326,1836
326,1842
326,1844
329,374
329,390
329,402
329,404
329,407
329,414
329,418
329,420
329,423
329,430
329,432
329,435
329,437
329,442
329,444
329,470
329,486
329,498
329,500
329,514
329,516
329,519
329,526
329,528
329,531
329,533
329,538
329,540
329,543
329,544
329,547
329,549
329,554
329,556
329,559
329,561
329,568
329,571
329,573
329,582
329,594
329,596
329,599
329,606
329,610
329,612
329,615
329,622
329,624
329,627
329,629
329,634
329,636
329,643
329,645
329,650
329,652
329,655
329,657
329,664
329,667
329,669
329,673
329,680
329,683
329,685
329,697
329,711
329,718
329,723
329,725
329,730
329,732
329,739
329,741
329,746
329,748
329,753
329,760
329,774
329,786
329,788
329,791
329,798
329,802
329,804
329,807
329,814
329,816
329,819
329,821
329,826
329,828
329,854
329,870
329,882
329,884
329,903
329,910
329,915
329,917
329,922
329,924
329,931
329,933
329,938
329,940
329,945
329,952
329,1026
329,1028
329,1031
329,1038
329,1040
329,1043
329,1045
329,1050
329,1052
329,1055
329,1056
329,1059
329,1061
329,1066
329,1068
329,1071
329,1073
329,1080
329,1083
329,1085
329,1094
329,1106
329,1108
329,1111
329,1118
329,1122
329,1124
329,1127
329,1134
329,1136
329,1139
329,1141
329,1146
329,1148
329,1155
329,1157
329,1162
329,1164
329,1167
329,1169
329,1176
329,1179
329,1181
329,1185
329,1192
329,1195
329,1197
329,1209
329,1223
329,1230
329,1235
329,1237
329,1242
329,1244
329,1251
329,1253
329,1258
329,1260
329,1265
329,1272
329,1286
329,1298
329,1300
329,1303
329,1310
329,1314
329,1316
329,1319
329,1326
329,1328
329,1331
329,1333
329,1338
329,1340
329,1366
329,1382
329,1394
329,1396
329,1415
329,1422
329,1427
329,1429
329,1434
329,1436
329,1443
329,1445
329,1450
329,1452
329,1457
329,1464
329,1539
329,1541
329,1546
329,1548
329,1551
329,1553
329,1560
329,1563
329,1565
329,1569
329,1576
329,1579
329,1581
329,1593
329,1607
329,1614
329,1619
329,1621
329,1626
329,1628
329,1635
329,1637
329,1642
329,1644
329,1649
329,1656
329,1675
329,1677
329,1689
329,1705
329,1799
329,1806
329,1811
329,1813
329,1818
329,1820
329,1827
329,1829
329,1834
329,1836
329,1841
329,1848
330,373
330,389
330,401
330,404
330,407
330,413
330,417
330,420
330,423
330,429
330,432
330,435
330,438
330,441
330,444
330,469
330,485
330,497
330,500
330,513
330,516
330,519
330,525
330,528
330,531
330,534
330,537
330,540
330,543
330,544
330,547
330,550
330,553
330,556
330,559
330,562
330,568
330,571
330,574
330,581
330,593
330,596
330,599
330,605
330,609
330,612
330,615
330,621
330,624
330,627
330,630
330,633
330,636
330,643
330,646
330,649
330,652
330,655
330,658
330,664
330,667
330,670
330,674
330,680
330,683
330,686
330,698
330,711
330,717
330,723
330,726
330,729
330,732
330,739
330,742
330,745
330,748
330,754
330,760
330,773
330,785
330,788
330,791
330,797
330,801
330,804
330,807
330,813
330,816
330,819
330,822
330,825
330,828
330,853
330,869
330,881
330,884
330,903
330,909
330,915
330,918
330,921
330,924
330,931
330,934
330,937
330,940
330,946
330,952
330,1025
330,1028
330,1031
330,1037
330,1040
330,1043
330,1046
330,1049
330,1052
330,1055
330,1056
330,1059
330,1062
330,1065
330,1068
330,1071
330,1074
330,1080
330,1083
330,1086
330,1093
330,1105
330,1108
330,1111
330,1117
330,1121
330,1124
330,1127
330,1133
330,1136
330,1139
330,1142
330,1145
330,1148
330,1155
330,1158
330,1161
330,1164
330,1167
330,1170
330,1176
330,1179
330,1182
330,1186
330,1192
330,1195
330,1198
330,1210
330,1223
330,1229
330,1235
330,1238
330,1241
330,1244
330,1251
330,1254
330,1257
330,1260
330,1266
330,1272
330,1285
330,1297
330,1300
330,1303
330,1309
330,1313
330,1316
330,1319
330,1325
330,1328
330,1331
330,1334
330,1337
330,1340
330,1365
330,1381
330,1393
330,1396
330,1415
330,1421
330,1427
330,1430
330,1433
330,1436
330,1443
330,1446
330,1449
330,1452
330,1458
330,1464
330,1539
330,1542
330,1545
330,1548
330,1551
330,1554
330,1560
330,1563
330,1566
330,1570
330,1576
330,1579
330,1582
330,1594
330,1607
330,1613
330,1619
330,1622
330,1625
330,1628
330,1635
330,1638
330,1641
330,1644
330,1650
330,1656
330,1675
330,1678
330,1690
330,1706
330,1799
330,1805
330,1811
330,1814
330,1817
330,1820
330,1827
330,1830
330,1833
330,1836
330,1842
330,1848
332,371
332,387
332,401
332,402
332,407
332,411
332,417
332,418
332,423
332,427
332,432
332,437
332,438
332,441
332,442
332,467
332,483
332,497
332,498
332,513
332,514
332,519
332,523
332,528
332,533
332,534
332,537
332,538
332,543
332,544
332,549
332,550
332,553
332,554
332,559
332,564
332,568
332,573
332,574
332,579
332,593
332,594
332,599
332,603
332,609
332,610
332,615
332,619
332,624
332,629
332,630
332,633
332,634
332,645
332,646
332,649
332,650
332,655
332,660
332,664
332,669
332,670
332,676
332,680
332,685
332,686
332,700
332,711
332,715
332,725
332,726
332,729
332,730
332,741
332,742
332,745
332,746
332,756
332,760
332,771
332,785
332,786
332,791
332,795
332,801
332,802
332,807
332,811
332,816
332,821
332,822
332,825
332,826
332,851
332,867
332,881
332,882
332,903
332,907
332,917
332,918
332,921
332,922
332,933
332,934
332,937
332,938
332,948
332,952
332,1025
332,1026
332,1031
332,1035
332,1040
332,1045
332,1046
332,1049
332,1050
332,1055
332,1056
332,1061
332,1062
332,1065
332,1066
332,1071
332,1076
332,1080
332,1085
332,1086
332,1091
332,1105
332,1106
332,1111
332,1115
332,1121
332,1122
332,1127
332,1131
332,1136
332,1141
332,1142
332,1145
332,1146
332,1157
332,1158
332,1161
332,1162
332,1167
332,1172
332,1176
332,1181
332,1182
332,1188
332,1192
332,1197
332,1198
332,1212
332,1223
332,1227
332,1237
332,1238
332,1241
332,1242
332,1253
332,1254
332,1257
332,1258
332,1268
332,1272
332,1283
332,1297
332,1298
332,1303
332,1307
332,1313
332,1314
332,1319
332,1323
332,1328
332,1333
332,1334
332,1337
332,1338
332,1363
332,1379
332,1393
332,1394
332,1415
332,1419
332,1429
332,1430
332,1433
332,1434
332,1445
332,1446
332,1449
332,1450
332,1460
332,1464
332,1541
332,1542
332,1545
332,1546
332,1551
332,1556
332,1560
332,1565
332,1566
332,1572
332,1576
332,1581
332,1582
332,1596
332,1607
332,1611
332,1621
332,1622
332,1625
332,1626
332,1637
332,1638
332,1641
332,1642
332,1652
332,1656
332,1677
332,1678
332,1692
332,1708
332,1799
332,1803
332,1813
332,1814
332,1817
332,1818
332,1829
332,1830
332,1833
332,1834
332,1844
332,1848
335,368
335,401
335,402
335,404
335,408
335,417
335,418
335,420
335,424
335,435
335,437
335,438
335,441
335,442
335,444
335,497
335,498
335,500
335,504
335,513
335,514
335,516
335,520
335,531
335,533
335,534
335,537
335,538
335,540
335,547
335,549
335,550
335,553
335,554
335,556
335,567
335,571
335,573
335,574
335,593
335,594
335,596
335,600
335,609
335,610
335,612
335,616
335,627
335,629
335,630
335,633
335,634
335,636
335,643
335,645
335,646
335,649
335,650
335,652
335,663
335,667
335,669
335,670
335,679
335,683
335,685
335,686
335,723
335,725
335,726
335,729
335,730
335,732
335,739
335,741
335,742
335,745
335,746
335,748
335,785
335,786
335,788
335,792
335,801
335,802
335,804
335,808
335,819
335,821
335,822
335,825
335,826
335,828
335,881
335,882
335,884
335,888
335,915
335,917
335,918
335,921
335,922
335,924
335,931
335,933
335,934
335,937
335,938
335,940
335,1025
335,1026
335,1028
335,1032
335,1043
335,1045
335,1046
335,1049
335,1050
335,1052
335,1059
335,1061
335,1062
335,1065
335,1066
335,1068
335,1079
335,1083
335,1085
335,1086
335,1105
335,1106
335,1108
335,1112
335,1121
335,1122
335,1124
335,1128
335,1139
335,1141
335,1142
335,1145
335,1146
335,1148
335,1155
335,1157
335,1158
335,1161
335,1162
335,1164
335,1175
335,1179
335,1181
335,1182
335,1191
335,1195
335,1197
335,1198
335,1235
335,1237
335,1238
335,1241
335,1242
335,1244
335,1251
335,1253
335,1254
335,1257
335,1258
335,1260
335,1297
335,1298
335,1300
335,1304
335,1313
335,1314
335,1316
335,1320
335,1331
335,1333
335,1334
335,1337
335,1338
335,1340
335,1393
335,1394
335,1396
335,1400
335,1427
335,1429
335,1430
335,1433
335,1434
335,1436
335,1443
335,1445
335,1446
335,1449
335,1450
335,1452
335,1539
335,1541
335,1542
335,1545
335,1546
335,1548
335,1559
335,1563
335,1565
335,1566
335,1575
335,1579
335,1581
335,1582
335,1619
335,1621
335,1622
335,1625
335,1626
335,1628
335,1635
335,1637
335,1638
335,1641
335,1642
335,1644
335,1671
335,1675
335,1677
335,1678
335,1811
335,1813
335,1814
335,1817
335,1818
335,1820
335,1827
335,1829
335,1830
335,1833
335,1834
335,1836
337,366
337,390
337,394
337,396
337,399
337,414
337,418
337,420
337,423
337,424
337,427
337,429
337,438
337,442
337,444
337,462
337,486
337,490
337,492
337,514
337,516
337,519
337,520
337,523
337,525
337,534
337,538
337,540
337,543
337,544
337,547
337,549
337,553
337,562
337,564
337,567
337,568
337,571
337,573
337,582
337,586
337,588
337,591
337,606
337,610
337,612
337,615
337,616
337,619
337,621
337,630
337,634
337,636
337,643
337,645
337,649
337,658
337,660
337,663
337,664
337,667
337,669
337,673
337,688
337,691
337,693
337,697
337,711
337,715
337,717
337,726
337,730
337,732
337,739
337,741
337,745
337,754
337,756
337,760
337,774
337,778
337,780
337,783
337,798
337,802
337,804
337,807
337,808
337,811
337,813
337,822
337,826
337,828
337,846
337,870
337,874
337,876
337,903
337,907
337,909
337,918
337,922
337,924
337,931
337,933
337,937
337,946
337,948
337,952
337,1026
337,1028
337,1031
337,1032
337,1035
337,1037
337,1046
337,1050
337,1052
337,1055
337,1056
337,1059
337,1061
337,1065
337,1074
337,1076
337,1079
337,1080
337,1083
337,1085
337,1094
337,1098
337,1100
337,1103
337,1118
337,1122
337,1124
337,1127
337,1128
337,1131
337,1133
337,1142
337,1146
337,1148
337,1155
337,1157
337,1161
337,1170
337,1172
337,1175
337,1176
337,1179
337,1181
337,1185
337,1200
337,1203
337,1205
337,1209
337,1223
337,1227
337,1229
337,1238
337,1242
337,1244
337,1251
337,1253
337,1257
337,1266
337,1268
337,1272
337,1286
337,1290
337,1292
337,1295
337,1310
337,1314
337,1316
337,1319
337,1320
337,1323
337,1325
337,1334
337,1338
337,1340
337,1358
337,1382
337,1386
337,1388
337,1415
337,1419
337,1421
337,1430
337,1434
337,1436
337,1443
337,1445
337,1449
337,1458
337,1460
337,1464
337,1539
337,1541
337,1545
337,1554
337,1556
337,1559
337,1560
337,1563
337,1565
337,1569
337,1584
337,1587
337,1589
337,1593
337,1607
337,1611
337,1613
337,1622
337,1626
337,1628
337,1635
337,1637
337,1641
337,1650
337,1652
337,1656
337,1683
337,1685
337,1689
337,1713
337,1799
337,1803
337,1805
337,1814
337,1818
337,1820
337,1827
337,1829
337,1833
337,1842
337,1844
337,1848
338,365
338,389
338,393
338,396
338,399
338,413
338,417
338,420
338,423
338,424
338,427
338,430
338,437
338,441
338,444
338,461
338,485
338,489
338,492
338,513
338,516
338,519
338,520
338,523
338,526
338,533
338,537
338,540
338,543
338,544
338,547
338,550
338,554
338,561
338,564
338,567
338,568
338,571
338,574
338,581
338,585
338,588
338,591
338,605
338,609
338,612
338,615
338,616
338,619
338,622
338,629
338,633
338,636
338,643
338,646
338,650
338,657
338,660
338,663
338,664
338,667
338,670
338,674
338,688
338,691
338,694
338,698
338,711
338,715
338,718
338,725
338,729
338,732
338,739
338,742
338,746
338,753
338,756
338,760
338,773
338,777
338,780
338,783
338,797
338,801
338,804
338,807
338,808
338,811
338,814
338,821
338,825
338,828
338,845
338,869
338,873
338,876
338,903
338,907
338,910
338,917
338,921
338,924
338,931
338,934
338,938
338,945
338,948
338,952
338,1025
338,1028
338,1031
338,1032
338,1035
338,1038
338,1045
338,1049
338,1052
338,1055
338,1056
338,1059
338,1062
338,1066
338,1073
338,1076
338,1079
338,1080
338,1083
338,1086
338,1093
338,1097
338,1100
338,1103
338,1117
338,1121
338,1124
338,1127
338,1128
338,1131
338,1134
338,1141
338,1145
338,1148
338,1155
338,1158
338,1162
338,1169
338,1172
338,1175
338,1176
338,1179
338,1182
338,1186
338,1200
338,1203
338,1206
338,1210
338,1223
338,1227
338,1230
338,1237
338,1241
338,1244
338,1251
338,1254
338,1258
338,1265
338,1268
338,1272
338,1285
338,1289
338,1292
338,1295
338,1309
338,1313
338,1316
338,1319
338,1320
338,1323
338,1326
338,1333
338,1337
338,1340
338,1357
338,1381
338,1385
338,1388
338,1415
338,1419
338,1422
338,1429
338,1433
338,1436
338,1443
338,1446
338,1450
338,1457
338,1460
338,1464
338,1539
338,1542
338,1546
338,1553
338,1556
338,1559
338,1560
338,1563
338,1566
338,1570
338,1584
338,1587
338,1590
338,1594
338,1607
338,1611
338,1614
338,1621
338,1625
338,1628
338,1635
338,1638
338,1642
338,1649
338,1652
338,1656
338,1683
338,1686
338,1690
338,1714
338,1799
338,1803
338,1806
338,1813
338,1817
338,1820
338,1827
338,1830
338,1834
338,1841
338,1844
338,1848
340,363
340,387
340,393
340,394
340,399
340,411
340,417
340,418
340,423
340,424
340,429
340,430
340,435
340,441
340,442
340,459
340,483
340,489
340,490
340,513
340,514
340,519
340,520
340,525
340,526
340,531
340,537
340,538
340,543
340,544
340,549
340,550
340,556
340,561
340,562
340,567
340,568
340,573
340,574
340,579
340,585
340,586
340,591
340,603
340,609
340,610
340,615
340,616
340,621
340,622
340,627
340,633
340,634
340,645
340,646
340,652
340,657
340,658
340,663
340,664
340,669
340,670
340,676
340,688
340,693
340,694
340,700
340,711
340,717
340,718
340,723
340,729
340,730
340,741
340,742
340,748
340,753
340,754
340,760
340,771
340,777
340,778
340,783
340,795
340,801
340,802
340,807
340,808
340,813
340,814
340,819
340,825
340,826
340,843
340,867
340,873
340,874
340,903
340,909
340,910
340,915
340,921
340,922
340,933
340,934
340,940
340,945
340,946
340,952
340,1025
340,1026
340,1031
340,1032
340,1037
340,1038
340,1043
340,1049
340,1050
340,1055
340,1056
340,1061
340,1062
340,1068
340,1073
340,1074
340,1079
340,1080
340,1085
340,1086
340,1091
340,1097
340,1098
340,1103
340,1115
340,1121
340,1122
340,1127
340,1128
340,1133
340,1134
340,1139
340,1145
340,1146
340,1157
340,1158
340,1164
340,1169
340,1170
340,1175
340,1176
340,1181
340,1182
340,1188
340,1200
340,1205
340,1206
340,1212
340,1223
340,1229
340,1230
340,1235
340,1241
340,1242
340,1253
340,1254
340,1260
340,1265
340,1266
340,1272
340,1283
340,1289
340,1290
340,1295
340,1307
340,1313
340,1314
340,1319
340,1320
340,1325
340,1326
340,1331
340,1337
340,1338
340,1355
340,1379
340,1385
340,1386
340,1415
340,1421
340,1422
340,1427
340,1433
340,1434
340,1445
340,1446
340,1452
340,1457
340,1458
340,1464
340,1541
340,1542
340,1548
340,1553
340,1554
340,1559
340,1560
340,1565
340,1566
340,1572
340,1584
340,1589
340,1590
340,1596
340,1607
340,1613
340,1614
340,1619
340,1625
340,1626
340,1637
340,1638
340,1644
340,1649
340,1650
340,1656
340,1685
340,1686
340,1692
340,1716
340,1799
340,1805
340,1806
340,1811
340,1817
340,1818
340,1829
340,1830
340,1836
340,1841
340,1842
340,1848
343,360
343,393
343,394
343,396
343,408
343,417
343,418
343,420
343,427
343,429
343,430
343,432
343,441
343,442
343,444
343,489
343,490
343,492
343,504
343,513
343,514
343,516
343,523
343,525
343,526
343,528
343,537
343,538
343,540
343,547
343,549
343,550
343,559
343,561
343,562
343,564
343,571
343,573
343,574
343,585
343,586
343,588
343,600
343,609
343,610
343,612
343,619
343,621
343,622
343,624
343,633
343,634
343,636
343,643
343,645
343,646
343,655
343,657
343,658
343,660
343,667
343,669
343,670
343,679
343,691
343,693
343,694
343,715
343,717
343,718
343,729
343,730
343,732
343,739
343,741
343,742
343,753
343,754
343,756
343,777
343,778
343,780
343,792
343,801
343,802
343,804
343,811
343,813
343,814
343,816
343,825
343,826
343,828
343,873
343,874
343,876
343,888
343,907
343,909
343,910
343,921
343,922
343,924
343,931
343,933
343,934
343,945
343,946
343,948
343,1025
343,1026
343,1028
343,1035
343,1037
343,1038
343,1040
343,1049
343,1050
343,1052
343,1059
343,1061
343,1062
343,1071
343,1073
343,1074
343,1076
343,1083
343,1085
343,1086
343,1097
343,1098
343,1100
343,1112
343,1121
343,1122
343,1124
343,1131
343,1133
343,1134
343,1136
343,1145
343,1146
343,1148
343,1155
343,1157
343,1158
343,1167
343,1169
343,1170
343,1172
343,1179
343,1181
343,1182
343,1191
343,1203
343,1205
343,1206
343,1227
343,1229
343,1230
343,1241
343,1242
343,1244
343,1251
343,1253
343,1254
343,1265
343,1266
343,1268
343,1289
343,1290
343,1292
343,1304
343,1313
343,1314
343,1316
343,1323
343,1325
343,1326
343,1328
343,1337
343,1338
343,1340
343,1385
343,1386
343,1388
343,1400
343,1419
343,1421
343,1422
343,1433
343,1434
343,1436
343,1443
343,1445
343,1446
343,1457
343,1458
343,1460
343,1539
343,1541
343,1542
343,1551
343,1553
343,1554
343,1556
343,1563
343,1565
343,1566
343,1575
343,1587
343,1589
343,1590
343,1611
343,1613
343,1614
343,1625
343,1626
343,1628
343,1635
343,1637
343,1638
343,1649
343,1650
343,1652
343,1671
343,1683
343,1685
343,1686
343,1803
343,1805
343,1806
343,1817
343,1818
343,1820
343,1827
343,1829
343,1830
343,1841
343,1842
343,1844
344,359
344,387
344,389
344,390
344,399
344,407
344,417
344,418
344,420
344,427
344,429
344,430
344,435
344,437
344,438
344,455
344,483
344,485
344,486
344,513
344,514
344,516
344,523
344,525
344,526
344,531
344,533
344,534
344,543
344,544
344,553
344,554
344,556
344,561
344,562
344,564
344,571
344,573
344,574
344,579
344,581
344,582
344,591
344,599
344,609
344,610
344,612
344,619
344,621
344,622
344,627
344,629
344,630
344,649
344,650
344,652
344,657
344,658
344,660
344,667
344,669
344,670
344,680
344,688
344,697
344,698
344,700
344,715
344,717
344,718
344,723
344,725
344,726
344,745
344,746
344,748
344,753
344,754
344,756
344,771
344,773
344,774
344,783
344,791
344,801
344,802
344,804
344,811
344,813
344,814
344,819
344,821
344,822
344,839
344,867
344,869
344,870
344,907
344,909
344,910
344,915
344,917
344,918
344,937
344,938
344,940
344,945
344,946
344,948
344,1025
344,1026
344,1028
344,1035
344,1037
344,1038
344,1043
344,1045
344,1046
344,1055
344,1056
344,1065
344,1066
344,1068
344,1073
344,1074
344,1076
344,1083
344,1085
344,1086
344,1091
344,1093
344,1094
344,1103
344,1111
344,1121
344,1122
344,1124
344,1131
344,1133
344,1134
344,1139
344,1141
344,1142
344,1161
344,1162
344,1164
344,1169
344,1170
344,1172
344,1179
344,1181
344,1182
344,1192
344,1200
344,1209
344,1210
344,1212
344,1227
344,1229
344,1230
344,1235
344,1237
344,1238
344,1257
344,1258
344,1260
344,1265
344,1266
344,1268
344,1283
344,1285
344,1286
344,1295
344,1303
344,1313
344,1314
344,1316
344,1323
344,1325
344,1326
344,1331
344,1333
344,1334
344,1351
344,1379
344,1381
344,1382
344,1419
344,1421
344,1422
344,1427
344,1429
344,1430
344,1449
344,1450
344,1452
344,1457
344,1458
344,1460
344,1545
344,1546
344,1548
344,1553
344,1554
344,1556
344,1563
344,1565
344,1566
344,1576
344,1584
344,1593
344,1594
344,1596
344,1611
344,1613
344,1614
344,1619
344,1621
344,1622
344,1641
344,1642
344,1644
344,1649
344,1650
344,1652
344,1689
344,1690
344,1692
344,1720
344,1803
344,1805
344,1806
344,1811
344,1813
344,1814
344,1833
344,1834
344,1836
344,1841
344,1842
344,1844
347,356
347,389
347,390
347,396
347,404
347,417
347,418
347,423
347,424
347,429
347,430
347,432
347,437
347,438
347,444
347,485
347,486
347,492
347,500
347,513
347,514
347,519
347,520
347,525
347,526
347,528
347,533
347,534
347,540
347,547
347,553
347,554
347,559
347,561
347,562
347,567
347,568
347,573
347,574
347,581
347,582
347,588
347,596
347,609
347,610
347,615
347,616
347,621
347,622
347,624
347,629
347,630
347,636
347,643
347,649
347,650
347,655
347,657
347,658
347,663
347,664
347,669
347,670
347,683
347,691
347,697
347,698
347,711
347,717
347,718
347,725
347,726
347,732
347,739
347,745
347,746
347,753
347,754
347,760
347,773
347,774
347,780
347,788
347,801
347,802
347,807
347,808
347,813
347,814
347,816
347,821
347,822
347,828
347,869
347,870
347,876
347,884
347,903
347,909
347,910
347,917
347,918
347,924
347,931
347,937
347,938
347,945
347,946
347,952
347,1025
347,1026
347,1031
347,1032
347,1037
347,1038
347,1040
347,1045
347,1046
347,1052
347,1059
347,1065
347,1066
347,1071
347,1073
347,1074
347,1079
347,1080
347,1085
347,1086
347,1093
347,1094
347,1100
347,1108
347,1121
347,1122
347,1127
347,1128
347,1133
347,1134
347,1136
347,1141
347,1142
347,1148
347,1155
347,1161
347,1162
347,1167
347,1169
347,1170
347,1175
347,1176
347,1181
347,1182
347,1195
347,1203
347,1209
347,1210
347,1223
347,1229
347,1230
347,1237
347,1238
347,1244
347,1251
347,1257
347,1258
347,1265
347,1266
347,1272
347,1285
347,1286
347,1292
347,1300
347,1313
347,1314
347,1319
347,1320
347,1325
347,1326
347,1328
347,1333
347,1334
347,1340
347,1381
347,1382
347,1388
347,1396
347,1415
347,1421
347,1422
347,1429
347,1430
347,1436
347,1443
347,1449
347,1450
347,1457
347,1458
347,1464
347,1539
347,1545
347,1546
347,1551
347,1553
347,1554
347,1559
347,1560
347,1565
347,1566
347,1579
347,1587
347,1593
347,1594
347,1607
347,1613
347,1614
347,1621
347,1622
347,1628
347,1635
347,1641
347,1642
347,1649
347,1650
347,1656
347,1675
347,1683
347,1689
347,1690
347,1799
347,1805
347,1806
347,1813
347,1814
347,1820
347,1827
347,1833
347,1834
347,1841
347,1842
347,1848
349,354
349,387
349,390
349,394
349,402
349,417
349,420
349,423
349,424
349,427
349,430
349,432
349,435
349,438
349,442
349,483
349,486
349,490
349,498
349,513
349,516
349,519
349,520
349,523
349,526
349,528
349,531
349,534
349,538
349,549
349,553
349,556
349,559
349,561
349,564
349,567
349,568
349,571
349,574
349,579
349,582
349,586
349,594
349,609
349,612
349,615
349,616
349,619
349,622
349,624
349,627
349,630
349,634
349,645
349,649
349,652
349,655
349,657
349,660
349,663
349,664
349,667
349,670
349,685
349,693
349,697
349,700
349,711
349,715
349,718
349,723
349,726
349,730
349,741
349,745
349,748
349,753
349,756
349,760
349,771
349,774
349,778
349,786
349,801
349,804
349,807
349,808
349,811
349,814
349,816
349,819
349,822
349,826
349,867
349,870
349,874
349,882
349,903
349,907
349,910
349,915
349,918
349,922
349,933
349,937
349,940
349,945
349,948
349,952
349,1025
349,1028
349,1031
349,1032
349,1035
349,1038
349,1040
349,1043
349,1046
349,1050
349,1061
349,1065
349,1068
349,1071
349,1073
349,1076
349,1079
349,1080
349,1083
349,1086
349,1091
349,1094
349,1098
349,1106
349,1121
349,1124
349,1127
349,1128
349,1131
349,1134
349,1136
349,1139
349,1142
349,1146
349,1157
349,1161
349,1164
349,1167
349,1169
349,1172
349,1175
349,1176
349,1179
349,1182
349,1197
349,1205
349,1209
349,1212
349,1223
349,1227
349,1230
349,1235
349,1238
349,1242
349,1253
349,1257
349,1260
349,1265
349,1268
349,1272
349,1283
349,1286
349,1290
349,1298
349,1313
349,1316
349,1319
349,1320
349,1323
349,1326
349,1328
349,1331
349,1334
349,1338
349,1379
349,1382
349,1386
349,1394
349,1415
349,1419
349,1422
349,1427
349,1430
349,1434
349,1445
349,1449
349,1452
349,1457
349,1460
349,1464
349,1541
349,1545
349,1548
349,1551
349,1553
349,1556
349,1559
349,1560
349,1563
349,1566
349,1581
349,1589
349,1593
349,1596
349,1607
349,1611
349,1614
349,1619
349,1622
349,1626
349,1637
349,1641
349,1644
349,1649
349,1652
349,1656
349,1677
349,1685
349,1689
349,1692
349,1799
349,1803
349,1806
349,1811
349,1814
349,1818
349,1829
349,1833
349,1836
349,1841
349,1844
349,1848
350,353
350,387
350,389
350,393
350,401
350,418
350,420
350,423
350,424
350,427
350,429
350,432
350,435
350,437
350,441
350,483
350,485
350,489
350,497
350,514
350,516
350,519
350,520
350,523
350,525
350,528
350,531
350,533
350,537
350,550
350,554
350,556
350,559
350,562
350,564
350,567
350,568
350,571
350,573
350,579
350,581
350,585
350,593
350,610
350,612
350,615
350,616
350,619
350,621
350,624
350,627
350,629
350,633
350,646
350,650
350,652
350,655
350,658
350,660
350,663
350,664
350,667
350,669
350,686
350,694
350,698
350,700
350,711
350,715
350,717
350,723
350,725
350,729
350,742
350,746
350,748
350,754
350,756
350,760
350,771
350,773
350,777
350,785
350,802
350,804
350,807
350,808
350,811
350,813
350,816
350,819
350,821
350,825
350,867
350,869
350,873
350,881
350,903
350,907
350,909
350,915
350,917
350,921
350,934
350,938
350,940
350,946
350,948
350,952
350,1026
350,1028
350,1031
350,1032
350,1035
350,1037
350,1040
350,1043
350,1045
350,1049
350,1062
350,1066
350,1068
350,1071
350,1074
350,1076
350,1079
350,1080
350,1083
350,1085
350,1091
350,1093
350,1097
350,1105
350,1122
350,1124
350,1127
350,1128
350,1131
350,1133
350,1136
350,1139
350,1141
350,1145
350,1158
350,1162
350,1164
350,1167
350,1170
350,1172
350,1175
350,1176
350,1179
350,1181
350,1198
350,1206
350,1210
350,1212
350,1223
350,1227
350,1229
350,1235
350,1237
350,1241
350,1254
350,1258
350,1260
350,1266
350,1268
350,1272
350,1283
350,1285
350,1289
350,1297
350,1314
350,1316
350,1319
350,1320
350,1323
350,1325
350,1328
350,1331
350,1333
350,1337
350,1379
350,1381
350,1385
350,1393
350,1415
350,1419
350,1421
350,1427
350,1429
350,1433
350,1446
350,1450
350,1452
350,1458
350,1460
350,1464
350,1542
350,1546
350,1548
350,1551
350,1554
350,1556
350,1559
350,1560
350,1563
350,1565
350,1582
350,1590
350,1594
350,1596
350,1607
350,1611
350,1613
350,1619
350,1621
350,1625
350,1638
350,1642
350,1644
350,1650
350,1652
350,1656
350,1678
350,1686
350,1690
350,1692
350,1799
350,1803
350,1805
350,1811
350,1813
350,1817
350,1830
350,1834
350,1836
350,1842
350,1844
350,1848
353,390
353,394
353,396
353,399
353,402
353,404
353,407
353,408
353,411
353,413
353,430
353,438
353,442
353,444
353,462
353,470
353,474
353,476
353,514
353,516
353,519
353,520
353,523
353,525
353,528
353,531
353,533
353,537
353,550
353,554
353,556
353,559
353,562
353,564
353,567
353,568
353,571
353,573
353,582
353,586
353,588
353,591
353,594
353,596
353,599
353,600
353,603
353,605
353,622
353,630
353,634
353,636
353,643
353,645
353,649
353,657
353,674
353,676
353,679
353,680
353,683
353,685
353,688
353,691
353,693
353,697
353,711
353,715
353,717
353,723
353,725
353,729
353,742
353,746
353,748
353,754
353,756
353,760
353,774
353,778
353,780
353,783
353,786
353,788
353,791
353,792
353,795
353,797
353,814
353,822
353,826
353,828
353,846
353,854
353,858
353,860
353,903
353,907
353,909
353,915
353,917
353,921
353,934
353,938
353,940
353,946
353,948
353,952
353,1026
353,1028
353,1031
353,1032
353,1035
353,1037
353,1040
353,1043
353,1045
353,1049
353,1062
353,1066
353,1068
353,1071
353,1074
353,1076
353,1079
353,1080
353,1083
353,1085
353,1094
353,1098
353,1100
353,1103
353,1106
353,1108
353,1111
353,1112
353,1115
353,1117
353,1134
353,1142
353,1146
353,1148
353,1155
353,1157
353,1161
353,1169
353,1186
353,1188
353,1191
353,1192
353,1195
353,1197
353,1200
353,1203
353,1205
353,1209
353,1223
353,1227
353,1229
353,1235
353,1237
353,1241
353,1254
353,1258
353,1260
353,1266
353,1268
353,1272
353,1286
353,1290
353,1292
353,1295
353,1298
353,1300
353,1303
353,1304
353,1307
353,1309
353,1326
353,1334
353,1338
353,1340
353,1358
353,1366
353,1370
353,1372
353,1415
353,1419
353,1421
353,1427
353,1429
353,1433
353,1446
353,1450
353,1452
353,1458
353,1460
353,1464
353,1539
353,1541
353,1545
353,1553
353,1570
353,1572
353,1575
353,1576
353,1579
353,1581
353,1584
353,1587
353,1589
353,1593
353,1607
353,1611
353,1613
353,1619
353,1621
353,1625
353,1638
353,1642
353,1644
353,1650
353,1652
353,1656
353,1699
353,1701
353,1705
353,1713
353,1799
353,1803
353,1805
353,1811
353,1813
353,1817
353,1830
353,1834
353,1836
353,1842
353,1844
353,1848
354,389
354,393
354,396
354,399
354,401
354,404
354,407
354,408
354,411
354,414
354,429
354,437
354,441
354,444
354,461
354,469
354,473
354,476
354,513
354,516
354,519
354,520
354,523
354,526
354,528
354,531
354,534
354,538
354,549
354,553
354,556
354,559
354,561
354,564
354,567
354,568
354,571
354,574
354,581
354,585
354,588
354,591
354,593
354,596
354,599
354,600
354,603
354,606
354,621
354,629
354,633
354,636
354,643
354,646
354,650
354,658
354,673
354,676
354,679
354,680
354,683
354,686
354,688
354,691
354,694
354,698
354,711
354,715
354,718
354,723
354,726
354,730
354,741
354,745
354,748
354,753
354,756
354,760
354,773
354,777
354,780
354,783
354,785
354,788
354,791
354,792
354,795
354,798
354,813
354,821
354,825
354,828
354,845
354,853
354,857
354,860
354,903
354,907
354,910
354,915
354,918
354,922
354,933
354,937
354,940
354,945
354,948
354,952
354,1025
354,1028
354,1031
354,1032
354,1035
354,1038
354,1040
354,1043
354,1046
354,1050
354,1061
354,1065
354,1068
354,1071
354,1073
354,1076
354,1079
354,1080
354,1083
354,1086
354,1093
354,1097
354,1100
354,1103
354,1105
354,1108
354,1111
354,1112
354,1115
354,1118
354,1133
354,1141
354,1145
354,1148
354,1155
354,1158
354,1162
354,1170
354,1185
354,1188
354,1191
354,1192
354,1195
354,1198
354,1200
354,1203
354,1206
354,1210
354,1223
354,1227
354,1230
354,1235
354,1238
354,1242
354,1253
354,1257
354,1260
354,1265
354,1268
354,1272
354,1285
354,1289
354,1292
354,1295
354,1297
354,1300
354,1303
354,1304
354,1307
354,1310
354,1325
354,1333
354,1337
354,1340
354,1357
354,1365
354,1369
354,1372
354,1415
354,1419
354,1422
354,1427
354,1430
354,1434
354,1445
354,1449
354,1452
354,1457
354,1460
354,1464
354,1539
354,1542
354,1546
354,1554
354,1569
354,1572
354,1575
354,1576
354,1579
354,1582
354,1584
354,1587
354,1590
354,1594
354,1607
354,1611
354,1614
354,1619
354,1622
354,1626
354,1637
354,1641
354,1644
354,1649
354,1652
354,1656
354,1699
354,1702
354,1706
354,1714
354,1799
354,1803
354,1806
354,1811
354,1814
354,1818
354,1829
354,1833
354,1836
354,1841
354,1844
354,1848
356,387
356,393
356,394
356,399
356,401
356,402
356,407
356,408
356,413
356,414
356,427
356,435
356,441
356,442
356,459
356,467
356,473
356,474
356,513
356,514
356,519
356,520
356,525
356,526
356,528
356,533
356,534
356,540
356,547
356,553
356,554
356,559
356,561
356,562
356,567
356,568
356,573
356,574
356,579
356,585
356,586
356,591
356,593
356,594
356,599
356,600
356,605
356,606
356,619
356,627
356,633
356,634
356,645
356,646
356,652
356,660
356,673
356,674
356,679
356,680
356,685
356,686
356,688
356,693
356,694
356,700
356,711
356,717
356,718
356,725
356,726
356,732
356,739
356,745
356,746
356,753
356,754
356,760
356,771
356,777
356,778
356,783
356,785
356,786
356,791
356,792
356,797
356,798
356,811
356,819
356,825
356,826
356,843
356,851
356,857
356,858
356,903
356,909
356,910
356,917
356,918
356,924
356,931
356,937
356,938
356,945
356,946
356,952
356,1025
356,1026
356,1031
356,1032
356,1037
356,1038
356,1040
356,1045
356,1046
356,1052
356,1059
356,1065
356,1066
356,1071
356,1073
356,1074
356,1079
356,1080
356,1085
356,1086
356,1091
356,1097
356,1098
356,1103
356,1105
356,1106
356,1111
356,1112
356,1117
356,1118
356,1131
356,1139
356,1145
356,1146
356,1157
356,1158
356,1164
356,1172
356,1185
356,1186
356,1191
356,1192
356,1197
356,1198
356,1200
356,1205
356,1206
356,1212
356,1223
356,1229
356,1230
356,1237
356,1238
356,1244
356,1251
356,1257
356,1258
356,1265
356,1266
356,1272
356,1283
356,1289
356,1290
356,1295
356,1297
356,1298
356,1303
356,1304
356,1309
356,1310
356,1323
356,1331
356,1337
356,1338
356,1355
356,1363
356,1369
356,1370
356,1415
356,1421
356,1422
356,1429
356,1430
356,1436
356,1443
356,1449
356,1450
356,1457
356,1458
356,1464
356,1541
356,1542
356,1548
356,1556
356,1569
356,1570
356,1575
356,1576
356,1581
356,1582
356,1584
356,1589
356,1590
356,1596
356,1607
356,1613
356,1614
356,1621
356,1622
356,1628
356,1635
356,1641
356,1642
356,1649
356,1650
356,1656
356,1701
356,1702
356,1708
356,1716
356,1799
356,1805
356,1806
356,1813
356,1814
356,1820
356,1827
356,1833
356,1834
356,1841
356,1842
356,1848
359,393
359,394
359,396
359,401
359,402
359,404
359,411
359,413
359,414
359,424
359,432
359,441
359,442
359,444
359,473
359,474
359,476
359,504
359,513
359,514
359,516
359,523
359,525
359,526
359,531
359,533
359,534
359,543
359,544
359,553
359,554
359,556
359,561
359,562
359,564
359,571
359,573
359,574
359,585
359,586
359,588
359,593
359,594
359,596
359,603
359,605
359,606
359,616
359,624
359,633
359,634
359,636
359,643
359,645
359,646
359,655
359,663
359,673
359,674
359,676
359,683
359,685
359,686
359,691
359,693
359,694
359,715
359,717
359,718
359,723
359,725
359,726
359,745
359,746
359,748
359,753
359,754
359,756
359,777
359,778
359,780
359,785
359,786
359,788
359,795
359,797
359,798
359,808
359,816
359,825
359,826
359,828
359,857
359,858
359,860
359,888
359,907
359,909
359,910
359,915
359,917
359,918
359,937
359,938
359,940
359,945
359,946
359,948
359,1025
359,1026
359,1028
359,1035
359,1037
359,1038
359,1043
359,1045
359,1046
359,1055
359,1056
359,1065
359,1066
359,1068
359,1073
359,1074
359,1076
359,1083
359,1085
359,1086
359,1097
359,1098
359,1100
359,1105
359,1106
359,1108
359,1115
359,1117
359,1118
359,1128
359,1136
359,1145
359,1146
359,1148
359,1155
359,1157
359,1158
359,1167
359,1175
359,1185
359,1186
359,1188
359,1195
359,1197
359,1198
359,1203
359,1205
359,1206
359,1227
359,1229
359,1230
359,1235
359,1237
359,1238
359,1257
359,1258
359,1260
359,1265
359,1266
359,1268
359,1289
359,1290
359,1292
359,1297
359,1298
359,1300
359,1307
359,1309
359,1310
359,1320
359,1328
359,1337
359,1338
359,1340
359,1369
359,1370
359,1372
359,1400
359,1419
359,1421
359,1422
359,1427
359,1429
359,1430
359,1449
359,1450
359,1452
359,1457
359,1458
359,1460
359,1539
359,1541
359,1542
359,1551
359,1559
359,1569
359,1570
359,1572
359,1579
359,1581
359,1582
359,1587
359,1589
359,1590
359,1611
359,1613
359,1614
359,1619
359,1621
359,1622
359,1641
359,1642
359,1644
359,1649
359,1650
359,1652
359,1671
359,1699
359,1701
359,1702
359,1803
359,1805
359,1806
359,1811
359,1813
359,1814
359,1833
359,1834
359,1836
359,1841
359,1842
359,1844
360,387
360,389
360,390
360,399
360,401
360,402
360,404
360,411
360,413
360,414
360,423
360,435
360,437
360,438
360,455
360,467
360,469
360,470
360,513
360,514
360,516
360,523
360,525
360,526
360,528
360,537
360,538
360,540
360,547
360,549
360,550
360,559
360,561
360,562
360,564
360,571
360,573
360,574
360,579
360,581
360,582
360,591
360,593
360,594
360,596
360,603
360,605
360,606
360,615
360,627
360,629
360,630
360,649
360,650
360,652
360,664
360,673
360,674
360,676
360,683
360,685
360,686
360,688
360,697
360,698
360,700
360,715
360,717
360,718
360,729
360,730
360,732
360,739
360,741
360,742
360,753
360,754
360,756
360,771
360,773
360,774
360,783
360,785
360,786
360,788
360,795
360,797
360,798
360,807
360,819
360,821
360,822
360,839
360,851
360,853
360,854
360,907
360,909
360,910
360,921
360,922
360,924
360,931
360,933
360,934
360,945
360,946
360,948
360,1025
360,1026
360,1028
360,1035
360,1037
360,1038
360,1040
360,1049
360,1050
360,1052
360,1059
360,1061
360,1062
360,1071
360,1073
360,1074
360,1076
360,1083
360,1085
360,1086
360,1091
360,1093
360,1094
360,1103
360,1105
360,1106
360,1108
360,1115
360,1117
360,1118
360,1127
360,1139
360,1141
360,1142
360,1161
360,1162
360,1164
360,1176
360,1185
360,1186
360,1188
360,1195
360,1197
360,1198
360,1200
360,1209
360,1210
360,1212
360,1227
360,1229
360,1230
360,1241
360,1242
360,1244
360,1251
360,1253
360,1254
360,1265
360,1266
360,1268
360,1283
360,1285
360,1286
360,1295
360,1297
360,1298
360,1300
360,1307
360,1309
360,1310
360,1319
360,1331
360,1333
360,1334
360,1351
360,1363
360,1365
360,1366
360,1419
360,1421
360,1422
360,1433
360,1434
360,1436
360,1443
360,1445
360,1446
360,1457
360,1458
360,1460
360,1545
360,1546
360,1548
360,1560
360,1569
360,1570
360,1572
360,1579
360,1581
360,1582
360,1584
360,1593
360,1594
360,1596
360,1611
360,1613
360,1614
360,1625
360,1626
360,1628
360,1635
360,1637
360,1638
360,1649
360,1650
360,1652
360,1705
360,1706
360,1708
360,1720
360,1803
360,1805
360,1806
360,1817
360,1818
360,1820
360,1827
360,1829
360,1830
360,1841
360,1842
360,1844
363,389
363,390
363,396
363,401
363,402
363,407
363,408
363,413
363,414
363,420
363,432
363,437
363,438
363,444
363,469
363,470
363,476
363,500
363,513
363,514
363,519
363,520
363,525
363,526
363,531
363,537
363,538
363,543
363,544
363,549
363,550
363,556
363,561
363,562
363,567
363,568
363,573
363,574
363,581
363,582
363,588
363,593
363,594
363,599
363,600
363,605
363,606
363,612
363,624
363,629
363,630
363,636
363,643
363,649
363,650
363,655
363,667
363,673
363,674
363,679
363,680
363,685
363,686
363,691
363,697
363,698
363,711
363,717
363,718
363,723
363,729
363,730
363,741
363,742
363,748
363,753
363,754
363,760
363,773
363,774
363,780
363,785
363,786
363,791
363,792
363,797
363,798
363,804
363,816
363,821
363,822
363,828
363,853
363,854
363,860
363,884
363,903
363,909
363,910
363,915
363,921
363,922
363,933
363,934
363,940
363,945
363,946
363,952
363,1025
363,1026
363,1031
363,1032
363,1037
363,1038
363,1043
363,1049
363,1050
363,1055
363,1056
363,1061
363,1062
363,1068
363,1073
363,1074
363,1079
363,1080
363,1085
363,1086
363,1093
363,1094
363,1100
363,1105
363,1106
363,1111
363,1112
363,1117
363,1118
363,1124
363,1136
363,1141
363,1142
363,1148
363,1155
363,1161
363,1162
363,1167
363,1179
363,1185
363,1186
363,1191
363,1192
363,1197
363,1198
363,1203
363,1209
363,1210
363,1223
363,1229
363,1230
363,1235
363,1241
363,1242
363,1253
363,1254
363,1260
363,1265
363,1266
363,1272
363,1285
363,1286
363,1292
363,1297
363,1298
363,1303
363,1304
363,1309
363,1310
363,1316
363,1328
363,1333
363,1334
363,1340
363,1365
363,1366
363,1372
363,1396
363,1415
363,1421
363,1422
363,1427
363,1433
363,1434
363,1445
363,1446
363,1452
363,1457
363,1458
363,1464
363,1539
363,1545
363,1546
363,1551
363,1563
363,1569
363,1570
363,1575
363,1576
363,1581
363,1582
363,1587
363,1593
363,1594
363,1607
363,1613
363,1614
363,1619
363,1625
363,1626
363,1637
363,1638
363,1644
363,1649
363,1650
363,1656
363,1675
363,1699
363,1705
363,1706
363,1799
363,1805
363,1806
363,1811
363,1817
363,1818
363,1829
363,1830
363,1836
363,1841
363,1842
363,1848
365,387
365,390
365,394
365,401
365,404
365,407
365,408
365,411
365,414
365,418
365,432
365,435
365,438
365,442
365,467
365,470
365,474
365,498
365,513
365,516
365,519
365,520
365,523
365,526
365,533
365,537
365,540
365,543
365,544
365,547
365,550
365,554
365,561
365,564
365,567
365,568
365,571
365,574
365,579
365,582
365,586
365,593
365,596
365,599
365,600
365,603
365,606
365,610
365,624
365,627
365,630
365,634
365,645
365,649
365,652
365,655
365,669
365,673
365,676
365,679
365,680
365,683
365,686
365,693
365,697
365,700
365,711
365,715
365,718
365,725
365,729
365,732
365,739
365,742
365,746
365,753
365,756
365,760
365,771
365,774
365,778
365,785
365,788
365,791
365,792
365,795
365,798
365,802
365,816
365,819
365,822
365,826
365,851
365,854
365,858
365,882
365,903
365,907
365,910
365,917
365,921
365,924
365,931
365,934
365,938
365,945
365,948
365,952
365,1025
365,1028
365,1031
365,1032
365,1035
365,1038
365,1045
365,1049
365,1052
365,1055
365,1056
365,1059
365,1062
365,1066
365,1073
365,1076
365,1079
365,1080
365,1083
365,1086
365,1091
365,1094
365,1098
365,1105
365,1108
365,1111
365,1112
365,1115
365,1118
365,1122
365,1136
365,1139
365,1142
365,1146
365,1157
365,1161
365,1164
365,1167
365,1181
365,1185
365,1188
365,1191
365,1192
365,1195
365,1198
365,1205
365,1209
365,1212
365,1223
365,1227
365,1230
365,1237
365,1241
365,1244
365,1251
365,1254
365,1258
365,1265
365,1268
365,1272
365,1283
365,1286
365,1290
365,1297
365,1300
365,1303
365,1304
365,1307
365,1310
365,1314
365,1328
365,1331
365,1334
365,1338
365,1363
365,1366
365,1370
365,1394
365,1415
365,1419
365,1422
365,1429
365,1433
365,1436
365,1443
365,1446
365,1450
365,1457
365,1460
365,1464
365,1541
365,1545
365,1548
365,1551
365,1565
365,1569
365,1572
365,1575
365,1576
365,1579
365,1582
365,1589
365,1593
365,1596
365,1607
365,1611
365,1614
365,1621
365,1625
365,1628
365,1635
365,1638
365,1642
365,1649
365,1652
365,1656
365,1677
365,1701
365,1705
365,1708
365,1799
365,1803
365,1806
365,1813
365,1817
365,1820
365,1827
365,1830
365,1834
365,1841
365,1844
365,1848
366,387
366,389
366,393
366,402
366,404
366,407
366,408
366,411
366,413
366,417
366,432
366,435
366,437
366,441
366,467
366,469
366,473
366,497
366,514
366,516
366,519
366,520
366,523
366,525
366,534
366,538
366,540
366,543
366,544
366,547
366,549
366,553
366,562
366,564
366,567
366,568
366,571
366,573
366,579
366,581
366,585
366,594
366,596
366,599
366,600
366,603
366,605
366,609
366,624
366,627
366,629
366,633
366,646
366,650
366,652
366,655
366,670
366,674
366,676
366,679
366,680
366,683
366,685
366,694
366,698
366,700
366,711
366,715
366,717
366,726
366,730
366,732
366,739
366,741
366,745
366,754
366,756
366,760
366,771
366,773
366,777
366,786
366,788
366,791
366,792
366,795
366,797
366,801
366,816
366,819
366,821
366,825
366,851
366,853
366,857
366,881
366,903
366,907
366,909
366,918
366,922
366,924
366,931
366,933
366,937
366,946
366,948
366,952
366,1026
366,1028
366,1031
366,1032
366,1035
366,1037
366,1046
366,1050
366,1052
366,1055
366,1056
366,1059
366,1061
366,1065
366,1074
366,1076
366,1079
366,1080
366,1083
366,1085
366,1091
366,1093
366,1097
366,1106
366,1108
366,1111
366,1112
366,1115
366,1117
366,1121
366,1136
366,1139
366,1141
366,1145
366,1158
366,1162
366,1164
366,1167
366,1182
366,1186
366,1188
366,1191
366,1192
366,1195
366,1197
366,1206
366,1210
366,1212
366,1223
366,1227
366,1229
366,1238
366,1242
366,1244
366,1251
366,1253
366,1257
366,1266
366,1268
366,1272
366,1283
366,1285
366,1289
366,1298
366,1300
366,1303
366,1304
366,1307
366,1309
366,1313
366,1328
366,1331
366,1333
366,1337
366,1363
366,1365
366,1369
366,1393
366,1415
366,1419
366,1421
366,1430
366,1434
366,1436
366,1443
366,1445
366,1449
366,1458
366,1460
366,1464
366,1542
366,1546
366,1548
366,1551
366,1566
366,1570
366,1572
366,1575
366,1576
366,1579
366,1581
366,1590
366,1594
366,1596
366,1607
366,1611
366,1613
366,1622
366,1626
366,1628
366,1635
366,1637
366,1641
366,1650
366,1652
366,1656
366,1678
366,1702
366,1706
366,1708
366,1799
366,1803
366,1805
366,1814
366,1818
366,1820
366,1827
366,1829
366,1833
366,1842
366,1844
366,1848
368,387
368,389
368,390
368,393
368,394
368,396
368,407
368,411
368,413
368,414
368,423
368,427
368,429
368,430
368,455
368,459
368,461
368,462
368,513
368,514
368,516
368,520
368,531
368,533
368,534
368,537
368,538
368,540
368,547
368,549
368,550
368,553
368,554
368,556
368,567
368,571
368,573
368,574
368,579
368,581
368,582
368,585
368,586
368,588
368,599
368,603
368,605
368,606
368,615
368,619
368,621
368,622
368,657
368,658
368,660
368,664
368,673
368,674
368,676
368,680
368,691
368,693
368,694
368,697
368,698
368,700
368,723
368,725
368,726
368,729
368,730
368,732
368,739
368,741
368,742
368,745
368,746
368,748
368,771
368,773
368,774
368,777
368,778
368,780
368,791
368,795
368,797
368,798
368,807
368,811
368,813
368,814
368,839
368,843
368,845
368,846
368,915
368,917
368,918
368,921
368,922
368,924
368,931
368,933
368,934
368,937
368,938
368,940
368,1025
368,1026
368,1028
368,1032
368,1043
368,1045
368,1046
368,1049
368,1050
368,1052
368,1059
368,1061
368,1062
368,1065
368,1066
368,1068
368,1079
368,1083
368,1085
368,1086
368,1091
368,1093
368,1094
368,1097
368,1098
368,1100
368,1111
368,1115
368,1117
368,1118
368,1127
368,1131
368,1133
368,1134
368,1169
368,1170
368,1172
368,1176
368,1185
368,1186
368,1188
368,1192
368,1203
368,1205
368,1206
368,1209
368,1210
368,1212
368,1235
368,1237
368,1238
368,1241
368,1242
368,1244
368,1251
368,1253
368,1254
368,1257
368,1258
368,1260
368,1283
368,1285
368,1286
368,1289
368,1290
368,1292
368,1303
368,1307
368,1309
368,1310
368,1319
368,1323
368,1325
368,1326
368,1351
368,1355
368,1357
368,1358
368,1427
368,1429
368,1430
368,1433
368,1434
368,1436
368,1443
368,1445
368,1446
368,1449
368,1450
368,1452
368,1553
368,1554
368,1556
368,1560
368,1569
368,1570
368,1572
368,1576
368,1587
368,1589
368,1590
368,1593
368,1594
368,1596
368,1619
368,1621
368,1622
368,1625
368,1626
368,1628
368,1635
368,1637
368,1638
368,1641
368,1642
368,1644
368,1713
368,1714
368,1716
368,1720
368,1811
368,1813
368,1814
368,1817
368,1818
368,1820
368,1827
368,1829
368,1830
368,1833
368,1834
368,1836
371,389
371,390
371,393
371,394
371,399
371,404
371,408
371,413
371,414
371,420
371,424
371,429
371,430
371,444
371,461
371,462
371,476
371,492
371,513
371,514
371,519
371,523
371,528
371,533
371,534
371,537
371,538
371,543
371,544
371,549
371,550
371,553
371,554
371,559
371,564
371,568
371,573
371,574
371,581
371,582
371,585
371,586
371,591
371,596
371,600
371,605
371,606
371,612
371,616
371,621
371,622
371,636
371,643
371,657
371,658
371,663
371,667
371,673
371,674
371,679
371,683
371,688
371,693
371,694
371,697
371,698
371,711
371,715
371,725
371,726
371,729
371,730
371,741
371,742
371,745
371,746
371,756
371,760
371,773
371,774
371,777
371,778
371,783
371,788
371,792
371,797
371,798
371,804
371,808
371,813
371,814
371,828
371,845
371,846
371,860
371,876
371,903
371,907
371,917
371,918
371,921
371,922
371,933
371,934
371,937
371,938
371,948
371,952
371,1025
371,1026
371,1031
371,1035
371,1040
371,1045
371,1046
371,1049
371,1050
371,1055
371,1056
371,1061
371,1062
371,1065
371,1066
371,1071
371,1076
371,1080
371,1085
371,1086
371,1093
371,1094
371,1097
371,1098
371,1103
371,1108
371,1112
371,1117
371,1118
371,1124
371,1128
371,1133
371,1134
371,1148
371,1155
371,1169
371,1170
371,1175
371,1179
371,1185
371,1186
371,1191
371,1195
371,1200
371,1205
371,1206
371,1209
371,1210
371,1223
371,1227
371,1237
371,1238
371,1241
371,1242
371,1253
371,1254
371,1257
371,1258
371,1268
371,1272
371,1285
371,1286
371,1289
371,1290
371,1295
371,1300
371,1304
371,1309
371,1310
371,1316
371,1320
371,1325
371,1326
371,1340
371,1357
371,1358
371,1372
371,1388
371,1415
371,1419
371,1429
371,1430
371,1433
371,1434
371,1445
371,1446
371,1449
371,1450
371,1460
371,1464
371,1539
371,1553
371,1554
371,1559
371,1563
371,1569
371,1570
371,1575
371,1579
371,1584
371,1589
371,1590
371,1593
371,1594
371,1607
371,1611
371,1621
371,1622
371,1625
371,1626
371,1637
371,1638
371,1641
371,1642
371,1652
371,1656
371,1683
371,1699
371,1713
371,1714
371,1799
371,1803
371,1813
371,1814
371,1817
371,1818
371,1829
371,1830
371,1833
371,1834
371,1844
371,1848
373,387
373,390
373,393
373,396
373,399
373,402
373,408
373,411
373,414
373,418
373,424
373,427
373,430
373,442
373,459
373,462
373,474
373,490
373,513
373,516
373,519
373,525
373,528
373,531
373,534
373,537
373,540
373,543
373,544
373,547
373,550
373,553
373,556
373,559
373,562
373,568
373,571
373,574
373,579
373,582
373,585
373,588
373,591
373,594
373,600
373,603
373,606
373,610
373,616
373,619
373,622
373,634
373,645
373,657
373,660
373,663
373,669
373,673
373,676
373,679
373,685
373,688
373,691
373,694
373,697
373,700
373,711
373,717
373,723
373,726
373,729
373,732
373,739
373,742
373,745
373,748
373,754
373,760
373,771
373,774
373,777
373,780
373,783
373,786
373,792
373,795
373,798
373,802
373,808
373,811
373,814
373,826
373,843
373,846
373,858
373,874
373,903
373,909
373,915
373,918
373,921
373,924
373,931
373,934
373,937
373,940
373,946
373,952
373,1025
373,1028
373,1031
373,1037
373,1040
373,1043
373,1046
373,1049
373,1052
373,1055
373,1056
373,1059
373,1062
373,1065
373,1068
373,1071
373,1074
373,1080
373,1083
373,1086
373,1091
373,1094
373,1097
373,1100
373,1103
373,1106
373,1112
373,1115
373,1118
373,1122
373,1128
373,1131
373,1134
373,1146
373,1157
373,1169
373,1172
373,1175
373,1181
373,1185
373,1188
373,1191
373,1197
373,1200
373,1203
373,1206
373,1209
373,1212
373,1223
373,1229
373,1235
373,1238
373,1241
373,1244
373,1251
373,1254
373,1257
373,1260
373,1266
373,1272
373,1283
373,1286
373,1289
373,1292
373,1295
373,1298
373,1304
373,1307
373,1310
373,1314
373,1320
373,1323
373,1326
373,1338
373,1355
373,1358
373,1370
373,1386
373,1415
373,1421
373,1427
373,1430
373,1433
373,1436
373,1443
373,1446
373,1449
373,1452
373,1458
373,1464
373,1541
373,1553
373,1556
373,1559
373,1565
373,1569
373,1572
373,1575
373,1581
373,1584
373,1587
373,1590
373,1593
373,1596
373,1607
373,1613
373,1619
373,1622
373,1625
373,1628
373,1635
373,1638
373,1641
373,1644
373,1650
373,1656
373,1685
373,1701
373,1713
373,1716
373,1799
373,1805
373,1811
373,1814
373,1817
373,1820
373,1827
373,1830
373,1833
373,1836
373,1842
373,1848
374,387
374,389
374,394
374,396
374,399
374,401
374,408
374,411
374,413
374,417
374,424
374,427
374,429
374,441
374,459
374,461
374,473
374,489
374,514
374,516
374,519
374,526
374,528
374,531
374,533
374,538
374,540
374,543
374,544
374,547
374,549
374,554
374,556
374,559
374,561
374,568
374,571
374,573
374,579
374,581
374,586
374,588
374,591
374,593
374,600
374,603
374,605
374,609
374,616
374,619
374,621
374,633
374,646
374,658
374,660
374,663
374,670
374,674
374,676
374,679
374,686
374,688
374,691
374,693
374,698
374,700
374,711
374,718
374,723
374,725
374,730
374,732
374,739
374,741
374,746
374,748
374,753
374,760
374,771
374,773
374,778
374,780
374,783
374,785
374,792
374,795
374,797
374,801
374,808
374,811
374,813
374,825
374,843
374,845
374,857
374,873
374,903
374,910
374,915
374,917
374,922
374,924
374,931
374,933
374,938
374,940
374,945
374,952
374,1026
374,1028
374,1031
374,1038
374,1040
374,1043
374,1045
374,1050
374,1052
374,1055
374,1056
374,1059
374,1061
374,1066
374,1068
374,1071
374,1073
374,1080
374,1083
374,1085
374,1091
374,1093
374,1098
374,1100
374,1103
374,1105
374,1112
374,1115
374,1117
374,1121
374,1128
374,1131
374,1133
374,1145
374,1158
374,1170
374,1172
374,1175
374,1182
374,1186
374,1188
374,1191
374,1198
374,1200
374,1203
374,1205
374,1210
374,1212
374,1223
374,1230
374,1235
374,1237
374,1242
374,1244
374,1251
374,1253
374,1258
374,1260
374,1265
374,1272
374,1283
374,1285
374,1290
374,1292
374,1295
374,1297
374,1304
374,1307
374,1309
374,1313
374,1320
374,1323
374,1325
374,1337
374,1355
374,1357
374,1369
374,1385
374,1415
374,1422
374,1427
374,1429
374,1434
374,1436
374,1443
374,1445
374,1450
374,1452
374,1457
374,1464
374,1542
374,1554
374,1556
374,1559
374,1566
374,1570
374,1572
374,1575
374,1582
374,1584
374,1587
374,1589
374,1594
374,1596
374,1607
374,1614
374,1619
374,1621
374,1626
374,1628
374,1635
374,1637
374,1642
374,1644
374,1649
374,1656
374,1686
374,1702
374,1714
374,1716
374,1799
374,1806
374,1811
374,1813
374,1818
374,1820
374,1827
374,1829
374,1834
374,1836
374,1841
374,1848
377,387
377,389
377,394
377,396
377,399
377,402
377,404
377,407
377,414
377,418
377,420
377,423
377,430
377,438
377,455
377,462
377,470
377,486
377,513
377,520
377,523
377,525
377,528
377,531
377,533
377,538
377,540
377,543
377,544
377,547
377,549
377,554
377,556
377,559
377,562
377,564
377,567
377,574
377,579
377,581
377,586
377,588
377,591
377,594
377,596
377,599
377,606
377,610
377,612
377,615
377,622
377,630
377,649
377,657
377,664
377,667
377,669
377,673
377,680
377,683
377,685
377,688
377,691
377,693
377,698
377,700
377,715
377,717
377,723
377,725
377,730
377,732
377,739
377,741
377,746
377,748
377,754
377,756
377,771
377,773
377,778
377,780
377,783
377,786
377,788
377,791
377,798
377,802
377,804
377,807
377,814
377,822
377,839
377,846
377,854
377,870
377,907
377,909
377,915
377,917
377,922
377,924
377,931
377,933
377,938
377,940
377,946
377,948
377,1025
377,1032
377,1035
377,1037
377,1040
377,1043
377,1045
377,1050
377,1052
377,1055
377,1056
377,1059
377,1061
377,1066
377,1068
377,1071
377,1074
377,1076
377,1079
377,1086
377,1091
377,1093
377,1098
377,1100
377,1103
377,1106
377,1108
377,1111
377,1118
377,1122
377,1124
377,1127
377,1134
377,1142
377,1161
377,1169
377,1176
377,1179
377,1181
377,1185
377,1192
377,1195
377,1197
377,1200
377,1203
377,1205
377,1210
377,1212
377,1227
377,1229
377,1235
377,1237
377,1242
377,1244
377,1251
377,1253
377,1258
377,1260
377,1266
377,1268
377,1283
377,1285
377,1290
377,1292
377,1295
377,1298
377,1300
377,1303
377,1310
377,1314
377,1316
377,1319
377,1326
377,1334
377,1351
377,1358
377,1366
377,1382
377,1419
377,1421
377,1427
377,1429
377,1434
377,1436
377,1443
377,1445
377,1450
377,1452
377,1458
377,1460
377,1545
377,1553
377,1560
377,1563
377,1565
377,1569
377,1576
377,1579
377,1581
377,1584
377,1587
377,1589
377,1594
377,1596
377,1611
377,1613
377,1619
377,1621
377,1626
377,1628
377,1635
377,1637
377,1642
377,1644
377,1650
377,1652
377,1689
377,1705
377,1713
377,1720
377,1803
377,1805
377,1811
377,1813
377,1818
377,1820
377,1827
377,1829
377,1834
377,1836
377,1842
377,1844
378,387
378,390
378,393
378,396
378,399
378,401
378,404
378,407
378,413
378,417
378,420
378,423
378,429
378,437
378,455
378,461
378,469
378,485
378,514
378,520
378,523
378,526
378,528
378,531
378,534
378,537
378,540
378,543
378,544
378,547
378,550
378,553
378,556
378,559
378,561
378,564
378,567
378,573
378,579
378,582
378,585
378,588
378,591
378,593
378,596
378,599
378,605
378,609
378,612
378,615
378,621
378,629
378,650
378,658
378,664
378,667
378,670
378,674
378,680
378,683
378,686
378,688
378,691
378,694
378,697
378,700
378,715
378,718
378,723
378,726
378,729
378,732
378,739
378,742
378,745
378,748
378,753
378,756
378,771
378,774
378,777
378,780
378,783
378,785
378,788
378,791
378,797
378,801
378,804
378,807
378,813
378,821
378,839
378,845
378,853
378,869
378,907
378,910
378,915
378,918
378,921
378,924
378,931
378,934
378,937
378,940
378,945
378,948
378,1026
378,1032
378,1035
378,1038
378,1040
378,1043
378,1046
378,1049
378,1052
378,1055
378,1056
378,1059
378,1062
378,1065
378,1068
378,1071
378,1073
378,1076
378,1079
378,1085
378,1091
378,1094
378,1097
378,1100
378,1103
378,1105
378,1108
378,1111
378,1117
378,1121
378,1124
378,1127
378,1133
378,1141
378,1162
378,1170
378,1176
378,1179
378,1182
378,1186
378,1192
378,1195
378,1198
378,1200
378,1203
378,1206
378,1209
378,1212
378,1227
378,1230
378,1235
378,1238
378,1241
378,1244
378,1251
378,1254
378,1257
378,1260
378,1265
378,1268
378,1283
378,1286
378,1289
378,1292
378,1295
378,1297
378,1300
378,1303
378,1309
378,1313
378,1316
378,1319
378,1325
378,1333
378,1351
378,1357
378,1365
378,1381
378,1419
378,1422
378,1427
378,1430
378,1433
378,1436
378,1443
378,1446
378,1449
378,1452
378,1457
378,1460
378,1546
378,1554
378,1560
378,1563
378,1566
378,1570
378,1576
378,1579
378,1582
378,1584
378,1587
378,1590
378,1593
378,1596
378,1611
378,1614
378,1619
378,1622
378,1625
378,1628
378,1635
378,1638
378,1641
378,1644
378,1649
378,1652
378,1690
378,1706
378,1714
378,1720
378,1803
378,1806
378,1811
378,1814
378,1817
378,1820
378,1827
378,1830
378,1833
378,1836
378,1841
378,1844
380,389
380,390
380,393
380,394
380,399
380,401
380,402
380,407
380,411
380,417
380,418
380,423
380,427
380,435
380,455
380,459
380,467
380,483
380,516
380,520
380,525
380,526
380,528
380,533
380,534
380,537
380,538
380,543
380,544
380,549
380,550
380,553
380,554
380,559
380,561
380,562
380,567
380,571
380,581
380,582
380,585
380,586
380,591
380,593
380,594
380,599
380,603
380,609
380,610
380,615
380,619
380,627
380,652
380,660
380,664
380,669
380,670
380,676
380,680
380,685
380,686
380,688
380,693
380,694
380,697
380,698
380,717
380,718
380,725
380,726
380,729
380,730
380,741
380,742
380,745
380,746
380,753
380,754
380,773
380,774
380,777
380,778
380,783
380,785
380,786
380,791
380,795
380,801
380,802
380,807
380,811
380,819
380,839
380,843
380,851
380,867
380,909
380,910
380,917
380,918
380,921
380,922
380,933
380,934
380,937
380,938
380,945
380,946
380,1028
380,1032
380,1037
380,1038
380,1040
380,1045
380,1046
380,1049
380,1050
380,1055
380,1056
380,1061
380,1062
380,1065
380,1066
380,1071
380,1073
380,1074
380,1079
380,1083
380,1093
380,1094
380,1097
380,1098
380,1103
380,1105
380,1106
380,1111
380,1115
380,1121
380,1122
380,1127
380,1131
380,1139
380,1164
380,1172
380,1176
380,1181
380,1182
380,1188
380,1192
380,1197
380,1198
380,1200
380,1205
380,1206
380,1209
380,1210
380,1229
380,1230
380,1237
380,1238
380,1241
380,1242
380,1253
380,1254
380,1257
380,1258
380,1265
380,1266
380,1285
380,1286
380,1289
380,1290
380,1295
380,1297
380,1298
380,1303
380,1307
380,1313
380,1314
380,1319
380,1323
380,1331
380,1351
380,1355
380,1363
380,1379
380,1421
380,1422
380,1429
380,1430
380,1433
380,1434
380,1445
380,1446
380,1449
380,1450
380,1457
380,1458
380,1548
380,1556
380,1560
380,1565
380,1566
380,1572
380,1576
380,1581
380,1582
380,1584
380,1589
380,1590
380,1593
380,1594
380,1613
380,1614
380,1621
380,1622
380,1625
380,1626
380,1637
380,1638
380,1641
380,1642
380,1649
380,1650
380,1692
380,1708
380,1716
380,1720
380,1805
380,1806
380,1813
380,1814
380,1817
380,1818
380,1829
380,1830
380,1833
380,1834
380,1841
380,1842
387,444
387,476
387,492
387,500
387,504
387,516
387,520
387,525
387,526
387,528
387,533
387,534
387,537
387,538
387,543
387,544
387,549
387,550
387,553
387,554
387,559
387,561
387,562
387,567
387,571
387,581
387,582
387,585
387,586
387,591
387,593
387,594
387,599
387,603
387,609
387,610
387,615
387,619
387,627
387,652
387,660
387,664
387,669
387,670
387,676
387,680
387,685
387,686
387,688
387,693
387,694
387,697
387,698
387,717
387,718
387,725
387,726
387,729
387,730
387,741
387,742
387,745
387,746
387,753
387,754
387,780
387,788
387,792
387,797
387,798
387,804
387,808
387,813
387,814
387,816
387,821
387,822
387,825
387,826
387,845
387,846
387,853
387,854
387,857
387,858
387,869
387,870
387,873
387,874
387,881
387,882
387,924
387,940
387,948
387,952
387,1028
387,1032
387,1037
387,1038
387,1040
387,1045
387,1046
387,1049
387,1050
387,1055
387,1056
387,1061
387,1062
387,1065
387,1066
387,1071
387,1073
387,1074
387,1079
387,1083
387,1093
387,1094
387,1097
387,1098
387,1103
387,1105
387,1106
387,1111
387,1115
387,1121
387,1122
387,1127
387,1131
387,1139
387,1164
387,1172
387,1176
387,1181
387,1182
387,1188
387,1192
387,1197
387,1198
387,1200
387,1205
387,1206
387,1209
387,1210
387,1229
387,1230
387,1237
387,1238
387,1241
387,1242
387,1253
387,1254
387,1257
387,1258
387,1265
387,1266
387,1292
387,1300
387,1304
387,1309
387,1310
387,1316
387,1320
387,1325
387,1326
387,1328
387,1333
387,1334
387,1337
387,1338
387,1357
387,1358
387,1365
387,1366
387,1369
387,1370
387,1381
387,1382
387,1385
387,1386
387,1393
387,1394
387,1436
387,1452
387,1460
387,1464
387,1541
387,1542
387,1545
387,1546
387,1551
387,1553
387,1554
387,1559
387,1563
387,1569
387,1570
387,1575
387,1579
387,1587
387,1607
387,1611
387,1619
387,1635
387,1677
387,1678
387,1685
387,1686
387,1689
387,1690
387,1701
387,1702
387,1705
387,1706
387,1713
387,1714
387,1805
387,1806
387,1813
387,1814
387,1817
387,1818
387,1829
387,1830
387,1833
387,1834
387,1841
387,1842
389,442
389,474
389,490
389,498
389,504
389,514
389,520
389,523
389,526
389,528
389,531
389,534
389,537
389,540
389,543
389,544
389,547
389,550
389,553
389,556
389,559
389,561
389,564
389,567
389,573
389,579
389,582
389,585
389,588
389,591
389,593
389,596
389,599
389,605
389,609
389,612
389,615
389,621
389,629
389,650
389,658
389,664
389,667
389,670
389,674
389,680
389,683
389,686
389,688
389,691
389,694
389,697
389,700
389,715
389,718
389,723
389,726
389,729
389,732
389,739
389,742
389,745
389,748
389,753
389,756
389,778
389,786
389,792
389,795
389,798
389,802
389,808
389,811
389,814
389,816
389,819
389,822
389,825
389,828
389,843
389,846
389,851
389,854
389,857
389,860
389,867
389,870
389,873
389,876
389,881
389,884
389,922
389,938
389,946
389,952
389,1026
389,1032
389,1035
389,1038
389,1040
389,1043
389,1046
389,1049
389,1052
389,1055
389,1056
389,1059
389,1062
389,1065
389,1068
389,1071
389,1073
389,1076
389,1079
389,1085
389,1091
389,1094
389,1097
389,1100
389,1103
389,1105
389,1108
389,1111
389,1117
389,1121
389,1124
389,1127
389,1133
389,1141
389,1162
389,1170
389,1176
389,1179
389,1182
389,1186
389,1192
389,1195
389,1198
389,1200
389,1203
389,1206
389,1209
389,1212
389,1227
389,1230
389,1235
389,1238
389,1241
389,1244
389,1251
389,1254
389,1257
389,1260
389,1265
389,1268
389,1290
389,1298
389,1304
389,1307
389,1310
389,1314
389,1320
389,1323
389,1326
389,1328
389,1331
389,1334
389,1337
389,1340
389,1355
389,1358
389,1363
389,1366
389,1369
389,1372
389,1379
389,1382
389,1385
389,1388
389,1393
389,1396
389,1434
389,1450
389,1458
389,1464
389,1539
389,1542
389,1545
389,1548
389,1551
389,1553
389,1556
389,1559
389,1565
389,1569
389,1572
389,1575
389,1581
389,1589
389,1607
389,1613
389,1621
389,1637
389,1675
389,1678
389,1683
389,1686
389,1689
389,1692
389,1699
389,1702
389,1705
389,1708
389,1713
389,1716
389,1803
389,1806
389,1811
389,1814
389,1817
389,1820
389,1827
389,1830
389,1833
389,1836
389,1841
389,1844
390,441
390,473
390,489
390,497
390,504
390,513
390,520
390,523
390,525
390,528
390,531
390,533
390,538
390,540
390,543
390,544
390,547
390,549
390,554
390,556
390,559
390,562
390,564
390,567
390,574
390,579
390,581
390,586
390,588
390,591
390,594
390,596
390,599
390,606
390,610
390,612
390,615
390,622
390,630
390,649
390,657
390,664
390,667
390,669
390,673
390,680
390,683
390,685
390,688
390,691
390,693
390,698
390,700
390,715
390,717
390,723
390,725
390,730
390,732
390,739
390,741
390,746
390,748
390,754
390,756
390,777
390,785
390,792
390,795
390,797
390,801
390,808
390,811
390,813
390,816
390,819
390,821
390,826
390,828
390,843
390,845
390,851
390,853
390,858
390,860
390,867
390,869
390,874
390,876
390,882
390,884
390,921
390,937
390,945
390,952
390,1025
390,1032
390,1035
390,1037
390,1040
390,1043
390,1045
390,1050
390,1052
390,1055
390,1056
390,1059
390,1061
390,1066
390,1068
390,1071
390,1074
390,1076
390,1079
390,1086
390,1091
390,1093
390,1098
390,1100
390,1103
390,1106
390,1108
390,1111
390,1118
390,1122
390,1124
390,1127
390,1134
390,1142
390,1161
390,1169
390,1176
390,1179
390,1181
390,1185
390,1192
390,1195
390,1197
390,1200
390,1203
390,1205
390,1210
390,1212
390,1227
390,1229
390,1235
390,1237
390,1242
390,1244
390,1251
390,1253
390,1258
390,1260
390,1266
390,1268
390,1289
390,1297
390,1304
390,1307
390,1309
390,1313
390,1320
390,1323
390,1325
390,1328
390,1331
390,1333
390,1338
390,1340
390,1355
390,1357
390,1363
390,1365
390,1370
390,1372
390,1379
390,1381
390,1386
390,1388
390,1394
390,1396
390,1433
390,1449
390,1457
390,1464
390,1539
390,1541
390,1546
390,1548
390,1551
390,1554
390,1556
390,1559
390,1566
390,1570
390,1572
390,1575
390,1582
390,1590
390,1607
390,1614
390,1622
390,1638
390,1675
390,1677
390,1683
390,1685
390,1690
390,1692
390,1699
390,1701
390,1706
390,1708
390,1714
390,1716
390,1803
390,1805
390,1811
390,1813
390,1818
390,1820
390,1827
390,1829
390,1834
390,1836
390,1842
390,1844
393,438
393,470
393,486
393,498
393,500
393,514
393,516
393,519
393,526
393,528
393,531
393,533
393,538
393,540
393,543
393,544
393,547
393,549
393,554
393,556
393,559
393,561
393,568
393,571
393,573
393,579
393,581
393,586
393,588
393,591
393,593
393,600
393,603
393,605
393,609
393,616
393,619
393,621
393,633
393,646
393,658
393,660
393,663
393,670
393,674
393,676
393,679
393,686
393,688
393,691
393,693
393,698
393,700
393,711
393,718
393,723
393,725
393,730
393,732
393,739
393,741
393,746
393,748
393,753
393,760
393,774
393,786
393,788
393,791
393,798
393,802
393,804
393,807
393,814
393,816
393,819
393,821
393,826
393,828
393,839
393,846
393,851
393,853
393,858
393,860
393,867
393,869
393,874
393,876
393,881
393,888
393,918
393,934
393,946
393,948
393,1026
393,1028
393,1031
393,1038
393,1040
393,1043
393,1045
393,1050
393,1052
393,1055
393,1056
393,1059
393,1061
393,1066
393,1068
393,1071
393,1073
393,1080
393,1083
393,1085
393,1091
393,1093
393,1098
393,1100
393,1103
393,1105
393,1112
393,1115
393,1117
393,1121
393,1128
393,1131
393,1133
393,1145
393,1158
393,1170
393,1172
393,1175
393,1182
393,1186
393,1188
393,1191
393,1198
393,1200
393,1203
393,1205
393,1210
393,1212
393,1223
393,1230
393,1235
393,1237
393,1242
393,1244
393,1251
393,1253
393,1258
393,1260
393,1265
393,1272
393,1286
393,1298
393,1300
393,1303
393,1310
393,1314
393,1316
393,1319
393,1326
393,1328
393,1331
393,1333
393,1338
393,1340
393,1351
393,1358
393,1363
393,1365
393,1370
393,1372
393,1379
393,1381
393,1386
393,1388
393,1393
393,1400
393,1430
393,1446
393,1458
393,1460
393,1539
393,1541
393,1546
393,1548
393,1551
393,1553
393,1560
393,1563
393,1565
393,1569
393,1576
393,1579
393,1581
393,1593
393,1611
393,1613
393,1625
393,1641
393,1671
393,1678
393,1683
393,1685
393,1690
393,1692
393,1699
393,1701
393,1706
393,1708
393,1713
393,1720
393,1799
393,1806
393,1811
393,1813
393,1818
393,1820
393,1827
393,1829
393,1834
393,1836
393,1841
393,1848
394,437
394,469
394,485
394,497
394,500
394,513
394,516
394,519
394,525
394,528
394,531
394,534
394,537
394,540
394,543
394,544
394,547
394,550
394,553
394,556
394,559
394,562
394,568
394,571
394,574
394,579
394,582
394,585
394,588
394,591
394,594
394,600
394,603
394,606
394,610
394,616
394,619
394,622
394,634
394,645
394,657
394,660
394,663
394,669
394,673
394,676
394,679
394,685
394,688
394,691
394,694
394,697
394,700
394,711
394,717
394,723
394,726
394,729
394,732
394,739
394,742
394,745
394,748
394,754
394,760
394,773
394,785
394,788
394,791
394,797
394,801
394,804
394,807
394,813
394,816
394,819
394,822
394,825
394,828
394,839
394,845
394,851
394,854
394,857
394,860
394,867
394,870
394,873
394,876
394,882
394,888
394,917
394,933
394,945
394,948
394,1025
394,1028
394,1031
394,1037
394,1040
394,1043
394,1046
394,1049
394,1052
394,1055
394,1056
394,1059
394,1062
394,1065
394,1068
394,1071
394,1074
394,1080
394,1083
394,1086
394,1091
394,1094
394,1097
394,1100
394,1103
394,1106
394,1112
394,1115
394,1118
394,1122
394,1128
394,1131
394,1134
394,1146
394,1157
394,1169
394,1172
394,1175
394,1181
394,1185
394,1188
394,1191
394,1197
394,1200
394,1203
394,1206
394,1209
394,1212
394,1223
394,1229
394,1235
394,1238
394,1241
394,1244
394,1251
394,1254
394,1257
394,1260
394,1266
394,1272
394,1285
394,1297
394,1300
394,1303
394,1309
394,1313
394,1316
394,1319
394,1325
394,1328
394,1331
394,1334
394,1337
394,1340
394,1351
394,1357
394,1363
394,1366
394,1369
394,1372
394,1379
394,1382
394,1385
394,1388
394,1394
394,1400
394,1429
394,1445
394,1457
394,1460
394,1539
394,1542
394,1545
394,1548
394,1551
394,1554
394,1560
394,1563
394,1566
394,1570
394,1576
394,1579
394,1582
394,1594
394,1611
394,1614
394,1626
394,1642
394,1671
394,1677
394,1683
394,1686
394,1689
394,1692
394,1699
394,1702
394,1705
394,1708
394,1714
394,1720
394,1799
394,1805
394,1811
394,1814
394,1817
394,1820
394,1827
394,1830
394,1833
394,1836
394,1842
394,1848
396,435
396,467
396,483
396,497
396,498
396,513
396,514
396,519
396,523
396,528
396,533
396,534
396,537
396,538
396,543
396,544
396,549
396,550
396,553
396,554
396,559
396,564
396,568
396,573
396,574
396,581
396,582
396,585
396,586
396,591
396,596
396,600
396,605
396,606
396,612
396,616
396,621
396,622
396,636
396,643
396,657
396,658
396,663
396,667
396,673
396,674
396,679
396,683
396,688
396,693
396,694
396,697
396,698
396,711
396,715
396,725
396,726
396,729
396,730
396,741
396,742
396,745
396,746
396,756
396,760
396,771
396,785
396,786
396,791
396,795
396,801
396,802
396,807
396,811
396,816
396,821
396,822
396,825
396,826
396,839
396,843
396,853
396,854
396,857
396,858
396,869
396,870
396,873
396,874
396,884
396,888
396,915
396,931
396,945
396,946
396,1025
396,1026
396,1031
396,1035
396,1040
396,1045
396,1046
396,1049
396,1050
396,1055
396,1056
396,1061
396,1062
396,1065
396,1066
396,1071
396,1076
396,1080
396,1085
396,1086
396,1093
396,1094
396,1097
396,1098
396,1103
396,1108
396,1112
396,1117
396,1118
396,1124
396,1128
396,1133
396,1134
396,1148
396,1155
396,1169
396,1170
396,1175
396,1179
396,1185
396,1186
396,1191
396,1195
396,1200
396,1205
396,1206
396,1209
396,1210
396,1223
396,1227
396,1237
396,1238
396,1241
396,1242
396,1253
396,1254
396,1257
396,1258
396,1268
396,1272
396,1283
396,1297
396,1298
396,1303
396,1307
396,1313
396,1314
396,1319
396,1323
396,1328
396,1333
396,1334
396,1337
396,1338
396,1351
396,1355
396,1365
396,1366
396,1369
396,1370
396,1381
396,1382
396,1385
396,1386
396,1396
396,1400
396,1427
396,1443
396,1457
396,1458
396,1541
396,1542
396,1545
396,1546
396,1551
396,1556
396,1560
396,1565
396,1566
396,1572
396,1576
396,1581
396,1582
396,1596
396,1613
396,1614
396,1628
396,1644
396,1671
396,1675
396,1685
396,1686
396,1689
396,1690
396,1701
396,1702
396,1705
396,1706
396,1716
396,1720
396,1799
396,1803
396,1813
396,1814
396,1817
396,1818
396,1829
396,1830
396,1833
396,1834
396,1844
396,1848
399,432
399,497
399,498
399,500
399,504
399,513
399,514
399,516
399,520
399,531
399,533
399,534
399,537
399,538
399,540
399,547
399,549
399,550
399,553
399,554
399,556
399,567
399,571
399,573
399,574
399,579
399,581
399,582
399,585
399,586
399,588
399,599
399,603
399,605
399,606
399,615
399,619
399,621
399,622
399,657
399,658
399,660
399,664
399,673
399,674
399,676
399,680
399,691
399,693
399,694
399,697
399,698
399,700
399,723
399,725
399,726
399,729
399,730
399,732
399,739
399,741
399,742
399,745
399,746
399,748
399,785
399,786
399,788
399,792
399,801
399,802
399,804
399,808
399,819
399,821
399,822
399,825
399,826
399,828
399,851
399,853
399,854
399,857
399,858
399,860
399,867
399,869
399,870
399,873
399,874
399,876
399,945
399,946
399,948
399,952
399,1025
399,1026
399,1028
399,1032
399,1043
399,1045
399,1046
399,1049
399,1050
399,1052
399,1059
399,1061
399,1062
399,1065
399,1066
399,1068
399,1079
399,1083
399,1085
399,1086
399,1091
399,1093
399,1094
399,1097
399,1098
399,1100
399,1111
399,1115
399,1117
399,1118
399,1127
399,1131
399,1133
399,1134
399,1169
399,1170
399,1172
399,1176
399,1185
399,1186
399,1188
399,1192
399,1203
399,1205
399,1206
399,1209
399,1210
399,1212
399,1235
399,1237
399,1238
399,1241
399,1242
399,1244
399,1251
399,1253
399,1254
399,1257
399,1258
399,1260
399,1297
399,1298
399,1300
399,1304
399,1313
399,1314
399,1316
399,1320
399,1331
399,1333
399,1334
399,1337
399,1338
399,1340
399,1363
399,1365
399,1366
399,1369
399,1370
399,1372
399,1379
399,1381
399,1382
399,1385
399,1386
399,1388
399,1457
399,1458
399,1460
399,1464
399,1539
399,1541
399,1542
399,1545
399,1546
399,1548
399,1559
399,1563
399,1565
399,1566
399,1575
399,1579
399,1581
399,1582
399,1607
399,1611
399,1613
399,1614
399,1683
399,1685
399,1686
399,1689
399,1690
399,1692
399,1699
399,1701
399,1702
399,1705
399,1706
399,1708
399,1811
399,1813
399,1814
399,1817
399,1818
399,1820
399,1827
399,1829
399,1830
399,1833
399,1834
399,1836
401,430
401,462
401,486
401,490
401,492
401,514
401,516
401,519
401,520
401,523
401,525
401,534
401,538
401,540
401,543
401,544
401,547
401,549
401,553
401,562
401,564
401,567
401,568
401,571
401,573
401,579
401,581
401,585
401,594
401,596
401,599
401,600
401,603
401,605
401,609
401,624
401,627
401,629
401,633
401,646
401,650
401,652
401,655
401,670
401,674
401,676
401,679
401,680
401,683
401,685
401,694
401,698
401,700
401,711
401,715
401,717
401,726
401,730
401,732
401,739
401,741
401,745
401,754
401,756
401,760
401,774
401,778
401,780
401,783
401,798
401,802
401,804
401,807
401,808
401,811
401,813
401,822
401,826
401,828
401,839
401,843
401,845
401,854
401,858
401,860
401,867
401,869
401,873
401,882
401,884
401,888
401,910
401,934
401,938
401,940
401,1026
401,1028
401,1031
401,1032
401,1035
401,1037
401,1046
401,1050
401,1052
401,1055
401,1056
401,1059
401,1061
401,1065
401,1074
401,1076
401,1079
401,1080
401,1083
401,1085
401,1091
401,1093
401,1097
401,1106
401,1108
401,1111
401,1112
401,1115
401,1117
401,1121
401,1136
401,1139
401,1141
401,1145
401,1158
401,1162
401,1164
401,1167
401,1182
401,1186
401,1188
401,1191
401,1192
401,1195
401,1197
401,1206
401,1210
401,1212
401,1223
401,1227
401,1229
401,1238
401,1242
401,1244
401,1251
401,1253
401,1257
401,1266
401,1268
401,1272
401,1286
401,1290
401,1292
401,1295
401,1310
401,1314
401,1316
401,1319
401,1320
401,1323
401,1325
401,1334
401,1338
401,1340
401,1351
401,1355
401,1357
401,1366
401,1370
401,1372
401,1379
401,1381
401,1385
401,1394
401,1396
401,1400
401,1422
401,1446
401,1450
401,1452
401,1539
401,1541
401,1545
401,1554
401,1556
401,1559
401,1560
401,1563
401,1565
401,1569
401,1584
401,1587
401,1589
401,1593
401,1619
401,1621
401,1625
401,1649
401,1671
401,1675
401,1677
401,1686
401,1690
401,1692
401,1699
401,1701
401,1705
401,1714
401,1716
401,1720
401,1799
401,1803
401,1805
401,1814
401,1818
401,1820
401,1827
401,1829
401,1833
401,1842
401,1844
401,1848
402,429
402,461
402,485
402,489
402,492
402,513
402,516
402,519
402,520
402,523
402,526
402,533
402,537
402,540
402,543
402,544
402,547
402,550
402,554
402,561
402,564
402,567
402,568
402,571
402,574
402,579
402,582
402,586
402,593
402,596
402,599
402,600
402,603
402,606
402,610
402,624
402,627
402,630
402,634
402,645
402,649
402,652
402,655
402,669
402,673
402,676
402,679
402,680
402,683
402,686
402,693
402,697
402,700
402,711
402,715
402,718
402,725
402,729
402,732
402,739
402,742
402,746
402,753
402,756
402,760
402,773
402,777
402,780
402,783
402,797
402,801
402,804
402,807
402,808
402,811
402,814
402,821
402,825
402,828
402,839
402,843
402,846
402,853
402,857
402,860
402,867
402,870
402,874
402,881
402,884
402,888
402,909
402,933
402,937
402,940
402,1025
402,1028
402,1031
402,1032
402,1035
402,1038
402,1045
402,1049
402,1052
402,1055
402,1056
402,1059
402,1062
402,1066
402,1073
402,1076
402,1079
402,1080
402,1083
402,1086
402,1091
402,1094
402,1098
402,1105
402,1108
402,1111
402,1112
402,1115
402,1118
402,1122
402,1136
402,1139
402,1142
402,1146
402,1157
402,1161
402,1164
402,1167
402,1181
402,1185
402,1188
402,1191
402,1192
402,1195
402,1198
402,1205
402,1209
402,1212
402,1223
402,1227
402,1230
402,1237
402,1241
402,1244
402,1251
402,1254
402,1258
402,1265
402,1268
402,1272
402,1285
402,1289
402,1292
402,1295
402,1309
402,1313
402,1316
402,1319
402,1320
402,1323
402,1326
402,1333
402,1337
402,1340
402,1351
402,1355
402,1358
402,1365
402,1369
402,1372
402,1379
402,1382
402,1386
402,1393
402,1396
402,1400
402,1421
402,1445
402,1449
402,1452
402,1539
402,1542
402,1546
402,1553
402,1556
402,1559
402,1560
402,1563
402,1566
402,1570
402,1584
402,1587
402,1590
402,1594
402,1619
402,1622
402,1626
402,1650
402,1671
402,1675
402,1678
402,1685
402,1689
402,1692
402,1699
402,1702
402,1706
402,1713
402,1716
402,1720
402,1799
402,1803
402,1806
402,1813
402,1817
402,1820
402,1827
402,1830
402,1834
402,1841
402,1844
402,1848
404,427
404,459
404,483
404,489
404,490
404,513
404,514
404,519
404,520
404,525
404,526
404,531
404,537
404,538
404,543
404,544
404,549
404,550
404,556
404,561
404,562
404,567
404,568
404,573
404,574
404,581
404,582
404,588
404,593
404,594
404,599
404,600
404,605
404,606
404,612
404,624
404,629
404,630
404,636
404,643
404,649
404,650
404,655
404,667
404,673
404,674
404,679
404,680
404,685
404,686
404,691
404,697
404,698
404,711
404,717
404,718
404,723
404,729
404,730
404,741
404,742
404,748
404,753
404,754
404,760
404,771
404,777
404,778
404,783
404,795
404,801
404,802
404,807
404,808
404,813
404,814
404,819
404,825
404,826
404,839
404,845
404,846
404,851
404,857
404,858
404,869
404,870
404,876
404,881
404,882
404,888
404,907
404,931
404,937
404,938
404,1025
404,1026
404,1031
404,1032
404,1037
404,1038
404,1043
404,1049
404,1050
404,1055
404,1056
404,1061
404,1062
404,1068
404,1073
404,1074
404,1079
404,1080
404,1085
404,1086
404,1093
404,1094
404,1100
404,1105
404,1106
404,1111
404,1112
404,1117
404,1118
404,1124
404,1136
404,1141
404,1142
404,1148
404,1155
404,1161
404,1162
404,1167
404,1179
404,1185
404,1186
404,1191
404,1192
404,1197
404,1198
404,1203
404,1209
404,1210
404,1223
404,1229
404,1230
404,1235
404,1241
404,1242
404,1253
404,1254
404,1260
404,1265
404,1266
404,1272
404,1283
404,1289
404,1290
404,1295
404,1307
404,1313
404,1314
404,1319
404,1320
404,1325
404,1326
404,1331
404,1337
404,1338
404,1351
404,1357
404,1358
404,1363
404,1369
404,1370
404,1381
404,1382
404,1388
404,1393
404,1394
404,1400
404,1419
404,1443
404,1449
404,1450
404,1541
404,1542
404,1548
404,1553
404,1554
404,1559
404,1560
404,1565
404,1566
404,1572
404,1584
404,1589
404,1590
404,1596
404,1621
404,1622
404,1628
404,1652
404,1671
404,1677
404,1678
404,1683
404,1689
404,1690
404,1701
404,1702
404,1708
404,1713
404,1714
404,1720
404,1799
404,1805
404,1806
404,1811
404,1817
404,1818
404,1829
404,1830
404,1836
404,1841
404,1842
404,1848
407,424
407,489
407,490
407,492
407,504
407,513
407,514
407,516
407,523
407,525
407,526
407,528
407,537
407,538
407,540
407,547
407,549
407,550
407,559
407,561
407,562
407,564
407,571
407,573
407,574
407,579
407,581
407,582
407,591
407,593
407,594
407,596
407,603
407,605
407,606
407,615
407,627
407,629
407,630
407,649
407,650
407,652
407,664
407,673
407,674
407,676
407,683
407,685
407,686
407,688
407,697
407,698
407,700
407,715
407,717
407,718
407,729
407,730
407,732
407,739
407,741
407,742
407,753
407,754
407,756
407,777
407,778
407,780
407,792
407,801
407,802
407,804
407,811
407,813
407,814
407,816
407,825
407,826
407,828
407,843
407,845
407,846
407,857
407,858
407,860
407,867
407,869
407,870
407,881
407,882
407,884
407,937
407,938
407,940
407,952
407,1025
407,1026
407,1028
407,1035
407,1037
407,1038
407,1040
407,1049
407,1050
407,1052
407,1059
407,1061
407,1062
407,1071
407,1073
407,1074
407,1076
407,1083
407,1085
407,1086
407,1091
407,1093
407,1094
407,1103
407,1105
407,1106
407,1108
407,1115
407,1117
407,1118
407,1127
407,1139
407,1141
407,1142
407,1161
407,1162
407,1164
407,1176
407,1185
407,1186
407,1188
407,1195
407,1197
407,1198
407,1200
407,1209
407,1210
407,1212
407,1227
407,1229
407,1230
407,1241
407,1242
407,1244
407,1251
407,1253
407,1254
407,1265
407,1266
407,1268
407,1289
407,1290
407,1292
407,1304
407,1313
407,1314
407,1316
407,1323
407,1325
407,1326
407,1328
407,1337
407,1338
407,1340
407,1355
407,1357
407,1358
407,1369
407,1370
407,1372
407,1379
407,1381
407,1382
407,1393
407,1394
407,1396
407,1449
407,1450
407,1452
407,1464
407,1539
407,1541
407,1542
407,1551
407,1553
407,1554
407,1556
407,1563
407,1565
407,1566
407,1575
407,1587
407,1589
407,1590
407,1607
407,1619
407,1621
407,1622
407,1675
407,1677
407,1678
407,1689
407,1690
407,1692
407,1699
407,1701
407,1702
407,1713
407,1714
407,1716
407,1803
407,1805
407,1806
407,1817
407,1818
407,1820
407,1827
407,1829
407,1830
407,1841
407,1842
407,1844
408,423
408,455
408,483
408,485
408,486
408,513
408,514
408,516
408,523
408,525
408,526
408,531
408,533
408,534
408,543
408,544
408,553
408,554
408,556
408,561
408,562
408,564
408,571
408,573
408,574
408,585
408,586
408,588
408,593
408,594
408,596
408,603
408,605
408,606
408,616
408,624
408,633
408,634
408,636
408,643
408,645
408,646
408,655
408,663
408,673
408,674
408,676
408,683
408,685
408,686
408,691
408,693
408,694
408,715
408,717
408,718
408,723
408,725
408,726
408,745
408,746
408,748
408,753
408,754
408,756
408,771
408,773
408,774
408,783
408,791
408,801
408,802
408,804
408,811
408,813
408,814
408,819
408,821
408,822
408,843
408,845
408,846
408,851
408,853
408,854
408,873
408,874
408,876
408,881
408,882
408,884
408,903
408,931
408,933
408,934
408,1025
408,1026
408,1028
408,1035
408,1037
408,1038
408,1043
408,1045
408,1046
408,1055
408,1056
408,1065
408,1066
408,1068
408,1073
408,1074
408,1076
408,1083
408,1085
408,1086
408,1097
408,1098
408,1100
408,1105
408,1106
408,1108
408,1115
408,1117
408,1118
408,1128
408,1136
408,1145
408,1146
408,1148
408,1155
408,1157
408,1158
408,1167
408,1175
408,1185
408,1186
408,1188
408,1195
408,1197
408,1198
408,1203
408,1205
408,1206
408,1227
408,1229
408,1230
408,1235
408,1237
408,1238
408,1257
408,1258
408,1260
408,1265
408,1266
408,1268
408,1283
408,1285
408,1286
408,1295
408,1303
408,1313
408,1314
408,1316
408,1323
408,1325
408,1326
408,1331
408,1333
408,1334
408,1355
408,1357
408,1358
408,1363
408,1365
408,1366
408,1385
408,1386
408,1388
408,1393
408,1394
408,1396
408,1415
408,1443
408,1445
408,1446
408,1545
408,1546
408,1548
408,1553
408,1554
408,1556
408,1563
408,1565
408,1566
408,1576
408,1584
408,1593
408,1594
408,1596
408,1625
408,1626
408,1628
408,1656
408,1675
408,1677
408,1678
408,1683
408,1685
408,1686
408,1705
408,1706
408,1708
408,1713
408,1714
408,1716
408,1803
408,1805
408,1806
408,1811
408,1813
408,1814
408,1833
408,1834
408,1836
408,1841
408,1842
408,1844
411,420
411,485
411,486
411,492
411,500
411,513
411,514
411,519
411,520
411,525
411,526
411,528
411,533
411,534
411,540
411,547
411,553
411,554
411,559
411,561
411,562
411,567
411,568
411,573
411,574
411,579
411,585
411,586
411,591
411,593
411,594
411,599
411,600
411,605
411,606
411,619
411,627
411,633
411,634
411,645
411,646
411,652
411,660
411,673
411,674
411,679
411,680
411,685
411,686
411,688
411,693
411,694
411,700
411,711
411,717
411,718
411,725
411,726
411,732
411,739
411,745
411,746
411,753
411,754
411,760
411,773
411,774
411,780
411,788
411,801
411,802
411,807
411,808
411,813
411,814
411,816
411,821
411,822
411,828
411,839
411,845
411,846
411,853
411,854
411,860
411,867
411,873
411,874
411,881
411,882
411,888
411,933
411,934
411,940
411,948
411,1025
411,1026
411,1031
411,1032
411,1037
411,1038
411,1040
411,1045
411,1046
411,1052
411,1059
411,1065
411,1066
411,1071
411,1073
411,1074
411,1079
411,1080
411,1085
411,1086
411,1091
411,1097
411,1098
411,1103
411,1105
411,1106
411,1111
411,1112
411,1117
411,1118
411,1131
411,1139
411,1145
411,1146
411,1157
411,1158
411,1164
411,1172
411,1185
411,1186
411,1191
411,1192
411,1197
411,1198
411,1200
411,1205
411,1206
411,1212
411,1223
411,1229
411,1230
411,1237
411,1238
411,1244
411,1251
411,1257
411,1258
411,1265
411,1266
411,1272
411,1285
411,1286
411,1292
411,1300
411,1313
411,1314
411,1319
411,1320
411,1325
411,1326
411,1328
411,1333
411,1334
411,1340
411,1351
411,1357
411,1358
411,1365
411,1366
411,1372
411,1379
411,1385
411,1386
411,1393
411,1394
411,1400
411,1445
411,1446
411,1452
411,1460
411,1539
411,1545
411,1546
411,1551
411,1553
411,1554
411,1559
411,1560
411,1565
411,1566
411,1579
411,1587
411,1593
411,1594
411,1611
411,1619
411,1625
411,1626
411,1671
411,1677
411,1678
411,1685
411,1686
411,1692
411,1699
411,1705
411,1706
411,1713
411,1714
411,1720
411,1799
411,1805
411,1806
411,1813
411,1814
411,1820
411,1827
411,1833
411,1834
411,1841
411,1842
411,1848
413,418
413,483
413,486
413,490
413,498
413,513
413,516
413,519
413,520
413,523
413,526
413,528
413,531
413,534
413,538
413,549
413,553
413,556
413,559
413,561
413,564
413,567
413,568
413,571
413,574
413,581
413,585
413,588
413,591
413,593
413,596
413,599
413,600
413,603
413,606
413,621
413,629
413,633
413,636
413,643
413,646
413,650
413,658
413,673
413,676
413,679
413,680
413,683
413,686
413,688
413,691
413,694
413,698
413,711
413,715
413,718
413,723
413,726
413,730
413,741
413,745
413,748
413,753
413,756
413,760
413,771
413,774
413,778
413,786
413,801
413,804
413,807
413,808
413,811
413,814
413,816
413,819
413,822
413,826
413,839
413,843
413,846
413,851
413,854
413,858
413,869
413,873
413,876
413,881
413,884
413,888
413,931
413,934
413,938
413,946
413,1025
413,1028
413,1031
413,1032
413,1035
413,1038
413,1040
413,1043
413,1046
413,1050
413,1061
413,1065
413,1068
413,1071
413,1073
413,1076
413,1079
413,1080
413,1083
413,1086
413,1093
413,1097
413,1100
413,1103
413,1105
413,1108
413,1111
413,1112
413,1115
413,1118
413,1133
413,1141
413,1145
413,1148
413,1155
413,1158
413,1162
413,1170
413,1185
413,1188
413,1191
413,1192
413,1195
413,1198
413,1200
413,1203
413,1206
413,1210
413,1223
413,1227
413,1230
413,1235
413,1238
413,1242
413,1253
413,1257
413,1260
413,1265
413,1268
413,1272
413,1283
413,1286
413,1290
413,1298
413,1313
413,1316
413,1319
413,1320
413,1323
413,1326
413,1328
413,1331
413,1334
413,1338
413,1351
413,1355
413,1358
413,1363
413,1366
413,1370
413,1381
413,1385
413,1388
413,1393
413,1396
413,1400
413,1443
413,1446
413,1450
413,1458
413,1541
413,1545
413,1548
413,1551
413,1553
413,1556
413,1559
413,1560
413,1563
413,1566
413,1581
413,1589
413,1593
413,1596
413,1613
413,1621
413,1625
413,1628
413,1671
413,1675
413,1678
413,1683
413,1686
413,1690
413,1701
413,1705
413,1708
413,1713
413,1716
413,1720
413,1799
413,1803
413,1806
413,1811
413,1814
413,1818
413,1829
413,1833
413,1836
413,1841
413,1844
413,1848
414,417
414,483
414,485
414,489
414,497
414,514
414,516
414,519
414,520
414,523
414,525
414,528
414,531
414,533
414,537
414,550
414,554
414,556
414,559
414,562
414,564
414,567
414,568
414,571
414,573
414,582
414,586
414,588
414,591
414,594
414,596
414,599
414,600
414,603
414,605
414,622
414,630
414,634
414,636
414,643
414,645
414,649
414,657
414,674
414,676
414,679
414,680
414,683
414,685
414,688
414,691
414,693
414,697
414,711
414,715
414,717
414,723
414,725
414,729
414,742
414,746
414,748
414,754
414,756
414,760
414,771
414,773
414,777
414,785
414,802
414,804
414,807
414,808
414,811
414,813
414,816
414,819
414,821
414,825
414,839
414,843
414,845
414,851
414,853
414,857
414,870
414,874
414,876
414,882
414,884
414,888
414,931
414,933
414,937
414,945
414,1026
414,1028
414,1031
414,1032
414,1035
414,1037
414,1040
414,1043
414,1045
414,1049
414,1062
414,1066
414,1068
414,1071
414,1074
414,1076
414,1079
414,1080
414,1083
414,1085
414,1094
414,1098
414,1100
414,1103
414,1106
414,1108
414,1111
414,1112
414,1115
414,1117
414,1134
414,1142
414,1146
414,1148
414,1155
414,1157
414,1161
414,1169
414,1186
414,1188
414,1191
414,1192
414,1195
414,1197
414,1200
414,1203
414,1205
414,1209
414,1223
414,1227
414,1229
414,1235
414,1237
414,1241
414,1254
414,1258
414,1260
414,1266
414,1268
414,1272
414,1283
414,1285
414,1289
414,1297
414,1314
414,1316
414,1319
414,1320
414,1323
414,1325
414,1328
414,1331
414,1333
414,1337
414,1351
414,1355
414,1357
414,1363
414,1365
414,1369
414,1382
414,1386
414,1388
414,1394
414,1396
414,1400
414,1443
414,1445
414,1449
414,1457
414,1542
414,1546
414,1548
414,1551
414,1554
414,1556
414,1559
414,1560
414,1563
414,1565
414,1582
414,1590
414,1594
414,1596
414,1614
414,1622
414,1626
414,1628
414,1671
414,1675
414,1677
414,1683
414,1685
414,1689
414,1702
414,1706
414,1708
414,1714
414,1716
414,1720
414,1799
414,1803
414,1805
414,1811
414,1813
414,1817
414,1830
414,1834
414,1836
414,1842
414,1844
414,1848
417,462
417,470
417,474
417,476
417,514
417,516
417,519
417,520
417,523
417,525
417,528
417,531
417,533
417,537
417,550
417,554
417,556
417,559
417,562
417,564
417,567
417,568
417,571
417,573
417,579
417,581
417,585
417,593
417,610
417,612
417,615
417,616
417,619
417,621
417,624
417,627
417,629
417,633
417,646
417,650
417,652
417,655
417,658
417,660
417,663
417,664
417,667
417,669
417,686
417,694
417,698
417,700
417,711
417,715
417,717
417,723
417,725
417,729
417,742
417,746
417,748
417,754
417,756
417,760
417,774
417,778
417,780
417,783
417,786
417,788
417,791
417,792
417,795
417,797
417,814
417,822
417,826
417,828
417,839
417,843
417,845
417,851
417,853
417,857
417,870
417,874
417,876
417,882
417,884
417,888
417,910
417,918
417,922
417,924
417,1026
417,1028
417,1031
417,1032
417,1035
417,1037
417,1040
417,1043
417,1045
417,1049
417,1062
417,1066
417,1068
417,1071
417,1074
417,1076
417,1079
417,1080
417,1083
417,1085
417,1091
417,1093
417,1097
417,1105
417,1122
417,1124
417,1127
417,1128
417,1131
417,1133
417,1136
417,1139
417,1141
417,1145
417,1158
417,1162
417,1164
417,1167
417,1170
417,1172
417,1175
417,1176
417,1179
417,1181
417,1198
417,1206
417,1210
417,1212
417,1223
417,1227
417,1229
417,1235
417,1237
417,1241
417,1254
417,1258
417,1260
417,1266
417,1268
417,1272
417,1286
417,1290
417,1292
417,1295
417,1298
417,1300
417,1303
417,1304
417,1307
417,1309
417,1326
417,1334
417,1338
417,1340
417,1351
417,1355
417,1357
417,1363
417,1365
417,1369
417,1382
417,1386
417,1388
417,1394
417,1396
417,1400
417,1422
417,1430
417,1434
417,1436
417,1539
417,1541
417,1545
417,1553
417,1570
417,1572
417,1575
417,1576
417,1579
417,1581
417,1584
417,1587
417,1589
417,1593
417,1635
417,1637
417,1641
417,1649
417,1671
417,1675
417,1677
417,1683
417,1685
417,1689
417,1702
417,1706
417,1708
417,1714
417,1716
417,1720
417,1799
417,1803
417,1805
417,1811
417,1813
417,1817
417,1830
417,1834
417,1836
417,1842
417,1844
417,1848
418,461
418,469
418,473
418,476
418,513
418,516
418,519
418,520
418,523
418,526
418,528
418,531
418,534
418,538
418,549
418,553
418,556
418,559
418,561
418,564
418,567
418,568
418,571
418,574
418,579
418,582
418,586
418,594
418,609
418,612
418,615
418,616
418,619
418,622
418,624
418,627
418,630
418,634
418,645
418,649
418,652
418,655
418,657
418,660
418,663
418,664
418,667
418,670
418,685
418,693
418,697
418,700
418,711
418,715
418,718
418,723
418,726
418,730
418,741
418,745
418,748
418,753
418,756
418,760
418,773
418,777
418,780
418,783
418,785
418,788
418,791
418,792
418,795
418,798
418,813
418,821
418,825
418,828
418,839
418,843
418,846
418,851
418,854
418,858
418,869
418,873
418,876
418,881
418,884
418,888
418,909
418,917
418,921
418,924
418,1025
418,1028
418,1031
418,1032
418,1035
418,1038
418,1040
418,1043
418,1046
418,1050
418,1061
418,1065
418,1068
418,1071
418,1073
418,1076
418,1079
418,1080
418,1083
418,1086
418,1091
418,1094
418,1098
418,1106
418,1121
418,1124
418,1127
418,1128
418,1131
418,1134
418,1136
418,1139
418,1142
418,1146
418,1157
418,1161
418,1164
418,1167
418,1169
418,1172
418,1175
418,1176
418,1179
418,1182
418,1197
418,1205
418,1209
418,1212
418,1223
418,1227
418,1230
418,1235
418,1238
418,1242
418,1253
418,1257
418,1260
418,1265
418,1268
418,1272
418,1285
418,1289
418,1292
418,1295
418,1297
418,1300
418,1303
418,1304
418,1307
418,1310
418,1325
418,1333
418,1337
418,1340
418,1351
418,1355
418,1358
418,1363
418,1366
418,1370
418,1381
418,1385
418,1388
418,1393
418,1396
418,1400
418,1421
418,1429
418,1433
418,1436
418,1539
418,1542
418,1546
418,1554
418,1569
418,1572
418,1575
418,1576
418,1579
418,1582
418,1584
418,1587
418,1590
418,1594
418,1635
418,1638
418,1642
418,1650
418,1671
418,1675
418,1678
418,1683
418,1686
418,1690
418,1701
418,1705
418,1708
418,1713
418,1716
418,1720
418,1799
418,1803
418,1806
418,1811
418,1814
418,1818
418,1829
418,1833
418,1836
418,1841
418,1844
418,1848
420,459
420,467
420,473
420,474
420,513
420,514
420,519
420,520
420,525
420,526
420,528
420,533
420,534
420,540
420,547
420,553
420,554
420,559
420,561
420,562
420,567
420,568
420,573
420,574
420,581
420,582
420,588
420,596
420,609
420,610
420,615
420,616
420,621
420,622
420,624
420,629
420,630
420,636
420,643
420,649
420,650
420,655
420,657
420,658
420,663
420,664
420,669
420,670
420,683
420,691
420,697
420,698
420,711
420,717
420,718
420,725
420,726
420,732
420,739
420,745
420,746
420,753
420,754
420,760
420,771
420,777
420,778
420,783
420,785
420,786
420,791
420,792
420,797
420,798
420,811
420,819
420,825
420,826
420,839
420,845
420,846
420,853
420,854
420,860
420,867
420,873
420,874
420,881
420,882
420,888
420,907
420,915
420,921
420,922
420,1025
420,1026
420,1031
420,1032
420,1037
420,1038
420,1040
420,1045
420,1046
420,1052
420,1059
420,1065
420,1066
420,1071
420,1073
420,1074
420,1079
420,1080
420,1085
420,1086
420,1093
420,1094
420,1100
420,1108
420,1121
420,1122
420,1127
420,1128
420,1133
420,1134
420,1136
420,1141
420,1142
420,1148
420,1155
420,1161
420,1162
420,1167
420,1169
420,1170
420,1175
420,1176
420,1181
420,1182
420,1195
420,1203
420,1209
420,1210
420,1223
420,1229
420,1230
420,1237
420,1238
420,1244
420,1251
420,1257
420,1258
420,1265
420,1266
420,1272
420,1283
420,1289
420,1290
420,1295
420,1297
420,1298
420,1303
420,1304
420,1309
420,1310
420,1323
420,1331
420,1337
420,1338
420,1351
420,1357
420,1358
420,1365
420,1366
420,1372
420,1379
420,1385
420,1386
420,1393
420,1394
420,1400
420,1419
420,1427
420,1433
420,1434
420,1541
420,1542
420,1548
420,1556
420,1569
420,1570
420,1575
420,1576
420,1581
420,1582
420,1584
420,1589
420,1590
420,1596
420,1637
420,1638
420,1644
420,1652
420,1671
420,1677
420,1678
420,1685
420,1686
420,1692
420,1699
420,1705
420,1706
420,1713
420,1714
420,1720
420,1799
420,1805
420,1806
420,1813
420,1814
420,1820
420,1827
420,1833
420,1834
420,1841
420,1842
420,1848
423,473
423,474
423,476
423,504
423,513
423,514
423,516
423,523
423,525
423,526
423,531
423,533
423,534
423,543
423,544
423,553
423,554
423,556
423,561
423,562
423,564
423,571
423,573
423,574
423,579
423,581
423,582
423,591
423,599
423,609
423,610
423,612
423,619
423,621
423,622
423,627
423,629
423,630
423,649
423,650
423,652
423,657
423,658
423,660
423,667
423,669
423,670
423,680
423,688
423,697
423,698
423,700
423,715
423,717
423,718
423,723
423,725
423,726
423,745
423,746
423,748
423,753
423,754
423,756
423,777
423,778
423,780
423,785
423,786
423,788
423,795
423,797
423,798
423,808
423,816
423,825
423,826
423,828
423,843
423,845
423,846
423,851
423,853
423,854
423,873
423,874
423,876
423,881
423,882
423,884
423,921
423,922
423,924
423,952
423,1025
423,1026
423,1028
423,1035
423,1037
423,1038
423,1043
423,1045
423,1046
423,1055
423,1056
423,1065
423,1066
423,1068
423,1073
423,1074
423,1076
423,1083
423,1085
423,1086
423,1091
423,1093
423,1094
423,1103
423,1111
423,1121
423,1122
423,1124
423,1131
423,1133
423,1134
423,1139
423,1141
423,1142
423,1161
423,1162
423,1164
423,1169
423,1170
423,1172
423,1179
423,1181
423,1182
423,1192
423,1200
423,1209
423,1210
423,1212
423,1227
423,1229
423,1230
423,1235
423,1237
423,1238
423,1257
423,1258
423,1260
423,1265
423,1266
423,1268
423,1289
423,1290
423,1292
423,1297
423,1298
423,1300
423,1307
423,1309
423,1310
423,1320
423,1328
423,1337
423,1338
423,1340
423,1355
423,1357
423,1358
423,1363
423,1365
423,1366
423,1385
423,1386
423,1388
423,1393
423,1394
423,1396
423,1433
423,1434
423,1436
423,1464
423,1539
423,1541
423,1542
423,1551
423,1559
423,1569
423,1570
423,1572
423,1579
423,1581
423,1582
423,1587
423,1589
423,1590
423,1607
423,1635
423,1637
423,1638
423,1675
423,1677
423,1678
423,1683
423,1685
423,1686
423,1705
423,1706
423,1708
423,1713
423,1714
423,1716
423,1803
423,1805
423,1806
423,1811
423,1813
423,1814
423,1833
423,1834
423,1836
423,1841
423,1842
423,1844
424,455
424,467
424,469
424,470
424,513
424,514
424,516
424,523
424,525
424,526
424,528
424,537
424,538
424,540
424,547
424,549
424,550
424,559
424,561
424,562
424,564
424,571
424,573
424,574
424,585
424,586
424,588
424,600
424,609
424,610
424,612
424,619
424,621
424,622
424,624
424,633
424,634
424,636
424,643
424,645
424,646
424,655
424,657
424,658
424,660
424,667
424,669
424,670
424,679
424,691
424,693
424,694
424,715
424,717
424,718
424,729
424,730
424,732
424,739
424,741
424,742
424,753
424,754
424,756
424,771
424,773
424,774
424,783
424,785
424,786
424,788
424,795
424,797
424,798
424,807
424,819
424,821
424,822
424,843
424,845
424,846
424,857
424,858
424,860
424,867
424,869
424,870
424,881
424,882
424,884
424,903
424,915
424,917
424,918
424,1025
424,1026
424,1028
424,1035
424,1037
424,1038
424,1040
424,1049
424,1050
424,1052
424,1059
424,1061
424,1062
424,1071
424,1073
424,1074
424,1076
424,1083
424,1085
424,1086
424,1097
424,1098
424,1100
424,1112
424,1121
424,1122
424,1124
424,1131
424,1133
424,1134
424,1136
424,1145
424,1146
424,1148
424,1155
424,1157
424,1158
424,1167
424,1169
424,1170
424,1172
424,1179
424,1181
424,1182
424,1191
424,1203
424,1205
424,1206
424,1227
424,1229
424,1230
424,1241
424,1242
424,1244
424,1251
424,1253
424,1254
424,1265
424,1266
424,1268
424,1283
424,1285
424,1286
424,1295
424,1297
424,1298
424,1300
424,1307
424,1309
424,1310
424,1319
424,1331
424,1333
424,1334
424,1355
424,1357
424,1358
424,1369
424,1370
424,1372
424,1379
424,1381
424,1382
424,1393
424,1394
424,1396
424,1415
424,1427
424,1429
424,1430
424,1545
424,1546
424,1548
424,1560
424,1569
424,1570
424,1572
424,1579
424,1581
424,1582
424,1584
424,1593
424,1594
424,1596
424,1641
424,1642
424,1644
424,1656
424,1675
424,1677
424,1678
424,1689
424,1690
424,1692
424,1699
424,1701
424,1702
424,1713
424,1714
424,1716
424,1803
424,1805
424,1806
424,1817
424,1818
424,1820
424,1827
424,1829
424,1830
424,1841
424,1842
424,1844
427,469
427,470
427,476
427,500
427,513
427,514
427,519
427,520
427,525
427,526
427,531
427,537
427,538
427,543
427,544
427,549
427,550
427,556
427,561
427,562
427,567
427,568
427,573
427,574
427,579
427,585
427,586
427,591
427,603
427,609
427,610
427,615
427,616
427,621
427,622
427,627
427,633
427,634
427,645
427,646
427,652
427,657
427,658
427,663
427,664
427,669
427,670
427,676
427,688
427,693
427,694
427,700
427,711
427,717
427,718
427,723
427,729
427,730
427,741
427,742
427,748
427,753
427,754
427,760
427,773
427,774
427,780
427,785
427,786
427,791
427,792
427,797
427,798
427,804
427,816
427,821
427,822
427,828
427,839
427,845
427,846
427,851
427,857
427,858
427,869
427,870
427,876
427,881
427,882
427,888
427,917
427,918
427,924
427,948
427,1025
427,1026
427,1031
427,1032
427,1037
427,1038
427,1043
427,1049
427,1050
427,1055
427,1056
427,1061
427,1062
427,1068
427,1073
427,1074
427,1079
427,1080
427,1085
427,1086
427,1091
427,1097
427,1098
427,1103
427,1115
427,1121
427,1122
427,1127
427,1128
427,1133
427,1134
427,1139
427,1145
427,1146
427,1157
427,1158
427,1164
427,1169
427,1170
427,1175
427,1176
427,1181
427,1182
427,1188
427,1200
427,1205
427,1206
427,1212
427,1223
427,1229
427,1230
427,1235
427,1241
427,1242
427,1253
427,1254
427,1260
427,1265
427,1266
427,1272
427,1285
427,1286
427,1292
427,1297
427,1298
427,1303
427,1304
427,1309
427,1310
427,1316
427,1328
427,1333
427,1334
427,1340
427,1351
427,1357
427,1358
427,1363
427,1369
427,1370
427,1381
427,1382
427,1388
427,1393
427,1394
427,1400
427,1429
427,1430
427,1436
427,1460
427,1539
427,1545
427,1546
427,1551
427,1563
427,1569
427,1570
427,1575
427,1576
427,1581
427,1582
427,1587
427,1593
427,1594
427,1611
427,1635
427,1641
427,1642
427,1671
427,1677
427,1678
427,1683
427,1689
427,1690
427,1701
427,1702
427,1708
427,1713
427,1714
427,1720
427,1799
427,1805
427,1806
427,1811
427,1817
427,1818
427,1829
427,1830
427,1836
427,1841
427,1842
427,1848
429,467
429,470
429,474
429,498
429,513
429,516
429,519
429,520
429,523
429,526
429,533
429,537
429,540
429,543
429,544
429,547
429,550
429,554
429,561
429,564
429,567
429,568
429,571
429,574
429,581
429,585
429,588
429,591
429,605
429,609
429,612
429,615
429,616
429,619
429,622
429,629
429,633
429,636
429,643
429,646
429,650
429,657
429,660
429,663
429,664
429,667
429,670
429,674
429,688
429,691
429,694
429,698
429,711
429,715
429,718
429,725
429,729
429,732
429,739
429,742
429,746
429,753
429,756
429,760
429,771
429,774
429,778
429,785
429,788
429,791
429,792
429,795
429,798
429,802
429,816
429,819
429,822
429,826
429,839
429,843
429,846
429,853
429,857
429,860
429,867
429,870
429,874
429,881
429,884
429,888
429,915
429,918
429,922
429,946
429,1025
429,1028
429,1031
429,1032
429,1035
429,1038
429,1045
429,1049
429,1052
429,1055
429,1056
429,1059
429,1062
429,1066
429,1073
429,1076
429,1079
429,1080
429,1083
429,1086
429,1093
429,1097
429,1100
429,1103
429,1117
429,1121
429,1124
429,1127
429,1128
429,1131
429,1134
429,1141
429,1145
429,1148
429,1155
429,1158
429,1162
429,1169
429,1172
429,1175
429,1176
429,1179
429,1182
429,1186
429,1200
429,1203
429,1206
429,1210
429,1223
429,1227
429,1230
429,1237
429,1241
429,1244
429,1251
429,1254
429,1258
429,1265
429,1268
429,1272
429,1283
429,1286
429,1290
429,1297
429,1300
429,1303
429,1304
429,1307
429,1310
429,1314
429,1328
429,1331
429,1334
429,1338
429,1351
429,1355
429,1358
429,1365
429,1369
429,1372
429,1379
429,1382
429,1386
429,1393
429,1396
429,1400
429,1427
429,1430
429,1434
429,1458
429,1541
429,1545
429,1548
429,1551
429,1565
429,1569
429,1572
429,1575
429,1576
429,1579
429,1582
429,1589
429,1593
429,1596
429,1613
429,1637
429,1641
429,1644
429,1671
429,1675
429,1678
429,1685
429,1689
429,1692
429,1699
429,1702
429,1706
429,1713
429,1716
429,1720
429,1799
429,1803
429,1806
429,1813
429,1817
429,1820
429,1827
429,1830
429,1834
429,1841
429,1844
429,1848
430,467
430,469
430,473
430,497
430,514
430,516
430,519
430,520
430,523
430,525
430,534
430,538
430,540
430,543
430,544
430,547
430,549
430,553
430,562
430,564
430,567
430,568
430,571
430,573
430,582
430,586
430,588
430,591
430,606
430,610
430,612
430,615
430,616
430,619
430,621
430,630
430,634
430,636
430,643
430,645
430,649
430,658
430,660
430,663
430,664
430,667
430,669
430,673
430,688
430,691
430,693
430,697
430,711
430,715
430,717
430,726
430,730
430,732
430,739
430,741
430,745
430,754
430,756
430,760
430,771
430,773
430,777
430,786
430,788
430,791
430,792
430,795
430,797
430,801
430,816
430,819
430,821
430,825
430,839
430,843
430,845
430,854
430,858
430,860
430,867
430,869
430,873
430,882
430,884
430,888
430,915
430,917
430,921
430,945
430,1026
430,1028
430,1031
430,1032
430,1035
430,1037
430,1046
430,1050
430,1052
430,1055
430,1056
430,1059
430,1061
430,1065
430,1074
430,1076
430,1079
430,1080
430,1083
430,1085
430,1094
430,1098
430,1100
430,1103
430,1118
430,1122
430,1124
430,1127
430,1128
430,1131
430,1133
430,1142
430,1146
430,1148
430,1155
430,1157
430,1161
430,1170
430,1172
430,1175
430,1176
430,1179
430,1181
430,1185
430,1200
430,1203
430,1205
430,1209
430,1223
430,1227
430,1229
430,1238
430,1242
430,1244
430,1251
430,1253
430,1257
430,1266
430,1268
430,1272
430,1283
430,1285
430,1289
430,1298
430,1300
430,1303
430,1304
430,1307
430,1309
430,1313
430,1328
430,1331
430,1333
430,1337
430,1351
430,1355
430,1357
430,1366
430,1370
430,1372
430,1379
430,1381
430,1385
430,1394
430,1396
430,1400
430,1427
430,1429
430,1433
430,1457
430,1542
430,1546
430,1548
430,1551
430,1566
430,1570
430,1572
430,1575
430,1576
430,1579
430,1581
430,1590
430,1594
430,1596
430,1614
430,1638
430,1642
430,1644
430,1671
430,1675
430,1677
430,1686
430,1690
430,1692
430,1699
430,1701
430,1705
430,1714
430,1716
430,1720
430,1799
430,1803
430,1805
430,1814
430,1818
430,1820
430,1827
430,1829
430,1833
430,1842
430,1844
430,1848
432,455
432,459
432,461
432,462
432,513
432,514
432,516
432,520
432,531
432,533
432,534
432,537
432,538
432,540
432,547
432,549
432,550
432,553
432,554
432,556
432,567
432,571
432,573
432,574
432,593
432,594
432,596
432,600
432,609
432,610
432,612
432,616
432,627
432,629
432,630
432,633
432,634
432,636
432,643
432,645
432,646
432,649
432,650
432,652
432,663
432,667
432,669
432,670
432,679
432,683
432,685
432,686
432,723
432,725
432,726
432,729
432,730
432,732
432,739
432,741
432,742
432,745
432,746
432,748
432,771
432,773
432,774
432,777
432,778
432,780
432,791
432,795
432,797
432,798
432,807
432,811
432,813
432,814
432,851
432,853
432,854
432,857
432,858
432,860
432,867
432,869
432,870
432,873
432,874
432,876
432,903
432,907
432,909
432,910
432,1025
432,1026
432,1028
432,1032
432,1043
432,1045
432,1046
432,1049
432,1050
432,1052
432,1059
432,1061
432,1062
432,1065
432,1066
432,1068
432,1079
432,1083
432,1085
432,1086
432,1105
432,1106
432,1108
432,1112
432,1121
432,1122
432,1124
432,1128
432,1139
432,1141
432,1142
432,1145
432,1146
432,1148
432,1155
432,1157
432,1158
432,1161
432,1162
432,1164
432,1175
432,1179
432,1181
432,1182
432,1191
432,1195
432,1197
432,1198
432,1235
432,1237
432,1238
432,1241
432,1242
432,1244
432,1251
432,1253
432,1254
432,1257
432,1258
432,1260
432,1283
432,1285
432,1286
432,1289
432,1290
432,1292
432,1303
432,1307
432,1309
432,1310
432,1319
432,1323
432,1325
432,1326
432,1363
432,1365
432,1366
432,1369
432,1370
432,1372
432,1379
432,1381
432,1382
432,1385
432,1386
432,1388
432,1415
432,1419
432,1421
432,1422
432,1553
432,1554
432,1556
432,1560
432,1569
432,1570
432,1572
432,1576
432,1587
432,1589
432,1590
432,1593
432,1594
432,1596
432,1649
432,1650
432,1652
432,1656
432,1683
432,1685
432,1686
432,1689
432,1690
432,1692
432,1699
432,1701
432,1702
432,1705
432,1706
432,1708
432,1811
432,1813
432,1814
432,1817
432,1818
432,1820
432,1827
432,1829
432,1830
432,1833
432,1834
432,1836
435,461
435,462
435,476
435,492
435,513
435,514
435,519
435,523
435,528
435,533
435,534
435,537
435,538
435,543
435,544
435,549
435,550
435,553
435,554
435,559
435,564
435,568
435,573
435,574
435,579
435,593
435,594
435,599
435,603
435,609
435,610
435,615
435,619
435,624
435,629
435,630
435,633
435,634
435,645
435,646
435,649
435,650
435,655
435,660
435,664
435,669
435,670
435,676
435,680
435,685
435,686
435,700
435,711
435,715
435,725
435,726
435,729
435,730
435,741
435,742
435,745
435,746
435,756
435,760
435,773
435,774
435,777
435,778
435,783
435,788
435,792
435,797
435,798
435,804
435,808
435,813
435,814
435,828
435,839
435,843
435,853
435,854
435,857
435,858
435,869
435,870
435,873
435,874
435,884
435,888
435,909
435,910
435,924
435,940
435,1025
435,1026
435,1031
435,1035
435,1040
435,1045
435,1046
435,1049
435,1050
435,1055
435,1056
435,1061
435,1062
435,1065
435,1066
435,1071
435,1076
435,1080
435,1085
435,1086
435,1091
435,1105
435,1106
435,1111
435,1115
435,1121
435,1122
435,1127
435,1131
435,1136
435,1141
435,1142
435,1145
435,1146
435,1157
435,1158
435,1161
435,1162
435,1167
435,1172
435,1176
435,1181
435,1182
435,1188
435,1192
435,1197
435,1198
435,1212
435,1223
435,1227
435,1237
435,1238
435,1241
435,1242
435,1253
435,1254
435,1257
435,1258
435,1268
435,1272
435,1285
435,1286
435,1289
435,1290
435,1295
435,1300
435,1304
435,1309
435,1310
435,1316
435,1320
435,1325
435,1326
435,1340
435,1351
435,1355
435,1365
435,1366
435,1369
435,1370
435,1381
435,1382
435,1385
435,1386
435,1396
435,1400
435,1421
435,1422
435,1436
435,1452
435,1539
435,1553
435,1554
435,1559
435,1563
435,1569
435,1570
435,1575
435,1579
435,1584
435,1589
435,1590
435,1593
435,1594
435,1619
435,1635
435,1649
435,1650
435,1671
435,1675
435,1685
435,1686
435,1689
435,1690
435,1701
435,1702
435,1705
435,1706
435,1716
435,1720
435,1799
435,1803
435,1813
435,1814
435,1817
435,1818
435,1829
435,1830
435,1833
435,1834
435,1844
435,1848
437,459
437,462
437,474
437,490
437,513
437,516
437,519
437,525
437,528
437,531
437,534
437,537
437,540
437,543
437,544
437,547
437,550
437,553
437,556
437,559
437,562
437,568
437,571
437,574
437,581
437,593
437,596
437,599
437,605
437,609
437,612
437,615
437,621
437,624
437,627
437,630
437,633
437,636
437,643
437,646
437,649
437,652
437,655
437,658
437,664
437,667
437,670
437,674
437,680
437,683
437,686
437,698
437,711
437,717
437,723
437,726
437,729
437,732
437,739
437,742
437,745
437,748
437,754
437,760
437,771
437,774
437,777
437,780
437,783
437,786
437,792
437,795
437,798
437,802
437,808
437,811
437,814
437,826
437,839
437,845
437,851
437,854
437,857
437,860
437,867
437,870
437,873
437,876
437,882
437,888
437,907
437,910
437,922
437,938
437,1025
437,1028
437,1031
437,1037
437,1040
437,1043
437,1046
437,1049
437,1052
437,1055
437,1056
437,1059
437,1062
437,1065
437,1068
437,1071
437,1074
437,1080
437,1083
437,1086
437,1093
437,1105
437,1108
437,1111
437,1117
437,1121
437,1124
437,1127
437,1133
437,1136
437,1139
437,1142
437,1145
437,1148
437,1155
437,1158
437,1161
437,1164
437,1167
437,1170
437,1176
437,1179
437,1182
437,1186
437,1192
437,1195
437,1198
437,1210
437,1223
437,1229
437,1235
437,1238
437,1241
437,1244
437,1251
437,1254
437,1257
437,1260
437,1266
437,1272
437,1283
437,1286
437,1289
437,1292
437,1295
437,1298
437,1304
437,1307
437,1310
437,1314
437,1320
437,1323
437,1326
437,1338
437,1351
437,1357
437,1363
437,1366
437,1369
437,1372
437,1379
437,1382
437,1385
437,1388
437,1394
437,1400
437,1419
437,1422
437,1434
437,1450
437,1541
437,1553
437,1556
437,1559
437,1565
437,1569
437,1572
437,1575
437,1581
437,1584
437,1587
437,1590
437,1593
437,1596
437,1621
437,1637
437,1649
437,1652
437,1671
437,1677
437,1683
437,1686
437,1689
437,1692
437,1699
437,1702
437,1705
437,1708
437,1714
437,1720
437,1799
437,1805
437,1811
437,1814
437,1817
437,1820
437,1827
437,1830
437,1833
437,1836
437,1842
437,1848
438,459
438,461
438,473
438,489
438,514
438,516
438,519
438,526
438,528
438,531
438,533
438,538
438,540
438,543
438,544
438,547
438,549
438,554
438,556
438,559
438,561
438,568
438,571
438,573
438,582
438,594
438,596
438,599
438,606
438,610
438,612
438,615
438,622
438,624
438,627
438,629
438,634
438,636
438,643
438,645
438,650
438,652
438,655
438,657
438,664
438,667
438,669
438,673
438,680
438,683
438,685
438,697
438,711
438,718
438,723
438,725
438,730
438,732
438,739
438,741
438,746
438,748
438,753
438,760
438,771
438,773
438,778
438,780
438,783
438,785
438,792
438,795
438,797
438,801
438,808
438,811
438,813
438,825
438,839
438,846
438,851
438,853
438,858
438,860
438,867
438,869
438,874
438,876
438,881
438,888
438,907
438,909
438,921
438,937
438,1026
438,1028
438,1031
438,1038
438,1040
438,1043
438,1045
438,1050
438,1052
438,1055
438,1056
438,1059
438,1061
438,1066
438,1068
438,1071
438,1073
438,1080
438,1083
438,1085
438,1094
438,1106
438,1108
438,1111
438,1118
438,1122
438,1124
438,1127
438,1134
438,1136
438,1139
438,1141
438,1146
438,1148
438,1155
438,1157
438,1162
438,1164
438,1167
438,1169
438,1176
438,1179
438,1181
438,1185
438,1192
438,1195
438,1197
438,1209
438,1223
438,1230
438,1235
438,1237
438,1242
438,1244
438,1251
438,1253
438,1258
438,1260
438,1265
438,1272
438,1283
438,1285
438,1290
438,1292
438,1295
438,1297
438,1304
438,1307
438,1309
438,1313
438,1320
438,1323
438,1325
438,1337
438,1351
438,1358
438,1363
438,1365
438,1370
438,1372
438,1379
438,1381
438,1386
438,1388
438,1393
438,1400
438,1419
438,1421
438,1433
438,1449
438,1542
438,1554
438,1556
438,1559
438,1566
438,1570
438,1572
438,1575
438,1582
438,1584
438,1587
438,1589
438,1594
438,1596
438,1622
438,1638
438,1650
438,1652
438,1671
438,1678
438,1683
438,1685
438,1690
438,1692
438,1699
438,1701
438,1706
438,1708
438,1713
438,1720
438,1799
438,1806
438,1811
438,1813
438,1818
438,1820
438,1827
438,1829
438,1834
438,1836
438,1841
438,1848
441,455
441,462
441,470
441,486
441,513
441,520
441,523
441,525
441,528
441,531
441,533
441,538
441,540
441,543
441,544
441,547
441,549
441,554
441,556
441,559
441,562
441,564
441,567
441,574
441,585
441,593
441,600
441,603
441,605
441,609
441,616
441,619
441,621
441,624
441,627
441,629
441,634
441,636
441,643
441,645
441,650
441,652
441,655
441,658
441,660
441,663
441,670
441,674
441,676
441,679
441,686
441,694
441,715
441,717
441,723
441,725
441,730
441,732
441,739
441,741
441,746
441,748
441,754
441,756
441,771
441,773
441,778
441,780
441,783
441,786
441,788
441,791
441,798
441,802
441,804
441,807
441,814
441,822
441,843
441,845
441,851
441,853
441,858
441,860
441,867
441,869
441,874
441,876
441,882
441,884
441,903
441,910
441,918
441,934
441,1025
441,1032
441,1035
441,1037
441,1040
441,1043
441,1045
441,1050
441,1052
441,1055
441,1056
441,1059
441,1061
441,1066
441,1068
441,1071
441,1074
441,1076
441,1079
441,1086
441,1097
441,1105
441,1112
441,1115
441,1117
441,1121
441,1128
441,1131
441,1133
441,1136
441,1139
441,1141
441,1146
441,1148
441,1155
441,1157
441,1162
441,1164
441,1167
441,1170
441,1172
441,1175
441,1182
441,1186
441,1188
441,1191
441,1198
441,1206
441,1227
441,1229
441,1235
441,1237
441,1242
441,1244
441,1251
441,1253
441,1258
441,1260
441,1266
441,1268
441,1283
441,1285
441,1290
441,1292
441,1295
441,1298
441,1300
441,1303
441,1310
441,1314
441,1316
441,1319
441,1326
441,1334
441,1355
441,1357
441,1363
441,1365
441,1370
441,1372
441,1379
441,1381
441,1386
441,1388
441,1394
441,1396
441,1415
441,1422
441,1430
441,1446
441,1545
441,1553
441,1560
441,1563
441,1565
441,1569
441,1576
441,1579
441,1581
441,1584
441,1587
441,1589
441,1594
441,1596
441,1625
441,1641
441,1649
441,1656
441,1675
441,1677
441,1683
441,1685
441,1690
441,1692
441,1699
441,1701
441,1706
441,1708
441,1714
441,1716
441,1803
441,1805
441,1811
441,1813
441,1818
441,1820
441,1827
441,1829
441,1834
441,1836
441,1842
441,1844
442,455
442,461
442,469
442,485
442,514
442,520
442,523
442,526
442,528
442,531
442,534
442,537
442,540
442,543
442,544
442,547
442,550
442,553
442,556
442,559
442,561
442,564
442,567
442,573
442,586
442,594
442,600
442,603
442,606
442,610
442,616
442,619
442,622
442,624
442,627
442,630
442,633
442,636
442,643
442,646
442,649
442,652
442,655
442,657
442,660
442,663
442,669
442,673
442,676
442,679
442,685
442,693
442,715
442,718
442,723
442,726
442,729
442,732
442,739
442,742
442,745
442,748
442,753
442,756
442,771
442,774
442,777
442,780
442,783
442,785
442,788
442,791
442,797
442,801
442,804
442,807
442,813
442,821
442,843
442,846
442,851
442,854
442,857
442,860
442,867
442,870
442,873
442,876
442,881
442,884
442,903
442,909
442,917
442,933
442,1026
442,1032
442,1035
442,1038
442,1040
442,1043
442,1046
442,1049
442,1052
442,1055
442,1056
442,1059
442,1062
442,1065
442,1068
442,1071
442,1073
442,1076
442,1079
442,1085
442,1098
442,1106
442,1112
442,1115
442,1118
442,1122
442,1128
442,1131
442,1134
442,1136
442,1139
442,1142
442,1145
442,1148
442,1155
442,1158
442,1161
442,1164
442,1167
442,1169
442,1172
442,1175
442,1181
442,1185
442,1188
442,1191
442,1197
442,1205
442,1227
442,1230
442,1235
442,1238
442,1241
442,1244
442,1251
442,1254
442,1257
442,1260
442,1265
442,1268
442,1283
442,1286
442,1289
442,1292
442,1295
442,1297
442,1300
442,1303
442,1309
442,1313
442,1316
442,1319
442,1325
442,1333
442,1355
442,1358
442,1363
442,1366
442,1369
442,1372
442,1379
442,1382
442,1385
442,1388
442,1393
442,1396
442,1415
442,1421
442,1429
442,1445
442,1546
442,1554
442,1560
442,1563
442,1566
442,1570
442,1576
442,1579
442,1582
442,1584
442,1587
442,1590
442,1593
442,1596
442,1626
442,1642
442,1650
442,1656
442,1675
442,1678
442,1683
442,1686
442,1689
442,1692
442,1699
442,1702
442,1705
442,1708
442,1713
442,1716
442,1803
442,1806
442,1811
442,1814
442,1817
442,1820
442,1827
442,1830
442,1833
442,1836
442,1841
442,1844
444,455
444,459
444,467
444,483
444,516
444,520
444,525
444,526
444,528
444,533
444,534
444,537
444,538
444,543
444,544
444,549
444,550
444,553
444,554
444,559
444,561
444,562
444,567
444,571
444,588
444,596
444,600
444,605
444,606
444,612
444,616
444,621
444,622
444,624
444,629
444,630
444,633
444,634
444,645
444,646
444,649
444,650
444,655
444,657
444,658
444,663
444,667
444,673
444,674
444,679
444,683
444,691
444,717
444,718
444,725
444,726
444,729
444,730
444,741
444,742
444,745
444,746
444,753
444,754
444,773
444,774
444,777
444,778
444,783
444,785
444,786
444,791
444,795
444,801
444,802
444,807
444,811
444,819
444,845
444,846
444,853
444,854
444,857
444,858
444,869
444,870
444,873
444,874
444,881
444,882
444,903
444,907
444,915
444,931
444,1028
444,1032
444,1037
444,1038
444,1040
444,1045
444,1046
444,1049
444,1050
444,1055
444,1056
444,1061
444,1062
444,1065
444,1066
444,1071
444,1073
444,1074
444,1079
444,1083
444,1100
444,1108
444,1112
444,1117
444,1118
444,1124
444,1128
444,1133
444,1134
444,1136
444,1141
444,1142
444,1145
444,1146
444,1157
444,1158
444,1161
444,1162
444,1167
444,1169
444,1170
444,1175
444,1179
444,1185
444,1186
444,1191
444,1195
444,1203
444,1229
444,1230
444,1237
444,1238
444,1241
444,1242
444,1253
444,1254
444,1257
444,1258
444,1265
444,1266
444,1285
444,1286
444,1289
444,1290
444,1295
444,1297
444,1298
444,1303
444,1307
444,1313
444,1314
444,1319
444,1323
444,1331
444,1357
444,1358
444,1365
444,1366
444,1369
444,1370
444,1381
444,1382
444,1385
444,1386
444,1393
444,1394
444,1415
444,1419
444,1427
444,1443
444,1548
444,1556
444,1560
444,1565
444,1566
444,1572
444,1576
444,1581
444,1582
444,1584
444,1589
444,1590
444,1593
444,1594
444,1628
444,1644
444,1652
444,1656
444,1677
444,1678
444,1685
444,1686
444,1689
444,1690
444,1701
444,1702
444,1705
444,1706
444,1713
444,1714
444,1805
444,1806
444,1813
444,1814
444,1817
444,1818
444,1829
444,1830
444,1833
444,1834
444,1841
444,1842
455,504
455,513
455,514
455,516
455,523
455,525
455,526
455,531
455,533
455,534
455,543
455,547
455,549
455,550
455,559
455,567
455,585
455,586
455,588
455,593
455,594
455,596
455,603
455,605
455,606
455,609
455,610
455,612
455,619
455,621
455,622
455,627
455,629
455,630
455,649
455,650
455,652
455,657
455,658
455,660
455,667
455,669
455,670
455,673
455,674
455,676
455,683
455,685
455,686
455,691
455,693
455,694
455,729
455,730
455,732
455,745
455,746
455,748
455,753
455,754
455,756
455,777
455,778
455,780
455,785
455,786
455,788
455,795
455,797
455,798
455,801
455,802
455,804
455,811
455,813
455,814
455,819
455,821
455,822
455,857
455,858
455,860
455,873
455,874
455,876
455,881
455,882
455,884
455,921
455,922
455,924
455,937
455,938
455,940
455,945
455,946
455,948
455,1025
455,1026
455,1028
455,1035
455,1037
455,1038
455,1043
455,1045
455,1046
455,1055
455,1059
455,1061
455,1062
455,1071
455,1079
455,1097
455,1098
455,1100
455,1105
455,1106
455,1108
455,1115
455,1117
455,1118
455,1121
455,1122
455,1124
455,1131
455,1133
455,1134
455,1139
455,1141
455,1142
455,1161
455,1162
455,1164
455,1169
455,1170
455,1172
455,1179
455,1181
455,1182
455,1185
455,1186
455,1188
455,1195
455,1197
455,1198
455,1203
455,1205
455,1206
455,1241
455,1242
455,1244
455,1257
455,1258
455,1260
455,1265
455,1266
455,1268
455,1289
455,1290
455,1292
455,1297
455,1298
455,1300
455,1307
455,1309
455,1310
455,1313
455,1314
455,1316
455,1323
455,1325
455,1326
455,1331
455,1333
455,1334
455,1369
455,1370
455,1372
455,1385
455,1386
455,1388
455,1393
455,1394
455,1396
455,1433
455,1434
455,1436
455,1449
455,1450
455,1452
455,1457
455,1458
455,1460
455,1539
455,1541
455,1542
455,1551
455,1559
455,1575
455,1611
455,1613
455,1614
455,1619
455,1621
455,1622
455,1635
455,1637
455,1638
455,1675
455,1677
455,1678
455,1683
455,1685
455,1686
455,1699
455,1701
455,1702
455,1803
455,1805
455,1806
455,1811
455,1813
455,1814
455,1827
455,1829
455,1830
459,500
459,513
459,514
459,519
459,520
459,525
459,526
459,531
459,537
459,538
459,543
459,547
459,553
459,554
459,559
459,571
459,581
459,582
459,588
459,593
459,594
459,599
459,600
459,605
459,606
459,609
459,610
459,615
459,616
459,621
459,622
459,627
459,633
459,634
459,645
459,646
459,652
459,657
459,658
459,663
459,664
459,669
459,670
459,673
459,674
459,679
459,680
459,685
459,686
459,691
459,697
459,698
459,725
459,726
459,732
459,741
459,742
459,748
459,753
459,754
459,760
459,773
459,774
459,780
459,785
459,786
459,791
459,792
459,797
459,798
459,801
459,802
459,807
459,808
459,813
459,814
459,819
459,825
459,826
459,853
459,854
459,860
459,869
459,870
459,876
459,881
459,882
459,888
459,917
459,918
459,924
459,933
459,934
459,940
459,945
459,946
459,952
459,1025
459,1026
459,1031
459,1032
459,1037
459,1038
459,1043
459,1049
459,1050
459,1055
459,1059
459,1065
459,1066
459,1071
459,1083
459,1093
459,1094
459,1100
459,1105
459,1106
459,1111
459,1112
459,1117
459,1118
459,1121
459,1122
459,1127
459,1128
459,1133
459,1134
459,1139
459,1145
459,1146
459,1157
459,1158
459,1164
459,1169
459,1170
459,1175
459,1176
459,1181
459,1182
459,1185
459,1186
459,1191
459,1192
459,1197
459,1198
459,1203
459,1209
459,1210
459,1237
459,1238
459,1244
459,1253
459,1254
459,1260
459,1265
459,1266
459,1272
459,1285
459,1286
459,1292
459,1297
459,1298
459,1303
459,1304
459,1309
459,1310
459,1313
459,1314
459,1319
459,1320
459,1325
459,1326
459,1331
459,1337
459,1338
459,1365
459,1366
459,1372
459,1381
459,1382
459,1388
459,1393
459,1394
459,1400
459,1429
459,1430
459,1436
459,1445
459,1446
459,1452
459,1457
459,1458
459,1464
459,1539
459,1545
459,1546
459,1551
459,1563
459,1579
459,1607
459,1613
459,1614
459,1619
459,1625
459,1626
459,1635
459,1641
459,1642
459,1671
459,1677
459,1678
459,1683
459,1689
459,1690
459,1699
459,1705
459,1706
459,1799
459,1805
459,1806
459,1811
459,1817
459,1818
459,1827
459,1833
459,1834
461,498
461,513
461,516
461,519
461,520
461,523
461,526
461,533
461,537
461,540
461,543
461,549
461,553
461,556
461,559
461,573
461,579
461,582
461,586
461,593
461,596
461,599
461,600
461,603
461,606
461,609
461,612
461,615
461,616
461,619
461,622
461,629
461,633
461,636
461,643
461,646
461,650
461,657
461,660
461,663
461,664
461,667
461,670
461,673
461,676
461,679
461,680
461,683
461,686
461,693
461,697
461,700
461,723
461,726
461,730
461,739
461,742
461,746
461,753
461,756
461,760
461,771
461,774
461,778
461,785
461,788
461,791
461,792
461,795
461,798
461,801
461,804
461,807
461,808
461,811
461,814
461,821
461,825
461,828
461,851
461,854
461,858
461,867
461,870
461,874
461,881
461,884
461,888
461,915
461,918
461,922
461,931
461,934
461,938
461,945
461,948
461,952
461,1025
461,1028
461,1031
461,1032
461,1035
461,1038
461,1045
461,1049
461,1052
461,1055
461,1061
461,1065
461,1068
461,1071
461,1085
461,1091
461,1094
461,1098
461,1105
461,1108
461,1111
461,1112
461,1115
461,1118
461,1121
461,1124
461,1127
461,1128
461,1131
461,1134
461,1141
461,1145
461,1148
461,1155
461,1158
461,1162
461,1169
461,1172
461,1175
461,1176
461,1179
461,1182
461,1185
461,1188
461,1191
461,1192
461,1195
461,1198
461,1205
461,1209
461,1212
461,1235
461,1238
461,1242
461,1251
461,1254
461,1258
461,1265
461,1268
461,1272
461,1283
461,1286
461,1290
461,1297
461,1300
461,1303
461,1304
461,1307
461,1310
461,1313
461,1316
461,1319
461,1320
461,1323
461,1326
461,1333
461,1337
461,1340
461,1363
461,1366
461,1370
461,1379
461,1382
461,1386
461,1393
461,1396
461,1400
461,1427
461,1430
461,1434
461,1443
461,1446
461,1450
461,1457
461,1460
461,1464
461,1541
461,1545
461,1548
461,1551
461,1565
461,1581
461,1607
461,1611
461,1614
461,1621
461,1625
461,1628
461,1637
461,1641
461,1644
461,1671
461,1675
461,1678
461,1685
461,1689
461,1692
461,1701
461,1705
461,1708
461,1799
461,1803
461,1806
461,1813
461,1817
461,1820
461,1829
461,1833
461,1836
462,497
462,514
462,516
462,519
462,520
462,523
462,525
462,534
462,538
462,540
462,543
462,550
462,554
462,556
462,559
462,574
462,579
462,581
462,585
462,594
462,596
462,599
462,600
462,603
462,605
462,610
462,612
462,615
462,616
462,619
462,621
462,630
462,634
462,636
462,643
462,645
462,649
462,658
462,660
462,663
462,664
462,667
462,669
462,674
462,676
462,679
462,680
462,683
462,685
462,694
462,698
462,700
462,723
462,725
462,729
462,739
462,741
462,745
462,754
462,756
462,760
462,771
462,773
462,777
462,786
462,788
462,791
462,792
462,795
462,797
462,802
462,804
462,807
462,808
462,811
462,813
462,822
462,826
462,828
462,851
462,853
462,857
462,867
462,869
462,873
462,882
462,884
462,888
462,915
462,917
462,921
462,931
462,933
462,937
462,946
462,948
462,952
462,1026
462,1028
462,1031
462,1032
462,1035
462,1037
462,1046
462,1050
462,1052
462,1055
462,1062
462,1066
462,1068
462,1071
462,1086
462,1091
462,1093
462,1097
462,1106
462,1108
462,1111
462,1112
462,1115
462,1117
462,1122
462,1124
462,1127
462,1128
462,1131
462,1133
462,1142
462,1146
462,1148
462,1155
462,1157
462,1161
462,1170
462,1172
462,1175
462,1176
462,1179
462,1181
462,1186
462,1188
462,1191
462,1192
462,1195
462,1197
462,1206
462,1210
462,1212
462,1235
462,1237
462,1241
462,1251
462,1253
462,1257
462,1266
462,1268
462,1272
462,1283
462,1285
462,1289
462,1298
462,1300
462,1303
462,1304
462,1307
462,1309
462,1314
462,1316
462,1319
462,1320
462,1323
462,1325
462,1334
462,1338
462,1340
462,1363
462,1365
462,1369
462,1379
462,1381
462,1385
462,1394
462,1396
462,1400
462,1427
462,1429
462,1433
462,1443
462,1445
462,1449
462,1458
462,1460
462,1464
462,1542
462,1546
462,1548
462,1551
462,1566
462,1582
462,1607
462,1611
462,1613
462,1622
462,1626
462,1628
462,1638
462,1642
462,1644
462,1671
462,1675
462,1677
462,1686
462,1690
462,1692
462,1702
462,1706
462,1708
462,1799
462,1803
462,1805
462,1814
462,1818
462,1820
462,1830
462,1834
462,1836
467,492
467,513
467,514
467,519
467,523
467,528
467,533
467,534
467,537
467,538
467,543
467,547
467,561
467,562
467,567
467,571
467,581
467,582
467,585
467,586
467,591
467,596
467,600
467,605
467,606
467,609
467,610
467,615
467,619
467,624
467,629
467,630
467,633
467,634
467,645
467,646
467,649
467,650
467,655
467,660
467,664
467,669
467,670
467,673
467,674
467,679
467,683
467,688
467,693
467,694
467,697
467,698
467,717
467,718
467,732
467,741
467,742
467,745
467,746
467,756
467,760
467,773
467,774
467,777
467,778
467,783
467,788
467,792
467,797
467,798
467,801
467,802
467,807
467,811
467,816
467,821
467,822
467,825
467,826
467,845
467,846
467,860
467,869
467,870
467,873
467,874
467,884
467,888
467,909
467,910
467,924
467,933
467,934
467,937
467,938
467,948
467,952
467,1025
467,1026
467,1031
467,1035
467,1040
467,1045
467,1046
467,1049
467,1050
467,1055
467,1059
467,1073
467,1074
467,1079
467,1083
467,1093
467,1094
467,1097
467,1098
467,1103
467,1108
467,1112
467,1117
467,1118
467,1121
467,1122
467,1127
467,1131
467,1136
467,1141
467,1142
467,1145
467,1146
467,1157
467,1158
467,1161
467,1162
467,1167
467,1172
467,1176
467,1181
467,1182
467,1185
467,1186
467,1191
467,1195
467,1200
467,1205
467,1206
467,1209
467,1210
467,1229
467,1230
467,1244
467,1253
467,1254
467,1257
467,1258
467,1268
467,1272
467,1285
467,1286
467,1289
467,1290
467,1295
467,1300
467,1304
467,1309
467,1310
467,1313
467,1314
467,1319
467,1323
467,1328
467,1333
467,1334
467,1337
467,1338
467,1357
467,1358
467,1372
467,1381
467,1382
467,1385
467,1386
467,1396
467,1400
467,1421
467,1422
467,1436
467,1445
467,1446
467,1449
467,1450
467,1460
467,1464
467,1539
467,1553
467,1554
467,1559
467,1563
467,1587
467,1607
467,1611
467,1621
467,1622
467,1625
467,1626
467,1635
467,1649
467,1650
467,1671
467,1675
467,1685
467,1686
467,1689
467,1690
467,1699
467,1713
467,1714
467,1799
467,1803
467,1813
467,1814
467,1817
467,1818
467,1827
467,1841
467,1842
469,490
469,513
469,516
469,519
469,525
469,528
469,531
469,534
469,537
469,540
469,543
469,549
469,561
469,564
469,567
469,573
469,579
469,582
469,585
469,588
469,591
469,594
469,600
469,603
469,606
469,609
469,612
469,615
469,621
469,624
469,627
469,630
469,633
469,636
469,643
469,646
469,649
469,652
469,655
469,658
469,664
469,667
469,670
469,673
469,676
469,679
469,685
469,688
469,691
469,694
469,697
469,700
469,715
469,718
469,730
469,739
469,742
469,745
469,748
469,754
469,760
469,771
469,774
469,777
469,780
469,783
469,786
469,792
469,795
469,798
469,801
469,804
469,807
469,813
469,816
469,819
469,822
469,825
469,828
469,843
469,846
469,858
469,867
469,870
469,873
469,876
469,882
469,888
469,907
469,910
469,922
469,931
469,934
469,937
469,940
469,946
469,952
469,1025
469,1028
469,1031
469,1037
469,1040
469,1043
469,1046
469,1049
469,1052
469,1055
469,1061
469,1073
469,1076
469,1079
469,1085
469,1091
469,1094
469,1097
469,1100
469,1103
469,1106
469,1112
469,1115
469,1118
469,1121
469,1124
469,1127
469,1133
469,1136
469,1139
469,1142
469,1145
469,1148
469,1155
469,1158
469,1161
469,1164
469,1167
469,1170
469,1176
469,1179
469,1182
469,1185
469,1188
469,1191
469,1197
469,1200
469,1203
469,1206
469,1209
469,1212
469,1227
469,1230
469,1242
469,1251
469,1254
469,1257
469,1260
469,1266
469,1272
469,1283
469,1286
469,1289
469,1292
469,1295
469,1298
469,1304
469,1307
469,1310
469,1313
469,1316
469,1319
469,1325
469,1328
469,1331
469,1334
469,1337
469,1340
469,1355
469,1358
469,1370
469,1379
469,1382
469,1385
469,1388
469,1394
469,1400
469,1419
469,1422
469,1434
469,1443
469,1446
469,1449
469,1452
469,1458
469,1464
469,1541
469,1553
469,1556
469,1559
469,1565
469,1589
469,1607
469,1613
469,1619
469,1622
469,1625
469,1628
469,1637
469,1649
469,1652
469,1671
469,1677
469,1683
469,1686
469,1689
469,1692
469,1701
469,1713
469,1716
469,1799
469,1805
469,1811
469,1814
469,1817
469,1820
469,1829
469,1841
469,1844
470,489
470,514
470,516
470,519
470,526
470,528
470,531
470,533
470,538
470,540
470,543
470,550
470,562
470,564
470,567
470,574
470,579
470,581
470,586
470,588
470,591
470,593
470,600
470,603
470,605
470,610
470,612
470,615
470,622
470,624
470,627
470,629
470,634
470,636
470,643
470,645
470,650
470,652
470,655
470,657
470,664
470,667
470,669
470,674
470,676
470,679
470,686
470,688
470,691
470,693
470,698
470,700
470,715
470,717
470,729
470,739
470,741
470,746
470,748
470,753
470,760
470,771
470,773
470,778
470,780
470,783
470,785
470,792
470,795
470,797
470,802
470,804
470,807
470,814
470,816
470,819
470,821
470,826
470,828
470,843
470,845
470,857
470,867
470,869
470,874
470,876
470,881
470,888
470,907
470,909
470,921
470,931
470,933
470,938
470,940
470,945
470,952
470,1026
470,1028
470,1031
470,1038
470,1040
470,1043
470,1045
470,1050
470,1052
470,1055
470,1062
470,1074
470,1076
470,1079
470,1086
470,1091
470,1093
470,1098
470,1100
470,1103
470,1105
470,1112
470,1115
470,1117
470,1122
470,1124
470,1127
470,1134
470,1136
470,1139
470,1141
470,1146
470,1148
470,1155
470,1157
470,1162
470,1164
470,1167
470,1169
470,1176
470,1179
470,1181
470,1186
470,1188
470,1191
470,1198
470,1200
470,1203
470,1205
470,1210
470,1212
470,1227
470,1229
470,1241
470,1251
470,1253
470,1258
470,1260
470,1265
470,1272
470,1283
470,1285
470,1290
470,1292
470,1295
470,1297
470,1304
470,1307
470,1309
470,1314
470,1316
470,1319
470,1326
470,1328
470,1331
470,1333
470,1338
470,1340
470,1355
470,1357
470,1369
470,1379
470,1381
470,1386
470,1388
470,1393
470,1400
470,1419
470,1421
470,1433
470,1443
470,1445
470,1450
470,1452
470,1457
470,1464
470,1542
470,1554
470,1556
470,1559
470,1566
470,1590
470,1607
470,1614
470,1619
470,1621
470,1626
470,1628
470,1638
470,1650
470,1652
470,1671
470,1678
470,1683
470,1685
470,1690
470,1692
470,1702
470,1714
470,1716
470,1799
470,1806
470,1811
470,1813
470,1818
470,1820
470,1830
470,1842
470,1844
473,486
473,513
473,520
473,523
473,525
473,528
473,531
473,533
473,538
473,540
473,543
473,553
473,561
473,568
473,571
473,573
473,579
473,581
473,586
473,588
473,591
473,594
473,596
473,599
473,606
473,609
473,616
473,619
473,621
473,624
473,627
473,629
473,634
473,636
473,643
473,645
473,650
473,652
473,655
473,658
473,660
473,663
473,670
473,673
473,680
473,683
473,685
473,688
473,691
473,693
473,698
473,700
473,711
473,718
473,726
473,739
473,741
473,746
473,748
473,754
473,756
473,771
473,773
473,778
473,780
473,783
473,786
473,788
473,791
473,798
473,801
473,808
473,811
473,813
473,816
473,819
473,821
473,826
473,828
473,839
473,846
473,854
473,867
473,869
473,874
473,876
473,882
473,884
473,903
473,910
473,918
473,931
473,933
473,938
473,940
473,946
473,948
473,1025
473,1032
473,1035
473,1037
473,1040
473,1043
473,1045
473,1050
473,1052
473,1055
473,1065
473,1073
473,1080
473,1083
473,1085
473,1091
473,1093
473,1098
473,1100
473,1103
473,1106
473,1108
473,1111
473,1118
473,1121
473,1128
473,1131
473,1133
473,1136
473,1139
473,1141
473,1146
473,1148
473,1155
473,1157
473,1162
473,1164
473,1167
473,1170
473,1172
473,1175
473,1182
473,1185
473,1192
473,1195
473,1197
473,1200
473,1203
473,1205
473,1210
473,1212
473,1223
473,1230
473,1238
473,1251
473,1253
473,1258
473,1260
473,1266
473,1268
473,1283
473,1285
473,1290
473,1292
473,1295
473,1298
473,1300
473,1303
473,1310
473,1313
473,1320
473,1323
473,1325
473,1328
473,1331
473,1333
473,1338
473,1340
473,1351
473,1358
473,1366
473,1379
473,1381
473,1386
473,1388
473,1394
473,1396
473,1415
473,1422
473,1430
473,1443
473,1445
473,1450
473,1452
473,1458
473,1460
473,1545
473,1553
473,1560
473,1563
473,1565
473,1593
473,1611
473,1613
473,1619
473,1621
473,1626
473,1628
473,1641
473,1649
473,1656
473,1675
473,1677
473,1683
473,1685
473,1690
473,1692
473,1705
473,1713
473,1720
473,1803
473,1805
473,1811
473,1813
473,1818
473,1820
473,1833
473,1841
473,1848
474,485
474,514
474,520
474,523
474,526
474,528
474,531
474,534
474,537
474,540
474,543
474,554
474,562
474,568
474,571
474,574
474,579
474,582
474,585
474,588
474,591
474,593
474,596
474,599
474,605
474,610
474,616
474,619
474,622
474,624
474,627
474,630
474,633
474,636
474,643
474,646
474,649
474,652
474,655
474,657
474,660
474,663
474,669
474,674
474,680
474,683
474,686
474,688
474,691
474,694
474,697
474,700
474,711
474,717
474,725
474,739
474,742
474,745
474,748
474,753
474,756
474,771
474,774
474,777
474,780
474,783
474,785
474,788
474,791
474,797
474,802
474,808
474,811
474,814
474,816
474,819
474,822
474,825
474,828
474,839
474,845
474,853
474,867
474,870
474,873
474,876
474,881
474,884
474,903
474,909
474,917
474,931
474,934
474,937
474,940
474,945
474,948
474,1026
474,1032
474,1035
474,1038
474,1040
474,1043
474,1046
474,1049
474,1052
474,1055
474,1066
474,1074
474,1080
474,1083
474,1086
474,1091
474,1094
474,1097
474,1100
474,1103
474,1105
474,1108
474,1111
474,1117
474,1122
474,1128
474,1131
474,1134
474,1136
474,1139
474,1142
474,1145
474,1148
474,1155
474,1158
474,1161
474,1164
474,1167
474,1169
474,1172
474,1175
474,1181
474,1186
474,1192
474,1195
474,1198
474,1200
474,1203
474,1206
474,1209
474,1212
474,1223
474,1229
474,1237
474,1251
474,1254
474,1257
474,1260
474,1265
474,1268
474,1283
474,1286
474,1289
474,1292
474,1295
474,1297
474,1300
474,1303
474,1309
474,1314
474,1320
474,1323
474,1326
474,1328
474,1331
474,1334
474,1337
474,1340
474,1351
474,1357
474,1365
474,1379
474,1382
474,1385
474,1388
474,1393
474,1396
474,1415
474,1421
474,1429
474,1443
474,1446
474,1449
474,1452
474,1457
474,1460
474,1546
474,1554
474,1560
474,1563
474,1566
474,1594
474,1611
474,1614
474,1619
474,1622
474,1625
474,1628
474,1642
474,1650
474,1656
474,1675
474,1678
474,1683
474,1686
474,1689
474,1692
474,1706
474,1714
474,1720
474,1803
474,1806
474,1811
474,1814
474,1817
474,1820
474,1834
474,1842
474,1848
476,483
476,516
476,520
476,525
476,526
476,528
476,533
476,534
476,537
476,538
476,543
476,556
476,564
476,568
476,573
476,574
476,581
476,582
476,585
476,586
476,591
476,593
476,594
476,599
476,603
476,612
476,616
476,621
476,622
476,624
476,629
476,630
476,633
476,634
476,645
476,646
476,649
476,650
476,655
476,657
476,658
476,663
476,667
476,676
476,680
476,685
476,686
476,688
476,693
476,694
476,697
476,698
476,711
476,715
476,723
476,741
476,742
476,745
476,746
476,753
476,754
476,773
476,774
476,777
476,778
476,783
476,785
476,786
476,791
476,795
476,804
476,808
476,813
476,814
476,816
476,821
476,822
476,825
476,826
476,839
476,843
476,851
476,869
476,870
476,873
476,874
476,881
476,882
476,903
476,907
476,915
476,933
476,934
476,937
476,938
476,945
476,946
476,1028
476,1032
476,1037
476,1038
476,1040
476,1045
476,1046
476,1049
476,1050
476,1055
476,1068
476,1076
476,1080
476,1085
476,1086
476,1093
476,1094
476,1097
476,1098
476,1103
476,1105
476,1106
476,1111
476,1115
476,1124
476,1128
476,1133
476,1134
476,1136
476,1141
476,1142
476,1145
476,1146
476,1157
476,1158
476,1161
476,1162
476,1167
476,1169
476,1170
476,1175
476,1179
476,1188
476,1192
476,1197
476,1198
476,1200
476,1205
476,1206
476,1209
476,1210
476,1223
476,1227
476,1235
476,1253
476,1254
476,1257
476,1258
476,1265
476,1266
476,1285
476,1286
476,1289
476,1290
476,1295
476,1297
476,1298
476,1303
476,1307
476,1316
476,1320
476,1325
476,1326
476,1328
476,1333
476,1334
476,1337
476,1338
476,1351
476,1355
476,1363
476,1381
476,1382
476,1385
476,1386
476,1393
476,1394
476,1415
476,1419
476,1427
476,1445
476,1446
476,1449
476,1450
476,1457
476,1458
476,1548
476,1556
476,1560
476,1565
476,1566
476,1596
476,1613
476,1614
476,1621
476,1622
476,1625
476,1626
476,1644
476,1652
476,1656
476,1677
476,1678
476,1685
476,1686
476,1689
476,1690
476,1708
476,1716
476,1720
476,1805
476,1806
476,1813
476,1814
476,1817
476,1818
476,1836
476,1844
476,1848
483,513
483,514
483,519
483,523
483,531
483,544
483,549
483,550
483,553
483,554
483,559
483,561
483,562
483,567
483,571
483,581
483,582
483,585
483,586
483,591
483,593
483,594
483,599
483,603
483,612
483,616
483,621
483,622
483,624
483,629
483,630
483,633
483,634
483,645
483,646
483,649
483,650
483,655
483,657
483,658
483,663
483,667
483,676
483,680
483,685
483,686
483,688
483,693
483,694
483,697
483,698
483,717
483,718
483,725
483,726
483,729
483,730
483,748
483,756
483,760
483,773
483,774
483,777
483,778
483,783
483,785
483,786
483,791
483,795
483,804
483,808
483,813
483,814
483,816
483,821
483,822
483,825
483,826
483,845
483,846
483,853
483,854
483,857
483,858
483,876
483,884
483,888
483,909
483,910
483,917
483,918
483,921
483,922
483,940
483,948
483,952
483,1025
483,1026
483,1031
483,1035
483,1043
483,1056
483,1061
483,1062
483,1065
483,1066
483,1071
483,1073
483,1074
483,1079
483,1083
483,1093
483,1094
483,1097
483,1098
483,1103
483,1105
483,1106
483,1111
483,1115
483,1124
483,1128
483,1133
483,1134
483,1136
483,1141
483,1142
483,1145
483,1146
483,1157
483,1158
483,1161
483,1162
483,1167
483,1169
483,1170
483,1175
483,1179
483,1188
483,1192
483,1197
483,1198
483,1200
483,1205
483,1206
483,1209
483,1210
483,1229
483,1230
483,1237
483,1238
483,1241
483,1242
483,1260
483,1268
483,1272
483,1285
483,1286
483,1289
483,1290
483,1295
483,1297
483,1298
483,1303
483,1307
483,1316
483,1320
483,1325
483,1326
483,1328
483,1333
483,1334
483,1337
483,1338
483,1357
483,1358
483,1365
483,1366
483,1369
483,1370
483,1388
483,1396
483,1400
483,1421
483,1422
483,1429
483,1430
483,1433
483,1434
483,1452
483,1460
483,1464
483,1539
483,1569
483,1570
483,1575
483,1579
483,1587
483,1607
483,1611
483,1619
483,1637
483,1638
483,1641
483,1642
483,1649
483,1650
483,1671
483,1675
483,1683
483,1701
483,1702
483,1705
483,1706
483,1713
483,1714
483,1799
483,1803
483,1811
483,1829
483,1830
483,1833
483,1834
483,1841
483,1842
485,513
485,516
485,519
485,525
485,533
485,544
485,547
485,550
485,553
485,556
485,559
485,561
485,564
485,567
485,573
485,579
485,582
485,585
485,588
485,591
485,593
485,596
485,599
485,605
485,610
485,616
485,619
485,622
485,624
485,627
485,630
485,633
485,636
485,643
485,646
485,649
485,652
485,655
485,657
485,660
485,663
485,669
485,674
485,680
485,683
485,686
485,688
485,691
485,694
485,697
485,700
485,715
485,718
485,723
485,726
485,729
485,732
485,746
485,754
485,760
485,771
485,774
485,777
485,780
485,783
485,785
485,788
485,791
485,797
485,802
485,808
485,811
485,814
485,816
485,819
485,822
485,825
485,828
485,843
485,846
485,851
485,854
485,857
485,860
485,874
485,882
485,888
485,907
485,910
485,915
485,918
485,921
485,924
485,938
485,946
485,952
485,1025
485,1028
485,1031
485,1037
485,1045
485,1056
485,1059
485,1062
485,1065
485,1068
485,1071
485,1073
485,1076
485,1079
485,1085
485,1091
485,1094
485,1097
485,1100
485,1103
485,1105
485,1108
485,1111
485,1117
485,1122
485,1128
485,1131
485,1134
485,1136
485,1139
485,1142
485,1145
485,1148
485,1155
485,1158
485,1161
485,1164
485,1167
485,1169
485,1172
485,1175
485,1181
485,1186
485,1192
485,1195
485,1198
485,1200
485,1203
485,1206
485,1209
485,1212
485,1227
485,1230
485,1235
485,1238
485,1241
485,1244
485,1258
485,1266
485,1272
485,1283
485,1286
485,1289
485,1292
485,1295
485,1297
485,1300
485,1303
485,1309
485,1314
485,1320
485,1323
485,1326
485,1328
485,1331
485,1334
485,1337
485,1340
485,1355
485,1358
485,1363
485,1366
485,1369
485,1372
485,1386
485,1394
485,1400
485,1419
485,1422
485,1427
485,1430
485,1433
485,1436
485,1450
485,1458
485,1464
485,1541
485,1569
485,1572
485,1575
485,1581
485,1589
485,1607
485,1613
485,1621
485,1635
485,1638
485,1641
485,1644
485,1649
485,1652
485,1671
485,1677
485,1685
485,1699
485,1702
485,1705
485,1708
485,1713
485,1716
485,1799
485,1805
485,1813
485,1827
485,1830
485,1833
485,1836
485,1841
485,1844
486,514
486,516
486,519
486,526
486,534
486,544
486,547
486,549
486,554
486,556
486,559
486,562
486,564
486,567
486,574
486,579
486,581
486,586
486,588
486,591
486,594
486,596
486,599
486,606
486,609
486,616
486,619
486,621
486,624
486,627
486,629
486,634
486,636
486,643
486,645
486,650
486,652
486,655
486,658
486,660
486,663
486,670
486,673
486,680
486,683
486,685
486,688
486,691
486,693
486,698
486,700
486,715
486,717
486,723
486,725
486,730
486,732
486,745
486,753
486,760
486,771
486,773
486,778
486,780
486,783
486,786
486,788
486,791
486,798
486,801
486,808
486,811
486,813
486,816
486,819
486,821
486,826
486,828
486,843
486,845
486,851
486,853
486,858
486,860
486,873
486,881
486,888
486,907
486,909
486,915
486,917
486,922
486,924
486,937
486,945
486,952
486,1026
486,1028
486,1031
486,1038
486,1046
486,1056
486,1059
486,1061
486,1066
486,1068
486,1071
486,1074
486,1076
486,1079
486,1086
486,1091
486,1093
486,1098
486,1100
486,1103
486,1106
486,1108
486,1111
486,1118
486,1121
486,1128
486,1131
486,1133
486,1136
486,1139
486,1141
486,1146
486,1148
486,1155
486,1157
486,1162
486,1164
486,1167
486,1170
486,1172
486,1175
486,1182
486,1185
486,1192
486,1195
486,1197
486,1200
486,1203
486,1205
486,1210
486,1212
486,1227
486,1229
486,1235
486,1237
486,1242
486,1244
486,1257
486,1265
486,1272
486,1283
486,1285
486,1290
486,1292
486,1295
486,1298
486,1300
486,1303
486,1310
486,1313
486,1320
486,1323
486,1325
486,1328
486,1331
486,1333
486,1338
486,1340
486,1355
486,1357
486,1363
486,1365
486,1370
486,1372
486,1385
486,1393
486,1400
486,1419
486,1421
486,1427
486,1429
486,1434
486,1436
486,1449
486,1457
486,1464
486,1542
486,1570
486,1572
486,1575
486,1582
486,1590
486,1607
486,1614
486,1622
486,1635
486,1637
486,1642
486,1644
486,1650
486,1652
486,1671
486,1678
486,1686
486,1699
486,1701
486,1706
486,1708
486,1714
486,1716
486,1799
486,1806
486,1814
486,1827
486,1829
486,1834
486,1836
486,1842
486,1844
489,513
489,520
489,523
489,525
489,537
489,544
489,547
489,549
489,554
489,556
489,559
489,561
489,568
489,571
489,573
489,579
489,581
489,586
489,588
489,591
489,593
489,600
489,603
489,605
489,610
489,612
489,615
489,622
489,624
489,627
489,629
489,634
489,636
489,643
489,645
489,650
489,652
489,655
489,657
489,664
489,667
489,669
489,674
489,676
489,679
489,686
489,688
489,691
489,693
489,698
489,700
489,711
489,718
489,723
489,725
489,730
489,732
489,742
489,754
489,756
489,771
489,773
489,778
489,780
489,783
489,785
489,792
489,795
489,797
489,802
489,804
489,807
489,814
489,816
489,819
489,821
489,826
489,828
489,839
489,846
489,851
489,853
489,858
489,860
489,870
489,882
489,884
489,903
489,910
489,915
489,917
489,922
489,924
489,934
489,946
489,948
489,1025
489,1032
489,1035
489,1037
489,1049
489,1056
489,1059
489,1061
489,1066
489,1068
489,1071
489,1073
489,1080
489,1083
489,1085
489,1091
489,1093
489,1098
489,1100
489,1103
489,1105
489,1112
489,1115
489,1117
489,1122
489,1124
489,1127
489,1134
489,1136
489,1139
489,1141
489,1146
489,1148
489,1155
489,1157
489,1162
489,1164
489,1167
489,1169
489,1176
489,1179
489,1181
489,1186
489,1188
489,1191
489,1198
489,1200
489,1203
489,1205
489,1210
489,1212
489,1223
489,1230
489,1235
489,1237
489,1242
489,1244
489,1254
489,1266
489,1268
489,1283
489,1285
489,1290
489,1292
489,1295
489,1297
489,1304
489,1307
489,1309
489,1314
489,1316
489,1319
489,1326
489,1328
489,1331
489,1333
489,1338
489,1340
489,1351
489,1358
489,1363
489,1365
489,1370
489,1372
489,1382
489,1394
489,1396
489,1415
489,1422
489,1427
489,1429
489,1434
489,1436
489,1446
489,1458
489,1460
489,1545
489,1569
489,1576
489,1579
489,1581
489,1593
489,1611
489,1613
489,1625
489,1635
489,1637
489,1642
489,1644
489,1649
489,1656
489,1675
489,1677
489,1689
489,1699
489,1701
489,1706
489,1708
489,1713
489,1720
489,1803
489,1805
489,1817
489,1827
489,1829
489,1834
489,1836
489,1841
489,1848
490,514
490,520
490,523
490,526
490,538
490,544
490,547
490,550
490,553
490,556
490,559
490,562
490,568
490,571
490,574
490,579
490,582
490,585
490,588
490,591
490,594
490,600
490,603
490,606
490,609
490,612
490,615
490,621
490,624
490,627
490,630
490,633
490,636
490,643
490,646
490,649
490,652
490,655
490,658
490,664
490,667
490,670
490,673
490,676
490,679
490,685
490,688
490,691
490,694
490,697
490,700
490,711
490,717
490,723
490,726
490,729
490,732
490,741
490,753
490,756
490,771
490,774
490,777
490,780
490,783
490,786
490,792
490,795
490,798
490,801
490,804
490,807
490,813
490,816
490,819
490,822
490,825
490,828
490,839
490,845
490,851
490,854
490,857
490,860
490,869
490,881
490,884
490,903
490,909
490,915
490,918
490,921
490,924
490,933
490,945
490,948
490,1026
490,1032
490,1035
490,1038
490,1050
490,1056
490,1059
490,1062
490,1065
490,1068
490,1071
490,1074
490,1080
490,1083
490,1086
490,1091
490,1094
490,1097
490,1100
490,1103
490,1106
490,1112
490,1115
490,1118
490,1121
490,1124
490,1127
490,1133
490,1136
490,1139
490,1142
490,1145
490,1148
490,1155
490,1158
490,1161
490,1164
490,1167
490,1170
490,1176
490,1179
490,1182
490,1185
490,1188
490,1191
490,1197
490,1200
490,1203
490,1206
490,1209
490,1212
490,1223
490,1229
490,1235
490,1238
490,1241
490,1244
490,1253
490,1265
490,1268
490,1283
490,1286
490,1289
490,1292
490,1295
490,1298
490,1304
490,1307
490,1310
490,1313
490,1316
490,1319
490,1325
490,1328
490,1331
490,1334
490,1337
490,1340
490,1351
490,1357
490,1363
490,1366
490,1369
490,1372
490,1381
490,1393
490,1396
490,1415
490,1421
490,1427
490,1430
490,1433
490,1436
490,1445
490,1457
490,1460
490,1546
490,1570
490,1576
490,1579
490,1582
490,1594
490,1611
490,1614
490,1626
490,1635
490,1638
490,1641
490,1644
490,1650
490,1656
490,1675
490,1678
490,1690
490,1699
490,1702
490,1705
490,1708
490,1714
490,1720
490,1803
490,1806
490,1818
490,1827
490,1830
490,1833
490,1836
490,1842
490,1848
492,516
492,520
492,525
492,526
492,540
492,544
492,549
492,550
492,553
492,554
492,559
492,564
492,568
492,573
492,574
492,581
492,582
492,585
492,586
492,591
492,596
492,600
492,605
492,606
492,609
492,610
492,615
492,619
492,624
492,629
492,630
492,633
492,634
492,645
492,646
492,649
492,650
492,655
492,660
492,664
492,669
492,670
492,673
492,674
492,679
492,683
492,688
492,693
492,694
492,697
492,698
492,711
492,715
492,725
492,726
492,729
492,730
492,739
492,753
492,754
492,773
492,774
492,777
492,778
492,783
492,788
492,792
492,797
492,798
492,801
492,802
492,807
492,811
492,816
492,821
492,822
492,825
492,826
492,839
492,843
492,853
492,854
492,857
492,858
492,867
492,881
492,882
492,903
492,907
492,917
492,918
492,921
492,922
492,931
492,945
492,946
492,1028
492,1032
492,1037
492,1038
492,1052
492,1056
492,1061
492,1062
492,1065
492,1066
492,1071
492,1076
492,1080
492,1085
492,1086
492,1093
492,1094
492,1097
492,1098
492,1103
492,1108
492,1112
492,1117
492,1118
492,1121
492,1122
492,1127
492,1131
492,1136
492,1141
492,1142
492,1145
492,1146
492,1157
492,1158
492,1161
492,1162
492,1167
492,1172
492,1176
492,1181
492,1182
492,1185
492,1186
492,1191
492,1195
492,1200
492,1205
492,1206
492,1209
492,1210
492,1223
492,1227
492,1237
492,1238
492,1241
492,1242
492,1251
492,1265
492,1266
492,1285
492,1286
492,1289
492,1290
492,1295
492,1300
492,1304
492,1309
492,1310
492,1313
492,1314
492,1319
492,1323
492,1328
492,1333
492,1334
492,1337
492,1338
492,1351
492,1355
492,1365
492,1366
492,1369
492,1370
492,1379
492,1393
492,1394
492,1415
492,1419
492,1429
492,1430
492,1433
492,1434
492,1443
492,1457
492,1458
492,1548
492,1572
492,1576
492,1581
492,1582
492,1596
492,1613
492,1614
492,1628
492,1637
492,1638
492,1641
492,1642
492,1652
492,1656
492,1677
492,1678
492,1692
492,1701
492,1702
492,1705
492,1706
492,1716
492,1720
492,1805
492,1806
492,1820
492,1829
492,1830
492,1833
492,1834
492,1844
492,1848
497,513
497,528
497,531
497,533
497,537
497,544
497,547
497,549
497,553
497,562
497,564
497,567
497,568
497,571
497,573
497,579
497,581
497,585
497,594
497,596
497,599
497,600
497,603
497,605
497,610
497,612
497,615
497,616
497,619
497,621
497,630
497,634
497,636
497,643
497,645
497,649
497,658
497,660
497,663
497,664
497,667
497,669
497,674
497,676
497,679
497,680
497,683
497,685
497,694
497,698
497,700
497,711
497,715
497,717
497,726
497,730
497,732
497,742
497,746
497,748
497,771
497,773
497,777
497,786
497,788
497,791
497,792
497,795
497,797
497,802
497,804
497,807
497,808
497,811
497,813
497,822
497,826
497,828
497,839
497,843
497,845
497,854
497,858
497,860
497,870
497,874
497,876
497,903
497,907
497,909
497,918
497,922
497,924
497,934
497,938
497,940
497,1025
497,1040
497,1043
497,1045
497,1049
497,1056
497,1059
497,1061
497,1065
497,1074
497,1076
497,1079
497,1080
497,1083
497,1085
497,1091
497,1093
497,1097
497,1106
497,1108
497,1111
497,1112
497,1115
497,1117
497,1122
497,1124
497,1127
497,1128
497,1131
497,1133
497,1142
497,1146
497,1148
497,1155
497,1157
497,1161
497,1170
497,1172
497,1175
497,1176
497,1179
497,1181
497,1186
497,1188
497,1191
497,1192
497,1195
497,1197
497,1206
497,1210
497,1212
497,1223
497,1227
497,1229
497,1238
497,1242
497,1244
497,1254
497,1258
497,1260
497,1283
497,1285
497,1289
497,1298
497,1300
497,1303
497,1304
497,1307
497,1309
497,1314
497,1316
497,1319
497,1320
497,1323
497,1325
497,1334
497,1338
497,1340
497,1351
497,1355
497,1357
497,1366
497,1370
497,1372
497,1382
497,1386
497,1388
497,1415
497,1419
497,1421
497,1430
497,1434
497,1436
497,1446
497,1450
497,1452
497,1553
497,1569
497,1584
497,1587
497,1589
497,1593
497,1619
497,1621
497,1625
497,1635
497,1637
497,1641
497,1650
497,1652
497,1656
497,1683
497,1685
497,1689
497,1699
497,1701
497,1705
497,1714
497,1716
497,1720
497,1811
497,1813
497,1817
497,1827
497,1829
497,1833
497,1842
497,1844
497,1848
498,514
498,528
498,531
498,534
498,538
498,544
498,547
498,550
498,554
498,561
498,564
498,567
498,568
498,571
498,574
498,579
498,582
498,586
498,593
498,596
498,599
498,600
498,603
498,606
498,609
498,612
498,615
498,616
498,619
498,622
498,629
498,633
498,636
498,643
498,646
498,650
498,657
498,660
498,663
498,664
498,667
498,670
498,673
498,676
498,679
498,680
498,683
498,686
498,693
498,697
498,700
498,711
498,715
498,718
498,725
498,729
498,732
498,741
498,745
498,748
498,771
498,774
498,778
498,785
498,788
498,791
498,792
498,795
498,798
498,801
498,804
498,807
498,808
498,811
498,814
498,821
498,825
498,828
498,839
498,843
498,846
498,853
498,857
498,860
498,869
498,873
498,876
498,903
498,907
498,910
498,917
498,921
498,924
498,933
498,937
498,940
498,1026
498,1040
498,1043
498,1046
498,1050
498,1056
498,1059
498,1062
498,1066
498,1073
498,1076
498,1079
498,1080
498,1083
498,1086
498,1091
498,1094
498,1098
498,1105
498,1108
498,1111
498,1112
498,1115
498,1118
498,1121
498,1124
498,1127
498,1128
498,1131
498,1134
498,1141
498,1145
498,1148
498,1155
498,1158
498,1162
498,1169
498,1172
498,1175
498,1176
498,1179
498,1182
498,1185
498,1188
498,1191
498,1192
498,1195
498,1198
498,1205
498,1209
498,1212
498,1223
498,1227
498,1230
498,1237
498,1241
498,1244
498,1253
498,1257
498,1260
498,1283
498,1286
498,1290
498,1297
498,1300
498,1303
498,1304
498,1307
498,1310
498,1313
498,1316
498,1319
498,1320
498,1323
498,1326
498,1333
498,1337
498,1340
498,1351
498,1355
498,1358
498,1365
498,1369
498,1372
498,1381
498,1385
498,1388
498,1415
498,1419
498,1422
498,1429
498,1433
498,1436
498,1445
498,1449
498,1452
498,1554
498,1570
498,1584
498,1587
498,1590
498,1594
498,1619
498,1622
498,1626
498,1635
498,1638
498,1642
498,1649
498,1652
498,1656
498,1683
498,1686
498,1690
498,1699
498,1702
498,1706
498,1713
498,1716
498,1720
498,1811
498,1814
498,1818
498,1827
498,1830
498,1834
498,1841
498,1844
498,1848
500,516
500,528
500,533
500,534
500,540
500,544
500,549
500,550
500,556
500,561
500,562
500,567
500,568
500,573
500,574
500,581
500,582
500,588
500,593
500,594
500,599
500,600
500,605
500,606
500,609
500,610
500,615
500,616
500,621
500,622
500,627
500,633
500,634
500,645
500,646
500,652
500,657
500,658
500,663
500,664
500,669
500,670
500,673
500,674
500,679
500,680
500,685
500,686
500,691
500,697
500,698
500,711
500,717
500,718
500,723
500,729
500,730
500,739
500,745
500,746
500,773
500,774
500,780
500,785
500,786
500,791
500,792
500,797
500,798
500,801
500,802
500,807
500,808
500,813
500,814
500,819
500,825
500,826
500,839
500,845
500,846
500,851
500,857
500,858
500,867
500,873
500,874
500,903
500,909
500,910
500,915
500,921
500,922
500,931
500,937
500,938
500,1028
500,1040
500,1045
500,1046
500,1052
500,1056
500,1061
500,1062
500,1068
500,1073
500,1074
500,1079
500,1080
500,1085
500,1086
500,1093
500,1094
500,1100
500,1105
500,1106
500,1111
500,1112
500,1117
500,1118
500,1121
500,1122
500,1127
500,1128
500,1133
500,1134
500,1139
500,1145
500,1146
500,1157
500,1158
500,1164
500,1169
500,1170
500,1175
500,1176
500,1181
500,1182
500,1185
500,1186
500,1191
500,1192
500,1197
500,1198
500,1203
500,1209
500,1210
500,1223
500,1229
500,1230
500,1235
500,1241
500,1242
500,1251
500,1257
500,1258
500,1285
500,1286
500,1292
500,1297
500,1298
500,1303
500,1304
500,1309
500,1310
500,1313
500,1314
500,1319
500,1320
500,1325
500,1326
500,1331
500,1337
500,1338
500,1351
500,1357
500,1358
500,1363
500,1369
500,1370
500,1379
500,1385
500,1386
500,1415
500,1421
500,1422
500,1427
500,1433
500,1434
500,1443
500,1449
500,1450
500,1556
500,1572
500,1584
500,1589
500,1590
500,1596
500,1621
500,1622
500,1628
500,1637
500,1638
500,1644
500,1649
500,1650
500,1656
500,1685
500,1686
500,1692
500,1701
500,1702
500,1708
500,1713
500,1714
500,1720
500,1813
500,1814
500,1820
500,1829
500,1830
500,1836
500,1841
500,1842
500,1848
504,520
504,528
504,537
504,538
504,540
504,544
504,553
504,554
504,556
504,561
504,562
504,564
504,571
504,573
504,574
504,585
504,586
504,588
504,593
504,594
504,596
504,603
504,605
504,606
504,609
504,610
504,612
504,619
504,621
504,622
504,627
504,629
504,630
504,649
504,650
504,652
504,657
504,658
504,660
504,667
504,669
504,670
504,673
504,674
504,676
504,683
504,685
504,686
504,691
504,693
504,694
504,715
504,717
504,718
504,723
504,725
504,726
504,739
504,741
504,742
504,777
504,778
504,780
504,785
504,786
504,788
504,795
504,797
504,798
504,801
504,802
504,804
504,811
504,813
504,814
504,819
504,821
504,822
504,843
504,845
504,846
504,851
504,853
504,854
504,867
504,869
504,870
504,907
504,909
504,910
504,915
504,917
504,918
504,931
504,933
504,934
504,1032
504,1040
504,1049
504,1050
504,1052
504,1056
504,1065
504,1066
504,1068
504,1073
504,1074
504,1076
504,1083
504,1085
504,1086
504,1097
504,1098
504,1100
504,1105
504,1106
504,1108
504,1115
504,1117
504,1118
504,1121
504,1122
504,1124
504,1131
504,1133
504,1134
504,1139
504,1141
504,1142
504,1161
504,1162
504,1164
504,1169
504,1170
504,1172
504,1179
504,1181
504,1182
504,1185
504,1186
504,1188
504,1195
504,1197
504,1198
504,1203
504,1205
504,1206
504,1227
504,1229
504,1230
504,1235
504,1237
504,1238
504,1251
504,1253
504,1254
504,1289
504,1290
504,1292
504,1297
504,1298
504,1300
504,1307
504,1309
504,1310
504,1313
504,1314
504,1316
504,1323
504,1325
504,1326
504,1331
504,1333
504,1334
504,1355
504,1357
504,1358
504,1363
504,1365
504,1366
504,1379
504,1381
504,1382
504,1419
504,1421
504,1422
504,1427
504,1429
504,1430
504,1443
504,1445
504,1446
504,1560
504,1576
504,1584
504,1593
504,1594
504,1596
504,1625
504,1626
504,1628
504,1641
504,1642
504,1644
504,1649
504,1650
504,1652
504,1689
504,1690
504,1692
504,1705
504,1706
504,1708
504,1713
504,1714
504,1716
504,1817
504,1818
504,1820
504,1833
504,1834
504,1836
504,1841
504,1842
504,1844
513,574
513,606
513,622
513,630
513,634
513,636
513,670
513,686
513,694
513,698
513,700
513,718
513,726
513,730
513,732
513,742
513,746
513,748
513,754
513,756
513,760
513,798
513,814
513,822
513,826
513,828
513,846
513,854
513,858
513,860
513,870
513,874
513,876
513,882
513,884
513,888
513,910
513,918
513,922
513,924
513,934
513,938
513,940
513,946
513,948
513,952
513,1038
513,1046
513,1050
513,1052
513,1055
513,1062
513,1066
513,1068
513,1071
513,1074
513,1076
513,1079
513,1080
513,1083
513,1085
513,1094
513,1098
513,1100
513,1103
513,1106
513,1108
513,1111
513,1112
513,1115
513,1117
513,1122
513,1124
513,1127
513,1128
513,1131
513,1133
513,1136
513,1139
513,1141
513,1145
513,1158
513,1162
513,1164
513,1167
513,1170
513,1172
513,1175
513,1176
513,1179
513,1181
513,1186
513,1188
513,1191
513,1192
513,1195
513,1197
513,1200
513,1203
513,1205
513,1209
513,1223
513,1227
513,1229
513,1235
513,1237
513,1241
513,1251
513,1253
513,1257
513,1265
513,1286
513,1290
513,1292
513,1295
513,1298
513,1300
513,1303
513,1304
513,1307
513,1309
513,1314
513,1316
513,1319
513,1320
513,1323
513,1325
513,1328
513,1331
513,1333
513,1337
513,1351
513,1355
513,1357
513,1363
513,1365
513,1369
513,1379
513,1381
513,1385
513,1393
513,1415
513,1419
513,1421
513,1427
513,1429
513,1433
513,1443
513,1445
513,1449
513,1457
513,1566
513,1582
513,1590
513,1594
513,1596
513,1614
513,1622
513,1626
513,1628
513,1638
513,1642
513,1644
513,1650
513,1652
513,1656
513,1678
513,1686
513,1690
513,1692
513,1702
513,1706
513,1708
513,1714
513,1716
513,1720
513,1806
513,1814
513,1818
513,1820
513,1830
513,1834
513,1836
513,1842
513,1844
513,1848
514,573
514,605
514,621
514,629
514,633
514,636
514,669
514,685
514,693
514,697
514,700
514,717
514,725
514,729
514,732
514,741
514,745
514,748
514,753
514,756
514,760
514,797
514,813
514,821
514,825
514,828
514,845
514,853
514,857
514,860
514,869
514,873
514,876
514,881
514,884
514,888
514,909
514,917
514,921
514,924
514,933
514,937
514,940
514,945
514,948
514,952
514,1037
514,1045
514,1049
514,1052
514,1055
514,1061
514,1065
514,1068
514,1071
514,1073
514,1076
514,1079
514,1080
514,1083
514,1086
514,1093
514,1097
514,1100
514,1103
514,1105
514,1108
514,1111
514,1112
514,1115
514,1118
514,1121
514,1124
514,1127
514,1128
514,1131
514,1134
514,1136
514,1139
514,1142
514,1146
514,1157
514,1161
514,1164
514,1167
514,1169
514,1172
514,1175
514,1176
514,1179
514,1182
514,1185
514,1188
514,1191
514,1192
514,1195
514,1198
514,1200
514,1203
514,1206
514,1210
514,1223
514,1227
514,1230
514,1235
514,1238
514,1242
514,1251
514,1254
514,1258
514,1266
514,1285
514,1289
514,1292
514,1295
514,1297
514,1300
514,1303
514,1304
514,1307
514,1310
514,1313
514,1316
514,1319
514,1320
514,1323
514,1326
514,1328
514,1331
514,1334
514,1338
514,1351
514,1355
514,1358
514,1363
514,1366
514,1370
514,1379
514,1382
514,1386
514,1394
514,1415
514,1419
514,1422
514,1427
514,1430
514,1434
514,1443
514,1446
514,1450
514,1458
514,1565
514,1581
514,1589
514,1593
514,1596
514,1613
514,1621
514,1625
514,1628
514,1637
514,1641
514,1644
514,1649
514,1652
514,1656
514,1677
514,1685
514,1689
514,1692
514,1701
514,1705
514,1708
514,1713
514,1716
514,1720
514,1805
514,1813
514,1817
514,1820
514,1829
514,1833
514,1836
514,1841
514,1844
514,1848
516,571
516,603
516,619
516,627
516,633
516,634
516,667
516,683
516,691
516,697
516,698
516,715
516,723
516,729
516,730
516,739
516,745
516,746
516,753
516,754
516,760
516,795
516,811
516,819
516,825
516,826
516,843
516,851
516,857
516,858
516,867
516,873
516,874
516,881
516,882
516,888
516,907
516,915
516,921
516,922
516,931
516,937
516,938
516,945
516,946
516,952
516,1035
516,1043
516,1049
516,1050
516,1055
516,1059
516,1065
516,1066
516,1071
516,1073
516,1074
516,1079
516,1080
516,1085
516,1086
516,1091
516,1097
516,1098
516,1103
516,1105
516,1106
516,1111
516,1112
516,1117
516,1118
516,1121
516,1122
516,1127
516,1128
516,1133
516,1134
516,1136
516,1141
516,1142
516,1148
516,1155
516,1161
516,1162
516,1167
516,1169
516,1170
516,1175
516,1176
516,1181
516,1182
516,1185
516,1186
516,1191
516,1192
516,1197
516,1198
516,1200
516,1205
516,1206
516,1212
516,1223
516,1229
516,1230
516,1237
516,1238
516,1244
516,1253
516,1254
516,1260
516,1268
516,1283
516,1289
516,1290
516,1295
516,1297
516,1298
516,1303
516,1304
516,1309
516,1310
516,1313
516,1314
516,1319
516,1320
516,1325
516,1326
516,1328
516,1333
516,1334
516,1340
516,1351
516,1357
516,1358
516,1365
516,1366
516,1372
516,1381
516,1382
516,1388
516,1396
516,1415
516,1421
516,1422
516,1429
516,1430
516,1436
516,1445
516,1446
516,1452
516,1460
516,1563
516,1579
516,1587
516,1593
516,1594
516,1611
516,1619
516,1625
516,1626
516,1635
516,1641
516,1642
516,1649
516,1650
516,1656
516,1675
516,1683
516,1689
516,1690
516,1699
516,1705
516,1706
516,1713
516,1714
516,1720
516,1803
516,1811
516,1817
516,1818
516,1827
516,1833
516,1834
516,1841
516,1842
516,1848
519,568
519,600
519,616
519,624
519,633
519,634
519,636
519,664
519,680
519,688
519,697
519,698
519,700
519,729
519,730
519,732
519,745
519,746
519,748
519,753
519,754
519,756
519,792
519,808
519,816
519,825
519,826
519,828
519,857
519,858
519,860
519,873
519,874
519,876
519,881
519,882
519,884
519,921
519,922
519,924
519,937
519,938
519,940
519,945
519,946
519,948
519,1032
519,1040
519,1049
519,1050
519,1052
519,1056
519,1065
519,1066
519,1068
519,1073
519,1074
519,1076
519,1083
519,1085
519,1086
519,1097
519,1098
519,1100
519,1105
519,1106
519,1108
519,1115
519,1117
519,1118
519,1121
519,1122
519,1124
519,1131
519,1133
519,1134
519,1139
519,1141
519,1142
519,1161
519,1162
519,1164
519,1169
519,1170
519,1172
519,1179
519,1181
519,1182
519,1185
519,1186
519,1188
519,1195
519,1197
519,1198
519,1203
519,1205
519,1206
519,1227
519,1229
519,1230
519,1235
519,1237
519,1238
519,1251
519,1253
519,1254
519,1289
519,1290
519,1292
519,1297
519,1298
519,1300
519,1307
519,1309
519,1310
519,1313
519,1314
519,1316
519,1323
519,1325
519,1326
519,1331
519,1333
519,1334
519,1355
519,1357
519,1358
519,1363
519,1365
519,1366
519,1379
519,1381
519,1382
519,1419
519,1421
519,1422
519,1427
519,1429
519,1430
519,1443
519,1445
519,1446
519,1560
519,1576
519,1584
519,1593
519,1594
519,1596
519,1625
519,1626
519,1628
519,1641
519,1642
519,1644
519,1649
519,1650
519,1652
519,1689
519,1690
519,1692
519,1705
519,1706
519,1708
519,1713
519,1714
519,1716
519,1817
519,1818
519,1820
519,1833
519,1834
519,1836
519,1841
519,1842
519,1844
520,567
520,599
520,615
520,627
520,629
520,630
520,663
520,679
520,691
520,693
520,694
520,711
520,723
520,725
520,726
520,739
520,741
520,742
520,753
520,754
520,756
520,791
520,807
520,819
520,821
520,822
520,839
520,851
520,853
520,854
520,867
520,869
520,870
520,881
520,882
520,884
520,903
520,915
520,917
520,918
520,931
520,933
520,934
520,945
520,946
520,948
520,1031
520,1043
520,1045
520,1046
520,1055
520,1059
520,1061
520,1062
520,1071
520,1073
520,1074
520,1076
520,1083
520,1085
520,1086
520,1091
520,1093
520,1094
520,1103
520,1105
520,1106
520,1108
520,1115
520,1117
520,1118
520,1121
520,1122
520,1124
520,1131
520,1133
520,1134
520,1136
520,1145
520,1146
520,1148
520,1155
520,1157
520,1158
520,1167
520,1169
520,1170
520,1172
520,1179
520,1181
520,1182
520,1185
520,1186
520,1188
520,1195
520,1197
520,1198
520,1200
520,1209
520,1210
520,1212
520,1227
520,1229
520,1230
520,1241
520,1242
520,1244
520,1257
520,1258
520,1260
520,1272
520,1283
520,1285
520,1286
520,1295
520,1297
520,1298
520,1300
520,1307
520,1309
520,1310
520,1313
520,1314
520,1316
520,1323
520,1325
520,1326
520,1328
520,1337
520,1338
520,1340
520,1355
520,1357
520,1358
520,1369
520,1370
520,1372
520,1385
520,1386
520,1388
520,1400
520,1419
520,1421
520,1422
520,1433
520,1434
520,1436
520,1449
520,1450
520,1452
520,1464
520,1559
520,1575
520,1587
520,1589
520,1590
520,1607
520,1619
520,1621
520,1622
520,1635
520,1637
520,1638
520,1649
520,1650
520,1652
520,1671
520,1683
520,1685
520,1686
520,1699
520,1701
520,1702
520,1713
520,1714
520,1716
520,1799
520,1811
520,1813
520,1814
520,1827
520,1829
520,1830
520,1841
520,1842
520,1844
523,564
523,596
523,612
523,624
523,629
523,630
523,636
523,660
523,676
523,688
523,693
523,694
523,700
523,725
523,726
523,732
523,741
523,742
523,748
523,753
523,754
523,760
523,788
523,804
523,816
523,821
523,822
523,828
523,853
523,854
523,860
523,869
523,870
523,876
523,881
523,882
523,888
523,917
523,918
523,924
523,933
523,934
523,940
523,945
523,946
523,952
523,1028
523,1040
523,1045
523,1046
523,1052
523,1056
523,1061
523,1062
523,1068
523,1073
523,1074
523,1079
523,1080
523,1085
523,1086
523,1093
523,1094
523,1100
523,1105
523,1106
523,1111
523,1112
523,1117
523,1118
523,1121
523,1122
523,1127
523,1128
523,1133
523,1134
523,1139
523,1145
523,1146
523,1157
523,1158
523,1164
523,1169
523,1170
523,1175
523,1176
523,1181
523,1182
523,1185
523,1186
523,1191
523,1192
523,1197
523,1198
523,1203
523,1209
523,1210
523,1223
523,1229
523,1230
523,1235
523,1241
523,1242
523,1251
523,1257
523,1258
523,1285
523,1286
523,1292
523,1297
523,1298
523,1303
523,1304
523,1309
523,1310
523,1313
523,1314
523,1319
523,1320
523,1325
523,1326
523,1331
523,1337
523,1338
523,1351
523,1357
523,1358
523,1363
523,1369
523,1370
523,1379
523,1385
523,1386
523,1415
523,1421
523,1422
523,1427
523,1433
523,1434
523,1443
523,1449
523,1450
523,1556
523,1572
523,1584
523,1589
523,1590
523,1596
523,1621
523,1622
523,1628
523,1637
523,1638
523,1644
523,1649
523,1650
523,1656
523,1685
523,1686
523,1692
523,1701
523,1702
523,1708
523,1713
523,1714
523,1720
523,1813
523,1814
523,1820
523,1829
523,1830
523,1836
523,1841
523,1842
523,1848
525,562
525,594
525,610
525,624
525,627
525,630
525,634
525,658
525,674
525,688
525,691
525,694
525,698
525,723
525,726
525,730
525,739
525,742
525,746
525,753
525,756
525,760
525,786
525,802
525,816
525,819
525,822
525,826
525,851
525,854
525,858
525,867
525,870
525,874
525,881
525,884
525,888
525,915
525,918
525,922
525,931
525,934
525,938
525,945
525,948
525,952
525,1026
525,1040
525,1043
525,1046
525,1050
525,1056
525,1059
525,1062
525,1066
525,1073
525,1076
525,1079
525,1080
525,1083
525,1086
525,1091
525,1094
525,1098
525,1105
525,1108
525,1111
525,1112
525,1115
525,1118
525,1121
525,1124
525,1127
525,1128
525,1131
525,1134
525,1141
525,1145
525,1148
525,1155
525,1158
525,1162
525,1169
525,1172
525,1175
525,1176
525,1179
525,1182
525,1185
525,1188
525,1191
525,1192
525,1195
525,1198
525,1205
525,1209
525,1212
525,1223
525,1227
525,1230
525,1237
525,1241
525,1244
525,1253
525,1257
525,1260
525,1283
525,1286
525,1290
525,1297
525,1300
525,1303
525,1304
525,1307
525,1310
525,1313
525,1316
525,1319
525,1320
525,1323
525,1326
525,1333
525,1337
525,1340
525,1351
525,1355
525,1358
525,1365
525,1369
525,1372
525,1381
525,1385
525,1388
525,1415
525,1419
525,1422
525,1429
525,1433
525,1436
525,1445
525,1449
525,1452
525,1554
525,1570
525,1584
525,1587
525,1590
525,1594
525,1619
525,1622
525,1626
525,1635
525,1638
525,1642
525,1649
525,1652
525,1656
525,1683
525,1686
525,1690
525,1699
525,1702
525,1706
525,1713
525,1716
525,1720
525,1811
525,1814
525,1818
525,1827
525,1830
525,1834
525,1841
525,1844
525,1848
526,561
526,593
526,609
526,624
526,627
526,629
526,633
526,657
526,673
526,688
526,691
526,693
526,697
526,723
526,725
526,729
526,739
526,741
526,745
526,754
526,756
526,760
526,785
526,801
526,816
526,819
526,821
526,825
526,851
526,853
526,857
526,867
526,869
526,873
526,882
526,884
526,888
526,915
526,917
526,921
526,931
526,933
526,937
526,946
526,948
526,952
526,1025
526,1040
526,1043
526,1045
526,1049
526,1056
526,1059
526,1061
526,1065
526,1074
526,1076
526,1079
526,1080
526,1083
526,1085
526,1091
526,1093
526,1097
526,1106
526,1108
526,1111
526,1112
526,1115
526,1117
526,1122
526,1124
526,1127
526,1128
526,1131
526,1133
526,1142
526,1146
526,1148
526,1155
526,1157
526,1161
526,1170
526,1172
526,1175
526,1176
526,1179
526,1181
526,1186
526,1188
526,1191
526,1192
526,1195
526,1197
526,1206
526,1210
526,1212
526,1223
526,1227
526,1229
526,1238
526,1242
526,1244
526,1254
526,1258
526,1260
526,1283
526,1285
526,1289
526,1298
526,1300
526,1303
526,1304
526,1307
526,1309
526,1314
526,1316
526,1319
526,1320
526,1323
526,1325
526,1334
526,1338
526,1340
526,1351
526,1355
526,1357
526,1366
526,1370
526,1372
526,1382
526,1386
526,1388
526,1415
526,1419
526,1421
526,1430
526,1434
526,1436
526,1446
526,1450
526,1452
526,1553
526,1569
526,1584
526,1587
526,1589
526,1593
526,1619
526,1621
526,1625
526,1635
526,1637
526,1641
526,1650
526,1652
526,1656
526,1683
526,1685
526,1689
526,1699
526,1701
526,1705
526,1714
526,1716
526,1720
526,1811
526,1813
526,1817
526,1827
526,1829
526,1833
526,1842
526,1844
526,1848
528,559
528,591
528,615
528,619
528,621
528,622
528,655
528,679
528,683
528,685
528,686
528,711
528,715
528,717
528,718
528,739
528,741
528,742
528,745
528,746
528,748
528,783
528,807
528,811
528,813
528,814
528,839
528,843
528,845
528,846
528,867
528,869
528,870
528,873
528,874
528,876
528,903
528,907
528,909
528,910
528,931
528,933
528,934
528,937
528,938
528,940
528,1031
528,1035
528,1037
528,1038
528,1055
528,1059
528,1061
528,1062
528,1065
528,1066
528,1068
528,1079
528,1083
528,1085
528,1086
528,1091
528,1093
528,1094
528,1097
528,1098
528,1100
528,1111
528,1115
528,1117
528,1118
528,1121
528,1122
528,1124
528,1128
528,1139
528,1141
528,1142
528,1145
528,1146
528,1148
528,1155
528,1157
528,1158
528,1161
528,1162
528,1164
528,1175
528,1179
528,1181
528,1182
528,1185
528,1186
528,1188
528,1192
528,1203
528,1205
528,1206
528,1209
528,1210
528,1212
528,1235
528,1237
528,1238
528,1241
528,1242
528,1244
528,1265
528,1266
528,1268
528,1272
528,1283
528,1285
528,1286
528,1289
528,1290
528,1292
528,1303
528,1307
528,1309
528,1310
528,1313
528,1314
528,1316
528,1320
528,1331
528,1333
528,1334
528,1337
528,1338
528,1340
528,1363
528,1365
528,1366
528,1369
528,1370
528,1372
528,1393
528,1394
528,1396
528,1400
528,1427
528,1429
528,1430
528,1433
528,1434
528,1436
528,1457
528,1458
528,1460
528,1464
528,1551
528,1575
528,1579
528,1581
528,1582
528,1607
528,1611
528,1613
528,1614
528,1635
528,1637
528,1638
528,1641
528,1642
528,1644
528,1671
528,1675
528,1677
528,1678
528,1699
528,1701
528,1702
528,1705
528,1706
528,1708
528,1799
528,1803
528,1805
528,1806
528,1827
528,1829
528,1830
528,1833
528,1834
528,1836
531,556
531,588
531,612
531,616
531,621
531,622
531,636
531,652
531,676
531,680
531,685
531,686
531,700
531,717
531,718
531,732
531,741
531,742
531,745
531,746
531,756
531,760
531,780
531,804
531,808
531,813
531,814
531,828
531,845
531,846
531,860
531,869
531,870
531,873
531,874
531,884
531,888
531,909
531,910
531,924
531,933
531,934
531,937
531,938
531,948
531,952
531,1028
531,1032
531,1037
531,1038
531,1052
531,1056
531,1061
531,1062
531,1065
531,1066
531,1071
531,1076
531,1080
531,1085
531,1086
531,1093
531,1094
531,1097
531,1098
531,1103
531,1108
531,1112
531,1117
531,1118
531,1121
531,1122
531,1127
531,1131
531,1136
531,1141
531,1142
531,1145
531,1146
531,1157
531,1158
531,1161
531,1162
531,1167
531,1172
531,1176
531,1181
531,1182
531,1185
531,1186
531,1191
531,1195
531,1200
531,1205
531,1206
531,1209
531,1210
531,1223
531,1227
531,1237
531,1238
531,1241
531,1242
531,1251
531,1265
531,1266
531,1285
531,1286
531,1289
531,1290
531,1295
531,1300
531,1304
531,1309
531,1310
531,1313
531,1314
531,1319
531,1323
531,1328
531,1333
531,1334
531,1337
531,1338
531,1351
531,1355
531,1365
531,1366
531,1369
531,1370
531,1379
531,1393
531,1394
531,1415
531,1419
531,1429
531,1430
531,1433
531,1434
531,1443
531,1457
531,1458
531,1548
531,1572
531,1576
531,1581
531,1582
531,1596
531,1613
531,1614
531,1628
531,1637
531,1638
531,1641
531,1642
531,1652
531,1656
531,1677
531,1678
531,1692
531,1701
531,1702
531,1705
531,1706
531,1716
531,1720
531,1805
531,1806
531,1820
531,1829
531,1830
531,1833
531,1834
531,1844
531,1848
533,554
533,586
533,610
533,616
533,619
533,622
533,634
533,650
533,674
533,680
533,683
533,686
533,698
533,715
533,718
533,730
533,739
533,742
533,745
533,748
533,754
533,760
533,778
533,802
533,808
533,811
533,814
533,826
533,843
533,846
533,858
533,867
533,870
533,873
533,876
533,882
533,888
533,907
533,910
533,922
533,931
533,934
533,937
533,940
533,946
533,952
533,1026
533,1032
533,1035
533,1038
533,1050
533,1056
533,1059
533,1062
533,1065
533,1068
533,1071
533,1074
533,1080
533,1083
533,1086
533,1091
533,1094
533,1097
533,1100
533,1103
533,1106
533,1112
533,1115
533,1118
533,1121
533,1124
533,1127
533,1133
533,1136
533,1139
533,1142
533,1145
533,1148
533,1155
533,1158
533,1161
533,1164
533,1167
533,1170
533,1176
533,1179
533,1182
533,1185
533,1188
533,1191
533,1197
533,1200
533,1203
533,1206
533,1209
533,1212
533,1223
533,1229
533,1235
533,1238
533,1241
533,1244
533,1253
533,1265
533,1268
533,1283
533,1286
533,1289
533,1292
533,1295
533,1298
533,1304
533,1307
533,1310
533,1313
533,1316
533,1319
533,1325
533,1328
533,1331
533,1334
533,1337
533,1340
533,1351
533,1357
533,1363
533,1366
533,1369
533,1372
533,1381
533,1393
533,1396
533,1415
533,1421
533,1427
533,1430
533,1433
533,1436
533,1445
533,1457
533,1460
533,1546
533,1570
533,1576
533,1579
533,1582
533,1594
533,1611
533,1614
533,1626
533,1635
533,1638
533,1641
533,1644
533,1650
533,1656
533,1675
533,1678
533,1690
533,1699
533,1702
533,1705
533,1708
533,1714
533,1720
533,1803
533,1806
533,1818
533,1827
533,1830
533,1833
533,1836
533,1842
533,1848
534,553
534,585
534,609
534,616
534,619
534,621
534,633
534,649
534,673
534,680
534,683
534,685
534,697
534,715
534,717
534,729
534,739
534,741
534,746
534,748
534,753
534,760
534,777
534,801
534,808
534,811
534,813
534,825
534,843
534,845
534,857
534,867
534,869
534,874
534,876
534,881
534,888
534,907
534,909
534,921
534,931
534,933
534,938
534,940
534,945
534,952
534,1025
534,1032
534,1035
534,1037
534,1049
534,1056
534,1059
534,1061
534,1066
534,1068
534,1071
534,1073
534,1080
534,1083
534,1085
534,1091
534,1093
534,1098
534,1100
534,1103
534,1105
534,1112
534,1115
534,1117
534,1122
534,1124
534,1127
534,1134
534,1136
534,1139
534,1141
534,1146
534,1148
534,1155
534,1157
534,1162
534,1164
534,1167
534,1169
534,1176
534,1179
534,1181
534,1186
534,1188
534,1191
534,1198
534,1200
534,1203
534,1205
534,1210
534,1212
534,1223
534,1230
534,1235
534,1237
534,1242
534,1244
534,1254
534,1266
534,1268
534,1283
534,1285
534,1290
534,1292
534,1295
534,1297
534,1304
534,1307
534,1309
534,1314
534,1316
534,1319
534,1326
534,1328
534,1331
534,1333
534,1338
534,1340
534,1351
534,1358
534,1363
534,1365
534,1370
534,1372
534,1382
534,1394
534,1396
534,1415
534,1422
534,1427
534,1429
534,1434
534,1436
534,1446
534,1458
534,1460
534,1545
534,1569
534,1576
534,1579
534,1581
534,1593
534,1611
534,1613
534,1625
534,1635
534,1637
534,1642
534,1644
534,1649
534,1656
534,1675
534,1677
534,1689
534,1699
534,1701
534,1706
534,1708
534,1713
534,1720
534,1803
534,1805
534,1817
534,1827
534,1829
534,1834
534,1836
534,1841
534,1848
537,550
537,582
537,610
537,612
537,615
537,622
537,630
537,646
537,674
537,676
537,679
537,686
537,694
537,711
537,718
537,726
537,739
537,741
537,746
537,748
537,754
537,756
537,774
537,802
537,804
537,807
537,814
537,822
537,839
537,846
537,854
537,867
537,869
537,874
537,876
537,882
537,884
537,903
537,910
537,918
537,931
537,933
537,938
537,940
537,946
537,948
537,1026
537,1028
537,1031
537,1038
537,1046
537,1056
537,1059
537,1061
537,1066
537,1068
537,1071
537,1074
537,1076
537,1079
537,1086
537,1091
537,1093
537,1098
537,1100
537,1103
537,1106
537,1108
537,1111
537,1118
537,1121
537,1128
537,1131
537,1133
537,1136
537,1139
537,1141
537,1146
537,1148
537,1155
537,1157
537,1162
537,1164
537,1167
537,1170
537,1172
537,1175
537,1182
537,1185
537,1192
537,1195
537,1197
537,1200
537,1203
537,1205
537,1210
537,1212
537,1227
537,1229
537,1235
537,1237
537,1242
537,1244
537,1257
537,1265
537,1272
537,1283
537,1285
537,1290
537,1292
537,1295
537,1298
537,1300
537,1303
537,1310
537,1313
537,1320
537,1323
537,1325
537,1328
537,1331
537,1333
537,1338
537,1340
537,1355
537,1357
537,1363
537,1365
537,1370
537,1372
537,1385
537,1393
537,1400
537,1419
537,1421
537,1427
537,1429
537,1434
537,1436
537,1449
537,1457
537,1464
537,1542
537,1570
537,1572
537,1575
537,1582
537,1590
537,1607
537,1614
537,1622
537,1635
537,1637
537,1642
537,1644
537,1650
537,1652
537,1671
537,1678
537,1686
537,1699
537,1701
537,1706
537,1708
537,1714
537,1716
537,1799
537,1806
537,1814
537,1827
537,1829
537,1834
537,1836
537,1842
537,1844
538,549
538,581
538,609
538,612
538,615
538,621
538,629
538,645
538,673
538,676
538,679
538,685
538,693
538,711
538,717
538,725
538,739
538,742
538,745
538,748
538,753
538,756
538,773
538,801
538,804
538,807
538,813
538,821
538,839
538,845
538,853
538,867
538,870
538,873
538,876
538,881
538,884
538,903
538,909
538,917
538,931
538,934
538,937
538,940
538,945
538,948
538,1025
538,1028
538,1031
538,1037
538,1045
538,1056
538,1059
538,1062
538,1065
538,1068
538,1071
538,1073
538,1076
538,1079
538,1085
538,1091
538,1094
538,1097
538,1100
538,1103
538,1105
538,1108
538,1111
538,1117
538,1122
538,1128
538,1131
538,1134
538,1136
538,1139
538,1142
538,1145
538,1148
538,1155
538,1158
538,1161
538,1164
538,1167
538,1169
538,1172
538,1175
538,1181
538,1186
538,1192
538,1195
538,1198
538,1200
538,1203
538,1206
538,1209
538,1212
538,1227
538,1230
538,1235
538,1238
538,1241
538,1244
538,1258
538,1266
538,1272
538,1283
538,1286
538,1289
538,1292
538,1295
538,1297
538,1300
538,1303
538,1309
538,1314
538,1320
538,1323
538,1326
538,1328
538,1331
538,1334
538,1337
538,1340
538,1355
538,1358
538,1363
538,1366
538,1369
538,1372
538,1386
538,1394
538,1400
538,1419
538,1422
538,1427
538,1430
538,1433
538,1436
538,1450
538,1458
538,1464
538,1541
538,1569
538,1572
538,1575
538,1581
538,1589
538,1607
538,1613
538,1621
538,1635
538,1638
538,1641
538,1644
538,1649
538,1652
538,1671
538,1677
538,1685
538,1699
538,1702
538,1705
538,1708
538,1713
538,1716
538,1799
538,1805
538,1813
538,1827
538,1830
538,1833
538,1836
538,1841
538,1844
540,547
540,579
540,609
540,610
540,615
540,619
540,627
540,643
540,673
540,674
540,679
540,683
540,691
540,711
540,715
540,723
540,741
540,742
540,745
540,746
540,753
540,754
540,771
540,801
540,802
540,807
540,811
540,819
540,839
540,843
540,851
540,869
540,870
540,873
540,874
540,881
540,882
540,903
540,907
540,915
540,933
540,934
540,937
540,938
540,945
540,946
540,1025
540,1026
540,1031
540,1035
540,1043
540,1056
540,1061
540,1062
540,1065
540,1066
540,1071
540,1073
540,1074
540,1079
540,1083
540,1093
540,1094
540,1097
540,1098
540,1103
540,1105
540,1106
540,1111
540,1115
540,1124
540,1128
540,1133
540,1134
540,1136
540,1141
540,1142
540,1145
540,1146
540,1157
540,1158
540,1161
540,1162
540,1167
540,1169
540,1170
540,1175
540,1179
540,1188
540,1192
540,1197
540,1198
540,1200
540,1205
540,1206
540,1209
540,1210
540,1229
540,1230
540,1237
540,1238
540,1241
540,1242
540,1260
540,1268
540,1272
540,1285
540,1286
540,1289
540,1290
540,1295
540,1297
540,1298
540,1303
540,1307
540,1316
540,1320
540,1325
540,1326
540,1328
540,1333
540,1334
540,1337
540,1338
540,1357
540,1358
540,1365
540,1366
540,1369
540,1370
540,1388
540,1396
540,1400
540,1421
540,1422
540,1429
540,1430
540,1433
540,1434
540,1452
540,1460
540,1464
540,1539
540,1569
540,1570
540,1575
540,1579
540,1587
540,1607
540,1611
540,1619
540,1637
540,1638
540,1641
540,1642
540,1649
540,1650
540,1671
540,1675
540,1683
540,1701
540,1702
540,1705
540,1706
540,1713
540,1714
540,1799
540,1803
540,1811
540,1829
540,1830
540,1833
540,1834
540,1841
540,1842
543,544
543,609
543,610
543,612
543,616
543,624
543,673
543,674
543,676
543,680
543,688
543,739
543,741
543,742
543,745
543,746
543,748
543,753
543,754
543,756
543,760
543,801
543,802
543,804
543,808
543,816
543,867
543,869
543,870
543,873
543,874
543,876
543,881
543,882
543,884
543,888
543,931
543,933
543,934
543,937
543,938
543,940
543,945
543,946
543,948
543,952
543,1025
543,1026
543,1028
543,1032
543,1040
543,1059
543,1061
543,1062
543,1065
543,1066
543,1068
543,1073
543,1074
543,1076
543,1080
543,1091
543,1093
543,1094
543,1097
543,1098
543,1100
543,1105
543,1106
543,1108
543,1112
543,1127
543,1131
543,1133
543,1134
543,1139
543,1141
543,1142
543,1145
543,1146
543,1148
543,1155
543,1157
543,1158
543,1161
543,1162
543,1164
543,1169
543,1170
543,1172
543,1176
543,1191
543,1195
543,1197
543,1198
543,1203
543,1205
543,1206
543,1209
543,1210
543,1212
543,1223
543,1227
543,1229
543,1230
543,1235
543,1237
543,1238
543,1241
543,1242
543,1244
543,1283
543,1285
543,1286
543,1289
543,1290
543,1292
543,1297
543,1298
543,1300
543,1304
543,1319
543,1323
543,1325
543,1326
543,1331
543,1333
543,1334
543,1337
543,1338
543,1340
543,1351
543,1355
543,1357
543,1358
543,1363
543,1365
543,1366
543,1369
543,1370
543,1372
543,1415
543,1419
543,1421
543,1422
543,1427
543,1429
543,1430
543,1433
543,1434
543,1436
543,1569
543,1570
543,1572
543,1576
543,1584
543,1635
543,1637
543,1638
543,1641
543,1642
543,1644
543,1649
543,1650
543,1652
543,1656
543,1699
543,1701
543,1702
543,1705
543,1706
543,1708
543,1713
543,1714
543,1716
543,1720
543,1827
543,1829
543,1830
543,1833
543,1834
543,1836
543,1841
543,1842
543,1844
543,1848
544,591
544,599
544,603
544,605
544,606
544,655
544,663
544,667
544,669
544,670
544,711
544,715
544,717
544,718
544,723
544,725
544,726
544,729
544,730
544,732
544,783
544,791
544,795
544,797
544,798
544,839
544,843
544,845
544,846
544,851
544,853
544,854
544,857
544,858
544,860
544,903
544,907
544,909
544,910
544,915
544,917
544,918
544,921
544,922
544,924
544,1031
544,1035
544,1037
544,1038
544,1043
544,1045
544,1046
544,1049
544,1050
544,1052
544,1071
544,1079
544,1083
544,1085
544,1086
544,1091
544,1093
544,1094
544,1097
544,1098
544,1100
544,1105
544,1106
544,1108
544,1112
544,1127
544,1131
544,1133
544,1134
544,1139
544,1141
544,1142
544,1145
544,1146
544,1148
544,1155
544,1157
544,1158
544,1161
544,1162
544,1164
544,1169
544,1170
544,1172
544,1176
544,1191
544,1195
544,1197
544,1198
544,1203
544,1205
544,1206
544,1209
544,1210
544,1212
544,1251
544,1253
544,1254
544,1257
544,1258
544,1260
544,1265
544,1266
544,1268
544,1272
544,1283
544,1285
544,1286
544,1289
544,1290
544,1292
544,1297
544,1298
544,1300
544,1304
544,1319
544,1323
544,1325
544,1326
544,1331
544,1333
544,1334
544,1337
544,1338
544,1340
544,1379
544,1381
544,1382
544,1385
544,1386
544,1388
544,1393
544,1394
544,1396
544,1400
544,1443
544,1445
544,1446
544,1449
544,1450
544,1452
544,1457
544,1458
544,1460
544,1464
544,1551
544,1559
544,1563
544,1565
544,1566
544,1607
544,1611
544,1613
544,1614
544,1619
544,1621
544,1622
544,1625
544,1626
544,1628
544,1671
544,1675
544,1677
544,1678
544,1683
544,1685
544,1686
544,1689
544,1690
544,1692
544,1799
544,1803
544,1805
544,1806
544,1811
544,1813
544,1814
544,1817
544,1818
544,1820
547,588
547,596
547,600
547,605
547,606
547,636
547,652
547,660
547,664
547,669
547,670
547,700
547,717
547,718
547,725
547,726
547,729
547,730
547,748
547,756
547,760
547,780
547,788
547,792
547,797
547,798
547,828
547,845
547,846
547,853
547,854
547,857
547,858
547,876
547,884
547,888
547,909
547,910
547,917
547,918
547,921
547,922
547,940
547,948
547,952
547,1028
547,1032
547,1037
547,1038
547,1040
547,1045
547,1046
547,1049
547,1050
547,1055
547,1068
547,1076
547,1080
547,1085
547,1086
547,1093
547,1094
547,1097
547,1098
547,1103
547,1105
547,1106
547,1111
547,1115
547,1124
547,1128
547,1133
547,1134
547,1136
547,1141
547,1142
547,1145
547,1146
547,1157
547,1158
547,1161
547,1162
547,1167
547,1169
547,1170
547,1175
547,1179
547,1188
547,1192
547,1197
547,1198
547,1200
547,1205
547,1206
547,1209
547,1210
547,1223
547,1227
547,1235
547,1253
547,1254
547,1257
547,1258
547,1265
547,1266
547,1285
547,1286
547,1289
547,1290
547,1295
547,1297
547,1298
547,1303
547,1307
547,1316
547,1320
547,1325
547,1326
547,1328
547,1333
547,1334
547,1337
547,1338
547,1351
547,1355
547,1363
547,1381
547,1382
547,1385
547,1386
547,1393
547,1394
547,1415
547,1419
547,1427
547,1445
547,1446
547,1449
547,1450
547,1457
547,1458
547,1548
547,1556
547,1560
547,1565
547,1566
547,1596
547,1613
547,1614
547,1621
547,1622
547,1625
547,1626
547,1644
547,1652
547,1656
547,1677
547,1678
547,1685
547,1686
547,1689
547,1690
547,1708
547,1716
547,1720
547,1805
547,1806
547,1813
547,1814
547,1817
547,1818
547,1836
547,1844
547,1848
549,586
549,594
549,600
549,603
549,606
549,634
549,650
549,658
549,664
549,667
549,670
549,698
549,715
549,718
549,723
549,726
549,729
549,732
549,746
549,754
549,760
549,778
549,786
549,792
549,795
549,798
549,826
549,843
549,846
549,851
549,854
549,857
549,860
549,874
549,882
549,888
549,907
549,910
549,915
549,918
549,921
549,924
549,938
549,946
549,952
549,1026
549,1032
549,1035
549,1038
549,1040
549,1043
549,1046
549,1049
549,1052
549,1055
549,1066
549,1074
549,1080
549,1083
549,1086
549,1091
549,1094
549,1097
549,1100
549,1103
549,1105
549,1108
549,1111
549,1117
549,1122
549,1128
549,1131
549,1134
549,1136
549,1139
549,1142
549,1145
549,1148
549,1155
549,1158
549,1161
549,1164
549,1167
549,1169
549,1172
549,1175
549,1181
549,1186
549,1192
549,1195
549,1198
549,1200
549,1203
549,1206
549,1209
549,1212
549,1223
549,1229
549,1237
549,1251
549,1254
549,1257
549,1260
549,1265
549,1268
549,1283
549,1286
549,1289
549,1292
549,1295
549,1297
549,1300
549,1303
549,1309
549,1314
549,1320
549,1323
549,1326
549,1328
549,1331
549,1334
549,1337
549,1340
549,1351
549,1357
549,1365
549,1379
549,1382
549,1385
549,1388
549,1393
549,1396
549,1415
549,1421
549,1429
549,1443
549,1446
549,1449
549,1452
549,1457
549,1460
549,1546
549,1554
549,1560
549,1563
549,1566
549,1594
549,1611
549,1614
549,1619
549,1622
549,1625
549,1628
549,1642
549,1650
549,1656
549,1675
549,1678
549,1683
549,1686
549,1689
549,1692
549,1706
549,1714
549,1720
549,1803
549,1806
549,1811
549,1814
549,1817
549,1820
549,1834
549,1842
549,1848
550,585
550,593
550,600
550,603
550,605
550,633
550,649
550,657
550,664
550,667
550,669
550,697
550,715
550,717
550,723
550,725
550,730
550,732
550,745
550,753
550,760
550,777
550,785
550,792
550,795
550,797
550,825
550,843
550,845
550,851
550,853
550,858
550,860
550,873
550,881
550,888
550,907
550,909
550,915
550,917
550,922
550,924
550,937
550,945
550,952
550,1025
550,1032
550,1035
550,1037
550,1040
550,1043
550,1045
550,1050
550,1052
550,1055
550,1065
550,1073
550,1080
550,1083
550,1085
550,1091
550,1093
550,1098
550,1100
550,1103
550,1106
550,1108
550,1111
550,1118
550,1121
550,1128
550,1131
550,1133
550,1136
550,1139
550,1141
550,1146
550,1148
550,1155
550,1157
550,1162
550,1164
550,1167
550,1170
550,1172
550,1175
550,1182
550,1185
550,1192
550,1195
550,1197
550,1200
550,1203
550,1205
550,1210
550,1212
550,1223
550,1230
550,1238
550,1251
550,1253
550,1258
550,1260
550,1266
550,1268
550,1283
550,1285
550,1290
550,1292
550,1295
550,1298
550,1300
550,1303
550,1310
550,1313
550,1320
550,1323
550,1325
550,1328
550,1331
550,1333
550,1338
550,1340
550,1351
550,1358
550,1366
550,1379
550,1381
550,1386
550,1388
550,1394
550,1396
550,1415
550,1422
550,1430
550,1443
550,1445
550,1450
550,1452
550,1458
550,1460
550,1545
550,1553
550,1560
550,1563
550,1565
550,1593
550,1611
550,1613
550,1619
550,1621
550,1626
550,1628
550,1641
550,1649
550,1656
550,1675
550,1677
550,1683
550,1685
550,1690
550,1692
550,1705
550,1713
550,1720
550,1803
550,1805
550,1811
550,1813
550,1818
550,1820
550,1833
550,1841
550,1848
553,582
553,594
553,596
553,599
553,606
553,630
553,646
553,658
553,660
553,663
553,670
553,694
553,711
553,718
553,723
553,725
553,730
553,732
553,742
553,754
553,756
553,774
553,786
553,788
553,791
553,798
553,822
553,839
553,846
553,851
553,853
553,858
553,860
553,870
553,882
553,884
553,903
553,910
553,915
553,917
553,922
553,924
553,934
553,946
553,948
553,1026
553,1028
553,1031
553,1038
553,1040
553,1043
553,1045
553,1050
553,1052
553,1055
553,1062
553,1074
553,1076
553,1079
553,1086
553,1091
553,1093
553,1098
553,1100
553,1103
553,1105
553,1112
553,1115
553,1117
553,1122
553,1124
553,1127
553,1134
553,1136
553,1139
553,1141
553,1146
553,1148
553,1155
553,1157
553,1162
553,1164
553,1167
553,1169
553,1176
553,1179
553,1181
553,1186
553,1188
553,1191
553,1198
553,1200
553,1203
553,1205
553,1210
553,1212
553,1227
553,1229
553,1241
553,1251
553,1253
553,1258
553,1260
553,1265
553,1272
553,1283
553,1285
553,1290
553,1292
553,1295
553,1297
553,1304
553,1307
553,1309
553,1314
553,1316
553,1319
553,1326
553,1328
553,1331
553,1333
553,1338
553,1340
553,1355
553,1357
553,1369
553,1379
553,1381
553,1386
553,1388
553,1393
553,1400
553,1419
553,1421
553,1433
553,1443
553,1445
553,1450
553,1452
553,1457
553,1464
553,1542
553,1554
553,1556
553,1559
553,1566
553,1590
553,1607
553,1614
553,1619
553,1621
553,1626
553,1628
553,1638
553,1650
553,1652
553,1671
553,1678
553,1683
553,1685
553,1690
553,1692
553,1702
553,1714
553,1716
553,1799
553,1806
553,1811
553,1813
553,1818
553,1820
553,1830
553,1842
553,1844
554,581
554,593
554,596
554,599
554,605
554,629
554,645
554,657
554,660
554,663
554,669
554,693
554,711
554,717
554,723
554,726
554,729
554,732
554,741
554,753
554,756
554,773
554,785
554,788
554,791
554,797
554,821
554,839
554,845
554,851
554,854
554,857
554,860
554,869
554,881
554,884
554,903
554,909
554,915
554,918
554,921
554,924
554,933
554,945
554,948
554,1025
554,1028
554,1031
554,1037
554,1040
554,1043
554,1046
554,1049
554,1052
554,1055
554,1061
554,1073
554,1076
554,1079
554,1085
554,1091
554,1094
554,1097
554,1100
554,1103
554,1106
554,1112
554,1115
554,1118
554,1121
554,1124
554,1127
554,1133
554,1136
554,1139
554,1142
554,1145
554,1148
554,1155
554,1158
554,1161
554,1164
554,1167
554,1170
554,1176
554,1179
554,1182
554,1185
554,1188
554,1191
554,1197
554,1200
554,1203
554,1206
554,1209
554,1212
554,1227
554,1230
554,1242
554,1251
554,1254
554,1257
554,1260
554,1266
554,1272
554,1283
554,1286
554,1289
554,1292
554,1295
554,1298
554,1304
554,1307
554,1310
554,1313
554,1316
554,1319
554,1325
554,1328
554,1331
554,1334
554,1337
554,1340
554,1355
554,1358
554,1370
554,1379
554,1382
554,1385
554,1388
554,1394
554,1400
554,1419
554,1422
554,1434
554,1443
554,1446
554,1449
554,1452
554,1458
554,1464
554,1541
554,1553
554,1556
554,1559
554,1565
554,1589
554,1607
554,1613
554,1619
554,1622
554,1625
554,1628
554,1637
554,1649
554,1652
554,1671
554,1677
554,1683
554,1686
554,1689
554,1692
554,1701
554,1713
554,1716
554,1799
554,1805
554,1811
554,1814
554,1817
554,1820
554,1829
554,1841
554,1844
556,579
556,593
556,594
556,599
556,603
556,627
556,643
556,657
556,658
556,663
556,667
556,691
556,711
556,715
556,725
556,726
556,729
556,730
556,739
556,753
556,754
556,771
556,785
556,786
556,791
556,795
556,819
556,839
556,843
556,853
556,854
556,857
556,858
556,867
556,881
556,882
556,903
556,907
556,917
556,918
556,921
556,922
556,931
556,945
556,946
556,1025
556,1026
556,1031
556,1035
556,1040
556,1045
556,1046
556,1049
556,1050
556,1055
556,1059
556,1073
556,1074
556,1079
556,1083
556,1093
556,1094
556,1097
556,1098
556,1103
556,1108
556,1112
556,1117
556,1118
556,1121
556,1122
556,1127
556,1131
556,1136
556,1141
556,1142
556,1145
556,1146
556,1157
556,1158
556,1161
556,1162
556,1167
556,1172
556,1176
556,1181
556,1182
556,1185
556,1186
556,1191
556,1195
556,1200
556,1205
556,1206
556,1209
556,1210
556,1229
556,1230
556,1244
556,1253
556,1254
556,1257
556,1258
556,1268
556,1272
556,1285
556,1286
556,1289
556,1290
556,1295
556,1300
556,1304
556,1309
556,1310
556,1313
556,1314
556,1319
556,1323
556,1328
556,1333
556,1334
556,1337
556,1338
556,1357
556,1358
556,1372
556,1381
556,1382
556,1385
556,1386
556,1396
556,1400
556,1421
556,1422
556,1436
556,1445
556,1446
556,1449
556,1450
556,1460
556,1464
556,1539
556,1553
556,1554
556,1559
556,1563
556,1587
556,1607
556,1611
556,1621
556,1622
556,1625
556,1626
556,1635
556,1649
556,1650
556,1671
556,1675
556,1685
556,1686
556,1689
556,1690
556,1699
556,1713
556,1714
556,1799
556,1803
556,1813
556,1814
556,1817
556,1818
556,1827
556,1841
556,1842
559,593
559,594
559,596
559,600
559,624
559,657
559,658
559,660
559,664
559,688
559,723
559,725
559,726
559,729
559,730
559,732
559,753
559,754
559,756
559,760
559,785
559,786
559,788
559,792
559,816
559,851
559,853
559,854
559,857
559,858
559,860
559,881
559,882
559,884
559,888
559,915
559,917
559,918
559,921
559,922
559,924
559,945
559,946
559,948
559,952
559,1025
559,1026
559,1028
559,1032
559,1043
559,1045
559,1046
559,1049
559,1050
559,1052
559,1056
559,1073
559,1074
559,1076
559,1080
559,1091
559,1093
559,1094
559,1097
559,1098
559,1100
559,1111
559,1115
559,1117
559,1118
559,1121
559,1122
559,1124
559,1128
559,1139
559,1141
559,1142
559,1145
559,1146
559,1148
559,1155
559,1157
559,1158
559,1161
559,1162
559,1164
559,1175
559,1179
559,1181
559,1182
559,1185
559,1186
559,1188
559,1192
559,1203
559,1205
559,1206
559,1209
559,1210
559,1212
559,1223
559,1227
559,1229
559,1230
559,1251
559,1253
559,1254
559,1257
559,1258
559,1260
559,1283
559,1285
559,1286
559,1289
559,1290
559,1292
559,1303
559,1307
559,1309
559,1310
559,1313
559,1314
559,1316
559,1320
559,1331
559,1333
559,1334
559,1337
559,1338
559,1340
559,1351
559,1355
559,1357
559,1358
559,1379
559,1381
559,1382
559,1385
559,1386
559,1388
559,1415
559,1419
559,1421
559,1422
559,1443
559,1445
559,1446
559,1449
559,1450
559,1452
559,1553
559,1554
559,1556
559,1560
559,1584
559,1619
559,1621
559,1622
559,1625
559,1626
559,1628
559,1649
559,1650
559,1652
559,1656
559,1683
559,1685
559,1686
559,1689
559,1690
559,1692
559,1713
559,1714
559,1716
559,1720
559,1811
559,1813
559,1814
559,1817
559,1818
559,1820
559,1841
559,1842
559,1844
559,1848
561,582
561,586
561,588
561,591
561,606
561,622
561,646
561,650
561,652
561,655
561,670
561,686
561,711
561,715
561,717
561,726
561,730
561,732
561,742
561,746
561,748
561,774
561,778
561,780
561,783
561,798
561,814
561,839
561,843
561,845
561,854
561,858
561,860
561,870
561,874
561,876
561,903
561,907
561,909
561,918
561,922
561,924
561,934
561,938
561,940
561,1026
561,1028
561,1031
561,1032
561,1035
561,1037
561,1046
561,1050
561,1052
561,1055
561,1062
561,1066
561,1068
561,1071
561,1086
561,1091
561,1093
561,1097
561,1106
561,1108
561,1111
561,1112
561,1115
561,1117
561,1122
561,1124
561,1127
561,1128
561,1131
561,1133
561,1142
561,1146
561,1148
561,1155
561,1157
561,1161
561,1170
561,1172
561,1175
561,1176
561,1179
561,1181
561,1186
561,1188
561,1191
561,1192
561,1195
561,1197
561,1206
561,1210
561,1212
561,1235
561,1237
561,1241
561,1251
561,1253
561,1257
561,1266
561,1268
561,1272
561,1283
561,1285
561,1289
561,1298
561,1300
561,1303
561,1304
561,1307
561,1309
561,1314
561,1316
561,1319
561,1320
561,1323
561,1325
561,1334
561,1338
561,1340
561,1363
561,1365
561,1369
561,1379
561,1381
561,1385
561,1394
561,1396
561,1400
561,1427
561,1429
561,1433
561,1443
561,1445
561,1449
561,1458
561,1460
561,1464
561,1542
561,1546
561,1548
561,1551
561,1566
561,1582
561,1607
561,1611
561,1613
561,1622
561,1626
561,1628
561,1638
561,1642
561,1644
561,1671
561,1675
561,1677
561,1686
561,1690
561,1692
561,1702
561,1706
561,1708
561,1799
561,1803
561,1805
561,1814
561,1818
561,1820
561,1830
561,1834
561,1836
562,581
562,585
562,588
562,591
562,605
562,621
562,645
562,649
562,652
562,655
562,669
562,685
562,711
562,715
562,718
562,725
562,729
562,732
562,741
562,745
562,748
562,773
562,777
562,780
562,783
562,797
562,813
562,839
562,843
562,846
562,853
562,857
562,860
562,869
562,873
562,876
562,903
562,907
562,910
562,917
562,921
562,924
562,933
562,937
562,940
562,1025
562,1028
562,1031
562,1032
562,1035
562,1038
562,1045
562,1049
562,1052
562,1055
562,1061
562,1065
562,1068
562,1071
562,1085
562,1091
562,1094
562,1098
562,1105
562,1108
562,1111
562,1112
562,1115
562,1118
562,1121
562,1124
562,1127
562,1128
562,1131
562,1134
562,1141
562,1145
562,1148
562,1155
562,1158
562,1162
562,1169
562,1172
562,1175
562,1176
562,1179
562,1182
562,1185
562,1188
562,1191
562,1192
562,1195
562,1198
562,1205
562,1209
562,1212
562,1235
562,1238
562,1242
562,1251
562,1254
562,1258
562,1265
562,1268
562,1272
562,1283
562,1286
562,1290
562,1297
562,1300
562,1303
562,1304
562,1307
562,1310
562,1313
562,1316
562,1319
562,1320
562,1323
562,1326
562,1333
562,1337
562,1340
562,1363
562,1366
562,1370
562,1379
562,1382
562,1386
562,1393
562,1396
562,1400
562,1427
562,1430
562,1434
562,1443
562,1446
562,1450
562,1457
562,1460
562,1464
562,1541
562,1545
562,1548
562,1551
562,1565
562,1581
562,1607
562,1611
562,1614
562,1621
562,1625
562,1628
562,1637
562,1641
562,1644
562,1671
562,1675
562,1678
562,1685
562,1689
562,1692
562,1701
562,1705
562,1708
562,1799
562,1803
562,1806
562,1813
562,1817
562,1820
562,1829
562,1833
562,1836
564,579
564,585
564,586
564,591
564,603
564,619
564,643
564,649
564,650
564,655
564,667
564,683
564,711
564,717
564,718
564,723
564,729
564,730
564,739
564,745
564,746
564,771
564,777
564,778
564,783
564,795
564,811
564,839
564,845
564,846
564,851
564,857
564,858
564,867
564,873
564,874
564,903
564,909
564,910
564,915
564,921
564,922
564,931
564,937
564,938
564,1025
564,1026
564,1031
564,1032
564,1037
564,1038
564,1043
564,1049
564,1050
564,1055
564,1059
564,1065
564,1066
564,1071
564,1083
564,1093
564,1094
564,1100
564,1105
564,1106
564,1111
564,1112
564,1117
564,1118
564,1121
564,1122
564,1127
564,1128
564,1133
564,1134
564,1139
564,1145
564,1146
564,1157
564,1158
564,1164
564,1169
564,1170
564,1175
564,1176
564,1181
564,1182
564,1185
564,1186
564,1191
564,1192
564,1197
564,1198
564,1203
564,1209
564,1210
564,1237
564,1238
564,1244
564,1253
564,1254
564,1260
564,1265
564,1266
564,1272
564,1285
564,1286
564,1292
564,1297
564,1298
564,1303
564,1304
564,1309
564,1310
564,1313
564,1314
564,1319
564,1320
564,1325
564,1326
564,1331
564,1337
564,1338
564,1365
564,1366
564,1372
564,1381
564,1382
564,1388
564,1393
564,1394
564,1400
564,1429
564,1430
564,1436
564,1445
564,1446
564,1452
564,1457
564,1458
564,1464
564,1539
564,1545
564,1546
564,1551
564,1563
564,1579
564,1607
564,1613
564,1614
564,1619
564,1625
564,1626
564,1635
564,1641
564,1642
564,1671
564,1677
564,1678
564,1683
564,1689
564,1690
564,1699
564,1705
564,1706
564,1799
564,1805
564,1806
564,1811
564,1817
564,1818
564,1827
564,1833
564,1834
567,585
567,586
567,588
567,600
567,616
567,649
567,650
567,652
567,664
567,680
567,715
567,717
567,718
567,729
567,730
567,732
567,745
567,746
567,748
567,760
567,777
567,778
567,780
567,792
567,808
567,843
567,845
567,846
567,857
567,858
567,860
567,873
567,874
567,876
567,888
567,907
567,909
567,910
567,921
567,922
567,924
567,937
567,938
567,940
567,952
567,1025
567,1026
567,1028
567,1035
567,1037
567,1038
567,1040
567,1049
567,1050
567,1052
567,1056
567,1065
567,1066
567,1068
567,1080
567,1091
567,1093
567,1094
567,1103
567,1105
567,1106
567,1108
567,1115
567,1117
567,1118
567,1121
567,1122
567,1124
567,1131
567,1133
567,1134
567,1136
567,1145
567,1146
567,1148
567,1155
567,1157
567,1158
567,1167
567,1169
567,1170
567,1172
567,1179
567,1181
567,1182
567,1185
567,1186
567,1188
567,1195
567,1197
567,1198
567,1200
567,1209
567,1210
567,1212
567,1223
567,1235
567,1237
567,1238
567,1251
567,1253
567,1254
567,1265
567,1266
567,1268
567,1283
567,1285
567,1286
567,1295
567,1297
567,1298
567,1300
567,1307
567,1309
567,1310
567,1313
567,1314
567,1316
567,1323
567,1325
567,1326
567,1328
567,1337
567,1338
567,1340
567,1351
567,1363
567,1365
567,1366
567,1379
567,1381
567,1382
567,1393
567,1394
567,1396
567,1415
567,1427
567,1429
567,1430
567,1443
567,1445
567,1446
567,1457
567,1458
567,1460
567,1545
567,1546
567,1548
567,1560
567,1576
567,1611
567,1613
567,1614
567,1625
567,1626
567,1628
567,1641
567,1642
567,1644
567,1656
567,1675
567,1677
567,1678
567,1689
567,1690
567,1692
567,1705
567,1706
567,1708
567,1720
567,1803
567,1805
567,1806
567,1817
567,1818
567,1820
567,1833
567,1834
567,1836
567,1848
568,579
568,581
568,582
568,591
568,599
568,615
568,643
568,645
568,646
568,655
568,663
568,679
568,715
568,717
568,718
568,723
568,725
568,726
568,739
568,741
568,742
568,771
568,773
568,774
568,783
568,791
568,807
568,843
568,845
568,846
568,851
568,853
568,854
568,867
568,869
568,870
568,907
568,909
568,910
568,915
568,917
568,918
568,931
568,933
568,934
568,1025
568,1026
568,1028
568,1035
568,1037
568,1038
568,1043
568,1045
568,1046
568,1055
568,1059
568,1061
568,1062
568,1071
568,1079
568,1097
568,1098
568,1100
568,1105
568,1106
568,1108
568,1115
568,1117
568,1118
568,1121
568,1122
568,1124
568,1131
568,1133
568,1134
568,1139
568,1141
568,1142
568,1161
568,1162
568,1164
568,1169
568,1170
568,1172
568,1179
568,1181
568,1182
568,1185
568,1186
568,1188
568,1195
568,1197
568,1198
568,1203
568,1205
568,1206
568,1241
568,1242
568,1244
568,1257
568,1258
568,1260
568,1265
568,1266
568,1268
568,1289
568,1290
568,1292
568,1297
568,1298
568,1300
568,1307
568,1309
568,1310
568,1313
568,1314
568,1316
568,1323
568,1325
568,1326
568,1331
568,1333
568,1334
568,1369
568,1370
568,1372
568,1385
568,1386
568,1388
568,1393
568,1394
568,1396
568,1433
568,1434
568,1436
568,1449
568,1450
568,1452
568,1457
568,1458
568,1460
568,1539
568,1541
568,1542
568,1551
568,1559
568,1575
568,1611
568,1613
568,1614
568,1619
568,1621
568,1622
568,1635
568,1637
568,1638
568,1675
568,1677
568,1678
568,1683
568,1685
568,1686
568,1699
568,1701
568,1702
568,1803
568,1805
568,1806
568,1811
568,1813
568,1814
568,1827
568,1829
568,1830
571,581
571,582
571,588
571,596
571,612
571,645
571,646
571,652
571,660
571,676
571,711
571,717
571,718
571,725
571,726
571,732
571,741
571,742
571,748
571,756
571,773
571,774
571,780
571,788
571,804
571,839
571,845
571,846
571,853
571,854
571,860
571,869
571,870
571,876
571,884
571,903
571,909
571,910
571,917
571,918
571,924
571,933
571,934
571,940
571,948
571,1025
571,1026
571,1031
571,1032
571,1037
571,1038
571,1040
571,1045
571,1046
571,1052
571,1056
571,1061
571,1062
571,1068
571,1076
571,1091
571,1097
571,1098
571,1103
571,1105
571,1106
571,1111
571,1112
571,1117
571,1118
571,1121
571,1122
571,1127
571,1128
571,1133
571,1134
571,1136
571,1141
571,1142
571,1148
571,1155
571,1161
571,1162
571,1167
571,1169
571,1170
571,1175
571,1176
571,1181
571,1182
571,1185
571,1186
571,1191
571,1192
571,1197
571,1198
571,1200
571,1205
571,1206
571,1212
571,1227
571,1235
571,1241
571,1242
571,1251
571,1257
571,1258
571,1265
571,1266
571,1272
571,1283
571,1289
571,1290
571,1295
571,1297
571,1298
571,1303
571,1304
571,1309
571,1310
571,1313
571,1314
571,1319
571,1320
571,1325
571,1326
571,1328
571,1333
571,1334
571,1340
571,1355
571,1363
571,1369
571,1370
571,1379
571,1385
571,1386
571,1393
571,1394
571,1400
571,1419
571,1427
571,1433
571,1434
571,1443
571,1449
571,1450
571,1457
571,1458
571,1464
571,1541
571,1542
571,1548
571,1556
571,1572
571,1607
571,1613
571,1614
571,1621
571,1622
571,1628
571,1637
571,1638
571,1644
571,1652
571,1671
571,1677
571,1678
571,1685
571,1686
571,1692
571,1701
571,1702
571,1708
571,1716
571,1799
571,1805
571,1806
571,1813
571,1814
571,1820
571,1829
571,1830
571,1836
571,1844
573,579
573,582
573,586
573,594
573,610
573,643
573,646
573,650
573,658
573,674
573,711
573,715
573,718
573,723
573,726
573,730
573,739
573,742
573,746
573,754
573,771
573,774
573,778
573,786
573,802
573,839
573,843
573,846
573,851
573,854
573,858
573,867
573,870
573,874
573,882
573,903
573,907
573,910
573,915
573,918
573,922
573,931
573,934
573,938
573,946
573,1025
573,1028
573,1031
573,1032
573,1035
573,1038
573,1040
573,1043
573,1046
573,1050
573,1056
573,1059
573,1062
573,1066
573,1074
573,1093
573,1097
573,1100
573,1103
573,1105
573,1108
573,1111
573,1112
573,1115
573,1118
573,1121
573,1124
573,1127
573,1128
573,1131
573,1134
573,1136
573,1139
573,1142
573,1146
573,1157
573,1161
573,1164
573,1167
573,1169
573,1172
573,1175
573,1176
573,1179
573,1182
573,1185
573,1188
573,1191
573,1192
573,1195
573,1198
573,1200
573,1203
573,1206
573,1210
573,1229
573,1237
573,1241
573,1244
573,1253
573,1257
573,1260
573,1265
573,1268
573,1272
573,1285
573,1289
573,1292
573,1295
573,1297
573,1300
573,1303
573,1304
573,1307
573,1310
573,1313
573,1316
573,1319
573,1320
573,1323
573,1326
573,1328
573,1331
573,1334
573,1338
573,1357
573,1365
573,1369
573,1372
573,1381
573,1385
573,1388
573,1393
573,1396
573,1400
573,1421
573,1429
573,1433
573,1436
573,1445
573,1449
573,1452
573,1457
573,1460
573,1464
573,1539
573,1542
573,1546
573,1554
573,1570
573,1607
573,1611
573,1614
573,1619
573,1622
573,1626
573,1635
573,1638
573,1642
573,1650
573,1671
573,1675
573,1678
573,1683
573,1686
573,1690
573,1699
573,1702
573,1706
573,1714
573,1799
573,1803
573,1806
573,1811
573,1814
573,1818
573,1827
573,1830
573,1834
573,1842
574,579
574,581
574,585
574,593
574,609
574,643
574,645
574,649
574,657
574,673
574,711
574,715
574,717
574,723
574,725
574,729
574,739
574,741
574,745
574,753
574,771
574,773
574,777
574,785
574,801
574,839
574,843
574,845
574,851
574,853
574,857
574,867
574,869
574,873
574,881
574,903
574,907
574,909
574,915
574,917
574,921
574,931
574,933
574,937
574,945
574,1026
574,1028
574,1031
574,1032
574,1035
574,1037
574,1040
574,1043
574,1045
574,1049
574,1056
574,1059
574,1061
574,1065
574,1073
574,1094
574,1098
574,1100
574,1103
574,1106
574,1108
574,1111
574,1112
574,1115
574,1117
574,1122
574,1124
574,1127
574,1128
574,1131
574,1133
574,1136
574,1139
574,1141
574,1145
574,1158
574,1162
574,1164
574,1167
574,1170
574,1172
574,1175
574,1176
574,1179
574,1181
574,1186
574,1188
574,1191
574,1192
574,1195
574,1197
574,1200
574,1203
574,1205
574,1209
574,1230
574,1238
574,1242
574,1244
574,1254
574,1258
574,1260
574,1266
574,1268
574,1272
574,1286
574,1290
574,1292
574,1295
574,1298
574,1300
574,1303
574,1304
574,1307
574,1309
574,1314
574,1316
574,1319
574,1320
574,1323
574,1325
574,1328
574,1331
574,1333
574,1337
574,1358
574,1366
574,1370
574,1372
574,1382
574,1386
574,1388
574,1394
574,1396
574,1400
574,1422
574,1430
574,1434
574,1436
574,1446
574,1450
574,1452
574,1458
574,1460
574,1464
574,1539
574,1541
574,1545
574,1553
574,1569
574,1607
574,1611
574,1613
574,1619
574,1621
574,1625
574,1635
574,1637
574,1641
574,1649
574,1671
574,1675
574,1677
574,1683
574,1685
574,1689
574,1699
574,1701
574,1705
574,1713
574,1799
574,1803
574,1805
574,1811
574,1813
574,1817
574,1827
574,1829
574,1833
574,1841
579,636
579,652
579,660
579,664
579,669
579,670
579,676
579,680
579,685
579,686
579,688
579,693
579,694
579,697
579,698
579,732
579,748
579,756
579,760
579,780
579,788
579,792
579,797
579,798
579,804
579,808
579,813
579,814
579,816
579,821
579,822
579,825
579,826
579,860
579,876
579,884
579,888
579,909
579,910
579,917
579,918
579,921
579,922
579,933
579,934
579,937
579,938
579,945
579,946
579,1028
579,1032
579,1037
579,1038
579,1040
579,1045
579,1046
579,1049
579,1050
579,1055
579,1056
579,1061
579,1062
579,1065
579,1066
579,1071
579,1073
579,1074
579,1079
579,1083
579,1100
579,1108
579,1112
579,1117
579,1118
579,1124
579,1128
579,1133
579,1134
579,1136
579,1141
579,1142
579,1145
579,1146
579,1157
579,1158
579,1161
579,1162
579,1167
579,1169
579,1170
579,1175
579,1179
579,1185
579,1186
579,1191
579,1195
579,1203
579,1229
579,1230
579,1237
579,1238
579,1241
579,1242
579,1253
579,1254
579,1257
579,1258
579,1265
579,1266
579,1285
579,1286
579,1289
579,1290
579,1295
579,1297
579,1298
579,1303
579,1307
579,1313
579,1314
579,1319
579,1323
579,1331
579,1357
579,1358
579,1365
579,1366
579,1369
579,1370
579,1381
579,1382
579,1385
579,1386
579,1393
579,1394
579,1415
579,1419
579,1427
579,1443
579,1548
579,1556
579,1560
579,1565
579,1566
579,1572
579,1576
579,1581
579,1582
579,1584
579,1589
579,1590
579,1593
579,1594
579,1628
579,1644
579,1652
579,1656
579,1677
579,1678
579,1685
579,1686
579,1689
579,1690
579,1701
579,1702
579,1705
579,1706
579,1713
579,1714
579,1805
579,1806
579,1813
579,1814
579,1817
579,1818
579,1829
579,1830
579,1833
579,1834
579,1841
579,1842
581,634
581,650
581,658
581,664
581,667
581,670
581,674
581,680
581,683
581,686
581,688
581,691
581,694
581,697
581,700
581,730
581,746
581,754
581,760
581,778
581,786
581,792
581,795
581,798
581,802
581,808
581,811
581,814
581,816
581,819
581,822
581,825
581,828
581,858
581,874
581,882
581,888
581,907
581,910
581,915
581,918
581,921
581,924
581,931
581,934
581,937
581,940
581,945
581,948
581,1026
581,1032
581,1035
581,1038
581,1040
581,1043
581,1046
581,1049
581,1052
581,1055
581,1056
581,1059
581,1062
581,1065
581,1068
581,1071
581,1073
581,1076
581,1079
581,1085
581,1098
581,1106
581,1112
581,1115
581,1118
581,1122
581,1128
581,1131
581,1134
581,1136
581,1139
581,1142
581,1145
581,1148
581,1155
581,1158
581,1161
581,1164
581,1167
581,1169
581,1172
581,1175
581,1181
581,1185
581,1188
581,1191
581,1197
581,1205
581,1227
581,1230
581,1235
581,1238
581,1241
581,1244
581,1251
581,1254
581,1257
581,1260
581,1265
581,1268
581,1283
581,1286
581,1289
581,1292
581,1295
581,1297
581,1300
581,1303
581,1309
581,1313
581,1316
581,1319
581,1325
581,1333
581,1355
581,1358
581,1363
581,1366
581,1369
581,1372
581,1379
581,1382
581,1385
581,1388
581,1393
581,1396
581,1415
581,1421
581,1429
581,1445
581,1546
581,1554
581,1560
581,1563
581,1566
581,1570
581,1576
581,1579
581,1582
581,1584
581,1587
581,1590
581,1593
581,1596
581,1626
581,1642
581,1650
581,1656
581,1675
581,1678
581,1683
581,1686
581,1689
581,1692
581,1699
581,1702
581,1705
581,1708
581,1713
581,1716
581,1803
581,1806
581,1811
581,1814
581,1817
581,1820
581,1827
581,1830
581,1833
581,1836
581,1841
581,1844
582,633
582,649
582,657
582,664
582,667
582,669
582,673
582,680
582,683
582,685
582,688
582,691
582,693
582,698
582,700
582,729
582,745
582,753
582,760
582,777
582,785
582,792
582,795
582,797
582,801
582,808
582,811
582,813
582,816
582,819
582,821
582,826
582,828
582,857
582,873
582,881
582,888
582,907
582,909
582,915
582,917
582,922
582,924
582,931
582,933
582,938
582,940
582,946
582,948
582,1025
582,1032
582,1035
582,1037
582,1040
582,1043
582,1045
582,1050
582,1052
582,1055
582,1056
582,1059
582,1061
582,1066
582,1068
582,1071
582,1074
582,1076
582,1079
582,1086
582,1097
582,1105
582,1112
582,1115
582,1117
582,1121
582,1128
582,1131
582,1133
582,1136
582,1139
582,1141
582,1146
582,1148
582,1155
582,1157
582,1162
582,1164
582,1167
582,1170
582,1172
582,1175
582,1182
582,1186
582,1188
582,1191
582,1198
582,1206
582,1227
582,1229
582,1235
582,1237
582,1242
582,1244
582,1251
582,1253
582,1258
582,1260
582,1266
582,1268
582,1283
582,1285
582,1290
582,1292
582,1295
582,1298
582,1300
582,1303
582,1310
582,1314
582,1316
582,1319
582,1326
582,1334
582,1355
582,1357
582,1363
582,1365
582,1370
582,1372
582,1379
582,1381
582,1386
582,1388
582,1394
582,1396
582,1415
582,1422
582,1430
582,1446
582,1545
582,1553
582,1560
582,1563
582,1565
582,1569
582,1576
582,1579
582,1581
582,1584
582,1587
582,1589
582,1594
582,1596
582,1625
582,1641
582,1649
582,1656
582,1675
582,1677
582,1683
582,1685
582,1690
582,1692
582,1699
582,1701
582,1706
582,1708
582,1714
582,1716
582,1803
582,1805
582,1811
582,1813
582,1818
582,1820
582,1827
582,1829
582,1834
582,1836
582,1842
582,1844
585,630
585,646
585,658
585,660
585,663
585,670
585,674
585,676
585,679
585,686
585,688
585,691
585,693
585,698
585,700
585,726
585,742
585,754
585,756
585,774
585,786
585,788
585,791
585,798
585,802
585,804
585,807
585,814
585,816
585,819
585,821
585,826
585,828
585,854
585,870
585,882
585,884
585,903
585,910
585,915
585,917
585,922
585,924
585,931
585,933
585,938
585,940
585,945
585,952
585,1026
585,1028
585,1031
585,1038
585,1040
585,1043
585,1045
585,1050
585,1052
585,1055
585,1056
585,1059
585,1061
585,1066
585,1068
585,1071
585,1073
585,1080
585,1083
585,1085
585,1094
585,1106
585,1108
585,1111
585,1118
585,1122
585,1124
585,1127
585,1134
585,1136
585,1139
585,1141
585,1146
585,1148
585,1155
585,1157
585,1162
585,1164
585,1167
585,1169
585,1176
585,1179
585,1181
585,1185
585,1192
585,1195
585,1197
585,1209
585,1223
585,1230
585,1235
585,1237
585,1242
585,1244
585,1251
585,1253
585,1258
585,1260
585,1265
585,1272
585,1283
585,1285
585,1290
585,1292
585,1295
585,1297
585,1304
585,1307
585,1309
585,1313
585,1320
585,1323
585,1325
585,1337
585,1351
585,1358
585,1363
585,1365
585,1370
585,1372
585,1379
585,1381
585,1386
585,1388
585,1393
585,1400
585,1419
585,1421
585,1433
585,1449
585,1542
585,1554
585,1556
585,1559
585,1566
585,1570
585,1572
585,1575
585,1582
585,1584
585,1587
585,1589
585,1594
585,1596
585,1622
585,1638
585,1650
585,1652
585,1671
585,1678
585,1683
585,1685
585,1690
585,1692
585,1699
585,1701
585,1706
585,1708
585,1713
585,1720
585,1799
585,1806
585,1811
585,1813
585,1818
585,1820
585,1827
585,1829
585,1834
585,1836
585,1841
585,1848
586,629
586,645
586,657
586,660
586,663
586,669
586,673
586,676
586,679
586,685
586,688
586,691
586,694
586,697
586,700
586,725
586,741
586,753
586,756
586,773
586,785
586,788
586,791
586,797
586,801
586,804
586,807
586,813
586,816
586,819
586,822
586,825
586,828
586,853
586,869
586,881
586,884
586,903
586,909
586,915
586,918
586,921
586,924
586,931
586,934
586,937
586,940
586,946
586,952
586,1025
586,1028
586,1031
586,1037
586,1040
586,1043
586,1046
586,1049
586,1052
586,1055
586,1056
586,1059
586,1062
586,1065
586,1068
586,1071
586,1074
586,1080
586,1083
586,1086
586,1093
586,1105
586,1108
586,1111
586,1117
586,1121
586,1124
586,1127
586,1133
586,1136
586,1139
586,1142
586,1145
586,1148
586,1155
586,1158
586,1161
586,1164
586,1167
586,1170
586,1176
586,1179
586,1182
586,1186
586,1192
586,1195
586,1198
586,1210
586,1223
586,1229
586,1235
586,1238
586,1241
586,1244
586,1251
586,1254
586,1257
586,1260
586,1266
586,1272
586,1283
586,1286
586,1289
586,1292
586,1295
586,1298
586,1304
586,1307
586,1310
586,1314
586,1320
586,1323
586,1326
586,1338
586,1351
586,1357
586,1363
586,1366
586,1369
586,1372
586,1379
586,1382
586,1385
586,1388
586,1394
586,1400
586,1419
586,1422
586,1434
586,1450
586,1541
586,1553
586,1556
586,1559
586,1565
586,1569
586,1572
586,1575
586,1581
586,1584
586,1587
586,1590
586,1593
586,1596
586,1621
586,1637
586,1649
586,1652
586,1671
586,1677
586,1683
586,1686
586,1689
586,1692
586,1699
586,1702
586,1705
586,1708
586,1714
586,1720
586,1799
586,1805
586,1811
586,1814
586,1817
586,1820
586,1827
586,1830
586,1833
586,1836
586,1842
586,1848
588,627
588,643
588,657
588,658
588,663
588,667
588,673
588,674
588,679
588,683
588,688
588,693
588,694
588,697
588,698
588,723
588,739
588,753
588,754
588,771
588,785
588,786
588,791
588,795
588,801
588,802
588,807
588,811
588,816
588,821
588,822
588,825
588,826
588,851
588,867
588,881
588,882
588,903
588,907
588,917
588,918
588,921
588,922
588,933
588,934
588,937
588,938
588,948
588,952
588,1025
588,1026
588,1031
588,1035
588,1040
588,1045
588,1046
588,1049
588,1050
588,1055
588,1056
588,1061
588,1062
588,1065
588,1066
588,1071
588,1076
588,1080
588,1085
588,1086
588,1091
588,1105
588,1106
588,1111
588,1115
588,1121
588,1122
588,1127
588,1131
588,1136
588,1141
588,1142
588,1145
588,1146
588,1157
588,1158
588,1161
588,1162
588,1167
588,1172
588,1176
588,1181
588,1182
588,1188
588,1192
588,1197
588,1198
588,1212
588,1223
588,1227
588,1237
588,1238
588,1241
588,1242
588,1253
588,1254
588,1257
588,1258
588,1268
588,1272
588,1285
588,1286
588,1289
588,1290
588,1295
588,1300
588,1304
588,1309
588,1310
588,1316
588,1320
588,1325
588,1326
588,1340
588,1351
588,1355
588,1365
588,1366
588,1369
588,1370
588,1381
588,1382
588,1385
588,1386
588,1396
588,1400
588,1421
588,1422
588,1436
588,1452
588,1539
588,1553
588,1554
588,1559
588,1563
588,1569
588,1570
588,1575
588,1579
588,1584
588,1589
588,1590
588,1593
588,1594
588,1619
588,1635
588,1649
588,1650
588,1671
588,1675
588,1685
588,1686
588,1689
588,1690
588,1701
588,1702
588,1705
588,1706
588,1716
588,1720
588,1799
588,1803
588,1813
588,1814
588,1817
588,1818
588,1829
588,1830
588,1833
588,1834
588,1844
588,1848
591,624
591,657
591,658
591,660
591,664
591,673
591,674
591,676
591,680
591,691
591,693
591,694
591,697
591,698
591,700
591,753
591,754
591,756
591,760
591,785
591,786
591,788
591,792
591,801
591,802
591,804
591,808
591,819
591,821
591,822
591,825
591,826
591,828
591,881
591,882
591,884
591,888
591,915
591,917
591,918
591,921
591,922
591,924
591,931
591,933
591,934
591,937
591,938
591,940
591,1025
591,1026
591,1028
591,1032
591,1043
591,1045
591,1046
591,1049
591,1050
591,1052
591,1059
591,1061
591,1062
591,1065
591,1066
591,1068
591,1079
591,1083
591,1085
591,1086
591,1105
591,1106
591,1108
591,1112
591,1121
591,1122
591,1124
591,1128
591,1139
591,1141
591,1142
591,1145
591,1146
591,1148
591,1155
591,1157
591,1158
591,1161
591,1162
591,1164
591,1175
591,1179
591,1181
591,1182
591,1191
591,1195
591,1197
591,1198
591,1235
591,1237
591,1238
591,1241
591,1242
591,1244
591,1251
591,1253
591,1254
591,1257
591,1258
591,1260
591,1283
591,1285
591,1286
591,1289
591,1290
591,1292
591,1303
591,1307
591,1309
591,1310
591,1319
591,1323
591,1325
591,1326
591,1363
591,1365
591,1366
591,1369
591,1370
591,1372
591,1379
591,1381
591,1382
591,1385
591,1386
591,1388
591,1415
591,1419
591,1421
591,1422
591,1553
591,1554
591,1556
591,1560
591,1569
591,1570
591,1572
591,1576
591,1587
591,1589
591,1590
591,1593
591,1594
591,1596
591,1649
591,1650
591,1652
591,1656
591,1683
591,1685
591,1686
591,1689
591,1690
591,1692
591,1699
591,1701
591,1702
591,1705
591,1706
591,1708
591,1811
591,1813
591,1814
591,1817
591,1818
591,1820
591,1827
591,1829
591,1830
591,1833
591,1834
591,1836
593,622
593,646
593,650
593,652
593,655
593,670
593,674
593,676
593,679
593,680
593,683
593,685
593,694
593,698
593,700
593,718
593,742
593,746
593,748
593,774
593,778
593,780
593,783
593,798
593,802
593,804
593,807
593,808
593,811
593,813
593,822
593,826
593,828
593,846
593,870
593,874
593,876
593,903
593,907
593,909
593,918
593,922
593,924
593,931
593,933
593,937
593,946
593,948
593,952
593,1026
593,1028
593,1031
593,1032
593,1035
593,1037
593,1046
593,1050
593,1052
593,1055
593,1056
593,1059
593,1061
593,1065
593,1074
593,1076
593,1079
593,1080
593,1083
593,1085
593,1094
593,1098
593,1100
593,1103
593,1118
593,1122
593,1124
593,1127
593,1128
593,1131
593,1133
593,1142
593,1146
593,1148
593,1155
593,1157
593,1161
593,1170
593,1172
593,1175
593,1176
593,1179
593,1181
593,1185
593,1200
593,1203
593,1205
593,1209
593,1223
593,1227
593,1229
593,1238
593,1242
593,1244
593,1251
593,1253
593,1257
593,1266
593,1268
593,1272
593,1283
593,1285
593,1289
593,1298
593,1300
593,1303
593,1304
593,1307
593,1309
593,1313
593,1328
593,1331
593,1333
593,1337
593,1351
593,1355
593,1357
593,1366
593,1370
593,1372
593,1379
593,1381
593,1385
593,1394
593,1396
593,1400
593,1427
593,1429
593,1433
593,1457
593,1542
593,1546
593,1548
593,1551
593,1566
593,1570
593,1572
593,1575
593,1576
593,1579
593,1581
593,1590
593,1594
593,1596
593,1614
593,1638
593,1642
593,1644
593,1671
593,1675
593,1677
593,1686
593,1690
593,1692
593,1699
593,1701
593,1705
593,1714
593,1716
593,1720
593,1799
593,1803
593,1805
593,1814
593,1818
593,1820
593,1827
593,1829
593,1833
593,1842
593,1844
593,1848
594,621
594,645
594,649
594,652
594,655
594,669
594,673
594,676
594,679
594,680
594,683
594,686
594,693
594,697
594,700
594,717
594,741
594,745
594,748
594,773
594,777
594,780
594,783
594,797
594,801
594,804
594,807
594,808
594,811
594,814
594,821
594,825
594,828
594,845
594,869
594,873
594,876
594,903
594,907
594,910
594,917
594,921
594,924
594,931
594,934
594,938
594,945
594,948
594,952
594,1025
594,1028
594,1031
594,1032
594,1035
594,1038
594,1045
594,1049
594,1052
594,1055
594,1056
594,1059
594,1062
594,1066
594,1073
594,1076
594,1079
594,1080
594,1083
594,1086
594,1093
594,1097
594,1100
594,1103
594,1117
594,1121
594,1124
594,1127
594,1128
594,1131
594,1134
594,1141
594,1145
594,1148
594,1155
594,1158
594,1162
594,1169
594,1172
594,1175
594,1176
594,1179
594,1182
594,1186
594,1200
594,1203
594,1206
594,1210
594,1223
594,1227
594,1230
594,1237
594,1241
594,1244
594,1251
594,1254
594,1258
594,1265
594,1268
594,1272
594,1283
594,1286
594,1290
594,1297
594,1300
594,1303
594,1304
594,1307
594,1310
594,1314
594,1328
594,1331
594,1334
594,1338
594,1351
594,1355
594,1358
594,1365
594,1369
594,1372
594,1379
594,1382
594,1386
594,1393
594,1396
594,1400
594,1427
594,1430
594,1434
594,1458
594,1541
594,1545
594,1548
594,1551
594,1565
594,1569
594,1572
594,1575
594,1576
594,1579
594,1582
594,1589
594,1593
594,1596
594,1613
594,1637
594,1641
594,1644
594,1671
594,1675
594,1678
594,1685
594,1689
594,1692
594,1699
594,1702
594,1706
594,1713
594,1716
594,1720
594,1799
594,1803
594,1806
594,1813
594,1817
594,1820
594,1827
594,1830
594,1834
594,1841
594,1844
594,1848
596,619
596,643
596,649
596,650
596,655
596,667
596,673
596,674
596,679
596,680
596,685
596,686
596,691
596,697
596,698
596,715
596,739
596,745
596,746
596,771
596,777
596,778
596,783
596,795
596,801
596,802
596,807
596,808
596,813
596,814
596,819
596,825
596,826
596,843
596,867
596,873
596,874
596,903
596,909
596,910
596,915
596,921
596,922
596,933
596,934
596,940
596,945
596,946
596,952
596,1025
596,1026
596,1031
596,1032
596,1037
596,1038
596,1043
596,1049
596,1050
596,1055
596,1056
596,1061
596,1062
596,1068
596,1073
596,1074
596,1079
596,1080
596,1085
596,1086
596,1091
596,1097
596,1098
596,1103
596,1115
596,1121
596,1122
596,1127
596,1128
596,1133
596,1134
596,1139
596,1145
596,1146
596,1157
596,1158
596,1164
596,1169
596,1170
596,1175
596,1176
596,1181
596,1182
596,1188
596,1200
596,1205
596,1206
596,1212
596,1223
596,1229
596,1230
596,1235
596,1241
596,1242
596,1253
596,1254
596,1260
596,1265
596,1266
596,1272
596,1285
596,1286
596,1292
596,1297
596,1298
596,1303
596,1304
596,1309
596,1310
596,1316
596,1328
596,1333
596,1334
596,1340
596,1351
596,1357
596,1358
596,1363
596,1369
596,1370
596,1381
596,1382
596,1388
596,1393
596,1394
596,1400
596,1429
596,1430
596,1436
596,1460
596,1539
596,1545
596,1546
596,1551
596,1563
596,1569
596,1570
596,1575
596,1576
596,1581
596,1582
596,1587
596,1593
596,1594
596,1611
596,1635
596,1641
596,1642
596,1671
596,1677
596,1678
596,1683
596,1689
596,1690
596,1701
596,1702
596,1708
596,1713
596,1714
596,1720
596,1799
596,1805
596,1806
596,1811
596,1817
596,1818
596,1829
596,1830
596,1836
596,1841
596,1842
596,1848
599,616
599,649
599,650
599,652
599,664
599,673
599,674
599,676
599,683
599,685
599,686
599,688
599,697
599,698
599,700
599,745
599,746
599,748
599,760
599,777
599,778
599,780
599,792
599,801
599,802
599,804
599,811
599,813
599,814
599,816
599,825
599,826
599,828
599,873
599,874
599,876
599,888
599,907
599,909
599,910
599,921
599,922
599,924
599,931
599,933
599,934
599,945
599,946
599,948
599,1025
599,1026
599,1028
599,1035
599,1037
599,1038
599,1040
599,1049
599,1050
599,1052
599,1059
599,1061
599,1062
599,1071
599,1073
599,1074
599,1076
599,1083
599,1085
599,1086
599,1097
599,1098
599,1100
599,1112
599,1121
599,1122
599,1124
599,1131
599,1133
599,1134
599,1136
599,1145
599,1146
599,1148
599,1155
599,1157
599,1158
599,1167
599,1169
599,1170
599,1172
599,1179
599,1181
599,1182
599,1191
599,1203
599,1205
599,1206
599,1227
599,1229
599,1230
599,1241
599,1242
599,1244
599,1251
599,1253
599,1254
599,1265
599,1266
599,1268
599,1283
599,1285
599,1286
599,1295
599,1297
599,1298
599,1300
599,1307
599,1309
599,1310
599,1319
599,1331
599,1333
599,1334
599,1355
599,1357
599,1358
599,1369
599,1370
599,1372
599,1379
599,1381
599,1382
599,1393
599,1394
599,1396
599,1415
599,1427
599,1429
599,1430
599,1545
599,1546
599,1548
599,1560
599,1569
599,1570
599,1572
599,1579
599,1581
599,1582
599,1584
599,1593
599,1594
599,1596
599,1641
599,1642
599,1644
599,1656
599,1675
599,1677
599,1678
599,1689
599,1690
599,1692
599,1699
599,1701
599,1702
599,1713
599,1714
599,1716
599,1803
599,1805
599,1806
599,1817
599,1818
599,1820
599,1827
599,1829
599,1830
599,1841
599,1842
599,1844
600,615
600,643
600,645
600,646
600,655
600,663
600,673
600,674
600,676
600,683
600,685
600,686
600,691
600,693
600,694
600,711
600,739
600,741
600,742
600,771
600,773
600,774
600,783
600,791
600,801
600,802
600,804
600,811
600,813
600,814
600,819
600,821
600,822
600,839
600,867
600,869
600,870
600,907
600,909
600,910
600,915
600,917
600,918
600,937
600,938
600,940
600,945
600,946
600,948
600,1025
600,1026
600,1028
600,1035
600,1037
600,1038
600,1043
600,1045
600,1046
600,1055
600,1056
600,1065
600,1066
600,1068
600,1073
600,1074
600,1076
600,1083
600,1085
600,1086
600,1091
600,1093
600,1094
600,1103
600,1111
600,1121
600,1122
600,1124
600,1131
600,1133
600,1134
600,1139
600,1141
600,1142
600,1161
600,1162
600,1164
600,1169
600,1170
600,1172
600,1179
600,1181
600,1182
600,1192
600,1200
600,1209
600,1210
600,1212
600,1227
600,1229
600,1230
600,1235
600,1237
600,1238
600,1257
600,1258
600,1260
600,1265
600,1266
600,1268
600,1289
600,1290
600,1292
600,1297
600,1298
600,1300
600,1307
600,1309
600,1310
600,1320
600,1328
600,1337
600,1338
600,1340
600,1355
600,1357
600,1358
600,1363
600,1365
600,1366
600,1385
600,1386
600,1388
600,1393
600,1394
600,1396
600,1433
600,1434
600,1436
600,1464
600,1539
600,1541
600,1542
600,1551
600,1559
600,1569
600,1570
600,1572
600,1579
600,1581
600,1582
600,1587
600,1589
600,1590
600,1607
600,1635
600,1637
600,1638
600,1675
600,1677
600,1678
600,1683
600,1685
600,1686
600,1705
600,1706
600,1708
600,1713
600,1714
600,1716
600,1803
600,1805
600,1806
600,1811
600,1813
600,1814
600,1833
600,1834
600,1836
600,1841
600,1842
600,1844
603,612
603,645
603,646
603,652
603,660
603,673
603,674
603,679
603,680
603,685
603,686
603,688
603,693
603,694
603,700
603,741
603,742
603,748
603,756
603,773
603,774
603,780
603,788
603,801
603,802
603,807
603,808
603,813
603,814
603,816
603,821
603,822
603,828
603,869
603,870
603,876
603,884
603,903
603,909
603,910
603,917
603,918
603,924
603,931
603,937
603,938
603,945
603,946
603,952
603,1025
603,1026
603,1031
603,1032
603,1037
603,1038
603,1040
603,1045
603,1046
603,1052
603,1059
603,1065
603,1066
603,1071
603,1073
603,1074
603,1079
603,1080
603,1085
603,1086
603,1093
603,1094
603,1100
603,1108
603,1121
603,1122
603,1127
603,1128
603,1133
603,1134
603,1136
603,1141
603,1142
603,1148
603,1155
603,1161
603,1162
603,1167
603,1169
603,1170
603,1175
603,1176
603,1181
603,1182
603,1195
603,1203
603,1209
603,1210
603,1223
603,1229
603,1230
603,1237
603,1238
603,1244
603,1251
603,1257
603,1258
603,1265
603,1266
603,1272
603,1283
603,1289
603,1290
603,1295
603,1297
603,1298
603,1303
603,1304
603,1309
603,1310
603,1323
603,1331
603,1337
603,1338
603,1351
603,1357
603,1358
603,1365
603,1366
603,1372
603,1379
603,1385
603,1386
603,1393
603,1394
603,1400
603,1419
603,1427
603,1433
603,1434
603,1541
603,1542
603,1548
603,1556
603,1569
603,1570
603,1575
603,1576
603,1581
603,1582
603,1584
603,1589
603,1590
603,1596
603,1637
603,1638
603,1644
603,1652
603,1671
603,1677
603,1678
603,1685
603,1686
603,1692
603,1699
603,1705
603,1706
603,1713
603,1714
603,1720
603,1799
603,1805
603,1806
603,1813
603,1814
603,1820
603,1827
603,1833
603,1834
603,1841
603,1842
603,1848
605,610
605,643
605,646
605,650
605,658
605,673
605,676
605,679
605,680
605,683
605,686
605,688
605,691
605,694
605,698
605,739
605,742
605,746
605,754
605,771
605,774
605,778
605,786
605,801
605,804
605,807
605,808
605,811
605,814
605,816
605,819
605,822
605,826
605,867
605,870
605,874
605,882
605,903
605,907
605,910
605,915
605,918
605,922
605,933
605,937
605,940
605,945
605,948
605,952
605,1025
605,1028
605,1031
605,1032
605,1035
605,1038
605,1040
605,1043
605,1046
605,1050
605,1061
605,1065
605,1068
605,1071
605,1073
605,1076
605,1079
605,1080
605,1083
605,1086
605,1091
605,1094
605,1098
605,1106
605,1121
605,1124
605,1127
605,1128
605,1131
605,1134
605,1136
605,1139
605,1142
605,1146
605,1157
605,1161
605,1164
605,1167
605,1169
605,1172
605,1175
605,1176
605,1179
605,1182
605,1197
605,1205
605,1209
605,1212
605,1223
605,1227
605,1230
605,1235
605,1238
605,1242
605,1253
605,1257
605,1260
605,1265
605,1268
605,1272
605,1285
605,1289
605,1292
605,1295
605,1297
605,1300
605,1303
605,1304
605,1307
605,1310
605,1325
605,1333
605,1337
605,1340
605,1351
605,1355
605,1358
605,1363
605,1366
605,1370
605,1381
605,1385
605,1388
605,1393
605,1396
605,1400
605,1421
605,1429
605,1433
605,1436
605,1539
605,1542
605,1546
605,1554
605,1569
605,1572
605,1575
605,1576
605,1579
605,1582
605,1584
605,1587
605,1590
605,1594
605,1635
605,1638
605,1642
605,1650
605,1671
605,1675
605,1678
605,1683
605,1686
605,1690
605,1701
605,1705
605,1708
605,1713
605,1716
605,1720
605,1799
605,1803
605,1806
605,1811
605,1814
605,1818
605,1829
605,1833
605,1836
605,1841
605,1844
605,1848
606,609
606,643
606,645
606,649
606,657
606,674
606,676
606,679
606,680
606,683
606,685
606,688
606,691
606,693
606,697
606,739
606,741
606,745
606,753
606,771
606,773
606,777
606,785
606,802
606,804
606,807
606,808
606,811
606,813
606,816
606,819
606,821
606,825
606,867
606,869
606,873
606,881
606,903
606,907
606,909
606,915
606,917
606,921
606,934
606,938
606,940
606,946
606,948
606,952
606,1026
606,1028
606,1031
606,1032
606,1035
606,1037
606,1040
606,1043
606,1045
606,1049
606,1062
606,1066
606,1068
606,1071
606,1074
606,1076
606,1079
606,1080
606,1083
606,1085
606,1091
606,1093
606,1097
606,1105
606,1122
606,1124
606,1127
606,1128
606,1131
606,1133
606,1136
606,1139
606,1141
606,1145
606,1158
606,1162
606,1164
606,1167
606,1170
606,1172
606,1175
606,1176
606,1179
606,1181
606,1198
606,1206
606,1210
606,1212
606,1223
606,1227
606,1229
606,1235
606,1237
606,1241
606,1254
606,1258
606,1260
606,1266
606,1268
606,1272
606,1286
606,1290
606,1292
606,1295
606,1298
606,1300
606,1303
606,1304
606,1307
606,1309
606,1326
606,1334
606,1338
606,1340
606,1351
606,1355
606,1357
606,1363
606,1365
606,1369
606,1382
606,1386
606,1388
606,1394
606,1396
606,1400
606,1422
606,1430
606,1434
606,1436
606,1539
606,1541
606,1545
606,1553
606,1570
606,1572
606,1575
606,1576
606,1579
606,1581
606,1584
606,1587
606,1589
606,1593
606,1635
606,1637
606,1641
606,1649
606,1671
606,1675
606,1677
606,1683
606,1685
606,1689
606,1702
606,1706
606,1708
606,1714
606,1716
606,1720
606,1799
606,1803
606,1805
606,1811
606,1813
606,1817
606,1830
606,1834
606,1836
606,1842
606,1844
606,1848
609,646
609,650
609,652
609,655
609,658
609,660
609,663
609,664
609,667
609,669
609,686
609,694
609,698
609,700
609,718
609,726
609,730
609,732
609,774
609,778
609,780
609,783
609,786
609,788
609,791
609,792
609,795
609,797
609,814
609,822
609,826
609,828
609,846
609,854
609,858
609,860
609,903
609,907
609,909
609,915
609,917
609,921
609,934
609,938
609,940
609,946
609,948
609,952
609,1026
609,1028
609,1031
609,1032
609,1035
609,1037
609,1040
609,1043
609,1045
609,1049
609,1062
609,1066
609,1068
609,1071
609,1074
609,1076
609,1079
609,1080
609,1083
609,1085
609,1094
609,1098
609,1100
609,1103
609,1106
609,1108
609,1111
609,1112
609,1115
609,1117
609,1134
609,1142
609,1146
609,1148
609,1155
609,1157
609,1161
609,1169
609,1186
609,1188
609,1191
609,1192
609,1195
609,1197
609,1200
609,1203
609,1205
609,1209
609,1223
609,1227
609,1229
609,1235
609,1237
609,1241
609,1254
609,1258
609,1260
609,1266
609,1268
609,1272
609,1283
609,1285
609,1289
609,1297
609,1314
609,1316
609,1319
609,1320
609,1323
609,1325
609,1328
609,1331
609,1333
609,1337
609,1351
609,1355
609,1357
609,1363
609,1365
609,1369
609,1382
609,1386
609,1388
609,1394
609,1396
609,1400
609,1443
609,1445
609,1449
609,1457
609,1542
609,1546
609,1548
609,1551
609,1554
609,1556
609,1559
609,1560
609,1563
609,1565
609,1582
609,1590
609,1594
609,1596
609,1614
609,1622
609,1626
609,1628
609,1671
609,1675
609,1677
609,1683
609,1685
609,1689
609,1702
609,1706
609,1708
609,1714
609,1716
609,1720
609,1799
609,1803
609,1805
609,1811
609,1813
609,1817
609,1830
609,1834
609,1836
609,1842
609,1844
609,1848
610,645
610,649
610,652
610,655
610,657
610,660
610,663
610,664
610,667
610,670
610,685
610,693
610,697
610,700
610,717
610,725
610,729
610,732
610,773
610,777
610,780
610,783
610,785
610,788
610,791
610,792
610,795
610,798
610,813
610,821
610,825
610,828
610,845
610,853
610,857
610,860
610,903
610,907
610,910
610,915
610,918
610,922
610,933
610,937
610,940
610,945
610,948
610,952
610,1025
610,1028
610,1031
610,1032
610,1035
610,1038
610,1040
610,1043
610,1046
610,1050
610,1061
610,1065
610,1068
610,1071
610,1073
610,1076
610,1079
610,1080
610,1083
610,1086
610,1093
610,1097
610,1100
610,1103
610,1105
610,1108
610,1111
610,1112
610,1115
610,1118
610,1133
610,1141
610,1145
610,1148
610,1155
610,1158
610,1162
610,1170
610,1185
610,1188
610,1191
610,1192
610,1195
610,1198
610,1200
610,1203
610,1206
610,1210
610,1223
610,1227
610,1230
610,1235
610,1238
610,1242
610,1253
610,1257
610,1260
610,1265
610,1268
610,1272
610,1283
610,1286
610,1290
610,1298
610,1313
610,1316
610,1319
610,1320
610,1323
610,1326
610,1328
610,1331
610,1334
610,1338
610,1351
610,1355
610,1358
610,1363
610,1366
610,1370
610,1381
610,1385
610,1388
610,1393
610,1396
610,1400
610,1443
610,1446
610,1450
610,1458
610,1541
610,1545
610,1548
610,1551
610,1553
610,1556
610,1559
610,1560
610,1563
610,1566
610,1581
610,1589
610,1593
610,1596
610,1613
610,1621
610,1625
610,1628
610,1671
610,1675
610,1678
610,1683
610,1686
610,1690
610,1701
610,1705
610,1708
610,1713
610,1716
610,1720
610,1799
610,1803
610,1806
610,1811
610,1814
610,1818
610,1829
610,1833
610,1836
610,1841
610,1844
610,1848
612,643
612,649
612,650
612,655
612,657
612,658
612,663
612,664
612,669
612,670
612,683
612,691
612,697
612,698
612,715
612,723
612,729
612,730
612,771
612,777
612,778
612,783
612,785
612,786
612,791
612,792
612,797
612,798
612,811
612,819
612,825
612,826
612,843
612,851
612,857
612,858
612,903
612,909
612,910
612,917
612,918
612,924
612,931
612,937
612,938
612,945
612,946
612,952
612,1025
612,1026
612,1031
612,1032
612,1037
612,1038
612,1040
612,1045
612,1046
612,1052
612,1059
612,1065
612,1066
612,1071
612,1073
612,1074
612,1079
612,1080
612,1085
612,1086
612,1091
612,1097
612,1098
612,1103
612,1105
612,1106
612,1111
612,1112
612,1117
612,1118
612,1131
612,1139
612,1145
612,1146
612,1157
612,1158
612,1164
612,1172
612,1185
612,1186
612,1191
612,1192
612,1197
612,1198
612,1200
612,1205
612,1206
612,1212
612,1223
612,1229
612,1230
612,1237
612,1238
612,1244
612,1251
612,1257
612,1258
612,1265
612,1266
612,1272
612,1285
612,1286
612,1292
612,1300
612,1313
612,1314
612,1319
612,1320
612,1325
612,1326
612,1328
612,1333
612,1334
612,1340
612,1351
612,1357
612,1358
612,1365
612,1366
612,1372
612,1379
612,1385
612,1386
612,1393
612,1394
612,1400
612,1445
612,1446
612,1452
612,1460
612,1539
612,1545
612,1546
612,1551
612,1553
612,1554
612,1559
612,1560
612,1565
612,1566
612,1579
612,1587
612,1593
612,1594
612,1611
612,1619
612,1625
612,1626
612,1671
612,1677
612,1678
612,1685
612,1686
612,1692
612,1699
612,1705
612,1706
612,1713
612,1714
612,1720
612,1799
612,1805
612,1806
612,1813
612,1814
612,1820
612,1827
612,1833
612,1834
612,1841
612,1842
612,1848
615,649
615,650
615,652
615,657
615,658
615,660
615,667
615,669
615,670
615,680
615,688
615,697
615,698
615,700
615,729
615,730
615,732
615,760
615,777
615,778
615,780
615,785
615,786
615,788
615,795
615,797
615,798
615,808
615,816
615,825
615,826
615,828
615,857
615,858
615,860
615,888
615,907
615,909
615,910
615,915
615,917
615,918
615,937
615,938
615,940
615,945
615,946
615,948
615,1025
615,1026
615,1028
615,1035
615,1037
615,1038
615,1043
615,1045
615,1046
615,1055
615,1056
615,1065
615,1066
615,1068
615,1073
615,1074
615,1076
615,1083
615,1085
615,1086
615,1097
615,1098
615,1100
615,1105
615,1106
615,1108
615,1115
615,1117
615,1118
615,1128
615,1136
615,1145
615,1146
615,1148
615,1155
615,1157
615,1158
615,1167
615,1175
615,1185
615,1186
615,1188
615,1195
615,1197
615,1198
615,1203
615,1205
615,1206
615,1227
615,1229
615,1230
615,1235
615,1237
615,1238
615,1257
615,1258
615,1260
615,1265
615,1266
615,1268
615,1283
615,1285
615,1286
615,1295
615,1303
615,1313
615,1314
615,1316
615,1323
615,1325
615,1326
615,1331
615,1333
615,1334
615,1355
615,1357
615,1358
615,1363
615,1365
615,1366
615,1385
615,1386
615,1388
615,1393
615,1394
615,1396
615,1415
615,1443
615,1445
615,1446
615,1545
615,1546
615,1548
615,1553
615,1554
615,1556
615,1563
615,1565
615,1566
615,1576
615,1584
615,1593
615,1594
615,1596
615,1625
615,1626
615,1628
615,1656
615,1675
615,1677
615,1678
615,1683
615,1685
615,1686
615,1705
615,1706
615,1708
615,1713
615,1714
615,1716
615,1803
615,1805
615,1806
615,1811
615,1813
615,1814
615,1833
615,1834
615,1836
615,1841
615,1842
615,1844
616,643
616,645
616,646
616,655
616,657
616,658
616,660
616,667
616,669
616,670
616,679
616,691
616,693
616,694
616,711
616,723
616,725
616,726
616,771
616,773
616,774
616,783
616,785
616,786
616,788
616,795
616,797
616,798
616,807
616,819
616,821
616,822
616,839
616,851
616,853
616,854
616,907
616,909
616,910
616,921
616,922
616,924
616,931
616,933
616,934
616,945
616,946
616,948
616,1025
616,1026
616,1028
616,1035
616,1037
616,1038
616,1040
616,1049
616,1050
616,1052
616,1059
616,1061
616,1062
616,1071
616,1073
616,1074
616,1076
616,1083
616,1085
616,1086
616,1091
616,1093
616,1094
616,1103
616,1105
616,1106
616,1108
616,1115
616,1117
616,1118
616,1127
616,1139
616,1141
616,1142
616,1161
616,1162
616,1164
616,1176
616,1185
616,1186
616,1188
616,1195
616,1197
616,1198
616,1200
616,1209
616,1210
616,1212
616,1227
616,1229
616,1230
616,1241
616,1242
616,1244
616,1251
616,1253
616,1254
616,1265
616,1266
616,1268
616,1289
616,1290
616,1292
616,1304
616,1313
616,1314
616,1316
616,1323
616,1325
616,1326
616,1328
616,1337
616,1338
616,1340
616,1355
616,1357
616,1358
616,1369
616,1370
616,1372
616,1379
616,1381
616,1382
616,1393
616,1394
616,1396
616,1449
616,1450
616,1452
616,1464
616,1539
616,1541
616,1542
616,1551
616,1553
616,1554
616,1556
616,1563
616,1565
616,1566
616,1575
616,1587
616,1589
616,1590
616,1607
616,1619
616,1621
616,1622
616,1675
616,1677
616,1678
616,1689
616,1690
616,1692
616,1699
616,1701
616,1702
616,1713
616,1714
616,1716
616,1803
616,1805
616,1806
616,1817
616,1818
616,1820
616,1827
616,1829
616,1830
616,1841
616,1842
616,1844
619,645
619,646
619,652
619,657
619,658
619,663
619,664
619,669
619,670
619,676
619,688
619,693
619,694
619,700
619,725
619,726
619,732
619,756
619,773
619,774
619,780
619,785
619,786
619,791
619,792
619,797
619,798
619,804
619,816
619,821
619,822
619,828
619,853
619,854
619,860
619,884
619,903
619,909
619,910
619,915
619,921
619,922
619,933
619,934
619,940
619,945
619,946
619,952
619,1025
619,1026
619,1031
619,1032
619,1037
619,1038
619,1043
619,1049
619,1050
619,1055
619,1056
619,1061
619,1062
619,1068
619,1073
619,1074
619,1079
619,1080
619,1085
619,1086
619,1093
619,1094
619,1100
619,1105
619,1106
619,1111
619,1112
619,1117
619,1118
619,1124
619,1136
619,1141
619,1142
619,1148
619,1155
619,1161
619,1162
619,1167
619,1179
619,1185
619,1186
619,1191
619,1192
619,1197
619,1198
619,1203
619,1209
619,1210
619,1223
619,1229
619,1230
619,1235
619,1241
619,1242
619,1253
619,1254
619,1260
619,1265
619,1266
619,1272
619,1283
619,1289
619,1290
619,1295
619,1307
619,1313
619,1314
619,1319
619,1320
619,1325
619,1326
619,1331
619,1337
619,1338
619,1351
619,1357
619,1358
619,1363
619,1369
619,1370
619,1381
619,1382
619,1388
619,1393
619,1394
619,1400
619,1419
619,1443
619,1449
619,1450
619,1541
619,1542
619,1548
619,1553
619,1554
619,1559
619,1560
619,1565
619,1566
619,1572
619,1584
619,1589
619,1590
619,1596
619,1621
619,1622
619,1628
619,1652
619,1671
619,1677
619,1678
619,1683
619,1689
619,1690
619,1701
619,1702
619,1708
619,1713
619,1714
619,1720
619,1799
619,1805
619,1806
619,1811
619,1817
619,1818
619,1829
619,1830
619,1836
619,1841
619,1842
619,1848
621,643
621,646
621,650
621,657
621,660
621,663
621,664
621,667
621,670
621,674
621,688
621,691
621,694
621,698
621,723
621,726
621,730
621,754
621,771
621,774
621,778
621,785
621,788
621,791
621,792
621,795
621,798
621,802
621,816
621,819
621,822
621,826
621,851
621,854
621,858
621,882
621,903
621,907
621,910
621,917
621,921
621,924
621,931
621,934
621,938
621,945
621,948
621,952
621,1025
621,1028
621,1031
621,1032
621,1035
621,1038
621,1045
621,1049
621,1052
621,1055
621,1056
621,1059
621,1062
621,1066
621,1073
621,1076
621,1079
621,1080
621,1083
621,1086
621,1091
621,1094
621,1098
621,1105
621,1108
621,1111
621,1112
621,1115
621,1118
621,1122
621,1136
621,1139
621,1142
621,1146
621,1157
621,1161
621,1164
621,1167
621,1181
621,1185
621,1188
621,1191
621,1192
621,1195
621,1198
621,1205
621,1209
621,1212
621,1223
621,1227
621,1230
621,1237
621,1241
621,1244
621,1251
621,1254
621,1258
621,1265
621,1268
621,1272
621,1285
621,1289
621,1292
621,1295
621,1309
621,1313
621,1316
621,1319
621,1320
621,1323
621,1326
621,1333
621,1337
621,1340
621,1351
621,1355
621,1358
621,1365
621,1369
621,1372
621,1379
621,1382
621,1386
621,1393
621,1396
621,1400
621,1421
621,1445
621,1449
621,1452
621,1539
621,1542
621,1546
621,1553
621,1556
621,1559
621,1560
621,1563
621,1566
621,1570
621,1584
621,1587
621,1590
621,1594
621,1619
621,1622
621,1626
621,1650
621,1671
621,1675
621,1678
621,1685
621,1689
621,1692
621,1699
621,1702
621,1706
621,1713
621,1716
621,1720
621,1799
621,1803
621,1806
621,1813
621,1817
621,1820
621,1827
621,1830
621,1834
621,1841
621,1844
621,1848
622,643
622,645
622,649
622,658
622,660
622,663
622,664
622,667
622,669
622,673
622,688
622,691
622,693
622,697
622,723
622,725
622,729
622,753
622,771
622,773
622,777
622,786
622,788
622,791
622,792
622,795
622,797
622,801
622,816
622,819
622,821
622,825
622,851
622,853
622,857
622,881
622,903
622,907
622,909
622,918
622,922
622,924
622,931
622,933
622,937
622,946
622,948
622,952
622,1026
622,1028
622,1031
622,1032
622,1035
622,1037
622,1046
622,1050
622,1052
622,1055
622,1056
622,1059
622,1061
622,1065
622,1074
622,1076
622,1079
622,1080
622,1083
622,1085
622,1091
622,1093
622,1097
622,1106
622,1108
622,1111
622,1112
622,1115
622,1117
622,1121
622,1136
622,1139
622,1141
622,1145
622,1158
622,1162
622,1164
622,1167
622,1182
622,1186
622,1188
622,1191
622,1192
622,1195
622,1197
622,1206
622,1210
622,1212
622,1223
622,1227
622,1229
622,1238
622,1242
622,1244
622,1251
622,1253
622,1257
622,1266
622,1268
622,1272
622,1286
622,1290
622,1292
622,1295
622,1310
622,1314
622,1316
622,1319
622,1320
622,1323
622,1325
622,1334
622,1338
622,1340
622,1351
622,1355
622,1357
622,1366
622,1370
622,1372
622,1379
622,1381
622,1385
622,1394
622,1396
622,1400
622,1422
622,1446
622,1450
622,1452
622,1539
622,1541
622,1545
622,1554
622,1556
622,1559
622,1560
622,1563
622,1565
622,1569
622,1584
622,1587
622,1589
622,1593
622,1619
622,1621
622,1625
622,1649
622,1671
622,1675
622,1677
622,1686
622,1690
622,1692
622,1699
622,1701
622,1705
622,1714
622,1716
622,1720
622,1799
622,1803
622,1805
622,1814
622,1818
622,1820
622,1827
622,1829
622,1833
622,1842
622,1844
622,1848
624,643
624,645
624,646
624,649
624,650
624,652
624,663
624,667
624,669
624,670
624,679
624,683
624,685
624,686
624,711
624,715
624,717
624,718
624,771
624,773
624,774
624,777
624,778
624,780
624,791
624,795
624,797
624,798
624,807
624,811
624,813
624,814
624,839
624,843
624,845
624,846
624,915
624,917
624,918
624,921
624,922
624,924
624,931
624,933
624,934
624,937
624,938
624,940
624,1025
624,1026
624,1028
624,1032
624,1043
624,1045
624,1046
624,1049
624,1050
624,1052
624,1059
624,1061
624,1062
624,1065
624,1066
624,1068
624,1079
624,1083
624,1085
624,1086
624,1091
624,1093
624,1094
624,1097
624,1098
624,1100
624,1111
624,1115
624,1117
624,1118
624,1127
624,1131
624,1133
624,1134
624,1169
624,1170
624,1172
624,1176
624,1185
624,1186
624,1188
624,1192
624,1203
624,1205
624,1206
624,1209
624,1210
624,1212
624,1235
624,1237
624,1238
624,1241
624,1242
624,1244
624,1251
624,1253
624,1254
624,1257
624,1258
624,1260
624,1297
624,1298
624,1300
624,1304
624,1313
624,1314
624,1316
624,1320
624,1331
624,1333
624,1334
624,1337
624,1338
624,1340
624,1363
624,1365
624,1366
624,1369
624,1370
624,1372
624,1379
624,1381
624,1382
624,1385
624,1386
624,1388
624,1457
624,1458
624,1460
624,1464
624,1539
624,1541
624,1542
624,1545
624,1546
624,1548
624,1559
624,1563
624,1565
624,1566
624,1575
624,1579
624,1581
624,1582
624,1607
624,1611
624,1613
624,1614
624,1683
624,1685
624,1686
624,1689
624,1690
624,1692
624,1699
624,1701
624,1702
624,1705
624,1706
624,1708
624,1811
624,1813
624,1814
624,1817
624,1818
624,1820
624,1827
624,1829
624,1830
624,1833
624,1834
624,1836
627,645
627,646
627,649
627,650
627,655
627,660
627,664
627,669
627,670
627,676
627,680
627,685
627,686
627,700
627,717
627,718
627,732
627,748
627,773
627,774
627,777
627,778
627,783
627,788
627,792
627,797
627,798
627,804
627,808
627,813
627,814
627,828
627,845
627,846
627,860
627,876
627,903
627,907
627,917
627,918
627,921
627,922
627,933
627,934
627,937
627,938
627,948
627,952
627,1025
627,1026
627,1031
627,1035
627,1040
627,1045
627,1046
627,1049
627,1050
627,1055
627,1056
627,1061
627,1062
627,1065
627,1066
627,1071
627,1076
627,1080
627,1085
627,1086
627,1093
627,1094
627,1097
627,1098
627,1103
627,1108
627,1112
627,1117
627,1118
627,1124
627,1128
627,1133
627,1134
627,1148
627,1155
627,1169
627,1170
627,1175
627,1179
627,1185
627,1186
627,1191
627,1195
627,1200
627,1205
627,1206
627,1209
627,1210
627,1223
627,1227
627,1237
627,1238
627,1241
627,1242
627,1253
627,1254
627,1257
627,1258
627,1268
627,1272
627,1283
627,1297
627,1298
627,1303
627,1307
627,1313
627,1314
627,1319
627,1323
627,1328
627,1333
627,1334
627,1337
627,1338
627,1351
627,1355
627,1365
627,1366
627,1369
627,1370
627,1381
627,1382
627,1385
627,1386
627,1396
627,1400
627,1427
627,1443
627,1457
627,1458
627,1541
627,1542
627,1545
627,1546
627,1551
627,1556
627,1560
627,1565
627,1566
627,1572
627,1576
627,1581
627,1582
627,1596
627,1613
627,1614
627,1628
627,1644
627,1671
627,1675
627,1685
627,1686
627,1689
627,1690
627,1701
627,1702
627,1705
627,1706
627,1716
627,1720
627,1799
627,1803
627,1813
627,1814
627,1817
627,1818
627,1829
627,1830
627,1833
627,1834
627,1844
627,1848
629,643
629,646
629,649
629,652
629,655
629,658
629,664
629,667
629,670
629,674
629,680
629,683
629,686
629,698
629,715
629,718
629,730
629,746
629,771
629,774
629,777
629,780
629,783
629,786
629,792
629,795
629,798
629,802
629,808
629,811
629,814
629,826
629,843
629,846
629,858
629,874
629,903
629,909
629,915
629,918
629,921
629,924
629,931
629,934
629,937
629,940
629,946
629,952
629,1025
629,1028
629,1031
629,1037
629,1040
629,1043
629,1046
629,1049
629,1052
629,1055
629,1056
629,1059
629,1062
629,1065
629,1068
629,1071
629,1074
629,1080
629,1083
629,1086
629,1091
629,1094
629,1097
629,1100
629,1103
629,1106
629,1112
629,1115
629,1118
629,1122
629,1128
629,1131
629,1134
629,1146
629,1157
629,1169
629,1172
629,1175
629,1181
629,1185
629,1188
629,1191
629,1197
629,1200
629,1203
629,1206
629,1209
629,1212
629,1223
629,1229
629,1235
629,1238
629,1241
629,1244
629,1251
629,1254
629,1257
629,1260
629,1266
629,1272
629,1285
629,1297
629,1300
629,1303
629,1309
629,1313
629,1316
629,1319
629,1325
629,1328
629,1331
629,1334
629,1337
629,1340
629,1351
629,1357
629,1363
629,1366
629,1369
629,1372
629,1379
629,1382
629,1385
629,1388
629,1394
629,1400
629,1429
629,1445
629,1457
629,1460
629,1539
629,1542
629,1545
629,1548
629,1551
629,1554
629,1560
629,1563
629,1566
629,1570
629,1576
629,1579
629,1582
629,1594
629,1611
629,1614
629,1626
629,1642
629,1671
629,1677
629,1683
629,1686
629,1689
629,1692
629,1699
629,1702
629,1705
629,1708
629,1714
629,1720
629,1799
629,1805
629,1811
629,1814
629,1817
629,1820
629,1827
629,1830
629,1833
629,1836
629,1842
629,1848
630,643
630,645
630,650
630,652
630,655
630,657
630,664
630,667
630,669
630,673
630,680
630,683
630,685
630,697
630,715
630,717
630,729
630,745
630,771
630,773
630,778
630,780
630,783
630,785
630,792
630,795
630,797
630,801
630,808
630,811
630,813
630,825
630,843
630,845
630,857
630,873
630,903
630,910
630,915
630,917
630,922
630,924
630,931
630,933
630,938
630,940
630,945
630,952
630,1026
630,1028
630,1031
630,1038
630,1040
630,1043
630,1045
630,1050
630,1052
630,1055
630,1056
630,1059
630,1061
630,1066
630,1068
630,1071
630,1073
630,1080
630,1083
630,1085
630,1091
630,1093
630,1098
630,1100
630,1103
630,1105
630,1112
630,1115
630,1117
630,1121
630,1128
630,1131
630,1133
630,1145
630,1158
630,1170
630,1172
630,1175
630,1182
630,1186
630,1188
630,1191
630,1198
630,1200
630,1203
630,1205
630,1210
630,1212
630,1223
630,1230
630,1235
630,1237
630,1242
630,1244
630,1251
630,1253
630,1258
630,1260
630,1265
630,1272
630,1286
630,1298
630,1300
630,1303
630,1310
630,1314
630,1316
630,1319
630,1326
630,1328
630,1331
630,1333
630,1338
630,1340
630,1351
630,1358
630,1363
630,1365
630,1370
630,1372
630,1379
630,1381
630,1386
630,1388
630,1393
630,1400
630,1430
630,1446
630,1458
630,1460
630,1539
630,1541
630,1546
630,1548
630,1551
630,1553
630,1560
630,1563
630,1565
630,1569
630,1576
630,1579
630,1581
630,1593
630,1611
630,1613
630,1625
630,1641
630,1671
630,1678
630,1683
630,1685
630,1690
630,1692
630,1699
630,1701
630,1706
630,1708
630,1713
630,1720
630,1799
630,1806
630,1811
630,1813
630,1818
630,1820
630,1827
630,1829
630,1834
630,1836
630,1841
630,1848
633,643
633,645
633,650
633,652
633,655
633,658
633,660
633,663
633,670
633,674
633,676
633,679
633,686
633,694
633,711
633,718
633,726
633,742
633,771
633,773
633,778
633,780
633,783
633,786
633,788
633,791
633,798
633,802
633,804
633,807
633,814
633,822
633,839
633,846
633,854
633,870
633,907
633,909
633,915
633,917
633,922
633,924
633,931
633,933
633,938
633,940
633,946
633,948
633,1025
633,1032
633,1035
633,1037
633,1040
633,1043
633,1045
633,1050
633,1052
633,1055
633,1056
633,1059
633,1061
633,1066
633,1068
633,1071
633,1074
633,1076
633,1079
633,1086
633,1091
633,1093
633,1098
633,1100
633,1103
633,1106
633,1108
633,1111
633,1118
633,1122
633,1124
633,1127
633,1134
633,1142
633,1161
633,1169
633,1176
633,1179
633,1181
633,1185
633,1192
633,1195
633,1197
633,1200
633,1203
633,1205
633,1210
633,1212
633,1227
633,1229
633,1235
633,1237
633,1242
633,1244
633,1251
633,1253
633,1258
633,1260
633,1266
633,1268
633,1289
633,1297
633,1304
633,1307
633,1309
633,1313
633,1320
633,1323
633,1325
633,1328
633,1331
633,1333
633,1338
633,1340
633,1355
633,1357
633,1363
633,1365
633,1370
633,1372
633,1379
633,1381
633,1386
633,1388
633,1394
633,1396
633,1433
633,1449
633,1457
633,1464
633,1539
633,1541
633,1546
633,1548
633,1551
633,1554
633,1556
633,1559
633,1566
633,1570
633,1572
633,1575
633,1582
633,1590
633,1607
633,1614
633,1622
633,1638
633,1675
633,1677
633,1683
633,1685
633,1690
633,1692
633,1699
633,1701
633,1706
633,1708
633,1714
633,1716
633,1803
633,1805
633,1811
633,1813
633,1818
633,1820
633,1827
633,1829
633,1834
633,1836
633,1842
633,1844
634,643
634,646
634,649
634,652
634,655
634,657
634,660
634,663
634,669
634,673
634,676
634,679
634,685
634,693
634,711
634,717
634,725
634,741
634,771
634,774
634,777
634,780
634,783
634,785
634,788
634,791
634,797
634,801
634,804
634,807
634,813
634,821
634,839
634,845
634,853
634,869
634,907
634,910
634,915
634,918
634,921
634,924
634,931
634,934
634,937
634,940
634,945
634,948
634,1026
634,1032
634,1035
634,1038
634,1040
634,1043
634,1046
634,1049
634,1052
634,1055
634,1056
634,1059
634,1062
634,1065
634,1068
634,1071
634,1073
634,1076
634,1079
634,1085
634,1091
634,1094
634,1097
634,1100
634,1103
634,1105
634,1108
634,1111
634,1117
634,1121
634,1124
634,1127
634,1133
634,1141
634,1162
634,1170
634,1176
634,1179
634,1182
634,1186
634,1192
634,1195
634,1198
634,1200
634,1203
634,1206
634,1209
634,1212
634,1227
634,1230
634,1235
634,1238
634,1241
634,1244
634,1251
634,1254
634,1257
634,1260
634,1265
634,1268
634,1290
634,1298
634,1304
634,1307
634,1310
634,1314
634,1320
634,1323
634,1326
634,1328
634,1331
634,1334
634,1337
634,1340
634,1355
634,1358
634,1363
634,1366
634,1369
634,1372
634,1379
634,1382
634,1385
634,1388
634,1393
634,1396
634,1434
634,1450
634,1458
634,1464
634,1539
634,1542
634,1545
634,1548
634,1551
634,1553
634,1556
634,1559
634,1565
634,1569
634,1572
634,1575
634,1581
634,1589
634,1607
634,1613
634,1621
634,1637
634,1675
634,1678
634,1683
634,1686
634,1689
634,1692
634,1699
634,1702
634,1705
634,1708
634,1713
634,1716
634,1803
634,1806
634,1811
634,1814
634,1817
634,1820
634,1827
634,1830
634,1833
634,1836
634,1841
634,1844
636,645
636,646
636,649
636,650
636,655
636,657
636,658
636,663
636,667
636,673
636,674
636,679
636,683
636,691
636,711
636,715
636,723
636,739
636,773
636,774
636,777
636,778
636,783
636,785
636,786
636,791
636,795
636,801
636,802
636,807
636,811
636,819
636,839
636,843
636,851
636,867
636,909
636,910
636,917
636,918
636,921
636,922
636,933
636,934
636,937
636,938
636,945
636,946
636,1028
636,1032
636,1037
636,1038
636,1040
636,1045
636,1046
636,1049
636,1050
636,1055
636,1056
636,1061
636,1062
636,1065
636,1066
636,1071
636,1073
636,1074
636,1079
636,1083
636,1093
636,1094
636,1097
636,1098
636,1103
636,1105
636,1106
636,1111
636,1115
636,1121
636,1122
636,1127
636,1131
636,1139
636,1164
636,1172
636,1176
636,1181
636,1182
636,1188
636,1192
636,1197
636,1198
636,1200
636,1205
636,1206
636,1209
636,1210
636,1229
636,1230
636,1237
636,1238
636,1241
636,1242
636,1253
636,1254
636,1257
636,1258
636,1265
636,1266
636,1292
636,1300
636,1304
636,1309
636,1310
636,1316
636,1320
636,1325
636,1326
636,1328
636,1333
636,1334
636,1337
636,1338
636,1357
636,1358
636,1365
636,1366
636,1369
636,1370
636,1381
636,1382
636,1385
636,1386
636,1393
636,1394
636,1436
636,1452
636,1460
636,1464
636,1541
636,1542
636,1545
636,1546
636,1551
636,1553
636,1554
636,1559
636,1563
636,1569
636,1570
636,1575
636,1579
636,1587
636,1607
636,1611
636,1619
636,1635
636,1677
636,1678
636,1685
636,1686
636,1689
636,1690
636,1701
636,1702
636,1705
636,1706
636,1713
636,1714
636,1805
636,1806
636,1813
636,1814
636,1817
636,1818
636,1829
636,1830
636,1833
636,1834
636,1841
636,1842
643,700
643,732
643,748
643,756
643,760
643,780
643,788
643,792
643,797
643,798
643,804
643,808
643,813
643,814
643,816
643,821
643,822
643,825
643,826
643,845
643,846
643,853
643,854
643,857
643,858
643,869
643,870
643,873
643,874
643,881
643,882
643,924
643,940
643,948
643,952
643,1028
643,1032
643,1037
643,1038
643,1040
643,1045
643,1046
643,1049
643,1050
643,1055
643,1056
643,1061
643,1062
643,1065
643,1066
643,1071
643,1073
643,1074
643,1079
643,1083
643,1093
643,1094
643,1097
643,1098
643,1103
643,1105
643,1106
643,1111
643,1115
643,1121
643,1122
643,1127
643,1131
643,1139
643,1164
643,1172
643,1176
643,1181
643,1182
643,1188
643,1192
643,1197
643,1198
643,1200
643,1205
643,1206
643,1209
643,1210
643,1229
643,1230
643,1237
643,1238
643,1241
643,1242
643,1253
643,1254
643,1257
643,1258
643,1265
643,1266
643,1285
643,1286
643,1289
643,1290
643,1295
643,1297
643,1298
643,1303
643,1307
643,1313
643,1314
643,1319
643,1323
643,1331
643,1351
643,1355
643,1363
643,1379
643,1421
643,1422
643,1429
643,1430
643,1433
643,1434
643,1445
643,1446
643,1449
643,1450
643,1457
643,1458
643,1548
643,1556
643,1560
643,1565
643,1566
643,1572
643,1576
643,1581
643,1582
643,1584
643,1589
643,1590
643,1593
643,1594
643,1613
643,1614
643,1621
643,1622
643,1625
643,1626
643,1637
643,1638
643,1641
643,1642
643,1649
643,1650
643,1692
643,1708
643,1716
643,1720
643,1805
643,1806
643,1813
643,1814
643,1817
643,1818
643,1829
643,1830
643,1833
643,1834
643,1841
643,1842
645,698
645,730
645,746
645,754
645,760
645,778
645,786
645,792
645,795
645,798
645,802
645,808
645,811
645,814
645,816
645,819
645,822
645,825
645,828
645,843
645,846
645,851
645,854
645,857
645,860
645,867
645,870
645,873
645,876
645,881
645,884
645,922
645,938
645,946
645,952
645,1026
645,1032
645,1035
645,1038
645,1040
645,1043
645,1046
645,1049
645,1052
645,1055
645,1056
645,1059
645,1062
645,1065
645,1068
645,1071
645,1073
645,1076
645,1079
645,1085
645,1091
645,1094
645,1097
645,1100
645,1103
645,1105
645,1108
645,1111
645,1117
645,1121
645,1124
645,1127
645,1133
645,1141
645,1162
645,1170
645,1176
645,1179
645,1182
645,1186
645,1192
645,1195
645,1198
645,1200
645,1203
645,1206
645,1209
645,1212
645,1227
645,1230
645,1235
645,1238
645,1241
645,1244
645,1251
645,1254
645,1257
645,1260
645,1265
645,1268
645,1283
645,1286
645,1289
645,1292
645,1295
645,1297
645,1300
645,1303
645,1309
645,1313
645,1316
645,1319
645,1325
645,1333
645,1351
645,1357
645,1365
645,1381
645,1419
645,1422
645,1427
645,1430
645,1433
645,1436
645,1443
645,1446
645,1449
645,1452
645,1457
645,1460
645,1546
645,1554
645,1560
645,1563
645,1566
645,1570
645,1576
645,1579
645,1582
645,1584
645,1587
645,1590
645,1593
645,1596
645,1611
645,1614
645,1619
645,1622
645,1625
645,1628
645,1635
645,1638
645,1641
645,1644
645,1649
645,1652
645,1690
645,1706
645,1714
645,1720
645,1803
645,1806
645,1811
645,1814
645,1817
645,1820
645,1827
645,1830
645,1833
645,1836
645,1841
645,1844
646,697
646,729
646,745
646,753
646,760
646,777
646,785
646,792
646,795
646,797
646,801
646,808
646,811
646,813
646,816
646,819
646,821
646,826
646,828
646,843
646,845
646,851
646,853
646,858
646,860
646,867
646,869
646,874
646,876
646,882
646,884
646,921
646,937
646,945
646,952
646,1025
646,1032
646,1035
646,1037
646,1040
646,1043
646,1045
646,1050
646,1052
646,1055
646,1056
646,1059
646,1061
646,1066
646,1068
646,1071
646,1074
646,1076
646,1079
646,1086
646,1091
646,1093
646,1098
646,1100
646,1103
646,1106
646,1108
646,1111
646,1118
646,1122
646,1124
646,1127
646,1134
646,1142
646,1161
646,1169
646,1176
646,1179
646,1181
646,1185
646,1192
646,1195
646,1197
646,1200
646,1203
646,1205
646,1210
646,1212
646,1227
646,1229
646,1235
646,1237
646,1242
646,1244
646,1251
646,1253
646,1258
646,1260
646,1266
646,1268
646,1283
646,1285
646,1290
646,1292
646,1295
646,1298
646,1300
646,1303
646,1310
646,1314
646,1316
646,1319
646,1326
646,1334
646,1351
646,1358
646,1366
646,1382
646,1419
646,1421
646,1427
646,1429
646,1434
646,1436
646,1443
646,1445
646,1450
646,1452
646,1458
646,1460
646,1545
646,1553
646,1560
646,1563
646,1565
646,1569
646,1576
646,1579
646,1581
646,1584
646,1587
646,1589
646,1594
646,1596
646,1611
646,1613
646,1619
646,1621
646,1626
646,1628
646,1635
646,1637
646,1642
646,1644
646,1650
646,1652
646,1689
646,1705
646,1713
646,1720
646,1803
646,1805
646,1811
646,1813
646,1818
646,1820
646,1827
646,1829
646,1834
646,1836
646,1842
646,1844
649,694
649,726
649,742
649,754
649,756
649,774
649,786
649,788
649,791
649,798
649,802
649,804
649,807
649,814
649,816
649,819
649,821
649,826
649,828
649,839
649,846
649,851
649,853
649,858
649,860
649,867
649,869
649,874
649,876
649,881
649,888
649,918
649,934
649,946
649,948
649,1026
649,1028
649,1031
649,1038
649,1040
649,1043
649,1045
649,1050
649,1052
649,1055
649,1056
649,1059
649,1061
649,1066
649,1068
649,1071
649,1073
649,1080
649,1083
649,1085
649,1091
649,1093
649,1098
649,1100
649,1103
649,1105
649,1112
649,1115
649,1117
649,1121
649,1128
649,1131
649,1133
649,1145
649,1158
649,1170
649,1172
649,1175
649,1182
649,1186
649,1188
649,1191
649,1198
649,1200
649,1203
649,1205
649,1210
649,1212
649,1223
649,1230
649,1235
649,1237
649,1242
649,1244
649,1251
649,1253
649,1258
649,1260
649,1265
649,1272
649,1283
649,1285
649,1290
649,1292
649,1295
649,1297
649,1304
649,1307
649,1309
649,1313
649,1320
649,1323
649,1325
649,1337
649,1355
649,1357
649,1369
649,1385
649,1415
649,1422
649,1427
649,1429
649,1434
649,1436
649,1443
649,1445
649,1450
649,1452
649,1457
649,1464
649,1542
649,1554
649,1556
649,1559
649,1566
649,1570
649,1572
649,1575
649,1582
649,1584
649,1587
649,1589
649,1594
649,1596
649,1607
649,1614
649,1619
649,1621
649,1626
649,1628
649,1635
649,1637
649,1642
649,1644
649,1649
649,1656
649,1686
649,1702
649,1714
649,1716
649,1799
649,1806
649,1811
649,1813
649,1818
649,1820
649,1827
649,1829
649,1834
649,1836
649,1841
649,1848
650,693
650,725
650,741
650,753
650,756
650,773
650,785
650,788
650,791
650,797
650,801
650,804
650,807
650,813
650,816
650,819
650,822
650,825
650,828
650,839
650,845
650,851
650,854
650,857
650,860
650,867
650,870
650,873
650,876
650,882
650,888
650,917
650,933
650,945
650,948
650,1025
650,1028
650,1031
650,1037
650,1040
650,1043
650,1046
650,1049
650,1052
650,1055
650,1056
650,1059
650,1062
650,1065
650,1068
650,1071
650,1074
650,1080
650,1083
650,1086
650,1091
650,1094
650,1097
650,1100
650,1103
650,1106
650,1112
650,1115
650,1118
650,1122
650,1128
650,1131
650,1134
650,1146
650,1157
650,1169
650,1172
650,1175
650,1181
650,1185
650,1188
650,1191
650,1197
650,1200
650,1203
650,1206
650,1209
650,1212
650,1223
650,1229
650,1235
650,1238
650,1241
650,1244
650,1251
650,1254
650,1257
650,1260
650,1266
650,1272
650,1283
650,1286
650,1289
650,1292
650,1295
650,1298
650,1304
650,1307
650,1310
650,1314
650,1320
650,1323
650,1326
650,1338
650,1355
650,1358
650,1370
650,1386
650,1415
650,1421
650,1427
650,1430
650,1433
650,1436
650,1443
650,1446
650,1449
650,1452
650,1458
650,1464
650,1541
650,1553
650,1556
650,1559
650,1565
650,1569
650,1572
650,1575
650,1581
650,1584
650,1587
650,1590
650,1593
650,1596
650,1607
650,1613
650,1619
650,1622
650,1625
650,1628
650,1635
650,1638
650,1641
650,1644
650,1650
650,1656
650,1685
650,1701
650,1713
650,1716
650,1799
650,1805
650,1811
650,1814
650,1817
650,1820
650,1827
650,1830
650,1833
650,1836
650,1842
650,1848
652,691
652,723
652,739
652,753
652,754
652,771
652,785
652,786
652,791
652,795
652,801
652,802
652,807
652,811
652,816
652,821
652,822
652,825
652,826
652,839
652,843
652,853
652,854
652,857
652,858
652,869
652,870
652,873
652,874
652,884
652,888
652,915
652,931
652,945
652,946
652,1025
652,1026
652,1031
652,1035
652,1040
652,1045
652,1046
652,1049
652,1050
652,1055
652,1056
652,1061
652,1062
652,1065
652,1066
652,1071
652,1076
652,1080
652,1085
652,1086
652,1093
652,1094
652,1097
652,1098
652,1103
652,1108
652,1112
652,1117
652,1118
652,1124
652,1128
652,1133
652,1134
652,1148
652,1155
652,1169
652,1170
652,1175
652,1179
652,1185
652,1186
652,1191
652,1195
652,1200
652,1205
652,1206
652,1209
652,1210
652,1223
652,1227
652,1237
652,1238
652,1241
652,1242
652,1253
652,1254
652,1257
652,1258
652,1268
652,1272
652,1285
652,1286
652,1289
652,1290
652,1295
652,1300
652,1304
652,1309
652,1310
652,1316
652,1320
652,1325
652,1326
652,1340
652,1357
652,1358
652,1372
652,1388
652,1415
652,1419
652,1429
652,1430
652,1433
652,1434
652,1445
652,1446
652,1449
652,1450
652,1460
652,1464
652,1539
652,1553
652,1554
652,1559
652,1563
652,1569
652,1570
652,1575
652,1579
652,1584
652,1589
652,1590
652,1593
652,1594
652,1607
652,1611
652,1621
652,1622
652,1625
652,1626
652,1637
652,1638
652,1641
652,1642
652,1652
652,1656
652,1683
652,1699
652,1713
652,1714
652,1799
652,1803
652,1813
652,1814
652,1817
652,1818
652,1829
652,1830
652,1833
652,1834
652,1844
652,1848
655,688
655,753
655,754
655,756
655,760
655,785
655,786
655,788
655,792
655,801
655,802
655,804
655,808
655,819
655,821
655,822
655,825
655,826
655,828
655,851
655,853
655,854
655,857
655,858
655,860
655,867
655,869
655,870
655,873
655,874
655,876
655,945
655,946
655,948
655,952
655,1025
655,1026
655,1028
655,1032
655,1043
655,1045
655,1046
655,1049
655,1050
655,1052
655,1059
655,1061
655,1062
655,1065
655,1066
655,1068
655,1079
655,1083
655,1085
655,1086
655,1091
655,1093
655,1094
655,1097
655,1098
655,1100
655,1111
655,1115
655,1117
655,1118
655,1127
655,1131
655,1133
655,1134
655,1169
655,1170
655,1172
655,1176
655,1185
655,1186
655,1188
655,1192
655,1203
655,1205
655,1206
655,1209
655,1210
655,1212
655,1235
655,1237
655,1238
655,1241
655,1242
655,1244
655,1251
655,1253
655,1254
655,1257
655,1258
655,1260
655,1283
655,1285
655,1286
655,1289
655,1290
655,1292
655,1303
655,1307
655,1309
655,1310
655,1319
655,1323
655,1325
655,1326
655,1351
655,1355
655,1357
655,1358
655,1427
655,1429
655,1430
655,1433
655,1434
655,1436
655,1443
655,1445
655,1446
655,1449
655,1450
655,1452
655,1553
655,1554
655,1556
655,1560
655,1569
655,1570
655,1572
655,1576
655,1587
655,1589
655,1590
655,1593
655,1594
655,1596
655,1619
655,1621
655,1622
655,1625
655,1626
655,1628
655,1635
655,1637
655,1638
655,1641
655,1642
655,1644
655,1713
655,1714
655,1716
655,1720
655,1811
655,1813
655,1814
655,1817
655,1818
655,1820
655,1827
655,1829
655,1830
655,1833
655,1834
655,1836
657,686
657,718
657,742
657,746
657,748
657,774
657,778
657,780
657,783
657,798
657,802
657,804
657,807
657,808
657,811
657,813
657,822
657,826
657,828
657,839
657,843
657,845
657,854
657,858
657,860
657,867
657,869
657,873
657,882
657,884
657,888
657,910
657,934
657,938
657,940
657,1026
657,1028
657,1031
657,1032
657,1035
657,1037
657,1046
657,1050
657,1052
657,1055
657,1056
657,1059
657,1061
657,1065
657,1074
657,1076
657,1079
657,1080
657,1083
657,1085
657,1091
657,1093
657,1097
657,1106
657,1108
657,1111
657,1112
657,1115
657,1117
657,1121
657,1136
657,1139
657,1141
657,1145
657,1158
657,1162
657,1164
657,1167
657,1182
657,1186
657,1188
657,1191
657,1192
657,1195
657,1197
657,1206
657,1210
657,1212
657,1223
657,1227
657,1229
657,1238
657,1242
657,1244
657,1251
657,1253
657,1257
657,1266
657,1268
657,1272
657,1283
657,1285
657,1289
657,1298
657,1300
657,1303
657,1304
657,1307
657,1309
657,1313
657,1328
657,1331
657,1333
657,1337
657,1363
657,1365
657,1369
657,1393
657,1415
657,1419
657,1421
657,1430
657,1434
657,1436
657,1443
657,1445
657,1449
657,1458
657,1460
657,1464
657,1542
657,1546
657,1548
657,1551
657,1566
657,1570
657,1572
657,1575
657,1576
657,1579
657,1581
657,1590
657,1594
657,1596
657,1607
657,1611
657,1613
657,1622
657,1626
657,1628
657,1635
657,1637
657,1641
657,1650
657,1652
657,1656
657,1678
657,1702
657,1706
657,1708
657,1799
657,1803
657,1805
657,1814
657,1818
657,1820
657,1827
657,1829
657,1833
657,1842
657,1844
657,1848
658,685
658,717
658,741
658,745
658,748
658,773
658,777
658,780
658,783
658,797
658,801
658,804
658,807
658,808
658,811
658,814
658,821
658,825
658,828
658,839
658,843
658,846
658,853
658,857
658,860
658,867
658,870
658,874
658,881
658,884
658,888
658,909
658,933
658,937
658,940
658,1025
658,1028
658,1031
658,1032
658,1035
658,1038
658,1045
658,1049
658,1052
658,1055
658,1056
658,1059
658,1062
658,1066
658,1073
658,1076
658,1079
658,1080
658,1083
658,1086
658,1091
658,1094
658,1098
658,1105
658,1108
658,1111
658,1112
658,1115
658,1118
658,1122
658,1136
658,1139
658,1142
658,1146
658,1157
658,1161
658,1164
658,1167
658,1181
658,1185
658,1188
658,1191
658,1192
658,1195
658,1198
658,1205
658,1209
658,1212
658,1223
658,1227
658,1230
658,1237
658,1241
658,1244
658,1251
658,1254
658,1258
658,1265
658,1268
658,1272
658,1283
658,1286
658,1290
658,1297
658,1300
658,1303
658,1304
658,1307
658,1310
658,1314
658,1328
658,1331
658,1334
658,1338
658,1363
658,1366
658,1370
658,1394
658,1415
658,1419
658,1422
658,1429
658,1433
658,1436
658,1443
658,1446
658,1450
658,1457
658,1460
658,1464
658,1541
658,1545
658,1548
658,1551
658,1565
658,1569
658,1572
658,1575
658,1576
658,1579
658,1582
658,1589
658,1593
658,1596
658,1607
658,1611
658,1614
658,1621
658,1625
658,1628
658,1635
658,1638
658,1642
658,1649
658,1652
658,1656
658,1677
658,1701
658,1705
658,1708
658,1799
658,1803
658,1806
658,1813
658,1817
658,1820
658,1827
658,1830
658,1834
658,1841
658,1844
658,1848
660,683
660,715
660,739
660,745
660,746
660,771
660,777
660,778
660,783
660,795
660,801
660,802
660,807
660,808
660,813
660,814
660,819
660,825
660,826
660,839
660,845
660,846
660,851
660,857
660,858
660,869
660,870
660,876
660,881
660,882
660,888
660,907
660,931
660,937
660,938
660,1025
660,1026
660,1031
660,1032
660,1037
660,1038
660,1043
660,1049
660,1050
660,1055
660,1056
660,1061
660,1062
660,1068
660,1073
660,1074
660,1079
660,1080
660,1085
660,1086
660,1093
660,1094
660,1100
660,1105
660,1106
660,1111
660,1112
660,1117
660,1118
660,1124
660,1136
660,1141
660,1142
660,1148
660,1155
660,1161
660,1162
660,1167
660,1179
660,1185
660,1186
660,1191
660,1192
660,1197
660,1198
660,1203
660,1209
660,1210
660,1223
660,1229
660,1230
660,1235
660,1241
660,1242
660,1253
660,1254
660,1260
660,1265
660,1266
660,1272
660,1285
660,1286
660,1292
660,1297
660,1298
660,1303
660,1304
660,1309
660,1310
660,1316
660,1328
660,1333
660,1334
660,1340
660,1365
660,1366
660,1372
660,1396
660,1415
660,1421
660,1422
660,1427
660,1433
660,1434
660,1445
660,1446
660,1452
660,1457
660,1458
660,1464
660,1539
660,1545
660,1546
660,1551
660,1563
660,1569
660,1570
660,1575
660,1576
660,1581
660,1582
660,1587
660,1593
660,1594
660,1607
660,1613
660,1614
660,1619
660,1625
660,1626
660,1637
660,1638
660,1644
660,1649
660,1650
660,1656
660,1675
660,1699
660,1705
660,1706
660,1799
660,1805
660,1806
660,1811
660,1817
660,1818
660,1829
660,1830
660,1836
660,1841
660,1842
660,1848
663,680
663,745
663,746
663,748
663,760
663,777
663,778
663,780
663,792
663,801
663,802
663,804
663,811
663,813
663,814
663,816
663,825
663,826
663,828
663,843
663,845
663,846
663,857
663,858
663,860
663,867
663,869
663,870
663,881
663,882
663,884
663,937
663,938
663,940
663,952
663,1025
663,1026
663,1028
663,1035
663,1037
663,1038
663,1040
663,1049
663,1050
663,1052
663,1059
663,1061
663,1062
663,1071
663,1073
663,1074
663,1076
663,1083
663,1085
663,1086
663,1091
663,1093
663,1094
663,1103
663,1105
663,1106
663,1108
663,1115
663,1117
663,1118
663,1127
663,1139
663,1141
663,1142
663,1161
663,1162
663,1164
663,1176
663,1185
663,1186
663,1188
663,1195
663,1197
663,1198
663,1200
663,1209
663,1210
663,1212
663,1227
663,1229
663,1230
663,1241
663,1242
663,1244
663,1251
663,1253
663,1254
663,1265
663,1266
663,1268
663,1283
663,1285
663,1286
663,1295
663,1297
663,1298
663,1300
663,1307
663,1309
663,1310
663,1319
663,1331
663,1333
663,1334
663,1351
663,1363
663,1365
663,1366
663,1419
663,1421
663,1422
663,1433
663,1434
663,1436
663,1443
663,1445
663,1446
663,1457
663,1458
663,1460
663,1545
663,1546
663,1548
663,1560
663,1569
663,1570
663,1572
663,1579
663,1581
663,1582
663,1584
663,1593
663,1594
663,1596
663,1611
663,1613
663,1614
663,1625
663,1626
663,1628
663,1635
663,1637
663,1638
663,1649
663,1650
663,1652
663,1705
663,1706
663,1708
663,1720
663,1803
663,1805
663,1806
663,1817
663,1818
663,1820
663,1827
663,1829
663,1830
663,1841
663,1842
663,1844
664,679
664,711
664,739
664,741
664,742
664,771
664,773
664,774
664,783
664,791
664,801
664,802
664,804
664,811
664,813
664,814
664,819
664,821
664,822
664,843
664,845
664,846
664,851
664,853
664,854
664,873
664,874
664,876
664,881
664,882
664,884
664,903
664,931
664,933
664,934
664,1025
664,1026
664,1028
664,1035
664,1037
664,1038
664,1043
664,1045
664,1046
664,1055
664,1056
664,1065
664,1066
664,1068
664,1073
664,1074
664,1076
664,1083
664,1085
664,1086
664,1097
664,1098
664,1100
664,1105
664,1106
664,1108
664,1115
664,1117
664,1118
664,1128
664,1136
664,1145
664,1146
664,1148
664,1155
664,1157
664,1158
664,1167
664,1175
664,1185
664,1186
664,1188
664,1195
664,1197
664,1198
664,1203
664,1205
664,1206
664,1227
664,1229
664,1230
664,1235
664,1237
664,1238
664,1257
664,1258
664,1260
664,1265
664,1266
664,1268
664,1289
664,1290
664,1292
664,1297
664,1298
664,1300
664,1307
664,1309
664,1310
664,1320
664,1328
664,1337
664,1338
664,1340
664,1369
664,1370
664,1372
664,1400
664,1419
664,1421
664,1422
664,1427
664,1429
664,1430
664,1449
664,1450
664,1452
664,1457
664,1458
664,1460
664,1539
664,1541
664,1542
664,1551
664,1559
664,1569
664,1570
664,1572
664,1579
664,1581
664,1582
664,1587
664,1589
664,1590
664,1611
664,1613
664,1614
664,1619
664,1621
664,1622
664,1641
664,1642
664,1644
664,1649
664,1650
664,1652
664,1671
664,1699
664,1701
664,1702
664,1803
664,1805
664,1806
664,1811
664,1813
664,1814
664,1833
664,1834
664,1836
664,1841
664,1842
664,1844
667,676
667,741
667,742
667,748
667,756
667,773
667,774
667,780
667,788
667,801
667,802
667,807
667,808
667,813
667,814
667,816
667,821
667,822
667,828
667,839
667,845
667,846
667,853
667,854
667,860
667,867
667,873
667,874
667,881
667,882
667,888
667,933
667,934
667,940
667,948
667,1025
667,1026
667,1031
667,1032
667,1037
667,1038
667,1040
667,1045
667,1046
667,1052
667,1059
667,1065
667,1066
667,1071
667,1073
667,1074
667,1079
667,1080
667,1085
667,1086
667,1091
667,1097
667,1098
667,1103
667,1105
667,1106
667,1111
667,1112
667,1117
667,1118
667,1131
667,1139
667,1145
667,1146
667,1157
667,1158
667,1164
667,1172
667,1185
667,1186
667,1191
667,1192
667,1197
667,1198
667,1200
667,1205
667,1206
667,1212
667,1223
667,1229
667,1230
667,1237
667,1238
667,1244
667,1251
667,1257
667,1258
667,1265
667,1266
667,1272
667,1283
667,1289
667,1290
667,1295
667,1297
667,1298
667,1303
667,1304
667,1309
667,1310
667,1323
667,1331
667,1337
667,1338
667,1355
667,1363
667,1369
667,1370
667,1415
667,1421
667,1422
667,1429
667,1430
667,1436
667,1443
667,1449
667,1450
667,1457
667,1458
667,1464
667,1541
667,1542
667,1548
667,1556
667,1569
667,1570
667,1575
667,1576
667,1581
667,1582
667,1584
667,1589
667,1590
667,1596
667,1607
667,1613
667,1614
667,1621
667,1622
667,1628
667,1635
667,1641
667,1642
667,1649
667,1650
667,1656
667,1701
667,1702
667,1708
667,1716
667,1799
667,1805
667,1806
667,1813
667,1814
667,1820
667,1827
667,1833
667,1834
667,1841
667,1842
667,1848
669,674
669,739
669,742
669,746
669,754
669,771
669,774
669,778
669,786
669,801
669,804
669,807
669,808
669,811
669,814
669,816
669,819
669,822
669,826
669,839
669,843
669,846
669,851
669,854
669,858
669,869
669,873
669,876
669,881
669,884
669,888
669,931
669,934
669,938
669,946
669,1025
669,1028
669,1031
669,1032
669,1035
669,1038
669,1040
669,1043
669,1046
669,1050
669,1061
669,1065
669,1068
669,1071
669,1073
669,1076
669,1079
669,1080
669,1083
669,1086
669,1093
669,1097
669,1100
669,1103
669,1105
669,1108
669,1111
669,1112
669,1115
669,1118
669,1133
669,1141
669,1145
669,1148
669,1155
669,1158
669,1162
669,1170
669,1185
669,1188
669,1191
669,1192
669,1195
669,1198
669,1200
669,1203
669,1206
669,1210
669,1223
669,1227
669,1230
669,1235
669,1238
669,1242
669,1253
669,1257
669,1260
669,1265
669,1268
669,1272
669,1285
669,1289
669,1292
669,1295
669,1297
669,1300
669,1303
669,1304
669,1307
669,1310
669,1325
669,1333
669,1337
669,1340
669,1357
669,1365
669,1369
669,1372
669,1415
669,1419
669,1422
669,1427
669,1430
669,1434
669,1445
669,1449
669,1452
669,1457
669,1460
669,1464
669,1539
669,1542
669,1546
669,1554
669,1569
669,1572
669,1575
669,1576
669,1579
669,1582
669,1584
669,1587
669,1590
669,1594
669,1607
669,1611
669,1614
669,1619
669,1622
669,1626
669,1637
669,1641
669,1644
669,1649
669,1652
669,1656
669,1699
669,1702
669,1706
669,1714
669,1799
669,1803
669,1806
669,1811
669,1814
669,1818
669,1829
669,1833
669,1836
669,1841
669,1844
669,1848
670,673
670,739
670,741
670,745
670,753
670,771
670,773
670,777
670,785
670,802
670,804
670,807
670,808
670,811
670,813
670,816
670,819
670,821
670,825
670,839
670,843
670,845
670,851
670,853
670,857
670,870
670,874
670,876
670,882
670,884
670,888
670,931
670,933
670,937
670,945
670,1026
670,1028
670,1031
670,1032
670,1035
670,1037
670,1040
670,1043
670,1045
670,1049
670,1062
670,1066
670,1068
670,1071
670,1074
670,1076
670,1079
670,1080
670,1083
670,1085
670,1094
670,1098
670,1100
670,1103
670,1106
670,1108
670,1111
670,1112
670,1115
670,1117
670,1134
670,1142
670,1146
670,1148
670,1155
670,1157
670,1161
670,1169
670,1186
670,1188
670,1191
670,1192
670,1195
670,1197
670,1200
670,1203
670,1205
670,1209
670,1223
670,1227
670,1229
670,1235
670,1237
670,1241
670,1254
670,1258
670,1260
670,1266
670,1268
670,1272
670,1286
670,1290
670,1292
670,1295
670,1298
670,1300
670,1303
670,1304
670,1307
670,1309
670,1326
670,1334
670,1338
670,1340
670,1358
670,1366
670,1370
670,1372
670,1415
670,1419
670,1421
670,1427
670,1429
670,1433
670,1446
670,1450
670,1452
670,1458
670,1460
670,1464
670,1539
670,1541
670,1545
670,1553
670,1570
670,1572
670,1575
670,1576
670,1579
670,1581
670,1584
670,1587
670,1589
670,1593
670,1607
670,1611
670,1613
670,1619
670,1621
670,1625
670,1638
670,1642
670,1644
670,1650
670,1652
670,1656
670,1699
670,1701
670,1705
670,1713
670,1799
670,1803
670,1805
670,1811
670,1813
670,1817
670,1830
670,1834
670,1836
670,1842
670,1844
670,1848
673,718
673,726
673,730
673,732
673,774
673,778
673,780
673,783
673,786
673,788
673,791
673,792
673,795
673,797
673,814
673,822
673,826
673,828
673,839
673,843
673,845
673,851
673,853
673,857
673,870
673,874
673,876
673,882
673,884
673,888
673,910
673,918
673,922
673,924
673,1026
673,1028
673,1031
673,1032
673,1035
673,1037
673,1040
673,1043
673,1045
673,1049
673,1062
673,1066
673,1068
673,1071
673,1074
673,1076
673,1079
673,1080
673,1083
673,1085
673,1091
673,1093
673,1097
673,1105
673,1122
673,1124
673,1127
673,1128
673,1131
673,1133
673,1136
673,1139
673,1141
673,1145
673,1158
673,1162
673,1164
673,1167
673,1170
673,1172
673,1175
673,1176
673,1179
673,1181
673,1198
673,1206
673,1210
673,1212
673,1223
673,1227
673,1229
673,1235
673,1237
673,1241
673,1254
673,1258
673,1260
673,1266
673,1268
673,1272
673,1283
673,1285
673,1289
673,1297
673,1314
673,1316
673,1319
673,1320
673,1323
673,1325
673,1328
673,1331
673,1333
673,1337
673,1379
673,1381
673,1385
673,1393
673,1415
673,1419
673,1421
673,1427
673,1429
673,1433
673,1446
673,1450
673,1452
673,1458
673,1460
673,1464
673,1542
673,1546
673,1548
673,1551
673,1554
673,1556
673,1559
673,1560
673,1563
673,1565
673,1582
673,1590
673,1594
673,1596
673,1607
673,1611
673,1613
673,1619
673,1621
673,1625
673,1638
673,1642
673,1644
673,1650
673,1652
673,1656
673,1678
673,1686
673,1690
673,1692
673,1799
673,1803
673,1805
673,1811
673,1813
673,1817
673,1830
673,1834
673,1836
673,1842
673,1844
673,1848
674,717
674,725
674,729
674,732
674,773
674,777
674,780
674,783
674,785
674,788
674,791
674,792
674,795
674,798
674,813
674,821
674,825
674,828
674,839
674,843
674,846
674,851
674,854
674,858
674,869
674,873
674,876
674,881
674,884
674,888
674,909
674,917
674,921
674,924
674,1025
674,1028
674,1031
674,1032
674,1035
674,1038
674,1040
674,1043
674,1046
674,1050
674,1061
674,1065
674,1068
674,1071
674,1073
674,1076
674,1079
674,1080
674,1083
674,1086
674,1091
674,1094
674,1098
674,1106
674,1121
674,1124
674,1127
674,1128
674,1131
674,1134
674,1136
674,1139
674,1142
674,1146
674,1157
674,1161
674,1164
674,1167
674,1169
674,1172
674,1175
674,1176
674,1179
674,1182
674,1197
674,1205
674,1209
674,1212
674,1223
674,1227
674,1230
674,1235
674,1238
674,1242
674,1253
674,1257
674,1260
674,1265
674,1268
674,1272
674,1283
674,1286
674,1290
674,1298
674,1313
674,1316
674,1319
674,1320
674,1323
674,1326
674,1328
674,1331
674,1334
674,1338
674,1379
674,1382
674,1386
674,1394
674,1415
674,1419
674,1422
674,1427
674,1430
674,1434
674,1445
674,1449
674,1452
674,1457
674,1460
674,1464
674,1541
674,1545
674,1548
674,1551
674,1553
674,1556
674,1559
674,1560
674,1563
674,1566
674,1581
674,1589
674,1593
674,1596
674,1607
674,1611
674,1614
674,1619
674,1622
674,1626
674,1637
674,1641
674,1644
674,1649
674,1652
674,1656
674,1677
674,1685
674,1689
674,1692
674,1799
674,1803
674,1806
674,1811
674,1814
674,1818
674,1829
674,1833
674,1836
674,1841
674,1844
674,1848
676,715
676,723
676,729
676,730
676,771
676,777
676,778
676,783
676,785
676,786
676,791
676,792
676,797
676,798
676,811
676,819
676,825
676,826
676,839
676,845
676,846
676,853
676,854
676,860
676,867
676,873
676,874
676,881
676,882
676,888
676,907
676,915
676,921
676,922
676,1025
676,1026
676,1031
676,1032
676,1037
676,1038
676,1040
676,1045
676,1046
676,1052
676,1059
676,1065
676,1066
676,1071
676,1073
676,1074
676,1079
676,1080
676,1085
676,1086
676,1093
676,1094
676,1100
676,1108
676,1121
676,1122
676,1127
676,1128
676,1133
676,1134
676,1136
676,1141
676,1142
676,1148
676,1155
676,1161
676,1162
676,1167
676,1169
676,1170
676,1175
676,1176
676,1181
676,1182
676,1195
676,1203
676,1209
676,1210
676,1223
676,1229
676,1230
676,1237
676,1238
676,1244
676,1251
676,1257
676,1258
676,1265
676,1266
676,1272
676,1285
676,1286
676,1292
676,1300
676,1313
676,1314
676,1319
676,1320
676,1325
676,1326
676,1328
676,1333
676,1334
676,1340
676,1381
676,1382
676,1388
676,1396
676,1415
676,1421
676,1422
676,1429
676,1430
676,1436
676,1443
676,1449
676,1450
676,1457
676,1458
676,1464
676,1539
676,1545
676,1546
676,1551
676,1553
676,1554
676,1559
676,1560
676,1565
676,1566
676,1579
676,1587
676,1593
676,1594
676,1607
676,1613
676,1614
676,1621
676,1622
676,1628
676,1635
676,1641
676,1642
676,1649
676,1650
676,1656
676,1675
676,1683
676,1689
676,1690
676,1799
676,1805
676,1806
676,1813
676,1814
676,1820
676,1827
676,1833
676,1834
676,1841
676,1842
676,1848
679,729
679,730
679,732
679,760
679,777
679,778
679,780
679,785
679,786
679,788
679,795
679,797
679,798
679,808
679,816
679,825
679,826
679,828
679,843
679,845
679,846
679,851
679,853
679,854
679,873
679,874
679,876
679,881
679,882
679,884
679,921
679,922
679,924
679,952
679,1025
679,1026
679,1028
679,1035
679,1037
679,1038
679,1043
679,1045
679,1046
679,1055
679,1056
679,1065
679,1066
679,1068
679,1073
679,1074
679,1076
679,1083
679,1085
679,1086
679,1091
679,1093
679,1094
679,1103
679,1111
679,1121
679,1122
679,1124
679,1131
679,1133
679,1134
679,1139
679,1141
679,1142
679,1161
679,1162
679,1164
679,1169
679,1170
679,1172
679,1179
679,1181
679,1182
679,1192
679,1200
679,1209
679,1210
679,1212
679,1227
679,1229
679,1230
679,1235
679,1237
679,1238
679,1257
679,1258
679,1260
679,1265
679,1266
679,1268
679,1283
679,1285
679,1286
679,1295
679,1303
679,1313
679,1314
679,1316
679,1323
679,1325
679,1326
679,1331
679,1333
679,1334
679,1351
679,1379
679,1381
679,1382
679,1419
679,1421
679,1422
679,1427
679,1429
679,1430
679,1449
679,1450
679,1452
679,1457
679,1458
679,1460
679,1545
679,1546
679,1548
679,1553
679,1554
679,1556
679,1563
679,1565
679,1566
679,1576
679,1584
679,1593
679,1594
679,1596
679,1611
679,1613
679,1614
679,1619
679,1621
679,1622
679,1641
679,1642
679,1644
679,1649
679,1650
679,1652
679,1689
679,1690
679,1692
679,1720
679,1803
679,1805
679,1806
679,1811
679,1813
679,1814
679,1833
679,1834
679,1836
679,1841
679,1842
679,1844
680,711
680,723
680,725
680,726
680,771
680,773
680,774
680,783
680,785
680,786
680,788
680,795
680,797
680,798
680,807
680,819
680,821
680,822
680,843
680,845
680,846
680,857
680,858
680,860
680,867
680,869
680,870
680,881
680,882
680,884
680,903
680,915
680,917
680,918
680,1025
680,1026
680,1028
680,1035
680,1037
680,1038
680,1040
680,1049
680,1050
680,1052
680,1059
680,1061
680,1062
680,1071
680,1073
680,1074
680,1076
680,1083
680,1085
680,1086
680,1097
680,1098
680,1100
680,1112
680,1121
680,1122
680,1124
680,1131
680,1133
680,1134
680,1136
680,1145
680,1146
680,1148
680,1155
680,1157
680,1158
680,1167
680,1169
680,1170
680,1172
680,1179
680,1181
680,1182
680,1191
680,1203
680,1205
680,1206
680,1227
680,1229
680,1230
680,1241
680,1242
680,1244
680,1251
680,1253
680,1254
680,1265
680,1266
680,1268
680,1289
680,1290
680,1292
680,1304
680,1313
680,1314
680,1316
680,1323
680,1325
680,1326
680,1328
680,1337
680,1338
680,1340
680,1385
680,1386
680,1388
680,1400
680,1419
680,1421
680,1422
680,1433
680,1434
680,1436
680,1443
680,1445
680,1446
680,1457
680,1458
680,1460
680,1539
680,1541
680,1542
680,1551
680,1553
680,1554
680,1556
680,1563
680,1565
680,1566
680,1575
680,1587
680,1589
680,1590
680,1611
680,1613
680,1614
680,1625
680,1626
680,1628
680,1635
680,1637
680,1638
680,1649
680,1650
680,1652
680,1671
680,1683
680,1685
680,1686
680,1803
680,1805
680,1806
680,1817
680,1818
680,1820
680,1827
680,1829
680,1830
680,1841
680,1842
680,1844
683,725
683,726
683,732
683,756
683,773
683,774
683,780
683,785
683,786
683,791
683,792
683,797
683,798
683,804
683,816
683,821
683,822
683,828
683,839
683,845
683,846
683,851
683,857
683,858
683,869
683,870
683,876
683,881
683,882
683,888
683,917
683,918
683,924
683,948
683,1025
683,1026
683,1031
683,1032
683,1037
683,1038
683,1043
683,1049
683,1050
683,1055
683,1056
683,1061
683,1062
683,1068
683,1073
683,1074
683,1079
683,1080
683,1085
683,1086
683,1091
683,1097
683,1098
683,1103
683,1115
683,1121
683,1122
683,1127
683,1128
683,1133
683,1134
683,1139
683,1145
683,1146
683,1157
683,1158
683,1164
683,1169
683,1170
683,1175
683,1176
683,1181
683,1182
683,1188
683,1200
683,1205
683,1206
683,1212
683,1223
683,1229
683,1230
683,1235
683,1241
683,1242
683,1253
683,1254
683,1260
683,1265
683,1266
683,1272
683,1283
683,1289
683,1290
683,1295
683,1307
683,1313
683,1314
683,1319
683,1320
683,1325
683,1326
683,1331
683,1337
683,1338
683,1355
683,1379
683,1385
683,1386
683,1415
683,1421
683,1422
683,1427
683,1433
683,1434
683,1445
683,1446
683,1452
683,1457
683,1458
683,1464
683,1541
683,1542
683,1548
683,1553
683,1554
683,1559
683,1560
683,1565
683,1566
683,1572
683,1584
683,1589
683,1590
683,1596
683,1607
683,1613
683,1614
683,1619
683,1625
683,1626
683,1637
683,1638
683,1644
683,1649
683,1650
683,1656
683,1685
683,1686
683,1692
683,1716
683,1799
683,1805
683,1806
683,1811
683,1817
683,1818
683,1829
683,1830
683,1836
683,1841
683,1842
683,1848
685,723
685,726
685,730
685,754
685,771
685,774
685,778
685,785
685,788
685,791
685,792
685,795
685,798
685,802
685,816
685,819
685,822
685,826
685,839
685,843
685,846
685,853
685,857
685,860
685,867
685,870
685,874
685,881
685,884
685,888
685,915
685,918
685,922
685,946
685,1025
685,1028
685,1031
685,1032
685,1035
685,1038
685,1045
685,1049
685,1052
685,1055
685,1056
685,1059
685,1062
685,1066
685,1073
685,1076
685,1079
685,1080
685,1083
685,1086
685,1093
685,1097
685,1100
685,1103
685,1117
685,1121
685,1124
685,1127
685,1128
685,1131
685,1134
685,1141
685,1145
685,1148
685,1155
685,1158
685,1162
685,1169
685,1172
685,1175
685,1176
685,1179
685,1182
685,1186
685,1200
685,1203
685,1206
685,1210
685,1223
685,1227
685,1230
685,1237
685,1241
685,1244
685,1251
685,1254
685,1258
685,1265
685,1268
685,1272
685,1285
685,1289
685,1292
685,1295
685,1309
685,1313
685,1316
685,1319
685,1320
685,1323
685,1326
685,1333
685,1337
685,1340
685,1357
685,1381
685,1385
685,1388
685,1415
685,1419
685,1422
685,1429
685,1433
685,1436
685,1443
685,1446
685,1450
685,1457
685,1460
685,1464
685,1539
685,1542
685,1546
685,1553
685,1556
685,1559
685,1560
685,1563
685,1566
685,1570
685,1584
685,1587
685,1590
685,1594
685,1607
685,1611
685,1614
685,1621
685,1625
685,1628
685,1635
685,1638
685,1642
685,1649
685,1652
685,1656
685,1683
685,1686
685,1690
685,1714
685,1799
685,1803
685,1806
685,1813
685,1817
685,1820
685,1827
685,1830
685,1834
685,1841
685,1844
685,1848
686,723
686,725
686,729
686,753
686,771
686,773
686,777
686,786
686,788
686,791
686,792
686,795
686,797
686,801
686,816
686,819
686,821
686,825
686,839
686,843
686,845
686,854
686,858
686,860
686,867
686,869
686,873
686,882
686,884
686,888
686,915
686,917
686,921
686,945
686,1026
686,1028
686,1031
686,1032
686,1035
686,1037
686,1046
686,1050
686,1052
686,1055
686,1056
686,1059
686,1061
686,1065
686,1074
686,1076
686,1079
686,1080
686,1083
686,1085
686,1094
686,1098
686,1100
686,1103
686,1118
686,1122
686,1124
686,1127
686,1128
686,1131
686,1133
686,1142
686,1146
686,1148
686,1155
686,1157
686,1161
686,1170
686,1172
686,1175
686,1176
686,1179
686,1181
686,1185
686,1200
686,1203
686,1205
686,1209
686,1223
686,1227
686,1229
686,1238
686,1242
686,1244
686,1251
686,1253
686,1257
686,1266
686,1268
686,1272
686,1286
686,1290
686,1292
686,1295
686,1310
686,1314
686,1316
686,1319
686,1320
686,1323
686,1325
686,1334
686,1338
686,1340
686,1358
686,1382
686,1386
686,1388
686,1415
686,1419
686,1421
686,1430
686,1434
686,1436
686,1443
686,1445
686,1449
686,1458
686,1460
686,1464
686,1539
686,1541
686,1545
686,1554
686,1556
686,1559
686,1560
686,1563
686,1565
686,1569
686,1584
686,1587
686,1589
686,1593
686,1607
686,1611
686,1613
686,1622
686,1626
686,1628
686,1635
686,1637
686,1641
686,1650
686,1652
686,1656
686,1683
686,1685
686,1689
686,1713
686,1799
686,1803
686,1805
686,1814
686,1818
686,1820
686,1827
686,1829
686,1833
686,1842
686,1844
686,1848
688,711
688,715
688,717
688,718
688,771
688,773
688,774
688,777
688,778
688,780
688,791
688,795
688,797
688,798
688,807
688,811
688,813
688,814
688,851
688,853
688,854
688,857
688,858
688,860
688,867
688,869
688,870
688,873
688,874
688,876
688,903
688,907
688,909
688,910
688,1025
688,1026
688,1028
688,1032
688,1043
688,1045
688,1046
688,1049
688,1050
688,1052
688,1059
688,1061
688,1062
688,1065
688,1066
688,1068
688,1079
688,1083
688,1085
688,1086
688,1105
688,1106
688,1108
688,1112
688,1121
688,1122
688,1124
688,1128
688,1139
688,1141
688,1142
688,1145
688,1146
688,1148
688,1155
688,1157
688,1158
688,1161
688,1162
688,1164
688,1175
688,1179
688,1181
688,1182
688,1191
688,1195
688,1197
688,1198
688,1235
688,1237
688,1238
688,1241
688,1242
688,1244
688,1251
688,1253
688,1254
688,1257
688,1258
688,1260
688,1297
688,1298
688,1300
688,1304
688,1313
688,1314
688,1316
688,1320
688,1331
688,1333
688,1334
688,1337
688,1338
688,1340
688,1393
688,1394
688,1396
688,1400
688,1427
688,1429
688,1430
688,1433
688,1434
688,1436
688,1443
688,1445
688,1446
688,1449
688,1450
688,1452
688,1539
688,1541
688,1542
688,1545
688,1546
688,1548
688,1559
688,1563
688,1565
688,1566
688,1575
688,1579
688,1581
688,1582
688,1619
688,1621
688,1622
688,1625
688,1626
688,1628
688,1635
688,1637
688,1638
688,1641
688,1642
688,1644
688,1671
688,1675
688,1677
688,1678
688,1811
688,1813
688,1814
688,1817
688,1818
688,1820
688,1827
688,1829
688,1830
688,1833
688,1834
688,1836
691,717
691,718
691,732
691,748
691,773
691,774
691,777
691,778
691,783
691,788
691,792
691,797
691,798
691,804
691,808
691,813
691,814
691,828
691,839
691,843
691,853
691,854
691,857
691,858
691,869
691,870
691,873
691,874
691,884
691,888
691,909
691,910
691,924
691,940
691,1025
691,1026
691,1031
691,1035
691,1040
691,1045
691,1046
691,1049
691,1050
691,1055
691,1056
691,1061
691,1062
691,1065
691,1066
691,1071
691,1076
691,1080
691,1085
691,1086
691,1091
691,1105
691,1106
691,1111
691,1115
691,1121
691,1122
691,1127
691,1131
691,1136
691,1141
691,1142
691,1145
691,1146
691,1157
691,1158
691,1161
691,1162
691,1167
691,1172
691,1176
691,1181
691,1182
691,1188
691,1192
691,1197
691,1198
691,1212
691,1223
691,1227
691,1237
691,1238
691,1241
691,1242
691,1253
691,1254
691,1257
691,1258
691,1268
691,1272
691,1283
691,1297
691,1298
691,1303
691,1307
691,1313
691,1314
691,1319
691,1323
691,1328
691,1333
691,1334
691,1337
691,1338
691,1363
691,1379
691,1393
691,1394
691,1415
691,1419
691,1429
691,1430
691,1433
691,1434
691,1445
691,1446
691,1449
691,1450
691,1460
691,1464
691,1541
691,1542
691,1545
691,1546
691,1551
691,1556
691,1560
691,1565
691,1566
691,1572
691,1576
691,1581
691,1582
691,1596
691,1607
691,1611
691,1621
691,1622
691,1625
691,1626
691,1637
691,1638
691,1641
691,1642
691,1652
691,1656
691,1677
691,1678
691,1692
691,1708
691,1799
691,1803
691,1813
691,1814
691,1817
691,1818
691,1829
691,1830
691,1833
691,1834
691,1844
691,1848
693,715
693,718
693,730
693,746
693,771
693,774
693,777
693,780
693,783
693,786
693,792
693,795
693,798
693,802
693,808
693,811
693,814
693,826
693,839
693,845
693,851
693,854
693,857
693,860
693,867
693,870
693,873
693,876
693,882
693,888
693,907
693,910
693,922
693,938
693,1025
693,1028
693,1031
693,1037
693,1040
693,1043
693,1046
693,1049
693,1052
693,1055
693,1056
693,1059
693,1062
693,1065
693,1068
693,1071
693,1074
693,1080
693,1083
693,1086
693,1093
693,1105
693,1108
693,1111
693,1117
693,1121
693,1124
693,1127
693,1133
693,1136
693,1139
693,1142
693,1145
693,1148
693,1155
693,1158
693,1161
693,1164
693,1167
693,1170
693,1176
693,1179
693,1182
693,1186
693,1192
693,1195
693,1198
693,1210
693,1223
693,1229
693,1235
693,1238
693,1241
693,1244
693,1251
693,1254
693,1257
693,1260
693,1266
693,1272
693,1285
693,1297
693,1300
693,1303
693,1309
693,1313
693,1316
693,1319
693,1325
693,1328
693,1331
693,1334
693,1337
693,1340
693,1365
693,1381
693,1393
693,1396
693,1415
693,1421
693,1427
693,1430
693,1433
693,1436
693,1443
693,1446
693,1449
693,1452
693,1458
693,1464
693,1539
693,1542
693,1545
693,1548
693,1551
693,1554
693,1560
693,1563
693,1566
693,1570
693,1576
693,1579
693,1582
693,1594
693,1607
693,1613
693,1619
693,1622
693,1625
693,1628
693,1635
693,1638
693,1641
693,1644
693,1650
693,1656
693,1675
693,1678
693,1690
693,1706
693,1799
693,1805
693,1811
693,1814
693,1817
693,1820
693,1827
693,1830
693,1833
693,1836
693,1842
693,1848
694,715
694,717
694,729
694,745
694,771
694,773
694,778
694,780
694,783
694,785
694,792
694,795
694,797
694,801
694,808
694,811
694,813
694,825
694,839
694,846
694,851
694,853
694,858
694,860
694,867
694,869
694,874
694,876
694,881
694,888
694,907
694,909
694,921
694,937
694,1026
694,1028
694,1031
694,1038
694,1040
694,1043
694,1045
694,1050
694,1052
694,1055
694,1056
694,1059
694,1061
694,1066
694,1068
694,1071
694,1073
694,1080
694,1083
694,1085
694,1094
694,1106
694,1108
694,1111
694,1118
694,1122
694,1124
694,1127
694,1134
694,1136
694,1139
694,1141
694,1146
694,1148
694,1155
694,1157
694,1162
694,1164
694,1167
694,1169
694,1176
694,1179
694,1181
694,1185
694,1192
694,1195
694,1197
694,1209
694,1223
694,1230
694,1235
694,1237
694,1242
694,1244
694,1251
694,1253
694,1258
694,1260
694,1265
694,1272
694,1286
694,1298
694,1300
694,1303
694,1310
694,1314
694,1316
694,1319
694,1326
694,1328
694,1331
694,1333
694,1338
694,1340
694,1366
694,1382
694,1394
694,1396
694,1415
694,1422
694,1427
694,1429
694,1434
694,1436
694,1443
694,1445
694,1450
694,1452
694,1457
694,1464
694,1539
694,1541
694,1546
694,1548
694,1551
694,1553
694,1560
694,1563
694,1565
694,1569
694,1576
694,1579
694,1581
694,1593
694,1607
694,1614
694,1619
694,1621
694,1626
694,1628
694,1635
694,1637
694,1642
694,1644
694,1649
694,1656
694,1675
694,1677
694,1689
694,1705
694,1799
694,1806
694,1811
694,1813
694,1818
694,1820
694,1827
694,1829
694,1834
694,1836
694,1841
694,1848
697,711
697,718
697,726
697,742
697,771
697,773
697,778
697,780
697,783
697,786
697,788
697,791
697,798
697,802
697,804
697,807
697,814
697,822
697,843
697,845
697,851
697,853
697,858
697,860
697,867
697,869
697,874
697,876
697,882
697,884
697,903
697,910
697,918
697,934
697,1025
697,1032
697,1035
697,1037
697,1040
697,1043
697,1045
697,1050
697,1052
697,1055
697,1056
697,1059
697,1061
697,1066
697,1068
697,1071
697,1074
697,1076
697,1079
697,1086
697,1097
697,1105
697,1112
697,1115
697,1117
697,1121
697,1128
697,1131
697,1133
697,1136
697,1139
697,1141
697,1146
697,1148
697,1155
697,1157
697,1162
697,1164
697,1167
697,1170
697,1172
697,1175
697,1182
697,1186
697,1188
697,1191
697,1198
697,1206
697,1227
697,1229
697,1235
697,1237
697,1242
697,1244
697,1251
697,1253
697,1258
697,1260
697,1266
697,1268
697,1289
697,1297
697,1304
697,1307
697,1309
697,1313
697,1320
697,1323
697,1325
697,1328
697,1331
697,1333
697,1338
697,1340
697,1369
697,1385
697,1393
697,1400
697,1419
697,1421
697,1427
697,1429
697,1434
697,1436
697,1443
697,1445
697,1450
697,1452
697,1458
697,1460
697,1539
697,1541
697,1546
697,1548
697,1551
697,1554
697,1556
697,1559
697,1566
697,1570
697,1572
697,1575
697,1582
697,1590
697,1611
697,1613
697,1619
697,1621
697,1626
697,1628
697,1635
697,1637
697,1642
697,1644
697,1650
697,1652
697,1671
697,1678
697,1686
697,1702
697,1803
697,1805
697,1811
697,1813
697,1818
697,1820
697,1827
697,1829
697,1834
697,1836
697,1842
697,1844
698,711
698,717
698,725
698,741
698,771
698,774
698,777
698,780
698,783
698,785
698,788
698,791
698,797
698,801
698,804
698,807
698,813
698,821
698,843
698,846
698,851
698,854
698,857
698,860
698,867
698,870
698,873
698,876
698,881
698,884
698,903
698,909
698,917
698,933
698,1026
698,1032
698,1035
698,1038
698,1040
698,1043
698,1046
698,1049
698,1052
698,1055
698,1056
698,1059
698,1062
698,1065
698,1068
698,1071
698,1073
698,1076
698,1079
698,1085
698,1098
698,1106
698,1112
698,1115
698,1118
698,1122
698,1128
698,1131
698,1134
698,1136
698,1139
698,1142
698,1145
698,1148
698,1155
698,1158
698,1161
698,1164
698,1167
698,1169
698,1172
698,1175
698,1181
698,1185
698,1188
698,1191
698,1197
698,1205
698,1227
698,1230
698,1235
698,1238
698,1241
698,1244
698,1251
698,1254
698,1257
698,1260
698,1265
698,1268
698,1290
698,1298
698,1304
698,1307
698,1310
698,1314
698,1320
698,1323
698,1326
698,1328
698,1331
698,1334
698,1337
698,1340
698,1370
698,1386
698,1394
698,1400
698,1419
698,1422
698,1427
698,1430
698,1433
698,1436
698,1443
698,1446
698,1449
698,1452
698,1457
698,1460
698,1539
698,1542
698,1545
698,1548
698,1551
698,1553
698,1556
698,1559
698,1565
698,1569
698,1572
698,1575
698,1581
698,1589
698,1611
698,1614
698,1619
698,1622
698,1625
698,1628
698,1635
698,1638
698,1641
698,1644
698,1649
698,1652
698,1671
698,1677
698,1685
698,1701
698,1803
698,1806
698,1811
698,1814
698,1817
698,1820
698,1827
698,1830
698,1833
698,1836
698,1841
698,1844
700,711
700,715
700,723
700,739
700,773
700,774
700,777
700,778
700,783
700,785
700,786
700,791
700,795
700,801
700,802
700,807
700,811
700,819
700,845
700,846
700,853
700,854
700,857
700,858
700,869
700,870
700,873
700,874
700,881
700,882
700,903
700,907
700,915
700,931
700,1028
700,1032
700,1037
700,1038
700,1040
700,1045
700,1046
700,1049
700,1050
700,1055
700,1056
700,1061
700,1062
700,1065
700,1066
700,1071
700,1073
700,1074
700,1079
700,1083
700,1100
700,1108
700,1112
700,1117
700,1118
700,1124
700,1128
700,1133
700,1134
700,1136
700,1141
700,1142
700,1145
700,1146
700,1157
700,1158
700,1161
700,1162
700,1167
700,1169
700,1170
700,1175
700,1179
700,1185
700,1186
700,1191
700,1195
700,1203
700,1229
700,1230
700,1237
700,1238
700,1241
700,1242
700,1253
700,1254
700,1257
700,1258
700,1265
700,1266
700,1292
700,1300
700,1304
700,1309
700,1310
700,1316
700,1320
700,1325
700,1326
700,1328
700,1333
700,1334
700,1337
700,1338
700,1372
700,1388
700,1396
700,1400
700,1421
700,1422
700,1429
700,1430
700,1433
700,1434
700,1445
700,1446
700,1449
700,1450
700,1457
700,1458
700,1541
700,1542
700,1545
700,1546
700,1551
700,1553
700,1554
700,1559
700,1563
700,1569
700,1570
700,1575
700,1579
700,1587
700,1613
700,1614
700,1621
700,1622
700,1625
700,1626
700,1637
700,1638
700,1641
700,1642
700,1649
700,1650
700,1671
700,1675
700,1683
700,1699
700,1805
700,1806
700,1813
700,1814
700,1817
700,1818
700,1829
700,1830
700,1833
700,1834
700,1841
700,1842
711,760
711,777
711,778
711,780
711,785
711,786
711,788
711,795
711,797
711,798
711,801
711,802
711,804
711,811
711,813
711,814
711,819
711,821
711,822
711,857
711,858
711,860
711,873
711,874
711,876
711,881
711,882
711,884
711,921
711,922
711,924
711,937
711,938
711,940
711,945
711,946
711,948
711,1025
711,1026
711,1028
711,1035
711,1037
711,1038
711,1043
711,1045
711,1046
711,1055
711,1059
711,1061
711,1062
711,1071
711,1079
711,1097
711,1098
711,1100
711,1105
711,1106
711,1108
711,1115
711,1117
711,1118
711,1121
711,1122
711,1124
711,1131
711,1133
711,1134
711,1139
711,1141
711,1142
711,1161
711,1162
711,1164
711,1169
711,1170
711,1172
711,1179
711,1181
711,1182
711,1185
711,1186
711,1188
711,1195
711,1197
711,1198
711,1203
711,1205
711,1206
711,1241
711,1242
711,1244
711,1257
711,1258
711,1260
711,1265
711,1266
711,1268
711,1283
711,1285
711,1286
711,1295
711,1303
711,1319
711,1355
711,1357
711,1358
711,1363
711,1365
711,1366
711,1379
711,1381
711,1382
711,1419
711,1421
711,1422
711,1427
711,1429
711,1430
711,1443
711,1445
711,1446
711,1545
711,1546
711,1548
711,1553
711,1554
711,1556
711,1563
711,1565
711,1566
711,1569
711,1570
711,1572
711,1579
711,1581
711,1582
711,1587
711,1589
711,1590
711,1625
711,1626
711,1628
711,1641
711,1642
711,1644
711,1649
711,1650
711,1652
711,1689
711,1690
711,1692
711,1705
711,1706
711,1708
711,1713
711,1714
711,1716
711,1803
711,1805
711,1806
711,1811
711,1813
711,1814
711,1827
711,1829
711,1830
715,756
715,773
715,774
715,780
715,785
715,786
715,791
715,792
715,797
715,798
715,801
715,802
715,807
715,808
715,813
715,814
715,819
715,825
715,826
715,853
715,854
715,860
715,869
715,870
715,876
715,881
715,882
715,888
715,917
715,918
715,924
715,933
715,934
715,940
715,945
715,946
715,952
715,1025
715,1026
715,1031
715,1032
715,1037
715,1038
715,1043
715,1049
715,1050
715,1055
715,1059
715,1065
715,1066
715,1071
715,1083
715,1093
715,1094
715,1100
715,1105
715,1106
715,1111
715,1112
715,1117
715,1118
715,1121
715,1122
715,1127
715,1128
715,1133
715,1134
715,1139
715,1145
715,1146
715,1157
715,1158
715,1164
715,1169
715,1170
715,1175
715,1176
715,1181
715,1182
715,1185
715,1186
715,1191
715,1192
715,1197
715,1198
715,1203
715,1209
715,1210
715,1237
715,1238
715,1244
715,1253
715,1254
715,1260
715,1265
715,1266
715,1272
715,1283
715,1289
715,1290
715,1295
715,1307
715,1323
715,1351
715,1357
715,1358
715,1363
715,1369
715,1370
715,1379
715,1385
715,1386
715,1415
715,1421
715,1422
715,1427
715,1433
715,1434
715,1443
715,1449
715,1450
715,1541
715,1542
715,1548
715,1553
715,1554
715,1559
715,1560
715,1565
715,1566
715,1569
715,1570
715,1575
715,1576
715,1581
715,1582
715,1587
715,1593
715,1594
715,1621
715,1622
715,1628
715,1637
715,1638
715,1644
715,1649
715,1650
715,1656
715,1685
715,1686
715,1692
715,1701
715,1702
715,1708
715,1713
715,1714
715,1720
715,1799
715,1805
715,1806
715,1811
715,1817
715,1818
715,1827
715,1833
715,1834
717,754
717,771
717,774
717,778
717,785
717,788
717,791
717,792
717,795
717,798
717,801
717,804
717,807
717,808
717,811
717,814
717,821
717,825
717,828
717,851
717,854
717,858
717,867
717,870
717,874
717,881
717,884
717,888
717,915
717,918
717,922
717,931
717,934
717,938
717,945
717,948
717,952
717,1025
717,1028
717,1031
717,1032
717,1035
717,1038
717,1045
717,1049
717,1052
717,1055
717,1061
717,1065
717,1068
717,1071
717,1085
717,1091
717,1094
717,1098
717,1105
717,1108
717,1111
717,1112
717,1115
717,1118
717,1121
717,1124
717,1127
717,1128
717,1131
717,1134
717,1141
717,1145
717,1148
717,1155
717,1158
717,1162
717,1169
717,1172
717,1175
717,1176
717,1179
717,1182
717,1185
717,1188
717,1191
717,1192
717,1195
717,1198
717,1205
717,1209
717,1212
717,1235
717,1238
717,1242
717,1251
717,1254
717,1258
717,1265
717,1268
717,1272
717,1285
717,1289
717,1292
717,1295
717,1309
717,1325
717,1351
717,1355
717,1358
717,1365
717,1369
717,1372
717,1381
717,1385
717,1388
717,1415
717,1419
717,1422
717,1429
717,1433
717,1436
717,1445
717,1449
717,1452
717,1539
717,1542
717,1546
717,1553
717,1556
717,1559
717,1560
717,1563
717,1566
717,1569
717,1572
717,1575
717,1576
717,1579
717,1582
717,1589
717,1593
717,1596
717,1619
717,1622
717,1626
717,1635
717,1638
717,1642
717,1649
717,1652
717,1656
717,1683
717,1686
717,1690
717,1699
717,1702
717,1706
717,1713
717,1716
717,1720
717,1799
717,1803
717,1806
717,1813
717,1817
717,1820
717,1829
717,1833
717,1836
718,753
718,771
718,773
718,777
718,786
718,788
718,791
718,792
718,795
718,797
718,802
718,804
718,807
718,808
718,811
718,813
718,822
718,826
718,828
718,851
718,853
718,857
718,867
718,869
718,873
718,882
718,884
718,888
718,915
718,917
718,921
718,931
718,933
718,937
718,946
718,948
718,952
718,1026
718,1028
718,1031
718,1032
718,1035
718,1037
718,1046
718,1050
718,1052
718,1055
718,1062
718,1066
718,1068
718,1071
718,1086
718,1091
718,1093
718,1097
718,1106
718,1108
718,1111
718,1112
718,1115
718,1117
718,1122
718,1124
718,1127
718,1128
718,1131
718,1133
718,1142
718,1146
718,1148
718,1155
718,1157
718,1161
718,1170
718,1172
718,1175
718,1176
718,1179
718,1181
718,1186
718,1188
718,1191
718,1192
718,1195
718,1197
718,1206
718,1210
718,1212
718,1235
718,1237
718,1241
718,1251
718,1253
718,1257
718,1266
718,1268
718,1272
718,1286
718,1290
718,1292
718,1295
718,1310
718,1326
718,1351
718,1355
718,1357
718,1366
718,1370
718,1372
718,1382
718,1386
718,1388
718,1415
718,1419
718,1421
718,1430
718,1434
718,1436
718,1446
718,1450
718,1452
718,1539
718,1541
718,1545
718,1554
718,1556
718,1559
718,1560
718,1563
718,1565
718,1570
718,1572
718,1575
718,1576
718,1579
718,1581
718,1590
718,1594
718,1596
718,1619
718,1621
718,1625
718,1635
718,1637
718,1641
718,1650
718,1652
718,1656
718,1683
718,1685
718,1689
718,1699
718,1701
718,1705
718,1714
718,1716
718,1720
718,1799
718,1803
718,1805
718,1814
718,1818
718,1820
718,1830
718,1834
718,1836
723,748
723,773
723,774
723,777
723,778
723,783
723,788
723,792
723,797
723,798
723,801
723,802
723,807
723,811
723,816
723,821
723,822
723,825
723,826
723,845
723,846
723,860
723,869
723,870
723,873
723,874
723,884
723,888
723,909
723,910
723,924
723,933
723,934
723,937
723,938
723,948
723,952
723,1025
723,1026
723,1031
723,1035
723,1040
723,1045
723,1046
723,1049
723,1050
723,1055
723,1059
723,1073
723,1074
723,1079
723,1083
723,1093
723,1094
723,1097
723,1098
723,1103
723,1108
723,1112
723,1117
723,1118
723,1121
723,1122
723,1127
723,1131
723,1136
723,1141
723,1142
723,1145
723,1146
723,1157
723,1158
723,1161
723,1162
723,1167
723,1172
723,1176
723,1181
723,1182
723,1185
723,1186
723,1191
723,1195
723,1200
723,1205
723,1206
723,1209
723,1210
723,1229
723,1230
723,1244
723,1253
723,1254
723,1257
723,1258
723,1268
723,1272
723,1283
723,1297
723,1298
723,1303
723,1307
723,1331
723,1351
723,1355
723,1365
723,1366
723,1369
723,1370
723,1379
723,1393
723,1394
723,1415
723,1419
723,1429
723,1430
723,1433
723,1434
723,1443
723,1457
723,1458
723,1541
723,1542
723,1545
723,1546
723,1551
723,1556
723,1560
723,1565
723,1566
723,1569
723,1570
723,1575
723,1579
723,1584
723,1589
723,1590
723,1593
723,1594
723,1613
723,1614
723,1628
723,1637
723,1638
723,1641
723,1642
723,1652
723,1656
723,1677
723,1678
723,1692
723,1701
723,1702
723,1705
723,1706
723,1716
723,1720
723,1799
723,1803
723,1813
723,1814
723,1817
723,1818
723,1827
723,1841
723,1842
725,746
725,771
725,774
725,777
725,780
725,783
725,786
725,792
725,795
725,798
725,801
725,804
725,807
725,813
725,816
725,819
725,822
725,825
725,828
725,843
725,846
725,858
725,867
725,870
725,873
725,876
725,882
725,888
725,907
725,910
725,922
725,931
725,934
725,937
725,940
725,946
725,952
725,1025
725,1028
725,1031
725,1037
725,1040
725,1043
725,1046
725,1049
725,1052
725,1055
725,1061
725,1073
725,1076
725,1079
725,1085
725,1091
725,1094
725,1097
725,1100
725,1103
725,1106
725,1112
725,1115
725,1118
725,1121
725,1124
725,1127
725,1133
725,1136
725,1139
725,1142
725,1145
725,1148
725,1155
725,1158
725,1161
725,1164
725,1167
725,1170
725,1176
725,1179
725,1182
725,1185
725,1188
725,1191
725,1197
725,1200
725,1203
725,1206
725,1209
725,1212
725,1227
725,1230
725,1242
725,1251
725,1254
725,1257
725,1260
725,1266
725,1272
725,1285
725,1297
725,1300
725,1303
725,1309
725,1333
725,1351
725,1357
725,1363
725,1366
725,1369
725,1372
725,1381
725,1393
725,1396
725,1415
725,1421
725,1427
725,1430
725,1433
725,1436
725,1445
725,1457
725,1460
725,1539
725,1542
725,1545
725,1548
725,1551
725,1554
725,1560
725,1563
725,1566
725,1569
725,1572
725,1575
725,1581
725,1584
725,1587
725,1590
725,1593
725,1596
725,1611
725,1614
725,1626
725,1635
725,1638
725,1641
725,1644
725,1650
725,1656
725,1675
725,1678
725,1690
725,1699
725,1702
725,1705
725,1708
725,1714
725,1720
725,1799
725,1805
725,1811
725,1814
725,1817
725,1820
725,1829
725,1841
725,1844
726,745
726,771
726,773
726,778
726,780
726,783
726,785
726,792
726,795
726,797
726,802
726,804
726,807
726,814
726,816
726,819
726,821
726,826
726,828
726,843
726,845
726,857
726,867
726,869
726,874
726,876
726,881
726,888
726,907
726,909
726,921
726,931
726,933
726,938
726,940
726,945
726,952
726,1026
726,1028
726,1031
726,1038
726,1040
726,1043
726,1045
726,1050
726,1052
726,1055
726,1062
726,1074
726,1076
726,1079
726,1086
726,1091
726,1093
726,1098
726,1100
726,1103
726,1105
726,1112
726,1115
726,1117
726,1122
726,1124
726,1127
726,1134
726,1136
726,1139
726,1141
726,1146
726,1148
726,1155
726,1157
726,1162
726,1164
726,1167
726,1169
726,1176
726,1179
726,1181
726,1186
726,1188
726,1191
726,1198
726,1200
726,1203
726,1205
726,1210
726,1212
726,1227
726,1229
726,1241
726,1251
726,1253
726,1258
726,1260
726,1265
726,1272
726,1286
726,1298
726,1300
726,1303
726,1310
726,1334
726,1351
726,1358
726,1363
726,1365
726,1370
726,1372
726,1382
726,1394
726,1396
726,1415
726,1422
726,1427
726,1429
726,1434
726,1436
726,1446
726,1458
726,1460
726,1539
726,1541
726,1546
726,1548
726,1551
726,1553
726,1560
726,1563
726,1565
726,1570
726,1572
726,1575
726,1582
726,1584
726,1587
726,1589
726,1594
726,1596
726,1611
726,1613
726,1625
726,1635
726,1637
726,1642
726,1644
726,1649
726,1656
726,1675
726,1677
726,1689
726,1699
726,1701
726,1706
726,1708
726,1713
726,1720
726,1799
726,1806
726,1811
726,1813
726,1818
726,1820
726,1830
726,1842
726,1844
729,742
729,771
729,773
729,778
729,780
729,783
729,786
729,788
729,791
729,798
729,801
729,808
729,811
729,813
729,816
729,819
729,821
729,826
729,828
729,839
729,846
729,854
729,867
729,869
729,874
729,876
729,882
729,884
729,903
729,910
729,918
729,931
729,933
729,938
729,940
729,946
729,948
729,1025
729,1032
729,1035
729,1037
729,1040
729,1043
729,1045
729,1050
729,1052
729,1055
729,1065
729,1073
729,1080
729,1083
729,1085
729,1091
729,1093
729,1098
729,1100
729,1103
729,1106
729,1108
729,1111
729,1118
729,1121
729,1128
729,1131
729,1133
729,1136
729,1139
729,1141
729,1146
729,1148
729,1155
729,1157
729,1162
729,1164
729,1167
729,1170
729,1172
729,1175
729,1182
729,1185
729,1192
729,1195
729,1197
729,1200
729,1203
729,1205
729,1210
729,1212
729,1223
729,1230
729,1238
729,1251
729,1253
729,1258
729,1260
729,1266
729,1268
729,1289
729,1297
729,1304
729,1307
729,1309
729,1337
729,1355
729,1357
729,1363
729,1365
729,1370
729,1372
729,1385
729,1393
729,1400
729,1419
729,1421
729,1427
729,1429
729,1434
729,1436
729,1449
729,1457
729,1464
729,1539
729,1541
729,1546
729,1548
729,1551
729,1554
729,1556
729,1559
729,1566
729,1569
729,1576
729,1579
729,1581
729,1584
729,1587
729,1589
729,1594
729,1596
729,1607
729,1614
729,1622
729,1635
729,1637
729,1642
729,1644
729,1650
729,1652
729,1671
729,1678
729,1686
729,1699
729,1701
729,1706
729,1708
729,1714
729,1716
729,1803
729,1805
729,1811
729,1813
729,1818
729,1820
729,1833
729,1841
729,1848
730,741
730,771
730,774
730,777
730,780
730,783
730,785
730,788
730,791
730,797
730,802
730,808
730,811
730,814
730,816
730,819
730,822
730,825
730,828
730,839
730,845
730,853
730,867
730,870
730,873
730,876
730,881
730,884
730,903
730,909
730,917
730,931
730,934
730,937
730,940
730,945
730,948
730,1026
730,1032
730,1035
730,1038
730,1040
730,1043
730,1046
730,1049
730,1052
730,1055
730,1066
730,1074
730,1080
730,1083
730,1086
730,1091
730,1094
730,1097
730,1100
730,1103
730,1105
730,1108
730,1111
730,1117
730,1122
730,1128
730,1131
730,1134
730,1136
730,1139
730,1142
730,1145
730,1148
730,1155
730,1158
730,1161
730,1164
730,1167
730,1169
730,1172
730,1175
730,1181
730,1186
730,1192
730,1195
730,1198
730,1200
730,1203
730,1206
730,1209
730,1212
730,1223
730,1229
730,1237
730,1251
730,1254
730,1257
730,1260
730,1265
730,1268
730,1290
730,1298
730,1304
730,1307
730,1310
730,1338
730,1355
730,1358
730,1363
730,1366
730,1369
730,1372
730,1386
730,1394
730,1400
730,1419
730,1422
730,1427
730,1430
730,1433
730,1436
730,1450
730,1458
730,1464
730,1539
730,1542
730,1545
730,1548
730,1551
730,1553
730,1556
730,1559
730,1565
730,1570
730,1576
730,1579
730,1582
730,1584
730,1587
730,1590
730,1593
730,1596
730,1607
730,1613
730,1621
730,1635
730,1638
730,1641
730,1644
730,1649
730,1652
730,1671
730,1677
730,1685
730,1699
730,1702
730,1705
730,1708
730,1713
730,1716
730,1803
730,1806
730,1811
730,1814
730,1817
730,1820
730,1834
730,1842
730,1848
732,739
732,773
732,774
732,777
732,778
732,783
732,785
732,786
732,791
732,795
732,804
732,808
732,813
732,814
732,816
732,821
732,822
732,825
732,826
732,839
732,843
732,851
732,869
732,870
732,873
732,874
732,881
732,882
732,903
732,907
732,915
732,933
732,934
732,937
732,938
732,945
732,946
732,1028
732,1032
732,1037
732,1038
732,1040
732,1045
732,1046
732,1049
732,1050
732,1055
732,1068
732,1076
732,1080
732,1085
732,1086
732,1093
732,1094
732,1097
732,1098
732,1103
732,1105
732,1106
732,1111
732,1115
732,1124
732,1128
732,1133
732,1134
732,1136
732,1141
732,1142
732,1145
732,1146
732,1157
732,1158
732,1161
732,1162
732,1167
732,1169
732,1170
732,1175
732,1179
732,1188
732,1192
732,1197
732,1198
732,1200
732,1205
732,1206
732,1209
732,1210
732,1223
732,1227
732,1235
732,1253
732,1254
732,1257
732,1258
732,1265
732,1266
732,1292
732,1300
732,1304
732,1309
732,1310
732,1340
732,1357
732,1358
732,1365
732,1366
732,1369
732,1370
732,1388
732,1396
732,1400
732,1421
732,1422
732,1429
732,1430
732,1433
732,1434
732,1452
732,1460
732,1464
732,1541
732,1542
732,1545
732,1546
732,1551
732,1553
732,1554
732,1559
732,1563
732,1572
732,1576
732,1581
732,1582
732,1584
732,1589
732,1590
732,1593
732,1594
732,1607
732,1611
732,1619
732,1637
732,1638
732,1641
732,1642
732,1649
732,1650
732,1671
732,1675
732,1683
732,1701
732,1702
732,1705
732,1706
732,1713
732,1714
732,1805
732,1806
732,1813
732,1814
732,1817
732,1818
732,1836
732,1844
732,1848
739,773
739,774
739,777
739,778
739,783
739,785
739,786
739,791
739,795
739,804
739,808
739,813
739,814
739,816
739,821
739,822
739,825
739,826
739,845
739,846
739,853
739,854
739,857
739,858
739,876
739,884
739,888
739,909
739,910
739,917
739,918
739,921
739,922
739,940
739,948
739,952
739,1025
739,1026
739,1031
739,1035
739,1043
739,1056
739,1061
739,1062
739,1065
739,1066
739,1071
739,1073
739,1074
739,1079
739,1083
739,1093
739,1094
739,1097
739,1098
739,1103
739,1105
739,1106
739,1111
739,1115
739,1124
739,1128
739,1133
739,1134
739,1136
739,1141
739,1142
739,1145
739,1146
739,1157
739,1158
739,1161
739,1162
739,1167
739,1169
739,1170
739,1175
739,1179
739,1188
739,1192
739,1197
739,1198
739,1200
739,1205
739,1206
739,1209
739,1210
739,1229
739,1230
739,1237
739,1238
739,1241
739,1242
739,1260
739,1268
739,1272
739,1283
739,1313
739,1314
739,1319
739,1323
739,1331
739,1351
739,1355
739,1363
739,1381
739,1382
739,1385
739,1386
739,1393
739,1394
739,1415
739,1419
739,1427
739,1445
739,1446
739,1449
739,1450
739,1457
739,1458
739,1541
739,1542
739,1545
739,1546
739,1551
739,1553
739,1554
739,1559
739,1563
739,1572
739,1576
739,1581
739,1582
739,1584
739,1589
739,1590
739,1593
739,1594
739,1613
739,1614
739,1621
739,1622
739,1625
739,1626
739,1644
739,1652
739,1656
739,1677
739,1678
739,1685
739,1686
739,1689
739,1690
739,1708
739,1716
739,1720
739,1799
739,1803
739,1811
739,1829
739,1830
739,1833
739,1834
739,1841
739,1842
741,771
741,774
741,777
741,780
741,783
741,785
741,788
741,791
741,797
741,802
741,808
741,811
741,814
741,816
741,819
741,822
741,825
741,828
741,843
741,846
741,851
741,854
741,857
741,860
741,874
741,882
741,888
741,907
741,910
741,915
741,918
741,921
741,924
741,938
741,946
741,952
741,1025
741,1028
741,1031
741,1037
741,1045
741,1056
741,1059
741,1062
741,1065
741,1068
741,1071
741,1073
741,1076
741,1079
741,1085
741,1091
741,1094
741,1097
741,1100
741,1103
741,1105
741,1108
741,1111
741,1117
741,1122
741,1128
741,1131
741,1134
741,1136
741,1139
741,1142
741,1145
741,1148
741,1155
741,1158
741,1161
741,1164
741,1167
741,1169
741,1172
741,1175
741,1181
741,1186
741,1192
741,1195
741,1198
741,1200
741,1203
741,1206
741,1209
741,1212
741,1227
741,1230
741,1235
741,1238
741,1241
741,1244
741,1258
741,1266
741,1272
741,1285
741,1313
741,1316
741,1319
741,1325
741,1333
741,1351
741,1357
741,1365
741,1379
741,1382
741,1385
741,1388
741,1393
741,1396
741,1415
741,1421
741,1429
741,1443
741,1446
741,1449
741,1452
741,1457
741,1460
741,1539
741,1542
741,1545
741,1548
741,1551
741,1553
741,1556
741,1559
741,1565
741,1570
741,1576
741,1579
741,1582
741,1584
741,1587
741,1590
741,1593
741,1596
741,1611
741,1614
741,1619
741,1622
741,1625
741,1628
741,1642
741,1650
741,1656
741,1675
741,1678
741,1683
741,1686
741,1689
741,1692
741,1706
741,1714
741,1720
741,1799
741,1805
741,1813
741,1827
741,1830
741,1833
741,1836
741,1841
741,1844
742,771
742,773
742,778
742,780
742,783
742,786
742,788
742,791
742,798
742,801
742,808
742,811
742,813
742,816
742,819
742,821
742,826
742,828
742,843
742,845
742,851
742,853
742,858
742,860
742,873
742,881
742,888
742,907
742,909
742,915
742,917
742,922
742,924
742,937
742,945
742,952
742,1026
742,1028
742,1031
742,1038
742,1046
742,1056
742,1059
742,1061
742,1066
742,1068
742,1071
742,1074
742,1076
742,1079
742,1086
742,1091
742,1093
742,1098
742,1100
742,1103
742,1106
742,1108
742,1111
742,1118
742,1121
742,1128
742,1131
742,1133
742,1136
742,1139
742,1141
742,1146
742,1148
742,1155
742,1157
742,1162
742,1164
742,1167
742,1170
742,1172
742,1175
742,1182
742,1185
742,1192
742,1195
742,1197
742,1200
742,1203
742,1205
742,1210
742,1212
742,1227
742,1229
742,1235
742,1237
742,1242
742,1244
742,1257
742,1265
742,1272
742,1286
742,1314
742,1316
742,1319
742,1326
742,1334
742,1351
742,1358
742,1366
742,1379
742,1381
742,1386
742,1388
742,1394
742,1396
742,1415
742,1422
742,1430
742,1443
742,1445
742,1450
742,1452
742,1458
742,1460
742,1539
742,1541
742,1546
742,1548
742,1551
742,1554
742,1556
742,1559
742,1566
742,1569
742,1576
742,1579
742,1581
742,1584
742,1587
742,1589
742,1594
742,1596
742,1611
742,1613
742,1619
742,1621
742,1626
742,1628
742,1641
742,1649
742,1656
742,1675
742,1677
742,1683
742,1685
742,1690
742,1692
742,1705
742,1713
742,1720
742,1799
742,1806
742,1814
742,1827
742,1829
742,1834
742,1836
742,1842
742,1844
745,771
745,773
745,778
745,780
745,783
745,785
745,792
745,795
745,797
745,802
745,804
745,807
745,814
745,816
745,819
745,821
745,826
745,828
745,839
745,846
745,851
745,853
745,858
745,860
745,870
745,882
745,884
745,903
745,910
745,915
745,917
745,922
745,924
745,934
745,946
745,948
745,1025
745,1032
745,1035
745,1037
745,1049
745,1056
745,1059
745,1061
745,1066
745,1068
745,1071
745,1073
745,1080
745,1083
745,1085
745,1091
745,1093
745,1098
745,1100
745,1103
745,1105
745,1112
745,1115
745,1117
745,1122
745,1124
745,1127
745,1134
745,1136
745,1139
745,1141
745,1146
745,1148
745,1155
745,1157
745,1162
745,1164
745,1167
745,1169
745,1176
745,1179
745,1181
745,1186
745,1188
745,1191
745,1198
745,1200
745,1203
745,1205
745,1210
745,1212
745,1223
745,1230
745,1235
745,1237
745,1242
745,1244
745,1254
745,1266
745,1268
745,1289
745,1313
745,1320
745,1323
745,1325
745,1337
745,1355
745,1357
745,1369
745,1379
745,1381
745,1386
745,1388
745,1393
745,1400
745,1419
745,1421
745,1433
745,1443
745,1445
745,1450
745,1452
745,1457
745,1464
745,1539
745,1541
745,1546
745,1548
745,1551
745,1553
745,1560
745,1563
745,1565
745,1570
745,1572
745,1575
745,1582
745,1584
745,1587
745,1589
745,1594
745,1596
745,1607
745,1614
745,1619
745,1621
745,1626
745,1628
745,1638
745,1650
745,1652
745,1671
745,1678
745,1683
745,1685
745,1690
745,1692
745,1702
745,1714
745,1716
745,1803
745,1805
745,1817
745,1827
745,1829
745,1834
745,1836
745,1841
745,1848
746,771
746,774
746,777
746,780
746,783
746,786
746,792
746,795
746,798
746,801
746,804
746,807
746,813
746,816
746,819
746,822
746,825
746,828
746,839
746,845
746,851
746,854
746,857
746,860
746,869
746,881
746,884
746,903
746,909
746,915
746,918
746,921
746,924
746,933
746,945
746,948
746,1026
746,1032
746,1035
746,1038
746,1050
746,1056
746,1059
746,1062
746,1065
746,1068
746,1071
746,1074
746,1080
746,1083
746,1086
746,1091
746,1094
746,1097
746,1100
746,1103
746,1106
746,1112
746,1115
746,1118
746,1121
746,1124
746,1127
746,1133
746,1136
746,1139
746,1142
746,1145
746,1148
746,1155
746,1158
746,1161
746,1164
746,1167
746,1170
746,1176
746,1179
746,1182
746,1185
746,1188
746,1191
746,1197
746,1200
746,1203
746,1206
746,1209
746,1212
746,1223
746,1229
746,1235
746,1238
746,1241
746,1244
746,1253
746,1265
746,1268
746,1290
746,1314
746,1320
746,1323
746,1326
746,1338
746,1355
746,1358
746,1370
746,1379
746,1382
746,1385
746,1388
746,1394
746,1400
746,1419
746,1422
746,1434
746,1443
746,1446
746,1449
746,1452
746,1458
746,1464
746,1539
746,1542
746,1545
746,1548
746,1551
746,1554
746,1560
746,1563
746,1566
746,1569
746,1572
746,1575
746,1581
746,1584
746,1587
746,1590
746,1593
746,1596
746,1607
746,1613
746,1619
746,1622
746,1625
746,1628
746,1637
746,1649
746,1652
746,1671
746,1677
746,1683
746,1686
746,1689
746,1692
746,1701
746,1713
746,1716
746,1803
746,1806
746,1818
746,1827
746,1830
746,1833
746,1836
746,1842
746,1848
748,773
748,774
748,777
748,778
748,783
748,788
748,792
748,797
748,798
748,801
748,802
748,807
748,811
748,816
748,821
748,822
748,825
748,826
748,839
748,843
748,853
748,854
748,857
748,858
748,867
748,881
748,882
748,903
748,907
748,917
748,918
748,921
748,922
748,931
748,945
748,946
748,1028
748,1032
748,1037
748,1038
748,1052
748,1056
748,1061
748,1062
748,1065
748,1066
748,1071
748,1076
748,1080
748,1085
748,1086
748,1093
748,1094
748,1097
748,1098
748,1103
748,1108
748,1112
748,1117
748,1118
748,1121
748,1122
748,1127
748,1131
748,1136
748,1141
748,1142
748,1145
748,1146
748,1157
748,1158
748,1161
748,1162
748,1167
748,1172
748,1176
748,1181
748,1182
748,1185
748,1186
748,1191
748,1195
748,1200
748,1205
748,1206
748,1209
748,1210
748,1223
748,1227
748,1237
748,1238
748,1241
748,1242
748,1251
748,1265
748,1266
748,1292
748,1316
748,1320
748,1325
748,1326
748,1340
748,1357
748,1358
748,1372
748,1381
748,1382
748,1385
748,1386
748,1396
748,1400
748,1421
748,1422
748,1436
748,1445
748,1446
748,1449
748,1450
748,1460
748,1464
748,1541
748,1542
748,1545
748,1546
748,1551
748,1556
748,1560
748,1565
748,1566
748,1569
748,1570
748,1575
748,1579
748,1584
748,1589
748,1590
748,1593
748,1594
748,1607
748,1611
748,1621
748,1622
748,1625
748,1626
748,1635
748,1649
748,1650
748,1671
748,1675
748,1685
748,1686
748,1689
748,1690
748,1699
748,1713
748,1714
748,1805
748,1806
748,1820
748,1829
748,1830
748,1833
748,1834
748,1844
748,1848
753,771
753,773
753,777
753,786
753,788
753,791
753,792
753,795
753,797
753,802
753,804
753,807
753,808
753,811
753,813
753,822
753,826
753,828
753,839
753,843
753,845
753,854
753,858
753,860
753,870
753,874
753,876
753,903
753,907
753,909
753,918
753,922
753,924
753,934
753,938
753,940
753,1025
753,1040
753,1043
753,1045
753,1049
753,1056
753,1059
753,1061
753,1065
753,1074
753,1076
753,1079
753,1080
753,1083
753,1085
753,1091
753,1093
753,1097
753,1106
753,1108
753,1111
753,1112
753,1115
753,1117
753,1122
753,1124
753,1127
753,1128
753,1131
753,1133
753,1142
753,1146
753,1148
753,1155
753,1157
753,1161
753,1170
753,1172
753,1175
753,1176
753,1179
753,1181
753,1186
753,1188
753,1191
753,1192
753,1195
753,1197
753,1206
753,1210
753,1212
753,1223
753,1227
753,1229
753,1238
753,1242
753,1244
753,1254
753,1258
753,1260
753,1297
753,1313
753,1328
753,1331
753,1333
753,1337
753,1363
753,1365
753,1369
753,1379
753,1381
753,1385
753,1394
753,1396
753,1400
753,1427
753,1429
753,1433
753,1443
753,1445
753,1449
753,1458
753,1460
753,1464
753,1539
753,1541
753,1545
753,1554
753,1556
753,1559
753,1560
753,1563
753,1565
753,1570
753,1572
753,1575
753,1576
753,1579
753,1581
753,1590
753,1594
753,1596
753,1607
753,1611
753,1613
753,1622
753,1626
753,1628
753,1638
753,1642
753,1644
753,1671
753,1675
753,1677
753,1686
753,1690
753,1692
753,1702
753,1706
753,1708
753,1811
753,1813
753,1817
753,1827
753,1829
753,1833
753,1842
753,1844
753,1848
754,771
754,774
754,778
754,785
754,788
754,791
754,792
754,795
754,798
754,801
754,804
754,807
754,808
754,811
754,814
754,821
754,825
754,828
754,839
754,843
754,846
754,853
754,857
754,860
754,869
754,873
754,876
754,903
754,907
754,910
754,917
754,921
754,924
754,933
754,937
754,940
754,1026
754,1040
754,1043
754,1046
754,1050
754,1056
754,1059
754,1062
754,1066
754,1073
754,1076
754,1079
754,1080
754,1083
754,1086
754,1091
754,1094
754,1098
754,1105
754,1108
754,1111
754,1112
754,1115
754,1118
754,1121
754,1124
754,1127
754,1128
754,1131
754,1134
754,1141
754,1145
754,1148
754,1155
754,1158
754,1162
754,1169
754,1172
754,1175
754,1176
754,1179
754,1182
754,1185
754,1188
754,1191
754,1192
754,1195
754,1198
754,1205
754,1209
754,1212
754,1223
754,1227
754,1230
754,1237
754,1241
754,1244
754,1253
754,1257
754,1260
754,1298
754,1314
754,1328
754,1331
754,1334
754,1338
754,1363
754,1366
754,1370
754,1379
754,1382
754,1386
754,1393
754,1396
754,1400
754,1427
754,1430
754,1434
754,1443
754,1446
754,1450
754,1457
754,1460
754,1464
754,1539
754,1542
754,1546
754,1553
754,1556
754,1559
754,1560
754,1563
754,1566
754,1569
754,1572
754,1575
754,1576
754,1579
754,1582
754,1589
754,1593
754,1596
754,1607
754,1611
754,1614
754,1621
754,1625
754,1628
754,1637
754,1641
754,1644
754,1671
754,1675
754,1678
754,1685
754,1689
754,1692
754,1701
754,1705
754,1708
754,1811
754,1814
754,1818
754,1827
754,1830
754,1834
754,1841
754,1844
754,1848
756,773
756,774
756,780
756,785
756,786
756,791
756,792
756,797
756,798
756,801
756,802
756,807
756,808
756,813
756,814
756,819
756,825
756,826
756,839
756,845
756,846
756,851
756,857
756,858
756,867
756,873
756,874
756,903
756,909
756,910
756,915
756,921
756,922
756,931
756,937
756,938
756,1028
756,1040
756,1045
756,1046
756,1052
756,1056
756,1061
756,1062
756,1068
756,1073
756,1074
756,1079
756,1080
756,1085
756,1086
756,1093
756,1094
756,1100
756,1105
756,1106
756,1111
756,1112
756,1117
756,1118
756,1121
756,1122
756,1127
756,1128
756,1133
756,1134
756,1139
756,1145
756,1146
756,1157
756,1158
756,1164
756,1169
756,1170
756,1175
756,1176
756,1181
756,1182
756,1185
756,1186
756,1191
756,1192
756,1197
756,1198
756,1203
756,1209
756,1210
756,1223
756,1229
756,1230
756,1235
756,1241
756,1242
756,1251
756,1257
756,1258
756,1300
756,1316
756,1328
756,1333
756,1334
756,1340
756,1365
756,1366
756,1372
756,1381
756,1382
756,1388
756,1393
756,1394
756,1400
756,1429
756,1430
756,1436
756,1445
756,1446
756,1452
756,1457
756,1458
756,1464
756,1541
756,1542
756,1548
756,1553
756,1554
756,1559
756,1560
756,1565
756,1566
756,1569
756,1570
756,1575
756,1576
756,1581
756,1582
756,1587
756,1593
756,1594
756,1607
756,1613
756,1614
756,1619
756,1625
756,1626
756,1635
756,1641
756,1642
756,1671
756,1677
756,1678
756,1683
756,1689
756,1690
756,1699
756,1705
756,1706
756,1813
756,1814
756,1820
756,1829
756,1830
756,1836
756,1841
756,1842
756,1848
760,777
760,778
760,780
760,785
760,786
760,788
760,795
760,797
760,798
760,801
760,802
760,804
760,811
760,813
760,814
760,819
760,821
760,822
760,843
760,845
760,846
760,851
760,853
760,854
760,867
760,869
760,870
760,907
760,909
760,910
760,915
760,917
760,918
760,931
760,933
760,934
760,1032
760,1040
760,1049
760,1050
760,1052
760,1056
760,1065
760,1066
760,1068
760,1073
760,1074
760,1076
760,1083
760,1085
760,1086
760,1097
760,1098
760,1100
760,1105
760,1106
760,1108
760,1115
760,1117
760,1118
760,1121
760,1122
760,1124
760,1131
760,1133
760,1134
760,1139
760,1141
760,1142
760,1161
760,1162
760,1164
760,1169
760,1170
760,1172
760,1179
760,1181
760,1182
760,1185
760,1186
760,1188
760,1195
760,1197
760,1198
760,1203
760,1205
760,1206
760,1227
760,1229
760,1230
760,1235
760,1237
760,1238
760,1251
760,1253
760,1254
760,1304
760,1320
760,1328
760,1337
760,1338
760,1340
760,1369
760,1370
760,1372
760,1385
760,1386
760,1388
760,1393
760,1394
760,1396
760,1433
760,1434
760,1436
760,1449
760,1450
760,1452
760,1457
760,1458
760,1460
760,1545
760,1546
760,1548
760,1553
760,1554
760,1556
760,1563
760,1565
760,1566
760,1569
760,1570
760,1572
760,1579
760,1581
760,1582
760,1587
760,1589
760,1590
760,1611
760,1613
760,1614
760,1619
760,1621
760,1622
760,1635
760,1637
760,1638
760,1675
760,1677
760,1678
760,1683
760,1685
760,1686
760,1699
760,1701
760,1702
760,1817
760,1818
760,1820
760,1833
760,1834
760,1836
760,1841
760,1842
760,1844
771,828
771,860
771,876
771,884
771,888
771,924
771,940
771,948
771,952
771,1028
771,1032
771,1037
771,1038
771,1040
771,1045
771,1046
771,1049
771,1050
771,1055
771,1056
771,1061
771,1062
771,1065
771,1066
771,1071
771,1073
771,1074
771,1079
771,1083
771,1093
771,1094
771,1097
771,1098
771,1103
771,1105
771,1106
771,1111
771,1115
771,1121
771,1122
771,1127
771,1131
771,1139
771,1157
771,1158
771,1161
771,1162
771,1167
771,1169
771,1170
771,1175
771,1179
771,1185
771,1186
771,1191
771,1195
771,1203
771,1223
771,1227
771,1235
771,1251
771,1292
771,1300
771,1304
771,1309
771,1310
771,1316
771,1320
771,1325
771,1326
771,1328
771,1333
771,1334
771,1337
771,1338
771,1357
771,1358
771,1365
771,1366
771,1369
771,1370
771,1381
771,1382
771,1385
771,1386
771,1393
771,1394
771,1421
771,1422
771,1429
771,1430
771,1433
771,1434
771,1445
771,1446
771,1449
771,1450
771,1457
771,1458
771,1548
771,1556
771,1560
771,1565
771,1566
771,1572
771,1576
771,1581
771,1582
771,1584
771,1589
771,1590
771,1593
771,1594
771,1613
771,1614
771,1621
771,1622
771,1625
771,1626
771,1637
771,1638
771,1641
771,1642
771,1649
771,1650
771,1677
771,1678
771,1685
771,1686
771,1689
771,1690
771,1701
771,1702
771,1705
771,1706
771,1713
771,1714
771,1820
771,1836
771,1844
771,1848
773,826
773,858
773,874
773,882
773,888
773,922
773,938
773,946
773,952
773,1026
773,1032
773,1035
773,1038
773,1040
773,1043
773,1046
773,1049
773,1052
773,1055
773,1056
773,1059
773,1062
773,1065
773,1068
773,1071
773,1073
773,1076
773,1079
773,1085
773,1091
773,1094
773,1097
773,1100
773,1103
773,1105
773,1108
773,1111
773,1117
773,1121
773,1124
773,1127
773,1133
773,1141
773,1155
773,1158
773,1161
773,1164
773,1167
773,1169
773,1172
773,1175
773,1181
773,1185
773,1188
773,1191
773,1197
773,1205
773,1223
773,1229
773,1237
773,1253
773,1290
773,1298
773,1304
773,1307
773,1310
773,1314
773,1320
773,1323
773,1326
773,1328
773,1331
773,1334
773,1337
773,1340
773,1355
773,1358
773,1363
773,1366
773,1369
773,1372
773,1379
773,1382
773,1385
773,1388
773,1393
773,1396
773,1419
773,1422
773,1427
773,1430
773,1433
773,1436
773,1443
773,1446
773,1449
773,1452
773,1457
773,1460
773,1546
773,1554
773,1560
773,1563
773,1566
773,1570
773,1576
773,1579
773,1582
773,1584
773,1587
773,1590
773,1593
773,1596
773,1611
773,1614
773,1619
773,1622
773,1625
773,1628
773,1635
773,1638
773,1641
773,1644
773,1649
773,1652
773,1675
773,1678
773,1683
773,1686
773,1689
773,1692
773,1699
773,1702
773,1705
773,1708
773,1713
773,1716
773,1818
773,1834
773,1842
773,1848
774,825
774,857
774,873
774,881
774,888
774,921
774,937
774,945
774,952
774,1025
774,1032
774,1035
774,1037
774,1040
774,1043
774,1045
774,1050
774,1052
774,1055
774,1056
774,1059
774,1061
774,1066
774,1068
774,1071
774,1074
774,1076
774,1079
774,1086
774,1091
774,1093
774,1098
774,1100
774,1103
774,1106
774,1108
774,1111
774,1118
774,1122
774,1124
774,1127
774,1134
774,1142
774,1155
774,1157
774,1162
774,1164
774,1167
774,1170
774,1172
774,1175
774,1182
774,1186
774,1188
774,1191
774,1198
774,1206
774,1223
774,1230
774,1238
774,1254
774,1289
774,1297
774,1304
774,1307
774,1309
774,1313
774,1320
774,1323
774,1325
774,1328
774,1331
774,1333
774,1338
774,1340
774,1355
774,1357
774,1363
774,1365
774,1370
774,1372
774,1379
774,1381
774,1386
774,1388
774,1394
774,1396
774,1419
774,1421
774,1427
774,1429
774,1434
774,1436
774,1443
774,1445
774,1450
774,1452
774,1458
774,1460
774,1545
774,1553
774,1560
774,1563
774,1565
774,1569
774,1576
774,1579
774,1581
774,1584
774,1587
774,1589
774,1594
774,1596
774,1611
774,1613
774,1619
774,1621
774,1626
774,1628
774,1635
774,1637
774,1642
774,1644
774,1650
774,1652
774,1675
774,1677
774,1683
774,1685
774,1690
774,1692
774,1699
774,1701
774,1706
774,1708
774,1714
774,1716
774,1817
774,1833
774,1841
774,1848
777,822
777,854
777,870
777,882
777,884
777,918
777,934
777,946
777,948
777,1026
777,1028
777,1031
777,1038
777,1040
777,1043
777,1045
777,1050
777,1052
777,1055
777,1056
777,1059
777,1061
777,1066
777,1068
777,1071
777,1073
777,1080
777,1083
777,1085
777,1091
777,1093
777,1098
777,1100
777,1103
777,1105
777,1112
777,1115
777,1117
777,1121
777,1128
777,1131
777,1133
777,1145
777,1155
777,1157
777,1162
777,1164
777,1167
777,1169
777,1176
777,1179
777,1181
777,1185
777,1192
777,1195
777,1197
777,1209
777,1227
777,1229
777,1241
777,1257
777,1286
777,1298
777,1300
777,1303
777,1310
777,1314
777,1316
777,1319
777,1326
777,1328
777,1331
777,1333
777,1338
777,1340
777,1351
777,1358
777,1363
777,1365
777,1370
777,1372
777,1379
777,1381
777,1386
777,1388
777,1393
777,1400
777,1415
777,1422
777,1427
777,1429
777,1434
777,1436
777,1443
777,1445
777,1450
777,1452
777,1457
777,1464
777,1542
777,1554
777,1556
777,1559
777,1566
777,1570
777,1572
777,1575
777,1582
777,1584
777,1587
777,1589
777,1594
777,1596
777,1607
777,1614
777,1619
777,1621
777,1626
777,1628
777,1635
777,1637
777,1642
777,1644
777,1649
777,1656
777,1671
777,1678
777,1683
777,1685
777,1690
777,1692
777,1699
777,1701
777,1706
777,1708
777,1713
777,1720
777,1814
777,1830
777,1842
777,1844
778,821
778,853
778,869
778,881
778,884
778,917
778,933
778,945
778,948
778,1025
778,1028
778,1031
778,1037
778,1040
778,1043
778,1046
778,1049
778,1052
778,1055
778,1056
778,1059
778,1062
778,1065
778,1068
778,1071
778,1074
778,1080
778,1083
778,1086
778,1091
778,1094
778,1097
778,1100
778,1103
778,1106
778,1112
778,1115
778,1118
778,1122
778,1128
778,1131
778,1134
778,1146
778,1155
778,1158
778,1161
778,1164
778,1167
778,1170
778,1176
778,1179
778,1182
778,1186
778,1192
778,1195
778,1198
778,1210
778,1227
778,1230
778,1242
778,1258
778,1285
778,1297
778,1300
778,1303
778,1309
778,1313
778,1316
778,1319
778,1325
778,1328
778,1331
778,1334
778,1337
778,1340
778,1351
778,1357
778,1363
778,1366
778,1369
778,1372
778,1379
778,1382
778,1385
778,1388
778,1394
778,1400
778,1415
778,1421
778,1427
778,1430
778,1433
778,1436
778,1443
778,1446
778,1449
778,1452
778,1458
778,1464
778,1541
778,1553
778,1556
778,1559
778,1565
778,1569
778,1572
778,1575
778,1581
778,1584
778,1587
778,1590
778,1593
778,1596
778,1607
778,1613
778,1619
778,1622
778,1625
778,1628
778,1635
778,1638
778,1641
778,1644
778,1650
778,1656
778,1671
778,1677
778,1683
778,1686
778,1689
778,1692
778,1699
778,1702
778,1705
778,1708
778,1714
778,1720
778,1813
778,1829
778,1841
778,1844
780,819
780,851
780,867
780,881
780,882
780,915
780,931
780,945
780,946
780,1025
780,1026
780,1031
780,1035
780,1040
780,1045
780,1046
780,1049
780,1050
780,1055
780,1056
780,1061
780,1062
780,1065
780,1066
780,1071
780,1076
780,1080
780,1085
780,1086
780,1093
780,1094
780,1097
780,1098
780,1103
780,1108
780,1112
780,1117
780,1118
780,1124
780,1128
780,1133
780,1134
780,1148
780,1157
780,1158
780,1161
780,1162
780,1167
780,1172
780,1176
780,1181
780,1182
780,1188
780,1192
780,1197
780,1198
780,1212
780,1229
780,1230
780,1244
780,1260
780,1283
780,1297
780,1298
780,1303
780,1307
780,1313
780,1314
780,1319
780,1323
780,1328
780,1333
780,1334
780,1337
780,1338
780,1351
780,1355
780,1365
780,1366
780,1369
780,1370
780,1381
780,1382
780,1385
780,1386
780,1396
780,1400
780,1415
780,1419
780,1429
780,1430
780,1433
780,1434
780,1445
780,1446
780,1449
780,1450
780,1460
780,1464
780,1539
780,1553
780,1554
780,1559
780,1563
780,1569
780,1570
780,1575
780,1579
780,1584
780,1589
780,1590
780,1593
780,1594
780,1607
780,1611
780,1621
780,1622
780,1625
780,1626
780,1637
780,1638
780,1641
780,1642
780,1652
780,1656
780,1671
780,1675
780,1685
780,1686
780,1689
780,1690
780,1701
780,1702
780,1705
780,1706
780,1716
780,1720
780,1811
780,1827
780,1841
780,1842
783,816
783,881
783,882
783,884
783,888
783,945
783,946
783,948
783,952
783,1025
783,1026
783,1028
783,1032
783,1043
783,1045
783,1046
783,1049
783,1050
783,1052
783,1059
783,1061
783,1062
783,1065
783,1066
783,1068
783,1079
783,1083
783,1085
783,1086
783,1091
783,1093
783,1094
783,1097
783,1098
783,1100
783,1111
783,1115
783,1117
783,1118
783,1127
783,1131
783,1133
783,1134
783,1155
783,1157
783,1158
783,1161
783,1162
783,1164
783,1175
783,1179
783,1181
783,1182
783,1191
783,1195
783,1197
783,1198
783,1223
783,1227
783,1229
783,1230
783,1297
783,1298
783,1300
783,1304
783,1313
783,1314
783,1316
783,1320
783,1331
783,1333
783,1334
783,1337
783,1338
783,1340
783,1363
783,1365
783,1366
783,1369
783,1370
783,1372
783,1379
783,1381
783,1382
783,1385
783,1386
783,1388
783,1427
783,1429
783,1430
783,1433
783,1434
783,1436
783,1443
783,1445
783,1446
783,1449
783,1450
783,1452
783,1553
783,1554
783,1556
783,1560
783,1569
783,1570
783,1572
783,1576
783,1587
783,1589
783,1590
783,1593
783,1594
783,1596
783,1619
783,1621
783,1622
783,1625
783,1626
783,1628
783,1635
783,1637
783,1638
783,1641
783,1642
783,1644
783,1683
783,1685
783,1686
783,1689
783,1690
783,1692
783,1699
783,1701
783,1702
783,1705
783,1706
783,1708
783,1841
783,1842
783,1844
783,1848
785,814
785,846
785,870
785,874
785,876
785,910
785,934
785,938
785,940
785,1026
785,1028
785,1031
785,1032
785,1035
785,1037
785,1046
785,1050
785,1052
785,1055
785,1056
785,1059
785,1061
785,1065
785,1074
785,1076
785,1079
785,1080
785,1083
785,1085
785,1091
785,1093
785,1097
785,1106
785,1108
785,1111
785,1112
785,1115
785,1117
785,1121
785,1136
785,1139
785,1141
785,1145
785,1155
785,1157
785,1161
785,1170
785,1172
785,1175
785,1176
785,1179
785,1181
785,1185
785,1200
785,1203
785,1205
785,1209
785,1235
785,1237
785,1241
785,1265
785,1286
785,1290
785,1292
785,1295
785,1310
785,1314
785,1316
785,1319
785,1320
785,1323
785,1325
785,1334
785,1338
785,1340
785,1351
785,1355
785,1357
785,1366
785,1370
785,1372
785,1379
785,1381
785,1385
785,1394
785,1396
785,1400
785,1415
785,1419
785,1421
785,1430
785,1434
785,1436
785,1443
785,1445
785,1449
785,1458
785,1460
785,1464
785,1542
785,1546
785,1548
785,1551
785,1566
785,1570
785,1572
785,1575
785,1576
785,1579
785,1581
785,1590
785,1594
785,1596
785,1607
785,1611
785,1613
785,1622
785,1626
785,1628
785,1635
785,1637
785,1641
785,1650
785,1652
785,1656
785,1671
785,1675
785,1677
785,1686
785,1690
785,1692
785,1699
785,1701
785,1705
785,1714
785,1716
785,1720
785,1806
785,1830
785,1834
785,1836
786,813
786,845
786,869
786,873
786,876
786,909
786,933
786,937
786,940
786,1025
786,1028
786,1031
786,1032
786,1035
786,1038
786,1045
786,1049
786,1052
786,1055
786,1056
786,1059
786,1062
786,1066
786,1073
786,1076
786,1079
786,1080
786,1083
786,1086
786,1091
786,1094
786,1098
786,1105
786,1108
786,1111
786,1112
786,1115
786,1118
786,1122
786,1136
786,1139
786,1142
786,1146
786,1155
786,1158
786,1162
786,1169
786,1172
786,1175
786,1176
786,1179
786,1182
786,1186
786,1200
786,1203
786,1206
786,1210
786,1235
786,1238
786,1242
786,1266
786,1285
786,1289
786,1292
786,1295
786,1309
786,1313
786,1316
786,1319
786,1320
786,1323
786,1326
786,1333
786,1337
786,1340
786,1351
786,1355
786,1358
786,1365
786,1369
786,1372
786,1379
786,1382
786,1386
786,1393
786,1396
786,1400
786,1415
786,1419
786,1422
786,1429
786,1433
786,1436
786,1443
786,1446
786,1450
786,1457
786,1460
786,1464
786,1541
786,1545
786,1548
786,1551
786,1565
786,1569
786,1572
786,1575
786,1576
786,1579
786,1582
786,1589
786,1593
786,1596
786,1607
786,1611
786,1614
786,1621
786,1625
786,1628
786,1635
786,1638
786,1642
786,1649
786,1652
786,1656
786,1671
786,1675
786,1678
786,1685
786,1689
786,1692
786,1699
786,1702
786,1706
786,1713
786,1716
786,1720
786,1805
786,1829
786,1833
786,1836
788,811
788,843
788,867
788,873
788,874
788,907
788,931
788,937
788,938
788,1025
788,1026
788,1031
788,1032
788,1037
788,1038
788,1043
788,1049
788,1050
788,1055
788,1056
788,1061
788,1062
788,1068
788,1073
788,1074
788,1079
788,1080
788,1085
788,1086
788,1093
788,1094
788,1100
788,1105
788,1106
788,1111
788,1112
788,1117
788,1118
788,1124
788,1136
788,1141
788,1142
788,1148
788,1157
788,1158
788,1164
788,1169
788,1170
788,1175
788,1176
788,1181
788,1182
788,1188
788,1200
788,1205
788,1206
788,1212
788,1237
788,1238
788,1244
788,1268
788,1283
788,1289
788,1290
788,1295
788,1307
788,1313
788,1314
788,1319
788,1320
788,1325
788,1326
788,1331
788,1337
788,1338
788,1351
788,1357
788,1358
788,1363
788,1369
788,1370
788,1381
788,1382
788,1388
788,1393
788,1394
788,1400
788,1415
788,1421
788,1422
788,1427
788,1433
788,1434
788,1445
788,1446
788,1452
788,1457
788,1458
788,1464
788,1539
788,1545
788,1546
788,1551
788,1563
788,1569
788,1570
788,1575
788,1576
788,1581
788,1582
788,1587
788,1593
788,1594
788,1607
788,1613
788,1614
788,1619
788,1625
788,1626
788,1637
788,1638
788,1644
788,1649
788,1650
788,1656
788,1671
788,1677
788,1678
788,1683
788,1689
788,1690
788,1701
788,1702
788,1708
788,1713
788,1714
788,1720
788,1803
788,1827
788,1833
788,1834
791,808
791,873
791,874
791,876
791,888
791,937
791,938
791,940
791,952
791,1025
791,1026
791,1028
791,1035
791,1037
791,1038
791,1040
791,1049
791,1050
791,1052
791,1059
791,1061
791,1062
791,1071
791,1073
791,1074
791,1076
791,1083
791,1085
791,1086
791,1091
791,1093
791,1094
791,1103
791,1105
791,1106
791,1108
791,1115
791,1117
791,1118
791,1127
791,1139
791,1141
791,1142
791,1155
791,1157
791,1158
791,1167
791,1169
791,1170
791,1172
791,1179
791,1181
791,1182
791,1191
791,1203
791,1205
791,1206
791,1223
791,1235
791,1237
791,1238
791,1289
791,1290
791,1292
791,1304
791,1313
791,1314
791,1316
791,1323
791,1325
791,1326
791,1328
791,1337
791,1338
791,1340
791,1355
791,1357
791,1358
791,1369
791,1370
791,1372
791,1379
791,1381
791,1382
791,1393
791,1394
791,1396
791,1419
791,1421
791,1422
791,1433
791,1434
791,1436
791,1443
791,1445
791,1446
791,1457
791,1458
791,1460
791,1545
791,1546
791,1548
791,1560
791,1569
791,1570
791,1572
791,1579
791,1581
791,1582
791,1584
791,1593
791,1594
791,1596
791,1611
791,1613
791,1614
791,1625
791,1626
791,1628
791,1635
791,1637
791,1638
791,1649
791,1650
791,1652
791,1675
791,1677
791,1678
791,1689
791,1690
791,1692
791,1699
791,1701
791,1702
791,1713
791,1714
791,1716
791,1833
791,1834
791,1836
791,1848
792,807
792,839
792,867
792,869
792,870
792,903
792,931
792,933
792,934
792,1025
792,1026
792,1028
792,1035
792,1037
792,1038
792,1043
792,1045
792,1046
792,1055
792,1056
792,1065
792,1066
792,1068
792,1073
792,1074
792,1076
792,1083
792,1085
792,1086
792,1097
792,1098
792,1100
792,1105
792,1106
792,1108
792,1115
792,1117
792,1118
792,1128
792,1136
792,1145
792,1146
792,1148
792,1161
792,1162
792,1164
792,1169
792,1170
792,1172
792,1179
792,1181
792,1182
792,1192
792,1200
792,1209
792,1210
792,1212
792,1241
792,1242
792,1244
792,1272
792,1283
792,1285
792,1286
792,1295
792,1303
792,1313
792,1314
792,1316
792,1323
792,1325
792,1326
792,1331
792,1333
792,1334
792,1355
792,1357
792,1358
792,1363
792,1365
792,1366
792,1385
792,1386
792,1388
792,1393
792,1394
792,1396
792,1419
792,1421
792,1422
792,1427
792,1429
792,1430
792,1449
792,1450
792,1452
792,1457
792,1458
792,1460
792,1539
792,1541
792,1542
792,1551
792,1559
792,1569
792,1570
792,1572
792,1579
792,1581
792,1582
792,1587
792,1589
792,1590
792,1611
792,1613
792,1614
792,1619
792,1621
792,1622
792,1641
792,1642
792,1644
792,1649
792,1650
792,1652
792,1675
792,1677
792,1678
792,1683
792,1685
792,1686
792,1705
792,1706
792,1708
792,1713
792,1714
792,1716
792,1799
792,1827
792,1829
792,1830
795,804
795,869
795,870
795,876
795,884
795,933
795,934
795,940
795,948
795,1025
795,1026
795,1031
795,1032
795,1037
795,1038
795,1040
795,1045
795,1046
795,1052
795,1059
795,1065
795,1066
795,1071
795,1073
795,1074
795,1079
795,1080
795,1085
795,1086
795,1091
795,1097
795,1098
795,1103
795,1105
795,1106
795,1111
795,1112
795,1117
795,1118
795,1131
795,1139
795,1145
795,1146
795,1155
795,1161
795,1162
795,1167
795,1169
795,1170
795,1175
795,1176
795,1181
795,1182
795,1195
795,1203
795,1209
795,1210
795,1227
795,1235
795,1241
795,1242
795,1285
795,1286
795,1292
795,1300
795,1313
795,1314
795,1319
795,1320
795,1325
795,1326
795,1328
795,1333
795,1334
795,1340
795,1351
795,1357
795,1358
795,1365
795,1366
795,1372
795,1379
795,1385
795,1386
795,1393
795,1394
795,1400
795,1415
795,1421
795,1422
795,1429
795,1430
795,1436
795,1443
795,1449
795,1450
795,1457
795,1458
795,1464
795,1541
795,1542
795,1548
795,1556
795,1569
795,1570
795,1575
795,1576
795,1581
795,1582
795,1584
795,1589
795,1590
795,1596
795,1607
795,1613
795,1614
795,1621
795,1622
795,1628
795,1635
795,1641
795,1642
795,1649
795,1650
795,1656
795,1671
795,1677
795,1678
795,1685
795,1686
795,1692
795,1699
795,1705
795,1706
795,1713
795,1714
795,1720
795,1829
795,1830
795,1836
795,1844
797,802
797,867
797,870
797,874
797,882
797,931
797,934
797,938
797,946
797,1025
797,1028
797,1031
797,1032
797,1035
797,1038
797,1040
797,1043
797,1046
797,1050
797,1061
797,1065
797,1068
797,1071
797,1073
797,1076
797,1079
797,1080
797,1083
797,1086
797,1093
797,1097
797,1100
797,1103
797,1105
797,1108
797,1111
797,1112
797,1115
797,1118
797,1133
797,1141
797,1145
797,1148
797,1157
797,1161
797,1164
797,1167
797,1169
797,1172
797,1175
797,1176
797,1179
797,1182
797,1197
797,1205
797,1209
797,1212
797,1229
797,1237
797,1241
797,1244
797,1283
797,1286
797,1290
797,1298
797,1313
797,1316
797,1319
797,1320
797,1323
797,1326
797,1328
797,1331
797,1334
797,1338
797,1351
797,1355
797,1358
797,1363
797,1366
797,1370
797,1381
797,1385
797,1388
797,1393
797,1396
797,1400
797,1415
797,1419
797,1422
797,1427
797,1430
797,1434
797,1445
797,1449
797,1452
797,1457
797,1460
797,1464
797,1539
797,1542
797,1546
797,1554
797,1569
797,1572
797,1575
797,1576
797,1579
797,1582
797,1584
797,1587
797,1590
797,1594
797,1607
797,1611
797,1614
797,1619
797,1622
797,1626
797,1637
797,1641
797,1644
797,1649
797,1652
797,1656
797,1671
797,1675
797,1678
797,1683
797,1686
797,1690
797,1701
797,1705
797,1708
797,1713
797,1716
797,1720
797,1827
797,1830
797,1834
797,1842
798,801
798,867
798,869
798,873
798,881
798,931
798,933
798,937
798,945
798,1026
798,1028
798,1031
798,1032
798,1035
798,1037
798,1040
798,1043
798,1045
798,1049
798,1062
798,1066
798,1068
798,1071
798,1074
798,1076
798,1079
798,1080
798,1083
798,1085
798,1094
798,1098
798,1100
798,1103
798,1106
798,1108
798,1111
798,1112
798,1115
798,1117
798,1134
798,1142
798,1146
798,1148
798,1158
798,1162
798,1164
798,1167
798,1170
798,1172
798,1175
798,1176
798,1179
798,1181
798,1198
798,1206
798,1210
798,1212
798,1230
798,1238
798,1242
798,1244
798,1283
798,1285
798,1289
798,1297
798,1314
798,1316
798,1319
798,1320
798,1323
798,1325
798,1328
798,1331
798,1333
798,1337
798,1351
798,1355
798,1357
798,1363
798,1365
798,1369
798,1382
798,1386
798,1388
798,1394
798,1396
798,1400
798,1415
798,1419
798,1421
798,1427
798,1429
798,1433
798,1446
798,1450
798,1452
798,1458
798,1460
798,1464
798,1539
798,1541
798,1545
798,1553
798,1570
798,1572
798,1575
798,1576
798,1579
798,1581
798,1584
798,1587
798,1589
798,1593
798,1607
798,1611
798,1613
798,1619
798,1621
798,1625
798,1638
798,1642
798,1644
798,1650
798,1652
798,1656
798,1671
798,1675
798,1677
798,1683
798,1685
798,1689
798,1702
798,1706
798,1708
798,1714
798,1716
798,1720
798,1827
798,1829
798,1833
798,1841
801,846
801,854
801,858
801,860
801,910
801,918
801,922
801,924
801,1026
801,1028
801,1031
801,1032
801,1035
801,1037
801,1040
801,1043
801,1045
801,1049
801,1062
801,1066
801,1068
801,1071
801,1074
801,1076
801,1079
801,1080
801,1083
801,1085
801,1091
801,1093
801,1097
801,1105
801,1122
801,1124
801,1127
801,1128
801,1131
801,1133
801,1136
801,1139
801,1141
801,1145
801,1155
801,1157
801,1161
801,1169
801,1186
801,1188
801,1191
801,1192
801,1195
801,1197
801,1200
801,1203
801,1205
801,1209
801,1251
801,1253
801,1257
801,1265
801,1286
801,1290
801,1292
801,1295
801,1298
801,1300
801,1303
801,1304
801,1307
801,1309
801,1326
801,1334
801,1338
801,1340
801,1351
801,1355
801,1357
801,1363
801,1365
801,1369
801,1382
801,1386
801,1388
801,1394
801,1396
801,1400
801,1415
801,1419
801,1421
801,1427
801,1429
801,1433
801,1446
801,1450
801,1452
801,1458
801,1460
801,1464
801,1542
801,1546
801,1548
801,1551
801,1554
801,1556
801,1559
801,1560
801,1563
801,1565
801,1582
801,1590
801,1594
801,1596
801,1607
801,1611
801,1613
801,1619
801,1621
801,1625
801,1638
801,1642
801,1644
801,1650
801,1652
801,1656
801,1671
801,1675
801,1677
801,1683
801,1685
801,1689
801,1702
801,1706
801,1708
801,1714
801,1716
801,1720
801,1806
801,1814
801,1818
801,1820
802,845
802,853
802,857
802,860
802,909
802,917
802,921
802,924
802,1025
802,1028
802,1031
802,1032
802,1035
802,1038
802,1040
802,1043
802,1046
802,1050
802,1061
802,1065
802,1068
802,1071
802,1073
802,1076
802,1079
802,1080
802,1083
802,1086
802,1091
802,1094
802,1098
802,1106
802,1121
802,1124
802,1127
802,1128
802,1131
802,1134
802,1136
802,1139
802,1142
802,1146
802,1155
802,1158
802,1162
802,1170
802,1185
802,1188
802,1191
802,1192
802,1195
802,1198
802,1200
802,1203
802,1206
802,1210
802,1251
802,1254
802,1258
802,1266
802,1285
802,1289
802,1292
802,1295
802,1297
802,1300
802,1303
802,1304
802,1307
802,1310
802,1325
802,1333
802,1337
802,1340
802,1351
802,1355
802,1358
802,1363
802,1366
802,1370
802,1381
802,1385
802,1388
802,1393
802,1396
802,1400
802,1415
802,1419
802,1422
802,1427
802,1430
802,1434
802,1445
802,1449
802,1452
802,1457
802,1460
802,1464
802,1541
802,1545
802,1548
802,1551
802,1553
802,1556
802,1559
802,1560
802,1563
802,1566
802,1581
802,1589
802,1593
802,1596
802,1607
802,1611
802,1614
802,1619
802,1622
802,1626
802,1637
802,1641
802,1644
802,1649
802,1652
802,1656
802,1671
802,1675
802,1678
802,1683
802,1686
802,1690
802,1701
802,1705
802,1708
802,1713
802,1716
802,1720
802,1805
802,1813
802,1817
802,1820
804,843
804,851
804,857
804,858
804,907
804,915
804,921
804,922
804,1025
804,1026
804,1031
804,1032
804,1037
804,1038
804,1040
804,1045
804,1046
804,1052
804,1059
804,1065
804,1066
804,1071
804,1073
804,1074
804,1079
804,1080
804,1085
804,1086
804,1093
804,1094
804,1100
804,1108
804,1121
804,1122
804,1127
804,1128
804,1133
804,1134
804,1136
804,1141
804,1142
804,1148
804,1157
804,1158
804,1164
804,1172
804,1185
804,1186
804,1191
804,1192
804,1197
804,1198
804,1200
804,1205
804,1206
804,1212
804,1253
804,1254
804,1260
804,1268
804,1283
804,1289
804,1290
804,1295
804,1297
804,1298
804,1303
804,1304
804,1309
804,1310
804,1323
804,1331
804,1337
804,1338
804,1351
804,1357
804,1358
804,1365
804,1366
804,1372
804,1379
804,1385
804,1386
804,1393
804,1394
804,1400
804,1415
804,1421
804,1422
804,1429
804,1430
804,1436
804,1443
804,1449
804,1450
804,1457
804,1458
804,1464
804,1539
804,1545
804,1546
804,1551
804,1553
804,1554
804,1559
804,1560
804,1565
804,1566
804,1579
804,1587
804,1593
804,1594
804,1607
804,1613
804,1614
804,1621
804,1622
804,1628
804,1635
804,1641
804,1642
804,1649
804,1650
804,1656
804,1671
804,1677
804,1678
804,1685
804,1686
804,1692
804,1699
804,1705
804,1706
804,1713
804,1714
804,1720
804,1803
804,1811
804,1817
804,1818
807,857
807,858
807,860
807,888
807,921
807,922
807,924
807,952
807,1025
807,1026
807,1028
807,1035
807,1037
807,1038
807,1043
807,1045
807,1046
807,1055
807,1056
807,1065
807,1066
807,1068
807,1073
807,1074
807,1076
807,1083
807,1085
807,1086
807,1091
807,1093
807,1094
807,1103
807,1111
807,1121
807,1122
807,1124
807,1131
807,1133
807,1134
807,1139
807,1141
807,1142
807,1155
807,1157
807,1158
807,1167
807,1175
807,1185
807,1186
807,1188
807,1195
807,1197
807,1198
807,1203
807,1205
807,1206
807,1223
807,1251
807,1253
807,1254
807,1289
807,1290
807,1292
807,1297
807,1298
807,1300
807,1307
807,1309
807,1310
807,1320
807,1328
807,1337
807,1338
807,1340
807,1355
807,1357
807,1358
807,1363
807,1365
807,1366
807,1385
807,1386
807,1388
807,1393
807,1394
807,1396
807,1419
807,1421
807,1422
807,1427
807,1429
807,1430
807,1449
807,1450
807,1452
807,1457
807,1458
807,1460
807,1545
807,1546
807,1548
807,1553
807,1554
807,1556
807,1563
807,1565
807,1566
807,1576
807,1584
807,1593
807,1594
807,1596
807,1611
807,1613
807,1614
807,1619
807,1621
807,1622
807,1641
807,1642
807,1644
807,1649
807,1650
807,1652
807,1675
807,1677
807,1678
807,1683
807,1685
807,1686
807,1705
807,1706
807,1708
807,1713
807,1714
807,1716
807,1817
807,1818
807,1820
807,1848
808,839
808,851
808,853
808,854
808,903
808,915
808,917
808,918
808,1025
808,1026
808,1028
808,1035
808,1037
808,1038
808,1040
808,1049
808,1050
808,1052
808,1059
808,1061
808,1062
808,1071
808,1073
808,1074
808,1076
808,1083
808,1085
808,1086
808,1097
808,1098
808,1100
808,1112
808,1121
808,1122
808,1124
808,1131
808,1133
808,1134
808,1136
808,1145
808,1146
808,1148
808,1161
808,1162
808,1164
808,1176
808,1185
808,1186
808,1188
808,1195
808,1197
808,1198
808,1200
808,1209
808,1210
808,1212
808,1257
808,1258
808,1260
808,1272
808,1283
808,1285
808,1286
808,1295
808,1297
808,1298
808,1300
808,1307
808,1309
808,1310
808,1319
808,1331
808,1333
808,1334
808,1355
808,1357
808,1358
808,1369
808,1370
808,1372
808,1379
808,1381
808,1382
808,1393
808,1394
808,1396
808,1419
808,1421
808,1422
808,1433
808,1434
808,1436
808,1443
808,1445
808,1446
808,1457
808,1458
808,1460
808,1539
808,1541
808,1542
808,1551
808,1553
808,1554
808,1556
808,1563
808,1565
808,1566
808,1575
808,1587
808,1589
808,1590
808,1611
808,1613
808,1614
808,1625
808,1626
808,1628
808,1635
808,1637
808,1638
808,1649
808,1650
808,1652
808,1675
808,1677
808,1678
808,1689
808,1690
808,1692
808,1699
808,1701
808,1702
808,1713
808,1714
808,1716
808,1799
808,1811
808,1813
808,1814
811,853
811,854
811,860
811,884
811,917
811,918
811,924
811,948
811,1025
811,1026
811,1031
811,1032
811,1037
811,1038
811,1043
811,1049
811,1050
811,1055
811,1056
811,1061
811,1062
811,1068
811,1073
811,1074
811,1079
811,1080
811,1085
811,1086
811,1091
811,1097
811,1098
811,1103
811,1115
811,1121
811,1122
811,1127
811,1128
811,1133
811,1134
811,1139
811,1145
811,1146
811,1155
811,1161
811,1162
811,1167
811,1179
811,1185
811,1186
811,1191
811,1192
811,1197
811,1198
811,1203
811,1209
811,1210
811,1227
811,1251
811,1257
811,1258
811,1285
811,1286
811,1292
811,1297
811,1298
811,1303
811,1304
811,1309
811,1310
811,1316
811,1328
811,1333
811,1334
811,1340
811,1351
811,1357
811,1358
811,1363
811,1369
811,1370
811,1381
811,1382
811,1388
811,1393
811,1394
811,1400
811,1415
811,1421
811,1422
811,1427
811,1433
811,1434
811,1445
811,1446
811,1452
811,1457
811,1458
811,1464
811,1541
811,1542
811,1548
811,1553
811,1554
811,1559
811,1560
811,1565
811,1566
811,1572
811,1584
811,1589
811,1590
811,1596
811,1607
811,1613
811,1614
811,1619
811,1625
811,1626
811,1637
811,1638
811,1644
811,1649
811,1650
811,1656
811,1671
811,1677
811,1678
811,1683
811,1689
811,1690
811,1701
811,1702
811,1708
811,1713
811,1714
811,1720
811,1813
811,1814
811,1820
811,1844
813,851
813,854
813,858
813,882
813,915
813,918
813,922
813,946
813,1025
813,1028
813,1031
813,1032
813,1035
813,1038
813,1045
813,1049
813,1052
813,1055
813,1056
813,1059
813,1062
813,1066
813,1073
813,1076
813,1079
813,1080
813,1083
813,1086
813,1093
813,1097
813,1100
813,1103
813,1117
813,1121
813,1124
813,1127
813,1128
813,1131
813,1134
813,1141
813,1145
813,1148
813,1157
813,1161
813,1164
813,1167
813,1181
813,1185
813,1188
813,1191
813,1192
813,1195
813,1198
813,1205
813,1209
813,1212
813,1229
813,1253
813,1257
813,1260
813,1283
813,1286
813,1290
813,1297
813,1300
813,1303
813,1304
813,1307
813,1310
813,1314
813,1328
813,1331
813,1334
813,1338
813,1351
813,1355
813,1358
813,1365
813,1369
813,1372
813,1379
813,1382
813,1386
813,1393
813,1396
813,1400
813,1415
813,1419
813,1422
813,1429
813,1433
813,1436
813,1443
813,1446
813,1450
813,1457
813,1460
813,1464
813,1539
813,1542
813,1546
813,1553
813,1556
813,1559
813,1560
813,1563
813,1566
813,1570
813,1584
813,1587
813,1590
813,1594
813,1607
813,1611
813,1614
813,1621
813,1625
813,1628
813,1635
813,1638
813,1642
813,1649
813,1652
813,1656
813,1671
813,1675
813,1678
813,1685
813,1689
813,1692
813,1699
813,1702
813,1706
813,1713
813,1716
813,1720
813,1811
813,1814
813,1818
813,1842
814,851
814,853
814,857
814,881
814,915
814,917
814,921
814,945
814,1026
814,1028
814,1031
814,1032
814,1035
814,1037
814,1046
814,1050
814,1052
814,1055
814,1056
814,1059
814,1061
814,1065
814,1074
814,1076
814,1079
814,1080
814,1083
814,1085
814,1094
814,1098
814,1100
814,1103
814,1118
814,1122
814,1124
814,1127
814,1128
814,1131
814,1133
814,1142
814,1146
814,1148
814,1158
814,1162
814,1164
814,1167
814,1182
814,1186
814,1188
814,1191
814,1192
814,1195
814,1197
814,1206
814,1210
814,1212
814,1230
814,1254
814,1258
814,1260
814,1283
814,1285
814,1289
814,1298
814,1300
814,1303
814,1304
814,1307
814,1309
814,1313
814,1328
814,1331
814,1333
814,1337
814,1351
814,1355
814,1357
814,1366
814,1370
814,1372
814,1379
814,1381
814,1385
814,1394
814,1396
814,1400
814,1415
814,1419
814,1421
814,1430
814,1434
814,1436
814,1443
814,1445
814,1449
814,1458
814,1460
814,1464
814,1539
814,1541
814,1545
814,1554
814,1556
814,1559
814,1560
814,1563
814,1565
814,1569
814,1584
814,1587
814,1589
814,1593
814,1607
814,1611
814,1613
814,1622
814,1626
814,1628
814,1635
814,1637
814,1641
814,1650
814,1652
814,1656
814,1671
814,1675
814,1677
814,1686
814,1690
814,1692
814,1699
814,1701
814,1705
814,1714
814,1716
814,1720
814,1811
814,1813
814,1817
814,1841
816,839
816,843
816,845
816,846
816,903
816,907
816,909
816,910
816,1025
816,1026
816,1028
816,1032
816,1043
816,1045
816,1046
816,1049
816,1050
816,1052
816,1059
816,1061
816,1062
816,1065
816,1066
816,1068
816,1079
816,1083
816,1085
816,1086
816,1105
816,1106
816,1108
816,1112
816,1121
816,1122
816,1124
816,1128
816,1139
816,1141
816,1142
816,1145
816,1146
816,1148
816,1169
816,1170
816,1172
816,1176
816,1185
816,1186
816,1188
816,1192
816,1203
816,1205
816,1206
816,1209
816,1210
816,1212
816,1265
816,1266
816,1268
816,1272
816,1283
816,1285
816,1286
816,1289
816,1290
816,1292
816,1303
816,1307
816,1309
816,1310
816,1319
816,1323
816,1325
816,1326
816,1363
816,1365
816,1366
816,1369
816,1370
816,1372
816,1379
816,1381
816,1382
816,1385
816,1386
816,1388
816,1427
816,1429
816,1430
816,1433
816,1434
816,1436
816,1443
816,1445
816,1446
816,1449
816,1450
816,1452
816,1539
816,1541
816,1542
816,1545
816,1546
816,1548
816,1559
816,1563
816,1565
816,1566
816,1575
816,1579
816,1581
816,1582
816,1619
816,1621
816,1622
816,1625
816,1626
816,1628
816,1635
816,1637
816,1638
816,1641
816,1642
816,1644
816,1683
816,1685
816,1686
816,1689
816,1690
816,1692
816,1699
816,1701
816,1702
816,1705
816,1706
816,1708
816,1799
816,1803
816,1805
816,1806
819,845
819,846
819,860
819,876
819,909
819,910
819,924
819,940
819,1025
819,1026
819,1031
819,1035
819,1040
819,1045
819,1046
819,1049
819,1050
819,1055
819,1056
819,1061
819,1062
819,1065
819,1066
819,1071
819,1076
819,1080
819,1085
819,1086
819,1091
819,1105
819,1106
819,1111
819,1115
819,1121
819,1122
819,1127
819,1131
819,1136
819,1141
819,1142
819,1145
819,1146
819,1155
819,1169
819,1170
819,1175
819,1179
819,1185
819,1186
819,1191
819,1195
819,1200
819,1205
819,1206
819,1209
819,1210
819,1235
819,1251
819,1265
819,1266
819,1285
819,1286
819,1289
819,1290
819,1295
819,1300
819,1304
819,1309
819,1310
819,1316
819,1320
819,1325
819,1326
819,1340
819,1351
819,1355
819,1365
819,1366
819,1369
819,1370
819,1381
819,1382
819,1385
819,1386
819,1396
819,1400
819,1415
819,1419
819,1429
819,1430
819,1433
819,1434
819,1445
819,1446
819,1449
819,1450
819,1460
819,1464
819,1541
819,1542
819,1545
819,1546
819,1551
819,1556
819,1560
819,1565
819,1566
819,1572
819,1576
819,1581
819,1582
819,1596
819,1607
819,1611
819,1621
819,1622
819,1625
819,1626
819,1637
819,1638
819,1641
819,1642
819,1652
819,1656
819,1671
819,1675
819,1685
819,1686
819,1689
819,1690
819,1701
819,1702
819,1705
819,1706
819,1716
819,1720
819,1805
819,1806
819,1820
819,1836
821,843
821,846
821,858
821,874
821,907
821,910
821,922
821,938
821,1025
821,1028
821,1031
821,1037
821,1040
821,1043
821,1046
821,1049
821,1052
821,1055
821,1056
821,1059
821,1062
821,1065
821,1068
821,1071
821,1074
821,1080
821,1083
821,1086
821,1093
821,1105
821,1108
821,1111
821,1117
821,1121
821,1124
821,1127
821,1133
821,1136
821,1139
821,1142
821,1145
821,1148
821,1157
821,1169
821,1172
821,1175
821,1181
821,1185
821,1188
821,1191
821,1197
821,1200
821,1203
821,1206
821,1209
821,1212
821,1237
821,1253
821,1265
821,1268
821,1283
821,1286
821,1289
821,1292
821,1295
821,1298
821,1304
821,1307
821,1310
821,1314
821,1320
821,1323
821,1326
821,1338
821,1351
821,1357
821,1363
821,1366
821,1369
821,1372
821,1379
821,1382
821,1385
821,1388
821,1394
821,1400
821,1415
821,1421
821,1427
821,1430
821,1433
821,1436
821,1443
821,1446
821,1449
821,1452
821,1458
821,1464
821,1539
821,1542
821,1545
821,1548
821,1551
821,1554
821,1560
821,1563
821,1566
821,1570
821,1576
821,1579
821,1582
821,1594
821,1607
821,1613
821,1619
821,1622
821,1625
821,1628
821,1635
821,1638
821,1641
821,1644
821,1650
821,1656
821,1671
821,1677
821,1683
821,1686
821,1689
821,1692
821,1699
821,1702
821,1705
821,1708
821,1714
821,1720
821,1803
821,1806
821,1818
821,1834
822,843
822,845
822,857
822,873
822,907
822,909
822,921
822,937
822,1026
822,1028
822,1031
822,1038
822,1040
822,1043
822,1045
822,1050
822,1052
822,1055
822,1056
822,1059
822,1061
822,1066
822,1068
822,1071
822,1073
822,1080
822,1083
822,1085
822,1094
822,1106
822,1108
822,1111
822,1118
822,1122
822,1124
822,1127
822,1134
822,1136
822,1139
822,1141
822,1146
822,1148
822,1158
822,1170
822,1172
822,1175
822,1182
822,1186
822,1188
822,1191
822,1198
822,1200
822,1203
822,1205
822,1210
822,1212
822,1238
822,1254
822,1266
822,1268
822,1283
822,1285
822,1290
822,1292
822,1295
822,1297
822,1304
822,1307
822,1309
822,1313
822,1320
822,1323
822,1325
822,1337
822,1351
822,1358
822,1363
822,1365
822,1370
822,1372
822,1379
822,1381
822,1386
822,1388
822,1393
822,1400
822,1415
822,1422
822,1427
822,1429
822,1434
822,1436
822,1443
822,1445
822,1450
822,1452
822,1457
822,1464
822,1539
822,1541
822,1546
822,1548
822,1551
822,1553
822,1560
822,1563
822,1565
822,1569
822,1576
822,1579
822,1581
822,1593
822,1607
822,1614
822,1619
822,1621
822,1626
822,1628
822,1635
822,1637
822,1642
822,1644
822,1649
822,1656
822,1671
822,1678
822,1683
822,1685
822,1690
822,1692
822,1699
822,1701
822,1706
822,1708
822,1713
822,1720
822,1803
822,1805
822,1817
822,1833
825,839
825,846
825,854
825,870
825,903
825,910
825,918
825,934
825,1025
825,1032
825,1035
825,1037
825,1040
825,1043
825,1045
825,1050
825,1052
825,1055
825,1056
825,1059
825,1061
825,1066
825,1068
825,1071
825,1074
825,1076
825,1079
825,1086
825,1097
825,1105
825,1112
825,1115
825,1117
825,1121
825,1128
825,1131
825,1133
825,1136
825,1139
825,1141
825,1146
825,1148
825,1161
825,1169
825,1176
825,1179
825,1181
825,1185
825,1192
825,1195
825,1197
825,1200
825,1203
825,1205
825,1210
825,1212
825,1241
825,1257
825,1265
825,1272
825,1283
825,1285
825,1290
825,1292
825,1295
825,1298
825,1300
825,1303
825,1310
825,1314
825,1316
825,1319
825,1326
825,1334
825,1355
825,1357
825,1363
825,1365
825,1370
825,1372
825,1379
825,1381
825,1386
825,1388
825,1394
825,1396
825,1419
825,1421
825,1427
825,1429
825,1434
825,1436
825,1443
825,1445
825,1450
825,1452
825,1458
825,1460
825,1539
825,1541
825,1546
825,1548
825,1551
825,1554
825,1556
825,1559
825,1566
825,1570
825,1572
825,1575
825,1582
825,1590
825,1611
825,1613
825,1619
825,1621
825,1626
825,1628
825,1635
825,1637
825,1642
825,1644
825,1650
825,1652
825,1675
825,1677
825,1683
825,1685
825,1690
825,1692
825,1699
825,1701
825,1706
825,1708
825,1714
825,1716
825,1799
825,1806
825,1814
825,1830
826,839
826,845
826,853
826,869
826,903
826,909
826,917
826,933
826,1026
826,1032
826,1035
826,1038
826,1040
826,1043
826,1046
826,1049
826,1052
826,1055
826,1056
826,1059
826,1062
826,1065
826,1068
826,1071
826,1073
826,1076
826,1079
826,1085
826,1098
826,1106
826,1112
826,1115
826,1118
826,1122
826,1128
826,1131
826,1134
826,1136
826,1139
826,1142
826,1145
826,1148
826,1162
826,1170
826,1176
826,1179
826,1182
826,1186
826,1192
826,1195
826,1198
826,1200
826,1203
826,1206
826,1209
826,1212
826,1242
826,1258
826,1266
826,1272
826,1283
826,1286
826,1289
826,1292
826,1295
826,1297
826,1300
826,1303
826,1309
826,1313
826,1316
826,1319
826,1325
826,1333
826,1355
826,1358
826,1363
826,1366
826,1369
826,1372
826,1379
826,1382
826,1385
826,1388
826,1393
826,1396
826,1419
826,1422
826,1427
826,1430
826,1433
826,1436
826,1443
826,1446
826,1449
826,1452
826,1457
826,1460
826,1539
826,1542
826,1545
826,1548
826,1551
826,1553
826,1556
826,1559
826,1565
826,1569
826,1572
826,1575
826,1581
826,1589
826,1611
826,1614
826,1619
826,1622
826,1625
826,1628
826,1635
826,1638
826,1641
826,1644
826,1649
826,1652
826,1675
826,1678
826,1683
826,1686
826,1689
826,1692
826,1699
826,1702
826,1705
826,1708
826,1713
826,1716
826,1799
826,1805
826,1813
826,1829
828,839
828,843
828,851
828,867
828,903
828,907
828,915
828,931
828,1028
828,1032
828,1037
828,1038
828,1040
828,1045
828,1046
828,1049
828,1050
828,1055
828,1056
828,1061
828,1062
828,1065
828,1066
828,1071
828,1073
828,1074
828,1079
828,1083
828,1100
828,1108
828,1112
828,1117
828,1118
828,1124
828,1128
828,1133
828,1134
828,1136
828,1141
828,1142
828,1145
828,1146
828,1164
828,1172
828,1176
828,1181
828,1182
828,1188
828,1192
828,1197
828,1198
828,1200
828,1205
828,1206
828,1209
828,1210
828,1244
828,1260
828,1268
828,1272
828,1285
828,1286
828,1289
828,1290
828,1295
828,1297
828,1298
828,1303
828,1307
828,1313
828,1314
828,1319
828,1323
828,1331
828,1357
828,1358
828,1365
828,1366
828,1369
828,1370
828,1381
828,1382
828,1385
828,1386
828,1393
828,1394
828,1421
828,1422
828,1429
828,1430
828,1433
828,1434
828,1445
828,1446
828,1449
828,1450
828,1457
828,1458
828,1541
828,1542
828,1545
828,1546
828,1551
828,1553
828,1554
828,1559
828,1563
828,1569
828,1570
828,1575
828,1579
828,1587
828,1613
828,1614
828,1621
828,1622
828,1625
828,1626
828,1637
828,1638
828,1641
828,1642
828,1649
828,1650
828,1677
828,1678
828,1685
828,1686
828,1689
828,1690
828,1701
828,1702
828,1705
828,1706
828,1713
828,1714
828,1799
828,1803
828,1811
828,1827
839,888
839,921
839,922
839,924
839,937
839,938
839,940
839,945
839,946
839,948
839,1025
839,1026
839,1028
839,1035
839,1037
839,1038
839,1043
839,1045
839,1046
839,1055
839,1059
839,1061
839,1062
839,1071
839,1079
839,1097
839,1098
839,1100
839,1105
839,1106
839,1108
839,1115
839,1117
839,1118
839,1121
839,1122
839,1124
839,1131
839,1133
839,1134
839,1139
839,1141
839,1142
839,1155
839,1157
839,1158
839,1167
839,1175
839,1191
839,1227
839,1229
839,1230
839,1235
839,1237
839,1238
839,1251
839,1253
839,1254
839,1289
839,1290
839,1292
839,1297
839,1298
839,1300
839,1307
839,1309
839,1310
839,1313
839,1314
839,1316
839,1323
839,1325
839,1326
839,1331
839,1333
839,1334
839,1369
839,1370
839,1372
839,1385
839,1386
839,1388
839,1393
839,1394
839,1396
839,1419
839,1421
839,1422
839,1427
839,1429
839,1430
839,1443
839,1445
839,1446
839,1545
839,1546
839,1548
839,1553
839,1554
839,1556
839,1563
839,1565
839,1566
839,1569
839,1570
839,1572
839,1579
839,1581
839,1582
839,1587
839,1589
839,1590
839,1625
839,1626
839,1628
839,1641
839,1642
839,1644
839,1649
839,1650
839,1652
839,1675
839,1677
839,1678
839,1683
839,1685
839,1686
839,1699
839,1701
839,1702
839,1817
839,1818
839,1820
839,1833
839,1834
839,1836
839,1841
839,1842
839,1844
843,884
843,917
843,918
843,924
843,933
843,934
843,940
843,945
843,946
843,952
843,1025
843,1026
843,1031
843,1032
843,1037
843,1038
843,1043
843,1049
843,1050
843,1055
843,1059
843,1065
843,1066
843,1071
843,1083
843,1093
843,1094
843,1100
843,1105
843,1106
843,1111
843,1112
843,1117
843,1118
843,1121
843,1122
843,1127
843,1128
843,1133
843,1134
843,1139
843,1145
843,1146
843,1155
843,1161
843,1162
843,1167
843,1179
843,1195
843,1223
843,1229
843,1230
843,1235
843,1241
843,1242
843,1251
843,1257
843,1258
843,1285
843,1286
843,1292
843,1297
843,1298
843,1303
843,1304
843,1309
843,1310
843,1313
843,1314
843,1319
843,1320
843,1325
843,1326
843,1331
843,1337
843,1338
843,1365
843,1366
843,1372
843,1381
843,1382
843,1388
843,1393
843,1394
843,1400
843,1415
843,1421
843,1422
843,1427
843,1433
843,1434
843,1443
843,1449
843,1450
843,1541
843,1542
843,1548
843,1553
843,1554
843,1559
843,1560
843,1565
843,1566
843,1569
843,1570
843,1575
843,1576
843,1581
843,1582
843,1587
843,1593
843,1594
843,1621
843,1622
843,1628
843,1637
843,1638
843,1644
843,1649
843,1650
843,1656
843,1671
843,1677
843,1678
843,1683
843,1689
843,1690
843,1699
843,1705
843,1706
843,1813
843,1814
843,1820
843,1829
843,1830
843,1836
843,1841
843,1842
843,1848
845,882
845,915
845,918
845,922
845,931
845,934
845,938
845,945
845,948
845,952
845,1025
845,1028
845,1031
845,1032
845,1035
845,1038
845,1045
845,1049
845,1052
845,1055
845,1061
845,1065
845,1068
845,1071
845,1085
845,1091
845,1094
845,1098
845,1105
845,1108
845,1111
845,1112
845,1115
845,1118
845,1121
845,1124
845,1127
845,1128
845,1131
845,1134
845,1141
845,1145
845,1148
845,1157
845,1161
845,1164
845,1167
845,1181
845,1197
845,1223
845,1227
845,1230
845,1237
845,1241
845,1244
845,1253
845,1257
845,1260
845,1283
845,1286
845,1290
845,1297
845,1300
845,1303
845,1304
845,1307
845,1310
845,1313
845,1316
845,1319
845,1320
845,1323
845,1326
845,1333
845,1337
845,1340
845,1363
845,1366
845,1370
845,1379
845,1382
845,1386
845,1393
845,1396
845,1400
845,1415
845,1419
845,1422
845,1429
845,1433
845,1436
845,1445
845,1449
845,1452
845,1539
845,1542
845,1546
845,1553
845,1556
845,1559
845,1560
845,1563
845,1566
845,1569
845,1572
845,1575
845,1576
845,1579
845,1582
845,1589
845,1593
845,1596
845,1619
845,1622
845,1626
845,1635
845,1638
845,1642
845,1649
845,1652
845,1656
845,1671
845,1675
845,1678
845,1685
845,1689
845,1692
845,1701
845,1705
845,1708
845,1811
845,1814
845,1818
845,1827
845,1830
845,1834
845,1841
845,1844
845,1848
846,881
846,915
846,917
846,921
846,931
846,933
846,937
846,946
846,948
846,952
846,1026
846,1028
846,1031
846,1032
846,1035
846,1037
846,1046
846,1050
846,1052
846,1055
846,1062
846,1066
846,1068
846,1071
846,1086
846,1091
846,1093
846,1097
846,1106
846,1108
846,1111
846,1112
846,1115
846,1117
846,1122
846,1124
846,1127
846,1128
846,1131
846,1133
846,1142
846,1146
846,1148
846,1158
846,1162
846,1164
846,1167
846,1182
846,1198
846,1223
846,1227
846,1229
846,1238
846,1242
846,1244
846,1254
846,1258
846,1260
846,1283
846,1285
846,1289
846,1298
846,1300
846,1303
846,1304
846,1307
846,1309
846,1314
846,1316
846,1319
846,1320
846,1323
846,1325
846,1334
846,1338
846,1340
846,1363
846,1365
846,1369
846,1379
846,1381
846,1385
846,1394
846,1396
846,1400
846,1415
846,1419
846,1421
846,1430
846,1434
846,1436
846,1446
846,1450
846,1452
846,1539
846,1541
846,1545
846,1554
846,1556
846,1559
846,1560
846,1563
846,1565
846,1570
846,1572
846,1575
846,1576
846,1579
846,1581
846,1590
846,1594
846,1596
846,1619
846,1621
846,1625
846,1635
846,1637
846,1641
846,1650
846,1652
846,1656
846,1671
846,1675
846,1677
846,1686
846,1690
846,1692
846,1702
846,1706
846,1708
846,1811
846,1813
846,1817
846,1827
846,1829
846,1833
846,1842
846,1844
846,1848
851,876
851,909
851,910
851,924
851,933
851,934
851,937
851,938
851,948
851,952
851,1025
851,1026
851,1031
851,1035
851,1040
851,1045
851,1046
851,1049
851,1050
851,1055
851,1059
851,1073
851,1074
851,1079
851,1083
851,1093
851,1094
851,1097
851,1098
851,1103
851,1108
851,1112
851,1117
851,1118
851,1121
851,1122
851,1127
851,1131
851,1136
851,1141
851,1142
851,1145
851,1146
851,1155
851,1169
851,1170
851,1175
851,1179
851,1203
851,1223
851,1227
851,1237
851,1238
851,1241
851,1242
851,1251
851,1265
851,1266
851,1285
851,1286
851,1289
851,1290
851,1295
851,1300
851,1304
851,1309
851,1310
851,1313
851,1314
851,1319
851,1323
851,1328
851,1333
851,1334
851,1337
851,1338
851,1357
851,1358
851,1372
851,1381
851,1382
851,1385
851,1386
851,1396
851,1400
851,1415
851,1419
851,1429
851,1430
851,1433
851,1434
851,1443
851,1457
851,1458
851,1541
851,1542
851,1545
851,1546
851,1551
851,1556
851,1560
851,1565
851,1566
851,1569
851,1570
851,1575
851,1579
851,1584
851,1589
851,1590
851,1593
851,1594
851,1613
851,1614
851,1628
851,1637
851,1638
851,1641
851,1642
851,1652
851,1656
851,1671
851,1675
851,1685
851,1686
851,1689
851,1690
851,1699
851,1713
851,1714
851,1805
851,1806
851,1820
851,1829
851,1830
851,1833
851,1834
851,1844
851,1848
853,874
853,907
853,910
853,922
853,931
853,934
853,937
853,940
853,946
853,952
853,1025
853,1028
853,1031
853,1037
853,1040
853,1043
853,1046
853,1049
853,1052
853,1055
853,1061
853,1073
853,1076
853,1079
853,1085
853,1091
853,1094
853,1097
853,1100
853,1103
853,1106
853,1112
853,1115
853,1118
853,1121
853,1124
853,1127
853,1133
853,1136
853,1139
853,1142
853,1145
853,1148
853,1157
853,1169
853,1172
853,1175
853,1181
853,1205
853,1223
853,1229
853,1235
853,1238
853,1241
853,1244
853,1253
853,1265
853,1268
853,1283
853,1286
853,1289
853,1292
853,1295
853,1298
853,1304
853,1307
853,1310
853,1313
853,1316
853,1319
853,1325
853,1328
853,1331
853,1334
853,1337
853,1340
853,1355
853,1358
853,1370
853,1379
853,1382
853,1385
853,1388
853,1394
853,1400
853,1415
853,1421
853,1427
853,1430
853,1433
853,1436
853,1445
853,1457
853,1460
853,1539
853,1542
853,1545
853,1548
853,1551
853,1554
853,1560
853,1563
853,1566
853,1569
853,1572
853,1575
853,1581
853,1584
853,1587
853,1590
853,1593
853,1596
853,1611
853,1614
853,1626
853,1635
853,1638
853,1641
853,1644
853,1650
853,1656
853,1671
853,1677
853,1683
853,1686
853,1689
853,1692
853,1701
853,1713
853,1716
853,1803
853,1806
853,1818
853,1827
853,1830
853,1833
853,1836
853,1842
853,1848
854,873
854,907
854,909
854,921
854,931
854,933
854,938
854,940
854,945
854,952
854,1026
854,1028
854,1031
854,1038
854,1040
854,1043
854,1045
854,1050
854,1052
854,1055
854,1062
854,1074
854,1076
854,1079
854,1086
854,1091
854,1093
854,1098
854,1100
854,1103
854,1105
854,1112
854,1115
854,1117
854,1122
854,1124
854,1127
854,1134
854,1136
854,1139
854,1141
854,1146
854,1148
854,1158
854,1170
854,1172
854,1175
854,1182
854,1206
854,1223
854,1230
854,1235
854,1237
854,1242
854,1244
854,1254
854,1266
854,1268
854,1283
854,1285
854,1290
854,1292
854,1295
854,1297
854,1304
854,1307
854,1309
854,1314
854,1316
854,1319
854,1326
854,1328
854,1331
854,1333
854,1338
854,1340
854,1355
854,1357
854,1369
854,1379
854,1381
854,1386
854,1388
854,1393
854,1400
854,1415
854,1422
854,1427
854,1429
854,1434
854,1436
854,1446
854,1458
854,1460
854,1539
854,1541
854,1546
854,1548
854,1551
854,1553
854,1560
854,1563
854,1565
854,1570
854,1572
854,1575
854,1582
854,1584
854,1587
854,1589
854,1594
854,1596
854,1611
854,1613
854,1625
854,1635
854,1637
854,1642
854,1644
854,1649
854,1656
854,1671
854,1678
854,1683
854,1685
854,1690
854,1692
854,1702
854,1714
854,1716
854,1803
854,1805
854,1817
854,1827
854,1829
854,1834
854,1836
854,1841
854,1848
857,870
857,903
857,910
857,918
857,931
857,933
857,938
857,940
857,946
857,948
857,1025
857,1032
857,1035
857,1037
857,1040
857,1043
857,1045
857,1050
857,1052
857,1055
857,1065
857,1073
857,1080
857,1083
857,1085
857,1091
857,1093
857,1098
857,1100
857,1103
857,1106
857,1108
857,1111
857,1118
857,1121
857,1128
857,1131
857,1133
857,1136
857,1139
857,1141
857,1146
857,1148
857,1161
857,1169
857,1176
857,1179
857,1181
857,1209
857,1227
857,1229
857,1235
857,1237
857,1242
857,1244
857,1257
857,1265
857,1272
857,1283
857,1285
857,1290
857,1292
857,1295
857,1298
857,1300
857,1303
857,1310
857,1313
857,1320
857,1323
857,1325
857,1328
857,1331
857,1333
857,1338
857,1340
857,1351
857,1358
857,1366
857,1379
857,1381
857,1386
857,1388
857,1394
857,1396
857,1419
857,1421
857,1427
857,1429
857,1434
857,1436
857,1449
857,1457
857,1464
857,1539
857,1541
857,1546
857,1548
857,1551
857,1554
857,1556
857,1559
857,1566
857,1569
857,1576
857,1579
857,1581
857,1584
857,1587
857,1589
857,1594
857,1596
857,1607
857,1614
857,1622
857,1635
857,1637
857,1642
857,1644
857,1650
857,1652
857,1675
857,1677
857,1683
857,1685
857,1690
857,1692
857,1705
857,1713
857,1720
857,1799
857,1806
857,1814
857,1827
857,1829
857,1834
857,1836
857,1842
857,1844
858,869
858,903
858,909
858,917
858,931
858,934
858,937
858,940
858,945
858,948
858,1026
858,1032
858,1035
858,1038
858,1040
858,1043
858,1046
858,1049
858,1052
858,1055
858,1066
858,1074
858,1080
858,1083
858,1086
858,1091
858,1094
858,1097
858,1100
858,1103
858,1105
858,1108
858,1111
858,1117
858,1122
858,1128
858,1131
858,1134
858,1136
858,1139
858,1142
858,1145
858,1148
858,1162
858,1170
858,1176
858,1179
858,1182
858,1210
858,1227
858,1230
858,1235
858,1238
858,1241
858,1244
858,1258
858,1266
858,1272
858,1283
858,1286
858,1289
858,1292
858,1295
858,1297
858,1300
858,1303
858,1309
858,1314
858,1320
858,1323
858,1326
858,1328
858,1331
858,1334
858,1337
858,1340
858,1351
858,1357
858,1365
858,1379
858,1382
858,1385
858,1388
858,1393
858,1396
858,1419
858,1422
858,1427
858,1430
858,1433
858,1436
858,1450
858,1458
858,1464
858,1539
858,1542
858,1545
858,1548
858,1551
858,1553
858,1556
858,1559
858,1565
858,1570
858,1576
858,1579
858,1582
858,1584
858,1587
858,1590
858,1593
858,1596
858,1607
858,1613
858,1621
858,1635
858,1638
858,1641
858,1644
858,1649
858,1652
858,1675
858,1678
858,1683
858,1686
858,1689
858,1692
858,1706
858,1714
858,1720
858,1799
858,1805
858,1813
858,1827
858,1830
858,1833
858,1836
858,1841
858,1844
860,867
860,903
860,907
860,915
860,933
860,934
860,937
860,938
860,945
860,946
860,1028
860,1032
860,1037
860,1038
860,1040
860,1045
860,1046
860,1049
860,1050
860,1055
860,1068
860,1076
860,1080
860,1085
860,1086
860,1093
860,1094
860,1097
860,1098
860,1103
860,1105
860,1106
860,1111
860,1115
860,1124
860,1128
860,1133
860,1134
860,1136
860,1141
860,1142
860,1145
860,1146
860,1164
860,1172
860,1176
860,1181
860,1182
860,1212
860,1229
860,1230
860,1237
860,1238
860,1241
860,1242
860,1260
860,1268
860,1272
860,1285
860,1286
860,1289
860,1290
860,1295
860,1297
860,1298
860,1303
860,1307
860,1316
860,1320
860,1325
860,1326
860,1328
860,1333
860,1334
860,1337
860,1338
860,1351
860,1355
860,1363
860,1381
860,1382
860,1385
860,1386
860,1393
860,1394
860,1421
860,1422
860,1429
860,1430
860,1433
860,1434
860,1452
860,1460
860,1464
860,1541
860,1542
860,1545
860,1546
860,1551
860,1553
860,1554
860,1559
860,1563
860,1572
860,1576
860,1581
860,1582
860,1584
860,1589
860,1590
860,1593
860,1594
860,1607
860,1611
860,1619
860,1637
860,1638
860,1641
860,1642
860,1649
860,1650
860,1677
860,1678
860,1685
860,1686
860,1689
860,1690
860,1708
860,1716
860,1720
860,1799
860,1803
860,1811
860,1829
860,1830
860,1833
860,1834
860,1841
860,1842
867,909
867,910
867,917
867,918
867,921
867,922
867,940
867,948
867,952
867,1025
867,1026
867,1031
867,1035
867,1043
867,1056
867,1061
867,1062
867,1065
867,1066
867,1071
867,1073
867,1074
867,1079
867,1083
867,1093
867,1094
867,1097
867,1098
867,1103
867,1105
867,1106
867,1111
867,1115
867,1124
867,1128
867,1133
867,1134
867,1136
867,1141
867,1142
867,1145
867,1146
867,1155
867,1185
867,1186
867,1191
867,1195
867,1203
867,1223
867,1227
867,1235
867,1253
867,1254
867,1257
867,1258
867,1265
867,1266
867,1285
867,1286
867,1289
867,1290
867,1295
867,1297
867,1298
867,1303
867,1307
867,1316
867,1320
867,1325
867,1326
867,1328
867,1333
867,1334
867,1337
867,1338
867,1357
867,1358
867,1365
867,1366
867,1369
867,1370
867,1388
867,1396
867,1400
867,1415
867,1419
867,1427
867,1445
867,1446
867,1449
867,1450
867,1457
867,1458
867,1541
867,1542
867,1545
867,1546
867,1551
867,1553
867,1554
867,1559
867,1563
867,1572
867,1576
867,1581
867,1582
867,1584
867,1589
867,1590
867,1593
867,1594
867,1613
867,1614
867,1621
867,1622
867,1625
867,1626
867,1644
867,1652
867,1656
867,1671
867,1675
867,1683
867,1701
867,1702
867,1705
867,1706
867,1713
867,1714
867,1805
867,1806
867,1813
867,1814
867,1817
867,1818
867,1836
867,1844
867,1848
869,907
869,910
869,915
869,918
869,921
869,924
869,938
869,946
869,952
869,1025
869,1028
869,1031
869,1037
869,1045
869,1056
869,1059
869,1062
869,1065
869,1068
869,1071
869,1073
869,1076
869,1079
869,1085
869,1091
869,1094
869,1097
869,1100
869,1103
869,1105
869,1108
869,1111
869,1117
869,1122
869,1128
869,1131
869,1134
869,1136
869,1139
869,1142
869,1145
869,1148
869,1157
869,1185
869,1188
869,1191
869,1197
869,1205
869,1223
869,1229
869,1237
869,1251
869,1254
869,1257
869,1260
869,1265
869,1268
869,1283
869,1286
869,1289
869,1292
869,1295
869,1297
869,1300
869,1303
869,1309
869,1314
869,1320
869,1323
869,1326
869,1328
869,1331
869,1334
869,1337
869,1340
869,1355
869,1358
869,1363
869,1366
869,1369
869,1372
869,1386
869,1394
869,1400
869,1415
869,1421
869,1429
869,1443
869,1446
869,1449
869,1452
869,1457
869,1460
869,1539
869,1542
869,1545
869,1548
869,1551
869,1553
869,1556
869,1559
869,1565
869,1570
869,1576
869,1579
869,1582
869,1584
869,1587
869,1590
869,1593
869,1596
869,1611
869,1614
869,1619
869,1622
869,1625
869,1628
869,1642
869,1650
869,1656
869,1671
869,1677
869,1685
869,1699
869,1702
869,1705
869,1708
869,1713
869,1716
869,1803
869,1806
869,1811
869,1814
869,1817
869,1820
869,1834
869,1842
869,1848
870,907
870,909
870,915
870,917
870,922
870,924
870,937
870,945
870,952
870,1026
870,1028
870,1031
870,1038
870,1046
870,1056
870,1059
870,1061
870,1066
870,1068
870,1071
870,1074
870,1076
870,1079
870,1086
870,1091
870,1093
870,1098
870,1100
870,1103
870,1106
870,1108
870,1111
870,1118
870,1121
870,1128
870,1131
870,1133
870,1136
870,1139
870,1141
870,1146
870,1148
870,1158
870,1186
870,1188
870,1191
870,1198
870,1206
870,1223
870,1230
870,1238
870,1251
870,1253
870,1258
870,1260
870,1266
870,1268
870,1283
870,1285
870,1290
870,1292
870,1295
870,1298
870,1300
870,1303
870,1310
870,1313
870,1320
870,1323
870,1325
870,1328
870,1331
870,1333
870,1338
870,1340
870,1355
870,1357
870,1363
870,1365
870,1370
870,1372
870,1385
870,1393
870,1400
870,1415
870,1422
870,1430
870,1443
870,1445
870,1450
870,1452
870,1458
870,1460
870,1539
870,1541
870,1546
870,1548
870,1551
870,1554
870,1556
870,1559
870,1566
870,1569
870,1576
870,1579
870,1581
870,1584
870,1587
870,1589
870,1594
870,1596
870,1611
870,1613
870,1619
870,1621
870,1626
870,1628
870,1641
870,1649
870,1656
870,1671
870,1678
870,1686
870,1699
870,1701
870,1706
870,1708
870,1714
870,1716
870,1803
870,1805
870,1811
870,1813
870,1818
870,1820
870,1833
870,1841
870,1848
873,903
873,910
873,915
873,917
873,922
873,924
873,934
873,946
873,948
873,1025
873,1032
873,1035
873,1037
873,1049
873,1056
873,1059
873,1061
873,1066
873,1068
873,1071
873,1073
873,1080
873,1083
873,1085
873,1091
873,1093
873,1098
873,1100
873,1103
873,1105
873,1112
873,1115
873,1117
873,1122
873,1124
873,1127
873,1134
873,1136
873,1139
873,1141
873,1146
873,1148
873,1161
873,1185
873,1192
873,1195
873,1197
873,1209
873,1227
873,1229
873,1241
873,1251
873,1253
873,1258
873,1260
873,1265
873,1272
873,1283
873,1285
873,1290
873,1292
873,1295
873,1297
873,1304
873,1307
873,1309
873,1314
873,1316
873,1319
873,1326
873,1328
873,1331
873,1333
873,1338
873,1340
873,1351
873,1358
873,1363
873,1365
873,1370
873,1372
873,1382
873,1394
873,1396
873,1419
873,1421
873,1433
873,1443
873,1445
873,1450
873,1452
873,1457
873,1464
873,1539
873,1541
873,1546
873,1548
873,1551
873,1553
873,1560
873,1563
873,1565
873,1570
873,1572
873,1575
873,1582
873,1584
873,1587
873,1589
873,1594
873,1596
873,1607
873,1614
873,1619
873,1621
873,1626
873,1628
873,1638
873,1650
873,1652
873,1675
873,1677
873,1689
873,1699
873,1701
873,1706
873,1708
873,1713
873,1720
873,1799
873,1806
873,1811
873,1813
873,1818
873,1820
873,1830
873,1842
873,1844
874,903
874,909
874,915
874,918
874,921
874,924
874,933
874,945
874,948
874,1026
874,1032
874,1035
874,1038
874,1050
874,1056
874,1059
874,1062
874,1065
874,1068
874,1071
874,1074
874,1080
874,1083
874,1086
874,1091
874,1094
874,1097
874,1100
874,1103
874,1106
874,1112
874,1115
874,1118
874,1121
874,1124
874,1127
874,1133
874,1136
874,1139
874,1142
874,1145
874,1148
874,1162
874,1186
874,1192
874,1195
874,1198
874,1210
874,1227
874,1230
874,1242
874,1251
874,1254
874,1257
874,1260
874,1266
874,1272
874,1283
874,1286
874,1289
874,1292
874,1295
874,1298
874,1304
874,1307
874,1310
874,1313
874,1316
874,1319
874,1325
874,1328
874,1331
874,1334
874,1337
874,1340
874,1351
874,1357
874,1363
874,1366
874,1369
874,1372
874,1381
874,1393
874,1396
874,1419
874,1422
874,1434
874,1443
874,1446
874,1449
874,1452
874,1458
874,1464
874,1539
874,1542
874,1545
874,1548
874,1551
874,1554
874,1560
874,1563
874,1566
874,1569
874,1572
874,1575
874,1581
874,1584
874,1587
874,1590
874,1593
874,1596
874,1607
874,1613
874,1619
874,1622
874,1625
874,1628
874,1637
874,1649
874,1652
874,1675
874,1678
874,1690
874,1699
874,1702
874,1705
874,1708
874,1714
874,1720
874,1799
874,1805
874,1811
874,1814
874,1817
874,1820
874,1829
874,1841
874,1844
876,903
876,907
876,917
876,918
876,921
876,922
876,931
876,945
876,946
876,1028
876,1032
876,1037
876,1038
876,1052
876,1056
876,1061
876,1062
876,1065
876,1066
876,1071
876,1076
876,1080
876,1085
876,1086
876,1093
876,1094
876,1097
876,1098
876,1103
876,1108
876,1112
876,1117
876,1118
876,1121
876,1122
876,1127
876,1131
876,1136
876,1141
876,1142
876,1145
876,1146
876,1164
876,1188
876,1192
876,1197
876,1198
876,1212
876,1229
876,1230
876,1244
876,1253
876,1254
876,1257
876,1258
876,1268
876,1272
876,1285
876,1286
876,1289
876,1290
876,1295
876,1300
876,1304
876,1309
876,1310
876,1313
876,1314
876,1319
876,1323
876,1328
876,1333
876,1334
876,1337
876,1338
876,1351
876,1355
876,1365
876,1366
876,1369
876,1370
876,1379
876,1393
876,1394
876,1421
876,1422
876,1436
876,1445
876,1446
876,1449
876,1450
876,1460
876,1464
876,1541
876,1542
876,1545
876,1546
876,1551
876,1556
876,1560
876,1565
876,1566
876,1569
876,1570
876,1575
876,1579
876,1584
876,1589
876,1590
876,1593
876,1594
876,1607
876,1611
876,1621
876,1622
876,1625
876,1626
876,1635
876,1649
876,1650
876,1677
876,1678
876,1692
876,1701
876,1702
876,1705
876,1706
876,1716
876,1720
876,1799
876,1803
876,1813
876,1814
876,1817
876,1818
876,1827
876,1841
876,1842
881,903
881,907
881,909
881,918
881,922
881,924
881,934
881,938
881,940
881,1025
881,1040
881,1043
881,1045
881,1049
881,1056
881,1059
881,1061
881,1065
881,1074
881,1076
881,1079
881,1080
881,1083
881,1085
881,1091
881,1093
881,1097
881,1106
881,1108
881,1111
881,1112
881,1115
881,1117
881,1122
881,1124
881,1127
881,1128
881,1131
881,1133
881,1142
881,1146
881,1148
881,1169
881,1185
881,1200
881,1203
881,1205
881,1209
881,1235
881,1237
881,1241
881,1251
881,1253
881,1257
881,1266
881,1268
881,1272
881,1283
881,1285
881,1289
881,1298
881,1300
881,1303
881,1304
881,1307
881,1309
881,1314
881,1316
881,1319
881,1320
881,1323
881,1325
881,1334
881,1338
881,1340
881,1351
881,1355
881,1357
881,1366
881,1370
881,1372
881,1382
881,1386
881,1388
881,1427
881,1429
881,1433
881,1443
881,1445
881,1449
881,1458
881,1460
881,1464
881,1539
881,1541
881,1545
881,1554
881,1556
881,1559
881,1560
881,1563
881,1565
881,1570
881,1572
881,1575
881,1576
881,1579
881,1581
881,1590
881,1594
881,1596
881,1607
881,1611
881,1613
881,1622
881,1626
881,1628
881,1638
881,1642
881,1644
881,1683
881,1685
881,1689
881,1699
881,1701
881,1705
881,1714
881,1716
881,1720
881,1799
881,1803
881,1805
881,1814
881,1818
881,1820
881,1830
881,1834
881,1836
882,903
882,907
882,910
882,917
882,921
882,924
882,933
882,937
882,940
882,1026
882,1040
882,1043
882,1046
882,1050
882,1056
882,1059
882,1062
882,1066
882,1073
882,1076
882,1079
882,1080
882,1083
882,1086
882,1091
882,1094
882,1098
882,1105
882,1108
882,1111
882,1112
882,1115
882,1118
882,1121
882,1124
882,1127
882,1128
882,1131
882,1134
882,1141
882,1145
882,1148
882,1170
882,1186
882,1200
882,1203
882,1206
882,1210
882,1235
882,1238
882,1242
882,1251
882,1254
882,1258
882,1265
882,1268
882,1272
882,1283
882,1286
882,1290
882,1297
882,1300
882,1303
882,1304
882,1307
882,1310
882,1313
882,1316
882,1319
882,1320
882,1323
882,1326
882,1333
882,1337
882,1340
882,1351
882,1355
882,1358
882,1365
882,1369
882,1372
882,1381
882,1385
882,1388
882,1427
882,1430
882,1434
882,1443
882,1446
882,1450
882,1457
882,1460
882,1464
882,1539
882,1542
882,1546
882,1553
882,1556
882,1559
882,1560
882,1563
882,1566
882,1569
882,1572
882,1575
882,1576
882,1579
882,1582
882,1589
882,1593
882,1596
882,1607
882,1611
882,1614
882,1621
882,1625
882,1628
882,1637
882,1641
882,1644
882,1683
882,1686
882,1690
882,1699
882,1702
882,1706
882,1713
882,1716
882,1720
882,1799
882,1803
882,1806
882,1813
882,1817
882,1820
882,1829
882,1833
882,1836
884,903
884,909
884,910
884,915
884,921
884,922
884,931
884,937
884,938
884,1028
884,1040
884,1045
884,1046
884,1052
884,1056
884,1061
884,1062
884,1068
884,1073
884,1074
884,1079
884,1080
884,1085
884,1086
884,1093
884,1094
884,1100
884,1105
884,1106
884,1111
884,1112
884,1117
884,1118
884,1121
884,1122
884,1127
884,1128
884,1133
884,1134
884,1139
884,1145
884,1146
884,1172
884,1188
884,1200
884,1205
884,1206
884,1212
884,1237
884,1238
884,1244
884,1253
884,1254
884,1260
884,1265
884,1266
884,1272
884,1285
884,1286
884,1292
884,1297
884,1298
884,1303
884,1304
884,1309
884,1310
884,1313
884,1314
884,1319
884,1320
884,1325
884,1326
884,1331
884,1337
884,1338
884,1351
884,1357
884,1358
884,1363
884,1369
884,1370
884,1379
884,1385
884,1386
884,1429
884,1430
884,1436
884,1445
884,1446
884,1452
884,1457
884,1458
884,1464
884,1541
884,1542
884,1548
884,1553
884,1554
884,1559
884,1560
884,1565
884,1566
884,1569
884,1570
884,1575
884,1576
884,1581
884,1582
884,1587
884,1593
884,1594
884,1607
884,1613
884,1614
884,1619
884,1625
884,1626
884,1635
884,1641
884,1642
884,1685
884,1686
884,1692
884,1701
884,1702
884,1708
884,1713
884,1714
884,1720
884,1799
884,1805
884,1806
884,1811
884,1817
884,1818
884,1827
884,1833
884,1834
888,907
888,909
888,910
888,915
888,917
888,918
888,931
888,933
888,934
888,1032
888,1040
888,1049
888,1050
888,1052
888,1056
888,1065
888,1066
888,1068
888,1073
888,1074
888,1076
888,1083
888,1085
888,1086
888,1097
888,1098
888,1100
888,1105
888,1106
888,1108
888,1115
888,1117
888,1118
888,1121
888,1122
888,1124
888,1131
888,1133
888,1134
888,1139
888,1141
888,1142
888,1176
888,1192
888,1200
888,1209
888,1210
888,1212
888,1241
888,1242
888,1244
888,1257
888,1258
888,1260
888,1265
888,1266
888,1268
888,1289
888,1290
888,1292
888,1297
888,1298
888,1300
888,1307
888,1309
888,1310
888,1313
888,1314
888,1316
888,1323
888,1325
888,1326
888,1331
888,1333
888,1334
888,1355
888,1357
888,1358
888,1363
888,1365
888,1366
888,1379
888,1381
888,1382
888,1433
888,1434
888,1436
888,1449
888,1450
888,1452
888,1457
888,1458
888,1460
888,1545
888,1546
888,1548
888,1553
888,1554
888,1556
888,1563
888,1565
888,1566
888,1569
888,1570
888,1572
888,1579
888,1581
888,1582
888,1587
888,1589
888,1590
888,1611
888,1613
888,1614
888,1619
888,1621
888,1622
888,1635
888,1637
888,1638
888,1689
888,1690
888,1692
888,1705
888,1706
888,1708
888,1713
888,1714
888,1716
888,1803
888,1805
888,1806
888,1811
888,1813
888,1814
888,1827
888,1829
888,1830
903,952
903,1025
903,1026
903,1028
903,1035
903,1037
903,1038
903,1043
903,1045
903,1046
903,1055
903,1059
903,1061
903,1062
903,1071
903,1079
903,1091
903,1093
903,1094
903,1103
903,1111
903,1127
903,1161
903,1162
903,1164
903,1169
903,1170
903,1172
903,1179
903,1181
903,1182
903,1185
903,1186
903,1188
903,1195
903,1197
903,1198
903,1203
903,1205
903,1206
903,1227
903,1229
903,1230
903,1235
903,1237
903,1238
903,1251
903,1253
903,1254
903,1289
903,1290
903,1292
903,1297
903,1298
903,1300
903,1307
903,1309
903,1310
903,1313
903,1314
903,1316
903,1323
903,1325
903,1326
903,1331
903,1333
903,1334
903,1355
903,1357
903,1358
903,1363
903,1365
903,1366
903,1379
903,1381
903,1382
903,1433
903,1434
903,1436
903,1449
903,1450
903,1452
903,1457
903,1458
903,1460
903,1545
903,1546
903,1548
903,1553
903,1554
903,1556
903,1563
903,1565
903,1566
903,1569
903,1570
903,1572
903,1579
903,1581
903,1582
903,1587
903,1589
903,1590
903,1611
903,1613
903,1614
903,1619
903,1621
903,1622
903,1635
903,1637
903,1638
903,1689
903,1690
903,1692
903,1705
903,1706
903,1708
903,1713
903,1714
903,1716
903,1817
903,1818
903,1820
903,1833
903,1834
903,1836
903,1841
903,1842
903,1844
907,948
907,1025
907,1026
907,1031
907,1032
907,1037
907,1038
907,1043
907,1049
907,1050
907,1055
907,1059
907,1065
907,1066
907,1071
907,1083
907,1091
907,1097
907,1098
907,1103
907,1115
907,1131
907,1157
907,1158
907,1164
907,1169
907,1170
907,1175
907,1176
907,1181
907,1182
907,1185
907,1186
907,1191
907,1192
907,1197
907,1198
907,1203
907,1209
907,1210
907,1223
907,1229
907,1230
907,1235
907,1241
907,1242
907,1251
907,1257
907,1258
907,1285
907,1286
907,1292
907,1297
907,1298
907,1303
907,1304
907,1309
907,1310
907,1313
907,1314
907,1319
907,1320
907,1325
907,1326
907,1331
907,1337
907,1338
907,1351
907,1357
907,1358
907,1363
907,1369
907,1370
907,1379
907,1385
907,1386
907,1429
907,1430
907,1436
907,1445
907,1446
907,1452
907,1457
907,1458
907,1464
907,1541
907,1542
907,1548
907,1553
907,1554
907,1559
907,1560
907,1565
907,1566
907,1569
907,1570
907,1575
907,1576
907,1581
907,1582
907,1587
907,1593
907,1594
907,1607
907,1613
907,1614
907,1619
907,1625
907,1626
907,1635
907,1641
907,1642
907,1685
907,1686
907,1692
907,1701
907,1702
907,1708
907,1713
907,1714
907,1720
907,1813
907,1814
907,1820
907,1829
907,1830
907,1836
907,1841
907,1842
907,1848
909,946
909,1025
909,1028
909,1031
909,1032
909,1035
909,1038
909,1045
909,1049
909,1052
909,1055
909,1061
909,1065
909,1068
909,1071
909,1085
909,1093
909,1097
909,1100
909,1103
909,1117
909,1133
909,1155
909,1158
909,1162
909,1169
909,1172
909,1175
909,1176
909,1179
909,1182
909,1185
909,1188
909,1191
909,1192
909,1195
909,1198
909,1205
909,1209
909,1212
909,1223
909,1227
909,1230
909,1237
909,1241
909,1244
909,1253
909,1257
909,1260
909,1283
909,1286
909,1290
909,1297
909,1300
909,1303
909,1304
909,1307
909,1310
909,1313
909,1316
909,1319
909,1320
909,1323
909,1326
909,1333
909,1337
909,1340
909,1351
909,1355
909,1358
909,1365
909,1369
909,1372
909,1381
909,1385
909,1388
909,1427
909,1430
909,1434
909,1443
909,1446
909,1450
909,1457
909,1460
909,1464
909,1539
909,1542
909,1546
909,1553
909,1556
909,1559
909,1560
909,1563
909,1566
909,1569
909,1572
909,1575
909,1576
909,1579
909,1582
909,1589
909,1593
909,1596
909,1607
909,1611
909,1614
909,1621
909,1625
909,1628
909,1637
909,1641
909,1644
909,1683
909,1686
909,1690
909,1699
909,1702
909,1706
909,1713
909,1716
909,1720
909,1811
909,1814
909,1818
909,1827
909,1830
909,1834
909,1841
909,1844
909,1848
910,945
910,1026
910,1028
910,1031
910,1032
910,1035
910,1037
910,1046
910,1050
910,1052
910,1055
910,1062
910,1066
910,1068
910,1071
910,1086
910,1094
910,1098
910,1100
910,1103
910,1118
910,1134
910,1155
910,1157
910,1161
910,1170
910,1172
910,1175
910,1176
910,1179
910,1181
910,1186
910,1188
910,1191
910,1192
910,1195
910,1197
910,1206
910,1210
910,1212
910,1223
910,1227
910,1229
910,1238
910,1242
910,1244
910,1254
910,1258
910,1260
910,1283
910,1285
910,1289
910,1298
910,1300
910,1303
910,1304
910,1307
910,1309
910,1314
910,1316
910,1319
910,1320
910,1323
910,1325
910,1334
910,1338
910,1340
910,1351
910,1355
910,1357
910,1366
910,1370
910,1372
910,1382
910,1386
910,1388
910,1427
910,1429
910,1433
910,1443
910,1445
910,1449
910,1458
910,1460
910,1464
910,1539
910,1541
910,1545
910,1554
910,1556
910,1559
910,1560
910,1563
910,1565
910,1570
910,1572
910,1575
910,1576
910,1579
910,1581
910,1590
910,1594
910,1596
910,1607
910,1611
910,1613
910,1622
910,1626
910,1628
910,1638
910,1642
910,1644
910,1683
910,1685
910,1689
910,1699
910,1701
910,1705
910,1714
910,1716
910,1720
910,1811
910,1813
910,1817
910,1827
910,1829
910,1833
910,1842
910,1844
910,1848
915,940
915,1025
915,1026
915,1031
915,1035
915,1040
915,1045
915,1046
915,1049
915,1050
915,1055
915,1059
915,1073
915,1074
915,1079
915,1083
915,1091
915,1105
915,1106
915,1111
915,1115
915,1139
915,1157
915,1158
915,1161
915,1162
915,1167
915,1172
915,1176
915,1181
915,1182
915,1185
915,1186
915,1191
915,1195
915,1200
915,1205
915,1206
915,1209
915,1210
915,1223
915,1227
915,1237
915,1238
915,1241
915,1242
915,1251
915,1265
915,1266
915,1285
915,1286
915,1289
915,1290
915,1295
915,1300
915,1304
915,1309
915,1310
915,1313
915,1314
915,1319
915,1323
915,1328
915,1333
915,1334
915,1337
915,1338
915,1351
915,1355
915,1365
915,1366
915,1369
915,1370
915,1379
915,1393
915,1394
915,1421
915,1422
915,1436
915,1445
915,1446
915,1449
915,1450
915,1460
915,1464
915,1541
915,1542
915,1545
915,1546
915,1551
915,1556
915,1560
915,1565
915,1566
915,1569
915,1570
915,1575
915,1579
915,1584
915,1589
915,1590
915,1593
915,1594
915,1607
915,1611
915,1621
915,1622
915,1625
915,1626
915,1635
915,1649
915,1650
915,1677
915,1678
915,1692
915,1701
915,1702
915,1705
915,1706
915,1716
915,1720
915,1805
915,1806
915,1820
915,1829
915,1830
915,1833
915,1834
915,1844
915,1848
917,938
917,1025
917,1028
917,1031
917,1037
917,1040
917,1043
917,1046
917,1049
917,1052
917,1055
917,1061
917,1073
917,1076
917,1079
917,1085
917,1093
917,1105
917,1108
917,1111
917,1117
917,1141
917,1155
917,1158
917,1161
917,1164
917,1167
917,1170
917,1176
917,1179
917,1182
917,1185
917,1188
917,1191
917,1197
917,1200
917,1203
917,1206
917,1209
917,1212
917,1223
917,1229
917,1235
917,1238
917,1241
917,1244
917,1253
917,1265
917,1268
917,1283
917,1286
917,1289
917,1292
917,1295
917,1298
917,1304
917,1307
917,1310
917,1313
917,1316
917,1319
917,1325
917,1328
917,1331
917,1334
917,1337
917,1340
917,1351
917,1357
917,1363
917,1366
917,1369
917,1372
917,1381
917,1393
917,1396
917,1419
917,1422
917,1434
917,1443
917,1446
917,1449
917,1452
917,1458
917,1464
917,1539
917,1542
917,1545
917,1548
917,1551
917,1554
917,1560
917,1563
917,1566
917,1569
917,1572
917,1575
917,1581
917,1584
917,1587
917,1590
917,1593
917,1596
917,1607
917,1613
917,1619
917,1622
917,1625
917,1628
917,1637
917,1649
917,1652
917,1675
917,1678
917,1690
917,1699
917,1702
917,1705
917,1708
917,1714
917,1720
917,1803
917,1806
917,1818
917,1827
917,1830
917,1833
917,1836
917,1842
917,1848
918,937
918,1026
918,1028
918,1031
918,1038
918,1040
918,1043
918,1045
918,1050
918,1052
918,1055
918,1062
918,1074
918,1076
918,1079
918,1086
918,1094
918,1106
918,1108
918,1111
918,1118
918,1142
918,1155
918,1157
918,1162
918,1164
918,1167
918,1169
918,1176
918,1179
918,1181
918,1186
918,1188
918,1191
918,1198
918,1200
918,1203
918,1205
918,1210
918,1212
918,1223
918,1230
918,1235
918,1237
918,1242
918,1244
918,1254
918,1266
918,1268
918,1283
918,1285
918,1290
918,1292
918,1295
918,1297
918,1304
918,1307
918,1309
918,1314
918,1316
918,1319
918,1326
918,1328
918,1331
918,1333
918,1338
918,1340
918,1351
918,1358
918,1363
918,1365
918,1370
918,1372
918,1382
918,1394
918,1396
918,1419
918,1421
918,1433
918,1443
918,1445
918,1450
918,1452
918,1457
918,1464
918,1539
918,1541
918,1546
918,1548
918,1551
918,1553
918,1560
918,1563
918,1565
918,1570
918,1572
918,1575
918,1582
918,1584
918,1587
918,1589
918,1594
918,1596
918,1607
918,1614
918,1619
918,1621
918,1626
918,1628
918,1638
918,1650
918,1652
918,1675
918,1677
918,1689
918,1699
918,1701
918,1706
918,1708
918,1713
918,1720
918,1803
918,1805
918,1817
918,1827
918,1829
918,1834
918,1836
918,1841
918,1848
921,934
921,1025
921,1032
921,1035
921,1037
921,1040
921,1043
921,1045
921,1050
921,1052
921,1055
921,1065
921,1073
921,1080
921,1083
921,1085
921,1097
921,1105
921,1112
921,1115
921,1117
921,1145
921,1155
921,1157
921,1162
921,1164
921,1167
921,1170
921,1172
921,1175
921,1182
921,1185
921,1192
921,1195
921,1197
921,1200
921,1203
921,1205
921,1210
921,1212
921,1227
921,1229
921,1235
921,1237
921,1242
921,1244
921,1257
921,1265
921,1272
921,1283
921,1285
921,1290
921,1292
921,1295
921,1298
921,1300
921,1303
921,1310
921,1313
921,1320
921,1323
921,1325
921,1328
921,1331
921,1333
921,1338
921,1340
921,1355
921,1357
921,1363
921,1365
921,1370
921,1372
921,1385
921,1393
921,1400
921,1415
921,1422
921,1430
921,1443
921,1445
921,1450
921,1452
921,1458
921,1460
921,1539
921,1541
921,1546
921,1548
921,1551
921,1554
921,1556
921,1559
921,1566
921,1569
921,1576
921,1579
921,1581
921,1584
921,1587
921,1589
921,1594
921,1596
921,1611
921,1613
921,1619
921,1621
921,1626
921,1628
921,1641
921,1649
921,1656
921,1671
921,1678
921,1686
921,1699
921,1701
921,1706
921,1708
921,1714
921,1716
921,1799
921,1806
921,1814
921,1827
921,1829
921,1834
921,1836
921,1842
921,1844
922,933
922,1026
922,1032
922,1035
922,1038
922,1040
922,1043
922,1046
922,1049
922,1052
922,1055
922,1066
922,1074
922,1080
922,1083
922,1086
922,1098
922,1106
922,1112
922,1115
922,1118
922,1146
922,1155
922,1158
922,1161
922,1164
922,1167
922,1169
922,1172
922,1175
922,1181
922,1186
922,1192
922,1195
922,1198
922,1200
922,1203
922,1206
922,1209
922,1212
922,1227
922,1230
922,1235
922,1238
922,1241
922,1244
922,1258
922,1266
922,1272
922,1283
922,1286
922,1289
922,1292
922,1295
922,1297
922,1300
922,1303
922,1309
922,1314
922,1320
922,1323
922,1326
922,1328
922,1331
922,1334
922,1337
922,1340
922,1355
922,1358
922,1363
922,1366
922,1369
922,1372
922,1386
922,1394
922,1400
922,1415
922,1421
922,1429
922,1443
922,1446
922,1449
922,1452
922,1457
922,1460
922,1539
922,1542
922,1545
922,1548
922,1551
922,1553
922,1556
922,1559
922,1565
922,1570
922,1576
922,1579
922,1582
922,1584
922,1587
922,1590
922,1593
922,1596
922,1611
922,1614
922,1619
922,1622
922,1625
922,1628
922,1642
922,1650
922,1656
922,1671
922,1677
922,1685
922,1699
922,1702
922,1705
922,1708
922,1713
922,1716
922,1799
922,1805
922,1813
922,1827
922,1830
922,1833
922,1836
922,1841
922,1844
924,931
924,1028
924,1032
924,1037
924,1038
924,1040
924,1045
924,1046
924,1049
924,1050
924,1055
924,1068
924,1076
924,1080
924,1085
924,1086
924,1100
924,1108
924,1112
924,1117
924,1118
924,1148
924,1157
924,1158
924,1161
924,1162
924,1167
924,1169
924,1170
924,1175
924,1179
924,1188
924,1192
924,1197
924,1198
924,1200
924,1205
924,1206
924,1209
924,1210
924,1229
924,1230
924,1237
924,1238
924,1241
924,1242
924,1260
924,1268
924,1272
924,1285
924,1286
924,1289
924,1290
924,1295
924,1297
924,1298
924,1303
924,1307
924,1316
924,1320
924,1325
924,1326
924,1328
924,1333
924,1334
924,1337
924,1338
924,1357
924,1358
924,1365
924,1366
924,1369
924,1370
924,1388
924,1396
924,1400
924,1415
924,1419
924,1427
924,1445
924,1446
924,1449
924,1450
924,1457
924,1458
924,1541
924,1542
924,1545
924,1546
924,1551
924,1553
924,1554
924,1559
924,1563
924,1572
924,1576
924,1581
924,1582
924,1584
924,1589
924,1590
924,1593
924,1594
924,1613
924,1614
924,1621
924,1622
924,1625
924,1626
924,1644
924,1652
924,1656
924,1671
924,1675
924,1683
924,1701
924,1702
924,1705
924,1706
924,1713
924,1714
924,1799
924,1803
924,1811
924,1829
924,1830
924,1833
924,1834
924,1841
924,1842
931,1025
931,1026
931,1031
931,1035
931,1043
931,1056
931,1061
931,1062
931,1065
931,1066
931,1071
931,1073
931,1074
931,1079
931,1083
931,1091
931,1121
931,1122
931,1127
931,1131
931,1139
931,1157
931,1158
931,1161
931,1162
931,1167
931,1169
931,1170
931,1175
931,1179
931,1188
931,1192
931,1197
931,1198
931,1200
931,1205
931,1206
931,1209
931,1210
931,1223
931,1227
931,1235
931,1253
931,1254
931,1257
931,1258
931,1265
931,1266
931,1285
931,1286
931,1289
931,1290
931,1295
931,1297
931,1298
931,1303
931,1307
931,1316
931,1320
931,1325
931,1326
931,1328
931,1333
931,1334
931,1337
931,1338
931,1351
931,1355
931,1363
931,1381
931,1382
931,1385
931,1386
931,1393
931,1394
931,1421
931,1422
931,1429
931,1430
931,1433
931,1434
931,1452
931,1460
931,1464
931,1541
931,1542
931,1545
931,1546
931,1551
931,1553
931,1554
931,1559
931,1563
931,1572
931,1576
931,1581
931,1582
931,1584
931,1589
931,1590
931,1593
931,1594
931,1607
931,1611
931,1619
931,1637
931,1638
931,1641
931,1642
931,1649
931,1650
931,1677
931,1678
931,1685
931,1686
931,1689
931,1690
931,1708
931,1716
931,1720
931,1805
931,1806
931,1813
931,1814
931,1817
931,1818
931,1836
931,1844
931,1848
933,1025
933,1028
933,1031
933,1037
933,1045
933,1056
933,1059
933,1062
933,1065
933,1068
933,1071
933,1073
933,1076
933,1079
933,1085
933,1093
933,1121
933,1124
933,1127
933,1133
933,1141
933,1155
933,1158
933,1161
933,1164
933,1167
933,1169
933,1172
933,1175
933,1181
933,1186
933,1192
933,1195
933,1198
933,1200
933,1203
933,1206
933,1209
933,1212
933,1223
933,1229
933,1237
933,1251
933,1254
933,1257
933,1260
933,1265
933,1268
933,1283
933,1286
933,1289
933,1292
933,1295
933,1297
933,1300
933,1303
933,1309
933,1314
933,1320
933,1323
933,1326
933,1328
933,1331
933,1334
933,1337
933,1340
933,1351
933,1357
933,1365
933,1379
933,1382
933,1385
933,1388
933,1393
933,1396
933,1419
933,1422
933,1427
933,1430
933,1433
933,1436
933,1450
933,1458
933,1464
933,1539
933,1542
933,1545
933,1548
933,1551
933,1553
933,1556
933,1559
933,1565
933,1570
933,1576
933,1579
933,1582
933,1584
933,1587
933,1590
933,1593
933,1596
933,1607
933,1613
933,1621
933,1635
933,1638
933,1641
933,1644
933,1649
933,1652
933,1675
933,1678
933,1683
933,1686
933,1689
933,1692
933,1706
933,1714
933,1720
933,1803
933,1806
933,1811
933,1814
933,1817
933,1820
933,1834
933,1842
933,1848
934,1026
934,1028
934,1031
934,1038
934,1046
934,1056
934,1059
934,1061
934,1066
934,1068
934,1071
934,1074
934,1076
934,1079
934,1086
934,1094
934,1122
934,1124
934,1127
934,1134
934,1142
934,1155
934,1157
934,1162
934,1164
934,1167
934,1170
934,1172
934,1175
934,1182
934,1185
934,1192
934,1195
934,1197
934,1200
934,1203
934,1205
934,1210
934,1212
934,1223
934,1230
934,1238
934,1251
934,1253
934,1258
934,1260
934,1266
934,1268
934,1283
934,1285
934,1290
934,1292
934,1295
934,1298
934,1300
934,1303
934,1310
934,1313
934,1320
934,1323
934,1325
934,1328
934,1331
934,1333
934,1338
934,1340
934,1351
934,1358
934,1366
934,1379
934,1381
934,1386
934,1388
934,1394
934,1396
934,1419
934,1421
934,1427
934,1429
934,1434
934,1436
934,1449
934,1457
934,1464
934,1539
934,1541
934,1546
934,1548
934,1551
934,1554
934,1556
934,1559
934,1566
934,1569
934,1576
934,1579
934,1581
934,1584
934,1587
934,1589
934,1594
934,1596
934,1607
934,1614
934,1622
934,1635
934,1637
934,1642
934,1644
934,1650
934,1652
934,1675
934,1677
934,1683
934,1685
934,1690
934,1692
934,1705
934,1713
934,1720
934,1803
934,1805
934,1811
934,1813
934,1818
934,1820
934,1833
934,1841
934,1848
937,1025
937,1032
937,1035
937,1037
937,1049
937,1056
937,1059
937,1061
937,1066
937,1068
937,1071
937,1073
937,1080
937,1083
937,1085
937,1097
937,1121
937,1128
937,1131
937,1133
937,1145
937,1155
937,1157
937,1162
937,1164
937,1167
937,1169
937,1176
937,1179
937,1181
937,1186
937,1188
937,1191
937,1198
937,1200
937,1203
937,1205
937,1210
937,1212
937,1227
937,1229
937,1241
937,1251
937,1253
937,1258
937,1260
937,1265
937,1272
937,1283
937,1285
937,1290
937,1292
937,1295
937,1297
937,1304
937,1307
937,1309
937,1314
937,1316
937,1319
937,1326
937,1328
937,1331
937,1333
937,1338
937,1340
937,1355
937,1357
937,1369
937,1379
937,1381
937,1386
937,1388
937,1393
937,1400
937,1415
937,1422
937,1427
937,1429
937,1434
937,1436
937,1446
937,1458
937,1460
937,1539
937,1541
937,1546
937,1548
937,1551
937,1553
937,1560
937,1563
937,1565
937,1570
937,1572
937,1575
937,1582
937,1584
937,1587
937,1589
937,1594
937,1596
937,1611
937,1613
937,1625
937,1635
937,1637
937,1642
937,1644
937,1649
937,1656
937,1671
937,1678
937,1683
937,1685
937,1690
937,1692
937,1702
937,1714
937,1716
937,1799
937,1806
937,1811
937,1813
937,1818
937,1820
937,1830
937,1842
937,1844
938,1026
938,1032
938,1035
938,1038
938,1050
938,1056
938,1059
938,1062
938,1065
938,1068
938,1071
938,1074
938,1080
938,1083
938,1086
938,1098
938,1122
938,1128
938,1131
938,1134
938,1146
938,1155
938,1158
938,1161
938,1164
938,1167
938,1170
938,1176
938,1179
938,1182
938,1185
938,1188
938,1191
938,1197
938,1200
938,1203
938,1206
938,1209
938,1212
938,1227
938,1230
938,1242
938,1251
938,1254
938,1257
938,1260
938,1266
938,1272
938,1283
938,1286
938,1289
938,1292
938,1295
938,1298
938,1304
938,1307
938,1310
938,1313
938,1316
938,1319
938,1325
938,1328
938,1331
938,1334
938,1337
938,1340
938,1355
938,1358
938,1370
938,1379
938,1382
938,1385
938,1388
938,1394
938,1400
938,1415
938,1421
938,1427
938,1430
938,1433
938,1436
938,1445
938,1457
938,1460
938,1539
938,1542
938,1545
938,1548
938,1551
938,1554
938,1560
938,1563
938,1566
938,1569
938,1572
938,1575
938,1581
938,1584
938,1587
938,1590
938,1593
938,1596
938,1611
938,1614
938,1626
938,1635
938,1638
938,1641
938,1644
938,1650
938,1656
938,1671
938,1677
938,1683
938,1686
938,1689
938,1692
938,1701
938,1713
938,1716
938,1799
938,1805
938,1811
938,1814
938,1817
938,1820
938,1829
938,1841
938,1844
940,1028
940,1032
940,1037
940,1038
940,1052
940,1056
940,1061
940,1062
940,1065
940,1066
940,1071
940,1076
940,1080
940,1085
940,1086
940,1100
940,1124
940,1128
940,1133
940,1134
940,1148
940,1157
940,1158
940,1161
940,1162
940,1167
940,1172
940,1176
940,1181
940,1182
940,1185
940,1186
940,1191
940,1195
940,1200
940,1205
940,1206
940,1209
940,1210
940,1229
940,1230
940,1244
940,1253
940,1254
940,1257
940,1258
940,1268
940,1272
940,1285
940,1286
940,1289
940,1290
940,1295
940,1300
940,1304
940,1309
940,1310
940,1313
940,1314
940,1319
940,1323
940,1328
940,1333
940,1334
940,1337
940,1338
940,1357
940,1358
940,1372
940,1381
940,1382
940,1385
940,1386
940,1396
940,1400
940,1415
940,1419
940,1429
940,1430
940,1433
940,1434
940,1443
940,1457
940,1458
940,1541
940,1542
940,1545
940,1546
940,1551
940,1556
940,1560
940,1565
940,1566
940,1569
940,1570
940,1575
940,1579
940,1584
940,1589
940,1590
940,1593
940,1594
940,1613
940,1614
940,1628
940,1637
940,1638
940,1641
940,1642
940,1652
940,1656
940,1671
940,1675
940,1685
940,1686
940,1689
940,1690
940,1699
940,1713
940,1714
940,1799
940,1803
940,1813
940,1814
940,1817
940,1818
940,1827
940,1841
940,1842
945,1025
945,1040
945,1043
945,1045
945,1049
945,1056
945,1059
945,1061
945,1065
945,1074
945,1076
945,1079
945,1080
945,1083
945,1085
945,1105
945,1121
945,1136
945,1139
945,1141
945,1145
945,1155
945,1157
945,1161
945,1170
945,1172
945,1175
945,1176
945,1179
945,1181
945,1186
945,1188
945,1191
945,1192
945,1195
945,1197
945,1206
945,1210
945,1212
945,1235
945,1237
945,1241
945,1251
945,1253
945,1257
945,1266
945,1268
945,1272
945,1283
945,1285
945,1289
945,1298
945,1300
945,1303
945,1304
945,1307
945,1309
945,1314
945,1316
945,1319
945,1320
945,1323
945,1325
945,1334
945,1338
945,1340
945,1363
945,1365
945,1369
945,1379
945,1381
945,1385
945,1394
945,1396
945,1400
945,1415
945,1419
945,1421
945,1430
945,1434
945,1436
945,1446
945,1450
945,1452
945,1539
945,1541
945,1545
945,1554
945,1556
945,1559
945,1560
945,1563
945,1565
945,1570
945,1572
945,1575
945,1576
945,1579
945,1581
945,1590
945,1594
945,1596
945,1619
945,1621
945,1625
945,1635
945,1637
945,1641
945,1650
945,1652
945,1656
945,1671
945,1675
945,1677
945,1686
945,1690
945,1692
945,1702
945,1706
945,1708
945,1799
945,1803
945,1805
945,1814
945,1818
945,1820
945,1830
945,1834
945,1836
946,1026
946,1040
946,1043
946,1046
946,1050
946,1056
946,1059
946,1062
946,1066
946,1073
946,1076
946,1079
946,1080
946,1083
946,1086
946,1106
946,1122
946,1136
946,1139
946,1142
946,1146
946,1155
946,1158
946,1162
946,1169
946,1172
946,1175
946,1176
946,1179
946,1182
946,1185
946,1188
946,1191
946,1192
946,1195
946,1198
946,1205
946,1209
946,1212
946,1235
946,1238
946,1242
946,1251
946,1254
946,1258
946,1265
946,1268
946,1272
946,1283
946,1286
946,1290
946,1297
946,1300
946,1303
946,1304
946,1307
946,1310
946,1313
946,1316
946,1319
946,1320
946,1323
946,1326
946,1333
946,1337
946,1340
946,1363
946,1366
946,1370
946,1379
946,1382
946,1386
946,1393
946,1396
946,1400
946,1415
946,1419
946,1422
946,1429
946,1433
946,1436
946,1445
946,1449
946,1452
946,1539
946,1542
946,1546
946,1553
946,1556
946,1559
946,1560
946,1563
946,1566
946,1569
946,1572
946,1575
946,1576
946,1579
946,1582
946,1589
946,1593
946,1596
946,1619
946,1622
946,1626
946,1635
946,1638
946,1642
946,1649
946,1652
946,1656
946,1671
946,1675
946,1678
946,1685
946,1689
946,1692
946,1701
946,1705
946,1708
946,1799
946,1803
946,1806
946,1813
946,1817
946,1820
946,1829
946,1833
946,1836
948,1028
948,1040
948,1045
948,1046
948,1052
948,1056
948,1061
948,1062
948,1068
948,1073
948,1074
948,1079
948,1080
948,1085
948,1086
948,1108
948,1124
948,1136
948,1141
948,1142
948,1148
948,1157
948,1158
948,1164
948,1169
948,1170
948,1175
948,1176
948,1181
948,1182
948,1185
948,1186
948,1191
948,1192
948,1197
948,1198
948,1203
948,1209
948,1210
948,1237
948,1238
948,1244
948,1253
948,1254
948,1260
948,1265
948,1266
948,1272
948,1285
948,1286
948,1292
948,1297
948,1298
948,1303
948,1304
948,1309
948,1310
948,1313
948,1314
948,1319
948,1320
948,1325
948,1326
948,1331
948,1337
948,1338
948,1365
948,1366
948,1372
948,1381
948,1382
948,1388
948,1393
948,1394
948,1400
948,1415
948,1421
948,1422
948,1427
948,1433
948,1434
948,1443
948,1449
948,1450
948,1541
948,1542
948,1548
948,1553
948,1554
948,1559
948,1560
948,1565
948,1566
948,1569
948,1570
948,1575
948,1576
948,1581
948,1582
948,1587
948,1593
948,1594
948,1621
948,1622
948,1628
948,1637
948,1638
948,1644
948,1649
948,1650
948,1656
948,1671
948,1677
948,1678
948,1683
948,1689
948,1690
948,1699
948,1705
948,1706
948,1799
948,1805
948,1806
948,1811
948,1817
948,1818
948,1827
948,1833
948,1834
952,1032
952,1040
952,1049
952,1050
952,1052
952,1056
952,1065
952,1066
952,1068
952,1073
952,1074
952,1076
952,1083
952,1085
952,1086
952,1112
952,1128
952,1136
952,1145
952,1146
952,1148
952,1161
952,1162
952,1164
952,1169
952,1170
952,1172
952,1179
952,1181
952,1182
952,1185
952,1186
952,1188
952,1195
952,1197
952,1198
952,1203
952,1205
952,1206
952,1241
952,1242
952,1244
952,1257
952,1258
952,1260
952,1265
952,1266
952,1268
952,1289
952,1290
952,1292
952,1297
952,1298
952,1300
952,1307
952,1309
952,1310
952,1313
952,1314
952,1316
952,1323
952,1325
952,1326
952,1331
952,1333
952,1334
952,1369
952,1370
952,1372
952,1385
952,1386
952,1388
952,1393
952,1394
952,1396
952,1419
952,1421
952,1422
952,1427
952,1429
952,1430
952,1443
952,1445
952,1446
952,1545
952,1546
952,1548
952,1553
952,1554
952,1556
952,1563
952,1565
952,1566
952,1569
952,1570
952,1572
952,1579
952,1581
952,1582
952,1587
952,1589
952,1590
952,1625
952,1626
952,1628
952,1641
952,1642
952,1644
952,1649
952,1650
952,1652
952,1675
952,1677
952,1678
952,1683
952,1685
952,1686
952,1699
952,1701
952,1702
952,1803
952,1805
952,1806
952,1811
952,1813
952,1814
952,1827
952,1829
952,1830
1025,1086
1025,1118
1025,1134
1025,1142
1025,1146
1025,1148
1025,1182
1025,1198
1025,1206
1025,1210
1025,1212
1025,1230
1025,1238
1025,1242
1025,1244
1025,1254
1025,1258
1025,1260
1025,1266
1025,1268
1025,1272
1025,1310
1025,1326
1025,1334
1025,1338
1025,1340
1025,1358
1025,1366
1025,1370
1025,1372
1025,1382
1025,1386
1025,1388
1025,1394
1025,1396
1025,1400
1025,1422
1025,1430
1025,1434
1025,1436
1025,1446
1025,1450
1025,1452
1025,1458
1025,1460
1025,1464
1025,1566
1025,1582
1025,1590
1025,1594
1025,1596
1025,1614
1025,1622
1025,1626
1025,1628
1025,1638
1025,1642
1025,1644
1025,1650
1025,1652
1025,1656
1025,1678
1025,1686
1025,1690
1025,1692
1025,1702
1025,1706
1025,1708
1025,1714
1025,1716
1025,1720
1025,1806
1025,1814
1025,1818
1025,1820
1025,1830
1025,1834
1025,1836
1025,1842
1025,1844
1025,1848
1026,1085
1026,1117
1026,1133
1026,1141
1026,1145
1026,1148
1026,1181
1026,1197
1026,1205
1026,1209
1026,1212
1026,1229
1026,1237
1026,1241
1026,1244
1026,1253
1026,1257
1026,1260
1026,1265
1026,1268
1026,1272
1026,1309
1026,1325
1026,1333
1026,1337
1026,1340
1026,1357
1026,1365
1026,1369
1026,1372
1026,1381
1026,1385
1026,1388
1026,1393
1026,1396
1026,1400
1026,1421
1026,1429
1026,1433
1026,1436
1026,1445
1026,1449
1026,1452
1026,1457
1026,1460
1026,1464
1026,1565
1026,1581
1026,1589
1026,1593
1026,1596
1026,1613
1026,1621
1026,1625
1026,1628
1026,1637
1026,1641
1026,1644
1026,1649
1026,1652
1026,1656
1026,1677
1026,1685
1026,1689
1026,1692
1026,1701
1026,1705
1026,1708
1026,1713
1026,1716
1026,1720
1026,1805
1026,1813
1026,1817
1026,1820
1026,1829
1026,1833
1026,1836
1026,1841
1026,1844
1026,1848
1028,1083
1028,1115
1028,1131
1028,1139
1028,1145
1028,1146
1028,1179
1028,1195
1028,1203
1028,1209
1028,1210
1028,1227
1028,1235
1028,1241
1028,1242
1028,1251
1028,1257
1028,1258
1028,1265
1028,1266
1028,1272
1028,1307
1028,1323
1028,1331
1028,1337
1028,1338
1028,1355
1028,1363
1028,1369
1028,1370
1028,1379
1028,1385
1028,1386
1028,1393
1028,1394
1028,1400
1028,1419
1028,1427
1028,1433
1028,1434
1028,1443
1028,1449
1028,1450
1028,1457
1028,1458
1028,1464
1028,1563
1028,1579
1028,1587
1028,1593
1028,1594
1028,1611
1028,1619
1028,1625
1028,1626
1028,1635
1028,1641
1028,1642
1028,1649
1028,1650
1028,1656
1028,1675
1028,1683
1028,1689
1028,1690
1028,1699
1028,1705
1028,1706
1028,1713
1028,1714
1028,1720
1028,1803
1028,1811
1028,1817
1028,1818
1028,1827
1028,1833
1028,1834
1028,1841
1028,1842
1028,1848
1031,1080
1031,1112
1031,1128
1031,1136
1031,1145
1031,1146
1031,1148
1031,1176
1031,1192
1031,1200
1031,1209
1031,1210
1031,1212
1031,1241
1031,1242
1031,1244
1031,1257
1031,1258
1031,1260
1031,1265
1031,1266
1031,1268
1031,1304
1031,1320
1031,1328
1031,1337
1031,1338
1031,1340
1031,1369
1031,1370
1031,1372
1031,1385
1031,1386
1031,1388
1031,1393
1031,1394
1031,1396
1031,1433
1031,1434
1031,1436
1031,1449
1031,1450
1031,1452
1031,1457
1031,1458
1031,1460
1031,1560
1031,1576
1031,1584
1031,1593
1031,1594
1031,1596
1031,1625
1031,1626
1031,1628
1031,1641
1031,1642
1031,1644
1031,1649
1031,1650
1031,1652
1031,1689
1031,1690
1031,1692
1031,1705
1031,1706
1031,1708
1031,1713
1031,1714
1031,1716
1031,1817
1031,1818
1031,1820
1031,1833
1031,1834
1031,1836
1031,1841
1031,1842
1031,1844
1032,1079
1032,1111
1032,1127
1032,1139
1032,1141
1032,1142
1032,1175
1032,1191
1032,1203
1032,1205
1032,1206
1032,1223
1032,1235
1032,1237
1032,1238
1032,1251
1032,1253
1032,1254
1032,1265
1032,1266
1032,1268
1032,1303
1032,1319
1032,1331
1032,1333
1032,1334
1032,1351
1032,1363
1032,1365
1032,1366
1032,1379
1032,1381
1032,1382
1032,1393
1032,1394
1032,1396
1032,1415
1032,1427
1032,1429
1032,1430
1032,1443
1032,1445
1032,1446
1032,1457
1032,1458
1032,1460
1032,1559
1032,1575
1032,1587
1032,1589
1032,1590
1032,1607
1032,1619
1032,1621
1032,1622
1032,1635
1032,1637
1032,1638
1032,1649
1032,1650
1032,1652
1032,1671
1032,1683
1032,1685
1032,1686
1032,1699
1032,1701
1032,1702
1032,1713
1032,1714
1032,1716
1032,1799
1032,1811
1032,1813
1032,1814
1032,1827
1032,1829
1032,1830
1032,1841
1032,1842
1032,1844
1035,1076
1035,1108
1035,1124
1035,1136
1035,1141
1035,1142
1035,1148
1035,1172
1035,1188
1035,1200
1035,1205
1035,1206
1035,1212
1035,1237
1035,1238
1035,1244
1035,1253
1035,1254
1035,1260
1035,1265
1035,1266
1035,1272
1035,1300
1035,1316
1035,1328
1035,1333
1035,1334
1035,1340
1035,1365
1035,1366
1035,1372
1035,1381
1035,1382
1035,1388
1035,1393
1035,1394
1035,1400
1035,1429
1035,1430
1035,1436
1035,1445
1035,1446
1035,1452
1035,1457
1035,1458
1035,1464
1035,1556
1035,1572
1035,1584
1035,1589
1035,1590
1035,1596
1035,1621
1035,1622
1035,1628
1035,1637
1035,1638
1035,1644
1035,1649
1035,1650
1035,1656
1035,1685
1035,1686
1035,1692
1035,1701
1035,1702
1035,1708
1035,1713
1035,1714
1035,1720
1035,1813
1035,1814
1035,1820
1035,1829
1035,1830
1035,1836
1035,1841
1035,1842
1035,1848
1037,1074
1037,1106
1037,1122
1037,1136
1037,1139
1037,1142
1037,1146
1037,1170
1037,1186
1037,1200
1037,1203
1037,1206
1037,1210
1037,1235
1037,1238
1037,1242
1037,1251
1037,1254
1037,1258
1037,1265
1037,1268
1037,1272
1037,1298
1037,1314
1037,1328
1037,1331
1037,1334
1037,1338
1037,1363
1037,1366
1037,1370
1037,1379
1037,1382
1037,1386
1037,1393
1037,1396
1037,1400
1037,1427
1037,1430
1037,1434
1037,1443
1037,1446
1037,1450
1037,1457
1037,1460
1037,1464
1037,1554
1037,1570
1037,1584
1037,1587
1037,1590
1037,1594
1037,1619
1037,1622
1037,1626
1037,1635
1037,1638
1037,1642
1037,1649
1037,1652
1037,1656
1037,1683
1037,1686
1037,1690
1037,1699
1037,1702
1037,1706
1037,1713
1037,1716
1037,1720
1037,1811
1037,1814
1037,1818
1037,1827
1037,1830
1037,1834
1037,1841
1037,1844
1037,1848
1038,1073
1038,1105
1038,1121
1038,1136
1038,1139
1038,1141
1038,1145
1038,1169
1038,1185
1038,1200
1038,1203
1038,1205
1038,1209
1038,1235
1038,1237
1038,1241
1038,1251
1038,1253
1038,1257
1038,1266
1038,1268
1038,1272
1038,1297
1038,1313
1038,1328
1038,1331
1038,1333
1038,1337
1038,1363
1038,1365
1038,1369
1038,1379
1038,1381
1038,1385
1038,1394
1038,1396
1038,1400
1038,1427
1038,1429
1038,1433
1038,1443
1038,1445
1038,1449
1038,1458
1038,1460
1038,1464
1038,1553
1038,1569
1038,1584
1038,1587
1038,1589
1038,1593
1038,1619
1038,1621
1038,1625
1038,1635
1038,1637
1038,1641
1038,1650
1038,1652
1038,1656
1038,1683
1038,1685
1038,1689
1038,1699
1038,1701
1038,1705
1038,1714
1038,1716
1038,1720
1038,1811
1038,1813
1038,1817
1038,1827
1038,1829
1038,1833
1038,1842
1038,1844
1038,1848
1040,1071
1040,1103
1040,1127
1040,1131
1040,1133
1040,1134
1040,1167
1040,1191
1040,1195
1040,1197
1040,1198
1040,1223
1040,1227
1040,1229
1040,1230
1040,1251
1040,1253
1040,1254
1040,1257
1040,1258
1040,1260
1040,1295
1040,1319
1040,1323
1040,1325
1040,1326
1040,1351
1040,1355
1040,1357
1040,1358
1040,1379
1040,1381
1040,1382
1040,1385
1040,1386
1040,1388
1040,1415
1040,1419
1040,1421
1040,1422
1040,1443
1040,1445
1040,1446
1040,1449
1040,1450
1040,1452
1040,1551
1040,1575
1040,1579
1040,1581
1040,1582
1040,1607
1040,1611
1040,1613
1040,1614
1040,1635
1040,1637
1040,1638
1040,1641
1040,1642
1040,1644
1040,1671
1040,1675
1040,1677
1040,1678
1040,1699
1040,1701
1040,1702
1040,1705
1040,1706
1040,1708
1040,1799
1040,1803
1040,1805
1040,1806
1040,1827
1040,1829
1040,1830
1040,1833
1040,1834
1040,1836
1043,1068
1043,1100
1043,1124
1043,1128
1043,1133
1043,1134
1043,1148
1043,1164
1043,1188
1043,1192
1043,1197
1043,1198
1043,1212
1043,1229
1043,1230
1043,1244
1043,1253
1043,1254
1043,1257
1043,1258
1043,1268
1043,1272
1043,1292
1043,1316
1043,1320
1043,1325
1043,1326
1043,1340
1043,1357
1043,1358
1043,1372
1043,1381
1043,1382
1043,1385
1043,1386
1043,1396
1043,1400
1043,1421
1043,1422
1043,1436
1043,1445
1043,1446
1043,1449
1043,1450
1043,1460
1043,1464
1043,1548
1043,1572
1043,1576
1043,1581
1043,1582
1043,1596
1043,1613
1043,1614
1043,1628
1043,1637
1043,1638
1043,1641
1043,1642
1043,1652
1043,1656
1043,1677
1043,1678
1043,1692
1043,1701
1043,1702
1043,1705
1043,1706
1043,1716
1043,1720
1043,1805
1043,1806
1043,1820
1043,1829
1043,1830
1043,1833
1043,1834
1043,1844
1043,1848
1045,1066
1045,1098
1045,1122
1045,1128
1045,1131
1045,1134
1045,1146
1045,1162
1045,1186
1045,1192
1045,1195
1045,1198
1045,1210
1045,1227
1045,1230
1045,1242
1045,1251
1045,1254
1045,1257
1045,1260
1045,1266
1045,1272
1045,1290
1045,1314
1045,1320
1045,1323
1045,1326
1045,1338
1045,1355
1045,1358
1045,1370
1045,1379
1045,1382
1045,1385
1045,1388
1045,1394
1045,1400
1045,1419
1045,1422
1045,1434
1045,1443
1045,1446
1045,1449
1045,1452
1045,1458
1045,1464
1045,1546
1045,1570
1045,1576
1045,1579
1045,1582
1045,1594
1045,1611
1045,1614
1045,1626
1045,1635
1045,1638
1045,1641
1045,1644
1045,1650
1045,1656
1045,1675
1045,1678
1045,1690
1045,1699
1045,1702
1045,1705
1045,1708
1045,1714
1045,1720
1045,1803
1045,1806
1045,1818
1045,1827
1045,1830
1045,1833
1045,1836
1045,1842
1045,1848
1046,1065
1046,1097
1046,1121
1046,1128
1046,1131
1046,1133
1046,1145
1046,1161
1046,1185
1046,1192
1046,1195
1046,1197
1046,1209
1046,1227
1046,1229
1046,1241
1046,1251
1046,1253
1046,1258
1046,1260
1046,1265
1046,1272
1046,1289
1046,1313
1046,1320
1046,1323
1046,1325
1046,1337
1046,1355
1046,1357
1046,1369
1046,1379
1046,1381
1046,1386
1046,1388
1046,1393
1046,1400
1046,1419
1046,1421
1046,1433
1046,1443
1046,1445
1046,1450
1046,1452
1046,1457
1046,1464
1046,1545
1046,1569
1046,1576
1046,1579
1046,1581
1046,1593
1046,1611
1046,1613
1046,1625
1046,1635
1046,1637
1046,1642
1046,1644
1046,1649
1046,1656
1046,1675
1046,1677
1046,1689
1046,1699
1046,1701
1046,1706
1046,1708
1046,1713
1046,1720
1046,1803
1046,1805
1046,1817
1046,1827
1046,1829
1046,1834
1046,1836
1046,1841
1046,1848
1049,1062
1049,1094
1049,1122
1049,1124
1049,1127
1049,1134
1049,1142
1049,1158
1049,1186
1049,1188
1049,1191
1049,1198
1049,1206
1049,1223
1049,1230
1049,1238
1049,1251
1049,1253
1049,1258
1049,1260
1049,1266
1049,1268
1049,1286
1049,1314
1049,1316
1049,1319
1049,1326
1049,1334
1049,1351
1049,1358
1049,1366
1049,1379
1049,1381
1049,1386
1049,1388
1049,1394
1049,1396
1049,1415
1049,1422
1049,1430
1049,1443
1049,1445
1049,1450
1049,1452
1049,1458
1049,1460
1049,1542
1049,1570
1049,1572
1049,1575
1049,1582
1049,1590
1049,1607
1049,1614
1049,1622
1049,1635
1049,1637
1049,1642
1049,1644
1049,1650
1049,1652
1049,1671
1049,1678
1049,1686
1049,1699
1049,1701
1049,1706
1049,1708
1049,1714
1049,1716
1049,1799
1049,1806
1049,1814
1049,1827
1049,1829
1049,1834
1049,1836
1049,1842
1049,1844
1050,1061
1050,1093
1050,1121
1050,1124
1050,1127
1050,1133
1050,1141
1050,1157
1050,1185
1050,1188
1050,1191
1050,1197
1050,1205
1050,1223
1050,1229
1050,1237
1050,1251
1050,1254
1050,1257
1050,1260
1050,1265
1050,1268
1050,1285
1050,1313
1050,1316
1050,1319
1050,1325
1050,1333
1050,1351
1050,1357
1050,1365
1050,1379
1050,1382
1050,1385
1050,1388
1050,1393
1050,1396
1050,1415
1050,1421
1050,1429
1050,1443
1050,1446
1050,1449
1050,1452
1050,1457
1050,1460
1050,1541
1050,1569
1050,1572
1050,1575
1050,1581
1050,1589
1050,1607
1050,1613
1050,1621
1050,1635
1050,1638
1050,1641
1050,1644
1050,1649
1050,1652
1050,1671
1050,1677
1050,1685
1050,1699
1050,1702
1050,1705
1050,1708
1050,1713
1050,1716
1050,1799
1050,1805
1050,1813
1050,1827
1050,1830
1050,1833
1050,1836
1050,1841
1050,1844
1052,1059
1052,1091
1052,1121
1052,1122
1052,1127
1052,1131
1052,1139
1052,1155
1052,1185
1052,1186
1052,1191
1052,1195
1052,1203
1052,1223
1052,1227
1052,1235
1052,1253
1052,1254
1052,1257
1052,1258
1052,1265
1052,1266
1052,1283
1052,1313
1052,1314
1052,1319
1052,1323
1052,1331
1052,1351
1052,1355
1052,1363
1052,1381
1052,1382
1052,1385
1052,1386
1052,1393
1052,1394
1052,1415
1052,1419
1052,1427
1052,1445
1052,1446
1052,1449
1052,1450
1052,1457
1052,1458
1052,1539
1052,1569
1052,1570
1052,1575
1052,1579
1052,1587
1052,1607
1052,1611
1052,1619
1052,1637
1052,1638
1052,1641
1052,1642
1052,1649
1052,1650
1052,1671
1052,1675
1052,1683
1052,1701
1052,1702
1052,1705
1052,1706
1052,1713
1052,1714
1052,1799
1052,1803
1052,1811
1052,1829
1052,1830
1052,1833
1052,1834
1052,1841
1052,1842
1055,1056
1055,1121
1055,1122
1055,1124
1055,1128
1055,1136
1055,1185
1055,1186
1055,1188
1055,1192
1055,1200
1055,1251
1055,1253
1055,1254
1055,1257
1055,1258
1055,1260
1055,1265
1055,1266
1055,1268
1055,1272
1055,1313
1055,1314
1055,1316
1055,1320
1055,1328
1055,1379
1055,1381
1055,1382
1055,1385
1055,1386
1055,1388
1055,1393
1055,1394
1055,1396
1055,1400
1055,1443
1055,1445
1055,1446
1055,1449
1055,1450
1055,1452
1055,1457
1055,1458
1055,1460
1055,1464
1055,1569
1055,1570
1055,1572
1055,1576
1055,1584
1055,1635
1055,1637
1055,1638
1055,1641
1055,1642
1055,1644
1055,1649
1055,1650
1055,1652
1055,1656
1055,1699
1055,1701
1055,1702
1055,1705
1055,1706
1055,1708
1055,1713
1055,1714
1055,1716
1055,1720
1055,1827
1055,1829
1055,1830
1055,1833
1055,1834
1055,1836
1055,1841
1055,1842
1055,1844
1055,1848
1056,1103
1056,1111
1056,1115
1056,1117
1056,1118
1056,1167
1056,1175
1056,1179
1056,1181
1056,1182
1056,1223
1056,1227
1056,1229
1056,1230
1056,1235
1056,1237
1056,1238
1056,1241
1056,1242
1056,1244
1056,1295
1056,1303
1056,1307
1056,1309
1056,1310
1056,1351
1056,1355
1056,1357
1056,1358
1056,1363
1056,1365
1056,1366
1056,1369
1056,1370
1056,1372
1056,1415
1056,1419
1056,1421
1056,1422
1056,1427
1056,1429
1056,1430
1056,1433
1056,1434
1056,1436
1056,1551
1056,1559
1056,1563
1056,1565
1056,1566
1056,1607
1056,1611
1056,1613
1056,1614
1056,1619
1056,1621
1056,1622
1056,1625
1056,1626
1056,1628
1056,1671
1056,1675
1056,1677
1056,1678
1056,1683
1056,1685
1056,1686
1056,1689
1056,1690
1056,1692
1056,1799
1056,1803
1056,1805
1056,1806
1056,1811
1056,1813
1056,1814
1056,1817
1056,1818
1056,1820
1059,1100
1059,1108
1059,1112
1059,1117
1059,1118
1059,1148
1059,1164
1059,1172
1059,1176
1059,1181
1059,1182
1059,1212
1059,1229
1059,1230
1059,1237
1059,1238
1059,1241
1059,1242
1059,1260
1059,1268
1059,1272
1059,1292
1059,1300
1059,1304
1059,1309
1059,1310
1059,1340
1059,1357
1059,1358
1059,1365
1059,1366
1059,1369
1059,1370
1059,1388
1059,1396
1059,1400
1059,1421
1059,1422
1059,1429
1059,1430
1059,1433
1059,1434
1059,1452
1059,1460
1059,1464
1059,1548
1059,1556
1059,1560
1059,1565
1059,1566
1059,1596
1059,1613
1059,1614
1059,1621
1059,1622
1059,1625
1059,1626
1059,1644
1059,1652
1059,1656
1059,1677
1059,1678
1059,1685
1059,1686
1059,1689
1059,1690
1059,1708
1059,1716
1059,1720
1059,1805
1059,1806
1059,1813
1059,1814
1059,1817
1059,1818
1059,1836
1059,1844
1059,1848
1061,1098
1061,1106
1061,1112
1061,1115
1061,1118
1061,1146
1061,1162
1061,1170
1061,1176
1061,1179
1061,1182
1061,1210
1061,1227
1061,1230
1061,1235
1061,1238
1061,1241
1061,1244
1061,1258
1061,1266
1061,1272
1061,1290
1061,1298
1061,1304
1061,1307
1061,1310
1061,1338
1061,1355
1061,1358
1061,1363
1061,1366
1061,1369
1061,1372
1061,1386
1061,1394
1061,1400
1061,1419
1061,1422
1061,1427
1061,1430
1061,1433
1061,1436
1061,1450
1061,1458
1061,1464
1061,1546
1061,1554
1061,1560
1061,1563
1061,1566
1061,1594
1061,1611
1061,1614
1061,1619
1061,1622
1061,1625
1061,1628
1061,1642
1061,1650
1061,1656
1061,1675
1061,1678
1061,1683
1061,1686
1061,1689
1061,1692
1061,1706
1061,1714
1061,1720
1061,1803
1061,1806
1061,1811
1061,1814
1061,1817
1061,1820
1061,1834
1061,1842
1061,1848
1062,1097
1062,1105
1062,1112
1062,1115
1062,1117
1062,1145
1062,1161
1062,1169
1062,1176
1062,1179
1062,1181
1062,1209
1062,1227
1062,1229
1062,1235
1062,1237
1062,1242
1062,1244
1062,1257
1062,1265
1062,1272
1062,1289
1062,1297
1062,1304
1062,1307
1062,1309
1062,1337
1062,1355
1062,1357
1062,1363
1062,1365
1062,1370
1062,1372
1062,1385
1062,1393
1062,1400
1062,1419
1062,1421
1062,1427
1062,1429
1062,1434
1062,1436
1062,1449
1062,1457
1062,1464
1062,1545
1062,1553
1062,1560
1062,1563
1062,1565
1062,1593
1062,1611
1062,1613
1062,1619
1062,1621
1062,1626
1062,1628
1062,1641
1062,1649
1062,1656
1062,1675
1062,1677
1062,1683
1062,1685
1062,1690
1062,1692
1062,1705
1062,1713
1062,1720
1062,1803
1062,1805
1062,1811
1062,1813
1062,1818
1062,1820
1062,1833
1062,1841
1062,1848
1065,1094
1065,1106
1065,1108
1065,1111
1065,1118
1065,1142
1065,1158
1065,1170
1065,1172
1065,1175
1065,1182
1065,1206
1065,1223
1065,1230
1065,1235
1065,1237
1065,1242
1065,1244
1065,1254
1065,1266
1065,1268
1065,1286
1065,1298
1065,1300
1065,1303
1065,1310
1065,1334
1065,1351
1065,1358
1065,1363
1065,1365
1065,1370
1065,1372
1065,1382
1065,1394
1065,1396
1065,1415
1065,1422
1065,1427
1065,1429
1065,1434
1065,1436
1065,1446
1065,1458
1065,1460
1065,1542
1065,1554
1065,1556
1065,1559
1065,1566
1065,1590
1065,1607
1065,1614
1065,1619
1065,1621
1065,1626
1065,1628
1065,1638
1065,1650
1065,1652
1065,1671
1065,1678
1065,1683
1065,1685
1065,1690
1065,1692
1065,1702
1065,1714
1065,1716
1065,1799
1065,1806
1065,1811
1065,1813
1065,1818
1065,1820
1065,1830
1065,1842
1065,1844
1066,1093
1066,1105
1066,1108
1066,1111
1066,1117
1066,1141
1066,1157
1066,1169
1066,1172
1066,1175
1066,1181
1066,1205
1066,1223
1066,1229
1066,1235
1066,1238
1066,1241
1066,1244
1066,1253
1066,1265
1066,1268
1066,1285
1066,1297
1066,1300
1066,1303
1066,1309
1066,1333
1066,1351
1066,1357
1066,1363
1066,1366
1066,1369
1066,1372
1066,1381
1066,1393
1066,1396
1066,1415
1066,1421
1066,1427
1066,1430
1066,1433
1066,1436
1066,1445
1066,1457
1066,1460
1066,1541
1066,1553
1066,1556
1066,1559
1066,1565
1066,1589
1066,1607
1066,1613
1066,1619
1066,1622
1066,1625
1066,1628
1066,1637
1066,1649
1066,1652
1066,1671
1066,1677
1066,1683
1066,1686
1066,1689
1066,1692
1066,1701
1066,1713
1066,1716
1066,1799
1066,1805
1066,1811
1066,1814
1066,1817
1066,1820
1066,1829
1066,1841
1066,1844
1068,1091
1068,1105
1068,1106
1068,1111
1068,1115
1068,1139
1068,1155
1068,1169
1068,1170
1068,1175
1068,1179
1068,1203
1068,1223
1068,1227
1068,1237
1068,1238
1068,1241
1068,1242
1068,1251
1068,1265
1068,1266
1068,1283
1068,1297
1068,1298
1068,1303
1068,1307
1068,1331
1068,1351
1068,1355
1068,1365
1068,1366
1068,1369
1068,1370
1068,1379
1068,1393
1068,1394
1068,1415
1068,1419
1068,1429
1068,1430
1068,1433
1068,1434
1068,1443
1068,1457
1068,1458
1068,1539
1068,1553
1068,1554
1068,1559
1068,1563
1068,1587
1068,1607
1068,1611
1068,1621
1068,1622
1068,1625
1068,1626
1068,1635
1068,1649
1068,1650
1068,1671
1068,1675
1068,1685
1068,1686
1068,1689
1068,1690
1068,1699
1068,1713
1068,1714
1068,1799
1068,1803
1068,1813
1068,1814
1068,1817
1068,1818
1068,1827
1068,1841
1068,1842
1071,1105
1071,1106
1071,1108
1071,1112
1071,1136
1071,1169
1071,1170
1071,1172
1071,1176
1071,1200
1071,1235
1071,1237
1071,1238
1071,1241
1071,1242
1071,1244
1071,1265
1071,1266
1071,1268
1071,1272
1071,1297
1071,1298
1071,1300
1071,1304
1071,1328
1071,1363
1071,1365
1071,1366
1071,1369
1071,1370
1071,1372
1071,1393
1071,1394
1071,1396
1071,1400
1071,1427
1071,1429
1071,1430
1071,1433
1071,1434
1071,1436
1071,1457
1071,1458
1071,1460
1071,1464
1071,1553
1071,1554
1071,1556
1071,1560
1071,1584
1071,1619
1071,1621
1071,1622
1071,1625
1071,1626
1071,1628
1071,1649
1071,1650
1071,1652
1071,1656
1071,1683
1071,1685
1071,1686
1071,1689
1071,1690
1071,1692
1071,1713
1071,1714
1071,1716
1071,1720
1071,1811
1071,1813
1071,1814
1071,1817
1071,1818
1071,1820
1071,1841
1071,1842
1071,1844
1071,1848
1073,1094
1073,1098
1073,1100
1073,1103
1073,1118
1073,1134
1073,1158
1073,1162
1073,1164
1073,1167
1073,1182
1073,1198
1073,1223
1073,1227
1073,1229
1073,1238
1073,1242
1073,1244
1073,1254
1073,1258
1073,1260
1073,1286
1073,1290
1073,1292
1073,1295
1073,1310
1073,1326
1073,1351
1073,1355
1073,1357
1073,1366
1073,1370
1073,1372
1073,1382
1073,1386
1073,1388
1073,1415
1073,1419
1073,1421
1073,1430
1073,1434
1073,1436
1073,1446
1073,1450
1073,1452
1073,1542
1073,1546
1073,1548
1073,1551
1073,1566
1073,1582
1073,1607
1073,1611
1073,1613
1073,1622
1073,1626
1073,1628
1073,1638
1073,1642
1073,1644
1073,1671
1073,1675
1073,1677
1073,1686
1073,1690
1073,1692
1073,1702
1073,1706
1073,1708
1073,1799
1073,1803
1073,1805
1073,1814
1073,1818
1073,1820
1073,1830
1073,1834
1073,1836
1074,1093
1074,1097
1074,1100
1074,1103
1074,1117
1074,1133
1074,1157
1074,1161
1074,1164
1074,1167
1074,1181
1074,1197
1074,1223
1074,1227
1074,1230
1074,1237
1074,1241
1074,1244
1074,1253
1074,1257
1074,1260
1074,1285
1074,1289
1074,1292
1074,1295
1074,1309
1074,1325
1074,1351
1074,1355
1074,1358
1074,1365
1074,1369
1074,1372
1074,1381
1074,1385
1074,1388
1074,1415
1074,1419
1074,1422
1074,1429
1074,1433
1074,1436
1074,1445
1074,1449
1074,1452
1074,1541
1074,1545
1074,1548
1074,1551
1074,1565
1074,1581
1074,1607
1074,1611
1074,1614
1074,1621
1074,1625
1074,1628
1074,1637
1074,1641
1074,1644
1074,1671
1074,1675
1074,1678
1074,1685
1074,1689
1074,1692
1074,1701
1074,1705
1074,1708
1074,1799
1074,1803
1074,1806
1074,1813
1074,1817
1074,1820
1074,1829
1074,1833
1074,1836
1076,1091
1076,1097
1076,1098
1076,1103
1076,1115
1076,1131
1076,1155
1076,1161
1076,1162
1076,1167
1076,1179
1076,1195
1076,1223
1076,1229
1076,1230
1076,1235
1076,1241
1076,1242
1076,1251
1076,1257
1076,1258
1076,1283
1076,1289
1076,1290
1076,1295
1076,1307
1076,1323
1076,1351
1076,1357
1076,1358
1076,1363
1076,1369
1076,1370
1076,1379
1076,1385
1076,1386
1076,1415
1076,1421
1076,1422
1076,1427
1076,1433
1076,1434
1076,1443
1076,1449
1076,1450
1076,1539
1076,1545
1076,1546
1076,1551
1076,1563
1076,1579
1076,1607
1076,1613
1076,1614
1076,1619
1076,1625
1076,1626
1076,1635
1076,1641
1076,1642
1076,1671
1076,1677
1076,1678
1076,1683
1076,1689
1076,1690
1076,1699
1076,1705
1076,1706
1076,1799
1076,1805
1076,1806
1076,1811
1076,1817
1076,1818
1076,1827
1076,1833
1076,1834
1079,1097
1079,1098
1079,1100
1079,1112
1079,1128
1079,1161
1079,1162
1079,1164
1079,1176
1079,1192
1079,1227
1079,1229
1079,1230
1079,1241
1079,1242
1079,1244
1079,1257
1079,1258
1079,1260
1079,1272
1079,1289
1079,1290
1079,1292
1079,1304
1079,1320
1079,1355
1079,1357
1079,1358
1079,1369
1079,1370
1079,1372
1079,1385
1079,1386
1079,1388
1079,1400
1079,1419
1079,1421
1079,1422
1079,1433
1079,1434
1079,1436
1079,1449
1079,1450
1079,1452
1079,1464
1079,1545
1079,1546
1079,1548
1079,1560
1079,1576
1079,1611
1079,1613
1079,1614
1079,1625
1079,1626
1079,1628
1079,1641
1079,1642
1079,1644
1079,1656
1079,1675
1079,1677
1079,1678
1079,1689
1079,1690
1079,1692
1079,1705
1079,1706
1079,1708
1079,1720
1079,1803
1079,1805
1079,1806
1079,1817
1079,1818
1079,1820
1079,1833
1079,1834
1079,1836
1079,1848
1080,1091
1080,1093
1080,1094
1080,1103
1080,1111
1080,1127
1080,1155
1080,1157
1080,1158
1080,1167
1080,1175
1080,1191
1080,1227
1080,1229
1080,1230
1080,1235
1080,1237
1080,1238
1080,1251
1080,1253
1080,1254
1080,1283
1080,1285
1080,1286
1080,1295
1080,1303
1080,1319
1080,1355
1080,1357
1080,1358
1080,1363
1080,1365
1080,1366
1080,1379
1080,1381
1080,1382
1080,1419
1080,1421
1080,1422
1080,1427
1080,1429
1080,1430
1080,1443
1080,1445
1080,1446
1080,1539
1080,1541
1080,1542
1080,1551
1080,1559
1080,1575
1080,1611
1080,1613
1080,1614
1080,1619
1080,1621
1080,1622
1080,1635
1080,1637
1080,1638
1080,1675
1080,1677
1080,1678
1080,1683
1080,1685
1080,1686
1080,1699
1080,1701
1080,1702
1080,1803
1080,1805
1080,1806
1080,1811
1080,1813
1080,1814
1080,1827
1080,1829
1080,1830
1083,1093
1083,1094
1083,1100
1083,1108
1083,1124
1083,1157
1083,1158
1083,1164
1083,1172
1083,1188
1083,1223
1083,1229
1083,1230
1083,1237
1083,1238
1083,1244
1083,1253
1083,1254
1083,1260
1083,1268
1083,1285
1083,1286
1083,1292
1083,1300
1083,1316
1083,1351
1083,1357
1083,1358
1083,1365
1083,1366
1083,1372
1083,1381
1083,1382
1083,1388
1083,1396
1083,1415
1083,1421
1083,1422
1083,1429
1083,1430
1083,1436
1083,1445
1083,1446
1083,1452
1083,1460
1083,1541
1083,1542
1083,1548
1083,1556
1083,1572
1083,1607
1083,1613
1083,1614
1083,1621
1083,1622
1083,1628
1083,1637
1083,1638
1083,1644
1083,1652
1083,1671
1083,1677
1083,1678
1083,1685
1083,1686
1083,1692
1083,1701
1083,1702
1083,1708
1083,1716
1083,1799
1083,1805
1083,1806
1083,1813
1083,1814
1083,1820
1083,1829
1083,1830
1083,1836
1083,1844
1085,1091
1085,1094
1085,1098
1085,1106
1085,1122
1085,1155
1085,1158
1085,1162
1085,1170
1085,1186
1085,1223
1085,1227
1085,1230
1085,1235
1085,1238
1085,1242
1085,1251
1085,1254
1085,1258
1085,1266
1085,1283
1085,1286
1085,1290
1085,1298
1085,1314
1085,1351
1085,1355
1085,1358
1085,1363
1085,1366
1085,1370
1085,1379
1085,1382
1085,1386
1085,1394
1085,1415
1085,1419
1085,1422
1085,1427
1085,1430
1085,1434
1085,1443
1085,1446
1085,1450
1085,1458
1085,1539
1085,1542
1085,1546
1085,1554
1085,1570
1085,1607
1085,1611
1085,1614
1085,1619
1085,1622
1085,1626
1085,1635
1085,1638
1085,1642
1085,1650
1085,1671
1085,1675
1085,1678
1085,1683
1085,1686
1085,1690
1085,1699
1085,1702
1085,1706
1085,1714
1085,1799
1085,1803
1085,1806
1085,1811
1085,1814
1085,1818
1085,1827
1085,1830
1085,1834
1085,1842
1086,1091
1086,1093
1086,1097
1086,1105
1086,1121
1086,1155
1086,1157
1086,1161
1086,1169
1086,1185
1086,1223
1086,1227
1086,1229
1086,1235
1086,1237
1086,1241
1086,1251
1086,1253
1086,1257
1086,1265
1086,1283
1086,1285
1086,1289
1086,1297
1086,1313
1086,1351
1086,1355
1086,1357
1086,1363
1086,1365
1086,1369
1086,1379
1086,1381
1086,1385
1086,1393
1086,1415
1086,1419
1086,1421
1086,1427
1086,1429
1086,1433
1086,1443
1086,1445
1086,1449
1086,1457
1086,1539
1086,1541
1086,1545
1086,1553
1086,1569
1086,1607
1086,1611
1086,1613
1086,1619
1086,1621
1086,1625
1086,1635
1086,1637
1086,1641
1086,1649
1086,1671
1086,1675
1086,1677
1086,1683
1086,1685
1086,1689
1086,1699
1086,1701
1086,1705
1086,1713
1086,1799
1086,1803
1086,1805
1086,1811
1086,1813
1086,1817
1086,1827
1086,1829
1086,1833
1086,1841
1091,1148
1091,1164
1091,1172
1091,1176
1091,1181
1091,1182
1091,1188
1091,1192
1091,1197
1091,1198
1091,1200
1091,1205
1091,1206
1091,1209
1091,1210
1091,1244
1091,1260
1091,1268
1091,1272
1091,1292
1091,1300
1091,1304
1091,1309
1091,1310
1091,1316
1091,1320
1091,1325
1091,1326
1091,1328
1091,1333
1091,1334
1091,1337
1091,1338
1091,1372
1091,1388
1091,1396
1091,1400
1091,1421
1091,1422
1091,1429
1091,1430
1091,1433
1091,1434
1091,1445
1091,1446
1091,1449
1091,1450
1091,1457
1091,1458
1091,1548
1091,1556
1091,1560
1091,1565
1091,1566
1091,1572
1091,1576
1091,1581
1091,1582
1091,1584
1091,1589
1091,1590
1091,1593
1091,1594
1091,1628
1091,1644
1091,1652
1091,1656
1091,1677
1091,1678
1091,1685
1091,1686
1091,1689
1091,1690
1091,1701
1091,1702
1091,1705
1091,1706
1091,1713
1091,1714
1091,1805
1091,1806
1091,1813
1091,1814
1091,1817
1091,1818
1091,1829
1091,1830
1091,1833
1091,1834
1091,1841
1091,1842
1093,1146
1093,1162
1093,1170
1093,1176
1093,1179
1093,1182
1093,1186
1093,1192
1093,1195
1093,1198
1093,1200
1093,1203
1093,1206
1093,1209
1093,1212
1093,1242
1093,1258
1093,1266
1093,1272
1093,1290
1093,1298
1093,1304
1093,1307
1093,1310
1093,1314
1093,1320
1093,1323
1093,1326
1093,1328
1093,1331
1093,1334
1093,1337
1093,1340
1093,1370
1093,1386
1093,1394
1093,1400
1093,1419
1093,1422
1093,1427
1093,1430
1093,1433
1093,1436
1093,1443
1093,1446
1093,1449
1093,1452
1093,1457
1093,1460
1093,1546
1093,1554
1093,1560
1093,1563
1093,1566
1093,1570
1093,1576
1093,1579
1093,1582
1093,1584
1093,1587
1093,1590
1093,1593
1093,1596
1093,1626
1093,1642
1093,1650
1093,1656
1093,1675
1093,1678
1093,1683
1093,1686
1093,1689
1093,1692
1093,1699
1093,1702
1093,1705
1093,1708
1093,1713
1093,1716
1093,1803
1093,1806
1093,1811
1093,1814
1093,1817
1093,1820
1093,1827
1093,1830
1093,1833
1093,1836
1093,1841
1093,1844
1094,1145
1094,1161
1094,1169
1094,1176
1094,1179
1094,1181
1094,1185
1094,1192
1094,1195
1094,1197
1094,1200
1094,1203
1094,1205
1094,1210
1094,1212
1094,1241
1094,1257
1094,1265
1094,1272
1094,1289
1094,1297
1094,1304
1094,1307
1094,1309
1094,1313
1094,1320
1094,1323
1094,1325
1094,1328
1094,1331
1094,1333
1094,1338
1094,1340
1094,1369
1094,1385
1094,1393
1094,1400
1094,1419
1094,1421
1094,1427
1094,1429
1094,1434
1094,1436
1094,1443
1094,1445
1094,1450
1094,1452
1094,1458
1094,1460
1094,1545
1094,1553
1094,1560
1094,1563
1094,1565
1094,1569
1094,1576
1094,1579
1094,1581
1094,1584
1094,1587
1094,1589
1094,1594
1094,1596
1094,1625
1094,1641
1094,1649
1094,1656
1094,1675
1094,1677
1094,1683
1094,1685
1094,1690
1094,1692
1094,1699
1094,1701
1094,1706
1094,1708
1094,1714
1094,1716
1094,1803
1094,1805
1094,1811
1094,1813
1094,1818
1094,1820
1094,1827
1094,1829
1094,1834
1094,1836
1094,1842
1094,1844
1097,1142
1097,1158
1097,1170
1097,1172
1097,1175
1097,1182
1097,1186
1097,1188
1097,1191
1097,1198
1097,1200
1097,1203
1097,1205
1097,1210
1097,1212
1097,1238
1097,1254
1097,1266
1097,1268
1097,1286
1097,1298
1097,1300
1097,1303
1097,1310
1097,1314
1097,1316
1097,1319
1097,1326
1097,1328
1097,1331
1097,1333
1097,1338
1097,1340
1097,1366
1097,1382
1097,1394
1097,1396
1097,1415
1097,1422
1097,1427
1097,1429
1097,1434
1097,1436
1097,1443
1097,1445
1097,1450
1097,1452
1097,1457
1097,1464
1097,1542
1097,1554
1097,1556
1097,1559
1097,1566
1097,1570
1097,1572
1097,1575
1097,1582
1097,1584
1097,1587
1097,1589
1097,1594
1097,1596
1097,1622
1097,1638
1097,1650
1097,1652
1097,1671
1097,1678
1097,1683
1097,1685
1097,1690
1097,1692
1097,1699
1097,1701
1097,1706
1097,1708
1097,1713
1097,1720
1097,1799
1097,1806
1097,1811
1097,1813
1097,1818
1097,1820
1097,1827
1097,1829
1097,1834
1097,1836
1097,1841
1097,1848
1098,1141
1098,1157
1098,1169
1098,1172
1098,1175
1098,1181
1098,1185
1098,1188
1098,1191
1098,1197
1098,1200
1098,1203
1098,1206
1098,1209
1098,1212
1098,1237
1098,1253
1098,1265
1098,1268
1098,1285
1098,1297
1098,1300
1098,1303
1098,1309
1098,1313
1098,1316
1098,1319
1098,1325
1098,1328
1098,1331
1098,1334
1098,1337
1098,1340
1098,1365
1098,1381
1098,1393
1098,1396
1098,1415
1098,1421
1098,1427
1098,1430
1098,1433
1098,1436
1098,1443
1098,1446
1098,1449
1098,1452
1098,1458
1098,1464
1098,1541
1098,1553
1098,1556
1098,1559
1098,1565
1098,1569
1098,1572
1098,1575
1098,1581
1098,1584
1098,1587
1098,1590
1098,1593
1098,1596
1098,1621
1098,1637
1098,1649
1098,1652
1098,1671
1098,1677
1098,1683
1098,1686
1098,1689
1098,1692
1098,1699
1098,1702
1098,1705
1098,1708
1098,1714
1098,1720
1098,1799
1098,1805
1098,1811
1098,1814
1098,1817
1098,1820
1098,1827
1098,1830
1098,1833
1098,1836
1098,1842
1098,1848
1100,1139
1100,1155
1100,1169
1100,1170
1100,1175
1100,1179
1100,1185
1100,1186
1100,1191
1100,1195
1100,1200
1100,1205
1100,1206
1100,1209
1100,1210
1100,1235
1100,1251
1100,1265
1100,1266
1100,1283
1100,1297
1100,1298
1100,1303
1100,1307
1100,1313
1100,1314
1100,1319
1100,1323
1100,1328
1100,1333
1100,1334
1100,1337
1100,1338
1100,1363
1100,1379
1100,1393
1100,1394
1100,1415
1100,1419
1100,1429
1100,1430
1100,1433
1100,1434
1100,1445
1100,1446
1100,1449
1100,1450
1100,1460
1100,1464
1100,1539
1100,1553
1100,1554
1100,1559
1100,1563
1100,1569
1100,1570
1100,1575
1100,1579
1100,1584
1100,1589
1100,1590
1100,1593
1100,1594
1100,1619
1100,1635
1100,1649
1100,1650
1100,1671
1100,1675
1100,1685
1100,1686
1100,1689
1100,1690
1100,1701
1100,1702
1100,1705
1100,1706
1100,1716
1100,1720
1100,1799
1100,1803
1100,1813
1100,1814
1100,1817
1100,1818
1100,1829
1100,1830
1100,1833
1100,1834
1100,1844
1100,1848
1103,1136
1103,1169
1103,1170
1103,1172
1103,1176
1103,1185
1103,1186
1103,1188
1103,1192
1103,1203
1103,1205
1103,1206
1103,1209
1103,1210
1103,1212
1103,1265
1103,1266
1103,1268
1103,1272
1103,1297
1103,1298
1103,1300
1103,1304
1103,1313
1103,1314
1103,1316
1103,1320
1103,1331
1103,1333
1103,1334
1103,1337
1103,1338
1103,1340
1103,1393
1103,1394
1103,1396
1103,1400
1103,1427
1103,1429
1103,1430
1103,1433
1103,1434
1103,1436
1103,1443
1103,1445
1103,1446
1103,1449
1103,1450
1103,1452
1103,1553
1103,1554
1103,1556
1103,1560
1103,1569
1103,1570
1103,1572
1103,1576
1103,1587
1103,1589
1103,1590
1103,1593
1103,1594
1103,1596
1103,1649
1103,1650
1103,1652
1103,1656
1103,1683
1103,1685
1103,1686
1103,1689
1103,1690
1103,1692
1103,1699
1103,1701
1103,1702
1103,1705
1103,1706
1103,1708
1103,1811
1103,1813
1103,1814
1103,1817
1103,1818
1103,1820
1103,1827
1103,1829
1103,1830
1103,1833
1103,1834
1103,1836
1105,1134
1105,1158
1105,1162
1105,1164
1105,1167
1105,1182
1105,1186
1105,1188
1105,1191
1105,1192
1105,1195
1105,1197
1105,1206
1105,1210
1105,1212
1105,1230
1105,1254
1105,1258
1105,1260
1105,1286
1105,1290
1105,1292
1105,1295
1105,1310
1105,1314
1105,1316
1105,1319
1105,1320
1105,1323
1105,1325
1105,1334
1105,1338
1105,1340
1105,1358
1105,1382
1105,1386
1105,1388
1105,1415
1105,1419
1105,1421
1105,1430
1105,1434
1105,1436
1105,1443
1105,1445
1105,1449
1105,1458
1105,1460
1105,1464
1105,1542
1105,1546
1105,1548
1105,1551
1105,1566
1105,1570
1105,1572
1105,1575
1105,1576
1105,1579
1105,1581
1105,1590
1105,1594
1105,1596
1105,1614
1105,1638
1105,1642
1105,1644
1105,1671
1105,1675
1105,1677
1105,1686
1105,1690
1105,1692
1105,1699
1105,1701
1105,1705
1105,1714
1105,1716
1105,1720
1105,1799
1105,1803
1105,1805
1105,1814
1105,1818
1105,1820
1105,1827
1105,1829
1105,1833
1105,1842
1105,1844
1105,1848
1106,1133
1106,1157
1106,1161
1106,1164
1106,1167
1106,1181
1106,1185
1106,1188
1106,1191
1106,1192
1106,1195
1106,1198
1106,1205
1106,1209
1106,1212
1106,1229
1106,1253
1106,1257
1106,1260
1106,1285
1106,1289
1106,1292
1106,1295
1106,1309
1106,1313
1106,1316
1106,1319
1106,1320
1106,1323
1106,1326
1106,1333
1106,1337
1106,1340
1106,1357
1106,1381
1106,1385
1106,1388
1106,1415
1106,1419
1106,1422
1106,1429
1106,1433
1106,1436
1106,1443
1106,1446
1106,1450
1106,1457
1106,1460
1106,1464
1106,1541
1106,1545
1106,1548
1106,1551
1106,1565
1106,1569
1106,1572
1106,1575
1106,1576
1106,1579
1106,1582
1106,1589
1106,1593
1106,1596
1106,1613
1106,1637
1106,1641
1106,1644
1106,1671
1106,1675
1106,1678
1106,1685
1106,1689
1106,1692
1106,1699
1106,1702
1106,1706
1106,1713
1106,1716
1106,1720
1106,1799
1106,1803
1106,1806
1106,1813
1106,1817
1106,1820
1106,1827
1106,1830
1106,1834
1106,1841
1106,1844
1106,1848
1108,1131
1108,1155
1108,1161
1108,1162
1108,1167
1108,1179
1108,1185
1108,1186
1108,1191
1108,1192
1108,1197
1108,1198
1108,1203
1108,1209
1108,1210
1108,1227
1108,1251
1108,1257
1108,1258
1108,1283
1108,1289
1108,1290
1108,1295
1108,1307
1108,1313
1108,1314
1108,1319
1108,1320
1108,1325
1108,1326
1108,1331
1108,1337
1108,1338
1108,1355
1108,1379
1108,1385
1108,1386
1108,1415
1108,1421
1108,1422
1108,1427
1108,1433
1108,1434
1108,1445
1108,1446
1108,1452
1108,1457
1108,1458
1108,1464
1108,1539
1108,1545
1108,1546
1108,1551
1108,1563
1108,1569
1108,1570
1108,1575
1108,1576
1108,1581
1108,1582
1108,1587
1108,1593
1108,1594
1108,1611
1108,1635
1108,1641
1108,1642
1108,1671
1108,1677
1108,1678
1108,1683
1108,1689
1108,1690
1108,1701
1108,1702
1108,1708
1108,1713
1108,1714
1108,1720
1108,1799
1108,1805
1108,1806
1108,1811
1108,1817
1108,1818
1108,1829
1108,1830
1108,1836
1108,1841
1108,1842
1108,1848
1111,1128
1111,1161
1111,1162
1111,1164
1111,1176
1111,1185
1111,1186
1111,1188
1111,1195
1111,1197
1111,1198
1111,1200
1111,1209
1111,1210
1111,1212
1111,1257
1111,1258
1111,1260
1111,1272
1111,1289
1111,1290
1111,1292
1111,1304
1111,1313
1111,1314
1111,1316
1111,1323
1111,1325
1111,1326
1111,1328
1111,1337
1111,1338
1111,1340
1111,1385
1111,1386
1111,1388
1111,1400
1111,1419
1111,1421
1111,1422
1111,1433
1111,1434
1111,1436
1111,1443
1111,1445
1111,1446
1111,1457
1111,1458
1111,1460
1111,1545
1111,1546
1111,1548
1111,1560
1111,1569
1111,1570
1111,1572
1111,1579
1111,1581
1111,1582
1111,1584
1111,1593
1111,1594
1111,1596
1111,1641
1111,1642
1111,1644
1111,1656
1111,1675
1111,1677
1111,1678
1111,1689
1111,1690
1111,1692
1111,1699
1111,1701
1111,1702
1111,1713
1111,1714
1111,1716
1111,1803
1111,1805
1111,1806
1111,1817
1111,1818
1111,1820
1111,1827
1111,1829
1111,1830
1111,1841
1111,1842
1111,1844
1112,1127
1112,1155
1112,1157
1112,1158
1112,1167
1112,1175
1112,1185
1112,1186
1112,1188
1112,1195
1112,1197
1112,1198
1112,1203
1112,1205
1112,1206
1112,1223
1112,1251
1112,1253
1112,1254
1112,1283
1112,1285
1112,1286
1112,1295
1112,1303
1112,1313
1112,1314
1112,1316
1112,1323
1112,1325
1112,1326
1112,1331
1112,1333
1112,1334
1112,1351
1112,1379
1112,1381
1112,1382
1112,1419
1112,1421
1112,1422
1112,1427
1112,1429
1112,1430
1112,1449
1112,1450
1112,1452
1112,1457
1112,1458
1112,1460
1112,1539
1112,1541
1112,1542
1112,1551
1112,1559
1112,1569
1112,1570
1112,1572
1112,1579
1112,1581
1112,1582
1112,1587
1112,1589
1112,1590
1112,1607
1112,1635
1112,1637
1112,1638
1112,1675
1112,1677
1112,1678
1112,1683
1112,1685
1112,1686
1112,1705
1112,1706
1112,1708
1112,1713
1112,1714
1112,1716
1112,1803
1112,1805
1112,1806
1112,1811
1112,1813
1112,1814
1112,1833
1112,1834
1112,1836
1112,1841
1112,1842
1112,1844
1115,1124
1115,1157
1115,1158
1115,1164
1115,1172
1115,1185
1115,1186
1115,1191
1115,1192
1115,1197
1115,1198
1115,1200
1115,1205
1115,1206
1115,1212
1115,1253
1115,1254
1115,1260
1115,1268
1115,1285
1115,1286
1115,1292
1115,1300
1115,1313
1115,1314
1115,1319
1115,1320
1115,1325
1115,1326
1115,1328
1115,1333
1115,1334
1115,1340
1115,1381
1115,1382
1115,1388
1115,1396
1115,1415
1115,1421
1115,1422
1115,1429
1115,1430
1115,1436
1115,1443
1115,1449
1115,1450
1115,1457
1115,1458
1115,1464
1115,1541
1115,1542
1115,1548
1115,1556
1115,1569
1115,1570
1115,1575
1115,1576
1115,1581
1115,1582
1115,1584
1115,1589
1115,1590
1115,1596
1115,1637
1115,1638
1115,1644
1115,1652
1115,1671
1115,1677
1115,1678
1115,1685
1115,1686
1115,1692
1115,1699
1115,1705
1115,1706
1115,1713
1115,1714
1115,1720
1115,1799
1115,1805
1115,1806
1115,1813
1115,1814
1115,1820
1115,1827
1115,1833
1115,1834
1115,1841
1115,1842
1115,1848
1117,1122
1117,1155
1117,1158
1117,1162
1117,1170
1117,1185
1117,1188
1117,1191
1117,1192
1117,1195
1117,1198
1117,1200
1117,1203
1117,1206
1117,1210
1117,1251
1117,1254
1117,1258
1117,1266
1117,1283
1117,1286
1117,1290
1117,1298
1117,1313
1117,1316
1117,1319
1117,1320
1117,1323
1117,1326
1117,1328
1117,1331
1117,1334
1117,1338
1117,1379
1117,1382
1117,1386
1117,1394
1117,1415
1117,1419
1117,1422
1117,1427
1117,1430
1117,1434
1117,1445
1117,1449
1117,1452
1117,1457
1117,1460
1117,1464
1117,1539
1117,1542
1117,1546
1117,1554
1117,1569
1117,1572
1117,1575
1117,1576
1117,1579
1117,1582
1117,1584
1117,1587
1117,1590
1117,1594
1117,1635
1117,1638
1117,1642
1117,1650
1117,1671
1117,1675
1117,1678
1117,1683
1117,1686
1117,1690
1117,1701
1117,1705
1117,1708
1117,1713
1117,1716
1117,1720
1117,1799
1117,1803
1117,1806
1117,1811
1117,1814
1117,1818
1117,1829
1117,1833
1117,1836
1117,1841
1117,1844
1117,1848
1118,1121
1118,1155
1118,1157
1118,1161
1118,1169
1118,1186
1118,1188
1118,1191
1118,1192
1118,1195
1118,1197
1118,1200
1118,1203
1118,1205
1118,1209
1118,1251
1118,1253
1118,1257
1118,1265
1118,1283
1118,1285
1118,1289
1118,1297
1118,1314
1118,1316
1118,1319
1118,1320
1118,1323
1118,1325
1118,1328
1118,1331
1118,1333
1118,1337
1118,1379
1118,1381
1118,1385
1118,1393
1118,1415
1118,1419
1118,1421
1118,1427
1118,1429
1118,1433
1118,1446
1118,1450
1118,1452
1118,1458
1118,1460
1118,1464
1118,1539
1118,1541
1118,1545
1118,1553
1118,1570
1118,1572
1118,1575
1118,1576
1118,1579
1118,1581
1118,1584
1118,1587
1118,1589
1118,1593
1118,1635
1118,1637
1118,1641
1118,1649
1118,1671
1118,1675
1118,1677
1118,1683
1118,1685
1118,1689
1118,1702
1118,1706
1118,1708
1118,1714
1118,1716
1118,1720
1118,1799
1118,1803
1118,1805
1118,1811
1118,1813
1118,1817
1118,1830
1118,1834
1118,1836
1118,1842
1118,1844
1118,1848
1121,1158
1121,1162
1121,1164
1121,1167
1121,1170
1121,1172
1121,1175
1121,1176
1121,1179
1121,1181
1121,1198
1121,1206
1121,1210
1121,1212
1121,1230
1121,1238
1121,1242
1121,1244
1121,1286
1121,1290
1121,1292
1121,1295
1121,1298
1121,1300
1121,1303
1121,1304
1121,1307
1121,1309
1121,1326
1121,1334
1121,1338
1121,1340
1121,1358
1121,1366
1121,1370
1121,1372
1121,1415
1121,1419
1121,1421
1121,1427
1121,1429
1121,1433
1121,1446
1121,1450
1121,1452
1121,1458
1121,1460
1121,1464
1121,1542
1121,1546
1121,1548
1121,1551
1121,1554
1121,1556
1121,1559
1121,1560
1121,1563
1121,1565
1121,1582
1121,1590
1121,1594
1121,1596
1121,1614
1121,1622
1121,1626
1121,1628
1121,1671
1121,1675
1121,1677
1121,1683
1121,1685
1121,1689
1121,1702
1121,1706
1121,1708
1121,1714
1121,1716
1121,1720
1121,1799
1121,1803
1121,1805
1121,1811
1121,1813
1121,1817
1121,1830
1121,1834
1121,1836
1121,1842
1121,1844
1121,1848
1122,1157
1122,1161
1122,1164
1122,1167
1122,1169
1122,1172
1122,1175
1122,1176
1122,1179
1122,1182
1122,1197
1122,1205
1122,1209
1122,1212
1122,1229
1122,1237
1122,1241
1122,1244
1122,1285
1122,1289
1122,1292
1122,1295
1122,1297
1122,1300
1122,1303
1122,1304
1122,1307
1122,1310
1122,1325
1122,1333
1122,1337
1122,1340
1122,1357
1122,1365
1122,1369
1122,1372
1122,1415
1122,1419
1122,1422
1122,1427
1122,1430
1122,1434
1122,1445
1122,1449
1122,1452
1122,1457
1122,1460
1122,1464
1122,1541
1122,1545
1122,1548
1122,1551
1122,1553
1122,1556
1122,1559
1122,1560
1122,1563
1122,1566
1122,1581
1122,1589
1122,1593
1122,1596
1122,1613
1122,1621
1122,1625
1122,1628
1122,1671
1122,1675
1122,1678
1122,1683
1122,1686
1122,1690
1122,1701
1122,1705
1122,1708
1122,1713
1122,1716
1122,1720
1122,1799
1122,1803
1122,1806
1122,1811
1122,1814
1122,1818
1122,1829
1122,1833
1122,1836
1122,1841
1122,1844
1122,1848
1124,1155
1124,1161
1124,1162
1124,1167
1124,1169
1124,1170
1124,1175
1124,1176
1124,1181
1124,1182
1124,1195
1124,1203
1124,1209
1124,1210
1124,1227
1124,1235
1124,1241
1124,1242
1124,1283
1124,1289
1124,1290
1124,1295
1124,1297
1124,1298
1124,1303
1124,1304
1124,1309
1124,1310
1124,1323
1124,1331
1124,1337
1124,1338
1124,1355
1124,1363
1124,1369
1124,1370
1124,1415
1124,1421
1124,1422
1124,1429
1124,1430
1124,1436
1124,1443
1124,1449
1124,1450
1124,1457
1124,1458
1124,1464
1124,1539
1124,1545
1124,1546
1124,1551
1124,1553
1124,1554
1124,1559
1124,1560
1124,1565
1124,1566
1124,1579
1124,1587
1124,1593
1124,1594
1124,1611
1124,1619
1124,1625
1124,1626
1124,1671
1124,1677
1124,1678
1124,1685
1124,1686
1124,1692
1124,1699
1124,1705
1124,1706
1124,1713
1124,1714
1124,1720
1124,1799
1124,1805
1124,1806
1124,1813
1124,1814
1124,1820
1124,1827
1124,1833
1124,1834
1124,1841
1124,1842
1124,1848
1127,1161
1127,1162
1127,1164
1127,1169
1127,1170
1127,1172
1127,1179
1127,1181
1127,1182
1127,1192
1127,1200
1127,1209
1127,1210
1127,1212
1127,1241
1127,1242
1127,1244
1127,1272
1127,1289
1127,1290
1127,1292
1127,1297
1127,1298
1127,1300
1127,1307
1127,1309
1127,1310
1127,1320
1127,1328
1127,1337
1127,1338
1127,1340
1127,1369
1127,1370
1127,1372
1127,1400
1127,1419
1127,1421
1127,1422
1127,1427
1127,1429
1127,1430
1127,1449
1127,1450
1127,1452
1127,1457
1127,1458
1127,1460
1127,1545
1127,1546
1127,1548
1127,1553
1127,1554
1127,1556
1127,1563
1127,1565
1127,1566
1127,1576
1127,1584
1127,1593
1127,1594
1127,1596
1127,1625
1127,1626
1127,1628
1127,1656
1127,1675
1127,1677
1127,1678
1127,1683
1127,1685
1127,1686
1127,1705
1127,1706
1127,1708
1127,1713
1127,1714
1127,1716
1127,1803
1127,1805
1127,1806
1127,1811
1127,1813
1127,1814
1127,1833
1127,1834
1127,1836
1127,1841
1127,1842
1127,1844
1128,1155
1128,1157
1128,1158
1128,1167
1128,1169
1128,1170
1128,1172
1128,1179
1128,1181
1128,1182
1128,1191
1128,1203
1128,1205
1128,1206
1128,1223
1128,1235
1128,1237
1128,1238
1128,1283
1128,1285
1128,1286
1128,1295
1128,1297
1128,1298
1128,1300
1128,1307
1128,1309
1128,1310
1128,1319
1128,1331
1128,1333
1128,1334
1128,1351
1128,1363
1128,1365
1128,1366
1128,1419
1128,1421
1128,1422
1128,1433
1128,1434
1128,1436
1128,1443
1128,1445
1128,1446
1128,1457
1128,1458
1128,1460
1128,1539
1128,1541
1128,1542
1128,1551
1128,1553
1128,1554
1128,1556
1128,1563
1128,1565
1128,1566
1128,1575
1128,1587
1128,1589
1128,1590
1128,1607
1128,1619
1128,1621
1128,1622
1128,1675
1128,1677
1128,1678
1128,1689
1128,1690
1128,1692
1128,1699
1128,1701
1128,1702
1128,1713
1128,1714
1128,1716
1128,1803
1128,1805
1128,1806
1128,1817
1128,1818
1128,1820
1128,1827
1128,1829
1128,1830
1128,1841
1128,1842
1128,1844
1131,1157
1131,1158
1131,1164
1131,1169
1131,1170
1131,1175
1131,1176
1131,1181
1131,1182
1131,1188
1131,1200
1131,1205
1131,1206
1131,1212
1131,1237
1131,1238
1131,1244
1131,1268
1131,1285
1131,1286
1131,1292
1131,1297
1131,1298
1131,1303
1131,1304
1131,1309
1131,1310
1131,1316
1131,1328
1131,1333
1131,1334
1131,1340
1131,1365
1131,1366
1131,1372
1131,1396
1131,1415
1131,1421
1131,1422
1131,1427
1131,1433
1131,1434
1131,1445
1131,1446
1131,1452
1131,1457
1131,1458
1131,1464
1131,1541
1131,1542
1131,1548
1131,1553
1131,1554
1131,1559
1131,1560
1131,1565
1131,1566
1131,1572
1131,1584
1131,1589
1131,1590
1131,1596
1131,1621
1131,1622
1131,1628
1131,1652
1131,1671
1131,1677
1131,1678
1131,1683
1131,1689
1131,1690
1131,1701
1131,1702
1131,1708
1131,1713
1131,1714
1131,1720
1131,1799
1131,1805
1131,1806
1131,1811
1131,1817
1131,1818
1131,1829
1131,1830
1131,1836
1131,1841
1131,1842
1131,1848
1133,1155
1133,1158
1133,1162
1133,1169
1133,1172
1133,1175
1133,1176
1133,1179
1133,1182
1133,1186
1133,1200
1133,1203
1133,1206
1133,1210
1133,1235
1133,1238
1133,1242
1133,1266
1133,1283
1133,1286
1133,1290
1133,1297
1133,1300
1133,1303
1133,1304
1133,1307
1133,1310
1133,1314
1133,1328
1133,1331
1133,1334
1133,1338
1133,1363
1133,1366
1133,1370
1133,1394
1133,1415
1133,1419
1133,1422
1133,1429
1133,1433
1133,1436
1133,1443
1133,1446
1133,1450
1133,1457
1133,1460
1133,1464
1133,1539
1133,1542
1133,1546
1133,1553
1133,1556
1133,1559
1133,1560
1133,1563
1133,1566
1133,1570
1133,1584
1133,1587
1133,1590
1133,1594
1133,1619
1133,1622
1133,1626
1133,1650
1133,1671
1133,1675
1133,1678
1133,1685
1133,1689
1133,1692
1133,1699
1133,1702
1133,1706
1133,1713
1133,1716
1133,1720
1133,1799
1133,1803
1133,1806
1133,1813
1133,1817
1133,1820
1133,1827
1133,1830
1133,1834
1133,1841
1133,1844
1133,1848
1134,1155
1134,1157
1134,1161
1134,1170
1134,1172
1134,1175
1134,1176
1134,1179
1134,1181
1134,1185
1134,1200
1134,1203
1134,1205
1134,1209
1134,1235
1134,1237
1134,1241
1134,1265
1134,1283
1134,1285
1134,1289
1134,1298
1134,1300
1134,1303
1134,1304
1134,1307
1134,1309
1134,1313
1134,1328
1134,1331
1134,1333
1134,1337
1134,1363
1134,1365
1134,1369
1134,1393
1134,1415
1134,1419
1134,1421
1134,1430
1134,1434
1134,1436
1134,1443
1134,1445
1134,1449
1134,1458
1134,1460
1134,1464
1134,1539
1134,1541
1134,1545
1134,1554
1134,1556
1134,1559
1134,1560
1134,1563
1134,1565
1134,1569
1134,1584
1134,1587
1134,1589
1134,1593
1134,1619
1134,1621
1134,1625
1134,1649
1134,1671
1134,1675
1134,1677
1134,1686
1134,1690
1134,1692
1134,1699
1134,1701
1134,1705
1134,1714
1134,1716
1134,1720
1134,1799
1134,1803
1134,1805
1134,1814
1134,1818
1134,1820
1134,1827
1134,1829
1134,1833
1134,1842
1134,1844
1134,1848
1136,1155
1136,1157
1136,1158
1136,1161
1136,1162
1136,1164
1136,1175
1136,1179
1136,1181
1136,1182
1136,1191
1136,1195
1136,1197
1136,1198
1136,1223
1136,1227
1136,1229
1136,1230
1136,1283
1136,1285
1136,1286
1136,1289
1136,1290
1136,1292
1136,1303
1136,1307
1136,1309
1136,1310
1136,1319
1136,1323
1136,1325
1136,1326
1136,1351
1136,1355
1136,1357
1136,1358
1136,1427
1136,1429
1136,1430
1136,1433
1136,1434
1136,1436
1136,1443
1136,1445
1136,1446
1136,1449
1136,1450
1136,1452
1136,1539
1136,1541
1136,1542
1136,1545
1136,1546
1136,1548
1136,1559
1136,1563
1136,1565
1136,1566
1136,1575
1136,1579
1136,1581
1136,1582
1136,1607
1136,1611
1136,1613
1136,1614
1136,1683
1136,1685
1136,1686
1136,1689
1136,1690
1136,1692
1136,1699
1136,1701
1136,1702
1136,1705
1136,1706
1136,1708
1136,1811
1136,1813
1136,1814
1136,1817
1136,1818
1136,1820
1136,1827
1136,1829
1136,1830
1136,1833
1136,1834
1136,1836
1139,1157
1139,1158
1139,1161
1139,1162
1139,1167
1139,1172
1139,1176
1139,1181
1139,1182
1139,1188
1139,1192
1139,1197
1139,1198
1139,1212
1139,1229
1139,1230
1139,1244
1139,1260
1139,1285
1139,1286
1139,1289
1139,1290
1139,1295
1139,1300
1139,1304
1139,1309
1139,1310
1139,1316
1139,1320
1139,1325
1139,1326
1139,1340
1139,1357
1139,1358
1139,1372
1139,1388
1139,1415
1139,1419
1139,1429
1139,1430
1139,1433
1139,1434
1139,1445
1139,1446
1139,1449
1139,1450
1139,1460
1139,1464
1139,1541
1139,1542
1139,1545
1139,1546
1139,1551
1139,1556
1139,1560
1139,1565
1139,1566
1139,1572
1139,1576
1139,1581
1139,1582
1139,1596
1139,1613
1139,1614
1139,1628
1139,1644
1139,1671
1139,1675
1139,1685
1139,1686
1139,1689
1139,1690
1139,1701
1139,1702
1139,1705
1139,1706
1139,1716
1139,1720
1139,1799
1139,1803
1139,1813
1139,1814
1139,1817
1139,1818
1139,1829
1139,1830
1139,1833
1139,1834
1139,1844
1139,1848
1141,1155
1141,1158
1141,1161
1141,1164
1141,1167
1141,1170
1141,1176
1141,1179
1141,1182
1141,1186
1141,1192
1141,1195
1141,1198
1141,1210
1141,1227
1141,1230
1141,1242
1141,1258
1141,1283
1141,1286
1141,1289
1141,1292
1141,1295
1141,1298
1141,1304
1141,1307
1141,1310
1141,1314
1141,1320
1141,1323
1141,1326
1141,1338
1141,1355
1141,1358
1141,1370
1141,1386
1141,1415
1141,1421
1141,1427
1141,1430
1141,1433
1141,1436
1141,1443
1141,1446
1141,1449
1141,1452
1141,1458
1141,1464
1141,1539
1141,1542
1141,1545
1141,1548
1141,1551
1141,1554
1141,1560
1141,1563
1141,1566
1141,1570
1141,1576
1141,1579
1141,1582
1141,1594
1141,1611
1141,1614
1141,1626
1141,1642
1141,1671
1141,1677
1141,1683
1141,1686
1141,1689
1141,1692
1141,1699
1141,1702
1141,1705
1141,1708
1141,1714
1141,1720
1141,1799
1141,1805
1141,1811
1141,1814
1141,1817
1141,1820
1141,1827
1141,1830
1141,1833
1141,1836
1141,1842
1141,1848
1142,1155
1142,1157
1142,1162
1142,1164
1142,1167
1142,1169
1142,1176
1142,1179
1142,1181
1142,1185
1142,1192
1142,1195
1142,1197
1142,1209
1142,1227
1142,1229
1142,1241
1142,1257
1142,1283
1142,1285
1142,1290
1142,1292
1142,1295
1142,1297
1142,1304
1142,1307
1142,1309
1142,1313
1142,1320
1142,1323
1142,1325
1142,1337
1142,1355
1142,1357
1142,1369
1142,1385
1142,1415
1142,1422
1142,1427
1142,1429
1142,1434
1142,1436
1142,1443
1142,1445
1142,1450
1142,1452
1142,1457
1142,1464
1142,1539
1142,1541
1142,1546
1142,1548
1142,1551
1142,1553
1142,1560
1142,1563
1142,1565
1142,1569
1142,1576
1142,1579
1142,1581
1142,1593
1142,1611
1142,1613
1142,1625
1142,1641
1142,1671
1142,1678
1142,1683
1142,1685
1142,1690
1142,1692
1142,1699
1142,1701
1142,1706
1142,1708
1142,1713
1142,1720
1142,1799
1142,1806
1142,1811
1142,1813
1142,1818
1142,1820
1142,1827
1142,1829
1142,1834
1142,1836
1142,1841
1142,1848
1145,1155
1145,1157
1145,1162
1145,1164
1145,1167
1145,1170
1145,1172
1145,1175
1145,1182
1145,1186
1145,1188
1145,1191
1145,1198
1145,1206
1145,1223
1145,1230
1145,1238
1145,1254
1145,1283
1145,1285
1145,1290
1145,1292
1145,1295
1145,1298
1145,1300
1145,1303
1145,1310
1145,1314
1145,1316
1145,1319
1145,1326
1145,1334
1145,1351
1145,1358
1145,1366
1145,1382
1145,1419
1145,1421
1145,1427
1145,1429
1145,1434
1145,1436
1145,1443
1145,1445
1145,1450
1145,1452
1145,1458
1145,1460
1145,1539
1145,1541
1145,1546
1145,1548
1145,1551
1145,1554
1145,1556
1145,1559
1145,1566
1145,1570
1145,1572
1145,1575
1145,1582
1145,1590
1145,1607
1145,1614
1145,1622
1145,1638
1145,1675
1145,1677
1145,1683
1145,1685
1145,1690
1145,1692
1145,1699
1145,1701
1145,1706
1145,1708
1145,1714
1145,1716
1145,1803
1145,1805
1145,1811
1145,1813
1145,1818
1145,1820
1145,1827
1145,1829
1145,1834
1145,1836
1145,1842
1145,1844
1146,1155
1146,1158
1146,1161
1146,1164
1146,1167
1146,1169
1146,1172
1146,1175
1146,1181
1146,1185
1146,1188
1146,1191
1146,1197
1146,1205
1146,1223
1146,1229
1146,1237
1146,1253
1146,1283
1146,1286
1146,1289
1146,1292
1146,1295
1146,1297
1146,1300
1146,1303
1146,1309
1146,1313
1146,1316
1146,1319
1146,1325
1146,1333
1146,1351
1146,1357
1146,1365
1146,1381
1146,1419
1146,1422
1146,1427
1146,1430
1146,1433
1146,1436
1146,1443
1146,1446
1146,1449
1146,1452
1146,1457
1146,1460
1146,1539
1146,1542
1146,1545
1146,1548
1146,1551
1146,1553
1146,1556
1146,1559
1146,1565
1146,1569
1146,1572
1146,1575
1146,1581
1146,1589
1146,1607
1146,1613
1146,1621
1146,1637
1146,1675
1146,1678
1146,1683
1146,1686
1146,1689
1146,1692
1146,1699
1146,1702
1146,1705
1146,1708
1146,1713
1146,1716
1146,1803
1146,1806
1146,1811
1146,1814
1146,1817
1146,1820
1146,1827
1146,1830
1146,1833
1146,1836
1146,1841
1146,1844
1148,1157
1148,1158
1148,1161
1148,1162
1148,1167
1148,1169
1148,1170
1148,1175
1148,1179
1148,1185
1148,1186
1148,1191
1148,1195
1148,1203
1148,1223
1148,1227
1148,1235
1148,1251
1148,1285
1148,1286
1148,1289
1148,1290
1148,1295
1148,1297
1148,1298
1148,1303
1148,1307
1148,1313
1148,1314
1148,1319
1148,1323
1148,1331
1148,1351
1148,1355
1148,1363
1148,1379
1148,1421
1148,1422
1148,1429
1148,1430
1148,1433
1148,1434
1148,1445
1148,1446
1148,1449
1148,1450
1148,1457
1148,1458
1148,1541
1148,1542
1148,1545
1148,1546
1148,1551
1148,1553
1148,1554
1148,1559
1148,1563
1148,1569
1148,1570
1148,1575
1148,1579
1148,1587
1148,1607
1148,1611
1148,1619
1148,1635
1148,1677
1148,1678
1148,1685
1148,1686
1148,1689
1148,1690
1148,1701
1148,1702
1148,1705
1148,1706
1148,1713
1148,1714
1148,1805
1148,1806
1148,1813
1148,1814
1148,1817
1148,1818
1148,1829
1148,1830
1148,1833
1148,1834
1148,1841
1148,1842
1155,1212
1155,1244
1155,1260
1155,1268
1155,1272
1155,1292
1155,1300
1155,1304
1155,1309
1155,1310
1155,1316
1155,1320
1155,1325
1155,1326
1155,1328
1155,1333
1155,1334
1155,1337
1155,1338
1155,1357
1155,1358
1155,1365
1155,1366
1155,1369
1155,1370
1155,1381
1155,1382
1155,1385
1155,1386
1155,1393
1155,1394
1155,1436
1155,1452
1155,1460
1155,1464
1155,1548
1155,1556
1155,1560
1155,1565
1155,1566
1155,1572
1155,1576
1155,1581
1155,1582
1155,1584
1155,1589
1155,1590
1155,1593
1155,1594
1155,1613
1155,1614
1155,1621
1155,1622
1155,1625
1155,1626
1155,1637
1155,1638
1155,1641
1155,1642
1155,1649
1155,1650
1155,1692
1155,1708
1155,1716
1155,1720
1155,1805
1155,1806
1155,1813
1155,1814
1155,1817
1155,1818
1155,1829
1155,1830
1155,1833
1155,1834
1155,1841
1155,1842
1157,1210
1157,1242
1157,1258
1157,1266
1157,1272
1157,1290
1157,1298
1157,1304
1157,1307
1157,1310
1157,1314
1157,1320
1157,1323
1157,1326
1157,1328
1157,1331
1157,1334
1157,1337
1157,1340
1157,1355
1157,1358
1157,1363
1157,1366
1157,1369
1157,1372
1157,1379
1157,1382
1157,1385
1157,1388
1157,1393
1157,1396
1157,1434
1157,1450
1157,1458
1157,1464
1157,1546
1157,1554
1157,1560
1157,1563
1157,1566
1157,1570
1157,1576
1157,1579
1157,1582
1157,1584
1157,1587
1157,1590
1157,1593
1157,1596
1157,1611
1157,1614
1157,1619
1157,1622
1157,1625
1157,1628
1157,1635
1157,1638
1157,1641
1157,1644
1157,1649
1157,1652
1157,1690
1157,1706
1157,1714
1157,1720
1157,1803
1157,1806
1157,1811
1157,1814
1157,1817
1157,1820
1157,1827
1157,1830
1157,1833
1157,1836
1157,1841
1157,1844
1158,1209
1158,1241
1158,1257
1158,1265
1158,1272
1158,1289
1158,1297
1158,1304
1158,1307
1158,1309
1158,1313
1158,1320
1158,1323
1158,1325
1158,1328
1158,1331
1158,1333
1158,1338
1158,1340
1158,1355
1158,1357
1158,1363
1158,1365
1158,1370
1158,1372
1158,1379
1158,1381
1158,1386
1158,1388
1158,1394
1158,1396
1158,1433
1158,1449
1158,1457
1158,1464
1158,1545
1158,1553
1158,1560
1158,1563
1158,1565
1158,1569
1158,1576
1158,1579
1158,1581
1158,1584
1158,1587
1158,1589
1158,1594
1158,1596
1158,1611
1158,1613
1158,1619
1158,1621
1158,1626
1158,1628
1158,1635
1158,1637
1158,1642
1158,1644
1158,1650
1158,1652
1158,1689
1158,1705
1158,1713
1158,1720
1158,1803
1158,1805
1158,1811
1158,1813
1158,1818
1158,1820
1158,1827
1158,1829
1158,1834
1158,1836
1158,1842
1158,1844
1161,1206
1161,1238
1161,1254
1161,1266
1161,1268
1161,1286
1161,1298
1161,1300
1161,1303
1161,1310
1161,1314
1161,1316
1161,1319
1161,1326
1161,1328
1161,1331
1161,1333
1161,1338
1161,1340
1161,1351
1161,1358
1161,1363
1161,1365
1161,1370
1161,1372
1161,1379
1161,1381
1161,1386
1161,1388
1161,1393
1161,1400
1161,1430
1161,1446
1161,1458
1161,1460
1161,1542
1161,1554
1161,1556
1161,1559
1161,1566
1161,1570
1161,1572
1161,1575
1161,1582
1161,1584
1161,1587
1161,1589
1161,1594
1161,1596
1161,1607
1161,1614
1161,1619
1161,1621
1161,1626
1161,1628
1161,1635
1161,1637
1161,1642
1161,1644
1161,1649
1161,1656
1161,1686
1161,1702
1161,1714
1161,1716
1161,1799
1161,1806
1161,1811
1161,1813
1161,1818
1161,1820
1161,1827
1161,1829
1161,1834
1161,1836
1161,1841
1161,1848
1162,1205
1162,1237
1162,1253
1162,1265
1162,1268
1162,1285
1162,1297
1162,1300
1162,1303
1162,1309
1162,1313
1162,1316
1162,1319
1162,1325
1162,1328
1162,1331
1162,1334
1162,1337
1162,1340
1162,1351
1162,1357
1162,1363
1162,1366
1162,1369
1162,1372
1162,1379
1162,1382
1162,1385
1162,1388
1162,1394
1162,1400
1162,1429
1162,1445
1162,1457
1162,1460
1162,1541
1162,1553
1162,1556
1162,1559
1162,1565
1162,1569
1162,1572
1162,1575
1162,1581
1162,1584
1162,1587
1162,1590
1162,1593
1162,1596
1162,1607
1162,1613
1162,1619
1162,1622
1162,1625
1162,1628
1162,1635
1162,1638
1162,1641
1162,1644
1162,1650
1162,1656
1162,1685
1162,1701
1162,1713
1162,1716
1162,1799
1162,1805
1162,1811
1162,1814
1162,1817
1162,1820
1162,1827
1162,1830
1162,1833
1162,1836
1162,1842
1162,1848
1164,1203
1164,1235
1164,1251
1164,1265
1164,1266
1164,1283
1164,1297
1164,1298
1164,1303
1164,1307
1164,1313
1164,1314
1164,1319
1164,1323
1164,1328
1164,1333
1164,1334
1164,1337
1164,1338
1164,1351
1164,1355
1164,1365
1164,1366
1164,1369
1164,1370
1164,1381
1164,1382
1164,1385
1164,1386
1164,1396
1164,1400
1164,1427
1164,1443
1164,1457
1164,1458
1164,1539
1164,1553
1164,1554
1164,1559
1164,1563
1164,1569
1164,1570
1164,1575
1164,1579
1164,1584
1164,1589
1164,1590
1164,1593
1164,1594
1164,1607
1164,1611
1164,1621
1164,1622
1164,1625
1164,1626
1164,1637
1164,1638
1164,1641
1164,1642
1164,1652
1164,1656
1164,1683
1164,1699
1164,1713
1164,1714
1164,1799
1164,1803
1164,1813
1164,1814
1164,1817
1164,1818
1164,1829
1164,1830
1164,1833
1164,1834
1164,1844
1164,1848
1167,1200
1167,1265
1167,1266
1167,1268
1167,1272
1167,1297
1167,1298
1167,1300
1167,1304
1167,1313
1167,1314
1167,1316
1167,1320
1167,1331
1167,1333
1167,1334
1167,1337
1167,1338
1167,1340
1167,1363
1167,1365
1167,1366
1167,1369
1167,1370
1167,1372
1167,1379
1167,1381
1167,1382
1167,1385
1167,1386
1167,1388
1167,1457
1167,1458
1167,1460
1167,1464
1167,1553
1167,1554
1167,1556
1167,1560
1167,1569
1167,1570
1167,1572
1167,1576
1167,1587
1167,1589
1167,1590
1167,1593
1167,1594
1167,1596
1167,1619
1167,1621
1167,1622
1167,1625
1167,1626
1167,1628
1167,1635
1167,1637
1167,1638
1167,1641
1167,1642
1167,1644
1167,1713
1167,1714
1167,1716
1167,1720
1167,1811
1167,1813
1167,1814
1167,1817
1167,1818
1167,1820
1167,1827
1167,1829
1167,1830
1167,1833
1167,1834
1167,1836
1169,1198
1169,1230
1169,1254
1169,1258
1169,1260
1169,1286
1169,1290
1169,1292
1169,1295
1169,1310
1169,1314
1169,1316
1169,1319
1169,1320
1169,1323
1169,1325
1169,1334
1169,1338
1169,1340
1169,1351
1169,1355
1169,1357
1169,1366
1169,1370
1169,1372
1169,1379
1169,1381
1169,1385
1169,1394
1169,1396
1169,1400
1169,1422
1169,1446
1169,1450
1169,1452
1169,1542
1169,1546
1169,1548
1169,1551
1169,1566
1169,1570
1169,1572
1169,1575
1169,1576
1169,1579
1169,1581
1169,1590
1169,1594
1169,1596
1169,1607
1169,1611
1169,1613
1169,1622
1169,1626
1169,1628
1169,1635
1169,1637
1169,1641
1169,1650
1169,1652
1169,1656
1169,1678
1169,1702
1169,1706
1169,1708
1169,1799
1169,1803
1169,1805
1169,1814
1169,1818
1169,1820
1169,1827
1169,1829
1169,1833
1169,1842
1169,1844
1169,1848
1170,1197
1170,1229
1170,1253
1170,1257
1170,1260
1170,1285
1170,1289
1170,1292
1170,1295
1170,1309
1170,1313
1170,1316
1170,1319
1170,1320
1170,1323
1170,1326
1170,1333
1170,1337
1170,1340
1170,1351
1170,1355
1170,1358
1170,1365
1170,1369
1170,1372
1170,1379
1170,1382
1170,1386
1170,1393
1170,1396
1170,1400
1170,1421
1170,1445
1170,1449
1170,1452
1170,1541
1170,1545
1170,1548
1170,1551
1170,1565
1170,1569
1170,1572
1170,1575
1170,1576
1170,1579
1170,1582
1170,1589
1170,1593
1170,1596
1170,1607
1170,1611
1170,1614
1170,1621
1170,1625
1170,1628
1170,1635
1170,1638
1170,1642
1170,1649
1170,1652
1170,1656
1170,1677
1170,1701
1170,1705
1170,1708
1170,1799
1170,1803
1170,1806
1170,1813
1170,1817
1170,1820
1170,1827
1170,1830
1170,1834
1170,1841
1170,1844
1170,1848
1172,1195
1172,1227
1172,1251
1172,1257
1172,1258
1172,1283
1172,1289
1172,1290
1172,1295
1172,1307
1172,1313
1172,1314
1172,1319
1172,1320
1172,1325
1172,1326
1172,1331
1172,1337
1172,1338
1172,1351
1172,1357
1172,1358
1172,1363
1172,1369
1172,1370
1172,1381
1172,1382
1172,1388
1172,1393
1172,1394
1172,1400
1172,1419
1172,1443
1172,1449
1172,1450
1172,1539
1172,1545
1172,1546
1172,1551
1172,1563
1172,1569
1172,1570
1172,1575
1172,1576
1172,1581
1172,1582
1172,1587
1172,1593
1172,1594
1172,1607
1172,1613
1172,1614
1172,1619
1172,1625
1172,1626
1172,1637
1172,1638
1172,1644
1172,1649
1172,1650
1172,1656
1172,1675
1172,1699
1172,1705
1172,1706
1172,1799
1172,1805
1172,1806
1172,1811
1172,1817
1172,1818
1172,1829
1172,1830
1172,1836
1172,1841
1172,1842
1172,1848
1175,1192
1175,1257
1175,1258
1175,1260
1175,1272
1175,1289
1175,1290
1175,1292
1175,1304
1175,1313
1175,1314
1175,1316
1175,1323
1175,1325
1175,1326
1175,1328
1175,1337
1175,1338
1175,1340
1175,1355
1175,1357
1175,1358
1175,1369
1175,1370
1175,1372
1175,1379
1175,1381
1175,1382
1175,1393
1175,1394
1175,1396
1175,1449
1175,1450
1175,1452
1175,1464
1175,1545
1175,1546
1175,1548
1175,1560
1175,1569
1175,1570
1175,1572
1175,1579
1175,1581
1175,1582
1175,1584
1175,1593
1175,1594
1175,1596
1175,1611
1175,1613
1175,1614
1175,1625
1175,1626
1175,1628
1175,1635
1175,1637
1175,1638
1175,1649
1175,1650
1175,1652
1175,1705
1175,1706
1175,1708
1175,1720
1175,1803
1175,1805
1175,1806
1175,1817
1175,1818
1175,1820
1175,1827
1175,1829
1175,1830
1175,1841
1175,1842
1175,1844
1176,1191
1176,1223
1176,1251
1176,1253
1176,1254
1176,1283
1176,1285
1176,1286
1176,1295
1176,1303
1176,1313
1176,1314
1176,1316
1176,1323
1176,1325
1176,1326
1176,1331
1176,1333
1176,1334
1176,1355
1176,1357
1176,1358
1176,1363
1176,1365
1176,1366
1176,1385
1176,1386
1176,1388
1176,1393
1176,1394
1176,1396
1176,1415
1176,1443
1176,1445
1176,1446
1176,1539
1176,1541
1176,1542
1176,1551
1176,1559
1176,1569
1176,1570
1176,1572
1176,1579
1176,1581
1176,1582
1176,1587
1176,1589
1176,1590
1176,1611
1176,1613
1176,1614
1176,1619
1176,1621
1176,1622
1176,1641
1176,1642
1176,1644
1176,1649
1176,1650
1176,1652
1176,1671
1176,1699
1176,1701
1176,1702
1176,1803
1176,1805
1176,1806
1176,1811
1176,1813
1176,1814
1176,1833
1176,1834
1176,1836
1176,1841
1176,1842
1176,1844
1179,1188
1179,1253
1179,1254
1179,1260
1179,1268
1179,1285
1179,1286
1179,1292
1179,1300
1179,1313
1179,1314
1179,1319
1179,1320
1179,1325
1179,1326
1179,1328
1179,1333
1179,1334
1179,1340
1179,1351
1179,1357
1179,1358
1179,1365
1179,1366
1179,1372
1179,1379
1179,1385
1179,1386
1179,1393
1179,1394
1179,1400
1179,1445
1179,1446
1179,1452
1179,1460
1179,1541
1179,1542
1179,1548
1179,1556
1179,1569
1179,1570
1179,1575
1179,1576
1179,1581
1179,1582
1179,1584
1179,1589
1179,1590
1179,1596
1179,1607
1179,1613
1179,1614
1179,1621
1179,1622
1179,1628
1179,1635
1179,1641
1179,1642
1179,1649
1179,1650
1179,1656
1179,1701
1179,1702
1179,1708
1179,1716
1179,1799
1179,1805
1179,1806
1179,1813
1179,1814
1179,1820
1179,1827
1179,1833
1179,1834
1179,1841
1179,1842
1179,1848
1181,1186
1181,1251
1181,1254
1181,1258
1181,1266
1181,1283
1181,1286
1181,1290
1181,1298
1181,1313
1181,1316
1181,1319
1181,1320
1181,1323
1181,1326
1181,1328
1181,1331
1181,1334
1181,1338
1181,1351
1181,1355
1181,1358
1181,1363
1181,1366
1181,1370
1181,1381
1181,1385
1181,1388
1181,1393
1181,1396
1181,1400
1181,1443
1181,1446
1181,1450
1181,1458
1181,1539
1181,1542
1181,1546
1181,1554
1181,1569
1181,1572
1181,1575
1181,1576
1181,1579
1181,1582
1181,1584
1181,1587
1181,1590
1181,1594
1181,1607
1181,1611
1181,1614
1181,1619
1181,1622
1181,1626
1181,1637
1181,1641
1181,1644
1181,1649
1181,1652
1181,1656
1181,1699
1181,1702
1181,1706
1181,1714
1181,1799
1181,1803
1181,1806
1181,1811
1181,1814
1181,1818
1181,1829
1181,1833
1181,1836
1181,1841
1181,1844
1181,1848
1182,1185
1182,1251
1182,1253
1182,1257
1182,1265
1182,1283
1182,1285
1182,1289
1182,1297
1182,1314
1182,1316
1182,1319
1182,1320
1182,1323
1182,1325
1182,1328
1182,1331
1182,1333
1182,1337
1182,1351
1182,1355
1182,1357
1182,1363
1182,1365
1182,1369
1182,1382
1182,1386
1182,1388
1182,1394
1182,1396
1182,1400
1182,1443
1182,1445
1182,1449
1182,1457
1182,1539
1182,1541
1182,1545
1182,1553
1182,1570
1182,1572
1182,1575
1182,1576
1182,1579
1182,1581
1182,1584
1182,1587
1182,1589
1182,1593
1182,1607
1182,1611
1182,1613
1182,1619
1182,1621
1182,1625
1182,1638
1182,1642
1182,1644
1182,1650
1182,1652
1182,1656
1182,1699
1182,1701
1182,1705
1182,1713
1182,1799
1182,1803
1182,1805
1182,1811
1182,1813
1182,1817
1182,1830
1182,1834
1182,1836
1182,1842
1182,1844
1182,1848
1185,1230
1185,1238
1185,1242
1185,1244
1185,1286
1185,1290
1185,1292
1185,1295
1185,1298
1185,1300
1185,1303
1185,1304
1185,1307
1185,1309
1185,1326
1185,1334
1185,1338
1185,1340
1185,1351
1185,1355
1185,1357
1185,1363
1185,1365
1185,1369
1185,1382
1185,1386
1185,1388
1185,1394
1185,1396
1185,1400
1185,1422
1185,1430
1185,1434
1185,1436
1185,1542
1185,1546
1185,1548
1185,1551
1185,1554
1185,1556
1185,1559
1185,1560
1185,1563
1185,1565
1185,1582
1185,1590
1185,1594
1185,1596
1185,1607
1185,1611
1185,1613
1185,1619
1185,1621
1185,1625
1185,1638
1185,1642
1185,1644
1185,1650
1185,1652
1185,1656
1185,1678
1185,1686
1185,1690
1185,1692
1185,1799
1185,1803
1185,1805
1185,1811
1185,1813
1185,1817
1185,1830
1185,1834
1185,1836
1185,1842
1185,1844
1185,1848
1186,1229
1186,1237
1186,1241
1186,1244
1186,1285
1186,1289
1186,1292
1186,1295
1186,1297
1186,1300
1186,1303
1186,1304
1186,1307
1186,1310
1186,1325
1186,1333
1186,1337
1186,1340
1186,1351
1186,1355
1186,1358
1186,1363
1186,1366
1186,1370
1186,1381
1186,1385
1186,1388
1186,1393
1186,1396
1186,1400
1186,1421
1186,1429
1186,1433
1186,1436
1186,1541
1186,1545
1186,1548
1186,1551
1186,1553
1186,1556
1186,1559
1186,1560
1186,1563
1186,1566
1186,1581
1186,1589
1186,1593
1186,1596
1186,1607
1186,1611
1186,1614
1186,1619
1186,1622
1186,1626
1186,1637
1186,1641
1186,1644
1186,1649
1186,1652
1186,1656
1186,1677
1186,1685
1186,1689
1186,1692
1186,1799
1186,1803
1186,1806
1186,1811
1186,1814
1186,1818
1186,1829
1186,1833
1186,1836
1186,1841
1186,1844
1186,1848
1188,1227
1188,1235
1188,1241
1188,1242
1188,1283
1188,1289
1188,1290
1188,1295
1188,1297
1188,1298
1188,1303
1188,1304
1188,1309
1188,1310
1188,1323
1188,1331
1188,1337
1188,1338
1188,1351
1188,1357
1188,1358
1188,1365
1188,1366
1188,1372
1188,1379
1188,1385
1188,1386
1188,1393
1188,1394
1188,1400
1188,1419
1188,1427
1188,1433
1188,1434
1188,1539
1188,1545
1188,1546
1188,1551
1188,1553
1188,1554
1188,1559
1188,1560
1188,1565
1188,1566
1188,1579
1188,1587
1188,1593
1188,1594
1188,1607
1188,1613
1188,1614
1188,1621
1188,1622
1188,1628
1188,1635
1188,1641
1188,1642
1188,1649
1188,1650
1188,1656
1188,1675
1188,1683
1188,1689
1188,1690
1188,1799
1188,1805
1188,1806
1188,1813
1188,1814
1188,1820
1188,1827
1188,1833
1188,1834
1188,1841
1188,1842
1188,1848
1191,1241
1191,1242
1191,1244
1191,1272
1191,1289
1191,1290
1191,1292
1191,1297
1191,1298
1191,1300
1191,1307
1191,1309
1191,1310
1191,1320
1191,1328
1191,1337
1191,1338
1191,1340
1191,1355
1191,1357
1191,1358
1191,1363
1191,1365
1191,1366
1191,1385
1191,1386
1191,1388
1191,1393
1191,1394
1191,1396
1191,1433
1191,1434
1191,1436
1191,1464
1191,1545
1191,1546
1191,1548
1191,1553
1191,1554
1191,1556
1191,1563
1191,1565
1191,1566
1191,1576
1191,1584
1191,1593
1191,1594
1191,1596
1191,1611
1191,1613
1191,1614
1191,1619
1191,1621
1191,1622
1191,1641
1191,1642
1191,1644
1191,1649
1191,1650
1191,1652
1191,1689
1191,1690
1191,1692
1191,1720
1191,1803
1191,1805
1191,1806
1191,1811
1191,1813
1191,1814
1191,1833
1191,1834
1191,1836
1191,1841
1191,1842
1191,1844
1192,1223
1192,1235
1192,1237
1192,1238
1192,1283
1192,1285
1192,1286
1192,1295
1192,1297
1192,1298
1192,1300
1192,1307
1192,1309
1192,1310
1192,1319
1192,1331
1192,1333
1192,1334
1192,1355
1192,1357
1192,1358
1192,1369
1192,1370
1192,1372
1192,1379
1192,1381
1192,1382
1192,1393
1192,1394
1192,1396
1192,1415
1192,1427
1192,1429
1192,1430
1192,1539
1192,1541
1192,1542
1192,1551
1192,1553
1192,1554
1192,1556
1192,1563
1192,1565
1192,1566
1192,1575
1192,1587
1192,1589
1192,1590
1192,1611
1192,1613
1192,1614
1192,1625
1192,1626
1192,1628
1192,1635
1192,1637
1192,1638
1192,1649
1192,1650
1192,1652
1192,1671
1192,1683
1192,1685
1192,1686
1192,1803
1192,1805
1192,1806
1192,1817
1192,1818
1192,1820
1192,1827
1192,1829
1192,1830
1192,1841
1192,1842
1192,1844
1195,1237
1195,1238
1195,1244
1195,1268
1195,1285
1195,1286
1195,1292
1195,1297
1195,1298
1195,1303
1195,1304
1195,1309
1195,1310
1195,1316
1195,1328
1195,1333
1195,1334
1195,1340
1195,1351
1195,1357
1195,1358
1195,1363
1195,1369
1195,1370
1195,1381
1195,1382
1195,1388
1195,1393
1195,1394
1195,1400
1195,1429
1195,1430
1195,1436
1195,1460
1195,1541
1195,1542
1195,1548
1195,1553
1195,1554
1195,1559
1195,1560
1195,1565
1195,1566
1195,1572
1195,1584
1195,1589
1195,1590
1195,1596
1195,1607
1195,1613
1195,1614
1195,1619
1195,1625
1195,1626
1195,1637
1195,1638
1195,1644
1195,1649
1195,1650
1195,1656
1195,1685
1195,1686
1195,1692
1195,1716
1195,1799
1195,1805
1195,1806
1195,1811
1195,1817
1195,1818
1195,1829
1195,1830
1195,1836
1195,1841
1195,1842
1195,1848
1197,1235
1197,1238
1197,1242
1197,1266
1197,1283
1197,1286
1197,1290
1197,1297
1197,1300
1197,1303
1197,1304
1197,1307
1197,1310
1197,1314
1197,1328
1197,1331
1197,1334
1197,1338
1197,1351
1197,1355
1197,1358
1197,1365
1197,1369
1197,1372
1197,1379
1197,1382
1197,1386
1197,1393
1197,1396
1197,1400
1197,1427
1197,1430
1197,1434
1197,1458
1197,1539
1197,1542
1197,1546
1197,1553
1197,1556
1197,1559
1197,1560
1197,1563
1197,1566
1197,1570
1197,1584
1197,1587
1197,1590
1197,1594
1197,1607
1197,1611
1197,1614
1197,1621
1197,1625
1197,1628
1197,1635
1197,1638
1197,1642
1197,1649
1197,1652
1197,1656
1197,1683
1197,1686
1197,1690
1197,1714
1197,1799
1197,1803
1197,1806
1197,1813
1197,1817
1197,1820
1197,1827
1197,1830
1197,1834
1197,1841
1197,1844
1197,1848
1198,1235
1198,1237
1198,1241
1198,1265
1198,1283
1198,1285
1198,1289
1198,1298
1198,1300
1198,1303
1198,1304
1198,1307
1198,1309
1198,1313
1198,1328
1198,1331
1198,1333
1198,1337
1198,1351
1198,1355
1198,1357
1198,1366
1198,1370
1198,1372
1198,1379
1198,1381
1198,1385
1198,1394
1198,1396
1198,1400
1198,1427
1198,1429
1198,1433
1198,1457
1198,1539
1198,1541
1198,1545
1198,1554
1198,1556
1198,1559
1198,1560
1198,1563
1198,1565
1198,1569
1198,1584
1198,1587
1198,1589
1198,1593
1198,1607
1198,1611
1198,1613
1198,1622
1198,1626
1198,1628
1198,1635
1198,1637
1198,1641
1198,1650
1198,1652
1198,1656
1198,1683
1198,1685
1198,1689
1198,1713
1198,1799
1198,1803
1198,1805
1198,1814
1198,1818
1198,1820
1198,1827
1198,1829
1198,1833
1198,1842
1198,1844
1198,1848
1200,1223
1200,1227
1200,1229
1200,1230
1200,1283
1200,1285
1200,1286
1200,1289
1200,1290
1200,1292
1200,1303
1200,1307
1200,1309
1200,1310
1200,1319
1200,1323
1200,1325
1200,1326
1200,1363
1200,1365
1200,1366
1200,1369
1200,1370
1200,1372
1200,1379
1200,1381
1200,1382
1200,1385
1200,1386
1200,1388
1200,1415
1200,1419
1200,1421
1200,1422
1200,1539
1200,1541
1200,1542
1200,1545
1200,1546
1200,1548
1200,1559
1200,1563
1200,1565
1200,1566
1200,1575
1200,1579
1200,1581
1200,1582
1200,1619
1200,1621
1200,1622
1200,1625
1200,1626
1200,1628
1200,1635
1200,1637
1200,1638
1200,1641
1200,1642
1200,1644
1200,1671
1200,1675
1200,1677
1200,1678
1200,1811
1200,1813
1200,1814
1200,1817
1200,1818
1200,1820
1200,1827
1200,1829
1200,1830
1200,1833
1200,1834
1200,1836
1203,1229
1203,1230
1203,1244
1203,1260
1203,1285
1203,1286
1203,1289
1203,1290
1203,1295
1203,1300
1203,1304
1203,1309
1203,1310
1203,1316
1203,1320
1203,1325
1203,1326
1203,1340
1203,1351
1203,1355
1203,1365
1203,1366
1203,1369
1203,1370
1203,1381
1203,1382
1203,1385
1203,1386
1203,1396
1203,1400
1203,1421
1203,1422
1203,1436
1203,1452
1203,1541
1203,1542
1203,1545
1203,1546
1203,1551
1203,1556
1203,1560
1203,1565
1203,1566
1203,1572
1203,1576
1203,1581
1203,1582
1203,1596
1203,1607
1203,1611
1203,1621
1203,1622
1203,1625
1203,1626
1203,1637
1203,1638
1203,1641
1203,1642
1203,1652
1203,1656
1203,1677
1203,1678
1203,1692
1203,1708
1203,1799
1203,1803
1203,1813
1203,1814
1203,1817
1203,1818
1203,1829
1203,1830
1203,1833
1203,1834
1203,1844
1203,1848
1205,1227
1205,1230
1205,1242
1205,1258
1205,1283
1205,1286
1205,1289
1205,1292
1205,1295
1205,1298
1205,1304
1205,1307
1205,1310
1205,1314
1205,1320
1205,1323
1205,1326
1205,1338
1205,1351
1205,1357
1205,1363
1205,1366
1205,1369
1205,1372
1205,1379
1205,1382
1205,1385
1205,1388
1205,1394
1205,1400
1205,1419
1205,1422
1205,1434
1205,1450
1205,1539
1205,1542
1205,1545
1205,1548
1205,1551
1205,1554
1205,1560
1205,1563
1205,1566
1205,1570
1205,1576
1205,1579
1205,1582
1205,1594
1205,1607
1205,1613
1205,1619
1205,1622
1205,1625
1205,1628
1205,1635
1205,1638
1205,1641
1205,1644
1205,1650
1205,1656
1205,1675
1205,1678
1205,1690
1205,1706
1205,1799
1205,1805
1205,1811
1205,1814
1205,1817
1205,1820
1205,1827
1205,1830
1205,1833
1205,1836
1205,1842
1205,1848
1206,1227
1206,1229
1206,1241
1206,1257
1206,1283
1206,1285
1206,1290
1206,1292
1206,1295
1206,1297
1206,1304
1206,1307
1206,1309
1206,1313
1206,1320
1206,1323
1206,1325
1206,1337
1206,1351
1206,1358
1206,1363
1206,1365
1206,1370
1206,1372
1206,1379
1206,1381
1206,1386
1206,1388
1206,1393
1206,1400
1206,1419
1206,1421
1206,1433
1206,1449
1206,1539
1206,1541
1206,1546
1206,1548
1206,1551
1206,1553
1206,1560
1206,1563
1206,1565
1206,1569
1206,1576
1206,1579
1206,1581
1206,1593
1206,1607
1206,1614
1206,1619
1206,1621
1206,1626
1206,1628
1206,1635
1206,1637
1206,1642
1206,1644
1206,1649
1206,1656
1206,1675
1206,1677
1206,1689
1206,1705
1206,1799
1206,1806
1206,1811
1206,1813
1206,1818
1206,1820
1206,1827
1206,1829
1206,1834
1206,1836
1206,1841
1206,1848
1209,1223
1209,1230
1209,1238
1209,1254
1209,1283
1209,1285
1209,1290
1209,1292
1209,1295
1209,1298
1209,1300
1209,1303
1209,1310
1209,1314
1209,1316
1209,1319
1209,1326
1209,1334
1209,1355
1209,1357
1209,1363
1209,1365
1209,1370
1209,1372
1209,1379
1209,1381
1209,1386
1209,1388
1209,1394
1209,1396
1209,1415
1209,1422
1209,1430
1209,1446
1209,1539
1209,1541
1209,1546
1209,1548
1209,1551
1209,1554
1209,1556
1209,1559
1209,1566
1209,1570
1209,1572
1209,1575
1209,1582
1209,1590
1209,1611
1209,1613
1209,1619
1209,1621
1209,1626
1209,1628
1209,1635
1209,1637
1209,1642
1209,1644
1209,1650
1209,1652
1209,1671
1209,1678
1209,1686
1209,1702
1209,1803
1209,1805
1209,1811
1209,1813
1209,1818
1209,1820
1209,1827
1209,1829
1209,1834
1209,1836
1209,1842
1209,1844
1210,1223
1210,1229
1210,1237
1210,1253
1210,1283
1210,1286
1210,1289
1210,1292
1210,1295
1210,1297
1210,1300
1210,1303
1210,1309
1210,1313
1210,1316
1210,1319
1210,1325
1210,1333
1210,1355
1210,1358
1210,1363
1210,1366
1210,1369
1210,1372
1210,1379
1210,1382
1210,1385
1210,1388
1210,1393
1210,1396
1210,1415
1210,1421
1210,1429
1210,1445
1210,1539
1210,1542
1210,1545
1210,1548
1210,1551
1210,1553
1210,1556
1210,1559
1210,1565
1210,1569
1210,1572
1210,1575
1210,1581
1210,1589
1210,1611
1210,1614
1210,1619
1210,1622
1210,1625
1210,1628
1210,1635
1210,1638
1210,1641
1210,1644
1210,1649
1210,1652
1210,1671
1210,1677
1210,1685
1210,1701
1210,1803
1210,1806
1210,1811
1210,1814
1210,1817
1210,1820
1210,1827
1210,1830
1210,1833
1210,1836
1210,1841
1210,1844
1212,1223
1212,1227
1212,1235
1212,1251
1212,1285
1212,1286
1212,1289
1212,1290
1212,1295
1212,1297
1212,1298
1212,1303
1212,1307
1212,1313
1212,1314
1212,1319
1212,1323
1212,1331
1212,1357
1212,1358
1212,1365
1212,1366
1212,1369
1212,1370
1212,1381
1212,1382
1212,1385
1212,1386
1212,1393
1212,1394
1212,1415
1212,1419
1212,1427
1212,1443
1212,1541
1212,1542
1212,1545
1212,1546
1212,1551
1212,1553
1212,1554
1212,1559
1212,1563
1212,1569
1212,1570
1212,1575
1212,1579
1212,1587
1212,1613
1212,1614
1212,1621
1212,1622
1212,1625
1212,1626
1212,1637
1212,1638
1212,1641
1212,1642
1212,1649
1212,1650
1212,1671
1212,1675
1212,1683
1212,1699
1212,1805
1212,1806
1212,1813
1212,1814
1212,1817
1212,1818
1212,1829
1212,1830
1212,1833
1212,1834
1212,1841
1212,1842
1223,1272
1223,1289
1223,1290
1223,1292
1223,1297
1223,1298
1223,1300
1223,1307
1223,1309
1223,1310
1223,1313
1223,1314
1223,1316
1223,1323
1223,1325
1223,1326
1223,1331
1223,1333
1223,1334
1223,1369
1223,1370
1223,1372
1223,1385
1223,1386
1223,1388
1223,1393
1223,1394
1223,1396
1223,1433
1223,1434
1223,1436
1223,1449
1223,1450
1223,1452
1223,1457
1223,1458
1223,1460
1223,1545
1223,1546
1223,1548
1223,1553
1223,1554
1223,1556
1223,1563
1223,1565
1223,1566
1223,1569
1223,1570
1223,1572
1223,1579
1223,1581
1223,1582
1223,1587
1223,1589
1223,1590
1223,1625
1223,1626
1223,1628
1223,1641
1223,1642
1223,1644
1223,1649
1223,1650
1223,1652
1223,1689
1223,1690
1223,1692
1223,1705
1223,1706
1223,1708
1223,1713
1223,1714
1223,1716
1223,1803
1223,1805
1223,1806
1223,1811
1223,1813
1223,1814
1223,1827
1223,1829
1223,1830
1227,1268
1227,1285
1227,1286
1227,1292
1227,1297
1227,1298
1227,1303
1227,1304
1227,1309
1227,1310
1227,1313
1227,1314
1227,1319
1227,1320
1227,1325
1227,1326
1227,1331
1227,1337
1227,1338
1227,1365
1227,1366
1227,1372
1227,1381
1227,1382
1227,1388
1227,1393
1227,1394
1227,1400
1227,1429
1227,1430
1227,1436
1227,1445
1227,1446
1227,1452
1227,1457
1227,1458
1227,1464
1227,1541
1227,1542
1227,1548
1227,1553
1227,1554
1227,1559
1227,1560
1227,1565
1227,1566
1227,1569
1227,1570
1227,1575
1227,1576
1227,1581
1227,1582
1227,1587
1227,1593
1227,1594
1227,1621
1227,1622
1227,1628
1227,1637
1227,1638
1227,1644
1227,1649
1227,1650
1227,1656
1227,1685
1227,1686
1227,1692
1227,1701
1227,1702
1227,1708
1227,1713
1227,1714
1227,1720
1227,1799
1227,1805
1227,1806
1227,1811
1227,1817
1227,1818
1227,1827
1227,1833
1227,1834
1229,1266
1229,1283
1229,1286
1229,1290
1229,1297
1229,1300
1229,1303
1229,1304
1229,1307
1229,1310
1229,1313
1229,1316
1229,1319
1229,1320
1229,1323
1229,1326
1229,1333
1229,1337
1229,1340
1229,1363
1229,1366
1229,1370
1229,1379
1229,1382
1229,1386
1229,1393
1229,1396
1229,1400
1229,1427
1229,1430
1229,1434
1229,1443
1229,1446
1229,1450
1229,1457
1229,1460
1229,1464
1229,1539
1229,1542
1229,1546
1229,1553
1229,1556
1229,1559
1229,1560
1229,1563
1229,1566
1229,1569
1229,1572
1229,1575
1229,1576
1229,1579
1229,1582
1229,1589
1229,1593
1229,1596
1229,1619
1229,1622
1229,1626
1229,1635
1229,1638
1229,1642
1229,1649
1229,1652
1229,1656
1229,1683
1229,1686
1229,1690
1229,1699
1229,1702
1229,1706
1229,1713
1229,1716
1229,1720
1229,1799
1229,1803
1229,1806
1229,1813
1229,1817
1229,1820
1229,1829
1229,1833
1229,1836
1230,1265
1230,1283
1230,1285
1230,1289
1230,1298
1230,1300
1230,1303
1230,1304
1230,1307
1230,1309
1230,1314
1230,1316
1230,1319
1230,1320
1230,1323
1230,1325
1230,1334
1230,1338
1230,1340
1230,1363
1230,1365
1230,1369
1230,1379
1230,1381
1230,1385
1230,1394
1230,1396
1230,1400
1230,1427
1230,1429
1230,1433
1230,1443
1230,1445
1230,1449
1230,1458
1230,1460
1230,1464
1230,1539
1230,1541
1230,1545
1230,1554
1230,1556
1230,1559
1230,1560
1230,1563
1230,1565
1230,1570
1230,1572
1230,1575
1230,1576
1230,1579
1230,1581
1230,1590
1230,1594
1230,1596
1230,1619
1230,1621
1230,1625
1230,1635
1230,1637
1230,1641
1230,1650
1230,1652
1230,1656
1230,1683
1230,1685
1230,1689
1230,1699
1230,1701
1230,1705
1230,1714
1230,1716
1230,1720
1230,1799
1230,1803
1230,1805
1230,1814
1230,1818
1230,1820
1230,1830
1230,1834
1230,1836
1235,1260
1235,1285
1235,1286
1235,1289
1235,1290
1235,1295
1235,1300
1235,1304
1235,1309
1235,1310
1235,1313
1235,1314
1235,1319
1235,1323
1235,1328
1235,1333
1235,1334
1235,1337
1235,1338
1235,1357
1235,1358
1235,1372
1235,1381
1235,1382
1235,1385
1235,1386
1235,1396
1235,1400
1235,1421
1235,1422
1235,1436
1235,1445
1235,1446
1235,1449
1235,1450
1235,1460
1235,1464
1235,1541
1235,1542
1235,1545
1235,1546
1235,1551
1235,1556
1235,1560
1235,1565
1235,1566
1235,1569
1235,1570
1235,1575
1235,1579
1235,1584
1235,1589
1235,1590
1235,1593
1235,1594
1235,1613
1235,1614
1235,1628
1235,1637
1235,1638
1235,1641
1235,1642
1235,1652
1235,1656
1235,1677
1235,1678
1235,1692
1235,1701
1235,1702
1235,1705
1235,1706
1235,1716
1235,1720
1235,1799
1235,1803
1235,1813
1235,1814
1235,1817
1235,1818
1235,1827
1235,1841
1235,1842
1237,1258
1237,1283
1237,1286
1237,1289
1237,1292
1237,1295
1237,1298
1237,1304
1237,1307
1237,1310
1237,1313
1237,1316
1237,1319
1237,1325
1237,1328
1237,1331
1237,1334
1237,1337
1237,1340
1237,1355
1237,1358
1237,1370
1237,1379
1237,1382
1237,1385
1237,1388
1237,1394
1237,1400
1237,1419
1237,1422
1237,1434
1237,1443
1237,1446
1237,1449
1237,1452
1237,1458
1237,1464
1237,1539
1237,1542
1237,1545
1237,1548
1237,1551
1237,1554
1237,1560
1237,1563
1237,1566
1237,1569
1237,1572
1237,1575
1237,1581
1237,1584
1237,1587
1237,1590
1237,1593
1237,1596
1237,1611
1237,1614
1237,1626
1237,1635
1237,1638
1237,1641
1237,1644
1237,1650
1237,1656
1237,1675
1237,1678
1237,1690
1237,1699
1237,1702
1237,1705
1237,1708
1237,1714
1237,1720
1237,1799
1237,1805
1237,1811
1237,1814
1237,1817
1237,1820
1237,1829
1237,1841
1237,1844
1238,1257
1238,1283
1238,1285
1238,1290
1238,1292
1238,1295
1238,1297
1238,1304
1238,1307
1238,1309
1238,1314
1238,1316
1238,1319
1238,1326
1238,1328
1238,1331
1238,1333
1238,1338
1238,1340
1238,1355
1238,1357
1238,1369
1238,1379
1238,1381
1238,1386
1238,1388
1238,1393
1238,1400
1238,1419
1238,1421
1238,1433
1238,1443
1238,1445
1238,1450
1238,1452
1238,1457
1238,1464
1238,1539
1238,1541
1238,1546
1238,1548
1238,1551
1238,1553
1238,1560
1238,1563
1238,1565
1238,1570
1238,1572
1238,1575
1238,1582
1238,1584
1238,1587
1238,1589
1238,1594
1238,1596
1238,1611
1238,1613
1238,1625
1238,1635
1238,1637
1238,1642
1238,1644
1238,1649
1238,1656
1238,1675
1238,1677
1238,1689
1238,1699
1238,1701
1238,1706
1238,1708
1238,1713
1238,1720
1238,1799
1238,1806
1238,1811
1238,1813
1238,1818
1238,1820
1238,1830
1238,1842
1238,1844
1241,1254
1241,1283
1241,1285
1241,1290
1241,1292
1241,1295
1241,1298
1241,1300
1241,1303
1241,1310
1241,1313
1241,1320
1241,1323
1241,1325
1241,1328
1241,1331
1241,1333
1241,1338
1241,1340
1241,1351
1241,1358
1241,1366
1241,1379
1241,1381
1241,1386
1241,1388
1241,1394
1241,1396
1241,1415
1241,1422
1241,1430
1241,1443
1241,1445
1241,1450
1241,1452
1241,1458
1241,1460
1241,1539
1241,1541
1241,1546
1241,1548
1241,1551
1241,1554
1241,1556
1241,1559
1241,1566
1241,1569
1241,1576
1241,1579
1241,1581
1241,1584
1241,1587
1241,1589
1241,1594
1241,1596
1241,1607
1241,1614
1241,1622
1241,1635
1241,1637
1241,1642
1241,1644
1241,1650
1241,1652
1241,1671
1241,1678
1241,1686
1241,1699
1241,1701
1241,1706
1241,1708
1241,1714
1241,1716
1241,1803
1241,1805
1241,1811
1241,1813
1241,1818
1241,1820
1241,1833
1241,1841
1241,1848
1242,1253
1242,1283
1242,1286
1242,1289
1242,1292
1242,1295
1242,1297
1242,1300
1242,1303
1242,1309
1242,1314
1242,1320
1242,1323
1242,1326
1242,1328
1242,1331
1242,1334
1242,1337
1242,1340
1242,1351
1242,1357
1242,1365
1242,1379
1242,1382
1242,1385
1242,1388
1242,1393
1242,1396
1242,1415
1242,1421
1242,1429
1242,1443
1242,1446
1242,1449
1242,1452
1242,1457
1242,1460
1242,1539
1242,1542
1242,1545
1242,1548
1242,1551
1242,1553
1242,1556
1242,1559
1242,1565
1242,1570
1242,1576
1242,1579
1242,1582
1242,1584
1242,1587
1242,1590
1242,1593
1242,1596
1242,1607
1242,1613
1242,1621
1242,1635
1242,1638
1242,1641
1242,1644
1242,1649
1242,1652
1242,1671
1242,1677
1242,1685
1242,1699
1242,1702
1242,1705
1242,1708
1242,1713
1242,1716
1242,1803
1242,1806
1242,1811
1242,1814
1242,1817
1242,1820
1242,1834
1242,1842
1242,1848
1244,1251
1244,1285
1244,1286
1244,1289
1244,1290
1244,1295
1244,1297
1244,1298
1244,1303
1244,1307
1244,1316
1244,1320
1244,1325
1244,1326
1244,1328
1244,1333
1244,1334
1244,1337
1244,1338
1244,1351
1244,1355
1244,1363
1244,1381
1244,1382
1244,1385
1244,1386
1244,1393
1244,1394
1244,1415
1244,1419
1244,1427
1244,1445
1244,1446
1244,1449
1244,1450
1244,1457
1244,1458
1244,1541
1244,1542
1244,1545
1244,1546
1244,1551
1244,1553
1244,1554
1244,1559
1244,1563
1244,1572
1244,1576
1244,1581
1244,1582
1244,1584
1244,1589
1244,1590
1244,1593
1244,1594
1244,1607
1244,1611
1244,1619
1244,1637
1244,1638
1244,1641
1244,1642
1244,1649
1244,1650
1244,1671
1244,1675
1244,1683
1244,1701
1244,1702
1244,1705
1244,1706
1244,1713
1244,1714
1244,1805
1244,1806
1244,1813
1244,1814
1244,1817
1244,1818
1244,1836
1244,1844
1244,1848
1251,1285
1251,1286
1251,1289
1251,1290
1251,1295
1251,1297
1251,1298
1251,1303
1251,1307
1251,1316
1251,1320
1251,1325
1251,1326
1251,1328
1251,1333
1251,1334
1251,1337
1251,1338
1251,1357
1251,1358
1251,1365
1251,1366
1251,1369
1251,1370
1251,1388
1251,1396
1251,1400
1251,1421
1251,1422
1251,1429
1251,1430
1251,1433
1251,1434
1251,1452
1251,1460
1251,1464
1251,1541
1251,1542
1251,1545
1251,1546
1251,1551
1251,1553
1251,1554
1251,1559
1251,1563
1251,1572
1251,1576
1251,1581
1251,1582
1251,1584
1251,1589
1251,1590
1251,1593
1251,1594
1251,1613
1251,1614
1251,1621
1251,1622
1251,1625
1251,1626
1251,1644
1251,1652
1251,1656
1251,1677
1251,1678
1251,1685
1251,1686
1251,1689
1251,1690
1251,1708
1251,1716
1251,1720
1251,1799
1251,1803
1251,1811
1251,1829
1251,1830
1251,1833
1251,1834
1251,1841
1251,1842
1253,1283
1253,1286
1253,1289
1253,1292
1253,1295
1253,1297
1253,1300
1253,1303
1253,1309
1253,1314
1253,1320
1253,1323
1253,1326
1253,1328
1253,1331
1253,1334
1253,1337
1253,1340
1253,1355
1253,1358
1253,1363
1253,1366
1253,1369
1253,1372
1253,1386
1253,1394
1253,1400
1253,1419
1253,1422
1253,1427
1253,1430
1253,1433
1253,1436
1253,1450
1253,1458
1253,1464
1253,1539
1253,1542
1253,1545
1253,1548
1253,1551
1253,1553
1253,1556
1253,1559
1253,1565
1253,1570
1253,1576
1253,1579
1253,1582
1253,1584
1253,1587
1253,1590
1253,1593
1253,1596
1253,1611
1253,1614
1253,1619
1253,1622
1253,1625
1253,1628
1253,1642
1253,1650
1253,1656
1253,1675
1253,1678
1253,1683
1253,1686
1253,1689
1253,1692
1253,1706
1253,1714
1253,1720
1253,1799
1253,1805
1253,1813
1253,1827
1253,1830
1253,1833
1253,1836
1253,1841
1253,1844
1254,1283
1254,1285
1254,1290
1254,1292
1254,1295
1254,1298
1254,1300
1254,1303
1254,1310
1254,1313
1254,1320
1254,1323
1254,1325
1254,1328
1254,1331
1254,1333
1254,1338
1254,1340
1254,1355
1254,1357
1254,1363
1254,1365
1254,1370
1254,1372
1254,1385
1254,1393
1254,1400
1254,1419
1254,1421
1254,1427
1254,1429
1254,1434
1254,1436
1254,1449
1254,1457
1254,1464
1254,1539
1254,1541
1254,1546
1254,1548
1254,1551
1254,1554
1254,1556
1254,1559
1254,1566
1254,1569
1254,1576
1254,1579
1254,1581
1254,1584
1254,1587
1254,1589
1254,1594
1254,1596
1254,1611
1254,1613
1254,1619
1254,1621
1254,1626
1254,1628
1254,1641
1254,1649
1254,1656
1254,1675
1254,1677
1254,1683
1254,1685
1254,1690
1254,1692
1254,1705
1254,1713
1254,1720
1254,1799
1254,1806
1254,1814
1254,1827
1254,1829
1254,1834
1254,1836
1254,1842
1254,1844
1257,1283
1257,1285
1257,1290
1257,1292
1257,1295
1257,1297
1257,1304
1257,1307
1257,1309
1257,1314
1257,1316
1257,1319
1257,1326
1257,1328
1257,1331
1257,1333
1257,1338
1257,1340
1257,1351
1257,1358
1257,1363
1257,1365
1257,1370
1257,1372
1257,1382
1257,1394
1257,1396
1257,1415
1257,1422
1257,1427
1257,1429
1257,1434
1257,1436
1257,1446
1257,1458
1257,1460
1257,1539
1257,1541
1257,1546
1257,1548
1257,1551
1257,1553
1257,1560
1257,1563
1257,1565
1257,1570
1257,1572
1257,1575
1257,1582
1257,1584
1257,1587
1257,1589
1257,1594
1257,1596
1257,1607
1257,1614
1257,1619
1257,1621
1257,1626
1257,1628
1257,1638
1257,1650
1257,1652
1257,1671
1257,1678
1257,1683
1257,1685
1257,1690
1257,1692
1257,1702
1257,1714
1257,1716
1257,1803
1257,1805
1257,1817
1257,1827
1257,1829
1257,1834
1257,1836
1257,1841
1257,1848
1258,1283
1258,1286
1258,1289
1258,1292
1258,1295
1258,1298
1258,1304
1258,1307
1258,1310
1258,1313
1258,1316
1258,1319
1258,1325
1258,1328
1258,1331
1258,1334
1258,1337
1258,1340
1258,1351
1258,1357
1258,1363
1258,1366
1258,1369
1258,1372
1258,1381
1258,1393
1258,1396
1258,1415
1258,1421
1258,1427
1258,1430
1258,1433
1258,1436
1258,1445
1258,1457
1258,1460
1258,1539
1258,1542
1258,1545
1258,1548
1258,1551
1258,1554
1258,1560
1258,1563
1258,1566
1258,1569
1258,1572
1258,1575
1258,1581
1258,1584
1258,1587
1258,1590
1258,1593
1258,1596
1258,1607
1258,1613
1258,1619
1258,1622
1258,1625
1258,1628
1258,1637
1258,1649
1258,1652
1258,1671
1258,1677
1258,1683
1258,1686
1258,1689
1258,1692
1258,1701
1258,1713
1258,1716
1258,1803
1258,1806
1258,1818
1258,1827
1258,1830
1258,1833
1258,1836
1258,1842
1258,1848
1260,1285
1260,1286
1260,1289
1260,1290
1260,1295
1260,1300
1260,1304
1260,1309
1260,1310
1260,1313
1260,1314
1260,1319
1260,1323
1260,1328
1260,1333
1260,1334
1260,1337
1260,1338
1260,1351
1260,1355
1260,1365
1260,1366
1260,1369
1260,1370
1260,1379
1260,1393
1260,1394
1260,1415
1260,1419
1260,1429
1260,1430
1260,1433
1260,1434
1260,1443
1260,1457
1260,1458
1260,1541
1260,1542
1260,1545
1260,1546
1260,1551
1260,1556
1260,1560
1260,1565
1260,1566
1260,1569
1260,1570
1260,1575
1260,1579
1260,1584
1260,1589
1260,1590
1260,1593
1260,1594
1260,1607
1260,1611
1260,1621
1260,1622
1260,1625
1260,1626
1260,1635
1260,1649
1260,1650
1260,1671
1260,1675
1260,1685
1260,1686
1260,1689
1260,1690
1260,1699
1260,1713
1260,1714
1260,1805
1260,1806
1260,1820
1260,1829
1260,1830
1260,1833
1260,1834
1260,1844
1260,1848
1265,1283
1265,1285
1265,1289
1265,1298
1265,1300
1265,1303
1265,1304
1265,1307
1265,1309
1265,1314
1265,1316
1265,1319
1265,1320
1265,1323
1265,1325
1265,1334
1265,1338
1265,1340
1265,1351
1265,1355
1265,1357
1265,1366
1265,1370
1265,1372
1265,1382
1265,1386
1265,1388
1265,1415
1265,1419
1265,1421
1265,1430
1265,1434
1265,1436
1265,1446
1265,1450
1265,1452
1265,1539
1265,1541
1265,1545
1265,1554
1265,1556
1265,1559
1265,1560
1265,1563
1265,1565
1265,1570
1265,1572
1265,1575
1265,1576
1265,1579
1265,1581
1265,1590
1265,1594
1265,1596
1265,1607
1265,1611
1265,1613
1265,1622
1265,1626
1265,1628
1265,1638
1265,1642
1265,1644
1265,1671
1265,1675
1265,1677
1265,1686
1265,1690
1265,1692
1265,1702
1265,1706
1265,1708
1265,1811
1265,1813
1265,1817
1265,1827
1265,1829
1265,1833
1265,1842
1265,1844
1265,1848
1266,1283
1266,1286
1266,1290
1266,1297
1266,1300
1266,1303
1266,1304
1266,1307
1266,1310
1266,1313
1266,1316
1266,1319
1266,1320
1266,1323
1266,1326
1266,1333
1266,1337
1266,1340
1266,1351
1266,1355
1266,1358
1266,1365
1266,1369
1266,1372
1266,1381
1266,1385
1266,1388
1266,1415
1266,1419
1266,1422
1266,1429
1266,1433
1266,1436
1266,1445
1266,1449
1266,1452
1266,1539
1266,1542
1266,1546
1266,1553
1266,1556
1266,1559
1266,1560
1266,1563
1266,1566
1266,1569
1266,1572
1266,1575
1266,1576
1266,1579
1266,1582
1266,1589
1266,1593
1266,1596
1266,1607
1266,1611
1266,1614
1266,1621
1266,1625
1266,1628
1266,1637
1266,1641
1266,1644
1266,1671
1266,1675
1266,1678
1266,1685
1266,1689
1266,1692
1266,1701
1266,1705
1266,1708
1266,1811
1266,1814
1266,1818
1266,1827
1266,1830
1266,1834
1266,1841
1266,1844
1266,1848
1268,1285
1268,1286
1268,1292
1268,1297
1268,1298
1268,1303
1268,1304
1268,1309
1268,1310
1268,1313
1268,1314
1268,1319
1268,1320
1268,1325
1268,1326
1268,1331
1268,1337
1268,1338
1268,1351
1268,1357
1268,1358
1268,1363
1268,1369
1268,1370
1268,1379
1268,1385
1268,1386
1268,1415
1268,1421
1268,1422
1268,1427
1268,1433
1268,1434
1268,1443
1268,1449
1268,1450
1268,1541
1268,1542
1268,1548
1268,1553
1268,1554
1268,1559
1268,1560
1268,1565
1268,1566
1268,1569
1268,1570
1268,1575
1268,1576
1268,1581
1268,1582
1268,1587
1268,1593
1268,1594
1268,1607
1268,1613
1268,1614
1268,1619
1268,1625
1268,1626
1268,1635
1268,1641
1268,1642
1268,1671
1268,1677
1268,1678
1268,1683
1268,1689
1268,1690
1268,1699
1268,1705
1268,1706
1268,1813
1268,1814
1268,1820
1268,1829
1268,1830
1268,1836
1268,1841
1268,1842
1268,1848
1272,1289
1272,1290
1272,1292
1272,1297
1272,1298
1272,1300
1272,1307
1272,1309
1272,1310
1272,1313
1272,1314
1272,1316
1272,1323
1272,1325
1272,1326
1272,1331
1272,1333
1272,1334
1272,1355
1272,1357
1272,1358
1272,1363
1272,1365
1272,1366
1272,1379
1272,1381
1272,1382
1272,1419
1272,1421
1272,1422
1272,1427
1272,1429
1272,1430
1272,1443
1272,1445
1272,1446
1272,1545
1272,1546
1272,1548
1272,1553
1272,1554
1272,1556
1272,1563
1272,1565
1272,1566
1272,1569
1272,1570
1272,1572
1272,1579
1272,1581
1272,1582
1272,1587
1272,1589
1272,1590
1272,1611
1272,1613
1272,1614
1272,1619
1272,1621
1272,1622
1272,1635
1272,1637
1272,1638
1272,1675
1272,1677
1272,1678
1272,1683
1272,1685
1272,1686
1272,1699
1272,1701
1272,1702
1272,1817
1272,1818
1272,1820
1272,1833
1272,1834
1272,1836
1272,1841
1272,1842
1272,1844
1283,1340
1283,1372
1283,1388
1283,1396
1283,1400
1283,1436
1283,1452
1283,1460
1283,1464
1283,1548
1283,1556
1283,1560
1283,1565
1283,1566
1283,1572
1283,1576
1283,1581
1283,1582
1283,1584
1283,1589
1283,1590
1283,1593
1283,1594
1283,1613
1283,1614
1283,1621
1283,1622
1283,1625
1283,1626
1283,1637
1283,1638
1283,1641
1283,1642
1283,1649
1283,1650
1283,1677
1283,1678
1283,1685
1283,1686
1283,1689
1283,1690
1283,1701
1283,1702
1283,1705
1283,1706
1283,1713
1283,1714
1283,1820
1283,1836
1283,1844
1283,1848
1285,1338
1285,1370
1285,1386
1285,1394
1285,1400
1285,1434
1285,1450
1285,1458
1285,1464
1285,1546
1285,1554
1285,1560
1285,1563
1285,1566
1285,1570
1285,1576
1285,1579
1285,1582
1285,1584
1285,1587
1285,1590
1285,1593
1285,1596
1285,1611
1285,1614
1285,1619
1285,1622
1285,1625
1285,1628
1285,1635
1285,1638
1285,1641
1285,1644
1285,1649
1285,1652
1285,1675
1285,1678
1285,1683
1285,1686
1285,1689
1285,1692
1285,1699
1285,1702
1285,1705
1285,1708
1285,1713
1285,1716
1285,1818
1285,1834
1285,1842
1285,1848
1286,1337
1286,1369
1286,1385
1286,1393
1286,1400
1286,1433
1286,1449
1286,1457
1286,1464
1286,1545
1286,1553
1286,1560
1286,1563
1286,1565
1286,1569
1286,1576
1286,1579
1286,1581
1286,1584
1286,1587
1286,1589
1286,1594
1286,1596
1286,1611
1286,1613
1286,1619
1286,1621
1286,1626
1286,1628
1286,1635
1286,1637
1286,1642
1286,1644
1286,1650
1286,1652
1286,1675
1286,1677
1286,1683
1286,1685
1286,1690
1286,1692
1286,1699
1286,1701
1286,1706
1286,1708
1286,1714
1286,1716
1286,1817
1286,1833
1286,1841
1286,1848
1289,1334
1289,1366
1289,1382
1289,1394
1289,1396
1289,1430
1289,1446
1289,1458
1289,1460
1289,1542
1289,1554
1289,1556
1289,1559
1289,1566
1289,1570
1289,1572
1289,1575
1289,1582
1289,1584
1289,1587
1289,1589
1289,1594
1289,1596
1289,1607
1289,1614
1289,1619
1289,1621
1289,1626
1289,1628
1289,1635
1289,1637
1289,1642
1289,1644
1289,1649
1289,1656
1289,1671
1289,1678
1289,1683
1289,1685
1289,1690
1289,1692
1289,1699
1289,1701
1289,1706
1289,1708
1289,1713
1289,1720
1289,1814
1289,1830
1289,1842
1289,1844
1290,1333
1290,1365
1290,1381
1290,1393
1290,1396
1290,1429
1290,1445
1290,1457
1290,1460
1290,1541
1290,1553
1290,1556
1290,1559
1290,1565
1290,1569
1290,1572
1290,1575
1290,1581
1290,1584
1290,1587
1290,1590
1290,1593
1290,1596
1290,1607
1290,1613
1290,1619
1290,1622
1290,1625
1290,1628
1290,1635
1290,1638
1290,1641
1290,1644
1290,1650
1290,1656
1290,1671
1290,1677
1290,1683
1290,1686
1290,1689
1290,1692
1290,1699
1290,1702
1290,1705
1290,1708
1290,1714
1290,1720
1290,1813
1290,1829
1290,1841
1290,1844
1292,1331
1292,1363
1292,1379
1292,1393
1292,1394
1292,1427
1292,1443
1292,1457
1292,1458
1292,1539
1292,1553
1292,1554
1292,1559
1292,1563
1292,1569
1292,1570
1292,1575
1292,1579
1292,1584
1292,1589
1292,1590
1292,1593
1292,1594
1292,1607
1292,1611
1292,1621
1292,1622
1292,1625
1292,1626
1292,1637
1292,1638
1292,1641
1292,1642
1292,1652
1292,1656
1292,1671
1292,1675
1292,1685
1292,1686
1292,1689
1292,1690
1292,1701
1292,1702
1292,1705
1292,1706
1292,1716
1292,1720
1292,1811
1292,1827
1292,1841
1292,1842
1295,1328
1295,1393
1295,1394
1295,1396
1295,1400
1295,1457
1295,1458
1295,1460
1295,1464
1295,1553
1295,1554
1295,1556
1295,1560
1295,1569
1295,1570
1295,1572
1295,1576
1295,1587
1295,1589
1295,1590
1295,1593
1295,1594
1295,1596
1295,1619
1295,1621
1295,1622
1295,1625
1295,1626
1295,1628
1295,1635
1295,1637
1295,1638
1295,1641
1295,1642
1295,1644
1295,1683
1295,1685
1295,1686
1295,1689
1295,1690
1295,1692
1295,1699
1295,1701
1295,1702
1295,1705
1295,1706
1295,1708
1295,1841
1295,1842
1295,1844
1295,1848
1297,1326
1297,1358
1297,1382
1297,1386
1297,1388
1297,1422
1297,1446
1297,1450
1297,1452
1297,1542
1297,1546
1297,1548
1297,1551
1297,1566
1297,1570
1297,1572
1297,1575
1297,1576
1297,1579
1297,1581
1297,1590
1297,1594
1297,1596
1297,1607
1297,1611
1297,1613
1297,1622
1297,1626
1297,1628
1297,1635
1297,1637
1297,1641
1297,1650
1297,1652
1297,1656
1297,1671
1297,1675
1297,1677
1297,1686
1297,1690
1297,1692
1297,1699
1297,1701
1297,1705
1297,1714
1297,1716
1297,1720
1297,1806
1297,1830
1297,1834
1297,1836
1298,1325
1298,1357
1298,1381
1298,1385
1298,1388
1298,1421
1298,1445
1298,1449
1298,1452
1298,1541
1298,1545
1298,1548
1298,1551
1298,1565
1298,1569
1298,1572
1298,1575
1298,1576
1298,1579
1298,1582
1298,1589
1298,1593
1298,1596
1298,1607
1298,1611
1298,1614
1298,1621
1298,1625
1298,1628
1298,1635
1298,1638
1298,1642
1298,1649
1298,1652
1298,1656
1298,1671
1298,1675
1298,1678
1298,1685
1298,1689
1298,1692
1298,1699
1298,1702
1298,1706
1298,1713
1298,1716
1298,1720
1298,1805
1298,1829
1298,1833
1298,1836
1300,1323
1300,1355
1300,1379
1300,1385
1300,1386
1300,1419
1300,1443
1300,1449
1300,1450
1300,1539
1300,1545
1300,1546
1300,1551
1300,1563
1300,1569
1300,1570
1300,1575
1300,1576
1300,1581
1300,1582
1300,1587
1300,1593
1300,1594
1300,1607
1300,1613
1300,1614
1300,1619
1300,1625
1300,1626
1300,1637
1300,1638
1300,1644
1300,1649
1300,1650
1300,1656
1300,1671
1300,1677
1300,1678
1300,1683
1300,1689
1300,1690
1300,1701
1300,1702
1300,1708
1300,1713
1300,1714
1300,1720
1300,1803
1300,1827
1300,1833
1300,1834
1303,1320
1303,1385
1303,1386
1303,1388
1303,1400
1303,1449
1303,1450
1303,1452
1303,1464
1303,1545
1303,1546
1303,1548
1303,1560
1303,1569
1303,1570
1303,1572
1303,1579
1303,1581
1303,1582
1303,1584
1303,1593
1303,1594
1303,1596
1303,1611
1303,1613
1303,1614
1303,1625
1303,1626
1303,1628
1303,1635
1303,1637
1303,1638
1303,1649
1303,1650
1303,1652
1303,1675
1303,1677
1303,1678
1303,1689
1303,1690
1303,1692
1303,1699
1303,1701
1303,1702
1303,1713
1303,1714
1303,1716
1303,1833
1303,1834
1303,1836
1303,1848
1304,1319
1304,1351
1304,1379
1304,1381
1304,1382
1304,1415
1304,1443
1304,1445
1304,1446
1304,1539
1304,1541
1304,1542
1304,1551
1304,1559
1304,1569
1304,1570
1304,1572
1304,1579
1304,1581
1304,1582
1304,1587
1304,1589
1304,1590
1304,1611
1304,1613
1304,1614
1304,1619
1304,1621
1304,1622
1304,1641
1304,1642
1304,1644
1304,1649
1304,1650
1304,1652
1304,1675
1304,1677
1304,1678
1304,1683
1304,1685
1304,1686
1304,1705
1304,1706
1304,1708
1304,1713
1304,1714
1304,1716
1304,1799
1304,1827
1304,1829
1304,1830
1307,1316
1307,1381
1307,1382
1307,1388
1307,1396
1307,1445
1307,1446
1307,1452
1307,1460
1307,1541
1307,1542
1307,1548
1307,1556
1307,1569
1307,1570
1307,1575
1307,1576
1307,1581
1307,1582
1307,1584
1307,1589
1307,1590
1307,1596
1307,1607
1307,1613
1307,1614
1307,1621
1307,1622
1307,1628
1307,1635
1307,1641
1307,1642
1307,1649
1307,1650
1307,1656
1307,1671
1307,1677
1307,1678
1307,1685
1307,1686
1307,1692
1307,1699
1307,1705
1307,1706
1307,1713
1307,1714
1307,1720
1307,1829
1307,1830
1307,1836
1307,1844
1309,1314
1309,1379
1309,1382
1309,1386
1309,1394
1309,1443
1309,1446
1309,1450
1309,1458
1309,1539
1309,1542
1309,1546
1309,1554
1309,1569
1309,1572
1309,1575
1309,1576
1309,1579
1309,1582
1309,1584
1309,1587
1309,1590
1309,1594
1309,1607
1309,1611
1309,1614
1309,1619
1309,1622
1309,1626
1309,1637
1309,1641
1309,1644
1309,1649
1309,1652
1309,1656
1309,1671
1309,1675
1309,1678
1309,1683
1309,1686
1309,1690
1309,1701
1309,1705
1309,1708
1309,1713
1309,1716
1309,1720
1309,1827
1309,1830
1309,1834
1309,1842
1310,1313
1310,1379
1310,1381
1310,1385
1310,1393
1310,1443
1310,1445
1310,1449
1310,1457
1310,1539
1310,1541
1310,1545
1310,1553
1310,1570
1310,1572
1310,1575
1310,1576
1310,1579
1310,1581
1310,1584
1310,1587
1310,1589
1310,1593
1310,1607
1310,1611
1310,1613
1310,1619
1310,1621
1310,1625
1310,1638
1310,1642
1310,1644
1310,1650
1310,1652
1310,1656
1310,1671
1310,1675
1310,1677
1310,1683
1310,1685
1310,1689
1310,1702
1310,1706
1310,1708
1310,1714
1310,1716
1310,1720
1310,1827
1310,1829
1310,1833
1310,1841
1313,1358
1313,1366
1313,1370
1313,1372
1313,1422
1313,1430
1313,1434
1313,1436
1313,1542
1313,1546
1313,1548
1313,1551
1313,1554
1313,1556
1313,1559
1313,1560
1313,1563
1313,1565
1313,1582
1313,1590
1313,1594
1313,1596
1313,1607
1313,1611
1313,1613
1313,1619
1313,1621
1313,1625
1313,1638
1313,1642
1313,1644
1313,1650
1313,1652
1313,1656
1313,1671
1313,1675
1313,1677
1313,1683
1313,1685
1313,1689
1313,1702
1313,1706
1313,1708
1313,1714
1313,1716
1313,1720
1313,1806
1313,1814
1313,1818
1313,1820
1314,1357
1314,1365
1314,1369
1314,1372
1314,1421
1314,1429
1314,1433
1314,1436
1314,1541
1314,1545
1314,1548
1314,1551
1314,1553
1314,1556
1314,1559
1314,1560
1314,1563
1314,1566
1314,1581
1314,1589
1314,1593
1314,1596
1314,1607
1314,1611
1314,1614
1314,1619
1314,1622
1314,1626
1314,1637
1314,1641
1314,1644
1314,1649
1314,1652
1314,1656
1314,1671
1314,1675
1314,1678
1314,1683
1314,1686
1314,1690
1314,1701
1314,1705
1314,1708
1314,1713
1314,1716
1314,1720
1314,1805
1314,1813
1314,1817
1314,1820
1316,1355
1316,1363
1316,1369
1316,1370
1316,1419
1316,1427
1316,1433
1316,1434
1316,1539
1316,1545
1316,1546
1316,1551
1316,1553
1316,1554
1316,1559
1316,1560
1316,1565
1316,1566
1316,1579
1316,1587
1316,1593
1316,1594
1316,1607
1316,1613
1316,1614
1316,1621
1316,1622
1316,1628
1316,1635
1316,1641
1316,1642
1316,1649
1316,1650
1316,1656
1316,1671
1316,1677
1316,1678
1316,1685
1316,1686
1316,1692
1316,1699
1316,1705
1316,1706
1316,1713
1316,1714
1316,1720
1316,1803
1316,1811
1316,1817
1316,1818
1319,1369
1319,1370
1319,1372
1319,1400
1319,1433
1319,1434
1319,1436
1319,1464
1319,1545
1319,1546
1319,1548
1319,1553
1319,1554
1319,1556
1319,1563
1319,1565
1319,1566
1319,1576
1319,1584
1319,1593
1319,1594
1319,1596
1319,1611
1319,1613
1319,1614
1319,1619
1319,1621
1319,1622
1319,1641
1319,1642
1319,1644
1319,1649
1319,1650
1319,1652
1319,1675
1319,1677
1319,1678
1319,1683
1319,1685
1319,1686
1319,1705
1319,1706
1319,1708
1319,1713
1319,1714
1319,1716
1319,1817
1319,1818
1319,1820
1319,1848
1320,1351
1320,1363
1320,1365
1320,1366
1320,1415
1320,1427
1320,1429
1320,1430
1320,1539
1320,1541
1320,1542
1320,1551
1320,1553
1320,1554
1320,1556
1320,1563
1320,1565
1320,1566
1320,1575
1320,1587
1320,1589
1320,1590
1320,1611
1320,1613
1320,1614
1320,1625
1320,1626
1320,1628
1320,1635
1320,1637
1320,1638
1320,1649
1320,1650
1320,1652
1320,1675
1320,1677
1320,1678
1320,1689
1320,1690
1320,1692
1320,1699
1320,1701
1320,1702
1320,1713
1320,1714
1320,1716
1320,1799
1320,1811
1320,1813
1320,1814
1323,1365
1323,1366
1323,1372
1323,1396
1323,1429
1323,1430
1323,1436
1323,1460
1323,1541
1323,1542
1323,1548
1323,1553
1323,1554
1323,1559
1323,1560
1323,1565
1323,1566
1323,1572
1323,1584
1323,1589
1323,1590
1323,1596
1323,1607
1323,1613
1323,1614
1323,1619
1323,1625
1323,1626
1323,1637
1323,1638
1323,1644
1323,1649
1323,1650
1323,1656
1323,1671
1323,1677
1323,1678
1323,1683
1323,1689
1323,1690
1323,1701
1323,1702
1323,1708
1323,1713
1323,1714
1323,1720
1323,1813
1323,1814
1323,1820
1323,1844
1325,1363
1325,1366
1325,1370
1325,1394
1325,1427
1325,1430
1325,1434
1325,1458
1325,1539
1325,1542
1325,1546
1325,1553
1325,1556
1325,1559
1325,1560
1325,1563
1325,1566
1325,1570
1325,1584
1325,1587
1325,1590
1325,1594
1325,1607
1325,1611
1325,1614
1325,1621
1325,1625
1325,1628
1325,1635
1325,1638
1325,1642
1325,1649
1325,1652
1325,1656
1325,1671
1325,1675
1325,1678
1325,1685
1325,1689
1325,1692
1325,1699
1325,1702
1325,1706
1325,1713
1325,1716
1325,1720
1325,1811
1325,1814
1325,1818
1325,1842
1326,1363
1326,1365
1326,1369
1326,1393
1326,1427
1326,1429
1326,1433
1326,1457
1326,1539
1326,1541
1326,1545
1326,1554
1326,1556
1326,1559
1326,1560
1326,1563
1326,1565
1326,1569
1326,1584
1326,1587
1326,1589
1326,1593
1326,1607
1326,1611
1326,1613
1326,1622
1326,1626
1326,1628
1326,1635
1326,1637
1326,1641
1326,1650
1326,1652
1326,1656
1326,1671
1326,1675
1326,1677
1326,1686
1326,1690
1326,1692
1326,1699
1326,1701
1326,1705
1326,1714
1326,1716
1326,1720
1326,1811
1326,1813
1326,1817
1326,1841
1328,1351
1328,1355
1328,1357
1328,1358
1328,1415
1328,1419
1328,1421
1328,1422
1328,1539
1328,1541
1328,1542
1328,1545
1328,1546
1328,1548
1328,1559
1328,1563
1328,1565
1328,1566
1328,1575
1328,1579
1328,1581
1328,1582
1328,1619
1328,1621
1328,1622
1328,1625
1328,1626
1328,1628
1328,1635
1328,1637
1328,1638
1328,1641
1328,1642
1328,1644
1328,1683
1328,1685
1328,1686
1328,1689
1328,1690
1328,1692
1328,1699
1328,1701
1328,1702
1328,1705
1328,1706
1328,1708
1328,1799
1328,1803
1328,1805
1328,1806
1331,1357
1331,1358
1331,1372
1331,1388
1331,1421
1331,1422
1331,1436
1331,1452
1331,1541
1331,1542
1331,1545
1331,1546
1331,1551
1331,1556
1331,1560
1331,1565
1331,1566
1331,1572
1331,1576
1331,1581
1331,1582
1331,1596
1331,1607
1331,1611
1331,1621
1331,1622
1331,1625
1331,1626
1331,1637
1331,1638
1331,1641
1331,1642
1331,1652
1331,1656
1331,1671
1331,1675
1331,1685
1331,1686
1331,1689
1331,1690
1331,1701
1331,1702
1331,1705
1331,1706
1331,1716
1331,1720
1331,1805
1331,1806
1331,1820
1331,1836
1333,1355
1333,1358
1333,1370
1333,1386
1333,1419
1333,1422
1333,1434
1333,1450
1333,1539
1333,1542
1333,1545
1333,1548
1333,1551
1333,1554
1333,1560
1333,1563
1333,1566
1333,1570
1333,1576
1333,1579
1333,1582
1333,1594
1333,1607
1333,1613
1333,1619
1333,1622
1333,1625
1333,1628
1333,1635
1333,1638
1333,1641
1333,1644
1333,1650
1333,1656
1333,1671
1333,1677
1333,1683
1333,1686
1333,1689
1333,1692
1333,1699
1333,1702
1333,1705
1333,1708
1333,1714
1333,1720
1333,1803
1333,1806
1333,1818
1333,1834
1334,1355
1334,1357
1334,1369
1334,1385
1334,1419
1334,1421
1334,1433
1334,1449
1334,1539
1334,1541
1334,1546
1334,1548
1334,1551
1334,1553
1334,1560
1334,1563
1334,1565
1334,1569
1334,1576
1334,1579
1334,1581
1334,1593
1334,1607
1334,1614
1334,1619
1334,1621
1334,1626
1334,1628
1334,1635
1334,1637
1334,1642
1334,1644
1334,1649
1334,1656
1334,1671
1334,1678
1334,1683
1334,1685
1334,1690
1334,1692
1334,1699
1334,1701
1334,1706
1334,1708
1334,1713
1334,1720
1334,1803
1334,1805
1334,1817
1334,1833
1337,1351
1337,1358
1337,1366
1337,1382
1337,1415
1337,1422
1337,1430
1337,1446
1337,1539
1337,1541
1337,1546
1337,1548
1337,1551
1337,1554
1337,1556
1337,1559
1337,1566
1337,1570
1337,1572
1337,1575
1337,1582
1337,1590
1337,1611
1337,1613
1337,1619
1337,1621
1337,1626
1337,1628
1337,1635
1337,1637
1337,1642
1337,1644
1337,1650
1337,1652
1337,1675
1337,1677
1337,1683
1337,1685
1337,1690
1337,1692
1337,1699
1337,1701
1337,1706
1337,1708
1337,1714
1337,1716
1337,1799
1337,1806
1337,1814
1337,1830
1338,1351
1338,1357
1338,1365
1338,1381
1338,1415
1338,1421
1338,1429
1338,1445
1338,1539
1338,1542
1338,1545
1338,1548
1338,1551
1338,1553
1338,1556
1338,1559
1338,1565
1338,1569
1338,1572
1338,1575
1338,1581
1338,1589
1338,1611
1338,1614
1338,1619
1338,1622
1338,1625
1338,1628
1338,1635
1338,1638
1338,1641
1338,1644
1338,1649
1338,1652
1338,1675
1338,1678
1338,1683
1338,1686
1338,1689
1338,1692
1338,1699
1338,1702
1338,1705
1338,1708
1338,1713
1338,1716
1338,1799
1338,1805
1338,1813
1338,1829
1340,1351
1340,1355
1340,1363
1340,1379
1340,1415
1340,1419
1340,1427
1340,1443
1340,1541
1340,1542
1340,1545
1340,1546
1340,1551
1340,1553
1340,1554
1340,1559
1340,1563
1340,1569
1340,1570
1340,1575
1340,1579
1340,1587
1340,1613
1340,1614
1340,1621
1340,1622
1340,1625
1340,1626
1340,1637
1340,1638
1340,1641
1340,1642
1340,1649
1340,1650
1340,1677
1340,1678
1340,1685
1340,1686
1340,1689
1340,1690
1340,1701
1340,1702
1340,1705
1340,1706
1340,1713
1340,1714
1340,1799
1340,1803
1340,1811
1340,1827
1351,1400
1351,1433
1351,1434
1351,1436
1351,1449
1351,1450
1351,1452
1351,1457
1351,1458
1351,1460
1351,1545
1351,1546
1351,1548
1351,1553
1351,1554
1351,1556
1351,1563
1351,1565
1351,1566
1351,1569
1351,1570
1351,1572
1351,1579
1351,1581
1351,1582
1351,1587
1351,1589
1351,1590
1351,1625
1351,1626
1351,1628
1351,1641
1351,1642
1351,1644
1351,1649
1351,1650
1351,1652
1351,1675
1351,1677
1351,1678
1351,1683
1351,1685
1351,1686
1351,1699
1351,1701
1351,1702
1351,1817
1351,1818
1351,1820
1351,1833
1351,1834
1351,1836
1351,1841
1351,1842
1351,1844
1355,1396
1355,1429
1355,1430
1355,1436
1355,1445
1355,1446
1355,1452
1355,1457
1355,1458
1355,1464
1355,1541
1355,1542
1355,1548
1355,1553
1355,1554
1355,1559
1355,1560
1355,1565
1355,1566
1355,1569
1355,1570
1355,1575
1355,1576
1355,1581
1355,1582
1355,1587
1355,1593
1355,1594
1355,1621
1355,1622
1355,1628
1355,1637
1355,1638
1355,1644
1355,1649
1355,1650
1355,1656
1355,1671
1355,1677
1355,1678
1355,1683
1355,1689
1355,1690
1355,1699
1355,1705
1355,1706
1355,1813
1355,1814
1355,1820
1355,1829
1355,1830
1355,1836
1355,1841
1355,1842
1355,1848
1357,1394
1357,1427
1357,1430
1357,1434
1357,1443
1357,1446
1357,1450
1357,1457
1357,1460
1357,1464
1357,1539
1357,1542
1357,1546
1357,1553
1357,1556
1357,1559
1357,1560
1357,1563
1357,1566
1357,1569
1357,1572
1357,1575
1357,1576
1357,1579
1357,1582
1357,1589
1357,1593
1357,1596
1357,1619
1357,1622
1357,1626
1357,1635
1357,1638
1357,1642
1357,1649
1357,1652
1357,1656
1357,1671
1357,1675
1357,1678
1357,1685
1357,1689
1357,1692
1357,1701
1357,1705
1357,1708
1357,1811
1357,1814
1357,1818
1357,1827
1357,1830
1357,1834
1357,1841
1357,1844
1357,1848
1358,1393
1358,1427
1358,1429
1358,1433
1358,1443
1358,1445
1358,1449
1358,1458
1358,1460
1358,1464
1358,1539
1358,1541
1358,1545
1358,1554
1358,1556
1358,1559
1358,1560
1358,1563
1358,1565
1358,1570
1358,1572
1358,1575
1358,1576
1358,1579
1358,1581
1358,1590
1358,1594
1358,1596
1358,1619
1358,1621
1358,1625
1358,1635
1358,1637
1358,1641
1358,1650
1358,1652
1358,1656
1358,1671
1358,1675
1358,1677
1358,1686
1358,1690
1358,1692
1358,1702
1358,1706
1358,1708
1358,1811
1358,1813
1358,1817
1358,1827
1358,1829
1358,1833
1358,1842
1358,1844
1358,1848
1363,1388
1363,1421
1363,1422
1363,1436
1363,1445
1363,1446
1363,1449
1363,1450
1363,1460
1363,1464
1363,1541
1363,1542
1363,1545
1363,1546
1363,1551
1363,1556
1363,1560
1363,1565
1363,1566
1363,1569
1363,1570
1363,1575
1363,1579
1363,1584
1363,1589
1363,1590
1363,1593
1363,1594
1363,1613
1363,1614
1363,1628
1363,1637
1363,1638
1363,1641
1363,1642
1363,1652
1363,1656
1363,1671
1363,1675
1363,1685
1363,1686
1363,1689
1363,1690
1363,1699
1363,1713
1363,1714
1363,1805
1363,1806
1363,1820
1363,1829
1363,1830
1363,1833
1363,1834
1363,1844
1363,1848
1365,1386
1365,1419
1365,1422
1365,1434
1365,1443
1365,1446
1365,1449
1365,1452
1365,1458
1365,1464
1365,1539
1365,1542
1365,1545
1365,1548
1365,1551
1365,1554
1365,1560
1365,1563
1365,1566
1365,1569
1365,1572
1365,1575
1365,1581
1365,1584
1365,1587
1365,1590
1365,1593
1365,1596
1365,1611
1365,1614
1365,1626
1365,1635
1365,1638
1365,1641
1365,1644
1365,1650
1365,1656
1365,1671
1365,1677
1365,1683
1365,1686
1365,1689
1365,1692
1365,1701
1365,1713
1365,1716
1365,1803
1365,1806
1365,1818
1365,1827
1365,1830
1365,1833
1365,1836
1365,1842
1365,1848
1366,1385
1366,1419
1366,1421
1366,1433
1366,1443
1366,1445
1366,1450
1366,1452
1366,1457
1366,1464
1366,1539
1366,1541
1366,1546
1366,1548
1366,1551
1366,1553
1366,1560
1366,1563
1366,1565
1366,1570
1366,1572
1366,1575
1366,1582
1366,1584
1366,1587
1366,1589
1366,1594
1366,1596
1366,1611
1366,1613
1366,1625
1366,1635
1366,1637
1366,1642
1366,1644
1366,1649
1366,1656
1366,1671
1366,1678
1366,1683
1366,1685
1366,1690
1366,1692
1366,1702
1366,1714
1366,1716
1366,1803
1366,1805
1366,1817
1366,1827
1366,1829
1366,1834
1366,1836
1366,1841
1366,1848
1369,1382
1369,1415
1369,1422
1369,1430
1369,1443
1369,1445
1369,1450
1369,1452
1369,1458
1369,1460
1369,1539
1369,1541
1369,1546
1369,1548
1369,1551
1369,1554
1369,1556
1369,1559
1369,1566
1369,1569
1369,1576
1369,1579
1369,1581
1369,1584
1369,1587
1369,1589
1369,1594
1369,1596
1369,1607
1369,1614
1369,1622
1369,1635
1369,1637
1369,1642
1369,1644
1369,1650
1369,1652
1369,1675
1369,1677
1369,1683
1369,1685
1369,1690
1369,1692
1369,1705
1369,1713
1369,1720
1369,1799
1369,1806
1369,1814
1369,1827
1369,1829
1369,1834
1369,1836
1369,1842
1369,1844
1370,1381
1370,1415
1370,1421
1370,1429
1370,1443
1370,1446
1370,1449
1370,1452
1370,1457
1370,1460
1370,1539
1370,1542
1370,1545
1370,1548
1370,1551
1370,1553
1370,1556
1370,1559
1370,1565
1370,1570
1370,1576
1370,1579
1370,1582
1370,1584
1370,1587
1370,1590
1370,1593
1370,1596
1370,1607
1370,1613
1370,1621
1370,1635
1370,1638
1370,1641
1370,1644
1370,1649
1370,1652
1370,1675
1370,1678
1370,1683
1370,1686
1370,1689
1370,1692
1370,1706
1370,1714
1370,1720
1370,1799
1370,1805
1370,1813
1370,1827
1370,1830
1370,1833
1370,1836
1370,1841
1370,1844
1372,1379
1372,1415
1372,1419
1372,1427
1372,1445
1372,1446
1372,1449
1372,1450
1372,1457
1372,1458
1372,1541
1372,1542
1372,1545
1372,1546
1372,1551
1372,1553
1372,1554
1372,1559
1372,1563
1372,1572
1372,1576
1372,1581
1372,1582
1372,1584
1372,1589
1372,1590
1372,1593
1372,1594
1372,1607
1372,1611
1372,1619
1372,1637
1372,1638
1372,1641
1372,1642
1372,1649
1372,1650
1372,1677
1372,1678
1372,1685
1372,1686
1372,1689
1372,1690
1372,1708
1372,1716
1372,1720
1372,1799
1372,1803
1372,1811
1372,1829
1372,1830
1372,1833
1372,1834
1372,1841
1372,1842
1379,1421
1379,1422
1379,1429
1379,1430
1379,1433
1379,1434
1379,1452
1379,1460
1379,1464
1379,1541
1379,1542
1379,1545
1379,1546
1379,1551
1379,1553
1379,1554
1379,1559
1379,1563
1379,1572
1379,1576
1379,1581
1379,1582
1379,1584
1379,1589
1379,1590
1379,1593
1379,1594
1379,1613
1379,1614
1379,1621
1379,1622
1379,1625
1379,1626
1379,1644
1379,1652
1379,1656
1379,1671
1379,1675
1379,1683
1379,1701
1379,1702
1379,1705
1379,1706
1379,1713
1379,1714
1379,1805
1379,1806
1379,1813
1379,1814
1379,1817
1379,1818
1379,1836
1379,1844
1379,1848
1381,1419
1381,1422
1381,1427
1381,1430
1381,1433
1381,1436
1381,1450
1381,1458
1381,1464
1381,1539
1381,1542
1381,1545
1381,1548
1381,1551
1381,1553
1381,1556
1381,1559
1381,1565
1381,1570
1381,1576
1381,1579
1381,1582
1381,1584
1381,1587
1381,1590
1381,1593
1381,1596
1381,1611
1381,1614
1381,1619
1381,1622
1381,1625
1381,1628
1381,1642
1381,1650
1381,1656
1381,1671
1381,1677
1381,1685
1381,1699
1381,1702
1381,1705
1381,1708
1381,1713
1381,1716
1381,1803
1381,1806
1381,1811
1381,1814
1381,1817
1381,1820
1381,1834
1381,1842
1381,1848
1382,1419
1382,1421
1382,1427
1382,1429
1382,1434
1382,1436
1382,1449
1382,1457
1382,1464
1382,1539
1382,1541
1382,1546
1382,1548
1382,1551
1382,1554
1382,1556
1382,1559
1382,1566
1382,1569
1382,1576
1382,1579
1382,1581
1382,1584
1382,1587
1382,1589
1382,1594
1382,1596
1382,1611
1382,1613
1382,1619
1382,1621
1382,1626
1382,1628
1382,1641
1382,1649
1382,1656
1382,1671
1382,1678
1382,1686
1382,1699
1382,1701
1382,1706
1382,1708
1382,1714
1382,1716
1382,1803
1382,1805
1382,1811
1382,1813
1382,1818
1382,1820
1382,1833
1382,1841
1382,1848
1385,1415
1385,1422
1385,1427
1385,1429
1385,1434
1385,1436
1385,1446
1385,1458
1385,1460
1385,1539
1385,1541
1385,1546
1385,1548
1385,1551
1385,1553
1385,1560
1385,1563
1385,1565
1385,1570
1385,1572
1385,1575
1385,1582
1385,1584
1385,1587
1385,1589
1385,1594
1385,1596
1385,1607
1385,1614
1385,1619
1385,1621
1385,1626
1385,1628
1385,1638
1385,1650
1385,1652
1385,1675
1385,1677
1385,1689
1385,1699
1385,1701
1385,1706
1385,1708
1385,1713
1385,1720
1385,1799
1385,1806
1385,1811
1385,1813
1385,1818
1385,1820
1385,1830
1385,1842
1385,1844
1386,1415
1386,1421
1386,1427
1386,1430
1386,1433
1386,1436
1386,1445
1386,1457
1386,1460
1386,1539
1386,1542
1386,1545
1386,1548
1386,1551
1386,1554
1386,1560
1386,1563
1386,1566
1386,1569
1386,1572
1386,1575
1386,1581
1386,1584
1386,1587
1386,1590
1386,1593
1386,1596
1386,1607
1386,1613
1386,1619
1386,1622
1386,1625
1386,1628
1386,1637
1386,1649
1386,1652
1386,1675
1386,1678
1386,1690
1386,1699
1386,1702
1386,1705
1386,1708
1386,1714
1386,1720
1386,1799
1386,1805
1386,1811
1386,1814
1386,1817
1386,1820
1386,1829
1386,1841
1386,1844
1388,1415
1388,1419
1388,1429
1388,1430
1388,1433
1388,1434
1388,1443
1388,1457
1388,1458
1388,1541
1388,1542
1388,1545
1388,1546
1388,1551
1388,1556
1388,1560
1388,1565
1388,1566
1388,1569
1388,1570
1388,1575
1388,1579
1388,1584
1388,1589
1388,1590
1388,1593
1388,1594
1388,1607
1388,1611
1388,1621
1388,1622
1388,1625
1388,1626
1388,1635
1388,1649
1388,1650
1388,1677
1388,1678
1388,1692
1388,1701
1388,1702
1388,1705
1388,1706
1388,1716
1388,1720
1388,1799
1388,1803
1388,1813
1388,1814
1388,1817
1388,1818
1388,1827
1388,1841
1388,1842
1393,1415
1393,1419
1393,1421
1393,1430
1393,1434
1393,1436
1393,1446
1393,1450
1393,1452
1393,1539
1393,1541
1393,1545
1393,1554
1393,1556
1393,1559
1393,1560
1393,1563
1393,1565
1393,1570
1393,1572
1393,1575
1393,1576
1393,1579
1393,1581
1393,1590
1393,1594
1393,1596
1393,1607
1393,1611
1393,1613
1393,1622
1393,1626
1393,1628
1393,1638
1393,1642
1393,1644
1393,1683
1393,1685
1393,1689
1393,1699
1393,1701
1393,1705
1393,1714
1393,1716
1393,1720
1393,1799
1393,1803
1393,1805
1393,1814
1393,1818
1393,1820
1393,1830
1393,1834
1393,1836
1394,1415
1394,1419
1394,1422
1394,1429
1394,1433
1394,1436
1394,1445
1394,1449
1394,1452
1394,1539
1394,1542
1394,1546
1394,1553
1394,1556
1394,1559
1394,1560
1394,1563
1394,1566
1394,1569
1394,1572
1394,1575
1394,1576
1394,1579
1394,1582
1394,1589
1394,1593
1394,1596
1394,1607
1394,1611
1394,1614
1394,1621
1394,1625
1394,1628
1394,1637
1394,1641
1394,1644
1394,1683
1394,1686
1394,1690
1394,1699
1394,1702
1394,1706
1394,1713
1394,1716
1394,1720
1394,1799
1394,1803
1394,1806
1394,1813
1394,1817
1394,1820
1394,1829
1394,1833
1394,1836
1396,1415
1396,1421
1396,1422
1396,1427
1396,1433
1396,1434
1396,1443
1396,1449
1396,1450
1396,1541
1396,1542
1396,1548
1396,1553
1396,1554
1396,1559
1396,1560
1396,1565
1396,1566
1396,1569
1396,1570
1396,1575
1396,1576
1396,1581
1396,1582
1396,1587
1396,1593
1396,1594
1396,1607
1396,1613
1396,1614
1396,1619
1396,1625
1396,1626
1396,1635
1396,1641
1396,1642
1396,1685
1396,1686
1396,1692
1396,1701
1396,1702
1396,1708
1396,1713
1396,1714
1396,1720
1396,1799
1396,1805
1396,1806
1396,1811
1396,1817
1396,1818
1396,1827
1396,1833
1396,1834
1400,1419
1400,1421
1400,1422
1400,1427
1400,1429
1400,1430
1400,1443
1400,1445
1400,1446
1400,1545
1400,1546
1400,1548
1400,1553
1400,1554
1400,1556
1400,1563
1400,1565
1400,1566
1400,1569
1400,1570
1400,1572
1400,1579
1400,1581
1400,1582
1400,1587
1400,1589
1400,1590
1400,1611
1400,1613
1400,1614
1400,1619
1400,1621
1400,1622
1400,1635
1400,1637
1400,1638
1400,1689
1400,1690
1400,1692
1400,1705
1400,1706
1400,1708
1400,1713
1400,1714
1400,1716
1400,1803
1400,1805
1400,1806
1400,1811
1400,1813
1400,1814
1400,1827
1400,1829
1400,1830
1415,1464
1415,1545
1415,1546
1415,1548
1415,1553
1415,1554
1415,1556
1415,1563
1415,1565
1415,1566
1415,1569
1415,1570
1415,1572
1415,1579
1415,1581
1415,1582
1415,1587
1415,1589
1415,1590
1415,1611
1415,1613
1415,1614
1415,1619
1415,1621
1415,1622
1415,1635
1415,1637
1415,1638
1415,1689
1415,1690
1415,1692
1415,1705
1415,1706
1415,1708
1415,1713
1415,1714
1415,1716
1415,1817
1415,1818
1415,1820
1415,1833
1415,1834
1415,1836
1415,1841
1415,1842
1415,1844
1419,1460
1419,1541
1419,1542
1419,1548
1419,1553
1419,1554
1419,1559
1419,1560
1419,1565
1419,1566
1419,1569
1419,1570
1419,1575
1419,1576
1419,1581
1419,1582
1419,1587
1419,1593
1419,1594
1419,1607
1419,1613
1419,1614
1419,1619
1419,1625
1419,1626
1419,1635
1419,1641
1419,1642
1419,1685
1419,1686
1419,1692
1419,1701
1419,1702
1419,1708
1419,1713
1419,1714
1419,1720
1419,1813
1419,1814
1419,1820
1419,1829
1419,1830
1419,1836
1419,1841
1419,1842
1419,1848
1421,1458
1421,1539
1421,1542
1421,1546
1421,1553
1421,1556
1421,1559
1421,1560
1421,1563
1421,1566
1421,1569
1421,1572
1421,1575
1421,1576
1421,1579
1421,1582
1421,1589
1421,1593
1421,1596
1421,1607
1421,1611
1421,1614
1421,1621
1421,1625
1421,1628
1421,1637
1421,1641
1421,1644
1421,1683
1421,1686
1421,1690
1421,1699
1421,1702
1421,1706
1421,1713
1421,1716
1421,1720
1421,1811
1421,1814
1421,1818
1421,1827
1421,1830
1421,1834
1421,1841
1421,1844
1421,1848
1422,1457
1422,1539
1422,1541
1422,1545
1422,1554
1422,1556
1422,1559
1422,1560
1422,1563
1422,1565
1422,1570
1422,1572
1422,1575
1422,1576
1422,1579
1422,1581
1422,1590
1422,1594
1422,1596
1422,1607
1422,1611
1422,1613
1422,1622
1422,1626
1422,1628
1422,1638
1422,1642
1422,1644
1422,1683
1422,1685
1422,1689
1422,1699
1422,1701
1422,1705
1422,1714
1422,1716
1422,1720
1422,1811
1422,1813
1422,1817
1422,1827
1422,1829
1422,1833
1422,1842
1422,1844
1422,1848
1427,1452
1427,1541
1427,1542
1427,1545
1427,1546
1427,1551
1427,1556
1427,1560
1427,1565
1427,1566
1427,1569
1427,1570
1427,1575
1427,1579
1427,1584
1427,1589
1427,1590
1427,1593
1427,1594
1427,1607
1427,1611
1427,1621
1427,1622
1427,1625
1427,1626
1427,1635
1427,1649
1427,1650
1427,1677
1427,1678
1427,1692
1427,1701
1427,1702
1427,1705
1427,1706
1427,1716
1427,1720
1427,1805
1427,1806
1427,1820
1427,1829
1427,1830
1427,1833
1427,1834
1427,1844
1427,1848
1429,1450
1429,1539
1429,1542
1429,1545
1429,1548
1429,1551
1429,1554
1429,1560
1429,1563
1429,1566
1429,1569
1429,1572
1429,1575
1429,1581
1429,1584
1429,1587
1429,1590
1429,1593
1429,1596
1429,1607
1429,1613
1429,1619
1429,1622
1429,1625
1429,1628
1429,1637
1429,1649
1429,1652
1429,1675
1429,1678
1429,1690
1429,1699
1429,1702
1429,1705
1429,1708
1429,1714
1429,1720
1429,1803
1429,1806
1429,1818
1429,1827
1429,1830
1429,1833
1429,1836
1429,1842
1429,1848
1430,1449
1430,1539
1430,1541
1430,1546
1430,1548
1430,1551
1430,1553
1430,1560
1430,1563
1430,1565
1430,1570
1430,1572
1430,1575
1430,1582
1430,1584
1430,1587
1430,1589
1430,1594
1430,1596
1430,1607
1430,1614
1430,1619
1430,1621
1430,1626
1430,1628
1430,1638
1430,1650
1430,1652
1430,1675
1430,1677
1430,1689
1430,1699
1430,1701
1430,1706
1430,1708
1430,1713
1430,1720
1430,1803
1430,1805
1430,1817
1430,1827
1430,1829
1430,1834
1430,1836
1430,1841
1430,1848
1433,1446
1433,1539
1433,1541
1433,1546
1433,1548
1433,1551
1433,1554
1433,1556
1433,1559
1433,1566
1433,1569
1433,1576
1433,1579
1433,1581
1433,1584
1433,1587
1433,1589
1433,1594
1433,1596
1433,1611
1433,1613
1433,1619
1433,1621
1433,1626
1433,1628
1433,1641
1433,1649
1433,1656
1433,1671
1433,1678
1433,1686
1433,1699
1433,1701
1433,1706
1433,1708
1433,1714
1433,1716
1433,1799
1433,1806
1433,1814
1433,1827
1433,1829
1433,1834
1433,1836
1433,1842
1433,1844
1434,1445
1434,1539
1434,1542
1434,1545
1434,1548
1434,1551
1434,1553
1434,1556
1434,1559
1434,1565
1434,1570
1434,1576
1434,1579
1434,1582
1434,1584
1434,1587
1434,1590
1434,1593
1434,1596
1434,1611
1434,1614
1434,1619
1434,1622
1434,1625
1434,1628
1434,1642
1434,1650
1434,1656
1434,1671
1434,1677
1434,1685
1434,1699
1434,1702
1434,1705
1434,1708
1434,1713
1434,1716
1434,1799
1434,1805
1434,1813
1434,1827
1434,1830
1434,1833
1434,1836
1434,1841
1434,1844
1436,1443
1436,1541
1436,1542
1436,1545
1436,1546
1436,1551
1436,1553
1436,1554
1436,1559
1436,1563
1436,1572
1436,1576
1436,1581
1436,1582
1436,1584
1436,1589
1436,1590
1436,1593
1436,1594
1436,1613
1436,1614
1436,1621
1436,1622
1436,1625
1436,1626
1436,1644
1436,1652
1436,1656
1436,1671
1436,1675
1436,1683
1436,1701
1436,1702
1436,1705
1436,1706
1436,1713
1436,1714
1436,1799
1436,1803
1436,1811
1436,1829
1436,1830
1436,1833
1436,1834
1436,1841
1436,1842
1443,1541
1443,1542
1443,1545
1443,1546
1443,1551
1443,1553
1443,1554
1443,1559
1443,1563
1443,1572
1443,1576
1443,1581
1443,1582
1443,1584
1443,1589
1443,1590
1443,1593
1443,1594
1443,1607
1443,1611
1443,1619
1443,1637
1443,1638
1443,1641
1443,1642
1443,1649
1443,1650
1443,1677
1443,1678
1443,1685
1443,1686
1443,1689
1443,1690
1443,1708
1443,1716
1443,1720
1443,1805
1443,1806
1443,1813
1443,1814
1443,1817
1443,1818
1443,1836
1443,1844
1443,1848
1445,1539
1445,1542
1445,1545
1445,1548
1445,1551
1445,1553
1445,1556
1445,1559
1445,1565
1445,1570
1445,1576
1445,1579
1445,1582
1445,1584
1445,1587
1445,1590
1445,1593
1445,1596
1445,1607
1445,1613
1445,1621
1445,1635
1445,1638
1445,1641
1445,1644
1445,1649
1445,1652
1445,1675
1445,1678
1445,1683
1445,1686
1445,1689
1445,1692
1445,1706
1445,1714
1445,1720
1445,1803
1445,1806
1445,1811
1445,1814
1445,1817
1445,1820
1445,1834
1445,1842
1445,1848
1446,1539
1446,1541
1446,1546
1446,1548
1446,1551
1446,1554
1446,1556
1446,1559
1446,1566
1446,1569
1446,1576
1446,1579
1446,1581
1446,1584
1446,1587
1446,1589
1446,1594
1446,1596
1446,1607
1446,1614
1446,1622
1446,1635
1446,1637
1446,1642
1446,1644
1446,1650
1446,1652
1446,1675
1446,1677
1446,1683
1446,1685
1446,1690
1446,1692
1446,1705
1446,1713
1446,1720
1446,1803
1446,1805
1446,1811
1446,1813
1446,1818
1446,1820
1446,1833
1446,1841
1446,1848
1449,1539
1449,1541
1449,1546
1449,1548
1449,1551
1449,1553
1449,1560
1449,1563
1449,1565
1449,1570
1449,1572
1449,1575
1449,1582
1449,1584
1449,1587
1449,1589
1449,1594
1449,1596
1449,1611
1449,1613
1449,1625
1449,1635
1449,1637
1449,1642
1449,1644
1449,1649
1449,1656
1449,1671
1449,1678
1449,1683
1449,1685
1449,1690
1449,1692
1449,1702
1449,1714
1449,1716
1449,1799
1449,1806
1449,1811
1449,1813
1449,1818
1449,1820
1449,1830
1449,1842
1449,1844
1450,1539
1450,1542
1450,1545
1450,1548
1450,1551
1450,1554
1450,1560
1450,1563
1450,1566
1450,1569
1450,1572
1450,1575
1450,1581
1450,1584
1450,1587
1450,1590
1450,1593
1450,1596
1450,1611
1450,1614
1450,1626
1450,1635
1450,1638
1450,1641
1450,1644
1450,1650
1450,1656
1450,1671
1450,1677
1450,1683
1450,1686
1450,1689
1450,1692
1450,1701
1450,1713
1450,1716
1450,1799
1450,1805
1450,1811
1450,1814
1450,1817
1450,1820
1450,1829
1450,1841
1450,1844
1452,1541
1452,1542
1452,1545
1452,1546
1452,1551
1452,1556
1452,1560
1452,1565
1452,1566
1452,1569
1452,1570
1452,1575
1452,1579
1452,1584
1452,1589
1452,1590
1452,1593
1452,1594
1452,1613
1452,1614
1452,1628
1452,1637
1452,1638
1452,1641
1452,1642
1452,1652
1452,1656
1452,1671
1452,1675
1452,1685
1452,1686
1452,1689
1452,1690
1452,1699
1452,1713
1452,1714
1452,1799
1452,1803
1452,1813
1452,1814
1452,1817
1452,1818
1452,1827
1452,1841
1452,1842
1457,1539
1457,1541
1457,1545
1457,1554
1457,1556
1457,1559
1457,1560
1457,1563
1457,1565
1457,1570
1457,1572
1457,1575
1457,1576
1457,1579
1457,1581
1457,1590
1457,1594
1457,1596
1457,1619
1457,1621
1457,1625
1457,1635
1457,1637
1457,1641
1457,1650
1457,1652
1457,1656
1457,1671
1457,1675
1457,1677
1457,1686
1457,1690
1457,1692
1457,1702
1457,1706
1457,1708
1457,1799
1457,1803
1457,1805
1457,1814
1457,1818
1457,1820
1457,1830
1457,1834
1457,1836
1458,1539
1458,1542
1458,1546
1458,1553
1458,1556
1458,1559
1458,1560
1458,1563
1458,1566
1458,1569
1458,1572
1458,1575
1458,1576
1458,1579
1458,1582
1458,1589
1458,1593
1458,1596
1458,1619
1458,1622
1458,1626
1458,1635
1458,1638
1458,1642
1458,1649
1458,1652
1458,1656
1458,1671
1458,1675
1458,1678
1458,1685
1458,1689
1458,1692
1458,1701
1458,1705
1458,1708
1458,1799
1458,1803
1458,1806
1458,1813
1458,1817
1458,1820
1458,1829
1458,1833
1458,1836
1460,1541
1460,1542
1460,1548
1460,1553
1460,1554
1460,1559
1460,1560
1460,1565
1460,1566
1460,1569
1460,1570
1460,1575
1460,1576
1460,1581
1460,1582
1460,1587
1460,1593
1460,1594
1460,1621
1460,1622
1460,1628
1460,1637
1460,1638
1460,1644
1460,1649
1460,1650
1460,1656
1460,1671
1460,1677
1460,1678
1460,1683
1460,1689
1460,1690
1460,1699
1460,1705
1460,1706
1460,1799
1460,1805
1460,1806
1460,1811
1460,1817
1460,1818
1460,1827
1460,1833
1460,1834
1464,1545
1464,1546
1464,1548
1464,1553
1464,1554
1464,1556
1464,1563
1464,1565
1464,1566
1464,1569
1464,1570
1464,1572
1464,1579
1464,1581
1464,1582
1464,1587
1464,1589
1464,1590
1464,1625
1464,1626
1464,1628
1464,1641
1464,1642
1464,1644
1464,1649
1464,1650
1464,1652
1464,1675
1464,1677
1464,1678
1464,1683
1464,1685
1464,1686
1464,1699
1464,1701
1464,1702
1464,1803
1464,1805
1464,1806
1464,1811
1464,1813
1464,1814
1464,1827
1464,1829
1464,1830
1539,1596
1539,1628
1539,1644
1539,1652
1539,1656
1539,1692
1539,1708
1539,1716
1539,1720
1539,1820
1539,1836
1539,1844
1539,1848
1541,1594
1541,1626
1541,1642
1541,1650
1541,1656
1541,1690
1541,1706
1541,1714
1541,1720
1541,1818
1541,1834
1541,1842
1541,1848
1542,1593
1542,1625
1542,1641
1542,1649
1542,1656
1542,1689
1542,1705
1542,1713
1542,1720
1542,1817
1542,1833
1542,1841
1542,1848
1545,1590
1545,1622
1545,1638
1545,1650
1545,1652
1545,1686
1545,1702
1545,1714
1545,1716
1545,1814
1545,1830
1545,1842
1545,1844
1546,1589
1546,1621
1546,1637
1546,1649
1546,1652
1546,1685
1546,1701
1546,1713
1546,1716
1546,1813
1546,1829
1546,1841
1546,1844
1548,1587
1548,1619
1548,1635
1548,1649
1548,1650
1548,1683
1548,1699
1548,1713
1548,1714
1548,1811
1548,1827
1548,1841
1548,1842
1551,1584
1551,1649
1551,1650
1551,1652
1551,1656
1551,1713
1551,1714
1551,1716
1551,1720
1551,1841
1551,1842
1551,1844
1551,1848
1553,1582
1553,1614
1553,1638
1553,1642
1553,1644
1553,1678
1553,1702
1553,1706
1553,1708
1553,1806
1553,1830
1553,1834
1553,1836
1554,1581
1554,1613
1554,1637
1554,1641
1554,1644
1554,1677
1554,1701
1554,1705
1554,1708
1554,1805
1554,1829
1554,1833
1554,1836
1556,1579
1556,1611
1556,1635
1556,1641
1556,1642
1556,1675
1556,1699
1556,1705
1556,1706
1556,1803
1556,1827
1556,1833
1556,1834
1559,1576
1559,1641
1559,1642
1559,1644
1559,1656
1559,1705
1559,1706
1559,1708
1559,1720
1559,1833
1559,1834
1559,1836
1559,1848
1560,1575
1560,1607
1560,1635
1560,1637
1560,1638
1560,1671
1560,1699
1560,1701
1560,1702
1560,1799
1560,1827
1560,1829
1560,1830
1563,1572
1563,1637
1563,1638
1563,1644
1563,1652
1563,1701
1563,1702
1563,1708
1563,1716
1563,1829
1563,1830
1563,1836
1563,1844
1565,1570
1565,1635
1565,1638
1565,1642
1565,1650
1565,1699
1565,1702
1565,1706
1565,1714
1565,1827
1565,1830
1565,1834
1565,1842
1566,1569
1566,1635
1566,1637
1566,1641
1566,1649
1566,1699
1566,1701
1566,1705
1566,1713
1566,1827
1566,1829
1566,1833
1566,1841
1569,1614
1569,1622
1569,1626
1569,1628
1569,1678
1569,1686
1569,1690
1569,1692
1569,1806
1569,1814
1569,1818
1569,1820
1570,1613
1570,1621
1570,1625
1570,1628
1570,1677
1570,1685
1570,1689
1570,1692
1570,1805
1570,1813
1570,1817
1570,1820
1572,1611
1572,1619
1572,1625
1572,1626
1572,1675
1572,1683
1572,1689
1572,1690
1572,1803
1572,1811
1572,1817
1572,1818
1575,1625
1575,1626
1575,1628
1575,1656
1575,1689
1575,1690
1575,1692
1575,1720
1575,1817
1575,1818
1575,1820
1575,1848
1576,1607
1576,1619
1576,1621
1576,1622
1576,1671
1576,1683
1576,1685
1576,1686
1576,1799
1576,1811
1576,1813
1576,1814
1579,1621
1579,1622
1579,1628
1579,1652
1579,1685
1579,1686
1579,1692
1579,1716
1579,1813
1579,1814
1579,1820
1579,1844
1581,1619
1581,1622
1581,1626
1581,1650
1581,1683
1581,1686
1581,1690
1581,1714
1581,1811
1581,1814
1581,1818
1581,1842
1582,1619
1582,1621
1582,1625
1582,1649
1582,1683
1582,1685
1582,1689
1582,1713
1582,1811
1582,1813
1582,1817
1582,1841
1584,1607
1584,1611
1584,1613
1584,1614
1584,1671
1584,1675
1584,1677
1584,1678
1584,1799
1584,1803
1584,1805
1584,1806
1587,1613
1587,1614
1587,1628
1587,1644
1587,1677
1587,1678
1587,1692
1587,1708
1587,1805
1587,1806
1587,1820
1587,1836
1589,1611
1589,1614
1589,1626
1589,1642
1589,1675
1589,1678
1589,1690
1589,1706
1589,1803
1589,1806
1589,1818
1589,1834
1590,1611
1590,1613
1590,1625
1590,1641
1590,1675
1590,1677
1590,1689
1590,1705
1590,1803
1590,1805
1590,1817
1590,1833
1593,1607
1593,1614
1593,1622
1593,1638
1593,1671
1593,1678
1593,1686
1593,1702
1593,1799
1593,1806
1593,1814
1593,1830
1594,1607
1594,1613
1594,1621
1594,1637
1594,1671
1594,1677
1594,1685
1594,1701
1594,1799
1594,1805
1594,1813
1594,1829
1596,1607
1596,1611
1596,1619
1596,1635
1596,1671
1596,1675
1596,1683
1596,1699
1596,1799
1596,1803
1596,1811
1596,1827
1607,1656
1607,1689
1607,1690
1607,1692
1607,1705
1607,1706
1607,1708
1607,1713
1607,1714
1607,1716
1607,1817
1607,1818
1607,1820
1607,1833
1607,1834
1607,1836
1607,1841
1607,1842
1607,1844
1611,1652
1611,1685
1611,1686
1611,1692
1611,1701
1611,1702
1611,1708
1611,1713
1611,1714
1611,1720
1611,1813
1611,1814
1611,1820
1611,1829
1611,1830
1611,1836
1611,1841
1611,1842
1611,1848
1613,1650
1613,1683
1613,1686
1613,1690
1613,1699
1613,1702
1613,1706
1613,1713
1613,1716
1613,1720
1613,1811
1613,1814
1613,1818
1613,1827
1613,1830
1613,1834
1613,1841
1613,1844
1613,1848
1614,1649
1614,1683
1614,1685
1614,1689
1614,1699
1614,1701
1614,1705
1614,1714
1614,1716
1614,1720
1614,1811
1614,1813
1614,1817
1614,1827
1614,1829
1614,1833
1614,1842
1614,1844
1614,1848
1619,1644
1619,1677
1619,1678
1619,1692
1619,1701
1619,1702
1619,1705
1619,1706
1619,1716
1619,1720
1619,1805
1619,1806
1619,1820
1619,1829
1619,1830
1619,1833
1619,1834
1619,1844
1619,1848
1621,1642
1621,1675
1621,1678
1621,1690
1621,1699
1621,1702
1621,1705
1621,1708
1621,1714
1621,1720
1621,1803
1621,1806
1621,1818
1621,1827
1621,1830
1621,1833
1621,1836
1621,1842
1621,1848
1622,1641
1622,1675
1622,1677
1622,1689
1622,1699
1622,1701
1622,1706
1622,1708
1622,1713
1622,1720
1622,1803
1622,1805
1622,1817
1622,1827
1622,1829
1622,1834
1622,1836
1622,1841
1622,1848
1625,1638
1625,1671
1625,1678
1625,1686
1625,1699
1625,1701
1625,1706
1625,1708
1625,1714
1625,1716
1625,1799
1625,1806
1625,1814
1625,1827
1625,1829
1625,1834
1625,1836
1625,1842
1625,1844
1626,1637
1626,1671
1626,1677
1626,1685
1626,1699
1626,1702
1626,1705
1626,1708
1626,1713
1626,1716
1626,1799
1626,1805
1626,1813
1626,1827
1626,1830
1626,1833
1626,1836
1626,1841
1626,1844
1628,1635
1628,1671
1628,1675
1628,1683
1628,1701
1628,1702
1628,1705
1628,1706
1628,1713
1628,1714
1628,1799
1628,1803
1628,1811
1628,1829
1628,1830
1628,1833
1628,1834
1628,1841
1628,1842
1635,1677
1635,1678
1635,1685
1635,1686
1635,1689
1635,1690
1635,1708
1635,1716
1635,1720
1635,1805
1635,1806
1635,1813
1635,1814
1635,1817
1635,1818
1635,1836
1635,1844
1635,1848
1637,1675
1637,1678
1637,1683
1637,1686
1637,1689
1637,1692
1637,1706
1637,1714
1637,1720
1637,1803
1637,1806
1637,1811
1637,1814
1637,1817
1637,1820
1637,1834
1637,1842
1637,1848
1638,1675
1638,1677
1638,1683
1638,1685
1638,1690
1638,1692
1638,1705
1638,1713
1638,1720
1638,1803
1638,1805
1638,1811
1638,1813
1638,1818
1638,1820
1638,1833
1638,1841
1638,1848
1641,1671
1641,1678
1641,1683
1641,1685
1641,1690
1641,1692
1641,1702
1641,1714
1641,1716
1641,1799
1641,1806
1641,1811
1641,1813
1641,1818
1641,1820
1641,1830
1641,1842
1641,1844
1642,1671
1642,1677
1642,1683
1642,1686
1642,1689
1642,1692
1642,1701
1642,1713
1642,1716
1642,1799
1642,1805
1642,1811
1642,1814
1642,1817
1642,1820
1642,1829
1642,1841
1642,1844
1644,1671
1644,1675
1644,1685
1644,1686
1644,1689
1644,1690
1644,1699
1644,1713
1644,1714
1644,1799
1644,1803
1644,1813
1644,1814
1644,1817
1644,1818
1644,1827
1644,1841
1644,1842
1649,1671
1649,1675
1649,1677
1649,1686
1649,1690
1649,1692
1649,1702
1649,1706
1649,1708
1649,1799
1649,1803
1649,1805
1649,1814
1649,1818
1649,1820
1649,1830
1649,1834
1649,1836
1650,1671
1650,1675
1650,1678
1650,1685
1650,1689
1650,1692
1650,1701
1650,1705
1650,1708
1650,1799
1650,1803
1650,1806
1650,1813
1650,1817
1650,1820
1650,1829
1650,1833
1650,1836
1652,1671
1652,1677
1652,1678
1652,1683
1652,1689
1652,1690
1652,1699
1652,1705
1652,1706
1652,1799
1652,1805
1652,1806
1652,1811
1652,1817
1652,1818
1652,1827
1652,1833
1652,1834
1656,1675
1656,1677
1656,1678
1656,1683
1656,1685
1656,1686
1656,1699
1656,1701
1656,1702
1656,1803
1656,1805
1656,1806
1656,1811
1656,1813
1656,1814
1656,1827
1656,1829
1656,1830
1671,1720
1671,1817
1671,1818
1671,1820
1671,1833
1671,1834
1671,1836
1671,1841
1671,1842
1671,1844
1675,1716
1675,1813
1675,1814
1675,1820
1675,1829
1675,1830
1675,1836
1675,1841
1675,1842
1675,1848
1677,1714
1677,1811
1677,1814
1677,1818
1677,1827
1677,1830
1677,1834
1677,1841
1677,1844
1677,1848
1678,1713
1678,1811
1678,1813
1678,1817
1678,1827
1678,1829
1678,1833
1678,1842
1678,1844
1678,1848
1683,1708
1683,1805
1683,1806
1683,1820
1683,1829
1683,1830
1683,1833
1683,1834
1683,1844
1683,1848
1685,1706
1685,1803
1685,1806
1685,1818
1685,1827
1685,1830
1685,1833
1685,1836
1685,1842
1685,1848
1686,1705
1686,1803
1686,1805
1686,1817
1686,1827
1686,1829
1686,1834
1686,1836
1686,1841
1686,1848
1689,1702
1689,1799
1689,1806
1689,1814
1689,1827
1689,1829
1689,1834
1689,1836
1689,1842
1689,1844
1690,1701
1690,1799
1690,1805
1690,1813
1690,1827
1690,1830
1690,1833
1690,1836
1690,1841
1690,1844
1692,1699
1692,1799
1692,1803
1692,1811
1692,1829
1692,1830
1692,1833
1692,1834
1692,1841
1692,1842
1699,1805
1699,1806
1699,1813
1699,1814
1699,1817
1699,1818
1699,1836
1699,1844
1699,1848
1701,1803
1701,1806
1701,1811
1701,1814
1701,1817
1701,1820
1701,1834
1701,1842
1701,1848
1702,1803
1702,1805
1702,1811
1702,1813
1702,1818
1702,1820
1702,1833
1702,1841
1702,1848
1705,1799
1705,1806
1705,1811
1705,1813
1705,1818
1705,1820
1705,1830
1705,1842
1705,1844
1706,1799
1706,1805
1706,1811
1706,1814
1706,1817
1706,1820
1706,1829
1706,1841
1706,1844
1708,1799
1708,1803
1708,1813
1708,1814
1708,1817
1708,1818
1708,1827
1708,1841
1708,1842
1713,1799
1713,1803
1713,1805
1713,1814
1713,1818
1713,1820
1713,1830
1713,1834
1713,1836
1714,1799
1714,1803
1714,1806
1714,1813
1714,1817
1714,1820
1714,1829
1714,1833
1714,1836
1716,1799
1716,1805
1716,1806
1716,1811
1716,1817
1716,1818
1716,1827
1716,1833
1716,1834
1720,1803
1720,1805
1720,1806
1720,1811
1720,1813
1720,1814
1720,1827
1720,1829
1720,1830
1799,1848
1803,1844
1805,1842
1806,1841
1811,1836
1813,1834
1814,1833
1817,1830
1818,1829
1820,1827
