left,right
000,03f
000,05f
000,06f
000,077
000,07b
000,07d
000,07e
000,09f
000,0af
000,0bb
000,0cf
000,0d7
000,0db
000,0dd
000,0de
000,0e7
000,0eb
000,0ed
000,0ee
000,0f3
000,0f9
000,0fa
000,11f
000,14f
000,157
000,15b
000,15d
000,15e
000,16d
000,16e
000,179
000,17a
000,18f
000,19b
000,1c7
000,1cb
000,1cd
000,1ce
000,1d3
000,1d9
000,1da
000,1e9
000,1ea
000,21f
000,22f
000,237
000,24f
000,257
000,25b
000,25d
000,25e
000,267
000,26b
000,26d
000,26e
000,273
000,275
000,276
000,28f
000,297
000,29b
000,29d
000,29e
000,2a7
000,2ab
000,2ad
000,2ae
000,2b3
000,2c7
000,2cb
000,2cd
000,2ce
000,2d3
000,2d5
000,2d6
000,2d9
000,2da
000,2dc
000,2e3
000,2e5
000,2e6
000,2e9
000,2ea
000,2ec
000,2f1
000,2f2
000,317
000,31b
000,347
000,34b
000,353
000,355
000,356
000,359
000,35a
000,365
000,366
000,369
000,36a
000,371
000,372
000,387
000,38b
000,393
000,399
000,39a
000,3a9
000,3aa
000,41f
000,44f
000,457
000,45b
000,45d
000,45e
000,46d
000,46e
000,475
000,476
000,48f
000,497
000,49b
000,49d
000,49e
000,4ad
000,4ae
000,4c7
000,4cb
000,4cd
000,4ce
000,4d3
000,4d5
000,4d6
000,4d9
000,4da
000,4dc
000,4e5
000,4e6
000,4e9
000,4ea
000,4ec
000,4f1
000,4f2
000,555
000,556
000,559
000,55a
000,599
000,59a
000,617
000,647
000,64b
000,653
000,655
000,656
000,665
000,666
000,687
000,68b
000,693
000,695
000,696
000,6a5
000,6a6
005,05a
005,06a
005,072
005,07b
005,07e
005,09a
005,0aa
005,0bb
005,0ca
005,0d2
005,0d8
005,0db
005,0de
005,0e2
005,0e8
005,0eb
005,0ee
005,0f3
005,0f9
005,11a
005,14a
005,152
005,158
005,15b
005,15e
005,168
005,16e
005,179
005,18a
005,19b
005,1cb
005,1ce
005,1d3
005,1d9
005,1e9
005,24a
005,252
005,25b
005,25e
005,262
005,26b
005,26e
005,273
005,276
005,28a
005,292
005,29b
005,29e
005,2a2
005,2ab
005,2ae
005,2b3
005,2cb
005,2ce
005,2d3
005,2d6
005,2d9
005,2dc
005,2e3
005,2e6
005,2e9
005,2ec
005,2f1
005,312
005,31b
005,34b
005,353
005,356
005,359
005,366
005,369
005,371
005,38b
005,393
005,399
005,3a9
005,44a
005,452
005,45b
005,45e
005,46e
005,476
005,48a
005,492
005,49b
005,49e
005,4ae
005,4cb
005,4ce
005,4d3
005,4d6
005,4d9
005,4dc
005,4e6
005,4e9
005,4ec
005,4f1
005,556
005,559
005,599
005,64b
005,653
005,656
005,666
005,68b
005,693
005,696
005,6a6
006,059
006,069
006,071
006,07b
006,07d
006,099
006,0a9
006,0bb
006,0c9
006,0d1
006,0d8
006,0db
006,0dd
006,0e1
006,0e8
006,0eb
006,0ed
006,0f3
006,0fa
006,119
006,149
006,151
006,158
006,15b
006,15d
006,168
006,16d
006,17a
006,189
006,19b
006,1cb
006,1cd
006,1d3
006,1da
006,1ea
006,249
006,251
006,25b
006,25d
006,261
006,26b
006,26d
006,273
006,275
006,289
006,291
006,29b
006,29d
006,2a1
006,2ab
006,2ad
006,2b3
006,2cb
006,2cd
006,2d3
006,2d5
006,2da
006,2dc
006,2e3
006,2e5
006,2ea
006,2ec
006,2f2
006,311
006,31b
006,34b
006,353
006,355
006,35a
006,365
006,36a
006,372
006,38b
006,393
006,39a
006,3aa
006,449
006,451
006,45b
006,45d
006,46d
006,475
006,489
006,491
006,49b
006,49d
006,4ad
006,4cb
006,4cd
006,4d3
006,4d5
006,4da
006,4dc
006,4e5
006,4ea
006,4ec
006,4f2
006,555
006,55a
006,59a
006,64b
006,653
006,655
006,665
006,68b
006,693
006,695
006,6a5
009,056
009,066
009,072
009,077
009,07e
009,0c6
009,0d2
009,0d7
009,0de
009,0e2
009,0e7
009,0ee
009,0f3
009,0fa
009,146
009,152
009,157
009,15e
009,16e
009,17a
009,1c7
009,1ce
009,1d3
009,1da
009,1ea
009,216
009,226
009,237
009,246
009,252
009,254
009,257
009,25e
009,262
009,264
009,267
009,26e
009,273
009,275
009,286
009,292
009,297
009,29e
009,2a2
009,2a7
009,2ae
009,2b3
009,2c7
009,2ce
009,2d3
009,2d5
009,2da
009,2dc
009,2e3
009,2e5
009,2ea
009,2ec
009,2f1
009,312
009,317
009,347
009,353
009,355
009,35a
009,365
009,36a
009,371
009,387
009,393
009,39a
009,3aa
009,416
009,446
009,452
009,454
009,457
009,45e
009,464
009,46e
009,475
009,486
009,492
009,497
009,49e
009,4ae
009,4c7
009,4ce
009,4d3
009,4d5
009,4da
009,4dc
009,4e5
009,4ea
009,4ec
009,4f1
009,555
009,55a
009,59a
009,617
009,647
009,653
009,655
009,665
009,687
009,693
009,695
009,6a5
00a,055
00a,065
00a,071
00a,077
00a,07d
00a,0c5
00a,0d1
00a,0d7
00a,0dd
00a,0e1
00a,0e7
00a,0ed
00a,0f3
00a,0f9
00a,145
00a,151
00a,157
00a,15d
00a,16d
00a,179
00a,1c7
00a,1cd
00a,1d3
00a,1d9
00a,1e9
00a,215
00a,225
00a,237
00a,245
00a,251
00a,254
00a,257
00a,25d
00a,261
00a,264
00a,267
00a,26d
00a,273
00a,276
00a,285
00a,291
00a,297
00a,29d
00a,2a1
00a,2a7
00a,2ad
00a,2b3
00a,2c7
00a,2cd
00a,2d3
00a,2d6
00a,2d9
00a,2dc
00a,2e3
00a,2e6
00a,2e9
00a,2ec
00a,2f2
00a,311
00a,317
00a,347
00a,353
00a,356
00a,359
00a,366
00a,369
00a,372
00a,387
00a,393
00a,399
00a,3a9
00a,415
00a,445
00a,451
00a,454
00a,457
00a,45d
00a,464
00a,46d
00a,476
00a,485
00a,491
00a,497
00a,49d
00a,4ad
00a,4c7
00a,4cd
00a,4d3
00a,4d6
00a,4d9
00a,4dc
00a,4e6
00a,4e9
00a,4ec
00a,4f2
00a,556
00a,559
00a,599
00a,617
00a,647
00a,653
00a,656
00a,666
00a,687
00a,693
00a,696
00a,6a6
00f,050
00f,060
00f,071
00f,072
00f,0d1
00f,0d2
00f,0d8
00f,0e1
00f,0e2
00f,0e8
00f,0f3
00f,0f9
00f,0fa
00f,151
00f,152
00f,158
00f,168
00f,179
00f,17a
00f,1d3
00f,1d9
00f,1da
00f,1e9
00f,1ea
00f,251
00f,252
00f,254
00f,261
00f,262
00f,264
00f,273
00f,275
00f,276
00f,291
00f,292
00f,2a1
00f,2a2
00f,2b3
00f,2d3
00f,2d5
00f,2d6
00f,2d9
00f,2da
00f,2dc
00f,2e3
00f,2e5
00f,2e6
00f,2e9
00f,2ea
00f,2ec
00f,311
00f,312
00f,353
00f,355
00f,356
00f,359
00f,35a
00f,365
00f,366
00f,369
00f,36a
00f,393
00f,399
00f,39a
00f,3a9
00f,3aa
00f,451
00f,452
00f,454
00f,464
00f,475
00f,476
00f,491
00f,492
00f,4d3
00f,4d5
00f,4d6
00f,4d9
00f,4da
00f,4dc
00f,4e5
00f,4e6
00f,4e9
00f,4ea
00f,4ec
00f,555
00f,556
00f,559
00f,55a
00f,599
00f,59a
00f,653
00f,655
00f,656
00f,665
00f,666
00f,693
00f,695
00f,696
00f,6a5
00f,6a6
011,02e
011,04e
011,066
011,06a
011,06c
011,06f
011,07e
011,08e
011,0aa
011,0af
011,0c6
011,0ca
011,0cc
011,0cf
011,0de
011,0e2
011,0e7
011,0e8
011,0eb
011,0ed
011,0fa
011,146
011,14a
011,14f
011,15e
011,168
011,16d
011,17a
011,18a
011,18f
011,1c7
011,1cb
011,1cd
011,1da
011,1e9
011,226
011,22f
011,246
011,24a
011,24f
011,25e
011,262
011,264
011,267
011,26b
011,26d
011,276
011,286
011,28a
011,28f
011,29e
011,2a2
011,2a7
011,2ab
011,2ad
011,2c7
011,2cb
011,2cd
011,2d6
011,2da
011,2dc
011,2e3
011,2e5
011,2e9
011,2f2
011,347
011,34b
011,356
011,35a
011,365
011,369
011,372
011,387
011,38b
011,39a
011,3a9
011,446
011,44a
011,44f
011,45e
011,464
011,46d
011,476
011,486
011,48a
011,48f
011,49e
011,4ad
011,4c7
011,4cb
011,4cd
011,4d6
011,4da
011,4dc
011,4e5
011,4e9
011,4f2
011,556
011,55a
011,59a
011,647
011,64b
011,656
011,665
011,687
011,68b
011,696
011,6a5
012,02d
012,04d
012,065
012,069
012,06c
012,06f
012,07d
012,08d
012,0a9
012,0af
012,0c5
012,0c9
012,0cc
012,0cf
012,0dd
012,0e1
012,0e7
012,0e8
012,0eb
012,0ee
012,0f9
012,145
012,149
012,14f
012,15d
012,168
012,16e
012,179
012,189
012,18f
012,1c7
012,1cb
012,1ce
012,1d9
012,1ea
012,225
012,22f
012,245
012,249
012,24f
012,25d
012,261
012,264
012,267
012,26b
012,26e
012,275
012,285
012,289
012,28f
012,29d
012,2a1
012,2a7
012,2ab
012,2ae
012,2c7
012,2cb
012,2ce
012,2d5
012,2d9
012,2dc
012,2e3
012,2e6
012,2ea
012,2f1
012,347
012,34b
012,355
012,359
012,366
012,36a
012,371
012,387
012,38b
012,399
012,3aa
012,445
012,449
012,44f
012,45d
012,464
012,46e
012,475
012,485
012,489
012,48f
012,49d
012,4ae
012,4c7
012,4cb
012,4ce
012,4d5
012,4d9
012,4dc
012,4e6
012,4ea
012,4f1
012,555
012,559
012,599
012,647
012,64b
012,655
012,666
012,687
012,68b
012,695
012,6a6
017,048
017,060
017,069
017,06a
017,06c
017,088
017,0a9
017,0aa
017,0c9
017,0ca
017,0cc
017,0d8
017,0e1
017,0e2
017,0eb
017,0ed
017,0ee
017,0f9
017,0fa
017,149
017,14a
017,158
017,16d
017,16e
017,179
017,17a
017,189
017,18a
017,1cb
017,1cd
017,1ce
017,1d9
017,1da
017,249
017,24a
017,261
017,262
017,264
017,26b
017,26d
017,26e
017,289
017,28a
017,2a1
017,2a2
017,2ab
017,2ad
017,2ae
017,2cb
017,2cd
017,2ce
017,2d9
017,2da
017,2dc
017,2e3
017,2e5
017,2e6
017,2f1
017,2f2
017,34b
017,359
017,35a
017,365
017,366
017,371
017,372
017,38b
017,399
017,39a
017,449
017,44a
017,464
017,46d
017,46e
017,489
017,48a
017,4ad
017,4ae
017,4cb
017,4cd
017,4ce
017,4d9
017,4da
017,4dc
017,4e5
017,4e6
017,4f1
017,4f2
017,559
017,55a
017,599
017,59a
017,64b
017,665
017,666
017,68b
017,6a5
017,6a6
01b,044
01b,060
01b,065
01b,066
01b,06c
01b,0c5
01b,0c6
01b,0cc
01b,0e1
01b,0e2
01b,0e7
01b,0e8
01b,0ed
01b,0ee
01b,145
01b,146
01b,168
01b,16d
01b,16e
01b,1c7
01b,1cd
01b,1ce
01b,1e9
01b,1ea
01b,225
01b,226
01b,245
01b,246
01b,254
01b,261
01b,262
01b,267
01b,26d
01b,26e
01b,275
01b,276
01b,285
01b,286
01b,2a1
01b,2a2
01b,2a7
01b,2ad
01b,2ae
01b,2c7
01b,2cd
01b,2ce
01b,2d5
01b,2d6
01b,2dc
01b,2e3
01b,2e9
01b,2ea
01b,2f1
01b,2f2
01b,347
01b,355
01b,356
01b,369
01b,36a
01b,371
01b,372
01b,387
01b,3a9
01b,3aa
01b,445
01b,446
01b,454
01b,46d
01b,46e
01b,475
01b,476
01b,485
01b,486
01b,4ad
01b,4ae
01b,4c7
01b,4cd
01b,4ce
01b,4d5
01b,4d6
01b,4dc
01b,4e9
01b,4ea
01b,4f1
01b,4f2
01b,555
01b,556
01b,647
01b,655
01b,656
01b,687
01b,695
01b,696
01d,042
01d,060
01d,066
01d,06a
01d,072
01d,082
01d,0aa
01d,0c3
01d,0c6
01d,0ca
01d,0d2
01d,0e1
01d,0e7
01d,0e8
01d,0eb
01d,0ee
01d,0f3
01d,0fa
01d,146
01d,14a
01d,152
01d,168
01d,16e
01d,17a
01d,18a
01d,1c7
01d,1cb
01d,1ce
01d,1d3
01d,1da
01d,1e9
01d,202
01d,226
01d,243
01d,246
01d,24a
01d,252
01d,261
01d,264
01d,267
01d,26b
01d,26e
01d,273
01d,276
01d,283
01d,286
01d,28a
01d,292
01d,2a1
01d,2a7
01d,2ab
01d,2ae
01d,2b3
01d,2c7
01d,2cb
01d,2ce
01d,2d3
01d,2d6
01d,2da
01d,2e5
01d,2e9
01d,2ec
01d,2f1
01d,312
01d,347
01d,34b
01d,353
01d,356
01d,35a
01d,365
01d,369
01d,371
01d,387
01d,38b
01d,393
01d,39a
01d,3a9
01d,446
01d,44a
01d,452
01d,464
01d,46e
01d,476
01d,486
01d,48a
01d,492
01d,4ae
01d,4c7
01d,4cb
01d,4ce
01d,4d3
01d,4d6
01d,4da
01d,4e5
01d,4e9
01d,4ec
01d,4f1
01d,556
01d,55a
01d,59a
01d,647
01d,64b
01d,653
01d,656
01d,665
01d,687
01d,68b
01d,693
01d,696
01d,6a5
01e,041
01e,060
01e,065
01e,069
01e,071
01e,081
01e,0a9
01e,0c3
01e,0c5
01e,0c9
01e,0d1
01e,0e2
01e,0e7
01e,0e8
01e,0eb
01e,0ed
01e,0f3
01e,0f9
01e,145
01e,149
01e,151
01e,168
01e,16d
01e,179
01e,189
01e,1c7
01e,1cb
01e,1cd
01e,1d3
01e,1d9
01e,1ea
01e,201
01e,225
01e,243
01e,245
01e,249
01e,251
01e,262
01e,264
01e,267
01e,26b
01e,26d
01e,273
01e,275
01e,283
01e,285
01e,289
01e,291
01e,2a2
01e,2a7
01e,2ab
01e,2ad
01e,2b3
01e,2c7
01e,2cb
01e,2cd
01e,2d3
01e,2d5
01e,2d9
01e,2e6
01e,2ea
01e,2ec
01e,2f2
01e,311
01e,347
01e,34b
01e,353
01e,355
01e,359
01e,366
01e,36a
01e,372
01e,387
01e,38b
01e,393
01e,399
01e,3aa
01e,445
01e,449
01e,451
01e,464
01e,46d
01e,475
01e,485
01e,489
01e,491
01e,4ad
01e,4c7
01e,4cb
01e,4cd
01e,4d3
01e,4d5
01e,4d9
01e,4e6
01e,4ea
01e,4ec
01e,4f2
01e,555
01e,559
01e,599
01e,647
01e,64b
01e,653
01e,655
01e,666
01e,687
01e,68b
01e,693
01e,695
01e,6a6
02d,042
02d,050
02d,053
02d,056
02d,05a
02d,072
02d,082
02d,093
02d,09a
02d,0c3
02d,0c6
02d,0ca
02d,0d1
02d,0d7
02d,0d8
02d,0db
02d,0de
02d,0e2
02d,0f3
02d,0fa
02d,11a
02d,146
02d,14a
02d,151
02d,157
02d,158
02d,15b
02d,15e
02d,17a
02d,18a
02d,19b
02d,1c7
02d,1cb
02d,1ce
02d,1d9
02d,1ea
02d,202
02d,213
02d,216
02d,243
02d,246
02d,24a
02d,251
02d,254
02d,257
02d,25b
02d,25e
02d,262
02d,273
02d,276
02d,283
02d,286
02d,28a
02d,291
02d,297
02d,29b
02d,29e
02d,2a2
02d,2b3
02d,2c7
02d,2cb
02d,2ce
02d,2d5
02d,2d9
02d,2dc
02d,2e3
02d,2e6
02d,2ea
02d,2f1
02d,311
02d,317
02d,31b
02d,347
02d,34b
02d,355
02d,359
02d,366
02d,36a
02d,371
02d,387
02d,38b
02d,399
02d,3aa
02d,416
02d,446
02d,44a
02d,451
02d,454
02d,457
02d,45b
02d,45e
02d,476
02d,486
02d,48a
02d,491
02d,497
02d,49b
02d,49e
02d,4c7
02d,4cb
02d,4ce
02d,4d5
02d,4d9
02d,4dc
02d,4e6
02d,4ea
02d,4f1
02d,555
02d,559
02d,599
02d,617
02d,647
02d,64b
02d,655
02d,666
02d,687
02d,68b
02d,695
02d,6a6
02e,041
02e,050
02e,053
02e,055
02e,059
02e,071
02e,081
02e,093
02e,099
02e,0c3
02e,0c5
02e,0c9
02e,0d2
02e,0d7
02e,0d8
02e,0db
02e,0dd
02e,0e1
02e,0f3
02e,0f9
02e,119
02e,145
02e,149
02e,152
02e,157
02e,158
02e,15b
02e,15d
02e,179
02e,189
02e,19b
02e,1c7
02e,1cb
02e,1cd
02e,1da
02e,1e9
02e,201
02e,213
02e,215
02e,243
02e,245
02e,249
02e,252
02e,254
02e,257
02e,25b
02e,25d
02e,261
02e,273
02e,275
02e,283
02e,285
02e,289
02e,292
02e,297
02e,29b
02e,29d
02e,2a1
02e,2b3
02e,2c7
02e,2cb
02e,2cd
02e,2d6
02e,2da
02e,2dc
02e,2e3
02e,2e5
02e,2e9
02e,2f2
02e,312
02e,317
02e,31b
02e,347
02e,34b
02e,356
02e,35a
02e,365
02e,369
02e,372
02e,387
02e,38b
02e,39a
02e,3a9
02e,415
02e,445
02e,449
02e,452
02e,454
02e,457
02e,45b
02e,45d
02e,475
02e,485
02e,489
02e,492
02e,497
02e,49b
02e,49d
02e,4c7
02e,4cb
02e,4cd
02e,4d6
02e,4da
02e,4dc
02e,4e5
02e,4e9
02e,4f2
02e,556
02e,55a
02e,59a
02e,617
02e,647
02e,64b
02e,656
02e,665
02e,687
02e,68b
02e,696
02e,6a5
03f,041
03f,042
03f,044
03f,048
03f,050
03f,060
03f,081
03f,082
03f,088
03f,0c3
03f,0c5
03f,0c6
03f,0c9
03f,0ca
03f,0cc
03f,0d1
03f,0d2
03f,0d8
03f,0e1
03f,0e2
03f,0e8
03f,145
03f,146
03f,149
03f,14a
03f,151
03f,152
03f,158
03f,168
03f,189
03f,18a
03f,1c7
03f,1cb
03f,1cd
03f,1ce
03f,1d3
03f,1d9
03f,1da
03f,1e9
03f,1ea
03f,201
03f,202
03f,243
03f,245
03f,246
03f,249
03f,24a
03f,251
03f,252
03f,254
03f,261
03f,262
03f,264
03f,283
03f,285
03f,286
03f,289
03f,28a
03f,291
03f,292
03f,2a1
03f,2a2
03f,2c7
03f,2cb
03f,2cd
03f,2ce
03f,2d3
03f,2d5
03f,2d6
03f,2d9
03f,2da
03f,2dc
03f,2e3
03f,2e5
03f,2e6
03f,2e9
03f,2ea
03f,2ec
03f,2f1
03f,2f2
03f,311
03f,312
03f,347
03f,34b
03f,353
03f,355
03f,356
03f,359
03f,35a
03f,365
03f,366
03f,369
03f,36a
03f,371
03f,372
03f,387
03f,38b
03f,393
03f,399
03f,39a
03f,3a9
03f,3aa
03f,445
03f,446
03f,449
03f,44a
03f,451
03f,452
03f,454
03f,464
03f,485
03f,486
03f,489
03f,48a
03f,491
03f,492
03f,4c7
03f,4cb
03f,4cd
03f,4ce
03f,4d3
03f,4d5
03f,4d6
03f,4d9
03f,4da
03f,4dc
03f,4e5
03f,4e6
03f,4e9
03f,4ea
03f,4ec
03f,4f1
03f,4f2
03f,555
03f,556
03f,559
03f,55a
03f,599
03f,59a
03f,647
03f,64b
03f,653
03f,655
03f,656
03f,665
03f,666
03f,687
03f,68b
03f,693
03f,695
03f,696
03f,6a5
03f,6a6
041,07e
041,08e
041,09a
041,09f
041,0aa
041,0af
041,0bb
041,0de
041,0ee
041,0fa
041,11a
041,11f
041,15e
041,16e
041,17a
041,18a
041,18f
041,19b
041,1ce
041,1da
041,1ea
041,216
041,21f
041,226
041,22f
041,237
041,25e
041,26e
041,276
041,286
041,28a
041,28f
041,292
041,297
041,29b
041,29d
041,2a2
041,2a7
041,2ab
041,2ad
041,2b3
041,2ce
041,2d6
041,2da
041,2dc
041,2e6
041,2ea
041,2ec
041,2f2
041,312
041,317
041,31b
041,356
041,35a
041,366
041,36a
041,372
041,387
041,38b
041,393
041,399
041,3a9
041,416
041,41f
041,45e
041,46e
041,476
041,486
041,48a
041,48f
041,492
041,497
041,49b
041,49d
041,4ad
041,4ce
041,4d6
041,4da
041,4dc
041,4e6
041,4ea
041,4ec
041,4f2
041,556
041,55a
041,599
041,617
041,656
041,666
041,687
041,68b
041,693
041,695
041,6a5
042,07d
042,08d
042,099
042,09f
042,0a9
042,0af
042,0bb
042,0dd
042,0ed
042,0f9
042,119
042,11f
042,15d
042,16d
042,179
042,189
042,18f
042,19b
042,1cd
042,1d9
042,1e9
042,215
042,21f
042,225
042,22f
042,237
042,25d
042,26d
042,275
042,285
042,289
042,28f
042,291
042,297
042,29b
042,29e
042,2a1
042,2a7
042,2ab
042,2ae
042,2b3
042,2cd
042,2d5
042,2d9
042,2dc
042,2e5
042,2e9
042,2ec
042,2f1
042,311
042,317
042,31b
042,355
042,359
042,365
042,369
042,371
042,387
042,38b
042,393
042,39a
042,3aa
042,415
042,41f
042,45d
042,46d
042,475
042,485
042,489
042,48f
042,491
042,497
042,49b
042,49e
042,4ae
042,4cd
042,4d5
042,4d9
042,4dc
042,4e5
042,4e9
042,4ec
042,4f1
042,555
042,559
042,59a
042,617
042,655
042,665
042,687
042,68b
042,693
042,696
042,6a6
044,07b
044,08b
044,093
044,099
044,09a
044,09f
044,0a9
044,0aa
044,0af
044,0db
044,0eb
044,0f3
044,0f9
044,0fa
044,119
044,11a
044,11f
044,15b
044,179
044,17a
044,189
044,18a
044,18f
044,1cb
044,1d3
044,1d9
044,1da
044,1e9
044,1ea
044,20b
044,213
044,21f
044,22f
044,237
044,25b
044,26b
044,273
044,283
044,289
044,28a
044,28f
044,291
044,292
044,297
044,29d
044,29e
044,2a1
044,2a2
044,2a7
044,2ad
044,2ae
044,2cb
044,2d3
044,2d9
044,2da
044,2e3
044,2e9
044,2ea
044,2f1
044,2f2
044,311
044,312
044,317
044,34b
044,353
044,359
044,35a
044,369
044,36a
044,371
044,372
044,387
044,41f
044,45b
044,489
044,48a
044,48f
044,491
044,492
044,497
044,49d
044,49e
044,4ad
044,4ae
044,4cb
044,4d3
044,4d9
044,4da
044,4e9
044,4ea
044,4f1
044,4f2
044,559
044,55a
044,617
044,64b
044,653
044,687
044,695
044,696
044,6a5
044,6a6
047,088
047,099
047,09a
047,0a9
047,0aa
047,0bb
047,0d8
047,0e8
047,0f9
047,0fa
047,119
047,11a
047,158
047,168
047,179
047,17a
047,189
047,18a
047,19b
047,1d9
047,1da
047,1e9
047,1ea
047,289
047,28a
047,291
047,292
047,29b
047,29d
047,29e
047,2a1
047,2a2
047,2ab
047,2ad
047,2ae
047,2b3
047,2d9
047,2da
047,2dc
047,2e9
047,2ea
047,2ec
047,2f1
047,2f2
047,311
047,312
047,31b
047,359
047,35a
047,369
047,36a
047,371
047,372
047,38b
047,393
047,489
047,48a
047,491
047,492
047,49b
047,49d
047,49e
047,4ad
047,4ae
047,4d9
047,4da
047,4dc
047,4e9
047,4ea
047,4ec
047,4f1
047,4f2
047,559
047,55a
047,68b
047,693
047,695
047,696
047,6a5
047,6a6
048,077
048,087
048,093
048,09f
048,0af
048,0bb
048,0d7
048,0e7
048,0f3
048,11f
048,157
048,18f
048,19b
048,1c7
048,1d3
048,207
048,213
048,215
048,216
048,21f
048,225
048,226
048,22f
048,257
048,267
048,273
048,275
048,276
048,283
048,285
048,286
048,28f
048,291
048,292
048,29b
048,29d
048,29e
048,2a1
048,2a2
048,2ab
048,2ad
048,2ae
048,2c7
048,2d3
048,2d5
048,2d6
048,2e3
048,2e5
048,2e6
048,2f1
048,2f2
048,311
048,312
048,31b
048,347
048,353
048,355
048,356
048,365
048,366
048,371
048,372
048,38b
048,399
048,39a
048,3a9
048,3aa
048,415
048,416
048,41f
048,457
048,475
048,476
048,485
048,486
048,48f
048,491
048,492
048,49b
048,49d
048,49e
048,4ad
048,4ae
048,4c7
048,4d3
048,4d5
048,4d6
048,4e5
048,4e6
048,4f1
048,4f2
048,555
048,556
048,599
048,59a
048,647
048,653
048,655
048,656
048,665
048,666
048,68b
04b,215
04b,216
04b,225
04b,226
04b,237
04b,254
04b,264
04b,275
04b,276
04b,285
04b,286
04b,291
04b,292
04b,297
04b,29d
04b,29e
04b,2a1
04b,2a2
04b,2a7
04b,2ad
04b,2ae
04b,2b3
04b,2d5
04b,2d6
04b,2dc
04b,2e5
04b,2e6
04b,2ec
04b,2f1
04b,2f2
04b,311
04b,312
04b,317
04b,355
04b,356
04b,365
04b,366
04b,371
04b,372
04b,387
04b,393
04b,399
04b,39a
04b,3a9
04b,3aa
04b,415
04b,416
04b,454
04b,464
04b,475
04b,476
04b,485
04b,486
04b,491
04b,492
04b,497
04b,49d
04b,49e
04b,4ad
04b,4ae
04b,4d5
04b,4d6
04b,4dc
04b,4e5
04b,4e6
04b,4ec
04b,4f1
04b,4f2
04b,555
04b,556
04b,599
04b,59a
04b,617
04b,655
04b,656
04b,665
04b,666
04b,687
04b,693
04d,072
04d,082
04d,093
04d,09a
04d,0aa
04d,0bb
04d,0d2
04d,0e2
04d,0f3
04d,0fa
04d,11a
04d,152
04d,17a
04d,18a
04d,19b
04d,1d3
04d,1da
04d,1ea
04d,202
04d,213
04d,216
04d,226
04d,237
04d,252
04d,262
04d,273
04d,276
04d,283
04d,286
04d,28a
04d,291
04d,297
04d,29b
04d,29e
04d,2a1
04d,2a7
04d,2ab
04d,2ae
04d,2d3
04d,2d6
04d,2da
04d,2e3
04d,2e6
04d,2ea
04d,2f1
04d,311
04d,317
04d,31b
04d,353
04d,356
04d,35a
04d,366
04d,36a
04d,371
04d,387
04d,38b
04d,399
04d,3a9
04d,416
04d,452
04d,476
04d,486
04d,48a
04d,491
04d,497
04d,49b
04d,49e
04d,4ae
04d,4d3
04d,4d6
04d,4da
04d,4e6
04d,4ea
04d,4f1
04d,556
04d,55a
04d,599
04d,617
04d,653
04d,656
04d,666
04d,687
04d,68b
04d,695
04d,6a5
04e,071
04e,081
04e,093
04e,099
04e,0a9
04e,0bb
04e,0d1
04e,0e1
04e,0f3
04e,0f9
04e,119
04e,151
04e,179
04e,189
04e,19b
04e,1d3
04e,1d9
04e,1e9
04e,201
04e,213
04e,215
04e,225
04e,237
04e,251
04e,261
04e,273
04e,275
04e,283
04e,285
04e,289
04e,292
04e,297
04e,29b
04e,29d
04e,2a2
04e,2a7
04e,2ab
04e,2ad
04e,2d3
04e,2d5
04e,2d9
04e,2e3
04e,2e5
04e,2e9
04e,2f2
04e,312
04e,317
04e,31b
04e,353
04e,355
04e,359
04e,365
04e,369
04e,372
04e,387
04e,38b
04e,39a
04e,3aa
04e,415
04e,451
04e,475
04e,485
04e,489
04e,492
04e,497
04e,49b
04e,49d
04e,4ad
04e,4d3
04e,4d5
04e,4d9
04e,4e5
04e,4e9
04e,4f2
04e,555
04e,559
04e,59a
04e,617
04e,653
04e,655
04e,665
04e,687
04e,68b
04e,696
04e,6a6
050,06f
050,087
050,08b
050,08d
050,08e
050,09f
050,0a9
050,0aa
050,0bb
050,0cf
050,0e7
050,0eb
050,0ed
050,0ee
050,11f
050,14f
050,16d
050,16e
050,189
050,18a
050,19b
050,1c7
050,1cb
050,1cd
050,1ce
050,1e9
050,1ea
050,207
050,20b
050,21f
050,225
050,226
050,237
050,24f
050,267
050,26b
050,26d
050,26e
050,283
050,285
050,286
050,289
050,28a
050,297
050,29b
050,29d
050,29e
050,2a1
050,2a2
050,2b3
050,2c7
050,2cb
050,2cd
050,2ce
050,2e3
050,2e5
050,2e6
050,2e9
050,2ea
050,2ec
050,317
050,31b
050,347
050,34b
050,365
050,366
050,369
050,36a
050,393
050,399
050,39a
050,41f
050,44f
050,46d
050,46e
050,485
050,486
050,489
050,48a
050,497
050,49b
050,49d
050,49e
050,4c7
050,4cb
050,4cd
050,4ce
050,4e5
050,4e6
050,4e9
050,4ea
050,4ec
050,599
050,59a
050,617
050,647
050,64b
050,665
050,666
050,693
050,695
050,696
053,06c
053,088
053,08d
053,08e
053,0a9
053,0aa
053,0af
053,0cc
053,0e8
053,0ed
053,0ee
053,168
053,16d
053,16e
053,189
053,18a
053,18f
053,1cd
053,1ce
053,1e9
053,1ea
053,225
053,226
053,22f
053,264
053,26d
053,26e
053,285
053,286
053,289
053,28a
053,28f
053,29d
053,29e
053,2a1
053,2a2
053,2a7
053,2ab
053,2cd
053,2ce
053,2dc
053,2e5
053,2e6
053,2e9
053,2ea
053,365
053,366
053,369
053,36a
053,387
053,38b
053,399
053,39a
053,464
053,46d
053,46e
053,485
053,486
053,489
053,48a
053,48f
053,49d
053,49e
053,4cd
053,4ce
053,4dc
053,4e5
053,4e6
053,4e9
053,4ea
053,599
053,59a
053,665
053,666
053,687
053,68b
053,695
053,696
055,06a
055,082
055,088
055,08b
055,08e
055,09a
055,0a9
055,0af
055,0bb
055,0ca
055,0e2
055,0e8
055,0eb
055,0ee
055,0fa
055,11a
055,14a
055,168
055,16e
055,17a
055,189
055,18f
055,19b
055,1cb
055,1ce
055,1da
055,1e9
055,202
055,20b
055,226
055,22f
055,24a
055,262
055,26b
055,26e
055,283
055,286
055,289
055,28f
055,292
055,29b
055,29e
055,2a1
055,2a7
055,2ad
055,2b3
055,2cb
055,2ce
055,2da
055,2e3
055,2e6
055,2e9
055,2ec
055,2f2
055,312
055,31b
055,34b
055,35a
055,366
055,369
055,372
055,387
055,393
055,399
055,44a
055,46e
055,486
055,489
055,48f
055,492
055,49b
055,49e
055,4ad
055,4cb
055,4ce
055,4da
055,4e6
055,4e9
055,4ec
055,4f2
055,55a
055,599
055,64b
055,666
055,687
055,693
055,696
055,6a5
056,069
056,081
056,088
056,08b
056,08d
056,099
056,0aa
056,0af
056,0bb
056,0c9
056,0e1
056,0e8
056,0eb
056,0ed
056,0f9
056,119
056,149
056,168
056,16d
056,179
056,18a
056,18f
056,19b
056,1cb
056,1cd
056,1d9
056,1ea
056,201
056,20b
056,225
056,22f
056,249
056,261
056,26b
056,26d
056,283
056,285
056,28a
056,28f
056,291
056,29b
056,29d
056,2a2
056,2a7
056,2ae
056,2b3
056,2cb
056,2cd
056,2d9
056,2e3
056,2e5
056,2ea
056,2ec
056,2f1
056,311
056,31b
056,34b
056,359
056,365
056,36a
056,371
056,387
056,393
056,39a
056,449
056,46d
056,485
056,48a
056,48f
056,491
056,49b
056,49d
056,4ae
056,4cb
056,4cd
056,4d9
056,4e5
056,4ea
056,4ec
056,4f1
056,559
056,59a
056,64b
056,665
056,687
056,693
056,695
056,6a6
059,066
059,082
059,087
059,08e
059,0aa
059,0af
059,0c6
059,0e2
059,0e7
059,0ee
059,146
059,16e
059,18a
059,18f
059,1c7
059,1ce
059,1ea
059,202
059,207
059,216
059,225
059,22f
059,237
059,246
059,262
059,264
059,267
059,26e
059,276
059,283
059,285
059,28a
059,28f
059,292
059,297
059,29e
059,2a1
059,2ab
059,2ad
059,2b3
059,2c7
059,2ce
059,2d6
059,2e3
059,2e5
059,2ea
059,2ec
059,2f2
059,312
059,317
059,347
059,356
059,365
059,36a
059,372
059,38b
059,393
059,39a
059,3a9
059,416
059,446
059,464
059,46e
059,476
059,485
059,48a
059,48f
059,492
059,497
059,49e
059,4ad
059,4c7
059,4ce
059,4d6
059,4e5
059,4ea
059,4ec
059,4f2
059,556
059,59a
059,617
059,647
059,656
059,665
059,68b
059,693
059,695
05a,065
05a,081
05a,087
05a,08d
05a,0a9
05a,0af
05a,0c5
05a,0e1
05a,0e7
05a,0ed
05a,145
05a,16d
05a,189
05a,18f
05a,1c7
05a,1cd
05a,1e9
05a,201
05a,207
05a,215
05a,226
05a,22f
05a,237
05a,245
05a,261
05a,264
05a,267
05a,26d
05a,275
05a,283
05a,286
05a,289
05a,28f
05a,291
05a,297
05a,29d
05a,2a2
05a,2ab
05a,2ae
05a,2b3
05a,2c7
05a,2cd
05a,2d5
05a,2e3
05a,2e6
05a,2e9
05a,2ec
05a,2f1
05a,311
05a,317
05a,347
05a,355
05a,366
05a,369
05a,371
05a,38b
05a,393
05a,399
05a,3aa
05a,415
05a,445
05a,464
05a,46d
05a,475
05a,486
05a,489
05a,48f
05a,491
05a,497
05a,49d
05a,4ae
05a,4c7
05a,4cd
05a,4d5
05a,4e6
05a,4e9
05a,4ec
05a,4f1
05a,555
05a,599
05a,617
05a,647
05a,655
05a,666
05a,68b
05a,693
05a,696
05c,081
05c,082
05c,087
05c,08b
05c,093
05c,0a9
05c,0aa
05c,0af
05c,0bb
05c,0c3
05c,0e1
05c,0e2
05c,0e7
05c,0eb
05c,0f3
05c,189
05c,18a
05c,18f
05c,19b
05c,1c7
05c,1cb
05c,1d3
05c,1e9
05c,1ea
05c,201
05c,202
05c,207
05c,20b
05c,213
05c,225
05c,226
05c,22f
05c,237
05c,243
05c,261
05c,262
05c,267
05c,26b
05c,273
05c,285
05c,286
05c,289
05c,28a
05c,28f
05c,291
05c,292
05c,297
05c,29b
05c,2ad
05c,2ae
05c,2c7
05c,2cb
05c,2d3
05c,2e5
05c,2e6
05c,2e9
05c,2ea
05c,2f1
05c,2f2
05c,311
05c,312
05c,317
05c,31b
05c,347
05c,34b
05c,353
05c,365
05c,366
05c,369
05c,36a
05c,371
05c,372
05c,399
05c,39a
05c,485
05c,486
05c,489
05c,48a
05c,48f
05c,491
05c,492
05c,497
05c,49b
05c,4ad
05c,4ae
05c,4c7
05c,4cb
05c,4d3
05c,4e5
05c,4e6
05c,4e9
05c,4ea
05c,4f1
05c,4f2
05c,599
05c,59a
05c,617
05c,647
05c,64b
05c,653
05c,665
05c,666
05c,695
05c,696
05f,060
05f,081
05f,082
05f,088
05f,0a9
05f,0aa
05f,0e1
05f,0e2
05f,0e8
05f,168
05f,189
05f,18a
05f,1e9
05f,1ea
05f,201
05f,202
05f,225
05f,226
05f,261
05f,262
05f,264
05f,283
05f,285
05f,286
05f,289
05f,28a
05f,291
05f,292
05f,2a7
05f,2ab
05f,2ad
05f,2ae
05f,2b3
05f,2e3
05f,2e5
05f,2e6
05f,2e9
05f,2ea
05f,2ec
05f,2f1
05f,2f2
05f,311
05f,312
05f,365
05f,366
05f,369
05f,36a
05f,371
05f,372
05f,387
05f,38b
05f,393
05f,399
05f,39a
05f,464
05f,485
05f,486
05f,489
05f,48a
05f,491
05f,492
05f,4ad
05f,4ae
05f,4e5
05f,4e6
05f,4e9
05f,4ea
05f,4ec
05f,4f1
05f,4f2
05f,599
05f,59a
05f,665
05f,666
05f,687
05f,68b
05f,693
05f,695
05f,696
060,087
060,08b
060,08d
060,08e
060,093
060,099
060,09a
060,0af
060,0bb
060,0cf
060,0d7
060,0db
060,0dd
060,0de
060,119
060,11a
060,14f
060,157
060,15b
060,15d
060,15e
060,189
060,18a
060,1c7
060,1cb
060,1cd
060,1ce
060,1d3
060,1d9
060,1da
060,207
060,20b
060,213
060,215
060,216
060,22f
060,237
060,24f
060,257
060,25b
060,25d
060,25e
060,283
060,285
060,286
060,289
060,28a
060,291
060,292
060,2a7
060,2ab
060,2ad
060,2ae
060,2b3
060,2c7
060,2cb
060,2cd
060,2ce
060,2d3
060,2d5
060,2d6
060,2d9
060,2da
060,2dc
060,311
060,312
060,347
060,34b
060,353
060,355
060,356
060,359
060,35a
060,3a9
060,3aa
060,415
060,416
060,44f
060,457
060,45b
060,45d
060,45e
060,485
060,486
060,489
060,48a
060,491
060,492
060,4ad
060,4ae
060,4c7
060,4cb
060,4cd
060,4ce
060,4d3
060,4d5
060,4d6
060,4d9
060,4da
060,4dc
060,555
060,556
060,559
060,55a
060,647
060,64b
060,653
060,655
060,656
060,6a5
060,6a6
065,082
065,088
065,08b
065,08e
065,093
065,099
065,09f
065,0aa
065,0bb
065,0ca
065,0d2
065,0d8
065,0db
065,0de
065,0fa
065,119
065,11f
065,14a
065,152
065,158
065,15b
065,15e
065,17a
065,189
065,18f
065,1cb
065,1ce
065,1d3
065,1d9
065,1ea
065,202
065,20b
065,213
065,216
065,21f
065,24a
065,252
065,25b
065,25e
065,283
065,286
065,289
065,28f
065,291
065,297
065,29d
065,2a2
065,2ab
065,2ae
065,2b3
065,2cb
065,2ce
065,2d3
065,2d6
065,2d9
065,2dc
065,2ea
065,2f2
065,311
065,317
065,34b
065,353
065,356
065,359
065,36a
065,372
065,387
065,3a9
065,416
065,41f
065,44a
065,452
065,45b
065,45e
065,486
065,489
065,48f
065,491
065,497
065,49d
065,4ae
065,4cb
065,4ce
065,4d3
065,4d6
065,4d9
065,4dc
065,4ea
065,4f2
065,556
065,559
065,617
065,64b
065,653
065,656
065,687
065,695
065,6a6
066,081
066,088
066,08b
066,08d
066,093
066,09a
066,09f
066,0a9
066,0bb
066,0c9
066,0d1
066,0d8
066,0db
066,0dd
066,0f9
066,11a
066,11f
066,149
066,151
066,158
066,15b
066,15d
066,179
066,18a
066,18f
066,1cb
066,1cd
066,1d3
066,1da
066,1e9
066,201
066,20b
066,213
066,215
066,21f
066,249
066,251
066,25b
066,25d
066,283
066,285
066,28a
066,28f
066,292
066,297
066,29e
066,2a1
066,2ab
066,2ad
066,2b3
066,2cb
066,2cd
066,2d3
066,2d5
066,2da
066,2dc
066,2e9
066,2f1
066,312
066,317
066,34b
066,353
066,355
066,35a
066,369
066,371
066,387
066,3aa
066,415
066,41f
066,449
066,451
066,45b
066,45d
066,485
066,48a
066,48f
066,492
066,497
066,49e
066,4ad
066,4cb
066,4cd
066,4d3
066,4d5
066,4da
066,4dc
066,4e9
066,4f1
066,555
066,55a
066,617
066,64b
066,653
066,655
066,687
066,696
066,6a5
069,082
069,087
069,08e
069,093
069,09a
069,09f
069,0c6
069,0d2
069,0d7
069,0de
069,11a
069,11f
069,146
069,152
069,157
069,15e
069,18a
069,18f
069,19b
069,1c7
069,1ce
069,1d3
069,1da
069,202
069,207
069,213
069,215
069,21f
069,226
069,237
069,246
069,252
069,254
069,257
069,25e
069,276
069,283
069,285
069,28a
069,28f
069,291
069,29b
069,29d
069,2a2
069,2a7
069,2ae
069,2b3
069,2c7
069,2ce
069,2d3
069,2d5
069,2da
069,2dc
069,2e6
069,2f2
069,311
069,31b
069,347
069,353
069,355
069,35a
069,366
069,372
069,38b
069,399
069,3aa
069,415
069,41f
069,446
069,452
069,454
069,457
069,45e
069,476
069,485
069,48a
069,48f
069,491
069,49b
069,49d
069,4ae
069,4c7
069,4ce
069,4d3
069,4d5
069,4da
069,4dc
069,4e6
069,4f2
069,555
069,55a
069,599
069,647
069,653
069,655
069,666
069,68b
069,6a5
06a,081
06a,087
06a,08d
06a,093
06a,099
06a,09f
06a,0c5
06a,0d1
06a,0d7
06a,0dd
06a,119
06a,11f
06a,145
06a,151
06a,157
06a,15d
06a,189
06a,18f
06a,19b
06a,1c7
06a,1cd
06a,1d3
06a,1d9
06a,201
06a,207
06a,213
06a,216
06a,21f
06a,225
06a,237
06a,245
06a,251
06a,254
06a,257
06a,25d
06a,275
06a,283
06a,286
06a,289
06a,28f
06a,292
06a,29b
06a,29e
06a,2a1
06a,2a7
06a,2ad
06a,2b3
06a,2c7
06a,2cd
06a,2d3
06a,2d6
06a,2d9
06a,2dc
06a,2e5
06a,2f1
06a,312
06a,31b
06a,347
06a,353
06a,356
06a,359
06a,365
06a,371
06a,38b
06a,39a
06a,3a9
06a,416
06a,41f
06a,445
06a,451
06a,454
06a,457
06a,45d
06a,475
06a,486
06a,489
06a,48f
06a,492
06a,49b
06a,49e
06a,4ad
06a,4c7
06a,4cd
06a,4d3
06a,4d6
06a,4d9
06a,4dc
06a,4e5
06a,4f1
06a,556
06a,559
06a,59a
06a,647
06a,653
06a,656
06a,665
06a,68b
06a,6a6
06c,081
06c,082
06c,087
06c,08b
06c,099
06c,09a
06c,09f
06c,0bb
06c,0c3
06c,0d1
06c,0d2
06c,0d7
06c,0db
06c,0f3
06c,119
06c,11a
06c,11f
06c,151
06c,152
06c,157
06c,15b
06c,189
06c,18a
06c,18f
06c,1c7
06c,1cb
06c,1d9
06c,1da
06c,201
06c,202
06c,207
06c,20b
06c,215
06c,216
06c,21f
06c,237
06c,243
06c,251
06c,252
06c,257
06c,25b
06c,273
06c,285
06c,286
06c,289
06c,28a
06c,28f
06c,29d
06c,29e
06c,2a1
06c,2a2
06c,2a7
06c,2ab
06c,2c7
06c,2cb
06c,2d5
06c,2d6
06c,2d9
06c,2da
06c,2e3
06c,2f1
06c,2f2
06c,347
06c,34b
06c,355
06c,356
06c,359
06c,35a
06c,371
06c,372
06c,3a9
06c,3aa
06c,415
06c,416
06c,41f
06c,451
06c,452
06c,457
06c,45b
06c,485
06c,486
06c,489
06c,48a
06c,48f
06c,49d
06c,49e
06c,4c7
06c,4cb
06c,4d5
06c,4d6
06c,4d9
06c,4da
06c,4f1
06c,4f2
06c,555
06c,556
06c,559
06c,55a
06c,647
06c,64b
06c,655
06c,656
06c,6a5
06c,6a6
06f,081
06f,082
06f,088
06f,093
06f,099
06f,09a
06f,0d1
06f,0d2
06f,0d8
06f,119
06f,11a
06f,151
06f,152
06f,158
06f,189
06f,18a
06f,19b
06f,1d3
06f,1d9
06f,1da
06f,201
06f,202
06f,213
06f,215
06f,216
06f,251
06f,252
06f,254
06f,283
06f,285
06f,286
06f,289
06f,28a
06f,297
06f,29b
06f,29d
06f,29e
06f,2a1
06f,2a2
06f,2b3
06f,2d3
06f,2d5
06f,2d6
06f,2d9
06f,2da
06f,2dc
06f,2f1
06f,2f2
06f,317
06f,31b
06f,353
06f,355
06f,356
06f,359
06f,35a
06f,371
06f,372
06f,387
06f,38b
06f,3a9
06f,3aa
06f,415
06f,416
06f,451
06f,452
06f,454
06f,485
06f,486
06f,489
06f,48a
06f,497
06f,49b
06f,49d
06f,49e
06f,4d3
06f,4d5
06f,4d6
06f,4d9
06f,4da
06f,4dc
06f,4f1
06f,4f2
06f,555
06f,556
06f,559
06f,55a
06f,617
06f,653
06f,655
06f,656
06f,687
06f,68b
06f,6a5
06f,6a6
071,082
071,087
071,088
071,08b
071,08d
071,09a
071,09f
071,0aa
071,0af
071,0c6
071,0ca
071,0cc
071,0cf
071,0de
071,0ee
071,11a
071,11f
071,146
071,14a
071,14f
071,15e
071,16e
071,189
071,19b
071,1c7
071,1cb
071,1cd
071,1da
071,1ea
071,202
071,207
071,20b
071,216
071,21f
071,226
071,22f
071,246
071,24a
071,24f
071,25e
071,26e
071,283
071,285
071,289
071,292
071,297
071,29b
071,29d
071,2a2
071,2a7
071,2ab
071,2ad
071,2c7
071,2cb
071,2cd
071,2d6
071,2da
071,2dc
071,2e6
071,2ea
071,2ec
071,312
071,317
071,31b
071,347
071,34b
071,356
071,35a
071,366
071,36a
071,393
071,399
071,3a9
071,416
071,41f
071,446
071,44a
071,44f
071,45e
071,46e
071,485
071,489
071,492
071,497
071,49b
071,49d
071,4ad
071,4c7
071,4cb
071,4cd
071,4d6
071,4da
071,4dc
071,4e6
071,4ea
071,4ec
071,556
071,55a
071,599
071,617
071,647
071,64b
071,656
071,666
071,693
071,695
071,6a5
072,081
072,087
072,088
072,08b
072,08e
072,099
072,09f
072,0a9
072,0af
072,0c5
072,0c9
072,0cc
072,0cf
072,0dd
072,0ed
072,119
072,11f
072,145
072,149
072,14f
072,15d
072,16d
072,18a
072,19b
072,1c7
072,1cb
072,1ce
072,1d9
072,1e9
072,201
072,207
072,20b
072,215
072,21f
072,225
072,22f
072,245
072,249
072,24f
072,25d
072,26d
072,283
072,286
072,28a
072,291
072,297
072,29b
072,29e
072,2a1
072,2a7
072,2ab
072,2ae
072,2c7
072,2cb
072,2ce
072,2d5
072,2d9
072,2dc
072,2e5
072,2e9
072,2ec
072,311
072,317
072,31b
072,347
072,34b
072,355
072,359
072,365
072,369
072,393
072,39a
072,3aa
072,415
072,41f
072,445
072,449
072,44f
072,45d
072,46d
072,486
072,48a
072,491
072,497
072,49b
072,49e
072,4ae
072,4c7
072,4cb
072,4ce
072,4d5
072,4d9
072,4dc
072,4e5
072,4e9
072,4ec
072,555
072,559
072,59a
072,617
072,647
072,64b
072,655
072,665
072,693
072,696
072,6a6
077,081
077,082
077,08b
077,08d
077,08e
077,099
077,09a
077,0a9
077,0aa
077,0c9
077,0ca
077,0cc
077,0d8
077,0e8
077,119
077,11a
077,149
077,14a
077,158
077,168
077,18f
077,19b
077,1cb
077,1cd
077,1ce
077,1d9
077,1da
077,1e9
077,1ea
077,201
077,202
077,20b
077,249
077,24a
077,283
077,285
077,286
077,28f
077,291
077,292
077,29b
077,29d
077,29e
077,2a1
077,2a2
077,2ab
077,2ad
077,2ae
077,2cb
077,2cd
077,2ce
077,2d9
077,2da
077,2dc
077,2e9
077,2ea
077,2ec
077,311
077,312
077,31b
077,34b
077,359
077,35a
077,369
077,36a
077,387
077,393
077,449
077,44a
077,485
077,486
077,48f
077,491
077,492
077,49b
077,49d
077,49e
077,4ad
077,4ae
077,4cb
077,4cd
077,4ce
077,4d9
077,4da
077,4dc
077,4e9
077,4ea
077,4ec
077,559
077,55a
077,64b
077,687
077,693
077,695
077,696
077,6a5
077,6a6
07b,081
07b,082
07b,087
07b,088
07b,08d
07b,08e
07b,0c5
07b,0c6
07b,0cc
07b,145
07b,146
07b,189
07b,18a
07b,18f
07b,1c7
07b,1cd
07b,1ce
07b,201
07b,202
07b,207
07b,215
07b,216
07b,225
07b,226
07b,245
07b,246
07b,254
07b,264
07b,283
07b,289
07b,28a
07b,28f
07b,291
07b,292
07b,297
07b,29d
07b,29e
07b,2a1
07b,2a2
07b,2a7
07b,2ad
07b,2ae
07b,2c7
07b,2cd
07b,2ce
07b,2d5
07b,2d6
07b,2dc
07b,2e5
07b,2e6
07b,2ec
07b,311
07b,312
07b,317
07b,347
07b,355
07b,356
07b,365
07b,366
07b,38b
07b,393
07b,399
07b,39a
07b,3a9
07b,3aa
07b,415
07b,416
07b,445
07b,446
07b,454
07b,464
07b,489
07b,48a
07b,48f
07b,491
07b,492
07b,497
07b,49d
07b,49e
07b,4ad
07b,4ae
07b,4c7
07b,4cd
07b,4ce
07b,4d5
07b,4d6
07b,4dc
07b,4e5
07b,4e6
07b,4ec
07b,555
07b,556
07b,599
07b,59a
07b,617
07b,647
07b,655
07b,656
07b,665
07b,666
07b,68b
07b,693
07d,081
07d,087
07d,088
07d,08b
07d,08e
07d,093
07d,09a
07d,0aa
07d,0c3
07d,0c6
07d,0ca
07d,0d2
07d,0e2
07d,11a
07d,146
07d,14a
07d,152
07d,189
07d,18f
07d,19b
07d,1c7
07d,1cb
07d,1ce
07d,1d3
07d,1da
07d,1ea
07d,201
07d,207
07d,20b
07d,213
07d,216
07d,226
07d,243
07d,246
07d,24a
07d,252
07d,262
07d,285
07d,289
07d,28f
07d,291
07d,297
07d,29b
07d,29e
07d,2a1
07d,2a7
07d,2ab
07d,2ae
07d,2b3
07d,2c7
07d,2cb
07d,2ce
07d,2d3
07d,2d6
07d,2da
07d,2e3
07d,2e6
07d,2ea
07d,2f2
07d,311
07d,317
07d,31b
07d,347
07d,34b
07d,353
07d,356
07d,35a
07d,366
07d,36a
07d,372
07d,399
07d,3a9
07d,416
07d,446
07d,44a
07d,452
07d,485
07d,489
07d,48f
07d,491
07d,497
07d,49b
07d,49e
07d,4ae
07d,4c7
07d,4cb
07d,4ce
07d,4d3
07d,4d6
07d,4da
07d,4e6
07d,4ea
07d,4f2
07d,556
07d,55a
07d,599
07d,617
07d,647
07d,64b
07d,653
07d,656
07d,666
07d,695
07d,6a5
07e,082
07e,087
07e,088
07e,08b
07e,08d
07e,093
07e,099
07e,0a9
07e,0c3
07e,0c5
07e,0c9
07e,0d1
07e,0e1
07e,119
07e,145
07e,149
07e,151
07e,18a
07e,18f
07e,19b
07e,1c7
07e,1cb
07e,1cd
07e,1d3
07e,1d9
07e,1e9
07e,202
07e,207
07e,20b
07e,213
07e,215
07e,225
07e,243
07e,245
07e,249
07e,251
07e,261
07e,286
07e,28a
07e,28f
07e,292
07e,297
07e,29b
07e,29d
07e,2a2
07e,2a7
07e,2ab
07e,2ad
07e,2b3
07e,2c7
07e,2cb
07e,2cd
07e,2d3
07e,2d5
07e,2d9
07e,2e3
07e,2e5
07e,2e9
07e,2f1
07e,312
07e,317
07e,31b
07e,347
07e,34b
07e,353
07e,355
07e,359
07e,365
07e,369
07e,371
07e,39a
07e,3aa
07e,415
07e,445
07e,449
07e,451
07e,486
07e,48a
07e,48f
07e,492
07e,497
07e,49b
07e,49d
07e,4ad
07e,4c7
07e,4cb
07e,4cd
07e,4d3
07e,4d5
07e,4d9
07e,4e5
07e,4e9
07e,4f1
07e,555
07e,559
07e,59a
07e,617
07e,647
07e,64b
07e,653
07e,655
07e,665
07e,696
07e,6a6
081,0de
081,0ee
081,0fa
081,11a
081,11f
081,146
081,14a
081,14f
081,152
081,157
081,158
081,15b
081,15d
081,168
081,16d
081,179
081,1ce
081,1da
081,1ea
081,216
081,21f
081,226
081,22f
081,237
081,246
081,24a
081,24f
081,252
081,254
081,257
081,25b
081,25d
081,262
081,264
081,267
081,26b
081,26d
081,273
081,275
081,29e
081,2ae
081,2ce
081,2d6
081,2da
081,2dc
081,2e6
081,2ea
081,2ec
081,2f2
081,312
081,317
081,31b
081,347
081,34b
081,353
081,355
081,359
081,365
081,369
081,371
081,39a
081,3aa
081,416
081,41f
081,446
081,44a
081,44f
081,452
081,454
081,457
081,45b
081,45d
081,464
081,46d
081,475
081,49e
081,4ae
081,4ce
081,4d6
081,4da
081,4dc
081,4e6
081,4ea
081,4ec
081,4f2
081,555
081,559
081,59a
081,617
081,647
081,64b
081,653
081,655
081,665
081,696
081,6a6
082,0dd
082,0ed
082,0f9
082,119
082,11f
082,145
082,149
082,14f
082,151
082,157
082,158
082,15b
082,15e
082,168
082,16e
082,17a
082,1cd
082,1d9
082,1e9
082,215
082,21f
082,225
082,22f
082,237
082,245
082,249
082,24f
082,251
082,254
082,257
082,25b
082,25e
082,261
082,264
082,267
082,26b
082,26e
082,273
082,276
082,29d
082,2ad
082,2cd
082,2d5
082,2d9
082,2dc
082,2e5
082,2e9
082,2ec
082,2f1
082,311
082,317
082,31b
082,347
082,34b
082,353
082,356
082,35a
082,366
082,36a
082,372
082,399
082,3a9
082,415
082,41f
082,445
082,449
082,44f
082,451
082,454
082,457
082,45b
082,45e
082,464
082,46e
082,476
082,49d
082,4ad
082,4cd
082,4d5
082,4d9
082,4dc
082,4e5
082,4e9
082,4ec
082,4f1
082,556
082,55a
082,599
082,617
082,647
082,64b
082,653
082,656
082,666
082,695
082,6a5
087,0d8
087,0e8
087,0f9
087,0fa
087,119
087,11a
087,149
087,14a
087,151
087,152
087,15b
087,15d
087,15e
087,16d
087,16e
087,1d9
087,1da
087,1e9
087,1ea
087,249
087,24a
087,251
087,252
087,254
087,25b
087,25d
087,25e
087,261
087,262
087,264
087,26b
087,26d
087,26e
087,273
087,275
087,276
087,2d9
087,2da
087,2dc
087,2e9
087,2ea
087,2ec
087,2f1
087,2f2
087,311
087,312
087,31b
087,34b
087,353
087,355
087,356
087,365
087,366
087,399
087,39a
087,3a9
087,3aa
087,449
087,44a
087,451
087,452
087,454
087,45b
087,45d
087,45e
087,464
087,46d
087,46e
087,475
087,476
087,4d9
087,4da
087,4dc
087,4e9
087,4ea
087,4ec
087,4f1
087,4f2
087,555
087,556
087,599
087,59a
087,64b
087,653
087,655
087,656
087,665
087,666
088,0d7
088,0e7
088,0f3
088,11f
088,145
088,146
088,14f
088,151
088,152
088,15b
088,15d
088,15e
088,16d
088,16e
088,179
088,17a
088,1c7
088,1d3
088,207
088,213
088,215
088,216
088,21f
088,225
088,226
088,22f
088,243
088,245
088,246
088,24f
088,251
088,252
088,254
088,25b
088,25d
088,25e
088,261
088,262
088,264
088,26b
088,26d
088,26e
088,297
088,2a7
088,2b3
088,2c7
088,2d3
088,2d5
088,2d6
088,2e3
088,2e5
088,2e6
088,2f1
088,2f2
088,311
088,312
088,31b
088,34b
088,359
088,35a
088,369
088,36a
088,387
088,393
088,415
088,416
088,41f
088,445
088,446
088,44f
088,451
088,452
088,454
088,45b
088,45d
088,45e
088,464
088,46d
088,46e
088,497
088,4c7
088,4d3
088,4d5
088,4d6
088,4e5
088,4e6
088,4f1
088,4f2
088,559
088,55a
088,64b
088,687
088,693
088,695
088,696
088,6a5
088,6a6
08b,145
08b,146
08b,151
08b,152
08b,157
08b,158
08b,15d
08b,15e
08b,168
08b,16d
08b,16e
08b,179
08b,17a
08b,215
08b,216
08b,225
08b,226
08b,237
08b,245
08b,246
08b,251
08b,252
08b,257
08b,25d
08b,25e
08b,261
08b,262
08b,267
08b,26d
08b,26e
08b,273
08b,2d5
08b,2d6
08b,2dc
08b,2e5
08b,2e6
08b,2ec
08b,2f1
08b,2f2
08b,311
08b,312
08b,317
08b,347
08b,353
08b,359
08b,35a
08b,369
08b,36a
08b,415
08b,416
08b,445
08b,446
08b,451
08b,452
08b,457
08b,45d
08b,45e
08b,46d
08b,46e
08b,4d5
08b,4d6
08b,4dc
08b,4e5
08b,4e6
08b,4ec
08b,4f1
08b,4f2
08b,559
08b,55a
08b,617
08b,647
08b,653
08b,695
08b,696
08b,6a5
08b,6a6
08d,0d2
08d,0e2
08d,0f3
08d,0fa
08d,11a
08d,146
08d,14a
08d,151
08d,157
08d,158
08d,15b
08d,15e
08d,168
08d,16e
08d,179
08d,1d3
08d,1da
08d,1ea
08d,202
08d,213
08d,216
08d,226
08d,237
08d,243
08d,246
08d,24a
08d,251
08d,254
08d,257
08d,25b
08d,25e
08d,261
08d,264
08d,267
08d,26b
08d,26e
08d,275
08d,292
08d,2a2
08d,2b3
08d,2d3
08d,2d6
08d,2da
08d,2e3
08d,2e6
08d,2ea
08d,2f1
08d,311
08d,317
08d,31b
08d,347
08d,34b
08d,355
08d,359
08d,365
08d,369
08d,393
08d,39a
08d,3aa
08d,416
08d,446
08d,44a
08d,451
08d,454
08d,457
08d,45b
08d,45e
08d,464
08d,46e
08d,475
08d,492
08d,4d3
08d,4d6
08d,4da
08d,4e6
08d,4ea
08d,4f1
08d,555
08d,559
08d,59a
08d,617
08d,647
08d,64b
08d,655
08d,665
08d,693
08d,696
08d,6a6
08e,0d1
08e,0e1
08e,0f3
08e,0f9
08e,119
08e,145
08e,149
08e,152
08e,157
08e,158
08e,15b
08e,15d
08e,168
08e,16d
08e,17a
08e,1d3
08e,1d9
08e,1e9
08e,201
08e,213
08e,215
08e,225
08e,237
08e,243
08e,245
08e,249
08e,252
08e,254
08e,257
08e,25b
08e,25d
08e,262
08e,264
08e,267
08e,26b
08e,26d
08e,276
08e,291
08e,2a1
08e,2b3
08e,2d3
08e,2d5
08e,2d9
08e,2e3
08e,2e5
08e,2e9
08e,2f2
08e,312
08e,317
08e,31b
08e,347
08e,34b
08e,356
08e,35a
08e,366
08e,36a
08e,393
08e,399
08e,3a9
08e,415
08e,445
08e,449
08e,452
08e,454
08e,457
08e,45b
08e,45d
08e,464
08e,46d
08e,476
08e,491
08e,4d3
08e,4d5
08e,4d9
08e,4e5
08e,4e9
08e,4f2
08e,556
08e,55a
08e,599
08e,617
08e,647
08e,64b
08e,656
08e,666
08e,693
08e,695
08e,6a5
093,0cc
093,0e8
093,0ed
093,0ee
093,145
093,146
093,149
093,14a
093,14f
093,158
093,15d
093,15e
093,179
093,17a
093,1cd
093,1ce
093,1e9
093,1ea
093,225
093,226
093,22f
093,245
093,246
093,249
093,24a
093,24f
093,254
093,25d
093,25e
093,261
093,262
093,267
093,26b
093,275
093,276
093,2ad
093,2ae
093,2cd
093,2ce
093,2dc
093,2e5
093,2e6
093,2e9
093,2ea
093,347
093,34b
093,355
093,356
093,359
093,35a
093,371
093,372
093,3a9
093,3aa
093,445
093,446
093,449
093,44a
093,44f
093,454
093,45d
093,45e
093,475
093,476
093,4ad
093,4ae
093,4cd
093,4ce
093,4dc
093,4e5
093,4e6
093,4e9
093,4ea
093,555
093,556
093,559
093,55a
093,647
093,64b
093,655
093,656
093,6a5
093,6a6
099,0c6
099,0e2
099,0e7
099,0ee
099,145
099,14a
099,14f
099,152
099,157
099,15e
099,168
099,16d
099,17a
099,1c7
099,1ce
099,1ea
099,202
099,207
099,216
099,225
099,22f
099,237
099,243
099,245
099,24a
099,24f
099,252
099,254
099,257
099,25e
099,261
099,26b
099,26d
099,273
099,275
099,286
099,2a2
099,2a7
099,2ae
099,2c7
099,2ce
099,2d6
099,2e3
099,2e5
099,2ea
099,2ec
099,2f2
099,312
099,317
099,34b
099,353
099,355
099,35a
099,369
099,371
099,387
099,3aa
099,416
099,445
099,44a
099,44f
099,452
099,454
099,457
099,45e
099,46d
099,475
099,486
099,4ae
099,4c7
099,4ce
099,4d6
099,4e5
099,4ea
099,4ec
099,4f2
099,555
099,55a
099,617
099,64b
099,653
099,655
099,687
099,696
099,6a5
09a,0c5
09a,0e1
09a,0e7
09a,0ed
09a,146
09a,149
09a,14f
09a,151
09a,157
09a,15d
09a,168
09a,16e
09a,179
09a,1c7
09a,1cd
09a,1e9
09a,201
09a,207
09a,215
09a,226
09a,22f
09a,237
09a,243
09a,246
09a,249
09a,24f
09a,251
09a,254
09a,257
09a,25d
09a,262
09a,26b
09a,26e
09a,273
09a,276
09a,285
09a,2a1
09a,2a7
09a,2ad
09a,2c7
09a,2cd
09a,2d5
09a,2e3
09a,2e6
09a,2e9
09a,2ec
09a,2f1
09a,311
09a,317
09a,34b
09a,353
09a,356
09a,359
09a,36a
09a,372
09a,387
09a,3a9
09a,415
09a,446
09a,449
09a,44f
09a,451
09a,454
09a,457
09a,45d
09a,46e
09a,476
09a,485
09a,4ad
09a,4c7
09a,4cd
09a,4d5
09a,4e6
09a,4e9
09a,4ec
09a,4f1
09a,556
09a,559
09a,617
09a,64b
09a,653
09a,656
09a,687
09a,695
09a,6a6
09f,0e1
09f,0e2
09f,0e8
09f,145
09f,146
09f,149
09f,14a
09f,151
09f,152
09f,158
09f,16d
09f,16e
09f,179
09f,17a
09f,1e9
09f,1ea
09f,201
09f,202
09f,225
09f,226
09f,243
09f,245
09f,246
09f,249
09f,24a
09f,251
09f,252
09f,254
09f,267
09f,26b
09f,26d
09f,26e
09f,273
09f,275
09f,276
09f,2a1
09f,2a2
09f,2e3
09f,2e5
09f,2e6
09f,2e9
09f,2ea
09f,2ec
09f,2f1
09f,2f2
09f,311
09f,312
09f,347
09f,34b
09f,353
09f,355
09f,356
09f,359
09f,35a
09f,3a9
09f,3aa
09f,445
09f,446
09f,449
09f,44a
09f,451
09f,452
09f,454
09f,46d
09f,46e
09f,475
09f,476
09f,4e5
09f,4e6
09f,4e9
09f,4ea
09f,4ec
09f,4f1
09f,4f2
09f,555
09f,556
09f,559
09f,55a
09f,647
09f,64b
09f,653
09f,655
09f,656
09f,6a5
09f,6a6
0a9,0c6
0a9,0d2
0a9,0d7
0a9,0de
0a9,11a
0a9,11f
0a9,145
0a9,14a
0a9,14f
0a9,151
0a9,158
0a9,15b
0a9,15d
0a9,16e
0a9,17a
0a9,1c7
0a9,1ce
0a9,1d3
0a9,1da
0a9,202
0a9,207
0a9,213
0a9,215
0a9,21f
0a9,226
0a9,237
0a9,243
0a9,245
0a9,24a
0a9,24f
0a9,251
0a9,25b
0a9,25d
0a9,262
0a9,264
0a9,267
0a9,26e
0a9,273
0a9,275
0a9,286
0a9,292
0a9,297
0a9,29e
0a9,2c7
0a9,2ce
0a9,2d3
0a9,2d5
0a9,2da
0a9,2dc
0a9,2e6
0a9,2f2
0a9,311
0a9,31b
0a9,34b
0a9,359
0a9,365
0a9,36a
0a9,371
0a9,387
0a9,393
0a9,39a
0a9,415
0a9,41f
0a9,445
0a9,44a
0a9,44f
0a9,451
0a9,45b
0a9,45d
0a9,464
0a9,46e
0a9,475
0a9,486
0a9,492
0a9,497
0a9,49e
0a9,4c7
0a9,4ce
0a9,4d3
0a9,4d5
0a9,4da
0a9,4dc
0a9,4e6
0a9,4f2
0a9,559
0a9,59a
0a9,64b
0a9,665
0a9,687
0a9,693
0a9,695
0a9,6a6
0aa,0c5
0aa,0d1
0aa,0d7
0aa,0dd
0aa,119
0aa,11f
0aa,146
0aa,149
0aa,14f
0aa,152
0aa,158
0aa,15b
0aa,15e
0aa,16d
0aa,179
0aa,1c7
0aa,1cd
0aa,1d3
0aa,1d9
0aa,201
0aa,207
0aa,213
0aa,216
0aa,21f
0aa,225
0aa,237
0aa,243
0aa,246
0aa,249
0aa,24f
0aa,252
0aa,25b
0aa,25e
0aa,261
0aa,264
0aa,267
0aa,26d
0aa,273
0aa,276
0aa,285
0aa,291
0aa,297
0aa,29d
0aa,2c7
0aa,2cd
0aa,2d3
0aa,2d6
0aa,2d9
0aa,2dc
0aa,2e5
0aa,2f1
0aa,312
0aa,31b
0aa,34b
0aa,35a
0aa,366
0aa,369
0aa,372
0aa,387
0aa,393
0aa,399
0aa,416
0aa,41f
0aa,446
0aa,449
0aa,44f
0aa,452
0aa,45b
0aa,45e
0aa,464
0aa,46d
0aa,476
0aa,485
0aa,491
0aa,497
0aa,49d
0aa,4c7
0aa,4cd
0aa,4d3
0aa,4d6
0aa,4d9
0aa,4dc
0aa,4e5
0aa,4f1
0aa,55a
0aa,599
0aa,64b
0aa,666
0aa,687
0aa,693
0aa,696
0aa,6a5
0af,0d1
0af,0d2
0af,0d8
0af,119
0af,11a
0af,145
0af,146
0af,149
0af,14a
0af,157
0af,15b
0af,15d
0af,15e
0af,168
0af,179
0af,17a
0af,1d3
0af,1d9
0af,1da
0af,201
0af,202
0af,213
0af,215
0af,216
0af,243
0af,245
0af,246
0af,249
0af,24a
0af,257
0af,25b
0af,25d
0af,25e
0af,261
0af,262
0af,264
0af,273
0af,275
0af,276
0af,291
0af,292
0af,2d3
0af,2d5
0af,2d6
0af,2d9
0af,2da
0af,2dc
0af,2f1
0af,2f2
0af,317
0af,31b
0af,347
0af,34b
0af,365
0af,366
0af,369
0af,36a
0af,393
0af,399
0af,39a
0af,415
0af,416
0af,445
0af,446
0af,449
0af,44a
0af,457
0af,45b
0af,45d
0af,45e
0af,464
0af,475
0af,476
0af,491
0af,492
0af,4d3
0af,4d5
0af,4d6
0af,4d9
0af,4da
0af,4dc
0af,4f1
0af,4f2
0af,599
0af,59a
0af,617
0af,647
0af,64b
0af,665
0af,666
0af,693
0af,695
0af,696
0bb,0c5
0bb,0c6
0bb,0cc
0bb,149
0bb,14a
0bb,14f
0bb,151
0bb,152
0bb,157
0bb,158
0bb,15d
0bb,15e
0bb,168
0bb,16d
0bb,16e
0bb,1c7
0bb,1cd
0bb,1ce
0bb,201
0bb,202
0bb,207
0bb,215
0bb,216
0bb,225
0bb,226
0bb,243
0bb,249
0bb,24a
0bb,24f
0bb,251
0bb,252
0bb,257
0bb,25d
0bb,25e
0bb,261
0bb,262
0bb,267
0bb,26d
0bb,26e
0bb,275
0bb,276
0bb,285
0bb,286
0bb,2c7
0bb,2cd
0bb,2ce
0bb,2d5
0bb,2d6
0bb,2dc
0bb,2e5
0bb,2e6
0bb,2ec
0bb,311
0bb,312
0bb,317
0bb,34b
0bb,353
0bb,359
0bb,35a
0bb,369
0bb,36a
0bb,371
0bb,372
0bb,387
0bb,415
0bb,416
0bb,449
0bb,44a
0bb,44f
0bb,451
0bb,452
0bb,457
0bb,45d
0bb,45e
0bb,46d
0bb,46e
0bb,475
0bb,476
0bb,485
0bb,486
0bb,4c7
0bb,4cd
0bb,4ce
0bb,4d5
0bb,4d6
0bb,4dc
0bb,4e5
0bb,4e6
0bb,4ec
0bb,559
0bb,55a
0bb,617
0bb,64b
0bb,653
0bb,687
0bb,695
0bb,696
0bb,6a5
0bb,6a6
0c3,119
0c3,11a
0c3,11f
0c3,158
0c3,15d
0c3,15e
0c3,168
0c3,16d
0c3,16e
0c3,179
0c3,17a
0c3,215
0c3,216
0c3,21f
0c3,225
0c3,226
0c3,22f
0c3,237
0c3,254
0c3,25d
0c3,25e
0c3,264
0c3,26d
0c3,26e
0c3,275
0c3,276
0c3,29d
0c3,29e
0c3,2ad
0c3,2ae
0c3,2dc
0c3,2ec
0c3,311
0c3,312
0c3,317
0c3,31b
0c3,355
0c3,356
0c3,359
0c3,35a
0c3,365
0c3,366
0c3,369
0c3,36a
0c3,371
0c3,372
0c3,399
0c3,39a
0c3,3a9
0c3,3aa
0c3,415
0c3,416
0c3,41f
0c3,454
0c3,45d
0c3,45e
0c3,464
0c3,46d
0c3,46e
0c3,475
0c3,476
0c3,49d
0c3,49e
0c3,4ad
0c3,4ae
0c3,4dc
0c3,4ec
0c3,555
0c3,556
0c3,559
0c3,55a
0c3,599
0c3,59a
0c3,617
0c3,655
0c3,656
0c3,665
0c3,666
0c3,695
0c3,696
0c3,6a5
0c3,6a6
0c5,0fa
0c5,119
0c5,11f
0c5,14a
0c5,152
0c5,158
0c5,15b
0c5,15e
0c5,168
0c5,16e
0c5,179
0c5,18a
0c5,19b
0c5,1da
0c5,1ea
0c5,202
0c5,20b
0c5,213
0c5,216
0c5,21f
0c5,226
0c5,22f
0c5,237
0c5,24a
0c5,252
0c5,25b
0c5,25e
0c5,262
0c5,26b
0c5,26e
0c5,273
0c5,276
0c5,28a
0c5,292
0c5,29b
0c5,29e
0c5,2a2
0c5,2ab
0c5,2ae
0c5,2b3
0c5,2da
0c5,2ea
0c5,2f2
0c5,311
0c5,317
0c5,34b
0c5,353
0c5,356
0c5,359
0c5,366
0c5,369
0c5,371
0c5,38b
0c5,393
0c5,399
0c5,3a9
0c5,416
0c5,41f
0c5,44a
0c5,452
0c5,45b
0c5,45e
0c5,46e
0c5,476
0c5,48a
0c5,492
0c5,49b
0c5,49e
0c5,4ae
0c5,4da
0c5,4ea
0c5,4f2
0c5,556
0c5,559
0c5,599
0c5,617
0c5,64b
0c5,653
0c5,656
0c5,666
0c5,68b
0c5,693
0c5,696
0c5,6a6
0c6,0f9
0c6,11a
0c6,11f
0c6,149
0c6,151
0c6,158
0c6,15b
0c6,15d
0c6,168
0c6,16d
0c6,17a
0c6,189
0c6,19b
0c6,1d9
0c6,1e9
0c6,201
0c6,20b
0c6,213
0c6,215
0c6,21f
0c6,225
0c6,22f
0c6,237
0c6,249
0c6,251
0c6,25b
0c6,25d
0c6,261
0c6,26b
0c6,26d
0c6,273
0c6,275
0c6,289
0c6,291
0c6,29b
0c6,29d
0c6,2a1
0c6,2ab
0c6,2ad
0c6,2b3
0c6,2d9
0c6,2e9
0c6,2f1
0c6,312
0c6,317
0c6,34b
0c6,353
0c6,355
0c6,35a
0c6,365
0c6,36a
0c6,372
0c6,38b
0c6,393
0c6,39a
0c6,3aa
0c6,415
0c6,41f
0c6,449
0c6,451
0c6,45b
0c6,45d
0c6,46d
0c6,475
0c6,489
0c6,491
0c6,49b
0c6,49d
0c6,4ad
0c6,4d9
0c6,4e9
0c6,4f1
0c6,555
0c6,55a
0c6,59a
0c6,617
0c6,64b
0c6,653
0c6,655
0c6,665
0c6,68b
0c6,693
0c6,695
0c6,6a5
0c9,11a
0c9,11f
0c9,146
0c9,152
0c9,157
0c9,15e
0c9,16e
0c9,17a
0c9,202
0c9,207
0c9,213
0c9,215
0c9,21f
0c9,225
0c9,22f
0c9,246
0c9,252
0c9,254
0c9,257
0c9,25e
0c9,262
0c9,264
0c9,267
0c9,26e
0c9,273
0c9,275
0c9,286
0c9,292
0c9,297
0c9,29e
0c9,2a2
0c9,2a7
0c9,2ae
0c9,2b3
0c9,2d6
0c9,2e6
0c9,2f2
0c9,311
0c9,31b
0c9,347
0c9,353
0c9,355
0c9,35a
0c9,365
0c9,36a
0c9,371
0c9,387
0c9,393
0c9,39a
0c9,3aa
0c9,415
0c9,41f
0c9,446
0c9,452
0c9,454
0c9,457
0c9,45e
0c9,464
0c9,46e
0c9,475
0c9,486
0c9,492
0c9,497
0c9,49e
0c9,4ae
0c9,4d6
0c9,4e6
0c9,4f2
0c9,555
0c9,55a
0c9,59a
0c9,647
0c9,653
0c9,655
0c9,665
0c9,687
0c9,693
0c9,695
0c9,6a5
0ca,119
0ca,11f
0ca,145
0ca,151
0ca,157
0ca,15d
0ca,16d
0ca,179
0ca,201
0ca,207
0ca,213
0ca,216
0ca,21f
0ca,226
0ca,22f
0ca,245
0ca,251
0ca,254
0ca,257
0ca,25d
0ca,261
0ca,264
0ca,267
0ca,26d
0ca,273
0ca,276
0ca,285
0ca,291
0ca,297
0ca,29d
0ca,2a1
0ca,2a7
0ca,2ad
0ca,2b3
0ca,2d5
0ca,2e5
0ca,2f1
0ca,312
0ca,31b
0ca,347
0ca,353
0ca,356
0ca,359
0ca,366
0ca,369
0ca,372
0ca,387
0ca,393
0ca,399
0ca,3a9
0ca,416
0ca,41f
0ca,445
0ca,451
0ca,454
0ca,457
0ca,45d
0ca,464
0ca,46d
0ca,476
0ca,485
0ca,491
0ca,497
0ca,49d
0ca,4ad
0ca,4d5
0ca,4e5
0ca,4f1
0ca,556
0ca,559
0ca,599
0ca,647
0ca,653
0ca,656
0ca,666
0ca,687
0ca,693
0ca,696
0ca,6a6
0cc,0f3
0cc,119
0cc,11a
0cc,11f
0cc,151
0cc,152
0cc,157
0cc,15b
0cc,179
0cc,17a
0cc,19b
0cc,1d3
0cc,201
0cc,202
0cc,207
0cc,20b
0cc,215
0cc,216
0cc,21f
0cc,225
0cc,226
0cc,22f
0cc,243
0cc,251
0cc,252
0cc,257
0cc,25b
0cc,261
0cc,262
0cc,267
0cc,26b
0cc,275
0cc,276
0cc,283
0cc,291
0cc,292
0cc,297
0cc,29b
0cc,2a1
0cc,2a2
0cc,2a7
0cc,2ab
0cc,2d3
0cc,2e3
0cc,2f1
0cc,2f2
0cc,347
0cc,34b
0cc,355
0cc,356
0cc,359
0cc,35a
0cc,365
0cc,366
0cc,369
0cc,36a
0cc,387
0cc,38b
0cc,399
0cc,39a
0cc,3a9
0cc,3aa
0cc,415
0cc,416
0cc,41f
0cc,451
0cc,452
0cc,457
0cc,45b
0cc,475
0cc,476
0cc,491
0cc,492
0cc,497
0cc,49b
0cc,4d3
0cc,4f1
0cc,4f2
0cc,555
0cc,556
0cc,559
0cc,55a
0cc,599
0cc,59a
0cc,647
0cc,64b
0cc,655
0cc,656
0cc,665
0cc,666
0cc,687
0cc,68b
0cc,695
0cc,696
0cc,6a5
0cc,6a6
0cf,119
0cf,11a
0cf,151
0cf,152
0cf,158
0cf,168
0cf,179
0cf,17a
0cf,201
0cf,202
0cf,213
0cf,215
0cf,216
0cf,225
0cf,226
0cf,237
0cf,251
0cf,252
0cf,254
0cf,261
0cf,262
0cf,264
0cf,273
0cf,275
0cf,276
0cf,291
0cf,292
0cf,2a1
0cf,2a2
0cf,2b3
0cf,2f1
0cf,2f2
0cf,317
0cf,31b
0cf,353
0cf,355
0cf,356
0cf,359
0cf,35a
0cf,365
0cf,366
0cf,369
0cf,36a
0cf,393
0cf,399
0cf,39a
0cf,3a9
0cf,3aa
0cf,415
0cf,416
0cf,451
0cf,452
0cf,454
0cf,464
0cf,475
0cf,476
0cf,491
0cf,492
0cf,4f1
0cf,4f2
0cf,555
0cf,556
0cf,559
0cf,55a
0cf,599
0cf,59a
0cf,617
0cf,653
0cf,655
0cf,656
0cf,665
0cf,666
0cf,693
0cf,695
0cf,696
0cf,6a5
0cf,6a6
0d1,0ee
0d1,11a
0d1,11f
0d1,146
0d1,14a
0d1,14f
0d1,15e
0d1,168
0d1,16d
0d1,17a
0d1,18a
0d1,18f
0d1,1ce
0d1,1ea
0d1,202
0d1,207
0d1,20b
0d1,216
0d1,21f
0d1,225
0d1,237
0d1,246
0d1,24a
0d1,24f
0d1,25e
0d1,262
0d1,264
0d1,267
0d1,26b
0d1,26d
0d1,276
0d1,286
0d1,28a
0d1,28f
0d1,29e
0d1,2a2
0d1,2a7
0d1,2ab
0d1,2ad
0d1,2ce
0d1,2e6
0d1,2ea
0d1,2ec
0d1,312
0d1,317
0d1,31b
0d1,347
0d1,34b
0d1,356
0d1,35a
0d1,365
0d1,369
0d1,372
0d1,387
0d1,38b
0d1,39a
0d1,3a9
0d1,416
0d1,41f
0d1,446
0d1,44a
0d1,44f
0d1,45e
0d1,464
0d1,46d
0d1,476
0d1,486
0d1,48a
0d1,48f
0d1,49e
0d1,4ad
0d1,4ce
0d1,4e6
0d1,4ea
0d1,4ec
0d1,556
0d1,55a
0d1,59a
0d1,617
0d1,647
0d1,64b
0d1,656
0d1,665
0d1,687
0d1,68b
0d1,696
0d1,6a5
0d2,0ed
0d2,119
0d2,11f
0d2,145
0d2,149
0d2,14f
0d2,15d
0d2,168
0d2,16e
0d2,179
0d2,189
0d2,18f
0d2,1cd
0d2,1e9
0d2,201
0d2,207
0d2,20b
0d2,215
0d2,21f
0d2,226
0d2,237
0d2,245
0d2,249
0d2,24f
0d2,25d
0d2,261
0d2,264
0d2,267
0d2,26b
0d2,26e
0d2,275
0d2,285
0d2,289
0d2,28f
0d2,29d
0d2,2a1
0d2,2a7
0d2,2ab
0d2,2ae
0d2,2cd
0d2,2e5
0d2,2e9
0d2,2ec
0d2,311
0d2,317
0d2,31b
0d2,347
0d2,34b
0d2,355
0d2,359
0d2,366
0d2,36a
0d2,371
0d2,387
0d2,38b
0d2,399
0d2,3aa
0d2,415
0d2,41f
0d2,445
0d2,449
0d2,44f
0d2,45d
0d2,464
0d2,46e
0d2,475
0d2,485
0d2,489
0d2,48f
0d2,49d
0d2,4ae
0d2,4cd
0d2,4e5
0d2,4e9
0d2,4ec
0d2,555
0d2,559
0d2,599
0d2,617
0d2,647
0d2,64b
0d2,655
0d2,666
0d2,687
0d2,68b
0d2,695
0d2,6a6
0d7,0e8
0d7,119
0d7,11a
0d7,149
0d7,14a
0d7,158
0d7,16d
0d7,16e
0d7,179
0d7,17a
0d7,189
0d7,18a
0d7,1e9
0d7,1ea
0d7,201
0d7,202
0d7,20b
0d7,225
0d7,226
0d7,22f
0d7,249
0d7,24a
0d7,261
0d7,262
0d7,264
0d7,26b
0d7,26d
0d7,26e
0d7,289
0d7,28a
0d7,2a1
0d7,2a2
0d7,2ab
0d7,2ad
0d7,2ae
0d7,2e9
0d7,2ea
0d7,2ec
0d7,311
0d7,312
0d7,31b
0d7,34b
0d7,359
0d7,35a
0d7,365
0d7,366
0d7,371
0d7,372
0d7,38b
0d7,399
0d7,39a
0d7,449
0d7,44a
0d7,464
0d7,46d
0d7,46e
0d7,489
0d7,48a
0d7,4ad
0d7,4ae
0d7,4e9
0d7,4ea
0d7,4ec
0d7,559
0d7,55a
0d7,599
0d7,59a
0d7,64b
0d7,665
0d7,666
0d7,68b
0d7,6a5
0d7,6a6
0d8,0e7
0d8,11f
0d8,145
0d8,146
0d8,14f
0d8,157
0d8,16d
0d8,16e
0d8,18f
0d8,1c7
0d8,201
0d8,202
0d8,20b
0d8,213
0d8,215
0d8,216
0d8,21f
0d8,243
0d8,245
0d8,246
0d8,24f
0d8,257
0d8,261
0d8,262
0d8,264
0d8,26b
0d8,26d
0d8,26e
0d8,273
0d8,275
0d8,276
0d8,283
0d8,285
0d8,286
0d8,28f
0d8,297
0d8,2a1
0d8,2a2
0d8,2ab
0d8,2ad
0d8,2ae
0d8,2b3
0d8,2c7
0d8,2e3
0d8,2e5
0d8,2e6
0d8,311
0d8,312
0d8,31b
0d8,34b
0d8,353
0d8,355
0d8,356
0d8,369
0d8,36a
0d8,371
0d8,372
0d8,38b
0d8,393
0d8,3a9
0d8,3aa
0d8,415
0d8,416
0d8,41f
0d8,445
0d8,446
0d8,44f
0d8,457
0d8,464
0d8,46d
0d8,46e
0d8,475
0d8,476
0d8,485
0d8,486
0d8,48f
0d8,497
0d8,4ad
0d8,4ae
0d8,4c7
0d8,4e5
0d8,4e6
0d8,555
0d8,556
0d8,64b
0d8,653
0d8,655
0d8,656
0d8,68b
0d8,693
0d8,695
0d8,696
0db,145
0db,146
0db,168
0db,16d
0db,16e
0db,201
0db,202
0db,207
0db,215
0db,216
0db,22f
0db,237
0db,245
0db,246
0db,254
0db,261
0db,262
0db,267
0db,26d
0db,26e
0db,275
0db,276
0db,285
0db,286
0db,2a1
0db,2a2
0db,2a7
0db,2ad
0db,2ae
0db,2e5
0db,2e6
0db,2ec
0db,311
0db,312
0db,317
0db,347
0db,355
0db,356
0db,369
0db,36a
0db,371
0db,372
0db,387
0db,3a9
0db,3aa
0db,415
0db,416
0db,445
0db,446
0db,454
0db,46d
0db,46e
0db,475
0db,476
0db,485
0db,486
0db,4ad
0db,4ae
0db,4e5
0db,4e6
0db,4ec
0db,555
0db,556
0db,617
0db,647
0db,655
0db,656
0db,687
0db,695
0db,696
0dd,0e2
0dd,11a
0dd,146
0dd,14a
0dd,152
0dd,168
0dd,16e
0dd,17a
0dd,18a
0dd,1ea
0dd,201
0dd,207
0dd,20b
0dd,213
0dd,216
0dd,225
0dd,22f
0dd,237
0dd,243
0dd,246
0dd,24a
0dd,252
0dd,261
0dd,264
0dd,267
0dd,26b
0dd,26e
0dd,273
0dd,276
0dd,283
0dd,286
0dd,28a
0dd,292
0dd,2a1
0dd,2a7
0dd,2ab
0dd,2ae
0dd,2b3
0dd,2e3
0dd,2e6
0dd,2ea
0dd,2f2
0dd,311
0dd,317
0dd,31b
0dd,347
0dd,34b
0dd,353
0dd,356
0dd,35a
0dd,365
0dd,369
0dd,371
0dd,387
0dd,38b
0dd,393
0dd,39a
0dd,3a9
0dd,416
0dd,446
0dd,44a
0dd,452
0dd,464
0dd,46e
0dd,476
0dd,486
0dd,48a
0dd,492
0dd,4ae
0dd,4e6
0dd,4ea
0dd,4f2
0dd,556
0dd,55a
0dd,59a
0dd,617
0dd,647
0dd,64b
0dd,653
0dd,656
0dd,665
0dd,687
0dd,68b
0dd,693
0dd,696
0dd,6a5
0de,0e1
0de,119
0de,145
0de,149
0de,151
0de,168
0de,16d
0de,179
0de,189
0de,1e9
0de,202
0de,207
0de,20b
0de,213
0de,215
0de,226
0de,22f
0de,237
0de,243
0de,245
0de,249
0de,251
0de,262
0de,264
0de,267
0de,26b
0de,26d
0de,273
0de,275
0de,283
0de,285
0de,289
0de,291
0de,2a2
0de,2a7
0de,2ab
0de,2ad
0de,2b3
0de,2e3
0de,2e5
0de,2e9
0de,2f1
0de,312
0de,317
0de,31b
0de,347
0de,34b
0de,353
0de,355
0de,359
0de,366
0de,36a
0de,372
0de,387
0de,38b
0de,393
0de,399
0de,3aa
0de,415
0de,445
0de,449
0de,451
0de,464
0de,46d
0de,475
0de,485
0de,489
0de,491
0de,4ad
0de,4e5
0de,4e9
0de,4f1
0de,555
0de,559
0de,599
0de,617
0de,647
0de,64b
0de,653
0de,655
0de,666
0de,687
0de,68b
0de,693
0de,695
0de,6a6
0e1,119
0e1,146
0e1,14a
0e1,14f
0e1,152
0e1,157
0e1,158
0e1,15b
0e1,15d
0e1,16e
0e1,17a
0e1,18a
0e1,18f
0e1,19b
0e1,1ce
0e1,1da
0e1,202
0e1,207
0e1,20b
0e1,213
0e1,215
0e1,226
0e1,22f
0e1,237
0e1,246
0e1,24a
0e1,24f
0e1,252
0e1,254
0e1,257
0e1,25b
0e1,25d
0e1,26e
0e1,276
0e1,286
0e1,28a
0e1,28f
0e1,292
0e1,297
0e1,29b
0e1,29d
0e1,2ae
0e1,2ce
0e1,2d6
0e1,2da
0e1,2dc
0e1,311
0e1,347
0e1,34b
0e1,353
0e1,355
0e1,359
0e1,366
0e1,36a
0e1,372
0e1,387
0e1,38b
0e1,393
0e1,399
0e1,3aa
0e1,415
0e1,446
0e1,44a
0e1,44f
0e1,452
0e1,454
0e1,457
0e1,45b
0e1,45d
0e1,46e
0e1,476
0e1,486
0e1,48a
0e1,48f
0e1,492
0e1,497
0e1,49b
0e1,49d
0e1,4ae
0e1,4ce
0e1,4d6
0e1,4da
0e1,4dc
0e1,555
0e1,559
0e1,599
0e1,647
0e1,64b
0e1,653
0e1,655
0e1,666
0e1,687
0e1,68b
0e1,693
0e1,695
0e1,6a6
0e2,11a
0e2,145
0e2,149
0e2,14f
0e2,151
0e2,157
0e2,158
0e2,15b
0e2,15e
0e2,16d
0e2,179
0e2,189
0e2,18f
0e2,19b
0e2,1cd
0e2,1d9
0e2,201
0e2,207
0e2,20b
0e2,213
0e2,216
0e2,225
0e2,22f
0e2,237
0e2,245
0e2,249
0e2,24f
0e2,251
0e2,254
0e2,257
0e2,25b
0e2,25e
0e2,26d
0e2,275
0e2,285
0e2,289
0e2,28f
0e2,291
0e2,297
0e2,29b
0e2,29e
0e2,2ad
0e2,2cd
0e2,2d5
0e2,2d9
0e2,2dc
0e2,312
0e2,347
0e2,34b
0e2,353
0e2,356
0e2,35a
0e2,365
0e2,369
0e2,371
0e2,387
0e2,38b
0e2,393
0e2,39a
0e2,3a9
0e2,416
0e2,445
0e2,449
0e2,44f
0e2,451
0e2,454
0e2,457
0e2,45b
0e2,45e
0e2,46d
0e2,475
0e2,485
0e2,489
0e2,48f
0e2,491
0e2,497
0e2,49b
0e2,49e
0e2,4ad
0e2,4cd
0e2,4d5
0e2,4d9
0e2,4dc
0e2,556
0e2,55a
0e2,59a
0e2,647
0e2,64b
0e2,653
0e2,656
0e2,665
0e2,687
0e2,68b
0e2,693
0e2,696
0e2,6a5
0e7,11f
0e7,149
0e7,14a
0e7,151
0e7,152
0e7,15b
0e7,15d
0e7,15e
0e7,168
0e7,179
0e7,17a
0e7,189
0e7,18a
0e7,19b
0e7,1d9
0e7,1da
0e7,201
0e7,202
0e7,20b
0e7,213
0e7,215
0e7,216
0e7,21f
0e7,249
0e7,24a
0e7,251
0e7,252
0e7,254
0e7,25b
0e7,25d
0e7,25e
0e7,289
0e7,28a
0e7,291
0e7,292
0e7,29b
0e7,29d
0e7,29e
0e7,2d9
0e7,2da
0e7,2dc
0e7,317
0e7,34b
0e7,353
0e7,355
0e7,356
0e7,369
0e7,36a
0e7,371
0e7,372
0e7,38b
0e7,393
0e7,3a9
0e7,3aa
0e7,415
0e7,416
0e7,41f
0e7,449
0e7,44a
0e7,451
0e7,452
0e7,454
0e7,45b
0e7,45d
0e7,45e
0e7,489
0e7,48a
0e7,491
0e7,492
0e7,49b
0e7,49d
0e7,49e
0e7,4d9
0e7,4da
0e7,4dc
0e7,555
0e7,556
0e7,617
0e7,64b
0e7,653
0e7,655
0e7,656
0e7,68b
0e7,693
0e7,695
0e7,696
0e8,119
0e8,11a
0e8,145
0e8,146
0e8,14f
0e8,151
0e8,152
0e8,15b
0e8,15d
0e8,15e
0e8,18f
0e8,19b
0e8,1c7
0e8,1d3
0e8,201
0e8,202
0e8,20b
0e8,225
0e8,226
0e8,22f
0e8,243
0e8,245
0e8,246
0e8,24f
0e8,251
0e8,252
0e8,254
0e8,25b
0e8,25d
0e8,25e
0e8,267
0e8,273
0e8,275
0e8,276
0e8,283
0e8,285
0e8,286
0e8,28f
0e8,291
0e8,292
0e8,29b
0e8,29d
0e8,29e
0e8,2a7
0e8,2b3
0e8,2c7
0e8,2d3
0e8,2d5
0e8,2d6
0e8,34b
0e8,359
0e8,35a
0e8,365
0e8,366
0e8,371
0e8,372
0e8,38b
0e8,399
0e8,39a
0e8,445
0e8,446
0e8,44f
0e8,451
0e8,452
0e8,454
0e8,45b
0e8,45d
0e8,45e
0e8,475
0e8,476
0e8,485
0e8,486
0e8,48f
0e8,491
0e8,492
0e8,49b
0e8,49d
0e8,49e
0e8,4c7
0e8,4d3
0e8,4d5
0e8,4d6
0e8,559
0e8,55a
0e8,599
0e8,59a
0e8,64b
0e8,665
0e8,666
0e8,68b
0e8,6a5
0e8,6a6
0eb,119
0eb,11a
0eb,11f
0eb,145
0eb,146
0eb,151
0eb,152
0eb,157
0eb,158
0eb,15d
0eb,15e
0eb,201
0eb,202
0eb,207
0eb,213
0eb,21f
0eb,225
0eb,226
0eb,237
0eb,245
0eb,246
0eb,251
0eb,252
0eb,257
0eb,25d
0eb,25e
0eb,264
0eb,275
0eb,276
0eb,285
0eb,286
0eb,291
0eb,292
0eb,297
0eb,29d
0eb,29e
0eb,2d5
0eb,2d6
0eb,2dc
0eb,31b
0eb,347
0eb,353
0eb,359
0eb,35a
0eb,365
0eb,366
0eb,371
0eb,372
0eb,387
0eb,393
0eb,399
0eb,39a
0eb,41f
0eb,445
0eb,446
0eb,451
0eb,452
0eb,457
0eb,45d
0eb,45e
0eb,464
0eb,475
0eb,476
0eb,485
0eb,486
0eb,491
0eb,492
0eb,497
0eb,49d
0eb,49e
0eb,4d5
0eb,4d6
0eb,4dc
0eb,559
0eb,55a
0eb,599
0eb,59a
0eb,647
0eb,653
0eb,665
0eb,666
0eb,687
0eb,693
0eb,6a5
0eb,6a6
0ed,119
0ed,11f
0ed,146
0ed,14a
0ed,151
0ed,157
0ed,158
0ed,15b
0ed,15e
0ed,17a
0ed,18a
0ed,19b
0ed,1d3
0ed,1da
0ed,201
0ed,207
0ed,20b
0ed,215
0ed,21f
0ed,226
0ed,237
0ed,243
0ed,246
0ed,24a
0ed,251
0ed,254
0ed,257
0ed,25b
0ed,25e
0ed,262
0ed,273
0ed,276
0ed,283
0ed,286
0ed,28a
0ed,291
0ed,297
0ed,29b
0ed,29e
0ed,2a2
0ed,2b3
0ed,2d3
0ed,2d6
0ed,2da
0ed,2f2
0ed,347
0ed,34b
0ed,355
0ed,359
0ed,366
0ed,36a
0ed,371
0ed,387
0ed,38b
0ed,399
0ed,3aa
0ed,415
0ed,41f
0ed,446
0ed,44a
0ed,451
0ed,454
0ed,457
0ed,45b
0ed,45e
0ed,476
0ed,486
0ed,48a
0ed,491
0ed,497
0ed,49b
0ed,49e
0ed,4d3
0ed,4d6
0ed,4da
0ed,4f2
0ed,555
0ed,559
0ed,599
0ed,647
0ed,64b
0ed,655
0ed,666
0ed,687
0ed,68b
0ed,695
0ed,6a6
0ee,11a
0ee,11f
0ee,145
0ee,149
0ee,152
0ee,157
0ee,158
0ee,15b
0ee,15d
0ee,179
0ee,189
0ee,19b
0ee,1d3
0ee,1d9
0ee,202
0ee,207
0ee,20b
0ee,216
0ee,21f
0ee,225
0ee,237
0ee,243
0ee,245
0ee,249
0ee,252
0ee,254
0ee,257
0ee,25b
0ee,25d
0ee,261
0ee,273
0ee,275
0ee,283
0ee,285
0ee,289
0ee,292
0ee,297
0ee,29b
0ee,29d
0ee,2a1
0ee,2b3
0ee,2d3
0ee,2d5
0ee,2d9
0ee,2f1
0ee,347
0ee,34b
0ee,356
0ee,35a
0ee,365
0ee,369
0ee,372
0ee,387
0ee,38b
0ee,39a
0ee,3a9
0ee,416
0ee,41f
0ee,445
0ee,449
0ee,452
0ee,454
0ee,457
0ee,45b
0ee,45d
0ee,475
0ee,485
0ee,489
0ee,492
0ee,497
0ee,49b
0ee,49d
0ee,4d3
0ee,4d5
0ee,4d9
0ee,4f1
0ee,556
0ee,55a
0ee,59a
0ee,647
0ee,64b
0ee,656
0ee,665
0ee,687
0ee,68b
0ee,696
0ee,6a5
0f3,119
0f3,11a
0f3,11f
0f3,145
0f3,146
0f3,149
0f3,14a
0f3,14f
0f3,158
0f3,15d
0f3,15e
0f3,168
0f3,16d
0f3,16e
0f3,189
0f3,18a
0f3,18f
0f3,1cd
0f3,1ce
0f3,201
0f3,202
0f3,207
0f3,20b
0f3,215
0f3,216
0f3,21f
0f3,225
0f3,226
0f3,22f
0f3,245
0f3,246
0f3,249
0f3,24a
0f3,24f
0f3,254
0f3,25d
0f3,25e
0f3,264
0f3,26d
0f3,26e
0f3,285
0f3,286
0f3,289
0f3,28a
0f3,28f
0f3,29d
0f3,29e
0f3,2ad
0f3,2ae
0f3,2cd
0f3,2ce
0f3,2dc
0f3,2ec
0f3,311
0f3,312
0f3,317
0f3,31b
0f3,347
0f3,34b
0f3,355
0f3,356
0f3,359
0f3,35a
0f3,365
0f3,366
0f3,369
0f3,36a
0f3,387
0f3,38b
0f3,399
0f3,39a
0f3,3a9
0f3,3aa
0f3,415
0f3,416
0f3,41f
0f3,445
0f3,446
0f3,449
0f3,44a
0f3,44f
0f3,454
0f3,45d
0f3,45e
0f3,464
0f3,46d
0f3,46e
0f3,485
0f3,486
0f3,489
0f3,48a
0f3,48f
0f3,49d
0f3,49e
0f3,4ad
0f3,4ae
0f3,4cd
0f3,4ce
0f3,4dc
0f3,4ec
0f3,555
0f3,556
0f3,559
0f3,55a
0f3,599
0f3,59a
0f3,617
0f3,647
0f3,64b
0f3,655
0f3,656
0f3,665
0f3,666
0f3,687
0f3,68b
0f3,695
0f3,696
0f3,6a5
0f3,6a6
0f9,11a
0f9,11f
0f9,145
0f9,14a
0f9,14f
0f9,152
0f9,157
0f9,15e
0f9,16e
0f9,18a
0f9,18f
0f9,1c7
0f9,1ce
0f9,201
0f9,20b
0f9,213
0f9,215
0f9,21f
0f9,225
0f9,22f
0f9,237
0f9,243
0f9,245
0f9,24a
0f9,24f
0f9,252
0f9,254
0f9,257
0f9,25e
0f9,262
0f9,264
0f9,267
0f9,26e
0f9,276
0f9,283
0f9,285
0f9,28a
0f9,28f
0f9,292
0f9,297
0f9,29e
0f9,2a2
0f9,2a7
0f9,2ae
0f9,2c7
0f9,2ce
0f9,2d6
0f9,2e6
0f9,311
0f9,31b
0f9,34b
0f9,353
0f9,355
0f9,35a
0f9,365
0f9,36a
0f9,372
0f9,38b
0f9,393
0f9,39a
0f9,3aa
0f9,415
0f9,41f
0f9,445
0f9,44a
0f9,44f
0f9,452
0f9,454
0f9,457
0f9,45e
0f9,464
0f9,46e
0f9,476
0f9,485
0f9,48a
0f9,48f
0f9,492
0f9,497
0f9,49e
0f9,4ae
0f9,4c7
0f9,4ce
0f9,4d6
0f9,4e6
0f9,555
0f9,55a
0f9,59a
0f9,64b
0f9,653
0f9,655
0f9,665
0f9,68b
0f9,693
0f9,695
0f9,6a5
0fa,119
0fa,11f
0fa,146
0fa,149
0fa,14f
0fa,151
0fa,157
0fa,15d
0fa,16d
0fa,189
0fa,18f
0fa,1c7
0fa,1cd
0fa,202
0fa,20b
0fa,213
0fa,216
0fa,21f
0fa,226
0fa,22f
0fa,237
0fa,243
0fa,246
0fa,249
0fa,24f
0fa,251
0fa,254
0fa,257
0fa,25d
0fa,261
0fa,264
0fa,267
0fa,26d
0fa,275
0fa,283
0fa,286
0fa,289
0fa,28f
0fa,291
0fa,297
0fa,29d
0fa,2a1
0fa,2a7
0fa,2ad
0fa,2c7
0fa,2cd
0fa,2d5
0fa,2e5
0fa,312
0fa,31b
0fa,34b
0fa,353
0fa,356
0fa,359
0fa,366
0fa,369
0fa,371
0fa,38b
0fa,393
0fa,399
0fa,3a9
0fa,416
0fa,41f
0fa,446
0fa,449
0fa,44f
0fa,451
0fa,454
0fa,457
0fa,45d
0fa,464
0fa,46d
0fa,475
0fa,486
0fa,489
0fa,48f
0fa,491
0fa,497
0fa,49d
0fa,4ad
0fa,4c7
0fa,4cd
0fa,4d5
0fa,4e5
0fa,556
0fa,559
0fa,599
0fa,64b
0fa,653
0fa,656
0fa,666
0fa,68b
0fa,693
0fa,696
0fa,6a6
119,146
119,16e
119,1c7
119,1ce
119,1ea
119,202
119,207
119,216
119,225
119,22f
119,237
119,243
119,245
119,24a
119,24f
119,252
119,254
119,257
119,25e
119,261
119,26b
119,26d
119,273
119,275
119,283
119,285
119,28a
119,28f
119,292
119,297
119,29e
119,2a1
119,2ab
119,2ad
119,2b3
119,2cb
119,2cd
119,2d3
119,2d5
119,2da
119,2dc
119,2e9
119,2f1
119,347
119,356
119,365
119,36a
119,372
119,387
119,3aa
119,416
119,445
119,44a
119,44f
119,452
119,454
119,457
119,45e
119,46d
119,475
119,485
119,48a
119,48f
119,492
119,497
119,49e
119,4ad
119,4cb
119,4cd
119,4d3
119,4d5
119,4da
119,4dc
119,4e9
119,4f1
119,556
119,617
119,64b
119,653
119,655
119,68b
119,693
119,695
11a,145
11a,16d
11a,1c7
11a,1cd
11a,1e9
11a,201
11a,207
11a,215
11a,226
11a,22f
11a,237
11a,243
11a,246
11a,249
11a,24f
11a,251
11a,254
11a,257
11a,25d
11a,262
11a,26b
11a,26e
11a,273
11a,276
11a,283
11a,286
11a,289
11a,28f
11a,291
11a,297
11a,29d
11a,2a2
11a,2ab
11a,2ae
11a,2b3
11a,2cb
11a,2ce
11a,2d3
11a,2d6
11a,2d9
11a,2dc
11a,2ea
11a,2f2
11a,347
11a,355
11a,366
11a,369
11a,371
11a,387
11a,3a9
11a,415
11a,446
11a,449
11a,44f
11a,451
11a,454
11a,457
11a,45d
11a,46e
11a,476
11a,486
11a,489
11a,48f
11a,491
11a,497
11a,49d
11a,4ae
11a,4cb
11a,4ce
11a,4d3
11a,4d6
11a,4d9
11a,4dc
11a,4ea
11a,4f2
11a,555
11a,617
11a,64b
11a,653
11a,656
11a,68b
11a,693
11a,696
11f,168
11f,1e9
11f,1ea
11f,201
11f,202
11f,225
11f,226
11f,243
11f,245
11f,246
11f,249
11f,24a
11f,251
11f,252
11f,254
11f,267
11f,26b
11f,26d
11f,26e
11f,273
11f,275
11f,276
11f,283
11f,285
11f,286
11f,289
11f,28a
11f,291
11f,292
11f,2a7
11f,2ab
11f,2ad
11f,2ae
11f,2b3
11f,2c7
11f,2cb
11f,2cd
11f,2ce
11f,2d3
11f,2d5
11f,2d6
11f,2d9
11f,2da
11f,2dc
11f,365
11f,366
11f,369
11f,36a
11f,371
11f,372
11f,3a9
11f,3aa
11f,445
11f,446
11f,449
11f,44a
11f,451
11f,452
11f,454
11f,46d
11f,46e
11f,475
11f,476
11f,485
11f,486
11f,489
11f,48a
11f,491
11f,492
11f,4ad
11f,4ae
11f,4c7
11f,4cb
11f,4cd
11f,4ce
11f,4d3
11f,4d5
11f,4d6
11f,4d9
11f,4da
11f,4dc
11f,647
11f,64b
11f,653
11f,655
11f,656
11f,687
11f,68b
11f,693
11f,695
11f,696
145,17a
145,18a
145,19b
145,1da
145,1ea
145,202
145,20b
145,213
145,216
145,21f
145,226
145,22f
145,237
145,24a
145,252
145,25b
145,25e
145,262
145,26b
145,26e
145,273
145,276
145,283
145,286
145,289
145,28f
145,291
145,297
145,29d
145,2a1
145,2a7
145,2ad
145,2cb
145,2ce
145,2d3
145,2d6
145,2d9
145,2dc
145,2e3
145,2e6
145,2e9
145,2ec
145,2f1
145,312
145,31b
145,35a
145,36a
145,372
145,38b
145,393
145,399
145,3a9
145,416
145,41f
145,44a
145,452
145,45b
145,45e
145,46e
145,476
145,486
145,489
145,48f
145,491
145,497
145,49d
145,4ad
145,4cb
145,4ce
145,4d3
145,4d6
145,4d9
145,4dc
145,4e6
145,4e9
145,4ec
145,4f1
145,55a
145,599
145,617
145,64b
145,653
145,656
145,666
145,687
145,695
145,6a5
146,179
146,189
146,19b
146,1d9
146,1e9
146,201
146,20b
146,213
146,215
146,21f
146,225
146,22f
146,237
146,249
146,251
146,25b
146,25d
146,261
146,26b
146,26d
146,273
146,275
146,283
146,285
146,28a
146,28f
146,292
146,297
146,29e
146,2a2
146,2a7
146,2ae
146,2cb
146,2cd
146,2d3
146,2d5
146,2da
146,2dc
146,2e3
146,2e5
146,2ea
146,2ec
146,2f2
146,311
146,31b
146,359
146,369
146,371
146,38b
146,393
146,39a
146,3aa
146,415
146,41f
146,449
146,451
146,45b
146,45d
146,46d
146,475
146,485
146,48a
146,48f
146,492
146,497
146,49e
146,4ae
146,4cb
146,4cd
146,4d3
146,4d5
146,4da
146,4dc
146,4e5
146,4ea
146,4ec
146,4f2
146,559
146,59a
146,617
146,64b
146,653
146,655
146,665
146,687
146,696
146,6a6
149,202
149,207
149,213
149,215
149,21f
149,225
149,22f
149,246
149,252
149,254
149,257
149,25e
149,262
149,264
149,267
149,26e
149,273
149,275
149,283
149,285
149,28a
149,28f
149,291
149,29b
149,29d
149,2a1
149,2ab
149,2ad
149,2c7
149,2ce
149,2d3
149,2d5
149,2da
149,2dc
149,2e3
149,2e5
149,2ea
149,2ec
149,2f1
149,312
149,317
149,356
149,366
149,372
149,387
149,393
149,39a
149,3aa
149,415
149,41f
149,446
149,452
149,454
149,457
149,45e
149,464
149,46e
149,475
149,485
149,48a
149,48f
149,491
149,49b
149,49d
149,4ad
149,4c7
149,4ce
149,4d3
149,4d5
149,4da
149,4dc
149,4e5
149,4ea
149,4ec
149,4f1
149,556
149,59a
149,647
149,653
149,655
149,665
149,68b
14a,201
14a,207
14a,213
14a,216
14a,21f
14a,226
14a,22f
14a,245
14a,251
14a,254
14a,257
14a,25d
14a,261
14a,264
14a,267
14a,26d
14a,273
14a,276
14a,283
14a,286
14a,289
14a,28f
14a,292
14a,29b
14a,29e
14a,2a2
14a,2ab
14a,2ae
14a,2c7
14a,2cd
14a,2d3
14a,2d6
14a,2d9
14a,2dc
14a,2e3
14a,2e6
14a,2e9
14a,2ec
14a,2f2
14a,311
14a,317
14a,355
14a,365
14a,371
14a,387
14a,393
14a,399
14a,3a9
14a,416
14a,41f
14a,445
14a,451
14a,454
14a,457
14a,45d
14a,464
14a,46d
14a,476
14a,486
14a,489
14a,48f
14a,492
14a,49b
14a,49e
14a,4ae
14a,4c7
14a,4cd
14a,4d3
14a,4d6
14a,4d9
14a,4dc
14a,4e6
14a,4e9
14a,4ec
14a,4f2
14a,555
14a,599
14a,647
14a,653
14a,656
14a,666
14a,68b
14f,201
14f,202
14f,213
14f,215
14f,216
14f,225
14f,226
14f,237
14f,251
14f,252
14f,254
14f,261
14f,262
14f,264
14f,273
14f,275
14f,276
14f,283
14f,285
14f,286
14f,289
14f,28a
14f,297
14f,29b
14f,29d
14f,29e
14f,2a7
14f,2ab
14f,2ad
14f,2ae
14f,2d3
14f,2d5
14f,2d6
14f,2d9
14f,2da
14f,2dc
14f,2e3
14f,2e5
14f,2e6
14f,2e9
14f,2ea
14f,2ec
14f,311
14f,312
14f,371
14f,372
14f,393
14f,399
14f,39a
14f,3a9
14f,3aa
14f,415
14f,416
14f,451
14f,452
14f,454
14f,464
14f,475
14f,476
14f,485
14f,486
14f,489
14f,48a
14f,497
14f,49b
14f,49d
14f,49e
14f,4ad
14f,4ae
14f,4d3
14f,4d5
14f,4d6
14f,4d9
14f,4da
14f,4dc
14f,4e5
14f,4e6
14f,4e9
14f,4ea
14f,4ec
14f,599
14f,59a
14f,617
14f,653
14f,655
14f,656
14f,665
14f,666
14f,687
14f,68b
151,16e
151,18a
151,18f
151,1ce
151,1ea
151,202
151,207
151,20b
151,216
151,21f
151,225
151,237
151,246
151,24a
151,24f
151,25e
151,262
151,264
151,267
151,26b
151,26d
151,276
151,283
151,285
151,289
151,292
151,297
151,29b
151,29d
151,2a1
151,2b3
151,2c7
151,2cb
151,2cd
151,2d6
151,2da
151,2dc
151,2e3
151,2e5
151,2e9
151,2f2
151,366
151,36a
151,387
151,38b
151,39a
151,3a9
151,416
151,41f
151,446
151,44a
151,44f
151,45e
151,464
151,46d
151,476
151,485
151,489
151,492
151,497
151,49b
151,49d
151,4c7
151,4cb
151,4cd
151,4d6
151,4da
151,4dc
151,4e5
151,4e9
151,4f2
151,59a
151,617
151,647
151,64b
151,656
151,665
151,693
151,695
152,16d
152,189
152,18f
152,1cd
152,1e9
152,201
152,207
152,20b
152,215
152,21f
152,226
152,237
152,245
152,249
152,24f
152,25d
152,261
152,264
152,267
152,26b
152,26e
152,275
152,283
152,286
152,28a
152,291
152,297
152,29b
152,29e
152,2a2
152,2b3
152,2c7
152,2cb
152,2ce
152,2d5
152,2d9
152,2dc
152,2e3
152,2e6
152,2ea
152,2f1
152,365
152,369
152,387
152,38b
152,399
152,3aa
152,415
152,41f
152,445
152,449
152,44f
152,45d
152,464
152,46e
152,475
152,486
152,48a
152,491
152,497
152,49b
152,49e
152,4c7
152,4cb
152,4ce
152,4d5
152,4d9
152,4dc
152,4e6
152,4ea
152,4f1
152,599
152,617
152,647
152,64b
152,655
152,666
152,693
152,696
157,168
157,189
157,18a
157,1e9
157,1ea
157,201
157,202
157,20b
157,225
157,226
157,22f
157,249
157,24a
157,261
157,262
157,264
157,26b
157,26d
157,26e
157,283
157,285
157,286
157,28f
157,291
157,292
157,29b
157,29d
157,29e
157,2a7
157,2b3
157,2cb
157,2cd
157,2ce
157,2d9
157,2da
157,2dc
157,2e3
157,2e5
157,2e6
157,2f1
157,2f2
157,369
157,36a
157,38b
157,399
157,39a
157,449
157,44a
157,464
157,46d
157,46e
157,485
157,486
157,48f
157,491
157,492
157,49b
157,49d
157,49e
157,4cb
157,4cd
157,4ce
157,4d9
157,4da
157,4dc
157,4e5
157,4e6
157,4f1
157,4f2
157,599
157,59a
157,64b
157,665
157,666
157,687
157,693
157,695
157,696
158,18f
158,1c7
158,201
158,202
158,20b
158,213
158,215
158,216
158,21f
158,243
158,245
158,246
158,24f
158,257
158,261
158,262
158,264
158,26b
158,26d
158,26e
158,273
158,275
158,276
158,289
158,28a
158,291
158,292
158,29b
158,29d
158,29e
158,2cb
158,2cd
158,2ce
158,2d3
158,2d5
158,2d6
158,2e9
158,2ea
158,2ec
158,2f1
158,2f2
158,317
158,347
158,365
158,366
158,38b
158,393
158,3a9
158,3aa
158,415
158,416
158,41f
158,445
158,446
158,44f
158,457
158,464
158,46d
158,46e
158,475
158,476
158,489
158,48a
158,491
158,492
158,49b
158,49d
158,49e
158,4cb
158,4cd
158,4ce
158,4d3
158,4d5
158,4d6
158,4e9
158,4ea
158,4ec
158,4f1
158,4f2
158,64b
158,653
158,655
158,656
15b,201
15b,202
15b,207
15b,215
15b,216
15b,22f
15b,237
15b,245
15b,246
15b,254
15b,261
15b,262
15b,267
15b,26d
15b,26e
15b,275
15b,276
15b,283
15b,289
15b,28a
15b,28f
15b,291
15b,292
15b,297
15b,29d
15b,29e
15b,2ab
15b,2b3
15b,2c7
15b,2cd
15b,2ce
15b,2d5
15b,2d6
15b,2dc
15b,2e3
15b,2e9
15b,2ea
15b,2f1
15b,2f2
15b,365
15b,366
15b,387
15b,3a9
15b,3aa
15b,415
15b,416
15b,445
15b,446
15b,454
15b,46d
15b,46e
15b,475
15b,476
15b,489
15b,48a
15b,48f
15b,491
15b,492
15b,497
15b,49d
15b,49e
15b,4c7
15b,4cd
15b,4ce
15b,4d5
15b,4d6
15b,4dc
15b,4e9
15b,4ea
15b,4f1
15b,4f2
15b,617
15b,647
15b,655
15b,656
15b,68b
15b,693
15d,18a
15d,1ea
15d,201
15d,207
15d,20b
15d,213
15d,216
15d,225
15d,22f
15d,237
15d,243
15d,246
15d,24a
15d,252
15d,261
15d,264
15d,267
15d,26b
15d,26e
15d,273
15d,276
15d,285
15d,289
15d,28f
15d,291
15d,297
15d,29b
15d,29e
15d,2ad
15d,2c7
15d,2cb
15d,2ce
15d,2d3
15d,2d6
15d,2da
15d,2e5
15d,2e9
15d,2ec
15d,2f1
15d,312
15d,366
15d,36a
15d,372
15d,387
15d,38b
15d,393
15d,39a
15d,3a9
15d,416
15d,446
15d,44a
15d,452
15d,464
15d,46e
15d,476
15d,485
15d,489
15d,48f
15d,491
15d,497
15d,49b
15d,49e
15d,4ad
15d,4c7
15d,4cb
15d,4ce
15d,4d3
15d,4d6
15d,4da
15d,4e5
15d,4e9
15d,4ec
15d,4f1
15d,59a
15d,617
15d,647
15d,64b
15d,653
15d,656
15d,665
15d,695
15e,189
15e,1e9
15e,202
15e,207
15e,20b
15e,213
15e,215
15e,226
15e,22f
15e,237
15e,243
15e,245
15e,249
15e,251
15e,262
15e,264
15e,267
15e,26b
15e,26d
15e,273
15e,275
15e,286
15e,28a
15e,28f
15e,292
15e,297
15e,29b
15e,29d
15e,2ae
15e,2c7
15e,2cb
15e,2cd
15e,2d3
15e,2d5
15e,2d9
15e,2e6
15e,2ea
15e,2ec
15e,2f2
15e,311
15e,365
15e,369
15e,371
15e,387
15e,38b
15e,393
15e,399
15e,3aa
15e,415
15e,445
15e,449
15e,451
15e,464
15e,46d
15e,475
15e,486
15e,48a
15e,48f
15e,492
15e,497
15e,49b
15e,49d
15e,4ae
15e,4c7
15e,4cb
15e,4cd
15e,4d3
15e,4d5
15e,4d9
15e,4e6
15e,4ea
15e,4ec
15e,4f2
15e,599
15e,617
15e,647
15e,64b
15e,653
15e,655
15e,666
15e,696
168,18f
168,19b
168,1c7
168,1d3
168,201
168,202
168,20b
168,225
168,226
168,22f
168,243
168,245
168,246
168,24f
168,251
168,252
168,254
168,25b
168,25d
168,25e
168,267
168,273
168,275
168,276
168,289
168,28a
168,2a1
168,2a2
168,2ab
168,2ad
168,2ae
168,2cb
168,2cd
168,2ce
168,2d9
168,2da
168,2dc
168,2e3
168,2e5
168,2e6
168,2f1
168,2f2
168,311
168,312
168,31b
168,347
168,353
168,355
168,356
168,38b
168,399
168,39a
168,445
168,446
168,44f
168,451
168,452
168,454
168,45b
168,45d
168,45e
168,475
168,476
168,489
168,48a
168,4ad
168,4ae
168,4cb
168,4cd
168,4ce
168,4d9
168,4da
168,4dc
168,4e5
168,4e6
168,4f1
168,4f2
168,555
168,556
168,599
168,59a
168,64b
168,665
168,666
16d,18a
16d,19b
16d,1d3
16d,1da
16d,201
16d,207
16d,20b
16d,215
16d,21f
16d,226
16d,237
16d,243
16d,246
16d,24a
16d,251
16d,254
16d,257
16d,25b
16d,25e
16d,262
16d,273
16d,276
16d,285
16d,289
16d,28f
16d,29d
16d,2a1
16d,2a7
16d,2ab
16d,2ae
16d,2c7
16d,2cb
16d,2ce
16d,2d5
16d,2d9
16d,2dc
16d,2e3
16d,2e6
16d,2ea
16d,2f1
16d,311
16d,317
16d,31b
16d,353
16d,356
16d,35a
16d,372
16d,387
16d,38b
16d,399
16d,3aa
16d,415
16d,41f
16d,446
16d,44a
16d,451
16d,454
16d,457
16d,45b
16d,45e
16d,476
16d,485
16d,489
16d,48f
16d,49d
16d,4ae
16d,4c7
16d,4cb
16d,4ce
16d,4d5
16d,4d9
16d,4dc
16d,4e6
16d,4ea
16d,4f1
16d,556
16d,55a
16d,599
16d,647
16d,64b
16d,655
16d,666
16d,6a5
16e,189
16e,19b
16e,1d3
16e,1d9
16e,202
16e,207
16e,20b
16e,216
16e,21f
16e,225
16e,237
16e,243
16e,245
16e,249
16e,252
16e,254
16e,257
16e,25b
16e,25d
16e,261
16e,273
16e,275
16e,286
16e,28a
16e,28f
16e,29e
16e,2a2
16e,2a7
16e,2ab
16e,2ad
16e,2c7
16e,2cb
16e,2cd
16e,2d6
16e,2da
16e,2dc
16e,2e3
16e,2e5
16e,2e9
16e,2f2
16e,312
16e,317
16e,31b
16e,353
16e,355
16e,359
16e,371
16e,387
16e,38b
16e,39a
16e,3a9
16e,416
16e,41f
16e,445
16e,449
16e,452
16e,454
16e,457
16e,45b
16e,45d
16e,475
16e,486
16e,48a
16e,48f
16e,49e
16e,4ad
16e,4c7
16e,4cb
16e,4cd
16e,4d6
16e,4da
16e,4dc
16e,4e5
16e,4e9
16e,4f2
16e,555
16e,559
16e,59a
16e,647
16e,64b
16e,656
16e,665
16e,6a6
179,18a
179,18f
179,1c7
179,1ce
179,201
179,20b
179,213
179,215
179,21f
179,225
179,22f
179,237
179,243
179,245
179,24a
179,24f
179,252
179,254
179,257
179,25e
179,262
179,264
179,267
179,26e
179,276
179,289
179,291
179,29b
179,29d
179,2a1
179,2ab
179,2ad
179,2b3
179,2cb
179,2cd
179,2d3
179,2d5
179,2da
179,2dc
179,2e3
179,2e5
179,2ea
179,2ec
179,2f2
179,312
179,317
179,347
179,356
179,366
179,38b
179,393
179,39a
179,3aa
179,415
179,41f
179,445
179,44a
179,44f
179,452
179,454
179,457
179,45e
179,464
179,46e
179,476
179,489
179,491
179,49b
179,49d
179,4ad
179,4cb
179,4cd
179,4d3
179,4d5
179,4da
179,4dc
179,4e5
179,4ea
179,4ec
179,4f2
179,556
179,59a
179,64b
179,653
179,655
179,665
17a,189
17a,18f
17a,1c7
17a,1cd
17a,202
17a,20b
17a,213
17a,216
17a,21f
17a,226
17a,22f
17a,237
17a,243
17a,246
17a,249
17a,24f
17a,251
17a,254
17a,257
17a,25d
17a,261
17a,264
17a,267
17a,26d
17a,275
17a,28a
17a,292
17a,29b
17a,29e
17a,2a2
17a,2ab
17a,2ae
17a,2b3
17a,2cb
17a,2ce
17a,2d3
17a,2d6
17a,2d9
17a,2dc
17a,2e3
17a,2e6
17a,2e9
17a,2ec
17a,2f1
17a,311
17a,317
17a,347
17a,355
17a,365
17a,38b
17a,393
17a,399
17a,3a9
17a,416
17a,41f
17a,446
17a,449
17a,44f
17a,451
17a,454
17a,457
17a,45d
17a,464
17a,46d
17a,475
17a,48a
17a,492
17a,49b
17a,49e
17a,4ae
17a,4cb
17a,4ce
17a,4d3
17a,4d6
17a,4d9
17a,4dc
17a,4e6
17a,4e9
17a,4ec
17a,4f1
17a,555
17a,599
17a,64b
17a,653
17a,656
17a,666
189,202
189,207
189,213
189,215
189,21f
189,225
189,22f
189,243
189,245
189,24a
189,24f
189,251
189,25b
189,25d
189,261
189,26b
189,26d
189,286
189,292
189,297
189,29e
189,2a2
189,2a7
189,2ae
189,2b3
189,2c7
189,2ce
189,2d3
189,2d5
189,2da
189,2dc
189,2e3
189,2e5
189,2ea
189,2ec
189,2f1
189,312
189,317
189,347
189,353
189,355
189,35a
189,365
189,36a
189,371
189,415
189,41f
189,445
189,44a
189,44f
189,451
189,45b
189,45d
189,46d
189,486
189,492
189,497
189,49e
189,4ae
189,4c7
189,4ce
189,4d3
189,4d5
189,4da
189,4dc
189,4e5
189,4ea
189,4ec
189,4f1
189,555
189,55a
189,64b
189,687
189,693
189,695
189,6a5
18a,201
18a,207
18a,213
18a,216
18a,21f
18a,226
18a,22f
18a,243
18a,246
18a,249
18a,24f
18a,252
18a,25b
18a,25e
18a,262
18a,26b
18a,26e
18a,285
18a,291
18a,297
18a,29d
18a,2a1
18a,2a7
18a,2ad
18a,2b3
18a,2c7
18a,2cd
18a,2d3
18a,2d6
18a,2d9
18a,2dc
18a,2e3
18a,2e6
18a,2e9
18a,2ec
18a,2f2
18a,311
18a,317
18a,347
18a,353
18a,356
18a,359
18a,366
18a,369
18a,372
18a,416
18a,41f
18a,446
18a,449
18a,44f
18a,452
18a,45b
18a,45e
18a,46e
18a,485
18a,491
18a,497
18a,49d
18a,4ad
18a,4c7
18a,4cd
18a,4d3
18a,4d6
18a,4d9
18a,4dc
18a,4e6
18a,4e9
18a,4ec
18a,4f2
18a,556
18a,559
18a,64b
18a,687
18a,693
18a,696
18a,6a6
18f,201
18f,202
18f,213
18f,215
18f,216
18f,225
18f,226
18f,237
18f,243
18f,245
18f,246
18f,249
18f,24a
18f,257
18f,25b
18f,25d
18f,25e
18f,267
18f,26b
18f,26d
18f,26e
18f,291
18f,292
18f,2a1
18f,2a2
18f,2b3
18f,2d3
18f,2d5
18f,2d6
18f,2d9
18f,2da
18f,2dc
18f,2e3
18f,2e5
18f,2e6
18f,2e9
18f,2ea
18f,2ec
18f,311
18f,312
18f,353
18f,355
18f,356
18f,359
18f,35a
18f,365
18f,366
18f,369
18f,36a
18f,415
18f,416
18f,445
18f,446
18f,449
18f,44a
18f,457
18f,45b
18f,45d
18f,45e
18f,46d
18f,46e
18f,491
18f,492
18f,4d3
18f,4d5
18f,4d6
18f,4d9
18f,4da
18f,4dc
18f,4e5
18f,4e6
18f,4e9
18f,4ea
18f,4ec
18f,555
18f,556
18f,559
18f,55a
18f,617
18f,647
18f,64b
18f,693
18f,695
18f,696
18f,6a5
18f,6a6
19b,201
19b,202
19b,207
19b,215
19b,216
19b,22f
19b,237
19b,243
19b,249
19b,24a
19b,24f
19b,251
19b,252
19b,257
19b,25d
19b,25e
19b,26b
19b,273
19b,285
19b,286
19b,2a1
19b,2a2
19b,2a7
19b,2ad
19b,2ae
19b,2c7
19b,2cd
19b,2ce
19b,2d5
19b,2d6
19b,2dc
19b,2e3
19b,2e9
19b,2ea
19b,2f1
19b,2f2
19b,347
19b,355
19b,356
19b,369
19b,36a
19b,371
19b,372
19b,415
19b,416
19b,449
19b,44a
19b,44f
19b,451
19b,452
19b,457
19b,45d
19b,45e
19b,485
19b,486
19b,4ad
19b,4ae
19b,4c7
19b,4cd
19b,4ce
19b,4d5
19b,4d6
19b,4dc
19b,4e9
19b,4ea
19b,4f1
19b,4f2
19b,555
19b,556
19b,617
19b,64b
19b,653
19b,687
19b,695
19b,696
1c7,201
1c7,202
1c7,20b
1c7,213
1c7,215
1c7,216
1c7,21f
1c7,225
1c7,226
1c7,22f
1c7,237
1c7,249
1c7,24a
1c7,251
1c7,252
1c7,254
1c7,25b
1c7,25d
1c7,25e
1c7,261
1c7,262
1c7,264
1c7,26b
1c7,26d
1c7,26e
1c7,273
1c7,275
1c7,276
1c7,289
1c7,28a
1c7,291
1c7,292
1c7,29b
1c7,29d
1c7,29e
1c7,2a1
1c7,2a2
1c7,2ab
1c7,2ad
1c7,2ae
1c7,2b3
1c7,2d9
1c7,2da
1c7,2dc
1c7,2e9
1c7,2ea
1c7,2ec
1c7,2f1
1c7,2f2
1c7,311
1c7,312
1c7,31b
1c7,359
1c7,35a
1c7,369
1c7,36a
1c7,371
1c7,372
1c7,399
1c7,39a
1c7,3a9
1c7,3aa
1c7,415
1c7,416
1c7,41f
1c7,449
1c7,44a
1c7,451
1c7,452
1c7,454
1c7,45b
1c7,45d
1c7,45e
1c7,464
1c7,46d
1c7,46e
1c7,475
1c7,476
1c7,489
1c7,48a
1c7,491
1c7,492
1c7,49b
1c7,49d
1c7,49e
1c7,4ad
1c7,4ae
1c7,4d9
1c7,4da
1c7,4dc
1c7,4e9
1c7,4ea
1c7,4ec
1c7,4f1
1c7,4f2
1c7,559
1c7,55a
1c7,599
1c7,59a
1c7,617
1c7,64b
1c7,653
1c7,655
1c7,656
1c7,665
1c7,666
1c7,68b
1c7,693
1c7,695
1c7,696
1c7,6a5
1c7,6a6
1cb,201
1cb,202
1cb,207
1cb,213
1cb,21f
1cb,22f
1cb,245
1cb,246
1cb,251
1cb,252
1cb,257
1cb,25d
1cb,25e
1cb,261
1cb,262
1cb,267
1cb,26d
1cb,26e
1cb,273
1cb,285
1cb,286
1cb,291
1cb,292
1cb,297
1cb,29d
1cb,29e
1cb,2a1
1cb,2a2
1cb,2a7
1cb,2ad
1cb,2ae
1cb,2b3
1cb,2d5
1cb,2d6
1cb,2dc
1cb,2e5
1cb,2e6
1cb,2ec
1cb,2f1
1cb,2f2
1cb,311
1cb,312
1cb,317
1cb,355
1cb,356
1cb,365
1cb,366
1cb,371
1cb,372
1cb,41f
1cb,445
1cb,446
1cb,451
1cb,452
1cb,457
1cb,45d
1cb,45e
1cb,46d
1cb,46e
1cb,485
1cb,486
1cb,491
1cb,492
1cb,497
1cb,49d
1cb,49e
1cb,4ad
1cb,4ae
1cb,4d5
1cb,4d6
1cb,4dc
1cb,4e5
1cb,4e6
1cb,4ec
1cb,4f1
1cb,4f2
1cb,555
1cb,556
1cb,647
1cb,653
1cb,687
1cb,693
1cd,201
1cd,207
1cd,20b
1cd,215
1cd,21f
1cd,225
1cd,22f
1cd,243
1cd,246
1cd,24a
1cd,251
1cd,254
1cd,257
1cd,25b
1cd,25e
1cd,261
1cd,264
1cd,267
1cd,26b
1cd,26e
1cd,275
1cd,283
1cd,286
1cd,28a
1cd,291
1cd,297
1cd,29b
1cd,29e
1cd,2a1
1cd,2a7
1cd,2ab
1cd,2ae
1cd,2d3
1cd,2d6
1cd,2da
1cd,2e3
1cd,2e6
1cd,2ea
1cd,2f1
1cd,311
1cd,317
1cd,31b
1cd,353
1cd,356
1cd,35a
1cd,366
1cd,36a
1cd,371
1cd,393
1cd,39a
1cd,3aa
1cd,415
1cd,41f
1cd,446
1cd,44a
1cd,451
1cd,454
1cd,457
1cd,45b
1cd,45e
1cd,464
1cd,46e
1cd,475
1cd,486
1cd,48a
1cd,491
1cd,497
1cd,49b
1cd,49e
1cd,4ae
1cd,4d3
1cd,4d6
1cd,4da
1cd,4e6
1cd,4ea
1cd,4f1
1cd,556
1cd,55a
1cd,59a
1cd,647
1cd,64b
1cd,655
1cd,665
1cd,687
1cd,68b
1cd,695
1cd,6a5
1ce,202
1ce,207
1ce,20b
1ce,216
1ce,21f
1ce,226
1ce,22f
1ce,243
1ce,245
1ce,249
1ce,252
1ce,254
1ce,257
1ce,25b
1ce,25d
1ce,262
1ce,264
1ce,267
1ce,26b
1ce,26d
1ce,276
1ce,283
1ce,285
1ce,289
1ce,292
1ce,297
1ce,29b
1ce,29d
1ce,2a2
1ce,2a7
1ce,2ab
1ce,2ad
1ce,2d3
1ce,2d5
1ce,2d9
1ce,2e3
1ce,2e5
1ce,2e9
1ce,2f2
1ce,312
1ce,317
1ce,31b
1ce,353
1ce,355
1ce,359
1ce,365
1ce,369
1ce,372
1ce,393
1ce,399
1ce,3a9
1ce,416
1ce,41f
1ce,445
1ce,449
1ce,452
1ce,454
1ce,457
1ce,45b
1ce,45d
1ce,464
1ce,46d
1ce,476
1ce,485
1ce,489
1ce,492
1ce,497
1ce,49b
1ce,49d
1ce,4ad
1ce,4d3
1ce,4d5
1ce,4d9
1ce,4e5
1ce,4e9
1ce,4f2
1ce,555
1ce,559
1ce,599
1ce,647
1ce,64b
1ce,656
1ce,666
1ce,687
1ce,68b
1ce,696
1ce,6a6
1d3,201
1d3,202
1d3,207
1d3,20b
1d3,215
1d3,216
1d3,21f
1d3,237
1d3,245
1d3,246
1d3,249
1d3,24a
1d3,24f
1d3,254
1d3,25d
1d3,25e
1d3,261
1d3,262
1d3,267
1d3,26b
1d3,275
1d3,276
1d3,285
1d3,286
1d3,289
1d3,28a
1d3,28f
1d3,29d
1d3,29e
1d3,2a1
1d3,2a2
1d3,2a7
1d3,2ab
1d3,2cd
1d3,2ce
1d3,2dc
1d3,2e5
1d3,2e6
1d3,2e9
1d3,2ea
1d3,365
1d3,366
1d3,369
1d3,36a
1d3,3a9
1d3,3aa
1d3,415
1d3,416
1d3,41f
1d3,445
1d3,446
1d3,449
1d3,44a
1d3,44f
1d3,454
1d3,45d
1d3,45e
1d3,475
1d3,476
1d3,485
1d3,486
1d3,489
1d3,48a
1d3,48f
1d3,49d
1d3,49e
1d3,4cd
1d3,4ce
1d3,4dc
1d3,4e5
1d3,4e6
1d3,4e9
1d3,4ea
1d3,617
1d3,647
1d3,64b
1d3,655
1d3,656
1d3,687
1d3,68b
1d3,695
1d3,696
1d9,201
1d9,20b
1d9,213
1d9,215
1d9,21f
1d9,243
1d9,245
1d9,24a
1d9,24f
1d9,252
1d9,254
1d9,257
1d9,25e
1d9,261
1d9,26b
1d9,26d
1d9,273
1d9,275
1d9,283
1d9,285
1d9,28a
1d9,28f
1d9,292
1d9,297
1d9,29e
1d9,2a1
1d9,2ab
1d9,2ad
1d9,2b3
1d9,2c7
1d9,2ce
1d9,2d6
1d9,2e3
1d9,2e5
1d9,2ea
1d9,2ec
1d9,2f2
1d9,312
1d9,317
1d9,347
1d9,356
1d9,365
1d9,36a
1d9,372
1d9,387
1d9,3aa
1d9,415
1d9,41f
1d9,445
1d9,44a
1d9,44f
1d9,452
1d9,454
1d9,457
1d9,45e
1d9,46d
1d9,475
1d9,485
1d9,48a
1d9,48f
1d9,492
1d9,497
1d9,49e
1d9,4ad
1d9,4c7
1d9,4ce
1d9,4d6
1d9,4e5
1d9,4ea
1d9,4ec
1d9,4f2
1d9,556
1d9,64b
1d9,653
1d9,655
1d9,68b
1d9,693
1d9,695
1da,202
1da,20b
1da,213
1da,216
1da,21f
1da,243
1da,246
1da,249
1da,24f
1da,251
1da,254
1da,257
1da,25d
1da,262
1da,26b
1da,26e
1da,273
1da,276
1da,283
1da,286
1da,289
1da,28f
1da,291
1da,297
1da,29d
1da,2a2
1da,2ab
1da,2ae
1da,2b3
1da,2c7
1da,2cd
1da,2d5
1da,2e3
1da,2e6
1da,2e9
1da,2ec
1da,2f1
1da,311
1da,317
1da,347
1da,355
1da,366
1da,369
1da,371
1da,387
1da,3a9
1da,416
1da,41f
1da,446
1da,449
1da,44f
1da,451
1da,454
1da,457
1da,45d
1da,46e
1da,476
1da,486
1da,489
1da,48f
1da,491
1da,497
1da,49d
1da,4ae
1da,4c7
1da,4cd
1da,4d5
1da,4e6
1da,4e9
1da,4ec
1da,4f1
1da,555
1da,64b
1da,653
1da,656
1da,68b
1da,693
1da,696
1e9,201
1e9,20b
1e9,225
1e9,22f
1e9,243
1e9,245
1e9,24a
1e9,24f
1e9,251
1e9,25b
1e9,25d
1e9,262
1e9,264
1e9,267
1e9,26e
1e9,273
1e9,275
1e9,283
1e9,285
1e9,28a
1e9,28f
1e9,291
1e9,29b
1e9,29d
1e9,2a2
1e9,2a7
1e9,2ae
1e9,2b3
1e9,2c7
1e9,2ce
1e9,2d3
1e9,2d5
1e9,2da
1e9,2dc
1e9,2e6
1e9,2f2
1e9,311
1e9,31b
1e9,347
1e9,353
1e9,355
1e9,35a
1e9,366
1e9,372
1e9,387
1e9,393
1e9,39a
1e9,445
1e9,44a
1e9,44f
1e9,451
1e9,45b
1e9,45d
1e9,464
1e9,46e
1e9,475
1e9,485
1e9,48a
1e9,48f
1e9,491
1e9,49b
1e9,49d
1e9,4ae
1e9,4c7
1e9,4ce
1e9,4d3
1e9,4d5
1e9,4da
1e9,4dc
1e9,4e6
1e9,4f2
1e9,555
1e9,55a
1e9,59a
1e9,64b
1e9,665
1e9,68b
1e9,6a5
1ea,202
1ea,20b
1ea,226
1ea,22f
1ea,243
1ea,246
1ea,249
1ea,24f
1ea,252
1ea,25b
1ea,25e
1ea,261
1ea,264
1ea,267
1ea,26d
1ea,273
1ea,276
1ea,283
1ea,286
1ea,289
1ea,28f
1ea,292
1ea,29b
1ea,29e
1ea,2a1
1ea,2a7
1ea,2ad
1ea,2b3
1ea,2c7
1ea,2cd
1ea,2d3
1ea,2d6
1ea,2d9
1ea,2dc
1ea,2e5
1ea,2f1
1ea,312
1ea,31b
1ea,347
1ea,353
1ea,356
1ea,359
1ea,365
1ea,371
1ea,387
1ea,393
1ea,399
1ea,446
1ea,449
1ea,44f
1ea,452
1ea,45b
1ea,45e
1ea,464
1ea,46d
1ea,476
1ea,486
1ea,489
1ea,48f
1ea,492
1ea,49b
1ea,49e
1ea,4ad
1ea,4c7
1ea,4cd
1ea,4d3
1ea,4d6
1ea,4d9
1ea,4dc
1ea,4e5
1ea,4f1
1ea,556
1ea,559
1ea,599
1ea,64b
1ea,666
1ea,68b
1ea,6a6
201,25e
201,26e
201,276
201,29e
201,2ae
201,2ce
201,2d6
201,2da
201,2dc
201,2e6
201,2ea
201,2ec
201,2f2
201,356
201,35a
201,366
201,36a
201,372
201,39a
201,3aa
201,416
201,41f
201,446
201,44a
201,44f
201,452
201,454
201,457
201,45b
201,45d
201,464
201,46d
201,475
201,486
201,48a
201,48f
201,492
201,497
201,49b
201,49d
201,4ad
201,4c7
201,4cb
201,4cd
201,4d3
201,4d5
201,4d9
201,4e5
201,4e9
201,4f1
201,555
201,559
201,599
201,656
201,666
201,696
201,6a6
202,25d
202,26d
202,275
202,29d
202,2ad
202,2cd
202,2d5
202,2d9
202,2dc
202,2e5
202,2e9
202,2ec
202,2f1
202,355
202,359
202,365
202,369
202,371
202,399
202,3a9
202,415
202,41f
202,445
202,449
202,44f
202,451
202,454
202,457
202,45b
202,45e
202,464
202,46e
202,476
202,485
202,489
202,48f
202,491
202,497
202,49b
202,49e
202,4ae
202,4c7
202,4cb
202,4ce
202,4d3
202,4d6
202,4da
202,4e6
202,4ea
202,4f2
202,556
202,55a
202,59a
202,655
202,665
202,695
202,6a5
207,2d9
207,2da
207,2dc
207,2e9
207,2ea
207,2ec
207,2f1
207,2f2
207,359
207,35a
207,369
207,36a
207,371
207,372
207,399
207,39a
207,3a9
207,3aa
207,449
207,44a
207,451
207,452
207,454
207,45b
207,45d
207,45e
207,464
207,46d
207,46e
207,475
207,476
207,489
207,48a
207,491
207,492
207,49b
207,49d
207,49e
207,4ad
207,4ae
207,4cb
207,4cd
207,4ce
207,4d3
207,4d5
207,4d6
207,4e5
207,4e6
207,555
207,556
20b,254
20b,264
20b,275
20b,276
20b,2d5
20b,2d6
20b,2dc
20b,2e5
20b,2e6
20b,2ec
20b,2f1
20b,2f2
20b,355
20b,356
20b,365
20b,366
20b,371
20b,372
20b,415
20b,416
20b,445
20b,446
20b,451
20b,452
20b,457
20b,45d
20b,45e
20b,46d
20b,46e
20b,485
20b,486
20b,491
20b,492
20b,497
20b,49d
20b,49e
20b,4ad
20b,4ae
20b,4c7
20b,4cd
20b,4ce
20b,4d3
20b,4d9
20b,4da
20b,4e9
20b,4ea
20b,559
20b,55a
20b,599
20b,59a
20b,655
20b,656
20b,665
20b,666
20b,695
20b,696
20b,6a5
20b,6a6
213,264
213,26d
213,26e
213,2ad
213,2ae
213,2cd
213,2ce
213,2dc
213,2e5
213,2e6
213,2e9
213,2ea
213,365
213,366
213,369
213,36a
213,3a9
213,3aa
213,445
213,446
213,449
213,44a
213,44f
213,454
213,45d
213,45e
213,475
213,476
213,485
213,486
213,489
213,48a
213,48f
213,49d
213,49e
213,4c7
213,4cb
213,4d5
213,4d6
213,4d9
213,4da
213,4f1
213,4f2
213,555
213,556
213,559
213,55a
213,599
213,59a
213,665
213,666
213,6a5
213,6a6
215,24a
215,262
215,26b
215,26e
215,28a
215,2a2
215,2ab
215,2ae
215,2cb
215,2ce
215,2da
215,2e3
215,2e6
215,2e9
215,2ec
215,2f2
215,34b
215,35a
215,366
215,369
215,372
215,38b
215,39a
215,3a9
215,446
215,449
215,44f
215,452
215,45b
215,45e
215,464
215,46d
215,476
215,486
215,489
215,48f
215,492
215,49b
215,49e
215,4ad
215,4c7
215,4cd
215,4d3
215,4d6
215,4d9
215,4dc
215,4e5
215,4f1
215,556
215,559
215,599
215,64b
215,666
215,68b
215,6a6
216,249
216,261
216,26b
216,26d
216,289
216,2a1
216,2ab
216,2ad
216,2cb
216,2cd
216,2d9
216,2e3
216,2e5
216,2ea
216,2ec
216,2f1
216,34b
216,359
216,365
216,36a
216,371
216,38b
216,399
216,3aa
216,445
216,44a
216,44f
216,451
216,45b
216,45d
216,464
216,46e
216,475
216,485
216,48a
216,48f
216,491
216,49b
216,49d
216,4ae
216,4c7
216,4ce
216,4d3
216,4d5
216,4da
216,4dc
216,4e6
216,4f2
216,555
216,55a
216,59a
216,64b
216,665
216,68b
216,6a5
21f,261
21f,262
21f,264
21f,2a1
21f,2a2
21f,2e3
21f,2e5
21f,2e6
21f,2e9
21f,2ea
21f,2ec
21f,2f1
21f,2f2
21f,365
21f,366
21f,369
21f,36a
21f,371
21f,372
21f,3a9
21f,3aa
21f,445
21f,446
21f,449
21f,44a
21f,451
21f,452
21f,454
21f,46d
21f,46e
21f,475
21f,476
21f,485
21f,486
21f,489
21f,48a
21f,491
21f,492
21f,4ad
21f,4ae
21f,4c7
21f,4cb
21f,4cd
21f,4ce
21f,4d3
21f,4d5
21f,4d6
21f,4d9
21f,4da
21f,4dc
21f,555
21f,556
21f,559
21f,55a
21f,599
21f,59a
21f,665
21f,666
21f,6a5
21f,6a6
225,24a
225,252
225,25b
225,25e
225,28a
225,292
225,29b
225,29e
225,2cb
225,2ce
225,2d3
225,2d6
225,2d9
225,2dc
225,2ea
225,2f2
225,312
225,31b
225,34b
225,353
225,356
225,359
225,36a
225,372
225,38b
225,393
225,399
225,3aa
225,416
225,41f
225,446
225,449
225,44f
225,451
225,454
225,457
225,45d
225,46e
225,476
225,486
225,489
225,48f
225,491
225,497
225,49d
225,4ae
225,4c7
225,4cd
225,4d5
225,4e6
225,4e9
225,4ec
225,4f1
225,555
225,64b
225,653
225,656
225,68b
225,693
225,696
226,249
226,251
226,25b
226,25d
226,289
226,291
226,29b
226,29d
226,2cb
226,2cd
226,2d3
226,2d5
226,2da
226,2dc
226,2e9
226,2f1
226,311
226,31b
226,34b
226,353
226,355
226,35a
226,369
226,371
226,38b
226,393
226,39a
226,3a9
226,415
226,41f
226,445
226,44a
226,44f
226,452
226,454
226,457
226,45e
226,46d
226,475
226,485
226,48a
226,48f
226,492
226,497
226,49e
226,4ad
226,4c7
226,4ce
226,4d6
226,4e5
226,4ea
226,4ec
226,4f2
226,556
226,64b
226,653
226,655
226,68b
226,693
226,695
22f,251
22f,252
22f,254
22f,291
22f,292
22f,2d3
22f,2d5
22f,2d6
22f,2d9
22f,2da
22f,2dc
22f,2f1
22f,2f2
22f,311
22f,312
22f,353
22f,355
22f,356
22f,359
22f,35a
22f,371
22f,372
22f,393
22f,399
22f,39a
22f,415
22f,416
22f,445
22f,446
22f,449
22f,44a
22f,457
22f,45b
22f,45d
22f,45e
22f,464
22f,475
22f,476
22f,485
22f,486
22f,489
22f,48a
22f,497
22f,49b
22f,49d
22f,49e
22f,4c7
22f,4cb
22f,4cd
22f,4ce
22f,4e5
22f,4e6
22f,4e9
22f,4ea
22f,4ec
22f,653
22f,655
22f,656
22f,693
22f,695
22f,696
237,249
237,24a
237,289
237,28a
237,2cb
237,2cd
237,2ce
237,2d9
237,2da
237,2dc
237,2e9
237,2ea
237,2ec
237,34b
237,359
237,35a
237,369
237,36a
237,38b
237,399
237,39a
237,3a9
237,3aa
237,445
237,446
237,44f
237,451
237,452
237,454
237,45b
237,45d
237,45e
237,464
237,46d
237,46e
237,485
237,486
237,48f
237,491
237,492
237,49b
237,49d
237,49e
237,4ad
237,4ae
237,4c7
237,4d3
237,4d5
237,4d6
237,4e5
237,4e6
237,4f1
237,4f2
237,555
237,556
237,64b
237,68b
243,29d
243,29e
243,2ad
243,2ae
243,2dc
243,2ec
243,399
243,39a
243,3a9
243,3aa
243,415
243,416
243,41f
243,454
243,45d
243,45e
243,464
243,46d
243,46e
243,475
243,476
243,485
243,486
243,489
243,48a
243,48f
243,491
243,492
243,497
243,49b
243,4cd
243,4ce
243,4d5
243,4d6
243,4d9
243,4da
243,4e5
243,4e6
243,4e9
243,4ea
243,4f1
243,4f2
243,555
243,556
243,559
243,55a
243,695
243,696
243,6a5
243,6a6
245,28a
245,292
245,29b
245,29e
245,2a2
245,2ab
245,2ae
245,2b3
245,2da
245,2ea
245,2f2
245,312
245,31b
245,35a
245,36a
245,372
245,38b
245,393
245,399
245,3a9
245,416
245,41f
245,44a
245,452
245,45b
245,45e
245,46e
245,476
245,486
245,489
245,48f
245,491
245,497
245,49d
245,4ad
245,4cb
245,4ce
245,4d3
245,4d6
245,4d9
245,4dc
245,4e6
245,4e9
245,4ec
245,4f1
245,556
245,559
245,68b
245,693
245,696
245,6a6
246,289
246,291
246,29b
246,29d
246,2a1
246,2ab
246,2ad
246,2b3
246,2d9
246,2e9
246,2f1
246,311
246,31b
246,359
246,369
246,371
246,38b
246,393
246,39a
246,3aa
246,415
246,41f
246,449
246,451
246,45b
246,45d
246,46d
246,475
246,485
246,48a
246,48f
246,492
246,497
246,49e
246,4ae
246,4cb
246,4cd
246,4d3
246,4d5
246,4da
246,4dc
246,4e5
246,4ea
246,4ec
246,4f2
246,555
246,55a
246,68b
246,693
246,695
246,6a5
249,276
249,286
249,292
249,297
249,29e
249,2a2
249,2a7
249,2ae
249,2b3
249,2d6
249,2e6
249,2f2
249,312
249,317
249,356
249,366
249,372
249,387
249,393
249,39a
249,3aa
249,415
249,41f
249,446
249,452
249,454
249,457
249,45e
249,464
249,46e
249,475
249,485
249,48a
249,48f
249,491
249,49b
249,49d
249,4ad
249,4c7
249,4ce
249,4d3
249,4d5
249,4da
249,4dc
249,4e5
249,4ea
249,4ec
249,4f1
249,555
249,55a
249,599
249,617
249,656
249,666
249,687
249,693
249,695
249,6a5
24a,275
24a,285
24a,291
24a,297
24a,29d
24a,2a1
24a,2a7
24a,2ad
24a,2b3
24a,2d5
24a,2e5
24a,2f1
24a,311
24a,317
24a,355
24a,365
24a,371
24a,387
24a,393
24a,399
24a,3a9
24a,416
24a,41f
24a,445
24a,451
24a,454
24a,457
24a,45d
24a,464
24a,46d
24a,476
24a,486
24a,489
24a,48f
24a,492
24a,49b
24a,49e
24a,4ae
24a,4c7
24a,4cd
24a,4d3
24a,4d6
24a,4d9
24a,4dc
24a,4e6
24a,4e9
24a,4ec
24a,4f2
24a,556
24a,559
24a,59a
24a,617
24a,655
24a,665
24a,687
24a,693
24a,696
24a,6a6
24f,291
24f,292
24f,2a1
24f,2a2
24f,2b3
24f,2f1
24f,2f2
24f,311
24f,312
24f,371
24f,372
24f,393
24f,399
24f,39a
24f,3a9
24f,3aa
24f,415
24f,416
24f,451
24f,452
24f,454
24f,464
24f,475
24f,476
24f,485
24f,486
24f,489
24f,48a
24f,497
24f,49b
24f,49d
24f,49e
24f,4ad
24f,4ae
24f,4d3
24f,4d5
24f,4d6
24f,4d9
24f,4da
24f,4dc
24f,4e5
24f,4e6
24f,4e9
24f,4ea
24f,4ec
24f,555
24f,556
24f,559
24f,55a
24f,693
24f,695
24f,696
24f,6a5
24f,6a6
251,26e
251,286
251,28a
251,28f
251,29e
251,2a2
251,2a7
251,2ab
251,2ad
251,2ce
251,2e6
251,2ea
251,2ec
251,366
251,36a
251,387
251,38b
251,39a
251,3a9
251,416
251,41f
251,446
251,44a
251,44f
251,45e
251,464
251,46d
251,476
251,485
251,489
251,492
251,497
251,49b
251,49d
251,4c7
251,4cb
251,4cd
251,4d6
251,4da
251,4dc
251,4e5
251,4e9
251,4f2
251,556
251,55a
251,599
251,666
251,687
251,68b
251,696
251,6a5
252,26d
252,285
252,289
252,28f
252,29d
252,2a1
252,2a7
252,2ab
252,2ae
252,2cd
252,2e5
252,2e9
252,2ec
252,365
252,369
252,387
252,38b
252,399
252,3aa
252,415
252,41f
252,445
252,449
252,44f
252,45d
252,464
252,46e
252,475
252,486
252,48a
252,491
252,497
252,49b
252,49e
252,4c7
252,4cb
252,4ce
252,4d5
252,4d9
252,4dc
252,4e6
252,4ea
252,4f1
252,555
252,559
252,59a
252,665
252,687
252,68b
252,695
252,6a6
254,26b
254,283
254,289
254,28a
254,28f
254,29b
254,2a1
254,2a2
254,2a7
254,2ad
254,2ae
254,2b3
254,2cb
254,2e3
254,2e9
254,2ea
254,31b
254,34b
254,369
254,36a
254,387
254,393
254,399
254,39a
254,41f
254,449
254,44a
254,44f
254,45b
254,46d
254,46e
254,485
254,486
254,491
254,492
254,497
254,49d
254,49e
254,4c7
254,4cd
254,4ce
254,4d3
254,4d9
254,4da
254,4e5
254,4e6
254,4ec
254,4f1
254,4f2
254,559
254,55a
254,64b
254,687
254,693
254,6a5
254,6a6
257,289
257,28a
257,2a1
257,2a2
257,2ab
257,2ad
257,2ae
257,2e9
257,2ea
257,2ec
257,369
257,36a
257,38b
257,399
257,39a
257,449
257,44a
257,464
257,46d
257,46e
257,485
257,486
257,48f
257,491
257,492
257,49b
257,49d
257,49e
257,4cb
257,4cd
257,4ce
257,4d9
257,4da
257,4dc
257,4e5
257,4e6
257,4f1
257,4f2
257,559
257,55a
257,68b
257,6a5
257,6a6
25b,264
25b,285
25b,286
25b,2a1
25b,2a2
25b,2a7
25b,2ad
25b,2ae
25b,2e5
25b,2e6
25b,2ec
25b,365
25b,366
25b,387
25b,3a9
25b,3aa
25b,415
25b,416
25b,445
25b,446
25b,454
25b,46d
25b,46e
25b,475
25b,476
25b,489
25b,48a
25b,48f
25b,491
25b,492
25b,497
25b,49d
25b,49e
25b,4c7
25b,4cd
25b,4ce
25b,4d5
25b,4d6
25b,4dc
25b,4e9
25b,4ea
25b,4f1
25b,4f2
25b,555
25b,556
25b,599
25b,59a
25b,665
25b,666
25b,687
25b,695
25b,696
25d,262
25d,283
25d,286
25d,28a
25d,292
25d,2a1
25d,2a7
25d,2ab
25d,2ae
25d,2b3
25d,2e3
25d,2e6
25d,2ea
25d,2f2
25d,312
25d,366
25d,36a
25d,372
25d,387
25d,38b
25d,393
25d,39a
25d,3a9
25d,416
25d,446
25d,44a
25d,452
25d,464
25d,46e
25d,476
25d,485
25d,489
25d,48f
25d,491
25d,497
25d,49b
25d,49e
25d,4ad
25d,4c7
25d,4cb
25d,4ce
25d,4d3
25d,4d6
25d,4da
25d,4e5
25d,4e9
25d,4ec
25d,4f1
25d,556
25d,55a
25d,599
25d,666
25d,687
25d,68b
25d,693
25d,696
25d,6a5
25e,261
25e,283
25e,285
25e,289
25e,291
25e,2a2
25e,2a7
25e,2ab
25e,2ad
25e,2b3
25e,2e3
25e,2e5
25e,2e9
25e,2f1
25e,311
25e,365
25e,369
25e,371
25e,387
25e,38b
25e,393
25e,399
25e,3aa
25e,415
25e,445
25e,449
25e,451
25e,464
25e,46d
25e,475
25e,486
25e,48a
25e,48f
25e,492
25e,497
25e,49b
25e,49d
25e,4ae
25e,4c7
25e,4cb
25e,4cd
25e,4d3
25e,4d5
25e,4d9
25e,4e6
25e,4ea
25e,4ec
25e,4f2
25e,555
25e,559
25e,59a
25e,665
25e,687
25e,68b
25e,693
25e,695
25e,6a6
261,286
261,28a
261,28f
261,292
261,297
261,29b
261,29d
261,2ae
261,2ce
261,2d6
261,2da
261,2dc
261,312
261,317
261,31b
261,356
261,35a
261,387
261,38b
261,393
261,399
261,3aa
261,415
261,446
261,44a
261,44f
261,452
261,454
261,457
261,45b
261,45d
261,46e
261,476
261,485
261,489
261,491
261,4ad
261,4c7
261,4cb
261,4cd
261,4d3
261,4d5
261,4d9
261,4e6
261,4ea
261,4ec
261,4f2
261,555
261,559
261,617
261,656
261,687
261,68b
261,693
261,695
261,6a6
262,285
262,289
262,28f
262,291
262,297
262,29b
262,29e
262,2ad
262,2cd
262,2d5
262,2d9
262,2dc
262,311
262,317
262,31b
262,355
262,359
262,387
262,38b
262,393
262,39a
262,3a9
262,416
262,445
262,449
262,44f
262,451
262,454
262,457
262,45b
262,45e
262,46d
262,475
262,486
262,48a
262,492
262,4ae
262,4c7
262,4cb
262,4ce
262,4d3
262,4d6
262,4da
262,4e5
262,4e9
262,4ec
262,4f1
262,556
262,55a
262,617
262,655
262,687
262,68b
262,693
262,696
262,6a5
264,283
264,289
264,28a
264,28f
264,291
264,292
264,297
264,29d
264,29e
264,2ab
264,2b3
264,2cb
264,2d3
264,2d9
264,2da
264,311
264,312
264,317
264,34b
264,353
264,359
264,35a
264,387
264,3a9
264,3aa
264,415
264,416
264,449
264,44a
264,44f
264,451
264,452
264,457
264,45d
264,45e
264,485
264,486
264,4ad
264,4ae
264,4c7
264,4cd
264,4ce
264,4d5
264,4d6
264,4dc
264,4e9
264,4ea
264,4f1
264,4f2
264,555
264,556
264,617
264,64b
264,653
264,687
264,695
264,696
267,289
267,28a
267,291
267,292
267,29b
267,29d
267,29e
267,2d9
267,2da
267,2dc
267,311
267,312
267,31b
267,359
267,35a
267,38b
267,393
267,3a9
267,3aa
267,415
267,416
267,41f
267,449
267,44a
267,451
267,452
267,454
267,45b
267,45d
267,45e
267,485
267,486
267,48f
267,497
267,4ad
267,4ae
267,4cb
267,4cd
267,4ce
267,4d3
267,4d5
267,4d6
267,4e9
267,4ea
267,4ec
267,4f1
267,4f2
267,555
267,556
267,68b
267,693
267,695
267,696
26b,285
26b,286
26b,291
26b,292
26b,297
26b,29d
26b,29e
26b,2d5
26b,2d6
26b,2dc
26b,311
26b,312
26b,317
26b,355
26b,356
26b,387
26b,393
26b,399
26b,39a
26b,41f
26b,445
26b,446
26b,451
26b,452
26b,457
26b,45d
26b,45e
26b,464
26b,475
26b,476
26b,489
26b,48a
26b,48f
26b,49b
26b,4ad
26b,4ae
26b,4c7
26b,4cd
26b,4ce
26b,4d3
26b,4d9
26b,4da
26b,4e5
26b,4e6
26b,4ec
26b,4f1
26b,4f2
26b,559
26b,55a
26b,617
26b,655
26b,656
26b,687
26b,693
26b,6a5
26b,6a6
26d,283
26d,286
26d,28a
26d,291
26d,297
26d,29b
26d,29e
26d,2a2
26d,2b3
26d,2d3
26d,2d6
26d,2da
26d,2f2
26d,311
26d,317
26d,31b
26d,353
26d,356
26d,35a
26d,372
26d,387
26d,38b
26d,399
26d,3aa
26d,415
26d,41f
26d,446
26d,44a
26d,451
26d,454
26d,457
26d,45b
26d,45e
26d,476
26d,485
26d,489
26d,48f
26d,49d
26d,4ae
26d,4c7
26d,4cb
26d,4ce
26d,4d5
26d,4d9
26d,4dc
26d,4e6
26d,4ea
26d,4f1
26d,555
26d,559
26d,617
26d,653
26d,656
26d,687
26d,68b
26d,695
26d,6a6
26e,283
26e,285
26e,289
26e,292
26e,297
26e,29b
26e,29d
26e,2a1
26e,2b3
26e,2d3
26e,2d5
26e,2d9
26e,2f1
26e,312
26e,317
26e,31b
26e,353
26e,355
26e,359
26e,371
26e,387
26e,38b
26e,39a
26e,3a9
26e,416
26e,41f
26e,445
26e,449
26e,452
26e,454
26e,457
26e,45b
26e,45d
26e,475
26e,486
26e,48a
26e,48f
26e,49e
26e,4ad
26e,4c7
26e,4cb
26e,4cd
26e,4d6
26e,4da
26e,4dc
26e,4e5
26e,4e9
26e,4f2
26e,556
26e,55a
26e,617
26e,653
26e,655
26e,687
26e,68b
26e,696
26e,6a5
273,285
273,286
273,289
273,28a
273,28f
273,29d
273,29e
273,2ad
273,2ae
273,2cd
273,2ce
273,2dc
273,2ec
273,387
273,38b
273,399
273,39a
273,3a9
273,3aa
273,415
273,416
273,41f
273,445
273,446
273,449
273,44a
273,44f
273,454
273,45d
273,45e
273,464
273,46d
273,46e
273,491
273,492
273,497
273,49b
273,4c7
273,4cb
273,4d5
273,4d6
273,4d9
273,4da
273,4e5
273,4e6
273,4e9
273,4ea
273,555
273,556
273,559
273,55a
273,687
273,68b
273,695
273,696
273,6a5
273,6a6
275,283
275,286
275,289
275,28f
275,292
275,29b
275,29e
275,2a2
275,2ab
275,2ae
275,2cb
275,2ce
275,2da
275,2ea
275,312
275,31b
275,34b
275,35a
275,36a
275,387
275,393
275,399
275,3a9
275,416
275,41f
275,446
275,449
275,44f
275,452
275,45b
275,45e
275,46e
275,485
275,491
275,497
275,49d
275,4ad
275,4c7
275,4cd
275,4d3
275,4d6
275,4d9
275,4dc
275,4e6
275,4e9
275,4ec
275,4f2
275,556
275,559
275,64b
275,687
275,693
275,696
275,6a6
276,283
276,285
276,28a
276,28f
276,291
276,29b
276,29d
276,2a1
276,2ab
276,2ad
276,2cb
276,2cd
276,2d9
276,2e9
276,311
276,31b
276,34b
276,359
276,369
276,387
276,393
276,39a
276,3aa
276,415
276,41f
276,445
276,44a
276,44f
276,451
276,45b
276,45d
276,46d
276,486
276,492
276,497
276,49e
276,4ae
276,4c7
276,4ce
276,4d3
276,4d5
276,4da
276,4dc
276,4e5
276,4ea
276,4ec
276,4f1
276,555
276,55a
276,64b
276,687
276,693
276,695
276,6a5
283,2dc
283,2ec
283,355
283,356
283,359
283,35a
283,365
283,366
283,369
283,36a
283,371
283,372
283,415
283,416
283,41f
283,445
283,446
283,449
283,44a
283,44f
283,451
283,452
283,457
283,45b
283,49d
283,49e
283,4ad
283,4ae
283,4cd
283,4ce
283,4d5
283,4d6
283,4d9
283,4da
283,4e5
283,4e6
283,4e9
283,4ea
283,4f1
283,4f2
283,599
283,59a
283,655
283,656
283,665
283,666
285,2da
285,2ea
285,2f2
285,312
285,31b
285,34b
285,353
285,356
285,359
285,366
285,369
285,371
285,39a
285,3aa
285,416
285,41f
285,446
285,449
285,44f
285,451
285,454
285,457
285,45d
285,464
285,46d
285,475
285,48a
285,492
285,49b
285,49e
285,4ae
285,4cb
285,4ce
285,4d3
285,4d6
285,4d9
285,4dc
285,4e6
285,4e9
285,4ec
285,4f1
285,555
285,599
285,64b
285,653
285,656
285,666
286,2d9
286,2e9
286,2f1
286,311
286,31b
286,34b
286,353
286,355
286,35a
286,365
286,36a
286,372
286,399
286,3a9
286,415
286,41f
286,445
286,44a
286,44f
286,452
286,454
286,457
286,45e
286,464
286,46e
286,476
286,489
286,491
286,49b
286,49d
286,4ad
286,4cb
286,4cd
286,4d3
286,4d5
286,4da
286,4dc
286,4e5
286,4ea
286,4ec
286,4f2
286,556
286,59a
286,64b
286,653
286,655
286,665
289,2d6
289,2e6
289,2f2
289,312
289,317
289,347
289,353
289,355
289,35a
289,365
289,36a
289,371
289,415
289,41f
289,445
289,44a
289,44f
289,451
289,45b
289,45d
289,46d
289,486
289,492
289,497
289,49e
289,4ae
289,4c7
289,4ce
289,4d3
289,4d5
289,4da
289,4dc
289,4e5
289,4ea
289,4ec
289,4f1
289,559
289,59a
289,617
289,647
289,653
289,655
289,665
289,696
289,6a6
28a,2d5
28a,2e5
28a,2f1
28a,311
28a,317
28a,347
28a,353
28a,356
28a,359
28a,366
28a,369
28a,372
28a,416
28a,41f
28a,446
28a,449
28a,44f
28a,452
28a,45b
28a,45e
28a,46e
28a,485
28a,491
28a,497
28a,49d
28a,4ad
28a,4c7
28a,4cd
28a,4d3
28a,4d6
28a,4d9
28a,4dc
28a,4e6
28a,4e9
28a,4ec
28a,4f2
28a,55a
28a,599
28a,617
28a,647
28a,653
28a,656
28a,666
28a,695
28a,6a5
28f,2f1
28f,2f2
28f,311
28f,312
28f,353
28f,355
28f,356
28f,359
28f,35a
28f,365
28f,366
28f,369
28f,36a
28f,415
28f,416
28f,445
28f,446
28f,449
28f,44a
28f,457
28f,45b
28f,45d
28f,45e
28f,46d
28f,46e
28f,491
28f,492
28f,4d3
28f,4d5
28f,4d6
28f,4d9
28f,4da
28f,4dc
28f,4e5
28f,4e6
28f,4e9
28f,4ea
28f,4ec
28f,599
28f,59a
28f,653
28f,655
28f,656
28f,665
28f,666
291,2ae
291,2ce
291,2e6
291,2ea
291,2ec
291,347
291,34b
291,356
291,35a
291,365
291,369
291,372
291,3aa
291,416
291,41f
291,445
291,449
291,452
291,454
291,457
291,45b
291,45d
291,475
291,486
291,48a
291,48f
291,49e
291,4ad
291,4c7
291,4cb
291,4cd
291,4d6
291,4da
291,4dc
291,4e5
291,4e9
291,4f2
291,555
291,559
291,59a
291,647
291,64b
291,656
291,665
291,6a6
292,2ad
292,2cd
292,2e5
292,2e9
292,2ec
292,347
292,34b
292,355
292,359
292,366
292,36a
292,371
292,3a9
292,415
292,41f
292,446
292,44a
292,451
292,454
292,457
292,45b
292,45e
292,476
292,485
292,489
292,48f
292,49d
292,4ae
292,4c7
292,4cb
292,4ce
292,4d5
292,4d9
292,4dc
292,4e6
292,4ea
292,4f1
292,556
292,55a
292,599
292,647
292,64b
292,655
292,666
292,6a5
297,2e9
297,2ea
297,2ec
297,34b
297,359
297,35a
297,365
297,366
297,371
297,372
297,3a9
297,3aa
297,445
297,446
297,44f
297,451
297,452
297,454
297,45b
297,45d
297,45e
297,475
297,476
297,489
297,48a
297,4ad
297,4ae
297,4cb
297,4cd
297,4ce
297,4d9
297,4da
297,4dc
297,4e5
297,4e6
297,4f1
297,4f2
297,555
297,556
297,599
297,59a
297,64b
297,665
297,666
29b,2e5
29b,2e6
29b,2ec
29b,347
29b,355
29b,356
29b,369
29b,36a
29b,371
29b,372
29b,415
29b,416
29b,449
29b,44a
29b,44f
29b,451
29b,452
29b,457
29b,45d
29b,45e
29b,485
29b,486
29b,4ad
29b,4ae
29b,4c7
29b,4cd
29b,4ce
29b,4d5
29b,4d6
29b,4dc
29b,4e9
29b,4ea
29b,4f1
29b,4f2
29b,559
29b,55a
29b,647
29b,655
29b,656
29b,6a5
29b,6a6
29d,2a2
29d,2e3
29d,2e6
29d,2ea
29d,2f2
29d,312
29d,347
29d,34b
29d,353
29d,356
29d,35a
29d,365
29d,369
29d,371
29d,3aa
29d,416
29d,445
29d,449
29d,44f
29d,451
29d,454
29d,457
29d,45b
29d,45e
29d,46d
29d,475
29d,486
29d,48a
29d,492
29d,4ae
29d,4c7
29d,4cb
29d,4ce
29d,4d3
29d,4d6
29d,4da
29d,4e5
29d,4e9
29d,4ec
29d,4f1
29d,555
29d,559
29d,59a
29d,647
29d,64b
29d,653
29d,656
29d,665
29d,6a6
29e,2a1
29e,2e3
29e,2e5
29e,2e9
29e,2f1
29e,311
29e,347
29e,34b
29e,353
29e,355
29e,359
29e,366
29e,36a
29e,372
29e,3a9
29e,415
29e,446
29e,44a
29e,44f
29e,452
29e,454
29e,457
29e,45b
29e,45d
29e,46e
29e,476
29e,485
29e,489
29e,491
29e,4ad
29e,4c7
29e,4cb
29e,4cd
29e,4d3
29e,4d5
29e,4d9
29e,4e6
29e,4ea
29e,4ec
29e,4f2
29e,556
29e,55a
29e,599
29e,647
29e,64b
29e,653
29e,655
29e,666
29e,6a5
2a1,2ce
2a1,2d6
2a1,2da
2a1,2dc
2a1,312
2a1,317
2a1,31b
2a1,347
2a1,34b
2a1,353
2a1,355
2a1,359
2a1,366
2a1,36a
2a1,372
2a1,39a
2a1,415
2a1,445
2a1,449
2a1,451
2a1,464
2a1,46d
2a1,475
2a1,486
2a1,48a
2a1,48f
2a1,492
2a1,497
2a1,49b
2a1,49d
2a1,4ae
2a1,4c7
2a1,4cb
2a1,4cd
2a1,4d3
2a1,4d5
2a1,4d9
2a1,4e6
2a1,4ea
2a1,4ec
2a1,4f2
2a1,599
2a1,617
2a1,647
2a1,64b
2a1,653
2a1,655
2a1,666
2a1,696
2a2,2cd
2a2,2d5
2a2,2d9
2a2,2dc
2a2,311
2a2,317
2a2,31b
2a2,347
2a2,34b
2a2,353
2a2,356
2a2,35a
2a2,365
2a2,369
2a2,371
2a2,399
2a2,416
2a2,446
2a2,44a
2a2,452
2a2,464
2a2,46e
2a2,476
2a2,485
2a2,489
2a2,48f
2a2,491
2a2,497
2a2,49b
2a2,49e
2a2,4ad
2a2,4c7
2a2,4cb
2a2,4ce
2a2,4d3
2a2,4d6
2a2,4da
2a2,4e5
2a2,4e9
2a2,4ec
2a2,4f1
2a2,59a
2a2,617
2a2,647
2a2,64b
2a2,653
2a2,656
2a2,665
2a2,695
2a7,2d9
2a7,2da
2a7,2dc
2a7,311
2a7,312
2a7,31b
2a7,34b
2a7,353
2a7,355
2a7,356
2a7,369
2a7,36a
2a7,371
2a7,372
2a7,399
2a7,39a
2a7,415
2a7,416
2a7,41f
2a7,445
2a7,446
2a7,44f
2a7,457
2a7,464
2a7,46d
2a7,46e
2a7,475
2a7,476
2a7,489
2a7,48a
2a7,491
2a7,492
2a7,49b
2a7,49d
2a7,49e
2a7,4cb
2a7,4cd
2a7,4ce
2a7,4d3
2a7,4d5
2a7,4d6
2a7,4e9
2a7,4ea
2a7,4ec
2a7,4f1
2a7,4f2
2a7,64b
2a7,653
2a7,655
2a7,656
2ab,2d5
2ab,2d6
2ab,2dc
2ab,311
2ab,312
2ab,317
2ab,347
2ab,353
2ab,359
2ab,35a
2ab,365
2ab,366
2ab,371
2ab,372
2ab,41f
2ab,449
2ab,44a
2ab,44f
2ab,45b
2ab,46d
2ab,46e
2ab,485
2ab,486
2ab,491
2ab,492
2ab,497
2ab,49d
2ab,49e
2ab,4c7
2ab,4cd
2ab,4ce
2ab,4d3
2ab,4d9
2ab,4da
2ab,4e5
2ab,4e6
2ab,4ec
2ab,4f1
2ab,4f2
2ab,599
2ab,59a
2ab,617
2ab,647
2ab,653
2ab,665
2ab,666
2ab,695
2ab,696
2ad,2d3
2ad,2d6
2ad,2da
2ad,2f2
2ad,311
2ad,317
2ad,31b
2ad,347
2ad,34b
2ad,355
2ad,359
2ad,366
2ad,36a
2ad,371
2ad,393
2ad,39a
2ad,415
2ad,41f
2ad,445
2ad,449
2ad,44f
2ad,45d
2ad,464
2ad,46e
2ad,475
2ad,486
2ad,48a
2ad,491
2ad,497
2ad,49b
2ad,49e
2ad,4c7
2ad,4cb
2ad,4ce
2ad,4d5
2ad,4d9
2ad,4dc
2ad,4e6
2ad,4ea
2ad,4f1
2ad,599
2ad,617
2ad,647
2ad,64b
2ad,655
2ad,666
2ad,693
2ad,696
2ae,2d3
2ae,2d5
2ae,2d9
2ae,2f1
2ae,312
2ae,317
2ae,31b
2ae,347
2ae,34b
2ae,356
2ae,35a
2ae,365
2ae,369
2ae,372
2ae,393
2ae,399
2ae,416
2ae,41f
2ae,446
2ae,44a
2ae,44f
2ae,45e
2ae,464
2ae,46d
2ae,476
2ae,485
2ae,489
2ae,492
2ae,497
2ae,49b
2ae,49d
2ae,4c7
2ae,4cb
2ae,4cd
2ae,4d6
2ae,4da
2ae,4dc
2ae,4e5
2ae,4e9
2ae,4f2
2ae,59a
2ae,617
2ae,647
2ae,64b
2ae,656
2ae,665
2ae,693
2ae,695
2b3,2cd
2b3,2ce
2b3,2dc
2b3,2ec
2b3,347
2b3,34b
2b3,355
2b3,356
2b3,359
2b3,35a
2b3,365
2b3,366
2b3,369
2b3,36a
2b3,415
2b3,416
2b3,41f
2b3,451
2b3,452
2b3,457
2b3,45b
2b3,475
2b3,476
2b3,485
2b3,486
2b3,489
2b3,48a
2b3,48f
2b3,49d
2b3,49e
2b3,4ad
2b3,4ae
2b3,4c7
2b3,4cb
2b3,4d5
2b3,4d6
2b3,4d9
2b3,4da
2b3,4e5
2b3,4e6
2b3,4e9
2b3,4ea
2b3,599
2b3,59a
2b3,647
2b3,64b
2b3,655
2b3,656
2b3,665
2b3,666
2c7,311
2c7,312
2c7,31b
2c7,359
2c7,35a
2c7,369
2c7,36a
2c7,371
2c7,372
2c7,399
2c7,39a
2c7,3a9
2c7,3aa
2c7,415
2c7,416
2c7,41f
2c7,449
2c7,44a
2c7,451
2c7,452
2c7,454
2c7,45b
2c7,45d
2c7,45e
2c7,464
2c7,46d
2c7,46e
2c7,475
2c7,476
2c7,489
2c7,48a
2c7,491
2c7,492
2c7,49b
2c7,49d
2c7,49e
2c7,4ad
2c7,4ae
2c7,4d9
2c7,4da
2c7,4dc
2c7,4e9
2c7,4ea
2c7,4ec
2c7,4f1
2c7,4f2
2c7,555
2c7,556
2cb,311
2cb,312
2cb,317
2cb,355
2cb,356
2cb,365
2cb,366
2cb,371
2cb,372
2cb,41f
2cb,445
2cb,446
2cb,451
2cb,452
2cb,457
2cb,45d
2cb,45e
2cb,46d
2cb,46e
2cb,485
2cb,486
2cb,491
2cb,492
2cb,497
2cb,49d
2cb,49e
2cb,4ad
2cb,4ae
2cb,4d5
2cb,4d6
2cb,4dc
2cb,4e5
2cb,4e6
2cb,4ec
2cb,4f1
2cb,4f2
2cb,559
2cb,55a
2cb,599
2cb,59a
2cb,617
2cb,655
2cb,656
2cb,665
2cb,666
2cb,695
2cb,696
2cb,6a5
2cb,6a6
2cd,2f2
2cd,311
2cd,317
2cd,31b
2cd,353
2cd,356
2cd,35a
2cd,366
2cd,36a
2cd,371
2cd,393
2cd,39a
2cd,3aa
2cd,415
2cd,41f
2cd,446
2cd,44a
2cd,451
2cd,454
2cd,457
2cd,45b
2cd,45e
2cd,464
2cd,46e
2cd,475
2cd,486
2cd,48a
2cd,491
2cd,497
2cd,49b
2cd,49e
2cd,4ae
2cd,4d3
2cd,4d6
2cd,4da
2cd,4e6
2cd,4ea
2cd,4f1
2cd,555
2cd,559
2cd,599
2cd,617
2cd,653
2cd,656
2cd,666
2cd,693
2cd,696
2cd,6a6
2ce,2f1
2ce,312
2ce,317
2ce,31b
2ce,353
2ce,355
2ce,359
2ce,365
2ce,369
2ce,372
2ce,393
2ce,399
2ce,3a9
2ce,416
2ce,41f
2ce,445
2ce,449
2ce,452
2ce,454
2ce,457
2ce,45b
2ce,45d
2ce,464
2ce,46d
2ce,476
2ce,485
2ce,489
2ce,492
2ce,497
2ce,49b
2ce,49d
2ce,4ad
2ce,4d3
2ce,4d5
2ce,4d9
2ce,4e5
2ce,4e9
2ce,4f2
2ce,556
2ce,55a
2ce,59a
2ce,617
2ce,653
2ce,655
2ce,665
2ce,693
2ce,695
2ce,6a5
2d3,2ec
2d3,365
2d3,366
2d3,369
2d3,36a
2d3,3a9
2d3,3aa
2d3,415
2d3,416
2d3,41f
2d3,445
2d3,446
2d3,449
2d3,44a
2d3,44f
2d3,454
2d3,45d
2d3,45e
2d3,475
2d3,476
2d3,485
2d3,486
2d3,489
2d3,48a
2d3,48f
2d3,49d
2d3,49e
2d3,4cd
2d3,4ce
2d3,4dc
2d3,4e5
2d3,4e6
2d3,4e9
2d3,4ea
2d3,555
2d3,556
2d3,559
2d3,55a
2d3,599
2d3,59a
2d3,665
2d3,666
2d3,6a5
2d3,6a6
2d5,2ea
2d5,312
2d5,31b
2d5,34b
2d5,35a
2d5,366
2d5,369
2d5,372
2d5,38b
2d5,39a
2d5,3a9
2d5,416
2d5,41f
2d5,446
2d5,449
2d5,44f
2d5,452
2d5,45b
2d5,45e
2d5,464
2d5,46d
2d5,476
2d5,486
2d5,489
2d5,48f
2d5,492
2d5,49b
2d5,49e
2d5,4ad
2d5,4cb
2d5,4ce
2d5,4da
2d5,4e6
2d5,4e9
2d5,4ec
2d5,4f2
2d5,556
2d5,559
2d5,599
2d5,64b
2d5,666
2d5,68b
2d5,6a6
2d6,2e9
2d6,311
2d6,31b
2d6,34b
2d6,359
2d6,365
2d6,36a
2d6,371
2d6,38b
2d6,399
2d6,3aa
2d6,415
2d6,41f
2d6,445
2d6,44a
2d6,44f
2d6,451
2d6,45b
2d6,45d
2d6,464
2d6,46e
2d6,475
2d6,485
2d6,48a
2d6,48f
2d6,491
2d6,49b
2d6,49d
2d6,4ae
2d6,4cb
2d6,4cd
2d6,4d9
2d6,4e5
2d6,4ea
2d6,4ec
2d6,4f1
2d6,555
2d6,55a
2d6,59a
2d6,64b
2d6,665
2d6,68b
2d6,6a5
2d9,2e6
2d9,312
2d9,317
2d9,347
2d9,356
2d9,365
2d9,36a
2d9,372
2d9,387
2d9,3aa
2d9,415
2d9,41f
2d9,445
2d9,44a
2d9,44f
2d9,452
2d9,454
2d9,457
2d9,45e
2d9,46d
2d9,475
2d9,485
2d9,48a
2d9,48f
2d9,492
2d9,497
2d9,49e
2d9,4ad
2d9,4c7
2d9,4ce
2d9,4d6
2d9,4e5
2d9,4ea
2d9,4ec
2d9,4f2
2d9,555
2d9,55a
2d9,59a
2d9,617
2d9,647
2d9,656
2d9,665
2d9,687
2d9,696
2d9,6a5
2da,2e5
2da,311
2da,317
2da,347
2da,355
2da,366
2da,369
2da,371
2da,387
2da,3a9
2da,416
2da,41f
2da,446
2da,449
2da,44f
2da,451
2da,454
2da,457
2da,45d
2da,46e
2da,476
2da,486
2da,489
2da,48f
2da,491
2da,497
2da,49d
2da,4ae
2da,4c7
2da,4cd
2da,4d5
2da,4e6
2da,4e9
2da,4ec
2da,4f1
2da,556
2da,559
2da,599
2da,617
2da,647
2da,655
2da,666
2da,687
2da,695
2da,6a6
2dc,2e3
2dc,311
2dc,312
2dc,317
2dc,31b
2dc,347
2dc,34b
2dc,353
2dc,365
2dc,366
2dc,369
2dc,36a
2dc,371
2dc,372
2dc,387
2dc,38b
2dc,393
2dc,3a9
2dc,3aa
2dc,415
2dc,416
2dc,41f
2dc,445
2dc,446
2dc,449
2dc,44a
2dc,44f
2dc,451
2dc,452
2dc,457
2dc,45b
2dc,464
2dc,46d
2dc,46e
2dc,475
2dc,476
2dc,485
2dc,486
2dc,489
2dc,48a
2dc,48f
2dc,491
2dc,492
2dc,497
2dc,49b
2dc,4ad
2dc,4ae
2dc,4c7
2dc,4cb
2dc,4d3
2dc,4e5
2dc,4e6
2dc,4e9
2dc,4ea
2dc,4f1
2dc,4f2
2dc,555
2dc,556
2dc,559
2dc,55a
2dc,599
2dc,59a
2dc,617
2dc,647
2dc,64b
2dc,653
2dc,665
2dc,666
2dc,687
2dc,68b
2dc,693
2dc,6a5
2dc,6a6
2e3,311
2e3,312
2e3,317
2e3,31b
2e3,355
2e3,356
2e3,359
2e3,35a
2e3,399
2e3,39a
2e3,445
2e3,446
2e3,449
2e3,44a
2e3,44f
2e3,451
2e3,452
2e3,457
2e3,45b
2e3,464
2e3,46d
2e3,46e
2e3,475
2e3,476
2e3,485
2e3,486
2e3,489
2e3,48a
2e3,48f
2e3,491
2e3,492
2e3,497
2e3,49b
2e3,4ad
2e3,4ae
2e3,4cd
2e3,4ce
2e3,4d5
2e3,4d6
2e3,4d9
2e3,4da
2e3,4ec
2e3,617
2e3,655
2e3,656
2e3,695
2e3,696
2e5,311
2e5,317
2e5,34b
2e5,353
2e5,356
2e5,359
2e5,36a
2e5,372
2e5,38b
2e5,393
2e5,399
2e5,3aa
2e5,415
2e5,446
2e5,449
2e5,44f
2e5,451
2e5,454
2e5,457
2e5,45d
2e5,46e
2e5,476
2e5,486
2e5,489
2e5,48f
2e5,491
2e5,497
2e5,49d
2e5,4ae
2e5,4cb
2e5,4ce
2e5,4d3
2e5,4d6
2e5,4d9
2e5,4dc
2e5,4ea
2e5,4f2
2e5,555
2e5,617
2e5,64b
2e5,653
2e5,656
2e5,68b
2e5,693
2e5,696
2e6,312
2e6,317
2e6,34b
2e6,353
2e6,355
2e6,35a
2e6,369
2e6,371
2e6,38b
2e6,393
2e6,39a
2e6,3a9
2e6,416
2e6,445
2e6,44a
2e6,44f
2e6,452
2e6,454
2e6,457
2e6,45e
2e6,46d
2e6,475
2e6,485
2e6,48a
2e6,48f
2e6,492
2e6,497
2e6,49e
2e6,4ad
2e6,4cb
2e6,4cd
2e6,4d3
2e6,4d5
2e6,4da
2e6,4dc
2e6,4e9
2e6,4f1
2e6,556
2e6,617
2e6,64b
2e6,653
2e6,655
2e6,68b
2e6,693
2e6,695
2e9,311
2e9,31b
2e9,347
2e9,353
2e9,355
2e9,35a
2e9,366
2e9,372
2e9,387
2e9,393
2e9,39a
2e9,445
2e9,44a
2e9,44f
2e9,451
2e9,45b
2e9,45d
2e9,464
2e9,46e
2e9,475
2e9,485
2e9,48a
2e9,48f
2e9,491
2e9,49b
2e9,49d
2e9,4ae
2e9,4c7
2e9,4ce
2e9,4d3
2e9,4d5
2e9,4da
2e9,4dc
2e9,4e6
2e9,4f2
2e9,559
2e9,599
2e9,647
2e9,653
2e9,655
2e9,666
2e9,687
2e9,693
2e9,695
2e9,6a6
2ea,312
2ea,31b
2ea,347
2ea,353
2ea,356
2ea,359
2ea,365
2ea,371
2ea,387
2ea,393
2ea,399
2ea,446
2ea,449
2ea,44f
2ea,452
2ea,45b
2ea,45e
2ea,464
2ea,46d
2ea,476
2ea,486
2ea,489
2ea,48f
2ea,492
2ea,49b
2ea,49e
2ea,4ad
2ea,4c7
2ea,4cd
2ea,4d3
2ea,4d6
2ea,4d9
2ea,4dc
2ea,4e5
2ea,4f1
2ea,55a
2ea,59a
2ea,647
2ea,653
2ea,656
2ea,665
2ea,687
2ea,693
2ea,696
2ea,6a5
2ec,347
2ec,34b
2ec,355
2ec,356
2ec,359
2ec,35a
2ec,371
2ec,372
2ec,387
2ec,38b
2ec,399
2ec,39a
2ec,445
2ec,446
2ec,449
2ec,44a
2ec,44f
2ec,454
2ec,45d
2ec,45e
2ec,475
2ec,476
2ec,485
2ec,486
2ec,489
2ec,48a
2ec,48f
2ec,49d
2ec,49e
2ec,4c7
2ec,4cb
2ec,4d5
2ec,4d6
2ec,4d9
2ec,4da
2ec,4f1
2ec,4f2
2ec,647
2ec,64b
2ec,655
2ec,656
2ec,687
2ec,68b
2ec,695
2ec,696
2f1,312
2f1,317
2f1,31b
2f1,347
2f1,34b
2f1,356
2f1,35a
2f1,366
2f1,36a
2f1,387
2f1,38b
2f1,39a
2f1,3aa
2f1,415
2f1,445
2f1,449
2f1,452
2f1,454
2f1,457
2f1,45b
2f1,45d
2f1,464
2f1,46d
2f1,476
2f1,485
2f1,489
2f1,492
2f1,497
2f1,49b
2f1,49d
2f1,4ad
2f1,4c7
2f1,4cb
2f1,4cd
2f1,4d6
2f1,4da
2f1,4dc
2f1,4e6
2f1,4ea
2f1,4ec
2f1,555
2f1,559
2f1,599
2f1,617
2f1,647
2f1,64b
2f1,656
2f1,666
2f1,687
2f1,68b
2f1,696
2f1,6a6
2f2,311
2f2,317
2f2,31b
2f2,347
2f2,34b
2f2,355
2f2,359
2f2,365
2f2,369
2f2,387
2f2,38b
2f2,399
2f2,3a9
2f2,416
2f2,446
2f2,44a
2f2,451
2f2,454
2f2,457
2f2,45b
2f2,45e
2f2,464
2f2,46e
2f2,475
2f2,486
2f2,48a
2f2,491
2f2,497
2f2,49b
2f2,49e
2f2,4ae
2f2,4c7
2f2,4cb
2f2,4ce
2f2,4d5
2f2,4d9
2f2,4dc
2f2,4e5
2f2,4e9
2f2,4ec
2f2,556
2f2,55a
2f2,59a
2f2,617
2f2,647
2f2,64b
2f2,655
2f2,665
2f2,687
2f2,68b
2f2,695
2f2,6a5
311,366
311,36a
311,3aa
311,416
311,41f
311,445
311,449
311,452
311,454
311,457
311,45b
311,45d
311,475
311,485
311,489
311,492
311,497
311,49b
311,49d
311,4d3
311,4d5
311,4d9
311,4f1
311,556
311,55a
311,59a
311,647
311,64b
311,656
311,665
311,687
311,68b
311,696
311,6a5
312,365
312,369
312,3a9
312,415
312,41f
312,446
312,44a
312,451
312,454
312,457
312,45b
312,45e
312,476
312,486
312,48a
312,491
312,497
312,49b
312,49e
312,4d3
312,4d6
312,4da
312,4f2
312,555
312,559
312,599
312,647
312,64b
312,655
312,666
312,687
312,68b
312,695
312,6a6
317,369
317,36a
317,3a9
317,3aa
317,445
317,446
317,44f
317,451
317,452
317,454
317,45b
317,45d
317,45e
317,475
317,476
317,485
317,486
317,48f
317,491
317,492
317,49b
317,49d
317,49e
317,4c7
317,4d3
317,4d5
317,4d6
317,559
317,55a
317,599
317,59a
317,64b
317,665
317,666
317,68b
317,6a5
317,6a6
31b,365
31b,366
31b,415
31b,416
31b,449
31b,44a
31b,44f
31b,451
31b,452
31b,457
31b,45d
31b,45e
31b,489
31b,48a
31b,48f
31b,491
31b,492
31b,497
31b,49d
31b,49e
31b,4cb
31b,4d3
31b,4d9
31b,4da
31b,555
31b,556
31b,647
31b,655
31b,656
31b,687
31b,695
31b,696
347,399
347,39a
347,3a9
347,3aa
347,415
347,416
347,41f
347,449
347,44a
347,451
347,452
347,454
347,45b
347,45d
347,45e
347,464
347,46d
347,46e
347,475
347,476
347,485
347,486
347,48f
347,497
347,4cb
347,4cd
347,4ce
347,4d3
347,4d5
347,4d6
347,4e5
347,4e6
347,559
347,55a
347,68b
347,693
347,695
347,696
347,6a5
347,6a6
34b,41f
34b,445
34b,446
34b,451
34b,452
34b,457
34b,45d
34b,45e
34b,46d
34b,46e
34b,489
34b,48a
34b,48f
34b,49b
34b,4c7
34b,4cd
34b,4ce
34b,4d3
34b,4d9
34b,4da
34b,4e9
34b,4ea
34b,555
34b,556
34b,599
34b,59a
34b,617
34b,655
34b,656
34b,665
34b,666
34b,687
34b,693
353,3a9
353,3aa
353,415
353,416
353,41f
353,445
353,446
353,449
353,44a
353,44f
353,454
353,45d
353,45e
353,475
353,476
353,491
353,492
353,497
353,49b
353,4c7
353,4cb
353,4d5
353,4d6
353,4d9
353,4da
353,4f1
353,4f2
353,599
353,59a
353,665
353,666
353,687
353,68b
353,695
353,696
355,36a
355,38b
355,39a
355,3a9
355,416
355,41f
355,446
355,449
355,44f
355,452
355,45b
355,45e
355,464
355,46d
355,476
355,485
355,491
355,497
355,49d
355,4c7
355,4cd
355,4d3
355,4d6
355,4d9
355,4dc
355,4e5
355,4f1
355,55a
355,599
355,64b
355,666
355,687
355,693
355,696
355,6a5
356,369
356,38b
356,399
356,3aa
356,415
356,41f
356,445
356,44a
356,44f
356,451
356,45b
356,45d
356,464
356,46e
356,475
356,486
356,492
356,497
356,49e
356,4c7
356,4ce
356,4d3
356,4d5
356,4da
356,4dc
356,4e6
356,4f2
356,559
356,59a
356,64b
356,665
356,687
356,693
356,695
356,6a6
359,366
359,387
359,3aa
359,415
359,41f
359,445
359,44a
359,44f
359,452
359,454
359,457
359,45e
359,46d
359,475
359,489
359,491
359,49b
359,49d
359,4cb
359,4cd
359,4d3
359,4d5
359,4da
359,4dc
359,4e9
359,4f1
359,556
359,59a
359,617
359,647
359,656
359,665
359,68b
359,693
359,695
35a,365
35a,387
35a,3a9
35a,416
35a,41f
35a,446
35a,449
35a,44f
35a,451
35a,454
35a,457
35a,45d
35a,46e
35a,476
35a,48a
35a,492
35a,49b
35a,49e
35a,4cb
35a,4ce
35a,4d3
35a,4d6
35a,4d9
35a,4dc
35a,4ea
35a,4f2
35a,555
35a,599
35a,617
35a,647
35a,655
35a,666
35a,68b
35a,693
35a,696
365,38b
365,393
365,399
365,3aa
365,415
365,446
365,449
365,44f
365,451
365,454
365,457
365,45d
365,46e
365,476
365,485
365,4ad
365,4c7
365,4cd
365,4d5
365,4e6
365,4e9
365,4ec
365,4f1
365,556
365,559
365,617
365,64b
365,653
365,656
365,687
365,695
365,6a6
366,38b
366,393
366,39a
366,3a9
366,416
366,445
366,44a
366,44f
366,452
366,454
366,457
366,45e
366,46d
366,475
366,486
366,4ae
366,4c7
366,4ce
366,4d6
366,4e5
366,4ea
366,4ec
366,4f2
366,555
366,55a
366,617
366,64b
366,653
366,655
366,687
366,696
366,6a5
369,387
369,393
369,39a
369,445
369,44a
369,44f
369,451
369,45b
369,45d
369,464
369,46e
369,475
369,489
369,4ad
369,4cb
369,4cd
369,4d9
369,4e5
369,4ea
369,4ec
369,4f1
369,555
369,55a
369,599
369,647
369,653
369,655
369,666
369,68b
369,6a5
36a,387
36a,393
36a,399
36a,446
36a,449
36a,44f
36a,452
36a,45b
36a,45e
36a,464
36a,46d
36a,476
36a,48a
36a,4ae
36a,4cb
36a,4ce
36a,4da
36a,4e6
36a,4e9
36a,4ec
36a,4f2
36a,556
36a,559
36a,59a
36a,647
36a,653
36a,656
36a,665
36a,68b
36a,6a6
371,387
371,38b
371,39a
371,3aa
371,415
371,445
371,449
371,452
371,454
371,457
371,45b
371,45d
371,464
371,46d
371,476
371,491
371,4d3
371,4d5
371,4d9
371,4e5
371,4e9
371,4f2
371,556
371,55a
371,599
371,617
371,647
371,64b
371,656
371,666
371,693
371,695
371,6a5
372,387
372,38b
372,399
372,3a9
372,416
372,446
372,44a
372,451
372,454
372,457
372,45b
372,45e
372,464
372,46e
372,475
372,492
372,4d3
372,4d6
372,4da
372,4e6
372,4ea
372,4f1
372,555
372,559
372,59a
372,617
372,647
372,64b
372,655
372,665
372,693
372,696
372,6a6
387,415
387,416
387,41f
387,445
387,446
387,44f
387,457
387,489
387,48a
387,491
387,492
387,49b
387,49d
387,49e
387,4ad
387,4ae
387,4cb
387,4cd
387,4ce
387,4d3
387,4d5
387,4d6
387,4e5
387,4e6
387,555
387,556
387,599
387,59a
387,64b
387,653
387,655
387,656
387,665
387,666
38b,41f
38b,449
38b,44a
38b,44f
38b,45b
38b,485
38b,486
38b,491
38b,492
38b,497
38b,49d
38b,49e
38b,4ad
38b,4ae
38b,4c7
38b,4cd
38b,4ce
38b,4d3
38b,4d9
38b,4da
38b,4e9
38b,4ea
38b,559
38b,55a
38b,617
38b,647
38b,653
38b,695
38b,696
38b,6a5
38b,6a6
393,415
393,416
393,41f
393,451
393,452
393,457
393,45b
393,485
393,486
393,489
393,48a
393,48f
393,49d
393,49e
393,4c7
393,4cb
393,4d5
393,4d6
393,4d9
393,4da
393,4f1
393,4f2
393,555
393,556
393,559
393,55a
393,647
393,64b
393,655
393,656
393,6a5
393,6a6
399,415
399,41f
399,449
399,451
399,45b
399,45d
399,485
399,48a
399,48f
399,492
399,497
399,49e
399,4ad
399,4cb
399,4cd
399,4d3
399,4d5
399,4da
399,4dc
399,4e9
399,4f1
399,555
399,55a
399,617
399,64b
399,653
399,655
399,687
399,696
399,6a5
39a,416
39a,41f
39a,44a
39a,452
39a,45b
39a,45e
39a,486
39a,489
39a,48f
39a,491
39a,497
39a,49d
39a,4ae
39a,4cb
39a,4ce
39a,4d3
39a,4d6
39a,4d9
39a,4dc
39a,4ea
39a,4f2
39a,556
39a,559
39a,617
39a,64b
39a,653
39a,656
39a,687
39a,695
39a,6a6
3a9,449
3a9,46d
3a9,485
3a9,48a
3a9,48f
3a9,491
3a9,49b
3a9,49d
3a9,4ae
3a9,4cb
3a9,4cd
3a9,4d9
3a9,4e5
3a9,4ea
3a9,4ec
3a9,4f1
3a9,559
3a9,59a
3a9,64b
3a9,665
3a9,687
3a9,693
3a9,695
3a9,6a6
3aa,44a
3aa,46e
3aa,486
3aa,489
3aa,48f
3aa,492
3aa,49b
3aa,49e
3aa,4ad
3aa,4cb
3aa,4ce
3aa,4da
3aa,4e6
3aa,4e9
3aa,4ec
3aa,4f2
3aa,55a
3aa,599
3aa,64b
3aa,666
3aa,687
3aa,693
3aa,696
3aa,6a5
415,44a
415,46e
415,48a
415,4ae
415,4cb
415,4ce
415,4da
415,4e6
415,4e9
415,4ec
415,4f2
415,55a
415,59a
415,64b
415,666
415,68b
415,6a6
416,449
416,46d
416,489
416,4ad
416,4cb
416,4cd
416,4d9
416,4e5
416,4ea
416,4ec
416,4f1
416,559
416,599
416,64b
416,665
416,68b
416,6a5
41f,464
41f,4e5
41f,4e6
41f,4e9
41f,4ea
41f,4ec
41f,4f1
41f,4f2
41f,665
41f,666
41f,6a5
41f,6a6
445,48a
445,492
445,49b
445,49e
445,4ae
445,4da
445,4ea
445,4f2
445,55a
445,599
445,68b
445,693
445,696
445,6a6
446,489
446,491
446,49b
446,49d
446,4ad
446,4d9
446,4e9
446,4f1
446,559
446,59a
446,68b
446,693
446,695
446,6a5
449,476
449,486
449,492
449,497
449,49e
449,4ae
449,4d6
449,4e6
449,4f2
449,556
449,59a
449,617
449,656
449,666
449,687
449,693
449,695
449,6a5
44a,475
44a,485
44a,491
44a,497
44a,49d
44a,4ad
44a,4d5
44a,4e5
44a,4f1
44a,555
44a,599
44a,617
44a,655
44a,665
44a,687
44a,693
44a,696
44a,6a6
44f,491
44f,492
44f,4f1
44f,4f2
44f,599
44f,59a
44f,693
44f,695
44f,696
44f,6a5
44f,6a6
451,46e
451,486
451,48a
451,48f
451,49e
451,4ad
451,4ce
451,4e6
451,4ea
451,4ec
451,59a
451,666
451,687
451,68b
451,696
451,6a5
452,46d
452,485
452,489
452,48f
452,49d
452,4ae
452,4cd
452,4e5
452,4e9
452,4ec
452,599
452,665
452,687
452,68b
452,695
452,6a6
454,489
454,48a
454,48f
454,49b
454,4ad
454,4ae
454,4cb
454,4e9
454,4ea
454,599
454,59a
454,64b
454,687
454,693
454,6a5
454,6a6
457,489
457,48a
457,4ad
457,4ae
457,4e9
457,4ea
457,4ec
457,599
457,59a
457,68b
457,6a5
457,6a6
45b,464
45b,485
45b,486
45b,4ad
45b,4ae
45b,4e5
45b,4e6
45b,4ec
45b,665
45b,666
45b,687
45b,695
45b,696
45d,486
45d,48a
45d,492
45d,4ae
45d,4e6
45d,4ea
45d,4f2
45d,59a
45d,666
45d,687
45d,68b
45d,693
45d,696
45d,6a5
45e,485
45e,489
45e,491
45e,4ad
45e,4e5
45e,4e9
45e,4f1
45e,599
45e,665
45e,687
45e,68b
45e,693
45e,695
45e,6a6
464,489
464,48a
464,48f
464,491
464,492
464,497
464,49d
464,49e
464,4cb
464,4d3
464,4d9
464,4da
464,559
464,55a
464,617
464,64b
464,653
464,687
464,695
464,696
46d,486
46d,48a
46d,491
46d,497
46d,49b
46d,49e
46d,4d3
46d,4d6
46d,4da
46d,4f2
46d,556
46d,55a
46d,599
46d,617
46d,653
46d,656
46d,687
46d,68b
46d,695
46d,6a6
46e,485
46e,489
46e,492
46e,497
46e,49b
46e,49d
46e,4d3
46e,4d5
46e,4d9
46e,4f1
46e,555
46e,559
46e,59a
46e,617
46e,653
46e,655
46e,687
46e,68b
46e,696
46e,6a5
475,486
475,489
475,48f
475,492
475,49b
475,49e
475,4ae
475,4cb
475,4ce
475,4da
475,4ea
475,55a
475,599
475,64b
475,687
475,693
475,696
475,6a6
476,485
476,48a
476,48f
476,491
476,49b
476,49d
476,4ad
476,4cb
476,4cd
476,4d9
476,4e9
476,559
476,59a
476,64b
476,687
476,693
476,695
476,6a5
485,4da
485,4ea
485,4f2
485,556
485,559
485,59a
485,64b
485,653
485,656
485,666
486,4d9
486,4e9
486,4f1
486,555
486,55a
486,599
486,64b
486,653
486,655
486,665
489,4d6
489,4e6
489,4f2
489,555
489,55a
489,617
489,647
489,653
489,655
489,665
489,696
489,6a6
48a,4d5
48a,4e5
48a,4f1
48a,556
48a,559
48a,617
48a,647
48a,653
48a,656
48a,666
48a,695
48a,6a5
48f,4f1
48f,4f2
48f,555
48f,556
48f,559
48f,55a
48f,653
48f,655
48f,656
48f,665
48f,666
491,4ae
491,4ce
491,4e6
491,4ea
491,4ec
491,556
491,55a
491,647
491,64b
491,656
491,665
491,6a6
492,4ad
492,4cd
492,4e5
492,4e9
492,4ec
492,555
492,559
492,647
492,64b
492,655
492,666
492,6a5
497,4e9
497,4ea
497,4ec
497,559
497,55a
497,64b
497,665
497,666
49b,4e5
49b,4e6
49b,4ec
49b,555
49b,556
49b,647
49b,655
49b,656
49b,6a5
49b,6a6
49d,4e6
49d,4ea
49d,4f2
49d,556
49d,55a
49d,647
49d,64b
49d,653
49d,656
49d,665
49d,6a6
49e,4e5
49e,4e9
49e,4f1
49e,555
49e,559
49e,647
49e,64b
49e,653
49e,655
49e,666
49e,6a5
4ad,4d3
4ad,4d6
4ad,4da
4ad,4f2
4ad,555
4ad,559
4ad,59a
4ad,617
4ad,647
4ad,64b
4ad,655
4ad,666
4ad,693
4ad,696
4ae,4d3
4ae,4d5
4ae,4d9
4ae,4f1
4ae,556
4ae,55a
4ae,599
4ae,617
4ae,647
4ae,64b
4ae,656
4ae,665
4ae,693
4ae,695
4c7,559
4c7,55a
4c7,599
4c7,59a
4cb,555
4cb,556
4cb,617
4cb,655
4cb,656
4cb,665
4cb,666
4cb,695
4cb,696
4cb,6a5
4cb,6a6
4cd,4f2
4cd,556
4cd,55a
4cd,59a
4cd,617
4cd,653
4cd,656
4cd,666
4cd,693
4cd,696
4cd,6a6
4ce,4f1
4ce,555
4ce,559
4ce,599
4ce,617
4ce,653
4ce,655
4ce,665
4ce,693
4ce,695
4ce,6a5
4d3,4ec
4d3,665
4d3,666
4d3,6a5
4d3,6a6
4d5,4ea
4d5,55a
4d5,59a
4d5,64b
4d5,666
4d5,68b
4d5,6a6
4d6,4e9
4d6,559
4d6,599
4d6,64b
4d6,665
4d6,68b
4d6,6a5
4d9,4e6
4d9,556
4d9,617
4d9,647
4d9,656
4d9,665
4d9,687
4d9,696
4d9,6a5
4da,4e5
4da,555
4da,617
4da,647
4da,655
4da,666
4da,687
4da,695
4da,6a6
4dc,617
4dc,647
4dc,64b
4dc,653
4dc,665
4dc,666
4dc,687
4dc,68b
4dc,693
4dc,6a5
4dc,6a6
4e5,556
4e5,559
4e5,599
4e5,617
4e5,64b
4e5,653
4e5,656
4e5,68b
4e5,693
4e5,696
4e6,555
4e6,55a
4e6,59a
4e6,617
4e6,64b
4e6,653
4e6,655
4e6,68b
4e6,693
4e6,695
4e9,555
4e9,55a
4e9,59a
4e9,647
4e9,653
4e9,655
4e9,666
4e9,687
4e9,693
4e9,695
4e9,6a6
4ea,556
4ea,559
4ea,599
4ea,647
4ea,653
4ea,656
4ea,665
4ea,687
4ea,693
4ea,696
4ea,6a5
4ec,555
4ec,556
4ec,559
4ec,55a
4ec,599
4ec,59a
4ec,647
4ec,64b
4ec,655
4ec,656
4ec,687
4ec,68b
4ec,695
4ec,696
4f1,556
4f1,55a
4f1,59a
4f1,617
4f1,647
4f1,64b
4f1,656
4f1,666
4f1,687
4f1,68b
4f1,696
4f1,6a6
4f2,555
4f2,559
4f2,599
4f2,617
4f2,647
4f2,64b
4f2,655
4f2,665
4f2,687
4f2,68b
4f2,695
4f2,6a5
555,59a
555,64b
555,666
555,687
555,693
555,696
555,6a5
556,599
556,64b
556,665
556,687
556,693
556,695
556,6a6
559,617
559,647
559,656
559,665
559,68b
559,693
559,695
55a,617
55a,647
55a,655
55a,666
55a,68b
55a,693
55a,696
599,617
599,64b
599,653
599,655
599,687
599,696
599,6a5
59a,617
59a,64b
59a,653
59a,656
59a,687
59a,695
59a,6a6
64b,695
64b,696
64b,6a5
64b,6a6
653,6a5
653,6a6
655,68b
655,6a6
656,68b
656,6a5
665,68b
665,693
665,696
666,68b
666,693
666,695
