c ---- [ banner ] ------------------------------------------------------------
c
c Kissat SAT Solver
c 
c Copyright (c) 2021-2024 Armin Biere University of Freiburg
c Copyright (c) 2019-2021 Armin Biere Johannes Kepler University Linz
c 
c Version 4.0.0 unknown
c gcc (Ubuntu 13.3.0-6ubuntu2~24.04.1) 13.3.0 -W -Wall -O3 -DNDEBUG
c Mon Aug 3 21:56:23 UTC 2026 Linux runnervmvrwv9 6.17.0-1020-azure x86_64
c
c ---- [ proving ] -----------------------------------------------------------
c
c opened and writing proof to DRAT file:
c
c   borsuk_11_k6_q00r00_sixth_base_colorability_screen/work/results/q00r00-s023/q00r00-s023.drat
c
c ---- [ parsing ] -----------------------------------------------------------
c
c opened and reading DIMACS file:
c
c   borsuk_11_k6_q00r00_sixth_base_colorability_screen/work/input/instances/cases/q00r00-s023/q00r00-s023_12color.cnf
c
c parsed 'p cnf 1866 62481' header
c closing input after reading 810372 bytes (791 KB)
c finished parsing after 0.01 seconds
c
c ---- [ solving ] -----------------------------------------------------------
c
c  seconds switched rate     size/glue tier1  binary       remaining
c         MB reductions conflicts size  tier2    irredundant
c          level restarts redundant glue  trail       variables
c
c *  0.01  4 0 0 0  0 0   0   0 0.0 0 0 0 0 0% 62198 272 1855 99%
c (  0.01  4 0 0 0  0 0   0   0 0.0 0 0 0 0 0% 62198 272 1855 99%
c .  0.01  4 0 0 0  0 0   0   0 0.0 0 0 0 0 0% 62198 272 1855 99%
c f  0.11  7 0 0 0  0 0   0   0 0.0 0 0 0 0 0% 27464 272 5575 299%
c e  0.12  6 0 0 0  0 0   0   0 0.0 0 0 0 0 0% 28260 1222 3780 203%
c )  0.12  6 0 0 0  0 0   0   0 0.0 0 0 0 0 0% 28260 1222 3780 203%
c {  0.12  6 0 0 0  0 0   0   0 0.0 0 0 2 6 0% 28260 1222 3780 203%
c -  0.15  7 19 0 1 53 4 1001 734 1.7 17 10 9 12 38% 28260 1222 3780 203%
c }  0.15  7 19 1 1 53 4 1001 734 1.7 17 10 9 12 38% 28260 1222 3780 203%
c [  0.15  7 0 1 1 53 0 1001 734 0.0 0 0 2 6 0% 28260 1222 3780 203%
c B  0.15  7 0 1 1 53 0 1001 734 0.0 0 0 2 6 0% 28260 1222 3780 203%
c ]  0.18  7 40 2 1 53 1 1924 1641 2.1 21 10 2 6 37% 28260 1222 3780 203%
c {  0.18  7 19 2 1 53 4 1924 1641 1.7 17 10 9 12 38% 28260 1222 3780 203%
c -  0.18  7 20 2 2 53 3 2001 1361 1.7 17 10 9 12 38% 28260 1222 3780 203%
c u  0.21  7 25 2 2 53 3 2628 1975 1.8 17 10 9 12 37% 28260 1222 3780 203%
c v  0.22  7 25 2 2 53 3 2628 1970 1.8 17 10 9 12 37% 28260 1222 3780 203%
c w  0.22  7 25 2 2 53 3 2628 1970 1.8 17 10 9 12 37% 28260 1222 3780 203%
c f  0.24  7 25 2 2 53 3 2628 1970 1.8 17 10 9 12 37% 25985 1222 5325 285%
c u  0.25  8 25 2 2 53 3 2628 1966 1.8 17 10 9 12 37% 25985 1222 5325 285%
c v  0.26  8 25 2 2 53 3 2628 1960 1.8 17 10 9 12 37% 25985 1222 5325 285%
c
c  seconds  switched rate       size/glue  tier1     binary        remaining
c         MB reductions conflicts     size   tier2      irredundant
c          level restarts  redundant     glue    trail        variables
c
c w  0.26  8 25 2 2 53 3 2628 1958 1.8 17 10 9 12 37% 25985 1222 5325 285%
c }  0.30  8 23 3 2 57 2 2926 2248 1.8 17 10 9 12 36% 25985 1222 5325 285%
c [  0.30  8 40 3 2 57 1 2926 2248 2.1 21 10 2 6 37% 25985 1222 5325 285%
c W  0.31  8 40 3 2 57 1 2926 2248 2.1 21 10 2 6 37% 25985 1222 5325 285%
c -  0.32  8 41 3 3 57 1 3415 2561 2.0 23 11 9 15 36% 25985 1222 5325 285%
c ]  0.34  8 40 4 3 57 1 3821 2949 1.9 23 12 9 15 35% 25985 1222 5325 285%
c {  0.34  8 23 4 3 57 2 3821 2949 1.8 17 10 9 12 36% 25985 1222 5325 285%
c -  0.39  8 23 4 4 219 3 5147 3710 1.8 17 10 8 11 33% 25985 1222 5325 285%
c }  0.43  8 23 5 4 302 3 6173 4661 1.7 17 10 8 11 32% 25985 1222 5325 285%
c [  0.43  8 40 5 4 302 1 6173 4661 1.9 23 12 9 15 35% 25985 1222 5325 285%
c I  0.43  8 40 5 4 302 1 6173 4661 1.9 23 12 9 15 35% 25985 1222 5325 285%
c -  0.47  8 52 5 5 302 1 7147 4765 1.8 27 15 10 21 33% 25985 1222 5325 285%
c u  0.51 11 50 5 5 303 1 8127 5707 1.7 28 17 11 22 32% 25985 1222 5325 285%
c v  0.52 11 50 5 5 303 1 8127 5703 1.7 28 17 11 22 32% 25985 1222 5325 285%
c w  0.52 11 50 5 5 303 1 8127 5702 1.7 28 17 11 22 32% 25985 1222 5325 285%
c ]  0.55  9 49 6 5 304 1 8620 6152 1.6 28 17 11 22 32% 25985 1222 5325 285%
c {  0.55  9 23 6 5 304 3 8620 6152 1.7 17 10 8 11 32% 25985 1222 5325 285%
c -  0.59 10 26 6 6 419 4 9384 5646 1.7 17 10 8 12 32% 25985 1222 5325 285%
c o  0.62 10 29 6 6 503 5 10070 6326 1.8 18 10 8 12 32% 25985 1222 5325 285%
c -  0.70 10 33 6 7 710 6 11833 7476 1.8 18 10 9 12 31% 25985 1222 5325 285%
c
c  seconds  switched  rate        size/glue  tier1     binary        remaining
c         MB reductions conflicts       size   tier2      irredundant
c          level restarts    redundant     glue    trail        variables
c
c }  0.73 10 34 7 7 804 6 12689 8327 1.9 19 10 9 12 31% 25985 1222 5325 285%
c [  0.73 10 49 7 7 804 1 12689 8327 1.6 28 17 11 22 32% 25985 1222 5325 285%
c B  0.73 10 49 7 7 804 1 12689 8327 1.6 28 17 11 22 32% 25985 1222 5325 285%
c e  0.76  9 48 7 7 804 1 13132 8762 1.6 28 17 11 22 32% 23807 2926 5032 270%
c ^  0.77  9 48 7 7 804 1 13132 8762 1.6 28 17 11 22 32% 23807 2926 5032 270%
c -  0.82  8 44 7 8 805 1 14479 2921 1.7 28 16 11 25 31% 23807 2926 5032 270%
c u  0.94  9 41 7 8 806 1 16669 4945 1.7 28 17 11 25 30% 23807 2926 5032 270%
c v  0.95  9 41 7 8 806 1 16669 4937 1.7 28 17 11 25 30% 23807 2926 5032 270%
c w  0.96  9 41 7 8 806 1 16669 4887 1.7 28 17 11 25 30% 23807 2926 5032 270%
c ]  0.97  8 41 8 8 806 1 16774 4985 1.7 28 17 11 25 30% 23807 2926 5032 270%
c {  0.98  8 34 8 8 806 6 16774 4985 1.9 19 10 9 12 31% 23807 2926 5032 270%
c -  1.00  8 34 8 9 842 6 17308 5116 1.9 19 10 9 12 31% 23807 2926 5032 270%
c -  1.13  9 31 8 10 1082 6 20308 7212 1.9 19 10 9 12 31% 23807 2926 5032 270%
c o  1.13  9 31 8 10 1085 6 20338 7241 1.9 19 10 9 12 31% 23807 2926 5032 270%
c }  1.24  9 30 9 10 1272 5 22933 9633 1.8 19 10 9 12 31% 23807 2926 5032 270%
c [  1.24  9 41 9 10 1272 1 22933 9633 1.7 28 17 11 25 30% 23807 2926 5032 270%
c W  1.25  9 41 9 10 1272 1 22933 9633 1.7 28 17 11 25 30% 23807 2926 5032 270%
c -  1.27  9 41 9 11 1272 1 23473 8719 1.7 29 17 11 25 30% 23807 2926 5032 270%
c e  1.41  9 38 9 11 1274 1 26373 11458 1.7 28 16 11 25 30% 23945 3666 3984 214%
c ^  1.42  9 38 9 11 1274 1 26373 11458 1.7 28 16 11 25 30% 23945 3666 3984 214%
c
c  seconds  switched    rate        size/glue  tier1      binary        remaining
c         MB  reductions  conflicts       size    tier2      irredundant
c          level   restarts    redundant     glue     trail        variables
c
c -  1.44 10 37 9 12 1274 1 26791 6974 1.7 28 16 11 23 30% 23945 3666 3984 214%
c u  1.53 10 35 9 12 1276 1 28453 8429 1.7 27 16 11 23 31% 23945 3666 3984 214%
c v  1.55 10 35 9 12 1276 1 28453 8376 1.7 27 16 11 23 31% 23945 3666 3984 214%
c w  1.56 10 35 9 12 1276 1 28453 8312 1.7 27 16 11 23 31% 23945 3666 3984 214%
c f  1.66 10 35 9 12 1276 1 28453 8312 1.7 27 16 11 23 31% 23822 3666 4025 216%
c u  1.68 10 35 9 12 1276 1 28453 8246 1.7 27 16 11 23 31% 23822 3666 4025 216%
c v  1.69 10 35 9 12 1276 1 28453 8237 1.7 27 16 11 23 31% 23822 3666 4025 216%
c w  1.70 10 35 9 12 1276 1 28453 8218 1.7 27 16 11 23 31% 23822 3666 4025 216%
c ]  1.74 10 34 10 12 1276 1 29018 8732 1.7 26 16 11 23 31% 23822 3666 4025 216%
c {  1.74 10 30 10 12 1276 5 29018 8732 1.8 19 10 9 12 31% 23822 3666 4025 216%
c -  1.79 10 29 10 13 1364 5 30256 9001 1.8 19 10 9 12 31% 23822 3666 4025 216%
c -  1.93 10 27 10 14 1513 5 33861 11049 1.8 19 10 9 12 31% 23822 3666 4025 216%
c -  2.09 10 26 10 15 1834 5 37603 12894 1.8 19 10 9 12 32% 23822 3666 4025 216%
c }  2.09 10 26 11 15 1834 5 37645 12934 1.8 19 10 9 12 32% 23822 3666 4025 216%
c [  2.09 10 34 11 15 1834 1 37645 12934 1.7 26 16 11 23 31% 23822 3666 4025 216%
c O  2.09 10 34 11 15 1834 1 37645 12934 1.7 26 16 11 23 31% 23822 3666 4025 216%
c -  2.26 10 30 11 16 1836 1 41477 14616 1.7 25 15 10 20 32% 23822 3666 4025 216%
c u  2.38 12 29 11 16 1838 1 43590 16534 1.7 25 14 10 20 33% 23822 3666 4025 216%
c v  2.41 13 29 11 16 1838 1 43590 16470 1.7 25 14 10 20 33% 23822 3666 4025 216%
c w  2.42 13 29 11 16 1838 1 43590 15794 1.7 25 14 10 20 33% 23822 3666 4025 216%
c
c  seconds   switched    rate         size/glue  tier1      binary        remaining
c         MB   reductions  conflicts        size    tier2      irredundant
c          level    restarts     redundant     glue     trail        variables
c
c o  2.43 13 29 11 16 1838 1 43590 15794 1.7 25 14 10 20 33% 23822 3666 4025 216%
c -  2.50 12 29 11 17 1839 1 45480 15523 1.7 25 15 10 20 33% 23822 3666 4025 216%
c ]  2.52 12 29 12 17 1840 1 45900 15920 1.7 25 15 10 20 33% 23822 3666 4025 216%
c {  2.52 12 26 12 17 1840 5 45900 15920 1.8 19 10 9 12 32% 23822 3666 4025 216%
c -  2.68 12 25 12 18 2045 4 49604 17457 1.8 19 10 9 12 32% 23822 3666 4025 216%
c -  2.85 13 24 12 19 2198 4 53848 18956 1.8 18 10 9 12 32% 23822 3666 4025 216%
c e  2.92 11 24 12 19 2287 4 54996 20067 1.8 18 10 9 12 32% 24231 3993 3615 194%
c ^  2.92 11 24 12 19 2287 4 54996 20067 1.8 18 10 9 12 32% 24231 3993 3615 194%
c }  3.02 12 24 13 19 2393 4 57381 20441 1.8 18 10 9 12 33% 24231 3993 3615 194%
c [  3.02 12 29 13 19 2393 1 57381 20441 1.7 25 15 10 20 33% 24231 3993 3615 194%
c B  3.02 12 29 13 19 2393 1 57381 20441 1.7 25 15 10 20 33% 24231 3993 3615 194%
c -  3.06 13 31 13 20 2393 1 58207 19046 1.7 25 15 10 20 33% 24231 3993 3615 194%
c u  3.27 14 31 13 20 2396 1 62214 22689 1.7 25 15 10 20 34% 24231 3993 3615 194%
c v  3.30 14 31 13 20 2396 1 62214 22612 1.7 25 15 10 20 34% 24231 3993 3615 194%
c w  3.32 14 31 13 20 2396 1 62214 22164 1.7 25 15 10 20 34% 24231 3993 3615 194%
c -  3.36 12 31 13 21 2397 1 62681 20705 1.7 25 15 10 20 34% 24231 3993 3615 194%
c -  3.58 13 28 13 22 2399 1 67263 22858 1.7 24 15 10 20 35% 24231 3993 3615 194%
c ]  3.61 13 28 14 22 2399 1 68051 23616 1.7 24 14 10 20 35% 24231 3993 3615 194%
c {  3.61 13 24 14 22 2399 4 68051 23616 1.8 18 10 9 12 33% 24231 3993 3615 194%
c -  3.78 13 23 14 23 2528 4 71955 24792 1.8 18 10 9 12 33% 24231 3993 3615 194%
c
c  seconds   switched    rate         size/glue  tier1     binary        remaining
c         MB   reductions  conflicts        size   tier2      irredundant
c          level    restarts     redundant     glue    trail        variables
c
c o  3.86 13 23 14 23 2588 4 73594 26327 1.8 18 10 9 12 33% 24231 3993 3615 194%
c -  4.00 14 23 14 24 2783 4 76751 23066 1.8 18 10 8 12 34% 24231 3993 3615 194%
c -  4.23 13 23 14 25 3139 4 81649 23517 1.8 18 10 8 12 34% 24231 3993 3615 194%
c }  4.28 14 22 15 25 3222 4 82767 24588 1.8 18 10 8 12 34% 24231 3993 3615 194%
c [  4.28 14 28 15 25 3222 1 82767 24588 1.7 24 14 10 20 35% 24231 3993 3615 194%
c W  4.29 11 28 15 25 3222 1 82767 24588 1.7 24 14 10 20 35% 24231 3993 3615 194%
c u  4.41 14 29 15 25 3223 1 84407 25971 1.7 24 15 10 19 35% 24231 3993 3615 194%
c v  4.45 14 29 15 25 3223 1 84407 25736 1.7 24 15 10 19 35% 24231 3993 3615 194%
c w  4.46 14 29 15 25 3223 1 84407 25720 1.7 24 15 10 19 35% 24231 3993 3615 194%
c -  4.67 14 28 15 26 3224 1 86649 24290 1.7 24 15 10 19 36% 24231 3993 3615 194%
c -  4.93 14 27 15 27 3228 1 91753 25506 1.7 25 15 10 19 36% 24231 3993 3615 194%
c ]  5.14 14 26 16 27 3229 1 95564 28967 1.7 24 14 10 19 37% 24231 3993 3615 194%
c {  5.14 14 22 16 27 3229 4 95564 28967 1.8 18 10 8 12 34% 24231 3993 3615 194%
c -  5.22 14 22 16 28 3406 4 96949 26986 1.8 18 10 8 12 34% 24231 3993 3615 194%
c e  5.43 14 22 16 28 3709 4 101016 30857 1.7 18 10 8 12 34% 25204 5019 2983 160%
c ^  5.43 14 22 16 28 3709 4 101016 30857 1.7 18 10 8 12 34% 25204 5019 2983 160%
c -  5.49 14 22 16 29 3826 4 102242 21374 1.7 18 10 8 12 34% 25204 5019 2983 160%
c -  5.74 14 22 16 30 4328 4 107627 23420 1.7 18 10 8 12 35% 25204 5019 2983 160%
c u  5.88 14 22 16 30 4405 4 110343 25639 1.7 18 10 8 12 35% 25204 5019 2983 160%
c v  5.92 15 22 16 30 4405 4 110343 25285 1.7 18 10 8 12 35% 25204 5019 2983 160%
c
c  seconds   switched    rate          size/glue  tier1     binary        remaining
c         MB   reductions  conflicts         size   tier2      irredundant
c          level    restarts      redundant     glue    trail        variables
c
c w  5.93 15 22 16 30 4405 4 110343 25255 1.7 18 10 8 12 35% 25204 5019 2983 160%
c x  5.95 15 22 16 30 4405 4 110343 25252 1.7 18 10 8 12 35% 25204 5019 2983 160%
c -  6.10 15 22 16 31 4568 4 113105 26586 1.7 18 10 9 12 36% 25204 5019 2983 160%
c }  6.14 15 22 17 31 4612 4 113903 27298 1.7 18 10 9 12 36% 25204 5019 2983 160%
c [  6.14 15 26 17 31 4612 1 113903 27298 1.7 24 14 10 19 37% 25204 5019 2983 160%
c I  6.14 15 26 17 31 4612 1 113903 27298 1.7 24 14 10 19 37% 25204 5019 2983 160%
c o  6.14 15 26 17 31 4612 1 113903 27298 1.7 24 14 10 19 37% 25204 5019 2983 160%
c -  6.37 15 42 17 32 4615 1 118673 27720 1.5 29 19 10 21 37% 25204 5019 2983 160%
c -  6.63 15 42 17 33 4618 1 124329 28738 1.5 29 19 10 23 37% 25204 5019 2983 160%
c -  6.92 15 41 17 34 4621 1 130073 30833 1.5 30 19 10 23 38% 25204 5019 2983 160%
c ]  7.00 15 41 18 34 4623 1 131415 32130 1.5 30 19 10 23 38% 25204 5019 2983 160%
c {  7.00 15 22 18 34 4623 4 131415 32130 1.7 18 10 9 12 36% 25204 5019 2983 160%
c -  7.20 15 21 18 35 4629 3 135903 30218 1.7 17 10 8 12 36% 25204 5019 2983 160%
c u  7.44 16 20 18 35 4629 3 139942 31666 1.7 17 10 8 12 37% 25204 5019 2983 160%
c v  7.48 16 20 18 35 4629 3 139942 31360 1.7 17 10 8 12 37% 25204 5019 2983 160%
c w  7.51 22 20 18 35 4629 3 139942 31352 1.7 17 10 8 12 37% 25204 5019 2983 160%
c -  7.60 19 20 18 36 4634 3 141819 28806 1.7 17 10 8 12 37% 25204 5019 2983 160%
c -  7.86 19 19 18 37 4634 3 147819 30637 1.7 17 10 8 12 37% 25204 5019 2983 160%
c }  8.12 19 18 19 37 4643 3 153760 35791 1.7 17 10 8 12 38% 25204 5019 2983 160%
c [  8.12 19 41 19 37 4643 1 153760 35791 1.5 30 19 10 23 38% 25204 5019 2983 160%
c
c  seconds   switched    rate          size/glue  tier1      binary        remaining
c         MB   reductions  conflicts         size    tier2      irredundant
c          level    restarts      redundant     glue     trail        variables
c
c B  8.12 19 41 19 37 4643 1 153760 35791 1.5 30 19 10 23 38% 25204 5019 2983 160%
c -  8.13 19 41 19 38 4643 1 153901 33513 1.5 30 19 10 23 38% 25204 5019 2983 160%
c -  8.44 19 40 19 39 4648 1 160065 36776 1.6 30 19 10 23 38% 25204 5019 2983 160%
c e  8.77 17 38 19 39 4649 1 166056 42541 1.6 29 18 10 23 39% 26960 6128 2533 136%
c ^  8.77 17 38 19 39 4649 1 166056 42541 1.6 29 18 10 23 39% 26960 6128 2533 136%
c o  8.78 18 38 19 39 4649 1 166056 29780 1.6 29 18 10 23 39% 26960 6128 2533 136%
c -  8.80 19 39 19 40 4650 1 166311 27266 1.6 29 18 10 22 39% 26960 6128 2533 136%
c -  9.10 19 41 19 41 4655 1 172635 29653 1.6 30 19 10 23 40% 26960 6128 2533 136%
c u  9.20 20 41 19 41 4655 1 173447 30145 1.6 30 19 10 23 40% 26960 6128 2533 136%
c v  9.26 20 41 19 41 4655 1 173447 30052 1.6 30 19 10 23 40% 26960 6128 2533 136%
c w  9.28 23 41 19 41 4655 1 173447 29950 1.6 30 19 10 23 40% 26960 6128 2533 136%
c ]  9.35 18 41 20 41 4655 1 174146 30591 1.6 30 19 10 23 40% 26960 6128 2533 136%
c {  9.35 18 18 20 41 4655 3 174146 30591 1.7 17 10 8 12 38% 26960 6128 2533 136%
c -  9.58 20 18 20 42 5044 3 179041 32306 1.7 16 10 8 12 38% 26960 6128 2533 136%
c -  9.91 20 18 20 43 5803 3 185522 34867 1.7 17 10 8 12 39% 26960 6128 2533 136%
c - 10.23 20 19 20 44 6250 3 192079 36948 1.7 17 10 8 12 39% 26960 6128 2533 136%
c - 10.54 20 18 20 45 6556 3 198712 38340 1.7 17 10 8 12 40% 26960 6128 2533 136%
c } 10.63 20 18 21 45 6610 3 200886 40354 1.7 17 10 8 12 40% 26960 6128 2533 136%
c [ 10.63 20 41 21 45 6610 1 200886 40354 1.6 30 19 10 23 40% 26960 6128 2533 136%
c W 10.65 17 41 21 45 6610 1 200886 40354 1.6 30 19 10 23 40% 26960 6128 2533 136%
c
c  seconds   switched    rate          size/glue  tier1      binary        remaining
c         MB   reductions  conflicts         size    tier2      irredundant
c          level    restarts      redundant     glue     trail        variables
c
c - 10.85 17 39 21 46 6613 1 205420 39988 1.6 29 18 10 22 41% 26960 6128 2533 136%
c u 11.18 23 37 21 46 6616 1 210708 44865 1.6 29 18 10 22 41% 26960 6128 2533 136%
c v 11.25 23 37 21 46 6616 1 210708 44569 1.6 29 18 10 22 41% 26960 6128 2533 136%
c w 11.27 23 37 21 46 6616 1 210708 44418 1.6 29 18 10 22 41% 26960 6128 2533 136%
c - 11.37 19 37 21 47 6616 1 212203 41669 1.6 29 18 10 22 41% 26960 6128 2533 136%
c - 11.72 22 35 21 48 6621 1 219058 43278 1.6 28 17 10 21 42% 26960 6128 2533 136%
c O 12.04 23 33 21 48 6623 1 225113 48860 1.6 27 17 10 21 42% 26960 6128 2533 136%
c - 12.09 25 33 21 49 6624 1 225986 44136 1.6 27 17 10 20 42% 26960 6128 2533 136%
c ] 12.10 21 33 22 49 6624 1 226130 44262 1.6 27 17 10 20 42% 26960 6128 2533 136%
c { 12.10 21 18 22 49 6624 3 226130 44262 1.7 17 10 8 12 40% 26960 6128 2533 136%
c o 12.11 21 18 22 49 6630 3 226152 44284 1.7 17 10 8 12 40% 26960 6128 2533 136%
c - 12.75 22 22 22 50 8488 4 232986 44414 1.7 17 10 8 12 41% 26960 6128 2533 136%
c - 13.44 25 25 22 51 10291 5 240058 44538 1.7 18 11 8 12 41% 26960 6128 2533 136%
c - 14.13 22 27 22 52 11796 6 247199 45095 1.7 19 11 8 12 41% 26960 6128 2533 136%
c e 14.59 20 29 22 52 12718 6 251563 49427 1.7 19 11 8 12 42% 29696 7959 2156 116%
c ! 14.60 20 29 22 52 12718 6 251563 49427 1.7 19 11 8 12 42% 29696 7959 2156 116%
c u 14.76 19 29 22 52 12814 6 252004 29231 1.7 19 11 8 12 42% 29696 7959 2156 116%
c v 14.87 19 29 22 52 12814 6 252004 29072 1.7 19 11 8 12 42% 29696 7959 2156 116%
c w 14.91 19 29 22 52 12814 6 252004 29055 1.7 19 11 8 12 42% 29696 7959 2156 116%
c f 15.54 19 29 22 52 12814 6 252004 29055 1.7 19 11 8 12 42% 29129 7892 2192 117%
c
c  seconds   switched     rate          size/glue  tier1     binary        remaining
c         MB   reductions   conflicts         size   tier2      irredundant
c          level    restarts       redundant     glue    trail        variables
c
c u 15.63 19 29 22 52 12814 6 252004 29006 1.7 19 11 8 12 42% 29129 7892 2192 117%
c v 15.70 19 29 22 52 12814 6 252004 28860 1.7 19 11 8 12 42% 29129 7892 2192 117%
c w 15.73 19 29 22 52 12814 6 252004 28852 1.7 19 11 8 12 42% 29129 7892 2192 117%
c x 15.79 19 29 22 52 12814 6 252004 28851 1.7 19 11 8 12 42% 29129 7892 2192 117%
c - 16.01 19 30 22 53 13321 6 254412 27683 1.7 19 11 8 12 42% 29129 7892 2192 117%
c } 16.27 19 31 23 53 14006 6 257646 30897 1.7 20 11 8 12 42% 29129 7892 2192 117%
c [ 16.27 19 33 23 53 14006 1 257646 30897 1.6 27 17 10 20 42% 29129 7892 2192 117%
c B 16.27 19 33 23 53 14006 1 257646 30897 1.6 27 17 10 20 42% 29129 7892 2192 117%
c - 16.46 19 33 23 54 14008 1 261692 31196 1.7 27 16 10 20 43% 29129 7892 2192 117%
c - 16.79 19 31 23 55 14012 1 269042 34188 1.7 26 16 10 20 44% 29129 7892 2192 117%
c - 17.17 19 30 23 56 14018 1 276458 35825 1.7 26 16 10 19 44% 29129 7892 2192 117%
c - 17.56 19 29 23 57 14020 1 283941 37402 1.7 26 15 10 19 45% 29129 7892 2192 117%
c W 17.87 19 28 23 57 14020 1 289096 42294 1.7 25 15 10 19 45% 29129 7892 2192 117%
c - 18.00 19 29 23 58 14022 1 291490 38302 1.7 25 15 10 19 46% 29129 7892 2192 117%
c u 18.40 25 28 23 58 14026 1 297091 43451 1.7 25 15 10 19 46% 29129 7892 2192 117%
c v 18.50 25 28 23 58 14026 1 297091 42723 1.7 25 15 10 19 46% 29129 7892 2192 117%
c w 18.54 25 28 23 58 14026 1 297091 41854 1.7 25 15 10 19 46% 29129 7892 2192 117%
c o 18.55 25 28 23 58 14026 1 297091 41854 1.7 25 15 10 19 46% 29129 7892 2192 117%
c - 18.67 23 30 23 59 14027 1 299106 37707 1.7 25 15 10 19 46% 29129 7892 2192 117%
c - 19.05 23 29 23 60 14030 1 306787 39729 1.7 25 15 10 19 47% 29129 7892 2192 117%
c
c  seconds   switched     rate          size/glue  tier1      binary        remaining
c         MB   reductions   conflicts         size    tier2      irredundant
c          level    restarts       redundant     glue     trail        variables
c
c ] 19.46 23 28 24 60 14034 1 314282 46852 1.7 25 15 10 19 47% 29129 7892 2192 117%
c { 19.46 23 31 24 60 14034 6 314282 46852 1.7 20 11 8 12 42% 29129 7892 2192 117%
c - 19.48 23 31 24 61 14042 6 314533 40924 1.7 20 11 8 12 42% 29129 7892 2192 117%
c - 19.85 23 29 24 62 14060 6 322343 41273 1.7 20 11 8 12 43% 29129 7892 2192 117%
c - 20.23 23 28 24 63 14096 6 330217 42317 1.7 19 11 8 12 43% 29129 7892 2192 117%
c - 20.61 25 27 24 64 14247 5 338156 44478 1.7 19 11 8 12 44% 29129 7892 2192 117%
c - 20.98 23 26 24 65 14339 5 346157 47093 1.7 19 11 8 12 44% 29129 7892 2192 117%
c u 21.10 25 26 24 65 14339 5 346338 46855 1.7 19 11 8 12 44% 29129 7892 2192 117%
c v 21.19 25 26 24 65 14339 5 346338 46249 1.7 19 11 8 12 44% 29129 7892 2192 117%
c w 21.22 25 26 24 65 14339 5 346338 46089 1.7 19 11 8 12 44% 29129 7892 2192 117%
c } 21.45 23 25 25 65 14389 5 350961 50367 1.7 19 11 8 12 44% 29129 7892 2192 117%
c [ 21.45 23 28 25 65 14389 1 350961 50367 1.7 25 15 10 19 47% 29129 7892 2192 117%
c I 21.45 23 28 25 65 14389 1 350961 50367 1.7 25 15 10 19 47% 29129 7892 2192 117%
c - 21.60 23 28 25 66 14391 1 354219 47888 1.7 25 15 10 19 47% 29129 7892 2192 117%
c e 21.81 19 28 25 66 14394 1 358648 52161 1.7 26 15 10 19 48% 29187 7928 2186 117%
c - 22.02 23 28 25 67 14395 1 362345 49074 1.7 25 15 10 18 48% 29187 7928 2186 117%
c - 22.45 25 27 25 68 14401 1 370531 50904 1.7 25 14 10 18 48% 29187 7928 2186 117%
c - 22.92 23 26 25 69 14403 1 378777 51799 1.8 25 14 10 18 48% 29187 7928 2186 117%
c ] 23.18 25 26 26 69 14403 1 383481 56216 1.8 25 14 10 18 49% 29187 7928 2186 117%
c { 23.18 25 25 26 69 14403 5 383481 56216 1.7 19 11 8 12 44% 29187 7928 2186 117%
c
c  seconds   switched     rate          size/glue  tier1     binary        remaining
c         MB   reductions   conflicts         size   tier2      irredundant
c          level    restarts       redundant     glue    trail        variables
c
c o 23.19 25 25 26 69 14418 5 383566 56297 1.7 19 11 8 12 44% 29187 7928 2186 117%
c - 23.36 23 25 26 70 14486 5 387083 53138 1.7 19 11 8 12 45% 29187 7928 2186 117%
c - 23.77 25 24 26 71 14637 4 395449 54479 1.7 19 11 8 12 45% 29187 7928 2186 117%
c u 24.10 25 24 26 71 14663 4 399822 58131 1.7 19 11 8 12 45% 29187 7928 2186 117%
c v 24.21 25 24 26 71 14663 4 399822 57575 1.7 19 11 8 12 45% 29187 7928 2186 117%
c w 24.25 27 24 26 71 14663 4 399822 57024 1.7 19 11 8 12 45% 29187 7928 2186 117%
c f 24.27 19 24 26 71 14663 4 399822 57024 1.7 19 11 8 12 45% 29141 7923 2189 117%
c u 24.39 25 24 26 71 14663 4 399822 56793 1.7 19 11 8 12 45% 29141 7923 2189 117%
c v 24.49 25 24 26 71 14663 4 399822 56581 1.7 19 11 8 12 45% 29141 7923 2189 117%
c w 24.53 25 24 26 71 14663 4 399822 56569 1.7 19 11 8 12 45% 29141 7923 2189 117%
c - 24.75 25 24 26 72 14721 4 403876 54938 1.7 19 11 8 12 45% 29141 7923 2189 117%
c - 25.13 25 23 26 73 14790 4 412362 56499 1.7 18 11 8 12 45% 29141 7923 2189 117%
c - 25.54 25 22 26 74 14958 4 420906 58526 1.7 18 11 8 12 46% 29141 7923 2189 117%
c } 25.77 25 22 27 74 15065 4 425701 63022 1.7 18 10 8 12 46% 29141 7923 2189 117%
c [ 25.77 25 26 27 74 15065 1 425701 63022 1.8 25 14 10 18 49% 29141 7923 2189 117%
c B 25.77 25 26 27 74 15065 1 425701 63022 1.8 25 14 10 18 49% 29141 7923 2189 117%
c - 25.97 25 26 27 75 15067 1 429509 60444 1.8 25 14 10 18 49% 29141 7923 2189 117%
c - 26.47 25 25 27 76 15072 1 438170 62242 1.8 24 14 9 18 49% 29141 7923 2189 117%
c - 26.97 25 24 27 77 15078 1 446887 64253 1.8 24 14 9 17 49% 29141 7923 2189 117%
c - 27.54 25 23 27 78 15079 1 455662 66021 1.8 24 13 9 17 50% 29141 7923 2189 117%
c
c  seconds   switched     rate          size/glue  tier1     binary        remaining
c         MB   reductions   conflicts         size   tier2      irredundant
c          level    restarts       redundant     glue    trail        variables
c
c u 27.81 21 23 27 78 15079 1 457592 66609 1.8 24 13 9 17 50% 29141 7923 2189 117%
c v 27.94 21 23 27 78 15079 1 457592 62886 1.8 24 13 9 17 50% 29141 7923 2189 117%
c w 27.99 21 23 27 78 15079 1 457592 61684 1.8 24 13 9 17 50% 29141 7923 2189 117%
c ] 28.13 21 23 28 78 15080 1 459146 63094 1.8 24 13 9 17 50% 29141 7923 2189 117%
c { 28.13 21 22 28 78 15080 4 459146 63094 1.7 18 10 8 12 46% 29141 7923 2189 117%
c - 28.47 21 22 28 79 15193 4 464494 63213 1.7 18 10 8 12 46% 29141 7923 2189 117%
c - 28.90 21 21 28 80 15318 3 473382 67028 1.7 18 10 8 12 46% 29141 7923 2189 117%
c o 28.93 21 21 28 80 15346 3 473741 67373 1.7 18 10 8 12 46% 29141 7923 2189 117%
c - 29.36 21 21 28 81 15485 3 482326 69530 1.7 18 10 8 12 46% 29141 7923 2189 117%
c - 29.85 21 20 28 82 15757 3 491326 72479 1.7 18 10 8 12 46% 29141 7923 2189 117%
c - 30.32 22 20 28 83 15896 3 500384 75535 1.7 17 10 8 12 47% 29141 7923 2189 117%
c } 30.67 22 19 29 83 16008 3 507284 81492 1.7 17 10 8 12 47% 29141 7923 2189 117%
c [ 30.67 22 23 29 83 16008 1 507284 81492 1.8 24 13 9 17 50% 29141 7923 2189 117%
c W 30.68 22 23 29 83 16008 1 507284 81492 1.8 24 13 9 17 50% 29141 7923 2189 117%
c - 30.82 22 23 29 84 16010 1 509494 77729 1.8 24 13 9 17 50% 29141 7923 2189 117%
c - 31.37 22 23 29 85 16014 1 518661 80481 1.8 24 13 9 17 50% 29141 7923 2189 117%
c u 31.58 34 23 29 85 16015 1 519729 81419 1.8 24 13 9 17 50% 29141 7923 2189 117%
c v 31.68 34 23 29 85 16015 1 519729 81067 1.8 24 13 9 17 50% 29141 7923 2189 117%
c w 31.71 34 23 29 85 16015 1 519729 80881 1.8 24 13 9 17 50% 29141 7923 2189 117%
c - 32.33 30 23 29 86 16021 1 527880 82956 1.8 23 13 9 17 50% 29141 7923 2189 117%
c
c  seconds   switched     rate          size/glue  tier1     binary        remaining
c         MB   reductions   conflicts         size   tier2      irredundant
c          level    restarts       redundant     glue    trail        variables
c
c - 32.95 31 22 29 87 16022 1 537156 84793 1.8 23 13 9 17 50% 29141 7923 2189 117%
c ] 33.58 30 22 30 87 16027 1 545424 92575 1.8 23 13 9 17 50% 29141 7923 2189 117%
c { 33.59 30 19 30 87 16027 3 545424 92575 1.7 17 10 8 12 47% 29141 7923 2189 117%
c - 33.70 31 19 30 88 16138 3 546484 85293 1.7 17 10 8 12 47% 29141 7923 2189 117%
c - 34.28 31 19 30 89 16509 3 555864 86233 1.7 17 10 8 12 47% 29141 7923 2189 117%
c - 34.82 31 19 30 90 16805 3 565297 87302 1.7 17 10 8 12 47% 29141 7923 2189 117%
c o 35.34 31 19 30 90 17108 3 574375 95699 1.7 17 10 8 12 47% 29141 7923 2189 117%
c - 35.38 31 19 30 91 17139 3 574784 89432 1.7 17 10 8 12 47% 29141 7923 2189 117%
c - 35.93 32 19 30 92 17357 3 584325 91394 1.7 17 10 8 12 47% 29141 7923 2189 117%
c u 36.24 35 19 30 92 17359 3 586282 92873 1.7 17 10 8 12 47% 29141 7923 2189 117%
c v 36.39 35 19 30 92 17359 3 586282 91783 1.7 17 10 8 12 47% 29141 7923 2189 117%
c w 36.45 35 19 30 92 17359 3 586282 91591 1.7 17 10 8 12 47% 29141 7923 2189 117%
c - 36.92 31 19 30 93 17691 3 593917 91152 1.7 17 10 8 12 47% 29141 7923 2189 117%
c } 37.26 32 19 31 93 17927 3 599859 96353 1.7 17 10 8 12 47% 29141 7923 2189 117%
c [ 37.26 32 22 31 93 17927 1 599859 96353 1.8 23 13 9 17 50% 29141 7923 2189 117%
c O 37.26 32 22 31 93 17927 1 599859 96353 1.8 23 13 9 17 50% 29141 7923 2189 117%
c - 37.50 32 22 31 94 17929 1 603561 92521 1.8 23 13 9 17 50% 29141 7923 2189 117%
c - 38.15 31 22 31 95 17935 1 613256 93275 1.8 23 13 9 16 51% 29141 7923 2189 117%
c - 38.88 33 21 31 96 17940 1 623002 94023 1.8 23 13 9 16 50% 29141 7923 2189 117%
c - 39.51 34 21 31 97 17942 1 632801 94358 1.8 23 13 9 16 51% 29141 7923 2189 117%
c
c  seconds   switched     rate          size/glue  tier1     binary        remaining
c         MB   reductions   conflicts         size   tier2      irredundant
c          level    restarts       redundant     glue    trail        variables
c
c - 40.21 33 21 31 98 17948 1 642653 94836 1.8 23 13 8 16 51% 29141 7923 2189 117%
c ] 40.42 33 21 32 98 17949 1 645413 97439 1.8 23 13 8 16 51% 29141 7923 2189 117%
c { 40.42 33 19 32 98 17949 3 645413 97439 1.7 17 10 8 12 47% 29141 7923 2189 117%
c - 40.90 34 19 32 99 18317 3 652552 95613 1.7 17 10 8 12 48% 29141 7923 2189 117%
c u 41.41 37 19 32 99 18485 3 657305 97196 1.7 17 10 8 12 48% 29141 7923 2189 117%
c v 41.59 37 19 32 99 18485 3 657305 97047 1.7 17 10 8 12 48% 29141 7923 2189 117%
c w 41.66 37 19 32 99 18485 3 657305 96721 1.7 17 10 8 12 48% 29141 7923 2189 117%
c - 42.00 34 18 32 100 18590 3 662502 93775 1.7 17 10 8 12 48% 29141 7923 2189 117%
c - 42.61 34 18 32 101 19018 3 672502 94573 1.7 17 10 8 12 48% 29141 7923 2189 117%
c - 43.22 34 18 32 102 19324 3 682551 95644 1.7 17 10 8 12 48% 29141 7923 2189 117%
c o 43.34 34 18 32 102 19328 3 684779 97639 1.7 17 10 8 12 48% 29141 7923 2189 117%
c - 43.83 34 18 32 103 19655 3 692653 96297 1.7 17 10 8 12 48% 29141 7923 2189 117%
c - 44.45 34 18 32 104 20202 3 702801 96832 1.7 17 10 8 12 48% 29141 7923 2189 117%
c } 44.68 34 18 33 104 20409 3 706517 100237 1.7 17 10 8 12 48% 29141 7923 2189 117%
c [ 44.68 34 21 33 104 20409 1 706517 100237 1.8 23 13 8 16 51% 29141 7923 2189 117%
c B 44.68 34 21 33 104 20409 1 706517 100237 1.8 23 13 8 16 51% 29141 7923 2189 117%
c - 45.12 33 22 33 105 20414 1 712999 97062 1.8 23 13 8 16 51% 29141 7923 2189 117%
c - 45.82 33 21 33 106 20419 1 723245 97822 1.8 23 13 8 16 51% 29141 7923 2189 117%
c u 46.73 39 22 33 106 20423 1 732850 106814 1.8 23 13 8 16 51% 29141 7923 2189 117%
c v 46.92 39 22 33 106 20423 1 732850 106393 1.8 23 13 8 16 51% 29141 7923 2189 117%
c
c  seconds   switched      rate           size/glue  tier1     binary        remaining
c         MB   reductions    conflicts          size   tier2      irredundant
c          level     restarts       redundant      glue    trail        variables
c
c w 46.99 39 22 33 106 20423 1 732850 105826 1.8 23 13 8 16 51% 29141 7923 2189 117%
c - 47.09 33 22 33 107 20423 1 733540 97742 1.8 23 13 8 16 51% 29141 7923 2189 117%
c - 47.87 34 22 33 108 20427 1 743885 98492 1.7 23 13 8 16 51% 29141 7923 2189 117%
c - 48.72 34 21 33 109 20433 1 754278 99806 1.7 23 13 8 16 51% 29141 7923 2189 117%
c ] 48.90 33 21 34 109 20434 1 756493 101714 1.7 23 13 8 16 51% 29141 7923 2189 117%
c { 48.90 33 18 34 109 20434 3 756493 101714 1.7 17 10 8 12 48% 29141 7923 2189 117%
c - 49.40 35 17 34 110 20444 2 764719 99116 1.7 16 10 8 12 48% 29141 7923 2189 117%
c - 49.98 33 17 34 111 20451 2 775208 96644 1.7 16 10 8 12 48% 29141 7923 2189 117%
c - 50.54 34 16 34 112 20455 2 785744 96303 1.7 16 9 8 12 48% 29141 7923 2189 117%
c - 51.12 33 15 34 113 20456 2 796328 97578 1.6 15 9 8 12 48% 29141 7923 2189 117%
c o 51.60 34 15 34 113 20484 2 804952 105060 1.7 15 9 8 12 48% 29141 7923 2189 117%
c - 51.73 34 15 34 114 20491 2 806958 100190 1.7 15 9 8 12 48% 29141 7923 2189 117%
c u 52.34 37 15 34 114 20505 2 812967 104410 1.7 15 9 8 12 48% 29141 7923 2189 117%
c v 52.53 37 15 34 114 20505 2 812967 102415 1.7 15 9 8 12 48% 29141 7923 2189 117%
c w 52.56 39 15 34 114 20505 2 812967 102367 1.7 15 9 8 12 48% 29141 7923 2189 117%
c - 52.86 33 14 34 115 20521 2 817635 100617 1.7 15 9 8 11 48% 29141 7923 2189 117%
c } 53.23 34 14 35 115 20552 2 824639 106386 1.7 15 9 8 11 48% 29141 7923 2189 117%
c [ 53.23 34 21 35 115 20552 1 824639 106386 1.7 23 13 8 16 51% 29141 7923 2189 117%
c W 53.36 27 21 35 115 20552 1 824639 106386 1.7 23 13 8 16 51% 29141 7923 2189 117%
c - 53.62 27 21 35 116 20554 1 828360 104202 1.8 23 13 8 16 51% 29141 7923 2189 117%
c
c  seconds   switched      rate           size/glue  tier1     binary        remaining
c         MB   reductions    conflicts          size   tier2      irredundant
c          level     restarts       redundant      glue    trail        variables
c
c - 54.37 27 22 35 117 20561 1 839130 108079 1.8 23 13 8 16 51% 29141 7923 2189 117%
c - 55.17 27 22 35 118 20566 1 849947 109957 1.8 24 13 8 16 51% 29141 7923 2189 117%
c - 56.03 33 22 35 119 20569 1 860809 111770 1.8 24 13 8 16 51% 29141 7923 2189 117%
c - 56.92 36 22 35 120 20575 1 871717 112049 1.8 25 13 8 16 51% 29141 7923 2189 117%
c ] 57.27 37 22 36 120 20579 1 876038 116056 1.8 25 13 8 16 51% 29141 7923 2189 117%
c { 57.27 37 14 36 120 20579 2 876038 116056 1.7 15 9 8 11 48% 29141 7923 2189 117%
c - 57.89 36 15 36 121 21544 2 882673 111594 1.6 15 9 8 11 48% 29141 7923 2189 117%
c - 58.73 37 15 36 122 22605 2 893674 111553 1.6 15 9 8 11 48% 29141 7923 2189 117%
c u 59.30 41 15 36 122 22965 2 897708 115130 1.6 15 9 8 11 48% 29141 7923 2189 117%
c v 59.53 41 15 36 122 22965 2 897708 114789 1.6 15 9 8 11 48% 29141 7923 2189 117%
c w 59.62 41 15 36 122 22965 2 897708 114348 1.6 15 9 8 11 48% 29141 7923 2189 117%
c - 60.19 36 15 36 123 23594 2 904719 110795 1.6 15 9 8 11 48% 29141 7923 2189 117%
c - 61.05 39 16 36 124 24736 2 915809 110877 1.6 16 10 8 12 48% 29141 7923 2189 117%
c - 61.87 39 16 36 125 25750 2 926944 111620 1.6 16 10 8 12 48% 29141 7923 2189 117%
c o 62.49 36 16 36 125 26253 2 936789 120462 1.6 16 10 8 12 48% 29141 7923 2189 117%
c - 62.63 39 16 36 126 26464 3 938124 113180 1.6 16 10 8 12 48% 29141 7923 2189 117%
c - 63.42 39 17 36 127 27359 3 949351 114593 1.6 16 10 8 12 48% 29141 7923 2189 117%
c } 63.54 35 16 37 127 27369 3 951594 116564 1.6 16 10 8 12 48% 29141 7923 2189 117%
c [ 63.54 35 22 37 127 27369 1 951594 116564 1.8 25 13 8 16 51% 29141 7923 2189 117%
c I 63.54 35 22 37 127 27369 1 951594 116564 1.8 25 13 8 16 51% 29141 7923 2189 117%
c
c  seconds   switched      rate           size/glue  tier1     binary        remaining
c         MB   reductions    conflicts          size   tier2      irredundant
c          level     restarts       redundant      glue    trail        variables
c
c - 64.11 36 23 37 128 27375 1 960621 115065 1.9 25 14 8 16 51% 29141 7923 2189 117%
c - 64.80 39 23 37 129 27381 1 971934 116840 1.9 25 14 8 16 51% 29141 7923 2189 117%
c - 65.54 39 23 37 130 27383 1 983291 119776 1.9 25 13 8 16 51% 29141 7923 2189 117%
c u 66.12 41 23 37 130 27386 1 987126 123144 1.9 25 13 8 16 51% 29141 7923 2189 117%
c v 66.36 41 23 37 130 27386 1 987126 120574 1.9 25 13 8 16 51% 29141 7923 2189 117%
c w 66.45 41 23 37 130 27386 1 987126 119443 1.9 25 13 8 16 51% 29141 7923 2189 117%
c - 67.92 36 22 37 131 27390 1 994692 117941 1.9 25 13 8 16 51% 29141 7923 2189 117%
c - 68.75 37 22 37 132 27397 1 1006137 120370 1.9 24 13 8 16 51% 29141 7923 2189 117%
c - 69.66 35 21 37 133 27399 1 1017627 120276 1.9 24 13 8 16 51% 29141 7923 2189 117%
c B 69.77 36 21 37 133 27399 1 1019277 121817 1.9 24 13 8 16 51% 29141 7923 2189 117%
c - 70.49 35 24 37 134 27399 1 1029160 116464 1.9 25 13 8 16 51% 29141 7923 2189 117%
c ] 70.71 36 25 38 134 27399 1 1032250 119506 1.9 26 14 8 16 51% 29141 7923 2189 117%
c { 70.71 36 16 38 134 27399 3 1032250 119506 1.6 16 10 8 12 48% 29141 7923 2189 117%
c - 71.97 39 19 38 135 29189 3 1040735 113911 1.6 17 10 8 12 48% 29141 7923 2189 117%
c - 73.70 39 23 38 136 31656 4 1052355 114492 1.7 18 11 8 12 48% 29141 7923 2189 117%
c - 75.49 39 26 38 137 34104 5 1064016 115161 1.7 19 11 8 12 48% 29141 7923 2189 117%
c - 77.33 39 29 38 138 36563 6 1075720 115297 1.7 20 12 8 12 48% 29141 7923 2189 117%
c o 77.51 36 29 38 138 36794 6 1076792 116365 1.7 20 12 8 12 48% 29141 7923 2189 117%
c u 78.53 41 30 38 138 37738 6 1081273 112654 1.7 21 12 8 12 48% 29141 7923 2189 117%
c v 78.78 41 30 38 138 37738 6 1081273 112444 1.7 21 12 8 12 48% 29141 7923 2189 117%
c
c  seconds   switched      rate            size/glue  tier1     binary        remaining
c         MB   reductions     conflicts          size   tier2      irredundant
c          level     restarts        redundant      glue    trail        variables
c
c w 78.88 41 30 38 138 37738 6 1081273 112434 1.7 21 12 8 12 48% 29141 7923 2189 117%
c - 79.97 39 31 38 139 38967 6 1087468 107106 1.7 21 12 8 12 48% 29141 7923 2189 117%
c - 81.73 39 33 38 140 41223 7 1099260 107241 1.7 22 13 8 12 48% 29141 7923 2189 117%
c - 83.47 39 35 38 141 43309 7 1111092 105645 1.8 23 13 8 12 48% 29141 7923 2189 117%
c } 84.14 36 36 39 141 44128 7 1115583 110100 1.8 24 13 8 12 48% 29141 7923 2189 117%
c [ 84.14 36 25 39 141 44128 1 1115583 110100 1.9 26 14 8 16 51% 29141 7923 2189 117%
c W 84.43 29 25 39 141 44128 1 1115583 110100 1.9 26 14 8 16 51% 29141 7923 2189 117%
c - 84.96 29 25 39 142 44133 1 1122969 103010 1.9 26 14 8 16 51% 29141 7923 2189 117%
c - 85.77 29 24 39 143 44140 1 1134885 102244 1.8 25 14 8 16 51% 29141 7923 2189 117%
c - 86.64 35 23 39 144 44142 1 1146844 101379 1.8 25 13 8 16 51% 29141 7923 2189 117%
c - 87.55 36 22 39 145 44149 1 1158844 98936 1.8 24 13 8 16 51% 29141 7923 2189 117%
c - 88.50 35 22 39 146 44156 1 1170885 96681 1.8 23 13 8 16 51% 29141 7923 2189 117%
c u 89.58 39 21 39 146 44157 1 1180172 101572 1.9 23 13 8 16 52% 29141 7923 2189 117%
c v 89.96 41 21 39 146 44157 1 1180172 91978 1.9 23 13 8 16 52% 29141 7923 2189 117%
c w 90.10 41 21 39 146 44157 1 1180172 90757 1.9 23 13 8 16 52% 29141 7923 2189 117%
c - 90.36 35 21 39 147 44158 1 1182969 84557 1.9 23 13 7 16 52% 29141 7923 2189 117%
c O 91.15 35 21 39 147 44158 1 1194012 95059 1.9 23 13 7 16 52% 29141 7923 2189 117%
c - 91.26 35 21 39 148 44158 1 1195093 88846 1.9 23 13 7 16 52% 29141 7923 2189 117%
c - 92.24 36 21 39 149 44165 1 1207261 91513 1.9 23 12 7 15 51% 29141 7923 2189 117%
c - 93.28 35 20 39 150 44172 1 1219468 93846 1.9 23 12 7 15 51% 29141 7923 2189 117%
c
c  seconds   switched      rate           size/glue  tier1     binary        remaining
c         MB   reductions     conflicts         size   tier2      irredundant
c          level     restarts        redundant     glue    trail        variables
c
c - 94.33 36 20 39 151 44175 1 1231715 95176 1.9 23 12 7 15 51% 29141 7923 2189 117%
c - 95.37 35 20 39 152 44182 1 1244003 95575 1.9 23 12 7 15 51% 29141 7923 2189 117%
c - 96.41 36 19 39 153 44188 1 1256331 95343 1.9 23 12 7 15 51% 29141 7923 2189 117%
c - 97.49 36 19 39 154 44189 1 1268702 94405 1.9 23 12 7 15 51% 29141 7923 2189 117%
c ] 97.91 36 19 40 154 44189 1 1273556 99054 1.9 23 12 7 15 51% 29141 7923 2189 117%
c { 97.91 36 36 40 154 44189 7 1273556 99054 1.8 24 13 8 12 48% 29141 7923 2189 117%
c - 98.56 36 35 40 155 44200 7 1281113 93967 1.8 23 13 8 12 48% 29141 7923 2189 117%
c o 98.73 35 34 40 155 44203 6 1283417 96182 1.8 23 13 8 12 48% 29141 7923 2189 117%
c u 99.13 41 34 40 155 44214 6 1283878 96246 1.8 23 13 8 12 48% 29141 7923 2189 117%
c v 99.46 41 34 40 155 44214 6 1283878 95616 1.8 23 13 8 12 48% 29141 7923 2189 117%
c w 99.58 41 34 40 155 44214 6 1283878 95165 1.8 23 13 8 12 48% 29141 7923 2189 117%
c - 100.23 36 33 40 156 44222 6 1293562 92824 1.8 23 13 8 12 48% 29141 7923 2189 117%
c - 101.05 36 31 40 157 44234 5 1306052 92605 1.8 22 13 8 12 49% 29141 7923 2189 117%
c - 101.96 35 29 40 158 44237 5 1318582 92299 1.8 21 12 8 12 48% 29141 7923 2189 117%
c - 102.78 35 27 40 159 44259 5 1331152 93651 1.8 21 12 8 12 48% 29141 7923 2189 117%
c - 103.58 36 26 40 160 44262 4 1343762 96225 1.8 21 12 8 12 48% 29141 7923 2189 117%
c - 104.39 36 24 40 161 44361 4 1356412 98879 1.8 20 11 8 12 48% 29141 7923 2189 117%
c } 104.94 36 24 41 161 44428 4 1365030 106764 1.8 20 11 8 12 48% 29141 7923 2189 117%
c [ 104.94 36 19 41 161 44428 1 1365030 106764 1.9 23 12 7 15 51% 29141 7923 2189 117%
c B 104.94 36 19 41 161 44428 1 1365030 106764 1.9 23 12 7 15 51% 29141 7923 2189 117%
c
c  seconds    switched      rate            size/glue  tier1     binary        remaining
c          MB   reductions     conflicts          size   tier2      irredundant
c           level     restarts        redundant      glue    trail        variables
c
c - 105.27 37 20 41 162 44430 1 1369101 101772 1.9 23 12 7 15 51% 29141 7923 2189 117%
c - 106.34 36 20 41 163 44438 1 1381828 104106 1.9 23 12 7 15 51% 29141 7923 2189 117%
c u 107.58 41 19 41 163 44442 1 1392440 112915 1.9 23 12 7 15 51% 29141 7923 2189 117%
c v 107.89 41 19 41 163 44442 1 1392440 108374 1.9 23 12 7 15 51% 29141 7923 2189 117%
c w 108.00 41 19 41 163 44442 1 1392440 107637 1.9 23 12 7 15 51% 29141 7923 2189 117%
c - 108.20 35 20 41 164 44442 1 1394596 99063 1.9 23 12 7 15 51% 29141 7923 2189 117%
c - 109.27 36 20 41 165 44449 1 1407402 101511 1.9 23 12 7 15 51% 29141 7923 2189 117%
c - 110.39 36 19 41 166 44456 1 1420247 106248 1.9 23 12 7 15 52% 29141 7923 2189 117%
c - 111.49 35 19 41 167 44458 1 1433133 108413 1.9 23 12 7 15 52% 29141 7923 2189 117%
c ] 111.98 35 19 42 167 44458 1 1438912 113732 1.9 23 12 7 15 52% 29141 7923 2189 117%
c { 111.98 35 24 42 167 44458 4 1438912 113732 1.8 20 11 8 12 48% 29141 7923 2189 117%
c o 112.44 39 23 42 167 44518 4 1445050 119438 1.8 20 11 8 12 48% 29141 7923 2189 117%
c - 112.54 39 23 42 168 44533 4 1446055 110337 1.8 20 11 8 12 48% 29141 7923 2189 117%
c - 113.35 39 22 42 169 44626 3 1459018 112462 1.8 20 11 8 12 48% 29141 7923 2189 117%
c - 114.19 39 22 42 170 44756 3 1472019 114380 1.8 19 11 8 12 48% 29141 7923 2189 117%
c - 115.06 39 21 42 171 44991 3 1485057 117224 1.8 19 11 8 12 48% 29141 7923 2189 117%
c - 115.96 39 20 42 172 45090 3 1498133 119628 1.8 19 11 8 12 48% 29141 7923 2189 117%
c u 116.89 43 20 42 172 45215 3 1505859 125109 1.8 19 11 8 12 48% 29141 7923 2189 117%
c v 117.19 43 20 42 172 45215 3 1505859 123595 1.8 19 11 8 12 48% 29141 7923 2189 117%
c w 117.30 43 20 42 172 45215 3 1505859 123207 1.8 19 11 8 12 48% 29141 7923 2189 117%
c
c  seconds    switched      rate            size/glue  tier1     binary        remaining
c          MB   reductions     conflicts          size   tier2      irredundant
c           level     restarts        redundant      glue    trail        variables
c
c - 117.73 39 20 42 173 45362 3 1511248 119083 1.8 19 11 8 12 48% 29141 7923 2189 117%
c - 118.56 39 19 42 174 45389 3 1524402 98419 1.7 18 10 7 12 48% 29141 7923 2189 117%
c - 119.39 36 19 42 175 45537 2 1537593 93823 1.7 18 10 7 12 48% 29141 7923 2189 117%
c } 119.47 35 19 43 175 45537 2 1538885 94966 1.7 18 10 7 12 48% 29141 7923 2189 117%
c [ 119.47 35 19 43 175 45537 1 1538885 94966 1.9 23 12 7 15 52% 29141 7923 2189 117%
c W 119.94 29 19 43 175 45537 1 1538885 94966 1.9 23 12 7 15 52% 29141 7923 2189 117%
c - 120.79 29 19 43 176 45543 1 1550821 94219 1.9 23 12 7 15 52% 29141 7923 2189 117%
c - 121.83 29 19 43 177 45551 1 1564088 95437 1.9 22 12 7 15 52% 29141 7923 2189 117%
c - 122.88 29 18 43 178 45556 1 1577392 96059 1.9 22 12 7 15 52% 29141 7923 2189 117%
c - 123.92 29 18 43 179 45564 1 1590733 97295 1.9 22 12 7 15 52% 29141 7923 2189 117%
c - 125.02 29 18 43 180 45566 1 1604112 97981 1.9 22 12 7 15 52% 29141 7923 2189 117%
c - 126.14 29 18 43 181 45567 1 1617529 98529 1.9 22 12 7 15 52% 29141 7923 2189 117%
c ] 126.57 29 18 44 181 45569 1 1622478 103226 1.9 22 12 7 15 52% 29141 7923 2189 117%
c { 126.57 29 19 44 181 45569 2 1622478 103226 1.7 18 10 7 12 48% 29141 7923 2189 117%
c o 126.59 29 19 44 181 45581 2 1622559 103306 1.7 18 10 7 12 48% 29141 7923 2189 117%
c u 127.07 39 19 44 181 45621 2 1624213 101679 1.7 18 10 7 12 48% 29141 7923 2189 117%
c v 127.42 41 19 44 181 45621 2 1624213 94475 1.7 18 10 7 12 48% 29141 7923 2189 117%
c w 127.54 41 19 44 181 45621 2 1624213 93891 1.7 18 10 7 12 48% 29141 7923 2189 117%
c - 128.06 35 18 44 182 45749 2 1630983 90858 1.7 18 10 7 12 48% 29141 7923 2189 117%
c - 129.06 35 18 44 183 46150 2 1644473 95142 1.7 18 10 7 12 48% 29141 7923 2189 117%
c
c  seconds    switched      rate           size/glue  tier1     binary        remaining
c          MB   reductions     conflicts         size   tier2      irredundant
c           level     restarts        redundant     glue    trail        variables
c
c - 129.95 35 18 44 184 46432 2 1658001 97281 1.7 18 10 7 12 48% 29141 7923 2189 117%
c - 130.82 35 18 44 185 46694 2 1671565 98658 1.7 17 10 7 12 48% 29141 7923 2189 117%
c - 131.75 36 18 44 186 47135 2 1685166 99582 1.7 17 10 7 12 48% 29141 7923 2189 117%
c - 132.64 36 17 44 187 47443 2 1698804 100772 1.7 17 10 7 12 48% 29141 7923 2189 117%
c - 133.58 36 17 44 188 47802 2 1712479 101667 1.7 17 10 7 12 48% 29141 7923 2189 117%
c - 134.53 37 17 44 189 48297 2 1726190 102143 1.7 17 10 7 12 48% 29141 7923 2189 117%
c } 134.89 36 17 45 189 48504 2 1731309 106761 1.7 17 10 7 12 48% 29141 7923 2189 117%
c [ 134.89 36 18 45 189 48504 1 1731309 106761 1.9 22 12 7 15 52% 29141 7923 2189 117%
c I 134.89 36 18 45 189 48504 1 1731309 106761 1.9 22 12 7 15 52% 29141 7923 2189 117%
c - 135.40 36 19 45 190 48510 1 1739938 101468 1.9 23 12 7 15 52% 29141 7923 2189 117%
c u 136.21 41 19 45 190 48513 1 1747529 106339 1.9 23 12 7 15 52% 29141 7923 2189 117%
c v 136.53 41 19 45 190 48513 1 1747529 106203 1.9 23 12 7 15 52% 29141 7923 2189 117%
c w 136.64 41 19 45 190 48513 1 1747529 105965 1.9 23 12 7 15 52% 29141 7923 2189 117%
c - 137.10 35 19 45 191 48517 1 1753723 97942 1.9 23 12 7 15 51% 29141 7923 2189 117%
c - 138.16 36 19 45 192 48521 1 1767547 98755 1.9 23 12 7 15 51% 29141 7923 2189 117%
c - 139.18 36 19 45 193 48529 1 1781404 98210 1.9 22 12 7 15 51% 29141 7923 2189 117%
c - 140.21 37 19 45 194 48533 1 1795296 98336 1.9 22 12 7 15 51% 29141 7923 2189 117%
c - 141.31 35 18 45 195 48534 1 1809225 99945 1.9 22 12 7 14 50% 29141 7923 2189 117%
c - 142.36 39 18 45 196 48541 1 1823190 100996 1.9 21 11 7 14 50% 29141 7923 2189 117%
c ] 142.95 35 18 46 196 48546 1 1831726 109057 1.9 22 11 7 14 50% 29141 7923 2189 117%
c
c  seconds    switched      rate            size/glue  tier1     binary        remaining
c          MB   reductions     conflicts          size   tier2      irredundant
c           level     restarts        redundant      glue    trail        variables
c
c { 142.95 35 17 46 196 48546 2 1831726 109057 1.7 17 10 7 12 48% 29141 7923 2189 117%
c o 142.95 35 17 46 196 48547 2 1831752 109083 1.7 17 10 7 12 48% 29141 7923 2189 117%
c - 143.37 36 17 46 197 48780 2 1837190 101998 1.7 17 10 7 12 48% 29141 7923 2189 117%
c - 144.39 36 17 46 198 49391 2 1851228 104245 1.7 17 10 7 12 48% 29141 7923 2189 117%
c - 145.39 36 17 46 199 49986 2 1865299 105685 1.7 17 10 7 12 48% 29141 7923 2189 117%
c u 146.53 33 17 46 199 50584 2 1875829 107905 1.7 17 10 7 12 48% 29141 7923 2189 117%
c v 146.89 33 17 46 199 50584 2 1875829 106218 1.7 17 10 7 12 48% 29141 7923 2189 117%
c w 147.00 33 17 46 199 50584 2 1875829 106043 1.7 17 10 7 12 48% 29141 7923 2189 117%
c - 148.73 33 17 46 200 50711 2 1879405 98257 1.7 17 10 7 12 48% 29141 7923 2189 117%
c - 149.66 33 17 46 201 51147 2 1893548 99426 1.7 17 10 7 12 48% 29141 7923 2189 117%
c - 150.63 33 17 46 202 51679 2 1907726 100216 1.7 17 10 7 12 48% 29141 7923 2189 117%
c - 151.62 33 17 46 203 52398 2 1921939 100817 1.7 17 10 7 12 48% 29141 7923 2189 117%
c - 152.65 33 17 46 204 53139 2 1936188 101978 1.7 17 10 7 12 48% 29141 7923 2189 117%
c } 153.56 33 17 47 204 53655 2 1949771 114119 1.7 17 10 7 12 48% 29141 7923 2189 117%
c [ 153.56 33 18 47 204 53655 1 1949771 114119 1.9 22 11 7 14 50% 29141 7923 2189 117%
c B 153.56 33 18 47 204 53655 1 1949771 114119 1.9 22 11 7 14 50% 29141 7923 2189 117%
c - 153.62 33 19 47 205 53655 1 1950471 101821 1.9 22 12 7 14 50% 29141 7923 2189 117%
c - 154.68 33 20 47 206 53664 1 1964788 97848 1.8 22 12 7 15 50% 29141 7923 2189 117%
c - 155.74 33 20 47 207 53669 1 1979142 95640 1.8 23 13 7 15 50% 29141 7923 2189 117%
c - 156.79 33 21 47 208 53676 1 1993529 96906 1.8 23 13 7 15 50% 29141 7923 2189 117%
c
c  seconds    switched      rate           size/glue  tier1     binary        remaining
c          MB   reductions     conflicts         size   tier2      irredundant
c           level     restarts        redundant     glue    trail        variables
c
c - 157.87 33 21 47 209 53684 1 2007953 98133 1.8 23 13 7 15 50% 29141 7923 2189 117%
c u 158.25 33 21 47 209 53684 1 2009142 99037 1.8 23 13 7 15 50% 29141 7923 2189 117%
c v 158.51 33 21 47 209 53684 1 2009142 98105 1.8 23 13 7 15 50% 29141 7923 2189 117%
c w 158.60 33 21 47 209 53684 1 2009142 98040 1.8 23 13 7 15 50% 29141 7923 2189 117%
c - 159.76 33 22 47 210 53685 1 2022411 96658 1.8 24 13 7 15 50% 29141 7923 2189 117%
c - 161.09 33 23 47 211 53690 1 2036903 95947 1.8 24 14 7 15 50% 29141 7923 2189 117%
c ] 162.32 33 23 48 211 53698 1 2050977 109402 1.8 25 14 7 15 50% 29141 7923 2189 117%
c { 162.32 33 17 48 211 53698 2 2050977 109402 1.7 17 10 7 12 48% 29141 7923 2189 117%
c o 162.33 33 17 48 211 53701 2 2051015 109439 1.7 17 10 7 12 48% 29141 7923 2189 117%
c - 162.39 33 17 48 212 53745 2 2051428 96556 1.7 17 10 7 12 48% 29141 7923 2189 117%
c - 163.46 33 17 48 213 54617 2 2065989 99466 1.7 16 10 7 12 48% 29141 7923 2189 117%
c - 164.49 33 17 48 214 55196 2 2080584 101209 1.7 16 10 7 12 48% 29141 7923 2189 117%
c - 165.54 33 17 48 215 55896 2 2095215 101718 1.7 16 10 7 12 48% 29141 7923 2189 117%
c - 166.60 33 17 48 216 56549 2 2109879 102139 1.7 16 10 7 12 48% 29141 7923 2189 117%
c - 167.64 33 17 48 217 57203 2 2124575 102765 1.7 16 10 7 12 48% 29141 7923 2189 117%
c - 168.75 33 17 48 218 58069 2 2139305 103033 1.7 16 10 7 12 48% 29141 7923 2189 117%
c u 169.75 33 17 48 218 58495 3 2147519 109546 1.7 16 10 7 12 48% 29141 7923 2189 117%
c v 170.13 33 17 48 218 58495 3 2147519 108005 1.7 16 10 7 12 48% 29141 7923 2189 117%
c w 170.27 33 17 48 218 58495 3 2147519 107886 1.7 16 10 7 12 48% 29141 7923 2189 117%
c - 170.80 33 17 48 219 58916 3 2154070 101854 1.7 16 10 7 12 48% 29141 7923 2189 117%
c
c  seconds    switched      rate            size/glue  tier1     binary        remaining
c          MB   reductions     conflicts          size   tier2      irredundant
c           level     restarts        redundant      glue    trail        variables
c
c - 171.83 33 17 48 220 59406 2 2168868 102790 1.7 16 10 7 12 48% 29141 7923 2189 117%
c } 172.49 33 17 49 220 59796 2 2178587 111604 1.7 16 10 7 12 48% 29141 7923 2189 117%
c [ 172.49 33 23 49 220 59796 1 2178587 111604 1.8 25 14 7 15 50% 29141 7923 2189 117%
c W 173.20 33 23 49 220 59796 1 2178587 111604 1.8 25 14 7 15 50% 29141 7923 2189 117%
c - 173.54 33 23 49 221 59799 1 2183701 103993 1.8 24 14 7 15 50% 29141 7923 2189 117%
c - 174.60 33 22 49 222 59808 1 2198567 105787 1.8 24 13 7 15 50% 29141 7923 2189 117%
c - 175.72 33 22 49 223 59813 1 2213467 107117 1.8 24 13 7 15 50% 29141 7923 2189 117%
c - 177.03 33 21 49 224 59821 1 2228402 108632 1.8 23 13 7 15 50% 29141 7923 2189 117%
c - 178.32 33 20 49 225 59825 1 2243368 110947 1.8 23 13 7 15 50% 29141 7923 2189 117%
c - 179.56 33 20 49 226 59826 1 2258370 112260 1.8 23 12 7 15 49% 29141 7923 2189 117%
c - 180.76 33 20 49 227 59834 1 2273404 112128 1.9 23 12 7 15 49% 29141 7923 2189 117%
c - 182.07 33 20 49 228 59841 1 2288470 113232 1.9 24 12 7 15 49% 29141 7923 2189 117%
c ] 182.15 33 20 50 228 59841 1 2289281 113980 1.9 24 12 7 15 49% 29141 7923 2189 117%
c { 182.15 33 17 50 228 59841 2 2289281 113980 1.7 16 10 7 12 48% 29141 7923 2189 117%
c o 182.16 33 17 50 228 59842 2 2289342 114039 1.7 16 10 7 12 48% 29141 7923 2189 117%
c u 182.73 33 17 50 228 59844 2 2290985 109111 1.7 16 10 7 12 48% 29141 7923 2189 117%
c v 183.17 33 17 50 228 59844 2 2290985 108108 1.7 16 10 7 12 48% 29141 7923 2189 117%
c w 183.33 33 17 50 228 59844 2 2290985 107950 1.7 16 10 7 12 48% 29141 7923 2189 117%
c - 184.18 33 16 50 229 59872 2 2303570 106155 1.7 16 10 7 12 48% 29141 7923 2189 117%
c - 185.19 33 15 50 230 59906 2 2318702 105439 1.6 16 10 7 11 48% 29141 7923 2189 117%
c
c  seconds    switched      rate            size/glue tier1     binary        remaining
c          MB   reductions     conflicts          size  tier2      irredundant
c           level     restarts        redundant     glue    trail        variables
c
c - 186.16 33 15 50 231 59932 2 2333867 106046 1.6 16 9 7 11 48% 29141 7923 2189 117%
c - 187.08 33 14 50 232 59940 2 2349065 106797 1.6 15 9 7 11 48% 29141 7923 2189 117%
c - 188.09 33 14 50 233 59953 2 2364297 106677 1.6 15 9 7 11 48% 29141 7923 2189 117%
c - 189.12 33 13 50 234 59977 2 2379562 108040 1.7 15 9 7 11 48% 29141 7923 2189 117%
c - 190.11 33 13 50 235 60024 2 2394859 108718 1.6 15 9 7 11 48% 29141 7923 2189 117%
c - 191.13 33 12 50 236 60054 2 2410188 109461 1.6 15 9 7 11 48% 29141 7923 2189 117%
c - 192.15 33 12 50 237 60171 1 2425551 111910 1.6 14 9 7 11 48% 29141 7923 2189 117%
c } 192.25 33 12 51 237 60187 1 2426807 112869 1.6 14 9 7 11 48% 29141 7923 2189 117%
c [ 192.25 33 20 51 237 60187 1 2426807 112869 1.9 24 12 7 15 49% 29141 7923 2189 117%
c O 192.25 33 20 51 237 60187 1 2426807 112869 1.9 24 12 7 15 49% 29141 7923 2189 117%
c u 193.56 33 20 51 237 60194 1 2439593 124048 1.9 23 12 7 15 49% 29141 7923 2189 117%
c v 193.94 33 20 51 237 60194 1 2439593 122287 1.9 23 12 7 15 49% 29141 7923 2189 117%
c w 194.08 33 20 51 237 60194 1 2439593 120676 1.9 23 12 7 15 49% 29141 7923 2189 117%
c - 194.22 33 19 51 238 60195 1 2440946 113099 1.9 23 12 7 15 49% 29141 7923 2189 117%
c - 195.50 33 19 51 239 60201 1 2456375 117723 1.9 22 12 7 14 49% 29141 7923 2189 117%
c - 196.96 33 19 51 240 60208 1 2471834 121611 1.9 22 12 6 14 49% 29141 7923 2189 117%
c - 198.55 33 18 51 241 60216 1 2487325 123737 1.9 22 12 6 14 49% 29141 7923 2189 117%
c - 200.06 33 18 51 242 60217 1 2502850 125843 1.9 22 11 6 14 49% 29141 7923 2189 117%
c - 201.46 33 19 51 243 60224 1 2518406 125624 1.9 22 12 6 14 50% 29141 7923 2189 117%
c ] 202.30 33 19 52 243 60230 1 2527885 134536 1.9 22 12 6 14 49% 29141 7923 2189 117%
c
c  seconds    switched      rate            size/glue tier1     binary        remaining
c          MB   reductions     conflicts          size  tier2      irredundant
c           level     restarts        redundant     glue    trail        variables
c
c { 202.30 33 12 52 243 60230 1 2527885 134536 1.6 14 9 7 11 48% 29141 7923 2189 117%
c o 202.32 33 12 52 243 60246 1 2528063 134709 1.6 14 9 7 11 48% 29141 7923 2189 117%
c - 203.00 33 13 52 244 61336 2 2533995 126631 1.6 14 9 7 11 48% 29141 7923 2189 117%
c - 204.61 33 14 52 245 64024 2 2549615 126907 1.6 15 9 7 11 48% 29141 7923 2189 117%
c - 206.03 33 15 52 246 65670 2 2565268 126218 1.6 15 9 7 11 48% 29141 7923 2189 117%
c - 207.34 33 15 52 247 66928 2 2580952 125546 1.6 15 10 7 11 48% 29141 7923 2189 117%
c u 208.95 34 15 52 247 68060 2 2593341 130576 1.6 15 10 7 11 48% 29141 7923 2189 117%
c v 209.46 34 15 52 247 68060 2 2593341 129502 1.6 15 10 7 11 48% 29141 7923 2189 117%
c w 209.64 35 15 52 247 68060 2 2593341 129395 1.6 15 10 7 11 48% 29141 7923 2189 117%
c - 209.95 35 16 52 248 68245 2 2596671 118192 1.6 15 10 7 11 48% 29141 7923 2189 117%
c - 211.23 35 16 52 249 69507 3 2612421 119212 1.6 16 10 7 11 48% 29141 7923 2189 117%
c - 212.38 35 16 52 250 70083 2 2628201 119902 1.6 16 10 7 11 48% 29141 7923 2189 117%
c - 213.58 35 16 52 251 70976 3 2644012 119488 1.6 16 10 7 11 48% 29141 7923 2189 117%
c - 214.85 35 16 52 252 71843 3 2659854 120209 1.6 16 10 7 11 48% 29141 7923 2189 117%
c } 215.98 35 16 53 252 72446 3 2675673 134697 1.6 16 10 7 11 48% 29141 7923 2189 117%
c [ 215.98 35 19 53 252 72446 1 2675673 134697 1.9 22 12 6 14 49% 29141 7923 2189 117%
c B 215.98 35 19 53 252 72446 1 2675673 134697 1.9 22 12 6 14 49% 29141 7923 2189 117%
c - 216.01 35 19 53 253 72446 1 2675730 122865 1.9 22 12 6 14 49% 29141 7923 2189 117%
c - 217.23 35 19 53 254 72455 1 2691635 123199 1.9 22 12 6 14 50% 29141 7923 2189 117%
c - 218.47 35 19 53 255 72460 1 2707578 122314 1.9 22 12 6 14 50% 29141 7923 2189 117%
c
c  seconds    switched      rate            size/glue  tier1     binary        remaining
c          MB   reductions     conflicts          size   tier2      irredundant
c           level     restarts        redundant      glue    trail        variables
c
c - 219.80 35 19 53 256 72470 1 2723546 122802 1.9 23 12 6 14 50% 29141 7923 2189 117%
c - 221.12 35 20 53 257 72475 1 2739546 123714 1.9 23 12 6 14 50% 29141 7923 2189 117%
c u 222.70 35 20 53 257 72476 1 2752284 135406 1.9 24 13 6 14 51% 29141 7923 2189 117%
c v 223.17 37 20 53 257 72476 1 2752284 132084 1.9 24 13 6 14 51% 29141 7923 2189 117%
c w 223.36 37 20 53 257 72476 1 2752284 130291 1.9 24 13 6 14 51% 29141 7923 2189 117%
c o 223.39 37 20 53 257 72476 1 2752284 130291 1.9 24 13 6 14 51% 29141 7923 2189 117%
c - 223.66 37 26 53 258 72476 1 2755578 118127 1.8 25 14 6 14 51% 29141 7923 2189 117%
c - 224.95 37 29 53 259 72485 1 2771641 117092 1.7 26 15 6 14 51% 29141 7923 2189 117%
c - 226.22 37 29 53 260 72491 1 2787735 115326 1.8 26 15 6 14 50% 29141 7923 2189 117%
c W 228.40 37 28 53 260 72499 1 2803143 129949 1.8 26 15 6 14 50% 29141 7923 2189 117%
c - 228.48 37 28 53 261 72500 1 2803859 115289 1.8 26 15 6 15 50% 29141 7923 2189 117%
c - 229.68 37 27 53 262 72506 1 2820014 117653 1.8 26 15 6 15 50% 29141 7923 2189 117%
c ] 230.32 37 27 54 262 72507 1 2828573 125916 1.8 26 14 6 15 50% 29141 7923 2189 117%
c { 230.32 37 16 54 262 72507 3 2828573 125916 1.6 16 10 7 11 48% 29141 7923 2189 117%
c - 231.61 37 19 54 263 74113 3 2836202 116107 1.7 17 10 7 11 48% 29141 7923 2189 117%
c - 234.33 37 24 54 264 77530 4 2852423 111162 1.7 19 11 7 11 48% 29141 7923 2189 117%
c - 237.18 37 28 54 265 80977 5 2868671 105146 1.7 21 12 7 11 48% 29141 7923 2189 117%
c - 240.03 37 31 54 266 84346 6 2884951 101423 1.7 23 13 7 11 48% 29141 7923 2189 117%
c - 242.89 37 34 54 267 87586 7 2901260 98476 1.8 24 14 7 11 48% 29141 7923 2189 117%
c u 246.07 37 36 54 267 90175 7 2916418 112431 1.8 25 14 7 11 48% 29141 7923 2189 117%
c
c  seconds    switched      rate            size/glue  tier1     binary        remaining
c          MB   reductions     conflicts          size   tier2      irredundant
c           level     restarts        redundant      glue    trail        variables
c
c v 246.75 37 36 54 267 90175 7 2916418 111852 1.8 25 14 7 11 48% 29141 7923 2189 117%
c w 247.03 37 36 54 267 90175 7 2916418 111834 1.8 25 14 7 11 48% 29141 7923 2189 117%
c - 247.29 37 36 54 268 90404 7 2917601 94116 1.8 25 14 7 11 48% 29141 7923 2189 117%
c - 249.64 37 38 54 269 92449 7 2933971 94403 1.8 26 14 7 11 48% 29141 7923 2189 117%
c - 251.99 37 39 54 270 94426 7 2950373 95143 1.8 27 15 7 11 48% 29141 7923 2189 117%
c - 254.29 37 40 54 271 96247 7 2966805 95492 1.9 28 15 7 12 48% 29141 7923 2189 117%
c o 256.45 37 41 54 271 98010 7 2982369 110838 1.9 29 15 7 12 48% 29141 7923 2189 117%
c - 256.60 37 41 54 272 98095 7 2983268 95498 1.9 29 15 7 12 48% 29141 7923 2189 117%
c } 257.06 37 41 55 272 98363 7 2986968 99129 1.9 29 15 7 12 48% 29141 7923 2189 117%
c [ 257.06 37 27 55 272 98363 1 2986968 99129 1.8 26 14 6 15 50% 29141 7923 2189 117%
c I 257.06 37 27 55 272 98363 1 2986968 99129 1.8 26 14 6 15 50% 29141 7923 2189 117%
c - 258.14 37 29 55 273 98370 1 2999760 93731 1.8 28 15 6 15 50% 29141 7923 2189 117%
c - 259.57 37 29 55 274 98377 1 3016282 92023 1.8 29 16 6 15 50% 29141 7923 2189 117%
c - 261.04 37 29 55 275 98385 1 3032836 92661 1.8 29 16 6 15 50% 29141 7923 2189 117%
c - 262.47 37 28 55 276 98392 1 3049420 94018 1.8 29 16 6 15 50% 29141 7923 2189 117%
c - 263.99 37 27 55 277 98393 1 3066033 95211 1.9 28 15 6 15 50% 29141 7923 2189 117%
c - 265.48 37 27 55 278 98402 1 3082677 94420 1.8 28 15 6 15 50% 29141 7923 2189 117%
c u 266.42 37 27 55 278 98404 1 3085797 96374 1.8 28 15 6 15 50% 29141 7923 2189 117%
c v 267.11 37 27 55 278 98404 1 3085797 96203 1.8 28 15 6 15 50% 29141 7923 2189 117%
c w 267.36 37 27 55 278 98404 1 3085797 95590 1.8 28 15 6 15 50% 29141 7923 2189 117%
c
c  seconds    switched      rate           size/glue  tier1     binary        remaining
c          MB   reductions     conflicts         size   tier2      irredundant
c           level     restarts        redundant     glue    trail        variables
c
c - 268.63 37 27 55 279 98408 1 3099350 90916 1.8 28 15 6 15 50% 29141 7923 2189 117%
c - 270.21 37 26 55 280 98417 1 3116054 91962 1.8 27 15 6 15 50% 29141 7923 2189 117%
c B 271.31 37 25 55 280 98423 1 3128115 103506 1.9 27 15 6 15 50% 29141 7923 2189 117%
c - 271.75 37 26 55 281 98423 1 3132788 91038 1.9 28 15 6 15 50% 29141 7923 2189 117%
c - 273.26 37 27 55 282 98424 1 3149552 86513 1.9 29 15 6 15 50% 29141 7923 2189 117%
c - 274.82 37 28 55 283 98425 1 3166344 82236 1.9 30 16 6 15 51% 29141 7923 2189 117%
c - 276.38 37 29 55 284 98425 1 3183167 78378 1.9 30 16 6 15 51% 29141 7923 2189 117%
c - 278.00 37 31 55 285 98435 1 3200022 76302 1.8 31 17 6 15 51% 29141 7923 2189 117%
c - 279.62 37 32 55 286 98441 1 3216904 75282 1.8 32 18 6 15 51% 29141 7923 2189 117%
c - 281.26 37 32 55 287 98451 1 3233815 75062 1.8 32 18 6 15 51% 29141 7923 2189 117%
c - 282.91 37 32 55 288 98456 1 3250757 76264 1.8 31 18 6 15 51% 29141 7923 2189 117%
c ] 283.27 37 32 56 288 98456 1 3254559 79943 1.8 31 18 6 15 51% 29141 7923 2189 117%
c { 283.27 37 41 56 288 98456 7 3254559 79943 1.9 29 15 7 12 48% 29141 7923 2189 117%
c u 284.33 37 40 56 288 98472 6 3260448 84428 1.9 28 15 7 12 48% 29141 7923 2189 117%
c v 284.93 37 40 56 288 98472 6 3260448 82679 1.9 28 15 7 12 48% 29141 7923 2189 117%
c w 285.15 37 40 56 288 98472 6 3260448 82350 1.9 28 15 7 12 48% 29141 7923 2189 117%
c o 287.59 39 40 56 288 98472 6 3260448 82350 1.9 28 15 7 12 48% 29141 7923 2189 117%
c - 288.18 39 38 56 289 98479 6 3267727 79045 1.9 28 15 7 12 48% 29141 7923 2189 117%
c - 289.58 39 35 56 290 98481 5 3284727 85765 1.9 27 14 7 12 48% 29141 7923 2189 117%
c - 290.85 39 32 56 291 98508 5 3301756 90929 1.9 26 14 7 12 48% 29141 7923 2189 117%
c
c  seconds    switched      rate           size/glue  tier1     binary        remaining
c          MB   reductions     conflicts         size   tier2      irredundant
c           level     restarts        redundant     glue    trail        variables
c
c - 292.05 39 30 56 292 98527 4 3318815 93001 1.9 25 13 7 12 48% 29141 7923 2189 117%
c - 293.29 39 28 56 293 98540 4 3335903 94851 1.8 24 13 7 12 48% 29141 7923 2189 117%
c - 294.59 39 26 56 294 98555 3 3353020 96102 1.8 23 12 7 12 48% 29141 7923 2189 117%
c - 295.87 39 24 56 295 98588 3 3370166 98060 1.8 22 12 7 12 48% 29141 7923 2189 117%
c - 297.20 39 23 56 296 98662 3 3387341 100473 1.8 21 12 7 12 48% 29141 7923 2189 117%
c - 298.57 39 21 56 297 98753 3 3404545 102553 1.8 21 11 7 12 48% 29141 7923 2189 117%
c - 299.94 39 21 56 298 98856 2 3421779 104644 1.8 20 11 7 12 48% 29141 7923 2189 117%
c } 300.09 39 20 57 298 98857 2 3423902 106664 1.8 20 11 7 12 48% 29141 7923 2189 117%
c [ 300.09 39 32 57 298 98857 1 3423902 106664 1.8 31 18 6 15 51% 29141 7923 2189 117%
c W 301.45 39 32 57 298 98857 1 3423902 106664 1.8 31 18 6 15 51% 29141 7923 2189 117%
c - 302.71 39 30 57 299 98866 1 3439042 105683 1.8 30 17 6 15 51% 29141 7923 2189 117%
c u 303.21 39 30 57 299 98867 1 3440396 106584 1.8 30 17 6 15 51% 29141 7923 2189 117%
c v 303.59 39 30 57 299 98867 1 3440396 105627 1.8 30 17 6 15 51% 29141 7923 2189 117%
c w 303.72 39 30 57 299 98867 1 3440396 104912 1.8 30 17 6 15 51% 29141 7923 2189 117%
c - 305.23 39 29 57 300 98871 1 3456333 104612 1.8 30 16 6 15 51% 29141 7923 2189 117%
c - 306.86 39 28 57 301 98882 1 3473654 105943 1.8 29 16 6 15 51% 29141 7923 2189 117%
c - 308.59 39 26 57 302 98887 1 3491005 107049 1.8 28 15 6 15 52% 29141 7923 2189 117%
c - 310.52 39 25 57 303 98890 1 3508383 107473 1.8 27 15 6 15 52% 29141 7923 2189 117%
c - 312.29 39 24 57 304 98900 1 3525789 107093 1.8 27 14 6 15 51% 29141 7923 2189 117%
c - 314.08 39 24 57 305 98906 1 3543224 107626 1.9 27 14 6 15 52% 29141 7923 2189 117%
c
c  seconds    switched      rate            size/glue  tier1     binary        remaining
c          MB   reductions     conflicts          size   tier2      irredundant
c           level     restarts        redundant      glue    trail        variables
c
c ] 315.46 39 23 58 305 98914 1 3556591 120504 1.9 26 14 6 15 51% 29141 7923 2189 117%
c { 315.46 39 20 58 305 98914 2 3556591 120504 1.8 20 11 7 12 48% 29141 7923 2189 117%
c o 315.49 39 20 58 305 98932 2 3556786 120688 1.8 20 11 7 12 48% 29141 7923 2189 117%
c - 315.82 39 20 58 306 98976 2 3560690 109565 1.8 20 11 7 12 48% 29141 7923 2189 117%
c - 317.09 39 19 58 307 99060 2 3578182 95199 1.8 19 11 6 12 48% 29141 7923 2189 117%
c - 318.35 39 19 58 308 99252 2 3595704 91724 1.8 19 11 6 12 48% 29141 7923 2189 117%
c - 319.63 39 19 58 309 99626 2 3613253 91738 1.8 19 11 6 12 48% 29141 7923 2189 117%
c u 321.05 39 18 58 309 99828 2 3625666 100241 1.8 19 10 6 12 48% 29141 7923 2189 117%
c v 321.66 39 18 58 309 99828 2 3625666 96069 1.8 19 10 6 12 48% 29141 7923 2189 117%
c w 321.87 39 18 58 309 99828 2 3625666 95347 1.8 19 10 6 12 48% 29141 7923 2189 117%
c - 322.29 39 18 58 310 99993 2 3630831 86745 1.8 18 10 6 12 48% 29141 7923 2189 117%
c - 323.60 39 18 58 311 100330 2 3648437 88931 1.8 18 10 6 12 48% 29141 7923 2189 117%
c - 324.90 39 18 58 312 100626 2 3666075 92052 1.7 18 10 6 12 48% 29141 7923 2189 117%
c - 326.28 39 18 58 313 101128 2 3683738 93548 1.7 18 10 6 12 48% 29141 7923 2189 117%
c - 327.62 39 18 58 314 101546 2 3701429 94740 1.7 18 10 6 12 48% 29141 7923 2189 117%
c - 328.89 39 17 58 315 101840 2 3719150 95864 1.7 17 10 6 12 48% 29141 7923 2189 117%
c - 330.30 39 17 58 316 102429 2 3736899 96919 1.7 17 10 6 12 48% 29141 7923 2189 117%
c } 330.33 39 17 59 316 102429 2 3737221 97195 1.7 17 10 6 12 48% 29141 7923 2189 117%
c [ 330.33 39 23 59 316 102429 1 3737221 97195 1.9 26 14 6 15 51% 29141 7923 2189 117%
c O 330.33 39 23 59 316 102429 1 3737221 97195 1.9 26 14 6 15 51% 29141 7923 2189 117%
c
c  seconds    switched       rate           size/glue  tier1     binary        remaining
c          MB   reductions      conflicts         size   tier2      irredundant
c           level      restarts        redundant     glue    trail        variables
c
c - 331.79 39 22 59 317 102440 1 3754675 97555 1.9 25 13 6 15 52% 29141 7923 2189 117%
c - 333.33 39 22 59 318 102446 1 3772479 97187 1.9 25 13 6 15 52% 29141 7923 2189 117%
c - 334.97 39 21 59 319 102456 1 3790312 96895 1.9 25 13 6 15 51% 29141 7923 2189 117%
c - 336.57 39 21 59 320 102459 1 3808172 97541 1.8 24 13 6 15 51% 29141 7923 2189 117%
c u 337.85 39 21 59 320 102459 1 3816282 102406 1.9 24 13 6 15 51% 29141 7923 2189 117%
c v 338.46 39 21 59 320 102459 1 3816282 98455 1.9 24 13 6 15 51% 29141 7923 2189 117%
c w 338.67 39 21 59 320 102459 1 3816282 96988 1.9 24 13 6 15 51% 29141 7923 2189 117%
c - 339.63 39 21 59 321 102465 1 3826060 90404 1.9 24 13 6 15 51% 29141 7923 2189 117%
c - 341.21 39 20 59 322 102474 1 3843977 93654 1.9 23 13 6 15 51% 29141 7923 2189 117%
c - 342.75 39 20 59 323 102481 1 3861921 95049 1.9 23 13 6 15 51% 29141 7923 2189 117%
c - 344.41 39 20 59 324 102489 1 3879893 94934 1.9 23 13 6 15 51% 29141 7923 2189 117%
c ] 344.97 39 19 60 324 102490 1 3885832 100437 1.9 23 13 6 15 50% 29141 7923 2189 117%
c { 344.97 39 17 60 324 102490 2 3885832 100437 1.7 17 10 6 12 48% 29141 7923 2189 117%
c o 344.98 39 17 60 324 102497 2 3885902 100505 1.7 17 10 6 12 48% 29141 7923 2189 117%
c - 345.94 39 17 60 325 102686 2 3897897 95012 1.7 17 10 6 12 48% 29141 7923 2189 117%
c - 347.43 39 17 60 326 103423 2 3915924 96326 1.7 17 10 6 11 48% 29141 7923 2189 117%
c - 348.80 39 17 60 327 104044 2 3933982 96780 1.7 17 10 6 11 48% 29141 7923 2189 117%
c - 350.22 39 17 60 328 104578 2 3952066 97415 1.7 17 10 6 11 48% 29141 7923 2189 117%
c - 351.66 39 17 60 329 105186 2 3970178 97933 1.7 17 10 6 11 48% 29141 7923 2189 117%
c - 353.15 39 17 60 330 105912 2 3988316 98751 1.7 17 10 6 11 48% 29141 7923 2189 117%
c
c  seconds    switched       rate           size/glue  tier1     binary        remaining
c          MB   reductions      conflicts         size   tier2      irredundant
c           level      restarts        redundant     glue    trail        variables
c
c - 354.58 39 17 60 331 106519 2 4006482 99750 1.7 17 10 6 11 48% 29141 7923 2189 117%
c u 355.52 39 17 60 331 106672 2 4012272 99614 1.7 17 10 6 11 48% 29141 7923 2189 117%
c v 356.10 39 17 60 331 106672 2 4012272 97360 1.7 17 10 6 11 48% 29141 7923 2189 117%
c w 356.31 39 17 60 331 106672 2 4012272 97013 1.7 17 10 6 11 48% 29141 7923 2189 117%
c - 357.28 39 17 60 332 107118 2 4024675 94919 1.7 17 10 6 11 48% 29141 7923 2189 117%
c - 358.49 39 17 60 333 107535 2 4042898 96805 1.7 17 10 6 11 48% 29141 7923 2189 117%
c - 359.80 39 17 60 334 108144 2 4061147 98165 1.7 17 10 6 11 48% 29141 7923 2189 117%
c } 361.05 39 17 61 334 108764 2 4078084 113255 1.7 17 10 6 11 48% 29141 7923 2189 117%
c [ 361.06 39 19 61 334 108764 1 4078084 113255 1.9 23 13 6 15 50% 29141 7923 2189 117%
c B 361.06 39 19 61 334 108764 1 4078084 113255 1.9 23 13 6 15 50% 29141 7923 2189 117%
c - 361.17 39 19 61 335 108765 1 4079424 98831 1.9 23 12 6 15 51% 29141 7923 2189 117%
c - 362.57 39 19 61 336 108776 1 4097728 99184 1.9 23 12 6 15 51% 29141 7923 2189 117%
c - 364.11 39 19 61 337 108783 1 4116059 98274 1.9 23 12 6 15 51% 29141 7923 2189 117%
c - 365.68 39 19 61 338 108792 1 4134416 98389 1.9 23 12 6 15 51% 29141 7923 2189 117%
c - 367.32 39 18 61 339 108794 1 4152801 99958 1.9 23 12 6 15 51% 29141 7923 2189 117%
c - 368.89 39 21 61 340 108801 1 4171213 95600 1.9 24 13 6 15 51% 29141 7923 2189 117%
c - 370.41 39 21 61 341 108809 1 4189653 91339 1.9 24 13 6 15 51% 29141 7923 2189 117%
c - 371.90 39 22 61 342 108819 1 4208119 93385 1.9 24 13 6 15 51% 29141 7923 2189 117%
c u 372.88 39 22 61 342 108823 1 4213661 92675 1.8 24 13 6 15 51% 29141 7923 2189 117%
c v 373.49 39 22 61 342 108823 1 4213661 92348 1.8 24 13 6 15 51% 29141 7923 2189 117%
c
c  seconds    switched       rate           size/glue  tier1     binary        remaining
c          MB   reductions      conflicts         size   tier2      irredundant
c           level      restarts        redundant     glue    trail        variables
c
c w 373.71 39 22 61 342 108823 1 4213661 91954 1.8 24 13 6 15 51% 29141 7923 2189 117%
c o 373.74 39 22 61 342 108823 1 4213661 91954 1.8 24 13 6 15 51% 29141 7923 2189 117%
c - 374.72 39 29 61 343 108825 1 4226612 85264 1.7 25 14 6 15 51% 29141 7923 2189 117%
c - 376.28 39 29 61 344 108826 1 4245132 82480 1.8 25 14 6 15 51% 29141 7923 2189 117%
c W 378.19 39 29 61 344 108826 1 4248178 85475 1.8 26 14 6 15 51% 29141 7923 2189 117%
c ] 378.65 39 29 62 344 108826 1 4254373 91437 1.8 25 14 6 15 51% 29141 7923 2189 117%
c { 378.65 39 17 62 344 108826 2 4254373 91437 1.7 17 10 6 11 48% 29141 7923 2189 117%
c - 379.28 39 17 62 345 109072 2 4263680 86295 1.7 17 10 6 11 48% 29141 7923 2189 117%
c - 380.52 39 17 62 346 109564 2 4282254 90184 1.7 17 10 6 11 48% 29141 7923 2189 117%
c - 381.84 39 17 62 347 110146 2 4300857 91738 1.7 17 10 6 11 48% 29141 7923 2189 117%
c - 383.11 39 17 62 348 110609 2 4319485 92632 1.7 16 10 6 11 48% 29141 7923 2189 117%
c - 384.40 39 17 62 349 111162 2 4338139 93464 1.7 16 10 6 11 48% 29141 7923 2189 117%
c - 385.72 39 17 62 350 111842 2 4356821 94741 1.7 16 10 6 11 48% 29141 7923 2189 117%
c - 387.03 39 17 62 351 112255 2 4375530 95924 1.7 16 10 6 11 48% 29141 7923 2189 117%
c - 388.43 39 17 62 352 112973 2 4394264 96379 1.7 16 10 6 11 48% 29141 7923 2189 117%
c - 389.81 39 17 62 353 113680 2 4413027 97105 1.7 16 10 6 11 48% 29141 7923 2189 117%
c u 390.94 39 17 62 353 114186 2 4420477 102146 1.7 16 10 6 11 48% 29141 7923 2189 117%
c v 391.49 39 17 62 353 114186 2 4420477 99921 1.7 16 10 6 11 48% 29141 7923 2189 117%
c w 391.67 39 17 62 353 114186 2 4420477 99629 1.7 16 10 6 11 48% 29141 7923 2189 117%
c - 392.57 39 17 62 354 114810 2 4431815 94842 1.7 16 10 6 11 48% 29141 7923 2189 117%
c
c  seconds    switched       rate           size/glue  tier1     binary        remaining
c          MB   reductions      conflicts         size   tier2      irredundant
c           level      restarts        redundant     glue    trail        variables
c
c - 393.88 39 17 62 355 115371 2 4450630 97494 1.7 16 10 6 11 48% 29141 7923 2189 117%
c } 394.49 39 17 63 355 115787 2 4458584 104793 1.7 17 10 6 11 48% 29141 7923 2189 117%
c [ 394.49 39 29 63 355 115787 1 4458584 104793 1.8 25 14 6 15 51% 29141 7923 2189 117%
c I 394.49 39 29 63 355 115787 1 4458584 104793 1.8 25 14 6 15 51% 29141 7923 2189 117%
c - 395.23 39 29 63 356 115793 1 4469471 96932 1.8 26 14 6 15 51% 29141 7923 2189 117%
c - 396.51 39 27 63 357 115801 1 4488338 95697 1.8 25 14 6 15 51% 29141 7923 2189 117%
c - 397.92 39 26 63 358 115811 1 4507232 97051 1.8 24 14 6 15 50% 29141 7923 2189 117%
c - 399.46 39 24 63 359 115817 1 4526154 98262 1.8 24 13 6 15 50% 29141 7923 2189 117%
c - 400.92 39 24 63 360 115821 1 4545104 96784 1.8 24 13 6 15 50% 29141 7923 2189 117%
c - 402.40 39 23 63 361 115831 1 4564078 94502 1.8 23 13 6 15 50% 29141 7923 2189 117%
c - 403.99 39 23 63 362 115839 1 4583079 94629 1.8 23 13 6 15 50% 29141 7923 2189 117%
c - 405.58 39 22 63 363 115847 1 4602105 94775 1.8 23 13 6 15 50% 29141 7923 2189 117%
c - 407.10 39 22 63 364 115848 1 4621158 95705 1.8 23 13 6 15 50% 29141 7923 2189 117%
c u 408.54 39 21 63 364 115849 1 4632745 104699 1.8 23 13 6 15 50% 29141 7923 2189 117%
c v 409.16 39 21 63 364 115849 1 4632745 98196 1.8 23 13 6 15 50% 29141 7923 2189 117%
c w 409.38 39 21 63 364 115849 1 4632745 96959 1.8 23 13 6 15 50% 29141 7923 2189 117%
c o 409.40 39 21 63 364 115849 1 4632745 96959 1.8 23 13 6 15 50% 29141 7923 2189 117%
c - 409.96 39 30 63 365 115849 1 4640236 85163 1.7 24 14 6 15 49% 29141 7923 2189 117%
c ] 410.10 39 33 64 365 115849 1 4642209 87116 1.7 25 14 6 15 49% 29141 7923 2189 117%
c { 410.10 39 17 64 365 115849 2 4642209 87116 1.7 17 10 6 11 48% 29141 7923 2189 117%
c
c  seconds    switched       rate           size/glue  tier1     binary        remaining
c          MB   reductions      conflicts         size   tier2      irredundant
c           level      restarts        redundant     glue    trail        variables
c
c - 411.33 39 17 64 366 116259 2 4659341 87064 1.7 16 10 6 11 48% 29141 7923 2189 117%
c - 412.74 39 17 64 367 117183 2 4678472 92160 1.7 17 10 6 11 48% 29141 7923 2189 117%
c - 414.09 39 17 64 368 117762 2 4697629 94934 1.7 16 10 6 11 48% 29141 7923 2189 117%
c - 415.46 39 17 64 369 118356 2 4716812 96117 1.7 16 10 6 11 48% 29141 7923 2189 117%
c - 416.84 39 17 64 370 119073 2 4736021 96763 1.6 16 10 6 11 48% 29141 7923 2189 117%
c - 418.28 39 17 64 371 119873 2 4755258 97622 1.6 16 10 6 11 48% 29141 7923 2189 117%
c - 419.72 39 17 64 372 120633 2 4774520 99063 1.6 16 10 6 11 48% 29141 7923 2189 117%
c - 421.06 39 17 64 373 121212 2 4793807 100136 1.7 16 10 6 11 48% 29141 7923 2189 117%
c - 422.44 39 17 64 374 121864 2 4813121 100652 1.6 16 10 6 11 48% 29141 7923 2189 117%
c - 423.90 39 17 64 375 122642 2 4832462 101427 1.6 16 10 6 11 48% 29141 7923 2189 117%
c u 425.77 39 17 64 375 123403 2 4850488 114512 1.6 16 10 6 11 48% 29141 7923 2189 117%
c v 426.35 39 17 64 375 123403 2 4850488 111507 1.6 16 10 6 11 48% 29141 7923 2189 117%
c w 426.55 39 17 64 375 123403 2 4850488 111047 1.6 16 10 6 11 48% 29141 7923 2189 117%
c - 426.69 39 17 64 376 123453 2 4851829 96490 1.6 16 10 6 11 48% 29141 7923 2189 117%
c } 427.20 39 17 65 376 123796 2 4858709 102768 1.6 16 10 6 11 48% 29141 7923 2189 117%
c [ 427.20 39 33 65 376 123796 1 4858709 102768 1.7 25 14 6 15 49% 29141 7923 2189 117%
c B 427.20 39 33 65 376 123796 1 4858709 102768 1.7 25 14 6 15 49% 29141 7923 2189 117%
c - 428.07 39 32 65 377 123803 1 4871220 96738 1.7 25 14 6 15 50% 29141 7923 2189 117%
c - 429.61 39 30 65 378 123810 1 4890639 97328 1.8 25 14 6 15 50% 29141 7923 2189 117%
c - 431.13 39 28 65 379 123823 1 4910082 97791 1.8 25 14 6 15 50% 29141 7923 2189 117%
c
c  seconds    switched       rate           size/glue  tier1     binary        remaining
c          MB   reductions      conflicts         size   tier2      irredundant
c           level      restarts        redundant     glue    trail        variables
c
c - 432.72 39 27 65 380 123826 1 4929550 97883 1.9 25 13 6 15 50% 29141 7923 2189 117%
c - 434.43 39 26 65 381 123833 1 4949043 98164 1.9 25 13 6 15 50% 29141 7923 2189 117%
c - 436.14 39 25 65 382 123841 1 4968562 98369 1.9 25 13 6 15 49% 29141 7923 2189 117%
c - 437.76 39 24 65 383 123851 1 4988108 97435 1.9 25 13 6 15 49% 29141 7923 2189 117%
c - 439.41 39 24 65 384 123857 1 5007678 94950 1.9 25 13 6 15 49% 29141 7923 2189 117%
c - 441.13 39 24 65 385 123858 1 5027274 93935 1.9 25 13 6 15 49% 29141 7923 2189 117%
c ] 442.57 39 24 66 385 123858 1 5043205 109234 1.9 26 13 6 15 49% 29141 7923 2189 117%
c { 442.57 39 17 66 385 123858 2 5043205 109234 1.6 16 10 6 11 48% 29141 7923 2189 117%
c o 442.82 39 17 66 385 123863 2 5046050 112004 1.7 16 10 6 11 48% 29141 7923 2189 117%
c - 442.91 39 17 66 386 123866 2 5046896 93605 1.7 16 10 6 11 48% 29141 7923 2189 117%
c - 444.35 39 16 66 387 123872 2 5066542 93789 1.6 16 10 6 11 48% 29141 7923 2189 117%
c u 445.53 39 16 66 387 123885 2 5073709 98448 1.6 16 10 6 11 48% 29141 7923 2189 117%
c v 446.21 39 16 66 387 123885 2 5073709 97950 1.6 16 10 6 11 48% 29141 7923 2189 117%
c w 446.44 39 16 66 387 123885 2 5073709 97753 1.6 16 10 6 11 48% 29141 7923 2189 117%
c - 447.35 39 15 66 388 123949 2 5086215 95719 1.6 16 10 6 11 48% 29141 7923 2189 117%
c - 448.68 39 14 66 389 123967 2 5105912 98478 1.6 15 9 6 11 48% 29141 7923 2189 117%
c - 450.07 39 14 66 390 123974 2 5125635 98859 1.6 15 9 6 11 48% 29141 7923 2189 117%
c - 451.48 39 13 66 391 124053 2 5145383 100775 1.6 15 9 6 11 48% 29141 7923 2189 117%
c - 452.82 39 13 66 392 124119 1 5165158 103156 1.6 15 9 6 11 48% 29141 7923 2189 117%
c - 454.25 39 12 66 393 124239 1 5184958 104980 1.6 14 9 6 11 48% 29141 7923 2189 117%
c
c  seconds    switched       rate            size/glue tier1     binary        remaining
c          MB   reductions      conflicts          size  tier2      irredundant
c           level      restarts        redundant     glue    trail        variables
c
c - 455.70 39 12 66 394 124443 1 5204782 106620 1.6 14 9 6 11 48% 29141 7923 2189 117%
c - 457.08 39 12 66 395 124547 1 5224631 107217 1.6 14 9 6 11 48% 29141 7923 2189 117%
c - 458.55 39 11 66 396 124767 1 5244506 108477 1.6 14 9 6 11 48% 29141 7923 2189 117%
c - 459.97 39 11 66 397 124939 1 5264406 109263 1.6 14 9 6 11 48% 29141 7923 2189 117%
c } 460.58 39 11 67 397 125067 1 5272321 115702 1.6 14 9 6 11 48% 29141 7923 2189 117%
c [ 460.58 39 24 67 397 125067 1 5272321 115702 1.9 26 13 6 15 49% 29141 7923 2189 117%
c W 462.78 39 24 67 397 125067 1 5272321 115702 1.9 26 13 6 15 49% 29141 7923 2189 117%
c - 463.71 39 24 67 398 125073 1 5284330 110499 1.9 25 13 6 15 49% 29141 7923 2189 117%
c u 465.85 39 24 67 398 125081 1 5302458 127383 1.9 25 13 6 15 49% 29141 7923 2189 117%
c v 466.49 39 24 67 398 125081 1 5302458 126316 1.9 25 13 6 15 49% 29141 7923 2189 117%
c w 466.74 39 24 67 398 125081 1 5302458 124750 1.9 25 13 6 15 49% 29141 7923 2189 117%
c - 469.49 39 24 67 399 125081 1 5304279 108378 1.9 25 13 6 15 49% 29141 7923 2189 117%
c - 471.24 39 23 67 400 125094 1 5324253 109896 1.9 25 13 6 15 50% 29141 7923 2189 117%
c - 472.96 39 22 67 401 125097 1 5344254 112803 1.9 25 13 6 15 50% 29141 7923 2189 117%
c - 474.87 39 22 67 402 125104 1 5364279 111450 1.9 25 13 6 15 50% 29141 7923 2189 117%
c - 477.00 39 22 67 403 125112 1 5384330 111188 1.9 25 13 6 15 50% 29141 7923 2189 117%
c - 479.11 39 21 67 404 125123 1 5404405 114280 1.9 24 13 6 15 50% 29141 7923 2189 117%
c - 480.96 39 21 67 405 125128 1 5424504 112688 1.9 24 13 6 15 50% 29141 7923 2189 117%
c - 482.65 39 22 67 406 125129 1 5444628 107152 1.9 25 13 6 15 50% 29141 7923 2189 117%
c ] 483.80 39 23 68 406 125129 1 5457742 119835 1.9 25 13 6 15 50% 29141 7923 2189 117%
c
c  seconds    switched       rate            size/glue tier1     binary        remaining
c          MB   reductions      conflicts          size  tier2      irredundant
c           level      restarts        redundant     glue    trail        variables
c
c { 483.80 39 11 68 406 125129 1 5457742 119835 1.6 14 9 6 11 48% 29141 7923 2189 117%
c o 483.81 39 11 68 406 125140 1 5457809 119902 1.6 14 9 6 11 48% 29141 7923 2189 117%
c - 484.66 39 12 68 407 126367 2 5464780 105379 1.6 14 9 6 11 48% 29141 7923 2189 117%
c - 486.80 39 14 68 408 129155 2 5484954 109922 1.6 14 9 6 11 48% 29141 7923 2189 117%
c - 488.76 39 15 68 409 131168 2 5505153 112957 1.6 15 9 6 11 48% 29141 7923 2189 117%
c - 490.52 39 15 68 410 132679 2 5525376 113937 1.6 15 10 6 11 48% 29141 7923 2189 117%
c u 492.02 39 15 68 410 133206 2 5536736 120916 1.6 15 10 6 11 48% 29141 7923 2189 117%
c v 492.58 39 15 68 410 133206 2 5536736 119635 1.6 15 10 6 11 48% 29141 7923 2189 117%
c w 492.78 39 15 68 410 133206 2 5536736 119526 1.6 15 10 6 11 48% 29141 7923 2189 117%
c - 493.68 39 16 68 411 133728 2 5545625 110397 1.6 15 10 6 11 48% 29141 7923 2189 117%
c - 495.41 39 16 68 412 134923 2 5565898 111619 1.6 15 10 6 11 48% 29141 7923 2189 117%
c - 497.09 39 16 68 413 135944 2 5586196 113384 1.6 16 10 6 11 48% 29141 7923 2189 117%
c - 498.71 39 17 68 414 136910 2 5606520 114476 1.6 16 10 6 11 48% 29141 7923 2189 117%
c - 500.32 39 17 68 415 137643 2 5626866 115290 1.6 16 10 6 11 48% 29141 7923 2189 117%
c - 501.95 39 17 68 416 138512 2 5647237 116099 1.6 16 10 6 11 48% 29141 7923 2189 117%
c - 503.52 39 17 68 417 139039 2 5667633 116739 1.6 16 10 6 11 48% 29141 7923 2189 117%
c - 505.18 39 17 68 418 139829 2 5688053 117002 1.6 16 10 6 11 48% 29141 7923 2189 117%
c } 506.11 39 17 69 418 140302 2 5699801 127686 1.6 16 10 6 11 48% 29141 7923 2189 117%
c [ 506.11 39 23 69 418 140302 1 5699801 127686 1.9 25 13 6 15 50% 29141 7923 2189 117%
c O 506.11 39 23 69 418 140302 1 5699801 127686 1.9 25 13 6 15 50% 29141 7923 2189 117%
c
c  seconds    switched       rate            size/glue  tier1     binary        remaining
c          MB   reductions      conflicts          size   tier2      irredundant
c           level      restarts        redundant      glue    trail        variables
c
c - 506.77 39 22 69 419 140308 1 5708499 117145 1.9 25 13 6 15 50% 29141 7923 2189 117%
c - 508.48 39 21 69 420 140316 1 5728970 115963 1.9 24 13 6 15 50% 29141 7923 2189 117%
c - 510.33 39 21 69 421 140327 1 5749465 114855 1.9 24 13 6 15 50% 29141 7923 2189 117%
c - 512.20 39 20 69 422 140332 1 5769983 115026 1.9 24 13 5 15 50% 29141 7923 2189 117%
c u 513.45 39 20 69 422 140332 1 5776570 119152 1.9 24 13 5 15 50% 29141 7923 2189 117%
c v 514.16 39 20 69 422 140332 1 5776570 108875 1.9 24 13 5 15 50% 29141 7923 2189 117%
c w 514.43 39 20 69 422 140332 1 5776570 97707 1.9 24 13 5 15 50% 29141 7923 2189 117%
c o 514.45 39 20 69 422 140332 1 5776570 97707 1.9 24 13 5 15 50% 29141 7923 2189 117%
c - 515.54 39 27 69 423 140339 1 5790526 93822 1.8 25 14 5 15 50% 29141 7923 2189 117%
c - 517.15 39 27 69 424 140347 1 5811092 96177 1.8 26 14 5 15 50% 29141 7923 2189 117%
c - 518.92 39 26 69 425 140358 1 5831684 96992 1.8 27 15 5 15 50% 29141 7923 2189 117%
c - 520.73 39 26 69 426 140363 1 5852299 96576 1.9 27 15 5 15 50% 29141 7923 2189 117%
c - 522.56 39 25 69 427 140364 1 5872938 97176 1.9 27 14 5 15 50% 29141 7923 2189 117%
c - 524.47 39 25 69 428 140364 1 5893601 97993 1.9 27 14 5 15 50% 29141 7923 2189 117%
c B 525.79 39 25 69 428 140372 1 5908918 112616 1.9 28 14 5 15 50% 29141 7923 2189 117%
c - 526.25 39 26 69 429 140376 1 5914289 96836 1.9 28 15 5 15 50% 29141 7923 2189 117%
c - 527.96 39 25 69 430 140384 1 5935003 96255 1.9 27 14 5 15 50% 29141 7923 2189 117%
c ] 528.22 39 25 70 430 140386 1 5937995 99067 1.9 27 14 5 15 50% 29141 7923 2189 117%
c { 528.22 39 17 70 430 140386 2 5937995 99067 1.6 16 10 6 11 48% 29141 7923 2189 117%
c - 531.09 39 22 70 431 143478 3 5955739 94616 1.7 19 11 6 11 48% 29141 7923 2189 117%
c
c  seconds    switched       rate           size/glue  tier1     binary        remaining
c          MB   reductions      conflicts         size   tier2      irredundant
c           level      restarts        redundant     glue    trail        variables
c
c - 534.69 39 28 70 432 147095 5 5976499 90951 1.7 22 12 6 11 48% 29141 7923 2189 117%
c - 538.45 39 32 70 433 150687 5 5997284 89859 1.7 24 14 6 11 48% 29141 7923 2189 117%
c - 542.16 39 36 70 434 153976 6 6018093 90130 1.8 26 14 6 11 48% 29141 7923 2189 117%
c u 543.68 39 36 70 434 154577 6 6021984 91501 1.8 26 15 6 11 48% 29141 7923 2189 117%
c v 544.54 39 36 70 434 154577 6 6021984 90407 1.8 26 15 6 11 48% 29141 7923 2189 117%
c w 544.89 39 36 70 434 154577 6 6021984 90293 1.8 26 15 6 11 48% 29141 7923 2189 117%
c - 547.58 39 38 70 435 156570 6 6038925 87733 1.8 27 15 6 11 48% 29141 7923 2189 117%
c - 550.33 39 39 70 436 158141 6 6059781 90253 1.9 28 15 6 11 48% 29141 7923 2189 117%
c - 553.20 39 40 70 437 159836 6 6080661 92127 1.9 29 15 6 11 48% 29141 7923 2189 117%
c o 555.66 39 41 70 437 161546 6 6096864 108104 1.9 30 16 6 11 48% 29141 7923 2189 117%
c - 556.45 39 41 70 438 162078 6 6101566 91286 1.9 30 16 6 11 48% 29141 7923 2189 117%
c - 559.36 39 42 70 439 163674 6 6122494 90481 1.9 31 16 6 11 48% 29141 7923 2189 117%
c - 561.93 39 42 70 440 164786 5 6143448 91641 1.9 31 16 6 11 48% 29141 7923 2189 117%
c - 564.49 39 42 70 441 165900 5 6164425 93304 1.9 31 16 6 11 48% 29141 7923 2189 117%
c - 567.34 39 43 70 442 167532 5 6185426 92761 1.9 31 16 6 11 48% 29141 7923 2189 117%
c } 568.33 39 43 71 442 168075 5 6193323 100495 1.9 32 16 6 11 48% 29141 7923 2189 117%
c [ 568.33 39 25 71 442 168075 1 6193323 100495 1.9 27 14 5 15 50% 29141 7923 2189 117%
c W 570.98 39 25 71 442 168075 1 6193323 100495 1.9 27 14 5 15 50% 29141 7923 2189 117%
c - 572.11 39 25 71 443 168082 1 6206449 91836 1.9 27 15 5 15 50% 29141 7923 2189 117%
c - 573.94 39 24 71 444 168091 1 6227497 94047 1.9 27 14 5 15 51% 29141 7923 2189 117%
c
c  seconds    switched       rate           size/glue  tier1     binary        remaining
c          MB   reductions      conflicts         size   tier2      irredundant
c           level      restarts        redundant     glue    trail        variables
c
c - 575.81 39 23 71 445 168103 1 6248568 97742 1.9 26 14 5 15 51% 29141 7923 2189 117%
c - 577.74 39 22 71 446 168105 1 6269664 99539 1.8 25 14 5 15 51% 29141 7923 2189 117%
c u 579.04 39 22 71 446 168105 1 6273004 99774 1.8 25 14 5 15 51% 29141 7923 2189 117%
c v 580.18 39 22 71 446 168105 1 6273004 94115 1.8 25 14 5 15 51% 29141 7923 2189 117%
c w 580.58 39 22 71 446 168105 1 6273004 89011 1.8 25 14 5 15 51% 29141 7923 2189 117%
c - 582.13 39 22 71 447 168115 1 6290782 89663 1.9 25 14 5 15 51% 29141 7923 2189 117%
c - 584.02 39 22 71 448 168123 1 6311927 93379 1.9 25 13 5 15 50% 29141 7923 2189 117%
c - 586.03 39 22 71 449 168135 1 6333093 93652 1.9 25 13 5 15 51% 29141 7923 2189 117%
c - 587.88 39 22 71 450 168136 1 6354282 93868 1.9 25 13 5 15 50% 29141 7923 2189 117%
c - 589.87 39 21 71 451 168137 1 6375496 95447 1.9 24 13 5 15 50% 29141 7923 2189 117%
c - 591.87 39 21 71 452 168143 1 6396733 97230 1.9 24 13 5 15 50% 29141 7923 2189 117%
c - 593.72 39 21 71 453 168152 1 6417993 94835 1.8 24 13 5 15 50% 29141 7923 2189 117%
c I 593.79 39 21 71 453 168152 1 6418891 95698 1.8 24 13 5 15 50% 29141 7923 2189 117%
c o 594.51 39 23 71 453 168157 1 6428061 104582 1.8 25 14 5 15 50% 29141 7923 2189 117%
c - 595.45 39 27 71 454 168162 1 6439276 89700 1.8 26 14 5 15 50% 29141 7923 2189 117%
c - 597.23 39 28 71 455 168168 1 6460583 88180 1.8 26 14 5 15 50% 29141 7923 2189 117%
c - 599.18 39 28 71 456 168175 1 6481913 90819 1.8 26 14 5 15 50% 29141 7923 2189 117%
c - 601.07 39 26 71 457 168183 1 6503267 94299 1.8 25 14 5 15 50% 29141 7923 2189 117%
c - 603.07 39 25 71 458 168196 1 6524645 97810 1.8 25 14 5 15 50% 29141 7923 2189 117%
c u 604.32 39 25 71 458 168198 1 6529630 100232 1.8 25 14 5 15 50% 29141 7923 2189 117%
c
c  seconds    switched       rate           size/glue  tier1     binary        remaining
c          MB   reductions      conflicts         size   tier2      irredundant
c           level      restarts        redundant     glue    trail        variables
c
c v 605.21 39 25 71 458 168198 1 6529630 96845 1.8 25 14 5 15 50% 29141 7923 2189 117%
c w 605.52 39 25 71 458 168198 1 6529630 93452 1.8 25 14 5 15 50% 29141 7923 2189 117%
c - 607.10 39 24 71 459 168199 1 6546048 93789 1.8 24 13 5 15 50% 29141 7923 2189 117%
c - 609.14 39 23 71 460 168200 1 6567472 98927 1.8 24 13 5 15 50% 29141 7923 2189 117%
c - 611.15 39 22 71 461 168201 1 6588922 101494 1.9 24 13 5 15 50% 29141 7923 2189 117%
c ] 612.42 39 21 72 461 168201 1 6601814 113480 1.9 24 13 5 15 50% 29141 7923 2189 117%
c { 612.42 39 43 72 461 168201 5 6601814 113480 1.9 32 16 6 11 48% 29141 7923 2189 117%
c - 613.20 39 40 72 462 168201 5 6610392 102862 1.9 30 16 6 11 48% 29141 7923 2189 117%
c - 615.02 39 36 72 463 168201 4 6631891 104260 1.9 28 15 6 11 48% 29141 7923 2189 117%
c - 616.91 39 32 72 464 168201 4 6653409 106257 1.9 26 14 6 11 48% 29141 7923 2189 117%
c - 618.86 39 29 72 465 168218 3 6674949 107945 1.9 25 13 6 11 48% 29141 7923 2189 117%
c - 620.52 39 26 72 466 168227 3 6696512 109062 1.9 24 13 6 11 48% 29141 7923 2189 117%
c - 622.33 39 24 72 467 168269 3 6718099 110021 1.9 23 12 6 11 48% 29141 7923 2189 117%
c - 624.10 39 23 72 468 168335 2 6739709 110820 1.9 22 12 6 11 48% 29141 7923 2189 117%
c - 625.80 39 22 72 469 168515 2 6761342 111357 1.9 22 12 6 11 48% 29141 7923 2189 117%
c o 627.29 39 20 72 469 168536 2 6780107 128103 1.9 21 11 6 11 48% 29141 7923 2189 117%
c - 627.55 39 20 72 470 168549 2 6783000 111700 1.9 21 11 6 11 48% 29141 7923 2189 117%
c u 629.06 39 20 72 470 168610 2 6791914 114882 1.9 21 11 6 11 48% 29141 7923 2189 117%
c v 629.87 39 20 72 470 168610 2 6791914 107258 1.9 21 11 6 11 48% 29141 7923 2189 117%
c w 630.15 39 20 72 470 168610 2 6791914 105234 1.9 21 11 6 11 48% 29141 7923 2189 117%
c
c  seconds    switched       rate           size/glue  tier1     binary        remaining
c          MB   reductions      conflicts         size   tier2      irredundant
c           level      restarts        redundant     glue    trail        variables
c
c - 631.20 39 19 72 471 168741 2 6804680 97759 1.8 20 11 6 11 48% 29141 7923 2189 117%
c - 632.90 39 19 72 472 168989 2 6826382 105420 1.8 19 11 6 11 48% 29141 7923 2189 117%
c - 634.66 39 18 72 473 169197 2 6848107 95506 1.8 19 10 5 11 48% 29141 7923 2189 117%
c - 636.37 39 18 72 474 169539 2 6869857 93102 1.8 18 10 5 11 48% 29141 7923 2189 117%
c } 636.43 39 18 73 474 169553 2 6870730 93876 1.8 18 10 5 11 48% 29141 7923 2189 117%
c [ 636.43 39 21 73 474 169553 1 6870730 93876 1.9 24 13 5 15 50% 29141 7923 2189 117%
c B 636.43 39 21 73 474 169553 1 6870730 93876 1.9 24 13 5 15 50% 29141 7923 2189 117%
c - 638.06 39 22 73 475 169566 1 6891629 88943 1.9 24 13 5 15 50% 29141 7923 2189 117%
c - 639.86 39 22 73 476 169574 1 6913423 85152 1.9 25 13 5 15 50% 29141 7923 2189 117%
c - 641.86 39 22 73 477 169582 1 6935240 87917 1.9 25 13 5 15 50% 29141 7923 2189 117%
c - 643.99 39 21 73 478 169587 1 6957081 89549 1.9 25 13 5 15 50% 29141 7923 2189 117%
c - 646.05 39 21 73 479 169598 1 6978949 88585 2.0 26 13 5 15 50% 29141 7923 2189 117%
c - 648.14 39 21 73 480 169608 1 7000836 88661 2.0 26 13 5 15 50% 29141 7923 2189 117%
c - 650.30 39 21 73 481 169614 1 7022745 89759 2.0 26 13 5 15 50% 29141 7923 2189 117%
c - 652.40 39 20 73 482 169615 1 7044678 90279 2.1 26 13 5 14 50% 29141 7923 2189 117%
c u 654.62 39 21 73 482 169615 1 7059856 103133 2.1 27 13 5 14 49% 29141 7923 2189 117%
c v 655.57 39 21 73 482 169615 1 7059856 99764 2.1 27 13 5 14 49% 29141 7923 2189 117%
c w 655.91 39 21 73 482 169615 1 7059856 93151 2.1 27 13 5 14 49% 29141 7923 2189 117%
c - 656.55 39 22 73 483 169615 1 7066632 78378 2.1 27 13 5 14 49% 29141 7923 2189 117%
c - 658.44 39 22 73 484 169629 1 7088610 77646 2.0 27 14 5 15 50% 29141 7923 2189 117%
c
c  seconds    switched       rate           size/glue  tier1     binary        remaining
c          MB   reductions      conflicts         size   tier2      irredundant
c           level      restarts        redundant     glue    trail        variables
c
c - 660.38 39 24 73 485 169637 1 7110610 76235 1.9 27 14 5 15 49% 29141 7923 2189 117%
c W 663.85 39 24 73 485 169638 1 7113212 78707 1.9 28 14 5 15 49% 29141 7923 2189 117%
c ] 663.95 39 24 74 485 169639 1 7114560 79997 1.9 28 14 5 15 49% 29141 7923 2189 117%
c { 663.95 39 18 74 485 169639 2 7114560 79997 1.8 18 10 5 11 48% 29141 7923 2189 117%
c o 665.27 39 17 74 485 169982 2 7130691 94501 1.8 18 10 5 11 48% 29141 7923 2189 117%
c - 665.43 39 17 74 486 170021 2 7132633 80733 1.8 18 10 5 11 48% 29141 7923 2189 117%
c - 667.17 39 17 74 487 170626 2 7154680 89149 1.8 18 10 5 11 48% 29141 7923 2189 117%
c - 668.97 39 17 74 488 171246 2 7176748 92454 1.7 18 10 5 11 48% 29141 7923 2189 117%
c - 670.71 39 17 74 489 171743 2 7198839 93474 1.7 18 10 5 11 48% 29141 7923 2189 117%
c - 672.53 39 17 74 490 172372 2 7220952 94173 1.7 17 10 5 11 48% 29141 7923 2189 117%
c - 674.34 39 17 74 491 173110 2 7243089 94393 1.7 17 10 5 11 48% 29141 7923 2189 117%
c - 676.10 39 17 74 492 173587 2 7265249 93877 1.7 17 10 5 11 48% 29141 7923 2189 117%
c - 677.88 39 16 74 493 174246 2 7287431 93825 1.7 17 10 5 11 48% 29141 7923 2189 117%
c - 679.71 39 17 74 494 175139 2 7309634 94362 1.7 17 10 5 11 48% 29141 7923 2189 117%
c - 681.60 39 17 74 495 175977 2 7331861 94252 1.7 17 10 5 11 48% 29141 7923 2189 117%
c u 682.44 39 17 74 495 176036 2 7333485 92135 1.7 17 10 5 11 48% 29141 7923 2189 117%
c v 683.25 39 17 74 495 176036 2 7333485 86925 1.7 17 10 5 11 48% 29141 7923 2189 117%
c w 683.53 39 17 74 495 176036 2 7333485 86298 1.7 17 10 5 11 48% 29141 7923 2189 117%
c - 685.25 39 17 74 496 176832 2 7354113 86555 1.7 17 10 5 11 48% 29141 7923 2189 117%
c - 687.10 39 17 74 497 177832 2 7376385 90621 1.7 17 10 5 11 48% 29141 7923 2189 117%
c
c  seconds    switched       rate            size/glue  tier1     binary        remaining
c          MB   reductions      conflicts          size   tier2      irredundant
c           level      restarts        redundant      glue    trail        variables
c
c } 688.82 39 17 75 497 178651 2 7397384 109259 1.7 17 10 5 11 48% 29141 7923 2189 117%
c [ 688.82 39 24 75 497 178651 1 7397384 109259 1.9 28 14 5 15 49% 29141 7923 2189 117%
c O 688.82 39 24 75 497 178651 1 7397384 109259 1.9 28 14 5 15 49% 29141 7923 2189 117%
c - 688.93 39 24 75 498 178652 1 7398682 91523 1.9 27 14 5 15 49% 29141 7923 2189 117%
c - 690.70 39 23 75 499 178664 1 7420997 91964 1.9 26 14 5 15 50% 29141 7923 2189 117%
c - 692.62 39 22 75 500 178673 1 7443335 92076 1.9 26 13 5 15 50% 29141 7923 2189 117%
c - 694.71 39 21 75 501 178681 1 7465699 92128 2.0 25 13 5 15 49% 29141 7923 2189 117%
c - 697.08 39 20 75 502 178688 1 7488082 91241 2.0 25 13 5 14 49% 29141 7923 2189 117%
c - 699.20 39 20 75 503 178696 1 7510487 91128 1.9 24 12 5 14 49% 29141 7923 2189 117%
c - 701.25 39 20 75 504 178710 1 7532914 89161 1.9 24 12 5 14 49% 29141 7923 2189 117%
c - 703.38 39 20 75 505 178712 1 7555363 87234 1.9 24 13 5 14 49% 29141 7923 2189 117%
c - 705.63 39 20 75 506 178713 1 7577835 86191 1.9 24 13 5 14 49% 29141 7923 2189 117%
c - 707.85 39 20 75 507 178719 1 7600330 89883 1.9 24 13 5 14 49% 29141 7923 2189 117%
c u 709.90 39 20 75 507 178726 1 7612795 97830 1.9 24 12 5 14 49% 29141 7923 2189 117%
c v 710.90 39 20 75 507 178726 1 7612795 92868 1.9 24 12 5 14 49% 29141 7923 2189 117%
c w 711.24 39 20 75 507 178726 1 7612795 91000 1.9 24 12 5 14 49% 29141 7923 2189 117%
c o 711.27 39 20 75 507 178726 1 7612795 91000 1.9 24 12 5 14 49% 29141 7923 2189 117%
c - 712.04 39 21 75 508 178728 1 7622846 82764 1.9 24 13 5 14 49% 29141 7923 2189 117%
c ] 713.96 39 21 76 508 178740 1 7644716 103053 1.9 24 13 5 14 49% 29141 7923 2189 117%
c { 713.96 39 17 76 508 178740 2 7644716 103053 1.7 17 10 5 11 48% 29141 7923 2189 117%
c
c  seconds    switched       rate           size/glue  tier1     binary        remaining
c          MB   reductions      conflicts         size   tier2      irredundant
c           level      restarts        redundant     glue    trail        variables
c
c - 714.05 39 17 76 509 178791 2 7645384 82745 1.7 17 10 5 11 48% 29141 7923 2189 117%
c - 715.91 39 17 76 510 179631 2 7667945 86871 1.7 16 10 5 11 48% 29141 7923 2189 117%
c - 717.77 39 17 76 511 180509 2 7690528 92001 1.6 16 10 5 11 48% 29141 7923 2189 117%
c - 719.68 39 17 76 512 181337 2 7713134 93837 1.6 16 10 5 11 48% 29141 7923 2189 117%
c - 721.54 39 17 76 513 182124 2 7735762 94314 1.6 16 10 5 11 48% 29141 7923 2189 117%
c - 723.38 39 17 76 514 182732 2 7758415 94296 1.6 16 10 5 11 48% 29141 7923 2189 117%
c - 725.27 39 17 76 515 183547 2 7781086 94755 1.6 16 10 5 11 48% 29141 7923 2189 117%
c - 727.19 39 17 76 516 184479 2 7803779 94974 1.6 16 10 5 11 48% 29141 7923 2189 117%
c - 729.08 39 17 76 517 185195 2 7826494 95005 1.6 16 10 5 11 48% 29141 7923 2189 117%
c - 730.94 39 17 76 518 185925 2 7849231 95266 1.6 16 10 5 11 48% 29141 7923 2189 117%
c - 732.83 39 17 76 519 186655 2 7871990 95923 1.7 16 10 5 11 48% 29141 7923 2189 117%
c - 734.69 39 17 76 520 187447 2 7894771 96133 1.7 16 10 5 11 48% 29141 7923 2189 117%
c u 735.69 39 17 76 520 187530 2 7897840 95538 1.7 16 10 5 11 48% 29141 7923 2189 117%
c v 736.53 39 17 76 520 187530 2 7897840 89863 1.7 16 10 5 11 48% 29141 7923 2189 117%
c w 736.82 39 17 76 520 187530 2 7897840 89294 1.7 16 10 5 11 48% 29141 7923 2189 117%
c - 738.52 39 17 76 521 188416 2 7917575 89083 1.7 17 10 5 11 48% 29141 7923 2189 117%
c - 740.36 39 17 76 522 189246 2 7940400 92477 1.7 17 10 5 11 48% 29141 7923 2189 117%
c } 740.48 39 17 77 522 189350 2 7941766 93779 1.7 17 10 5 11 48% 29141 7923 2189 117%
c [ 740.48 39 21 77 522 189350 1 7941766 93779 1.9 24 13 5 14 49% 29141 7923 2189 117%
c B 740.48 39 21 77 522 189350 1 7941766 93779 1.9 24 13 5 14 49% 29141 7923 2189 117%
c
c  seconds    switched       rate           size/glue  tier1     binary        remaining
c          MB   reductions      conflicts         size   tier2      irredundant
c           level      restarts        redundant     glue    trail        variables
c
c - 742.27 39 21 77 523 189363 1 7963249 90215 1.9 24 13 5 14 49% 29141 7923 2189 117%
c - 744.35 39 21 77 524 189371 1 7986119 88633 1.9 24 13 5 14 49% 29141 7923 2189 117%
c - 746.55 39 20 77 525 189380 1 8009011 91246 1.9 24 13 5 14 49% 29141 7923 2189 117%
c - 748.65 39 20 77 526 189386 1 8031923 92921 2.0 24 12 5 14 50% 29141 7923 2189 117%
c - 750.87 39 20 77 527 189395 1 8054860 93361 2.0 25 12 5 14 50% 29141 7923 2189 117%
c o 751.76 39 21 77 527 189402 1 8064748 102936 2.0 25 12 5 14 50% 29141 7923 2189 117%
c - 752.85 39 25 77 528 189409 1 8077816 89612 1.9 26 13 5 14 50% 29141 7923 2189 117%
c - 754.91 39 24 77 529 189411 1 8100795 86489 1.9 26 13 5 14 50% 29141 7923 2189 117%
c - 757.02 39 23 77 530 189412 1 8123796 87338 1.9 25 13 5 14 50% 29141 7923 2189 117%
c - 759.27 39 22 77 531 189419 1 8146818 89024 1.9 25 13 5 14 50% 29141 7923 2189 117%
c - 761.42 39 21 77 532 189427 1 8169861 93246 1.9 24 13 5 14 50% 29141 7923 2189 117%
c u 764.07 39 21 77 532 189438 1 8188622 108171 1.9 24 13 5 14 50% 29141 7923 2189 117%
c v 765.11 39 21 77 532 189438 1 8188622 101473 1.9 24 13 5 14 50% 29141 7923 2189 117%
c w 765.48 39 21 77 532 189438 1 8188622 98947 1.9 24 13 5 14 50% 29141 7923 2189 117%
c - 770.04 39 21 77 533 189441 1 8192928 85216 1.9 24 13 5 14 50% 29141 7923 2189 117%
c ] 771.09 39 20 78 533 189443 1 8204376 95940 1.9 24 12 5 14 50% 29141 7923 2189 117%
c { 771.09 39 17 78 533 189443 2 8204376 95940 1.7 17 10 5 11 48% 29141 7923 2189 117%
c - 772.10 39 17 78 534 189769 2 8216014 90355 1.7 16 10 5 11 48% 29141 7923 2189 117%
c - 773.98 39 17 78 535 190493 2 8239122 94881 1.7 16 10 5 11 48% 29141 7923 2189 117%
c - 775.94 39 17 78 536 191302 2 8262252 95450 1.7 16 10 5 11 48% 29141 7923 2189 117%
c
c  seconds    switched       rate           size/glue  tier1     binary        remaining
c          MB   reductions      conflicts         size   tier2      irredundant
c           level      restarts        redundant     glue    trail        variables
c
c - 777.94 39 17 78 537 192300 2 8285403 95772 1.7 16 10 5 11 48% 29141 7923 2189 117%
c - 779.86 39 17 78 538 193135 2 8308578 95761 1.6 16 10 5 11 48% 29141 7923 2189 117%
c - 781.80 39 17 78 539 193879 2 8331772 95914 1.7 16 10 5 11 48% 29141 7923 2189 117%
c - 783.78 39 17 78 540 194642 2 8354988 96405 1.7 16 10 5 11 48% 29141 7923 2189 117%
c - 785.72 39 17 78 541 195499 2 8378226 96925 1.7 16 10 5 11 48% 29141 7923 2189 117%
c - 787.75 39 17 78 542 196645 2 8401485 97347 1.7 16 10 5 11 48% 29141 7923 2189 117%
c - 789.78 39 17 78 543 197702 2 8424765 97404 1.7 16 10 5 11 48% 29141 7923 2189 117%
c o 791.57 39 17 78 543 198561 2 8446157 116561 1.7 16 10 5 11 48% 29141 7923 2189 117%
c - 791.77 39 17 78 544 198663 2 8448070 97888 1.7 16 10 5 11 48% 29141 7923 2189 117%
c - 793.64 39 17 78 545 199314 2 8471393 98584 1.7 16 10 5 11 48% 29141 7923 2189 117%
c u 795.36 39 17 78 545 199775 2 8485139 108930 1.7 16 10 5 11 48% 29141 7923 2189 117%
c v 796.01 39 17 78 545 199775 2 8485139 106477 1.7 16 10 5 11 48% 29141 7923 2189 117%
c w 796.23 39 17 78 545 199775 2 8485139 106159 1.7 16 10 5 11 48% 29141 7923 2189 117%
c - 797.20 39 17 78 546 200131 2 8494738 95695 1.7 16 10 5 11 48% 29141 7923 2189 117%
c } 798.90 39 17 79 546 200779 2 8515966 114721 1.7 16 10 5 11 48% 29141 7923 2189 117%
c [ 798.90 39 20 79 546 200779 1 8515966 114721 1.9 24 12 5 14 50% 29141 7923 2189 117%
c W 802.69 39 20 79 546 200779 1 8515966 114721 1.9 24 12 5 14 50% 29141 7923 2189 117%
c - 802.88 39 21 79 547 200781 1 8518104 95880 1.9 24 13 5 14 50% 29141 7923 2189 117%
c - 804.70 39 21 79 548 200793 1 8541493 92924 1.9 24 13 5 14 50% 29141 7923 2189 117%
c - 806.77 39 21 79 549 200803 1 8564902 89756 1.9 25 13 5 14 51% 29141 7923 2189 117%
c
c  seconds    switched       rate           size/glue  tier1     binary        remaining
c          MB   reductions      conflicts         size   tier2      irredundant
c           level      restarts        redundant     glue    trail        variables
c
c - 808.96 39 21 79 550 200809 1 8588334 90541 1.9 24 13 5 14 51% 29141 7923 2189 117%
c - 811.17 39 22 79 551 200818 1 8611786 88906 1.9 26 13 5 14 51% 29141 7923 2189 117%
c - 813.29 39 22 79 552 200828 1 8635262 88118 2.0 26 13 5 14 51% 29141 7923 2189 117%
c - 815.51 39 22 79 553 200839 1 8658756 89624 2.0 26 13 5 14 51% 29141 7923 2189 117%
c - 817.86 39 22 79 554 200841 1 8682271 90067 2.0 26 13 5 14 51% 29141 7923 2189 117%
c - 819.90 39 22 79 555 200841 1 8705808 91617 2.0 27 13 5 14 51% 29141 7923 2189 117%
c - 822.29 39 22 79 556 200852 1 8729367 90073 2.0 27 13 5 14 51% 29141 7923 2189 117%
c - 824.73 39 23 79 557 200862 1 8752946 90568 2.1 27 13 5 14 51% 29141 7923 2189 117%
c - 827.08 39 22 79 558 200871 1 8776546 91130 2.0 27 13 5 14 52% 29141 7923 2189 117%
c u 829.03 39 22 79 558 200872 1 8787445 99037 2.0 27 13 5 14 52% 29141 7923 2189 117%
c v 830.11 39 22 79 558 200872 1 8787445 97395 2.0 27 13 5 14 52% 29141 7923 2189 117%
c w 830.49 39 22 79 558 200872 1 8787445 96726 2.0 27 13 5 14 52% 29141 7923 2189 117%
c I 831.12 39 22 79 558 200872 1 8793629 102546 2.0 27 13 5 14 52% 29141 7923 2189 117%
c ] 831.22 39 22 80 558 200873 1 8794793 103655 2.0 27 13 5 14 52% 29141 7923 2189 117%
c { 831.22 39 17 80 558 200873 2 8794793 103655 1.7 16 10 5 11 48% 29141 7923 2189 117%
c - 831.73 39 17 80 559 201115 2 8800169 88509 1.7 16 10 5 11 48% 29141 7923 2189 117%
c - 833.81 39 17 80 560 202019 2 8823813 93156 1.7 16 10 5 11 48% 29141 7923 2189 117%
c o 834.97 39 17 80 560 202605 2 8836725 104560 1.7 16 10 5 11 48% 29141 7923 2189 117%
c - 835.90 39 17 80 561 203042 2 8847478 95770 1.7 16 10 5 11 48% 29141 7923 2189 117%
c - 837.93 39 17 80 562 203949 2 8871163 96915 1.7 16 10 5 11 48% 29141 7923 2189 117%
c
c  seconds    switched       rate           size/glue  tier1     binary        remaining
c          MB   reductions      conflicts         size   tier2      irredundant
c           level      restarts        redundant     glue    trail        variables
c
c - 839.97 39 17 80 563 205081 2 8894869 98266 1.7 16 10 5 11 48% 29141 7923 2189 117%
c - 841.90 39 17 80 564 205746 2 8918598 98856 1.7 16 10 5 11 48% 29141 7923 2189 117%
c - 843.96 39 17 80 565 206750 2 8942346 98618 1.6 16 10 5 11 48% 29141 7923 2189 117%
c - 845.97 39 17 80 566 207789 2 8966115 99039 1.6 16 10 5 11 48% 29141 7923 2189 117%
c - 847.91 39 17 80 567 208346 2 8989906 99545 1.6 16 10 5 11 48% 29141 7923 2189 117%
c - 849.98 39 17 80 568 209278 2 9013718 99955 1.6 16 10 5 11 48% 29141 7923 2189 117%
c - 852.04 39 17 80 569 210137 2 9037551 100505 1.6 16 10 5 11 48% 29141 7923 2189 117%
c - 854.16 39 17 80 570 211095 2 9061406 100983 1.7 16 10 5 11 48% 29141 7923 2189 117%
c - 856.24 39 17 80 571 212013 2 9085280 101156 1.7 17 10 5 11 48% 29141 7923 2189 117%
c u 857.96 39 17 80 571 212339 2 9095536 107089 1.7 17 10 5 11 48% 29141 7923 2189 117%
c v 858.90 39 17 80 571 212339 2 9095536 104682 1.7 17 10 5 11 48% 29141 7923 2189 117%
c w 859.23 39 17 80 571 212339 2 9095536 104268 1.7 17 10 5 11 48% 29141 7923 2189 117%
c - 860.43 39 17 80 572 212822 2 9109176 95762 1.7 17 10 5 11 48% 29141 7923 2189 117%
c } 861.41 39 17 81 572 213173 2 9121238 106575 1.7 17 10 5 11 48% 29141 7923 2189 117%
c [ 861.41 39 22 81 572 213173 1 9121238 106575 2.0 27 13 5 14 52% 29141 7923 2189 117%
c B 861.41 39 22 81 572 213173 1 9121238 106575 2.0 27 13 5 14 52% 29141 7923 2189 117%
c - 862.40 39 22 81 573 213179 1 9133094 94025 2.0 27 13 5 14 52% 29141 7923 2189 117%
c - 864.49 39 23 81 574 213190 1 9157032 89464 2.0 27 14 5 14 51% 29141 7923 2189 117%
c - 866.83 39 23 81 575 213202 1 9180991 85621 1.9 27 14 5 14 51% 29141 7923 2189 117%
c - 869.24 39 23 81 576 213205 1 9204970 88231 1.9 26 14 5 14 50% 29141 7923 2189 117%
c
c  seconds    switched       rate           size/glue  tier1     binary        remaining
c          MB   reductions      conflicts         size   tier2      irredundant
c           level      restarts        redundant     glue    trail        variables
c
c - 871.52 39 22 81 577 213218 1 9228972 91090 1.9 26 14 5 14 50% 29141 7923 2189 117%
c - 873.80 39 22 81 578 213229 1 9252992 92991 1.9 25 13 5 14 50% 29141 7923 2189 117%
c - 876.05 39 22 81 579 213234 1 9277034 94498 1.9 25 13 5 14 50% 29141 7923 2189 117%
c - 878.50 39 22 81 580 213235 1 9301096 93933 1.9 25 13 5 14 49% 29141 7923 2189 117%
c - 880.99 39 21 81 581 213241 1 9325180 95545 1.9 25 13 5 14 49% 29141 7923 2189 117%
c - 883.50 39 20 81 582 213250 1 9349284 98678 1.9 24 13 5 14 49% 29141 7923 2189 117%
c - 885.72 39 20 81 583 213264 1 9373408 100314 1.9 24 12 5 14 49% 29141 7923 2189 117%
c - 888.17 39 20 81 584 213266 1 9397554 99682 1.9 24 12 5 14 49% 29141 7923 2189 117%
c ] 889.16 39 20 82 584 213272 1 9407739 109261 1.9 24 12 5 14 49% 29141 7923 2189 117%
c { 889.16 39 17 82 584 213272 2 9407739 109261 1.7 17 10 5 11 48% 29141 7923 2189 117%
c u 890.30 39 17 82 584 213273 2 9409441 108197 1.7 17 10 5 11 48% 29141 7923 2189 117%
c v 891.47 39 17 82 584 213273 2 9409441 102352 1.7 17 10 5 11 48% 29141 7923 2189 117%
c w 891.89 39 17 82 584 213273 2 9409441 98335 1.7 17 10 5 11 48% 29141 7923 2189 117%
c o 891.91 39 17 82 584 213273 2 9409441 98335 1.7 17 10 5 11 48% 29141 7923 2189 117%
c - 892.98 39 16 82 585 213279 2 9421720 92589 1.7 16 10 5 11 48% 29141 7923 2189 117%
c - 894.98 39 15 82 586 213331 2 9445909 96348 1.6 16 10 5 11 48% 29141 7923 2189 117%
c - 896.93 39 14 82 587 213351 2 9470116 98546 1.6 15 9 5 11 48% 29141 7923 2189 117%
c - 898.92 39 13 82 588 213496 2 9494344 100352 1.6 15 9 5 11 48% 29141 7923 2189 117%
c - 900.84 39 13 82 589 213540 1 9518592 100941 1.6 15 9 5 11 48% 29141 7923 2189 117%
c - 902.86 39 12 82 590 213718 1 9542861 101605 1.6 15 9 5 11 48% 29141 7923 2189 117%
c
c  seconds    switched       rate            size/glue tier1     binary        remaining
c          MB   reductions      conflicts          size  tier2      irredundant
c           level      restarts        redundant     glue    trail        variables
c
c - 904.79 39 12 82 591 213879 1 9567150 102429 1.6 14 9 5 11 48% 29141 7923 2189 117%
c - 906.77 39 11 82 592 214095 1 9591460 102148 1.6 14 9 5 11 48% 29141 7923 2189 117%
c - 908.78 39 11 82 593 214351 1 9615792 102241 1.6 14 9 5 11 48% 29141 7923 2189 117%
c - 910.84 39 11 82 594 214650 1 9640143 102462 1.6 14 9 5 11 48% 29141 7923 2189 117%
c - 912.94 39 11 82 595 215115 1 9664516 102868 1.6 13 8 5 11 48% 29141 7923 2189 117%
c - 915.03 39 11 82 596 215509 1 9688909 103385 1.6 13 8 5 11 48% 29141 7923 2189 117%
c - 917.24 39 11 82 597 216157 1 9713322 104612 1.6 13 8 5 11 48% 29141 7923 2189 117%
c u 919.52 39 11 82 597 216546 1 9729159 111831 1.6 13 8 5 11 48% 29141 7923 2189 117%
c v 920.51 39 11 82 597 216546 1 9729159 106656 1.6 13 8 5 11 48% 29141 7923 2189 117%
c w 920.86 39 11 82 597 216546 1 9729159 106462 1.6 13 8 5 11 48% 29141 7923 2189 117%
c - 921.61 39 10 82 598 216669 1 9737756 97401 1.6 13 8 5 11 48% 29141 7923 2189 117%
c } 922.60 39 10 83 598 216948 1 9749345 106239 1.6 13 8 5 11 48% 29141 7923 2189 117%
c [ 922.60 39 20 83 598 216948 1 9749345 106239 1.9 24 12 5 14 49% 29141 7923 2189 117%
c W 927.22 39 20 83 598 216948 1 9749345 106239 1.9 24 12 5 14 49% 29141 7923 2189 117%
c - 928.25 39 20 83 599 216955 1 9762211 99012 1.9 24 12 5 14 49% 29141 7923 2189 117%
c - 930.33 39 20 83 600 216966 1 9786686 98223 1.9 24 13 5 14 50% 29141 7923 2189 117%
c - 932.69 39 20 83 601 216977 1 9811180 94730 1.9 24 13 5 14 50% 29141 7923 2189 117%
c - 935.00 39 20 83 602 216982 1 9835697 96240 1.8 24 13 5 14 50% 29141 7923 2189 117%
c - 937.33 39 20 83 603 216993 1 9860233 99576 1.9 24 13 5 14 50% 29141 7923 2189 117%
c - 939.87 39 19 83 604 217007 1 9884790 100337 1.8 23 13 5 14 50% 29141 7923 2189 117%
c
c  seconds    switched       rate            size/glue  tier1     binary        remaining
c          MB   reductions      conflicts          size   tier2      irredundant
c           level      restarts        redundant      glue    trail        variables
c
c - 942.37 39 20 83 605 217009 1 9909367 100053 1.9 24 13 5 14 50% 29141 7923 2189 117%
c - 944.95 39 19 83 606 217010 1 9933964 99880 1.9 24 13 5 14 50% 29141 7923 2189 117%
c - 947.40 39 19 83 607 217018 1 9958581 103759 1.9 23 12 5 14 50% 29141 7923 2189 117%
c - 949.74 39 19 83 608 217029 1 9983219 104796 1.9 23 12 5 14 50% 29141 7923 2189 117%
c - 952.13 39 19 83 609 217040 1 10007876 104749 1.9 23 12 5 14 50% 29141 7923 2189 117%
c - 954.68 39 19 83 610 217045 1 10032553 105973 1.9 23 12 5 14 50% 29141 7923 2189 117%
c ] 956.85 39 18 84 610 217055 1 10052180 123707 1.9 23 12 5 14 50% 29141 7923 2189 117%
c { 956.85 39 10 84 610 217055 1 10052180 123707 1.6 13 8 5 11 48% 29141 7923 2189 117%
c o 956.86 39 10 84 610 217062 1 10052222 123747 1.6 13 8 5 11 48% 29141 7923 2189 117%
c u 958.24 39 11 84 610 217412 1 10054715 122972 1.6 13 8 5 11 48% 29141 7923 2189 117%
c v 959.47 39 11 84 610 217412 1 10054715 116988 1.6 13 8 5 11 48% 29141 7923 2189 117%
c w 959.92 39 11 84 610 217412 1 10054715 112595 1.6 13 8 5 11 48% 29141 7923 2189 117%
c - 960.30 39 11 84 611 217856 1 10057251 96345 1.6 13 9 5 11 48% 29141 7923 2189 117%
c - 963.23 39 13 84 612 221603 2 10081970 101570 1.5 14 9 5 11 48% 29141 7923 2189 117%
c - 965.79 39 14 84 613 223756 2 10106708 104205 1.5 15 9 5 11 48% 29141 7923 2189 117%
c - 968.19 39 15 84 614 225414 2 10131467 105858 1.6 15 10 5 11 48% 29141 7923 2189 117%
c - 970.53 39 16 84 615 226821 2 10156246 106836 1.6 15 10 5 11 48% 29141 7923 2189 117%
c - 972.75 39 16 84 616 227742 2 10181045 107430 1.6 15 10 5 11 48% 29141 7923 2189 117%
c - 975.12 39 16 84 617 229067 2 10205864 107707 1.6 16 10 5 11 48% 29141 7923 2189 117%
c - 977.30 39 16 84 618 229871 2 10230704 107594 1.6 16 10 5 11 48% 29141 7923 2189 117%
c
c  seconds    switched       rate             size/glue  tier1     binary        remaining
c          MB   reductions      conflicts           size   tier2      irredundant
c           level      restarts         redundant      glue    trail        variables
c
c - 979.52 39 16 84 619 230700 2 10255564 107887 1.6 16 10 5 11 48% 29141 7923 2189 117%
c - 981.81 39 16 84 620 231762 2 10280445 108334 1.6 16 10 5 11 48% 29141 7923 2189 117%
c - 984.07 39 16 84 621 232691 2 10305344 108341 1.6 16 10 5 11 48% 29141 7923 2189 117%
c - 986.29 39 16 84 622 233577 2 10330266 108311 1.6 16 10 5 11 48% 29141 7923 2189 117%
c - 988.67 39 17 84 623 234898 2 10355205 108154 1.6 16 10 5 11 48% 29141 7923 2189 117%
c - 990.97 39 17 84 624 235835 2 10380166 108448 1.6 16 10 5 11 48% 29141 7923 2189 117%
c u 992.47 39 17 84 624 236028 2 10386135 110631 1.6 16 10 5 11 48% 29141 7923 2189 117%
c v 993.58 39 17 84 624 236028 2 10386135 106135 1.6 16 10 5 11 48% 29141 7923 2189 117%
c w 993.96 39 17 84 624 236028 2 10386135 105511 1.6 16 10 5 11 48% 29141 7923 2189 117%
c - 995.69 39 17 84 625 236591 2 10405145 101563 1.6 16 10 5 11 48% 29141 7923 2189 117%
c } 996.08 39 17 85 625 236836 2 10409258 105286 1.6 16 10 5 11 48% 29141 7923 2189 117%
c [ 996.08 39 18 85 625 236836 1 10409258 105286 1.9 23 12 5 14 50% 29141 7923 2189 117%
c O 996.08 39 18 85 625 236836 1 10409258 105286 1.9 23 12 5 14 50% 29141 7923 2189 117%
c - 997.85 39 18 85 626 236849 1 10430145 103787 1.9 23 12 5 14 50% 29141 7923 2189 117%
c - 1000.12 39 19 85 627 236858 1 10455168 102460 1.9 23 12 5 14 49% 29141 7923 2189 117%
c - 1002.63 39 20 85 628 236866 1 10480209 99965 1.9 23 12 5 14 49% 29141 7923 2189 117%
c - 1005.37 39 20 85 629 236875 1 10505268 101342 1.9 23 12 5 14 49% 29141 7923 2189 117%
c - 1007.97 39 19 85 630 236887 1 10530348 104774 1.9 23 12 5 14 49% 29141 7923 2189 117%
c - 1010.44 39 20 85 631 236896 1 10555447 100804 1.9 24 13 5 14 49% 29141 7923 2189 117%
c - 1012.84 39 21 85 632 236898 1 10580566 95538 1.9 25 13 5 14 49% 29141 7923 2189 117%
c
c   seconds    switched       rate            size/glue  tier1     binary        remaining
c           MB   reductions      conflicts          size   tier2      irredundant
c            level      restarts         redundant     glue    trail        variables
c
c - 1015.43 39 21 85 633 236898 1 10605705 97977 2.0 26 13 5 14 49% 29141 7923 2189 117%
c o 1015.98 39 21 85 633 236903 1 10611147 103239 2.0 26 13 5 14 49% 29141 7923 2189 117%
c - 1017.78 39 24 85 634 236913 1 10630865 100493 1.9 26 13 5 14 49% 29141 7923 2189 117%
c - 1020.31 39 23 85 635 236924 1 10656046 101708 1.9 25 13 5 14 49% 29141 7923 2189 117%
c - 1022.95 39 23 85 636 236929 1 10681245 103349 1.9 24 13 5 14 49% 29141 7923 2189 117%
c - 1025.50 39 23 85 637 236941 1 10706464 102512 1.9 25 13 5 14 49% 29141 7923 2189 117%
c u 1028.26 39 23 85 637 236947 1 10723421 115338 1.9 25 13 5 14 49% 29141 7923 2189 117%
c v 1029.54 39 23 85 637 236947 1 10723421 113388 1.9 25 13 5 14 49% 29141 7923 2189 117%
c w 1030.00 39 23 85 637 236947 1 10723421 110722 1.9 25 13 5 14 49% 29141 7923 2189 117%
c B 1030.07 39 23 85 637 236947 1 10723840 111116 1.9 25 13 5 14 49% 29141 7923 2189 117%
c - 1030.81 39 23 85 638 236951 1 10731703 96948 1.8 25 13 5 14 49% 29141 7923 2189 117%
c ] 1032.01 39 22 86 638 236958 1 10745215 109172 1.8 24 13 5 14 49% 29141 7923 2189 117%
c { 1032.01 39 17 86 638 236958 2 10745215 109172 1.6 16 10 5 11 48% 29141 7923 2189 117%
c - 1034.08 39 20 86 639 238986 3 10756962 97388 1.7 18 11 5 11 48% 29141 7923 2189 117%
c - 1038.92 39 27 86 640 243386 4 10782240 91300 1.7 22 13 5 11 48% 29141 7923 2189 117%
c - 1044.11 39 33 86 641 247713 5 10807538 77040 1.8 25 14 4 11 48% 29141 7923 2189 117%
c - 1049.04 39 36 86 642 251703 6 10832855 73948 1.8 27 15 4 11 48% 29141 7923 2189 117%
c - 1053.18 39 39 86 643 254459 6 10858193 74624 1.8 29 16 4 11 48% 29141 7923 2189 117%
c - 1057.25 39 40 86 644 256968 6 10883550 76215 1.9 30 16 4 11 48% 29141 7923 2189 117%
c - 1061.05 39 41 86 645 258979 6 10908927 76501 1.9 31 17 4 11 48% 29141 7923 2189 117%
c
c   seconds    switched       rate            size/glue  tier1     binary        remaining
c           MB   reductions      conflicts          size   tier2      irredundant
c            level      restarts         redundant     glue    trail        variables
c
c - 1064.75 39 42 86 646 260742 6 10934323 77195 1.9 32 17 4 11 48% 29141 7923 2189 117%
c - 1068.20 39 42 86 647 262136 5 10959741 77925 2.0 33 17 4 11 48% 29141 7923 2189 117%
c - 1071.75 39 42 86 648 263588 5 10985177 77853 2.0 34 17 4 11 48% 29141 7923 2189 117%
c - 1075.28 39 43 86 649 265009 5 11010632 77752 2.0 34 17 4 11 48% 29141 7923 2189 117%
c - 1078.67 39 43 86 650 266266 5 11036109 78629 2.0 34 17 4 11 48% 29141 7923 2189 117%
c o 1079.35 39 43 86 650 266547 5 11041353 83774 2.0 34 17 4 11 48% 29141 7923 2189 117%
c - 1082.46 39 43 86 651 268024 5 11061604 78355 2.0 35 17 4 11 48% 29141 7923 2189 117%
c u 1084.63 39 43 86 651 268371 5 11066597 74402 2.0 35 17 4 11 48% 29141 7923 2189 117%
c v 1086.37 39 43 86 651 268371 5 11066597 72933 2.0 35 17 4 11 48% 29141 7923 2189 117%
c w 1087.02 39 43 86 651 268371 5 11066597 72773 2.0 35 17 4 11 48% 29141 7923 2189 117%
c - 1089.64 39 43 86 652 269322 4 11087118 68650 2.0 35 17 4 11 48% 29141 7923 2189 117%
c - 1092.55 39 42 86 653 270202 4 11112654 71205 2.0 35 17 4 11 48% 29141 7923 2189 117%
c } 1093.11 39 42 87 653 270294 4 11118072 76483 2.0 34 17 4 11 48% 29141 7923 2189 117%
c [ 1093.11 39 22 87 653 270294 1 11118072 76483 1.8 24 13 5 14 49% 29141 7923 2189 117%
c W 1098.27 39 22 87 653 270294 1 11118072 76483 1.8 24 13 5 14 49% 29141 7923 2189 117%
c - 1100.09 39 22 87 654 270306 1 11138207 76750 1.8 24 13 5 14 50% 29141 7923 2189 117%
c - 1102.28 39 21 87 655 270316 1 11163781 83621 1.8 23 13 5 14 50% 29141 7923 2189 117%
c - 1104.66 39 21 87 656 270324 1 11189373 84823 1.8 23 13 5 14 50% 29141 7923 2189 117%
c - 1107.10 39 21 87 657 270334 1 11214986 81665 1.8 24 13 5 14 51% 29141 7923 2189 117%
c - 1109.54 39 20 87 658 270345 1 11240619 81949 1.9 24 13 5 14 51% 29141 7923 2189 117%
c
c   seconds    switched       rate            size/glue  tier1     binary        remaining
c           MB   reductions      conflicts          size   tier2      irredundant
c            level      restarts         redundant     glue    trail        variables
c
c - 1112.24 39 20 87 659 270355 1 11266270 85386 1.9 25 13 5 14 52% 29141 7923 2189 117%
c - 1114.94 39 21 87 660 270356 1 11291941 86889 1.9 25 13 5 14 52% 29141 7923 2189 117%
c - 1117.62 39 20 87 661 270359 1 11317631 87361 1.9 25 13 5 14 52% 29141 7923 2189 117%
c - 1120.30 39 20 87 662 270371 1 11343341 89599 2.0 25 13 5 14 52% 29141 7923 2189 117%
c - 1122.90 39 20 87 663 270385 1 11369072 88034 2.0 26 13 5 14 52% 29141 7923 2189 117%
c - 1125.43 39 20 87 664 270387 1 11394822 85065 2.0 26 13 5 14 52% 29141 7923 2189 117%
c u 1128.52 39 20 87 664 270400 1 11415663 101435 2.0 26 13 5 14 52% 29141 7923 2189 117%
c v 1129.88 39 20 87 664 270400 1 11415663 97887 2.0 26 13 5 14 52% 29141 7923 2189 117%
c w 1130.37 39 20 87 664 270400 1 11415663 87929 2.0 26 13 5 14 52% 29141 7923 2189 117%
c - 1130.89 39 20 87 665 270401 1 11420591 74411 2.0 26 13 5 14 52% 29141 7923 2189 117%
c - 1133.53 39 20 87 666 270413 1 11446378 80625 2.0 26 13 5 14 52% 29141 7923 2189 117%
c I 1134.04 39 20 87 666 270416 1 11451744 85556 2.0 26 13 5 14 52% 29141 7923 2189 117%
c - 1135.79 39 23 87 667 270418 1 11472185 78053 1.9 28 14 5 14 51% 29141 7923 2189 117%
c - 1138.07 39 25 87 668 270419 1 11498011 69174 1.9 29 15 5 14 50% 29141 7923 2189 117%
c - 1140.48 39 28 87 669 270420 1 11523857 64429 1.9 32 17 5 14 50% 29141 7923 2189 117%
c - 1142.94 39 29 87 670 270420 1 11549724 62736 1.9 33 17 5 14 50% 29141 7923 2189 117%
c - 1145.36 39 30 87 671 270420 1 11575608 63456 1.9 33 18 5 14 49% 29141 7923 2189 117%
c - 1147.80 39 30 87 672 270434 1 11601512 65804 1.9 33 18 5 14 49% 29141 7923 2189 117%
c - 1150.22 39 30 87 673 270447 1 11627434 67667 1.9 34 18 5 14 48% 29141 7923 2189 117%
c - 1152.64 39 30 87 674 270451 1 11653376 67654 1.9 34 18 5 14 49% 29141 7923 2189 117%
c
c   seconds    switched       rate            size/glue  tier1     binary        remaining
c           MB   reductions      conflicts          size   tier2      irredundant
c            level      restarts         redundant     glue    trail        variables
c
c - 1154.99 39 29 87 675 270464 1 11679338 67530 1.9 34 18 5 14 49% 29141 7923 2189 117%
c - 1157.46 39 30 87 676 270474 1 11705321 68012 1.9 34 18 5 14 49% 29141 7923 2189 117%
c ] 1158.06 39 30 88 676 270479 1 11711335 73696 1.9 34 18 5 14 49% 29141 7923 2189 117%
c { 1158.06 39 42 88 676 270479 4 11711335 73696 2.0 34 17 4 11 48% 29141 7923 2189 117%
c - 1159.88 39 38 88 677 270491 4 11731323 73554 2.0 33 16 4 11 48% 29141 7923 2189 117%
c - 1162.27 39 33 88 678 270491 3 11757342 81817 2.0 31 15 4 11 48% 29141 7923 2189 117%
c o 1163.06 39 32 88 678 270512 3 11765920 89611 2.0 30 15 4 11 48% 29141 7923 2189 117%
c u 1164.39 39 32 88 678 270521 3 11770671 90201 2.0 30 15 4 11 48% 29141 7923 2189 117%
c v 1165.63 39 32 88 678 270521 3 11770671 89015 2.0 30 15 4 11 48% 29141 7923 2189 117%
c w 1166.08 39 32 88 678 270521 3 11770671 84293 2.0 30 15 4 11 48% 29141 7923 2189 117%
c - 1167.05 39 30 88 679 270526 3 11783384 78495 2.0 29 14 4 11 48% 29141 7923 2189 117%
c - 1169.00 39 27 88 680 270538 2 11809441 85634 2.0 26 13 4 11 48% 29141 7923 2189 117%
c - 1171.03 39 25 88 681 270613 2 11835517 88824 1.9 25 13 4 11 48% 29141 7923 2189 117%
c - 1172.96 39 23 88 682 270752 2 11861612 88831 1.9 23 12 4 11 48% 29141 7923 2189 117%
c - 1174.91 39 21 88 683 270817 2 11887727 88724 1.9 22 12 4 11 48% 29141 7923 2189 117%
c - 1176.83 39 20 88 684 270881 2 11913861 88937 1.8 21 11 4 11 48% 29141 7923 2189 117%
c - 1178.80 39 19 88 685 271090 2 11940015 89010 1.8 20 11 4 11 48% 29141 7923 2189 117%
c - 1180.80 39 18 88 686 271432 2 11966188 89101 1.8 19 11 4 11 48% 29141 7923 2189 117%
c - 1182.85 39 18 88 687 271879 2 11992381 89348 1.8 19 11 4 11 48% 29141 7923 2189 117%
c - 1184.86 39 17 88 688 272292 2 12018591 89569 1.7 18 10 4 11 48% 29141 7923 2189 117%
c
c   seconds    switched       rate            size/glue  tier1     binary        remaining
c           MB   reductions      conflicts          size   tier2      irredundant
c            level      restarts         redundant     glue    trail        variables
c
c - 1186.95 39 17 88 689 272764 2 12044821 90510 1.7 18 10 4 11 48% 29141 7923 2189 117%
c - 1189.12 39 17 88 690 273665 2 12071069 90687 1.7 18 10 4 11 48% 29141 7923 2189 117%
c - 1191.21 39 17 88 691 274298 2 12097338 90435 1.7 17 10 4 11 48% 29141 7923 2189 117%
c } 1191.45 39 17 89 691 274445 2 12100272 93267 1.7 18 10 4 11 48% 29141 7923 2189 117%
c [ 1191.45 39 30 89 691 274445 1 12100272 93267 1.9 34 18 5 14 49% 29141 7923 2189 117%
c B 1191.45 39 30 89 691 274445 1 12100272 93267 1.9 34 18 5 14 49% 29141 7923 2189 117%
c - 1193.48 39 29 89 692 274458 1 12123624 82616 1.9 34 18 5 14 49% 29141 7923 2189 117%
c u 1195.00 39 29 89 692 274459 1 12131597 87801 1.9 34 17 5 14 50% 29141 7923 2189 117%
c v 1196.02 39 29 89 692 274459 1 12131597 87136 1.9 34 17 5 14 50% 29141 7923 2189 117%
c w 1196.40 39 29 89 692 274459 1 12131597 85642 1.9 34 17 5 14 50% 29141 7923 2189 117%
c - 1202.29 39 28 89 693 274470 1 12149929 70332 1.9 33 17 5 14 50% 29141 7923 2189 117%
c - 1204.74 39 27 89 694 274475 1 12176255 70000 1.9 32 17 5 14 50% 29141 7923 2189 117%
c - 1207.34 39 27 89 695 274488 1 12202598 69871 1.9 31 16 5 14 50% 29141 7923 2189 117%
c - 1210.00 39 26 89 696 274499 1 12228962 72359 1.9 30 16 5 14 50% 29141 7923 2189 117%
c - 1212.48 39 26 89 697 274506 1 12255343 72731 1.9 30 16 5 14 50% 29141 7923 2189 117%
c - 1215.13 39 25 89 698 274507 1 12281744 71896 1.9 29 15 5 14 50% 29141 7923 2189 117%
c - 1217.74 39 25 89 699 274514 1 12308164 72826 1.9 29 15 5 14 51% 29141 7923 2189 117%
c - 1220.35 39 24 89 700 274526 1 12334604 72990 1.9 29 15 5 14 51% 29141 7923 2189 117%
c - 1223.01 39 24 89 701 274537 1 12361061 74171 1.9 28 15 5 14 50% 29141 7923 2189 117%
c - 1225.57 39 24 89 702 274545 1 12387537 75043 1.9 28 15 5 14 50% 29141 7923 2189 117%
c
c   seconds    switched       rate            size/glue  tier1     binary        remaining
c           MB   reductions      conflicts          size   tier2      irredundant
c            level      restarts         redundant     glue    trail        variables
c
c - 1228.01 39 24 89 703 274556 1 12414034 75924 1.9 28 15 5 14 50% 29141 7923 2189 117%
c ] 1228.61 39 25 90 703 274560 1 12420303 81790 1.9 28 15 5 14 50% 29141 7923 2189 117%
c { 1228.61 39 17 90 703 274560 2 12420303 81790 1.7 18 10 4 11 48% 29141 7923 2189 117%
c o 1228.61 39 17 90 703 274567 2 12420349 81836 1.7 18 10 4 11 48% 29141 7923 2189 117%
c - 1230.33 39 17 90 704 275065 2 12440550 79973 1.7 17 10 4 11 48% 29141 7923 2189 117%
c - 1232.51 39 17 90 705 275734 2 12467083 86806 1.7 17 10 4 11 48% 29141 7923 2189 117%
c - 1234.72 39 17 90 706 276760 2 12493634 90536 1.7 17 10 4 11 48% 29141 7923 2189 117%
c u 1235.81 39 17 90 706 276898 2 12498490 89379 1.7 17 10 4 11 48% 29141 7923 2189 117%
c v 1236.70 39 17 90 706 276898 2 12498490 85621 1.7 17 10 4 11 48% 29141 7923 2189 117%
c w 1237.00 39 17 90 706 276898 2 12498490 84865 1.7 17 10 4 11 48% 29141 7923 2189 117%
c - 1238.77 39 17 90 707 277640 2 12520207 83723 1.7 17 10 4 11 48% 29141 7923 2189 117%
c - 1240.81 39 17 90 708 278400 2 12546798 85868 1.7 17 10 4 11 48% 29141 7923 2189 117%
c - 1242.90 39 17 90 709 279491 2 12573406 87126 1.7 17 10 4 11 48% 29141 7923 2189 117%
c - 1244.94 39 16 90 710 280075 2 12600034 87582 1.7 17 10 4 11 48% 29141 7923 2189 117%
c - 1247.01 39 17 90 711 281084 2 12626680 87995 1.7 16 10 4 11 48% 29141 7923 2189 117%
c - 1249.14 39 17 90 712 282257 2 12653348 88367 1.7 16 10 4 11 48% 29141 7923 2189 117%
c - 1251.16 39 17 90 713 283034 2 12680032 88823 1.7 16 10 4 11 48% 29141 7923 2189 117%
c - 1253.23 39 17 90 714 283853 2 12706734 89305 1.7 17 10 4 11 48% 29141 7923 2189 117%
c - 1255.43 39 17 90 715 284990 2 12733455 89383 1.7 16 10 4 11 48% 29141 7923 2189 117%
c - 1257.64 39 17 90 716 286278 2 12760196 89319 1.7 17 10 4 11 48% 29141 7923 2189 117%
c
c   seconds    switched       rate            size/glue  tier1     binary        remaining
c           MB   reductions      conflicts          size   tier2      irredundant
c            level      restarts         redundant     glue    trail        variables
c
c - 1259.67 39 17 90 717 286946 2 12786955 89566 1.7 16 10 4 11 48% 29141 7923 2189 117%
c - 1261.83 39 17 90 718 287907 2 12813731 89739 1.7 16 10 4 11 48% 29141 7923 2189 117%
c } 1262.75 39 17 91 718 288334 2 12825624 100219 1.7 16 10 4 11 48% 29141 7923 2189 117%
c [ 1262.75 39 25 91 718 288334 1 12825624 100219 1.9 28 15 5 14 50% 29141 7923 2189 117%
c W 1269.06 39 25 91 718 288334 1 12825624 100219 1.9 28 15 5 14 50% 29141 7923 2189 117%
c - 1270.16 39 24 91 719 288343 1 12840526 87176 1.8 28 15 5 14 50% 29141 7923 2189 117%
c - 1272.31 39 23 91 720 288355 1 12867340 84313 1.8 26 14 5 14 50% 29141 7923 2189 117%
c u 1273.53 39 23 91 720 288356 1 12871351 84557 1.8 26 14 5 14 50% 29141 7923 2189 117%
c v 1274.62 39 23 91 720 288356 1 12871351 80442 1.8 26 14 5 14 50% 29141 7923 2189 117%
c w 1275.00 39 23 91 720 288356 1 12871351 74378 1.8 26 14 5 14 50% 29141 7923 2189 117%
c - 1277.00 39 22 91 721 288364 1 12894172 73513 1.8 25 14 5 14 50% 29141 7923 2189 117%
c - 1279.42 39 21 91 722 288373 1 12921025 79996 1.8 24 13 5 14 49% 29141 7923 2189 117%
c - 1281.86 39 21 91 723 288385 1 12947895 83294 1.8 24 13 5 14 49% 29141 7923 2189 117%
c - 1284.17 39 21 91 724 288395 1 12974783 81316 1.8 24 13 5 14 48% 29141 7923 2189 117%
c - 1286.77 39 20 91 725 288396 1 13001692 81629 1.8 23 13 5 14 48% 29141 7923 2189 117%
c - 1289.46 39 20 91 726 288402 1 13028618 85675 1.8 23 13 5 14 47% 29141 7923 2189 117%
c - 1292.01 39 19 91 727 288412 1 13055563 87999 1.8 23 13 5 14 47% 29141 7923 2189 117%
c - 1294.82 39 19 91 728 288426 1 13082527 87859 1.9 23 12 5 14 47% 29141 7923 2189 117%
c - 1297.77 39 19 91 729 288431 1 13109510 89535 1.9 23 12 5 14 47% 29141 7923 2189 117%
c - 1300.21 39 19 91 730 288442 1 13136510 89466 1.9 23 12 5 14 48% 29141 7923 2189 117%
c
c   seconds    switched       rate            size/glue  tier1     binary        remaining
c           MB   reductions      conflicts          size   tier2      irredundant
c            level      restarts         redundant     glue    trail        variables
c
c - 1302.79 39 19 91 731 288457 1 13163528 87256 1.9 23 12 5 14 48% 29141 7923 2189 117%
c ] 1303.00 39 19 92 731 288457 1 13165853 89500 1.9 23 12 5 14 48% 29141 7923 2189 117%
c { 1303.00 39 17 92 731 288457 2 13165853 89500 1.7 16 10 4 11 48% 29141 7923 2189 117%
c o 1303.01 39 17 92 731 288459 2 13165900 89547 1.7 16 10 4 11 48% 29141 7923 2189 117%
c - 1305.17 39 17 92 732 289677 2 13190566 88735 1.7 16 10 4 11 48% 29141 7923 2189 117%
c - 1307.37 39 17 92 733 290581 2 13217621 90976 1.6 16 10 4 11 48% 29141 7923 2189 117%
c - 1309.51 39 17 92 734 291209 2 13244694 91799 1.7 16 10 4 11 48% 29141 7923 2189 117%
c u 1311.02 39 17 92 734 291520 2 13250182 92528 1.7 16 10 4 11 48% 29141 7923 2189 117%
c v 1312.28 39 17 92 734 291520 2 13250182 81085 1.7 16 10 4 11 48% 29141 7923 2189 117%
c w 1312.72 39 17 92 734 291520 2 13250182 79928 1.7 16 10 4 11 48% 29141 7923 2189 117%
c - 1314.40 39 17 92 735 292483 2 13271787 79464 1.7 16 10 4 11 48% 29141 7923 2189 117%
c - 1316.53 39 17 92 736 293744 2 13298897 86035 1.7 17 10 4 11 48% 29141 7923 2189 117%
c - 1318.59 39 17 92 737 294580 2 13326026 87859 1.7 16 10 4 11 48% 29141 7923 2189 117%
c - 1320.69 39 17 92 738 295573 2 13353173 88286 1.6 16 10 4 11 48% 29141 7923 2189 117%
c - 1322.83 39 17 92 739 296869 2 13380339 88717 1.6 16 10 4 11 48% 29141 7923 2189 117%
c - 1324.87 39 17 92 740 297766 2 13407524 89120 1.7 17 10 4 11 48% 29141 7923 2189 117%
c - 1327.02 39 17 92 741 298901 2 13434726 89202 1.7 17 10 4 11 48% 29141 7923 2189 117%
c - 1329.23 39 17 92 742 300228 2 13461948 89388 1.7 17 10 4 11 48% 29141 7923 2189 117%
c - 1331.30 39 17 92 743 301018 2 13489187 89913 1.7 17 10 4 11 48% 29141 7923 2189 117%
c - 1333.40 39 17 92 744 301860 2 13516446 90373 1.7 17 10 4 11 48% 29141 7923 2189 117%
c
c   seconds    switched       rate            size/glue  tier1     binary        remaining
c           MB   reductions      conflicts          size   tier2      irredundant
c            level      restarts         redundant     glue    trail        variables
c
c - 1335.46 39 17 92 745 302710 2 13543723 90061 1.7 17 10 4 11 48% 29141 7923 2189 117%
c - 1337.56 39 17 92 746 303566 2 13571017 89790 1.7 17 10 4 11 48% 29141 7923 2189 117%
c } 1338.85 39 17 93 746 304116 2 13587857 104861 1.7 17 10 4 11 48% 29141 7923 2189 117%
c [ 1338.85 39 19 93 746 304116 1 13587857 104861 1.9 23 12 5 14 48% 29141 7923 2189 117%
c O 1338.85 39 19 93 746 304116 1 13587857 104861 1.9 23 12 5 14 48% 29141 7923 2189 117%
c - 1339.61 39 19 93 747 304122 1 13598330 89644 1.9 23 12 5 14 49% 29141 7923 2189 117%
c - 1341.92 39 18 93 748 304134 1 13625663 89637 1.9 22 12 5 14 49% 29141 7923 2189 117%
c u 1343.57 39 18 93 748 304140 1 13635005 95915 1.9 23 12 5 14 49% 29141 7923 2189 117%
c v 1344.66 39 18 93 748 304140 1 13635005 77467 1.9 23 12 5 14 49% 29141 7923 2189 117%
c w 1345.05 39 18 93 748 304140 1 13635005 68843 1.9 23 12 5 14 49% 29141 7923 2189 117%
c - 1346.53 39 19 93 749 304145 1 13653015 63366 1.9 23 12 5 14 50% 29141 7923 2189 117%
c - 1349.05 39 20 93 750 304153 1 13680385 72083 1.9 24 13 5 14 50% 29141 7923 2189 117%
c - 1351.57 39 20 93 751 304166 1 13707771 78013 1.9 24 13 5 14 51% 29141 7923 2189 117%
c - 1354.29 39 20 93 752 304176 1 13735175 82610 1.9 24 12 5 14 51% 29141 7923 2189 117%
c - 1357.18 39 19 93 753 304178 1 13762597 84771 1.9 24 12 5 14 51% 29141 7923 2189 117%
c - 1359.85 39 19 93 754 304183 1 13790037 87877 1.9 23 12 5 14 51% 29141 7923 2189 117%
c - 1362.26 39 18 93 755 304194 1 13817499 91115 1.9 23 12 5 14 51% 29141 7923 2189 117%
c - 1364.86 39 19 93 756 304208 1 13844977 89747 2.0 23 12 5 14 51% 29141 7923 2189 117%
c - 1367.41 39 19 93 757 304214 1 13872472 87367 2.0 24 12 5 14 50% 29141 7923 2189 117%
c - 1370.19 39 19 93 758 304225 1 13899986 86844 2.0 24 12 5 14 50% 29141 7923 2189 117%
c
c   seconds    switched       rate            size/glue  tier1     binary        remaining
c           MB   reductions      conflicts          size   tier2      irredundant
c            level      restarts         redundant     glue    trail        variables
c
c - 1373.15 39 19 93 759 304239 1 13927517 87309 2.0 25 12 5 14 50% 29141 7923 2189 117%
c ] 1374.11 39 19 94 759 304240 1 13936732 95839 2.0 25 12 5 14 50% 29141 7923 2189 117%
c { 1374.11 39 17 94 759 304240 2 13936732 95839 1.7 17 10 4 11 48% 29141 7923 2189 117%
c o 1374.12 39 17 94 759 304247 2 13936796 95900 1.7 17 10 4 11 48% 29141 7923 2189 117%
c - 1375.64 39 17 94 760 304911 2 13955066 88477 1.7 17 10 4 11 48% 29141 7923 2189 117%
c - 1377.88 39 17 94 761 305664 2 13982634 91646 1.7 17 10 4 11 48% 29141 7923 2189 117%
c - 1380.01 39 17 94 762 306575 2 14010221 92179 1.7 16 10 4 11 48% 29141 7923 2189 117%
c u 1382.29 39 17 94 762 307157 2 14025847 100700 1.7 17 10 4 11 48% 29141 7923 2189 117%
c v 1383.57 39 17 94 762 307157 2 14025847 93742 1.7 17 10 4 11 48% 29141 7923 2189 117%
c w 1384.01 39 17 94 762 307157 2 14025847 92442 1.7 17 10 4 11 48% 29141 7923 2189 117%
c - 1384.93 39 17 94 763 307584 2 14037826 82138 1.7 17 10 4 11 48% 29141 7923 2189 117%
c - 1387.05 39 17 94 764 308948 2 14065450 85532 1.7 17 10 4 11 48% 29141 7923 2189 117%
c - 1389.14 39 17 94 765 309914 2 14093090 87331 1.7 17 10 4 11 48% 29141 7923 2189 117%
c - 1391.21 39 17 94 766 310871 2 14120748 88424 1.7 17 10 4 11 48% 29141 7923 2189 117%
c - 1393.35 39 17 94 767 311980 2 14148425 88471 1.7 17 10 4 11 48% 29141 7923 2189 117%
c - 1395.42 39 17 94 768 312757 2 14176119 88534 1.7 16 10 4 11 48% 29141 7923 2189 117%
c - 1397.50 39 17 94 769 313813 2 14203835 88670 1.7 16 10 4 11 48% 29141 7923 2189 117%
c - 1399.58 39 17 94 770 314749 2 14231567 89197 1.7 16 10 4 11 48% 29141 7923 2189 117%
c - 1401.76 39 17 94 771 316044 2 14259315 89255 1.6 16 10 4 11 48% 29141 7923 2189 117%
c - 1403.87 39 17 94 772 316938 2 14287083 89382 1.6 16 10 4 11 48% 29141 7923 2189 117%
c
c   seconds    switched       rate            size/glue  tier1     binary        remaining
c           MB   reductions      conflicts          size   tier2      irredundant
c            level      restarts         redundant     glue    trail        variables
c
c - 1405.99 39 17 94 773 317826 2 14314867 90035 1.7 16 10 4 11 48% 29141 7923 2189 117%
c - 1408.14 39 17 94 774 318793 2 14342670 90116 1.7 16 10 4 11 48% 29141 7923 2189 117%
c - 1410.35 39 17 94 775 320132 2 14370491 89687 1.6 16 10 4 11 48% 29141 7923 2189 117%
c } 1410.73 39 17 95 775 320227 2 14375720 94165 1.6 16 10 4 11 48% 29141 7923 2189 117%
c [ 1410.73 39 19 95 775 320227 1 14375720 94165 2.0 25 12 5 14 50% 29141 7923 2189 117%
c B 1410.73 39 19 95 775 320227 1 14375720 94165 2.0 25 12 5 14 50% 29141 7923 2189 117%
c - 1412.55 39 19 95 776 320240 1 14398330 89204 2.1 25 12 5 14 50% 29141 7923 2189 117%
c u 1415.54 39 18 95 776 320250 1 14422709 109002 2.1 24 12 5 14 50% 29141 7923 2189 117%
c v 1416.69 39 18 95 776 320250 1 14422709 93985 2.1 24 12 5 14 50% 29141 7923 2189 117%
c w 1417.09 39 18 95 776 320250 1 14422709 83972 2.1 24 12 5 14 50% 29141 7923 2189 117%
c o 1417.11 39 18 95 776 320250 1 14422709 83972 2.1 24 12 5 14 50% 29141 7923 2189 117%
c - 1417.39 39 19 95 777 320253 1 14426188 62901 2.0 24 12 5 14 50% 29141 7923 2189 117%
c - 1419.50 39 19 95 778 320257 1 14454062 70655 2.0 23 12 5 14 50% 29141 7923 2189 117%
c - 1421.83 39 20 95 779 320271 1 14481955 76869 1.9 24 13 5 14 50% 29141 7923 2189 117%
c - 1424.44 39 20 95 780 320285 1 14509865 78224 1.8 23 13 5 14 50% 29141 7923 2189 117%
c - 1427.08 39 20 95 781 320288 1 14537794 81580 1.8 23 13 5 14 50% 29141 7923 2189 117%
c - 1429.72 39 20 95 782 320289 1 14565740 82150 1.8 23 13 5 14 49% 29141 7923 2189 117%
c - 1432.47 39 21 95 783 320303 1 14593705 82682 1.8 23 13 5 14 49% 29141 7923 2189 117%
c - 1435.23 39 20 95 784 320314 1 14621689 86149 1.8 23 13 5 14 49% 29141 7923 2189 117%
c - 1437.96 39 20 95 785 320320 1 14649689 89213 1.8 23 13 5 14 49% 29141 7923 2189 117%
c
c   seconds    switched       rate            size/glue  tier1     binary        remaining
c           MB   reductions      conflicts          size   tier2      irredundant
c            level      restarts         redundant     glue    trail        variables
c
c - 1440.63 39 21 95 786 320334 1 14677706 85211 1.8 24 13 5 14 49% 29141 7923 2189 117%
c - 1443.20 39 21 95 787 320348 1 14705743 84791 1.8 23 13 5 14 49% 29141 7923 2189 117%
c - 1445.92 39 20 95 788 320351 1 14733796 89055 1.8 23 12 5 14 49% 29141 7923 2189 117%
c ] 1446.06 39 20 96 788 320351 1 14735145 90204 1.8 23 12 5 14 49% 29141 7923 2189 117%
c { 1446.06 39 17 96 788 320351 2 14735145 90204 1.6 16 10 4 11 48% 29141 7923 2189 117%
c - 1448.26 39 17 96 789 321193 2 14761871 91928 1.7 16 10 4 11 48% 29141 7923 2189 117%
c - 1450.45 39 17 96 790 322146 2 14789961 92767 1.7 16 10 4 11 48% 29141 7923 2189 117%
c - 1452.65 39 17 96 791 323229 2 14818067 93052 1.7 16 10 4 11 48% 29141 7923 2189 117%
c u 1454.32 39 17 96 791 323619 2 14825617 94719 1.7 16 10 4 11 48% 29141 7923 2189 117%
c v 1455.63 39 17 96 791 323619 2 14825617 85852 1.7 16 10 4 11 48% 29141 7923 2189 117%
c w 1456.08 39 17 96 791 323619 2 14825617 84849 1.7 16 10 4 11 48% 29141 7923 2189 117%
c - 1457.59 39 17 96 792 324153 2 14846191 83230 1.7 16 10 4 11 48% 29141 7923 2189 117%
c - 1459.70 39 17 96 793 325580 2 14874333 86308 1.7 16 10 4 11 48% 29141 7923 2189 117%
c - 1461.78 39 17 96 794 326629 2 14902495 88143 1.7 17 10 4 11 48% 29141 7923 2189 117%
c o 1462.53 39 17 96 794 326930 2 14912769 97281 1.7 17 10 4 11 48% 29141 7923 2189 117%
c - 1463.88 39 17 96 795 327666 2 14930675 88828 1.7 17 10 4 11 48% 29141 7923 2189 117%
c - 1465.94 39 17 96 796 328433 2 14958871 88975 1.7 16 10 4 11 48% 29141 7923 2189 117%
c - 1468.01 39 17 96 797 329233 2 14987084 89522 1.7 16 10 4 11 48% 29141 7923 2189 117%
c - 1470.15 39 17 96 798 330370 2 15015315 89894 1.7 16 10 4 11 48% 29141 7923 2189 117%
c - 1472.34 39 17 96 799 331631 2 15043564 89971 1.7 16 10 4 11 48% 29141 7923 2189 117%
c
c   seconds    switched       rate            size/glue  tier1     binary        remaining
c           MB   reductions      conflicts          size   tier2      irredundant
c            level      restarts         redundant     glue    trail        variables
c
c - 1474.59 39 17 96 800 333175 2 15071831 90192 1.7 16 10 4 11 48% 29141 7923 2189 117%
c - 1476.78 39 17 96 801 334367 2 15100117 90170 1.7 17 10 4 11 48% 29141 7923 2189 117%
c - 1478.93 39 17 96 802 335433 2 15128419 90394 1.7 17 10 4 11 48% 29141 7923 2189 117%
c - 1481.09 39 17 96 803 336462 2 15156740 91082 1.7 17 10 4 11 48% 29141 7923 2189 117%
c - 1483.35 39 17 96 804 337796 2 15185077 91565 1.7 17 10 4 11 48% 29141 7923 2189 117%
c } 1483.81 39 17 97 804 337905 2 15191409 97174 1.7 17 10 4 11 48% 29141 7923 2189 117%
c [ 1483.81 39 20 97 804 337905 1 15191409 97174 1.8 23 12 5 14 49% 29141 7923 2189 117%
c W 1491.04 39 20 97 804 337905 1 15191409 97174 1.8 23 12 5 14 49% 29141 7923 2189 117%
c - 1492.61 39 20 97 805 337918 1 15213432 87999 1.8 23 13 5 14 49% 29141 7923 2189 117%
c u 1495.24 39 20 97 805 337926 1 15234572 104989 1.8 23 13 5 14 49% 29141 7923 2189 117%
c v 1496.37 39 20 97 805 337926 1 15234572 103927 1.8 23 13 5 14 49% 29141 7923 2189 117%
c w 1496.77 39 20 97 805 337926 1 15234572 98002 1.8 23 13 5 14 49% 29141 7923 2189 117%
c - 1497.43 39 20 97 806 337931 1 15241804 75386 1.8 24 13 5 14 49% 29141 7923 2189 117%
c - 1499.87 39 20 97 807 337935 1 15270194 77022 1.8 24 13 5 14 49% 29141 7923 2189 117%
c - 1502.18 39 20 97 808 337950 1 15298601 81410 1.9 24 13 5 14 49% 29141 7923 2189 117%
c - 1504.74 39 20 97 809 337964 1 15327026 84602 2.0 25 13 5 14 49% 29141 7923 2189 117%
c - 1507.46 39 20 97 810 337967 1 15355469 85143 2.1 26 13 5 14 49% 29141 7923 2189 117%
c - 1510.20 39 20 97 811 337967 1 15383929 85718 2.1 26 12 5 14 50% 29141 7923 2189 117%
c - 1513.19 39 20 97 812 337981 1 15412407 86417 2.1 26 12 5 14 50% 29141 7923 2189 117%
c - 1515.79 39 20 97 813 337995 1 15440903 85881 2.1 26 13 5 14 49% 29141 7923 2189 117%
c
c   seconds    switched       rate            size/glue  tier1     binary        remaining
c           MB   reductions      conflicts          size   tier2      irredundant
c            level      restarts         redundant     glue    trail        variables
c
c - 1518.50 39 20 97 814 337998 1 15469416 86305 2.1 26 12 5 14 49% 29141 7923 2189 117%
c - 1521.09 39 19 97 815 338013 1 15497946 89556 2.1 26 12 5 14 49% 29141 7923 2189 117%
c - 1523.68 39 19 97 816 338027 1 15526495 88797 2.1 26 12 5 14 49% 29141 7923 2189 117%
c - 1526.48 39 19 97 817 338030 1 15555060 89623 2.2 27 12 5 14 49% 29141 7923 2189 117%
c ] 1527.74 39 19 98 817 338030 1 15568208 102389 2.2 27 12 5 14 49% 29141 7923 2189 117%
c { 1527.74 39 17 98 817 338030 2 15568208 102389 1.7 17 10 4 11 48% 29141 7923 2189 117%
c o 1527.75 39 17 98 817 338039 2 15568255 102435 1.7 17 10 4 11 48% 29141 7923 2189 117%
c - 1528.96 39 16 98 818 338048 2 15583644 91836 1.7 16 10 4 11 48% 29141 7923 2189 117%
c - 1531.18 39 15 98 819 338100 2 15612245 87800 1.6 15 9 4 11 48% 29141 7923 2189 117%
c - 1533.19 39 14 98 820 338203 2 15640863 87308 1.6 15 9 4 11 48% 29141 7923 2189 117%
c u 1534.87 39 13 98 820 338304 2 15649597 89664 1.6 15 9 4 11 48% 29141 7923 2189 117%
c v 1536.14 39 13 98 820 338304 2 15649597 72914 1.6 15 9 4 11 48% 29141 7923 2189 117%
c w 1536.37 39 13 98 820 338304 2 15649597 72487 1.6 15 9 4 11 48% 29141 7923 2189 117%
c - 1537.76 39 13 98 821 338389 2 15669498 76308 1.6 15 9 4 11 48% 29141 7923 2189 117%
c - 1539.79 39 12 98 822 338604 1 15698151 81744 1.6 14 9 4 11 48% 29141 7923 2189 117%
c - 1541.81 39 12 98 823 338942 1 15726822 83213 1.6 14 9 4 11 48% 29141 7923 2189 117%
c - 1543.83 39 11 98 824 339421 1 15755510 84116 1.6 14 8 4 11 48% 29141 7923 2189 117%
c - 1545.96 39 11 98 825 340147 1 15784215 86071 1.6 14 8 4 11 48% 29141 7923 2189 117%
c - 1548.09 39 11 98 826 340825 1 15812937 87095 1.6 14 8 4 11 48% 29141 7923 2189 117%
c - 1550.20 39 11 98 827 341364 1 15841677 86136 1.6 13 8 4 11 48% 29141 7923 2189 117%
c
c   seconds    switched       rate            size/glue tier1     binary        remaining
c           MB   reductions      conflicts          size  tier2      irredundant
c            level      restarts         redundant    glue    trail        variables
c
c - 1552.31 39 10 98 828 342110 1 15870434 85875 1.6 13 8 4 11 48% 29141 7923 2189 117%
c - 1554.50 39 10 98 829 343116 1 15899209 87164 1.6 13 8 4 11 48% 29141 7923 2189 117%
c - 1556.62 39 10 98 830 343879 1 15928002 87325 1.6 13 8 4 11 48% 29141 7923 2189 117%
c - 1558.79 39 10 98 831 344766 1 15956811 87497 1.6 13 8 4 11 48% 29141 7923 2189 117%
c - 1560.96 39 10 98 832 345575 1 15985638 88190 1.6 13 8 4 11 48% 29141 7923 2189 117%
c - 1563.15 39 10 98 833 346387 1 16014482 88403 1.6 13 8 4 11 48% 29141 7923 2189 117%
c } 1565.20 39 10 99 833 347174 1 16042042 110563 1.6 13 8 4 11 48% 29141 7923 2189 117%
c [ 1565.20 39 19 99 833 347174 1 16042042 110563 2.2 27 12 5 14 49% 29141 7923 2189 117%
c I 1565.20 39 19 99 833 347174 1 16042042 110563 2.2 27 12 5 14 49% 29141 7923 2189 117%
c - 1565.31 39 20 99 834 347175 1 16043344 88413 2.2 27 12 5 14 49% 29141 7923 2189 117%
c u 1568.24 39 20 99 834 347188 1 16070694 110122 2.2 27 12 5 14 48% 29141 7923 2189 117%
c v 1569.42 39 20 99 834 347188 1 16070694 106417 2.2 27 12 5 14 48% 29141 7923 2189 117%
c w 1569.86 39 20 99 834 347188 1 16070694 98104 2.2 27 12 5 14 48% 29141 7923 2189 117%
c - 1570.01 39 20 99 835 347188 1 16072223 75385 2.2 27 12 5 14 48% 29141 7923 2189 117%
c - 1572.22 39 20 99 836 347203 1 16101121 73770 2.1 26 12 5 14 48% 29141 7923 2189 117%
c - 1574.69 39 20 99 837 347209 1 16130034 80496 2.0 26 12 5 14 48% 29141 7923 2189 117%
c - 1577.69 39 20 99 838 347222 1 16158964 84259 2.0 25 12 5 14 48% 29141 7923 2189 117%
c - 1580.08 39 20 99 839 347234 1 16187912 84696 2.0 25 13 5 14 48% 29141 7923 2189 117%
c - 1582.41 39 20 99 840 347236 1 16216877 84592 2.0 24 12 5 14 48% 29141 7923 2189 117%
c - 1584.97 39 20 99 841 347242 1 16245860 89296 2.0 24 12 5 14 49% 29141 7923 2189 117%
c
c   seconds    switched       rate            size/glue  tier1     binary        remaining
c           MB   reductions      conflicts          size   tier2      irredundant
c            level      restarts         redundant     glue    trail        variables
c
c - 1587.44 39 20 99 842 347254 1 16274862 88363 2.0 24 12 5 14 49% 29141 7923 2189 117%
c - 1590.24 39 20 99 843 347266 1 16303882 86424 2.0 24 12 5 14 49% 29141 7923 2189 117%
c - 1593.18 39 20 99 844 347274 1 16332918 87614 1.9 24 12 5 14 49% 29141 7923 2189 117%
c - 1595.88 39 20 99 845 347289 1 16361971 87416 1.9 23 12 5 14 49% 29141 7923 2189 117%
c - 1598.58 39 20 99 846 347298 1 16391039 87496 1.9 23 12 5 14 49% 29141 7923 2189 117%
c - 1601.24 39 20 99 847 347299 1 16420125 86889 1.9 24 13 5 14 49% 29141 7923 2189 117%
c ] 1603.33 39 20 100 847 347300 1 16441081 106412 1.9 24 13 5 14 49% 29141 7923 2189 117%
c { 1603.33 39 10 100 847 347300 1 16441081 106412 1.6 13 8 4 11 48% 29141 7923 2189 117%
c o 1603.33 39 10 100 847 347310 1 16441150 106477 1.6 13 8 4 11 48% 29141 7923 2189 117%
c - 1604.25 39 11 100 848 348714 2 16449230 87148 1.5 13 9 4 11 48% 29141 7923 2189 117%
c - 1607.04 39 14 100 849 352555 2 16478351 91143 1.5 14 9 4 11 48% 29141 7923 2189 117%
c u 1609.86 39 15 100 849 354369 2 16497888 103984 1.5 15 9 4 11 48% 29141 7923 2189 117%
c v 1611.29 39 15 100 849 354369 2 16497888 101982 1.5 15 9 4 11 48% 29141 7923 2189 117%
c w 1611.81 39 15 100 849 354369 2 16497888 99968 1.5 15 9 4 11 48% 29141 7923 2189 117%
c - 1612.60 39 15 100 850 354907 2 16507490 86868 1.5 15 10 4 11 48% 29141 7923 2189 117%
c - 1614.87 39 16 100 851 356776 2 16536644 88697 1.6 15 10 4 11 48% 29141 7923 2189 117%
c - 1617.12 39 16 100 852 358315 2 16565815 89643 1.6 16 10 4 11 48% 29141 7923 2189 117%
c - 1619.31 39 17 100 853 359587 2 16595004 90526 1.6 16 10 4 11 48% 29141 7923 2189 117%
c - 1621.51 39 17 100 854 360922 2 16624210 90769 1.6 16 10 4 11 48% 29141 7923 2189 117%
c - 1623.74 39 17 100 855 362165 2 16653434 90592 1.6 16 10 4 11 48% 29141 7923 2189 117%
c
c   seconds    switched        rate            size/glue  tier1     binary        remaining
c           MB    reductions      conflicts          size   tier2      irredundant
c            level       restarts         redundant     glue    trail        variables
c
c - 1625.88 39 17 100 856 363246 2 16682674 90959 1.6 16 10 4 11 48% 29141 7923 2189 117%
c - 1628.11 39 17 100 857 364670 2 16711931 91319 1.6 16 10 4 11 48% 29141 7923 2189 117%
c - 1630.21 39 17 100 858 365485 2 16741207 91225 1.6 16 10 4 11 48% 29141 7923 2189 117%
c - 1632.42 39 17 100 859 366615 2 16770499 91122 1.6 16 10 4 11 48% 29141 7923 2189 117%
c - 1634.63 39 17 100 860 367707 2 16799808 91371 1.6 16 10 4 11 48% 29141 7923 2189 117%
c - 1636.83 39 17 100 861 368881 2 16829133 92085 1.7 16 10 4 11 48% 29141 7923 2189 117%
c - 1639.05 39 17 100 862 370064 2 16858476 92705 1.7 17 10 4 11 48% 29141 7923 2189 117%
c - 1641.27 39 17 100 863 371256 2 16887837 92806 1.7 17 10 4 11 48% 29141 7923 2189 117%
c - 1643.51 39 17 100 864 372361 2 16917214 93004 1.7 17 10 4 11 48% 29141 7923 2189 117%
c u 1645.45 39 17 100 864 372712 2 16931179 102060 1.7 17 10 4 11 48% 29141 7923 2189 117%
c v 1646.61 39 17 100 864 372712 2 16931179 93064 1.7 17 10 4 11 48% 29141 7923 2189 117%
c w 1647.01 39 17 100 864 372712 2 16931179 91842 1.7 17 10 4 11 48% 29141 7923 2189 117%
c } 1647.13 39 17 101 864 372712 2 16932780 93300 1.7 17 10 4 11 48% 29141 7923 2189 117%
c [ 1647.13 39 20 101 864 372712 1 16932780 93300 1.9 24 13 5 14 49% 29141 7923 2189 117%
c B 1647.13 39 20 101 864 372712 1 16932780 93300 1.9 24 13 5 14 49% 29141 7923 2189 117%
c - 1648.04 39 19 101 865 372720 1 16946609 82534 1.9 23 12 5 14 49% 29141 7923 2189 117%
c - 1650.18 39 19 101 866 372733 1 16976021 84870 1.9 23 12 5 14 49% 29141 7923 2189 117%
c - 1652.69 39 19 101 867 372742 1 17005449 86415 1.9 23 12 5 14 49% 29141 7923 2189 117%
c - 1655.17 39 19 101 868 372755 1 17034893 88680 1.9 22 12 5 14 49% 29141 7923 2189 117%
c - 1657.54 39 19 101 869 372768 1 17064354 90769 2.0 23 12 5 14 50% 29141 7923 2189 117%
c
c   seconds    switched        rate            size/glue  tier1     binary        remaining
c           MB    reductions      conflicts          size   tier2      irredundant
c            level       restarts         redundant     glue    trail        variables
c
c - 1660.00 39 20 101 870 372773 1 17093833 89626 2.1 25 12 5 14 50% 29141 7923 2189 117%
c - 1662.65 39 21 101 871 372774 1 17123328 87399 2.1 25 12 5 14 49% 29141 7923 2189 117%
c o 1664.98 39 21 101 871 372787 1 17147969 111015 2.0 25 12 5 14 50% 29141 7923 2189 117%
c - 1665.36 39 23 101 872 372788 1 17152841 84771 2.0 26 13 5 14 50% 29141 7923 2189 117%
c - 1667.80 39 23 101 873 372802 1 17182372 82350 1.9 25 13 5 14 49% 29141 7923 2189 117%
c - 1670.40 39 22 101 874 372806 1 17211918 83354 1.9 25 13 5 14 50% 29141 7923 2189 117%
c - 1673.25 39 21 101 875 372820 1 17241481 88074 1.9 24 13 5 14 50% 29141 7923 2189 117%
c - 1675.75 39 21 101 876 372835 1 17271061 87103 1.9 24 13 5 14 50% 29141 7923 2189 117%
c - 1678.52 39 21 101 877 372837 1 17300658 85185 1.9 24 13 5 14 50% 29141 7923 2189 117%
c - 1681.38 39 21 101 878 372838 1 17330272 89229 1.9 24 13 5 14 50% 29141 7923 2189 117%
c W 1691.41 39 20 101 878 372838 1 17346824 104960 1.9 24 13 5 14 50% 29141 7923 2189 117%
c - 1692.48 39 23 101 879 372838 1 17359903 86449 1.8 25 14 5 14 50% 29141 7923 2189 117%
c ] 1692.60 39 24 102 879 372838 1 17361588 88103 1.8 25 14 5 14 50% 29141 7923 2189 117%
c { 1692.60 39 17 102 879 372838 2 17361588 88103 1.7 17 10 4 11 48% 29141 7923 2189 117%
c u 1695.03 39 20 102 879 374402 3 17370592 93884 1.7 18 11 4 11 48% 29141 7923 2189 117%
c v 1696.49 39 20 102 879 374402 3 17370592 92189 1.7 18 11 4 11 48% 29141 7923 2189 117%
c w 1697.01 39 20 102 879 374402 3 17370592 88537 1.7 18 11 4 11 48% 29141 7923 2189 117%
c - 1705.94 39 25 102 880 377700 4 17389550 71291 1.7 21 12 4 11 48% 29141 7923 2189 117%
c - 1710.96 39 32 102 881 382841 5 17419214 66047 1.8 24 14 4 11 48% 29141 7923 2189 117%
c - 1716.06 39 36 102 882 387332 6 17448898 65760 1.8 27 15 4 11 48% 29141 7923 2189 117%
c
c   seconds    switched        rate            size/glue  tier1     binary        remaining
c           MB    reductions      conflicts          size   tier2      irredundant
c            level       restarts         redundant     glue    trail        variables
c
c - 1720.84 39 40 102 883 391129 6 17478597 67026 1.8 29 16 4 11 48% 29141 7923 2189 117%
c - 1725.05 39 41 102 884 393807 6 17508313 68545 1.9 30 16 4 11 48% 29141 7923 2189 117%
c - 1728.94 39 42 102 885 395860 6 17538045 70068 1.9 31 16 4 11 48% 29141 7923 2189 117%
c - 1732.70 39 42 102 886 397647 5 17567793 71418 1.9 32 17 4 11 48% 29141 7923 2189 117%
c - 1736.62 39 43 102 887 399536 5 17597558 72347 2.0 33 17 4 11 48% 29141 7923 2189 117%
c - 1740.29 39 43 102 888 401016 5 17627341 72705 2.0 33 17 4 11 48% 29141 7923 2189 117%
c - 1744.16 39 43 102 889 402842 5 17657140 72883 2.0 34 17 4 11 48% 29141 7923 2189 117%
c o 1746.66 39 43 102 889 403918 5 17677996 93259 2.0 34 17 4 11 48% 29141 7923 2189 117%
c - 1748.11 39 43 102 890 404810 5 17686956 72245 2.0 34 17 4 11 48% 29141 7923 2189 117%
c - 1751.77 39 43 102 891 406208 4 17716788 72596 2.0 34 17 4 11 48% 29141 7923 2189 117%
c - 1755.70 39 43 102 892 407891 4 17746637 72985 2.0 34 17 4 11 48% 29141 7923 2189 117%
c - 1759.76 39 44 102 893 409794 4 17776503 72279 2.0 35 17 4 11 48% 29141 7923 2189 117%
c - 1763.57 39 44 102 894 411244 4 17806387 72429 2.0 35 17 4 11 48% 29141 7923 2189 117%
c u 1766.01 39 44 102 894 411774 4 17816128 79400 2.0 35 17 4 11 48% 29141 7923 2189 117%
c v 1767.45 39 44 102 894 411774 4 17816128 78018 2.0 35 17 4 11 48% 29141 7923 2189 117%
c w 1768.01 39 44 102 894 411774 4 17816128 77653 2.0 35 17 4 11 48% 29141 7923 2189 117%
c - 1770.68 39 44 102 895 412782 4 17836286 68998 2.0 35 18 4 11 48% 29141 7923 2189 117%
c - 1774.32 39 44 102 896 414177 4 17866204 69577 2.0 35 18 4 11 48% 29141 7923 2189 117%
c } 1774.96 39 44 103 896 414535 4 17871440 74706 2.0 35 18 4 11 48% 29141 7923 2189 117%
c [ 1774.96 39 24 103 896 414535 1 17871440 74706 1.8 25 14 5 14 50% 29141 7923 2189 117%
c
c   seconds    switched        rate            size/glue  tier1     binary        remaining
c           MB    reductions      conflicts          size   tier2      irredundant
c            level       restarts         redundant     glue    trail        variables
c
c O 1774.96 39 24 103 896 414535 1 17871440 74706 1.8 25 14 5 14 50% 29141 7923 2189 117%
c - 1777.01 39 22 103 897 414549 1 17896138 78105 1.8 24 13 5 14 50% 29141 7923 2189 117%
c - 1779.63 39 21 103 898 414563 1 17926087 88629 1.8 23 13 5 14 49% 29141 7923 2189 117%
c - 1782.18 39 20 103 899 414568 1 17956053 91096 1.9 23 12 5 14 49% 29141 7923 2189 117%
c - 1784.85 39 20 103 900 414580 1 17986036 88945 1.9 24 13 5 14 50% 29141 7923 2189 117%
c - 1787.65 39 20 103 901 414595 1 18016039 88066 1.9 24 13 5 14 50% 29141 7923 2189 117%
c - 1790.50 39 20 103 902 414597 1 18046055 87682 1.8 23 13 5 14 49% 29141 7923 2189 117%
c - 1793.23 39 19 103 903 414603 1 18076090 90402 1.8 23 12 5 14 49% 29141 7923 2189 117%
c - 1796.17 39 19 103 904 414616 1 18106139 94441 1.9 23 12 5 14 49% 29141 7923 2189 117%
c - 1798.96 39 20 103 905 414628 1 18136205 92383 1.9 23 12 5 14 49% 29141 7923 2189 117%
c caught signal 15 (SIGTERM)
c
c ---- [ profiling ] ---------------------------------------------------------
c
c        1599.87   88.89 %  search
c         826.43   45.92 %  focused
c         773.45   42.97 %  stable
c         199.84   11.10 %  simplify
c         150.47    8.36 %  probe
c         125.31    6.96 %  vivify
c          49.29    2.74 %  walking
c          22.32    1.24 %  sweep
c          15.07    0.84 %  reduce
c           1.43    0.08 %  substitute
c           0.99    0.05 %  transitive
c           0.20    0.01 %  factor
c           0.18    0.01 %  eliminate
c           0.17    0.01 %  backbone
c           0.11    0.01 %  preprocess
c           0.06    0.00 %  congruence
c           0.02    0.00 %  subsume
c           0.01    0.00 %  fastel
c           0.01    0.00 %  parse
c           0.00    0.00 %  lucky
c =============================================
c        1799.84  100.00 %  total
c
c ---- [ statistics ] --------------------------------------------------------
c
c chronological:                           25                0 %  conflicts
c conflicts:                         18146046            10082.06 per second
c decisions:                         36244100                2.00 per conflict
c eliminated:                            5011              269 %  variables
c factored:                              5345              286 %  variables
c fast_eliminated:                       1795               36 %  eliminated
c propagations:                    5443906348          3024668    per second
c reductions:                             905            20051    interval
c reordered:                               54           336038    interval
c rephased:                                66           274940    interval
c restarts:                            414628               44    interval
c strengthened:                          2160                1 %  checks
c switched:                               103           176175    interval
c vivified:                            925052               54 %  checks
c walks:                                   22           824820    interval
c
c ---- [ proof ] -------------------------------------------------------------
c
c proof_added:                       18540410               50 %  per line
c proof_bytes:                     1653604352             1577 MB 
c proof_deleted:                     18464000               50 %  per line
c
c ---- [ glue usage ] --------------------------------------------------------
c
c focused glue 4   used 1468179 clauses  5.85% accumulated 52.86% tier1
c focused glue 5   used 1043855 clauses  4.16% accumulated 57.02%
c focused glue 6-9 used 6319381 clauses 25.17% accumulated 82.19%
c focused glue 10  used 1378369 clauses  5.49% accumulated 87.68%
c focused glue 11  used  949319 clauses  3.78% accumulated 91.46% tier2
c
c stable glue 5    used 2425669 clauses  6.75% accumulated 55.03% tier1
c stable glue 6    used 1974465 clauses  5.50% accumulated 60.53%
c stable glue 7-12 used 9018283 clauses 25.11% accumulated 85.64%
c stable glue 13   used 1025532 clauses  2.86% accumulated 88.50%
c stable glue 14   used  853848 clauses  2.38% accumulated 90.87% tier2
c
c ---- [ resources ] ---------------------------------------------------------
c
c maximum-resident-set-size:         44670976 bytes         43 MB
c process-time:                            30m            1799.84 seconds
c raising signal 15 (SIGTERM)
