c ---- [ banner ] ------------------------------------------------------------
c
c Kissat SAT Solver
c 
c Copyright (c) 2021-2024 Armin Biere University of Freiburg
c Copyright (c) 2019-2021 Armin Biere Johannes Kepler University Linz
c 
c Version 4.0.0 unknown
c gcc (Ubuntu 13.3.0-6ubuntu2~24.04.1) 13.3.0 -W -Wall -O3 -DNDEBUG
c Mon Aug 3 21:56:23 UTC 2026 Linux runnervmvrwv9 6.17.0-1020-azure x86_64
c
c ---- [ proving ] -----------------------------------------------------------
c
c opened and writing proof to DRAT file:
c
c   borsuk_11_k6_q00r00_sixth_base_colorability_screen/work/results/q00r00-s017/q00r00-s017.drat
c
c ---- [ parsing ] -----------------------------------------------------------
c
c opened and reading DIMACS file:
c
c   borsuk_11_k6_q00r00_sixth_base_colorability_screen/work/input/instances/cases/q00r00-s017/q00r00-s017_12color.cnf
c
c parsed 'p cnf 1958 69040' header
c closing input after reading 898914 bytes (878 KB)
c finished parsing after 0.01 seconds
c
c ---- [ solving ] -----------------------------------------------------------
c
c  seconds switched rate     size/glue tier1  binary       remaining
c         MB reductions conflicts size  tier2    irredundant
c          level restarts redundant glue  trail       variables
c
c *  0.01  5 0 0 0  0 0   0   0 0.0 0 0 0 0 0% 68743 286 1947 99%
c (  0.01  5 0 0 0  0 0   0   0 0.0 0 0 0 0 0% 68743 286 1947 99%
c .  0.01  5 0 0 0  0 0   0   0 0.0 0 0 0 0 0% 68743 286 1947 99%
c f  0.11  7 0 0 0  0 0   0   0 0.0 0 0 0 0 0% 29978 286 5998 306%
c e  0.12  7 0 0 0  0 0   0   0 0.0 0 0 0 0 0% 31037 1131 4130 211%
c )  0.12  7 0 0 0  0 0   0   0 0.0 0 0 0 0 0% 31037 1131 4130 211%
c {  0.12  7 0 0 0  0 0   0   0 0.0 0 0 2 6 0% 31037 1131 4130 211%
c -  0.15  7 22 0 1 39 3 1000 750 2.3 23 10 9 12 36% 31037 1131 4130 211%
c }  0.15  7 22 1 1 39 3 1000 750 2.3 23 10 9 12 36% 31037 1131 4130 211%
c [  0.15  7 0 1 1 39 0 1000 750 0.0 0 0 2 6 0% 31037 1131 4130 211%
c B  0.15  7 26 1 1 39 5 1001 751 1.1 9 8 2 6 32% 31037 1131 4130 211%
c ]  0.18  7 32 2 1 39 1 1958 1686 1.7 17 10 2 6 35% 31037 1131 4130 211%
c {  0.18  7 22 2 1 39 3 1958 1686 2.3 23 10 9 12 36% 31037 1131 4130 211%
c -  0.18  7 21 2 2 59 3 2000 1318 2.2 22 10 9 12 36% 31037 1131 4130 211%
c u  0.21  7 18 2 2 59 2 2610 1860 2.0 20 10 9 12 37% 31037 1131 4130 211%
c v  0.21  7 18 2 2 59 2 2610 1830 2.0 20 10 9 12 37% 31037 1131 4130 211%
c w  0.21  7 18 2 2 59 2 2610 1826 2.0 20 10 9 12 37% 31037 1131 4130 211%
c f  0.24  8 18 2 2 59 2 2610 1826 2.0 20 10 9 12 37% 28610 1131 5759 294%
c u  0.25  8 18 2 2 59 2 2610 1800 2.0 20 10 9 12 37% 28610 1131 5759 294%
c v  0.25  8 18 2 2 59 2 2610 1790 2.0 20 10 9 12 37% 28610 1131 5759 294%
c
c  seconds  switched rate       size/glue  tier1     binary        remaining
c         MB reductions conflicts     size   tier2      irredundant
c          level restarts  redundant     glue    trail        variables
c
c w  0.26  8 18 2 2 59 2 2610 1790 2.0 20 10 9 12 37% 28610 1131 5759 294%
c }  0.30  8 17 3 2 60 2 2959 2114 1.9 19 10 9 12 35% 28610 1131 5759 294%
c [  0.30  8 32 3 2 60 1 2959 2114 1.7 17 10 2 6 35% 28610 1131 5759 294%
c W  0.30  8 32 3 2 60 1 2959 2114 1.7 17 10 2 6 35% 28610 1131 5759 294%
c -  0.32  8 36 3 3 60 1 3414 2392 1.7 20 12 10 17 35% 28610 1131 5759 294%
c ]  0.33  8 37 4 3 60 1 3862 2829 1.6 21 13 11 19 34% 28610 1131 5759 294%
c {  0.33  8 17 4 3 60 2 3862 2829 1.9 19 10 9 12 35% 28610 1131 5759 294%
c -  0.38  8 19 4 4 161 3 5147 3752 1.8 18 10 9 12 33% 28610 1131 5759 294%
c }  0.41  8 19 5 4 248 3 6214 4720 1.7 17 10 9 12 32% 28610 1131 5759 294%
c [  0.41  8 37 5 4 248 1 6214 4720 1.6 21 13 11 19 34% 28610 1131 5759 294%
c I  0.41  8 37 5 4 248 1 6214 4720 1.6 21 13 11 19 34% 28610 1131 5759 294%
c -  0.45  8 51 5 5 248 1 7148 5000 1.8 27 15 11 23 32% 28610 1131 5759 294%
c u  0.50 10 46 5 5 249 1 8072 5898 1.8 27 15 11 23 32% 28610 1131 5759 294%
c v  0.50 10 46 5 5 249 1 8072 5892 1.8 27 15 11 23 32% 28610 1131 5759 294%
c w  0.51 10 46 5 5 249 1 8072 5890 1.8 27 15 11 23 32% 28610 1131 5759 294%
c ]  0.53 10 44 6 5 250 1 8452 6236 1.8 27 15 11 23 32% 28610 1131 5759 294%
c {  0.53 10 19 6 5 250 3 8452 6236 1.7 17 10 9 12 32% 28610 1131 5759 294%
c -  0.57 10 24 6 6 376 4 9384 6333 1.7 17 10 9 12 31% 28610 1131 5759 294%
c o  0.60  9 27 6 6 445 5 10036 6975 1.7 18 10 9 12 31% 28610 1131 5759 294%
c -  0.68 10 33 6 7 691 6 11835 7883 1.8 18 10 9 12 31% 28610 1131 5759 294%
c
c  seconds  switched  rate        size/glue  tier1     binary        remaining
c         MB reductions conflicts       size   tier2      irredundant
c          level restarts    redundant     glue    trail        variables
c
c }  0.70 10 33 7 7 736 6 12523 8524 1.7 18 10 9 12 31% 28610 1131 5759 294%
c [  0.70 10 44 7 7 736 1 12523 8524 1.8 27 15 11 23 32% 28610 1131 5759 294%
c B  0.70 10 44 7 7 736 1 12523 8524 1.8 27 15 11 23 32% 28610 1131 5759 294%
c e  0.74 10 45 7 7 736 1 13046 9031 1.8 28 15 11 23 32% 25835 3351 5426 277%
c ^  0.74 10 45 7 7 736 1 13046 9031 1.8 28 15 11 23 32% 25835 3351 5426 277%
c -  0.81  8 41 7 8 737 1 14482 3162 1.8 27 15 11 21 31% 25835 3351 5426 277%
c u  0.91  9 36 7 8 738 1 16551 5076 1.8 26 15 11 20 31% 25835 3351 5426 277%
c v  0.92  9 36 7 8 738 1 16551 5065 1.8 26 15 11 20 31% 25835 3351 5426 277%
c w  0.93  9 36 7 8 738 1 16551 4945 1.8 26 15 11 20 31% 25835 3351 5426 277%
c ]  0.94  8 36 8 8 738 1 16577 4971 1.8 26 15 11 20 31% 25835 3351 5426 277%
c {  0.94  8 33 8 8 738 6 16577 4971 1.7 18 10 9 12 31% 25835 3351 5426 277%
c -  0.98  9 32 8 9 784 6 17311 5327 1.8 18 10 9 12 30% 25835 3351 5426 277%
c -  1.10  9 29 8 10 957 5 20311 7261 1.7 18 10 9 12 30% 25835 3351 5426 277%
c o  1.12  9 29 8 10 962 5 20704 7628 1.8 18 10 9 12 30% 25835 3351 5426 277%
c }  1.20  9 28 9 10 1146 5 22736 9599 1.8 18 10 9 12 30% 25835 3351 5426 277%
c [  1.20  9 36 9 10 1146 1 22736 9599 1.8 26 15 11 20 31% 25835 3351 5426 277%
c W  1.21  9 36 9 10 1146 1 22736 9599 1.8 26 15 11 20 31% 25835 3351 5426 277%
c -  1.24  9 36 9 11 1146 1 23473 8904 1.7 26 15 11 20 31% 25835 3351 5426 277%
c e  1.38  9 32 9 11 1148 1 26189 11373 1.7 25 14 11 20 31% 25915 4172 4345 222%
c ^  1.39  9 32 9 11 1148 1 26189 11373 1.7 25 14 11 20 31% 25915 4172 4345 222%
c
c  seconds  switched    rate        size/glue  tier1      binary        remaining
c         MB  reductions  conflicts       size    tier2      irredundant
c          level   restarts    redundant     glue     trail        variables
c
c -  1.42 10 31 9 12 1148 1 26792 8169 1.7 25 14 11 19 32% 25915 4172 4345 222%
c u  1.51 10 29 9 12 1150 1 28249 9372 1.7 24 14 11 19 32% 25915 4172 4345 222%
c v  1.53 10 29 9 12 1150 1 28249 9015 1.7 24 14 11 19 32% 25915 4172 4345 222%
c w  1.53 10 29 9 12 1150 1 28249 8315 1.7 24 14 11 19 32% 25915 4172 4345 222%
c f  1.63 10 29 9 12 1150 1 28249 8315 1.7 24 14 11 19 32% 25745 4171 4402 225%
c u  1.65 10 29 9 12 1150 1 28249 8213 1.7 24 14 11 19 32% 25745 4171 4402 225%
c v  1.66 10 29 9 12 1150 1 28249 8198 1.7 24 14 11 19 32% 25745 4171 4402 225%
c w  1.67 10 29 9 12 1150 1 28249 8190 1.7 24 14 11 19 32% 25745 4171 4402 225%
c ]  1.71 10 29 10 12 1150 1 28759 8607 1.7 24 14 11 19 32% 25745 4171 4402 225%
c {  1.71 10 28 10 12 1150 5 28759 8607 1.8 18 10 9 12 30% 25745 4171 4402 225%
c -  1.77 10 27 10 13 1224 5 30256 9038 1.8 18 10 9 12 30% 25745 4171 4402 225%
c -  1.90 10 26 10 14 1416 4 33861 11354 1.7 17 10 9 12 30% 25745 4171 4402 225%
c }  2.04 11 24 11 14 1520 4 37387 14502 1.7 17 10 9 12 30% 25745 4171 4402 225%
c [  2.04 11 29 11 14 1520 1 37387 14502 1.7 24 14 11 19 32% 25745 4171 4402 225%
c O  2.04 11 29 11 14 1520 1 37387 14502 1.7 24 14 11 19 32% 25745 4171 4402 225%
c -  2.05 11 29 11 15 1520 1 37602 13138 1.7 24 14 11 18 32% 25745 4171 4402 225%
c -  2.22 11 26 11 16 1522 1 41474 14909 1.7 23 13 10 17 33% 25745 4171 4402 225%
c u  2.33 14 25 11 16 1524 1 43283 16459 1.7 22 13 10 17 33% 25745 4171 4402 225%
c v  2.36 14 25 11 16 1524 1 43283 16338 1.7 22 13 10 17 33% 25745 4171 4402 225%
c w  2.37 14 25 11 16 1524 1 43283 15634 1.7 22 13 10 17 33% 25745 4171 4402 225%
c
c  seconds   switched    rate         size/glue  tier1      binary        remaining
c         MB   reductions  conflicts        size    tier2      irredundant
c          level    restarts     redundant     glue     trail        variables
c
c o  2.38 14 25 11 16 1524 1 43283 15634 1.7 22 13 10 17 33% 25745 4171 4402 225%
c ]  2.45 13 26 12 16 1525 1 45278 17522 1.7 23 13 10 17 33% 25745 4171 4402 225%
c {  2.45 13 24 12 16 1525 4 45278 17522 1.7 17 10 9 12 30% 25745 4171 4402 225%
c -  2.47 13 24 12 17 1556 4 45474 16031 1.7 17 10 9 12 30% 25745 4171 4402 225%
c -  2.65 13 24 12 18 1825 4 49597 18178 1.7 17 10 9 12 31% 25745 4171 4402 225%
c -  2.84 14 24 12 19 2119 4 53839 20104 1.7 17 10 9 12 31% 25745 4171 4402 225%
c e  2.89 12 24 12 19 2188 4 54616 20851 1.7 17 10 9 12 31% 26136 4609 3949 202%
c ^  2.90 12 24 12 19 2188 4 54616 20851 1.7 17 10 9 12 31% 26136 4609 3949 202%
c }  3.00 13 23 13 19 2334 4 56757 20842 1.7 17 10 9 12 31% 26136 4609 3949 202%
c [  3.00 13 26 13 19 2334 1 56757 20842 1.7 23 13 10 17 33% 26136 4609 3949 202%
c B  3.00 13 26 13 19 2334 1 56757 20842 1.7 23 13 10 17 33% 26136 4609 3949 202%
c -  3.06 14 27 13 20 2335 1 58199 20086 1.7 23 14 10 18 33% 26136 4609 3949 202%
c u  3.27 14 27 13 20 2337 1 61780 23262 1.7 23 14 10 18 33% 26136 4609 3949 202%
c v  3.30 15 27 13 20 2337 1 61780 23191 1.7 23 14 10 18 33% 26136 4609 3949 202%
c w  3.31 15 27 13 20 2337 1 61780 22494 1.7 23 14 10 18 33% 26136 4609 3949 202%
c f  3.33 12 27 13 20 2337 1 61780 22494 1.7 23 14 10 18 33% 26137 4603 3950 202%
c u  3.38 15 27 13 20 2337 1 61780 22353 1.7 23 14 10 18 33% 26137 4603 3950 202%
c v  3.41 15 27 13 20 2337 1 61780 22327 1.7 23 14 10 18 33% 26137 4603 3950 202%
c w  3.42 15 27 13 20 2337 1 61780 22322 1.7 23 14 10 18 33% 26137 4603 3950 202%
c -  3.57 13 26 13 21 2338 1 62672 21128 1.7 23 14 10 18 33% 26137 4603 3950 202%
c
c  seconds   switched    rate         size/glue  tier1      binary        remaining
c         MB   reductions  conflicts        size    tier2      irredundant
c          level    restarts     redundant     glue     trail        variables
c
c -  3.79 14 25 13 22 2340 1 67257 23185 1.7 23 13 10 17 34% 26137 4603 3950 202%
c ]  3.80 14 25 14 22 2340 1 67323 23249 1.7 23 13 10 17 34% 26137 4603 3950 202%
c {  3.80 14 23 14 22 2340 4 67323 23249 1.7 17 10 9 12 31% 26137 4603 3950 202%
c -  4.01 14 23 14 23 2633 4 71948 25526 1.7 17 10 9 12 32% 26137 4603 3950 202%
c o  4.08 14 23 14 23 2721 4 73613 27044 1.7 17 10 9 12 32% 26137 4603 3950 202%
c -  4.23 15 23 14 24 2927 4 76744 27761 1.7 17 10 9 12 32% 26137 4603 3950 202%
c -  4.45 15 23 14 25 3182 4 81643 30028 1.7 17 10 9 12 33% 26137 4603 3950 202%
c }  4.47 14 23 15 25 3182 4 82038 30390 1.7 17 10 9 12 33% 26137 4603 3950 202%
c [  4.47 14 25 15 25 3182 1 82038 30390 1.7 23 13 10 17 34% 26137 4603 3950 202%
c W  4.48 12 25 15 25 3182 1 82038 30390 1.7 23 13 10 17 34% 26137 4603 3950 202%
c u  4.61 16 25 15 25 3183 1 83828 31882 1.7 23 13 10 17 34% 26137 4603 3950 202%
c v  4.65 16 25 15 25 3183 1 83828 31776 1.7 23 13 10 17 34% 26137 4603 3950 202%
c w  4.66 16 25 15 25 3183 1 83828 31597 1.7 23 13 10 17 34% 26137 4603 3950 202%
c x  4.68 16 25 15 25 3183 1 83828 31596 1.7 23 13 10 17 34% 26137 4603 3950 202%
c -  4.83 15 25 15 26 3185 1 86643 31913 1.7 23 13 10 17 34% 26137 4603 3950 202%
c -  5.09 15 23 15 27 3188 1 91743 34422 1.7 22 13 9 16 34% 26137 4603 3950 202%
c ]  5.27 16 23 16 27 3190 1 95566 37904 1.7 22 13 9 16 34% 26137 4603 3950 202%
c {  5.27 16 23 16 27 3190 4 95566 37904 1.7 17 10 9 12 33% 26137 4603 3950 202%
c -  5.34 16 23 16 28 3273 4 96940 36393 1.7 17 10 9 12 33% 26137 4603 3950 202%
c e  5.53 14 22 16 28 3422 4 100327 39532 1.7 17 10 9 12 33% 27172 5811 3234 165%
c
c  seconds   switched    rate          size/glue  tier1     binary        remaining
c         MB   reductions  conflicts         size   tier2      irredundant
c          level    restarts      redundant     glue    trail        variables
c
c ^  5.53 14 22 16 28 3422 4 100327 39532 1.7 17 10 9 12 33% 27172 5811 3234 165%
c -  5.63 16 22 16 29 3578 4 102231 30138 1.7 17 10 9 12 33% 27172 5811 3234 165%
c -  5.87 16 22 16 30 3740 4 107616 32956 1.7 17 10 9 12 34% 27172 5811 3234 165%
c u  6.02 17 22 16 30 3798 4 109590 34580 1.7 17 10 9 12 34% 27172 5811 3234 165%
c v  6.07 17 22 16 30 3798 4 109590 34167 1.7 17 10 9 12 34% 27172 5811 3234 165%
c w  6.08 17 22 16 30 3798 4 109590 34135 1.7 17 10 9 12 34% 27172 5811 3234 165%
c -  6.29 16 22 16 31 4118 4 113095 35666 1.7 17 10 9 12 34% 27172 5811 3234 165%
c }  6.32 16 21 17 31 4124 4 113903 36455 1.7 17 10 9 12 34% 27172 5811 3234 165%
c [  6.32 16 23 17 31 4124 1 113903 36455 1.7 22 13 9 16 34% 27172 5811 3234 165%
c I  6.32 16 23 17 31 4124 1 113903 36455 1.7 22 13 9 16 34% 27172 5811 3234 165%
c o  6.33 16 23 17 31 4124 1 113903 36455 1.7 22 13 9 16 34% 27172 5811 3234 165%
c -  6.59 17 41 17 32 4127 1 118664 36790 1.5 28 18 10 21 35% 27172 5811 3234 165%
c -  6.89 17 42 17 33 4130 1 124320 37838 1.5 29 19 10 23 35% 27172 5811 3234 165%
c -  7.20 17 43 17 34 4133 1 130065 40068 1.6 30 19 10 25 36% 27172 5811 3234 165%
c ]  7.21 16 43 18 34 4133 1 130129 40131 1.6 30 19 10 25 36% 27172 5811 3234 165%
c {  7.21 16 21 18 34 4133 4 130129 40131 1.7 17 10 9 12 34% 27172 5811 3234 165%
c -  7.47 17 20 18 35 4140 3 135895 42710 1.7 17 10 9 12 35% 27172 5811 3234 165%
c u  7.70 18 20 18 35 4146 3 138995 45307 1.7 17 10 9 12 35% 27172 5811 3234 165%
c v  7.75 19 20 18 35 4146 3 138995 44552 1.7 17 10 9 12 35% 27172 5811 3234 165%
c w  7.78 21 20 18 35 4146 3 138995 44518 1.7 17 10 9 12 35% 27172 5811 3234 165%
c
c  seconds   switched    rate          size/glue  tier1     binary        remaining
c         MB   reductions  conflicts         size   tier2      irredundant
c          level    restarts      redundant     glue    trail        variables
c
c -  7.93 17 20 18 36 4161 3 141811 37251 1.7 17 10 8 12 35% 27172 5811 3234 165%
c -  8.19 17 19 18 37 4161 3 147811 37211 1.7 17 10 8 12 36% 27172 5811 3234 165%
c }  8.41 17 18 19 37 4164 3 152475 41535 1.7 17 10 8 12 36% 27172 5811 3234 165%
c [  8.41 17 43 19 37 4164 1 152475 41535 1.6 30 19 10 25 36% 27172 5811 3234 165%
c B  8.41 17 43 19 37 4164 1 152475 41535 1.6 30 19 10 25 36% 27172 5811 3234 165%
c -  8.48 17 43 19 38 4165 1 153893 38561 1.6 30 19 10 25 36% 27172 5811 3234 165%
c -  8.79 18 41 19 39 4169 1 160057 40719 1.6 29 18 10 24 36% 27172 5811 3234 165%
c e  9.09 15 38 19 39 4171 1 164941 45332 1.6 28 18 10 24 36% 28992 7213 2717 139%
c ^  9.10 15 38 19 39 4171 1 164941 45332 1.6 28 18 10 24 36% 28992 7213 2717 139%
c o  9.10 16 38 19 39 4171 1 164941 33222 1.6 28 18 10 24 36% 28992 7213 2717 139%
c -  9.17 16 40 19 40 4172 1 166305 31919 1.6 28 18 10 23 37% 28992 7213 2717 139%
c u  9.52 18 37 19 40 4176 1 172279 37484 1.6 28 17 10 23 37% 28992 7213 2717 139%
c v  9.59 18 37 19 40 4176 1 172279 37153 1.6 28 17 10 23 37% 28992 7213 2717 139%
c w  9.62 18 37 19 40 4176 1 172279 36641 1.6 28 17 10 23 37% 28992 7213 2717 139%
c -  9.68 16 37 19 41 4176 1 172629 34110 1.6 27 17 10 22 37% 28992 7213 2717 139%
c ]  9.71 16 37 20 41 4177 1 173266 34694 1.6 27 17 10 22 37% 28992 7213 2717 139%
c {  9.71 16 18 20 41 4177 3 173266 34694 1.7 17 10 8 12 36% 28992 7213 2717 139%
c - 10.00 18 18 20 42 4397 3 179032 37001 1.7 17 10 8 12 37% 28992 7213 2717 139%
c - 10.32 17 18 20 43 4864 3 185512 38972 1.7 17 10 8 12 37% 28992 7213 2717 139%
c - 10.66 18 18 20 44 5402 3 192071 41295 1.7 17 10 8 12 38% 28992 7213 2717 139%
c
c  seconds   switched    rate          size/glue  tier1     binary        remaining
c         MB   reductions  conflicts         size   tier2      irredundant
c          level    restarts      redundant     glue    trail        variables
c
c - 10.99 17 18 20 45 5643 3 198704 42747 1.7 17 10 8 12 38% 28992 7213 2717 139%
c } 11.05 17 18 21 45 5645 3 200005 43876 1.7 16 10 8 12 38% 28992 7213 2717 139%
c [ 11.05 17 37 21 45 5645 1 200005 43876 1.6 27 17 10 22 37% 28992 7213 2717 139%
c W 11.06 16 37 21 45 5645 1 200005 43876 1.6 27 17 10 22 37% 28992 7213 2717 139%
c - 11.34 16 36 21 46 5649 1 205412 44328 1.6 27 17 10 21 38% 28992 7213 2717 139%
c u 11.64 22 35 21 46 5651 1 209307 47887 1.6 27 16 10 21 38% 28992 7213 2717 139%
c v 11.72 24 35 21 46 5651 1 209307 47624 1.6 27 16 10 21 38% 28992 7213 2717 139%
c w 11.75 24 35 21 46 5651 1 209307 46837 1.6 27 16 10 21 38% 28992 7213 2717 139%
c - 12.25 20 34 21 47 5651 1 212195 45706 1.7 27 16 10 20 39% 28992 7213 2717 139%
c - 12.67 21 33 21 48 5657 1 219052 48021 1.7 26 16 9 20 39% 28992 7213 2717 139%
c ] 12.93 21 32 22 48 5658 1 222940 51527 1.7 26 16 9 20 40% 28992 7213 2717 139%
c { 12.93 21 18 22 48 5658 3 222940 51527 1.7 16 10 8 12 38% 28992 7213 2717 139%
c o 13.14 21 19 22 48 6197 3 224942 53521 1.7 17 10 8 12 38% 28992 7213 2717 139%
c - 13.25 21 20 22 49 6475 3 225980 49793 1.7 17 10 8 12 39% 28992 7213 2717 139%
c - 14.02 22 23 22 50 8359 4 232980 50775 1.7 18 10 8 12 39% 28992 7213 2717 139%
c - 14.90 23 26 22 51 10198 5 240052 51352 1.7 18 11 8 12 40% 28992 7213 2717 139%
c - 15.74 24 29 22 52 11700 6 247196 52072 1.7 19 11 8 12 40% 28992 7213 2717 139%
c e 16.07 20 30 22 52 12214 6 249918 54785 1.7 19 11 8 12 40% 32066 9463 2287 117%
c ! 16.08 20 30 22 52 12214 6 249918 54785 1.7 19 11 8 12 40% 32066 9463 2287 117%
c u 16.23 23 30 22 52 12274 6 250346 33754 1.7 19 11 8 12 40% 32066 9463 2287 117%
c
c  seconds   switched     rate          size/glue  tier1     binary        remaining
c         MB   reductions   conflicts         size   tier2      irredundant
c          level    restarts       redundant     glue    trail        variables
c
c v 16.33 23 30 22 52 12274 6 250346 33662 1.7 19 11 8 12 40% 32066 9463 2287 117%
c w 16.36 23 30 22 52 12274 6 250346 33651 1.7 19 11 8 12 40% 32066 9463 2287 117%
c f 16.50 20 30 22 52 12274 6 250346 33651 1.7 19 11 8 12 40% 31366 9450 2327 119%
c u 16.65 23 30 22 52 12274 6 250346 32457 1.7 19 11 8 12 40% 31366 9450 2327 119%
c v 16.77 23 30 22 52 12274 6 250346 32268 1.7 19 11 8 12 40% 31366 9450 2327 119%
c w 16.82 23 30 22 52 12274 6 250346 32255 1.7 19 11 8 12 40% 31366 9450 2327 119%
c - 17.22 22 31 22 53 13143 7 254407 32441 1.7 20 11 8 12 41% 31366 9450 2327 119%
c } 17.22 22 31 23 53 13153 7 254456 32489 1.7 20 11 8 12 41% 31366 9450 2327 119%
c [ 17.22 22 32 23 53 13153 1 254456 32489 1.7 26 16 9 20 40% 31366 9450 2327 119%
c O 17.22 22 32 23 53 13153 1 254456 32489 1.7 26 16 9 20 40% 31366 9450 2327 119%
c - 17.58 23 30 23 54 13158 1 261687 35623 1.7 25 15 9 19 41% 31366 9450 2327 119%
c - 17.99 22 29 23 55 13162 1 269036 38175 1.7 25 15 9 18 41% 31366 9450 2327 119%
c - 18.46 23 28 23 56 13166 1 276454 39553 1.7 25 15 9 18 42% 31366 9450 2327 119%
c B 18.81 23 27 23 56 13167 1 282196 44812 1.7 25 14 9 18 43% 31366 9450 2327 119%
c - 18.91 22 28 23 57 13167 1 283937 40657 1.7 25 14 9 18 43% 31366 9450 2327 119%
c - 19.35 23 28 23 58 13171 1 291487 40876 1.7 25 15 9 18 43% 31366 9450 2327 119%
c u 19.69 24 28 23 58 13173 1 295160 43805 1.7 25 14 9 18 44% 31366 9450 2327 119%
c v 19.80 26 28 23 58 13173 1 295160 43762 1.7 25 14 9 18 44% 31366 9450 2327 119%
c w 19.84 26 28 23 58 13173 1 295160 43306 1.7 25 14 9 18 44% 31366 9450 2327 119%
c o 19.86 26 28 23 58 13173 1 295160 43306 1.7 25 14 9 18 44% 31366 9450 2327 119%
c
c  seconds   switched     rate          size/glue  tier1     binary        remaining
c         MB   reductions   conflicts         size   tier2      irredundant
c          level    restarts       redundant     glue    trail        variables
c
c - 20.07 22 29 23 59 13174 1 299102 39982 1.7 25 15 9 18 44% 31366 9450 2327 119%
c - 20.49 23 28 23 60 13180 1 306783 41968 1.7 25 14 9 18 44% 31366 9450 2327 119%
c ] 20.70 22 28 24 60 13181 1 310471 45387 1.7 24 14 9 18 44% 31366 9450 2327 119%
c { 20.70 22 31 24 60 13181 7 310471 45387 1.7 20 11 8 12 41% 31366 9450 2327 119%
c - 20.92 23 30 24 61 13217 6 314532 43543 1.7 20 11 8 12 41% 31366 9450 2327 119%
c - 21.32 22 29 24 62 13278 6 322343 44602 1.8 19 11 8 12 41% 31366 9450 2327 119%
c - 21.74 24 28 24 63 13407 6 330219 46249 1.7 19 11 8 12 42% 31366 9450 2327 119%
c - 22.17 23 27 24 64 13526 5 338157 48781 1.8 19 11 8 12 42% 31366 9450 2327 119%
c u 22.59 26 26 24 64 13539 5 344109 53926 1.8 19 11 8 12 43% 31366 9450 2327 119%
c v 22.70 26 26 24 64 13539 5 344109 52994 1.8 19 11 8 12 43% 31366 9450 2327 119%
c w 22.74 26 26 24 64 13539 5 344109 52776 1.8 19 11 8 12 43% 31366 9450 2327 119%
c - 22.87 23 26 24 65 13575 5 346158 49705 1.8 19 11 8 12 43% 31366 9450 2327 119%
c } 22.91 23 26 25 65 13579 5 347148 50653 1.8 19 11 8 12 43% 31366 9450 2327 119%
c [ 22.91 23 28 25 65 13579 1 347148 50653 1.7 24 14 9 18 44% 31366 9450 2327 119%
c W 22.95 19 28 25 65 13579 1 347148 50653 1.7 24 14 9 18 44% 31366 9450 2327 119%
c - 23.30 24 28 25 66 13584 1 354220 50868 1.7 25 14 9 18 45% 31366 9450 2327 119%
c e 23.41 20 28 25 66 13585 1 356360 52790 1.7 25 14 9 18 45% 31411 9459 2323 119%
c - 23.77 23 28 25 67 13588 1 362345 52920 1.7 25 14 9 18 45% 31411 9459 2323 119%
c - 24.32 24 27 25 68 13592 1 370531 54933 1.7 24 14 9 17 45% 31411 9459 2323 119%
c ] 24.83 23 26 26 68 13593 1 378335 61990 1.7 24 14 9 17 46% 31411 9459 2323 119%
c
c  seconds   switched     rate          size/glue  tier1     binary        remaining
c         MB   reductions   conflicts         size   tier2      irredundant
c          level    restarts       redundant     glue    trail        variables
c
c { 24.83 23 26 26 68 13593 5 378335 61990 1.8 19 11 8 12 43% 31411 9459 2323 119%
c o 24.84 24 26 26 68 13598 5 378394 62048 1.8 19 11 8 12 43% 31411 9459 2323 119%
c - 24.87 26 26 26 69 13605 5 378777 56189 1.8 19 11 8 12 43% 31411 9459 2323 119%
c - 25.33 24 25 26 70 13656 5 387083 57511 1.8 19 11 8 12 43% 31411 9459 2323 119%
c - 25.79 26 24 26 71 13718 4 395451 58507 1.8 19 11 8 12 44% 31411 9459 2323 119%
c u 26.04 26 24 26 71 13792 4 397270 59453 1.8 19 11 8 12 44% 31411 9459 2323 119%
c v 26.15 26 24 26 71 13792 4 397270 58096 1.8 19 11 8 12 44% 31411 9459 2323 119%
c w 26.19 26 24 26 71 13792 4 397270 57797 1.8 19 11 8 12 44% 31411 9459 2323 119%
c f 26.22 26 24 26 71 13792 4 397270 57797 1.8 19 11 8 12 44% 31394 9459 2324 119%
c u 26.36 21 24 26 71 13792 4 397270 57262 1.8 19 11 8 12 44% 31394 9459 2324 119%
c v 26.48 22 24 26 71 13792 4 397270 56841 1.8 19 11 8 12 44% 31394 9459 2324 119%
c w 26.51 22 24 26 71 13792 4 397270 56713 1.8 19 11 8 12 44% 31394 9459 2324 119%
c - 27.30 22 23 26 72 13874 4 403877 57281 1.8 19 11 8 12 44% 31394 9459 2324 119%
c - 27.73 22 23 26 73 13997 4 412362 59992 1.7 18 10 8 12 44% 31394 9459 2324 119%
c } 28.18 22 22 27 73 14122 4 420554 67383 1.7 18 10 8 12 44% 31394 9459 2324 119%
c [ 28.18 22 26 27 73 14122 1 420554 67383 1.7 24 14 9 17 46% 31394 9459 2324 119%
c I 28.18 22 26 27 73 14122 1 420554 67383 1.7 24 14 9 17 46% 31394 9459 2324 119%
c - 28.21 22 26 27 74 14122 1 420906 62022 1.7 24 14 9 17 46% 31394 9459 2324 119%
c - 28.70 22 26 27 75 14128 1 429509 63648 1.8 24 14 9 17 46% 31394 9459 2324 119%
c - 29.20 22 26 27 76 14133 1 438171 64680 1.8 24 14 9 17 46% 31394 9459 2324 119%
c
c  seconds   switched     rate          size/glue  tier1     binary        remaining
c         MB   reductions   conflicts         size   tier2      irredundant
c          level    restarts       redundant     glue    trail        variables
c
c - 29.78 22 25 27 77 14136 1 446889 66390 1.8 24 13 9 17 47% 31394 9459 2324 119%
c u 30.42 23 24 27 77 14138 1 454693 72924 1.8 24 13 9 17 47% 31394 9459 2324 119%
c v 30.52 23 24 27 77 14138 1 454693 69602 1.8 24 13 9 17 47% 31394 9459 2324 119%
c w 30.57 23 24 27 77 14138 1 454693 65282 1.8 24 13 9 17 47% 31394 9459 2324 119%
c - 30.73 23 24 27 78 14139 1 455664 61393 1.8 24 13 9 17 47% 31394 9459 2324 119%
c ] 30.76 23 24 28 78 14139 1 456169 61878 1.8 24 13 9 17 47% 31394 9459 2324 119%
c { 30.76 23 22 28 78 14139 4 456169 61878 1.7 18 10 8 12 44% 31394 9459 2324 119%
c - 31.24 23 21 28 79 14230 3 464495 65768 1.7 18 10 8 12 45% 31394 9459 2324 119%
c o 31.50 23 21 28 79 14280 3 469238 70031 1.7 18 10 8 12 45% 31394 9459 2324 119%
c - 31.76 23 21 28 80 14420 3 473383 68550 1.7 18 10 8 12 45% 31394 9459 2324 119%
c - 32.31 23 21 28 81 14833 3 482328 70987 1.7 18 10 8 12 45% 31394 9459 2324 119%
c - 32.82 23 20 28 82 14944 3 491329 73590 1.7 18 10 8 12 45% 31394 9459 2324 119%
c - 33.34 23 20 28 83 15122 3 500385 76167 1.7 18 10 8 12 45% 31394 9459 2324 119%
c } 33.57 23 20 29 83 15286 3 504307 79673 1.7 17 10 8 12 46% 31394 9459 2324 119%
c [ 33.57 23 24 29 83 15286 1 504307 79673 1.8 24 13 9 17 47% 31394 9459 2324 119%
c B 33.57 23 24 29 83 15286 1 504307 79673 1.8 24 13 9 17 47% 31394 9459 2324 119%
c - 33.89 23 24 29 84 15290 1 509495 78725 1.8 24 13 9 17 47% 31394 9459 2324 119%
c u 34.52 23 24 29 84 15292 1 516455 85056 1.8 24 13 9 17 48% 31394 9459 2324 119%
c v 34.67 23 24 29 84 15292 1 516455 83936 1.8 24 13 9 17 48% 31394 9459 2324 119%
c w 34.73 23 24 29 84 15292 1 516455 83648 1.8 24 13 9 17 48% 31394 9459 2324 119%
c
c  seconds   switched     rate          size/glue  tier1     binary        remaining
c         MB   reductions   conflicts         size   tier2      irredundant
c          level    restarts       redundant     glue    trail        variables
c
c - 34.91 24 24 29 85 15295 1 518665 79402 1.8 24 13 9 16 48% 31394 9459 2324 119%
c - 35.56 24 23 29 86 15299 1 527884 81556 1.8 24 13 9 16 48% 31394 9459 2324 119%
c - 36.19 24 23 29 87 15301 1 537157 82243 1.8 24 13 9 16 48% 31394 9459 2324 119%
c ] 36.80 24 23 30 87 15307 1 545696 90343 1.8 24 13 9 16 48% 31394 9459 2324 119%
c { 36.80 24 20 30 87 15307 3 545696 90343 1.7 17 10 8 12 46% 31394 9459 2324 119%
c - 36.88 24 20 30 88 15337 3 546484 82978 1.7 17 10 8 12 46% 31394 9459 2324 119%
c - 37.47 24 20 30 89 15721 3 555864 84656 1.7 17 10 8 12 46% 31394 9459 2324 119%
c - 38.03 24 19 30 90 15842 3 565297 85805 1.7 17 10 8 12 46% 31394 9459 2324 119%
c o 38.31 24 19 30 90 16008 3 569905 90134 1.7 17 10 8 12 46% 31394 9459 2324 119%
c - 38.60 24 19 30 91 16106 3 574783 87849 1.7 17 10 8 12 46% 31394 9459 2324 119%
c u 39.27 35 19 30 91 16239 3 582608 94598 1.7 17 10 8 12 46% 31394 9459 2324 119%
c v 39.44 35 19 30 91 16239 3 582608 93430 1.7 17 10 8 12 46% 31394 9459 2324 119%
c w 39.49 35 19 30 91 16239 3 582608 93287 1.7 17 10 8 12 46% 31394 9459 2324 119%
c - 39.65 31 19 30 92 16377 3 584324 88835 1.7 17 10 8 12 46% 31394 9459 2324 119%
c - 40.25 31 19 30 93 16716 3 593915 90305 1.7 17 10 8 12 46% 31394 9459 2324 119%
c } 40.65 31 19 31 93 16929 3 600132 95919 1.7 17 10 8 12 46% 31394 9459 2324 119%
c [ 40.65 31 23 31 93 16929 1 600132 95919 1.8 24 13 9 16 48% 31394 9459 2324 119%
c W 40.70 24 23 31 93 16929 1 600132 95919 1.8 24 13 9 16 48% 31394 9459 2324 119%
c - 40.91 24 23 31 94 16931 1 603561 90893 1.8 24 13 9 16 48% 31394 9459 2324 119%
c - 41.51 24 23 31 95 16936 1 613257 91177 1.8 24 13 9 16 48% 31394 9459 2324 119%
c
c  seconds   switched     rate          size/glue  tier1     binary        remaining
c         MB   reductions   conflicts         size   tier2      irredundant
c          level    restarts       redundant     glue    trail        variables
c
c - 42.18 25 23 31 96 16942 1 623005 91502 1.8 24 13 9 16 48% 31394 9459 2324 119%
c - 42.94 25 23 31 97 16943 1 632802 92488 1.9 24 13 9 16 48% 31394 9459 2324 119%
c - 43.77 25 22 31 98 16950 1 642650 94452 1.9 24 13 9 16 48% 31394 9459 2324 119%
c ] 44.08 25 22 32 98 16952 1 646687 97972 1.9 24 13 9 16 48% 31394 9459 2324 119%
c { 44.08 25 19 32 98 16952 3 646687 97972 1.7 17 10 8 12 46% 31394 9459 2324 119%
c - 44.51 25 18 32 99 17096 3 652550 95002 1.7 17 10 8 12 46% 31394 9459 2324 119%
c u 44.81 34 18 32 99 17132 3 653203 94463 1.7 17 10 8 12 46% 31394 9459 2324 119%
c v 45.01 36 18 32 99 17132 3 653203 90597 1.7 17 10 8 12 46% 31394 9459 2324 119%
c w 45.08 36 18 32 99 17132 3 653203 88565 1.7 17 10 8 12 46% 31394 9459 2324 119%
c - 45.70 32 18 32 100 17350 3 662500 91853 1.7 17 10 8 12 46% 31394 9459 2324 119%
c - 46.35 32 18 32 101 17618 3 672501 94731 1.7 17 10 8 12 46% 31394 9459 2324 119%
c o 46.82 32 18 32 101 17793 2 679994 101546 1.7 17 10 8 12 46% 31394 9459 2324 119%
c - 47.00 32 18 32 102 17906 2 682551 96348 1.7 17 10 8 12 46% 31394 9459 2324 119%
c - 47.68 32 18 32 103 18251 2 692651 97281 1.7 17 10 8 12 46% 31394 9459 2324 119%
c - 48.29 32 18 32 104 18354 2 702802 98488 1.8 17 10 8 12 46% 31394 9459 2324 119%
c } 48.65 32 18 33 104 18634 2 707795 103278 1.8 17 10 8 12 46% 31394 9459 2324 119%
c [ 48.65 32 22 33 104 18634 1 707795 103278 1.9 24 13 9 16 48% 31394 9459 2324 119%
c O 48.65 32 22 33 104 18634 1 707795 103278 1.9 24 13 9 16 48% 31394 9459 2324 119%
c - 48.99 32 22 33 105 18638 1 713000 99328 1.9 24 13 8 16 48% 31394 9459 2324 119%
c - 49.68 33 22 33 106 18643 1 723246 101430 1.9 23 13 8 16 48% 31394 9459 2324 119%
c
c  seconds   switched      rate           size/glue  tier1     binary        remaining
c         MB   reductions    conflicts          size   tier2      irredundant
c          level     restarts       redundant      glue    trail        variables
c
c u 50.31 36 22 33 106 18646 1 728291 105959 1.9 23 13 8 16 48% 31394 9459 2324 119%
c v 50.51 36 22 33 106 18646 1 728291 104832 1.9 23 13 8 16 48% 31394 9459 2324 119%
c w 50.59 36 22 33 106 18646 1 728291 103051 1.9 23 13 8 16 48% 31394 9459 2324 119%
c - 51.04 34 21 33 107 18648 1 733541 101174 1.9 23 13 8 16 48% 31394 9459 2324 119%
c - 51.87 35 21 33 108 18651 1 743887 104126 1.9 24 12 8 16 48% 31394 9459 2324 119%
c - 52.76 35 21 33 109 18657 1 754279 106168 1.9 23 12 8 16 48% 31394 9459 2324 119%
c ] 53.12 34 21 34 109 18660 1 758232 109541 1.9 23 12 8 16 48% 31394 9459 2324 119%
c { 53.12 34 18 34 109 18660 2 758232 109541 1.8 17 10 8 12 46% 31394 9459 2324 119%
c - 53.66 34 17 34 110 18660 2 764719 105245 1.7 17 10 8 12 46% 31394 9459 2324 119%
c - 54.51 35 17 34 111 18669 2 775209 103546 1.7 16 10 8 12 46% 31394 9459 2324 119%
c - 55.25 35 16 34 112 18693 2 785744 104195 1.7 16 9 8 12 46% 31394 9459 2324 119%
c - 55.88 35 15 34 113 18693 2 796327 105280 1.7 16 9 8 12 46% 31394 9459 2324 119%
c o 56.22 35 15 34 113 18694 2 802090 109277 1.7 16 9 8 12 46% 31394 9459 2324 119%
c - 56.54 34 15 34 114 18717 2 806957 106170 1.7 15 9 8 11 46% 31394 9459 2324 119%
c u 56.92 38 15 34 114 18717 2 807925 101606 1.7 15 9 8 11 46% 31394 9459 2324 119%
c v 57.12 40 15 34 114 18717 2 807925 98489 1.7 15 9 8 11 46% 31394 9459 2324 119%
c w 57.14 40 15 34 114 18717 2 807925 98390 1.7 15 9 8 11 46% 31394 9459 2324 119%
c - 57.74 34 14 34 115 18749 2 817635 102661 1.7 15 9 8 11 46% 31394 9459 2324 119%
c } 58.25 34 14 35 115 18803 2 826378 109944 1.7 15 9 8 11 46% 31394 9459 2324 119%
c [ 58.25 34 21 35 115 18803 1 826378 109944 1.9 23 12 8 16 48% 31394 9459 2324 119%
c
c  seconds   switched      rate           size/glue  tier1     binary        remaining
c         MB   reductions    conflicts          size   tier2      irredundant
c          level     restarts       redundant      glue    trail        variables
c
c B 58.25 34 21 35 115 18803 1 826378 109944 1.9 23 12 8 16 48% 31394 9459 2324 119%
c - 58.40 35 21 35 116 18804 1 828359 108254 1.9 23 12 8 16 48% 31394 9459 2324 119%
c - 59.07 35 21 35 117 18810 1 839129 112489 1.9 23 12 8 16 48% 31394 9459 2324 119%
c - 59.83 36 21 35 118 18816 1 849945 116311 1.9 23 12 8 16 48% 31394 9459 2324 119%
c - 60.63 34 21 35 119 18819 1 860809 116490 1.8 23 12 8 16 48% 31394 9459 2324 119%
c - 61.47 35 21 35 120 18825 1 871719 115464 1.8 23 13 8 16 48% 31394 9459 2324 119%
c - 62.34 36 21 35 121 18831 1 882674 113441 1.8 23 13 8 16 48% 31394 9459 2324 119%
c W 62.61 27 21 35 121 18832 1 883963 114637 1.8 23 13 8 16 48% 31394 9459 2324 119%
c ] 62.95 27 21 36 121 18832 1 888894 119422 1.8 23 13 8 16 48% 31394 9459 2324 119%
c { 62.95 27 14 36 121 18832 2 888894 119422 1.7 15 9 8 11 46% 31394 9459 2324 119%
c u 63.56 38 14 36 121 19363 2 892155 121816 1.7 15 9 8 11 46% 31394 9459 2324 119%
c v 63.80 38 14 36 121 19363 2 892155 121251 1.7 15 9 8 11 46% 31394 9459 2324 119%
c w 63.89 40 14 36 121 19363 2 892155 120559 1.7 15 9 8 11 46% 31394 9459 2324 119%
c - 64.92 35 14 36 122 19571 2 893676 110319 1.7 15 9 8 11 46% 31394 9459 2324 119%
c - 65.75 35 15 36 123 20662 2 904722 110162 1.7 15 9 8 11 47% 31394 9459 2324 119%
c - 66.74 35 16 36 124 22348 2 915812 110234 1.6 15 9 8 11 47% 31394 9459 2324 119%
c - 67.53 36 16 36 125 22985 2 926947 110512 1.6 15 9 8 11 47% 31394 9459 2324 119%
c o 67.93 35 16 36 125 23415 2 932091 115209 1.6 15 9 8 11 47% 31394 9459 2324 119%
c - 68.42 35 16 36 126 23840 2 938127 111699 1.6 15 9 8 11 47% 31394 9459 2324 119%
c - 69.19 36 16 36 127 24321 2 949351 114673 1.6 15 9 8 11 47% 31394 9459 2324 119%
c
c  seconds   switched      rate           size/glue  tier1     binary        remaining
c         MB   reductions    conflicts          size   tier2      irredundant
c          level     restarts       redundant      glue    trail        variables
c
c - 70.05 35 16 36 128 25123 2 960620 117091 1.6 16 10 8 11 47% 31394 9459 2324 119%
c } 70.35 36 16 37 128 25476 3 964450 120639 1.6 16 10 8 11 47% 31394 9459 2324 119%
c [ 70.35 36 21 37 128 25476 1 964450 120639 1.8 23 13 8 16 48% 31394 9459 2324 119%
c I 70.35 36 21 37 128 25476 1 964450 120639 1.8 23 13 8 16 48% 31394 9459 2324 119%
c - 70.84 36 22 37 129 25481 1 971933 118119 1.8 24 13 8 16 48% 31394 9459 2324 119%
c u 71.68 40 23 37 129 25486 1 981036 126803 1.9 24 13 8 16 48% 31394 9459 2324 119%
c v 71.85 40 23 37 129 25486 1 981036 126641 1.9 24 13 8 16 48% 31394 9459 2324 119%
c w 71.93 40 23 37 129 25486 1 981036 126580 1.9 24 13 8 16 48% 31394 9459 2324 119%
c - 72.29 34 23 37 130 25488 1 983290 117034 1.9 24 13 8 16 48% 31394 9459 2324 119%
c - 73.12 36 23 37 131 25490 1 994692 116223 1.9 25 13 8 16 48% 31394 9459 2324 119%
c - 73.96 38 24 37 132 25497 1 1006138 115745 2.0 26 13 8 16 48% 31394 9459 2324 119%
c - 74.79 35 24 37 133 25503 1 1017627 114296 2.0 26 13 8 16 47% 31394 9459 2324 119%
c - 75.66 36 24 37 134 25505 1 1029160 114202 2.0 26 13 8 16 47% 31394 9459 2324 119%
c B 75.88 36 24 37 134 25506 1 1032132 117100 2.0 26 13 8 16 47% 31394 9459 2324 119%
c - 76.54 35 25 37 135 25506 1 1040735 112298 2.0 27 13 8 16 47% 31394 9459 2324 119%
c ] 76.78 35 26 38 135 25506 1 1043821 115295 2.0 27 14 8 16 47% 31394 9459 2324 119%
c { 76.78 35 16 38 135 25506 3 1043821 115295 1.6 16 10 8 11 47% 31394 9459 2324 119%
c - 78.18 36 19 38 136 27321 3 1052353 109780 1.7 17 10 8 12 47% 31394 9459 2324 119%
c - 80.07 35 23 38 137 29801 4 1064014 109240 1.7 18 11 8 12 47% 31394 9459 2324 119%
c o 81.38 35 25 38 137 31515 5 1072092 117255 1.7 19 11 8 12 47% 31394 9459 2324 119%
c
c  seconds   switched      rate            size/glue  tier1     binary        remaining
c         MB   reductions     conflicts          size   tier2      irredundant
c          level     restarts        redundant      glue    trail        variables
c
c u 82.24 40 26 38 137 32052 5 1074614 111629 1.7 19 11 8 12 47% 31394 9459 2324 119%
c v 82.60 40 26 38 137 32052 5 1074614 111428 1.7 19 11 8 12 47% 31394 9459 2324 119%
c w 82.75 40 26 38 137 32052 5 1074614 111417 1.7 19 11 8 12 47% 31394 9459 2324 119%
c - 83.01 34 26 38 138 32286 5 1075718 100655 1.7 19 11 8 12 47% 31394 9459 2324 119%
c - 84.98 35 29 38 139 34773 6 1087466 100541 1.7 20 12 8 12 47% 31394 9459 2324 119%
c - 86.91 35 32 38 140 37122 6 1099256 100837 1.7 21 12 8 12 47% 31394 9459 2324 119%
c - 88.77 35 34 38 141 39309 7 1111088 100264 1.7 22 12 8 12 47% 31394 9459 2324 119%
c - 90.64 35 36 38 142 41458 7 1122964 98991 1.8 22 13 8 12 47% 31394 9459 2324 119%
c } 91.26 34 36 39 142 42225 7 1127154 103144 1.8 23 13 8 12 47% 31394 9459 2324 119%
c [ 91.26 34 26 39 142 42225 1 1127154 103144 2.0 27 14 8 16 47% 31394 9459 2324 119%
c W 91.56 27 26 39 142 42225 1 1127154 103144 2.0 27 14 8 16 47% 31394 9459 2324 119%
c - 92.10 27 25 39 143 42230 1 1134882 98334 1.9 26 13 8 16 47% 31394 9459 2324 119%
c - 93.01 27 24 39 144 42237 1 1146840 100122 1.9 25 13 8 16 47% 31394 9459 2324 119%
c - 93.91 36 23 39 145 42239 1 1158840 101446 1.9 25 13 8 16 47% 31394 9459 2324 119%
c - 94.89 34 23 39 146 42246 1 1170881 101129 1.9 24 13 8 16 47% 31394 9459 2324 119%
c u 95.58 38 23 39 146 42247 1 1172918 99015 1.9 24 13 8 16 47% 31394 9459 2324 119%
c v 96.06 38 23 39 146 42247 1 1172918 92326 1.9 24 13 8 16 47% 31394 9459 2324 119%
c w 96.22 38 23 39 146 42247 1 1172918 91052 1.9 24 13 8 16 47% 31394 9459 2324 119%
c - 97.03 34 22 39 147 42253 1 1182966 91347 1.9 24 12 8 16 47% 31394 9459 2324 119%
c - 98.05 34 22 39 148 42255 1 1195091 96429 1.9 23 12 8 16 47% 31394 9459 2324 119%
c
c  seconds   switched      rate            size/glue  tier1     binary        remaining
c         MB   reductions     conflicts          size   tier2      irredundant
c          level     restarts        redundant      glue    trail        variables
c
c O 98.94 35 21 39 148 42255 1 1205583 106194 1.9 23 12 8 16 47% 31394 9459 2324 119%
c - 99.09 35 21 39 149 42255 1 1207256 99826 1.9 23 12 8 15 47% 31394 9459 2324 119%
c - 100.08 34 21 39 150 42262 1 1219464 101988 1.9 23 12 8 15 47% 31394 9459 2324 119%
c - 101.20 35 21 39 151 42269 1 1231711 104079 1.9 23 12 8 15 47% 31394 9459 2324 119%
c - 102.42 35 20 39 152 42272 1 1244000 105479 1.9 23 12 8 15 47% 31394 9459 2324 119%
c - 103.49 34 20 39 153 42279 1 1256328 105743 1.9 23 12 8 15 47% 31394 9459 2324 119%
c - 104.58 35 20 39 154 42285 1 1268698 105228 1.9 23 12 8 15 47% 31394 9459 2324 119%
c u 105.66 40 20 39 154 42286 1 1275997 105147 1.9 23 12 8 15 47% 31394 9459 2324 119%
c v 106.08 40 20 39 154 42286 1 1275997 104234 1.9 23 12 8 15 47% 31394 9459 2324 119%
c w 106.22 40 20 39 154 42286 1 1275997 103059 1.9 23 12 8 15 47% 31394 9459 2324 119%
c o 106.25 40 20 39 154 42286 1 1275997 103059 1.9 23 12 8 15 47% 31394 9459 2324 119%
c - 106.63 34 24 39 155 42286 1 1281107 96203 1.9 24 13 8 15 47% 31394 9459 2324 119%
c ] 106.81 34 26 40 155 42286 1 1283685 98720 1.9 24 13 8 15 47% 31394 9459 2324 119%
c { 106.81 34 36 40 155 42286 7 1283685 98720 1.8 23 13 8 12 47% 31394 9459 2324 119%
c - 107.56 35 34 40 156 42298 7 1293557 96219 1.8 22 13 8 12 47% 31394 9459 2324 119%
c - 108.51 34 32 40 157 42298 6 1306048 97682 1.8 22 12 8 12 47% 31394 9459 2324 119%
c - 109.47 34 30 40 158 42346 6 1318577 98760 1.8 21 12 8 12 47% 31394 9459 2324 119%
c - 110.41 35 29 40 159 42407 5 1331146 99965 1.8 21 12 8 12 47% 31394 9459 2324 119%
c - 111.36 35 27 40 160 42489 5 1343757 101121 1.7 20 12 8 12 47% 31394 9459 2324 119%
c - 112.28 35 26 40 161 42539 4 1356407 103111 1.8 20 11 8 12 47% 31394 9459 2324 119%
c
c  seconds    switched      rate            size/glue  tier1     binary        remaining
c          MB   reductions     conflicts          size   tier2      irredundant
c           level     restarts        redundant      glue    trail        variables
c
c - 113.22 35 25 40 162 42589 4 1369095 105250 1.8 20 11 8 12 47% 31394 9459 2324 119%
c } 113.66 35 24 41 162 42635 4 1375158 110948 1.8 20 11 8 12 47% 31394 9459 2324 119%
c [ 113.66 35 26 41 162 42635 1 1375158 110948 1.9 24 13 8 15 47% 31394 9459 2324 119%
c B 113.66 35 26 41 162 42635 1 1375158 110948 1.9 24 13 8 15 47% 31394 9459 2324 119%
c - 114.18 34 28 41 163 42640 1 1381825 104794 1.8 24 13 8 15 47% 31394 9459 2324 119%
c u 114.74 38 28 41 163 42641 1 1383904 104178 1.8 25 13 8 15 47% 31394 9459 2324 119%
c v 115.06 40 28 41 163 42641 1 1383904 103123 1.8 25 13 8 15 47% 31394 9459 2324 119%
c w 115.17 40 28 41 163 42641 1 1383904 103043 1.8 25 13 8 15 47% 31394 9459 2324 119%
c - 116.13 34 28 41 164 42647 1 1394592 98653 1.8 25 14 8 16 47% 31394 9459 2324 119%
c - 117.24 35 28 41 165 42649 1 1407398 97537 1.8 26 14 8 16 47% 31394 9459 2324 119%
c - 118.39 34 28 41 166 42656 1 1420243 98111 1.8 26 14 8 16 47% 31394 9459 2324 119%
c - 119.58 34 27 41 167 42664 1 1433129 99402 1.8 26 14 8 16 47% 31394 9459 2324 119%
c - 120.74 35 27 41 168 42665 1 1446051 99905 1.8 26 14 8 16 48% 31394 9459 2324 119%
c ] 121.27 35 27 42 168 42665 1 1452051 105592 1.8 26 14 8 16 48% 31394 9459 2324 119%
c { 121.27 35 24 42 168 42665 4 1452051 105592 1.8 20 11 8 12 47% 31394 9459 2324 119%
c o 121.27 35 24 42 168 42671 4 1452090 105630 1.8 20 11 8 12 47% 31394 9459 2324 119%
c - 121.80 35 24 42 169 42723 4 1459015 101778 1.8 20 11 8 12 47% 31394 9459 2324 119%
c - 122.69 34 23 42 170 42747 3 1472016 105138 1.8 19 11 8 12 47% 31394 9459 2324 119%
c - 123.64 35 22 42 171 42845 3 1485055 108189 1.8 19 11 8 12 47% 31394 9459 2324 119%
c u 124.89 40 21 42 171 42948 3 1496639 115839 1.8 19 11 8 12 47% 31394 9459 2324 119%
c
c  seconds    switched      rate            size/glue  tier1     binary        remaining
c          MB   reductions     conflicts          size   tier2      irredundant
c           level     restarts        redundant      glue    trail        variables
c
c v 125.24 40 21 42 171 42948 3 1496639 110714 1.8 19 11 8 12 47% 31394 9459 2324 119%
c w 125.37 40 21 42 171 42948 3 1496639 109864 1.8 19 11 8 12 47% 31394 9459 2324 119%
c - 125.54 34 21 42 172 42999 3 1498132 105980 1.8 19 11 8 12 47% 31394 9459 2324 119%
c - 126.57 34 21 42 173 43186 3 1511246 111418 1.8 19 11 8 12 47% 31394 9459 2324 119%
c - 127.56 34 20 42 174 43340 3 1524398 115300 1.8 18 10 8 12 47% 31394 9459 2324 119%
c - 128.59 38 20 42 175 43580 3 1537588 118005 1.8 18 10 8 12 47% 31394 9459 2324 119%
c - 129.66 36 19 42 176 43778 3 1550817 120883 1.8 18 10 8 12 47% 31394 9459 2324 119%
c } 129.75 34 19 43 176 43781 3 1552024 121971 1.8 18 10 8 12 47% 31394 9459 2324 119%
c [ 129.75 34 27 43 176 43781 1 1552024 121971 1.8 26 14 8 16 48% 31394 9459 2324 119%
c W 130.18 27 27 43 176 43781 1 1552024 121971 1.8 26 14 8 16 48% 31394 9459 2324 119%
c - 131.10 27 26 43 177 43787 1 1564084 124024 1.9 26 14 8 16 48% 31394 9459 2324 119%
c - 132.24 38 25 43 178 43795 1 1577389 126585 1.9 26 14 8 16 48% 31394 9459 2324 119%
c - 133.48 36 24 43 179 43800 1 1590731 126610 1.9 25 13 8 16 48% 31394 9459 2324 119%
c - 134.75 38 23 43 180 43808 1 1604112 126067 1.9 25 13 8 16 48% 31394 9459 2324 119%
c u 136.22 44 23 43 180 43810 1 1614279 134816 1.9 25 13 8 16 48% 31394 9459 2324 119%
c v 136.63 44 23 43 180 43810 1 1614279 130695 1.9 25 13 8 16 48% 31394 9459 2324 119%
c w 136.77 44 23 43 180 43810 1 1614279 128772 1.9 25 13 8 16 48% 31394 9459 2324 119%
c - 137.16 36 23 43 181 43810 1 1617530 120618 1.9 25 13 8 16 48% 31394 9459 2324 119%
c - 138.46 38 22 43 182 43811 1 1630987 125332 2.0 25 13 8 16 49% 31394 9459 2324 119%
c ] 138.49 38 22 44 182 43811 1 1631331 125643 2.0 25 13 8 16 49% 31394 9459 2324 119%
c
c  seconds    switched      rate            size/glue  tier1     binary        remaining
c          MB   reductions     conflicts          size   tier2      irredundant
c           level     restarts        redundant      glue    trail        variables
c
c { 138.49 38 19 44 182 43811 3 1631331 125643 1.8 18 10 8 12 47% 31394 9459 2324 119%
c o 138.50 38 19 44 182 43820 3 1631384 125696 1.8 18 10 8 12 47% 31394 9459 2324 119%
c - 139.57 37 19 44 183 44171 2 1644479 128513 1.7 18 10 8 12 47% 31394 9459 2324 119%
c - 140.63 37 18 44 184 44406 2 1658006 130349 1.7 18 10 8 12 47% 31394 9459 2324 119%
c - 141.69 40 18 44 185 44710 2 1671571 133279 1.7 17 10 8 12 47% 31394 9459 2324 119%
c - 142.74 40 18 44 186 44972 2 1685172 135988 1.7 17 10 8 12 47% 31394 9459 2324 119%
c - 143.90 38 18 44 187 45531 2 1698811 137578 1.7 17 10 8 12 47% 31394 9459 2324 119%
c - 144.95 40 18 44 188 45845 2 1712485 137965 1.7 17 10 8 12 47% 31394 9459 2324 119%
c - 146.13 40 18 44 189 46327 2 1726197 138784 1.7 17 10 8 12 47% 31394 9459 2324 119%
c u 147.49 37 18 44 189 46713 2 1736851 148246 1.7 17 10 8 12 47% 31394 9459 2324 119%
c v 147.87 37 18 44 189 46713 2 1736851 147199 1.7 17 10 8 12 47% 31394 9459 2324 119%
c w 148.00 37 18 44 189 46713 2 1736851 147062 1.7 17 10 8 12 47% 31394 9459 2324 119%
c - 149.70 37 18 44 190 46870 2 1739944 139189 1.7 17 10 8 12 47% 31394 9459 2324 119%
c } 149.72 37 18 45 190 46871 2 1740162 139351 1.7 17 10 8 12 47% 31394 9459 2324 119%
c [ 149.72 37 22 45 190 46871 1 1740162 139351 2.0 25 13 8 16 49% 31394 9459 2324 119%
c I 149.72 37 22 45 190 46871 1 1740162 139351 2.0 25 13 8 16 49% 31394 9459 2324 119%
c - 150.78 37 24 45 191 46879 1 1753728 137870 1.9 26 13 8 16 49% 31394 9459 2324 119%
c - 151.91 37 24 45 192 46885 1 1767552 137016 1.9 25 13 8 16 49% 31394 9459 2324 119%
c - 153.15 37 24 45 193 46892 1 1781410 137057 1.9 25 13 8 16 49% 31394 9459 2324 119%
c - 154.37 37 24 45 194 46899 1 1795302 137118 1.9 25 13 8 16 49% 31394 9459 2324 119%
c
c  seconds    switched      rate            size/glue  tier1     binary        remaining
c          MB   reductions     conflicts          size   tier2      irredundant
c           level     restarts        redundant      glue    trail        variables
c
c - 155.64 37 24 45 195 46901 1 1809230 138781 1.9 25 13 8 16 49% 31394 9459 2324 119%
c - 156.95 37 23 45 196 46902 1 1823194 140429 1.9 25 13 8 16 49% 31394 9459 2324 119%
c ] 158.04 37 22 46 196 46909 1 1835179 151475 1.9 24 13 8 16 49% 31394 9459 2324 119%
c { 158.04 37 18 46 196 46909 2 1835179 151475 1.7 17 10 8 12 47% 31394 9459 2324 119%
c o 158.05 37 18 46 196 46914 2 1835212 151508 1.7 17 10 8 12 47% 31394 9459 2324 119%
c - 158.23 37 18 46 197 46938 2 1837197 142286 1.7 17 10 8 12 47% 31394 9459 2324 119%
c - 159.51 37 18 46 198 47619 2 1851233 143637 1.7 17 10 8 12 47% 31394 9459 2324 119%
c u 161.06 39 17 46 198 48070 2 1864377 155006 1.7 17 10 8 12 47% 31394 9459 2324 119%
c v 161.37 39 17 46 198 48070 2 1864377 151074 1.7 17 10 8 12 47% 31394 9459 2324 119%
c w 161.49 39 17 46 198 48070 2 1864377 149097 1.7 17 10 8 12 47% 31394 9459 2324 119%
c - 161.78 39 17 46 199 48093 2 1865304 143207 1.7 17 10 8 12 47% 31394 9459 2324 119%
c - 163.03 39 17 46 200 48507 2 1879410 146010 1.7 17 10 8 12 47% 31394 9459 2324 119%
c - 164.34 39 17 46 201 48976 2 1893553 148636 1.7 17 10 8 12 47% 31394 9459 2324 119%
c - 165.62 39 17 46 202 49631 2 1907730 150117 1.7 16 10 8 12 47% 31394 9459 2324 119%
c - 166.83 39 17 46 203 50007 2 1921944 151520 1.7 16 10 8 12 47% 31394 9459 2324 119%
c - 168.15 39 17 46 204 50594 2 1936191 153057 1.7 16 10 8 12 47% 31394 9459 2324 119%
c - 169.56 39 17 46 205 51427 2 1950473 120953 1.7 16 10 7 12 47% 31394 9459 2324 119%
c } 169.79 39 17 47 205 51535 2 1953224 123542 1.7 16 10 7 12 47% 31394 9459 2324 119%
c [ 169.79 39 22 47 205 51535 1 1953224 123542 1.9 24 13 8 16 49% 31394 9459 2324 119%
c B 169.79 39 22 47 205 51535 1 1953224 123542 1.9 24 13 8 16 49% 31394 9459 2324 119%
c
c  seconds    switched      rate            size/glue  tier1     binary        remaining
c          MB   reductions     conflicts          size   tier2      irredundant
c           level     restarts        redundant      glue    trail        variables
c
c - 170.70 39 23 47 206 51541 1 1964791 111203 1.9 25 13 8 16 49% 31394 9459 2324 119%
c - 171.93 39 23 47 207 51549 1 1979143 106138 1.9 25 13 8 16 49% 31394 9459 2324 119%
c - 173.32 39 23 47 208 51555 1 1993534 104623 1.8 25 14 8 16 49% 31394 9459 2324 119%
c u 174.09 39 23 47 208 51556 1 1996887 106790 1.8 25 14 8 16 49% 31394 9459 2324 119%
c v 174.55 39 23 47 208 51556 1 1996887 106469 1.8 25 14 8 16 49% 31394 9459 2324 119%
c w 174.70 39 23 47 208 51556 1 1996887 106240 1.8 25 14 8 16 49% 31394 9459 2324 119%
c - 175.83 39 23 47 209 51563 1 2007957 104158 1.8 25 14 8 16 49% 31394 9459 2324 119%
c - 177.22 39 23 47 210 51565 1 2022413 107100 1.8 25 13 8 16 49% 31394 9459 2324 119%
c - 178.53 39 23 47 211 51567 1 2036904 108142 1.8 25 13 8 16 48% 31394 9459 2324 119%
c - 179.88 39 22 47 212 51575 1 2051430 107925 1.9 25 13 7 16 49% 31394 9459 2324 119%
c ] 180.70 39 22 48 212 51580 1 2060907 117115 1.9 25 13 7 16 48% 31394 9459 2324 119%
c { 180.70 39 17 48 212 51580 2 2060907 117115 1.7 16 10 7 12 47% 31394 9459 2324 119%
c o 180.71 39 17 48 212 51587 2 2060957 117165 1.7 16 10 7 12 47% 31394 9459 2324 119%
c - 181.17 39 17 48 213 51908 2 2065991 107801 1.7 16 10 7 12 47% 31394 9459 2324 119%
c - 182.37 39 17 48 214 52569 2 2080585 106440 1.7 16 10 7 12 47% 31394 9459 2324 119%
c - 183.55 39 17 48 215 53126 2 2095213 105444 1.7 16 10 7 12 47% 31394 9459 2324 119%
c - 184.83 39 17 48 216 53925 2 2109875 105505 1.7 16 10 7 12 47% 31394 9459 2324 119%
c - 186.02 39 17 48 217 54522 2 2124572 105829 1.7 16 10 7 12 47% 31394 9459 2324 119%
c u 187.26 39 17 48 217 54747 2 2134428 112625 1.7 16 10 7 12 47% 31394 9459 2324 119%
c v 187.73 39 17 48 217 54747 2 2134428 111738 1.7 16 10 7 12 47% 31394 9459 2324 119%
c
c  seconds    switched      rate            size/glue  tier1     binary        remaining
c          MB   reductions     conflicts          size   tier2      irredundant
c           level     restarts        redundant      glue    trail        variables
c
c w 187.89 39 17 48 217 54747 2 2134428 111616 1.7 16 10 7 12 47% 31394 9459 2324 119%
c - 188.33 39 17 48 218 55054 2 2139302 103776 1.7 16 10 7 12 47% 31394 9459 2324 119%
c - 189.53 39 17 48 219 55542 2 2154066 104486 1.7 16 10 7 12 47% 31394 9459 2324 119%
c - 190.69 39 17 48 220 56006 2 2168866 105600 1.7 16 10 7 12 47% 31394 9459 2324 119%
c - 191.88 39 17 48 221 56695 2 2183699 106505 1.7 16 10 7 12 47% 31394 9459 2324 119%
c } 192.32 39 17 49 221 56971 2 2188517 110946 1.7 16 10 7 12 47% 31394 9459 2324 119%
c [ 192.32 39 22 49 221 56971 1 2188517 110946 1.9 25 13 7 16 48% 31394 9459 2324 119%
c W 193.04 39 22 49 221 56971 1 2188517 110946 1.9 25 13 7 16 48% 31394 9459 2324 119%
c - 193.82 39 22 49 222 56977 1 2198565 108380 1.9 24 13 7 16 48% 31394 9459 2324 119%
c - 195.00 39 21 49 223 56985 1 2213465 110507 1.9 24 13 7 16 48% 31394 9459 2324 119%
c - 196.25 39 21 49 224 56991 1 2228398 112391 1.9 24 12 7 15 48% 31394 9459 2324 119%
c - 197.53 39 20 49 225 56999 1 2243364 113560 1.9 24 12 7 15 48% 31394 9459 2324 119%
c - 198.92 39 20 49 226 57001 1 2258365 114998 1.9 23 12 7 15 48% 31394 9459 2324 119%
c - 200.36 39 20 49 227 57004 1 2273399 115251 1.9 23 12 7 15 48% 31394 9459 2324 119%
c u 201.28 39 20 49 227 57007 1 2277028 118229 1.9 23 12 7 15 48% 31394 9459 2324 119%
c v 201.79 39 20 49 227 57007 1 2277028 117392 1.9 23 12 7 15 48% 31394 9459 2324 119%
c w 201.96 39 20 49 227 57007 1 2277028 116511 1.9 23 12 7 15 48% 31394 9459 2324 119%
c o 201.99 39 20 49 227 57007 1 2277028 116511 1.9 23 12 7 15 48% 31394 9459 2324 119%
c - 202.92 39 26 49 228 57013 1 2288466 109815 1.8 25 13 7 15 48% 31394 9459 2324 119%
c O 204.10 39 28 49 228 57016 1 2302856 123857 1.8 25 14 7 15 48% 31394 9459 2324 119%
c
c  seconds    switched      rate            size/glue  tier1     binary        remaining
c          MB   reductions     conflicts          size   tier2      irredundant
c           level     restarts        redundant      glue    trail        variables
c
c - 204.18 39 28 49 229 57017 1 2303565 104930 1.8 25 14 7 15 48% 31394 9459 2324 119%
c ] 204.46 39 27 50 229 57019 1 2307348 108273 1.8 25 14 7 15 48% 31394 9459 2324 119%
c { 204.46 39 17 50 229 57019 2 2307348 108273 1.7 16 10 7 12 47% 31394 9459 2324 119%
c - 205.38 39 16 50 230 57023 2 2318697 104917 1.7 16 10 7 11 47% 31394 9459 2324 119%
c - 206.62 39 15 50 231 57024 2 2333864 106730 1.6 15 9 7 11 47% 31394 9459 2324 119%
c - 207.82 39 15 50 232 57042 2 2349062 108995 1.6 15 9 7 11 47% 31394 9459 2324 119%
c - 208.97 39 14 50 233 57113 2 2364295 111382 1.7 15 9 7 11 47% 31394 9459 2324 119%
c - 210.09 39 14 50 234 57146 2 2379560 112120 1.6 15 9 7 11 47% 31394 9459 2324 119%
c - 211.30 39 13 50 235 57264 2 2394860 112534 1.6 15 9 7 11 47% 31394 9459 2324 119%
c - 212.38 39 13 50 236 57292 2 2410189 114110 1.6 14 9 7 11 46% 31394 9459 2324 119%
c u 213.94 39 12 50 236 57372 2 2424740 121703 1.6 14 9 7 11 47% 31394 9459 2324 119%
c v 214.39 39 12 50 236 57372 2 2424740 118672 1.6 14 9 7 11 47% 31394 9459 2324 119%
c w 214.55 39 12 50 236 57372 2 2424740 118501 1.6 14 9 7 11 47% 31394 9459 2324 119%
c - 214.66 39 12 50 237 57384 2 2425552 110866 1.6 14 9 7 11 47% 31394 9459 2324 119%
c - 215.76 39 12 50 238 57468 1 2440946 118189 1.6 14 9 7 11 47% 31394 9459 2324 119%
c } 216.06 39 12 51 238 57519 1 2444873 121323 1.6 14 9 7 11 47% 31394 9459 2324 119%
c [ 216.06 39 27 51 238 57519 1 2444873 121323 1.8 25 14 7 15 48% 31394 9459 2324 119%
c B 216.06 39 27 51 238 57519 1 2444873 121323 1.8 25 14 7 15 48% 31394 9459 2324 119%
c - 216.91 39 27 51 239 57525 1 2456375 121500 1.8 25 14 7 15 48% 31394 9459 2324 119%
c - 218.06 39 26 51 240 57533 1 2471835 124518 1.8 25 14 7 16 48% 31394 9459 2324 119%
c
c  seconds    switched      rate            size/glue  tier1     binary        remaining
c          MB   reductions     conflicts          size   tier2      irredundant
c           level     restarts        redundant      glue    trail        variables
c
c - 219.41 39 26 51 241 57540 1 2487327 125860 1.8 25 14 7 16 48% 31394 9459 2324 119%
c - 220.79 39 26 51 242 57548 1 2502852 125318 1.8 26 14 7 16 48% 31394 9459 2324 119%
c - 222.12 39 26 51 243 57549 1 2518408 125131 1.8 26 14 7 16 48% 31394 9459 2324 119%
c - 223.49 39 26 51 244 57555 1 2533996 123750 1.9 27 14 7 16 48% 31394 9459 2324 119%
c - 224.87 39 26 51 245 57563 1 2549617 122265 1.8 27 14 7 16 48% 31394 9459 2324 119%
c - 226.29 39 26 51 246 57569 1 2565269 120949 1.8 26 14 7 16 48% 31394 9459 2324 119%
c ] 226.46 39 26 52 246 57570 1 2566986 122493 1.8 26 14 7 16 48% 31394 9459 2324 119%
c { 226.46 39 12 52 246 57570 1 2566986 122493 1.6 14 9 7 11 47% 31394 9459 2324 119%
c o 226.47 39 12 52 246 57585 1 2567065 122568 1.6 14 9 7 11 47% 31394 9459 2324 119%
c u 228.38 39 13 52 246 59799 2 2577561 131949 1.6 14 9 7 11 47% 31394 9459 2324 119%
c v 228.93 39 13 52 246 59799 2 2577561 131814 1.6 14 9 7 11 47% 31394 9459 2324 119%
c w 229.11 39 13 52 246 59799 2 2577561 129654 1.6 14 9 7 11 47% 31394 9459 2324 119%
c - 229.57 39 13 52 247 60390 2 2580954 119992 1.6 14 9 7 11 47% 31394 9459 2324 119%
c - 231.22 39 14 52 248 62238 2 2596670 122300 1.6 15 9 7 11 47% 31394 9459 2324 119%
c - 232.79 39 15 52 249 63786 2 2612418 121459 1.6 15 9 7 11 47% 31394 9459 2324 119%
c - 234.32 39 15 52 250 65186 2 2628198 121034 1.6 15 9 7 11 47% 31394 9459 2324 119%
c - 235.83 39 16 52 251 66233 3 2644009 120697 1.6 15 9 7 11 47% 31394 9459 2324 119%
c - 237.31 39 16 52 252 67256 3 2659851 121112 1.6 15 10 7 11 47% 31394 9459 2324 119%
c - 238.70 39 16 52 253 67970 3 2675725 122287 1.6 15 10 7 11 47% 31394 9459 2324 119%
c - 240.09 39 16 52 254 68813 3 2691630 123131 1.6 15 10 7 11 47% 31394 9459 2324 119%
c
c  seconds    switched      rate            size/glue  tier1     binary        remaining
c          MB   reductions     conflicts          size   tier2      irredundant
c           level     restarts        redundant      glue    trail        variables
c
c - 241.47 39 16 52 255 69442 3 2707567 124490 1.6 15 10 7 11 47% 31394 9459 2324 119%
c } 242.15 39 16 53 255 70018 3 2714773 131241 1.6 16 10 7 11 47% 31394 9459 2324 119%
c [ 242.15 39 26 53 255 70018 1 2714773 131241 1.8 26 14 7 16 48% 31394 9459 2324 119%
c W 243.07 39 26 53 255 70018 1 2714773 131241 1.8 26 14 7 16 48% 31394 9459 2324 119%
c - 243.80 39 25 53 256 70024 1 2723535 126174 1.8 26 14 7 16 48% 31394 9459 2324 119%
c u 245.40 39 24 53 256 70031 1 2735544 136819 1.8 25 14 7 16 48% 31394 9459 2324 119%
c v 245.94 39 24 53 256 70031 1 2735544 135174 1.8 25 14 7 16 48% 31394 9459 2324 119%
c w 246.14 39 24 53 256 70031 1 2735544 134531 1.8 25 14 7 16 48% 31394 9459 2324 119%
c - 246.55 39 24 53 257 70032 1 2739535 125378 1.8 25 14 7 16 48% 31394 9459 2324 119%
c - 247.93 39 23 53 258 70038 1 2755566 126864 1.9 25 13 7 16 48% 31394 9459 2324 119%
c - 249.35 39 22 53 259 70046 1 2771628 128508 1.9 24 13 7 16 48% 31394 9459 2324 119%
c - 250.85 39 22 53 260 70048 1 2787721 129055 1.9 24 13 7 16 48% 31394 9459 2324 119%
c - 252.45 39 22 53 261 70054 1 2803845 129287 1.9 24 13 7 16 48% 31394 9459 2324 119%
c - 254.10 39 21 53 262 70062 1 2820001 129015 1.9 24 13 7 16 47% 31394 9459 2324 119%
c - 255.72 39 21 53 263 70069 1 2836187 128777 1.9 24 13 7 16 47% 31394 9459 2324 119%
c I 257.07 39 20 53 263 70076 1 2849016 140691 1.9 23 12 7 16 47% 31394 9459 2324 119%
c o 257.07 39 20 53 263 70076 1 2849016 140691 1.9 23 12 7 16 47% 31394 9459 2324 119%
c - 257.40 39 27 53 264 70077 1 2852404 126178 1.7 26 15 7 16 47% 31394 9459 2324 119%
c ] 257.97 39 30 54 264 70078 1 2859548 133143 1.7 27 16 7 16 47% 31394 9459 2324 119%
c { 257.97 39 16 54 264 70078 3 2859548 133143 1.6 16 10 7 11 47% 31394 9459 2324 119%
c
c  seconds    switched      rate            size/glue  tier1     binary        remaining
c          MB   reductions     conflicts          size   tier2      irredundant
c           level     restarts        redundant      glue    trail        variables
c
c - 259.80 39 20 54 265 71993 3 2868652 119150 1.6 17 10 7 11 47% 31394 9459 2324 119%
c - 262.92 39 24 54 266 75431 5 2884930 113414 1.7 19 11 7 11 47% 31394 9459 2324 119%
c u 266.45 39 28 54 266 78330 5 2898688 124566 1.7 20 12 7 11 47% 31394 9459 2324 119%
c v 267.19 39 28 54 266 78330 5 2898688 124005 1.7 20 12 7 11 47% 31394 9459 2324 119%
c w 267.48 39 28 54 266 78330 5 2898688 123970 1.7 20 12 7 11 47% 31394 9459 2324 119%
c - 268.10 39 29 54 267 78865 6 2901239 106355 1.7 20 12 7 11 47% 31394 9459 2324 119%
c - 271.44 39 32 54 268 82335 6 2917579 103148 1.7 22 13 7 11 47% 31394 9459 2324 119%
c - 274.53 39 35 54 269 85575 7 2933950 99999 1.7 23 13 7 11 47% 31394 9459 2324 119%
c - 277.48 39 37 54 270 88304 7 2950352 99284 1.8 24 14 7 11 47% 31394 9459 2324 119%
c - 280.22 39 39 54 271 90643 8 2966784 99785 1.8 25 14 7 11 47% 31394 9459 2324 119%
c - 282.86 39 40 54 272 92556 7 2983247 100790 1.8 26 14 7 11 47% 31394 9459 2324 119%
c - 285.52 39 41 54 273 94300 7 2999740 101799 1.9 27 14 7 11 47% 31394 9459 2324 119%
c - 288.09 39 42 54 274 95980 7 3016263 102553 1.9 27 15 7 12 47% 31394 9459 2324 119%
c } 288.26 39 42 55 274 95985 7 3017944 104197 1.9 28 15 7 12 47% 31394 9459 2324 119%
c [ 288.26 39 30 55 274 95985 1 3017944 104197 1.7 27 16 7 16 47% 31394 9459 2324 119%
c B 288.26 39 30 55 274 95985 1 3017944 104197 1.7 27 16 7 16 47% 31394 9459 2324 119%
c - 289.63 39 29 55 275 95994 1 3032816 104639 1.7 27 15 7 16 47% 31394 9459 2324 119%
c - 291.40 39 28 55 276 95999 1 3049399 108381 1.7 26 15 7 16 47% 31394 9459 2324 119%
c - 293.04 39 26 55 277 96009 1 3066012 111749 1.7 25 14 7 16 47% 31394 9459 2324 119%
c u 294.15 39 26 55 277 96009 1 3067047 110005 1.7 25 14 7 16 47% 31394 9459 2324 119%
c
c  seconds    switched      rate            size/glue  tier1     binary        remaining
c          MB   reductions     conflicts          size   tier2      irredundant
c           level     restarts        redundant      glue    trail        variables
c
c v 295.11 39 26 55 277 96009 1 3067047 100469 1.7 25 14 7 16 47% 31394 9459 2324 119%
c w 295.45 39 26 55 277 96009 1 3067047 94725 1.7 25 14 7 16 47% 31394 9459 2324 119%
c - 300.42 39 25 55 278 96014 1 3082655 100470 1.8 25 14 7 16 47% 31394 9459 2324 119%
c - 302.02 39 24 55 279 96015 1 3099330 106436 1.8 24 14 7 15 47% 31394 9459 2324 119%
c - 303.68 39 23 55 280 96025 1 3116035 109321 1.8 23 13 7 15 47% 31394 9459 2324 119%
c - 305.28 39 23 55 281 96031 1 3132768 108576 1.8 24 13 7 15 47% 31394 9459 2324 119%
c - 306.92 39 22 55 282 96041 1 3149533 107459 1.8 23 13 7 15 47% 31394 9459 2324 119%
c W 309.91 39 22 55 282 96046 1 3166133 123058 1.8 24 13 7 15 47% 31394 9459 2324 119%
c o 309.91 39 22 55 282 96046 1 3166133 123058 1.8 24 13 7 15 47% 31394 9459 2324 119%
c - 309.94 39 22 55 283 96046 1 3166325 107937 1.8 24 13 7 15 47% 31394 9459 2324 119%
c - 311.30 39 28 55 284 96047 1 3183147 103856 1.8 24 13 7 15 47% 31394 9459 2324 119%
c - 312.80 39 29 55 285 96047 1 3200000 99018 1.7 24 14 7 15 47% 31394 9459 2324 119%
c - 314.39 39 30 55 286 96050 1 3216881 97589 1.7 24 14 7 15 47% 31394 9459 2324 119%
c - 316.00 39 29 55 287 96060 1 3233792 97862 1.7 24 14 7 15 47% 31394 9459 2324 119%
c u 317.17 39 29 55 287 96062 1 3240644 103929 1.7 24 14 7 15 47% 31394 9459 2324 119%
c v 317.65 39 29 55 287 96062 1 3240644 102497 1.7 24 14 7 15 47% 31394 9459 2324 119%
c w 317.82 39 29 55 287 96062 1 3240644 100414 1.7 24 14 7 15 47% 31394 9459 2324 119%
c - 318.94 39 28 55 288 96065 1 3250734 97996 1.7 24 14 7 15 47% 31394 9459 2324 119%
c - 320.52 39 26 55 289 96075 1 3267705 103232 1.8 24 13 7 15 47% 31394 9459 2324 119%
c - 322.13 39 25 55 290 96078 1 3284705 107140 1.8 23 13 7 15 47% 31394 9459 2324 119%
c
c  seconds    switched      rate            size/glue  tier1     binary        remaining
c          MB   reductions     conflicts          size   tier2      irredundant
c           level     restarts        redundant      glue    trail        variables
c
c ] 323.52 39 24 56 290 96080 1 3298632 120184 1.8 23 13 7 15 47% 31394 9459 2324 119%
c { 323.52 39 42 56 290 96080 7 3298632 120184 1.9 28 15 7 12 47% 31394 9459 2324 119%
c - 323.86 39 41 56 291 96080 7 3301734 107680 1.9 27 14 7 12 47% 31394 9459 2324 119%
c - 325.64 39 37 56 292 96081 6 3318792 108541 1.9 27 14 7 12 47% 31394 9459 2324 119%
c - 327.48 39 34 56 293 96082 5 3335881 111141 1.9 25 13 7 12 47% 31394 9459 2324 119%
c - 329.16 39 31 56 294 96108 5 3352999 111787 1.9 24 13 7 12 47% 31394 9459 2324 119%
c - 330.62 39 29 56 295 96161 4 3370147 112494 1.9 23 12 7 12 47% 31394 9459 2324 119%
c - 332.01 39 27 56 296 96222 4 3387322 115482 1.9 22 12 7 12 47% 31394 9459 2324 119%
c - 333.51 39 25 56 297 96293 3 3404526 118018 1.9 22 12 7 12 47% 31394 9459 2324 119%
c o 334.05 39 24 56 297 96303 3 3411114 124086 1.9 21 12 7 12 47% 31394 9459 2324 119%
c u 335.56 39 24 56 297 96435 3 3419504 123285 1.8 21 11 7 12 47% 31394 9459 2324 119%
c v 336.21 39 24 56 297 96435 3 3419504 120929 1.8 21 11 7 12 47% 31394 9459 2324 119%
c w 336.44 39 24 56 297 96435 3 3419504 120314 1.8 21 11 7 12 47% 31394 9459 2324 119%
c - 336.71 39 24 56 298 96435 3 3421759 109643 1.8 21 11 7 12 47% 31394 9459 2324 119%
c - 338.20 39 22 56 299 96602 3 3439023 112895 1.8 20 11 7 12 47% 31394 9459 2324 119%
c - 339.61 39 21 56 300 96659 3 3456314 115116 1.8 20 11 7 11 47% 31394 9459 2324 119%
c } 340.58 39 21 57 300 96757 3 3467975 125684 1.8 20 11 7 11 47% 31394 9459 2324 119%
c [ 340.58 39 24 57 300 96757 1 3467975 125684 1.8 23 13 7 15 47% 31394 9459 2324 119%
c O 340.58 39 24 57 300 96757 1 3467975 125684 1.8 23 13 7 15 47% 31394 9459 2324 119%
c - 341.17 39 24 57 301 96761 1 3473635 116613 1.8 23 13 7 15 47% 31394 9459 2324 119%
c
c  seconds    switched      rate            size/glue  tier1     binary        remaining
c          MB   reductions     conflicts          size   tier2      irredundant
c           level     restarts        redundant      glue    trail        variables
c
c - 342.94 39 23 57 302 96770 1 3490985 118729 1.8 22 12 7 15 47% 31394 9459 2324 119%
c - 344.79 39 21 57 303 96777 1 3508365 120763 1.8 22 12 7 15 47% 31394 9459 2324 119%
c - 346.89 39 21 57 304 96786 1 3525771 121737 1.8 22 12 7 15 47% 31394 9459 2324 119%
c - 348.87 39 21 57 305 96787 1 3543207 121906 1.9 22 12 7 15 47% 31394 9459 2324 119%
c - 350.82 39 21 57 306 96794 1 3560672 122065 1.9 23 12 7 15 47% 31394 9459 2324 119%
c - 352.83 39 21 57 307 96802 1 3578165 124411 1.9 23 12 7 15 47% 31394 9459 2324 119%
c - 354.86 39 21 57 308 96810 1 3595686 125807 1.9 23 12 7 15 47% 31394 9459 2324 119%
c ] 355.70 39 21 58 308 96815 1 3602942 132594 1.9 23 12 7 15 47% 31394 9459 2324 119%
c { 355.70 39 21 58 308 96815 3 3602942 132594 1.8 20 11 7 11 47% 31394 9459 2324 119%
c u 356.67 39 20 58 308 96817 3 3603654 132011 1.8 20 11 7 11 47% 31394 9459 2324 119%
c v 357.52 39 20 58 308 96817 3 3603654 130671 1.8 20 11 7 11 47% 31394 9459 2324 119%
c w 357.81 39 20 58 308 96817 3 3603654 129152 1.8 20 11 7 11 47% 31394 9459 2324 119%
c - 358.74 39 20 58 309 96874 2 3613236 123839 1.8 19 11 7 11 47% 31394 9459 2324 119%
c - 360.35 39 19 58 310 97141 2 3630814 126163 1.8 19 10 7 11 47% 31394 9459 2324 119%
c - 361.93 39 19 58 311 97431 2 3648420 126697 1.8 19 10 7 11 47% 31394 9459 2324 119%
c o 363.13 39 19 58 311 97732 2 3662011 139171 1.8 18 10 7 11 47% 31394 9459 2324 119%
c - 363.51 39 18 58 312 97838 2 3666056 128271 1.8 18 10 7 11 47% 31394 9459 2324 119%
c - 365.15 39 18 58 313 98205 2 3683719 129655 1.8 18 10 7 11 47% 31394 9459 2324 119%
c - 366.70 39 18 58 314 98517 2 3701412 129973 1.8 18 10 7 11 47% 31394 9459 2324 119%
c - 368.30 39 17 58 315 98918 2 3719133 131950 1.7 17 10 7 11 47% 31394 9459 2324 119%
c
c  seconds    switched      rate            size/glue  tier1     binary        remaining
c          MB   reductions     conflicts          size   tier2      irredundant
c           level     restarts        redundant      glue    trail        variables
c
c - 369.93 39 17 58 316 99343 2 3736881 135079 1.7 17 10 7 11 47% 31394 9459 2324 119%
c - 371.60 39 17 58 317 99842 2 3754657 138012 1.7 17 10 7 11 47% 31394 9459 2324 119%
c - 373.27 39 17 58 318 100302 2 3772462 140203 1.7 17 10 7 11 47% 31394 9459 2324 119%
c } 374.31 39 17 59 318 100639 2 3783571 150429 1.7 17 10 7 11 47% 31394 9459 2324 119%
c [ 374.31 39 21 59 318 100639 1 3783571 150429 1.9 23 12 7 15 47% 31394 9459 2324 119%
c B 374.31 39 21 59 318 100639 1 3783571 150429 1.9 23 12 7 15 47% 31394 9459 2324 119%
c - 374.90 39 22 59 319 100644 1 3790297 140549 1.9 24 12 7 15 47% 31394 9459 2324 119%
c u 375.86 39 22 59 319 100645 1 3793120 142091 1.9 24 13 7 15 47% 31394 9459 2324 119%
c v 376.51 39 22 59 319 100645 1 3793120 140104 1.9 24 13 7 15 47% 31394 9459 2324 119%
c w 376.75 39 22 59 319 100645 1 3793120 139662 1.9 24 13 7 15 47% 31394 9459 2324 119%
c - 378.11 39 22 59 320 100652 1 3808158 137053 1.9 24 13 7 15 48% 31394 9459 2324 119%
c - 379.86 39 22 59 321 100660 1 3826048 138200 1.9 25 13 7 15 48% 31394 9459 2324 119%
c - 381.68 39 22 59 322 100668 1 3843968 140770 2.0 25 13 7 15 48% 31394 9459 2324 119%
c - 383.51 41 22 59 323 100669 1 3861912 141718 2.0 26 13 7 15 48% 31394 9459 2324 119%
c - 385.43 41 23 59 324 100678 1 3879884 141567 1.9 25 13 7 15 48% 31394 9459 2324 119%
c - 387.45 41 23 59 325 100684 1 3897885 141110 1.9 26 13 7 15 48% 31394 9459 2324 119%
c - 389.47 41 22 59 326 100696 1 3915914 140144 1.9 25 13 7 15 48% 31394 9459 2324 119%
c - 391.51 41 22 59 327 100700 1 3933969 141165 1.9 25 13 7 15 48% 31394 9459 2324 119%
c ] 392.42 41 22 60 327 100700 1 3942692 149605 1.9 25 13 7 15 47% 31394 9459 2324 119%
c { 392.42 41 17 60 327 100700 2 3942692 149605 1.7 17 10 7 11 47% 31394 9459 2324 119%
c
c  seconds    switched       rate            size/glue  tier1     binary        remaining
c          MB   reductions      conflicts          size   tier2      irredundant
c           level      restarts        redundant      glue    trail        variables
c
c o 392.43 41 17 60 327 100704 2 3942731 149644 1.7 17 10 7 11 47% 31394 9459 2324 119%
c - 393.45 41 17 60 328 101024 2 3952052 142177 1.7 17 10 7 11 47% 31394 9459 2324 119%
c - 395.29 41 17 60 329 101527 2 3970164 142330 1.7 17 10 7 11 46% 31394 9459 2324 119%
c u 398.00 41 17 60 329 102235 2 3987929 157691 1.7 17 10 7 11 46% 31394 9459 2324 119%
c v 398.80 41 17 60 329 102235 2 3987929 157108 1.7 17 10 7 11 46% 31394 9459 2324 119%
c w 399.10 41 17 60 329 102235 2 3987929 157016 1.7 17 10 7 11 46% 31394 9459 2324 119%
c - 399.20 41 17 60 330 102238 2 3988303 141926 1.7 17 10 7 11 46% 31394 9459 2324 119%
c - 401.09 41 17 60 331 102943 2 4006468 142532 1.7 17 10 7 11 47% 31394 9459 2324 119%
c - 402.96 41 17 60 332 103557 2 4024662 143069 1.7 17 10 7 11 47% 31394 9459 2324 119%
c - 404.82 41 17 60 333 104357 2 4042882 144180 1.7 17 10 7 11 47% 31394 9459 2324 119%
c - 406.60 41 17 60 334 104815 2 4061130 145408 1.7 17 10 7 11 46% 31394 9459 2324 119%
c - 408.42 41 17 60 335 105378 2 4079405 146388 1.7 16 10 7 11 46% 31394 9459 2324 119%
c - 410.50 41 17 60 336 106335 2 4097708 147863 1.7 16 10 7 11 47% 31394 9459 2324 119%
c - 412.28 41 17 60 337 106640 2 4116039 149368 1.7 16 10 7 11 46% 31394 9459 2324 119%
c - 414.23 41 17 60 338 107300 2 4134397 117677 1.7 16 10 6 11 46% 31394 9459 2324 119%
c } 414.28 41 17 61 338 107300 2 4134944 118187 1.7 16 10 6 11 46% 31394 9459 2324 119%
c [ 414.28 41 22 61 338 107300 1 4134944 118187 1.9 25 13 7 15 47% 31394 9459 2324 119%
c W 416.03 41 22 61 338 107300 1 4134944 118187 1.9 25 13 7 15 47% 31394 9459 2324 119%
c - 417.56 41 22 61 339 107311 1 4152781 108567 1.9 25 13 7 15 48% 31394 9459 2324 119%
c - 419.26 41 22 61 340 107317 1 4171192 104694 1.9 24 13 7 15 48% 31394 9459 2324 119%
c
c  seconds    switched       rate            size/glue  tier1     binary        remaining
c          MB   reductions      conflicts          size   tier2      irredundant
c           level      restarts        redundant      glue    trail        variables
c
c u 421.64 41 21 61 340 107327 1 4188105 118075 1.9 24 13 7 15 48% 31394 9459 2324 119%
c v 422.40 41 21 61 340 107327 1 4188105 115955 1.9 24 13 7 15 48% 31394 9459 2324 119%
c w 422.67 41 21 61 340 107327 1 4188105 113049 1.9 24 13 7 15 48% 31394 9459 2324 119%
c - 422.87 41 21 61 341 107328 1 4189631 97406 1.9 24 13 7 15 48% 31394 9459 2324 119%
c - 424.62 41 21 61 342 107330 1 4208098 96935 1.9 25 13 7 15 48% 31394 9459 2324 119%
c - 426.50 41 22 61 343 107337 1 4226593 96099 1.9 25 13 7 15 48% 31394 9459 2324 119%
c - 428.34 41 22 61 344 107345 1 4245114 96383 1.9 25 13 7 15 48% 31394 9459 2324 119%
c - 430.14 41 22 61 345 107354 1 4263662 96564 1.9 26 13 7 15 48% 31394 9459 2324 119%
c - 432.09 41 22 61 346 107360 1 4282237 96152 1.9 26 13 7 15 48% 31394 9459 2324 119%
c - 434.04 41 22 61 347 107362 1 4300838 95423 1.9 26 13 7 15 47% 31394 9459 2324 119%
c I 435.31 41 22 61 347 107362 1 4312596 106407 1.9 26 13 7 15 47% 31394 9459 2324 119%
c o 435.31 41 22 61 347 107362 1 4312596 106407 1.9 26 13 7 15 47% 31394 9459 2324 119%
c - 435.93 41 43 61 348 107362 1 4319466 92682 1.7 29 17 7 15 47% 31394 9459 2324 119%
c ] 436.25 41 54 62 348 107362 1 4323091 96169 1.6 31 19 7 15 47% 31394 9459 2324 119%
c { 436.25 41 17 62 348 107362 2 4323091 96169 1.7 16 10 6 11 46% 31394 9459 2324 119%
c - 437.75 41 17 62 349 107887 2 4338122 91956 1.7 16 10 6 11 46% 31394 9459 2324 119%
c - 439.41 41 17 62 350 108468 2 4356803 95777 1.7 16 10 6 11 46% 31394 9459 2324 119%
c - 441.13 41 17 62 351 109197 2 4375511 99713 1.7 16 10 6 11 46% 31394 9459 2324 119%
c u 443.61 41 17 62 351 109999 2 4393673 114095 1.7 16 10 6 11 46% 31394 9459 2324 119%
c v 444.41 41 17 62 351 109999 2 4393673 111470 1.7 16 10 6 11 46% 31394 9459 2324 119%
c
c  seconds    switched       rate            size/glue  tier1     binary        remaining
c          MB   reductions      conflicts          size   tier2      irredundant
c           level      restarts        redundant      glue    trail        variables
c
c w 444.70 41 17 62 351 109999 2 4393673 111093 1.7 16 10 6 11 46% 31394 9459 2324 119%
c - 444.79 41 17 62 352 110011 2 4394246 97673 1.7 16 10 6 11 46% 31394 9459 2324 119%
c - 446.57 41 17 62 353 110759 2 4413007 100140 1.7 16 10 6 11 46% 31394 9459 2324 119%
c - 448.36 41 17 62 354 111458 2 4431796 102098 1.7 16 10 6 11 47% 31394 9459 2324 119%
c - 450.19 41 17 62 355 112331 2 4450611 103293 1.7 16 10 6 11 47% 31394 9459 2324 119%
c - 451.91 41 17 62 356 112919 2 4469453 104425 1.7 16 10 6 11 47% 31394 9459 2324 119%
c - 453.67 41 17 62 357 113628 2 4488320 105104 1.7 16 10 6 11 47% 31394 9459 2324 119%
c - 455.49 41 17 62 358 114320 2 4507215 105442 1.6 16 10 6 11 47% 31394 9459 2324 119%
c - 457.18 41 17 62 359 114775 2 4526138 105532 1.6 16 10 6 11 47% 31394 9459 2324 119%
c } 457.31 41 17 63 359 114853 2 4527300 106646 1.6 16 10 6 11 47% 31394 9459 2324 119%
c [ 457.31 41 54 63 359 114853 1 4527300 106646 1.6 31 19 7 15 47% 31394 9459 2324 119%
c B 457.31 41 54 63 359 114853 1 4527300 106646 1.6 31 19 7 15 47% 31394 9459 2324 119%
c - 458.85 41 49 63 360 114864 1 4545085 101624 1.6 31 19 7 15 47% 31394 9459 2324 119%
c - 460.62 41 44 63 361 114870 1 4564063 100558 1.7 29 18 7 15 48% 31394 9459 2324 119%
c - 462.65 41 40 63 362 114881 1 4583063 103211 1.7 29 17 7 15 48% 31394 9459 2324 119%
c - 464.64 41 36 63 363 114883 1 4602091 103238 1.7 28 16 7 15 49% 31394 9459 2324 119%
c u 465.63 41 36 63 363 114883 1 4604660 102372 1.7 28 16 7 15 49% 31394 9459 2324 119%
c v 466.43 41 36 63 363 114883 1 4604660 100246 1.7 28 16 7 15 49% 31394 9459 2324 119%
c w 466.70 41 36 63 363 114883 1 4604660 98598 1.7 28 16 7 15 49% 31394 9459 2324 119%
c o 466.72 41 36 63 363 114883 1 4604660 98598 1.7 28 16 7 15 49% 31394 9459 2324 119%
c
c  seconds    switched       rate           size/glue  tier1     binary        remaining
c          MB   reductions      conflicts         size   tier2      irredundant
c           level      restarts        redundant     glue    trail        variables
c
c - 467.98 41 36 63 364 114890 1 4621144 97526 1.7 27 16 6 15 49% 31394 9459 2324 119%
c - 469.63 41 34 63 365 114898 1 4640223 96818 1.7 27 15 6 15 49% 31394 9459 2324 119%
c - 471.43 41 32 63 366 114909 1 4659328 96023 1.7 26 15 6 15 48% 31394 9459 2324 119%
c - 473.33 41 30 63 367 114914 1 4678459 96351 1.7 26 15 6 15 48% 31394 9459 2324 119%
c - 475.22 41 28 63 368 114915 1 4697616 97979 1.8 25 14 6 15 48% 31394 9459 2324 119%
c - 477.09 41 27 63 369 114915 1 4716799 99175 1.8 25 14 6 15 48% 31394 9459 2324 119%
c W 479.51 41 26 63 369 114915 1 4720441 102675 1.8 25 14 6 15 48% 31394 9459 2324 119%
c ] 479.57 41 26 64 369 114915 1 4720976 103194 1.8 25 14 6 15 48% 31394 9459 2324 119%
c { 479.57 41 17 64 369 114915 2 4720976 103194 1.6 16 10 6 11 47% 31394 9459 2324 119%
c - 480.93 41 17 64 370 115280 2 4736009 100659 1.7 16 10 6 11 47% 31394 9459 2324 119%
c - 482.67 41 17 64 371 116122 2 4755244 101691 1.6 16 10 6 11 47% 31394 9459 2324 119%
c - 484.36 41 17 64 372 116677 2 4774505 102844 1.7 16 10 6 11 47% 31394 9459 2324 119%
c - 486.11 41 16 64 373 117294 2 4793792 104320 1.7 16 10 6 11 47% 31394 9459 2324 119%
c - 487.86 41 17 64 374 118016 2 4813106 106149 1.7 16 10 6 11 47% 31394 9459 2324 119%
c u 489.22 41 17 64 374 118181 2 4821090 106268 1.7 16 10 6 11 47% 31394 9459 2324 119%
c v 489.99 41 17 64 374 118181 2 4821090 103588 1.7 16 10 6 11 47% 31394 9459 2324 119%
c w 490.25 41 17 64 374 118181 2 4821090 103049 1.7 16 10 6 11 47% 31394 9459 2324 119%
c - 491.24 41 17 64 375 118603 2 4832445 98833 1.7 16 10 6 11 47% 31394 9459 2324 119%
c - 492.80 41 17 64 376 119254 2 4851813 101848 1.6 16 10 6 11 47% 31394 9459 2324 119%
c - 494.49 41 17 64 377 120046 2 4871203 103417 1.6 16 10 6 11 47% 31394 9459 2324 119%
c
c  seconds    switched       rate            size/glue  tier1     binary        remaining
c          MB   reductions      conflicts          size   tier2      irredundant
c           level      restarts        redundant      glue    trail        variables
c
c - 496.12 41 17 64 378 120579 2 4890620 104081 1.6 16 10 6 11 47% 31394 9459 2324 119%
c o 496.49 41 17 64 378 120667 2 4895194 108095 1.6 16 10 6 11 47% 31394 9459 2324 119%
c - 497.73 41 17 64 379 121161 2 4910062 104247 1.6 16 10 6 11 47% 31394 9459 2324 119%
c - 499.50 41 17 64 380 121998 2 4929529 105077 1.7 16 10 6 11 47% 31394 9459 2324 119%
c } 500.12 41 16 65 380 122168 2 4937477 111959 1.7 16 10 6 11 47% 31394 9459 2324 119%
c [ 500.12 41 26 65 380 122168 1 4937477 111959 1.8 25 14 6 15 48% 31394 9459 2324 119%
c O 500.12 41 26 65 380 122168 1 4937477 111959 1.8 25 14 6 15 48% 31394 9459 2324 119%
c - 501.04 41 25 65 381 122174 1 4949023 105388 1.8 24 14 6 15 48% 31394 9459 2324 119%
c - 502.71 41 24 65 382 122182 1 4968542 106044 1.8 24 13 6 15 49% 31394 9459 2324 119%
c - 504.42 41 22 65 383 122194 1 4988087 107425 1.9 24 13 6 15 49% 31394 9459 2324 119%
c - 506.36 41 21 65 384 122198 1 5007657 107366 1.9 23 12 6 15 49% 31394 9459 2324 119%
c - 508.28 41 21 65 385 122204 1 5027253 107200 1.9 23 12 6 15 49% 31394 9459 2324 119%
c u 510.68 41 20 65 385 122212 1 5042964 117577 1.9 22 12 6 15 48% 31394 9459 2324 119%
c v 511.46 41 20 65 385 122212 1 5042964 110093 1.9 22 12 6 15 48% 31394 9459 2324 119%
c w 511.73 41 20 65 385 122212 1 5042964 106755 1.9 22 12 6 15 48% 31394 9459 2324 119%
c - 514.86 41 20 65 386 122213 1 5046874 95853 1.9 22 12 6 15 48% 31394 9459 2324 119%
c - 516.50 41 20 65 387 122222 1 5066521 98792 1.9 22 12 6 15 48% 31394 9459 2324 119%
c - 518.22 41 20 65 388 122229 1 5086193 101153 1.9 22 12 6 15 48% 31394 9459 2324 119%
c - 520.02 41 20 65 389 122230 1 5105892 102687 1.9 23 12 6 15 49% 31394 9459 2324 119%
c - 521.90 41 20 65 390 122230 1 5125616 102681 1.9 23 12 6 15 49% 31394 9459 2324 119%
c
c  seconds    switched       rate            size/glue  tier1     binary        remaining
c          MB   reductions      conflicts          size   tier2      irredundant
c           level      restarts        redundant      glue    trail        variables
c
c ] 522.74 41 20 66 390 122231 1 5134326 110906 2.0 23 12 6 15 49% 31394 9459 2324 119%
c { 522.74 41 16 66 390 122231 2 5134326 110906 1.7 16 10 6 11 47% 31394 9459 2324 119%
c - 523.84 41 16 66 391 122241 2 5145364 104038 1.7 16 10 6 11 47% 31394 9459 2324 119%
c - 525.72 41 15 66 392 122242 2 5165137 106502 1.8 17 9 6 11 47% 31394 9459 2324 119%
c - 527.29 41 14 66 393 122259 2 5184935 105974 1.8 17 9 6 11 47% 31394 9459 2324 119%
c o 528.32 41 14 66 393 122298 2 5197624 116604 1.8 16 9 6 11 47% 31394 9459 2324 119%
c - 528.91 41 14 66 394 122352 2 5204759 105627 1.8 16 9 6 11 47% 31394 9459 2324 119%
c - 530.39 41 13 66 395 122401 2 5224608 107468 1.8 16 9 6 11 47% 31394 9459 2324 119%
c - 531.95 41 12 66 396 122486 1 5244483 107593 1.7 15 9 6 11 47% 31394 9459 2324 119%
c - 533.48 41 12 66 397 122605 1 5264383 108286 1.7 15 9 6 11 47% 31394 9459 2324 119%
c u 534.49 41 12 66 397 122616 1 5270333 109792 1.7 15 9 6 11 47% 31394 9459 2324 119%
c v 535.02 41 12 66 397 122616 1 5270333 104220 1.7 15 9 6 11 47% 31394 9459 2324 119%
c w 535.22 41 12 66 397 122616 1 5270333 103978 1.7 15 9 6 11 47% 31394 9459 2324 119%
c - 536.52 41 12 66 398 122834 1 5284308 105008 1.7 14 9 6 11 47% 31394 9459 2324 119%
c - 538.10 41 11 66 399 123023 1 5304259 109209 1.7 14 9 6 11 47% 31394 9459 2324 119%
c - 539.74 41 11 66 400 123250 1 5324235 111301 1.6 14 8 6 11 47% 31394 9459 2324 119%
c - 541.47 41 11 66 401 123590 1 5344235 112488 1.6 14 8 6 11 47% 31394 9459 2324 119%
c } 542.92 41 11 67 401 123748 1 5363444 127313 1.6 13 8 6 11 47% 31394 9459 2324 119%
c [ 542.92 41 20 67 401 123748 1 5363444 127313 2.0 23 12 6 15 49% 31394 9459 2324 119%
c B 542.92 41 20 67 401 123748 1 5363444 127313 2.0 23 12 6 15 49% 31394 9459 2324 119%
c
c  seconds    switched       rate            size/glue  tier1     binary        remaining
c          MB   reductions      conflicts          size   tier2      irredundant
c           level      restarts        redundant      glue    trail        variables
c
c - 543.01 41 20 67 402 123748 1 5364261 113281 2.0 23 12 6 15 49% 31394 9459 2324 119%
c - 544.85 41 20 67 403 123761 1 5384311 112440 2.0 24 12 6 15 49% 31394 9459 2324 119%
c - 546.89 41 21 67 404 123768 1 5404385 112824 2.0 25 12 6 15 49% 31394 9459 2324 119%
c - 549.06 41 20 67 405 123777 1 5424484 114148 2.0 25 12 6 15 49% 31394 9459 2324 119%
c - 551.13 41 20 67 406 123778 1 5444608 115371 2.0 24 12 6 15 49% 31394 9459 2324 119%
c - 553.18 41 20 67 407 123791 1 5464757 115130 2.0 24 12 6 15 49% 31394 9459 2324 119%
c - 555.22 41 20 67 408 123799 1 5484931 113716 2.0 25 12 6 15 49% 31394 9459 2324 119%
c u 557.87 41 20 67 408 123808 1 5503200 129478 2.0 25 13 6 15 49% 31394 9459 2324 119%
c v 558.78 41 20 67 408 123808 1 5503200 128197 2.0 25 13 6 15 49% 31394 9459 2324 119%
c w 559.11 41 20 67 408 123808 1 5503200 122294 2.0 25 13 6 15 49% 31394 9459 2324 119%
c - 559.35 41 20 67 409 123808 1 5505131 107208 2.0 25 13 6 15 49% 31394 9459 2324 119%
c - 561.23 41 21 67 410 123809 1 5525354 107996 2.0 25 13 6 15 49% 31394 9459 2324 119%
c - 563.17 41 21 67 411 123810 1 5545602 108899 2.0 26 13 6 15 49% 31394 9459 2324 119%
c ] 564.02 41 22 68 411 123810 1 5554453 117355 2.0 26 13 6 15 49% 31394 9459 2324 119%
c { 564.02 41 11 68 411 123810 1 5554453 117355 1.6 13 8 6 11 47% 31394 9459 2324 119%
c o 564.02 41 11 68 411 123817 1 5554501 117401 1.6 13 8 6 11 47% 31394 9459 2324 119%
c - 565.59 41 12 68 412 125730 2 5565875 110602 1.6 14 9 6 11 47% 31394 9459 2324 119%
c - 568.07 41 14 68 413 128475 2 5586172 114125 1.6 14 9 6 11 47% 31394 9459 2324 119%
c - 570.29 41 15 68 414 130362 2 5606495 115631 1.6 15 9 6 11 47% 31394 9459 2324 119%
c - 572.39 41 15 68 415 131473 2 5626841 116791 1.6 15 9 6 11 47% 31394 9459 2324 119%
c
c  seconds    switched       rate            size/glue  tier1     binary        remaining
c          MB   reductions      conflicts          size   tier2      irredundant
c           level      restarts        redundant      glue    trail        variables
c
c - 574.34 41 16 68 416 132638 2 5647212 117622 1.6 15 10 6 11 47% 31394 9459 2324 119%
c - 576.29 41 16 68 417 133655 2 5667609 118443 1.6 15 10 6 11 47% 31394 9459 2324 119%
c - 578.19 41 16 68 418 134562 2 5688030 119529 1.6 15 10 6 11 47% 31394 9459 2324 119%
c - 580.07 41 16 68 419 135319 2 5708477 120872 1.6 16 10 6 11 47% 31394 9459 2324 119%
c - 582.09 41 17 68 420 136418 2 5728946 121958 1.6 16 10 6 11 47% 31394 9459 2324 119%
c u 584.23 41 17 68 420 136846 2 5741586 131843 1.6 16 10 6 11 47% 31394 9459 2324 119%
c v 585.22 41 17 68 420 136846 2 5741586 128710 1.6 16 10 6 11 47% 31394 9459 2324 119%
c w 585.56 41 17 68 420 136846 2 5741586 128347 1.6 16 10 6 11 47% 31394 9459 2324 119%
c - 586.42 41 17 68 421 137236 2 5749440 119673 1.6 16 10 6 11 47% 31394 9459 2324 119%
c - 588.39 41 17 68 422 138345 2 5769960 121324 1.6 16 10 6 11 47% 31394 9459 2324 119%
c - 590.25 41 17 68 423 138944 2 5790503 122441 1.6 16 10 6 11 47% 31394 9459 2324 119%
c } 590.76 41 17 69 423 139049 2 5796512 127654 1.6 16 10 6 11 47% 31394 9459 2324 119%
c [ 590.76 41 22 69 423 139049 1 5796512 127654 2.0 26 13 6 15 49% 31394 9459 2324 119%
c W 593.18 41 22 69 423 139049 1 5796512 127654 2.0 26 13 6 15 49% 31394 9459 2324 119%
c - 594.42 41 22 69 424 139058 1 5811069 120739 2.0 25 13 6 15 49% 31394 9459 2324 119%
c - 596.32 41 22 69 425 139066 1 5831660 118999 2.0 25 13 6 15 49% 31394 9459 2324 119%
c - 598.31 41 21 69 426 139077 1 5852276 118673 2.0 25 13 6 15 49% 31394 9459 2324 119%
c - 600.51 41 21 69 427 139079 1 5872916 118194 2.0 25 13 6 15 49% 31394 9459 2324 119%
c - 602.76 41 21 69 428 139089 1 5893580 117154 2.0 25 12 6 15 49% 31394 9459 2324 119%
c - 604.98 41 20 69 429 139097 1 5914268 117118 2.0 25 12 6 15 49% 31394 9459 2324 119%
c
c  seconds    switched       rate            size/glue  tier1     binary        remaining
c          MB   reductions      conflicts          size   tier2      irredundant
c           level      restarts        redundant      glue    trail        variables
c
c - 606.87 41 20 69 430 139108 1 5934980 116120 2.0 24 12 6 15 49% 31394 9459 2324 119%
c - 608.91 41 19 69 431 139110 1 5955716 114864 2.0 24 12 6 15 49% 31394 9459 2324 119%
c - 610.97 41 19 69 432 139111 1 5976476 115252 2.0 23 12 6 15 48% 31394 9459 2324 119%
c u 612.89 41 19 69 432 139111 1 5985519 121379 2.0 23 12 6 15 48% 31394 9459 2324 119%
c v 613.88 41 19 69 432 139111 1 5985519 111130 2.0 23 12 6 15 48% 31394 9459 2324 119%
c w 614.22 41 19 69 432 139111 1 5985519 106573 2.0 23 12 6 15 48% 31394 9459 2324 119%
c o 614.25 41 19 69 432 139111 1 5985519 106573 2.0 23 12 6 15 48% 31394 9459 2324 119%
c - 615.35 41 27 69 433 139114 1 5997261 100452 1.9 24 13 6 15 48% 31394 9459 2324 119%
c - 617.23 41 25 69 434 139126 1 6018070 106459 1.9 24 12 6 15 48% 31394 9459 2324 119%
c I 617.61 41 25 69 434 139126 1 6022079 110340 1.9 24 12 6 15 48% 31394 9459 2324 119%
c ] 618.36 41 26 70 434 139130 1 6030906 118913 1.9 24 13 6 15 48% 31394 9459 2324 119%
c { 618.36 41 17 70 434 139130 2 6030906 118913 1.6 16 10 6 11 47% 31394 9459 2324 119%
c - 619.94 41 19 70 435 140515 3 6038903 107042 1.7 17 10 6 11 47% 31394 9459 2324 119%
c - 624.08 41 26 70 436 144145 4 6059760 101676 1.7 20 12 6 11 47% 31394 9459 2324 119%
c - 628.47 41 31 70 437 147740 5 6080640 99081 1.7 22 13 6 11 47% 31394 9459 2324 119%
c - 632.85 41 35 70 438 151226 6 6101544 98612 1.8 24 13 6 11 47% 31394 9459 2324 119%
c - 636.94 41 38 70 439 154276 6 6122473 98245 1.8 25 14 6 11 47% 31394 9459 2324 119%
c - 640.88 41 40 70 440 156683 7 6143427 98985 1.8 26 15 6 11 47% 31394 9459 2324 119%
c - 644.40 41 41 70 441 158562 6 6164407 99410 1.8 27 15 6 11 47% 31394 9459 2324 119%
c - 647.75 41 42 70 442 160193 6 6185408 99297 1.9 29 15 6 11 47% 31394 9459 2324 119%
c
c  seconds    switched       rate           size/glue  tier1     binary        remaining
c          MB   reductions      conflicts         size   tier2      irredundant
c           level      restarts        redundant     glue    trail        variables
c
c - 651.03 41 43 70 443 161903 6 6206431 98979 1.9 29 15 6 11 47% 31394 9459 2324 119%
c - 654.20 41 44 70 444 163476 6 6227479 98701 1.9 30 16 6 11 47% 31394 9459 2324 119%
c u 656.56 41 44 70 444 163924 6 6235025 101803 1.9 30 16 6 11 47% 31394 9459 2324 119%
c v 657.96 41 44 70 444 163924 6 6235025 100946 1.9 30 16 6 11 47% 31394 9459 2324 119%
c w 658.48 41 44 70 444 163924 6 6235025 100856 1.9 30 16 6 11 47% 31394 9459 2324 119%
c - 660.37 41 44 70 445 164671 6 6248550 94062 2.0 31 16 6 11 47% 31394 9459 2324 119%
c - 663.06 41 44 70 446 165524 5 6269646 95237 2.0 31 16 6 11 47% 31394 9459 2324 119%
c } 665.45 41 44 71 446 166488 5 6286233 111559 2.0 31 16 6 11 47% 31394 9459 2324 119%
c [ 665.45 41 26 71 446 166488 1 6286233 111559 1.9 24 13 6 15 48% 31394 9459 2324 119%
c B 665.45 41 26 71 446 166488 1 6286233 111559 1.9 24 13 6 15 48% 31394 9459 2324 119%
c - 665.93 41 26 71 447 166491 1 6290764 95602 1.9 24 13 6 15 48% 31394 9459 2324 119%
c - 667.91 41 25 71 448 166502 1 6311908 98202 1.9 24 13 6 15 48% 31394 9459 2324 119%
c - 670.05 41 24 71 449 166511 1 6333074 103156 1.9 24 13 6 15 48% 31394 9459 2324 119%
c - 672.12 41 24 71 450 166518 1 6354263 102614 1.9 24 13 6 15 49% 31394 9459 2324 119%
c o 674.13 41 24 71 450 166524 1 6374375 121809 1.9 25 13 6 15 49% 31394 9459 2324 119%
c - 674.29 41 26 71 451 166524 1 6375476 97709 1.8 25 14 6 15 49% 31394 9459 2324 119%
c - 676.47 41 27 71 452 166533 1 6396712 93538 1.8 26 14 6 15 49% 31394 9459 2324 119%
c - 678.40 41 27 71 453 166544 1 6417973 92076 1.9 27 14 6 15 49% 31394 9459 2324 119%
c - 680.57 41 26 71 454 166549 1 6439256 91709 1.9 27 14 6 15 49% 31394 9459 2324 119%
c - 682.81 41 25 71 455 166550 1 6460565 92860 1.9 27 14 6 15 50% 31394 9459 2324 119%
c
c  seconds    switched       rate           size/glue  tier1     binary        remaining
c          MB   reductions      conflicts         size   tier2      irredundant
c           level      restarts        redundant     glue    trail        variables
c
c - 685.00 41 25 71 456 166550 1 6481897 97344 2.0 27 14 6 15 50% 31394 9459 2324 119%
c u 687.09 41 24 71 456 166556 1 6490104 103678 2.0 27 14 6 15 50% 31394 9459 2324 119%
c v 688.26 41 24 71 456 166556 1 6490104 103352 2.0 27 14 6 15 50% 31394 9459 2324 119%
c w 688.65 41 24 71 456 166556 1 6490104 102234 2.0 27 14 6 15 50% 31394 9459 2324 119%
c - 690.09 41 24 71 457 166563 1 6503251 98378 2.0 27 14 6 15 50% 31394 9459 2324 119%
c - 692.20 41 24 71 458 166572 1 6524628 98720 2.0 27 14 6 15 50% 31394 9459 2324 119%
c W 695.72 41 24 71 458 166573 1 6528714 102700 2.0 28 14 6 15 50% 31394 9459 2324 119%
c - 697.25 41 24 71 459 166580 1 6546028 97617 2.0 27 14 6 15 50% 31394 9459 2324 119%
c - 699.22 41 23 71 460 166584 1 6567453 97907 1.9 26 13 6 15 50% 31394 9459 2324 119%
c - 701.37 41 23 71 461 166595 1 6588900 97968 1.9 26 13 6 15 49% 31394 9459 2324 119%
c - 703.72 41 23 71 462 166604 1 6610374 98914 1.9 25 13 6 15 49% 31394 9459 2324 119%
c - 706.03 41 22 71 463 166612 1 6631868 100443 1.9 25 13 6 15 49% 31394 9459 2324 119%
c - 708.23 41 21 71 464 166613 1 6653386 101395 1.9 24 13 6 15 49% 31394 9459 2324 119%
c - 710.56 41 21 71 465 166613 1 6674926 102145 1.9 23 12 6 15 49% 31394 9459 2324 119%
c ] 711.52 41 21 72 465 166614 1 6684535 111460 1.9 24 13 6 15 49% 31394 9459 2324 119%
c { 711.52 41 44 72 465 166614 5 6684535 111460 2.0 31 16 6 11 47% 31394 9459 2324 119%
c - 712.65 41 41 72 466 166616 5 6696489 102528 2.0 30 15 6 11 47% 31394 9459 2324 119%
c - 714.99 41 36 72 467 166617 4 6718076 104267 2.0 28 14 6 11 48% 31394 9459 2324 119%
c o 715.57 41 35 72 467 166618 4 6723927 109861 2.0 28 14 6 11 48% 31394 9459 2324 119%
c - 716.96 41 33 72 468 166646 4 6739688 106852 2.0 27 14 6 11 48% 31394 9459 2324 119%
c
c  seconds    switched       rate            size/glue  tier1     binary        remaining
c          MB   reductions      conflicts          size   tier2      irredundant
c           level      restarts        redundant      glue    trail        variables
c
c u 718.88 41 31 72 468 166646 3 6750806 112355 2.0 26 13 6 11 48% 31394 9459 2324 119%
c v 719.91 41 31 72 468 166646 3 6750806 104832 2.0 26 13 6 11 48% 31394 9459 2324 119%
c w 720.25 41 31 72 468 166646 3 6750806 99493 2.0 26 13 6 11 48% 31394 9459 2324 119%
c - 721.20 41 30 72 469 166666 3 6761321 99706 2.0 26 13 6 11 48% 31394 9459 2324 119%
c - 723.14 41 27 72 470 166668 3 6782978 103194 1.9 24 12 6 11 47% 31394 9459 2324 119%
c - 725.08 41 24 72 471 166680 2 6804659 104944 1.9 23 12 6 11 47% 31394 9459 2324 119%
c - 727.12 41 22 72 472 166685 2 6826363 106457 1.9 22 11 6 11 46% 31394 9459 2324 119%
c - 729.00 41 21 72 473 166851 2 6848090 106890 1.9 21 11 6 11 47% 31394 9459 2324 119%
c - 730.96 41 20 72 474 167001 2 6869838 108163 1.9 20 11 6 11 47% 31394 9459 2324 119%
c - 732.98 41 19 72 475 167161 2 6891610 109864 1.8 19 11 6 11 47% 31394 9459 2324 119%
c - 735.04 41 18 72 476 167471 2 6913404 111189 1.8 19 10 6 11 47% 31394 9459 2324 119%
c - 737.07 41 18 72 477 167779 2 6935223 111563 1.8 18 10 6 11 47% 31394 9459 2324 119%
c } 738.80 41 18 73 477 168029 2 6953452 127809 1.8 18 10 6 11 47% 31394 9459 2324 119%
c [ 738.80 41 21 73 477 168029 1 6953452 127809 1.9 24 13 6 15 49% 31394 9459 2324 119%
c O 738.80 41 21 73 477 168029 1 6953452 127809 1.9 24 13 6 15 49% 31394 9459 2324 119%
c - 739.14 41 21 73 478 168031 1 6957064 112007 1.9 24 12 6 15 49% 31394 9459 2324 119%
c - 741.20 41 20 73 479 168043 1 6978928 113178 1.9 23 12 6 15 48% 31394 9459 2324 119%
c - 743.27 41 20 73 480 168053 1 7000815 113703 1.9 23 12 6 15 48% 31394 9459 2324 119%
c u 745.89 41 20 73 480 168058 1 7017135 127703 2.0 24 12 6 15 48% 31394 9459 2324 119%
c v 746.92 41 20 73 480 168058 1 7017135 119567 2.0 24 12 6 15 48% 31394 9459 2324 119%
c
c  seconds    switched       rate            size/glue  tier1     binary        remaining
c          MB   reductions      conflicts          size   tier2      irredundant
c           level      restarts        redundant      glue    trail        variables
c
c w 747.28 41 20 73 480 168058 1 7017135 117149 2.0 24 12 6 15 48% 31394 9459 2324 119%
c - 747.91 41 20 73 481 168059 1 7022723 107186 2.0 24 12 6 15 48% 31394 9459 2324 119%
c - 750.27 41 20 73 482 168066 1 7044655 111146 2.0 24 12 6 15 48% 31394 9459 2324 119%
c - 752.59 41 20 73 483 168074 1 7066609 113993 2.0 24 12 6 15 48% 31394 9459 2324 119%
c - 755.03 41 20 73 484 168087 1 7088587 116088 2.0 24 12 6 15 48% 31394 9459 2324 119%
c - 757.48 41 20 73 485 168090 1 7110588 118041 2.0 24 12 6 15 48% 31394 9459 2324 119%
c - 760.07 41 20 73 486 168091 1 7132610 118363 2.0 24 12 6 15 48% 31394 9459 2324 119%
c - 762.66 41 20 73 487 168095 1 7154659 119524 2.0 24 12 6 15 48% 31394 9459 2324 119%
c - 765.10 41 20 73 488 168106 1 7176727 119060 2.0 25 12 6 15 48% 31394 9459 2324 119%
c ] 766.33 41 20 74 488 168111 1 7188226 130042 2.0 25 12 6 15 48% 31394 9459 2324 119%
c { 766.33 41 18 74 488 168111 2 7188226 130042 1.8 18 10 6 11 47% 31394 9459 2324 119%
c o 766.34 41 18 74 488 168119 2 7188320 130132 1.8 18 10 6 11 47% 31394 9459 2324 119%
c - 767.46 41 17 74 489 168216 2 7198818 118114 1.8 18 10 6 11 47% 31394 9459 2324 119%
c - 769.62 41 17 74 490 168767 2 7220932 120652 1.7 17 10 6 11 47% 31394 9459 2324 119%
c - 772.00 41 17 74 491 169441 2 7243067 122667 1.7 17 10 6 11 46% 31394 9459 2324 119%
c - 774.17 41 17 74 492 169960 2 7265225 124877 1.7 17 10 6 11 47% 31394 9459 2324 119%
c - 776.45 41 17 74 493 170592 2 7287407 126886 1.7 17 10 6 11 47% 31394 9459 2324 119%
c u 777.75 41 17 74 493 170642 2 7289110 125769 1.7 17 10 6 11 47% 31394 9459 2324 119%
c v 778.90 41 17 74 493 170642 2 7289110 121604 1.7 17 10 6 11 47% 31394 9459 2324 119%
c w 779.33 41 17 74 493 170642 2 7289110 121093 1.7 17 10 6 11 47% 31394 9459 2324 119%
c
c  seconds    switched       rate            size/glue  tier1     binary        remaining
c          MB   reductions      conflicts          size   tier2      irredundant
c           level      restarts        redundant      glue    trail        variables
c
c - 781.50 41 17 74 494 171389 2 7309610 124023 1.7 17 10 6 11 47% 31394 9459 2324 119%
c - 783.88 41 17 74 495 172177 2 7331838 127086 1.7 17 10 6 11 47% 31394 9459 2324 119%
c - 786.15 41 17 74 496 172737 2 7354087 128261 1.7 17 10 6 11 47% 31394 9459 2324 119%
c - 788.42 41 17 74 497 173321 2 7376359 129146 1.7 16 10 6 11 47% 31394 9459 2324 119%
c - 790.66 41 16 74 498 174081 2 7398653 130122 1.7 16 10 6 11 47% 31394 9459 2324 119%
c - 793.08 41 16 74 499 174830 2 7420969 131180 1.7 16 10 6 11 47% 31394 9459 2324 119%
c - 795.47 41 17 74 500 175787 2 7443308 131899 1.7 16 10 6 11 47% 31394 9459 2324 119%
c - 797.80 41 17 74 501 176596 2 7465670 132427 1.7 16 10 6 11 47% 31394 9459 2324 119%
c } 798.29 41 17 75 501 176704 2 7471050 137245 1.7 16 10 6 11 46% 31394 9459 2324 119%
c [ 798.29 41 20 75 501 176704 1 7471050 137245 2.0 25 12 6 15 48% 31394 9459 2324 119%
c B 798.29 41 20 75 501 176704 1 7471050 137245 2.0 25 12 6 15 48% 31394 9459 2324 119%
c - 799.97 41 20 75 502 176714 1 7488055 132387 2.0 24 12 6 15 47% 31394 9459 2324 119%
c - 802.20 41 20 75 503 176724 1 7510461 127287 2.0 25 12 6 15 48% 31394 9459 2324 119%
c - 804.63 41 21 75 504 176733 1 7532892 121734 2.0 25 13 6 15 48% 31394 9459 2324 119%
c - 807.08 41 21 75 505 176737 1 7555341 121164 1.9 25 13 6 15 48% 31394 9459 2324 119%
c u 809.49 41 21 75 505 176743 1 7566736 130424 1.9 25 13 6 15 48% 31394 9459 2324 119%
c v 810.67 41 21 75 505 176743 1 7566736 129485 1.9 25 13 6 15 48% 31394 9459 2324 119%
c w 811.06 41 21 75 505 176743 1 7566736 125037 1.9 25 13 6 15 48% 31394 9459 2324 119%
c o 811.09 41 21 75 505 176743 1 7566736 125037 1.9 25 13 6 15 48% 31394 9459 2324 119%
c - 812.22 41 22 75 506 176749 1 7577816 117582 1.9 25 13 6 15 48% 31394 9459 2324 119%
c
c  seconds    switched       rate            size/glue  tier1     binary        remaining
c          MB   reductions      conflicts          size   tier2      irredundant
c           level      restarts        redundant      glue    trail        variables
c
c - 814.67 41 21 75 507 176759 1 7600310 121723 1.9 25 13 6 15 48% 31394 9459 2324 119%
c - 817.14 41 21 75 508 176765 1 7622826 125369 2.0 26 13 6 15 49% 31394 9459 2324 119%
c - 819.65 41 21 75 509 176766 1 7645365 125879 2.1 26 12 6 15 49% 31394 9459 2324 119%
c - 822.54 41 20 75 510 176767 1 7667927 127330 2.1 25 12 6 15 49% 31394 9459 2324 119%
c - 825.01 41 21 75 511 176780 1 7690511 126564 2.1 26 12 6 15 49% 31394 9459 2324 119%
c - 827.61 41 20 75 512 176789 1 7713117 126392 2.1 25 12 6 15 49% 31394 9459 2324 119%
c ] 828.98 41 20 76 512 176796 1 7726683 139506 2.1 25 12 6 15 49% 31394 9459 2324 119%
c { 828.98 41 17 76 512 176796 2 7726683 139506 1.7 16 10 6 11 46% 31394 9459 2324 119%
c - 830.07 41 17 76 513 177069 2 7735745 129507 1.7 16 10 6 11 46% 31394 9459 2324 119%
c - 832.60 41 17 76 514 177799 2 7758394 130583 1.7 16 10 6 11 47% 31394 9459 2324 119%
c - 835.17 41 17 76 515 178559 2 7781067 132363 1.7 16 10 6 11 47% 31394 9459 2324 119%
c - 837.57 41 17 76 516 179214 2 7803760 134130 1.7 16 10 6 11 47% 31394 9459 2324 119%
c - 839.89 41 17 76 517 179786 2 7826476 135401 1.7 16 10 6 11 47% 31394 9459 2324 119%
c - 842.42 41 17 76 518 180613 2 7849214 135898 1.7 16 10 6 11 47% 31394 9459 2324 119%
c u 843.73 41 17 76 518 180663 2 7850063 132706 1.7 16 10 6 11 47% 31394 9459 2324 119%
c v 844.95 41 17 76 518 180663 2 7850063 126216 1.7 16 10 6 11 47% 31394 9459 2324 119%
c w 845.37 41 17 76 518 180663 2 7850063 125357 1.7 16 10 6 11 47% 31394 9459 2324 119%
c - 852.01 41 17 76 519 181429 2 7871976 127715 1.7 16 10 6 11 47% 31394 9459 2324 119%
c - 854.60 41 17 76 520 182730 2 7894757 132163 1.7 16 10 6 11 47% 31394 9459 2324 119%
c - 857.00 41 17 76 521 183529 2 7917560 132978 1.7 16 10 6 11 47% 31394 9459 2324 119%
c
c  seconds    switched       rate            size/glue  tier1     binary        remaining
c          MB   reductions      conflicts          size   tier2      irredundant
c           level      restarts        redundant      glue    trail        variables
c
c o 858.93 41 17 76 521 184165 2 7936765 150262 1.7 16 10 6 11 47% 31394 9459 2324 119%
c - 859.43 41 17 76 522 184526 2 7940385 132922 1.6 16 10 6 11 47% 31394 9459 2324 119%
c - 861.71 41 17 76 523 185087 2 7963233 132621 1.7 16 10 6 11 47% 31394 9459 2324 119%
c - 864.07 41 17 76 524 185710 2 7986103 132758 1.7 16 10 6 11 47% 31394 9459 2324 119%
c - 866.44 41 17 76 525 186371 2 8008995 133660 1.7 16 10 6 11 47% 31394 9459 2324 119%
c } 867.93 41 17 77 525 186787 2 8023733 146851 1.7 16 10 6 11 47% 31394 9459 2324 119%
c [ 867.93 41 20 77 525 186787 1 8023733 146851 2.1 25 12 6 15 49% 31394 9459 2324 119%
c W 871.70 41 20 77 525 186787 1 8023733 146851 2.1 25 12 6 15 49% 31394 9459 2324 119%
c - 872.46 41 21 77 526 186792 1 8031907 132549 2.1 26 12 6 15 49% 31394 9459 2324 119%
c - 874.80 41 21 77 527 186801 1 8054841 130902 2.0 25 12 6 15 49% 31394 9459 2324 119%
c - 877.26 41 21 77 528 186815 1 8077797 131717 2.0 25 12 6 15 49% 31394 9459 2324 119%
c - 879.74 41 21 77 529 186817 1 8100775 129533 1.9 24 12 6 14 49% 31394 9459 2324 119%
c - 882.25 41 21 77 530 186829 1 8123775 127720 1.9 24 12 6 14 49% 31394 9459 2324 119%
c u 884.85 41 20 77 530 186833 1 8139091 140660 1.9 24 12 6 14 48% 31394 9459 2324 119%
c v 885.69 41 20 77 530 186833 1 8139091 134920 1.9 24 12 6 14 48% 31394 9459 2324 119%
c w 885.99 41 20 77 530 186833 1 8139091 132415 1.9 24 12 6 14 48% 31394 9459 2324 119%
c - 887.14 41 20 77 531 186839 1 8146797 119242 1.9 24 12 6 14 48% 31394 9459 2324 119%
c - 889.68 41 20 77 532 186847 1 8169840 122291 1.9 24 12 6 14 48% 31394 9459 2324 119%
c - 892.21 41 21 77 533 186849 1 8192906 121061 1.9 24 13 6 14 48% 31394 9459 2324 119%
c - 894.91 41 21 77 534 186849 1 8215993 120563 1.9 24 13 6 14 48% 31394 9459 2324 119%
c
c  seconds    switched       rate            size/glue  tier1     binary        remaining
c          MB   reductions      conflicts          size   tier2      irredundant
c           level      restarts        redundant      glue    trail        variables
c
c - 897.60 41 21 77 535 186862 1 8239102 123065 1.9 24 13 6 14 48% 31394 9459 2324 119%
c - 900.30 41 20 77 536 186871 1 8262232 125762 1.9 23 12 6 14 47% 31394 9459 2324 119%
c - 902.87 41 20 77 537 186879 1 8285383 126248 1.9 23 12 6 14 47% 31394 9459 2324 119%
c ] 903.86 41 21 78 537 186880 1 8294830 135508 1.9 24 12 6 14 47% 31394 9459 2324 119%
c { 903.86 41 17 78 537 186880 2 8294830 135508 1.7 16 10 6 11 47% 31394 9459 2324 119%
c - 905.44 41 17 78 538 187314 2 8308559 105977 1.7 16 10 5 11 47% 31394 9459 2324 119%
c o 906.37 41 16 78 538 187611 2 8317820 114236 1.6 16 10 5 11 47% 31394 9459 2324 119%
c - 907.76 41 17 78 539 188116 2 8331754 103160 1.6 16 10 5 11 47% 31394 9459 2324 119%
c - 910.05 41 17 78 540 188867 2 8354971 104232 1.6 16 10 5 11 46% 31394 9459 2324 119%
c - 912.31 41 16 78 541 189537 2 8378208 104445 1.6 16 10 5 11 46% 31394 9459 2324 119%
c - 914.54 41 17 78 542 190564 2 8401467 105023 1.7 16 10 5 11 46% 31394 9459 2324 119%
c - 916.83 41 17 78 543 191440 2 8424747 105269 1.7 16 10 5 11 47% 31394 9459 2324 119%
c u 918.80 41 17 78 543 191776 2 8433819 108139 1.7 16 10 5 11 46% 31394 9459 2324 119%
c v 920.00 41 17 78 543 191776 2 8433819 104063 1.7 16 10 5 11 46% 31394 9459 2324 119%
c w 920.41 41 17 78 543 191776 2 8433819 103552 1.7 16 10 5 11 46% 31394 9459 2324 119%
c - 921.88 41 17 78 544 192344 2 8448051 96450 1.7 16 10 5 11 46% 31394 9459 2324 119%
c - 924.10 41 17 78 545 193220 2 8471374 98365 1.7 16 10 5 11 46% 31394 9459 2324 119%
c - 926.42 41 17 78 546 194105 2 8494719 100133 1.7 16 10 5 11 46% 31394 9459 2324 119%
c - 928.76 41 17 78 547 194955 2 8518086 100474 1.7 16 10 5 11 46% 31394 9459 2324 119%
c - 931.02 41 17 78 548 195605 2 8541476 100315 1.7 16 10 5 11 46% 31394 9459 2324 119%
c
c  seconds    switched       rate            size/glue  tier1     binary        remaining
c          MB   reductions      conflicts          size   tier2      irredundant
c           level      restarts        redundant      glue    trail        variables
c
c - 933.13 41 17 78 549 196098 2 8564885 100051 1.7 16 10 5 11 46% 31394 9459 2324 119%
c - 935.31 41 17 78 550 196940 2 8588315 100310 1.7 16 10 5 11 46% 31394 9459 2324 119%
c } 937.03 41 16 79 550 197440 2 8606420 116288 1.7 16 10 5 11 46% 31394 9459 2324 119%
c [ 937.04 41 21 79 550 197440 1 8606420 116288 1.9 24 12 6 14 47% 31394 9459 2324 119%
c I 937.04 41 21 79 550 197440 1 8606420 116288 1.9 24 12 6 14 47% 31394 9459 2324 119%
c - 937.57 41 22 79 551 197444 1 8611771 99312 1.9 24 13 6 14 47% 31394 9459 2324 119%
c - 939.82 41 23 79 552 197454 1 8635245 93676 1.9 25 13 6 14 47% 31394 9459 2324 119%
c - 942.34 41 23 79 553 197467 1 8658742 87526 1.9 26 13 6 14 47% 31394 9459 2324 119%
c - 944.93 41 23 79 554 197470 1 8682257 87336 1.9 26 14 6 14 47% 31394 9459 2324 119%
c - 947.47 41 23 79 555 197481 1 8705796 89109 2.0 27 14 6 14 47% 31394 9459 2324 119%
c - 950.09 41 23 79 556 197491 1 8729356 90824 2.0 27 14 6 14 47% 31394 9459 2324 119%
c u 951.71 41 22 79 556 197493 1 8734299 92254 2.0 26 13 6 14 47% 31394 9459 2324 119%
c v 952.90 41 22 79 556 197493 1 8734299 91445 2.0 26 13 6 14 47% 31394 9459 2324 119%
c w 953.31 41 22 79 556 197493 1 8734299 87431 2.0 26 13 6 14 47% 31394 9459 2324 119%
c o 953.34 41 22 79 556 197493 1 8734299 87431 2.0 26 13 6 14 47% 31394 9459 2324 119%
c - 955.07 41 23 79 557 197500 1 8752939 86049 1.9 27 14 6 14 47% 31394 9459 2324 119%
c - 957.31 41 25 79 558 197502 1 8776542 85852 1.9 27 14 6 15 47% 31394 9459 2324 119%
c - 959.86 41 26 79 559 197502 1 8800165 84647 1.9 28 15 6 15 47% 31394 9459 2324 119%
c - 962.31 41 26 79 560 197516 1 8823808 84867 1.9 28 15 6 15 47% 31394 9459 2324 119%
c - 964.85 41 26 79 561 197524 1 8847472 88371 1.9 28 15 6 15 47% 31394 9459 2324 119%
c
c  seconds    switched       rate           size/glue  tier1     binary        remaining
c          MB   reductions      conflicts         size   tier2      irredundant
c           level      restarts        redundant     glue    trail        variables
c
c - 967.57 41 26 79 562 197533 1 8871159 89395 1.9 28 15 6 15 47% 31394 9459 2324 119%
c ] 969.67 41 27 80 562 197538 1 8890405 108010 1.9 29 15 6 15 47% 31394 9459 2324 119%
c { 969.67 41 16 80 562 197538 2 8890405 108010 1.7 16 10 5 11 46% 31394 9459 2324 119%
c - 970.21 41 17 80 563 197792 2 8894865 90780 1.7 16 10 5 11 46% 31394 9459 2324 119%
c - 972.63 41 17 80 564 198631 2 8918592 97330 1.6 16 10 5 11 46% 31394 9459 2324 119%
c - 974.90 41 17 80 565 199224 2 8942340 102795 1.6 16 10 5 11 46% 31394 9459 2324 119%
c - 977.30 41 17 80 566 200227 2 8966110 104652 1.7 16 10 5 11 46% 31394 9459 2324 119%
c - 979.50 41 17 80 567 200895 2 8989903 105219 1.7 16 10 5 11 46% 31394 9459 2324 119%
c - 981.94 41 17 80 568 202124 2 9013715 105249 1.6 16 10 5 11 46% 31394 9459 2324 119%
c - 984.32 41 17 80 569 203022 2 9037547 105343 1.6 16 10 5 11 46% 31394 9459 2324 119%
c u 985.81 41 17 80 569 203160 2 9040532 104280 1.6 16 10 5 11 46% 31394 9459 2324 119%
c v 987.01 41 17 80 569 203160 2 9040532 100264 1.6 16 10 5 11 46% 31394 9459 2324 119%
c w 987.44 41 17 80 569 203160 2 9040532 99592 1.6 16 10 5 11 46% 31394 9459 2324 119%
c - 989.44 41 17 80 570 203819 2 9061400 99393 1.6 16 10 5 11 46% 31394 9459 2324 119%
c - 991.77 41 17 80 571 204991 2 9085274 101684 1.6 16 10 5 11 47% 31394 9459 2324 119%
c - 994.11 41 17 80 572 205832 2 9109169 102345 1.6 16 10 5 11 46% 31394 9459 2324 119%
c - 996.40 41 17 80 573 206613 2 9133086 102147 1.6 16 10 5 11 46% 31394 9459 2324 119%
c o 996.52 41 17 80 573 206617 2 9134309 103136 1.6 16 10 5 11 46% 31394 9459 2324 119%
c - 998.83 41 17 80 574 207692 2 9157023 102393 1.6 16 10 5 11 46% 31394 9459 2324 119%
c - 1001.09 41 17 80 575 208423 2 9180981 102986 1.6 16 10 5 11 46% 31394 9459 2324 119%
c
c   seconds    switched       rate            size/glue  tier1     binary        remaining
c           MB   reductions      conflicts          size   tier2      irredundant
c            level      restarts        redundant      glue    trail        variables
c
c - 1003.41 41 17 80 576 209181 2 9204961 103286 1.6 16 10 5 11 46% 31394 9459 2324 119%
c } 1004.55 41 17 81 576 209597 2 9216851 114050 1.6 16 10 5 11 46% 31394 9459 2324 119%
c [ 1004.55 41 27 81 576 209597 1 9216851 114050 1.9 29 15 6 15 47% 31394 9459 2324 119%
c B 1004.55 41 27 81 576 209597 1 9216851 114050 1.9 29 15 6 15 47% 31394 9459 2324 119%
c - 1005.69 41 26 81 577 209603 1 9228963 103309 1.9 28 15 6 15 47% 31394 9459 2324 119%
c - 1008.17 41 24 81 578 209614 1 9252985 103262 1.9 27 14 6 15 47% 31394 9459 2324 119%
c - 1010.63 41 23 81 579 209626 1 9277029 102683 1.9 26 14 6 15 47% 31394 9459 2324 119%
c - 1013.25 41 22 81 580 209630 1 9301092 101470 1.9 25 13 6 15 47% 31394 9459 2324 119%
c - 1015.80 41 21 81 581 209642 1 9325175 102405 1.9 24 13 6 15 47% 31394 9459 2324 119%
c - 1018.43 41 20 81 582 209654 1 9349278 102446 1.9 24 13 6 15 47% 31394 9459 2324 119%
c u 1019.94 41 20 81 582 209656 1 9352543 101659 1.9 23 13 6 15 47% 31394 9459 2324 119%
c v 1021.13 41 20 81 582 209656 1 9352543 90278 1.9 23 13 6 15 47% 31394 9459 2324 119%
c w 1021.53 41 20 81 582 209656 1 9352543 84786 1.9 23 13 6 15 47% 31394 9459 2324 119%
c - 1023.65 41 20 81 583 209658 1 9373403 88938 1.9 23 12 6 15 48% 31394 9459 2324 119%
c - 1026.37 41 19 81 584 209659 1 9397551 98232 1.9 23 12 6 15 48% 31394 9459 2324 119%
c - 1028.95 41 20 81 585 209665 1 9421718 100677 1.9 23 12 6 15 48% 31394 9459 2324 119%
c - 1031.65 41 20 81 586 209674 1 9445904 98608 1.9 23 12 6 15 48% 31394 9459 2324 119%
c - 1034.60 41 20 81 587 209688 1 9470113 98350 1.9 24 13 6 15 48% 31394 9459 2324 119%
c - 1037.40 41 20 81 588 209690 1 9494341 96635 1.8 23 13 6 14 48% 31394 9459 2324 119%
c ] 1038.75 41 20 82 588 209697 1 9506874 108512 1.8 23 13 6 14 48% 31394 9459 2324 119%
c
c   seconds    switched       rate            size/glue  tier1     binary        remaining
c           MB   reductions      conflicts          size   tier2      irredundant
c            level      restarts        redundant      glue    trail        variables
c
c { 1038.75 41 17 82 588 209697 2 9506874 108512 1.6 16 10 5 11 46% 31394 9459 2324 119%
c - 1040.07 41 16 82 589 209706 2 9518589 99216 1.7 16 10 5 11 47% 31394 9459 2324 119%
c - 1042.41 41 15 82 590 209723 2 9542858 103535 1.7 16 9 5 11 46% 31394 9459 2324 119%
c o 1044.58 41 14 82 590 209732 2 9566846 122120 1.7 15 9 5 11 46% 31394 9459 2324 119%
c - 1044.63 41 14 82 591 209734 2 9567147 102837 1.7 15 9 5 11 46% 31394 9459 2324 119%
c - 1046.87 41 13 82 592 209814 2 9591457 102048 1.7 15 9 5 11 46% 31394 9459 2324 119%
c - 1049.07 41 13 82 593 209916 2 9615788 102924 1.7 15 9 5 11 47% 31394 9459 2324 119%
c - 1051.33 41 12 82 594 210041 1 9640140 102239 1.6 14 9 5 11 46% 31394 9459 2324 119%
c - 1053.66 41 12 82 595 210139 1 9664512 101461 1.6 14 9 5 11 46% 31394 9459 2324 119%
c u 1055.34 41 12 82 595 210162 1 9670333 99545 1.6 14 9 5 11 46% 31394 9459 2324 119%
c v 1056.52 41 12 82 595 210162 1 9670333 88112 1.6 14 9 5 11 46% 31394 9459 2324 119%
c w 1056.74 41 12 82 595 210162 1 9670333 87864 1.6 14 9 5 11 46% 31394 9459 2324 119%
c - 1058.41 41 11 82 596 210407 1 9688904 87640 1.6 14 9 5 11 46% 31394 9459 2324 119%
c - 1060.64 41 11 82 597 210865 1 9713317 95142 1.6 14 8 5 11 46% 31394 9459 2324 119%
c - 1062.86 41 11 82 598 211253 1 9737750 97883 1.6 13 8 5 11 46% 31394 9459 2324 119%
c - 1065.02 41 11 82 599 211536 1 9762205 97977 1.6 13 8 5 11 46% 31394 9459 2324 119%
c - 1067.40 41 11 82 600 212086 1 9786680 98213 1.6 13 8 5 11 46% 31394 9459 2324 119%
c - 1069.77 41 10 82 601 212751 1 9811174 99757 1.6 13 8 5 11 46% 31394 9459 2324 119%
c - 1072.21 41 10 82 602 213358 1 9835689 101053 1.6 13 8 5 11 46% 31394 9459 2324 119%
c } 1073.43 41 10 83 602 213597 1 9848481 111176 1.6 13 8 5 11 46% 31394 9459 2324 119%
c
c   seconds    switched       rate            size/glue  tier1     binary        remaining
c           MB   reductions      conflicts          size   tier2      irredundant
c            level      restarts        redundant      glue    trail        variables
c
c [ 1073.43 41 20 83 602 213597 1 9848481 111176 1.8 23 13 6 14 48% 31394 9459 2324 119%
c W 1078.24 41 20 83 602 213597 1 9848481 111176 1.8 23 13 6 14 48% 31394 9459 2324 119%
c - 1079.29 41 20 83 603 213603 1 9860227 100087 1.8 23 13 6 14 48% 31394 9459 2324 119%
c - 1081.75 41 21 83 604 213614 1 9884784 95965 1.8 24 13 6 14 49% 31394 9459 2324 119%
c - 1084.45 41 21 83 605 213626 1 9909360 96264 1.9 25 13 6 14 49% 31394 9459 2324 119%
c - 1087.29 41 20 83 606 213630 1 9933957 100692 1.9 24 13 6 14 49% 31394 9459 2324 119%
c - 1090.31 41 20 83 607 213642 1 9958576 103783 1.9 24 12 6 14 49% 31394 9459 2324 119%
c - 1093.11 41 19 83 608 213655 1 9983216 105146 1.9 24 12 6 14 49% 31394 9459 2324 119%
c u 1095.51 41 20 83 608 213657 1 9993925 111283 1.9 24 12 6 14 49% 31394 9459 2324 119%
c v 1096.88 41 20 83 608 213657 1 9993925 92728 1.9 24 12 6 14 49% 31394 9459 2324 119%
c w 1097.32 41 20 83 608 213657 1 9993925 89632 1.9 24 12 6 14 49% 31394 9459 2324 119%
c o 1097.34 41 20 83 608 213657 1 9993925 89632 1.9 24 12 6 14 49% 31394 9459 2324 119%
c - 1098.59 41 24 83 609 213658 1 10007874 84157 1.9 24 13 6 14 49% 31394 9459 2324 119%
c - 1100.78 41 25 83 610 213659 1 10032551 86926 1.8 25 14 6 14 49% 31394 9459 2324 119%
c - 1103.29 41 26 83 611 213666 1 10057249 88543 1.8 25 14 6 14 49% 31394 9459 2324 119%
c - 1106.07 41 25 83 612 213677 1 10081967 90257 1.8 26 14 6 14 49% 31394 9459 2324 119%
c - 1108.91 41 24 83 613 213689 1 10106705 93716 1.8 25 14 6 14 49% 31394 9459 2324 119%
c - 1111.83 41 23 83 614 213694 1 10131464 98527 1.9 25 13 6 14 49% 31394 9459 2324 119%
c ] 1113.82 41 23 84 614 213704 1 10149331 115406 1.9 25 13 6 14 49% 31394 9459 2324 119%
c { 1113.82 41 10 84 614 213704 1 10149331 115406 1.6 13 8 5 11 46% 31394 9459 2324 119%
c
c   seconds    switched       rate             size/glue tier1     binary        remaining
c           MB   reductions      conflicts           size  tier2      irredundant
c            level      restarts         redundant     glue    trail        variables
c
c - 1114.88 41 11 84 615 214906 1 10156243 100544 1.6 13 8 5 11 46% 31394 9459 2324 119%
c - 1118.00 41 13 84 616 218369 2 10181043 103153 1.6 14 9 5 11 46% 31394 9459 2324 119%
c - 1120.78 41 14 84 617 220699 2 10205862 104932 1.6 15 9 5 11 47% 31394 9459 2324 119%
c - 1123.41 41 15 84 618 222520 2 10230702 105753 1.6 15 10 5 11 47% 31394 9459 2324 119%
c - 1125.78 41 16 84 619 223633 2 10255564 106658 1.6 15 10 5 11 47% 31394 9459 2324 119%
c - 1128.17 41 16 84 620 224678 2 10280443 106980 1.6 15 10 5 11 46% 31394 9459 2324 119%
c - 1130.58 41 16 84 621 225749 2 10305342 107133 1.6 16 10 5 11 46% 31394 9459 2324 119%
c u 1133.33 41 16 84 621 226267 2 10323346 117866 1.6 16 10 5 11 46% 31394 9459 2324 119%
c v 1134.63 41 16 84 621 226267 2 10323346 108474 1.6 16 10 5 11 46% 31394 9459 2324 119%
c w 1135.07 41 16 84 621 226267 2 10323346 107407 1.6 16 10 5 11 46% 31394 9459 2324 119%
c - 1135.76 41 16 84 622 226509 2 10330261 93804 1.6 16 10 5 11 46% 31394 9459 2324 119%
c - 1138.14 41 17 84 623 227653 2 10355201 97407 1.6 16 10 5 11 46% 31394 9459 2324 119%
c - 1140.55 41 17 84 624 228647 2 10380160 101430 1.6 16 10 5 11 46% 31394 9459 2324 119%
c - 1142.89 41 16 84 625 229545 2 10405139 102686 1.6 16 10 5 11 46% 31394 9459 2324 119%
c o 1144.74 41 17 84 625 230395 2 10424592 120152 1.6 16 10 5 11 46% 31394 9459 2324 119%
c - 1145.30 41 17 84 626 230713 2 10430140 103348 1.6 16 10 5 11 46% 31394 9459 2324 119%
c - 1147.59 41 17 84 627 231381 2 10455160 103601 1.6 16 10 5 11 46% 31394 9459 2324 119%
c - 1150.11 41 17 84 628 232331 2 10480200 104179 1.7 16 10 5 11 46% 31394 9459 2324 119%
c - 1152.48 41 17 84 629 233393 2 10505260 104179 1.7 16 10 5 11 46% 31394 9459 2324 119%
c } 1152.59 41 17 85 629 233424 2 10506409 105211 1.6 16 10 5 11 46% 31394 9459 2324 119%
c
c   seconds    switched       rate             size/glue  tier1     binary        remaining
c           MB   reductions      conflicts           size   tier2      irredundant
c            level      restarts         redundant      glue    trail        variables
c
c [ 1152.59 41 23 85 629 233424 1 10506409 105211 1.9 25 13 6 14 49% 31394 9459 2324 119%
c O 1152.59 41 23 85 629 233424 1 10506409 105211 1.9 25 13 6 14 49% 31394 9459 2324 119%
c - 1154.71 41 22 85 630 233437 1 10530339 101268 1.9 25 13 6 14 49% 31394 9459 2324 119%
c - 1157.05 41 21 85 631 233448 1 10555440 99646 1.9 24 13 6 14 49% 31394 9459 2324 119%
c - 1159.57 41 21 85 632 233454 1 10580559 99727 1.9 24 13 6 14 49% 31394 9459 2324 119%
c - 1162.23 41 21 85 633 233465 1 10605699 98189 1.9 24 13 6 14 48% 31394 9459 2324 119%
c - 1165.01 41 20 85 634 233476 1 10630858 100208 1.9 23 12 6 14 47% 31394 9459 2324 119%
c - 1167.93 41 20 85 635 233485 1 10656041 102351 1.9 23 12 6 14 47% 31394 9459 2324 119%
c u 1169.39 41 20 85 635 233485 1 10658596 101477 1.9 23 12 6 14 47% 31394 9459 2324 119%
c v 1170.68 41 20 85 635 233485 1 10658596 93011 1.9 23 12 6 14 47% 31394 9459 2324 119%
c w 1171.11 41 20 85 635 233485 1 10658596 88594 1.9 23 12 6 14 47% 31394 9459 2324 119%
c - 1173.37 41 20 85 636 233486 1 10681241 90288 1.8 23 12 6 14 47% 31394 9459 2324 119%
c - 1175.96 41 20 85 637 233489 1 10706461 95339 1.8 23 12 6 14 47% 31394 9459 2324 119%
c - 1178.69 41 20 85 638 233501 1 10731699 98888 1.9 23 12 6 14 48% 31394 9459 2324 119%
c - 1181.57 41 20 85 639 233515 1 10756957 100587 1.9 23 12 6 14 48% 31394 9459 2324 119%
c - 1184.36 41 20 85 640 233517 1 10782235 99799 1.9 23 12 6 14 47% 31394 9459 2324 119%
c - 1187.11 41 21 85 641 233531 1 10807533 98069 1.9 24 12 6 14 48% 31394 9459 2324 119%
c B 1188.54 41 21 85 641 233535 1 10820991 110853 1.9 24 13 6 14 48% 31394 9459 2324 119%
c - 1189.69 41 21 85 642 233542 1 10832850 97728 1.9 24 13 6 14 48% 31394 9459 2324 119%
c ] 1189.81 41 21 86 642 233542 1 10834046 98869 1.9 24 13 6 14 48% 31394 9459 2324 119%
c
c   seconds    switched       rate            size/glue  tier1     binary        remaining
c           MB   reductions      conflicts          size   tier2      irredundant
c            level      restarts         redundant     glue    trail        variables
c
c { 1189.81 41 17 86 642 233542 2 10834046 98869 1.6 16 10 5 11 46% 31394 9459 2324 119%
c - 1194.51 41 24 86 643 237724 4 10858189 92873 1.7 20 11 5 11 46% 31394 9459 2324 119%
c o 1195.69 41 26 86 643 238842 4 10864595 99233 1.7 20 12 5 11 46% 31394 9459 2324 119%
c - 1199.67 41 31 86 644 242134 5 10883546 87063 1.7 22 13 5 11 47% 31394 9459 2324 119%
c - 1204.60 41 35 86 645 246066 6 10908924 86391 1.8 25 14 5 11 47% 31394 9459 2324 119%
c - 1209.33 41 38 86 646 249175 6 10934322 87843 1.8 26 15 5 11 47% 31394 9459 2324 119%
c - 1214.00 41 41 86 647 252253 6 10959738 88647 1.8 28 15 5 11 47% 31394 9459 2324 119%
c - 1218.42 41 42 86 648 254609 6 10985176 88728 1.9 29 15 5 11 47% 31394 9459 2324 119%
c u 1222.30 41 43 86 648 255541 6 10999701 98553 1.9 30 16 5 11 47% 31394 9459 2324 119%
c v 1224.12 41 43 86 648 255541 6 10999701 97296 1.9 30 16 5 11 47% 31394 9459 2324 119%
c w 1224.80 41 43 86 648 255541 6 10999701 97153 1.9 30 16 5 11 47% 31394 9459 2324 119%
c - 1226.40 41 42 86 649 256030 6 11010631 84662 1.9 30 16 5 11 47% 31394 9459 2324 119%
c - 1230.04 41 43 86 650 257427 6 11036106 86537 2.0 31 16 5 11 47% 31394 9459 2324 119%
c - 1233.78 41 43 86 651 258875 5 11061601 87402 2.0 31 16 5 11 47% 31394 9459 2324 119%
c - 1237.66 41 44 86 652 260398 5 11087117 87567 2.0 31 16 5 11 47% 31394 9459 2324 119%
c - 1241.26 41 44 86 653 261731 5 11112651 87294 2.0 32 16 5 11 47% 31394 9459 2324 119%
c - 1244.94 41 44 86 654 263101 5 11138204 87160 2.0 32 16 5 11 47% 31394 9459 2324 119%
c - 1248.71 41 44 86 655 264399 5 11163780 86823 2.0 32 16 5 11 47% 31394 9459 2324 119%
c - 1252.27 41 44 86 656 265482 4 11189372 86872 2.0 33 16 5 11 47% 31394 9459 2324 119%
c } 1254.90 41 44 87 656 266603 5 11206901 104150 2.0 33 16 5 11 47% 31394 9459 2324 119%
c
c   seconds    switched       rate             size/glue  tier1     binary        remaining
c           MB   reductions      conflicts           size   tier2      irredundant
c            level      restarts         redundant      glue    trail        variables
c
c [ 1254.90 41 21 87 656 266603 1 11206901 104150 1.9 24 13 6 14 48% 31394 9459 2324 119%
c W 1260.30 41 21 87 656 266603 1 11206901 104150 1.9 24 13 6 14 48% 31394 9459 2324 119%
c - 1261.11 41 21 87 657 266608 1 11214984 87300 1.9 24 13 5 14 48% 31394 9459 2324 119%
c - 1263.77 41 21 87 658 266618 1 11240616 91967 1.9 24 13 5 14 48% 31394 9459 2324 119%
c - 1266.48 41 20 87 659 266632 1 11266267 99458 1.9 23 12 5 14 48% 31394 9459 2324 119%
c - 1269.23 41 21 87 660 266636 1 11291939 99378 1.9 24 13 5 14 48% 31394 9459 2324 119%
c - 1272.19 41 21 87 661 266648 1 11317629 97297 1.9 24 13 5 14 48% 31394 9459 2324 119%
c - 1275.14 41 21 87 662 266662 1 11343340 98079 1.9 24 13 5 14 48% 31394 9459 2324 119%
c u 1277.01 41 20 87 662 266663 1 11346661 96978 1.9 24 13 5 14 48% 31394 9459 2324 119%
c v 1278.68 41 20 87 662 266663 1 11346661 92403 1.9 24 13 5 14 48% 31394 9459 2324 119%
c w 1279.26 41 20 87 662 266663 1 11346661 88244 1.9 24 13 5 14 48% 31394 9459 2324 119%
c o 1279.29 41 20 87 662 266663 1 11346661 88244 1.9 24 13 5 14 48% 31394 9459 2324 119%
c - 1281.57 41 27 87 663 266664 1 11369070 85228 1.8 25 14 5 14 48% 31394 9459 2324 119%
c - 1284.40 41 28 87 664 266665 1 11394818 81507 1.7 26 15 5 14 48% 31394 9459 2324 119%
c - 1287.19 41 29 87 665 266676 1 11420587 82251 1.7 26 15 5 14 48% 31394 9459 2324 119%
c - 1290.02 41 27 87 666 266687 1 11446375 87621 1.7 25 15 5 14 48% 31394 9459 2324 119%
c - 1293.17 41 25 87 667 266696 1 11472182 95837 1.8 25 14 5 14 49% 31394 9459 2324 119%
c - 1296.15 41 24 87 668 266704 1 11498008 99250 1.8 25 14 5 14 49% 31394 9459 2324 119%
c - 1299.20 41 23 87 669 266716 1 11523853 99281 1.8 24 14 5 14 49% 31394 9459 2324 119%
c I 1301.14 41 23 87 669 266725 1 11540573 115038 1.8 25 14 5 14 49% 31394 9459 2324 119%
c
c   seconds    switched       rate            size/glue  tier1     binary        remaining
c           MB   reductions      conflicts          size   tier2      irredundant
c            level      restarts         redundant     glue    trail        variables
c
c - 1302.04 41 26 87 670 266726 1 11549718 95577 1.8 26 14 5 14 49% 31394 9459 2324 119%
c - 1304.75 43 33 87 671 266728 1 11575603 86563 1.8 30 17 5 14 49% 31394 9459 2324 119%
c - 1307.56 43 37 87 672 266729 1 11601506 79179 1.8 33 19 5 14 49% 31394 9459 2324 119%
c - 1310.41 43 41 87 673 266729 1 11627429 77221 1.8 36 20 5 14 49% 31394 9459 2324 119%
c - 1313.31 43 44 87 674 266729 1 11653374 77365 1.8 38 21 5 15 49% 31394 9459 2324 119%
c - 1316.25 43 44 87 675 266737 1 11679335 78317 1.8 39 21 5 15 50% 31394 9459 2324 119%
c u 1319.68 43 42 87 675 266745 1 11699528 94986 1.8 38 21 5 15 50% 31394 9459 2324 119%
c v 1321.29 43 42 87 675 266745 1 11699528 93839 1.8 38 21 5 15 50% 31394 9459 2324 119%
c w 1321.86 43 42 87 675 266745 1 11699528 92473 1.8 38 21 5 15 50% 31394 9459 2324 119%
c - 1328.23 43 41 87 676 266750 1 11705316 77239 1.8 38 21 5 15 50% 31394 9459 2324 119%
c - 1330.84 43 39 87 677 266759 1 11731316 79912 1.8 36 20 5 15 50% 31394 9459 2324 119%
c ] 1332.34 43 37 88 677 266760 1 11746439 94440 1.8 36 20 5 15 49% 31394 9459 2324 119%
c { 1332.34 43 44 88 677 266760 5 11746439 94440 2.0 33 16 5 11 47% 31394 9459 2324 119%
c - 1333.44 43 42 88 678 266773 4 11757335 84247 2.0 32 16 5 11 47% 31394 9459 2324 119%
c - 1336.09 43 36 88 679 266785 4 11783373 94142 2.0 29 15 5 11 47% 31394 9459 2324 119%
c - 1338.44 43 32 88 680 266787 3 11809430 101918 2.0 27 14 5 11 47% 31394 9459 2324 119%
c - 1341.09 43 28 88 681 266789 3 11835506 105035 2.0 26 13 5 11 47% 31394 9459 2324 119%
c - 1343.72 43 25 88 682 266793 2 11861601 107024 2.0 25 12 5 11 47% 31394 9459 2324 119%
c o 1343.96 43 25 88 682 266797 2 11863860 109196 2.0 25 12 5 11 47% 31394 9459 2324 119%
c - 1346.14 43 23 88 683 266884 2 11887716 107634 2.0 23 12 5 11 47% 31394 9459 2324 119%
c
c   seconds    switched       rate             size/glue  tier1     binary        remaining
c           MB   reductions      conflicts           size   tier2      irredundant
c            level      restarts         redundant      glue    trail        variables
c
c - 1348.69 43 22 88 684 267024 2 11913852 108488 2.0 22 11 5 11 47% 31394 9459 2324 119%
c - 1351.28 43 20 88 685 267156 2 11940006 108280 1.9 21 11 5 11 47% 31394 9459 2324 119%
c - 1353.90 43 19 88 686 267357 2 11966178 108062 1.9 20 11 5 11 47% 31394 9459 2324 119%
c - 1356.34 43 18 88 687 267580 2 11992369 108347 1.9 20 10 5 11 47% 31394 9459 2324 119%
c - 1358.91 43 18 88 688 268069 2 12018580 108303 1.8 19 10 5 11 47% 31394 9459 2324 119%
c - 1361.43 43 17 88 689 268551 2 12044809 108498 1.8 18 10 5 11 47% 31394 9459 2324 119%
c u 1363.59 43 17 88 689 268704 2 12058276 118329 1.8 18 10 5 11 46% 31394 9459 2324 119%
c v 1364.50 43 17 88 689 268704 2 12058276 115546 1.8 18 10 5 11 46% 31394 9459 2324 119%
c w 1364.83 43 17 88 689 268704 2 12058276 114742 1.8 18 10 5 11 46% 31394 9459 2324 119%
c - 1366.28 43 17 88 690 268937 2 12071057 103511 1.8 18 10 5 11 46% 31394 9459 2324 119%
c - 1368.74 43 17 88 691 269477 2 12097325 105795 1.7 17 10 5 11 46% 31394 9459 2324 119%
c - 1371.41 43 17 88 692 270291 2 12123612 107921 1.7 17 10 5 11 46% 31394 9459 2324 119%
c } 1372.59 43 17 89 692 270590 2 12135376 118359 1.7 17 10 5 11 46% 31394 9459 2324 119%
c [ 1372.59 43 37 89 692 270590 1 12135376 118359 1.8 36 20 5 15 49% 31394 9459 2324 119%
c B 1372.59 43 37 89 692 270590 1 12135376 118359 1.8 36 20 5 15 49% 31394 9459 2324 119%
c - 1374.00 43 37 89 693 270599 1 12149917 104602 1.8 36 19 5 15 50% 31394 9459 2324 119%
c - 1376.84 43 34 89 694 270610 1 12176242 97592 1.9 35 19 5 15 50% 31394 9459 2324 119%
c - 1380.07 43 34 89 695 270620 1 12202586 91738 1.8 34 19 5 15 50% 31394 9459 2324 119%
c - 1383.35 43 33 89 696 270627 1 12228950 87785 1.8 34 19 5 15 50% 31394 9459 2324 119%
c - 1386.65 43 32 89 697 270640 1 12255331 88775 1.8 33 18 5 15 50% 31394 9459 2324 119%
c
c   seconds    switched       rate            size/glue  tier1     binary        remaining
c           MB   reductions      conflicts          size   tier2      irredundant
c            level      restarts         redundant     glue    trail        variables
c
c - 1389.79 43 30 89 698 270650 1 12281731 92207 1.8 32 18 5 15 50% 31394 9459 2324 119%
c - 1392.71 43 30 89 699 270652 1 12308150 91932 1.8 32 18 5 15 50% 31394 9459 2324 119%
c - 1395.88 43 29 89 700 270655 1 12334589 89894 1.8 31 17 5 15 49% 31394 9459 2324 119%
c - 1398.97 43 28 89 701 270667 1 12361047 92474 1.8 30 17 5 15 49% 31394 9459 2324 119%
c - 1402.18 43 27 89 702 270681 1 12387523 98546 1.8 29 16 5 15 49% 31394 9459 2324 119%
c - 1405.15 43 29 89 703 270683 1 12414018 96882 1.8 30 17 5 15 49% 31394 9459 2324 119%
c u 1407.53 43 29 89 703 270690 1 12422956 101429 1.8 30 17 5 15 49% 31394 9459 2324 119%
c v 1408.99 43 29 89 703 270690 1 12422956 101049 1.8 30 17 5 15 49% 31394 9459 2324 119%
c w 1409.54 43 29 89 703 270690 1 12422956 96697 1.8 30 17 5 15 49% 31394 9459 2324 119%
c o 1409.56 43 29 89 703 270690 1 12422956 96697 1.8 30 17 5 15 49% 31394 9459 2324 119%
c - 1411.42 43 33 89 704 270698 1 12440532 86357 1.7 31 18 5 15 49% 31394 9459 2324 119%
c ] 1413.03 43 32 90 704 270705 1 12455805 101078 1.8 30 17 5 15 50% 31394 9459 2324 119%
c { 1413.03 43 17 90 704 270705 2 12455805 101078 1.7 17 10 5 11 46% 31394 9459 2324 119%
c - 1414.18 43 17 90 705 271156 2 12467065 95703 1.7 17 10 5 11 46% 31394 9459 2324 119%
c - 1416.83 43 17 90 706 272016 2 12493616 105094 1.7 17 10 5 11 46% 31394 9459 2324 119%
c - 1419.40 43 17 90 707 272812 2 12520186 108075 1.7 17 10 5 11 46% 31394 9459 2324 119%
c - 1421.99 43 17 90 708 273632 2 12546775 109417 1.7 17 10 5 11 47% 31394 9459 2324 119%
c - 1424.67 43 16 90 709 274269 2 12573383 110161 1.7 16 10 5 11 46% 31394 9459 2324 119%
c - 1427.47 43 16 90 710 275125 2 12600011 110230 1.7 16 10 5 11 46% 31394 9459 2324 119%
c - 1430.19 43 17 90 711 276243 2 12626656 110899 1.7 16 10 5 11 46% 31394 9459 2324 119%
c
c   seconds    switched       rate             size/glue  tier1     binary        remaining
c           MB   reductions      conflicts           size   tier2      irredundant
c            level      restarts         redundant      glue    trail        variables
c
c - 1432.96 43 17 90 712 277367 2 12653321 111359 1.7 16 10 5 11 46% 31394 9459 2324 119%
c - 1435.67 43 17 90 713 278379 2 12680004 110961 1.7 16 10 5 11 46% 31394 9459 2324 119%
c - 1438.38 43 17 90 714 279539 2 12706706 110941 1.7 16 10 5 11 47% 31394 9459 2324 119%
c - 1441.00 43 17 90 715 280272 2 12733426 110782 1.7 16 10 5 11 47% 31394 9459 2324 119%
c - 1443.61 43 17 90 716 280966 2 12760165 111371 1.7 16 10 5 11 47% 31394 9459 2324 119%
c - 1446.22 43 17 90 717 281845 2 12786923 111298 1.7 16 10 5 11 47% 31394 9459 2324 119%
c u 1448.19 43 17 90 717 282064 2 12793568 112951 1.7 16 10 5 11 47% 31394 9459 2324 119%
c v 1449.61 43 17 90 717 282064 2 12793568 107121 1.7 16 10 5 11 47% 31394 9459 2324 119%
c w 1450.11 43 17 90 717 282064 2 12793568 106257 1.7 16 10 5 11 47% 31394 9459 2324 119%
c - 1452.15 43 17 90 718 282913 2 12813699 103069 1.7 16 10 5 11 47% 31394 9459 2324 119%
c - 1454.70 43 17 90 719 283902 2 12840495 106780 1.6 16 10 5 11 46% 31394 9459 2324 119%
c } 1456.75 43 17 91 719 284616 2 12861125 125577 1.7 16 10 5 11 46% 31394 9459 2324 119%
c [ 1456.75 43 32 91 719 284616 1 12861125 125577 1.8 30 17 5 15 50% 31394 9459 2324 119%
c W 1463.32 43 32 91 719 284616 1 12861125 125577 1.8 30 17 5 15 50% 31394 9459 2324 119%
c - 1463.92 43 32 91 720 284621 1 12867309 106977 1.8 30 17 5 15 50% 31394 9459 2324 119%
c - 1466.45 43 29 91 721 284631 1 12894142 106451 1.8 28 16 5 15 49% 31394 9459 2324 119%
c - 1469.33 43 27 91 722 284645 1 12920994 105324 1.8 27 15 5 15 49% 31394 9459 2324 119%
c - 1472.34 43 25 91 723 284650 1 12947867 105339 1.8 26 14 5 15 49% 31394 9459 2324 119%
c - 1475.22 43 23 91 724 284661 1 12974756 107969 1.8 25 14 5 15 49% 31394 9459 2324 119%
c o 1476.76 43 23 91 724 284671 1 12990289 122739 1.9 25 13 5 15 49% 31394 9459 2324 119%
c
c   seconds    switched       rate             size/glue  tier1     binary        remaining
c           MB   reductions      conflicts           size   tier2      irredundant
c            level      restarts         redundant      glue    trail        variables
c
c - 1477.97 43 27 91 725 284676 1 13001664 105580 1.8 26 15 5 15 49% 31394 9459 2324 119%
c - 1480.83 43 26 91 726 284678 1 13028590 103056 1.8 26 14 5 15 48% 31394 9459 2324 119%
c - 1483.94 43 25 91 727 284678 1 13055535 104320 1.9 26 14 5 15 48% 31394 9459 2324 119%
c - 1486.92 43 24 91 728 284692 1 13082497 108115 1.9 26 14 5 15 48% 31394 9459 2324 119%
c - 1489.72 43 24 91 729 284706 1 13109478 107415 1.9 27 14 5 15 48% 31394 9459 2324 119%
c - 1492.87 43 24 91 730 284709 1 13136481 105892 2.0 27 14 5 15 48% 31394 9459 2324 119%
c - 1496.16 43 23 91 731 284723 1 13163499 108671 1.9 26 14 5 15 48% 31394 9459 2324 119%
c u 1498.29 43 23 91 731 284724 1 13170112 110835 1.9 26 14 5 15 48% 31394 9459 2324 119%
c v 1499.93 43 23 91 731 284724 1 13170112 110370 1.9 26 14 5 15 48% 31394 9459 2324 119%
c w 1500.51 43 23 91 731 284724 1 13170112 107971 1.9 26 14 5 15 48% 31394 9459 2324 119%
c - 1502.88 43 22 91 732 284736 1 13190537 106336 1.9 26 13 5 15 48% 31394 9459 2324 119%
c - 1505.75 43 22 91 733 284740 1 13217592 107391 1.9 25 13 5 15 48% 31394 9459 2324 119%
c O 1506.44 43 23 91 733 284741 1 13224196 113710 1.9 25 13 5 15 48% 31394 9459 2324 119%
c ] 1506.63 43 22 92 733 284741 1 13225970 115285 1.9 25 13 5 15 48% 31394 9459 2324 119%
c { 1506.63 43 17 92 733 284741 2 13225970 115285 1.7 16 10 5 11 46% 31394 9459 2324 119%
c - 1508.65 43 17 92 734 285435 2 13244665 107506 1.7 16 10 5 11 46% 31394 9459 2324 119%
c - 1511.45 43 17 92 735 286772 2 13271757 110643 1.6 16 10 5 11 46% 31394 9459 2324 119%
c - 1514.20 43 17 92 736 287739 2 13298868 111621 1.6 16 10 5 11 47% 31394 9459 2324 119%
c - 1516.89 43 17 92 737 288624 2 13325998 112368 1.7 16 10 5 11 47% 31394 9459 2324 119%
c - 1519.59 43 17 92 738 289358 2 13353147 112777 1.7 16 10 5 11 47% 31394 9459 2324 119%
c
c   seconds    switched       rate             size/glue  tier1     binary        remaining
c           MB   reductions      conflicts           size   tier2      irredundant
c            level      restarts         redundant      glue    trail        variables
c
c - 1522.47 43 17 92 739 290428 2 13380313 113224 1.6 16 10 5 11 47% 31394 9459 2324 119%
c - 1525.26 43 17 92 740 291354 2 13407497 113237 1.6 16 10 5 11 47% 31394 9459 2324 119%
c - 1528.06 43 17 92 741 292405 2 13434700 113124 1.6 16 10 5 11 47% 31394 9459 2324 119%
c - 1530.73 43 17 92 742 293088 2 13461922 113420 1.6 16 10 5 11 47% 31394 9459 2324 119%
c o 1532.52 43 17 92 742 293746 2 13480380 130015 1.6 16 10 5 11 46% 31394 9459 2324 119%
c - 1533.34 43 17 92 743 294003 2 13489162 114059 1.6 16 10 5 11 46% 31394 9459 2324 119%
c - 1536.26 43 17 92 744 295183 2 13516422 104363 1.6 16 10 4 11 46% 31394 9459 2324 119%
c - 1539.11 43 17 92 745 296260 2 13543699 102409 1.7 16 10 4 11 46% 31394 9459 2324 119%
c u 1541.31 43 17 92 745 296388 2 13552614 104263 1.7 16 10 4 11 46% 31394 9459 2324 119%
c v 1542.87 43 17 92 745 296388 2 13552614 100237 1.7 16 10 4 11 46% 31394 9459 2324 119%
c w 1543.39 43 17 92 745 296388 2 13552614 99661 1.7 16 10 4 11 46% 31394 9459 2324 119%
c - 1545.14 43 17 92 746 296994 2 13570993 93137 1.7 16 10 4 11 46% 31394 9459 2324 119%
c - 1547.59 43 17 92 747 297778 2 13598306 94764 1.7 16 10 4 11 46% 31394 9459 2324 119%
c - 1550.23 43 17 92 748 298856 2 13625638 95953 1.6 16 10 4 11 46% 31394 9459 2324 119%
c } 1552.38 43 17 93 748 299766 2 13647974 116314 1.7 16 10 4 11 46% 31394 9459 2324 119%
c [ 1552.38 43 22 93 748 299766 1 13647974 116314 1.9 25 13 5 15 48% 31394 9459 2324 119%
c B 1552.38 43 22 93 748 299766 1 13647974 116314 1.9 25 13 5 15 48% 31394 9459 2324 119%
c - 1552.83 43 23 93 749 299769 1 13652987 95334 1.9 25 13 5 15 48% 31394 9459 2324 119%
c - 1555.44 43 22 93 750 299780 1 13680354 93723 1.9 25 13 5 15 48% 31394 9459 2324 119%
c - 1558.21 43 21 93 751 299795 1 13707740 93930 1.9 25 13 5 15 48% 31394 9459 2324 119%
c
c   seconds    switched       rate            size/glue  tier1     binary        remaining
c           MB   reductions      conflicts          size   tier2      irredundant
c            level      restarts         redundant     glue    trail        variables
c
c - 1561.53 43 20 93 752 299801 1 13735145 95884 2.0 24 12 5 15 48% 31394 9459 2324 119%
c - 1564.66 43 20 93 753 299811 1 13762568 97309 2.0 24 12 5 15 48% 31394 9459 2324 119%
c - 1567.96 43 19 93 754 299826 1 13790008 97647 2.0 24 12 5 15 48% 31394 9459 2324 119%
c - 1571.13 43 20 93 755 299828 1 13817469 96452 2.0 25 12 5 15 48% 31394 9459 2324 119%
c - 1574.39 43 20 93 756 299829 1 13844946 93954 2.0 25 12 5 15 48% 31394 9459 2324 119%
c - 1577.37 43 20 93 757 299843 1 13872442 98691 2.0 25 12 5 15 48% 31394 9459 2324 119%
c - 1580.49 43 19 93 758 299857 1 13899956 101399 2.0 24 12 5 15 47% 31394 9459 2324 119%
c - 1583.64 43 19 93 759 299860 1 13927491 102122 2.0 23 12 5 15 47% 31394 9459 2324 119%
c u 1586.46 43 19 93 759 299868 1 13941099 110598 2.0 23 12 5 15 47% 31394 9459 2324 119%
c v 1588.16 43 19 93 759 299868 1 13941099 103519 2.0 23 12 5 15 47% 31394 9459 2324 119%
c w 1588.72 43 19 93 759 299868 1 13941099 94975 2.0 23 12 5 15 47% 31394 9459 2324 119%
c - 1590.10 43 19 93 760 299874 1 13955040 88757 2.0 23 12 5 15 47% 31394 9459 2324 119%
c - 1592.99 43 20 93 761 299888 1 13982609 94845 2.0 24 12 5 15 47% 31394 9459 2324 119%
c - 1595.95 43 21 93 762 299891 1 14010195 94517 2.0 25 13 5 15 48% 31394 9459 2324 119%
c ] 1597.38 43 23 94 762 299891 1 14023422 107173 1.9 26 13 5 15 48% 31394 9459 2324 119%
c { 1597.38 43 17 94 762 299891 2 14023422 107173 1.7 16 10 4 11 46% 31394 9459 2324 119%
c o 1597.39 43 17 94 762 299896 2 14023458 107207 1.7 16 10 4 11 46% 31394 9459 2324 119%
c - 1598.82 43 17 94 763 300275 2 14037799 93748 1.7 16 10 4 11 46% 31394 9459 2324 119%
c - 1601.37 43 17 94 764 301286 2 14065421 98020 1.7 16 10 4 11 46% 31394 9459 2324 119%
c - 1603.83 43 17 94 765 302119 2 14093063 102498 1.7 16 10 4 11 46% 31394 9459 2324 119%
c
c   seconds    switched       rate             size/glue  tier1     binary        remaining
c           MB   reductions      conflicts           size   tier2      irredundant
c            level      restarts         redundant      glue    trail        variables
c
c - 1606.58 43 17 94 766 303194 2 14120721 104018 1.7 16 10 4 11 46% 31394 9459 2324 119%
c - 1609.30 43 17 94 767 304304 2 14148398 104553 1.7 16 10 4 11 46% 31394 9459 2324 119%
c - 1612.00 43 17 94 768 305205 2 14176093 104565 1.7 16 10 4 11 46% 31394 9459 2324 119%
c - 1614.67 43 17 94 769 306306 2 14203806 104649 1.6 16 10 4 11 47% 31394 9459 2324 119%
c - 1617.39 43 17 94 770 307442 2 14231538 105090 1.6 16 10 4 11 47% 31394 9459 2324 119%
c - 1619.98 43 17 94 771 308304 2 14259286 104931 1.6 16 10 4 11 47% 31394 9459 2324 119%
c - 1622.45 43 17 94 772 308983 2 14287053 104413 1.6 16 10 4 11 47% 31394 9459 2324 119%
c - 1625.10 43 17 94 773 310072 2 14314838 105031 1.6 16 10 4 11 47% 31394 9459 2324 119%
c u 1628.30 43 17 94 773 310574 2 14335567 108827 1.6 16 10 4 11 46% 31394 9459 2324 119%
c v 1629.73 43 17 94 773 310574 2 14335567 101671 1.6 16 10 4 11 46% 31394 9459 2324 119%
c w 1630.26 43 17 94 773 310574 2 14335567 100635 1.6 16 10 4 11 46% 31394 9459 2324 119%
c - 1630.90 43 17 94 774 310775 2 14342640 86583 1.6 16 10 4 11 46% 31394 9459 2324 119%
c - 1633.21 43 17 94 775 311579 2 14370460 89306 1.6 16 10 4 11 47% 31394 9459 2324 119%
c - 1635.71 43 17 94 776 312560 2 14398298 91770 1.6 16 10 4 11 47% 31394 9459 2324 119%
c - 1638.05 43 17 94 777 313486 2 14426154 92579 1.6 16 10 4 11 46% 31394 9459 2324 119%
c - 1640.46 43 17 94 778 314551 2 14454029 93310 1.6 16 10 4 11 47% 31394 9459 2324 119%
c } 1641.09 43 17 95 778 314722 2 14462407 100662 1.6 16 10 4 11 47% 31394 9459 2324 119%
c [ 1641.09 43 23 95 778 314722 1 14462407 100662 1.9 26 13 5 15 48% 31394 9459 2324 119%
c W 1648.23 43 23 95 778 314722 1 14462407 100662 1.9 26 13 5 15 48% 31394 9459 2324 119%
c - 1649.90 43 22 95 779 314734 1 14481921 93069 1.9 25 13 5 15 48% 31394 9459 2324 119%
c
c   seconds    switched       rate            size/glue  tier1     binary        remaining
c           MB   reductions      conflicts          size   tier2      irredundant
c            level      restarts         redundant     glue    trail        variables
c
c - 1652.41 43 21 95 780 314746 1 14509831 92048 1.9 25 13 5 15 48% 31394 9459 2324 119%
c - 1655.30 43 21 95 781 314752 1 14537760 91079 1.9 24 12 5 15 48% 31394 9459 2324 119%
c - 1658.17 43 21 95 782 314766 1 14565707 87452 1.9 25 13 5 15 48% 31394 9459 2324 119%
c - 1661.16 43 21 95 783 314778 1 14593671 85978 1.9 25 13 5 15 48% 31394 9459 2324 119%
c - 1664.23 43 21 95 784 314783 1 14621657 89867 1.9 25 13 5 15 48% 31394 9459 2324 119%
c - 1667.26 43 22 95 785 314784 1 14649658 92408 2.0 25 13 5 15 48% 31394 9459 2324 119%
c - 1670.58 43 21 95 786 314797 1 14677675 93616 1.9 24 13 5 15 48% 31394 9459 2324 119%
c - 1673.99 43 22 95 787 314808 1 14705712 91550 1.9 25 13 5 15 48% 31394 9459 2324 119%
c - 1677.35 43 22 95 788 314815 1 14733765 90137 1.9 25 13 5 15 48% 31394 9459 2324 119%
c u 1679.01 43 22 95 788 314815 1 14736046 88559 1.9 25 13 5 15 48% 31394 9459 2324 119%
c v 1680.77 43 22 95 788 314815 1 14736046 86523 1.9 25 13 5 15 48% 31394 9459 2324 119%
c w 1681.36 43 22 95 788 314815 1 14736046 83440 1.9 25 13 5 15 48% 31394 9459 2324 119%
c o 1681.38 43 22 95 788 314815 1 14736046 83440 1.9 25 13 5 15 48% 31394 9459 2324 119%
c - 1683.84 43 27 95 789 314829 1 14761836 79876 1.8 27 14 5 15 48% 31394 9459 2324 119%
c - 1686.65 43 26 95 790 314840 1 14789927 78933 1.8 26 14 5 15 48% 31394 9459 2324 119%
c - 1689.37 43 27 95 791 314846 1 14818033 80814 1.9 27 15 5 15 48% 31394 9459 2324 119%
c ] 1691.35 43 29 96 791 314847 1 14839178 101261 1.9 29 15 5 15 48% 31394 9459 2324 119%
c { 1691.35 43 17 96 791 314847 2 14839178 101261 1.6 16 10 4 11 47% 31394 9459 2324 119%
c - 1692.01 43 17 96 792 315190 2 14846157 77643 1.6 16 10 4 11 47% 31394 9459 2324 119%
c - 1694.40 43 17 96 793 316169 2 14874300 82678 1.6 16 10 4 11 46% 31394 9459 2324 119%
c
c   seconds    switched       rate            size/glue  tier1     binary        remaining
c           MB   reductions      conflicts          size   tier2      irredundant
c            level      restarts         redundant     glue    trail        variables
c
c - 1696.76 43 17 96 794 317170 2 14902461 91423 1.6 16 10 4 11 46% 31394 9459 2324 119%
c - 1699.18 43 17 96 795 318094 2 14930639 93434 1.6 16 10 4 11 46% 31394 9459 2324 119%
c - 1701.68 43 17 96 796 319017 2 14958835 93693 1.6 16 10 4 11 47% 31394 9459 2324 119%
c - 1704.19 43 17 96 797 319908 2 14987048 93965 1.6 16 10 4 11 46% 31394 9459 2324 119%
c - 1706.59 43 16 96 798 320759 2 15015280 94149 1.6 16 10 4 11 46% 31394 9459 2324 119%
c - 1709.08 43 17 96 799 322005 2 15043528 94286 1.6 16 10 4 11 46% 31394 9459 2324 119%
c - 1711.51 43 17 96 800 322936 2 15071794 95064 1.6 16 10 4 11 46% 31394 9459 2324 119%
c - 1713.91 43 17 96 801 323802 2 15100081 95325 1.7 16 10 4 11 46% 31394 9459 2324 119%
c - 1716.38 43 17 96 802 324783 2 15128382 95097 1.6 16 10 4 11 46% 31394 9459 2324 119%
c u 1718.80 43 17 96 802 325448 2 15142532 102562 1.6 16 10 4 11 46% 31394 9459 2324 119%
c v 1720.20 43 17 96 802 325448 2 15142532 93844 1.6 16 10 4 11 46% 31394 9459 2324 119%
c w 1720.68 43 17 96 802 325448 2 15142532 92601 1.6 16 10 4 11 46% 31394 9459 2324 119%
c - 1722.01 43 17 96 803 326265 2 15156702 86123 1.6 16 10 4 11 46% 31394 9459 2324 119%
c - 1724.36 43 17 96 804 327375 2 15185041 89963 1.7 16 10 4 11 47% 31394 9459 2324 119%
c - 1726.71 43 17 96 805 328321 2 15213396 92181 1.7 16 10 4 11 47% 31394 9459 2324 119%
c - 1729.05 43 17 96 806 329125 2 15241768 92465 1.7 16 10 4 11 47% 31394 9459 2324 119%
c o 1730.37 43 17 96 806 329480 2 15257733 106861 1.7 16 10 4 11 47% 31394 9459 2324 119%
c - 1731.42 43 17 96 807 329865 2 15270158 92231 1.7 16 10 4 11 47% 31394 9459 2324 119%
c } 1733.52 43 17 97 807 330750 2 15295441 115011 1.7 16 10 4 11 47% 31394 9459 2324 119%
c [ 1733.52 43 29 97 807 330750 1 15295441 115011 1.9 29 15 5 15 48% 31394 9459 2324 119%
c
c   seconds    switched       rate             size/glue  tier1     binary        remaining
c           MB   reductions      conflicts           size   tier2      irredundant
c            level      restarts         redundant      glue    trail        variables
c
c I 1733.52 43 29 97 807 330750 1 15295441 115011 1.9 29 15 5 15 48% 31394 9459 2324 119%
c - 1733.78 43 29 97 808 330752 1 15298567 91405 1.9 29 16 5 15 48% 31394 9459 2324 119%
c - 1736.33 43 28 97 809 330764 1 15326992 86021 1.9 29 15 5 15 48% 31394 9459 2324 119%
c - 1739.12 43 27 97 810 330779 1 15355434 81568 1.9 29 15 5 15 48% 31394 9459 2324 119%
c - 1741.79 43 28 97 811 330786 1 15383894 81225 1.9 29 15 5 15 48% 31394 9459 2324 119%
c - 1744.80 43 26 97 812 330798 1 15412372 82212 1.9 28 15 5 15 49% 31394 9459 2324 119%
c - 1747.86 43 25 97 813 330810 1 15440868 86638 1.9 27 14 5 15 48% 31394 9459 2324 119%
c - 1750.72 43 24 97 814 330812 1 15469381 88941 1.9 26 14 5 15 48% 31394 9459 2324 119%
c - 1753.68 43 24 97 815 330817 1 15497913 86840 1.9 27 14 5 15 49% 31394 9459 2324 119%
c - 1756.83 43 24 97 816 330829 1 15526461 84020 1.9 27 14 5 15 49% 31394 9459 2324 119%
c - 1759.98 43 23 97 817 330842 1 15555026 86904 1.9 27 14 5 15 49% 31394 9459 2324 119%
c u 1761.25 43 23 97 817 330842 1 15555054 83322 1.9 27 14 5 15 49% 31394 9459 2324 119%
c v 1762.81 43 23 97 817 330842 1 15555054 82384 1.9 27 14 5 15 49% 31394 9459 2324 119%
c w 1763.35 43 23 97 817 330842 1 15555054 80960 1.9 27 14 5 15 49% 31394 9459 2324 119%
c - 1766.08 43 22 97 818 330850 1 15583609 86162 1.9 26 13 5 15 49% 31394 9459 2324 119%
c - 1768.79 43 22 97 819 330863 1 15612211 88732 2.0 26 13 5 15 49% 31394 9459 2324 119%
c - 1771.64 43 22 97 820 330874 1 15640829 87646 2.0 26 13 5 15 49% 31394 9459 2324 119%
c - 1774.56 43 22 97 821 330875 1 15669465 86619 2.0 26 13 5 15 49% 31394 9459 2324 119%
c ] 1775.13 43 22 98 821 330875 1 15674861 91759 2.0 26 13 5 15 49% 31394 9459 2324 119%
c { 1775.13 43 17 98 821 330875 2 15674861 91759 1.7 16 10 4 11 47% 31394 9459 2324 119%
c
c   seconds    switched       rate            size/glue  tier1     binary        remaining
c           MB   reductions      conflicts          size   tier2      irredundant
c            level      restarts         redundant     glue    trail        variables
c
c - 1777.17 43 16 98 822 330885 2 15698118 89111 1.7 16 10 4 11 47% 31394 9459 2324 119%
c - 1779.50 43 14 98 823 330914 2 15726788 88792 1.6 15 9 4 11 47% 31394 9459 2324 119%
c - 1781.77 43 13 98 824 330977 2 15755475 87350 1.6 15 9 4 11 47% 31394 9459 2324 119%
c - 1784.06 43 13 98 825 331097 1 15784180 87707 1.6 14 9 4 11 47% 31394 9459 2324 119%
c o 1784.37 43 12 98 825 331141 1 15788155 91132 1.6 14 9 4 11 47% 31394 9459 2324 119%
c - 1786.37 43 12 98 826 331341 1 15812904 89188 1.6 14 9 4 11 47% 31394 9459 2324 119%
c - 1788.68 43 12 98 827 331603 1 15841644 89172 1.6 14 9 4 11 47% 31394 9459 2324 119%
c - 1790.95 43 11 98 828 331868 1 15870402 88555 1.6 13 8 4 11 47% 31394 9459 2324 119%
c - 1793.29 43 11 98 829 332410 1 15899177 88652 1.6 13 8 4 11 47% 31394 9459 2324 119%
c - 1795.74 43 11 98 830 333118 1 15927969 89382 1.6 13 8 4 11 47% 31394 9459 2324 119%
c - 1798.10 43 11 98 831 333698 1 15956779 89873 1.6 13 8 4 11 47% 31394 9459 2324 119%
c caught signal 15 (SIGTERM)
c
c ---- [ profiling ] ---------------------------------------------------------
c
c        1596.46   88.70 %  search
c         823.31   45.75 %  focused
c         773.15   42.96 %  stable
c         203.16   11.29 %  simplify
c         162.09    9.01 %  probe
c         139.22    7.74 %  vivify
c          40.98    2.28 %  walking
c          19.45    1.08 %  sweep
c          14.63    0.81 %  reduce
c           1.99    0.11 %  substitute
c           0.99    0.06 %  transitive
c           0.21    0.01 %  eliminate
c           0.20    0.01 %  factor
c           0.18    0.01 %  backbone
c           0.12    0.01 %  preprocess
c           0.06    0.00 %  congruence
c           0.02    0.00 %  subsume
c           0.01    0.00 %  fastel
c           0.01    0.00 %  parse
c           0.00    0.00 %  lucky
c =============================================
c        1799.75  100.00 %  total
c
c ---- [ statistics ] --------------------------------------------------------
c
c chronological:                           28                0 %  conflicts
c conflicts:                         15973609             8875.47 per second
c decisions:                         31255761                1.96 per conflict
c eliminated:                            5402              276 %  variables
c factored:                              5779              295 %  variables
c fast_eliminated:                       1868               35 %  eliminated
c propagations:                    5074636869          2819637    per second
c reductions:                             831            19222    interval
c reordered:                               54           295808    interval
c rephased:                                63           253549    interval
c restarts:                            333972               48    interval
c strengthened:                          2610                1 %  checks
c switched:                                98           162996    interval
c vivified:                            888534               60 %  checks
c walks:                                   21           760648    interval
c
c ---- [ proof ] -------------------------------------------------------------
c
c proof_added:                       16374685               50 %  per line
c proof_bytes:                     1450180608             1383 MB 
c proof_deleted:                     16301113               50 %  per line
c
c ---- [ glue usage ] --------------------------------------------------------
c
c focused glue 4   used 1086729 clauses  5.29% accumulated 50.31% tier1
c focused glue 5   used  883599 clauses  4.30% accumulated 54.61%
c focused glue 6-9 used 5736736 clauses 27.90% accumulated 82.51%
c focused glue 10  used 1227924 clauses  5.97% accumulated 88.48%
c focused glue 11  used  820158 clauses  3.99% accumulated 92.47% tier2
c
c stable glue 5    used 2141371 clauses  7.11% accumulated 51.79% tier1
c stable glue 6    used 1794243 clauses  5.96% accumulated 57.75%
c stable glue 7-13 used 8863219 clauses 29.45% accumulated 87.19%
c stable glue 14   used  739517 clauses  2.46% accumulated 89.65%
c stable glue 15   used  614046 clauses  2.04% accumulated 91.69% tier2
c
c ---- [ resources ] ---------------------------------------------------------
c
c maximum-resident-set-size:         46063616 bytes         44 MB
c process-time:                            30m            1799.75 seconds
c raising signal 15 (SIGTERM)
