c ---- [ banner ] ------------------------------------------------------------
c
c Kissat SAT Solver
c 
c Copyright (c) 2021-2024 Armin Biere University of Freiburg
c Copyright (c) 2019-2021 Armin Biere Johannes Kepler University Linz
c 
c Version 4.0.0 unknown
c gcc (Ubuntu 13.3.0-6ubuntu2~24.04.1) 13.3.0 -W -Wall -O3 -DNDEBUG
c Mon Aug 3 21:56:23 UTC 2026 Linux runnervmvrwv9 6.17.0-1020-azure x86_64
c
c ---- [ proving ] -----------------------------------------------------------
c
c opened and writing proof to DRAT file:
c
c   borsuk_11_k6_q00r00_sixth_base_colorability_screen/work/results/q00r00-s016/q00r00-s016.drat
c
c ---- [ parsing ] -----------------------------------------------------------
c
c opened and reading DIMACS file:
c
c   borsuk_11_k6_q00r00_sixth_base_colorability_screen/work/input/instances/cases/q00r00-s016/q00r00-s016_12color.cnf
c
c parsed 'p cnf 2129 84731' header
c closing input after reading 1109759 bytes (1 MB)
c finished parsing after 0.01 seconds
c
c ---- [ solving ] -----------------------------------------------------------
c
c  seconds switched rate     size/glue tier1  binary       remaining
c         MB reductions conflicts size  tier2    irredundant
c          level restarts redundant glue  trail       variables
c
c *  0.01  5 0 0 0  0 0   0   0 0.0 0 0 0 0 0% 84427 294 2119 100%
c (  0.01  5 0 0 0  0 0   0   0 0.0 0 0 0 0 0% 84427 294 2119 100%
c .  0.01  5 0 0 0  0 0   0   0 0.0 0 0 0 0 0% 84427 294 2119 100%
c f  0.14  8 0 0 0  0 0   0   0 0.0 0 0 0 0 0% 36049 294 7037 331%
c e  0.15  7 0 0 0  0 0   0   0 0.0 0 0 0 0 0% 37947 942 4789 225%
c )  0.15  7 0 0 0  0 0   0   0 0.0 0 0 0 0 0% 37947 942 4789 225%
c {  0.15  7 0 0 0  0 0   0   0 0.0 0 0 2 6 0% 37947 942 4789 225%
c -  0.18  7 22 0 1 12 2 1001 723 1.5 17 12 11 15 37% 37947 942 4789 225%
c }  0.18  7 22 1 1 12 2 1001 723 1.5 17 12 11 15 37% 37947 942 4789 225%
c [  0.18  7 0 1 1 12 0 1001 723 0.0 0 0 2 6 0% 37947 942 4789 225%
c B  0.18  7 0 1 1 12 0 1001 723 0.0 0 0 2 6 0% 37947 942 4789 225%
c ]  0.21  7 34 2 1 12 1 1950 1650 2.0 24 12 2 6 35% 37947 942 4789 225%
c {  0.21  7 22 2 1 12 2 1950 1650 1.5 17 12 11 15 37% 37947 942 4789 225%
c -  0.21  7 22 2 2 12 2 2001 1392 1.5 18 12 11 14 37% 37947 942 4789 225%
c u  0.24  7 24 2 2 12 1 2577 1960 1.8 20 11 11 14 36% 37947 942 4789 225%
c v  0.24  7 24 2 2 12 1 2577 1954 1.8 20 11 11 14 36% 37947 942 4789 225%
c f  0.27  8 24 2 2 12 1 2577 1954 1.8 20 11 11 14 36% 34981 942 6793 319%
c u  0.28  8 24 2 2 12 1 2577 1951 1.8 20 11 11 14 36% 34981 942 6793 319%
c v  0.29  8 24 2 2 12 1 2577 1925 1.8 20 11 11 14 36% 34981 942 6793 319%
c }  0.33  8 22 3 2 13 1 2950 2274 1.8 19 11 11 14 35% 34981 942 6793 319%
c
c  seconds  switched rate       size/glue  tier1    binary       remaining
c         MB reductions conflicts     size   tier2     irredundant
c          level restarts  redundant     glue   trail       variables
c
c [  0.33  8 34 3 2 13 1 2950 2274 2.0 24 12 2 6 35% 34981 942 6793 319%
c W  0.34  9 34 3 2 13 1 2950 2274 2.0 24 12 2 6 35% 34981 942 6793 319%
c -  0.35  9 39 3 3 13 1 3415 2584 2.0 26 13 10 17 34% 34981 942 6793 319%
c ]  0.37  9 40 4 3 13 1 3787 2947 1.9 26 14 10 17 33% 34981 942 6793 319%
c {  0.37  9 22 4 3 13 1 3787 2947 1.8 19 11 11 14 35% 34981 942 6793 319%
c -  0.42  9 22 4 4 51 2 5153 3691 1.7 18 11 9 13 32% 34981 942 6793 319%
c }  0.45  9 22 5 4 87 2 6140 4558 1.7 17 10 9 13 31% 34981 942 6793 319%
c [  0.45  9 40 5 4 87 1 6140 4558 1.9 26 14 10 17 33% 34981 942 6793 319%
c I  0.45  9 40 5 4 87 1 6140 4558 1.9 26 14 10 17 33% 34981 942 6793 319%
c -  0.49  9 54 5 5 87 1 7153 4812 1.8 28 15 11 24 32% 34981 942 6793 319%
c u  0.53 10 46 5 5 88 1 7964 5550 1.8 26 15 11 24 31% 34981 942 6793 319%
c v  0.54 10 46 5 5 88 1 7964 5541 1.8 26 15 11 24 31% 34981 942 6793 319%
c w  0.54 10 46 5 5 88 1 7964 5505 1.8 26 15 11 24 31% 34981 942 6793 319%
c ]  0.57 11 43 6 5 89 1 8354 5860 1.8 26 14 11 24 31% 34981 942 6793 319%
c {  0.57 11 22 6 5 89 2 8354 5860 1.7 17 10 9 13 31% 34981 942 6793 319%
c -  0.61 11 27 6 6 167 3 9389 6041 1.7 18 10 9 13 31% 34981 942 6793 319%
c o  0.64 11 30 6 6 229 4 10020 6649 1.7 18 11 9 13 30% 34981 942 6793 319%
c -  0.71 11 34 6 7 377 5 11838 7488 1.7 19 11 9 13 30% 34981 942 6793 319%
c }  0.74 11 34 7 7 396 4 12425 8063 1.8 19 11 9 13 30% 34981 942 6793 319%
c [  0.74 11 43 7 7 396 1 12425 8063 1.8 26 14 11 24 31% 34981 942 6793 319%
c
c  seconds  switched  rate        size/glue  tier1      binary       remaining
c         MB reductions conflicts       size    tier2      irredundant
c          level restarts    redundant     glue     trail       variables
c
c B  0.74 11 43 7 7 396 1 12425 8063 1.8 26 14 11 24 31% 34981 942 6793 319%
c e  0.77 11 40 7 7 396 1 12878 8458 1.8 25 14 11 24 31% 31466 3800 6394 300%
c ^  0.77 11 40 7 7 396 1 12878 8458 1.8 25 14 11 24 31% 31466 3800 6394 300%
c -  0.85 12 33 7 8 398 1 14484 3088 1.7 23 13 10 16 31% 31466 3800 6394 300%
c ]  0.92 12 30 8 8 398 1 15962 4426 1.8 22 13 10 16 30% 31466 3800 6394 300%
c {  0.92 12 34 8 8 398 4 15962 4426 1.8 19 11 9 13 30% 31466 3800 6394 300%
c u  0.95 12 34 8 8 398 4 16328 4629 1.8 19 11 9 13 30% 31466 3800 6394 300%
c v  0.96 12 34 8 8 398 4 16328 3920 1.8 19 11 9 13 30% 31466 3800 6394 300%
c w  0.97 12 34 8 8 398 4 16328 3655 1.8 19 11 9 13 30% 31466 3800 6394 300%
c f  0.98 12 34 8 8 398 4 16328 3655 1.8 19 11 9 13 30% 31464 3800 6395 300%
c u  1.01 12 34 8 8 398 4 16328 3454 1.8 19 11 9 13 30% 31464 3800 6395 300%
c v  1.02 12 34 8 8 398 4 16328 3159 1.8 19 11 9 13 30% 31464 3800 6395 300%
c w  1.02 12 34 8 8 398 4 16328 3157 1.8 19 11 9 13 30% 31464 3800 6395 300%
c -  1.13 12 33 8 9 490 4 17314 3811 1.8 19 11 9 13 29% 31464 3800 6395 300%
c o  1.26 12 31 8 9 742 4 20020 6380 1.8 19 11 9 13 29% 31464 3800 6395 300%
c -  1.27 12 31 8 10 802 5 20314 6238 1.8 19 11 9 13 29% 31464 3800 6395 300%
c }  1.35 12 29 9 10 898 4 22121 7890 1.8 19 11 9 13 29% 31464 3800 6395 300%
c [  1.35 12 30 9 10 898 1 22121 7890 1.8 22 13 10 16 30% 31464 3800 6395 300%
c W  1.36 12 30 9 10 898 1 22121 7890 1.8 22 13 10 16 30% 31464 3800 6395 300%
c -  1.43 12 31 9 11 899 1 23476 8151 1.7 23 14 10 18 30% 31464 3800 6395 300%
c
c  seconds  switched   rate         size/glue  tier1      binary        remaining
c         MB  reductions conflicts        size    tier2      irredundant
c          level  restarts     redundant     glue     trail        variables
c
c e  1.56 12 30 9 11 900 1 25839 10403 1.7 23 14 10 18 30% 31274 5036 5080 239%
c ^  1.57 12 30 9 11 900 1 25839 10403 1.7 23 14 10 18 30% 31274 5036 5080 239%
c -  1.62 12 29 9 12 901 1 26793 7146 1.7 23 14 10 18 30% 31274 5036 5080 239%
c u  1.69 12 28 9 12 902 1 27864 8005 1.7 23 14 10 18 31% 31274 5036 5080 239%
c v  1.71 12 28 9 12 902 1 27864 7968 1.7 23 14 10 18 31% 31274 5036 5080 239%
c w  1.71 12 28 9 12 902 1 27864 7475 1.7 23 14 10 18 31% 31274 5036 5080 239%
c f  1.74 12 28 9 12 902 1 27864 7475 1.7 23 14 10 18 31% 31089 5032 5143 242%
c u  1.76 12 28 9 12 902 1 27864 7370 1.7 23 14 10 18 31% 31089 5032 5143 242%
c v  1.79 12 28 9 12 902 1 27864 7135 1.7 23 14 10 18 31% 31089 5032 5143 242%
c w  1.79 12 28 9 12 902 1 27864 7056 1.7 23 14 10 18 31% 31089 5032 5143 242%
c ]  1.80 12 28 10 12 902 1 27918 7103 1.7 23 14 10 18 31% 31089 5032 5143 242%
c {  1.80 12 29 10 12 902 4 27918 7103 1.8 19 11 9 13 29% 31089 5032 5143 242%
c -  1.92 12 29 10 13 1097 4 30257 8399 1.8 19 11 9 13 29% 31089 5032 5143 242%
c -  2.08 12 28 10 14 1378 4 33862 10538 1.8 19 11 9 13 30% 31089 5032 5143 242%
c }  2.19 12 27 11 14 1459 4 36546 13066 1.8 19 11 9 13 30% 31089 5032 5143 242%
c [  2.19 12 28 11 14 1459 1 36546 13066 1.7 23 14 10 18 31% 31089 5032 5143 242%
c O  2.19 12 28 11 14 1459 1 36546 13066 1.7 23 14 10 18 31% 31089 5032 5143 242%
c -  2.25 12 27 11 15 1460 1 37604 12230 1.7 23 14 10 17 31% 31089 5032 5143 242%
c -  2.43 12 25 11 16 1462 1 41476 13904 1.7 22 13 10 16 32% 31089 5032 5143 242%
c u  2.52 15 24 11 16 1464 1 42694 14988 1.7 22 13 10 16 32% 31089 5032 5143 242%
c
c  seconds   switched    rate         size/glue  tier1      binary        remaining
c         MB   reductions  conflicts        size    tier2      irredundant
c          level    restarts     redundant     glue     trail        variables
c
c v  2.55 15 24 11 16 1464 1 42694 13980 1.7 22 13 10 16 32% 31089 5032 5143 242%
c w  2.56 15 24 11 16 1464 1 42694 13418 1.7 22 13 10 16 32% 31089 5032 5143 242%
c o  2.57 15 24 11 16 1464 1 42694 13418 1.7 22 13 10 16 32% 31089 5032 5143 242%
c ]  2.66 14 32 12 16 1465 1 44863 15545 1.6 23 14 10 18 32% 31089 5032 5143 242%
c {  2.66 14 27 12 16 1465 4 44863 15545 1.8 19 11 9 13 30% 31089 5032 5143 242%
c -  2.69 14 27 12 17 1476 4 45477 13652 1.8 19 11 9 13 30% 31089 5032 5143 242%
c -  2.88 14 26 12 18 1714 4 49600 15646 1.8 19 11 9 13 31% 31089 5032 5143 242%
c -  3.08 15 26 12 19 2009 4 53842 17708 1.8 19 11 9 13 31% 31089 5032 5143 242%
c e  3.10 13 26 12 19 2010 4 53885 17749 1.8 19 11 9 13 31% 31136 5873 4545 213%
c ^  3.10 13 26 12 19 2010 4 53885 17749 1.8 19 11 9 13 31% 31136 5873 4545 213%
c }  3.21 14 26 13 19 2140 4 56342 16557 1.8 19 11 9 13 31% 31136 5873 4545 213%
c [  3.21 14 32 13 19 2140 1 56342 16557 1.6 23 14 10 18 32% 31136 5873 4545 213%
c B  3.21 14 32 13 19 2140 1 56342 16557 1.6 23 14 10 18 32% 31136 5873 4545 213%
c -  3.30 13 32 13 20 2141 1 58200 16266 1.6 23 14 10 18 32% 31136 5873 4545 213%
c u  3.49 12 32 13 20 2143 1 60941 18676 1.6 24 14 10 18 33% 31136 5873 4545 213%
c v  3.52 12 32 13 20 2143 1 60941 18528 1.6 24 14 10 18 33% 31136 5873 4545 213%
c w  3.53 13 32 13 20 2143 1 60941 18142 1.6 24 14 10 18 33% 31136 5873 4545 213%
c f  3.67 13 32 13 20 2143 1 60941 18142 1.6 24 14 10 18 33% 31131 5873 4546 214%
c u  3.70 13 32 13 20 2143 1 60941 18113 1.6 24 14 10 18 33% 31131 5873 4546 214%
c v  3.72 13 32 13 20 2143 1 60941 18030 1.6 24 14 10 18 33% 31131 5873 4546 214%
c
c  seconds   switched    rate         size/glue  tier1      binary        remaining
c         MB   reductions  conflicts        size    tier2      irredundant
c          level    restarts     redundant     glue     trail        variables
c
c w  3.73 13 32 13 20 2143 1 60941 18006 1.6 24 14 10 18 33% 31131 5873 4546 214%
c x  3.75 13 32 13 20 2143 1 60941 18006 1.6 24 14 10 18 33% 31131 5873 4546 214%
c -  3.85 13 31 13 21 2145 1 62672 17728 1.6 23 14 10 18 33% 31131 5873 4546 214%
c ]  4.05 13 29 14 21 2146 1 66913 21574 1.6 23 14 10 18 33% 31131 5873 4546 214%
c {  4.05 13 26 14 21 2146 4 66913 21574 1.8 19 11 9 13 31% 31131 5873 4546 214%
c -  4.08 13 26 14 22 2161 4 67254 19772 1.8 19 11 9 13 31% 31131 5873 4546 214%
c -  4.30 13 25 14 23 2476 4 71944 21635 1.8 19 11 9 13 32% 31131 5873 4546 214%
c o  4.33 13 25 14 23 2531 4 72735 22371 1.8 19 11 9 13 32% 31131 5873 4546 214%
c -  4.52 13 25 14 24 2796 4 76739 23420 1.8 19 11 9 13 32% 31131 5873 4546 214%
c }  4.75 13 25 15 24 3050 4 81628 28047 1.8 19 11 9 13 32% 31131 5873 4546 214%
c [  4.75 13 29 15 24 3050 1 81628 28047 1.6 23 14 10 18 33% 31131 5873 4546 214%
c W  4.76 13 29 15 24 3050 1 81628 28047 1.6 23 14 10 18 33% 31131 5873 4546 214%
c -  4.77 13 29 15 25 3050 1 81638 25473 1.6 23 14 10 18 33% 31131 5873 4546 214%
c u  4.87 13 29 15 25 3051 1 82697 26323 1.6 23 14 10 18 33% 31131 5873 4546 214%
c v  4.91 14 29 15 25 3051 1 82697 26138 1.6 23 14 10 18 33% 31131 5873 4546 214%
c w  4.93 14 29 15 25 3051 1 82697 26129 1.6 23 14 10 18 33% 31131 5873 4546 214%
c -  5.11 14 28 15 26 3053 1 86638 26704 1.6 23 14 10 18 34% 31131 5873 4546 214%
c -  5.37 14 27 15 27 3056 1 91738 28143 1.6 23 14 10 17 34% 31131 5873 4546 214%
c ]  5.57 14 26 16 27 3058 1 95689 31693 1.6 23 14 10 17 34% 31131 5873 4546 214%
c {  5.57 14 25 16 27 3058 4 95689 31693 1.8 19 11 9 13 32% 31131 5873 4546 214%
c
c  seconds   switched    rate         size/glue  tier1     binary        remaining
c         MB   reductions  conflicts        size   tier2      irredundant
c          level    restarts     redundant     glue    trail        variables
c
c -  5.63 14 24 16 28 3075 4 96934 29728 1.8 19 11 9 13 32% 31131 5873 4546 214%
c e  5.76 14 24 16 28 3193 4 99000 31684 1.8 19 11 9 13 32% 32415 7309 3696 174%
c ^  5.77 14 24 16 28 3193 4 99000 31684 1.8 19 11 9 13 32% 32415 7309 3696 174%
c -  5.92 16 24 16 29 3241 4 102225 24811 1.8 19 11 9 13 33% 32415 7309 3696 174%
c -  6.16 16 24 16 30 3558 4 107610 27307 1.8 19 11 9 13 34% 32415 7309 3696 174%
c u  6.25 16 24 16 30 3565 4 108123 27605 1.8 19 11 9 13 34% 32415 7309 3696 174%
c v  6.29 16 24 16 30 3565 4 108123 27307 1.8 19 11 9 13 34% 32415 7309 3696 174%
c w  6.31 16 24 16 30 3565 4 108123 27218 1.8 19 11 9 13 34% 32415 7309 3696 174%
c f  6.34 16 24 16 30 3565 4 108123 27218 1.8 19 11 9 13 34% 32416 7299 3697 174%
c u  6.40 16 24 16 30 3565 4 108123 27007 1.8 19 11 9 13 34% 32416 7299 3697 174%
c v  6.44 16 24 16 30 3565 4 108123 26840 1.8 19 11 9 13 34% 32416 7299 3697 174%
c w  6.46 16 24 16 30 3565 4 108123 26825 1.8 19 11 9 13 34% 32416 7299 3697 174%
c -  6.70 16 23 16 31 3789 4 113090 29229 1.8 19 11 9 13 34% 32416 7299 3697 174%
c o  6.72 16 23 16 31 3793 4 113606 29729 1.8 19 11 9 13 34% 32416 7299 3697 174%
c }  6.75 16 23 17 31 3870 4 114026 30125 1.8 19 11 9 13 34% 32416 7299 3697 174%
c [  6.75 16 26 17 31 3870 1 114026 30125 1.6 23 14 10 17 34% 32416 7299 3697 174%
c I  6.75 16 26 17 31 3870 1 114026 30125 1.6 23 14 10 17 34% 32416 7299 3697 174%
c -  6.97 16 27 17 32 3873 1 118658 31493 1.7 23 14 10 17 35% 32416 7299 3697 174%
c -  7.25 16 26 17 33 3876 1 124314 34035 1.7 23 14 10 17 35% 32416 7299 3697 174%
c -  7.58 17 25 17 34 3879 1 130059 36204 1.7 23 13 9 16 36% 32416 7299 3697 174%
c
c  seconds   switched    rate          size/glue  tier1     binary        remaining
c         MB   reductions  conflicts         size   tier2      irredundant
c          level    restarts      redundant     glue    trail        variables
c
c ]  7.60 17 25 18 34 3879 1 130388 36490 1.7 23 13 9 16 36% 32416 7299 3697 174%
c {  7.60 17 23 18 34 3879 4 130388 36490 1.8 19 11 9 13 34% 32416 7299 3697 174%
c -  7.91 17 22 18 35 3879 3 135890 37649 1.8 18 11 9 13 35% 32416 7299 3697 174%
c u  8.06 22 22 18 35 3879 3 137165 38580 1.8 18 10 9 13 35% 32416 7299 3697 174%
c v  8.11 22 22 18 35 3879 3 137165 38312 1.8 18 10 9 13 35% 32416 7299 3697 174%
c w  8.13 22 22 18 35 3879 3 137165 37512 1.8 18 10 9 13 35% 32416 7299 3697 174%
c -  8.59 20 21 18 36 3887 3 141807 38994 1.8 18 10 9 12 35% 32416 7299 3697 174%
c -  8.88 21 20 18 37 3892 3 147807 42146 1.7 18 10 9 12 36% 32416 7299 3697 174%
c }  9.12 21 19 19 37 3892 3 152733 46343 1.7 18 10 9 12 36% 32416 7299 3697 174%
c [  9.12 21 25 19 37 3892 1 152733 46343 1.7 23 13 9 16 36% 32416 7299 3697 174%
c B  9.12 21 25 19 37 3892 1 152733 46343 1.7 23 13 9 16 36% 32416 7299 3697 174%
c -  9.19 21 25 19 38 3893 1 153890 44574 1.7 23 13 9 16 36% 32416 7299 3697 174%
c -  9.54 22 25 19 39 3897 1 160057 47002 1.7 23 13 9 17 37% 32416 7299 3697 174%
c e  9.73 19 25 19 39 3898 1 162818 49636 1.7 23 13 9 17 37% 34500 9199 3069 144%
c ^  9.73 19 25 19 39 3898 1 162818 49636 1.7 23 13 9 17 37% 34500 9199 3069 144%
c -  9.93 21 24 19 40 3900 1 166301 34668 1.7 23 13 9 16 37% 34500 9199 3069 144%
c u 10.19 22 24 19 40 3902 1 170043 38168 1.8 23 13 9 16 38% 34500 9199 3069 144%
c v 10.24 23 24 19 40 3902 1 170043 38012 1.8 23 13 9 16 38% 34500 9199 3069 144%
c w 10.26 23 24 19 40 3902 1 170043 37905 1.8 23 13 9 16 38% 34500 9199 3069 144%
c x 10.29 25 24 19 40 3902 1 170043 37903 1.8 23 13 9 16 38% 34500 9199 3069 144%
c
c  seconds   switched    rate          size/glue  tier1     binary        remaining
c         MB   reductions  conflicts         size   tier2      irredundant
c          level    restarts      redundant     glue    trail        variables
c
c o 10.34 25 24 19 40 3902 1 170043 37903 1.8 23 13 9 16 38% 34500 9199 3069 144%
c - 10.47 21 24 19 41 3904 1 172628 37769 1.8 23 13 9 16 38% 34500 9199 3069 144%
c W 10.53 18 25 19 41 3905 1 173644 38770 1.8 23 13 9 16 38% 34500 9199 3069 144%
c ] 10.54 18 25 20 41 3905 1 173933 39055 1.8 23 13 9 16 38% 34500 9199 3069 144%
c { 10.54 18 19 20 41 3905 3 173933 39055 1.7 18 10 9 12 36% 34500 9199 3069 144%
c - 10.82 18 20 20 42 4369 3 179032 40304 1.7 18 10 9 12 37% 34500 9199 3069 144%
c - 11.13 23 19 20 43 4653 3 185512 42323 1.7 18 10 9 12 37% 34500 9199 3069 144%
c - 11.46 22 19 20 44 5123 3 192070 44437 1.7 18 10 9 12 38% 34500 9199 3069 144%
c - 11.80 23 20 20 45 5559 3 198703 46887 1.7 18 10 9 12 38% 34500 9199 3069 144%
c } 11.90 23 20 21 45 5707 3 200673 48674 1.7 18 10 9 12 39% 34500 9199 3069 144%
c [ 11.90 23 25 21 45 5707 1 200673 48674 1.8 23 13 9 16 38% 34500 9199 3069 144%
c O 11.90 23 25 21 45 5707 1 200673 48674 1.8 23 13 9 16 38% 34500 9199 3069 144%
c - 12.12 23 24 21 46 5710 1 205412 49100 1.8 23 13 9 16 39% 34500 9199 3069 144%
c u 12.28 25 24 21 46 5711 1 206650 50044 1.8 23 13 9 16 39% 34500 9199 3069 144%
c v 12.35 25 24 21 46 5711 1 206650 49171 1.8 23 13 9 16 39% 34500 9199 3069 144%
c w 12.38 25 24 21 46 5711 1 206650 48441 1.8 23 13 9 16 39% 34500 9199 3069 144%
c - 12.68 22 23 21 47 5713 1 212195 49769 1.8 23 13 9 16 39% 34500 9199 3069 144%
c - 13.06 23 22 21 48 5718 1 219051 52928 1.8 22 13 9 16 40% 34500 9199 3069 144%
c - 13.46 25 22 21 49 5721 1 225981 55197 1.8 22 12 9 16 40% 34500 9199 3069 144%
c ] 13.47 25 22 22 49 5721 1 226180 55392 1.8 22 12 9 16 40% 34500 9199 3069 144%
c
c  seconds   switched    rate          size/glue  tier1     binary        remaining
c         MB   reductions  conflicts         size   tier2      irredundant
c          level    restarts      redundant     glue    trail        variables
c
c { 13.47 25 20 22 49 5721 3 226180 55392 1.7 18 10 9 12 39% 34500 9199 3069 144%
c o 13.85 25 21 22 49 6713 4 230044 59232 1.7 18 11 9 12 39% 34500 9199 3069 144%
c - 14.15 25 23 22 50 7509 4 232982 56830 1.7 18 11 9 12 39% 34500 9199 3069 144%
c - 14.90 28 26 22 51 9411 5 240055 57675 1.7 19 11 9 12 39% 34500 9199 3069 144%
c e 15.67 22 29 22 51 10932 6 246827 64417 1.7 20 11 9 12 40% 37396 11851 2613 123%
c ! 15.68 22 29 22 51 10932 6 246827 64417 1.7 20 11 9 12 40% 37396 11851 2613 123%
c - 15.73 24 29 22 52 11010 6 247196 38054 1.7 20 11 9 13 40% 37396 11851 2613 123%
c u 15.86 25 29 22 52 11017 6 247224 37432 1.7 20 11 9 13 40% 37396 11851 2613 123%
c v 15.97 25 29 22 52 11017 6 247224 37253 1.7 20 11 9 13 40% 37396 11851 2613 123%
c w 16.01 25 29 22 52 11017 6 247224 37241 1.7 20 11 9 13 40% 37396 11851 2613 123%
c f 16.08 21 29 22 52 11017 6 247224 37241 1.7 20 11 9 13 40% 36796 11717 2655 125%
c u 16.21 25 29 22 52 11017 6 247224 36786 1.7 20 11 9 13 40% 36796 11717 2655 125%
c v 16.31 25 29 22 52 11017 6 247224 36567 1.7 20 11 9 13 40% 36796 11717 2655 125%
c w 16.35 25 29 22 52 11017 6 247224 36538 1.7 20 11 9 13 40% 36796 11717 2655 125%
c - 17.02 25 31 22 53 12534 6 254410 39595 1.8 21 12 9 13 41% 36796 11717 2655 125%
c } 17.31 25 32 23 53 13192 7 257698 42862 1.8 21 12 9 13 41% 36796 11717 2655 125%
c [ 17.31 25 22 23 53 13192 1 257698 42862 1.8 22 12 9 16 40% 36796 11717 2655 125%
c B 17.31 25 22 23 53 13192 1 257698 42862 1.8 22 12 9 16 40% 36796 11717 2655 125%
c - 17.54 25 23 23 54 13194 1 261691 42252 1.8 23 13 9 16 41% 36796 11717 2655 125%
c - 17.96 24 23 23 55 13198 1 269040 44039 1.8 23 13 9 16 41% 36796 11717 2655 125%
c
c  seconds   switched     rate          size/glue  tier1     binary         remaining
c         MB   reductions   conflicts         size   tier2       irredundant
c          level    restarts       redundant     glue    trail         variables
c
c - 18.40 25 23 23 56 13204 1 276457 45837 1.8 23 13 9 16 42% 36796 11717 2655 125%
c - 18.87 25 23 23 57 13206 1 283940 47518 1.8 24 13 9 16 43% 36796 11717 2655 125%
c W 19.22 21 23 23 57 13206 1 289148 52367 1.8 24 13 9 16 43% 36796 11717 2655 125%
c - 19.38 21 23 23 58 13207 1 291489 49268 1.8 24 13 9 16 44% 36796 11717 2655 125%
c u 19.51 28 23 23 58 13208 1 291624 48991 1.8 24 13 9 16 44% 36796 11717 2655 125%
c v 19.62 28 23 23 58 13208 1 291624 48518 1.8 24 13 9 16 44% 36796 11717 2655 125%
c w 19.67 28 23 23 58 13208 1 291624 47197 1.8 24 13 9 16 44% 36796 11717 2655 125%
c - 20.12 25 22 23 59 13213 1 299104 49826 1.8 23 13 9 16 44% 36796 11717 2655 125%
c - 20.58 25 22 23 60 13216 1 306785 52431 1.8 23 13 9 16 45% 36796 11717 2655 125%
c ] 20.82 28 22 24 60 13219 1 310370 55734 1.8 23 13 9 16 45% 36796 11717 2655 125%
c { 20.82 28 32 24 60 13219 7 310370 55734 1.8 21 12 9 13 41% 36796 11717 2655 125%
c o 20.82 28 32 24 60 13224 7 310393 55757 1.8 21 12 9 13 41% 36796 11717 2655 125%
c - 21.05 25 32 24 61 13270 6 314530 54688 1.8 21 12 9 13 41% 36796 11717 2655 125%
c - 21.44 28 30 24 62 13306 6 322342 56492 1.8 20 12 9 13 42% 36796 11717 2655 125%
c - 21.85 25 29 24 63 13331 6 330216 58131 1.8 20 11 9 13 42% 36796 11717 2655 125%
c - 22.26 28 27 24 64 13390 5 338154 60354 1.8 20 11 9 13 43% 36796 11717 2655 125%
c u 22.51 23 27 24 64 13394 5 340122 61918 1.8 20 11 9 13 43% 36796 11717 2655 125%
c v 22.61 24 27 24 64 13394 5 340122 60785 1.8 20 11 9 13 43% 36796 11717 2655 125%
c w 22.64 24 27 24 64 13394 5 340122 60511 1.8 20 11 9 13 43% 36796 11717 2655 125%
c - 23.41 24 26 24 65 13406 5 346154 62342 1.7 20 11 9 13 43% 36796 11717 2655 125%
c
c  seconds   switched     rate          size/glue  tier1     binary         remaining
c         MB   reductions   conflicts         size   tier2       irredundant
c          level    restarts       redundant     glue    trail         variables
c
c } 23.45 24 26 25 65 13408 5 347048 63180 1.8 20 11 9 13 43% 36796 11717 2655 125%
c [ 23.45 24 22 25 65 13408 1 347048 63180 1.8 23 13 9 16 45% 36796 11717 2655 125%
c I 23.45 24 22 25 65 13408 1 347048 63180 1.8 23 13 9 16 45% 36796 11717 2655 125%
c e 23.76 24 23 25 65 13412 1 352317 68315 1.8 24 13 9 16 45% 36834 11738 2651 125%
c - 23.88 28 24 25 66 13413 1 354217 64106 1.8 24 13 9 16 45% 36834 11738 2651 125%
c - 24.33 28 24 25 67 13417 1 362343 65823 1.8 24 13 9 16 46% 36834 11738 2651 125%
c - 24.82 28 23 25 68 13421 1 370528 67963 1.8 24 13 9 16 46% 36834 11738 2651 125%
c - 25.32 28 23 25 69 13422 1 378774 69049 1.9 25 13 9 16 46% 36834 11738 2651 125%
c ] 25.39 28 23 26 69 13423 1 379969 70191 1.9 25 13 9 16 46% 36834 11738 2651 125%
c { 25.39 28 26 26 69 13423 5 379969 70191 1.8 20 11 9 13 43% 36834 11738 2651 125%
c - 25.81 28 25 26 70 13562 5 387081 70881 1.7 19 11 9 13 43% 36834 11738 2651 125%
c o 26.03 28 25 26 70 13576 4 391228 74648 1.7 19 11 9 13 43% 36834 11738 2651 125%
c u 26.25 37 25 26 70 13625 4 392791 76045 1.7 19 11 9 13 44% 36834 11738 2651 125%
c v 26.33 39 25 26 70 13625 4 392791 75810 1.7 19 11 9 13 44% 36834 11738 2651 125%
c w 26.37 39 25 26 70 13625 4 392791 75637 1.7 19 11 9 13 44% 36834 11738 2651 125%
c f 26.45 28 25 26 70 13625 4 392791 75637 1.7 19 11 9 13 44% 36790 11728 2654 125%
c u 26.60 35 25 26 70 13625 4 392791 75590 1.7 19 11 9 13 44% 36790 11728 2654 125%
c v 26.71 35 25 26 70 13625 4 392791 75542 1.7 19 11 9 13 44% 36790 11728 2654 125%
c w 26.76 35 25 26 70 13625 4 392791 75218 1.7 19 11 9 13 44% 36790 11728 2654 125%
c - 26.94 35 25 26 71 13650 4 395448 72848 1.7 19 11 9 13 44% 36790 11728 2654 125%
c
c  seconds   switched     rate          size/glue  tier1     binary         remaining
c         MB   reductions   conflicts         size   tier2       irredundant
c          level    restarts       redundant     glue    trail         variables
c
c - 27.39 35 24 26 72 13657 4 403874 75413 1.8 19 11 9 13 44% 36790 11728 2654 125%
c - 27.88 35 23 26 73 13788 4 412359 77855 1.7 19 11 9 12 44% 36790 11728 2654 125%
c - 28.37 35 23 26 74 14012 4 420903 80071 1.7 19 11 9 12 44% 36790 11728 2654 125%
c } 28.46 35 23 27 74 14073 4 422190 81299 1.7 19 11 9 12 44% 36790 11728 2654 125%
c [ 28.46 35 23 27 74 14073 1 422190 81299 1.9 25 13 9 16 46% 36790 11728 2654 125%
c B 28.46 35 23 27 74 14073 1 422190 81299 1.9 25 13 9 16 46% 36790 11728 2654 125%
c - 28.90 35 24 27 75 14078 1 429506 80945 1.9 25 13 9 16 46% 36790 11728 2654 125%
c - 29.45 36 24 27 76 14082 1 438167 80699 1.8 25 14 9 17 46% 36790 11728 2654 125%
c - 30.05 36 24 27 77 14087 1 446885 81135 1.8 25 14 9 17 46% 36790 11728 2654 125%
c u 30.43 37 24 27 77 14087 1 449685 83738 1.8 25 14 9 17 46% 36790 11728 2654 125%
c v 30.56 37 24 27 77 14087 1 449685 83707 1.8 25 14 9 17 46% 36790 11728 2654 125%
c w 30.61 40 24 27 77 14087 1 449685 82454 1.8 25 14 9 17 46% 36790 11728 2654 125%
c - 31.07 36 24 27 78 14088 1 455660 80809 1.8 25 14 9 17 47% 36790 11728 2654 125%
c ] 31.26 36 24 28 78 14090 1 458625 83578 1.8 25 14 9 17 47% 36790 11728 2654 125%
c { 31.26 36 23 28 78 14090 4 458625 83578 1.7 19 11 9 12 44% 36790 11728 2654 125%
c - 31.63 36 23 28 79 14205 4 464491 82648 1.7 19 11 9 12 45% 36790 11728 2654 125%
c - 32.17 36 22 28 80 14404 4 473380 84757 1.7 19 11 9 13 45% 36790 11728 2654 125%
c o 32.63 36 22 28 80 14468 3 481294 91915 1.7 19 11 9 13 45% 36790 11728 2654 125%
c e 32.64 30 22 28 80 14493 3 481411 92027 1.7 19 11 9 13 45% 36805 11729 2653 125%
c - 32.72 36 22 28 81 14520 3 482324 86979 1.7 19 11 9 12 45% 36805 11729 2653 125%
c
c  seconds   switched     rate          size/glue  tier1     binary         remaining
c         MB   reductions   conflicts         size   tier2       irredundant
c          level    restarts       redundant     glue    trail         variables
c
c - 33.28 36 21 28 82 14681 3 491325 89560 1.7 19 11 9 12 45% 36805 11729 2653 125%
c - 33.85 36 21 28 83 14901 3 500380 92542 1.7 19 11 9 12 45% 36805 11729 2653 125%
c } 34.22 36 21 29 83 15030 3 506763 98312 1.7 18 11 9 12 45% 36805 11729 2653 125%
c [ 34.22 36 24 29 83 15030 1 506763 98312 1.8 25 14 9 17 47% 36805 11729 2653 125%
c W 34.24 29 24 29 83 15030 1 506763 98312 1.8 25 14 9 17 47% 36805 11729 2653 125%
c - 34.43 29 24 29 84 15032 1 509490 95485 1.8 25 14 9 17 47% 36805 11729 2653 125%
c u 34.73 40 24 29 84 15033 1 510880 96179 1.8 25 14 9 17 47% 36805 11729 2653 125%
c v 34.87 40 24 29 84 15033 1 510880 95694 1.8 25 14 9 17 47% 36805 11729 2653 125%
c w 34.93 40 24 29 84 15033 1 510880 95525 1.8 25 14 9 17 47% 36805 11729 2653 125%
c - 35.49 37 23 29 85 15036 1 518655 97809 1.8 25 13 9 17 47% 36805 11729 2653 125%
c - 36.20 39 23 29 86 15043 1 527874 100843 1.9 25 13 9 17 47% 36805 11729 2653 125%
c - 36.93 40 22 29 87 15044 1 537147 102462 1.9 24 13 9 16 47% 36805 11729 2653 125%
c ] 37.64 39 21 30 87 15050 1 546152 110687 1.9 24 13 9 16 47% 36805 11729 2653 125%
c { 37.64 39 21 30 87 15050 3 546152 110687 1.7 18 11 9 12 45% 36805 11729 2653 125%
c - 37.68 40 21 30 88 15104 3 546474 103888 1.7 18 11 9 12 45% 36805 11729 2653 125%
c - 38.31 40 21 30 89 15432 3 555854 106078 1.7 18 11 9 12 46% 36805 11729 2653 125%
c - 38.92 39 20 30 90 15649 3 565291 108835 1.7 18 11 9 12 46% 36805 11729 2653 125%
c - 39.52 40 20 30 91 15838 3 574777 110670 1.7 18 10 9 12 46% 36805 11729 2653 125%
c u 39.87 45 20 30 91 15839 3 576423 107582 1.7 18 10 9 12 46% 36805 11729 2653 125%
c v 40.05 45 20 30 91 15839 3 576423 107222 1.7 18 10 9 12 46% 36805 11729 2653 125%
c
c  seconds   switched     rate           size/glue  tier1     binary         remaining
c         MB   reductions   conflicts          size   tier2       irredundant
c          level    restarts       redundant      glue    trail         variables
c
c w 40.11 45 20 30 91 15839 3 576423 107136 1.7 18 10 9 12 46% 36805 11729 2653 125%
c o 40.53 39 20 30 91 15935 3 582887 113191 1.7 18 10 9 12 46% 36805 11729 2653 125%
c - 40.64 39 20 30 92 16000 3 584316 107713 1.7 18 10 9 12 46% 36805 11729 2653 125%
c - 41.27 40 20 30 93 16295 3 593907 109749 1.7 18 10 9 12 46% 36805 11729 2653 125%
c } 41.71 39 20 31 93 16530 3 600587 115827 1.7 18 10 9 12 46% 36805 11729 2653 125%
c [ 41.71 39 21 31 93 16530 1 600587 115827 1.9 24 13 9 16 47% 36805 11729 2653 125%
c O 41.71 39 21 31 93 16530 1 600587 115827 1.9 24 13 9 16 47% 36805 11729 2653 125%
c - 41.92 40 21 31 94 16532 1 603550 110415 1.9 24 13 9 16 47% 36805 11729 2653 125%
c - 42.58 40 21 31 95 16537 1 613247 110492 1.9 24 13 9 16 47% 36805 11729 2653 125%
c - 43.25 39 21 31 96 16543 1 622994 110093 1.9 24 13 9 16 47% 36805 11729 2653 125%
c - 44.03 39 21 31 97 16544 1 632791 110733 1.9 24 13 9 16 47% 36805 11729 2653 125%
c - 44.79 40 21 31 98 16551 1 642641 112073 1.9 24 13 9 16 47% 36805 11729 2653 125%
c u 45.34 45 21 31 98 16552 1 646367 115349 1.9 24 13 9 16 47% 36805 11729 2653 125%
c v 45.55 45 21 31 98 16552 1 646367 115192 1.9 24 13 9 16 47% 36805 11729 2653 125%
c w 45.62 45 21 31 98 16552 1 646367 114077 1.9 24 13 9 16 47% 36805 11729 2653 125%
c ] 45.84 39 21 32 98 16554 1 648863 116355 1.9 24 13 9 16 47% 36805 11729 2653 125%
c { 45.84 39 20 32 98 16554 3 648863 116355 1.7 18 10 9 12 46% 36805 11729 2653 125%
c - 46.13 40 20 32 99 16680 3 652540 111673 1.7 18 10 9 12 46% 36805 11729 2653 125%
c - 46.80 40 20 32 100 17004 3 662490 113013 1.7 18 10 9 12 46% 36805 11729 2653 125%
c - 47.50 39 20 32 101 17410 3 672490 113631 1.7 18 10 9 12 46% 36805 11729 2653 125%
c
c  seconds   switched      rate           size/glue  tier1     binary         remaining
c         MB   reductions    conflicts          size   tier2       irredundant
c          level     restarts       redundant      glue    trail         variables
c
c - 48.17 40 19 32 102 17772 3 682539 114298 1.7 18 10 9 12 46% 36805 11729 2653 125%
c - 48.82 43 19 32 103 18014 3 692639 114559 1.7 18 10 9 12 46% 36805 11729 2653 125%
c o 49.13 39 19 32 103 18023 3 698108 119240 1.7 17 10 9 12 46% 36805 11729 2653 125%
c - 49.46 40 19 32 104 18162 3 702787 115463 1.7 17 10 9 12 46% 36805 11729 2653 125%
c } 49.95 40 19 33 104 18458 3 709968 122162 1.7 17 10 9 12 46% 36805 11729 2653 125%
c [ 49.95 40 21 33 104 18458 1 709968 122162 1.9 24 13 9 16 47% 36805 11729 2653 125%
c B 49.95 40 21 33 104 18458 1 709968 122162 1.9 24 13 9 16 47% 36805 11729 2653 125%
c - 50.18 43 21 33 105 18460 1 712985 116869 1.9 24 13 9 16 47% 36805 11729 2653 125%
c u 51.03 45 21 33 105 18464 1 720766 123521 1.9 24 13 9 16 48% 36805 11729 2653 125%
c v 51.22 45 21 33 105 18464 1 720766 122834 1.9 24 13 9 16 48% 36805 11729 2653 125%
c w 51.30 45 21 33 105 18464 1 720766 120374 1.9 24 13 9 16 48% 36805 11729 2653 125%
c - 51.69 39 21 33 106 18465 1 723238 115801 1.9 24 13 9 16 48% 36805 11729 2653 125%
c - 52.55 39 21 33 107 18471 1 733534 118127 1.9 24 13 9 16 48% 36805 11729 2653 125%
c - 53.43 42 20 33 108 18474 1 743879 120764 1.9 24 13 8 16 48% 36805 11729 2653 125%
c - 54.26 45 20 33 109 18479 1 754272 121645 1.9 24 13 9 16 48% 36805 11729 2653 125%
c ] 54.80 41 20 34 109 18485 1 761787 128817 1.9 25 13 9 16 49% 36805 11729 2653 125%
c { 54.80 41 19 34 109 18485 3 761787 128817 1.7 17 10 9 12 46% 36805 11729 2653 125%
c - 55.04 41 19 34 110 18485 3 764714 121502 1.7 18 10 9 12 46% 36805 11729 2653 125%
c - 55.73 45 18 34 111 18501 2 775203 121209 1.7 17 10 9 12 46% 36805 11729 2653 125%
c - 56.38 41 17 34 112 18501 2 785739 120426 1.7 17 10 9 12 46% 36805 11729 2653 125%
c
c  seconds   switched      rate          size/glue  tier1     binary         remaining
c         MB   reductions    conflicts         size   tier2       irredundant
c          level     restarts       redundant     glue    trail         variables
c
c - 57.07 42 17 34 113 18504 2 796322 97543 1.7 17 10 8 12 46% 36805 11729 2653 125%
c u 57.48 45 16 34 113 18504 2 799666 97552 1.7 17 10 8 12 46% 36805 11729 2653 125%
c v 57.65 45 16 34 113 18504 2 799666 92955 1.7 17 10 8 12 46% 36805 11729 2653 125%
c w 57.69 45 16 34 113 18504 2 799666 92780 1.7 17 10 8 12 46% 36805 11729 2653 125%
c - 58.22 41 16 34 114 18506 2 806952 85569 1.7 16 10 8 12 46% 36805 11729 2653 125%
c - 58.81 41 15 34 115 18506 2 817629 86651 1.7 16 10 8 12 46% 36805 11729 2653 125%
c - 59.44 41 15 34 116 18506 2 828352 89748 1.7 16 9 8 12 46% 36805 11729 2653 125%
c } 59.53 41 15 35 116 18506 2 829933 90947 1.7 16 9 8 12 46% 36805 11729 2653 125%
c [ 59.53 41 20 35 116 18506 1 829933 90947 1.9 25 13 9 16 49% 36805 11729 2653 125%
c W 59.68 34 20 35 116 18506 1 829933 90947 1.9 25 13 9 16 49% 36805 11729 2653 125%
c o 59.68 34 20 35 116 18506 1 829933 90947 1.9 25 13 9 16 49% 36805 11729 2653 125%
c - 60.26 34 22 35 117 18512 1 839127 94285 1.9 24 13 9 16 49% 36805 11729 2653 125%
c - 61.06 34 22 35 118 18518 1 849945 98642 1.9 24 13 9 16 49% 36805 11729 2653 125%
c - 61.92 43 21 35 119 18520 1 860807 100582 1.9 24 13 9 16 49% 36805 11729 2653 125%
c - 62.76 41 21 35 120 18527 1 871716 100828 1.9 24 13 8 16 49% 36805 11729 2653 125%
c - 63.66 41 21 35 121 18533 1 882671 100012 1.9 24 13 8 16 49% 36805 11729 2653 125%
c u 63.96 45 21 35 121 18533 1 883123 99794 1.9 24 13 8 16 49% 36805 11729 2653 125%
c v 64.19 45 21 35 121 18533 1 883123 99274 1.9 24 13 8 16 49% 36805 11729 2653 125%
c w 64.27 45 21 35 121 18533 1 883123 98966 1.9 24 13 8 16 49% 36805 11729 2653 125%
c ] 64.57 41 21 36 121 18534 1 886295 101977 1.9 24 13 8 16 49% 36805 11729 2653 125%
c
c  seconds   switched      rate           size/glue tier1     binary         remaining
c         MB   reductions    conflicts          size  tier2       irredundant
c          level     restarts       redundant     glue    trail         variables
c
c { 64.57 41 15 36 121 18534 2 886295 101977 1.7 16 9 8 12 46% 36805 11729 2653 125%
c - 65.24 41 15 36 122 19785 2 893671 98360 1.6 16 10 8 12 46% 36805 11729 2653 125%
c - 66.10 42 16 36 123 20974 2 904716 98074 1.6 16 10 8 12 46% 36805 11729 2653 125%
c - 66.95 41 16 36 124 22100 2 915808 97345 1.6 16 10 8 12 46% 36805 11729 2653 125%
c - 67.80 41 17 36 125 23268 3 926946 97308 1.6 16 10 8 12 46% 36805 11729 2653 125%
c - 68.64 42 17 36 126 24223 3 938126 97972 1.6 16 10 8 12 46% 36805 11729 2653 125%
c - 69.48 41 17 36 127 25127 3 949350 99703 1.6 16 10 8 12 46% 36805 11729 2653 125%
c - 70.23 41 18 36 128 25660 3 960619 100958 1.6 16 10 8 12 46% 36805 11729 2653 125%
c o 70.24 41 18 36 128 25666 3 960726 101065 1.6 16 10 8 12 46% 36805 11729 2653 125%
c } 70.31 42 18 37 128 25725 3 961852 102115 1.6 16 10 8 12 46% 36805 11729 2653 125%
c [ 70.31 42 21 37 128 25725 1 961852 102115 1.9 24 13 8 16 49% 36805 11729 2653 125%
c I 70.31 42 21 37 128 25725 1 961852 102115 1.9 24 13 8 16 49% 36805 11729 2653 125%
c u 71.16 45 21 37 128 25731 1 971184 103427 1.9 24 13 8 16 49% 36805 11729 2653 125%
c v 71.42 47 21 37 128 25731 1 971184 103006 1.9 24 13 8 16 49% 36805 11729 2653 125%
c w 71.51 47 21 37 128 25731 1 971184 102641 1.9 24 13 8 16 49% 36805 11729 2653 125%
c - 71.61 38 21 37 129 25731 1 971934 93505 1.9 24 13 8 16 49% 36805 11729 2653 125%
c - 72.37 41 21 37 130 25738 1 983291 95288 1.9 24 13 8 16 49% 36805 11729 2653 125%
c - 73.17 41 20 37 131 25740 1 994692 96840 1.9 23 12 8 15 49% 36805 11729 2653 125%
c - 74.09 42 20 37 132 25746 1 1006138 97374 1.9 23 12 8 15 49% 36805 11729 2653 125%
c - 74.98 41 19 37 133 25753 1 1017630 96509 1.9 22 12 8 15 49% 36805 11729 2653 125%
c
c  seconds   switched      rate           size/glue  tier1     binary         remaining
c         MB   reductions     conflicts         size   tier2       irredundant
c          level     restarts        redundant     glue    trail         variables
c
c - 75.85 42 19 37 134 25755 1 1029163 96035 1.9 22 12 8 15 48% 36805 11729 2653 125%
c B 75.88 38 19 37 134 25755 1 1029535 96394 1.9 22 12 8 15 48% 36805 11729 2653 125%
c ] 76.59 41 22 38 134 25755 1 1039605 106285 1.9 23 12 8 15 48% 36805 11729 2653 125%
c { 76.59 41 18 38 134 25755 3 1039605 106285 1.6 16 10 8 12 46% 36805 11729 2653 125%
c - 76.78 41 18 38 135 25997 3 1040738 93392 1.6 17 10 8 12 46% 36805 11729 2653 125%
c - 78.37 42 22 38 136 28467 4 1052356 90579 1.7 18 11 8 12 46% 36805 11729 2653 125%
c u 80.35 45 25 38 136 30928 5 1063900 101310 1.7 19 11 8 12 46% 36805 11729 2653 125%
c v 80.67 45 25 38 136 30928 5 1063900 101029 1.7 19 11 8 12 46% 36805 11729 2653 125%
c w 80.80 45 25 38 136 30928 5 1063900 100995 1.7 19 11 8 12 46% 36805 11729 2653 125%
c - 80.86 41 25 38 137 30953 5 1064017 89511 1.7 19 11 8 12 46% 36805 11729 2653 125%
c - 82.58 41 28 38 138 33385 5 1075721 89629 1.7 20 12 8 12 46% 36805 11729 2653 125%
c - 84.34 41 31 38 139 35871 6 1087469 89104 1.7 21 12 8 12 46% 36805 11729 2653 125%
c - 86.05 41 34 38 140 38191 7 1099258 88948 1.7 22 13 8 12 46% 36805 11729 2653 125%
c o 86.27 41 34 38 140 38497 7 1100741 90417 1.7 22 13 8 12 46% 36805 11729 2653 125%
c - 87.78 41 36 38 141 40443 7 1111090 88484 1.8 23 13 8 12 46% 36805 11729 2653 125%
c } 89.23 41 37 39 141 41932 7 1122938 100220 1.8 24 13 8 12 47% 36805 11729 2653 125%
c [ 89.23 41 22 39 141 41932 1 1122938 100220 1.9 23 12 8 15 48% 36805 11729 2653 125%
c W 89.53 34 22 39 141 41932 1 1122938 100220 1.9 23 12 8 15 48% 36805 11729 2653 125%
c - 89.56 34 22 39 142 41932 1 1122966 88422 1.9 23 12 8 15 48% 36805 11729 2653 125%
c - 90.44 34 22 39 143 41938 1 1134882 89997 1.9 23 12 8 15 48% 36805 11729 2653 125%
c
c  seconds   switched      rate           size/glue  tier1     binary         remaining
c         MB   reductions     conflicts         size   tier2       irredundant
c          level     restarts        redundant     glue    trail         variables
c
c - 91.36 34 21 39 144 41945 1 1146840 91364 1.8 23 12 8 15 48% 36805 11729 2653 125%
c - 92.27 34 21 39 145 41949 1 1158841 91718 1.8 23 12 8 15 48% 36805 11729 2653 125%
c u 92.85 45 21 39 145 41951 1 1161298 92536 1.8 23 12 8 15 48% 36805 11729 2653 125%
c v 93.27 45 21 39 145 41951 1 1161298 89105 1.8 23 12 8 15 48% 36805 11729 2653 125%
c w 93.42 45 21 39 145 41951 1 1161298 87753 1.8 23 12 8 15 48% 36805 11729 2653 125%
c - 94.22 41 21 39 146 41956 1 1170883 87892 1.8 22 12 8 15 48% 36805 11729 2653 125%
c - 95.17 41 20 39 147 41961 1 1182966 90425 1.9 22 12 8 15 48% 36805 11729 2653 125%
c - 96.19 41 20 39 148 41962 1 1195090 91756 1.9 22 12 8 15 48% 36805 11729 2653 125%
c O 96.74 41 21 39 148 41962 1 1201366 97877 1.9 23 12 8 15 48% 36805 11729 2653 125%
c - 97.21 42 20 39 149 41965 1 1207256 92194 1.9 23 12 8 15 48% 36805 11729 2653 125%
c - 98.25 41 20 39 150 41972 1 1219463 94178 1.8 22 12 8 15 48% 36805 11729 2653 125%
c - 99.29 41 20 39 151 41977 1 1231711 96024 1.8 22 12 8 15 48% 36805 11729 2653 125%
c - 100.36 41 20 39 152 41983 1 1243999 96719 1.8 22 12 8 15 48% 36805 11729 2653 125%
c - 101.50 42 19 39 153 41990 1 1256327 97406 1.8 22 12 8 15 48% 36805 11729 2653 125%
c u 102.49 47 19 39 153 41992 1 1263429 102713 1.9 22 12 8 15 48% 36805 11729 2653 125%
c v 102.84 47 19 39 153 41992 1 1263429 97782 1.9 22 12 8 15 48% 36805 11729 2653 125%
c w 102.97 47 19 39 153 41992 1 1263429 95344 1.9 22 12 8 15 48% 36805 11729 2653 125%
c o 103.00 47 19 39 153 41992 1 1263429 95344 1.9 22 12 8 15 48% 36805 11729 2653 125%
c ] 103.15 41 23 40 153 41992 1 1265780 97620 1.8 23 13 8 15 48% 36805 11729 2653 125%
c { 103.15 41 37 40 153 41992 7 1265780 97620 1.8 24 13 8 12 47% 36805 11729 2653 125%
c
c  seconds    switched      rate           size/glue  tier1     binary         remaining
c          MB   reductions     conflicts         size   tier2       irredundant
c           level     restarts        redundant     glue    trail         variables
c
c - 103.34 41 37 40 154 42004 7 1268696 89697 1.8 24 13 8 12 47% 36805 11729 2653 125%
c - 104.13 41 34 40 155 42010 6 1281106 92773 1.8 23 13 8 12 47% 36805 11729 2653 125%
c - 104.96 42 32 40 156 42084 6 1293556 95546 1.8 23 13 8 13 47% 36805 11729 2653 125%
c - 105.80 41 31 40 157 42127 5 1306046 97116 1.8 22 12 8 13 47% 36805 11729 2653 125%
c - 106.59 42 29 40 158 42172 5 1318576 97211 1.8 22 12 8 13 47% 36805 11729 2653 125%
c - 107.40 41 28 40 159 42235 4 1331146 96181 1.8 21 12 8 13 47% 36805 11729 2653 125%
c - 108.22 41 26 40 160 42303 4 1343756 96833 1.8 21 12 8 13 47% 36805 11729 2653 125%
c - 109.06 42 25 40 161 42351 4 1356405 98133 1.8 21 12 8 12 46% 36805 11729 2653 125%
c } 109.11 41 25 41 161 42351 4 1357252 98839 1.8 20 12 8 12 46% 36805 11729 2653 125%
c [ 109.11 41 23 41 161 42351 1 1357252 98839 1.8 23 13 8 15 48% 36805 11729 2653 125%
c B 109.11 41 23 41 161 42351 1 1357252 98839 1.8 23 13 8 15 48% 36805 11729 2653 125%
c - 110.07 41 24 41 162 42357 1 1369094 97424 1.8 23 13 8 15 48% 36805 11729 2653 125%
c u 110.45 45 24 41 162 42358 1 1370343 96368 1.8 23 13 8 15 48% 36805 11729 2653 125%
c v 110.72 47 24 41 162 42358 1 1370343 95839 1.8 23 13 8 15 48% 36805 11729 2653 125%
c w 110.81 47 24 41 162 42358 1 1370343 95295 1.8 23 13 8 15 48% 36805 11729 2653 125%
c - 111.74 41 23 41 163 42364 1 1381821 94967 1.8 23 13 8 15 48% 36805 11729 2653 125%
c - 112.79 42 23 41 164 42369 1 1394588 96911 1.8 23 13 8 15 48% 36805 11729 2653 125%
c - 113.90 41 22 41 165 42376 1 1407394 96892 1.8 23 13 8 15 48% 36805 11729 2653 125%
c - 114.98 42 22 41 166 42380 1 1420239 96999 1.8 23 13 8 15 48% 36805 11729 2653 125%
c ] 115.65 41 22 42 166 42381 1 1428576 105075 1.8 23 13 8 15 48% 36805 11729 2653 125%
c
c  seconds    switched      rate            size/glue  tier1     binary         remaining
c          MB   reductions     conflicts          size   tier2       irredundant
c           level     restarts        redundant      glue    trail         variables
c
c { 115.65 41 25 42 166 42381 4 1428576 105075 1.8 20 12 8 12 46% 36805 11729 2653 125%
c o 116.03 42 25 42 166 42401 4 1433065 109115 1.8 20 12 8 12 47% 36805 11729 2653 125%
c - 116.05 42 25 42 167 42414 4 1433125 97327 1.8 20 12 8 12 47% 36805 11729 2653 125%
c - 116.92 42 24 42 168 42509 3 1446047 99061 1.8 20 11 8 12 47% 36805 11729 2653 125%
c - 117.77 41 23 42 169 42574 3 1459009 100889 1.8 20 11 8 12 47% 36805 11729 2653 125%
c - 118.61 42 22 42 170 42714 3 1472009 102549 1.7 19 11 8 12 47% 36805 11729 2653 125%
c u 119.61 45 22 42 170 42829 3 1482042 108815 1.7 19 11 8 12 47% 36805 11729 2653 125%
c v 119.92 47 22 42 170 42829 3 1482042 106488 1.7 19 11 8 12 47% 36805 11729 2653 125%
c w 120.03 47 22 42 170 42829 3 1482042 106030 1.7 19 11 8 12 47% 36805 11729 2653 125%
c - 121.52 41 22 42 171 42918 3 1485048 101679 1.7 19 11 8 12 47% 36805 11729 2653 125%
c - 122.37 42 21 42 172 43190 3 1498124 104992 1.7 19 11 8 12 47% 36805 11729 2653 125%
c - 123.23 42 21 42 173 43286 3 1511239 106854 1.7 19 11 8 12 47% 36805 11729 2653 125%
c - 124.12 41 20 42 174 43566 3 1524392 108752 1.7 19 11 8 12 47% 36805 11729 2653 125%
c } 124.42 41 20 43 174 43692 3 1528549 112507 1.7 19 11 8 12 47% 36805 11729 2653 125%
c [ 124.42 41 22 43 174 43692 1 1528549 112507 1.8 23 13 8 15 48% 36805 11729 2653 125%
c W 124.89 34 22 43 174 43692 1 1528549 112507 1.8 23 13 8 15 48% 36805 11729 2653 125%
c - 125.51 34 22 43 175 43698 1 1537583 110063 1.8 23 13 8 15 49% 36805 11729 2653 125%
c - 126.52 43 22 43 176 43705 1 1550812 110143 1.8 23 13 8 15 49% 36805 11729 2653 125%
c - 127.60 45 22 43 177 43709 1 1564078 111179 1.8 23 13 8 15 49% 36805 11729 2653 125%
c - 128.66 42 22 43 178 43716 1 1577383 110758 1.8 23 13 8 15 49% 36805 11729 2653 125%
c
c  seconds    switched      rate            size/glue  tier1     binary         remaining
c          MB   reductions     conflicts          size   tier2       irredundant
c           level     restarts        redundant      glue    trail         variables
c
c - 129.70 42 21 43 179 43721 1 1590724 109040 1.8 24 13 8 15 49% 36805 11729 2653 125%
c u 130.60 45 21 43 179 43722 1 1598598 116065 1.8 24 13 8 15 49% 36805 11729 2653 125%
c v 130.85 47 21 43 179 43722 1 1598598 115703 1.8 24 13 8 15 49% 36805 11729 2653 125%
c w 130.94 47 21 43 179 43722 1 1598598 115168 1.8 24 13 8 15 49% 36805 11729 2653 125%
c - 131.64 42 22 43 180 43722 1 1604103 108141 1.8 24 13 8 15 49% 36805 11729 2653 125%
c o 132.24 42 22 43 180 43724 1 1611551 115324 1.8 24 13 8 15 49% 36805 11729 2653 125%
c ] 132.50 41 24 44 180 43726 1 1615408 119035 1.8 24 13 8 15 49% 36805 11729 2653 125%
c { 132.50 41 20 44 180 43726 3 1615408 119035 1.7 19 11 8 12 47% 36805 11729 2653 125%
c - 132.68 42 20 44 181 43819 3 1617520 107395 1.7 19 11 8 12 47% 36805 11729 2653 125%
c - 133.59 42 20 44 182 44011 2 1630973 108693 1.7 18 11 8 12 47% 36805 11729 2653 125%
c - 134.53 42 19 44 183 44316 2 1644463 111896 1.7 18 11 8 12 47% 36805 11729 2653 125%
c - 135.45 41 19 44 184 44537 2 1657990 113873 1.7 18 10 8 12 47% 36805 11729 2653 125%
c - 136.42 43 19 44 185 44922 2 1671554 114669 1.7 18 10 8 12 47% 36805 11729 2653 125%
c - 137.48 42 19 44 186 45418 2 1685156 115718 1.7 18 10 8 12 47% 36805 11729 2653 125%
c - 138.40 45 18 44 187 45652 2 1698794 117225 1.7 18 10 8 12 47% 36805 11729 2653 125%
c - 139.40 42 18 44 188 46109 2 1712470 118639 1.7 18 10 8 12 47% 36805 11729 2653 125%
c u 140.30 47 18 44 188 46224 2 1720043 124044 1.7 17 10 8 12 47% 36805 11729 2653 125%
c v 140.61 47 18 44 188 46224 2 1720043 121747 1.7 17 10 8 12 47% 36805 11729 2653 125%
c w 140.73 47 18 44 188 46224 2 1720043 121290 1.7 17 10 8 12 47% 36805 11729 2653 125%
c } 141.07 42 18 45 188 46420 2 1724240 125109 1.7 17 10 8 12 47% 36805 11729 2653 125%
c
c  seconds    switched      rate            size/glue  tier1     binary         remaining
c          MB   reductions     conflicts          size   tier2       irredundant
c           level     restarts        redundant      glue    trail         variables
c
c [ 141.07 42 24 45 188 46420 1 1724240 125109 1.8 24 13 8 15 49% 36805 11729 2653 125%
c I 141.07 42 24 45 188 46420 1 1724240 125109 1.8 24 13 8 15 49% 36805 11729 2653 125%
c - 141.22 42 24 45 189 46421 1 1726183 116900 1.8 25 14 8 15 49% 36805 11729 2653 125%
c - 142.21 45 24 45 190 46429 1 1739930 114584 1.8 25 14 8 15 49% 36805 11729 2653 125%
c - 143.27 41 24 45 191 46434 1 1753715 113123 1.8 25 14 8 15 49% 36805 11729 2653 125%
c - 144.34 42 25 45 192 46441 1 1767535 111729 1.8 26 14 8 15 49% 36805 11729 2653 125%
c - 145.47 45 24 45 193 46448 1 1781393 112020 1.8 26 14 8 15 50% 36805 11729 2653 125%
c - 146.67 42 24 45 194 46450 1 1795286 113965 1.8 26 14 8 15 49% 36805 11729 2653 125%
c - 147.77 42 24 45 195 46453 1 1809215 114017 1.9 26 14 8 15 49% 36805 11729 2653 125%
c ] 148.73 45 24 46 195 46460 1 1821634 125960 1.9 27 14 8 15 50% 36805 11729 2653 125%
c { 148.73 45 18 46 195 46460 2 1821634 125960 1.7 17 10 8 12 47% 36805 11729 2653 125%
c o 148.74 45 18 46 195 46470 2 1821690 126016 1.7 17 10 8 12 47% 36805 11729 2653 125%
c - 148.89 42 18 46 196 46556 2 1823181 113975 1.7 17 10 8 12 47% 36805 11729 2653 125%
c - 149.92 42 18 46 197 47118 2 1837181 116464 1.7 17 10 8 12 47% 36805 11729 2653 125%
c u 151.05 47 18 46 197 47582 2 1846395 124676 1.7 17 10 8 12 47% 36805 11729 2653 125%
c v 151.43 47 18 46 197 47582 2 1846395 124543 1.7 17 10 8 12 47% 36805 11729 2653 125%
c w 151.56 47 18 46 197 47582 2 1846395 124370 1.7 17 10 8 12 47% 36805 11729 2653 125%
c - 152.00 43 18 46 198 47794 2 1851216 118116 1.7 17 10 8 12 47% 36805 11729 2653 125%
c - 153.10 45 18 46 199 48518 2 1865288 119304 1.7 17 10 8 12 47% 36805 11729 2653 125%
c - 154.15 43 18 46 200 49240 2 1879394 119592 1.7 17 10 8 12 47% 36805 11729 2653 125%
c
c  seconds    switched      rate            size/glue  tier1     binary         remaining
c          MB   reductions     conflicts          size   tier2       irredundant
c           level     restarts        redundant      glue    trail         variables
c
c - 155.20 45 18 46 201 49798 2 1893537 120317 1.7 17 10 8 12 47% 36805 11729 2653 125%
c - 156.24 43 18 46 202 50370 2 1907716 120744 1.7 17 10 8 12 47% 36805 11729 2653 125%
c - 157.29 45 18 46 203 50990 3 1921928 121702 1.7 17 10 8 12 47% 36805 11729 2653 125%
c - 158.34 45 18 46 204 51498 3 1936175 121863 1.7 17 10 8 12 47% 36805 11729 2653 125%
c } 158.58 45 18 47 204 51541 2 1939679 125059 1.7 17 10 8 12 47% 36805 11729 2653 125%
c [ 158.58 45 24 47 204 51541 1 1939679 125059 1.9 27 14 8 15 50% 36805 11729 2653 125%
c B 158.58 45 24 47 204 51541 1 1939679 125059 1.9 27 14 8 15 50% 36805 11729 2653 125%
c - 159.35 45 24 47 205 51547 1 1950458 121454 1.9 26 14 8 15 50% 36805 11729 2653 125%
c - 160.52 42 23 47 206 51555 1 1964775 122447 1.9 26 14 8 15 50% 36805 11729 2653 125%
c u 162.18 49 23 47 206 51560 1 1977683 133848 1.9 25 14 8 15 49% 36805 11729 2653 125%
c v 162.59 50 23 47 206 51560 1 1977683 130214 1.9 25 14 8 15 49% 36805 11729 2653 125%
c w 162.73 50 23 47 206 51560 1 1977683 125171 1.9 25 14 8 15 49% 36805 11729 2653 125%
c - 162.94 41 23 47 207 51561 1 1979127 116923 1.9 25 14 8 15 49% 36805 11729 2653 125%
c - 164.28 42 22 47 208 51569 1 1993514 120988 1.9 25 13 8 15 50% 36805 11729 2653 125%
c - 165.58 45 21 47 209 51571 1 2007936 124397 1.9 25 13 8 15 50% 36805 11729 2653 125%
c - 166.93 41 21 47 210 51572 1 2022392 125960 1.8 24 13 8 15 50% 36805 11729 2653 125%
c - 168.29 43 21 47 211 51581 1 2036883 126490 1.9 24 13 8 15 50% 36805 11729 2653 125%
c ] 168.39 45 20 48 211 51581 1 2037810 127316 1.9 24 13 8 15 50% 36805 11729 2653 125%
c { 168.39 45 18 48 211 51581 2 2037810 127316 1.7 17 10 8 12 47% 36805 11729 2653 125%
c o 168.54 45 18 48 211 51587 2 2039379 128629 1.7 17 10 8 12 47% 36805 11729 2653 125%
c
c  seconds    switched      rate            size/glue  tier1     binary         remaining
c          MB   reductions     conflicts          size   tier2       irredundant
c           level     restarts        redundant      glue    trail         variables
c
c - 169.55 45 18 48 212 52358 3 2051409 127284 1.7 17 10 8 12 47% 36805 11729 2653 125%
c - 170.62 45 18 48 213 52747 3 2065971 127586 1.7 17 10 8 12 46% 36805 11729 2653 125%
c - 171.71 45 18 48 214 53344 3 2080565 128073 1.7 17 10 8 12 46% 36805 11729 2653 125%
c - 172.71 45 18 48 215 53634 2 2095194 128766 1.7 17 10 8 12 46% 36805 11729 2653 125%
c - 173.80 45 18 48 216 54190 2 2109856 128963 1.7 17 10 8 12 46% 36805 11729 2653 125%
c u 174.63 49 18 48 216 54576 2 2113958 129735 1.7 17 10 8 12 46% 36805 11729 2653 125%
c v 175.03 49 18 48 216 54576 2 2113958 127274 1.7 17 10 8 12 46% 36805 11729 2653 125%
c w 175.17 49 18 48 216 54576 2 2113958 127004 1.7 17 10 8 12 46% 36805 11729 2653 125%
c - 176.05 45 18 48 217 55177 2 2124552 125822 1.7 17 10 8 12 46% 36805 11729 2653 125%
c - 177.12 45 18 48 218 55759 2 2139283 127346 1.7 17 10 8 12 46% 36805 11729 2653 125%
c - 178.19 45 18 48 219 56316 2 2154048 127864 1.7 17 10 8 12 46% 36805 11729 2653 125%
c } 179.09 43 18 49 219 57002 3 2165421 138417 1.7 17 10 8 12 47% 36805 11729 2653 125%
c [ 179.09 43 20 49 219 57002 1 2165421 138417 1.9 24 13 8 15 50% 36805 11729 2653 125%
c W 179.81 34 20 49 219 57002 1 2165421 138417 1.9 24 13 8 15 50% 36805 11729 2653 125%
c - 180.05 34 21 49 220 57004 1 2168846 127625 1.8 24 13 8 15 50% 36805 11729 2653 125%
c - 181.12 36 21 49 221 57013 1 2183678 128336 1.8 24 13 8 15 50% 36805 11729 2653 125%
c - 182.29 36 21 49 222 57017 1 2198544 128402 1.8 24 13 8 15 50% 36805 11729 2653 125%
c - 183.48 36 22 49 223 57026 1 2213444 126660 1.8 25 14 8 15 49% 36805 11729 2653 125%
c - 184.78 36 23 49 224 57031 1 2228378 123952 1.8 25 14 8 15 49% 36805 11729 2653 125%
c - 186.03 36 23 49 225 57032 1 2243346 124570 1.8 26 15 8 15 49% 36805 11729 2653 125%
c
c  seconds    switched      rate            size/glue  tier1     binary         remaining
c          MB   reductions     conflicts          size   tier2       irredundant
c           level     restarts        redundant      glue    trail         variables
c
c u 187.49 36 23 49 225 57038 1 2255245 135540 1.8 26 15 8 15 49% 36805 11729 2653 125%
c v 187.90 38 23 49 225 57038 1 2255245 135305 1.8 26 15 8 15 49% 36805 11729 2653 125%
c w 188.06 38 23 49 225 57038 1 2255245 134008 1.8 26 15 8 15 49% 36805 11729 2653 125%
c o 188.10 38 23 49 225 57038 1 2255245 134008 1.8 26 15 8 15 49% 36805 11729 2653 125%
c - 188.36 38 24 49 226 57039 1 2258347 125135 1.7 26 15 8 15 49% 36805 11729 2653 125%
c - 189.52 38 23 49 227 57047 1 2273380 129161 1.7 25 14 8 15 49% 36805 11729 2653 125%
c O 190.03 38 23 49 227 57047 1 2279760 135308 1.8 25 14 8 15 49% 36805 11729 2653 125%
c ] 190.50 38 23 50 227 57052 1 2285569 140531 1.8 24 14 8 15 49% 36805 11729 2653 125%
c { 190.50 38 18 50 227 57052 3 2285569 140531 1.7 17 10 8 12 47% 36805 11729 2653 125%
c - 190.77 38 18 50 228 57053 2 2288446 132179 1.7 17 10 8 12 47% 36805 11729 2653 125%
c - 192.04 38 17 50 229 57067 2 2303545 130800 1.7 16 10 8 12 47% 36805 11729 2653 125%
c - 193.09 38 16 50 230 57089 2 2318677 131621 1.7 17 10 8 12 47% 36805 11729 2653 125%
c - 194.19 38 16 50 231 57127 2 2333842 132938 1.7 16 10 8 12 47% 36805 11729 2653 125%
c - 195.25 38 15 50 232 57192 2 2349040 133800 1.7 16 10 8 12 47% 36805 11729 2653 125%
c - 196.30 38 14 50 233 57242 2 2364271 134450 1.7 16 10 8 12 47% 36805 11729 2653 125%
c - 197.36 38 14 50 234 57264 2 2379536 134376 1.7 16 9 8 12 47% 36805 11729 2653 125%
c - 198.43 38 13 50 235 57268 2 2394833 135099 1.6 15 9 8 12 47% 36805 11729 2653 125%
c u 199.39 38 13 50 235 57315 2 2401595 136644 1.6 15 9 8 12 47% 36805 11729 2653 125%
c v 199.79 38 13 50 235 57315 2 2401595 132803 1.6 15 9 8 12 47% 36805 11729 2653 125%
c w 199.86 38 13 50 235 57315 2 2401595 132722 1.6 15 9 8 12 47% 36805 11729 2653 125%
c
c  seconds    switched      rate            size/glue tier1     binary         remaining
c          MB   reductions     conflicts          size  tier2       irredundant
c           level     restarts        redundant     glue    trail         variables
c
c - 200.50 38 13 50 236 57368 2 2410163 131178 1.7 15 9 8 12 47% 36805 11729 2653 125%
c } 201.38 38 13 51 236 57474 2 2423095 142218 1.7 15 9 8 12 47% 36805 11729 2653 125%
c [ 201.38 38 23 51 236 57474 1 2423095 142218 1.8 24 14 8 15 49% 36805 11729 2653 125%
c B 201.38 38 23 51 236 57474 1 2423095 142218 1.8 24 14 8 15 49% 36805 11729 2653 125%
c - 201.58 38 23 51 237 57476 1 2425526 138840 1.8 25 14 8 15 49% 36805 11729 2653 125%
c - 202.78 38 23 51 238 57485 1 2440923 142260 1.8 25 14 8 15 48% 36805 11729 2653 125%
c - 204.01 38 23 51 239 57489 1 2456351 144648 1.8 25 14 8 15 48% 36805 11729 2653 125%
c - 205.32 40 22 51 240 57498 1 2471810 147046 1.8 25 14 8 15 48% 36805 11729 2653 125%
c - 206.66 40 23 51 241 57503 1 2487305 147583 1.9 26 14 8 15 48% 36805 11729 2653 125%
c - 208.00 40 22 51 242 57504 1 2502831 147622 1.9 25 14 8 15 48% 36805 11729 2653 125%
c - 209.35 40 22 51 243 57512 1 2518387 146348 1.9 26 14 8 15 48% 36805 11729 2653 125%
c - 210.73 40 22 51 244 57519 1 2533977 144025 1.9 26 14 8 15 48% 36805 11729 2653 125%
c ] 211.72 40 22 52 244 57525 1 2545021 154586 1.9 26 14 8 15 48% 36805 11729 2653 125%
c { 211.72 40 13 52 244 57525 2 2545021 154586 1.7 15 9 8 12 47% 36805 11729 2653 125%
c o 211.73 40 13 52 244 57533 2 2545064 154629 1.7 15 9 8 12 47% 36805 11729 2653 125%
c - 212.32 40 13 52 245 58417 2 2549597 143523 1.7 15 9 8 12 47% 36805 11729 2653 125%
c u 213.26 40 14 52 245 59056 2 2553009 146565 1.7 15 9 8 12 47% 36805 11729 2653 125%
c v 213.76 40 14 52 245 59056 2 2553009 145818 1.7 15 9 8 12 47% 36805 11729 2653 125%
c w 213.94 40 14 52 245 59056 2 2553009 145432 1.7 15 9 8 12 47% 36805 11729 2653 125%
c - 215.21 40 15 52 246 60619 2 2565249 142159 1.6 16 10 8 12 47% 36805 11729 2653 125%
c
c  seconds    switched      rate            size/glue  tier1     binary         remaining
c          MB   reductions     conflicts          size   tier2       irredundant
c           level     restarts        redundant      glue    trail         variables
c
c - 216.71 40 15 52 247 62335 2 2580933 142074 1.6 16 10 8 12 47% 36805 11729 2653 125%
c - 218.06 40 16 52 248 63369 2 2596649 141913 1.6 16 10 8 12 47% 36805 11729 2653 125%
c - 219.47 40 16 52 249 64717 3 2612398 141374 1.6 16 10 8 12 47% 36805 11729 2653 125%
c - 220.76 40 17 52 250 65688 3 2628177 140008 1.6 16 10 8 12 47% 36805 11729 2653 125%
c - 222.12 40 17 52 251 66756 3 2643990 140506 1.6 16 10 8 12 47% 36805 11729 2653 125%
c - 223.39 40 17 52 252 67565 3 2659833 143744 1.6 17 10 8 12 47% 36805 11729 2653 125%
c - 224.63 40 17 52 253 68118 3 2675708 146380 1.7 17 10 8 12 47% 36805 11729 2653 125%
c - 225.96 40 17 52 254 68940 3 2691613 150423 1.7 17 10 8 12 47% 36805 11729 2653 125%
c } 226.05 40 17 53 254 68984 3 2692808 151459 1.7 17 10 8 12 47% 36805 11729 2653 125%
c [ 226.05 40 22 53 254 68984 1 2692808 151459 1.9 26 14 8 15 48% 36805 11729 2653 125%
c W 226.95 40 22 53 254 68984 1 2692808 151459 1.9 26 14 8 15 48% 36805 11729 2653 125%
c - 228.01 40 21 53 255 68993 1 2707555 154385 1.9 25 13 8 15 48% 36805 11729 2653 125%
c u 228.76 47 21 53 255 68994 1 2709538 155654 1.9 25 13 8 15 48% 36805 11729 2653 125%
c v 229.28 47 21 53 255 68994 1 2709538 152989 1.9 25 13 8 15 48% 36805 11729 2653 125%
c w 229.46 47 21 53 255 68994 1 2709538 150950 1.9 25 13 8 15 48% 36805 11729 2653 125%
c - 231.53 47 21 53 256 68998 1 2723523 150915 1.9 25 13 8 15 48% 36805 11729 2653 125%
c - 232.92 47 21 53 257 69007 1 2739526 154621 1.9 25 13 8 15 48% 36805 11729 2653 125%
c - 234.32 47 21 53 258 69013 1 2755557 156198 1.9 25 13 8 15 48% 36805 11729 2653 125%
c - 235.77 47 21 53 259 69014 1 2771619 155964 1.9 25 13 8 15 48% 36805 11729 2653 125%
c - 237.38 47 20 53 260 69022 1 2787715 154330 1.9 25 13 7 15 48% 36805 11729 2653 125%
c
c  seconds    switched      rate            size/glue  tier1     binary         remaining
c          MB   reductions     conflicts          size   tier2       irredundant
c           level     restarts        redundant      glue    trail         variables
c
c - 238.92 47 21 53 261 69029 1 2803842 151246 1.9 25 13 7 15 48% 36805 11729 2653 125%
c - 240.49 47 20 53 262 69037 1 2819998 148896 1.9 25 13 7 15 48% 36805 11729 2653 125%
c I 241.22 47 20 53 262 69042 1 2827047 155533 1.9 25 13 7 15 48% 36805 11729 2653 125%
c o 241.23 47 20 53 262 69042 1 2827047 155533 1.9 25 13 7 15 48% 36805 11729 2653 125%
c - 242.07 47 29 53 263 69044 1 2836184 145482 1.8 27 15 7 15 48% 36805 11729 2653 125%
c ] 242.32 47 31 54 263 69044 1 2839005 148262 1.8 27 15 7 15 48% 36805 11729 2653 125%
c { 242.32 47 17 54 263 69044 3 2839005 148262 1.7 17 10 8 12 47% 36805 11729 2653 125%
c - 244.82 47 22 54 264 71896 4 2852401 138803 1.7 18 11 8 12 47% 36805 11729 2653 125%
c - 247.91 47 26 54 265 75332 5 2868649 134294 1.7 20 12 8 12 46% 36805 11729 2653 125%
c u 248.91 47 27 54 265 75869 5 2871180 135131 1.7 20 12 8 12 46% 36805 11729 2653 125%
c v 249.33 47 27 54 265 75869 5 2871180 134799 1.7 20 12 8 12 46% 36805 11729 2653 125%
c w 249.49 47 27 54 265 75869 5 2871180 134774 1.7 20 12 8 12 46% 36805 11729 2653 125%
c - 252.34 48 30 54 266 78758 6 2884927 129805 1.7 22 13 8 12 46% 36805 11729 2653 125%
c - 255.43 48 33 54 267 82054 7 2901237 126063 1.7 23 13 8 12 46% 36805 11729 2653 125%
c - 258.45 48 36 54 268 84994 7 2917578 122715 1.8 24 14 8 12 46% 36805 11729 2653 125%
c - 261.37 48 38 54 269 87769 7 2933948 121925 1.8 26 14 8 12 46% 36805 11729 2653 125%
c - 263.91 48 40 54 270 89762 7 2950350 122472 1.8 27 15 8 12 46% 36805 11729 2653 125%
c - 266.44 48 41 54 271 91727 7 2966781 123339 1.9 27 15 8 12 46% 36805 11729 2653 125%
c - 268.92 48 42 54 272 93499 7 2983243 123733 1.9 28 15 8 12 46% 36805 11729 2653 125%
c } 270.98 48 43 55 272 94960 7 2997399 137691 1.9 29 15 8 12 47% 36805 11729 2653 125%
c
c  seconds    switched      rate            size/glue  tier1     binary         remaining
c          MB   reductions     conflicts          size   tier2       irredundant
c           level     restarts        redundant      glue    trail         variables
c
c [ 270.98 48 31 55 272 94960 1 2997399 137691 1.8 27 15 7 15 48% 36805 11729 2653 125%
c B 270.98 48 31 55 272 94960 1 2997399 137691 1.8 27 15 7 15 48% 36805 11729 2653 125%
c - 271.22 48 31 55 273 94962 1 2999737 123835 1.8 28 15 7 15 48% 36805 11729 2653 125%
c - 272.68 48 30 55 274 94972 1 3016259 123913 1.8 27 15 7 15 48% 36805 11729 2653 125%
c - 274.19 48 28 55 275 94977 1 3032811 126985 1.8 26 15 7 15 48% 36805 11729 2653 125%
c u 275.63 48 28 55 275 94980 1 3037987 130599 1.8 26 15 7 15 48% 36805 11729 2653 125%
c v 276.57 48 28 55 275 94980 1 3037987 128388 1.8 26 15 7 15 48% 36805 11729 2653 125%
c w 276.90 48 28 55 275 94980 1 3037987 126293 1.8 26 15 7 15 48% 36805 11729 2653 125%
c - 278.03 48 27 55 276 94987 1 3049394 125347 1.8 26 14 7 15 48% 36805 11729 2653 125%
c - 279.55 48 26 55 277 94990 1 3066008 128409 1.8 25 14 7 15 48% 36805 11729 2653 125%
c - 281.08 48 25 55 278 94993 1 3082651 126983 1.8 25 14 7 15 48% 36805 11729 2653 125%
c - 282.77 48 25 55 279 95003 1 3099324 125518 1.8 25 14 7 15 48% 36805 11729 2653 125%
c - 284.53 48 24 55 280 95008 1 3116028 123550 1.8 25 14 7 15 48% 36805 11729 2653 125%
c - 286.17 48 24 55 281 95019 1 3132763 120306 1.8 25 14 7 15 48% 36805 11729 2653 125%
c W 288.71 48 23 55 281 95021 1 3145588 132461 1.8 25 14 7 15 48% 36805 11729 2653 125%
c o 288.71 48 23 55 281 95021 1 3145588 132461 1.8 25 14 7 15 48% 36805 11729 2653 125%
c - 289.04 48 27 55 282 95021 1 3149528 117898 1.8 25 14 7 15 48% 36805 11729 2653 125%
c - 290.40 48 36 55 283 95022 1 3166322 109717 1.6 27 17 7 16 48% 36805 11729 2653 125%
c - 291.79 48 35 55 284 95022 1 3183145 103510 1.6 27 17 7 16 48% 36805 11729 2653 125%
c - 293.20 48 35 55 285 95027 1 3199997 103918 1.6 27 17 7 16 48% 36805 11729 2653 125%
c
c  seconds    switched      rate            size/glue  tier1     binary         remaining
c          MB   reductions     conflicts          size   tier2       irredundant
c           level     restarts        redundant      glue    trail         variables
c
c u 294.64 48 33 55 285 95032 1 3209984 112368 1.6 26 16 7 16 48% 36805 11729 2653 125%
c v 295.24 48 33 55 285 95032 1 3209984 112090 1.6 26 16 7 16 48% 36805 11729 2653 125%
c w 295.46 48 33 55 285 95032 1 3209984 111353 1.6 26 16 7 16 48% 36805 11729 2653 125%
c - 296.10 48 32 55 286 95036 1 3216878 105426 1.6 26 16 7 16 48% 36805 11729 2653 125%
c - 297.57 48 30 55 287 95043 1 3233790 109901 1.6 25 15 7 16 48% 36805 11729 2653 125%
c - 299.15 48 28 55 288 95051 1 3250732 112752 1.6 25 15 7 16 48% 36805 11729 2653 125%
c - 300.76 48 27 55 289 95053 1 3267702 114312 1.7 24 14 7 16 48% 36805 11729 2653 125%
c - 302.38 48 26 55 290 95060 1 3284703 114007 1.7 24 14 7 16 48% 36805 11729 2653 125%
c ] 302.84 48 26 56 290 95062 1 3289658 118746 1.7 24 14 7 16 48% 36805 11729 2653 125%
c { 302.84 48 43 56 290 95062 7 3289658 118746 1.9 29 15 8 12 47% 36805 11729 2653 125%
c - 304.05 48 40 56 291 95073 6 3301732 114522 1.9 28 15 8 12 47% 36805 11729 2653 125%
c - 305.44 48 37 56 292 95075 6 3318790 115658 1.9 27 14 8 12 47% 36805 11729 2653 125%
c - 306.96 48 33 56 293 95076 5 3335880 98663 1.9 26 14 7 12 47% 36805 11729 2653 125%
c - 308.38 48 30 56 294 95080 4 3353000 95229 1.9 25 13 7 12 47% 36805 11729 2653 125%
c - 309.66 48 28 56 295 95107 4 3370147 95093 1.8 24 13 7 12 47% 36805 11729 2653 125%
c u 311.41 48 26 56 295 95138 4 3387199 107254 1.8 23 12 7 12 47% 36805 11729 2653 125%
c v 311.99 48 26 56 295 95138 4 3387199 103562 1.8 23 12 7 12 47% 36805 11729 2653 125%
c w 312.19 48 26 56 295 95138 4 3387199 100816 1.8 23 12 7 12 47% 36805 11729 2653 125%
c o 312.22 48 26 56 295 95138 4 3387199 100816 1.8 23 12 7 12 47% 36805 11729 2653 125%
c - 312.25 48 26 56 296 95163 4 3387322 87508 1.8 23 12 7 12 47% 36805 11729 2653 125%
c
c  seconds    switched      rate           size/glue  tier1     binary         remaining
c          MB   reductions     conflicts         size   tier2       irredundant
c           level     restarts        redundant     glue    trail         variables
c
c - 313.48 48 25 56 297 95261 3 3404528 91353 1.8 22 12 7 12 47% 36805 11729 2653 125%
c - 314.74 48 24 56 298 95388 3 3421761 95373 1.8 21 12 7 12 47% 36805 11729 2653 125%
c - 316.00 48 22 56 299 95498 3 3439023 97652 1.8 21 12 7 12 47% 36805 11729 2653 125%
c - 317.30 48 21 56 300 95626 3 3456314 99277 1.8 20 11 7 12 47% 36805 11729 2653 125%
c } 317.48 48 21 57 300 95635 3 3459003 101717 1.8 20 11 7 12 47% 36805 11729 2653 125%
c [ 317.48 48 26 57 300 95635 1 3459003 101717 1.7 24 14 7 16 48% 36805 11729 2653 125%
c O 317.48 48 26 57 300 95635 1 3459003 101717 1.7 24 14 7 16 48% 36805 11729 2653 125%
c - 318.66 48 25 57 301 95644 1 3473636 99957 1.7 24 14 7 16 48% 36805 11729 2653 125%
c - 320.20 48 24 57 302 95649 1 3490987 99544 1.7 23 13 7 15 49% 36805 11729 2653 125%
c - 321.81 48 23 57 303 95660 1 3508366 98794 1.8 24 13 7 15 49% 36805 11729 2653 125%
c - 323.45 48 22 57 304 95665 1 3525774 100087 1.8 24 13 7 15 49% 36805 11729 2653 125%
c - 325.15 48 21 57 305 95668 1 3543209 103081 1.8 23 13 7 15 49% 36805 11729 2653 125%
c - 326.78 48 20 57 306 95678 1 3560674 104795 1.8 22 12 7 15 48% 36805 11729 2653 125%
c u 328.16 48 20 57 306 95680 1 3569654 102462 1.8 22 12 7 15 48% 36805 11729 2653 125%
c v 328.73 48 20 57 306 95680 1 3569654 81927 1.8 22 12 7 15 48% 36805 11729 2653 125%
c w 328.94 48 20 57 306 95680 1 3569654 75870 1.8 22 12 7 15 48% 36805 11729 2653 125%
c - 329.66 48 20 57 307 95684 1 3578166 77378 1.8 22 12 7 15 48% 36805 11729 2653 125%
c - 331.14 48 20 57 308 95694 1 3595687 89058 1.8 22 12 7 15 48% 36805 11729 2653 125%
c ] 331.92 48 19 58 308 95695 1 3604586 97175 1.8 22 12 7 15 48% 36805 11729 2653 125%
c { 331.92 48 21 58 308 95695 3 3604586 97175 1.8 20 11 7 12 47% 36805 11729 2653 125%
c
c  seconds    switched      rate           size/glue  tier1     binary         remaining
c          MB   reductions     conflicts         size   tier2       irredundant
c           level     restarts        redundant     glue    trail         variables
c
c - 332.54 48 21 58 309 95750 3 3613236 95732 1.8 20 11 7 12 47% 36805 11729 2653 125%
c - 333.84 48 20 58 310 96059 2 3630814 98443 1.8 20 11 7 12 47% 36805 11729 2653 125%
c o 334.32 48 20 58 310 96160 2 3637299 104332 1.8 20 11 7 12 47% 36805 11729 2653 125%
c - 335.13 48 20 58 311 96285 2 3648421 99580 1.8 20 11 7 12 47% 36805 11729 2653 125%
c - 336.45 48 19 58 312 96674 2 3666057 99869 1.8 19 11 7 12 47% 36805 11729 2653 125%
c - 337.77 48 19 58 313 97017 2 3683720 100919 1.8 19 11 7 12 47% 36805 11729 2653 125%
c - 339.13 48 19 58 314 97519 2 3701412 102599 1.7 19 11 7 12 47% 36805 11729 2653 125%
c - 340.46 48 19 58 315 97904 2 3719132 104197 1.7 18 11 7 12 47% 36805 11729 2653 125%
c - 341.84 48 18 58 316 98444 2 3736882 105769 1.7 18 11 7 12 46% 36805 11729 2653 125%
c - 343.25 48 18 58 317 99214 2 3754660 107600 1.7 18 11 7 12 46% 36805 11729 2653 125%
c u 344.02 48 19 58 317 99377 2 3757376 107399 1.7 18 11 7 12 46% 36805 11729 2653 125%
c v 344.56 48 19 58 317 99377 2 3757376 105003 1.7 18 11 7 12 46% 36805 11729 2653 125%
c w 344.75 48 19 58 317 99377 2 3757376 104635 1.7 18 11 7 12 46% 36805 11729 2653 125%
c - 345.95 48 19 58 318 99815 2 3772464 106718 1.7 18 11 7 12 46% 36805 11729 2653 125%
c } 346.95 48 18 59 318 100262 2 3785215 118187 1.7 18 10 7 12 46% 36805 11729 2653 125%
c [ 346.95 48 19 59 318 100262 1 3785215 118187 1.8 22 12 7 15 48% 36805 11729 2653 125%
c B 346.95 48 19 59 318 100262 1 3785215 118187 1.8 22 12 7 15 48% 36805 11729 2653 125%
c - 347.36 48 19 59 319 100265 1 3790296 108808 1.8 22 12 7 15 48% 36805 11729 2653 125%
c - 348.85 48 19 59 320 100275 1 3808156 110572 1.8 22 12 7 15 48% 36805 11729 2653 125%
c - 350.42 48 18 59 321 100282 1 3826044 112947 1.8 21 12 7 15 47% 36805 11729 2653 125%
c
c  seconds    switched       rate            size/glue  tier1     binary         remaining
c          MB   reductions      conflicts          size   tier2       irredundant
c           level      restarts        redundant      glue    trail         variables
c
c - 352.04 48 19 59 322 100291 1 3843960 114302 1.9 22 12 7 15 48% 36805 11729 2653 125%
c - 353.68 48 19 59 323 100292 1 3861904 116190 1.9 22 12 7 15 48% 36805 11729 2653 125%
c - 355.51 48 19 59 324 100300 1 3879876 118639 1.9 22 12 7 15 48% 36805 11729 2653 125%
c - 357.33 48 19 59 325 100307 1 3897876 118602 1.9 22 12 7 15 48% 36805 11729 2653 125%
c - 359.11 48 19 59 326 100317 1 3915903 117631 1.8 22 12 7 15 47% 36805 11729 2653 125%
c ] 360.61 48 19 60 326 100322 1 3930037 130598 1.8 22 12 7 15 47% 36805 11729 2653 125%
c { 360.61 48 18 60 326 100322 2 3930037 130598 1.7 18 10 7 12 46% 36805 11729 2653 125%
c o 360.61 48 18 60 326 100326 2 3930071 130632 1.7 18 10 7 12 46% 36805 11729 2653 125%
c - 361.00 48 18 60 327 100430 2 3933959 116671 1.7 18 10 7 12 46% 36805 11729 2653 125%
c u 363.04 48 18 60 327 100922 2 3950390 125993 1.7 18 10 7 12 46% 36805 11729 2653 125%
c v 363.70 48 18 60 327 100922 2 3950390 117359 1.7 18 10 7 12 46% 36805 11729 2653 125%
c w 363.93 48 18 60 327 100922 2 3950390 112499 1.7 18 10 7 12 46% 36805 11729 2653 125%
c - 364.12 48 18 60 328 100992 2 3952043 104298 1.7 18 10 7 12 47% 36805 11729 2653 125%
c - 365.57 48 18 60 329 101523 2 3970155 110659 1.7 18 10 7 12 47% 36805 11729 2653 125%
c - 367.06 48 18 60 330 102158 2 3988293 112032 1.7 18 10 7 12 47% 36805 11729 2653 125%
c - 368.58 48 18 60 331 102885 2 4006459 112994 1.7 18 10 7 12 47% 36805 11729 2653 125%
c - 370.07 48 18 60 332 103493 2 4024653 114704 1.7 18 10 7 12 47% 36805 11729 2653 125%
c - 371.58 48 18 60 333 104010 2 4042873 116184 1.7 17 10 7 12 47% 36805 11729 2653 125%
c - 373.10 48 18 60 334 104698 2 4061121 118134 1.7 17 10 7 12 47% 36805 11729 2653 125%
c - 374.62 48 18 60 335 105322 2 4079397 120839 1.7 17 10 7 12 47% 36805 11729 2653 125%
c
c  seconds    switched       rate            size/glue  tier1     binary         remaining
c          MB   reductions      conflicts          size   tier2       irredundant
c           level      restarts        redundant      glue    trail         variables
c
c - 376.14 48 18 60 336 105974 2 4097700 122552 1.7 17 10 7 12 46% 36805 11729 2653 125%
c - 377.68 48 18 60 337 106582 2 4116030 124378 1.7 17 10 7 12 46% 36805 11729 2653 125%
c } 378.17 48 18 61 337 106689 2 4122289 130004 1.7 17 10 7 12 46% 36805 11729 2653 125%
c [ 378.17 48 19 61 337 106689 1 4122289 130004 1.8 22 12 7 15 47% 36805 11729 2653 125%
c W 379.89 48 19 61 337 106689 1 4122289 130004 1.8 22 12 7 15 47% 36805 11729 2653 125%
c - 380.88 48 20 61 338 106695 1 4134388 123702 1.8 23 12 7 15 48% 36805 11729 2653 125%
c u 382.69 48 20 61 338 106703 1 4148721 135726 1.8 23 13 7 15 48% 36805 11729 2653 125%
c v 383.30 48 20 61 338 106703 1 4148721 134981 1.8 23 13 7 15 48% 36805 11729 2653 125%
c w 383.53 48 20 61 338 106703 1 4148721 132124 1.8 23 13 7 15 48% 36805 11729 2653 125%
c - 383.91 48 20 61 339 106703 1 4152773 117824 1.8 23 13 7 15 48% 36805 11729 2653 125%
c - 385.53 48 21 61 340 106713 1 4171184 116744 1.8 24 13 7 15 49% 36805 11729 2653 125%
c - 387.18 48 21 61 341 106719 1 4189625 118120 1.8 24 13 7 15 49% 36805 11729 2653 125%
c - 388.92 48 21 61 342 106722 1 4208092 118621 1.9 25 13 7 15 49% 36805 11729 2653 125%
c - 390.75 48 21 61 343 106733 1 4226586 119613 1.9 25 13 7 15 49% 36805 11729 2653 125%
c - 392.63 48 21 61 344 106740 1 4245106 119872 1.9 25 13 7 15 50% 36805 11729 2653 125%
c - 394.39 48 21 61 345 106749 1 4263653 116753 1.9 26 13 7 15 50% 36805 11729 2653 125%
c - 396.25 48 21 61 346 106750 1 4282227 113498 1.9 26 14 7 15 50% 36805 11729 2653 125%
c ] 397.55 48 21 62 346 106751 1 4295502 126286 1.9 26 13 7 15 50% 36805 11729 2653 125%
c { 397.55 48 18 62 346 106751 2 4295502 126286 1.7 17 10 7 12 46% 36805 11729 2653 125%
c o 397.56 48 18 62 346 106761 2 4295579 126353 1.7 17 10 7 12 46% 36805 11729 2653 125%
c
c  seconds    switched       rate            size/glue  tier1     binary         remaining
c          MB   reductions      conflicts          size   tier2       irredundant
c           level      restarts        redundant      glue    trail         variables
c
c - 398.08 48 18 62 347 106968 2 4300830 114484 1.7 17 10 7 12 46% 36805 11729 2653 125%
c - 399.71 48 18 62 348 107510 2 4319457 115993 1.7 17 10 7 12 46% 36805 11729 2653 125%
c - 401.60 48 18 62 349 108866 2 4338112 116568 1.7 17 10 7 12 46% 36805 11729 2653 125%
c u 403.57 48 18 62 349 109375 2 4352395 128564 1.7 17 10 7 12 47% 36805 11729 2653 125%
c v 404.29 48 18 62 349 109375 2 4352395 126861 1.7 17 10 7 12 47% 36805 11729 2653 125%
c w 404.54 48 18 62 349 109375 2 4352395 126731 1.7 17 10 7 12 47% 36805 11729 2653 125%
c - 404.91 48 18 62 350 109419 2 4356794 115558 1.6 17 10 7 12 46% 36805 11729 2653 125%
c - 406.53 48 18 62 351 110002 2 4375502 117303 1.7 17 10 7 12 46% 36805 11729 2653 125%
c - 408.24 48 18 62 352 110896 2 4394236 118983 1.7 17 10 7 12 46% 36805 11729 2653 125%
c - 409.90 48 18 62 353 111719 2 4412997 120875 1.7 17 10 7 12 47% 36805 11729 2653 125%
c - 411.48 48 18 62 354 112188 2 4431787 121951 1.7 17 10 7 12 46% 36805 11729 2653 125%
c - 413.14 48 18 62 355 112868 2 4450601 122445 1.7 17 10 7 12 46% 36805 11729 2653 125%
c - 414.72 48 18 62 356 113364 2 4469442 123993 1.7 17 10 7 12 46% 36805 11729 2653 125%
c - 416.40 48 18 62 357 114105 2 4488309 125335 1.7 17 10 7 12 46% 36805 11729 2653 125%
c } 417.40 48 18 63 357 114609 2 4499713 135499 1.7 17 10 7 12 47% 36805 11729 2653 125%
c [ 417.40 48 21 63 357 114609 1 4499713 135499 1.9 26 13 7 15 50% 36805 11729 2653 125%
c I 417.40 48 21 63 357 114609 1 4499713 135499 1.9 26 13 7 15 50% 36805 11729 2653 125%
c - 418.04 48 22 63 358 114614 1 4507203 122524 1.9 26 14 7 15 49% 36805 11729 2653 125%
c - 419.72 48 23 63 359 114623 1 4526125 117160 1.8 27 14 7 15 49% 36805 11729 2653 125%
c - 421.39 48 24 63 360 114631 1 4545073 115183 1.9 27 14 7 15 49% 36805 11729 2653 125%
c
c  seconds    switched       rate            size/glue  tier1     binary         remaining
c          MB   reductions      conflicts          size   tier2       irredundant
c           level      restarts        redundant      glue    trail         variables
c
c u 423.53 48 24 63 360 114638 1 4561439 129863 1.9 27 14 7 15 48% 36805 11729 2653 125%
c v 424.24 48 24 63 360 114638 1 4561439 129666 1.9 27 14 7 15 48% 36805 11729 2653 125%
c w 424.50 48 24 63 360 114638 1 4561439 125918 1.9 27 14 7 15 48% 36805 11729 2653 125%
c - 427.35 48 24 63 361 114638 1 4564048 112976 1.9 27 14 7 15 48% 36805 11729 2653 125%
c - 429.04 48 25 63 362 114641 1 4583048 110703 1.8 27 15 7 15 48% 36805 11729 2653 125%
c - 430.90 48 25 63 363 114652 1 4602076 106579 1.8 28 15 7 15 48% 36805 11729 2653 125%
c - 432.74 48 25 63 364 114660 1 4621128 104945 1.8 28 15 7 15 48% 36805 11729 2653 125%
c - 434.61 48 25 63 365 114669 1 4640208 104801 1.8 28 16 7 15 48% 36805 11729 2653 125%
c - 436.45 48 25 63 366 114670 1 4659313 103445 1.8 28 16 7 15 48% 36805 11729 2653 125%
c - 438.32 48 24 63 367 114671 1 4678444 102482 1.8 28 16 7 15 48% 36805 11729 2653 125%
c B 438.95 48 25 63 367 114671 1 4685049 108839 1.8 28 16 7 15 48% 36805 11729 2653 125%
c o 438.95 48 25 63 367 114671 1 4685049 108839 1.8 28 16 7 15 48% 36805 11729 2653 125%
c ] 439.68 48 38 64 367 114671 1 4694579 118099 1.6 30 18 7 15 47% 36805 11729 2653 125%
c { 439.68 48 18 64 367 114671 2 4694579 118099 1.7 17 10 7 12 47% 36805 11729 2653 125%
c - 439.99 48 18 64 368 114849 2 4697602 99199 1.6 17 10 7 12 47% 36805 11729 2653 125%
c - 441.70 48 18 64 369 115672 2 4716785 102476 1.7 17 10 7 12 46% 36805 11729 2653 125%
c - 443.36 48 18 64 370 116313 2 4735994 110271 1.6 17 10 7 12 46% 36805 11729 2653 125%
c - 445.01 48 18 64 371 116757 2 4755230 113940 1.7 17 10 7 12 46% 36805 11729 2653 125%
c - 446.70 48 18 64 372 117491 2 4774493 116720 1.6 17 10 7 12 46% 36805 11729 2653 125%
c u 447.35 48 18 64 372 117532 2 4775876 116703 1.7 17 10 7 12 46% 36805 11729 2653 125%
c
c  seconds    switched       rate            size/glue  tier1     binary         remaining
c          MB   reductions      conflicts          size   tier2       irredundant
c           level      restarts        redundant      glue    trail         variables
c
c v 447.87 48 18 64 372 117532 2 4775876 114224 1.7 17 10 7 12 46% 36805 11729 2653 125%
c w 448.04 48 18 64 372 117532 2 4775876 113992 1.7 17 10 7 12 46% 36805 11729 2653 125%
c - 449.80 48 18 64 373 118237 2 4793780 117628 1.7 17 10 7 12 47% 36805 11729 2653 125%
c - 451.43 48 18 64 374 118895 2 4813095 120050 1.7 17 10 7 12 47% 36805 11729 2653 125%
c - 453.14 48 18 64 375 119568 2 4832434 122061 1.7 17 10 7 12 46% 36805 11729 2653 125%
c - 454.95 48 18 64 376 120654 2 4851799 124736 1.7 17 10 7 12 46% 36805 11729 2653 125%
c - 456.61 48 18 64 377 121351 2 4871192 126941 1.6 17 10 7 12 46% 36805 11729 2653 125%
c - 458.34 48 18 64 378 122060 2 4890608 128015 1.6 17 10 7 12 46% 36805 11729 2653 125%
c - 460.14 48 18 64 379 122965 2 4910051 128426 1.7 17 10 7 12 46% 36805 11729 2653 125%
c } 460.22 48 18 65 379 122965 2 4911077 129352 1.7 17 10 7 12 46% 36805 11729 2653 125%
c [ 460.22 48 38 65 379 122965 1 4911077 129352 1.6 30 18 7 15 47% 36805 11729 2653 125%
c W 462.35 48 38 65 379 122965 1 4911077 129352 1.6 30 18 7 15 47% 36805 11729 2653 125%
c - 463.88 48 35 65 380 122976 1 4929520 127688 1.7 29 17 7 15 48% 36805 11729 2653 125%
c - 465.61 48 32 65 381 122984 1 4949015 126616 1.7 28 16 7 15 48% 36805 11729 2653 125%
c - 467.49 48 29 65 382 122994 1 4968534 127271 1.7 27 15 7 15 48% 36805 11729 2653 125%
c - 469.37 48 28 65 383 122995 1 4988078 126455 1.8 26 15 7 15 49% 36805 11729 2653 125%
c u 470.87 48 28 65 383 122998 1 4995710 131409 1.8 26 15 7 15 49% 36805 11729 2653 125%
c v 471.66 48 28 65 383 122998 1 4995710 122175 1.8 26 15 7 15 49% 36805 11729 2653 125%
c w 471.93 48 28 65 383 122998 1 4995710 121162 1.8 26 15 7 15 49% 36805 11729 2653 125%
c o 471.96 48 28 65 383 122998 1 4995710 121162 1.8 26 15 7 15 49% 36805 11729 2653 125%
c
c  seconds    switched       rate            size/glue  tier1     binary         remaining
c          MB   reductions      conflicts          size   tier2       irredundant
c           level      restarts        redundant      glue    trail         variables
c
c - 473.01 48 29 65 384 123005 1 5007651 116441 1.7 26 15 7 15 48% 36805 11729 2653 125%
c - 474.82 48 28 65 385 123012 1 5027246 116743 1.7 26 15 7 15 48% 36805 11729 2653 125%
c - 476.68 48 26 65 386 123024 1 5046869 119354 1.8 25 14 7 15 48% 36805 11729 2653 125%
c - 478.64 48 25 65 387 123026 1 5066515 119949 1.8 25 14 7 15 49% 36805 11729 2653 125%
c - 480.83 48 24 65 388 123027 1 5086187 120022 1.9 25 14 7 15 48% 36805 11729 2653 125%
c - 483.01 48 24 65 389 123027 1 5105886 119185 1.9 25 14 7 15 48% 36805 11729 2653 125%
c ] 483.20 48 24 66 389 123027 1 5107657 120881 1.9 25 14 7 15 48% 36805 11729 2653 125%
c { 483.20 48 18 66 389 123027 2 5107657 120881 1.7 17 10 7 12 46% 36805 11729 2653 125%
c - 484.80 48 17 66 390 123042 2 5125609 119344 1.6 17 10 7 12 47% 36805 11729 2653 125%
c - 486.51 48 16 66 391 123055 2 5145358 120691 1.7 16 10 7 12 46% 36805 11729 2653 125%
c - 488.17 48 15 66 392 123108 2 5165131 122407 1.7 16 10 7 12 47% 36805 11729 2653 125%
c - 489.82 48 14 66 393 123138 2 5184930 126107 1.7 16 9 7 12 47% 36805 11729 2653 125%
c - 491.45 48 14 66 394 123200 2 5204754 130211 1.7 16 9 7 12 47% 36805 11729 2653 125%
c u 493.68 48 13 66 394 123270 2 5220985 141924 1.7 16 9 7 12 47% 36805 11729 2653 125%
c v 494.47 48 13 66 394 123270 2 5220985 137632 1.7 16 9 7 12 47% 36805 11729 2653 125%
c w 494.63 48 13 66 394 123270 2 5220985 137470 1.7 16 9 7 12 47% 36805 11729 2653 125%
c - 495.00 48 13 66 395 123310 2 5224603 131019 1.7 16 9 7 12 47% 36805 11729 2653 125%
c - 496.65 48 13 66 396 123426 1 5244477 135891 1.7 16 9 7 12 47% 36805 11729 2653 125%
c - 498.37 48 12 66 397 123603 1 5264377 138979 1.7 15 9 7 12 47% 36805 11729 2653 125%
c - 500.12 48 12 66 398 123857 1 5284301 141939 1.7 15 9 7 12 47% 36805 11729 2653 125%
c
c  seconds    switched       rate            size/glue tier1     binary         remaining
c          MB   reductions      conflicts          size  tier2       irredundant
c           level      restarts        redundant     glue    trail         variables
c
c o 501.37 48 12 66 398 123964 1 5299256 153443 1.6 15 9 7 12 46% 36805 11729 2653 125%
c - 501.84 48 12 66 399 124060 1 5304250 144512 1.6 15 9 7 12 46% 36805 11729 2653 125%
c - 503.67 48 12 66 400 124504 1 5324224 146842 1.6 14 9 7 12 46% 36805 11729 2653 125%
c } 504.79 48 11 67 400 124781 1 5336772 156803 1.6 14 9 7 12 46% 36805 11729 2653 125%
c [ 504.79 48 24 67 400 124781 1 5336772 156803 1.9 25 14 7 15 48% 36805 11729 2653 125%
c O 504.79 48 24 67 400 124781 1 5336772 156803 1.9 25 14 7 15 48% 36805 11729 2653 125%
c - 505.49 48 23 67 401 124786 1 5344224 149755 1.8 25 13 7 15 48% 36805 11729 2653 125%
c - 507.42 48 22 67 402 124795 1 5364248 152900 1.8 24 13 7 15 48% 36805 11729 2653 125%
c - 509.43 48 22 67 403 124805 1 5384297 153105 1.8 24 13 7 15 48% 36805 11729 2653 125%
c - 511.40 48 21 67 404 124811 1 5404371 152073 1.8 23 13 7 15 48% 36805 11729 2653 125%
c - 513.44 48 20 67 405 124816 1 5424472 153554 1.8 23 13 7 15 48% 36805 11729 2653 125%
c - 515.59 48 20 67 406 124826 1 5444598 152126 1.8 22 12 7 15 48% 36805 11729 2653 125%
c u 517.23 48 20 67 406 124827 1 5451705 155206 1.8 22 12 7 15 48% 36805 11729 2653 125%
c v 518.10 65 20 67 406 124827 1 5451705 140863 1.8 22 12 7 15 48% 36805 11729 2653 125%
c w 518.39 65 20 67 406 124827 1 5451705 132230 1.8 22 12 7 15 48% 36805 11729 2653 125%
c - 519.80 57 20 67 407 124834 1 5464748 132909 1.8 23 12 7 15 48% 36805 11729 2653 125%
c - 521.97 59 20 67 408 124842 1 5484922 140889 1.8 23 12 7 15 48% 36805 11729 2653 125%
c - 524.22 59 20 67 409 124843 1 5505122 144243 1.9 23 12 7 15 48% 36805 11729 2653 125%
c - 526.49 61 20 67 410 124843 1 5525345 143594 1.9 24 13 6 15 48% 36805 11729 2653 125%
c ] 526.89 56 20 68 410 124843 1 5528950 147105 1.9 24 13 6 15 48% 36805 11729 2653 125%
c
c  seconds    switched       rate            size/glue tier1     binary         remaining
c          MB   reductions      conflicts          size  tier2       irredundant
c           level      restarts        redundant     glue    trail         variables
c
c { 526.89 56 11 68 410 124843 1 5528950 147105 1.6 14 9 7 12 46% 36805 11729 2653 125%
c - 529.08 59 13 68 411 127388 2 5545595 144068 1.6 15 9 7 12 47% 36805 11729 2653 125%
c - 531.42 61 15 68 412 129855 2 5565868 146009 1.6 15 10 7 12 47% 36805 11729 2653 125%
c - 533.60 61 16 68 413 131637 2 5586166 147067 1.6 16 10 7 12 47% 36805 11729 2653 125%
c - 535.62 61 16 68 414 132746 2 5606490 147454 1.6 16 10 7 12 47% 36805 11729 2653 125%
c o 535.93 59 17 68 414 132993 2 5609362 150128 1.6 16 10 7 12 47% 36805 11729 2653 125%
c - 537.64 61 17 68 415 133852 3 5626837 148261 1.6 16 10 7 12 47% 36805 11729 2653 125%
c - 539.56 61 17 68 416 134781 3 5647208 150184 1.6 16 10 7 12 47% 36805 11729 2653 125%
c - 541.39 61 17 68 417 135420 2 5667604 151927 1.6 16 10 7 12 47% 36805 11729 2653 125%
c u 544.25 63 17 68 417 136420 2 5687898 167787 1.6 16 10 7 12 47% 36805 11729 2653 125%
c v 545.19 64 17 68 417 136420 2 5687898 162983 1.6 16 10 7 12 47% 36805 11729 2653 125%
c w 545.51 64 17 68 417 136420 2 5687898 162737 1.6 16 10 7 12 47% 36805 11729 2653 125%
c - 545.59 56 17 68 418 136442 2 5688024 147311 1.6 16 10 7 12 47% 36805 11729 2653 125%
c - 547.58 61 17 68 419 137386 2 5708471 151659 1.6 16 10 7 12 47% 36805 11729 2653 125%
c - 549.51 61 17 68 420 138001 2 5728940 154187 1.6 16 10 7 12 47% 36805 11729 2653 125%
c - 551.39 61 17 68 421 138497 2 5749437 155708 1.6 17 10 7 12 47% 36805 11729 2653 125%
c - 553.39 61 18 68 422 139399 2 5769957 154971 1.6 17 10 7 12 47% 36805 11729 2653 125%
c } 553.49 57 18 69 422 139448 2 5771009 155935 1.6 17 10 7 12 47% 36805 11729 2653 125%
c [ 553.49 57 20 69 422 139448 1 5771009 155935 1.9 24 13 6 15 48% 36805 11729 2653 125%
c B 553.49 57 20 69 422 139448 1 5771009 155935 1.9 24 13 6 15 48% 36805 11729 2653 125%
c
c  seconds    switched       rate            size/glue  tier1     binary         remaining
c          MB   reductions      conflicts          size   tier2       irredundant
c           level      restarts        redundant      glue    trail         variables
c
c - 555.44 61 19 69 423 139460 1 5790499 153335 1.9 24 12 6 15 48% 36805 11729 2653 125%
c - 557.78 61 19 69 424 139468 1 5811065 152193 1.9 24 12 6 15 48% 36805 11729 2653 125%
c - 560.12 61 19 69 425 139477 1 5831657 150538 1.9 23 12 6 15 48% 36805 11729 2653 125%
c - 562.44 59 19 69 426 139478 1 5852272 149257 1.9 23 12 6 15 48% 36805 11729 2653 125%
c - 564.63 59 18 69 427 139491 1 5872911 147299 1.9 23 12 6 15 48% 36805 11729 2653 125%
c - 566.77 61 19 69 428 139499 1 5893574 144755 1.9 23 12 6 15 48% 36805 11729 2653 125%
c - 568.98 59 19 69 429 139508 1 5914263 142702 1.9 23 12 6 15 48% 36805 11729 2653 125%
c u 571.62 64 19 69 429 139509 1 5929584 148274 1.9 23 12 6 15 48% 36805 11729 2653 125%
c v 572.61 64 19 69 429 139509 1 5929584 139192 1.9 23 12 6 15 48% 36805 11729 2653 125%
c w 572.97 64 19 69 429 139509 1 5929584 131173 1.9 23 12 6 15 48% 36805 11729 2653 125%
c o 573.01 64 19 69 429 139509 1 5929584 131173 1.9 23 12 6 15 48% 36805 11729 2653 125%
c - 573.47 55 25 69 430 139509 1 5934975 117483 1.8 24 14 6 15 48% 36805 11729 2653 125%
c - 575.56 59 24 69 431 139510 1 5955712 120749 1.8 24 13 6 15 48% 36805 11729 2653 125%
c - 577.76 59 23 69 432 139517 1 5976472 124607 1.8 23 13 6 15 47% 36805 11729 2653 125%
c W 581.38 48 23 69 432 139523 1 5988292 135776 1.8 24 13 6 15 47% 36805 11729 2653 125%
c ] 582.15 48 24 70 432 139525 1 5995906 143211 1.8 24 13 6 15 47% 36805 11729 2653 125%
c { 582.15 48 18 70 432 139525 2 5995906 143211 1.6 17 10 7 12 47% 36805 11729 2653 125%
c - 582.43 48 18 70 433 139759 3 5997256 124825 1.6 17 10 7 12 47% 36805 11729 2653 125%
c - 586.46 48 24 70 434 143392 4 6018065 119622 1.7 20 12 7 12 46% 36805 11729 2653 125%
c - 590.69 48 30 70 435 147024 5 6038897 115939 1.7 22 13 7 12 46% 36805 11729 2653 125%
c
c  seconds    switched       rate           size/glue  tier1     binary         remaining
c          MB   reductions      conflicts         size   tier2       irredundant
c           level      restarts        redundant     glue    trail         variables
c
c - 595.07 48 34 70 436 150591 6 6059753 94013 1.7 24 14 6 12 46% 36805 11729 2653 125%
c - 599.25 48 37 70 437 153825 6 6080633 88986 1.7 26 15 6 12 46% 36805 11729 2653 125%
c - 602.83 48 39 70 438 156456 6 6101539 88517 1.8 28 16 6 12 46% 36805 11729 2653 125%
c - 606.12 48 41 70 439 158521 6 6122467 89690 1.8 29 16 6 12 46% 36805 11729 2653 125%
c - 609.20 48 42 70 440 160104 6 6143422 91139 1.8 30 16 6 12 46% 36805 11729 2653 125%
c - 612.27 48 43 70 441 161708 6 6164398 92227 1.9 31 16 6 12 46% 36805 11729 2653 125%
c u 615.33 48 43 70 441 162640 6 6176792 100858 1.9 31 16 6 12 46% 36805 11729 2653 125%
c v 616.60 48 43 70 441 162640 6 6176792 99990 1.9 31 16 6 12 46% 36805 11729 2653 125%
c w 617.08 48 43 70 441 162640 6 6176792 99867 1.9 31 16 6 12 46% 36805 11729 2653 125%
c - 618.23 48 43 70 442 163008 6 6185399 88953 1.9 31 16 6 12 46% 36805 11729 2653 125%
c - 621.28 48 43 70 443 164529 6 6206422 89539 1.9 32 17 6 12 46% 36805 11729 2653 125%
c - 624.09 48 43 70 444 165645 5 6227469 89617 1.9 32 17 6 12 46% 36805 11729 2653 125%
c - 626.91 48 44 70 445 166732 5 6248540 90093 1.9 32 17 6 12 46% 36805 11729 2653 125%
c } 627.27 48 44 71 445 166907 5 6251233 92737 1.9 33 17 6 12 46% 36805 11729 2653 125%
c [ 627.27 48 24 71 445 166907 1 6251233 92737 1.8 24 13 6 15 47% 36805 11729 2653 125%
c I 627.27 48 24 71 445 166907 1 6251233 92737 1.8 24 13 6 15 47% 36805 11729 2653 125%
c - 629.00 48 24 71 446 166918 1 6269636 92933 1.8 24 13 6 15 47% 36805 11729 2653 125%
c - 631.09 48 23 71 447 166927 1 6290754 96974 1.8 24 13 6 15 47% 36805 11729 2653 125%
c o 632.09 48 23 71 447 166933 1 6301450 107079 1.8 24 13 6 15 47% 36805 11729 2653 125%
c - 633.13 48 25 71 448 166936 1 6311896 96617 1.8 24 14 6 15 47% 36805 11729 2653 125%
c
c  seconds    switched       rate           size/glue  tier1     binary         remaining
c          MB   reductions      conflicts         size   tier2       irredundant
c           level      restarts        redundant     glue    trail         variables
c
c - 635.15 48 25 71 449 166937 1 6333062 94724 1.8 25 14 6 15 47% 36805 11729 2653 125%
c - 637.36 48 24 71 450 166951 1 6354251 96730 1.8 24 14 6 15 47% 36805 11729 2653 125%
c - 639.64 48 23 71 451 166959 1 6375465 100836 1.8 24 13 6 15 47% 36805 11729 2653 125%
c - 641.99 48 22 71 452 166967 1 6396701 103194 1.8 24 13 6 15 47% 36805 11729 2653 125%
c - 644.17 48 21 71 453 166969 1 6417963 104740 1.8 23 13 6 15 48% 36805 11729 2653 125%
c u 646.30 48 21 71 453 166969 1 6429522 113115 1.9 23 13 6 15 48% 36805 11729 2653 125%
c v 647.41 48 21 71 453 166969 1 6429522 97533 1.9 23 13 6 15 48% 36805 11729 2653 125%
c w 647.79 48 21 71 453 166969 1 6429522 96066 1.9 23 13 6 15 48% 36805 11729 2653 125%
c - 648.83 48 20 71 454 166969 1 6439247 92014 1.8 23 13 6 15 48% 36805 11729 2653 125%
c - 650.99 48 20 71 455 166977 1 6460554 99223 1.8 23 12 6 15 47% 36805 11729 2653 125%
c - 653.11 48 20 71 456 166986 1 6481884 101060 1.9 22 12 6 15 47% 36805 11729 2653 125%
c B 653.44 48 20 71 456 166988 1 6485199 104203 1.9 23 12 6 15 47% 36805 11729 2653 125%
c - 655.07 48 20 71 457 166998 1 6503238 99615 1.9 24 12 6 15 48% 36805 11729 2653 125%
c - 657.06 48 21 71 458 167000 1 6524615 98427 2.0 24 12 6 15 48% 36805 11729 2653 125%
c - 659.17 48 21 71 459 167010 1 6546015 98288 2.0 25 13 6 15 48% 36805 11729 2653 125%
c - 661.27 48 21 71 460 167019 1 6567439 99598 1.9 24 13 6 15 48% 36805 11729 2653 125%
c - 663.37 48 21 71 461 167030 1 6588886 99485 1.9 25 13 6 15 48% 36805 11729 2653 125%
c - 665.40 48 21 71 462 167031 1 6610356 99099 1.9 25 13 6 15 49% 36805 11729 2653 125%
c - 667.54 48 21 71 463 167032 1 6631850 98852 1.9 25 13 6 15 49% 36805 11729 2653 125%
c ] 669.59 48 21 72 463 167033 1 6651556 117465 1.9 25 13 6 15 49% 36805 11729 2653 125%
c
c  seconds    switched       rate            size/glue  tier1     binary         remaining
c          MB   reductions      conflicts          size   tier2       irredundant
c           level      restarts        redundant      glue    trail         variables
c
c { 669.59 48 44 72 463 167033 5 6651556 117465 1.9 33 17 6 12 46% 36805 11729 2653 125%
c o 669.60 48 44 72 463 167036 5 6651619 117527 1.9 33 17 6 12 46% 36805 11729 2653 125%
c - 669.78 48 43 72 464 167037 5 6653368 97871 1.9 32 17 6 12 46% 36805 11729 2653 125%
c - 671.68 48 38 72 465 167038 4 6674908 100906 1.9 30 15 6 12 46% 36805 11729 2653 125%
c u 673.64 48 36 72 465 167056 4 6687823 110534 1.9 29 15 6 12 46% 36805 11729 2653 125%
c v 674.58 48 36 72 465 167056 4 6687823 105788 1.9 29 15 6 12 46% 36805 11729 2653 125%
c w 674.91 48 36 72 465 167056 4 6687823 103469 1.9 29 15 6 12 46% 36805 11729 2653 125%
c - 675.68 48 34 72 466 167065 4 6696472 94309 1.9 28 15 6 12 46% 36805 11729 2653 125%
c - 677.44 48 31 72 467 167098 3 6718060 100769 1.9 26 14 6 12 47% 36805 11729 2653 125%
c - 679.30 48 28 72 468 167113 3 6739670 103204 1.9 25 14 6 12 46% 36805 11729 2653 125%
c - 681.10 48 26 72 469 167118 3 6761303 104394 1.9 24 13 6 12 46% 36805 11729 2653 125%
c - 682.98 48 24 72 470 167187 2 6782959 104820 1.9 23 13 6 12 47% 36805 11729 2653 125%
c - 684.85 48 23 72 471 167292 2 6804639 104637 1.8 22 12 6 12 47% 36805 11729 2653 125%
c - 686.75 48 22 72 472 167431 2 6826341 105683 1.8 22 12 6 12 47% 36805 11729 2653 125%
c - 688.62 48 21 72 473 167601 2 6848068 106040 1.8 21 12 6 12 47% 36805 11729 2653 125%
c - 690.50 48 20 72 474 167683 2 6869816 106365 1.8 20 11 6 12 47% 36805 11729 2653 125%
c - 692.42 48 19 72 475 167948 2 6891587 106858 1.8 20 11 6 12 47% 36805 11729 2653 125%
c - 694.33 48 18 72 476 168172 2 6913381 106658 1.8 19 11 6 12 47% 36805 11729 2653 125%
c } 694.97 48 18 73 476 168295 2 6920473 112942 1.7 19 11 6 12 47% 36805 11729 2653 125%
c [ 694.97 48 21 73 476 168295 1 6920473 112942 1.9 25 13 6 15 49% 36805 11729 2653 125%
c
c  seconds    switched       rate            size/glue  tier1     binary         remaining
c          MB   reductions      conflicts          size   tier2       irredundant
c           level      restarts        redundant      glue    trail         variables
c
c W 698.23 48 21 73 476 168295 1 6920473 112942 1.9 25 13 6 15 49% 36805 11729 2653 125%
c - 699.51 48 21 73 477 168304 1 6935199 106220 1.9 24 13 6 15 49% 36805 11729 2653 125%
c u 701.83 48 21 73 477 168309 1 6951699 118735 1.9 24 13 6 15 49% 36805 11729 2653 125%
c v 702.72 48 21 73 477 168309 1 6951699 112133 1.9 24 13 6 15 49% 36805 11729 2653 125%
c w 703.03 48 21 73 477 168309 1 6951699 108472 1.9 24 13 6 15 49% 36805 11729 2653 125%
c - 703.57 48 21 73 478 168312 1 6957040 92974 1.9 24 13 6 15 49% 36805 11729 2653 125%
c - 705.71 48 21 73 479 168324 1 6978905 97199 1.9 24 13 6 15 49% 36805 11729 2653 125%
c - 707.90 48 20 73 480 168325 1 7000792 101293 1.8 24 13 6 15 48% 36805 11729 2653 125%
c - 710.15 48 20 73 481 168338 1 7022700 102856 1.8 23 13 6 15 48% 36805 11729 2653 125%
c - 712.32 48 20 73 482 168347 1 7044631 103690 1.8 23 13 6 15 48% 36805 11729 2653 125%
c - 714.48 48 20 73 483 168355 1 7066585 104132 1.9 23 13 6 15 48% 36805 11729 2653 125%
c - 716.76 48 20 73 484 168357 1 7088562 106155 1.9 23 12 6 15 47% 36805 11729 2653 125%
c - 719.01 48 20 73 485 168357 1 7110562 105374 1.9 24 13 6 15 47% 36805 11729 2653 125%
c - 721.43 48 20 73 486 168367 1 7132584 104720 1.9 23 12 6 15 47% 36805 11729 2653 125%
c ] 723.60 48 20 74 486 168375 1 7154013 124867 1.9 23 13 6 15 47% 36805 11729 2653 125%
c { 723.60 48 18 74 486 168375 2 7154013 124867 1.7 19 11 6 12 47% 36805 11729 2653 125%
c o 723.61 48 18 74 486 168385 2 7154087 124939 1.7 19 11 6 12 47% 36805 11729 2653 125%
c - 723.69 48 18 74 487 168391 2 7154629 105356 1.7 19 11 6 12 47% 36805 11729 2653 125%
c - 725.70 48 18 74 488 168708 2 7176697 106288 1.7 18 11 6 12 47% 36805 11729 2653 125%
c - 727.72 48 18 74 489 169369 2 7198789 108107 1.7 18 11 6 12 47% 36805 11729 2653 125%
c
c  seconds    switched       rate            size/glue  tier1     binary         remaining
c          MB   reductions      conflicts          size   tier2       irredundant
c           level      restarts        redundant      glue    trail         variables
c
c - 729.73 48 18 74 490 169954 2 7220904 109203 1.7 18 11 6 12 47% 36805 11729 2653 125%
c u 730.68 48 18 74 490 169954 2 7221169 105183 1.7 18 11 6 12 47% 36805 11729 2653 125%
c v 731.67 48 18 74 490 169954 2 7221169 100444 1.7 18 11 6 12 47% 36805 11729 2653 125%
c w 732.01 48 18 74 490 169954 2 7221169 99849 1.7 18 11 6 12 47% 36805 11729 2653 125%
c - 737.87 48 18 74 491 170540 2 7243039 101953 1.7 18 11 6 12 47% 36805 11729 2653 125%
c - 739.88 48 18 74 492 171249 2 7265197 107179 1.7 18 10 6 12 47% 36805 11729 2653 125%
c - 741.93 48 18 74 493 171999 2 7287378 109086 1.7 18 10 6 12 46% 36805 11729 2653 125%
c - 743.96 48 18 74 494 172612 2 7309582 110172 1.7 18 10 6 12 46% 36805 11729 2653 125%
c - 745.95 48 18 74 495 173117 2 7331808 111144 1.7 18 10 6 12 46% 36805 11729 2653 125%
c - 748.02 48 18 74 496 173883 2 7354057 111792 1.7 18 10 6 12 46% 36805 11729 2653 125%
c - 750.09 48 18 74 497 174612 2 7376332 112191 1.7 18 10 6 12 47% 36805 11729 2653 125%
c - 752.12 48 18 74 498 175296 2 7398625 112354 1.7 18 10 6 12 47% 36805 11729 2653 125%
c - 754.21 48 18 74 499 176066 2 7420941 112572 1.7 17 10 6 12 47% 36805 11729 2653 125%
c } 755.62 48 17 75 499 176506 2 7436837 126565 1.7 17 10 6 12 46% 36805 11729 2653 125%
c [ 755.62 48 20 75 499 176506 1 7436837 126565 1.9 23 13 6 15 47% 36805 11729 2653 125%
c O 755.63 48 20 75 499 176506 1 7436837 126565 1.9 23 13 6 15 47% 36805 11729 2653 125%
c - 756.20 48 20 75 500 176511 1 7443279 112447 1.9 23 12 6 15 47% 36805 11729 2653 125%
c - 758.30 48 19 75 501 176520 1 7465641 111865 1.8 23 12 6 15 47% 36805 11729 2653 125%
c - 760.51 48 21 75 502 176532 1 7488024 107657 1.8 24 13 6 15 47% 36805 11729 2653 125%
c u 761.95 48 21 75 502 176535 1 7496238 112628 1.8 24 13 6 15 47% 36805 11729 2653 125%
c
c  seconds    switched       rate            size/glue  tier1     binary         remaining
c          MB   reductions      conflicts          size   tier2       irredundant
c           level      restarts        redundant      glue    trail         variables
c
c v 762.67 48 21 75 502 176535 1 7496238 101696 1.8 24 13 6 15 47% 36805 11729 2653 125%
c w 762.92 48 21 75 502 176535 1 7496238 100082 1.8 24 13 6 15 47% 36805 11729 2653 125%
c - 764.59 48 21 75 503 176536 1 7510430 99157 1.9 24 13 6 15 47% 36805 11729 2653 125%
c o 766.20 48 21 75 503 176542 1 7524993 112948 1.9 24 13 6 15 47% 36805 11729 2653 125%
c - 766.98 48 26 75 504 176545 1 7532859 102658 1.8 25 14 6 15 47% 36805 11729 2653 125%
c - 769.46 48 25 75 505 176554 1 7555310 105887 1.8 25 13 6 15 47% 36805 11729 2653 125%
c - 772.04 48 23 75 506 176566 1 7577782 110168 1.9 25 13 6 15 47% 36805 11729 2653 125%
c - 774.52 48 23 75 507 176567 1 7600277 109723 2.0 26 13 6 15 48% 36805 11729 2653 125%
c - 777.18 48 22 75 508 176568 1 7622796 109450 2.0 26 13 6 15 48% 36805 11729 2653 125%
c - 779.88 48 21 75 509 176575 1 7645334 113267 2.0 25 12 6 15 48% 36805 11729 2653 125%
c - 782.65 48 20 75 510 176585 1 7667896 115536 2.0 24 12 6 15 48% 36805 11729 2653 125%
c ] 783.42 48 20 76 510 176589 1 7674417 121407 2.0 24 12 6 15 48% 36805 11729 2653 125%
c { 783.42 48 17 76 510 176589 2 7674417 121407 1.7 17 10 6 12 46% 36805 11729 2653 125%
c - 784.96 48 17 76 511 176884 2 7690481 116706 1.7 17 10 6 12 46% 36805 11729 2653 125%
c - 787.06 48 17 76 512 177604 2 7713088 117479 1.7 17 10 6 12 46% 36805 11729 2653 125%
c - 789.29 48 18 76 513 178744 2 7735716 118635 1.7 17 10 6 12 46% 36805 11729 2653 125%
c - 791.50 48 18 76 514 179635 2 7758366 119464 1.7 17 10 6 12 47% 36805 11729 2653 125%
c u 794.24 48 17 76 514 180007 2 7776955 129850 1.7 17 10 6 12 46% 36805 11729 2653 125%
c v 795.38 48 17 76 514 180007 2 7776955 126207 1.7 17 10 6 12 46% 36805 11729 2653 125%
c w 795.78 48 17 76 514 180007 2 7776955 125759 1.7 17 10 6 12 46% 36805 11729 2653 125%
c
c  seconds    switched       rate            size/glue  tier1     binary         remaining
c          MB   reductions      conflicts          size   tier2       irredundant
c           level      restarts        redundant      glue    trail         variables
c
c - 796.19 48 17 76 515 180053 2 7781038 111096 1.7 17 10 6 12 46% 36805 11729 2653 125%
c - 798.44 48 18 76 516 181196 2 7803734 113488 1.7 17 10 6 12 47% 36805 11729 2653 125%
c - 800.71 48 18 76 517 182272 2 7826449 116185 1.6 17 10 6 12 47% 36805 11729 2653 125%
c - 802.86 48 18 76 518 183005 2 7849186 117426 1.7 17 10 6 12 47% 36805 11729 2653 125%
c - 805.06 48 18 76 519 183749 2 7871949 118100 1.7 17 10 6 12 46% 36805 11729 2653 125%
c - 807.29 48 18 76 520 184503 2 7894733 118261 1.7 17 10 6 12 46% 36805 11729 2653 125%
c o 807.33 48 18 76 520 184544 2 7894998 118514 1.7 17 10 6 12 46% 36805 11729 2653 125%
c - 809.59 48 18 76 521 185543 2 7917536 119023 1.7 17 10 6 12 47% 36805 11729 2653 125%
c - 811.80 48 18 76 522 186369 2 7940366 119819 1.7 17 10 6 12 47% 36805 11729 2653 125%
c - 814.08 48 18 76 523 187415 2 7963214 120150 1.7 17 10 6 12 47% 36805 11729 2653 125%
c } 814.90 48 18 77 523 187792 2 7971468 127594 1.6 17 10 6 12 47% 36805 11729 2653 125%
c [ 814.90 48 20 77 523 187792 1 7971468 127594 2.0 24 12 6 15 48% 36805 11729 2653 125%
c B 814.90 48 20 77 523 187792 1 7971468 127594 2.0 24 12 6 15 48% 36805 11729 2653 125%
c - 816.14 48 19 77 524 187801 1 7986084 120311 2.0 23 12 6 15 48% 36805 11729 2653 125%
c - 818.44 48 19 77 525 187810 1 8008975 120878 2.0 23 12 6 15 48% 36805 11729 2653 125%
c - 820.78 48 19 77 526 187821 1 8031887 121061 1.9 22 12 6 15 48% 36805 11729 2653 125%
c - 823.37 48 18 77 527 187824 1 8054823 120580 1.9 22 12 6 15 48% 36805 11729 2653 125%
c u 825.29 48 18 77 527 187829 1 8063320 125327 1.9 22 12 6 15 48% 36805 11729 2653 125%
c v 826.39 48 18 77 527 187829 1 8063320 118250 1.9 22 12 6 15 48% 36805 11729 2653 125%
c w 826.78 48 18 77 527 187829 1 8063320 114870 1.9 22 12 6 15 48% 36805 11729 2653 125%
c
c  seconds    switched       rate            size/glue  tier1     binary         remaining
c          MB   reductions      conflicts          size   tier2       irredundant
c           level      restarts        redundant      glue    trail         variables
c
c - 828.36 48 18 77 528 187836 1 8077779 109611 1.9 22 12 6 14 48% 36805 11729 2653 125%
c - 830.70 48 18 77 529 187847 1 8100757 113075 1.9 22 12 6 14 48% 36805 11729 2653 125%
c - 833.13 48 19 77 530 187853 1 8123759 109357 1.9 23 12 6 14 48% 36805 11729 2653 125%
c - 835.62 48 19 77 531 187854 1 8146781 107697 1.9 23 12 6 14 47% 36805 11729 2653 125%
c - 838.06 48 20 77 532 187856 1 8169824 108916 1.9 23 13 6 14 47% 36805 11729 2653 125%
c - 840.57 48 21 77 533 187869 1 8192891 107962 1.8 24 13 6 14 47% 36805 11729 2653 125%
c - 843.23 48 20 77 534 187879 1 8215977 109409 1.8 23 13 6 14 47% 36805 11729 2653 125%
c - 845.71 48 20 77 535 187885 1 8239086 112115 1.8 23 13 6 14 47% 36805 11729 2653 125%
c W 849.66 48 20 77 535 187885 1 8240169 113128 1.8 24 13 6 14 47% 36805 11729 2653 125%
c ] 849.70 48 20 78 535 187885 1 8240632 113574 1.8 24 13 6 14 47% 36805 11729 2653 125%
c { 849.70 48 18 78 535 187885 2 8240632 113574 1.6 17 10 6 12 47% 36805 11729 2653 125%
c - 851.78 48 18 78 536 188600 2 8262217 114282 1.6 17 10 6 12 47% 36805 11729 2653 125%
c o 853.82 48 17 78 536 188923 2 8285174 134445 1.6 17 10 6 12 46% 36805 11729 2653 125%
c - 853.86 48 17 78 537 188956 2 8285369 116958 1.6 17 10 6 12 46% 36805 11729 2653 125%
c - 856.20 48 18 78 538 190167 2 8308542 118616 1.6 17 10 6 12 46% 36805 11729 2653 125%
c - 858.48 48 18 78 539 191092 2 8331737 119955 1.7 17 10 6 12 46% 36805 11729 2653 125%
c - 860.81 48 18 78 540 192105 2 8354956 120954 1.7 17 10 6 12 46% 36805 11729 2653 125%
c u 861.89 48 18 78 540 192113 2 8355333 116885 1.7 17 10 6 12 46% 36805 11729 2653 125%
c v 863.00 48 18 78 540 192113 2 8355333 113082 1.7 17 10 6 12 46% 36805 11729 2653 125%
c w 863.37 48 18 78 540 192113 2 8355333 112653 1.7 17 10 6 12 46% 36805 11729 2653 125%
c
c  seconds    switched       rate            size/glue  tier1     binary         remaining
c          MB   reductions      conflicts          size   tier2       irredundant
c           level      restarts        redundant      glue    trail         variables
c
c - 865.56 48 18 78 541 192902 2 8378193 114069 1.7 17 10 6 12 46% 36805 11729 2653 125%
c - 867.76 48 18 78 542 193731 2 8401454 116288 1.7 17 10 6 12 46% 36805 11729 2653 125%
c - 869.92 48 18 78 543 194431 2 8424734 117338 1.6 17 10 6 12 46% 36805 11729 2653 125%
c - 872.20 48 18 78 544 195453 2 8448039 117808 1.7 17 10 6 12 46% 36805 11729 2653 125%
c - 874.42 48 18 78 545 196294 2 8471364 117713 1.6 17 10 6 12 46% 36805 11729 2653 125%
c - 876.72 48 18 78 546 197213 2 8494710 118194 1.6 17 10 6 12 47% 36805 11729 2653 125%
c - 878.98 48 18 78 547 198175 2 8518076 118661 1.6 17 10 6 12 47% 36805 11729 2653 125%
c - 881.25 48 18 78 548 199098 2 8541464 118830 1.6 17 10 6 12 47% 36805 11729 2653 125%
c } 882.26 48 18 79 548 199461 2 8552223 128531 1.6 17 10 6 12 46% 36805 11729 2653 125%
c [ 882.26 48 20 79 548 199461 1 8552223 128531 1.8 24 13 6 14 47% 36805 11729 2653 125%
c I 882.26 48 20 79 548 199461 1 8552223 128531 1.8 24 13 6 14 47% 36805 11729 2653 125%
c - 883.41 48 21 79 549 199468 1 8564873 114981 1.8 24 13 6 14 47% 36805 11729 2653 125%
c - 885.65 48 22 79 550 199478 1 8588303 109212 1.9 25 14 6 15 47% 36805 11729 2653 125%
c - 888.09 48 21 79 551 199490 1 8611756 107864 1.9 25 13 6 14 47% 36805 11729 2653 125%
c - 890.48 48 23 79 552 199493 1 8635229 107422 1.9 27 14 6 15 47% 36805 11729 2653 125%
c u 893.43 48 24 79 552 199504 1 8653046 122110 1.9 27 14 6 15 47% 36805 11729 2653 125%
c v 894.56 48 24 79 552 199504 1 8653046 121828 1.9 27 14 6 15 47% 36805 11729 2653 125%
c w 894.99 48 24 79 552 199504 1 8653046 119797 1.9 27 14 6 15 47% 36805 11729 2653 125%
c - 895.60 48 23 79 553 199505 1 8658726 102842 1.9 27 14 6 15 47% 36805 11729 2653 125%
c - 897.95 48 23 79 554 199516 1 8682241 107621 1.9 27 14 6 15 48% 36805 11729 2653 125%
c
c  seconds    switched       rate            size/glue  tier1     binary         remaining
c          MB   reductions      conflicts          size   tier2       irredundant
c           level      restarts        redundant      glue    trail         variables
c
c - 900.40 48 23 79 555 199522 1 8705779 110914 1.9 26 14 6 15 48% 36805 11729 2653 125%
c - 903.04 48 23 79 556 199523 1 8729338 111284 1.9 26 14 6 15 48% 36805 11729 2653 125%
c - 905.56 48 25 79 557 199526 1 8752918 107446 1.9 27 14 6 15 48% 36805 11729 2653 125%
c - 908.27 48 24 79 558 199538 1 8776520 106173 1.9 27 14 6 15 48% 36805 11729 2653 125%
c - 910.76 48 24 79 559 199550 1 8800142 107786 1.9 28 14 6 15 48% 36805 11729 2653 125%
c - 913.40 48 24 79 560 199554 1 8823785 106555 1.9 28 15 6 15 48% 36805 11729 2653 125%
c ] 914.91 48 24 80 560 199560 1 8837107 119278 1.9 28 14 6 15 48% 36805 11729 2653 125%
c { 914.91 48 18 80 560 199560 2 8837107 119278 1.6 17 10 6 12 46% 36805 11729 2653 125%
c o 914.93 48 18 80 560 199563 2 8837229 119394 1.6 17 10 6 12 46% 36805 11729 2653 125%
c - 915.98 48 18 80 561 199942 2 8847449 109850 1.6 17 10 6 12 46% 36805 11729 2653 125%
c - 918.27 48 18 80 562 200701 2 8871135 115807 1.7 17 10 6 12 46% 36805 11729 2653 125%
c - 920.60 48 18 80 563 201665 2 8894841 118290 1.7 17 10 6 12 47% 36805 11729 2653 125%
c - 922.88 48 18 80 564 202431 2 8918570 119511 1.7 17 10 6 12 47% 36805 11729 2653 125%
c - 925.17 48 18 80 565 203285 2 8942318 120030 1.6 17 10 6 12 46% 36805 11729 2653 125%
c u 927.58 48 18 80 565 203710 2 8956460 129259 1.7 17 10 6 12 46% 36805 11729 2653 125%
c v 928.73 48 18 80 565 203710 2 8956460 124365 1.7 17 10 6 12 46% 36805 11729 2653 125%
c w 929.12 48 18 80 565 203710 2 8956460 123606 1.7 17 10 6 12 46% 36805 11729 2653 125%
c - 930.08 48 18 80 566 204013 2 8966089 112007 1.6 17 10 6 12 46% 36805 11729 2653 125%
c - 932.40 48 18 80 567 205035 2 8989881 114421 1.6 17 10 6 12 46% 36805 11729 2653 125%
c - 934.66 48 18 80 568 205768 2 9013694 117284 1.6 17 10 6 12 47% 36805 11729 2653 125%
c
c  seconds    switched       rate            size/glue  tier1     binary         remaining
c          MB   reductions      conflicts          size   tier2       irredundant
c           level      restarts        redundant      glue    trail         variables
c
c - 936.94 48 18 80 569 206745 2 9037526 103636 1.6 17 10 5 12 46% 36805 11729 2653 125%
c - 939.16 48 18 80 570 207527 2 9061380 100257 1.6 17 10 5 12 46% 36805 11729 2653 125%
c - 941.26 48 17 80 571 207952 2 9085254 99237 1.6 17 10 5 12 46% 36805 11729 2653 125%
c - 943.57 48 18 80 572 209207 2 9109150 99360 1.6 17 10 5 12 46% 36805 11729 2653 125%
c - 945.72 48 18 80 573 209760 2 9133067 99280 1.6 17 10 5 12 46% 36805 11729 2653 125%
c - 948.01 48 18 80 574 210781 2 9157007 99185 1.6 17 10 5 12 46% 36805 11729 2653 125%
c } 948.63 48 18 81 574 211002 2 9163550 105071 1.6 17 10 5 12 46% 36805 11729 2653 125%
c [ 948.63 48 24 81 574 211002 1 9163550 105071 1.9 28 14 6 15 48% 36805 11729 2653 125%
c B 948.63 48 24 81 574 211002 1 9163550 105071 1.9 28 14 6 15 48% 36805 11729 2653 125%
c - 950.26 48 23 81 575 211012 1 9180965 97594 1.9 28 14 6 15 48% 36805 11729 2653 125%
c - 952.50 48 22 81 576 211023 1 9204944 95731 2.0 27 14 6 15 48% 36805 11729 2653 125%
c - 954.97 48 22 81 577 211031 1 9228946 94286 2.0 27 14 6 15 48% 36805 11729 2653 125%
c - 957.55 48 22 81 578 211038 1 9252967 93171 2.0 28 14 6 15 48% 36805 11729 2653 125%
c u 959.86 48 22 81 578 211045 1 9265597 102004 2.0 27 14 6 15 48% 36805 11729 2653 125%
c v 961.04 48 22 81 578 211045 1 9265597 99202 2.0 27 14 6 15 48% 36805 11729 2653 125%
c w 961.45 48 22 81 578 211045 1 9265597 93475 2.0 27 14 6 15 48% 36805 11729 2653 125%
c o 961.48 48 22 81 578 211045 1 9265597 93475 2.0 27 14 6 15 48% 36805 11729 2653 125%
c - 962.60 48 22 81 579 211047 1 9277008 85793 2.0 27 13 6 15 48% 36805 11729 2653 125%
c - 964.98 48 21 81 580 211061 1 9301072 91535 2.0 26 13 6 15 48% 36805 11729 2653 125%
c - 967.36 48 20 81 581 211063 1 9325155 94410 2.0 25 13 6 14 48% 36805 11729 2653 125%
c
c  seconds    switched       rate           size/glue  tier1     binary         remaining
c          MB   reductions      conflicts         size   tier2       irredundant
c           level      restarts        redundant     glue    trail         variables
c
c - 969.92 48 20 81 582 211064 1 9349258 93897 2.0 25 13 6 14 48% 36805 11729 2653 125%
c - 972.43 48 21 81 583 211072 1 9373383 91179 1.9 25 13 6 14 48% 36805 11729 2653 125%
c - 975.00 48 22 81 584 211083 1 9397529 88803 1.9 25 13 6 14 48% 36805 11729 2653 125%
c - 977.72 48 22 81 585 211094 1 9421695 88935 1.9 25 13 6 14 48% 36805 11729 2653 125%
c - 980.42 48 21 81 586 211098 1 9445882 91077 1.9 25 13 6 14 48% 36805 11729 2653 125%
c W 986.61 48 21 81 586 211106 1 9459462 104010 1.9 25 13 6 14 48% 36805 11729 2653 125%
c ] 987.02 48 21 82 586 211109 1 9463839 108180 1.9 25 13 6 14 48% 36805 11729 2653 125%
c { 987.02 48 18 82 586 211109 2 9463839 108180 1.6 17 10 5 12 46% 36805 11729 2653 125%
c - 987.57 48 17 82 587 211121 2 9470089 94737 1.6 17 10 5 12 47% 36805 11729 2653 125%
c - 989.70 48 16 82 588 211137 2 9494317 96799 1.6 16 10 5 12 47% 36805 11729 2653 125%
c - 991.84 48 15 82 589 211173 2 9518565 97805 1.6 16 10 5 12 47% 36805 11729 2653 125%
c - 994.07 48 14 82 590 211190 2 9542835 97414 1.6 15 10 5 12 47% 36805 11729 2653 125%
c - 996.21 48 13 82 591 211281 2 9567124 98043 1.6 15 9 5 12 47% 36805 11729 2653 125%
c u 998.36 48 13 82 591 211308 2 9580458 104067 1.6 15 9 5 12 47% 36805 11729 2653 125%
c v 999.46 48 13 82 591 211308 2 9580458 93161 1.6 15 9 5 12 47% 36805 11729 2653 125%
c w 999.60 48 13 82 591 211308 2 9580458 92984 1.6 15 9 5 12 47% 36805 11729 2653 125%
c - 1000.57 48 13 82 592 211336 1 9591435 91322 1.6 15 9 5 11 47% 36805 11729 2653 125%
c - 1002.61 48 12 82 593 211478 1 9615768 93526 1.6 15 9 5 11 47% 36805 11729 2653 125%
c - 1004.61 48 12 82 594 211546 1 9640119 93359 1.6 14 9 5 11 47% 36805 11729 2653 125%
c - 1006.77 48 12 82 595 211941 1 9664491 94530 1.6 14 9 5 11 47% 36805 11729 2653 125%
c
c   seconds    switched       rate            size/glue tier1     binary         remaining
c           MB   reductions      conflicts          size  tier2       irredundant
c            level      restarts        redundant     glue    trail         variables
c
c o 1007.76 48 12 82 595 212092 1 9676031 103617 1.6 14 9 5 11 47% 36805 11729 2653 125%
c - 1008.88 48 11 82 596 212260 1 9688885 95633 1.6 14 9 5 11 47% 36805 11729 2653 125%
c - 1011.05 48 11 82 597 212701 1 9713299 95775 1.6 14 9 5 11 47% 36805 11729 2653 125%
c - 1013.25 48 11 82 598 213098 1 9737732 96509 1.6 14 9 5 11 47% 36805 11729 2653 125%
c - 1015.51 48 11 82 599 213811 1 9762188 97831 1.6 14 9 5 11 47% 36805 11729 2653 125%
c - 1017.73 48 11 82 600 214386 1 9786662 98517 1.6 14 9 5 11 47% 36805 11729 2653 125%
c } 1019.39 48 11 83 600 214734 1 9805447 113726 1.6 14 9 5 11 47% 36805 11729 2653 125%
c [ 1019.39 48 21 83 600 214734 1 9805447 113726 1.9 25 13 6 14 48% 36805 11729 2653 125%
c O 1019.39 48 21 83 600 214734 1 9805447 113726 1.9 25 13 6 14 48% 36805 11729 2653 125%
c - 1019.88 48 21 83 601 214738 1 9811157 98575 1.9 25 13 6 14 48% 36805 11729 2653 125%
c - 1022.12 48 20 83 602 214748 1 9835672 98845 1.9 24 13 6 14 48% 36805 11729 2653 125%
c - 1024.46 48 20 83 603 214762 1 9860207 97437 1.9 24 13 6 14 48% 36805 11729 2653 125%
c - 1027.03 48 20 83 604 214764 1 9884763 97204 1.9 24 12 6 14 48% 36805 11729 2653 125%
c u 1029.76 48 20 83 604 214773 1 9901070 108933 1.9 24 13 6 14 48% 36805 11729 2653 125%
c v 1030.95 48 20 83 604 214773 1 9901070 101326 1.9 24 13 6 14 48% 36805 11729 2653 125%
c w 1031.38 48 20 83 604 214773 1 9901070 97743 1.9 24 13 6 14 48% 36805 11729 2653 125%
c - 1032.28 48 20 83 605 214778 1 9909340 87218 1.9 24 12 6 14 47% 36805 11729 2653 125%
c - 1034.87 48 19 83 606 214788 1 9933936 93562 2.0 24 12 6 14 47% 36805 11729 2653 125%
c - 1037.46 48 19 83 607 214795 1 9958555 98135 2.0 23 12 6 14 48% 36805 11729 2653 125%
c - 1039.94 48 18 83 608 214796 1 9983193 100156 2.0 23 12 6 14 47% 36805 11729 2653 125%
c
c   seconds    switched       rate            size/glue  tier1     binary         remaining
c           MB   reductions      conflicts          size   tier2       irredundant
c            level      restarts         redundant     glue    trail         variables
c
c - 1042.42 48 19 83 609 214801 1 10007852 99647 2.0 24 12 6 14 47% 36805 11729 2653 125%
c - 1045.12 48 19 83 610 214811 1 10032531 98395 2.0 24 12 6 14 47% 36805 11729 2653 125%
c - 1048.02 48 19 83 611 214825 1 10057230 100109 2.0 23 12 6 14 46% 36805 11729 2653 125%
c - 1050.78 48 18 83 612 214827 1 10081948 104685 2.0 23 11 6 14 46% 36805 11729 2653 125%
c ] 1053.19 48 18 84 612 214841 1 10105913 127205 2.0 23 11 6 14 46% 36805 11729 2653 125%
c { 1053.19 48 11 84 612 214841 1 10105913 127205 1.6 14 9 5 11 47% 36805 11729 2653 125%
c o 1053.20 48 11 84 612 214849 1 10105959 127249 1.6 14 9 5 11 47% 36805 11729 2653 125%
c - 1053.32 48 11 84 613 214974 1 10106686 105354 1.6 14 9 5 11 47% 36805 11729 2653 125%
c - 1056.52 48 14 84 614 218915 2 10131444 103900 1.6 15 9 5 11 47% 36805 11729 2653 125%
c - 1059.17 48 15 84 615 220890 2 10156223 103836 1.6 15 10 5 11 47% 36805 11729 2653 125%
c - 1061.70 48 16 84 616 222664 2 10181023 104780 1.6 16 10 5 11 47% 36805 11729 2653 125%
c - 1064.29 48 17 84 617 224482 3 10205843 105134 1.6 16 10 5 11 47% 36805 11729 2653 125%
c u 1067.48 48 17 84 617 225550 3 10227457 119181 1.6 16 10 5 11 47% 36805 11729 2653 125%
c v 1068.74 48 17 84 617 225550 3 10227457 116452 1.6 16 10 5 11 47% 36805 11729 2653 125%
c w 1069.18 48 17 84 617 225550 3 10227457 116152 1.6 16 10 5 11 47% 36805 11729 2653 125%
c - 1069.50 48 17 84 618 225569 3 10230682 97928 1.6 16 10 5 11 47% 36805 11729 2653 125%
c - 1071.71 48 17 84 619 226401 2 10255541 99143 1.6 16 10 5 11 46% 36805 11729 2653 125%
c - 1074.04 48 17 84 620 227620 2 10280422 100427 1.6 17 10 5 11 46% 36805 11729 2653 125%
c - 1076.30 48 17 84 621 228592 2 10305321 101086 1.6 17 10 5 11 46% 36805 11729 2653 125%
c - 1078.56 48 18 84 622 229563 2 10330240 101449 1.6 17 10 5 11 46% 36805 11729 2653 125%
c
c   seconds    switched       rate             size/glue  tier1     binary         remaining
c           MB   reductions      conflicts           size   tier2       irredundant
c            level      restarts         redundant      glue    trail         variables
c
c - 1080.83 48 18 84 623 230359 2 10355180 101760 1.6 17 10 5 11 46% 36805 11729 2653 125%
c - 1083.13 48 18 84 624 231322 2 10380142 101742 1.6 17 10 5 11 46% 36805 11729 2653 125%
c - 1085.50 48 18 84 625 232321 2 10405123 101623 1.6 17 10 5 11 46% 36805 11729 2653 125%
c - 1087.89 48 18 84 626 233628 2 10430123 101386 1.6 17 10 5 11 46% 36805 11729 2653 125%
c - 1090.13 48 18 84 627 234435 2 10455144 101390 1.6 17 10 5 11 46% 36805 11729 2653 125%
c } 1090.86 48 18 85 627 234752 2 10462992 108543 1.6 17 10 5 11 46% 36805 11729 2653 125%
c [ 1090.86 48 18 85 627 234752 1 10462992 108543 2.0 23 11 6 14 46% 36805 11729 2653 125%
c B 1090.86 48 18 85 627 234752 1 10462992 108543 2.0 23 11 6 14 46% 36805 11729 2653 125%
c - 1092.40 48 19 85 628 234762 1 10480184 100234 2.0 23 12 6 14 47% 36805 11729 2653 125%
c - 1094.87 48 19 85 629 234773 1 10505245 95211 1.9 23 12 6 14 47% 36805 11729 2653 125%
c - 1097.41 48 19 85 630 234782 1 10530325 93693 1.9 23 12 6 14 47% 36805 11729 2653 125%
c - 1100.14 48 19 85 631 234789 1 10555424 97935 1.9 23 12 6 14 47% 36805 11729 2653 125%
c u 1101.55 48 19 85 631 234792 1 10559620 98910 1.9 23 12 6 14 47% 36805 11729 2653 125%
c v 1102.75 48 19 85 631 234792 1 10559620 94386 1.9 23 12 6 14 47% 36805 11729 2653 125%
c w 1103.17 48 19 85 631 234792 1 10559620 88630 1.9 23 12 6 14 47% 36805 11729 2653 125%
c o 1103.20 48 19 85 631 234792 1 10559620 88630 1.9 23 12 6 14 47% 36805 11729 2653 125%
c - 1105.03 48 21 85 632 234800 1 10580544 89345 1.9 23 12 6 14 47% 36805 11729 2653 125%
c - 1107.56 48 21 85 633 234812 1 10605684 96290 1.8 23 12 6 14 47% 36805 11729 2653 125%
c - 1110.06 48 20 85 634 234814 1 10630845 100322 1.8 22 12 6 14 47% 36805 11729 2653 125%
c - 1112.57 48 20 85 635 234814 1 10656025 102471 1.9 23 12 6 14 47% 36805 11729 2653 125%
c
c   seconds    switched       rate             size/glue  tier1     binary         remaining
c           MB   reductions      conflicts           size   tier2       irredundant
c            level      restarts         redundant      glue    trail         variables
c
c - 1115.28 48 20 85 636 234828 1 10681225 101629 1.9 23 12 5 14 47% 36805 11729 2653 125%
c - 1118.32 48 19 85 637 234838 1 10706444 102735 1.9 23 12 5 14 47% 36805 11729 2653 125%
c - 1120.88 48 20 85 638 234845 1 10731684 101073 1.9 24 12 5 14 48% 36805 11729 2653 125%
c - 1123.62 48 20 85 639 234855 1 10756943 96090 2.0 25 13 5 14 48% 36805 11729 2653 125%
c - 1126.63 48 21 85 640 234866 1 10782221 96367 2.0 25 13 5 14 47% 36805 11729 2653 125%
c W 1132.19 48 21 85 640 234868 1 10787068 100985 2.0 25 13 5 14 47% 36805 11729 2653 125%
c ] 1132.42 48 21 86 640 234870 1 10789603 103426 2.0 25 13 5 14 48% 36805 11729 2653 125%
c { 1132.42 48 18 86 640 234870 2 10789603 103426 1.6 17 10 5 11 46% 36805 11729 2653 125%
c - 1135.90 48 24 86 641 237987 4 10807520 93727 1.7 20 12 5 11 46% 36805 11729 2653 125%
c - 1140.94 48 30 86 642 242385 5 10832839 87724 1.7 23 13 5 11 46% 36805 11729 2653 125%
c - 1146.27 48 35 86 643 246708 6 10858177 83804 1.7 25 15 5 11 46% 36805 11729 2653 125%
c - 1151.25 48 38 86 644 250415 6 10883534 82965 1.8 27 15 5 11 46% 36805 11729 2653 125%
c u 1154.97 48 40 86 644 251849 6 10897584 89103 1.8 28 16 5 11 46% 36805 11729 2653 125%
c v 1156.50 48 40 86 644 251849 6 10897584 87469 1.8 28 16 5 11 46% 36805 11729 2653 125%
c w 1157.10 48 40 86 644 251849 6 10897584 87324 1.8 28 16 5 11 46% 36805 11729 2653 125%
c - 1165.50 48 40 86 645 252907 6 10908915 75856 1.8 29 16 5 11 46% 36805 11729 2653 125%
c - 1169.20 48 42 86 646 254756 6 10934313 79212 1.9 30 16 5 11 46% 36805 11729 2653 125%
c - 1173.10 48 43 86 647 256689 6 10959729 80486 1.9 31 16 5 11 46% 36805 11729 2653 125%
c - 1176.54 48 43 86 648 258042 5 10985165 80880 1.9 32 16 5 11 46% 36805 11729 2653 125%
c o 1178.48 48 43 86 648 258830 5 10999627 95112 2.0 32 16 5 11 46% 36805 11729 2653 125%
c
c   seconds    switched       rate            size/glue  tier1     binary         remaining
c           MB   reductions      conflicts          size   tier2       irredundant
c            level      restarts         redundant     glue    trail         variables
c
c - 1180.26 48 43 86 649 259695 5 11010621 81583 2.0 32 16 5 11 46% 36805 11729 2653 125%
c - 1183.69 48 43 86 650 261042 5 11036096 82399 2.0 33 16 5 11 46% 36805 11729 2653 125%
c - 1187.33 48 44 86 651 262469 5 11061592 83000 2.0 33 16 5 12 46% 36805 11729 2653 125%
c - 1191.18 48 44 86 652 264293 5 11087106 81531 2.0 34 17 5 12 46% 36805 11729 2653 125%
c - 1194.75 48 44 86 653 265610 5 11112640 80788 2.0 34 17 5 12 47% 36805 11729 2653 125%
c - 1198.47 48 44 86 654 267060 5 11138193 81273 2.0 34 17 5 12 47% 36805 11729 2653 125%
c } 1201.96 48 44 87 654 268386 5 11162459 105097 2.0 35 17 5 12 47% 36805 11729 2653 125%
c [ 1201.96 48 21 87 654 268386 1 11162459 105097 2.0 25 13 5 14 48% 36805 11729 2653 125%
c I 1201.96 48 21 87 654 268386 1 11162459 105097 2.0 25 13 5 14 48% 36805 11729 2653 125%
c - 1202.14 48 21 87 655 268387 1 11163767 80861 2.0 26 13 5 14 47% 36805 11729 2653 125%
c - 1204.57 48 23 87 656 268400 1 11189359 82847 2.0 26 13 5 14 48% 36805 11729 2653 125%
c - 1207.10 48 23 87 657 268413 1 11214971 86285 1.9 27 14 5 14 48% 36805 11729 2653 125%
c - 1209.81 48 22 87 658 268416 1 11240604 89788 1.9 26 13 5 14 48% 36805 11729 2653 125%
c u 1210.94 48 22 87 658 268416 1 11241351 86837 1.9 26 13 5 14 48% 36805 11729 2653 125%
c v 1212.17 48 22 87 658 268416 1 11241351 82131 1.9 26 13 5 14 48% 36805 11729 2653 125%
c w 1212.58 48 22 87 658 268416 1 11241351 77639 1.9 26 13 5 14 48% 36805 11729 2653 125%
c - 1215.24 48 22 87 659 268430 1 11266256 83727 1.9 26 13 5 14 48% 36805 11729 2653 125%
c - 1218.00 48 21 87 660 268441 1 11291926 91724 1.9 25 13 5 14 48% 36805 11729 2653 125%
c - 1220.77 48 20 87 661 268447 1 11317617 95617 1.9 24 13 5 14 47% 36805 11729 2653 125%
c - 1223.41 48 21 87 662 268448 1 11343326 94247 1.9 25 13 5 14 48% 36805 11729 2653 125%
c
c   seconds    switched       rate            size/glue  tier1     binary         remaining
c           MB   reductions      conflicts          size   tier2       irredundant
c            level      restarts         redundant     glue    trail         variables
c
c - 1226.18 48 21 87 663 268455 1 11369059 91110 1.9 25 13 5 14 48% 36805 11729 2653 125%
c - 1229.11 48 21 87 664 268466 1 11394808 94470 2.0 25 13 5 14 48% 36805 11729 2653 125%
c - 1231.95 48 21 87 665 268478 1 11420577 96550 1.9 25 13 5 14 48% 36805 11729 2653 125%
c - 1234.67 48 22 87 666 268484 1 11446364 94446 2.0 26 13 5 14 48% 36805 11729 2653 125%
c - 1237.56 48 21 87 667 268494 1 11472170 93883 2.0 25 13 5 14 48% 36805 11729 2653 125%
c - 1240.48 48 21 87 668 268508 1 11497998 97197 1.9 25 13 5 14 48% 36805 11729 2653 125%
c B 1241.39 48 20 87 668 268509 1 11505830 104491 1.9 25 13 5 14 48% 36805 11729 2653 125%
c o 1241.39 48 20 87 668 268509 1 11505830 104491 1.9 25 13 5 14 48% 36805 11729 2653 125%
c - 1243.05 48 23 87 669 268511 1 11523844 97619 1.9 25 13 5 14 48% 36805 11729 2653 125%
c - 1245.60 48 23 87 670 268511 1 11549710 94532 1.9 25 13 5 14 48% 36805 11729 2653 125%
c - 1248.18 48 26 87 671 268512 1 11575594 89416 1.9 26 14 5 14 48% 36805 11729 2653 125%
c u 1251.00 48 27 87 671 268512 1 11590968 100164 1.8 27 14 5 14 48% 36805 11729 2653 125%
c v 1252.42 48 27 87 671 268512 1 11590968 98943 1.8 27 14 5 14 48% 36805 11729 2653 125%
c w 1252.94 48 27 87 671 268512 1 11590968 98098 1.8 27 14 5 14 48% 36805 11729 2653 125%
c - 1254.15 48 26 87 672 268512 1 11601497 80345 1.8 27 15 5 14 48% 36805 11729 2653 125%
c - 1257.11 48 25 87 673 268517 1 11627419 83874 1.8 26 14 5 14 49% 36805 11729 2653 125%
c - 1260.04 48 23 87 674 268527 1 11653362 90694 1.8 25 14 5 14 49% 36805 11729 2653 125%
c - 1262.91 48 22 87 675 268542 1 11679323 94015 1.8 24 13 5 14 49% 36805 11729 2653 125%
c - 1265.70 48 21 87 676 268545 1 11705303 97287 1.8 24 13 5 14 49% 36805 11729 2653 125%
c ] 1266.35 48 21 88 676 268549 1 11711079 102492 1.8 23 13 5 14 49% 36805 11729 2653 125%
c
c   seconds    switched       rate             size/glue  tier1     binary         remaining
c           MB   reductions      conflicts           size   tier2       irredundant
c            level      restarts         redundant      glue    trail         variables
c
c { 1266.35 48 44 88 676 268549 5 11711079 102492 2.0 35 17 5 12 47% 36805 11729 2653 125%
c - 1268.23 48 40 88 677 268560 4 11731306 97760 2.0 32 16 5 12 47% 36805 11729 2653 125%
c - 1270.46 48 35 88 678 268586 3 11757326 97820 2.0 30 15 5 12 47% 36805 11729 2653 125%
c - 1272.66 48 32 88 679 268618 3 11783364 98713 2.0 28 14 5 12 47% 36805 11729 2653 125%
c - 1274.87 48 28 88 680 268637 3 11809422 98691 1.9 26 14 5 12 47% 36805 11729 2653 125%
c - 1277.10 48 25 88 681 268683 2 11835500 99030 1.9 25 13 5 12 47% 36805 11729 2653 125%
c - 1279.41 48 24 88 682 268725 2 11861595 100341 1.9 24 13 5 12 47% 36805 11729 2653 125%
c - 1281.62 48 22 88 683 268852 2 11887710 100911 1.8 22 12 5 12 47% 36805 11729 2653 125%
c - 1283.85 48 21 88 684 269088 2 11913845 100631 1.8 22 12 5 12 47% 36805 11729 2653 125%
c - 1286.07 48 20 88 685 269202 2 11939999 100601 1.8 21 12 5 12 47% 36805 11729 2653 125%
c u 1287.69 48 20 88 685 269233 2 11946412 101138 1.8 21 11 5 12 47% 36805 11729 2653 125%
c v 1288.93 48 20 88 685 269233 2 11946412 94353 1.8 21 11 5 12 47% 36805 11729 2653 125%
c w 1289.36 48 20 88 685 269233 2 11946412 92827 1.8 21 11 5 12 47% 36805 11729 2653 125%
c - 1291.05 48 19 88 686 269529 2 11966173 88108 1.8 20 11 5 12 47% 36805 11729 2653 125%
c o 1291.17 48 19 88 686 269531 2 11967699 89533 1.8 20 11 5 12 47% 36805 11729 2653 125%
c - 1293.25 48 19 88 687 269927 2 11992364 93665 1.8 20 11 5 12 47% 36805 11729 2653 125%
c - 1295.46 48 19 88 688 270333 2 12018574 96685 1.8 19 11 5 12 47% 36805 11729 2653 125%
c - 1297.68 48 18 88 689 270748 2 12044803 97887 1.8 19 11 5 12 47% 36805 11729 2653 125%
c - 1299.89 48 18 88 690 271117 2 12071051 98081 1.7 18 11 5 12 47% 36805 11729 2653 125%
c - 1302.20 48 18 88 691 271708 2 12097318 98631 1.7 18 10 5 12 47% 36805 11729 2653 125%
c
c   seconds    switched       rate             size/glue  tier1     binary         remaining
c           MB   reductions      conflicts           size   tier2       irredundant
c            level      restarts         redundant      glue    trail         variables
c
c } 1302.44 48 18 89 691 271768 2 12100017 101080 1.7 18 10 5 12 47% 36805 11729 2653 125%
c [ 1302.44 48 21 89 691 271768 1 12100017 101080 1.8 23 13 5 14 49% 36805 11729 2653 125%
c W 1308.83 48 21 89 691 271768 1 12100017 101080 1.8 23 13 5 14 49% 36805 11729 2653 125%
c - 1311.02 48 21 89 692 271781 1 12123605 95980 1.8 24 13 5 14 49% 36805 11729 2653 125%
c - 1313.56 48 21 89 693 271793 1 12149910 90908 1.9 25 13 5 14 49% 36805 11729 2653 125%
c - 1316.21 48 21 89 694 271798 1 12176234 88485 1.9 25 13 5 14 49% 36805 11729 2653 125%
c - 1319.01 48 22 89 695 271812 1 12202577 87281 1.9 26 14 5 14 49% 36805 11729 2653 125%
c - 1321.61 48 21 89 696 271822 1 12228939 89371 2.0 26 13 5 14 49% 36805 11729 2653 125%
c - 1324.16 48 21 89 697 271829 1 12255320 94897 2.0 26 13 5 14 49% 36805 11729 2653 125%
c - 1326.89 48 22 89 698 271830 1 12281720 93519 2.0 26 13 5 14 49% 36805 11729 2653 125%
c u 1330.74 48 21 89 698 271837 1 12307734 111393 2.0 26 13 5 14 49% 36805 11729 2653 125%
c v 1332.07 48 21 89 698 271837 1 12307734 110807 2.0 26 13 5 14 49% 36805 11729 2653 125%
c w 1332.53 48 21 89 698 271837 1 12307734 108434 2.0 26 13 5 14 49% 36805 11729 2653 125%
c - 1332.64 48 21 89 699 271837 1 12308139 84394 2.0 26 13 5 14 49% 36805 11729 2653 125%
c - 1335.50 48 21 89 700 271849 1 12334577 89724 2.0 26 13 5 14 49% 36805 11729 2653 125%
c - 1338.19 48 21 89 701 271860 1 12361035 91860 2.0 25 13 5 14 49% 36805 11729 2653 125%
c - 1340.97 48 20 89 702 271868 1 12387511 92354 2.0 25 13 5 14 49% 36805 11729 2653 125%
c - 1343.72 48 19 89 703 271879 1 12414007 95870 2.0 24 12 5 14 49% 36805 11729 2653 125%
c ] 1344.92 48 20 90 703 271886 1 12426085 106532 1.9 24 12 5 14 49% 36805 11729 2653 125%
c { 1344.92 48 18 90 703 271886 2 12426085 106532 1.7 18 10 5 12 47% 36805 11729 2653 125%
c
c   seconds    switched       rate             size/glue  tier1     binary         remaining
c           MB   reductions      conflicts           size   tier2       irredundant
c            level      restarts         redundant      glue    trail         variables
c
c o 1345.98 48 18 90 703 272237 2 12437727 117214 1.7 18 10 5 12 47% 36805 11729 2653 125%
c - 1346.25 48 18 90 704 272405 2 12440521 96122 1.7 18 10 5 12 47% 36805 11729 2653 125%
c - 1348.55 48 18 90 705 273302 2 12467054 96371 1.7 18 10 5 12 47% 36805 11729 2653 125%
c - 1350.74 48 18 90 706 273956 2 12493605 98186 1.7 18 10 5 12 47% 36805 11729 2653 125%
c - 1353.02 48 18 90 707 274807 2 12520175 99406 1.7 18 10 5 12 47% 36805 11729 2653 125%
c - 1355.32 48 18 90 708 275720 2 12546765 99160 1.7 17 10 5 12 47% 36805 11729 2653 125%
c - 1357.63 48 18 90 709 276755 2 12573374 99375 1.7 17 10 5 12 47% 36805 11729 2653 125%
c - 1360.01 48 18 90 710 277673 2 12600001 99564 1.7 17 10 5 12 47% 36805 11729 2653 125%
c - 1362.30 48 18 90 711 278550 2 12626646 100074 1.7 17 10 5 12 46% 36805 11729 2653 125%
c - 1364.57 48 18 90 712 279352 2 12653310 100711 1.7 17 10 5 12 46% 36805 11729 2653 125%
c u 1367.55 48 18 90 712 279922 2 12674932 112318 1.7 17 10 5 12 46% 36805 11729 2653 125%
c v 1368.80 48 18 90 712 279922 2 12674932 96869 1.7 17 10 5 12 46% 36805 11729 2653 125%
c w 1369.23 48 18 90 712 279922 2 12674932 95717 1.7 17 10 5 12 46% 36805 11729 2653 125%
c - 1369.70 48 18 90 713 280099 2 12679993 80184 1.7 17 10 5 12 46% 36805 11729 2653 125%
c - 1372.05 48 18 90 714 281597 2 12706696 84817 1.7 17 10 5 12 46% 36805 11729 2653 125%
c - 1374.31 48 18 90 715 282482 2 12733417 92844 1.7 17 10 5 12 46% 36805 11729 2653 125%
c - 1376.56 48 18 90 716 283392 2 12760159 94898 1.7 17 10 5 12 46% 36805 11729 2653 125%
c - 1378.85 48 18 90 717 284404 2 12786918 95134 1.7 17 10 5 12 46% 36805 11729 2653 125%
c - 1381.26 48 18 90 718 285732 2 12813694 95694 1.7 17 10 5 12 46% 36805 11729 2653 125%
c } 1382.70 48 18 91 718 286212 2 12831405 111810 1.7 17 10 5 12 46% 36805 11729 2653 125%
c
c   seconds    switched       rate             size/glue  tier1     binary         remaining
c           MB   reductions      conflicts           size   tier2       irredundant
c            level      restarts         redundant      glue    trail         variables
c
c [ 1382.70 48 20 91 718 286212 1 12831405 111810 1.9 24 12 5 14 49% 36805 11729 2653 125%
c O 1382.70 48 20 91 718 286212 1 12831405 111810 1.9 24 12 5 14 49% 36805 11729 2653 125%
c - 1383.45 48 19 91 719 286218 1 12840491 96521 1.9 24 12 5 14 48% 36805 11729 2653 125%
c - 1385.86 48 19 91 720 286229 1 12867306 95224 1.9 23 12 5 14 48% 36805 11729 2653 125%
c - 1388.42 48 18 91 721 286241 1 12894140 95208 1.9 23 12 5 14 48% 36805 11729 2653 125%
c - 1391.39 48 18 91 722 286248 1 12920992 96761 1.9 22 12 5 14 47% 36805 11729 2653 125%
c - 1394.16 48 18 91 723 286259 1 12947862 96100 1.9 22 12 5 14 47% 36805 11729 2653 125%
c - 1396.70 48 18 91 724 286272 1 12974750 95863 1.9 22 12 5 14 47% 36805 11729 2653 125%
c - 1399.41 48 18 91 725 286274 1 13001658 96040 1.9 22 12 5 14 47% 36805 11729 2653 125%
c - 1402.01 48 17 91 726 286275 1 13028583 99646 1.9 22 11 5 14 47% 36805 11729 2653 125%
c u 1404.91 48 18 91 726 286287 1 13048008 112173 1.9 22 11 5 14 47% 36805 11729 2653 125%
c v 1406.25 48 18 91 726 286287 1 13048008 78835 1.9 22 11 5 14 47% 36805 11729 2653 125%
c w 1406.71 48 18 91 726 286287 1 13048008 74700 1.9 22 11 5 14 47% 36805 11729 2653 125%
c o 1406.73 48 18 91 726 286287 1 13048008 74700 1.9 22 11 5 14 47% 36805 11729 2653 125%
c - 1407.32 48 19 91 727 286289 1 13055527 68329 1.9 22 12 5 14 47% 36805 11729 2653 125%
c - 1409.55 48 19 91 728 286303 1 13082489 82172 1.8 21 12 5 14 47% 36805 11729 2653 125%
c - 1411.94 48 19 91 729 286305 1 13109470 89370 1.9 22 12 5 14 47% 36805 11729 2653 125%
c - 1414.57 48 19 91 730 286320 1 13136471 91292 1.9 23 12 5 14 47% 36805 11729 2653 125%
c - 1417.33 48 19 91 731 286334 1 13163490 94522 1.9 23 12 5 14 47% 36805 11729 2653 125%
c - 1419.93 48 18 91 732 286336 1 13190527 98223 1.9 23 12 5 14 48% 36805 11729 2653 125%
c
c   seconds    switched       rate             size/glue  tier1     binary         remaining
c           MB   reductions      conflicts           size   tier2       irredundant
c            level      restarts         redundant      glue    trail         variables
c
c ] 1420.19 48 18 92 732 286337 1 13193209 100740 1.9 22 12 5 14 48% 36805 11729 2653 125%
c { 1420.19 48 18 92 732 286337 2 13193209 100740 1.7 17 10 5 12 46% 36805 11729 2653 125%
c - 1422.27 48 18 92 733 287137 2 13217583 100101 1.7 17 10 5 12 46% 36805 11729 2653 125%
c - 1424.53 48 18 92 734 287883 2 13244656 100241 1.7 17 10 5 12 46% 36805 11729 2653 125%
c - 1426.88 48 18 92 735 288924 2 13271748 99392 1.7 17 10 5 12 46% 36805 11729 2653 125%
c - 1429.27 48 18 92 736 290202 2 13298860 99255 1.7 17 10 5 12 46% 36805 11729 2653 125%
c - 1431.58 48 18 92 737 291057 2 13325990 99715 1.7 17 10 5 12 46% 36805 11729 2653 125%
c - 1433.82 48 17 92 738 291716 2 13353137 99952 1.7 17 10 5 12 46% 36805 11729 2653 125%
c - 1436.22 48 17 92 739 292868 2 13380304 100197 1.7 17 10 5 12 46% 36805 11729 2653 125%
c - 1438.66 48 18 92 740 294299 2 13407488 100952 1.6 17 10 5 12 46% 36805 11729 2653 125%
c u 1441.34 48 17 92 740 294715 2 13426987 113300 1.6 17 10 5 12 46% 36805 11729 2653 125%
c v 1442.58 48 17 92 740 294715 2 13426987 106902 1.6 17 10 5 12 46% 36805 11729 2653 125%
c w 1443.00 48 17 92 740 294715 2 13426987 106281 1.6 17 10 5 12 46% 36805 11729 2653 125%
c - 1443.71 48 18 92 741 295048 2 13434690 90296 1.6 17 10 5 12 47% 36805 11729 2653 125%
c - 1446.07 48 18 92 742 296309 2 13461913 93046 1.6 17 10 5 12 47% 36805 11729 2653 125%
c - 1448.40 48 18 92 743 297313 2 13489154 97227 1.7 17 10 5 12 46% 36805 11729 2653 125%
c - 1450.74 48 18 92 744 298459 2 13516412 98412 1.7 17 10 5 12 46% 36805 11729 2653 125%
c o 1452.78 48 18 92 744 299428 2 13539761 119936 1.7 17 10 5 12 46% 36805 11729 2653 125%
c - 1453.15 48 18 92 745 299611 2 13543689 99219 1.7 17 10 5 12 46% 36805 11729 2653 125%
c - 1455.46 48 18 92 746 300460 2 13570983 99539 1.7 17 10 5 12 46% 36805 11729 2653 125%
c
c   seconds    switched       rate            size/glue  tier1     binary         remaining
c           MB   reductions      conflicts          size   tier2       irredundant
c            level      restarts         redundant     glue    trail         variables
c
c - 1457.81 48 18 92 747 301273 2 13598296 99738 1.7 17 10 5 12 46% 36805 11729 2653 125%
c } 1459.24 48 18 93 747 301801 2 13615213 115111 1.7 17 10 5 12 46% 36805 11729 2653 125%
c [ 1459.24 48 18 93 747 301801 1 13615213 115111 1.9 22 12 5 14 48% 36805 11729 2653 125%
c B 1459.24 48 18 93 747 301801 1 13615213 115111 1.9 22 12 5 14 48% 36805 11729 2653 125%
c - 1460.14 48 19 93 748 301807 1 13625629 98049 1.9 23 12 5 14 48% 36805 11729 2653 125%
c - 1462.55 48 20 93 749 301819 1 13652978 93025 1.9 23 12 5 14 48% 36805 11729 2653 125%
c - 1465.34 48 20 93 750 301830 1 13680346 91949 1.9 23 12 5 14 48% 36805 11729 2653 125%
c - 1468.30 48 19 93 751 301838 1 13707733 96853 1.9 23 12 5 14 48% 36805 11729 2653 125%
c - 1470.90 48 19 93 752 301851 1 13735138 98523 1.9 23 12 5 14 48% 36805 11729 2653 125%
c - 1473.55 48 19 93 753 301861 1 13762560 98306 1.9 22 12 5 14 48% 36805 11729 2653 125%
c - 1476.21 48 20 93 754 301863 1 13790000 98297 1.9 23 12 5 14 48% 36805 11729 2653 125%
c u 1479.72 48 21 93 754 301863 1 13811895 115427 1.9 24 13 5 14 48% 36805 11729 2653 125%
c v 1481.18 65 21 93 754 301863 1 13811895 104176 1.9 24 13 5 14 48% 36805 11729 2653 125%
c w 1481.69 67 21 93 754 301863 1 13811895 102650 1.9 24 13 5 14 48% 36805 11729 2653 125%
c - 1482.38 55 21 93 755 301868 1 13817459 83516 1.9 24 13 5 14 48% 36805 11729 2653 125%
c - 1485.34 56 21 93 756 301879 1 13844939 89079 1.9 24 13 5 14 47% 36805 11729 2653 125%
c - 1488.23 56 21 93 757 301893 1 13872436 94631 1.9 24 13 5 14 48% 36805 11729 2653 125%
c - 1491.32 56 20 93 758 301899 1 13899949 95583 1.9 24 13 5 14 48% 36805 11729 2653 125%
c - 1494.01 56 20 93 759 301910 1 13927481 97142 1.9 24 13 5 14 48% 36805 11729 2653 125%
c - 1496.69 57 21 93 760 301924 1 13955031 95882 2.0 25 13 5 14 48% 36805 11729 2653 125%
c
c   seconds    switched       rate             size/glue  tier1     binary         remaining
c           MB   reductions      conflicts           size   tier2       irredundant
c            level      restarts         redundant      glue    trail         variables
c
c ] 1498.87 57 21 94 760 301925 1 13975155 115125 2.0 26 13 5 14 48% 36805 11729 2653 125%
c { 1498.87 57 18 94 760 301925 2 13975155 115125 1.7 17 10 5 12 46% 36805 11729 2653 125%
c - 1499.55 57 18 94 761 302114 2 13982601 93615 1.7 17 10 5 12 46% 36805 11729 2653 125%
c - 1502.01 55 18 94 762 303140 2 14010188 97338 1.7 17 10 5 12 46% 36805 11729 2653 125%
c - 1504.56 55 18 94 763 304386 2 14037792 101771 1.7 17 10 5 12 46% 36805 11729 2653 125%
c o 1505.00 56 18 94 763 304395 2 14043225 106670 1.7 17 10 5 12 46% 36805 11729 2653 125%
c - 1507.07 59 18 94 764 305445 2 14065415 102569 1.7 17 10 5 12 47% 36805 11729 2653 125%
c - 1509.53 56 18 94 765 306448 2 14093055 102909 1.7 17 10 5 12 47% 36805 11729 2653 125%
c - 1511.88 59 18 94 766 307213 2 14120714 103570 1.7 17 10 5 12 47% 36805 11729 2653 125%
c - 1514.33 59 18 94 767 308299 2 14148390 104017 1.7 17 10 5 12 47% 36805 11729 2653 125%
c - 1516.78 57 18 94 768 309387 2 14176084 103764 1.7 17 10 5 12 47% 36805 11729 2653 125%
c u 1520.25 59 18 94 768 310207 2 14202732 122160 1.7 17 10 5 12 47% 36805 11729 2653 125%
c v 1521.60 61 18 94 768 310207 2 14202732 114733 1.7 17 10 5 12 47% 36805 11729 2653 125%
c w 1522.07 61 18 94 768 310207 2 14202732 114053 1.7 17 10 5 12 47% 36805 11729 2653 125%
c - 1522.20 55 18 94 769 310234 2 14203796 91132 1.7 17 10 5 12 46% 36805 11729 2653 125%
c - 1524.43 57 18 94 770 310828 2 14231526 94220 1.7 17 10 5 12 46% 36805 11729 2653 125%
c - 1526.65 56 17 94 771 311381 2 14259275 98546 1.7 17 10 5 12 46% 36805 11729 2653 125%
c - 1529.14 59 18 94 772 312931 2 14287041 99893 1.7 17 10 5 12 46% 36805 11729 2653 125%
c - 1531.58 57 18 94 773 314191 2 14314826 100504 1.7 17 10 5 12 46% 36805 11729 2653 125%
c - 1534.06 57 18 94 774 315325 2 14342629 100825 1.7 17 10 5 12 46% 36805 11729 2653 125%
c
c   seconds    switched       rate             size/glue  tier1     binary         remaining
c           MB   reductions      conflicts           size   tier2       irredundant
c            level      restarts         redundant      glue    trail         variables
c
c - 1536.51 59 18 94 775 316435 2 14370449 101197 1.7 17 10 5 12 46% 36805 11729 2653 125%
c - 1539.00 57 18 94 776 317686 2 14398288 100760 1.7 17 10 5 12 46% 36805 11729 2653 125%
c } 1540.41 57 18 95 776 318543 2 14414140 115310 1.7 17 10 5 12 47% 36805 11729 2653 125%
c [ 1540.41 57 21 95 776 318543 1 14414140 115310 2.0 26 13 5 14 48% 36805 11729 2653 125%
c W 1547.61 48 21 95 776 318543 1 14414140 115310 2.0 26 13 5 14 48% 36805 11729 2653 125%
c - 1548.60 48 21 95 777 318549 1 14426146 99611 1.9 25 13 5 14 48% 36805 11729 2653 125%
c - 1550.86 48 21 95 778 318563 1 14454020 98760 1.9 24 13 5 14 48% 36805 11729 2653 125%
c - 1553.38 48 20 95 779 318573 1 14481915 98783 1.9 24 12 5 14 48% 36805 11729 2653 125%
c - 1556.01 48 20 95 780 318582 1 14509825 99064 1.9 23 12 5 14 48% 36805 11729 2653 125%
c - 1558.82 48 19 95 781 318595 1 14537755 100038 1.9 23 12 5 14 48% 36805 11729 2653 125%
c - 1561.90 48 18 95 782 318604 1 14565701 103711 2.0 23 12 5 14 48% 36805 11729 2653 125%
c - 1564.82 48 21 95 783 318605 1 14593665 99640 2.0 25 12 5 14 48% 36805 11729 2653 125%
c u 1566.56 48 21 95 783 318605 1 14599521 100829 2.0 25 13 5 14 47% 36805 11729 2653 125%
c v 1567.99 48 21 95 783 318605 1 14599521 83119 2.0 25 13 5 14 47% 36805 11729 2653 125%
c w 1568.48 48 21 95 783 318605 1 14599521 82840 2.0 25 13 5 14 47% 36805 11729 2653 125%
c o 1568.51 48 21 95 783 318605 1 14599521 82840 2.0 25 13 5 14 47% 36805 11729 2653 125%
c - 1570.37 48 45 95 784 318612 1 14621647 79488 1.7 29 17 5 14 47% 36805 11729 2653 125%
c - 1572.77 48 40 95 785 318625 1 14649647 82893 1.7 29 17 5 14 48% 36805 11729 2653 125%
c - 1575.46 48 35 95 786 318636 1 14677665 91800 1.8 27 15 5 14 48% 36805 11729 2653 125%
c - 1578.34 48 31 95 787 318644 1 14705700 99013 1.8 26 15 5 14 48% 36805 11729 2653 125%
c
c   seconds    switched       rate             size/glue  tier1     binary         remaining
c           MB   reductions      conflicts           size   tier2       irredundant
c            level      restarts         redundant      glue    trail         variables
c
c - 1581.29 48 28 95 788 318657 1 14733754 100703 1.8 25 14 5 14 48% 36805 11729 2653 125%
c - 1583.87 48 25 95 789 318667 1 14761825 99077 1.8 25 14 5 14 48% 36805 11729 2653 125%
c - 1586.49 48 24 95 790 318668 1 14789915 95914 1.8 25 14 5 14 49% 36805 11729 2653 125%
c ] 1588.14 48 24 96 790 318668 1 14806062 111337 1.8 25 14 5 14 49% 36805 11729 2653 125%
c { 1588.15 48 18 96 790 318668 2 14806062 111337 1.7 17 10 5 12 47% 36805 11729 2653 125%
c - 1589.27 48 18 96 791 319053 2 14818021 95689 1.7 17 10 5 12 46% 36805 11729 2653 125%
c - 1591.66 48 18 96 792 319903 2 14846146 100268 1.7 17 10 5 11 46% 36805 11729 2653 125%
c - 1594.11 48 18 96 793 320867 2 14874288 102903 1.7 17 10 5 11 46% 36805 11729 2653 125%
c - 1596.69 48 18 96 794 322350 2 14902448 103467 1.7 17 10 5 11 46% 36805 11729 2653 125%
c - 1599.26 48 18 96 795 323599 2 14930626 104288 1.7 17 10 5 11 47% 36805 11729 2653 125%
c - 1601.85 48 19 96 796 324931 3 14958821 104506 1.7 17 10 5 11 47% 36805 11729 2653 125%
c - 1604.31 48 18 96 797 325724 2 14987036 104503 1.7 17 10 5 11 47% 36805 11729 2653 125%
c u 1606.75 48 18 96 797 326042 2 15002264 113086 1.7 17 10 5 11 47% 36805 11729 2653 125%
c v 1608.09 48 18 96 797 326042 2 15002264 105230 1.7 17 10 5 11 47% 36805 11729 2653 125%
c w 1608.56 48 18 96 797 326042 2 15002264 103797 1.7 17 10 5 11 47% 36805 11729 2653 125%
c - 1609.71 48 18 96 798 326389 2 15015267 92164 1.7 17 10 5 11 47% 36805 11729 2653 125%
c - 1612.15 48 18 96 799 327419 2 15043516 94727 1.7 17 10 5 11 47% 36805 11729 2653 125%
c - 1614.60 48 18 96 800 328461 2 15071782 99670 1.7 17 10 5 11 47% 36805 11729 2653 125%
c - 1616.95 48 18 96 801 329178 2 15100067 101449 1.7 17 10 5 11 47% 36805 11729 2653 125%
c o 1618.61 48 18 96 801 329869 2 15119560 119494 1.7 17 10 5 11 47% 36805 11729 2653 125%
c
c   seconds    switched       rate             size/glue  tier1     binary         remaining
c           MB   reductions      conflicts           size   tier2       irredundant
c            level      restarts         redundant      glue    trail         variables
c
c - 1619.42 48 18 96 802 330227 2 15128369 102211 1.7 17 10 5 11 47% 36805 11729 2653 125%
c - 1621.88 48 18 96 803 331281 2 15156689 102176 1.7 17 10 5 11 47% 36805 11729 2653 125%
c - 1624.25 48 18 96 804 332014 2 15185028 101928 1.7 17 10 5 11 47% 36805 11729 2653 125%
c - 1626.75 48 18 96 805 333037 2 15213383 102196 1.7 17 10 5 11 47% 36805 11729 2653 125%
c - 1629.20 48 18 96 806 333889 2 15241756 102651 1.7 17 10 5 11 47% 36805 11729 2653 125%
c } 1630.93 48 18 97 806 334478 2 15262326 121122 1.7 17 10 5 11 47% 36805 11729 2653 125%
c [ 1630.93 48 24 97 806 334478 1 15262326 121122 1.8 25 14 5 14 49% 36805 11729 2653 125%
c I 1630.93 48 24 97 806 334478 1 15262326 121122 1.8 25 14 5 14 49% 36805 11729 2653 125%
c - 1631.63 48 26 97 807 334483 1 15270148 100196 1.8 26 14 5 14 48% 36805 11729 2653 125%
c - 1634.09 48 28 97 808 334495 1 15298555 89979 1.8 28 15 5 14 48% 36805 11729 2653 125%
c - 1636.89 48 29 97 809 334507 1 15326981 80868 1.8 28 16 5 14 48% 36805 11729 2653 125%
c - 1639.80 48 28 97 810 334515 1 15355423 79938 1.8 28 16 5 14 47% 36805 11729 2653 125%
c - 1642.50 48 29 97 811 334529 1 15383883 80858 1.8 29 16 5 14 46% 36805 11729 2653 125%
c u 1646.33 48 30 97 811 334539 1 15410986 103559 1.7 29 17 5 14 45% 36805 11729 2653 125%
c v 1647.64 48 30 97 811 334539 1 15410986 102896 1.7 29 17 5 14 45% 36805 11729 2653 125%
c w 1648.17 48 30 97 811 334539 1 15410986 99888 1.7 29 17 5 14 45% 36805 11729 2653 125%
c - 1648.36 48 30 97 812 334539 1 15412362 75429 1.7 29 17 5 14 45% 36805 11729 2653 125%
c - 1651.15 48 29 97 813 334540 1 15440857 77737 1.7 29 17 5 14 46% 36805 11729 2653 125%
c - 1654.18 48 28 97 814 334547 1 15469370 80304 1.7 29 16 5 14 46% 36805 11729 2653 125%
c - 1657.24 48 27 97 815 334560 1 15497901 83498 1.8 28 16 5 14 46% 36805 11729 2653 125%
c
c   seconds    switched       rate            size/glue  tier1     binary         remaining
c           MB   reductions      conflicts          size   tier2       irredundant
c            level      restarts         redundant     glue    trail         variables
c
c - 1660.33 48 26 97 816 334571 1 15526449 89626 1.8 28 15 5 14 46% 36805 11729 2653 125%
c - 1663.13 48 27 97 817 334580 1 15555015 91438 1.9 28 15 5 14 46% 36805 11729 2653 125%
c - 1666.11 48 26 97 818 334593 1 15583598 89137 1.9 28 15 5 14 47% 36805 11729 2653 125%
c - 1669.16 48 26 97 819 334602 1 15612199 91796 1.9 28 15 5 14 47% 36805 11729 2653 125%
c - 1672.19 48 26 97 820 334603 1 15640817 92118 2.0 29 15 5 14 48% 36805 11729 2653 125%
c ] 1673.41 48 26 98 820 334603 1 15652520 103447 2.0 29 15 5 14 48% 36805 11729 2653 125%
c { 1673.41 48 18 98 820 334603 2 15652520 103447 1.7 17 10 5 11 47% 36805 11729 2653 125%
c o 1674.32 48 17 98 820 334606 2 15662816 111598 1.7 17 10 5 11 47% 36805 11729 2653 125%
c - 1674.91 48 16 98 821 334624 2 15669455 94087 1.7 17 10 5 11 47% 36805 11729 2653 125%
c - 1677.35 48 15 98 822 334665 2 15698109 102290 1.7 16 10 5 11 47% 36805 11729 2653 125%
c - 1679.74 48 14 98 823 334771 2 15726780 107197 1.7 16 10 5 11 47% 36805 11729 2653 125%
c - 1682.12 48 13 98 824 334842 2 15755467 106975 1.7 16 9 5 11 47% 36805 11729 2653 125%
c - 1684.52 48 13 98 825 335002 1 15784173 105610 1.6 15 9 5 11 47% 36805 11729 2653 125%
c - 1686.95 48 12 98 826 335251 1 15812897 105669 1.6 15 9 5 11 47% 36805 11729 2653 125%
c u 1689.26 48 12 98 826 335305 1 15825687 109540 1.6 15 9 5 11 47% 36805 11729 2653 125%
c v 1690.69 48 12 98 826 335305 1 15825687 98071 1.6 15 9 5 11 47% 36805 11729 2653 125%
c w 1691.16 48 12 98 826 335305 1 15825687 97379 1.6 15 9 5 11 47% 36805 11729 2653 125%
c - 1694.15 48 12 98 827 335624 1 15841638 92171 1.6 15 9 5 11 47% 36805 11729 2653 125%
c - 1696.57 48 12 98 828 336058 1 15870395 97233 1.6 14 9 5 11 47% 36805 11729 2653 125%
c - 1699.03 48 11 98 829 336492 1 15899169 101340 1.6 14 9 5 11 47% 36805 11729 2653 125%
c
c   seconds    switched       rate             size/glue tier1     binary         remaining
c           MB   reductions      conflicts           size  tier2       irredundant
c            level      restarts         redundant     glue    trail         variables
c
c - 1701.47 48 11 98 830 336887 1 15927961 102483 1.6 14 9 5 11 47% 36805 11729 2653 125%
c - 1703.97 48 11 98 831 337318 1 15956771 103659 1.6 14 9 5 11 47% 36805 11729 2653 125%
c - 1706.56 48 11 98 832 338214 1 15985598 104725 1.6 14 9 5 11 47% 36805 11729 2653 125%
c - 1709.06 48 11 98 833 338786 1 16014443 104912 1.6 14 9 5 11 46% 36805 11729 2653 125%
c - 1711.65 48 11 98 834 339644 1 16043304 105607 1.6 14 9 5 11 47% 36805 11729 2653 125%
c - 1714.25 48 11 98 835 340394 1 16072184 106472 1.6 14 9 5 11 47% 36805 11729 2653 125%
c - 1716.92 48 11 98 836 341423 1 16101082 106990 1.6 14 9 5 11 47% 36805 11729 2653 125%
c } 1719.22 48 11 99 836 342193 1 16126354 127894 1.6 14 9 5 11 47% 36805 11729 2653 125%
c [ 1719.22 48 26 99 836 342193 1 16126354 127894 2.0 29 15 5 14 48% 36805 11729 2653 125%
c B 1719.22 48 26 99 836 342193 1 16126354 127894 2.0 29 15 5 14 48% 36805 11729 2653 125%
c - 1719.56 48 26 99 837 342195 1 16129995 106970 2.0 29 15 5 14 48% 36805 11729 2653 125%
c - 1722.29 48 27 99 838 342207 1 16158927 100152 2.0 30 15 5 14 48% 36805 11729 2653 125%
c - 1725.14 48 27 99 839 342222 1 16187878 95479 2.0 29 15 5 14 47% 36805 11729 2653 125%
c - 1728.20 48 26 99 840 342230 1 16216844 100273 2.0 29 14 5 14 47% 36805 11729 2653 125%
c - 1731.19 48 24 99 841 342242 1 16245827 105815 2.0 28 14 5 14 47% 36805 11729 2653 125%
c u 1732.17 48 24 99 841 342243 1 16246392 104125 2.0 28 14 5 14 47% 36805 11729 2653 125%
c v 1733.23 48 24 99 841 342243 1 16246392 100124 2.0 28 14 5 14 47% 36805 11729 2653 125%
c w 1733.60 48 24 99 841 342243 1 16246392 97938 2.0 28 14 5 14 47% 36805 11729 2653 125%
c o 1733.79 48 24 99 841 342243 1 16246392 97938 2.0 28 14 5 14 47% 36805 11729 2653 125%
c - 1736.53 48 26 99 842 342254 1 16274827 96177 1.9 28 14 5 14 47% 36805 11729 2653 125%
c
c   seconds    switched       rate            size/glue  tier1     binary         remaining
c           MB   reductions      conflicts          size   tier2       irredundant
c            level      restarts         redundant     glue    trail         variables
c
c - 1739.49 48 25 99 843 342255 1 16303845 97123 2.0 28 14 5 14 47% 36805 11729 2653 125%
c - 1742.55 48 24 99 844 342262 1 16332879 101509 2.0 28 14 5 14 47% 36805 11729 2653 125%
c - 1745.73 48 23 99 845 342275 1 16361930 104988 2.0 27 14 5 14 47% 36805 11729 2653 125%
c - 1748.80 48 23 99 846 342286 1 16390998 106068 2.0 27 14 5 14 48% 36805 11729 2653 125%
c - 1752.15 48 23 99 847 342296 1 16420086 106434 2.0 27 13 5 14 48% 36805 11729 2653 125%
c - 1755.65 48 23 99 848 342308 1 16449189 108447 2.0 27 13 5 14 48% 36805 11729 2653 125%
c - 1759.20 48 22 99 849 342317 1 16478309 110366 2.0 27 13 5 14 47% 36805 11729 2653 125%
c - 1762.66 48 21 99 850 342318 1 16507446 115153 2.1 27 13 5 14 48% 36805 11729 2653 125%
c ] 1763.23 48 21 100 850 342318 1 16512941 120526 2.1 27 13 5 14 48% 36805 11729 2653 125%
c { 1763.23 48 11 100 850 342318 1 16512941 120526 1.6 14 9 5 11 47% 36805 11729 2653 125%
c - 1766.25 48 13 100 851 345795 2 16536602 116599 1.6 15 9 5 11 47% 36805 11729 2653 125%
c - 1769.61 48 15 100 852 348854 2 16565774 115165 1.5 15 10 5 11 47% 36805 11729 2653 125%
c - 1772.48 48 16 100 853 350370 2 16594966 116178 1.6 16 10 5 11 47% 36805 11729 2653 125%
c - 1775.44 48 17 100 854 352111 3 16624172 117179 1.6 16 10 5 11 47% 36805 11729 2653 125%
c - 1778.27 48 17 100 855 353404 3 16653399 117570 1.6 16 10 5 11 47% 36805 11729 2653 125%
c u 1781.75 48 17 100 855 354387 3 16673102 127770 1.6 16 10 5 11 47% 36805 11729 2653 125%
c v 1783.48 48 17 100 855 354387 3 16673102 122287 1.6 16 10 5 11 47% 36805 11729 2653 125%
c w 1784.08 48 17 100 855 354387 3 16673102 121452 1.6 16 10 5 11 47% 36805 11729 2653 125%
c - 1784.98 48 17 100 856 354735 3 16682639 106204 1.6 16 10 5 11 47% 36805 11729 2653 125%
c - 1787.71 48 18 100 857 356187 3 16711898 109605 1.6 17 10 5 11 47% 36805 11729 2653 125%
c
c   seconds    switched        rate             size/glue  tier1     binary         remaining
c           MB    reductions      conflicts           size   tier2       irredundant
c            level       restarts         redundant      glue    trail         variables
c
c - 1790.36 48 18 100 858 357232 3 16741172 111579 1.6 17 10 5 11 47% 36805 11729 2653 125%
c - 1793.08 48 18 100 859 358458 3 16770463 111808 1.6 17 10 5 11 47% 36805 11729 2653 125%
c o 1795.36 48 18 100 859 359168 2 16796412 135226 1.6 17 10 5 11 46% 36805 11729 2653 125%
c - 1795.68 48 18 100 860 359244 2 16799772 111980 1.6 17 10 5 11 47% 36805 11729 2653 125%
c - 1798.47 48 18 100 861 360456 2 16829097 112041 1.7 17 10 5 11 47% 36805 11729 2653 125%
c caught signal 15 (SIGTERM)
c
c ---- [ profiling ] ---------------------------------------------------------
c
c        1603.85   89.11 %  search
c         821.00   45.62 %  focused
c         782.85   43.50 %  stable
c         195.83   10.88 %  simplify
c         155.08    8.62 %  probe
c         133.49    7.42 %  vivify
c          40.63    2.26 %  walking
c          17.67    0.98 %  sweep
c          15.10    0.84 %  reduce
c           2.05    0.11 %  substitute
c           1.33    0.07 %  transitive
c           0.26    0.01 %  factor
c           0.25    0.01 %  eliminate
c           0.21    0.01 %  backbone
c           0.14    0.01 %  preprocess
c           0.07    0.00 %  congruence
c           0.03    0.00 %  subsume
c           0.01    0.00 %  fastel
c           0.01    0.00 %  parse
c           0.00    0.00 %  lucky
c =============================================
c        1799.83  100.00 %  total
c
c ---- [ statistics ] --------------------------------------------------------
c
c chronological:                           47                0 %  conflicts
c conflicts:                         16843830             9358.57 per second
c decisions:                         33306689                1.98 per conflict
c eliminated:                            6499              305 %  variables
c factored:                              7033              330 %  variables
c fast_eliminated:                       2248               35 %  eliminated
c propagations:                    5944165718          3302627    per second
c reductions:                             861            19563    interval
c reordered:                               56           300783    interval
c rephased:                                64           263185    interval
c restarts:                            360978               47    interval
c strengthened:                          5155                1 %  checks
c switched:                               100           168438    interval
c vivified:                           1035209               64 %  checks
c walks:                                   21           802087    interval
c
c ---- [ proof ] -------------------------------------------------------------
c
c proof_added:                       17294902               50 %  per line
c proof_bytes:                     1529872384             1459 MB 
c proof_deleted:                     17205638               50 %  per line
c
c ---- [ glue usage ] --------------------------------------------------------
c
c focused glue 5   used  895642 clauses  4.07% accumulated 53.49% tier1
c focused glue 6   used 1016340 clauses  4.61% accumulated 58.10%
c focused glue 7-9 used 4642158 clauses 21.07% accumulated 79.17%
c focused glue 10  used 1462193 clauses  6.64% accumulated 85.81%
c focused glue 11  used 1053236 clauses  4.78% accumulated 90.59% tier2
c
c stable glue 5    used 2388952 clauses  7.55% accumulated 51.05% tier1
c stable glue 6    used 1963119 clauses  6.20% accumulated 57.26%
c stable glue 7-12 used 8675481 clauses 27.42% accumulated 84.68%
c stable glue 13   used  986877 clauses  3.12% accumulated 87.80%
c stable glue 14   used  821432 clauses  2.60% accumulated 90.39% tier2
c
c ---- [ resources ] ---------------------------------------------------------
c
c maximum-resident-set-size:         70328320 bytes         67 MB
c process-time:                            30m            1799.83 seconds
c raising signal 15 (SIGTERM)
