c ---- [ banner ] ------------------------------------------------------------
c
c Kissat SAT Solver
c 
c Copyright (c) 2021-2024 Armin Biere University of Freiburg
c Copyright (c) 2019-2021 Armin Biere Johannes Kepler University Linz
c 
c Version 4.0.0 unknown
c gcc (Ubuntu 13.3.0-6ubuntu2~24.04.1) 13.3.0 -W -Wall -O3 -DNDEBUG
c Mon Aug 3 21:56:23 UTC 2026 Linux runnervmvrwv9 6.17.0-1020-azure x86_64
c
c ---- [ proving ] -----------------------------------------------------------
c
c opened and writing proof to DRAT file:
c
c   borsuk_11_k6_q00r00_sixth_base_colorability_screen/work/results/q00r00-s012/q00r00-s012.drat
c
c ---- [ parsing ] -----------------------------------------------------------
c
c opened and reading DIMACS file:
c
c   borsuk_11_k6_q00r00_sixth_base_colorability_screen/work/input/instances/cases/q00r00-s012/q00r00-s012_12color.cnf
c
c parsed 'p cnf 1959 68900' header
c closing input after reading 897288 bytes (876 KB)
c finished parsing after 0.01 seconds
c
c ---- [ solving ] -----------------------------------------------------------
c
c  seconds switched rate     size/glue tier1  binary       remaining
c         MB reductions conflicts size  tier2    irredundant
c          level restarts redundant glue  trail       variables
c
c *  0.01  5 0 0 0  0 0   0   0 0.0 0 0 0 0 0% 68603 286 1948 99%
c (  0.01  5 0 0 0  0 0   0   0 0.0 0 0 0 0 0% 68603 286 1948 99%
c .  0.01  5 0 0 0  0 0   0   0 0.0 0 0 0 0 0% 68603 286 1948 99%
c f  0.11  8 0 0 0  0 0   0   0 0.0 0 0 0 0 0% 30073 286 5999 306%
c e  0.12  7 0 0 0  0 0   0   0 0.0 0 0 0 0 0% 31444 940 4139 211%
c )  0.12  7 0 0 0  0 0   0   0 0.0 0 0 0 0 0% 31444 940 4139 211%
c {  0.12  7 0 0 0  0 0   0   0 0.0 0 0 2 6 0% 31444 940 4139 211%
c -  0.15  7 23 0 1 35 3 1000 688 1.6 19 12 10 15 36% 31444 940 4139 211%
c }  0.15  7 23 1 1 35 3 1000 688 1.6 19 12 10 15 36% 31444 940 4139 211%
c [  0.15  7 0 1 1 35 0 1000 688 0.0 0 0 2 6 0% 31444 940 4139 211%
c B  0.15  7 23 1 1 35 5 1001 689 1.7 17 10 2 6 32% 31444 940 4139 211%
c -  0.18  7 24 1 2 35 1 2000 1432 1.6 16 9 9 11 36% 31444 940 4139 211%
c ]  0.18  7 24 2 2 35 1 2000 1432 1.6 16 9 9 11 36% 31444 940 4139 211%
c {  0.18  7 23 2 2 35 3 2000 1432 1.6 19 12 10 15 36% 31444 940 4139 211%
c u  0.20  7 23 2 2 35 2 2608 1536 1.8 18 10 10 15 37% 31444 940 4139 211%
c v  0.21  7 23 2 2 35 2 2608 1404 1.8 18 10 10 15 37% 31444 940 4139 211%
c f  0.23  8 23 2 2 35 2 2608 1404 1.8 18 10 10 15 37% 28935 940 5828 297%
c u  0.24  8 23 2 2 35 2 2608 1377 1.8 18 10 10 15 37% 28935 940 5828 297%
c v  0.25  8 23 2 2 35 2 2608 1370 1.8 18 10 10 15 37% 28935 940 5828 297%
c }  0.29  8 21 3 2 36 2 3001 1719 1.7 17 10 10 15 35% 28935 940 5828 297%
c
c  seconds  switched rate       size/glue tier1     binary       remaining
c         MB reductions conflicts     size  tier2      irredundant
c          level restarts  redundant    glue    trail       variables
c
c [  0.29  8 24 3 2 36 1 3001 1719 1.6 16 9 9 11 36% 28935 940 5828 297%
c W  0.30  8 24 3 2 36 1 3001 1719 1.6 16 9 9 11 36% 28935 940 5828 297%
c -  0.31  8 23 3 3 36 1 3417 1981 1.9 19 10 9 12 34% 28935 940 5828 297%
c ]  0.33  8 22 4 3 36 1 3940 2459 1.8 19 10 9 12 33% 28935 940 5828 297%
c {  0.33  8 21 4 3 36 2 3940 2459 1.7 17 10 10 15 35% 28935 940 5828 297%
c -  0.37  8 20 4 4 139 3 5149 3135 1.7 17 10 8 13 33% 28935 940 5828 297%
c }  0.41  8 22 5 4 239 4 6292 4249 1.7 17 10 8 13 31% 28935 940 5828 297%
c [  0.41  8 22 5 4 239 1 6292 4249 1.8 19 10 9 12 33% 28935 940 5828 297%
c I  0.41  8 22 5 4 239 1 6292 4249 1.8 19 10 9 12 33% 28935 940 5828 297%
c -  0.44  9 33 5 5 239 1 7149 4435 1.9 24 13 10 19 31% 28935 940 5828 297%
c u  0.49  9 34 5 5 240 1 8069 5281 1.9 25 14 10 21 31% 28935 940 5828 297%
c v  0.49 11 34 5 5 240 1 8069 5264 1.9 25 14 10 21 31% 28935 940 5828 297%
c w  0.50 11 34 5 5 240 1 8069 5259 1.9 25 14 10 21 31% 28935 940 5828 297%
c ]  0.53  9 33 6 5 241 1 8746 5916 1.8 25 14 10 21 31% 28935 940 5828 297%
c {  0.53  9 22 6 5 241 4 8746 5916 1.7 17 10 8 13 31% 28935 940 5828 297%
c -  0.55  9 25 6 6 260 4 9387 6043 1.7 17 10 9 13 31% 28935 940 5828 297%
c o  0.58 10 28 6 6 325 4 10060 6708 1.7 18 10 9 13 31% 28935 940 5828 297%
c -  0.65 10 32 6 7 445 5 11836 7539 1.7 18 10 9 13 30% 28935 940 5828 297%
c }  0.69 10 34 7 7 569 5 12815 8499 1.7 18 10 9 13 30% 28935 940 5828 297%
c [  0.69 10 33 7 7 569 1 12815 8499 1.8 25 14 10 21 31% 28935 940 5828 297%
c
c  seconds  switched  rate        size/glue  tier1      binary       remaining
c         MB reductions conflicts       size    tier2      irredundant
c          level restarts    redundant     glue     trail       variables
c
c B  0.69 10 33 7 7 569 1 12815 8499 1.8 25 14 10 21 31% 28935 940 5828 297%
c e  0.72 10 32 7 7 569 1 13040 8694 1.8 24 13 10 21 31% 25871 3387 5455 278%
c ^  0.72 10 32 7 7 569 1 13040 8694 1.8 24 13 10 21 31% 25871 3387 5455 278%
c -  0.78  8 27 7 8 570 1 14481 2828 1.8 22 13 10 18 30% 25871 3387 5455 278%
c ]  0.86  9 24 8 8 571 1 16467 4609 1.8 21 12 9 17 30% 25871 3387 5455 278%
c {  0.86  9 34 8 8 571 5 16467 4609 1.7 18 10 9 13 30% 25871 3387 5455 278%
c u  0.88  9 34 8 8 573 5 16544 4044 1.7 18 10 9 13 30% 25871 3387 5455 278%
c v  0.89  9 34 8 8 573 5 16544 3132 1.7 18 10 9 13 30% 25871 3387 5455 278%
c w  0.90  9 34 8 8 573 5 16544 2999 1.7 18 10 9 13 30% 25871 3387 5455 278%
c f  0.91  9 34 8 8 573 5 16544 2999 1.7 18 10 9 13 30% 25869 3387 5456 279%
c u  0.93  8 34 8 8 573 5 16544 2978 1.7 18 10 9 13 30% 25869 3387 5456 279%
c v  0.94  8 34 8 8 573 5 16544 2962 1.7 18 10 9 13 30% 25869 3387 5456 279%
c w  0.94  8 34 8 8 573 5 16544 2949 1.7 18 10 9 13 30% 25869 3387 5456 279%
c -  1.04  8 33 8 9 588 5 17310 3424 1.8 18 10 9 13 30% 25869 3387 5456 279%
c o  1.15  9 31 8 9 807 5 20196 6136 1.8 18 10 9 13 30% 25869 3387 5456 279%
c -  1.16  9 31 8 10 838 5 20310 5988 1.8 18 10 9 13 30% 25869 3387 5456 279%
c }  1.25  9 29 9 10 971 5 22627 8186 1.7 18 10 9 13 29% 25869 3387 5456 279%
c [  1.25  9 24 9 10 971 1 22627 8186 1.8 21 12 9 17 30% 25869 3387 5456 279%
c W  1.26  9 24 9 10 971 1 22627 8186 1.8 21 12 9 17 30% 25869 3387 5456 279%
c -  1.29  9 25 9 11 971 1 23472 8382 1.8 22 12 9 17 30% 25869 3387 5456 279%
c
c  seconds  switched   rate         size/glue  tier1      binary        remaining
c         MB  reductions conflicts        size    tier2      irredundant
c          level  restarts     redundant     glue     trail        variables
c
c e  1.43  9 26 9 11 973 1 26180 10988 1.8 23 13 10 17 30% 26244 4044 4321 221%
c ^  1.43  9 26 9 11 973 1 26180 10988 1.8 23 13 10 17 30% 26244 4044 4321 221%
c -  1.46 10 25 9 12 974 1 26789 7802 1.8 23 13 10 18 30% 26244 4044 4321 221%
c u  1.54 10 25 9 12 975 1 28240 9112 1.8 22 13 10 18 30% 26244 4044 4321 221%
c v  1.56 10 25 9 12 975 1 28240 9024 1.8 22 13 10 18 30% 26244 4044 4321 221%
c w  1.56 11 25 9 12 975 1 28240 8864 1.8 22 13 10 18 30% 26244 4044 4321 221%
c f  1.59 11 25 9 12 975 1 28240 8864 1.8 22 13 10 18 30% 26067 4043 4380 224%
c u  1.61 11 25 9 12 975 1 28240 8798 1.8 22 13 10 18 30% 26067 4043 4380 224%
c v  1.63 11 25 9 12 975 1 28240 8664 1.8 22 13 10 18 30% 26067 4043 4380 224%
c w  1.64 11 25 9 12 975 1 28240 8639 1.8 22 13 10 18 30% 26067 4043 4380 224%
c ]  1.65 11 25 10 12 975 1 28280 8675 1.8 22 13 10 18 30% 26067 4043 4380 224%
c {  1.65 11 29 10 12 975 5 28280 8675 1.7 18 10 9 13 29% 26067 4043 4380 224%
c -  1.73 11 28 10 13 1071 4 30253 9535 1.7 18 10 9 13 30% 26067 4043 4380 224%
c -  1.86 11 26 10 14 1138 4 33858 11290 1.7 18 10 9 12 30% 26067 4043 4380 224%
c }  1.98 11 25 11 14 1281 4 36907 14077 1.7 17 10 9 12 31% 26067 4043 4380 224%
c [  1.98 11 25 11 14 1281 1 36907 14077 1.8 22 13 10 18 30% 26067 4043 4380 224%
c O  1.98 11 25 11 14 1281 1 36907 14077 1.8 22 13 10 18 30% 26067 4043 4380 224%
c -  2.01 11 24 11 15 1281 1 37600 13057 1.8 22 12 10 17 30% 26067 4043 4380 224%
c -  2.17 11 22 11 16 1284 1 41474 15090 1.7 21 12 9 16 31% 26067 4043 4380 224%
c u  2.27 14 21 11 16 1286 1 43266 16568 1.7 21 12 9 16 31% 26067 4043 4380 224%
c
c  seconds   switched    rate         size/glue  tier1     binary        remaining
c         MB   reductions  conflicts        size   tier2      irredundant
c          level    restarts     redundant     glue    trail        variables
c
c v  2.29 14 21 11 16 1286 1 43266 16490 1.7 21 12 9 16 31% 26067 4043 4380 224%
c w  2.30 14 21 11 16 1286 1 43266 16067 1.7 21 12 9 16 31% 26067 4043 4380 224%
c o  2.31 14 21 11 16 1286 1 43266 16067 1.7 21 12 9 16 31% 26067 4043 4380 224%
c ]  2.38 13 29 12 16 1286 1 45008 17786 1.7 22 13 9 16 31% 26067 4043 4380 224%
c {  2.38 13 25 12 16 1286 4 45008 17786 1.7 17 10 9 12 31% 26067 4043 4380 224%
c -  2.41 13 25 12 17 1340 4 45475 16207 1.7 17 10 9 12 31% 26067 4043 4380 224%
c -  2.58 13 24 12 18 1572 4 49598 18207 1.7 18 10 9 12 31% 26067 4043 4380 224%
c -  2.76 14 24 12 19 1847 4 53840 20371 1.7 17 10 9 12 31% 26067 4043 4380 224%
c e  2.81 12 24 12 19 1888 4 54592 21083 1.7 17 10 9 12 31% 26322 4536 3936 201%
c ^  2.81 12 24 12 19 1888 4 54592 21083 1.7 17 10 9 12 31% 26322 4536 3936 201%
c }  2.89 13 24 13 19 1983 4 56489 20906 1.7 17 10 9 12 31% 26322 4536 3936 201%
c [  2.89 13 29 13 19 1983 1 56489 20906 1.7 22 13 9 16 31% 26322 4536 3936 201%
c B  2.89 13 29 13 19 1983 1 56489 20906 1.7 22 13 9 16 31% 26322 4536 3936 201%
c -  2.96 14 32 13 20 1984 1 58199 20370 1.6 22 14 10 18 31% 26322 4536 3936 201%
c u  3.16 14 31 13 20 1987 1 61753 23633 1.6 23 14 10 18 32% 26322 4536 3936 201%
c v  3.19 14 31 13 20 1987 1 61753 23593 1.6 23 14 10 18 32% 26322 4536 3936 201%
c w  3.20 14 31 13 20 1987 1 61753 23534 1.6 23 14 10 18 32% 26322 4536 3936 201%
c -  3.38 14 30 13 21 1988 1 62671 22222 1.6 22 14 10 18 32% 26322 4536 3936 201%
c -  3.58 14 28 13 22 1989 1 67255 24374 1.7 22 13 9 17 33% 26322 4536 3936 201%
c ]  3.59 14 28 14 22 1989 1 67365 24478 1.7 22 13 9 17 33% 26322 4536 3936 201%
c
c  seconds   switched    rate         size/glue  tier1     binary        remaining
c         MB   reductions  conflicts        size   tier2      irredundant
c          level    restarts     redundant     glue    trail        variables
c
c {  3.59 14 24 14 22 1989 4 67365 24478 1.7 17 10 9 12 31% 26322 4536 3936 201%
c -  3.79 14 23 14 23 2208 4 71945 26406 1.7 18 10 9 12 32% 26322 4536 3936 201%
c o  3.84 14 23 14 23 2275 4 73337 27740 1.7 18 10 9 12 32% 26322 4536 3936 201%
c -  4.00 14 23 14 24 2493 4 76740 28654 1.7 18 10 9 12 32% 26322 4536 3936 201%
c -  4.22 15 23 14 25 2858 4 81638 30916 1.7 18 10 9 12 33% 26322 4536 3936 201%
c }  4.24 15 23 15 25 2879 4 82080 31343 1.7 18 10 9 12 33% 26322 4536 3936 201%
c [  4.24 15 28 15 25 2879 1 82080 31343 1.7 22 13 9 17 33% 26322 4536 3936 201%
c W  4.25 15 28 15 25 2879 1 82080 31343 1.7 22 13 9 17 33% 26322 4536 3936 201%
c u  4.38 15 29 15 25 2880 1 83791 32931 1.7 23 14 9 17 33% 26322 4536 3936 201%
c v  4.41 15 29 15 25 2880 1 83791 32625 1.7 23 14 9 17 33% 26322 4536 3936 201%
c w  4.42 15 29 15 25 2880 1 83791 32610 1.7 23 14 9 17 33% 26322 4536 3936 201%
c -  4.60 15 30 15 26 2882 1 86638 32151 1.7 24 14 9 19 33% 26322 4536 3936 201%
c -  4.84 15 30 15 27 2885 1 91738 34011 1.7 24 14 10 19 34% 26322 4536 3936 201%
c ]  5.02 16 29 16 27 2886 1 95262 37394 1.7 25 14 10 19 34% 26322 4536 3936 201%
c {  5.02 16 23 16 27 2886 4 95262 37394 1.7 18 10 9 12 33% 26322 4536 3936 201%
c -  5.11 16 23 16 28 2967 4 96935 36459 1.8 18 10 9 12 33% 26322 4536 3936 201%
c e  5.30 16 23 16 28 3153 4 100289 39671 1.8 18 10 9 12 33% 27583 5666 3197 163%
c ^  5.30 16 23 16 28 3153 4 100289 39671 1.8 18 10 9 12 33% 27583 5666 3197 163%
c -  5.40 17 23 16 29 3269 4 102228 29383 1.8 18 10 9 12 33% 27583 5666 3197 163%
c -  5.63 17 22 16 30 3458 3 107613 32210 1.8 18 10 9 12 34% 27583 5666 3197 163%
c
c  seconds   switched    rate          size/glue  tier1     binary        remaining
c         MB   reductions  conflicts         size   tier2      irredundant
c          level    restarts      redundant     glue    trail        variables
c
c u  5.78 17 22 16 30 3649 4 109546 33838 1.8 18 10 9 12 34% 27583 5666 3197 163%
c v  5.83 17 22 16 30 3649 4 109546 33596 1.8 18 10 9 12 34% 27583 5666 3197 163%
c w  5.85 23 22 16 30 3649 4 109546 33579 1.8 18 10 9 12 34% 27583 5666 3197 163%
c f  5.88 23 22 16 30 3649 4 109546 33579 1.8 18 10 9 12 34% 27574 5666 3198 163%
c u  5.94 23 22 16 30 3649 4 109546 33364 1.8 18 10 9 12 34% 27574 5666 3198 163%
c v  5.98 23 22 16 30 3649 4 109546 33204 1.8 18 10 9 12 34% 27574 5666 3198 163%
c w  6.00 23 22 16 30 3649 4 109546 33191 1.8 18 10 9 12 34% 27574 5666 3198 163%
c -  6.17 20 22 16 31 3833 4 113090 34817 1.8 18 10 9 12 34% 27574 5666 3198 163%
c }  6.19 20 22 17 31 3840 3 113601 35307 1.8 18 10 9 12 34% 27574 5666 3198 163%
c [  6.19 20 29 17 31 3840 1 113601 35307 1.7 25 14 10 19 34% 27574 5666 3198 163%
c I  6.19 20 29 17 31 3840 1 113601 35307 1.7 25 14 10 19 34% 27574 5666 3198 163%
c o  6.19 20 29 17 31 3840 1 113601 35307 1.7 25 14 10 19 34% 27574 5666 3198 163%
c -  6.44 23 41 17 32 3843 1 118657 36474 1.7 28 17 10 21 35% 27574 5666 3198 163%
c -  6.70 23 38 17 33 3846 1 124315 38622 1.7 28 16 10 20 36% 27574 5666 3198 163%
c -  7.00 22 37 17 34 3850 1 130060 41276 1.8 28 16 10 20 36% 27574 5666 3198 163%
c ]  7.02 22 37 18 34 3850 1 130477 41688 1.8 29 16 10 20 36% 27574 5666 3198 163%
c {  7.02 22 22 18 34 3850 3 130477 41688 1.8 18 10 9 12 34% 27574 5666 3198 163%
c -  7.28 23 21 18 35 3853 3 135891 43128 1.8 18 10 9 12 35% 27574 5666 3198 163%
c u  7.51 25 21 18 35 3853 3 138935 45365 1.8 18 10 9 12 35% 27574 5666 3198 163%
c v  7.57 25 21 18 35 3853 3 138935 45130 1.8 18 10 9 12 35% 27574 5666 3198 163%
c
c  seconds   switched    rate          size/glue  tier1     binary        remaining
c         MB   reductions  conflicts         size   tier2      irredundant
c          level    restarts      redundant     glue    trail        variables
c
c w  7.60 25 21 18 35 3853 3 138935 45056 1.8 18 10 9 12 35% 27574 5666 3198 163%
c -  7.75 22 20 18 36 3857 3 141807 37089 1.7 17 10 8 12 36% 27574 5666 3198 163%
c -  8.00 23 19 18 37 3879 3 147807 36775 1.7 17 10 8 12 36% 27574 5666 3198 163%
c }  8.23 23 18 19 37 3879 3 152823 40979 1.7 17 10 8 12 37% 27574 5666 3198 163%
c [  8.23 23 37 19 37 3879 1 152823 40979 1.8 29 16 10 20 36% 27574 5666 3198 163%
c B  8.23 23 37 19 37 3879 1 152823 40979 1.8 29 16 10 20 36% 27574 5666 3198 163%
c -  8.29 23 38 19 38 3880 1 153889 38411 1.8 29 16 10 20 36% 27574 5666 3198 163%
c -  8.56 22 36 19 39 3884 1 160055 41466 1.8 28 16 10 20 37% 27574 5666 3198 163%
c e  8.82 20 34 19 39 3885 1 164866 45942 1.8 27 15 10 20 37% 29375 7076 2695 138%
c ^  8.83 20 34 19 39 3885 1 164866 45942 1.8 27 15 10 20 37% 29375 7076 2695 138%
c o  8.83 21 34 19 39 3885 1 164866 32805 1.8 27 15 10 20 37% 29375 7076 2695 138%
c -  8.90 22 35 19 40 3887 1 166299 32078 1.8 27 15 10 19 38% 29375 7076 2695 138%
c u  9.22 19 34 19 40 3891 1 172202 37602 1.8 26 15 10 19 38% 29375 7076 2695 138%
c v  9.29 25 34 19 40 3891 1 172202 37423 1.8 26 15 10 19 38% 29375 7076 2695 138%
c w  9.31 25 34 19 40 3891 1 172202 37225 1.8 26 15 10 19 38% 29375 7076 2695 138%
c -  9.63 23 34 19 41 3891 1 172625 34511 1.8 26 15 10 19 38% 29375 7076 2695 138%
c W  9.69 19 34 19 41 3892 1 173735 35562 1.8 26 15 10 19 39% 29375 7076 2695 138%
c ]  9.76 19 34 20 41 3892 1 175325 37089 1.8 26 15 10 19 39% 29375 7076 2695 138%
c {  9.76 19 18 20 41 3892 3 175325 37089 1.7 17 10 8 12 37% 29375 7076 2695 138%
c -  9.95 19 19 20 42 4352 3 179029 37112 1.7 17 10 8 12 37% 29375 7076 2695 138%
c
c  seconds   switched    rate          size/glue  tier1     binary        remaining
c         MB   reductions  conflicts         size   tier2      irredundant
c          level    restarts      redundant     glue    trail        variables
c
c - 10.28 19 19 20 43 5076 3 185509 38970 1.7 17 10 8 12 38% 29375 7076 2695 138%
c - 10.60 19 19 20 44 5745 3 192066 40400 1.7 17 10 8 12 38% 29375 7076 2695 138%
c - 10.92 19 19 20 45 6222 3 198700 41746 1.7 17 10 8 12 39% 29375 7076 2695 138%
c } 11.08 19 19 21 45 6467 3 202066 44865 1.7 17 10 8 12 39% 29375 7076 2695 138%
c [ 11.08 19 34 21 45 6467 1 202066 44865 1.8 26 15 10 19 39% 29375 7076 2695 138%
c O 11.08 19 34 21 45 6467 1 202066 44865 1.8 26 15 10 19 39% 29375 7076 2695 138%
c - 11.22 19 33 21 46 6469 1 205409 43104 1.7 26 15 10 19 39% 29375 7076 2695 138%
c u 11.46 25 32 21 46 6472 1 209214 46477 1.7 26 15 10 19 40% 29375 7076 2695 138%
c v 11.52 25 32 21 46 6472 1 209214 45062 1.7 26 15 10 19 40% 29375 7076 2695 138%
c w 11.54 25 32 21 46 6472 1 209214 43866 1.7 26 15 10 19 40% 29375 7076 2695 138%
c x 11.57 25 32 21 46 6472 1 209214 43864 1.7 26 15 10 19 40% 29375 7076 2695 138%
c - 11.73 23 31 21 47 6473 1 212191 42076 1.8 25 14 10 18 40% 29375 7076 2695 138%
c - 12.06 23 30 21 48 6477 1 219046 44474 1.8 25 14 10 18 41% 29375 7076 2695 138%
c - 12.42 25 29 21 49 6480 1 225975 46539 1.8 25 14 10 18 42% 29375 7076 2695 138%
c ] 12.55 25 28 22 49 6481 1 228350 48815 1.8 25 14 10 18 42% 29375 7076 2695 138%
c { 12.55 25 19 22 49 6481 3 228350 48815 1.7 17 10 8 12 39% 29375 7076 2695 138%
c o 12.55 23 19 22 49 6495 3 228403 48867 1.7 17 10 8 12 39% 29375 7076 2695 138%
c - 12.98 25 21 22 50 7740 4 232975 47489 1.7 17 10 8 12 39% 29375 7076 2695 138%
c - 13.64 25 24 22 51 9636 5 240047 47950 1.7 18 10 8 12 40% 29375 7076 2695 138%
c - 14.30 25 27 22 52 11234 6 247188 48309 1.7 19 11 8 12 40% 29375 7076 2695 138%
c
c  seconds   switched     rate          size/glue  tier1     binary        remaining
c         MB   reductions   conflicts         size   tier2      irredundant
c          level    restarts       redundant     glue    trail        variables
c
c e 14.58 20 28 22 52 11776 6 249803 50909 1.7 19 11 8 12 40% 32277 9260 2286 117%
c ! 14.59 20 28 22 52 11776 6 249803 50909 1.7 19 11 8 12 40% 32277 9260 2286 117%
c u 14.75 23 28 22 52 11868 6 250238 31490 1.7 19 11 8 12 40% 32277 9260 2286 117%
c v 14.86 23 28 22 52 11868 6 250238 31339 1.7 19 11 8 12 40% 32277 9260 2286 117%
c w 14.91 23 28 22 52 11868 6 250238 31328 1.7 19 11 8 12 40% 32277 9260 2286 117%
c f 14.97 20 28 22 52 11868 6 250238 31328 1.7 19 11 8 12 40% 31697 9196 2321 118%
c u 15.10 23 28 22 52 11868 6 250238 30061 1.7 19 11 8 12 40% 31697 9196 2321 118%
c v 15.21 23 28 22 52 11868 6 250238 29881 1.7 19 11 8 12 40% 31697 9196 2321 118%
c w 15.25 23 28 22 52 11868 6 250238 29865 1.7 19 11 8 12 40% 31697 9196 2321 118%
c - 15.62 23 29 22 53 12745 6 254399 29718 1.8 19 11 8 12 41% 31697 9196 2321 118%
c } 16.06 23 31 23 53 13893 7 259867 35150 1.8 20 11 8 12 41% 31697 9196 2321 118%
c [ 16.06 23 28 23 53 13893 1 259867 35150 1.8 25 14 10 18 42% 31697 9196 2321 118%
c B 16.06 23 28 23 53 13893 1 259867 35150 1.8 25 14 10 18 42% 31697 9196 2321 118%
c - 16.16 23 29 23 54 13894 1 261679 32388 1.8 25 14 10 18 42% 31697 9196 2321 118%
c - 16.53 23 28 23 55 13899 1 269027 34382 1.8 26 14 9 18 43% 31697 9196 2321 118%
c - 16.94 23 28 23 56 13903 1 276444 36421 1.8 25 14 9 18 44% 31697 9196 2321 118%
c - 17.34 23 27 23 57 13906 1 283929 37586 1.8 25 14 9 17 45% 31697 9196 2321 118%
c W 17.76 19 26 23 57 13907 1 291317 44563 1.8 25 14 9 17 45% 31697 9196 2321 118%
c - 17.78 19 26 23 58 13907 1 291479 38674 1.8 25 14 9 17 45% 31697 9196 2321 118%
c u 18.09 25 26 23 58 13910 1 295047 42042 1.8 25 14 9 17 45% 31697 9196 2321 118%
c
c  seconds   switched     rate          size/glue  tier1     binary        remaining
c         MB   reductions   conflicts         size   tier2      irredundant
c          level    restarts       redundant     glue    trail        variables
c
c v 18.22 25 26 23 58 13910 1 295047 41806 1.8 25 14 9 17 45% 31697 9196 2321 118%
c w 18.27 25 26 23 58 13910 1 295047 41594 1.8 25 14 9 17 45% 31697 9196 2321 118%
c - 18.50 23 26 23 59 13913 1 299094 39173 1.8 25 14 9 17 46% 31697 9196 2321 118%
c - 18.88 23 25 23 60 13916 1 306778 39796 1.8 25 14 9 17 46% 31697 9196 2321 118%
c ] 19.23 25 24 24 60 13921 1 314077 46517 1.8 24 13 9 17 46% 31697 9196 2321 118%
c { 19.23 25 31 24 60 13921 7 314077 46517 1.8 20 11 8 12 41% 31697 9196 2321 118%
c o 19.23 25 31 24 60 13927 7 314109 46548 1.8 20 11 8 12 41% 31697 9196 2321 118%
c - 19.26 23 31 24 61 13944 7 314525 40968 1.8 20 11 8 13 41% 31697 9196 2321 118%
c - 19.60 25 30 24 62 13965 6 322335 41837 1.8 20 11 8 12 42% 31697 9196 2321 118%
c - 19.97 23 28 24 63 13968 6 330212 42829 1.8 19 11 8 12 42% 31697 9196 2321 118%
c - 20.34 25 27 24 64 14028 5 338150 44844 1.8 19 11 8 12 43% 31697 9196 2321 118%
c u 20.71 25 26 24 64 14048 5 343990 46883 1.8 19 11 8 12 43% 31697 9196 2321 118%
c v 20.81 25 26 24 64 14048 5 343990 44273 1.8 19 11 8 12 43% 31697 9196 2321 118%
c w 20.85 25 26 24 64 14048 5 343990 43723 1.8 19 11 8 12 43% 31697 9196 2321 118%
c - 20.97 23 26 24 65 14091 5 346150 43229 1.7 19 11 8 12 43% 31697 9196 2321 118%
c } 21.17 23 25 25 65 14112 5 350754 47585 1.8 19 11 8 12 43% 31697 9196 2321 118%
c [ 21.17 23 24 25 65 14112 1 350754 47585 1.8 24 13 9 17 46% 31697 9196 2321 118%
c I 21.17 23 24 25 65 14112 1 350754 47585 1.8 24 13 9 17 46% 31697 9196 2321 118%
c - 21.34 25 25 25 66 14114 1 354212 46356 1.8 25 13 9 17 47% 31697 9196 2321 118%
c e 21.44 20 25 25 66 14116 1 356244 48336 1.8 25 13 9 17 47% 31764 9222 2315 118%
c
c  seconds   switched     rate          size/glue  tier1     binary        remaining
c         MB   reductions   conflicts         size   tier2      irredundant
c          level    restarts       redundant     glue    trail        variables
c
c - 21.76 23 25 25 67 14118 1 362337 47920 1.8 25 13 9 17 47% 31764 9222 2315 118%
c - 22.20 25 24 25 68 14124 1 370522 49850 1.8 25 13 9 17 47% 31764 9222 2315 118%
c - 22.67 25 24 25 69 14126 1 378770 51105 1.8 25 13 9 17 47% 31764 9222 2315 118%
c ] 22.78 25 24 26 69 14126 1 380689 52932 1.8 25 13 9 17 47% 31764 9222 2315 118%
c { 22.78 25 25 26 69 14126 5 380689 52932 1.8 19 11 8 12 43% 31764 9222 2315 118%
c - 23.11 25 25 26 70 14224 5 387076 52286 1.8 19 11 8 12 43% 31764 9222 2315 118%
c o 23.43 25 24 26 70 14245 4 394299 58950 1.8 19 11 8 12 44% 31764 9222 2315 118%
c - 23.49 25 24 26 71 14264 4 395444 53736 1.8 19 11 8 12 44% 31764 9222 2315 118%
c u 23.73 25 24 26 71 14290 4 397145 55292 1.8 19 11 8 12 44% 31764 9222 2315 118%
c v 23.85 25 24 26 71 14290 4 397145 55130 1.8 19 11 8 12 44% 31764 9222 2315 118%
c w 23.89 25 24 26 71 14290 4 397145 54907 1.8 19 11 8 12 44% 31764 9222 2315 118%
c f 24.35 20 24 26 71 14290 4 397145 54907 1.8 19 11 8 12 44% 31714 9219 2318 118%
c u 24.46 25 24 26 71 14290 4 397145 54865 1.8 19 11 8 12 44% 31714 9219 2318 118%
c v 24.54 25 24 26 71 14290 4 397145 54491 1.8 19 11 8 12 44% 31714 9219 2318 118%
c w 24.57 25 24 26 71 14290 4 397145 54459 1.8 19 11 8 12 44% 31714 9219 2318 118%
c - 24.96 25 23 26 72 14330 4 403871 54998 1.8 18 10 8 12 44% 31714 9219 2318 118%
c - 25.35 25 22 26 73 14430 4 412356 57090 1.8 18 10 8 12 44% 31714 9219 2318 118%
c - 25.77 25 22 26 74 14523 4 420900 59266 1.7 18 10 8 12 44% 31714 9219 2318 118%
c } 25.87 25 21 27 74 14569 4 422908 61063 1.7 18 10 8 12 45% 31714 9219 2318 118%
c [ 25.87 25 24 27 74 14569 1 422908 61063 1.8 25 13 9 17 47% 31714 9219 2318 118%
c
c  seconds   switched     rate          size/glue  tier1     binary        remaining
c         MB   reductions   conflicts         size   tier2      irredundant
c          level    restarts       redundant     glue    trail        variables
c
c B 25.87 25 24 27 74 14569 1 422908 61063 1.8 25 13 9 17 47% 31714 9219 2318 118%
c - 26.19 25 24 27 75 14574 1 429504 61937 1.8 24 13 9 17 47% 31714 9219 2318 118%
c - 26.64 25 24 27 76 14578 1 438166 64813 1.8 24 13 9 17 47% 31714 9219 2318 118%
c - 27.08 26 23 27 77 14582 1 446884 66127 1.8 24 13 9 16 48% 31714 9219 2318 118%
c u 27.66 28 23 27 77 14583 1 454559 73207 1.8 24 13 9 16 48% 31714 9219 2318 118%
c v 27.80 30 23 27 77 14583 1 454559 72617 1.8 24 13 9 16 48% 31714 9219 2318 118%
c w 27.85 30 23 27 77 14583 1 454559 71572 1.8 24 13 9 16 48% 31714 9219 2318 118%
c - 27.95 24 23 27 78 14583 1 455658 65722 1.8 24 13 9 16 48% 31714 9219 2318 118%
c ] 28.23 26 23 28 78 14587 1 460351 70184 1.8 24 13 9 16 48% 31714 9219 2318 118%
c { 28.23 26 21 28 78 14587 4 460351 70184 1.7 18 10 8 12 45% 31714 9219 2318 118%
c - 28.45 26 21 28 79 14613 3 464490 66882 1.7 18 10 8 12 45% 31714 9219 2318 118%
c - 28.91 26 21 28 80 14774 3 473379 68381 1.7 17 10 8 12 45% 31714 9219 2318 118%
c - 29.37 26 20 28 81 14959 3 482324 70667 1.7 17 10 8 12 45% 31714 9219 2318 118%
c o 29.54 26 20 28 81 14991 3 485961 73955 1.7 17 10 8 12 45% 31714 9219 2318 118%
c - 29.83 26 20 28 82 15076 3 491324 73764 1.7 17 10 8 12 45% 31714 9219 2318 118%
c - 30.29 26 19 28 83 15225 3 500379 76522 1.7 17 10 8 12 45% 31714 9219 2318 118%
c } 30.75 26 19 29 83 15616 3 508490 83957 1.7 17 10 8 12 45% 31714 9219 2318 118%
c [ 30.75 26 23 29 83 15616 1 508490 83957 1.8 24 13 9 16 48% 31714 9219 2318 118%
c W 30.76 20 23 29 83 15616 1 508490 83957 1.8 24 13 9 16 48% 31714 9219 2318 118%
c - 30.83 22 23 29 84 15616 1 509490 79602 1.8 24 13 9 16 48% 31714 9219 2318 118%
c
c  seconds   switched     rate          size/glue  tier1     binary        remaining
c         MB   reductions   conflicts         size   tier2      irredundant
c          level    restarts       redundant     glue    trail        variables
c
c u 31.40 33 23 29 84 15621 1 516313 85892 1.9 24 13 9 16 48% 31714 9219 2318 118%
c v 31.56 33 23 29 84 15621 1 516313 85554 1.9 24 13 9 16 48% 31714 9219 2318 118%
c w 31.61 33 23 29 84 15621 1 516313 85269 1.9 24 13 9 16 48% 31714 9219 2318 118%
c - 31.80 29 23 29 85 15622 1 518655 82461 1.9 24 13 9 16 48% 31714 9219 2318 118%
c - 32.36 30 23 29 86 15628 1 527875 85155 1.9 24 13 9 16 48% 31714 9219 2318 118%
c - 32.96 30 22 29 87 15630 1 537149 86953 1.9 24 13 9 16 48% 31714 9219 2318 118%
c - 33.59 31 22 29 88 15635 1 546476 87532 1.8 24 13 9 16 48% 31714 9219 2318 118%
c ] 33.72 31 22 30 88 15636 1 548410 89313 1.8 24 13 9 16 48% 31714 9219 2318 118%
c { 33.72 31 19 30 88 15636 3 548410 89313 1.7 17 10 8 12 45% 31714 9219 2318 118%
c - 34.15 31 19 30 89 15896 3 555856 88000 1.7 17 10 8 12 46% 31714 9219 2318 118%
c - 34.66 31 18 30 90 16085 3 565289 88997 1.7 17 10 8 12 46% 31714 9219 2318 118%
c - 35.18 31 18 30 91 16301 3 574775 90967 1.7 17 10 8 12 46% 31714 9219 2318 118%
c u 35.89 34 18 30 91 16821 3 582458 97770 1.7 17 10 8 12 46% 31714 9219 2318 118%
c v 36.06 34 18 30 91 16821 3 582458 95938 1.7 17 10 8 12 46% 31714 9219 2318 118%
c w 36.13 34 18 30 91 16821 3 582458 95754 1.7 17 10 8 12 46% 31714 9219 2318 118%
c - 36.28 30 18 30 92 16921 3 584314 92402 1.7 17 10 8 12 46% 31714 9219 2318 118%
c o 36.37 30 18 30 92 16964 3 586019 94066 1.7 17 10 8 12 46% 31714 9219 2318 118%
c - 36.83 31 18 30 93 17236 3 593905 96269 1.7 17 10 8 12 46% 31714 9219 2318 118%
c } 37.35 34 18 31 93 17649 3 602844 104469 1.7 17 10 8 12 46% 31714 9219 2318 118%
c [ 37.35 34 22 31 93 17649 1 602844 104469 1.8 24 13 9 16 48% 31714 9219 2318 118%
c
c  seconds   switched     rate           size/glue  tier1     binary        remaining
c         MB   reductions   conflicts          size   tier2      irredundant
c          level    restarts       redundant      glue    trail        variables
c
c O 37.35 34 22 31 93 17649 1 602844 104469 1.8 24 13 9 16 48% 31714 9219 2318 118%
c - 37.42 34 22 31 94 17649 1 603551 98408 1.8 24 13 9 16 48% 31714 9219 2318 118%
c - 38.01 32 22 31 95 17655 1 613246 99804 1.9 24 13 9 16 49% 31714 9219 2318 118%
c - 38.66 33 21 31 96 17661 1 622992 100609 1.9 23 13 9 16 49% 31714 9219 2318 118%
c - 39.29 34 22 31 97 17663 1 632791 99911 1.9 24 13 9 16 49% 31714 9219 2318 118%
c - 39.92 33 22 31 98 17669 1 642640 99442 1.9 24 13 9 16 49% 31714 9219 2318 118%
c ] 40.50 34 22 32 98 17673 1 651674 108057 1.9 24 13 9 16 49% 31714 9219 2318 118%
c { 40.50 34 18 32 98 17673 3 651674 108057 1.7 17 10 8 12 46% 31714 9219 2318 118%
c - 40.58 32 18 32 99 17695 3 652539 101531 1.7 17 10 8 12 46% 31714 9219 2318 118%
c u 40.88 36 18 32 99 17695 3 653044 100443 1.7 17 10 8 12 46% 31714 9219 2318 118%
c v 41.09 36 18 32 99 17695 3 653044 100403 1.7 17 10 8 12 46% 31714 9219 2318 118%
c w 41.17 36 18 32 99 17695 3 653044 100303 1.7 17 10 8 12 46% 31714 9219 2318 118%
c - 41.80 34 18 32 100 18241 3 662489 101625 1.7 17 10 8 12 46% 31714 9219 2318 118%
c - 42.41 34 18 32 101 18561 3 672489 102489 1.7 17 10 8 12 46% 31714 9219 2318 118%
c - 43.04 36 18 32 102 18911 3 682539 103030 1.7 17 10 8 12 46% 31714 9219 2318 118%
c - 43.68 34 18 32 103 19412 3 692638 103669 1.7 16 10 8 12 46% 31714 9219 2318 118%
c o 43.88 34 18 32 103 19602 3 696059 106731 1.7 16 10 8 12 46% 31714 9219 2318 118%
c - 44.29 36 18 32 104 19844 3 702787 103831 1.7 16 10 8 12 46% 31714 9219 2318 118%
c } 44.90 33 18 33 104 20321 3 712779 112788 1.7 16 10 8 12 47% 31714 9219 2318 118%
c [ 44.90 33 22 33 104 20321 1 712779 112788 1.9 24 13 9 16 49% 31714 9219 2318 118%
c
c  seconds   switched      rate           size/glue  tier1     binary        remaining
c         MB   reductions    conflicts          size   tier2      irredundant
c          level     restarts       redundant      glue    trail        variables
c
c B 44.90 33 22 33 104 20321 1 712779 112788 1.9 24 13 9 16 49% 31714 9219 2318 118%
c - 44.93 33 22 33 105 20321 1 712985 103680 1.9 24 13 9 16 49% 31714 9219 2318 118%
c - 45.51 36 22 33 106 20327 1 723232 105323 1.9 24 13 9 16 49% 31714 9219 2318 118%
c u 46.05 36 22 33 106 20330 1 728127 109728 1.9 24 13 9 16 48% 31714 9219 2318 118%
c v 46.25 38 22 33 106 20330 1 728127 107414 1.9 24 13 9 16 48% 31714 9219 2318 118%
c w 46.33 38 22 33 106 20330 1 728127 105171 1.9 24 13 9 16 48% 31714 9219 2318 118%
c - 46.71 32 21 33 107 20334 1 733527 103183 1.9 24 13 9 16 48% 31714 9219 2318 118%
c - 47.44 34 22 33 108 20335 1 743872 106078 1.9 24 13 9 16 48% 31714 9219 2318 118%
c - 48.17 36 21 33 109 20342 1 754264 108742 1.9 24 12 9 16 48% 31714 9219 2318 118%
c - 48.94 34 21 33 110 20348 1 764706 111035 1.9 23 12 9 16 48% 31714 9219 2318 118%
c ] 49.21 34 20 34 110 20349 1 768319 114386 1.9 23 12 9 16 48% 31714 9219 2318 118%
c { 49.21 34 18 34 110 20349 3 768319 114386 1.7 16 10 8 12 47% 31714 9219 2318 118%
c - 49.75 36 17 34 111 20354 2 775194 110241 1.7 16 10 8 12 47% 31714 9219 2318 118%
c - 50.50 33 16 34 112 20354 2 785730 108465 1.7 16 9 8 12 46% 31714 9219 2318 118%
c - 51.20 33 16 34 113 20381 2 796313 107979 1.7 15 9 8 11 46% 31714 9219 2318 118%
c - 51.80 33 15 34 114 20384 2 806945 109313 1.7 15 9 8 11 46% 31714 9219 2318 118%
c u 52.18 38 15 34 114 20384 2 807752 99560 1.7 15 9 8 11 46% 31714 9219 2318 118%
c v 52.40 38 15 34 114 20384 2 807752 97201 1.7 15 9 8 11 46% 31714 9219 2318 118%
c w 52.47 38 15 34 114 20384 2 807752 97059 1.7 15 9 8 11 46% 31714 9219 2318 118%
c - 53.86 32 15 34 115 20387 2 817623 99000 1.7 15 9 8 11 47% 31714 9219 2318 118%
c
c  seconds   switched      rate           size/glue tier1     binary        remaining
c         MB   reductions    conflicts          size  tier2      irredundant
c          level     restarts       redundant     glue    trail        variables
c
c o 53.94 32 14 34 115 20388 2 819143 100149 1.7 15 9 8 11 47% 31714 9219 2318 118%
c - 54.46 33 14 34 116 20432 2 828346 103447 1.7 15 9 8 11 47% 31714 9219 2318 118%
c } 54.87 34 14 35 116 20443 2 836465 109573 1.6 15 9 8 11 47% 31714 9219 2318 118%
c [ 54.87 34 20 35 116 20443 1 836465 109573 1.9 23 12 9 16 48% 31714 9219 2318 118%
c W 55.00 26 20 35 116 20443 1 836465 109573 1.9 23 12 9 16 48% 31714 9219 2318 118%
c - 55.15 26 21 35 117 20445 1 839116 107462 1.9 23 12 9 16 48% 31714 9219 2318 118%
c - 55.76 26 20 35 118 20451 1 849933 112510 1.9 23 12 9 16 48% 31714 9219 2318 118%
c - 56.41 26 20 35 119 20456 1 860795 117122 1.9 23 12 8 16 48% 31714 9219 2318 118%
c - 57.11 38 21 35 120 20460 1 871703 116653 1.9 23 12 8 16 48% 31714 9219 2318 118%
c - 57.87 35 21 35 121 20466 1 882657 114648 1.9 24 12 8 16 48% 31714 9219 2318 118%
c u 58.80 40 21 35 121 20471 1 891973 123289 1.9 24 12 8 16 48% 31714 9219 2318 118%
c v 58.98 40 21 35 121 20471 1 891973 123262 1.9 24 12 8 16 48% 31714 9219 2318 118%
c w 59.06 42 21 35 121 20471 1 891973 123244 1.9 24 12 8 16 48% 31714 9219 2318 118%
c x 59.18 42 21 35 121 20471 1 891973 123243 1.9 24 12 8 16 48% 31714 9219 2318 118%
c - 59.38 37 21 35 122 20471 1 893657 113099 1.9 24 12 8 16 48% 31714 9219 2318 118%
c I 59.79 40 21 35 122 20472 1 899016 118196 1.9 24 12 8 16 48% 31714 9219 2318 118%
c ] 59.86 40 22 36 122 20472 1 900117 119273 1.9 24 12 8 16 48% 31714 9219 2318 118%
c { 59.86 40 14 36 122 20472 2 900117 119273 1.6 15 9 8 11 47% 31714 9219 2318 118%
c - 60.29 40 14 36 123 21292 2 904702 111956 1.6 15 9 8 11 47% 31714 9219 2318 118%
c - 61.19 40 15 36 124 22827 2 915793 110820 1.6 15 9 8 11 47% 31714 9219 2318 118%
c
c  seconds   switched      rate           size/glue tier1     binary        remaining
c         MB   reductions    conflicts          size  tier2      irredundant
c          level     restarts       redundant     glue    trail        variables
c
c - 62.07 38 15 36 125 24180 2 926929 110216 1.6 15 9 8 11 47% 31714 9219 2318 118%
c - 62.85 40 16 36 126 25033 2 938109 111340 1.6 15 9 8 11 47% 31714 9219 2318 118%
c o 63.65 38 16 36 126 25999 3 949266 121553 1.6 15 9 8 11 47% 31714 9219 2318 118%
c - 63.68 38 16 36 127 26012 3 949333 112581 1.6 15 9 8 11 47% 31714 9219 2318 118%
c - 64.45 40 16 36 128 26711 3 960602 114822 1.6 15 9 8 11 47% 31714 9219 2318 118%
c - 65.23 40 16 36 129 27432 3 971916 116837 1.6 16 9 8 11 47% 31714 9219 2318 118%
c } 65.49 40 16 37 129 27716 3 975674 120301 1.6 16 10 8 11 47% 31714 9219 2318 118%
c [ 65.49 40 22 37 129 27716 1 975674 120301 1.9 24 12 8 16 48% 31714 9219 2318 118%
c B 65.49 40 22 37 129 27716 1 975674 120301 1.9 24 12 8 16 48% 31714 9219 2318 118%
c u 66.15 42 22 37 129 27720 1 980841 123801 1.9 24 13 8 16 48% 31714 9219 2318 118%
c v 66.44 44 22 37 129 27720 1 980841 123522 1.9 24 13 8 16 48% 31714 9219 2318 118%
c w 66.55 44 22 37 129 27720 1 980841 122863 1.9 24 13 8 16 48% 31714 9219 2318 118%
c - 66.75 37 22 37 130 27721 1 983273 115512 1.9 24 13 8 16 48% 31714 9219 2318 118%
c - 67.48 38 22 37 131 27728 1 994674 115610 1.9 25 13 8 16 48% 31714 9219 2318 118%
c - 68.28 40 22 37 132 27730 1 1006119 115108 1.9 25 13 8 16 49% 31714 9219 2318 118%
c - 69.14 37 22 37 133 27737 1 1017609 114255 2.0 25 13 8 16 49% 31714 9219 2318 118%
c - 70.04 40 21 37 134 27744 1 1029142 112868 2.0 25 13 8 16 49% 31714 9219 2318 118%
c - 70.94 36 21 37 135 27745 1 1040719 110901 2.0 25 13 8 16 49% 31714 9219 2318 118%
c W 71.57 30 21 37 135 27746 1 1048650 118434 2.0 25 13 8 16 49% 31714 9219 2318 118%
c ] 71.74 30 22 38 135 27746 1 1051593 121338 1.9 25 13 8 16 49% 31714 9219 2318 118%
c
c  seconds   switched      rate            size/glue  tier1     binary        remaining
c         MB   reductions     conflicts          size   tier2      irredundant
c          level     restarts        redundant      glue    trail        variables
c
c { 71.74 30 16 38 135 27746 3 1051593 121338 1.6 16 10 8 11 47% 31714 9219 2318 118%
c - 71.87 40 17 38 136 27905 3 1052338 108383 1.6 16 10 8 11 47% 31714 9219 2318 118%
c - 73.45 40 21 38 137 30387 4 1063999 107188 1.7 17 10 8 11 47% 31714 9219 2318 118%
c u 75.37 42 24 38 137 32601 4 1074409 117308 1.7 18 11 8 11 47% 31714 9219 2318 118%
c v 75.74 42 24 38 137 32601 4 1074409 116632 1.7 18 11 8 11 47% 31714 9219 2318 118%
c w 75.89 42 24 38 137 32601 4 1074409 115675 1.7 18 11 8 11 47% 31714 9219 2318 118%
c - 76.14 38 24 38 138 32871 4 1075703 105828 1.7 18 11 8 11 47% 31714 9219 2318 118%
c - 77.90 40 27 38 139 35365 5 1087450 106067 1.7 20 11 8 12 47% 31714 9219 2318 118%
c o 78.17 37 28 38 139 35756 5 1089293 107903 1.7 20 11 8 12 47% 31714 9219 2318 118%
c - 79.67 40 30 38 140 37873 6 1099239 106108 1.7 21 12 8 12 47% 31714 9219 2318 118%
c - 81.46 40 32 38 141 40190 6 1111071 105990 1.8 22 12 8 12 47% 31714 9219 2318 118%
c - 83.19 38 34 38 142 42341 7 1122946 105265 1.8 22 13 8 12 47% 31714 9219 2318 118%
c - 84.73 40 36 38 143 43976 7 1134864 104503 1.8 23 13 8 12 47% 31714 9219 2318 118%
c } 84.74 36 36 39 143 43976 7 1134926 104565 1.8 23 13 8 12 47% 31714 9219 2318 118%
c [ 84.74 36 22 39 143 43976 1 1134926 104565 1.9 25 13 8 16 49% 31714 9219 2318 118%
c O 84.74 36 22 39 143 43976 1 1134926 104565 1.9 25 13 8 16 49% 31714 9219 2318 118%
c - 85.48 37 21 39 144 43982 1 1146822 103932 1.9 24 13 8 16 49% 31714 9219 2318 118%
c - 86.27 38 21 39 145 43989 1 1158822 102414 1.9 24 13 8 15 49% 31714 9219 2318 118%
c - 87.14 36 21 39 146 43993 1 1170863 100486 1.9 24 12 8 15 48% 31714 9219 2318 118%
c u 87.83 42 21 39 146 43994 1 1172700 100940 1.9 23 12 8 15 48% 31714 9219 2318 118%
c
c  seconds   switched      rate           size/glue  tier1     binary        remaining
c         MB   reductions     conflicts         size   tier2      irredundant
c          level     restarts        redundant     glue    trail        variables
c
c v 88.35 42 21 39 146 43994 1 1172700 95936 1.9 23 12 8 15 48% 31714 9219 2318 118%
c w 88.52 42 21 39 146 43994 1 1172700 92197 1.9 23 12 8 15 48% 31714 9219 2318 118%
c - 89.27 36 20 39 147 44000 1 1182947 91412 1.9 23 12 8 15 48% 31714 9219 2318 118%
c - 90.09 37 20 39 148 44005 1 1195071 94198 1.9 23 12 8 15 48% 31714 9219 2318 118%
c - 91.03 38 19 39 149 44006 1 1207236 96710 1.9 23 12 8 15 48% 31714 9219 2318 118%
c B 91.92 37 19 39 149 44008 1 1218963 107603 1.9 23 12 8 15 48% 31714 9219 2318 118%
c - 91.97 38 19 39 150 44009 1 1219442 98257 1.9 23 12 8 15 49% 31714 9219 2318 118%
c - 92.80 37 19 39 151 44016 1 1231690 98641 1.9 23 12 8 15 49% 31714 9219 2318 118%
c - 93.81 38 19 39 152 44021 1 1243979 100252 1.9 23 12 8 15 49% 31714 9219 2318 118%
c - 94.85 38 19 39 153 44027 1 1256307 101672 1.9 23 12 8 15 49% 31714 9219 2318 118%
c - 95.75 37 20 39 154 44034 1 1268676 101217 1.9 23 12 8 15 49% 31714 9219 2318 118%
c u 96.73 42 20 39 154 44036 1 1275768 105670 1.9 24 12 8 15 49% 31714 9219 2318 118%
c v 97.12 42 20 39 154 44036 1 1275768 104534 1.9 24 12 8 15 49% 31714 9219 2318 118%
c w 97.27 44 20 39 154 44036 1 1275768 103699 1.9 24 12 8 15 49% 31714 9219 2318 118%
c o 97.29 44 20 39 154 44036 1 1275768 103699 1.9 24 12 8 15 49% 31714 9219 2318 118%
c - 97.68 37 25 39 155 44036 1 1281085 94461 1.8 25 14 8 15 49% 31714 9219 2318 118%
c ] 98.33 38 28 40 155 44037 1 1290674 103821 1.8 25 14 8 15 49% 31714 9219 2318 118%
c { 98.33 38 36 40 155 44037 7 1290674 103821 1.8 23 13 8 12 47% 31714 9219 2318 118%
c - 98.55 36 35 40 156 44045 7 1293534 91444 1.8 23 13 8 12 47% 31714 9219 2318 118%
c - 99.40 37 33 40 157 44052 6 1306023 92803 1.8 23 13 8 12 47% 31714 9219 2318 118%
c
c  seconds    switched      rate           size/glue  tier1     binary        remaining
c          MB   reductions     conflicts         size   tier2      irredundant
c           level     restarts        redundant     glue    trail        variables
c
c - 100.29 36 31 40 158 44052 6 1318553 95022 1.8 22 12 8 12 47% 31714 9219 2318 118%
c - 101.18 38 29 40 159 44083 5 1331123 94920 1.8 21 12 8 12 47% 31714 9219 2318 118%
c - 101.99 37 27 40 160 44156 5 1343733 94604 1.8 21 12 8 12 47% 31714 9219 2318 118%
c - 102.78 37 26 40 161 44191 4 1356383 96324 1.8 20 11 8 12 47% 31714 9219 2318 118%
c - 103.58 36 25 40 162 44247 4 1369071 98736 1.8 20 11 8 12 47% 31714 9219 2318 118%
c - 104.42 40 24 40 163 44355 4 1381798 101225 1.8 20 11 8 12 47% 31714 9219 2318 118%
c } 104.45 36 24 41 163 44356 4 1382148 101548 1.8 20 11 8 12 47% 31714 9219 2318 118%
c [ 104.45 36 28 41 163 44356 1 1382148 101548 1.8 25 14 8 15 49% 31714 9219 2318 118%
c W 104.68 30 28 41 163 44356 1 1382148 101548 1.8 25 14 8 15 49% 31714 9219 2318 118%
c u 105.16 42 28 41 163 44357 1 1383663 98861 1.8 25 14 8 15 49% 31714 9219 2318 118%
c v 105.48 42 28 41 163 44357 1 1383663 97839 1.8 25 14 8 15 49% 31714 9219 2318 118%
c w 105.59 42 28 41 163 44357 1 1383663 97676 1.8 25 14 8 15 49% 31714 9219 2318 118%
c - 106.27 37 27 41 164 44363 1 1394566 98944 1.8 25 14 8 15 49% 31714 9219 2318 118%
c - 107.09 37 25 41 165 44370 1 1407372 101059 1.8 24 14 8 15 49% 31714 9219 2318 118%
c - 108.03 36 24 41 166 44375 1 1420218 102394 1.8 24 13 8 15 49% 31714 9219 2318 118%
c - 108.97 37 24 41 167 44382 1 1433102 103291 1.8 23 13 8 15 49% 31714 9219 2318 118%
c - 109.95 37 23 41 168 44385 1 1446024 105003 1.8 23 13 8 15 49% 31714 9219 2318 118%
c - 110.87 38 23 41 169 44386 1 1458986 104860 1.8 23 13 8 15 49% 31714 9219 2318 118%
c ] 111.51 36 23 42 169 44389 1 1466530 112119 1.8 24 13 8 15 49% 31714 9219 2318 118%
c { 111.51 36 24 42 169 44389 4 1466530 112119 1.8 20 11 8 12 47% 31714 9219 2318 118%
c
c  seconds    switched      rate            size/glue  tier1     binary        remaining
c          MB   reductions     conflicts          size   tier2      irredundant
c           level     restarts        redundant      glue    trail        variables
c
c - 111.93 37 23 42 170 44402 4 1471987 106101 1.8 20 11 8 12 47% 31714 9219 2318 118%
c o 112.02 38 23 42 170 44411 4 1473260 107317 1.8 20 11 8 12 47% 31714 9219 2318 118%
c - 112.78 38 23 42 171 44489 3 1485026 109547 1.8 20 11 8 12 47% 31714 9219 2318 118%
c u 113.95 42 22 42 171 44520 3 1496385 115224 1.8 19 11 8 12 47% 31714 9219 2318 118%
c v 114.34 42 22 42 171 44520 3 1496385 115084 1.8 19 11 8 12 47% 31714 9219 2318 118%
c w 114.48 42 22 42 171 44520 3 1496385 114808 1.8 19 11 8 12 47% 31714 9219 2318 118%
c - 114.63 36 22 42 172 44533 3 1498105 107018 1.8 19 11 8 12 47% 31714 9219 2318 118%
c - 115.47 40 21 42 173 44670 3 1511220 109423 1.8 19 11 8 12 47% 31714 9219 2318 118%
c - 116.28 38 20 42 174 44772 3 1524373 112163 1.8 19 10 8 12 47% 31714 9219 2318 118%
c - 117.16 37 20 42 175 44959 3 1537564 116379 1.8 18 10 8 12 47% 31714 9219 2318 118%
c - 118.06 40 19 42 176 45192 3 1550792 119951 1.8 18 10 8 12 47% 31714 9219 2318 118%
c - 118.99 40 19 42 177 45534 2 1564060 122430 1.8 18 10 8 12 47% 31714 9219 2318 118%
c } 119.16 37 19 43 177 45566 2 1566504 124678 1.8 18 10 8 12 47% 31714 9219 2318 118%
c [ 119.16 37 23 43 177 45566 1 1566504 124678 1.8 24 13 8 15 49% 31714 9219 2318 118%
c I 119.16 37 23 43 177 45566 1 1566504 124678 1.8 24 13 8 15 49% 31714 9219 2318 118%
c - 119.87 40 23 43 178 45572 1 1577364 123323 1.8 24 13 8 15 49% 31714 9219 2318 118%
c - 120.84 40 23 43 179 45579 1 1590705 125415 1.8 24 13 8 15 49% 31714 9219 2318 118%
c - 121.87 40 22 43 180 45584 1 1604084 128083 1.9 23 13 8 15 49% 31714 9219 2318 118%
c u 123.15 40 21 43 180 45590 1 1614011 135973 1.9 23 12 8 15 49% 31714 9219 2318 118%
c v 123.55 42 21 43 180 45590 1 1614011 134002 1.9 23 12 8 15 49% 31714 9219 2318 118%
c
c  seconds    switched      rate            size/glue  tier1     binary        remaining
c          MB   reductions     conflicts          size   tier2      irredundant
c           level     restarts        redundant      glue    trail        variables
c
c w 123.69 42 21 43 180 45590 1 1614011 131656 1.9 23 12 8 15 49% 31714 9219 2318 118%
c - 125.23 42 21 43 181 45592 1 1617502 124876 1.9 23 12 8 15 49% 31714 9219 2318 118%
c - 126.19 42 21 43 182 45595 1 1630955 127769 1.9 23 12 8 15 49% 31714 9219 2318 118%
c - 127.22 42 21 43 183 45596 1 1644445 130388 1.8 23 12 8 15 48% 31714 9219 2318 118%
c ] 127.91 42 21 44 183 45599 1 1652515 137738 1.9 22 12 8 15 48% 31714 9219 2318 118%
c { 127.91 42 19 44 183 45599 2 1652515 137738 1.8 18 10 8 12 47% 31714 9219 2318 118%
c o 127.93 42 19 44 183 45617 2 1652645 137852 1.8 18 10 8 12 47% 31714 9219 2318 118%
c - 128.34 42 19 44 184 45756 2 1657972 105132 1.8 18 10 7 12 47% 31714 9219 2318 118%
c - 129.25 42 18 44 185 46053 2 1671537 98872 1.7 18 10 7 12 47% 31714 9219 2318 118%
c - 130.17 42 18 44 186 46464 2 1685139 98175 1.7 18 10 7 12 47% 31714 9219 2318 118%
c - 131.01 42 18 44 187 46646 2 1698777 99216 1.7 17 10 7 12 47% 31714 9219 2318 118%
c - 131.93 42 18 44 188 47046 2 1712451 100357 1.7 17 10 7 12 47% 31714 9219 2318 118%
c - 132.86 42 18 44 189 47513 2 1726162 101928 1.7 17 10 7 12 47% 31714 9219 2318 118%
c u 133.90 42 18 44 189 47981 2 1736568 110580 1.7 17 10 7 12 47% 31714 9219 2318 118%
c v 134.18 42 18 44 189 47981 2 1736568 109486 1.7 17 10 7 12 47% 31714 9219 2318 118%
c w 134.28 42 18 44 189 47981 2 1736568 109343 1.7 17 10 7 12 47% 31714 9219 2318 118%
c - 134.69 42 18 44 190 48031 2 1739911 100705 1.7 17 10 7 12 47% 31714 9219 2318 118%
c - 135.62 42 18 44 191 48474 2 1753695 101619 1.7 17 10 7 12 47% 31714 9219 2318 118%
c } 136.11 42 17 45 191 48691 2 1761346 108432 1.7 17 10 7 12 47% 31714 9219 2318 118%
c [ 136.11 42 21 45 191 48691 1 1761346 108432 1.9 22 12 8 15 48% 31714 9219 2318 118%
c
c  seconds    switched      rate            size/glue  tier1     binary        remaining
c          MB   reductions     conflicts          size   tier2      irredundant
c           level     restarts        redundant      glue    trail        variables
c
c B 136.11 42 21 45 191 48691 1 1761346 108432 1.9 22 12 8 15 48% 31714 9219 2318 118%
c - 136.50 42 22 45 192 48696 1 1767515 101155 1.8 23 12 8 15 48% 31714 9219 2318 118%
c - 137.43 42 22 45 193 48703 1 1781371 100924 1.9 23 12 8 15 48% 31714 9219 2318 118%
c - 138.36 42 22 45 194 48707 1 1795264 101158 1.9 23 12 8 15 48% 31714 9219 2318 118%
c - 139.39 42 22 45 195 48715 1 1809192 102210 1.9 23 12 8 15 48% 31714 9219 2318 118%
c - 140.45 42 21 45 196 48720 1 1823156 104274 1.9 23 12 8 15 48% 31714 9219 2318 118%
c - 141.58 42 21 45 197 48721 1 1837156 104668 1.9 23 12 8 15 48% 31714 9219 2318 118%
c - 142.69 42 21 45 198 48727 1 1851192 105782 1.9 23 12 8 15 48% 31714 9219 2318 118%
c ] 143.08 42 21 46 198 48729 1 1856439 110697 1.9 23 12 8 15 48% 31714 9219 2318 118%
c { 143.08 42 17 46 198 48729 2 1856439 110697 1.7 17 10 7 12 47% 31714 9219 2318 118%
c o 143.08 42 17 46 198 48733 2 1856493 110750 1.7 17 10 7 12 47% 31714 9219 2318 118%
c u 144.11 42 17 46 198 49063 2 1864080 115487 1.7 17 10 7 12 47% 31714 9219 2318 118%
c v 144.53 42 17 46 198 49063 2 1864080 107794 1.7 17 10 7 12 47% 31714 9219 2318 118%
c w 144.68 42 17 46 198 49063 2 1864080 105537 1.7 17 10 7 12 47% 31714 9219 2318 118%
c - 144.80 42 17 46 199 49064 2 1865263 97985 1.7 17 10 7 12 47% 31714 9219 2318 118%
c - 145.75 42 17 46 200 49538 2 1879369 103896 1.7 17 10 7 12 47% 31714 9219 2318 118%
c - 146.74 42 17 46 201 50266 2 1893511 106285 1.7 17 10 7 12 47% 31714 9219 2318 118%
c - 147.70 42 17 46 202 50809 2 1907688 107113 1.7 17 10 7 12 47% 31714 9219 2318 118%
c - 148.71 42 17 46 203 51570 2 1921901 107462 1.7 17 10 7 12 47% 31714 9219 2318 118%
c - 149.66 42 17 46 204 52081 2 1936149 107032 1.7 16 10 7 12 47% 31714 9219 2318 118%
c
c  seconds    switched      rate            size/glue  tier1     binary        remaining
c          MB   reductions     conflicts          size   tier2      irredundant
c           level     restarts        redundant      glue    trail        variables
c
c - 150.62 42 17 46 205 52575 2 1950432 106605 1.7 16 10 7 12 47% 31714 9219 2318 118%
c - 151.59 42 17 46 206 53073 2 1964749 107145 1.7 16 10 7 12 47% 31714 9219 2318 118%
c } 152.25 42 17 47 206 53395 2 1974484 115989 1.7 16 10 7 12 47% 31714 9219 2318 118%
c [ 152.25 42 21 47 206 53395 1 1974484 115989 1.9 23 12 8 15 48% 31714 9219 2318 118%
c W 152.69 42 21 47 206 53395 1 1974484 115989 1.9 23 12 8 15 48% 31714 9219 2318 118%
c - 152.99 42 21 47 207 53398 1 1979103 106900 1.9 23 12 8 15 48% 31714 9219 2318 118%
c - 153.90 42 21 47 208 53407 1 1993490 105363 1.9 23 12 8 15 48% 31714 9219 2318 118%
c u 154.56 42 21 47 208 53408 1 1996573 107577 1.9 23 12 8 15 48% 31714 9219 2318 118%
c v 154.97 42 21 47 208 53408 1 1996573 106781 1.9 23 12 8 15 48% 31714 9219 2318 118%
c w 155.12 42 21 47 208 53408 1 1996573 105644 1.9 23 12 8 15 48% 31714 9219 2318 118%
c - 155.90 42 21 47 209 53410 1 2007915 101449 1.8 23 13 8 15 48% 31714 9219 2318 118%
c - 156.94 42 22 47 210 53419 1 2022372 101144 1.8 24 13 8 15 49% 31714 9219 2318 118%
c - 158.03 42 21 47 211 53424 1 2036865 102571 1.8 23 13 8 15 49% 31714 9219 2318 118%
c - 159.16 42 21 47 212 53425 1 2051391 103804 1.8 23 13 8 15 48% 31714 9219 2318 118%
c - 160.28 42 21 47 213 53432 1 2065952 104302 1.8 23 13 8 15 48% 31714 9219 2318 118%
c - 161.33 42 21 47 214 53439 1 2080546 101611 1.8 24 13 8 15 48% 31714 9219 2318 118%
c ] 161.66 42 21 48 214 53440 1 2084945 105630 1.8 24 13 8 15 48% 31714 9219 2318 118%
c { 161.66 42 17 48 214 53440 2 2084945 105630 1.7 16 10 7 12 47% 31714 9219 2318 118%
c o 161.66 42 17 48 214 53449 2 2084996 105680 1.7 16 10 7 12 47% 31714 9219 2318 118%
c - 162.40 42 17 48 215 53970 2 2095176 100400 1.7 16 10 7 12 47% 31714 9219 2318 118%
c
c  seconds    switched      rate            size/glue  tier1     binary        remaining
c          MB   reductions     conflicts          size   tier2      irredundant
c           level     restarts        redundant      glue    trail        variables
c
c - 163.38 42 17 48 216 54558 2 2109841 102659 1.7 16 10 7 12 47% 31714 9219 2318 118%
c - 164.35 42 17 48 217 55064 2 2124538 103599 1.7 16 10 7 12 47% 31714 9219 2318 118%
c u 165.50 42 17 48 217 55636 2 2134099 111176 1.7 16 10 7 12 47% 31714 9219 2318 118%
c v 165.94 42 17 48 217 55636 2 2134099 109646 1.7 16 10 7 12 47% 31714 9219 2318 118%
c w 166.10 42 17 48 217 55636 2 2134099 109426 1.7 16 10 7 12 47% 31714 9219 2318 118%
c - 166.49 42 17 48 218 55871 2 2139269 101012 1.7 16 10 7 12 47% 31714 9219 2318 118%
c - 167.52 42 17 48 219 56406 2 2154034 102557 1.7 16 10 7 12 47% 31714 9219 2318 118%
c - 168.58 42 17 48 220 57108 2 2168832 103345 1.7 16 10 7 12 47% 31714 9219 2318 118%
c - 169.58 42 17 48 221 57697 2 2183667 103474 1.7 17 10 7 12 47% 31714 9219 2318 118%
c - 170.60 42 17 48 222 58249 2 2198533 103608 1.7 16 10 7 12 47% 31714 9219 2318 118%
c } 171.56 42 17 49 222 58837 2 2212555 116230 1.7 16 10 7 11 47% 31714 9219 2318 118%
c [ 171.56 42 21 49 222 58837 1 2212555 116230 1.8 24 13 8 15 48% 31714 9219 2318 118%
c O 171.56 42 21 49 222 58837 1 2212555 116230 1.8 24 13 8 15 48% 31714 9219 2318 118%
c - 171.64 42 21 49 223 58837 1 2213433 104744 1.8 24 13 8 15 48% 31714 9219 2318 118%
c - 172.63 42 21 49 224 58846 1 2228366 105043 1.8 24 13 8 15 48% 31714 9219 2318 118%
c - 173.76 42 21 49 225 58851 1 2243332 105712 1.8 24 13 8 15 48% 31714 9219 2318 118%
c - 174.97 42 21 49 226 58859 1 2258332 105575 1.8 24 13 8 15 48% 31714 9219 2318 118%
c - 176.21 42 21 49 227 58866 1 2273365 106047 1.8 24 13 8 15 48% 31714 9219 2318 118%
c u 176.96 42 21 49 227 58866 1 2276685 107255 1.8 24 13 8 15 48% 31714 9219 2318 118%
c v 177.42 42 21 49 227 58866 1 2276685 101760 1.8 24 13 8 15 48% 31714 9219 2318 118%
c
c  seconds    switched      rate           size/glue  tier1     binary        remaining
c          MB   reductions     conflicts         size   tier2      irredundant
c           level     restarts        redundant     glue    trail        variables
c
c w 177.60 42 21 49 227 58866 1 2276685 94719 1.8 24 13 8 15 48% 31714 9219 2318 118%
c - 178.51 42 21 49 228 58867 1 2288433 95848 1.8 23 13 7 15 48% 31714 9219 2318 118%
c - 179.72 42 22 49 229 58874 1 2303532 99703 1.8 24 13 7 15 48% 31714 9219 2318 118%
c - 180.97 42 21 49 230 58881 1 2318664 100352 1.8 24 13 7 15 48% 31714 9219 2318 118%
c ] 181.30 42 21 50 230 58882 1 2322799 104288 1.8 24 13 7 15 48% 31714 9219 2318 118%
c { 181.30 42 17 50 230 58882 2 2322799 104288 1.7 16 10 7 11 47% 31714 9219 2318 118%
c - 182.04 42 16 50 231 58890 2 2333831 101289 1.7 16 10 7 11 47% 31714 9219 2318 118%
c o 182.25 42 16 50 231 58898 2 2336737 103869 1.7 16 10 7 11 47% 31714 9219 2318 118%
c - 183.03 42 16 50 232 58934 2 2349030 101606 1.7 16 10 7 11 47% 31714 9219 2318 118%
c - 183.99 42 15 50 233 58953 2 2364261 101258 1.7 16 9 7 11 47% 31714 9219 2318 118%
c - 184.95 42 14 50 234 58966 2 2379525 101111 1.7 15 9 7 11 47% 31714 9219 2318 118%
c - 185.92 42 14 50 235 59020 2 2394822 102835 1.6 15 9 7 11 47% 31714 9219 2318 118%
c - 186.88 42 13 50 236 59032 2 2410152 104713 1.6 15 9 7 11 47% 31714 9219 2318 118%
c u 188.30 42 13 50 236 59047 2 2424379 114612 1.6 14 9 7 11 47% 31714 9219 2318 118%
c v 188.77 42 13 50 236 59047 2 2424379 110499 1.6 14 9 7 11 47% 31714 9219 2318 118%
c w 188.94 42 13 50 236 59047 2 2424379 110220 1.6 14 9 7 11 47% 31714 9219 2318 118%
c - 189.06 42 13 50 237 59058 2 2425514 99937 1.6 14 9 7 11 47% 31714 9219 2318 118%
c - 190.04 42 12 50 238 59146 2 2440908 103340 1.6 14 9 7 11 47% 31714 9219 2318 118%
c - 191.08 42 12 50 239 59342 1 2456335 109830 1.6 14 9 7 11 47% 31714 9219 2318 118%
c } 191.34 42 12 51 239 59372 1 2460324 112900 1.6 14 9 7 11 47% 31714 9219 2318 118%
c
c  seconds    switched      rate            size/glue  tier1     binary        remaining
c          MB   reductions     conflicts          size   tier2      irredundant
c           level     restarts        redundant      glue    trail        variables
c
c [ 191.34 42 21 51 239 59372 1 2460324 112900 1.8 24 13 7 15 48% 31714 9219 2318 118%
c B 191.34 42 21 51 239 59372 1 2460324 112900 1.8 24 13 7 15 48% 31714 9219 2318 118%
c - 192.16 42 22 51 240 59378 1 2471794 114404 1.8 24 13 7 15 49% 31714 9219 2318 118%
c - 193.38 42 22 51 241 59386 1 2487287 116914 1.8 24 13 7 15 49% 31714 9219 2318 118%
c - 194.70 42 21 51 242 59393 1 2502812 119005 1.8 24 13 7 15 49% 31714 9219 2318 118%
c - 195.94 42 21 51 243 59401 1 2518368 121088 1.8 24 13 7 15 49% 31714 9219 2318 118%
c - 197.27 42 21 51 244 59402 1 2533956 121307 1.8 23 13 7 15 49% 31714 9219 2318 118%
c - 198.66 42 20 51 245 59408 1 2549576 122622 1.8 23 13 7 15 49% 31714 9219 2318 118%
c - 199.93 42 21 51 246 59416 1 2565228 122475 1.8 23 13 7 15 48% 31714 9219 2318 118%
c ] 200.39 42 21 52 246 59417 1 2571382 128437 1.8 23 13 7 15 48% 31714 9219 2318 118%
c { 200.39 42 12 52 246 59417 1 2571382 128437 1.6 14 9 7 11 47% 31714 9219 2318 118%
c o 200.39 42 12 52 246 59422 1 2571410 128465 1.6 14 9 7 11 47% 31714 9219 2318 118%
c u 201.61 42 12 52 246 60450 2 2577183 132117 1.6 14 9 7 11 47% 31714 9219 2318 118%
c v 202.19 42 12 52 246 60450 2 2577183 124789 1.6 14 9 7 11 47% 31714 9219 2318 118%
c w 202.41 42 12 52 246 60450 2 2577183 119038 1.6 14 9 7 11 47% 31714 9219 2318 118%
c - 202.82 42 13 52 247 61166 2 2580912 111909 1.6 14 9 7 11 47% 31714 9219 2318 118%
c - 204.33 42 14 52 248 63744 2 2596629 116592 1.6 15 9 7 11 47% 31714 9219 2318 118%
c - 205.73 42 15 52 249 65614 2 2612377 118717 1.6 15 9 7 11 47% 31714 9219 2318 118%
c - 207.04 42 16 52 250 67084 3 2628156 118356 1.6 15 10 7 11 47% 31714 9219 2318 118%
c - 208.29 42 16 52 251 68303 3 2643967 117694 1.6 15 10 7 11 47% 31714 9219 2318 118%
c
c  seconds    switched      rate            size/glue  tier1     binary        remaining
c          MB   reductions     conflicts          size   tier2      irredundant
c           level     restarts        redundant      glue    trail        variables
c
c - 209.46 42 16 52 252 69129 3 2659810 117274 1.6 15 10 7 11 47% 31714 9219 2318 118%
c - 210.68 42 16 52 253 70173 3 2675686 117594 1.6 16 10 7 11 47% 31714 9219 2318 118%
c - 211.88 42 17 52 254 71013 3 2691592 117509 1.6 16 10 7 11 47% 31714 9219 2318 118%
c - 212.99 42 17 52 255 71436 3 2707529 118858 1.6 16 10 7 11 47% 31714 9219 2318 118%
c } 213.90 42 17 53 255 72089 3 2719169 129601 1.6 16 10 7 11 47% 31714 9219 2318 118%
c [ 213.90 42 21 53 255 72089 1 2719169 129601 1.8 23 13 7 15 48% 31714 9219 2318 118%
c W 214.60 42 21 53 255 72089 1 2719169 129601 1.8 23 13 7 15 48% 31714 9219 2318 118%
c - 214.90 42 21 53 256 72092 1 2723498 120214 1.8 23 13 7 15 49% 31714 9219 2318 118%
c u 216.26 42 21 53 256 72098 1 2735147 130234 1.8 23 13 7 15 49% 31714 9219 2318 118%
c v 216.82 42 21 53 256 72098 1 2735147 128427 1.8 23 13 7 15 49% 31714 9219 2318 118%
c w 217.02 42 21 53 256 72098 1 2735147 124978 1.8 23 13 7 15 49% 31714 9219 2318 118%
c - 217.36 42 21 53 257 72101 1 2739499 116947 1.8 23 13 7 15 49% 31714 9219 2318 118%
c - 218.53 42 20 53 258 72106 1 2755530 118876 1.8 22 13 7 15 49% 31714 9219 2318 118%
c - 219.78 42 20 53 259 72116 1 2771594 121885 1.8 23 13 7 15 49% 31714 9219 2318 118%
c - 221.10 42 20 53 260 72119 1 2787687 123386 1.8 23 13 7 15 49% 31714 9219 2318 118%
c - 222.51 42 20 53 261 72122 1 2803811 124574 1.8 22 13 7 15 49% 31714 9219 2318 118%
c - 223.85 42 20 53 262 72132 1 2819967 124778 1.8 22 12 7 15 49% 31714 9219 2318 118%
c - 225.26 42 20 53 263 72137 1 2836155 123078 1.8 22 12 7 15 49% 31714 9219 2318 118%
c - 226.72 42 20 53 264 72146 1 2852375 121480 1.8 23 12 7 15 49% 31714 9219 2318 118%
c I 226.82 42 20 53 264 72147 1 2853408 122454 1.8 23 12 7 15 49% 31714 9219 2318 118%
c
c  seconds    switched      rate            size/glue  tier1     binary        remaining
c          MB   reductions     conflicts          size   tier2      irredundant
c           level     restarts        redundant      glue    trail        variables
c
c o 226.83 42 20 53 264 72147 1 2853408 122454 1.8 23 12 7 15 49% 31714 9219 2318 118%
c ] 227.41 42 28 54 264 72149 1 2861223 130086 1.7 25 14 7 15 49% 31714 9219 2318 118%
c { 227.41 42 17 54 264 72149 3 2861223 130086 1.6 16 10 7 11 47% 31714 9219 2318 118%
c - 228.62 42 19 54 265 73701 3 2868623 115081 1.7 17 10 7 11 47% 31714 9219 2318 118%
c - 231.25 42 24 54 266 77138 4 2884903 108314 1.7 19 11 7 11 47% 31714 9219 2318 118%
c u 234.21 42 28 54 266 79908 5 2898272 119458 1.7 20 12 7 11 47% 31714 9219 2318 118%
c v 234.94 42 28 54 266 79908 5 2898272 118906 1.7 20 12 7 11 47% 31714 9219 2318 118%
c w 235.23 42 28 54 266 79908 5 2898272 118858 1.7 20 12 7 11 47% 31714 9219 2318 118%
c - 235.91 42 28 54 267 80524 5 2901214 103018 1.7 21 12 7 11 47% 31714 9219 2318 118%
c - 238.56 42 32 54 268 83737 6 2917554 99869 1.8 22 13 7 11 47% 31714 9219 2318 118%
c - 241.23 42 35 54 269 86880 7 2933924 97147 1.8 24 13 7 11 47% 31714 9219 2318 118%
c - 243.83 42 37 54 270 89814 7 2950326 94393 1.8 25 14 7 11 47% 31714 9219 2318 118%
c - 246.20 42 39 54 271 92162 7 2966758 93616 1.8 26 14 7 11 47% 31714 9219 2318 118%
c - 248.29 42 40 54 272 93814 7 2983220 94619 1.9 27 14 7 11 47% 31714 9219 2318 118%
c - 250.40 42 41 54 273 95395 7 2999712 95110 1.9 27 14 7 12 47% 31714 9219 2318 118%
c - 252.70 42 42 54 274 97298 7 3016235 95230 1.9 28 15 7 12 47% 31714 9219 2318 118%
c } 253.13 42 42 55 274 97633 7 3019617 98567 1.9 28 15 7 12 47% 31714 9219 2318 118%
c [ 253.13 42 28 55 274 97633 1 3019617 98567 1.7 25 14 7 15 49% 31714 9219 2318 118%
c B 253.13 42 28 55 274 97633 1 3019617 98567 1.7 25 14 7 15 49% 31714 9219 2318 118%
c - 254.14 42 28 55 275 97640 1 3032788 95146 1.7 25 15 7 15 49% 31714 9219 2318 118%
c
c  seconds    switched      rate           size/glue  tier1     binary        remaining
c          MB   reductions     conflicts         size   tier2      irredundant
c           level     restarts        redundant     glue    trail        variables
c
c - 255.40 42 26 55 276 97647 1 3049371 98983 1.7 24 14 7 15 49% 31714 9219 2318 118%
c - 256.70 42 25 55 277 97656 1 3065985 103364 1.7 24 14 7 15 49% 31714 9219 2318 118%
c u 257.49 42 25 55 277 97656 1 3066612 102881 1.7 24 14 7 15 49% 31714 9219 2318 118%
c v 258.19 42 25 55 277 97656 1 3066612 96122 1.7 24 14 7 15 49% 31714 9219 2318 118%
c w 258.42 42 25 55 277 97656 1 3066612 92602 1.7 24 14 7 15 49% 31714 9219 2318 118%
c - 259.80 42 24 55 278 97662 1 3082628 97113 1.7 24 13 7 15 49% 31714 9219 2318 118%
c - 261.14 42 24 55 279 97663 1 3099301 99055 1.7 24 14 7 15 49% 31714 9219 2318 118%
c - 262.63 42 24 55 280 97673 1 3116006 97728 1.7 24 14 7 15 49% 31714 9219 2318 118%
c - 264.17 42 23 55 281 97678 1 3132740 97750 1.7 24 14 7 15 48% 31714 9219 2318 118%
c - 265.64 42 22 55 282 97688 1 3149503 99002 1.7 23 13 7 15 48% 31714 9219 2318 118%
c - 267.09 42 22 55 283 97693 1 3166295 97769 1.8 23 13 7 15 49% 31714 9219 2318 118%
c W 268.22 42 22 55 283 97694 1 3167805 99214 1.8 23 13 7 15 49% 31714 9219 2318 118%
c o 268.22 42 22 55 283 97694 1 3167805 99214 1.8 23 13 7 15 49% 31714 9219 2318 118%
c - 269.24 42 28 55 284 97694 1 3183117 92453 1.7 24 14 7 15 49% 31714 9219 2318 118%
c - 270.49 42 29 55 285 97695 1 3199969 87471 1.7 25 15 7 15 49% 31714 9219 2318 118%
c - 271.90 42 29 55 286 97696 1 3216850 83673 1.7 25 15 7 15 49% 31714 9219 2318 118%
c - 273.30 42 29 55 287 97706 1 3233761 83052 1.7 26 15 7 15 49% 31714 9219 2318 118%
c u 274.48 42 29 55 287 97709 1 3240188 86707 1.7 26 15 7 15 49% 31714 9219 2318 118%
c v 275.17 42 29 55 287 97709 1 3240188 86631 1.7 26 15 7 15 49% 31714 9219 2318 118%
c w 275.41 42 29 55 287 97709 1 3240188 86118 1.7 26 15 7 15 49% 31714 9219 2318 118%
c
c  seconds    switched      rate           size/glue  tier1     binary        remaining
c          MB   reductions     conflicts         size   tier2      irredundant
c           level     restarts        redundant     glue    trail        variables
c
c - 276.30 42 28 55 288 97712 1 3250702 80771 1.7 26 15 7 15 49% 31714 9219 2318 118%
c - 277.73 42 28 55 289 97723 1 3267673 82568 1.7 26 15 7 15 50% 31714 9219 2318 118%
c - 279.19 42 26 55 290 97726 1 3284675 87018 1.7 26 15 7 15 49% 31714 9219 2318 118%
c ] 279.96 42 25 56 290 97726 1 3293973 95556 1.7 25 14 7 15 49% 31714 9219 2318 118%
c { 279.96 42 42 56 290 97726 7 3293973 95556 1.9 28 15 7 12 47% 31714 9219 2318 118%
c - 280.52 42 40 56 291 97737 7 3301706 91341 1.9 27 14 7 12 47% 31714 9219 2318 118%
c - 281.76 42 36 56 292 97749 6 3318764 93836 1.9 26 14 7 12 47% 31714 9219 2318 118%
c - 283.07 42 33 56 293 97749 5 3335853 95613 1.9 26 13 7 12 47% 31714 9219 2318 118%
c - 284.45 42 31 56 294 97751 4 3352970 96605 2.0 25 13 7 12 47% 31714 9219 2318 118%
c - 285.80 42 28 56 295 97799 4 3370117 96287 1.9 24 13 7 12 47% 31714 9219 2318 118%
c - 287.04 42 26 56 296 97828 4 3387292 97425 1.9 23 12 7 12 47% 31714 9219 2318 118%
c - 288.31 42 24 56 297 97847 3 3404498 98367 1.9 22 12 7 12 47% 31714 9219 2318 118%
c o 288.64 42 24 56 297 97879 3 3408895 102495 1.9 22 12 7 12 47% 31714 9219 2318 118%
c u 290.03 42 23 56 297 97995 3 3419028 109270 1.9 22 12 7 12 47% 31714 9219 2318 118%
c v 290.67 42 23 56 297 97995 3 3419028 103665 1.9 22 12 7 12 47% 31714 9219 2318 118%
c w 290.90 42 23 56 297 97995 3 3419028 102234 1.9 22 12 7 12 47% 31714 9219 2318 118%
c - 291.12 42 23 56 298 97995 3 3421731 94536 1.9 22 12 7 12 47% 31714 9219 2318 118%
c - 292.33 42 22 56 299 97999 3 3438994 98830 1.9 21 11 7 12 47% 31714 9219 2318 118%
c - 293.65 42 21 56 300 98120 3 3456285 101364 1.9 20 11 7 12 47% 31714 9219 2318 118%
c } 294.15 42 20 57 300 98190 2 3463316 107738 1.9 20 11 7 12 47% 31714 9219 2318 118%
c
c  seconds    switched      rate            size/glue  tier1     binary        remaining
c          MB   reductions     conflicts          size   tier2      irredundant
c           level     restarts        redundant      glue    trail        variables
c
c [ 294.15 42 25 57 300 98190 1 3463316 107738 1.7 25 14 7 15 49% 31714 9219 2318 118%
c O 294.15 42 25 57 300 98190 1 3463316 107738 1.7 25 14 7 15 49% 31714 9219 2318 118%
c - 294.93 42 25 57 301 98196 1 3473605 103196 1.7 25 14 7 15 49% 31714 9219 2318 118%
c - 296.45 42 24 57 302 98204 1 3490955 104697 1.8 24 14 7 15 49% 31714 9219 2318 118%
c - 297.92 42 23 57 303 98211 1 3508336 104894 1.8 24 14 7 15 49% 31714 9219 2318 118%
c - 299.45 42 22 57 304 98219 1 3525742 105597 1.8 24 13 7 15 49% 31714 9219 2318 118%
c - 300.97 42 21 57 305 98220 1 3543178 107101 1.8 23 13 7 15 49% 31714 9219 2318 118%
c - 302.59 42 21 57 306 98230 1 3560642 107829 1.8 23 13 7 15 49% 31714 9219 2318 118%
c - 304.11 42 21 57 307 98236 1 3578135 108654 1.8 23 12 7 15 48% 31714 9219 2318 118%
c - 305.73 42 21 57 308 98247 1 3595656 108482 1.9 23 13 7 15 48% 31714 9219 2318 118%
c u 307.20 42 20 57 308 98250 1 3603159 112082 1.9 23 12 7 15 48% 31714 9219 2318 118%
c v 307.96 42 20 57 308 98250 1 3603159 105901 1.9 23 12 7 15 48% 31714 9219 2318 118%
c w 308.22 42 20 57 308 98250 1 3603159 103925 1.9 23 12 7 15 48% 31714 9219 2318 118%
c ] 308.32 42 20 58 308 98250 1 3604008 104705 1.9 23 12 7 15 48% 31714 9219 2318 118%
c { 308.32 42 20 58 308 98250 2 3604008 104705 1.9 20 11 7 12 47% 31714 9219 2318 118%
c - 309.16 42 20 58 309 98265 2 3613206 102012 1.8 20 11 7 12 47% 31714 9219 2318 118%
c - 310.42 42 19 58 310 98449 2 3630785 107824 1.8 19 11 7 12 47% 31714 9219 2318 118%
c - 311.76 42 19 58 311 98743 2 3648393 114332 1.8 19 10 7 12 47% 31714 9219 2318 118%
c o 312.54 42 18 58 311 98850 2 3659383 124057 1.8 18 10 7 12 47% 31714 9219 2318 118%
c - 313.08 42 18 58 312 99033 2 3666029 117353 1.8 18 10 7 11 47% 31714 9219 2318 118%
c
c  seconds    switched      rate            size/glue  tier1     binary        remaining
c          MB   reductions     conflicts          size   tier2      irredundant
c           level     restarts        redundant      glue    trail        variables
c
c - 314.31 42 17 58 313 99175 2 3683692 118851 1.8 18 10 7 11 47% 31714 9219 2318 118%
c - 315.69 42 17 58 314 99651 2 3701383 120550 1.8 18 10 7 11 47% 31714 9219 2318 118%
c - 317.07 42 17 58 315 100260 2 3719103 123651 1.8 17 10 7 11 47% 31714 9219 2318 118%
c - 318.48 42 17 58 316 100731 2 3736852 127184 1.7 17 10 7 11 47% 31714 9219 2318 118%
c - 319.85 42 17 58 317 101115 2 3754629 130893 1.7 17 10 7 11 47% 31714 9219 2318 118%
c - 321.34 42 17 58 318 101688 2 3772435 134469 1.7 17 10 7 11 47% 31714 9219 2318 118%
c } 322.32 42 17 59 318 102032 2 3784639 145350 1.7 17 10 7 11 47% 31714 9219 2318 118%
c [ 322.32 42 20 59 318 102032 1 3784639 145350 1.9 23 12 7 15 48% 31714 9219 2318 118%
c B 322.32 42 20 59 318 102032 1 3784639 145350 1.9 23 12 7 15 48% 31714 9219 2318 118%
c - 322.84 42 21 59 319 102036 1 3790267 136263 1.9 23 13 7 15 48% 31714 9219 2318 118%
c u 323.79 42 21 59 319 102037 1 3792603 131227 1.9 23 13 7 15 48% 31714 9219 2318 118%
c v 324.48 42 21 59 319 102037 1 3792603 130213 1.9 23 13 7 15 48% 31714 9219 2318 118%
c w 324.72 42 21 59 319 102037 1 3792603 129185 1.9 23 13 7 15 48% 31714 9219 2318 118%
c - 326.14 42 20 59 320 102045 1 3808127 128672 1.8 23 12 7 15 48% 31714 9219 2318 118%
c - 327.93 42 20 59 321 102053 1 3826016 132265 1.8 23 12 7 15 48% 31714 9219 2318 118%
c - 329.64 42 21 59 322 102061 1 3843932 132362 1.8 23 13 7 15 48% 31714 9219 2318 118%
c - 331.34 42 21 59 323 102062 1 3861876 132027 1.8 23 13 7 15 48% 31714 9219 2318 118%
c - 333.13 42 20 59 324 102070 1 3879849 135493 1.9 23 13 7 15 48% 31714 9219 2318 118%
c - 334.98 44 20 59 325 102077 1 3897850 136372 1.9 23 12 7 15 48% 31714 9219 2318 118%
c - 336.64 44 21 59 326 102088 1 3915879 133830 1.9 24 13 7 15 48% 31714 9219 2318 118%
c
c  seconds    switched       rate            size/glue  tier1     binary        remaining
c          MB   reductions      conflicts          size   tier2      irredundant
c           level      restarts        redundant      glue    trail        variables
c
c ] 337.88 44 21 60 326 102092 1 3927704 144531 1.8 24 13 7 15 48% 31714 9219 2318 118%
c { 337.88 44 17 60 326 102092 2 3927704 144531 1.7 17 10 7 11 47% 31714 9219 2318 118%
c o 337.89 44 17 60 326 102105 2 3927789 144612 1.7 17 10 7 11 47% 31714 9219 2318 118%
c - 338.45 44 17 60 327 102311 2 3933936 132419 1.7 17 10 7 11 47% 31714 9219 2318 118%
c - 339.96 44 17 60 328 102985 2 3952021 135230 1.7 17 10 7 11 47% 31714 9219 2318 118%
c - 341.48 44 17 60 329 103785 2 3970131 137997 1.7 17 10 7 11 47% 31714 9219 2318 118%
c u 343.75 44 17 60 329 104252 2 3987388 149514 1.7 17 10 7 11 47% 31714 9219 2318 118%
c v 344.60 44 17 60 329 104252 2 3987388 146881 1.7 17 10 7 11 47% 31714 9219 2318 118%
c w 344.89 44 17 60 329 104252 2 3987388 146547 1.7 17 10 7 11 47% 31714 9219 2318 118%
c - 345.02 44 17 60 330 104309 2 3988270 132111 1.7 17 10 7 11 47% 31714 9219 2318 118%
c - 346.55 44 17 60 331 105098 2 4006436 132338 1.7 17 10 7 11 47% 31714 9219 2318 118%
c - 348.07 44 17 60 332 105753 2 4024631 135732 1.7 17 10 7 11 47% 31714 9219 2318 118%
c - 349.56 44 17 60 333 106296 2 4042852 137990 1.7 16 10 7 11 47% 31714 9219 2318 118%
c - 351.06 44 17 60 334 106810 2 4061101 140166 1.7 16 10 7 11 47% 31714 9219 2318 118%
c - 352.61 44 17 60 335 107525 2 4079376 143164 1.7 16 10 7 11 47% 31714 9219 2318 118%
c - 354.26 44 17 60 336 108373 2 4097679 146129 1.7 16 10 7 11 47% 31714 9219 2318 118%
c - 355.81 44 17 60 337 109006 2 4116009 148239 1.7 16 10 7 11 47% 31714 9219 2318 118%
c } 356.15 44 17 61 337 109161 2 4119956 151857 1.7 16 10 7 11 47% 31714 9219 2318 118%
c [ 356.15 44 21 61 337 109161 1 4119956 151857 1.8 24 13 7 15 48% 31714 9219 2318 118%
c W 357.52 44 21 61 337 109161 1 4119956 151857 1.8 24 13 7 15 48% 31714 9219 2318 118%
c
c  seconds    switched       rate            size/glue  tier1     binary        remaining
c          MB   reductions      conflicts          size   tier2      irredundant
c           level      restarts        redundant      glue    trail        variables
c
c - 358.77 44 21 61 338 109170 1 4134368 146784 1.8 24 13 7 15 48% 31714 9219 2318 118%
c - 360.46 44 22 61 339 109176 1 4152752 145154 1.8 24 13 7 15 48% 31714 9219 2318 118%
c - 362.25 44 23 61 340 109187 1 4171163 141416 1.8 25 14 7 15 48% 31714 9219 2318 118%
c u 364.76 44 23 61 340 109191 1 4187542 155673 1.8 26 14 7 15 48% 31714 9219 2318 118%
c v 365.65 44 23 61 340 109191 1 4187542 155202 1.8 26 14 7 15 48% 31714 9219 2318 118%
c w 365.97 62 23 61 340 109191 1 4187542 152777 1.8 26 14 7 15 48% 31714 9219 2318 118%
c - 366.24 54 23 61 341 109191 1 4189602 135598 1.8 26 14 7 15 48% 31714 9219 2318 118%
c - 368.25 54 23 61 342 109196 1 4208068 136647 1.8 26 14 6 15 48% 31714 9219 2318 118%
c - 370.35 54 22 61 343 109206 1 4226562 139333 1.9 25 14 6 15 48% 31714 9219 2318 118%
c - 372.46 54 22 61 344 109213 1 4245087 138441 1.8 25 14 6 15 48% 31714 9219 2318 118%
c - 374.42 54 23 61 345 109221 1 4263634 135455 1.9 26 14 6 15 48% 31714 9219 2318 118%
c ] 375.89 54 23 62 345 109222 1 4277339 148401 1.8 26 14 6 15 48% 31714 9219 2318 118%
c { 375.89 54 17 62 345 109222 2 4277339 148401 1.7 16 10 7 11 47% 31714 9219 2318 118%
c o 375.89 54 17 62 345 109229 2 4277385 148446 1.7 16 10 7 11 47% 31714 9219 2318 118%
c - 376.35 56 17 62 346 109352 2 4282211 133094 1.7 16 10 7 11 47% 31714 9219 2318 118%
c - 377.95 56 17 62 347 110020 2 4300814 134066 1.7 16 10 7 11 47% 31714 9219 2318 118%
c - 379.59 54 17 62 348 110647 2 4319442 136234 1.6 16 10 7 11 47% 31714 9219 2318 118%
c - 381.13 56 17 62 349 111131 2 4338096 136812 1.6 16 10 7 11 47% 31714 9219 2318 118%
c - 382.76 56 17 62 350 111872 2 4356777 137427 1.7 16 10 7 11 47% 31714 9219 2318 118%
c - 384.31 56 17 62 351 112280 2 4375486 139860 1.7 16 10 7 11 47% 31714 9219 2318 118%
c
c  seconds    switched       rate            size/glue  tier1     binary        remaining
c          MB   reductions      conflicts          size   tier2      irredundant
c           level      restarts        redundant      glue    trail        variables
c
c u 386.86 59 17 62 351 113013 2 4393085 154137 1.7 16 10 7 11 47% 31714 9219 2318 118%
c v 387.79 60 17 62 351 113013 2 4393085 150191 1.7 16 10 7 11 47% 31714 9219 2318 118%
c w 388.13 60 17 62 351 113013 2 4393085 149667 1.7 16 10 7 11 47% 31714 9219 2318 118%
c - 388.30 54 17 62 352 113092 2 4394220 135823 1.7 16 10 7 11 47% 31714 9219 2318 118%
c - 389.96 56 17 62 353 113815 2 4412981 112005 1.6 16 10 6 11 47% 31714 9219 2318 118%
c - 391.46 54 17 62 354 114379 2 4431769 107672 1.7 16 10 6 11 47% 31714 9219 2318 118%
c - 393.08 54 17 62 355 115338 2 4450584 107172 1.7 16 10 6 11 47% 31714 9219 2318 118%
c - 394.61 54 17 62 356 115931 2 4469426 106845 1.6 16 10 6 11 47% 31714 9219 2318 118%
c } 395.64 54 17 63 356 116572 2 4481548 117759 1.6 16 10 6 11 47% 31714 9219 2318 118%
c [ 395.64 54 23 63 356 116572 1 4481548 117759 1.8 26 14 6 15 48% 31714 9219 2318 118%
c I 395.64 54 23 63 356 116572 1 4481548 117759 1.8 26 14 6 15 48% 31714 9219 2318 118%
c - 396.17 54 24 63 357 116577 1 4488293 104567 1.9 27 15 6 15 48% 31714 9219 2318 118%
c - 397.77 52 26 63 358 116586 1 4507187 97696 1.9 30 16 6 15 49% 31714 9219 2318 118%
c - 399.36 52 28 63 359 116593 1 4526108 90926 1.9 31 16 6 15 49% 31714 9219 2318 118%
c - 401.05 51 29 63 360 116601 1 4545056 87565 1.8 32 17 6 15 49% 31714 9219 2318 118%
c - 402.62 51 29 63 361 116603 1 4564029 87048 1.8 32 17 6 15 50% 31714 9219 2318 118%
c - 404.24 50 29 63 362 116615 1 4583032 87777 1.8 31 17 6 15 50% 31714 9219 2318 118%
c - 405.90 50 28 63 363 116622 1 4602058 88184 1.8 31 17 6 15 50% 31714 9219 2318 118%
c u 406.88 54 29 63 363 116623 1 4604049 88904 1.8 31 17 6 15 50% 31714 9219 2318 118%
c v 407.72 54 29 63 363 116623 1 4604049 88630 1.8 31 17 6 15 50% 31714 9219 2318 118%
c
c  seconds    switched       rate           size/glue  tier1     binary        remaining
c          MB   reductions      conflicts         size   tier2      irredundant
c           level      restarts        redundant     glue    trail        variables
c
c w 408.02 54 29 63 363 116623 1 4604049 88229 1.8 31 17 6 15 50% 31714 9219 2318 118%
c o 408.04 54 29 63 363 116623 1 4604049 88229 1.8 31 17 6 15 50% 31714 9219 2318 118%
c - 409.47 52 30 63 364 116632 1 4621110 85136 1.7 31 18 6 15 49% 31714 9219 2318 118%
c - 410.92 51 30 63 365 116633 1 4640188 86447 1.8 31 18 6 15 49% 31714 9219 2318 118%
c - 412.57 51 30 63 366 116634 1 4659292 88517 1.8 31 17 6 15 50% 31714 9219 2318 118%
c B 413.22 51 30 63 366 116634 1 4666882 95857 1.8 30 17 6 15 50% 31714 9219 2318 118%
c - 414.21 51 30 63 367 116635 1 4678423 87791 1.8 30 17 6 15 50% 31714 9219 2318 118%
c ] 414.74 51 30 64 367 116640 1 4684682 93850 1.8 30 17 6 15 50% 31714 9219 2318 118%
c { 414.74 51 17 64 367 116640 2 4684682 93850 1.6 16 10 6 11 47% 31714 9219 2318 118%
c - 415.89 52 17 64 368 117200 2 4697581 90728 1.6 16 10 6 11 47% 31714 9219 2318 118%
c - 417.34 52 17 64 369 117671 2 4716766 96204 1.6 16 10 6 11 47% 31714 9219 2318 118%
c - 418.90 54 17 64 370 118457 2 4735975 98719 1.6 16 10 6 11 47% 31714 9219 2318 118%
c - 420.46 54 17 64 371 119049 2 4755210 100847 1.7 16 10 6 11 47% 31714 9219 2318 118%
c - 422.04 54 17 64 372 119669 2 4774471 102369 1.7 16 10 6 11 47% 31714 9219 2318 118%
c - 423.56 54 17 64 373 120277 2 4793760 102995 1.7 16 10 6 11 47% 31714 9219 2318 118%
c - 425.10 54 17 64 374 120960 2 4813075 103102 1.7 16 10 6 11 47% 31714 9219 2318 118%
c u 426.46 44 17 64 374 121252 2 4820456 107021 1.6 16 10 6 11 47% 31714 9219 2318 118%
c v 427.23 44 17 64 374 121252 2 4820456 103887 1.6 16 10 6 11 47% 31714 9219 2318 118%
c w 427.50 44 17 64 374 121252 2 4820456 103428 1.6 16 10 6 11 47% 31714 9219 2318 118%
c - 431.06 44 17 64 375 121577 2 4832414 98732 1.7 16 10 6 11 47% 31714 9219 2318 118%
c
c  seconds    switched       rate            size/glue  tier1     binary        remaining
c          MB   reductions      conflicts          size   tier2      irredundant
c           level      restarts        redundant      glue    trail        variables
c
c - 432.56 44 17 64 376 122110 2 4851780 101062 1.7 16 10 6 11 47% 31714 9219 2318 118%
c - 434.08 44 17 64 377 122651 2 4871171 101020 1.6 16 10 6 11 47% 31714 9219 2318 118%
c - 435.69 44 17 64 378 123565 2 4890587 101394 1.6 16 10 6 11 47% 31714 9219 2318 118%
c o 436.00 44 17 64 378 123750 2 4894218 104625 1.6 16 10 6 11 47% 31714 9219 2318 118%
c } 436.56 44 17 65 378 124042 2 4901182 110857 1.6 16 10 6 11 47% 31714 9219 2318 118%
c [ 436.56 44 30 65 378 124042 1 4901182 110857 1.8 30 17 6 15 50% 31714 9219 2318 118%
c W 438.38 44 30 65 378 124042 1 4901182 110857 1.8 30 17 6 15 50% 31714 9219 2318 118%
c - 439.09 44 30 65 379 124048 1 4910030 99315 1.8 30 17 6 15 50% 31714 9219 2318 118%
c - 440.77 44 28 65 380 124056 1 4929497 95581 1.8 29 16 6 15 50% 31714 9219 2318 118%
c - 442.58 44 27 65 381 124066 1 4948990 94622 1.8 28 16 6 15 50% 31714 9219 2318 118%
c - 444.36 44 26 65 382 124072 1 4968510 94963 1.8 28 15 6 15 50% 31714 9219 2318 118%
c - 446.22 44 25 65 383 124076 1 4988054 95448 1.8 27 15 6 15 50% 31714 9219 2318 118%
c - 448.16 44 24 65 384 124086 1 5007624 95494 1.8 27 15 6 15 50% 31714 9219 2318 118%
c - 449.93 44 24 65 385 124094 1 5027219 91780 1.9 27 15 6 15 50% 31714 9219 2318 118%
c u 451.94 44 24 65 385 124102 1 5042306 104944 1.9 28 15 6 15 50% 31714 9219 2318 118%
c v 452.65 44 24 65 385 124102 1 5042306 103050 1.9 28 15 6 15 50% 31714 9219 2318 118%
c w 452.91 44 24 65 385 124102 1 5042306 102129 1.9 28 15 6 15 50% 31714 9219 2318 118%
c - 453.55 44 24 65 386 124102 1 5046841 86933 1.9 27 15 6 15 50% 31714 9219 2318 118%
c - 455.38 44 24 65 387 124104 1 5066488 88197 1.9 27 14 6 15 50% 31714 9219 2318 118%
c ] 457.33 44 23 66 387 124104 1 5085569 106003 1.9 26 14 6 15 49% 31714 9219 2318 118%
c
c  seconds    switched       rate            size/glue  tier1     binary        remaining
c          MB   reductions      conflicts          size   tier2      irredundant
c           level      restarts        redundant      glue    trail        variables
c
c { 457.33 44 17 66 387 124104 2 5085569 106003 1.6 16 10 6 11 47% 31714 9219 2318 118%
c - 457.41 44 17 66 388 124115 2 5086161 90508 1.6 16 10 6 11 47% 31714 9219 2318 118%
c - 458.94 44 16 66 389 124170 2 5105858 93315 1.6 16 10 6 11 47% 31714 9219 2318 118%
c - 460.41 44 15 66 390 124202 2 5125581 93391 1.6 15 10 6 11 47% 31714 9219 2318 118%
c - 461.88 44 14 66 391 124209 2 5145331 93578 1.6 15 9 6 11 47% 31714 9219 2318 118%
c - 463.34 44 13 66 392 124214 2 5165104 94516 1.6 14 9 6 11 47% 31714 9219 2318 118%
c - 464.84 44 13 66 393 124276 2 5184902 96916 1.6 14 9 6 11 47% 31714 9219 2318 118%
c o 465.54 44 12 66 393 124335 2 5194237 104340 1.6 14 9 6 11 47% 31714 9219 2318 118%
c - 466.33 44 12 66 394 124394 1 5204726 100574 1.6 14 9 6 11 47% 31714 9219 2318 118%
c - 467.82 44 12 66 395 124539 1 5224575 104245 1.6 14 9 6 11 47% 31714 9219 2318 118%
c - 469.35 44 11 66 396 124640 1 5244451 105858 1.6 14 9 6 11 47% 31714 9219 2318 118%
c - 470.92 44 11 66 397 124826 1 5264351 108132 1.6 13 8 6 11 47% 31714 9219 2318 118%
c u 472.16 44 11 66 397 124881 1 5269650 104311 1.6 13 8 6 11 47% 31714 9219 2318 118%
c v 472.98 44 11 66 397 124881 1 5269650 99881 1.6 13 8 6 11 47% 31714 9219 2318 118%
c w 473.19 44 11 66 397 124881 1 5269650 99702 1.6 13 8 6 11 47% 31714 9219 2318 118%
c - 474.41 44 11 66 398 125148 1 5284275 102031 1.6 13 8 6 11 47% 31714 9219 2318 118%
c - 476.02 44 11 66 399 125569 1 5304224 105032 1.6 13 8 6 11 47% 31714 9219 2318 118%
c } 476.85 44 11 67 399 125789 1 5314686 113179 1.6 13 8 6 11 47% 31714 9219 2318 118%
c [ 476.85 44 23 67 399 125789 1 5314686 113179 1.9 26 14 6 15 49% 31714 9219 2318 118%
c O 476.85 44 23 67 399 125789 1 5314686 113179 1.9 26 14 6 15 49% 31714 9219 2318 118%
c
c  seconds    switched       rate            size/glue  tier1     binary        remaining
c          MB   reductions      conflicts          size   tier2      irredundant
c           level      restarts        redundant      glue    trail        variables
c
c - 477.56 44 22 67 400 125795 1 5324199 106500 1.9 26 14 6 15 49% 31714 9219 2318 118%
c - 479.17 44 22 67 401 125803 1 5344201 108073 1.9 25 14 6 15 50% 31714 9219 2318 118%
c - 480.98 44 21 67 402 125814 1 5364225 109806 1.9 24 13 6 15 49% 31714 9219 2318 118%
c - 482.78 44 20 67 403 125819 1 5384274 109599 1.9 24 13 6 15 49% 31714 9219 2318 118%
c - 484.65 44 20 67 404 125825 1 5404348 107950 1.8 24 13 6 15 49% 31714 9219 2318 118%
c - 486.52 44 20 67 405 125834 1 5424450 107117 1.9 24 13 6 15 50% 31714 9219 2318 118%
c - 488.41 44 20 67 406 125844 1 5444574 105128 1.9 25 13 6 15 50% 31714 9219 2318 118%
c - 490.30 44 21 67 407 125850 1 5464723 101887 2.0 26 13 6 15 50% 31714 9219 2318 118%
c - 492.28 44 21 67 408 125851 1 5484900 98378 2.0 27 14 6 15 50% 31714 9219 2318 118%
c u 494.83 44 23 67 408 125851 1 5502488 113820 2.0 27 14 6 15 50% 31714 9219 2318 118%
c v 495.90 44 23 67 408 125851 1 5502488 113286 2.0 27 14 6 15 50% 31714 9219 2318 118%
c w 496.29 44 23 67 408 125851 1 5502488 111638 2.0 27 14 6 15 50% 31714 9219 2318 118%
c - 496.55 44 23 67 409 125851 1 5505099 94269 2.0 27 14 6 15 50% 31714 9219 2318 118%
c ] 497.64 44 24 68 409 125856 1 5517214 106057 2.0 28 14 6 15 51% 31714 9219 2318 118%
c { 497.64 44 11 68 409 125856 1 5517214 106057 1.6 13 8 6 11 47% 31714 9219 2318 118%
c o 497.65 44 11 68 409 125862 1 5517257 106100 1.6 13 8 6 11 47% 31714 9219 2318 118%
c - 498.59 44 12 68 410 127116 2 5525322 95166 1.6 13 9 6 11 47% 31714 9219 2318 118%
c - 500.72 44 13 68 411 129787 2 5545571 99859 1.5 14 9 6 11 47% 31714 9219 2318 118%
c - 502.79 44 14 68 412 132229 2 5565844 104782 1.5 14 9 6 11 47% 31714 9219 2318 118%
c - 504.61 44 15 68 413 133509 2 5586141 106583 1.6 15 9 6 11 47% 31714 9219 2318 118%
c
c  seconds    switched       rate            size/glue  tier1     binary        remaining
c          MB   reductions      conflicts          size   tier2      irredundant
c           level      restarts        redundant      glue    trail        variables
c
c - 506.28 44 15 68 414 134297 2 5606463 107643 1.6 15 10 6 11 47% 31714 9219 2318 118%
c - 508.05 44 16 68 415 135418 2 5626809 108637 1.6 15 10 6 11 47% 31714 9219 2318 118%
c - 509.82 44 16 68 416 136400 2 5647180 110012 1.6 15 10 6 11 47% 31714 9219 2318 118%
c - 511.59 44 16 68 417 137386 2 5667579 111408 1.6 15 10 6 11 47% 31714 9219 2318 118%
c - 513.35 44 17 68 418 138415 2 5687999 112951 1.6 16 10 6 11 47% 31714 9219 2318 118%
c - 515.05 44 17 68 419 139100 2 5708444 113935 1.6 16 10 6 11 47% 31714 9219 2318 118%
c - 516.76 44 17 68 420 139822 2 5728913 114496 1.6 16 10 6 11 47% 31714 9219 2318 118%
c u 518.65 44 16 68 420 140152 2 5740847 122570 1.6 16 10 6 11 47% 31714 9219 2318 118%
c v 519.58 44 16 68 420 140152 2 5740847 114558 1.6 16 10 6 11 47% 31714 9219 2318 118%
c w 519.91 44 16 68 420 140152 2 5740847 114080 1.6 16 10 6 11 47% 31714 9219 2318 118%
c - 520.64 44 16 68 421 140313 2 5749406 105780 1.6 16 10 6 11 47% 31714 9219 2318 118%
c } 521.50 44 17 69 421 140914 2 5759274 114609 1.6 16 10 6 11 47% 31714 9219 2318 118%
c [ 521.50 44 24 69 421 140914 1 5759274 114609 2.0 28 14 6 15 51% 31714 9219 2318 118%
c B 521.50 44 24 69 421 140914 1 5759274 114609 2.0 28 14 6 15 51% 31714 9219 2318 118%
c - 522.36 44 25 69 422 140920 1 5769924 105984 1.9 28 15 6 15 51% 31714 9219 2318 118%
c - 524.09 44 25 69 423 140928 1 5790467 104615 1.9 28 15 6 15 51% 31714 9219 2318 118%
c - 526.13 44 24 69 424 140941 1 5811033 104407 1.9 28 14 6 15 50% 31714 9219 2318 118%
c - 528.41 44 23 69 425 140944 1 5831624 105961 1.9 27 14 6 15 50% 31714 9219 2318 118%
c - 530.42 44 23 69 426 140951 1 5852241 104503 1.9 27 14 6 15 50% 31714 9219 2318 118%
c - 532.51 44 23 69 427 140959 1 5872880 103258 1.9 27 14 6 15 50% 31714 9219 2318 118%
c
c  seconds    switched       rate            size/glue  tier1     binary        remaining
c          MB   reductions      conflicts          size   tier2      irredundant
c           level      restarts        redundant      glue    trail        variables
c
c - 534.57 44 23 69 428 140972 1 5893545 103028 1.9 27 14 6 15 49% 31714 9219 2318 118%
c - 536.63 44 23 69 429 140975 1 5914233 101386 1.9 27 14 6 15 49% 31714 9219 2318 118%
c - 538.73 44 22 69 430 140976 1 5934946 102962 1.9 26 13 6 15 49% 31714 9219 2318 118%
c - 540.65 44 23 69 431 140976 1 5955683 101773 2.0 27 14 6 15 49% 31714 9219 2318 118%
c o 542.29 44 23 69 431 140987 1 5972426 117751 2.0 27 14 6 15 49% 31714 9219 2318 118%
c ] 542.53 44 25 70 431 140989 1 5974878 120021 1.9 28 14 6 15 49% 31714 9219 2318 118%
c { 542.53 44 17 70 431 140989 2 5974878 120021 1.6 16 10 6 11 47% 31714 9219 2318 118%
c - 542.83 44 17 70 432 141265 2 5976443 96788 1.6 16 10 6 11 47% 31714 9219 2318 118%
c u 545.34 44 20 70 432 142714 3 5984752 103664 1.7 17 11 6 11 47% 31714 9219 2318 118%
c v 546.50 44 20 70 432 142714 3 5984752 101993 1.7 17 11 6 11 47% 31714 9219 2318 118%
c w 546.93 44 20 70 432 142714 3 5984752 101796 1.7 17 11 6 11 47% 31714 9219 2318 118%
c - 549.27 44 24 70 433 144864 4 5997228 91387 1.7 19 11 6 11 47% 31714 9219 2318 118%
c - 553.19 44 29 70 434 148478 5 6018037 90381 1.7 22 13 6 11 47% 31714 9219 2318 118%
c - 557.16 44 33 70 435 152048 6 6038869 90420 1.8 24 14 6 11 47% 31714 9219 2318 118%
c - 560.89 44 36 70 436 155044 6 6059725 91207 1.8 26 14 6 11 47% 31714 9219 2318 118%
c - 564.18 44 38 70 437 157253 6 6080607 92596 1.8 27 15 6 11 47% 31714 9219 2318 118%
c - 567.43 44 40 70 438 159417 6 6101511 93836 1.9 28 15 6 11 47% 31714 9219 2318 118%
c - 570.48 44 41 70 439 161126 6 6122440 94579 1.9 29 15 6 11 47% 31714 9219 2318 118%
c - 573.23 44 42 70 440 162398 6 6143392 95598 1.9 30 16 6 11 47% 31714 9219 2318 118%
c - 576.18 44 42 70 441 163884 6 6164368 96260 1.9 31 16 6 11 47% 31714 9219 2318 118%
c
c  seconds    switched       rate           size/glue  tier1     binary        remaining
c          MB   reductions      conflicts         size   tier2      irredundant
c           level      restarts        redundant     glue    trail        variables
c
c - 579.14 44 43 70 442 165315 5 6185368 95895 2.0 31 16 6 11 47% 31714 9219 2318 118%
c - 581.92 44 43 70 443 166429 5 6206391 96311 2.0 32 16 6 11 47% 31714 9219 2318 118%
c - 584.88 44 43 70 444 167875 5 6227442 95941 2.0 32 16 6 11 47% 31714 9219 2318 118%
c } 585.21 44 43 71 444 167984 5 6230207 98636 2.0 32 16 6 11 47% 31714 9219 2318 118%
c [ 585.21 44 25 71 444 167984 1 6230207 98636 1.9 28 14 6 15 49% 31714 9219 2318 118%
c W 587.62 44 25 71 444 167984 1 6230207 98636 1.9 28 14 6 15 49% 31714 9219 2318 118%
c u 589.59 44 25 71 444 167986 1 6234229 99448 1.9 28 15 6 15 49% 31714 9219 2318 118%
c v 591.32 44 25 71 444 167986 1 6234229 98573 1.9 28 15 6 15 49% 31714 9219 2318 118%
c w 591.93 44 25 71 444 167986 1 6234229 98284 1.9 28 15 6 15 49% 31714 9219 2318 118%
c - 593.26 44 25 71 445 167995 1 6248513 90742 1.9 28 15 6 15 49% 31714 9219 2318 118%
c - 595.23 44 25 71 446 168004 1 6269610 93042 1.9 28 14 6 15 49% 31714 9219 2318 118%
c - 597.29 44 25 71 447 168013 1 6290729 95548 1.9 27 15 6 15 49% 31714 9219 2318 118%
c - 599.32 44 25 71 448 168014 1 6311871 93415 1.9 27 15 6 15 49% 31714 9219 2318 118%
c - 601.30 44 26 71 449 168028 1 6333039 90679 1.9 28 15 6 15 49% 31714 9219 2318 118%
c - 603.40 44 27 71 450 168036 1 6354232 88107 1.9 29 16 6 15 49% 31714 9219 2318 118%
c - 605.65 44 27 71 451 168044 1 6375446 86917 1.9 30 15 6 15 50% 31714 9219 2318 118%
c - 607.90 44 26 71 452 168046 1 6396682 88716 2.0 31 15 6 15 50% 31714 9219 2318 118%
c - 610.32 44 27 71 453 168046 1 6417944 87863 2.0 32 16 6 15 50% 31714 9219 2318 118%
c - 612.65 44 28 71 454 168053 1 6439231 86340 2.1 33 16 6 15 50% 31714 9219 2318 118%
c I 614.48 44 28 71 454 168061 1 6455773 102235 2.1 33 16 6 15 50% 31714 9219 2318 118%
c
c  seconds    switched       rate            size/glue  tier1     binary        remaining
c          MB   reductions      conflicts          size   tier2      irredundant
c           level      restarts        redundant      glue    trail        variables
c
c o 614.49 44 28 71 454 168061 1 6455773 102235 2.1 33 16 6 15 50% 31714 9219 2318 118%
c - 614.95 44 42 71 455 168062 1 6460539 86246 1.9 36 19 6 15 50% 31714 9219 2318 118%
c - 616.99 44 41 71 456 168075 1 6481870 85632 1.9 36 19 6 15 50% 31714 9219 2318 118%
c u 618.88 44 40 71 456 168076 1 6489279 91375 1.9 36 19 6 15 49% 31714 9219 2318 118%
c v 620.09 44 40 71 456 168076 1 6489279 90789 1.9 36 19 6 15 49% 31714 9219 2318 118%
c w 620.55 44 40 71 456 168076 1 6489279 90748 1.9 36 19 6 15 49% 31714 9219 2318 118%
c - 621.97 44 38 71 457 168077 1 6503224 85829 2.0 35 18 6 15 49% 31714 9219 2318 118%
c - 624.10 44 37 71 458 168087 1 6524605 87465 1.9 34 18 6 15 49% 31714 9219 2318 118%
c - 626.42 44 35 71 459 168096 1 6546005 86780 1.9 33 18 6 15 49% 31714 9219 2318 118%
c - 628.62 44 33 71 460 168107 1 6567429 87231 1.9 32 17 6 15 49% 31714 9219 2318 118%
c - 630.74 44 32 71 461 168108 1 6588876 90446 1.9 31 17 6 15 48% 31714 9219 2318 118%
c ] 632.79 44 31 72 461 168109 1 6609868 110388 1.8 30 16 6 15 48% 31714 9219 2318 118%
c { 632.79 44 43 72 461 168109 5 6609868 110388 2.0 32 16 6 11 47% 31714 9219 2318 118%
c - 632.85 44 43 72 462 168110 5 6610347 92564 2.0 32 16 6 11 47% 31714 9219 2318 118%
c - 634.77 44 39 72 463 168112 4 6631842 97308 2.0 30 15 6 11 47% 31714 9219 2318 118%
c - 636.60 44 35 72 464 168123 4 6653361 103470 1.9 28 15 6 11 47% 31714 9219 2318 118%
c - 638.48 44 32 72 465 168130 3 6674902 106026 1.9 27 14 6 11 47% 31714 9219 2318 118%
c - 640.41 44 29 72 466 168136 3 6696466 107833 1.9 26 13 6 11 47% 31714 9219 2318 118%
c - 642.37 44 26 72 467 168170 3 6718053 108938 1.9 24 13 6 11 47% 31714 9219 2318 118%
c - 644.24 44 24 72 468 168170 2 6739664 109958 1.9 23 12 6 11 47% 31714 9219 2318 118%
c
c  seconds    switched       rate            size/glue  tier1     binary        remaining
c          MB   reductions      conflicts          size   tier2      irredundant
c           level      restarts        redundant      glue    trail        variables
c
c u 646.29 44 23 72 468 168173 2 6749952 116982 1.9 23 12 6 11 47% 31714 9219 2318 118%
c v 647.46 44 23 72 468 168173 2 6749952 106607 1.9 23 12 6 11 47% 31714 9219 2318 118%
c w 647.90 44 23 72 468 168173 2 6749952 104394 1.9 23 12 6 11 47% 31714 9219 2318 118%
c - 648.89 44 23 72 469 168256 2 6761297 97618 1.9 22 12 6 11 47% 31714 9219 2318 118%
c - 650.73 44 21 72 470 168385 2 6782953 104696 1.9 21 11 6 11 47% 31714 9219 2318 118%
c o 651.88 44 21 72 470 168454 2 6796381 117078 1.8 21 11 6 11 47% 31714 9219 2318 118%
c - 652.57 44 20 72 471 168482 2 6804632 108835 1.8 21 11 6 11 47% 31714 9219 2318 118%
c - 654.44 44 19 72 472 168627 2 6826337 110745 1.8 20 11 6 11 47% 31714 9219 2318 118%
c - 656.36 44 19 72 473 168862 2 6848065 111268 1.8 20 11 6 11 47% 31714 9219 2318 118%
c - 658.25 44 18 72 474 169092 2 6869813 111539 1.8 19 11 6 11 47% 31714 9219 2318 118%
c } 659.03 44 18 73 474 169168 2 6878784 119485 1.8 19 10 6 11 47% 31714 9219 2318 118%
c [ 659.03 44 31 73 474 169168 1 6878784 119485 1.8 30 16 6 15 48% 31714 9219 2318 118%
c B 659.03 44 31 73 474 169168 1 6878784 119485 1.8 30 16 6 15 48% 31714 9219 2318 118%
c - 660.17 44 32 73 475 169175 1 6891585 107148 1.8 30 17 6 15 48% 31714 9219 2318 118%
c - 662.21 44 31 73 476 169184 1 6913379 101277 1.8 30 17 6 15 48% 31714 9219 2318 118%
c - 664.24 44 30 73 477 169196 1 6935196 100480 1.8 30 16 6 15 49% 31714 9219 2318 118%
c - 666.39 44 29 73 478 169198 1 6957036 100035 1.9 30 16 6 15 49% 31714 9219 2318 118%
c - 668.54 44 28 73 479 169210 1 6978899 100729 1.9 30 16 6 15 48% 31714 9219 2318 118%
c - 670.76 44 27 73 480 169219 1 7000785 102479 1.9 29 16 6 15 48% 31714 9219 2318 118%
c u 673.46 44 27 73 480 169227 1 7016247 115831 1.9 29 16 6 15 48% 31714 9219 2318 118%
c
c  seconds    switched       rate            size/glue  tier1     binary        remaining
c          MB   reductions      conflicts          size   tier2      irredundant
c           level      restarts        redundant      glue    trail        variables
c
c v 674.71 44 27 73 480 169227 1 7016247 114883 1.9 29 16 6 15 48% 31714 9219 2318 118%
c w 675.15 44 27 73 480 169227 1 7016247 111021 1.9 29 16 6 15 48% 31714 9219 2318 118%
c - 675.86 44 27 73 481 169228 1 7022694 98764 1.9 30 16 6 15 49% 31714 9219 2318 118%
c - 677.97 44 27 73 482 169230 1 7044625 99391 1.9 29 16 6 15 49% 31714 9219 2318 118%
c - 680.27 44 26 73 483 169230 1 7066579 102003 1.9 29 15 6 15 49% 31714 9219 2318 118%
c - 682.52 44 26 73 484 169238 1 7088557 103286 1.9 29 15 6 15 49% 31714 9219 2318 118%
c - 684.70 44 26 73 485 169248 1 7110559 102868 1.9 30 15 6 15 49% 31714 9219 2318 118%
c ] 685.66 44 26 74 485 169252 1 7119762 111640 1.9 30 15 6 15 49% 31714 9219 2318 118%
c { 685.66 44 18 74 485 169252 2 7119762 111640 1.8 19 10 6 11 47% 31714 9219 2318 118%
c - 686.86 44 18 74 486 169451 2 7132582 104645 1.8 19 10 6 11 47% 31714 9219 2318 118%
c o 688.16 44 18 74 486 169790 2 7146463 117133 1.8 18 10 6 11 47% 31714 9219 2318 118%
c - 688.95 44 18 74 487 169967 2 7154628 109332 1.8 18 10 6 11 47% 31714 9219 2318 118%
c - 690.91 44 17 74 488 170376 2 7176696 112663 1.8 18 10 6 11 47% 31714 9219 2318 118%
c - 692.87 44 17 74 489 170909 2 7198787 114274 1.7 18 10 6 11 47% 31714 9219 2318 118%
c - 694.90 44 17 74 490 171524 2 7220900 115679 1.7 18 10 6 11 47% 31714 9219 2318 118%
c - 696.88 44 17 74 491 171897 2 7243036 116596 1.7 17 10 6 11 47% 31714 9219 2318 118%
c - 698.91 44 17 74 492 172387 2 7265195 116594 1.7 17 10 6 11 47% 31714 9219 2318 118%
c - 700.88 44 16 74 493 172909 2 7287378 116869 1.7 17 10 6 11 47% 31714 9219 2318 118%
c u 702.09 44 16 74 493 172947 2 7288192 114572 1.7 17 10 6 11 47% 31714 9219 2318 118%
c v 703.23 44 16 74 493 172947 2 7288192 106880 1.7 17 10 6 11 47% 31714 9219 2318 118%
c
c  seconds    switched       rate            size/glue  tier1     binary        remaining
c          MB   reductions      conflicts          size   tier2      irredundant
c           level      restarts        redundant      glue    trail        variables
c
c w 703.64 44 16 74 493 172947 2 7288192 106153 1.7 17 10 6 11 47% 31714 9219 2318 118%
c - 705.66 44 16 74 494 173733 2 7309584 110224 1.7 17 10 6 11 47% 31714 9219 2318 118%
c - 707.73 44 17 74 495 174586 2 7331812 98816 1.7 16 10 5 11 47% 31714 9219 2318 118%
c - 709.66 44 17 74 496 175307 2 7354060 95839 1.7 16 10 5 11 47% 31714 9219 2318 118%
c - 711.59 44 16 74 497 175871 2 7376332 95180 1.6 16 10 5 11 47% 31714 9219 2318 118%
c - 713.59 44 17 74 498 176819 2 7398627 95387 1.6 16 10 5 11 47% 31714 9219 2318 118%
c } 713.92 44 17 75 498 176950 2 7402586 98936 1.7 16 10 5 11 47% 31714 9219 2318 118%
c [ 713.92 44 26 75 498 176950 1 7402586 98936 1.9 30 15 6 15 49% 31714 9219 2318 118%
c W 717.07 44 26 75 498 176950 1 7402586 98936 1.9 30 15 6 15 49% 31714 9219 2318 118%
c - 718.59 44 27 75 499 176961 1 7420942 92018 1.9 29 15 6 15 49% 31714 9219 2318 118%
c - 720.62 44 26 75 500 176970 1 7443280 87569 1.9 29 15 6 16 49% 31714 9219 2318 118%
c - 722.72 44 25 75 501 176979 1 7465640 88272 1.9 29 15 6 16 49% 31714 9219 2318 118%
c - 724.85 44 25 75 502 176983 1 7488023 87238 2.0 29 15 6 15 49% 31714 9219 2318 118%
c - 727.20 44 24 75 503 176995 1 7510430 89200 2.0 28 14 6 15 49% 31714 9219 2318 118%
c - 729.34 44 24 75 504 177005 1 7532857 91665 2.0 28 14 6 15 48% 31714 9219 2318 118%
c - 731.37 44 24 75 505 177011 1 7555306 88431 1.9 28 14 6 15 48% 31714 9219 2318 118%
c u 733.44 44 24 75 505 177011 1 7565788 94928 1.9 28 15 6 15 48% 31714 9219 2318 118%
c v 734.72 44 24 75 505 177011 1 7565788 94677 1.9 28 15 6 15 48% 31714 9219 2318 118%
c w 735.17 44 24 75 505 177011 1 7565788 92370 1.9 28 15 6 15 48% 31714 9219 2318 118%
c o 739.05 44 24 75 505 177011 1 7565788 92370 1.9 28 15 6 15 48% 31714 9219 2318 118%
c
c  seconds    switched       rate           size/glue  tier1     binary        remaining
c          MB   reductions      conflicts         size   tier2      irredundant
c           level      restarts        redundant     glue    trail        variables
c
c - 740.19 44 29 75 506 177012 1 7577780 78676 1.8 29 16 6 16 48% 31714 9219 2318 118%
c - 742.14 44 29 75 507 177013 1 7600274 80728 1.9 29 16 6 16 48% 31714 9219 2318 118%
c - 744.25 44 27 75 508 177026 1 7622790 86453 1.9 28 15 6 16 48% 31714 9219 2318 118%
c - 746.56 44 26 75 509 177035 1 7645328 90733 1.9 27 15 6 16 48% 31714 9219 2318 118%
c O 747.35 44 25 75 509 177041 1 7653699 98521 1.9 27 14 6 16 48% 31714 9219 2318 118%
c - 748.89 44 24 75 510 177043 1 7667889 93123 1.9 26 14 6 15 48% 31714 9219 2318 118%
c ] 749.04 44 24 76 510 177043 1 7669502 94649 1.9 26 14 6 15 48% 31714 9219 2318 118%
c { 749.04 44 17 76 510 177043 2 7669502 94649 1.7 16 10 5 11 47% 31714 9219 2318 118%
c - 750.95 44 17 76 511 178008 2 7690472 95815 1.6 16 10 5 11 47% 31714 9219 2318 118%
c - 752.91 44 17 76 512 178715 2 7713077 95923 1.6 16 10 5 11 47% 31714 9219 2318 118%
c - 754.82 44 16 76 513 179409 2 7735705 96320 1.6 16 10 5 11 47% 31714 9219 2318 118%
c - 756.79 44 16 76 514 180194 2 7758354 96478 1.6 16 10 5 11 47% 31714 9219 2318 118%
c - 758.75 44 16 76 515 181041 2 7781026 97333 1.6 16 10 5 11 47% 31714 9219 2318 118%
c - 760.73 44 16 76 516 181967 2 7803720 97875 1.6 16 10 5 11 46% 31714 9219 2318 118%
c - 762.78 44 17 76 517 182886 2 7826436 98000 1.6 16 10 5 11 47% 31714 9219 2318 118%
c u 765.43 44 17 76 517 183576 2 7849081 115209 1.6 16 10 5 11 47% 31714 9219 2318 118%
c v 766.24 44 17 76 517 183576 2 7849081 109857 1.6 16 10 5 11 47% 31714 9219 2318 118%
c w 766.53 44 17 76 517 183576 2 7849081 109158 1.6 16 10 5 11 47% 31714 9219 2318 118%
c - 766.76 44 17 76 518 183593 2 7849175 91750 1.6 16 10 5 11 47% 31714 9219 2318 118%
c - 768.67 44 17 76 519 184357 2 7871934 92510 1.6 16 10 5 11 47% 31714 9219 2318 118%
c
c  seconds    switched       rate           size/glue  tier1     binary        remaining
c          MB   reductions      conflicts         size   tier2      irredundant
c           level      restarts        redundant     glue    trail        variables
c
c - 770.63 44 17 76 520 185152 2 7894716 95423 1.6 16 10 5 11 47% 31714 9219 2318 118%
c - 772.68 44 17 76 521 186217 2 7917519 96055 1.6 16 10 5 11 47% 31714 9219 2318 118%
c o 774.45 44 17 76 521 186979 2 7938348 114918 1.6 16 10 5 11 47% 31714 9219 2318 118%
c - 774.63 44 17 76 522 187028 2 7940347 96359 1.6 16 10 5 11 47% 31714 9219 2318 118%
c - 776.55 44 17 76 523 187647 2 7963194 96413 1.7 16 10 5 11 47% 31714 9219 2318 118%
c } 776.81 44 17 77 523 187690 2 7966552 99358 1.7 16 10 5 11 47% 31714 9219 2318 118%
c [ 776.81 44 24 77 523 187690 1 7966552 99358 1.9 26 14 6 15 48% 31714 9219 2318 118%
c B 776.81 44 24 77 523 187690 1 7966552 99358 1.9 26 14 6 15 48% 31714 9219 2318 118%
c - 778.45 44 25 77 524 187702 1 7986063 91950 1.8 26 14 6 16 49% 31714 9219 2318 118%
c - 780.44 44 24 77 525 187711 1 8008956 89216 1.8 26 14 6 16 49% 31714 9219 2318 118%
c - 782.59 44 23 77 526 187719 1 8031868 90256 1.8 26 14 6 15 49% 31714 9219 2318 118%
c - 784.72 44 23 77 527 187726 1 8054802 91933 1.8 25 14 6 15 49% 31714 9219 2318 118%
c - 786.91 44 22 77 528 187735 1 8077760 93087 1.9 25 14 6 15 49% 31714 9219 2318 118%
c - 789.29 44 22 77 529 187748 1 8100738 93598 1.9 25 13 6 15 49% 31714 9219 2318 118%
c - 791.53 44 22 77 530 187751 1 8123741 93954 1.9 25 13 6 15 49% 31714 9219 2318 118%
c u 793.93 44 24 77 530 187752 1 8138074 104660 1.9 25 13 6 15 49% 31714 9219 2318 118%
c v 795.29 44 24 77 530 187752 1 8138074 96247 1.9 25 13 6 15 49% 31714 9219 2318 118%
c w 795.75 44 24 77 530 187752 1 8138074 94694 1.9 25 13 6 15 49% 31714 9219 2318 118%
c - 796.61 44 24 77 531 187752 1 8146763 83777 1.9 25 13 6 15 49% 31714 9219 2318 118%
c - 798.99 44 24 77 532 187758 1 8169808 87766 1.9 25 13 6 15 49% 31714 9219 2318 118%
c
c  seconds    switched       rate           size/glue  tier1     binary        remaining
c          MB   reductions      conflicts         size   tier2      irredundant
c           level      restarts        redundant     glue    trail        variables
c
c - 801.23 44 23 77 533 187767 1 8192873 90558 1.9 25 13 6 15 49% 31714 9219 2318 118%
c - 803.52 44 23 77 534 187780 1 8215960 90148 1.9 25 13 6 15 49% 31714 9219 2318 118%
c ] 805.14 44 23 78 534 187783 1 8232022 105121 1.9 25 13 6 15 49% 31714 9219 2318 118%
c { 805.14 44 17 78 534 187783 2 8232022 105121 1.7 16 10 5 11 47% 31714 9219 2318 118%
c - 805.79 44 17 78 535 188070 2 8239068 89885 1.6 16 10 5 11 47% 31714 9219 2318 118%
c - 807.89 44 17 78 536 189073 2 8262198 93508 1.6 16 10 5 11 47% 31714 9219 2318 118%
c - 809.88 44 17 78 537 189813 2 8285350 95344 1.6 16 10 5 11 47% 31714 9219 2318 118%
c - 811.80 44 17 78 538 190377 2 8308524 95721 1.6 16 10 5 11 47% 31714 9219 2318 118%
c o 812.72 44 16 78 538 190651 2 8319745 105648 1.6 16 10 5 11 47% 31714 9219 2318 118%
c - 813.77 44 17 78 539 191110 2 8331720 96614 1.7 16 10 5 11 47% 31714 9219 2318 118%
c - 815.79 44 17 78 540 192230 2 8354936 97280 1.7 16 10 5 11 47% 31714 9219 2318 118%
c - 817.82 44 17 78 541 193253 2 8378173 97573 1.7 16 10 5 11 47% 31714 9219 2318 118%
c - 819.84 44 17 78 542 194272 2 8401432 98116 1.7 16 10 5 11 47% 31714 9219 2318 118%
c - 821.84 44 17 78 543 195052 2 8424714 98128 1.7 16 10 5 11 47% 31714 9219 2318 118%
c u 823.56 44 17 78 543 195283 2 8432767 100655 1.7 16 10 5 11 47% 31714 9219 2318 118%
c v 824.70 44 17 78 543 195283 2 8432767 95699 1.7 16 10 5 11 47% 31714 9219 2318 118%
c w 825.11 44 17 78 543 195283 2 8432767 95237 1.7 16 10 5 11 47% 31714 9219 2318 118%
c - 826.35 44 17 78 544 195656 2 8448017 89348 1.7 16 10 5 11 47% 31714 9219 2318 118%
c - 828.30 44 17 78 545 196706 2 8471340 92068 1.6 16 10 5 11 47% 31714 9219 2318 118%
c - 830.20 44 17 78 546 197521 2 8494685 94002 1.7 16 10 5 11 47% 31714 9219 2318 118%
c
c  seconds    switched       rate           size/glue  tier1     binary        remaining
c          MB   reductions      conflicts         size   tier2      irredundant
c           level      restarts        redundant     glue    trail        variables
c
c - 832.08 44 17 78 547 198288 2 8518052 94470 1.7 16 10 5 11 47% 31714 9219 2318 118%
c - 834.03 44 17 78 548 199115 2 8541440 94513 1.7 16 10 5 11 47% 31714 9219 2318 118%
c } 834.22 44 17 79 548 199183 2 8543613 96511 1.7 16 10 5 11 47% 31714 9219 2318 118%
c [ 834.22 44 23 79 548 199183 1 8543613 96511 1.9 25 13 6 15 49% 31714 9219 2318 118%
c W 837.87 44 23 79 548 199183 1 8543613 96511 1.9 25 13 6 15 49% 31714 9219 2318 118%
c - 839.60 44 22 79 549 199196 1 8564849 94147 1.9 25 13 6 15 49% 31714 9219 2318 118%
c - 841.73 44 21 79 550 199204 1 8588280 92631 1.9 24 13 6 15 49% 31714 9219 2318 118%
c - 844.05 44 21 79 551 199213 1 8611733 93072 1.9 24 13 6 15 49% 31714 9219 2318 118%
c - 846.22 44 21 79 552 199220 1 8635207 91647 1.9 24 13 6 15 49% 31714 9219 2318 118%
c - 848.46 44 20 79 553 199229 1 8658701 89632 1.9 24 13 6 15 49% 31714 9219 2318 118%
c - 850.79 44 20 79 554 199242 1 8682218 90831 1.9 24 13 6 15 49% 31714 9219 2318 118%
c - 853.21 44 20 79 555 199244 1 8705756 91715 1.9 24 13 5 15 49% 31714 9219 2318 118%
c - 855.63 44 20 79 556 199245 1 8729316 93284 1.9 24 13 5 15 49% 31714 9219 2318 118%
c u 857.23 44 20 79 556 199245 1 8733213 93111 1.9 24 13 5 15 49% 31714 9219 2318 118%
c v 858.63 44 20 79 556 199245 1 8733213 88159 1.9 24 13 5 15 49% 31714 9219 2318 118%
c w 859.10 44 20 79 556 199245 1 8733213 83582 1.9 24 13 5 15 49% 31714 9219 2318 118%
c o 859.12 44 20 79 556 199245 1 8733213 83582 1.9 24 13 5 15 49% 31714 9219 2318 118%
c - 860.70 44 28 79 557 199253 1 8752895 80306 1.8 25 14 5 15 49% 31714 9219 2318 118%
c - 862.62 44 26 79 558 199263 1 8776496 84885 1.8 25 14 5 15 50% 31714 9219 2318 118%
c - 864.75 44 25 79 559 199275 1 8800121 88938 1.8 25 14 5 15 50% 31714 9219 2318 118%
c
c  seconds    switched       rate            size/glue  tier1     binary        remaining
c          MB   reductions      conflicts          size   tier2      irredundant
c           level      restarts        redundant      glue    trail        variables
c
c I 866.71 44 24 79 559 199276 1 8821277 108436 1.8 24 13 5 15 50% 31714 9219 2318 118%
c ] 866.84 44 24 80 559 199277 1 8822865 109963 1.8 25 14 5 15 50% 31714 9219 2318 118%
c { 866.84 44 17 80 559 199277 2 8822865 109963 1.7 16 10 5 11 47% 31714 9219 2318 118%
c - 866.96 44 17 80 560 199329 2 8823764 88884 1.7 16 10 5 11 47% 31714 9219 2318 118%
c - 868.93 44 17 80 561 199919 2 8847428 91861 1.7 16 10 5 11 47% 31714 9219 2318 118%
c - 870.90 44 17 80 562 200776 2 8871114 93561 1.7 16 10 5 11 47% 31714 9219 2318 118%
c - 872.94 44 17 80 563 201894 2 8894820 94807 1.6 16 10 5 11 47% 31714 9219 2318 118%
c - 874.91 44 17 80 564 202814 2 8918548 95218 1.6 16 10 5 11 47% 31714 9219 2318 118%
c - 876.94 44 17 80 565 203793 2 8942297 95817 1.6 16 10 5 11 47% 31714 9219 2318 118%
c - 878.94 44 17 80 566 204577 2 8966066 96363 1.6 16 10 5 11 47% 31714 9219 2318 118%
c - 880.97 44 17 80 567 205428 2 8989857 96699 1.6 16 10 5 11 47% 31714 9219 2318 118%
c - 882.95 44 17 80 568 206367 2 9013668 97335 1.6 16 10 5 11 47% 31714 9219 2318 118%
c - 885.00 44 17 80 569 207235 2 9037501 97646 1.6 16 10 5 11 47% 31714 9219 2318 118%
c u 886.22 44 17 80 569 207286 2 9039410 95733 1.6 16 10 5 11 47% 31714 9219 2318 118%
c v 887.39 44 17 80 569 207286 2 9039410 91071 1.6 16 10 5 11 47% 31714 9219 2318 118%
c w 887.80 44 17 80 569 207286 2 9039410 90537 1.6 16 10 5 11 47% 31714 9219 2318 118%
c - 889.55 44 17 80 570 207900 2 9061354 91013 1.7 16 10 5 11 47% 31714 9219 2318 118%
c - 891.51 44 17 80 571 208730 2 9085229 93440 1.6 16 10 5 11 47% 31714 9219 2318 118%
c - 893.50 44 17 80 572 209556 2 9109124 94432 1.6 16 10 5 11 47% 31714 9219 2318 118%
c - 895.44 44 17 80 573 210313 2 9133042 94823 1.6 16 10 5 11 47% 31714 9219 2318 118%
c
c  seconds    switched       rate           size/glue  tier1     binary        remaining
c          MB   reductions      conflicts         size   tier2      irredundant
c           level      restarts        redundant     glue    trail        variables
c
c o 895.46 44 17 80 573 210326 2 9133213 94977 1.6 16 10 5 11 47% 31714 9219 2318 118%
c } 896.87 44 17 81 573 211209 2 9149308 109635 1.6 16 10 5 11 47% 31714 9219 2318 118%
c [ 896.87 44 24 81 573 211209 1 9149308 109635 1.8 25 14 5 15 50% 31714 9219 2318 118%
c B 896.87 44 24 81 573 211209 1 9149308 109635 1.8 25 14 5 15 50% 31714 9219 2318 118%
c - 897.49 44 25 81 574 211214 1 9156980 93352 1.8 25 14 5 15 50% 31714 9219 2318 118%
c - 899.62 44 25 81 575 211223 1 9180938 89209 1.9 26 14 5 15 50% 31714 9219 2318 118%
c - 902.03 44 24 81 576 211237 1 9204920 85473 1.9 26 14 5 15 49% 31714 9219 2318 118%
c - 904.37 44 24 81 577 211239 1 9228921 84495 1.9 26 14 5 15 49% 31714 9219 2318 118%
c - 906.68 44 24 81 578 211253 1 9252941 85077 1.9 27 14 5 15 49% 31714 9219 2318 118%
c - 909.07 44 25 81 579 211262 1 9276984 84695 1.9 27 14 5 15 49% 31714 9219 2318 118%
c - 911.51 44 24 81 580 211270 1 9301047 84336 1.9 27 14 5 15 49% 31714 9219 2318 118%
c - 913.86 44 23 81 581 211271 1 9325131 88835 1.9 27 14 5 15 49% 31714 9219 2318 118%
c - 916.36 44 23 81 582 211274 1 9349235 93492 2.0 27 14 5 15 48% 31714 9219 2318 118%
c u 917.89 44 23 81 582 211276 1 9351384 93178 2.0 27 14 5 15 48% 31714 9219 2318 118%
c v 919.39 44 23 81 582 211276 1 9351384 91239 2.0 27 14 5 15 48% 31714 9219 2318 118%
c w 919.90 44 23 81 582 211276 1 9351384 89928 2.0 27 14 5 15 48% 31714 9219 2318 118%
c - 922.18 44 23 81 583 211286 1 9373359 89946 2.0 27 13 5 15 48% 31714 9219 2318 118%
c - 924.64 44 24 81 584 211299 1 9397505 90275 2.0 28 14 5 15 48% 31714 9219 2318 118%
c ] 926.98 44 24 82 584 211302 1 9420858 112655 2.0 28 14 5 15 48% 31714 9219 2318 118%
c { 926.98 44 17 82 584 211302 2 9420858 112655 1.6 16 10 5 11 47% 31714 9219 2318 118%
c
c  seconds    switched       rate           size/glue  tier1     binary        remaining
c          MB   reductions      conflicts         size   tier2      irredundant
c           level      restarts        redundant     glue    trail        variables
c
c - 927.11 44 17 82 585 211330 2 9421671 88787 1.6 16 10 5 11 47% 31714 9219 2318 118%
c - 929.01 44 16 82 586 211349 2 9445858 90327 1.6 15 10 5 11 47% 31714 9219 2318 118%
c - 930.86 44 14 82 587 211402 2 9470066 93159 1.6 15 9 5 11 47% 31714 9219 2318 118%
c - 932.66 44 14 82 588 211424 2 9494294 94341 1.6 15 9 5 11 47% 31714 9219 2318 118%
c - 934.54 44 13 82 589 211499 2 9518542 94524 1.6 14 9 5 11 47% 31714 9219 2318 118%
c - 936.42 44 12 82 590 211628 1 9542812 95513 1.6 14 9 5 11 47% 31714 9219 2318 118%
c o 936.83 44 12 82 590 211630 1 9548139 99684 1.6 14 9 5 11 47% 31714 9219 2318 118%
c - 938.32 44 12 82 591 211732 1 9567101 96201 1.6 14 9 5 11 47% 31714 9219 2318 118%
c - 940.23 44 11 82 592 211962 1 9591412 95823 1.6 14 9 5 11 47% 31714 9219 2318 118%
c - 942.24 44 11 82 593 212325 1 9615743 96692 1.6 13 8 5 11 47% 31714 9219 2318 118%
c - 944.30 44 11 82 594 212890 1 9640098 98331 1.6 13 8 5 11 47% 31714 9219 2318 118%
c - 946.37 44 11 82 595 213358 1 9664471 99747 1.6 13 8 5 11 47% 31714 9219 2318 118%
c u 947.96 44 11 82 595 213493 1 9669135 99407 1.6 13 8 5 11 47% 31714 9219 2318 118%
c v 949.20 44 11 82 595 213493 1 9669135 93744 1.6 13 8 5 11 47% 31714 9219 2318 118%
c w 949.65 44 11 82 595 213493 1 9669135 93589 1.6 13 8 5 11 47% 31714 9219 2318 118%
c - 951.33 44 11 82 596 214015 1 9688863 93539 1.6 13 8 5 11 47% 31714 9219 2318 118%
c - 953.35 44 11 82 597 214540 1 9713278 95297 1.6 13 8 5 11 47% 31714 9219 2318 118%
c - 955.38 44 10 82 598 215057 1 9737713 96446 1.6 13 8 5 11 47% 31714 9219 2318 118%
c - 957.41 44 10 82 599 215571 1 9762168 98112 1.6 13 8 5 11 47% 31714 9219 2318 118%
c } 957.44 44 10 83 599 215572 1 9762464 98335 1.6 13 8 5 11 47% 31714 9219 2318 118%
c
c  seconds    switched       rate           size/glue  tier1     binary        remaining
c          MB   reductions      conflicts         size   tier2      irredundant
c           level      restarts        redundant     glue    trail        variables
c
c [ 957.44 44 24 83 599 215572 1 9762464 98335 2.0 28 14 5 15 48% 31714 9219 2318 118%
c W 961.88 44 24 83 599 215572 1 9762464 98335 2.0 28 14 5 15 48% 31714 9219 2318 118%
c - 963.83 44 23 83 600 215585 1 9786642 99569 2.0 27 14 5 15 49% 31714 9219 2318 118%
c - 965.94 44 23 83 601 215596 1 9811136 99660 2.0 27 13 5 15 49% 31714 9219 2318 118%
c - 968.29 44 22 83 602 215602 1 9835651 101046 1.9 25 13 5 15 49% 31714 9219 2318 118%
c - 970.72 44 21 83 603 215612 1 9860190 102366 1.9 25 13 5 15 49% 31714 9219 2318 118%
c - 972.97 44 21 83 604 215623 1 9884747 100621 1.9 24 13 5 15 48% 31714 9219 2318 118%
c - 975.30 44 21 83 605 215632 1 9909323 99608 1.9 24 13 5 15 48% 31714 9219 2318 118%
c - 977.82 44 21 83 606 215634 1 9933919 100684 1.9 24 13 5 15 48% 31714 9219 2318 118%
c - 980.43 44 21 83 607 215634 1 9958538 99865 1.8 24 13 5 15 48% 31714 9219 2318 118%
c - 982.88 44 21 83 608 215648 1 9983176 101163 1.9 24 13 5 15 48% 31714 9219 2318 118%
c u 985.18 44 21 83 608 215650 1 9992689 107491 1.9 24 13 5 15 48% 31714 9219 2318 118%
c v 986.74 44 21 83 608 215650 1 9992689 105965 1.9 24 13 5 15 48% 31714 9219 2318 118%
c w 987.28 44 21 83 608 215650 1 9992689 105030 1.9 24 13 5 15 48% 31714 9219 2318 118%
c o 987.31 44 21 83 608 215650 1 9992689 105030 1.9 24 13 5 15 48% 31714 9219 2318 118%
c - 988.67 44 21 83 609 215659 1 10007835 99387 1.9 24 13 5 15 48% 31714 9219 2318 118%
c - 990.96 44 21 83 610 215665 1 10032513 100324 1.9 24 13 5 15 48% 31714 9219 2318 118%
c - 993.46 44 22 83 611 215675 1 10057212 98117 1.9 25 13 5 15 48% 31714 9219 2318 118%
c ] 993.60 44 22 84 611 215677 1 10058698 99531 1.9 25 13 5 15 48% 31714 9219 2318 118%
c { 993.60 44 10 84 611 215677 1 10058698 99531 1.6 13 8 5 11 47% 31714 9219 2318 118%
c
c  seconds    switched       rate             size/glue tier1     binary        remaining
c          MB   reductions      conflicts           size  tier2      irredundant
c           level      restarts         redundant     glue    trail        variables
c
c - 996.31 44 13 84 612 219325 2 10081931 100003 1.5 14 9 5 11 47% 31714 9219 2318 118%
c - 998.96 44 14 84 613 222114 2 10106670 104302 1.5 14 9 5 11 47% 31714 9219 2318 118%
c - 1001.32 44 15 84 614 223953 2 10131431 105461 1.5 15 10 5 11 47% 31714 9219 2318 118%
c - 1003.62 44 16 84 615 225418 2 10156211 105765 1.6 15 10 5 11 47% 31714 9219 2318 118%
c - 1005.68 44 16 84 616 225959 2 10181010 105907 1.6 15 10 5 11 47% 31714 9219 2318 118%
c - 1007.85 44 16 84 617 226898 2 10205829 105986 1.6 15 10 5 11 47% 31714 9219 2318 118%
c - 1010.07 44 16 84 618 227986 2 10230668 106148 1.6 16 10 5 11 47% 31714 9219 2318 118%
c - 1012.26 44 16 84 619 228976 2 10255527 105998 1.6 16 10 5 11 47% 31714 9219 2318 118%
c - 1014.40 44 16 84 620 229718 2 10280409 105980 1.6 16 10 5 11 47% 31714 9219 2318 118%
c - 1016.61 44 17 84 621 230846 2 10305308 106371 1.6 16 10 5 11 47% 31714 9219 2318 118%
c u 1019.40 44 17 84 621 231650 2 10322073 117549 1.6 16 10 5 11 47% 31714 9219 2318 118%
c v 1020.77 44 17 84 621 231650 2 10322073 112801 1.6 16 10 5 11 47% 31714 9219 2318 118%
c w 1021.26 44 17 84 621 231650 2 10322073 111980 1.6 16 10 5 11 47% 31714 9219 2318 118%
c - 1022.06 44 17 84 622 232147 2 10330227 100634 1.6 16 10 5 11 47% 31714 9219 2318 118%
c - 1024.13 44 17 84 623 232752 2 10355166 101292 1.6 16 10 5 11 47% 31714 9219 2318 118%
c - 1026.30 44 17 84 624 233675 2 10380126 101993 1.6 16 10 5 11 47% 31714 9219 2318 118%
c - 1028.43 44 17 84 625 234507 2 10405106 102172 1.6 16 10 5 11 47% 31714 9219 2318 118%
c } 1029.36 44 17 85 625 234939 2 10415777 111996 1.6 16 10 5 11 47% 31714 9219 2318 118%
c [ 1029.36 44 22 85 625 234939 1 10415777 111996 1.9 25 13 5 15 48% 31714 9219 2318 118%
c O 1029.36 44 22 85 625 234939 1 10415777 111996 1.9 25 13 5 15 48% 31714 9219 2318 118%
c
c   seconds    switched       rate             size/glue  tier1     binary        remaining
c           MB   reductions      conflicts           size   tier2      irredundant
c            level      restarts         redundant      glue    trail        variables
c
c - 1030.52 44 21 85 626 234947 1 10430106 102091 1.9 24 13 5 15 49% 31714 9219 2318 118%
c - 1032.73 44 21 85 627 234959 1 10455125 101526 1.9 23 13 5 15 49% 31714 9219 2318 118%
c - 1034.96 44 20 85 628 234968 1 10480165 100917 1.8 23 12 5 15 49% 31714 9219 2318 118%
c - 1037.39 44 19 85 629 234975 1 10505226 101313 1.9 23 12 5 15 49% 31714 9219 2318 118%
c - 1039.78 44 19 85 630 234984 1 10530306 101438 1.8 22 12 5 15 49% 31714 9219 2318 118%
c - 1042.11 44 18 85 631 234999 1 10555405 101312 1.8 22 12 5 15 49% 31714 9219 2318 118%
c - 1044.66 44 18 85 632 235001 1 10580524 101761 1.8 22 12 5 15 48% 31714 9219 2318 118%
c - 1046.99 44 19 85 633 235001 1 10605664 101824 1.9 22 12 5 15 49% 31714 9219 2318 118%
c - 1049.56 44 19 85 634 235013 1 10630824 101931 1.9 23 12 5 15 49% 31714 9219 2318 118%
c - 1052.28 44 18 85 635 235023 1 10656004 103666 1.9 22 12 5 15 49% 31714 9219 2318 118%
c u 1053.70 44 18 85 635 235023 1 10657284 100395 1.9 22 12 5 15 49% 31714 9219 2318 118%
c v 1055.21 44 18 85 635 235023 1 10657284 89363 1.9 22 12 5 15 49% 31714 9219 2318 118%
c w 1055.73 44 18 85 635 235023 1 10657284 79904 1.9 22 12 5 15 49% 31714 9219 2318 118%
c o 1055.76 44 18 85 635 235023 1 10657284 79904 1.9 22 12 5 15 49% 31714 9219 2318 118%
c - 1057.73 44 18 85 636 235032 1 10681205 87128 1.9 22 12 5 15 49% 31714 9219 2318 118%
c - 1059.99 44 19 85 637 235039 1 10706424 95493 1.9 22 12 5 15 49% 31714 9219 2318 118%
c B 1062.23 44 19 85 637 235050 1 10730359 118183 1.9 23 12 5 15 49% 31714 9219 2318 118%
c - 1062.36 44 20 85 638 235051 1 10731664 95884 1.9 23 12 5 15 49% 31714 9219 2318 118%
c ] 1063.88 44 22 86 638 235061 1 10749880 113495 1.8 24 13 5 15 49% 31714 9219 2318 118%
c { 1063.88 44 17 86 638 235061 2 10749880 113495 1.6 16 10 5 11 47% 31714 9219 2318 118%
c
c   seconds    switched       rate            size/glue  tier1     binary        remaining
c           MB   reductions      conflicts          size   tier2      irredundant
c            level      restarts         redundant     glue    trail        variables
c
c - 1065.12 44 19 86 639 236278 3 10756922 90919 1.7 17 10 5 11 47% 31714 9219 2318 118%
c - 1069.76 44 27 86 640 240677 4 10782200 84454 1.7 21 12 5 11 47% 31714 9219 2318 118%
c - 1074.55 44 32 86 641 244978 5 10807498 82097 1.8 24 13 5 11 47% 31714 9219 2318 118%
c - 1079.18 44 36 86 642 248736 6 10832815 82576 1.8 26 14 5 11 47% 31714 9219 2318 118%
c - 1083.56 44 39 86 643 251909 6 10858152 83607 1.8 27 15 5 11 47% 31714 9219 2318 118%
c - 1087.42 44 41 86 644 254114 6 10883511 84630 1.9 29 15 5 11 47% 31714 9219 2318 118%
c - 1091.19 44 41 86 645 256042 6 10908889 85727 1.9 30 16 5 11 47% 31714 9219 2318 118%
c - 1094.78 44 42 86 646 257659 6 10934287 86605 1.9 30 16 5 11 47% 31714 9219 2318 118%
c - 1098.31 44 43 86 647 259091 5 10959703 87046 2.0 31 16 5 11 47% 31714 9219 2318 118%
c - 1101.69 44 43 86 648 260375 5 10985139 87152 2.0 32 16 5 11 47% 31714 9219 2318 118%
c u 1105.27 44 43 86 648 261097 5 10998350 96384 2.0 32 16 5 11 47% 31714 9219 2318 118%
c v 1107.39 44 43 86 648 261097 5 10998350 95368 2.0 32 16 5 11 47% 31714 9219 2318 118%
c w 1108.17 44 43 86 648 261097 5 10998350 95178 2.0 32 16 5 11 47% 31714 9219 2318 118%
c - 1109.92 44 43 86 649 261803 5 11010594 82505 2.0 32 16 5 11 47% 31714 9219 2318 118%
c - 1113.22 44 43 86 650 263097 5 11036069 82749 2.0 32 16 5 11 47% 31714 9219 2318 118%
c - 1116.55 44 43 86 651 264385 5 11061565 83315 2.0 33 16 5 11 47% 31714 9219 2318 118%
c - 1119.68 44 43 86 652 265446 4 11087079 84226 2.0 33 16 5 11 47% 31714 9219 2318 118%
c o 1121.27 44 42 86 652 265775 4 11101584 98423 2.1 33 16 5 11 47% 31714 9219 2318 118%
c - 1122.97 44 43 86 653 266666 4 11112613 85817 2.1 33 16 5 11 47% 31714 9219 2318 118%
c } 1124.34 44 43 87 653 267346 4 11122737 95766 2.1 33 16 5 11 47% 31714 9219 2318 118%
c
c   seconds    switched       rate            size/glue  tier1     binary        remaining
c           MB   reductions      conflicts          size   tier2      irredundant
c            level      restarts         redundant     glue    trail        variables
c
c [ 1124.34 44 22 87 653 267346 1 11122737 95766 1.8 24 13 5 15 49% 31714 9219 2318 118%
c W 1129.30 44 22 87 653 267346 1 11122737 95766 1.8 24 13 5 15 49% 31714 9219 2318 118%
c - 1130.75 44 22 87 654 267355 1 11138166 87313 1.8 24 13 5 15 49% 31714 9219 2318 118%
c - 1133.22 44 21 87 655 267366 1 11163739 92032 1.8 23 13 5 15 49% 31714 9219 2318 118%
c - 1135.64 44 21 87 656 267376 1 11189332 98236 1.8 23 13 5 15 49% 31714 9219 2318 118%
c - 1138.14 44 20 87 657 267383 1 11214944 98534 1.8 23 13 5 15 49% 31714 9219 2318 118%
c - 1141.03 44 20 87 658 267394 1 11240576 96464 1.8 23 13 5 15 49% 31714 9219 2318 118%
c - 1143.73 44 20 87 659 267406 1 11266228 96740 1.8 23 13 5 15 49% 31714 9219 2318 118%
c - 1146.10 44 21 87 660 267408 1 11291898 96205 1.8 23 13 5 15 49% 31714 9219 2318 118%
c - 1148.59 44 21 87 661 267408 1 11317588 95542 1.8 23 13 5 15 49% 31714 9219 2318 118%
c - 1151.17 44 21 87 662 267422 1 11343297 96976 1.8 24 13 5 15 49% 31714 9219 2318 118%
c u 1152.88 44 21 87 662 267423 1 11345270 94724 1.8 24 13 5 15 49% 31714 9219 2318 118%
c v 1154.72 44 21 87 662 267423 1 11345270 92916 1.8 24 13 5 15 49% 31714 9219 2318 118%
c w 1155.35 44 21 87 662 267423 1 11345270 88997 1.8 24 13 5 15 49% 31714 9219 2318 118%
c - 1163.60 44 21 87 663 267434 1 11369027 92632 1.8 24 13 5 15 48% 31714 9219 2318 118%
c - 1166.45 44 20 87 664 267439 1 11394775 98797 1.9 24 13 5 15 48% 31714 9219 2318 118%
c - 1169.13 44 19 87 665 267452 1 11420544 101560 1.9 23 12 5 15 48% 31714 9219 2318 118%
c - 1171.69 44 19 87 666 267461 1 11446331 102408 1.9 23 12 5 15 48% 31714 9219 2318 118%
c I 1172.58 44 19 87 666 267468 1 11456410 111911 1.9 23 12 5 15 48% 31714 9219 2318 118%
c - 1174.00 44 23 87 667 267470 1 11472137 95597 1.8 25 14 5 15 48% 31714 9219 2318 118%
c
c   seconds    switched       rate            size/glue  tier1     binary        remaining
c           MB   reductions      conflicts          size   tier2      irredundant
c            level      restarts         redundant     glue    trail        variables
c
c - 1176.34 44 28 87 668 267471 1 11497964 85879 1.8 27 15 5 15 48% 31714 9219 2318 118%
c - 1178.71 44 32 87 669 267472 1 11523810 81154 1.8 29 16 5 15 48% 31714 9219 2318 118%
c - 1181.21 44 34 87 670 267472 1 11549675 80570 1.8 31 17 5 15 48% 31714 9219 2318 118%
c - 1183.67 44 36 87 671 267472 1 11575560 81827 1.8 32 18 5 15 48% 31714 9219 2318 118%
c o 1184.68 44 37 87 671 267476 1 11586005 91954 1.8 33 18 5 15 48% 31714 9219 2318 118%
c - 1186.12 44 36 87 672 267485 1 11601463 85417 1.9 32 17 5 15 48% 31714 9219 2318 118%
c - 1188.70 44 33 87 673 267495 1 11627386 90213 1.9 32 17 5 15 48% 31714 9219 2318 118%
c - 1191.48 44 31 87 674 267503 1 11653328 94653 2.0 31 16 5 15 48% 31714 9219 2318 118%
c ] 1191.69 44 31 88 674 267503 1 11655404 96663 2.0 31 16 5 15 48% 31714 9219 2318 118%
c { 1191.69 44 43 88 674 267503 4 11655404 96663 2.1 33 16 5 11 47% 31714 9219 2318 118%
c - 1194.12 44 38 88 675 267505 4 11679291 99620 2.1 32 15 5 11 47% 31714 9219 2318 118%
c u 1197.04 44 35 88 675 267539 3 11698096 115251 2.1 30 15 5 11 47% 31714 9219 2318 118%
c v 1198.32 44 35 88 675 267539 3 11698096 113594 2.1 30 15 5 11 47% 31714 9219 2318 118%
c w 1198.75 44 35 88 675 267539 3 11698096 111932 2.1 30 15 5 11 47% 31714 9219 2318 118%
c - 1199.57 44 34 88 676 267558 3 11705271 99340 2.1 29 14 5 11 47% 31714 9219 2318 118%
c - 1201.82 44 30 88 677 267571 3 11731271 104559 2.0 27 13 5 11 47% 31714 9219 2318 118%
c - 1203.95 44 26 88 678 267584 2 11757290 107675 2.0 25 13 5 11 47% 31714 9219 2318 118%
c - 1206.14 44 24 88 679 267701 2 11783328 107449 2.0 24 12 5 11 47% 31714 9219 2318 118%
c - 1208.35 44 22 88 680 267723 2 11809387 107496 1.9 22 12 5 11 47% 31714 9219 2318 118%
c - 1210.55 44 20 88 681 267853 2 11835464 108695 1.9 21 11 5 11 47% 31714 9219 2318 118%
c
c   seconds    switched       rate             size/glue  tier1     binary        remaining
c           MB   reductions      conflicts           size   tier2      irredundant
c            level      restarts         redundant      glue    trail        variables
c
c - 1212.71 44 20 88 682 268148 2 11861559 109291 1.8 20 11 5 11 47% 31714 9219 2318 118%
c - 1214.90 44 19 88 683 268402 2 11887675 109162 1.8 19 11 5 11 47% 31714 9219 2318 118%
c - 1217.15 44 18 88 684 268730 2 11913810 108487 1.8 19 10 5 11 47% 31714 9219 2318 118%
c - 1219.39 44 18 88 685 269122 2 11939963 108969 1.7 18 10 5 11 47% 31714 9219 2318 118%
c - 1221.76 44 17 88 686 269755 2 11966135 109766 1.7 18 10 5 11 47% 31714 9219 2318 118%
c - 1224.04 44 17 88 687 270204 2 11992327 109997 1.7 18 10 5 11 47% 31714 9219 2318 118%
c - 1226.31 44 17 88 688 270787 2 12018542 110583 1.7 17 10 5 11 47% 31714 9219 2318 118%
c } 1228.68 44 17 89 688 271690 2 12044342 133888 1.7 17 10 5 11 47% 31714 9219 2318 118%
c [ 1228.68 44 31 89 688 271690 1 12044342 133888 2.0 31 16 5 15 48% 31714 9219 2318 118%
c B 1228.68 44 31 89 688 271690 1 12044342 133888 2.0 31 16 5 15 48% 31714 9219 2318 118%
c - 1228.74 44 31 89 689 271690 1 12044772 111338 2.0 31 16 5 15 48% 31714 9219 2318 118%
c o 1228.88 44 31 89 689 271692 1 12046395 112935 2.0 31 16 5 15 48% 31714 9219 2318 118%
c u 1231.02 44 36 89 689 271697 1 12056802 119102 1.8 32 17 5 15 48% 31714 9219 2318 118%
c v 1232.48 44 36 89 689 271697 1 12056802 117542 1.8 32 17 5 15 48% 31714 9219 2318 118%
c w 1233.02 44 36 89 689 271697 1 12056802 116540 1.8 32 17 5 15 48% 31714 9219 2318 118%
c - 1234.26 44 34 89 690 271704 1 12071022 98256 1.8 31 17 5 15 48% 31714 9219 2318 118%
c - 1236.65 44 31 89 691 271717 1 12097289 96259 1.9 30 16 5 15 49% 31714 9219 2318 118%
c - 1239.43 44 29 89 692 271720 1 12123577 102663 1.9 28 15 5 15 49% 31714 9219 2318 118%
c - 1242.02 44 26 89 693 271734 1 12149883 104418 1.9 27 15 5 15 49% 31714 9219 2318 118%
c - 1244.68 44 25 89 694 271746 1 12176207 104868 1.8 26 14 5 15 49% 31714 9219 2318 118%
c
c   seconds    switched       rate             size/glue  tier1     binary        remaining
c           MB   reductions      conflicts           size   tier2      irredundant
c            level      restarts         redundant      glue    trail        variables
c
c - 1247.18 44 26 89 695 271751 1 12202551 101590 1.8 27 14 5 15 49% 31714 9219 2318 118%
c - 1249.77 44 26 89 696 271752 1 12228914 98643 1.9 27 14 5 15 49% 31714 9219 2318 118%
c - 1252.42 44 25 89 697 271761 1 12255295 101228 1.9 26 14 5 15 49% 31714 9219 2318 118%
c - 1255.31 44 24 89 698 271773 1 12281697 104453 1.8 25 14 5 15 49% 31714 9219 2318 118%
c - 1258.24 44 22 89 699 271783 1 12308116 106288 1.8 24 13 5 15 49% 31714 9219 2318 118%
c - 1260.81 44 22 89 700 271790 1 12334554 104071 1.8 25 13 5 15 49% 31714 9219 2318 118%
c - 1263.65 44 22 89 701 271802 1 12361011 100027 1.9 25 14 5 15 49% 31714 9219 2318 118%
c ] 1265.68 44 22 90 701 271812 1 12379411 117382 1.9 25 13 5 15 49% 31714 9219 2318 118%
c { 1265.68 44 17 90 701 271812 2 12379411 117382 1.7 17 10 5 11 47% 31714 9219 2318 118%
c - 1266.49 44 17 90 702 272098 2 12387487 103411 1.7 17 10 5 11 47% 31714 9219 2318 118%
c - 1268.77 44 17 90 703 272834 2 12413982 106986 1.7 17 10 5 11 47% 31714 9219 2318 118%
c u 1270.85 44 17 90 703 272951 2 12421440 108721 1.7 17 10 5 11 47% 31714 9219 2318 118%
c v 1272.50 44 17 90 703 272951 2 12421440 106735 1.7 17 10 5 11 47% 31714 9219 2318 118%
c w 1273.08 44 17 90 703 272951 2 12421440 103705 1.7 17 10 5 11 47% 31714 9219 2318 118%
c - 1274.70 44 17 90 704 273490 2 12440496 101697 1.7 17 10 5 11 47% 31714 9219 2318 118%
c - 1276.99 44 17 90 705 274364 2 12467028 103003 1.7 17 10 5 11 47% 31714 9219 2318 118%
c - 1279.25 44 17 90 706 275159 2 12493581 103355 1.7 17 10 5 11 47% 31714 9219 2318 118%
c o 1281.09 44 17 90 706 275575 2 12516396 123335 1.7 16 10 5 11 47% 31714 9219 2318 118%
c - 1281.47 44 17 90 707 275767 2 12520151 102894 1.7 16 10 5 11 47% 31714 9219 2318 118%
c - 1283.76 44 17 90 708 276812 2 12546741 102898 1.7 16 10 5 11 47% 31714 9219 2318 118%
c
c   seconds    switched       rate             size/glue  tier1     binary        remaining
c           MB   reductions      conflicts           size   tier2      irredundant
c            level      restarts         redundant      glue    trail        variables
c
c - 1285.95 44 17 90 709 277477 2 12573350 103297 1.7 16 10 5 11 47% 31714 9219 2318 118%
c - 1288.29 44 17 90 710 278500 2 12599979 103679 1.7 16 10 5 11 47% 31714 9219 2318 118%
c - 1290.62 44 17 90 711 279527 2 12626626 104044 1.7 16 10 5 11 47% 31714 9219 2318 118%
c - 1292.96 44 17 90 712 280593 2 12653291 103884 1.6 16 10 5 11 47% 31714 9219 2318 118%
c - 1295.24 44 17 90 713 281554 2 12679974 103888 1.6 16 10 5 11 47% 31714 9219 2318 118%
c - 1297.57 44 17 90 714 282540 2 12706677 104322 1.7 16 10 5 11 47% 31714 9219 2318 118%
c - 1299.82 44 17 90 715 283363 2 12733398 104967 1.7 16 10 5 11 47% 31714 9219 2318 118%
c - 1302.14 44 17 90 716 284329 2 12760139 105421 1.7 16 10 5 11 47% 31714 9219 2318 118%
c } 1304.25 44 17 91 716 285146 2 12784734 127387 1.7 16 10 5 11 47% 31714 9219 2318 118%
c [ 1304.25 44 22 91 716 285146 1 12784734 127387 1.9 25 13 5 15 49% 31714 9219 2318 118%
c W 1310.40 44 22 91 716 285146 1 12784734 127387 1.9 25 13 5 15 49% 31714 9219 2318 118%
c - 1310.60 44 22 91 717 285148 1 12786899 104880 1.9 25 14 5 15 49% 31714 9219 2318 118%
c u 1312.33 44 23 91 717 285151 1 12792008 106355 1.9 26 14 5 15 49% 31714 9219 2318 118%
c v 1313.79 44 23 91 717 285151 1 12792008 104062 1.9 26 14 5 15 49% 31714 9219 2318 118%
c w 1314.31 44 23 91 717 285151 1 12792008 103813 1.9 26 14 5 15 49% 31714 9219 2318 118%
c - 1316.27 44 23 91 718 285160 1 12813676 96448 2.0 27 14 5 15 49% 31714 9219 2318 118%
c - 1318.93 44 22 91 719 285174 1 12840473 95247 2.0 27 13 5 15 49% 31714 9219 2318 118%
c - 1321.54 44 23 91 720 285177 1 12867287 94814 2.0 28 14 5 15 49% 31714 9219 2318 118%
c - 1324.31 44 23 91 721 285191 1 12894119 93725 2.1 28 14 5 15 50% 31714 9219 2318 118%
c - 1326.94 44 23 91 722 285205 1 12920971 96256 2.0 28 14 5 15 49% 31714 9219 2318 118%
c
c   seconds    switched       rate            size/glue  tier1     binary        remaining
c           MB   reductions      conflicts          size   tier2      irredundant
c            level      restarts         redundant     glue    trail        variables
c
c - 1329.45 44 22 91 723 285207 1 12947842 99735 2.0 27 13 5 15 49% 31714 9219 2318 118%
c - 1332.18 44 25 91 724 285208 1 12974730 98079 2.0 28 14 5 15 49% 31714 9219 2318 118%
c - 1335.02 44 26 91 725 285221 1 13001639 91055 2.0 30 15 5 15 49% 31714 9219 2318 118%
c o 1336.39 44 26 91 725 285225 1 13015291 104123 2.0 30 15 5 15 49% 31714 9219 2318 118%
c - 1337.65 44 27 91 726 285232 1 13028565 90268 1.9 30 15 5 15 49% 31714 9219 2318 118%
c - 1340.23 44 26 91 727 285239 1 13055509 96182 1.9 28 15 5 15 50% 31714 9219 2318 118%
c - 1342.97 44 24 91 728 285252 1 13082471 102915 1.9 27 14 5 15 50% 31714 9219 2318 118%
c - 1345.68 44 24 91 729 285262 1 13109452 104175 1.9 26 14 5 15 50% 31714 9219 2318 118%
c ] 1348.26 44 22 92 729 285270 1 13135818 128565 1.9 25 13 5 15 49% 31714 9219 2318 118%
c { 1348.26 44 17 92 729 285270 2 13135818 128565 1.7 16 10 5 11 47% 31714 9219 2318 118%
c - 1348.35 44 17 92 730 285299 2 13136452 106061 1.7 16 10 5 11 47% 31714 9219 2318 118%
c - 1350.73 44 17 92 731 286125 2 13163471 109921 1.7 16 10 5 11 47% 31714 9219 2318 118%
c u 1352.61 44 17 92 731 286334 2 13168509 108241 1.7 16 10 5 11 47% 31714 9219 2318 118%
c v 1354.30 44 17 92 731 286334 2 13168509 104010 1.7 16 10 5 11 47% 31714 9219 2318 118%
c w 1354.88 44 17 92 731 286334 2 13168509 99586 1.7 16 10 5 11 47% 31714 9219 2318 118%
c - 1356.82 44 17 92 732 287298 2 13190508 104094 1.7 16 10 5 11 47% 31714 9219 2318 118%
c - 1359.12 44 17 92 733 288174 2 13217563 106209 1.7 16 10 5 11 47% 31714 9219 2318 118%
c - 1361.33 44 17 92 734 288877 2 13244637 107078 1.7 16 10 5 11 47% 31714 9219 2318 118%
c - 1363.61 44 17 92 735 289726 2 13271730 107342 1.7 16 10 5 11 47% 31714 9219 2318 118%
c - 1365.87 44 17 92 736 290666 2 13298840 107274 1.6 16 10 5 11 47% 31714 9219 2318 118%
c
c   seconds    switched       rate             size/glue  tier1     binary        remaining
c           MB   reductions      conflicts           size   tier2      irredundant
c            level      restarts         redundant      glue    trail        variables
c
c - 1368.09 44 16 92 737 291410 2 13325971 107884 1.6 16 10 5 11 46% 31714 9219 2318 118%
c - 1370.48 44 17 92 738 292638 2 13353118 108458 1.6 16 10 5 11 47% 31714 9219 2318 118%
c - 1372.90 44 17 92 739 293885 2 13380285 108752 1.6 16 10 5 11 47% 31714 9219 2318 118%
c - 1375.19 44 17 92 740 294866 2 13407469 108934 1.6 16 10 5 11 47% 31714 9219 2318 118%
c - 1377.54 44 17 92 741 295980 2 13434671 109341 1.6 16 10 5 11 47% 31714 9219 2318 118%
c - 1379.81 44 17 92 742 296874 2 13461893 110023 1.6 16 10 5 11 47% 31714 9219 2318 118%
c - 1382.14 44 17 92 743 297842 2 13489133 110175 1.6 16 10 5 11 47% 31714 9219 2318 118%
c o 1383.52 44 17 92 743 298516 2 13505426 124634 1.6 16 10 5 11 47% 31714 9219 2318 118%
c - 1384.47 44 17 92 744 298967 2 13516393 110575 1.6 16 10 5 11 47% 31714 9219 2318 118%
c - 1386.88 44 17 92 745 300169 2 13543669 100351 1.6 16 10 4 11 47% 31714 9219 2318 118%
c u 1388.63 44 17 92 745 300322 2 13550966 98383 1.6 16 10 4 11 47% 31714 9219 2318 118%
c v 1390.04 44 17 92 745 300322 2 13550966 92730 1.6 16 10 4 11 47% 31714 9219 2318 118%
c w 1390.54 44 17 92 745 300322 2 13550966 91987 1.6 16 10 4 11 47% 31714 9219 2318 118%
c } 1391.13 44 17 93 745 300772 2 13557822 98165 1.6 16 10 4 11 47% 31714 9219 2318 118%
c [ 1391.13 44 22 93 745 300772 1 13557822 98165 1.9 25 13 5 15 49% 31714 9219 2318 118%
c O 1391.13 44 22 93 745 300772 1 13557822 98165 1.9 25 13 5 15 49% 31714 9219 2318 118%
c - 1392.08 44 21 93 746 300779 1 13570964 84408 1.9 25 13 5 15 49% 31714 9219 2318 118%
c - 1394.25 44 20 93 747 300792 1 13598277 87137 1.9 24 13 5 15 49% 31714 9219 2318 118%
c - 1396.54 44 20 93 748 300802 1 13625609 87854 1.9 24 13 5 15 49% 31714 9219 2318 118%
c - 1399.03 44 20 93 749 300810 1 13652960 87144 1.9 24 13 5 15 49% 31714 9219 2318 118%
c
c   seconds    switched       rate            size/glue  tier1     binary        remaining
c           MB   reductions      conflicts          size   tier2      irredundant
c            level      restarts         redundant     glue    trail        variables
c
c - 1401.62 44 19 93 750 300823 1 13680328 89085 1.9 23 12 5 15 48% 31714 9219 2318 118%
c - 1404.07 44 19 93 751 300833 1 13707715 89360 1.9 23 12 5 15 48% 31714 9219 2318 118%
c - 1406.63 44 20 93 752 300834 1 13735122 87403 1.9 24 12 5 15 48% 31714 9219 2318 118%
c - 1409.24 44 19 93 753 300840 1 13762544 87905 1.9 23 12 5 15 48% 31714 9219 2318 118%
c - 1411.81 44 20 93 754 300852 1 13789989 88204 1.9 24 12 5 15 48% 31714 9219 2318 118%
c - 1414.21 44 21 93 755 300864 1 13817449 82066 1.9 25 13 5 15 49% 31714 9219 2318 118%
c - 1416.82 44 21 93 756 300872 1 13844928 80255 2.0 26 13 5 15 49% 31714 9219 2318 118%
c - 1419.41 44 21 93 757 300883 1 13872425 85677 1.9 25 13 5 15 49% 31714 9219 2318 118%
c - 1422.15 44 21 93 758 300895 1 13899938 87797 2.0 25 13 5 15 49% 31714 9219 2318 118%
c - 1424.92 44 20 93 759 300897 1 13927469 89192 2.0 25 13 5 15 48% 31714 9219 2318 118%
c B 1425.28 44 20 93 759 300897 1 13930893 92452 2.0 24 12 5 15 48% 31714 9219 2318 118%
c u 1427.36 44 22 93 759 300897 1 13939406 96580 1.9 25 13 5 15 48% 31714 9219 2318 118%
c v 1429.11 44 22 93 759 300897 1 13939406 90645 1.9 25 13 5 15 48% 31714 9219 2318 118%
c w 1429.71 44 22 93 759 300897 1 13939406 86422 1.9 25 13 5 15 48% 31714 9219 2318 118%
c ] 1430.08 44 23 94 759 300897 1 13943597 90388 1.9 26 13 5 15 48% 31714 9219 2318 118%
c { 1430.08 44 17 94 759 300897 2 13943597 90388 1.6 16 10 4 11 47% 31714 9219 2318 118%
c - 1431.00 44 17 94 760 301291 2 13955019 76691 1.6 16 10 4 11 47% 31714 9219 2318 118%
c - 1433.11 44 17 94 761 302468 2 13982589 82010 1.6 16 10 4 11 47% 31714 9219 2318 118%
c o 1435.07 44 17 94 761 303263 2 14008961 105281 1.6 16 10 4 11 47% 31714 9219 2318 118%
c - 1435.19 44 17 94 762 303340 2 14010176 87195 1.6 16 10 4 11 47% 31714 9219 2318 118%
c
c   seconds    switched       rate            size/glue  tier1     binary        remaining
c           MB   reductions      conflicts          size   tier2      irredundant
c            level      restarts         redundant     glue    trail        variables
c
c - 1437.22 44 17 94 763 304161 2 14037780 88523 1.6 16 10 4 11 47% 31714 9219 2318 118%
c - 1439.29 44 17 94 764 305003 2 14065402 89071 1.6 16 10 4 11 47% 31714 9219 2318 118%
c - 1441.34 44 17 94 765 306004 2 14093042 90582 1.6 16 10 5 11 47% 31714 9219 2318 118%
c - 1443.51 44 17 94 766 307305 2 14120701 92017 1.6 16 10 5 11 47% 31714 9219 2318 118%
c - 1445.54 44 17 94 767 308052 2 14148378 92494 1.6 16 10 5 11 47% 31714 9219 2318 118%
c - 1447.73 44 17 94 768 309124 2 14176072 93024 1.7 16 10 5 11 47% 31714 9219 2318 118%
c - 1449.93 44 17 94 769 310321 2 14203784 94104 1.7 16 10 5 11 47% 31714 9219 2318 118%
c - 1452.13 44 17 94 770 311451 2 14231515 94833 1.6 16 10 5 11 47% 31714 9219 2318 118%
c - 1454.34 44 17 94 771 312556 2 14259263 91620 1.6 16 10 4 11 47% 31714 9219 2318 118%
c - 1456.50 44 17 94 772 313684 2 14287030 91284 1.6 16 10 4 11 47% 31714 9219 2318 118%
c - 1458.75 44 17 94 773 314881 2 14314814 91003 1.6 16 10 4 11 47% 31714 9219 2318 118%
c u 1461.35 44 17 94 773 315442 2 14333831 103043 1.6 16 10 4 11 47% 31714 9219 2318 118%
c v 1462.74 44 17 94 773 315442 2 14333831 99188 1.6 16 10 4 11 47% 31714 9219 2318 118%
c w 1463.23 44 17 94 773 315442 2 14333831 98423 1.6 16 10 4 11 47% 31714 9219 2318 118%
c - 1463.91 44 17 94 774 315659 2 14342616 82862 1.6 16 10 4 11 47% 31714 9219 2318 118%
c - 1465.92 44 17 94 775 316561 2 14370436 84567 1.6 16 10 4 11 47% 31714 9219 2318 118%
c } 1466.77 44 17 95 775 316880 2 14382583 95567 1.6 16 10 4 11 47% 31714 9219 2318 118%
c [ 1466.77 44 23 95 775 316880 1 14382583 95567 1.9 26 13 5 15 48% 31714 9219 2318 118%
c W 1473.44 44 23 95 775 316880 1 14382583 95567 1.9 26 13 5 15 48% 31714 9219 2318 118%
c - 1474.61 44 22 95 776 316889 1 14398274 85636 1.9 25 13 5 15 48% 31714 9219 2318 118%
c
c   seconds    switched       rate            size/glue  tier1     binary        remaining
c           MB   reductions      conflicts          size   tier2      irredundant
c            level      restarts         redundant     glue    trail        variables
c
c - 1476.87 44 22 95 777 316901 1 14426130 82151 1.9 25 13 5 15 48% 31714 9219 2318 118%
c - 1479.11 44 22 95 778 316910 1 14454004 80817 1.9 25 13 5 15 48% 31714 9219 2318 118%
c - 1481.45 44 22 95 779 316921 1 14481900 81722 1.9 25 13 5 15 49% 31714 9219 2318 118%
c - 1483.92 44 22 95 780 316933 1 14509811 80585 1.9 25 13 5 15 49% 31714 9219 2318 118%
c - 1486.38 44 22 95 781 316941 1 14537740 82566 1.9 25 13 5 15 48% 31714 9219 2318 118%
c - 1488.77 44 24 95 782 316942 1 14565686 79673 1.9 27 14 5 15 49% 31714 9219 2318 118%
c - 1491.45 44 26 95 783 316951 1 14593652 71975 1.9 28 15 5 15 49% 31714 9219 2318 118%
c - 1494.03 44 25 95 784 316964 1 14621634 75976 2.0 28 14 5 15 49% 31714 9219 2318 118%
c - 1496.55 44 24 95 785 316973 1 14649634 83175 2.0 28 14 5 15 49% 31714 9219 2318 118%
c - 1499.08 44 24 95 786 316983 1 14677651 82878 2.0 28 14 5 15 49% 31714 9219 2318 118%
c - 1501.81 44 24 95 787 316995 1 14705686 80767 2.0 28 14 5 15 49% 31714 9219 2318 118%
c - 1504.58 44 24 95 788 317004 1 14733741 77711 2.0 29 15 5 15 49% 31714 9219 2318 118%
c u 1505.92 44 24 95 788 317004 1 14734262 74825 2.0 29 15 5 15 49% 31714 9219 2318 118%
c v 1507.61 44 24 95 788 317004 1 14734262 74032 2.0 29 15 5 15 49% 31714 9219 2318 118%
c w 1508.18 44 24 95 788 317004 1 14734262 71667 2.0 29 15 5 15 49% 31714 9219 2318 118%
c o 1508.20 44 24 95 788 317004 1 14734262 71667 2.0 29 15 5 15 49% 31714 9219 2318 118%
c ] 1510.18 44 36 96 788 317005 1 14761473 98121 1.8 30 16 5 15 49% 31714 9219 2318 118%
c { 1510.18 44 17 96 788 317005 2 14761473 98121 1.6 16 10 4 11 47% 31714 9219 2318 118%
c - 1510.24 44 17 96 789 317047 2 14761813 69487 1.6 16 10 5 11 47% 31714 9219 2318 118%
c - 1512.29 44 17 96 790 317794 2 14789903 76393 1.6 16 10 5 11 47% 31714 9219 2318 118%
c
c   seconds    switched       rate            size/glue  tier1     binary        remaining
c           MB   reductions      conflicts          size   tier2      irredundant
c            level      restarts         redundant     glue    trail        variables
c
c - 1514.40 44 17 96 791 318755 2 14818009 87370 1.6 16 10 5 11 47% 31714 9219 2318 118%
c - 1516.41 44 17 96 792 319361 2 14846134 90519 1.7 16 10 5 11 47% 31714 9219 2318 118%
c - 1518.54 44 17 96 793 320369 2 14874277 91981 1.6 16 10 5 11 47% 31714 9219 2318 118%
c - 1520.69 44 17 96 794 321350 2 14902441 92786 1.6 16 10 5 11 47% 31714 9219 2318 118%
c - 1522.76 44 17 96 795 322253 2 14930620 93408 1.6 16 10 5 11 47% 31714 9219 2318 118%
c - 1525.00 44 17 96 796 323482 2 14958816 94123 1.6 16 10 5 11 47% 31714 9219 2318 118%
c - 1527.18 44 17 96 797 324488 2 14987029 95193 1.7 16 10 5 11 47% 31714 9219 2318 118%
c - 1529.38 44 17 96 798 325441 2 15015260 95821 1.7 16 10 5 11 47% 31714 9219 2318 118%
c - 1531.55 44 17 96 799 326479 2 15043512 96687 1.7 16 10 5 11 47% 31714 9219 2318 118%
c - 1533.68 44 17 96 800 327225 2 15071778 97820 1.7 16 10 5 11 47% 31714 9219 2318 118%
c - 1535.91 44 17 96 801 328349 2 15100064 98741 1.7 16 10 5 11 47% 31714 9219 2318 118%
c - 1538.19 44 17 96 802 329615 2 15128365 99590 1.7 16 10 5 11 47% 31714 9219 2318 118%
c u 1540.31 44 17 96 802 329970 2 15140705 106174 1.7 16 10 5 11 47% 31714 9219 2318 118%
c v 1541.67 44 17 96 802 329970 2 15140705 98663 1.7 16 10 5 11 47% 31714 9219 2318 118%
c w 1542.15 44 17 96 802 329970 2 15140705 97641 1.7 16 10 5 11 47% 31714 9219 2318 118%
c - 1543.35 44 17 96 803 330459 2 15156684 89529 1.7 16 10 5 11 47% 31714 9219 2318 118%
c - 1545.51 44 17 96 804 331520 2 15185022 93328 1.7 16 10 5 11 47% 31714 9219 2318 118%
c - 1547.66 44 17 96 805 332433 2 15213378 97383 1.7 16 10 5 11 47% 31714 9219 2318 118%
c } 1548.03 44 17 97 805 332714 2 15217740 101329 1.7 16 10 5 11 47% 31714 9219 2318 118%
c [ 1548.03 44 36 97 805 332714 1 15217740 101329 1.8 30 16 5 15 49% 31714 9219 2318 118%
c
c   seconds    switched       rate             size/glue  tier1     binary        remaining
c           MB   reductions      conflicts           size   tier2      irredundant
c            level      restarts         redundant      glue    trail        variables
c
c I 1548.03 44 36 97 805 332714 1 15217740 101329 1.8 30 16 5 15 49% 31714 9219 2318 118%
c - 1549.90 44 34 97 806 332727 1 15241752 95211 1.8 29 16 5 15 48% 31714 9219 2318 118%
c - 1552.34 44 32 97 807 332741 1 15270142 89191 1.8 28 16 5 15 48% 31714 9219 2318 118%
c - 1554.92 44 29 97 808 332744 1 15298552 89200 1.9 28 15 5 15 48% 31714 9219 2318 118%
c - 1557.62 44 27 97 809 332759 1 15326979 93615 1.9 28 15 5 15 48% 31714 9219 2318 118%
c - 1560.31 44 25 97 810 332773 1 15355421 97128 1.9 27 14 5 15 48% 31714 9219 2318 118%
c - 1562.84 44 24 97 811 332776 1 15383882 99315 1.9 26 14 5 15 48% 31714 9219 2318 118%
c - 1565.24 44 25 97 812 332776 1 15412360 97924 1.9 26 14 5 15 48% 31714 9219 2318 118%
c - 1568.01 44 25 97 813 332791 1 15440855 98078 1.9 26 14 5 15 48% 31714 9219 2318 118%
c - 1571.04 44 23 97 814 332805 1 15469368 102097 1.9 25 13 5 15 48% 31714 9219 2318 118%
c - 1573.66 44 24 97 815 332809 1 15497902 102424 1.9 25 14 5 15 48% 31714 9219 2318 118%
c - 1576.34 44 24 97 816 332822 1 15526453 98769 1.9 26 14 5 15 48% 31714 9219 2318 118%
c u 1580.53 44 23 97 816 332836 1 15553178 120613 1.9 25 13 5 15 48% 31714 9219 2318 118%
c v 1582.49 44 23 97 816 332836 1 15553178 118928 1.9 25 13 5 15 48% 31714 9219 2318 118%
c w 1583.16 62 23 97 816 332836 1 15553178 112475 1.9 25 13 5 15 48% 31714 9219 2318 118%
c o 1583.19 62 23 97 816 332836 1 15553178 112475 1.9 25 13 5 15 48% 31714 9219 2318 118%
c - 1583.38 51 25 97 817 332837 1 15555018 90924 1.9 26 14 5 15 48% 31714 9219 2318 118%
c - 1586.04 52 26 97 818 332839 1 15583602 89811 1.8 26 15 5 15 48% 31714 9219 2318 118%
c ] 1586.33 50 26 98 818 332839 1 15586843 92925 1.8 26 15 5 15 48% 31714 9219 2318 118%
c { 1586.33 50 17 98 818 332839 2 15586843 92925 1.7 16 10 5 11 47% 31714 9219 2318 118%
c
c   seconds    switched       rate            size/glue  tier1     binary        remaining
c           MB   reductions      conflicts          size   tier2      irredundant
c            level      restarts         redundant     glue    trail        variables
c
c - 1588.21 54 16 98 819 332871 2 15612202 91543 1.7 16 10 5 11 47% 31714 9219 2318 118%
c - 1590.28 54 15 98 820 332921 2 15640822 99448 1.7 16 9 5 11 47% 31714 9219 2318 118%
c - 1592.33 54 14 98 821 332985 2 15669458 101009 1.6 15 9 5 11 47% 31714 9219 2318 118%
c - 1594.40 54 13 98 822 333065 2 15698111 101092 1.6 15 9 5 11 47% 31714 9219 2318 118%
c - 1596.50 54 12 98 823 333250 1 15726781 101143 1.6 14 9 5 11 47% 31714 9219 2318 118%
c - 1598.65 54 12 98 824 333524 1 15755468 101769 1.6 14 9 5 11 47% 31714 9219 2318 118%
c - 1600.78 54 11 98 825 333736 1 15784173 101867 1.6 14 9 5 11 47% 31714 9219 2318 118%
c - 1602.88 54 11 98 826 334003 1 15812895 101161 1.6 13 8 5 11 47% 31714 9219 2318 118%
c - 1605.14 51 11 98 827 334516 1 15841636 102195 1.6 13 8 5 11 47% 31714 9219 2318 118%
c - 1607.41 54 10 98 828 335056 1 15870394 104284 1.6 13 8 5 11 47% 31714 9219 2318 118%
c - 1609.71 54 10 98 829 335517 1 15899168 104330 1.6 13 8 5 11 47% 31714 9219 2318 118%
c - 1612.14 54 10 98 830 336599 1 15927961 105670 1.5 13 8 5 11 47% 31714 9219 2318 118%
c - 1614.59 54 10 98 831 337741 1 15956771 108378 1.5 13 8 5 11 47% 31714 9219 2318 118%
c u 1617.25 54 10 98 831 338265 1 15971685 114177 1.5 13 8 5 11 47% 31714 9219 2318 118%
c v 1618.74 56 10 98 831 338265 1 15971685 108076 1.5 13 8 5 11 47% 31714 9219 2318 118%
c w 1619.26 56 10 98 831 338265 1 15971685 107899 1.5 13 8 5 11 47% 31714 9219 2318 118%
c - 1620.52 54 10 98 832 338869 1 15985599 99680 1.5 13 8 5 11 47% 31714 9219 2318 118%
c - 1622.89 54 10 98 833 339610 1 16014443 102908 1.5 13 8 5 11 47% 31714 9219 2318 118%
c - 1625.26 54 10 98 834 340445 1 16043305 104521 1.6 13 8 5 11 47% 31714 9219 2318 118%
c } 1626.75 54 10 99 834 341218 1 16060677 118504 1.5 13 8 5 11 47% 31714 9219 2318 118%
c
c   seconds    switched       rate             size/glue  tier1     binary        remaining
c           MB   reductions      conflicts           size   tier2      irredundant
c            level      restarts         redundant      glue    trail        variables
c
c [ 1626.75 54 26 99 834 341218 1 16060677 118504 1.8 26 15 5 15 48% 31714 9219 2318 118%
c B 1626.75 54 26 99 834 341218 1 16060677 118504 1.8 26 15 5 15 48% 31714 9219 2318 118%
c - 1627.61 54 26 99 835 341224 1 16072185 102723 1.8 27 15 5 15 48% 31714 9219 2318 118%
c - 1629.99 54 27 99 836 341238 1 16101081 95375 1.8 28 16 5 15 49% 31714 9219 2318 118%
c - 1632.40 54 27 99 837 341248 1 16129995 93368 1.9 28 15 5 15 48% 31714 9219 2318 118%
c - 1635.07 54 26 99 838 341258 1 16158925 100463 1.9 28 15 5 15 48% 31714 9219 2318 118%
c - 1637.86 54 25 99 839 341271 1 16187876 105803 1.9 28 14 5 15 49% 31714 9219 2318 118%
c - 1640.65 52 23 99 840 341279 1 16216841 109055 2.0 27 14 5 15 49% 31714 9219 2318 118%
c - 1643.44 50 24 99 841 341280 1 16245823 108875 2.0 27 14 5 15 49% 31714 9219 2318 118%
c - 1646.52 51 24 99 842 341291 1 16274823 103722 1.9 27 14 5 15 49% 31714 9219 2318 118%
c - 1649.52 54 24 99 843 341304 1 16303840 104298 1.9 27 14 5 15 49% 31714 9219 2318 118%
c - 1652.53 54 23 99 844 341311 1 16332878 107193 1.9 27 14 5 15 48% 31714 9219 2318 118%
c - 1655.62 51 23 99 845 341325 1 16361931 109061 1.9 26 14 5 15 48% 31714 9219 2318 118%
c - 1658.85 51 22 99 846 341339 1 16391000 111434 1.9 25 13 5 15 48% 31714 9219 2318 118%
c u 1661.15 52 21 99 846 341340 1 16396254 111533 1.9 25 13 5 15 48% 31714 9219 2318 118%
c v 1663.09 52 21 99 846 341340 1 16396254 102264 1.9 25 13 5 15 48% 31714 9219 2318 118%
c w 1663.75 52 21 99 846 341340 1 16396254 98720 1.9 25 13 5 15 48% 31714 9219 2318 118%
c o 1669.84 52 21 99 846 341340 1 16396254 98720 1.9 25 13 5 15 48% 31714 9219 2318 118%
c - 1671.66 52 22 99 847 341342 1 16420087 97638 1.8 24 13 5 15 48% 31714 9219 2318 118%
c - 1674.15 52 22 99 848 341343 1 16449190 103892 1.8 24 13 5 15 48% 31714 9219 2318 118%
c
c   seconds    switched        rate             size/glue  tier1     binary        remaining
c           MB    reductions      conflicts           size   tier2      irredundant
c            level       restarts         redundant      glue    trail        variables
c
c ] 1674.76 52 22 100 848 341344 1 16456276 110656 1.8 24 13 5 15 48% 31714 9219 2318 118%
c { 1674.76 52 10 100 848 341344 1 16456276 110656 1.5 13 8 5 11 47% 31714 9219 2318 118%
c - 1677.22 52 13 100 849 344951 2 16478310 109742 1.5 14 9 5 11 47% 31714 9219 2318 118%
c - 1680.05 52 14 100 850 348025 2 16507447 99665 1.5 14 9 4 11 47% 31714 9219 2318 118%
c - 1682.47 52 15 100 851 349795 2 16536602 96696 1.6 15 9 4 11 47% 31714 9219 2318 118%
c - 1684.94 52 16 100 852 351699 2 16565773 95787 1.6 15 10 4 11 47% 31714 9219 2318 118%
c - 1687.29 52 16 100 853 352952 2 16594962 95702 1.6 16 10 4 11 47% 31714 9219 2318 118%
c - 1689.66 52 17 100 854 354304 2 16624170 95950 1.6 16 10 4 11 47% 31714 9219 2318 118%
c - 1692.00 52 17 100 855 355390 2 16653393 96204 1.6 16 10 4 11 47% 31714 9219 2318 118%
c - 1694.34 52 17 100 856 356609 2 16682633 96134 1.6 16 10 4 11 47% 31714 9219 2318 118%
c - 1696.65 52 17 100 857 357639 2 16711890 96109 1.6 16 10 4 11 47% 31714 9219 2318 118%
c - 1698.98 52 17 100 858 358663 2 16741164 96685 1.6 16 10 4 11 47% 31714 9219 2318 118%
c - 1701.25 52 17 100 859 359592 2 16770455 96751 1.6 16 10 4 11 47% 31714 9219 2318 118%
c - 1703.50 52 17 100 860 360279 2 16799765 96136 1.7 16 10 4 11 47% 31714 9219 2318 118%
c u 1706.50 52 16 100 860 360923 2 16826881 116466 1.7 16 10 4 11 47% 31714 9219 2318 118%
c v 1707.60 52 16 100 860 360923 2 16826881 108426 1.7 16 10 4 11 47% 31714 9219 2318 118%
c w 1707.98 52 16 100 860 360923 2 16826881 107365 1.7 16 10 4 11 47% 31714 9219 2318 118%
c - 1708.36 52 16 100 861 360980 2 16829091 84315 1.6 16 10 4 11 47% 31714 9219 2318 118%
c - 1710.64 52 17 100 862 362415 2 16858434 87385 1.6 16 10 4 11 47% 31714 9219 2318 118%
c - 1712.84 52 17 100 863 363372 2 16887793 92416 1.7 16 10 4 11 47% 31714 9219 2318 118%
c
c   seconds    switched        rate            size/glue  tier1     binary        remaining
c           MB    reductions      conflicts          size   tier2      irredundant
c            level       restarts         redundant     glue    trail        variables
c
c - 1715.02 52 17 100 864 364219 2 16917169 93658 1.7 16 10 4 11 47% 31714 9219 2318 118%
c o 1716.57 52 17 100 864 365023 2 16937224 111588 1.7 16 10 4 11 47% 31714 9219 2318 118%
c - 1717.32 52 17 100 865 365420 2 16946562 93885 1.7 16 10 4 11 47% 31714 9219 2318 118%
c } 1717.44 52 17 101 865 365473 2 16947978 95200 1.7 16 10 4 11 47% 31714 9219 2318 118%
c [ 1717.44 52 22 101 865 365473 1 16947978 95200 1.8 24 13 5 15 48% 31714 9219 2318 118%
c W 1725.62 52 22 101 865 365473 1 16947978 95200 1.8 24 13 5 15 48% 31714 9219 2318 118%
c - 1727.95 52 23 101 866 365487 1 16975973 88295 1.9 25 13 5 15 48% 31714 9219 2318 118%
c - 1730.59 52 24 101 867 365502 1 17005400 80583 1.9 26 14 5 15 49% 31714 9219 2318 118%
c - 1733.15 52 23 101 868 365507 1 17034845 80967 1.9 27 14 5 15 49% 31714 9219 2318 118%
c - 1735.88 52 22 101 869 365520 1 17064306 85092 1.9 26 14 5 15 49% 31714 9219 2318 118%
c - 1738.96 52 23 101 870 365533 1 17093785 88376 1.9 26 14 5 15 50% 31714 9219 2318 118%
c - 1742.10 52 22 101 871 365535 1 17123280 89180 1.9 26 14 5 15 50% 31714 9219 2318 118%
c - 1745.06 52 21 101 872 365541 1 17152792 92424 1.9 25 13 5 15 50% 31714 9219 2318 118%
c - 1747.74 52 22 101 873 365554 1 17182322 89778 1.9 26 14 5 15 50% 31714 9219 2318 118%
c - 1750.75 52 22 101 874 365566 1 17211869 86775 1.9 26 14 5 15 51% 31714 9219 2318 118%
c - 1753.53 52 22 101 875 365576 1 17241433 91129 2.0 27 13 5 15 51% 31714 9219 2318 118%
c u 1757.43 52 21 101 875 365585 1 17263593 107463 2.0 26 13 5 15 51% 31714 9219 2318 118%
c v 1759.37 52 21 101 875 365585 1 17263593 91848 2.0 26 13 5 15 51% 31714 9219 2318 118%
c w 1760.07 54 21 101 875 365585 1 17263593 78646 2.0 26 13 5 15 51% 31714 9219 2318 118%
c - 1760.78 54 21 101 876 365588 1 17271015 66764 2.0 26 13 5 15 51% 31714 9219 2318 118%
c
c   seconds    switched        rate            size/glue  tier1     binary        remaining
c           MB    reductions      conflicts          size   tier2      irredundant
c            level       restarts         redundant     glue    trail        variables
c
c - 1763.39 54 23 101 877 365597 1 17300613 73523 2.0 28 14 5 15 51% 31714 9219 2318 118%
c - 1766.13 54 24 101 878 365598 1 17330227 76608 2.0 29 14 5 15 51% 31714 9219 2318 118%
c - 1768.93 54 27 101 879 365599 1 17359858 73029 2.0 31 16 5 15 51% 31714 9219 2318 118%
c ] 1769.53 54 28 102 879 365599 1 17366671 79655 2.0 31 16 5 15 51% 31714 9219 2318 118%
c { 1769.53 54 17 102 879 365599 2 17366671 79655 1.7 16 10 4 11 47% 31714 9219 2318 118%
c - 1773.42 54 24 102 880 369577 4 17389505 70334 1.7 20 11 4 11 47% 31714 9219 2318 118%
c - 1778.57 54 31 102 881 374736 5 17419170 70914 1.8 23 13 4 11 47% 31714 9219 2318 118%
c - 1783.97 54 36 102 882 379583 6 17448851 70492 1.8 25 14 4 11 47% 31714 9219 2318 118%
c - 1788.70 54 39 102 883 382982 6 17478550 72146 1.8 27 15 4 11 47% 31714 9219 2318 118%
c o 1789.96 54 40 102 883 383880 6 17487401 80895 1.9 28 15 4 11 47% 31714 9219 2318 118%
c - 1793.16 54 41 102 884 385784 6 17508266 74175 1.9 29 15 4 11 47% 31714 9219 2318 118%
c - 1797.38 54 42 102 885 388000 6 17537998 75352 1.9 30 16 4 11 47% 31714 9219 2318 118%
c caught signal 15 (SIGTERM)
c
c ---- [ profiling ] ---------------------------------------------------------
c
c        1568.22   87.13 %  search
c         806.60   44.82 %  focused
c         761.62   42.32 %  stable
c         231.46   12.86 %  simplify
c         185.96   10.33 %  probe
c         161.30    8.96 %  vivify
c          45.39    2.52 %  walking
c          21.49    1.19 %  sweep
c          15.82    0.88 %  reduce
c           1.63    0.09 %  substitute
c           1.10    0.06 %  transitive
c           0.21    0.01 %  eliminate
c           0.21    0.01 %  factor
c           0.18    0.01 %  backbone
c           0.11    0.01 %  preprocess
c           0.07    0.00 %  congruence
c           0.02    0.00 %  subsume
c           0.01    0.00 %  fastel
c           0.01    0.00 %  parse
c           0.00    0.00 %  lucky
c =============================================
c        1799.80  100.00 %  total
c
c ---- [ statistics ] --------------------------------------------------------
c
c chronological:                           33                0 %  conflicts
c conflicts:                         17557082             9754.99 per second
c decisions:                         34793322                1.98 per conflict
c eliminated:                            5469              279 %  variables
c factored:                              5839              298 %  variables
c fast_eliminated:                       1860               34 %  eliminated
c fast_strengthened:                        2                0 %  per strengthened
c propagations:                    5518096955          3065942    per second
c reductions:                             885            19839    interval
c reordered:                               56           313519    interval
c rephased:                                65           270109    interval
c restarts:                            389166               45    interval
c strengthened:                          2285                1 %  checks
c switched:                               102           172128    interval
c vivified:                            901179               58 %  checks
c walks:                                   22           798049    interval
c
c ---- [ proof ] -------------------------------------------------------------
c
c proof_added:                       17960221               50 %  per line
c proof_bytes:                     1610612736             1536 MB 
c proof_deleted:                     17894036               50 %  per line
c
c ---- [ glue usage ] --------------------------------------------------------
c
c focused glue 4   used 1181837 clauses  5.23% accumulated 50.37% tier1
c focused glue 5   used  943198 clauses  4.17% accumulated 54.54%
c focused glue 6-9 used 6245749 clauses 27.62% accumulated 82.16%
c focused glue 10  used 1341865 clauses  5.93% accumulated 88.10%
c focused glue 11  used  901396 clauses  3.99% accumulated 92.08% tier2
c
c stable glue 5    used 2316171 clauses  7.03% accumulated 51.23% tier1
c stable glue 6    used 1948734 clauses  5.91% accumulated 57.14%
c stable glue 7-13 used 9539990 clauses 28.95% accumulated 86.09%
c stable glue 14   used  846408 clauses  2.57% accumulated 88.66%
c stable glue 15   used  705899 clauses  2.14% accumulated 90.80% tier2
c
c ---- [ resources ] ---------------------------------------------------------
c
c maximum-resident-set-size:         65048576 bytes         62 MB
c process-time:                            30m            1799.80 seconds
c raising signal 15 (SIGTERM)
