c ---- [ banner ] ------------------------------------------------------------
c
c Kissat SAT Solver
c 
c Copyright (c) 2021-2024 Armin Biere University of Freiburg
c Copyright (c) 2019-2021 Armin Biere Johannes Kepler University Linz
c 
c Version 4.0.0 unknown
c gcc (Ubuntu 13.3.0-6ubuntu2~24.04.1) 13.3.0 -W -Wall -O3 -DNDEBUG
c Mon Aug 3 21:56:23 UTC 2026 Linux runnervmvrwv9 6.17.0-1020-azure x86_64
c
c ---- [ proving ] -----------------------------------------------------------
c
c opened and writing proof to DRAT file:
c
c   borsuk_11_k6_q00r00_sixth_base_colorability_screen/work/results/q00r00-s035/q00r00-s035.drat
c
c ---- [ parsing ] -----------------------------------------------------------
c
c opened and reading DIMACS file:
c
c   borsuk_11_k6_q00r00_sixth_base_colorability_screen/work/input/instances/cases/q00r00-s035/q00r00-s035_12color.cnf
c
c parsed 'p cnf 1488 37022' header
c closing input after reading 469464 bytes (458 KB)
c finished parsing after 0.00 seconds
c
c ---- [ solving ] -----------------------------------------------------------
c
c  seconds switched rate     size/glue tier1  binary       remaining
c         MB reductions conflicts size  tier2    irredundant
c          level restarts redundant glue  trail       variables
c
c *  0.00  4 0 0 0  0 0   0   0 0.0 0 0 0 0 0% 36774 236 1476 99%
c (  0.00  4 0 0 0  0 0   0   0 0.0 0 0 0 0 0% 36774 236 1476 99%
c .  0.00  4 0 0 0  0 0   0   0 0.0 0 0 0 0 0% 36774 236 1476 99%
c f  0.07  5 0 0 0  0 0   0   0 0.0 0 0 0 0 0% 17159 236 3778 254%
c e  0.08  6 0 0 0  0 0   0   0 0.0 0 0 0 0 0% 16554 1543 2527 170%
c )  0.08  6 0 0 0  0 0   0   0 0.0 0 0 0 0 0% 16554 1543 2527 170%
c {  0.08  6 0 0 0  0 0   0   0 0.0 0 0 2 6 0% 16554 1543 2527 170%
c -  0.11  6 18 0 1 16 2 1000 686 1.8 18 10 9 13 41% 16554 1543 2527 170%
c }  0.11  6 18 1 1 16 2 1000 686 1.8 18 10 9 13 41% 16554 1543 2527 170%
c [  0.11  6 0 1 1 16 0 1000 686 0.0 0 0 2 6 0% 16554 1543 2527 170%
c B  0.11  6 23 1 1 16 6 1001 687 2.2 22 10 2 6 42% 16554 1543 2527 170%
c ]  0.13  6 21 2 1 16 1 1923 1484 1.6 15 9 2 6 40% 16554 1543 2527 170%
c {  0.13  6 18 2 1 16 2 1923 1484 1.8 18 10 9 13 41% 16554 1543 2527 170%
c -  0.13  6 19 2 2 16 2 2000 1265 1.8 18 10 9 13 41% 16554 1543 2527 170%
c u  0.16  6 19 2 2 16 1 2749 1843 1.9 18 10 9 13 41% 16554 1543 2527 170%
c v  0.16  7 19 2 2 16 1 2749 1750 1.9 18 10 9 13 41% 16554 1543 2527 170%
c f  0.18  7 19 2 2 16 1 2749 1750 1.9 18 10 9 13 41% 15195 1543 3449 232%
c u  0.19  6 19 2 2 16 1 2749 1739 1.9 18 10 9 13 41% 15195 1543 3449 232%
c v  0.20  6 19 2 2 16 1 2749 1728 1.9 18 10 9 13 41% 15195 1543 3449 232%
c }  0.23  6 19 3 2 29 2 2924 1892 1.9 18 10 9 13 40% 15195 1543 3449 232%
c
c  seconds  switched rate       size/glue tier1    binary        remaining
c         MB reductions conflicts     size  tier2     irredundant
c          level restarts  redundant    glue   trail        variables
c
c [  0.23  6 21 3 2 29 1 2924 1892 1.6 15 9 2 6 40% 15195 1543 3449 232%
c W  0.24  6 21 3 2 29 1 2924 1892 1.6 15 9 2 6 40% 15195 1543 3449 232%
c -  0.25  7 20 3 3 29 1 3416 2229 1.6 16 10 9 13 39% 15195 1543 3449 232%
c ]  0.27  7 19 4 3 29 1 3860 2643 1.7 17 10 9 13 38% 15195 1543 3449 232%
c {  0.27  7 19 4 3 29 2 3860 2643 1.9 18 10 9 13 40% 15195 1543 3449 232%
c -  0.31  8 22 4 4 204 3 5149 3709 2.0 20 10 9 12 38% 15195 1543 3449 232%
c }  0.34  8 22 5 4 305 3 6213 4745 1.9 19 10 9 12 37% 15195 1543 3449 232%
c [  0.34  8 19 5 4 305 1 6213 4745 1.7 17 10 9 13 38% 15195 1543 3449 232%
c I  0.34  8 19 5 4 305 1 6213 4745 1.7 17 10 9 13 38% 15195 1543 3449 232%
c -  0.37  8 31 5 5 305 1 7149 5167 1.7 20 12 9 16 37% 15195 1543 3449 232%
c u  0.43  9 33 5 5 307 1 8513 6453 1.7 22 13 9 16 37% 15195 1543 3449 232%
c v  0.43 10 33 5 5 307 1 8513 6445 1.7 22 13 9 16 37% 15195 1543 3449 232%
c w  0.44 10 33 5 5 307 1 8513 6429 1.7 22 13 9 16 37% 15195 1543 3449 232%
c ]  0.45 10 33 6 5 307 1 8656 6553 1.7 22 13 9 16 37% 15195 1543 3449 232%
c {  0.45 10 22 6 5 307 3 8656 6553 1.9 19 10 9 12 37% 15195 1543 3449 232%
c -  0.49 10 26 6 6 519 5 9386 6384 1.9 19 10 9 12 37% 15195 1543 3449 232%
c o  0.53 10 29 6 6 606 5 10401 7389 2.3 23 10 9 12 36% 15195 1543 3449 232%
c -  0.60 10 33 6 7 958 7 11835 7750 2.2 23 10 9 13 36% 15195 1543 3449 232%
c }  0.64 10 35 7 7 1108 8 12725 8634 2.2 23 10 9 13 36% 15195 1543 3449 232%
c [  0.64 10 33 7 7 1108 1 12725 8634 1.7 22 13 9 16 37% 15195 1543 3449 232%
c
c  seconds  switched   rate        size/glue  tier1     binary        remaining
c         MB reductions  conflicts       size   tier2      irredundant
c          level  restarts    redundant     glue    trail        variables
c
c B  0.64 10 33 7 7 1108 1 12725 8634 1.7 22 13 9 16 37% 15195 1543 3449 232%
c e  0.69 10 30 7 7 1108 1 13740 9561 1.7 21 12 9 16 37% 14411 2133 3307 222%
c ^  0.69 10 30 7 7 1108 1 13740 9561 1.7 21 12 9 16 37% 14411 2133 3307 222%
c -  0.71 10 28 7 8 1109 1 14480 4022 1.7 21 12 9 16 37% 14411 2133 3307 222%
c -  0.81 10 23 7 9 1111 1 17308 6124 1.8 20 11 9 14 36% 14411 2133 3307 222%
c u  0.83 10 23 7 9 1111 1 17464 6174 1.8 20 11 9 14 36% 14411 2133 3307 222%
c v  0.85 10 23 7 9 1111 1 17464 5254 1.8 20 11 9 14 36% 14411 2133 3307 222%
c w  0.85 10 23 7 9 1111 1 17464 5172 1.8 20 11 9 14 36% 14411 2133 3307 222%
c W  0.89  8 23 7 9 1112 1 18257 5888 1.8 20 11 9 14 36% 14411 2133 3307 222%
c ]  0.89  8 23 8 9 1112 1 18268 5898 1.8 20 11 9 14 36% 14411 2133 3307 222%
c {  0.89  8 35 8 9 1112 8 18268 5898 2.2 23 10 9 13 36% 14411 2133 3307 222%
c -  0.96  8 31 8 10 1140 6 20308 7005 2.1 22 10 8 12 35% 14411 2133 3307 222%
c o  0.97  8 31 8 10 1142 6 20745 7426 2.1 22 10 8 12 35% 14411 2133 3307 222%
c -  1.07  8 29 8 11 1380 6 23471 9023 2.0 21 10 8 13 35% 14411 2133 3307 222%
c }  1.10  8 28 9 11 1384 6 24427 9907 2.0 21 10 8 13 35% 14411 2133 3307 222%
c [  1.10  8 23 9 11 1384 1 24427 9907 1.8 20 11 9 14 36% 14411 2133 3307 222%
c O  1.14  9 21 9 11 1385 1 25785 11116 1.8 19 11 9 14 36% 14411 2133 3307 222%
c -  1.18  9 21 9 12 1386 1 26787 10500 1.8 19 11 8 13 35% 14411 2133 3307 222%
c e  1.23 11 20 9 12 1386 1 27613 11241 1.7 19 11 8 13 35% 14863 2279 2698 181%
c ^  1.23 11 20 9 12 1386 1 27613 11241 1.7 19 11 8 13 35% 14863 2279 2698 181%
c
c  seconds  switched    rate         size/glue  tier1     binary        remaining
c         MB  reductions  conflicts        size   tier2      irredundant
c          level   restarts     redundant     glue    trail        variables
c
c u  1.34 11 19 9 12 1388 1 29811 11475 1.7 18 11 8 13 36% 14863 2279 2698 181%
c v  1.36 11 19 9 12 1388 1 29811 9727 1.7 18 11 8 13 36% 14863 2279 2698 181%
c w  1.36 11 19 9 12 1388 1 29811 9667 1.7 18 11 8 13 36% 14863 2279 2698 181%
c f  1.44 11 19 9 12 1388 1 29811 9667 1.7 18 11 8 13 36% 14848 2279 2703 182%
c u  1.45 11 19 9 12 1388 1 29811 9559 1.7 18 11 8 13 36% 14848 2279 2703 182%
c v  1.46 11 19 9 12 1388 1 29811 9553 1.7 18 11 8 13 36% 14848 2279 2703 182%
c w  1.47 11 19 9 12 1388 1 29811 9553 1.7 18 11 8 13 36% 14848 2279 2703 182%
c -  1.50 11 19 9 13 1388 1 30252 8534 1.7 18 11 8 13 36% 14848 2279 2703 182%
c ]  1.51 11 19 10 13 1388 1 30493 8767 1.7 19 11 8 13 36% 14848 2279 2703 182%
c {  1.51 11 28 10 13 1388 6 30493 8767 2.0 21 10 8 13 35% 14848 2279 2703 182%
c -  1.62 11 27 10 14 1586 5 33860 10795 2.1 21 10 8 12 36% 14848 2279 2703 182%
c -  1.75 11 27 10 15 1834 5 37602 13736 2.0 21 10 9 13 36% 14848 2279 2703 182%
c }  1.80 11 26 11 15 1894 5 39120 15125 2.0 20 10 9 13 36% 14848 2279 2703 182%
c [  1.80 11 19 11 15 1894 1 39120 15125 1.7 19 11 8 13 36% 14848 2279 2703 182%
c B  1.80 11 19 11 15 1894 1 39120 15125 1.7 19 11 8 13 36% 14848 2279 2703 182%
c -  1.89 12 19 11 16 1896 1 41474 16136 1.8 19 11 8 13 36% 14848 2279 2703 182%
c -  2.04 12 18 11 17 1899 1 45474 18075 1.8 18 10 8 13 37% 14848 2279 2703 182%
c u  2.07 15 18 11 17 1899 1 45652 18171 1.8 18 10 8 13 37% 14848 2279 2703 182%
c v  2.09 15 18 11 17 1899 1 45652 17716 1.8 18 10 8 13 37% 14848 2279 2703 182%
c w  2.10 15 18 11 17 1899 1 45652 17706 1.8 18 10 8 13 37% 14848 2279 2703 182%
c
c  seconds   switched    rate         size/glue  tier1     binary        remaining
c         MB   reductions  conflicts        size   tier2      irredundant
c          level    restarts     redundant     glue    trail        variables
c
c o  2.10 15 18 11 17 1899 1 45652 17706 1.8 18 10 8 13 37% 14848 2279 2703 182%
c ]  2.15 13 26 12 17 1899 1 46955 18993 1.6 20 12 8 13 36% 14848 2279 2703 182%
c {  2.15 13 26 12 17 1899 5 46955 18993 2.0 20 10 9 13 36% 14848 2279 2703 182%
c -  2.27 14 26 12 18 2052 4 49597 19311 2.0 20 10 9 13 37% 14848 2279 2703 182%
c -  2.42 14 24 12 19 2136 4 53839 21519 1.9 20 10 9 12 37% 14848 2279 2703 182%
c e  2.56 12 23 12 19 2238 4 57572 24983 1.9 19 10 9 12 37% 15119 2392 2489 167%
c ^  2.56 12 23 12 19 2238 4 57572 24983 1.9 19 10 9 12 37% 15119 2392 2489 167%
c -  2.59 14 23 12 20 2240 4 58197 20200 1.9 19 10 8 12 37% 15119 2392 2489 167%
c }  2.60 14 23 13 20 2272 4 58434 20430 1.9 19 10 8 12 37% 15119 2392 2489 167%
c [  2.60 14 26 13 20 2272 1 58434 20430 1.6 20 12 8 13 36% 15119 2392 2489 167%
c W  2.61 14 26 13 20 2272 1 58434 20430 1.6 20 12 8 13 36% 15119 2392 2489 167%
c -  2.76 14 26 13 21 2275 1 62670 21278 1.7 21 12 8 14 37% 15119 2392 2489 167%
c u  2.88 17 25 13 21 2277 1 65139 23483 1.7 21 12 8 14 37% 15119 2392 2489 167%
c v  2.91 17 25 13 21 2277 1 65139 23256 1.7 21 12 8 14 37% 15119 2392 2489 167%
c w  2.92 17 25 13 21 2277 1 65139 22759 1.7 21 12 8 14 37% 15119 2392 2489 167%
c -  3.02 16 25 13 22 2278 1 67252 22312 1.7 20 12 8 14 37% 15119 2392 2489 167%
c ]  3.09 16 24 14 22 2278 1 69138 23985 1.7 20 12 8 14 37% 15119 2392 2489 167%
c {  3.09 16 23 14 22 2278 4 69138 23985 1.9 19 10 8 12 37% 15119 2392 2489 167%
c -  3.21 16 23 14 23 2563 4 71942 24381 1.9 19 10 8 12 37% 15119 2392 2489 167%
c o  3.38 16 23 14 23 2818 4 76712 28902 1.9 19 10 8 12 38% 15119 2392 2489 167%
c
c  seconds   switched    rate         size/glue  tier1     binary        remaining
c         MB   reductions  conflicts        size   tier2      irredundant
c          level    restarts     redundant     glue    trail        variables
c
c -  3.39 16 23 14 24 2825 4 76737 26188 1.9 19 10 8 12 38% 15119 2392 2489 167%
c -  3.59 16 23 14 25 3203 4 81635 29295 1.9 19 10 9 12 38% 15119 2392 2489 167%
c }  3.68 16 22 15 25 3302 4 83853 31418 1.9 19 10 9 12 38% 15119 2392 2489 167%
c [  3.68 16 24 15 25 3302 1 83853 31418 1.7 20 12 8 14 37% 15119 2392 2489 167%
c I  3.68 16 24 15 25 3302 1 83853 31418 1.7 20 12 8 14 37% 15119 2392 2489 167%
c -  3.79 17 26 15 26 3304 1 86636 31517 1.8 22 12 8 14 38% 15119 2392 2489 167%
c u  3.90 16 25 15 26 3305 1 88358 33031 1.8 22 12 8 14 39% 15119 2392 2489 167%
c v  3.94 16 25 15 26 3305 1 88358 32885 1.8 22 12 8 14 39% 15119 2392 2489 167%
c w  3.95 16 25 15 26 3305 1 88358 32827 1.8 22 12 8 14 39% 15119 2392 2489 167%
c -  4.17 16 25 15 27 3307 1 91736 33336 1.8 22 12 9 14 39% 15119 2392 2489 167%
c -  4.38 16 24 15 28 3309 1 96932 35735 1.8 22 12 9 14 40% 15119 2392 2489 167%
c ]  4.47 16 24 16 28 3311 1 98768 37504 1.8 22 12 9 14 40% 15119 2392 2489 167%
c {  4.47 16 22 16 28 3311 4 98768 37504 1.9 19 10 9 12 38% 15119 2392 2489 167%
c -  4.63 16 22 16 29 3505 4 102225 37707 1.9 19 10 9 12 38% 15119 2392 2489 167%
c e  4.78 16 22 16 29 3580 4 105718 40998 1.9 19 10 9 12 39% 15855 2891 2112 142%
c ^  4.79 16 22 16 29 3580 4 105718 40998 1.9 19 10 9 12 39% 15855 2891 2112 142%
c -  4.87 18 22 16 30 3687 3 107611 27324 1.9 19 10 8 12 39% 15855 2891 2112 142%
c -  5.08 18 22 16 31 3987 3 113089 29289 1.8 19 10 8 12 39% 15855 2891 2112 142%
c u  5.21 18 21 16 31 4139 3 115493 31447 1.8 19 10 8 12 40% 15855 2891 2112 142%
c v  5.24 18 21 16 31 4139 3 115493 31046 1.8 19 10 8 12 40% 15855 2891 2112 142%
c
c  seconds   switched    rate          size/glue  tier1     binary        remaining
c         MB   reductions  conflicts         size   tier2      irredundant
c          level    restarts      redundant     glue    trail        variables
c
c w  5.25 18 21 16 31 4139 3 115493 31024 1.8 19 10 8 12 40% 15855 2891 2112 142%
c f  5.28 18 21 16 31 4139 3 115493 31024 1.8 19 10 8 12 40% 15846 2891 2113 142%
c u  5.33 18 21 16 31 4139 3 115493 30518 1.8 19 10 8 12 40% 15846 2891 2113 142%
c v  5.37 18 21 16 31 4139 3 115493 30225 1.8 19 10 8 12 40% 15846 2891 2113 142%
c w  5.38 18 21 16 31 4139 3 115493 30150 1.8 19 10 8 12 40% 15846 2891 2113 142%
c o  5.44 18 21 16 31 4169 3 116773 31391 1.8 19 10 8 12 40% 15846 2891 2113 142%
c }  5.45 18 21 17 31 4202 3 117108 31712 1.8 19 10 8 12 40% 15846 2891 2113 142%
c [  5.45 18 24 17 31 4202 1 117108 31712 1.8 22 12 9 14 40% 15846 2891 2113 142%
c B  5.45 18 24 17 31 4202 1 117108 31712 1.8 22 12 9 14 40% 15846 2891 2113 142%
c -  5.52 18 24 17 32 4203 1 118657 30341 1.8 22 12 9 14 41% 15846 2891 2113 142%
c -  5.74 18 23 17 33 4207 1 124315 32285 1.8 22 12 9 14 42% 15846 2891 2113 142%
c -  5.98 18 22 17 34 4209 1 130061 33903 1.8 22 12 9 14 43% 15846 2891 2113 142%
c -  6.19 18 21 17 35 4214 1 135891 35263 1.8 22 12 9 14 43% 15846 2891 2113 142%
c ]  6.20 18 21 18 35 4214 1 136283 35639 1.8 22 12 9 14 43% 15846 2891 2113 142%
c {  6.20 18 21 18 35 4214 3 136283 35639 1.8 19 10 8 12 40% 15846 2891 2113 142%
c -  6.44 18 20 18 36 4214 3 141808 36675 1.8 18 10 8 12 41% 15846 2891 2113 142%
c u  6.69 18 20 18 36 4214 3 146404 40360 1.8 18 10 8 12 41% 15846 2891 2113 142%
c v  6.74 23 20 18 36 4214 3 146404 37832 1.8 18 10 8 12 41% 15846 2891 2113 142%
c w  6.76 23 20 18 36 4214 3 146404 37383 1.8 18 10 8 12 41% 15846 2891 2113 142%
c -  6.83 20 19 18 37 4216 3 147809 35606 1.8 18 10 8 12 41% 15846 2891 2113 142%
c
c  seconds   switched    rate          size/glue  tier1     binary        remaining
c         MB   reductions  conflicts         size   tier2      irredundant
c          level    restarts      redundant     glue    trail        variables
c
c -  7.06 21 19 18 38 4243 3 153891 39024 1.8 18 10 8 12 41% 15846 2891 2113 142%
c }  7.25 21 18 19 38 4243 3 158628 43009 1.8 18 10 8 12 41% 15846 2891 2113 142%
c [  7.25 21 21 19 38 4243 1 158628 43009 1.8 22 12 9 14 43% 15846 2891 2113 142%
c W  7.27 18 21 19 38 4243 1 158628 43009 1.8 22 12 9 14 43% 15846 2891 2113 142%
c -  7.35 18 21 19 39 4244 1 160056 42127 1.9 22 12 9 14 43% 15846 2891 2113 142%
c -  7.62 23 21 19 40 4248 1 166300 44478 2.0 24 12 9 14 44% 15846 2891 2113 142%
c -  7.94 23 21 19 41 4251 1 172624 46130 2.2 26 12 9 14 45% 15846 2891 2113 142%
c e  8.01 23 21 19 41 4252 1 173645 47081 2.2 26 12 9 14 45% 16908 3772 1808 122%
c ^  8.02 23 21 19 41 4252 1 173645 47081 2.2 26 12 9 14 45% 16908 3772 1808 122%
c o  8.02 23 21 19 41 4252 1 173645 31875 2.2 26 12 9 14 45% 16908 3772 1808 122%
c -  8.24 25 25 19 42 4255 1 179029 32622 2.0 26 13 9 15 45% 16908 3772 1808 122%
c ]  8.29 25 25 20 42 4256 1 180231 33734 2.0 26 13 9 15 45% 16908 3772 1808 122%
c {  8.29 25 18 20 42 4256 3 180231 33734 1.8 18 10 8 12 41% 16908 3772 1808 122%
c u  8.40 25 18 20 42 4388 3 181396 34266 1.8 18 10 8 12 42% 16908 3772 1808 122%
c v  8.46 25 18 20 42 4388 3 181396 34097 1.8 18 10 8 12 42% 16908 3772 1808 122%
c w  8.48 25 18 20 42 4388 3 181396 33998 1.8 18 10 8 12 42% 16908 3772 1808 122%
c f  8.50 25 18 20 42 4388 3 181396 33998 1.8 18 10 8 12 42% 16891 3772 1809 122%
c u  8.58 19 18 20 42 4388 3 181396 32084 1.8 18 10 8 12 42% 16891 3772 1809 122%
c v  8.63 19 18 20 42 4388 3 181396 31970 1.8 18 10 8 12 42% 16891 3772 1809 122%
c w  8.65 19 18 20 42 4388 3 181396 31938 1.8 18 10 8 12 42% 16891 3772 1809 122%
c
c  seconds   switched    rate          size/glue  tier1     binary        remaining
c         MB   reductions  conflicts         size   tier2      irredundant
c          level    restarts      redundant     glue    trail        variables
c
c -  9.06 19 18 20 43 4465 3 185510 32812 1.8 17 10 8 12 42% 16891 3772 1809 122%
c -  9.30 19 18 20 44 4659 3 192068 36270 1.8 17 10 8 12 42% 16891 3772 1809 122%
c -  9.61 19 18 20 45 5254 3 198702 39035 1.8 18 10 8 12 43% 16891 3772 1809 122%
c -  9.90 19 18 20 46 5671 3 205412 41601 1.8 17 10 8 12 43% 16891 3772 1809 122%
c }  9.97 19 18 21 46 5883 3 206971 43124 1.8 17 10 8 12 44% 16891 3772 1809 122%
c [  9.97 19 25 21 46 5883 1 206971 43124 2.0 26 13 9 15 45% 16891 3772 1809 122%
c O  9.97 19 25 21 46 5883 1 206971 43124 2.0 26 13 9 15 45% 16891 3772 1809 122%
c - 10.18 19 24 21 47 5887 1 212194 43857 2.0 26 13 9 15 46% 16891 3772 1809 122%
c - 10.49 19 23 21 48 5889 1 219052 45812 2.0 25 13 9 15 46% 16891 3772 1809 122%
c u 10.61 24 23 21 48 5890 1 220190 46609 2.0 25 13 9 15 46% 16891 3772 1809 122%
c v 10.66 24 23 21 48 5890 1 220190 45471 2.0 25 13 9 15 46% 16891 3772 1809 122%
c w 10.68 24 23 21 48 5890 1 220190 45103 2.0 25 13 9 15 46% 16891 3772 1809 122%
c - 11.01 22 23 21 49 5895 1 225980 45221 2.0 25 12 9 14 46% 16891 3772 1809 122%
c ] 11.24 22 22 22 49 5896 1 231191 50131 2.0 25 12 9 14 46% 16891 3772 1809 122%
c { 11.24 22 18 22 49 5896 3 231191 50131 1.8 17 10 8 12 44% 16891 3772 1809 122%
c - 11.42 23 19 22 50 6365 3 232980 47028 1.8 18 10 8 12 44% 16891 3772 1809 122%
c o 11.48 23 19 22 50 6546 3 233650 47690 1.8 18 10 8 12 44% 16891 3772 1809 122%
c - 12.08 23 22 22 51 8276 4 240053 47434 1.8 18 10 8 12 44% 16891 3772 1809 122%
c - 12.78 23 24 22 52 10151 5 247196 47529 1.8 19 11 8 12 44% 16891 3772 1809 122%
c - 13.41 23 26 22 53 11454 5 254408 47941 1.8 20 11 8 12 44% 16891 3772 1809 122%
c
c  seconds   switched     rate          size/glue  tier1     binary        remaining
c         MB   reductions   conflicts         size   tier2      irredundant
c          level    restarts       redundant     glue    trail        variables
c
c - 14.13 23 28 22 54 12952 6 261689 48349 1.8 20 11 8 12 45% 16891 3772 1809 122%
c e 14.24 20 29 22 54 13162 6 262663 49312 1.8 20 11 8 12 45% 18756 4712 1578 106%
c ! 14.25 20 29 22 54 13162 6 262663 49312 1.8 20 11 8 12 45% 18756 4712 1578 106%
c } 14.26 21 29 23 54 13171 6 262707 34066 1.8 20 11 8 12 45% 18756 4712 1578 106%
c [ 14.26 21 22 23 54 13171 1 262707 34066 2.0 25 12 9 14 46% 18756 4712 1578 106%
c B 14.26 21 22 23 54 13171 1 262707 34066 2.0 25 12 9 14 46% 18756 4712 1578 106%
c u 14.41 23 23 23 54 13171 1 263186 34029 2.0 25 12 9 14 46% 18756 4712 1578 106%
c v 14.53 23 23 23 54 13171 1 263186 33853 2.0 25 12 9 14 46% 18756 4712 1578 106%
c w 14.57 23 23 23 54 13171 1 263186 33823 2.0 25 12 9 14 46% 18756 4712 1578 106%
c f 14.60 19 23 23 54 13171 1 263186 33823 2.0 25 12 9 14 46% 18289 4709 1604 108%
c u 14.74 23 23 23 54 13171 1 263186 33647 2.0 25 12 9 14 46% 18289 4709 1604 108%
c v 14.85 23 23 23 54 13171 1 263186 33459 2.0 25 12 9 14 46% 18289 4709 1604 108%
c w 14.89 23 23 23 54 13171 1 263186 33436 2.0 25 12 9 14 46% 18289 4709 1604 108%
c - 15.13 22 22 23 55 13176 1 269041 35397 2.0 24 12 8 14 47% 18289 4709 1604 108%
c - 15.45 22 21 23 56 13179 1 276459 39415 2.0 24 12 8 14 47% 18289 4709 1604 108%
c - 15.77 23 21 23 57 13184 1 283944 42745 2.0 23 12 8 14 48% 18289 4709 1604 108%
c - 16.14 22 21 23 58 13185 1 291493 45526 2.0 23 12 8 14 48% 18289 4709 1604 108%
c W 16.30 19 21 23 58 13185 1 294157 48038 2.0 23 12 8 14 48% 18289 4709 1604 108%
c - 16.56 19 20 23 59 13188 1 299108 47722 2.0 23 12 8 14 49% 18289 4709 1604 108%
c - 16.92 24 20 23 60 13192 1 306789 49898 2.0 23 12 8 14 49% 18289 4709 1604 108%
c
c  seconds   switched     rate          size/glue  tier1     binary        remaining
c         MB   reductions   conflicts         size   tier2      irredundant
c          level    restarts       redundant     glue    trail        variables
c
c u 17.18 24 20 23 60 13195 1 310009 52423 2.0 23 12 8 14 49% 18289 4709 1604 108%
c v 17.27 26 20 23 60 13195 1 310009 50812 2.0 23 12 8 14 49% 18289 4709 1604 108%
c w 17.30 26 20 23 60 13195 1 310009 50293 2.0 23 12 8 14 49% 18289 4709 1604 108%
c o 17.31 26 20 23 60 13195 1 310009 50293 2.0 23 12 8 14 49% 18289 4709 1604 108%
c - 17.58 23 24 23 61 13198 1 314536 48249 1.9 24 13 8 14 49% 18289 4709 1604 108%
c - 17.97 23 23 23 62 13200 1 322350 50211 1.9 24 12 8 14 50% 18289 4709 1604 108%
c ] 18.17 22 23 24 62 13200 1 326007 53710 1.9 24 12 8 14 50% 18289 4709 1604 108%
c { 18.17 22 29 24 62 13200 6 326007 53710 1.8 20 11 8 12 45% 18289 4709 1604 108%
c - 18.36 23 28 24 63 13218 6 330224 53765 1.8 20 11 8 12 45% 18289 4709 1604 108%
c - 18.74 24 27 24 64 13231 5 338161 56865 1.8 20 11 8 12 46% 18289 4709 1604 108%
c - 19.11 24 26 24 65 13275 5 346164 59443 1.8 19 11 8 12 46% 18291 4709 1604 108%
c - 19.50 23 25 24 66 13337 5 354228 61907 1.8 19 11 8 12 47% 18291 4709 1604 108%
c u 19.95 26 24 24 66 13403 4 361153 65438 1.8 19 11 8 12 47% 18291 4709 1604 108%
c v 20.04 26 24 24 66 13403 4 361153 63465 1.8 19 11 8 12 47% 18291 4709 1604 108%
c w 20.07 26 24 24 66 13403 4 361153 63316 1.8 19 11 8 12 47% 18291 4709 1604 108%
c - 20.15 23 24 24 67 13423 4 362352 60451 1.8 19 11 8 12 47% 18292 4709 1604 108%
c } 20.17 23 24 25 67 13423 4 362685 60752 1.8 19 11 8 12 47% 18292 4709 1604 108%
c [ 20.17 23 23 25 67 13423 1 362685 60752 1.9 24 12 8 14 50% 18292 4709 1604 108%
c I 20.17 23 23 25 67 13423 1 362685 60752 1.9 24 12 8 14 50% 18292 4709 1604 108%
c - 20.56 24 24 25 68 13428 1 370539 62098 1.9 24 12 8 14 50% 18292 4709 1604 108%
c
c  seconds   switched     rate          size/glue  tier1     binary        remaining
c         MB   reductions   conflicts         size   tier2      irredundant
c          level    restarts       redundant     glue    trail        variables
c
c e 20.73 20 24 25 68 13429 1 373784 65111 1.9 24 13 8 14 50% 18346 4726 1597 107%
c - 21.03 23 24 25 69 13432 1 378785 61840 1.9 24 13 8 14 50% 18346 4726 1597 107%
c - 21.51 24 23 25 70 13436 1 387093 63462 1.9 24 13 8 14 50% 18346 4726 1597 107%
c ] 21.85 23 23 26 70 13437 1 393568 69612 2.0 24 12 8 14 50% 18346 4726 1597 107%
c { 21.85 23 24 26 70 13437 4 393568 69612 1.8 19 11 8 12 47% 18346 4726 1597 107%
c o 21.86 23 24 26 70 13438 4 393628 69671 1.8 19 11 8 12 47% 18346 4726 1597 107%
c - 21.95 24 23 26 71 13453 4 395460 65605 1.8 19 11 8 12 47% 18346 4726 1597 107%
c - 22.37 26 23 26 72 13591 4 403888 67728 1.8 19 11 8 12 47% 18346 4726 1597 107%
c - 22.80 24 22 26 73 13647 4 412373 70172 1.8 19 10 8 12 48% 18346 4726 1597 107%
c u 23.16 22 22 26 73 13714 4 416698 73048 1.8 18 10 8 12 48% 18346 4726 1597 107%
c v 23.27 22 22 26 73 13714 4 416698 71268 1.8 18 10 8 12 48% 18346 4726 1597 107%
c w 23.31 22 22 26 73 13714 4 416698 71075 1.8 18 10 8 12 48% 18346 4726 1597 107%
c f 23.72 22 22 26 73 13714 4 416698 71075 1.8 18 10 8 12 48% 18295 4726 1600 108%
c u 23.83 23 22 26 73 13714 4 416698 70856 1.8 18 10 8 12 48% 18295 4726 1600 108%
c v 23.91 23 22 26 73 13714 4 416698 70515 1.8 18 10 8 12 48% 18295 4726 1600 108%
c w 23.93 23 22 26 73 13714 4 416698 70475 1.8 18 10 8 12 48% 18295 4726 1600 108%
c - 24.20 23 21 26 74 13723 4 420917 69105 1.8 18 10 8 12 48% 18295 4726 1600 108%
c - 24.63 23 21 26 75 13856 3 429519 71957 1.8 18 10 8 12 48% 18296 4726 1600 108%
c } 24.93 23 20 27 75 13952 3 435787 77663 1.8 18 10 8 12 48% 18296 4726 1600 108%
c [ 24.93 23 23 27 75 13952 1 435787 77663 2.0 24 12 8 14 50% 18296 4726 1600 108%
c
c  seconds   switched     rate          size/glue  tier1     binary        remaining
c         MB   reductions   conflicts         size   tier2      irredundant
c          level    restarts       redundant     glue    trail        variables
c
c B 24.93 23 23 27 75 13952 1 435787 77663 2.0 24 12 8 14 50% 18296 4726 1600 108%
c - 25.07 23 23 27 76 13954 1 438179 74590 2.0 24 13 8 14 50% 18296 4726 1600 108%
c - 25.53 23 23 27 77 13958 1 446896 76021 2.0 25 13 8 15 50% 18296 4726 1600 108%
c - 26.03 23 23 27 78 13964 1 455670 76777 2.0 25 13 8 15 51% 18296 4726 1600 108%
c - 26.58 23 23 27 79 13966 1 464501 77731 2.0 26 13 8 15 51% 18296 4726 1600 108%
c ] 27.02 23 23 28 79 13969 1 471318 84216 2.0 26 13 8 15 51% 18296 4726 1600 108%
c { 27.02 23 20 28 79 13969 3 471318 84216 1.8 18 10 8 12 48% 18296 4726 1600 108%
c - 27.18 23 20 28 80 14074 3 473389 79265 1.8 18 10 8 12 48% 18296 4726 1600 108%
c u 27.52 24 20 28 80 14074 3 476690 82009 1.8 18 10 8 12 48% 18296 4726 1600 108%
c v 27.65 33 20 28 80 14074 3 476690 81660 1.8 18 10 8 12 48% 18296 4726 1600 108%
c w 27.70 33 20 28 80 14074 3 476690 80753 1.8 18 10 8 12 48% 18296 4726 1600 108%
c - 28.04 28 20 28 81 14174 3 482333 80330 1.7 18 10 8 12 48% 18297 4726 1600 108%
c o 28.20 31 20 28 81 14234 3 485404 83048 1.7 18 10 8 12 49% 18297 4726 1600 108%
c - 28.56 31 19 28 82 14317 3 491333 83246 1.7 18 10 8 12 49% 18297 4726 1600 108%
c - 29.07 31 19 28 83 14416 3 500388 86260 1.8 17 10 8 12 49% 18297 4726 1600 108%
c - 29.61 31 19 28 84 14546 3 509499 88933 1.7 17 10 8 12 49% 18297 4726 1600 108%
c e 29.64 24 19 28 84 14575 3 509890 89313 1.7 17 10 8 12 49% 18308 4726 1599 107%
c - 30.14 28 18 28 85 14771 3 518666 92181 1.7 17 10 8 12 49% 18308 4726 1599 107%
c } 30.20 31 18 29 85 14812 3 519456 92883 1.7 17 10 8 12 49% 18308 4726 1599 107%
c [ 30.20 31 23 29 85 14812 1 519456 92883 2.0 26 13 8 15 51% 18308 4726 1599 107%
c
c  seconds   switched     rate          size/glue  tier1     binary        remaining
c         MB   reductions   conflicts         size   tier2      irredundant
c          level    restarts       redundant     glue    trail        variables
c
c W 30.21 24 23 29 85 14812 1 519456 92883 2.0 26 13 8 15 51% 18308 4726 1599 107%
c - 30.68 24 23 29 86 14818 1 527885 94873 2.0 25 13 8 15 51% 18308 4726 1599 107%
c - 31.25 25 23 29 87 14823 1 537158 96516 2.0 25 13 8 15 52% 18308 4726 1599 107%
c u 31.71 36 23 29 87 14825 1 541216 100076 2.0 25 13 8 15 52% 18308 4726 1599 107%
c v 31.86 36 23 29 87 14825 1 541216 98868 2.0 25 13 8 15 52% 18308 4726 1599 107%
c w 31.92 36 23 29 87 14825 1 541216 98184 2.0 25 13 8 15 52% 18308 4726 1599 107%
c f 31.94 36 23 29 87 14825 1 541216 98184 2.0 25 13 8 15 52% 18291 4726 1600 108%
c u 32.11 36 23 29 87 14825 1 541216 97895 2.0 25 13 8 15 52% 18291 4726 1600 108%
c v 32.25 36 23 29 87 14825 1 541216 97542 2.0 25 13 8 15 52% 18291 4726 1600 108%
c w 32.31 36 23 29 87 14825 1 541216 96965 2.0 25 13 8 15 52% 18291 4726 1600 108%
c - 32.67 32 22 29 88 14826 1 546485 95358 2.0 25 13 8 15 52% 18291 4726 1600 108%
c - 33.31 32 22 29 89 14829 1 555865 97929 2.0 24 12 8 15 52% 18291 4726 1600 108%
c ] 33.78 32 21 30 89 14833 1 562802 104371 2.0 24 12 8 15 52% 18291 4726 1600 108%
c { 33.78 32 18 30 89 14833 3 562802 104371 1.7 17 10 8 12 49% 18291 4726 1600 108%
c - 33.96 32 18 30 90 14853 3 565299 99805 1.7 17 10 8 12 49% 18291 4726 1600 108%
c - 34.56 32 18 30 91 15012 3 574786 101991 1.7 17 10 8 12 49% 18294 4726 1600 108%
c - 35.18 32 18 30 92 15295 3 584327 104129 1.7 17 10 8 12 49% 18295 4726 1600 108%
c o 35.26 32 18 30 92 15319 3 585435 105197 1.7 17 10 8 12 49% 18295 4726 1600 108%
c - 35.87 32 18 30 93 15771 3 593920 84791 1.7 17 10 7 12 50% 18295 4726 1600 108%
c - 36.47 32 17 30 94 16195 3 603563 79805 1.7 17 10 7 12 50% 18295 4726 1600 108%
c
c  seconds   switched     rate          size/glue  tier1     binary        remaining
c         MB   reductions   conflicts         size   tier2      irredundant
c          level    restarts       redundant     glue    trail        variables
c
c u 37.09 29 17 30 94 16573 3 610331 85188 1.7 17 10 7 12 50% 18296 4726 1600 108%
c v 37.26 32 17 30 94 16573 3 610331 84028 1.7 17 10 7 12 50% 18296 4726 1600 108%
c w 37.32 32 17 30 94 16573 3 610331 83911 1.7 17 10 7 12 50% 18296 4726 1600 108%
c - 37.53 32 18 30 95 16730 3 613259 77634 1.7 17 10 7 12 50% 18296 4726 1600 108%
c } 37.78 32 17 31 95 16935 3 617236 81236 1.7 17 10 7 12 50% 18296 4726 1600 108%
c [ 37.78 32 21 31 95 16935 1 617236 81236 2.0 24 12 8 15 52% 18296 4726 1600 108%
c O 37.78 32 21 31 95 16935 1 617236 81236 2.0 24 12 8 15 52% 18296 4726 1600 108%
c - 38.09 32 21 31 96 16939 1 623005 78267 2.0 24 12 8 15 52% 18296 4726 1600 108%
c - 38.66 30 20 31 97 16944 1 632802 78216 2.0 23 12 8 14 52% 18296 4726 1600 108%
c - 39.22 32 20 31 98 16949 1 642650 78784 2.0 23 12 7 14 52% 18296 4726 1600 108%
c - 39.79 30 20 31 99 16952 1 652549 80051 2.0 23 12 7 14 52% 18296 4726 1600 108%
c - 40.39 32 20 31 100 16957 1 662500 81094 2.0 23 12 7 14 52% 18296 4726 1600 108%
c B 40.87 32 20 31 100 16962 1 670023 88108 2.0 23 12 7 14 52% 18296 4726 1600 108%
c - 41.04 32 20 31 101 16963 1 672501 81167 2.0 23 12 7 14 52% 18296 4726 1600 108%
c ] 41.19 32 20 32 101 16964 1 675246 83780 2.0 24 12 7 14 52% 18296 4726 1600 108%
c { 41.19 32 17 32 101 16964 3 675246 83780 1.7 17 10 7 12 50% 18296 4726 1600 108%
c - 41.66 32 17 32 102 17170 2 682550 81005 1.7 17 10 7 11 50% 18296 4726 1600 108%
c u 41.92 32 17 32 102 17222 2 684087 81556 1.7 17 10 7 11 50% 18296 4726 1600 108%
c v 42.08 33 17 32 102 17222 2 684087 80153 1.7 17 10 7 11 50% 18296 4726 1600 108%
c w 42.14 33 17 32 102 17222 2 684087 79344 1.7 17 10 7 11 50% 18296 4726 1600 108%
c
c  seconds   switched      rate          size/glue  tier1     binary        remaining
c         MB   reductions    conflicts         size   tier2      irredundant
c          level     restarts       redundant     glue    trail        variables
c
c - 42.72 32 17 32 103 17646 2 692649 79392 1.7 17 10 7 11 50% 18297 4726 1600 108%
c o 42.88 30 17 32 103 17711 2 695436 81869 1.7 17 10 7 11 50% 18297 4726 1600 108%
c - 43.34 32 17 32 104 18086 2 702797 81033 1.7 17 10 7 11 50% 18297 4726 1600 108%
c - 43.93 32 17 32 105 18323 2 712996 82073 1.7 17 10 7 11 50% 18297 4726 1600 108%
c - 44.50 32 17 32 106 18525 2 723242 82726 1.7 16 10 7 11 50% 18297 4726 1600 108%
c - 45.14 32 17 32 107 19077 2 733537 83108 1.7 16 10 7 11 50% 18297 4726 1600 108%
c } 45.30 32 17 33 107 19163 2 736350 85678 1.7 16 10 7 11 50% 18297 4726 1600 108%
c [ 45.30 32 20 33 107 19163 1 736350 85678 2.0 24 12 7 14 52% 18297 4726 1600 108%
c W 45.33 25 20 33 107 19163 1 736350 85678 2.0 24 12 7 14 52% 18297 4726 1600 108%
c - 45.73 25 21 33 108 19168 1 743882 83233 2.0 24 12 7 14 52% 18297 4726 1600 108%
c - 46.33 25 21 33 109 19174 1 754274 83524 2.0 24 12 7 14 52% 18297 4726 1600 108%
c u 47.00 28 21 33 109 19177 1 762539 90692 2.0 24 12 7 14 52% 18297 4726 1600 108%
c v 47.18 37 21 33 109 19177 1 762539 89120 2.0 24 12 7 14 52% 18297 4726 1600 108%
c w 47.24 37 21 33 109 19177 1 762539 87709 2.0 24 12 7 14 52% 18297 4726 1600 108%
c - 48.08 32 21 33 110 19177 1 764715 82050 2.0 24 12 7 14 52% 18297 4726 1600 108%
c - 48.76 35 21 33 111 19182 1 775203 84594 2.0 24 12 7 14 52% 18297 4726 1600 108%
c - 49.45 35 20 33 112 19188 1 785739 86885 2.0 23 12 7 14 52% 18297 4726 1600 108%
c ] 50.08 35 20 34 112 19192 1 795614 96228 2.0 23 12 7 14 51% 18297 4726 1600 108%
c { 50.08 35 17 34 112 19192 2 795614 96228 1.7 16 10 7 11 50% 18297 4726 1600 108%
c - 50.14 35 17 34 113 19198 2 796322 87457 1.7 16 10 7 11 50% 18297 4726 1600 108%
c
c  seconds   switched      rate          size/glue tier1     binary        remaining
c         MB   reductions    conflicts         size  tier2      irredundant
c          level     restarts       redundant    glue    trail        variables
c
c - 50.72 35 16 34 114 19198 2 806952 87185 1.7 16 9 7 11 50% 18297 4726 1600 108%
c - 51.34 35 15 34 115 19198 2 817629 86950 1.7 16 9 7 11 50% 18297 4726 1600 108%
c o 51.83 35 15 34 115 19199 2 825649 93086 1.7 16 9 7 11 50% 18297 4726 1600 108%
c - 52.00 35 15 34 116 19212 2 828352 87885 1.7 15 9 7 11 50% 18297 4726 1600 108%
c - 52.62 32 14 34 117 19231 2 839122 90232 1.7 15 9 7 11 50% 18297 4726 1600 108%
c u 53.17 36 14 34 117 19235 2 845739 94375 1.7 15 9 7 11 50% 18297 4726 1600 108%
c v 53.30 39 14 34 117 19235 2 845739 91130 1.7 15 9 7 11 50% 18297 4726 1600 108%
c w 53.35 39 14 34 117 19235 2 845739 90995 1.7 15 9 7 11 50% 18297 4726 1600 108%
c - 53.67 35 14 34 118 19242 2 849939 88711 1.7 15 9 7 11 50% 18297 4726 1600 108%
c - 54.31 32 14 34 119 19301 2 860803 92765 1.7 15 9 7 11 50% 18299 4726 1600 108%
c } 54.51 35 13 35 119 19316 2 863760 95033 1.7 15 9 7 11 50% 18299 4726 1600 108%
c [ 54.51 35 20 35 119 19316 1 863760 95033 2.0 23 12 7 14 51% 18299 4726 1600 108%
c I 54.51 35 20 35 119 19316 1 863760 95033 2.0 23 12 7 14 51% 18299 4726 1600 108%
c - 54.98 35 21 35 120 19321 1 871712 94421 2.0 24 12 7 14 52% 18299 4726 1600 108%
c - 55.65 35 21 35 121 19328 1 882666 93540 1.9 24 12 7 14 51% 18299 4726 1600 108%
c - 56.31 35 21 35 122 19330 1 893667 94502 1.9 24 12 7 14 52% 18299 4726 1600 108%
c - 57.06 35 21 35 123 19336 1 904715 96471 2.0 24 12 7 14 52% 18299 4726 1600 108%
c - 57.88 35 20 35 124 19343 1 915807 97500 2.0 24 12 7 14 52% 18299 4726 1600 108%
c - 58.54 35 21 35 125 19345 1 926944 96752 2.0 24 12 7 14 52% 18299 4726 1600 108%
c ] 58.63 35 21 36 125 19345 1 928576 98347 2.0 24 12 7 14 52% 18299 4726 1600 108%
c
c  seconds   switched      rate          size/glue tier1     binary        remaining
c         MB   reductions    conflicts         size  tier2      irredundant
c          level     restarts       redundant    glue    trail        variables
c
c { 58.63 35 13 36 125 19345 2 928576 98347 1.7 15 9 7 11 50% 18299 4726 1600 108%
c u 59.30 39 14 36 125 19907 2 933741 102293 1.7 15 9 7 11 50% 18299 4726 1600 108%
c v 59.52 39 14 36 125 19907 2 933741 101159 1.7 15 9 7 11 50% 18299 4726 1600 108%
c w 59.60 39 14 36 125 19907 2 933741 100740 1.7 15 9 7 11 50% 18299 4726 1600 108%
c - 60.02 35 14 36 126 20533 2 938125 95468 1.7 15 9 7 11 50% 18299 4726 1600 108%
c - 60.94 35 14 36 127 21810 2 949350 96536 1.6 15 9 7 11 50% 18299 4726 1600 108%
c o 61.41 35 14 36 127 22186 2 956309 102973 1.7 15 9 7 11 50% 18299 4726 1600 108%
c - 61.80 35 15 36 128 22703 2 960619 97186 1.6 15 9 7 11 50% 18299 4726 1600 108%
c - 62.61 35 15 36 129 23463 2 971933 97403 1.6 15 9 7 11 50% 18299 4726 1600 108%
c - 63.44 35 15 36 130 24313 2 983290 98589 1.6 15 9 7 11 50% 18299 4726 1600 108%
c - 64.25 35 15 36 131 24893 2 994692 100809 1.6 15 9 7 11 50% 18299 4726 1600 108%
c } 64.91 35 15 37 131 25425 2 1004132 109457 1.7 15 9 7 11 50% 18299 4726 1600 108%
c [ 64.91 35 21 37 131 25425 1 1004132 109457 2.0 24 12 7 14 52% 18299 4726 1600 108%
c B 64.91 35 21 37 131 25425 1 1004132 109457 2.0 24 12 7 14 52% 18299 4726 1600 108%
c - 65.04 35 21 37 132 25426 1 1006138 102105 2.0 24 12 7 14 52% 18299 4726 1600 108%
c - 65.73 35 20 37 133 25433 1 1017627 102749 1.9 23 12 7 14 52% 18299 4726 1600 108%
c u 66.53 39 20 37 133 25438 1 1026598 110455 1.9 23 12 7 14 52% 18299 4726 1600 108%
c v 66.78 39 20 37 133 25438 1 1026598 107370 1.9 23 12 7 14 52% 18299 4726 1600 108%
c w 66.88 39 20 37 133 25438 1 1026598 103819 1.9 23 12 7 14 52% 18299 4726 1600 108%
c - 67.08 32 20 37 134 25439 1 1029161 96226 1.9 23 12 7 14 52% 18299 4726 1600 108%
c
c  seconds   switched      rate           size/glue  tier1     binary        remaining
c         MB   reductions     conflicts         size   tier2      irredundant
c          level     restarts        redundant     glue    trail        variables
c
c - 67.88 35 20 37 135 25442 1 1040736 98446 1.9 23 12 7 14 53% 18299 4726 1600 108%
c - 68.67 35 20 37 136 25449 1 1052354 99163 1.9 23 12 7 14 53% 18299 4726 1600 108%
c - 69.45 35 21 37 137 25454 1 1064015 97119 1.9 23 12 7 14 53% 18299 4726 1600 108%
c - 70.27 35 21 37 138 25455 1 1075722 95874 1.9 24 12 7 14 53% 18299 4726 1600 108%
c W 70.46 28 21 37 138 25455 1 1077108 97207 1.9 24 12 7 14 53% 18299 4726 1600 108%
c - 71.09 28 22 37 139 25457 1 1087473 94747 1.9 25 13 7 14 53% 18299 4726 1600 108%
c ] 71.33 28 22 38 139 25460 1 1091613 98620 1.9 25 13 7 14 53% 18299 4726 1600 108%
c { 71.33 28 15 38 139 25460 2 1091613 98620 1.7 15 9 7 11 50% 18299 4726 1600 108%
c o 71.96 28 16 38 139 26450 3 1096319 103272 1.7 16 10 7 11 50% 18299 4726 1600 108%
c - 72.38 28 17 38 140 27061 3 1099262 93160 1.7 16 10 7 11 50% 18299 4726 1600 108%
c - 74.09 28 21 38 141 29543 4 1111094 92111 1.7 18 10 7 11 50% 18299 4726 1600 108%
c - 75.90 28 23 38 142 32038 4 1122969 90029 1.7 19 11 7 11 50% 18299 4726 1600 108%
c u 76.45 37 24 38 142 32330 4 1124368 87178 1.7 19 11 7 11 50% 18299 4726 1600 108%
c v 76.73 37 24 38 142 32330 4 1124368 86854 1.7 19 11 7 11 50% 18299 4726 1600 108%
c w 76.84 37 24 38 142 32330 4 1124368 86837 1.7 19 11 7 11 50% 18299 4726 1600 108%
c - 78.48 35 26 38 143 34558 5 1134888 83618 1.7 20 12 7 11 50% 18299 4726 1600 108%
c - 80.30 35 28 38 144 37071 5 1146846 82376 1.7 21 12 7 11 50% 18299 4726 1600 108%
c - 82.17 35 30 38 145 39582 6 1158849 81274 1.7 22 13 7 11 50% 18300 4726 1600 108%
c - 83.94 35 32 38 146 41857 6 1170890 80425 1.7 23 13 7 11 50% 18301 4726 1600 108%
c } 84.40 35 32 39 146 42361 6 1174946 84422 1.8 24 13 7 11 50% 18302 4726 1600 108%
c
c  seconds   switched      rate           size/glue  tier1     binary        remaining
c         MB   reductions     conflicts         size   tier2      irredundant
c          level     restarts        redundant     glue    trail        variables
c
c [ 84.40 35 22 39 146 42361 1 1174946 84422 1.9 25 13 7 14 53% 18302 4726 1600 108%
c O 84.40 35 22 39 146 42361 1 1174946 84422 1.9 25 13 7 14 53% 18302 4726 1600 108%
c - 84.89 35 22 39 147 42366 1 1182973 81776 1.9 25 13 7 14 54% 18302 4726 1600 108%
c - 85.65 35 21 39 148 42373 1 1195097 84143 1.9 24 12 7 14 54% 18302 4726 1600 108%
c - 86.44 35 21 39 149 42375 1 1207262 84353 1.9 24 12 7 14 54% 18302 4726 1600 108%
c - 87.36 35 20 39 150 42382 1 1219468 83972 1.9 24 12 7 14 54% 18302 4726 1600 108%
c u 88.31 36 20 39 150 42388 1 1227073 88769 1.9 23 12 7 14 54% 18302 4726 1600 108%
c v 88.72 36 20 39 150 42388 1 1227073 80203 1.9 23 12 7 14 54% 18302 4726 1600 108%
c w 88.86 36 20 39 150 42388 1 1227073 75233 1.9 23 12 7 14 54% 18302 4726 1600 108%
c - 89.22 32 20 39 151 42389 1 1231715 72509 2.0 23 12 7 14 53% 18302 4726 1600 108%
c - 90.11 32 19 39 152 42391 1 1244004 77881 2.0 23 12 7 14 53% 18302 4726 1600 108%
c - 90.98 35 20 39 153 42391 1 1256336 80354 2.0 23 12 7 14 53% 18302 4726 1600 108%
c B 91.17 35 20 39 153 42393 1 1258983 82955 2.0 24 12 7 14 53% 18302 4726 1600 108%
c o 91.17 35 20 39 153 42393 1 1258983 82955 2.0 24 12 7 14 53% 18302 4726 1600 108%
c - 91.81 35 23 39 154 42398 1 1268706 81088 2.0 24 13 7 14 53% 18302 4726 1600 108%
c - 92.61 35 22 39 155 42405 1 1281116 82330 2.0 25 12 7 14 53% 18302 4726 1600 108%
c - 93.45 35 22 39 156 42409 1 1293568 84158 2.1 26 12 7 14 53% 18302 4726 1600 108%
c - 94.42 35 22 39 157 42416 1 1306057 82683 2.1 26 12 7 14 53% 18302 4726 1600 108%
c - 95.30 35 23 39 158 42421 1 1318586 80557 2.1 27 13 7 14 54% 18302 4726 1600 108%
c - 96.18 35 23 39 159 42422 1 1331157 79142 2.2 28 13 7 14 54% 18302 4726 1600 108%
c
c  seconds   switched      rate           size/glue  tier1     binary        remaining
c         MB   reductions     conflicts         size   tier2      irredundant
c          level     restarts        redundant     glue    trail        variables
c
c u 96.74 36 23 39 159 42422 1 1334766 82180 2.2 28 13 7 14 54% 18302 4726 1600 108%
c v 97.02 36 23 39 159 42422 1 1334766 82077 2.2 28 13 7 14 54% 18302 4726 1600 108%
c w 97.13 39 23 39 159 42422 1 1334766 81800 2.2 28 13 7 14 54% 18302 4726 1600 108%
c - 97.84 35 23 39 160 42423 1 1343768 76936 2.2 28 13 7 14 54% 18302 4726 1600 108%
c W 98.30 28 23 39 160 42423 1 1348784 81687 2.2 28 13 7 14 54% 18302 4726 1600 108%
c ] 98.43 28 23 40 160 42423 1 1350512 83292 2.2 28 13 7 14 54% 18302 4726 1600 108%
c { 98.43 28 32 40 160 42423 6 1350512 83292 1.8 24 13 7 11 50% 18302 4726 1600 108%
c - 98.91 28 31 40 161 42429 6 1356417 77419 1.8 23 13 7 11 50% 18302 4726 1600 108%
c - 99.79 28 29 40 162 42464 5 1369108 78604 1.8 23 13 7 11 50% 18303 4726 1600 108%
c - 100.64 28 28 40 163 42464 5 1381835 68283 1.8 22 12 6 11 51% 18303 4726 1600 108%
c - 101.46 28 26 40 164 42487 4 1394603 66211 1.8 22 12 6 11 51% 18304 4726 1600 108%
c - 102.23 28 25 40 165 42535 4 1407411 66134 1.8 21 12 6 11 51% 18304 4726 1600 108%
c - 103.01 28 24 40 166 42570 4 1420256 66680 1.8 21 12 6 11 51% 18304 4726 1600 108%
c o 103.59 28 23 40 166 42581 4 1429336 74961 1.8 21 12 6 11 51% 18304 4726 1600 108%
c - 103.84 28 23 40 167 42619 4 1433141 66821 1.8 21 11 6 11 51% 18304 4726 1600 108%
c } 104.38 28 22 41 167 42663 3 1441984 74806 1.8 20 11 6 11 51% 18304 4726 1600 108%
c [ 104.38 28 23 41 167 42663 1 1441984 74806 2.2 28 13 7 14 54% 18304 4726 1600 108%
c I 104.55 28 23 41 167 42665 1 1444499 77085 2.1 28 13 7 14 54% 18304 4726 1600 108%
c - 104.64 28 23 41 168 42665 1 1446064 66337 2.2 28 13 7 14 54% 18304 4726 1600 108%
c u 105.00 28 23 41 168 42667 1 1447504 66007 2.2 28 13 7 14 54% 18304 4726 1600 108%
c
c  seconds    switched      rate           size/glue  tier1     binary        remaining
c          MB   reductions     conflicts         size   tier2      irredundant
c           level     restarts        redundant     glue    trail        variables
c
c v 105.27 28 23 41 168 42667 1 1447504 64655 2.2 28 13 7 14 54% 18304 4726 1600 108%
c w 105.37 28 23 41 168 42667 1 1447504 64029 2.2 28 13 7 14 54% 18304 4726 1600 108%
c - 106.08 28 24 41 169 42673 1 1459028 61332 2.2 29 13 7 14 54% 18304 4726 1600 108%
c - 106.87 28 24 41 170 42677 1 1472028 60850 2.2 30 13 7 15 54% 18304 4726 1600 108%
c - 107.75 28 24 41 171 42684 1 1485068 62713 2.3 31 13 7 15 54% 18304 4726 1600 108%
c - 108.70 28 25 41 172 42691 1 1498144 62717 2.3 31 14 7 15 54% 18304 4726 1600 108%
c - 109.59 28 25 41 173 42693 1 1511258 62150 2.3 32 14 7 15 54% 18304 4726 1600 108%
c - 110.63 28 25 41 174 42694 1 1524410 63785 2.4 33 14 7 15 53% 18304 4726 1600 108%
c ] 110.98 28 25 42 174 42697 1 1528847 67982 2.4 33 14 7 15 53% 18304 4726 1600 108%
c { 110.98 28 22 42 174 42697 3 1528847 67982 1.8 20 11 6 11 51% 18304 4726 1600 108%
c - 111.58 28 21 42 175 42751 3 1537601 66759 1.8 20 11 6 11 51% 18304 4726 1600 108%
c - 112.34 28 20 42 176 42764 3 1550829 69670 1.8 19 11 6 11 50% 18304 4726 1600 108%
c - 113.19 28 20 42 177 42840 3 1564095 71597 1.8 19 11 6 11 51% 18304 4726 1600 108%
c u 113.55 28 20 42 177 42840 3 1565283 71452 1.8 19 11 6 11 51% 18304 4726 1600 108%
c v 113.84 28 20 42 177 42840 3 1565283 67151 1.8 19 11 6 11 51% 18304 4726 1600 108%
c w 113.94 28 20 42 177 42840 3 1565283 66225 1.8 19 11 6 11 51% 18304 4726 1600 108%
c - 115.94 28 19 42 178 42982 3 1577401 69677 1.8 19 11 6 11 51% 18305 4726 1600 108%
c - 116.83 28 19 42 179 43166 3 1590742 72370 1.8 19 11 6 11 51% 18306 4726 1600 108%
c - 117.66 28 18 42 180 43255 2 1604121 73629 1.8 18 10 6 11 51% 18307 4726 1600 108%
c o 117.78 28 18 42 180 43259 2 1606156 75526 1.8 18 10 6 11 50% 18307 4726 1600 108%
c
c  seconds    switched      rate           size/glue  tier1     binary        remaining
c          MB   reductions     conflicts         size   tier2      irredundant
c           level     restarts        redundant     glue    trail        variables
c
c - 118.55 28 18 42 181 43490 2 1617537 75454 1.8 18 10 6 11 50% 18307 4726 1600 108%
c } 119.26 28 18 43 181 43608 2 1628822 85750 1.8 18 10 6 11 50% 18307 4726 1600 108%
c [ 119.26 28 25 43 181 43608 1 1628822 85750 2.4 33 14 7 15 53% 18307 4726 1600 108%
c B 119.26 28 25 43 181 43608 1 1628822 85750 2.4 33 14 7 15 53% 18307 4726 1600 108%
c - 119.40 28 25 43 182 43610 1 1630995 76367 2.4 33 14 7 15 53% 18307 4726 1600 108%
c - 120.31 28 25 43 183 43617 1 1644485 74872 2.4 33 14 7 15 54% 18307 4726 1600 108%
c - 121.18 28 25 43 184 43622 1 1658013 72776 2.4 33 14 7 15 54% 18307 4726 1600 108%
c - 122.16 28 25 43 185 43629 1 1671577 72701 2.4 33 14 7 15 54% 18307 4726 1600 108%
c - 123.08 28 25 43 186 43636 1 1685181 73914 2.4 33 14 7 15 54% 18307 4726 1600 108%
c u 123.49 28 25 43 186 43637 1 1688187 76540 2.4 33 14 7 15 54% 18307 4726 1600 108%
c v 123.72 28 25 43 186 43637 1 1688187 75879 2.4 33 14 7 15 54% 18307 4726 1600 108%
c w 123.81 28 25 43 186 43637 1 1688187 75247 2.4 33 14 7 15 54% 18307 4726 1600 108%
c - 124.67 28 24 43 187 43638 1 1698822 73952 2.4 32 14 7 15 54% 18307 4726 1600 108%
c - 125.67 28 24 43 188 43640 1 1712496 74983 2.3 32 14 7 15 54% 18307 4726 1600 108%
c ] 126.33 28 24 44 188 43645 1 1722451 84705 2.3 32 14 7 15 54% 18307 4726 1600 108%
c { 126.33 28 18 44 188 43645 2 1722451 84705 1.8 18 10 6 11 50% 18307 4726 1600 108%
c - 126.63 28 17 44 189 43749 2 1726208 75785 1.8 18 10 6 11 50% 18307 4726 1600 108%
c - 127.60 28 17 44 190 44073 2 1739955 77945 1.8 18 10 6 11 50% 18308 4726 1600 108%
c - 128.63 28 17 44 191 44528 2 1753740 80177 1.8 18 10 6 11 50% 18308 4726 1600 108%
c - 129.57 28 17 44 192 44858 2 1767560 81044 1.7 17 10 6 11 50% 18309 4726 1600 108%
c
c  seconds    switched      rate           size/glue  tier1     binary        remaining
c          MB   reductions     conflicts         size   tier2      irredundant
c           level     restarts        redundant     glue    trail        variables
c
c - 130.53 28 16 44 193 45296 2 1781417 81867 1.7 17 10 6 11 50% 18311 4726 1600 108%
c o 130.91 28 16 44 193 45308 2 1787258 86967 1.7 17 10 6 11 50% 18311 4726 1600 108%
c - 131.53 28 16 44 194 45680 2 1795311 83244 1.7 17 10 6 11 50% 18311 4726 1600 108%
c - 132.57 28 16 44 195 46187 2 1809240 83389 1.7 17 10 6 11 50% 18312 4726 1600 108%
c u 133.45 28 16 44 195 46465 2 1816242 87765 1.7 17 10 6 11 50% 18312 4726 1600 108%
c v 133.78 37 16 44 195 46465 2 1816242 84305 1.7 17 10 6 11 50% 18312 4726 1600 108%
c w 133.90 37 16 44 195 46465 2 1816242 83982 1.7 17 10 6 11 50% 18312 4726 1600 108%
c - 134.47 35 16 44 196 46855 2 1823204 80375 1.7 17 10 6 11 50% 18312 4726 1600 108%
c } 135.08 35 16 45 196 47246 2 1831282 87637 1.7 17 10 6 11 50% 18314 4726 1600 108%
c [ 135.08 35 24 45 196 47246 1 1831282 87637 2.3 32 14 7 15 54% 18314 4726 1600 108%
c W 135.15 28 24 45 196 47246 1 1831282 87637 2.3 32 14 7 15 54% 18314 4726 1600 108%
c - 135.50 28 24 45 197 47250 1 1837205 83298 2.4 32 13 7 15 54% 18314 4726 1600 108%
c - 136.46 28 24 45 198 47258 1 1851241 83008 2.4 33 13 7 15 54% 18314 4726 1600 108%
c - 137.46 28 24 45 199 47262 1 1865312 80608 2.5 33 14 7 15 54% 18314 4726 1600 108%
c - 138.50 28 24 45 200 47270 1 1879419 79649 2.5 34 14 7 15 54% 18314 4726 1600 108%
c - 139.59 28 24 45 201 47275 1 1893562 79778 2.5 35 14 7 15 55% 18314 4726 1600 108%
c - 140.72 28 25 45 202 47276 1 1907740 79545 2.5 35 14 7 15 55% 18314 4726 1600 108%
c - 141.79 28 25 45 203 47283 1 1921953 80678 2.6 36 14 7 15 55% 18314 4726 1600 108%
c - 142.88 28 24 45 204 47290 1 1936200 82339 2.6 36 14 7 15 55% 18314 4726 1600 108%
c ] 143.33 28 24 46 204 47291 1 1941724 87648 2.7 36 14 7 15 55% 18314 4726 1600 108%
c
c  seconds    switched      rate           size/glue  tier1     binary        remaining
c          MB   reductions     conflicts         size   tier2      irredundant
c           level     restarts        redundant     glue    trail        variables
c
c { 143.33 28 16 46 204 47291 2 1941724 87648 1.7 17 10 6 11 50% 18314 4726 1600 108%
c u 144.36 37 16 46 204 47553 2 1949472 93299 1.7 17 10 6 11 50% 18314 4726 1600 108%
c v 144.73 37 16 46 204 47553 2 1949472 92996 1.7 17 10 6 11 50% 18314 4726 1600 108%
c w 144.88 39 16 46 204 47553 2 1949472 91711 1.7 17 10 6 11 50% 18314 4726 1600 108%
c - 145.01 35 16 46 205 47615 2 1950482 81165 1.7 17 10 6 11 50% 18314 4726 1600 108%
c - 146.20 35 16 46 206 48329 2 1964801 83367 1.7 17 10 6 11 50% 18315 4726 1600 108%
c o 147.21 33 16 46 206 48925 2 1977275 94654 1.7 17 10 6 11 50% 18315 4726 1600 108%
c - 147.42 35 16 46 207 49194 2 1979154 84609 1.7 17 10 6 11 50% 18315 4726 1600 108%
c - 148.48 35 16 46 208 49555 2 1993543 85667 1.8 17 10 6 11 50% 18315 4726 1600 108%
c - 149.55 35 16 46 209 49871 2 2007965 86177 1.8 17 10 6 11 50% 18319 4726 1600 108%
c - 150.65 35 16 46 210 50490 2 2022422 86306 1.8 17 10 6 11 50% 18319 4726 1600 108%
c - 151.76 35 16 46 211 51051 2 2036913 86826 1.8 17 10 6 11 50% 18321 4726 1600 108%
c - 152.80 35 16 46 212 51354 2 2051438 87288 1.8 17 10 6 11 50% 18322 4726 1600 108%
c } 153.42 35 16 47 212 51637 2 2059768 94583 1.8 17 9 6 11 50% 18322 4726 1600 108%
c [ 153.42 35 24 47 212 51637 1 2059768 94583 2.7 36 14 7 15 55% 18322 4726 1600 108%
c O 153.42 35 24 47 212 51637 1 2059768 94583 2.7 36 14 7 15 55% 18322 4726 1600 108%
c - 153.84 33 24 47 213 51642 1 2065999 87503 2.6 35 13 7 15 55% 18322 4726 1600 108%
c - 154.85 35 23 47 214 51650 1 2080593 88953 2.5 33 13 6 15 54% 18322 4726 1600 108%
c u 155.75 37 22 47 214 51651 1 2087906 94607 2.5 32 13 6 15 54% 18322 4726 1600 108%
c v 156.12 39 22 47 214 51651 1 2087906 84703 2.5 32 13 6 15 54% 18322 4726 1600 108%
c
c  seconds    switched      rate           size/glue  tier1     binary        remaining
c          MB   reductions     conflicts         size   tier2      irredundant
c           level     restarts        redundant     glue    trail        variables
c
c w 156.26 39 22 47 214 51651 1 2087906 79173 2.5 32 13 6 15 54% 18322 4726 1600 108%
c - 156.78 35 22 47 215 51654 1 2095221 77204 2.5 31 13 6 15 54% 18322 4726 1600 108%
c - 157.82 35 21 47 216 51662 1 2109883 85022 2.4 31 13 6 15 54% 18322 4726 1600 108%
c - 158.96 35 21 47 217 51666 1 2124580 90541 2.4 30 12 6 15 54% 18322 4726 1600 108%
c - 160.16 35 20 47 218 51667 1 2139310 92750 2.4 29 12 6 15 54% 18322 4726 1600 108%
c - 161.26 35 20 47 219 51675 1 2154075 93057 2.3 28 12 6 15 54% 18322 4726 1600 108%
c - 162.39 35 20 47 220 51682 1 2168875 92954 2.3 27 12 6 15 54% 18322 4726 1600 108%
c ] 163.28 35 19 48 220 51687 1 2179971 103253 2.3 27 12 6 15 53% 18322 4726 1600 108%
c { 163.28 35 16 48 220 51687 2 2179971 103253 1.8 17 9 6 11 50% 18322 4726 1600 108%
c o 163.50 35 16 48 220 51688 2 2182828 105779 1.8 17 9 6 11 50% 18322 4726 1600 108%
c - 163.61 35 16 48 221 51780 2 2183707 93707 1.8 17 9 6 11 50% 18322 4726 1600 108%
c - 165.03 35 16 48 222 52972 2 2198574 79357 1.8 17 10 5 11 50% 18323 4726 1600 108%
c - 166.20 35 16 48 223 53808 2 2213473 74747 1.7 17 10 5 11 50% 18325 4726 1600 108%
c - 167.27 35 16 48 224 54464 2 2228407 73500 1.7 17 10 5 11 50% 18325 4726 1600 108%
c u 167.88 35 16 48 224 54662 2 2231592 73038 1.7 17 10 5 11 50% 18325 4726 1600 108%
c v 168.27 35 16 48 224 54662 2 2231592 69384 1.7 17 10 5 11 50% 18325 4726 1600 108%
c w 168.41 35 16 48 224 54662 2 2231592 69114 1.7 17 10 5 11 50% 18325 4726 1600 108%
c - 169.30 35 16 48 225 55288 2 2243373 67031 1.7 16 10 5 11 50% 18325 4726 1600 108%
c - 170.30 35 16 48 226 55661 2 2258374 69710 1.7 16 9 5 11 50% 18325 4726 1600 108%
c - 171.29 35 15 48 227 56067 2 2273408 70650 1.7 16 9 5 11 50% 18325 4726 1600 108%
c
c  seconds    switched      rate           size/glue tier1     binary        remaining
c          MB   reductions     conflicts         size  tier2      irredundant
c           level     restarts        redundant    glue    trail        variables
c
c - 172.47 32 16 48 228 57166 2 2288477 71272 1.7 16 9 5 11 50% 18325 4726 1600 108%
c - 173.65 35 16 48 229 58057 2 2303576 72271 1.7 16 9 5 11 50% 18325 4726 1600 108%
c } 173.92 33 15 49 229 58091 2 2307583 75810 1.7 16 9 5 11 50% 18325 4726 1600 108%
c [ 173.92 33 19 49 229 58091 1 2307583 75810 2.3 27 12 6 15 53% 18325 4726 1600 108%
c B 173.92 33 19 49 229 58091 1 2307583 75810 2.3 27 12 6 15 53% 18325 4726 1600 108%
c - 174.60 35 19 49 230 58097 1 2318708 73284 2.3 26 12 6 15 53% 18325 4726 1600 108%
c - 175.69 35 19 49 231 58105 1 2333873 74193 2.3 26 12 6 15 53% 18325 4726 1600 108%
c - 176.93 35 18 49 232 58112 1 2349071 74183 2.3 26 11 6 14 53% 18325 4726 1600 108%
c - 178.07 35 19 49 233 58119 1 2364304 74584 2.3 26 11 6 14 53% 18325 4726 1600 108%
c - 179.32 35 18 49 234 58121 1 2379569 74581 2.3 26 11 6 14 52% 18325 4726 1600 108%
c u 179.80 35 18 49 234 58121 1 2380561 74379 2.3 26 11 6 14 52% 18325 4726 1600 108%
c v 180.21 36 18 49 234 58121 1 2380561 71476 2.3 26 11 6 14 52% 18325 4726 1600 108%
c w 180.36 36 18 49 234 58121 1 2380561 68589 2.3 26 11 6 14 52% 18325 4726 1600 108%
c - 181.39 33 19 49 235 58126 1 2394867 69356 2.3 27 12 6 14 52% 18325 4726 1600 108%
c o 181.62 35 19 49 235 58128 1 2397796 72214 2.3 27 12 6 14 52% 18325 4726 1600 108%
c - 182.54 33 21 49 236 58135 1 2410196 70028 2.3 27 12 6 14 52% 18325 4726 1600 108%
c - 183.64 35 21 49 237 58139 1 2425558 69532 2.2 27 12 6 14 53% 18325 4726 1600 108%
c ] 184.29 32 21 50 237 58143 1 2434171 77794 2.3 27 12 6 14 53% 18325 4726 1600 108%
c { 184.29 32 15 50 237 58143 2 2434171 77794 1.7 16 9 5 11 50% 18325 4726 1600 108%
c - 184.87 35 15 50 238 58148 2 2440953 71942 1.7 16 9 5 11 50% 18325 4726 1600 108%
c
c  seconds    switched      rate           size/glue tier1     binary        remaining
c          MB   reductions     conflicts         size  tier2      irredundant
c           level     restarts        redundant    glue    trail        variables
c
c - 185.93 35 14 50 239 58159 2 2456381 73488 1.7 16 9 5 11 50% 18325 4726 1600 108%
c - 186.95 35 14 50 240 58191 2 2471841 73644 1.7 15 9 5 11 50% 18326 4726 1600 108%
c - 188.01 32 13 50 241 58214 2 2487332 74082 1.7 15 9 5 11 50% 18326 4726 1600 108%
c - 189.09 35 13 50 242 58309 2 2502856 74179 1.7 15 9 5 11 50% 18328 4726 1600 108%
c - 190.12 35 12 50 243 58310 2 2518413 73415 1.7 15 9 5 11 50% 18329 4726 1600 108%
c - 191.21 35 12 50 244 58435 2 2534001 73543 1.7 14 8 5 11 50% 18329 4726 1600 108%
c u 191.62 33 12 50 244 58435 2 2534868 71998 1.7 14 8 5 11 50% 18332 4726 1600 108%
c v 192.00 35 12 50 244 58435 2 2534868 66275 1.7 14 8 5 11 50% 18332 4726 1600 108%
c w 192.05 35 12 50 244 58435 2 2534868 66197 1.7 14 8 5 11 50% 18332 4726 1600 108%
c - 193.12 35 12 50 245 58655 1 2549621 71948 1.7 14 8 5 11 50% 18332 4726 1600 108%
c - 194.22 35 11 50 246 58832 1 2565273 75289 1.7 14 8 5 11 50% 18334 4726 1600 108%
c } 194.67 35 11 51 246 58934 1 2571696 80408 1.7 14 8 5 11 50% 18335 4726 1600 108%
c [ 194.67 35 21 51 246 58934 1 2571696 80408 2.3 27 12 6 14 53% 18335 4726 1600 108%
c W 194.76 28 21 51 246 58934 1 2571696 80408 2.3 27 12 6 14 53% 18335 4726 1600 108%
c - 195.31 28 21 51 247 58940 1 2580957 76721 2.3 27 12 6 14 53% 18335 4726 1600 108%
c - 196.43 28 21 51 248 58948 1 2596673 77979 2.3 27 12 6 14 53% 18335 4726 1600 108%
c - 197.65 28 21 51 249 58954 1 2612423 79209 2.3 27 12 6 14 53% 18335 4726 1600 108%
c - 198.87 28 20 51 250 58962 1 2628202 79116 2.3 27 12 6 14 53% 18335 4726 1600 108%
c - 200.18 28 21 51 251 58964 1 2644014 78555 2.3 27 12 6 14 53% 18335 4726 1600 108%
c - 201.46 28 21 51 252 58970 1 2659859 78741 2.3 28 12 6 14 53% 18335 4726 1600 108%
c
c  seconds    switched      rate           size/glue  tier1     binary        remaining
c          MB   reductions     conflicts         size   tier2      irredundant
c           level     restarts        redundant     glue    trail        variables
c
c - 202.81 28 20 51 253 58978 1 2675733 79779 2.4 28 12 6 14 53% 18335 4726 1600 108%
c - 204.14 28 20 51 254 58984 1 2691641 81013 2.4 28 12 6 14 53% 18335 4726 1600 108%
c u 204.76 28 20 51 254 58985 1 2694509 81491 2.4 28 12 6 14 53% 18351 4726 1600 108%
c v 205.25 37 20 51 254 58985 1 2694509 80372 2.4 28 12 6 14 53% 18351 4726 1600 108%
c w 205.42 37 20 51 254 58985 1 2694509 79368 2.4 28 12 6 14 53% 18351 4726 1600 108%
c o 205.44 37 20 51 254 58985 1 2694509 79368 2.4 28 12 6 14 53% 18351 4726 1600 108%
c ] 205.54 32 20 52 254 58986 1 2695852 80650 2.4 28 12 6 14 53% 18351 4726 1600 108%
c { 205.54 32 11 52 254 58986 1 2695852 80650 1.7 14 8 5 11 50% 18351 4726 1600 108%
c - 206.76 35 12 52 255 61033 2 2707578 76806 1.6 14 9 5 10 50% 18352 4726 1600 108%
c - 208.24 35 13 52 256 63173 2 2723547 78349 1.6 15 9 5 10 50% 18352 4726 1600 108%
c - 209.56 35 14 52 257 64474 2 2739547 78984 1.6 15 9 5 10 50% 18353 4726 1600 108%
c - 210.95 35 14 52 258 66195 2 2755579 79378 1.6 15 9 5 10 50% 18353 4726 1600 108%
c - 212.33 35 15 52 259 67662 2 2771641 79838 1.6 15 9 5 10 50% 18353 4726 1600 108%
c - 213.66 35 15 52 260 68904 2 2787735 80152 1.6 15 9 5 10 50% 18353 4726 1600 108%
c - 214.96 35 15 52 261 69983 2 2803859 80602 1.6 16 9 5 10 50% 18354 4726 1600 108%
c - 216.19 35 15 52 262 70634 2 2820016 80988 1.7 16 9 5 10 50% 18354 4726 1600 108%
c - 217.52 35 15 52 263 71763 2 2836202 81342 1.7 16 9 5 10 50% 18354 4726 1600 108%
c } 218.08 33 15 53 263 72099 2 2843639 87905 1.7 16 9 5 10 50% 18354 4726 1600 108%
c [ 218.08 33 20 53 263 72099 1 2843639 87905 2.4 28 12 6 14 53% 18354 4726 1600 108%
c I 218.08 33 20 53 263 72099 1 2843639 87905 2.4 28 12 6 14 53% 18354 4726 1600 108%
c
c  seconds    switched      rate           size/glue  tier1     binary        remaining
c          MB   reductions     conflicts         size   tier2      irredundant
c           level     restarts        redundant     glue    trail        variables
c
c - 218.61 35 21 53 264 72105 1 2852419 81130 2.3 28 12 6 14 53% 18354 4726 1600 108%
c u 219.46 28 21 53 264 72108 1 2859533 84523 2.3 28 12 6 14 53% 18357 4726 1600 108%
c v 219.92 28 21 53 264 72108 1 2859533 83577 2.3 28 12 6 14 53% 18357 4726 1600 108%
c w 220.10 28 21 53 264 72108 1 2859533 82726 2.3 28 12 6 14 53% 18357 4726 1600 108%
c - 221.34 28 20 53 265 72113 1 2868668 76702 2.3 28 12 6 14 53% 18357 4726 1600 108%
c - 222.41 28 21 53 266 72120 1 2884947 78151 2.3 27 12 6 14 53% 18357 4726 1600 108%
c - 223.59 28 21 53 267 72128 1 2901257 78783 2.3 27 12 6 14 53% 18357 4726 1600 108%
c - 224.88 28 20 53 268 72129 1 2917598 81276 2.3 27 12 6 14 53% 18357 4726 1600 108%
c - 226.25 28 20 53 269 72136 1 2933969 82396 2.3 27 12 6 14 52% 18357 4726 1600 108%
c - 227.67 28 20 53 270 72144 1 2950371 82273 2.3 27 12 6 14 52% 18357 4726 1600 108%
c - 229.09 28 19 53 271 72151 1 2966803 83163 2.3 26 11 6 14 52% 18357 4726 1600 108%
c - 230.36 28 19 53 272 72159 1 2983265 82848 2.3 26 11 6 14 52% 18358 4726 1600 108%
c B 230.46 28 19 53 272 72159 1 2984786 84323 2.3 26 11 6 14 52% 18358 4726 1600 108%
c o 230.46 28 19 53 272 72159 1 2984786 84323 2.3 26 11 6 14 52% 18358 4726 1600 108%
c - 231.64 28 24 53 273 72160 1 2999757 78094 2.2 27 12 6 14 52% 18358 4726 1600 108%
c ] 231.70 28 24 54 273 72160 1 3000596 78922 2.2 27 12 6 14 52% 18358 4726 1600 108%
c { 231.70 28 15 54 273 72160 2 3000596 78922 1.7 16 9 5 10 50% 18358 4726 1600 108%
c - 234.16 28 20 54 274 75441 3 3016279 71726 1.7 18 11 5 10 50% 18358 4726 1600 108%
c u 236.61 28 23 54 274 78302 4 3029941 83287 1.7 20 11 5 10 50% 18358 4726 1600 108%
c v 236.98 28 23 54 274 78302 4 3029941 82839 1.7 20 11 5 10 50% 18358 4726 1600 108%
c
c  seconds    switched      rate           size/glue  tier1     binary        remaining
c          MB   reductions     conflicts         size   tier2      irredundant
c           level     restarts        redundant     glue    trail        variables
c
c w 237.14 37 23 54 274 78302 4 3029941 82819 1.7 20 11 5 10 50% 18358 4726 1600 108%
c - 237.74 30 23 54 275 78904 4 3032831 56738 1.7 20 12 4 10 50% 18358 4726 1600 108%
c - 240.42 30 27 54 276 82369 5 3049414 53389 1.8 22 13 4 10 50% 18359 4726 1600 108%
c - 243.14 30 29 54 277 85808 6 3066028 52550 1.8 24 13 4 11 50% 18359 4726 1600 108%
c - 245.77 31 31 54 278 89060 6 3082671 52696 1.8 25 14 4 11 50% 18359 4726 1600 108%
c - 248.16 31 33 54 279 91662 6 3099345 53740 1.8 26 14 4 11 50% 18359 4726 1600 108%
c - 250.14 31 33 54 280 93311 6 3116049 55853 1.9 27 15 4 11 50% 18359 4726 1600 108%
c - 252.36 33 34 54 281 95474 6 3132784 56468 1.9 28 15 4 11 50% 18359 4726 1600 108%
c - 254.41 31 35 54 282 97240 6 3149548 56196 1.9 29 15 4 11 50% 18359 4726 1600 108%
c } 255.68 30 35 55 282 98501 6 3158990 65522 1.9 30 15 4 11 50% 18359 4726 1600 108%
c [ 255.68 30 24 55 282 98501 1 3158990 65522 2.2 27 12 6 14 52% 18359 4726 1600 108%
c W 255.70 26 24 55 282 98501 1 3158990 65522 2.2 27 12 6 14 52% 18359 4726 1600 108%
c - 256.18 26 24 55 283 98506 1 3166342 57399 2.2 27 12 6 14 52% 18359 4726 1600 108%
c - 257.25 26 23 55 284 98514 1 3183164 60934 2.3 28 12 6 14 52% 18359 4726 1600 108%
c - 258.37 26 23 55 285 98522 1 3200018 63148 2.3 29 13 6 14 53% 18359 4726 1600 108%
c u 259.37 26 23 55 285 98524 1 3205795 64679 2.3 29 13 6 14 53% 18368 4726 1600 108%
c v 260.15 26 23 55 285 98524 1 3205795 63834 2.3 29 13 6 14 53% 18368 4726 1600 108%
c w 260.43 26 23 55 285 98524 1 3205795 62663 2.3 29 13 6 14 53% 18368 4726 1600 108%
c - 261.26 27 23 55 286 98530 1 3216899 58066 2.4 30 13 6 14 53% 18368 4726 1600 108%
c - 262.44 27 23 55 287 98531 1 3233812 59922 2.4 31 13 6 14 53% 18368 4726 1600 108%
c
c  seconds    switched      rate           size/glue  tier1     binary        remaining
c          MB   reductions     conflicts         size   tier2      irredundant
c           level     restarts        redundant     glue    trail        variables
c
c - 263.61 27 23 55 288 98538 1 3250753 61979 2.5 32 13 6 14 53% 18368 4726 1600 108%
c - 264.78 27 23 55 289 98546 1 3267723 62804 2.6 32 12 6 14 53% 18368 4726 1600 108%
c - 266.09 27 23 55 290 98553 1 3284723 63042 2.6 32 12 6 14 53% 18368 4726 1600 108%
c - 267.23 27 23 55 291 98561 1 3301756 61521 2.6 32 13 6 14 53% 18368 4726 1600 108%
c O 268.13 27 23 55 291 98562 1 3314351 73736 2.6 32 13 6 14 53% 18368 4726 1600 108%
c o 268.13 27 23 55 291 98562 1 3314351 73736 2.6 32 13 6 14 53% 18368 4726 1600 108%
c - 268.46 27 23 55 292 98562 1 3318815 61063 2.6 32 12 6 14 53% 18368 4726 1600 108%
c - 269.61 27 22 55 293 98563 1 3335904 62748 2.5 31 12 6 14 53% 18368 4726 1600 108%
c - 270.93 27 22 55 294 98563 1 3353021 62864 2.5 30 12 6 14 53% 18368 4726 1600 108%
c - 272.48 27 21 55 295 98573 1 3370168 64258 2.4 29 12 6 14 53% 18368 4726 1600 108%
c u 274.13 27 20 55 295 98578 1 3387115 78447 2.4 29 12 6 14 53% 18370 4726 1600 108%
c v 274.66 27 20 55 295 98578 1 3387115 59721 2.4 29 12 6 14 53% 18370 4726 1600 108%
c w 274.84 27 20 55 295 98578 1 3387115 50125 2.4 29 12 6 14 53% 18370 4726 1600 108%
c - 274.88 23 20 55 296 98578 1 3387343 44108 2.4 29 12 5 14 53% 18370 4726 1600 108%
c - 276.12 26 20 55 297 98588 1 3404547 54430 2.4 29 12 5 14 52% 18370 4726 1600 108%
c - 277.38 26 20 55 298 98594 1 3421780 61035 2.4 29 12 5 14 52% 18370 4726 1600 108%
c - 278.64 26 21 55 299 98596 1 3439042 62048 2.4 29 12 5 14 52% 18370 4726 1600 108%
c - 280.03 26 21 55 300 98607 1 3456335 62642 2.4 29 12 5 14 52% 18370 4726 1600 108%
c ] 280.74 26 20 56 300 98609 1 3465074 70907 2.4 29 12 5 14 52% 18370 4726 1600 108%
c { 280.74 26 35 56 300 98609 6 3465074 70907 1.9 30 15 4 11 50% 18370 4726 1600 108%
c
c  seconds    switched      rate           size/glue  tier1     binary        remaining
c          MB   reductions     conflicts         size   tier2      irredundant
c           level     restarts        redundant     glue    trail        variables
c
c - 281.44 26 34 56 301 98609 6 3473656 65833 2.0 29 15 4 11 50% 18370 4726 1600 108%
c - 282.85 26 30 56 302 98609 5 3491005 68336 2.1 28 14 4 11 50% 18370 4726 1600 108%
c - 284.26 27 28 56 303 98630 4 3508384 69517 2.2 28 13 4 11 51% 18370 4726 1600 108%
c - 285.44 27 26 56 304 98666 4 3525791 69027 2.1 27 12 4 11 51% 18372 4726 1600 108%
c - 286.62 27 24 56 305 98685 3 3543226 68284 2.1 25 12 4 11 51% 18372 4726 1600 108%
c - 287.80 27 22 56 306 98765 3 3560691 68305 2.1 24 12 4 11 51% 18372 4726 1600 108%
c o 288.48 27 22 56 306 98788 3 3571966 78570 2.0 24 12 4 11 51% 18372 4726 1600 108%
c u 289.03 27 22 56 306 98835 3 3573929 78218 2.0 24 12 4 11 51% 18382 4726 1600 108%
c v 289.54 27 22 56 306 98835 3 3573929 71203 2.0 24 12 4 11 51% 18382 4726 1600 108%
c w 289.71 27 22 56 306 98835 3 3573929 69054 2.0 24 12 4 11 51% 18382 4726 1600 108%
c - 290.02 27 21 56 307 98860 3 3578183 61639 2.0 23 11 4 11 51% 18382 4726 1600 108%
c - 291.10 27 21 56 308 99020 3 3595707 65416 2.0 23 11 4 11 51% 18382 4726 1600 108%
c - 292.26 27 20 56 309 99163 3 3613256 66713 2.0 22 11 4 11 51% 18383 4726 1600 108%
c - 293.39 27 19 56 310 99319 2 3630834 67093 2.0 21 11 4 11 51% 18383 4726 1600 108%
c } 293.61 27 19 57 310 99327 2 3634416 70235 2.0 21 11 4 11 51% 18383 4726 1600 108%
c [ 293.61 27 20 57 310 99327 1 3634416 70235 2.4 29 12 5 14 52% 18383 4726 1600 108%
c B 293.61 27 20 57 310 99327 1 3634416 70235 2.4 29 12 5 14 52% 18383 4726 1600 108%
c - 294.40 27 20 57 311 99335 1 3648441 65807 2.4 28 12 5 14 52% 18383 4726 1600 108%
c - 295.50 27 20 57 312 99341 1 3666076 65328 2.3 27 12 5 14 53% 18383 4726 1600 108%
c - 296.75 27 19 57 313 99352 1 3683741 65852 2.3 27 12 5 14 53% 18383 4726 1600 108%
c
c  seconds    switched      rate           size/glue  tier1     binary        remaining
c          MB   reductions     conflicts         size   tier2      irredundant
c           level     restarts        redundant     glue    trail        variables
c
c - 297.92 27 19 57 314 99357 1 3701432 66492 2.3 27 12 5 14 53% 18383 4726 1600 108%
c - 299.24 27 19 57 315 99360 1 3719153 66072 2.3 27 12 5 14 53% 18383 4726 1600 108%
c - 300.66 27 19 57 316 99371 1 3736902 65725 2.2 26 12 5 14 53% 18383 4726 1600 108%
c - 302.07 27 19 57 317 99377 1 3754678 67181 2.2 26 12 5 14 53% 18383 4726 1600 108%
c u 303.22 27 19 57 317 99383 1 3766259 75747 2.3 26 12 5 14 53% 18383 4726 1600 108%
c v 303.74 36 19 57 317 99383 1 3766259 63365 2.3 26 12 5 14 53% 18383 4726 1600 108%
c w 303.92 36 19 57 317 99383 1 3766259 55265 2.3 26 12 5 14 53% 18383 4726 1600 108%
c - 304.37 31 19 57 318 99386 1 3772485 52753 2.2 26 11 5 14 53% 18383 4726 1600 108%
c - 305.63 32 19 57 319 99388 1 3790320 60545 2.3 26 11 5 14 53% 18383 4726 1600 108%
c ] 306.28 31 20 58 319 99389 1 3800430 70417 2.3 27 12 5 14 53% 18383 4726 1600 108%
c { 306.28 31 19 58 319 99389 2 3800430 70417 2.0 21 11 4 11 51% 18383 4726 1600 108%
c - 306.81 31 19 58 320 99477 2 3808181 64622 2.0 21 11 4 11 51% 18383 4726 1600 108%
c - 307.99 34 18 58 321 99699 2 3826069 66350 1.9 20 10 4 11 51% 18383 4726 1600 108%
c o 308.42 32 18 58 321 99736 2 3833403 72767 1.9 20 10 4 11 51% 18383 4726 1600 108%
c - 309.12 34 17 58 322 99853 2 3843986 68113 1.9 20 10 4 11 51% 18384 4726 1600 108%
c - 310.29 34 17 58 323 100208 2 3861930 69065 1.9 19 10 4 11 51% 18384 4726 1600 108%
c - 311.50 34 17 58 324 100589 2 3879902 69908 1.9 19 10 4 11 51% 18384 4726 1600 108%
c - 312.67 34 17 58 325 100774 2 3897904 70165 1.9 19 10 4 11 51% 18384 4726 1600 108%
c - 313.87 34 16 58 326 101124 2 3915932 70248 1.8 18 10 4 11 51% 18384 4726 1600 108%
c - 315.08 34 16 58 327 101655 2 3933987 70340 1.8 18 10 4 11 51% 18384 4726 1600 108%
c
c  seconds    switched       rate           size/glue  tier1     binary        remaining
c          MB   reductions      conflicts         size   tier2      irredundant
c           level      restarts        redundant     glue    trail        variables
c
c - 316.28 34 16 58 328 102048 2 3952071 70759 1.8 18 10 4 11 51% 18384 4726 1600 108%
c u 317.55 34 16 58 328 102601 2 3964140 78247 1.8 18 10 4 11 50% 18384 4726 1600 108%
c v 318.02 34 16 58 328 102601 2 3964140 74734 1.8 18 10 4 11 50% 18384 4726 1600 108%
c w 318.19 34 16 58 328 102601 2 3964140 74350 1.8 18 10 4 11 50% 18384 4726 1600 108%
c - 318.61 34 16 58 329 102721 2 3970183 64361 1.8 18 10 4 11 50% 18384 4726 1600 108%
c } 319.34 34 16 59 329 103150 2 3981060 74210 1.8 18 10 4 11 50% 18384 4726 1600 108%
c [ 319.34 34 20 59 329 103150 1 3981060 74210 2.3 27 12 5 14 53% 18384 4726 1600 108%
c W 319.50 27 20 59 329 103150 1 3981060 74210 2.3 27 12 5 14 53% 18384 4726 1600 108%
c - 319.92 27 20 59 330 103155 1 3988321 64976 2.3 27 12 5 14 53% 18384 4726 1600 108%
c - 321.08 27 19 59 331 103164 1 4006486 66499 2.3 27 12 5 14 53% 18384 4726 1600 108%
c - 322.31 27 20 59 332 103171 1 4024680 65306 2.4 28 12 5 14 53% 18384 4726 1600 108%
c - 323.59 27 20 59 333 103179 1 4042900 63017 2.4 29 12 5 14 53% 18384 4726 1600 108%
c - 325.01 27 20 59 334 103180 1 4061148 63134 2.4 29 12 5 14 53% 18384 4726 1600 108%
c - 326.28 27 21 59 335 103190 1 4079424 62673 2.4 30 12 5 14 53% 18384 4726 1600 108%
c - 327.63 27 21 59 336 103197 1 4097727 61347 2.4 30 13 5 14 53% 18384 4726 1600 108%
c - 328.91 27 22 59 337 103208 1 4116057 60432 2.4 31 13 5 14 53% 18384 4726 1600 108%
c - 330.10 27 23 59 338 103211 1 4134414 58903 2.5 33 13 5 14 53% 18384 4726 1600 108%
c ] 331.04 27 24 60 338 103212 1 4148304 72522 2.5 34 14 5 14 53% 18384 4726 1600 108%
c { 331.04 27 16 60 338 103212 2 4148304 72522 1.8 18 10 4 11 50% 18384 4726 1600 108%
c o 331.04 27 16 60 338 103223 2 4148376 72592 1.8 18 10 4 11 50% 18384 4726 1600 108%
c
c  seconds    switched       rate           size/glue  tier1     binary        remaining
c          MB   reductions      conflicts         size   tier2      irredundant
c           level      restarts        redundant     glue    trail        variables
c
c - 331.41 27 16 60 339 103389 2 4152798 58399 1.8 17 10 4 11 50% 18384 4726 1600 108%
c u 332.77 27 16 60 339 103699 2 4167600 69922 1.8 17 10 4 11 50% 18384 4726 1600 108%
c v 333.28 27 16 60 339 103699 2 4167600 69623 1.8 17 10 4 11 50% 18384 4726 1600 108%
c w 333.47 27 16 60 339 103699 2 4167600 69509 1.8 17 10 4 11 50% 18384 4726 1600 108%
c - 333.76 27 16 60 340 103897 2 4171209 61359 1.8 17 10 4 11 50% 18384 4726 1600 108%
c - 335.00 27 16 60 341 104381 2 4189648 65531 1.8 17 10 4 10 50% 18384 4726 1600 108%
c - 336.31 27 16 60 342 105250 2 4208114 66691 1.8 17 10 4 10 50% 18384 4726 1600 108%
c - 337.53 27 15 60 343 105893 2 4226609 67195 1.8 17 10 4 10 50% 18384 4726 1600 108%
c - 338.83 27 16 60 344 106753 2 4245129 67843 1.7 17 10 4 10 50% 18384 4726 1600 108%
c - 340.05 27 15 60 345 107245 2 4263677 68956 1.8 17 9 4 10 50% 18385 4726 1600 108%
c - 341.39 27 16 60 346 108280 2 4282251 69663 1.8 17 10 4 10 50% 18385 4726 1600 108%
c - 342.70 27 16 60 347 109202 2 4300853 70351 1.8 17 10 4 10 50% 18385 4726 1600 108%
c - 344.06 27 16 60 348 110217 2 4319480 70608 1.7 17 10 4 10 50% 18385 4726 1600 108%
c - 345.36 27 16 60 349 111013 2 4338134 70677 1.7 17 10 4 10 50% 18385 4726 1600 108%
c } 345.51 27 16 61 349 111059 2 4340557 72795 1.8 17 10 4 10 50% 18385 4726 1600 108%
c [ 345.51 27 24 61 349 111059 1 4340557 72795 2.5 34 14 5 14 53% 18385 4726 1600 108%
c I 345.51 27 24 61 349 111059 1 4340557 72795 2.5 34 14 5 14 53% 18385 4726 1600 108%
c - 346.56 27 25 61 350 111068 1 4356819 66382 2.5 35 14 5 14 53% 18385 4726 1600 108%
c - 347.85 27 25 61 351 111076 1 4375532 61517 2.5 35 14 5 14 53% 18385 4726 1600 108%
c u 348.35 27 25 61 351 111076 1 4376666 61288 2.5 35 14 5 14 53% 18385 4726 1600 108%
c
c  seconds    switched       rate           size/glue  tier1     binary        remaining
c          MB   reductions      conflicts         size   tier2      irredundant
c           level      restarts        redundant     glue    trail        variables
c
c v 348.82 27 25 61 351 111076 1 4376666 60610 2.5 35 14 5 14 53% 18385 4726 1600 108%
c w 349.02 27 25 61 351 111076 1 4376666 60548 2.5 35 14 5 14 53% 18385 4726 1600 108%
c - 350.21 27 25 61 352 111087 1 4394267 61626 2.5 35 14 5 14 53% 18385 4726 1600 108%
c - 351.56 27 24 61 353 111089 1 4413029 66458 2.5 34 13 5 14 53% 18385 4726 1600 108%
c - 353.00 27 23 61 354 111096 1 4431820 70183 2.6 33 13 5 14 53% 18385 4726 1600 108%
c - 354.38 30 24 61 355 111104 1 4450634 67874 2.6 34 13 5 14 53% 18385 4726 1600 108%
c - 355.84 30 24 61 356 111113 1 4469476 63519 2.6 35 13 5 14 53% 18385 4726 1600 108%
c o 356.00 30 24 61 356 111115 1 4471777 65780 2.6 35 13 5 14 53% 18385 4726 1600 108%
c - 357.20 30 23 61 357 111120 1 4488343 66843 2.5 33 13 5 14 53% 18385 4726 1600 108%
c - 358.66 30 22 61 358 111121 1 4507239 70437 2.5 31 13 5 14 53% 18385 4726 1600 108%
c ] 359.66 30 23 62 358 111121 1 4521488 84338 2.4 31 13 5 14 53% 18385 4726 1600 108%
c { 359.66 30 16 62 358 111121 2 4521488 84338 1.8 17 10 4 10 50% 18385 4726 1600 108%
c - 360.05 30 16 62 359 111276 2 4526159 69742 1.7 17 10 4 10 50% 18385 4726 1600 108%
c - 361.43 30 16 62 360 111996 2 4545108 69135 1.7 17 10 4 10 50% 18385 4726 1600 108%
c - 362.78 30 16 62 361 112497 2 4564082 71173 1.7 17 10 4 10 50% 18385 4726 1600 108%
c - 364.15 30 16 62 362 113258 2 4583083 72097 1.7 17 10 4 10 50% 18386 4726 1600 108%
c u 365.22 30 16 62 362 113478 2 4591363 77933 1.8 17 10 4 10 50% 18387 4726 1600 108%
c v 365.79 30 16 62 362 113478 2 4591363 73870 1.8 17 10 4 10 50% 18387 4726 1600 108%
c w 365.98 30 16 62 362 113478 2 4591363 73033 1.8 17 10 4 10 50% 18387 4726 1600 108%
c - 366.74 30 16 62 363 113767 2 4602109 68510 1.8 17 10 4 10 50% 18387 4726 1600 108%
c
c  seconds    switched       rate           size/glue  tier1     binary        remaining
c          MB   reductions      conflicts         size   tier2      irredundant
c           level      restarts        redundant     glue    trail        variables
c
c - 368.15 30 16 62 364 114915 2 4621162 70561 1.7 17 10 4 10 50% 18387 4726 1600 108%
c - 369.47 30 16 62 365 115637 2 4640241 71286 1.7 17 10 4 10 50% 18387 4726 1600 108%
c - 370.84 30 16 62 366 116282 2 4659345 71704 1.7 17 10 4 10 50% 18387 4726 1600 108%
c - 372.13 30 15 62 367 116950 2 4678476 72353 1.7 16 9 4 10 50% 18387 4726 1600 108%
c - 373.51 30 15 62 368 117707 2 4697635 72904 1.7 16 9 4 10 50% 18387 4726 1600 108%
c - 374.92 30 16 62 369 118601 2 4716819 73636 1.7 16 9 4 10 50% 18387 4726 1600 108%
c } 375.56 30 16 63 369 118973 2 4725697 81505 1.7 16 10 4 10 50% 18387 4726 1600 108%
c [ 375.56 30 23 63 369 118973 1 4725697 81505 2.4 31 13 5 14 53% 18387 4726 1600 108%
c B 375.56 30 23 63 369 118973 1 4725697 81505 2.4 31 13 5 14 53% 18387 4726 1600 108%
c - 376.24 30 22 63 370 118979 1 4736032 73481 2.4 30 13 5 14 53% 18387 4726 1600 108%
c - 377.64 30 21 63 371 118987 1 4755268 73831 2.4 29 12 5 14 53% 18387 4726 1600 108%
c - 379.12 30 21 63 372 118997 1 4774529 74112 2.3 28 12 5 14 53% 18387 4726 1600 108%
c - 380.74 30 21 63 373 119003 1 4793818 73204 2.3 27 12 5 14 52% 18387 4726 1600 108%
c u 382.82 30 20 63 373 119006 1 4811717 87378 2.2 27 12 5 14 52% 18387 4726 1600 108%
c v 383.43 41 20 63 373 119006 1 4811717 71864 2.2 27 12 5 14 52% 18387 4726 1600 108%
c w 383.67 41 20 63 373 119006 1 4811717 57519 2.2 27 12 5 14 52% 18387 4726 1600 108%
c o 386.26 41 20 63 373 119006 1 4811717 57519 2.2 27 12 5 14 52% 18387 4726 1600 108%
c - 386.36 26 21 63 374 119008 1 4813131 49161 2.2 27 12 5 14 52% 18387 4726 1600 108%
c - 387.83 28 20 63 375 119018 1 4832470 60073 2.2 26 12 5 14 52% 18387 4726 1600 108%
c - 389.28 31 19 63 376 119025 1 4851836 70763 2.2 25 12 5 14 52% 18387 4726 1600 108%
c
c  seconds    switched       rate           size/glue  tier1     binary        remaining
c          MB   reductions      conflicts         size   tier2      irredundant
c           level      restarts        redundant     glue    trail        variables
c
c - 390.77 34 19 63 377 119033 1 4871227 73862 2.2 26 11 5 14 52% 18387 4726 1600 108%
c - 392.36 31 19 63 378 119035 1 4890643 75113 2.2 25 11 5 14 52% 18387 4726 1600 108%
c ] 393.73 34 18 64 378 119035 1 4907983 90982 2.2 24 11 5 14 52% 18387 4726 1600 108%
c { 393.73 34 16 64 378 119035 2 4907983 90982 1.7 16 10 4 10 50% 18387 4726 1600 108%
c - 393.94 34 16 64 379 119161 2 4910086 75543 1.7 16 10 4 10 50% 18388 4726 1600 108%
c - 395.36 34 16 64 380 120121 2 4929553 74849 1.7 16 10 4 10 50% 18388 4726 1600 108%
c - 396.80 34 16 64 381 120868 2 4949046 74631 1.7 16 10 4 10 50% 18388 4726 1600 108%
c - 398.22 34 16 64 382 121736 2 4968565 74952 1.7 16 10 4 10 50% 18388 4726 1600 108%
c - 399.69 34 16 64 383 122683 2 4988109 70146 1.7 17 10 3 10 50% 18388 4726 1600 108%
c - 401.08 34 16 64 384 123390 2 5007679 68925 1.7 17 10 3 10 50% 18388 4726 1600 108%
c - 402.44 34 16 64 385 124100 2 5027274 68136 1.7 17 10 3 10 50% 18389 4726 1600 108%
c u 403.54 34 16 64 385 124555 2 5037758 75271 1.7 17 10 3 10 50% 18389 4726 1600 108%
c v 403.97 34 16 64 385 124555 2 5037758 71658 1.7 17 10 3 10 50% 18389 4726 1600 108%
c w 404.12 34 16 64 385 124555 2 5037758 70908 1.7 17 10 3 10 50% 18389 4726 1600 108%
c - 404.77 34 16 64 386 124709 2 5046895 63859 1.7 17 10 3 10 50% 18389 4726 1600 108%
c - 406.09 32 16 64 387 125503 2 5066543 65123 1.7 16 10 3 10 50% 18389 4726 1600 108%
c - 407.46 34 16 64 388 126697 2 5086215 65942 1.7 17 10 3 10 50% 18389 4726 1600 108%
c - 408.73 34 16 64 389 127172 2 5105912 66767 1.8 17 10 3 10 50% 18389 4726 1600 108%
c o 409.15 34 16 64 389 127458 2 5112032 72235 1.7 17 10 3 10 50% 18391 4726 1600 108%
c } 410.03 34 16 65 389 128092 2 5124481 83344 1.7 17 10 3 10 50% 18391 4726 1600 108%
c
c  seconds    switched       rate           size/glue  tier1     binary        remaining
c          MB   reductions      conflicts         size   tier2      irredundant
c           level      restarts        redundant     glue    trail        variables
c
c [ 410.03 34 18 65 389 128092 1 5124481 83344 2.2 24 11 5 14 52% 18391 4726 1600 108%
c W 410.25 27 18 65 389 128092 1 5124481 83344 2.2 24 11 5 14 52% 18391 4726 1600 108%
c - 410.33 27 18 65 390 128093 1 5125636 66720 2.2 25 11 5 14 52% 18391 4726 1600 108%
c - 411.55 30 19 65 391 128105 1 5145385 63245 2.3 27 12 5 14 52% 18391 4726 1600 108%
c - 412.87 30 21 65 392 128112 1 5165158 59932 2.4 29 12 5 14 52% 18391 4726 1600 108%
c - 414.19 30 22 65 393 128121 1 5184957 60004 2.4 30 12 5 14 52% 18391 4726 1600 108%
c - 415.55 30 22 65 394 128122 1 5204781 59293 2.5 31 13 5 14 52% 18391 4726 1600 108%
c - 416.92 30 22 65 395 128134 1 5224630 61352 2.5 31 12 5 14 52% 18391 4726 1600 108%
c - 418.31 30 22 65 396 128142 1 5244505 62736 2.4 31 13 5 14 52% 18391 4726 1600 108%
c - 419.83 30 22 65 397 128152 1 5264404 62732 2.4 30 12 5 14 52% 18391 4726 1600 108%
c u 420.68 30 21 65 397 128152 1 5269481 65776 2.4 30 12 5 14 52% 18392 4726 1600 108%
c v 421.26 31 21 65 397 128152 1 5269481 64695 2.4 30 12 5 14 52% 18392 4726 1600 108%
c w 421.49 31 21 65 397 128152 1 5269481 63251 2.4 30 12 5 14 52% 18392 4726 1600 108%
c - 422.41 31 23 65 398 128153 1 5284328 59245 2.4 31 13 5 14 52% 18392 4726 1600 108%
c - 423.73 31 23 65 399 128154 1 5304279 57783 2.5 32 13 5 14 52% 18392 4726 1600 108%
c - 425.10 31 24 65 400 128157 1 5324256 57095 2.5 34 13 5 14 52% 18392 4726 1600 108%
c O 425.18 31 24 65 400 128158 1 5325552 58353 2.5 34 13 5 14 52% 18392 4726 1600 108%
c ] 426.36 31 23 66 400 128168 1 5344002 75353 2.4 32 13 5 14 53% 18392 4726 1600 108%
c { 426.36 31 16 66 400 128168 2 5344002 75353 1.7 17 10 3 10 50% 18392 4726 1600 108%
c - 426.39 31 16 66 401 128171 2 5344257 60399 1.7 17 10 3 10 50% 18392 4726 1600 108%
c
c  seconds    switched       rate           size/glue tier1     binary        remaining
c          MB   reductions      conflicts         size  tier2      irredundant
c           level      restarts        redundant    glue    trail        variables
c
c - 427.89 31 15 66 402 128175 2 5364281 63588 1.8 16 9 3 10 50% 18392 4726 1600 108%
c - 429.14 31 14 66 403 128203 2 5384331 64269 1.7 16 9 3 10 51% 18392 4726 1600 108%
c - 430.33 31 13 66 404 128258 2 5404405 64249 1.7 16 9 3 10 51% 18392 4726 1600 108%
c - 431.51 27 13 66 405 128269 2 5424505 63142 1.7 15 9 3 10 51% 18392 4726 1600 108%
c - 432.75 30 12 66 406 128273 1 5444629 62337 1.7 15 9 3 10 51% 18392 4726 1600 108%
c o 433.43 30 12 66 406 128279 1 5455144 70039 1.7 14 8 3 10 51% 18392 4726 1600 108%
c - 434.04 30 12 66 407 128314 1 5464778 62832 1.7 14 8 3 10 51% 18392 4726 1600 108%
c - 435.36 30 11 66 408 128330 1 5484954 62683 1.7 14 8 3 10 51% 18392 4726 1600 108%
c - 436.70 30 11 66 409 128615 1 5505154 62161 1.7 14 8 3 10 51% 18392 4726 1600 108%
c u 437.25 30 11 66 409 128625 1 5506941 60418 1.7 14 8 3 10 51% 18393 4726 1600 108%
c v 437.78 30 11 66 409 128625 1 5506941 48776 1.7 14 8 3 10 51% 18393 4726 1600 108%
c w 437.92 30 11 66 409 128625 1 5506941 48424 1.7 14 8 3 10 51% 18393 4726 1600 108%
c - 439.05 30 11 66 410 129099 1 5525377 55041 1.7 13 8 3 10 51% 18393 4726 1600 108%
c - 440.28 30 10 66 411 129416 1 5545625 59685 1.7 13 8 3 10 51% 18393 4726 1600 108%
c - 441.57 30 10 66 412 129965 1 5565898 61423 1.7 13 8 3 10 51% 18393 4726 1600 108%
c } 442.01 30 10 67 412 130086 1 5573117 67038 1.7 13 8 3 10 51% 18393 4726 1600 108%
c [ 442.01 30 23 67 412 130086 1 5573117 67038 2.4 32 13 5 14 53% 18393 4726 1600 108%
c B 442.01 30 23 67 412 130086 1 5573117 67038 2.4 32 13 5 14 53% 18393 4726 1600 108%
c - 442.77 30 23 67 413 130093 1 5586196 62500 2.4 31 13 5 14 53% 18393 4726 1600 108%
c - 443.99 30 22 67 414 130101 1 5606519 62323 2.3 29 13 5 14 52% 18393 4726 1600 108%
c
c  seconds    switched       rate           size/glue  tier1     binary        remaining
c          MB   reductions      conflicts         size   tier2      irredundant
c           level      restarts        redundant     glue    trail        variables
c
c - 445.29 30 21 67 415 130114 1 5626865 63283 2.2 27 12 5 14 53% 18393 4726 1600 108%
c - 446.58 30 21 67 416 130116 1 5647239 63837 2.2 27 12 5 14 53% 18393 4726 1600 108%
c - 448.10 30 21 67 417 130124 1 5667637 62428 2.2 27 12 5 14 53% 18393 4726 1600 108%
c - 449.63 31 21 67 418 130132 1 5688057 62824 2.3 28 12 5 14 53% 18393 4726 1600 108%
c - 451.04 31 21 67 419 130145 1 5708503 63700 2.3 28 12 5 14 53% 18393 4726 1600 108%
c - 452.49 31 20 67 420 130147 1 5728972 66350 2.4 29 12 5 14 53% 18393 4726 1600 108%
c - 454.10 32 20 67 421 130148 1 5749465 65629 2.4 29 12 5 14 53% 18393 4726 1600 108%
c u 454.64 32 20 67 421 130148 1 5750139 64933 2.4 29 12 5 14 53% 18393 4726 1600 108%
c v 455.26 32 20 67 421 130148 1 5750139 63988 2.4 29 12 5 14 53% 18393 4726 1600 108%
c w 455.49 32 20 67 421 130148 1 5750139 62746 2.4 29 12 5 14 53% 18393 4726 1600 108%
c - 456.85 32 20 67 422 130149 1 5769983 61071 2.4 29 12 5 14 53% 18393 4726 1600 108%
c ] 458.12 32 20 68 422 130160 1 5787785 78249 2.5 29 12 5 14 52% 18393 4726 1600 108%
c { 458.12 32 10 68 422 130160 1 5787785 78249 1.7 13 8 3 10 51% 18393 4726 1600 108%
c o 458.13 32 10 68 422 130172 1 5787860 78318 1.7 13 8 3 10 51% 18393 4726 1600 108%
c - 458.45 32 11 68 423 130634 1 5790525 63924 1.7 13 8 3 10 51% 18393 4726 1600 108%
c - 460.52 32 12 68 424 133864 2 5811093 65713 1.6 14 9 3 10 51% 18393 4726 1600 108%
c - 462.17 32 13 68 425 135858 2 5831684 65639 1.6 15 9 3 10 51% 18393 4726 1600 108%
c - 463.76 32 14 68 426 137857 2 5852299 66108 1.6 15 9 3 10 51% 18393 4726 1600 108%
c - 465.23 32 15 68 427 139113 2 5872938 66373 1.6 15 9 3 10 51% 18395 4726 1600 108%
c - 466.61 32 15 68 428 140230 2 5893601 67194 1.7 15 9 3 10 51% 18395 4726 1600 108%
c
c  seconds    switched       rate           size/glue tier1     binary        remaining
c          MB   reductions      conflicts         size  tier2      irredundant
c           level      restarts        redundant    glue    trail        variables
c
c - 468.01 32 15 68 429 141349 2 5914291 67666 1.7 16 9 3 10 51% 18396 4726 1600 108%
c - 469.42 32 15 68 430 142348 2 5935003 67764 1.7 16 9 3 10 51% 18396 4726 1600 108%
c - 470.82 32 15 68 431 143222 2 5955740 68588 1.7 16 9 3 10 51% 18396 4726 1600 108%
c - 472.22 32 15 68 432 144023 2 5976500 69357 1.7 16 9 3 10 50% 18396 4726 1600 108%
c - 473.74 32 16 68 433 145280 2 5997284 69222 1.7 16 10 3 10 50% 18396 4726 1600 108%
c u 474.40 32 16 68 433 145439 2 5999103 68308 1.7 16 10 3 10 50% 18396 4726 1600 108%
c v 475.03 32 16 68 433 145439 2 5999103 64579 1.7 16 10 3 10 50% 18396 4726 1600 108%
c w 475.26 32 16 68 433 145439 2 5999103 64084 1.7 16 10 3 10 50% 18396 4726 1600 108%
c - 476.50 32 16 68 434 146093 2 6018094 66091 1.7 16 10 3 10 50% 18396 4726 1600 108%
c } 477.23 32 16 69 434 146545 2 6029844 76636 1.7 16 10 3 10 51% 18396 4726 1600 108%
c [ 477.23 32 20 69 434 146545 1 6029844 76636 2.5 29 12 5 14 52% 18396 4726 1600 108%
c W 477.32 32 20 69 434 146545 1 6029844 76636 2.5 29 12 5 14 52% 18396 4726 1600 108%
c - 477.81 32 20 69 435 146551 1 6038928 67524 2.4 29 12 5 14 53% 18396 4726 1600 108%
c - 479.03 32 20 69 436 146559 1 6059784 67306 2.4 28 12 5 14 53% 18396 4726 1600 108%
c - 480.51 32 21 69 437 146571 1 6080664 64276 2.4 29 12 5 14 53% 18396 4726 1600 108%
c - 482.13 32 20 69 438 146575 1 6101568 62632 2.4 29 12 5 14 53% 18396 4726 1600 108%
c - 483.65 32 20 69 439 146582 1 6122498 66599 2.4 28 12 5 14 53% 18396 4726 1600 108%
c - 485.24 32 19 69 440 146590 1 6143450 69001 2.4 28 12 5 14 53% 18396 4726 1600 108%
c - 486.87 32 19 69 441 146603 1 6164426 70979 2.4 28 12 5 14 53% 18396 4726 1600 108%
c - 488.47 32 19 69 442 146606 1 6185427 69732 2.4 28 12 5 14 53% 18396 4726 1600 108%
c
c  seconds    switched       rate           size/glue  tier1     binary        remaining
c          MB   reductions      conflicts         size   tier2      irredundant
c           level      restarts        redundant     glue    trail        variables
c
c - 490.09 32 20 69 443 146607 1 6206451 66594 2.4 28 12 5 14 53% 18396 4726 1600 108%
c - 491.66 32 20 69 444 146608 1 6227500 66841 2.4 28 12 5 14 53% 18396 4726 1600 108%
c - 493.36 32 20 69 445 146621 1 6248571 69208 2.4 27 12 5 14 53% 18396 4726 1600 108%
c u 494.29 32 20 69 445 146622 1 6253860 71883 2.4 27 12 5 14 53% 18396 4726 1600 108%
c v 494.99 41 20 69 445 146622 1 6253860 70307 2.4 27 12 5 14 53% 18396 4726 1600 108%
c w 495.25 41 20 69 445 146622 1 6253860 68253 2.4 27 12 5 14 53% 18396 4726 1600 108%
c o 495.26 41 20 69 445 146622 1 6253860 68253 2.4 27 12 5 14 53% 18396 4726 1600 108%
c I 495.39 36 21 69 445 146622 1 6255411 69776 2.3 28 12 5 14 53% 18396 4726 1600 108%
c ] 495.92 36 26 70 445 146626 1 6264217 78449 2.3 30 13 5 14 53% 18396 4726 1600 108%
c { 495.92 36 16 70 445 146626 2 6264217 78449 1.7 16 10 3 10 51% 18396 4726 1600 108%
c - 496.86 41 17 70 446 147570 3 6269666 59937 1.7 17 10 3 10 51% 18396 4726 1600 108%
c - 500.28 34 23 70 447 151217 4 6290787 53751 1.8 20 11 3 10 51% 18396 4726 1600 108%
c - 503.79 35 27 70 448 154854 4 6311930 51118 1.8 23 13 3 10 51% 18397 4726 1600 108%
c - 507.22 37 30 70 449 158439 5 6333097 51027 1.8 25 14 3 10 50% 18397 4726 1600 108%
c - 509.90 35 31 70 450 160424 5 6354288 53777 1.9 27 14 3 10 50% 18397 4726 1600 108%
c - 513.12 37 33 70 451 163377 5 6375501 55209 1.9 28 15 3 10 51% 18397 4726 1600 108%
c - 515.95 37 35 70 452 165567 5 6396739 54738 2.0 30 15 3 10 51% 18397 4726 1600 108%
c - 518.51 35 35 70 453 167189 5 6418002 56866 2.0 31 15 3 10 50% 18397 4726 1600 108%
c - 521.43 36 36 70 454 169216 5 6439286 57085 2.0 32 15 3 10 50% 18397 4726 1600 108%
c - 524.16 36 36 70 455 170930 5 6460593 56028 2.1 33 16 3 10 51% 18397 4726 1600 108%
c
c  seconds    switched       rate           size/glue  tier1     binary        remaining
c          MB   reductions      conflicts         size   tier2      irredundant
c           level      restarts        redundant     glue    trail        variables
c
c - 526.78 36 37 70 456 172332 5 6481924 56675 2.1 33 16 3 10 51% 18397 4726 1600 108%
c - 528.88 34 35 70 457 172729 4 6503279 59044 2.1 33 15 3 10 50% 18397 4726 1600 108%
c u 531.14 38 35 70 457 173518 4 6514434 67854 2.1 33 15 3 10 50% 18398 4726 1600 108%
c v 532.25 38 35 70 457 173518 4 6514434 66274 2.1 33 15 3 10 50% 18398 4726 1600 108%
c w 532.70 39 35 70 457 173518 4 6514434 66055 2.1 33 15 3 10 50% 18398 4726 1600 108%
c } 533.28 35 35 71 457 173677 4 6519544 70835 2.1 33 15 3 10 50% 18398 4726 1600 108%
c [ 533.28 35 26 71 457 173677 1 6519544 70835 2.3 30 13 5 14 53% 18398 4726 1600 108%
c B 533.28 35 26 71 457 173677 1 6519544 70835 2.3 30 13 5 14 53% 18398 4726 1600 108%
c - 533.61 36 26 71 458 173680 1 6524658 57756 2.3 31 13 5 14 53% 18398 4726 1600 108%
c - 535.03 38 26 71 459 173691 1 6546058 59796 2.4 33 13 5 14 54% 18398 4726 1600 108%
c - 536.59 39 25 71 460 173701 1 6567483 61163 2.5 33 13 5 14 54% 18398 4726 1600 108%
c - 538.16 38 25 71 461 173707 1 6588932 63769 2.6 34 13 5 14 54% 18398 4726 1600 108%
c - 539.70 41 24 71 462 173714 1 6610402 65343 2.7 35 13 5 14 54% 18398 4726 1600 108%
c - 541.33 38 24 71 463 173722 1 6631899 65208 2.9 37 13 5 14 54% 18398 4726 1600 108%
c - 543.06 41 26 71 464 173735 1 6653416 62527 2.9 39 13 5 14 54% 18398 4726 1600 108%
c - 544.86 38 27 71 465 173738 1 6674957 59306 2.8 39 14 5 14 54% 18398 4726 1600 108%
c - 546.72 41 27 71 466 173739 1 6696520 59539 2.8 38 14 5 14 53% 18398 4726 1600 108%
c - 548.42 38 27 71 467 173741 1 6718107 61344 2.8 38 14 5 14 53% 18398 4726 1600 108%
c o 549.50 41 27 71 467 173750 1 6732741 75548 2.8 38 14 5 14 53% 18398 4726 1600 108%
c - 550.18 38 29 71 468 173753 1 6739717 61111 2.6 38 14 5 14 53% 18398 4726 1600 108%
c
c  seconds    switched       rate           size/glue  tier1     binary        remaining
c          MB   reductions      conflicts         size   tier2      irredundant
c           level      restarts        redundant     glue    trail        variables
c
c - 551.86 38 28 71 469 173761 1 6761353 60860 2.5 36 14 5 14 53% 18398 4726 1600 108%
c W 552.05 34 28 71 469 173762 1 6762026 61513 2.5 36 14 5 14 53% 18398 4726 1600 108%
c u 553.93 34 26 71 469 173769 1 6780829 77729 2.5 34 14 5 14 54% 18398 4726 1600 108%
c v 554.69 43 26 71 469 173769 1 6780829 72482 2.5 34 14 5 14 54% 18398 4726 1600 108%
c w 554.97 43 26 71 469 173769 1 6780829 70018 2.5 34 14 5 14 54% 18398 4726 1600 108%
c - 555.13 38 26 71 470 173770 1 6783010 56218 2.5 34 14 5 14 54% 18398 4726 1600 108%
c - 556.56 41 25 71 471 173776 1 6804689 61291 2.5 33 13 5 14 54% 18398 4726 1600 108%
c - 558.08 39 24 71 472 173785 1 6826392 65939 2.5 33 13 5 14 54% 18398 4726 1600 108%
c - 559.60 41 23 71 473 173796 1 6848117 66763 2.6 34 13 5 14 54% 18398 4726 1600 108%
c - 561.36 39 23 71 474 173801 1 6869865 68185 2.6 33 13 5 14 54% 18398 4726 1600 108%
c - 563.18 41 22 71 475 173802 1 6891639 71122 2.7 33 12 5 14 54% 18398 4726 1600 108%
c - 564.71 41 23 71 476 173803 1 6913434 66063 2.5 33 13 5 14 54% 18398 4726 1600 108%
c - 566.36 41 23 71 477 173803 1 6935251 60320 2.5 32 13 5 14 54% 18398 4726 1600 108%
c - 568.09 41 22 71 478 173803 1 6957092 63846 2.5 32 13 5 14 54% 18398 4726 1600 108%
c ] 568.94 41 22 72 478 173803 1 6967965 74328 2.5 32 13 5 14 54% 18398 4726 1600 108%
c { 568.94 41 35 72 478 173803 4 6967965 74328 2.1 33 15 3 10 50% 18398 4726 1600 108%
c - 569.86 39 33 72 479 173803 4 6978955 68341 2.2 32 15 3 10 51% 18398 4726 1600 108%
c - 571.43 41 29 72 480 173803 3 7000841 73131 2.3 31 14 3 10 51% 18398 4726 1600 108%
c - 573.00 41 26 72 481 173812 3 7022751 74818 2.3 30 13 3 10 52% 18398 4726 1600 108%
c - 574.60 39 24 72 482 173826 3 7044682 73601 2.2 28 12 3 10 51% 18398 4726 1600 108%
c
c  seconds    switched       rate           size/glue  tier1     binary        remaining
c          MB   reductions      conflicts         size   tier2      irredundant
c           level      restarts        redundant     glue    trail        variables
c
c u 575.81 41 23 72 482 173827 3 7053094 80062 2.2 27 12 3 10 51% 18398 4726 1600 108%
c v 576.54 42 23 72 482 173827 3 7053094 75007 2.2 27 12 3 10 51% 18398 4726 1600 108%
c w 576.79 42 23 72 482 173827 3 7053094 72857 2.2 27 12 3 10 51% 18398 4726 1600 108%
c - 577.67 41 23 72 483 173853 2 7066637 64356 2.2 26 12 3 10 51% 18398 4726 1600 108%
c o 578.66 39 21 72 483 173932 2 7083479 80382 2.2 26 12 3 10 51% 18398 4726 1600 108%
c - 579.00 41 21 72 484 173978 2 7088614 68771 2.2 26 11 3 10 51% 18398 4726 1600 108%
c - 580.31 41 20 72 485 174016 2 7110615 70446 2.2 24 11 3 10 51% 18398 4726 1600 108%
c - 581.70 41 19 72 486 174106 2 7132638 70609 2.1 23 11 3 10 51% 18398 4726 1600 108%
c - 583.15 39 18 72 487 174361 2 7154684 71075 2.1 22 11 3 10 51% 18398 4726 1600 108%
c - 584.56 41 17 72 488 174543 2 7176754 70607 2.0 21 10 3 10 51% 18398 4726 1600 108%
c - 586.00 41 17 72 489 174851 2 7198846 70126 2.0 20 10 3 10 51% 18398 4726 1600 108%
c - 587.43 39 16 72 490 175279 2 7220959 70376 2.0 19 10 3 10 51% 18398 4726 1600 108%
c } 588.45 39 16 73 490 175620 2 7236881 84397 1.9 19 10 3 10 51% 18398 4726 1600 108%
c [ 588.45 39 22 73 490 175620 1 7236881 84397 2.5 32 13 5 14 54% 18398 4726 1600 108%
c O 588.45 39 22 73 490 175620 1 7236881 84397 2.5 32 13 5 14 54% 18398 4726 1600 108%
c - 588.80 41 22 73 491 175625 1 7243096 70876 2.4 31 13 5 14 54% 18398 4726 1600 108%
c - 590.22 41 21 73 492 175634 1 7265254 70646 2.4 30 12 5 14 54% 18398 4726 1600 108%
c - 591.69 41 21 73 493 175646 1 7287435 69803 2.4 30 12 5 14 53% 18398 4726 1600 108%
c - 593.40 41 21 73 494 175650 1 7309639 67008 2.4 30 13 5 14 54% 18398 4726 1600 108%
c u 595.69 42 21 73 494 175658 1 7331233 86282 2.4 30 13 5 14 53% 18398 4726 1600 108%
c
c  seconds    switched       rate           size/glue  tier1     binary        remaining
c          MB   reductions      conflicts         size   tier2      irredundant
c           level      restarts        redundant     glue    trail        variables
c
c v 596.40 45 21 73 494 175658 1 7331233 85459 2.4 30 13 5 14 53% 18398 4726 1600 108%
c w 596.69 47 21 73 494 175658 1 7331233 82486 2.4 30 13 5 14 53% 18398 4726 1600 108%
c - 596.80 39 21 73 495 175658 1 7331865 61739 2.4 30 13 5 14 53% 18398 4726 1600 108%
c - 598.77 38 20 73 496 175668 1 7354113 65795 2.3 29 12 5 14 53% 18398 4726 1600 108%
c - 600.67 41 20 73 497 175680 1 7376384 69259 2.3 28 12 5 14 53% 18398 4726 1600 108%
c - 602.29 41 20 73 498 175681 1 7398677 70170 2.3 28 12 5 14 53% 18398 4726 1600 108%
c - 604.07 41 19 73 499 175682 1 7420993 70433 2.2 26 12 5 14 53% 18398 4726 1600 108%
c - 605.57 41 21 73 500 175689 1 7443332 66902 2.2 27 12 5 14 53% 18399 4726 1600 108%
c - 607.13 41 22 73 501 175697 1 7465694 63411 2.3 28 12 5 14 53% 18399 4726 1600 108%
c ] 607.75 39 21 74 501 175703 1 7473993 71407 2.3 28 12 5 14 53% 18399 4726 1600 108%
c { 607.75 39 16 74 501 175703 2 7473993 71407 1.9 19 10 3 10 51% 18399 4726 1600 108%
c o 607.85 38 16 74 501 175717 2 7475193 72524 1.9 19 10 3 10 51% 18399 4726 1600 108%
c - 608.82 41 16 74 502 175924 2 7488078 67781 1.9 19 10 3 10 51% 18399 4726 1600 108%
c - 610.38 41 16 74 503 176354 2 7510484 71940 1.9 18 10 3 10 51% 18400 4726 1600 108%
c - 612.05 41 16 74 504 177360 2 7532911 71950 1.9 18 10 3 10 51% 18400 4726 1600 108%
c - 613.66 41 16 74 505 178104 2 7555360 71972 1.9 18 10 3 10 51% 18400 4726 1600 108%
c - 615.28 41 16 74 506 179000 2 7577833 72499 1.8 18 10 3 10 51% 18400 4726 1600 108%
c - 616.87 41 16 74 507 179772 2 7600327 73036 1.8 17 10 3 10 51% 18400 4726 1600 108%
c u 618.50 34 16 74 507 180225 2 7615273 84031 1.8 17 10 3 10 51% 18401 4726 1600 108%
c v 619.25 34 16 74 507 180225 2 7615273 78832 1.8 17 10 3 10 51% 18401 4726 1600 108%
c
c  seconds    switched       rate           size/glue  tier1     binary        remaining
c          MB   reductions      conflicts         size   tier2      irredundant
c           level      restarts        redundant     glue    trail        variables
c
c w 619.51 34 16 74 507 180225 2 7615273 77939 1.8 17 10 3 10 51% 18401 4726 1600 108%
c - 623.34 34 16 74 508 180645 2 7622843 66105 1.8 17 10 3 10 50% 18401 4726 1600 108%
c - 624.89 34 16 74 509 181743 2 7645382 68816 1.8 17 10 3 10 50% 18401 4726 1600 108%
c - 626.37 34 16 74 510 182555 2 7667944 71542 1.8 17 10 3 10 51% 18401 4726 1600 108%
c - 627.88 34 16 74 511 183440 2 7690529 72349 1.8 17 10 3 10 51% 18401 4726 1600 108%
c - 629.39 34 16 74 512 184069 2 7713134 72414 1.8 17 10 3 10 51% 18401 4726 1600 108%
c - 630.92 34 16 74 513 184801 2 7735761 73015 1.8 17 9 3 10 51% 18401 4726 1600 108%
c } 632.40 34 16 75 513 185982 2 7756818 91734 1.8 17 10 3 10 51% 18401 4726 1600 108%
c [ 632.40 34 21 75 513 185982 1 7756818 91734 2.3 28 12 5 14 53% 18401 4726 1600 108%
c B 632.40 34 21 75 513 185982 1 7756818 91734 2.3 28 12 5 14 53% 18401 4726 1600 108%
c - 632.51 34 21 75 514 185983 1 7758411 72590 2.3 28 12 5 14 53% 18401 4726 1600 108%
c - 633.85 34 22 75 515 185995 1 7781083 69945 2.3 29 12 5 14 53% 18401 4726 1600 108%
c - 635.37 34 22 75 516 186005 1 7803776 66850 2.4 30 13 5 14 53% 18401 4726 1600 108%
c - 636.96 34 22 75 517 186012 1 7826492 66645 2.5 32 13 5 14 53% 18401 4726 1600 108%
c - 638.55 34 22 75 518 186019 1 7849230 67455 2.6 33 13 5 14 53% 18401 4726 1600 108%
c - 640.41 34 23 75 519 186028 1 7871990 68047 2.7 34 13 5 14 53% 18401 4726 1600 108%
c - 642.24 34 23 75 520 186041 1 7894771 66869 2.7 35 13 5 14 53% 18401 4726 1600 108%
c u 643.49 34 23 75 520 186043 1 7905209 75681 2.7 35 13 5 14 52% 18401 4726 1600 108%
c v 644.01 43 23 75 520 186043 1 7905209 75132 2.7 35 13 5 14 52% 18401 4726 1600 108%
c w 644.24 45 23 75 520 186043 1 7905209 74459 2.7 35 13 5 14 52% 18401 4726 1600 108%
c
c  seconds    switched       rate           size/glue  tier1     binary        remaining
c          MB   reductions      conflicts         size   tier2      irredundant
c           level      restarts        redundant     glue    trail        variables
c
c o 644.32 45 23 75 520 186043 1 7905209 74459 2.7 35 13 5 14 52% 18401 4726 1600 108%
c - 645.48 39 31 75 521 186043 1 7917575 61775 2.5 36 15 5 14 52% 18401 4726 1600 108%
c - 647.00 41 31 75 522 186044 1 7940400 62080 2.5 36 14 5 14 52% 18401 4726 1600 108%
c - 648.56 41 30 75 523 186051 1 7963249 64397 2.5 36 14 5 14 52% 18401 4726 1600 108%
c - 650.21 41 28 75 524 186059 1 7986118 67413 2.6 36 14 5 14 52% 18401 4726 1600 108%
c - 651.99 41 27 75 525 186073 1 8009011 70415 2.7 36 13 5 14 53% 18401 4726 1600 108%
c ] 653.04 41 26 76 525 186075 1 8022306 83436 2.7 36 13 5 14 53% 18401 4726 1600 108%
c { 653.04 41 16 76 525 186075 2 8022306 83436 1.8 17 10 3 10 51% 18401 4726 1600 108%
c - 653.88 41 16 76 526 186409 2 8031923 70686 1.8 17 10 3 10 50% 18401 4726 1600 108%
c - 655.60 39 16 76 527 187190 2 8054857 72583 1.8 17 9 3 10 50% 18401 4726 1600 108%
c - 657.36 41 16 76 528 188317 2 8077814 73689 1.8 17 10 3 10 50% 18401 4726 1600 108%
c - 659.02 41 16 76 529 189132 2 8100793 73822 1.8 17 9 3 10 50% 18401 4726 1600 108%
c - 660.65 41 16 76 530 189868 2 8123793 74078 1.8 17 9 3 10 50% 18401 4726 1600 108%
c - 662.32 41 15 76 531 190824 2 8146815 74754 1.8 17 9 3 10 50% 18401 4726 1600 108%
c - 663.94 41 15 76 532 191650 2 8169859 75339 1.8 17 9 3 10 50% 18401 4726 1600 108%
c - 665.51 39 15 76 533 192422 2 8192925 75112 1.8 17 9 3 10 50% 18401 4726 1600 108%
c u 666.71 39 15 76 533 192737 2 8201098 80493 1.8 17 9 3 10 50% 18404 4726 1600 108%
c v 667.48 41 15 76 533 192737 2 8201098 73843 1.8 17 9 3 10 50% 18404 4726 1600 108%
c w 667.74 41 15 76 533 192737 2 8201098 72833 1.8 17 9 3 10 50% 18404 4726 1600 108%
c - 668.82 41 15 76 534 193270 2 8216011 67514 1.8 17 9 3 10 50% 18404 4726 1600 108%
c
c  seconds    switched       rate           size/glue tier1     binary        remaining
c          MB   reductions      conflicts         size  tier2      irredundant
c           level      restarts        redundant    glue    trail        variables
c
c - 670.46 38 15 76 535 194262 2 8239122 70768 1.8 16 9 3 10 50% 18404 4726 1600 108%
c - 672.10 41 15 76 536 195446 2 8262254 73202 1.8 17 9 3 10 50% 18404 4726 1600 108%
c o 673.69 41 15 76 536 196132 2 8285210 93659 1.8 17 9 3 10 50% 18404 4726 1600 108%
c - 673.72 41 15 76 537 196158 2 8285405 74423 1.8 17 9 3 10 50% 18404 4726 1600 108%
c - 675.44 41 16 76 538 197280 2 8308580 75215 1.8 17 9 3 10 50% 18404 4726 1600 108%
c } 676.25 41 16 77 538 197855 2 8319356 84889 1.8 17 9 3 10 50% 18404 4726 1600 108%
c [ 676.25 41 26 77 538 197855 1 8319356 84889 2.7 36 13 5 14 53% 18404 4726 1600 108%
c W 676.41 34 26 77 538 197855 1 8319356 84889 2.7 36 13 5 14 53% 18404 4726 1600 108%
c - 677.17 34 25 77 539 197862 1 8331774 76148 2.7 36 13 5 14 53% 18404 4726 1600 108%
c - 678.64 34 24 77 540 197872 1 8354992 75404 2.8 35 13 5 14 52% 18404 4726 1600 108%
c - 680.34 34 24 77 541 197884 1 8378229 73268 2.9 36 13 5 14 52% 18404 4726 1600 108%
c - 682.07 36 25 77 542 197886 1 8401489 71096 2.9 37 13 5 14 52% 18404 4726 1600 108%
c - 683.99 36 24 77 543 197899 1 8424769 68558 2.9 37 13 5 14 52% 18404 4726 1600 108%
c - 685.78 36 24 77 544 197909 1 8448074 69785 2.9 36 13 5 14 52% 18404 4726 1600 108%
c - 687.57 36 23 77 545 197916 1 8471398 72789 3.0 37 12 5 14 52% 18404 4726 1600 108%
c - 689.50 36 22 77 546 197917 1 8494744 75829 3.0 36 12 5 14 51% 18404 4726 1600 108%
c u 690.72 36 22 77 546 197917 1 8502937 82063 2.9 37 12 5 14 51% 18405 4726 1600 108%
c v 691.58 45 22 77 546 197917 1 8502937 79754 2.9 37 12 5 14 51% 18405 4726 1600 108%
c w 691.92 47 22 77 546 197917 1 8502937 78953 2.9 37 12 5 14 51% 18405 4726 1600 108%
c - 693.10 43 22 77 547 197919 1 8518110 70441 2.8 35 12 5 14 51% 18405 4726 1600 108%
c
c  seconds    switched       rate           size/glue  tier1     binary        remaining
c          MB   reductions      conflicts         size   tier2      irredundant
c           level      restarts        redundant     glue    trail        variables
c
c - 694.86 40 22 77 548 197932 1 8541498 69242 2.6 32 12 5 14 51% 18405 4726 1600 108%
c - 696.61 43 21 77 549 197942 1 8564907 72706 2.5 30 12 5 14 51% 18405 4726 1600 108%
c - 698.30 43 21 77 550 197948 1 8588337 73304 2.4 29 12 5 14 51% 18406 4726 1600 108%
c ] 698.61 41 21 78 550 197948 1 8592628 77481 2.5 30 12 5 14 51% 18406 4726 1600 108%
c { 698.61 41 16 78 550 197948 2 8592628 77481 1.8 17 9 3 10 50% 18406 4726 1600 108%
c - 700.12 43 16 78 551 198678 2 8611789 72591 1.8 17 9 3 10 50% 18406 4726 1600 108%
c - 701.87 41 16 78 552 199770 2 8635263 75047 1.8 17 9 3 10 51% 18406 4726 1600 108%
c - 703.50 43 16 78 553 200565 2 8658757 76194 1.8 17 9 3 10 50% 18406 4726 1600 108%
c o 704.85 43 16 78 553 201350 2 8677652 93032 1.8 17 9 3 10 51% 18406 4726 1600 108%
c - 705.22 43 16 78 554 201662 2 8682273 76703 1.8 17 9 3 10 51% 18406 4726 1600 108%
c - 706.90 43 15 78 555 202385 2 8705810 77286 1.8 17 9 3 10 51% 18406 4726 1600 108%
c - 708.62 43 15 78 556 203430 2 8729369 77903 1.8 17 9 3 10 51% 18406 4726 1600 108%
c - 710.28 43 15 78 557 204176 2 8752949 78316 1.8 17 9 3 10 51% 18406 4726 1600 108%
c - 712.07 43 15 78 558 205260 2 8776549 78497 1.8 17 9 3 10 51% 18406 4726 1600 108%
c - 713.74 43 15 78 559 206354 2 8800173 78798 1.8 17 9 3 10 51% 18406 4726 1600 108%
c u 715.14 43 15 78 559 206631 2 8810728 85502 1.8 17 9 3 10 51% 18411 4726 1600 108%
c v 715.94 44 15 78 559 206631 2 8810728 78545 1.8 17 9 3 10 51% 18411 4726 1600 108%
c w 716.22 44 15 78 559 206631 2 8810728 77794 1.8 17 9 3 10 51% 18411 4726 1600 108%
c - 717.19 43 15 78 560 207135 2 8823817 70966 1.8 17 9 3 10 51% 18411 4726 1600 108%
c - 718.87 43 15 78 561 208243 2 8847482 73554 1.8 17 9 3 10 51% 18411 4726 1600 108%
c
c  seconds    switched       rate           size/glue tier1     binary        remaining
c          MB   reductions      conflicts         size  tier2      irredundant
c           level      restarts        redundant    glue    trail        variables
c
c - 720.59 43 16 78 562 209477 2 8871169 75887 1.8 17 9 3 10 51% 18411 4726 1600 108%
c - 722.38 43 16 78 563 210711 2 8894875 77286 1.8 17 9 3 10 51% 18411 4726 1600 108%
c } 723.04 43 16 79 563 210969 2 8904218 85604 1.8 17 9 3 10 50% 18411 4726 1600 108%
c [ 723.04 43 21 79 563 210969 1 8904218 85604 2.5 30 12 5 14 51% 18411 4726 1600 108%
c I 723.04 43 21 79 563 210969 1 8904218 85604 2.5 30 12 5 14 51% 18411 4726 1600 108%
c - 724.01 43 23 79 564 210978 1 8918602 74444 2.5 31 13 5 14 52% 18411 4726 1600 108%
c - 725.49 43 22 79 565 210988 1 8942351 72336 2.5 31 12 5 14 52% 18411 4726 1600 108%
c - 727.29 43 22 79 566 210998 1 8966120 71979 2.5 31 13 5 14 52% 18411 4726 1600 108%
c - 729.39 43 22 79 567 211002 1 8989911 70419 2.4 31 13 5 14 52% 18411 4726 1600 108%
c - 731.21 43 22 79 568 211014 1 9013722 71331 2.4 31 13 5 14 52% 18411 4726 1600 108%
c - 733.04 43 22 79 569 211027 1 9037555 73041 2.4 31 13 5 14 52% 18411 4726 1600 108%
c - 734.92 43 22 79 570 211030 1 9061408 74498 2.5 31 13 5 14 52% 18411 4726 1600 108%
c - 736.84 43 22 79 571 211031 1 9085283 75074 2.5 31 12 5 14 52% 18411 4726 1600 108%
c - 738.91 43 21 79 572 211037 1 9109180 77562 2.5 31 12 5 14 52% 18411 4726 1600 108%
c u 740.84 44 21 79 572 211045 1 9124519 90477 2.4 30 12 5 14 52% 18411 4726 1600 108%
c v 741.74 47 21 79 572 211045 1 9124519 86998 2.4 30 12 5 14 52% 18411 4726 1600 108%
c w 742.08 47 21 79 572 211045 1 9124519 86292 2.4 30 12 5 14 52% 18411 4726 1600 108%
c o 742.09 47 21 79 572 211045 1 9124519 86292 2.4 30 12 5 14 52% 18411 4726 1600 108%
c - 742.93 41 27 79 573 211046 1 9133096 70044 2.2 31 14 5 14 52% 18411 4726 1600 108%
c - 744.70 43 28 79 574 211060 1 9157033 65554 2.2 32 14 5 14 52% 18411 4726 1600 108%
c
c  seconds    switched       rate           size/glue  tier1     binary        remaining
c          MB   reductions      conflicts         size   tier2      irredundant
c           level      restarts        redundant     glue    trail        variables
c
c - 746.63 40 27 79 575 211062 1 9180991 67346 2.2 32 14 5 14 52% 18411 4726 1600 108%
c ] 746.86 41 27 80 575 211064 1 9184498 70801 2.2 32 14 5 14 52% 18411 4726 1600 108%
c { 746.86 41 16 80 575 211064 2 9184498 70801 1.8 17 9 3 10 50% 18411 4726 1600 108%
c - 748.42 43 15 80 576 211767 2 9204971 72012 1.8 17 9 3 10 50% 18411 4726 1600 108%
c - 750.33 43 16 80 577 213239 2 9228973 75540 1.8 17 9 3 10 51% 18411 4726 1600 108%
c - 752.06 43 16 80 578 214149 2 9252993 77428 1.8 17 9 3 10 50% 18411 4726 1600 108%
c - 753.87 43 16 80 579 215309 2 9277035 78157 1.8 17 9 3 10 51% 18411 4726 1600 108%
c - 755.65 43 16 80 580 216305 2 9301099 78692 1.8 17 9 3 10 51% 18411 4726 1600 108%
c - 757.34 43 16 80 581 217200 2 9325182 79630 1.8 17 9 3 10 51% 18411 4726 1600 108%
c - 759.02 43 15 80 582 217806 2 9349285 79723 1.8 17 9 3 10 51% 18411 4726 1600 108%
c - 760.85 41 15 80 583 218931 2 9373410 80181 1.8 17 9 3 10 50% 18411 4726 1600 108%
c - 762.71 43 16 80 584 220099 2 9397555 80804 1.8 17 9 3 10 51% 18411 4726 1600 108%
c - 764.45 43 15 80 585 220948 2 9421721 81020 1.8 17 9 3 10 51% 18412 4726 1600 108%
c u 766.90 43 16 80 585 222246 2 9444317 98756 1.8 17 9 3 10 51% 18413 4726 1600 108%
c v 767.77 44 16 80 585 222246 2 9444317 91025 1.8 17 9 3 10 51% 18413 4726 1600 108%
c w 768.07 44 16 80 585 222246 2 9444317 90165 1.8 17 9 3 10 51% 18413 4726 1600 108%
c - 768.25 43 16 80 586 222366 2 9445910 70723 1.8 17 9 3 10 51% 18413 4726 1600 108%
c - 769.91 43 15 80 587 223014 2 9470118 75024 1.8 17 9 3 10 50% 18413 4726 1600 108%
c - 771.68 43 15 80 588 224028 2 9494346 78403 1.8 17 9 3 10 50% 18413 4726 1600 108%
c } 772.83 43 15 81 588 224486 2 9510941 92714 1.8 17 9 3 10 50% 18413 4726 1600 108%
c
c  seconds    switched       rate           size/glue  tier1     binary        remaining
c          MB   reductions      conflicts         size   tier2      irredundant
c           level      restarts        redundant     glue    trail        variables
c
c [ 772.83 43 27 81 588 224486 1 9510941 92714 2.2 32 14 5 14 52% 18413 4726 1600 108%
c B 772.83 43 27 81 588 224486 1 9510941 92714 2.2 32 14 5 14 52% 18413 4726 1600 108%
c - 773.32 43 26 81 589 224491 1 9518594 78737 2.2 31 14 5 14 52% 18413 4726 1600 108%
c o 774.59 43 25 81 589 224500 1 9536895 95868 2.2 30 13 5 14 52% 18413 4726 1600 108%
c - 775.04 43 29 81 590 224500 1 9542863 76376 2.1 31 14 5 14 52% 18413 4726 1600 108%
c - 776.76 43 28 81 591 224514 1 9567152 74926 2.2 31 14 5 14 53% 18413 4726 1600 108%
c - 778.69 43 27 81 592 224516 1 9591463 75474 2.3 32 14 5 14 52% 18413 4726 1600 108%
c - 780.86 43 25 81 593 224530 1 9615795 76953 2.4 32 13 5 14 52% 18413 4726 1600 108%
c - 783.03 43 24 81 594 224541 1 9640146 79899 2.5 32 13 5 14 52% 18413 4726 1600 108%
c - 785.09 43 24 81 595 224547 1 9664519 79453 2.6 33 13 5 14 52% 18413 4726 1600 108%
c - 787.24 43 23 81 596 224548 1 9688914 78496 2.7 33 12 5 14 53% 18413 4726 1600 108%
c - 789.53 43 23 81 597 224553 1 9713327 77458 2.7 34 13 5 14 53% 18413 4726 1600 108%
c - 791.58 43 24 81 598 224563 1 9737760 74230 2.7 35 13 5 14 53% 18413 4726 1600 108%
c - 793.46 41 24 81 599 224577 1 9762215 73917 2.7 35 13 5 14 53% 18413 4726 1600 108%
c u 795.04 43 23 81 599 224578 1 9770146 79457 2.7 35 13 5 14 53% 18413 4726 1600 108%
c v 796.06 45 23 81 599 224578 1 9770146 78365 2.7 35 13 5 14 53% 18413 4726 1600 108%
c w 796.43 47 23 81 599 224578 1 9770146 77019 2.7 35 13 5 14 53% 18413 4726 1600 108%
c - 797.59 43 23 81 600 224579 1 9786689 74269 2.8 35 13 5 14 53% 18413 4726 1600 108%
c ] 798.57 43 22 82 600 224586 1 9800367 87502 2.8 35 12 5 14 53% 18413 4726 1600 108%
c { 798.57 43 15 82 600 224586 2 9800367 87502 1.8 17 9 3 10 50% 18413 4726 1600 108%
c
c  seconds    switched       rate           size/glue tier1     binary        remaining
c          MB   reductions      conflicts         size  tier2      irredundant
c           level      restarts        redundant    glue    trail        variables
c
c - 799.42 43 15 82 601 224607 2 9811183 77540 1.8 16 9 3 10 51% 18413 4726 1600 108%
c - 801.29 43 13 82 602 224612 2 9835699 75355 1.8 15 9 3 10 51% 18413 4726 1600 108%
c - 803.03 41 12 82 603 224677 2 9860234 74591 1.8 15 8 3 10 51% 18414 4726 1600 108%
c - 804.72 43 12 82 604 224754 2 9884792 74674 1.7 14 8 3 10 51% 18414 4726 1600 108%
c - 806.37 43 11 82 605 224938 1 9909369 74603 1.7 14 8 3 10 51% 18415 4726 1600 108%
c - 808.15 43 11 82 606 225280 1 9933965 75889 1.7 14 8 3 10 51% 18415 4726 1600 108%
c - 809.91 43 10 82 607 225545 1 9958582 76081 1.7 14 8 3 10 51% 18415 4726 1600 108%
c o 809.96 40 10 82 607 225546 1 9959272 76570 1.7 13 8 3 10 51% 18415 4726 1600 108%
c - 811.60 43 10 82 608 225836 1 9983219 76002 1.7 13 8 3 10 51% 18415 4726 1600 108%
c - 813.32 43 10 82 609 226125 1 10007877 76290 1.7 13 8 3 10 51% 18415 4726 1600 108%
c - 815.04 43 10 82 610 226588 1 10032554 76485 1.7 13 8 3 10 51% 18415 4726 1600 108%
c - 816.80 43 10 82 611 227127 1 10057253 77056 1.7 13 8 3 10 51% 18416 4726 1600 108%
c - 818.56 43 10 82 612 227587 1 10081971 77577 1.7 13 8 3 10 51% 18416 4726 1600 108%
c u 820.70 43 9 82 612 227991 1 10102009 89566 1.7 13 7 3 10 51% 18418 4726 1600 108%
c v 821.55 44 9 82 612 227991 1 10102009 81712 1.7 13 7 3 10 51% 18418 4726 1600 108%
c w 821.84 44 9 82 612 227991 1 10102009 81506 1.7 13 7 3 10 51% 18418 4726 1600 108%
c - 822.22 43 9 82 613 228188 1 10106710 69135 1.7 13 7 3 10 51% 18418 4726 1600 108%
c - 823.97 43 9 82 614 228958 1 10131469 73036 1.7 12 7 3 10 51% 18418 4726 1600 108%
c } 824.69 41 9 83 614 229238 1 10141973 80874 1.7 12 7 3 10 51% 18418 4726 1600 108%
c [ 824.69 41 22 83 614 229238 1 10141973 80874 2.8 35 12 5 14 53% 18418 4726 1600 108%
c
c  seconds    switched       rate            size/glue  tier1     binary        remaining
c          MB   reductions      conflicts          size   tier2      irredundant
c           level      restarts         redundant     glue    trail        variables
c
c W 824.97 36 22 83 614 229238 1 10141973 80874 2.8 35 12 5 14 53% 18418 4726 1600 108%
c - 825.84 36 23 83 615 229246 1 10156248 74010 2.8 36 13 5 14 54% 18418 4726 1600 108%
c - 827.62 36 24 83 616 229258 1 10181048 72944 2.9 37 13 5 14 54% 18418 4726 1600 108%
c - 829.37 36 24 83 617 229267 1 10205867 73644 3.0 38 13 5 14 54% 18418 4726 1600 108%
c - 831.18 36 26 83 618 229274 1 10230706 71082 2.9 40 14 5 14 54% 18418 4726 1600 108%
c - 833.09 36 26 83 619 229283 1 10255565 69105 2.8 39 14 5 14 54% 18418 4726 1600 108%
c - 834.99 36 26 83 620 229297 1 10280444 70942 2.8 39 14 5 14 54% 18418 4726 1600 108%
c - 836.89 36 26 83 621 229299 1 10305343 72979 2.9 39 14 5 14 54% 18418 4726 1600 108%
c - 838.97 36 25 83 622 229300 1 10330262 73381 2.9 40 14 5 14 54% 18418 4726 1600 108%
c - 841.06 36 25 83 623 229311 1 10355201 74233 2.9 40 14 5 14 53% 18418 4726 1600 108%
c - 843.17 36 25 83 624 229322 1 10380160 76913 3.0 40 13 5 14 53% 18418 4726 1600 108%
c - 845.11 36 24 83 625 229331 1 10405139 80120 3.0 39 13 5 14 54% 18418 4726 1600 108%
c o 845.73 36 24 83 625 229331 1 10413763 88345 3.0 39 13 5 14 54% 18418 4726 1600 108%
c - 847.16 36 27 83 626 229338 1 10430139 78861 2.8 38 14 5 14 54% 18418 4726 1600 108%
c u 848.68 36 27 83 626 229344 1 10439926 85991 2.7 37 14 5 14 54% 18419 4726 1600 108%
c v 849.66 45 27 83 626 229344 1 10439926 84039 2.7 37 14 5 14 54% 18419 4726 1600 108%
c w 850.05 45 27 83 626 229344 1 10439926 81716 2.7 37 14 5 14 54% 18419 4726 1600 108%
c O 850.62 43 26 83 626 229346 1 10447167 88666 2.7 37 14 5 14 54% 18419 4726 1600 108%
c - 851.28 43 26 83 627 229348 1 10455158 73787 2.7 36 13 5 14 54% 18419 4726 1600 108%
c ] 851.68 41 25 84 627 229352 1 10460783 79102 2.6 35 13 5 14 54% 18419 4726 1600 108%
c
c  seconds   switched       rate            size/glue tier1     binary        remaining
c          MB  reductions      conflicts          size  tier2      irredundant
c           level     restarts         redundant    glue    trail        variables
c
c { 851.68 41 9 84 627 229352 1 10460783 79102 1.7 12 7 3 10 51% 18419 4726 1600 108%
c - 853.68 43 11 84 628 232205 2 10480199 78742 1.7 13 8 3 10 51% 18420 4726 1600 108%
c - 856.20 43 13 84 629 235674 2 10505259 81009 1.6 14 9 3 10 51% 18420 4726 1600 108%
c - 858.25 43 14 84 630 237605 2 10530338 81649 1.7 15 9 3 10 51% 18420 4726 1600 108%
c - 860.32 43 14 84 631 239389 2 10555437 82077 1.7 15 9 3 10 51% 18420 4726 1600 108%
c - 862.28 41 15 84 632 240701 2 10580556 82583 1.7 15 9 3 10 51% 18420 4726 1600 108%
c - 864.28 43 15 84 633 241849 2 10605695 83090 1.7 16 9 3 10 51% 18420 4726 1600 108%
c - 866.23 43 15 84 634 243067 2 10630854 83714 1.7 16 9 3 10 51% 18420 4726 1600 108%
c - 868.22 43 15 84 635 244538 2 10656033 84382 1.8 16 9 3 10 51% 18420 4726 1600 108%
c - 870.08 43 15 84 636 245417 2 10681233 84457 1.8 16 9 3 10 51% 18420 4726 1600 108%
c - 872.06 43 15 84 637 246377 2 10706452 85045 1.8 17 9 3 10 51% 18420 4726 1600 108%
c - 874.07 43 15 84 638 247376 2 10731692 85030 1.8 16 9 3 10 51% 18421 4726 1600 108%
c - 875.99 43 15 84 639 248437 2 10756950 85241 1.8 16 9 3 10 51% 18421 4726 1600 108%
c - 877.98 43 15 84 640 249623 2 10782230 85902 1.8 17 9 3 10 51% 18421 4726 1600 108%
c u 878.98 43 15 84 640 249816 2 10783929 84638 1.8 17 9 3 10 51% 18421 4726 1600 108%
c v 879.94 44 15 84 640 249816 2 10783929 76349 1.8 17 9 3 10 51% 18421 4726 1600 108%
c w 880.28 44 15 84 640 249816 2 10783929 75226 1.8 17 9 3 10 51% 18421 4726 1600 108%
c - 881.95 43 15 84 641 250437 2 10807528 79135 1.8 17 9 3 10 51% 18421 4726 1600 108%
c } 882.70 41 15 85 641 250889 2 10817861 88289 1.8 17 9 3 10 51% 18421 4726 1600 108%
c [ 882.70 41 25 85 641 250889 1 10817861 88289 2.6 35 13 5 14 54% 18421 4726 1600 108%
c
c  seconds    switched       rate            size/glue  tier1     binary        remaining
c          MB   reductions      conflicts          size   tier2      irredundant
c           level      restarts         redundant     glue    trail        variables
c
c B 882.70 41 25 85 641 250889 1 10817861 88289 2.6 35 13 5 14 54% 18421 4726 1600 108%
c - 883.58 43 25 85 642 250898 1 10832845 81868 2.6 34 13 5 14 54% 18421 4726 1600 108%
c - 885.24 43 23 85 643 250909 1 10858183 81033 2.5 33 13 5 14 54% 18421 4726 1600 108%
c - 887.20 43 23 85 644 250919 1 10883540 78945 2.5 32 13 5 14 54% 18421 4726 1600 108%
c - 889.26 43 22 85 645 250926 1 10908918 78808 2.5 32 13 5 14 53% 18421 4726 1600 108%
c - 891.22 41 22 85 646 250936 1 10934316 80673 2.5 31 13 5 14 53% 18421 4726 1600 108%
c - 893.27 43 21 85 647 250949 1 10959732 81562 2.4 30 12 5 14 53% 18421 4726 1600 108%
c - 895.25 43 20 85 648 250951 1 10985170 84371 2.4 28 12 5 14 53% 18421 4726 1600 108%
c - 897.27 43 22 85 649 250951 1 11010625 82493 2.4 29 12 5 14 53% 18422 4726 1600 108%
c - 899.11 43 21 85 650 250965 1 11036102 80313 2.4 28 12 5 14 53% 18422 4726 1600 108%
c - 901.14 43 21 85 651 250975 1 11061597 81167 2.4 29 12 5 14 54% 18422 4726 1600 108%
c - 903.05 43 21 85 652 250982 1 11087113 80654 2.4 30 12 5 14 54% 18422 4726 1600 108%
c - 905.21 43 22 85 653 250992 1 11112647 80215 2.5 31 12 5 14 53% 18422 4726 1600 108%
c u 908.20 43 21 85 653 251001 1 11134018 98954 2.6 32 12 5 14 53% 18423 4726 1600 108%
c v 909.40 47 21 85 653 251001 1 11134018 98066 2.6 32 12 5 14 53% 18423 4726 1600 108%
c w 909.85 49 21 85 653 251001 1 11134018 95513 2.6 32 12 5 14 53% 18423 4726 1600 108%
c o 909.87 49 21 85 653 251001 1 11134018 95513 2.6 32 12 5 14 53% 18423 4726 1600 108%
c - 910.33 43 22 85 654 251004 1 11138202 77938 2.6 32 12 5 14 53% 18423 4726 1600 108%
c W 910.95 36 21 85 654 251005 1 11141937 81515 2.6 32 12 5 14 53% 18423 4726 1600 108%
c - 912.41 36 22 85 655 251013 1 11163776 79844 2.8 34 12 5 14 54% 18423 4726 1600 108%
c
c  seconds    switched       rate            size/glue  tier1     binary        remaining
c          MB   reductions      conflicts          size   tier2      irredundant
c           level      restarts         redundant     glue    trail        variables
c
c ] 913.63 36 22 86 655 251014 1 11180547 96224 2.8 34 12 5 14 54% 18423 4726 1600 108%
c { 913.63 36 15 86 655 251014 2 11180547 96224 1.8 17 9 3 10 51% 18423 4726 1600 108%
c - 915.18 36 17 86 656 252531 3 11189368 77197 1.8 18 10 3 10 51% 18423 4726 1600 108%
c - 920.05 36 23 86 657 256950 4 11214980 70405 1.9 22 12 3 10 51% 18423 4726 1600 108%
c - 924.98 36 28 86 658 261378 5 11240614 64205 1.9 25 13 3 10 51% 18423 4726 1600 108%
c - 929.76 36 31 86 659 265397 5 11266265 63535 1.9 27 14 3 10 51% 18423 4726 1600 108%
c - 934.15 36 33 86 660 268468 5 11291936 65064 2.0 29 15 3 10 51% 18423 4726 1600 108%
c - 937.70 36 34 86 661 270524 5 11317626 67303 2.1 31 15 3 10 51% 18423 4726 1600 108%
c - 941.07 36 34 86 662 272018 5 11343337 69378 2.1 33 15 3 10 51% 18423 4726 1600 108%
c - 944.15 36 33 86 663 273082 4 11369066 72206 2.2 33 15 3 10 51% 18423 4726 1600 108%
c - 947.48 36 33 86 664 274711 4 11394814 73707 2.3 34 15 3 10 51% 18423 4726 1600 108%
c - 950.87 36 34 86 665 276382 4 11420582 72915 2.3 35 15 3 10 51% 18423 4726 1600 108%
c - 954.16 36 33 86 666 277856 4 11446369 72468 2.3 35 15 3 10 51% 18423 4726 1600 108%
c - 957.48 36 33 86 667 279317 4 11472175 72711 2.3 35 15 3 10 51% 18423 4726 1600 108%
c u 961.01 36 33 86 667 280147 4 11490218 88357 2.4 36 15 3 10 51% 18426 4726 1600 108%
c v 962.70 47 33 86 667 280147 4 11490218 87225 2.4 36 15 3 10 51% 18426 4726 1600 108%
c w 963.36 49 33 86 667 280147 4 11490218 86217 2.4 36 15 3 10 51% 18426 4726 1600 108%
c - 971.77 43 32 86 668 280381 4 11498002 71792 2.4 36 15 3 10 51% 18426 4726 1600 108%
c - 974.59 43 31 86 669 281236 3 11523847 75675 2.5 36 15 3 10 51% 18426 4726 1600 108%
c - 978.27 43 32 86 670 283247 4 11549712 74999 2.4 36 15 3 10 51% 18426 4726 1600 108%
c
c  seconds    switched       rate            size/glue  tier1     binary        remaining
c          MB   reductions      conflicts          size   tier2      irredundant
c           level      restarts         redundant     glue    trail        variables
c
c } 978.69 43 32 87 670 283467 4 11553402 78653 2.5 36 15 3 10 51% 18426 4726 1600 108%
c [ 978.69 43 22 87 670 283467 1 11553402 78653 2.8 34 12 5 14 54% 18426 4726 1600 108%
c I 978.69 43 22 87 670 283467 1 11553402 78653 2.8 34 12 5 14 54% 18426 4726 1600 108%
c - 980.44 43 25 87 671 283480 1 11575598 71095 2.8 37 13 5 14 54% 18426 4726 1600 108%
c - 982.54 43 26 87 672 283491 1 11601505 70966 2.9 39 13 5 14 54% 18426 4726 1600 108%
c - 984.67 43 27 87 673 283497 1 11627427 73840 3.0 40 13 5 14 53% 18426 4726 1600 108%
c - 986.88 43 27 87 674 283509 1 11653371 74930 3.0 41 14 5 14 53% 18426 4726 1600 108%
c - 989.01 43 28 87 675 283519 1 11679333 74453 3.0 42 14 5 14 53% 18426 4726 1600 108%
c - 991.08 43 28 87 676 283528 1 11705314 74842 3.0 42 14 5 14 53% 18426 4726 1600 108%
c - 993.17 43 27 87 677 283529 1 11731317 77332 3.2 44 14 5 14 53% 18426 4726 1600 108%
c o 994.64 43 28 87 677 283530 1 11750234 95912 3.1 44 14 5 14 53% 18426 4726 1600 108%
c - 995.44 43 33 87 678 283535 1 11757339 72998 2.8 45 16 5 14 53% 18426 4726 1600 108%
c - 997.41 43 30 87 679 283545 1 11783377 74246 2.9 43 15 5 14 54% 18426 4726 1600 108%
c - 999.54 43 28 87 680 283559 1 11809436 81987 2.9 41 14 5 14 54% 18426 4726 1600 108%
c - 1001.71 43 27 87 681 283563 1 11835512 82436 2.9 40 14 5 14 54% 18426 4726 1600 108%
c u 1003.81 47 26 87 681 283573 1 11852527 97682 2.9 40 14 5 14 54% 18426 4726 1600 108%
c v 1004.68 49 26 87 681 283573 1 11852527 96992 2.9 40 14 5 14 54% 18426 4726 1600 108%
c w 1005.03 49 26 87 681 283573 1 11852527 95342 2.9 40 14 5 14 54% 18426 4726 1600 108%
c - 1005.79 43 25 87 682 283575 1 11861608 79918 2.9 40 14 5 14 54% 18426 4726 1600 108%
c - 1007.88 43 24 87 683 283589 1 11887723 81826 2.9 39 13 5 14 54% 18426 4726 1600 108%
c
c   seconds    switched       rate            size/glue  tier1     binary        remaining
c           MB   reductions      conflicts          size   tier2      irredundant
c            level      restarts         redundant     glue    trail        variables
c
c B 1008.61 43 24 87 683 283590 1 11896773 90600 2.9 39 13 5 14 54% 18426 4726 1600 108%
c - 1009.85 43 26 87 684 283591 1 11913858 78335 2.9 41 14 5 14 54% 18426 4726 1600 108%
c - 1012.02 43 27 87 685 283592 1 11940011 73912 3.0 42 14 5 14 54% 18426 4726 1600 108%
c - 1014.34 43 27 87 686 283593 1 11966183 75074 3.0 43 14 5 14 54% 18426 4726 1600 108%
c - 1016.75 40 27 87 687 283593 1 11992374 77881 3.1 43 14 5 14 54% 18426 4726 1600 108%
c - 1018.94 43 28 87 688 283598 1 12018585 78248 3.2 45 14 5 14 54% 18426 4726 1600 108%
c - 1021.09 43 28 87 689 283608 1 12044814 77542 3.2 45 14 5 14 54% 18426 4726 1600 108%
c - 1023.48 43 27 87 690 283623 1 12071063 78863 3.2 45 14 5 14 54% 18426 4726 1600 108%
c - 1025.80 43 27 87 691 283627 1 12097335 78954 3.2 44 14 5 14 54% 18426 4726 1600 108%
c - 1028.12 43 26 87 692 283639 1 12123621 78977 3.2 44 14 5 14 53% 18426 4726 1600 108%
c - 1030.19 43 26 87 693 283653 1 12149927 80303 3.2 44 14 5 14 54% 18426 4726 1600 108%
c ] 1032.38 43 26 88 693 283655 1 12175660 105570 3.1 43 14 5 14 54% 18426 4726 1600 108%
c { 1032.39 43 32 88 693 283655 4 12175660 105570 2.5 36 15 3 10 51% 18426 4726 1600 108%
c - 1032.46 43 32 88 694 283655 4 12176251 78311 2.5 36 15 3 10 51% 18426 4726 1600 108%
c - 1034.69 43 29 88 695 283700 3 12202594 81379 2.4 34 14 3 10 51% 18426 4726 1600 108%
c u 1037.17 45 27 88 695 283702 3 12221004 96629 2.4 32 13 3 10 52% 18427 4726 1600 108%
c v 1038.26 47 27 88 695 283702 3 12221004 92215 2.4 32 13 3 10 52% 18427 4726 1600 108%
c w 1038.68 47 27 88 695 283702 3 12221004 91314 2.4 32 13 3 10 52% 18427 4726 1600 108%
c o 1038.70 47 27 88 695 283702 3 12221004 91314 2.4 32 13 3 10 52% 18427 4726 1600 108%
c - 1039.40 43 26 88 696 283734 3 12228956 79263 2.4 31 13 3 10 51% 18427 4726 1600 108%
c
c   seconds    switched       rate            size/glue  tier1     binary        remaining
c           MB   reductions      conflicts          size   tier2      irredundant
c            level      restarts         redundant     glue    trail        variables
c
c - 1041.33 43 24 88 697 283762 2 12255339 83438 2.3 28 12 3 10 51% 18427 4726 1600 108%
c - 1043.21 43 22 88 698 283812 2 12281739 88152 2.3 27 12 3 10 51% 18427 4726 1600 108%
c - 1045.07 44 21 88 699 284012 2 12308160 89707 2.3 26 11 3 10 51% 18427 4726 1600 108%
c - 1047.00 43 19 88 700 284132 2 12334601 88200 2.2 24 11 3 10 51% 18427 4726 1600 108%
c - 1048.97 43 18 88 701 284354 2 12361061 87843 2.2 23 11 3 10 51% 18428 4726 1600 108%
c - 1050.81 43 17 88 702 284500 2 12387538 88288 2.1 21 10 3 10 51% 18428 4726 1600 108%
c - 1052.77 43 16 88 703 284804 2 12414033 88945 2.1 21 10 3 10 51% 18428 4726 1600 108%
c - 1054.64 44 16 88 704 285143 2 12440547 89230 2.1 20 10 3 10 51% 18428 4726 1600 108%
c - 1056.78 43 16 88 705 286139 2 12467079 88827 2.0 19 10 3 10 51% 18428 4726 1600 108%
c - 1058.77 44 15 88 706 286795 2 12493631 89007 2.0 19 9 3 10 51% 18428 4726 1600 108%
c - 1060.86 43 15 88 707 287599 2 12520203 88977 1.9 18 9 3 10 51% 18428 4726 1600 108%
c - 1063.01 44 15 88 708 288621 2 12546793 89194 1.9 18 9 3 10 51% 18428 4726 1600 108%
c } 1064.50 43 15 89 708 289478 2 12564597 105147 1.9 18 9 3 10 51% 18428 4726 1600 108%
c [ 1064.50 43 26 89 708 289478 1 12564597 105147 3.1 43 14 5 14 54% 18428 4726 1600 108%
c W 1064.60 36 26 89 708 289478 1 12564597 105147 3.1 43 14 5 14 54% 18428 4726 1600 108%
c - 1065.17 36 25 89 709 289484 1 12573402 89462 3.1 42 14 5 14 54% 18428 4726 1600 108%
c u 1067.54 43 24 89 709 289492 1 12595622 108149 3.0 40 13 5 14 54% 18429 4726 1600 108%
c v 1068.60 47 24 89 709 289492 1 12595622 107205 3.0 40 13 5 14 54% 18429 4726 1600 108%
c w 1069.00 47 24 89 709 289492 1 12595622 103805 3.0 40 13 5 14 54% 18429 4726 1600 108%
c - 1069.32 43 24 89 710 289495 1 12600032 83843 3.0 39 13 5 14 54% 18429 4726 1600 108%
c
c   seconds    switched       rate            size/glue  tier1     binary        remaining
c           MB   reductions      conflicts          size   tier2      irredundant
c            level      restarts         redundant     glue    trail        variables
c
c - 1071.44 43 23 89 711 289507 1 12626677 82660 2.8 37 13 5 14 54% 18429 4726 1600 108%
c - 1073.76 44 22 89 712 289514 1 12653342 84316 2.8 35 13 5 14 54% 18429 4726 1600 108%
c - 1075.85 43 21 89 713 289524 1 12680025 86739 2.7 34 12 5 14 54% 18429 4726 1600 108%
c - 1078.25 43 21 89 714 289538 1 12706728 86267 2.7 32 12 5 14 54% 18429 4726 1600 108%
c - 1080.50 43 21 89 715 289540 1 12733448 84175 2.5 32 13 5 14 55% 18429 4726 1600 108%
c - 1082.75 43 21 89 716 289540 1 12760187 82176 2.4 30 13 5 14 55% 18429 4726 1600 108%
c - 1085.01 43 20 89 717 289555 1 12786946 85266 2.4 29 12 5 14 55% 18429 4726 1600 108%
c - 1087.21 43 20 89 718 289568 1 12813722 86830 2.4 29 12 5 14 54% 18429 4726 1600 108%
c o 1088.30 43 20 89 718 289571 1 12826999 99359 2.4 29 12 5 14 54% 18429 4726 1600 108%
c - 1089.50 43 28 89 719 289571 1 12840517 81642 2.2 31 14 5 14 54% 18429 4726 1600 108%
c - 1091.78 41 28 89 720 289585 1 12867333 79756 2.3 31 14 5 14 54% 18429 4726 1600 108%
c - 1094.07 43 26 89 721 289598 1 12894165 84825 2.4 32 13 5 14 54% 18429 4726 1600 108%
c ] 1096.40 43 24 90 721 289602 1 12916715 106713 2.5 32 13 4 14 53% 18429 4726 1600 108%
c { 1096.40 43 15 90 721 289602 2 12916715 106713 1.9 18 9 3 10 51% 18429 4726 1600 108%
c - 1096.86 43 15 90 722 289892 2 12921016 87952 1.9 18 9 3 10 51% 18429 4726 1600 108%
c - 1099.11 43 15 90 723 290666 2 12947886 88744 1.9 17 9 3 10 51% 18429 4726 1600 108%
c - 1101.40 44 15 90 724 291749 2 12974775 89265 1.9 17 9 3 10 51% 18429 4726 1600 108%
c u 1102.49 41 15 90 724 291794 2 12976429 88154 1.9 17 9 3 10 51% 18430 4726 1600 108%
c v 1103.63 44 15 90 724 291794 2 12976429 80986 1.9 17 9 3 10 51% 18430 4726 1600 108%
c w 1104.03 44 15 90 724 291794 2 12976429 79625 1.9 17 9 3 10 51% 18430 4726 1600 108%
c
c   seconds    switched       rate            size/glue tier1     binary        remaining
c           MB   reductions      conflicts          size  tier2      irredundant
c            level      restarts         redundant    glue    trail        variables
c
c - 1106.02 43 15 90 725 292658 2 13001682 82994 1.9 17 9 3 10 51% 18430 4726 1600 108%
c - 1108.18 43 15 90 726 293755 2 13028608 88488 1.9 17 9 3 10 51% 18430 4726 1600 108%
c - 1110.31 44 15 90 727 294743 2 13055552 89544 1.9 17 9 3 10 51% 18430 4726 1600 108%
c - 1112.43 43 15 90 728 295630 2 13082514 90145 1.9 17 9 3 10 51% 18430 4726 1600 108%
c - 1114.66 44 15 90 729 296603 2 13109496 90866 1.9 17 9 3 10 51% 18430 4726 1600 108%
c - 1116.98 43 15 90 730 298101 2 13136496 90678 1.9 17 9 3 10 51% 18431 4726 1600 108%
c - 1119.11 43 15 90 731 299160 2 13163515 91383 1.9 17 9 3 10 51% 18432 4726 1600 108%
c - 1121.28 43 15 90 732 300101 2 13190554 91627 1.9 17 9 3 10 50% 18432 4726 1600 108%
c - 1123.58 44 15 90 733 301786 2 13217610 91836 1.8 17 9 3 10 51% 18432 4726 1600 108%
c - 1125.80 43 15 90 734 303037 2 13244684 92755 1.9 17 9 3 10 51% 18432 4726 1600 108%
c - 1127.94 43 15 90 735 303989 2 13271776 93378 1.9 17 9 3 10 51% 18432 4726 1600 108%
c - 1130.08 44 15 90 736 305054 2 13298887 93293 1.9 17 9 3 10 51% 18432 4726 1600 108%
c o 1130.77 43 15 90 736 305343 2 13307586 100715 1.9 17 9 3 10 51% 18432 4726 1600 108%
c } 1131.94 44 15 91 736 305966 2 13322037 113295 1.9 17 9 3 10 51% 18432 4726 1600 108%
c [ 1131.94 44 24 91 736 305966 1 13322037 113295 2.5 32 13 4 14 53% 18432 4726 1600 108%
c O 1131.94 44 24 91 736 305966 1 13322037 113295 2.5 32 13 4 14 53% 18432 4726 1600 108%
c - 1132.26 43 24 91 737 305968 1 13326016 93020 2.5 31 13 4 14 53% 18432 4726 1600 108%
c - 1134.32 44 23 91 738 305980 1 13353164 93162 2.5 30 12 4 14 53% 18432 4726 1600 108%
c u 1136.11 47 23 91 738 305987 1 13363430 99132 2.5 30 12 4 14 53% 18432 4726 1600 108%
c v 1137.28 47 23 91 738 305987 1 13363430 95294 2.5 30 12 4 14 53% 18432 4726 1600 108%
c
c   seconds    switched       rate            size/glue  tier1     binary        remaining
c           MB   reductions      conflicts          size   tier2      irredundant
c            level      restarts         redundant     glue    trail        variables
c
c w 1137.69 47 23 91 738 305987 1 13363430 91978 2.5 30 12 4 14 53% 18432 4726 1600 108%
c - 1139.21 41 22 91 739 305995 1 13380330 83181 2.5 30 12 4 14 52% 18432 4726 1600 108%
c - 1141.64 43 22 91 740 305999 1 13407514 88747 2.5 29 12 4 14 52% 18433 4726 1600 108%
c - 1143.78 43 22 91 741 306011 1 13434717 87097 2.6 31 12 4 14 53% 18433 4726 1600 108%
c - 1146.04 43 22 91 742 306026 1 13461939 85671 2.7 32 12 4 14 53% 18433 4726 1600 108%
c - 1148.59 43 22 91 743 306028 1 13489182 86983 2.7 33 12 4 14 53% 18433 4726 1600 108%
c - 1151.06 41 22 91 744 306028 1 13516441 86664 2.8 34 12 4 14 53% 18433 4726 1600 108%
c - 1153.78 43 22 91 745 306043 1 13543718 87352 2.8 34 12 4 14 52% 18433 4726 1600 108%
c - 1156.04 43 22 91 746 306056 1 13571014 88926 2.8 34 12 4 14 52% 18433 4726 1600 108%
c - 1158.34 43 23 91 747 306059 1 13598331 85836 2.8 35 13 4 14 52% 18433 4726 1600 108%
c - 1160.78 43 24 91 748 306074 1 13625663 83066 2.8 36 13 4 14 52% 18433 4726 1600 108%
c - 1163.43 43 23 91 749 306087 1 13653013 84892 2.8 36 13 4 14 52% 18433 4726 1600 108%
c - 1166.02 41 23 91 750 306090 1 13680380 87862 2.8 36 13 4 14 52% 18433 4726 1600 108%
c ] 1166.60 40 23 92 750 306091 1 13686275 93624 2.9 36 13 4 14 52% 18433 4726 1600 108%
c { 1166.60 40 15 92 750 306091 2 13686275 93624 1.9 17 9 3 10 51% 18433 4726 1600 108%
c - 1168.45 43 15 92 751 306870 2 13707767 90279 1.9 17 9 3 10 51% 18434 4726 1600 108%
c - 1170.98 43 15 92 752 308410 2 13735171 92297 1.8 17 9 3 10 51% 18435 4726 1600 108%
c u 1173.87 43 15 92 752 309298 2 13756621 109395 1.9 17 9 3 10 51% 18437 4726 1600 108%
c v 1175.14 47 15 92 752 309298 2 13756621 100492 1.9 17 9 3 10 51% 18437 4726 1600 108%
c w 1175.59 47 15 92 752 309298 2 13756621 99343 1.9 17 9 3 10 51% 18437 4726 1600 108%
c
c   seconds    switched       rate            size/glue tier1     binary        remaining
c           MB   reductions      conflicts          size  tier2      irredundant
c            level      restarts         redundant    glue    trail        variables
c
c - 1176.12 43 15 92 753 309471 2 13762593 85558 1.9 17 9 3 10 51% 18437 4726 1600 108%
c - 1178.33 43 15 92 754 310705 2 13790037 90060 1.9 17 9 3 10 51% 18437 4726 1600 108%
c o 1179.06 43 15 92 754 310925 2 13799588 98386 1.9 17 9 3 10 51% 18437 4726 1600 108%
c - 1180.67 44 15 92 755 312076 2 13817496 91511 1.8 17 9 3 10 51% 18437 4726 1600 108%
c - 1182.90 44 15 92 756 312970 2 13844975 92128 1.8 17 9 3 10 51% 18437 4726 1600 108%
c - 1185.28 43 15 92 757 314229 2 13872471 93244 1.8 17 9 3 10 51% 18437 4726 1600 108%
c - 1187.71 43 15 92 758 315765 2 13899984 93627 1.9 17 9 3 10 51% 18437 4726 1600 108%
c - 1190.00 43 15 92 759 316851 2 13927515 93943 1.9 17 9 3 10 51% 18437 4726 1600 108%
c - 1192.30 43 15 92 760 317845 2 13955064 93924 1.9 17 9 3 10 51% 18439 4726 1600 108%
c - 1194.69 43 15 92 761 319313 2 13982633 93934 1.9 17 9 3 10 51% 18439 4726 1600 108%
c - 1197.08 44 15 92 762 320464 2 14010220 94378 1.9 17 9 3 10 51% 18439 4726 1600 108%
c - 1199.44 44 15 92 763 321810 2 14037825 95332 1.9 17 9 3 10 51% 18439 4726 1600 108%
c - 1201.83 44 15 92 764 323321 2 14065448 95814 1.9 17 9 3 10 51% 18439 4726 1600 108%
c - 1204.14 43 15 92 765 324279 2 14093088 95513 1.9 17 9 3 10 51% 18440 4726 1600 108%
c } 1205.35 43 15 93 765 324806 2 14108280 108585 1.9 17 9 3 10 51% 18441 4726 1600 108%
c [ 1205.35 43 23 93 765 324806 1 14108280 108585 2.9 36 13 4 14 52% 18441 4726 1600 108%
c B 1205.35 43 23 93 765 324806 1 14108280 108585 2.9 36 13 4 14 52% 18441 4726 1600 108%
c - 1206.14 44 24 93 766 324813 1 14120746 91868 2.8 36 13 4 14 53% 18441 4726 1600 108%
c - 1208.39 44 24 93 767 324826 1 14148422 87551 2.8 37 13 4 14 53% 18441 4726 1600 108%
c u 1209.97 43 24 93 767 324830 1 14156027 91679 2.8 37 13 4 14 53% 18444 4726 1600 108%
c
c   seconds    switched       rate            size/glue  tier1     binary        remaining
c           MB   reductions      conflicts          size   tier2      irredundant
c            level      restarts         redundant     glue    trail        variables
c
c v 1211.17 44 24 93 767 324830 1 14156027 90596 2.8 37 13 4 14 53% 18444 4726 1600 108%
c w 1211.63 47 24 93 767 324830 1 14156027 89583 2.8 37 13 4 14 53% 18444 4726 1600 108%
c - 1213.22 43 23 93 768 324836 1 14176116 85578 2.7 35 13 4 14 54% 18444 4726 1600 108%
c - 1215.60 43 22 93 769 324845 1 14203829 88487 2.6 33 13 4 14 54% 18444 4726 1600 108%
c - 1218.14 44 21 93 770 324858 1 14231559 90640 2.5 31 12 4 14 54% 18444 4726 1600 108%
c - 1220.39 44 21 93 771 324867 1 14259309 92327 2.4 30 12 4 14 54% 18444 4726 1600 108%
c - 1222.75 43 20 93 772 324868 1 14287076 91136 2.4 29 12 4 14 54% 18444 4726 1600 108%
c - 1225.17 43 20 93 773 324875 1 14314860 90520 2.4 29 12 4 14 54% 18444 4726 1600 108%
c o 1225.82 40 20 93 773 324880 1 14322480 97749 2.4 29 12 4 14 54% 18444 4726 1600 108%
c - 1227.86 41 21 93 774 324887 1 14342662 89878 2.3 29 12 4 14 54% 18444 4726 1600 108%
c - 1230.20 43 21 93 775 324898 1 14370484 89625 2.3 29 13 4 14 53% 18444 4726 1600 108%
c - 1232.66 43 20 93 776 324906 1 14398324 89451 2.2 28 12 4 14 53% 18444 4726 1600 108%
c - 1234.89 44 19 93 777 324920 1 14426180 92570 2.2 26 12 4 14 53% 18444 4726 1600 108%
c - 1237.24 44 19 93 778 324930 1 14454054 94170 2.1 25 12 4 14 53% 18444 4726 1600 108%
c - 1239.56 43 19 93 779 324931 1 14481946 92825 2.2 26 12 4 14 53% 18444 4726 1600 108%
c W 1240.40 36 19 93 779 324931 1 14491449 102021 2.3 27 12 4 14 53% 18444 4726 1600 108%
c - 1241.98 36 19 93 780 324932 1 14509857 93231 2.3 27 12 4 14 53% 18444 4726 1600 108%
c ] 1242.97 36 19 94 780 324932 1 14521329 103972 2.3 27 12 4 14 53% 18444 4726 1600 108%
c { 1242.97 36 15 94 780 324932 2 14521329 103972 1.9 17 9 3 10 51% 18444 4726 1600 108%
c - 1244.40 36 15 94 781 325434 2 14537786 94793 1.9 17 9 3 10 51% 18444 4726 1600 108%
c
c   seconds    switched       rate             size/glue tier1     binary        remaining
c           MB   reductions      conflicts           size  tier2      irredundant
c            level      restarts         redundant     glue    trail        variables
c
c u 1247.62 47 15 94 781 326521 2 14561668 113528 1.9 17 9 3 10 51% 18445 4726 1600 108%
c v 1248.96 49 15 94 781 326521 2 14561668 110272 1.9 17 9 3 10 51% 18445 4726 1600 108%
c w 1249.44 49 15 94 781 326521 2 14561668 104602 1.9 17 9 3 10 51% 18445 4726 1600 108%
c - 1249.89 43 15 94 782 326772 2 14565732 89415 1.9 17 9 3 10 51% 18446 4726 1600 108%
c - 1252.18 43 15 94 783 327985 2 14593697 92510 1.9 17 9 3 10 51% 18447 4726 1600 108%
c - 1254.41 44 15 94 784 328847 2 14621682 93383 1.9 17 9 3 10 51% 18448 4726 1600 108%
c - 1256.91 43 15 94 785 330414 2 14649683 93729 1.9 17 9 3 10 51% 18448 4726 1600 108%
c - 1259.32 43 15 94 786 331975 2 14677701 94005 1.9 17 9 3 10 51% 18448 4726 1600 108%
c - 1261.76 44 15 94 787 333371 2 14705738 94683 1.8 17 9 3 10 51% 18448 4726 1600 108%
c - 1264.21 44 15 94 788 334724 2 14733792 94681 1.8 17 9 3 10 51% 18448 4726 1600 108%
c - 1266.40 43 15 94 789 335463 2 14761863 95355 1.8 17 9 3 10 51% 18448 4726 1600 108%
c - 1268.68 44 15 94 790 336381 2 14789953 96179 1.9 17 9 3 10 51% 18448 4726 1600 108%
c - 1271.23 44 15 94 791 337994 2 14818059 96303 1.9 17 9 3 10 51% 18448 4726 1600 108%
c o 1272.65 44 15 94 791 339037 2 14833806 110710 1.9 17 9 3 10 51% 18448 4726 1600 108%
c - 1273.84 44 15 94 792 339826 2 14846183 96689 1.9 17 9 3 10 51% 18448 4726 1600 108%
c - 1276.32 44 15 94 793 340961 2 14874327 97368 1.9 17 9 3 10 51% 18448 4726 1600 108%
c - 1278.78 44 15 94 794 342205 2 14902487 97678 1.9 17 9 3 10 51% 18448 4726 1600 108%
c - 1281.14 44 15 94 795 343279 2 14930665 97665 1.9 17 9 3 10 51% 18448 4726 1600 108%
c - 1283.49 44 15 94 796 344043 2 14958862 97869 1.9 17 9 3 10 51% 18448 4726 1600 108%
c } 1283.59 41 15 95 796 344045 2 14960314 98974 1.9 17 9 3 10 51% 18448 4726 1600 108%
c
c   seconds    switched       rate            size/glue  tier1     binary        remaining
c           MB   reductions      conflicts          size   tier2      irredundant
c            level      restarts         redundant     glue    trail        variables
c
c [ 1283.59 41 19 95 796 344045 1 14960314 98974 2.3 27 12 4 14 53% 18448 4726 1600 108%
c I 1283.59 41 19 95 796 344045 1 14960314 98974 2.3 27 12 4 14 53% 18448 4726 1600 108%
c u 1285.57 44 20 95 796 344052 1 14973556 108486 2.4 29 12 4 14 53% 18450 4726 1600 108%
c v 1286.87 47 20 95 796 344052 1 14973556 102153 2.4 29 12 4 14 53% 18450 4726 1600 108%
c w 1287.34 47 20 95 796 344052 1 14973556 100807 2.4 29 12 4 14 53% 18450 4726 1600 108%
c - 1288.36 43 20 95 797 344059 1 14987075 88981 2.4 29 12 4 14 53% 18450 4726 1600 108%
c - 1290.58 44 19 95 798 344073 1 15015307 91523 2.5 30 12 4 14 53% 18450 4726 1600 108%
c - 1293.12 43 19 95 799 344077 1 15043556 95394 2.5 29 12 4 14 53% 18450 4726 1600 108%
c - 1295.47 44 19 95 800 344090 1 15071822 97538 2.6 30 11 4 14 53% 18450 4726 1600 108%
c - 1297.94 43 19 95 801 344105 1 15100109 96120 2.6 30 12 4 14 53% 18450 4726 1600 108%
c - 1300.58 45 20 95 802 344107 1 15128411 94878 2.6 30 12 4 14 53% 18450 4726 1600 108%
c - 1303.36 43 19 95 803 344107 1 15156730 96458 2.6 30 11 4 14 53% 18450 4726 1600 108%
c - 1305.87 44 20 95 804 344122 1 15185067 95496 2.6 31 12 4 14 53% 18451 4726 1600 108%
c - 1308.46 43 21 95 805 344136 1 15213421 90558 2.6 32 12 4 14 53% 18451 4726 1600 108%
c - 1311.13 44 24 95 806 344141 1 15241796 86164 2.5 33 13 4 14 53% 18451 4726 1600 108%
c - 1313.56 44 25 95 807 344153 1 15270186 85721 2.7 36 13 4 14 53% 18451 4726 1600 108%
c - 1315.94 45 26 95 808 344168 1 15298593 88564 2.9 40 14 4 14 53% 18451 4726 1600 108%
c - 1318.60 45 27 95 809 344170 1 15327018 86691 3.0 42 14 4 14 53% 18451 4726 1600 108%
c - 1321.01 45 31 95 810 344171 1 15355461 83346 3.1 46 15 4 14 53% 18451 4726 1600 108%
c B 1321.72 45 31 95 810 344171 1 15363969 91766 3.1 46 15 4 14 53% 18451 4726 1600 108%
c
c   seconds    switched       rate            size/glue  tier1     binary        remaining
c           MB   reductions      conflicts          size   tier2      irredundant
c            level      restarts         redundant     glue    trail        variables
c
c o 1321.72 45 31 95 810 344171 1 15363969 91766 3.1 46 15 4 14 53% 18451 4726 1600 108%
c ] 1322.87 45 39 96 810 344171 1 15375841 103469 2.8 47 17 4 14 53% 18451 4726 1600 108%
c { 1322.87 45 15 96 810 344171 2 15375841 103469 1.9 17 9 3 10 51% 18451 4726 1600 108%
c - 1323.75 45 15 96 811 344411 2 15383923 81682 1.9 17 9 3 10 51% 18451 4726 1600 108%
c u 1325.59 45 15 96 811 344817 2 15391709 83150 1.9 17 9 3 10 51% 18472 4726 1600 108%
c v 1326.86 46 15 96 811 344817 2 15391709 79537 1.9 17 9 3 10 51% 18472 4726 1600 108%
c w 1327.33 46 15 96 811 344817 2 15391709 79218 1.9 17 9 3 10 51% 18472 4726 1600 108%
c t 1327.34 46 15 96 811 344817 2 15391709 79218 1.9 17 9 3 10 51% 18450 4726 1600 108%
c - 1329.24 45 15 96 812 345686 2 15412401 81490 1.9 18 9 3 10 51% 18450 4726 1600 108%
c - 1331.73 45 15 96 813 346809 2 15440897 92210 2.0 18 9 3 10 51% 18452 4726 1600 108%
c - 1334.04 45 15 96 814 347831 2 15469410 95648 1.9 17 9 3 10 51% 18452 4726 1600 108%
c - 1336.66 45 15 96 815 349646 2 15497940 96359 1.9 17 9 3 10 51% 18453 4726 1600 108%
c - 1339.19 46 15 96 816 350830 2 15526489 97253 1.9 18 9 3 10 51% 18453 4726 1600 108%
c - 1341.70 46 15 96 817 351969 2 15555055 97873 1.9 18 9 3 10 51% 18453 4726 1600 108%
c - 1344.20 46 15 96 818 353236 2 15583640 92201 1.9 17 9 2 10 51% 18454 4726 1600 108%
c - 1346.62 46 15 96 819 354451 2 15612244 91219 2.0 18 9 2 10 51% 18455 4726 1600 108%
c - 1349.03 46 15 96 820 355671 2 15640863 90049 1.9 17 9 2 10 51% 18455 4726 1600 108%
c - 1351.14 45 15 96 821 356469 2 15669499 89278 1.9 17 9 2 10 51% 18455 4726 1600 108%
c - 1353.46 45 15 96 822 357791 2 15698152 88841 1.9 17 9 2 10 51% 18457 4726 1600 108%
c - 1355.34 45 14 96 823 358342 2 15726822 88614 1.9 16 9 2 10 52% 18457 4726 1600 108%
c
c   seconds    switched       rate            size/glue tier1     binary        remaining
c           MB   reductions      conflicts          size  tier2      irredundant
c            level      restarts         redundant    glue    trail        variables
c
c - 1357.65 46 14 96 824 359916 2 15755509 88429 1.9 16 9 2 10 51% 18457 4726 1600 108%
c - 1359.88 46 14 96 825 361309 2 15784215 88381 1.9 16 9 2 10 51% 18457 4726 1600 108%
c - 1362.09 46 14 96 826 362413 2 15812939 88727 1.9 16 9 2 10 51% 18459 4726 1600 108%
c u 1363.21 45 14 96 826 362492 2 15816136 88072 1.9 16 9 2 10 51% 18494 4726 1600 108%
c v 1364.55 45 14 96 826 362492 2 15816136 71193 1.9 16 9 2 10 51% 18499 4726 1600 108%
c w 1364.97 45 14 96 826 362492 2 15816136 69709 1.9 16 9 2 10 51% 18499 4726 1600 108%
c t 1364.99 45 14 96 826 362492 2 15816136 69709 1.9 16 9 2 10 51% 18473 4726 1600 108%
c } 1366.20 45 15 97 826 363548 2 15832107 84041 1.9 16 9 2 10 51% 18473 4726 1600 108%
c [ 1366.20 45 39 97 826 363548 1 15832107 84041 2.8 47 17 4 14 53% 18473 4726 1600 108%
c W 1366.36 38 39 97 826 363548 1 15832107 84041 2.8 47 17 4 14 53% 18473 4726 1600 108%
c - 1366.95 38 38 97 827 363554 1 15841680 71611 2.8 46 17 4 14 53% 18473 4726 1600 108%
c - 1368.93 38 35 97 828 363567 1 15870438 73717 2.7 44 16 4 14 53% 18473 4726 1600 108%
c - 1371.12 38 33 97 829 363578 1 15899212 72344 2.8 43 16 4 14 53% 18473 4726 1600 108%
c - 1373.52 38 30 97 830 363587 1 15928006 74918 2.7 41 15 4 14 53% 18473 4726 1600 108%
c o 1373.79 38 30 97 830 363590 1 15931549 78400 2.7 41 15 4 14 53% 18473 4726 1600 108%
c - 1375.78 38 28 97 831 363600 1 15956818 78929 2.7 38 14 4 14 53% 18473 4726 1600 108%
c - 1378.07 38 25 97 832 363609 1 15985647 82492 2.6 35 13 4 14 52% 18473 4726 1600 108%
c - 1380.25 38 24 97 833 363610 1 16014493 82642 2.5 32 13 4 14 52% 18474 4726 1600 108%
c - 1382.41 38 22 97 834 363620 1 16043356 82134 2.4 31 13 4 14 52% 18474 4726 1600 108%
c - 1384.77 38 21 97 835 363632 1 16072236 83980 2.3 29 12 4 14 52% 18474 4726 1600 108%
c
c   seconds    switched       rate            size/glue  tier1     binary        remaining
c           MB   reductions      conflicts          size   tier2      irredundant
c            level      restarts         redundant     glue    trail        variables
c
c - 1387.03 38 21 97 836 363641 1 16101132 85850 2.5 30 12 4 14 52% 18475 4726 1600 108%
c - 1389.29 38 22 97 837 363654 1 16130048 80388 2.5 31 13 4 14 52% 18475 4726 1600 108%
c - 1391.72 38 22 97 838 363666 1 16158978 77496 2.6 32 12 4 14 52% 18475 4726 1600 108%
c - 1394.32 38 21 97 839 363672 1 16187926 83804 2.7 32 12 4 14 52% 18475 4726 1600 108%
c - 1396.96 38 21 97 840 363673 1 16216891 84500 2.6 31 12 4 14 52% 18475 4726 1600 108%
c - 1399.36 38 22 97 841 363674 1 16245874 81893 2.6 31 12 4 14 52% 18475 4726 1600 108%
c u 1400.39 38 22 97 841 363674 1 16246826 80169 2.6 31 12 4 14 52% 18482 4726 1600 108%
c v 1401.79 47 22 97 841 363674 1 16246826 78560 2.6 31 12 4 14 52% 18482 4726 1600 108%
c w 1402.26 49 22 97 841 363674 1 16246826 78511 2.6 31 12 4 14 52% 18482 4726 1600 108%
c O 1403.07 45 22 97 841 363674 1 16256632 88095 2.6 31 12 4 14 52% 18482 4726 1600 108%
c - 1404.51 45 22 97 842 363674 1 16274874 77790 2.5 30 12 4 14 52% 18483 4726 1600 108%
c ] 1405.33 45 22 98 842 363674 1 16286829 89396 2.5 30 12 4 14 52% 18483 4726 1600 108%
c { 1405.33 45 15 98 842 363674 2 16286829 89396 1.9 16 9 2 10 51% 18483 4726 1600 108%
c - 1406.55 45 14 98 843 363688 2 16303891 78273 1.8 16 9 2 10 51% 18483 4726 1600 108%
c - 1408.52 45 13 98 844 363774 2 16332925 78174 1.8 15 8 2 10 51% 18483 4726 1600 108%
c - 1410.58 45 12 98 845 363845 2 16361977 77669 1.8 15 8 2 10 51% 18484 4726 1600 108%
c - 1412.41 45 11 98 846 363971 1 16391047 77094 1.8 14 8 2 10 51% 18484 4726 1600 108%
c - 1414.29 45 10 98 847 364255 1 16420133 77309 1.8 14 8 2 10 52% 18485 4726 1600 108%
c - 1416.19 45 10 98 848 364484 1 16449236 77826 1.8 13 7 2 10 52% 18487 4726 1600 108%
c o 1417.64 45 10 98 848 364749 1 16471754 94561 1.8 13 7 2 10 52% 18488 4726 1600 108%
c
c   seconds    switched       rate            size/glue tier1     binary        remaining
c           MB   reductions      conflicts          size  tier2      irredundant
c            level      restarts         redundant    glue    trail        variables
c
c - 1418.05 45 10 98 849 364784 1 16478356 78137 1.7 13 7 2 10 52% 18488 4726 1600 108%
c - 1419.92 45 9 98 850 365233 1 16507495 77881 1.7 12 7 2 10 52% 18489 4726 1600 108%
c - 1421.75 45 9 98 851 365891 1 16536651 77907 1.7 12 7 2 10 52% 18490 4726 1600 108%
c - 1423.61 45 9 98 852 366306 1 16565823 77232 1.7 12 7 2 10 52% 18493 4726 1600 108%
c - 1425.69 45 9 98 853 367406 1 16595012 77661 1.7 12 7 2 10 52% 18493 4726 1600 108%
c - 1427.78 45 9 98 854 368539 1 16624218 78329 1.7 12 7 2 10 52% 18494 4726 1600 108%
c - 1429.88 45 9 98 855 369784 1 16653441 79091 1.7 12 7 2 10 52% 18497 4726 1600 108%
c - 1431.89 45 9 98 856 370828 1 16682681 79048 1.7 11 7 2 10 52% 18500 4726 1600 108%
c u 1432.65 38 9 98 856 370828 1 16683800 76363 1.7 11 7 2 10 52% 18523 4726 1600 108%
c v 1433.90 38 9 98 856 370828 1 16683800 55449 1.7 11 7 2 10 52% 18522 4726 1600 108%
c w 1434.09 38 9 98 856 370828 1 16683800 55351 1.7 11 7 2 10 52% 18522 4726 1600 108%
c t 1437.74 38 9 98 856 370828 1 16683800 55351 1.7 11 7 2 10 52% 18515 4726 1600 108%
c - 1439.60 27 9 98 857 372263 1 16711938 62275 1.7 11 7 2 9 52% 18515 4726 1600 108%
c - 1441.48 30 8 98 858 373290 1 16741212 72708 1.6 11 7 2 9 52% 18517 4726 1600 108%
c } 1442.71 30 8 99 858 373889 1 16760664 86736 1.6 11 7 2 9 52% 18518 4726 1600 108%
c [ 1442.71 30 22 99 858 373889 1 16760664 86736 2.5 30 12 4 14 52% 18518 4726 1600 108%
c B 1442.71 30 22 99 858 373889 1 16760664 86736 2.5 30 12 4 14 52% 18518 4726 1600 108%
c - 1443.27 30 22 99 859 373895 1 16770503 73499 2.5 31 13 4 14 52% 18518 4726 1600 108%
c - 1445.25 32 23 99 860 373909 1 16799811 70440 2.4 31 13 4 14 53% 18518 4726 1600 108%
c - 1447.42 34 23 99 861 373919 1 16829138 67588 2.4 32 13 4 14 53% 18518 4726 1600 108%
c
c   seconds    switched       rate            size/glue  tier1     binary        remaining
c           MB   reductions      conflicts          size   tier2      irredundant
c            level      restarts         redundant     glue    trail        variables
c
c - 1449.93 34 23 99 862 373929 1 16858480 66781 2.4 33 14 4 14 53% 18518 4726 1600 108%
c - 1452.20 34 24 99 863 373942 1 16887839 66729 2.4 33 14 4 14 53% 18518 4726 1600 108%
c - 1454.32 34 25 99 864 373950 1 16917216 63638 2.4 36 15 4 14 53% 18518 4726 1600 108%
c - 1456.68 34 26 99 865 373951 1 16946609 60696 2.5 38 15 4 14 54% 18518 4726 1600 108%
c - 1459.16 34 26 99 866 373964 1 16976019 62861 2.6 39 15 4 14 54% 18518 4726 1600 108%
c - 1461.70 34 26 99 867 373976 1 17005446 65624 2.6 39 15 4 14 53% 18518 4726 1600 108%
c - 1464.22 34 25 99 868 373982 1 17034892 68450 2.6 38 15 4 14 53% 18518 4726 1600 108%
c - 1466.89 34 23 99 869 373997 1 17064353 71907 2.5 36 14 4 14 53% 18518 4726 1600 108%
c - 1469.26 36 24 99 870 374011 1 17093834 69924 2.5 37 15 4 14 53% 18518 4726 1600 108%
c - 1471.83 36 24 99 871 374014 1 17123329 66537 2.6 38 15 4 14 53% 18518 4726 1600 108%
c u 1472.80 36 24 99 871 374014 1 17127045 68764 2.6 38 15 4 14 53% 18525 4726 1600 108%
c v 1473.62 36 24 99 871 374014 1 17127045 67707 2.6 38 15 4 14 53% 18525 4726 1600 108%
c w 1473.96 47 24 99 871 374014 1 17127045 66181 2.6 38 15 4 14 53% 18525 4726 1600 108%
c x 1474.03 47 24 99 871 374014 1 17127045 66178 2.6 38 15 4 14 53% 18525 4726 1600 108%
c o 1474.04 47 24 99 871 374014 1 17127045 66178 2.6 38 15 4 14 53% 18525 4726 1600 108%
c - 1476.29 43 40 99 872 374014 1 17152841 60330 2.2 40 18 4 14 53% 18525 4726 1600 108%
c ] 1477.15 43 44 100 872 374015 1 17163547 70930 2.2 40 18 4 14 53% 18525 4726 1600 108%
c { 1477.15 43 8 100 872 374015 1 17163547 70930 1.6 11 7 2 9 52% 18525 4726 1600 108%
c - 1479.41 43 10 100 873 377042 2 17182370 62577 1.7 12 7 2 9 52% 18525 4726 1600 108%
c - 1482.02 41 12 100 874 380383 2 17211917 75330 1.7 14 8 2 9 52% 18525 4726 1600 108%
c
c   seconds    switched        rate            size/glue tier1    binary        remaining
c           MB    reductions      conflicts          size  tier2     irredundant
c            level       restarts         redundant    glue   trail        variables
c
c - 1484.45 43 13 100 875 382733 2 17241480 81822 1.8 14 8 2 9 52% 18525 4726 1600 108%
c - 1486.75 43 14 100 876 384646 2 17271060 83736 1.8 15 8 2 9 52% 18527 4726 1600 108%
c - 1488.50 43 13 100 877 384811 2 17300657 84754 1.8 14 8 2 9 52% 18536 4726 1600 108%
c i 1489.61 43 12 100 877 384856 2 17317591 99311 1.8 14 8 2 9 52% 18550 4726 1599 107%
c - 1490.59 34 13 100 878 385950 2 17330271 44095 1.8 14 8 2 9 52% 18461 4726 1599 107%
c - 1492.58 33 13 100 879 388124 2 17359904 63834 1.8 14 8 2 9 52% 18465 4726 1599 107%
c - 1494.74 37 14 100 880 390354 2 17389552 79241 1.8 15 8 2 9 52% 18465 4726 1599 107%
c - 1497.06 38 14 100 881 392636 2 17419217 83246 1.8 16 9 2 9 52% 18465 4726 1599 107%
c - 1499.11 38 14 100 882 393694 2 17448899 84678 1.8 15 8 2 9 52% 18466 4726 1599 107%
c i 1500.71 38 13 100 882 393733 2 17474409 106580 1.8 15 8 2 9 52% 18478 4726 1598 107%
c - 1501.10 34 14 100 883 394253 2 17478597 43651 1.8 15 8 2 9 52% 18393 4726 1598 107%
c - 1503.06 33 14 100 884 395806 2 17508313 58490 1.8 15 8 2 9 52% 18394 4726 1598 107%
c - 1505.17 37 14 100 885 397638 2 17538045 78088 1.8 15 8 2 9 52% 18395 4726 1598 107%
c - 1507.53 38 15 100 886 399847 2 17567793 83195 1.8 16 9 2 9 52% 18395 4726 1598 107%
c u 1508.89 38 15 100 886 400256 2 17576596 88539 1.8 16 9 2 9 52% 18396 4716 1598 107%
c v 1510.39 39 15 100 886 400256 2 17576596 72067 1.8 16 9 2 9 52% 18396 4716 1598 107%
c w 1510.81 39 15 100 886 400256 2 17576596 71218 1.8 16 9 2 9 52% 18396 4716 1598 107%
c t 1510.82 39 15 100 886 400256 2 17576596 71218 1.8 16 9 2 9 52% 18342 4716 1598 107%
c - 1512.41 38 15 100 887 401568 2 17597558 72843 1.8 16 9 2 9 52% 18342 4716 1598 107%
c - 1514.58 38 15 100 888 403053 2 17627344 79527 1.8 16 9 2 9 52% 18343 4716 1598 107%
c
c   seconds    switched        rate             size/glue tier1    binary        remaining
c           MB    reductions      conflicts           size  tier2     irredundant
c            level       restarts         redundant     glue   trail        variables
c
c } 1516.49 38 14 101 888 403819 2 17655245 103770 1.8 16 9 2 9 52% 18343 4716 1598 107%
c [ 1516.49 38 44 101 888 403819 1 17655245 103770 2.2 40 18 4 14 53% 18343 4716 1598 107%
c W 1516.92 31 44 101 888 403819 1 17655245 103770 2.2 40 18 4 14 53% 18343 4716 1598 107%
c - 1517.06 31 44 101 889 403820 1 17657144 82297 2.2 40 18 4 14 53% 18343 4716 1598 107%
c - 1519.08 34 38 101 890 403833 1 17686962 81745 2.2 37 17 4 14 53% 18343 4716 1598 107%
c - 1521.58 34 33 101 891 403848 1 17716796 79718 2.2 35 16 4 14 53% 18343 4716 1598 107%
c - 1524.02 36 32 101 892 403856 1 17746645 77006 2.3 34 15 4 14 53% 18343 4716 1598 107%
c o 1526.37 36 29 101 892 403869 1 17775151 104591 2.3 34 14 4 14 53% 18343 4716 1598 107%
c - 1526.51 36 29 101 893 403870 1 17776511 75013 2.3 34 15 4 14 53% 18343 4716 1598 107%
c - 1529.02 36 26 101 894 403880 1 17806394 79244 2.3 32 14 4 14 53% 18343 4716 1598 107%
c - 1531.49 36 24 101 895 403881 1 17836294 82141 2.3 30 13 4 14 53% 18343 4716 1598 107%
c - 1533.95 36 23 101 896 403890 1 17866212 82947 2.3 29 13 4 14 53% 18344 4716 1598 107%
c e 1535.88 36 22 101 896 403901 1 17890048 105656 2.3 29 12 4 14 53% 18359 4716 1597 107%
c - 1536.34 36 22 101 897 403903 1 17896148 81112 2.3 29 12 4 14 53% 18359 4716 1597 107%
c - 1538.58 36 21 101 898 403912 1 17926101 83639 2.4 29 12 4 14 53% 18359 4716 1597 107%
c - 1541.02 36 21 101 899 403926 1 17956067 83231 2.5 30 12 4 14 53% 18359 4716 1597 107%
c - 1543.64 36 20 101 900 403940 1 17986050 82917 2.6 31 12 4 14 53% 18359 4716 1597 107%
c - 1546.65 36 19 101 901 403944 1 18016050 85981 2.5 29 12 4 14 53% 18359 4716 1597 107%
c u 1548.88 47 18 101 901 403944 1 18032851 98891 2.5 28 11 4 14 53% 18359 4716 1597 107%
c v 1550.52 43 18 101 901 403944 1 18032851 79302 2.5 28 11 4 14 53% 18360 4716 1597 107%
c
c   seconds    switched        rate            size/glue  tier1     binary        remaining
c           MB    reductions      conflicts          size   tier2      irredundant
c            level       restarts         redundant     glue    trail        variables
c
c w 1551.04 43 18 101 901 403944 1 18032851 52374 2.5 28 11 4 14 53% 18360 4716 1597 107%
c f 1551.05 43 18 101 901 403944 1 18032851 52374 2.5 28 11 4 14 53% 18340 4716 1598 107%
c u 1551.60 44 18 101 901 403944 1 18032851 51808 2.5 28 11 4 14 53% 18340 4716 1598 107%
c v 1553.23 44 18 101 901 403944 1 18032851 43868 2.5 28 11 4 14 53% 18340 4716 1598 107%
c w 1553.70 44 18 101 901 403944 1 18032851 43362 2.5 28 11 4 14 53% 18340 4716 1598 107%
c - 1554.66 30 20 101 902 403944 1 18046067 44186 2.5 29 12 4 14 53% 18340 4716 1598 107%
c - 1556.70 38 22 101 903 403945 1 18076101 59505 2.6 31 12 4 14 53% 18340 4716 1598 107%
c ] 1558.02 36 23 102 903 403945 1 18093421 76550 2.7 33 12 4 14 53% 18340 4716 1598 107%
c { 1558.02 36 14 102 903 403945 2 18093421 76550 1.8 16 9 2 9 52% 18340 4716 1598 107%
c - 1560.10 41 18 102 904 406139 3 18106150 67652 1.9 18 10 2 9 52% 18340 4716 1598 107%
c - 1565.81 43 24 102 905 411340 4 18136216 65025 2.0 23 11 2 9 52% 18340 4716 1598 107%
c - 1571.37 43 28 102 906 415858 5 18166301 62216 2.0 26 13 2 9 51% 18340 4716 1598 107%
c - 1576.19 43 29 102 907 419058 5 18196400 65128 2.1 28 13 2 9 52% 18340 4716 1598 107%
c - 1580.89 43 31 102 908 421770 5 18226518 68520 2.2 30 14 2 9 52% 18340 4716 1598 107%
c - 1584.95 43 31 102 909 423659 4 18256651 71481 2.3 32 14 2 9 52% 18340 4716 1598 107%
c - 1589.76 43 31 102 910 426178 4 18286803 72527 2.4 33 14 2 9 51% 18340 4716 1598 107%
c - 1593.80 43 31 102 911 427897 4 18316969 72332 2.4 34 14 2 9 52% 18340 4716 1598 107%
c o 1597.81 43 31 102 911 429581 4 18345326 99962 2.5 35 14 2 9 52% 18340 4716 1598 107%
c - 1598.14 43 31 102 912 429690 4 18347152 73019 2.5 35 14 2 9 52% 18340 4716 1598 107%
c - 1601.74 41 30 102 913 430732 4 18377351 75465 2.5 34 14 2 10 52% 18340 4716 1598 107%
c
c   seconds    switched        rate            size/glue  tier1     binary        remaining
c           MB    reductions      conflicts          size   tier2      irredundant
c            level       restarts         redundant     glue    trail        variables
c
c - 1606.59 43 31 102 914 433134 4 18407568 76352 2.5 35 14 2 10 52% 18341 4716 1598 107%
c - 1610.96 41 31 102 915 435037 4 18437801 74007 2.5 35 14 2 10 52% 18341 4716 1598 107%
c - 1615.35 43 31 102 916 436891 4 18468049 74064 2.5 35 14 2 10 52% 18341 4716 1598 107%
c u 1620.61 43 31 102 916 438571 4 18495469 99343 2.5 36 14 2 10 52% 18363 4716 1598 107%
c v 1623.53 47 31 102 916 438571 4 18495469 97429 2.5 36 14 2 10 52% 18363 4716 1598 107%
c w 1624.40 49 31 102 916 438571 4 18495469 96623 2.5 36 14 2 10 52% 18363 4716 1598 107%
c t 1624.42 49 31 102 916 438571 4 18495469 96623 2.5 36 14 2 10 52% 18346 4716 1598 107%
c - 1624.97 41 31 102 917 438712 4 18498315 70943 2.5 36 14 2 10 52% 18346 4716 1598 107%
c - 1628.84 43 31 102 918 440045 4 18528598 73003 2.5 36 14 2 10 52% 18346 4716 1598 107%
c - 1633.05 43 31 102 919 441716 3 18558897 74812 2.5 36 14 2 10 52% 18346 4716 1598 107%
c - 1637.47 43 31 102 920 443358 3 18589213 74812 2.5 36 14 2 10 52% 18346 4716 1598 107%
c } 1639.06 43 30 103 920 443720 3 18603273 88160 2.5 36 14 2 10 52% 18346 4716 1598 107%
c [ 1639.06 43 23 103 920 443720 1 18603273 88160 2.7 33 12 4 14 53% 18346 4716 1598 107%
c I 1639.06 43 23 103 920 443720 1 18603273 88160 2.7 33 12 4 14 53% 18346 4716 1598 107%
c - 1640.54 41 24 103 921 443729 1 18619546 74825 2.7 34 13 4 14 53% 18346 4716 1598 107%
c - 1643.26 43 24 103 922 443743 1 18649893 78253 2.9 36 12 4 14 54% 18346 4716 1598 107%
c - 1646.07 43 23 103 923 443750 1 18680258 81681 3.0 36 12 4 14 53% 18346 4716 1598 107%
c - 1648.53 45 23 103 924 443765 1 18710638 79787 2.9 37 13 4 14 54% 18346 4716 1598 107%
c - 1651.09 45 23 103 925 443779 1 18741035 73294 2.9 38 13 4 14 54% 18346 4716 1598 107%
c - 1653.86 45 23 103 926 443782 1 18771449 73592 2.9 37 13 4 14 54% 18346 4716 1598 107%
c
c   seconds    switched        rate            size/glue  tier1     binary        remaining
c           MB    reductions      conflicts          size   tier2      irredundant
c            level       restarts         redundant     glue    trail        variables
c
c - 1656.63 45 23 103 927 443784 1 18801879 76882 2.8 37 13 4 14 54% 18346 4716 1598 107%
c - 1659.31 45 23 103 928 443797 1 18832325 78293 2.8 36 13 4 14 54% 18346 4716 1598 107%
c - 1661.91 43 22 103 929 443812 1 18862788 80476 2.9 36 13 4 14 54% 18346 4716 1598 107%
c - 1664.54 45 23 103 930 443820 1 18893267 77782 2.9 38 13 4 14 53% 18346 4716 1598 107%
c - 1667.08 45 24 103 931 443835 1 18923762 74831 2.9 38 13 4 14 53% 18346 4716 1598 107%
c - 1669.70 43 24 103 932 443844 1 18954276 77287 2.9 38 13 4 14 53% 18346 4716 1598 107%
c u 1671.59 45 24 103 932 443845 1 18964459 85314 3.0 39 13 4 14 54% 18385 4716 1598 107%
c v 1673.69 46 24 103 932 443845 1 18964459 83092 3.0 39 13 4 14 54% 18388 4716 1598 107%
c w 1674.33 49 24 103 932 443845 1 18964459 81876 3.0 39 13 4 14 54% 18388 4716 1598 107%
c t 1674.35 49 24 103 932 443845 1 18964459 81876 3.0 39 13 4 14 54% 18344 4716 1598 107%
c o 1674.35 49 24 103 932 443845 1 18964459 81876 3.0 39 13 4 14 54% 18344 4716 1598 107%
c - 1675.87 45 26 103 933 443845 1 18984804 73637 2.8 38 13 4 14 53% 18344 4716 1598 107%
c - 1678.38 45 29 103 934 443846 1 19015350 69636 2.8 39 14 4 14 53% 18344 4716 1598 107%
c - 1681.01 45 31 103 935 443846 1 19045913 67530 2.7 39 15 4 14 53% 18344 4716 1598 107%
c B 1683.16 45 32 103 935 443853 1 19070662 91677 2.6 39 15 4 14 53% 18344 4716 1598 107%
c - 1683.60 45 32 103 936 443855 1 19076492 67691 2.6 39 15 4 14 53% 18344 4716 1598 107%
c - 1685.92 45 30 103 937 443868 1 19107086 70987 2.8 40 14 4 14 53% 18344 4716 1598 107%
c - 1688.42 45 28 103 938 443877 1 19137697 76271 2.9 40 14 4 14 53% 18344 4716 1598 107%
c - 1691.50 45 26 103 939 443891 1 19168324 77048 2.9 39 14 4 14 53% 18344 4716 1598 107%
c - 1694.10 45 25 103 940 443906 1 19198968 74174 2.8 39 14 4 14 53% 18344 4716 1598 107%
c
c   seconds    switched        rate            size/glue  tier1     binary        remaining
c           MB    reductions      conflicts          size   tier2      irredundant
c            level       restarts         redundant     glue    trail        variables
c
c - 1697.05 45 24 103 941 443909 1 19229627 73149 2.8 38 14 4 14 54% 18344 4716 1598 107%
c - 1700.15 45 24 103 942 443911 1 19260303 73451 2.7 37 14 4 14 53% 18344 4716 1598 107%
c - 1703.23 45 23 103 943 443924 1 19290995 75449 2.7 37 13 4 14 53% 18344 4716 1598 107%
c - 1706.07 45 22 103 944 443939 1 19321705 81295 2.8 36 13 4 14 53% 18344 4716 1598 107%
c - 1708.62 45 23 103 945 443947 1 19352433 78085 2.8 38 13 4 14 53% 18344 4716 1598 107%
c - 1711.36 45 23 103 946 443962 1 19383173 72895 2.8 38 13 4 14 54% 18344 4716 1598 107%
c - 1714.27 45 23 103 947 443971 1 19413930 75686 2.8 38 13 4 14 53% 18344 4716 1598 107%
c ] 1715.44 45 22 104 947 443972 1 19427015 88395 2.9 38 13 4 14 53% 18344 4716 1598 107%
c { 1715.44 45 30 104 947 443972 3 19427015 88395 2.5 36 14 2 10 52% 18344 4716 1598 107%
c u 1717.67 45 29 104 947 443972 3 19439840 98916 2.6 35 14 2 10 52% 18345 4716 1598 107%
c v 1719.54 51 29 104 947 443972 3 19439840 97836 2.6 35 14 2 10 52% 18345 4716 1598 107%
c w 1720.16 53 29 104 947 443972 3 19439840 96455 2.6 35 14 2 10 52% 18345 4716 1598 107%
c t 1720.18 53 29 104 947 443972 3 19439840 96455 2.6 35 14 2 10 52% 18344 4716 1598 107%
c - 1720.65 45 28 104 948 443979 3 19444705 77965 2.6 35 14 2 10 52% 18344 4716 1598 107%
c - 1722.97 45 25 104 949 443997 3 19475494 85744 2.6 33 12 2 10 52% 18344 4716 1598 107%
c - 1725.37 45 22 104 950 444040 2 19506299 87946 2.6 30 12 2 10 52% 18344 4716 1598 107%
c - 1727.57 45 20 104 951 444081 2 19537121 87346 2.5 28 11 2 10 52% 18344 4716 1598 107%
c o 1728.89 43 19 104 951 444241 2 19555553 104274 2.5 26 11 2 10 52% 18344 4716 1598 107%
c - 1729.81 43 19 104 952 444351 2 19567959 87036 2.5 26 10 2 10 52% 18344 4716 1598 107%
c - 1731.99 46 18 104 953 444622 2 19598813 87283 2.4 24 10 2 10 52% 18344 4716 1598 107%
c
c   seconds    switched        rate            size/glue  tier1     binary        remaining
c           MB    reductions      conflicts          size   tier2      irredundant
c            level       restarts         redundant     glue    trail        variables
c
c - 1734.30 45 17 104 954 445170 2 19629686 87214 2.3 23 10 2 10 52% 18344 4716 1598 107%
c - 1736.43 46 16 104 955 445631 2 19660572 86554 2.2 21 9 2 10 52% 18344 4716 1598 107%
c - 1738.70 45 16 104 956 446453 2 19691476 86356 2.2 20 9 2 10 52% 18344 4716 1598 107%
c - 1740.85 46 15 104 957 447038 2 19722397 86868 2.1 19 9 2 10 52% 18344 4716 1598 107%
c - 1743.16 45 15 104 958 447881 2 19753332 86970 2.1 19 9 2 10 52% 18345 4716 1598 107%
c - 1745.58 46 15 104 959 449200 2 19784284 87158 2.1 18 9 2 10 52% 18345 4716 1598 107%
c - 1747.90 45 14 104 960 450245 2 19815251 87324 2.0 18 9 2 10 52% 18345 4716 1598 107%
c - 1750.13 46 14 104 961 451143 2 19846235 87897 2.0 17 8 2 10 52% 18349 4716 1598 107%
c i 1750.45 43 14 104 961 451147 2 19851146 92089 2.0 17 8 2 10 52% 18361 4716 1597 107%
c - 1752.58 46 14 104 962 453141 2 19877235 71714 2.0 17 8 2 10 52% 18313 4716 1597 107%
c - 1755.13 45 15 104 963 455332 2 19908251 81627 2.0 17 9 2 10 52% 18313 4716 1597 107%
c u 1756.85 45 15 104 963 455779 2 19921630 91096 2.0 17 9 2 10 52% 18313 4712 1597 107%
c v 1758.45 46 15 104 963 455779 2 19921630 79326 2.0 17 9 2 10 52% 18313 4712 1597 107%
c w 1758.89 47 15 104 963 455779 2 19921630 78770 2.0 17 9 2 10 52% 18313 4712 1597 107%
c t 1758.91 47 15 104 963 455779 2 19921630 78770 2.0 17 9 2 10 52% 18243 4712 1597 107%
c - 1760.28 45 15 104 964 456756 2 19939284 76992 2.0 18 9 2 10 52% 18243 4712 1597 107%
c } 1761.56 45 15 105 964 457783 2 19955311 91455 2.0 18 9 2 10 52% 18243 4712 1597 107%
c [ 1761.56 45 22 105 964 457783 1 19955311 91455 2.9 38 13 4 14 53% 18243 4712 1597 107%
c W 1761.92 38 22 105 964 457783 1 19955311 91455 2.9 38 13 4 14 53% 18243 4712 1597 107%
c - 1762.93 38 22 105 965 457792 1 19970332 83240 2.9 36 13 4 14 53% 18243 4712 1597 107%
c
c   seconds    switched        rate            size/glue  tier1     binary        remaining
c           MB    reductions      conflicts          size   tier2      irredundant
c            level       restarts         redundant     glue    trail        variables
c
c - 1765.20 38 20 105 966 457805 1 20001396 85907 2.8 34 12 4 14 53% 18243 4712 1597 107%
c - 1767.86 38 19 105 967 457813 1 20032476 86428 2.7 32 12 4 14 53% 18244 4712 1597 107%
c - 1770.47 38 19 105 968 457828 1 20063572 86776 2.6 30 12 4 14 53% 18244 4712 1597 107%
c - 1773.08 38 19 105 969 457842 1 20094685 84391 2.5 29 12 4 14 53% 18244 4712 1597 107%
c - 1775.77 38 20 105 970 457845 1 20125814 80211 2.4 29 12 4 14 53% 18244 4712 1597 107%
c - 1778.55 38 20 105 971 457849 1 20156962 80455 2.3 28 12 4 14 53% 18244 4712 1597 107%
c - 1781.39 38 19 105 972 457863 1 20188123 86423 2.3 27 12 4 14 53% 18244 4712 1597 107%
c - 1784.00 38 19 105 973 457876 1 20219299 88572 2.4 27 11 4 14 53% 18245 4712 1597 107%
c - 1786.63 38 19 105 974 457886 1 20250491 87381 2.5 28 11 4 14 53% 18245 4712 1597 107%
c - 1789.38 38 19 105 975 457901 1 20281700 86242 2.4 28 11 4 14 53% 18246 4712 1597 107%
c - 1792.26 38 18 105 976 457907 1 20312925 89095 2.6 28 11 4 14 53% 18246 4712 1597 107%
c - 1795.11 38 18 105 977 457908 1 20344165 91522 2.6 29 11 4 14 53% 18246 4712 1597 107%
c - 1797.86 47 18 105 978 457909 1 20375422 91559 2.6 27 11 4 14 53% 18247 4712 1597 107%
c i 1799.14 45 17 105 978 457909 1 20390121 104869 2.5 26 10 4 14 53% 18254 4712 1596 107%
c o 1799.15 45 17 105 978 457909 1 20390121 104869 2.5 26 10 4 14 53% 18254 4712 1596 107%
c caught signal 15 (SIGTERM)
c
c ---- [ profiling ] ---------------------------------------------------------
c
c        1644.42   91.37 %  search
c         832.80   46.27 %  focused
c         811.62   45.10 %  stable
c         155.24    8.63 %  simplify
c         152.19    8.46 %  probe
c         129.71    7.21 %  vivify
c          20.25    1.13 %  sweep
c          15.45    0.86 %  reduce
c           2.86    0.16 %  walking
c           1.30    0.07 %  substitute
c           0.57    0.03 %  transitive
c           0.26    0.01 %  eliminate
c           0.20    0.01 %  factor
c           0.11    0.01 %  backbone
c           0.08    0.00 %  preprocess
c           0.04    0.00 %  congruence
c           0.01    0.00 %  subsume
c           0.01    0.00 %  fastel
c           0.00    0.00 %  parse
c           0.00    0.00 %  lucky
c =============================================
c        1799.74  100.00 %  total
c
c ---- [ statistics ] --------------------------------------------------------
c
c chronological:                           14                0 %  conflicts
c conflicts:                         20398238            11333.99 per second
c decisions:                         37509662                1.84 per conflict
c eliminated:                            3138              211 %  variables
c factored:                              3262              219 %  variables
c fast_eliminated:                       1251               40 %  eliminated
c fast_strengthened:                        7                1 %  per strengthened
c iterations:                               4                0 %  variables
c propagations:                    4285544075          2381201    per second
c reductions:                             978            20857    interval
c reordered:                               61           334397    interval
c rephased:                                71           287299    interval
c restarts:                            457909               45    interval
c strengthened:                           506                0 %  checks
c switched:                               105           194269    interval
c vivified:                           1042266               47 %  checks
c walks:                                   24           849927    interval
c
c ---- [ proof ] -------------------------------------------------------------
c
c proof_added:                       20810169               50 %  per line
c proof_bytes:                     2185232384             2084 MB 
c proof_deleted:                     20711319               50 %  per line
c
c ---- [ glue usage ] --------------------------------------------------------
c
c focused glue 2   used 10275419 clauses 28.67% accumulated 51.82% tier1
c focused glue 3   used  3913196 clauses 10.92% accumulated 62.74%
c focused glue 4-8 used  8188276 clauses 22.85% accumulated 85.58%
c focused glue 9   used  1530553 clauses  4.27% accumulated 89.85%
c focused glue 10  used  1112788 clauses  3.10% accumulated 92.96% tier2
c
c stable glue 4    used  2541843 clauses  6.03% accumulated 51.99% tier1
c stable glue 5    used  2153198 clauses  5.11% accumulated 57.10%
c stable glue 6-12 used 12320437 clauses 29.25% accumulated 86.35%
c stable glue 13   used  1132384 clauses  2.69% accumulated 89.04%
c stable glue 14   used   940243 clauses  2.23% accumulated 91.27% tier2
c
c ---- [ resources ] ---------------------------------------------------------
c
c maximum-resident-set-size:         55652352 bytes         53 MB
c process-time:                            30m            1799.74 seconds
c raising signal 15 (SIGTERM)
